MOST_SEVERE_INJURY,RD_NO,CRASH_DATE_EST_I,POSTED_SPEED_LIMIT,TRAFFIC_CONTROL_DEVICE,DEVICE_CONDITION,WEATHER_CONDITION,LIGHTING_CONDITION,FIRST_CRASH_TYPE,TRAFFICWAY_TYPE,LANE_CNT,ALIGNMENT,ROADWAY_SURFACE_COND,ROAD_DEFECT,CRASH_TYPE,INTERSECTION_RELATED_I,NOT_RIGHT_OF_WAY_I,HIT_AND_RUN_I,PRIM_CONTRIBUTORY_CAUSE,SEC_CONTRIBUTORY_CAUSE,BEAT_OF_OCCURRENCE,PHOTOS_TAKEN_I,STATEMENTS_TAKEN_I,DOORING_I,WORK_ZONE_I,WORK_ZONE_TYPE,WORKERS_PRESENT_I,NUM_UNITS,INJURIES_TOTAL,INJURIES_FATAL,INJURIES_INCAPACITATING,INJURIES_NON_INCAPACITATING,INJURIES_REPORTED_NOT_EVIDENT,INJURIES_NO_INDICATION,INJURIES_UNKNOWN,CRASH_HOUR,CRASH_DAY_OF_WEEK,CRASH_MONTH,LATITUDE,LONGITUDE
0,444548,-1,30,0,0,0,1,14,2,2,0,0,0,0,0,-1,-1,23,-1,2411,-1,-1,-1,-1,-1,-1,2,0,0,0,0,0,2,0,8,6,9,42.01202021,-87.70670986
0,444527,-1,30,1,2,0,1,14,2,2,0,0,0,0,1,-1,1,17,-1,1732,-1,-1,-1,-1,-1,-1,2,0,0,0,0,0,2,0,8,6,9,41.95336558,-87.72746259
0,444549,0,25,2,2,0,1,12,6,-1,0,0,0,1,-1,-1,-1,0,-1,2422,-1,-1,-1,-1,-1,-1,2,0,0,0,0,0,2,0,8,6,9,42.01827255,-87.66847836
0,444532,-1,30,1,2,1,1,10,2,4,0,0,0,1,1,-1,-1,16,0,524,-1,-1,-1,-1,-1,-1,2,0,0,0,0,0,2,0,8,6,9,41.67770291,-87.64205894
0,444690,-1,30,2,2,0,1,0,5,2,0,0,0,0,1,0,-1,0,0,1112,-1,-1,-1,-1,-1,-1,2,0,0,0,0,0,2,0,8,6,9,41.89549951,-87.72369955
0,444701,-1,30,0,0,0,1,7,12,0,0,-1,-1,0,-1,-1,-1,20,-1,2221,-1,-1,-1,-1,-1,-1,2,0,0,0,0,0,4,0,8,6,9,41.73059338,-87.66305763
0,444589,-1,10,0,0,1,1,12,4,-1,0,0,0,0,-1,1,-1,0,-1,2221,-1,-1,-1,-1,-1,-1,2,0,0,0,0,0,2,0,8,6,9,41.73059338,-87.66305763
0,444560,-1,30,1,2,0,1,14,2,-1,0,0,0,0,1,-1,-1,17,17,1632,-1,-1,-1,-1,-1,-1,2,0,0,0,0,0,2,0,8,6,9,41.94557327,-87.79584396
0,444562,-1,35,0,0,0,1,10,2,-1,0,0,0,0,-1,-1,-1,18,18,923,-1,-1,-1,-1,-1,-1,2,0,0,0,0,0,2,0,8,6,9,41.79739475,-87.68427296
0,444512,-1,30,1,2,0,1,12,5,2,0,0,0,0,-1,-1,1,21,0,1132,-1,1,-1,-1,-1,-1,2,0,0,0,0,0,4,0,8,6,9,41.87704459,-87.7253977
0,445136,-1,30,-1,-1,0,1,0,-1,1,0,0,-1,0,-1,-1,-1,-1,-1,923,-1,-1,-1,-1,-1,-1,2,0,0,0,0,0,2,0,8,6,9,41.79913212,-87.69043314
0,444678,-1,30,0,0,0,1,7,7,1,0,0,0,0,-1,-1,1,0,-1,1633,-1,-1,-1,-1,-1,-1,2,0,0,0,0,0,1,0,8,6,9,41.94215439,-87.77650575
0,444519,-1,30,1,2,0,1,12,5,-1,0,0,0,0,-1,-1,-1,18,-1,1013,-1,-1,-1,-1,-1,-1,2,0,0,0,0,0,2,0,8,6,9,41.8478478,-87.73357284
2,445130,-1,30,1,2,0,1,10,5,-1,0,0,0,1,-1,-1,-1,0,-1,831,-1,-1,-1,-1,-1,-1,2,1,0,0,1,0,1,0,8,6,9,41.76418522,-87.70266124
0,444828,-1,30,0,0,0,1,7,6,-1,0,0,0,0,-1,-1,1,17,-1,923,-1,-1,-1,-1,-1,-1,2,0,0,0,0,0,1,0,8,6,9,41.80099917,-87.68804569
0,444813,-1,30,0,0,0,1,10,5,-1,0,0,0,0,-1,-1,-1,18,0,1412,-1,-1,-1,-1,-1,-1,2,0,0,0,0,0,3,0,8,6,9,41.93910725,-87.7173355
0,444547,-1,30,1,2,0,1,14,12,-1,0,0,0,0,-1,-1,1,0,-1,215,-1,-1,-1,-1,-1,-1,2,0,0,0,0,0,2,0,8,6,9,41.80942004,-87.62129624
3,444518,-1,30,1,2,0,1,14,5,2,0,0,0,1,1,-1,-1,17,17,332,-1,-1,-1,-1,-1,-1,2,2,0,2,0,0,0,0,7,6,9,41.76970786,-87.57654226
0,444508,-1,30,12,2,0,1,10,12,4,0,0,0,0,1,-1,-1,16,16,632,-1,-1,-1,-1,-1,-1,2,0,0,0,0,0,3,0,7,6,9,41.73620947,-87.62430552
0,444499,-1,30,1,2,0,1,10,6,3,0,0,0,0,-1,-1,-1,0,0,232,-1,-1,-1,-1,-1,-1,2,0,0,0,0,0,2,0,7,6,9,-1,-1
1,444489,-1,30,2,2,0,1,0,5,4,0,0,0,1,1,-1,-1,17,17,211,-1,-1,-1,-1,-1,-1,2,2,0,0,0,2,2,0,7,6,9,41.8345126,-87.62989545
0,484368,-1,30,0,0,0,1,0,5,2,0,0,0,0,-1,-1,-1,0,0,1633,-1,-1,-1,-1,-1,-1,2,0,0,0,0,0,2,0,7,6,9,41.94509721,-87.76441618
0,444620,-1,30,0,0,0,1,12,2,4,0,0,0,0,-1,-1,1,21,0,1111,-1,-1,-1,-1,-1,-1,2,0,0,0,0,0,2,0,7,6,9,41.8987345,-87.74574493
0,444531,-1,30,1,2,0,1,11,5,2,0,0,0,0,1,-1,-1,-1,-1,2512,-1,-1,-1,-1,-1,-1,2,0,0,0,0,0,4,0,7,6,9,41.92275139,-87.78541631
0,444510,-1,0,0,0,0,1,12,2,4,0,0,0,0,-1,-1,1,21,-1,624,-1,-1,-1,-1,-1,-1,2,0,0,0,0,0,2,0,7,6,9,41.7519405,-87.60536808
2,444500,-1,30,0,0,0,1,9,5,2,0,0,0,1,-1,-1,1,16,14,712,-1,-1,-1,-1,-1,-1,2,1,0,0,1,0,1,0,7,6,9,41.7824901,-87.6495678
0,444482,-1,30,2,2,0,1,0,5,4,0,0,0,1,1,-1,-1,17,5,1215,-1,1,-1,-1,-1,-1,2,0,0,0,0,0,2,0,7,6,9,41.88790207,-87.66961671
0,445496,-1,30,-1,-1,-1,1,12,5,2,0,-1,-1,0,-1,-1,-1,-1,-1,1034,-1,-1,-1,-1,-1,-1,2,0,0,0,0,0,4,0,7,6,9,41.8402091,-87.68510611
2,444479,-1,30,0,0,0,1,12,5,2,0,0,0,1,-1,-1,1,0,-1,711,-1,-1,-1,-1,-1,-1,3,1,0,0,1,0,1,0,7,6,9,41.78698288,-87.64097971
0,446313,-1,30,0,0,0,1,7,5,2,0,0,0,0,-1,-1,1,20,-1,2012,-1,-1,-1,-1,-1,-1,2,0,0,0,0,0,1,0,7,6,9,41.97855215,-87.67228486
0,444603,-1,30,0,0,0,1,12,2,2,0,0,0,0,-1,-1,-1,0,-1,1111,-1,-1,-1,-1,-1,-1,2,0,0,0,0,0,2,0,7,6,9,41.89969526,-87.7457675
0,444504,-1,30,0,0,0,1,12,5,4,0,0,0,0,-1,-1,-1,21,11,1921,-1,-1,-1,-1,-1,-1,2,0,0,0,0,0,6,0,7,6,9,41.94660121,-87.6940903
0,444501,-1,30,2,2,0,1,0,2,-1,0,0,0,0,1,-1,-1,17,-1,914,-1,-1,-1,-1,-1,-1,2,0,0,0,0,0,2,0,7,6,9,41.8416423,-87.63311772
0,444497,-1,30,0,0,0,1,12,5,-1,0,0,-1,0,-1,-1,-1,0,0,1915,-1,-1,-1,-1,-1,-1,2,0,0,0,0,0,2,0,7,6,9,41.95454578,-87.65069277
2,444491,-1,20,0,0,0,1,8,5,-1,3,0,0,1,-1,-1,1,17,25,2031,-1,-1,-1,-1,-1,-1,2,1,0,0,1,0,1,0,7,6,9,41.97061151,-87.68997672
0,444483,1,20,0,0,0,-1,7,6,-1,0,0,0,0,-1,-1,-1,11,-1,1713,1,1,-1,-1,-1,-1,2,0,0,0,0,0,1,0,7,6,9,41.97049801,-87.7059423
2,444623,-1,30,0,0,0,1,14,6,2,0,0,0,1,-1,-1,1,0,-1,111,-1,-1,-1,-1,-1,-1,2,1,0,0,1,0,1,0,7,6,9,41.88563116,-87.63046769
0,444534,-1,30,0,0,0,1,12,2,-1,0,0,0,0,-1,-1,1,22,-1,624,-1,-1,-1,-1,-1,-1,2,0,0,0,0,0,2,0,7,6,9,41.7519405,-87.60536808
2,445473,-1,30,0,0,0,1,10,5,-1,0,0,0,1,-1,-1,-1,-1,-1,833,-1,-1,-1,-1,-1,-1,3,2,0,0,2,0,2,0,7,6,9,41.75504428,-87.72231551
0,444792,-1,30,1,2,0,1,12,3,-1,0,0,0,0,-1,-1,1,17,-1,1921,-1,-1,-1,-1,-1,-1,2,0,0,0,0,0,2,0,7,6,9,41.95404334,-87.67901043
0,444525,-1,30,0,0,0,2,7,6,-1,2,0,0,0,-1,-1,1,0,-1,2222,-1,-1,-1,-1,-1,-1,2,0,0,0,0,0,1,0,7,6,9,41.72615689,-87.65078439
0,444476,-1,30,0,0,0,1,14,5,-1,0,0,0,0,-1,-1,-1,0,-1,1932,-1,-1,-1,-1,-1,-1,2,0,0,0,0,0,2,0,7,6,9,41.93230521,-87.66749827
0,444462,-1,30,0,0,0,1,10,3,5,0,1,0,0,-1,-1,-1,16,18,2223,-1,-1,-1,-1,-1,-1,2,0,0,0,0,0,2,0,7,6,9,41.73589799,-87.64317625
0,444496,-1,30,0,0,0,1,12,5,-1,0,0,0,0,-1,-1,1,0,0,2522,-1,-1,-1,-1,-1,-1,2,0,0,0,0,0,2,0,6,6,9,41.91750673,-87.73619455
1,444450,-1,30,1,2,0,1,10,2,-1,0,0,-1,1,-1,-1,0,0,-1,1024,-1,-1,-1,-1,-1,-1,2,1,0,0,0,1,3,0,6,6,9,41.85032125,-87.70535789
0,444675,-1,25,0,0,0,1,7,6,-1,0,0,0,0,-1,-1,-1,0,0,1834,-1,-1,-1,-1,-1,-1,2,0,0,0,0,0,1,0,6,6,9,41.8949033,-87.62074373
0,444530,-1,35,2,2,0,1,0,2,-1,0,0,0,0,-1,-1,1,0,0,813,-1,-1,-1,-1,-1,-1,2,0,0,0,0,0,2,0,6,6,9,41.77677818,-87.72285872
0,444454,-1,35,0,0,0,1,12,3,6,0,0,0,0,-1,-1,-1,0,27,815,-1,-1,-1,-1,-1,-1,2,0,0,0,0,0,2,0,6,6,9,41.81427216,-87.74319059
0,444451,-1,30,1,2,0,1,14,5,3,0,0,0,0,-1,-1,-1,23,22,1623,-1,-1,-1,-1,-1,-1,2,0,0,0,0,0,3,0,6,6,9,41.96980288,-87.7673959
0,445504,-1,30,0,0,0,1,10,5,2,0,0,0,0,-1,-1,1,0,0,122,-1,-1,-1,-1,-1,-1,2,0,0,0,0,0,2,0,6,6,9,41.88224051,-87.63369063
2,444447,-1,40,1,2,0,2,14,2,-1,0,0,0,1,1,-1,-1,6,-1,922,-1,-1,-1,-1,-1,-1,2,2,0,0,2,0,1,0,6,6,9,41.80837841,-87.68457072
0,444463,-1,35,12,2,1,3,12,3,22,3,1,0,0,-1,1,-1,21,0,423,-1,-1,-1,1,2,-1,2,0,0,0,0,0,4,0,6,6,9,-1,-1
0,444712,-1,30,0,0,2,1,7,5,-1,0,1,0,0,-1,-1,-1,0,0,414,-1,-1,-1,-1,-1,-1,2,0,0,0,0,0,1,0,6,6,9,41.75424645,-87.57619102
0,444439,-1,30,0,0,0,3,7,2,2,0,0,0,0,-1,-1,-1,23,16,1215,-1,-1,-1,-1,-1,-1,2,0,0,0,0,0,1,0,6,6,9,41.89104571,-87.67014588
3,444429,-1,25,0,0,0,2,10,5,4,0,0,0,1,-1,-1,-1,0,0,822,-1,-1,-1,-1,-1,-1,2,1,0,1,0,0,1,0,6,6,9,41.79144298,-87.72296408
0,448340,-1,30,0,0,0,3,10,5,-1,0,0,-1,0,-1,-1,1,0,0,1834,-1,-1,-1,-1,-1,-1,2,0,0,0,0,0,2,0,6,6,9,41.89274552,-87.618067
2,445436,-1,30,0,0,0,2,10,5,-1,0,0,-1,1,-1,-1,-1,0,0,1621,-1,-1,-1,-1,-1,-1,2,1,0,0,1,0,1,0,6,6,9,41.99377295,-87.75886795
0,444428,-1,30,0,0,0,3,14,5,-1,0,0,0,0,-1,-1,1,17,-1,1513,-1,-1,-1,-1,-1,-1,2,0,0,0,0,0,2,0,5,6,9,41.87034652,-87.77412878
1,444426,-1,30,9,-1,0,3,10,2,2,0,1,0,1,-1,-1,1,-1,-1,835,-1,-1,-1,-1,-1,-1,2,1,0,0,0,1,1,0,5,6,9,41.75157075,-87.70259286
0,444453,-1,30,2,2,0,2,0,6,-1,0,0,0,0,1,-1,-1,10,17,1115,-1,-1,-1,-1,-1,-1,2,0,0,0,0,0,2,0,5,6,9,41.8797817,-87.73311707
0,444423,-1,30,0,0,0,0,12,5,2,0,0,0,0,-1,-1,-1,17,17,124,-1,-1,-1,-1,-1,-1,2,0,0,0,0,0,2,0,5,6,9,41.87088109,-87.63946029
2,444420,-1,35,1,2,0,3,3,5,4,0,0,0,1,1,-1,-1,6,-1,1621,-1,-1,-1,-1,-1,-1,2,2,0,0,2,0,0,0,5,6,9,41.99621451,-87.7640993
3,444401,-1,45,0,0,0,3,2,3,8,3,0,1,1,-1,-1,-1,0,-1,211,-1,-1,-1,-1,-1,-1,1,2,0,1,1,0,1,0,4,6,9,41.83713178,-87.60838597
0,444399,-1,20,0,0,0,3,7,6,-1,0,0,0,1,-1,-1,1,25,0,1131,-1,-1,-1,-1,-1,-1,3,0,0,0,0,0,1,0,4,6,9,41.87435961,-87.7339227
0,444397,-1,25,0,0,0,3,7,5,-1,0,0,0,0,-1,-1,-1,-1,-1,834,-1,-1,-1,-1,-1,-1,2,0,0,0,0,0,1,0,4,6,9,41.74039424,-87.71231381
0,473912,-1,25,0,0,-1,0,7,6,1,0,-1,-1,0,-1,-1,1,16,0,1911,-1,-1,-1,-1,-1,-1,2,0,0,0,0,0,1,0,4,6,9,41.9590696,-87.68390583
2,444395,-1,20,2,2,0,0,2,5,2,0,0,0,1,1,1,-1,14,16,522,-1,-1,-1,-1,-1,-1,1,1,0,0,1,0,0,0,3,6,9,41.6814344,-87.6335204
0,444388,-1,30,1,2,0,3,14,5,-1,0,0,0,1,1,-1,-1,23,-1,113,-1,-1,-1,-1,-1,-1,2,0,0,0,0,0,2,0,3,6,9,41.87579637,-87.62613976
0,447838,1,30,0,0,0,3,7,5,-1,0,0,0,0,-1,-1,1,0,-1,1412,-1,-1,-1,-1,-1,-1,2,0,0,0,0,0,1,0,3,6,9,41.93206931,-87.71322404
1,444348,-1,30,6,2,0,3,14,5,2,0,0,0,1,-1,-1,-1,22,16,434,-1,-1,-1,-1,-1,-1,2,1,0,0,0,1,2,0,1,6,9,41.67386601,-87.56180312
2,444326,-1,30,0,0,0,3,8,2,4,0,0,0,1,-1,-1,-1,17,17,1822,-1,-1,1,-1,-1,-1,3,2,0,0,2,0,1,0,1,6,9,41.89910985,-87.64773276
0,444342,-1,30,-1,-1,0,3,2,5,2,0,-1,12,0,-1,-1,-1,19,-1,1224,-1,-1,-1,-1,-1,-1,1,0,0,0,0,0,1,0,0,6,9,41.88485746,-87.64876421
-1,444309,-1,30,1,2,0,4,0,5,4,0,0,0,1,1,-1,-1,6,14,1222,-1,-1,-1,0,-1,-1,-1,-1,-1,-1,-1,-1,-1,-1,0,6,9,41.8829063,-87.70140236
2,444310,-1,30,0,0,0,3,7,5,2,0,0,0,1,1,-1,-1,32,14,1231,-1,-1,-1,-1,-1,-1,3,1,0,0,1,0,0,0,0,6,9,41.87219766,-87.66158018
0,444304,-1,20,0,0,0,3,14,5,-1,0,0,0,0,1,-1,-1,16,18,633,-1,-1,-1,0,-1,-1,3,0,0,0,0,0,3,0,0,6,9,41.72487945,-87.60953119
0,444627,-1,15,2,0,0,0,0,6,3,0,0,0,0,1,-1,-1,5,0,1014,-1,-1,-1,-1,-1,-1,2,0,0,0,0,0,2,0,0,6,9,41.85719433,-87.72121658
0,444308,-1,30,0,0,0,3,11,6,2,0,0,0,1,-1,-1,-1,10,-1,122,-1,-1,-1,-1,-1,-1,2,0,0,0,0,0,2,0,0,6,9,41.88435558,-87.63463655
0,444283,-1,30,0,-1,0,3,14,2,3,0,0,0,0,1,-1,0,6,-1,1121,-1,-1,-1,-1,-1,-1,2,0,0,0,0,0,2,0,23,5,9,41.89561585,-87.71149859
0,444277,-1,30,0,0,0,3,7,5,2,0,0,0,0,-1,-1,1,11,16,2423,-1,-1,-1,-1,-1,-1,2,0,0,0,0,0,1,0,23,5,9,42.01280905,-87.6678807
0,444268,-1,30,0,0,0,3,10,5,-1,0,0,0,0,-1,-1,-1,20,-1,1113,-1,-1,-1,-1,-1,-1,2,0,0,0,0,0,6,0,23,5,9,41.88199919,-87.73886492
0,444245,-1,35,0,0,0,3,7,2,4,0,0,0,0,-1,-1,1,16,0,814,-1,-1,-1,-1,-1,-1,2,0,0,0,0,0,1,0,22,5,9,41.79298824,-87.75313314
0,444269,-1,0,0,1,0,0,5,8,2,0,0,0,0,-1,1,-1,0,-1,1832,-1,-1,-1,-1,-1,-1,1,0,0,0,0,0,1,0,22,5,9,41.89816037,-87.62838711
3,444223,-1,30,-1,-1,0,3,10,2,2,0,0,-1,1,-1,-1,-1,18,-1,921,-1,-1,-1,-1,-1,-1,2,2,0,1,1,0,1,0,22,5,9,41.82179969,-87.69477373
0,444249,-1,30,-1,-1,0,4,7,-1,-1,0,0,0,0,-1,-1,-1,20,-1,1132,-1,-1,-1,-1,-1,-1,2,0,0,0,0,0,1,0,22,5,9,41.87621408,-87.73137884
0,444206,-1,30,0,0,0,3,12,3,4,0,0,0,0,-1,-1,-1,33,-1,813,-1,-1,-1,1,2,-1,2,0,0,0,0,0,2,0,21,5,9,41.79128371,-87.74169687
2,444189,-1,25,2,2,0,3,9,2,2,0,0,0,1,-1,-1,1,17,5,2422,-1,-1,-1,-1,-1,-1,2,1,0,0,1,0,1,0,21,5,9,42.01716077,-87.67017804
0,444761,-1,35,0,0,0,3,10,3,-1,0,0,0,0,-1,-1,-1,18,18,814,-1,-1,-1,-1,-1,-1,2,0,0,0,0,0,2,0,21,5,9,41.79627518,-87.74299148
2,444178,-1,30,0,0,0,3,8,2,1,0,0,0,1,-1,-1,-1,33,-1,1434,-1,-1,-1,-1,-1,-1,2,1,0,0,1,0,1,0,21,5,9,41.91334247,-87.68182248
0,444210,-1,30,0,0,0,3,0,5,-1,0,0,0,0,-1,-1,-1,-1,-1,2522,-1,-1,-1,-1,-1,-1,2,0,0,0,0,0,2,0,21,5,9,41.92370876,-87.73638972
0,444259,-1,30,0,0,0,3,7,6,-1,0,0,0,0,-1,-1,-1,0,0,333,-1,-1,-1,-1,-1,-1,2,0,0,0,0,0,2,0,21,5,9,41.76437276,-87.5770808
0,444240,-1,30,2,2,0,3,14,5,4,0,0,0,0,1,-1,-1,0,0,1432,-1,-1,-1,-1,-1,-1,2,0,0,0,0,0,4,0,21,5,9,41.91796074,-87.67270437
2,444176,-1,30,1,2,0,3,14,3,-1,0,0,0,1,1,-1,-1,17,-1,413,-1,-1,-1,-1,-1,-1,3,1,0,0,1,0,2,0,20,5,9,41.72951813,-87.58563641
0,444140,-1,30,0,0,0,0,7,5,-1,0,0,0,1,-1,-1,1,0,-1,624,-1,-1,-1,-1,-1,-1,2,0,0,0,0,0,1,0,20,5,9,41.75846098,-87.60579488
0,446104,-1,30,0,0,0,0,10,5,4,0,0,0,0,-1,-1,-1,18,18,1432,-1,-1,-1,-1,-1,-1,2,0,0,0,0,0,2,0,20,5,9,41.92271137,-87.68742756
0,446791,-1,0,0,0,-1,-1,7,6,2,0,-1,-1,0,-1,-1,1,21,0,333,-1,-1,-1,-1,-1,-1,2,0,0,0,0,0,1,0,20,5,9,41.76596858,-87.57799275
0,444261,1,15,0,0,0,3,12,6,2,0,-1,-1,0,-1,-1,1,21,0,1654,1,-1,-1,-1,-1,-1,2,0,0,0,0,0,2,0,20,5,9,-1,-1
0,444161,-1,30,0,0,0,3,7,6,1,0,0,0,1,-1,-1,-1,8,-1,324,-1,-1,-1,-1,-1,-1,2,0,0,0,0,0,3,0,20,5,9,41.76454999,-87.57948217
2,444142,-1,20,1,2,0,3,8,5,4,0,0,-1,1,1,-1,-1,0,-1,1214,-1,-1,-1,-1,-1,-1,2,1,0,0,1,0,1,0,20,5,9,41.88669488,-87.64420192
2,444122,-1,30,0,0,0,3,12,5,1,0,0,0,1,-1,-1,-1,17,0,215,-1,-1,-1,-1,-1,-1,2,2,0,0,1,1,1,0,20,5,9,41.80942389,-87.6209518
0,464783,-1,30,0,0,0,3,5,5,4,0,0,1,0,-1,-1,-1,0,-1,1733,-1,-1,-1,-1,-1,-1,1,0,0,0,0,0,1,0,20,5,9,41.94673476,-87.70860977
0,447831,-1,25,0,0,-1,0,7,5,1,0,0,0,0,-1,-1,1,0,-1,2234,-1,-1,-1,-1,-1,-1,2,0,0,0,0,0,1,0,20,5,9,41.6977474,-87.65582041
0,444166,-1,30,0,0,0,3,7,2,-1,0,0,0,1,-1,-1,-1,11,-1,1634,-1,-1,-1,-1,-1,-1,2,0,0,0,0,0,1,0,20,5,9,41.95323254,-87.75360459
0,444165,-1,0,1,-1,-1,0,10,2,2,0,-1,-1,0,1,-1,1,0,0,213,-1,-1,-1,-1,-1,-1,2,0,0,0,0,0,2,0,20,5,9,41.82377275,-87.61714202
2,444117,-1,30,0,0,0,3,9,2,2,0,0,0,1,-1,-1,-1,0,-1,1412,-1,-1,-1,-1,-1,-1,2,1,0,0,1,0,1,0,20,5,9,41.93082349,-87.71004719
0,444107,-1,35,1,2,0,3,0,5,2,0,0,1,1,1,-1,-1,6,-1,1524,-1,-1,-1,-1,-1,-1,2,0,0,0,0,0,5,0,20,5,9,41.89848993,-87.75583509
0,447551,-1,0,0,0,0,4,7,12,-1,0,0,0,0,-1,1,-1,-1,-1,726,-1,-1,-1,-1,-1,-1,2,0,0,0,0,0,1,0,20,5,9,41.76927822,-87.67257957
0,445424,1,30,-1,-1,-1,-1,7,5,1,0,-1,-1,0,-1,-1,1,-1,-1,2521,-1,-1,-1,-1,-1,-1,2,0,0,0,0,0,1,0,20,5,9,41.92948753,-87.75569145
0,445253,-1,30,0,0,0,-1,7,2,2,0,0,0,0,-1,-1,-1,11,0,423,-1,-1,-1,-1,-1,-1,2,0,0,0,0,0,1,0,20,5,9,41.72839632,-87.55136156
0,444100,-1,30,0,0,0,0,12,5,-1,0,0,0,0,-1,-1,1,22,-1,1121,-1,-1,-1,-1,-1,-1,2,0,0,0,0,0,2,0,20,5,9,41.89555016,-87.71158416
0,444096,-1,30,2,2,0,3,14,5,4,0,0,0,0,-1,-1,-1,0,-1,1723,-1,-1,-1,-1,-1,-1,2,0,0,0,0,0,2,0,19,5,9,41.95377451,-87.72645871
0,444108,-1,35,0,0,0,3,8,2,2,0,0,0,0,-1,-1,-1,17,23,1913,-1,-1,-1,-1,-1,-1,2,0,0,0,0,0,2,0,19,5,9,41.96792094,-87.66714964
0,444088,-1,30,0,0,0,3,0,0,-1,0,0,0,0,-1,-1,-1,0,0,1813,-1,-1,-1,-1,-1,-1,2,0,0,0,0,0,2,0,19,5,9,41.91609079,-87.6519318
0,444135,-1,30,0,0,0,2,12,5,2,0,0,0,0,-1,-1,1,-1,-1,1811,-1,-1,-1,-1,-1,-1,2,0,0,0,0,0,2,0,19,5,9,41.92526498,-87.65366936
0,444461,-1,30,0,0,0,4,14,5,4,0,0,0,0,-1,-1,-1,0,0,1624,-1,-1,-1,-1,-1,-1,2,0,0,0,0,0,2,0,19,5,9,41.95326311,-87.76931122
0,446501,-1,30,0,0,0,3,0,5,-1,0,0,-1,0,1,-1,-1,17,17,533,-1,-1,-1,-1,-1,-1,2,0,0,0,0,0,2,0,19,5,9,41.65910446,-87.61517919
0,445571,-1,30,0,0,0,1,7,5,-1,0,0,0,0,-1,-1,-1,0,0,1623,-1,-1,-1,-1,-1,-1,2,0,0,0,0,0,2,0,19,5,9,41.9607672,-87.76710408
0,444344,-1,30,0,0,0,0,14,5,4,0,-1,-1,0,-1,-1,-1,0,0,1624,-1,-1,-1,-1,-1,-1,2,0,0,0,0,0,3,0,19,5,9,41.9531727,-87.77656909
0,444119,-1,15,0,0,0,1,10,7,-1,0,0,0,0,-1,-1,-1,17,-1,2514,-1,-1,-1,-1,-1,-1,2,0,0,0,0,0,2,0,19,5,9,41.93745387,-87.76292893
0,444059,-1,30,3,2,0,0,11,2,2,0,0,0,1,-1,-1,-1,32,10,212,-1,-1,-1,-1,-1,-1,2,0,0,0,0,0,3,0,19,5,9,41.82491233,-87.60211749
2,444085,-1,30,0,0,0,3,8,5,2,0,0,-1,1,-1,-1,1,0,0,1712,-1,-1,-1,-1,-1,-1,2,1,0,0,1,0,1,0,19,5,9,41.96945082,-87.71354128
0,444094,-1,30,2,2,0,3,7,6,1,0,0,0,0,1,-1,1,22,23,422,-1,1,-1,-1,-1,-1,2,0,0,0,0,0,1,0,19,5,9,41.74832181,-87.55297765
2,444052,-1,0,0,0,0,3,8,12,-1,0,0,0,1,-1,-1,-1,0,0,2534,-1,-1,-1,-1,-1,-1,2,1,0,0,1,0,1,0,19,5,9,41.91170094,-87.73525152
0,444098,-1,30,0,0,0,4,12,3,-1,0,0,0,0,-1,-1,-1,22,-1,1651,-1,-1,-1,-1,-1,-1,2,0,0,0,0,0,2,0,19,5,9,41.97620114,-87.90530913
1,451917,-1,30,1,2,0,1,10,5,-1,0,0,0,1,1,-1,-1,18,-1,332,-1,-1,-1,-1,-1,-1,2,1,0,0,0,1,1,0,18,5,9,41.7732929,-87.58644237
2,448001,-1,30,0,0,0,3,8,5,2,0,0,0,1,-1,-1,-1,25,0,1933,-1,-1,1,-1,-1,-1,2,1,0,0,1,0,1,0,18,5,9,41.93534718,-87.66239988
0,444013,-1,30,0,0,0,1,10,5,-1,0,0,0,0,-1,-1,1,-1,-1,823,-1,-1,-1,-1,-1,-1,2,0,0,0,0,0,3,0,18,5,9,41.7805627,-87.72021387
0,445517,-1,30,0,0,0,1,7,5,-1,0,0,0,0,-1,-1,-1,25,-1,1111,-1,-1,-1,-1,-1,-1,2,0,0,0,0,0,1,0,18,5,9,41.89545646,-87.72623054
1,444011,-1,30,0,0,0,4,7,5,2,0,0,0,1,-1,-1,-1,27,0,1915,-1,-1,-1,-1,-1,-1,2,1,0,0,0,1,0,0,18,5,9,41.95546902,-87.65096117
0,444099,-1,30,0,0,0,1,7,2,2,0,0,0,0,-1,-1,-1,0,0,2532,-1,-1,-1,-1,-1,-1,2,0,0,0,0,0,1,0,18,5,9,41.90228768,-87.76242023
0,444452,-1,25,-1,-1,0,4,7,5,2,0,0,0,0,-1,-1,1,-1,-1,414,-1,-1,-1,-1,-1,-1,2,0,0,0,0,0,1,0,18,5,9,41.7483936,-87.56632397
0,443980,-1,30,1,2,0,1,10,2,4,0,0,0,0,-1,-1,-1,18,0,1432,-1,1,-1,-1,-1,-1,2,0,0,0,0,0,2,0,18,5,9,41.93044609,-87.68769718
0,444005,-1,25,1,2,0,1,12,2,-1,0,0,0,0,1,-1,1,21,0,1922,-1,-1,-1,-1,-1,-1,2,0,0,0,0,0,2,0,18,5,9,41.94709973,-87.66892175
0,443981,-1,35,0,0,0,4,12,5,4,0,0,0,0,-1,-1,-1,0,0,1633,-1,-1,-1,-1,-1,-1,2,0,0,0,0,0,2,0,18,5,9,41.95303003,-87.76997892
0,444060,-1,30,0,0,0,3,10,5,-1,0,0,0,0,-1,-1,1,22,0,1234,-1,-1,-1,-1,-1,-1,2,0,0,0,0,0,5,0,18,5,9,41.85861486,-87.67616737