MOST_SEVERE_INJURY,RD_NO,CRASH_DATE_EST_I,POSTED_SPEED_LIMIT,TRAFFIC_CONTROL_DEVICE,DEVICE_CONDITION,WEATHER_CONDITION,LIGHTING_CONDITION,FIRST_CRASH_TYPE,TRAFFICWAY_TYPE,LANE_CNT,ALIGNMENT,ROADWAY_SURFACE_COND,ROAD_DEFECT,CRASH_TYPE,INTERSECTION_RELATED_I,NOT_RIGHT_OF_WAY_I,HIT_AND_RUN_I,PRIM_CONTRIBUTORY_CAUSE,SEC_CONTRIBUTORY_CAUSE,BEAT_OF_OCCURRENCE,PHOTOS_TAKEN_I,STATEMENTS_TAKEN_I,DOORING_I,WORK_ZONE_I,WORK_ZONE_TYPE,WORKERS_PRESENT_I,NUM_UNITS,INJURIES_TOTAL,INJURIES_FATAL,INJURIES_INCAPACITATING,INJURIES_NON_INCAPACITATING,INJURIES_REPORTED_NOT_EVIDENT,INJURIES_NO_INDICATION,INJURIES_UNKNOWN,CRASH_HOUR,CRASH_DAY_OF_WEEK,CRASH_MONTH,LATITUDE,LONGITUDE
0,443957,-1,30,1,2,0,1,10,5,-1,0,0,0,0,1,-1,-1,0,-1,1921,-1,-1,-1,-1,-1,-1,2,0,0,0,0,0,5,0,18,5,9,41.94318737,-87.68830202
0,444174,0,30,0,0,0,1,7,2,2,0,0,0,0,-1,-1,1,0,-1,1623,-1,-1,-1,-1,-1,-1,2,0,0,0,0,0,1,0,18,5,9,41.96798216,-87.76032673
0,444021,1,30,1,2,0,1,10,5,-1,0,0,0,0,-1,-1,-1,18,-1,1711,-1,-1,-1,-1,-1,-1,3,0,0,0,0,0,3,0,18,5,9,41.99722719,-87.71251468
0,444012,-1,30,1,2,0,1,10,6,3,0,0,0,0,-1,-1,1,17,17,231,-1,-1,-1,-1,-1,-1,2,0,0,0,0,0,3,0,18,5,9,41.79478399,-87.62232119
0,444125,-1,35,0,0,0,1,3,7,-1,0,0,0,0,-1,-1,-1,20,-1,211,-1,-1,-1,-1,-1,-1,2,0,0,0,0,0,2,0,18,5,9,41.83141269,-87.61682419
0,456298,-1,30,0,0,-1,-1,10,5,2,0,0,0,0,-1,-1,-1,0,-1,2011,-1,-1,-1,-1,-1,-1,2,0,0,0,0,0,2,0,18,5,9,41.99017216,-87.68980927
0,453464,1,25,0,0,0,1,7,5,-1,0,0,0,0,-1,-1,-1,0,0,624,-1,-1,-1,-1,-1,-1,2,0,0,0,0,0,1,0,18,5,9,41.75815927,-87.60552438
0,453078,-1,35,0,0,0,1,7,5,-1,0,0,0,0,-1,-1,-1,0,0,1723,-1,-1,-1,-1,-1,-1,2,0,0,0,0,0,1,0,18,5,9,41.95942102,-87.71323563
3,443995,-1,30,1,2,0,1,9,2,-1,0,0,0,1,-1,-1,-1,17,-1,1212,-1,-1,-1,-1,-1,-1,2,1,0,1,0,0,1,0,18,5,9,41.89589286,-87.68452231
0,443972,-1,30,0,0,0,1,12,5,2,0,0,0,1,-1,-1,-1,21,0,235,-1,-1,-1,1,2,-1,2,0,0,0,0,0,2,0,18,5,9,41.79435394,-87.58378293
0,443967,-1,30,1,2,0,1,14,6,2,0,0,0,0,1,-1,-1,11,-1,1935,-1,-1,-1,-1,-1,-1,2,0,0,0,0,0,3,0,18,5,9,41.92625161,-87.63104491
0,443952,-1,30,1,2,0,1,10,5,-1,0,0,0,0,1,-1,-1,0,0,1832,-1,-1,-1,-1,-1,-1,2,0,0,0,0,0,2,0,18,5,9,41.90054211,-87.62974087
2,443932,-1,30,1,2,0,1,0,2,2,0,0,-1,1,1,-1,1,6,0,2513,-1,-1,-1,-1,-1,-1,2,1,0,0,1,0,1,0,18,5,9,41.91116841,-87.77543198
0,477705,-1,25,0,0,0,1,12,8,-1,0,0,0,0,-1,-1,-1,21,-1,1824,-1,-1,-1,-1,-1,-1,2,0,0,0,0,0,2,0,17,5,9,41.90246193,-87.6246606
0,444837,-1,25,0,0,0,1,10,5,2,0,0,0,0,-1,-1,1,18,-1,1821,-1,-1,-1,-1,-1,-1,2,0,0,0,0,0,2,0,17,5,9,41.90512095,-87.64098439
0,443962,-1,30,1,2,0,1,12,3,3,0,0,0,0,-1,-1,-1,22,11,1711,-1,-1,-1,-1,-1,-1,2,0,0,0,0,0,2,0,17,5,9,41.99468602,-87.71459314
1,444035,-1,30,2,2,0,1,10,5,-1,0,0,0,1,1,-1,-1,18,-1,1623,-1,-1,-1,-1,-1,-1,2,1,0,0,0,1,1,0,17,5,9,41.96970827,-87.76485392
0,443905,-1,30,0,0,0,1,10,2,2,0,0,0,0,-1,-1,-1,0,0,2522,-1,-1,-1,-1,-1,-1,2,0,0,0,0,0,2,0,17,5,9,41.92085158,-87.73658659
1,443914,-1,30,1,2,0,1,10,2,-1,0,0,0,1,-1,-1,-1,18,18,2512,-1,-1,-1,-1,-1,-1,2,1,0,0,0,1,2,0,17,5,9,41.92389772,-87.77821098
0,443891,-1,30,0,0,0,1,12,5,2,0,0,0,0,-1,-1,1,0,0,1224,-1,-1,-1,-1,-1,-1,2,0,0,0,0,0,2,0,17,5,9,41.88451546,-87.6474973
0,443939,-1,35,3,2,0,1,10,3,3,3,0,0,0,-1,-1,-1,18,16,1654,-1,-1,-1,-1,-1,-1,2,0,0,0,0,0,2,0,17,5,9,-1,-1
0,444906,-1,30,0,0,0,1,12,5,2,0,0,0,0,-1,-1,-1,22,11,1711,-1,-1,-1,-1,-1,-1,2,0,0,0,0,0,4,0,17,5,9,41.99488207,-87.71491593
0,451356,-1,5,0,0,0,1,7,7,-1,0,0,0,0,-1,-1,1,15,16,1232,-1,-1,-1,-1,-1,-1,2,0,0,0,0,0,1,0,17,5,9,41.8804262,-87.64746685
0,444132,-1,35,0,0,0,1,12,5,4,0,0,0,0,-1,-1,-1,22,-1,835,-1,-1,-1,-1,-1,-1,2,0,0,0,0,0,2,0,17,5,9,41.73540789,-87.69595804
0,444087,-1,35,0,0,0,1,12,2,4,0,0,0,1,-1,-1,0,0,0,1722,-1,-1,-1,-1,-1,-1,2,0,0,0,0,0,2,0,17,5,9,41.96064272,-87.74506881
-1,444040,-1,15,0,0,0,1,7,7,-1,0,0,0,0,-1,1,1,20,-1,632,-1,-1,-1,-1,-1,-1,-1,-1,-1,-1,-1,-1,-1,-1,17,5,9,41.73973348,-87.60476327
0,444018,-1,30,0,0,0,1,14,5,2,0,0,0,0,-1,-1,1,17,-1,1622,-1,-1,-1,-1,-1,-1,2,0,0,0,0,0,2,0,17,5,9,41.96211039,-87.78672143
0,443923,-1,20,0,0,0,1,7,5,1,0,0,0,0,-1,-1,1,16,11,824,-1,-1,-1,-1,-1,-1,2,0,0,0,0,0,1,0,17,5,9,41.79138753,-87.69998057
0,443919,-1,30,0,0,0,1,0,5,-1,0,0,0,0,-1,-1,-1,17,-1,1411,-1,-1,-1,-1,-1,-1,2,0,0,0,0,0,2,0,17,5,9,41.92851996,-87.70394863
0,443872,-1,30,-1,-1,0,1,0,5,-1,0,0,-1,0,1,-1,-1,17,-1,1235,-1,-1,-1,-1,-1,-1,2,0,0,0,0,0,2,0,17,5,9,41.85420843,-87.66590437
0,443861,-1,30,0,0,0,1,7,2,2,0,0,0,0,-1,-1,1,18,-1,1212,-1,-1,-1,-1,-1,-1,2,0,0,0,0,0,1,0,17,5,9,41.90289444,-87.68823387
2,443947,-1,30,0,0,0,1,10,5,4,0,0,0,1,-1,-1,-1,7,-1,1122,-1,-1,-1,-1,-1,-1,3,1,0,0,1,0,5,0,17,5,9,41.88349961,-87.71582514
1,443916,-1,30,0,0,0,1,10,2,4,0,0,0,1,-1,-1,-1,0,0,1621,-1,-1,-1,-1,-1,-1,3,1,0,0,0,1,2,0,17,5,9,42.00690869,-87.78420075
0,445328,-1,30,0,0,0,1,12,5,-1,0,0,0,0,-1,-1,-1,-1,-1,824,-1,-1,-1,-1,-1,-1,2,0,0,0,0,0,2,0,17,5,9,41.78631361,-87.69373919
0,443912,-1,30,1,-1,0,-1,12,3,6,0,-1,-1,0,1,-1,-1,11,0,112,-1,-1,-1,-1,-1,-1,2,0,0,0,0,0,3,0,17,5,9,41.88317111,-87.62454402
0,443904,-1,30,0,0,0,1,3,5,2,3,0,1,0,-1,-1,1,-1,-1,532,-1,-1,-1,-1,-1,-1,2,0,0,0,0,0,2,0,17,5,9,41.68607159,-87.60058383
2,443835,-1,30,2,2,0,1,0,5,2,0,0,-1,1,1,-1,-1,17,5,213,-1,-1,-1,-1,-1,-1,2,1,0,0,1,0,1,0,17,5,9,41.8182323,-87.62484084
0,443871,-1,30,0,0,0,1,12,2,4,0,0,0,0,-1,-1,-1,17,11,811,-1,-1,-1,-1,-1,-1,2,0,0,0,0,0,2,0,17,5,9,41.79245526,-87.78187685
0,443855,-1,25,0,0,0,1,7,5,-1,0,0,-1,0,-1,-1,1,0,-1,311,-1,-1,-1,-1,-1,-1,3,0,0,0,0,0,1,0,17,5,9,41.78525615,-87.62917326
0,444868,-1,30,1,2,0,1,10,2,2,0,0,0,0,1,-1,-1,18,-1,312,-1,-1,-1,-1,-1,-1,2,0,0,0,0,0,2,0,17,5,9,41.77799119,-87.6157159
0,443894,-1,30,0,0,0,1,12,5,2,0,0,0,0,-1,-1,-1,22,11,821,-1,-1,-1,-1,-1,-1,2,0,0,0,0,0,2,0,17,5,9,41.80072937,-87.71853105
0,443876,-1,25,3,2,0,1,12,6,3,3,0,0,0,-1,-1,-1,11,-1,1653,-1,-1,-1,-1,-1,-1,2,0,0,0,0,0,2,0,17,5,9,-1,-1
0,444063,-1,30,1,2,0,1,10,5,-1,0,0,0,0,-1,-1,-1,0,0,513,-1,-1,-1,-1,-1,-1,2,0,0,0,0,0,2,0,17,5,9,41.6998132,-87.62107428
0,443880,-1,30,1,2,0,1,14,5,4,0,0,0,0,1,-1,-1,22,21,923,-1,-1,-1,-1,-1,-1,2,0,0,0,0,0,2,0,17,5,9,41.79513985,-87.68400554
0,454440,-1,30,2,2,0,1,0,12,0,0,0,0,0,1,-1,-1,17,11,832,-1,-1,-1,-1,-1,-1,2,0,0,0,0,0,2,0,17,5,9,41.76454471,-87.68705707
-1,444006,-1,20,0,0,0,1,7,5,1,0,0,0,0,-1,-1,1,11,0,1814,-1,-1,-1,-1,-1,-1,-1,-1,-1,-1,-1,-1,-1,-1,17,5,9,41.92477083,-87.6359562
0,443993,-1,30,0,0,0,4,12,5,2,0,0,0,1,-1,-1,-1,8,0,124,-1,-1,-1,-1,-1,-1,2,0,0,0,0,0,2,0,17,5,9,41.86736269,-87.6392932
0,443928,-1,30,1,2,0,1,14,5,-1,0,0,0,0,1,-1,-1,0,0,911,-1,-1,-1,-1,-1,-1,2,0,0,0,0,0,2,0,17,5,9,41.82318949,-87.6896468
0,443864,-1,25,0,0,0,1,10,5,2,0,0,0,0,-1,-1,-1,7,16,334,-1,-1,-1,-1,-1,-1,2,0,0,0,0,0,2,0,17,5,9,41.76478529,-87.56150992
0,443850,-1,30,1,2,0,1,12,6,-1,0,0,0,0,1,-1,-1,22,-1,122,-1,-1,-1,-1,-1,-1,2,0,0,0,0,0,2,0,17,5,9,41.88525719,-87.6337698
0,443848,-1,30,2,2,0,1,14,5,0,0,0,0,0,1,-1,-1,17,-1,233,-1,-1,-1,-1,-1,-1,2,0,0,0,0,0,2,0,17,5,9,41.79670511,-87.60642176
0,443845,-1,30,0,0,0,1,12,5,2,0,0,0,0,-1,-1,-1,0,0,1524,-1,-1,-1,-1,-1,-1,2,0,0,0,0,0,2,0,17,5,9,41.89125039,-87.75561155
0,443818,-1,35,1,2,0,1,14,2,4,0,0,0,0,1,-1,-1,0,0,331,-1,-1,-1,-1,-1,-1,2,0,0,0,0,0,2,0,17,5,9,41.77613717,-87.58615154
0,443951,-1,30,1,2,0,1,14,6,4,0,0,-1,0,1,-1,-1,23,-1,121,-1,-1,-1,-1,-1,-1,2,0,0,0,0,0,3,0,16,5,9,41.8843328,-87.63975028
0,443836,-1,30,0,0,0,1,0,6,1,0,0,0,1,-1,-1,-1,17,33,1724,-1,-1,-1,-1,-1,-1,2,0,0,0,0,0,2,0,16,5,9,41.9617659,-87.70322578
0,443837,-1,30,1,2,0,1,12,6,3,0,0,0,0,-1,-1,-1,22,18,232,-1,-1,-1,-1,-1,-1,2,0,0,0,0,0,9,0,16,5,9,41.7872376,-87.62079973
0,443785,-1,25,0,0,0,1,7,6,1,0,0,0,0,-1,-1,1,0,-1,1423,-1,-1,-1,-1,-1,-1,2,0,0,0,0,0,2,0,16,5,9,41.90859958,-87.69100747
0,444136,-1,30,1,2,0,1,14,5,4,0,0,0,0,1,-1,-1,17,-1,2411,-1,-1,-1,-1,-1,-1,2,0,0,0,0,0,2,0,16,5,9,42.00867159,-87.69031084
2,443774,-1,30,0,0,0,1,9,3,4,0,0,0,1,-1,-1,-1,0,-1,221,-1,-1,-1,-1,-1,-1,2,1,0,0,1,0,1,0,16,5,9,41.81158453,-87.6045627
2,443758,-1,30,2,0,0,1,9,2,2,0,0,-1,1,-1,-1,1,17,-1,432,-1,-1,-1,-1,-1,-1,2,1,0,0,1,0,1,0,16,5,9,41.71393625,-87.54190708
0,443738,-1,35,0,0,0,1,14,5,2,0,0,0,0,-1,-1,-1,0,0,1623,-1,-1,-1,-1,-1,-1,2,0,0,0,0,0,2,0,16,5,9,41.97299422,-87.7655167
0,444984,-1,30,2,2,0,1,0,5,-1,0,0,0,0,1,-1,-1,0,0,1214,-1,-1,-1,-1,-1,-1,2,0,0,0,0,0,2,0,16,5,9,41.89128065,-87.64855865
0,444019,-1,30,2,2,0,1,14,5,2,0,0,-1,0,1,-1,1,14,0,1135,-1,-1,-1,-1,-1,-1,2,0,0,0,0,0,2,0,16,5,9,41.86851579,-87.68864304
0,443794,-1,25,0,0,0,1,7,5,-1,0,0,0,0,-1,-1,-1,10,22,2411,-1,-1,-1,-1,-1,-1,2,0,0,0,0,0,1,0,16,5,9,42.0122883,-87.69488338
0,445584,-1,30,0,0,0,1,8,5,4,0,0,0,0,-1,-1,1,0,-1,1831,-1,-1,-1,-1,-1,-1,2,0,0,0,0,0,2,0,16,5,9,41.89164285,-87.63790809
0,443754,-1,30,0,0,0,1,8,5,-1,0,0,0,0,-1,-1,-1,0,0,1811,-1,-1,-1,-1,-1,-1,2,0,0,0,0,0,2,0,16,5,9,41.91968796,-87.66151132
0,443703,-1,5,12,2,0,1,12,12,-1,0,0,0,0,-1,-1,-1,17,0,412,-1,-1,-1,1,2,-1,2,0,0,0,0,0,2,0,16,5,9,-1,-1
1,443787,-1,30,0,0,0,1,10,5,4,0,0,0,1,-1,-1,-1,27,16,912,-1,-1,-1,-1,-1,-1,3,1,0,0,0,1,2,0,16,5,9,41.83120539,-87.67654778
0,443809,-1,30,0,0,0,1,7,2,-1,0,0,0,1,-1,-1,-1,7,0,1122,-1,-1,-1,-1,-1,-1,2,0,0,0,0,0,1,0,16,5,9,41.88087909,-87.72218717
0,443823,-1,25,0,0,0,1,12,5,2,0,0,0,0,-1,-1,-1,0,-1,1733,-1,-1,-1,-1,-1,-1,2,0,0,0,0,0,2,0,16,5,9,41.94759301,-87.70309738
0,443860,-1,25,0,0,0,1,2,5,2,0,0,0,1,-1,1,1,0,20,1132,-1,-1,-1,-1,-1,-1,1,0,0,0,0,0,1,0,16,5,9,41.87267337,-87.72330054
0,443751,-1,30,1,2,0,1,10,2,-1,0,0,0,1,1,-1,-1,0,0,726,-1,-1,-1,-1,-1,-1,2,0,0,0,0,0,2,0,16,5,9,41.77922692,-87.67405273
0,443863,-1,30,1,2,0,1,10,5,2,0,0,0,0,-1,-1,-1,16,0,131,-1,-1,-1,-1,-1,-1,2,0,0,0,0,0,4,0,16,5,9,41.86732277,-87.62574337
0,443737,-1,35,1,2,0,1,10,5,4,0,0,0,1,1,-1,-1,18,16,815,-1,-1,-1,-1,-1,-1,1,0,0,0,0,0,1,0,16,5,9,41.80773727,-87.74310761
0,443711,-1,30,0,0,0,1,10,6,1,0,0,0,0,-1,-1,-1,0,-1,1431,-1,-1,-1,-1,-1,-1,2,0,0,0,0,0,2,0,16,5,9,41.9229595,-87.69386216
0,443869,-1,30,0,0,0,1,10,5,-1,0,0,0,0,-1,-1,-1,0,0,411,-1,-1,-1,-1,-1,-1,2,0,0,0,0,0,2,0,16,5,9,41.75161085,-87.58536755
0,444735,-1,30,1,0,0,1,10,12,-1,0,0,0,0,-1,-1,-1,11,0,611,-1,-1,-1,-1,-1,-1,2,0,0,0,0,0,2,0,16,5,9,41.75378165,-87.67338249
1,444364,-1,30,1,2,0,1,10,5,2,0,0,0,1,-1,-1,1,14,6,215,-1,-1,-1,-1,-1,-1,2,1,0,0,0,1,1,0,16,5,9,41.80942186,-87.62113408
0,444150,-1,30,0,0,0,1,7,2,2,0,0,0,0,-1,-1,1,20,-1,1911,-1,-1,-1,-1,-1,-1,2,0,0,0,0,0,1,0,16,5,9,41.96674099,-87.68715356
0,443753,-1,30,2,2,0,1,10,6,-1,0,0,0,0,-1,-1,-1,-1,-1,813,-1,-1,-1,-1,-1,-1,2,0,0,0,0,0,3,0,16,5,9,41.79295611,-87.74046174
0,443698,-1,30,0,0,0,1,12,2,4,0,0,0,0,-1,-1,-1,16,11,832,-1,-1,-1,-1,-1,-1,2,0,0,0,0,0,2,0,16,5,9,41.77369018,-87.68363757
0,446669,-1,30,1,2,0,1,10,2,-1,0,0,0,0,1,-1,-1,0,0,1414,-1,-1,-1,-1,-1,-1,2,0,0,0,0,0,3,0,15,5,9,41.92485213,-87.70452832
0,443766,-1,30,0,0,0,1,11,2,-1,0,0,0,0,-1,-1,1,0,0,921,-1,-1,-1,-1,-1,-1,2,0,0,0,0,0,2,0,15,5,9,41.82283813,-87.68987401
0,443676,-1,20,0,0,0,1,7,6,1,0,0,0,0,-1,-1,-1,-1,13,734,-1,-1,-1,-1,-1,-1,2,0,0,0,0,0,1,0,15,5,9,41.7642032,-87.65748883
0,444183,-1,25,11,0,0,1,10,2,2,0,0,0,0,-1,-1,-1,0,0,533,-1,-1,-1,-1,-1,-1,2,0,0,0,0,0,2,0,15,5,9,41.65591786,-87.59053316
0,443775,-1,10,0,0,0,1,0,12,-1,0,0,0,0,-1,-1,-1,11,11,2234,-1,-1,-1,-1,-1,-1,2,0,0,0,0,0,2,0,15,5,9,41.68246843,-87.66276086
1,443655,-1,30,0,0,0,1,10,5,2,0,0,0,1,-1,-1,1,18,25,214,-1,-1,-1,-1,-1,-1,2,3,0,0,0,3,2,0,15,5,9,41.81942946,-87.60033083
0,444802,-1,20,0,0,0,1,0,7,-1,0,0,0,0,-1,-1,-1,20,0,913,-1,-1,-1,-1,-1,-1,2,0,0,0,0,0,2,0,15,5,9,41.83977195,-87.64646751
0,443699,-1,30,0,0,0,1,10,2,2,0,0,0,0,-1,-1,-1,18,-1,1033,-1,-1,-1,-1,-1,-1,2,0,0,0,0,0,2,0,15,5,9,41.84665098,-87.70495572
0,443674,-1,30,1,2,0,1,12,5,5,0,0,0,0,-1,-1,-1,22,0,1225,-1,-1,-1,-1,-1,-1,2,0,0,0,0,0,2,0,15,5,9,41.87753977,-87.6766942
2,443638,-1,30,0,0,0,1,8,5,2,0,-1,-1,1,-1,-1,-1,11,17,1925,-1,-1,1,-1,-1,-1,2,1,0,0,1,0,2,0,15,5,9,41.94740791,-87.64934263
2,443635,-1,30,0,0,0,1,9,2,4,0,0,0,1,1,-1,-1,17,0,2213,-1,-1,-1,-1,-1,-1,2,1,0,0,1,0,1,0,15,5,9,41.7212563,-87.65552939
0,443626,-1,30,1,2,0,1,10,5,-1,0,0,0,0,-1,-1,-1,18,-1,1623,-1,-1,-1,-1,-1,-1,2,0,0,0,0,0,2,0,15,5,9,41.9751647,-87.75284622
0,444054,-1,30,0,0,0,1,7,5,-1,0,0,0,0,-1,-1,-1,0,-1,1733,0,-1,-1,-1,-1,-1,2,0,0,0,0,0,1,0,15,5,9,41.95286422,-87.71272309
0,443709,-1,30,1,2,0,1,12,6,-1,0,0,0,0,-1,-1,1,0,0,1235,-1,-1,-1,-1,-1,-1,2,0,0,0,0,0,4,0,15,5,9,41.85783331,-87.64493595
0,443607,-1,30,1,2,0,1,10,2,4,0,0,0,0,1,-1,-1,20,11,2023,-1,-1,-1,-1,-1,-1,2,0,0,0,0,0,2,0,15,5,9,41.97648167,-87.65483978
0,443658,-1,15,0,0,0,1,14,0,-1,0,0,0,0,1,-1,-1,17,-1,824,-1,-1,-1,-1,-1,-1,2,0,0,0,0,0,3,0,15,5,9,41.78580219,-87.70075094
0,444992,-1,30,0,0,0,1,7,6,-1,0,0,0,0,-1,-1,1,0,-1,2512,-1,-1,-1,-1,-1,-1,2,0,0,0,0,0,1,0,15,5,9,41.92608278,-87.80067671
0,443675,-1,30,1,2,0,1,10,2,2,0,0,0,0,1,-1,-1,0,0,512,-1,-1,-1,-1,-1,-1,2,0,0,0,0,0,3,0,15,5,9,41.70716589,-87.61626516
0,443681,-1,35,0,-1,0,1,11,3,2,0,0,0,0,-1,-1,1,21,2,111,-1,-1,-1,-1,-1,-1,2,0,0,0,0,0,2,0,15,5,9,41.8857782,-87.62779374
2,450437,-1,30,-1,-1,0,1,9,-1,-1,0,-1,-1,1,-1,-1,-1,0,0,1651,-1,-1,-1,-1,-1,-1,2,1,0,0,1,0,1,0,15,5,9,41.97620114,-87.90530913
0,448921,-1,30,1,2,0,1,12,5,-1,0,0,0,0,-1,-1,1,17,18,121,-1,-1,-1,-1,-1,-1,2,0,0,0,0,0,2,0,15,5,9,41.88194712,-87.639833
0,448916,-1,20,0,0,0,1,9,6,-1,0,0,0,0,-1,-1,1,25,-1,624,-1,-1,-1,-1,-1,-1,2,0,0,0,0,0,2,0,15,5,9,41.75498445,-87.60760734
0,446195,-1,25,1,-1,0,1,7,5,2,0,0,0,0,-1,-1,1,21,0,2411,-1,-1,-1,-1,-1,-1,2,0,0,0,0,0,1,0,15,5,9,42.01231256,-87.69378453
0,444089,-1,15,0,0,0,1,7,0,-1,0,0,0,1,-1,-1,1,21,-1,832,-1,-1,-1,-1,-1,-1,2,0,0,0,0,0,1,0,15,5,9,41.76771452,-87.68469341
0,443989,-1,30,0,0,0,2,12,5,-1,0,0,0,0,-1,-1,1,-1,-1,824,-1,-1,-1,-1,-1,-1,2,0,0,0,0,0,3,0,15,5,9,41.78631361,-87.69373919
0,443842,-1,35,0,0,0,1,7,5,2,0,0,0,0,-1,-1,1,0,0,1831,-1,-1,-1,-1,-1,-1,2,0,0,0,0,0,1,0,15,5,9,41.8911927,-87.62819803
1,443833,-1,30,0,0,0,1,10,5,2,0,-1,-1,1,-1,-1,1,18,18,1214,-1,-1,-1,-1,-1,-1,2,1,0,0,0,1,1,0,15,5,9,41.89224629,-87.64943078
0,443772,-1,30,1,2,0,1,0,2,4,0,0,-1,0,1,-1,-1,6,-1,1432,-1,-1,-1,-1,-1,-1,2,0,0,0,0,0,2,0,15,5,9,41.9264397,-87.68755279
0,443720,-1,30,2,2,0,1,10,5,2,0,0,0,0,-1,-1,-1,16,11,931,-1,-1,-1,-1,-1,-1,2,0,0,0,0,0,2,0,15,5,9,41.80296161,-87.67469702
0,443667,-1,15,0,0,0,1,7,7,-1,0,0,0,0,-1,-1,-1,-1,-1,1651,-1,-1,-1,-1,-1,-1,2,0,0,0,0,0,1,0,15,5,9,41.97620114,-87.90530913
0,443650,-1,45,1,2,0,1,12,3,8,0,0,-1,0,-1,-1,-1,17,0,114,-1,-1,-1,-1,-1,-1,2,0,0,0,0,0,2,0,14,5,9,41.88714705,-87.61370794
0,443942,-1,30,0,0,0,1,10,12,0,0,0,0,0,-1,-1,-1,20,18,2533,-1,-1,-1,-1,-1,-1,2,0,0,0,0,0,4,0,14,5,9,41.90950515,-87.74695994
0,443653,-1,30,0,0,0,1,7,5,-1,0,0,0,0,-1,-1,1,-1,-1,834,-1,-1,-1,-1,-1,-1,2,0,0,0,0,0,2,0,14,5,9,41.74507364,-87.71944235
2,443590,-1,30,2,2,0,1,0,12,0,0,0,0,1,1,-1,-1,17,11,1411,-1,-1,-1,-1,-1,-1,2,1,0,0,1,0,1,0,14,5,9,41.93379963,-87.69036046
0,444239,-1,30,1,2,0,1,10,5,2,0,0,0,0,-1,-1,-1,0,0,2411,-1,-1,-1,-1,-1,-1,2,0,0,0,0,0,2,0,14,5,9,42.01012354,-87.68246383
2,443647,-1,15,0,0,0,1,8,12,0,0,0,0,1,-1,-1,-1,-1,-1,713,-1,-1,-1,-1,-1,-1,2,1,0,0,1,0,2,0,14,5,9,41.77962901,-87.66105482
0,443580,-1,30,2,2,0,1,14,5,-1,0,0,0,1,-1,-1,-1,21,-1,811,-1,-1,-1,-1,-1,-1,4,0,0,0,0,0,2,0,14,5,9,41.79608258,-87.78686365
0,443954,-1,30,0,0,0,1,7,5,2,0,0,0,0,-1,-1,-1,16,0,1722,-1,-1,-1,-1,-1,-1,2,0,0,0,0,0,2,0,14,5,9,41.95890499,-87.73398223
0,443778,-1,30,0,0,0,1,12,5,-1,0,0,0,0,0,-1,-1,-1,-1,631,-1,-1,-1,-1,-1,-1,2,0,0,0,0,0,2,0,14,5,9,41.74389398,-87.61642435
0,443714,-1,30,2,2,0,1,12,5,2,0,0,0,0,-1,-1,-1,17,-1,1232,-1,-1,-1,-1,-1,-1,2,0,0,0,0,0,2,0,14,5,9,41.88055877,-87.64972024
2,443587,-1,30,0,0,0,1,12,3,6,0,0,0,1,-1,-1,-1,22,-1,122,-1,-1,-1,-1,-1,-1,5,1,0,0,1,0,8,0,14,5,9,41.8831343,-87.63719153
0,443578,-1,30,0,0,0,1,12,2,2,0,0,0,0,-1,-1,-1,18,-1,1214,-1,1,-1,-1,-1,-1,2,0,0,0,0,0,2,0,14,5,9,41.89179257,-87.65824223
0,443791,-1,30,0,0,0,1,14,5,-1,0,0,0,0,-1,-1,-1,-1,-1,822,-1,-1,-1,-1,-1,-1,2,0,0,0,0,0,2,0,14,5,9,41.79350627,-87.71139803
0,443668,-1,30,2,2,0,1,11,5,-1,0,0,0,0,1,-1,-1,0,0,1811,-1,-1,-1,-1,-1,-1,2,0,0,0,0,0,2,0,14,5,9,41.91561387,-87.65599134
0,443608,-1,30,2,2,0,1,0,5,1,0,0,0,1,1,-1,-1,5,-1,413,-1,1,-1,-1,-1,-1,2,0,0,0,0,0,2,0,14,5,9,41.72958524,-87.58045866
0,444563,-1,30,0,0,0,1,10,5,2,0,0,0,0,-1,-1,-1,0,0,2411,-1,-1,-1,-1,-1,-1,2,0,0,0,0,0,2,0,14,5,9,42.00978771,-87.68234478
0,443648,-1,30,0,0,0,1,7,7,0,0,0,0,0,-1,-1,1,0,0,2524,-1,-1,-1,-1,-1,-1,2,0,0,0,0,0,1,0,14,5,9,41.93168181,-87.72691403
0,443628,-1,30,0,0,0,1,7,7,-1,0,0,0,1,-1,1,-1,20,-1,1224,-1,-1,-1,-1,-1,-1,2,0,0,0,0,0,1,0,14,5,9,41.88132906,-87.6680499
0,443581,-1,15,0,0,0,1,2,6,1,0,0,0,0,-1,-1,-1,0,-1,1834,-1,-1,-1,-1,-1,-1,1,0,0,0,0,0,1,0,14,5,9,41.89343485,-87.60256644
0,443594,-1,35,0,0,0,1,12,6,-1,0,0,-1,0,-1,-1,-1,0,0,932,-1,-1,-1,-1,-1,-1,2,0,0,0,0,0,2,0,14,5,9,41.79413322,-87.66464526
0,444093,-1,5,0,0,0,1,3,7,0,0,0,0,0,-1,1,-1,16,11,935,-1,-1,-1,-1,-1,-1,2,0,0,0,0,0,2,0,14,5,9,41.79463883,-87.63226705
2,443563,-1,30,0,0,0,1,10,5,4,0,0,0,1,1,-1,-1,0,0,1732,-1,-1,-1,-1,-1,-1,2,3,0,0,3,0,0,0,14,5,9,41.94287953,-87.71275362