MOST_SEVERE_INJURY,RD_NO,CRASH_DATE_EST_I,POSTED_SPEED_LIMIT,TRAFFIC_CONTROL_DEVICE,DEVICE_CONDITION,WEATHER_CONDITION,LIGHTING_CONDITION,FIRST_CRASH_TYPE,TRAFFICWAY_TYPE,LANE_CNT,ALIGNMENT,ROADWAY_SURFACE_COND,ROAD_DEFECT,CRASH_TYPE,INTERSECTION_RELATED_I,NOT_RIGHT_OF_WAY_I,HIT_AND_RUN_I,PRIM_CONTRIBUTORY_CAUSE,SEC_CONTRIBUTORY_CAUSE,BEAT_OF_OCCURRENCE,PHOTOS_TAKEN_I,STATEMENTS_TAKEN_I,DOORING_I,WORK_ZONE_I,WORK_ZONE_TYPE,WORKERS_PRESENT_I,NUM_UNITS,INJURIES_TOTAL,INJURIES_FATAL,INJURIES_INCAPACITATING,INJURIES_NON_INCAPACITATING,INJURIES_REPORTED_NOT_EVIDENT,INJURIES_NO_INDICATION,INJURIES_UNKNOWN,CRASH_HOUR,CRASH_DAY_OF_WEEK,CRASH_MONTH,LATITUDE,LONGITUDE
0,443673,-1,30,0,0,0,1,10,2,2,0,0,0,0,-1,-1,-1,0,0,2514,-1,-1,-1,-1,-1,-1,2,0,0,0,0,0,2,0,14,5,9,41.93858919,-87.75681005
0,443564,-1,30,0,0,0,1,7,-1,-1,0,0,0,0,-1,-1,-1,0,-1,1624,-1,-1,-1,-1,-1,-1,2,0,0,0,0,0,1,0,14,5,9,41.96011552,-87.78631701
0,443542,-1,30,0,0,0,1,7,5,1,0,0,-1,0,-1,-1,-1,25,-1,1932,-1,-1,-1,-1,-1,-1,2,0,0,0,0,0,3,0,14,5,9,41.92901515,-87.65973323
0,443524,-1,30,0,0,0,1,12,5,2,0,0,0,0,-1,-1,-1,0,0,113,-1,-1,-1,-1,-1,-1,2,0,0,0,0,0,2,0,14,5,9,41.87609786,-87.62910389
0,443520,-1,30,1,2,0,1,10,5,2,0,0,0,0,-1,-1,-1,16,11,823,-1,-1,-1,-1,-1,-1,2,0,0,0,0,0,2,0,14,5,9,41.7788777,-87.71552906
0,445020,-1,30,1,2,0,1,12,3,4,0,0,0,0,-1,-1,-1,17,0,1921,-1,-1,-1,-1,-1,-1,2,0,0,0,0,0,2,0,13,5,9,41.94864153,-87.6881635
0,443537,-1,30,1,2,0,1,10,5,-1,0,0,-1,0,1,-1,-1,8,8,622,-1,-1,-1,-1,-1,-1,2,0,0,0,0,0,2,0,13,5,9,41.74140959,-87.63843149
1,443797,-1,30,1,2,0,1,9,5,-1,0,0,0,1,1,-1,-1,0,0,121,-1,-1,-1,-1,-1,-1,2,1,0,0,0,1,1,0,13,5,9,41.88062397,-87.6395001
0,443498,-1,30,0,0,0,1,10,5,-1,0,0,0,0,-1,-1,1,-1,-1,823,-1,-1,-1,-1,-1,-1,2,0,0,0,0,0,2,0,13,5,9,41.77894575,-87.70328312
0,444743,-1,40,1,2,0,1,10,5,-1,0,0,0,0,-1,-1,-1,0,0,114,-1,-1,-1,-1,-1,-1,2,0,0,0,0,0,2,0,13,5,9,41.87958346,-87.61760712
0,443602,-1,30,1,2,0,1,12,2,2,0,0,3,0,-1,-1,-1,0,0,2525,-1,-1,-1,-1,-1,-1,2,0,0,0,0,0,2,0,13,5,9,41.92437353,-87.72681368
0,443573,-1,10,0,0,0,1,7,7,1,0,0,0,0,-1,-1,1,0,0,1732,-1,-1,-1,-1,-1,-1,2,0,0,0,0,0,1,0,13,5,9,41.94957788,-87.71336663
0,443518,-1,30,1,2,0,1,10,-1,-1,0,0,0,0,-1,-1,1,18,-1,114,-1,-1,-1,-1,-1,-1,2,0,0,0,0,0,2,0,13,5,9,41.88458537,-87.62079215
0,443482,-1,30,12,2,0,1,10,2,2,0,0,0,0,-1,-1,-1,16,11,823,-1,-1,-1,-1,-1,-1,2,0,0,0,0,0,2,0,13,5,9,41.77898233,-87.70916453
0,443718,-1,30,0,0,0,1,12,5,-1,0,0,-1,0,-1,-1,-1,0,-1,1012,-1,-1,-1,-1,-1,-1,2,0,0,0,0,0,2,0,13,5,9,41.85452497,-87.73719324
0,443488,-1,30,1,2,0,1,10,2,4,0,0,0,1,1,-1,-1,18,0,1613,-1,-1,-1,-1,-1,-1,2,0,0,0,0,0,4,0,13,5,9,41.98123816,-87.80699737
0,444705,-1,45,1,2,0,1,10,2,4,0,0,0,0,1,-1,-1,7,18,822,1,-1,-1,-1,-1,-1,2,0,0,0,0,0,6,0,13,5,9,41.79921768,-87.72318767
0,443854,-1,30,1,2,0,1,10,3,-1,0,0,0,0,-1,-1,-1,0,0,632,-1,-1,-1,-1,-1,-1,2,0,0,0,0,0,2,0,13,5,9,41.74386432,-87.6047106
0,443798,-1,30,1,2,0,1,10,5,-1,0,0,0,0,1,-1,0,0,0,1824,-1,-1,-1,-1,-1,-1,2,0,0,0,0,0,2,0,13,5,9,41.90189123,-87.6327113
2,443688,-1,30,0,0,0,1,7,3,4,0,0,-1,1,-1,-1,-1,-1,-1,715,-1,-1,-1,-1,-1,-1,4,1,0,0,1,0,3,0,13,5,9,41.79305322,-87.66470444
0,443466,-1,30,0,0,0,1,7,5,1,0,0,0,0,-1,-1,-1,25,-1,2212,-1,-1,-1,-1,-1,-1,2,0,0,0,0,0,1,0,13,5,9,41.68791744,-87.67905616
0,444114,-1,30,0,0,0,1,12,5,-1,0,0,0,0,-1,-1,-1,0,0,1833,-1,-1,-1,-1,-1,-1,2,0,0,0,0,0,2,0,13,5,9,41.89668041,-87.62012822
0,443691,-1,10,0,0,0,1,0,7,-1,0,0,0,0,-1,-1,-1,0,0,412,-1,-1,-1,-1,-1,-1,2,0,0,0,0,0,2,0,13,5,9,41.73664716,-87.59709715
0,443536,-1,30,1,2,0,1,10,2,4,0,0,0,0,-1,-1,-1,0,-1,1414,-1,-1,-1,-1,-1,-1,3,0,0,0,0,0,5,0,13,5,9,41.92835602,-87.7077448
0,443495,-1,10,0,-1,0,1,10,12,1,0,1,0,0,-1,-1,-1,18,18,2223,-1,-1,-1,-1,-1,-1,2,0,0,0,0,0,2,0,13,5,9,41.72126847,-87.6498212
0,443458,-1,35,1,2,0,1,10,2,-1,0,0,0,0,-1,-1,-1,18,11,1532,-1,1,-1,-1,-1,-1,2,0,0,0,0,0,2,0,13,5,9,41.88306145,-87.74552017
0,443453,-1,25,1,2,0,1,10,5,-1,0,0,0,0,1,-1,-1,18,0,1914,-1,-1,-1,-1,-1,-1,2,0,0,0,0,0,3,0,13,5,9,41.96553919,-87.65485984
0,443570,-1,30,0,0,2,1,7,6,2,0,0,0,0,-1,-1,1,16,0,1233,-1,-1,-1,-1,-1,-1,2,0,0,0,0,0,1,0,13,5,9,41.8650859,-87.65943338
0,443449,-1,30,1,2,0,1,10,2,2,0,0,0,0,-1,-1,1,18,-1,2211,-1,-1,-1,-1,-1,-1,2,0,0,0,0,0,3,0,13,5,9,41.69144849,-87.71549976
0,443618,-1,30,0,0,0,1,12,5,-1,0,0,0,0,-1,-1,-1,0,0,412,-1,-1,-1,-1,-1,-1,2,0,0,0,0,0,2,0,13,5,9,41.73704687,-87.58401962
0,443444,-1,30,1,2,0,1,14,-1,3,0,0,0,1,-1,-1,-1,22,22,124,-1,-1,-1,-1,-1,-1,2,0,0,0,0,0,2,0,12,5,9,41.86977486,-87.6409491
0,443417,-1,15,0,0,0,1,2,0,-1,0,0,0,0,-1,-1,-1,33,11,922,-1,-1,-1,-1,-1,-1,1,0,0,0,0,0,2,0,12,5,9,41.81186718,-87.7030208
2,443438,-1,30,0,0,0,1,8,5,4,0,0,0,1,-1,-1,-1,0,-1,2411,-1,-1,1,-1,-1,-1,2,1,0,0,1,0,1,0,12,5,9,42.01690301,-87.69005385
0,443413,-1,30,0,0,0,1,12,2,-1,0,0,0,0,-1,-1,-1,21,-1,815,-1,1,-1,-1,-1,-1,2,0,0,0,0,0,3,0,12,5,9,41.79313294,-87.74234398
0,446040,-1,30,2,2,-1,1,10,5,-1,0,-1,0,0,-1,-1,1,18,16,614,-1,-1,-1,-1,-1,-1,2,0,0,0,0,0,2,0,12,5,9,41.73587903,-87.66321379
0,445531,-1,30,2,2,0,1,10,5,-1,0,0,0,0,-1,-1,1,0,0,1433,-1,-1,-1,-1,-1,-1,2,0,0,0,0,0,2,0,12,5,9,41.90712991,-87.66004869
0,443545,-1,30,0,0,0,1,11,7,1,0,0,0,0,-1,-1,-1,0,-1,1614,-1,-1,-1,-1,-1,-1,2,0,0,0,0,0,2,0,12,5,9,41.9660114,-87.83683117
0,443425,-1,15,0,0,0,1,7,7,-1,0,0,0,0,-1,1,1,0,0,1811,-1,-1,-1,-1,-1,-1,2,0,0,0,0,0,1,0,12,5,9,41.91758179,-87.6590229
0,443379,-1,35,0,0,0,1,10,2,2,0,0,0,0,-1,-1,-1,21,0,1421,-1,-1,-1,-1,-1,-1,2,0,0,0,0,0,6,0,12,5,9,41.91147291,-87.70175929
2,443354,-1,30,0,0,0,1,9,5,4,0,0,0,1,-1,-1,-1,-1,-1,122,-1,-1,-1,-1,-1,-1,2,1,0,0,1,0,1,0,12,5,9,41.88269467,-87.63253143
0,443456,-1,30,-1,-1,-1,-1,0,7,-1,0,-1,-1,0,-1,-1,-1,0,-1,2512,-1,-1,-1,-1,-1,-1,2,0,0,0,0,0,3,0,12,5,9,41.93083392,-87.78913379
0,443434,-1,30,1,2,0,1,2,5,4,0,0,0,0,1,-1,-1,23,23,431,-1,-1,-1,-1,-1,-1,1,0,0,0,0,0,1,0,12,5,9,41.72237591,-87.5754999
0,443404,-1,30,0,0,0,1,0,2,-1,0,0,0,0,-1,-1,-1,0,0,815,-1,-1,-1,-1,-1,-1,2,0,0,0,0,0,2,0,12,5,9,41.79675457,-87.72340922
2,443386,-1,30,0,0,0,1,9,5,2,2,0,0,1,-1,-1,-1,0,23,2022,-1,-1,-1,-1,-1,-1,2,1,0,0,1,0,1,0,12,5,9,41.98398367,-87.65304692
0,443471,-1,30,2,2,0,1,14,5,-1,3,0,0,0,-1,-1,-1,-1,-1,924,-1,-1,-1,-1,-1,-1,2,0,0,0,0,0,4,0,12,5,9,41.81391637,-87.67103361
0,443351,-1,30,0,0,0,1,0,5,2,0,0,0,1,-1,-1,1,17,-1,1531,-1,-1,-1,-1,-1,-1,3,0,0,0,0,0,4,0,12,5,9,41.89854658,-87.74821688
0,443407,-1,30,0,0,0,1,7,5,-1,0,0,-1,0,-1,-1,1,0,0,1213,-1,-1,-1,-1,-1,-1,2,0,0,0,0,0,1,0,12,5,9,41.89612093,-87.67102197
0,443395,-1,30,3,2,0,1,10,2,4,0,0,0,0,1,-1,-1,21,-1,921,-1,-1,-1,-1,-1,-1,2,0,0,0,0,0,2,0,12,5,9,41.81742258,-87.68452603
3,443374,-1,30,0,0,0,1,8,5,2,0,0,0,1,-1,-1,-1,7,11,1933,-1,-1,1,-1,-1,-1,2,1,0,1,0,0,0,0,11,5,9,41.93983634,-87.65173777
0,443411,-1,30,0,0,0,1,10,12,-1,0,0,0,0,-1,-1,-1,0,-1,413,-1,-1,-1,-1,-1,-1,2,0,0,0,0,0,2,0,11,5,9,41.72772744,-87.58559431
0,444296,-1,30,-1,-1,-1,-1,12,6,-1,0,-1,0,0,-1,-1,-1,22,-1,1831,-1,-1,-1,-1,-1,-1,2,0,0,0,0,0,2,0,11,5,9,41.88997769,-87.63122708
0,443555,-1,10,0,0,0,1,11,7,-1,0,0,0,0,-1,1,-1,0,0,211,-1,-1,-1,-1,-1,-1,2,0,0,0,0,0,2,0,11,5,9,41.83618539,-87.61245366
0,443463,-1,30,1,2,0,1,12,5,-1,0,0,0,0,1,-1,-1,17,-1,2512,-1,-1,-1,-1,-1,-1,2,0,0,0,0,0,2,0,11,5,9,41.92742709,-87.78573363
0,443976,-1,30,1,2,0,1,0,2,4,0,0,0,0,1,-1,-1,0,-1,111,-1,-1,-1,-1,-1,-1,2,0,0,0,0,0,2,0,11,5,9,41.88716928,-87.62735933
0,443399,-1,25,0,0,0,1,7,6,-1,0,0,0,0,-1,-1,1,0,0,1212,-1,-1,-1,-1,-1,-1,2,0,0,0,0,0,1,0,11,5,9,41.89699796,-87.6731608
0,443357,-1,30,2,2,0,1,14,2,0,0,0,0,0,1,-1,-1,16,-1,925,-1,-1,-1,-1,-1,-1,2,0,0,0,0,0,2,0,11,5,9,41.80890355,-87.65052059
0,443308,-1,30,0,0,0,1,14,5,4,0,0,0,1,1,-1,-1,17,-1,1611,-1,-1,-1,-1,-1,-1,2,0,0,0,0,0,3,0,11,5,9,42.00636186,-87.80684434
2,443297,-1,20,2,2,0,1,8,5,2,0,12,12,1,1,-1,-1,25,17,1634,-1,-1,-1,1,1,1,2,1,0,0,1,0,1,0,11,5,9,41.95076188,-87.76185007
0,443436,-1,30,0,0,0,1,14,5,2,0,0,0,0,-1,-1,-1,17,0,1723,-1,-1,-1,-1,-1,-1,2,0,0,0,0,0,2,0,11,5,9,41.96273998,-87.72772872
0,443266,-1,30,1,2,0,1,10,6,3,0,0,0,0,-1,-1,-1,6,6,122,-1,-1,-1,-1,-1,-1,2,0,0,0,0,0,2,0,11,5,9,41.88205499,-87.6338999
0,443315,-1,20,12,2,0,1,10,6,-1,0,1,0,0,-1,1,-1,18,17,1432,-1,-1,-1,-1,-1,-1,2,0,0,0,0,0,2,0,11,5,9,41.91796074,-87.67270437
0,449111,1,30,0,0,0,1,7,6,-1,0,0,0,0,-1,-1,-1,18,-1,212,-1,-1,-1,-1,-1,-1,2,0,0,0,0,0,1,0,11,5,9,41.82644004,-87.60684517
0,443301,-1,20,9,2,0,1,12,2,-1,0,0,-1,0,-1,-1,-1,17,17,2212,-1,-1,-1,-1,-1,-1,2,0,0,0,0,0,2,0,11,5,9,41.69143478,-87.66852039
0,443362,-1,25,0,0,0,1,12,5,-1,0,0,0,0,-1,-1,-1,17,17,1433,-1,-1,-1,-1,-1,-1,2,0,0,0,0,0,2,0,11,5,9,41.91186925,-87.66058226
0,443352,-1,30,0,0,0,1,7,4,-1,0,0,0,0,-1,-1,1,20,-1,1213,-1,-1,-1,-1,-1,-1,2,0,0,0,0,0,1,0,11,5,9,41.89973789,-87.66969448
0,443281,-1,30,0,0,0,1,12,5,-1,0,0,0,0,-1,-1,-1,-1,-1,1925,-1,-1,-1,-1,-1,-1,2,0,0,0,0,0,3,0,11,5,9,41.95428339,-87.64778259
0,444628,-1,30,0,0,0,1,12,5,6,0,0,0,0,-1,-1,-1,4,22,114,-1,-1,-1,-1,-1,-1,2,0,0,0,0,0,3,0,11,5,9,41.87163502,-87.62041485
0,444080,-1,30,0,0,0,1,10,5,2,0,0,0,0,-1,-1,-1,18,-1,1221,-1,-1,-1,-1,-1,-1,3,0,0,0,0,0,3,0,11,5,9,41.89069039,-87.67831665
0,443475,-1,30,0,0,0,1,10,2,2,0,0,0,0,-1,-1,-1,0,0,1221,-1,-1,-1,-1,-1,-1,3,0,0,0,0,0,3,0,11,5,9,41.89075628,-87.68673706
0,443339,-1,30,12,2,0,1,7,2,2,0,0,0,0,-1,-1,1,23,16,1225,-1,-1,-1,-1,-1,-1,2,0,0,0,0,0,1,0,11,5,9,41.86931582,-87.68258738
0,443257,-1,30,0,0,0,1,10,5,2,0,0,0,0,-1,-1,-1,-1,-1,1632,-1,-1,-1,-1,-1,-1,3,0,0,0,0,0,3,0,11,5,9,41.94442278,-87.7864627
0,443260,-1,15,0,0,0,1,7,7,0,0,0,0,0,-1,1,1,20,20,412,-1,-1,-1,-1,-1,-1,2,0,0,0,0,0,1,0,10,5,9,41.73806421,-87.58508027
0,443249,-1,30,0,0,0,1,14,5,2,0,0,0,0,1,-1,-1,17,21,1823,-1,-1,-1,-1,-1,-1,2,0,0,0,0,0,2,0,10,5,9,41.90358362,-87.6346165
0,443207,-1,20,1,2,0,1,12,5,2,0,0,0,0,-1,-1,1,22,21,511,-1,-1,-1,-1,-1,-1,2,0,0,0,0,0,2,0,10,5,9,41.72168869,-87.62073346
0,443310,-1,15,0,0,0,1,0,7,-1,0,0,0,0,-1,1,-1,20,-1,2031,-1,-1,-1,-1,-1,-1,2,0,0,0,0,0,2,0,10,5,9,41.97565588,-87.7012023
0,443262,-1,30,1,2,0,1,14,5,2,0,0,0,0,1,-1,-1,23,-1,2521,-1,-1,-1,-1,-1,-1,2,0,0,0,0,0,3,0,10,5,9,41.93149097,-87.74644595
1,443246,-1,30,0,0,0,1,9,0,1,0,0,0,1,-1,-1,-1,33,-1,112,-1,-1,-1,-1,-1,-1,2,1,0,0,0,1,1,0,10,5,9,41.87960482,-87.6272844
0,443236,-1,30,1,2,0,1,10,5,4,0,0,0,1,1,-1,-1,12,0,912,-1,-1,-1,-1,-1,-1,4,0,0,0,0,0,5,0,10,5,9,41.83773268,-87.66589445
0,444535,-1,20,1,2,0,1,10,5,4,0,0,0,0,-1,-1,-1,18,0,1232,-1,-1,-1,-1,-1,-1,2,0,0,0,0,0,2,0,10,5,9,41.8696379,-87.64710951
0,444513,1,0,0,0,0,1,2,0,-1,0,0,0,0,1,-1,1,-1,-1,1432,-1,-1,-1,-1,-1,-1,1,0,0,0,0,0,1,0,10,5,9,41.92579796,-87.6859224
0,443283,-1,25,0,0,0,1,14,5,-1,0,0,0,0,-1,-1,-1,23,0,2423,-1,-1,-1,-1,-1,-1,2,0,0,0,0,0,2,0,10,5,9,42.01212203,-87.67249463
0,443290,-1,30,1,2,0,1,10,5,2,0,0,0,0,1,-1,-1,0,0,1433,-1,-1,-1,-1,-1,-1,3,0,0,0,0,0,3,0,10,5,9,41.91778531,-87.66777456
0,443198,-1,30,0,0,0,1,7,5,-1,0,0,0,0,-1,-1,-1,0,0,1722,-1,-1,-1,-1,-1,-1,2,0,0,0,0,0,1,0,10,5,9,41.9679496,-87.74499119
0,443439,-1,40,1,2,0,1,14,5,-1,0,0,0,0,1,-1,-1,23,-1,1614,-1,-1,-1,-1,-1,-1,2,0,0,0,0,0,2,0,10,5,9,41.98634263,-87.83710395
0,443286,-1,45,0,0,0,1,12,5,-1,0,0,0,0,-1,-1,-1,18,0,1814,-1,-1,-1,-1,-1,-1,3,0,0,0,0,0,3,0,10,5,9,41.91841623,-87.62922482
0,443224,-1,30,1,2,0,1,14,12,-1,0,0,0,1,1,-1,-1,17,-1,1811,-1,-1,-1,-1,-1,-1,2,0,0,0,0,0,3,0,10,5,9,41.91378457,-87.65350387
0,443184,-1,30,0,0,0,1,2,12,-1,0,0,2,0,-1,-1,-1,-1,-1,1831,-1,-1,-1,-1,-1,-1,1,0,0,0,0,0,1,0,10,5,9,41.89071594,-87.63014745
0,443505,-1,30,0,0,0,1,7,5,2,0,0,0,0,-1,-1,-1,17,0,934,-1,-1,-1,-1,-1,-1,2,0,0,0,0,0,1,0,10,5,9,41.79885381,-87.64542097
0,443320,-1,30,0,0,0,1,7,12,-1,0,0,0,0,-1,-1,-1,11,0,1831,-1,-1,-1,-1,-1,-1,2,0,0,0,0,0,1,0,10,5,9,41.88804059,-87.62817066
0,443230,-1,30,0,0,0,1,14,2,2,0,0,0,1,-1,-1,-1,25,-1,921,-1,-1,-1,-1,-1,-1,2,0,0,0,0,0,6,0,10,5,9,41.81871101,-87.69467483
0,443191,-1,30,0,0,0,1,7,6,-1,0,0,0,0,-1,-1,1,0,-1,824,-1,-1,-1,-1,-1,-1,2,0,0,0,0,0,1,0,10,5,9,41.78910143,-87.70084443
2,443188,-1,30,0,0,0,1,0,12,4,0,0,0,1,1,1,-1,17,-1,1723,-1,-1,-1,-1,-1,-1,2,1,0,0,1,0,1,0,10,5,9,41.95391177,-87.71673108
0,443212,-1,30,0,0,0,1,2,5,-1,1,0,0,0,-1,-1,-1,-1,-1,912,-1,-1,-1,-1,-1,-1,1,0,0,0,0,0,1,0,9,5,9,41.8304563,-87.67929089
0,443288,-1,25,0,0,0,1,10,5,-1,0,0,0,0,-1,-1,-1,16,-1,2514,-1,-1,-1,-1,-1,-1,2,0,0,0,0,0,2,0,9,5,9,41.93844082,-87.76847448
0,443988,1,30,0,0,0,1,7,6,1,0,0,0,0,-1,-1,1,0,0,931,-1,-1,-1,-1,-1,-1,2,0,0,0,0,0,1,0,9,5,9,41.80828279,-87.67118342
0,443144,-1,30,2,2,0,1,0,6,-1,0,0,0,0,1,-1,-1,17,0,631,-1,-1,-1,-1,-1,-1,2,0,0,0,0,0,2,0,9,5,9,41.74546378,-87.61976324
0,443132,-1,35,0,0,0,1,12,2,-1,0,0,0,0,-1,-1,1,14,-1,523,-1,-1,-1,-1,-1,-1,2,0,0,0,0,0,2,0,9,5,9,41.66195224,-87.64127265
0,443118,-1,30,0,0,1,1,7,5,2,2,0,0,0,-1,-1,0,0,-1,1613,-1,-1,-1,-1,-1,-1,2,0,0,0,0,0,1,0,9,5,9,41.97823844,-87.79353689
1,443100,-1,25,0,0,0,1,9,5,-1,0,0,0,1,-1,-1,-1,17,-1,915,-1,-1,-1,-1,-1,-1,2,1,0,0,0,1,1,0,9,5,9,41.83054156,-87.65350553
0,443117,-1,30,1,2,0,1,14,2,4,0,0,0,0,1,-1,-1,21,17,1623,-1,-1,-1,-1,-1,-1,2,0,0,0,0,0,2,0,9,5,9,41.96764412,-87.76097679
0,443112,-1,15,0,0,0,1,2,0,1,0,0,0,0,-1,1,-1,-1,-1,434,-1,-1,-1,-1,-1,-1,1,0,0,0,0,0,1,0,9,5,9,41.70266221,-87.56262407
0,443415,-1,30,0,0,0,1,12,6,-1,0,0,0,0,-1,-1,1,0,0,122,-1,-1,-1,-1,-1,-1,2,0,0,0,0,0,2,0,9,5,9,41.87942118,-87.63389941
0,443234,-1,30,2,2,0,1,10,2,4,0,0,0,0,-1,-1,-1,18,0,614,-1,-1,-1,-1,-1,-1,2,0,0,0,0,0,2,0,9,5,9,41.73616578,-87.66292732
0,443111,-1,30,2,0,0,1,14,5,-1,0,0,0,0,1,-1,-1,0,12,1654,-1,-1,-1,-1,-1,-1,2,0,0,0,0,0,2,0,9,5,9,-1,-1
0,443124,-1,30,1,2,0,1,10,2,4,0,0,0,1,-1,-1,-1,18,0,1732,-1,-1,-1,-1,-1,-1,4,0,0,0,0,0,4,0,9,5,9,41.95373773,-87.71355424
1,443103,-1,30,1,2,1,1,11,2,2,0,0,0,1,-1,-1,-1,0,15,2523,-1,-1,-1,-1,-1,-1,3,1,0,0,0,1,2,0,9,5,9,41.93260422,-87.72714823
0,443177,-1,35,-1,-1,0,1,14,2,-1,0,-1,-1,0,1,-1,-1,17,0,2223,-1,-1,-1,-1,-1,-1,2,0,0,0,0,0,2,0,9,5,9,41.71576421,-87.64291401
0,443554,1,0,0,0,0,1,7,7,0,0,0,0,0,-1,1,1,0,0,213,-1,-1,-1,-1,-1,-1,2,0,0,0,0,0,1,0,9,5,9,41.82364932,-87.62302379
0,443108,-1,20,0,0,0,1,7,5,2,0,0,0,0,-1,-1,1,22,22,2031,-1,-1,-1,-1,-1,-1,2,0,0,0,0,0,2,0,9,5,9,41.97583292,-87.68562173
0,443094,-1,30,1,2,0,1,12,12,3,0,0,0,1,-1,-1,-1,0,0,1233,-1,-1,-1,-1,-1,-1,2,0,0,0,0,0,3,0,9,5,9,41.86691335,-87.65927024
0,443852,-1,25,0,0,0,1,7,6,-1,0,0,0,0,-1,-1,1,0,-1,431,-1,-1,-1,-1,-1,-1,2,0,0,0,0,0,1,0,9,5,9,41.72093849,-87.57760366
0,443330,-1,30,0,0,0,1,7,3,4,0,0,0,0,-1,-1,-1,17,17,133,-1,-1,-1,-1,-1,-1,2,0,0,0,0,0,1,0,9,5,9,41.84326087,-87.61775369
2,443101,-1,30,0,0,0,1,0,2,-1,0,0,-1,1,1,-1,-1,17,0,621,-1,-1,-1,-1,-1,-1,2,1,0,0,1,0,2,0,9,5,9,41.74892784,-87.64405382
2,443074,-1,20,2,2,0,1,9,6,-1,0,0,0,1,1,-1,-1,0,0,711,-1,-1,-1,-1,-1,-1,2,1,0,0,1,0,1,0,9,5,9,-1,-1
0,443073,-1,30,0,0,0,1,7,5,2,0,0,0,0,-1,-1,1,0,0,2223,-1,-1,-1,-1,-1,-1,2,0,0,0,0,0,1,0,9,5,9,41.73244278,-87.64413134
0,443067,-1,30,0,0,0,1,12,2,4,0,0,0,0,-1,-1,-1,21,0,1732,-1,-1,-1,-1,-1,-1,2,0,0,0,0,0,2,0,8,5,9,41.94151945,-87.72711195
0,443538,-1,30,0,0,0,1,10,6,3,0,0,0,0,-1,-1,-1,20,-1,1214,-1,-1,-1,-1,-1,-1,2,0,0,0,0,0,2,0,8,5,9,41.88662519,-87.65249098
0,444611,-1,30,0,0,0,1,14,12,2,0,0,-1,0,-1,-1,-1,0,0,632,-1,-1,-1,-1,-1,-1,2,0,0,0,0,0,2,0,8,5,9,41.74034444,-87.60965504
0,443097,-1,30,0,0,0,1,12,5,-1,0,0,0,0,-1,-1,-1,18,-1,1433,-1,-1,-1,-1,-1,-1,3,0,0,0,0,0,2,0,8,5,9,41.91050175,-87.66904895
0,443096,-1,15,0,0,0,1,11,7,0,0,0,0,0,-1,1,-1,0,-1,1632,-1,-1,-1,-1,-1,-1,2,0,0,0,0,0,2,0,8,5,9,41.93825571,-87.7965195
0,443087,-1,0,1,2,0,1,12,2,-1,0,0,0,0,-1,-1,-1,0,0,1034,-1,-1,-1,-1,-1,-1,2,0,0,0,0,0,3,0,8,5,9,41.84330771,-87.68550216
0,443082,-1,30,1,2,0,1,12,5,2,0,0,0,0,-1,-1,-1,17,22,914,-1,-1,-1,-1,-1,-1,2,0,0,0,0,0,2,0,8,5,9,41.84118035,-87.64620823
0,443061,-1,30,1,2,0,1,12,5,2,0,0,0,0,1,-1,-1,22,-1,1623,-1,-1,-1,1,2,-1,2,0,0,0,0,0,2,0,8,5,9,41.97942389,-87.75877598
0,443858,-1,30,0,0,0,1,10,5,-1,0,0,0,0,-1,-1,-1,-1,-1,815,-1,-1,-1,-1,-1,-1,2,0,0,0,0,0,2,0,8,5,9,41.81834902,-87.72409641
0,443070,-1,30,1,2,1,1,14,6,-1,0,0,0,0,-1,-1,-1,0,0,1135,-1,-1,-1,-1,-1,-1,2,0,0,0,0,0,2,0,8,5,9,41.87424262,-87.70088858
0,443055,-1,30,1,2,0,1,14,5,-1,0,0,0,0,-1,-1,-1,23,-1,235,-1,-1,-1,-1,-1,-1,2,0,0,0,0,0,4,0,8,5,9,41.79510594,-87.58770941
0,443047,-1,35,2,2,1,1,14,5,4,0,1,0,1,1,-1,-1,17,0,1621,-1,-1,-1,-1,-1,-1,2,0,0,0,0,0,2,0,8,5,9,42.01185932,-87.77551074
0,444175,-1,30,12,12,0,3,7,7,-1,0,0,-1,0,-1,-1,1,-1,-1,2221,-1,-1,-1,-1,-1,-1,2,0,0,0,0,0,1,0,8,5,9,41.73256752,-87.66282631
1,443041,-1,35,0,0,0,1,14,5,5,0,0,0,1,-1,-1,-1,0,0,1434,-1,-1,-1,-1,-1,-1,2,1,0,0,0,1,1,0,8,5,9,41.91041392,-87.6885847
3,443028,-1,30,0,0,0,1,10,3,4,0,0,0,1,-1,-1,-1,16,-1,2223,-1,-1,-1,-1,-1,-1,2,1,0,1,0,0,1,0,8,5,9,41.73591422,-87.64111778
0,443020,-1,30,0,0,0,1,12,3,-1,0,0,0,1,-1,-1,1,21,-1,833,-1,-1,-1,-1,-1,-1,2,0,0,0,0,0,3,0,8,5,9,41.7568764,-87.72232174
0,443099,-1,30,2,0,0,1,0,5,-1,0,0,0,0,-1,-1,-1,17,-1,622,-1,-1,-1,-1,-1,-1,2,0,0,0,0,0,2,0,8,5,9,41.74704919,-87.63533771
0,443025,-1,30,3,0,1,1,7,2,2,0,0,0,1,-1,-1,-1,23,16,1225,-1,-1,-1,-1,-1,-1,2,0,0,0,0,0,1,0,8,5,9,41.86920391,-87.67713532