MOST_SEVERE_INJURY,RD_NO,CRASH_DATE_EST_I,POSTED_SPEED_LIMIT,TRAFFIC_CONTROL_DEVICE,DEVICE_CONDITION,WEATHER_CONDITION,LIGHTING_CONDITION,FIRST_CRASH_TYPE,TRAFFICWAY_TYPE,LANE_CNT,ALIGNMENT,ROADWAY_SURFACE_COND,ROAD_DEFECT,CRASH_TYPE,INTERSECTION_RELATED_I,NOT_RIGHT_OF_WAY_I,HIT_AND_RUN_I,PRIM_CONTRIBUTORY_CAUSE,SEC_CONTRIBUTORY_CAUSE,BEAT_OF_OCCURRENCE,PHOTOS_TAKEN_I,STATEMENTS_TAKEN_I,DOORING_I,WORK_ZONE_I,WORK_ZONE_TYPE,WORKERS_PRESENT_I,NUM_UNITS,INJURIES_TOTAL,INJURIES_FATAL,INJURIES_INCAPACITATING,INJURIES_NON_INCAPACITATING,INJURIES_REPORTED_NOT_EVIDENT,INJURIES_NO_INDICATION,INJURIES_UNKNOWN,CRASH_HOUR,CRASH_DAY_OF_WEEK,CRASH_MONTH,LATITUDE,LONGITUDE
0,443059,-1,30,1,2,0,1,12,5,4,0,0,0,0,1,-1,-1,21,0,912,-1,-1,-1,-1,-1,-1,2,0,0,0,0,0,2,0,8,5,9,41.8293432,-87.68428394
-1,443120,-1,30,2,2,0,1,0,12,2,0,0,0,0,1,-1,-1,0,0,432,-1,-1,-1,-1,-1,-1,-1,-1,-1,-1,-1,-1,-1,-1,8,5,9,41.70263015,-87.53301324
0,443821,-1,30,0,0,0,1,14,5,2,0,0,0,0,-1,-1,1,22,35,1633,-1,-1,-1,-1,-1,-1,2,0,0,0,0,0,2,0,8,5,9,41.94055556,-87.7631532
0,451503,-1,30,0,0,0,1,10,5,-1,0,0,0,0,-1,-1,-1,0,-1,1431,-1,-1,-1,-1,-1,-1,2,0,0,0,0,0,3,0,8,5,9,41.92498632,-87.69014679
0,443987,-1,15,0,0,0,1,2,0,1,0,-1,-1,0,-1,-1,-1,11,-1,1112,-1,-1,-1,-1,-1,-1,1,0,0,0,0,0,1,0,8,5,9,41.89454599,-87.7222384
0,443038,-1,35,1,2,0,1,12,3,-1,0,0,1,0,1,-1,-1,17,11,524,1,-1,-1,1,2,1,2,0,0,0,0,0,5,0,8,5,9,41.67064853,-87.64172839
0,443029,-1,30,2,2,1,1,0,5,4,0,0,2,0,-1,-1,-1,17,-1,1622,-1,-1,-1,-1,-1,-1,2,0,0,0,0,0,2,0,8,5,9,41.975669,-87.78681
0,443036,-1,30,0,0,0,1,12,2,2,0,0,0,0,-1,-1,-1,22,0,1232,-1,-1,-1,-1,-1,-1,2,0,0,0,0,0,2,0,7,5,9,41.8811552,-87.65216051
0,443122,-1,30,0,0,0,1,12,5,4,0,0,0,0,-1,-1,-1,17,17,1235,-1,-1,-1,-1,-1,-1,2,0,0,0,0,0,2,0,7,5,9,41.85771469,-87.65170618
3,443008,-1,30,0,0,0,1,0,0,1,0,0,0,1,1,-1,-1,0,-1,1024,-1,-1,-1,-1,-1,-1,2,1,0,1,0,0,1,0,7,5,9,41.84618973,-87.7085964
0,443619,-1,30,0,0,0,1,7,7,-1,0,0,0,0,-1,1,-1,-1,-1,831,-1,-1,-1,-1,-1,-1,2,0,0,0,0,0,2,0,7,5,9,41.77390682,-87.6970673
2,443022,-1,30,2,0,0,1,0,5,-1,0,0,0,1,1,-1,-1,17,-1,323,-1,-1,-1,-1,-1,-1,2,1,0,0,1,0,2,0,7,5,9,41.76207817,-87.61992595
0,443019,-1,0,0,0,1,1,12,6,1,0,0,0,1,-1,-1,-1,17,-1,2523,-1,-1,-1,-1,-1,-1,2,0,0,0,0,0,2,0,7,5,9,41.93216515,-87.7194932
0,443000,1,30,0,0,0,1,14,2,4,0,0,0,0,-1,-1,-1,17,0,1013,-1,-1,-1,-1,-1,-1,2,0,0,0,0,0,2,0,7,5,9,41.84926769,-87.72957054
0,443006,-1,30,0,0,0,1,10,2,-1,0,0,0,0,-1,-1,-1,18,-1,1654,-1,-1,-1,-1,-1,-1,3,0,0,0,0,0,3,0,7,5,9,41.95466395,-87.89288818
0,444086,-1,30,1,2,0,1,10,3,4,0,0,0,0,1,-1,-1,18,25,914,-1,-1,-1,-1,-1,-1,2,0,0,0,0,0,3,0,7,5,9,41.85274018,-87.63214656
0,443009,-1,30,0,0,1,1,14,2,-1,0,0,0,0,-1,-1,-1,0,0,1733,-1,-1,-1,-1,-1,-1,2,0,0,0,0,0,3,0,7,5,9,41.94653008,-87.70665609
0,442992,-1,20,1,2,0,1,8,6,1,0,0,0,0,1,-1,-1,17,23,1634,-1,-1,-1,-1,-1,-1,2,0,0,0,0,0,3,0,7,5,9,41.94975664,-87.75715729
0,444467,-1,30,2,2,0,1,14,5,4,0,0,0,0,0,-1,1,0,0,1531,-1,-1,-1,-1,-1,-1,2,0,0,0,0,0,2,0,7,5,9,41.89511222,-87.74593243
0,442983,-1,30,0,0,0,1,14,7,-1,3,0,0,0,-1,-1,-1,0,-1,1711,-1,-1,-1,-1,-1,-1,2,0,0,0,0,0,2,0,7,5,9,41.99567714,-87.71574318
1,442976,-1,20,1,2,0,1,10,5,-1,0,0,0,1,1,-1,0,16,16,611,-1,-1,-1,-1,-1,-1,3,4,0,0,0,4,1,0,7,5,9,41.75034044,-87.6731969
2,442971,-1,30,0,0,0,1,8,5,2,0,0,0,1,1,-1,-1,17,-1,2212,-1,-1,-1,-1,-1,-1,2,1,0,0,1,0,1,0,7,5,9,41.68467802,-87.66921312
2,442966,-1,30,0,0,0,1,0,2,-1,0,0,0,1,1,-1,-1,17,33,813,-1,-1,-1,-1,-1,-1,2,1,0,0,1,0,2,0,7,5,9,41.77841892,-87.73380369
0,446482,-1,30,0,0,0,1,10,5,2,0,0,0,0,-1,-1,-1,16,-1,1511,-1,-1,-1,-1,-1,-1,2,0,0,0,0,0,4,0,7,5,9,41.89509984,-87.77499527
0,442996,-1,20,0,0,0,1,7,6,-1,0,0,0,1,-1,-1,-1,0,0,812,-1,-1,-1,-1,-1,-1,2,0,0,0,0,0,1,0,7,5,9,41.78052856,-87.7839636
0,442995,-1,30,0,0,0,1,12,2,-1,0,0,0,0,-1,-1,-1,17,21,1912,-1,-1,-1,-1,-1,-1,2,0,0,0,0,0,2,0,7,5,9,41.9562504,-87.66357292
0,442997,-1,30,0,0,0,1,12,2,-1,0,0,0,0,-1,-1,-1,22,-1,832,-1,1,-1,-1,-1,-1,2,0,0,0,0,0,2,0,7,5,9,41.76250496,-87.68303686
0,443011,-1,30,2,2,0,1,0,5,2,0,0,0,0,1,-1,-1,-1,-1,2511,-1,-1,-1,-1,-1,-1,2,0,0,0,0,0,2,0,7,5,9,41.93107757,-87.78713088
0,443056,-1,30,0,0,0,1,12,3,2,2,0,0,0,-1,-1,-1,29,0,634,-1,-1,-1,-1,-1,-1,2,0,0,0,0,0,2,0,7,5,9,41.73586838,-87.63241334
0,443016,-1,30,0,0,0,1,14,5,-1,0,0,0,0,-1,-1,-1,17,0,1013,-1,-1,-1,-1,-1,-1,2,0,0,0,0,0,3,0,7,5,9,41.84626084,-87.72042659
0,443049,-1,30,0,0,0,1,10,6,3,0,0,0,0,-1,-1,-1,0,0,524,-1,-1,-1,-1,-1,-1,2,0,0,0,0,0,4,0,7,5,9,41.6768304,-87.66121975
0,442967,-1,30,0,0,0,1,0,5,2,0,0,0,1,-1,-1,-1,20,-1,1812,-1,-1,-1,-1,-1,-1,2,0,0,0,0,0,2,0,7,5,9,41.92504586,-87.64374167
0,442965,-1,30,0,0,0,1,7,2,2,0,0,-1,0,-1,-1,1,18,16,1221,-1,-1,-1,-1,-1,-1,2,0,0,0,0,0,1,0,7,5,9,41.89070506,-87.677407
0,442945,-1,30,1,2,0,1,10,5,2,0,0,0,0,-1,-1,1,2,16,731,-1,-1,-1,-1,-1,-1,2,0,0,0,0,0,9,0,6,5,9,41.76534449,-87.62807994
0,443640,-1,30,1,2,0,1,10,5,-1,0,0,0,0,1,-1,-1,0,-1,1411,-1,-1,-1,-1,-1,-1,2,0,0,0,0,0,2,0,6,5,9,41.93932587,-87.7075501
0,442926,-1,30,2,2,0,1,14,1,4,0,0,0,0,1,-1,-1,17,23,122,-1,-1,-1,-1,-1,-1,2,0,0,0,0,0,3,0,6,5,9,41.88202707,-87.63669558
0,442930,-1,40,1,2,0,1,10,3,8,0,0,0,0,-1,-1,-1,11,-1,114,-1,-1,-1,-1,-1,-1,2,0,0,0,0,0,2,0,6,5,9,41.87575626,-87.61751568
0,442950,-1,25,0,0,0,1,12,5,2,0,1,0,1,-1,-1,-1,17,17,2412,-1,-1,-1,-1,-1,-1,2,0,0,0,0,0,3,0,6,5,9,41.99782145,-87.6909609
0,442935,-1,30,1,2,0,1,12,2,4,2,0,0,0,1,-1,1,21,-1,814,-1,-1,-1,-1,-1,-1,2,0,0,0,0,0,2,0,6,5,9,41.81672939,-87.74353671
0,442949,-1,30,0,0,0,1,7,5,-1,2,0,0,0,-1,-1,-1,0,-1,2012,-1,-1,-1,-1,-1,-1,2,0,0,0,0,0,1,0,6,5,9,41.9857619,-87.68936845
1,444431,-1,30,0,0,1,3,9,1,-1,0,0,0,1,-1,-1,-1,-1,-1,823,-1,-1,-1,-1,-1,-1,2,1,0,0,0,1,1,0,6,5,9,41.78433325,-87.7034373
0,460021,-1,30,0,0,0,1,7,7,0,0,0,0,0,-1,-1,-1,11,-1,813,-1,-1,-1,-1,-1,-1,2,0,0,0,0,0,1,0,6,5,9,41.78573281,-87.73843832
0,446511,-1,0,0,0,0,3,12,5,4,0,0,0,0,-1,-1,-1,17,-1,632,-1,-1,-1,-1,-1,-1,2,0,0,0,0,0,2,0,6,5,9,41.73624476,-87.62307968
0,443883,1,15,0,0,0,-1,7,7,-1,0,0,0,0,-1,1,1,0,0,222,-1,-1,-1,-1,-1,-1,2,0,0,0,0,0,1,0,6,5,9,41.80331559,-87.58528742
0,443614,-1,30,0,0,0,1,7,5,-1,0,0,0,0,-1,-1,-1,0,0,913,-1,-1,-1,-1,-1,-1,2,0,0,0,0,0,1,0,6,5,9,41.83801736,-87.66095614
0,442936,-1,30,0,0,0,1,0,5,-1,0,0,0,0,-1,-1,1,0,0,814,-1,-1,-1,-1,-1,-1,2,0,0,0,0,0,2,0,5,5,9,41.80761793,-87.75178655
0,442914,-1,30,0,0,0,3,0,2,2,0,0,0,0,0,-1,1,18,16,1022,-1,-1,-1,-1,-1,-1,3,0,0,0,0,0,3,0,5,5,9,41.85196242,-87.69928007
0,442915,-1,30,1,2,0,2,12,5,8,0,0,0,0,-1,-1,1,0,0,114,-1,-1,-1,-1,-1,-1,3,0,0,0,0,0,4,0,5,5,9,41.87314833,-87.62073886
0,142915,-1,30,1,2,0,2,12,5,8,0,0,0,0,-1,-1,1,0,0,114,-1,-1,-1,-1,-1,-1,3,0,0,0,0,0,4,0,5,5,9,41.87314833,-87.62073886
0,442924,-1,30,0,0,0,0,12,2,2,0,0,0,0,-1,-1,-1,22,0,1814,-1,-1,-1,-1,-1,-1,2,0,0,0,0,0,2,0,5,5,9,41.91130449,-87.6258786
0,444091,-1,30,0,0,-1,-1,7,6,1,0,-1,-1,0,-1,-1,1,0,-1,2523,-1,-1,-1,-1,-1,-1,2,0,0,0,0,0,1,0,5,5,9,41.93353389,-87.72498813
0,442908,-1,30,0,0,0,3,2,12,0,0,12,0,0,-1,-1,-1,0,-1,1112,-1,-1,-1,-1,-1,-1,1,0,0,0,0,0,2,0,5,5,9,41.89530385,-87.7211291
0,442903,-1,30,2,2,0,3,10,2,-1,0,1,0,0,0,-1,-1,8,0,1732,-1,-1,-1,-1,-1,-1,2,0,0,0,0,0,3,0,4,5,9,41.95362628,-87.71939203
0,443515,1,30,0,0,-1,-1,7,6,-1,0,-1,-1,0,-1,-1,1,0,-1,2532,-1,-1,-1,-1,-1,-1,2,0,0,0,0,0,1,0,4,5,9,41.90779639,-87.76351579
0,442890,-1,20,0,0,0,3,7,5,1,0,0,0,1,1,-1,-1,0,0,2213,-1,-1,-1,-1,-1,-1,2,0,0,0,0,0,2,0,2,5,9,41.71809198,-87.66619198
3,442879,-1,30,2,2,0,3,7,5,2,0,0,-1,1,-1,-1,-1,5,16,1412,-1,-1,-1,-1,-1,-1,4,1,0,1,0,0,0,0,2,5,9,41.93737394,-87.71228085
0,442954,-1,30,0,0,-1,3,7,0,-1,0,-1,0,0,-1,1,1,0,-1,1911,-1,-1,-1,-1,-1,-1,2,0,0,0,0,0,1,0,1,5,9,41.9604966,-87.69096033
0,401189,-1,30,0,3,0,3,10,5,-1,0,0,0,0,-1,-1,-1,0,0,413,-1,-1,-1,-1,-1,-1,2,0,0,0,0,0,2,0,1,5,9,41.73153777,-87.58567864
2,442848,-1,30,2,12,0,3,14,2,4,0,0,0,1,1,-1,-1,17,17,1824,-1,-1,-1,-1,-1,-1,2,1,0,0,1,0,1,0,0,5,9,41.90327492,-87.6330465
0,442828,-1,0,0,0,0,3,7,7,-1,2,0,3,0,-1,0,1,25,-1,712,-1,-1,-1,-1,-1,-1,2,0,0,0,0,0,1,0,0,5,9,41.79086155,-87.65342774
0,442822,-1,30,1,2,0,3,14,3,3,0,0,0,0,1,-1,-1,18,18,2211,-1,1,-1,-1,-1,-1,2,0,0,0,0,0,2,0,23,4,9,41.7135699,-87.68198572
0,442798,-1,30,2,2,0,3,0,6,1,0,0,0,1,1,-1,-1,25,15,1523,-1,-1,-1,-1,-1,-1,8,0,0,0,0,0,2,0,23,4,9,41.88237521,-87.76334229
0,442790,-1,30,0,0,0,3,7,5,-1,0,0,0,0,-1,-1,-1,32,27,2211,-1,-1,-1,-1,-1,-1,4,0,0,0,0,0,1,0,22,4,9,41.68888854,-87.70225963
0,442802,-1,25,0,0,0,3,7,6,-1,0,0,0,0,-1,-1,1,20,20,2535,-1,-1,-1,-1,-1,-1,2,0,0,0,0,0,1,0,22,4,9,41.91491006,-87.71777492
-1,442805,-1,30,1,2,0,3,12,5,-1,0,0,0,0,-1,-1,1,22,-1,932,-1,-1,-1,-1,-1,-1,-1,-1,-1,-1,-1,-1,-1,-1,22,4,9,41.79567268,-87.67449746
0,442770,-1,30,0,0,0,3,10,5,-1,0,0,0,0,-1,-1,-1,18,18,1731,-1,-1,-1,-1,-1,-1,2,0,0,0,0,0,3,0,22,4,9,41.9408919,-87.72738355
0,442791,-1,30,1,2,0,3,14,5,2,0,0,0,0,1,-1,-1,18,16,921,-1,-1,-1,-1,-1,-1,2,0,0,0,0,0,2,0,22,4,9,41.82021013,-87.69471963
0,442774,-1,30,0,0,0,3,7,6,-1,0,0,-1,0,-1,-1,1,20,-1,323,-1,-1,-1,-1,-1,-1,2,0,0,0,0,0,1,0,22,4,9,41.76160016,-87.61047612
0,442757,-1,30,0,-1,0,3,10,2,2,0,0,-1,0,-1,-1,1,18,18,933,-1,-1,-1,-1,-1,-1,2,0,0,0,0,0,2,0,22,4,9,41.80873776,-87.64685199
0,442783,-1,30,1,2,0,3,12,5,-1,0,0,0,0,-1,-1,-1,22,21,921,-1,-1,-1,-1,-1,-1,2,0,0,0,0,0,2,0,22,4,9,41.82007038,-87.69471484
0,443986,-1,30,1,2,0,3,0,5,4,0,0,0,0,-1,-1,1,17,17,1014,-1,-1,-1,-1,-1,-1,2,0,0,0,0,0,2,0,22,4,9,41.85908252,-87.71527273
0,442745,-1,30,2,-1,0,3,12,5,-1,3,0,0,1,-1,-1,1,0,0,1024,-1,-1,-1,-1,-1,-1,2,0,0,0,0,0,2,0,21,4,9,41.85204289,-87.71142546
2,442760,-1,30,0,0,0,3,0,6,-1,0,0,0,1,1,-1,1,5,16,1511,-1,-1,-1,-1,-1,-1,2,2,0,0,2,0,4,0,21,4,9,41.90039194,-87.76807812
0,455920,-1,30,0,0,0,1,7,5,2,0,0,0,0,-1,-1,-1,0,-1,1233,-1,-1,-1,-1,-1,-1,2,0,0,0,0,0,1,0,21,4,9,41.85778538,-87.66011135
1,442667,-1,30,0,0,0,3,7,5,1,0,0,0,1,-1,-1,-1,21,14,833,-1,-1,-1,-1,-1,-1,2,1,0,0,0,1,0,0,21,4,9,41.76795863,-87.71488762
0,442736,-1,30,1,2,0,0,12,5,-1,0,0,0,0,-1,-1,1,10,-1,1831,-1,-1,-1,-1,-1,-1,2,0,0,0,0,0,2,0,21,4,9,41.89082334,-87.62818359
0,442718,-1,10,0,0,0,0,10,4,-1,0,0,0,0,-1,-1,-1,18,-1,1614,-1,-1,-1,-1,-1,-1,2,0,0,0,0,0,2,0,21,4,9,41.96276792,-87.83684033
-1,442780,-1,35,1,2,0,3,10,3,-1,0,0,0,0,-1,-1,-1,16,18,114,-1,-1,-1,-1,-1,-1,-1,-1,-1,-1,-1,-1,-1,-1,20,4,9,41.86759619,-87.62055701
0,442728,-1,30,1,2,0,3,2,5,-1,0,0,0,1,-1,-1,-1,14,-1,633,-1,-1,-1,-1,-1,-1,1,0,0,0,0,0,1,0,20,4,9,41.7253297,-87.60470256
1,442661,-1,30,1,2,0,3,10,3,4,0,0,0,1,1,-1,-1,7,18,622,-1,-1,-1,-1,-1,-1,3,3,0,0,0,3,1,0,20,4,9,41.7363802,-87.62769924
0,442701,-1,20,0,0,0,3,7,2,-1,0,0,0,0,-1,-1,1,0,0,822,-1,-1,-1,-1,-1,-1,2,0,0,0,0,0,1,0,20,4,9,41.78964207,-87.71172677
0,442700,-1,30,0,0,0,0,9,7,0,0,0,-1,0,-1,-1,0,20,0,1112,-1,-1,-1,-1,-1,-1,2,0,0,0,0,0,2,0,20,4,9,41.90216858,-87.7166763
0,442674,-1,30,2,2,0,3,10,5,2,0,0,0,0,-1,-1,1,18,0,2433,-1,-1,-1,-1,-1,-1,2,0,0,0,0,0,2,0,20,4,9,41.99806275,-87.66206145
2,442653,-1,30,2,2,0,3,14,5,2,0,0,-1,1,1,-1,-1,0,0,823,-1,-1,-1,-1,-1,-1,2,1,0,0,1,0,1,0,20,4,9,41.77909933,-87.70198143
0,442725,1,30,1,-1,0,3,10,3,8,0,1,-1,0,-1,-1,-1,18,0,1833,-1,-1,-1,-1,-1,-1,2,0,0,0,0,0,2,0,20,4,9,41.89632811,-87.61649387
2,444975,-1,30,0,0,2,3,10,5,-1,0,0,-1,1,-1,-1,-1,0,0,1722,-1,-1,-1,-1,-1,-1,3,2,0,0,2,0,2,0,20,4,9,41.96795783,-87.74421866
0,442640,-1,30,1,2,0,3,12,5,-1,0,0,0,0,-1,-1,1,22,-1,1833,-1,-1,-1,-1,-1,-1,2,0,0,0,0,0,2,0,20,4,9,41.89682805,-87.6172077
0,442660,-1,30,1,2,0,1,12,5,4,0,0,0,0,1,-1,-1,18,21,112,-1,-1,-1,-1,-1,-1,2,0,0,0,0,0,2,0,19,4,9,41.88310574,-87.62935556
0,442771,-1,30,1,-1,0,3,10,5,2,0,-1,-1,0,1,-1,-1,0,-1,1934,-1,-1,-1,-1,-1,-1,2,0,0,0,0,0,3,0,19,4,9,41.93956558,-87.64910715
0,442652,-1,30,2,2,0,3,14,2,0,0,0,0,1,1,-1,1,5,17,1423,-1,-1,-1,-1,-1,-1,2,0,0,0,0,0,2,0,19,4,9,41.90305629,-87.69454089
0,447578,-1,25,0,0,-1,-1,7,-1,-1,0,-1,-1,0,-1,-1,1,0,-1,2211,-1,-1,-1,-1,-1,-1,2,0,0,0,0,0,1,0,19,4,9,41.68496929,-87.70776225
0,444128,-1,30,2,2,0,1,0,5,-1,0,0,0,0,1,-1,-1,0,0,1433,-1,-1,-1,-1,-1,-1,2,0,0,0,0,0,2,0,19,4,9,41.90347178,-87.66609933
0,443558,-1,30,0,0,0,0,10,2,2,0,0,0,0,-1,-1,1,0,0,1632,-1,-1,-1,-1,-1,-1,2,0,0,0,0,0,2,0,19,4,9,41.95397591,-87.78674111
0,442575,-1,30,0,0,0,0,10,2,4,0,0,0,0,-1,-1,1,11,0,821,-1,-1,-1,-1,-1,-1,2,0,0,0,0,0,3,0,19,4,9,41.80606641,-87.71754992
0,442578,-1,35,2,2,0,3,14,5,-1,0,0,0,0,-1,-1,-1,16,17,1214,-1,-1,-1,-1,-1,-1,2,0,0,0,0,0,2,0,19,4,9,41.89127957,-87.64873362
0,443080,-1,30,2,0,0,1,10,5,-1,0,0,0,0,-1,-1,1,18,0,433,-1,-1,-1,-1,-1,-1,2,0,0,0,0,0,2,0,19,4,9,41.65357788,-87.55278583
0,442630,-1,30,2,2,0,4,0,12,0,0,0,0,0,1,-1,-1,17,11,833,-1,-1,-1,-1,-1,-1,2,0,0,0,0,0,2,0,19,4,9,41.75496429,-87.71853505
0,442529,-1,30,0,0,0,1,7,2,2,0,0,0,0,-1,-1,1,8,-1,1021,-1,-1,-1,-1,-1,-1,2,0,0,0,0,0,3,0,19,4,9,41.85781883,-87.71015288
2,442547,-1,30,-1,-1,2,0,8,5,-1,0,1,-1,1,-1,-1,-1,0,-1,1914,-1,-1,-1,-1,-1,-1,2,1,0,0,1,0,1,0,19,4,9,41.96551284,-87.657248
0,442583,-1,30,0,0,2,3,7,7,-1,0,1,0,0,-1,1,-1,0,0,1831,-1,-1,-1,-1,-1,-1,2,0,0,0,0,0,2,0,19,4,9,41.88755787,-87.62815307
0,442524,-1,30,1,-1,1,4,10,5,4,0,1,-1,0,1,-1,0,0,-1,1733,-1,-1,-1,-1,-1,-1,2,0,0,0,0,0,5,0,19,4,9,41.94674003,-87.70787549
0,442559,-1,30,1,2,2,4,14,2,4,0,1,0,0,1,-1,-1,0,0,1132,-1,-1,-1,-1,-1,-1,2,0,0,0,0,0,2,0,18,4,9,41.8734181,-87.72555861
0,442582,-1,30,0,0,0,0,12,8,1,0,1,0,0,-1,-1,1,22,22,1133,-1,-1,-1,-1,-1,-1,2,0,0,0,0,0,4,0,18,4,9,41.87340585,-87.72033139
0,442598,-1,30,0,0,2,3,12,5,2,0,1,0,0,-1,-1,-1,15,34,1913,-1,-1,-1,-1,-1,-1,2,0,0,0,0,0,3,0,18,4,9,41.96425147,-87.65690248
0,442506,-1,30,1,2,2,1,9,3,2,0,1,0,0,-1,-1,-1,17,0,211,-1,-1,-1,-1,-1,-1,2,0,0,0,0,0,2,0,18,4,9,41.83821029,-87.62692174
1,442854,-1,30,1,2,0,4,10,1,-1,0,0,-1,1,-1,-1,-1,16,0,511,-1,-1,-1,-1,-1,-1,2,1,0,0,0,1,1,0,18,4,9,41.71467117,-87.62025641
0,442615,-1,30,0,0,0,4,12,5,-1,0,0,0,0,-1,-1,1,-1,-1,815,-1,-1,-1,-1,-1,-1,2,0,0,0,0,0,3,0,18,4,9,41.79495745,-87.72335657
0,442546,-1,30,0,0,2,3,10,5,-1,0,1,0,0,-1,-1,-1,0,0,1824,-1,-1,-1,-1,-1,-1,2,0,0,0,0,0,3,0,18,4,9,41.90100286,-87.61977981
0,442516,-1,35,1,2,0,1,3,5,2,0,0,0,0,-1,-1,1,0,0,1022,-1,-1,-1,-1,-1,-1,2,0,0,0,0,0,2,0,18,4,9,41.863071,-87.70563519
0,442490,-1,30,1,2,2,4,10,2,2,0,1,0,0,1,-1,-1,11,0,1221,-1,-1,-1,-1,-1,-1,2,0,0,0,0,0,4,0,18,4,9,41.89225503,-87.69115947
0,442488,-1,30,1,2,2,3,10,2,2,0,1,0,0,-1,-1,1,18,34,1034,-1,-1,-1,-1,-1,-1,2,0,0,0,0,0,2,0,18,4,9,41.84475486,-87.67550075
0,443048,-1,25,0,0,0,1,12,5,-1,0,0,0,0,-1,-1,-1,17,0,1935,-1,-1,-1,-1,-1,-1,2,0,0,0,0,0,2,0,18,4,9,41.92621869,-87.63137196
0,442498,-1,30,0,0,2,0,0,5,-1,0,1,0,0,1,-1,-1,-1,-1,411,-1,-1,-1,-1,-1,-1,2,0,0,0,0,0,5,0,18,4,9,41.75133971,-87.58563227
1,442489,-1,30,0,0,0,1,10,2,2,0,0,-1,1,-1,-1,-1,18,0,614,-1,-1,-1,-1,-1,-1,2,1,0,0,0,1,1,0,18,4,9,41.74301864,-87.65931537
0,442472,-1,30,0,0,0,1,14,2,4,0,0,0,0,-1,-1,-1,21,0,622,-1,-1,-1,-1,-1,-1,2,0,0,0,0,0,2,0,18,4,9,41.7362617,-87.62906472
0,442531,-1,30,0,0,0,4,7,7,-1,0,-1,-1,0,-1,1,-1,0,0,2523,-1,-1,-1,-1,-1,-1,2,0,0,0,0,0,5,0,18,4,9,41.93189772,-87.72710503
0,442536,-1,30,2,2,0,0,0,5,-1,0,1,0,0,1,-1,-1,0,0,914,-1,-1,-1,-1,-1,-1,2,0,0,0,0,0,2,0,18,4,9,41.84160717,-87.64529768
0,442463,-1,30,0,0,2,1,7,6,-1,0,1,0,0,-1,-1,1,-1,-1,112,-1,-1,-1,-1,-1,-1,2,0,0,0,0,0,1,0,18,4,9,41.88294248,-87.62958041
2,442452,-1,30,0,0,2,1,14,2,4,0,1,0,1,1,-1,-1,0,-1,2433,-1,-1,-1,-1,-1,-1,2,1,0,0,1,0,1,0,18,4,9,41.99177439,-87.66046891
0,444023,-1,45,0,0,0,1,12,3,8,0,-1,-1,0,-1,-1,1,21,22,1834,-1,-1,-1,1,2,-1,2,0,0,0,0,0,5,0,17,4,9,41.89114707,-87.61437506
1,442477,-1,30,2,2,0,1,14,5,4,0,0,0,1,-1,-1,-1,0,-1,1233,-1,-1,-1,1,2,-1,2,1,0,0,0,1,2,0,17,4,9,41.86421491,-87.66646841
1,442445,-1,30,2,0,2,1,9,5,2,0,1,0,1,1,-1,-1,0,0,914,-1,-1,-1,-1,-1,-1,2,1,0,0,0,1,1,0,17,4,9,41.83817885,-87.6427962
0,442514,-1,30,0,0,2,3,2,5,-1,0,1,0,0,-1,-1,0,0,0,2222,-1,-1,-1,-1,-1,-1,2,0,0,0,0,0,2,0,17,4,9,41.73583453,-87.65280882
0,442562,-1,30,0,0,0,1,12,6,2,0,0,0,1,-1,-1,-1,0,-1,121,-1,-1,-1,-1,-1,-1,2,0,0,0,0,0,2,0,17,4,9,41.88020479,-87.64099517
0,442433,-1,10,0,0,2,4,2,12,1,0,1,0,0,-1,-1,-1,0,0,1724,-1,-1,-1,-1,-1,-1,1,0,0,0,0,0,1,0,17,4,9,41.96438753,-87.70849248
0,443168,-1,30,1,2,0,1,14,5,-1,0,0,0,0,-1,-1,1,0,0,1013,-1,-1,-1,-1,-1,-1,2,0,0,0,0,0,2,0,17,4,9,41.84436482,-87.72461414
0,442922,-1,30,1,2,1,4,12,2,8,0,1,0,0,-1,-1,-1,21,23,1621,-1,-1,-1,-1,-1,-1,2,0,0,0,0,0,2,0,17,4,9,41.99602756,-87.76425359
0,442518,-1,30,1,2,0,4,10,5,5,0,0,0,0,1,-1,1,22,0,1912,-1,-1,-1,-1,-1,-1,2,0,0,0,0,0,2,0,17,4,9,41.96839089,-87.66928061
1,442432,-1,30,1,2,0,1,10,5,-1,0,1,0,1,1,-1,-1,0,0,925,-1,-1,-1,-1,-1,-1,2,2,0,0,0,2,1,0,17,4,9,41.82330417,-87.64606588
0,442424,-1,35,1,2,0,1,10,5,-1,0,0,-1,0,1,-1,-1,18,-1,414,-1,-1,-1,-1,-1,-1,2,0,0,0,0,0,2,0,17,4,9,41.75878382,-87.57628665
1,442386,-1,30,2,2,0,1,0,5,2,0,0,0,1,1,-1,-1,17,-1,2212,-1,-1,-1,-1,-1,-1,2,1,0,0,0,1,2,0,17,4,9,41.68683365,-87.66667017
0,442372,-1,30,0,0,0,1,7,5,1,0,0,0,0,-1,-1,1,0,-1,1623,-1,-1,-1,-1,-1,-1,2,0,0,0,0,0,1,0,17,4,9,41.96987689,-87.75483363
1,442369,-1,30,1,-1,0,-1,9,2,4,0,0,0,1,1,-1,0,16,0,1022,-1,-1,-1,-1,-1,-1,2,1,0,0,0,1,1,0,17,4,9,41.86629834,-87.70551965