MOST_SEVERE_INJURY,RD_NO,CRASH_DATE_EST_I,POSTED_SPEED_LIMIT,TRAFFIC_CONTROL_DEVICE,DEVICE_CONDITION,WEATHER_CONDITION,LIGHTING_CONDITION,FIRST_CRASH_TYPE,TRAFFICWAY_TYPE,LANE_CNT,ALIGNMENT,ROADWAY_SURFACE_COND,ROAD_DEFECT,CRASH_TYPE,INTERSECTION_RELATED_I,NOT_RIGHT_OF_WAY_I,HIT_AND_RUN_I,PRIM_CONTRIBUTORY_CAUSE,SEC_CONTRIBUTORY_CAUSE,BEAT_OF_OCCURRENCE,PHOTOS_TAKEN_I,STATEMENTS_TAKEN_I,DOORING_I,WORK_ZONE_I,WORK_ZONE_TYPE,WORKERS_PRESENT_I,NUM_UNITS,INJURIES_TOTAL,INJURIES_FATAL,INJURIES_INCAPACITATING,INJURIES_NON_INCAPACITATING,INJURIES_REPORTED_NOT_EVIDENT,INJURIES_NO_INDICATION,INJURIES_UNKNOWN,CRASH_HOUR,CRASH_DAY_OF_WEEK,CRASH_MONTH,LATITUDE,LONGITUDE
0,443903,-1,30,0,0,0,2,12,6,-1,0,0,0,0,-1,-1,-1,-1,-1,814,-1,-1,-1,-1,-1,-1,2,0,0,0,0,0,3,0,17,4,9,41.80933521,-87.74457238
0,442418,-1,35,1,-1,2,1,12,5,1,0,1,-1,0,1,-1,1,0,0,1123,-1,-1,-1,-1,-1,-1,2,0,0,0,0,0,2,0,17,4,9,41.87942352,-87.71573556
0,442379,-1,10,0,0,0,1,14,7,0,0,0,0,0,-1,1,-1,0,0,222,-1,-1,-1,-1,-1,-1,2,0,0,0,0,0,2,0,17,4,9,41.80953478,-87.59245022
0,442459,-1,30,1,-1,-1,-1,12,5,6,0,-1,-1,0,1,-1,-1,22,0,114,-1,-1,-1,-1,-1,-1,2,0,0,0,0,0,4,0,17,4,9,41.87840575,-87.62053929
0,442512,-1,30,0,0,0,1,10,2,4,0,0,0,0,-1,-1,-1,18,-1,1621,-1,-1,-1,-1,-1,-1,2,0,0,0,0,0,2,0,17,4,9,42.01188158,-87.77898927
0,453455,-1,35,-1,-1,-1,1,0,5,-1,0,0,0,0,-1,-1,-1,0,-1,1611,-1,-1,-1,-1,-1,-1,2,0,0,0,0,0,2,0,17,4,9,41.99723145,-87.78929748
0,445166,-1,35,-1,-1,0,1,0,5,-1,0,0,0,0,-1,-1,-1,0,-1,1631,-1,-1,-1,-1,-1,-1,2,0,0,0,0,0,2,0,17,4,9,41.94558831,-87.81450023
1,445021,-1,30,0,0,0,1,11,5,2,0,-1,-1,1,-1,-1,-1,12,11,1421,-1,-1,-1,-1,-1,-1,2,1,0,0,0,1,1,0,17,4,9,41.91717043,-87.6973375
0,442450,-1,30,0,0,0,1,7,5,2,0,0,0,0,-1,-1,1,8,-1,523,-1,-1,-1,-1,-1,-1,2,0,0,0,0,0,1,0,17,4,9,41.67365335,-87.63590212
0,442376,-1,30,1,2,0,1,12,6,3,0,0,0,0,1,-1,-1,11,0,1834,-1,-1,-1,-1,-1,-1,2,0,0,0,0,0,2,0,16,4,9,41.89266421,-87.62425438
0,442553,-1,30,0,0,0,1,12,5,-1,0,0,0,0,-1,-1,-1,-1,-1,122,-1,-1,-1,-1,-1,-1,2,0,0,0,0,0,2,0,16,4,9,41.88180756,-87.63669133
0,442385,-1,30,0,0,0,1,0,5,-1,0,0,0,0,-1,-1,-1,-1,-1,832,-1,-1,-1,-1,-1,-1,2,0,0,0,0,0,3,0,16,4,9,41.76454471,-87.68705707
0,442347,1,30,12,12,0,1,7,12,0,0,0,0,0,-1,1,1,0,0,735,-1,-1,-1,-1,-1,-1,2,0,0,0,0,0,1,0,16,4,9,41.76579077,-87.66396689
0,442313,-1,30,0,0,0,1,7,5,-1,0,0,0,0,-1,-1,-1,0,0,2011,-1,-1,-1,-1,-1,-1,2,0,0,0,0,0,1,0,16,4,9,41.98581391,-87.68966419
0,442312,-1,30,0,0,0,1,14,5,-1,0,0,0,0,-1,-1,-1,17,-1,1622,-1,-1,-1,-1,-1,-1,2,0,0,0,0,0,2,0,16,4,9,41.96757484,-87.77493763
0,442306,-1,30,0,0,0,1,0,5,-1,0,0,0,1,-1,-1,-1,17,-1,832,-1,-1,-1,-1,-1,-1,2,0,0,0,0,0,2,0,16,4,9,41.76639654,-87.68394396
0,442317,-1,30,0,0,0,1,10,5,-1,0,0,0,0,-1,-1,-1,-1,-1,822,-1,-1,-1,-1,-1,-1,2,0,0,0,0,0,2,0,16,4,9,41.79325204,-87.7036924
0,442310,-1,0,0,0,0,1,0,0,1,0,0,0,0,-1,-1,-1,17,20,815,-1,-1,-1,-1,-1,-1,2,0,0,0,0,0,2,0,16,4,9,41.80777727,-87.73963711
0,450017,-1,30,1,2,0,1,10,5,4,0,0,0,0,1,-1,1,18,-1,1621,-1,-1,-1,-1,-1,-1,2,0,0,0,0,0,2,0,16,4,9,41.99736565,-87.76762043
0,442293,-1,30,0,0,0,1,12,5,2,0,0,0,0,-1,-1,-1,17,-1,2411,-1,-1,-1,-1,-1,-1,2,0,0,0,0,0,2,0,16,4,9,42.00737745,-87.70912562
0,445282,1,30,1,2,0,1,10,5,-1,0,0,0,0,-1,-1,-1,18,-1,1622,-1,-1,-1,-1,-1,-1,2,0,0,0,0,0,2,0,16,4,9,41.96081963,-87.76740029
0,442342,-1,30,0,0,0,1,7,6,-1,0,0,0,0,-1,-1,-1,20,0,234,-1,-1,-1,-1,-1,-1,2,0,0,0,0,0,1,0,16,4,9,41.80081876,-87.59586465
0,442375,1,30,0,0,0,1,12,5,-1,0,0,0,0,-1,-1,1,22,-1,114,-1,-1,-1,-1,-1,-1,2,0,0,0,0,0,2,0,16,4,9,41.87831701,-87.61705213
0,442303,-1,30,1,2,0,1,10,2,-1,1,0,0,0,1,-1,1,0,-1,1231,-1,-1,-1,-1,-1,-1,2,0,0,0,0,0,2,0,16,4,9,41.8764212,-87.66199945
0,442289,-1,10,0,0,0,1,0,7,-1,0,0,0,0,-1,1,1,20,-1,1422,-1,-1,-1,-1,-1,-1,2,0,0,0,0,0,2,0,16,4,9,41.90995419,-87.71090488
0,442345,-1,30,0,0,0,1,10,5,-1,0,0,0,0,-1,-1,-1,-1,-1,813,-1,-1,-1,-1,-1,-1,2,0,0,0,0,0,5,0,16,4,9,41.7894809,-87.72810441
0,442301,-1,30,1,2,1,1,14,5,2,0,0,0,1,1,-1,-1,17,-1,1814,-1,-1,-1,-1,-1,-1,2,0,0,0,0,0,3,0,16,4,9,41.91287494,-87.63326564
0,442261,-1,30,0,0,0,1,10,5,-1,0,0,0,0,-1,-1,-1,0,-1,124,-1,-1,-1,-1,-1,-1,2,0,0,0,0,0,2,0,15,4,9,41.8696474,-87.63917014
0,442423,-1,30,1,2,0,1,10,5,-1,0,0,0,0,-1,-1,-1,0,-1,1115,-1,-1,-1,-1,-1,-1,2,0,0,0,0,0,4,0,15,4,9,41.8818743,-87.72585172
0,442321,-1,30,0,0,0,1,10,5,-1,0,0,0,1,-1,-1,-1,18,-1,1223,-1,-1,-1,-1,-1,-1,3,0,0,0,0,0,3,0,15,4,9,41.88724997,-87.68644197
0,442246,-1,30,0,0,0,1,3,5,2,0,0,0,0,-1,-1,-1,20,-1,2011,-1,-1,-1,-1,-1,-1,2,0,0,0,0,0,2,0,15,4,9,41.97592824,-87.69880205
2,443579,-1,30,1,2,0,1,14,5,-1,0,0,0,1,1,-1,-1,-1,-1,122,-1,-1,-1,-1,-1,-1,2,2,0,0,2,0,1,0,15,4,9,41.88172246,-87.63716362
0,442358,-1,30,0,0,0,1,14,5,2,0,0,-1,0,-1,-1,-1,23,23,424,-1,-1,-1,-1,-1,-1,2,0,0,0,0,0,2,0,15,4,9,41.72919293,-87.55108837
0,442338,-1,30,0,0,0,1,12,5,-1,0,0,0,0,-1,-1,-1,0,0,114,-1,-1,-1,-1,-1,-1,2,0,0,0,0,0,2,0,15,4,9,41.87332411,-87.61693637
0,442223,-1,10,0,0,0,1,10,7,-1,0,0,0,0,-1,-1,-1,18,0,624,-1,-1,-1,-1,-1,-1,2,0,0,0,0,0,2,0,15,4,9,41.75687477,-87.60494143
0,442211,-1,30,1,2,0,1,10,2,-1,0,0,0,0,1,-1,-1,0,0,1022,-1,1,-1,-1,-1,-1,2,0,0,0,0,0,4,0,15,4,9,41.86627003,-87.70803875
0,442411,-1,25,0,0,0,1,7,6,1,0,0,0,0,-1,-1,-1,0,0,2522,-1,-1,-1,-1,-1,-1,2,0,0,0,0,0,1,0,15,4,9,41.9203864,-87.73169979
0,442390,-1,25,0,0,0,1,7,6,-1,0,0,0,1,-1,-1,1,0,-1,2011,-1,-1,-1,-1,-1,-1,2,0,0,0,0,0,1,0,15,4,9,41.97988152,-87.69189794
0,442272,-1,30,0,0,0,1,10,5,-1,0,0,0,0,-1,-1,1,18,18,312,-1,-1,-1,-1,-1,-1,2,0,0,0,0,0,2,0,15,4,9,41.77636259,-87.62536894
0,442262,-1,30,1,2,0,1,14,5,2,0,0,0,0,-1,-1,-1,0,0,734,-1,-1,-1,-1,-1,-1,2,0,0,0,0,0,2,0,15,4,9,41.76493354,-87.65911281
0,451184,-1,15,0,0,0,1,7,7,1,0,0,0,0,-1,1,-1,20,-1,1623,-1,-1,-1,-1,-1,-1,2,0,0,0,0,0,2,0,15,4,9,41.96679711,-87.76729948
0,442695,-1,30,-1,-1,-1,1,12,2,2,0,0,-1,0,-1,-1,-1,11,0,2512,-1,-1,-1,-1,-1,-1,2,0,0,0,0,0,2,0,15,4,9,41.92237448,-87.7841873
0,442373,-1,30,1,0,0,1,14,5,-1,0,0,0,0,-1,-1,1,18,14,1624,-1,-1,-1,-1,-1,-1,2,0,0,0,0,0,2,0,15,4,9,41.95666398,-87.78655538
0,443750,-1,25,0,0,0,1,12,5,2,0,0,0,0,-1,-1,-1,22,-1,1033,-1,-1,-1,-1,-1,-1,2,0,0,0,0,0,2,0,15,4,9,41.8445843,-87.69535984
0,442329,-1,30,1,2,0,1,10,5,-1,0,0,0,0,1,-1,1,18,-1,331,-1,-1,-1,-1,-1,-1,2,0,0,0,0,0,3,0,15,4,9,41.79274882,-87.58400927
2,442199,-1,30,1,2,0,1,14,3,-1,0,0,0,1,-1,-1,0,6,-1,814,-1,-1,-1,-1,-1,-1,2,3,0,0,3,0,3,0,15,4,9,41.81672939,-87.74353671
0,442304,-1,30,0,0,0,1,7,5,1,0,0,0,0,-1,-1,-1,20,11,834,-1,-1,-1,-1,-1,-1,2,0,0,0,0,0,1,0,15,4,9,41.74711093,-87.73170248
0,442669,-1,30,1,2,0,1,12,5,3,0,0,-1,0,-1,-1,-1,21,-1,124,-1,-1,-1,-1,-1,-1,2,0,0,0,0,0,2,0,15,4,9,41.86962951,-87.64072187
0,442483,-1,30,2,2,0,1,12,2,2,0,0,0,0,1,-1,1,22,0,1034,-1,-1,-1,-1,-1,-1,2,0,0,0,0,0,4,0,15,4,9,41.85040661,-87.67593788
0,442365,-1,10,0,0,0,1,7,7,-1,0,0,0,0,-1,-1,1,0,0,1224,-1,-1,-1,-1,-1,-1,2,0,0,0,0,0,1,0,15,4,9,41.88299158,-87.66342149
0,442296,-1,30,1,2,0,1,12,5,2,0,0,0,0,-1,-1,-1,0,0,811,-1,-1,-1,-1,-1,-1,2,0,0,0,0,0,2,0,15,4,9,41.79264234,-87.7624466
1,442264,-1,30,0,0,0,1,10,3,-1,0,0,0,1,-1,-1,-1,13,-1,912,-1,0,-1,-1,-1,-1,3,2,0,0,0,2,2,0,15,4,9,41.83219607,-87.68430848
0,442174,-1,20,3,2,1,1,12,6,3,0,0,0,0,-1,-1,-1,0,0,1655,-1,-1,-1,-1,-1,-1,2,0,0,0,0,0,2,0,15,4,9,-1,-1
0,443220,-1,30,0,0,0,2,7,2,-1,0,0,0,0,-1,-1,-1,0,0,222,-1,-1,-1,-1,-1,-1,2,0,0,0,0,0,1,0,14,4,9,41.8061642,-87.59184946
0,442720,-1,15,-1,-1,0,1,7,0,-1,0,0,0,0,-1,-1,-1,11,-1,1931,-1,-1,-1,-1,-1,-1,2,0,0,0,0,0,1,0,14,4,9,41.9384388,-87.68642675
1,442160,-1,35,1,2,0,1,8,6,-1,0,0,0,1,-1,-1,1,16,-1,122,-1,-1,-1,-1,-1,-1,2,1,0,0,0,1,1,0,14,4,9,41.88457586,-87.63447124
0,442132,-1,30,0,0,0,1,12,2,4,0,0,0,0,-1,-1,-1,0,0,1733,-1,-1,-1,-1,-1,-1,2,0,0,0,0,0,2,0,14,4,9,41.93988801,-87.7077764
0,442114,-1,30,0,-1,0,1,12,5,2,0,0,-1,0,-1,-1,1,0,-1,2412,-1,-1,-1,-1,-1,-1,2,0,0,0,0,0,3,0,14,4,9,41.99762251,-87.70230887
0,442143,-1,30,2,2,0,1,0,5,-1,0,0,0,0,-1,-1,1,0,0,913,-1,-1,-1,-1,-1,-1,2,0,0,0,0,0,2,0,14,4,9,41.83796415,-87.64642271
0,442229,-1,30,1,2,0,1,14,5,4,0,0,0,0,1,-1,-1,23,-1,1224,-1,-1,-1,-1,-1,-1,2,0,0,0,0,0,4,0,14,4,9,41.88088032,-87.66694039
2,442177,-1,5,0,0,0,1,9,7,-1,0,0,-1,1,-1,1,1,17,-1,735,-1,-1,-1,-1,-1,-1,2,2,0,0,2,0,0,0,14,4,9,41.76485938,-87.66394018
0,442277,-1,10,0,0,0,1,7,7,-1,0,0,0,0,-1,-1,1,0,0,1633,-1,-1,-1,-1,-1,-1,2,0,0,0,0,0,1,0,14,4,9,41.93864794,-87.76930505
0,442108,-1,30,-1,0,0,1,7,5,-1,0,0,0,0,-1,-1,1,0,0,1611,-1,-1,-1,-1,-1,-1,2,0,0,0,0,0,1,0,14,4,9,42.00525273,-87.80900019
0,442201,-1,30,1,2,0,1,10,5,3,0,0,0,0,1,-1,-1,18,-1,212,-1,-1,-1,-1,-1,-1,2,0,0,0,0,0,2,0,14,4,9,41.82388578,-87.62154411
0,448610,-1,30,2,2,0,1,0,5,2,0,0,0,0,-1,-1,1,5,-1,1611,-1,-1,-1,-1,-1,-1,2,0,0,0,0,0,2,0,14,4,9,42.01877117,-87.81027003
0,446074,-1,30,0,3,0,1,10,5,4,0,0,0,0,-1,-1,-1,18,16,1225,-1,-1,-1,-1,-1,-1,2,0,0,0,0,0,2,0,14,4,9,41.87743901,-87.67135357
0,442142,-1,30,0,0,0,1,7,5,-1,0,0,0,0,-1,-1,1,0,0,1831,-1,-1,-1,-1,-1,-1,2,0,0,0,0,0,1,0,14,4,9,41.8899215,-87.63029754
0,442126,-1,30,0,0,0,1,12,2,4,0,0,0,0,-1,-1,-1,21,11,821,-1,-1,-1,-1,-1,-1,2,0,0,0,0,0,2,0,14,4,9,41.80112411,-87.70392038
0,442104,-1,30,0,0,0,1,10,2,-1,0,0,0,0,-1,-1,-1,22,-1,124,-1,-1,-1,-1,-1,-1,2,0,0,0,0,0,2,0,14,4,9,41.86734003,-87.6415021
0,442100,1,10,0,0,0,1,5,4,1,2,0,0,0,-1,1,-1,0,0,1623,-1,-1,-1,-1,-1,-1,1,0,0,0,0,0,1,0,14,4,9,41.96447409,-87.74949723
2,442049,-1,30,1,2,0,1,12,5,-1,0,0,0,1,-1,-1,-1,-1,-1,632,-1,-1,-1,-1,-1,-1,2,1,0,0,1,0,1,0,14,4,9,41.73660156,-87.6049681
0,442184,-1,30,2,-1,0,1,14,5,2,0,-1,-1,0,-1,-1,-1,0,0,1731,-1,-1,-1,-1,-1,-1,2,0,0,0,0,0,2,0,14,4,9,41.93905287,-87.73840924
0,442192,-1,30,0,0,0,1,14,2,2,0,0,0,0,-1,-1,-1,0,-1,1031,-1,-1,-1,-1,-1,-1,2,0,0,0,0,0,3,0,14,4,9,41.83675245,-87.72579574
0,442077,-1,30,1,2,0,1,14,2,2,0,0,0,0,1,-1,-1,17,23,1211,-1,-1,-1,-1,-1,-1,2,0,0,0,0,0,2,0,14,4,9,41.89912392,-87.70249382
0,444472,1,0,0,0,0,1,7,6,1,0,0,0,0,-1,-1,1,0,-1,631,-1,-1,-1,-1,-1,-1,2,0,0,0,0,0,1,0,14,4,9,41.74893947,-87.61016446
0,442099,-1,35,0,0,0,1,14,5,2,0,0,0,0,-1,-1,-1,0,0,1023,-1,-1,-1,-1,-1,-1,2,0,0,0,0,0,3,0,14,4,9,41.86278292,-87.69194345
0,442968,-1,30,0,0,0,1,7,6,1,0,0,0,0,-1,-1,1,0,0,1215,-1,-1,-1,-1,-1,-1,2,0,0,0,0,0,1,0,14,4,9,41.89500555,-87.66981323
2,442502,-1,25,0,0,0,1,8,5,-1,0,0,0,1,-1,-1,-1,0,0,2533,-1,-1,1,-1,-1,-1,2,1,0,0,1,0,0,0,14,4,9,41.91692445,-87.73721564
0,442181,-1,30,1,2,0,1,10,6,-1,0,0,0,0,-1,-1,-1,17,-1,111,-1,-1,-1,-1,-1,-1,2,0,0,0,0,0,5,0,14,4,9,41.88484108,-87.62640307
0,442043,-1,20,1,2,0,1,12,5,-1,0,0,0,0,-1,-1,1,11,0,1522,1,-1,-1,-1,-1,-1,2,0,0,0,0,0,3,0,14,4,9,41.87115305,-87.7552347
2,442228,-1,30,0,0,0,1,8,2,2,0,0,0,1,-1,-1,-1,0,-1,2522,-1,-1,1,-1,-1,-1,2,1,0,0,1,0,0,0,13,4,9,41.91715395,-87.73639149
0,442519,-1,35,0,0,0,1,10,6,-1,0,0,-1,0,-1,-1,-1,18,-1,421,-1,-1,-1,-1,-1,-1,2,0,0,0,0,0,2,0,13,4,9,41.75393186,-87.56520915
0,442080,-1,30,1,2,0,1,10,5,-1,0,0,0,0,-1,-1,-1,18,-1,2013,-1,-1,-1,-1,-1,-1,2,0,0,0,0,0,4,0,13,4,9,41.98641752,-87.66439839
0,450754,-1,10,0,0,0,1,2,0,1,2,0,0,0,-1,-1,-1,23,11,2223,-1,-1,-1,-1,-1,-1,1,0,0,0,0,0,1,0,13,4,9,41.71839445,-87.63691853
0,449482,-1,30,0,0,0,1,2,0,-1,0,0,0,0,-1,-1,1,0,-1,1421,-1,-1,-1,-1,-1,-1,1,0,0,0,0,0,1,0,13,4,9,41.91526863,-87.69801774
0,443983,-1,30,0,0,0,1,14,5,-1,0,0,0,0,-1,-1,-1,23,-1,1211,-1,-1,-1,-1,-1,-1,2,0,0,0,0,0,2,0,13,4,9,41.89935073,-87.70165711
0,442050,-1,30,1,-1,0,1,14,6,4,0,-1,-1,0,1,-1,-1,23,0,122,-1,-1,-1,-1,-1,-1,2,0,0,0,0,0,2,0,13,4,9,41.87947786,-87.63531103
0,442022,-1,30,0,0,0,1,7,6,-1,0,0,0,0,-1,-1,1,-1,-1,414,-1,-1,-1,-1,-1,-1,2,0,0,0,0,0,3,0,13,4,9,41.75488665,-87.57468736
0,442004,-1,30,2,2,0,1,14,5,4,0,0,0,0,-1,-1,-1,0,-1,1235,-1,-1,-1,-1,-1,-1,2,0,0,0,0,0,3,0,13,4,9,41.85260263,-87.65632719
0,441972,-1,30,0,0,0,1,12,5,2,0,0,0,1,-1,-1,-1,17,-1,1224,-1,-1,-1,-1,-1,-1,2,0,0,0,0,0,2,0,13,4,9,41.88514499,-87.65431537
0,441997,-1,25,-1,-1,0,1,2,6,-1,0,0,0,1,-1,1,-1,16,6,612,-1,-1,-1,-1,-1,-1,1,0,0,0,0,0,1,0,13,4,9,41.74867184,-87.66145003
0,441982,-1,30,0,0,0,1,12,5,3,0,0,0,0,1,-1,-1,21,-1,234,-1,-1,-1,-1,-1,-1,2,0,0,0,0,0,2,0,13,4,9,41.79948383,-87.58744204
2,441979,-1,35,1,2,0,1,14,2,-1,0,0,0,1,1,-1,-1,6,6,815,-1,-1,-1,-1,-1,-1,2,1,0,0,1,0,1,0,13,4,9,41.81690171,-87.72405154
2,442396,0,30,2,2,0,1,9,6,-1,0,0,-1,1,1,-1,-1,0,-1,1232,-1,-1,-1,-1,-1,-1,2,1,0,0,1,0,1,0,13,4,9,41.86352514,-87.64695668
0,442039,-1,30,0,0,0,1,0,5,2,0,0,0,0,-1,-1,-1,17,0,1224,-1,-1,-1,-1,-1,-1,2,0,0,0,0,0,3,0,13,4,9,41.88250996,-87.65540359
0,442017,-1,30,1,2,0,1,10,5,-1,0,0,0,0,1,-1,1,18,-1,1611,-1,-1,-1,-1,-1,-1,2,0,0,0,0,0,2,0,13,4,9,42.01160277,-87.80669743
0,442170,-1,30,0,0,0,1,10,2,2,0,0,0,0,-1,-1,-1,18,-1,114,-1,-1,-1,-1,-1,-1,2,0,0,0,0,0,4,0,12,4,9,41.8877503,-87.62441087
0,441960,-1,20,0,0,0,1,7,6,-1,0,0,0,0,-1,-1,1,0,-1,812,-1,-1,-1,1,1,1,2,0,0,0,0,0,1,0,12,4,9,41.77928677,-87.7824003
2,441956,-1,30,0,0,0,1,9,7,-1,0,0,0,1,-1,-1,-1,17,-1,1524,-1,-1,-1,-1,-1,-1,2,1,0,0,1,0,1,0,12,4,9,41.89479143,-87.75927048
0,442098,-1,30,1,2,0,1,14,2,4,0,0,0,0,1,-1,-1,0,-1,114,-1,-1,-1,-1,-1,-1,2,0,0,0,0,0,2,0,12,4,9,41.87563972,-87.62240375
0,442134,-1,30,4,2,0,1,14,3,2,0,0,0,0,-1,-1,-1,0,0,114,-1,-1,-1,-1,-1,-1,2,0,0,0,0,0,2,0,12,4,9,41.87586075,-87.62229586
2,441907,-1,30,1,2,0,1,9,3,7,0,0,0,1,1,-1,-1,25,16,111,-1,-1,-1,-1,-1,-1,2,1,0,0,1,0,1,0,12,4,9,41.88670423,-87.62805356
0,443940,-1,15,0,0,-1,-1,7,6,-1,0,0,0,1,-1,-1,1,16,14,1814,-1,-1,-1,-1,-1,-1,2,0,0,0,0,0,1,0,12,4,9,41.91490441,-87.63556267
0,442144,-1,30,2,2,0,1,0,5,2,0,0,0,0,1,-1,1,0,0,1114,-1,-1,-1,-1,-1,-1,2,0,0,0,0,0,3,0,12,4,9,41.88571554,-87.72837561
0,441975,-1,30,0,0,0,1,7,6,-1,0,0,0,0,-1,-1,1,-1,-1,821,-1,-1,-1,-1,-1,-1,2,0,0,0,0,0,1,0,12,4,9,41.81530304,-87.70808083
0,441950,-1,20,0,0,0,-1,7,5,-1,0,0,0,0,-1,-1,1,11,-1,1533,-1,-1,-1,-1,-1,-1,2,0,0,0,0,0,1,0,12,4,9,41.86945929,-87.74565644
2,441888,-1,25,1,2,0,1,10,3,-1,0,0,0,1,-1,-1,-1,18,-1,2413,-1,-1,-1,-1,-1,-1,2,2,0,0,2,0,1,0,12,4,9,41.99061051,-87.68961315
1,442911,-1,30,1,2,0,1,0,3,3,0,0,0,1,1,-1,-1,17,0,935,-1,-1,-1,-1,-1,-1,2,1,0,0,0,1,1,0,11,4,9,41.79456101,-87.63163511
0,441912,-1,30,0,0,0,1,10,2,-1,0,0,0,0,-1,-1,-1,0,0,2011,-1,-1,-1,-1,-1,-1,2,0,0,0,0,0,2,0,11,4,9,41.99035819,-87.69504955
0,441868,-1,30,0,0,0,1,7,7,1,0,0,0,0,-1,-1,1,0,-1,2532,-1,-1,-1,-1,-1,-1,2,0,0,0,0,0,1,0,11,4,9,41.90927457,-87.76518779
0,442090,-1,30,1,2,0,1,14,5,2,0,0,0,0,-1,-1,-1,22,-1,111,-1,-1,-1,-1,-1,-1,2,0,0,0,0,0,3,0,11,4,9,41.885856,-87.62942174
0,441878,-1,30,1,2,0,1,8,5,2,0,0,0,0,1,-1,-1,0,-1,914,-1,-1,-1,-1,-1,-1,2,0,0,0,0,0,2,0,11,4,9,41.85764304,-87.63185003
0,441877,-1,30,1,2,0,1,14,5,1,0,0,0,1,-1,-1,-1,21,23,1232,-1,-1,-1,-1,-1,-1,2,0,0,0,0,0,2,0,11,4,9,41.86962376,-87.65104361
0,442226,-1,30,0,0,0,1,10,5,-1,0,0,0,0,-1,-1,-1,0,0,1834,-1,-1,-1,-1,-1,-1,2,0,0,0,0,0,2,0,11,4,9,41.89089644,-87.62398102
0,442438,-1,30,0,0,0,1,12,5,2,0,0,0,0,-1,-1,-1,21,0,1214,-1,-1,-1,-1,-1,-1,2,0,0,0,0,0,2,0,11,4,9,41.89320701,-87.65701225
0,442019,-1,30,1,2,0,1,14,12,-1,0,0,0,0,1,-1,-1,0,0,111,-1,-1,-1,-1,-1,-1,2,0,0,0,0,0,2,0,11,4,9,41.8857782,-87.62779374
0,441890,-1,30,2,2,0,1,10,2,-1,0,0,0,0,-1,-1,-1,0,-1,2524,-1,-1,-1,-1,-1,-1,2,0,0,0,0,0,3,0,11,4,9,41.93158322,-87.73440337
0,448879,-1,30,0,0,0,1,2,0,-1,0,0,0,0,-1,0,1,0,-1,1235,-1,-1,-1,-1,-1,-1,1,0,0,0,0,0,1,0,11,4,9,41.8580642,-87.65628643
0,451915,-1,30,0,2,-1,1,7,6,1,0,-1,-1,0,-1,-1,1,0,0,611,-1,-1,-1,-1,-1,-1,2,0,0,0,0,0,1,0,11,4,9,41.75307761,-87.67692591
0,442320,1,35,0,0,0,1,7,7,-1,0,0,1,0,-1,-1,-1,0,-1,433,-1,-1,-1,-1,-1,-1,2,0,0,0,0,0,1,0,11,4,9,41.66672489,-87.54435868
0,441899,-1,30,0,0,0,1,12,2,5,0,0,0,0,-1,-1,-1,17,0,2532,-1,-1,-1,-1,-1,-1,2,0,0,0,0,0,3,0,11,4,9,41.90928636,-87.76404426
0,441851,-1,35,1,2,0,1,14,5,-1,0,0,0,0,1,-1,-1,0,-1,633,-1,-1,-1,-1,-1,-1,2,0,0,0,0,0,2,0,11,4,9,41.72215394,-87.60444774
0,441827,-1,30,0,0,0,1,12,5,2,0,0,0,0,-1,-1,-1,0,0,2012,-1,-1,-1,1,2,-1,2,0,0,0,0,0,2,0,11,4,9,41.98967694,-87.67020682
2,441815,-1,30,1,2,0,1,8,5,2,0,0,0,1,1,-1,-1,0,0,733,-1,-1,-1,-1,-1,-1,2,1,0,0,1,0,1,0,11,4,9,41.75967458,-87.64442024
0,441825,-1,0,0,0,0,1,7,7,-1,0,0,0,0,-1,-1,1,0,0,2024,-1,-1,-1,-1,-1,-1,2,0,0,0,0,0,1,0,10,4,9,41.97533958,-87.65483577
0,441832,-1,30,0,0,0,1,12,5,1,0,0,0,0,-1,-1,-1,0,0,733,-1,-1,-1,-1,-1,-1,2,0,0,0,0,0,2,0,10,4,9,41.76508864,-87.64577238
0,441830,-1,25,0,0,0,1,7,6,1,0,0,-1,0,-1,-1,0,20,0,1911,-1,-1,-1,-1,-1,-1,2,0,0,0,0,0,1,0,10,4,9,41.96603517,-87.68475726
0,441818,-1,30,1,2,0,1,14,1,4,0,0,0,0,1,-1,-1,0,0,1225,-1,-1,-1,-1,-1,-1,2,0,0,0,0,0,2,0,10,4,9,41.87760231,-87.68619633
0,441791,-1,30,1,2,0,1,14,3,-1,0,0,0,0,1,-1,-1,23,-1,835,-1,1,-1,-1,-1,-1,2,0,0,0,0,0,2,0,10,4,9,41.74998518,-87.68282078
2,441787,-1,30,0,0,0,1,12,2,-1,0,0,0,1,-1,-1,-1,8,18,1221,-1,-1,-1,-1,-1,-1,2,1,0,0,1,0,1,0,10,4,9,41.89288804,-87.70191029
0,443186,-1,30,0,0,-1,-1,7,3,2,0,-1,-1,0,-1,-1,-1,20,-1,1433,-1,-1,-1,-1,-1,-1,2,0,0,0,0,0,1,0,10,4,9,41.90494264,-87.667391
0,442354,-1,15,0,0,0,1,7,7,-1,0,0,0,0,-1,-1,-1,0,0,2512,-1,-1,-1,-1,-1,-1,2,0,0,0,0,0,2,0,10,4,9,41.92856273,-87.78577116