MOST_SEVERE_INJURY,RD_NO,CRASH_DATE_EST_I,POSTED_SPEED_LIMIT,TRAFFIC_CONTROL_DEVICE,DEVICE_CONDITION,WEATHER_CONDITION,LIGHTING_CONDITION,FIRST_CRASH_TYPE,TRAFFICWAY_TYPE,LANE_CNT,ALIGNMENT,ROADWAY_SURFACE_COND,ROAD_DEFECT,CRASH_TYPE,INTERSECTION_RELATED_I,NOT_RIGHT_OF_WAY_I,HIT_AND_RUN_I,PRIM_CONTRIBUTORY_CAUSE,SEC_CONTRIBUTORY_CAUSE,BEAT_OF_OCCURRENCE,PHOTOS_TAKEN_I,STATEMENTS_TAKEN_I,DOORING_I,WORK_ZONE_I,WORK_ZONE_TYPE,WORKERS_PRESENT_I,NUM_UNITS,INJURIES_TOTAL,INJURIES_FATAL,INJURIES_INCAPACITATING,INJURIES_NON_INCAPACITATING,INJURIES_REPORTED_NOT_EVIDENT,INJURIES_NO_INDICATION,INJURIES_UNKNOWN,CRASH_HOUR,CRASH_DAY_OF_WEEK,CRASH_MONTH,LATITUDE,LONGITUDE
0,442249,-1,30,0,0,0,1,12,5,4,0,0,0,0,-1,-1,-1,21,0,321,-1,-1,-1,-1,-1,-1,2,0,0,0,0,0,2,0,10,4,9,41.77402079,-87.60593648
0,441845,-1,0,0,0,0,1,12,5,4,0,0,0,0,-1,-1,1,22,1,1822,-1,-1,-1,-1,-1,-1,2,0,0,0,0,0,2,0,10,4,9,41.91064623,-87.64893522
0,441821,-1,15,0,0,0,1,2,7,-1,0,0,0,0,-1,-1,-1,0,0,821,-1,-1,-1,-1,-1,-1,1,0,0,0,0,0,4,0,10,4,9,41.81237471,-87.7236084
0,441782,-1,30,1,2,0,1,14,6,3,0,0,0,0,-1,-1,1,23,0,1133,-1,-1,-1,-1,-1,-1,2,0,0,0,0,0,2,0,10,4,9,41.87340547,-87.71973354
0,441781,-1,30,0,0,0,1,12,6,-1,0,0,0,0,-1,-1,1,14,22,712,-1,-1,-1,-1,-1,-1,2,0,0,0,0,0,2,0,10,4,9,41.78708326,-87.64868064
0,441778,-1,35,1,2,0,1,12,5,4,0,0,0,1,1,-1,-1,17,-1,1611,-1,-1,-1,-1,-1,-1,2,0,0,0,0,0,2,0,10,4,9,41.99670262,-87.78708674
0,443478,-1,30,0,0,0,1,0,7,1,0,0,0,0,-1,-1,-1,11,11,1433,-1,-1,-1,-1,-1,-1,2,0,0,0,0,0,2,0,10,4,9,41.91087554,-87.65827824
0,441849,-1,35,0,0,0,1,12,4,-1,0,0,0,0,-1,-1,0,0,-1,523,-1,-1,-1,-1,-1,-1,2,0,0,0,0,0,2,0,10,4,9,41.66318457,-87.63291001
0,441739,-1,30,0,0,0,1,10,6,-1,0,0,0,0,-1,-1,-1,18,18,632,-1,-1,-1,-1,-1,-1,2,0,0,0,0,0,3,0,10,4,9,41.73565532,-87.60260623
0,441730,-1,30,0,0,0,1,14,0,-1,0,0,0,0,1,-1,-1,17,-1,924,-1,-1,-1,-1,-1,-1,2,0,0,0,0,0,2,0,10,4,9,41.81231162,-87.66944782
0,441738,-1,30,1,2,0,1,12,5,3,0,0,0,0,1,-1,1,0,0,712,-1,-1,-1,-1,-1,-1,2,0,0,0,0,0,3,0,9,4,9,41.79386901,-87.6452949
0,441770,-1,30,1,2,0,1,10,3,3,0,0,0,0,1,-1,-1,0,0,932,-1,-1,-1,-1,-1,-1,2,0,0,0,0,0,2,0,9,4,9,41.79394721,-87.68333087
3,441736,-1,30,2,2,0,1,9,5,2,0,0,0,1,1,-1,1,17,3,1211,-1,1,-1,-1,-1,-1,2,1,0,1,0,0,2,0,9,4,9,41.90283677,-87.69453754
0,442240,-1,30,1,2,0,1,12,2,4,0,0,0,0,-1,-1,-1,16,11,823,-1,-1,-1,-1,-1,-1,2,0,0,0,0,0,2,0,9,4,9,41.77885938,-87.70340468
0,441768,-1,30,0,2,0,1,10,5,2,0,0,0,0,-1,-1,-1,-1,-1,1135,-1,-1,-1,-1,-1,-1,2,0,0,0,0,0,2,0,9,4,9,41.87390241,-87.69622525
0,441720,-1,40,0,0,0,1,12,3,-1,0,0,0,0,-1,-1,-1,21,-1,114,-1,-1,-1,-1,-1,-1,2,0,0,0,0,0,2,0,9,4,9,41.87831319,-87.61734583
0,441750,-1,35,1,2,0,1,10,6,-1,0,0,0,0,-1,-1,-1,18,-1,213,-1,-1,-1,-1,-1,-1,2,0,0,0,0,0,2,0,9,4,9,41.83036252,-87.62967675
0,442234,-1,30,1,2,0,1,10,2,4,0,0,0,0,1,-1,-1,0,-1,111,-1,-1,-1,-1,-1,-1,2,0,0,0,0,0,2,0,9,4,9,41.88328915,-87.6245494
0,441696,-1,0,1,2,0,1,0,6,2,0,0,0,0,-1,-1,-1,21,11,113,-1,-1,-1,-1,-1,-1,2,0,0,0,0,0,3,0,9,4,9,41.87681576,-87.62768911
0,441692,-1,30,0,0,0,1,10,3,4,0,0,0,0,-1,-1,-1,18,18,131,-1,-1,-1,-1,-1,-1,2,0,0,0,0,0,2,0,9,4,9,41.85442484,-87.62697194
0,441693,-1,15,0,0,0,1,5,0,1,0,0,3,1,-1,-1,1,11,-1,2033,-1,-1,-1,-1,-1,-1,1,0,0,0,0,0,1,0,9,4,9,41.96939235,-87.65777246
0,445306,-1,30,-1,0,0,1,10,6,3,0,0,0,0,-1,-1,-1,18,17,213,-1,-1,-1,-1,-1,-1,2,0,0,0,0,0,2,0,9,4,9,41.83061401,-87.6296762
0,441689,-1,30,1,2,0,1,14,2,2,0,0,0,0,1,-1,-1,17,-1,925,-1,-1,-1,-1,-1,-1,2,0,0,0,0,0,2,0,9,4,9,41.81240127,-87.64577859
2,441676,-1,30,2,-1,0,1,10,5,2,0,0,0,1,1,-1,-1,18,-1,1125,-1,-1,-1,-1,-1,-1,2,2,0,0,1,1,0,0,9,4,9,41.87763073,-87.68883325
0,449123,-1,30,0,0,0,1,14,5,-1,0,0,-1,0,-1,-1,1,17,17,1131,-1,-1,-1,-1,-1,-1,3,0,0,0,0,0,4,0,9,4,9,41.87255843,-87.73533949
3,441801,-1,30,0,0,0,1,8,5,2,0,0,-1,1,-1,-1,-1,0,11,1925,-1,-1,1,-1,-1,-1,2,1,0,1,0,0,1,0,9,4,9,41.9544676,-87.6488149
0,442171,-1,30,0,0,0,1,7,5,-1,0,0,0,0,-1,-1,-1,8,8,323,-1,-1,-1,-1,-1,-1,2,0,0,0,0,0,1,0,9,4,9,41.75980649,-87.60528236
0,441926,-1,20,0,0,0,1,7,5,-1,0,0,0,0,-1,-1,-1,0,0,2413,-1,-1,-1,-1,-1,-1,2,0,0,0,0,0,1,0,9,4,9,41.99444439,-87.67601684
0,441789,-1,25,0,0,0,1,7,6,1,0,0,0,1,-1,-1,1,0,0,2022,-1,-1,-1,-1,-1,-1,3,0,0,0,0,0,1,0,9,4,9,41.98916232,-87.65803924
0,441691,-1,30,2,2,0,1,2,2,2,0,0,1,1,-1,-1,-1,29,0,314,-1,-1,-1,1,2,1,1,0,0,0,0,0,1,0,9,4,9,41.78314659,-87.58667198
0,441678,-1,30,0,0,0,1,12,5,-1,3,0,0,0,-1,-1,-1,-1,0,1621,-1,-1,-1,-1,-1,-1,2,0,0,0,0,0,2,0,9,4,9,42.00903459,-87.78601705
0,441657,1,25,0,0,0,1,14,5,2,2,0,0,0,-1,-1,-1,23,-1,434,-1,-1,-1,-1,-1,-1,2,0,0,0,0,0,2,0,9,4,9,41.702931,-87.55506007
0,441642,-1,30,0,0,0,1,7,5,-1,0,0,0,1,-1,-1,-1,22,0,1134,-1,-1,-1,-1,-1,-1,2,0,0,0,0,0,1,0,9,4,9,41.86992196,-87.70833407
0,442963,-1,30,0,0,0,1,14,5,-1,0,0,0,0,-1,-1,-1,0,0,1131,-1,-1,-1,-1,-1,-1,2,0,0,0,0,0,3,0,8,4,9,41.87239051,-87.73533163
0,441740,-1,30,2,2,0,1,14,6,2,0,0,0,0,1,-1,-1,17,-1,211,-1,-1,-1,-1,-1,-1,2,0,0,0,0,0,2,0,8,4,9,41.83453742,-87.63005556
2,441671,1,30,0,0,0,1,9,5,4,0,0,0,1,-1,-1,1,16,0,1533,-1,-1,-1,-1,-1,-1,2,1,0,0,1,0,1,0,8,4,9,41.88014636,-87.7454126
0,441668,-1,30,1,2,0,1,10,5,5,0,0,0,0,-1,-1,1,18,-1,834,-1,-1,-1,-1,-1,-1,2,0,0,0,0,0,2,0,8,4,9,41.73583895,-87.72136553
0,441635,-1,30,0,0,0,1,10,5,2,0,0,0,0,-1,-1,-1,18,-1,1623,-1,-1,-1,-1,-1,-1,2,0,0,0,0,0,2,0,8,4,9,41.96810377,-87.75054639
1,441625,-1,30,2,2,0,1,0,2,2,0,0,0,1,1,-1,-1,17,0,213,-1,-1,-1,-1,-1,-1,2,3,0,0,0,3,1,0,8,4,9,41.8182323,-87.62484084
0,441886,-1,30,0,0,0,1,12,6,4,0,0,0,0,0,-1,-1,21,23,121,-1,-1,-1,-1,-1,-1,2,0,0,0,0,0,2,0,8,4,9,41.88158163,-87.63982439
2,441632,0,20,0,0,0,1,3,6,1,0,0,0,1,-1,-1,-1,17,-1,1611,-1,-1,-1,-1,-1,-1,2,1,0,0,1,0,1,0,8,4,9,41.99203196,-87.791149
0,441624,-1,30,1,2,0,1,10,2,4,0,0,0,0,-1,-1,1,18,-1,1421,-1,-1,-1,-1,-1,-1,2,0,0,0,0,0,3,0,8,4,9,41.91553168,-87.70217897
0,441622,-1,30,2,2,0,1,10,6,1,0,0,0,0,-1,-1,-1,11,11,2413,-1,-1,-1,-1,-1,-1,2,0,0,0,0,0,3,0,8,4,9,41.99054642,-87.69682191
0,441665,-1,40,0,0,0,1,10,5,-1,0,0,0,0,-1,-1,-1,18,-1,1925,-1,-1,-1,-1,-1,-1,2,0,0,0,0,0,2,0,8,4,9,41.9479517,-87.64299182
0,443068,-1,30,1,2,0,1,2,2,2,0,0,0,0,-1,-1,-1,22,0,1225,-1,-1,-1,-1,-1,-1,1,0,0,0,0,0,1,0,8,4,9,41.87415295,-87.67637824
0,441834,-1,30,1,2,0,1,14,3,4,0,0,-1,0,-1,-1,-1,6,17,835,-1,-1,-1,-1,-1,-1,2,0,0,0,0,0,2,0,8,4,9,41.73563533,-87.68265034
0,441800,-1,30,0,0,0,1,10,5,2,0,0,0,0,-1,-1,-1,25,-1,2512,-1,-1,-1,-1,-1,-1,2,0,0,0,0,0,2,0,8,4,9,41.92151776,-87.78523088
0,441733,-1,30,2,2,0,1,10,5,2,0,0,0,0,1,-1,-1,0,0,331,-1,-1,-1,-1,-1,-1,2,0,0,0,0,0,3,0,8,4,9,41.76648173,-87.56661982
0,441626,-1,35,1,2,0,2,14,5,-1,0,0,0,0,1,-1,1,11,23,814,-1,-1,-1,-1,-1,-1,2,0,0,0,0,0,2,0,8,4,9,41.79997212,-87.76237941
0,441615,-1,30,2,2,0,1,14,12,-1,0,0,0,0,-1,-1,-1,0,-1,533,-1,-1,-1,-1,-1,-1,2,0,0,0,0,0,3,0,8,4,9,41.65921708,-87.61841557
0,442042,-1,30,1,2,0,1,12,6,-1,0,0,0,0,-1,-1,1,21,-1,1235,-1,-1,-1,-1,-1,-1,2,0,0,0,0,0,2,0,8,4,9,41.85811483,-87.63906688
0,442152,-1,30,0,0,0,1,7,5,1,0,0,0,0,-1,-1,1,16,11,823,-1,-1,-1,-1,-1,-1,2,0,0,0,0,0,1,0,8,4,9,41.77726416,-87.70261396
0,441647,-1,30,0,0,0,1,10,2,-1,0,0,0,0,-1,-1,-1,18,-1,821,-1,1,-1,-1,-1,-1,2,0,0,0,0,0,2,0,8,4,9,41.8077873,-87.72146196
0,441611,-1,30,1,2,0,1,14,12,2,0,0,0,1,1,-1,-1,17,-1,411,-1,-1,-1,-1,-1,-1,2,0,0,0,0,0,2,0,8,4,9,41.75102245,-87.58471476
0,441755,-1,35,0,0,0,1,12,2,3,0,0,0,0,-1,-1,-1,22,11,1814,-1,-1,-1,-1,-1,-1,2,0,0,0,0,0,2,0,8,4,9,41.91327149,-87.63164591
0,441688,-1,10,0,0,0,1,12,12,-1,0,0,0,0,-1,-1,-1,0,-1,432,-1,-1,-1,-1,-1,-1,2,0,0,0,0,0,2,0,8,4,9,41.7063003,-87.53543254
0,441682,-1,20,0,0,0,1,10,6,-1,0,0,0,0,-1,-1,1,18,-1,622,-1,-1,-1,-1,-1,-1,2,0,0,0,0,0,3,0,8,4,9,41.74715024,-87.62800231
0,441667,-1,30,0,0,0,1,7,7,1,0,0,0,0,-1,-1,1,0,0,1711,-1,-1,-1,-1,-1,-1,2,0,0,0,0,0,1,0,8,4,9,41.9829359,-87.72786779
0,441646,-1,30,0,0,0,1,12,5,-1,0,0,0,0,-1,-1,-1,0,0,1112,-1,-1,-1,-1,-1,-1,2,0,0,0,0,0,2,0,8,4,9,41.89625864,-87.72596084
0,441620,-1,30,0,0,0,1,12,5,4,0,-1,-1,0,-1,-1,-1,0,-1,1934,-1,0,-1,-1,-1,-1,2,0,0,0,0,0,2,0,8,4,9,41.93922937,-87.63937114
2,441590,1,30,2,-1,0,1,14,6,-1,0,0,-1,1,-1,-1,1,25,25,1011,-1,-1,-1,-1,-1,-1,2,1,0,0,1,0,1,0,8,4,9,41.86228684,-87.73499199
0,441591,-1,30,0,0,0,1,10,3,4,0,0,0,0,-1,-1,-1,18,18,131,-1,-1,-1,-1,-1,-1,2,0,0,0,0,0,2,0,8,4,9,41.8529861,-87.63018127
0,441618,-1,30,0,0,1,1,14,2,4,0,-1,-1,1,1,-1,-1,-1,-1,821,-1,-1,-1,-1,-1,-1,2,0,0,0,0,0,2,0,8,4,9,41.8114168,-87.70883039
1,441588,1,30,0,0,0,1,14,1,0,0,0,0,1,-1,-1,-1,23,33,1233,-1,-1,-1,-1,-1,-1,2,1,0,0,0,1,2,0,8,4,9,41.86422361,-87.66617496
0,441585,-1,30,1,2,0,1,10,5,-1,0,0,0,0,-1,-1,-1,0,0,1134,-1,-1,-1,-1,-1,-1,2,0,0,0,0,0,2,0,8,4,9,41.87725104,-87.70615923
2,441580,-1,25,0,0,0,1,3,5,4,0,0,0,1,1,-1,-1,0,0,823,-1,-1,-1,-1,-1,-1,2,1,0,0,1,0,1,0,8,4,9,41.77678336,-87.72256551
0,441579,-1,25,0,0,0,1,14,5,2,0,0,0,0,1,-1,-1,0,0,2432,-1,-1,-1,-1,-1,-1,2,0,0,0,0,0,5,0,8,4,9,42.00480535,-87.67506001
0,441648,-1,30,0,0,0,1,11,5,1,0,0,0,0,-1,-1,-1,0,0,1422,-1,-1,-1,-1,-1,-1,2,0,0,0,0,0,3,0,7,4,9,41.91194183,-87.71506953
0,441583,-1,30,0,0,0,1,2,5,4,0,0,0,0,-1,-1,-1,3,0,732,-1,-1,-1,-1,-1,-1,1,0,0,0,0,0,1,0,7,4,9,41.76538841,-87.63950145
0,442250,-1,30,1,2,0,1,14,2,-1,0,0,0,0,1,-1,-1,21,22,1233,1,-1,-1,-1,-1,-1,2,0,0,0,0,0,2,0,7,4,9,41.86687982,-87.65713055
0,448973,-1,30,1,2,0,1,10,5,4,0,0,0,0,1,-1,-1,18,0,834,-1,-1,-1,-1,-1,-1,2,0,0,0,0,0,2,0,7,4,9,41.7356542,-87.72160972
2,441776,-1,30,0,0,0,1,12,6,1,0,0,0,1,-1,-1,1,18,-1,1523,-1,-1,-1,-1,-1,-1,2,1,0,0,1,0,3,0,7,4,9,41.88825179,-87.75550107
0,441571,-1,30,1,2,0,2,10,5,1,0,0,0,0,1,-1,-1,7,0,2532,-1,-1,-1,-1,-1,-1,2,0,0,0,0,0,2,0,7,4,9,41.9132767,-87.75594767
0,442590,-1,30,0,0,0,1,7,6,-1,0,0,0,0,-1,-1,-1,0,-1,1424,-1,-1,-1,-1,-1,-1,2,0,0,0,0,0,1,0,7,4,9,41.90955014,-87.67414154
0,442346,-1,30,2,2,0,1,0,6,1,0,0,0,0,-1,-1,-1,17,0,1911,-1,-1,-1,-1,-1,-1,2,0,0,0,0,0,2,0,7,4,9,41.95504106,-87.68914753
1,441674,-1,30,1,2,0,1,9,5,-1,0,0,0,1,-1,-1,-1,0,-1,2411,-1,-1,-1,-1,-1,-1,2,1,0,0,0,1,1,0,7,4,9,42.01909217,-87.69944587
0,441584,-1,30,2,2,0,1,9,2,-1,0,0,0,0,1,-1,-1,33,-1,914,-1,-1,-1,-1,-1,-1,2,0,0,0,0,0,2,0,7,4,9,41.84007587,-87.64160862
2,441557,-1,30,2,2,0,1,0,6,1,0,0,0,1,1,-1,-1,5,16,1411,-1,-1,-1,-1,-1,-1,2,1,0,0,1,0,1,0,7,4,9,41.93398848,-87.70394266
2,441592,-1,30,0,0,0,1,9,2,4,0,0,-1,1,-1,-1,1,14,17,332,-1,-1,-1,-1,-1,-1,2,1,0,0,1,0,1,0,7,4,9,41.76799232,-87.58589913
0,442212,-1,30,0,0,0,1,7,7,1,0,0,0,0,-1,-1,-1,0,0,233,-1,-1,-1,-1,-1,-1,2,0,0,0,0,0,1,0,7,4,9,41.79123326,-87.60629821
0,441596,-1,30,0,0,0,1,12,2,-1,0,0,0,0,-1,-1,-1,0,0,1732,-1,-1,-1,-1,-1,-1,2,0,0,0,0,0,3,0,7,4,9,41.94639767,-87.71732058
0,441582,-1,30,2,2,0,1,0,3,-1,0,0,0,0,1,-1,-1,17,0,2213,-1,-1,-1,-1,-1,-1,2,0,0,0,0,0,2,0,7,4,9,41.72103019,-87.66928361
0,441563,-1,30,1,2,0,1,10,5,2,0,0,0,0,1,1,-1,18,-1,1733,-1,-1,-1,-1,-1,-1,2,0,0,0,0,0,5,0,7,4,9,41.94642657,-87.71256188
0,441553,-1,5,0,0,0,1,7,7,-1,0,0,0,0,-1,-1,-1,20,-1,511,-1,1,-1,-1,-1,-1,2,0,0,0,0,0,1,0,7,4,9,41.71631291,-87.59445633
0,441551,-1,30,0,0,0,1,12,5,2,0,0,0,0,-1,-1,-1,17,-1,1622,-1,-1,-1,-1,-1,-1,2,0,0,0,0,0,2,0,7,4,9,41.9744993,-87.78270908
0,441461,-1,25,2,2,0,1,10,5,2,0,0,0,0,1,-1,-1,18,16,1623,-1,-1,-1,-1,-1,-1,2,0,0,0,0,0,2,0,7,4,9,41.96779111,-87.75784434
0,441853,-1,30,0,0,0,1,12,5,-1,0,0,0,0,-1,-1,1,22,-1,1234,-1,-1,-1,-1,-1,-1,2,0,0,0,0,0,2,0,7,4,9,41.85955978,-87.66634385
2,441572,-1,30,0,0,0,1,10,2,-1,0,0,0,1,-1,-1,-1,18,-1,833,-1,1,-1,-1,-1,-1,2,1,0,0,1,0,1,0,7,4,9,41.77243894,-87.7227486
0,441547,-1,30,1,2,0,1,12,6,3,0,0,0,0,-1,-1,-1,21,23,1834,1,-1,-1,-1,-1,-1,2,0,0,0,0,0,2,0,7,4,9,41.89271636,-87.61976236
0,441549,-1,30,2,2,0,1,14,2,4,0,0,0,1,1,-1,-1,17,-1,1433,-1,-1,-1,-1,-1,-1,2,0,0,0,0,0,2,0,6,4,9,41.90909532,-87.667795
0,441649,-1,30,0,0,0,1,7,5,-1,0,0,0,0,-1,-1,1,0,0,834,-1,-1,-1,-1,-1,-1,2,0,0,0,0,0,2,0,6,4,9,41.7411209,-87.73150159
0,443935,-1,15,0,0,0,1,0,7,-1,0,0,0,0,-1,1,-1,0,-1,2023,-1,-1,-1,-1,-1,-1,2,0,0,0,0,0,5,0,6,4,9,41.98094125,-87.65525981
0,441537,1,30,0,0,0,1,12,2,-1,0,0,4,0,-1,-1,1,16,21,1234,-1,-1,-1,-1,-1,-1,2,0,0,0,0,0,2,0,6,4,9,41.85955978,-87.66634385
0,442407,-1,20,0,0,0,1,7,6,1,0,0,-1,0,-1,-1,1,0,0,1722,-1,-1,-1,-1,-1,-1,2,0,0,0,0,0,1,0,6,4,9,41.96152315,-87.73208923
0,441829,-1,30,0,3,0,1,12,2,-1,0,0,0,0,-1,-1,-1,0,0,924,-1,-1,-1,-1,-1,-1,2,0,0,0,0,0,2,0,6,4,9,41.81054784,-87.66386797
0,441552,1,30,0,0,0,1,7,5,2,0,0,0,0,-1,-1,1,-1,-1,921,-1,-1,-1,-1,-1,-1,2,0,0,0,0,0,1,0,6,4,9,41.82185283,-87.69448169
0,441533,-1,30,1,2,0,1,14,5,2,0,0,0,1,1,-1,-1,17,23,2524,-1,-1,-1,-1,-1,-1,2,0,0,0,0,0,2,0,6,4,9,41.93164455,-87.72952995
0,442322,1,30,0,0,0,2,7,5,-1,0,0,0,0,-1,-1,1,0,-1,1431,-1,-1,-1,-1,-1,-1,2,0,0,0,0,0,1,0,6,4,9,41.9215258,-87.69537646
0,441524,-1,30,0,0,0,2,7,5,2,0,0,0,0,-1,-1,-1,7,-1,1421,-1,-1,-1,-1,-1,-1,3,0,0,0,0,0,1,0,5,4,9,41.91580033,-87.69492068
0,441713,-1,30,0,0,0,3,7,6,1,0,0,0,0,-1,-1,-1,0,0,1511,-1,-1,-1,-1,-1,-1,2,0,0,0,0,0,1,0,5,4,9,41.89739482,-87.76898562
0,441521,-1,30,2,2,0,3,14,5,4,0,0,0,0,1,-1,-1,17,0,932,-1,-1,-1,-1,-1,-1,2,0,0,0,0,0,3,0,5,4,9,41.79939457,-87.67431295
0,441535,-1,30,0,0,0,3,7,6,1,0,0,0,0,-1,-1,-1,0,-1,934,-1,-1,-1,-1,-1,-1,2,0,0,0,0,0,1,0,4,4,9,41.80074372,-87.64817372
0,441495,-1,30,1,2,0,3,10,2,-1,0,0,0,0,0,-1,-1,0,0,1631,-1,-1,-1,-1,-1,-1,2,0,0,0,0,0,2,0,3,4,9,41.9524226,-87.81712358
0,441772,1,30,0,0,0,3,7,5,2,0,0,0,0,-1,-1,1,0,-1,2531,-1,-1,-1,-1,-1,-1,2,0,0,0,0,0,1,0,3,4,9,41.9044676,-87.77529686
2,441476,-1,30,0,0,0,0,2,5,-1,0,0,0,1,-1,1,-1,16,-1,811,-1,-1,-1,-1,-1,-1,1,1,0,0,1,0,0,0,2,4,9,41.79342475,-87.77653603
0,441470,-1,35,0,0,0,3,10,5,4,0,0,0,1,-1,-1,-1,0,0,2533,-1,-1,-1,-1,-1,-1,2,0,0,0,0,0,2,0,2,4,9,41.90965559,-87.75228257
0,441449,-1,20,0,0,0,3,7,5,-1,0,0,0,1,-1,-1,-1,32,-1,612,-1,-1,-1,-1,-1,-1,4,0,0,0,0,0,4,0,1,4,9,41.74695628,-87.65437489
0,441850,1,30,0,0,0,1,7,6,2,0,0,0,0,-1,-1,1,0,0,731,-1,-1,-1,-1,-1,-1,2,0,0,0,0,0,1,0,1,4,9,41.76603604,-87.62964023
0,441564,-1,0,0,0,0,1,7,7,-1,0,0,0,0,-1,-1,1,0,0,2412,-1,-1,-1,-1,-1,-1,2,0,0,0,0,0,1,0,1,4,9,42.00222338,-87.68012883
2,441444,1,30,0,0,0,3,7,7,0,0,0,0,1,-1,1,-1,27,-1,1633,-1,-1,-1,-1,-1,-1,2,2,0,0,2,0,0,0,23,3,9,41.94633639,-87.76662508
0,441411,-1,30,2,2,0,3,12,6,2,0,0,0,1,-1,-1,1,11,0,1014,-1,-1,-1,-1,-1,-1,2,0,0,0,0,0,2,0,23,3,9,-1,-1
0,441410,-1,30,1,2,0,0,14,3,0,0,0,-1,0,1,-1,1,23,-1,131,-1,-1,-1,-1,-1,-1,2,0,0,0,0,0,3,0,23,3,9,41.85277372,-87.62395241
0,441771,-1,30,0,0,0,0,12,5,-1,0,0,0,0,-1,-1,-1,0,0,1632,-1,-1,-1,-1,-1,-1,2,0,0,0,0,0,2,0,23,3,9,41.95204241,-87.80709474
2,441395,-1,30,0,0,0,3,9,4,1,0,0,0,1,-1,-1,1,16,16,2511,-1,-1,-1,-1,-1,-1,2,1,0,0,1,0,1,0,23,3,9,41.93454894,-87.78596083
0,442097,1,35,-1,-1,0,0,7,6,1,0,0,0,0,-1,-1,1,0,-1,732,-1,-1,-1,-1,-1,-1,2,0,0,0,0,0,1,0,23,3,9,41.76525755,-87.63574601
0,441373,-1,30,0,0,0,3,7,5,-1,0,0,0,1,-1,-1,-1,25,33,2033,-1,-1,-1,-1,-1,-1,3,0,0,0,0,0,1,0,22,3,9,41.97612893,-87.66537229
0,441397,-1,30,1,2,0,3,12,2,4,0,0,0,0,1,-1,-1,0,0,814,-1,-1,-1,-1,-1,-1,2,0,0,0,0,0,2,0,22,3,9,41.79855828,-87.74307187
1,441356,-1,35,0,0,0,3,10,5,4,0,0,-1,1,-1,-1,1,18,0,131,-1,-1,-1,-1,-1,-1,2,1,0,0,0,1,1,0,22,3,9,41.8538846,-87.62725226
0,441354,-1,30,2,2,0,3,14,5,2,0,0,0,0,1,-1,1,0,0,931,-1,-1,-1,-1,-1,-1,2,0,0,0,0,0,2,0,22,3,9,41.80839538,-87.67596391
0,443696,-1,10,0,0,0,3,7,5,2,0,0,0,0,-1,-1,-1,20,-1,414,-1,-1,-1,-1,-1,-1,2,0,0,0,0,0,1,0,22,3,9,41.75163627,-87.56637812
0,441343,0,30,1,-1,0,-1,14,3,4,0,0,-1,0,1,-1,-1,-1,-1,111,-1,-1,-1,-1,-1,-1,2,0,0,0,0,0,2,0,22,3,9,41.88328915,-87.6245494
0,469085,-1,30,0,0,0,0,2,2,2,2,0,0,0,-1,-1,-1,0,-1,722,-1,-1,-1,-1,-1,-1,1,0,0,0,0,0,1,0,22,3,9,41.77281783,-87.6275914
0,441704,1,30,0,0,0,0,7,5,2,0,0,-1,0,-1,-1,1,0,0,1821,-1,-1,-1,-1,-1,-1,2,0,0,0,0,0,1,0,22,3,9,41.90839841,-87.6383608
0,441337,0,15,0,0,0,3,7,6,1,0,0,0,0,-1,-1,0,15,16,1531,-1,-1,-1,-1,-1,-1,6,0,0,0,0,0,1,0,22,3,9,41.8960404,-87.74847922
0,441316,-1,30,1,2,0,3,3,5,2,0,0,0,1,-1,-1,1,0,-1,823,-1,-1,-1,-1,-1,-1,2,0,0,0,0,0,3,0,22,3,9,41.77894575,-87.70328312
0,441339,-1,30,1,2,0,3,10,2,-1,0,0,0,0,-1,-1,-1,0,0,833,-1,-1,-1,-1,-1,-1,3,0,0,0,0,0,3,0,21,3,9,41.7712227,-87.74191039
0,441438,-1,30,1,2,0,3,12,5,2,0,0,0,0,1,-1,-1,0,0,1622,-1,-1,-1,-1,-1,-1,2,0,0,0,0,0,2,0,21,3,9,41.98302479,-87.77522725
0,441312,-1,10,0,0,0,0,10,7,-1,0,0,0,0,-1,-1,-1,0,-1,1621,-1,-1,-1,-1,-1,-1,2,0,0,0,0,0,3,0,21,3,9,41.97543839,-87.74814517
0,441309,-1,30,0,0,0,0,10,5,2,0,0,0,0,-1,-1,1,18,18,513,-1,-1,-1,-1,-1,-1,2,0,0,0,0,0,2,0,21,3,9,41.70000749,-87.60836492
0,441697,-1,30,1,2,0,3,0,5,-1,0,0,0,0,1,-1,1,25,0,623,-1,-1,-1,-1,-1,-1,2,0,0,0,0,0,3,0,21,3,9,41.75649015,-87.61522679
0,441322,-1,35,1,2,0,3,10,2,4,0,0,-1,0,-1,-1,1,18,0,123,-1,-1,-1,-1,-1,-1,3,0,0,0,0,0,3,0,21,3,9,41.87558342,-87.62747177
0,441292,-1,30,1,2,0,3,0,5,-1,0,0,0,1,1,-1,1,25,-1,823,-1,-1,-1,-1,-1,-1,2,0,0,0,0,0,2,0,21,3,9,41.77537073,-87.70290726
0,441294,-1,30,1,2,0,3,10,5,4,0,0,-1,0,-1,-1,-1,18,-1,1123,-1,1,-1,-1,-1,-1,2,0,0,0,0,0,6,0,21,3,9,41.88084796,-87.71115025
0,443933,-1,30,1,2,1,3,4,5,-1,0,0,1,0,-1,-1,-1,28,-1,2521,-1,-1,-1,-1,-1,-1,1,0,0,0,0,0,1,0,21,3,9,41.92437901,-87.74393012