MOST_SEVERE_INJURY,RD_NO,CRASH_DATE_EST_I,POSTED_SPEED_LIMIT,TRAFFIC_CONTROL_DEVICE,DEVICE_CONDITION,WEATHER_CONDITION,LIGHTING_CONDITION,FIRST_CRASH_TYPE,TRAFFICWAY_TYPE,LANE_CNT,ALIGNMENT,ROADWAY_SURFACE_COND,ROAD_DEFECT,CRASH_TYPE,INTERSECTION_RELATED_I,NOT_RIGHT_OF_WAY_I,HIT_AND_RUN_I,PRIM_CONTRIBUTORY_CAUSE,SEC_CONTRIBUTORY_CAUSE,BEAT_OF_OCCURRENCE,PHOTOS_TAKEN_I,STATEMENTS_TAKEN_I,DOORING_I,WORK_ZONE_I,WORK_ZONE_TYPE,WORKERS_PRESENT_I,NUM_UNITS,INJURIES_TOTAL,INJURIES_FATAL,INJURIES_INCAPACITATING,INJURIES_NON_INCAPACITATING,INJURIES_REPORTED_NOT_EVIDENT,INJURIES_NO_INDICATION,INJURIES_UNKNOWN,CRASH_HOUR,CRASH_DAY_OF_WEEK,CRASH_MONTH,LATITUDE,LONGITUDE
0,442471,-1,30,0,0,0,1,12,5,2,0,0,0,0,-1,-1,-1,17,11,823,-1,-1,-1,-1,-1,-1,2,0,0,0,0,0,2,0,21,3,9,41.77815656,-87.69351273
0,441302,-1,30,1,2,0,0,14,6,-1,0,0,-1,0,1,-1,-1,18,-1,112,-1,-1,-1,-1,-1,-1,2,0,0,0,0,0,2,0,20,3,9,41.88311178,-87.62618597
0,441338,0,25,-1,-1,-1,-1,7,5,1,0,-1,0,0,-1,-1,1,0,11,2535,-1,-1,-1,-1,-1,-1,2,0,0,0,0,0,1,0,20,3,9,41.90317943,-87.72129876
0,441885,0,30,0,0,0,0,7,7,-1,0,0,0,0,-1,-1,-1,20,-1,623,-1,-1,-1,-1,-1,-1,2,0,0,0,0,0,1,0,20,3,9,41.75100958,-87.62440142
0,449906,-1,30,0,0,0,3,10,5,4,0,0,0,0,-1,-1,-1,20,-1,1034,-1,-1,-1,-1,-1,-1,2,0,0,0,0,0,2,0,20,3,9,41.84413502,-87.68555255
0,443282,-1,35,2,2,0,3,0,2,-1,0,0,0,0,1,-1,-1,5,5,214,-1,-1,-1,-1,-1,-1,2,0,0,0,0,0,2,0,20,3,9,41.82181957,-87.60389535
0,441297,-1,30,1,2,0,3,14,5,2,0,-1,-1,0,-1,-1,-1,17,23,1022,-1,-1,-1,-1,-1,-1,2,0,0,0,0,0,2,0,20,3,9,41.85190837,-87.70287599
0,441262,1,30,0,0,0,2,14,5,2,0,0,0,0,-1,-1,-1,18,0,2533,-1,-1,-1,-1,-1,-1,2,0,0,0,0,0,3,0,20,3,9,41.9032572,-87.75074723
0,441940,-1,30,0,0,0,1,7,5,4,0,0,0,0,-1,-1,-1,7,27,2211,-1,-1,-1,-1,-1,-1,3,0,0,0,0,0,1,0,20,3,9,41.69155345,-87.70821587
0,441248,-1,30,0,0,0,3,12,5,4,0,0,0,0,0,-1,1,17,-1,2515,-1,-1,-1,-1,-1,-1,2,0,0,0,0,0,2,0,20,3,9,41.92391186,-87.76275164
0,441222,-1,30,0,0,0,3,12,5,-1,0,0,0,0,-1,-1,1,10,15,1925,-1,-1,-1,-1,-1,-1,2,0,0,0,0,0,2,0,19,3,9,41.94807763,-87.64936304
0,442083,-1,0,0,0,-1,-1,7,6,1,0,0,0,0,-1,-1,-1,11,11,2012,-1,-1,-1,-1,-1,-1,2,0,0,0,0,0,1,0,19,3,9,41.97763048,-87.68715942
0,441172,-1,20,0,0,0,3,7,12,1,0,0,0,0,-1,-1,-1,27,-1,133,-1,-1,-1,-1,-1,-1,2,0,0,0,0,0,1,0,19,3,9,41.84556816,-87.62378129
0,441201,-1,25,1,2,0,0,2,6,-1,0,0,12,1,-1,-1,-1,32,0,322,-1,-1,-1,-1,-1,-1,1,0,0,0,0,0,1,0,19,3,9,41.77283377,-87.6251441
0,441168,-1,25,0,0,0,4,7,5,1,0,0,0,0,-1,-1,1,-1,-1,1632,-1,-1,-1,-1,-1,-1,2,0,0,0,0,0,1,0,19,3,9,41.9400383,-87.78635724
0,454138,-1,30,0,0,0,3,7,5,-1,0,-1,0,0,-1,-1,-1,0,0,1013,-1,-1,-1,-1,-1,-1,2,0,0,0,0,0,2,0,19,3,9,41.84436004,-87.72503702
0,442507,-1,15,2,2,0,3,14,6,1,0,0,0,0,1,-1,-1,0,-1,1225,-1,-1,-1,-1,-1,-1,2,0,0,0,0,0,2,0,19,3,9,41.87750329,-87.67179444
0,441269,-1,35,1,2,0,3,10,3,2,0,0,-1,0,-1,-1,1,18,0,113,-1,-1,-1,-1,-1,-1,2,0,0,0,0,0,3,0,19,3,9,41.87570496,-87.62747332
0,441230,-1,35,0,0,0,3,7,5,4,0,0,0,0,-1,-1,1,20,0,334,-1,-1,-1,-1,-1,-1,2,0,0,0,0,0,1,0,19,3,9,41.7591126,-87.56514763
0,441184,-1,30,0,0,0,2,12,5,6,0,0,0,0,-1,-1,-1,23,0,1115,-1,-1,-1,-1,-1,-1,2,0,0,0,0,0,3,0,19,3,9,41.88060958,-87.72617037
0,443844,-1,30,0,0,0,0,7,5,-1,0,0,0,0,-1,-1,1,0,0,915,-1,-1,-1,-1,-1,-1,2,0,0,0,0,0,1,0,19,3,9,41.82891365,-87.64591472
0,441675,-1,30,0,0,0,4,10,3,4,0,0,0,0,-1,-1,1,21,22,114,-1,-1,-1,-1,-1,-1,2,0,0,0,0,0,2,0,19,3,9,41.88462379,-87.62047604
2,441132,-1,30,1,2,0,0,8,6,3,0,0,0,1,1,-1,-1,17,23,114,-1,-1,-1,-1,-1,-1,2,1,0,0,1,0,1,0,19,3,9,41.88457722,-87.62440363
0,441335,1,30,2,2,0,1,11,6,1,0,0,0,1,1,-1,1,0,-1,921,-1,-1,-1,-1,-1,-1,2,0,0,0,0,0,2,0,18,3,9,41.82078744,-87.70214472
0,441139,-1,5,0,0,0,3,10,7,-1,0,0,0,0,-1,-1,-1,8,-1,411,-1,-1,-1,-1,-1,-1,2,0,0,0,0,0,2,0,18,3,9,41.75161152,-87.58559228
0,441130,-1,30,0,0,0,4,10,7,-1,0,0,0,0,-1,-1,-1,0,-1,1421,-1,-1,-1,-1,-1,-1,2,0,0,0,0,0,2,0,18,3,9,41.91563765,-87.7050766
0,441119,-1,30,1,2,0,1,10,5,-1,0,0,0,0,-1,-1,-1,20,-1,111,-1,-1,-1,-1,-1,-1,2,0,0,0,0,0,2,0,18,3,9,41.88809155,-87.6246827
0,448667,-1,30,1,-1,0,1,12,5,-1,0,0,0,0,-1,-1,-1,21,0,1814,-1,-1,-1,-1,-1,-1,2,0,0,0,0,0,2,0,18,3,9,41.91298578,-87.62982011
0,441148,-1,30,1,2,0,4,10,5,-1,0,0,-1,0,-1,-1,-1,18,18,1723,-1,-1,-1,-1,-1,-1,2,0,0,0,0,0,3,0,18,3,9,41.96106145,-87.72745487
0,441110,-1,30,0,0,0,4,11,2,2,0,0,0,0,-1,-1,1,10,-1,1622,-1,-1,-1,-1,-1,-1,2,0,0,0,0,0,3,0,18,3,9,41.98303343,-87.77262728
0,441810,-1,45,1,2,0,1,10,3,-1,0,0,0,0,-1,-1,-1,18,0,114,-1,-1,-1,-1,-1,-1,2,0,0,0,0,0,2,0,18,3,9,41.877995,-87.61704463
0,441200,-1,40,0,0,0,1,10,12,3,0,0,0,0,-1,-1,-1,0,-1,114,-1,-1,-1,-1,-1,-1,2,0,0,0,0,0,2,0,18,3,9,41.88434876,-87.61454978
2,450792,-1,30,1,-1,2,4,9,2,3,0,1,0,1,-1,-1,-1,6,17,1512,-1,-1,-1,-1,-1,-1,2,1,0,0,1,0,1,0,18,3,9,41.887218,-87.77438463
0,441171,-1,45,0,0,0,1,10,5,3,0,0,-1,0,-1,-1,-1,0,0,1824,-1,-1,-1,-1,-1,-1,2,0,0,0,0,0,2,0,18,3,9,41.90095892,-87.61992817
0,441216,-1,30,0,0,0,3,0,5,-1,0,0,0,1,-1,-1,-1,0,0,2521,-1,-1,-1,-1,-1,-1,1,0,0,0,0,0,1,0,18,3,9,41.92782654,-87.75613719
0,441133,-1,30,1,2,0,4,9,5,2,0,0,0,0,-1,-1,1,18,0,1822,-1,-1,-1,-1,-1,-1,2,0,0,0,0,0,2,0,18,3,9,41.90406753,-87.64337937
0,442703,-1,30,3,-1,-1,1,7,5,2,0,-1,-1,0,-1,-1,1,0,-1,1914,-1,-1,-1,-1,-1,-1,2,0,0,0,0,0,1,0,18,3,9,41.96649712,-87.65385921
0,441120,-1,30,0,0,0,4,10,5,-1,0,0,3,0,-1,-1,-1,18,28,1921,-1,-1,-1,-1,-1,-1,2,0,0,0,0,0,2,0,18,3,9,41.93959277,-87.6857406
0,441116,-1,30,0,0,0,1,0,5,-1,0,0,0,0,1,-1,-1,0,-1,1214,-1,-1,-1,-1,-1,-1,2,0,0,0,0,0,2,0,18,3,9,41.89184551,-87.64881784
0,441093,-1,30,0,0,0,1,7,7,-1,0,0,0,0,-1,-1,-1,0,0,1215,-1,-1,-1,-1,-1,-1,2,0,0,0,0,0,1,0,18,3,9,41.89176978,-87.65860461
0,441065,-1,30,0,0,0,1,12,6,2,0,0,0,0,-1,-1,-1,17,-1,1831,-1,-1,-1,-1,-1,-1,2,0,0,0,0,0,6,0,18,3,9,41.88801866,-87.62939683
0,441109,-1,35,0,0,0,1,12,2,-1,0,0,0,0,-1,-1,1,0,0,2011,-1,-1,-1,-1,-1,-1,2,0,0,0,0,0,4,0,17,3,9,41.9776875,-87.69912872
0,441784,-1,30,0,0,0,1,5,5,-1,0,0,1,0,-1,-1,-1,-1,-1,531,-1,-1,-1,-1,-1,-1,1,0,0,0,0,0,1,0,17,3,9,41.69247632,-87.62284192
0,441054,-1,30,0,0,0,1,14,5,4,0,0,0,1,-1,-1,-1,17,-1,1922,-1,-1,-1,-1,-1,-1,2,0,0,0,0,0,2,0,17,3,9,41.94507286,-87.66895832
0,441083,-1,25,2,2,0,1,0,2,0,0,0,0,1,1,-1,-1,17,-1,1215,-1,-1,-1,-1,-1,-1,2,0,0,0,0,0,2,0,17,3,9,41.89429946,-87.66738514
0,441072,-1,30,1,2,0,4,10,5,-1,0,0,0,0,-1,-1,-1,18,16,2513,-1,-1,-1,-1,-1,-1,3,0,0,0,0,0,4,0,17,3,9,41.90928788,-87.78248076
0,441031,-1,30,0,0,0,1,3,2,2,0,0,0,0,-1,-1,1,21,-1,321,-1,-1,-1,-1,-1,-1,2,0,0,0,0,0,2,0,17,3,9,41.77134858,-87.61300805
0,441004,-1,30,0,0,0,1,10,5,2,0,0,0,0,-1,-1,1,0,0,923,-1,-1,-1,-1,-1,-1,2,0,0,0,0,0,2,0,17,3,9,41.79384487,-87.69142582
0,445895,-1,25,0,0,0,1,7,5,-1,0,0,0,0,-1,-1,1,0,0,1631,-1,-1,-1,-1,-1,-1,2,0,0,0,0,0,1,0,17,3,9,41.9394544,-87.81916895
0,441687,-1,30,0,0,0,1,10,6,1,0,0,0,0,-1,-1,-1,20,-1,1712,-1,-1,-1,-1,-1,-1,2,0,0,0,0,0,2,0,17,3,9,41.97357762,-87.74676733
0,441319,-1,30,6,2,0,1,12,5,-1,0,0,0,0,-1,-1,-1,0,0,2212,-1,-1,-1,-1,-1,-1,2,0,0,0,0,0,2,0,17,3,9,41.67733442,-87.68499368
0,441129,-1,30,0,0,0,3,14,5,2,0,-1,-1,0,-1,-1,-1,11,0,1633,-1,-1,-1,-1,-1,-1,2,0,0,0,0,0,2,0,17,3,9,41.94599063,-87.76638214
0,441098,-1,30,0,0,0,1,7,6,2,0,0,0,0,1,-1,1,23,-1,2522,-1,-1,-1,-1,-1,-1,2,0,0,0,0,0,2,0,17,3,9,41.92231676,-87.74733356
0,441067,-1,25,0,0,0,1,12,6,-1,0,0,0,1,0,-1,-1,17,18,2424,-1,-1,-1,-1,-1,-1,3,0,0,0,0,0,5,0,17,3,9,42.00954942,-87.68001784
0,441061,-1,30,2,0,0,1,14,5,-1,0,0,0,0,-1,-1,-1,23,0,1225,-1,-1,-1,-1,-1,-1,2,0,0,0,0,0,2,0,17,3,9,41.86672791,-87.68561455
0,440985,-1,30,2,2,0,1,0,5,-1,0,0,0,0,1,-1,-1,17,-1,1634,-1,1,-1,-1,-1,-1,2,0,0,0,0,0,4,0,17,3,9,41.94695897,-87.75709672
0,441045,-1,15,0,0,0,1,8,4,-1,0,0,0,0,-1,1,-1,-1,-1,2211,-1,-1,-1,-1,-1,-1,2,0,0,0,0,0,1,0,17,3,9,41.70587177,-87.71581057
0,441036,-1,30,1,1,0,1,14,2,-1,0,0,0,0,1,-1,-1,28,-1,835,-1,-1,-1,1,-1,-1,2,0,0,0,0,0,2,0,17,3,9,41.74998518,-87.68282078
0,441012,-1,25,1,2,0,1,14,6,-1,0,0,0,0,-1,-1,-1,23,-1,122,-1,-1,-1,-1,-1,-1,2,0,0,0,0,0,2,0,17,3,9,41.88309538,-87.63541445
0,440986,-1,30,0,0,0,1,12,6,-1,0,0,0,0,-1,-1,1,23,-1,1222,-1,-1,-1,-1,-1,-1,2,0,0,0,0,0,2,0,17,3,9,41.88290873,-87.70574447
0,441097,1,30,0,0,0,1,12,5,-1,0,0,0,0,-1,-1,-1,18,-1,2424,-1,-1,-1,-1,-1,-1,2,0,0,0,0,0,3,0,17,3,9,42.0106486,-87.67445883
0,441030,-1,0,0,0,0,1,2,7,-1,0,0,0,0,-1,-1,-1,11,11,2422,-1,-1,-1,-1,-1,-1,1,0,0,0,0,0,2,0,17,3,9,42.01948321,-87.67129976
0,440978,-1,30,1,2,0,1,10,6,2,0,0,0,0,-1,-1,-1,18,-1,1232,-1,-1,-1,-1,-1,-1,2,0,0,0,0,0,3,0,17,3,9,41.87932589,-87.64734187
0,441070,-1,15,0,0,0,1,7,7,-1,0,0,0,0,-1,-1,1,20,0,2514,-1,-1,-1,-1,-1,-1,2,0,0,0,0,0,1,0,17,3,9,41.93665809,-87.76526837
0,440966,-1,30,0,0,0,1,12,2,2,0,0,0,0,0,-1,-1,17,23,1034,-1,-1,-1,-1,-1,-1,2,0,0,0,0,0,5,0,17,3,9,41.84461081,-87.6928817
0,442026,-1,30,0,0,0,1,10,2,1,0,0,0,0,-1,-1,-1,18,-1,1122,-1,-1,-1,-1,-1,-1,2,0,0,0,0,0,2,0,17,3,9,41.88176518,-87.72287319
2,440958,-1,30,0,0,0,1,9,6,2,0,0,0,1,-1,-1,-1,0,-1,122,-1,-1,-1,-1,-1,-1,2,1,0,0,1,0,1,0,17,3,9,41.87942965,-87.63538534
0,440953,-1,15,0,0,0,1,0,5,2,0,0,0,0,-1,-1,-1,0,-1,1922,-1,-1,-1,-1,-1,-1,2,0,0,0,0,0,2,0,17,3,9,41.94700383,-87.67625334
0,440947,-1,30,-1,-1,0,1,11,5,-1,0,0,-1,0,-1,-1,1,0,-1,622,-1,-1,-1,-1,-1,-1,2,0,0,0,0,0,2,0,17,3,9,41.74709566,-87.63051106
0,442446,-1,30,0,0,0,1,7,6,1,0,0,0,0,-1,-1,1,0,0,1023,-1,-1,-1,-1,-1,-1,2,0,0,0,0,0,1,0,17,3,9,41.86648498,-87.6935702
0,441082,-1,35,-1,0,0,1,0,5,-1,0,-1,0,0,-1,-1,-1,0,-1,1622,-1,-1,-1,-1,-1,-1,2,0,0,0,0,0,2,0,17,3,9,41.97572994,-87.76862658
0,441029,-1,30,2,0,0,1,7,5,2,0,0,0,0,-1,-1,-1,22,0,1731,-1,-1,-1,-1,-1,-1,2,0,0,0,0,0,1,0,17,3,9,41.94450485,-87.73951111
0,441026,-1,10,0,0,0,1,7,7,-1,0,-1,-1,0,-1,1,-1,0,-1,915,-1,-1,-1,-1,-1,-1,2,0,0,0,0,0,2,0,17,3,9,41.83758667,-87.6354517
0,443683,-1,30,0,0,1,1,12,3,-1,0,0,0,0,-1,-1,-1,22,-1,1834,-1,-1,-1,-1,-1,-1,2,0,0,0,0,0,2,0,16,3,9,41.88928401,-87.62654855
0,441162,-1,30,1,2,0,1,7,1,2,0,0,0,0,-1,-1,1,0,0,312,-1,-1,-1,-1,-1,-1,2,0,0,0,0,0,1,0,16,3,9,41.78021132,-87.61576829
0,440990,-1,30,1,2,1,4,10,5,-1,0,0,0,0,1,-1,1,0,-1,322,-1,-1,-1,-1,-1,-1,2,0,0,0,0,0,5,0,16,3,9,41.76908418,-87.62494864
2,440944,-1,25,2,2,0,1,14,5,2,0,0,0,1,1,-1,-1,17,11,833,-1,-1,-1,-1,-1,-1,2,1,0,0,1,0,1,0,16,3,9,41.77134222,-87.71754735
0,442167,-1,30,0,0,0,1,10,7,1,0,0,0,0,-1,-1,-1,20,0,923,-1,-1,-1,-1,-1,-1,2,0,0,0,0,0,2,0,16,3,9,41.79679141,-87.68396489
0,441017,-1,25,0,0,0,1,14,5,-1,0,0,0,0,-1,-1,-1,17,-1,2514,-1,-1,-1,-1,-1,-1,2,0,0,0,0,0,2,0,16,3,9,41.93691904,-87.7618701
0,440891,-1,30,0,0,0,1,14,2,2,0,0,0,1,0,-1,-1,17,16,2232,-1,0,-1,-1,-1,-1,2,0,0,0,0,0,2,0,16,3,9,41.70779845,-87.6554983
0,440933,-1,35,0,0,0,1,12,2,2,0,0,0,0,-1,-1,-1,22,23,2433,-1,-1,-1,-1,-1,-1,2,0,0,0,0,0,2,0,16,3,9,41.99640836,-87.67037201
0,440906,-1,30,1,2,0,1,10,5,-1,0,0,0,0,1,-1,-1,18,0,1033,-1,-1,-1,-1,-1,-1,2,0,0,0,0,0,2,0,16,3,9,41.83752077,-87.69515841
0,440898,-1,30,1,2,0,1,12,5,2,0,0,0,0,-1,-1,1,0,-1,1432,-1,-1,-1,-1,-1,-1,2,0,0,0,0,0,4,0,16,3,9,41.9320683,-87.68776348
0,440932,-1,30,0,0,1,1,0,5,-1,0,0,0,0,-1,-1,1,17,-1,611,-1,-1,-1,-1,-1,-1,2,0,0,0,0,0,2,0,16,3,9,41.7520812,-87.66362444
0,440973,-1,30,0,3,0,1,14,2,-1,0,0,0,0,-1,-1,-1,23,23,613,-1,-1,-1,-1,-1,-1,2,0,0,0,0,0,2,0,16,3,9,41.74312405,-87.65368441
0,440964,-1,30,1,2,0,1,14,5,-1,0,0,0,0,-1,-1,-1,23,16,1634,-1,-1,-1,-1,-1,-1,2,0,0,0,0,0,3,0,16,3,9,41.93880659,-87.75193856
1,440940,-1,30,1,2,0,1,0,5,4,0,0,0,1,-1,-1,-1,0,0,1414,-1,-1,-1,-1,-1,-1,2,2,0,0,0,2,0,0,16,3,9,41.9248009,-87.70707381
2,440923,-1,30,1,2,0,1,8,6,-1,0,0,0,1,1,-1,-1,17,16,822,-1,-1,-1,-1,-1,-1,2,1,0,0,1,0,1,0,16,3,9,41.79334892,-87.70860226
0,440991,-1,30,0,0,1,1,0,0,1,0,0,0,0,1,-1,-1,17,-1,1634,-1,-1,-1,-1,-1,-1,2,0,0,0,0,0,4,0,16,3,9,41.94053189,-87.74757593
0,440900,-1,30,0,0,0,1,12,5,-1,0,0,0,0,-1,-1,-1,17,17,1611,-1,-1,-1,-1,-1,-1,2,0,0,0,0,0,2,0,16,3,9,42.01169501,-87.81150809
0,440858,-1,20,0,0,0,1,2,6,1,0,0,0,0,-1,-1,-1,27,27,1733,-1,-1,-1,-1,-1,-1,1,0,0,0,0,0,1,0,16,3,9,41.94052992,-87.70019493
0,440941,-1,30,0,0,0,1,14,5,2,0,0,0,0,1,-1,1,23,16,1431,-1,-1,-1,-1,-1,-1,2,0,0,0,0,0,2,0,16,3,9,41.92179534,-87.69578194
0,443783,-1,30,0,0,0,1,10,2,2,0,0,0,0,-1,-1,-1,0,-1,1533,-1,-1,-1,-1,-1,-1,2,0,0,0,0,0,2,0,16,3,9,41.87856596,-87.74535367
0,440955,1,25,0,0,0,1,7,5,2,0,0,0,0,-1,-1,1,0,0,934,-1,-1,-1,-1,-1,-1,2,0,0,0,0,0,1,0,16,3,9,41.79645576,-87.65022069
0,440901,-1,30,1,2,0,1,14,5,2,0,0,0,0,1,-1,-1,17,16,1413,-1,-1,-1,-1,-1,-1,3,0,0,0,0,0,3,0,16,3,9,41.92803145,-87.71693254
0,440871,-1,30,0,0,0,1,12,5,-1,0,0,0,0,-1,-1,-1,-1,-1,813,-1,-1,-1,-1,-1,-1,2,0,0,0,0,0,5,0,16,3,9,41.77833539,-87.74243649
0,440846,-1,30,0,0,0,1,7,5,-1,0,0,0,0,-1,-1,1,0,-1,1822,-1,-1,-1,-1,-1,-1,2,0,0,0,0,0,1,0,16,3,9,41.90905475,-87.6524222
0,440934,-1,30,0,0,0,1,12,2,2,0,0,-1,0,-1,-1,-1,22,0,621,-1,-1,-1,-1,-1,-1,2,0,0,0,0,0,6,0,15,3,9,41.74734633,-87.63526223
0,440864,-1,30,1,2,0,1,10,2,4,0,0,0,1,-1,-1,-1,18,16,1532,-1,-1,-1,-1,-1,-1,2,0,0,0,0,0,2,0,15,3,9,41.88952204,-87.74576128
0,441041,1,30,2,2,0,1,0,2,2,0,0,0,0,-1,-1,-1,0,0,735,-1,-1,-1,-1,-1,-1,2,0,0,0,0,0,2,0,15,3,9,41.76840204,-87.66891752
0,440876,-1,20,0,0,0,1,0,0,1,0,0,-1,0,-1,-1,-1,17,0,2031,-1,-1,-1,-1,-1,-1,2,0,0,0,0,0,3,0,15,3,9,41.97320268,-87.69803708
0,440854,-1,30,0,0,0,1,10,6,-1,0,0,0,0,-1,-1,1,0,-1,1414,-1,-1,-1,-1,-1,-1,2,0,0,0,0,0,3,0,15,3,9,41.92486712,-87.70479498
0,440688,-1,30,0,0,0,1,0,5,-1,0,0,0,0,-1,-1,-1,0,0,1911,-1,-1,-1,-1,-1,-1,2,0,0,0,0,0,2,0,15,3,9,41.95917494,-87.68211255
0,440848,-1,15,0,0,1,1,0,7,-1,0,0,12,0,-1,1,1,26,20,925,-1,-1,-1,-1,-1,-1,2,0,0,0,0,0,2,0,15,3,9,41.80962977,-87.64570757
0,440819,-1,30,1,2,0,1,14,1,-1,0,0,1,0,1,-1,-1,0,-1,1023,-1,-1,-1,-1,-1,-1,2,0,0,0,0,0,3,0,15,3,9,41.86655006,-87.68618329
1,440809,-1,30,1,2,0,1,14,2,4,0,0,0,1,-1,-1,1,17,23,1932,-1,-1,-1,-1,-1,-1,2,2,0,0,0,2,1,0,15,3,9,41.93194573,-87.65806399
0,440855,-1,20,0,0,0,1,7,6,1,0,0,0,0,-1,-1,-1,22,0,614,-1,-1,-1,-1,-1,-1,2,0,0,0,0,0,2,0,15,3,9,41.74526284,-87.6598119
0,440807,-1,30,0,0,0,1,10,5,2,0,0,0,0,-1,-1,1,16,18,713,-1,-1,-1,-1,-1,-1,2,0,0,0,0,0,2,0,15,3,9,41.77961479,-87.66202924
0,440783,-1,30,1,2,0,1,14,6,3,0,0,0,0,1,-1,-1,22,-1,213,-1,-1,-1,-1,-1,-1,2,0,0,0,0,0,2,0,15,3,9,41.82364234,-87.62978732
3,440827,-1,30,1,2,1,1,0,2,4,0,0,0,1,1,-1,-1,6,16,114,-1,1,-1,-1,-1,-1,2,2,0,1,1,0,1,0,15,3,9,41.87566868,-87.62341082
0,440823,-1,30,1,2,0,1,0,6,-1,0,0,-1,0,-1,-1,-1,6,17,1133,-1,-1,-1,-1,-1,-1,2,0,0,0,0,0,4,0,15,3,9,41.87089505,-87.72024707
0,440842,-1,30,0,0,0,1,14,5,-1,0,0,0,0,-1,-1,-1,0,0,1223,-1,-1,-1,-1,-1,-1,2,0,0,0,0,0,4,0,15,3,9,41.88212511,-87.67646147
3,440793,-1,25,0,0,0,1,12,5,2,0,0,0,1,-1,-1,-1,17,-1,1212,-1,-1,1,-1,-1,-1,3,1,0,1,0,0,2,0,15,3,9,41.89950074,-87.68613207
1,440778,-1,40,12,2,0,1,10,3,10,2,0,0,1,-1,-1,-1,0,0,1834,-1,-1,-1,1,2,1,3,1,0,0,0,1,2,0,15,3,9,41.89114707,-87.61437506
0,440805,-1,30,0,0,0,1,12,5,2,0,0,0,0,-1,-1,-1,17,-1,1631,-1,-1,-1,-1,-1,-1,2,0,0,0,0,0,4,0,15,3,9,41.94511903,-87.82732984
0,440881,-1,35,0,0,0,1,2,12,2,0,0,0,0,-1,-1,-1,-1,-1,823,-1,-1,-1,-1,-1,-1,1,0,0,0,0,0,1,0,15,3,9,41.77915245,-87.69833062
1,440798,-1,0,1,2,0,1,10,12,0,0,0,0,1,-1,-1,1,0,0,733,-1,-1,-1,-1,-1,-1,2,1,0,0,0,1,1,0,15,3,9,41.76510943,-87.64455695
0,440852,1,0,0,0,0,1,7,7,1,0,0,0,0,-1,-1,-1,0,0,2522,-1,-1,-1,-1,-1,-1,2,0,0,0,0,0,1,0,15,3,9,41.92293421,-87.7513379
0,440843,-1,30,1,2,0,1,14,5,-1,0,0,0,0,1,-1,-1,17,-1,1621,-1,-1,-1,-1,-1,-1,2,0,0,0,0,0,2,0,15,3,9,41.99607152,-87.76408625
0,440796,-1,30,0,0,0,1,10,5,2,0,0,-1,0,-1,-1,-1,0,0,413,-1,-1,-1,-1,-1,-1,2,0,0,0,0,0,2,0,15,3,9,41.72602285,-87.57559028
0,440789,-1,30,1,2,2,1,12,2,4,0,0,0,0,-1,-1,-1,0,-1,2211,-1,-1,-1,-1,-1,-1,2,0,0,0,0,0,2,0,15,3,9,41.7059888,-87.72056193
0,440777,-1,30,0,0,0,1,12,6,2,0,0,0,0,-1,-1,-1,22,-1,1831,-1,-1,-1,-1,-1,-1,2,0,0,0,0,0,2,0,15,3,9,41.89540892,-87.63995156
0,443086,1,30,0,0,0,1,12,5,2,0,0,0,0,-1,-1,-1,0,0,1215,-1,-1,-1,-1,-1,-1,2,0,0,0,0,0,2,0,14,3,9,41.8889401,-87.66078761
0,440810,-1,30,2,2,0,1,10,5,-1,0,0,0,0,-1,-1,-1,0,-1,2524,-1,-1,-1,-1,-1,-1,2,0,0,0,0,0,2,0,14,3,9,41.93158322,-87.73440337
0,440766,-1,35,0,0,0,1,12,5,-1,0,0,0,0,-1,-1,1,22,0,713,1,1,-1,-1,-1,-1,2,0,0,0,0,0,4,0,14,3,9,41.78688905,-87.66211597
2,440764,-1,30,4,2,0,1,10,3,-1,0,0,0,1,-1,-1,-1,18,18,411,-1,-1,-1,-1,-1,-1,3,1,0,0,1,0,3,0,14,3,9,41.75133363,-87.5859742
2,440740,-1,30,0,0,0,1,2,5,2,0,0,0,1,-1,-1,-1,13,0,1122,-1,-1,-1,-1,-1,-1,1,2,0,0,2,0,0,0,14,3,9,41.88516733,-87.71840926
0,440811,-1,30,1,2,0,1,10,5,4,0,0,-1,0,-1,-1,-1,18,0,1711,-1,-1,-1,-1,-1,-1,2,0,0,0,0,0,2,0,14,3,9,41.99506188,-87.71521038
0,444469,-1,30,2,2,0,1,0,5,2,0,0,0,0,1,-1,-1,0,0,2411,-1,-1,-1,-1,-1,-1,2,0,0,0,0,0,2,0,14,3,9,42.01216921,-87.69749786
0,444313,-1,15,0,0,0,1,7,7,1,0,0,0,0,-1,-1,1,0,-1,1612,-1,-1,-1,-1,-1,-1,2,0,0,0,0,0,1,0,14,3,9,41.98857518,-87.81297791
0,440816,-1,30,1,2,0,1,14,6,4,0,0,0,0,1,-1,-1,23,-1,122,-1,-1,-1,-1,-1,-1,2,0,0,0,0,0,2,0,14,3,9,41.88331995,-87.63426843
0,440712,-1,30,0,0,0,1,14,5,-1,0,0,-1,0,-1,-1,-1,23,23,1223,-1,-1,-1,-1,-1,-1,2,0,0,0,0,0,2,0,14,3,9,41.88111828,-87.68628334
0,440726,-1,30,-1,2,0,1,7,5,2,0,0,0,0,-1,-1,-1,22,22,1924,-1,-1,-1,-1,-1,-1,2,0,0,0,0,0,1,0,14,3,9,41.9472229,-87.65636161