MOST_SEVERE_INJURY,RD_NO,CRASH_DATE_EST_I,POSTED_SPEED_LIMIT,TRAFFIC_CONTROL_DEVICE,DEVICE_CONDITION,WEATHER_CONDITION,LIGHTING_CONDITION,FIRST_CRASH_TYPE,TRAFFICWAY_TYPE,LANE_CNT,ALIGNMENT,ROADWAY_SURFACE_COND,ROAD_DEFECT,CRASH_TYPE,INTERSECTION_RELATED_I,NOT_RIGHT_OF_WAY_I,HIT_AND_RUN_I,PRIM_CONTRIBUTORY_CAUSE,SEC_CONTRIBUTORY_CAUSE,BEAT_OF_OCCURRENCE,PHOTOS_TAKEN_I,STATEMENTS_TAKEN_I,DOORING_I,WORK_ZONE_I,WORK_ZONE_TYPE,WORKERS_PRESENT_I,NUM_UNITS,INJURIES_TOTAL,INJURIES_FATAL,INJURIES_INCAPACITATING,INJURIES_NON_INCAPACITATING,INJURIES_REPORTED_NOT_EVIDENT,INJURIES_NO_INDICATION,INJURIES_UNKNOWN,CRASH_HOUR,CRASH_DAY_OF_WEEK,CRASH_MONTH,LATITUDE,LONGITUDE
0,440820,-1,30,1,2,1,1,10,2,2,0,0,0,0,1,-1,-1,18,0,1632,-1,-1,-1,-1,-1,-1,2,0,0,0,0,0,6,0,14,3,9,41.95220643,-87.80710088
0,440738,-1,30,0,0,0,1,10,5,-1,0,0,0,0,-1,-1,-1,-1,-1,925,-1,-1,-1,-1,-1,-1,2,0,0,0,0,0,2,0,14,3,9,41.82335939,-87.64513977
0,440698,-1,25,0,0,0,1,12,5,2,0,0,0,0,-1,-1,-1,17,-1,2511,-1,-1,-1,-1,-1,-1,2,0,0,0,0,0,2,0,14,3,9,41.93718533,-87.7857481
2,440678,-1,30,1,2,0,1,9,5,4,0,0,0,1,-1,-1,-1,17,-1,1231,-1,-1,-1,-1,-1,-1,2,1,0,0,1,0,1,0,14,3,9,41.86693175,-87.67147111
0,441043,-1,30,0,0,0,1,7,5,2,0,0,0,0,-1,-1,1,0,0,834,-1,-1,-1,-1,-1,-1,2,0,0,0,0,0,1,0,14,3,9,41.74131136,-87.71201742
0,440754,-1,30,0,0,0,1,12,5,2,0,0,0,0,-1,-1,-1,21,0,1225,-1,-1,-1,-1,-1,-1,2,0,0,0,0,0,2,0,14,3,9,41.87741711,-87.67639721
0,440732,-1,30,0,0,0,1,2,5,4,0,0,12,0,-1,-1,-1,0,0,711,-1,-1,-1,-1,-1,-1,1,0,0,0,0,0,1,0,14,3,9,41.7834194,-87.64022592
0,440725,-1,35,1,2,1,1,5,2,-1,0,0,0,0,-1,-1,-1,18,-1,1031,-1,-1,-1,-1,-1,-1,2,0,0,0,0,0,3,0,14,3,9,41.83675052,-87.73421763
0,440682,-1,30,9,2,0,1,0,2,-1,0,0,0,0,-1,-1,-1,0,0,1034,-1,-1,-1,-1,-1,-1,2,0,0,0,0,0,2,0,14,3,9,41.84439324,-87.69450475
0,440779,-1,0,2,2,0,1,14,7,1,0,0,0,0,-1,-1,-1,11,11,924,-1,-1,-1,-1,-1,-1,2,0,0,0,0,0,3,0,13,3,9,41.8089361,-87.6750952
0,440683,-1,30,1,2,0,1,12,6,2,0,0,0,1,-1,-1,-1,17,17,121,-1,0,-1,-1,-1,-1,2,0,0,0,0,0,3,0,13,3,9,41.88217291,-87.64134944
0,441156,1,30,0,0,0,1,7,5,2,0,0,0,0,-1,-1,1,17,0,214,-1,-1,-1,-1,-1,-1,2,0,0,0,0,0,1,0,13,3,9,41.81946479,-87.60133176
0,441020,-1,30,0,0,0,1,7,5,-1,0,0,0,0,-1,-1,1,0,-1,1233,-1,-1,-1,-1,-1,-1,2,0,0,0,0,0,1,0,13,3,9,41.85693192,-87.6659771
0,440720,-1,30,0,0,0,1,12,5,2,0,0,-1,0,-1,-1,1,0,0,423,-1,-1,-1,-1,-1,-1,2,0,0,0,0,0,2,0,13,3,9,41.72621271,-87.56066987
0,440633,-1,30,0,0,0,1,9,5,4,0,0,0,0,-1,-1,-1,-1,-1,2033,-1,-1,-1,-1,-1,-1,2,0,0,0,0,0,2,0,13,3,9,41.97576328,-87.65970446
0,440618,-1,35,1,2,0,1,12,5,4,0,0,0,0,-1,-1,-1,0,0,1434,-1,-1,-1,-1,-1,-1,2,0,0,0,0,0,2,0,13,3,9,41.91680089,-87.68724162
0,440591,-1,30,3,2,0,1,12,2,4,0,0,0,0,-1,-1,-1,22,4,1822,-1,-1,-1,-1,-1,-1,2,0,0,0,0,0,2,0,13,3,9,41.91081677,-87.64777397
0,441084,-1,30,3,2,0,1,10,2,2,0,0,0,0,-1,-1,-1,22,11,1834,-1,-1,-1,-1,-1,-1,2,0,0,0,0,0,2,0,13,3,9,41.89420933,-87.62664076
0,440600,-1,0,0,0,1,1,14,6,1,0,0,0,0,-1,-1,-1,17,-1,2525,-1,-1,-1,-1,-1,-1,2,0,0,0,0,0,3,0,13,3,9,41.92045764,-87.71916707
0,443945,-1,30,1,2,0,1,10,6,2,0,0,0,0,-1,-1,1,0,-1,112,-1,-1,-1,-1,-1,-1,2,0,0,0,0,0,3,0,12,3,9,41.88198598,-87.62537814
2,440593,-1,30,0,0,0,1,8,2,4,0,0,0,1,-1,-1,-1,10,0,1123,-1,-1,-1,-1,-1,-1,2,1,0,0,1,0,2,0,12,3,9,41.88424956,-87.70635939
0,440709,-1,15,4,0,0,1,2,7,-1,0,0,-1,0,-1,1,-1,0,-1,213,-1,-1,-1,-1,-1,-1,1,0,0,0,0,0,1,0,12,3,9,41.81799372,-87.62159356
0,440689,-1,30,2,0,0,1,14,5,2,0,0,0,0,-1,-1,-1,17,-1,622,-1,-1,-1,-1,-1,-1,2,0,0,0,0,0,2,0,12,3,9,41.73633471,-87.62864522
0,440590,-1,30,0,0,0,1,12,6,-1,0,0,0,0,-1,-1,-1,17,-1,1834,-1,-1,-1,-1,-1,-1,2,0,0,0,0,0,2,0,12,3,9,41.89180548,-87.62608938
1,440602,-1,25,2,2,0,1,0,5,-1,0,0,0,1,1,-1,-1,17,16,2212,-1,-1,-1,-1,-1,-1,2,1,0,0,0,1,1,0,12,3,9,41.69931556,-87.66232333
0,440673,-1,30,0,0,0,1,14,2,-1,0,0,0,0,-1,-1,-1,5,5,622,-1,-1,-1,-1,-1,-1,2,0,0,0,0,0,2,0,12,3,9,41.73622612,-87.62926031
0,440690,-1,30,1,2,0,1,14,5,-1,0,0,0,0,1,-1,1,18,-1,1915,-1,-1,-1,-1,-1,-1,2,0,0,0,0,0,2,0,12,3,9,41.95453715,-87.65439899
0,440606,-1,30,0,0,0,1,5,7,-1,0,0,0,0,-1,-1,-1,0,0,623,-1,-1,-1,-1,-1,-1,2,0,0,0,0,0,2,0,12,3,9,41.75091814,-87.62469012
0,440563,-1,30,4,2,0,1,10,5,2,0,0,0,0,-1,-1,-1,7,0,1932,-1,-1,-1,-1,-1,-1,3,0,0,0,0,0,3,0,12,3,9,41.92533481,-87.66282898
0,440608,-1,30,0,0,0,1,7,6,1,0,0,0,0,-1,-1,1,0,0,522,-1,-1,-1,-1,-1,-1,2,0,0,0,0,0,3,0,12,3,9,41.68278523,-87.63226185
0,440528,-1,25,0,0,0,1,7,2,2,0,0,0,0,-1,-1,-1,22,11,1831,-1,-1,-1,-1,-1,-1,2,0,0,0,0,0,1,0,12,3,9,41.88918681,-87.63565618
0,440535,-1,30,9,2,0,1,12,1,-1,0,0,0,0,-1,-1,-1,22,29,2013,-1,-1,-1,-1,-1,-1,2,0,0,0,0,0,2,0,12,3,9,41.97851629,-87.66007506
0,440599,-1,15,0,0,0,1,7,7,-1,0,0,0,0,-1,-1,1,18,-1,113,-1,-1,-1,-1,-1,-1,2,0,0,0,0,0,1,0,12,3,9,41.87877207,-87.62595192
0,440751,1,30,-1,-1,-1,-1,0,5,-1,0,-1,-1,0,-1,-1,-1,0,0,1133,-1,-1,-1,-1,-1,-1,2,0,0,0,0,0,2,0,12,3,9,41.86642829,-87.71310643
0,440498,-1,25,2,2,0,1,12,6,1,0,0,0,0,-1,-1,1,0,0,1531,-1,-1,-1,-1,-1,-1,2,0,0,0,0,0,2,0,11,3,9,41.89664286,-87.75558481
0,440491,-1,30,0,0,0,1,10,2,2,0,0,0,0,-1,-1,-1,18,-1,1434,-1,-1,-1,-1,-1,-1,2,0,0,0,0,0,2,0,11,3,9,41.91286587,-87.67737084
0,440649,-1,15,0,0,0,1,10,5,-1,0,0,0,0,-1,-1,-1,0,-1,1934,-1,-1,-1,-1,-1,-1,2,0,0,0,0,0,2,0,11,3,9,41.93478599,-87.63786507
0,440647,-1,30,0,0,0,1,12,6,3,0,0,0,0,-1,-1,1,22,-1,122,-1,-1,-1,-1,-1,-1,2,0,0,0,0,0,2,0,11,3,9,41.88331789,-87.63329669
0,440980,-1,30,0,0,0,1,7,5,2,0,0,-1,0,-1,-1,-1,0,0,2031,-1,-1,-1,-1,-1,-1,2,0,0,0,0,0,3,0,11,3,9,41.97543471,-87.69905609
2,440461,-1,30,0,0,0,1,4,5,2,0,0,0,1,1,-1,-1,0,0,1121,-1,-1,-1,-1,-1,-1,2,1,0,0,1,0,0,0,11,3,9,41.89200124,-87.70687492
0,485302,-1,25,0,0,0,1,10,5,-1,0,0,0,0,-1,-1,-1,0,0,1221,-1,-1,-1,-1,-1,-1,2,0,0,0,0,0,2,0,11,3,9,41.89225783,-87.69179313
2,440566,-1,30,1,2,0,1,9,6,2,0,0,0,1,1,-1,1,20,-1,112,-1,-1,-1,-1,-1,-1,2,1,0,0,1,0,1,0,11,3,9,41.8808979,-87.62625184
0,440530,-1,15,0,0,0,1,7,7,-1,0,0,-1,0,-1,-1,-1,0,0,531,-1,-1,-1,-1,-1,-1,2,0,0,0,0,0,1,0,11,3,9,41.6909157,-87.60502192
0,440458,-1,30,1,2,1,1,10,6,3,0,0,0,1,1,-1,1,16,16,231,-1,-1,-1,-1,-1,-1,2,0,0,0,0,0,3,0,11,3,9,41.7913561,-87.62061306
0,444791,-1,10,0,0,0,1,10,7,1,0,0,0,0,-1,-1,1,20,20,1232,-1,-1,-1,-1,-1,-1,2,0,0,0,0,0,2,0,11,3,9,41.87200402,-87.64717323
0,440454,-1,30,0,0,0,1,14,2,2,0,0,0,0,-1,-1,-1,0,-1,323,-1,-1,-1,-1,-1,-1,2,0,0,0,0,0,3,0,11,3,9,41.76511191,-87.60471732
0,440446,-1,30,1,2,0,1,7,2,2,0,0,0,0,-1,-1,-1,18,-1,132,-1,-1,-1,-1,-1,-1,2,0,0,0,0,0,1,0,11,3,9,41.86014946,-87.62194556
0,440472,-1,5,0,0,0,1,14,7,-1,0,0,0,0,-1,-1,-1,0,0,835,-1,-1,-1,-1,-1,-1,2,0,0,0,0,0,2,0,11,3,9,41.75380449,-87.69470985
2,440425,-1,30,2,2,0,1,14,5,4,0,0,0,1,1,-1,-1,17,-1,923,-1,-1,-1,-1,-1,-1,2,1,0,0,1,0,1,0,11,3,9,41.79739475,-87.68427296
0,440883,1,35,1,2,0,1,10,2,2,0,0,0,0,-1,-1,-1,18,16,122,-1,-1,-1,-1,-1,-1,2,0,0,0,0,0,2,0,11,3,9,41.87928414,-87.63296599
0,440441,-1,10,0,0,1,1,0,0,-1,0,0,0,0,-1,-1,-1,0,0,1924,-1,-1,-1,-1,-1,-1,2,0,0,0,0,0,4,0,11,3,9,41.93990166,-87.66210491
0,440423,-1,30,1,2,0,1,12,3,4,0,0,0,0,-1,-1,-1,21,0,2013,-1,-1,-1,-1,-1,-1,2,0,0,0,0,0,4,0,11,3,9,41.98951956,-87.66946238
0,440406,-1,30,0,0,0,1,10,5,-1,0,0,0,0,-1,-1,-1,18,-1,2512,-1,-1,-1,-1,-1,-1,2,0,0,0,0,0,2,0,11,3,9,41.92771112,-87.78574343
3,440465,-1,30,1,2,0,1,9,5,2,0,0,0,1,1,-1,-1,20,-1,1414,-1,-1,-1,-1,-1,-1,2,1,0,1,0,0,1,0,10,3,9,41.92284258,-87.69748748
0,440415,-1,30,0,0,0,1,12,5,-1,0,0,0,0,-1,-1,-1,22,0,821,-1,-1,-1,-1,-1,-1,2,0,0,0,0,0,2,0,10,3,9,41.81723213,-87.72376472
0,440713,-1,30,1,2,0,1,10,5,2,0,0,0,0,-1,-1,-1,0,-1,1912,-1,-1,-1,-1,-1,-1,2,0,0,0,0,0,2,0,10,3,9,41.96515883,-87.66695835
0,440526,-1,30,1,3,0,1,14,3,6,0,0,0,0,1,-1,-1,0,-1,431,-1,-1,-1,-1,-1,-1,3,0,0,0,0,0,5,0,10,3,9,41.72224382,-87.58496912
0,440396,-1,30,0,0,0,1,7,6,-1,0,0,0,0,-1,-1,-1,7,7,2222,-1,-1,-1,-1,-1,-1,2,0,0,0,0,0,2,0,10,3,9,41.73200849,-87.65823555
0,440387,-1,30,0,0,0,1,14,2,-1,0,0,0,0,-1,-1,-1,17,17,1633,-1,-1,-1,-1,-1,-1,2,0,0,0,0,0,2,0,10,3,9,41.95303876,-87.7695023
0,440375,-1,15,0,0,0,1,7,5,-1,0,0,0,0,-1,-1,-1,0,-1,2412,-1,-1,-1,-1,-1,-1,2,0,0,0,0,0,1,0,10,3,9,42.00376388,-87.70767332
0,440332,-1,30,1,2,0,1,5,2,4,0,0,0,1,-1,-1,-1,11,11,1114,0,1,-1,-1,-1,-1,1,0,0,0,0,0,1,0,10,3,9,41.88565295,-87.73108935
3,440430,-1,35,1,2,0,1,7,6,-1,0,0,0,1,-1,-1,-1,16,0,121,-1,-1,-1,-1,-1,-1,3,1,0,1,0,0,4,0,10,3,9,41.88431851,-87.64413134
2,440378,-1,30,0,0,1,1,0,6,-1,0,0,0,1,1,-1,-1,33,17,2524,-1,-1,-1,-1,-1,-1,3,1,0,0,1,0,1,0,10,3,9,41.92489614,-87.73305425
0,440377,-1,30,1,2,0,1,12,2,4,0,0,-1,1,1,-1,-1,21,-1,2533,-1,-1,-1,-1,-1,-1,2,0,0,0,0,0,3,0,10,3,9,41.91675202,-87.75439537
0,440383,-1,30,1,2,0,1,10,5,2,0,0,0,0,1,-1,-1,18,18,1621,-1,-1,-1,-1,-1,-1,2,0,0,0,0,0,2,0,10,3,9,41.99717817,-87.74837975
0,440371,-1,30,0,0,0,1,14,5,4,2,0,2,0,-1,-1,-1,23,16,1813,-1,-1,-1,-1,-1,-1,2,0,0,0,0,0,2,0,10,3,9,41.91102258,-87.64876152
0,440255,-1,30,0,0,0,1,14,5,4,2,0,2,0,-1,-1,-1,23,16,1813,-1,-1,-1,-1,-1,-1,2,0,0,0,0,0,2,0,10,3,9,41.91102258,-87.64876152
2,440365,-1,35,-1,-1,0,1,14,5,2,0,0,0,1,-1,-1,1,0,0,411,-1,-1,-1,-1,-1,-1,2,1,0,0,1,0,1,0,10,3,9,41.75860458,-87.59195023
0,440666,-1,25,0,0,0,1,7,6,3,0,0,0,0,-1,-1,-1,-1,0,1834,-1,-1,-1,-1,-1,-1,2,0,0,0,0,0,1,0,10,3,9,41.89499061,-87.6278292
0,440367,-1,30,-1,-1,0,1,7,5,2,0,0,0,1,-1,-1,1,0,-1,431,-1,-1,-1,-1,-1,-1,3,0,0,0,0,0,2,0,9,3,9,41.72124178,-87.56082924
2,440347,-1,30,0,0,0,1,9,5,4,0,0,0,1,1,-1,-1,17,17,2011,-1,-1,-1,-1,-1,-1,2,1,0,0,1,0,1,0,9,3,9,41.9759973,-87.69001098
0,440349,-1,30,1,2,0,1,14,3,4,0,0,0,1,1,-1,-1,23,-1,114,-1,-1,-1,-1,-1,-1,2,0,0,0,0,0,2,0,9,3,9,41.8869732,-87.62084833
0,440393,1,30,0,0,1,1,7,5,1,0,0,0,0,-1,-1,-1,0,0,1831,-1,-1,-1,-1,-1,-1,2,0,0,0,0,0,1,0,9,3,9,41.88913727,-87.62843006
0,440345,-1,30,1,2,0,1,14,5,-1,0,0,-1,0,-1,-1,-1,0,0,911,-1,-1,-1,-1,-1,-1,2,0,0,0,0,0,2,0,9,3,9,41.83150494,-87.69470816
0,440336,-1,30,0,0,0,1,12,5,4,0,0,0,0,-1,-1,-1,21,21,2011,-1,-1,-1,-1,-1,-1,2,0,0,0,0,0,2,0,9,3,9,41.97779527,-87.68937178
0,440391,-1,15,0,0,0,1,7,7,1,0,0,0,0,-1,1,-1,0,0,1624,-1,-1,-1,-1,-1,-1,2,0,0,0,0,0,2,0,9,3,9,41.95329084,-87.76193026
0,440320,-1,30,1,2,0,1,14,6,5,0,0,0,0,1,-1,-1,23,-1,1834,-1,-1,-1,-1,-1,-1,2,0,0,0,0,0,3,0,9,3,9,41.8926379,-87.62534141
0,440507,-1,10,0,0,0,1,7,7,0,0,0,0,0,-1,1,-1,0,0,434,-1,-1,-1,-1,-1,-1,2,0,0,0,0,0,1,0,9,3,9,41.70630823,-87.55949796
0,440289,-1,30,1,2,0,1,12,2,-1,0,0,0,1,-1,-1,-1,17,-1,611,-1,-1,-1,-1,-1,-1,2,0,0,0,0,0,3,0,9,3,9,41.7472535,-87.66350406
2,440323,-1,30,0,0,1,1,14,5,2,0,0,0,1,-1,-1,-1,0,0,935,-1,-1,-1,-1,-1,-1,2,1,0,0,1,0,1,0,9,3,9,41.80163128,-87.63681846
0,440549,-1,30,0,0,0,1,14,5,2,0,0,0,0,-1,-1,-1,0,0,2523,-1,-1,-1,-1,-1,-1,3,0,0,0,0,0,4,0,9,3,9,41.93889358,-87.7339616
0,440622,-1,30,1,2,0,1,10,2,-1,0,0,0,0,-1,-1,-1,0,-1,322,-1,-1,-1,-1,-1,-1,2,0,0,0,0,0,2,0,9,3,9,41.77263872,-87.62497894
0,440343,-1,30,0,0,0,1,12,5,-1,0,0,0,0,-1,-1,-1,21,0,1224,-1,-1,-1,-1,-1,-1,2,0,0,0,0,0,2,0,9,3,9,41.8844547,-87.65108816
1,440279,-1,30,0,0,0,1,10,5,-1,0,0,0,1,1,-1,1,18,17,1932,-1,-1,-1,-1,-1,-1,2,2,0,0,0,2,1,0,9,3,9,41.92545102,-87.65609453
0,440280,-1,30,0,0,0,1,12,2,-1,0,0,0,0,-1,-1,-1,22,-1,923,-1,1,-1,-1,-1,-1,2,0,0,0,0,0,2,0,8,3,9,41.80044804,-87.70360917
0,440286,-1,30,0,0,0,1,12,2,4,0,0,0,0,-1,-1,-1,0,0,1733,-1,-1,-1,-1,-1,-1,2,0,0,0,0,0,2,0,8,3,9,41.94668818,-87.71195035
0,440236,-1,0,2,2,1,1,7,5,2,0,0,0,0,1,-1,-1,-1,-1,2524,-1,-1,-1,-1,-1,-1,2,0,0,0,0,0,1,0,8,3,9,41.92815695,-87.73192825
0,440288,-1,30,0,0,1,1,12,2,2,0,0,0,1,-1,-1,-1,0,0,1623,-1,-1,-1,-1,-1,-1,2,0,0,0,0,0,2,0,8,3,9,41.9753003,-87.76039149
3,440228,-1,25,0,0,0,1,10,5,4,0,0,0,1,1,-1,-1,0,0,813,-1,-1,-1,-1,-1,-1,2,1,0,1,0,0,3,0,8,3,9,41.78770896,-87.72315467
0,440488,-1,30,0,0,0,1,7,5,2,0,0,0,0,-1,-1,1,17,17,235,-1,-1,-1,-1,-1,-1,2,0,0,0,0,0,1,0,8,3,9,41.79433228,-87.58553496
0,440405,-1,30,2,2,0,1,7,6,1,0,0,0,0,-1,-1,1,0,-1,413,-1,-1,-1,-1,-1,-1,2,0,0,0,0,0,1,0,8,3,9,41.72936387,-87.60086433
0,440240,-1,25,0,0,0,1,12,5,-1,0,0,0,0,-1,-1,1,22,22,922,-1,-1,-1,-1,-1,-1,2,0,0,0,0,0,2,0,8,3,9,41.80833634,-87.69738923
3,440233,-1,30,2,2,0,1,9,2,2,0,0,0,1,-1,-1,-1,17,17,1712,-1,-1,-1,-1,-1,-1,2,1,0,1,0,0,1,0,8,3,9,41.97015699,-87.7279363
0,440245,-1,30,0,0,1,1,12,5,-1,0,0,12,0,-1,-1,-1,21,-1,2022,-1,-1,-1,-1,-1,-1,2,0,0,0,0,0,2,0,8,3,9,41.98559845,-87.6576913
1,440213,-1,30,1,2,6,1,9,6,2,0,0,0,1,-1,-1,1,17,11,211,-1,-1,-1,-1,-1,-1,2,1,0,0,0,1,1,0,8,3,9,41.83114231,-87.62191233
0,440285,1,40,0,0,1,1,12,3,4,3,0,0,0,-1,-1,0,0,0,1814,-1,-1,-1,-1,-1,-1,2,0,0,0,0,0,2,0,8,3,9,41.91122456,-87.62648257
1,440263,-1,30,0,0,1,1,12,6,-1,0,0,0,1,1,-1,-1,8,-1,231,-1,-1,-1,-1,-1,-1,2,1,0,0,0,1,1,0,8,3,9,41.79283073,-87.62094539
0,440246,-1,30,0,0,1,1,12,5,4,0,0,0,0,-1,-1,-1,20,-1,132,-1,-1,-1,-1,-1,-1,2,0,0,0,0,0,3,0,8,3,9,41.85441832,-87.62229799
1,440226,-1,30,1,2,0,1,0,5,-1,0,0,0,1,1,-1,1,6,16,2232,-1,-1,-1,-1,-1,-1,2,1,0,0,0,1,3,0,8,3,9,41.70696442,-87.63570284
0,440212,-1,30,0,0,1,1,10,2,2,0,0,0,0,-1,-1,-1,0,0,725,-1,-1,-1,-1,-1,-1,2,0,0,0,0,0,5,0,8,3,9,41.77934137,-87.6645572
0,440205,-1,30,2,2,0,1,0,5,-1,0,0,0,1,-1,-1,-1,5,-1,613,-1,-1,-1,-1,-1,-1,2,0,0,0,0,0,2,0,8,3,9,41.73773449,-87.64838231
0,440206,-1,20,5,0,0,1,7,5,2,0,0,0,0,-1,-1,-1,0,0,222,-1,-1,-1,-1,-1,-1,2,0,0,0,0,0,1,0,8,3,9,41.81154779,-87.59910894
-1,440196,-1,35,1,2,0,1,14,5,-1,0,0,0,0,1,-1,-1,17,0,133,-1,-1,-1,-1,-1,-1,-1,-1,-1,-1,-1,-1,-1,-1,8,3,9,41.84556816,-87.62378129
0,440241,-1,30,1,2,0,1,2,5,2,0,0,-1,0,-1,-1,-1,-1,-1,122,-1,-1,-1,-1,-1,-1,1,0,0,0,0,0,2,0,8,3,9,41.8857537,-87.63407776
0,440362,-1,30,2,2,0,1,10,2,2,0,0,0,0,-1,-1,-1,0,-1,423,-1,-1,-1,-1,-1,-1,2,0,0,0,0,0,2,0,8,3,9,41.72815342,-87.55688536
0,440202,-1,0,-1,-1,0,1,7,4,-1,0,0,0,0,-1,-1,1,0,-1,1135,-1,-1,-1,-1,-1,-1,2,0,0,0,0,0,1,0,8,3,9,41.86817962,-87.69609819
0,447685,-1,30,1,2,0,1,10,2,-1,0,0,0,0,-1,-1,-1,18,18,114,-1,-1,-1,-1,-1,-1,2,0,0,0,0,0,2,0,8,3,9,41.87235408,-87.62043274
0,441170,-1,25,2,2,0,1,7,6,1,0,0,0,0,-1,-1,-1,0,0,631,-1,-1,-1,-1,-1,-1,2,0,0,0,0,0,1,0,8,3,9,41.74785224,-87.60741941
0,440216,1,30,0,-1,1,1,12,12,1,0,0,0,0,1,-1,-1,17,21,222,-1,-1,-1,-1,-1,-1,1,0,0,0,0,0,1,0,8,3,9,41.80967995,-87.5922301
0,440178,-1,30,0,0,0,1,12,6,1,0,0,0,0,-1,-1,-1,25,-1,1523,-1,-1,-1,-1,-1,-1,2,0,0,0,0,0,2,0,8,3,9,41.88266381,-87.76176936
0,440195,-1,20,0,0,0,1,7,5,1,0,0,0,0,-1,-1,1,22,0,811,-1,-1,-1,-1,-1,-1,2,0,0,0,0,0,1,0,7,3,9,41.79606664,-87.78796127
0,440256,-1,30,1,2,0,1,12,2,-1,0,0,0,0,-1,-1,1,22,22,2213,-1,-1,-1,-1,-1,-1,2,0,0,0,0,0,2,0,7,3,9,41.72025067,-87.65752453
0,440242,1,30,-1,-1,0,1,0,5,2,0,0,-1,0,1,-1,1,-1,-1,333,-1,-1,-1,-1,-1,-1,2,0,0,0,0,0,2,0,7,3,9,41.76062594,-87.57632659
0,440189,-1,30,1,2,1,1,10,5,2,0,0,0,0,-1,-1,1,18,-1,2012,-1,-1,-1,-1,-1,-1,2,0,0,0,0,0,3,0,7,3,9,41.98707256,-87.66999183
2,440185,-1,15,0,0,0,1,0,7,-1,0,0,0,1,-1,1,-1,17,15,932,-1,-1,-1,-1,-1,-1,2,1,0,0,1,0,2,0,7,3,9,41.79555235,-87.68337229
0,445162,-1,30,1,2,0,1,10,5,2,0,0,0,0,-1,-1,-1,7,16,131,-1,-1,-1,-1,-1,-1,2,0,0,0,0,0,2,0,7,3,9,41.85298805,-87.62981313
0,440220,-1,30,0,0,0,1,14,5,2,0,0,0,0,1,1,0,23,-1,1733,-1,-1,-1,-1,-1,-1,2,0,0,0,0,0,2,0,7,3,9,41.94669195,-87.71163728
0,440172,-1,30,0,0,0,1,10,5,-1,0,0,0,0,-1,-1,-1,0,0,1631,-1,-1,-1,-1,-1,-1,2,0,0,0,0,0,2,0,7,3,9,41.93809932,-87.81060102
0,441159,1,30,0,0,0,-1,7,6,1,0,0,0,0,-1,-1,1,0,-1,2515,-1,-1,-1,-1,-1,-1,2,0,0,0,0,0,1,0,7,3,9,41.9273859,-87.76868871
0,441044,-1,30,0,0,0,1,11,5,-1,0,0,0,0,-1,-1,-1,7,-1,1623,-1,-1,-1,-1,-1,-1,2,0,0,0,0,0,3,0,7,3,9,41.97237749,-87.75795409
2,441010,-1,25,2,2,0,1,14,5,4,0,0,0,1,-1,-1,-1,-1,0,1023,-1,-1,-1,-1,-1,-1,2,2,0,0,2,0,1,0,7,3,9,41.85939087,-87.69089071
0,440431,-1,10,0,0,0,1,7,0,1,0,0,-1,0,-1,-1,1,11,-1,331,-1,-1,-1,-1,-1,-1,2,0,0,0,0,0,1,0,7,3,9,41.77038567,-87.57289465
0,440229,-1,35,1,2,0,1,14,2,-1,0,0,0,1,1,-1,-1,0,0,2022,-1,-1,-1,-1,-1,-1,2,0,0,0,0,0,2,0,7,3,9,41.98560131,-87.65753371
0,440224,-1,25,0,0,0,1,10,6,1,0,0,0,0,-1,-1,1,-1,-1,1531,-1,-1,-1,-1,-1,-1,2,0,0,0,0,0,3,0,7,3,9,41.89784742,-87.74605644
1,440209,-1,0,3,2,0,1,2,7,-1,0,0,0,1,-1,1,-1,11,0,1614,-1,-1,-1,-1,-1,-1,1,1,0,0,0,1,0,0,7,3,9,41.9845299,-87.8367282
0,440197,-1,30,0,0,0,1,14,5,4,0,0,0,1,-1,-1,-1,17,-1,834,-1,-1,-1,-1,-1,-1,2,0,0,0,0,0,2,0,7,3,9,41.7481802,-87.70536863
0,440186,-1,25,2,0,0,1,10,6,1,0,0,0,1,-1,-1,-1,18,0,714,-1,-1,-1,-1,-1,-1,2,0,0,0,0,0,4,0,7,3,9,41.78298288,-87.66557629
0,440167,-1,30,0,0,0,1,7,6,-1,0,0,0,0,-1,-1,-1,28,-1,832,-1,1,-1,-1,-1,-1,2,0,0,0,0,0,1,0,7,3,9,41.76482466,-87.68461697
0,440163,-1,30,1,2,0,1,14,5,2,0,0,0,0,1,-1,1,0,0,1031,-1,-1,-1,-1,-1,-1,2,0,0,0,0,0,2,0,7,3,9,41.84422254,-87.71981794
0,440198,-1,30,2,2,0,1,14,2,4,0,0,0,1,1,-1,1,17,-1,1222,-1,-1,-1,-1,-1,-1,2,0,0,0,0,0,5,0,7,3,9,41.88820459,-87.70155832
0,440445,-1,20,0,0,0,1,12,5,2,0,0,0,0,-1,-1,-1,0,0,921,-1,-1,-1,-1,-1,-1,2,0,0,0,0,0,3,0,7,3,9,41.81913018,-87.69468684
0,440146,-1,30,0,2,0,1,2,6,-1,0,0,0,1,-1,-1,-1,12,0,421,-1,-1,-1,-1,-1,-1,1,0,0,0,0,0,1,0,7,3,9,41.75359454,-87.55427265
2,440144,-1,30,0,0,0,1,0,5,4,2,0,0,1,1,-1,1,5,0,2515,-1,-1,-1,-1,-1,-1,2,1,0,0,1,0,1,0,7,3,9,41.92407091,-87.76727061