MOST_SEVERE_INJURY,RD_NO,CRASH_DATE_EST_I,POSTED_SPEED_LIMIT,TRAFFIC_CONTROL_DEVICE,DEVICE_CONDITION,WEATHER_CONDITION,LIGHTING_CONDITION,FIRST_CRASH_TYPE,TRAFFICWAY_TYPE,LANE_CNT,ALIGNMENT,ROADWAY_SURFACE_COND,ROAD_DEFECT,CRASH_TYPE,INTERSECTION_RELATED_I,NOT_RIGHT_OF_WAY_I,HIT_AND_RUN_I,PRIM_CONTRIBUTORY_CAUSE,SEC_CONTRIBUTORY_CAUSE,BEAT_OF_OCCURRENCE,PHOTOS_TAKEN_I,STATEMENTS_TAKEN_I,DOORING_I,WORK_ZONE_I,WORK_ZONE_TYPE,WORKERS_PRESENT_I,NUM_UNITS,INJURIES_TOTAL,INJURIES_FATAL,INJURIES_INCAPACITATING,INJURIES_NON_INCAPACITATING,INJURIES_REPORTED_NOT_EVIDENT,INJURIES_NO_INDICATION,INJURIES_UNKNOWN,CRASH_HOUR,CRASH_DAY_OF_WEEK,CRASH_MONTH,LATITUDE,LONGITUDE
0,440183,-1,30,1,2,0,1,0,5,2,0,0,0,0,-1,-1,1,17,0,1231,-1,-1,-1,-1,-1,-1,2,0,0,0,0,0,3,0,6,3,9,41.87639141,-87.66651864
2,440138,-1,30,1,2,0,1,9,2,4,0,0,0,1,1,-1,-1,17,-1,632,-1,-1,-1,-1,-1,-1,2,1,0,0,1,0,1,0,6,3,9,41.73674233,-87.60467881
0,440136,-1,20,0,0,0,1,7,6,1,0,0,0,0,-1,-1,-1,11,-1,832,-1,-1,-1,-1,-1,-1,2,0,0,0,0,0,4,0,6,3,9,41.77513474,-87.68705066
0,440148,-1,30,0,0,0,1,12,2,2,0,0,0,0,-1,-1,-1,0,0,1513,-1,-1,-1,-1,-1,-1,2,0,0,0,0,0,2,0,6,3,9,41.86789303,-87.77407085
0,440897,-1,30,0,0,0,1,0,2,2,0,0,-1,0,-1,-1,-1,0,-1,1224,-1,-1,-1,-1,-1,-1,2,0,0,0,0,0,2,0,6,3,9,41.88393618,-87.66222783
0,440418,-1,30,1,2,0,1,10,5,4,0,0,0,0,1,-1,-1,0,0,1423,-1,-1,-1,-1,-1,-1,2,0,0,0,0,0,2,0,6,3,9,41.91021036,-87.68727936
2,440127,-1,30,1,2,0,1,9,3,4,0,0,0,1,0,-1,-1,0,-1,1233,-1,-1,-1,-1,-1,-1,2,1,0,0,1,0,1,0,6,3,9,41.86664345,-87.67633905
0,440118,-1,35,1,2,0,1,0,5,-1,0,0,0,1,1,-1,-1,0,16,1922,-1,-1,-1,-1,-1,-1,2,0,0,0,0,0,2,0,5,3,9,41.93980742,-87.6639694
0,440112,-1,30,1,2,0,3,10,5,2,0,0,0,0,-1,-1,-1,1,16,825,-1,-1,-1,-1,-1,-1,2,0,0,0,0,0,2,0,5,3,9,41.77935775,-87.68406697
0,440115,-1,30,1,2,0,3,10,2,-1,0,0,0,0,-1,-1,0,11,0,815,-1,-1,-1,-1,-1,-1,2,0,0,0,0,0,2,0,5,3,9,41.80222624,-87.72356815
0,440102,-1,15,0,0,0,3,2,0,1,0,0,0,1,-1,-1,-1,16,-1,1723,-1,-1,-1,-1,-1,-1,1,0,0,0,0,0,1,0,4,3,9,41.95545694,-87.71404034
2,443380,-1,30,-1,-1,0,3,8,6,1,0,0,-1,1,-1,-1,1,0,-1,1932,-1,-1,1,-1,-1,-1,2,1,0,0,1,0,1,0,4,3,9,41.92892166,-87.66592415
0,440069,-1,20,1,0,0,0,10,5,2,0,0,0,1,1,-1,-1,18,11,1611,-1,-1,-1,-1,-1,-1,3,0,0,0,0,0,3,0,1,3,9,41.99702088,-87.80663603
0,440065,-1,15,0,0,0,3,10,12,1,0,0,-1,0,-1,1,-1,0,-1,614,-1,-1,-1,-1,-1,-1,2,0,0,0,0,0,2,0,1,3,9,41.74292704,-87.66339545
2,440054,-1,30,1,2,0,3,8,2,2,0,0,0,1,1,-1,1,0,0,1511,-1,-1,-1,-1,-1,-1,2,1,0,0,1,0,1,0,0,3,9,41.89496229,-87.76546079
0,440052,1,30,0,0,0,3,7,2,2,0,0,0,1,-1,-1,-1,7,11,813,-1,-1,-1,-1,-1,-1,3,0,0,0,0,0,1,0,0,3,9,41.77572005,-87.76148828
0,440540,-1,30,1,2,0,1,10,3,-1,0,0,0,0,-1,-1,-1,16,21,2223,-1,-1,-1,-1,-1,-1,2,0,0,0,0,0,3,0,0,3,9,41.7158702,-87.64321014
0,440041,-1,15,0,0,0,3,7,5,1,0,0,0,0,-1,-1,1,0,0,925,-1,-1,-1,-1,-1,-1,2,0,0,0,0,0,1,0,0,3,9,41.81278379,-87.63475863
0,440034,-1,30,0,0,0,3,7,6,-1,0,0,0,1,-1,0,-1,32,27,1522,-1,-1,-1,-1,-1,-1,3,0,0,0,0,0,1,0,23,2,9,41.87489261,-87.76030903
2,440029,1,35,0,0,0,3,6,8,1,4,0,0,1,1,-1,-1,15,11,533,-1,-1,-1,-1,-1,-1,1,1,0,0,1,0,1,0,23,2,9,41.6560801,-87.59065079
0,440006,-1,30,0,0,0,3,0,5,2,0,0,0,1,1,-1,-1,17,0,123,-1,-1,-1,-1,-1,-1,2,0,0,0,0,0,3,0,23,2,9,41.87192234,-87.6272498
0,440315,-1,35,-1,-1,0,3,14,5,-1,0,0,0,0,-1,-1,-1,0,-1,2223,-1,-1,-1,-1,-1,-1,2,0,0,0,0,0,2,0,23,2,9,41.71973554,-87.64331421
0,440042,-1,30,0,0,0,3,12,2,-1,0,0,0,0,-1,-1,-1,21,-1,1232,-1,-1,-1,-1,-1,-1,2,0,0,0,0,0,2,0,22,2,9,41.87918309,-87.64742623
0,440019,-1,30,1,2,0,3,10,5,5,0,0,0,0,1,-1,-1,18,0,114,-1,-1,-1,-1,-1,-1,2,0,0,0,0,0,2,0,22,2,9,41.87826558,-87.6208223
0,440194,-1,10,0,0,0,3,14,0,2,0,0,0,0,-1,-1,-1,0,-1,414,-1,-1,-1,-1,-1,-1,2,0,0,0,0,0,2,0,22,2,9,41.7515537,-87.57150219
0,439988,-1,30,1,2,0,3,14,5,2,0,0,0,0,1,-1,-1,0,0,2032,-1,-1,-1,-1,-1,-1,2,0,0,0,0,0,2,0,22,2,9,41.96892624,-87.67458649
0,440020,-1,30,0,0,0,0,12,5,-1,0,0,0,0,-1,-1,1,22,22,432,-1,-1,-1,-1,-1,-1,2,0,0,0,0,0,2,0,22,2,9,41.70264303,-87.53542985
2,439983,-1,30,0,0,0,3,9,5,4,0,0,0,1,-1,-1,-1,0,-1,114,-1,-1,-1,-1,-1,-1,2,1,0,0,1,0,1,0,22,2,9,41.87226129,-87.62072414
2,439985,-1,30,1,2,0,3,14,12,4,0,0,0,1,1,-1,1,17,22,1022,-1,-1,-1,-1,-1,-1,2,2,0,0,2,0,2,0,22,2,9,41.86244651,-87.70570163
2,439965,-1,30,0,0,0,3,10,5,2,0,0,0,1,-1,-1,-1,12,18,1733,-1,-1,-1,-1,-1,-1,2,1,0,0,1,0,2,0,22,2,9,41.94547069,-87.71252945
0,439981,-1,30,0,0,0,3,8,7,-1,0,0,0,0,-1,-1,-1,0,0,411,-1,-1,0,-1,-1,-1,2,0,0,0,0,0,3,0,21,2,9,41.7567361,-87.59307096
0,441203,-1,30,0,0,0,4,10,5,-1,0,0,0,0,-1,-1,-1,-1,-1,123,-1,-1,-1,-1,-1,-1,2,0,0,0,0,0,2,0,21,2,9,41.87507263,-87.62854588
0,439938,-1,30,1,2,0,3,10,5,2,0,0,0,0,-1,-1,-1,17,18,731,-1,-1,-1,-1,-1,-1,2,0,0,0,0,0,2,0,21,2,9,41.76539859,-87.6266955
0,439891,-1,30,1,2,0,3,10,5,2,0,0,-1,0,-1,-1,-1,18,0,1413,-1,-1,-1,-1,-1,-1,2,0,0,0,0,0,3,0,21,2,9,41.91770895,-87.70712561
0,439976,-1,30,0,0,0,3,12,5,2,0,0,0,1,-1,-1,-1,22,22,1012,-1,-1,-1,-1,-1,-1,2,0,0,0,0,0,2,0,20,2,9,41.85805357,-87.73700992
2,439889,-1,30,1,2,0,3,14,5,2,0,0,0,1,-1,-1,-1,21,0,431,-1,-1,-1,-1,-1,-1,2,1,0,0,1,0,1,0,20,2,9,41.72260278,-87.56086789
0,439892,-1,30,1,2,0,3,10,5,4,0,0,0,0,1,-1,1,18,-1,1813,-1,-1,-1,-1,-1,-1,2,0,0,0,0,0,2,0,20,2,9,41.91095138,-87.65301086
0,439908,-1,35,1,2,0,0,10,5,2,0,0,0,0,1,-1,-1,16,16,132,-1,-1,-1,-1,-1,-1,2,0,0,0,0,0,2,0,20,2,9,41.85279995,-87.62061156
0,439928,-1,25,2,2,0,3,0,5,-1,0,0,0,1,1,-1,-1,17,5,1822,-1,-1,-1,-1,-1,-1,2,0,0,0,0,0,2,0,20,2,9,41.90371278,-87.65106989
0,439893,-1,30,1,2,0,3,12,6,-1,0,0,0,0,1,-1,-1,22,-1,113,-1,-1,-1,-1,-1,-1,2,0,0,0,0,0,2,0,20,2,9,41.87810112,-87.62944389
2,439864,-1,30,0,0,0,0,14,3,-1,0,0,0,1,1,-1,-1,17,-1,834,-1,-1,-1,-1,-1,-1,2,1,0,0,1,0,2,0,20,2,9,41.74936548,-87.71950549
0,439878,-1,30,0,0,0,3,12,5,2,0,0,0,0,-1,-1,1,17,22,1013,-1,-1,-1,-1,-1,-1,2,0,0,0,0,0,4,0,20,2,9,41.84589806,-87.73417018
0,475457,-1,30,0,0,0,0,2,5,-1,0,0,0,0,-1,-1,-1,-1,-1,332,-1,-1,-1,-1,-1,-1,1,0,0,0,0,0,1,0,20,2,9,41.76667067,-87.57985143
3,441879,-1,30,0,0,0,4,10,5,-1,0,0,0,1,-1,-1,-1,0,0,224,-1,-1,-1,-1,-1,-1,2,2,0,1,1,0,0,0,19,2,9,41.80909906,-87.62752331
2,439901,-1,30,2,-1,0,2,8,-1,-1,0,0,0,1,-1,-1,1,25,-1,933,-1,-1,-1,-1,-1,-1,2,1,0,0,1,0,1,0,19,2,9,41.80306069,-87.66375209
0,439869,-1,30,2,-1,0,2,14,2,-1,0,0,0,0,1,-1,1,17,-1,2523,-1,-1,-1,-1,-1,-1,2,0,0,0,0,0,2,0,19,2,9,41.93889,-87.7342056
0,439835,-1,30,1,2,0,3,14,2,2,0,0,-1,0,-1,-1,1,20,-1,1731,-1,-1,-1,-1,-1,-1,2,0,0,0,0,0,2,0,19,2,9,41.95337048,-87.74715821
0,439971,-1,35,0,0,0,0,12,5,4,0,0,0,0,-1,-1,-1,23,23,121,-1,-1,-1,-1,-1,-1,2,0,0,0,0,0,2,0,19,2,9,41.88058263,-87.6424725
0,439866,-1,30,0,0,0,3,7,5,2,0,0,0,0,-1,-1,1,11,0,2411,-1,-1,-1,-1,-1,-1,2,0,0,0,0,0,1,0,19,2,9,42.0186489,-87.69415684
0,439858,-1,0,1,2,0,3,7,5,-1,0,0,0,1,-1,-1,-1,0,0,1813,-1,-1,-1,-1,-1,-1,3,0,0,0,0,0,4,0,19,2,9,41.91807386,-87.64803288
0,439836,-1,30,0,0,0,2,12,6,2,0,0,0,0,-1,-1,-1,0,-1,1232,-1,-1,-1,-1,-1,-1,2,0,0,0,0,0,2,0,19,2,9,41.87768497,-87.65689375
0,439822,-1,35,0,0,0,0,7,7,1,0,0,0,0,-1,-1,1,-1,-1,1724,-1,-1,-1,-1,-1,-1,2,0,0,0,0,0,1,0,19,2,9,41.95859673,-87.70830958
0,439849,-1,35,1,2,0,0,14,5,2,0,0,0,0,-1,-1,-1,6,0,1631,-1,-1,-1,-1,-1,-1,2,0,0,0,0,0,2,0,19,2,9,41.93810548,-87.80680955
0,439798,1,30,12,12,0,3,4,5,-1,0,0,0,0,-1,-1,-1,25,-1,1831,-1,-1,-1,-1,-1,-1,1,0,0,0,0,0,1,0,19,2,9,41.89098943,-87.63241642
0,439825,-1,30,0,0,0,4,0,2,-1,0,0,0,0,-1,-1,-1,17,17,1633,-1,-1,-1,-1,-1,-1,2,0,0,0,0,0,2,0,19,2,9,41.94563841,-87.77881499
0,439832,-1,30,1,2,0,3,14,5,4,0,0,0,0,-1,-1,-1,21,0,2433,-1,-1,-1,-1,-1,-1,2,0,0,0,0,0,2,0,19,2,9,41.99791414,-87.65547945
0,439777,-1,30,0,0,0,0,7,5,2,0,0,0,0,-1,-1,1,0,-1,921,-1,-1,-1,-1,-1,-1,2,0,0,0,0,0,1,0,19,2,9,41.82260452,-87.6982706
0,440904,-1,30,0,0,0,4,10,5,-1,0,0,0,0,-1,-1,-1,-1,-1,811,-1,-1,-1,-1,-1,-1,2,0,0,0,0,0,2,0,19,2,9,41.79559168,-87.76240031
0,439885,-1,30,1,-1,0,3,14,5,4,0,0,-1,0,1,-1,-1,21,-1,914,-1,-1,-1,-1,-1,-1,2,0,0,0,0,0,2,0,19,2,9,41.85281668,-87.63215529
0,439756,-1,30,0,0,0,1,10,3,4,0,0,0,0,-1,-1,-1,20,-1,433,-1,-1,-1,-1,-1,-1,2,0,0,0,0,0,3,0,19,2,9,41.67716654,-87.5398771
0,439986,-1,30,2,2,0,1,10,5,2,0,0,0,0,-1,-1,-1,17,0,2232,-1,-1,-1,-1,-1,-1,2,0,0,0,0,0,3,0,19,2,9,41.70678608,-87.64511619
0,439761,-1,30,1,2,0,4,10,2,4,0,0,0,1,-1,-1,-1,17,16,523,-1,-1,-1,-1,-1,-1,2,0,0,0,0,0,3,0,19,2,9,41.66313453,-87.64147987
0,440304,-1,30,0,0,0,1,10,7,-1,0,0,0,0,-1,-1,-1,11,-1,2512,-1,-1,-1,-1,-1,-1,2,0,0,0,0,0,2,0,18,2,9,41.9307938,-87.78583013
0,439748,-1,30,0,0,0,1,10,5,-1,0,0,0,1,-1,-1,-1,12,0,1113,-1,-1,-1,-1,-1,-1,2,0,0,0,0,0,2,0,18,2,9,41.87806863,-87.74504573
0,439791,-1,30,0,0,0,3,14,5,-1,0,0,0,0,-1,-1,-1,23,-1,1925,-1,-1,-1,-1,-1,-1,2,0,0,0,0,0,2,0,18,2,9,41.94893138,-87.64380012
0,439818,-1,30,1,2,0,1,12,5,-1,0,0,0,0,-1,-1,1,22,-1,1432,-1,-1,-1,-1,-1,-1,2,0,0,0,0,0,2,0,18,2,9,41.924942,-87.6874964
0,439755,-1,25,0,0,0,1,7,6,1,0,0,0,0,-1,-1,1,0,0,613,-1,-1,-1,-1,-1,-1,2,0,0,0,0,0,1,0,18,2,9,41.74606068,-87.64769699
2,439746,-1,0,0,3,0,3,8,6,1,0,0,1,1,-1,-1,-1,0,0,2022,-1,-1,1,-1,-1,-1,2,1,0,0,1,0,1,0,18,2,9,41.98901982,-87.65832924
0,439773,-1,30,0,0,0,4,7,5,-1,0,0,0,0,-1,-1,-1,0,0,835,-1,-1,-1,-1,-1,-1,2,0,0,0,0,0,1,0,18,2,9,41.7591586,-87.68324641
0,441078,-1,35,0,0,0,1,0,5,2,0,0,0,0,-1,-1,1,0,0,1034,-1,-1,-1,-1,-1,-1,2,0,0,0,0,0,4,0,18,2,9,41.85031569,-87.67593597
0,441144,-1,30,1,2,0,1,12,2,2,0,0,-1,0,1,-1,-1,0,0,1133,-1,-1,-1,-1,-1,-1,2,0,0,0,0,0,2,0,18,2,9,41.86645727,-87.71066733
3,439735,-1,30,1,2,0,1,10,3,4,0,0,0,1,-1,-1,-1,18,0,1215,-1,-1,-1,-1,-1,-1,2,1,0,1,0,0,1,0,18,2,9,41.89590304,-87.66713983
0,439841,-1,30,2,2,0,4,10,5,-1,0,0,0,0,-1,-1,1,18,0,511,-1,-1,-1,-1,-1,-1,2,0,0,0,0,0,2,0,18,2,9,41.71295816,-87.60541445
0,440874,-1,30,0,0,0,1,11,2,-1,0,0,0,0,-1,-1,-1,-1,-1,2232,-1,-1,-1,-1,-1,-1,2,0,0,0,0,0,2,0,18,2,9,41.70678375,-87.64532291
0,440333,-1,30,1,2,0,2,8,2,-1,0,0,0,0,-1,-1,-1,0,0,1833,-1,-1,-1,-1,-1,-1,2,0,0,0,0,0,2,0,18,2,9,41.89689838,-87.62020755
0,439709,-1,30,0,0,0,1,10,2,-1,0,0,0,0,1,-1,-1,17,-1,834,-1,-1,-1,-1,-1,-1,2,0,0,0,0,0,2,0,18,2,9,41.74928884,-87.74009538
0,440401,-1,30,1,2,0,1,12,6,-1,0,0,0,0,-1,-1,1,0,-1,121,-1,-1,-1,-1,-1,-1,2,0,0,0,0,0,2,0,18,2,9,41.88049593,-87.64422806
0,439846,-1,30,-1,-1,0,1,10,5,2,0,0,0,0,-1,-1,-1,18,0,1432,-1,-1,-1,-1,-1,-1,2,0,0,0,0,0,2,0,18,2,9,41.92493395,-87.67652256
0,439812,-1,30,0,0,0,2,12,3,3,1,0,0,0,-1,-1,-1,22,13,1831,-1,-1,-1,-1,-1,-1,2,0,0,0,0,0,3,0,18,2,9,41.89061999,-87.63240924
0,439708,-1,30,1,-1,0,1,12,5,-1,0,-1,-1,0,-1,-1,1,21,17,511,-1,-1,-1,-1,-1,-1,2,0,0,0,0,0,2,0,18,2,9,41.72225727,-87.58527557
1,439702,-1,30,2,2,0,1,9,5,-1,0,0,4,1,1,-1,-1,17,-1,1213,-1,-1,-1,-1,-1,-1,2,1,0,0,0,1,1,0,18,2,9,41.89623175,-87.66010625
0,443788,-1,10,0,0,0,1,7,7,-1,0,0,0,0,-1,-1,1,0,-1,234,-1,-1,-1,-1,-1,-1,2,0,0,0,0,0,1,0,18,2,9,41.80018633,-87.58891828
0,440394,1,15,0,0,-1,-1,7,5,-1,0,-1,0,0,-1,-1,1,0,-1,912,-1,-1,-1,-1,-1,-1,2,0,0,0,0,0,1,0,18,2,9,41.82686974,-87.67340207
0,440215,-1,30,2,2,0,1,14,2,-1,0,0,0,0,1,-1,-1,0,-1,2511,-1,-1,-1,-1,-1,-1,2,0,0,0,0,0,2,0,18,2,9,41.93444031,-87.80676793
0,439705,-1,30,0,0,0,1,10,3,-1,0,-1,-1,0,-1,-1,-1,18,-1,1833,-1,-1,-1,-1,-1,-1,2,0,0,0,0,0,3,0,18,2,9,41.89642849,-87.61693546
0,439715,-1,30,0,0,0,1,10,5,2,0,0,0,0,-1,-1,-1,-1,-1,1124,-1,-1,-1,-1,-1,-1,2,0,0,0,0,0,2,0,17,2,9,41.8772882,-87.69955657
0,439676,-1,15,0,0,0,1,0,7,-1,0,0,0,0,-1,-1,-1,20,11,2031,-1,-1,-1,-1,-1,-1,2,0,0,0,0,0,3,0,17,2,9,41.96869284,-87.69227692
0,439776,-1,30,1,2,0,1,8,5,2,0,0,0,0,-1,-1,-1,0,-1,1231,-1,-1,-1,-1,-1,-1,2,0,0,0,0,0,4,0,17,2,9,41.86952418,-87.65681941
0,439644,-1,30,0,0,0,1,0,2,4,0,0,0,1,-1,-1,-1,17,17,1631,-1,-1,-1,-1,-1,-1,2,0,0,0,0,0,2,0,17,2,9,41.94513127,-87.80814797
0,439679,-1,35,1,2,0,1,12,2,7,0,0,12,0,-1,-1,1,22,0,331,-1,-1,-1,-1,-1,-1,2,0,0,0,0,0,3,0,17,2,9,41.77522131,-87.58614335
0,439728,-1,30,0,0,0,2,10,5,-1,0,0,0,0,-1,-1,-1,-1,-1,815,-1,-1,-1,-1,-1,-1,2,0,0,0,0,0,2,0,17,2,9,41.79675457,-87.72340922
1,439670,-1,35,1,2,0,1,0,2,5,0,0,0,1,0,-1,-1,0,-1,2234,-1,-1,-1,-1,-1,-1,2,1,0,0,0,1,1,0,17,2,9,41.68936975,-87.66199977
3,439674,-1,30,2,0,0,1,0,12,2,0,0,2,1,1,-1,-1,17,5,732,-1,-1,-1,-1,-1,-1,2,4,0,4,0,0,1,0,17,2,9,41.76353786,-87.64157707
2,439650,-1,30,0,0,0,1,10,2,3,0,0,0,1,-1,-1,1,18,-1,211,-1,-1,-1,-1,-1,-1,2,2,0,0,2,0,1,0,17,2,9,41.83830769,-87.61762503
0,439625,-1,35,0,0,0,1,0,2,5,0,0,0,0,1,-1,-1,17,0,624,-1,-1,-1,-1,-1,-1,2,0,0,0,0,0,2,0,17,2,9,41.75483813,-87.60543975
0,439669,-1,45,0,0,0,1,10,2,3,0,0,0,0,-1,-1,-1,0,18,1834,-1,-1,-1,-1,-1,-1,3,0,0,0,0,0,3,0,17,2,9,41.89117034,-87.61409924
0,439600,-1,30,1,2,0,1,12,5,4,0,0,0,0,-1,-1,1,21,-1,131,-1,-1,-1,-1,-1,-1,2,0,0,0,0,0,2,0,17,2,9,41.85781285,-87.62407862
2,439634,-1,30,2,2,0,1,8,5,2,0,0,0,1,1,-1,-1,5,-1,1235,-1,-1,-1,-1,-1,-1,2,2,0,0,2,0,0,0,17,2,9,41.85638942,-87.63720427
0,439604,-1,20,0,0,0,1,7,5,-1,0,0,0,1,-1,-1,1,25,16,734,-1,-1,-1,-1,-1,-1,3,0,0,0,0,0,1,0,17,2,9,41.7641493,-87.66104401
0,447676,-1,15,2,2,0,1,14,5,2,0,0,0,0,-1,-1,-1,23,0,622,-1,-1,-1,-1,-1,-1,2,0,0,0,0,0,2,0,17,2,9,41.7437786,-87.63183715
0,441049,-1,0,1,2,0,1,10,12,0,0,0,0,0,-1,-1,-1,0,0,524,-1,-1,-1,-1,-1,-1,2,0,0,0,0,0,3,0,17,2,9,41.67772634,-87.6417591
0,439770,-1,30,0,0,0,1,10,2,-1,0,0,0,0,-1,-1,-1,18,-1,811,-1,-1,-1,-1,-1,-1,2,0,0,0,0,0,2,0,17,2,9,41.79237076,-87.78608432
2,439753,-1,15,3,0,0,1,9,7,-1,0,0,0,1,-1,1,-1,0,-1,132,-1,-1,-1,-1,-1,-1,2,1,0,0,1,0,3,0,17,2,9,41.86046197,-87.6158818
0,439712,-1,30,0,0,0,1,10,5,2,0,0,0,0,-1,-1,-1,18,9,1814,-1,-1,-1,-1,-1,-1,2,0,0,0,0,0,2,0,17,2,9,41.91843573,-87.63430062
0,439622,-1,30,0,0,0,1,10,2,-1,0,0,0,0,-1,-1,-1,18,18,1912,-1,-1,-1,-1,-1,-1,2,0,0,0,0,0,3,0,17,2,9,41.96742431,-87.66955432
0,439588,-1,30,1,2,0,1,12,5,-1,0,0,0,0,-1,-1,1,0,0,2411,-1,-1,-1,-1,-1,-1,2,0,0,0,0,0,2,0,17,2,9,42.01206887,-87.69487437
0,442509,-1,30,1,2,0,1,12,3,-1,0,0,0,0,-1,-1,1,0,-1,413,-1,-1,-1,-1,-1,-1,2,0,0,0,0,0,2,0,17,2,9,41.72237436,-87.58527627
0,439687,-1,30,0,0,0,1,12,3,4,0,0,0,0,-1,-1,-1,21,-1,914,-1,-1,-1,-1,-1,-1,2,0,0,0,0,0,2,0,17,2,9,41.85271867,-87.63370802
0,441779,-1,10,0,0,0,1,10,8,1,0,0,0,0,-1,-1,-1,18,18,114,-1,-1,-1,-1,-1,-1,2,0,0,0,0,0,2,0,17,2,9,41.88099502,-87.61995378
0,441062,-1,30,1,2,0,1,3,5,0,0,0,0,0,1,-1,-1,0,-1,1431,-1,-1,-1,-1,-1,-1,2,0,0,0,0,0,2,0,17,2,9,41.92500994,-87.68770475
0,439751,-1,30,1,2,0,4,12,2,2,0,0,0,0,1,-1,-1,17,11,2212,-1,-1,-1,-1,-1,-1,2,0,0,0,0,0,3,0,17,2,9,41.69179192,-87.66963964
0,439561,-1,30,2,-1,0,1,0,5,2,0,0,-1,0,1,-1,1,17,-1,2531,-1,-1,-1,-1,-1,-1,2,0,0,0,0,0,3,0,17,2,9,41.90212293,-87.77308759
0,439629,-1,30,1,2,0,1,10,-1,-1,0,0,0,0,-1,-1,-1,18,30,1423,-1,-1,-1,-1,-1,-1,2,0,0,0,0,0,2,0,17,2,9,41.91018382,-87.68972702
0,439599,-1,30,0,0,0,1,10,7,-1,0,0,0,0,-1,-1,-1,0,-1,2533,-1,-1,-1,-1,-1,-1,2,0,0,0,0,0,2,0,17,2,9,41.91693444,-87.73638715
0,439766,-1,30,1,2,0,3,10,5,4,0,0,0,0,1,-1,-1,18,0,2411,-1,-1,-1,-1,-1,-1,2,0,0,0,0,0,2,0,17,2,9,42.00523149,-87.68033813
0,441160,-1,30,0,0,0,1,14,5,2,0,0,0,0,-1,-1,-1,22,-1,723,-1,-1,-1,-1,-1,-1,2,0,0,0,0,0,2,0,17,2,9,41.77424812,-87.64478978
0,440856,-1,30,0,0,0,1,0,2,2,0,0,0,0,-1,-1,-1,22,16,821,-1,-1,-1,-1,-1,-1,2,0,0,0,0,0,2,0,17,2,9,41.80822625,-87.70403167
0,439675,-1,30,-1,-1,0,1,12,5,-1,0,-1,-1,0,-1,-1,-1,0,-1,1914,-1,-1,-1,-1,-1,-1,2,0,0,0,0,0,2,0,17,2,9,41.9653066,-87.65611797
0,439624,-1,35,-1,-1,0,1,12,5,-1,0,0,0,0,-1,-1,-1,0,-1,1621,-1,-1,-1,-1,-1,-1,2,0,0,0,0,0,2,0,17,2,9,41.9972619,-87.76959424
0,439615,-1,30,0,0,0,1,10,5,2,0,0,-1,0,-1,-1,-1,18,-1,1111,-1,-1,-1,-1,-1,-1,2,0,0,0,0,0,2,0,17,2,9,41.89231802,-87.74556872
0,439602,1,30,1,2,0,1,14,2,2,0,0,0,0,-1,-1,-1,23,-1,2232,-1,-1,-1,-1,-1,-1,2,0,0,0,0,0,3,0,17,2,9,41.70690491,-87.65558148
0,439531,-1,30,0,0,0,1,10,5,2,0,0,-1,0,-1,-1,1,22,-1,1131,-1,-1,-1,-1,-1,-1,2,0,0,0,0,0,4,0,17,2,9,41.8736579,-87.73556043
0,449207,-1,30,0,0,6,1,14,5,4,0,1,0,1,-1,-1,-1,23,-1,222,-1,-1,-1,-1,-1,-1,2,0,0,0,0,0,3,0,16,2,9,41.80975033,-87.59695555
0,439527,-1,30,0,0,0,1,7,3,4,0,0,0,0,-1,-1,-1,0,0,2032,-1,-1,-1,-1,-1,-1,2,0,0,0,0,0,2,0,16,2,9,41.9693013,-87.66930406
-1,439522,-1,30,2,2,0,1,0,5,0,0,0,0,0,1,-1,-1,0,-1,1221,-1,-1,-1,-1,-1,-1,-1,-1,-1,-1,-1,-1,-1,-1,16,2,9,41.88987801,-87.67431189
0,442209,-1,35,1,2,-1,-1,5,2,-1,0,-1,-1,0,1,-1,0,23,-1,1935,-1,-1,-1,-1,-1,-1,2,0,0,0,0,0,4,0,16,2,9,41.93279932,-87.6394215
0,439681,-1,30,2,-1,0,1,12,6,-1,0,0,0,0,-1,-1,-1,22,11,1212,-1,-1,-1,-1,-1,-1,2,0,0,0,0,0,2,0,16,2,9,41.9027263,-87.67954086
0,440753,0,30,0,0,0,1,10,2,4,0,0,0,0,-1,-1,-1,0,0,331,-1,-1,-1,-1,-1,-1,2,0,0,0,0,0,2,0,16,2,9,41.77022236,-87.56670319
0,439553,-1,5,2,2,0,1,14,7,-1,0,0,0,1,-1,-1,-1,5,0,2422,-1,-1,-1,-1,-1,-1,2,0,0,0,0,0,2,0,16,2,9,42.01935037,-87.67613937
2,439501,-1,20,2,0,0,1,10,6,-1,0,0,0,1,-1,-1,-1,18,33,423,-1,-1,-1,-1,-1,-1,2,2,0,0,2,0,1,0,16,2,9,41.7389344,-87.56590007
1,439500,-1,25,0,0,0,1,14,5,-1,0,0,0,1,-1,-1,-1,22,-1,2432,-1,-1,-1,-1,-1,-1,2,1,0,0,0,1,1,0,16,2,9,42.00031378,-87.6712122
0,439508,-1,30,0,2,0,1,12,3,-1,0,0,0,1,-1,-1,-1,22,-1,2223,-1,-1,-1,-1,-1,-1,2,0,0,0,0,0,2,0,16,2,9,41.71762812,-87.64325412