MOST_SEVERE_INJURY,RD_NO,CRASH_DATE_EST_I,POSTED_SPEED_LIMIT,TRAFFIC_CONTROL_DEVICE,DEVICE_CONDITION,WEATHER_CONDITION,LIGHTING_CONDITION,FIRST_CRASH_TYPE,TRAFFICWAY_TYPE,LANE_CNT,ALIGNMENT,ROADWAY_SURFACE_COND,ROAD_DEFECT,CRASH_TYPE,INTERSECTION_RELATED_I,NOT_RIGHT_OF_WAY_I,HIT_AND_RUN_I,PRIM_CONTRIBUTORY_CAUSE,SEC_CONTRIBUTORY_CAUSE,BEAT_OF_OCCURRENCE,PHOTOS_TAKEN_I,STATEMENTS_TAKEN_I,DOORING_I,WORK_ZONE_I,WORK_ZONE_TYPE,WORKERS_PRESENT_I,NUM_UNITS,INJURIES_TOTAL,INJURIES_FATAL,INJURIES_INCAPACITATING,INJURIES_NON_INCAPACITATING,INJURIES_REPORTED_NOT_EVIDENT,INJURIES_NO_INDICATION,INJURIES_UNKNOWN,CRASH_HOUR,CRASH_DAY_OF_WEEK,CRASH_MONTH,LATITUDE,LONGITUDE
0,439497,-1,30,1,2,0,1,10,5,4,0,0,0,0,-1,-1,-1,18,-1,1921,-1,-1,-1,-1,-1,-1,2,0,0,0,0,0,2,0,16,2,9,41.94794732,-87.68844043
0,439436,-1,30,0,0,0,1,12,5,-1,0,0,0,0,-1,-1,-1,17,11,2535,-1,-1,-1,-1,-1,-1,2,0,0,0,0,0,2,0,16,2,9,41.91527713,-87.72146213
0,439534,-1,0,0,0,0,1,12,5,-1,0,0,-1,0,-1,-1,-1,11,0,1623,-1,-1,-1,-1,-1,-1,2,0,0,0,0,0,2,0,16,2,9,41.98151007,-87.76607825
2,439479,-1,30,1,2,0,1,9,6,1,0,0,0,1,1,-1,-1,17,-1,1022,-1,-1,-1,-1,-1,-1,2,1,0,0,1,0,3,0,16,2,9,41.85923752,-87.70280526
0,449179,-1,25,0,0,0,1,7,6,1,0,0,0,0,-1,-1,1,0,-1,831,-1,-1,-1,-1,-1,-1,2,0,0,0,0,0,1,0,16,2,9,41.76992924,-87.69084134
0,439512,-1,10,0,0,0,1,7,7,0,0,0,0,0,-1,1,-1,20,-1,924,-1,-1,-1,-1,-1,-1,2,0,0,0,0,0,1,0,16,2,9,41.81062526,-87.66487837
0,439481,-1,30,1,2,0,1,0,5,4,0,0,0,0,-1,-1,1,17,-1,1711,-1,-1,-1,-1,-1,-1,2,0,0,0,0,0,2,0,16,2,9,41.99005823,-87.72848394
0,439444,-1,30,0,0,0,1,10,5,-1,0,0,0,0,-1,-1,-1,0,0,2533,-1,-1,-1,0,-1,-1,3,0,0,0,0,0,3,0,16,2,9,41.9098077,-87.74034976
2,439418,-1,30,0,0,0,1,10,5,-1,0,0,0,1,-1,-1,-1,18,7,1832,-1,-1,-1,-1,-1,-1,2,1,0,0,1,0,1,0,16,2,9,41.89795042,-87.6341055
0,444825,-1,30,0,0,0,1,10,3,4,0,0,0,0,-1,-1,-1,18,18,122,-1,-1,-1,-1,-1,-1,2,0,0,0,0,0,2,0,16,2,9,41.88602541,-87.6362977
0,440776,-1,30,1,2,0,1,10,12,4,0,0,0,0,-1,-1,-1,18,11,815,-1,-1,-1,-1,-1,-1,2,0,0,0,0,0,3,0,16,2,9,41.81599324,-87.72402863
0,439509,-1,40,-1,-1,0,1,12,5,-1,0,-1,-1,0,-1,-1,0,0,-1,114,-1,-1,-1,-1,-1,-1,2,0,0,0,0,0,2,0,16,2,9,41.87958569,-87.61737571
0,442571,-1,25,0,0,0,1,7,6,1,0,0,0,0,-1,-1,1,20,0,1733,-1,-1,-1,-1,-1,-1,2,0,0,0,0,0,1,0,15,2,9,41.95238534,-87.71057007
1,439486,-1,30,0,0,0,1,8,2,4,0,0,0,1,-1,-1,1,17,17,1632,-1,-1,-1,-1,-1,-1,2,1,0,0,0,1,1,0,15,2,9,41.95264412,-87.80477472
0,439401,-1,30,0,0,0,1,7,5,-1,0,0,0,0,-1,-1,-1,0,0,1621,-1,-1,-1,-1,-1,-1,3,0,0,0,0,0,1,0,15,2,9,42.00517297,-87.77864841
0,439470,-1,30,1,2,0,1,10,5,-1,0,0,0,0,-1,-1,1,0,-1,1121,-1,-1,-1,-1,-1,-1,2,0,0,0,0,0,2,0,15,2,9,41.9026758,-87.71187488
0,439136,-1,0,0,0,0,1,10,7,-1,0,-1,-1,0,-1,-1,-1,0,0,1624,-1,-1,-1,-1,-1,-1,2,0,0,0,0,0,2,0,15,2,9,41.95467941,-87.74748532
0,439415,-1,30,0,0,0,1,10,6,-1,0,0,0,0,-1,-1,1,0,-1,1011,-1,-1,-1,-1,-1,-1,2,0,0,0,0,0,4,0,15,2,9,41.86580531,-87.71936594
0,439633,-1,30,0,0,0,1,7,6,-1,0,0,0,0,-1,-1,-1,22,16,1624,-1,-1,-1,-1,-1,-1,2,0,0,0,0,0,2,0,15,2,9,41.95608592,-87.76204717
0,439537,-1,30,0,0,0,1,12,5,4,0,-1,-1,0,-1,-1,1,0,0,1614,-1,-1,-1,-1,-1,-1,2,0,0,0,0,0,3,0,15,2,9,41.95220953,-87.83431786
0,439427,-1,30,1,-1,0,1,0,3,-1,0,0,0,1,-1,-1,-1,0,-1,114,-1,-1,-1,-1,-1,-1,2,0,0,0,0,0,3,0,15,2,9,41.88775834,-87.62053742
0,439412,-1,30,1,2,0,1,10,3,-1,0,0,-1,0,-1,-1,-1,18,0,412,-1,-1,-1,-1,-1,-1,2,0,0,0,0,0,2,0,15,2,9,41.73721106,-87.58578221
1,439511,-1,30,1,2,0,1,10,2,4,0,0,-1,1,-1,-1,-1,16,0,511,-1,-1,-1,-1,-1,-1,2,2,0,0,0,2,2,0,15,2,9,41.70774001,-87.59414128
0,452204,-1,30,1,-1,-1,1,14,5,3,0,-1,-1,0,1,-1,1,0,0,1135,-1,-1,-1,-1,-1,-1,2,0,0,0,0,0,2,0,15,2,9,41.86669652,-87.68851182
0,440014,-1,30,1,2,0,1,14,6,3,0,0,0,0,1,-1,-1,0,0,211,-1,-1,-1,-1,-1,-1,2,0,0,0,0,0,2,0,15,2,9,41.8383933,-87.60874952
0,439635,-1,35,0,0,0,1,11,5,-1,0,0,0,0,-1,-1,1,0,0,924,-1,-1,-1,-1,-1,-1,2,0,0,0,0,0,2,0,15,2,9,41.81051885,-87.66630031
0,439506,-1,30,0,0,0,1,14,0,-1,0,0,0,0,-1,-1,-1,0,-1,2514,-1,-1,-1,-1,-1,-1,2,0,0,0,0,0,2,0,15,2,9,41.93677493,-87.77144404
0,439614,-1,30,2,2,0,1,0,5,-1,0,0,0,0,1,-1,-1,5,-1,1613,-1,-1,-1,-1,-1,-1,2,0,0,0,0,0,2,0,15,2,9,41.9813101,-87.82359832
0,439926,-1,30,0,0,0,1,0,7,-1,0,0,-1,0,-1,-1,-1,0,-1,2521,-1,-1,-1,-1,-1,-1,2,0,0,0,0,0,3,0,15,2,9,41.93168892,-87.74301695
0,439563,-1,30,0,0,0,1,10,2,4,0,0,0,0,-1,-1,-1,0,-1,1533,-1,-1,-1,-1,-1,-1,2,0,0,0,0,0,4,0,15,2,9,41.87837811,-87.74534776
0,439491,-1,30,0,0,0,1,12,5,-1,0,0,0,0,-1,-1,-1,-1,-1,815,-1,-1,-1,-1,-1,-1,2,0,0,0,0,0,4,0,15,2,9,41.81905247,-87.7241127
0,439442,-1,30,2,-1,0,1,3,5,-1,0,-1,-1,0,1,-1,1,0,-1,915,-1,-1,-1,-1,-1,-1,2,0,0,0,0,0,2,0,15,2,9,41.83078055,-87.64260049
0,439355,-1,35,0,0,0,1,14,5,-1,0,0,0,0,-1,-1,-1,0,0,1732,-1,-1,-1,-1,-1,-1,2,0,0,0,0,0,2,0,15,2,9,41.95353736,-87.72769519
0,439582,-1,30,0,0,0,1,10,5,-1,0,0,0,0,-1,-1,-1,0,-1,1432,-1,-1,-1,-1,-1,-1,2,0,0,0,0,0,2,0,15,2,9,41.92024549,-87.66857296
0,440427,-1,30,1,2,0,1,10,5,-1,0,0,0,0,1,-1,-1,0,0,1932,-1,-1,-1,-1,-1,-1,2,0,0,0,0,0,2,0,15,2,9,41.93581899,-87.66348796
0,439559,-1,25,0,0,0,1,0,6,-1,0,0,0,0,-1,-1,1,17,0,2412,-1,-1,-1,-1,-1,-1,2,0,0,0,0,0,2,0,15,2,9,41.99956443,-87.69572255
0,440658,-1,35,0,0,0,1,10,2,2,0,0,0,0,-1,-1,-1,18,16,815,-1,-1,-1,-1,-1,-1,2,0,0,0,0,0,2,0,15,2,9,41.80140191,-87.7235446
0,440482,-1,20,0,0,0,-1,7,5,-1,0,0,0,0,-1,-1,1,20,-1,1913,-1,-1,-1,-1,-1,-1,2,0,0,0,0,0,1,0,15,2,9,41.96474453,-87.66115483
0,439862,-1,30,0,0,0,1,12,5,2,0,0,0,0,-1,-1,1,0,-1,2533,-1,-1,-1,-1,-1,-1,2,0,0,0,0,0,2,0,15,2,9,41.91274632,-87.74609871
0,439408,-1,30,2,2,0,1,14,5,1,0,0,0,0,-1,-1,1,23,-1,2213,-1,-1,-1,-1,-1,-1,2,0,0,0,0,0,5,0,15,2,9,41.72128641,-87.6527994
0,439349,-1,30,0,0,0,1,12,5,2,0,0,-1,0,-1,-1,1,22,-1,1533,-1,-1,-1,-1,-1,-1,2,0,0,0,0,0,2,0,15,2,9,41.87856596,-87.74535367
0,439358,-1,15,0,0,0,1,0,7,-1,0,0,0,0,-1,-1,-1,20,-1,2221,-1,-1,-1,-1,-1,-1,2,0,0,0,0,0,2,0,14,2,9,41.72131724,-87.68193111
0,439357,-1,30,1,2,0,1,10,5,2,0,0,0,0,-1,-1,-1,20,-1,1831,-1,-1,-1,-1,-1,-1,2,0,0,0,0,0,2,0,14,2,9,41.89147812,-87.63399221
0,439301,-1,30,1,2,0,1,14,5,2,0,0,0,0,-1,-1,-1,22,16,123,-1,-1,-1,-1,-1,-1,2,0,0,0,0,0,2,0,14,2,9,41.87435205,-87.63347897
0,439330,-1,30,1,2,0,1,14,5,2,0,0,0,0,1,-1,1,22,16,914,-1,-1,-1,-1,-1,-1,2,0,0,0,0,0,3,0,14,2,9,41.85292421,-87.63163261
0,439327,-1,25,0,0,0,1,0,2,-1,0,0,0,0,-1,-1,-1,-1,-1,915,-1,-1,-1,-1,-1,-1,2,0,0,0,0,0,2,0,14,2,9,41.82350359,-87.65066638
0,439321,-1,30,0,0,0,1,12,6,-1,0,0,0,0,-1,-1,-1,22,-1,1831,-1,-1,-1,-1,-1,-1,2,0,0,0,0,0,2,0,14,2,9,41.8906843,-87.63939528
3,439372,-1,30,1,2,0,1,10,2,-1,0,0,0,1,1,-1,1,0,-1,825,1,-1,-1,-1,-1,-1,2,1,0,1,0,0,2,0,14,2,9,41.7809601,-87.68383373
0,439515,-1,30,2,2,2,1,14,5,2,0,0,0,0,-1,-1,-1,5,17,532,-1,-1,-1,-1,-1,-1,2,0,0,0,0,0,3,0,14,2,9,41.66347802,-87.61822175
2,439343,-1,30,-1,-1,0,1,10,5,-1,0,0,0,1,-1,-1,-1,7,-1,412,-1,-1,-1,-1,-1,-1,2,1,0,0,1,0,2,0,14,2,9,41.74293237,-87.57388212
0,439345,-1,10,0,0,0,1,12,7,-1,0,0,0,0,-1,1,-1,20,0,931,-1,-1,-1,-1,-1,-1,2,0,0,0,0,0,2,0,14,2,9,41.80809216,-87.6675274
0,439496,-1,30,0,0,0,1,7,5,-1,0,-1,-1,0,-1,-1,1,17,-1,131,-1,-1,-1,-1,-1,-1,2,0,0,0,0,0,2,0,14,2,9,41.86435541,-87.624228
0,439487,-1,25,0,0,-1,-1,7,5,2,0,-1,0,0,-1,-1,1,0,0,911,-1,-1,-1,-1,-1,-1,2,0,0,0,0,0,1,0,14,2,9,41.82824687,-87.70145893
0,439454,-1,10,0,0,0,1,7,7,0,0,0,0,0,-1,1,1,0,0,924,-1,-1,-1,-1,-1,-1,2,0,0,0,0,0,1,0,14,2,9,41.82307047,-87.66322335
0,439387,-1,30,1,2,0,1,12,5,-1,0,0,0,0,1,-1,-1,-1,-1,1131,-1,-1,-1,-1,-1,-1,2,0,0,0,0,0,2,0,14,2,9,41.86600798,-87.74463377
2,439334,-1,25,0,0,0,1,10,5,2,0,0,0,1,1,-1,-1,18,0,2412,-1,-1,-1,-1,-1,-1,2,1,0,0,1,0,2,0,14,2,9,41.99763641,-87.70159725
0,439303,-1,30,0,0,0,1,7,6,1,0,0,0,0,-1,-1,-1,0,-1,412,-1,-1,-1,-1,-1,-1,2,0,0,0,0,0,2,0,14,2,9,41.73866048,-87.58306229
0,448994,-1,45,0,0,0,1,2,3,9,0,0,0,0,-1,-1,-1,29,0,132,-1,-1,-1,-1,-1,-1,1,0,0,0,0,0,1,0,14,2,9,41.84904336,-87.61306141
1,439362,-1,30,0,0,0,1,14,5,4,0,0,0,1,1,-1,-1,0,-1,1224,-1,-1,-1,-1,-1,-1,2,1,0,0,0,1,2,0,14,2,9,41.88557743,-87.64569651
0,439394,-1,30,0,0,0,1,12,5,2,2,0,0,0,-1,-1,1,22,0,1213,0,-1,-1,-1,-1,-1,2,0,0,0,0,0,2,0,14,2,9,41.89651015,-87.6483957
0,439276,-1,30,0,0,0,1,7,3,-1,0,0,0,1,-1,-1,-1,7,-1,412,-1,-1,-1,-1,-1,-1,2,0,0,0,0,0,2,0,14,2,9,41.73793842,-87.58507814
0,440595,-1,30,0,0,0,1,7,6,-1,0,0,0,0,-1,-1,-1,0,0,1732,-1,-1,-1,-1,-1,-1,2,0,0,0,0,0,1,0,14,2,9,41.94445713,-87.72633899
2,439426,-1,30,1,2,0,1,8,5,2,0,0,0,1,1,-1,-1,22,14,124,-1,-1,-1,-1,-1,-1,2,1,0,0,1,0,1,0,14,2,9,41.87448001,-87.64249879
0,439339,-1,20,0,0,0,1,7,6,1,0,0,-1,0,-1,-1,1,0,0,1723,-1,-1,-1,-1,-1,-1,2,0,0,0,0,0,1,0,14,2,9,41.96824076,-87.72452561
0,439300,-1,30,1,2,0,1,10,5,4,0,0,0,0,-1,-1,1,0,-1,114,-1,-1,-1,-1,-1,-1,2,0,0,0,0,0,3,0,14,2,9,41.88080566,-87.62093499
0,442539,-1,15,0,0,0,1,7,7,-1,0,0,0,0,-1,-1,1,0,0,1632,-1,-1,-1,-1,-1,-1,2,0,0,0,0,0,1,0,13,2,9,41.95854835,-87.78691899
0,439277,-1,30,2,-1,0,1,14,5,-1,0,-1,-1,0,1,-1,-1,23,-1,1125,-1,-1,-1,-1,-1,-1,2,0,0,0,0,0,2,0,13,2,9,41.88048966,-87.68656436
0,439475,-1,30,0,0,0,1,10,5,2,0,0,0,0,-1,-1,0,0,0,722,-1,-1,-1,-1,-1,-1,2,0,0,0,0,0,2,0,13,2,9,41.77265534,-87.62690885
0,439224,-1,0,0,0,0,1,11,5,2,0,0,0,0,-1,-1,1,10,10,835,-1,-1,-1,-1,-1,-1,2,0,0,0,0,0,2,0,13,2,9,41.75342474,-87.69700817
3,439450,1,25,0,0,0,1,8,0,-1,0,0,0,1,1,-1,1,0,-1,1112,-1,-1,-1,-1,-1,-1,2,1,0,1,0,0,1,0,13,2,9,41.89407444,-87.72222522
2,439346,-1,35,1,2,0,1,14,5,-1,0,0,0,1,1,-1,-1,17,23,834,-1,-1,-1,-1,-1,-1,3,2,0,0,1,1,2,0,13,2,9,41.73565924,-87.72131669
0,439333,-1,30,0,0,0,1,10,5,-1,0,0,0,0,-1,-1,-1,16,28,2524,-1,-1,-1,-1,-1,-1,2,0,0,0,0,0,2,0,13,2,9,41.92781351,-87.72701303
0,439240,-1,30,1,-1,0,1,0,5,-1,0,-1,-1,0,1,-1,-1,17,-1,915,-1,-1,-1,-1,-1,-1,2,0,0,0,0,0,2,0,13,2,9,41.83809563,-87.63546282
1,439237,-1,30,0,0,0,1,14,5,2,0,0,0,1,-1,-1,1,0,-1,935,-1,-1,-1,-1,-1,-1,2,2,0,0,0,2,1,0,13,2,9,41.79594758,-87.64505278
0,439199,-1,30,0,0,0,1,3,7,-1,0,0,0,0,-1,-1,-1,20,-1,825,-1,-1,-1,-1,-1,-1,2,0,0,0,0,0,2,0,13,2,9,41.77909355,-87.68866809
0,439972,-1,25,0,0,0,1,7,5,2,0,0,-1,0,-1,-1,1,0,-1,412,-1,-1,-1,-1,-1,-1,2,0,0,0,0,0,1,0,13,2,9,41.74419236,-87.58305756
0,439482,-1,5,0,0,0,1,7,7,-1,0,0,0,0,-1,1,1,21,0,1823,-1,-1,-1,-1,-1,-1,2,0,0,0,0,0,1,0,13,2,9,41.89674551,-87.63702944
0,439416,-1,30,1,2,0,1,10,5,2,0,0,0,0,1,-1,-1,0,0,1822,-1,-1,-1,-1,-1,-1,2,0,0,0,0,0,2,0,12,2,9,41.90352609,-87.64815978
0,459788,1,15,0,0,0,-1,7,7,1,0,0,-1,0,-1,1,1,0,-1,1831,-1,-1,-1,-1,-1,-1,2,0,0,0,0,0,1,0,12,2,9,41.89145847,-87.63549713
0,439195,-1,30,-1,-1,0,1,12,5,-1,0,-1,-1,0,-1,-1,1,0,-1,1925,-1,-1,-1,-1,-1,-1,2,0,0,0,0,0,3,0,12,2,9,41.94094839,-87.63942743
0,439233,-1,30,0,0,0,1,10,5,2,0,0,0,1,-1,-1,1,18,-1,1831,-1,-1,-1,-1,-1,-1,2,0,0,0,0,0,2,0,12,2,9,41.89644553,-87.64137552
0,441131,-1,25,0,0,0,1,12,5,-1,0,0,0,0,-1,-1,-1,17,-1,132,-1,-1,-1,-1,-1,-1,2,0,0,0,0,0,2,0,12,2,9,41.86600165,-87.61362558
0,441091,-1,0,0,0,0,1,7,7,1,0,0,0,0,-1,1,1,0,0,222,-1,-1,-1,-1,-1,-1,2,0,0,0,0,0,1,0,12,2,9,41.80258115,-87.58824965
0,439164,-1,20,0,0,0,1,7,6,1,0,0,0,0,-1,-1,-1,0,0,2011,-1,-1,-1,-1,-1,-1,2,0,0,0,0,0,1,0,12,2,9,41.98444362,-87.70148133
0,439162,-1,20,0,0,0,1,7,6,1,0,0,0,0,-1,-1,-1,27,0,813,-1,-1,-1,-1,-1,-1,3,0,0,0,0,0,1,0,12,2,9,41.77806377,-87.7448544
0,439158,-1,35,0,0,0,1,14,7,-1,0,0,0,0,-1,-1,-1,17,-1,222,-1,-1,-1,-1,-1,-1,2,0,0,0,0,0,2,0,12,2,9,41.80977273,-87.59496089
0,439239,-1,30,0,0,0,1,14,6,2,0,0,0,0,-1,-1,-1,17,-1,1434,-1,-1,-1,-1,-1,-1,2,0,0,0,0,0,2,0,12,2,9,41.91071391,-87.6861593
0,441014,-1,30,0,0,0,1,10,7,-1,0,0,0,0,-1,-1,-1,0,0,511,-1,-1,-1,-1,-1,-1,2,0,0,0,0,0,2,0,12,2,9,41.72225727,-87.58527557
0,439282,-1,30,1,2,0,1,10,2,-1,0,0,0,0,1,-1,-1,18,18,2413,-1,-1,-1,-1,-1,-1,3,0,0,0,0,0,3,0,12,2,9,41.99052504,-87.70419437
1,439178,-1,30,0,0,0,1,10,3,-1,0,0,0,1,-1,-1,-1,33,-1,1412,-1,-1,-1,-1,-1,-1,2,1,0,0,0,1,1,0,12,2,9,41.92913749,-87.70743598
0,450681,-1,15,-1,-1,-1,1,7,5,-1,0,-1,-1,0,-1,-1,1,0,0,1412,-1,-1,-1,-1,-1,-1,2,0,0,0,0,0,1,0,12,2,9,41.93293944,-87.71674194
0,442028,-1,15,0,0,0,1,7,7,-1,0,0,0,0,-1,1,0,0,0,1822,-1,-1,-1,-1,-1,-1,2,0,0,0,0,0,1,0,12,2,9,41.9025178,-87.64458272
0,439185,-1,30,1,2,0,1,10,5,-1,0,0,0,0,-1,-1,-1,18,16,2525,-1,-1,-1,-1,-1,-1,2,0,0,0,0,0,2,0,12,2,9,41.92358086,-87.72659768
0,439168,-1,15,0,0,0,1,5,6,1,0,0,0,1,-1,-1,-1,11,10,1651,-1,-1,-1,-1,-1,-1,1,0,0,0,0,0,1,0,12,2,9,41.97620114,-87.90530913
0,439126,-1,30,0,0,0,1,14,5,-1,0,0,0,1,-1,-1,-1,22,17,1833,-1,-1,-1,-1,-1,-1,5,0,0,0,0,0,2,0,11,2,9,41.90080173,-87.62140066
0,439359,-1,35,1,2,0,1,10,5,4,0,0,0,0,-1,-1,1,18,0,922,-1,-1,-1,-1,-1,-1,2,0,0,0,0,0,3,0,11,2,9,41.80846852,-87.68938816
-1,439084,-1,35,1,2,0,1,14,5,-1,0,0,-1,0,1,-1,1,0,-1,322,-1,-1,-1,-1,-1,-1,-1,-1,-1,-1,-1,-1,-1,-1,11,2,9,41.76924668,-87.61549896
0,439132,-1,30,0,0,0,1,14,2,4,2,0,0,0,-1,-1,-1,23,21,1032,-1,-1,-1,-1,-1,-1,2,0,0,0,0,0,2,0,11,2,9,41.83338831,-87.70485789
0,439100,-1,35,1,2,0,1,12,5,-1,0,0,0,0,1,-1,-1,23,0,235,-1,-1,-1,-1,-1,-1,2,0,0,0,0,0,2,0,11,2,9,41.78777853,-87.59622493
0,439180,0,30,0,0,0,1,0,6,3,0,0,0,1,-1,-1,-1,10,-1,2013,-1,-1,-1,-1,-1,-1,2,0,0,0,0,0,3,0,11,2,9,41.9816391,-87.66319045
0,439085,-1,30,0,0,0,1,2,7,0,0,0,12,1,-1,1,-1,29,0,1012,-1,-1,-1,-1,-1,-1,1,0,0,0,0,0,1,0,11,2,9,41.85405596,-87.73688459
0,443311,-1,15,0,0,0,1,7,7,1,0,0,0,0,-1,1,-1,20,19,1434,-1,-1,-1,-1,-1,-1,2,0,0,0,0,0,1,0,11,2,9,41.91227322,-87.68062401
1,440695,-1,20,2,2,0,1,14,6,1,0,0,0,1,1,-1,1,23,22,1832,-1,-1,-1,-1,-1,-1,2,1,0,0,0,1,1,0,11,2,9,41.89989972,-87.63125883
0,439194,-1,30,1,2,0,1,10,5,-1,0,0,0,0,-1,-1,-1,-1,-1,725,-1,-1,-1,-1,-1,-1,2,0,0,0,0,0,3,0,11,2,9,41.7686623,-87.66384165
0,439159,-1,30,0,0,0,1,10,2,2,0,0,0,1,-1,-1,-1,18,0,1731,-1,-1,-1,-1,-1,-1,2,0,0,0,0,0,2,0,11,2,9,41.9463124,-87.74067083
0,439156,-1,15,0,0,0,1,7,7,1,0,0,0,0,-1,1,-1,11,20,2512,-1,-1,-1,-1,-1,-1,2,0,0,0,0,0,1,0,11,2,9,41.9237818,-87.78625367
0,440407,-1,30,0,0,0,1,2,3,-1,0,0,0,0,-1,-1,1,17,17,1935,1,-1,-1,1,2,-1,1,0,0,0,0,0,1,0,11,2,9,41.92569275,-87.64038604
1,439318,-1,30,1,2,0,1,2,5,2,0,1,0,1,1,-1,-1,28,28,1812,-1,-1,-1,1,2,-1,1,1,0,0,0,1,1,0,11,2,9,41.92544705,-87.64055404
0,439076,-1,30,2,2,0,1,14,2,-1,0,0,0,1,1,-1,-1,17,-1,815,-1,1,-1,-1,-1,-1,2,0,0,0,0,0,2,0,11,2,9,41.80981121,-87.72371586
0,439062,-1,20,0,0,0,1,2,5,2,0,0,0,0,-1,-1,-1,0,0,1135,-1,-1,-1,-1,-1,-1,1,0,0,0,0,0,1,0,11,2,9,41.86711775,-87.69359344
2,439058,-1,30,0,0,0,1,12,5,4,0,0,0,1,-1,-1,-1,0,-1,1122,-1,-1,-1,-1,-1,-1,3,1,0,0,1,0,2,0,11,2,9,41.88088608,-87.72167876
1,439060,-1,30,1,2,0,1,0,5,-1,0,0,0,1,1,-1,-1,0,0,1013,-1,-1,-1,-1,-1,-1,2,1,0,0,0,1,1,0,11,2,9,41.84603757,-87.72476137
0,441967,-1,30,0,0,0,1,14,2,-1,0,0,0,0,-1,-1,-1,18,-1,122,-1,-1,-1,-1,-1,-1,2,0,0,0,0,0,2,0,11,2,9,41.87935629,-87.63390167
0,439176,1,30,-1,-1,-1,-1,7,5,2,0,-1,-1,0,-1,-1,1,0,-1,822,-1,-1,-1,-1,-1,-1,2,0,0,0,0,0,1,0,11,2,9,41.78963995,-87.7158572
0,439048,-1,30,1,2,0,1,14,2,6,0,0,0,0,1,-1,-1,18,16,1231,-1,1,-1,-1,-1,-1,2,0,0,0,0,0,2,0,10,2,9,41.86694006,-87.66653243
0,439018,-1,25,0,0,0,1,10,5,2,1,0,0,0,-1,-1,-1,18,-1,2411,-1,-1,-1,-1,-1,-1,2,0,0,0,0,0,2,0,10,2,9,42.01226437,-87.69594471
0,439109,1,30,-1,-1,-1,-1,12,5,-1,0,-1,-1,0,1,-1,1,-1,-1,2234,-1,-1,-1,-1,-1,-1,2,0,0,0,0,0,2,0,10,2,9,41.67762759,-87.6625951
0,438991,-1,25,2,2,0,1,0,5,2,0,0,0,1,-1,-1,-1,5,-1,2413,-1,-1,-1,-1,-1,-1,2,0,0,0,0,0,3,0,10,2,9,41.99411576,-87.69714415
0,439031,-1,30,1,2,0,1,8,6,1,0,0,0,0,-1,-1,-1,0,-1,1424,-1,-1,-1,-1,-1,-1,2,0,0,0,0,0,2,0,10,2,9,41.90431794,-87.67988071
0,439001,-1,30,2,2,0,1,12,12,0,0,0,0,0,1,-1,-1,-1,-1,821,-1,-1,-1,-1,-1,-1,2,0,0,0,0,0,2,0,10,2,9,41.80807305,-87.71629641
0,39070,-1,30,0,0,0,1,12,5,-1,0,0,0,0,-1,-1,-1,0,0,1911,-1,-1,-1,-1,-1,-1,2,0,0,0,0,0,2,0,10,2,9,41.96505016,-87.67922948
0,439414,-1,0,0,0,0,1,7,6,-1,0,0,0,0,-1,-1,1,0,0,613,-1,-1,-1,-1,-1,-1,2,0,0,0,0,0,1,0,10,2,9,41.74425525,-87.64643159
0,438967,-1,30,1,2,0,1,14,1,3,0,0,0,0,1,-1,-1,18,-1,1834,-1,-1,-1,-1,-1,-1,2,0,0,0,0,0,3,0,10,2,9,41.89191184,-87.62029723
0,488952,-1,30,1,2,0,1,14,5,-1,0,0,0,0,-1,-1,-1,0,0,2412,-1,-1,-1,-1,-1,-1,2,0,0,0,0,0,3,0,10,2,9,41.99801926,-87.67701946
0,439071,-1,30,0,0,0,1,12,2,-1,0,0,0,0,-1,-1,-1,0,0,1914,-1,-1,-1,-1,-1,-1,2,0,0,0,0,0,2,0,10,2,9,41.96398066,-87.64804623
0,440763,-1,30,1,2,0,1,12,2,4,0,0,0,0,-1,-1,-1,16,0,2533,-1,-1,-1,-1,-1,-1,2,0,0,0,0,0,2,0,10,2,9,41.909672,-87.7462613
2,438933,-1,30,0,0,0,1,8,5,4,0,0,0,1,-1,-1,-1,32,-1,131,-1,-1,0,-1,-1,-1,2,1,0,0,1,0,1,0,10,2,9,41.85964086,-87.62412018
0,441889,-1,30,0,0,0,1,0,5,4,0,0,0,0,-1,-1,1,0,0,822,-1,-1,-1,-1,-1,-1,2,0,0,0,0,0,2,0,10,2,9,41.79889965,-87.703858
0,439927,-1,35,0,0,0,1,11,5,-1,0,0,0,0,-1,-1,-1,17,0,1914,-1,-1,-1,-1,-1,-1,2,0,0,0,0,0,2,0,10,2,9,41.96461978,-87.64824758
0,439472,-1,30,0,0,0,1,7,6,1,0,0,0,0,-1,-1,1,0,-1,1225,-1,-1,-1,-1,-1,-1,2,0,0,0,0,0,1,0,10,2,9,41.87313452,-87.68600043
0,438928,-1,30,1,2,0,1,10,2,4,0,0,0,0,1,-1,-1,18,18,1611,-1,-1,-1,-1,-1,-1,2,0,0,0,0,0,2,0,10,2,9,41.99724447,-87.78760615
3,438953,-1,30,2,2,0,1,7,2,2,0,0,0,1,1,-1,-1,-1,23,1214,-1,-1,-1,-1,-1,-1,2,1,0,1,0,0,0,0,9,2,9,41.89629108,-87.6513225
1,438948,1,30,0,0,0,1,10,2,4,0,0,0,1,-1,-1,-1,18,0,2433,-1,-1,-1,-1,-1,-1,3,1,0,0,0,1,3,0,9,2,9,41.99701404,-87.65545181