MOST_SEVERE_INJURY,RD_NO,CRASH_DATE_EST_I,POSTED_SPEED_LIMIT,TRAFFIC_CONTROL_DEVICE,DEVICE_CONDITION,WEATHER_CONDITION,LIGHTING_CONDITION,FIRST_CRASH_TYPE,TRAFFICWAY_TYPE,LANE_CNT,ALIGNMENT,ROADWAY_SURFACE_COND,ROAD_DEFECT,CRASH_TYPE,INTERSECTION_RELATED_I,NOT_RIGHT_OF_WAY_I,HIT_AND_RUN_I,PRIM_CONTRIBUTORY_CAUSE,SEC_CONTRIBUTORY_CAUSE,BEAT_OF_OCCURRENCE,PHOTOS_TAKEN_I,STATEMENTS_TAKEN_I,DOORING_I,WORK_ZONE_I,WORK_ZONE_TYPE,WORKERS_PRESENT_I,NUM_UNITS,INJURIES_TOTAL,INJURIES_FATAL,INJURIES_INCAPACITATING,INJURIES_NON_INCAPACITATING,INJURIES_REPORTED_NOT_EVIDENT,INJURIES_NO_INDICATION,INJURIES_UNKNOWN,CRASH_HOUR,CRASH_DAY_OF_WEEK,CRASH_MONTH,LATITUDE,LONGITUDE
0,437871,-1,20,0,0,0,1,0,6,2,0,0,0,0,-1,-1,-1,11,-1,222,-1,-1,-1,-1,-1,-1,2,0,0,0,0,0,5,0,12,1,9,41.81676377,-87.59894915
0,437887,-1,30,0,0,0,1,7,5,2,0,0,0,0,-1,-1,1,0,0,1512,-1,-1,-1,-1,-1,-1,2,0,0,0,0,0,1,0,12,1,9,41.88937624,-87.76533229
0,437882,-1,30,2,2,0,1,14,12,0,0,0,0,1,1,-1,-1,23,7,1613,-1,-1,-1,-1,-1,-1,2,0,0,0,0,0,2,0,12,1,9,41.98159608,-87.81700065
0,437857,-1,30,2,0,0,1,0,5,2,0,0,0,1,1,-1,-1,33,-1,1411,-1,-1,-1,-1,-1,-1,2,0,0,0,0,0,2,0,12,1,9,41.93226026,-87.69041167
0,437849,-1,30,0,0,0,1,14,2,2,0,0,0,0,-1,-1,-1,17,0,1733,-1,-1,-1,-1,-1,-1,2,0,0,0,0,0,2,0,12,1,9,41.94647339,-87.71155427
0,437892,-1,30,1,2,0,1,12,2,5,0,0,-1,0,1,-1,-1,22,0,2432,-1,-1,-1,-1,-1,-1,2,0,0,0,0,0,4,0,12,1,9,41.99821792,-87.66069526
0,437885,-1,30,0,0,0,1,10,2,2,0,0,0,0,-1,-1,-1,11,-1,2521,-1,-1,-1,-1,-1,-1,2,0,0,0,0,0,2,0,12,1,9,41.93865884,-87.75140396
2,437838,-1,10,0,0,0,1,12,7,-1,0,0,0,1,-1,-1,-1,0,-1,531,-1,-1,-1,-1,-1,-1,6,3,0,0,3,0,2,0,12,1,9,41.68757384,-87.60337936
0,437865,-1,30,1,2,0,1,10,2,-1,0,0,0,0,-1,-1,-1,14,-1,1221,-1,-1,-1,-1,-1,-1,2,0,0,0,0,0,2,0,12,1,9,41.89063317,-87.68654726
1,437870,-1,30,1,2,0,1,10,5,4,3,0,0,1,-1,-1,-1,18,11,523,1,-1,-1,-1,-1,-1,2,1,0,0,0,1,2,0,12,1,9,41.66336881,-87.63666753
0,438197,-1,30,1,2,0,1,10,2,4,0,0,0,0,-1,-1,1,16,11,1032,-1,-1,-1,-1,-1,-1,2,0,0,0,0,0,2,0,12,1,9,41.84442483,-87.70518545
0,438152,-1,0,0,0,0,1,7,7,0,2,0,0,0,-1,1,1,20,11,611,-1,-1,-1,-1,-1,-1,2,0,0,0,0,0,1,0,12,1,9,41.7501196,-87.67335045
0,437924,-1,30,1,2,0,1,10,2,4,0,0,-1,0,-1,-1,-1,18,0,1432,-1,-1,-1,-1,-1,-1,2,0,0,0,0,0,2,0,12,1,9,41.92515045,-87.67676167
2,445355,-1,30,0,0,0,1,0,5,2,0,0,-1,1,-1,-1,-1,20,0,2013,-1,-1,-1,-1,-1,-1,2,1,0,0,1,0,1,0,12,1,9,41.98552593,-87.66137411
0,439995,1,30,0,0,0,1,7,5,-1,0,0,0,0,-1,-1,1,0,0,1522,-1,-1,-1,-1,-1,-1,2,0,0,0,0,0,1,0,12,1,9,41.87404962,-87.75526571
0,438246,-1,30,1,2,0,1,10,5,4,0,0,-1,0,-1,-1,1,18,0,1223,1,-1,-1,-1,-1,-1,2,0,0,0,0,0,5,0,12,1,9,41.8830406,-87.68633875
0,437996,1,30,0,0,-1,-1,7,6,-1,0,-1,-1,0,-1,-1,1,0,-1,831,-1,-1,-1,-1,-1,-1,2,0,0,0,0,0,1,0,12,1,9,41.77375052,-87.69373822
2,437890,-1,30,0,0,0,1,12,5,2,0,0,0,1,-1,-1,-1,11,33,1925,-1,-1,-1,-1,-1,-1,2,2,0,0,2,0,4,0,12,1,9,41.94901934,-87.64882637
0,437815,1,30,0,0,0,1,12,3,2,0,0,0,0,1,-1,-1,-1,-1,332,-1,-1,-1,-1,-1,-1,2,0,0,0,0,0,2,0,12,1,9,41.76622592,-87.58948264
0,437798,-1,30,12,2,0,1,10,2,2,0,0,12,0,1,-1,1,25,16,1223,-1,-1,-1,1,2,-1,3,0,0,0,0,0,5,0,11,1,9,41.8849396,-87.67659064
1,437803,-1,30,1,2,0,1,0,5,2,2,0,0,1,1,-1,-1,0,0,1133,-1,-1,-1,-1,-1,-1,2,2,0,0,0,2,1,0,11,1,9,41.87358175,-87.71092787
0,437845,-1,30,0,0,0,1,7,5,-1,0,0,0,0,-1,-1,1,0,0,1022,-1,-1,-1,-1,-1,-1,2,0,0,0,0,0,1,0,11,1,9,41.86309885,-87.70348534
0,440514,-1,30,0,0,-1,1,7,2,-1,0,-1,0,0,-1,-1,1,0,0,732,-1,-1,-1,-1,-1,-1,2,0,0,0,0,0,1,0,11,1,9,41.76531365,-87.64435431
0,437832,-1,30,2,2,0,1,0,5,2,0,0,0,0,1,-1,-1,17,-1,1931,-1,-1,-1,-1,-1,-1,2,0,0,0,0,0,2,0,11,1,9,41.93249626,-87.66975391
0,437785,-1,30,1,2,0,1,10,5,2,0,0,0,0,-1,-1,-1,16,-1,1622,-1,-1,-1,-1,-1,-1,2,0,0,0,0,0,5,0,11,1,9,41.97577825,-87.77824262
0,437775,-1,25,0,0,0,1,10,7,-1,0,0,0,0,-1,-1,-1,16,15,1823,-1,-1,-1,-1,-1,-1,2,0,0,0,0,0,2,0,11,1,9,41.9005409,-87.63747118
0,437795,-1,5,0,0,0,1,7,7,1,0,0,0,0,-1,1,1,21,21,432,-1,-1,-1,-1,-1,-1,2,0,0,0,0,0,1,0,11,1,9,41.70812442,-87.53543392
0,443530,-1,30,0,0,0,1,10,5,5,0,-1,-1,0,-1,-1,-1,18,18,1911,-1,-1,-1,-1,-1,-1,2,0,0,0,0,0,2,0,11,1,9,41.95410572,-87.69329037
0,437756,-1,30,2,2,0,1,14,6,-1,0,0,0,0,1,-1,-1,17,-1,2515,-1,-1,-1,-1,-1,-1,2,0,0,0,0,0,3,0,11,1,9,41.92403532,-87.76957981
0,437768,-1,25,1,2,0,1,12,5,-1,0,0,0,0,1,-1,-1,17,0,1833,-1,-1,-1,-1,-1,-1,2,0,0,0,0,0,2,0,10,1,9,41.90009759,-87.62431502
0,437750,-1,35,0,0,0,1,7,3,2,0,0,0,0,-1,-1,-1,0,0,1012,-1,-1,-1,-1,-1,-1,2,0,0,0,0,0,1,0,10,1,9,41.85157048,-87.73077586
0,438202,-1,25,0,0,0,1,7,5,2,0,0,0,0,-1,-1,-1,11,0,911,-1,-1,-1,-1,-1,-1,2,0,0,0,0,0,1,0,10,1,9,41.82600493,-87.70678077
0,437825,-1,25,2,2,0,1,7,5,2,0,0,0,0,1,-1,1,0,-1,1925,-1,-1,-1,-1,-1,-1,2,0,0,0,0,0,1,0,10,1,9,41.94898045,-87.64841717
0,437745,-1,30,2,2,0,1,7,2,3,0,0,0,1,-1,-1,-1,16,0,2213,-1,-1,-1,-1,-1,-1,2,0,0,0,0,0,1,0,10,1,9,41.71684901,-87.65537655
0,437742,-1,40,0,0,0,1,10,2,-1,0,0,0,0,-1,-1,-1,21,-1,114,-1,-1,-1,-1,-1,-1,2,0,0,0,0,0,2,0,10,1,9,41.88547713,-87.6137567
3,437720,-1,30,0,0,0,1,10,2,4,0,0,0,1,1,-1,-1,18,0,2223,-1,-1,-1,-1,-1,-1,2,2,0,1,0,1,0,0,10,1,9,41.7217013,-87.63355778
0,437736,-1,30,1,2,0,1,0,2,2,0,0,0,0,1,-1,1,17,6,1022,-1,-1,-1,-1,-1,-1,2,0,0,0,0,0,2,0,10,1,9,41.85187404,-87.70531833
2,437651,-1,15,0,0,0,1,9,7,0,0,0,0,1,-1,1,-1,0,0,1613,-1,-1,-1,-1,-1,-1,2,1,0,0,1,0,1,0,10,1,9,41.98020323,-87.80683112
2,437709,-1,35,0,0,0,1,8,6,1,0,0,0,1,-1,-1,-1,17,0,511,-1,-1,-1,-1,-1,-1,2,1,0,0,1,0,2,0,10,1,9,41.7180709,-87.63296822
0,437707,-1,30,0,0,0,1,12,5,-1,0,0,0,0,-1,-1,-1,0,0,1913,-1,-1,-1,-1,-1,-1,2,0,0,0,0,0,4,0,10,1,9,41.96188242,-87.65520631
0,440368,-1,30,0,0,0,1,5,6,4,0,0,3,0,-1,-1,-1,28,28,411,-1,-1,-1,1,2,-1,1,0,0,0,0,0,2,0,10,1,9,41.75396722,-87.5853563
0,437690,-1,30,0,0,0,1,12,5,-1,0,0,-1,0,-1,-1,-1,0,0,2022,-1,-1,-1,-1,-1,-1,2,0,0,0,0,0,2,0,10,1,9,41.98545061,-87.65513441
0,437765,-1,30,0,0,0,1,10,5,-1,0,0,0,0,-1,-1,-1,18,-1,1623,-1,-1,-1,-1,-1,-1,2,0,0,0,0,0,2,0,10,1,9,41.96790961,-87.74839202
0,437735,-1,15,0,0,0,1,7,7,4,0,0,0,0,-1,-1,1,0,-1,924,-1,-1,-1,-1,-1,-1,2,0,0,0,0,0,1,0,10,1,9,41.81944143,-87.66537555
0,437645,1,30,0,0,0,1,7,3,-1,0,0,0,0,1,-1,-1,-1,-1,334,-1,-1,-1,-1,-1,-1,2,0,0,0,0,0,1,0,10,1,9,41.7601132,-87.56078724
0,437665,-1,30,1,2,0,1,7,5,-1,0,0,0,0,-1,-1,1,20,-1,1131,-1,-1,-1,-1,-1,-1,3,0,0,0,0,0,1,0,9,1,9,41.87686654,-87.73453987
0,437669,-1,30,1,2,0,1,2,5,2,0,0,0,1,-1,-1,1,0,0,1031,-1,-1,-1,-1,-1,-1,1,0,0,0,0,0,1,0,9,1,9,41.84041365,-87.72459146
0,437650,-1,30,1,2,0,1,0,5,-1,0,0,1,1,1,-1,-1,6,-1,532,-1,-1,-1,1,2,-1,2,0,0,0,0,0,2,0,9,1,9,41.67791767,-87.62254861
0,438029,0,15,0,0,0,1,7,7,-1,0,0,0,0,-1,-1,1,0,0,1711,-1,-1,-1,-1,-1,-1,2,0,0,0,0,0,1,0,9,1,9,41.99311179,-87.71157445
0,437646,-1,25,0,0,0,1,10,5,2,0,0,0,0,-1,-1,-1,16,-1,2433,-1,-1,-1,-1,-1,-1,2,0,0,0,0,0,2,0,9,1,9,41.99127973,-87.67286841
0,439446,-1,15,0,0,0,1,12,5,2,0,0,0,0,-1,-1,-1,21,-1,934,-1,-1,-1,-1,-1,-1,2,0,0,0,0,0,2,0,8,1,9,41.8015021,-87.64791969
0,437609,-1,30,0,0,0,1,7,6,-1,0,0,0,0,-1,-1,-1,10,-1,2413,-1,-1,-1,-1,-1,-1,3,0,0,0,0,0,1,0,8,1,9,41.99605929,-87.6875303
0,438464,-1,30,1,2,0,3,14,5,4,0,0,0,0,-1,-1,-1,23,23,822,-1,-1,-1,-1,-1,-1,2,0,0,0,0,0,2,0,8,1,9,41.7858939,-87.72281335
0,437600,-1,35,0,0,0,1,14,5,4,0,0,0,0,-1,-1,-1,20,20,725,-1,-1,-1,-1,-1,-1,2,0,0,0,0,0,4,0,8,1,9,41.77836098,-87.66433686
0,437598,-1,30,0,0,0,1,7,5,2,0,0,0,0,-1,-1,1,25,25,1422,-1,-1,-1,-1,-1,-1,2,0,0,0,0,0,3,0,8,1,9,41.909299,-87.70719119
0,437692,-1,30,0,0,0,1,12,5,2,0,0,0,0,-1,-1,1,25,25,1134,-1,-1,-1,-1,-1,-1,2,0,0,0,0,0,3,0,8,1,9,41.87363915,-87.70606189
0,437586,-1,35,0,0,0,1,12,5,2,0,0,0,0,-1,-1,-1,0,-1,511,-1,-1,-1,-1,-1,-1,2,0,0,0,0,0,2,0,8,1,9,41.72190395,-87.60695044
0,440434,-1,30,0,0,0,1,12,5,2,0,0,0,0,-1,-1,-1,22,-1,1823,-1,-1,-1,-1,-1,-1,2,0,0,0,0,0,2,0,8,1,9,41.89897902,-87.63741021
0,437590,-1,30,0,0,0,1,7,2,2,0,0,0,0,-1,-1,1,20,16,1211,-1,-1,-1,-1,-1,-1,3,0,0,0,0,0,4,0,7,1,9,41.89687585,-87.70209453
0,438085,-1,30,1,2,0,1,10,2,-1,0,0,0,0,-1,-1,1,18,7,2232,-1,-1,-1,-1,-1,-1,2,0,0,0,0,0,3,0,7,1,9,41.70326636,-87.65718233
0,439483,1,30,0,0,0,1,14,5,-1,0,0,0,0,-1,-1,-1,17,-1,2515,-1,-1,-1,-1,-1,-1,2,0,0,0,0,0,2,0,7,1,9,41.91810746,-87.76834935
0,437571,1,25,0,-1,-1,-1,7,6,1,0,-1,0,0,-1,-1,1,0,0,1732,-1,-1,-1,-1,-1,-1,2,0,0,0,0,0,1,0,7,1,9,41.94263582,-87.72652118
0,438786,-1,30,1,2,0,1,10,5,4,0,0,0,0,-1,-1,-1,0,0,2013,-1,-1,-1,-1,-1,-1,2,0,0,0,0,0,2,0,6,1,9,41.98531072,-87.66026859
0,437562,-1,30,5,2,0,1,10,6,-1,0,0,0,0,1,-1,-1,0,0,2232,-1,-1,-1,-1,-1,-1,2,0,0,0,0,0,2,0,6,1,9,41.71432334,-87.64306671
0,437542,-1,30,1,2,0,1,14,5,2,0,0,0,0,1,-1,1,0,0,911,-1,-1,-1,-1,-1,-1,2,0,0,0,0,0,5,0,6,1,9,41.82822428,-87.69490963
0,437543,-1,35,0,0,0,2,7,5,2,0,0,0,1,-1,-1,1,0,0,512,-1,-1,-1,-1,-1,-1,3,0,0,0,0,0,1,0,6,1,9,41.70232175,-87.62060627
2,437516,-1,30,2,2,0,2,14,12,2,0,0,0,1,-1,-1,-1,17,-1,731,-1,-1,-1,-1,-1,-1,2,1,0,0,1,0,1,0,6,1,9,41.76526758,-87.63337571
0,437507,-1,55,0,0,0,2,2,3,6,1,0,0,0,-1,-1,-1,0,-1,322,-1,-1,-1,-1,-1,-1,1,0,0,0,0,0,2,0,6,1,9,-1,-1
0,437527,-1,35,2,0,0,1,2,3,-1,0,0,0,1,1,-1,-1,32,0,632,-1,-1,-1,-1,-1,-1,1,0,0,0,0,0,1,0,6,1,9,41.74359883,-87.62101114
0,437514,-1,20,0,0,0,3,12,6,-1,0,0,0,0,-1,-1,1,25,-1,225,-1,-1,-1,-1,-1,-1,2,0,0,0,0,0,2,0,6,1,9,41.79187664,-87.62386736
0,438285,-1,15,0,0,0,1,0,0,-1,0,0,0,0,-1,-1,-1,17,-1,835,-1,-1,-1,-1,-1,-1,2,0,0,0,0,0,2,0,5,1,9,41.74566948,-87.691441
0,437497,-1,30,1,2,0,3,2,5,-1,0,0,0,1,1,-1,-1,2,-1,1823,-1,-1,-1,-1,-1,-1,1,0,0,0,0,0,1,0,5,1,9,41.89668592,-87.63577669
2,437489,-1,30,2,-1,0,3,14,2,2,0,0,0,1,1,-1,-1,0,0,823,-1,-1,-1,-1,-1,-1,2,1,0,0,1,0,1,0,5,1,9,41.78266568,-87.69363992
0,437761,-1,30,0,0,0,3,7,6,-1,0,0,0,0,-1,-1,-1,0,0,922,-1,-1,-1,-1,-1,-1,2,0,0,0,0,0,1,0,5,1,9,41.8151329,-87.70069627
0,438580,-1,25,0,0,0,3,7,6,1,0,0,0,0,-1,-1,-1,0,0,825,-1,-1,-1,-1,-1,-1,3,0,0,0,0,0,1,0,4,1,9,41.78263382,-87.68480743
0,437739,1,30,0,0,0,3,7,5,2,0,0,3,0,-1,-1,1,0,-1,822,-1,-1,-1,-1,-1,-1,3,0,0,0,0,0,1,0,4,1,9,41.78894683,-87.71239945
0,437485,1,30,0,0,-1,3,10,5,2,0,0,0,1,-1,-1,1,0,-1,922,-1,-1,-1,-1,-1,-1,2,0,0,0,0,0,2,0,4,1,9,41.80900229,-87.7038633
0,437482,-1,25,1,2,0,3,10,5,-1,0,0,0,0,-1,-1,1,0,0,1831,-1,-1,-1,-1,-1,-1,2,0,0,0,0,0,2,0,4,1,9,41.89320561,-87.63576244
0,437461,-1,30,0,0,0,3,2,5,4,0,0,0,1,-1,-1,-1,0,-1,1522,-1,-1,-1,-1,-1,-1,1,0,0,0,0,0,2,0,4,1,9,41.88139282,-87.76474923
0,437451,-1,30,0,0,0,3,2,6,3,0,0,0,0,-1,-1,-1,11,-1,121,-1,-1,-1,-1,-1,-1,1,0,0,0,0,0,1,0,4,1,9,41.87796815,-87.64091947
0,437713,-1,30,0,0,0,3,7,6,2,0,0,0,0,-1,-1,1,25,16,1215,-1,-1,-1,-1,-1,-1,2,0,0,0,0,0,1,0,4,1,9,41.89477317,-87.65762086
0,437657,0,30,2,2,0,3,7,6,1,0,0,0,0,-1,-1,1,0,0,1731,-1,-1,-1,-1,-1,-1,3,0,0,0,0,0,1,0,4,1,9,41.94824329,-87.73839413
0,448683,-1,30,0,0,0,3,12,5,-1,0,0,0,0,-1,-1,-1,0,0,1911,-1,-1,-1,-1,-1,-1,2,0,0,0,0,0,2,0,3,1,9,41.96253521,-87.68886595
0,437458,-1,30,2,2,0,3,7,6,2,2,0,12,1,1,-1,-1,10,28,1232,-1,-1,-1,1,2,0,2,0,0,0,0,0,1,0,3,1,9,41.87784445,-87.64664648
0,437456,-1,30,0,0,0,3,12,6,-1,0,0,0,0,-1,-1,1,13,-1,1423,-1,-1,-1,-1,-1,-1,2,0,0,0,0,0,2,0,3,1,9,41.90734437,-87.69311063
0,437438,-1,30,1,2,0,3,10,5,4,0,0,0,0,-1,-1,1,16,16,815,-1,-1,-1,-1,-1,-1,2,0,0,0,0,0,2,0,3,1,9,41.79316494,-87.74020105
0,437439,-1,30,0,0,0,3,7,6,1,2,0,-1,0,-1,-1,-1,16,0,1622,-1,-1,-1,-1,-1,-1,3,0,0,0,0,0,1,0,3,1,9,41.9685434,-87.76998421
0,437457,-1,30,2,2,0,3,12,-1,1,0,0,0,0,-1,-1,1,0,-1,1421,-1,-1,-1,-1,-1,-1,2,0,0,0,0,0,2,0,3,1,9,41.91216824,-87.69352276
0,437426,0,30,1,2,0,3,10,5,-1,0,0,0,0,-1,-1,-1,16,-1,2523,-1,-1,-1,-1,-1,-1,2,0,0,0,0,0,2,0,3,1,9,41.93186407,-87.72953394
0,437435,-1,35,0,0,0,3,2,5,4,0,0,0,1,-1,0,-1,-1,-1,1631,-1,-1,-1,-1,-1,-1,1,0,0,0,0,0,1,0,3,1,9,41.95253693,-87.81245044
0,437423,-1,30,0,0,0,3,7,5,2,0,0,0,1,-1,-1,-1,27,0,431,-1,-1,-1,-1,-1,-1,2,0,0,0,0,0,1,0,3,1,9,41.71507295,-87.55111469
0,437538,1,30,0,0,0,-1,7,6,1,0,0,0,0,-1,-1,1,-1,-1,1522,-1,-1,-1,-1,-1,-1,2,0,0,0,0,0,1,0,3,1,9,41.87372851,-87.76373175
0,437442,-1,30,0,0,0,3,7,5,2,0,0,0,0,-1,-1,1,-1,0,1414,-1,-1,-1,-1,-1,-1,2,0,0,0,0,0,1,0,3,1,9,41.92701239,-87.7042775
0,437432,1,35,0,0,0,3,7,5,4,0,0,0,1,-1,-1,-1,19,0,2012,-1,-1,-1,-1,-1,-1,6,0,0,0,0,0,3,0,3,1,9,41.98269408,-87.68928008
0,437425,-1,30,1,2,0,3,0,2,4,0,0,0,0,1,-1,-1,6,-1,114,-1,-1,-1,-1,-1,-1,2,0,0,0,0,0,3,0,3,1,9,41.87309942,-87.62405157
0,437413,-1,30,12,2,0,4,2,3,2,0,0,0,1,-1,-1,1,16,0,1125,-1,-1,-1,-1,-1,-1,1,0,0,0,0,0,1,0,2,1,9,41.88023425,-87.68655781
0,437731,-1,15,0,0,0,0,14,5,1,0,0,-1,0,-1,-1,1,-1,-1,433,-1,-1,-1,-1,-1,-1,2,0,0,0,0,0,2,0,2,1,9,41.65688192,-87.54249679
0,437536,-1,35,0,0,0,3,7,6,1,0,0,0,0,-1,-1,1,-1,-1,1512,-1,-1,-1,-1,-1,-1,2,0,0,0,0,0,1,0,2,1,9,41.8827121,-87.76644686
0,437397,-1,20,0,0,0,3,7,5,2,0,0,0,1,-1,-1,-1,0,-1,2211,-1,-1,-1,-1,-1,-1,3,0,0,0,0,0,1,0,2,1,9,41.69702597,-87.71832452
0,437403,-1,30,0,0,0,0,10,12,-1,0,0,0,0,-1,-1,-1,25,11,1931,-1,-1,-1,-1,-1,-1,2,0,0,0,0,0,4,0,2,1,9,41.92871621,-87.67383305
0,437399,-1,30,0,0,0,3,10,5,4,0,0,0,0,-1,-1,1,18,16,1923,-1,-1,-1,-1,-1,-1,2,0,0,0,0,0,2,0,2,1,9,41.94906897,-87.65818932
0,437427,1,30,0,0,0,3,3,5,2,0,0,0,1,-1,-1,1,10,0,2513,-1,-1,-1,-1,-1,-1,2,0,0,0,0,0,2,0,2,1,9,41.91002262,-87.78517783
3,437398,-1,30,1,2,0,3,0,5,2,0,0,0,1,1,-1,1,6,15,914,-1,-1,-1,-1,-1,-1,2,2,0,2,0,0,2,0,2,1,9,41.85276917,-87.6386785
0,437391,-1,25,0,0,0,3,7,5,-1,0,0,0,0,-1,-1,-1,0,0,2525,-1,-1,-1,-1,-1,-1,4,0,0,0,0,0,1,0,2,1,9,41.92089356,-87.72999891
0,437378,-1,30,0,0,0,3,7,0,2,0,0,0,0,-1,-1,-1,20,0,834,-1,-1,-1,-1,-1,-1,2,0,0,0,0,0,1,0,2,1,9,41.74796382,-87.71022513
0,439428,-1,30,0,0,0,3,7,6,1,0,0,0,0,-1,-1,1,0,-1,1232,-1,-1,-1,-1,-1,-1,2,0,0,0,0,0,1,0,2,1,9,41.86558505,-87.64491464
0,437407,-1,30,0,12,0,3,7,7,0,0,0,0,1,-1,-1,1,0,0,1631,-1,-1,-1,-1,-1,-1,4,0,0,0,0,0,1,0,2,1,9,41.94164749,-87.83238871
0,437638,-1,30,1,2,0,3,10,3,6,0,0,0,0,-1,-1,-1,0,-1,411,-1,-1,-1,-1,-1,-1,2,0,0,0,0,0,3,0,1,1,9,41.75690491,-87.58554286
0,474300,-1,30,1,2,0,0,0,5,-1,0,0,0,0,1,-1,1,-1,-1,614,-1,-1,-1,-1,-1,-1,2,0,0,0,0,0,3,0,1,1,9,41.74325289,-87.65846242
0,437381,-1,30,0,0,0,3,2,6,2,0,0,0,0,-1,-1,-1,0,0,2223,-1,-1,-1,-1,-1,-1,1,0,0,0,0,0,2,0,1,1,9,41.71579603,-87.64376217
0,437371,-1,35,1,2,0,3,10,5,4,0,0,0,0,1,-1,-1,18,-1,614,-1,-1,-1,-1,-1,-1,2,0,0,0,0,0,4,0,1,1,9,41.74298409,-87.66339656
0,437368,-1,30,1,2,0,3,0,6,1,0,0,-1,0,1,-1,1,6,-1,614,-1,-1,-1,-1,-1,-1,2,0,0,0,0,0,3,0,1,1,9,41.74305162,-87.65854303
0,437440,-1,30,0,0,0,3,11,5,2,0,0,0,0,-1,-1,-1,0,-1,1424,-1,-1,-1,-1,-1,-1,2,0,0,0,0,0,2,0,1,1,9,41.90775687,-87.6735937
0,437384,-1,35,0,0,0,3,12,3,-1,0,0,0,0,-1,-1,1,22,14,133,-1,-1,-1,-1,-1,-1,2,0,0,0,0,0,2,0,1,1,9,41.83867473,-87.60823452
0,437383,-1,30,2,-1,0,3,10,5,-1,0,0,0,0,-1,-1,-1,-1,-1,2531,-1,-1,-1,-1,-1,-1,2,0,0,0,0,0,2,0,1,1,9,41.91309264,-87.76578125
2,437394,-1,35,0,0,0,3,0,5,-1,0,0,0,1,-1,-1,-1,17,0,632,-1,-1,-1,-1,-1,-1,2,1,0,0,1,0,1,0,1,1,9,41.74393233,-87.60152722
0,437353,-1,30,0,0,-1,0,14,5,4,0,0,0,0,-1,-1,-1,0,0,1212,-1,-1,-1,-1,-1,-1,2,0,0,0,0,0,2,0,1,1,9,41.90303381,-87.67989442
0,437365,-1,30,1,2,0,3,14,5,2,0,0,0,0,-1,-1,-1,0,-1,1831,-1,-1,-1,-1,-1,-1,2,0,0,0,0,0,3,0,1,1,9,41.89010221,-87.62815723
0,437363,-1,35,1,2,0,3,10,2,-1,0,0,0,0,-1,-1,-1,18,-1,1631,-1,-1,-1,-1,-1,-1,2,0,0,0,0,0,2,0,1,1,9,41.95234231,-87.81018892
0,437350,-1,30,0,0,0,3,7,5,2,0,0,0,1,-1,-1,1,19,16,1831,-1,-1,-1,-1,-1,-1,3,0,0,0,0,0,3,0,1,1,9,41.89011975,-87.63203606
0,437347,-1,30,1,2,0,3,10,2,2,0,0,0,0,-1,-1,1,18,14,822,-1,-1,-1,-1,-1,-1,3,0,0,0,0,0,3,0,1,1,9,41.79360769,-87.70463034
0,437343,-1,30,0,0,0,3,10,5,-1,0,0,0,0,-1,-1,-1,18,-1,1924,-1,-1,-1,-1,-1,-1,2,0,0,0,0,0,2,0,1,1,9,41.9436595,-87.64952321
0,444335,-1,30,1,0,0,3,10,5,-1,0,0,0,0,-1,-1,-1,18,-1,1831,-1,-1,-1,-1,-1,-1,2,0,0,0,0,0,5,0,1,1,9,41.89172459,-87.63198777
0,437357,-1,20,0,0,0,0,11,6,1,0,0,0,1,-1,-1,1,14,10,1011,-1,-1,-1,-1,-1,-1,7,0,0,0,0,0,5,0,1,1,9,41.86302752,-87.71761889
0,437356,-1,35,1,2,0,3,14,3,4,0,0,3,1,1,-1,1,6,0,1233,-1,-1,-1,-1,-1,-1,2,0,0,0,0,0,3,0,0,1,9,41.86653885,-87.68346453
0,437336,-1,30,1,2,0,3,14,1,4,0,0,0,1,1,-1,-1,21,4,1621,-1,-1,-1,-1,-1,-1,2,0,0,0,0,0,2,0,0,1,9,41.99736565,-87.76762043
0,437339,-1,30,1,2,0,3,0,5,4,0,0,-1,1,1,-1,-1,6,17,2535,-1,1,-1,-1,-1,-1,2,0,0,0,0,0,2,0,0,1,9,41.9028221,-87.72149315
1,437310,-1,30,1,2,0,3,14,2,4,0,0,0,1,1,-1,-1,0,0,1111,-1,-1,-1,-1,-1,-1,2,2,0,0,0,2,1,0,0,1,9,41.89545646,-87.72623054
0,438008,-1,30,1,2,0,3,0,5,-1,0,0,-1,1,-1,-1,-1,17,17,2223,-1,-1,-1,-1,-1,-1,2,0,0,0,0,0,2,0,0,1,9,41.73578527,-87.64375883
0,437755,1,35,2,2,-1,0,7,6,-1,0,0,0,0,-1,-1,1,20,0,523,-1,-1,-1,-1,-1,-1,2,0,0,0,0,0,1,0,0,1,9,41.67584293,-87.63717587
0,437585,0,25,0,0,0,0,7,6,1,0,0,0,0,-1,-1,1,0,0,2533,-1,-1,-1,-1,-1,-1,2,0,0,0,0,0,1,0,0,1,9,41.90602169,-87.75110452
0,437359,-1,30,1,2,0,3,14,5,2,0,0,0,0,1,-1,1,6,17,2524,-1,-1,-1,-1,-1,-1,2,0,0,0,0,0,4,0,0,1,9,41.92442023,-87.73642614
0,437334,-1,30,0,0,0,3,0,3,-1,0,0,0,0,1,1,1,17,0,1221,-1,-1,-1,-1,-1,-1,2,0,0,0,0,0,2,0,0,1,9,41.88876858,-87.67699414
0,437316,-1,20,0,0,0,0,10,5,-1,0,0,0,0,-1,-1,-1,11,18,1632,-1,-1,-1,-1,-1,-1,2,0,0,0,0,0,3,0,0,1,9,41.94890876,-87.80091798