MOST_SEVERE_INJURY,RD_NO,CRASH_DATE_EST_I,POSTED_SPEED_LIMIT,TRAFFIC_CONTROL_DEVICE,DEVICE_CONDITION,WEATHER_CONDITION,LIGHTING_CONDITION,FIRST_CRASH_TYPE,TRAFFICWAY_TYPE,LANE_CNT,ALIGNMENT,ROADWAY_SURFACE_COND,ROAD_DEFECT,CRASH_TYPE,INTERSECTION_RELATED_I,NOT_RIGHT_OF_WAY_I,HIT_AND_RUN_I,PRIM_CONTRIBUTORY_CAUSE,SEC_CONTRIBUTORY_CAUSE,BEAT_OF_OCCURRENCE,PHOTOS_TAKEN_I,STATEMENTS_TAKEN_I,DOORING_I,WORK_ZONE_I,WORK_ZONE_TYPE,WORKERS_PRESENT_I,NUM_UNITS,INJURIES_TOTAL,INJURIES_FATAL,INJURIES_INCAPACITATING,INJURIES_NON_INCAPACITATING,INJURIES_REPORTED_NOT_EVIDENT,INJURIES_NO_INDICATION,INJURIES_UNKNOWN,CRASH_HOUR,CRASH_DAY_OF_WEEK,CRASH_MONTH,LATITUDE,LONGITUDE
0,437315,-1,25,0,0,0,3,10,5,-1,0,0,0,0,-1,-1,-1,14,-1,1113,-1,-1,-1,-1,-1,-1,2,0,0,0,0,0,4,0,0,1,9,41.87693866,-87.74255267
2,437314,-1,30,0,0,0,3,10,6,2,0,0,-1,1,-1,-1,-1,16,18,1133,-1,-1,-1,-1,-1,-1,2,1,0,0,1,0,2,0,0,1,9,41.87362412,-87.72040656
0,437306,1,30,0,0,0,3,7,5,2,0,0,0,1,-1,-1,1,25,0,833,-1,-1,-1,-1,-1,-1,3,0,0,0,0,0,1,0,0,1,9,41.77113192,-87.73396902
0,437282,-1,30,0,0,0,3,5,5,2,0,0,12,1,-1,-1,-1,29,-1,1434,-1,-1,-1,-1,-1,-1,1,0,0,0,0,0,2,0,0,1,9,41.91752759,-87.68755598
0,437304,-1,20,1,2,0,0,10,2,2,0,0,0,0,1,-1,-1,18,-1,1031,-1,-1,-1,-1,-1,-1,2,0,0,0,0,0,2,0,0,1,9,41.84408949,-87.72955401
0,437298,-1,30,1,2,0,3,0,2,-1,0,0,0,1,1,-1,-1,6,-1,323,-1,-1,-1,-1,-1,-1,3,0,0,0,0,0,4,0,0,1,9,41.76539361,-87.62505048
0,437293,-1,30,0,0,0,3,3,5,2,2,0,-1,1,-1,-1,-1,16,-1,331,-1,-1,-1,-1,-1,-1,2,0,0,0,0,0,6,0,23,7,9,41.77870979,-87.57293989
0,437249,-1,30,1,2,0,3,0,2,4,0,0,0,0,1,-1,-1,6,16,935,-1,-1,-1,-1,-1,-1,2,0,0,0,0,0,4,0,23,7,9,41.79464193,-87.63192768
0,437255,-1,30,0,0,0,3,7,5,-1,0,0,-1,0,-1,-1,-1,11,16,1414,-1,-1,-1,-1,-1,-1,2,0,0,0,0,0,1,0,23,7,9,41.92468557,-87.69869573
2,440033,-1,15,0,0,0,3,9,7,99,0,0,0,1,-1,1,1,20,-1,131,-1,-1,-1,-1,-1,-1,2,1,0,0,1,0,1,0,23,7,9,41.86672435,-87.62596115
0,437252,-1,30,0,0,0,3,5,5,2,0,0,12,1,-1,-1,-1,29,-1,1434,-1,0,-1,-1,-1,-1,1,0,0,0,0,0,1,0,23,7,9,41.91752759,-87.68755598
2,437267,-1,25,0,0,0,0,7,6,1,0,0,0,1,-1,-1,1,0,0,831,-1,-1,-1,-1,-1,-1,2,1,0,0,1,0,1,0,23,7,9,41.76253378,-87.71207261
0,437274,-1,30,1,2,0,3,14,1,3,0,0,0,0,1,-1,-1,0,-1,623,-1,-1,-1,-1,-1,-1,2,0,0,0,0,0,3,0,23,7,9,41.75632698,-87.62474944
0,437271,-1,30,0,0,0,3,10,5,2,0,0,0,0,-1,-1,-1,18,18,414,-1,-1,-1,-1,-1,-1,2,0,0,0,0,0,3,0,23,7,9,41.75692392,-87.5799171
0,437245,-1,30,0,0,0,3,10,5,2,0,0,0,0,-1,-1,-1,18,-1,1924,-1,-1,-1,-1,-1,-1,2,0,0,0,0,0,3,0,23,7,9,41.94702611,-87.65981717
0,438323,-1,30,1,2,0,3,14,5,-1,0,0,-1,0,-1,-1,-1,17,17,1132,-1,-1,-1,-1,-1,-1,2,0,0,0,0,0,2,0,23,7,9,41.87342367,-87.72526498
0,437284,-1,30,0,0,0,3,7,2,2,0,0,0,0,-1,-1,1,0,0,1121,-1,-1,-1,-1,-1,-1,2,0,0,0,0,0,1,0,23,7,9,41.89193508,-87.71325026
0,437261,-1,30,0,0,0,3,10,5,-1,0,0,0,1,-1,-1,-1,18,18,2534,-1,-1,-1,-1,-1,-1,2,0,0,0,0,0,2,0,23,7,9,41.9044954,-87.726502
0,437275,-1,30,-1,-1,0,3,2,6,-1,0,0,-1,1,-1,-1,-1,0,0,1133,-1,-1,-1,-1,-1,-1,1,0,0,0,0,0,1,0,23,7,9,41.87459916,-87.71574091
0,437264,-1,25,2,2,0,3,7,6,1,0,0,-1,0,-1,-1,1,0,-1,511,1,-1,-1,-1,-1,-1,2,0,0,0,0,0,1,0,23,7,9,41.71972557,-87.61910591
0,439441,-1,30,0,0,0,3,7,6,-1,0,0,0,0,-1,-1,1,0,0,1513,-1,-1,-1,-1,-1,-1,2,0,0,0,0,0,1,0,23,7,9,41.88159919,-87.76640572
0,438669,1,30,0,0,0,-1,7,6,2,0,0,0,0,-1,-1,1,0,0,1124,-1,-1,-1,-1,-1,-1,2,0,0,0,0,0,1,0,23,7,9,41.87912539,-87.69811455
2,437243,-1,30,0,2,0,3,14,6,4,0,0,0,1,-1,-1,-1,22,-1,1834,-1,-1,-1,-1,-1,-1,3,1,0,0,1,0,4,0,23,7,9,41.89340183,-87.62683169
0,437233,-1,5,0,0,0,3,7,7,-1,0,0,0,0,-1,-1,-1,11,0,1834,-1,-1,-1,-1,-1,-1,2,0,0,0,0,0,1,0,23,7,9,41.89256144,-87.62010675
0,437230,-1,30,0,0,0,3,12,5,2,0,0,0,0,-1,-1,-1,0,0,2233,-1,-1,-1,-1,-1,-1,2,0,0,0,0,0,3,0,22,7,9,41.69494895,-87.64231341
0,437228,-1,40,0,0,0,3,12,3,4,0,0,0,0,-1,-1,1,21,25,114,-1,-1,-1,-1,-1,-1,2,0,0,0,0,0,2,0,22,7,9,41.87762311,-87.6173296
2,437206,-1,30,0,0,0,3,8,6,-1,0,0,0,1,-1,-1,1,10,21,1531,-1,-1,-1,-1,-1,-1,2,1,0,0,1,0,1,0,22,7,9,41.89705914,-87.75060829
0,437209,-1,30,0,0,0,3,7,5,4,0,0,0,0,-1,-1,-1,0,0,1214,-1,-1,-1,-1,-1,-1,2,0,0,0,0,0,1,0,22,7,9,41.89130556,-87.64680663
0,437256,-1,10,0,0,0,3,7,7,-1,0,0,0,0,-1,1,1,0,-1,1614,-1,-1,-1,-1,-1,-1,2,0,0,0,0,0,1,0,22,7,9,41.974665,-87.84534472
0,437223,-1,35,0,0,0,3,12,5,-1,0,0,0,0,-1,-1,-1,22,22,111,-1,-1,-1,-1,-1,-1,2,0,0,0,0,0,2,0,22,7,9,41.88679716,-87.62782577
0,437200,-1,30,0,0,0,3,12,3,2,0,0,0,0,-1,-1,-1,0,0,634,-1,-1,-1,-1,-1,-1,2,0,0,0,0,0,2,0,22,7,9,41.73614513,-87.62691784
0,437196,-1,30,0,0,0,3,7,6,1,0,0,0,1,-1,-1,-1,0,0,1931,-1,-1,-1,-1,-1,-1,3,0,0,0,0,0,1,0,22,7,9,41.93877542,-87.67790727
0,437963,-1,30,2,2,0,3,14,5,-1,0,0,0,0,1,-1,-1,17,6,111,-1,-1,-1,-1,-1,-1,2,0,0,0,0,0,2,0,22,7,9,41.88460914,-87.62470538
0,437156,-1,30,0,0,0,3,0,5,-1,0,0,0,0,-1,-1,-1,17,-1,1531,-1,-1,-1,-1,-1,-1,2,0,0,0,0,0,2,0,22,7,9,41.89489272,-87.74592702
0,437211,-1,35,1,2,0,3,14,2,-1,0,0,0,0,1,-1,1,6,-1,1631,-1,-1,-1,-1,-1,-1,2,0,0,0,0,0,2,0,22,7,9,41.9377531,-87.83621623
1,437185,-1,35,0,0,0,0,8,12,-1,0,0,0,1,-1,-1,-1,-1,-1,2522,-1,-1,1,-1,-1,-1,2,1,0,0,0,1,5,0,22,7,9,41.92293104,-87.74611948
0,437178,-1,35,1,2,0,3,10,2,-1,0,0,0,0,-1,-1,-1,18,-1,1623,-1,-1,-1,-1,-1,-1,3,0,0,0,0,0,4,0,22,7,9,41.96803912,-87.75561927
0,437204,-1,30,1,2,0,3,14,6,-1,0,0,0,0,1,-1,1,23,21,1832,-1,-1,-1,-1,-1,-1,2,0,0,0,0,0,3,0,21,7,9,41.89309952,-87.632561
-1,437151,-1,30,1,2,0,3,14,2,2,0,0,0,1,-1,-1,-1,23,0,722,-1,-1,-1,-1,-1,-1,-1,-1,-1,-1,-1,-1,-1,-1,21,7,9,41.77992652,-87.63197933
0,437173,-1,30,0,0,0,3,8,2,2,0,0,0,0,-1,-1,-1,1,-1,1624,-1,-1,-1,-1,-1,-1,2,0,0,0,0,0,5,0,21,7,9,41.95566911,-87.76693624
0,442218,-1,30,0,0,0,0,9,2,-1,0,0,0,0,-1,-1,-1,20,-1,131,-1,-1,-1,-1,-1,-1,2,0,0,0,0,0,2,0,21,7,9,41.86685766,-87.62756231
2,437234,1,30,2,2,0,3,10,5,2,0,0,0,1,1,-1,-1,18,0,2521,-1,-1,-1,-1,-1,-1,2,2,0,0,2,0,0,0,21,7,9,41.92592179,-87.75606582
3,437143,-1,30,0,0,0,3,10,5,3,0,0,0,1,-1,-1,-1,18,-1,1232,-1,-1,-1,-1,-1,-1,2,2,0,1,1,0,0,0,21,7,9,41.86713421,-87.64423752
0,437155,-1,30,0,0,0,3,14,5,2,0,0,0,0,-1,-1,1,0,0,1412,-1,-1,-1,-1,-1,-1,2,0,0,0,0,0,2,0,21,7,9,41.93185278,-87.71290125
2,437141,-1,30,1,2,0,3,12,5,-1,0,0,4,1,1,-1,1,14,11,2534,-1,-1,-1,-1,-1,-1,4,2,0,0,2,0,3,0,21,7,9,41.90999558,-87.72639469
0,437559,-1,30,0,0,0,-1,7,5,1,0,0,0,0,-1,-1,1,21,0,1612,-1,-1,-1,-1,-1,-1,2,0,0,0,0,0,1,0,21,7,9,42.0004928,-87.81327473
0,437142,-1,35,1,2,0,3,12,1,5,0,0,0,0,-1,-1,-1,22,21,822,-1,-1,-1,-1,-1,-1,2,0,0,0,0,0,2,0,21,7,9,41.78953312,-87.72291385
0,437150,-1,25,2,2,0,3,10,6,-1,0,0,0,0,-1,-1,1,18,18,1723,-1,-1,-1,-1,-1,-1,2,0,0,0,0,0,2,0,21,7,9,41.9609523,-87.72033792
2,437184,-1,30,1,2,0,3,10,3,3,0,0,0,1,-1,-1,1,16,-1,935,-1,-1,-1,-1,-1,-1,2,4,0,0,3,1,1,0,21,7,9,41.79464267,-87.63177187
0,437104,-1,30,1,2,0,3,14,5,2,0,0,0,0,1,-1,-1,0,0,1113,-1,-1,-1,-1,-1,-1,2,0,0,0,0,0,4,0,21,7,9,41.87707459,-87.73547397
2,437127,-1,30,2,0,0,0,14,5,2,0,0,-1,1,-1,-1,-1,17,-1,2513,-1,-1,-1,-1,-1,-1,2,1,0,0,1,0,2,0,21,7,9,41.91104706,-87.78521036
0,440661,-1,30,0,0,0,3,7,5,-1,0,0,0,0,-1,-1,-1,16,-1,1121,-1,-1,-1,-1,-1,-1,2,0,0,0,0,0,3,0,21,7,9,41.90016333,-87.71182119
-1,437262,-1,30,0,0,0,3,7,6,1,0,0,0,1,-1,-1,1,19,27,923,-1,-1,-1,-1,-1,-1,2,-1,-1,-1,-1,-1,-1,-1,21,7,9,41.79558972,-87.69589435
0,437162,-1,30,0,0,0,3,7,2,4,0,0,0,0,-1,-1,1,0,-1,1713,-1,-1,-1,-1,-1,-1,2,0,0,0,0,0,1,0,21,7,9,41.9731926,-87.71334969
0,437107,-1,25,2,0,0,0,11,5,2,0,0,-1,0,-1,-1,-1,22,22,2514,-1,-1,-1,-1,-1,-1,2,0,0,0,0,0,2,0,21,7,9,41.93634639,-87.76627386
0,437131,-1,20,0,0,0,3,7,5,2,0,0,0,0,-1,-1,1,32,25,622,-1,-1,-1,-1,-1,-1,2,0,0,0,0,0,1,0,20,7,9,41.74095415,-87.63846828
2,437100,-1,30,2,2,0,3,0,12,3,0,0,0,1,1,-1,-1,0,-1,215,-1,1,-1,-1,-1,-1,2,1,0,0,1,0,1,0,20,7,9,41.81100705,-87.62302911
0,437198,-1,30,0,0,0,3,9,5,2,0,0,0,0,-1,-1,1,0,0,1221,-1,-1,-1,-1,-1,-1,2,0,0,0,0,0,5,0,20,7,9,41.89580312,-87.67698748
0,440564,-1,30,0,0,0,3,7,5,2,0,0,0,0,-1,-1,-1,21,-1,211,-1,-1,-1,-1,-1,-1,2,0,0,0,0,0,1,0,20,7,9,41.83484292,-87.61339001
0,437136,-1,30,0,0,0,3,7,5,2,0,0,-1,0,-1,-1,1,0,0,811,-1,-1,-1,-1,-1,-1,2,0,0,0,0,0,1,0,20,7,9,41.7959176,-87.78307581
0,437113,-1,30,0,0,0,3,12,6,2,0,0,0,0,-1,-1,1,14,22,2223,-1,-1,-1,-1,-1,-1,2,0,0,0,0,0,2,0,20,7,9,41.71500449,-87.64297501
0,437101,1,30,0,0,0,3,7,2,2,0,0,0,0,-1,-1,-1,0,-1,1024,-1,-1,-1,-1,-1,-1,2,0,0,0,0,0,1,0,20,7,9,41.85178514,-87.71384277
0,437171,-1,35,0,0,0,4,2,5,-1,0,0,0,1,-1,-1,-1,-1,-1,1924,-1,-1,-1,-1,-1,-1,1,0,0,0,0,0,1,0,20,7,9,41.93992587,-87.66025188
2,437285,1,30,1,2,0,3,8,5,2,0,0,0,1,-1,-1,-1,0,-1,1824,-1,-1,-1,-1,-1,-1,2,1,0,0,1,0,1,0,20,7,9,41.90369817,-87.63432661
0,437140,-1,30,1,2,0,3,0,5,-1,0,0,0,0,1,-1,-1,33,-1,1812,-1,-1,-1,-1,-1,-1,2,0,0,0,0,0,2,0,20,7,9,41.92199843,-87.63845794
2,437133,-1,30,3,2,0,3,2,2,2,0,0,0,1,-1,1,-1,16,14,1612,-1,1,-1,-1,-1,-1,1,1,0,0,1,0,1,0,20,7,9,41.99074507,-87.80671757
0,442573,-1,30,0,0,0,0,7,7,-1,0,0,0,0,-1,1,-1,0,0,1131,-1,-1,-1,-1,-1,-1,2,0,0,0,0,0,2,0,20,7,9,41.87049666,-87.74475426
0,437121,-1,30,2,2,0,3,0,6,1,0,0,-1,0,1,-1,-1,17,-1,614,-1,-1,-1,-1,-1,-1,2,0,0,0,0,0,2,0,20,7,9,41.74294775,-87.6658281
0,437074,-1,30,0,0,0,3,10,12,4,0,0,0,0,-1,-1,-1,18,11,835,-1,-1,-1,-1,-1,-1,2,0,0,0,0,0,4,0,20,7,9,41.74463186,-87.68286432
0,450711,-1,30,0,0,0,3,10,5,-1,0,0,0,0,-1,-1,-1,0,0,1234,-1,-1,-1,-1,-1,-1,2,0,0,0,0,0,3,0,20,7,9,41.85685802,-87.67122294
2,437415,-1,35,-1,-1,0,3,10,5,2,0,0,-1,1,-1,-1,1,18,18,1523,-1,-1,-1,-1,-1,-1,2,1,0,0,1,0,2,0,20,7,9,41.88783856,-87.76502762
0,437167,-1,30,0,-1,0,-1,7,5,2,0,-1,-1,0,-1,-1,1,0,0,1733,-1,-1,-1,-1,-1,-1,2,0,0,0,0,0,1,0,20,7,9,41.94094351,-87.70476704
0,437091,0,30,0,0,0,3,10,7,0,0,0,0,0,-1,-1,-1,-1,-1,834,-1,-1,-1,-1,-1,-1,2,0,0,0,0,0,2,0,20,7,9,41.74406099,-87.70238054
0,437075,-1,30,1,2,0,3,10,5,4,0,0,0,0,1,-1,-1,18,16,2532,-1,-1,-1,-1,-1,-1,2,0,0,0,0,0,3,0,20,7,9,41.90961037,-87.75585228
0,437041,-1,30,0,-1,0,4,10,2,2,0,0,0,0,-1,-1,-1,0,0,1234,-1,-1,-1,-1,-1,-1,2,0,0,0,0,0,5,0,19,7,9,41.85776885,-87.67614444
0,437054,-1,30,1,2,0,3,0,6,2,0,0,0,0,1,-1,-1,6,-1,122,-1,-1,-1,-1,-1,-1,2,0,0,0,0,0,2,0,19,7,9,41.88332051,-87.63098191
0,438107,-1,35,0,0,0,0,2,0,-1,0,0,0,0,-1,-1,-1,12,-1,532,-1,-1,-1,-1,-1,-1,1,0,0,0,0,0,1,0,19,7,9,41.66587508,-87.61751565
0,437076,-1,35,1,2,0,3,0,5,1,0,0,0,0,-1,-1,-1,23,0,821,-1,-1,-1,-1,-1,-1,2,0,0,0,0,0,3,0,19,7,9,41.80799887,-87.72293059
0,437052,-1,35,1,2,0,1,2,1,4,0,0,1,0,1,-1,-1,28,0,623,-1,-1,-1,-1,-1,-1,1,0,0,0,0,0,1,0,19,7,9,41.75632001,-87.62647558
1,437047,-1,30,1,2,0,3,10,5,2,0,0,0,1,1,-1,1,18,0,2411,-1,-1,-1,-1,-1,-1,2,1,0,0,0,1,2,0,19,7,9,42.01212839,-87.69220233
1,437039,-1,30,0,0,0,3,9,2,4,0,0,0,1,-1,-1,-1,0,-1,1131,-1,-1,-1,-1,-1,-1,2,1,0,0,0,1,1,0,19,7,9,41.87595151,-87.74495664
0,437033,-1,30,0,0,0,3,7,2,2,0,0,0,1,-1,-1,1,0,0,1722,-1,-1,-1,-1,-1,-1,2,0,0,0,0,0,1,0,19,7,9,41.96812388,-87.72876994
0,437018,-1,35,0,0,0,1,10,2,4,0,0,-1,1,-1,-1,-1,18,-1,1134,-1,-1,-1,-1,-1,-1,2,0,0,0,0,0,2,0,19,7,9,41.87311168,-87.71062024
0,436987,-1,30,1,2,0,4,8,12,-1,0,0,0,0,1,-1,-1,-1,-1,631,-1,-1,-1,-1,-1,-1,2,0,0,0,0,0,2,0,19,7,9,41.74736947,-87.61501478
0,459354,-1,30,0,0,0,4,7,7,-1,0,0,0,0,-1,-1,-1,0,0,925,-1,-1,-1,-1,-1,-1,2,0,0,0,0,0,1,0,19,7,9,41.80962977,-87.64570757
0,437019,-1,30,0,0,0,1,12,7,-1,0,0,0,0,-1,-1,1,17,22,1033,-1,-1,-1,-1,-1,-1,2,0,0,0,0,0,2,0,19,7,9,41.84420224,-87.70488699
2,437159,-1,30,0,0,0,3,10,2,2,0,0,0,1,-1,-1,-1,18,7,1631,-1,-1,-1,-1,-1,-1,2,1,0,0,1,0,2,0,18,7,9,41.94898738,-87.80728418
0,437032,-1,30,0,0,0,3,7,0,1,0,0,0,0,-1,-1,-1,20,-1,1233,-1,-1,-1,-1,-1,-1,2,0,0,0,0,0,1,0,18,7,9,41.85738499,-87.66360293
0,437224,-1,30,1,2,0,1,10,5,1,0,0,0,0,-1,-1,-1,16,0,1925,-1,-1,-1,-1,-1,-1,2,0,0,0,0,0,2,0,18,7,9,41.9433564,-87.64034486
0,436972,-1,35,1,2,0,1,0,5,2,0,0,0,1,1,-1,-1,0,0,1131,-1,-1,-1,-1,-1,-1,3,0,0,0,0,0,3,0,18,7,9,41.87691824,-87.73549477
0,437144,-1,30,0,0,0,1,0,7,2,0,0,0,0,-1,-1,-1,-1,-1,915,-1,-1,-1,-1,-1,-1,2,0,0,0,0,0,2,0,18,7,9,41.83208495,-87.63868154
0,437008,-1,30,0,0,0,1,12,6,-1,0,0,-1,0,-1,-1,-1,22,14,323,-1,-1,-1,-1,-1,-1,2,0,0,0,0,0,4,0,18,7,9,41.76054197,-87.62465906
0,436956,-1,20,1,2,0,2,10,5,-1,0,0,0,0,1,-1,-1,18,0,1121,-1,-1,-1,-1,-1,-1,2,0,0,0,0,0,2,0,18,7,9,41.89917749,-87.71170411
0,436965,-1,30,-1,-1,0,4,12,2,2,0,-1,-1,0,-1,-1,1,0,0,2524,-1,-1,-1,-1,-1,-1,2,0,0,0,0,0,2,0,18,7,9,41.93158322,-87.73440337
0,436959,-1,0,0,0,0,1,2,7,-1,0,0,0,0,-1,1,-1,11,0,234,-1,-1,-1,-1,-1,-1,1,0,0,0,0,0,2,0,18,7,9,41.79962731,-87.59120015
0,437009,-1,30,0,0,0,1,12,5,-1,0,0,0,0,-1,-1,-1,17,-1,1925,-1,-1,-1,-1,-1,-1,2,0,0,0,0,0,2,0,18,7,9,41.94195669,-87.64603241
0,436953,-1,30,1,2,0,1,14,5,-1,0,0,0,0,1,-1,-1,17,-1,1712,-1,-1,-1,-1,-1,-1,2,0,0,0,0,0,2,0,18,7,9,41.98289768,-87.71380018
0,436948,-1,30,1,2,0,1,14,2,4,0,0,0,1,1,-1,-1,17,17,731,-1,-1,-1,-1,-1,-1,2,0,0,0,0,0,2,0,18,7,9,41.76539859,-87.6266955
0,436944,-1,30,1,2,0,1,10,5,2,0,0,0,0,-1,-1,-1,0,0,1522,-1,-1,-1,-1,-1,-1,2,0,0,0,0,0,2,0,18,7,9,41.88048075,-87.75513043
0,436951,-1,30,0,0,0,2,7,5,2,0,0,0,0,-1,-1,0,0,-1,1232,-1,-1,-1,-1,-1,-1,2,0,0,0,0,0,1,0,18,7,9,41.86181938,-87.65103925
2,436915,-1,30,1,2,0,1,14,5,-1,0,0,0,1,1,-1,-1,11,25,1114,-1,-1,-1,-1,-1,-1,2,1,0,0,1,0,1,0,18,7,9,41.8821223,-87.72828358
0,436978,-1,35,1,2,0,2,12,5,2,0,0,-1,0,1,-1,-1,22,15,1121,-1,-1,-1,-1,-1,-1,2,0,0,0,0,0,2,0,18,7,9,41.89922862,-87.70864595
0,437024,-1,30,0,0,0,1,7,2,2,0,0,-1,0,-1,-1,1,22,0,1915,-1,-1,-1,-1,-1,-1,2,0,0,0,0,0,2,0,18,7,9,41.95450109,-87.66147987
1,436966,-1,45,3,2,0,1,10,3,2,0,0,0,1,-1,-1,-1,16,-1,1654,-1,-1,-1,-1,-1,-1,3,1,0,0,0,1,4,0,18,7,9,-1,-1
0,436954,-1,30,0,0,0,1,10,5,-1,0,0,0,0,-1,-1,-1,0,0,1924,-1,-1,-1,-1,-1,-1,2,0,0,0,0,0,2,0,18,7,9,41.94372269,-87.64952501
0,436967,-1,30,2,2,0,1,0,5,3,0,0,0,0,1,-1,-1,17,0,232,-1,-1,-1,-1,-1,-1,2,0,0,0,0,0,4,0,18,7,9,41.78914772,-87.62247236
0,436912,-1,30,2,2,0,1,10,5,2,5,0,-1,0,-1,-1,-1,32,0,1123,-1,-1,-1,-1,-1,-1,2,0,0,0,0,0,4,0,18,7,9,41.88434939,-87.71647362
0,438078,-1,30,0,0,0,1,10,5,-1,0,0,0,0,-1,-1,-1,0,0,621,-1,-1,-1,-1,-1,-1,2,0,0,0,0,0,2,0,18,7,9,41.75605025,-87.63914871
0,437666,-1,30,0,0,0,1,2,7,-1,0,0,0,0,-1,-1,-1,0,0,1824,-1,-1,-1,-1,-1,-1,1,0,0,0,0,0,1,0,18,7,9,41.90088193,-87.62817435
0,436933,-1,30,0,0,0,1,12,6,2,0,0,0,0,1,-1,-1,0,-1,124,-1,-1,-1,-1,-1,-1,2,0,0,0,0,0,2,0,18,7,9,41.87196995,-87.64102219
0,436919,1,30,2,0,-1,-1,7,12,1,0,-1,4,0,-1,-1,1,16,0,624,-1,-1,-1,-1,-1,-1,2,0,0,0,0,0,1,0,18,7,9,41.7495453,-87.60646444
0,436913,-1,10,0,0,0,1,0,7,-1,0,0,0,0,-1,-1,-1,11,20,813,-1,-1,-1,-1,-1,-1,2,0,0,0,0,0,2,0,18,7,9,41.77794441,-87.74213056
0,436916,-1,25,0,0,0,4,7,6,2,0,0,0,0,-1,-1,-1,11,-1,1423,-1,-1,-1,-1,-1,-1,2,0,0,0,0,0,6,0,17,7,9,41.90579684,-87.69436415
0,436929,1,20,0,0,0,1,7,6,-1,0,0,0,0,-1,-1,1,0,-1,2523,-1,-1,-1,-1,-1,-1,5,0,0,0,0,0,1,0,17,7,9,41.93621752,-87.72928859
0,436904,-1,30,0,0,0,1,12,12,4,0,0,0,0,-1,-1,-1,33,0,825,-1,-1,-1,-1,-1,-1,2,0,0,0,0,0,2,0,17,7,9,41.77912348,-87.6837831
0,436897,-1,30,0,0,0,1,10,2,4,0,0,0,0,-1,-1,-1,18,-1,1224,-1,-1,-1,-1,-1,-1,2,0,0,0,0,0,5,0,17,7,9,41.88175972,-87.66558327
0,437572,1,30,0,0,0,1,7,6,1,0,0,0,0,-1,-1,1,0,-1,1634,-1,-1,-1,-1,-1,-1,2,0,0,0,0,0,1,0,17,7,9,41.94498278,-87.75730151
0,436894,-1,30,0,0,0,1,10,2,4,0,0,0,0,-1,-1,-1,0,0,1624,-1,-1,-1,-1,-1,-1,2,0,0,0,0,0,2,0,17,7,9,41.96061186,-87.7475936
0,437684,-1,30,0,0,0,-1,7,5,2,0,0,0,0,-1,-1,1,0,-1,222,-1,-1,-1,-1,-1,-1,2,0,0,0,0,0,1,0,17,7,9,41.80349863,-87.59686933
0,436986,-1,30,1,2,0,1,14,12,4,0,0,0,0,1,-1,-1,33,0,834,-1,-1,-1,-1,-1,-1,2,0,0,0,0,0,2,0,17,7,9,41.73469658,-87.74090368
0,436963,-1,15,1,2,0,1,10,8,4,5,0,0,0,-1,-1,-1,0,18,813,-1,-1,-1,-1,-1,-1,2,0,0,0,0,0,2,0,17,7,9,41.78932932,-87.74164564
0,436945,-1,30,0,0,0,1,14,12,4,0,0,0,0,-1,-1,-1,22,11,811,-1,-1,-1,-1,-1,-1,2,0,0,0,0,0,2,0,17,7,9,41.79188685,-87.79874919
0,436891,-1,30,1,2,0,1,12,5,-1,0,0,0,0,-1,-1,-1,22,16,2512,-1,-1,-1,-1,-1,-1,2,0,0,0,0,0,2,0,17,7,9,41.91814937,-87.78512917
0,450717,-1,30,0,0,0,1,10,3,-1,0,0,0,0,-1,-1,1,0,-1,412,-1,-1,-1,-1,-1,-1,2,0,0,0,0,0,2,0,17,7,9,41.7390736,-87.56809602
0,436895,-1,30,2,2,0,1,10,5,-1,0,0,0,0,-1,-1,-1,18,-1,1611,-1,-1,-1,-1,-1,-1,3,0,0,0,0,0,3,0,17,7,9,41.99746141,-87.78785825
0,436882,-1,35,1,2,0,1,14,2,2,0,0,-1,0,1,-1,-1,22,21,2531,-1,-1,-1,-1,-1,-1,2,0,0,0,0,0,2,0,17,7,9,41.90955201,-87.76581174
2,436907,-1,30,0,0,0,1,0,2,4,0,0,0,1,1,-1,-1,17,17,132,-1,-1,-1,-1,-1,-1,2,1,0,0,1,0,1,0,17,7,9,41.85423551,-87.62239968
0,443997,-1,30,0,0,0,1,0,7,-1,0,0,0,0,-1,-1,-1,17,-1,2534,-1,-1,-1,-1,-1,-1,2,0,0,0,0,0,2,0,17,7,9,41.91693929,-87.73594733
0,438459,1,5,0,0,0,-1,7,7,-1,0,0,0,0,-1,-1,0,0,0,312,-1,-1,-1,-1,-1,-1,2,0,0,0,0,0,1,0,17,7,9,41.7797573,-87.60576963
0,436842,-1,35,1,2,0,1,10,2,-1,0,0,0,1,-1,-1,-1,18,18,2411,-1,-1,-1,-1,-1,-1,2,0,0,0,0,0,2,0,17,7,9,42.01941468,-87.69043609
0,436823,-1,30,0,0,0,1,12,5,-1,0,0,0,1,-1,-1,-1,0,0,2013,-1,-1,-1,-1,-1,-1,2,0,0,0,0,0,2,0,16,7,9,41.98366061,-87.66476342
0,437029,-1,30,2,2,0,1,10,2,2,0,0,0,0,1,-1,-1,0,-1,2411,-1,-1,-1,-1,-1,-1,2,0,0,0,0,0,2,0,16,7,9,42.00521326,-87.68580647