MOST_SEVERE_INJURY,RD_NO,CRASH_DATE_EST_I,POSTED_SPEED_LIMIT,TRAFFIC_CONTROL_DEVICE,DEVICE_CONDITION,WEATHER_CONDITION,LIGHTING_CONDITION,FIRST_CRASH_TYPE,TRAFFICWAY_TYPE,LANE_CNT,ALIGNMENT,ROADWAY_SURFACE_COND,ROAD_DEFECT,CRASH_TYPE,INTERSECTION_RELATED_I,NOT_RIGHT_OF_WAY_I,HIT_AND_RUN_I,PRIM_CONTRIBUTORY_CAUSE,SEC_CONTRIBUTORY_CAUSE,BEAT_OF_OCCURRENCE,PHOTOS_TAKEN_I,STATEMENTS_TAKEN_I,DOORING_I,WORK_ZONE_I,WORK_ZONE_TYPE,WORKERS_PRESENT_I,NUM_UNITS,INJURIES_TOTAL,INJURIES_FATAL,INJURIES_INCAPACITATING,INJURIES_NON_INCAPACITATING,INJURIES_REPORTED_NOT_EVIDENT,INJURIES_NO_INDICATION,INJURIES_UNKNOWN,CRASH_HOUR,CRASH_DAY_OF_WEEK,CRASH_MONTH,LATITUDE,LONGITUDE
0,436845,-1,30,2,1,0,1,14,5,2,0,0,0,1,1,-1,-1,0,0,1233,-1,-1,-1,-1,-1,-1,2,0,0,0,0,0,2,0,16,7,9,41.8648905,-87.67634267
0,436837,-1,30,1,2,0,1,0,6,1,0,0,0,0,1,-1,-1,6,11,813,-1,-1,-1,-1,-1,-1,2,0,0,0,0,0,2,0,16,7,9,41.77488737,-87.74223452
2,436815,-1,30,0,0,0,1,0,5,-1,0,0,0,1,-1,-1,1,0,0,715,-1,-1,-1,-1,-1,-1,2,1,0,0,1,0,1,0,16,7,9,41.79022342,-87.67069877
0,436867,-1,30,0,0,0,1,12,5,-1,0,0,0,0,-1,-1,-1,0,0,1833,-1,-1,-1,-1,-1,-1,2,0,0,0,0,0,2,0,16,7,9,41.89683927,-87.6168843
0,436850,-1,30,0,0,0,1,10,5,3,0,0,-1,0,-1,-1,-1,0,0,411,-1,-1,-1,-1,-1,-1,2,0,0,0,0,0,2,0,16,7,9,41.7514606,-87.58597199
0,436840,-1,30,0,0,0,1,8,6,1,0,0,0,0,-1,-1,-1,17,-1,2422,-1,-1,-1,-1,-1,-1,2,0,0,0,0,0,3,0,16,7,9,42.01619808,-87.66591206
0,437936,1,20,0,0,0,1,14,5,2,0,0,0,0,-1,-1,-1,22,-1,2524,-1,-1,-1,-1,-1,-1,2,0,0,0,0,0,2,0,16,7,9,41.92506501,-87.73646601
0,436900,-1,25,2,2,0,1,7,6,1,0,0,0,0,-1,-1,1,16,25,631,-1,-1,-1,-1,-1,-1,2,0,0,0,0,0,1,0,16,7,9,41.74932583,-87.60645696
0,436854,-1,15,0,0,0,1,14,7,2,0,0,0,0,-1,-1,1,0,0,815,-1,-1,-1,-1,-1,-1,2,0,0,0,0,0,6,0,16,7,9,41.79828531,-87.74276777
0,437064,-1,30,1,2,0,1,0,2,4,0,0,0,0,-1,-1,0,17,0,815,-1,-1,-1,-1,-1,-1,2,0,0,0,0,0,2,0,16,7,9,41.793309,-87.7235914
0,436822,-1,30,1,-1,0,1,10,5,-1,0,0,-1,0,1,-1,-1,-1,-1,235,-1,-1,-1,-1,-1,-1,2,0,0,0,0,0,2,0,16,7,9,41.79354667,-87.58256509
0,439749,-1,30,0,0,0,1,0,5,4,0,0,-1,1,-1,-1,-1,17,-1,2524,-1,-1,-1,-1,-1,-1,2,0,0,0,0,0,2,0,16,7,9,41.9244812,-87.73603637
0,436870,-1,30,2,2,0,1,10,5,2,0,0,0,0,-1,-1,-1,18,11,812,-1,-1,-1,-1,-1,-1,2,0,0,0,0,0,3,0,16,7,9,41.78327224,-87.7718487
0,436807,-1,30,0,0,0,1,14,5,5,0,0,0,0,1,-1,-1,23,-1,2411,-1,-1,-1,-1,-1,-1,2,0,0,0,0,0,2,0,16,7,9,42.0190689,-87.69003206
0,436791,-1,30,1,2,0,1,10,2,-1,0,0,0,0,1,-1,1,18,-1,1814,-1,-1,-1,-1,-1,-1,2,0,0,0,0,0,2,0,16,7,9,41.91122467,-87.63856779
2,438031,-1,30,2,2,0,1,0,2,4,0,0,-1,1,1,-1,1,5,17,1134,-1,-1,-1,-1,-1,-1,2,3,0,0,3,0,2,0,16,7,9,41.8665317,-87.70438453
0,436808,1,30,0,0,0,-1,7,5,2,0,0,-1,0,-1,-1,1,0,0,1914,-1,-1,-1,-1,-1,-1,2,0,0,0,0,0,1,0,16,7,9,41.96520224,-87.6501581
0,436797,-1,30,0,0,0,1,0,2,2,0,0,0,1,1,-1,-1,16,17,1622,-1,-1,-1,-1,-1,-1,2,0,0,0,0,0,3,0,16,7,9,41.96035488,-87.77838904
0,436793,-1,35,0,0,0,1,7,2,4,0,0,-1,0,-1,-1,1,0,0,1214,-1,-1,-1,-1,-1,-1,2,0,0,0,0,0,1,0,16,7,9,41.89122719,-87.65378479
0,436887,-1,30,1,2,0,1,10,5,-1,0,0,0,1,1,-1,-1,18,16,1131,-1,-1,-1,-1,-1,-1,2,0,0,0,0,0,2,0,15,7,9,41.87310015,-87.74485023
2,436743,-1,35,1,2,0,1,9,2,2,0,0,0,1,-1,-1,-1,17,-1,1434,-1,-1,-1,-1,-1,-1,2,1,0,0,1,0,1,0,15,7,9,41.91752759,-87.68755598
0,436848,-1,35,-1,0,0,1,7,5,2,0,0,-1,0,-1,-1,1,0,-1,121,-1,-1,-1,-1,-1,-1,2,0,0,0,0,0,1,0,15,7,9,41.88559429,-87.642526
0,437138,-1,30,0,0,0,1,12,6,-1,0,0,0,0,-1,-1,-1,0,0,114,-1,-1,-1,-1,-1,-1,2,0,0,0,0,0,5,0,15,7,9,41.8819523,-87.62421468
2,436799,-1,30,-1,-1,0,1,9,3,-1,0,-1,-1,1,1,-1,1,0,0,213,-1,-1,-1,-1,-1,-1,2,1,0,0,1,0,1,0,15,7,9,41.82915796,-87.62666602
0,436786,-1,35,0,0,0,1,7,5,4,0,0,0,1,-1,1,-1,0,0,225,-1,-1,-1,-1,-1,-1,1,0,0,0,0,0,1,0,15,7,9,41.79394478,-87.62421595
0,436747,-1,30,0,0,0,1,10,5,-1,0,0,0,0,-1,-1,-1,18,16,1524,-1,-1,-1,-1,-1,-1,2,0,0,0,0,0,2,0,15,7,9,41.89866297,-87.75950018
0,440691,-1,30,1,2,0,1,12,5,-1,0,0,0,0,-1,-1,1,0,-1,1611,-1,-1,-1,-1,-1,-1,2,0,0,0,0,0,2,0,15,7,9,41.99689492,-87.79867755
0,436761,-1,30,0,0,0,1,10,2,2,0,0,0,0,-1,-1,-1,18,11,825,-1,-1,-1,-1,-1,-1,3,0,0,0,0,0,3,0,15,7,9,41.77923236,-87.69299833
0,436803,-1,30,0,12,0,1,10,7,1,0,0,-1,0,-1,1,-1,20,-1,413,-1,-1,-1,-1,-1,-1,2,0,0,0,0,0,2,0,15,7,9,41.72243948,-87.58618584
0,436789,-1,30,0,0,0,1,14,5,6,0,0,0,0,-1,-1,-1,0,0,835,-1,-1,-1,-1,-1,-1,2,0,0,0,0,0,2,0,15,7,9,41.76096182,-87.68329468
0,436767,-1,30,0,0,0,1,10,7,-1,0,0,0,0,-1,1,-1,20,20,1032,-1,-1,-1,-1,-1,-1,2,0,0,0,0,0,2,0,15,7,9,41.83637221,-87.71222309
2,436750,-1,30,0,0,0,1,8,5,2,0,0,0,1,-1,-1,-1,17,17,1632,-1,-1,-1,-1,-1,-1,2,1,0,0,1,0,1,0,15,7,9,41.93812489,-87.80537987
3,436721,-1,30,1,2,0,1,9,2,-1,0,0,0,1,1,-1,1,0,-1,725,-1,-1,-1,-1,-1,-1,2,1,0,1,0,0,1,0,15,7,9,41.77937594,-87.66407209
0,437901,0,30,0,0,0,1,7,6,1,0,0,0,0,-1,-1,1,0,-1,1215,-1,-1,-1,-1,-1,-1,2,0,0,0,0,0,1,0,15,7,9,41.89527241,-87.66686052
0,437835,-1,30,2,2,0,1,0,3,-1,0,0,0,0,1,-1,-1,0,-1,324,-1,-1,-1,-1,-1,-1,2,0,0,0,0,0,3,0,15,7,9,41.75979208,-87.58564719
0,436922,-1,30,0,0,0,1,14,5,-1,0,0,0,0,-1,-1,-1,23,0,833,-1,-1,-1,-1,-1,-1,2,0,0,0,0,0,2,0,15,7,9,41.7710904,-87.72271477
3,436802,-1,30,2,2,0,1,0,5,-1,0,0,0,1,-1,-1,-1,17,5,2522,-1,-1,-1,-1,-1,-1,2,1,0,1,0,0,1,0,15,7,9,41.91719617,-87.73273242
0,436766,-1,30,0,0,0,1,12,5,-1,0,0,0,0,-1,-1,-1,17,0,1231,-1,-1,-1,-1,-1,-1,2,0,0,0,0,0,2,0,15,7,9,41.86696163,-87.66142539
1,436731,-1,30,0,0,0,1,8,5,-1,0,0,0,1,-1,-1,-1,0,0,1232,-1,-1,1,-1,-1,-1,2,1,0,0,0,1,1,0,15,7,9,41.87593248,-87.6536349
0,436778,-1,30,1,2,0,1,12,5,-1,0,0,0,0,-1,-1,1,0,0,114,-1,-1,-1,-1,-1,-1,2,0,0,0,0,0,2,0,14,7,9,41.87566342,-87.62067603
0,436739,-1,30,1,2,0,1,14,5,4,0,0,0,1,1,-1,-1,17,-1,2533,-1,-1,-1,-1,-1,-1,2,0,0,0,0,0,2,0,14,7,9,41.90969418,-87.74929565
0,436728,-1,30,1,2,0,1,12,2,2,0,0,0,0,1,-1,-1,0,-1,431,-1,-1,-1,-1,-1,-1,2,0,0,0,0,0,3,0,14,7,9,41.72226223,-87.57520427
0,436705,-1,30,0,0,0,1,5,5,-1,0,-1,-1,0,-1,-1,-1,0,-1,922,-1,-1,-1,-1,-1,-1,1,0,0,0,0,0,1,0,14,7,9,41.80854059,-87.68489713
2,436704,-1,35,0,0,0,1,9,5,4,0,0,0,1,-1,-1,1,0,0,2431,-1,-1,-1,-1,-1,-1,2,1,0,0,1,0,1,0,14,7,9,42.00890833,-87.66184727
0,436663,-1,30,0,0,0,1,12,5,2,0,0,0,1,-1,-1,-1,17,16,1024,-1,-1,-1,-1,-1,-1,2,0,0,0,0,0,2,0,14,7,9,41.85280904,-87.70786667
0,447743,-1,35,2,2,0,1,0,2,6,0,0,0,0,1,-1,-1,17,27,412,-1,-1,-1,-1,-1,-1,2,0,0,0,0,0,2,0,14,7,9,41.7423299,-87.58591564
1,436696,-1,30,0,0,0,1,10,2,-1,0,0,0,1,-1,-1,-1,0,0,2512,-1,-1,-1,-1,-1,-1,2,1,0,0,0,1,1,0,14,7,9,41.93076091,-87.79644339
3,436677,-1,40,0,0,0,1,12,3,10,5,0,0,1,-1,-1,-1,0,0,211,-1,-1,-1,-1,-1,-1,3,3,0,2,1,0,1,0,14,7,9,41.83841192,-87.60843282
0,436644,-1,30,2,2,0,1,14,5,4,0,0,0,1,-1,-1,-1,0,-1,532,-1,-1,-1,-1,-1,-1,2,0,0,0,0,0,2,0,14,7,9,41.68568363,-87.60346623
0,437721,-1,30,0,0,0,1,12,2,-1,0,0,0,0,-1,-1,-1,0,-1,413,-1,-1,-1,-1,-1,-1,3,0,0,0,0,0,3,0,14,7,9,41.72370641,-87.58529426
0,436699,-1,30,1,2,0,1,14,2,4,0,0,-1,0,1,-1,-1,23,16,1925,-1,-1,-1,-1,-1,-1,2,0,0,0,0,0,3,0,14,7,9,41.95476559,-87.6445452
0,436691,-1,30,1,2,0,1,10,5,4,0,0,0,0,-1,-1,-1,18,-1,1224,-1,-1,-1,-1,-1,-1,2,0,0,0,0,0,2,0,14,7,9,41.88282695,-87.66448651
0,436690,-1,30,0,0,0,1,12,5,-1,0,0,0,0,-1,-1,-1,17,0,321,-1,-1,-1,-1,-1,-1,2,0,0,0,0,0,3,0,14,7,9,41.77038221,-87.60585207
0,436685,-1,20,0,0,0,1,7,5,-1,0,0,0,1,-1,-1,-1,11,0,2533,-1,-1,-1,-1,-1,-1,2,0,0,0,0,0,1,0,14,7,9,41.91059074,-87.73842393
0,436679,-1,25,0,0,0,1,3,5,2,0,0,0,0,-1,-1,-1,33,-1,1235,-1,-1,-1,-1,-1,-1,2,0,0,0,0,0,2,0,14,7,9,41.85416202,-87.65941877
0,436742,-1,25,1,2,0,1,11,5,-1,0,0,0,1,1,-1,-1,23,-1,1812,-1,-1,-1,-1,-1,-1,2,0,0,0,0,0,2,0,14,7,9,41.92177405,-87.64405618
0,436713,-1,30,0,0,0,1,7,3,3,0,0,0,0,-1,-1,-1,16,-1,412,-1,-1,-1,-1,-1,-1,2,0,0,0,0,0,1,0,14,7,9,41.73358847,-87.58498736
0,436725,-1,30,1,2,0,1,12,3,4,0,0,0,0,0,-1,-1,21,22,123,-1,-1,-1,-1,-1,-1,2,0,0,0,0,0,2,0,14,7,9,41.87437162,-87.62437953
2,436659,-1,30,1,2,0,1,14,2,2,0,0,0,1,-1,-1,-1,21,16,223,-1,-1,-1,-1,-1,-1,2,1,0,0,1,0,1,0,14,7,9,41.80941769,-87.60690199
1,436930,-1,30,2,2,0,1,10,12,-1,0,0,0,1,1,-1,-1,0,0,611,-1,-1,-1,-1,-1,-1,2,1,0,0,0,1,1,0,14,7,9,41.75010568,-87.67457001
0,436681,-1,30,0,0,0,1,12,2,4,0,0,0,0,-1,-1,1,18,0,613,-1,-1,-1,-1,-1,-1,2,0,0,0,0,0,3,0,14,7,9,41.73606534,-87.65188819
0,436669,-1,30,4,-1,0,1,0,5,-1,0,0,0,0,1,-1,-1,17,-1,1922,-1,-1,-1,-1,-1,-1,2,0,0,0,0,0,4,0,14,7,9,41.94713359,-87.66675473
0,436666,-1,30,0,0,0,1,10,5,2,0,0,0,1,-1,-1,-1,0,-1,1233,-1,-1,-1,-1,-1,-1,2,0,0,0,0,0,3,0,14,7,9,41.85779877,-87.65923239
0,436770,-1,30,1,2,0,1,12,12,-1,0,0,0,0,-1,-1,1,17,21,613,-1,-1,-1,-1,-1,-1,2,0,0,0,0,0,3,0,14,7,9,41.73604409,-87.65340424
-1,436746,-1,25,0,0,0,1,7,5,2,0,-1,-1,0,-1,-1,-1,0,-1,1931,-1,-1,-1,-1,-1,-1,-1,-1,-1,-1,-1,-1,-1,-1,14,7,9,41.93641251,-87.68326927
0,436745,-1,30,1,2,0,1,14,5,-1,0,0,0,0,1,-1,-1,0,0,2024,-1,-1,-1,-1,-1,-1,2,0,0,0,0,0,3,0,14,7,9,41.97147996,-87.65502966
0,436737,1,15,0,0,0,1,7,6,2,0,0,0,0,-1,-1,1,0,0,332,-1,-1,-1,-1,-1,-1,2,0,0,0,0,0,1,0,14,7,9,41.76745735,-87.57893715
0,436675,-1,30,0,0,0,1,14,5,-1,0,0,0,0,-1,-1,-1,0,0,1932,-1,-1,-1,-1,-1,-1,2,0,0,0,0,0,2,0,14,7,9,41.92842358,-87.66328131
2,436718,-1,30,2,2,0,1,10,6,-1,0,0,0,1,1,-1,-1,0,0,1522,-1,-1,-1,-1,-1,-1,2,1,0,0,1,0,3,0,13,7,9,41.87202672,-87.75748062
0,436624,-1,30,2,2,0,1,0,12,-1,0,0,0,0,1,-1,-1,17,0,1631,-1,-1,-1,-1,-1,-1,3,0,0,0,0,0,3,0,13,7,9,41.94527689,-87.82175234
2,436665,-1,30,0,0,0,1,14,12,4,0,0,0,1,-1,-1,-1,17,11,834,-1,-1,-1,-1,-1,-1,2,1,0,0,1,0,1,0,13,7,9,41.7494999,-87.71068873
0,436613,-1,30,2,2,0,1,14,5,-1,0,0,0,0,1,-1,-1,0,0,1831,-1,-1,-1,-1,-1,-1,2,0,0,0,0,0,2,0,13,7,9,41.89581255,-87.63700987
0,436609,-1,30,0,0,0,1,12,5,-1,0,0,0,0,-1,-1,-1,17,-1,1031,-1,-1,-1,-1,-1,-1,2,0,0,0,0,0,2,0,13,7,9,41.83689681,-87.73279818
0,436608,-1,25,2,2,0,1,12,5,2,0,0,0,0,1,-1,-1,21,0,2234,-1,-1,-1,-1,-1,-1,2,0,0,0,0,0,2,0,13,7,9,41.69561408,-87.66071781
0,436708,-1,30,0,0,0,1,14,5,-1,0,0,0,0,-1,-1,-1,23,11,1932,-1,-1,-1,-1,-1,-1,2,0,0,0,0,0,2,0,13,7,9,41.92848548,-87.66357736
0,446541,-1,20,1,2,0,1,10,6,1,0,0,0,0,1,-1,-1,-1,-1,1233,-1,-1,-1,-1,-1,-1,2,0,0,0,0,0,2,0,13,7,9,41.86492204,-87.68521544
1,436574,-1,30,0,0,0,1,3,5,2,0,0,0,1,-1,-1,-1,13,0,1013,-1,-1,-1,-1,-1,-1,2,2,0,0,0,2,1,0,13,7,9,41.8469475,-87.72478198
0,438909,-1,30,0,0,0,1,10,5,2,0,0,0,0,-1,-1,-1,16,-1,1622,-1,-1,-1,-1,-1,-1,2,0,0,0,0,0,2,0,13,7,9,41.96041336,-87.78044265
0,437592,-1,25,0,0,0,1,7,5,-1,0,0,0,0,-1,-1,-1,0,0,1811,-1,-1,-1,-1,-1,-1,2,0,0,0,0,0,1,0,13,7,9,41.91660629,-87.65569953
0,436571,-1,30,1,2,0,1,8,2,4,0,0,0,0,1,-1,1,17,-1,2011,-1,-1,-1,-1,-1,-1,2,0,0,0,0,0,2,0,13,7,9,41.98325562,-87.68959891
0,436634,-1,30,0,0,0,1,10,5,-1,0,0,-1,0,1,-1,-1,17,-1,1621,-1,-1,-1,-1,-1,-1,2,0,0,0,0,0,3,0,13,7,9,42.00054362,-87.77394324
0,436559,-1,30,1,2,0,1,12,2,-1,0,0,0,0,-1,-1,0,22,17,1413,-1,-1,-1,-1,-1,-1,2,0,0,0,0,0,2,0,13,7,9,41.92116521,-87.71214544
0,436611,-1,20,0,0,0,1,10,5,2,0,0,0,0,-1,-1,-1,0,0,1135,-1,-1,-1,-1,-1,-1,2,0,0,0,0,0,2,0,13,7,9,41.86823865,-87.69610016
0,436584,-1,35,0,0,0,1,10,2,-1,0,0,-1,0,-1,-1,-1,18,-1,2031,-1,-1,-1,-1,-1,-1,2,0,0,0,0,0,3,0,13,7,9,41.96877732,-87.68519772
2,436558,-1,25,0,0,0,1,8,5,4,0,0,0,1,-1,-1,-1,17,-1,1232,-1,-1,-1,-1,-1,-1,2,1,0,0,1,0,1,0,13,7,9,41.87665593,-87.65552532
0,439583,-1,30,2,2,0,1,0,5,2,0,0,0,0,1,-1,-1,25,0,1915,-1,-1,-1,-1,-1,-1,2,0,0,0,0,0,3,0,13,7,9,41.95855065,-87.64662614
0,437719,-1,40,0,0,0,1,12,8,1,0,0,-1,0,-1,-1,-1,0,0,1925,-1,-1,-1,-1,-1,-1,2,0,0,0,0,0,2,0,13,7,9,41.94050251,-87.63844367
0,436748,-1,30,0,0,0,1,7,5,-1,0,0,0,0,-1,-1,1,0,-1,421,-1,-1,-1,-1,-1,-1,2,0,0,0,0,0,1,0,13,7,9,41.7589418,-87.56288014
3,436585,-1,25,0,0,0,1,8,5,4,0,0,0,1,-1,-1,-1,0,-1,2013,-1,-1,-1,-1,-1,-1,2,1,0,1,0,0,2,0,13,7,9,41.99080937,-87.6604382
0,436556,-1,30,0,0,0,1,12,5,2,0,0,0,0,-1,-1,-1,17,18,915,-1,-1,-1,-1,-1,-1,2,0,0,0,0,0,2,0,12,7,9,41.83394023,-87.64603822
0,437717,-1,30,1,2,0,0,12,2,2,0,0,0,0,1,-1,1,22,0,1225,-1,-1,-1,-1,-1,-1,2,0,0,0,0,0,2,0,12,7,9,41.86764378,-87.68234739
0,436604,-1,30,1,2,0,1,12,5,-1,0,0,0,0,1,-1,1,22,11,1722,-1,-1,-1,-1,-1,-1,2,0,0,0,0,0,2,0,12,7,9,41.95647531,-87.73241297
3,436570,-1,30,0,0,0,1,8,5,4,0,0,0,1,-1,-1,-1,0,0,815,-1,-1,-1,-1,-1,-1,2,1,0,1,0,0,1,0,12,7,9,41.79329416,-87.72585874
0,436524,-1,30,0,0,0,1,7,5,2,0,0,0,1,-1,-1,-1,9,11,1122,-1,-1,-1,-1,-1,-1,2,0,0,0,0,0,2,0,12,7,9,41.88420688,-87.71669708
0,436517,-1,5,0,0,0,1,0,7,1,0,0,0,0,-1,-1,-1,22,0,1224,-1,-1,-1,-1,-1,-1,2,0,0,0,0,0,2,0,12,7,9,41.88083848,-87.66943194
0,436511,-1,30,1,2,0,1,10,5,2,0,0,0,0,1,-1,1,0,0,822,-1,-1,-1,-1,-1,-1,2,0,0,0,0,0,2,0,12,7,9,41.79352881,-87.70989302
0,436505,-1,30,0,0,0,1,12,5,2,0,0,0,0,-1,-1,-1,0,0,915,-1,-1,-1,-1,-1,-1,2,0,0,0,0,0,2,0,12,7,9,41.83795436,-87.63760195
0,436652,-1,10,0,0,0,1,7,7,2,0,0,0,0,-1,-1,1,0,0,1934,-1,-1,-1,-1,-1,-1,2,0,0,0,0,0,1,0,12,7,9,41.93290247,-87.63637317
0,436590,-1,30,1,2,0,1,14,3,2,0,0,-1,0,-1,-1,1,16,-1,1114,-1,-1,-1,-1,-1,-1,2,0,0,0,0,0,4,0,12,7,9,41.88600052,-87.73329708
0,437894,1,30,0,0,0,1,7,7,2,0,0,0,0,-1,1,1,0,-1,1225,-1,-1,-1,-1,-1,-1,2,0,0,0,0,0,1,0,12,7,9,41.87761166,-87.67422787
0,436562,-1,20,0,0,0,1,12,2,-1,0,0,0,0,-1,-1,-1,17,-1,1433,-1,-1,-1,-1,-1,-1,2,0,0,0,0,0,2,0,12,7,9,41.90446552,-87.66798262
0,436561,-1,30,2,2,0,1,0,5,-1,0,0,0,1,1,-1,-1,17,6,324,-1,-1,-1,-1,-1,-1,2,0,0,0,0,0,2,0,12,7,9,41.76237683,-87.58065693
0,436554,-1,30,0,0,0,1,12,2,2,0,0,0,0,-1,-1,-1,17,22,1931,-1,-1,-1,-1,-1,-1,2,0,0,0,0,0,2,0,12,7,9,41.93864084,-87.67121178
0,436484,-1,30,1,2,0,1,14,5,2,0,0,0,0,-1,-1,-1,0,0,2012,-1,-1,-1,-1,-1,-1,2,0,0,0,0,0,2,0,11,7,9,41.98358189,-87.66892631
0,436472,-1,30,0,0,0,1,12,5,4,0,0,-1,0,-1,-1,-1,17,-1,1214,-1,-1,-1,-1,-1,-1,3,0,0,0,0,0,3,0,11,7,9,41.89098863,-87.65572987
0,436521,-1,30,0,0,0,1,12,2,-1,0,0,0,0,-1,-1,-1,0,0,1733,-1,-1,-1,-1,-1,-1,2,0,0,0,0,0,4,0,11,7,9,41.95348931,-87.69807849
0,436503,-1,30,1,2,0,1,14,2,3,0,0,0,0,1,-1,-1,0,0,634,-1,-1,-1,-1,-1,-1,2,0,0,0,0,0,4,0,11,7,9,41.73616511,-87.62558757
0,436515,-1,30,0,0,0,1,7,5,2,0,0,0,0,-1,-1,-1,20,-1,1622,-1,-1,-1,-1,-1,-1,2,0,0,0,0,0,1,0,11,7,9,41.98462128,-87.78048383
2,436483,-1,30,2,2,0,1,8,5,-1,0,0,0,1,1,-1,-1,5,-1,1934,-1,-1,-1,-1,-1,-1,2,1,0,0,1,0,1,0,11,7,9,41.93555816,-87.64410158
0,437727,-1,25,0,0,0,3,7,5,-1,0,0,0,0,-1,-1,-1,0,0,2424,-1,-1,-1,-1,-1,-1,2,0,0,0,0,0,1,0,11,7,9,42.00777981,-87.67988307
0,436852,-1,30,0,0,0,1,14,5,-1,0,0,0,0,-1,-1,-1,0,0,1522,-1,-1,-1,-1,-1,-1,2,0,0,0,0,0,2,0,11,7,9,41.86812461,-87.75460408
0,436451,-1,20,0,0,0,1,10,2,2,0,0,0,0,-1,-1,-1,11,18,1432,-1,-1,-1,-1,-1,-1,2,0,0,0,0,0,2,0,11,7,9,41.92162194,-87.67091483
0,436461,-1,30,0,0,0,1,14,5,2,0,0,0,0,-1,-1,-1,18,-1,1513,-1,-1,-1,-1,-1,-1,2,0,0,0,0,0,2,0,11,7,9,41.87929716,-87.76497809
0,436445,-1,15,0,0,0,1,7,7,1,0,0,0,0,-1,1,1,2,-1,223,-1,1,-1,-1,-1,-1,2,0,0,0,0,0,1,0,11,7,9,41.80890166,-87.60669697
0,436440,-1,0,0,0,0,1,7,7,1,0,0,0,0,-1,-1,-1,0,0,1031,-1,-1,-1,-1,-1,-1,2,0,0,0,0,0,1,0,11,7,9,41.83669678,-87.73107269
1,436433,-1,30,1,2,0,1,14,12,-1,0,0,0,1,1,-1,-1,17,17,111,-1,-1,-1,-1,-1,-1,2,2,0,0,0,2,0,0,11,7,9,41.88677899,-87.62811855
0,436428,-1,30,0,0,0,1,10,2,4,0,0,0,0,-1,-1,-1,-1,-1,815,-1,-1,-1,-1,-1,-1,2,0,0,0,0,0,3,0,11,7,9,41.80755107,-87.74009675
0,436407,-1,30,1,2,0,1,7,5,-1,0,0,0,0,-1,-1,1,0,-1,1134,-1,-1,-1,-1,-1,-1,2,0,0,0,0,0,1,0,11,7,9,41.86656203,-87.70112683
0,440527,1,30,0,0,0,1,7,2,-1,0,0,0,0,-1,-1,1,0,0,2232,-1,1,-1,-1,-1,-1,2,0,0,0,0,0,1,0,11,7,9,41.7062061,-87.63523598
2,436776,-1,30,1,2,0,1,10,5,-1,0,0,0,1,1,-1,1,18,-1,2011,-1,-1,-1,-1,-1,-1,2,1,0,0,1,0,1,0,11,7,9,41.99038951,-87.68973064
0,443840,-1,35,1,2,-1,1,10,5,4,0,0,0,0,-1,-1,-1,0,0,1613,-1,-1,-1,-1,-1,-1,2,0,0,0,0,0,2,0,10,7,9,-1,-1
0,436599,-1,30,0,0,0,1,10,2,4,0,0,0,0,-1,-1,-1,18,16,2011,-1,-1,-1,-1,-1,-1,3,0,0,0,0,0,4,0,10,7,9,41.98146433,-87.68951566
0,436462,-1,20,0,0,0,1,7,5,2,0,0,0,0,-1,-1,-1,11,-1,332,-1,-1,-1,-1,-1,-1,2,0,0,0,0,0,2,0,10,7,9,41.76743347,-87.5814065
-1,436434,-1,30,1,2,0,1,0,7,4,0,0,0,1,-1,-1,-1,17,-1,1224,-1,-1,-1,-1,-1,-1,-1,-1,-1,-1,-1,-1,-1,-1,10,7,9,41.88270587,-87.64724716
0,436403,-1,30,0,0,0,1,7,6,1,0,0,0,0,-1,-1,-1,25,25,1533,-1,-1,-1,-1,-1,-1,2,0,0,0,0,0,1,0,10,7,9,41.87573008,-87.74827539
0,436425,-1,30,2,0,0,1,0,5,-1,0,0,0,1,1,-1,-1,0,-1,613,-1,-1,-1,-1,-1,-1,3,0,0,0,0,0,3,0,10,7,9,41.74342965,-87.64635238
0,436421,-1,30,0,0,0,1,7,2,-1,0,0,0,0,-1,-1,-1,-1,-1,1232,-1,-1,-1,-1,-1,-1,2,0,0,0,0,0,1,0,10,7,9,41.86611826,-87.64522762
0,436411,-1,30,1,2,0,1,12,6,2,0,0,0,0,-1,-1,-1,0,0,123,-1,-1,-1,-1,-1,-1,2,0,0,0,0,0,2,0,10,7,9,41.8751701,-87.6290755
0,436354,-1,30,1,2,0,1,14,5,4,0,0,0,1,1,-1,-1,23,16,1013,-1,-1,-1,-1,-1,-1,2,0,0,0,0,0,4,0,10,7,9,41.84999537,-87.72486435
0,436393,-1,0,0,0,0,1,12,7,-1,0,0,0,0,-1,1,-1,0,0,1624,-1,-1,-1,-1,-1,-1,2,0,0,0,0,0,3,0,10,7,9,41.96011405,-87.78640098
0,436350,-1,30,0,0,0,1,10,5,4,0,0,0,0,-1,-1,-1,11,0,2011,-1,-1,-1,-1,-1,-1,2,0,0,0,0,0,3,0,10,7,9,41.98100373,-87.68949783
0,436533,1,30,-1,-1,-1,-1,7,5,2,0,-1,-1,0,-1,-1,1,0,-1,822,-1,-1,-1,-1,-1,-1,2,0,0,0,0,0,1,0,10,7,9,41.7995919,-87.71613403
0,436499,-1,25,0,0,-1,-1,7,6,-1,0,-1,-1,0,-1,-1,-1,0,0,1923,-1,-1,-1,-1,-1,-1,2,0,0,0,0,0,1,0,10,7,9,41.94977108,-87.65693711