MOST_SEVERE_INJURY,RD_NO,CRASH_DATE_EST_I,POSTED_SPEED_LIMIT,TRAFFIC_CONTROL_DEVICE,DEVICE_CONDITION,WEATHER_CONDITION,LIGHTING_CONDITION,FIRST_CRASH_TYPE,TRAFFICWAY_TYPE,LANE_CNT,ALIGNMENT,ROADWAY_SURFACE_COND,ROAD_DEFECT,CRASH_TYPE,INTERSECTION_RELATED_I,NOT_RIGHT_OF_WAY_I,HIT_AND_RUN_I,PRIM_CONTRIBUTORY_CAUSE,SEC_CONTRIBUTORY_CAUSE,BEAT_OF_OCCURRENCE,PHOTOS_TAKEN_I,STATEMENTS_TAKEN_I,DOORING_I,WORK_ZONE_I,WORK_ZONE_TYPE,WORKERS_PRESENT_I,NUM_UNITS,INJURIES_TOTAL,INJURIES_FATAL,INJURIES_INCAPACITATING,INJURIES_NON_INCAPACITATING,INJURIES_REPORTED_NOT_EVIDENT,INJURIES_NO_INDICATION,INJURIES_UNKNOWN,CRASH_HOUR,CRASH_DAY_OF_WEEK,CRASH_MONTH,LATITUDE,LONGITUDE
0,436344,-1,30,0,0,0,1,14,2,-1,0,0,0,0,-1,-1,-1,16,-1,2211,-1,-1,-1,-1,-1,-1,2,0,0,0,0,0,2,0,10,7,9,41.68412094,-87.71718047
0,437730,-1,20,0,0,0,1,10,5,4,0,0,0,0,-1,-1,-1,0,0,132,-1,-1,-1,-1,-1,-1,2,0,0,0,0,0,4,0,9,7,9,41.86262829,-87.61503109
0,436370,-1,25,0,0,0,1,2,8,-1,0,0,0,0,-1,-1,-1,20,-1,1235,-1,-1,-1,-1,-1,-1,1,0,0,0,0,0,1,0,9,7,9,41.85294346,-87.64134828
0,436374,-1,30,1,2,0,1,14,5,-1,0,0,0,0,-1,-1,-1,23,0,2413,-1,-1,-1,-1,-1,-1,2,0,0,0,0,0,2,0,9,7,9,41.99730203,-87.70919581
1,446063,-1,30,2,2,0,1,0,5,2,0,0,0,1,1,-1,1,5,-1,2514,0,-1,-1,-1,-1,-1,2,1,0,0,0,1,1,0,9,7,9,41.92963043,-87.75650017
0,436297,-1,30,0,0,0,1,10,5,2,0,0,0,0,-1,-1,-1,18,-1,2533,-1,-1,-1,-1,-1,-1,2,0,0,0,0,0,2,0,9,7,9,41.90236016,-87.75571651
0,439429,-1,30,0,0,0,1,7,7,2,0,-1,-1,0,-1,1,-1,0,0,2222,-1,-1,-1,-1,-1,-1,2,0,0,0,0,0,3,0,9,7,9,41.73588386,-87.64913691
0,436635,-1,0,0,0,0,1,7,4,0,0,0,0,0,-1,1,1,0,0,1631,-1,-1,-1,-1,-1,-1,2,0,0,0,0,0,1,0,9,7,9,41.94579648,-87.82469888
2,436272,-1,25,2,2,0,1,9,5,-1,0,0,0,1,1,-1,-1,17,33,1235,-1,-1,-1,-1,-1,-1,2,1,0,0,1,0,1,0,8,7,9,41.8541202,-87.6624005
0,436284,-1,30,0,0,0,1,7,2,-1,0,0,0,0,-1,-1,-1,0,0,1925,-1,-1,-1,-1,-1,-1,2,0,0,0,0,0,1,0,8,7,9,41.94165362,-87.64430444
0,436277,-1,30,0,0,0,1,10,5,4,0,0,0,0,-1,-1,-1,18,-1,1512,-1,-1,-1,-1,-1,-1,2,0,0,0,0,0,3,0,8,7,9,41.88526351,-87.77467593
0,436276,-1,30,0,0,0,1,7,6,1,0,0,0,0,-1,-1,-1,0,0,811,-1,-1,-1,-1,-1,-1,2,0,0,0,0,0,1,0,8,7,9,41.79212034,-87.77434085
0,436262,-1,30,0,0,0,1,11,5,2,0,0,0,1,-1,-1,-1,7,-1,1122,-1,-1,-1,-1,-1,-1,2,0,0,0,0,0,2,0,8,7,9,41.88999061,-87.72400462
0,436273,-1,30,0,0,0,1,10,5,-1,0,0,0,0,-1,-1,-1,0,0,2512,-1,-1,-1,-1,-1,-1,2,0,0,0,0,0,2,0,8,7,9,41.92810887,-87.78575588
0,436268,-1,10,0,0,0,1,2,7,-1,0,0,0,0,-1,1,-1,0,0,213,-1,-1,-1,-1,-1,-1,1,0,0,0,0,0,1,0,8,7,9,41.81930389,-87.62663448
0,436381,-1,25,0,0,0,1,2,5,-1,0,0,0,0,-1,-1,-1,0,-1,2533,-1,-1,-1,-1,-1,-1,1,0,0,0,0,0,1,0,8,7,9,41.9050547,-87.75569246
0,446078,-1,25,0,0,0,1,7,6,-1,0,0,0,0,-1,-1,1,0,-1,1713,-1,-1,-1,-1,-1,-1,2,0,0,0,0,0,1,0,8,7,9,41.96890407,-87.71201146
0,436366,-1,0,0,0,0,1,7,7,-1,0,0,0,0,-1,-1,-1,0,0,2222,-1,-1,-1,-1,-1,-1,2,0,0,0,0,0,1,0,8,7,9,41.73588386,-87.64913691
0,436335,-1,30,0,0,0,1,2,3,2,0,0,0,0,-1,1,-1,0,-1,823,-1,-1,-1,-1,-1,-1,1,0,0,0,0,0,1,0,8,7,9,41.77870869,-87.71328159
2,436246,-1,35,1,2,0,1,10,5,2,0,0,-1,1,-1,-1,-1,-1,-1,1513,-1,-1,-1,-1,-1,-1,2,1,0,0,1,0,1,0,8,7,9,41.87277222,-87.76473185
0,436255,-1,30,1,2,0,1,10,5,-1,0,0,0,0,-1,-1,1,16,17,2512,-1,-1,-1,-1,-1,-1,2,0,0,0,0,0,2,0,8,7,9,41.92067663,-87.77563027
0,436233,-1,30,0,0,0,1,7,12,-1,0,0,0,0,-1,-1,1,11,0,122,-1,-1,-1,-1,-1,-1,2,0,0,0,0,0,1,0,8,7,9,41.87905049,-87.63213493
2,436239,-1,35,1,2,0,1,10,2,6,0,0,0,1,-1,-1,0,14,16,815,-1,-1,-1,-1,-1,-1,2,1,0,0,1,0,2,0,7,7,9,41.79794894,-87.74275488
1,436217,1,30,0,0,0,1,0,7,-1,0,0,0,1,-1,1,-1,33,0,1633,-1,-1,-1,-1,-1,-1,2,1,0,0,0,1,1,0,7,7,9,41.95285969,-87.78640986
0,436218,-1,30,1,2,0,1,0,2,4,0,0,0,1,1,-1,-1,6,0,2512,-1,-1,-1,-1,-1,-1,2,0,0,0,0,0,2,0,7,7,9,41.92344354,-87.80082739
0,436404,1,30,0,-1,-1,-1,7,-1,-1,0,-1,0,0,-1,-1,1,0,0,1131,-1,-1,-1,-1,-1,-1,2,0,0,0,0,0,1,0,7,7,9,41.87581595,-87.74498314
0,441882,-1,30,0,0,0,1,10,5,2,0,0,0,0,1,-1,-1,18,-1,1613,-1,-1,-1,-1,-1,-1,2,0,0,0,0,0,2,0,7,7,9,41.97472013,-87.80622198
0,436545,-1,30,1,2,0,1,10,2,2,0,0,0,0,1,-1,-1,0,-1,2022,-1,-1,-1,-1,-1,-1,2,0,0,0,0,0,2,0,7,7,9,41.98545061,-87.65513441
0,436237,-1,30,0,0,0,1,12,2,-1,0,0,0,0,-1,-1,-1,-1,-1,2532,-1,-1,-1,-1,-1,-1,2,0,0,0,0,0,2,0,7,7,9,41.90936705,-87.75771328
0,447581,-1,20,0,0,0,1,2,5,2,0,0,1,0,-1,-1,-1,-1,0,722,-1,-1,-1,-1,-1,-1,1,0,0,0,0,0,1,0,7,7,9,41.77647149,-87.63097973
0,438913,-1,30,0,0,0,1,7,5,-1,0,0,0,0,-1,-1,-1,0,0,1935,-1,-1,-1,-1,-1,-1,2,0,0,0,0,0,1,0,7,7,9,41.92776717,-87.64059669
0,438516,-1,25,0,0,0,2,7,5,-1,0,0,0,0,-1,-1,1,0,0,1723,-1,-1,-1,-1,-1,-1,2,0,0,0,0,0,1,0,7,7,9,41.96358518,-87.72437974
0,438162,-1,30,0,0,0,1,7,6,-1,0,0,0,0,-1,-1,1,-1,-1,1121,-1,-1,-1,-1,-1,-1,2,0,0,0,0,0,1,0,6,7,9,41.89345256,-87.71274161
0,436178,-1,30,0,0,0,1,7,5,-1,0,0,0,0,-1,-1,1,0,0,2212,-1,-1,-1,-1,-1,-1,2,0,0,0,0,0,1,0,6,7,9,41.69254204,-87.66947114
2,436172,-1,30,1,2,0,3,0,5,4,2,0,0,1,1,-1,1,6,14,1135,-1,-1,-1,-1,-1,-1,2,1,0,0,1,0,1,0,6,7,9,-1,-1
0,436164,-1,30,0,0,0,3,12,1,-1,0,0,0,0,-1,-1,1,0,0,2212,-1,-1,-1,-1,-1,-1,2,0,0,0,0,0,2,0,5,7,9,41.69216408,-87.68131317
0,436157,1,35,0,0,0,3,7,6,-1,0,0,0,0,-1,-1,1,0,-1,611,-1,-1,-1,-1,-1,-1,2,0,0,0,0,0,1,0,5,7,9,41.7510304,-87.6754447
0,436125,-1,30,0,0,0,3,7,2,-1,0,0,0,1,-1,-1,1,0,0,1624,-1,-1,-1,-1,-1,-1,5,0,0,0,0,0,1,0,4,7,9,41.95642489,-87.75066066
0,436372,-1,30,0,0,0,1,7,5,-1,0,0,0,0,-1,-1,1,0,-1,2524,-1,-1,-1,-1,-1,-1,2,0,0,0,0,0,1,0,4,7,9,41.92830243,-87.73687084
0,436133,-1,30,0,0,0,3,7,5,2,0,0,0,0,-1,-1,-1,0,0,811,-1,-1,-1,-1,-1,-1,2,0,0,0,0,0,1,0,4,7,9,41.79262962,-87.77322648
0,436601,1,30,0,0,0,0,7,5,2,0,0,0,0,-1,-1,1,0,0,1121,-1,-1,-1,-1,-1,-1,2,0,0,0,0,0,1,0,4,7,9,41.89376462,-87.71153218
0,436165,-1,30,1,2,0,3,14,2,-1,0,0,0,1,-1,-1,1,17,-1,1414,-1,-1,-1,-1,-1,-1,2,0,0,0,0,0,2,0,4,7,9,41.9228793,-87.69750758
0,436146,-1,45,0,0,0,3,12,3,-1,0,0,0,0,-1,-1,1,21,-1,1833,-1,-1,-1,1,2,-1,1,0,0,0,0,0,1,0,3,7,9,41.89680497,-87.61702742
0,436130,-1,30,0,0,0,3,2,6,1,0,0,0,1,-1,-1,1,0,0,414,-1,-1,-1,-1,-1,-1,1,0,0,0,0,0,1,0,3,7,9,41.74994659,-87.57223369
1,436889,1,25,0,0,0,3,9,6,-1,0,0,0,1,-1,-1,1,0,-1,2013,-1,-1,-1,-1,-1,-1,2,1,0,0,0,1,1,0,3,7,9,41.97996589,-87.66759673
0,436108,-1,30,2,2,0,0,14,2,-1,0,0,0,0,-1,-1,1,5,-1,432,-1,-1,-1,-1,-1,-1,2,0,0,0,0,0,2,0,3,7,9,41.69904227,-87.54023307
0,436094,-1,30,0,0,0,2,12,5,4,0,0,0,0,-1,-1,-1,0,0,1831,-1,-1,-1,-1,-1,-1,2,0,0,0,0,0,2,0,3,7,9,41.89378278,-87.63577934
0,436089,-1,30,0,0,0,3,8,5,4,0,0,0,0,-1,-1,-1,-1,-1,812,-1,-1,-1,-1,-1,-1,2,0,0,0,0,0,2,0,3,7,9,41.77792381,-87.76265939
2,436083,-1,30,2,12,0,3,14,2,4,0,0,0,1,1,-1,-1,17,17,1821,-1,-1,-1,-1,-1,-1,2,1,0,0,1,0,1,0,2,7,9,41.91097403,-87.6407018
0,436091,-1,30,1,-1,0,3,12,6,4,0,-1,-1,0,-1,-1,-1,0,-1,1831,-1,-1,-1,-1,-1,-1,2,0,0,0,0,0,3,0,2,7,9,41.89325533,-87.63715992
0,465391,-1,30,1,2,0,3,10,6,2,0,0,0,0,-1,-1,1,0,-1,1133,-1,-1,-1,-1,-1,-1,2,0,0,0,0,0,3,0,2,7,9,41.8709306,-87.71757946
0,436073,-1,30,0,0,0,3,7,7,-1,0,0,0,0,-1,1,-1,0,-1,612,-1,-1,-1,-1,-1,-1,2,0,0,0,0,0,2,0,2,7,9,41.75589954,-87.6567236
0,436065,-1,35,1,2,0,3,14,2,-1,0,0,0,0,1,-1,1,21,-1,1632,-1,-1,-1,-1,-1,-1,2,0,0,0,0,0,2,0,2,7,9,41.95321217,-87.78671973
2,436064,-1,30,0,0,0,3,7,5,4,0,0,0,1,-1,-1,-1,0,0,2012,-1,-1,-1,-1,-1,-1,4,1,0,0,1,0,1,0,1,7,9,41.98050938,-87.68918291
3,436061,-1,30,1,2,0,3,10,5,2,0,0,0,1,-1,-1,1,14,32,122,-1,-1,-1,-1,-1,-1,2,3,0,1,2,0,0,0,1,7,9,41.87569908,-87.63262859
0,437893,-1,30,0,0,0,3,7,5,-1,0,0,0,0,-1,-1,-1,22,16,2513,-1,-1,-1,-1,-1,-1,2,0,0,0,0,0,2,0,1,7,9,41.91110276,-87.78255127
2,436044,-1,40,0,0,0,3,2,3,4,0,0,0,1,-1,-1,-1,25,-1,1925,-1,-1,-1,-1,-1,-1,1,2,0,0,2,0,0,0,1,7,9,41.94868367,-87.64364976
0,436035,-1,30,0,0,0,4,7,5,-1,0,0,0,1,-1,-1,-1,16,14,1114,-1,-1,-1,-1,-1,-1,4,0,0,0,0,0,2,0,1,7,9,41.88450657,-87.73111796
0,436070,-1,30,1,-1,-1,-1,14,6,2,0,-1,-1,1,1,-1,0,0,0,1834,-1,-1,-1,-1,-1,-1,2,0,0,0,0,0,2,0,1,7,9,41.89097483,-87.61585655
0,436032,-1,30,1,2,0,3,10,5,-1,0,0,0,0,1,-1,1,18,-1,1412,-1,-1,-1,-1,-1,-1,2,0,0,0,0,0,2,0,1,7,9,41.93192434,-87.71238139
0,436021,-1,30,1,2,0,3,14,5,3,0,0,0,0,1,-1,0,21,-1,1831,-1,-1,-1,-1,-1,-1,2,0,0,0,0,0,2,0,1,7,9,41.89149598,-87.63250567
0,436041,-1,30,1,2,0,3,0,6,1,0,0,0,1,-1,-1,1,20,0,1932,-1,-1,-1,-1,-1,-1,2,0,0,0,0,0,3,0,1,7,9,41.93600291,-87.66380824
0,436029,-1,30,0,0,0,3,7,5,-1,0,0,0,1,-1,-1,-1,0,-1,2411,-1,-1,-1,-1,-1,-1,3,0,0,0,0,0,3,0,1,7,9,42.01206255,-87.70494411
0,436016,-1,30,0,0,0,3,10,2,-1,0,0,0,0,-1,-1,-1,18,0,531,-1,-1,-1,-1,-1,-1,2,0,0,0,0,0,2,0,1,7,9,41.69272336,-87.60450587
0,436033,-1,35,0,0,0,3,10,2,4,0,0,0,0,-1,-1,1,25,0,813,-1,-1,-1,-1,-1,-1,2,0,0,0,0,0,2,0,1,7,9,41.78539888,-87.72309288
0,436025,-1,20,0,0,0,3,10,6,1,0,0,0,0,-1,-1,1,20,20,2221,-1,-1,-1,-1,-1,-1,2,0,0,0,0,0,2,0,1,7,9,41.73563302,-87.66807009
1,436027,-1,30,1,2,0,3,14,2,-1,0,0,0,1,1,-1,1,18,16,1511,-1,-1,-1,-1,-1,-1,2,1,0,0,0,1,2,0,1,7,9,41.89118587,-87.76539853
1,436031,-1,30,2,2,0,3,9,3,4,0,0,0,1,-1,-1,-1,0,-1,935,-1,-1,-1,-1,-1,-1,2,1,0,0,0,1,2,0,0,7,9,41.7946444,-87.63140654
0,436015,-1,30,1,2,0,3,0,2,4,0,0,0,1,-1,-1,1,-1,-1,224,-1,-1,-1,-1,-1,-1,2,0,0,0,0,0,3,0,0,7,9,41.80213795,-87.62094918
0,436005,-1,30,1,2,0,3,14,5,0,0,0,0,0,1,-1,1,6,16,124,-1,-1,-1,-1,-1,-1,3,0,0,0,0,0,7,0,0,7,9,41.86714316,-87.63929317
0,436011,-1,30,0,0,0,0,7,12,-1,0,0,0,0,0,1,-1,0,0,312,-1,-1,-1,-1,-1,-1,2,0,0,0,0,0,1,0,0,7,9,41.77611598,-87.61566912
2,436004,-1,35,0,0,0,3,10,12,2,0,0,0,1,-1,-1,0,18,0,114,-1,-1,-1,-1,-1,-1,2,1,0,0,1,0,2,0,0,7,9,41.88025621,-87.62421138
0,435987,-1,30,-1,-1,0,3,12,5,2,0,0,0,1,-1,-1,-1,22,-1,1831,-1,-1,-1,-1,-1,-1,2,0,0,0,0,0,2,0,0,7,9,41.89011212,-87.6326247
2,435997,1,30,1,2,0,3,11,1,-1,0,0,0,1,1,1,0,11,0,2535,-1,-1,-1,-1,-1,-1,5,3,0,0,3,0,5,0,0,7,9,41.90278631,-87.72606012
0,435990,-1,35,0,0,0,3,7,2,4,0,0,0,1,-1,-1,1,0,0,1123,-1,-1,-1,-1,-1,-1,3,0,0,0,0,0,1,0,0,7,9,41.88107867,-87.70646611
0,436001,-1,35,0,0,0,3,12,2,4,0,0,0,0,-1,-1,-1,21,-1,114,-1,-1,-1,-1,-1,-1,2,0,0,0,0,0,2,0,0,7,9,41.87585922,-87.62240879
0,435985,-1,30,1,2,0,3,10,2,-1,0,0,0,0,-1,-1,-1,0,0,833,-1,-1,-1,-1,-1,-1,2,0,0,0,0,0,2,0,0,7,9,41.76789648,-87.7226361
0,435972,-1,30,1,2,0,3,14,2,4,0,0,0,0,-1,-1,1,18,0,1522,-1,-1,-1,-1,-1,-1,2,0,0,0,0,0,2,0,0,7,9,41.87105414,-87.75487343
0,436306,1,30,0,0,0,-1,7,5,2,0,0,0,0,-1,-1,1,0,0,2232,-1,-1,-1,-1,-1,-1,2,0,0,0,0,0,1,0,0,7,9,41.70424616,-87.64533001
2,435969,-1,30,1,2,0,3,0,3,2,0,0,0,1,1,-1,-1,17,-1,1123,-1,-1,-1,-1,-1,-1,2,1,0,0,1,0,1,0,23,6,9,41.88467072,-87.71126586
0,440684,-1,45,1,2,0,3,12,-1,-1,0,0,0,0,-1,-1,-1,0,-1,1833,-1,-1,-1,-1,-1,-1,2,0,0,0,0,0,2,0,23,6,9,41.89692937,-87.61694704
0,435980,-1,40,0,0,0,3,12,3,8,0,0,0,0,-1,-1,-1,0,0,1834,-1,-1,-1,-1,-1,-1,2,0,0,0,0,0,2,0,23,6,9,41.89270515,-87.61383093
3,435989,-1,30,1,2,0,3,14,5,2,0,0,0,1,1,-1,-1,17,32,722,-1,-1,-1,-1,-1,-1,1,2,0,1,0,1,1,0,23,6,9,41.77280932,-87.62981979
0,435948,-1,0,1,0,0,0,2,4,1,0,1,0,1,-1,1,-1,25,8,1034,-1,-1,-1,-1,-1,-1,1,0,0,0,0,0,1,0,23,6,9,41.85010031,-87.6859143
0,435952,-1,30,2,2,0,3,2,6,2,0,0,0,1,-1,-1,-1,16,-1,132,-1,-1,-1,-1,-1,-1,1,0,0,0,0,0,2,0,23,6,9,41.86036622,-87.6221845
0,435993,-1,30,0,0,0,3,10,5,2,0,0,0,0,-1,-1,-1,18,0,1833,-1,-1,-1,-1,-1,-1,2,0,0,0,0,0,2,0,23,6,9,41.89681955,-87.62593378
0,435943,-1,30,0,0,0,3,10,7,-1,0,0,-1,0,-1,-1,-1,32,20,2522,-1,1,-1,-1,-1,-1,2,0,0,0,0,0,3,0,23,6,9,41.92413043,-87.74623743
0,435982,-1,20,0,0,0,3,7,6,1,0,0,0,1,-1,-1,1,16,0,833,-1,-1,-1,-1,-1,-1,2,0,0,0,0,0,1,0,23,6,9,41.76969832,-87.72035543
0,435956,-1,20,0,0,0,3,0,7,-1,0,0,0,0,-1,1,-1,0,0,132,-1,-1,-1,-1,-1,-1,2,0,0,0,0,0,2,0,23,6,9,41.85110748,-87.61286663
0,435930,-1,30,2,2,0,3,10,2,2,0,0,0,1,1,-1,-1,8,-1,1723,-1,-1,-1,-1,-1,-1,2,0,0,0,0,0,2,0,23,6,9,41.96121249,-87.71521341
0,435923,-1,30,1,2,0,3,12,5,-1,0,0,0,0,0,-1,-1,18,22,114,-1,-1,-1,-1,-1,-1,2,0,0,0,0,0,2,0,23,6,9,41.87844405,-87.62051796
2,435919,-1,35,1,2,0,3,0,5,4,0,0,0,1,1,-1,1,6,25,614,-1,-1,-1,-1,-1,-1,2,1,0,0,1,0,2,0,23,6,9,41.74298409,-87.66339656
0,435918,-1,25,2,2,0,3,7,6,1,0,0,0,0,-1,-1,-1,16,32,331,-1,-1,-1,-1,-1,-1,2,0,0,0,0,0,1,0,23,6,9,41.7697633,-87.56995131
0,436817,-1,30,2,2,0,0,7,6,-1,0,0,0,0,-1,-1,1,0,0,623,-1,-1,-1,-1,-1,-1,2,0,0,0,0,0,2,0,23,6,9,41.75826841,-87.61845149
0,435907,-1,30,1,2,0,3,10,2,2,0,0,0,0,-1,-1,-1,18,7,1412,-1,-1,-1,-1,-1,-1,2,0,0,0,0,0,4,0,22,6,9,41.93209747,-87.71085707
0,435896,-1,35,0,0,0,3,11,6,1,0,0,0,0,-1,-1,-1,20,0,1112,-1,1,-1,-1,-1,-1,2,0,0,0,0,0,4,0,22,6,9,41.89439849,-87.71886809
0,435922,-1,30,3,2,0,3,12,2,2,0,0,0,0,-1,-1,1,22,0,1232,-1,-1,-1,-1,-1,-1,2,0,0,0,0,0,2,0,22,6,9,41.87926943,-87.65072729
0,435898,-1,30,1,2,0,3,10,8,2,0,-1,-1,0,-1,-1,-1,18,0,1814,-1,-1,-1,-1,-1,-1,2,0,0,0,0,0,2,0,22,6,9,41.91124966,-87.63330025
2,435906,-1,30,0,0,0,3,10,5,2,0,0,0,1,-1,-1,-1,18,-1,2411,-1,-1,-1,-1,-1,-1,4,2,0,0,2,0,3,0,22,6,9,42.01213841,-87.68713618
0,435914,0,45,0,0,0,3,10,3,4,1,0,0,0,-1,-1,1,0,0,1834,-1,-1,-1,1,2,-1,3,0,0,0,0,0,7,0,22,6,9,41.8912468,-87.61407891
0,439411,-1,30,0,0,0,4,0,5,-1,0,0,0,0,-1,1,-1,-1,-1,212,-1,-1,-1,-1,-1,-1,2,0,0,0,0,0,4,0,22,6,9,41.83098515,-87.61948415
0,436235,-1,30,1,2,0,0,14,2,2,0,0,0,0,-1,-1,-1,23,-1,1022,-1,-1,-1,-1,-1,-1,2,0,0,0,0,0,2,0,22,6,9,41.85853942,-87.70309153
0,435939,-1,30,0,0,0,0,12,6,-1,0,0,0,0,-1,-1,-1,17,21,1133,-1,-1,-1,-1,-1,-1,2,0,0,0,0,0,3,0,22,6,9,41.86800199,-87.72032508
0,435890,-1,30,1,2,0,3,10,5,-1,0,0,0,0,1,-1,-1,18,-1,131,-1,-1,-1,-1,-1,-1,2,0,0,0,0,0,2,0,22,6,9,41.85411292,-87.63027769
0,435867,-1,35,1,2,0,3,0,1,2,3,0,0,1,1,-1,-1,16,7,323,-1,-1,-1,-1,-1,-1,2,0,0,0,0,0,4,0,22,6,9,41.76571673,-87.60558403
2,435899,-1,30,1,2,0,3,14,12,-1,0,0,-1,1,1,-1,-1,17,-1,1612,-1,-1,-1,-1,-1,-1,2,3,0,0,3,0,0,0,22,6,9,41.99337669,-87.82193477
2,435852,1,30,0,0,0,3,7,5,2,0,0,0,1,-1,-1,-1,16,0,1531,-1,-1,-1,-1,-1,-1,3,1,0,0,1,0,0,0,22,6,9,41.89874606,-87.7502895
2,435970,-1,25,0,0,0,3,9,12,-1,0,0,0,1,-1,-1,1,25,-1,2424,-1,-1,-1,-1,-1,-1,2,1,0,0,1,0,1,0,22,6,9,42.00727086,-87.67371086
2,435869,-1,30,1,2,0,3,0,6,2,0,0,0,1,1,-1,-1,6,16,1832,-1,-1,-1,-1,-1,-1,2,1,0,0,1,0,3,0,22,6,9,41.89413978,-87.6312643
0,435863,-1,15,0,0,0,3,5,0,-1,0,0,0,1,-1,-1,1,14,17,1723,-1,-1,-1,-1,-1,-1,1,0,0,0,0,0,1,0,22,6,9,41.96183024,-87.72116679
0,436962,-1,30,0,0,0,-1,7,2,-1,0,0,0,0,-1,-1,-1,0,0,1831,-1,-1,-1,-1,-1,-1,2,0,0,0,0,0,1,0,22,6,9,41.88932859,-87.63054785
0,435796,-1,30,2,0,0,-1,10,2,-1,0,0,0,0,-1,-1,-1,-1,-1,2514,-1,-1,-1,-1,-1,-1,2,0,0,0,0,0,3,0,21,6,9,41.93149307,-87.75776298
0,435816,-1,35,1,2,0,0,10,5,4,0,0,0,0,1,-1,-1,18,18,2432,-1,-1,-1,-1,-1,-1,2,0,0,0,0,0,2,0,21,6,9,42.00343396,-87.66066487
2,435837,-1,30,0,0,0,3,14,2,2,0,0,0,1,-1,-1,-1,16,17,532,-1,-1,-1,-1,-1,-1,2,3,0,0,3,0,0,0,21,6,9,41.65922497,-87.61424205
0,436480,-1,30,-1,-1,-1,0,7,6,1,0,-1,-1,0,-1,-1,1,0,-1,825,-1,-1,-1,-1,-1,-1,2,0,0,0,0,0,1,0,21,6,9,41.77880209,-87.69231369
0,435830,-1,30,1,2,0,3,14,5,-1,0,0,0,1,-1,-1,1,6,14,832,-1,-1,-1,-1,-1,-1,2,0,0,0,0,0,2,0,21,6,9,41.77511152,-87.68367904
0,435826,-1,30,1,2,0,3,10,5,-1,0,0,0,0,1,-1,1,18,-1,123,-1,-1,-1,-1,-1,-1,2,0,0,0,0,0,2,0,21,6,9,41.86748292,-87.6304928
0,435877,-1,35,1,2,0,3,10,1,5,0,0,0,0,-1,-1,-1,7,18,815,-1,-1,-1,-1,-1,-1,2,0,0,0,0,0,2,0,21,6,9,41.80802865,-87.72373796
0,435813,-1,30,0,0,0,0,7,7,-1,0,0,0,0,-1,-1,-1,20,20,1712,-1,-1,-1,-1,-1,-1,2,0,0,0,0,0,2,0,21,6,9,41.96848537,-87.71587133
0,439069,-1,35,1,2,0,3,10,5,4,0,0,0,0,-1,-1,1,0,0,1931,-1,-1,-1,-1,-1,-1,2,0,0,0,0,0,2,0,21,6,9,41.92653433,-87.66834073
0,435900,-1,30,1,2,0,3,10,2,-1,0,0,0,0,-1,-1,1,18,18,1712,-1,-1,-1,-1,-1,-1,2,0,0,0,0,0,2,0,21,6,9,41.97564924,-87.72758369
0,446154,-1,30,0,0,0,0,7,5,2,0,0,0,0,-1,-1,-1,22,-1,222,-1,-1,-1,-1,-1,-1,2,0,0,0,0,0,1,0,21,6,9,41.80825968,-87.59695568
0,441558,-1,10,0,0,0,0,7,7,0,0,0,0,0,-1,0,1,0,-1,915,-1,-1,-1,-1,-1,-1,3,0,0,0,0,0,1,0,21,6,9,41.82835328,-87.63859205
0,435832,-1,30,1,2,0,3,10,5,6,0,0,0,0,0,-1,-1,18,16,821,-1,-1,-1,-1,-1,-1,2,0,0,0,0,0,2,0,21,6,9,41.80223147,-87.72327483
0,435825,-1,30,0,0,0,0,2,5,-1,0,0,0,1,-1,-1,-1,14,11,523,-1,-1,-1,-1,-1,-1,1,0,0,0,0,0,1,0,20,6,9,41.66350559,-87.62923484
0,436637,-1,10,0,0,0,3,7,5,2,0,0,0,0,-1,1,1,17,0,431,-1,-1,-1,-1,-1,-1,2,0,0,0,0,0,1,0,20,6,9,41.7153056,-87.55992036
0,436409,-1,30,1,2,0,1,10,5,4,0,0,-1,0,-1,-1,-1,0,0,632,-1,-1,-1,-1,-1,-1,1,0,0,0,0,0,1,0,20,6,9,41.73675996,-87.60476457
0,435806,-1,35,1,2,0,3,14,2,3,0,0,0,0,1,-1,1,21,23,832,-1,-1,-1,-1,-1,-1,2,0,0,0,0,0,5,0,20,6,9,41.76824397,-87.6831938
0,435772,-1,30,-1,-1,0,3,14,5,1,0,-1,-1,0,-1,-1,-1,23,-1,1821,-1,-1,-1,-1,-1,-1,2,0,0,0,0,0,2,0,20,6,9,41.90393142,-87.63660776
0,445105,-1,25,0,0,0,3,7,5,-1,0,0,0,0,-1,-1,-1,0,0,121,-1,-1,-1,-1,-1,-1,2,0,0,0,0,0,1,0,20,6,9,41.88184887,-87.63983085
0,442716,-1,30,1,2,0,3,12,2,4,0,0,0,0,1,-1,-1,21,0,1833,-1,-1,-1,-1,-1,-1,2,0,0,0,0,0,2,0,20,6,9,41.90075885,-87.62398426
0,439581,-1,30,1,2,0,3,12,5,-1,0,0,0,0,-1,-1,1,0,-1,1614,-1,-1,-1,-1,-1,-1,2,0,0,0,0,0,3,0,20,6,9,41.98784515,-87.84722618
0,438269,-1,30,1,2,0,1,12,6,-1,0,0,0,0,-1,-1,-1,21,21,121,-1,-1,-1,-1,-1,-1,2,0,0,0,0,0,3,0,20,6,9,41.88194712,-87.639833