MOST_SEVERE_INJURY,RD_NO,CRASH_DATE_EST_I,POSTED_SPEED_LIMIT,TRAFFIC_CONTROL_DEVICE,DEVICE_CONDITION,WEATHER_CONDITION,LIGHTING_CONDITION,FIRST_CRASH_TYPE,TRAFFICWAY_TYPE,LANE_CNT,ALIGNMENT,ROADWAY_SURFACE_COND,ROAD_DEFECT,CRASH_TYPE,INTERSECTION_RELATED_I,NOT_RIGHT_OF_WAY_I,HIT_AND_RUN_I,PRIM_CONTRIBUTORY_CAUSE,SEC_CONTRIBUTORY_CAUSE,BEAT_OF_OCCURRENCE,PHOTOS_TAKEN_I,STATEMENTS_TAKEN_I,DOORING_I,WORK_ZONE_I,WORK_ZONE_TYPE,WORKERS_PRESENT_I,NUM_UNITS,INJURIES_TOTAL,INJURIES_FATAL,INJURIES_INCAPACITATING,INJURIES_NON_INCAPACITATING,INJURIES_REPORTED_NOT_EVIDENT,INJURIES_NO_INDICATION,INJURIES_UNKNOWN,CRASH_HOUR,CRASH_DAY_OF_WEEK,CRASH_MONTH,LATITUDE,LONGITUDE
0,435811,-1,30,0,0,0,3,0,5,2,0,0,0,0,-1,-1,1,17,0,1014,-1,-1,-1,-1,-1,-1,2,0,0,0,0,0,2,0,20,6,9,41.85832666,-87.72479478
0,435779,-1,30,0,-1,0,3,10,5,-1,0,0,-1,0,-1,-1,-1,18,18,2533,-1,-1,-1,-1,-1,-1,2,0,0,0,0,0,2,0,20,6,9,41.91297045,-87.74581168
0,435764,-1,30,1,2,0,3,14,5,4,2,0,0,0,1,-1,-1,6,16,2212,-1,-1,-1,-1,-1,-1,2,0,0,0,0,0,2,0,20,6,9,41.6953463,-87.68141536
2,435740,-1,30,0,0,0,0,9,3,4,0,0,0,1,-1,-1,-1,17,-1,1834,-1,-1,-1,-1,-1,-1,2,1,0,0,1,0,3,0,20,6,9,41.89000134,-87.62143869
0,438390,-1,35,1,2,0,0,12,12,-1,0,0,0,0,1,-1,0,18,-1,1824,-1,-1,-1,-1,-1,-1,2,0,0,0,0,0,2,0,20,6,9,41.90106064,-87.6243689
0,437025,-1,30,0,0,0,3,7,5,-1,0,0,0,0,-1,-1,-1,20,-1,1434,-1,-1,-1,-1,-1,-1,2,0,0,0,0,0,1,0,20,6,9,41.91273042,-87.68132703
0,435756,-1,30,2,2,0,3,10,2,2,0,0,0,0,1,-1,-1,18,-1,2411,-1,-1,-1,-1,-1,-1,2,0,0,0,0,0,3,0,20,6,9,42.00525437,-87.683714
0,435710,-1,30,0,0,0,3,10,2,2,0,0,0,0,-1,-1,-1,7,0,813,-1,-1,-1,-1,-1,-1,2,0,0,0,0,0,2,0,19,6,9,41.77852421,-87.72474797
0,436736,-1,30,0,0,0,4,12,5,4,0,0,0,0,-1,-1,-1,21,23,131,-1,-1,-1,-1,-1,-1,2,0,0,0,0,0,2,0,19,6,9,41.8501705,-87.62388411
0,435728,-1,25,0,0,0,3,12,6,2,0,0,0,0,-1,-1,-1,11,-1,124,-1,-1,-1,-1,-1,-1,2,0,0,0,0,0,2,0,19,6,9,41.87524923,-87.64112621
0,435733,-1,30,1,2,0,3,10,2,4,0,0,0,0,-1,-1,-1,18,0,833,-1,-1,-1,-1,-1,-1,2,0,0,0,0,0,4,0,19,6,9,41.75496135,-87.7223163
0,435712,-1,30,0,0,0,3,0,5,-1,0,0,0,0,1,-1,-1,0,0,1214,-1,-1,-1,-1,-1,-1,2,0,0,0,0,0,2,0,19,6,9,41.89184551,-87.64881784
0,435703,-1,30,0,0,0,3,10,5,4,0,0,0,1,-1,-1,-1,16,0,1223,-1,-1,-1,-1,-1,-1,2,0,0,0,0,0,2,0,19,6,9,41.88317933,-87.68634215
2,435684,1,35,2,2,0,0,10,3,-1,0,0,-1,1,1,-1,-1,16,0,1021,-1,-1,-1,-1,-1,-1,2,1,0,0,1,0,1,0,19,6,9,41.86231613,-87.71292637
2,435707,-1,30,0,0,0,3,14,5,-1,0,0,0,1,-1,-1,-1,17,0,832,-1,-1,-1,-1,-1,-1,3,1,0,0,1,0,2,0,19,6,9,41.76250018,-87.68333001
1,435694,-1,25,2,2,0,3,0,5,-1,0,0,0,1,1,-1,-1,17,17,2012,-1,-1,-1,-1,-1,-1,2,2,0,0,0,2,1,0,19,6,9,41.97888599,-87.66845764
0,435730,-1,30,1,2,0,3,14,5,4,0,0,0,0,-1,-1,1,20,-1,822,-1,-1,-1,-1,-1,-1,2,0,0,0,0,0,3,0,19,6,9,41.79983442,-87.72320456
-1,435704,-1,25,0,0,0,0,12,6,-1,0,0,0,0,-1,-1,-1,-1,-1,1223,-1,-1,-1,-1,-1,-1,-1,-1,-1,-1,-1,-1,-1,-1,19,6,9,41.88317439,-87.68169614
0,435697,-1,30,0,0,0,4,0,5,-1,0,0,-1,0,-1,-1,-1,17,0,621,-1,-1,-1,-1,-1,-1,2,0,0,0,0,0,2,0,19,6,9,41.75599579,-87.64432824
3,435685,-1,30,3,2,0,4,14,12,4,0,0,0,1,1,-1,-1,21,11,132,-1,-1,-1,-1,-1,-1,2,1,0,1,0,0,2,0,19,6,9,41.86738791,-87.62049103
0,435680,-1,30,1,2,0,3,10,2,4,0,0,0,1,1,-1,-1,0,0,1731,-1,-1,-1,-1,-1,-1,2,0,0,0,0,0,2,0,19,6,9,41.93907041,-87.7370979
0,435735,-1,15,0,0,0,3,7,7,-1,0,0,0,0,-1,-1,-1,20,16,2513,-1,-1,-1,-1,-1,-1,2,0,0,0,0,0,2,0,19,6,9,41.90936279,-87.77564366
0,435660,-1,30,0,0,0,4,7,5,-1,0,0,0,0,-1,-1,-1,21,-1,123,-1,-1,-1,-1,-1,-1,2,0,0,0,0,0,1,0,18,6,9,41.87502631,-87.62615707
0,435653,-1,30,0,0,0,1,12,5,4,0,0,0,0,-1,-1,-1,17,0,1712,-1,-1,-1,-1,-1,-1,2,0,0,0,0,0,2,0,18,6,9,41.97552708,-87.7184817
0,435789,-1,30,0,0,0,1,0,5,2,0,0,2,0,-1,-1,1,0,0,2531,-1,-1,-1,-1,-1,-1,2,0,0,0,0,0,3,0,18,6,9,41.90948083,-87.76641097
0,435695,-1,30,0,0,0,1,12,5,-1,0,0,0,0,-1,-1,1,21,-1,835,-1,-1,-1,-1,-1,-1,2,0,0,0,0,0,2,0,18,6,9,41.75103603,-87.70091786
2,435629,-1,30,0,0,0,1,7,5,2,0,0,0,1,-1,-1,-1,0,0,233,-1,-1,-1,-1,-1,-1,2,1,0,0,1,0,0,0,18,6,9,41.79968837,-87.60619284
0,436543,-1,30,1,2,0,3,10,5,-1,0,0,0,0,1,-1,1,0,0,1215,-1,-1,-1,-1,-1,-1,2,0,0,0,0,0,2,0,18,6,9,41.89603005,-87.66714336
0,435705,-1,30,1,2,0,4,7,3,2,0,0,0,0,-1,-1,-1,0,0,911,-1,-1,-1,-1,-1,-1,2,0,0,0,0,0,2,0,18,6,9,41.82637705,-87.68506514
0,435640,-1,30,1,2,0,1,14,2,3,0,0,-1,0,1,-1,1,21,0,1925,-1,-1,-1,-1,-1,-1,2,0,0,0,0,0,2,0,18,6,9,41.9404429,-87.63863354
0,435788,-1,30,1,2,0,4,3,5,2,0,0,0,1,-1,-1,1,0,0,834,-1,-1,-1,-1,-1,-1,2,0,0,0,0,0,3,0,18,6,9,41.74786997,-87.70248685
2,435641,-1,30,1,2,0,1,9,5,-1,0,0,0,1,-1,-1,-1,33,-1,412,-1,-1,-1,-1,-1,-1,2,1,0,0,1,0,1,0,18,6,9,41.7369184,-87.59346963
-1,435607,-1,30,0,-1,0,1,14,5,-1,0,0,-1,1,-1,-1,1,16,16,324,-1,-1,-1,-1,-1,-1,-1,-1,-1,-1,-1,-1,-1,-1,18,6,9,41.75886162,-87.58756503
0,435725,-1,20,0,0,0,1,10,5,2,0,0,0,0,1,-1,-1,0,-1,334,-1,-1,-1,-1,-1,-1,2,0,0,0,0,0,2,0,18,6,9,41.7661952,-87.56290818
-1,435686,-1,30,1,2,0,1,14,5,-1,0,0,0,0,1,-1,-1,-1,-1,624,-1,-1,-1,-1,-1,-1,-1,-1,-1,-1,-1,-1,-1,-1,18,6,9,41.75677967,-87.61015692
0,452312,-1,35,-1,-1,-1,-1,7,-1,2,0,-1,-1,1,-1,-1,1,0,-1,1935,-1,-1,-1,-1,-1,-1,2,0,0,0,0,0,1,0,18,6,9,41.93024754,-87.64236898
0,435655,-1,30,1,2,0,1,14,5,2,0,0,0,0,1,-1,-1,0,-1,1211,-1,-1,-1,-1,-1,-1,2,0,0,0,0,0,2,0,18,6,9,41.89574116,-87.6968524
0,435636,-1,30,0,0,0,1,12,2,2,0,0,0,0,-1,-1,-1,22,11,834,-1,-1,-1,-1,-1,-1,2,0,0,0,0,0,2,0,18,6,9,41.73509191,-87.71426814
0,435681,-1,30,-1,0,0,4,10,5,2,0,0,0,1,-1,-1,-1,18,16,622,-1,-1,-1,-1,-1,-1,2,0,0,0,0,0,2,0,18,6,9,41.74561896,-87.64374768
0,436373,-1,30,0,0,0,2,5,2,-1,0,0,0,0,-1,-1,-1,-1,-1,212,-1,-1,-1,-1,-1,-1,1,0,0,0,0,0,1,0,18,6,9,41.83124221,-87.60567224
0,435620,-1,30,1,2,0,1,14,1,4,0,0,2,0,-1,-1,-1,11,33,911,-1,-1,-1,-1,-1,-1,2,0,0,0,0,0,2,0,18,6,9,41.83002728,-87.69493784
0,435617,-1,30,0,0,0,1,12,5,-1,0,0,0,0,-1,-1,-1,0,0,1824,-1,-1,-1,-1,-1,-1,2,0,0,0,0,0,2,0,18,6,9,41.90075297,-87.624235
0,435602,-1,30,2,2,0,1,0,2,2,0,0,0,0,1,-1,-1,17,0,1922,-1,-1,-1,-1,-1,-1,2,0,0,0,0,0,3,0,18,6,9,41.94777404,-87.6760072
0,436507,-1,30,0,0,0,1,12,6,-1,0,0,0,0,-1,-1,-1,17,17,1231,-1,-1,-1,-1,-1,-1,2,0,0,0,0,0,2,0,17,6,9,41.87748307,-87.66867662
0,435595,1,20,0,0,0,1,7,6,1,0,0,0,1,-1,-1,-1,0,-1,1933,-1,-1,-1,-1,-1,-1,2,0,0,0,0,0,1,0,17,6,9,41.93811662,-87.65954401
0,435904,-1,35,0,0,0,1,12,1,7,0,0,0,0,-1,-1,-1,21,16,834,-1,-1,-1,-1,-1,-1,2,0,0,0,0,0,2,0,17,6,9,41.7532301,-87.72218078
0,435571,-1,30,2,2,0,1,0,5,-1,0,0,0,0,-1,-1,-1,17,17,1011,-1,-1,-1,-1,-1,-1,2,0,0,0,0,0,3,0,17,6,9,41.86228684,-87.73499199
0,435565,-1,30,3,2,0,1,14,2,2,0,0,0,1,-1,-1,-1,21,21,1532,-1,0,-1,-1,-1,-1,2,0,0,0,0,0,2,0,17,6,9,41.88574887,-87.74561598
0,435520,-1,10,0,0,0,1,7,12,1,0,0,0,0,-1,1,1,25,-1,723,-1,-1,-1,-1,-1,-1,2,0,0,0,0,0,1,0,17,6,9,41.77960232,-87.64715316
0,441056,-1,30,1,2,0,1,10,5,2,0,0,0,0,1,-1,-1,18,-1,1232,-1,-1,-1,-1,-1,-1,3,0,0,0,0,0,5,0,17,6,9,41.86488454,-87.64670361
0,436340,-1,25,0,0,0,1,7,5,-1,0,0,0,0,-1,-1,1,0,-1,1113,-1,-1,-1,-1,-1,-1,2,0,0,0,0,0,1,0,17,6,9,41.88648277,-87.74524917
0,435623,-1,30,1,2,0,4,0,5,2,0,0,0,0,1,-1,-1,33,6,1235,-1,-1,-1,-1,-1,-1,2,0,0,0,0,0,2,0,17,6,9,41.85256485,-87.65878715
0,435588,-1,30,0,0,0,1,0,5,-1,0,0,0,0,-1,-1,1,0,0,1234,-1,-1,-1,-1,-1,-1,2,0,0,0,0,0,2,0,17,6,9,41.85766526,-87.6673002
2,435544,-1,30,1,2,0,1,14,5,-1,0,0,0,1,1,-1,-1,17,17,423,-1,-1,-1,-1,-1,-1,2,1,0,0,1,0,1,0,17,6,9,41.7445812,-87.55290202
0,436684,-1,30,0,0,0,1,7,5,-1,0,0,0,0,-1,-1,-1,11,-1,1422,-1,-1,-1,-1,-1,-1,2,0,0,0,0,0,1,0,17,6,9,41.91177685,-87.71101017
0,435552,-1,30,2,-1,0,1,10,5,-1,0,-1,-1,0,1,-1,1,0,-1,914,-1,-1,-1,-1,-1,-1,2,0,0,0,0,0,2,0,17,6,9,41.85265075,-87.63918825
2,435542,-1,30,1,2,0,1,10,2,4,0,0,0,1,-1,-1,-1,27,0,911,-1,-1,-1,-1,-1,-1,2,1,0,0,1,0,2,0,17,6,9,41.83032422,-87.68518233
0,435518,-1,30,1,2,0,1,12,5,-1,0,0,0,0,1,-1,1,22,-1,815,-1,-1,-1,-1,-1,-1,2,0,0,0,0,0,2,0,17,6,9,41.80757689,-87.73963412
0,440551,-1,30,3,2,0,1,7,2,2,0,0,0,0,-1,-1,1,0,-1,611,-1,-1,-1,-1,-1,-1,2,0,0,0,0,0,1,0,17,6,9,41.74878767,-87.66355259
0,436486,-1,30,0,0,0,1,10,2,-1,0,0,0,0,-1,-1,-1,17,18,124,-1,-1,-1,-1,-1,-1,2,0,0,0,0,0,2,0,17,6,9,41.87518714,-87.64092257
0,436382,-1,30,0,0,0,1,7,2,-1,0,0,0,0,-1,-1,1,0,-1,1023,-1,-1,-1,-1,-1,-1,2,0,0,0,0,0,1,0,17,6,9,41.86649141,-87.68714284
0,435575,-1,30,0,0,0,4,12,5,-1,0,0,0,0,-1,-1,-1,22,16,2521,-1,-1,-1,-1,-1,-1,2,0,0,0,0,0,6,0,17,6,9,41.93148471,-87.74673983
0,435569,-1,30,1,2,0,1,14,5,-1,0,0,0,1,1,-1,1,17,11,1931,-1,-1,-1,-1,-1,-1,2,0,0,0,0,0,3,0,17,6,9,41.92881201,-87.67386217
0,435650,-1,30,2,2,0,1,12,6,-1,0,0,0,0,-1,-1,-1,0,0,133,-1,-1,-1,-1,-1,-1,2,0,0,0,0,0,3,0,17,6,9,41.84711785,-87.62602503
0,435566,-1,40,0,0,0,1,3,3,5,0,0,0,1,-1,-1,-1,21,-1,1614,-1,-1,-1,-1,-1,-1,3,0,0,0,0,0,4,0,17,6,9,41.96649634,-87.84720434
0,435534,-1,30,0,0,0,1,10,5,-1,0,0,0,0,-1,-1,-1,17,18,1931,-1,-1,-1,-1,-1,-1,2,0,0,0,0,0,2,0,17,6,9,41.93239416,-87.67817303
0,435530,-1,30,1,2,0,1,10,5,4,0,0,0,1,0,-1,-1,16,-1,924,-1,-1,-1,-1,-1,-1,4,0,0,0,0,0,13,0,17,6,9,41.82277458,-87.66512321
2,435486,-1,30,2,2,0,1,8,2,2,0,0,0,1,1,-1,-1,17,-1,1231,-1,-1,-1,-1,-1,-1,2,1,0,0,1,0,1,0,17,6,9,41.87280585,-87.66921747
0,435492,-1,30,1,2,0,1,14,2,6,0,0,0,1,1,-1,-1,17,17,1831,-1,-1,-1,-1,-1,-1,2,0,0,0,0,0,4,0,17,6,9,41.89084146,-87.63270628
0,446382,-1,30,0,0,0,1,7,5,2,0,0,0,0,-1,-1,-1,0,-1,114,-1,-1,-1,-1,-1,-1,2,0,0,0,0,0,2,0,17,6,9,41.88463208,-87.62224799
0,435581,-1,30,1,2,0,1,12,6,-1,0,-1,-1,0,1,-1,-1,22,-1,623,-1,-1,-1,-1,-1,-1,2,0,0,0,0,0,3,0,17,6,9,41.75089105,-87.62596851
0,435576,1,15,0,0,-1,-1,7,7,1,0,-1,-1,0,-1,1,1,0,0,1932,-1,-1,-1,-1,-1,-1,2,0,0,0,0,0,1,0,17,6,9,41.9287781,-87.66097588
0,435548,-1,30,1,2,0,1,14,5,4,0,0,0,1,1,-1,1,0,-1,1113,-1,-1,-1,-1,-1,-1,2,0,0,0,0,0,2,0,17,6,9,41.88327916,-87.73816296
0,443066,-1,30,0,0,0,1,7,5,2,0,0,0,0,-1,-1,1,0,-1,1212,-1,-1,-1,-1,-1,-1,2,0,0,0,0,0,1,0,17,6,9,41.89606767,-87.67418988
0,435489,-1,30,1,2,0,1,10,2,4,0,0,0,0,1,-1,1,18,0,2413,-1,0,-1,-1,-1,-1,2,0,0,0,0,0,2,0,17,6,9,41.99423761,-87.68991606
1,435501,-1,30,1,2,0,1,14,8,4,0,0,0,1,1,-1,-1,23,17,414,-1,1,-1,-1,-1,-1,2,1,0,0,0,1,4,0,17,6,9,41.74434521,-87.57570701
0,435817,-1,30,0,0,0,1,12,2,8,0,0,0,0,-1,-1,-1,0,0,1833,-1,-1,-1,-1,-1,-1,2,0,0,0,0,0,2,0,17,6,9,41.89838112,-87.61828802
0,435656,-1,30,1,2,0,1,10,5,-1,0,-1,-1,0,-1,-1,-1,0,0,1533,-1,-1,-1,-1,-1,-1,2,0,0,0,0,0,2,0,17,6,9,41.86600604,-87.74481738
0,435564,-1,30,1,1,0,1,14,3,3,0,0,0,0,1,-1,-1,23,21,715,1,-1,-1,-1,-1,-1,2,0,0,0,0,0,2,0,17,6,9,41.79347836,-87.67442622
0,435483,-1,30,1,2,0,1,14,6,3,0,0,0,0,1,-1,-1,23,0,211,-1,-1,-1,-1,-1,-1,2,0,0,0,0,0,7,0,17,6,9,41.83822701,-87.63017264
0,435448,-1,30,0,0,0,1,12,5,2,0,0,-1,0,-1,-1,-1,22,-1,1522,-1,-1,-1,-1,-1,-1,2,0,0,0,0,0,2,0,17,6,9,41.882192,-87.76059927
2,435442,-1,25,0,0,0,1,2,6,4,0,0,0,1,-1,-1,-1,0,-1,124,-1,-1,-1,-1,-1,-1,1,1,0,0,1,0,0,0,16,6,9,41.86981997,-87.64242297
0,436324,-1,30,2,-1,0,1,10,5,-1,0,0,0,0,1,-1,-1,18,18,114,-1,-1,0,-1,-1,-1,2,0,0,0,0,0,2,0,16,6,9,41.86759463,-87.62249747
0,435495,-1,30,0,0,0,1,10,5,4,0,-1,-1,0,-1,-1,-1,0,0,2531,-1,-1,-1,-1,-1,-1,2,0,0,0,0,0,2,0,16,6,9,41.90925997,-87.76648207
0,435494,-1,30,0,0,0,1,10,5,-1,0,0,0,0,-1,-1,-1,18,0,1623,-1,-1,-1,-1,-1,-1,2,0,0,0,0,0,2,0,16,6,9,41.97507495,-87.76113814
0,435473,-1,30,0,0,0,1,10,5,2,0,0,-1,0,-1,-1,-1,0,0,2223,-1,-1,-1,-1,-1,-1,2,0,0,0,0,0,2,0,16,6,9,41.71401364,-87.65198015
0,435446,-1,30,0,0,0,1,10,2,-1,0,0,0,0,-1,-1,1,18,-1,1634,-1,-1,-1,-1,-1,-1,2,0,0,0,0,0,2,0,16,6,9,41.94422506,-87.75671852
0,435399,-1,30,0,2,0,1,10,5,-1,0,0,0,0,-1,-1,-1,22,-1,2212,-1,-1,-1,-1,-1,-1,2,0,0,0,0,0,2,0,16,6,9,41.69172739,-87.68130013
0,437805,-1,10,0,0,0,1,0,7,1,0,0,0,0,-1,1,-1,0,-1,1134,-1,-1,-1,-1,-1,-1,2,0,0,0,0,0,2,0,16,6,9,41.87063901,-87.7059612
2,435689,-1,25,-1,-1,0,-1,9,2,2,0,0,0,1,-1,-1,1,17,0,1925,-1,-1,-1,-1,-1,-1,2,1,0,0,1,0,1,0,16,6,9,41.94017908,-87.6429298
0,435437,-1,30,2,-1,0,1,0,5,2,0,0,-1,0,1,-1,1,17,-1,1233,-1,-1,-1,-1,-1,-1,2,0,0,0,0,0,2,0,16,6,9,41.8615318,-87.66887974
0,435482,-1,30,1,2,0,1,14,5,2,0,0,0,0,1,-1,-1,0,-1,1231,-1,-1,-1,-1,-1,-1,2,0,0,0,0,0,2,0,16,6,9,41.86904988,-87.6761674
0,436412,-1,30,2,2,0,1,0,5,1,0,0,0,1,1,-1,1,5,5,333,-1,-1,-1,-1,-1,-1,2,0,0,0,0,0,2,0,16,6,9,41.76247476,-87.57144619
0,436359,-1,25,12,12,0,1,9,5,2,0,0,0,0,0,-1,-1,17,-1,1612,-1,-1,-1,-1,-1,-1,2,0,0,0,0,0,3,0,16,6,9,41.99116179,-87.79954688
0,436357,-1,30,0,0,0,0,12,5,-1,3,0,0,0,-1,-1,-1,18,18,713,-1,-1,-1,-1,-1,-1,2,0,0,0,0,0,2,0,16,6,9,41.78455828,-87.66419713
0,435616,-1,20,0,0,0,1,7,6,2,0,0,0,0,-1,-1,1,0,0,1225,-1,-1,-1,-1,-1,-1,2,0,0,0,0,0,1,0,16,6,9,41.87761166,-87.67422787
0,435592,-1,30,0,0,0,1,0,6,2,0,0,0,0,-1,-1,-1,0,0,613,-1,-1,-1,-1,-1,-1,2,0,0,0,0,0,2,0,16,6,9,41.74494416,-87.65373716
0,435503,-1,30,2,1,0,1,10,5,2,0,0,0,0,-1,-1,-1,7,6,2521,-1,-1,-1,-1,-1,-1,2,0,0,0,0,0,3,0,16,6,9,41.93168682,-87.74317292
0,435430,-1,30,0,0,0,1,0,2,1,0,0,0,0,-1,-1,-1,0,-1,124,-1,-1,-1,-1,-1,-1,2,0,0,0,0,0,2,0,16,6,9,41.86729033,-87.64057587
0,435401,-1,30,0,0,0,1,10,2,4,0,0,0,0,-1,-1,-1,18,-1,1231,-1,-1,-1,-1,-1,-1,2,0,0,0,0,0,3,0,16,6,9,41.86693362,-87.67129097
0,435381,-1,30,0,0,0,1,12,5,4,0,-1,-1,0,-1,-1,-1,-1,-1,2515,-1,-1,-1,-1,-1,-1,2,0,0,0,0,0,3,0,16,6,9,41.91767081,-87.76052565
0,435387,-1,30,0,0,0,1,2,5,-1,0,0,0,1,-1,-1,-1,0,0,731,-1,-1,-1,-1,-1,-1,1,0,0,0,0,0,1,0,16,6,9,41.76398366,-87.62988309
0,435509,-1,30,0,0,0,1,8,5,-1,0,0,0,0,-1,-1,-1,17,-1,2013,-1,-1,1,-1,-1,-1,2,0,0,0,0,0,1,0,16,6,9,41.97960411,-87.66813217
0,435419,1,30,0,0,0,1,11,5,-1,0,0,0,0,-1,-1,1,0,0,1413,-1,-1,-1,-1,-1,-1,2,0,0,0,0,0,7,0,16,6,9,41.92084367,-87.71607355
0,435449,-1,30,0,0,0,1,12,2,2,0,0,0,0,-1,-1,-1,22,0,1431,-1,-1,-1,-1,-1,-1,2,0,0,0,0,0,4,0,16,6,9,41.9212605,-87.68767621
0,435378,-1,30,0,0,0,1,14,5,2,0,0,0,0,1,-1,-1,17,-1,831,-1,-1,-1,-1,-1,-1,2,0,0,0,0,0,2,0,16,6,9,41.76246372,-87.70290451
3,438922,-1,35,0,0,0,1,10,5,-1,0,0,0,1,-1,-1,-1,0,0,1833,-1,-1,-1,-1,-1,-1,2,1,0,1,0,0,1,0,16,6,9,41.89960934,-87.61873522
0,435645,-1,10,0,0,0,1,7,7,-1,0,-1,-1,0,-1,1,1,0,-1,222,-1,-1,-1,-1,-1,-1,2,0,0,0,0,0,1,0,16,6,9,41.80953478,-87.59245022
0,435639,-1,30,0,0,0,1,12,6,1,0,0,-1,0,-1,-1,1,22,-1,1522,-1,-1,-1,-1,-1,-1,2,0,0,0,0,0,2,0,16,6,9,41.880579,-87.76027649
0,435562,-1,30,0,0,0,1,14,5,-1,0,0,0,0,-1,-1,-1,17,16,1633,-1,-1,-1,-1,-1,-1,2,0,0,0,0,0,2,0,16,6,9,41.93863561,-87.77020598
0,435519,-1,30,2,2,0,1,0,2,2,0,0,0,0,-1,-1,-1,17,0,432,-1,-1,-1,-1,-1,-1,2,0,0,0,0,0,2,0,16,6,9,41.70265334,-87.53784986
0,435391,-1,30,0,0,0,1,10,12,4,0,0,0,0,-1,-1,-1,11,11,821,-1,-1,-1,-1,-1,-1,2,0,0,0,0,0,2,0,16,6,9,41.80618456,-87.7040662
0,435350,1,30,0,0,0,1,0,6,-1,0,0,0,0,-1,-1,1,-1,-1,1434,-1,-1,-1,-1,-1,-1,2,0,0,0,0,0,3,0,16,6,9,41.91094786,-87.68494897
2,435359,-1,30,1,2,0,1,10,5,2,0,0,0,1,-1,-1,-1,12,-1,2232,-1,-1,-1,-1,-1,-1,2,1,0,0,1,0,2,0,15,6,9,41.70703652,-87.64201736
0,435348,-1,35,0,0,0,1,12,2,-1,0,0,0,0,-1,-1,-1,0,-1,935,-1,-1,-1,-1,-1,-1,2,0,0,0,0,0,2,0,15,6,9,41.79443263,-87.6439857
0,439651,-1,0,0,0,0,1,10,2,-1,0,0,0,0,-1,-1,-1,18,-1,1213,-1,-1,-1,-1,-1,-1,2,0,0,0,0,0,2,0,15,6,9,41.89992692,-87.660888
0,435499,1,30,0,0,0,1,12,2,2,0,0,0,1,1,-1,-1,22,-1,313,-1,-1,-1,-1,-1,-1,2,0,0,0,0,0,2,0,15,6,9,41.78571552,-87.609865
0,435333,-1,30,0,0,0,1,10,5,2,0,0,0,0,-1,-1,-1,18,16,131,-1,-1,-1,-1,-1,-1,2,0,0,0,0,0,2,0,15,6,9,41.86231676,-87.62744913
0,435321,-1,30,0,0,0,1,12,6,-1,0,0,0,1,-1,-1,-1,0,-1,811,-1,-1,-1,-1,-1,-1,3,0,0,0,0,0,2,0,15,6,9,41.79016312,-87.79632752
0,441861,-1,30,0,0,0,1,10,6,2,0,0,0,0,1,-1,-1,16,18,813,-1,-1,-1,-1,-1,-1,2,0,0,0,0,0,2,0,15,6,9,41.78932932,-87.74164564
3,436754,-1,30,2,2,0,1,9,6,1,0,0,0,1,1,-1,-1,17,0,1834,1,-1,-1,-1,-1,-1,2,1,0,1,0,0,2,0,15,6,9,41.89420322,-87.62685554
0,435461,-1,30,1,2,0,1,12,5,-1,0,0,0,0,-1,-1,1,0,-1,1733,-1,-1,-1,-1,-1,-1,2,0,0,0,0,0,2,0,15,6,9,41.93941643,-87.70999319
2,435377,-1,30,1,2,0,1,10,3,-1,0,0,0,1,1,-1,-1,18,-1,2413,-1,-1,-1,-1,-1,-1,2,1,0,0,1,0,2,0,15,6,9,41.99091789,-87.7080104
1,435465,-1,30,2,2,0,1,10,5,2,0,0,0,1,-1,-1,-1,20,-1,1221,-1,-1,-1,-1,-1,-1,2,1,0,0,0,1,2,0,15,6,9,41.88952719,-87.68203937
0,442045,-1,30,0,0,0,1,10,5,-1,0,0,0,0,-1,-1,-1,-1,-1,833,-1,-1,-1,-1,-1,-1,2,0,0,0,0,0,2,0,15,6,9,41.76038824,-87.74162717
0,435586,-1,30,0,0,0,1,7,5,-1,0,0,0,0,-1,-1,1,0,0,1832,-1,-1,-1,-1,-1,-1,2,0,0,0,0,0,2,0,15,6,9,41.90048218,-87.62838913
2,435775,-1,30,0,0,0,1,14,5,-1,0,0,0,1,-1,-1,-1,0,0,323,-1,-1,-1,-1,-1,-1,2,1,0,0,1,0,1,0,15,6,9,41.7625576,-87.60535041
3,435325,-1,30,2,2,0,1,9,5,-1,0,0,0,1,1,-1,-1,17,-1,815,-1,-1,-1,-1,-1,-1,2,1,0,1,0,0,1,0,15,6,9,41.80935691,-87.74304765
0,436392,-1,25,0,0,0,1,12,6,1,0,0,0,0,-1,-1,1,0,-1,1231,-1,-1,-1,-1,-1,-1,2,0,0,0,0,0,2,0,15,6,9,41.87623602,-87.66731434
0,435553,-1,30,2,2,0,1,0,5,2,0,0,0,0,-1,-1,1,0,0,1531,-1,-1,-1,-1,-1,-1,2,0,0,0,0,0,2,0,15,6,9,41.89506006,-87.75451922
0,435529,-1,30,1,2,0,1,3,5,2,0,0,0,0,1,-1,-1,17,17,911,-1,-1,-1,-1,-1,-1,3,0,0,0,0,0,3,0,15,6,9,41.8377949,-87.68514875
0,435485,-1,30,0,0,0,1,7,2,2,0,0,0,0,-1,-1,-1,0,0,2524,-1,-1,-1,-1,-1,-1,2,0,0,0,0,0,1,0,15,6,9,41.9282813,-87.72496812
0,435429,-1,30,1,2,0,1,14,5,-1,0,0,-1,0,-1,-1,-1,23,23,1224,-1,-1,-1,-1,-1,-1,2,0,0,0,0,0,2,0,15,6,9,41.881872,-87.64850428