MOST_SEVERE_INJURY,RD_NO,CRASH_DATE_EST_I,POSTED_SPEED_LIMIT,TRAFFIC_CONTROL_DEVICE,DEVICE_CONDITION,WEATHER_CONDITION,LIGHTING_CONDITION,FIRST_CRASH_TYPE,TRAFFICWAY_TYPE,LANE_CNT,ALIGNMENT,ROADWAY_SURFACE_COND,ROAD_DEFECT,CRASH_TYPE,INTERSECTION_RELATED_I,NOT_RIGHT_OF_WAY_I,HIT_AND_RUN_I,PRIM_CONTRIBUTORY_CAUSE,SEC_CONTRIBUTORY_CAUSE,BEAT_OF_OCCURRENCE,PHOTOS_TAKEN_I,STATEMENTS_TAKEN_I,DOORING_I,WORK_ZONE_I,WORK_ZONE_TYPE,WORKERS_PRESENT_I,NUM_UNITS,INJURIES_TOTAL,INJURIES_FATAL,INJURIES_INCAPACITATING,INJURIES_NON_INCAPACITATING,INJURIES_REPORTED_NOT_EVIDENT,INJURIES_NO_INDICATION,INJURIES_UNKNOWN,CRASH_HOUR,CRASH_DAY_OF_WEEK,CRASH_MONTH,LATITUDE,LONGITUDE
0,435345,-1,30,2,2,0,1,7,5,1,0,0,0,1,-1,-1,-1,16,0,333,-1,-1,-1,-1,-1,-1,3,0,0,0,0,0,2,0,15,6,9,41.763543,-87.57662126
0,435328,-1,25,1,2,0,1,14,5,-1,0,0,0,0,1,-1,-1,-1,-1,1224,-1,-1,-1,-1,-1,-1,2,0,0,0,0,0,2,0,15,6,9,41.8818745,-87.64832858
0,435347,-1,30,1,2,0,1,12,5,-1,0,0,0,0,-1,-1,-1,0,0,1033,-1,-1,-1,-1,-1,-1,2,0,0,0,0,0,2,0,15,6,9,41.85174297,-87.69915224
0,435589,1,30,0,0,0,1,12,5,-1,0,0,0,0,-1,-1,1,18,-1,2433,-1,-1,-1,-1,-1,-1,2,0,0,0,0,0,2,0,15,6,9,41.99456814,-87.6685227
0,435538,-1,5,0,0,0,1,10,12,1,2,0,0,0,-1,0,-1,20,11,2221,-1,-1,-1,-1,-1,-1,2,0,0,0,0,0,5,0,15,6,9,41.73560144,-87.66899263
0,435307,-1,30,0,0,0,1,14,2,2,0,0,0,0,-1,-1,-1,0,0,735,-1,-1,-1,-1,-1,-1,3,0,0,0,0,0,3,0,15,6,9,41.76514664,-87.67339503
0,435452,-1,30,1,2,0,1,7,2,4,0,0,0,1,-1,-1,-1,27,11,835,-1,-1,-1,-1,-1,-1,3,0,0,0,0,0,2,0,15,6,9,41.75880488,-87.68323325
0,435331,-1,30,1,2,0,1,0,2,4,0,0,0,1,1,-1,-1,8,25,312,-1,-1,-1,-1,-1,-1,3,0,0,0,0,0,4,0,15,6,9,41.77870496,-87.60583035
0,445151,-1,30,1,2,0,1,10,5,-1,0,0,0,0,1,-1,-1,-1,-1,1214,-1,-1,-1,-1,-1,-1,2,0,0,0,0,0,2,0,15,6,9,41.88830002,-87.64446185
0,435836,1,30,2,-1,0,1,14,5,2,0,0,-1,0,-1,-1,-1,-1,-1,922,-1,-1,-1,-1,-1,-1,2,0,0,0,0,0,2,0,15,6,9,41.8085073,-87.68694813
0,435459,-1,30,1,2,0,1,14,5,4,0,0,0,0,-1,-1,-1,18,18,911,-1,-1,-1,-1,-1,-1,3,0,0,0,0,0,3,0,15,6,9,41.8377949,-87.68514875
0,435372,-1,30,1,2,0,1,12,5,2,0,0,0,0,-1,-1,-1,22,3,1023,-1,-1,-1,-1,-1,-1,2,0,0,0,0,0,2,0,15,6,9,41.86646859,-87.69575978
0,435316,-1,20,3,2,0,1,7,6,2,0,0,0,0,-1,-1,-1,-1,-1,1651,-1,-1,-1,-1,-1,-1,2,0,0,0,0,0,1,0,15,6,9,-1,-1
0,435327,-1,30,1,2,0,1,14,5,-1,0,0,0,0,1,-1,1,17,23,1235,-1,-1,-1,-1,-1,-1,2,0,0,0,0,0,2,0,15,6,9,41.85755666,-87.63887417
0,435261,-1,30,2,2,0,1,0,5,-1,0,0,0,0,-1,-1,-1,-1,-1,814,-1,-1,-1,-1,-1,-1,2,0,0,0,0,0,2,0,15,6,9,41.80740102,-87.75165637
2,435300,-1,30,0,0,0,1,12,5,-1,0,0,0,1,-1,-1,-1,21,-1,1931,-1,-1,-1,-1,-1,-1,2,2,0,0,1,1,0,0,15,6,9,41.93669224,-87.68784558
0,447814,-1,30,0,0,0,1,7,7,-1,0,0,0,0,-1,1,-1,0,0,921,-1,-1,-1,-1,-1,-1,2,0,0,0,0,0,1,0,15,6,9,41.82203028,-87.69106596
0,437907,-1,30,0,0,0,1,10,2,-1,0,0,0,0,-1,-1,-1,18,18,2032,-1,-1,-1,-1,-1,-1,2,0,0,0,0,0,3,0,15,6,9,41.96897364,-87.67094364
0,435514,-1,30,2,2,0,1,14,5,-1,0,0,0,0,1,-1,-1,0,0,1033,-1,-1,-1,-1,-1,-1,2,0,0,0,0,0,2,0,15,6,9,41.84459332,-87.7002947
0,435408,-1,30,0,0,0,1,14,5,2,0,0,0,0,-1,-1,-1,17,-1,1614,-1,-1,-1,-1,-1,-1,2,0,0,0,0,0,2,0,15,6,9,41.98364779,-87.82358653
0,435406,-1,30,0,0,0,1,14,2,-1,0,0,0,1,0,-1,-1,-1,-1,235,-1,-1,-1,-1,-1,-1,2,0,0,0,0,0,2,0,15,6,9,41.79510594,-87.58770941
0,435286,-1,30,0,0,0,1,7,5,-1,0,0,0,0,-1,-1,-1,-1,-1,1231,-1,-1,-1,-1,-1,-1,2,0,0,0,0,0,1,0,15,6,9,41.8684063,-87.66355019
0,435274,-1,30,0,0,0,1,10,5,-1,0,0,0,0,-1,-1,-1,18,-1,1633,-1,-1,-1,-1,-1,-1,2,0,0,0,0,0,2,0,15,6,9,41.9530697,-87.76721417
0,435264,-1,30,0,0,0,1,10,12,-1,0,0,0,0,-1,-1,-1,20,20,1612,-1,-1,-1,-1,-1,-1,2,0,0,0,0,0,2,0,14,6,9,41.98995879,-87.79511275
0,435355,-1,30,2,2,0,1,0,5,-1,0,0,0,1,1,-1,-1,5,-1,612,-1,-1,-1,-1,-1,-1,2,0,0,0,0,0,2,0,14,6,9,41.75397186,-87.65882803
0,439601,-1,30,0,0,0,1,11,5,-1,0,0,0,0,-1,-1,-1,0,11,1122,-1,-1,-1,-1,-1,-1,2,0,0,0,0,0,2,0,14,6,9,41.88981431,-87.71853335
0,435338,-1,30,0,0,0,1,12,6,-1,0,0,0,0,-1,-1,-1,0,0,915,-1,-1,-1,-1,-1,-1,2,0,0,0,0,0,2,0,14,6,9,41.82720231,-87.63156539
0,435244,-1,30,1,2,0,1,12,2,3,0,0,-1,0,-1,-1,-1,17,7,1934,-1,-1,-1,-1,-1,-1,2,0,0,0,0,0,2,0,14,6,9,41.93291165,-87.6448266
0,436506,-1,35,0,0,0,1,12,5,4,0,0,0,0,-1,-1,1,-1,-1,1022,-1,-1,-1,-1,-1,-1,2,0,0,0,0,0,2,0,14,6,9,41.85928369,-87.70196298
0,435675,-1,30,1,2,0,1,10,5,5,0,-1,-1,0,-1,-1,-1,18,18,1733,-1,-1,-1,-1,-1,-1,2,0,0,0,0,0,5,0,14,6,9,41.94674003,-87.70787549
0,435283,-1,30,0,0,0,1,0,5,4,2,0,0,0,-1,-1,-1,17,11,2212,-1,-1,-1,-1,-1,-1,2,0,0,0,0,0,2,0,14,6,9,41.69696267,-87.68146756
0,435255,-1,30,0,0,0,1,12,5,4,0,0,0,0,-1,-1,-1,21,21,1623,-1,-1,-1,-1,-1,-1,2,0,0,0,0,0,2,0,14,6,9,41.96802701,-87.75664931
1,435443,-1,35,1,2,0,1,10,5,-1,0,0,-1,1,1,-1,-1,8,16,1013,-1,-1,-1,-1,-1,-1,2,1,0,0,0,1,2,0,14,6,9,41.85095796,-87.72477522
0,435291,1,30,0,0,0,1,10,5,-1,0,0,0,0,-1,-1,1,18,-1,2013,-1,-1,-1,-1,-1,-1,2,0,0,0,0,0,2,0,14,6,9,41.98425875,-87.66086972
0,435251,-1,30,1,2,0,1,12,3,6,0,0,0,0,-1,-1,-1,0,0,813,-1,-1,-1,-1,-1,-1,2,0,0,0,0,0,3,0,14,6,9,41.79262153,-87.7419203
0,435220,-1,30,0,0,0,1,14,5,-1,0,0,0,0,1,-1,-1,23,17,131,-1,-1,-1,-1,-1,-1,2,0,0,0,0,0,2,0,14,6,9,41.85652572,-87.63034289
0,442368,-1,30,0,0,0,1,14,5,-1,0,0,-1,0,-1,-1,-1,28,28,331,-1,-1,-1,-1,-1,-1,2,0,0,0,0,0,2,0,14,6,9,41.76700833,-87.57080589
0,436603,-1,30,0,0,0,1,7,6,1,0,0,0,0,-1,-1,-1,7,0,414,-1,-1,-1,-1,-1,-1,2,0,0,0,0,0,1,0,14,6,9,41.74736246,-87.5721068
0,435528,-1,30,-1,-1,0,1,8,12,4,0,0,0,0,-1,-1,-1,17,0,811,-1,-1,-1,-1,-1,-1,2,0,0,0,0,0,2,0,14,6,9,41.78897044,-87.76231074
2,435242,-1,30,1,2,0,1,10,6,2,0,0,0,1,1,-1,1,16,0,1224,-1,-1,-1,-1,-1,-1,2,1,0,0,1,0,3,0,14,6,9,41.87908505,-87.66204617
0,435239,-1,30,2,2,0,1,0,6,-1,0,0,0,0,-1,-1,-1,11,16,213,-1,-1,-1,-1,-1,-1,2,0,0,0,0,0,2,0,14,6,9,41.81825661,-87.62292661
0,435226,-1,30,1,2,0,1,10,5,4,2,0,3,0,1,-1,-1,18,16,2221,-1,-1,-1,1,2,-1,2,0,0,0,0,0,2,0,14,6,9,41.73561439,-87.66798285
2,435209,-1,30,1,2,0,1,12,3,4,0,0,0,1,-1,-1,-1,21,16,123,-1,-1,-1,-1,-1,-1,2,1,0,0,1,0,2,0,14,6,9,41.87454522,-87.6274641
3,435213,-1,30,0,0,0,1,11,5,2,0,0,-1,1,-1,-1,-1,4,16,1012,-1,-1,-1,-1,-1,-1,2,1,0,1,0,0,1,0,14,6,9,41.85438044,-87.72497899
0,435276,-1,30,1,2,0,1,10,2,-1,0,0,0,0,-1,-1,-1,18,-1,413,-1,-1,-1,-1,-1,-1,2,0,0,0,0,0,2,0,14,6,9,41.7230738,-87.58528878
0,435233,-1,30,0,0,0,1,10,2,2,0,0,0,0,-1,-1,1,18,0,632,-1,-1,-1,-1,-1,-1,2,0,0,0,0,0,2,0,14,6,9,41.73645505,-87.61467291
0,435188,-1,30,1,2,0,1,2,5,2,0,0,0,0,-1,-1,-1,-1,-1,1624,-1,-1,-1,-1,-1,-1,1,0,0,0,0,0,1,0,14,6,9,41.9534447,-87.75239346
0,435218,-1,30,1,2,0,1,14,2,-1,0,0,0,0,-1,-1,-1,21,-1,835,-1,-1,-1,-1,-1,-1,2,0,0,0,0,0,4,0,14,6,9,41.75043956,-87.70256971
0,435435,-1,30,0,0,0,1,10,5,-1,0,0,0,0,-1,-1,1,18,-1,2534,-1,-1,-1,-1,-1,-1,2,0,0,0,0,0,3,0,14,6,9,41.90264325,-87.73503248
0,435392,-1,35,1,2,0,1,10,2,4,0,0,0,0,-1,-1,-1,22,0,413,-1,-1,-1,-1,-1,-1,2,0,0,0,0,0,2,0,14,6,9,41.7230738,-87.58528878
0,435315,-1,30,0,0,0,1,0,7,-1,0,0,-1,0,-1,-1,-1,20,0,622,-1,-1,-1,-1,-1,-1,2,0,0,0,0,0,2,0,14,6,9,41.74257762,-87.63393693
0,435229,-1,30,2,-1,0,1,14,5,-1,0,-1,-1,0,1,-1,-1,17,-1,911,-1,-1,-1,-1,-1,-1,2,0,0,0,0,0,3,0,14,6,9,41.83114364,-87.68520433
0,435182,-1,30,0,0,0,1,14,5,4,0,0,-1,0,-1,-1,-1,17,17,632,-1,-1,-1,-1,-1,-1,2,0,0,0,0,0,3,0,14,6,9,41.73673782,-87.60497185
2,435184,-1,30,0,0,0,1,0,3,4,0,0,0,1,1,-1,-1,0,0,834,-1,-1,-1,-1,-1,-1,2,1,0,0,1,0,1,0,14,6,9,41.74955218,-87.71203736
0,435413,-1,30,2,2,0,1,0,5,-1,0,0,0,0,1,-1,-1,0,-1,1732,-1,-1,-1,-1,-1,-1,2,0,0,0,0,0,2,0,14,6,9,41.93930952,-87.71853994
0,435246,-1,10,3,2,0,1,7,7,-1,0,0,0,0,-1,-1,1,0,0,1654,-1,-1,-1,-1,-1,-1,2,0,0,0,0,0,1,0,14,6,9,-1,-1
0,435191,-1,30,0,0,0,1,8,5,-1,0,0,0,0,-1,-1,-1,0,0,1214,-1,-1,-1,-1,-1,-1,2,0,0,0,0,0,2,0,14,6,9,41.89638468,-87.64759748
0,435186,-1,30,0,0,0,1,12,5,-1,0,0,0,0,-1,-1,-1,21,0,1623,-1,-1,-1,-1,-1,-1,2,0,0,0,0,0,2,0,14,6,9,41.97067759,-87.76342894
0,435282,-1,30,1,2,0,1,10,5,2,0,0,0,0,-1,-1,-1,18,-1,921,-1,-1,-1,-1,-1,-1,2,0,0,0,0,0,3,0,13,6,9,41.82302139,-87.68473353
0,435537,-1,20,0,0,0,1,0,7,-1,0,0,0,0,-1,1,-1,17,-1,1733,-1,-1,-1,-1,-1,-1,2,0,0,0,0,0,2,0,13,6,9,41.95385533,-87.69999405
0,435337,-1,30,0,0,0,1,11,5,2,0,0,0,0,-1,-1,-1,20,0,2023,-1,-1,-1,-1,-1,-1,2,0,0,0,0,0,2,0,13,6,9,41.97985841,-87.65522996
2,435278,-1,30,0,0,0,1,10,5,-1,0,0,0,1,-1,-1,-1,18,16,2533,-1,-1,-1,-1,-1,-1,3,2,0,0,2,0,2,0,13,6,9,41.90939086,-87.75584752
0,435139,-1,30,-1,-1,0,1,10,7,1,0,0,0,0,-1,-1,0,20,-1,1724,-1,-1,-1,-1,-1,-1,2,0,0,0,0,0,3,0,13,6,9,41.95973638,-87.7083481
0,435306,-1,35,1,2,0,1,10,5,2,0,0,0,0,-1,-1,-1,0,0,1013,-1,-1,-1,-1,-1,-1,2,0,0,0,0,0,2,0,13,6,9,41.84777752,-87.73450597
0,435232,-1,25,1,2,0,1,10,5,4,0,0,0,0,-1,-1,-1,18,16,1821,-1,-1,-1,-1,-1,-1,2,0,0,0,0,0,2,0,13,6,9,41.91099589,-87.63919653
0,435152,-1,30,1,2,0,1,14,2,5,0,0,0,0,-1,-1,-1,6,17,1621,-1,-1,-1,-1,-1,-1,2,0,0,0,0,0,2,0,13,6,9,41.99717817,-87.74837975
0,435142,-1,30,0,0,0,1,7,7,-1,0,0,0,0,-1,-1,1,0,-1,713,-1,-1,-1,-1,-1,-1,2,0,0,0,0,0,1,0,13,6,9,41.77963154,-87.66088702
0,435135,1,30,0,0,0,1,12,12,1,0,0,0,0,-1,-1,-1,21,0,1021,-1,-1,-1,-1,-1,-1,2,0,0,0,0,0,2,0,13,6,9,41.85697076,-87.70858608
0,435243,-1,30,0,0,0,1,12,5,2,0,0,0,0,-1,-1,1,25,22,2234,-1,-1,-1,-1,-1,-1,2,0,0,0,0,0,4,0,13,6,9,41.68497045,-87.65869655
0,435156,-1,30,12,12,0,1,12,2,4,0,0,0,0,-1,-1,-1,11,-1,1214,-1,-1,-1,-1,-1,-1,2,0,0,0,0,0,2,0,13,6,9,41.89118845,-87.6575687
0,435198,-1,15,0,0,0,1,7,6,-1,0,0,0,0,-1,-1,1,0,0,132,-1,-1,-1,-1,-1,-1,2,0,0,0,0,0,1,0,13,6,9,41.86744611,-87.61890449
2,435173,-1,30,0,0,0,1,8,5,2,0,0,0,1,-1,-1,-1,0,11,1931,-1,-1,1,-1,-1,-1,2,1,0,0,1,0,1,0,13,6,9,41.93779926,-87.6781517
0,435140,-1,30,0,0,0,1,7,5,1,0,0,-1,0,-1,-1,1,0,-1,1532,-1,-1,-1,-1,-1,-1,2,0,0,0,0,0,1,0,13,6,9,41.8843725,-87.74649859
0,435134,-1,30,1,2,0,1,12,2,5,0,0,0,0,1,-1,-1,11,0,131,-1,1,-1,-1,-1,-1,2,0,0,0,0,0,2,0,13,6,9,41.85276617,-87.62715396
0,435105,1,25,0,0,0,3,2,3,2,0,0,0,1,-1,-1,-1,0,0,432,-1,-1,-1,-1,-1,-1,1,0,0,0,0,0,2,0,13,6,9,41.71393856,-87.54163173
0,435384,-1,30,1,2,0,1,14,6,-1,0,0,0,1,-1,-1,-1,23,-1,113,-1,-1,-1,-1,-1,-1,2,0,0,0,0,0,3,0,13,6,9,41.87945489,-87.62627048
0,435367,-1,30,1,2,0,1,12,5,-1,0,0,0,0,-1,-1,-1,22,16,2511,-1,-1,-1,-1,-1,-1,2,0,0,0,0,0,2,0,13,6,9,41.9308723,-87.80581763
0,435169,-1,25,0,0,0,1,7,7,-1,0,0,0,0,-1,-1,1,-1,-1,2521,-1,-1,-1,-1,-1,-1,2,0,0,0,0,0,1,0,13,6,9,41.93167452,-87.74420824
1,436914,-1,30,2,2,0,1,0,12,5,0,0,0,1,1,-1,-1,17,5,232,-1,-1,-1,-1,-1,-1,2,2,0,0,0,2,1,0,13,6,9,41.78914772,-87.62247236
0,435137,-1,15,0,0,0,1,7,0,-1,0,0,0,0,-1,-1,-1,-1,-1,1724,-1,-1,-1,-1,-1,-1,2,0,0,0,0,0,1,0,13,6,9,41.96448499,-87.7106508
0,435496,-1,30,2,-1,0,1,3,6,-1,0,-1,-1,0,1,-1,-1,20,-1,2525,-1,-1,-1,-1,-1,-1,2,0,0,0,0,0,2,0,13,6,9,41.92258647,-87.72326817
0,435168,-1,30,0,0,0,1,9,5,-1,2,0,0,0,1,-1,1,17,-1,2222,-1,1,-1,-1,-1,-1,2,0,0,0,0,0,2,0,13,6,9,41.72306984,-87.6531367
0,435144,-1,30,1,2,0,1,5,5,-1,0,0,0,0,1,-1,-1,-1,-1,2512,-1,-1,-1,-1,-1,-1,1,0,0,0,0,0,1,0,13,6,9,41.91681325,-87.78631302
0,435131,-1,30,0,0,0,1,14,1,4,0,0,0,0,1,-1,-1,3,0,114,-1,-1,-1,-1,-1,-1,2,0,0,0,0,0,2,0,13,6,9,41.87561652,-87.62413868
3,435160,-1,45,0,0,0,1,10,3,8,0,0,0,1,-1,-1,-1,27,21,222,-1,-1,-1,-1,-1,-1,2,1,0,1,0,0,2,0,12,6,9,41.81325209,-87.59086279
0,435106,-1,0,0,0,0,1,7,6,1,0,0,0,0,-1,-1,-1,11,-1,2523,-1,-1,-1,-1,-1,-1,4,0,0,0,0,0,1,0,12,6,9,41.93564441,-87.72216745
1,435071,-1,30,2,0,0,1,14,5,-1,0,0,0,1,1,-1,-1,0,0,1533,-1,-1,-1,-1,-1,-1,2,2,0,0,0,2,2,0,12,6,9,41.8749523,-87.74521225
0,437891,-1,30,-1,-1,0,-1,7,5,-1,0,-1,-1,1,1,-1,-1,0,0,1424,-1,-1,-1,-1,-1,-1,2,0,0,0,0,0,1,0,12,6,9,41.90327283,-87.67497108
0,435110,-1,30,0,0,0,1,7,5,2,0,0,0,0,-1,-1,-1,0,0,2031,-1,-1,-1,-1,-1,-1,2,0,0,0,0,0,1,0,12,6,9,41.97325633,-87.69899034
2,435050,-1,30,1,2,0,1,12,2,3,0,0,0,1,-1,-1,-1,0,0,231,-1,-1,-1,-1,-1,-1,2,7,0,0,7,0,4,0,12,6,9,41.79480579,-87.62238983
0,443606,-1,30,0,0,0,1,5,5,-1,0,0,1,0,-1,-1,-1,0,-1,1221,-1,-1,-1,-1,-1,-1,1,0,0,0,0,0,1,0,12,6,9,41.89245173,-87.69165537
0,435057,-1,30,2,2,0,1,10,5,-1,0,0,0,0,-1,-1,-1,0,0,132,-1,-1,-1,-1,-1,-1,2,0,0,0,0,0,2,0,12,6,9,41.85443856,-87.6206158
0,435053,-1,30,0,0,0,1,0,5,2,0,0,0,0,-1,-1,-1,18,22,334,-1,-1,-1,-1,-1,-1,2,0,0,0,0,0,2,0,12,6,9,41.76519392,-87.56382909
0,452096,-1,30,0,0,0,1,7,5,2,0,0,0,0,-1,-1,-1,11,0,1024,-1,-1,-1,-1,-1,-1,2,0,0,0,0,0,1,0,12,6,9,41.8470448,-87.71471847
0,451397,-1,30,1,2,0,1,10,2,2,0,0,0,0,1,-1,-1,18,0,2211,-1,-1,-1,-1,-1,-1,2,0,0,0,0,0,2,0,12,6,9,41.70646422,-87.6878205
0,436387,1,30,0,0,-1,-1,7,0,1,0,0,0,0,-1,-1,1,0,0,2411,-1,-1,-1,-1,-1,-1,2,0,0,0,0,0,1,0,12,6,9,42.01928721,-87.69636562
0,435558,-1,30,0,0,0,1,14,5,2,0,-1,-1,0,-1,-1,1,0,0,1732,-1,-1,-1,-1,-1,-1,2,0,0,0,0,0,2,0,12,6,9,41.93938716,-87.71255881
0,435204,-1,30,0,0,0,1,12,5,-1,0,0,0,0,-1,-1,-1,17,0,411,-1,-1,-1,-1,-1,-1,2,0,0,0,0,0,2,0,12,6,9,41.75780566,-87.58626826
0,435120,-1,15,0,0,0,1,2,0,1,0,0,0,1,-1,-1,-1,12,16,1211,-1,-1,-1,-1,-1,-1,1,0,0,0,0,0,2,0,12,6,9,41.89631114,-87.69932955
0,435029,-1,30,0,0,0,1,7,5,2,0,0,0,0,-1,-1,1,0,0,1611,-1,-1,-1,-1,-1,-1,2,0,0,0,0,0,1,0,12,6,9,41.99260448,-87.79832402
0,435020,-1,25,1,2,0,1,14,5,2,0,0,0,0,-1,-1,-1,11,11,2012,-1,-1,-1,-1,-1,-1,2,0,0,0,0,0,2,0,12,6,9,41.99065717,-87.67168379
2,434993,-1,30,1,2,0,1,12,2,3,0,0,0,1,-1,-1,-1,11,0,1911,-1,-1,-1,-1,-1,-1,2,1,0,0,1,0,1,0,12,6,9,41.96864563,-87.67924415
0,435003,-1,30,0,0,0,1,0,6,-1,0,0,0,1,-1,-1,1,17,-1,523,-1,-1,-1,-1,-1,-1,2,0,0,0,0,0,2,0,11,6,9,41.6698865,-87.63577947
0,435021,-1,30,0,0,0,1,12,12,4,0,0,-1,0,-1,-1,1,25,0,533,-1,-1,-1,-1,-1,-1,2,0,0,0,0,0,3,0,11,6,9,41.65902411,-87.60956197
0,435047,-1,25,0,0,0,1,7,6,1,0,0,0,0,-1,-1,-1,-1,-1,1123,-1,-1,-1,-1,-1,-1,2,0,0,0,0,0,2,0,11,6,9,41.88535071,-87.71277887
0,435002,-1,20,2,0,0,1,7,6,1,0,0,0,1,-1,-1,1,0,-1,2411,-1,-1,-1,-1,-1,-1,2,0,0,0,0,0,1,0,11,6,9,42.01272706,-87.68635563
2,438894,-1,30,0,0,0,1,2,3,-1,0,0,0,1,-1,-1,-1,29,0,1233,-1,-1,-1,-1,-1,-1,1,1,0,0,1,0,1,0,11,6,9,41.86058704,-87.66154317
0,435480,-1,30,0,0,0,1,5,12,1,0,0,0,0,-1,-1,-1,11,0,815,-1,-1,-1,-1,-1,-1,1,0,0,0,0,0,1,0,11,6,9,41.81624005,-87.72403498
0,434986,-1,30,2,2,0,1,14,5,-1,0,0,0,0,-1,-1,-1,0,0,1114,-1,-1,-1,-1,-1,-1,2,0,0,0,0,0,2,0,11,6,9,41.88339231,-87.72589344
1,434966,-1,30,1,2,0,1,0,2,3,0,0,0,1,1,-1,-1,-1,0,711,-1,-1,-1,-1,-1,-1,2,1,0,0,0,1,2,0,11,6,9,41.79419949,-87.63192548
2,434972,-1,35,0,0,0,1,10,2,-1,0,0,0,1,-1,-1,-1,18,-1,813,-1,1,-1,-1,-1,-1,2,2,0,0,1,1,0,0,11,6,9,41.77844986,-87.74691074
0,434961,-1,30,1,3,0,1,0,5,-1,0,0,12,1,-1,-1,-1,16,-1,1135,-1,-1,-1,-1,-1,-1,3,0,0,0,0,0,3,0,11,6,9,41.86672069,-87.68616277
0,434980,-1,30,0,0,0,1,14,5,-1,0,0,0,0,-1,-1,-1,0,-1,2512,-1,-1,-1,-1,-1,-1,2,0,0,0,0,0,3,0,11,6,9,41.9183169,-87.78542577
0,436274,-1,45,0,0,0,1,10,12,-1,0,0,0,0,-1,-1,-1,11,0,1834,-1,-1,-1,-1,-1,-1,2,0,0,0,0,0,2,0,11,6,9,41.89270515,-87.61383093
0,435031,-1,15,0,0,0,1,10,7,-1,0,0,0,0,-1,-1,-1,11,0,112,-1,-1,-1,-1,-1,-1,2,0,0,0,0,0,2,0,11,6,9,41.88068788,-87.6256435
0,434973,-1,30,1,2,0,1,12,5,-1,0,0,0,0,-1,-1,-1,21,21,123,-1,-1,-1,-1,-1,-1,2,0,0,0,0,0,2,0,11,6,9,41.87296218,-87.63048334
0,434956,-1,30,0,0,0,1,7,6,2,0,0,0,0,-1,-1,-1,20,-1,112,-1,-1,-1,-1,-1,-1,2,0,0,0,0,0,1,0,11,6,9,41.87962927,-87.62621191
0,434925,-1,30,1,2,0,1,10,5,4,0,0,0,0,-1,-1,-1,18,0,1134,-1,-1,-1,-1,-1,-1,2,0,0,0,0,0,3,0,11,6,9,41.86645969,-87.71048441
0,434935,-1,25,1,2,0,1,12,3,-1,0,0,0,0,-1,-1,1,0,0,2012,-1,-1,-1,-1,-1,-1,2,0,0,0,0,0,2,0,10,6,9,41.99068291,-87.6723933
0,434962,-1,30,2,2,0,1,0,2,-1,0,0,0,0,1,-1,-1,17,0,2234,-1,-1,-1,-1,-1,-1,2,0,0,0,0,0,3,0,10,6,9,41.68939776,-87.66187756
0,434923,-1,30,0,0,0,1,7,5,4,0,0,0,0,-1,-1,1,0,-1,1831,-1,-1,-1,-1,-1,-1,2,0,0,0,0,0,2,0,10,6,9,41.89162446,-87.63421675
0,434889,-1,0,1,2,0,1,0,3,6,2,0,0,1,-1,-1,-1,3,11,114,-1,-1,-1,-1,-1,-1,2,0,0,0,0,0,2,0,10,6,9,41.87584442,-87.62352412
0,434964,-1,20,1,12,0,1,7,5,2,0,0,0,0,1,-1,1,-1,-1,1611,-1,-1,-1,-1,-1,-1,2,0,0,0,0,0,1,0,10,6,9,41.99361286,-87.78769979
0,434922,-1,30,0,0,0,1,7,2,4,0,0,0,1,-1,-1,1,0,-1,2212,-1,-1,-1,-1,-1,-1,4,0,0,0,0,0,1,0,10,6,9,41.69815319,-87.68150666
0,435109,-1,30,0,0,0,1,7,5,2,0,0,-1,0,-1,-1,1,0,-1,1231,-1,-1,-1,-1,-1,-1,2,0,0,0,0,0,1,0,10,6,9,41.87427844,-87.66846187
0,434982,-1,25,0,0,0,1,7,5,2,0,0,0,0,-1,-1,1,0,-1,2411,-1,-1,-1,-1,-1,-1,2,0,0,0,0,0,1,0,10,6,9,42.01255399,-87.69986006
0,434928,-1,30,0,0,0,1,10,12,-1,0,0,0,0,-1,-1,-1,11,0,122,-1,-1,-1,-1,-1,-1,2,0,0,0,0,0,2,0,10,6,9,41.88332043,-87.63143216
1,434851,-1,30,1,2,0,1,9,5,2,0,0,0,1,1,-1,1,17,0,2013,-1,-1,-1,-1,-1,-1,2,1,0,0,0,1,1,0,10,6,9,41.97624222,-87.66827341
0,434878,-1,10,0,0,0,1,0,7,2,0,0,0,0,-1,1,-1,17,16,1233,-1,-1,-1,-1,-1,-1,2,0,0,0,0,0,3,0,10,6,9,41.86322436,-87.66614794
0,434969,-1,0,0,0,0,1,5,0,1,0,0,0,0,-1,-1,-1,11,-1,1433,-1,-1,-1,-1,-1,-1,3,0,0,0,0,0,4,0,10,6,9,41.90697032,-87.67190864
0,434838,-1,25,0,0,0,1,12,6,-1,0,0,0,0,-1,-1,-1,17,17,1832,-1,-1,-1,-1,-1,-1,2,0,0,0,0,0,2,0,9,6,9,41.89593967,-87.63137866
0,434892,-1,30,1,2,0,1,12,5,2,0,0,0,0,1,-1,1,21,21,712,-1,-1,-1,-1,-1,-1,2,0,0,0,0,0,2,0,9,6,9,41.77978407,-87.64970295