MOST_SEVERE_INJURY,RD_NO,CRASH_DATE_EST_I,POSTED_SPEED_LIMIT,TRAFFIC_CONTROL_DEVICE,DEVICE_CONDITION,WEATHER_CONDITION,LIGHTING_CONDITION,FIRST_CRASH_TYPE,TRAFFICWAY_TYPE,LANE_CNT,ALIGNMENT,ROADWAY_SURFACE_COND,ROAD_DEFECT,CRASH_TYPE,INTERSECTION_RELATED_I,NOT_RIGHT_OF_WAY_I,HIT_AND_RUN_I,PRIM_CONTRIBUTORY_CAUSE,SEC_CONTRIBUTORY_CAUSE,BEAT_OF_OCCURRENCE,PHOTOS_TAKEN_I,STATEMENTS_TAKEN_I,DOORING_I,WORK_ZONE_I,WORK_ZONE_TYPE,WORKERS_PRESENT_I,NUM_UNITS,INJURIES_TOTAL,INJURIES_FATAL,INJURIES_INCAPACITATING,INJURIES_NON_INCAPACITATING,INJURIES_REPORTED_NOT_EVIDENT,INJURIES_NO_INDICATION,INJURIES_UNKNOWN,CRASH_HOUR,CRASH_DAY_OF_WEEK,CRASH_MONTH,LATITUDE,LONGITUDE
0,434840,-1,30,1,2,0,1,5,2,-1,0,0,0,0,-1,-1,-1,-1,-1,331,-1,-1,-1,-1,-1,-1,1,0,0,0,0,0,1,0,9,6,9,41.79153392,-87.58020874
3,434825,-1,30,12,12,0,1,7,2,4,0,0,0,1,-1,-1,-1,27,21,1624,-1,-1,-1,-1,-1,-1,3,1,0,1,0,0,0,0,9,6,9,41.95322017,-87.77242393
0,434855,-1,20,0,0,0,1,10,7,-1,0,0,0,0,-1,-1,-1,0,-1,1413,-1,-1,-1,-1,-1,-1,2,0,0,0,0,0,2,0,9,6,9,41.91744695,-87.71231123
0,434832,-1,35,1,2,0,1,10,3,4,0,0,0,0,-1,-1,-1,0,0,815,-1,-1,-1,-1,-1,-1,2,0,0,0,0,0,2,0,9,6,9,41.81676936,-87.74324506
1,434785,-1,30,0,0,0,1,12,5,1,0,0,0,1,-1,-1,-1,0,18,1222,-1,-1,-1,-1,-1,-1,2,1,0,0,0,1,2,0,9,6,9,41.88154972,-87.70136735
0,434768,-1,30,0,0,0,1,10,5,1,0,0,0,0,-1,-1,-1,18,0,224,-1,-1,-1,-1,-1,-1,2,0,0,0,0,0,2,0,9,6,9,41.80915444,-87.62428304
1,434845,-1,5,7,0,0,1,0,7,-1,2,0,0,1,-1,-1,-1,11,11,122,-1,-1,-1,-1,-1,-1,2,1,0,0,0,1,0,0,9,6,9,41.88183547,-87.63389739
0,434792,-1,40,0,0,0,1,14,2,4,0,0,0,1,-1,-1,-1,23,4,1922,-1,-1,-1,-1,-1,-1,2,0,0,0,0,0,2,0,9,6,9,41.9421439,-87.66887723
0,434920,-1,5,0,0,0,1,7,4,-1,3,0,0,0,-1,1,-1,11,0,214,-1,-1,-1,-1,-1,-1,2,0,0,0,0,0,5,0,9,6,9,41.8203495,-87.61651411
0,434777,-1,0,0,0,0,1,10,7,-1,0,0,0,0,-1,1,-1,11,11,823,-1,-1,-1,-1,-1,-1,2,0,0,0,0,0,3,0,9,6,9,41.77872774,-87.71141567
0,434784,-1,30,0,0,0,1,7,7,-1,0,0,0,0,-1,-1,1,0,-1,1513,-1,-1,-1,-1,-1,-1,2,0,0,0,0,0,1,0,9,6,9,41.86987379,-87.76922948
0,435077,-1,30,1,2,0,1,12,5,-1,3,0,0,0,1,-1,-1,17,-1,1121,-1,-1,-1,-1,-1,-1,2,0,0,0,0,0,2,0,9,6,9,41.89982195,-87.71143866
0,434839,-1,25,0,0,0,1,7,5,-1,0,0,0,0,-1,-1,-1,0,0,2533,-1,-1,-1,-1,-1,-1,2,0,0,0,0,0,2,0,8,6,9,41.90834536,-87.75577071
0,434802,-1,30,1,2,0,1,10,6,1,0,0,0,0,-1,-1,-1,18,-1,1133,-1,-1,-1,-1,-1,-1,2,0,0,0,0,0,2,0,8,6,9,41.87443268,-87.71091006
2,434737,-1,30,2,2,0,1,14,5,1,0,0,0,1,1,-1,-1,17,0,1431,-1,-1,-1,-1,-1,-1,2,1,0,0,1,0,1,0,8,6,9,41.92178385,-87.6952946
0,435356,-1,35,1,2,0,1,14,5,2,0,0,0,0,-1,-1,-1,0,0,1012,-1,-1,-1,-1,-1,-1,2,0,0,0,0,0,2,0,8,6,9,41.85165437,-87.72488298
0,434811,-1,15,0,0,-1,-1,7,5,2,0,-1,0,0,-1,-1,1,0,0,2412,-1,-1,-1,-1,-1,-1,2,0,0,0,0,0,1,0,8,6,9,42.00122392,-87.68132544
2,434742,-1,30,2,2,0,1,9,2,2,0,0,0,1,1,-1,-1,17,0,1111,-1,-1,-1,-1,-1,-1,2,1,0,0,1,0,1,0,8,6,9,41.90072767,-87.73624251
0,434772,-1,45,0,0,0,1,10,5,4,0,0,0,0,-1,-1,1,0,0,1934,-1,-1,-1,1,0,-1,2,0,0,0,0,0,2,0,8,6,9,41.93267701,-87.63224771
3,434740,-1,30,0,0,0,1,9,5,4,0,0,3,1,0,-1,-1,-1,0,1134,-1,-1,-1,-1,-1,-1,2,1,0,1,0,0,1,0,8,6,9,41.87675354,-87.71071554
0,434769,-1,30,1,5,0,1,12,2,-1,0,0,0,0,-1,-1,-1,22,-1,1921,-1,-1,-1,-1,-1,-1,2,0,0,0,0,0,2,0,8,6,9,41.93957041,-87.68810786
0,434764,-1,30,0,0,0,1,12,2,2,0,0,0,0,-1,-1,-1,22,0,1113,-1,-1,-1,-1,-1,-1,2,0,0,0,0,0,2,0,8,6,9,41.87899975,-87.74507544
0,435395,-1,30,0,0,0,1,12,2,4,0,-1,-1,0,-1,-1,-1,17,17,1912,-1,-1,-1,-1,-1,-1,2,0,0,0,0,0,2,0,8,6,9,41.96121986,-87.66909821
0,435042,-1,25,0,0,0,-1,7,6,-1,0,0,0,0,-1,-1,1,0,-1,2532,-1,-1,-1,-1,-1,-1,2,0,0,0,0,0,1,0,8,6,9,41.90771448,-87.76261413
0,434754,-1,30,1,2,0,1,14,6,3,0,0,0,0,1,0,-1,23,16,1225,-1,-1,-1,-1,-1,-1,2,0,0,0,0,0,2,0,8,6,9,41.87631682,-87.67649779
0,434750,-1,30,1,2,0,1,14,6,2,0,0,0,0,1,-1,1,23,-1,1235,-1,-1,-1,-1,-1,-1,2,0,0,0,0,0,2,0,8,6,9,41.85604923,-87.64343475
0,434749,-1,30,1,2,0,1,12,12,2,0,0,0,0,1,-1,-1,22,0,823,-1,-1,-1,-1,-1,-1,2,0,0,0,0,0,3,0,8,6,9,41.77864683,-87.72045288
0,434748,-1,30,1,2,0,1,14,5,4,0,0,0,1,-1,-1,-1,33,11,1122,-1,-1,-1,-1,-1,-1,2,0,0,0,0,0,2,0,8,6,9,41.88083911,-87.7255533
0,434726,-1,30,0,0,0,1,12,5,3,0,0,0,0,-1,-1,-1,23,-1,1613,-1,-1,-1,-1,-1,-1,2,0,0,0,0,0,2,0,8,6,9,41.96838301,-87.80679571
0,434716,-1,30,1,2,0,1,10,2,-1,0,0,0,0,-1,-1,0,18,-1,1431,-1,-1,-1,-1,-1,-1,2,0,0,0,0,0,2,0,8,6,9,41.92062198,-87.69287493
0,434713,-1,15,0,0,0,1,10,6,1,0,0,0,0,-1,-1,1,18,22,1431,-1,-1,-1,-1,-1,-1,2,0,0,0,0,0,2,0,8,6,9,41.92077918,-87.69287935
0,434760,-1,30,0,0,0,1,10,5,2,0,0,0,0,-1,-1,-1,18,0,825,-1,-1,-1,-1,-1,-1,2,0,0,0,0,0,2,0,8,6,9,41.7792427,-87.69224023
0,434734,-1,35,0,0,0,1,7,2,-1,0,0,0,0,-1,-1,0,11,0,225,-1,-1,-1,-1,-1,-1,2,0,0,0,0,0,1,0,8,6,9,41.79475445,-87.6258618
0,434720,-1,35,1,2,0,1,14,3,-1,0,0,0,0,1,-1,-1,0,0,1022,-1,-1,-1,-1,-1,-1,2,0,0,0,0,0,2,0,8,6,9,41.85852066,-87.70421773
0,435332,-1,30,0,0,0,1,10,12,4,0,0,0,0,-1,-1,-1,18,11,814,-1,-1,-1,-1,-1,-1,2,0,0,0,0,0,3,0,8,6,9,41.81118031,-87.74339852
0,435130,-1,30,1,2,0,1,10,5,-1,0,0,0,0,-1,-1,-1,0,0,1231,-1,-1,-1,-1,-1,-1,2,0,0,0,0,0,2,0,8,6,9,41.8751259,-87.66677177
0,435028,-1,30,1,2,0,1,5,5,2,0,0,-1,1,-1,-1,-1,0,0,815,-1,-1,-1,-1,-1,-1,1,0,0,0,0,0,2,0,8,6,9,41.80756053,-87.73942541
0,434853,-1,30,2,2,0,1,7,6,1,0,0,0,0,-1,-1,-1,0,-1,822,-1,-1,-1,-1,-1,-1,2,0,0,0,0,0,3,0,8,6,9,41.79723028,-87.70596524
2,434700,-1,30,0,0,0,1,14,5,2,0,0,0,1,0,-1,-1,6,33,1612,-1,-1,-1,-1,-1,-1,2,2,0,0,2,0,0,0,8,6,9,42.00512935,-87.81997648
1,434709,-1,40,0,0,0,1,8,6,1,0,0,0,1,1,-1,-1,17,33,1911,-1,-1,-1,-1,-1,-1,2,1,0,0,0,1,1,0,7,6,9,41.96844205,-87.69630358
0,434697,-1,30,1,2,0,1,10,6,1,0,0,0,0,-1,-1,-1,18,-1,824,-1,-1,-1,-1,-1,-1,2,0,0,0,0,0,3,0,7,6,9,41.79351539,-87.69853187
0,434685,-1,30,0,0,0,1,10,5,1,0,0,0,0,-1,-1,-1,18,18,823,-1,-1,-1,-1,-1,-1,3,0,0,0,0,0,8,0,7,6,9,41.77912851,-87.70005354
0,435353,-1,30,0,0,0,1,7,6,-1,0,0,0,0,-1,-1,-1,11,-1,824,-1,-1,-1,-1,-1,-1,2,0,0,0,0,0,1,0,7,6,9,41.79172988,-87.68656751
0,435260,-1,30,1,2,0,1,14,5,-1,0,0,0,0,1,-1,1,23,0,1022,-1,-1,-1,-1,-1,-1,2,0,0,0,0,0,2,0,7,6,9,41.86640015,-87.69596609
0,434708,-1,20,0,0,0,1,11,5,-1,0,0,0,0,-1,-1,-1,23,23,2011,-1,-1,-1,-1,-1,-1,2,0,0,0,0,0,2,0,7,6,9,41.98686213,-87.70049891
3,434690,-1,20,2,2,0,1,0,5,1,0,0,0,1,1,-1,-1,0,-1,811,-1,-1,-1,-1,-1,-1,2,2,0,1,1,0,1,0,7,6,9,41.79584772,-87.78938377
0,434698,-1,30,0,0,0,1,10,5,2,0,0,0,0,-1,1,-1,18,-1,1731,-1,-1,-1,-1,-1,-1,2,0,0,0,0,0,4,0,7,6,9,41.9509171,-87.74300599
3,434703,-1,30,1,2,0,1,14,5,-1,0,0,0,1,-1,-1,-1,17,-1,2011,-1,-1,-1,-1,-1,-1,2,1,0,1,0,0,2,0,7,6,9,41.98323054,-87.69921851
3,434731,-1,30,2,2,0,1,7,6,2,0,0,0,1,1,-1,-1,18,21,322,-1,-1,-1,-1,-1,-1,3,1,0,1,0,0,4,0,7,6,9,41.76698551,-87.62476537
0,434696,-1,20,0,0,0,1,7,5,-1,0,0,0,1,-1,-1,-1,12,17,1923,-1,-1,-1,-1,-1,-1,2,0,0,0,0,0,2,0,7,6,9,41.94880552,-87.66245563
0,435743,-1,30,0,0,0,0,14,5,2,0,0,0,0,-1,-1,-1,17,16,424,-1,-1,-1,-1,-1,-1,2,0,0,0,0,0,2,0,7,6,9,41.72717156,-87.55104519
0,434686,-1,20,0,0,0,1,11,5,-1,0,0,0,0,-1,-1,-1,0,0,2413,-1,-1,-1,-1,-1,-1,2,0,0,0,0,0,6,0,7,6,9,41.99496877,-87.68529002
0,434885,-1,25,0,0,0,1,7,5,-1,0,0,0,0,-1,-1,1,0,-1,2515,-1,-1,-1,-1,-1,-1,2,0,0,0,0,0,1,0,7,6,9,41.92237473,-87.7573847
0,434752,-1,15,0,0,0,1,12,0,-1,0,0,0,0,-1,-1,0,0,-1,913,-1,-1,-1,-1,-1,-1,2,0,0,0,0,0,6,0,7,6,9,41.84143365,-87.66205353
2,434682,-1,30,0,0,0,1,9,2,2,0,0,0,1,1,-1,-1,17,17,1033,-1,-1,-1,-1,-1,-1,2,1,0,0,1,0,2,0,7,6,9,41.84442315,-87.70366176
0,436567,-1,35,1,2,0,1,12,5,2,0,0,-1,0,-1,-1,-1,22,0,1111,-1,-1,-1,-1,-1,-1,2,0,0,0,0,0,2,0,7,6,9,41.89859467,-87.74547118
0,434662,-1,30,0,0,0,1,0,5,-1,0,0,0,0,-1,-1,1,0,0,1723,-1,-1,-1,-1,-1,-1,2,0,0,0,0,0,2,0,7,6,9,41.96766266,-87.72786361
0,434673,-1,30,0,0,0,1,12,5,2,0,0,0,0,-1,-1,-1,0,0,1922,-1,-1,-1,-1,-1,-1,2,0,0,0,0,0,2,0,7,6,9,41.9405261,-87.67126473
0,434932,-1,25,0,0,0,1,12,6,1,0,0,0,0,-1,-1,-1,11,-1,1121,-1,-1,-1,-1,-1,-1,2,0,0,0,0,0,4,0,7,6,9,41.89665746,-87.71283988
0,434661,-1,30,1,2,0,1,12,3,3,0,0,0,0,-1,-1,1,22,22,915,-1,-1,-1,-1,-1,-1,2,0,0,0,0,0,8,0,7,6,9,41.83084354,-87.63065563
0,435354,0,30,2,2,0,1,7,5,-1,0,0,0,0,1,-1,1,0,-1,1813,-1,-1,-1,-1,-1,-1,2,0,0,0,0,0,1,0,7,6,9,41.91186847,-87.65270299
0,434678,1,0,0,0,-1,-1,7,5,-1,0,0,0,0,-1,-1,1,0,0,1033,-1,-1,-1,-1,-1,-1,2,0,0,0,0,0,1,0,7,6,9,41.8464844,-87.70173423
0,434674,-1,30,1,2,0,1,12,5,2,0,0,0,0,-1,-1,1,17,-1,1111,-1,-1,-1,-1,-1,-1,2,0,0,0,0,0,3,0,7,6,9,41.89858744,-87.74569138
0,434707,-1,40,0,0,0,1,12,3,4,0,0,0,0,-1,-1,1,21,-1,114,-1,-1,-1,-1,-1,-1,2,0,0,0,0,0,2,0,6,6,9,41.87848348,-87.61759565
0,434647,-1,30,0,0,0,1,10,2,-1,0,0,0,1,-1,-1,-1,18,15,1623,-1,-1,-1,-1,-1,-1,2,0,0,0,0,0,2,0,6,6,9,41.96594001,-87.76727159
2,434652,-1,25,2,2,0,1,9,5,0,0,0,0,1,-1,-1,1,23,0,2424,-1,-1,-1,-1,-1,-1,2,1,0,0,1,0,1,0,6,6,9,42.00780872,-87.67818517
0,434637,-1,30,1,2,0,1,10,5,2,0,0,0,0,1,-1,-1,20,-1,1032,-1,-1,-1,-1,-1,-1,2,0,0,0,0,0,2,0,6,6,9,41.83696744,-87.71444559
0,434635,-1,30,12,0,0,3,2,3,2,0,0,0,0,-1,-1,-1,8,16,1233,-1,-1,-1,-1,-1,-1,1,0,0,0,0,0,1,0,6,6,9,41.86168218,-87.67597723
0,434633,-1,30,0,0,0,1,7,5,-1,0,0,0,1,-1,-1,-1,0,-1,1925,-1,-1,-1,-1,-1,-1,3,0,0,0,0,0,1,0,6,6,9,41.94768614,-87.6459116
0,435125,-1,30,0,0,0,3,14,0,-1,0,0,0,0,-1,-1,-1,11,0,311,1,-1,-1,-1,-1,-1,2,0,0,0,0,0,2,0,6,6,9,41.78030746,-87.61787078
0,434676,-1,35,0,0,0,1,7,2,-1,0,0,0,0,-1,-1,1,21,-1,1712,-1,-1,-1,-1,-1,-1,2,0,0,0,0,0,1,0,6,6,9,41.96847814,-87.71660625
2,434625,0,45,0,-1,0,2,12,2,6,0,0,-1,1,-1,-1,-1,22,35,114,-1,-1,-1,-1,-1,-1,2,1,0,0,1,0,1,0,5,6,9,41.8808574,-87.61739714
0,434618,-1,30,0,0,0,3,7,6,-1,0,0,0,0,-1,-1,1,0,0,531,-1,-1,-1,-1,-1,-1,2,0,0,0,0,0,1,0,5,6,9,41.69041599,-87.60700971
0,434617,-1,30,0,0,0,4,7,5,4,0,0,0,0,-1,-1,-1,7,-1,633,-1,-1,-1,-1,-1,-1,3,0,0,0,0,0,1,0,5,6,9,41.73270054,-87.6048736
2,434606,-1,30,2,2,0,4,0,1,2,0,0,0,1,1,-1,-1,17,-1,1622,-1,-1,-1,-1,-1,-1,2,1,0,0,1,0,2,0,5,6,9,41.98279923,-87.78396095
0,435516,-1,30,0,0,0,3,7,5,2,0,0,0,0,-1,-1,1,0,0,834,-1,-1,-1,-1,-1,-1,2,0,0,0,0,0,1,0,5,6,9,41.73780212,-87.73138983
0,434622,-1,35,0,0,0,2,2,5,2,0,0,0,1,-1,-1,-1,32,-1,512,-1,1,-1,-1,-1,-1,1,0,0,0,0,0,1,0,4,6,9,41.70703034,-87.62532313
0,435093,-1,30,0,0,2,3,7,6,1,0,0,0,0,-1,-1,-1,0,0,813,-1,-1,-1,-1,-1,-1,2,0,0,0,0,0,1,0,4,6,9,41.78206058,-87.73614997
0,434557,-1,25,0,0,0,3,2,6,1,0,0,0,1,-1,1,1,14,25,711,-1,-1,-1,-1,-1,-1,1,0,0,0,0,0,1,0,2,6,9,41.79063706,-87.64155861
0,434548,0,35,0,0,0,3,0,12,-1,0,0,0,1,1,-1,-1,17,0,1512,-1,-1,-1,-1,-1,-1,2,0,0,0,0,0,3,0,2,6,9,41.88565367,-87.77468835
0,441053,-1,35,0,0,2,1,7,5,2,0,0,0,0,-1,-1,1,0,0,1033,-1,-1,-1,-1,-1,-1,2,0,0,0,0,0,1,0,2,6,9,41.84542755,-87.70275644
0,435236,-1,30,0,0,0,0,2,6,-1,0,0,0,0,-1,1,1,0,-1,1112,-1,-1,-1,-1,-1,-1,1,0,0,0,0,0,1,0,2,6,9,41.90095326,-87.72488329
0,434560,-1,30,1,2,0,3,10,5,4,0,0,0,0,1,-1,1,16,16,1831,-1,-1,-1,-1,-1,-1,2,0,0,0,0,0,2,0,2,6,9,41.89325671,-87.6370078
0,434544,-1,30,1,2,0,3,14,5,2,0,0,0,0,1,-1,1,23,16,922,-1,-1,-1,-1,-1,-1,2,0,0,0,0,0,2,0,1,6,9,41.80832271,-87.68454779
0,434551,-1,30,0,0,0,3,7,5,2,0,0,0,0,-1,-1,1,16,-1,2024,-1,-1,-1,-1,-1,-1,2,0,0,0,0,0,1,0,1,6,9,41.97319805,-87.65524806
0,434530,1,25,0,0,0,0,7,5,1,0,0,0,0,-1,-1,-1,13,13,1624,-1,-1,-1,-1,-1,-1,2,0,0,0,0,0,1,0,1,6,9,41.95626398,-87.74754701
-1,434534,-1,30,1,2,0,3,9,2,4,0,0,0,1,-1,-1,1,17,17,413,-1,-1,-1,-1,-1,-1,-1,-1,-1,-1,-1,-1,-1,-1,0,6,9,41.72238669,-87.5849837
0,434520,-1,10,0,0,0,3,0,7,-1,0,0,0,0,-1,1,-1,20,11,1231,-1,-1,-1,-1,-1,-1,2,0,0,0,0,0,3,0,0,6,9,41.873217,-87.67567518
0,434528,-1,35,0,0,0,3,12,2,2,0,0,0,0,-1,-1,-1,4,-1,1822,-1,-1,-1,-1,-1,-1,2,0,0,0,0,0,5,0,0,6,9,41.90905475,-87.6524222
0,434514,-1,30,1,2,0,3,0,5,2,0,0,0,0,1,-1,-1,6,-1,1822,-1,-1,-1,-1,-1,-1,2,0,0,0,0,0,3,0,0,6,9,41.90376961,-87.64336894
0,434510,-1,30,0,0,0,3,7,5,-1,0,0,0,0,-1,-1,1,0,-1,1834,-1,1,-1,-1,-1,-1,2,0,0,0,0,0,1,0,0,6,9,41.89346947,-87.62289419
0,434888,-1,30,0,0,0,3,14,5,2,0,0,0,0,-1,-1,-1,0,-1,414,-1,-1,-1,-1,-1,-1,2,0,0,0,0,0,5,0,0,6,9,41.75161868,-87.5837251
0,434541,-1,30,0,0,0,3,12,2,4,0,0,0,0,-1,-1,-1,0,0,1432,-1,-1,-1,-1,-1,-1,2,0,0,0,0,0,2,0,0,6,9,41.92506366,-87.68371638
0,434496,-1,30,1,2,0,3,14,3,4,0,0,0,0,1,-1,-1,23,23,2232,-1,-1,-1,-1,-1,-1,2,0,0,0,0,0,3,0,23,5,9,41.71423312,-87.64285698
0,434499,-1,30,0,0,0,3,11,2,4,0,0,0,1,-1,-1,-1,21,-1,1023,-1,-1,-1,-1,-1,-1,2,0,0,0,0,0,2,0,23,5,9,41.86065014,-87.68601618
0,434495,-1,35,0,0,0,3,10,12,1,0,0,0,0,-1,-1,1,0,0,1023,-1,-1,-1,-1,-1,-1,2,0,0,0,0,0,2,0,23,5,9,41.85212453,-87.68728217
0,434494,-1,25,0,0,0,0,7,6,1,0,0,0,1,-1,-1,1,19,25,221,-1,-1,-1,-1,-1,-1,3,0,0,0,0,0,1,0,23,5,9,-1,-1
0,434492,-1,30,0,0,0,3,14,12,-1,0,0,0,0,-1,-1,1,0,0,2221,0,0,-1,-1,-1,-1,2,0,0,0,0,0,2,0,23,5,9,41.73017924,-87.66291506
0,434481,-1,30,0,3,0,3,2,5,4,0,0,0,0,-1,-1,-1,-1,-1,811,-1,-1,-1,-1,-1,-1,2,0,0,0,0,0,2,0,23,5,9,41.79990529,-87.76266887
2,434470,-1,30,1,2,0,3,3,2,-1,0,0,0,1,1,-1,-1,21,32,612,-1,-1,-1,-1,-1,-1,2,2,0,0,2,0,0,0,23,5,9,41.75609984,-87.65372776
0,434482,-1,30,1,2,0,3,12,6,3,0,0,0,0,1,-1,-1,0,0,1831,-1,-1,-1,-1,-1,-1,2,0,0,0,0,0,3,0,23,5,9,41.89325533,-87.63715992
0,434465,-1,40,0,0,0,3,10,3,8,0,0,0,1,-1,-1,-1,21,-1,1833,-1,-1,-1,-1,-1,-1,2,0,0,0,0,0,2,0,23,5,9,41.90073327,-87.61985708
0,441483,-1,10,0,0,0,3,7,7,1,0,0,0,0,-1,-1,1,0,0,1822,-1,-1,-1,-1,-1,-1,2,0,0,0,0,0,1,0,23,5,9,41.90324165,-87.64335214
0,435737,-1,30,0,0,0,3,14,2,2,0,0,0,0,-1,-1,-1,0,-1,2223,-1,-1,-1,-1,-1,-1,2,0,0,0,0,0,3,0,23,5,9,41.72259861,-87.64339262
0,434701,-1,25,0,0,0,1,7,5,1,0,0,0,0,-1,-1,1,0,0,2422,-1,-1,-1,-1,-1,-1,2,0,0,0,0,0,1,0,23,5,9,42.01727989,-87.66500731
0,434475,-1,15,0,0,0,3,2,7,2,2,0,0,0,-1,1,-1,0,0,1432,-1,-1,-1,-1,-1,-1,1,0,0,0,0,0,1,0,22,5,9,41.92164122,-87.66982004
0,434458,-1,30,1,2,0,3,12,5,4,0,0,0,0,-1,-1,-1,22,16,815,-1,-1,-1,-1,-1,-1,2,0,0,0,0,0,2,0,22,5,9,41.80246798,-87.72357585
0,434456,-1,30,0,0,0,3,2,12,1,0,0,0,0,-1,-1,-1,20,20,1411,-1,-1,-1,-1,-1,-1,1,0,0,0,0,0,1,0,22,5,9,41.93000967,-87.69989119
0,434473,-1,30,0,0,0,3,7,5,2,0,0,0,0,-1,-1,-1,11,0,1935,-1,-1,-1,-1,-1,-1,2,0,0,0,0,0,2,0,22,5,9,41.93018436,-87.64907334
0,434430,-1,30,0,0,0,3,12,5,4,0,0,0,0,-1,-1,-1,17,-1,2411,-1,-1,-1,-1,-1,-1,2,0,0,0,0,0,3,0,22,5,9,42.019439,-87.69032202
0,434448,-1,30,0,0,0,3,7,6,1,0,0,0,0,-1,-1,1,0,-1,1925,-1,-1,-1,-1,-1,-1,2,0,0,0,0,0,1,0,21,5,9,41.94569869,-87.6435718
0,434382,-1,30,0,0,0,3,14,6,-1,0,0,0,0,-1,-1,-1,23,16,321,-1,-1,-1,-1,-1,-1,2,0,0,0,0,0,3,0,21,5,9,41.7747156,-87.60811249
0,434384,-1,30,0,0,0,3,7,5,-1,0,0,0,0,-1,-1,-1,0,-1,912,-1,-1,-1,-1,-1,-1,2,0,0,0,0,0,1,0,21,5,9,41.82685233,-87.674955
0,434423,-1,30,1,2,0,3,0,2,0,0,0,0,0,1,-1,-1,6,0,2022,-1,-1,-1,-1,-1,-1,2,0,0,0,0,0,2,0,21,5,9,41.98388604,-87.65534235
1,435090,-1,30,1,2,0,3,10,5,4,0,-1,-1,1,-1,-1,-1,0,0,2522,-1,-1,-1,-1,-1,-1,2,1,0,0,0,1,2,0,20,5,9,41.91938781,-87.74633132
0,434366,-1,30,0,0,0,3,14,3,4,0,0,-1,0,1,-1,-1,17,-1,234,-1,-1,-1,-1,-1,-1,2,0,0,0,0,0,4,0,20,5,9,41.80094198,-87.58763679
2,434449,-1,30,0,0,0,3,7,5,2,0,12,3,1,1,-1,-1,28,28,2523,-1,-1,-1,1,2,-1,3,2,0,0,2,0,0,0,20,5,9,41.93906539,-87.71753974
-1,434404,-1,20,-1,2,0,3,7,5,-1,0,1,0,0,-1,-1,1,-1,-1,1434,-1,-1,-1,-1,-1,-1,2,-1,-1,-1,-1,-1,-1,-1,20,5,9,41.91493754,-87.67987303
2,434359,-1,30,0,0,0,3,14,2,4,0,0,0,1,-1,-1,-1,0,0,2523,-1,-1,-1,-1,-1,-1,2,2,0,0,1,1,2,0,20,5,9,41.93221767,-87.72713762
0,434427,-1,30,0,0,0,3,7,7,-1,0,0,-1,0,-1,-1,1,0,0,2533,-1,-1,-1,-1,-1,-1,2,0,0,0,0,0,1,0,20,5,9,41.90976453,-87.7433763
0,434389,-1,30,0,0,0,3,7,6,-1,0,0,-1,0,-1,-1,1,10,0,1731,-1,-1,-1,-1,-1,-1,2,0,0,0,0,0,1,0,20,5,9,41.94056663,-87.74510102
0,434334,-1,30,0,-1,0,3,7,5,2,0,0,0,0,-1,-1,1,14,-1,1121,-1,-1,-1,-1,-1,-1,2,0,0,0,0,0,1,0,20,5,9,41.89448671,-87.71613857
0,434330,-1,35,0,0,0,3,14,5,-1,0,0,0,0,-1,-1,-1,0,-1,811,-1,-1,-1,-1,-1,-1,2,0,0,0,0,0,2,0,20,5,9,41.79004397,-87.8013004
0,434331,-1,5,0,0,0,3,7,7,-1,0,0,0,0,-1,1,1,-1,-1,123,-1,-1,-1,-1,-1,-1,2,0,0,0,0,0,1,0,20,5,9,41.87515022,-87.62586678
2,434319,-1,30,2,2,0,3,0,2,0,0,0,0,1,-1,-1,1,5,17,1215,-1,-1,-1,-1,-1,-1,2,1,0,0,1,0,1,0,20,5,9,41.89429946,-87.66738514
0,434324,-1,35,1,2,0,3,14,2,3,0,0,0,0,-1,-1,-1,18,18,324,-1,-1,-1,-1,-1,-1,2,0,0,0,0,0,2,0,20,5,9,41.75887774,-87.58568244
0,435593,-1,30,0,0,0,3,7,2,2,0,0,-1,0,-1,-1,-1,0,0,2012,-1,-1,-1,-1,-1,-1,2,0,0,0,0,0,1,0,20,5,9,41.97691983,-87.67428563
0,435385,-1,30,0,0,0,3,10,5,2,0,0,-1,0,-1,-1,-1,18,-1,1533,-1,-1,-1,-1,-1,-1,2,0,0,0,0,0,2,0,20,5,9,41.8749523,-87.74521225
0,434438,-1,25,2,2,0,0,12,5,2,0,0,0,0,-1,-1,-1,14,0,813,-1,-1,-1,-1,-1,-1,2,0,0,0,0,0,2,0,20,5,9,41.78224834,-87.72300817
2,434308,-1,30,0,0,0,3,10,5,-1,0,0,0,1,-1,-1,-1,16,0,1822,-1,-1,-1,-1,-1,-1,2,1,0,0,1,0,1,0,19,5,9,41.90363359,-87.6562034
0,434442,-1,30,1,2,0,1,8,5,-1,0,0,-1,0,-1,-1,-1,0,0,1712,-1,-1,-1,-1,-1,-1,2,0,0,0,0,0,2,0,19,5,9,41.96844156,-87.71811032
0,434333,-1,30,1,2,0,3,12,5,-1,0,0,0,0,-1,-1,-1,0,0,1231,-1,-1,-1,-1,-1,-1,2,0,0,0,0,0,2,0,19,5,9,41.87413327,-87.66674408
0,434292,-1,35,1,2,0,3,10,2,-1,0,0,0,0,-1,-1,-1,16,18,1423,-1,-1,-1,-1,-1,-1,2,0,0,0,0,0,3,0,19,5,9,41.90886508,-87.68733023
0,434376,-1,30,2,2,0,3,10,5,-1,0,0,0,0,-1,-1,1,18,0,1022,-1,-1,-1,-1,-1,-1,2,0,0,0,0,0,2,0,19,5,9,41.85569578,-87.69572102