MOST_SEVERE_INJURY,RD_NO,CRASH_DATE_EST_I,POSTED_SPEED_LIMIT,TRAFFIC_CONTROL_DEVICE,DEVICE_CONDITION,WEATHER_CONDITION,LIGHTING_CONDITION,FIRST_CRASH_TYPE,TRAFFICWAY_TYPE,LANE_CNT,ALIGNMENT,ROADWAY_SURFACE_COND,ROAD_DEFECT,CRASH_TYPE,INTERSECTION_RELATED_I,NOT_RIGHT_OF_WAY_I,HIT_AND_RUN_I,PRIM_CONTRIBUTORY_CAUSE,SEC_CONTRIBUTORY_CAUSE,BEAT_OF_OCCURRENCE,PHOTOS_TAKEN_I,STATEMENTS_TAKEN_I,DOORING_I,WORK_ZONE_I,WORK_ZONE_TYPE,WORKERS_PRESENT_I,NUM_UNITS,INJURIES_TOTAL,INJURIES_FATAL,INJURIES_INCAPACITATING,INJURIES_NON_INCAPACITATING,INJURIES_REPORTED_NOT_EVIDENT,INJURIES_NO_INDICATION,INJURIES_UNKNOWN,CRASH_HOUR,CRASH_DAY_OF_WEEK,CRASH_MONTH,LATITUDE,LONGITUDE
0,435590,-1,30,0,0,0,4,7,5,-1,0,0,0,0,-1,-1,1,0,-1,1224,-1,-1,-1,-1,-1,-1,2,0,0,0,0,0,1,0,19,5,9,41.88444143,-87.64875208
0,435044,-1,25,0,0,0,1,12,5,-1,0,0,0,0,-1,-1,-1,22,0,1831,-1,-1,-1,-1,-1,-1,2,0,0,0,0,0,2,0,19,5,9,41.89427723,-87.63725825
0,434291,-1,30,1,2,0,3,10,5,-1,0,0,0,0,1,-1,-1,18,-1,2531,-1,-1,-1,-1,-1,-1,2,0,0,0,0,0,4,0,19,5,9,41.909497,-87.76583239
0,434326,-1,0,0,0,0,0,7,5,1,0,0,0,0,-1,-1,-1,0,0,234,-1,-1,-1,-1,-1,-1,2,0,0,0,0,0,1,0,19,5,9,41.79956326,-87.58923907
0,434278,-1,30,-1,-1,0,3,7,-1,-1,0,0,0,0,-1,-1,1,0,0,1622,-1,-1,-1,-1,-1,-1,2,0,0,0,0,0,1,0,19,5,9,41.98230662,-87.77362028
0,434285,-1,30,0,0,0,3,12,5,-1,0,0,0,0,-1,-1,-1,0,0,1814,-1,-1,-1,-1,-1,-1,2,0,0,0,0,0,3,0,19,5,9,41.91310201,-87.62639021
0,434283,-1,30,1,0,0,1,14,3,-1,0,0,0,0,-1,-1,-1,21,-1,835,-1,-1,-1,-1,-1,-1,2,0,0,0,0,0,2,0,19,5,9,41.74998518,-87.68282078
0,435253,-1,30,0,0,0,3,0,7,-1,0,0,0,0,-1,1,-1,17,-1,1522,-1,-1,-1,-1,-1,-1,2,0,0,0,0,0,2,0,19,5,9,41.88039647,-87.76181157
0,434323,-1,30,0,0,0,3,7,12,-1,0,0,0,0,-1,-1,-1,0,0,1724,-1,-1,-1,-1,-1,-1,2,0,0,0,0,0,1,0,19,5,9,41.96363232,-87.71091675
1,434276,-1,30,1,2,0,3,10,5,-1,0,2,3,1,-1,-1,1,18,18,1213,-1,-1,-1,-1,-1,-1,2,1,0,0,0,1,1,0,19,5,9,41.89617272,-87.66744122
2,434264,-1,30,1,2,0,3,10,5,-1,0,0,0,1,1,-1,-1,18,-1,2512,-1,-1,-1,-1,-1,-1,2,1,0,0,1,0,1,0,19,5,9,41.9236705,-87.79994109
0,434266,-1,0,0,0,0,1,14,2,2,0,0,0,1,-1,-1,-1,17,23,2024,-1,-1,-1,-1,-1,-1,2,0,0,0,0,0,2,0,18,5,9,41.96924066,-87.65164432
0,434262,-1,25,0,0,0,4,8,5,2,0,0,0,0,-1,-1,1,0,0,912,-1,-1,-1,-1,-1,-1,2,0,0,0,0,0,2,0,18,5,9,41.83083433,-87.67055558
0,434337,-1,30,0,0,0,1,12,3,6,2,0,0,0,-1,-1,-1,11,-1,1834,-1,-1,-1,-1,-1,-1,2,0,0,0,0,0,4,0,18,5,9,41.89112059,-87.6239887
0,434249,-1,30,0,0,0,1,10,5,-1,0,0,0,0,1,-1,-1,0,0,1214,-1,-1,-1,-1,-1,-1,2,0,0,0,0,0,2,0,18,5,9,41.88580702,-87.6441719
0,434246,-1,5,0,-1,0,4,7,7,-1,0,1,0,0,-1,-1,-1,23,-1,124,-1,-1,-1,-1,-1,-1,2,0,0,0,0,0,1,0,18,5,9,41.86565118,-87.63934463
0,434233,-1,25,1,2,0,1,10,5,2,0,0,-1,0,-1,-1,-1,16,0,1023,-1,-1,-1,-1,-1,-1,2,0,0,0,0,0,2,0,18,5,9,41.86112443,-87.69560234
3,434224,-1,30,0,0,0,1,5,6,1,0,0,0,1,-1,-1,-1,22,-1,121,-1,-1,-1,-1,-1,-1,1,1,0,1,0,0,0,0,18,5,9,41.88560912,-87.63989737
2,434240,-1,30,0,0,0,4,9,3,4,0,0,0,1,1,-1,-1,33,0,2222,-1,-1,-1,-1,-1,-1,2,1,0,0,1,0,3,0,18,5,9,41.72136849,-87.65907879
2,434208,-1,30,1,2,0,1,9,2,2,0,0,0,1,1,-1,1,17,0,333,-1,-1,-1,-1,-1,-1,2,1,0,0,1,0,1,0,18,5,9,41.76602778,-87.57644312
0,434204,-1,35,1,2,0,1,10,2,-1,0,0,0,0,-1,-1,-1,18,-1,1213,-1,-1,-1,-1,-1,-1,2,0,0,0,0,0,3,0,18,5,9,41.89638915,-87.65456414
0,434288,-1,30,0,0,0,1,0,3,-1,0,0,0,0,-1,-1,-1,17,0,2232,-1,-1,-1,-1,-1,-1,2,0,0,0,0,0,2,0,18,5,9,41.70783102,-87.64057511
0,434267,-1,30,1,2,0,1,14,12,-1,0,0,0,0,-1,-1,1,23,17,731,-1,-1,-1,-1,-1,-1,2,0,0,0,0,0,2,0,18,5,9,41.76534136,-87.62991458
0,434227,-1,30,1,2,0,1,0,5,4,0,0,0,1,1,-1,-1,0,0,1722,-1,-1,-1,-1,-1,-1,2,0,0,0,0,0,2,0,18,5,9,41.96425947,-87.74750397
0,434216,-1,30,1,2,0,4,10,5,-1,0,0,0,0,-1,-1,-1,18,16,1531,-1,-1,-1,-1,-1,-1,2,0,0,0,0,0,5,0,18,5,9,41.89849267,-87.75554127
2,434193,-1,30,1,2,0,1,0,6,3,0,0,-1,1,-1,-1,-1,6,22,215,-1,-1,-1,-1,-1,-1,2,1,0,0,1,0,1,0,18,5,9,41.80915832,-87.63071716
0,434200,-1,30,1,2,0,4,10,5,2,0,0,0,0,-1,-1,-1,7,-1,1232,-1,-1,-1,-1,-1,-1,2,0,0,0,0,0,2,0,18,5,9,41.87444702,-87.64706702
0,434248,-1,30,0,0,0,4,10,5,-1,0,0,0,0,-1,-1,-1,18,16,2515,-1,-1,-1,-1,-1,-1,3,0,0,0,0,0,4,0,18,5,9,41.92390274,-87.76346416
0,434163,-1,30,0,0,0,1,10,2,4,0,0,0,0,-1,-1,-1,0,0,1613,-1,-1,-1,-1,-1,-1,2,0,0,0,0,0,2,0,18,5,9,41.96993633,-87.78813488
1,434217,-1,30,2,2,0,1,9,5,2,0,0,0,1,1,-1,-1,0,0,1933,-1,-1,-1,-1,-1,-1,2,1,0,0,0,1,2,0,18,5,9,41.93897346,-87.65908534
2,434199,-1,30,2,0,0,1,10,5,-1,0,0,0,1,-1,-1,-1,7,0,1211,-1,-1,-1,-1,-1,-1,3,2,0,0,2,0,3,0,18,5,9,41.89634786,-87.7064385
1,434177,-1,30,2,2,0,1,0,2,2,0,0,0,1,1,-1,-1,17,-1,1233,-1,-1,-1,-1,-1,-1,2,1,0,0,0,1,3,0,18,5,9,41.86248613,-87.65669999
0,434170,-1,30,1,2,0,1,14,6,-1,0,0,0,0,-1,-1,-1,18,-1,121,-1,-1,-1,-1,-1,-1,2,0,0,0,0,0,2,0,18,5,9,41.88455161,-87.63987424
0,434167,-1,30,0,0,0,1,14,2,2,0,0,0,1,1,-1,-1,10,16,811,-1,-1,-1,-1,-1,-1,2,0,0,0,0,0,2,0,18,5,9,41.79952883,-87.78574729
0,435250,-1,30,0,0,-1,-1,14,2,-1,0,-1,-1,0,-1,-1,-1,17,-1,1624,-1,-1,-1,-1,-1,-1,2,0,0,0,0,0,2,0,18,5,9,41.953483,-87.75128392
0,434215,-1,30,1,2,0,1,0,12,0,2,0,0,0,1,-1,-1,6,16,632,-1,-1,-1,-1,-1,-1,2,0,0,0,0,0,2,0,18,5,9,41.73633731,-87.61951863
0,434196,-1,15,-1,-1,-1,1,7,5,-1,0,-1,-1,0,-1,-1,1,0,0,2232,-1,-1,-1,-1,-1,-1,2,0,0,0,0,0,1,0,18,5,9,41.70766099,-87.64057068
0,434172,-1,35,1,2,0,1,12,6,3,0,0,0,0,1,-1,1,22,0,1834,-1,-1,-1,-1,-1,-1,2,0,0,0,0,0,2,0,17,5,9,41.89266421,-87.62425438
0,434201,-1,30,0,0,0,1,10,5,-1,0,0,3,0,-1,-1,-1,11,11,511,-1,-1,-1,1,2,-1,2,0,0,0,0,0,2,0,17,5,9,41.72151963,-87.62418889
0,434166,-1,30,0,0,0,1,12,6,-1,0,0,0,0,-1,-1,-1,11,-1,2523,-1,-1,-1,-1,-1,-1,2,0,0,0,0,0,3,0,17,5,9,41.93681776,-87.72538629
0,434385,-1,30,1,2,0,1,14,12,-1,0,0,12,0,-1,-1,-1,0,0,1611,-1,-1,-1,1,0,-1,2,0,0,0,0,0,2,0,17,5,9,41.99746398,-87.78761024
0,434160,-1,30,0,0,0,1,10,2,4,0,0,0,0,-1,-1,-1,16,11,813,-1,-1,-1,-1,-1,-1,2,0,0,0,0,0,2,0,17,5,9,41.78588849,-87.72310659
0,434432,-1,25,0,0,0,1,10,2,2,0,0,0,0,-1,-1,-1,18,16,1031,-1,-1,-1,-1,-1,-1,2,0,0,0,0,0,2,0,17,5,9,41.83674678,-87.72813894
0,434128,-1,30,0,0,0,1,8,6,1,0,0,0,0,-1,-1,-1,-1,-1,2511,-1,-1,1,-1,-1,-1,2,0,0,0,0,0,2,0,17,5,9,41.93656525,-87.79457229
0,435126,-1,30,0,0,0,1,0,5,-1,0,0,0,0,-1,-1,-1,0,-1,1224,-1,-1,-1,-1,-1,-1,2,0,0,0,0,0,2,0,17,5,9,41.88543337,-87.65452763
0,436863,-1,25,0,0,0,1,0,5,2,0,0,0,0,-1,-1,-1,17,0,1023,-1,-1,-1,-1,-1,-1,2,0,0,0,0,0,2,0,17,5,9,41.85938911,-87.69096671
0,434206,-1,30,1,2,0,1,14,5,4,0,-1,-1,0,1,-1,1,23,21,1934,-1,-1,-1,-1,-1,-1,2,0,0,0,0,0,2,0,17,5,9,41.94003224,-87.63949853
2,434120,-1,25,1,2,0,1,8,6,-1,0,0,0,1,1,-1,-1,22,-1,1511,-1,-1,-1,-1,-1,-1,2,1,0,0,1,0,1,0,17,5,9,41.89853611,-87.770448
3,434110,-1,30,0,0,0,1,14,5,2,0,0,0,1,1,-1,-1,21,17,912,-1,1,-1,-1,-1,-1,2,1,0,1,0,0,1,0,17,5,9,41.83062832,-87.66436524
0,434343,-1,30,0,0,0,1,0,5,-1,0,0,0,0,-1,-1,1,11,11,411,-1,-1,-1,-1,-1,-1,2,0,0,0,0,0,2,0,17,5,9,41.75689717,-87.58623429
-1,434182,-1,0,0,0,0,1,7,7,-1,0,0,0,0,-1,-1,1,-1,-1,1432,-1,-1,-1,-1,-1,-1,2,-1,-1,-1,-1,-1,-1,-1,17,5,9,41.92820408,-87.68225483
0,438123,-1,30,0,0,0,1,12,2,2,0,0,-1,0,-1,-1,1,17,0,1834,-1,-1,-1,-1,-1,-1,2,0,0,0,0,0,3,0,17,5,9,41.89253115,-87.62689596
0,434295,-1,25,0,0,0,1,10,2,2,0,0,0,0,-1,-1,-1,0,0,1912,-1,-1,-1,-1,-1,-1,2,0,0,0,0,0,5,0,17,5,9,41.96522843,-87.67752454
0,434158,-1,30,0,0,0,1,10,2,4,0,0,0,0,-1,-1,-1,18,11,1712,-1,-1,-1,-1,-1,-1,2,0,0,0,0,0,2,0,17,5,9,41.97530509,-87.73944065
0,434150,-1,30,1,2,0,1,14,5,4,0,0,0,0,-1,-1,-1,0,-1,1233,-1,-1,-1,-1,-1,-1,2,0,0,0,0,0,3,0,17,5,9,41.86681578,-87.66652926
2,434136,-1,30,0,0,0,1,0,5,-1,0,0,0,1,-1,-1,-1,17,0,1723,-1,-1,-1,-1,-1,-1,3,1,0,0,1,0,2,0,17,5,9,41.96108671,-87.72544399
0,434202,-1,30,1,2,0,1,12,5,2,0,0,0,0,-1,-1,1,0,0,1834,-1,-1,-1,-1,-1,-1,2,0,0,0,0,0,2,0,17,5,9,41.8926379,-87.62534141
0,434280,-1,35,2,2,0,1,14,2,4,0,0,0,0,1,-1,-1,23,-1,411,-1,-1,-1,-1,-1,-1,2,0,0,0,0,0,2,0,17,5,9,41.75871547,-87.58628097
0,434139,-1,35,1,2,0,1,11,5,4,0,0,0,0,1,-1,-1,17,7,914,-1,1,-1,-1,-1,-1,3,0,0,0,0,0,3,0,17,5,9,41.85102739,-87.63889348
0,434131,-1,35,1,2,0,1,12,6,-1,0,0,-1,0,-1,-1,1,0,0,925,-1,-1,-1,-1,-1,-1,2,0,0,0,0,0,2,0,17,5,9,41.8091151,-87.63796854
1,434097,-1,25,1,2,0,1,8,5,-1,2,0,0,1,1,-1,-1,0,0,2212,-1,-1,-1,-1,-1,-1,2,1,0,0,0,1,1,0,17,5,9,41.69915455,-87.67137302
0,11434139,-1,35,1,2,0,1,11,5,4,0,0,0,0,1,-1,-1,17,7,914,-1,1,-1,-1,-1,-1,3,0,0,0,0,0,3,0,17,5,9,41.85102739,-87.63889348
0,434315,-1,30,0,0,0,1,12,2,3,0,0,0,0,-1,-1,-1,21,0,113,-1,-1,-1,-1,-1,-1,2,0,0,0,0,0,2,0,17,5,9,41.8758026,-87.62573441
0,434080,-1,35,0,0,0,1,14,3,4,0,0,0,1,-1,-1,-1,17,23,835,-1,-1,-1,-1,-1,-1,2,0,0,0,0,0,3,0,17,5,9,41.75001885,-87.69688171
2,434088,-1,30,2,0,0,1,0,2,-1,0,0,0,1,1,-1,-1,5,17,623,-1,-1,-1,-1,-1,-1,2,1,0,0,1,0,2,0,17,5,9,41.75822839,-87.62007146
3,434450,-1,35,-1,-1,0,1,3,3,-1,0,0,-1,1,-1,-1,-1,-1,-1,814,-1,-1,-1,-1,-1,-1,2,1,0,1,0,0,1,0,17,5,9,41.81676122,-87.74353833
0,434106,-1,35,1,2,0,3,14,3,5,0,0,0,1,1,-1,-1,6,23,111,-1,-1,-1,-1,-1,-1,2,0,0,0,0,0,2,0,17,5,9,41.88667996,-87.63051487
0,434085,-1,5,0,0,0,1,0,7,-1,0,0,0,0,-1,-1,-1,20,-1,213,-1,-1,-1,-1,-1,-1,2,0,0,0,0,0,2,0,17,5,9,41.83070169,-87.62339535
0,434075,-1,30,2,2,0,1,10,2,2,0,0,0,0,1,-1,-1,12,0,511,-1,-1,-1,-1,-1,-1,2,0,0,0,0,0,2,0,17,5,9,41.71081326,-87.62003959
0,436621,-1,30,0,0,0,1,7,5,-1,0,0,0,0,-1,-1,1,0,-1,2013,-1,-1,-1,-1,-1,-1,2,0,0,0,0,0,1,0,17,5,9,41.97928877,-87.66814973
0,435598,-1,30,0,0,0,1,7,5,-1,0,0,1,1,-1,-1,-1,0,0,912,-1,-1,-1,-1,-1,-1,3,0,0,0,0,0,1,0,17,5,9,41.83018431,-87.68402399
0,434099,-1,30,2,0,0,1,14,12,0,2,0,0,0,1,-1,-1,17,16,2213,-1,-1,-1,-1,-1,-1,2,0,0,0,0,0,5,0,17,5,9,41.71413256,-87.65824127
0,434096,-1,30,0,0,0,1,12,5,-1,0,0,0,0,-1,-1,1,-1,-1,1031,-1,-1,-1,-1,-1,-1,2,0,0,0,0,0,2,0,17,5,9,41.82194483,-87.7436766
0,434079,-1,30,0,0,0,1,12,3,4,0,1,0,0,-1,-1,1,22,16,1824,-1,-1,-1,-1,-1,-1,2,0,0,0,0,0,3,0,17,5,9,41.90871602,-87.62593804
0,434135,-1,30,1,2,0,1,14,5,-1,0,0,0,0,1,-1,1,0,0,1834,-1,-1,-1,-1,-1,-1,2,0,0,0,0,0,2,0,16,5,9,41.89259351,-87.6228409
0,434147,-1,30,1,2,0,1,14,1,4,1,0,1,0,-1,-1,-1,23,-1,1834,-1,-1,-1,-1,-1,-1,2,0,0,0,0,0,4,0,16,5,9,41.8895322,-87.6205551
0,434083,-1,30,0,0,0,1,12,5,-1,0,0,0,0,-1,-1,-1,22,-1,1622,-1,-1,-1,-1,-1,-1,2,0,0,0,0,0,2,0,16,5,9,41.97556542,-87.77339897
1,434115,-1,30,0,0,0,1,12,5,2,0,0,0,1,-1,-1,-1,0,-1,933,-1,-1,-1,-1,-1,-1,2,1,0,0,0,1,2,0,16,5,9,41.80856429,-87.65967972
0,434094,-1,30,1,0,0,1,10,2,0,0,0,0,0,1,-1,1,16,-1,221,-1,-1,-1,-1,-1,-1,2,0,0,0,0,0,2,0,16,5,9,41.80950047,-87.6162064
2,434048,-1,30,0,0,0,1,14,5,2,0,0,0,1,1,-1,-1,23,17,323,-1,-1,-1,-1,-1,-1,2,3,0,0,3,0,3,0,16,5,9,41.75870624,-87.60421055
0,434024,-1,30,1,2,0,1,14,3,4,0,0,0,0,1,-1,-1,17,-1,911,-1,-1,-1,-1,-1,-1,3,0,0,0,0,0,3,0,16,5,9,41.8321338,-87.69472806
0,434017,-1,30,0,0,0,1,7,5,2,0,0,0,0,-1,-1,-1,0,-1,1913,-1,-1,-1,-1,-1,-1,3,0,0,0,0,0,1,0,16,5,9,41.96389548,-87.66114301
0,434042,-1,30,1,2,0,1,10,5,2,0,0,0,0,1,-1,-1,18,-1,1622,-1,-1,-1,-1,-1,-1,2,0,0,0,0,0,2,0,16,5,9,41.98522309,-87.7684435
0,434066,-1,25,2,12,0,1,14,2,2,0,0,-1,1,1,-1,-1,17,0,614,-1,-1,-1,-1,-1,-1,2,0,0,0,0,0,2,0,16,5,9,41.73759003,-87.65839574
0,434062,-1,40,0,0,0,1,12,3,-1,5,0,0,0,-1,-1,1,21,16,1814,-1,-1,-1,-1,-1,-1,2,0,0,0,0,0,3,0,16,5,9,41.9221208,-87.63024326
0,434046,-1,30,1,2,0,1,14,2,4,0,0,0,1,1,-1,-1,17,-1,1013,-1,-1,-1,-1,-1,-1,2,0,0,0,0,0,2,0,16,5,9,41.85143783,-87.72469238
0,439200,-1,30,1,-1,0,1,14,2,-1,0,0,0,0,1,-1,-1,23,21,1832,-1,-1,-1,-1,-1,-1,2,0,0,0,0,0,2,0,16,5,9,41.89485028,-87.63282366
0,435319,-1,30,2,2,0,1,7,2,2,0,0,0,0,-1,-1,1,0,0,1921,-1,-1,-1,-1,-1,-1,2,0,0,0,0,0,1,0,16,5,9,41.94142629,-87.6907993
2,434205,-1,30,0,0,0,1,9,5,2,0,0,0,1,1,-1,-1,16,-1,1414,-1,1,-1,-1,-1,-1,2,1,0,0,1,0,1,0,16,5,9,41.91752681,-87.70515056
0,434146,-1,30,0,0,0,1,10,5,-1,0,0,0,1,-1,-1,-1,-1,-1,833,-1,-1,-1,-1,-1,-1,2,0,0,0,0,0,3,0,16,5,9,41.75466012,-87.74138476
0,434044,-1,30,0,0,0,1,0,3,-1,2,0,0,0,-1,-1,-1,17,0,124,-1,-1,-1,-1,-1,-1,2,0,0,0,0,0,2,0,16,5,9,41.86736349,-87.63913709
0,434028,-1,30,0,0,0,1,7,5,2,0,0,0,0,-1,-1,-1,20,-1,1224,-1,-1,-1,-1,-1,-1,2,0,0,0,0,0,1,0,16,5,9,41.88229766,-87.65335857
0,434036,-1,25,1,2,0,1,12,5,2,0,0,0,0,-1,-1,-1,22,18,1033,-1,-1,-1,-1,-1,-1,2,0,0,0,0,0,4,0,16,5,9,41.8517014,-87.70295109
0,434006,-1,30,12,12,0,1,0,2,2,0,0,0,0,-1,-1,-1,17,-1,914,-1,-1,-1,-1,-1,-1,2,0,0,0,0,0,3,0,16,5,9,41.83915472,-87.64615853
2,434029,-1,30,1,2,0,1,10,2,2,0,0,0,1,-1,-1,-1,0,-1,423,0,0,-1,-1,-1,-1,2,2,0,0,2,0,0,0,16,5,9,41.72276337,-87.56035459
0,434173,-1,35,0,0,0,1,7,5,1,0,0,0,0,-1,-1,1,0,0,1022,-1,-1,-1,-1,-1,-1,2,0,0,0,0,0,1,0,16,5,9,41.85535115,-87.70221984
0,434018,-1,30,0,0,0,1,14,5,-1,0,0,0,0,1,-1,-1,0,0,1623,-1,-1,-1,-1,-1,-1,2,0,0,0,0,0,2,0,16,5,9,41.96083136,-87.7475992
0,440863,-1,5,0,0,0,1,0,7,-1,0,0,0,0,-1,-1,-1,20,0,2213,-1,-1,-1,-1,-1,-1,2,0,0,0,0,0,3,0,16,5,9,41.71950873,-87.67702835
0,434084,-1,5,0,0,0,1,3,0,1,0,0,0,1,-1,-1,1,14,-1,624,-1,-1,-1,-1,-1,-1,2,0,0,0,0,0,2,0,16,5,9,41.75114463,-87.60700676
1,434035,-1,30,1,2,0,1,10,2,4,0,0,0,1,1,-1,-1,18,11,411,-1,-1,-1,-1,-1,-1,3,4,0,0,0,4,1,0,16,5,9,41.75102245,-87.58471476
0,433984,-1,30,0,0,0,1,12,3,-1,0,0,0,0,-1,-1,-1,0,0,131,-1,-1,-1,-1,-1,-1,2,0,0,0,0,0,2,0,16,5,9,41.85299122,-87.62938693
0,434000,-1,30,0,0,0,1,12,5,-1,0,0,0,0,-1,-1,-1,6,22,1215,-1,-1,-1,-1,-1,-1,2,0,0,0,0,0,2,0,16,5,9,41.89108723,-87.66706144
2,433981,-1,30,1,2,0,1,9,5,2,0,0,0,1,1,-1,-1,17,-1,1923,-1,-1,-1,-1,-1,-1,3,2,0,0,2,0,1,0,16,5,9,41.95107961,-87.64974366
0,433965,1,35,-1,2,0,1,0,2,4,0,0,0,1,1,-1,-1,7,21,1432,-1,-1,-1,-1,-1,-1,2,0,0,0,0,0,2,0,16,5,9,41.91760789,-87.687264
3,434038,-1,30,0,0,0,1,7,6,2,0,0,0,1,-1,-1,-1,27,0,1834,-1,-1,-1,-1,-1,-1,2,1,0,1,0,0,0,0,16,5,9,41.89326225,-87.62200766
0,434300,-1,10,0,0,0,1,7,7,-1,0,0,-1,0,-1,-1,-1,0,0,412,-1,-1,-1,-1,-1,-1,2,0,0,0,0,0,1,0,16,5,9,41.73558446,-87.59738091
0,434061,-1,30,1,2,0,1,14,2,2,0,0,0,0,-1,-1,-1,17,0,614,-1,-1,-1,-1,-1,-1,2,0,0,0,0,0,3,0,16,5,9,41.74298409,-87.66339656
0,434032,-1,30,1,2,0,1,7,5,-1,0,0,0,0,-1,-1,-1,-1,-1,1232,-1,-1,-1,-1,-1,-1,2,0,0,0,0,0,1,0,16,5,9,41.87670827,-87.65200881
0,434027,-1,30,0,0,0,1,12,5,-1,0,0,0,0,-1,-1,-1,0,0,114,-1,-1,-1,-1,-1,-1,2,0,0,0,0,0,2,0,16,5,9,41.88454011,-87.62430852
2,433983,-1,30,0,0,0,1,0,5,4,0,0,0,1,1,-1,-1,17,0,914,-1,-1,-1,-1,-1,-1,2,1,0,0,1,0,1,0,15,5,9,41.85265075,-87.63918825
0,434005,-1,30,0,0,0,1,10,5,2,0,0,0,0,-1,-1,-1,18,-1,1732,-1,-1,-1,-1,-1,-1,2,0,0,0,0,0,2,0,15,5,9,41.93931966,-87.71264129
2,433962,-1,25,1,2,0,1,8,5,-1,0,0,0,1,1,-1,-1,0,0,2423,-1,-1,-1,-1,-1,-1,2,1,0,0,1,0,1,0,15,5,9,42.00907282,-87.67383223
0,433998,-1,30,1,2,0,1,14,5,4,0,0,0,0,1,-1,-1,17,-1,1034,-1,-1,-1,-1,-1,-1,2,0,0,0,0,0,5,0,15,5,9,41.84330771,-87.68550216
0,433974,-1,30,1,2,0,1,8,2,-1,0,0,0,0,1,-1,-1,0,-1,1712,-1,-1,-1,-1,-1,-1,2,0,0,0,0,0,2,0,15,5,9,41.97542111,-87.72833095
0,434126,-1,20,0,0,0,1,7,7,0,0,0,0,0,-1,1,-1,11,20,822,-1,-1,-1,-1,-1,-1,2,0,0,0,0,0,1,0,15,5,9,41.79235177,-87.71102417
0,434010,-1,30,0,0,0,1,12,3,4,0,0,0,0,-1,-1,-1,25,-1,911,-1,-1,-1,-1,-1,-1,2,0,0,0,0,0,2,0,15,5,9,41.8321338,-87.69472806
0,433945,-1,30,0,0,0,1,12,5,2,0,0,0,0,-1,-1,-1,17,-1,935,-1,-1,-1,-1,-1,-1,2,0,0,0,0,0,2,0,15,5,9,41.80175675,-87.64187085
-1,433922,-1,30,1,2,0,1,14,3,-1,0,0,0,1,1,-1,-1,23,-1,1622,-1,-1,-1,-1,-1,-1,-1,-1,-1,-1,-1,-1,-1,-1,15,5,9,41.97568327,-87.78772622
0,434057,-1,30,0,0,0,1,7,5,-1,0,0,0,0,-1,-1,-1,11,-1,122,-1,-1,-1,-1,-1,-1,2,0,0,0,0,0,2,0,15,5,9,41.87621601,-87.63160214
1,433976,-1,30,0,0,0,1,12,5,-1,0,0,-1,1,-1,-1,1,0,0,1513,-1,-1,-1,-1,-1,-1,2,3,0,0,0,3,2,0,15,5,9,41.86821209,-87.76570549
0,433975,-1,30,1,2,0,1,12,6,2,0,0,0,0,-1,-1,-1,22,-1,122,-1,-1,-1,-1,-1,-1,2,0,0,0,0,0,2,0,15,5,9,41.88185,-87.63243088
2,433953,-1,30,0,0,0,1,8,5,2,0,0,0,1,-1,-1,-1,0,0,915,-1,-1,1,-1,-1,-1,2,1,0,0,1,0,1,0,15,5,9,41.83088353,-87.64424022
0,433996,-1,30,0,0,0,1,12,6,-1,0,0,0,0,-1,-1,-1,0,-1,932,-1,-1,-1,-1,-1,-1,2,0,0,0,0,0,4,0,15,5,9,41.79407037,-87.67023496
0,433941,-1,30,1,2,0,1,10,5,2,0,0,0,0,-1,-1,-1,16,18,1023,-1,-1,-1,-1,-1,-1,2,0,0,0,0,0,2,0,15,5,9,41.85201491,-87.69513126
0,433932,-1,30,0,0,0,1,12,5,-1,0,0,0,0,-1,-1,1,21,22,1822,-1,-1,-1,-1,-1,-1,2,0,0,0,0,0,2,0,15,5,9,41.90350939,-87.64932917
0,439424,-1,30,1,2,0,1,10,12,0,0,0,0,0,1,-1,-1,12,12,1431,-1,-1,-1,-1,-1,-1,2,0,0,0,0,0,2,0,15,5,9,41.92485933,-87.68778742
0,434002,-1,30,0,0,0,1,10,5,-1,0,0,0,0,-1,-1,1,16,-1,911,-1,-1,-1,-1,-1,-1,2,0,0,0,0,0,3,0,15,5,9,41.82977496,-87.70475352
1,433960,-1,30,0,0,0,1,10,2,-1,0,0,0,1,-1,-1,-1,16,0,2222,-1,-1,-1,-1,-1,-1,2,1,0,0,0,1,1,0,15,5,9,41.72135381,-87.66019487
2,433935,-1,35,0,0,0,1,14,6,4,0,0,0,1,1,-1,-1,23,-1,224,-1,-1,-1,-1,-1,-1,2,1,0,0,1,0,3,0,15,5,9,41.80737785,-87.6226372
0,433929,-1,20,0,0,0,1,7,5,2,0,0,0,0,-1,-1,-1,32,32,1231,-1,-1,-1,-1,-1,-1,2,0,0,0,0,0,1,0,15,5,9,41.87875215,-87.66449369
0,434063,-1,30,2,2,0,1,7,7,0,0,0,0,0,1,-1,-1,11,0,813,-1,-1,-1,-1,-1,-1,2,0,0,0,0,0,1,0,15,5,9,41.78217357,-87.72544866
0,434015,-1,30,1,2,0,2,14,2,4,0,0,0,1,1,-1,-1,17,-1,1232,-1,-1,-1,-1,-1,-1,2,0,0,0,0,0,2,0,15,5,9,41.86728716,-87.64524694