MOST_SEVERE_INJURY,RD_NO,CRASH_DATE_EST_I,POSTED_SPEED_LIMIT,TRAFFIC_CONTROL_DEVICE,DEVICE_CONDITION,WEATHER_CONDITION,LIGHTING_CONDITION,FIRST_CRASH_TYPE,TRAFFICWAY_TYPE,LANE_CNT,ALIGNMENT,ROADWAY_SURFACE_COND,ROAD_DEFECT,CRASH_TYPE,INTERSECTION_RELATED_I,NOT_RIGHT_OF_WAY_I,HIT_AND_RUN_I,PRIM_CONTRIBUTORY_CAUSE,SEC_CONTRIBUTORY_CAUSE,BEAT_OF_OCCURRENCE,PHOTOS_TAKEN_I,STATEMENTS_TAKEN_I,DOORING_I,WORK_ZONE_I,WORK_ZONE_TYPE,WORKERS_PRESENT_I,NUM_UNITS,INJURIES_TOTAL,INJURIES_FATAL,INJURIES_INCAPACITATING,INJURIES_NON_INCAPACITATING,INJURIES_REPORTED_NOT_EVIDENT,INJURIES_NO_INDICATION,INJURIES_UNKNOWN,CRASH_HOUR,CRASH_DAY_OF_WEEK,CRASH_MONTH,LATITUDE,LONGITUDE
3,433907,-1,25,0,0,0,1,7,6,1,0,0,0,1,-1,-1,-1,11,0,2514,-1,-1,-1,-1,-1,-1,3,2,0,2,0,0,0,0,15,5,9,41.93312344,-87.77275824
0,434736,-1,30,0,0,0,1,12,6,2,0,0,3,0,-1,-1,-1,22,0,633,-1,-1,-1,-1,-1,-1,2,0,0,0,0,0,2,0,15,5,9,41.72208799,-87.60909433
0,434271,-1,20,0,0,0,1,7,7,0,0,0,0,0,-1,1,1,16,11,813,-1,-1,-1,-1,-1,-1,2,0,0,0,0,0,1,0,15,5,9,41.77863647,-87.72290636
0,433980,-1,30,0,0,0,1,7,6,1,0,0,0,0,-1,-1,1,0,0,1532,-1,-1,-1,-1,-1,-1,2,0,0,0,0,0,1,0,15,5,9,41.8849125,-87.75018886
0,433951,-1,30,0,0,0,1,12,6,3,0,0,0,0,-1,-1,-1,21,0,225,-1,-1,-1,-1,-1,-1,2,0,0,0,0,0,2,0,15,5,9,41.80067197,-87.62276266
0,433933,-1,35,1,2,0,1,10,5,4,0,0,0,0,1,-1,1,18,-1,632,-1,-1,-1,-1,-1,-1,2,0,0,0,0,0,3,0,15,5,9,41.73675996,-87.60476457
0,433942,-1,20,0,0,0,1,10,6,1,0,0,0,0,-1,-1,-1,20,0,1713,-1,-1,-1,-1,-1,-1,2,0,0,0,0,0,2,0,14,5,9,41.97037343,-87.70926795
0,433939,-1,30,1,-1,0,1,14,6,4,0,0,0,0,1,-1,-1,23,0,622,-1,-1,-1,-1,-1,-1,2,0,0,0,0,0,3,0,14,5,9,41.73635995,-87.62559301
0,433906,-1,20,1,2,0,1,14,0,-1,0,0,0,0,-1,-1,-1,17,-1,2011,-1,-1,-1,-1,-1,-1,2,0,0,0,0,0,2,0,14,5,9,41.97601227,-87.69634365
0,433971,-1,30,0,0,0,1,10,2,3,0,0,0,0,1,-1,-1,21,0,111,-1,-1,-1,-1,-1,-1,2,0,0,0,0,0,2,0,14,5,9,41.88525377,-87.62463473
0,438033,-1,25,2,2,0,1,10,6,0,0,0,0,0,1,-1,-1,0,0,1231,-1,-1,-1,-1,-1,-1,2,0,0,0,0,0,3,0,14,5,9,41.87520542,-87.67169397
0,435445,-1,25,0,0,0,1,12,6,3,0,0,0,0,-1,-1,-1,21,-1,331,-1,-1,-1,-1,-1,-1,2,0,0,0,0,0,2,0,14,5,9,41.78580725,-87.58530095
0,434014,-1,25,0,0,0,1,2,12,-1,0,0,0,0,-1,1,-1,11,0,322,-1,-1,-1,-1,-1,-1,1,0,0,0,0,0,1,0,14,5,9,41.76890187,-87.62163576
0,433970,-1,30,0,0,0,1,0,4,-1,0,0,-1,0,-1,-1,-1,17,0,611,1,-1,-1,-1,-1,-1,2,0,0,0,0,0,2,0,14,5,9,41.75021008,-87.66642654
1,433966,-1,30,1,2,0,1,14,5,-1,0,0,0,1,1,-1,-1,31,6,114,-1,-1,-1,-1,-1,-1,2,2,0,0,0,2,2,0,14,5,9,41.87315037,-87.62044515
0,433926,-1,30,0,0,0,1,14,1,4,0,0,0,1,-1,-1,-1,17,-1,1733,-1,-1,-1,-1,-1,-1,2,0,0,0,0,0,2,0,14,5,9,41.94540452,-87.70727162
0,433878,-1,30,1,2,0,1,14,12,-1,2,0,0,0,-1,-1,-1,23,0,124,-1,-1,-1,-1,-1,-1,2,0,0,0,0,0,2,0,14,5,9,41.87432572,-87.63711522
0,433859,-1,30,0,0,0,1,2,2,2,1,0,-1,0,-1,-1,-1,-1,0,1022,-1,-1,-1,-1,-1,-1,1,0,0,0,0,0,1,0,14,5,9,41.85336316,-87.7054472
0,433914,-1,30,0,0,0,1,12,5,-1,0,0,0,0,-1,-1,-1,17,0,1731,-1,-1,-1,-1,-1,-1,2,0,0,0,0,0,2,0,14,5,9,41.95340489,-87.73922016
0,434162,-1,30,0,0,0,1,7,5,4,0,0,0,0,-1,-1,1,11,0,1232,-1,-1,-1,-1,-1,-1,2,0,0,0,0,0,2,0,14,5,9,41.8777717,-87.65120079
0,434746,-1,30,0,0,0,1,4,6,1,0,0,-1,0,-1,-1,-1,0,0,633,-1,-1,-1,-1,-1,-1,1,0,0,0,0,0,1,0,14,5,9,41.72850759,-87.60747108
0,434078,-1,20,0,0,0,1,0,0,1,0,0,0,0,-1,-1,-1,0,0,1733,-1,-1,-1,-1,-1,-1,2,0,0,0,0,0,2,0,14,5,9,41.95238811,-87.70538104
0,433918,-1,30,2,2,0,1,0,5,2,0,0,-1,1,1,-1,-1,17,-1,1434,-1,-1,-1,-1,-1,-1,2,0,0,0,0,0,2,0,14,5,9,41.9175779,-87.68481123
2,433882,-1,30,1,-1,0,1,14,5,-1,0,0,-1,1,1,-1,-1,0,0,1634,-1,-1,-1,-1,-1,-1,2,2,0,0,2,0,0,0,14,5,9,41.94610866,-87.75704703
0,433898,-1,30,1,2,0,1,10,5,4,0,0,0,0,1,-1,-1,11,16,2211,-1,-1,-1,-1,-1,-1,2,0,0,0,0,0,2,0,14,5,9,41.70606769,-87.70138339
0,434443,-1,35,0,0,0,1,12,6,2,0,0,0,0,-1,-1,1,21,-1,1833,-1,-1,-1,-1,-1,-1,2,0,0,0,0,0,2,0,14,5,9,41.90011846,-87.62398052
0,434100,-1,30,0,0,0,1,7,2,4,0,0,0,0,-1,-1,-1,22,11,815,-1,-1,-1,-1,-1,-1,2,0,0,0,0,0,1,0,14,5,9,41.79675457,-87.72340922
0,433826,-1,30,0,0,0,1,14,2,-1,0,0,0,0,-1,-1,-1,0,-1,1023,-1,-1,-1,-1,-1,-1,2,0,0,0,0,0,2,0,14,5,9,41.86568266,-87.69573345
0,433820,-1,20,0,0,0,1,10,2,-1,0,0,0,0,-1,-1,-1,0,-1,2411,-1,-1,-1,-1,-1,-1,2,0,0,0,0,0,2,0,14,5,9,42.01201282,-87.70707934
0,433839,-1,30,1,2,0,1,14,5,-1,0,0,0,0,-1,-1,-1,17,17,614,-1,-1,-1,-1,-1,-1,2,0,0,0,0,0,3,0,13,5,9,41.73597046,-87.6729398
0,433822,-1,30,0,0,0,1,10,5,-1,0,0,0,0,-1,-1,-1,-1,-1,813,-1,-1,-1,-1,-1,-1,2,0,0,0,0,0,2,0,13,5,9,41.78564332,-87.74148578
0,433807,-1,30,1,2,0,1,10,2,2,0,0,0,0,-1,-1,-1,20,0,1111,-1,-1,-1,-1,-1,-1,2,0,0,0,0,0,2,0,13,5,9,41.89529562,-87.73609588
1,443768,-1,35,0,0,0,1,8,6,2,0,0,0,1,1,-1,-1,17,-1,623,-1,-1,-1,-1,-1,-1,2,1,0,0,0,1,1,0,13,5,9,41.74926067,-87.6230294
2,433790,-1,30,12,2,0,1,8,12,2,0,0,0,1,-1,-1,-1,10,17,2511,-1,-1,-1,-1,-1,-1,2,1,0,0,1,0,2,0,13,5,9,41.93807055,-87.79432449
0,446191,-1,30,1,-1,0,1,10,2,2,0,0,0,0,-1,-1,-1,0,0,1914,-1,-1,-1,-1,-1,-1,2,0,0,0,0,0,2,0,13,5,9,41.96897495,-87.65522475
0,434164,-1,30,1,2,0,1,10,5,2,0,0,0,0,-1,-1,-1,0,0,1831,-1,-1,-1,-1,-1,-1,2,0,0,0,0,0,2,0,13,5,9,41.89087391,-87.63563097
0,434016,-1,0,0,0,0,1,12,5,1,0,0,0,0,-1,-1,-1,0,0,1433,-1,-1,-1,-1,-1,-1,2,0,0,0,0,0,2,0,13,5,9,41.90597737,-87.67014875
0,433800,-1,30,0,0,0,1,14,5,-1,0,0,-1,0,-1,-1,-1,0,-1,431,-1,-1,-1,-1,-1,-1,2,0,0,0,0,0,2,0,13,5,9,41.70457009,-87.55478916
0,434362,0,25,0,0,0,1,7,2,2,0,0,0,0,-1,-1,1,0,0,2233,-1,-1,-1,-1,-1,-1,2,0,0,0,0,0,1,0,13,5,9,41.69494895,-87.64231341
0,433883,-1,30,1,2,0,1,10,2,4,0,0,0,0,1,-1,1,0,-1,1513,-1,-1,-1,-1,-1,-1,2,0,0,0,0,0,2,0,13,5,9,41.87042138,-87.77412884
0,433760,-1,30,1,2,0,1,0,5,-1,0,0,0,0,1,-1,-1,0,0,1221,-1,-1,-1,-1,-1,-1,2,0,0,0,0,0,2,0,13,5,9,41.88951041,-87.68680143
2,433723,-1,20,0,0,0,1,2,7,-1,0,0,0,1,-1,-1,-1,16,16,1034,-1,-1,-1,-1,-1,-1,1,1,0,0,1,0,0,0,13,5,9,41.85189893,-87.68800784
1,433736,-1,30,1,2,0,1,9,2,-1,0,0,0,1,1,-1,-1,0,0,832,-1,-1,-1,-1,-1,-1,2,1,0,0,0,1,1,0,13,5,9,41.76842561,-87.68319988
0,434902,-1,25,1,2,0,1,10,3,2,0,0,0,0,-1,-1,1,20,-1,111,-1,-1,-1,-1,-1,-1,2,0,0,0,0,0,2,0,13,5,9,41.88670693,-87.63006619
0,433772,1,30,1,2,0,1,12,5,-1,0,0,12,0,-1,-1,-1,0,0,2524,-1,-1,-1,-1,-1,-1,2,0,0,0,0,0,2,0,13,5,9,41.92459925,-87.72637199
0,433770,-1,35,0,0,0,1,12,5,-1,0,0,0,0,-1,-1,-1,22,16,1633,-1,-1,-1,-1,-1,-1,2,0,0,0,0,0,2,0,13,5,9,41.94597822,-87.76690666
1,433721,-1,30,1,2,0,1,14,5,4,0,0,0,1,1,-1,-1,23,0,1413,-1,-1,-1,-1,-1,-1,2,2,0,0,0,2,1,0,13,5,9,41.92450678,-87.71606646
0,433759,-1,30,0,0,0,1,7,7,-1,0,0,0,0,-1,-1,1,20,0,1623,-1,-1,-1,-1,-1,-1,2,0,0,0,0,0,1,0,12,5,9,41.97530572,-87.76759302
0,433795,-1,35,0,0,0,1,10,6,3,0,0,0,0,-1,-1,1,25,0,1832,-1,-1,-1,-1,-1,-1,3,0,0,0,0,0,6,0,12,5,9,41.89407334,-87.63104089
0,434948,-1,20,0,0,0,1,7,5,-1,0,0,0,0,-1,-1,-1,0,0,1411,-1,-1,-1,-1,-1,-1,2,0,0,0,0,0,2,0,12,5,9,41.93407952,-87.69025382
2,434934,-1,30,0,0,0,1,9,5,-1,0,0,0,1,-1,-1,1,0,0,1832,-1,-1,-1,-1,-1,-1,2,1,0,0,1,0,1,0,12,5,9,41.89552371,-87.63129314
0,433724,-1,30,0,0,0,1,10,5,-1,0,0,0,0,-1,-1,-1,20,16,1421,-1,-1,-1,-1,-1,-1,2,0,0,0,0,0,2,0,12,5,9,41.91109491,-87.70832313
0,433711,-1,30,0,0,0,1,2,5,-1,0,0,0,0,-1,1,-1,0,-1,925,-1,-1,-1,-1,-1,-1,1,0,0,0,0,0,1,0,12,5,9,41.8093434,-87.64540779
0,433702,-1,30,0,0,0,1,7,4,1,0,0,0,0,-1,1,1,25,16,413,-1,-1,-1,-1,-1,-1,2,0,0,0,0,0,1,0,12,5,9,41.7256788,-87.59900142
0,433715,-1,30,1,2,0,1,14,2,4,0,0,0,0,-1,-1,-1,23,25,1623,-1,-1,-1,-1,-1,-1,2,0,0,0,0,0,3,0,12,5,9,41.9678444,-87.76089754
1,433690,-1,15,0,0,0,1,12,2,-1,0,0,0,1,-1,-1,-1,22,32,724,-1,-1,-1,-1,-1,-1,2,1,0,0,0,1,1,0,12,5,9,41.77859708,-87.65583686
0,433691,-1,30,1,2,0,1,8,1,5,0,0,0,0,1,-1,-1,6,-1,1135,-1,-1,-1,-1,-1,-1,2,0,0,0,0,0,2,0,12,5,9,41.8738459,-87.68638129
0,433677,-1,30,2,2,0,1,10,6,-1,0,0,0,0,-1,-1,1,16,6,715,-1,-1,-1,-1,-1,-1,2,0,0,0,0,0,2,0,12,5,9,41.79355436,-87.66463755
0,435308,-1,35,2,2,0,1,12,3,4,0,0,0,0,-1,-1,-1,0,0,433,-1,-1,-1,-1,-1,-1,2,0,0,0,0,0,2,0,12,5,9,41.65356911,-87.5400298
0,434963,-1,15,0,0,0,1,0,7,-1,0,0,0,0,-1,1,-1,17,17,1614,-1,-1,-1,-1,-1,-1,2,0,0,0,0,0,2,0,12,5,9,41.9660114,-87.83683117
0,433915,1,30,0,0,0,1,12,6,-1,0,0,0,0,-1,-1,-1,18,-1,122,-1,-1,-1,-1,-1,-1,2,0,0,0,0,0,3,0,12,5,9,41.88331715,-87.63291657
0,433757,-1,25,0,0,0,1,10,6,1,0,0,0,0,-1,-1,1,18,16,1421,-1,-1,-1,-1,-1,-1,2,0,0,0,0,0,2,0,12,5,9,41.91063591,-87.70438343
0,433717,-1,0,0,0,0,1,14,5,4,0,0,0,0,1,-1,-1,22,23,1411,-1,-1,-1,-1,-1,-1,2,0,0,0,0,0,2,0,12,5,9,41.9286053,-87.69417738
0,433707,-1,30,1,2,0,1,14,5,2,0,0,0,0,-1,-1,-1,0,0,1112,-1,-1,-1,-1,-1,-1,2,0,0,0,0,0,2,0,12,5,9,41.90261978,-87.7215757
2,433683,-1,30,1,2,0,1,9,5,-1,0,0,0,1,1,-1,-1,17,-1,215,-1,-1,-1,-1,-1,-1,2,1,0,0,1,0,1,0,12,5,9,41.81639583,-87.62641289
0,433776,-1,20,0,0,0,1,5,5,-1,0,0,-1,0,-1,-1,-1,17,0,412,-1,-1,-1,-1,-1,-1,2,0,0,0,0,0,2,0,12,5,9,41.73470702,-87.59735992
0,433698,-1,30,0,0,0,1,0,3,2,0,0,0,0,1,-1,-1,17,-1,823,-1,-1,-1,-1,-1,-1,2,0,0,0,0,0,3,0,12,5,9,41.77871673,-87.71223993
0,433699,1,35,0,0,0,1,14,3,-1,0,0,0,0,-1,-1,-1,17,-1,1231,-1,-1,-1,-1,-1,-1,2,0,0,0,0,0,2,0,12,5,9,41.87343457,-87.66643368
0,433662,-1,30,1,2,0,1,14,5,4,0,0,0,0,1,-1,-1,0,0,2423,-1,-1,-1,-1,-1,-1,2,0,0,0,0,0,2,0,12,5,9,42.01284733,-87.66361978
0,433686,-1,25,0,0,0,1,10,5,-1,0,0,0,0,-1,-1,-1,18,-1,2532,-1,-1,-1,-1,-1,-1,2,0,0,0,0,0,2,0,12,5,9,41.90954411,-87.76091846
0,433643,-1,30,0,0,0,1,10,3,8,0,0,0,0,1,-1,-1,7,-1,412,-1,-1,-1,-1,-1,-1,2,0,0,0,0,0,3,0,12,5,9,41.73415571,-87.58573319
0,443238,-1,15,0,0,0,1,7,7,2,0,0,0,0,-1,-1,1,0,-1,1612,-1,-1,-1,-1,-1,-1,2,0,0,0,0,0,1,0,12,5,9,41.98857518,-87.81297791
0,436353,1,30,1,2,0,1,12,6,-1,0,0,0,0,0,-1,-1,0,11,114,1,-1,-1,-1,-1,-1,2,0,0,0,0,0,3,0,12,5,9,41.8809385,-87.62427131
0,433700,-1,25,0,-1,0,1,14,5,-1,0,0,-1,0,-1,-1,-1,23,0,234,-1,-1,-1,-1,-1,-1,2,0,0,0,0,0,2,0,11,5,9,41.79959448,-87.594067
0,433630,-1,30,0,0,0,1,7,6,1,0,0,0,0,-1,-1,-1,28,-1,1834,-1,-1,-1,-1,-1,-1,2,0,0,0,0,0,1,0,11,5,9,41.89491495,-87.61931058
0,433623,-1,30,1,2,0,1,10,5,-1,0,0,0,0,-1,-1,-1,0,0,1511,-1,-1,-1,-1,-1,-1,2,0,0,0,0,0,2,0,11,5,9,41.89104721,-87.77486108
0,433740,-1,30,1,2,0,1,10,6,-1,0,0,0,0,1,-1,-1,8,35,122,-1,-1,-1,-1,-1,-1,2,0,0,0,0,0,2,0,11,5,9,41.88435558,-87.63463655
0,433645,-1,30,0,0,0,1,12,2,2,0,0,0,0,-1,-1,-1,0,27,1232,-1,-1,-1,-1,-1,-1,2,0,0,0,0,0,2,0,11,5,9,41.87932589,-87.64734187
0,433681,-1,30,0,0,0,1,12,5,-1,0,0,0,0,-1,-1,-1,22,-1,2012,-1,-1,-1,-1,-1,-1,2,0,0,0,0,0,2,0,11,5,9,41.97616563,-87.67772952
0,433660,-1,5,0,0,0,1,0,7,-1,0,0,0,0,-1,-1,-1,0,0,221,-1,-1,-1,-1,-1,-1,2,0,0,0,0,0,2,0,11,5,9,41.8096287,-87.60736974
0,433651,-1,30,0,0,0,1,10,5,2,0,0,0,0,-1,-1,-1,0,0,2412,-1,-1,-1,-1,-1,-1,2,0,0,0,0,0,2,0,11,5,9,41.99753191,-87.70742853
0,433628,-1,0,0,0,0,1,11,7,0,0,0,0,0,-1,1,-1,0,-1,1621,-1,-1,-1,-1,-1,-1,2,0,0,0,0,0,3,0,11,5,9,41.97871026,-87.75715377
0,433587,-1,30,0,0,0,1,10,5,2,0,0,0,1,-1,-1,-1,18,-1,2033,-1,-1,-1,-1,-1,-1,3,0,0,0,0,0,3,0,11,5,9,41.970178,-87.65984901
0,433607,-1,30,1,2,0,1,14,2,2,0,0,0,0,-1,-1,-1,-1,-1,1135,-1,-1,-1,-1,-1,-1,2,0,0,0,0,0,2,0,11,5,9,41.8667254,-87.70064961
2,433590,-1,30,2,2,0,1,0,6,0,0,0,0,1,1,-1,-1,17,16,113,-1,-1,-1,-1,-1,-1,2,1,0,0,1,0,2,0,11,5,9,41.87678196,-87.62984746
2,433633,-1,10,0,0,0,1,9,7,-1,0,0,0,1,-1,-1,-1,0,0,1732,-1,-1,-1,-1,-1,-1,2,1,0,0,1,0,1,0,11,5,9,41.94488107,-87.71280509
3,433588,-1,30,0,0,0,1,9,2,-1,0,0,12,1,-1,-1,-1,17,-1,914,-1,-1,-1,1,-1,1,2,1,0,1,0,0,1,0,11,5,9,41.85381897,-87.63311209
0,433618,-1,0,0,0,0,1,0,7,-1,0,0,0,0,-1,-1,-1,20,-1,835,-1,-1,-1,-1,-1,-1,2,0,0,0,0,0,3,0,11,5,9,41.73542821,-87.6947815
0,434444,-1,30,0,0,0,1,7,5,2,0,0,0,0,-1,-1,-1,20,11,2522,-1,-1,-1,-1,-1,-1,2,0,0,0,0,0,1,0,11,5,9,41.92310487,-87.75461424
0,433653,-1,30,2,-1,0,1,0,-1,-1,0,-1,-1,0,1,-1,1,0,-1,333,-1,-1,-1,-1,-1,-1,2,0,0,0,0,0,2,0,10,5,9,41.76062594,-87.57632659
2,433552,-1,30,0,0,0,1,6,3,-1,0,0,0,1,-1,1,-1,12,-1,835,-1,1,-1,-1,-1,-1,1,1,0,0,1,0,0,0,10,5,9,41.74995139,-87.701967
0,433551,1,30,2,2,0,1,0,5,2,0,0,0,0,1,-1,-1,-1,-1,333,-1,-1,-1,-1,-1,-1,2,0,0,0,0,0,2,0,10,5,9,41.76062594,-87.57632659
0,433500,-1,30,0,0,0,1,7,5,2,0,0,0,0,-1,-1,-1,0,0,1224,-1,-1,-1,-1,-1,-1,2,0,0,0,0,0,2,0,10,5,9,41.8835571,-87.6484324
0,433555,-1,25,2,0,0,1,10,5,-1,0,0,0,0,-1,-1,-1,16,-1,2514,-1,-1,-1,-1,-1,-1,2,0,0,0,0,0,2,0,10,5,9,41.93267252,-87.76614847
0,433541,-1,20,0,0,-1,-1,7,5,2,0,-1,0,0,-1,-1,1,0,0,2411,-1,-1,-1,-1,-1,-1,2,0,0,0,0,0,1,0,10,5,9,42.01466968,-87.7002959
1,433535,-1,30,0,0,0,1,10,5,-1,0,0,0,1,0,-1,-1,16,11,1912,-1,-1,-1,-1,-1,-1,2,1,0,0,0,1,1,0,10,5,9,41.95443244,-87.66244626
2,433528,1,30,0,0,0,1,14,5,2,0,0,0,1,-1,-1,-1,17,-1,1621,-1,-1,-1,-1,-1,-1,2,3,0,0,3,0,1,0,10,5,9,41.97959355,-87.75858927
0,433517,-1,30,1,1,0,1,7,2,4,0,0,0,0,-1,-1,-1,11,0,124,-1,1,-1,-1,-1,-1,2,0,0,0,0,0,2,0,10,5,9,41.86359876,-87.63927326
0,433574,-1,30,0,0,0,1,14,5,4,0,0,0,0,-1,-1,-1,0,0,1112,-1,-1,-1,-1,-1,-1,2,0,0,0,0,0,2,0,10,5,9,41.89548111,-87.72565573
0,433533,-1,10,0,-1,0,1,10,7,-1,0,1,-1,0,-1,-1,-1,20,0,222,-1,-1,-1,-1,-1,-1,2,0,0,0,0,0,2,0,10,5,9,41.80979121,-87.59316586
0,433529,-1,30,1,2,0,1,12,3,3,0,0,0,0,-1,-1,-1,0,-1,114,-1,-1,-1,-1,-1,-1,2,0,0,0,0,0,2,0,10,5,9,41.87437694,-87.62408588
0,433542,-1,30,1,2,0,1,14,2,-1,0,0,0,0,1,-1,-1,0,16,1933,-1,-1,-1,-1,-1,-1,2,0,0,0,0,0,4,0,10,5,9,-1,-1
0,433532,-1,30,2,2,0,1,12,5,-1,0,0,0,0,1,-1,1,5,-1,912,-1,-1,-1,-1,-1,-1,2,0,0,0,0,0,3,0,10,5,9,41.83025299,-87.677807
0,433501,-1,30,0,0,0,1,10,5,-1,0,0,0,0,-1,-1,-1,18,15,1434,-1,-1,-1,-1,-1,-1,2,0,0,0,0,0,2,0,10,5,9,41.91743188,-87.69127168
0,433858,-1,35,2,2,0,1,10,12,-1,0,0,0,0,-1,-1,-1,0,0,1232,-1,-1,-1,-1,-1,-1,2,0,0,0,0,0,2,0,10,5,9,41.87674627,-87.64959909
0,433556,-1,30,0,0,0,1,10,2,-1,0,0,0,0,-1,-1,-1,20,0,1232,-1,-1,-1,-1,-1,-1,2,0,0,0,0,0,2,0,10,5,9,41.87696325,-87.64823241
0,433510,-1,30,1,2,0,1,0,2,2,0,0,0,0,1,-1,-1,17,-1,1713,-1,-1,-1,-1,-1,-1,2,0,0,0,0,0,2,0,10,5,9,41.9648075,-87.70841964
0,433481,-1,0,0,0,0,1,2,12,-1,0,0,0,1,-1,1,-1,27,-1,931,-1,-1,-1,-1,-1,-1,1,0,0,0,0,0,1,0,10,5,9,41.80375926,-87.67714197
0,433823,-1,30,0,0,0,1,12,5,-1,0,0,0,0,-1,-1,-1,22,16,2521,-1,-1,-1,-1,-1,-1,2,0,0,0,0,0,2,0,9,5,9,41.92696262,-87.74655193
0,433591,-1,25,1,2,0,1,14,6,-1,0,0,0,0,-1,-1,-1,23,0,1814,-1,-1,-1,-1,-1,-1,2,0,0,0,0,0,2,0,9,5,9,41.92590737,-87.63113162
3,433482,-1,35,1,2,0,1,14,3,-1,0,0,0,1,1,-1,-1,17,16,2233,-1,-1,-1,-1,-1,-1,2,2,0,1,0,1,0,0,9,5,9,41.69954742,-87.64275192
0,433494,-1,30,2,2,0,1,0,2,-1,0,0,0,0,1,-1,-1,17,17,924,-1,-1,-1,-1,-1,-1,2,0,0,0,0,0,3,0,9,5,9,41.81571209,-87.67259457
0,433457,-1,30,0,0,0,1,7,5,2,0,0,0,1,-1,-1,1,0,0,923,-1,-1,-1,-1,-1,-1,3,0,0,0,0,0,5,0,9,5,9,41.80039132,-87.70360759
0,433701,-1,30,1,2,0,1,10,6,-1,0,0,0,0,1,-1,-1,16,18,113,-1,-1,-1,-1,-1,-1,2,0,0,0,0,0,2,0,9,5,9,41.87573626,-87.62921295
0,433502,-1,35,0,0,0,1,12,5,4,0,0,0,0,-1,-1,-1,0,0,811,-1,-1,-1,-1,-1,-1,2,0,0,0,0,0,2,0,9,5,9,41.79394205,-87.77463322
0,433465,-1,25,0,0,0,1,7,6,-1,0,0,0,0,-1,-1,1,17,-1,1422,-1,-1,-1,-1,-1,-1,2,0,0,0,0,0,1,0,9,5,9,41.90475401,-87.70879259
0,433443,-1,35,0,0,0,1,12,5,-1,0,0,0,0,-1,-1,-1,0,0,1834,-1,-1,-1,-1,-1,-1,2,0,0,0,0,0,2,0,9,5,9,41.89114777,-87.61404167
2,433404,-1,40,2,2,0,1,8,5,-1,0,0,0,1,1,-1,-1,5,-1,1915,-1,-1,-1,-1,-1,-1,2,1,0,0,1,0,1,0,9,5,9,41.95867503,-87.64665885
0,434846,-1,30,1,2,0,1,14,5,2,0,0,-1,0,-1,-1,-1,22,-1,1913,-1,-1,-1,-1,-1,-1,2,0,0,0,0,0,2,0,9,5,9,41.96174763,-87.66562918
0,433596,-1,30,0,0,0,1,7,5,2,0,0,0,0,-1,-1,-1,0,-1,2523,-1,-1,-1,-1,-1,-1,2,0,0,0,0,0,1,0,9,5,9,41.93443045,-87.72069148
0,433435,0,30,0,0,0,1,7,6,1,0,0,0,0,-1,-1,1,0,-1,623,-1,-1,-1,-1,-1,-1,2,0,0,0,0,0,1,0,9,5,9,41.74952558,-87.62310445
0,433424,-1,30,0,0,0,1,10,5,2,0,0,0,0,-1,-1,-1,18,18,523,-1,-1,-1,-1,-1,-1,2,0,0,0,0,0,5,0,9,5,9,41.6631821,-87.64156527
1,433415,-1,30,1,2,0,1,14,5,4,0,0,0,1,1,-1,-1,7,17,1821,-1,-1,-1,-1,-1,-1,2,1,0,0,0,1,1,0,9,5,9,41.91105254,-87.63311696
0,433407,-1,30,1,2,0,1,14,6,3,0,0,0,0,1,-1,-1,23,23,1834,-1,-1,-1,-1,-1,-1,2,0,0,0,0,0,2,0,9,5,9,41.89244892,-87.62276317
0,434165,-1,0,0,0,0,1,7,7,0,0,0,0,0,-1,1,-1,0,-1,1621,-1,-1,-1,-1,-1,-1,2,0,0,0,0,0,1,0,8,5,9,41.97871026,-87.75715377
0,433428,-1,30,1,2,0,1,0,5,-1,0,0,0,0,-1,-1,-1,17,0,1733,-1,-1,-1,-1,-1,-1,2,0,0,0,0,0,2,0,8,5,9,41.94607961,-87.70795508
0,433414,-1,30,1,2,0,1,14,2,-1,0,0,0,0,1,-1,-1,21,-1,713,-1,-1,-1,-1,-1,-1,3,0,0,0,0,0,3,0,8,5,9,41.79359129,-87.66442764
0,433423,-1,30,0,0,0,1,12,5,-1,0,0,0,0,-1,-1,-1,0,0,1931,-1,-1,-1,-1,-1,-1,2,0,0,0,0,0,2,0,8,5,9,41.93247005,-87.67192574
0,433892,-1,35,0,0,0,1,10,5,2,0,0,0,0,-1,-1,1,0,0,1023,-1,-1,-1,-1,-1,-1,2,0,0,0,0,0,2,0,8,5,9,41.85661542,-87.69545927
0,433387,-1,30,2,1,0,1,12,5,-1,0,0,0,0,-1,-1,-1,0,-1,1233,-1,-1,-1,-1,-1,-1,2,0,0,0,0,0,2,0,8,5,9,41.85983085,-87.65931042
0,433442,-1,10,0,0,0,1,7,7,0,0,0,0,0,-1,1,-1,0,0,1911,-1,-1,-1,-1,-1,-1,2,0,0,0,0,0,1,0,8,5,9,41.96579167,-87.68867077
0,433390,-1,30,0,0,0,1,10,5,-1,0,0,0,0,-1,-1,-1,18,-1,1013,-1,-1,-1,-1,-1,-1,2,0,0,0,0,0,2,0,8,5,9,41.84440068,-87.72150337
3,433382,-1,30,1,2,0,1,0,5,4,0,0,0,1,1,-1,-1,6,16,2423,-1,1,-1,-1,-1,-1,2,2,0,1,1,0,0,0,8,5,9,42.01492318,-87.66479179