MOST_SEVERE_INJURY,RD_NO,CRASH_DATE_EST_I,POSTED_SPEED_LIMIT,TRAFFIC_CONTROL_DEVICE,DEVICE_CONDITION,WEATHER_CONDITION,LIGHTING_CONDITION,FIRST_CRASH_TYPE,TRAFFICWAY_TYPE,LANE_CNT,ALIGNMENT,ROADWAY_SURFACE_COND,ROAD_DEFECT,CRASH_TYPE,INTERSECTION_RELATED_I,NOT_RIGHT_OF_WAY_I,HIT_AND_RUN_I,PRIM_CONTRIBUTORY_CAUSE,SEC_CONTRIBUTORY_CAUSE,BEAT_OF_OCCURRENCE,PHOTOS_TAKEN_I,STATEMENTS_TAKEN_I,DOORING_I,WORK_ZONE_I,WORK_ZONE_TYPE,WORKERS_PRESENT_I,NUM_UNITS,INJURIES_TOTAL,INJURIES_FATAL,INJURIES_INCAPACITATING,INJURIES_NON_INCAPACITATING,INJURIES_REPORTED_NOT_EVIDENT,INJURIES_NO_INDICATION,INJURIES_UNKNOWN,CRASH_HOUR,CRASH_DAY_OF_WEEK,CRASH_MONTH,LATITUDE,LONGITUDE
2,433402,-1,35,1,2,0,1,10,5,4,0,0,0,1,1,-1,-1,18,11,1611,-1,-1,-1,-1,-1,-1,4,1,0,0,1,0,4,0,8,5,9,42.01145804,-87.81219323
0,434775,-1,0,0,0,0,1,7,7,-1,0,0,0,0,-1,-1,1,0,0,2422,-1,-1,-1,-1,-1,-1,2,0,0,0,0,0,1,0,8,5,9,42.01826697,-87.67146123
0,433412,-1,35,0,0,0,2,14,5,2,0,0,0,0,-1,-1,-1,23,17,1213,-1,-1,-1,-1,-1,-1,2,0,0,0,0,0,2,0,8,5,9,41.89647569,-87.64923685
0,433411,-1,30,2,2,0,1,14,2,-1,0,0,0,0,-1,-1,-1,17,17,1623,-1,-1,-1,-1,-1,-1,2,0,0,0,0,0,2,0,8,5,9,41.97538422,-87.75284869
0,433381,-1,0,0,0,0,1,14,2,-1,0,0,0,0,1,-1,-1,0,0,1024,-1,-1,-1,-1,-1,-1,2,0,0,0,0,0,2,0,8,5,9,41.85183326,-87.70884609
2,433385,-1,30,-1,-1,0,1,0,3,3,0,0,0,1,1,1,-1,0,-1,835,-1,1,-1,-1,-1,-1,2,3,0,0,3,0,0,0,8,5,9,41.74990324,-87.70734839
0,444667,1,15,0,0,0,-1,7,7,-1,0,0,0,0,-1,1,1,0,0,332,-1,-1,-1,-1,-1,-1,2,0,0,0,0,0,1,0,8,5,9,41.77167675,-87.58245901
0,433408,-1,5,0,0,0,1,7,7,-1,0,0,0,0,-1,-1,-1,11,20,1911,-1,-1,-1,-1,-1,-1,2,0,0,0,0,0,2,0,8,5,9,41.96579167,-87.68867077
0,433397,-1,30,0,0,0,1,12,3,4,0,0,0,0,-1,-1,-1,17,17,132,-1,-1,-1,-1,-1,-1,2,0,0,0,0,0,2,0,8,5,9,41.85279995,-87.62061156
0,433389,-1,30,0,0,0,1,10,5,4,0,0,0,0,-1,-1,-1,18,16,1614,-1,-1,-1,-1,-1,-1,2,0,0,0,0,0,2,0,8,5,9,41.97631796,-87.83676554
2,433379,-1,30,1,1,0,1,9,5,8,0,0,0,1,1,-1,-1,17,-1,1221,-1,-1,-1,-1,-1,-1,2,1,0,0,1,0,1,0,8,5,9,41.89587863,-87.67690449
0,433351,-1,35,0,0,0,1,12,2,2,0,0,0,0,-1,-1,-1,21,0,1513,-1,1,-1,-1,-1,-1,2,0,0,0,0,0,3,0,8,5,9,41.88106813,-87.77454203
0,433336,-1,20,0,0,0,1,0,6,-1,0,0,0,1,-1,-1,-1,17,-1,833,-1,1,-1,-1,-1,-1,3,0,0,0,0,0,3,0,8,5,9,41.77075422,-87.73367717
0,433358,-1,20,0,0,0,1,2,5,2,0,0,0,0,-1,-1,-1,-1,-1,2212,-1,-1,-1,0,-1,-1,1,0,0,0,0,0,1,0,8,5,9,41.69297679,-87.66289805
2,433666,-1,30,2,2,0,1,8,12,-1,0,0,0,1,-1,-1,-1,5,0,1422,-1,-1,-1,-1,-1,-1,2,1,0,0,1,0,1,0,8,5,9,41.90953277,-87.70715041
0,433544,-1,30,2,2,0,1,0,5,-1,0,0,0,0,-1,-1,-1,0,0,423,-1,-1,-1,-1,-1,-1,2,0,0,0,0,0,4,0,8,5,9,41.73543323,-87.55400674
2,433487,-1,0,0,0,0,1,8,6,-1,0,0,0,1,-1,-1,-1,33,17,1911,-1,-1,-1,-1,-1,-1,2,1,0,0,1,0,1,0,8,5,9,41.96086116,-87.68609385
0,433418,-1,30,1,2,0,1,14,2,-1,0,0,0,0,1,-1,-1,0,0,2433,-1,-1,-1,-1,-1,-1,2,0,0,0,0,0,2,0,8,5,9,41.9944866,-87.67029806
0,433394,-1,30,0,0,0,1,0,5,2,0,0,0,1,-1,-1,-1,20,16,1614,-1,-1,-1,-1,-1,-1,2,0,0,0,0,0,3,0,8,5,9,41.97877376,-87.83287563
0,433344,-1,30,0,0,0,1,10,5,2,0,0,0,0,1,1,-1,18,-1,1731,-1,-1,-1,-1,-1,-1,3,0,0,0,0,0,3,0,8,5,9,41.94618036,-87.7339655
0,433330,-1,30,0,0,0,1,7,5,2,0,0,0,0,-1,-1,1,-1,-1,1634,-1,-1,-1,-1,-1,-1,2,0,0,0,0,0,1,0,8,5,9,41.9393662,-87.74950373
0,433322,-1,30,0,0,0,1,10,5,2,0,0,0,0,-1,-1,-1,18,-1,2411,-1,-1,-1,-1,-1,-1,2,0,0,0,0,0,2,0,8,5,9,42.00525015,-87.68392417
0,433315,1,30,0,-1,0,1,8,5,1,0,0,-1,0,-1,-1,1,-1,-1,623,-1,-1,-1,-1,-1,-1,2,0,0,0,0,0,2,0,8,5,9,41.75116792,-87.61840895
0,433318,-1,30,0,0,0,1,2,3,4,0,0,0,1,-1,-1,-1,0,-1,1522,-1,-1,-1,-1,-1,-1,1,0,0,0,0,0,1,0,7,5,9,41.88019915,-87.76004739
0,433324,-1,30,1,2,0,1,11,5,2,0,0,0,0,1,-1,-1,17,-1,1613,-1,-1,-1,-1,-1,-1,2,0,0,0,0,0,2,0,7,5,9,41.97866548,-87.79281105
0,435523,-1,30,0,0,0,1,10,5,2,0,0,0,0,-1,-1,-1,18,-1,1613,-1,-1,-1,-1,-1,-1,2,0,0,0,0,0,2,0,7,5,9,41.98024394,-87.80349092
0,433448,-1,30,0,0,0,1,10,7,-1,0,0,0,0,-1,-1,-1,20,-1,1433,-1,-1,-1,-1,-1,-1,2,0,0,0,0,0,2,0,7,5,9,41.91779815,-87.66952334
0,433383,-1,30,0,0,0,1,2,2,-1,0,0,0,0,-1,-1,0,21,-1,923,-1,-1,-1,-1,-1,-1,2,0,0,0,0,0,2,0,7,5,9,41.80044804,-87.70360917
0,433349,-1,30,2,0,0,1,14,5,4,0,0,0,0,1,-1,-1,5,0,1123,-1,-1,-1,-1,-1,-1,3,0,0,0,0,0,3,0,7,5,9,41.8796994,-87.71109862
0,433386,-1,30,1,2,1,1,12,5,4,0,0,0,0,-1,-1,1,22,0,1112,-1,-1,-1,-1,-1,-1,2,0,0,0,0,0,2,0,7,5,9,41.90263376,-87.71793124
0,433388,-1,30,2,2,0,1,14,5,2,0,0,0,0,1,-1,-1,17,-1,1623,-1,-1,-1,-1,-1,-1,2,0,0,0,0,0,2,0,7,5,9,41.98278295,-87.76427377
1,433354,-1,30,1,2,0,2,10,5,4,0,0,0,1,1,-1,-1,18,16,1722,-1,-1,-1,-1,-1,-1,2,1,0,0,0,1,1,0,7,5,9,41.96062815,-87.74624647
0,434812,-1,30,0,0,0,1,7,2,-1,0,0,0,0,-1,-1,-1,0,0,821,-1,-1,-1,-1,-1,-1,2,0,0,0,0,0,3,0,7,5,9,41.81160034,-87.70425722
0,433433,-1,0,0,0,0,1,14,5,-1,0,0,0,0,-1,-1,-1,23,23,632,-1,-1,-1,-1,-1,-1,2,0,0,0,0,0,2,0,7,5,9,41.73652664,-87.60581268
0,433348,-1,30,3,2,0,1,14,2,4,0,0,0,0,1,-1,-1,22,4,1034,-1,-1,-1,-1,-1,-1,2,0,0,0,0,0,2,0,7,5,9,41.84111018,-87.68542555
0,433321,-1,30,0,0,0,1,7,12,4,0,12,12,1,1,-1,-1,28,-1,1623,-1,-1,-1,0,-1,-1,3,0,0,0,0,0,1,0,7,5,9,41.97329835,-87.7654351
0,433319,-1,30,1,2,0,1,14,1,-1,3,0,0,0,-1,-1,-1,21,-1,2013,-1,-1,-1,-1,-1,-1,2,0,0,0,0,0,2,0,7,5,9,41.98547417,-87.66331802
2,433312,-1,30,1,2,0,1,10,2,2,0,0,0,1,-1,-1,-1,33,11,2512,-1,-1,-1,-1,-1,-1,2,1,0,0,1,0,2,0,7,5,9,41.93101322,-87.77711776
0,434298,-1,30,0,0,0,1,7,7,-1,0,0,0,0,-1,1,-1,-1,-1,815,-1,-1,-1,-1,-1,-1,2,0,0,0,0,0,1,0,7,5,9,41.80432894,-87.73587166
0,433990,-1,30,0,0,0,1,12,5,4,0,0,0,0,-1,-1,-1,22,-1,912,-1,0,-1,-1,-1,-1,2,0,0,0,0,0,2,0,7,5,9,41.82840746,-87.68425711
0,433967,-1,30,1,2,0,1,10,5,-1,0,0,0,0,-1,-1,-1,0,0,815,-1,-1,-1,-1,-1,-1,2,0,0,0,0,0,2,0,7,5,9,41.81690171,-87.72405154
0,433737,-1,30,1,2,0,1,10,5,-1,0,0,-1,0,1,-1,-1,0,0,412,-1,-1,-1,-1,-1,-1,2,0,0,0,0,0,2,0,7,5,9,41.74063521,-87.57069143
0,433664,-1,35,1,2,0,1,10,2,-1,0,0,0,0,-1,-1,-1,0,0,821,-1,-1,-1,-1,-1,-1,2,0,0,0,0,0,2,0,7,5,9,41.80656066,-87.71674705
0,433467,-1,30,0,0,0,1,12,5,-1,0,0,0,0,1,-1,-1,17,17,611,-1,-1,-1,-1,-1,-1,2,0,0,0,0,0,2,0,7,5,9,41.75390152,-87.66367033
0,433327,-1,30,0,0,0,1,5,5,-1,1,0,0,0,-1,-1,-1,0,12,431,-1,-1,-1,-1,-1,-1,2,0,0,0,0,0,2,0,7,5,9,41.70807305,-87.57386257
0,434230,-1,30,0,0,0,1,10,5,2,0,0,0,0,-1,-1,1,0,0,1221,-1,-1,-1,-1,-1,-1,2,0,0,0,0,0,4,0,7,5,9,41.89075628,-87.68673706
0,433310,-1,30,0,0,0,1,10,5,2,0,0,2,0,-1,-1,-1,0,0,2032,-1,-1,-1,-1,-1,-1,1,0,0,0,0,0,1,0,7,5,9,41.96883762,-87.68121014
0,433283,-1,25,2,2,0,1,0,6,2,0,0,0,1,1,-1,1,5,17,1833,0,1,-1,-1,-1,-1,2,0,0,0,0,0,2,0,7,5,9,41.89565662,-87.62697185
0,436361,-1,30,0,0,0,1,10,2,4,0,0,0,0,-1,-1,-1,18,15,1623,-1,-1,-1,-1,-1,-1,2,0,0,0,0,0,2,0,7,5,9,41.97536089,-87.7548383
0,434101,-1,30,0,0,0,1,10,5,2,0,0,0,0,-1,-1,-1,0,0,1115,-1,-1,-1,-1,-1,-1,2,0,0,0,0,0,2,0,7,5,9,41.8818379,-87.73387033
0,433297,-1,30,0,0,0,1,14,5,2,0,0,0,1,-1,-1,-1,21,22,1935,-1,-1,-1,-1,-1,-1,2,0,0,0,0,0,2,0,6,5,9,41.92635215,-87.64893977
0,433309,-1,30,0,0,0,1,12,2,3,0,0,0,0,-1,-1,-1,17,17,114,-1,-1,-1,-1,-1,-1,2,0,0,0,0,0,2,0,6,5,9,41.8790544,-87.62058658
1,433281,-1,30,0,0,0,1,10,5,2,0,0,0,1,-1,-1,-1,16,-1,1612,-1,-1,-1,-1,-1,-1,2,2,0,0,0,2,1,0,6,5,9,41.98717623,-87.79012777
0,433317,-1,40,1,2,0,1,12,3,6,0,0,0,0,-1,-1,1,0,0,132,-1,-1,-1,-1,-1,-1,2,0,0,0,0,0,3,0,6,5,9,41.86415309,-87.6186603
0,439565,-1,30,0,0,0,1,5,2,2,0,0,0,0,-1,-1,-1,0,0,1431,-1,-1,-1,-1,-1,-1,2,0,0,0,0,0,2,0,6,5,9,41.91912206,-87.68760828
0,433275,-1,30,0,0,0,1,2,6,2,0,0,1,0,-1,-1,-1,-1,-1,123,-1,-1,-1,-1,-1,-1,1,0,0,0,0,0,1,0,6,5,9,41.87434028,-87.62980762
0,433311,-1,25,2,2,0,1,14,5,2,0,0,0,0,1,-1,-1,5,17,1633,-1,-1,-1,-1,-1,-1,2,0,0,0,0,0,2,0,6,5,9,41.94979708,-87.76211237
0,434034,-1,30,1,2,0,1,10,5,-1,0,0,0,0,-1,-1,-1,0,0,511,-1,-1,-1,-1,-1,-1,2,0,0,0,0,0,2,0,6,5,9,41.72225727,-87.58527557
0,433280,-1,30,1,2,0,2,0,5,-1,0,0,0,0,-1,-1,1,14,18,2213,-1,-1,-1,-1,-1,-1,2,0,0,0,0,0,2,0,6,5,9,41.70874005,-87.6571172
0,433441,-1,40,1,2,0,1,12,3,-1,0,0,0,0,-1,-1,-1,0,0,114,-1,-1,-1,-1,-1,-1,2,0,0,0,0,0,2,0,6,5,9,41.87831319,-87.61734583
0,434918,-1,30,1,2,0,2,12,2,5,0,0,0,0,-1,-1,-1,22,-1,114,-1,-1,-1,-1,-1,-1,2,0,0,0,0,0,2,0,6,5,9,41.87575758,-87.61728578
0,434108,-1,30,0,0,0,1,7,5,1,0,0,0,0,-1,-1,1,0,-1,1634,-1,-1,-1,-1,-1,-1,2,0,0,0,0,0,1,0,6,5,9,41.94703588,-87.75614905
0,433296,1,30,0,0,-1,-1,7,6,1,0,-1,0,1,-1,-1,1,0,0,2514,-1,-1,-1,-1,-1,-1,2,0,0,0,0,0,1,0,6,5,9,41.92959784,-87.76345185
0,433273,1,30,0,0,0,2,7,5,2,0,0,0,0,-1,-1,0,11,-1,831,-1,-1,-1,-1,-1,-1,2,0,0,0,0,0,1,0,5,5,9,41.77197227,-87.69306302
0,433256,-1,35,1,2,1,2,14,1,5,0,0,0,1,1,-1,-1,17,6,1235,-1,-1,-1,-1,-1,-1,2,0,0,0,0,0,2,0,5,5,9,41.85756407,-87.63907891
0,433253,-1,30,0,0,0,2,7,2,4,0,0,0,0,-1,-1,-1,0,0,2524,-1,-1,-1,-1,-1,-1,2,0,0,0,0,0,1,0,5,5,9,41.92577524,-87.72666137
0,433250,-1,35,2,2,0,3,10,5,2,0,0,0,0,1,-1,-1,18,-1,432,-1,-1,-1,-1,-1,-1,3,0,0,0,0,0,4,0,5,5,9,41.70264892,-87.54216322
2,433249,-1,30,0,-1,-1,3,14,2,4,0,-1,-1,1,1,-1,-1,11,0,2533,-1,-1,-1,-1,-1,-1,2,1,0,0,1,0,1,0,5,5,9,41.90385562,-87.74584639
0,433244,-1,30,1,2,0,3,14,6,3,0,0,3,1,1,-1,-1,29,-1,1533,-1,-1,-1,-1,-1,-1,2,0,0,0,0,0,2,0,4,5,9,41.87128298,-87.74508757
0,433422,1,30,0,0,0,1,7,6,1,0,0,0,0,-1,-1,1,0,-1,1522,-1,-1,-1,-1,-1,-1,2,0,0,0,0,0,1,0,4,5,9,41.8729691,-87.75727084
1,433224,-1,20,0,0,0,3,3,2,-1,0,0,0,1,-1,-1,-1,0,0,2011,-1,-1,-1,-1,-1,-1,2,2,0,0,0,2,0,0,3,5,9,41.99031932,-87.70188592
0,433492,-1,30,0,0,0,0,7,6,1,0,0,0,0,-1,-1,1,-1,-1,532,-1,-1,-1,-1,-1,-1,2,0,0,0,0,0,1,0,3,5,9,41.67622881,-87.60209119
3,433219,-1,40,0,0,0,3,2,3,4,0,0,0,1,-1,-1,-1,27,21,2024,-1,-1,-1,-1,-1,-1,1,1,0,1,0,0,0,0,3,5,9,41.97670719,-87.65044159
0,433221,-1,30,1,2,0,3,0,5,4,0,0,0,0,1,-1,1,6,-1,112,-1,-1,-1,-1,-1,-1,2,0,0,0,0,0,2,0,3,5,9,41.88208275,-87.62796365
0,433999,1,30,0,0,0,3,7,5,-1,0,0,0,0,-1,-1,1,0,0,2432,-1,-1,-1,-1,-1,-1,2,0,0,0,0,0,1,0,3,5,9,42.00247077,-87.66579273
0,433211,-1,25,0,0,0,3,7,6,-1,0,0,0,1,-1,-1,-1,14,32,622,-1,-1,-1,-1,-1,-1,2,0,0,0,0,0,1,0,2,5,9,41.7397274,-87.63879058
0,433205,1,30,0,0,0,3,7,6,-1,0,0,0,1,-1,-1,1,0,-1,2535,-1,-1,-1,-1,-1,-1,2,0,0,0,0,0,1,0,2,5,9,41.90987399,-87.71908282
0,433194,-1,30,0,0,0,3,7,5,2,0,0,0,1,-1,-1,-1,32,-1,2532,-1,-1,-1,-1,-1,-1,2,0,0,0,0,0,1,0,1,5,9,41.90719997,-87.75603794
0,433195,-1,30,-1,-1,0,3,12,2,4,0,0,-1,0,-1,-1,-1,0,0,731,-1,-1,-1,-1,-1,-1,2,0,0,0,0,0,2,0,1,5,9,41.7653069,-87.63093561
2,433180,-1,30,0,0,0,3,10,5,2,0,0,0,1,1,-1,-1,16,-1,513,-1,-1,-1,-1,-1,-1,2,3,0,0,3,0,3,0,1,5,9,41.69636106,-87.60917942
0,433267,-1,30,1,2,0,0,10,5,2,0,0,0,0,-1,-1,1,18,16,1724,-1,-1,-1,-1,-1,-1,3,0,0,0,0,0,3,0,0,5,9,41.96123967,-87.71307662
2,433160,-1,30,0,0,0,3,2,5,1,0,0,0,1,-1,-1,-1,0,16,731,-1,-1,-1,-1,-1,-1,1,1,0,0,1,0,0,0,0,5,9,41.76387348,-87.63462349
0,433149,-1,30,-1,-1,0,-1,7,5,2,0,0,-1,1,-1,-1,-1,0,-1,1011,-1,-1,-1,-1,-1,-1,3,0,0,0,0,0,1,0,0,5,9,41.86200892,-87.73468963
0,433148,-1,25,9,2,0,3,2,3,4,3,0,0,1,-1,-1,-1,25,15,1824,-1,-1,-1,-1,-1,-1,1,0,0,0,0,0,2,0,23,4,9,41.90100286,-87.61977981
0,433146,-1,30,1,2,0,3,10,3,6,0,0,0,1,1,-1,1,14,22,821,-1,-1,-1,-1,-1,-1,2,0,0,0,0,0,3,0,23,4,9,41.80629421,-87.71719212
1,433129,-1,30,2,0,0,0,7,6,-1,0,0,0,1,-1,-1,-1,10,0,1634,-1,-1,-1,-1,-1,-1,3,1,0,0,0,1,0,0,23,4,9,41.95254839,-87.74998769
0,433116,-1,30,1,2,0,3,10,5,4,0,0,0,0,-1,-1,-1,-1,-1,1214,-1,-1,-1,-1,-1,-1,2,0,0,0,0,0,3,0,23,4,9,41.88642185,-87.64441279
0,433888,-1,30,0,0,0,0,11,5,-1,0,0,0,0,-1,-1,-1,0,0,2012,-1,-1,-1,-1,-1,-1,2,0,0,0,0,0,2,0,23,4,9,41.97614386,-87.6793305
0,433396,-1,30,0,0,0,3,7,6,-1,0,0,0,0,-1,-1,1,0,16,1934,-1,-1,-1,-1,-1,-1,2,0,0,0,0,0,3,0,23,4,9,41.9388803,-87.639007
0,434460,-1,30,0,0,0,3,14,5,4,0,0,0,1,1,-1,1,16,0,811,-1,-1,-1,-1,-1,-1,2,0,0,0,0,0,2,0,22,4,9,41.79004397,-87.8013004
0,433083,-1,30,0,0,0,3,7,2,-1,0,0,0,0,-1,-1,-1,0,-1,1231,-1,-1,-1,-1,-1,-1,2,0,0,0,0,0,1,0,22,4,9,41.86931091,-87.67059868
0,433101,-1,30,0,0,0,3,7,3,6,0,0,0,0,-1,-1,1,16,-1,715,-1,-1,-1,-1,-1,-1,2,0,0,0,0,0,1,0,22,4,9,41.79341909,-87.67619963
-1,433076,1,25,0,0,0,3,7,6,2,0,0,0,0,-1,-1,1,0,0,2522,-1,-1,-1,-1,-1,-1,2,-1,-1,-1,-1,-1,-1,-1,22,4,9,41.9205684,-87.73883044
0,433075,-1,30,1,2,0,3,12,5,-1,0,0,0,0,-1,-1,1,22,21,312,-1,-1,-1,-1,-1,-1,2,0,0,0,0,0,2,0,22,4,9,41.77491577,-87.62532692
3,433052,-1,30,2,2,0,3,9,12,2,0,0,0,1,-1,-1,1,0,0,1124,-1,-1,-1,-1,-1,-1,2,1,0,1,0,0,1,0,21,4,9,41.87979348,-87.70309816
0,433088,-1,45,0,0,0,3,10,3,3,1,0,0,1,-1,-1,-1,0,0,1814,-1,-1,-1,1,2,-1,2,0,0,0,0,0,3,0,21,4,9,41.91400354,-87.62713515
0,435258,-1,30,1,2,0,4,10,5,-1,0,0,0,0,1,-1,-1,18,0,623,-1,-1,-1,-1,-1,-1,2,0,0,0,0,0,2,0,21,4,9,41.75626768,-87.62603177
0,433018,1,30,0,0,0,3,2,6,1,0,0,0,0,-1,1,1,0,0,1021,-1,-1,-1,-1,-1,-1,1,0,0,0,0,0,1,0,21,4,9,41.85561314,-87.71243653
1,433038,-1,20,2,2,0,3,2,5,-1,0,0,0,1,1,-1,-1,16,-1,2212,-1,-1,-1,-1,-1,-1,1,1,0,0,0,1,0,0,21,4,9,41.68875061,-87.66709682
0,433015,-1,30,0,0,0,3,14,5,2,0,0,0,0,-1,-1,1,17,0,1022,-1,-1,-1,-1,-1,-1,2,0,0,0,0,0,2,0,21,4,9,41.852248,-87.70541592
1,433988,-1,45,0,0,0,0,10,3,8,0,-1,-1,1,-1,-1,-1,18,18,1824,-1,-1,-1,1,2,-1,2,1,0,0,0,1,2,0,21,4,9,41.90961072,-87.62583365
0,433061,-1,30,0,0,0,3,12,2,-1,0,0,0,0,-1,-1,-1,17,0,1713,-1,-1,-1,-1,-1,-1,2,0,0,0,0,0,2,0,20,4,9,41.9756499,-87.70714245
0,433046,-1,30,2,0,0,3,10,5,-1,0,0,0,0,1,-1,1,0,-1,621,-1,-1,-1,-1,-1,-1,2,0,0,0,0,0,2,0,20,4,9,41.75595409,-87.64796359
0,433005,-1,5,0,0,0,0,7,5,2,0,0,0,0,-1,-1,1,0,-1,914,-1,-1,-1,-1,-1,-1,2,0,0,0,0,0,1,0,20,4,9,41.85186351,-87.63184423
0,434232,-1,30,0,0,0,1,10,5,2,0,0,-1,0,-1,-1,-1,0,0,2223,-1,-1,-1,-1,-1,-1,2,0,0,0,0,0,2,0,20,4,9,41.71580477,-87.64320825
0,432954,-1,30,2,2,0,3,7,2,2,0,0,0,0,1,1,1,16,11,1134,-1,-1,-1,-1,-1,-1,3,0,0,0,0,0,1,0,20,4,9,41.87082235,-87.7084566
0,432947,-1,30,1,2,0,3,12,5,-1,5,0,0,0,-1,-1,-1,0,0,1925,-1,-1,-1,-1,-1,-1,2,0,0,0,0,0,5,0,20,4,9,41.94050251,-87.63844367
0,433004,-1,30,0,0,0,3,12,2,4,0,0,0,0,-1,-1,1,22,0,524,-1,-1,-1,-1,-1,-1,2,0,0,0,0,0,2,0,20,4,9,41.68473824,-87.6422895
0,432946,-1,30,1,2,0,3,0,3,4,0,0,0,1,1,-1,-1,6,-1,1232,-1,-1,-1,-1,-1,-1,3,0,0,0,0,0,3,0,20,4,9,41.86706916,-87.64513396
0,432887,-1,20,0,0,0,1,7,2,2,0,0,0,0,-1,-1,-1,0,-1,1434,-1,-1,-1,-1,-1,-1,2,0,0,0,0,0,1,0,19,4,9,41.9127943,-87.68298666
2,432914,-1,30,2,2,0,4,9,5,2,0,0,0,1,-1,-1,-1,0,-1,611,-1,-1,-1,-1,-1,-1,2,1,0,0,1,0,1,0,19,4,9,41.75023202,-87.66600826
0,432991,-1,25,1,2,0,2,14,5,-1,0,0,0,1,-1,-1,-1,23,22,2533,-1,-1,-1,-1,-1,-1,3,0,0,0,0,0,6,0,19,4,9,41.9026194,-87.73627328
0,432923,-1,30,0,0,0,1,12,5,4,0,0,0,0,-1,-1,-1,21,-1,1621,-1,-1,-1,-1,-1,-1,2,0,0,0,0,0,2,0,19,4,9,41.98978644,-87.74869423
0,432943,-1,30,1,2,0,1,12,3,-1,0,0,0,0,-1,-1,1,0,-1,1621,-1,-1,-1,-1,-1,-1,2,0,0,0,0,0,2,0,19,4,9,41.98978849,-87.74837384
0,434358,-1,30,0,0,0,0,7,6,-1,0,0,0,0,-1,-1,1,0,-1,311,-1,-1,-1,-1,-1,-1,2,0,0,0,0,0,1,0,19,4,9,41.78552296,-87.62075779
0,432898,-1,30,0,0,0,3,12,5,4,0,0,0,0,-1,-1,-1,21,-1,912,-1,-1,-1,-1,-1,-1,2,0,0,0,0,0,3,0,19,4,9,41.82333558,-87.66518009
0,434195,-1,30,12,0,0,1,10,7,-1,0,0,0,0,-1,-1,-1,18,0,2212,-1,-1,-1,-1,-1,-1,2,0,0,0,0,0,2,0,19,4,9,41.6953463,-87.68141536
0,432941,-1,30,2,2,0,4,10,6,-1,0,0,0,0,-1,-1,1,0,0,1225,-1,-1,-1,-1,-1,-1,2,0,0,0,0,0,2,0,19,4,9,41.87516579,-87.67417708
-1,432932,-1,0,0,0,0,1,14,2,-1,0,0,0,0,-1,-1,-1,23,-1,234,-1,-1,-1,-1,-1,-1,-1,-1,-1,-1,-1,-1,-1,-1,19,4,9,41.79964834,-87.58964563
0,432876,-1,30,1,2,0,4,10,5,-1,0,0,0,0,-1,-1,-1,18,-1,2513,-1,-1,-1,-1,-1,-1,2,0,0,0,0,0,2,0,19,4,9,41.9145685,-87.80580867
0,432899,-1,30,0,0,0,3,7,5,-1,0,0,0,0,-1,-1,-1,0,0,122,-1,-1,-1,-1,-1,-1,2,0,0,0,0,0,1,0,18,4,9,41.88525803,-87.63228056
0,432859,-1,30,0,0,0,1,10,5,-1,0,0,0,0,-1,-1,-1,0,0,1711,-1,-1,-1,-1,-1,-1,2,0,0,0,0,0,2,0,18,4,9,41.99052182,-87.7138439
0,432924,-1,30,0,0,0,4,7,7,0,0,0,0,0,-1,-1,1,20,0,1013,-1,-1,-1,-1,-1,-1,2,0,0,0,0,0,1,0,18,4,9,41.84434188,-87.72603272
0,432822,-1,30,1,2,0,1,12,5,2,0,0,0,0,-1,-1,-1,0,-1,722,-1,-1,-1,-1,-1,-1,2,0,0,0,0,0,2,0,18,4,9,41.77992652,-87.63197933
2,432828,-1,30,0,12,0,1,14,5,-1,0,0,0,1,-1,-1,-1,17,0,912,-1,-1,-1,-1,-1,-1,2,1,0,0,1,0,1,0,18,4,9,41.83227725,-87.67480004
2,432814,-1,30,3,0,0,1,8,5,-1,0,0,0,1,-1,-1,-1,4,-1,2432,-1,-1,0,-1,-1,-1,2,1,0,0,1,0,1,0,18,4,9,41.99820593,-87.66902924
0,433506,-1,25,1,2,0,1,14,5,-1,0,0,0,0,-1,-1,-1,23,23,1432,-1,-1,-1,-1,-1,-1,2,0,0,0,0,0,2,0,18,4,9,41.92584529,-87.67883572
0,433167,-1,30,1,2,0,1,10,5,-1,0,0,-1,0,-1,-1,-1,0,0,1112,-1,-1,-1,-1,-1,-1,2,0,0,0,0,0,3,0,18,4,9,41.90247367,-87.71681747
3,432853,-1,35,2,2,0,1,14,2,4,0,0,0,1,-1,-1,-1,17,-1,1621,-1,-1,-1,-1,-1,-1,2,2,0,1,0,1,0,0,18,4,9,41.99721144,-87.75787646
2,432852,-1,0,2,-1,0,1,9,6,1,0,0,0,1,-1,-1,-1,17,11,1713,-1,-1,-1,-1,-1,-1,2,1,0,0,1,0,1,0,18,4,9,41.9656727,-87.71095582
0,432832,-1,30,2,2,0,3,0,2,4,0,0,0,1,1,-1,-1,5,5,114,-1,1,-1,-1,-1,-1,2,0,0,0,0,0,2,0,18,4,9,41.88696484,-87.62247598
0,433347,1,30,1,2,0,1,12,5,-1,0,0,0,0,-1,-1,-1,22,21,722,-1,-1,-1,-1,-1,-1,2,0,0,0,0,0,2,0,18,4,9,41.77992652,-87.63197933
0,432789,-1,30,2,2,0,1,12,5,2,0,0,0,0,-1,-1,-1,22,-1,1432,-1,-1,-1,-1,-1,-1,2,0,0,0,0,0,2,0,18,4,9,41.92134536,-87.67408049