MOST_SEVERE_INJURY,RD_NO,CRASH_DATE_EST_I,POSTED_SPEED_LIMIT,TRAFFIC_CONTROL_DEVICE,DEVICE_CONDITION,WEATHER_CONDITION,LIGHTING_CONDITION,FIRST_CRASH_TYPE,TRAFFICWAY_TYPE,LANE_CNT,ALIGNMENT,ROADWAY_SURFACE_COND,ROAD_DEFECT,CRASH_TYPE,INTERSECTION_RELATED_I,NOT_RIGHT_OF_WAY_I,HIT_AND_RUN_I,PRIM_CONTRIBUTORY_CAUSE,SEC_CONTRIBUTORY_CAUSE,BEAT_OF_OCCURRENCE,PHOTOS_TAKEN_I,STATEMENTS_TAKEN_I,DOORING_I,WORK_ZONE_I,WORK_ZONE_TYPE,WORKERS_PRESENT_I,NUM_UNITS,INJURIES_TOTAL,INJURIES_FATAL,INJURIES_INCAPACITATING,INJURIES_NON_INCAPACITATING,INJURIES_REPORTED_NOT_EVIDENT,INJURIES_NO_INDICATION,INJURIES_UNKNOWN,CRASH_HOUR,CRASH_DAY_OF_WEEK,CRASH_MONTH,LATITUDE,LONGITUDE
0,434053,-1,30,0,0,0,1,10,5,2,0,0,0,0,-1,-1,-1,20,0,523,-1,-1,-1,-1,-1,-1,2,0,0,0,0,0,2,0,18,4,9,41.66758697,-87.62847915
0,433576,1,30,0,0,0,1,7,5,1,0,0,0,0,-1,-1,1,0,0,1232,-1,-1,-1,-1,-1,-1,2,0,0,0,0,0,1,0,18,4,9,41.87169858,-87.65510763
0,432809,-1,30,0,0,0,1,10,5,-1,0,0,0,0,-1,-1,-1,0,0,1814,-1,-1,-1,-1,-1,-1,2,0,0,0,0,0,2,0,18,4,9,41.91127122,-87.63463296
2,440630,-1,30,0,0,0,4,12,5,-1,0,0,0,1,-1,-1,1,22,16,2521,-1,-1,-1,-1,-1,-1,2,2,0,0,2,0,1,0,18,4,9,41.92436464,-87.74514043
0,434058,-1,0,0,-1,0,4,7,7,-1,0,0,0,0,-1,-1,1,20,-1,431,-1,-1,-1,-1,-1,-1,2,0,0,0,0,0,1,0,18,4,9,41.7222632,-87.58291764
0,432952,-1,30,0,0,0,-1,7,5,2,0,0,0,1,-1,-1,1,0,-1,1722,-1,-1,-1,-1,-1,-1,2,0,0,0,0,0,1,0,18,4,9,41.96136649,-87.72798668
0,432877,-1,30,-1,-1,1,-1,0,5,-1,0,-1,-1,0,1,-1,-1,17,-1,1833,-1,-1,-1,-1,-1,-1,2,0,0,0,0,0,2,0,18,4,9,41.89987714,-87.62535315
0,432813,-1,30,0,0,0,1,10,5,2,0,0,0,1,-1,-1,-1,16,-1,1213,-1,-1,-1,-1,-1,-1,2,0,0,0,0,0,2,0,18,4,9,41.89616837,-87.66820274
2,432767,-1,35,0,0,0,1,14,5,2,0,0,0,1,1,-1,1,16,0,724,-1,-1,-1,-1,-1,-1,2,1,0,0,1,0,1,0,18,4,9,41.76878601,-87.65536793
0,432925,-1,30,7,2,0,1,8,5,2,0,-1,-1,0,1,-1,-1,18,18,1924,-1,-1,-1,-1,-1,-1,2,0,0,0,0,0,2,0,17,4,9,41.94708534,-87.65663784
3,432760,-1,30,0,0,0,1,8,5,1,0,0,0,1,-1,-1,-1,17,11,832,-1,-1,-1,-1,-1,-1,2,1,0,1,0,0,1,0,17,4,9,41.77005657,-87.68353641
2,432831,-1,30,1,2,0,1,10,5,4,0,0,0,1,-1,-1,-1,18,-1,1911,-1,-1,-1,-1,-1,-1,2,1,0,0,1,0,4,0,17,4,9,41.96080181,-87.6885192
0,432821,-1,30,1,2,0,1,0,5,-1,0,0,0,0,1,-1,-1,22,16,122,-1,-1,-1,-1,-1,-1,2,0,0,0,0,0,2,0,17,4,9,41.882548,-87.63399416
0,432743,-1,30,2,2,0,1,0,2,-1,0,0,0,1,1,-1,-1,17,0,1711,-1,-1,-1,-1,-1,-1,2,0,0,0,0,0,3,0,17,4,9,41.98304272,-87.7163427
0,432902,-1,30,0,0,0,1,10,5,2,0,0,0,0,0,-1,-1,16,-1,2511,-1,-1,-1,-1,-1,-1,2,0,0,0,0,0,2,0,17,4,9,41.93767611,-87.81176727
0,432857,-1,30,0,0,0,1,12,2,4,0,0,0,0,-1,-1,-1,21,-1,2411,-1,-1,-1,-1,-1,-1,2,0,0,0,0,0,2,0,17,4,9,42.01223466,-87.69009968
0,432763,-1,30,1,2,0,1,10,5,-1,0,0,-1,0,-1,-1,1,18,0,1631,-1,-1,-1,-1,-1,-1,2,0,0,0,0,0,2,0,17,4,9,41.94513295,-87.80807037
2,433846,-1,30,0,0,0,1,8,5,-1,0,0,0,1,-1,-1,-1,22,-1,1423,-1,-1,-1,-1,-1,-1,2,1,0,0,1,0,1,0,17,4,9,41.90661858,-87.70150146
0,433969,-1,30,0,0,0,1,14,2,4,0,0,0,0,1,-1,-1,17,11,834,-1,-1,-1,-1,-1,-1,2,0,0,0,0,0,2,0,17,4,9,41.73466742,-87.7384847
0,432872,-1,30,0,0,0,1,7,6,-1,0,0,0,0,-1,-1,1,0,0,932,-1,-1,-1,-1,-1,-1,2,0,0,0,0,0,1,0,17,4,9,41.79710302,-87.66724396
0,432810,-1,30,1,-1,0,1,10,5,2,0,0,-1,0,-1,-1,-1,0,0,523,-1,-1,-1,-1,-1,-1,3,0,0,0,0,0,4,0,17,4,9,41.66313453,-87.64147987
0,432759,-1,30,1,2,0,1,10,-1,-1,0,0,0,0,-1,-1,-1,18,16,124,-1,-1,-1,-1,-1,-1,2,0,0,0,0,0,2,0,17,4,9,41.87450115,-87.64081014
0,432842,-1,30,1,2,0,1,10,5,2,0,0,0,0,1,-1,-1,18,16,1124,-1,-1,-1,-1,-1,-1,2,0,0,0,0,0,2,0,17,4,9,41.87743611,-87.70595338
0,432778,-1,30,2,2,0,1,0,5,-1,0,0,0,0,1,-1,-1,17,11,813,-1,-1,-1,-1,-1,-1,2,0,0,0,0,0,2,0,17,4,9,41.77868046,-87.73013843
0,432741,-1,30,0,0,0,1,10,5,-1,0,-1,-1,1,-1,-1,-1,18,18,1621,-1,-1,-1,-1,-1,-1,1,0,0,0,0,0,1,0,17,4,9,42.00167727,-87.76242531
3,432736,-1,30,2,0,0,1,0,2,-1,0,0,0,1,-1,-1,-1,17,-1,632,-1,-1,-1,-1,-1,-1,2,2,0,1,0,1,0,0,17,4,9,41.73823713,-87.61471974
2,432725,-1,30,1,2,0,1,8,5,2,0,0,0,1,-1,-1,-1,5,-1,1235,-1,-1,-1,-1,-1,-1,2,1,0,0,1,0,1,0,17,4,9,41.85605221,-87.6628789
0,432711,-1,30,1,2,0,1,10,5,4,0,0,0,0,-1,-1,-1,18,16,1231,-1,-1,-1,-1,-1,-1,2,0,0,0,0,0,2,0,17,4,9,41.87296317,-87.66671851
0,432707,-1,20,0,0,0,1,7,5,2,0,0,0,0,-1,-1,-1,-1,-1,925,-1,-1,-1,-1,-1,-1,2,0,0,0,0,0,1,0,17,4,9,41.8116783,-87.64304433
0,432691,1,30,0,0,0,1,14,2,4,0,0,0,0,-1,-1,-1,4,18,2531,-1,-1,-1,-1,-1,-1,2,0,0,0,0,0,2,0,17,4,9,41.90915796,-87.77445019
0,432765,-1,30,0,0,0,1,10,5,4,0,0,0,0,-1,-1,1,18,18,1731,-1,-1,-1,-1,-1,-1,2,0,0,0,0,0,2,0,17,4,9,41.95337768,-87.74126736
0,432820,-1,30,0,0,0,1,7,2,-1,0,0,0,0,-1,-1,1,0,-1,1912,-1,-1,-1,-1,-1,-1,2,0,0,0,0,0,1,0,17,4,9,41.96865614,-87.67843848
0,432770,-1,30,1,2,0,1,14,6,2,0,0,0,1,-1,-1,-1,23,11,1834,-1,-1,-1,-1,-1,-1,2,0,0,0,0,0,2,0,17,4,9,41.89493105,-87.62261026
2,432705,-1,35,1,2,0,1,14,5,4,0,0,0,1,1,-1,-1,11,-1,834,-1,-1,-1,-1,-1,-1,2,1,0,0,1,0,2,0,17,4,9,41.74906506,-87.7412039
0,432694,-1,30,0,0,0,1,7,6,-1,0,0,0,1,-1,-1,-1,0,-1,524,-1,-1,-1,-1,-1,-1,2,0,0,0,0,0,1,0,17,4,9,41.68050302,-87.63731623
0,432715,-1,30,12,0,0,1,7,5,2,0,0,0,0,-1,-1,-1,0,-1,1434,-1,-1,-1,-1,-1,-1,2,0,0,0,0,0,1,0,17,4,9,41.91104499,-87.67872084
0,432793,-1,30,1,2,0,1,14,5,-1,0,0,0,0,-1,-1,-1,0,0,623,-1,-1,-1,-1,-1,-1,2,0,0,0,0,0,3,0,17,4,9,41.75091814,-87.62469012
2,432728,-1,30,1,2,0,1,0,3,6,0,0,0,1,1,-1,-1,16,-1,1831,-1,-1,-1,-1,-1,-1,2,1,0,0,1,0,2,0,17,4,9,41.89171316,-87.6326589
3,432641,-1,30,1,1,0,1,14,5,6,0,0,0,1,1,-1,-1,3,16,114,-1,0,-1,-1,-1,-1,2,2,0,1,1,0,1,0,17,4,9,41.8845289,-87.62068567
0,440728,-1,30,0,0,0,4,14,5,-1,0,0,0,0,-1,-1,-1,-1,-1,834,-1,-1,-1,-1,-1,-1,2,0,0,0,0,0,3,0,17,4,9,41.73487474,-87.72634812
0,432851,-1,30,0,0,0,1,7,5,-1,0,0,0,0,-1,-1,1,-1,-1,812,-1,-1,-1,-1,-1,-1,2,0,0,0,0,0,1,0,17,4,9,41.77789189,-87.7756487
0,432684,-1,30,1,2,0,1,14,5,2,0,0,0,0,-1,-1,-1,23,16,1822,-1,-1,-1,-1,-1,-1,3,0,0,0,0,0,3,0,17,4,9,41.90374556,-87.64816701
2,432781,-1,30,0,0,0,1,10,5,4,0,0,0,1,1,-1,1,18,16,2513,-1,-1,-1,-1,-1,-1,2,1,0,0,1,0,1,0,16,4,9,41.90902016,-87.80330793
0,432847,-1,30,0,0,0,1,14,5,-1,0,0,-1,0,-1,-1,-1,0,-1,815,-1,-1,-1,-1,-1,-1,2,0,0,0,0,0,2,0,16,4,9,41.80778877,-87.72373033
0,432689,-1,30,0,0,0,1,14,3,4,0,0,0,1,-1,-1,-1,22,17,1233,-1,-1,-1,-1,-1,-1,2,0,0,0,0,0,3,0,16,4,9,41.86673207,-87.67006195
2,432652,-1,30,1,2,0,1,0,5,-1,0,0,0,1,-1,-1,-1,6,-1,713,-1,-1,-1,-1,-1,-1,2,1,0,0,1,0,1,0,16,4,9,41.78670691,-87.6594792
0,442282,-1,30,1,2,0,1,12,5,-1,0,0,0,0,-1,-1,-1,21,-1,1834,-1,-1,-1,-1,-1,-1,2,0,0,0,0,0,2,0,16,4,9,41.89088296,-87.62080927
0,432703,-1,30,0,0,0,1,10,5,-1,0,0,0,0,-1,-1,-1,0,0,124,-1,-1,-1,-1,-1,-1,2,0,0,0,0,0,2,0,16,4,9,41.86233429,-87.64047349
0,432693,-1,30,0,0,0,1,7,5,-1,0,0,0,0,-1,-1,-1,-1,-1,822,-1,-1,-1,-1,-1,-1,2,0,0,0,0,0,1,0,16,4,9,41.79326555,-87.71595621
0,432658,-1,30,1,2,0,1,10,5,2,0,0,0,0,1,-1,-1,18,16,1531,-1,-1,-1,-1,-1,-1,2,0,0,0,0,0,2,0,16,4,9,41.90218904,-87.75111578
0,432704,-1,35,0,0,0,1,7,7,-1,0,0,0,0,-1,-1,-1,18,-1,235,-1,-1,-1,-1,-1,-1,2,0,0,0,0,0,1,0,16,4,9,41.79341724,-87.6011993
2,432662,-1,30,0,0,0,1,10,5,-1,0,0,0,1,-1,-1,-1,-1,-1,815,-1,-1,-1,-1,-1,-1,2,2,0,0,2,0,1,0,16,4,9,41.82256384,-87.72418748
0,432653,-1,15,0,0,0,1,2,0,1,0,0,0,0,-1,-1,-1,0,-1,623,-1,-1,-1,-1,-1,-1,1,0,0,0,0,0,1,0,16,4,9,41.75091157,-87.62048291
1,432688,-1,30,2,2,0,1,14,2,4,0,-1,-1,1,1,-1,-1,23,22,1922,-1,-1,-1,-1,-1,-1,2,2,0,0,0,2,1,0,16,4,9,41.95255607,-87.6691488
0,432637,-1,30,0,12,0,1,10,5,-1,0,0,0,0,-1,-1,-1,18,18,1612,-1,-1,-1,-1,-1,-1,2,0,0,0,0,0,2,0,16,4,9,41.99696116,-87.80700841
0,440353,-1,30,1,2,0,1,12,12,-1,3,0,0,0,1,-1,-1,21,-1,1121,-1,-1,-1,-1,-1,-1,2,0,0,0,0,0,2,0,16,4,9,41.89980178,-87.7107086
0,434013,-1,30,2,0,0,1,14,12,0,2,0,0,0,1,-1,-1,17,16,633,-1,-1,-1,-1,-1,-1,2,0,0,0,0,0,2,0,16,4,9,41.72544994,-87.61438122
0,433479,-1,30,1,2,0,1,10,5,2,0,0,0,0,-1,-1,-1,0,-1,1634,-1,-1,-1,-1,-1,-1,2,0,0,0,0,0,2,0,16,4,9,41.93892926,-87.74702103
0,432766,-1,30,0,0,0,1,10,5,2,0,0,0,0,-1,-1,-1,0,0,1111,-1,-1,-1,-1,-1,-1,2,0,0,0,0,0,7,0,16,4,9,41.89545646,-87.72623054
0,432722,-1,30,1,2,0,1,12,2,-1,0,0,0,0,1,-1,1,22,22,2411,-1,-1,-1,-1,-1,-1,2,0,0,0,0,0,2,0,16,4,9,42.01175281,-87.70894256
0,432672,-1,30,1,2,0,1,12,5,6,0,0,0,0,1,-1,-1,21,-1,1834,-1,-1,-1,-1,-1,-1,2,0,0,0,0,0,2,0,16,4,9,-1,-1
0,433049,-1,35,1,2,0,4,10,2,-1,0,0,0,0,-1,-1,-1,18,-1,1612,-1,-1,-1,-1,-1,-1,2,0,0,0,0,0,4,0,16,4,9,41.99681407,-87.81874633
0,432636,1,30,1,2,0,1,14,2,6,0,0,3,1,1,-1,-1,0,-1,1215,-1,-1,-1,-1,-1,-1,2,0,0,0,0,0,2,0,16,4,9,41.88653063,-87.66686575
0,432631,-1,30,0,0,0,1,10,5,-1,0,0,0,0,1,-1,-1,0,-1,1431,-1,-1,-1,-1,-1,-1,3,0,0,0,0,0,3,0,16,4,9,41.92495216,-87.69381572
0,432927,-1,30,0,0,0,1,7,6,1,0,0,0,0,-1,-1,1,0,0,235,-1,-1,-1,-1,-1,-1,2,0,0,0,0,0,1,0,16,4,9,41.78787873,-87.59953232
0,432782,-1,30,0,0,0,1,12,5,-1,0,0,0,0,-1,-1,-1,-1,-1,815,-1,-1,-1,-1,-1,-1,2,0,0,0,0,0,4,0,16,4,9,41.81905247,-87.7241127
0,432640,-1,5,0,0,0,1,0,7,-1,0,0,0,0,-1,1,-1,25,-1,1621,-1,-1,-1,-1,-1,-1,2,0,0,0,0,0,4,0,16,4,9,41.98264483,-87.76356445
0,432626,-1,20,0,0,0,1,0,2,-1,0,0,0,0,-1,-1,-1,17,17,2413,-1,-1,-1,-1,-1,-1,2,0,0,0,0,0,2,0,16,4,9,41.99057402,-87.69569028
0,433959,-1,30,2,2,0,1,14,5,1,0,0,0,0,1,-1,-1,5,-1,633,-1,-1,-1,-1,-1,-1,2,0,0,0,0,0,2,0,16,4,9,41.72544994,-87.61438122
0,432603,-1,10,0,0,0,1,0,7,-1,0,0,0,0,-1,1,-1,20,-1,2211,-1,-1,-1,-1,-1,-1,2,0,0,0,0,0,2,0,16,4,9,41.70612378,-87.7136936
0,432617,-1,30,2,2,0,1,14,2,2,0,0,0,0,-1,-1,-1,17,-1,1214,-1,-1,-1,-1,-1,-1,2,0,0,0,0,0,2,0,16,4,9,41.89190342,-87.64864017
0,432643,-1,30,2,2,0,1,7,6,1,0,0,0,1,-1,-1,-1,0,0,822,-1,-1,-1,-1,-1,-1,2,0,0,0,0,0,2,0,16,4,9,41.79515486,-87.70619997
0,433118,1,30,0,0,0,1,7,5,2,0,0,0,0,-1,-1,1,0,-1,911,-1,-1,-1,-1,-1,-1,2,0,0,0,0,0,1,0,16,4,9,41.82262436,-87.70989031
0,432960,-1,30,0,0,0,1,7,5,2,0,0,0,0,-1,-1,-1,0,0,911,-1,-1,-1,-1,-1,-1,2,0,0,0,0,0,1,0,16,4,9,41.8258698,-87.70953403
0,432874,-1,30,1,2,0,1,10,5,4,0,0,0,0,1,-1,-1,12,-1,1431,-1,-1,-1,-1,-1,-1,3,0,0,0,0,0,3,0,16,4,9,41.9249631,-87.69268706
2,432792,-1,30,0,0,0,1,10,5,2,0,0,0,1,-1,-1,1,16,0,932,-1,-1,-1,-1,-1,-1,2,1,0,0,1,0,1,0,16,4,9,41.80105168,-87.68012719
2,432586,-1,35,1,2,0,1,8,5,2,0,0,0,1,-1,-1,-1,35,17,235,-1,-1,-1,-1,-1,-1,2,1,0,0,1,0,2,0,16,4,9,41.78687627,-87.59649661
0,432584,-1,30,1,2,0,1,10,6,4,0,0,0,0,-1,-1,1,16,-1,1113,-1,-1,-1,-1,-1,-1,2,0,0,0,0,0,4,0,16,4,9,41.88067354,-87.73562491
0,432577,-1,30,0,0,0,1,14,5,4,0,0,0,1,-1,-1,-1,23,11,433,-1,-1,-1,-1,-1,-1,2,0,0,0,0,0,4,0,15,4,9,41.69173829,-87.53655239
0,432609,-1,30,0,0,0,1,7,5,2,0,0,0,0,-1,-1,-1,11,-1,533,-1,-1,-1,-1,-1,-1,2,0,0,0,0,0,3,0,15,4,9,41.65729871,-87.60780124
0,432597,-1,30,0,0,0,1,12,5,-1,0,0,0,0,-1,-1,-1,17,17,825,-1,-1,-1,-1,-1,-1,2,0,0,0,0,0,3,0,15,4,9,41.7795341,-87.68379523
0,432587,-1,30,0,0,0,1,10,5,-1,0,0,0,0,-1,-1,-1,0,0,614,-1,-1,-1,-1,-1,-1,2,0,0,0,0,0,3,0,15,4,9,41.73580019,-87.67060088
0,432582,0,30,0,0,0,1,7,5,-1,0,0,0,0,-1,-1,-1,20,-1,1924,-1,-1,-1,-1,-1,-1,2,0,0,0,0,0,1,0,15,4,9,41.94718098,-87.65150559
0,432550,-1,15,0,0,0,1,7,7,-1,0,0,0,0,-1,-1,1,23,0,1033,-1,-1,-1,-1,-1,-1,2,0,0,0,0,0,7,0,15,4,9,41.84446925,-87.70193021
0,432544,-1,30,0,0,0,1,9,5,4,2,0,-1,0,1,-1,-1,0,0,912,-1,-1,-1,-1,-1,-1,2,0,0,0,0,0,2,0,15,4,9,41.83030722,-87.67289951
0,432834,-1,30,0,0,0,1,12,5,-1,0,0,0,0,-1,-1,-1,21,-1,1622,-1,-1,-1,-1,-1,-1,2,0,0,0,0,0,2,0,15,4,9,41.9605935,-87.76730627
2,432657,-1,30,0,0,0,1,2,5,2,3,0,0,1,-1,-1,-1,1,1,1034,-1,-1,-1,-1,-1,-1,1,1,0,0,1,0,0,0,15,4,9,41.8426533,-87.69290539
0,432580,-1,30,0,0,0,1,0,6,1,0,0,0,0,-1,-1,-1,17,-1,2523,-1,-1,-1,-1,-1,-1,2,0,0,0,0,0,2,0,15,4,9,41.9349306,-87.72324547
0,432576,-1,0,0,0,0,1,7,7,0,0,0,0,0,-1,-1,-1,0,0,1931,-1,-1,-1,-1,-1,-1,2,0,0,0,0,0,1,0,15,4,9,41.93450348,-87.66861912
0,432542,-1,30,0,0,0,1,7,7,-1,0,0,0,0,-1,-1,1,0,0,1623,-1,-1,-1,-1,-1,-1,2,0,0,0,0,0,1,0,15,4,9,41.96955287,-87.76202557
0,433516,-1,30,2,2,0,1,10,5,-1,0,0,0,0,-1,-1,-1,0,0,2013,-1,-1,-1,-1,-1,-1,2,0,0,0,0,0,2,0,15,4,9,41.98618459,-87.66876931
0,432632,-1,30,2,2,0,1,10,2,3,0,0,0,0,1,-1,-1,29,28,511,-1,-1,-1,-1,-1,-1,2,0,0,0,0,0,2,0,15,4,9,41.72151497,-87.62461017
0,432592,-1,30,1,2,0,1,10,5,-1,0,0,0,0,-1,-1,1,0,0,523,-1,-1,-1,-1,-1,-1,2,0,0,0,0,0,2,0,15,4,9,41.6631821,-87.64156527
1,433853,1,35,1,2,0,1,10,3,4,0,0,0,1,1,-1,1,0,11,2233,1,-1,-1,-1,-1,-1,2,1,0,0,0,1,1,0,15,4,9,41.69267124,-87.64253262
0,433758,-1,0,0,0,0,1,7,5,2,0,0,-1,0,-1,-1,1,0,0,2212,-1,-1,-1,-1,-1,-1,2,0,0,0,0,0,1,0,15,4,9,41.69734568,-87.684388
0,432804,-1,30,0,0,0,1,12,5,-1,0,-1,-1,0,-1,-1,1,22,22,1613,-1,-1,-1,-1,-1,-1,2,0,0,0,0,0,2,0,15,4,9,41.98085909,-87.80630659
0,432553,-1,35,0,0,0,1,14,5,2,3,0,0,0,-1,-1,-1,0,0,1021,-1,-1,-1,-1,-1,-1,2,0,0,0,0,0,3,0,14,4,9,41.86406746,-87.71061967
0,432529,-1,30,2,2,0,1,0,5,-1,0,-1,-1,0,-1,-1,-1,0,27,1622,-1,-1,-1,-1,-1,-1,2,0,0,0,0,0,2,0,14,4,9,41.96208089,-87.77693088
3,432509,-1,30,2,2,0,1,9,2,4,0,0,0,1,1,-1,-1,0,0,823,-1,-1,-1,-1,-1,-1,2,1,0,1,0,0,1,0,14,4,9,41.78448964,-87.69368754
0,432690,-1,35,1,2,0,1,12,2,5,0,0,0,0,-1,-1,-1,22,0,2012,-1,-1,-1,-1,-1,-1,2,0,0,0,0,0,2,0,14,4,9,41.98967694,-87.67020682
0,433298,-1,20,0,0,0,1,10,5,-1,0,0,0,0,-1,1,-1,0,0,1823,-1,-1,-1,-1,-1,-1,2,0,0,0,0,0,2,0,14,4,9,41.89668592,-87.63577669
2,432549,-1,35,2,12,0,1,8,5,4,0,0,0,1,1,-1,-1,17,-1,1623,-1,-1,-1,-1,-1,-1,2,1,0,0,1,0,1,0,14,4,9,41.96233348,-87.7598065
0,432499,-1,10,-1,-1,-1,-1,10,5,-1,0,-1,-1,0,-1,-1,-1,0,-1,2033,-1,-1,-1,-1,-1,-1,2,0,0,0,0,0,2,0,14,4,9,41.97151644,-87.65988564
2,432598,-1,30,2,2,0,1,14,5,-1,0,0,0,1,1,-1,-1,17,-1,1214,-1,-1,-1,-1,-1,-1,1,1,0,0,1,0,1,0,14,4,9,41.89194878,-87.64892764
0,432607,-1,10,0,0,0,1,7,7,-1,0,-1,-1,0,-1,-1,-1,20,20,1632,-1,-1,-1,-1,-1,-1,2,0,0,0,0,0,1,0,14,4,9,41.94528538,-87.80026505
0,436729,-1,30,12,12,0,1,2,2,2,0,0,1,0,-1,-1,-1,-1,-1,1235,-1,-1,-1,-1,-1,-1,2,0,0,0,0,0,1,0,14,4,9,41.85674438,-87.65372316
0,432795,-1,30,0,0,0,1,7,7,0,0,0,0,0,-1,-1,-1,11,0,924,-1,-1,-1,-1,-1,-1,2,0,0,0,0,0,1,0,14,4,9,41.80966853,-87.6751157
3,432481,-1,30,1,2,0,1,14,2,4,0,0,0,1,1,-1,-1,23,21,1131,-1,-1,-1,-1,-1,-1,2,1,0,1,0,0,1,0,14,4,9,41.86600798,-87.74463377
0,432472,-1,35,1,2,0,1,10,5,6,0,0,0,0,-1,-1,-1,18,0,511,-1,-1,-1,-1,-1,-1,2,0,0,0,0,0,3,0,14,4,9,41.7217793,-87.61436729
0,432451,-1,30,0,0,0,1,0,5,-1,0,-1,-1,0,-1,-1,-1,21,-1,1811,-1,-1,-1,-1,-1,-1,2,0,0,0,0,0,2,0,14,4,9,41.91090276,-87.65619693
1,432522,-1,30,-1,2,0,1,10,3,-1,0,0,0,1,-1,-1,-1,16,0,114,-1,-1,-1,-1,-1,-1,2,1,0,0,0,1,1,0,13,4,9,41.88818376,-87.62261437
0,432452,-1,30,2,12,0,1,14,7,-1,0,0,0,1,-1,-1,-1,17,-1,1712,-1,-1,-1,-1,-1,-1,2,0,0,0,0,0,2,0,13,4,9,41.97234928,-87.74682509
0,433135,-1,35,0,0,0,1,12,3,-1,0,0,0,0,-1,-1,1,0,0,1221,-1,-1,-1,-1,-1,-1,2,0,0,0,0,0,2,0,13,4,9,41.89544179,-87.6869823
1,432450,-1,30,1,2,0,1,10,5,-1,0,0,12,1,-1,-1,-1,18,0,1432,-1,-1,-1,-1,-1,-1,3,1,0,0,0,1,2,0,13,4,9,41.924942,-87.6874964
0,432589,-1,15,0,0,0,1,7,7,1,0,0,0,0,-1,-1,1,0,0,225,-1,-1,-1,-1,-1,-1,2,0,0,0,0,0,1,0,13,4,9,41.79623488,-87.63040492
0,435493,-1,30,0,0,0,1,14,5,-1,0,0,0,0,-1,-1,-1,0,-1,731,-1,-1,-1,-1,-1,-1,2,0,0,0,0,0,2,0,13,4,9,41.76915534,-87.62681268
0,432596,-1,30,1,2,0,1,10,5,4,0,0,0,0,-1,-1,-1,18,6,131,-1,-1,-1,-1,-1,-1,2,0,0,0,0,0,2,0,13,4,9,41.85474603,-87.63029611
0,432441,-1,30,1,2,0,1,10,5,4,0,0,-1,0,1,-1,-1,18,-1,1433,-1,-1,-1,-1,-1,-1,2,0,0,0,0,0,2,0,13,4,9,41.90406586,-87.66766142
0,432443,-1,30,0,0,0,1,14,6,-1,0,0,0,0,-1,-1,-1,0,-1,1431,-1,-1,-1,-1,-1,-1,2,0,0,0,0,0,2,0,13,4,9,41.92018284,-87.69313904
0,432457,-1,30,0,0,0,1,10,5,2,0,0,0,0,-1,-1,-1,18,16,1732,-1,-1,-1,-1,-1,-1,2,0,0,0,0,0,2,0,13,4,9,41.94453382,-87.72719663
0,432445,-1,30,0,0,0,1,10,5,-1,0,0,0,0,-1,-1,1,0,0,1833,-1,-1,-1,-1,-1,-1,2,0,0,0,0,0,2,0,13,4,9,41.89838905,-87.61809191
0,432449,-1,0,1,2,0,1,3,2,2,0,0,0,0,-1,-1,-1,20,11,2011,-1,-1,-1,-1,-1,-1,2,0,0,0,0,0,3,0,13,4,9,41.98145868,-87.69270517
0,432380,-1,30,0,0,0,1,12,6,-1,0,0,0,0,-1,-1,-1,0,0,2521,-1,-1,-1,-1,-1,-1,2,0,0,0,0,0,2,0,13,4,9,41.92963662,-87.75620629
2,432420,-1,30,2,2,0,1,9,6,1,0,0,0,1,-1,-1,-1,17,5,1834,-1,-1,-1,-1,-1,-1,2,1,0,0,1,0,1,0,12,4,9,41.89274821,-87.6146868
0,432386,-1,30,0,0,0,1,12,5,2,0,0,0,0,-1,-1,1,16,16,914,-1,-1,-1,-1,-1,-1,2,0,0,0,0,0,2,0,12,4,9,41.85344447,-87.63334565
0,432408,-1,30,-1,-1,0,1,2,5,2,0,0,0,1,-1,1,-1,0,-1,633,-1,-1,-1,-1,-1,-1,1,0,0,0,0,0,1,0,12,4,9,41.7256317,-87.61801642
0,432382,-1,0,1,2,0,1,12,12,0,0,0,0,0,-1,-1,1,22,0,623,-1,-1,-1,-1,-1,-1,2,0,0,0,0,0,3,0,12,4,9,41.75114538,-87.61969177
0,432918,-1,30,0,0,0,1,2,5,-1,0,0,1,0,-1,-1,-1,0,-1,2522,-1,-1,-1,-1,-1,-1,1,0,0,0,0,0,1,0,12,4,9,41.92416146,-87.7438024
0,432697,-1,10,0,0,0,1,10,7,-1,0,0,0,0,-1,-1,-1,0,-1,424,-1,-1,-1,-1,-1,-1,2,0,0,0,0,0,4,0,12,4,9,41.72788019,-87.55106123
0,432395,-1,30,0,0,0,1,0,7,-1,0,0,0,0,-1,-1,-1,17,-1,711,-1,-1,-1,-1,-1,-1,2,0,0,0,0,0,2,0,12,4,9,41.77990486,-87.64185815
0,435568,-1,5,0,0,0,1,7,7,-1,0,0,0,0,-1,-1,1,23,-1,122,-1,-1,-1,-1,-1,-1,3,0,0,0,0,0,1,0,12,4,9,41.88603306,-87.63491559
0,432333,-1,30,0,0,0,1,14,2,2,0,0,0,0,-1,-1,1,11,0,823,-1,-1,-1,-1,-1,-1,2,0,0,0,0,0,2,0,12,4,9,41.77895361,-87.69698296
0,433659,1,30,1,2,0,1,3,2,2,0,0,0,0,-1,-1,-1,0,0,122,-1,-1,-1,-1,-1,-1,2,0,0,0,0,0,2,0,12,4,9,41.88584617,-87.63547453