MOST_SEVERE_INJURY,RD_NO,CRASH_DATE_EST_I,POSTED_SPEED_LIMIT,TRAFFIC_CONTROL_DEVICE,DEVICE_CONDITION,WEATHER_CONDITION,LIGHTING_CONDITION,FIRST_CRASH_TYPE,TRAFFICWAY_TYPE,LANE_CNT,ALIGNMENT,ROADWAY_SURFACE_COND,ROAD_DEFECT,CRASH_TYPE,INTERSECTION_RELATED_I,NOT_RIGHT_OF_WAY_I,HIT_AND_RUN_I,PRIM_CONTRIBUTORY_CAUSE,SEC_CONTRIBUTORY_CAUSE,BEAT_OF_OCCURRENCE,PHOTOS_TAKEN_I,STATEMENTS_TAKEN_I,DOORING_I,WORK_ZONE_I,WORK_ZONE_TYPE,WORKERS_PRESENT_I,NUM_UNITS,INJURIES_TOTAL,INJURIES_FATAL,INJURIES_INCAPACITATING,INJURIES_NON_INCAPACITATING,INJURIES_REPORTED_NOT_EVIDENT,INJURIES_NO_INDICATION,INJURIES_UNKNOWN,CRASH_HOUR,CRASH_DAY_OF_WEEK,CRASH_MONTH,LATITUDE,LONGITUDE
0,432366,-1,30,1,-1,0,1,12,6,-1,0,0,-1,0,0,-1,-1,21,-1,632,-1,-1,-1,-1,-1,-1,2,0,0,0,0,0,3,0,12,4,9,41.73620947,-87.62430552
0,432353,-1,15,2,2,0,1,10,5,2,0,12,4,0,-1,-1,-1,18,-1,511,-1,-1,-1,1,2,-1,2,0,0,0,0,0,2,0,12,4,9,41.72156629,-87.62516952
0,433133,-1,30,0,0,0,1,12,6,-1,0,0,0,0,-1,-1,-1,17,-1,1021,-1,-1,-1,-1,-1,-1,2,0,0,0,0,0,3,0,12,4,9,41.86441239,-87.71017466
0,438972,-1,30,0,0,0,1,7,7,-1,0,0,0,0,-1,-1,1,0,-1,1032,-1,-1,-1,-1,-1,-1,2,0,0,0,0,0,1,0,12,4,9,41.84442483,-87.70518545
0,432833,1,30,0,0,0,1,7,7,-1,0,0,0,0,-1,1,1,0,-1,2432,-1,-1,-1,-1,-1,-1,2,0,0,0,0,0,1,0,12,4,9,41.99989994,-87.66054309
0,432323,-1,30,0,0,0,1,7,5,-1,0,0,0,0,-1,-1,-1,21,-1,913,-1,-1,-1,-1,-1,-1,2,0,0,0,0,0,2,0,11,4,9,41.84171026,-87.64918607
0,432322,-1,15,10,2,0,1,2,5,-1,0,0,0,0,-1,-1,-1,3,0,1034,-1,-1,-1,-1,-1,-1,1,0,0,0,0,0,1,0,11,4,9,41.84644422,-87.68780778
0,432328,-1,35,0,0,0,1,7,2,-1,0,0,0,1,-1,-1,-1,12,-1,2212,-1,-1,-1,-1,-1,-1,2,0,0,0,0,0,1,0,11,4,9,41.6984108,-87.68122108
0,435610,-1,30,1,2,0,1,10,5,2,0,-1,-1,0,-1,-1,-1,18,18,2511,-1,-1,-1,-1,-1,-1,2,0,0,0,0,0,5,0,11,4,9,41.93483734,-87.7762381
0,432846,-1,30,2,2,0,1,12,12,4,0,0,0,0,-1,-1,-1,11,0,913,-1,-1,-1,-1,-1,-1,2,0,0,0,0,0,2,0,11,4,9,41.84132143,-87.6589009
0,432444,-1,15,0,0,0,1,7,7,3,0,0,0,0,-1,1,-1,17,0,211,-1,-1,-1,-1,-1,-1,2,0,0,0,0,0,1,0,11,4,9,41.83475713,-87.61700965
0,432296,-1,30,0,0,0,1,10,5,4,0,0,-1,0,-1,-1,-1,20,20,614,-1,-1,-1,-1,-1,-1,2,0,0,0,0,0,2,0,11,4,9,41.73597057,-87.65826818
0,432292,-1,30,1,2,0,1,3,5,-1,0,0,0,0,1,-1,-1,0,0,1733,-1,-1,-1,-1,-1,-1,2,0,0,0,0,0,3,0,11,4,9,41.9460576,-87.70823011
0,432284,-1,30,1,2,0,1,10,5,-1,0,0,0,0,1,-1,-1,18,-1,1631,-1,-1,-1,-1,-1,-1,2,0,0,0,0,0,2,0,11,4,9,41.95264403,-87.8080749
1,432299,-1,35,2,2,0,1,0,5,2,0,0,0,1,1,-1,-1,17,-1,1215,-1,-1,-1,-1,-1,-1,2,1,0,0,0,1,1,0,11,4,9,41.8955426,-87.65542425
0,432307,-1,30,1,-1,0,1,12,3,4,0,0,0,0,-1,-1,1,0,0,933,-1,-1,-1,-1,-1,-1,2,0,0,0,0,0,2,0,11,4,9,41.805059,-87.66472547
0,432733,-1,30,0,0,0,1,7,7,-1,0,0,0,0,-1,-1,1,-1,-1,831,-1,-1,-1,-1,-1,-1,2,0,0,0,0,0,1,0,11,4,9,41.76992924,-87.69084134
3,432285,-1,5,0,0,0,1,9,4,-1,0,0,0,1,-1,1,-1,-1,-1,1914,-1,0,-1,-1,-1,-1,2,2,0,2,0,0,1,0,11,4,9,41.96685955,-87.64913504
2,432252,-1,30,2,0,0,1,9,6,1,0,0,0,1,1,-1,-1,17,0,1215,-1,-1,-1,-1,-1,-1,2,1,0,0,1,0,1,0,10,4,9,41.8911635,-87.65954802
1,432238,-1,25,1,2,0,1,14,3,2,0,0,0,1,1,1,1,25,21,1824,1,-1,-1,-1,-1,-1,2,1,0,0,0,1,5,0,10,4,9,41.90188637,-87.63300508
0,2032312,-1,30,1,2,0,1,12,5,2,0,0,0,0,-1,-1,-1,21,-1,1814,-1,-1,-1,-1,-1,-1,2,0,0,0,0,0,2,0,10,4,9,41.9202626,-87.63741657
0,432229,-1,30,1,2,0,1,10,2,5,0,0,0,0,-1,-1,-1,16,18,1731,-1,-1,-1,-1,-1,-1,2,0,0,0,0,0,2,0,10,4,9,41.94623542,-87.74698517
0,432213,-1,30,1,2,0,1,10,2,-1,0,0,0,0,1,-1,-1,-1,-1,1925,-1,-1,-1,-1,-1,-1,2,0,0,0,0,0,3,0,10,4,9,41.94742004,-87.64848999
0,432199,-1,45,0,0,0,1,12,3,4,0,0,-1,0,-1,-1,-1,0,-1,1935,-1,-1,-1,-1,-1,-1,2,0,0,0,0,0,3,0,10,4,9,41.92616072,-87.63151467
0,432193,-1,35,12,2,0,1,10,5,-1,0,0,0,0,-1,-1,-1,18,-1,133,-1,-1,-1,-1,-1,-1,2,0,0,0,0,0,3,0,10,4,9,41.83853402,-87.61704611
0,435259,-1,30,0,0,0,1,7,7,-1,0,0,0,0,-1,-1,1,0,-1,1231,-1,-1,-1,-1,-1,-1,2,0,0,0,0,0,1,0,10,4,9,41.87662506,-87.6665228
0,435273,1,30,0,0,0,3,7,5,2,0,0,0,0,-1,-1,1,0,0,2411,-1,-1,-1,-1,-1,-1,2,0,0,0,0,0,1,0,10,4,9,42.01215941,-87.68905259
0,432301,-1,0,0,0,0,1,7,7,0,0,0,0,0,-1,1,-1,0,-1,1612,-1,-1,-1,-1,-1,-1,2,0,0,0,0,0,1,0,10,4,9,41.98857518,-87.81297791
0,432170,-1,30,0,0,0,1,5,7,0,0,0,0,0,-1,1,-1,33,33,1235,-1,-1,-1,-1,-1,-1,1,0,0,0,0,0,1,0,9,4,9,41.85438151,-87.65942481
0,432175,-1,30,2,2,0,1,0,2,2,0,0,0,0,-1,-1,-1,17,16,1622,-1,-1,-1,-1,-1,-1,2,0,0,0,0,0,2,0,9,4,9,41.9622544,-87.77714326
2,432162,-1,0,0,0,0,1,4,7,-1,0,0,0,1,-1,1,-1,0,-1,915,-1,-1,-1,-1,-1,-1,1,1,0,0,1,0,0,0,9,4,9,41.83078366,-87.63529578
0,432172,-1,30,3,2,0,1,12,5,2,0,0,0,0,-1,-1,1,0,0,832,-1,-1,-1,-1,-1,-1,2,0,0,0,0,0,2,0,9,4,9,41.76530204,-87.68311222
0,432136,-1,30,0,0,0,1,14,5,-1,0,0,0,0,-1,-1,-1,11,-1,1512,-1,-1,-1,-1,-1,-1,2,0,0,0,0,0,2,0,9,4,9,41.88220308,-87.77457851
0,432148,1,20,0,0,0,1,7,5,1,0,0,0,0,-1,-1,-1,12,-1,1621,-1,-1,-1,-1,-1,-1,2,0,0,0,0,0,1,0,9,4,9,41.9929198,-87.75707976
2,432115,-1,30,1,2,0,1,14,5,0,0,0,0,1,1,-1,-1,0,0,1235,-1,-1,-1,-1,-1,-1,2,1,0,0,1,0,1,0,9,4,9,41.8577744,-87.63899038
0,432180,-1,30,2,2,0,1,0,2,-1,0,0,0,1,1,-1,-1,17,-1,914,-1,-1,-1,-1,-1,-1,2,0,0,0,0,0,2,0,9,4,9,41.83824854,-87.6390377
0,432159,-1,30,0,0,0,1,14,2,-1,0,0,0,0,-1,-1,-1,23,-1,131,-1,-1,-1,-1,-1,-1,2,0,0,0,0,0,2,0,9,4,9,41.85762446,-87.6257522
3,432129,-1,30,1,2,0,1,9,3,4,0,0,0,1,1,-1,-1,0,-1,814,-1,-1,-1,-1,-1,-1,2,1,0,1,0,0,1,0,9,4,9,41.81676122,-87.74353833
0,432133,-1,30,0,0,0,1,11,5,2,0,0,0,0,-1,-1,-1,21,-1,1532,-1,-1,-1,-1,-1,-1,2,0,0,0,0,0,2,0,9,4,9,41.88658261,-87.74654777
0,432212,-1,35,0,0,0,1,12,5,2,0,0,0,0,-1,-1,1,-1,-1,412,-1,-1,-1,-1,-1,-1,2,0,0,0,0,0,2,0,9,4,9,41.73682263,-87.58578342
0,432922,-1,35,0,0,0,1,12,3,-1,0,0,0,0,-1,-1,-1,0,0,324,-1,-1,-1,-1,-1,-1,2,0,0,0,0,0,2,0,9,4,9,41.75906061,-87.58629257
2,445012,-1,30,1,2,0,1,8,2,-1,0,0,0,1,1,-1,-1,0,0,2013,-1,-1,-1,-1,-1,-1,2,1,0,0,1,0,1,0,9,4,9,41.98536825,-87.66027021
0,432776,-1,30,0,0,0,1,14,12,2,3,0,0,0,1,-1,-1,11,-1,2432,-1,-1,-1,-1,-1,-1,2,0,0,0,0,0,2,0,9,4,9,41.99830361,-87.65999536
0,434435,-1,30,1,2,0,1,12,6,-1,0,0,0,0,1,-1,-1,21,0,1831,-1,-1,-1,-1,-1,-1,2,0,0,0,0,0,2,0,9,4,9,41.89249742,-87.63416623
0,432830,-1,30,0,0,0,1,7,5,-1,0,0,0,0,-1,-1,1,-1,-1,1122,-1,-1,-1,-1,-1,-1,2,0,0,0,0,0,1,0,9,4,9,41.88666627,-87.72267392
0,432240,-1,30,0,0,0,-1,7,5,2,0,0,0,0,-1,-1,1,0,0,2512,-1,-1,-1,-1,-1,-1,2,0,0,0,0,0,1,0,9,4,9,41.92704766,-87.80370177
0,432186,-1,20,0,0,0,1,0,6,-1,0,0,0,0,-1,1,-1,20,-1,1731,-1,-1,-1,-1,-1,-1,2,0,0,0,0,0,2,0,9,4,9,41.94645279,-87.74468845
0,432182,-1,30,0,0,0,1,7,5,-1,0,0,0,0,-1,-1,1,-1,-1,2232,-1,-1,-1,-1,-1,-1,2,0,0,0,0,0,1,0,9,4,9,41.7077741,-87.65151764
0,432141,-1,30,0,0,0,1,10,6,-1,0,0,0,0,-1,-1,-1,0,0,2413,-1,-1,-1,-1,-1,-1,2,0,0,0,0,0,2,0,9,4,9,41.99693193,-87.69854493
0,432123,-1,30,1,2,0,1,10,6,2,0,0,-1,0,-1,-1,-1,7,-1,511,-1,-1,-1,-1,-1,-1,2,0,0,0,0,0,2,0,9,4,9,41.72060699,-87.62356073
0,432094,1,35,0,0,0,1,10,2,4,0,0,0,0,-1,-1,-1,0,0,1935,-1,-1,-1,-1,-1,-1,2,0,0,0,0,0,3,0,9,4,9,41.92616072,-87.63151467
0,432102,-1,30,2,2,0,1,0,2,-1,0,0,0,1,1,-1,-1,17,-1,821,-1,1,-1,-1,-1,-1,3,0,0,0,0,0,4,0,8,4,9,41.80779334,-87.72106039
0,435790,-1,30,0,0,0,1,10,5,2,0,0,0,0,-1,-1,-1,18,16,822,-1,-1,-1,-1,-1,-1,2,0,0,0,0,0,2,0,8,4,9,41.79352881,-87.70989302
0,432173,-1,10,0,0,0,1,0,7,-1,0,0,0,0,-1,1,-1,22,-1,132,-1,-1,-1,-1,-1,-1,2,0,0,0,0,0,2,0,8,4,9,41.853078,-87.6223843
0,432083,-1,35,1,2,0,1,14,6,4,0,0,0,0,-1,-1,-1,4,21,524,-1,-1,-1,-1,-1,-1,2,0,0,0,0,0,2,0,8,4,9,41.67743582,-87.66130132
0,432088,-1,15,0,0,0,1,14,7,1,0,0,0,0,-1,-1,-1,11,0,821,-1,-1,-1,-1,-1,-1,2,0,0,0,0,0,2,0,8,4,9,41.81525682,-87.72371734
3,432069,-1,30,0,0,0,1,10,5,2,0,0,0,1,-1,-1,-1,27,-1,412,-1,-1,-1,-1,-1,-1,2,1,0,1,0,0,2,0,8,4,9,41.73554753,-87.57583093
0,432073,-1,40,0,0,0,1,10,3,8,0,0,0,0,-1,-1,-1,18,16,133,-1,-1,-1,-1,-1,-1,2,0,0,0,0,0,2,0,8,4,9,41.84201378,-87.60991244
0,432747,-1,30,1,2,0,1,10,5,-1,0,0,0,0,-1,-1,-1,18,6,2523,-1,-1,-1,-1,-1,-1,2,0,0,0,0,0,2,0,8,4,9,41.93189772,-87.72710503
0,432086,-1,30,1,2,0,1,10,5,-1,0,0,0,0,-1,-1,-1,-1,-1,1722,-1,-1,-1,-1,-1,-1,2,0,0,0,0,0,2,0,8,4,9,41.96082651,-87.7287246
0,432050,-1,20,0,0,0,1,7,5,1,0,0,0,0,-1,-1,-1,0,-1,2523,-1,-1,-1,-1,-1,-1,2,0,0,0,0,0,4,0,8,4,9,41.93569825,-87.73707623
0,432043,-1,35,2,2,0,1,0,6,3,0,0,0,0,1,-1,-1,17,-1,213,-1,-1,-1,-1,-1,-1,2,0,0,0,0,0,2,0,8,4,9,41.81825163,-87.62322001
0,433968,-1,30,0,0,0,1,10,5,-1,2,0,0,0,-1,-1,-1,-1,-1,822,-1,-1,-1,-1,-1,-1,2,0,0,0,0,0,3,0,8,4,9,41.79331345,-87.7110473
1,432038,-1,30,2,2,0,1,0,5,4,0,0,0,1,1,-1,-1,17,0,2533,-1,-1,-1,-1,-1,-1,2,1,0,0,0,1,1,0,8,4,9,41.9096088,-87.73869884
0,432078,-1,30,0,0,0,1,12,2,2,0,0,0,1,-1,-1,-1,11,25,613,-1,-1,-1,-1,-1,-1,2,0,0,0,0,0,2,0,8,4,9,41.73604102,-87.65358662
0,432053,-1,30,12,12,0,1,10,5,2,0,0,0,0,-1,-1,-1,11,0,2011,-1,-1,-1,-1,-1,-1,2,0,0,0,0,0,3,0,8,4,9,41.97594789,-87.69636521
0,432574,-1,30,2,2,0,1,0,5,3,0,0,0,0,1,-1,-1,17,0,633,-1,-1,-1,-1,-1,-1,2,0,0,0,0,0,2,0,8,4,9,41.73109349,-87.60725983
0,432168,-1,30,0,0,0,1,12,5,2,0,0,0,0,-1,-1,-1,23,-1,1613,-1,-1,-1,-1,-1,-1,2,0,0,0,0,0,3,0,8,4,9,41.9786632,-87.7960765
0,432110,-1,30,2,2,0,1,0,2,2,0,0,0,0,1,-1,-1,-1,-1,624,-1,-1,-1,-1,-1,-1,2,0,0,0,0,0,2,0,8,4,9,41.75120742,-87.60411045
0,432070,-1,25,0,0,0,1,14,5,4,0,0,0,0,-1,-1,-1,23,-1,2412,-1,-1,-1,-1,-1,-1,2,0,0,0,0,0,2,0,8,4,9,41.99770719,-87.70919952
0,432028,-1,0,1,2,0,1,0,2,1,0,0,0,1,-1,-1,-1,17,-1,2533,-1,-1,-1,-1,-1,-1,2,0,0,0,0,0,3,0,8,4,9,41.9026194,-87.73627328
1,432021,-1,35,1,2,0,1,10,3,4,0,0,3,1,-1,-1,-1,12,-1,634,-1,-1,-1,-1,-1,-1,2,6,0,0,0,6,1,0,8,4,9,41.73586727,-87.6327948
0,432891,-1,30,2,2,0,1,14,2,2,0,0,0,0,-1,-1,-1,23,11,835,-1,-1,-1,-1,-1,-1,2,0,0,0,0,0,2,0,7,4,9,41.75162145,-87.70987599
0,432035,-1,30,1,2,0,1,0,12,2,0,0,0,1,-1,-1,-1,33,33,1234,-1,-1,-1,-1,-1,-1,2,0,0,0,0,0,2,0,7,4,9,41.85411983,-87.67601967
3,432033,-1,30,0,0,0,1,8,5,2,0,0,0,1,-1,-1,-1,17,17,1434,-1,-1,1,-1,-1,-1,2,1,0,1,0,0,1,0,7,4,9,41.91691653,-87.67774348
0,435533,-1,30,0,0,0,1,7,5,-1,0,0,0,0,-1,-1,1,-1,-1,1423,-1,-1,-1,-1,-1,-1,2,0,0,0,0,0,1,0,7,4,9,41.90800169,-87.68730617
0,432107,-1,30,0,0,0,1,7,5,-1,0,0,0,1,-1,-1,1,21,-1,912,-1,-1,-1,-1,-1,-1,2,0,0,0,0,0,1,0,7,4,9,41.82871718,-87.67150953
0,432064,-1,30,2,1,0,1,14,5,4,0,0,0,0,1,-1,-1,6,-1,1622,-1,-1,-1,-1,-1,-1,2,0,0,0,0,0,3,0,7,4,9,41.98487427,-87.78755548
0,432027,-1,25,1,2,0,1,10,5,-1,0,0,0,0,-1,-1,-1,18,16,511,-1,-1,-1,-1,-1,-1,2,0,0,0,0,0,2,0,7,4,9,41.72156629,-87.62516952
0,432025,-1,30,7,12,0,1,5,5,-1,0,0,12,0,-1,-1,1,25,17,1622,-1,-1,-1,-1,-1,-1,1,0,0,0,0,0,1,0,7,4,9,41.98195937,-87.7852389
0,439263,1,30,0,0,-1,-1,7,5,-1,0,-1,0,0,-1,-1,1,-1,-1,1923,-1,-1,-1,-1,-1,-1,2,0,0,0,0,0,1,0,7,4,9,41.95129885,-87.65011169
0,432072,-1,30,0,0,0,1,12,5,-1,0,0,0,0,-1,-1,-1,22,0,921,-1,-1,-1,-1,-1,-1,2,0,0,0,0,0,2,0,7,4,9,41.8225154,-87.70431578
0,432067,-1,15,0,0,0,1,7,0,-1,0,0,0,0,-1,-1,1,20,0,1031,-1,-1,-1,-1,-1,-1,2,0,0,0,0,0,1,0,7,4,9,41.84168561,-87.72462751
0,432040,-1,25,1,-1,0,1,14,2,4,0,0,0,0,1,-1,-1,0,0,133,-1,1,-1,-1,-1,-1,2,0,0,0,0,0,2,0,7,4,9,41.84757824,-87.62359606
0,432031,-1,30,0,0,0,1,0,5,2,0,0,0,0,-1,-1,-1,11,-1,2515,-1,-1,-1,-1,-1,-1,2,0,0,0,0,0,2,0,7,4,9,41.91805487,-87.77314083
0,433034,-1,35,-1,-1,0,1,7,5,2,0,0,0,0,-1,-1,-1,22,22,2533,-1,-1,-1,-1,-1,-1,2,0,0,0,0,0,1,0,7,4,9,41.91675776,-87.75467066
2,432022,-1,30,1,2,0,1,10,3,1,0,0,1,1,1,-1,1,18,0,322,-1,-1,-1,-1,-1,-1,2,2,0,0,2,0,2,0,7,4,9,41.77284399,-87.61643038
0,432016,-1,30,0,0,0,1,10,2,-1,0,0,0,0,-1,-1,1,18,-1,913,-1,-1,-1,-1,-1,-1,2,0,0,0,0,0,2,0,7,4,9,41.84321211,-87.65871951
0,438527,-1,30,1,-1,-1,1,10,5,2,0,-1,-1,0,1,-1,-1,0,-1,1633,-1,-1,-1,-1,-1,-1,2,0,0,0,0,0,4,0,7,4,9,41.94582979,-87.78149738
0,432042,-1,30,1,2,0,1,12,5,-1,0,0,0,0,-1,-1,-1,22,-1,1613,-1,-1,-1,-1,-1,-1,2,0,0,0,0,0,2,0,7,4,9,41.97924247,-87.79772549
0,432020,-1,30,2,2,0,1,10,5,1,0,0,0,0,-1,-1,-1,0,0,2522,-1,-1,-1,-1,-1,-1,2,0,0,0,0,0,2,0,7,4,9,41.92238958,-87.73634255
2,432018,1,30,1,2,0,1,9,2,6,0,0,0,1,-1,-1,-1,13,-1,1014,-1,-1,-1,-1,-1,-1,2,1,0,0,1,0,2,0,7,4,9,41.85415346,-87.71548648
0,432017,-1,25,0,0,0,1,11,12,-1,0,0,0,0,-1,-1,-1,11,0,622,-1,-1,-1,-1,-1,-1,2,0,0,0,0,0,2,0,7,4,9,41.74257762,-87.63393693
0,432008,-1,30,0,0,0,1,10,5,2,0,0,0,0,-1,-1,-1,18,18,2032,-1,-1,-1,-1,-1,-1,2,0,0,0,0,0,2,0,7,4,9,41.96886393,-87.679341
0,432007,-1,30,0,0,0,1,7,5,2,0,0,0,0,-1,-1,-1,20,-1,1723,-1,-1,-1,-1,-1,-1,4,0,0,0,0,0,1,0,7,4,9,41.95905054,-87.72502887
0,432048,-1,30,2,2,0,1,0,2,-1,0,0,0,1,1,-1,-1,17,-1,822,-1,1,-1,-1,-1,-1,2,0,0,0,0,0,2,0,7,4,9,41.79357135,-87.7071724
0,431997,-1,30,2,2,0,1,0,2,2,0,0,0,1,1,-1,-1,17,-1,1631,-1,-1,-1,-1,-1,-1,2,0,0,0,0,0,3,0,7,4,9,41.94514785,-87.81794536
0,436323,-1,30,0,0,0,1,12,12,-1,0,0,0,0,-1,-1,-1,11,0,211,-1,-1,-1,-1,-1,-1,2,0,0,0,0,0,2,0,7,4,9,41.83841192,-87.60843282
0,433860,-1,30,0,0,-1,1,12,2,4,0,-1,-1,0,-1,-1,-1,17,11,1414,-1,-1,-1,-1,-1,-1,2,0,0,0,0,0,2,0,7,4,9,41.92206912,-87.70698658
0,432668,-1,40,-1,-1,-1,-1,2,5,-1,0,-1,-1,1,-1,-1,-1,0,-1,114,-1,-1,-1,-1,-1,-1,1,0,0,0,0,0,1,0,7,4,9,41.88505246,-87.61421574
0,432272,-1,35,1,2,0,1,10,5,2,0,0,0,0,-1,-1,-1,18,-1,412,-1,-1,-1,-1,-1,-1,2,0,0,0,0,0,2,0,7,4,9,41.74422798,-87.57526146
0,434735,-1,30,1,2,0,1,0,5,-1,0,0,0,0,-1,-1,1,0,0,1125,-1,-1,-1,-1,-1,-1,2,0,0,0,0,0,2,0,7,4,9,41.87614361,-87.69147696
0,432009,-1,30,1,2,0,1,12,2,-1,2,0,0,0,-1,-1,1,0,0,213,-1,-1,-1,-1,-1,-1,2,0,0,0,0,0,2,0,7,4,9,41.82364396,-87.62949383
1,432004,-1,30,2,2,0,1,0,5,2,0,0,0,1,1,-1,-1,21,17,1215,-1,1,-1,-1,-1,-1,2,1,0,0,0,1,1,0,7,4,9,41.89105286,-87.66962354
0,432571,-1,20,1,2,0,1,12,5,4,0,0,0,0,-1,-1,1,0,0,1434,-1,-1,-1,-1,-1,-1,2,0,0,0,0,0,2,0,7,4,9,41.91629913,-87.68682686
0,432057,-1,30,0,0,0,1,7,6,1,0,0,0,0,-1,-1,1,0,-1,122,-1,-1,-1,-1,-1,-1,2,0,0,0,0,0,1,0,7,4,9,41.88165285,-87.63719899
-1,431989,-1,35,0,0,0,1,14,5,2,0,0,0,0,1,-1,-1,17,-1,2223,-1,-1,-1,-1,-1,-1,-1,-1,-1,-1,-1,-1,-1,-1,7,4,9,41.73441722,-87.64549353
0,431983,-1,30,1,2,0,1,0,5,4,0,0,0,0,1,-1,-1,6,-1,1632,-1,-1,-1,-1,-1,-1,2,0,0,0,0,0,2,0,6,4,9,41.95359924,-87.80715257
2,431979,-1,30,1,2,0,1,14,5,4,0,0,0,1,1,-1,-1,17,33,1633,-1,-1,-1,-1,-1,-1,2,1,0,0,1,0,1,0,6,4,9,41.95300877,-87.77194507
0,432120,-1,30,0,0,0,1,10,5,-1,0,0,0,0,-1,-1,-1,18,-1,1032,-1,-1,-1,-1,-1,-1,2,0,0,0,0,0,2,0,6,4,9,41.84439659,-87.70585032
0,432011,-1,30,1,2,0,1,14,5,-1,0,0,0,0,1,-1,-1,17,-1,1211,-1,-1,-1,-1,-1,-1,2,0,0,0,0,0,2,0,6,4,9,41.89666106,-87.70217752
0,431999,-1,30,0,0,0,1,12,3,6,0,0,0,0,-1,-1,1,0,0,815,-1,-1,-1,-1,-1,-1,2,0,0,0,0,0,2,0,6,4,9,41.816738,-87.74324347
2,431973,-1,35,0,0,0,1,6,3,4,0,0,0,1,-1,-1,-1,27,-1,524,-1,-1,-1,-1,-1,-1,1,1,0,0,1,0,0,0,6,4,9,41.68050979,-87.64185132
0,432709,-1,30,1,2,0,1,14,6,-1,0,0,0,0,-1,-1,-1,23,0,1225,-1,-1,-1,-1,-1,-1,2,0,0,0,0,0,2,0,6,4,9,41.87491147,-87.67650709
0,431981,-1,15,1,2,0,1,12,6,3,0,0,0,0,1,-1,-1,17,-1,1032,-1,-1,-1,-1,-1,-1,2,0,0,0,0,0,4,0,6,4,9,41.84098232,-87.70517724
0,431970,-1,15,0,0,0,1,7,6,1,0,0,0,0,-1,-1,-1,22,11,1923,-1,-1,-1,-1,-1,-1,2,0,0,0,0,0,1,0,6,4,9,41.94955386,-87.65664184
0,434060,-1,30,0,-1,0,1,12,5,-1,0,0,-1,0,-1,-1,1,17,17,1622,-1,-1,-1,-1,-1,-1,2,0,0,0,0,0,2,0,6,4,9,41.98201113,-87.78760507
0,434896,-1,20,0,0,0,1,0,7,-1,0,0,0,0,-1,1,-1,20,0,1925,-1,-1,-1,-1,-1,-1,2,0,0,0,0,0,2,0,5,4,9,41.94983786,-87.64894114
0,433168,-1,30,1,2,0,3,12,5,2,0,0,0,0,1,-1,-1,0,0,821,-1,-1,-1,-1,-1,-1,2,0,0,0,0,0,2,0,5,4,9,41.813782,-87.7043457
0,432361,1,30,0,0,0,1,7,6,2,0,0,0,0,-1,-1,-1,-1,-1,1231,-1,-1,-1,-1,-1,-1,3,0,0,0,0,0,1,0,5,4,9,41.87888348,-87.66104141
0,431925,0,20,0,0,12,0,2,0,-1,0,0,0,0,-1,-1,-1,33,-1,1213,-1,-1,-1,-1,-1,-1,1,0,0,0,0,0,2,0,2,4,9,41.89876187,-87.66303705
0,431926,-1,45,1,2,0,3,12,3,6,0,0,0,0,-1,-1,-1,0,-1,331,-1,-1,-1,-1,-1,-1,2,0,0,0,0,0,8,0,2,4,9,41.79142028,-87.58014777
0,431917,-1,30,1,2,0,3,5,3,2,0,0,0,1,1,-1,-1,14,15,214,-1,-1,-1,-1,-1,-1,1,0,0,0,0,0,1,0,2,4,9,41.82420687,-87.60549931
0,431892,-1,30,0,0,0,3,5,2,-1,0,0,0,0,-1,-1,-1,11,-1,1132,-1,-1,-1,-1,-1,-1,1,0,0,0,0,0,1,0,1,4,9,41.87092581,-87.72549508
0,431891,-1,35,0,0,0,3,14,2,2,0,0,0,1,-1,-1,-1,23,17,1923,-1,-1,-1,-1,-1,-1,2,0,0,0,0,0,2,0,1,4,9,41.94736124,-87.65647254
0,431874,-1,30,0,0,0,3,7,5,-1,0,0,0,1,-1,1,-1,20,27,821,-1,-1,-1,-1,-1,-1,4,0,0,0,0,0,1,0,0,4,9,41.81211931,-87.7042792
2,431928,-1,30,0,0,0,3,14,5,2,0,0,0,1,-1,-1,1,0,-1,1824,-1,-1,-1,-1,-1,-1,2,2,0,0,2,0,2,0,0,4,9,41.90360945,-87.63158311
0,432291,-1,0,-1,-1,-1,-1,7,5,-1,0,-1,-1,0,-1,-1,1,0,0,1731,-1,-1,-1,-1,-1,-1,2,0,0,0,0,0,1,0,0,4,9,41.94067062,-87.73714946
2,431847,-1,35,0,0,0,3,10,5,-1,0,0,0,1,-1,-1,1,0,18,1911,-1,-1,-1,-1,-1,-1,2,1,0,0,1,0,2,0,23,3,9,41.96851063,-87.68866847
0,432359,-1,30,0,0,0,1,10,6,-1,0,0,0,0,-1,-1,1,0,0,2413,-1,-1,-1,-1,-1,-1,2,0,0,0,0,0,2,0,23,3,9,41.99518142,-87.68749797
0,431808,-1,40,0,0,0,3,12,3,3,0,0,0,0,-1,-1,-1,22,21,1824,-1,-1,-1,1,2,-1,2,0,0,0,0,0,2,0,22,3,9,41.90248165,-87.62422104
0,431803,-1,30,0,-1,0,3,7,5,-1,0,0,0,0,-1,-1,-1,14,-1,2413,-1,1,-1,-1,-1,-1,3,0,0,0,0,0,1,0,22,3,9,41.99609336,-87.70946067
0,431824,-1,30,1,2,0,3,0,6,2,0,0,0,0,1,-1,-1,20,-1,112,-1,-1,-1,-1,-1,-1,2,0,0,0,0,0,2,0,22,3,9,41.88068672,-87.62951526