MOST_SEVERE_INJURY,RD_NO,CRASH_DATE_EST_I,POSTED_SPEED_LIMIT,TRAFFIC_CONTROL_DEVICE,DEVICE_CONDITION,WEATHER_CONDITION,LIGHTING_CONDITION,FIRST_CRASH_TYPE,TRAFFICWAY_TYPE,LANE_CNT,ALIGNMENT,ROADWAY_SURFACE_COND,ROAD_DEFECT,CRASH_TYPE,INTERSECTION_RELATED_I,NOT_RIGHT_OF_WAY_I,HIT_AND_RUN_I,PRIM_CONTRIBUTORY_CAUSE,SEC_CONTRIBUTORY_CAUSE,BEAT_OF_OCCURRENCE,PHOTOS_TAKEN_I,STATEMENTS_TAKEN_I,DOORING_I,WORK_ZONE_I,WORK_ZONE_TYPE,WORKERS_PRESENT_I,NUM_UNITS,INJURIES_TOTAL,INJURIES_FATAL,INJURIES_INCAPACITATING,INJURIES_NON_INCAPACITATING,INJURIES_REPORTED_NOT_EVIDENT,INJURIES_NO_INDICATION,INJURIES_UNKNOWN,CRASH_HOUR,CRASH_DAY_OF_WEEK,CRASH_MONTH,LATITUDE,LONGITUDE
3,431790,-1,30,0,0,0,3,0,5,-1,0,-1,-1,1,-1,-1,-1,17,11,1613,-1,-1,-1,-1,-1,-1,2,1,0,1,0,0,1,0,22,3,9,41.97978009,-87.80712782
0,431767,-1,30,0,0,0,3,2,7,-1,0,0,-1,0,-1,1,-1,-1,-1,1511,-1,-1,-1,-1,-1,-1,1,0,0,0,0,0,1,0,22,3,9,41.89548095,-87.76556394
0,432479,-1,30,1,2,0,3,14,5,-1,0,0,0,0,1,-1,-1,0,0,1834,-1,-1,-1,-1,-1,-1,2,0,0,0,0,0,2,0,22,3,9,41.89244502,-87.62423803
0,431756,-1,30,1,2,0,3,10,5,4,0,0,0,1,-1,-1,1,25,11,821,-1,-1,-1,-1,-1,-1,2,0,0,0,0,0,4,0,21,3,9,41.81327793,-87.72364188
0,431772,-1,30,0,0,0,3,10,2,2,0,0,0,0,-1,-1,-1,18,-1,612,-1,-1,-1,-1,-1,-1,2,0,0,0,0,0,2,0,21,3,9,41.75616151,-87.653958
0,431749,-1,30,1,2,0,3,14,2,6,0,0,0,1,1,-1,1,25,-1,322,-1,-1,-1,-1,-1,-1,2,0,0,0,0,0,4,0,21,3,9,41.77263463,-87.62527215
0,431734,-1,30,2,2,0,0,10,5,2,0,0,0,0,-1,-1,-1,20,-1,1215,-1,-1,-1,-1,-1,-1,2,0,0,0,0,0,3,0,21,3,9,41.88671736,-87.66129759
0,431773,-1,30,0,0,0,3,7,6,1,0,0,0,0,-1,-1,-1,20,0,1212,-1,-1,-1,-1,-1,-1,2,0,0,0,0,0,1,0,21,3,9,41.9027263,-87.67954086
2,431715,-1,30,1,2,0,0,9,3,2,0,0,0,1,-1,-1,-1,3,-1,1232,-1,-1,-1,-1,-1,-1,2,1,0,0,1,0,1,0,21,3,9,41.87423876,-87.6527608
0,431706,-1,30,0,0,0,3,12,5,4,0,0,0,0,-1,-1,1,25,25,1421,-1,1,-1,-1,-1,-1,3,0,0,0,0,0,4,0,20,3,9,41.91571753,-87.70189135
0,431746,-1,35,0,0,0,3,12,8,1,0,0,0,0,-1,-1,-1,22,18,132,-1,-1,-1,-1,-1,-1,3,0,0,0,0,0,4,0,20,3,9,41.86584456,-87.61993314
0,431696,-1,30,1,2,0,3,12,2,-1,0,0,0,0,-1,-1,1,25,0,511,-1,-1,-1,-1,-1,-1,2,0,0,0,0,0,4,0,20,3,9,41.70732593,-87.62013387
0,431758,-1,30,-1,-1,-1,-1,10,-1,-1,0,-1,-1,0,-1,-1,1,0,0,1824,-1,0,-1,-1,-1,-1,2,0,0,0,0,0,2,0,20,3,9,41.91108516,-87.63125958
1,431653,-1,35,0,0,-1,-1,10,5,2,0,-1,-1,1,-1,-1,-1,18,-1,1114,-1,-1,-1,-1,-1,-1,1,1,0,0,0,1,1,0,20,3,9,41.88333771,-87.72589188
0,431779,-1,30,2,2,0,0,14,5,-1,0,0,0,0,-1,-1,-1,0,0,1925,-1,-1,-1,-1,-1,-1,2,0,0,0,0,0,2,0,20,3,9,41.9498439,-87.64687465
0,431710,-1,30,0,0,0,3,10,7,1,0,0,0,0,1,-1,-1,20,0,832,-1,-1,-1,-1,-1,-1,2,0,0,0,0,0,2,0,20,3,9,41.76433012,-87.68308688
0,431793,-1,30,0,0,0,0,12,5,-1,0,0,-1,0,-1,-1,-1,22,-1,132,-1,-1,-1,-1,-1,-1,2,0,0,0,0,0,2,0,20,3,9,41.85441832,-87.62229799
2,431692,-1,30,0,0,0,3,8,5,2,0,0,-1,1,-1,-1,-1,17,-1,1433,-1,-1,-1,-1,-1,-1,2,1,0,0,1,0,1,0,20,3,9,41.90495017,-87.66873653
1,432750,-1,30,1,2,0,0,10,5,4,0,-1,-1,1,-1,-1,-1,18,18,1811,-1,-1,-1,-1,-1,-1,2,1,0,0,0,1,2,0,20,3,9,41.92498479,-87.67246113
0,431647,-1,35,1,2,0,0,10,12,-1,0,0,-1,0,-1,-1,-1,0,0,223,-1,-1,-1,-1,-1,-1,2,0,0,0,0,0,2,0,19,3,9,41.80946653,-87.60451926
0,441079,-1,35,0,0,0,3,10,5,5,0,0,0,0,-1,-1,-1,18,0,634,-1,-1,-1,-1,-1,-1,2,0,0,0,0,0,2,0,19,3,9,41.73614513,-87.62691784
-1,432885,-1,45,1,2,0,2,12,3,8,0,0,0,0,-1,-1,-1,17,22,1935,-1,-1,-1,-1,-1,-1,-1,-1,-1,-1,-1,-1,-1,-1,19,3,9,41.92620072,-87.63133087
0,431814,-1,30,2,2,0,1,3,6,1,0,0,0,1,-1,-1,1,10,14,1122,-1,-1,-1,-1,-1,-1,2,0,0,0,0,0,2,0,19,3,9,41.87904045,-87.72080713
0,431741,-1,30,0,0,0,1,10,2,-1,0,0,0,0,-1,-1,-1,18,-1,2522,-1,-1,-1,-1,-1,-1,2,0,0,0,0,0,2,0,19,3,9,41.92053656,-87.74635617
0,431658,-1,35,0,0,0,1,7,5,1,0,0,0,0,-1,-1,1,0,0,1021,-1,-1,-1,-1,-1,-1,2,0,0,0,0,0,1,0,19,3,9,41.86229285,-87.71496666
0,431654,-1,30,1,2,0,4,12,6,3,0,0,0,0,-1,-1,-1,22,-1,122,-1,-1,-1,-1,-1,-1,2,0,0,0,0,0,3,0,19,3,9,41.8867073,-87.63415039
2,432819,-1,30,0,0,0,2,10,5,-1,0,0,0,1,-1,-1,-1,-1,-1,824,-1,-1,-1,-1,-1,-1,2,1,0,0,1,0,2,0,19,3,9,41.79337055,-87.68417538
0,431701,-1,30,0,0,0,4,4,5,-1,0,0,0,0,-1,-1,-1,-1,-1,431,-1,-1,-1,-1,-1,-1,1,0,0,0,0,0,1,0,19,3,9,41.71900722,-87.55255363
0,431621,-1,30,1,2,0,0,14,5,-1,0,0,0,0,-1,-1,-1,17,-1,632,-1,-1,-1,-1,-1,-1,2,0,0,0,0,0,2,0,19,3,9,41.73620947,-87.62430552
1,431598,-1,15,0,0,0,1,7,6,1,0,0,0,1,-1,-1,-1,25,-1,831,-1,-1,-1,-1,-1,-1,2,1,0,0,0,1,0,0,19,3,9,41.77434041,-87.69463725
0,431578,-1,30,0,0,0,1,7,5,-1,0,0,0,0,-1,-1,0,0,0,822,-1,-1,-1,-1,-1,-1,2,0,0,0,0,0,1,0,19,3,9,41.79711892,-87.70380493
0,431574,-1,30,0,0,0,4,7,5,2,0,0,0,0,-1,-1,-1,17,-1,2413,-1,-1,-1,-1,-1,-1,2,0,0,0,0,0,1,0,18,3,9,41.99603524,-87.68909091
0,431602,-1,35,0,0,0,1,14,2,-1,0,0,0,1,-1,-1,-1,21,0,1931,-1,-1,-1,-1,-1,-1,2,0,0,0,0,0,2,0,18,3,9,41.93658079,-87.68784546
0,431641,-1,40,0,0,0,4,12,3,3,0,0,0,0,-1,-1,-1,21,-1,1824,-1,-1,-1,-1,-1,-1,2,0,0,0,0,0,2,0,18,3,9,41.90790787,-87.62549988
0,431545,-1,30,0,0,0,1,10,5,2,0,0,0,0,-1,-1,0,18,-1,1234,-1,-1,-1,-1,-1,-1,2,0,0,0,0,0,3,0,18,3,9,41.85402401,-87.68129856
0,431567,-1,30,2,-1,0,1,10,5,1,0,0,-1,0,-1,-1,-1,0,0,2213,-1,-1,-1,-1,-1,-1,2,0,0,0,0,0,2,0,18,3,9,41.71416999,-87.65508238
0,432470,-1,30,1,2,0,1,10,5,-1,0,0,0,0,1,-1,-1,18,-1,1833,-1,-1,-1,-1,-1,-1,2,0,0,0,0,0,3,0,18,3,9,41.89658557,-87.62051134
-1,432203,1,10,-1,-1,-1,-1,4,12,-1,0,-1,-1,0,-1,-1,-1,-1,-1,113,-1,1,-1,-1,-1,-1,1,-1,-1,-1,-1,-1,-1,-1,18,3,9,41.87638075,-87.6288687
0,431590,-1,30,0,0,0,2,10,5,-1,0,0,0,0,-1,-1,-1,-1,-1,825,-1,-1,-1,-1,-1,-1,2,0,0,0,0,0,2,0,18,3,9,41.77912348,-87.6837831
2,431580,-1,35,2,2,0,1,14,3,-1,0,0,0,1,-1,-1,-1,17,22,412,-1,-1,-1,-1,-1,-1,2,3,0,0,3,0,0,0,18,3,9,41.74318101,-87.5738048
0,431614,-1,35,2,2,0,4,10,6,-1,0,0,-1,0,-1,-1,-1,0,0,234,-1,-1,-1,-1,-1,-1,2,0,0,0,0,0,2,0,18,3,9,41.80229535,-87.59330568
0,431711,-1,30,0,0,0,1,7,6,1,0,0,0,0,-1,-1,1,25,0,1411,-1,-1,-1,-1,-1,-1,2,0,0,0,0,0,2,0,18,3,9,41.92859095,-87.69571073
0,431684,-1,30,0,0,0,-1,12,3,2,0,0,-1,0,-1,-1,1,17,0,1834,-1,-1,-1,-1,-1,-1,2,0,0,0,0,0,2,0,18,3,9,41.88941256,-87.61384335
2,431593,-1,30,1,2,0,1,10,2,-1,0,0,0,1,-1,-1,-1,7,16,1614,-1,-1,-1,-1,-1,-1,2,1,0,0,1,0,1,0,18,3,9,41.96650322,-87.84699439
1,431565,-1,30,0,0,0,1,9,6,2,0,0,0,1,-1,-1,1,-1,-1,123,-1,-1,-1,-1,-1,-1,2,1,0,0,0,1,1,0,18,3,9,41.87492947,-87.6293644
0,431562,-1,30,0,0,0,1,10,2,4,0,0,0,1,-1,-1,-1,18,21,1724,-1,-1,-1,-1,-1,-1,4,0,0,0,0,0,5,0,18,3,9,41.9540745,-87.70007425
2,431546,-1,30,1,2,0,1,10,5,4,2,0,0,1,-1,-1,-1,18,-1,1822,-1,-1,-1,-1,-1,-1,2,1,0,0,1,0,5,0,18,3,9,41.91068536,-87.65576038
3,431514,-1,30,2,2,0,1,9,6,1,0,0,0,1,1,-1,-1,33,11,1013,-1,-1,-1,-1,-1,-1,2,1,0,1,0,0,1,0,18,3,9,41.84996166,-87.71500451
2,431536,-1,30,0,0,0,1,8,2,-1,0,0,0,1,1,-1,-1,17,0,2535,-1,-1,-1,-1,-1,-1,2,1,0,0,1,0,1,0,18,3,9,41.91708582,-87.72427155
0,431504,1,30,1,2,0,1,12,5,4,0,0,0,0,-1,-1,-1,22,18,1834,-1,-1,-1,-1,-1,-1,2,0,0,0,0,0,2,0,18,3,9,41.89300534,-87.62012063
2,431493,-1,30,0,0,0,1,10,5,-1,0,0,0,1,-1,-1,-1,0,0,1832,-1,-1,-1,-1,-1,-1,2,1,0,0,1,0,1,0,18,3,9,41.8931599,-87.62819011
0,431740,-1,30,-1,-1,-1,-1,7,6,2,0,-1,-1,0,-1,-1,1,0,0,1824,-1,-1,-1,-1,-1,-1,2,0,0,0,0,0,1,0,18,3,9,41.90172667,-87.63189962
0,432825,1,30,0,0,0,-1,7,6,1,0,12,-1,0,-1,-1,1,0,0,1911,-1,-1,-1,-1,-1,-1,2,0,0,0,0,0,1,0,18,3,9,41.95764774,-87.68223872
1,432347,-1,30,1,2,0,1,8,5,4,0,-1,-1,1,1,-1,-1,6,22,1923,-1,-1,-1,-1,-1,-1,2,1,0,0,0,1,1,0,18,3,9,41.9527671,-87.64980144
0,431572,-1,30,-1,-1,-1,-1,14,5,-1,0,-1,-1,0,-1,-1,1,17,16,1934,-1,-1,-1,-1,-1,-1,2,0,0,0,0,0,2,0,18,3,9,41.93403617,-87.64455373
0,431555,-1,70,0,0,0,1,7,7,0,0,0,-1,0,-1,-1,1,0,0,1713,-1,-1,-1,-1,-1,-1,2,0,0,0,0,0,1,0,18,3,9,41.97439537,-87.70849558
0,431510,-1,0,-1,-1,0,1,14,-1,-1,0,-1,-1,0,1,-1,-1,0,-1,1233,-1,-1,-1,-1,-1,-1,2,0,0,0,0,0,2,0,18,3,9,41.85933425,-87.6597206
0,431499,-1,30,0,0,0,1,12,5,4,0,0,0,0,-1,-1,-1,0,0,921,-1,-1,-1,-1,-1,-1,2,0,0,0,0,0,2,0,18,3,9,41.82203028,-87.69106596
0,431485,-1,30,0,3,0,1,14,6,3,0,0,0,0,-1,-1,-1,0,0,212,-1,-1,-1,-1,-1,-1,2,0,0,0,0,0,2,0,17,3,9,41.82968582,-87.62307601
0,431483,-1,30,0,0,0,1,10,5,2,0,0,0,0,-1,-1,-1,18,0,1923,-1,-1,-1,-1,-1,-1,3,0,0,0,0,0,3,0,17,3,9,41.95118592,-87.65745604
0,431503,-1,30,0,0,0,1,7,5,4,0,0,0,0,-1,-1,-1,0,-1,1622,-1,-1,-1,-1,-1,-1,2,0,0,0,0,0,1,0,17,3,9,41.96056026,-87.76975387
0,431494,-1,15,0,0,0,1,7,7,-1,0,0,0,0,-1,-1,1,0,0,123,-1,-1,-1,-1,-1,-1,2,0,0,0,0,0,2,0,17,3,9,41.86763873,-87.62568483
0,431534,-1,30,0,0,0,1,12,5,-1,0,0,0,0,-1,-1,-1,0,0,1433,-1,-1,-1,-1,-1,-1,2,0,0,0,0,0,2,0,17,3,9,41.9098255,-87.66781635
0,439364,-1,30,4,0,0,1,10,5,-1,0,0,0,0,-1,-1,-1,-1,-1,1923,-1,-1,-1,-1,-1,-1,2,0,0,0,0,0,2,0,17,3,9,41.95106405,-87.65979513
0,431752,-1,30,1,2,0,1,10,5,-1,0,0,0,0,-1,-1,1,18,0,434,-1,-1,-1,-1,-1,-1,2,0,0,0,0,0,2,0,17,3,9,41.70807743,-87.55980687
0,434203,-1,30,0,0,0,1,10,5,2,0,0,0,0,-1,-1,-1,16,-1,1712,-1,-1,-1,-1,-1,-1,2,0,0,0,0,0,3,0,17,3,9,41.97553839,-87.71742013
0,431498,-1,30,0,0,0,1,14,2,4,0,0,0,0,0,-1,-1,0,0,2211,-1,-1,-1,-1,-1,-1,2,0,0,0,0,0,2,0,17,3,9,41.70567227,-87.72076226
0,431424,-1,30,0,0,0,1,11,6,1,0,0,0,0,-1,-1,1,0,0,2515,-1,-1,-1,-1,-1,-1,2,0,0,0,0,0,2,0,17,3,9,41.92070025,-87.7574227
0,431470,-1,20,1,2,0,1,0,5,2,0,0,0,1,1,-1,-1,0,-1,734,-1,-1,-1,-1,-1,-1,2,0,0,0,0,0,3,0,17,3,9,41.76493354,-87.65911281
0,431543,-1,20,0,0,0,1,7,6,-1,0,0,0,0,-1,-1,-1,0,0,421,-1,-1,-1,-1,-1,-1,2,0,0,0,0,0,1,0,17,3,9,41.75437631,-87.56128881
2,431505,-1,35,0,0,0,1,8,5,-1,0,0,0,1,-1,-1,-1,17,-1,1621,-1,-1,-1,-1,-1,-1,2,1,0,0,1,0,1,0,17,3,9,41.99883739,-87.76670231
0,431442,-1,35,0,0,0,1,12,5,3,0,0,0,0,-1,-1,-1,17,21,114,-1,-1,-1,-1,-1,-1,3,0,0,0,0,0,2,0,17,3,9,41.87953617,-87.62089453
0,432113,-1,30,0,0,-1,-1,7,5,1,0,0,0,0,-1,-1,1,0,0,2523,-1,-1,-1,-1,-1,-1,2,0,0,0,0,0,1,0,17,3,9,41.9366867,-87.73833792
0,431452,1,30,2,2,0,1,14,12,0,0,0,0,0,1,-1,-1,0,-1,1433,-1,-1,-1,-1,-1,-1,2,0,0,0,0,0,2,0,17,3,9,41.91065578,-87.65852724
0,431446,-1,30,0,0,0,1,14,5,-1,0,0,0,0,-1,-1,-1,0,0,633,-1,-1,-1,-1,-1,-1,2,0,0,0,0,0,2,0,17,3,9,41.72562049,-87.60471001
0,431430,-1,30,0,0,0,1,0,5,2,0,0,0,0,-1,-1,-1,11,11,334,-1,-1,-1,-1,-1,-1,2,0,0,0,0,0,2,0,17,3,9,41.76431604,-87.56738419
0,431456,-1,30,0,0,0,1,10,2,4,0,0,0,0,-1,-1,-1,18,9,1722,-1,-1,-1,-1,-1,-1,2,0,0,0,0,0,4,0,17,3,9,41.96082999,-87.7283889
0,431436,-1,30,-1,-1,0,1,10,5,-1,0,-1,-1,0,-1,-1,-1,16,18,1213,-1,-1,0,-1,-1,-1,2,0,0,0,0,0,3,0,17,3,9,41.90132057,-87.65654928
0,433958,-1,30,1,2,0,1,9,5,-1,0,0,0,0,1,-1,-1,0,0,1834,-1,-1,-1,-1,-1,-1,2,0,0,0,0,0,2,0,17,3,9,41.89098523,-87.6152952
0,431411,-1,30,1,2,0,1,12,5,2,2,0,0,0,-1,-1,-1,11,11,1022,-1,-1,-1,1,2,-1,2,0,0,0,0,0,2,0,17,3,9,-1,-1
0,431474,-1,30,0,0,0,1,10,5,-1,0,0,0,0,-1,-1,-1,0,-1,1232,-1,-1,-1,-1,-1,-1,2,0,0,0,0,0,3,0,17,3,9,41.88084806,-87.64718468
0,431451,-1,30,0,0,0,1,12,5,2,0,0,0,0,-1,-1,-1,17,-1,2533,-1,-1,-1,-1,-1,-1,2,0,0,0,0,0,3,0,17,3,9,41.912167,-87.74125948
0,431440,-1,30,1,2,0,1,10,2,2,0,0,0,0,-1,-1,-1,7,-1,2423,-1,-1,-1,-1,-1,-1,3,0,0,0,0,0,3,0,17,3,9,42.01228117,-87.67443347
0,438387,-1,30,-1,-1,-1,-1,10,5,4,0,-1,-1,0,-1,-1,1,18,0,624,-1,-1,-1,-1,-1,-1,2,0,0,0,0,0,2,0,17,3,9,41.75119434,-87.60536733
0,431392,-1,25,0,0,0,1,10,5,4,0,0,0,0,-1,-1,-1,18,-1,1934,-1,-1,-1,-1,-1,-1,2,0,0,0,0,0,2,0,17,3,9,41.93465046,-87.63921238
0,432215,-1,30,1,2,0,1,10,2,-1,0,0,0,0,-1,-1,-1,0,-1,925,-1,-1,-1,-1,-1,-1,2,0,0,0,0,0,3,0,17,3,9,41.80922839,-87.63211667
0,432683,-1,30,1,2,0,1,10,2,2,0,0,0,0,-1,-1,-1,18,0,2211,-1,-1,-1,-1,-1,-1,2,0,0,0,0,0,2,0,17,3,9,41.69116002,-87.7200924
0,432564,-1,20,0,0,0,4,7,5,2,0,0,0,0,-1,-1,0,0,0,921,-1,-1,-1,-1,-1,-1,2,0,0,0,0,0,1,0,17,3,9,41.82088849,-87.68952982
0,432077,-1,35,2,12,0,3,0,6,1,0,0,-1,0,1,-1,-1,23,5,1925,-1,-1,-1,-1,-1,-1,2,0,0,0,0,0,2,0,17,3,9,41.94981335,-87.6467987
0,431535,-1,30,9,2,0,1,7,6,2,0,0,0,0,-1,-1,1,0,0,1413,-1,-1,-1,-1,-1,-1,2,0,0,0,0,0,1,0,17,3,9,41.92413241,-87.71060902
0,431429,-1,30,0,0,0,1,10,3,-1,0,0,0,0,-1,-1,-1,18,11,622,-1,-1,-1,-1,-1,-1,2,0,0,0,0,0,6,0,16,3,9,-1,-1
0,431449,-1,35,0,0,0,1,10,2,-1,0,0,-1,1,-1,-1,-1,18,17,1612,-1,1,-1,-1,-1,-1,2,0,0,0,0,0,2,0,16,3,9,41.98781304,-87.79126827
0,431438,-1,30,1,2,0,1,10,5,-1,0,0,0,0,-1,-1,-1,18,-1,1214,-1,-1,-1,-1,-1,-1,2,0,0,0,0,0,2,0,16,3,9,41.88898409,-87.64418577
0,431418,-1,30,0,0,0,1,7,6,4,0,0,0,0,-1,-1,-1,22,-1,122,-1,-1,-1,-1,-1,-1,2,0,0,0,0,0,1,0,16,3,9,41.87800606,-87.63402203
0,440929,-1,30,0,0,0,1,12,5,4,0,0,0,0,-1,-1,1,21,0,821,-1,-1,-1,-1,-1,-1,2,0,0,0,0,0,2,0,16,3,9,41.80656066,-87.71674705
0,431385,0,30,0,0,0,1,7,2,2,0,0,0,0,-1,-1,1,0,0,1212,-1,-1,-1,-1,-1,-1,2,0,0,0,0,0,1,0,16,3,9,41.9006926,-87.68437381
0,432214,-1,30,0,0,0,1,12,0,1,2,0,0,0,-1,-1,-1,17,17,2022,-1,-1,-1,-1,-1,-1,2,0,0,0,0,0,2,0,16,3,9,41.98692712,-87.65543537
3,431860,-1,40,0,0,0,1,10,3,-1,0,0,-1,1,-1,-1,-1,18,-1,114,-1,-1,-1,-1,-1,-1,2,1,0,1,0,0,1,0,16,3,9,41.8808574,-87.61739714
0,431639,-1,30,1,2,0,1,14,5,-1,0,0,0,0,1,-1,-1,0,0,1424,-1,-1,-1,-1,-1,-1,2,0,0,0,0,0,2,0,16,3,9,41.90345672,-87.66744722
0,431462,-1,30,0,0,0,1,7,6,-1,0,0,0,0,-1,-1,1,0,0,1713,-1,-1,-1,-1,-1,-1,2,0,0,0,0,0,1,0,16,3,9,41.97202178,-87.70598542
0,431402,-1,30,0,0,0,1,10,5,2,0,0,0,0,1,-1,-1,18,16,1633,-1,-1,-1,-1,-1,-1,2,0,0,0,0,0,4,0,16,3,9,41.93863561,-87.77020598
0,431354,-1,30,1,2,0,1,10,3,5,0,0,0,0,1,-1,-1,18,-1,322,-1,-1,-1,-1,-1,-1,2,0,0,0,0,0,4,0,16,3,9,41.77263463,-87.62527215
0,431384,-1,25,-1,-1,0,1,3,5,-1,0,0,0,0,-1,-1,-1,0,0,1232,-1,-1,-1,-1,-1,-1,2,0,0,0,0,0,2,0,16,3,9,41.86538242,-87.64520167
1,431372,-1,30,1,2,0,1,0,5,2,0,0,0,1,1,-1,-1,6,-1,1221,-1,-1,-1,-1,-1,-1,2,1,0,0,0,1,3,0,16,3,9,41.88970926,-87.68428069
0,431409,-1,35,0,0,0,1,12,5,4,0,0,0,0,-1,-1,-1,0,0,312,-1,-1,-1,-1,-1,-1,2,0,0,0,0,0,2,0,16,3,9,41.7798105,-87.60606394
0,431374,-1,30,0,0,0,1,10,5,-1,0,0,0,0,-1,-1,-1,0,-1,424,-1,-1,-1,-1,-1,-1,2,0,0,0,0,0,3,0,16,3,9,41.72913626,-87.55108688
0,431336,1,30,0,0,0,1,7,6,1,0,0,0,1,-1,-1,-1,0,-1,1935,-1,-1,-1,-1,-1,-1,2,0,0,0,0,0,1,0,16,3,9,41.92911351,-87.64138571
0,431347,-1,30,1,2,0,1,10,5,-1,0,0,0,0,-1,-1,-1,0,-1,1433,-1,-1,-1,-1,-1,-1,2,0,0,0,0,0,2,0,16,3,9,41.91638143,-87.66618973
0,432318,-1,30,0,0,-1,-1,0,6,-1,0,0,0,0,-1,-1,1,17,0,1925,-1,-1,-1,-1,-1,-1,2,0,0,0,0,0,2,0,16,3,9,41.94372744,-87.64927609
0,431315,-1,30,2,2,0,1,10,2,2,2,0,0,0,-1,-1,-1,16,18,513,-1,-1,-1,-1,-1,-1,2,0,0,0,0,0,3,0,16,3,9,41.69298216,-87.60233869
2,431353,-1,30,3,2,0,1,9,5,4,0,0,0,1,1,-1,1,0,0,2412,-1,-1,-1,-1,-1,-1,2,1,0,0,1,0,1,0,16,3,9,41.99963244,-87.69008093
0,436893,-1,30,1,2,0,1,10,5,4,0,0,0,0,-1,-1,-1,18,18,811,-1,-1,-1,-1,-1,-1,2,0,0,0,0,0,2,0,16,3,9,41.78804127,-87.80121411
0,431317,-1,30,0,0,0,1,10,5,-1,0,0,0,0,-1,-1,-1,2,2,813,-1,-1,-1,-1,-1,-1,2,0,0,0,0,0,2,0,16,3,9,41.77851853,-87.73267231
0,432558,-1,30,0,0,0,1,14,2,-1,0,0,0,0,-1,-1,1,17,0,823,-1,-1,-1,-1,-1,-1,2,0,0,0,0,0,2,0,15,3,9,41.77842134,-87.70297606
0,431561,-1,30,2,2,0,1,14,5,2,0,0,0,0,-1,-1,-1,17,-1,1231,-1,-1,-1,-1,-1,-1,3,0,0,0,0,0,3,0,15,3,9,41.86928476,-87.6688219
0,431292,-1,30,0,0,0,1,7,5,4,0,0,0,1,-1,-1,-1,21,-1,1212,-1,-1,-1,-1,-1,-1,2,0,0,0,0,0,4,0,15,3,9,41.89604363,-87.67568937
0,440916,1,30,0,0,0,1,14,3,4,0,0,0,1,-1,-1,-1,17,21,726,-1,-1,-1,-1,-1,-1,2,0,0,0,0,0,2,0,15,3,9,41.77244668,-87.67386485
0,432862,1,30,-1,-1,-1,-1,7,5,2,0,-1,-1,0,-1,-1,1,0,0,2232,-1,-1,-1,-1,-1,-1,2,0,0,0,0,0,1,0,15,3,9,41.70877295,-87.64881437
0,431368,-1,35,0,0,0,1,10,5,2,0,0,0,0,-1,-1,-1,0,0,1034,-1,-1,-1,-1,-1,-1,2,0,0,0,0,0,2,0,15,3,9,-1,-1
2,431362,-1,0,0,0,0,1,0,5,-1,0,0,0,1,1,-1,-1,17,0,1111,-1,-1,-1,-1,-1,-1,2,2,0,0,2,0,1,0,15,3,9,41.892229,-87.74556442
0,431312,-1,30,0,0,0,1,8,5,2,0,0,0,0,-1,-1,-1,11,-1,1932,-1,-1,1,-1,-1,-1,2,0,0,0,0,0,2,0,15,3,9,41.93852208,-87.66727336
-1,431290,-1,30,0,0,0,1,7,12,-1,0,0,0,0,-1,1,-1,18,16,131,-1,-1,-1,-1,-1,-1,1,-1,-1,-1,-1,-1,-1,-1,15,3,9,41.86683145,-87.62566961
2,431297,-1,30,1,2,0,1,0,5,4,0,0,0,1,1,-1,-1,16,11,734,-1,-1,-1,-1,-1,-1,2,3,0,0,3,0,2,0,15,3,9,41.75943432,-87.65897002
0,431283,-1,25,0,0,0,1,7,5,2,0,0,0,0,-1,-1,-1,11,0,813,-1,-1,-1,-1,-1,-1,2,0,0,0,0,0,1,0,15,3,9,41.7913229,-87.72570893
0,432118,-1,30,1,0,0,1,0,2,-1,0,0,0,0,-1,-1,-1,0,0,1623,-1,-1,-1,-1,-1,-1,2,0,0,0,0,0,2,0,15,3,9,41.96089872,-87.74769992
0,431369,-1,15,3,2,0,1,7,7,-1,0,0,0,0,-1,-1,1,21,-1,131,-1,-1,-1,-1,-1,-1,2,0,0,0,0,0,1,0,15,3,9,41.85962968,-87.6301249
0,431276,-1,25,0,0,0,1,10,2,4,1,0,0,0,-1,-1,-1,18,0,833,-1,-1,-1,-1,-1,-1,2,0,0,0,0,0,2,0,15,3,9,41.76790865,-87.74183242
0,431342,-1,30,1,2,0,1,14,5,4,0,0,-1,0,-1,-1,-1,16,33,424,-1,-1,-1,-1,-1,-1,3,0,0,0,0,0,3,0,15,3,9,41.72293965,-87.54555467
0,431373,-1,30,0,0,0,1,12,5,-1,0,0,0,0,-1,-1,1,-1,35,1034,-1,-1,-1,-1,-1,-1,2,0,0,0,0,0,3,0,15,3,9,41.84649544,-87.68563425
0,431286,-1,0,0,0,0,1,12,-1,-1,0,-1,-1,0,-1,-1,-1,0,-1,123,-1,-1,-1,-1,-1,-1,2,0,0,0,0,0,2,0,15,3,9,41.87546162,-87.63602735
0,432645,-1,35,0,0,0,1,12,5,2,0,0,0,0,-1,-1,-1,0,0,923,1,-1,-1,-1,-1,-1,2,0,0,0,0,0,2,0,15,3,9,41.79398135,-87.68414174
0,432435,-1,30,0,0,0,1,12,2,-1,0,0,0,0,1,-1,-1,21,23,1433,-1,-1,-1,-1,-1,-1,2,0,0,0,0,0,2,0,15,3,9,41.90997018,-87.66782163