MOST_SEVERE_INJURY,RD_NO,CRASH_DATE_EST_I,POSTED_SPEED_LIMIT,TRAFFIC_CONTROL_DEVICE,DEVICE_CONDITION,WEATHER_CONDITION,LIGHTING_CONDITION,FIRST_CRASH_TYPE,TRAFFICWAY_TYPE,LANE_CNT,ALIGNMENT,ROADWAY_SURFACE_COND,ROAD_DEFECT,CRASH_TYPE,INTERSECTION_RELATED_I,NOT_RIGHT_OF_WAY_I,HIT_AND_RUN_I,PRIM_CONTRIBUTORY_CAUSE,SEC_CONTRIBUTORY_CAUSE,BEAT_OF_OCCURRENCE,PHOTOS_TAKEN_I,STATEMENTS_TAKEN_I,DOORING_I,WORK_ZONE_I,WORK_ZONE_TYPE,WORKERS_PRESENT_I,NUM_UNITS,INJURIES_TOTAL,INJURIES_FATAL,INJURIES_INCAPACITATING,INJURIES_NON_INCAPACITATING,INJURIES_REPORTED_NOT_EVIDENT,INJURIES_NO_INDICATION,INJURIES_UNKNOWN,CRASH_HOUR,CRASH_DAY_OF_WEEK,CRASH_MONTH,LATITUDE,LONGITUDE
0,431339,-1,30,0,0,0,1,7,6,1,0,0,0,0,-1,-1,1,0,-1,2532,-1,-1,-1,-1,-1,-1,2,0,0,0,0,0,1,0,15,3,9,41.91213333,-87.76201674
0,431343,-1,30,2,2,0,1,7,5,2,0,0,0,0,-1,-1,-1,0,0,1933,-1,-1,-1,-1,-1,-1,2,0,0,0,0,0,2,0,15,3,9,41.93524756,-87.65409476
0,431272,-1,30,2,2,0,1,12,5,4,3,0,0,1,-1,-1,1,0,0,911,-1,-1,-1,-1,-1,-1,2,0,0,0,0,0,4,0,15,3,9,41.82266449,-87.70456343
0,432570,-1,30,0,0,0,1,10,5,2,0,0,-1,0,-1,-1,-1,18,0,412,-1,-1,-1,-1,-1,-1,2,0,0,0,0,0,2,0,15,3,9,41.73361947,-87.56828541
0,432418,-1,30,0,0,0,1,7,5,-1,0,0,0,0,-1,-1,-1,0,0,1834,-1,-1,-1,-1,-1,-1,2,0,0,0,0,0,2,0,15,3,9,41.89485296,-87.6229018
0,432358,-1,30,0,0,0,1,7,12,-1,0,0,0,0,-1,-1,1,0,-1,1424,-1,-1,-1,-1,-1,-1,2,0,0,0,0,0,1,0,15,3,9,41.90426431,-87.67520956
2,431296,-1,30,1,2,0,1,14,5,-1,0,0,0,1,1,-1,-1,3,-1,1433,-1,-1,-1,-1,-1,-1,2,1,0,0,1,0,4,0,15,3,9,41.91614728,-87.66794735
0,431291,-1,35,0,0,0,1,10,5,2,0,0,0,0,-1,-1,1,0,0,822,-1,-1,-1,-1,-1,-1,2,0,0,0,0,0,2,0,15,3,9,41.78979082,-87.70359877
0,431247,-1,25,0,0,0,1,7,5,-1,0,0,0,0,-1,-1,1,0,0,915,-1,-1,-1,-1,-1,-1,2,0,0,0,0,0,1,0,15,3,9,41.82392161,-87.65094401
1,431205,-1,30,0,0,0,1,10,2,2,0,0,0,1,-1,-1,-1,0,-1,331,-1,-1,-1,-1,-1,-1,2,1,0,0,0,1,2,0,14,3,9,41.76733163,-87.56664891
0,431274,-1,30,0,0,0,1,7,6,-1,0,0,0,0,-1,-1,-1,11,-1,531,-1,-1,-1,-1,-1,-1,2,0,0,0,0,0,2,0,14,3,9,41.68658195,-87.61548073
0,431207,-1,30,0,0,0,1,14,6,4,0,0,-1,0,-1,-1,-1,0,0,622,-1,-1,-1,-1,-1,-1,2,0,0,0,0,0,2,0,14,3,9,41.73653007,-87.62559775
0,431195,-1,30,0,0,0,1,7,7,-1,0,0,0,0,-1,1,-1,0,0,2432,-1,-1,-1,-1,-1,-1,2,0,0,0,0,0,1,0,14,3,9,41.99814572,-87.67046302
0,431405,-1,30,0,0,0,1,7,5,2,0,0,0,0,-1,-1,-1,17,0,833,-1,-1,-1,-1,-1,-1,2,0,0,0,0,0,2,0,14,3,9,41.77151945,-87.72025022
0,431371,-1,30,2,2,0,1,7,6,1,0,0,0,0,-1,-1,1,0,0,925,-1,-1,-1,-1,-1,-1,2,0,0,0,0,0,1,0,14,3,9,41.81709655,-87.63879552
2,431228,-1,30,0,0,0,1,0,5,2,0,0,0,1,-1,-1,-1,17,-1,1215,-1,-1,-1,-1,-1,-1,2,1,0,0,1,0,4,0,14,3,9,41.89238903,-87.66147405
0,431220,-1,30,0,0,0,1,7,5,4,0,0,0,1,-1,-1,-1,12,0,2211,-1,-1,-1,-1,-1,-1,2,0,0,0,0,0,1,0,14,3,9,41.68570487,-87.72026357
2,431190,-1,25,0,0,0,1,14,5,2,0,0,0,1,-1,-1,-1,17,-1,1215,-1,-1,-1,-1,-1,-1,2,1,0,0,1,0,1,0,14,3,9,41.89081684,-87.67068816
0,431224,-1,35,1,2,0,1,14,3,-1,0,0,0,0,-1,-1,-1,23,-1,132,-1,-1,-1,-1,-1,-1,2,0,0,0,0,0,4,0,14,3,9,41.85277416,-87.62275885
0,431264,-1,30,0,0,0,1,10,5,2,0,0,0,0,-1,-1,1,15,18,523,-1,-1,-1,-1,-1,-1,2,0,0,0,0,0,5,0,14,3,9,41.6631821,-87.64156527
0,431221,-1,30,1,2,0,1,10,2,2,0,0,0,0,1,-1,-1,18,21,715,-1,-1,-1,-1,-1,-1,2,0,0,0,0,0,2,0,14,3,9,41.79359012,-87.664721
0,431194,-1,30,0,0,0,1,12,2,4,0,0,-1,0,-1,-1,-1,21,0,613,-1,-1,-1,-1,-1,-1,2,0,0,0,0,0,3,0,14,3,9,41.73611661,-87.64826717
0,431437,-1,30,0,0,0,1,14,0,1,0,0,-1,0,-1,-1,-1,12,0,634,-1,-1,-1,-1,-1,-1,2,0,0,0,0,0,2,0,14,3,9,41.7219451,-87.62520208
0,431185,-1,30,1,2,0,1,12,5,4,0,0,0,0,-1,-1,-1,22,17,211,-1,-1,-1,-1,-1,-1,2,0,0,0,0,0,2,0,14,3,9,41.83118003,-87.62061245
2,431327,-1,35,2,2,0,1,14,2,-1,0,0,-1,1,-1,-1,-1,0,24,2534,-1,-1,-1,-1,-1,-1,2,1,0,0,1,0,1,0,14,3,9,41.90625027,-87.72655677
0,431249,-1,35,0,0,0,1,3,5,2,0,0,0,0,-1,-1,-1,0,0,2534,-1,-1,-1,-1,-1,-1,2,0,0,0,0,0,2,0,14,3,9,41.90818736,-87.72652548
1,431208,-1,30,1,2,0,1,10,3,4,0,0,0,1,1,-1,-1,0,-1,1224,-1,-1,-1,-1,-1,-1,2,1,0,0,0,1,1,0,14,3,9,41.88150338,-87.65729516
0,431183,-1,35,1,2,0,1,10,5,-1,0,0,0,0,-1,-1,-1,18,0,1921,-1,-1,-1,-1,-1,-1,2,0,0,0,0,0,2,0,13,3,9,41.94662323,-87.68802683
0,431139,-1,30,0,12,0,1,7,5,-1,0,0,0,0,-1,-1,-1,0,0,2431,-1,-1,-1,-1,-1,-1,2,0,0,0,0,0,1,0,13,3,9,42.00636409,-87.66101346
0,431761,1,30,2,-1,0,1,8,5,2,0,0,-1,0,1,-1,-1,0,-1,2022,-1,-1,-1,-1,-1,-1,2,0,0,0,0,0,2,0,13,3,9,41.98376648,-87.65811162
0,433738,1,30,0,0,0,1,8,5,-1,0,0,0,0,-1,-1,-1,17,-1,2023,-1,-1,-1,-1,-1,-1,2,0,0,0,0,0,2,0,13,3,9,41.98357123,-87.65675393
0,431192,-1,30,1,2,0,1,12,5,4,0,0,0,0,1,-1,1,0,0,925,-1,-1,-1,-1,-1,-1,2,0,0,0,0,0,2,0,13,3,9,41.80919366,-87.64569662
0,431170,-1,25,2,2,0,1,10,6,-1,0,0,0,0,-1,-1,-1,18,-1,2031,-1,-1,-1,-1,-1,-1,2,0,0,0,0,0,3,0,13,3,9,41.97241597,-87.68544832
0,431155,-1,30,1,2,0,1,10,6,2,0,0,0,0,1,-1,-1,18,-1,112,-1,-1,-1,-1,-1,-1,2,0,0,0,0,0,2,0,13,3,9,41.87975888,-87.62950352
0,431140,-1,30,1,2,0,1,10,5,2,0,0,0,0,1,-1,-1,18,16,2515,-1,-1,-1,-1,-1,-1,2,0,0,0,0,0,2,0,13,3,9,41.92049827,-87.76600543
0,431218,-1,30,1,2,0,1,14,3,6,0,0,0,0,1,-1,-1,23,11,1833,-1,-1,-1,-1,-1,-1,2,0,0,0,0,0,2,0,13,3,9,41.89834229,-87.62424813
2,431138,-1,30,0,0,0,1,2,5,2,0,0,0,1,-1,1,-1,8,8,233,-1,-1,-1,-1,-1,-1,1,1,0,0,1,0,0,0,13,3,9,41.79367117,-87.61580662
0,439391,-1,25,0,0,0,1,10,5,-1,0,0,0,0,-1,-1,-1,0,0,2424,-1,-1,-1,-1,-1,-1,2,0,0,0,0,0,2,0,13,3,9,42.01138021,-87.68244332
0,433493,-1,30,0,0,0,1,12,2,4,0,0,0,0,-1,-1,1,2,21,2533,-1,-1,-1,-1,-1,-1,2,0,0,0,0,0,2,0,13,3,9,41.90975561,-87.74460633
0,431287,-1,30,0,0,0,1,7,5,-1,0,0,0,0,-1,-1,1,-1,-1,922,-1,-1,-1,-1,-1,-1,2,0,0,0,0,0,1,0,13,3,9,41.81515907,-87.70227318
0,431130,-1,30,1,2,0,1,12,5,4,0,0,0,1,1,-1,-1,21,-1,1621,-1,-1,-1,-1,-1,-1,2,0,0,0,0,0,2,0,13,3,9,41.99851522,-87.76352266
1,431116,-1,30,2,2,0,1,10,2,-1,0,0,0,1,-1,-1,-1,18,-1,834,-1,-1,-1,-1,-1,-1,3,1,0,0,0,1,3,0,13,3,9,41.74898657,-87.74119687
0,431107,-1,25,0,0,0,1,2,5,-1,0,0,0,0,-1,-1,-1,0,-1,1723,-1,-1,-1,-1,-1,-1,2,0,0,0,0,0,1,0,13,3,9,41.95575884,-87.71496612
2,431094,-1,30,0,0,0,1,8,6,2,0,0,0,1,-1,-1,-1,22,-1,122,-1,-1,-1,-1,-1,-1,2,1,0,0,1,0,1,0,13,3,9,41.88570004,-87.63378225
0,431073,1,15,0,0,0,1,7,7,-1,0,0,0,0,-1,-1,1,0,0,225,-1,-1,-1,-1,-1,-1,2,0,0,0,0,0,1,0,13,3,9,41.80181109,-87.63056018
0,431120,-1,25,0,0,0,1,7,6,1,0,0,0,0,-1,-1,-1,11,-1,2413,-1,-1,-1,-1,-1,-1,2,0,0,0,0,0,1,0,13,3,9,41.99505581,-87.70061865
0,431085,-1,15,0,0,0,1,12,6,1,0,0,0,0,-1,-1,-1,0,-1,1522,-1,-1,-1,-1,-1,-1,2,0,0,0,0,0,2,0,13,3,9,41.88046293,-87.76027214
0,431056,-1,20,2,2,0,1,0,2,-1,0,0,0,0,-1,-1,1,5,0,1034,-1,-1,-1,-1,-1,-1,2,0,0,0,0,0,2,0,13,3,9,41.84486489,-87.69041379
3,431061,-1,30,1,2,0,1,14,5,4,0,0,0,1,1,-1,-1,17,23,1712,-1,-1,-1,-1,-1,-1,2,1,0,1,0,0,1,0,12,3,9,41.98289915,-87.71367831
2,431070,-1,30,0,0,0,1,8,2,4,0,0,0,1,-1,-1,-1,17,16,1221,-1,-1,-1,-1,-1,-1,2,1,0,0,1,0,1,0,12,3,9,41.89578388,-87.67800686
0,431082,-1,30,0,0,0,1,10,2,-1,0,0,0,0,-1,-1,-1,0,-1,412,-1,-1,-1,-1,-1,-1,2,0,0,0,0,0,2,0,12,3,9,41.73727403,-87.58578201
0,431058,-1,30,1,-1,0,1,2,5,-1,0,0,0,0,-1,-1,-1,0,-1,432,-1,-1,-1,-1,-1,-1,1,0,0,0,0,0,1,0,12,3,9,41.70264358,-87.54003995
0,431030,-1,10,0,0,0,1,14,7,1,0,0,0,0,-1,-1,-1,23,-1,1033,-1,-1,-1,-1,-1,-1,2,0,0,0,0,0,2,0,12,3,9,41.85165629,-87.70519089
0,434316,-1,30,0,0,0,1,7,5,-1,0,0,0,0,-1,-1,-1,0,-1,1833,-1,-1,-1,-1,-1,-1,2,0,0,0,0,0,1,0,12,3,9,41.8969423,-87.61736622
0,432310,-1,30,0,0,0,1,7,6,-1,0,0,0,0,-1,-1,-1,0,-1,2513,-1,-1,-1,-1,-1,-1,2,0,0,0,0,0,1,0,12,3,9,41.9098199,-87.78351035
0,431060,1,2,0,0,0,1,7,5,2,0,0,0,0,-1,-1,1,0,0,1214,-1,-1,-1,-1,-1,-1,2,0,0,0,0,0,1,0,12,3,9,41.89154382,-87.65594818
0,431039,-1,15,0,-1,0,1,7,7,-1,0,0,0,0,-1,1,-1,0,-1,1722,-1,-1,-1,-1,-1,-1,2,0,0,0,0,0,1,0,12,3,9,41.96326484,-87.73722716
0,431011,-1,30,2,2,0,1,0,5,2,0,0,0,0,1,-1,1,17,-1,2412,-1,-1,-1,-1,-1,-1,2,0,0,0,0,0,4,0,12,3,9,41.99783727,-87.68881389
0,432806,0,30,0,0,0,1,7,6,1,0,0,0,0,-1,-1,1,16,0,1732,-1,-1,-1,-1,-1,-1,2,0,0,0,0,0,1,0,12,3,9,41.94472968,-87.72231624
0,431014,-1,20,0,0,0,1,0,6,1,0,0,0,0,1,-1,-1,17,-1,2534,-1,-1,-1,-1,-1,-1,2,0,0,0,0,0,3,0,12,3,9,41.91654638,-87.73249326
0,440293,-1,30,0,0,-1,-1,2,0,-1,0,-1,-1,0,-1,1,-1,-1,-1,1935,-1,-1,-1,-1,-1,-1,1,0,0,0,0,0,1,0,12,3,9,41.93264531,-87.63948587
0,431131,-1,30,0,0,0,1,0,5,1,0,0,0,0,-1,-1,-1,0,0,1624,-1,-1,-1,-1,-1,-1,3,0,0,0,0,0,2,0,12,3,9,41.95717642,-87.74777561
0,431087,-1,30,0,0,0,1,7,3,-1,0,0,0,0,-1,-1,1,25,-1,2221,-1,-1,-1,-1,-1,-1,2,0,0,0,0,0,1,0,12,3,9,41.72133996,-87.66152761
0,431028,-1,15,0,0,0,1,10,7,-1,0,0,0,0,-1,-1,-1,0,0,1034,-1,-1,-1,-1,-1,-1,2,0,0,0,0,0,4,0,12,3,9,41.85186827,-87.69007512
0,431026,-1,25,0,0,0,1,2,5,1,0,0,0,1,-1,1,0,14,-1,633,-1,-1,-1,-1,-1,-1,1,0,0,0,0,0,2,0,12,3,9,41.72366492,-87.60799715
0,430985,-1,30,2,2,0,1,0,2,-1,0,0,0,1,1,-1,0,17,-1,831,-1,1,-1,-1,-1,-1,2,0,0,0,0,0,2,0,11,3,9,41.77127286,-87.70310824
0,439149,-1,30,0,0,0,1,14,2,-1,0,0,0,0,-1,-1,-1,0,-1,2524,-1,-1,-1,-1,-1,-1,2,0,0,0,0,0,2,0,11,3,9,41.92520521,-87.72664562
0,430987,-1,30,2,2,0,1,0,5,2,0,0,0,0,-1,-1,-1,20,-1,133,-1,-1,-1,-1,-1,-1,2,0,0,0,0,0,5,0,11,3,9,41.83853384,-87.61364852
0,431078,-1,25,9,2,0,1,2,5,-1,0,0,0,0,-1,-1,-1,3,-1,922,-1,-1,-1,1,0,1,1,0,0,0,0,0,1,0,11,3,9,41.81183585,-87.69323749
0,431053,-1,30,1,2,0,1,0,6,3,0,0,0,0,-1,-1,-1,6,-1,122,-1,-1,-1,-1,-1,-1,2,0,0,0,0,0,2,0,11,3,9,41.88332002,-87.63393327
1,430946,-1,30,0,0,0,1,12,5,2,0,0,0,1,-1,-1,1,22,0,1132,-1,-1,-1,-1,-1,-1,2,1,0,0,0,1,1,0,11,3,9,41.87097093,-87.72549674
0,432194,-1,30,0,0,0,1,10,5,-1,0,0,0,0,-1,-1,-1,0,0,1431,-1,-1,-1,-1,-1,-1,2,0,0,0,0,0,2,0,11,3,9,41.92672585,-87.68785629
0,431015,-1,15,0,0,0,1,14,7,-1,0,0,0,0,-1,-1,-1,10,-1,432,-1,-1,-1,-1,-1,-1,2,0,0,0,0,0,2,0,11,3,9,41.70257328,-87.52509414
0,430973,-1,20,0,0,0,1,11,5,2,0,0,0,0,-1,-1,-1,0,-1,124,-1,-1,-1,-1,-1,-1,2,0,0,0,0,0,2,0,11,3,9,41.86965018,-87.63893557
0,432396,-1,30,1,2,0,1,10,5,-1,0,0,-1,0,1,-1,-1,0,0,712,-1,-1,-1,-1,-1,-1,2,0,0,0,0,0,2,0,11,3,9,41.78333849,-87.64502295
0,431245,-1,20,0,0,0,1,14,7,-1,0,0,0,0,-1,-1,-1,23,-1,124,-1,-1,-1,-1,-1,-1,2,0,0,0,0,0,2,0,11,3,9,41.86966406,-87.63776272
0,430970,-1,25,0,0,0,1,10,6,-1,0,0,0,0,-1,-1,-1,0,0,815,-1,-1,-1,-1,-1,-1,2,0,0,0,0,0,2,0,11,3,9,41.80413548,-87.74198749
0,431049,-1,30,1,2,0,1,10,2,-1,0,0,0,0,1,-1,-1,18,-1,923,-1,-1,-1,-1,-1,-1,2,0,0,0,0,0,3,0,11,3,9,41.79651536,-87.68395817
2,430898,-1,30,0,0,0,1,9,2,2,0,0,0,1,1,-1,-1,4,4,911,-1,-1,-1,-1,-1,-1,2,1,0,0,1,0,1,0,11,3,9,41.82559556,-87.70463086
0,435199,-1,30,0,0,-1,-1,7,5,-1,0,-1,-1,0,-1,-1,1,17,-1,1623,-1,-1,-1,-1,-1,-1,2,0,0,0,0,0,1,0,11,3,9,41.97506753,-87.76203924
1,432554,-1,0,0,0,0,1,9,7,0,0,0,0,1,-1,-1,-1,0,-1,2533,-1,-1,-1,-1,-1,-1,2,1,0,0,0,1,1,0,11,3,9,41.90958301,-87.74073549
0,430908,-1,30,0,0,0,1,12,5,2,0,0,0,0,-1,-1,-1,22,-1,1533,-1,-1,-1,-1,-1,-1,2,0,0,0,0,0,2,0,11,3,9,41.87193547,-87.74507837
0,430902,-1,30,0,0,0,1,10,5,-1,0,0,0,0,-1,-1,-1,18,-1,512,-1,-1,-1,-1,-1,-1,2,0,0,0,0,0,3,0,11,3,9,41.70090421,-87.62826085
0,430897,-1,35,0,0,0,1,7,2,-1,0,0,0,0,-1,-1,1,21,11,1713,-1,-1,-1,-1,-1,-1,2,0,0,0,0,0,1,0,10,3,9,41.96832402,-87.71046335
0,430883,-1,30,0,0,0,1,4,6,2,0,0,1,0,-1,-1,-1,-1,-1,1124,-1,-1,-1,-1,-1,-1,1,0,0,0,0,0,1,0,10,3,9,41.87606338,-87.69866525
0,430886,-1,30,-1,-1,0,1,10,2,5,0,0,0,0,-1,-1,1,0,-1,111,-1,-1,-1,-1,-1,-1,2,0,0,0,0,0,2,0,10,3,9,41.88676159,-87.6261902
0,450638,-1,30,0,0,0,1,7,5,-1,0,0,0,0,-1,-1,1,0,0,735,-1,-1,-1,-1,-1,-1,2,0,0,0,0,0,1,0,10,3,9,41.76245376,-87.66724659
0,431620,-1,15,0,0,0,1,7,7,3,0,-1,-1,0,-1,1,1,0,0,622,-1,-1,-1,-1,-1,-1,2,0,0,0,0,0,1,0,10,3,9,41.74257762,-87.63393693
0,431229,-1,15,0,0,0,1,7,6,1,0,0,0,0,-1,-1,1,0,0,1713,-1,-1,-1,-1,-1,-1,2,0,0,0,0,0,1,0,10,3,9,41.96670652,-87.70979286
0,430957,-1,0,0,0,0,1,7,5,2,0,0,0,1,-1,-1,1,27,0,223,-1,-1,-1,-1,-1,-1,2,0,0,0,0,0,1,0,10,3,9,41.80350132,-87.60992607
0,430919,-1,15,0,0,0,1,7,7,-1,0,0,0,0,-1,1,1,11,16,2221,-1,-1,-1,-1,-1,-1,2,0,0,0,0,0,1,0,10,3,9,41.7356424,-87.66291513
0,430894,-1,35,0,0,0,1,2,12,1,2,-1,-1,0,-1,1,-1,0,0,1011,-1,-1,-1,-1,-1,-1,1,0,0,0,0,0,1,0,10,3,9,41.86592916,-87.73453081
0,430890,-1,30,0,0,0,1,14,5,2,0,0,0,0,-1,-1,-1,0,0,1522,-1,-1,-1,-1,-1,-1,2,0,0,0,0,0,2,0,10,3,9,41.88048075,-87.75513043
2,430873,-1,30,1,2,0,1,10,2,2,2,0,0,1,1,-1,-1,18,7,1213,-1,-1,-1,-1,-1,-1,2,1,0,0,1,0,1,0,10,3,9,41.90315027,-87.65779777
0,431391,1,25,0,0,0,-1,7,6,1,0,0,0,0,-1,-1,1,18,16,1212,-1,-1,-1,-1,-1,-1,2,0,0,0,0,0,1,0,10,3,9,41.89924301,-87.6892458
2,430866,-1,30,1,2,0,1,8,5,2,0,0,0,1,1,-1,-1,33,0,1212,-1,-1,-1,-1,-1,-1,2,1,0,0,1,0,1,0,10,3,9,41.89935409,-87.68216441
0,430831,-1,30,1,2,0,1,10,2,4,0,0,0,0,-1,-1,1,0,-1,2534,-1,-1,-1,-1,-1,-1,2,0,0,0,0,0,2,0,10,3,9,41.90625887,-87.72635348
0,448409,-1,15,0,0,-1,-1,7,7,-1,0,-1,-1,0,-1,-1,-1,0,-1,924,-1,-1,-1,-1,-1,-1,2,0,0,0,0,0,1,0,10,3,9,41.82303483,-87.67252164
0,432202,-1,15,0,0,0,0,7,5,-1,0,0,0,0,-1,-1,1,0,0,1732,-1,-1,-1,-1,-1,-1,2,0,0,0,0,0,1,0,10,3,9,41.94332089,-87.71766963
0,430943,-1,30,0,0,0,1,12,6,2,0,0,-1,0,-1,-1,-1,0,0,225,-1,-1,-1,-1,-1,-1,2,0,0,0,0,0,2,0,10,3,9,41.79420061,-87.62538927
0,430848,-1,30,0,0,0,1,12,5,-1,0,0,0,0,-1,-1,-1,0,0,2423,-1,-1,-1,-1,-1,-1,2,0,0,0,0,0,3,0,10,3,9,42.01171988,-87.6630402
0,430841,-1,35,1,2,0,1,10,5,4,0,0,0,0,-1,-1,-1,0,-1,914,-1,-1,-1,-1,-1,-1,2,0,0,0,0,0,2,0,10,3,9,41.8529657,-87.63175599
0,431855,-1,10,0,0,0,0,2,12,1,3,0,0,1,-1,-1,-1,-1,-1,1012,-1,-1,-1,-1,-1,-1,1,0,0,0,0,0,1,0,9,3,9,41.85577153,-87.7338879
0,430834,-1,30,0,0,0,1,7,5,2,0,0,0,0,-1,-1,1,0,0,914,-1,-1,-1,-1,-1,-1,2,0,0,0,0,0,1,0,9,3,9,41.84578061,-87.641437
0,438167,-1,30,0,0,0,1,12,5,2,0,0,0,0,-1,-1,-1,17,17,1032,-1,-1,-1,-1,-1,-1,2,0,0,0,0,0,2,0,9,3,9,41.84431927,-87.71249382
0,430822,-1,30,0,12,0,1,12,2,-1,0,0,0,0,-1,-1,0,30,-1,1421,-1,-1,-1,-1,-1,-1,2,0,0,0,0,0,2,0,9,3,9,41.91029181,-87.70071418
0,430797,-1,30,10,0,0,1,2,3,2,0,0,0,1,-1,1,-1,0,11,925,-1,-1,-1,-1,-1,-1,1,0,0,0,0,0,1,0,9,3,9,41.819165,-87.63653751
0,430806,-1,30,2,0,0,1,14,5,-1,0,0,0,0,1,-1,-1,23,17,1412,-1,-1,-1,-1,-1,-1,2,0,0,0,0,0,3,0,9,3,9,41.93311809,-87.71427584
0,430800,-1,45,0,0,0,1,10,3,4,0,0,0,0,-1,-1,-1,18,18,1824,-1,-1,-1,-1,-1,-1,2,0,0,0,0,0,2,0,9,3,9,41.90959743,-87.62631221
0,430784,-1,30,1,2,0,1,14,2,4,0,0,0,0,-1,-1,-1,21,17,1613,-1,-1,-1,-1,-1,-1,2,0,0,0,0,0,2,0,9,3,9,-1,-1
0,430796,-1,30,0,0,0,1,12,5,-1,0,0,0,0,-1,-1,-1,0,0,821,-1,-1,-1,-1,-1,-1,2,0,0,0,0,0,2,0,9,3,9,41.81835415,-87.72380301
0,430780,-1,30,2,2,0,1,14,5,4,0,0,0,0,-1,-1,-1,23,-1,2031,-1,-1,-1,-1,-1,-1,2,0,0,0,0,0,2,0,9,3,9,41.97467298,-87.68925531
0,430830,1,30,1,-1,-1,1,10,5,4,3,-1,-1,0,1,-1,-1,-1,-1,331,-1,-1,-1,-1,-1,-1,2,0,0,0,0,0,2,0,9,3,9,41.77343857,-87.56689931
0,430789,-1,30,0,0,0,1,7,2,2,0,0,0,1,-1,-1,-1,0,0,1733,-1,-1,-1,-1,-1,-1,2,0,0,0,0,0,1,0,9,3,9,41.93952018,-87.69487926
0,430776,-1,30,2,2,0,1,2,2,-1,3,0,0,1,-1,-1,-1,11,-1,834,-1,-1,-1,-1,-1,-1,1,0,0,0,0,0,1,0,9,3,9,41.7420615,-87.73504107
0,430870,-1,30,0,0,0,1,12,3,-1,0,0,0,0,-1,-1,1,22,-1,813,-1,-1,-1,-1,-1,-1,2,0,0,0,0,0,2,0,9,3,9,41.78932932,-87.74164564
0,430828,-1,30,1,2,0,1,12,2,-1,0,0,0,0,-1,-1,1,0,-1,2523,-1,-1,-1,-1,-1,-1,2,0,0,0,0,0,2,0,9,3,9,41.93550532,-87.71772307
0,430778,-1,30,12,2,0,1,12,2,3,0,0,0,0,0,-1,-1,22,16,121,-1,-1,-1,-1,-1,-1,2,0,0,0,0,0,16,0,9,3,9,41.88193087,-87.64405661
2,430772,-1,30,0,0,0,1,8,2,-1,0,0,0,1,-1,-1,-1,18,18,122,-1,-1,-1,-1,-1,-1,2,1,0,0,1,0,1,0,9,3,9,41.88243401,-87.63103701
0,430770,-1,30,1,2,0,1,10,5,4,0,0,0,0,-1,-1,1,0,0,921,-1,-1,-1,-1,-1,-1,2,0,0,0,0,0,3,0,9,3,9,41.82296363,-87.68438479
0,430744,-1,35,1,2,0,1,14,5,-1,0,0,0,1,1,-1,-1,17,-1,923,-1,-1,-1,-1,-1,-1,2,0,0,0,0,0,2,0,9,3,9,41.80125749,-87.68428112
0,430893,-1,35,1,2,0,1,10,3,-1,0,0,0,0,1,-1,1,0,-1,1133,-1,-1,-1,-1,-1,-1,2,0,0,0,0,0,2,0,8,3,9,41.87716429,-87.72046426
0,430736,-1,30,0,0,0,1,14,2,-1,0,0,0,0,1,-1,-1,23,-1,823,-1,1,-1,-1,-1,-1,2,0,0,0,0,0,6,0,8,3,9,41.77719158,-87.70295018
0,430751,-1,30,0,0,0,1,10,2,2,0,0,3,0,-1,-1,-1,0,0,513,-1,-1,-1,-1,-1,-1,2,0,0,0,0,0,2,0,8,3,9,41.69230074,-87.59768232
0,430740,-1,30,0,0,0,1,10,2,-1,0,0,0,0,-1,-1,-1,0,0,1931,-1,-1,-1,-1,-1,-1,2,0,0,0,0,0,4,0,8,3,9,41.93933809,-87.68906652
0,430794,-1,30,0,0,0,1,8,2,2,0,0,0,0,-1,-1,-1,11,22,1925,-1,-1,-1,-1,-1,-1,2,0,0,0,0,0,2,0,8,3,9,41.94046476,-87.64455986
0,430769,-1,30,2,2,0,1,0,5,2,0,0,0,0,-1,-1,-1,5,5,1223,-1,-1,-1,-1,-1,-1,2,0,0,0,0,0,2,0,8,3,9,41.88666375,-87.67666673
0,430768,-1,30,0,0,0,1,12,2,-1,0,0,0,0,-1,-1,-1,0,0,814,-1,-1,-1,-1,-1,-1,2,0,0,0,0,0,2,0,8,3,9,41.81676122,-87.74353833
0,430723,-1,30,0,0,-1,-1,7,5,2,0,-1,0,0,-1,-1,1,0,-1,726,-1,-1,-1,-1,-1,-1,2,0,0,0,0,0,1,0,8,3,9,41.77506391,-87.67730797
0,430754,-1,30,0,0,0,1,2,5,-1,0,0,0,0,-1,-1,1,-1,-1,2535,-1,-1,-1,-1,-1,-1,1,0,0,0,0,0,1,0,8,3,9,41.91036065,-87.72253558
0,436588,-1,55,0,0,0,1,10,3,6,0,0,0,0,-1,-1,-1,17,-1,414,-1,-1,-1,-1,-1,-1,2,0,0,0,0,0,2,0,8,3,9,-1,-1
0,430707,-1,30,2,2,0,1,0,6,1,0,0,0,0,1,-1,-1,17,-1,1723,-1,-1,-1,-1,-1,-1,2,0,0,0,0,0,2,0,8,3,9,41.95759785,-87.71308488
0,430904,-1,30,2,2,0,1,9,5,-1,0,0,0,0,-1,-1,-1,0,0,2424,-1,-1,-1,-1,-1,-1,2,0,0,0,0,0,3,0,8,3,9,42.00880143,-87.6781591
0,430720,-1,30,0,0,0,1,12,5,-1,0,0,0,0,-1,-1,-1,0,0,1533,-1,-1,-1,-1,-1,-1,2,0,0,0,0,0,2,0,8,3,9,41.87324546,-87.74511718