MOST_SEVERE_INJURY,RD_NO,CRASH_DATE_EST_I,POSTED_SPEED_LIMIT,TRAFFIC_CONTROL_DEVICE,DEVICE_CONDITION,WEATHER_CONDITION,LIGHTING_CONDITION,FIRST_CRASH_TYPE,TRAFFICWAY_TYPE,LANE_CNT,ALIGNMENT,ROADWAY_SURFACE_COND,ROAD_DEFECT,CRASH_TYPE,INTERSECTION_RELATED_I,NOT_RIGHT_OF_WAY_I,HIT_AND_RUN_I,PRIM_CONTRIBUTORY_CAUSE,SEC_CONTRIBUTORY_CAUSE,BEAT_OF_OCCURRENCE,PHOTOS_TAKEN_I,STATEMENTS_TAKEN_I,DOORING_I,WORK_ZONE_I,WORK_ZONE_TYPE,WORKERS_PRESENT_I,NUM_UNITS,INJURIES_TOTAL,INJURIES_FATAL,INJURIES_INCAPACITATING,INJURIES_NON_INCAPACITATING,INJURIES_REPORTED_NOT_EVIDENT,INJURIES_NO_INDICATION,INJURIES_UNKNOWN,CRASH_HOUR,CRASH_DAY_OF_WEEK,CRASH_MONTH,LATITUDE,LONGITUDE
0,430712,-1,35,0,0,0,1,7,3,-1,0,0,0,0,-1,-1,1,16,0,2222,-1,-1,-1,-1,-1,-1,2,0,0,0,0,0,2,0,8,3,9,41.72144626,-87.6528884
2,430693,-1,30,1,2,0,1,14,5,2,0,0,0,1,1,-1,-1,17,11,434,-1,-1,-1,-1,-1,-1,2,2,0,0,1,1,0,0,8,3,9,41.70807743,-87.55980687
0,431325,-1,25,0,0,0,1,7,6,1,0,0,0,0,-1,-1,-1,20,0,831,-1,-1,-1,-1,-1,-1,2,0,0,0,0,0,1,0,8,3,9,41.77390682,-87.6970673
0,430741,-1,30,2,2,0,1,0,5,2,0,0,0,1,1,-1,-1,0,0,432,-1,-1,-1,-1,-1,-1,2,0,0,0,0,0,2,0,8,3,9,41.7081243,-87.53664299
0,430706,-1,30,0,0,0,1,10,5,2,0,0,0,0,-1,-1,-1,18,-1,1814,-1,-1,-1,-1,-1,-1,2,0,0,0,0,0,2,0,8,3,9,41.91645083,-87.63574976
2,430709,-1,30,2,2,0,1,14,2,2,0,0,0,1,1,-1,-1,18,16,1231,-1,-1,-1,-1,-1,-1,2,1,0,0,1,0,2,0,8,3,9,41.87678099,-87.65957074
0,430689,-1,30,1,2,0,1,12,3,2,0,0,0,0,1,-1,-1,21,-1,132,-1,-1,-1,-1,-1,-1,2,0,0,0,0,0,2,0,8,3,9,41.85297603,-87.62377487
0,430711,-1,30,0,0,0,1,14,6,-1,0,0,0,0,1,-1,-1,10,-1,1431,-1,-1,-1,-1,-1,-1,2,0,0,0,0,0,2,0,8,3,9,41.91969266,-87.68762594
3,430710,-1,30,1,2,0,1,10,5,-1,0,0,0,1,-1,-1,-1,0,-1,1231,-1,-1,-1,-1,-1,-1,2,1,0,1,0,0,4,0,8,3,9,41.86697172,-87.66597056
0,444049,-1,30,0,0,0,1,10,2,-1,0,0,-1,0,-1,-1,-1,0,0,1431,-1,-1,-1,-1,-1,-1,2,0,0,0,0,0,2,0,8,3,9,41.92500994,-87.68770475
0,434725,-1,30,1,2,0,1,10,12,3,0,0,0,0,-1,-1,-1,-1,-1,324,-1,-1,-1,-1,-1,-1,2,0,0,0,0,0,2,0,8,3,9,41.7657235,-87.58576708
0,431670,-1,35,0,0,0,1,0,12,-1,0,0,0,0,-1,-1,1,0,0,234,-1,-1,-1,-1,-1,-1,2,0,0,0,0,0,2,0,8,3,9,41.79577269,-87.58557357
0,430808,-1,0,0,0,0,1,7,5,2,0,0,0,0,-1,-1,-1,22,0,1434,-1,-1,-1,-1,-1,-1,2,0,0,0,0,0,1,0,8,3,9,41.91199905,-87.69016101
-1,430804,-1,5,0,0,0,1,7,7,-1,0,0,0,0,-1,0,-1,0,0,1814,-1,-1,-1,-1,-1,-1,2,-1,-1,-1,-1,-1,-1,-1,8,3,9,41.91405777,-87.63196835
0,430708,-1,30,0,0,0,1,12,5,-1,0,0,0,0,-1,-1,-1,0,0,834,-1,-1,-1,-1,-1,-1,2,0,0,0,0,0,2,0,8,3,9,41.73608306,-87.72065386
0,430704,-1,30,0,0,0,1,12,2,-1,0,0,0,0,-1,-1,-1,0,-1,2515,-1,-1,-1,-1,-1,-1,2,0,0,0,0,0,2,0,8,3,9,41.91743655,-87.75802093
0,430698,-1,30,1,2,0,1,10,2,-1,0,0,0,0,-1,-1,-1,0,0,1911,-1,-1,-1,-1,-1,-1,2,0,0,0,0,0,2,0,8,3,9,41.95419359,-87.68367527
0,430695,-1,25,0,0,0,1,12,5,2,0,0,0,0,-1,-1,-1,22,11,1231,-1,-1,-1,-1,-1,-1,2,0,0,0,0,0,4,0,8,3,9,41.869438,-87.66239018
1,430679,-1,30,1,2,0,1,9,5,4,0,0,0,1,1,-1,-1,0,0,912,-1,-1,-1,-1,-1,-1,2,1,0,0,0,1,1,0,8,3,9,41.83585527,-87.67068589
0,430763,-1,30,0,0,0,1,12,2,2,0,0,0,0,-1,-1,1,22,21,1221,-1,-1,-1,-1,-1,-1,2,0,0,0,0,0,4,0,7,3,9,41.89583868,-87.67474732
0,430680,-1,30,2,0,0,1,0,12,-1,0,0,0,1,0,-1,-1,33,-1,511,-1,-1,-1,-1,-1,-1,2,0,0,0,0,0,2,0,7,3,9,41.70746196,-87.61127155
0,430672,-1,30,0,0,0,1,7,5,2,0,0,0,0,-1,-1,1,22,0,513,-1,-1,-1,-1,-1,-1,2,0,0,0,0,0,1,0,7,3,9,41.69972783,-87.62611363
0,430986,-1,30,1,2,0,1,10,2,5,0,0,0,0,1,-1,-1,11,0,814,-1,-1,-1,-1,-1,-1,2,0,0,0,0,0,2,0,7,3,9,41.79817768,-87.74556478
1,430964,-1,30,1,2,0,1,10,5,-1,0,0,0,1,0,-1,-1,18,18,1424,-1,-1,-1,-1,-1,-1,2,1,0,0,0,1,1,0,7,3,9,41.90719467,-87.67752223
0,430868,-1,30,2,2,0,1,0,2,-1,0,0,0,0,-1,-1,-1,0,-1,2514,-1,-1,-1,-1,-1,-1,2,0,0,0,0,0,2,0,7,3,9,41.9368409,-87.76658482
0,432972,-1,30,0,0,0,1,12,5,-1,0,0,0,0,-1,-1,-1,-1,-1,815,-1,-1,-1,-1,-1,-1,2,0,0,0,0,0,5,0,7,3,9,41.80763605,-87.73474071
0,430675,-1,15,0,0,0,1,3,0,1,0,0,0,0,-1,-1,1,20,0,1613,-1,-1,-1,-1,-1,-1,2,0,0,0,0,0,2,0,7,3,9,41.98099728,-87.80694311
0,430657,-1,30,1,2,0,1,8,5,-1,0,0,0,0,-1,-1,-1,31,0,1923,-1,-1,-1,-1,-1,-1,2,0,0,0,0,0,2,0,7,3,9,41.94742642,-87.64954043
0,431191,-1,0,0,0,0,1,10,-1,-1,0,-1,-1,0,-1,-1,-1,0,-1,1234,-1,-1,-1,-1,-1,-1,2,0,0,0,0,0,2,0,7,3,9,41.85755057,-87.67619078
0,430686,-1,30,0,0,0,1,12,3,-1,2,0,0,1,-1,-1,-1,33,-1,814,-1,-1,-1,-1,-1,-1,2,0,0,0,0,0,2,0,7,3,9,41.81733928,-87.74356786
0,430685,-1,0,0,0,0,1,7,6,1,0,0,0,0,-1,-1,-1,0,-1,2524,-1,-1,-1,-1,-1,-1,2,0,0,0,0,0,1,0,7,3,9,41.93095465,-87.7292777
0,430677,-1,15,0,0,0,1,7,12,-1,0,0,0,0,-1,1,1,0,0,512,-1,-1,-1,-1,-1,-1,2,0,0,0,0,0,1,0,7,3,9,41.70677525,-87.62365674
0,430670,-1,25,1,2,0,1,10,5,2,0,0,0,0,1,-1,-1,33,33,2433,-1,-1,-1,-1,-1,-1,2,0,0,0,0,0,2,0,7,3,9,41.99423997,-87.67514055
0,430656,-1,30,1,2,0,1,12,3,-1,0,0,0,0,1,-1,-1,-1,-1,1912,-1,-1,-1,-1,-1,-1,2,0,0,0,0,0,3,0,7,3,9,41.95477935,-87.66921047
0,431268,-1,35,1,2,0,1,10,5,-1,0,0,0,0,-1,-1,-1,16,-1,1234,-1,-1,-1,-1,-1,-1,2,0,0,0,0,0,2,0,7,3,9,41.85774799,-87.6780213
0,430663,-1,30,0,0,0,1,14,2,-1,0,0,0,1,-1,-1,-1,17,-1,2031,-1,-1,-1,-1,-1,-1,2,0,0,0,0,0,3,0,7,3,9,41.96962575,-87.68908521
1,431105,-1,45,0,0,0,1,10,3,-1,0,0,0,1,-1,-1,-1,18,-1,114,-1,-1,-1,-1,-1,-1,2,2,0,0,0,2,3,0,7,3,9,41.8870733,-87.61369511
2,430654,-1,25,0,0,0,1,7,5,2,0,0,0,1,-1,-1,-1,33,7,911,0,0,-1,-1,-1,-1,2,1,0,0,1,0,1,0,7,3,9,41.82442798,-87.69828772
1,430652,-1,30,2,2,0,1,0,5,2,0,0,0,1,1,-1,-1,33,11,423,-1,-1,-1,-1,-1,-1,2,1,0,0,0,1,1,0,7,3,9,41.72803366,-87.56101659
0,430671,-1,30,0,0,0,1,10,5,2,0,0,1,0,-1,-1,-1,33,28,1215,-1,-1,-1,-1,-1,-1,2,0,0,0,0,0,2,0,7,3,9,41.89609485,-87.65887134
0,431529,-1,30,0,0,0,1,7,6,2,0,0,0,0,-1,-1,1,11,18,1225,-1,-1,-1,-1,-1,-1,2,0,0,0,0,0,1,0,7,3,9,41.87508791,-87.67905321
0,431525,-1,30,0,0,0,1,7,6,2,0,0,0,0,-1,-1,1,20,20,235,-1,-1,-1,-1,-1,-1,2,0,0,0,0,0,1,0,7,3,9,41.78787648,-87.59969421
0,431519,-1,30,0,0,0,1,10,2,2,0,0,0,0,-1,-1,-1,0,0,2512,-1,-1,-1,-1,-1,-1,2,0,0,0,0,0,2,0,7,3,9,41.9307694,-87.79588901
1,430649,-1,30,1,2,0,1,9,5,2,0,0,0,1,1,-1,-1,0,0,812,-1,-1,-1,-1,-1,-1,2,1,0,0,0,1,1,0,7,3,9,41.7778178,-87.7716406
0,430648,-1,30,1,2,0,1,2,6,-1,0,0,0,0,-1,-1,-1,21,21,2234,-1,-1,-1,-1,-1,-1,2,0,0,0,0,0,2,0,7,3,9,41.68470876,-87.66285576
0,430644,-1,30,1,2,0,1,10,12,-1,0,0,0,0,1,-1,-1,-1,-1,825,-1,-1,-1,-1,-1,-1,2,0,0,0,0,0,2,0,7,3,9,41.77870818,-87.68347969
3,430645,-1,30,1,2,0,1,10,2,2,0,0,0,1,-1,-1,-1,33,-1,722,-1,-1,-1,-1,-1,-1,3,1,0,1,0,0,2,0,7,3,9,41.77251615,-87.63534771
2,443680,-1,30,1,2,0,1,10,2,-1,0,0,0,1,1,-1,-1,17,18,1232,-1,-1,-1,-1,-1,-1,2,2,0,0,2,0,1,0,7,3,9,41.87425723,-87.65188036
0,430682,-1,20,2,12,0,1,14,2,2,0,0,0,0,1,-1,-1,-1,-1,1723,-1,-1,-1,-1,-1,-1,2,0,0,0,0,0,6,0,6,3,9,41.96481988,-87.71820636
0,430651,-1,0,2,2,0,1,0,12,-1,0,0,0,0,1,-1,-1,0,-1,833,-1,-1,-1,-1,-1,-1,2,0,0,0,0,0,3,0,6,3,9,41.75420885,-87.71620097
0,430748,1,30,0,0,0,1,7,6,2,0,0,0,0,-1,-1,-1,0,0,122,-1,-1,-1,-1,-1,-1,2,0,0,0,0,0,1,0,6,3,9,41.87929007,-87.63236273
0,430641,-1,25,0,0,0,1,0,6,1,0,0,0,0,1,-1,-1,11,-1,1723,-1,-1,-1,-1,-1,-1,2,0,0,0,0,0,2,0,6,3,9,41.96054525,-87.72551582
2,430636,-1,30,0,0,0,1,9,2,-1,0,0,0,1,-1,-1,-1,33,11,1922,-1,-1,-1,-1,-1,-1,2,1,0,0,1,0,1,0,6,3,9,41.94701958,-87.67478148
1,430819,-1,30,2,2,0,1,8,5,2,0,0,0,1,-1,-1,1,0,0,1234,-1,-1,-1,-1,-1,-1,2,1,0,0,0,1,1,0,6,3,9,41.85659109,-87.68561123
1,430638,-1,30,1,2,0,1,10,2,-1,0,0,0,1,-1,-1,-1,18,33,1031,-1,-1,-1,-1,-1,-1,2,1,0,0,0,1,1,0,6,3,9,41.83685206,-87.7197999
2,430647,-1,30,0,0,0,1,10,5,4,0,0,0,1,-1,-1,-1,18,0,1631,-1,-1,-1,-1,-1,-1,2,1,0,0,1,0,1,0,6,3,9,41.95157781,-87.81231455
0,430627,-1,30,2,2,0,3,0,2,0,0,0,0,0,1,-1,0,22,16,1233,-1,-1,-1,1,2,-1,2,0,0,0,0,0,2,0,6,3,9,41.85956419,-87.66605025
0,430610,-1,30,0,0,0,1,7,7,-1,0,0,0,0,-1,-1,1,20,-1,621,-1,-1,-1,-1,-1,-1,2,0,0,0,0,0,1,0,6,3,9,41.75599579,-87.64432824
0,430630,-1,30,0,0,0,1,12,6,3,0,0,0,0,-1,-1,-1,17,17,121,-1,-1,-1,-1,-1,-1,2,0,0,0,0,0,2,0,6,3,9,41.88193087,-87.64405661
0,430635,-1,30,0,0,0,2,2,12,0,2,12,0,0,-1,1,-1,19,32,1124,-1,-1,-1,-1,-1,-1,1,0,0,0,0,0,1,0,6,3,9,41.87935615,-87.69705177
2,430608,-1,30,2,2,0,1,0,12,0,0,0,0,1,1,-1,-1,-1,-1,822,-1,-1,-1,-1,-1,-1,2,1,0,0,1,0,2,0,6,3,9,41.78611891,-87.70450422
0,430603,-1,30,0,0,0,2,10,5,4,0,1,0,0,-1,-1,-1,18,-1,1414,-1,1,-1,-1,-1,-1,2,0,0,0,0,0,2,0,5,3,9,41.9246824,-87.69908597
1,430599,-1,30,1,2,0,2,10,2,2,0,0,0,1,-1,-1,-1,18,-1,831,-1,-1,-1,-1,-1,-1,2,1,0,0,0,1,1,0,5,3,9,41.76465056,-87.69297123
0,430619,-1,15,0,0,0,2,7,2,-1,0,0,0,0,-1,-1,-1,-1,-1,1651,-1,-1,-1,-1,-1,-1,2,0,0,0,0,0,1,0,5,3,9,41.97620114,-87.90530913
0,431037,-1,30,0,0,0,3,10,3,3,0,0,0,0,-1,-1,-1,0,0,634,-1,-1,-1,-1,-1,-1,2,0,0,0,0,0,2,0,5,3,9,41.7359383,-87.62977539
2,430588,-1,30,1,2,0,3,2,5,2,0,0,0,1,1,-1,-1,0,-1,1822,-1,-1,-1,-1,-1,-1,1,1,0,0,1,0,0,0,4,3,9,41.9080022,-87.64525303
1,430562,-1,30,1,2,0,3,7,5,2,0,0,0,1,-1,-1,-1,14,6,1623,-1,-1,-1,-1,-1,-1,3,1,0,0,0,1,2,0,2,3,9,41.96064777,-87.76267056
0,430561,-1,30,3,12,0,3,2,2,2,0,0,0,1,1,-1,-1,23,0,1723,-1,-1,-1,-1,-1,-1,1,0,0,0,0,0,2,0,2,3,9,41.96119493,-87.71666553
0,430564,-1,30,0,0,0,0,7,12,-1,0,0,0,0,-1,-1,1,0,-1,1034,-1,-1,-1,-1,-1,-1,2,0,0,0,0,0,1,0,2,3,9,41.84832466,-87.67343416
0,430569,-1,30,0,0,0,3,2,5,4,0,0,0,1,-1,-1,-1,14,16,1622,-1,-1,-1,-1,-1,-1,1,0,0,0,0,0,1,0,2,3,9,41.98528555,-87.77633588
1,430551,-1,30,0,0,0,3,7,5,2,0,0,0,1,-1,-1,-1,0,0,1031,-1,-1,-1,-1,-1,-1,3,1,0,0,0,1,1,0,2,3,9,41.83701912,-87.72279837
0,432385,-1,30,0,0,0,3,10,5,-1,0,0,0,0,-1,-1,1,0,0,114,-1,-1,-1,-1,-1,-1,2,0,0,0,0,0,2,0,2,3,9,41.88755645,-87.61428656
0,430642,-1,30,0,0,-1,-1,7,2,4,0,-1,0,1,-1,-1,1,0,0,1623,-1,-1,-1,-1,-1,-1,2,0,0,0,0,0,1,0,2,3,9,41.96065054,-87.76244117
0,430552,-1,20,0,0,0,3,7,5,-1,0,0,0,0,-1,-1,1,0,0,1711,-1,-1,-1,-1,-1,-1,2,0,0,0,0,0,1,0,2,3,9,41.99708941,-87.73270436
0,430539,-1,35,-1,2,0,0,7,12,-1,0,12,0,0,-1,-1,-1,0,0,413,-1,-1,-1,-1,-1,-1,2,0,0,0,0,0,1,0,2,3,9,41.73199225,-87.585688
0,430534,-1,30,1,2,0,3,0,12,-1,0,0,-1,0,1,-1,-1,6,-1,321,-1,-1,-1,-1,-1,-1,2,0,0,0,0,0,3,0,1,3,9,41.77668462,-87.60599358
0,430556,-1,10,0,0,0,3,10,5,-1,0,2,3,0,-1,-1,1,25,-1,413,-1,-1,-1,-1,-1,-1,2,0,0,0,0,0,2,0,1,3,9,41.72633907,-87.58804279
0,430526,-1,20,-1,0,0,0,11,5,2,0,0,-1,1,1,-1,-1,32,11,1611,-1,-1,-1,-1,-1,-1,2,0,0,0,0,0,2,0,1,3,9,41.99746398,-87.78761024
0,430529,-1,5,0,0,0,3,7,7,-1,0,0,0,0,-1,-1,1,16,0,431,-1,-1,-1,-1,-1,-1,2,0,0,0,0,0,1,0,0,3,9,41.72231522,-87.57885432
0,434123,1,35,0,0,0,3,7,5,-1,0,0,0,0,-1,-1,-1,20,-1,313,-1,-1,-1,-1,-1,-1,2,0,0,0,0,0,1,0,0,3,9,41.78574174,-87.60740122
2,430515,-1,30,1,2,0,3,14,5,2,0,0,0,1,1,-1,1,32,0,1712,-1,-1,-1,-1,-1,-1,2,1,0,0,1,0,1,0,23,2,9,41.97557408,-87.73469689
0,430508,-1,30,1,2,0,3,8,6,1,0,0,0,0,1,-1,-1,17,0,112,-1,-1,-1,-1,-1,-1,2,0,0,0,0,0,2,0,23,2,9,41.87962927,-87.62621191
1,430480,-1,30,0,0,0,3,10,6,3,0,0,0,1,1,-1,-1,10,-1,225,-1,-1,-1,-1,-1,-1,2,1,0,0,0,1,5,0,23,2,9,41.79429549,-87.62260299
0,430469,-1,30,2,2,0,0,10,5,-1,0,0,-1,1,-1,-1,-1,0,-1,922,-1,-1,-1,-1,-1,-1,2,0,0,0,0,0,3,0,22,2,9,41.80853398,-87.68457529
0,430456,-1,30,0,0,0,3,7,6,1,0,0,0,0,-1,-1,1,20,0,1211,-1,-1,-1,-1,-1,-1,2,0,0,0,0,0,2,0,22,2,9,41.89955783,-87.70033006
0,430468,-1,35,1,2,0,3,14,1,3,0,0,0,0,1,-1,-1,32,-1,725,-1,-1,-1,-1,-1,-1,2,0,0,0,0,0,2,0,22,2,9,41.77229937,-87.6641711
0,430462,-1,25,0,0,0,3,7,6,1,0,0,0,1,-1,-1,1,0,0,623,-1,-1,-1,-1,-1,-1,3,0,0,0,0,0,2,0,22,2,9,41.75465151,-87.62770521
0,430454,-1,25,0,0,0,3,7,6,1,0,0,0,1,-1,-1,1,0,0,623,-1,-1,-1,-1,-1,-1,3,0,0,0,0,0,2,0,22,2,9,41.75465151,-87.62770521
0,432900,-1,30,0,0,0,1,12,5,-1,0,0,0,0,-1,-1,1,0,0,2031,-1,-1,-1,-1,-1,-1,2,0,0,0,0,0,2,0,22,2,9,41.96907978,-87.68877124
0,430467,-1,0,0,0,0,3,2,7,1,0,0,0,0,-1,1,-1,11,-1,212,-1,-1,-1,-1,-1,-1,1,0,0,0,0,0,1,0,21,2,9,41.83083812,-87.61462489
0,430436,-1,30,1,2,0,3,10,5,4,0,0,0,0,-1,-1,1,18,11,1822,-1,-1,-1,-1,-1,-1,2,0,0,0,0,0,2,0,21,2,9,41.89658519,-87.64299618
0,435524,-1,0,0,0,0,0,7,7,-1,0,0,-1,0,-1,1,1,0,0,2211,-1,-1,-1,-1,-1,-1,2,0,0,0,0,0,1,0,21,2,9,41.68404013,-87.72221857
1,430700,-1,30,1,-1,0,3,10,5,-1,0,0,0,1,-1,-1,-1,18,-1,2524,-1,-1,-1,-1,-1,-1,2,2,0,0,0,2,1,0,21,2,9,41.92937274,-87.72676252
0,430417,-1,30,-1,-1,0,4,10,5,-1,0,0,-1,0,-1,-1,-1,0,-1,1231,-1,-1,-1,-1,-1,-1,1,0,0,0,0,0,2,0,21,2,9,41.873217,-87.67567518
2,441183,-1,30,0,0,0,3,9,6,2,0,0,0,1,-1,-1,-1,0,0,1824,-1,-1,-1,-1,-1,-1,2,1,0,0,1,0,1,0,21,2,9,41.90171647,-87.62780809
0,436813,-1,30,1,2,0,4,10,5,-1,0,0,0,0,-1,-1,-1,16,0,322,-1,-1,-1,-1,-1,-1,2,0,0,0,0,0,2,0,21,2,9,41.7728015,-87.61542908
0,430399,-1,30,1,2,0,3,10,6,4,0,0,3,0,-1,-1,-1,17,0,2232,-1,-1,-1,-1,-1,-1,2,0,0,0,0,0,2,0,21,2,9,41.71431362,-87.64391947
0,430703,-1,30,1,2,0,0,14,2,-1,0,0,0,0,0,-1,-1,17,-1,331,-1,-1,-1,-1,-1,-1,2,0,0,0,0,0,2,0,20,2,9,41.77343857,-87.56689931
2,430412,-1,30,0,0,0,3,14,2,2,0,0,0,1,1,-1,1,17,-1,1632,-1,-1,-1,-1,-1,-1,2,1,0,0,1,0,2,0,20,2,9,41.94556104,-87.79734326
0,436548,1,30,0,0,-1,-1,7,5,-1,0,-1,-1,0,-1,-1,1,0,-1,1911,-1,-1,-1,-1,-1,-1,2,0,0,0,0,0,1,0,20,2,9,41.96498703,-87.68839721
0,431289,-1,0,1,2,0,3,0,12,0,0,0,0,0,1,-1,1,6,0,835,-1,-1,-1,-1,-1,-1,2,0,0,0,0,0,2,0,20,2,9,41.74263589,-87.69257991
0,431004,-1,30,0,0,0,3,12,5,-1,0,0,0,0,-1,-1,-1,0,0,331,-1,-1,-1,-1,-1,-1,2,0,0,0,0,0,2,0,20,2,9,41.77537131,-87.56963412
0,430363,-1,30,2,2,0,3,0,5,-1,0,0,0,0,-1,-1,1,17,11,1633,-1,-1,-1,-1,-1,-1,2,0,0,0,0,0,3,0,20,2,9,41.94775124,-87.76667399
2,430370,-1,30,1,2,0,3,14,2,-1,0,0,0,1,1,-1,-1,23,-1,711,-1,-1,-1,-1,-1,-1,2,2,0,0,2,0,0,0,20,2,9,41.77997688,-87.63756776
2,430383,-1,30,1,2,0,3,14,2,4,0,0,0,1,1,0,-1,17,25,912,-1,-1,-1,-1,-1,-1,3,1,0,0,1,0,3,0,20,2,9,41.8339635,-87.67552159
0,430392,-1,35,0,0,0,3,10,3,2,0,0,0,0,-1,-1,0,0,0,2433,-1,-1,-1,-1,-1,-1,2,0,0,0,0,0,3,0,20,2,9,41.99347942,-87.66998199
0,430335,-1,30,0,0,0,3,7,6,-1,0,0,0,0,-1,-1,1,0,0,2011,-1,-1,-1,-1,-1,-1,2,0,0,0,0,0,1,0,20,2,9,41.98996942,-87.69466398
1,431683,-1,30,1,-1,0,3,9,6,3,0,0,-1,1,-1,-1,1,0,-1,1231,-1,-1,-1,-1,-1,-1,2,1,0,0,0,1,1,0,20,2,9,41.87769402,-87.66922554
0,431168,-1,30,0,0,0,1,12,5,-1,0,0,0,0,-1,-1,-1,0,0,1831,-1,-1,-1,-1,-1,-1,2,0,0,0,0,0,2,0,20,2,9,41.88749317,-87.63116949
0,430928,1,30,2,-1,-1,-1,14,5,-1,0,-1,-1,0,1,-1,-1,-1,-1,332,-1,-1,-1,-1,-1,-1,2,0,0,0,0,0,2,0,20,2,9,41.77153538,-87.57659198
0,430398,-1,25,0,0,0,3,12,6,-1,0,0,0,0,-1,-1,-1,0,0,222,-1,-1,-1,-1,-1,-1,2,0,0,0,0,0,2,0,19,2,9,41.8100865,-87.59310079
0,430331,-1,30,0,0,0,4,0,0,1,0,0,0,0,-1,-1,1,25,-1,222,-1,-1,-1,-1,-1,-1,2,0,0,0,0,0,2,0,19,2,9,41.8155789,-87.60167915
0,430324,-1,30,1,2,0,0,12,5,-1,0,0,0,0,-1,-1,-1,11,-1,1922,-1,-1,-1,-1,-1,-1,2,0,0,0,0,0,2,0,19,2,9,41.95390929,-87.67874864
0,430349,-1,30,1,2,0,3,10,5,4,0,0,0,0,1,-1,-1,0,-1,1432,-1,-1,-1,-1,-1,-1,3,0,0,0,0,0,3,0,19,2,9,41.92488059,-87.68093688
0,430313,-1,30,0,0,0,3,11,5,2,0,0,0,0,-1,-1,1,17,-1,2531,-1,-1,-1,-1,-1,-1,2,0,0,0,0,0,2,0,19,2,9,41.91437857,-87.77327327
0,430305,-1,30,1,2,0,3,10,5,4,0,0,0,0,1,-1,-1,18,0,815,-1,-1,-1,-1,-1,-1,2,0,0,0,0,0,2,0,19,2,9,41.80778877,-87.72373033
0,430323,-1,30,0,0,0,4,14,2,-1,0,0,0,0,-1,-1,-1,0,0,1925,-1,-1,-1,-1,-1,-1,2,0,0,0,0,0,2,0,19,2,9,41.94010202,-87.64425441
2,430301,-1,10,0,0,0,3,9,0,-1,0,0,0,1,-1,-1,1,25,-1,1513,-1,-1,-1,-1,-1,-1,2,1,0,0,1,0,1,0,19,2,9,41.86563388,-87.76955399
0,430317,-1,30,0,0,0,0,12,6,-1,0,0,0,0,-1,-1,-1,0,-1,1834,-1,-1,-1,-1,-1,-1,2,0,0,0,0,0,2,0,19,2,9,41.89512389,-87.6201946
0,430255,-1,30,1,-1,0,1,10,2,4,0,0,0,0,-1,-1,-1,20,-1,1433,-1,-1,-1,-1,-1,-1,2,0,0,0,0,0,3,0,19,2,9,41.91074092,-87.66763486
0,430279,-1,30,0,0,0,3,7,5,-1,0,0,0,0,-1,-1,-1,0,-1,1624,-1,-1,-1,-1,-1,-1,2,0,0,0,0,0,1,0,19,2,9,41.95303431,-87.78590772
0,439081,-1,35,1,2,0,3,14,3,6,0,0,12,0,1,-1,-1,21,15,1814,-1,-1,-1,1,2,-1,2,0,0,0,0,0,2,0,19,2,9,41.91124966,-87.63330025
2,430341,-1,30,0,0,0,3,14,5,3,0,0,0,1,-1,-1,-1,23,0,1214,-1,-1,-1,-1,-1,-1,2,2,0,0,2,0,1,0,19,2,9,41.88624539,-87.64763666
0,430294,-1,30,0,0,0,4,2,5,2,0,2,4,0,-1,-1,-1,28,0,1935,-1,-1,-1,-1,-1,-1,1,0,0,0,0,0,1,0,19,2,9,41.9278051,-87.64196306
0,430273,-1,30,1,2,0,4,10,5,-1,0,0,0,0,-1,-1,-1,18,11,1922,-1,-1,-1,-1,-1,-1,2,0,0,0,0,0,2,0,19,2,9,41.95404875,-87.67863048
0,430268,-1,25,1,2,0,3,14,2,4,0,0,0,1,1,-1,-1,21,4,2424,-1,-1,-1,-1,-1,-1,2,0,0,0,0,0,2,0,19,2,9,42.01936168,-87.68449258
0,430246,-1,30,2,12,0,1,8,2,-1,0,0,0,0,0,-1,-1,17,-1,1234,-1,-1,-1,-1,-1,-1,2,0,0,0,0,0,2,0,19,2,9,41.85399763,-87.67358754
0,430254,-1,30,1,2,0,1,10,5,4,0,0,0,0,-1,-1,-1,18,7,833,-1,-1,-1,-1,-1,-1,2,0,0,0,0,0,3,0,18,2,9,41.77273211,-87.72275747
0,431423,1,25,0,0,0,-1,7,2,-1,0,0,0,0,-1,-1,1,0,0,2422,-1,-1,-1,-1,-1,-1,2,0,0,0,0,0,1,0,18,2,9,42.01922225,-87.66809625
0,430257,-1,30,1,2,0,1,10,5,-1,0,0,-1,0,-1,-1,-1,18,0,424,-1,-1,-1,-1,-1,-1,2,0,0,0,0,0,2,0,18,2,9,41.72348071,-87.54676284
0,433824,-1,5,0,0,0,3,7,7,-1,0,0,0,0,-1,-1,1,-1,-1,133,-1,-1,-1,-1,-1,-1,2,0,0,0,0,0,1,0,18,2,9,41.84044817,-87.62647961
1,430286,-1,30,2,2,0,1,10,6,1,0,0,0,1,-1,-1,-1,18,-1,334,-1,-1,-1,-1,-1,-1,2,1,0,0,0,1,2,0,18,2,9,41.76430974,-87.56519416
0,430266,-1,30,2,2,0,4,10,5,2,0,0,0,0,-1,-1,-1,0,-1,1233,-1,-1,-1,-1,-1,-1,2,0,0,0,0,0,4,0,18,2,9,41.86156806,-87.65667471