MOST_SEVERE_INJURY,RD_NO,CRASH_DATE_EST_I,POSTED_SPEED_LIMIT,TRAFFIC_CONTROL_DEVICE,DEVICE_CONDITION,WEATHER_CONDITION,LIGHTING_CONDITION,FIRST_CRASH_TYPE,TRAFFICWAY_TYPE,LANE_CNT,ALIGNMENT,ROADWAY_SURFACE_COND,ROAD_DEFECT,CRASH_TYPE,INTERSECTION_RELATED_I,NOT_RIGHT_OF_WAY_I,HIT_AND_RUN_I,PRIM_CONTRIBUTORY_CAUSE,SEC_CONTRIBUTORY_CAUSE,BEAT_OF_OCCURRENCE,PHOTOS_TAKEN_I,STATEMENTS_TAKEN_I,DOORING_I,WORK_ZONE_I,WORK_ZONE_TYPE,WORKERS_PRESENT_I,NUM_UNITS,INJURIES_TOTAL,INJURIES_FATAL,INJURIES_INCAPACITATING,INJURIES_NON_INCAPACITATING,INJURIES_REPORTED_NOT_EVIDENT,INJURIES_NO_INDICATION,INJURIES_UNKNOWN,CRASH_HOUR,CRASH_DAY_OF_WEEK,CRASH_MONTH,LATITUDE,LONGITUDE
0,430200,-1,30,1,2,0,1,10,5,4,0,0,0,0,1,-1,1,0,0,921,-1,-1,-1,-1,-1,-1,2,0,0,0,0,0,3,0,18,2,9,41.82302139,-87.68473353
0,430184,-1,30,0,0,0,1,3,5,2,0,0,0,0,-1,-1,-1,21,25,824,-1,-1,-1,-1,-1,-1,2,0,0,0,0,0,2,0,18,2,9,41.79341853,-87.70281516
0,430276,-1,30,0,0,0,1,12,5,-1,0,0,0,1,-1,-1,1,25,-1,1121,-1,-1,-1,-1,-1,-1,2,0,0,0,0,0,2,0,18,2,9,41.89523035,-87.71279443
0,430178,-1,30,1,2,0,1,14,6,3,0,0,0,0,1,-1,1,0,0,935,-1,-1,-1,-1,-1,-1,2,0,0,0,0,0,2,0,18,2,9,41.79456007,-87.63192848
0,430162,-1,30,1,0,0,1,10,5,2,0,0,0,0,-1,-1,-1,0,0,2011,-1,-1,-1,-1,-1,-1,2,0,0,0,0,0,2,0,18,2,9,41.97597679,-87.69243428
0,430198,-1,30,-1,-1,0,1,10,5,-1,0,-1,-1,0,-1,-1,1,22,-1,1912,-1,-1,-1,-1,-1,-1,2,0,0,0,0,0,4,0,18,2,9,41.95784138,-87.66907359
0,430191,-1,30,1,2,0,1,12,5,-1,0,0,0,0,-1,-1,-1,22,16,131,-1,-1,-1,-1,-1,-1,2,0,0,0,0,0,2,0,18,2,9,41.85776716,-87.62401467
2,430308,-1,30,2,2,0,1,8,5,2,0,-1,-1,1,1,-1,-1,17,0,1934,-1,-1,-1,-1,-1,-1,2,1,0,0,1,0,1,0,18,2,9,41.93565566,-87.64737148
1,430655,-1,30,1,2,0,1,14,3,-1,0,0,0,1,-1,-1,-1,0,0,1711,-1,-1,-1,-1,-1,-1,2,1,0,0,0,1,1,0,18,2,9,41.99003498,-87.73851051
2,430125,-1,30,0,0,0,1,7,5,4,0,0,0,1,-1,-1,-1,0,-1,811,-1,-1,-1,-1,-1,-1,2,1,0,0,1,0,0,0,18,2,9,41.79240867,-87.78402222
0,430120,-1,30,2,2,0,1,10,5,-1,0,0,0,0,1,-1,1,0,0,1024,-1,-1,-1,-1,-1,-1,2,0,0,0,0,0,4,0,18,2,9,41.85603751,-87.71039501
0,430271,-1,30,0,0,0,1,14,5,-1,0,0,0,0,-1,-1,-1,23,0,1411,-1,-1,-1,-1,-1,-1,2,0,0,0,0,0,2,0,18,2,9,41.93228718,-87.68795009
0,430168,-1,15,0,0,0,1,7,5,2,0,0,0,0,-1,-1,-1,25,-1,813,-1,-1,-1,-1,-1,-1,2,0,0,0,0,0,1,0,18,2,9,41.78414959,-87.73030602
0,403116,-1,10,0,0,0,1,7,7,-1,0,0,0,0,-1,1,1,23,0,925,-1,-1,-1,-1,-1,-1,2,0,0,0,0,0,2,0,18,2,9,41.80987124,-87.64571334
0,430132,-1,35,1,0,0,1,10,3,-1,0,0,0,0,-1,-1,-1,14,18,413,-1,-1,-1,-1,-1,-1,2,0,0,0,0,0,2,0,17,2,9,41.7258881,-87.58555879
0,434781,-1,30,1,2,0,1,3,2,2,0,0,0,0,-1,-1,-1,-1,-1,2524,-1,-1,-1,-1,-1,-1,2,0,0,0,0,0,2,0,17,2,9,41.92977512,-87.73294519
0,430290,-1,30,0,0,0,4,10,5,-1,0,0,0,0,-1,-1,1,-1,-1,823,-1,-1,-1,-1,-1,-1,2,0,0,0,0,0,2,0,17,2,9,41.77877639,-87.71286677
0,430126,-1,30,0,0,0,1,10,7,-1,0,0,0,0,-1,-1,-1,20,-1,1713,-1,-1,-1,-1,-1,-1,2,0,0,0,0,0,4,0,17,2,9,41.96990105,-87.70837118
2,430117,-1,30,1,2,0,1,12,2,4,0,0,0,1,-1,-1,-1,17,11,1834,-1,-1,-1,-1,-1,-1,2,1,0,0,1,0,1,0,17,2,9,41.89144629,-87.61782828
0,430115,-1,30,0,0,0,1,14,3,4,0,0,0,0,-1,-1,-1,-1,-1,234,-1,-1,-1,-1,-1,-1,2,0,0,0,0,0,3,0,17,2,9,41.79529732,-87.58782256
0,430112,-1,30,1,2,0,1,14,5,4,0,0,-1,1,1,-1,-1,6,23,1722,-1,-1,-1,-1,-1,-1,2,0,0,0,0,0,2,0,17,2,9,41.96447672,-87.74760886
0,430093,-1,30,1,2,0,1,10,5,4,0,0,0,0,1,-1,1,18,16,1911,-1,-1,-1,-1,-1,-1,2,0,0,0,0,0,2,0,17,2,9,41.96477827,-87.68893506
3,430094,-1,30,1,2,0,1,14,2,6,0,0,0,1,1,-1,-1,17,-1,1231,-1,-1,-1,-1,-1,-1,2,4,0,1,3,0,0,0,17,2,9,41.87633286,-87.66681112
0,430118,-1,0,2,2,0,1,10,-1,-1,0,-1,-1,0,1,-1,-1,0,-1,1233,-1,-1,-1,-1,-1,-1,2,0,0,0,0,0,3,0,17,2,9,41.86421519,-87.67118203
0,430089,-1,30,0,0,0,1,10,5,2,0,0,0,0,-1,-1,1,17,-1,1612,-1,-1,-1,-1,-1,-1,2,0,0,0,0,0,2,0,17,2,9,41.99716687,-87.81019135
0,430087,-1,30,1,2,0,1,14,5,2,0,0,0,0,1,-1,-1,11,0,922,-1,-1,-1,-1,-1,-1,2,0,0,0,0,0,2,0,17,2,9,41.80838959,-87.69426932
0,430095,-1,30,2,0,0,1,10,5,-1,0,0,0,0,1,-1,-1,18,-1,2524,-1,-1,-1,-1,-1,-1,2,0,0,0,0,0,2,0,17,2,9,41.928307,-87.72204822
0,430142,-1,20,0,0,0,1,14,0,-1,0,0,0,0,-1,-1,-1,17,-1,2524,-1,-1,-1,-1,-1,-1,2,0,0,0,0,0,2,0,17,2,9,41.92834782,-87.71845041
0,430222,-1,30,1,2,0,4,10,5,-1,0,0,0,0,-1,-1,-1,-1,-1,833,-1,-1,-1,-1,-1,-1,2,0,0,0,0,0,3,0,17,2,9,41.75912971,-87.74155365
0,430157,-1,10,0,0,0,1,7,7,-1,0,0,0,0,-1,-1,-1,0,-1,424,-1,-1,-1,-1,-1,-1,2,0,0,0,0,0,1,0,17,2,9,41.73023473,-87.54687087
0,430077,1,30,1,2,0,1,14,3,-1,0,0,0,0,-1,-1,-1,22,-1,113,-1,1,-1,-1,-1,-1,2,0,0,0,0,0,2,0,17,2,9,41.87573626,-87.62921295
2,430224,1,20,0,0,0,1,9,6,1,0,0,0,1,1,-1,-1,0,-1,2223,-1,-1,-1,-1,-1,-1,2,1,0,0,1,0,2,0,17,2,9,41.72506855,-87.63981453
0,430173,-1,30,0,0,0,1,0,5,-1,0,0,0,0,1,-1,-1,17,0,1214,-1,-1,-1,-1,-1,-1,2,0,0,0,0,0,2,0,17,2,9,41.89131968,-87.64582125
0,430104,-1,30,2,2,0,1,14,5,-1,0,0,0,0,-1,-1,-1,17,16,2511,-1,-1,-1,-1,-1,-1,2,0,0,0,0,0,2,0,17,2,9,41.93443281,-87.79572573
0,430070,-1,30,0,0,0,1,12,2,-1,0,0,0,0,-1,-1,-1,21,-1,834,-1,-1,-1,-1,-1,-1,2,0,0,0,0,0,5,0,17,2,9,41.73682776,-87.72010775
0,430049,-1,30,1,2,0,1,10,2,4,0,0,1,0,1,-1,-1,18,-1,623,-1,-1,-1,-1,-1,-1,2,0,0,0,0,0,4,0,17,2,9,41.75809218,-87.62490223
0,430203,-1,30,0,0,0,1,7,5,-1,0,0,0,0,-1,-1,-1,0,0,2023,-1,-1,-1,-1,-1,-1,2,0,0,0,0,0,1,0,17,2,9,41.97824158,-87.65517896
0,430103,-1,30,-1,-1,-1,-1,12,5,-1,0,-1,-1,0,-1,-1,1,0,0,1113,-1,-1,-1,-1,-1,-1,2,0,0,0,0,0,2,0,17,2,9,41.88071457,-87.73598095
0,430076,-1,30,1,2,0,1,12,6,2,0,0,0,0,1,-1,-1,0,0,1834,-1,-1,-1,-1,-1,-1,2,0,0,0,0,0,4,0,17,2,9,41.89424485,-87.62430066
1,430060,-1,0,0,0,0,1,10,5,4,0,0,0,1,-1,-1,-1,18,11,611,-1,-1,-1,-1,-1,-1,2,1,0,0,0,1,1,0,17,2,9,41.74946917,-87.66356407
0,430043,-1,30,1,2,0,1,14,5,-1,0,0,-1,1,1,-1,-1,17,-1,1832,-1,-1,-1,-1,-1,-1,3,0,0,0,0,0,3,0,17,2,9,41.89675949,-87.63020361
0,430045,-1,0,2,2,0,1,0,-1,-1,2,-1,-1,0,-1,-1,-1,0,-1,1234,-1,-1,-1,-1,-1,-1,2,0,0,0,0,0,2,0,16,2,9,41.85752353,-87.67850505
2,430021,-1,30,0,0,0,1,9,12,3,0,0,0,1,-1,-1,-1,-1,-1,231,-1,-1,-1,-1,-1,-1,2,1,0,0,1,0,1,0,16,2,9,41.79207429,-87.62224941
0,430192,-1,30,0,0,0,1,14,5,2,0,0,0,0,-1,-1,-1,0,0,1814,-1,-1,-1,-1,-1,-1,2,0,0,0,0,0,2,0,16,2,9,41.91823856,-87.63734019
1,430219,-1,0,-1,-1,0,1,9,-1,-1,0,-1,-1,1,1,-1,1,0,-1,1234,-1,-1,-1,-1,-1,-1,2,1,0,0,0,1,1,0,16,2,9,41.85761104,-87.67121497
1,430065,-1,35,0,0,0,1,12,5,2,0,0,0,1,-1,-1,-1,17,0,1224,-1,-1,-1,-1,-1,-1,2,1,0,0,0,1,4,0,16,2,9,41.88306055,-87.64841746
1,430036,-1,30,2,2,0,1,14,5,2,0,0,0,1,-1,-1,-1,17,0,815,-1,-1,-1,-1,-1,-1,2,1,0,0,0,1,2,0,16,2,9,41.80939758,-87.73969584
0,430035,-1,30,2,0,0,1,14,2,-1,0,0,0,0,-1,-1,-1,17,-1,2513,-1,-1,-1,-1,-1,-1,2,0,0,0,0,0,2,0,16,2,9,41.90920189,-87.7898406
0,430244,-1,30,0,0,0,1,7,5,1,0,0,-1,0,-1,-1,1,19,-1,1513,-1,-1,-1,-1,-1,-1,2,0,0,0,0,0,1,0,16,2,9,41.87909646,-87.76986525
0,430027,-1,30,1,2,0,1,14,2,2,0,0,0,0,1,-1,-1,17,-1,2031,-1,-1,-1,-1,-1,-1,2,0,0,0,0,0,2,0,16,2,9,41.97576,-87.69249406
0,430113,-1,30,0,0,0,1,10,5,2,0,0,0,0,-1,-1,-1,18,-1,1231,-1,-1,-1,-1,-1,-1,2,0,0,0,0,0,2,0,16,2,9,41.87283454,-87.66671607
0,430037,-1,35,2,2,0,1,14,2,-1,0,0,0,1,1,-1,-1,16,11,835,-1,-1,-1,-1,-1,-1,3,0,0,0,0,0,3,0,16,2,9,41.74999268,-87.68278202
0,431759,-1,30,0,0,0,1,7,6,1,0,0,0,0,-1,-1,1,0,0,934,-1,-1,-1,-1,-1,-1,2,0,0,0,0,0,1,0,16,2,9,41.79616984,-87.64751977
0,430223,-1,30,0,0,0,1,12,5,4,0,0,0,0,-1,-1,-1,17,11,1034,-1,-1,-1,-1,-1,-1,2,0,0,0,0,0,3,0,16,2,9,41.85170988,-87.68577767
0,430058,-1,30,2,2,0,1,10,2,2,0,0,0,0,-1,-1,-1,16,18,2523,-1,-1,-1,-1,-1,-1,2,0,0,0,0,0,2,0,16,2,9,41.93199057,-87.71957718
0,430016,-1,30,0,0,0,1,0,5,-1,0,0,0,0,-1,-1,-1,17,16,2533,-1,-1,-1,-1,-1,-1,2,0,0,0,0,0,2,0,16,2,9,41.9160342,-87.75576009
0,430013,-1,30,0,0,0,1,5,5,-1,0,0,0,0,-1,-1,1,21,-1,834,-1,-1,-1,-1,-1,-1,1,0,0,0,0,0,1,0,16,2,9,41.75095951,-87.73762206
-1,429978,-1,30,-1,-1,0,1,14,5,-1,0,0,-1,0,-1,-1,-1,17,-1,1235,-1,-1,-1,-1,-1,-1,-1,-1,-1,-1,-1,-1,-1,-1,16,2,9,41.85258564,-87.65743182
0,429996,-1,0,2,2,0,1,10,-1,-1,0,-1,-1,0,1,-1,1,0,-1,1233,-1,-1,-1,-1,-1,-1,2,0,0,0,0,0,3,0,16,2,9,41.86595908,-87.67147019
0,429974,-1,35,1,-1,0,1,12,3,-1,0,0,-1,0,-1,-1,-1,22,-1,622,-1,-1,-1,-1,-1,-1,2,0,0,0,0,0,5,0,16,2,9,41.73612251,-87.63460663
0,430034,-1,25,0,0,0,1,12,5,2,0,0,0,0,-1,-1,-1,18,-1,1225,-1,-1,-1,-1,-1,-1,2,0,0,0,0,0,2,0,16,2,9,41.87388114,-87.67977884
0,431311,-1,30,1,2,0,1,14,2,2,0,0,0,0,1,-1,-1,0,0,2515,-1,-1,-1,-1,-1,-1,2,0,0,0,0,0,2,0,16,2,9,41.91889991,-87.76631804
0,430140,-1,35,-1,-1,0,1,10,5,-1,0,0,0,0,-1,-1,-1,0,-1,1612,-1,-1,-1,-1,-1,-1,2,0,0,0,0,0,2,0,16,2,9,41.99795629,-87.81211234
0,430068,-1,35,1,2,0,1,10,6,3,0,0,0,0,-1,-1,1,18,0,331,-1,-1,-1,-1,-1,-1,3,0,0,0,0,0,3,0,16,2,9,41.77868694,-87.58525645
0,429989,-1,30,0,0,0,1,10,2,4,0,0,0,0,1,-1,-1,16,-1,2212,-1,-1,-1,-1,-1,-1,3,0,0,0,0,0,4,0,16,2,9,41.69915455,-87.67137302
2,429988,-1,30,-1,-1,0,1,14,6,1,0,0,-1,1,-1,-1,-1,0,-1,1022,-1,-1,-1,-1,-1,-1,2,3,0,0,3,0,8,0,16,2,9,-1,-1
0,429985,-1,30,1,2,0,1,14,5,3,0,0,0,1,1,-1,1,6,16,322,-1,-1,-1,-1,-1,-1,2,0,0,0,0,0,3,0,16,2,9,41.76910398,-87.62509228
0,430136,-1,30,0,0,0,1,12,6,1,0,0,0,0,-1,-1,-1,17,22,414,-1,1,-1,-1,-1,-1,2,0,0,0,0,0,2,0,16,2,9,41.7556522,-87.58233421
0,430038,-1,30,0,0,0,1,10,5,-1,0,0,0,0,-1,-1,-1,18,0,1612,-1,-1,-1,-1,-1,-1,2,0,0,0,0,0,2,0,16,2,9,41.98499182,-87.7878489
2,429980,-1,30,0,0,0,1,14,1,4,0,0,0,1,1,-1,1,25,14,832,-1,-1,0,-1,-1,-1,2,1,0,0,1,0,1,0,16,2,9,41.76642811,-87.68314438
0,429969,-1,0,0,0,0,1,7,5,1,0,0,0,0,-1,-1,-1,0,0,935,-1,-1,-1,-1,-1,-1,2,0,0,0,0,0,1,0,16,2,9,41.80745486,-87.63346617
0,429958,-1,30,0,0,0,1,7,5,1,0,0,-1,0,-1,-1,-1,11,23,1414,-1,-1,-1,-1,-1,-1,2,0,0,0,0,0,1,0,16,2,9,41.92538475,-87.70002795
0,429924,-1,30,0,0,0,1,12,2,-1,0,0,0,1,-1,-1,-1,23,-1,833,-1,-1,-1,-1,-1,-1,2,0,0,0,0,0,2,0,15,2,9,41.76880856,-87.72265669
3,429940,-1,30,2,2,0,1,0,2,2,0,0,0,1,1,-1,-1,17,11,1632,-1,-1,-1,-1,-1,-1,2,2,0,1,0,1,0,0,15,2,9,41.93990203,-87.80666798
2,429917,-1,30,8,12,0,1,0,5,4,0,0,-1,1,-1,-1,-1,17,0,2411,-1,-1,-1,-1,-1,-1,2,1,0,0,1,0,1,0,15,2,9,42.01310709,-87.69009573
0,429916,-1,20,0,0,0,1,7,5,2,0,0,0,0,-1,-1,-1,0,0,2031,-1,-1,-1,-1,-1,-1,2,0,0,0,0,0,1,0,15,2,9,41.97410035,-87.70014795
0,429899,-1,30,0,0,0,1,12,6,-1,0,0,0,0,-1,-1,1,17,-1,2533,-1,-1,-1,-1,-1,-1,2,0,0,0,0,0,3,0,15,2,9,41.91224897,-87.74705382
0,429990,-1,30,0,0,0,1,11,5,-1,0,0,0,0,-1,-1,1,-1,-1,834,-1,-1,-1,-1,-1,-1,2,0,0,0,0,0,3,0,15,2,9,41.74711093,-87.73170248
0,429898,-1,30,0,0,0,1,12,7,-1,0,0,0,0,-1,-1,-1,11,-1,1921,-1,-1,-1,-1,-1,-1,2,0,0,0,0,0,2,0,15,2,9,41.9427472,-87.68835432
0,429975,-1,30,0,0,0,1,14,2,4,0,0,0,0,-1,-1,-1,0,-1,1533,-1,-1,-1,-1,-1,-1,2,0,0,0,0,0,2,0,15,2,9,41.86600155,-87.74518561
2,430086,-1,30,0,0,0,1,7,5,2,0,0,0,1,-1,-1,-1,16,0,1023,-1,-1,-1,-1,-1,-1,2,1,0,0,1,0,0,0,15,2,9,41.86272054,-87.69099966
0,430020,-1,15,0,0,0,1,0,7,-1,0,0,0,0,-1,1,-1,0,0,2424,-1,-1,-1,-1,-1,-1,2,0,0,0,0,0,4,0,15,2,9,42.01939348,-87.68312449
0,429968,1,0,0,0,0,1,7,7,-1,0,0,0,0,-1,1,1,0,0,2422,-1,-1,-1,-1,-1,-1,2,0,0,0,0,0,1,0,15,2,9,42.01928687,-87.67468526
0,429918,-1,30,1,2,0,1,12,6,4,0,0,0,0,-1,-1,1,25,-1,213,-1,-1,-1,-1,-1,-1,4,0,0,0,0,0,4,0,15,2,9,41.82364396,-87.62949383
0,429873,-1,30,1,2,0,1,7,5,-1,0,0,0,0,1,-1,-1,18,11,1921,-1,-1,-1,-1,-1,-1,2,0,0,0,0,0,1,0,15,2,9,41.94681817,-87.69454996
0,431513,-1,30,-1,-1,-1,-1,12,5,-1,0,-1,-1,0,-1,-1,1,22,-1,2511,-1,-1,-1,-1,-1,-1,2,0,0,0,0,0,3,0,15,2,9,41.93143068,-87.78585036
0,429943,-1,30,2,2,0,1,0,6,2,0,0,0,1,1,-1,-1,10,-1,712,-1,-1,-1,-1,-1,-1,2,0,0,0,0,0,4,0,15,2,9,41.79235818,-87.64768554
0,429910,-1,30,0,0,0,1,12,12,1,0,0,0,0,-1,-1,-1,0,-1,1623,-1,-1,-1,-1,-1,-1,2,0,0,0,0,0,2,0,15,2,9,41.9733455,-87.75183524
0,429951,-1,30,0,0,0,1,12,5,4,0,0,0,0,-1,-1,1,0,-1,835,-1,-1,-1,-1,-1,-1,3,0,0,0,0,0,5,0,15,2,9,41.73533696,-87.70010275
0,429949,-1,30,0,0,0,1,3,4,1,0,0,-1,0,-1,-1,-1,32,32,434,-1,-1,-1,-1,-1,-1,2,0,0,0,0,0,6,0,15,2,9,41.70320283,-87.55975573
0,429925,-1,30,0,0,0,1,8,2,2,0,0,0,0,-1,-1,-1,13,-1,1431,-1,-1,-1,-1,-1,-1,2,0,0,0,0,0,3,0,15,2,9,41.91766638,-87.68955242
0,430145,0,30,2,2,0,1,7,2,-1,0,0,0,0,-1,-1,1,0,-1,1032,-1,-1,-1,-1,-1,-1,2,0,0,0,0,0,1,0,15,2,9,41.84070472,-87.70995551
0,429851,-1,30,1,2,0,1,10,5,4,0,0,0,0,1,-1,-1,18,-1,1921,-1,-1,-1,-1,-1,-1,2,0,0,0,0,0,2,0,14,2,9,41.94681924,-87.69440082
0,429929,-1,15,0,0,0,1,0,7,1,0,0,0,0,-1,1,-1,20,0,2424,-1,-1,-1,-1,-1,-1,2,0,0,0,0,0,4,0,14,2,9,42.01935557,-87.68268275
0,429944,-1,30,0,0,0,1,10,5,2,0,0,0,0,-1,-1,-1,18,-1,1022,-1,-1,-1,-1,-1,-1,2,0,0,0,0,0,3,0,14,2,9,41.8595759,-87.69584921
1,429913,-1,30,2,2,0,1,0,3,2,0,0,0,1,1,-1,-1,17,5,421,-1,1,-1,-1,-1,-1,2,2,0,0,0,2,1,0,14,2,9,41.75738762,-87.55836698
3,439447,-1,30,0,0,0,1,14,5,2,0,0,0,1,-1,-1,-1,0,0,1011,-1,-1,-1,-1,-1,-1,2,1,0,1,0,0,1,0,14,2,9,41.86440091,-87.73749418
0,441928,-1,0,0,0,0,1,7,7,0,0,0,0,0,-1,1,1,0,0,821,-1,-1,-1,-1,-1,-1,2,0,0,0,0,0,1,0,14,2,9,41.80831652,-87.72345396
0,429970,-1,30,1,2,0,1,14,5,-1,0,0,0,0,1,-1,-1,23,-1,914,-1,-1,-1,1,-1,1,2,0,0,0,0,0,2,0,14,2,9,41.85119783,-87.6385403
0,429891,-1,30,1,2,0,1,10,5,4,0,0,-1,0,-1,-1,-1,18,0,2012,1,-1,-1,-1,-1,-1,2,0,0,0,0,0,3,0,14,2,9,41.99051094,-87.68290745
1,429881,-1,30,0,2,0,1,12,2,2,0,0,-1,1,-1,-1,1,25,0,1434,-1,-1,-1,-1,-1,-1,2,1,0,0,0,1,1,0,14,2,9,41.91061185,-87.67650857
0,431188,-1,35,0,0,0,1,10,5,4,0,0,0,0,-1,-1,-1,18,0,622,-1,-1,-1,-1,-1,-1,2,0,0,0,0,0,2,0,14,2,9,41.73798747,-87.63231708
0,433406,-1,15,0,0,0,1,7,7,0,0,0,0,0,-1,1,-1,0,-1,2033,-1,-1,-1,-1,-1,-1,2,0,0,0,0,0,1,0,14,2,9,41.97355045,-87.65993915
0,430044,-1,25,2,2,0,1,0,5,2,0,0,0,1,1,-1,-1,17,22,1034,-1,-1,-1,-1,-1,-1,2,0,0,0,0,0,2,0,14,2,9,41.85122127,-87.67595832
0,430004,-1,30,0,0,0,1,5,3,2,0,0,0,0,-1,-1,-1,-1,-1,1611,-1,-1,-1,-1,-1,-1,1,0,0,0,0,0,1,0,14,2,9,41.99752227,-87.78016524
0,429858,-1,30,0,2,0,1,10,5,2,0,0,-1,0,-1,-1,-1,18,-1,1811,-1,-1,-1,-1,-1,-1,2,0,0,0,0,0,3,0,14,2,9,41.92283898,-87.66851322
0,429792,-1,30,1,2,0,1,0,2,4,0,0,0,1,-1,-1,-1,6,0,1432,-1,-1,-1,-1,-1,-1,2,0,0,0,0,0,2,0,13,2,9,41.93010577,-87.68565252
0,429806,-1,30,-1,-1,0,1,7,6,2,0,0,0,0,-1,-1,-1,16,0,634,-1,-1,-1,-1,-1,-1,2,0,0,0,0,0,1,0,13,2,9,41.72881534,-87.62538112
0,429775,-1,30,0,0,0,1,12,5,2,0,0,0,0,-1,-1,-1,17,22,1233,-1,1,-1,-1,-1,-1,2,0,0,0,0,0,3,0,13,2,9,41.86158762,-87.66479871
2,429852,-1,15,0,0,0,1,5,0,-1,0,0,0,1,-1,-1,1,16,16,2514,-1,-1,-1,-1,-1,-1,1,1,0,0,1,0,0,0,13,2,9,41.93762344,-87.7612843
0,429828,-1,30,0,0,0,1,4,0,-1,0,0,0,0,-1,-1,1,0,0,1613,-1,-1,-1,-1,-1,-1,1,0,0,0,0,0,1,0,13,2,9,41.9795318,-87.80221244
2,429780,-1,30,1,2,0,1,14,12,8,0,0,0,1,1,-1,-1,3,16,411,-1,-1,-1,-1,-1,-1,2,2,0,0,2,0,0,0,13,2,9,41.7514606,-87.58597199
0,429778,1,30,0,0,0,1,12,2,2,0,0,0,0,-1,-1,-1,0,-1,1632,-1,-1,-1,-1,-1,-1,2,0,0,0,0,0,2,0,13,2,9,41.95299786,-87.78839037
0,437758,-1,30,2,1,0,1,0,12,-1,0,0,0,0,1,-1,-1,0,-1,214,-1,-1,-1,-1,-1,-1,2,0,0,0,0,0,2,0,13,2,9,41.81845478,-87.61391745
0,429819,-1,15,0,0,0,1,0,7,0,0,-1,-1,0,-1,1,-1,17,17,524,-1,-1,-1,-1,-1,-1,2,0,0,0,0,0,2,0,13,2,9,41.68109747,-87.64187248
0,430983,-1,30,1,0,0,1,10,5,-1,0,0,0,0,-1,-1,-1,0,0,1232,-1,-1,-1,-1,-1,-1,2,0,0,0,0,0,3,0,13,2,9,41.86427438,-87.64668907
0,429755,-1,30,0,0,0,1,12,5,2,0,0,0,0,-1,-1,-1,7,-1,1912,-1,-1,-1,-1,-1,-1,2,0,0,0,0,0,2,0,13,2,9,41.96139,-87.6756702
0,429886,-1,15,0,0,0,1,5,7,-1,0,0,0,0,-1,1,-1,0,0,2223,-1,-1,-1,-1,-1,-1,2,0,0,0,0,0,1,0,13,2,9,41.72148925,-87.64969661
0,429834,-1,30,2,-1,0,1,10,5,2,0,0,-1,0,-1,-1,-1,0,0,1432,-1,-1,-1,-1,-1,-1,2,0,0,0,0,0,2,0,13,2,9,41.92874589,-87.68782124
0,429731,-1,30,0,0,0,1,10,5,4,0,0,0,0,-1,-1,-1,18,0,1133,-1,-1,-1,-1,-1,-1,2,0,0,0,0,0,2,0,13,2,9,41.86806385,-87.71562237
0,429771,-1,30,0,0,0,1,7,6,3,0,0,0,0,-1,-1,-1,0,0,1831,-1,-1,-1,-1,-1,-1,2,0,0,0,0,0,3,0,12,2,9,41.89005827,-87.63122989
0,429739,-1,30,0,0,0,1,5,5,-1,0,0,12,0,-1,-1,-1,29,28,2232,-1,-1,-1,-1,-1,-1,1,0,0,0,0,0,1,0,12,2,9,41.70125827,-87.65495837
0,429709,-1,30,-1,0,0,1,14,5,-1,0,-1,-1,0,-1,-1,-1,0,-1,1925,-1,-1,-1,-1,-1,-1,2,0,0,0,0,0,3,0,12,2,9,41.94956271,-87.6487742
0,429659,-1,30,1,2,0,1,0,5,2,0,0,0,1,1,-1,-1,17,-1,2424,-1,-1,-1,-1,-1,-1,2,0,0,0,0,0,2,0,12,2,9,42.01005991,-87.67435681
0,429758,-1,30,1,2,0,1,12,5,-1,0,0,0,0,-1,-1,1,22,16,2533,-1,-1,-1,-1,-1,-1,2,0,0,0,0,0,2,0,12,2,9,41.90973635,-87.74605345
1,429712,-1,30,1,2,0,1,10,5,-1,0,0,0,1,1,-1,-1,7,16,2433,-1,-1,-1,-1,-1,-1,2,1,0,0,0,1,1,0,12,2,9,41.997137,-87.66061961
0,429776,-1,30,0,0,0,1,7,12,0,0,2,12,1,-1,-1,1,0,-1,423,-1,-1,-1,-1,-1,-1,2,0,0,0,0,0,1,0,12,2,9,41.73099529,-87.55251396
0,429829,-1,30,0,0,0,1,12,5,-1,0,0,0,0,-1,-1,-1,17,-1,2514,-1,-1,-1,-1,-1,-1,2,0,0,0,0,0,2,0,12,2,9,41.93137132,-87.76610263
0,429697,-1,0,0,0,0,1,14,2,-1,0,0,12,0,-1,-1,-1,0,-1,324,-1,-1,-1,-1,-1,-1,2,0,0,0,0,0,3,0,12,2,9,41.75887774,-87.58568244
0,429912,-1,25,0,0,0,1,7,5,2,0,0,0,0,-1,-1,-1,0,-1,813,-1,-1,-1,-1,-1,-1,2,0,0,0,0,0,1,0,12,2,9,41.78049447,-87.72906363
0,429682,-1,10,0,0,0,1,10,12,-1,0,0,0,0,-1,1,-1,-1,-1,1611,-1,-1,-1,-1,-1,-1,2,0,0,0,0,0,2,0,12,2,9,41.99287544,-87.78352149
0,429654,-1,30,0,0,0,1,12,2,4,0,0,0,0,-1,-1,1,25,17,123,-1,-1,-1,-1,-1,-1,2,0,0,0,0,0,4,0,12,2,9,41.87326297,-87.62475999