MOST_SEVERE_INJURY,RD_NO,CRASH_DATE_EST_I,POSTED_SPEED_LIMIT,TRAFFIC_CONTROL_DEVICE,DEVICE_CONDITION,WEATHER_CONDITION,LIGHTING_CONDITION,FIRST_CRASH_TYPE,TRAFFICWAY_TYPE,LANE_CNT,ALIGNMENT,ROADWAY_SURFACE_COND,ROAD_DEFECT,CRASH_TYPE,INTERSECTION_RELATED_I,NOT_RIGHT_OF_WAY_I,HIT_AND_RUN_I,PRIM_CONTRIBUTORY_CAUSE,SEC_CONTRIBUTORY_CAUSE,BEAT_OF_OCCURRENCE,PHOTOS_TAKEN_I,STATEMENTS_TAKEN_I,DOORING_I,WORK_ZONE_I,WORK_ZONE_TYPE,WORKERS_PRESENT_I,NUM_UNITS,INJURIES_TOTAL,INJURIES_FATAL,INJURIES_INCAPACITATING,INJURIES_NON_INCAPACITATING,INJURIES_REPORTED_NOT_EVIDENT,INJURIES_NO_INDICATION,INJURIES_UNKNOWN,CRASH_HOUR,CRASH_DAY_OF_WEEK,CRASH_MONTH,LATITUDE,LONGITUDE
0,434823,-1,30,0,0,0,1,10,2,-1,0,0,0,0,-1,-1,-1,17,20,1733,-1,-1,-1,-1,-1,-1,2,0,0,0,0,0,2,0,12,2,9,41.95281462,-87.70813344
0,429685,-1,30,0,0,0,1,12,5,4,0,0,0,0,-1,-1,-1,21,21,1033,-1,-1,-1,-1,-1,-1,2,0,0,0,0,0,2,0,12,2,9,41.83224898,-87.70452991
0,429668,-1,15,0,0,0,1,7,7,-1,0,0,0,0,-1,1,1,16,0,2234,-1,-1,-1,-1,-1,-1,2,0,0,0,0,0,1,0,12,2,9,41.68230649,-87.66274678
0,429677,-1,30,1,2,0,1,8,2,-1,0,0,0,0,1,-1,-1,17,11,1921,-1,-1,-1,-1,-1,-1,2,0,0,0,0,0,2,0,11,2,9,41.93957041,-87.68810786
0,439847,-1,30,0,0,0,1,7,5,-1,0,0,0,0,-1,-1,-1,25,-1,1824,-1,-1,-1,-1,-1,-1,2,0,0,0,0,0,1,0,11,2,9,41.9009054,-87.62537666
0,429661,-1,30,0,0,0,1,12,5,-1,0,0,0,0,-1,-1,-1,17,0,1031,-1,-1,-1,-1,-1,-1,2,0,0,0,0,0,2,0,11,2,9,41.836398,-87.72419314
0,429799,-1,30,0,0,0,1,10,5,-1,0,0,0,0,-1,-1,-1,-1,-1,912,-1,-1,-1,-1,-1,-1,2,0,0,0,0,0,2,0,11,2,9,41.83940222,-87.67555714
0,430204,-1,30,0,0,2,1,7,5,-1,0,0,0,0,-1,-1,-1,0,0,915,-1,-1,-1,-1,-1,-1,2,0,0,0,0,0,2,0,11,2,9,41.83452779,-87.64491969
0,429750,-1,20,0,0,0,2,7,7,-1,0,0,0,0,-1,1,-1,0,-1,1633,-1,-1,-1,-1,-1,-1,2,0,0,0,0,0,1,0,11,2,9,41.93866932,-87.76777554
0,429660,-1,30,0,0,0,1,12,2,-1,0,0,0,0,-1,-1,-1,17,0,1232,-1,-1,-1,-1,-1,-1,2,0,0,0,0,0,2,0,11,2,9,41.86703514,-87.64752208
1,429604,-1,30,3,2,0,1,10,5,4,0,0,0,1,-1,-1,-1,0,0,1111,-1,-1,-1,-1,-1,-1,2,3,0,0,0,3,3,0,11,2,9,41.89401129,-87.74562786
0,429710,-1,0,0,0,0,1,7,7,-1,0,-1,-1,0,-1,-1,1,0,-1,1225,-1,-1,-1,-1,-1,-1,2,0,0,0,0,0,1,0,11,2,9,41.86781446,-87.68015975
0,429563,-1,30,0,0,0,1,14,2,4,0,0,0,1,-1,-1,-1,23,14,1711,-1,-1,-1,-1,-1,-1,2,0,0,0,0,0,2,0,11,2,9,41.98910057,-87.74817542
0,429611,-1,0,0,0,0,1,11,7,-1,0,0,0,0,-1,1,-1,20,-1,2413,-1,-1,-1,-1,-1,-1,2,0,0,0,0,0,2,0,11,2,9,41.99570495,-87.689964
0,430854,-1,30,0,0,0,1,5,4,-1,0,0,0,0,-1,-1,-1,0,-1,935,-1,-1,-1,-1,-1,-1,1,0,0,0,0,0,1,0,11,2,9,41.80174243,-87.64256794
0,429843,1,30,0,0,0,-1,7,6,1,0,0,0,0,-1,-1,1,0,-1,2525,-1,-1,-1,-1,-1,-1,2,0,0,0,0,0,1,0,11,2,9,41.92054836,-87.72313619
0,429777,-1,5,0,0,0,1,7,7,0,0,0,0,0,-1,1,-1,20,0,924,-1,-1,-1,-1,-1,-1,2,0,0,0,0,0,1,0,11,2,9,41.80861279,-87.68373208
0,429584,-1,30,1,2,0,1,12,1,3,0,0,0,0,1,-1,-1,21,0,1235,-1,-1,-1,-1,-1,-1,2,0,0,0,0,0,2,0,11,2,9,41.85605221,-87.6628789
0,429560,-1,20,0,0,0,1,7,5,2,0,0,0,1,-1,-1,-1,21,7,914,-1,-1,-1,-1,-1,-1,2,0,0,0,0,0,1,0,11,2,9,41.84411897,-87.6429321
2,429567,-1,30,1,1,0,1,8,3,4,0,0,0,1,-1,-1,-1,0,0,1225,-1,-1,-1,-1,-1,-1,2,1,0,0,1,0,2,0,10,2,9,41.8708895,-87.67651265
0,429580,-1,30,1,2,0,1,10,2,2,0,0,0,0,-1,-1,-1,11,16,2535,-1,-1,-1,-1,-1,-1,2,0,0,0,0,0,4,0,10,2,9,41.90544853,-87.72624082
0,429652,-1,30,0,0,1,1,12,3,-1,0,0,0,0,-1,-1,-1,0,-1,1932,-1,-1,-1,-1,-1,-1,2,0,0,0,0,0,2,0,10,2,9,41.93825331,-87.6684632
0,429578,-1,20,0,0,0,1,12,8,1,0,0,0,1,1,-1,1,21,-1,1732,-1,-1,-1,-1,-1,-1,2,0,0,0,0,0,2,0,10,2,9,41.94572355,-87.71635273
0,429564,-1,30,1,2,1,1,14,6,-1,0,0,0,0,1,-1,-1,0,0,1922,-1,-1,-1,-1,-1,-1,2,0,0,0,0,0,2,0,10,2,9,41.94138458,-87.67049159
0,429569,-1,15,0,0,0,1,7,7,1,0,0,0,0,-1,-1,-1,21,-1,1723,-1,-1,-1,-1,-1,-1,2,0,0,0,0,0,1,0,10,2,9,41.9665999,-87.72783495
0,429537,-1,30,0,0,0,1,14,5,-1,0,0,0,1,1,-1,-1,23,-1,332,-1,-1,-1,-1,-1,-1,2,0,0,0,0,0,2,0,10,2,9,41.77325864,-87.58329451
0,429708,-1,30,0,0,0,1,8,5,-1,0,0,0,0,-1,-1,-1,11,-1,1931,-1,-1,-1,-1,-1,-1,2,0,0,0,0,0,2,0,10,2,9,41.93006216,-87.67576274
0,429535,-1,25,0,0,0,1,7,6,1,0,0,0,1,-1,-1,-1,-1,-1,414,-1,-1,-1,-1,-1,-1,2,0,0,0,0,0,1,0,10,2,9,41.75482663,-87.57497927
0,429513,-1,30,1,2,0,1,12,5,2,0,0,0,0,-1,-1,-1,20,16,1925,-1,1,-1,-1,-1,-1,2,0,0,0,0,0,4,0,10,2,9,41.94705802,-87.64270269
0,430667,-1,30,0,0,-1,1,7,6,1,0,-1,-1,0,-1,-1,1,0,-1,812,-1,-1,-1,-1,-1,-1,2,0,0,0,0,0,1,0,10,2,9,41.78111247,-87.7739137
0,429860,-1,30,0,0,0,1,11,0,2,0,0,-1,0,-1,-1,1,10,0,131,-1,-1,-1,1,2,-1,2,0,0,0,0,0,2,0,10,2,9,41.86480835,-87.62562362
0,429508,-1,30,2,2,0,1,12,5,2,0,0,0,0,-1,-1,-1,11,0,235,-1,-1,-1,-1,-1,-1,2,0,0,0,0,0,2,0,10,2,9,41.7951358,-87.58409593
0,429495,-1,20,1,2,0,1,12,3,-1,0,0,0,0,-1,-1,0,22,17,123,-1,-1,-1,-1,-1,-1,2,0,0,0,0,0,2,0,10,2,9,41.87565854,-87.62440494
0,439035,-1,25,10,2,0,1,2,2,2,0,0,0,1,-1,-1,-1,-1,-1,2534,-1,-1,-1,-1,-1,-1,1,0,0,0,0,0,2,0,10,2,9,41.91321402,-87.73606888
0,431160,-1,5,0,0,0,1,7,7,0,0,0,0,0,-1,1,1,0,-1,833,-1,-1,-1,-1,-1,-1,2,0,0,0,0,0,1,0,10,2,9,41.7568764,-87.72232174
0,429557,-1,30,1,2,0,1,14,2,4,0,0,0,0,-1,-1,-1,17,17,1811,-1,-1,-1,-1,-1,-1,2,0,0,0,0,0,2,0,10,2,9,41.91084915,-87.65427439
0,429509,-1,30,0,0,0,1,10,2,-1,0,0,0,0,-1,-1,-1,18,-1,812,-1,1,-1,-1,-1,-1,2,0,0,0,0,0,2,0,9,2,9,41.77779783,-87.76910866
0,429471,1,0,0,0,0,1,7,7,0,2,0,0,0,-1,-1,-1,0,0,421,-1,-1,-1,-1,-1,-1,3,0,0,0,0,0,1,0,9,2,9,41.75484809,-87.54527394
0,429474,-1,15,0,0,0,1,7,0,1,0,0,0,0,-1,-1,-1,-1,-1,2532,-1,-1,-1,-1,-1,-1,2,0,0,0,0,0,1,0,9,2,9,41.9095388,-87.76135533
0,429472,-1,30,0,0,0,1,12,6,2,0,0,0,0,-1,-1,-1,17,17,122,-1,-1,-1,-1,-1,-1,2,0,0,0,0,0,2,0,9,2,9,41.87930129,-87.63116779
0,429459,-1,30,1,2,0,1,2,3,4,0,0,0,1,-1,-1,-1,11,11,1231,-1,-1,-1,-1,-1,-1,1,0,0,0,0,0,1,0,9,2,9,41.87424715,-87.66674704
0,429438,-1,30,1,2,0,1,10,5,2,0,0,0,0,1,-1,-1,21,16,925,-1,-1,-1,-1,-1,-1,2,0,0,0,0,0,2,0,9,2,9,41.80897519,-87.64521019
0,429480,-1,30,0,0,0,1,12,2,2,0,0,0,0,-1,-1,1,0,-1,1115,-1,-1,-1,-1,-1,-1,2,0,0,0,0,0,2,0,9,2,9,41.87879857,-87.7352671
0,429477,-1,35,0,-1,0,1,12,5,2,0,0,0,0,-1,-1,-1,22,11,1933,-1,-1,-1,-1,-1,-1,2,0,0,0,0,0,2,0,9,2,9,41.9393987,-87.65394132
0,429516,-1,30,0,0,0,1,12,6,2,0,0,0,1,-1,-1,-1,17,-1,1834,-1,-1,-1,-1,-1,-1,2,0,0,0,0,0,2,0,9,2,9,41.89416116,-87.61620201
0,429434,-1,30,0,0,0,1,10,3,6,0,0,0,1,-1,-1,-1,18,-1,411,-1,-1,-1,0,-1,-1,3,0,0,0,0,0,3,0,9,2,9,41.75401405,-87.58624129
0,429416,-1,30,0,0,0,1,7,5,2,0,0,0,0,-1,-1,1,0,-1,1413,-1,-1,-1,-1,-1,-1,2,0,0,0,0,0,1,0,9,2,9,41.92799721,-87.71205246
1,429381,-1,35,1,2,0,1,9,5,4,0,0,0,1,-1,-1,-1,22,-1,623,-1,-1,-1,-1,-1,-1,2,2,0,0,0,2,0,0,9,2,9,41.75100118,-87.62469437
2,429415,-1,30,0,0,0,1,14,5,2,0,0,0,1,1,-1,-1,11,0,1935,-1,-1,-1,-1,-1,-1,2,2,0,0,2,0,0,0,8,2,9,41.93225279,-87.63883316
0,429408,-1,25,0,0,0,1,0,0,2,0,0,0,0,-1,-1,-1,17,16,1731,-1,-1,-1,-1,-1,-1,2,0,0,0,0,0,2,0,8,2,9,41.94481674,-87.74388361
0,429418,-1,30,0,0,0,1,10,5,2,0,0,0,0,-1,-1,-1,0,-1,913,-1,-1,-1,-1,-1,-1,2,0,0,0,0,0,6,0,8,2,9,-1,-1
0,429414,-1,30,2,2,0,1,0,5,4,0,0,0,0,1,-1,-1,17,33,1633,-1,-1,-1,-1,-1,-1,2,0,0,0,0,0,4,0,8,2,9,41.94871813,-87.76699887
0,434257,-1,30,0,0,0,1,5,5,-1,0,0,1,0,-1,-1,-1,0,-1,1023,-1,-1,-1,-1,-1,-1,2,0,0,0,0,0,1,0,8,2,9,41.86655006,-87.68618329
2,429428,-1,30,1,2,0,1,14,2,-1,2,0,0,1,1,-1,1,32,17,833,-1,-1,-1,-1,-1,-1,4,1,0,0,1,0,1,0,8,2,9,41.76400775,-87.72249911
0,429387,-1,30,0,0,0,1,2,5,1,0,0,0,0,-1,0,-1,0,29,1621,-1,-1,-1,-1,-1,-1,1,0,0,0,0,0,1,0,8,2,9,41.99899843,-87.76138216
2,429380,-1,30,1,2,0,1,9,5,-1,0,0,0,1,1,-1,-1,6,-1,1932,-1,-1,-1,-1,-1,-1,2,1,0,0,1,0,2,0,8,2,9,41.93230721,-87.65857221
0,429375,-1,30,2,2,0,1,0,2,-1,0,0,0,0,-1,-1,-1,5,17,1413,-1,-1,-1,-1,-1,-1,2,0,0,0,0,0,2,0,8,2,9,41.92663295,-87.70767731
0,454853,-1,30,1,2,0,1,14,5,2,0,0,0,0,-1,-1,-1,0,0,624,-1,-1,-1,-1,-1,-1,2,0,0,0,0,0,2,0,8,2,9,41.75860901,-87.59572136
0,429556,-1,30,0,-1,0,1,7,5,-1,0,0,0,0,-1,-1,-1,24,-1,133,-1,-1,-1,-1,-1,-1,2,0,0,0,0,0,1,0,8,2,9,41.84531177,-87.62198161
0,429435,-1,30,0,0,0,1,11,5,-1,0,0,0,0,-1,-1,-1,0,0,1422,-1,-1,-1,-1,-1,-1,2,0,0,0,0,0,3,0,8,2,9,41.90822571,-87.71659762
0,429406,-1,30,2,2,0,1,10,5,-1,0,0,0,0,-1,-1,-1,18,-1,1225,-1,-1,-1,-1,-1,-1,2,0,0,0,0,0,2,0,8,2,9,41.87494631,-87.67417087
0,429395,-1,30,1,2,0,1,12,6,3,0,0,0,0,1,-1,-1,22,16,121,-1,-1,-1,-1,-1,-1,2,0,0,0,0,0,2,0,8,2,9,41.87805278,-87.64121903
0,429374,-1,15,0,0,0,1,7,6,-1,0,0,0,0,-1,-1,1,-1,0,1731,-1,-1,-1,-1,-1,-1,2,0,0,0,0,0,1,0,8,2,9,41.94449072,-87.72931984
0,429372,-1,30,1,2,0,1,14,5,2,0,0,0,0,1,-1,-1,17,0,1135,-1,-1,-1,-1,-1,-1,2,0,0,0,0,0,2,0,8,2,9,41.87126862,-87.68628838
0,429364,-1,30,1,2,0,1,10,5,4,0,0,0,0,1,-1,-1,0,0,1111,-1,-1,-1,-1,-1,-1,2,0,0,0,0,0,4,0,8,2,9,41.89910948,-87.72634259
0,429352,-1,30,0,0,0,1,10,5,2,0,0,0,0,-1,-1,-1,18,0,1633,-1,-1,-1,-1,-1,-1,3,0,0,0,0,0,3,0,8,2,9,41.9387131,-87.76426884
0,429363,-1,30,0,0,0,1,14,5,2,0,0,0,0,1,-1,-1,23,16,1624,-1,-1,-1,-1,-1,-1,2,0,0,0,0,0,2,0,8,2,9,41.95310613,-87.77937152
0,429439,-1,30,2,0,0,1,14,6,-1,0,0,0,0,-1,-1,-1,23,-1,133,-1,-1,-1,-1,-1,-1,2,0,0,0,0,0,2,0,8,2,9,41.84269906,-87.61744533
0,429464,-1,30,1,2,0,1,10,5,2,0,0,0,0,1,-1,-1,18,0,1235,-1,-1,-1,-1,-1,-1,2,0,0,0,0,0,3,0,8,2,9,41.85768132,-87.64487822
0,429419,-1,30,3,2,0,1,10,2,2,0,0,0,0,-1,-1,-1,18,-1,1034,-1,-1,-1,-1,-1,-1,2,0,0,0,0,0,2,0,8,2,9,41.85046066,-87.671071
0,429369,-1,25,2,2,0,1,7,5,-1,0,0,0,1,1,-1,-1,-1,0,911,-1,-1,-1,-1,-1,-1,2,0,0,0,0,0,1,0,8,2,9,41.82424939,-87.71165666
0,429347,1,30,0,0,0,3,7,5,2,0,0,0,0,-1,-1,1,0,-1,221,-1,-1,-1,-1,-1,-1,2,0,0,0,0,0,1,0,8,2,9,41.81147097,-87.6060242
0,429384,-1,10,0,0,0,1,14,7,-1,0,0,0,1,-1,-1,-1,10,0,1233,-1,-1,-1,-1,-1,-1,2,0,0,0,0,0,2,0,8,2,9,41.86674938,-87.66846405
0,429370,-1,30,0,0,0,1,14,2,-1,0,0,0,0,-1,-1,-1,23,-1,824,-1,1,-1,-1,-1,-1,2,0,0,0,0,0,5,0,8,2,9,41.79307066,-87.68387283
0,429359,-1,20,2,2,0,1,7,6,1,0,0,-1,0,1,-1,-1,23,-1,1723,-1,-1,-1,-1,-1,-1,2,0,0,0,0,0,5,0,8,2,9,41.96633718,-87.7254736
0,445486,-1,30,2,0,0,1,10,2,2,0,0,0,0,1,-1,-1,17,11,432,-1,-1,-1,-1,-1,-1,2,0,0,0,0,0,3,0,8,2,9,41.70263873,-87.53885323
0,430812,-1,30,0,0,0,1,7,2,2,0,0,0,0,-1,-1,1,0,-1,214,-1,-1,-1,-1,-1,-1,2,0,0,0,0,0,1,0,8,2,9,41.82118447,-87.59992594
0,430012,-1,30,0,0,0,1,10,5,2,0,0,0,0,-1,-1,-1,16,11,833,-1,-1,-1,-1,-1,-1,2,0,0,0,0,0,2,0,8,2,9,41.76423659,-87.72000987
0,429559,-1,30,2,0,0,1,2,5,-1,0,0,0,0,-1,-1,-1,22,22,432,-1,-1,-1,-1,-1,-1,2,0,0,0,0,0,2,0,8,2,9,41.70265826,-87.53905951
0,429492,-1,30,0,0,0,1,7,3,4,0,0,0,1,-1,-1,1,0,0,634,-1,-1,-1,-1,-1,-1,2,0,0,0,0,0,1,0,8,2,9,41.7217275,-87.63166998
2,429393,-1,30,0,0,0,1,10,5,4,0,0,0,1,-1,-1,-1,9,11,1631,-1,-1,-1,-1,-1,-1,4,1,0,0,1,0,5,0,8,2,9,41.93787959,-87.82493069
0,424323,-1,30,2,0,0,1,0,5,-1,0,0,0,1,1,-1,-1,0,0,323,-1,-1,-1,-1,-1,-1,2,0,0,0,0,0,4,0,7,2,9,41.76184393,-87.62175671
0,429411,-1,30,0,0,0,1,7,5,2,0,0,0,0,-1,-1,-1,0,0,1433,-1,-1,-1,-1,-1,-1,2,0,0,0,0,0,1,0,7,2,9,41.91776713,-87.67046528
0,429338,-1,35,2,-1,0,1,0,5,-1,0,0,0,0,-1,-1,-1,17,11,1932,-1,-1,-1,-1,-1,-1,2,0,0,0,0,0,2,0,7,2,9,41.92530955,-87.66463617
0,429324,-1,25,0,0,0,1,7,6,0,0,0,0,0,1,-1,-1,11,11,2413,-1,-1,-1,-1,-1,-1,2,0,0,0,0,0,6,0,7,2,9,41.99663817,-87.69243888
2,429344,-1,30,1,2,0,1,14,2,4,0,0,0,1,1,-1,-1,17,11,1113,-1,-1,-1,-1,-1,-1,2,1,0,0,1,0,2,0,7,2,9,41.88188426,-87.74519554
0,433299,-1,35,0,0,0,1,10,2,6,0,0,0,0,-1,-1,-1,0,0,813,-1,-1,-1,-1,-1,-1,2,0,0,0,0,0,2,0,7,2,9,41.78210475,-87.74226501
0,433132,-1,45,0,0,0,1,12,3,8,0,0,0,0,-1,-1,1,0,0,114,-1,-1,-1,-1,-1,-1,2,0,0,0,0,0,2,0,7,2,9,41.8808574,-87.61739714
2,429312,-1,30,1,2,0,1,9,6,4,2,0,0,1,1,-1,-1,17,16,1414,-1,-1,-1,-1,-1,-1,2,1,0,0,1,0,4,0,7,2,9,41.92786238,-87.70685915
0,429341,-1,30,0,3,0,1,12,2,-1,0,0,0,0,-1,-1,-1,0,0,1034,-1,-1,-1,-1,-1,-1,2,0,0,0,0,0,3,0,7,2,9,41.85116316,-87.675663
0,429488,-1,30,0,0,0,1,12,5,2,0,0,0,0,-1,-1,-1,17,-1,1712,-1,-1,-1,-1,-1,-1,2,0,0,0,0,0,2,0,7,2,9,41.97950365,-87.71378633
2,429373,-1,30,2,0,0,1,0,5,4,0,0,0,1,-1,-1,-1,17,22,1624,-1,-1,-1,-1,-1,-1,2,1,0,0,1,0,1,0,7,2,9,41.95884573,-87.75275647
0,429316,-1,30,1,2,0,1,12,5,2,0,0,0,0,-1,-1,-1,21,17,233,-1,-1,-1,-1,-1,-1,2,0,0,0,0,0,6,0,7,2,9,41.78766642,-87.60622616
0,429343,-1,45,0,0,0,1,12,3,11,0,0,0,0,-1,-1,-1,0,21,132,-1,-1,-1,-1,-1,-1,2,0,0,0,0,0,3,0,7,2,9,41.8561995,-87.6154354
0,429335,-1,30,1,2,0,1,10,1,6,0,0,0,0,1,-1,-1,20,-1,1233,-1,-1,-1,-1,-1,-1,2,0,0,0,0,0,2,0,7,2,9,41.86681578,-87.66652926
1,429310,-1,30,1,2,0,1,14,3,-1,0,0,0,1,1,-1,-1,17,-1,1224,-1,-1,-1,-1,-1,-1,2,1,0,0,0,1,3,0,7,2,9,41.88340665,-87.666999
2,429294,-1,30,1,2,0,1,14,5,-1,0,0,0,1,1,-1,-1,6,-1,613,-1,-1,-1,-1,-1,-1,2,2,0,0,2,0,1,0,7,2,9,41.73703554,-87.64495096
0,430287,-1,30,0,0,0,1,10,3,4,0,0,0,0,-1,-1,1,18,-1,132,-1,-1,-1,-1,-1,-1,3,0,0,0,0,0,3,0,7,2,9,41.85900353,-87.61713079
0,429629,-1,30,1,2,0,1,10,2,2,0,0,0,0,-1,-1,-1,0,-1,1221,-1,-1,-1,-1,-1,-1,2,0,0,0,0,0,2,0,7,2,9,41.89548501,-87.70221481
0,429378,-1,25,0,0,0,1,10,2,-1,0,0,0,0,-1,-1,-1,-1,-1,1634,-1,-1,-1,-1,-1,-1,2,0,0,0,0,0,4,0,7,2,9,41.94620891,-87.74907536
0,429328,-1,30,2,2,0,1,12,5,-1,0,0,0,0,1,-1,-1,21,17,1924,-1,-1,-1,-1,-1,-1,2,0,0,0,0,0,3,0,7,2,9,41.94550365,-87.64957851
0,429314,-1,30,-1,-1,0,1,7,-1,-1,3,0,0,0,-1,-1,1,0,-1,123,-1,-1,-1,-1,-1,-1,2,0,0,0,0,0,1,0,7,2,9,41.87217635,-87.62880387
2,429311,-1,20,0,0,0,1,14,5,-1,0,0,0,1,1,-1,-1,17,17,914,-1,-1,-1,-1,-1,-1,2,1,0,0,1,0,2,0,7,2,9,41.84106967,-87.63659233
0,429304,-1,30,0,0,0,1,14,2,2,0,0,0,0,-1,-1,-1,22,17,1023,-1,-1,-1,-1,-1,-1,3,0,0,0,0,0,3,0,7,2,9,41.85465724,-87.69539303
0,429315,-1,30,0,0,0,1,7,5,4,0,0,0,0,-1,-1,-1,32,-1,1522,-1,-1,-1,-1,-1,-1,2,0,0,0,0,0,1,0,7,2,9,41.88046719,-87.75622522
0,429309,-1,30,1,2,0,1,12,2,4,0,0,0,1,1,-1,-1,2,0,1612,-1,-1,-1,-1,-1,-1,2,0,0,0,0,0,2,0,7,2,9,41.99037847,-87.80701548
0,429293,-1,30,0,0,0,1,0,2,2,0,0,0,1,-1,-1,-1,0,0,1624,-1,-1,-1,-1,-1,-1,2,0,0,0,0,0,2,0,7,2,9,41.95649273,-87.75739938
0,429300,-1,30,1,2,0,1,14,2,4,0,0,0,1,1,-1,-1,0,0,1733,-1,-1,-1,-1,-1,-1,3,0,0,0,0,0,3,0,7,2,9,41.93944056,-87.70771852
0,429297,-1,30,1,2,0,1,10,5,4,0,0,0,0,-1,-1,1,16,-1,933,-1,-1,-1,-1,-1,-1,2,0,0,0,0,0,3,0,7,2,9,41.8085091,-87.66387726
0,429282,-1,30,0,0,0,1,10,5,4,0,0,0,0,-1,-1,-1,0,0,1611,-1,-1,-1,-1,-1,-1,2,0,0,0,0,0,2,0,7,2,9,41.99738217,-87.78807767
0,429781,-1,30,1,-1,0,1,3,5,-1,0,-1,-1,0,1,-1,-1,20,-1,923,-1,-1,-1,-1,-1,-1,2,0,0,0,0,0,2,0,7,2,9,41.8012343,-87.68437373
0,429286,-1,30,1,2,0,1,12,5,-1,0,0,0,1,1,-1,-1,22,11,1934,-1,-1,-1,-1,-1,-1,2,0,0,0,0,0,2,0,7,2,9,41.93446386,-87.63949725
0,431181,-1,30,0,0,0,1,7,2,2,0,0,0,0,-1,-1,-1,0,-1,2424,-1,-1,-1,-1,-1,-1,2,0,0,0,0,0,1,0,7,2,9,42.01543756,-87.68401539
0,429284,-1,25,2,0,0,1,14,5,-1,0,0,0,0,1,-1,-1,17,17,1232,-1,-1,-1,-1,-1,-1,2,0,0,0,0,0,2,0,6,2,9,41.87786384,-87.64855597
0,429281,-1,30,0,0,0,1,14,5,-1,0,0,-1,1,1,-1,-1,17,0,1222,-1,-1,-1,-1,-1,-1,2,0,0,0,0,0,2,0,6,2,9,41.8844792,-87.68779182
0,431101,-1,30,-1,-1,-1,-1,10,-1,-1,0,-1,-1,0,-1,-1,-1,18,-1,1731,-1,-1,-1,-1,-1,-1,2,0,0,0,0,0,2,0,6,2,9,41.93913984,-87.73208763
0,429274,-1,20,0,0,0,1,7,6,2,0,0,0,1,-1,-1,-1,17,-1,1634,-1,-1,-1,-1,-1,-1,4,0,0,0,0,0,1,0,6,2,9,41.94233917,-87.74909581
0,430051,-1,30,0,0,0,1,12,5,3,0,0,-1,0,-1,-1,-1,0,0,331,-1,-1,-1,-1,-1,-1,2,0,0,0,0,0,2,0,6,2,9,41.79132371,-87.57977946
0,440122,-1,30,1,2,0,1,12,2,4,0,0,0,0,-1,-1,1,22,-1,2525,-1,-1,-1,-1,-1,-1,2,0,0,0,0,0,3,0,6,2,9,41.92072259,-87.72651729
0,432200,-1,30,0,0,-1,-1,7,2,2,0,-1,-1,0,-1,-1,1,-1,-1,235,-1,-1,-1,-1,-1,-1,2,0,0,0,0,0,1,0,6,2,9,41.79152143,-87.59950057
0,429272,-1,30,1,2,1,4,10,2,5,0,0,0,0,-1,-1,-1,16,0,1524,-1,-1,-1,-1,-1,-1,2,0,0,0,0,0,2,0,6,2,9,41.89482475,-87.75565492
0,429263,-1,30,0,0,0,0,14,5,2,0,0,0,0,-1,-1,-1,16,0,1722,-1,-1,-1,-1,-1,-1,2,0,0,0,0,0,2,0,5,2,9,41.96582233,-87.72810809
0,429993,-1,30,0,0,0,3,1,5,2,1,0,-1,0,-1,-1,-1,1,-1,1513,-1,-1,-1,-1,-1,-1,2,0,0,0,0,0,1,0,5,2,9,41.87034652,-87.77412878
0,429905,1,25,0,0,-1,-1,7,5,-1,0,0,0,0,-1,-1,1,0,0,2413,-1,-1,-1,-1,-1,-1,2,0,0,0,0,0,1,0,5,2,9,41.995765,-87.69232464
0,430346,-1,25,0,0,0,2,7,5,2,0,0,0,0,-1,-1,1,0,-1,834,-1,-1,-1,-1,-1,-1,2,0,0,0,0,0,1,0,5,2,9,41.73942267,-87.71929865
0,429952,-1,30,1,2,0,2,10,5,2,0,0,-1,0,-1,-1,1,18,0,1933,-1,-1,-1,-1,-1,-1,2,0,0,0,0,0,3,0,5,2,9,41.93267442,-87.65822869
0,430225,-1,30,0,0,0,3,7,5,-1,0,0,0,0,-1,-1,1,0,0,1031,-1,-1,-1,-1,-1,-1,2,0,0,0,0,0,1,0,5,2,9,41.83486797,-87.72078694
3,429247,-1,30,0,0,0,3,4,2,-1,0,0,0,1,1,-1,-1,0,0,922,-1,-1,-1,-1,-1,-1,1,1,0,1,0,0,0,0,4,2,9,41.80838686,-87.69443868
2,429242,-1,20,2,2,0,3,2,6,1,0,0,0,1,-1,-1,-1,12,0,2223,-1,-1,-1,-1,-1,-1,1,1,0,0,1,0,0,0,3,2,9,41.71533362,-87.63396399
2,429240,-1,30,0,0,0,3,2,5,2,0,0,0,1,-1,-1,1,0,0,1831,-1,-1,-1,-1,-1,-1,1,2,0,0,2,0,0,0,3,2,9,41.8913915,-87.63980649
0,429238,-1,35,0,0,0,3,7,5,-1,0,0,0,1,-1,-1,1,0,0,2032,-1,-1,-1,-1,-1,-1,2,0,0,0,0,0,1,0,3,2,9,41.96889326,-87.67712092
0,429227,-1,30,1,2,0,3,10,5,-1,0,0,0,0,-1,-1,-1,16,0,2531,-1,-1,-1,-1,-1,-1,2,0,0,0,0,0,3,0,2,2,9,41.909497,-87.76583239
3,429212,-1,30,0,0,0,3,2,5,2,0,0,-1,1,-1,-1,-1,0,0,723,-1,-1,-1,-1,-1,-1,1,1,0,1,0,0,0,0,1,2,9,41.77909534,-87.64462439