MOST_SEVERE_INJURY,RD_NO,CRASH_DATE_EST_I,POSTED_SPEED_LIMIT,TRAFFIC_CONTROL_DEVICE,DEVICE_CONDITION,WEATHER_CONDITION,LIGHTING_CONDITION,FIRST_CRASH_TYPE,TRAFFICWAY_TYPE,LANE_CNT,ALIGNMENT,ROADWAY_SURFACE_COND,ROAD_DEFECT,CRASH_TYPE,INTERSECTION_RELATED_I,NOT_RIGHT_OF_WAY_I,HIT_AND_RUN_I,PRIM_CONTRIBUTORY_CAUSE,SEC_CONTRIBUTORY_CAUSE,BEAT_OF_OCCURRENCE,PHOTOS_TAKEN_I,STATEMENTS_TAKEN_I,DOORING_I,WORK_ZONE_I,WORK_ZONE_TYPE,WORKERS_PRESENT_I,NUM_UNITS,INJURIES_TOTAL,INJURIES_FATAL,INJURIES_INCAPACITATING,INJURIES_NON_INCAPACITATING,INJURIES_REPORTED_NOT_EVIDENT,INJURIES_NO_INDICATION,INJURIES_UNKNOWN,CRASH_HOUR,CRASH_DAY_OF_WEEK,CRASH_MONTH,LATITUDE,LONGITUDE
0,429184,-1,30,1,2,0,3,10,5,3,0,0,-1,0,-1,-1,1,0,0,1532,-1,-1,-1,-1,-1,-1,2,0,0,0,0,0,2,0,1,2,9,41.8819454,-87.74549107
0,429180,-1,30,0,0,0,3,10,1,-1,0,0,0,0,-1,-1,1,16,16,432,-1,-1,-1,-1,-1,-1,2,0,0,0,0,0,6,0,0,2,9,41.70266749,-87.54148887
0,429178,-1,30,0,0,0,3,7,6,1,0,0,0,0,-1,-1,-1,12,-1,811,-1,-1,-1,-1,-1,-1,2,0,0,0,0,0,1,0,0,2,9,41.78496055,-87.77844498
1,429162,-1,30,0,0,0,3,14,5,2,0,0,0,1,-1,-1,-1,18,0,1414,-1,-1,-1,-1,-1,-1,2,2,0,0,0,2,1,0,0,2,9,41.91757901,-87.69927677
0,429172,-1,35,0,0,0,3,2,3,4,0,0,0,1,-1,-1,-1,29,16,935,-1,-1,-1,-1,-1,-1,1,0,0,0,0,0,1,0,0,2,9,41.79454876,-87.63761047
0,429156,-1,30,0,0,0,3,2,4,1,0,0,0,0,-1,1,0,0,0,225,-1,-1,-1,-1,-1,-1,1,0,0,0,0,0,1,0,0,2,9,41.79491574,-87.63037667
0,429130,-1,30,1,-1,0,0,10,5,4,0,0,0,0,-1,-1,-1,16,-1,922,-1,-1,-1,-1,-1,-1,2,0,0,0,0,0,2,0,23,1,9,41.81436671,-87.70403048
0,429154,-1,30,1,2,0,3,2,5,-1,0,0,0,1,1,-1,-1,25,14,511,-1,-1,-1,-1,-1,-1,1,0,0,0,0,0,4,0,23,1,9,41.72180414,-87.61399412
0,429132,-1,30,0,0,0,3,10,2,-1,0,0,0,0,-1,-1,-1,18,-1,2535,-1,-1,-1,-1,-1,-1,2,0,0,0,0,0,2,0,23,1,9,41.90278631,-87.72606012
1,429129,-1,30,0,0,0,3,10,2,2,0,0,0,1,-1,-1,1,14,17,1915,-1,-1,-1,-1,-1,-1,5,1,0,0,0,1,3,0,23,1,9,41.95462807,-87.65239787
0,429953,-1,30,0,0,0,3,10,5,-1,0,0,0,0,-1,-1,1,0,-1,1225,-1,-1,-1,-1,-1,-1,2,0,0,0,0,0,5,0,23,1,9,41.87634061,-87.68613366
0,429460,-1,30,0,0,0,-1,7,6,-1,0,0,0,0,-1,-1,1,0,-1,214,-1,-1,-1,-1,-1,-1,2,0,0,0,0,0,1,0,23,1,9,41.82142736,-87.60332754
0,291127,-1,35,1,2,0,3,14,3,-1,0,0,0,0,-1,-1,-1,21,-1,1834,-1,-1,-1,-1,-1,-1,2,0,0,0,0,0,5,0,22,1,9,41.89484866,-87.6157001
0,429878,-1,30,0,0,0,0,7,6,-1,0,0,0,0,-1,-1,1,-1,-1,815,-1,-1,-1,-1,-1,-1,2,0,0,0,0,0,1,0,22,1,9,41.80959234,-87.72501757
0,429045,-1,35,0,0,0,3,3,5,2,0,0,0,1,-1,-1,0,17,-1,831,-1,-1,-1,-1,-1,-1,2,0,0,0,0,0,2,0,21,1,9,41.7644889,-87.68929524
0,429081,-1,35,2,2,0,3,10,5,-1,0,0,0,0,-1,-1,1,18,0,911,-1,-1,-1,-1,-1,-1,2,0,0,0,0,0,2,0,21,1,9,41.83427224,-87.68533976
-1,431714,-1,30,0,0,0,0,10,3,2,0,0,0,0,-1,-1,-1,18,-1,1034,-1,-1,-1,-1,-1,-1,-1,-1,-1,-1,-1,-1,-1,-1,21,1,9,-1,-1
0,429055,-1,30,0,0,0,3,7,6,1,0,0,0,0,-1,-1,-1,0,-1,1724,-1,-1,-1,-1,-1,-1,2,0,0,0,0,0,1,0,21,1,9,41.95673572,-87.71226804
0,452980,-1,30,0,0,0,3,12,6,-1,0,0,0,0,-1,-1,-1,0,0,1121,-1,-1,-1,-1,-1,-1,2,0,0,0,0,0,2,0,21,1,9,41.89202744,-87.71391877
0,429047,1,30,1,2,0,3,7,5,2,0,0,0,0,-1,-1,1,0,-1,2411,-1,-1,-1,-1,-1,-1,2,0,0,0,0,0,1,0,21,1,9,42.0151179,-87.69007136
0,429046,-1,45,0,0,0,3,12,3,4,0,0,-1,0,-1,-1,1,0,-1,1814,-1,-1,-1,-1,-1,-1,2,0,0,0,0,0,3,0,21,1,9,41.92608753,-87.63099255
0,429748,-1,30,0,0,0,0,12,6,-1,0,0,0,0,-1,-1,1,-1,-1,735,-1,-1,-1,-1,-1,-1,2,0,0,0,0,0,2,0,21,1,9,41.76579077,-87.66396689
0,429031,-1,35,1,2,0,3,10,5,6,0,0,0,0,-1,-1,-1,0,0,833,-1,-1,-1,-1,-1,-1,2,0,0,0,0,0,2,0,21,1,9,41.76400775,-87.72249911
0,432139,-1,30,0,0,0,1,12,7,-1,0,0,0,0,-1,-1,-1,0,0,2424,-1,-1,-1,-1,-1,-1,2,0,0,0,0,0,3,0,21,1,9,42.01632849,-87.67539827
0,429332,-1,30,0,0,0,3,7,6,1,0,0,0,0,-1,-1,1,0,0,833,-1,-1,-1,-1,-1,-1,2,0,0,0,0,0,1,0,21,1,9,41.76888016,-87.72387829
0,429074,-1,30,0,0,0,3,7,6,1,0,0,0,0,-1,-1,1,22,-1,1031,-1,-1,-1,-1,-1,-1,2,0,0,0,0,0,1,0,21,1,9,41.83836322,-87.73275111
0,429071,-1,25,0,0,0,3,7,6,1,0,0,0,1,-1,-1,1,0,11,1133,-1,-1,-1,-1,-1,-1,3,0,0,0,0,0,1,0,21,1,9,41.87541818,-87.72218883
0,429037,-1,30,1,2,0,3,7,5,-1,0,0,0,0,1,-1,-1,18,-1,123,-1,-1,-1,-1,-1,-1,2,0,0,0,0,0,1,0,20,1,9,41.86914279,-87.62761269
0,429018,1,30,0,0,0,1,7,5,-1,0,0,0,0,-1,-1,1,0,-1,1925,-1,-1,-1,-1,-1,-1,2,0,0,0,0,0,1,0,20,1,9,41.95065681,-87.64484121
0,429030,-1,35,0,0,0,3,14,2,2,0,0,0,0,-1,-1,-1,17,11,1911,-1,-1,-1,-1,-1,-1,2,0,0,0,0,0,3,0,20,1,9,41.96849333,-87.69006466
0,429024,-1,30,0,0,0,3,10,2,2,0,0,0,0,-1,-1,-1,18,-1,1421,1,-1,-1,-1,-1,-1,2,0,0,0,0,0,2,0,20,1,9,41.91021029,-87.70808823
0,428999,-1,30,2,2,0,3,14,5,2,0,0,0,0,1,-1,-1,17,16,1634,-1,-1,-1,-1,-1,-1,2,0,0,0,0,0,5,0,20,1,9,41.93971487,-87.75687147
0,428974,-1,30,2,2,0,3,10,2,2,0,0,0,0,1,-1,-1,16,11,1914,-1,-1,-1,-1,-1,-1,2,0,0,0,0,0,2,0,19,1,9,41.96894191,-87.65766136
0,429072,-1,15,0,0,0,0,7,6,1,0,0,0,0,-1,-1,1,0,0,811,-1,-1,-1,-1,-1,-1,2,0,0,0,0,0,1,0,19,1,9,41.79351426,-87.78536102
0,428986,-1,30,0,0,0,0,7,7,-1,0,0,0,0,-1,-1,-1,20,20,1023,-1,-1,-1,-1,-1,-1,2,0,0,0,0,0,1,0,19,1,9,41.86292294,-87.69154553
0,428963,-1,30,0,2,0,4,2,7,1,0,0,0,0,-1,-1,-1,16,16,1032,-1,-1,-1,-1,-1,-1,1,0,0,0,0,0,1,0,19,1,9,41.84436673,-87.70789805
0,428956,-1,30,-1,-1,-1,-1,0,12,-1,0,-1,-1,0,-1,-1,-1,0,0,1831,-1,-1,-1,-1,-1,-1,2,0,0,0,0,0,3,0,19,1,9,41.89020246,-87.63684698
2,428948,-1,30,0,0,0,3,8,5,2,0,0,0,1,-1,-1,-1,0,0,1913,-1,-1,1,-1,-1,-1,2,1,0,0,1,0,1,0,19,1,9,41.96175635,-87.66498865
0,428955,-1,35,2,2,0,4,0,5,4,0,0,0,0,-1,-1,1,17,-1,215,-1,-1,-1,-1,-1,-1,2,0,0,0,0,0,3,0,19,1,9,41.81460224,-87.62637112
0,428939,0,30,3,12,0,3,12,2,2,2,0,12,0,-1,-1,-1,4,21,1533,-1,1,-1,1,2,-1,2,0,0,0,0,0,3,0,19,1,9,41.87181289,-87.74507739
0,428965,-1,30,0,0,0,4,14,2,2,0,0,0,0,-1,-1,-1,17,14,432,-1,1,-1,-1,-1,-1,2,0,0,0,0,0,2,0,18,1,9,41.70265064,-87.54337389
0,428909,-1,30,0,0,0,1,7,7,0,0,0,0,0,-1,-1,-1,11,0,823,-1,-1,-1,-1,-1,-1,2,0,0,0,0,0,2,0,18,1,9,41.77868472,-87.71425166
0,428894,-1,30,0,0,0,1,7,6,1,0,0,0,0,-1,-1,1,0,0,1031,-1,-1,-1,-1,-1,-1,2,0,0,0,0,0,1,0,18,1,9,41.83875962,-87.73087239
0,428902,-1,30,1,2,0,1,12,5,-1,0,0,0,0,-1,-1,-1,22,-1,1632,-1,-1,-1,-1,-1,-1,2,0,0,0,0,0,3,0,18,1,9,41.95269831,-87.8071193
-1,428950,-1,30,0,0,0,4,2,5,-1,0,0,0,1,-1,-1,-1,0,-1,924,-1,-1,-1,-1,-1,-1,-1,-1,-1,-1,-1,-1,-1,-1,18,1,9,41.80880288,-87.65830922
2,428924,-1,30,0,0,0,4,9,6,1,0,0,0,1,-1,-1,-1,17,16,813,-1,-1,-1,-1,-1,-1,2,1,0,0,1,0,1,0,18,1,9,41.77529524,-87.74325895
0,428922,-1,30,1,2,0,4,10,5,-1,0,0,0,0,1,-1,-1,18,-1,2031,-1,-1,-1,-1,-1,-1,2,0,0,0,0,0,4,0,18,1,9,41.968756,-87.68653737
0,428905,-1,30,0,0,0,4,2,5,-1,0,0,0,1,-1,-1,-1,0,-1,924,-1,-1,-1,-1,-1,-1,1,0,0,0,0,0,1,0,18,1,9,41.80880288,-87.65830922
0,428898,-1,20,2,2,0,1,14,5,2,0,0,0,0,-1,-1,-1,0,0,1723,-1,-1,-1,-1,-1,-1,2,0,0,0,0,0,3,0,18,1,9,41.95759785,-87.71308488
0,431698,-1,10,0,0,0,1,7,7,-1,0,0,0,0,-1,1,-1,20,-1,123,-1,-1,-1,-1,-1,-1,2,0,0,0,0,0,1,0,18,1,9,41.86786709,-87.62568684
0,429555,-1,30,2,2,0,1,14,5,-1,0,0,0,0,1,-1,-1,18,0,1935,-1,-1,-1,-1,-1,-1,2,0,0,0,0,0,4,0,18,1,9,41.93089912,-87.65620354
0,429051,-1,5,-1,-1,0,1,7,7,-1,0,0,-1,0,-1,1,1,0,0,1834,-1,-1,-1,-1,-1,-1,2,0,0,0,0,0,1,0,18,1,9,41.89261824,-87.62616035
0,428946,-1,30,0,0,0,4,7,5,-1,0,0,0,0,-1,-1,-1,17,-1,2512,-1,-1,-1,-1,-1,-1,2,0,0,0,0,0,3,0,18,1,9,41.92371902,-87.79391698
0,428929,-1,30,1,-1,0,2,0,2,2,0,-1,-1,0,1,-1,-1,0,0,1031,-1,-1,-1,-1,-1,-1,2,0,0,0,0,0,2,0,18,1,9,41.83691779,-87.71717478
0,428920,-1,30,0,2,0,1,0,5,2,0,0,0,0,-1,-1,-1,0,-1,1233,-1,-1,-1,-1,-1,-1,2,0,0,0,0,0,2,0,18,1,9,41.86141786,-87.66638826
0,428897,-1,35,1,2,0,4,0,2,2,0,0,0,0,1,-1,-1,6,-1,733,-1,-1,-1,-1,-1,-1,2,0,0,0,0,0,2,0,18,1,9,41.75959846,-87.64927059
0,428889,-1,30,0,0,0,4,0,7,-1,0,0,0,0,-1,-1,-1,20,16,2521,-1,-1,-1,-1,-1,-1,2,0,0,0,0,0,3,0,18,1,9,41.92434704,-87.74642764
2,428900,-1,30,0,0,0,1,9,5,2,0,0,0,1,-1,-1,1,25,-1,213,-1,-1,-1,-1,-1,-1,2,1,0,0,1,0,1,0,18,1,9,41.82560636,-87.62469859
0,428868,-1,30,0,0,0,1,7,5,2,0,0,0,0,-1,-1,1,20,-1,213,-1,-1,-1,-1,-1,-1,2,0,0,0,0,0,2,0,18,1,9,41.82560636,-87.62469859
0,428883,-1,30,1,2,0,1,12,5,4,0,0,0,0,-1,-1,1,0,0,122,-1,-1,-1,-1,-1,-1,2,0,0,0,0,0,3,0,18,1,9,41.88744301,-87.6356913
0,428861,-1,30,0,0,0,1,10,5,2,0,0,-1,0,-1,-1,1,18,0,813,-1,-1,-1,-1,-1,-1,4,0,0,0,0,0,10,0,18,1,9,41.77842563,-87.73322491
0,428949,-1,15,0,0,0,1,0,7,1,0,0,-1,0,-1,-1,-1,0,0,433,-1,-1,-1,-1,-1,-1,2,0,0,0,0,0,2,0,18,1,9,41.68085614,-87.5399566
0,428857,-1,30,1,2,0,1,14,2,4,0,0,0,1,1,-1,-1,21,-1,114,-1,-1,-1,-1,-1,-1,2,0,0,0,0,0,4,0,18,1,9,41.88843209,-87.62442469
0,428904,-1,30,1,2,0,4,10,5,2,0,0,-1,0,-1,-1,1,20,0,1114,-1,-1,-1,-1,-1,-1,2,0,0,0,0,0,2,0,18,1,9,41.88585843,-87.73083745
0,430963,-1,25,1,2,0,4,10,6,-1,0,0,0,0,-1,-1,-1,0,-1,2223,-1,-1,-1,-1,-1,-1,2,0,0,0,0,0,2,0,18,1,9,41.71522124,-87.64310527
1,429123,-1,25,0,0,0,-1,9,5,2,0,0,-1,1,-1,-1,1,0,-1,1031,-1,-1,-1,-1,-1,-1,2,1,0,0,0,1,1,0,18,1,9,41.83815189,-87.73517297
0,428895,-1,30,0,0,0,4,7,5,-1,0,0,0,1,-1,-1,-1,0,-1,1432,-1,-1,-1,-1,-1,-1,2,0,0,0,0,0,1,0,18,1,9,41.92501726,-87.68695826
0,428892,-1,30,0,0,0,1,12,5,-1,0,0,0,0,-1,-1,-1,17,-1,1925,-1,-1,-1,-1,-1,-1,2,0,0,0,0,0,2,0,18,1,9,41.94090916,-87.63936916
1,428865,-1,30,0,0,0,1,10,5,2,0,0,0,1,1,-1,-1,32,25,824,-1,-1,-1,1,1,-1,2,1,0,0,0,1,4,0,18,1,9,41.7863747,-87.70219254
0,428845,-1,30,1,2,0,1,8,5,1,0,0,0,0,-1,-1,1,0,0,2515,-1,-1,-1,-1,-1,-1,2,0,0,0,0,0,2,0,18,1,9,41.9273746,-87.77580908
0,430678,-1,30,0,0,0,1,10,2,2,0,0,0,0,-1,-1,-1,0,0,2535,-1,-1,-1,-1,-1,-1,2,0,0,0,0,0,2,0,17,1,9,41.90542039,-87.72422953
0,428842,-1,30,1,2,0,1,10,5,2,0,0,0,0,-1,-1,-1,18,16,1633,-1,-1,-1,-1,-1,-1,2,0,0,0,0,0,2,0,17,1,9,41.93868599,-87.76636106
0,428877,-1,30,1,2,0,1,0,6,4,0,0,0,0,1,-1,-1,3,17,122,-1,-1,-1,-1,-1,-1,2,0,0,0,0,0,2,0,17,1,9,41.88190275,-87.63516406
0,428830,-1,30,1,2,2,1,10,2,2,0,0,0,0,-1,-1,-1,20,-1,1121,-1,1,-1,-1,-1,-1,2,0,0,0,0,0,3,0,17,1,9,41.89774646,-87.70677465
0,428942,-1,25,0,0,0,1,14,6,3,0,0,0,0,-1,-1,-1,21,-1,915,-1,-1,-1,-1,-1,-1,2,0,0,0,0,0,2,0,17,1,9,41.82720231,-87.63156539
0,428923,-1,30,0,0,0,1,7,0,1,0,0,0,0,-1,-1,1,0,0,1533,-1,-1,-1,-1,-1,-1,2,0,0,0,0,0,1,0,17,1,9,41.87568596,-87.7517314
0,428863,-1,35,0,0,0,4,11,5,-1,0,0,0,1,-1,-1,-1,12,0,414,-1,-1,-1,-1,-1,-1,2,0,0,0,0,0,2,0,17,1,9,41.75867451,-87.57599111
1,428818,1,30,1,2,0,1,10,2,3,1,0,0,1,-1,-1,-1,0,-1,2223,-1,-1,-1,-1,-1,-1,2,2,0,0,0,2,0,0,17,1,9,41.71478965,-87.64317308
3,428813,-1,30,2,2,0,1,14,5,2,0,0,0,1,1,-1,-1,0,0,1022,-1,-1,-1,-1,-1,-1,2,1,0,1,0,0,1,0,17,1,9,41.8589919,-87.70681728
2,428828,-1,30,0,0,0,1,10,5,2,0,0,0,1,-1,-1,-1,16,32,1924,-1,-1,-1,-1,-1,-1,2,1,0,0,1,0,1,0,17,1,9,41.94647251,-87.6557586
0,436831,-1,35,1,2,0,1,12,3,6,0,0,0,0,1,-1,-1,21,-1,432,-1,-1,-1,-1,-1,-1,2,0,0,0,0,0,3,0,17,1,9,41.70453294,-87.52593346
0,428816,-1,30,0,0,0,1,12,5,-1,0,0,0,0,-1,-1,-1,-1,-1,813,-1,-1,-1,-1,-1,-1,2,0,0,0,0,0,3,0,17,1,9,41.77864709,-87.73304626
0,429511,-1,0,0,0,0,1,0,7,-1,0,0,0,0,-1,1,-1,20,-1,413,-1,-1,-1,-1,-1,-1,2,0,0,0,0,0,2,0,17,1,9,41.72243948,-87.58618584
0,428918,-1,5,0,0,0,4,7,7,-1,0,0,0,0,-1,-1,1,20,0,822,-1,-1,-1,-1,-1,-1,2,0,0,0,0,0,1,0,17,1,9,41.79496272,-87.72306328
0,428831,-1,0,0,0,0,1,12,6,-1,0,0,0,0,-1,-1,-1,21,-1,915,-1,-1,-1,-1,-1,-1,2,0,0,0,0,0,2,0,17,1,9,41.82555599,-87.63152928
0,428800,-1,30,0,0,0,1,7,7,-1,0,0,0,0,-1,-1,-1,20,16,2514,-1,-1,-1,-1,-1,-1,2,0,0,0,0,0,2,0,17,1,9,41.92764768,-87.76626652
0,428781,-1,25,0,0,0,1,7,6,1,0,0,0,0,-1,-1,1,22,0,2413,-1,-1,-1,-1,-1,-1,2,0,0,0,0,0,1,0,16,1,9,41.99317245,-87.68866873
0,428775,-1,30,1,2,0,1,10,2,4,0,0,0,0,-1,-1,1,18,6,1034,-1,-1,-1,-1,-1,-1,2,0,0,0,0,0,3,0,16,1,9,41.85026571,-87.67093599
0,428769,-1,30,0,3,0,1,7,7,0,2,0,0,0,-1,1,1,20,-1,212,-1,-1,-1,-1,-1,-1,2,0,0,0,0,0,3,0,16,1,9,41.82864129,-87.61457959
0,428792,-1,30,0,0,0,1,10,6,1,0,0,0,0,-1,-1,1,25,25,523,-1,-1,-1,-1,-1,-1,2,0,0,0,0,0,3,0,16,1,9,41.66314723,-87.63885053
0,439328,-1,30,1,2,0,1,10,2,2,0,0,0,0,1,-1,-1,0,-1,1513,-1,-1,-1,-1,-1,-1,2,0,0,0,0,0,2,0,16,1,9,41.8655695,-87.77407857
0,429915,-1,30,0,0,0,1,4,5,4,0,0,1,1,-1,-1,-1,0,0,1814,-1,-1,-1,-1,-1,-1,1,0,0,0,0,0,1,0,16,1,9,41.91467682,-87.63394153
0,428814,-1,30,0,0,0,1,14,5,-1,0,0,0,0,-1,-1,-1,17,-1,1424,-1,-1,-1,-1,-1,-1,2,0,0,0,0,0,2,0,16,1,9,41.90422976,-87.67741009
3,428786,-1,30,0,0,0,1,9,5,2,0,0,0,1,1,-1,1,17,-1,613,-1,-1,-1,-1,-1,-1,2,1,0,1,0,0,1,0,16,1,9,41.73602466,-87.65461963
0,432784,-1,20,0,0,-1,1,10,7,5,0,0,-1,0,-1,-1,-1,20,20,2433,-1,-1,-1,-1,-1,-1,2,0,0,0,0,0,2,0,16,1,9,41.99585325,-87.67034662
0,428793,1,30,2,2,0,1,10,5,-1,0,0,0,0,1,-1,-1,18,-1,2411,-1,-1,-1,-1,-1,-1,2,0,0,0,0,0,3,0,16,1,9,42.00490585,-87.70261036
0,428767,-1,30,1,2,0,1,12,6,3,0,0,0,0,-1,-1,-1,-1,-1,1831,-1,-1,-1,-1,-1,-1,2,0,0,0,0,0,3,0,16,1,9,41.89067013,-87.63446149
0,428758,-1,15,0,0,0,1,7,6,1,0,0,0,0,-1,-1,-1,-1,-1,2212,-1,-1,-1,-1,-1,-1,2,0,0,0,0,0,2,0,16,1,9,41.7027703,-87.66633744
0,428743,-1,30,0,0,0,1,12,5,2,0,0,0,0,-1,-1,1,7,-1,334,-1,-1,-1,-1,-1,-1,2,0,0,0,0,0,2,0,16,1,9,41.75909115,-87.56047525
0,428789,-1,30,1,2,0,1,10,2,4,0,0,0,0,-1,-1,-1,7,-1,1033,-1,-1,-1,-1,-1,-1,2,0,0,0,0,0,3,0,16,1,9,41.84299599,-87.69530931
0,428763,-1,15,0,0,0,1,0,7,1,0,-1,-1,0,-1,1,-1,0,0,1724,-1,-1,-1,-1,-1,-1,2,0,0,0,0,0,2,0,16,1,9,41.95402408,-87.70878612
0,428885,-1,30,0,0,0,1,7,5,2,0,0,0,0,-1,-1,1,0,0,1831,-1,-1,-1,-1,-1,-1,2,0,0,0,0,0,1,0,15,1,9,41.89085505,-87.63693906
2,428728,-1,30,1,2,0,1,9,5,-1,0,0,0,1,1,-1,-1,17,-1,2423,-1,-1,-1,-1,-1,-1,2,1,0,0,1,0,1,0,15,1,9,42.01492318,-87.66479179
0,428739,-1,30,1,2,0,1,12,5,2,0,0,1,0,1,-1,1,17,0,1911,-1,-1,-1,-1,-1,-1,2,0,0,0,0,0,3,0,15,1,9,41.96127455,-87.68388703
1,428718,-1,45,3,2,0,1,12,3,3,0,0,0,1,-1,-1,-1,21,-1,1654,-1,-1,-1,-1,-1,-1,2,2,0,0,0,2,0,0,15,1,9,-1,-1
3,428724,-1,30,0,0,0,1,9,5,4,0,0,0,1,-1,-1,1,-1,-1,424,-1,-1,-1,-1,-1,-1,2,1,0,1,0,0,1,0,15,1,9,41.7310192,-87.55113282
0,428730,-1,30,1,2,0,1,0,12,0,0,0,0,1,1,-1,-1,0,0,833,-1,-1,-1,-1,-1,-1,2,0,0,0,0,0,2,0,15,1,9,41.76768773,-87.72263085
0,432429,-1,30,1,2,0,1,12,6,3,0,0,0,0,-1,-1,-1,22,17,1834,-1,-1,-1,-1,-1,-1,2,0,0,0,0,0,2,0,15,1,9,41.8926327,-87.62546935
0,430046,-1,30,1,2,0,1,0,5,-1,0,0,0,0,-1,-1,-1,6,21,225,-1,-1,-1,-1,-1,-1,2,0,0,0,0,0,2,0,15,1,9,41.80181109,-87.63056018
0,428709,-1,30,0,0,0,1,12,6,-1,0,0,0,0,0,-1,-1,21,-1,1833,-1,-1,-1,-1,-1,-1,2,0,0,0,0,0,2,0,15,1,9,41.89991206,-87.62321104
0,428744,-1,30,0,0,0,1,12,5,-1,0,0,-1,0,-1,-1,-1,22,-1,1131,-1,-1,-1,-1,-1,-1,2,0,0,0,0,0,3,0,15,1,9,41.87579345,-87.74494974
0,428698,-1,25,0,0,0,1,7,6,1,0,0,0,1,-1,-1,-1,32,2,2223,-1,-1,-1,-1,-1,-1,5,0,0,0,0,0,1,0,15,1,9,41.72808132,-87.63717951
0,428659,-1,20,0,0,0,2,7,6,1,0,0,0,0,-1,-1,-1,18,-1,1424,-1,-1,-1,-1,-1,-1,2,0,0,0,0,0,1,0,15,1,9,41.90813626,-87.67797658
0,428706,-1,25,0,0,0,1,12,5,4,0,0,-1,0,-1,-1,-1,17,0,1024,-1,-1,-1,-1,-1,-1,2,0,0,0,0,0,3,0,15,1,9,41.85178097,-87.71415528
0,431559,-1,0,0,0,0,1,2,7,-1,0,0,0,0,-1,-1,-1,0,-1,132,-1,-1,-1,-1,-1,-1,1,0,0,0,0,0,1,0,15,1,9,41.86411696,-87.61894998
0,429398,-1,30,0,0,0,1,0,5,-1,0,0,0,0,-1,-1,-1,0,0,823,-1,-1,-1,-1,-1,-1,2,0,0,0,0,0,2,0,15,1,9,41.78252102,-87.7156291
0,428691,-1,10,0,0,0,1,0,4,-1,0,0,0,0,-1,-1,-1,0,0,1731,-1,-1,-1,-1,-1,-1,2,0,0,0,0,0,2,0,15,1,9,41.93903534,-87.73971647
0,428727,-1,30,1,2,0,1,10,2,-1,0,-1,-1,0,1,-1,-1,17,-1,1614,-1,-1,-1,-1,-1,-1,2,0,0,0,0,0,3,0,14,1,9,41.95214259,-87.83681427
0,428682,-1,30,1,2,0,1,10,5,2,0,0,0,0,-1,-1,1,18,-1,831,-1,-1,-1,-1,-1,-1,2,0,0,0,0,0,4,0,14,1,9,41.76828785,-87.69306179
0,428692,-1,30,2,2,0,1,0,5,-1,0,0,0,0,1,-1,-1,17,-1,912,-1,-1,-1,-1,-1,-1,2,0,0,0,0,0,2,0,14,1,9,41.83289555,-87.6703078
0,429735,-1,30,1,2,0,1,10,5,-1,0,0,0,0,-1,-1,-1,18,-1,1634,-1,-1,-1,-1,-1,-1,2,0,0,0,0,0,2,0,14,1,9,41.94620187,-87.74952557
0,428694,-1,35,2,2,0,1,10,5,-1,0,0,0,0,-1,-1,-1,0,0,1033,-1,-1,-1,-1,-1,-1,2,0,0,0,0,0,2,0,14,1,9,41.84458139,-87.6952421
0,428650,-1,15,0,0,0,1,5,0,-1,0,0,0,0,-1,1,1,0,-1,2511,-1,-1,-1,-1,-1,-1,1,0,0,0,0,0,1,0,14,1,9,41.9309057,-87.80635131
0,428733,-1,30,0,0,0,1,12,5,2,0,0,0,0,-1,-1,-1,0,-1,1232,-1,-1,-1,-1,-1,-1,2,0,0,0,0,0,2,0,14,1,9,41.87744606,-87.64824895
0,428732,1,30,0,0,0,1,10,5,-1,0,0,0,0,-1,-1,-1,18,-1,2432,-1,-1,-1,-1,-1,-1,2,0,0,0,0,0,2,0,14,1,9,41.99822825,-87.66710447
0,428667,-1,10,0,0,0,1,7,7,-1,0,-1,-1,0,-1,1,-1,20,-1,915,-1,-1,-1,-1,-1,-1,2,0,0,0,0,0,2,0,14,1,9,41.83796853,-87.64370223
0,428663,-1,20,0,0,0,1,3,5,1,0,0,0,0,-1,-1,-1,20,0,1733,-1,-1,-1,-1,-1,-1,2,0,0,0,0,0,2,0,14,1,9,41.95101493,-87.70441623
0,428745,-1,30,-1,-1,0,1,7,5,-1,0,-1,-1,0,-1,-1,-1,20,21,1832,-1,-1,-1,-1,-1,-1,2,0,0,0,0,0,1,0,14,1,9,41.89472442,-87.63112586
0,428675,-1,30,0,0,0,1,12,2,4,0,0,0,0,-1,-1,-1,22,0,2222,-1,-1,-1,-1,-1,-1,2,0,0,0,0,0,3,0,14,1,9,41.73574485,-87.65871771
0,428618,-1,30,0,0,0,1,10,5,-1,0,0,0,0,-1,-1,1,18,16,2511,-1,-1,-1,-1,-1,-1,2,0,0,0,0,0,4,0,14,1,9,41.93561827,-87.78598965
0,429457,-1,0,0,0,0,1,7,6,1,0,0,0,0,-1,-1,1,0,-1,331,-1,-1,-1,-1,-1,-1,2,0,0,0,0,0,1,0,14,1,9,41.76738712,-87.57281417
0,428661,-1,30,2,2,0,1,14,2,2,0,0,0,0,1,-1,-1,0,-1,2212,-1,-1,-1,-1,-1,-1,2,0,0,0,0,0,2,0,14,1,9,41.68154642,-87.66967424
0,428636,-1,30,0,0,0,1,10,5,2,0,0,0,0,-1,-1,1,11,-1,132,-1,-1,-1,-1,-1,-1,2,0,0,0,0,0,2,0,14,1,9,41.85783696,-87.61757475