MOST_SEVERE_INJURY,RD_NO,CRASH_DATE_EST_I,POSTED_SPEED_LIMIT,TRAFFIC_CONTROL_DEVICE,DEVICE_CONDITION,WEATHER_CONDITION,LIGHTING_CONDITION,FIRST_CRASH_TYPE,TRAFFICWAY_TYPE,LANE_CNT,ALIGNMENT,ROADWAY_SURFACE_COND,ROAD_DEFECT,CRASH_TYPE,INTERSECTION_RELATED_I,NOT_RIGHT_OF_WAY_I,HIT_AND_RUN_I,PRIM_CONTRIBUTORY_CAUSE,SEC_CONTRIBUTORY_CAUSE,BEAT_OF_OCCURRENCE,PHOTOS_TAKEN_I,STATEMENTS_TAKEN_I,DOORING_I,WORK_ZONE_I,WORK_ZONE_TYPE,WORKERS_PRESENT_I,NUM_UNITS,INJURIES_TOTAL,INJURIES_FATAL,INJURIES_INCAPACITATING,INJURIES_NON_INCAPACITATING,INJURIES_REPORTED_NOT_EVIDENT,INJURIES_NO_INDICATION,INJURIES_UNKNOWN,CRASH_HOUR,CRASH_DAY_OF_WEEK,CRASH_MONTH,LATITUDE,LONGITUDE
0,428625,-1,30,0,0,0,1,12,2,2,0,0,0,0,-1,-1,-1,17,-1,424,-1,-1,-1,-1,-1,-1,2,0,0,0,0,0,3,0,14,1,9,41.73882794,-87.55131051
1,428603,-1,30,1,2,0,1,14,12,6,0,0,0,1,1,-1,-1,0,0,1621,-1,-1,-1,-1,-1,-1,2,1,0,0,0,1,1,0,14,1,9,41.98997392,-87.74847302
0,428599,-1,30,1,2,0,1,12,5,6,0,0,0,0,-1,-1,-1,22,17,123,-1,-1,-1,-1,-1,-1,2,0,0,0,0,0,4,0,14,1,9,41.86754128,-87.62587332
0,428592,-1,30,1,2,0,1,10,3,-1,0,0,0,0,-1,-1,-1,18,-1,413,-1,-1,-1,-1,-1,-1,2,0,0,0,0,0,2,0,14,1,9,41.73153777,-87.58567864
0,428624,-1,30,0,0,0,1,2,5,2,0,0,0,0,1,-1,-1,-1,11,1822,-1,-1,-1,-1,-1,-1,1,0,0,0,0,0,1,0,13,1,9,41.90907601,-87.64717031
2,428584,-1,20,2,2,0,1,0,12,-1,0,-1,-1,1,1,-1,-1,-1,-1,724,-1,-1,-1,-1,-1,-1,2,1,0,0,1,0,1,0,13,1,9,41.77042052,-87.65440493
0,428583,-1,35,1,2,0,1,10,1,-1,0,0,0,0,-1,-1,-1,18,16,1014,-1,-1,-1,-1,-1,-1,2,0,0,0,0,0,2,0,13,1,9,41.85167446,-87.72356212
0,428635,-1,30,0,3,0,1,10,2,2,0,0,0,0,-1,-1,-1,11,18,815,-1,-1,-1,-1,-1,-1,2,0,0,0,0,0,2,0,13,1,9,41.80768703,-87.72945873
0,428586,-1,30,0,0,0,1,10,7,0,0,0,0,0,-1,-1,-1,20,11,815,-1,-1,-1,-1,-1,-1,2,0,0,0,0,0,4,0,13,1,9,41.80092264,-87.72770358
0,428579,-1,30,0,0,0,1,12,5,-1,0,0,0,0,-1,-1,-1,-1,-1,813,-1,-1,-1,-1,-1,-1,2,0,0,0,0,0,2,0,13,1,9,41.78932932,-87.74164564
0,428598,-1,25,0,0,0,1,0,5,4,0,0,-1,0,-1,-1,-1,13,11,1034,-1,-1,-1,-1,-1,-1,2,0,0,0,0,0,2,0,13,1,9,41.83730837,-87.69437176
0,428799,-1,30,1,2,0,1,14,6,4,0,0,0,0,-1,-1,-1,0,-1,1231,-1,-1,-1,-1,-1,-1,2,0,0,0,0,0,2,0,13,1,9,41.87650251,-87.65715016
0,428544,-1,30,1,2,0,1,10,6,-1,0,0,0,0,1,-1,1,6,18,223,-1,-1,-1,-1,-1,-1,2,0,0,0,0,0,2,0,13,1,9,41.80929606,-87.61512474
0,428545,-1,30,0,0,0,1,0,6,1,0,0,0,0,-1,-1,-1,17,17,2534,-1,-1,-1,-1,-1,-1,2,0,0,0,0,0,2,0,13,1,9,41.90547742,-87.72696805
2,428533,-1,30,1,2,0,1,0,2,0,0,0,0,1,1,0,0,17,16,1211,-1,-1,-1,-1,-1,-1,2,1,0,0,1,0,1,0,13,1,9,41.89634458,-87.70138629
0,428673,-1,30,0,0,0,1,12,5,-1,0,0,-1,0,-1,-1,-1,17,17,623,-1,-1,-1,-1,-1,-1,2,0,0,0,0,0,3,0,13,1,9,41.75089105,-87.62596851
0,428553,-1,30,1,2,0,1,12,2,4,0,0,0,0,-1,-1,-1,11,21,123,-1,1,-1,-1,-1,-1,2,0,0,0,0,0,2,0,13,1,9,41.86756593,-87.62421743
0,430910,-1,30,0,0,0,1,14,2,2,3,0,0,0,-1,-1,-1,17,0,1034,-1,-1,-1,-1,-1,-1,2,0,0,0,0,0,7,0,13,1,9,-1,-1
0,429027,0,30,0,0,0,1,7,6,1,0,0,-1,0,-1,-1,0,0,0,1813,-1,-1,-1,-1,-1,-1,2,0,0,0,0,0,1,0,13,1,9,41.9110871,-87.64570273
0,428852,-1,30,0,0,0,1,12,2,8,0,0,0,1,-1,-1,1,21,0,114,-1,-1,-1,-1,-1,-1,2,0,0,0,0,0,2,0,13,1,9,41.8747584,-87.61749279
0,428561,1,30,0,0,0,1,7,7,-1,0,0,0,0,-1,-1,-1,18,-1,2424,-1,-1,-1,-1,-1,-1,2,0,0,0,0,0,1,0,13,1,9,42.01935922,-87.68306166
-1,428524,-1,30,0,0,0,1,14,5,4,0,0,0,1,1,-1,-1,-1,-1,1711,-1,-1,-1,-1,-1,-1,-1,-1,-1,-1,-1,-1,-1,-1,12,1,9,41.99720853,-87.71363769
0,428806,-1,30,2,2,0,1,0,5,-1,0,0,0,0,-1,-1,1,20,20,2433,-1,-1,-1,-1,-1,-1,2,0,0,0,0,0,6,0,12,1,9,41.99793749,-87.67486173
0,428532,-1,30,0,1,0,1,10,2,4,0,0,0,1,-1,-1,-1,18,15,733,-1,-1,-1,-1,-1,-1,2,0,0,0,0,0,4,0,12,1,9,41.76494825,-87.65405191
0,429063,-1,30,0,0,0,1,10,2,-1,0,0,0,0,-1,-1,1,22,-1,912,-1,-1,-1,-1,-1,-1,2,0,0,0,0,0,2,0,12,1,9,41.83714897,-87.667328
0,428632,1,30,0,0,0,1,12,5,-1,0,0,0,0,-1,-1,-1,17,-1,2423,-1,-1,-1,-1,-1,-1,2,0,0,0,0,0,2,0,12,1,9,42.00945267,-87.66202453
0,428571,-1,30,1,2,0,1,0,5,6,0,0,0,0,1,-1,0,17,3,114,-1,-1,-1,-1,-1,-1,2,0,0,0,0,0,2,0,12,1,9,41.87691383,-87.62431142
0,428562,-1,30,0,0,0,1,14,5,-1,0,0,0,0,-1,-1,-1,23,16,2522,-1,-1,-1,-1,-1,-1,2,0,0,0,0,0,3,0,12,1,9,41.92429995,-87.73302884
1,428527,1,30,1,2,0,1,14,2,2,0,0,0,1,1,-1,-1,0,-1,613,-1,-1,-1,-1,-1,-1,4,2,0,0,0,2,2,0,12,1,9,41.73737623,-87.64378072
1,428495,-1,30,1,2,0,1,14,5,-1,0,0,0,1,1,-1,-1,6,23,1831,-1,-1,-1,-1,-1,-1,3,1,0,0,0,1,1,0,12,1,9,41.88934348,-87.62951227
0,428485,-1,30,1,2,0,1,12,2,4,0,0,0,1,-1,-1,-1,12,21,123,-1,-1,-1,-1,-1,-1,3,0,0,0,0,0,4,0,12,1,9,41.86757102,-87.63058647
2,428490,-1,30,1,2,0,1,8,12,14,0,0,0,1,1,-1,-1,17,16,1921,-1,-1,-1,-1,-1,-1,2,1,0,0,1,0,1,0,12,1,9,41.939503,-87.68831343
0,428653,-1,30,0,0,0,1,10,5,-1,0,-1,-1,0,-1,-1,1,0,-1,1611,-1,-1,-1,-1,-1,-1,2,0,0,0,0,0,2,0,12,1,9,41.99789158,-87.80618053
0,428620,1,30,0,0,0,-1,7,6,1,0,0,-1,0,-1,-1,1,0,0,213,-1,-1,-1,-1,-1,-1,2,0,0,0,0,0,1,0,12,1,9,41.82346696,-87.62174138
0,428491,1,30,0,0,0,1,10,2,-1,0,0,0,0,-1,-1,-1,16,0,1213,-1,-1,-1,-1,-1,-1,2,0,0,0,0,0,2,0,12,1,9,41.89635607,-87.65646699
0,428597,-1,35,0,0,0,1,10,5,4,0,0,0,0,-1,-1,-1,7,18,221,-1,-1,-1,-1,-1,-1,2,0,0,0,0,0,2,0,11,1,9,41.81030005,-87.60672794
0,429007,-1,10,-1,-1,-1,-1,10,-1,-1,0,-1,-1,0,-1,-1,-1,20,-1,1411,-1,1,-1,-1,-1,-1,2,0,0,0,0,0,2,0,11,1,9,41.92866979,-87.68792224
2,428473,-1,30,0,0,0,1,10,5,6,0,0,0,1,-1,-1,-1,18,-1,1212,-1,-1,-1,-1,-1,-1,2,1,0,0,1,0,1,0,11,1,9,41.90115772,-87.68683128
2,428685,-1,30,0,0,0,1,14,6,-1,0,0,0,1,-1,-1,1,-1,-1,634,-1,-1,-1,-1,-1,-1,2,1,0,0,1,0,1,0,11,1,9,41.72175971,-87.62495772
0,432087,-1,0,0,0,0,1,7,7,0,0,0,0,0,-1,1,1,0,-1,2523,-1,-1,-1,-1,-1,-1,2,0,0,0,0,0,1,0,11,1,9,41.93904479,-87.72235158
0,428458,-1,30,0,0,0,1,7,5,2,0,0,0,0,-1,-1,-1,20,0,1034,-1,-1,-1,-1,-1,-1,2,0,0,0,0,0,2,0,11,1,9,41.85203469,-87.67778652
0,428508,-1,30,0,0,0,1,7,7,-1,0,0,0,0,-1,-1,1,0,0,814,-1,-1,-1,-1,-1,-1,2,0,0,0,0,0,2,0,11,1,9,41.79591839,-87.76178079
0,428483,-1,30,0,0,0,1,12,5,-1,0,0,0,0,-1,-1,-1,21,-1,621,-1,-1,-1,-1,-1,-1,2,0,0,0,0,0,2,0,11,1,9,41.75612372,-87.63701569
0,428467,-1,15,0,0,0,1,7,7,-1,0,0,0,0,-1,-1,-1,0,-1,1422,-1,-1,-1,-1,-1,-1,2,0,0,0,0,0,1,0,11,1,9,41.91409169,-87.71328619
0,429270,1,30,0,0,0,-1,7,6,1,0,0,0,0,-1,-1,1,0,0,2221,-1,-1,-1,-1,-1,-1,2,0,0,0,0,0,1,0,11,1,9,41.73158275,-87.66908598
0,428475,-1,30,1,2,0,1,10,2,2,0,0,0,0,-1,-1,-1,0,-1,223,-1,-1,-1,-1,-1,-1,2,0,0,0,0,0,2,0,11,1,9,41.80930058,-87.60641304
0,428434,-1,30,0,0,0,1,12,3,-1,0,0,0,1,-1,-1,1,21,-1,1414,-1,-1,-1,-1,-1,-1,3,0,0,0,0,0,2,0,11,1,9,41.91773679,-87.70683258
0,428440,-1,30,1,3,0,1,7,7,-1,0,0,0,0,-1,-1,-1,-1,-1,1131,-1,-1,-1,-1,-1,-1,2,0,0,0,0,0,1,0,10,1,9,41.87595151,-87.74495664
0,430303,-1,30,0,0,0,1,7,2,-1,0,0,0,0,-1,-1,1,0,0,2031,-1,-1,-1,-1,-1,-1,2,0,0,0,0,0,1,0,10,1,9,41.96996058,-87.69858924
0,428615,-1,30,0,0,0,1,7,5,-1,0,0,0,0,-1,-1,-1,0,-1,1221,-1,-1,-1,-1,-1,-1,2,0,0,0,0,0,1,0,9,1,9,41.88964982,-87.68823871
0,428360,-1,30,0,0,0,1,10,2,-1,0,0,0,0,-1,-1,-1,0,0,2524,-1,-1,-1,-1,-1,-1,2,0,0,0,0,0,4,0,9,1,9,41.93166402,-87.72808651
0,428322,-1,30,0,0,0,1,14,2,2,0,0,0,1,1,-1,-1,17,-1,2521,-1,-1,-1,-1,-1,-1,2,0,0,0,0,0,2,0,9,1,9,41.93339726,-87.74681569
0,428416,-1,20,0,0,0,1,7,6,1,0,0,0,0,-1,-1,1,0,-1,2523,-1,-1,-1,-1,-1,-1,2,0,0,0,0,0,1,0,9,1,9,41.93834974,-87.72492684
0,428410,1,30,-1,-1,-1,-1,7,-1,1,0,-1,-1,0,-1,-1,1,0,-1,833,-1,-1,-1,-1,-1,-1,2,0,0,0,0,0,1,0,9,1,9,41.77290883,-87.73953792
0,428355,-1,30,0,0,0,1,7,6,-1,0,0,0,0,-1,-1,-1,18,17,1623,-1,-1,-1,-1,-1,-1,2,0,0,0,0,0,1,0,9,1,9,41.96834908,-87.76263218
0,428345,-1,30,1,2,0,1,10,5,2,0,0,0,0,1,-1,-1,18,-1,2523,-1,-1,-1,-1,-1,-1,2,0,0,0,0,0,2,0,9,1,9,41.93190127,-87.72692164
0,428343,-1,0,1,2,0,1,10,3,4,0,0,0,0,-1,-1,-1,0,-1,411,-1,-1,-1,-1,-1,-1,2,0,0,0,0,0,2,0,9,1,9,41.75184531,-87.58614824
0,428327,-1,20,0,0,0,1,0,5,2,0,0,0,0,-1,-1,1,0,0,1614,-1,-1,-1,-1,-1,-1,2,0,0,0,0,0,2,0,9,1,9,41.97365848,-87.84244852
0,428367,-1,30,0,0,0,1,0,5,2,0,0,0,0,-1,-1,-1,17,-1,1614,-1,-1,-1,-1,-1,-1,2,0,0,0,0,0,2,0,8,1,9,41.97366128,-87.84228033
0,428373,1,30,1,-1,-1,-1,7,2,-1,1,0,12,0,-1,-1,1,0,0,831,-1,-1,-1,1,-1,-1,2,0,0,0,0,0,1,0,8,1,9,41.76443958,-87.69245571
0,428330,-1,30,0,0,0,3,7,5,1,0,0,0,0,-1,-1,1,0,0,432,-1,-1,-1,-1,-1,-1,3,0,0,0,0,0,1,0,8,1,9,41.704683,-87.53776361
2,428298,-1,30,0,0,0,1,7,2,2,0,0,0,1,-1,-1,-1,0,0,614,-1,-1,-1,-1,-1,-1,3,1,0,0,1,0,0,0,8,1,9,41.73816607,-87.67299375
0,428292,-1,30,2,2,0,1,0,5,4,0,0,0,1,1,0,-1,17,-1,1513,-1,-1,-1,-1,-1,-1,2,0,0,0,0,0,3,0,8,1,9,41.88208361,-87.76810752
-1,433518,1,30,0,0,-1,-1,2,6,1,0,-1,-1,0,-1,-1,1,0,0,1422,-1,-1,-1,-1,-1,-1,1,-1,-1,-1,-1,-1,-1,-1,8,1,9,41.91018511,-87.71316262
0,428282,-1,25,2,2,0,1,0,5,2,2,0,0,1,1,-1,-1,17,5,2212,-1,-1,-1,-1,-1,-1,2,0,0,0,0,0,2,0,7,1,9,41.7008366,-87.67915415
-1,428860,-1,30,0,0,0,1,7,6,1,0,0,0,0,-1,-1,-1,0,11,831,-1,-1,-1,-1,-1,-1,2,-1,-1,-1,-1,-1,-1,-1,7,1,9,41.77199052,-87.69915541
0,428324,-1,15,0,0,0,1,7,6,-1,0,0,0,0,-1,-1,1,0,0,2222,-1,-1,-1,-1,-1,-1,2,0,0,0,0,0,1,0,7,1,9,41.72953236,-87.65695219
0,428265,-1,25,0,0,0,1,7,6,-1,0,0,0,0,-1,-1,1,21,18,823,-1,-1,-1,-1,-1,-1,2,0,0,0,0,0,1,0,7,1,9,41.77696228,-87.69806625
0,428260,-1,30,1,2,0,1,2,2,4,0,0,0,1,1,-1,1,0,-1,1122,-1,-1,-1,-1,-1,-1,3,0,0,0,0,0,1,0,6,1,9,41.88067779,-87.72087468
0,428303,-1,30,0,0,1,1,2,5,-1,0,0,1,0,-1,-1,-1,0,0,423,-1,-1,-1,-1,-1,-1,1,0,0,0,0,0,1,0,6,1,9,41.73733712,-87.56356049
0,428259,-1,30,2,0,1,1,2,6,1,0,0,0,0,-1,1,-1,0,0,1024,-1,-1,-1,-1,-1,-1,1,0,0,0,0,0,1,0,6,1,9,41.84979433,-87.70899572
0,443599,-1,30,0,0,0,2,7,2,2,0,0,0,0,-1,-1,1,16,0,1732,-1,-1,-1,-1,-1,-1,2,0,0,0,0,0,1,0,6,1,9,41.94652158,-87.724432
0,428257,-1,30,1,0,0,1,10,12,-1,0,0,0,0,-1,-1,-1,11,0,132,-1,-1,-1,-1,-1,-1,2,0,0,0,0,0,2,0,6,1,9,41.86403077,-87.6223268
0,428252,-1,30,1,2,0,1,2,5,2,0,0,0,1,-1,-1,1,0,0,1032,-1,-1,-1,-1,-1,-1,1,0,0,0,0,0,1,0,6,1,9,41.8373395,-87.70495056
1,428245,-1,30,0,0,0,1,2,6,2,0,0,0,1,-1,1,-1,27,0,915,-1,-1,-1,-1,-1,-1,1,1,0,0,0,1,0,0,6,1,9,41.83552749,-87.64485673
0,428246,-1,30,0,0,0,4,10,5,2,0,0,0,0,-1,-1,-1,18,-1,1113,-1,-1,-1,-1,-1,-1,2,0,0,0,0,0,3,0,6,1,9,41.88069108,-87.73803813
0,431432,-1,30,0,0,0,2,7,6,-1,0,0,0,0,-1,-1,1,0,-1,1434,-1,-1,-1,-1,-1,-1,2,0,0,0,0,0,1,0,6,1,9,41.91133838,-87.6810094
0,428713,-1,30,0,0,0,-1,7,7,-1,0,0,0,0,-1,-1,-1,20,-1,412,-1,-1,-1,-1,-1,-1,2,0,0,0,0,0,1,0,5,1,9,41.73333996,-87.59732546
0,428224,-1,20,0,0,0,0,7,5,-1,0,0,0,0,-1,-1,1,0,-1,2524,-1,0,-1,-1,-1,-1,4,0,0,0,0,0,2,0,5,1,9,41.92811363,-87.73576465
0,429426,-1,35,0,0,-1,-1,12,3,2,5,-1,-1,0,-1,-1,-1,21,21,114,-1,-1,-1,-1,-1,-1,2,0,0,0,0,0,2,0,5,1,9,41.88314708,-87.61523383
1,428231,-1,30,2,2,0,0,10,5,4,0,0,0,1,1,-1,0,0,-1,1513,-1,-1,-1,-1,-1,-1,2,1,0,0,0,1,2,0,5,1,9,41.86737138,-87.76459086
0,428284,-1,30,0,0,0,3,12,6,2,0,0,0,1,-1,-1,1,0,-1,914,-1,-1,-1,-1,-1,-1,4,0,0,0,0,0,2,0,5,1,9,41.84124734,-87.63190619
0,428558,-1,30,2,2,0,1,0,5,-1,0,0,0,0,1,-1,-1,0,0,2423,-1,-1,-1,-1,-1,-1,2,0,0,0,0,0,2,0,5,1,9,42.0127281,-87.67251596
0,428227,-1,25,0,0,0,0,2,-1,-1,0,0,0,0,-1,-1,1,14,-1,834,-1,-1,-1,-1,-1,-1,1,0,0,0,0,0,1,0,5,1,9,41.73527337,-87.70356301
0,428503,1,30,0,0,0,0,7,5,2,0,0,0,0,-1,-1,1,0,0,914,-1,-1,-1,-1,-1,-1,2,0,0,0,0,0,1,0,5,1,9,41.85404881,-87.63604549
0,428404,1,30,0,0,0,1,7,6,-1,0,0,0,1,-1,-1,1,0,-1,2534,-1,-1,-1,-1,-1,-1,2,0,0,0,0,0,2,0,5,1,9,41.90341509,-87.73355991
0,428321,1,20,0,0,-1,-1,7,5,-1,0,-1,0,0,-1,-1,1,0,11,713,-1,-1,-1,-1,-1,-1,2,0,0,0,0,0,1,0,5,1,9,41.79162716,-87.66314331
2,428210,-1,30,0,0,0,3,7,2,2,0,0,0,1,-1,-1,1,0,0,423,-1,-1,-1,-1,-1,-1,2,1,0,0,1,0,1,0,4,1,9,41.74468099,-87.55776631
0,428216,-1,30,1,2,0,3,0,2,4,0,0,0,0,1,-1,-1,7,7,1633,-1,-1,-1,-1,-1,-1,2,0,0,0,0,0,2,0,4,1,9,41.94587968,-87.77662742
0,428209,-1,25,0,0,0,0,7,6,1,0,0,0,0,-1,-1,-1,25,16,733,-1,-1,-1,-1,-1,-1,4,0,0,0,0,0,1,0,4,1,9,41.7642502,-87.65273157
0,431112,-1,35,1,2,0,1,10,3,6,0,0,0,0,-1,-1,-1,18,0,412,-1,-1,-1,-1,-1,-1,2,0,0,0,0,0,2,0,4,1,9,41.73682783,-87.58506058
2,428236,-1,35,1,2,0,3,0,2,-1,0,0,0,1,1,0,-1,6,16,532,-1,-1,-1,-1,-1,-1,2,2,0,0,2,0,0,0,4,1,9,41.68527122,-87.62094716
0,428188,-1,15,0,0,0,3,7,6,1,0,0,0,0,-1,-1,1,20,20,812,-1,-1,-1,-1,-1,-1,2,0,0,0,0,0,2,0,4,1,9,41.78057228,-87.76656339
0,429346,-1,15,0,0,0,0,5,0,1,0,0,0,0,1,-1,1,0,0,1423,-1,-1,-1,-1,-1,-1,3,0,0,0,0,0,3,0,4,1,9,41.90306434,-87.69352967
0,428184,-1,30,1,2,0,0,7,5,-1,0,0,0,0,-1,-1,1,0,0,624,-1,-1,-1,-1,-1,-1,3,0,0,0,0,0,1,0,3,1,9,41.75656607,-87.60981504
0,428176,-1,30,0,0,0,3,7,6,1,0,0,0,1,-1,-1,-1,12,-1,1722,-1,-1,-1,-1,-1,-1,3,0,0,0,0,0,1,0,3,1,9,41.9669256,-87.74156688
1,428181,-1,30,1,2,0,3,7,5,4,0,0,3,1,-1,-1,-1,29,0,1512,-1,-1,-1,-1,-1,-1,4,2,0,0,0,2,0,0,3,1,9,41.88649575,-87.76523226
0,428177,-1,30,0,0,0,3,7,5,2,0,0,0,0,-1,-1,1,16,-1,2511,-1,-1,-1,-1,-1,-1,2,0,0,0,0,0,1,0,3,1,9,41.93264248,-87.77616201
0,428175,-1,30,3,2,0,3,7,5,2,0,0,0,1,-1,-1,-1,16,21,612,-1,-1,-1,-1,-1,-1,3,0,0,0,0,0,1,0,3,1,9,41.75590257,-87.650181
2,428215,-1,30,0,0,0,3,2,0,1,0,0,0,1,-1,-1,-1,14,25,432,-1,-1,-1,-1,-1,-1,1,1,0,0,1,0,0,0,3,1,9,41.70081392,-87.53579731
0,428174,-1,30,1,2,0,3,14,2,4,0,0,0,0,1,-1,-1,6,27,814,-1,-1,-1,-1,-1,-1,2,0,0,0,0,0,2,0,3,1,9,41.80772702,-87.74322937
0,428171,-1,30,2,2,0,3,2,2,-1,0,0,0,0,1,-1,-1,0,0,511,-1,-1,-1,-1,-1,-1,2,0,0,0,0,0,2,0,3,1,9,41.70736845,-87.61736783
0,428169,-1,30,0,0,0,3,3,5,-1,0,0,0,1,-1,-1,1,14,-1,1713,-1,-1,-1,-1,-1,-1,2,0,0,0,0,0,3,0,3,1,9,41.97154609,-87.71330617
0,428166,-1,30,0,0,0,3,10,5,2,0,0,0,0,-1,-1,1,22,25,1831,-1,-1,-1,-1,-1,-1,2,0,0,0,0,0,2,0,3,1,9,41.89328327,-87.63511922
0,428173,-1,30,1,2,0,2,14,5,3,0,0,0,0,1,-1,-1,0,21,1831,-1,-1,-1,-1,-1,-1,2,0,0,0,0,0,2,0,2,1,9,41.8930478,-87.63647651
0,428459,-1,30,0,0,0,3,7,6,-1,0,1,0,0,-1,-1,1,0,0,222,-1,-1,-1,-1,-1,-1,2,0,0,0,0,0,1,0,2,1,9,41.80970629,-87.59911985
0,428164,1,40,0,0,0,3,10,3,-1,0,0,0,1,-1,-1,1,0,-1,211,-1,-1,-1,-1,-1,-1,2,0,0,0,0,0,3,0,2,1,9,41.83599444,-87.60797149
2,428153,-1,30,0,0,0,0,7,3,-1,0,0,0,1,0,-1,-1,14,21,1513,-1,-1,-1,-1,-1,-1,2,1,0,0,1,0,0,0,2,1,9,41.88011225,-87.7664119
0,428158,-1,30,0,0,0,3,7,5,4,0,0,0,1,-1,-1,-1,23,2,1215,-1,-1,-1,-1,-1,-1,3,0,0,0,0,0,1,0,2,1,9,41.89116306,-87.65963127
3,428155,-1,30,0,0,0,3,0,2,2,0,0,0,1,0,-1,1,-1,-1,2532,-1,-1,-1,-1,-1,-1,2,1,0,1,0,0,3,0,2,1,9,41.91105788,-87.76541904
0,428163,-1,30,1,2,0,3,0,2,4,0,2,12,1,1,-1,1,6,0,1421,-1,-1,-1,-1,-1,-1,2,0,0,0,0,0,3,0,2,1,9,41.9102243,-87.70703651
0,428156,-1,35,0,0,0,3,7,5,-1,0,0,0,1,-1,-1,1,0,16,1914,-1,-1,-1,-1,-1,-1,2,0,0,0,0,0,1,0,2,1,9,41.96892729,-87.65892024
0,428141,-1,30,0,0,0,3,7,5,-1,0,0,0,1,-1,-1,-1,0,0,2211,-1,-1,-1,-1,-1,-1,3,0,0,0,0,0,1,0,2,1,9,41.696576,-87.70701105
0,428144,-1,20,1,2,0,3,10,6,-1,0,0,0,0,-1,-1,-1,0,0,821,-1,-1,-1,-1,-1,-1,2,0,0,0,0,0,2,0,2,1,9,41.81510701,-87.72371188
0,428148,-1,30,0,0,0,3,10,5,-1,0,0,0,0,-1,-1,-1,18,-1,1924,-1,-1,-1,-1,-1,-1,2,0,0,0,0,0,2,0,2,1,9,41.9427517,-87.64950605
0,428143,-1,30,1,2,0,2,14,2,4,0,0,0,0,1,-1,-1,0,21,1834,-1,-1,-1,-1,-1,-1,2,0,0,0,0,0,2,0,2,1,9,41.89259323,-87.62433405
0,428390,-1,25,0,0,0,3,7,6,1,0,0,1,0,-1,-1,1,0,0,1732,-1,-1,-1,-1,-1,-1,2,0,0,0,0,0,1,0,2,1,9,41.94208833,-87.71611811
0,428146,-1,25,2,2,0,3,12,5,2,0,0,0,0,-1,-1,1,0,-1,1111,-1,-1,-1,-1,-1,-1,2,0,0,0,0,0,3,0,2,1,9,41.89538299,-87.73108238
0,424140,-1,30,3,0,0,3,10,2,4,0,0,0,0,-1,-1,1,0,0,1831,-1,-1,-1,-1,-1,-1,2,0,0,0,0,0,3,0,1,1,9,41.89636493,-87.63702073
0,428149,-1,35,1,2,0,3,10,1,7,0,0,0,0,1,-1,-1,16,18,813,-1,-1,-1,-1,-1,-1,2,0,0,0,0,0,4,0,1,1,9,41.77851792,-87.74244219
0,428138,-1,5,0,0,0,-1,12,6,-1,0,0,0,0,-1,1,-1,20,0,1833,-1,-1,-1,-1,-1,-1,2,0,0,0,0,0,2,0,1,1,9,41.89679287,-87.62778758
0,428130,-1,30,2,0,0,3,14,5,2,0,0,0,0,1,-1,-1,17,17,2233,-1,-1,-1,-1,-1,-1,2,0,0,0,0,0,2,0,1,1,9,41.69380117,-87.64257026
0,428110,-1,30,0,0,0,3,14,5,4,0,0,0,0,-1,-1,-1,23,-1,912,-1,-1,-1,-1,-1,-1,2,0,0,0,0,0,2,0,1,1,9,41.83545687,-87.66583402
0,428111,-1,30,0,0,0,3,7,6,1,0,0,0,1,-1,-1,-1,0,-1,2523,-1,-1,-1,-1,-1,-1,4,0,0,0,0,0,1,0,1,1,9,41.9364461,-87.72477534
0,428121,-1,30,0,-1,0,3,7,2,-1,0,0,-1,0,-1,-1,-1,14,11,931,-1,-1,-1,-1,-1,-1,3,0,0,0,0,0,1,0,1,1,9,41.80347205,-87.67441669
0,428832,-1,30,0,0,0,0,0,2,-1,0,0,0,0,1,-1,-1,0,-1,623,-1,-1,-1,-1,-1,-1,2,0,0,0,0,0,2,0,1,1,9,41.75284645,-87.61514181
0,428103,-1,30,0,0,3,3,2,5,2,0,0,-1,0,-1,-1,-1,8,-1,1822,-1,-1,-1,-1,-1,-1,1,0,0,0,0,0,2,0,1,1,9,41.90803237,-87.64957846
0,428093,-1,30,1,2,0,3,10,1,5,0,0,0,0,-1,-1,-1,32,25,2433,-1,-1,-1,-1,-1,-1,2,0,0,0,0,0,5,0,1,1,9,41.98995709,-87.66011814
0,429619,-1,30,0,0,0,3,7,6,-1,0,0,0,0,-1,-1,1,0,-1,2533,-1,-1,-1,-1,-1,-1,2,0,0,0,0,0,1,0,1,1,9,41.90614618,-87.75479219
0,428417,-1,30,0,0,0,3,2,5,4,0,0,1,0,-1,-1,-1,-1,-1,1211,-1,-1,-1,-1,-1,-1,2,0,0,0,0,0,1,0,1,1,9,41.89934344,-87.70249672
0,428085,-1,30,1,2,0,3,14,1,-1,0,0,0,0,-1,-1,1,21,-1,123,-1,-1,-1,-1,-1,-1,2,0,0,0,0,0,4,0,0,1,9,41.87558423,-87.6277655
0,428088,-1,30,1,2,0,3,0,2,4,0,0,0,1,1,-1,-1,6,16,922,-1,-1,-1,-1,-1,-1,2,0,0,0,0,0,2,0,0,1,9,41.80847456,-87.68428004
0,428295,-1,30,0,0,1,3,7,2,3,0,1,0,0,-1,-1,-1,0,-1,1831,-1,-1,-1,-1,-1,-1,2,0,0,0,0,0,3,0,0,1,9,41.89016398,-87.62869769
0,428072,-1,35,1,2,0,0,10,5,-1,0,0,0,0,1,-1,1,18,-1,711,-1,-1,-1,-1,-1,-1,2,0,0,0,0,0,3,0,0,1,9,41.77986098,-87.64473192