MOST_SEVERE_INJURY,RD_NO,CRASH_DATE_EST_I,POSTED_SPEED_LIMIT,TRAFFIC_CONTROL_DEVICE,DEVICE_CONDITION,WEATHER_CONDITION,LIGHTING_CONDITION,FIRST_CRASH_TYPE,TRAFFICWAY_TYPE,LANE_CNT,ALIGNMENT,ROADWAY_SURFACE_COND,ROAD_DEFECT,CRASH_TYPE,INTERSECTION_RELATED_I,NOT_RIGHT_OF_WAY_I,HIT_AND_RUN_I,PRIM_CONTRIBUTORY_CAUSE,SEC_CONTRIBUTORY_CAUSE,BEAT_OF_OCCURRENCE,PHOTOS_TAKEN_I,STATEMENTS_TAKEN_I,DOORING_I,WORK_ZONE_I,WORK_ZONE_TYPE,WORKERS_PRESENT_I,NUM_UNITS,INJURIES_TOTAL,INJURIES_FATAL,INJURIES_INCAPACITATING,INJURIES_NON_INCAPACITATING,INJURIES_REPORTED_NOT_EVIDENT,INJURIES_NO_INDICATION,INJURIES_UNKNOWN,CRASH_HOUR,CRASH_DAY_OF_WEEK,CRASH_MONTH,LATITUDE,LONGITUDE
2,428076,-1,30,0,0,0,3,4,5,4,0,0,0,1,1,-1,-1,0,-1,811,-1,-1,-1,-1,-1,-1,1,1,0,0,1,0,0,0,0,1,9,41.79202173,-87.79285352
2,428095,-1,30,2,2,0,3,2,5,2,0,0,0,1,1,-1,-1,16,-1,913,-1,-1,-1,-1,-1,-1,1,1,0,0,1,0,2,0,0,1,9,41.83676304,-87.66093481
3,428075,-1,40,1,2,0,3,10,8,1,2,0,0,1,-1,-1,1,32,25,1935,-1,-1,-1,-1,-1,-1,2,1,0,1,0,0,3,0,0,1,9,41.92639641,-87.63158988
0,428057,-1,30,0,0,0,-1,7,6,-1,0,0,0,0,-1,-1,1,0,0,1822,-1,-1,-1,-1,-1,-1,2,0,0,0,0,0,1,0,0,1,9,41.89911731,-87.64802709
0,428500,-1,30,0,0,-1,3,7,6,1,0,-1,-1,0,-1,-1,1,0,0,1712,-1,-1,-1,-1,-1,-1,2,0,0,0,0,0,1,0,0,1,9,41.96995937,-87.72770544
0,428004,-1,30,0,0,0,3,10,5,2,0,0,0,0,-1,-1,-1,33,0,434,-1,-1,-1,-1,-1,-1,2,0,0,0,0,0,2,0,0,1,9,41.69362484,-87.55963406
0,428056,-1,35,1,2,0,0,7,3,4,0,0,0,0,1,-1,-1,-1,-1,2221,-1,-1,-1,-1,-1,-1,2,0,0,0,0,0,4,0,23,7,9,41.72103219,-87.68192139
0,428041,-1,30,2,2,0,3,12,2,2,0,0,-1,0,-1,-1,1,22,-1,1215,0,0,-1,-1,-1,-1,2,0,0,0,0,0,2,0,23,7,9,41.88689792,-87.67175522
0,428078,-1,30,0,0,0,3,7,2,-1,0,0,0,0,-1,-1,1,0,-1,1633,-1,-1,-1,-1,-1,-1,2,0,0,0,0,0,1,0,23,7,9,41.94572585,-87.77059736
0,428104,-1,30,1,2,0,3,0,2,2,0,0,0,0,1,-1,-1,30,6,1832,-1,-1,-1,-1,-1,-1,2,0,0,0,0,0,2,0,23,7,9,41.89441292,-87.63252168
0,428079,-1,30,1,2,0,3,10,5,2,0,0,0,0,-1,-1,-1,0,21,321,-1,-1,-1,-1,-1,-1,2,0,0,0,0,0,2,0,23,7,9,41.77304782,-87.60591305
0,428029,-1,35,0,0,0,3,10,2,4,3,0,0,1,-1,-1,-1,28,15,1834,-1,-1,-1,1,2,-1,2,0,0,0,0,0,3,0,23,7,9,41.89094301,-87.61408591
0,429760,-1,30,0,0,-1,3,7,5,-1,0,-1,0,0,-1,-1,-1,0,-1,114,-1,-1,-1,-1,-1,-1,2,0,0,0,0,0,1,0,23,7,9,41.87327242,-87.62412527
0,427984,-1,25,0,0,0,3,7,5,-1,0,0,3,0,-1,-1,-1,11,-1,2535,1,-1,-1,-1,-1,-1,2,0,0,0,0,0,1,0,22,7,9,41.91037189,-87.72130832
0,428052,-1,30,3,0,0,3,7,1,-1,0,0,0,1,-1,-1,1,16,-1,934,-1,-1,-1,-1,-1,-1,2,0,0,0,0,0,2,0,22,7,9,41.80015986,-87.66003418
0,428028,-1,35,2,2,0,3,12,6,1,0,0,0,0,1,-1,1,22,16,1125,-1,-1,-1,-1,-1,-1,2,0,0,0,0,0,2,0,22,7,9,41.87684211,-87.69386667
-1,427951,-1,30,0,0,0,3,7,5,-1,0,0,-1,0,-1,-1,1,21,-1,123,-1,-1,-1,-1,-1,-1,-1,-1,-1,-1,-1,-1,-1,-1,22,7,9,41.87279887,-87.62433781
0,429538,-1,30,0,0,0,0,12,5,-1,0,0,0,0,-1,-1,-1,0,0,2413,-1,-1,-1,-1,-1,-1,2,0,0,0,0,0,2,0,22,7,9,41.99775208,-87.68211781
2,427986,-1,35,1,2,0,3,12,1,4,0,0,-1,1,-1,-1,-1,16,21,2222,-1,1,-1,-1,-1,-1,2,1,0,0,1,0,2,0,22,7,9,41.73582307,-87.65348884
3,427945,-1,30,1,2,0,3,10,5,2,2,0,-1,1,1,-1,1,0,0,624,-1,-1,-1,-1,-1,-1,3,2,0,2,0,0,2,0,21,7,9,41.75858462,-87.59610834
2,427938,-1,30,1,2,0,3,0,1,2,0,0,0,1,1,-1,1,6,16,935,-1,0,-1,-1,-1,-1,2,1,0,0,1,0,2,0,21,7,9,41.80188879,-87.63185531
0,427968,-1,30,0,0,0,3,7,6,-1,0,0,0,1,-1,-1,-1,17,-1,913,-1,-1,-1,-1,-1,-1,2,0,0,0,0,0,3,0,21,7,9,41.83917617,-87.65149353
0,427949,-1,30,1,2,0,3,14,5,4,0,0,0,0,-1,-1,-1,17,32,1412,-1,-1,-1,-1,-1,-1,2,0,0,0,0,0,2,0,21,7,9,41.93207065,-87.71308317
0,428976,-1,30,1,2,0,2,12,3,3,0,0,0,0,-1,-1,-1,17,21,114,-1,-1,-1,-1,-1,-1,2,0,0,0,0,0,3,0,21,7,9,41.88098221,-87.61710465
0,427952,-1,25,1,2,0,0,7,2,2,0,0,0,0,-1,-1,-1,0,0,2412,-1,-1,-1,-1,-1,-1,2,0,0,0,0,0,2,0,21,7,9,41.99779515,-87.69247307
0,427944,-1,30,0,0,0,3,12,5,4,0,0,0,0,-1,-1,-1,0,0,2431,-1,-1,-1,-1,-1,-1,2,0,0,0,0,0,2,0,21,7,9,42.00788364,-87.66150962
0,430114,-1,30,1,2,0,3,12,5,4,0,0,0,0,1,-1,-1,18,21,833,-1,-1,-1,-1,-1,-1,2,0,0,0,0,0,2,0,21,7,9,41.77132587,-87.72272138
2,427909,-1,30,1,2,0,3,9,2,2,0,0,0,1,-1,-1,-1,17,0,2412,-1,-1,-1,-1,-1,-1,2,1,0,0,1,0,1,0,21,7,9,41.99792361,-87.68495311
0,2028482,-1,20,0,0,0,3,7,7,-1,0,0,0,0,-1,-1,1,0,0,1232,-1,-1,-1,-1,-1,-1,2,0,0,0,0,0,1,0,21,7,9,41.86335373,-87.65630054
0,428401,1,30,0,12,0,-1,7,5,2,0,0,0,0,-1,-1,1,0,0,1924,-1,-1,-1,-1,-1,-1,2,0,0,0,0,0,1,0,21,7,9,41.94241435,-87.66234018
0,427923,-1,15,0,0,0,0,7,0,-1,0,0,0,1,-1,-1,1,0,0,2522,-1,-1,-1,-1,-1,-1,2,0,0,0,0,0,1,0,21,7,9,41.92130579,-87.73660131
0,427895,-1,30,0,0,0,3,0,5,-1,0,0,0,0,-1,-1,-1,0,0,2431,-1,-1,-1,-1,-1,-1,2,0,0,0,0,0,2,0,20,7,9,42.00545281,-87.67252714
0,427893,-1,30,2,2,0,3,0,12,4,0,0,0,0,-1,-1,-1,16,16,222,-1,-1,-1,-1,-1,-1,2,0,0,0,0,0,3,0,20,7,9,41.81021959,-87.59030199
0,427992,-1,25,0,0,0,0,7,5,-1,0,0,0,0,-1,-1,1,20,-1,712,-1,-1,-1,-1,-1,-1,2,0,0,0,0,0,1,0,20,7,9,41.79158499,-87.64644725
0,427891,-1,30,1,2,0,3,12,2,-1,0,0,0,0,1,-1,1,22,-1,133,-1,-1,-1,-1,-1,-1,2,0,0,0,0,0,3,0,20,7,9,41.83837604,-87.62972279
0,427881,-1,25,0,0,0,3,0,5,-1,0,0,0,0,-1,-1,-1,17,0,935,-1,-1,-1,-1,-1,-1,2,0,0,0,0,0,2,0,20,7,9,41.80769705,-87.64322848
0,427959,-1,35,0,2,0,4,2,5,2,3,0,0,0,-1,-1,-1,-1,-1,1915,-1,-1,-1,-1,-1,-1,1,0,0,0,0,0,1,0,20,7,9,41.95476255,-87.64464706
0,427964,1,30,0,0,-1,-1,7,6,1,0,-1,0,0,-1,-1,1,0,-1,1915,-1,-1,-1,-1,-1,-1,2,0,0,0,0,0,1,0,20,7,9,41.95684898,-87.65282546
0,427846,-1,30,2,2,0,3,0,12,-1,0,0,0,1,1,-1,-1,5,-1,612,-1,-1,-1,-1,-1,-1,4,0,0,0,0,0,3,0,20,7,9,41.75431912,-87.64905155
0,427924,-1,30,0,0,0,4,7,6,1,0,0,0,0,-1,-1,1,0,0,815,-1,-1,-1,-1,-1,-1,2,0,0,0,0,0,1,0,20,7,9,41.80652965,-87.74175659
2,427869,-1,15,0,0,0,0,9,7,-1,0,0,0,1,-1,1,-1,0,0,914,-1,-1,-1,-1,-1,-1,2,1,0,0,1,0,1,0,19,7,9,41.8529915,-87.63554386
0,427839,-1,30,1,2,0,1,10,5,4,0,0,0,0,-1,-1,-1,18,-1,1223,-1,-1,-1,-1,-1,-1,2,0,0,0,0,0,3,0,19,7,9,41.87881079,-87.67643442
0,427816,-1,30,1,2,0,0,14,3,2,0,0,0,0,1,-1,-1,16,18,531,-1,-1,-1,-1,-1,-1,2,0,0,0,0,0,4,0,19,7,9,41.68555226,-87.61138164
0,441011,-1,30,0,0,0,1,10,5,3,0,0,-1,0,-1,-1,1,0,0,511,-1,-1,-1,-1,-1,-1,2,0,0,0,0,0,2,0,19,7,9,41.72225727,-87.58527557
0,427875,-1,30,1,2,0,0,0,3,3,0,0,0,1,1,-1,-1,17,6,1834,-1,-1,-1,-1,-1,-1,2,0,0,0,0,0,3,0,19,7,9,41.89111833,-87.61438469
0,429337,-1,30,1,2,0,4,14,5,4,0,0,0,0,-1,-1,1,22,0,1824,-1,-1,-1,-1,-1,-1,2,0,0,0,0,0,2,0,19,7,9,41.90698854,-87.62526869
0,427804,-1,35,1,2,0,3,0,3,8,0,0,0,1,-1,-1,-1,6,6,114,-1,-1,-1,-1,-1,-1,2,0,0,0,0,0,2,0,19,7,9,41.86762054,-87.61900613
0,427793,-1,30,1,2,1,4,12,5,4,0,0,0,0,1,-1,-1,18,-1,133,-1,1,-1,-1,-1,-1,2,0,0,0,0,0,3,0,19,7,9,41.83865066,-87.60991351
0,432461,-1,30,1,2,0,1,12,5,2,0,-1,-1,0,-1,-1,-1,20,20,1924,-1,-1,-1,-1,-1,-1,2,0,0,0,0,0,4,0,19,7,9,41.94356094,-87.65376364
0,427953,-1,30,2,2,0,1,7,6,1,0,0,0,0,-1,-1,1,0,0,822,-1,-1,-1,-1,-1,-1,2,0,0,0,0,0,1,0,19,7,9,41.78521183,-87.71815706
0,427859,-1,30,0,0,0,0,14,5,2,0,0,0,0,-1,-1,1,22,22,524,-1,-1,-1,-1,-1,-1,2,0,0,0,0,0,7,0,19,7,9,41.68498493,-87.6410794
0,427856,-1,30,0,0,0,3,7,6,-1,0,0,0,0,-1,-1,1,0,-1,2513,-1,-1,-1,-1,-1,-1,2,0,0,0,0,0,1,0,19,7,9,41.91533057,-87.79850119
0,427785,-1,30,0,0,0,1,12,5,2,0,0,0,0,-1,-1,-1,0,0,624,-1,-1,-1,-1,-1,-1,2,0,0,0,0,0,2,0,18,7,9,41.75848489,-87.60553322
0,430011,-1,30,0,0,0,1,7,7,0,0,0,0,0,-1,-1,1,0,0,2533,-1,-1,-1,-1,-1,-1,2,0,0,0,0,0,1,0,18,7,9,41.90973389,-87.74624497
0,429357,-1,30,0,0,0,1,12,5,-1,0,0,0,0,-1,-1,-1,21,0,1233,-1,-1,-1,-1,-1,-1,2,0,0,0,0,0,3,0,18,7,9,41.86674798,-87.66896113
0,427734,-1,30,0,2,0,2,14,5,2,0,0,0,0,-1,-1,-1,20,21,1434,1,1,-1,-1,-1,-1,2,0,0,0,0,0,2,0,18,7,9,41.9122124,-87.67660032
0,427726,-1,30,1,2,1,4,14,5,4,0,0,-1,0,0,-1,-1,23,-1,1115,-1,-1,-1,-1,-1,-1,2,0,0,0,0,0,3,0,18,7,9,41.8808088,-87.7278478
0,427705,-1,30,0,0,0,1,12,1,-1,0,0,0,0,-1,-1,-1,0,0,833,-1,-1,-1,-1,-1,-1,2,0,0,0,0,0,3,0,18,7,9,41.77132587,-87.72272138
0,427798,-1,30,0,0,0,1,7,6,1,3,0,0,0,-1,-1,-1,0,0,1914,-1,-1,-1,-1,-1,-1,2,0,0,0,0,0,1,0,18,7,9,41.96621114,-87.65688948
0,427776,-1,30,1,0,0,1,0,5,-1,0,0,0,0,-1,-1,-1,6,-1,1221,-1,-1,-1,-1,-1,-1,2,0,0,0,0,0,2,0,18,7,9,41.88970926,-87.68428069
0,427767,-1,30,0,0,0,1,0,12,0,0,0,0,0,1,-1,1,17,11,823,-1,-1,-1,-1,-1,-1,2,0,0,0,0,0,2,0,18,7,9,41.78272409,-87.70268112
0,427782,-1,30,1,2,0,4,0,5,-1,0,0,0,0,-1,-1,-1,0,0,1221,-1,-1,-1,-1,-1,-1,2,0,0,0,0,0,2,0,17,7,9,41.889571,-87.68436179
2,427744,-1,30,1,2,0,1,8,5,2,0,0,0,1,1,-1,1,0,0,1913,-1,-1,-1,-1,-1,-1,2,1,0,0,1,0,1,0,17,7,9,41.96542864,-87.65765606
0,427723,-1,30,0,0,1,1,7,5,2,0,0,0,0,-1,-1,-1,11,-1,1224,-1,-1,-1,-1,-1,-1,4,0,0,0,0,0,1,0,17,7,9,41.88027523,-87.66695797
0,427695,-1,30,0,0,0,1,10,7,-1,0,0,0,0,-1,-1,1,0,0,2413,-1,-1,-1,-1,-1,-1,2,0,0,0,0,0,2,0,17,7,9,41.9923813,-87.68985398
0,427696,-1,30,1,2,0,1,10,12,4,0,0,0,0,-1,-1,-1,18,0,833,-1,-1,-1,-1,-1,-1,2,0,0,0,0,0,2,0,17,7,9,41.7568764,-87.72232174
0,427722,-1,30,0,0,0,1,2,3,2,0,0,1,0,-1,-1,-1,29,0,412,-1,-1,-1,-1,-1,-1,1,0,0,0,0,0,1,0,17,7,9,41.73513894,-87.57582049
0,427713,-1,30,0,0,0,1,10,2,-1,0,0,0,0,-1,-1,-1,11,16,815,-1,-1,-1,-1,-1,-1,3,0,0,0,0,0,3,0,17,7,9,41.80509293,-87.72364911
0,427688,-1,30,1,2,0,1,7,2,2,0,0,-1,0,-1,-1,-1,27,-1,1731,-1,-1,-1,-1,-1,-1,2,0,0,0,0,0,1,0,17,7,9,41.94640368,-87.73367427
0,429069,-1,30,1,2,0,1,12,5,-1,0,0,0,0,-1,-1,-1,0,0,2433,-1,-1,-1,-1,-1,-1,2,0,0,0,0,0,2,0,17,7,9,41.99250537,-87.66049196
1,427692,-1,30,0,0,0,1,0,5,2,0,0,0,1,1,-1,-1,17,-1,2012,-1,-1,-1,-1,-1,-1,2,1,0,0,0,1,1,0,17,7,9,41.97886686,-87.66954168
0,427719,-1,30,1,2,0,1,14,5,-1,0,0,0,0,-1,-1,-1,17,-1,2514,-1,-1,-1,-1,-1,-1,2,0,0,0,0,0,3,0,17,7,9,41.93139216,-87.76595152
0,430143,-1,30,0,0,0,1,11,5,-1,0,0,0,0,-1,-1,-1,0,-1,2522,-1,-1,-1,-1,-1,-1,2,0,0,0,0,0,3,0,17,7,9,41.92087424,-87.73162515
0,427661,-1,30,0,0,0,1,10,5,-1,0,0,0,0,-1,-1,1,18,18,1824,-1,-1,-1,-1,-1,-1,2,0,0,0,0,0,2,0,17,7,9,41.90240687,-87.6239196
0,427701,-1,0,1,-1,0,1,0,6,1,0,0,0,0,-1,-1,1,17,-1,224,-1,-1,-1,-1,-1,-1,2,0,0,0,0,0,2,0,17,7,9,41.80905259,-87.63074017
0,427675,-1,0,0,0,1,1,7,7,-1,0,0,0,0,-1,-1,-1,20,-1,412,-1,-1,-1,-1,-1,-1,2,0,0,0,0,0,1,0,17,7,9,41.74398203,-87.57534266
0,427663,-1,35,0,0,0,1,10,2,2,0,0,0,0,-1,-1,-1,16,18,2212,-1,-1,-1,-1,-1,-1,2,0,0,0,0,0,2,0,17,7,9,41.70532619,-87.68144173
0,427637,-1,35,1,2,1,1,14,1,2,0,0,0,0,1,-1,-1,11,27,632,-1,-1,-1,-1,-1,-1,2,0,0,0,0,0,3,0,16,7,9,41.74370341,-87.61468208
0,427667,-1,30,1,2,0,1,12,5,4,0,0,-1,0,1,-1,-1,22,-1,1814,-1,-1,-1,-1,-1,-1,2,0,0,0,0,0,2,0,16,7,9,41.91552056,-87.63445898
0,427651,0,30,0,0,1,1,2,5,2,0,0,0,1,-1,-1,1,0,0,1222,-1,-1,-1,-1,-1,-1,1,0,0,0,0,0,2,0,16,7,9,41.88429056,-87.70323614
0,427641,-1,0,0,0,1,1,0,5,-1,0,0,0,0,-1,-1,1,17,-1,2223,-1,-1,-1,-1,-1,-1,2,0,0,0,0,0,2,0,16,7,9,41.72136882,-87.64306505
0,427626,-1,30,0,0,0,1,0,2,4,0,0,0,0,-1,-1,-1,17,0,813,-1,-1,-1,-1,-1,-1,2,0,0,0,0,0,5,0,16,7,9,41.77545997,-87.72282355
0,427616,-1,30,1,2,1,1,10,5,2,0,0,0,1,1,-1,-1,18,-1,1923,-1,-1,-1,-1,-1,-1,2,0,0,0,0,0,2,0,16,7,9,41.94742642,-87.64954043
0,427613,-1,30,1,2,0,1,14,2,2,0,0,0,1,1,-1,-1,17,-1,2534,-1,-1,-1,-1,-1,-1,2,0,0,0,0,0,3,0,16,7,9,41.9101204,-87.73609494
0,427640,-1,30,0,0,0,1,7,3,4,0,0,0,0,-1,-1,1,20,-1,933,-1,-1,-1,-1,-1,-1,2,0,0,0,0,0,1,0,16,7,9,41.80811963,-87.664814
0,427630,-1,30,0,0,0,1,12,2,2,0,0,0,0,-1,-1,-1,22,18,813,-1,-1,-1,-1,-1,-1,2,0,0,0,0,0,2,0,16,7,9,41.7785672,-87.73990948
0,427607,-1,30,0,0,0,1,7,7,1,0,0,0,0,-1,1,-1,20,0,1925,-1,-1,-1,-1,-1,-1,2,0,0,0,0,0,1,0,16,7,9,41.94835497,-87.64804173
0,427594,-1,30,0,0,1,1,12,5,-1,0,0,0,1,-1,-1,-1,0,-1,1831,-1,-1,-1,-1,-1,-1,2,0,0,0,0,0,2,0,16,7,9,41.89534756,-87.64310471
0,427643,-1,30,1,2,1,2,12,5,2,0,0,0,0,-1,-1,-1,7,18,831,-1,-1,-1,-1,-1,-1,3,0,0,0,0,0,3,0,16,7,9,41.77168694,-87.70906456
0,427676,-1,25,0,0,0,1,7,5,1,0,0,0,0,-1,-1,-1,21,0,2211,-1,-1,-1,-1,-1,-1,2,0,0,0,0,0,1,0,16,7,9,41.69077578,-87.71040771
0,427639,-1,30,2,2,0,1,14,2,2,0,0,0,0,-1,-1,1,0,0,2523,-1,-1,-1,-1,-1,-1,2,0,0,0,0,0,4,0,16,7,9,41.93523315,-87.71743105
0,427611,-1,30,0,0,0,1,12,5,-1,0,0,0,0,-1,-1,-1,17,-1,1915,-1,-1,-1,-1,-1,-1,2,0,0,0,0,0,2,0,16,7,9,41.95744386,-87.65064577
0,427589,-1,30,0,0,0,1,14,2,3,0,0,0,1,1,-1,-1,0,-1,1214,-1,-1,-1,-1,-1,-1,2,0,0,0,0,0,6,0,16,7,9,41.88741136,-87.64767253
0,427585,-1,30,0,0,0,1,0,5,-1,0,0,-1,1,-1,-1,-1,-1,17,1611,-1,-1,-1,-1,-1,-1,2,0,0,0,0,0,3,0,16,7,9,41.99291566,-87.7997424
0,427561,-1,30,0,0,0,1,10,2,-1,0,0,0,0,-1,-1,-1,18,0,824,-1,-1,-1,-1,-1,-1,2,0,0,0,0,0,2,0,15,7,9,41.78889143,-87.70327959
0,427588,-1,30,0,0,0,1,10,5,4,0,0,0,0,-1,-1,-1,16,-1,1113,-1,-1,-1,-1,-1,-1,2,0,0,0,0,0,3,0,15,7,9,41.87771536,-87.74503186
0,427679,-1,30,0,0,0,1,12,2,2,0,0,0,0,-1,-1,-1,0,0,2514,-1,-1,-1,-1,-1,-1,2,0,0,0,0,0,2,0,15,7,9,41.93148464,-87.76610678
0,427647,-1,30,-1,-1,0,1,10,2,-1,0,0,0,0,-1,-1,1,16,0,834,-1,-1,-1,-1,-1,-1,2,0,0,0,0,0,2,0,15,7,9,41.74932588,-87.72205886
0,427601,-1,30,2,2,0,1,10,2,2,0,0,-1,0,1,-1,1,20,0,732,-1,-1,-1,-1,-1,-1,2,0,0,0,0,0,3,0,15,7,9,41.76358949,-87.63794148
0,427609,-1,30,0,0,0,1,14,6,-1,0,0,0,0,-1,-1,1,21,-1,1133,-1,-1,-1,-1,-1,-1,2,0,0,0,0,0,2,0,15,7,9,41.87073773,-87.72041743
2,427559,-1,30,0,0,1,4,12,5,2,0,0,0,1,-1,-1,-1,23,21,1125,-1,-1,-1,-1,-1,-1,4,1,0,0,1,0,3,0,15,7,9,41.88103424,-87.68810951
0,428589,1,30,0,0,0,1,8,0,-1,0,0,0,0,-1,-1,-1,17,-1,2412,-1,-1,-1,-1,-1,-1,2,0,0,0,0,0,2,0,15,7,9,41.99781781,-87.69003304
0,427691,-1,30,2,2,0,1,10,-1,2,0,0,0,0,1,-1,1,20,0,1213,-1,-1,-1,-1,-1,-1,2,0,0,0,0,0,2,0,15,7,9,41.90234412,-87.66997863
0,427542,-1,30,0,0,0,1,10,3,6,0,0,-1,0,-1,-1,1,18,-1,1824,-1,-1,-1,-1,-1,-1,2,0,0,0,0,0,2,0,15,7,9,41.90198595,-87.62453667
2,427538,-1,20,0,0,0,1,8,5,2,0,0,0,1,1,-1,-1,17,-1,833,-1,-1,0,-1,-1,-1,2,1,0,0,1,0,1,0,15,7,9,41.77406857,-87.7178615
0,427527,-1,30,1,2,0,1,10,5,2,0,0,0,0,-1,-1,-1,18,-1,925,-1,-1,-1,-1,-1,-1,2,0,0,0,0,0,2,0,15,7,9,41.80901746,-87.64299912
0,427543,-1,30,0,0,0,1,10,7,-1,0,0,0,0,-1,-1,-1,-1,20,513,-1,-1,-1,-1,-1,-1,2,0,0,0,0,0,2,0,15,7,9,41.69623253,-87.5958062
0,427591,-1,35,1,2,0,1,10,5,2,0,0,0,0,-1,-1,-1,0,0,1031,-1,-1,-1,-1,-1,-1,2,0,0,0,0,0,2,0,15,7,9,41.83663767,-87.73664116
0,427497,-1,30,1,2,0,1,7,1,4,0,0,0,0,-1,-1,-1,21,17,1911,-1,-1,-1,-1,-1,-1,2,0,0,0,0,0,2,0,15,7,9,41.95406103,-87.68832043
3,427499,-1,30,0,0,0,1,12,5,-1,0,0,0,1,-1,-1,-1,22,22,1623,-1,0,-1,-1,-1,-1,2,1,0,1,0,0,1,0,15,7,9,41.96080895,-87.74967833
0,427521,-1,30,1,2,0,1,0,5,2,0,0,0,0,-1,-1,1,6,0,1013,-1,-1,-1,-1,-1,-1,2,0,0,0,0,0,2,0,15,7,9,41.8513829,-87.72944861
1,427484,-1,30,0,0,0,1,10,5,-1,0,0,0,1,-1,-1,-1,18,18,1632,-1,-1,-1,-1,-1,-1,2,1,0,0,0,1,1,0,14,7,9,41.95274338,-87.79024667
0,427492,-1,30,0,0,1,1,7,5,-1,0,0,0,0,-1,-1,-1,0,0,531,-1,-1,-1,-1,-1,-1,2,0,0,0,0,0,1,0,14,7,9,41.69096484,-87.62117649
0,427468,-1,25,0,0,0,1,12,6,-1,0,0,0,0,-1,-1,-1,17,21,1832,-1,-1,-1,-1,-1,-1,2,0,0,0,0,0,2,0,14,7,9,41.89811522,-87.62858337
0,427537,-1,30,2,2,0,1,10,5,2,0,0,0,0,1,-1,-1,18,-1,1232,-1,-1,-1,-1,-1,-1,2,0,0,0,0,0,2,0,14,7,9,41.86481646,-87.64670127
0,427477,-1,30,1,2,0,1,10,5,4,0,0,0,1,-1,-1,1,0,0,1134,-1,-1,-1,-1,-1,-1,2,0,0,0,0,0,3,0,14,7,9,41.87681146,-87.71071737
0,427480,-1,25,1,2,0,1,10,6,3,0,0,0,0,1,-1,-1,18,0,2234,-1,-1,-1,-1,-1,-1,2,0,0,0,0,0,3,0,14,7,9,41.69015166,-87.66062665
0,427578,-1,30,0,0,0,1,14,2,2,0,0,0,0,-1,-1,-1,0,0,915,-1,-1,-1,-1,-1,-1,2,0,0,0,0,0,3,0,14,7,9,41.83096305,-87.63837387
-1,427496,-1,10,0,0,0,1,7,7,-1,0,0,0,0,-1,-1,-1,-1,-1,124,-1,-1,-1,-1,-1,-1,2,-1,-1,-1,-1,-1,-1,-1,14,7,9,41.86795123,-87.64236163
0,427450,-1,35,0,0,0,1,10,5,2,0,0,0,0,-1,-1,-1,0,0,1014,-1,-1,-1,-1,-1,-1,2,0,0,0,0,0,2,0,14,7,9,41.8522697,-87.72087872
0,427476,-1,30,0,0,0,1,10,5,-1,0,0,0,0,-1,-1,-1,18,-1,1431,-1,-1,-1,-1,-1,-1,2,0,0,0,0,0,2,0,14,7,9,41.92479042,-87.68770149
0,427443,-1,30,0,0,0,1,10,5,-1,0,0,4,0,-1,-1,-1,29,-1,1622,-1,-1,-1,-1,-1,-1,2,0,0,0,0,0,4,0,14,7,9,41.98218342,-87.78538374
0,427461,-1,35,0,0,1,1,5,3,4,0,0,1,1,-1,-1,-1,28,29,823,0,-1,-1,-1,-1,-1,1,0,0,0,0,0,1,0,14,7,9,41.77846764,-87.70297661
0,427493,-1,25,0,0,0,1,7,5,-1,0,0,0,0,-1,-1,-1,12,0,824,-1,-1,-1,-1,-1,-1,2,0,0,0,0,0,1,0,14,7,9,41.78640984,-87.68764121
0,427487,-1,30,1,2,0,1,12,8,3,0,0,0,0,-1,-1,-1,17,-1,634,-1,-1,-1,-1,-1,-1,2,0,0,0,0,0,3,0,14,7,9,41.73584399,-87.62557861
0,427436,-1,30,1,2,0,1,12,2,2,0,0,0,0,0,-1,1,22,-1,921,-1,-1,-1,-1,-1,-1,2,0,0,0,0,0,2,0,14,7,9,41.82295429,-87.68501299
0,445008,-1,30,0,0,0,1,11,7,-1,0,0,-1,0,-1,-1,-1,0,0,622,-1,-1,-1,-1,-1,-1,2,0,0,0,0,0,3,0,14,7,9,41.74340141,-87.63376859
0,430158,-1,30,0,0,0,1,10,5,-1,0,0,0,0,-1,-1,-1,0,0,733,-1,-1,-1,-1,-1,-1,2,0,0,0,0,0,2,0,14,7,9,41.76503487,-87.64941139
1,427434,-1,30,1,2,0,1,0,1,1,0,0,0,1,1,-1,-1,6,-1,2213,-1,-1,-1,-1,-1,-1,2,3,0,0,0,3,0,0,13,7,9,41.71383396,-87.65971063
0,427472,-1,30,0,0,0,1,14,3,4,0,0,-1,0,-1,-1,-1,17,22,1821,-1,-1,-1,-1,-1,-1,2,0,0,0,0,0,2,0,13,7,9,41.9042963,-87.63308212
2,427423,-1,35,1,2,0,1,14,1,4,0,0,0,1,1,-1,-1,17,11,1522,-1,1,-1,-1,-1,-1,2,2,0,0,2,0,4,0,13,7,9,41.87105414,-87.75487343
3,427399,-1,30,0,0,0,1,9,6,1,0,0,0,1,-1,-1,-1,-1,-1,825,-1,-1,-1,-1,-1,-1,2,1,0,1,0,0,1,0,13,7,9,41.78044678,-87.68626876