MOST_SEVERE_INJURY,RD_NO,CRASH_DATE_EST_I,POSTED_SPEED_LIMIT,TRAFFIC_CONTROL_DEVICE,DEVICE_CONDITION,WEATHER_CONDITION,LIGHTING_CONDITION,FIRST_CRASH_TYPE,TRAFFICWAY_TYPE,LANE_CNT,ALIGNMENT,ROADWAY_SURFACE_COND,ROAD_DEFECT,CRASH_TYPE,INTERSECTION_RELATED_I,NOT_RIGHT_OF_WAY_I,HIT_AND_RUN_I,PRIM_CONTRIBUTORY_CAUSE,SEC_CONTRIBUTORY_CAUSE,BEAT_OF_OCCURRENCE,PHOTOS_TAKEN_I,STATEMENTS_TAKEN_I,DOORING_I,WORK_ZONE_I,WORK_ZONE_TYPE,WORKERS_PRESENT_I,NUM_UNITS,INJURIES_TOTAL,INJURIES_FATAL,INJURIES_INCAPACITATING,INJURIES_NON_INCAPACITATING,INJURIES_REPORTED_NOT_EVIDENT,INJURIES_NO_INDICATION,INJURIES_UNKNOWN,CRASH_HOUR,CRASH_DAY_OF_WEEK,CRASH_MONTH,LATITUDE,LONGITUDE
0,433400,-1,30,1,2,0,1,10,5,2,0,-1,-1,0,1,-1,-1,18,0,733,-1,-1,-1,-1,-1,-1,2,0,0,0,0,0,2,0,13,7,9,41.76523653,-87.64933103
0,427584,-1,30,0,0,0,1,7,6,1,0,0,0,0,-1,-1,1,0,-1,713,-1,-1,-1,-1,-1,-1,2,0,0,0,0,0,1,0,13,7,9,41.78341359,-87.65717531
0,427576,-1,30,2,2,0,1,10,6,-1,0,0,-1,0,-1,-1,-1,0,0,2024,-1,-1,-1,-1,-1,-1,2,0,0,0,0,0,2,0,13,7,9,41.97516937,-87.65504663
0,427536,-1,30,0,0,0,1,10,5,-1,0,0,0,1,-1,-1,1,0,-1,911,-1,-1,-1,-1,-1,-1,4,0,0,0,0,0,4,0,13,7,9,41.83000271,-87.69384504
0,427494,-1,30,1,-1,1,1,10,5,-1,0,-1,-1,0,1,-1,-1,0,-1,114,-1,-1,-1,-1,-1,-1,2,0,0,0,0,0,4,0,13,7,9,41.8809827,-87.61763334
0,427383,-1,30,0,0,0,1,7,6,1,0,0,0,0,-1,-1,1,0,0,914,-1,-1,-1,-1,-1,-1,2,0,0,0,0,0,1,0,13,7,9,41.85203236,-87.63492936
0,427364,-1,20,2,1,1,1,12,5,1,0,0,0,0,-1,-1,1,0,22,533,-1,-1,-1,-1,-1,-1,2,0,0,0,0,0,2,0,13,7,9,41.65724388,-87.60528107
2,427365,-1,25,1,2,0,1,0,5,0,0,0,0,1,1,-1,-1,3,3,432,-1,-1,-1,-1,-1,-1,2,1,0,0,1,0,2,0,13,7,9,41.70266254,-87.54024419
0,427370,-1,30,0,0,1,1,12,5,-1,0,-1,0,0,-1,-1,-1,21,-1,913,-1,-1,-1,-1,-1,-1,2,0,0,0,0,0,3,0,13,7,9,41.84178496,-87.65794054
0,428735,-1,30,1,2,0,1,10,5,-1,0,0,0,0,-1,-1,-1,16,18,1935,-1,-1,-1,-1,-1,-1,2,0,0,0,0,0,2,0,13,7,9,41.9262128,-87.63140532
0,428425,1,15,0,0,2,1,7,7,1,0,0,0,0,-1,-1,1,0,1,2234,-1,-1,-1,-1,-1,-1,2,0,0,0,0,0,1,0,13,7,9,41.68033221,-87.66258468
0,427441,-1,30,0,0,0,1,0,2,-1,0,0,0,0,1,-1,-1,23,16,811,-1,-1,-1,-1,-1,-1,2,0,0,0,0,0,2,0,12,7,9,41.79240476,-87.78431404
0,427351,-1,30,1,2,0,1,10,6,2,0,0,0,1,-1,-1,-1,12,12,2234,-1,-1,-1,-1,-1,-1,2,0,0,0,0,0,3,0,12,7,9,41.69034607,-87.66055603
0,427326,-1,30,1,2,0,2,10,2,2,0,0,0,0,-1,-1,-1,18,0,2424,-1,-1,-1,-1,-1,-1,2,0,0,0,0,0,2,0,12,7,9,42.01826277,-87.68434983
0,427320,-1,30,0,0,0,1,8,2,2,0,0,0,0,-1,-1,-1,17,-1,1424,-1,-1,1,-1,-1,-1,3,0,0,0,0,0,4,0,12,7,9,41.90874167,-87.67726794
0,427410,-1,30,1,2,0,1,10,5,-1,0,0,0,0,1,-1,1,18,-1,2533,-1,-1,-1,-1,-1,-1,2,0,0,0,0,0,2,0,12,7,9,41.90986357,-87.7363803
0,427337,-1,30,1,2,0,1,12,5,4,0,0,0,0,-1,-1,-1,0,-1,812,-1,-1,-1,-1,-1,-1,2,0,0,0,0,0,5,0,12,7,9,41.77794241,-87.76177279
0,427312,-1,25,0,0,1,1,12,5,-1,0,0,0,0,-1,-1,-1,22,21,1822,-1,-1,-1,-1,-1,-1,2,0,0,0,0,0,2,0,12,7,9,41.903716,-87.65075532
2,427300,-1,25,0,0,1,1,8,5,2,1,0,0,1,-1,-1,-1,16,-1,2424,-1,-1,-1,-1,-1,-1,2,1,0,0,1,0,0,0,12,7,9,42.00754841,-87.6806003
0,427305,-1,30,0,0,1,1,14,2,2,0,0,0,0,-1,-1,1,22,16,1233,-1,-1,-1,-1,-1,-1,2,0,0,0,0,0,2,0,12,7,9,41.86405297,-87.667142
0,428371,-1,30,0,0,0,1,0,5,2,0,0,0,0,-1,-1,-1,0,0,412,-1,-1,-1,-1,-1,-1,2,0,0,0,0,0,2,0,12,7,9,41.73805172,-87.57558971
0,427341,-1,30,0,0,0,1,12,2,2,0,0,0,0,-1,-1,-1,11,0,2221,-1,-1,-1,-1,-1,-1,2,0,0,0,0,0,2,0,12,7,9,41.73354872,-87.66314934
0,427331,-1,0,0,0,0,1,12,2,2,0,0,0,0,-1,-1,-1,21,-1,632,-1,-1,-1,-1,-1,-1,2,0,0,0,0,0,3,0,12,7,9,41.73667102,-87.61067218
0,427324,-1,30,0,0,-1,-1,7,6,1,0,-1,0,0,0,-1,1,0,-1,1231,-1,-1,-1,-1,-1,-1,2,0,0,0,0,0,1,0,12,7,9,41.86790913,-87.65934897
0,427271,-1,30,1,2,0,1,14,5,-1,0,0,0,0,-1,-1,-1,17,23,1831,-1,-1,-1,-1,-1,-1,2,0,0,0,0,0,2,0,12,7,9,41.89637979,-87.64180174
0,428334,-1,25,1,2,0,1,10,5,-1,0,0,0,0,1,-1,-1,18,18,1232,-1,-1,-1,-1,-1,-1,2,0,0,0,0,0,2,0,12,7,9,41.87443824,-87.64596602
0,427329,-1,30,1,2,0,1,14,2,4,0,0,0,0,1,-1,-1,0,0,2533,-1,-1,-1,-1,-1,-1,2,0,0,0,0,0,4,0,12,7,9,41.91331612,-87.7461171
0,427275,-1,25,1,2,0,1,12,2,-1,0,0,12,0,1,-1,-1,-1,-1,2533,-1,-1,-1,-1,-1,-1,2,0,0,0,0,0,2,0,12,7,9,41.91331612,-87.7461171
0,427272,-1,30,0,0,0,1,7,5,-1,0,0,0,0,-1,-1,1,0,0,1814,-1,-1,-1,-1,-1,-1,2,0,0,0,0,0,1,0,12,7,9,41.9164418,-87.63627394
0,427266,-1,0,0,0,0,1,10,2,-1,0,0,0,0,-1,-1,-1,18,0,1014,-1,-1,-1,-1,-1,-1,2,0,0,0,0,0,2,0,12,7,9,41.85232833,-87.72071278
0,427388,-1,30,-1,-1,-1,-1,12,-1,-1,0,-1,-1,0,-1,-1,-1,0,-1,1621,-1,-1,-1,-1,-1,-1,2,0,0,0,0,0,5,0,11,7,9,42.00317536,-87.77183708
0,427347,-1,30,0,0,1,1,14,3,6,0,0,0,0,1,-1,-1,23,-1,934,-1,-1,-1,-1,-1,-1,2,0,0,0,0,0,5,0,11,7,9,41.79424795,-87.6574264
0,427256,-1,30,1,2,0,1,14,5,2,2,0,0,1,1,-1,-1,17,-1,2533,-1,-1,-1,-1,-1,-1,3,0,0,0,0,0,7,0,11,7,9,41.91018141,-87.73624887
0,427268,-1,0,0,0,0,1,7,7,-1,0,0,0,0,-1,-1,1,0,-1,924,-1,-1,-1,-1,-1,-1,2,0,0,0,0,0,1,0,11,7,9,41.80874014,-87.66299011
2,427242,-1,30,0,0,1,1,8,6,1,0,0,0,1,1,-1,-1,11,-1,931,-1,-1,0,-1,-1,-1,2,1,0,0,1,0,4,0,11,7,9,41.80667666,-87.66628432
0,427316,-1,30,1,2,0,1,14,5,-1,0,0,0,0,-1,-1,-1,23,-1,412,-1,-1,-1,-1,-1,-1,2,0,0,0,0,0,2,0,11,7,9,41.73737133,-87.57587086
0,427700,-1,30,0,0,2,1,12,5,-1,0,0,0,0,-1,-1,-1,0,0,821,-1,-1,-1,-1,-1,-1,2,0,0,0,0,0,2,0,11,7,9,41.80980562,-87.71099093
0,427239,-1,30,0,0,0,1,12,2,3,0,0,0,0,-1,-1,-1,17,17,2212,-1,-1,-1,-1,-1,-1,2,0,0,0,0,0,2,0,11,7,9,41.67736264,-87.6805995
0,428808,-1,30,0,0,0,3,7,5,2,0,0,0,0,-1,-1,1,17,20,1414,-1,-1,-1,-1,-1,-1,2,0,0,0,0,0,5,0,11,7,9,41.92391202,-87.69922555
1,427301,-1,30,0,0,0,1,14,5,-1,0,0,0,1,-1,-1,-1,0,0,815,-1,-1,-1,-1,-1,-1,2,1,0,0,0,1,3,0,11,7,9,41.79619759,-87.72339188
0,427267,-1,30,2,2,0,1,0,5,2,0,0,0,0,1,-1,-1,33,-1,624,-1,-1,-1,-1,-1,-1,2,0,0,0,0,0,2,0,11,7,9,41.7566794,-87.60424487
0,427427,-1,30,0,0,0,1,7,5,-1,0,0,0,0,-1,-1,1,0,0,1215,-1,-1,-1,-1,-1,-1,2,0,0,0,0,0,2,0,11,7,9,41.88617175,-87.66211864
1,427544,-1,30,1,2,0,1,10,5,2,0,0,0,1,-1,-1,1,11,-1,1522,-1,-1,-1,-1,-1,-1,2,1,0,0,0,1,2,0,11,7,9,41.87093374,-87.75561256
1,427222,-1,30,0,0,0,1,10,5,2,0,0,0,1,1,-1,-1,18,11,1811,-1,-1,-1,-1,-1,-1,2,1,0,0,0,1,1,0,11,7,9,41.92518267,-87.65839052
0,427217,-1,30,1,2,0,1,10,5,2,0,0,0,0,-1,-1,-1,-1,-1,1632,-1,-1,-1,-1,-1,-1,4,0,0,0,0,0,4,0,11,7,9,41.9526673,-87.79441455
2,427219,-1,30,2,2,1,1,0,5,4,0,0,0,1,1,-1,-1,0,0,821,-1,0,-1,-1,-1,-1,2,1,0,0,1,0,2,0,11,7,9,41.81535204,-87.70440626
3,427212,-1,30,0,2,0,1,8,2,4,0,0,0,1,1,-1,-1,0,-1,1411,-1,-1,-1,-1,-1,-1,2,1,0,1,0,0,1,0,11,7,9,41.93397503,-87.68808813
0,427192,-1,30,0,0,0,1,14,5,0,0,0,0,0,1,-1,-1,8,-1,832,-1,-1,-1,-1,-1,-1,2,0,0,0,0,0,7,0,11,7,9,41.76642811,-87.68314438
2,427908,-1,30,0,0,0,1,9,0,2,0,0,0,1,-1,-1,-1,0,-1,1121,-1,-1,-1,-1,-1,-1,2,1,0,0,1,0,1,0,11,7,9,41.89375423,-87.71461392
0,427231,-1,30,0,0,0,1,10,7,-1,0,0,0,0,-1,-1,-1,20,-1,533,-1,-1,-1,-1,-1,-1,2,0,0,0,0,0,2,0,11,7,9,41.65453689,-87.6169388
1,427202,-1,30,0,0,1,1,12,2,4,0,0,0,1,-1,-1,1,0,0,2513,-1,-1,-1,-1,-1,-1,2,1,0,0,0,1,1,0,11,7,9,41.90931508,-87.77948527
1,427199,-1,30,0,0,1,1,2,6,-1,0,0,0,1,-1,1,-1,0,-1,815,-1,-1,-1,-1,-1,-1,1,1,0,0,0,1,0,0,10,7,9,41.80614176,-87.72735376
0,427173,-1,20,0,0,0,1,7,5,-1,0,0,0,0,-1,-1,1,0,-1,214,-1,-1,-1,-1,-1,-1,1,0,0,0,0,0,1,0,10,7,9,41.8202384,-87.60927884
0,427218,-1,0,0,0,0,1,7,7,-1,0,0,0,0,-1,-1,-1,0,0,2424,-1,-1,-1,-1,-1,-1,2,0,0,0,0,0,1,0,10,7,9,42.01596668,-87.67534401
1,427186,-1,30,0,0,0,1,10,2,-1,0,0,0,1,1,-1,-1,0,-1,314,-1,-1,-1,-1,-1,-1,2,2,0,0,0,2,2,0,10,7,9,41.78044514,-87.594792
1,427144,-1,30,1,2,1,1,14,2,4,0,0,0,1,1,-1,-1,25,17,2512,-1,-1,-1,-1,-1,-1,2,2,0,0,0,2,0,0,10,7,9,41.92370819,-87.79530078
-1,427197,-1,35,1,2,0,1,10,2,-1,0,0,0,0,-1,-1,-1,18,-1,114,-1,-1,-1,-1,-1,-1,-1,-1,-1,-1,-1,-1,-1,-1,10,7,9,41.88098221,-87.61710465
0,427147,-1,30,0,0,0,1,7,5,-1,0,0,0,0,-1,-1,-1,0,0,2535,-1,-1,-1,-1,-1,-1,2,0,0,0,0,0,1,0,10,7,9,41.9162397,-87.72545408
1,427205,-1,30,1,2,0,1,8,2,2,0,0,0,1,-1,-1,1,6,-1,622,-1,-1,-1,-1,-1,-1,2,1,0,0,0,1,1,0,10,7,9,41.7359708,-87.64347194
0,427128,-1,15,0,0,0,1,7,7,1,0,0,0,0,-1,1,-1,20,0,2032,-1,-1,-1,-1,-1,-1,2,0,0,0,0,0,5,0,10,7,9,41.97318601,-87.6681921
2,427137,-1,35,1,2,0,1,0,5,4,0,0,0,1,1,-1,-1,6,0,835,-1,-1,-1,-1,-1,-1,2,5,0,0,5,0,0,0,10,7,9,41.75070205,-87.70258605
0,433843,-1,30,0,0,0,1,12,5,-1,0,0,0,0,-1,-1,-1,21,0,111,-1,-1,-1,-1,-1,-1,2,0,0,0,0,0,2,0,10,7,9,41.88774589,-87.62548303
0,427431,1,30,0,0,0,1,7,5,1,0,0,0,0,-1,-1,1,0,-1,433,-1,-1,-1,-1,-1,-1,2,0,0,0,0,0,1,0,10,7,9,41.68312709,-87.53871699
0,427119,-1,30,0,0,1,1,12,5,2,0,0,0,0,-1,-1,0,25,25,1021,-1,-1,-1,-1,-1,-1,4,0,0,0,0,0,3,0,10,7,9,41.85669131,-87.71499669
0,427262,-1,0,0,0,0,1,7,7,-1,0,0,0,0,-1,1,-1,21,0,1834,-1,-1,-1,-1,-1,-1,2,0,0,0,0,0,1,0,9,7,9,41.89335244,-87.62556699
0,427325,-1,30,0,0,0,1,7,5,2,0,0,0,0,-1,-1,1,0,0,1932,-1,-1,-1,-1,-1,-1,2,0,0,0,0,0,1,0,9,7,9,41.93174025,-87.66339189
0,427123,-1,30,1,2,0,1,0,5,4,0,0,0,1,-1,-1,-1,0,0,834,-1,-1,-1,-1,-1,-1,2,0,0,0,0,0,2,0,9,7,9,41.73496838,-87.7215025
0,427114,-1,30,1,2,1,1,10,5,4,0,0,0,1,-1,-1,-1,18,0,822,-1,-1,-1,-1,-1,-1,2,0,0,0,0,0,3,0,9,7,9,41.80009153,-87.72321361
0,427131,-1,20,0,0,0,1,7,5,-1,0,0,0,0,-1,-1,1,21,0,123,-1,-1,-1,-1,-1,-1,2,0,0,0,0,0,1,0,9,7,9,41.8719863,-87.6242628
0,427126,-1,20,0,0,0,1,0,2,-1,0,0,0,0,-1,-1,-1,-1,-1,2534,-1,-1,-1,-1,-1,-1,2,0,0,0,0,0,2,0,9,7,9,41.91438212,-87.73120563
0,427098,-1,30,0,0,1,1,7,2,-1,0,0,0,1,-1,-1,1,25,0,832,-1,-1,-1,-1,-1,-1,2,0,0,0,0,0,1,0,9,7,9,41.7679011,-87.68347623
0,429422,1,30,-1,-1,-1,-1,7,5,-1,0,-1,-1,0,-1,-1,1,0,0,2023,-1,-1,-1,-1,-1,-1,2,0,0,0,0,0,1,0,9,7,9,41.98194008,-87.65807155
0,427931,-1,30,1,2,0,3,12,2,2,0,0,0,0,-1,-1,-1,22,-1,612,-1,-1,-1,-1,-1,-1,2,0,0,0,0,0,3,0,9,7,9,41.75038805,-87.65367506
0,427617,-1,25,-1,-1,1,1,7,6,1,0,0,0,0,-1,-1,1,0,0,313,-1,-1,-1,-1,-1,-1,2,0,0,0,0,0,2,0,9,7,9,41.78210723,-87.60681337
0,427084,-1,0,1,2,1,1,0,3,8,0,0,0,0,-1,-1,-1,6,11,123,-1,-1,-1,-1,-1,-1,2,0,0,0,0,0,8,0,9,7,9,41.87548668,-87.6317932
1,427107,-1,30,1,2,0,1,0,2,-1,0,0,-1,1,1,-1,-1,0,-1,1022,-1,-1,-1,-1,-1,-1,2,1,0,0,0,1,1,0,9,7,9,41.863071,-87.70563519
0,427668,1,20,0,0,0,-1,7,6,-1,0,0,0,0,-1,-1,1,0,0,1712,-1,-1,-1,-1,-1,-1,2,0,0,0,0,0,1,0,9,7,9,41.96998122,-87.71692833
0,427101,-1,30,1,2,0,1,10,6,2,0,0,0,0,-1,-1,1,22,0,114,-1,-1,-1,-1,-1,-1,2,0,0,0,0,0,2,0,9,7,9,41.88726183,-87.61586441
0,427082,-1,10,0,0,0,1,2,0,-1,0,0,0,0,-1,1,-1,7,7,1611,-1,-1,-1,-1,-1,-1,1,0,0,0,0,0,1,0,8,7,9,42.01368343,-87.81529494
0,427053,-1,30,0,0,0,1,14,2,4,0,0,0,1,-1,-1,-1,23,0,1622,-1,-1,-1,-1,-1,-1,2,0,0,0,0,0,2,0,8,7,9,41.96081963,-87.76740029
0,427134,-1,30,0,0,0,1,7,7,0,0,0,0,0,-1,-1,-1,27,-1,133,-1,-1,-1,-1,-1,-1,2,0,0,0,0,0,1,0,8,7,9,41.84472024,-87.62544957
0,427027,-1,30,0,0,0,1,12,2,4,0,0,0,1,-1,-1,1,18,0,1225,-1,-1,-1,-1,-1,-1,2,0,0,0,0,0,3,0,8,7,9,41.8708895,-87.67651265
0,427159,-1,30,1,2,0,1,10,5,2,0,0,0,0,-1,-1,1,18,0,715,-1,-1,-1,-1,-1,-1,2,0,0,0,0,0,2,0,7,7,9,41.7934929,-87.66949128
0,427023,-1,30,1,2,1,1,10,3,6,0,0,0,0,-1,-1,-1,18,0,1614,-1,-1,-1,-1,-1,-1,2,0,0,0,0,0,2,0,7,7,9,41.98259956,-87.83672841
0,427017,-1,40,0,0,1,1,10,8,1,2,0,0,0,-1,-1,-1,18,11,2024,-1,-1,-1,-1,-1,-1,2,0,0,0,0,0,2,0,7,7,9,41.96943986,-87.64807149
0,427612,-1,30,1,2,1,1,10,5,-1,0,0,0,0,-1,-1,-1,18,0,1524,-1,-1,-1,-1,-1,-1,2,0,0,0,0,0,2,0,7,7,9,41.90196461,-87.76550157
1,427032,-1,30,0,0,0,1,12,3,6,3,0,0,1,-1,-1,-1,17,0,331,-1,-1,-1,-1,-1,-1,2,2,0,0,0,2,1,0,7,7,9,41.79123468,-87.57972127
0,427028,-1,30,2,3,0,1,10,5,-1,0,0,0,0,-1,-1,1,18,0,421,-1,-1,-1,-1,-1,-1,2,0,0,0,0,0,4,0,7,7,9,41.76043692,-87.55721244
0,427168,-1,30,0,0,0,1,12,12,-1,0,0,0,0,-1,-1,-1,11,0,1833,-1,-1,-1,-1,-1,-1,2,0,0,0,0,0,2,0,7,7,9,41.89573113,-87.6280292
0,427024,-1,30,0,0,0,1,7,5,1,0,0,0,0,-1,-1,1,0,-1,1723,-1,-1,-1,-1,-1,-1,2,0,0,0,0,0,1,0,7,7,9,41.96403525,-87.72316496
2,427018,-1,30,1,2,0,1,14,12,0,0,0,0,1,1,-1,-1,17,17,112,-1,-1,-1,-1,-1,-1,2,2,0,0,2,0,0,0,7,7,9,41.88192555,-87.62786664
3,426999,-1,30,1,-1,1,1,9,8,2,0,0,-1,1,-1,-1,-1,17,-1,1732,-1,-1,-1,-1,-1,-1,2,1,0,1,0,0,1,0,7,7,9,41.94659923,-87.71868123
0,427155,-1,20,2,2,0,1,14,5,-1,0,0,0,0,-1,-1,-1,21,0,1733,-1,-1,-1,-1,-1,-1,2,0,0,0,0,0,4,0,7,7,9,41.94654917,-87.70895263
0,426985,-1,30,0,0,0,1,2,3,-1,0,0,0,1,-1,-1,-1,7,-1,921,-1,-1,-1,-1,-1,-1,1,0,0,0,0,0,3,0,7,7,9,41.82279454,-87.68438152
0,427038,-1,35,0,0,1,1,7,6,-1,2,0,-1,1,-1,-1,-1,-1,-1,411,-1,-1,-1,-1,-1,-1,2,0,0,0,0,0,1,0,7,7,9,41.7582464,-87.58971775
0,427295,-1,30,0,0,0,1,7,5,2,0,0,0,0,-1,-1,1,0,0,613,-1,-1,-1,-1,-1,-1,2,0,0,0,0,0,1,0,7,7,9,41.73937731,-87.64872295
0,426986,-1,30,1,2,0,1,14,3,6,3,0,0,0,1,-1,-1,23,21,331,-1,-1,-1,-1,-1,-1,2,0,0,0,0,0,2,0,6,7,9,41.78132031,-87.57507937
0,427563,-1,0,1,2,0,1,10,2,4,0,0,0,0,-1,-1,-1,18,0,2012,-1,-1,-1,-1,-1,-1,2,0,0,0,0,0,2,0,6,7,9,41.99070229,-87.67174222
0,426980,1,30,0,0,0,2,7,2,2,0,0,0,0,-1,-1,-1,0,0,1832,-1,-1,-1,-1,-1,-1,2,0,0,0,0,0,1,0,6,7,9,41.89255661,-87.6282482
0,427009,-1,15,2,2,1,2,2,5,2,0,0,0,0,1,-1,-1,27,-1,2024,-1,-1,-1,-1,-1,-1,1,0,0,0,0,0,1,0,6,7,9,41.97670719,-87.65044159
0,426968,-1,30,0,0,-1,-1,7,6,1,0,0,0,0,-1,-1,1,0,-1,414,-1,-1,-1,-1,-1,-1,2,0,0,0,0,0,1,0,6,7,9,41.74616149,-87.56662916
0,426963,-1,30,0,0,0,3,2,5,-1,0,0,0,1,-1,-1,-1,27,-1,1811,-1,-1,-1,-1,-1,-1,1,0,0,0,0,0,1,0,5,7,9,41.92512769,-87.66204067
0,439612,-1,30,0,0,0,0,7,6,1,0,0,0,0,-1,-1,1,0,-1,423,-1,-1,-1,-1,-1,-1,2,0,0,0,0,0,1,0,5,7,9,41.74245566,-87.55651806
0,426948,-1,40,0,0,0,3,12,3,4,0,0,0,1,-1,-1,-1,22,25,1834,-1,-1,-1,-1,-1,-1,2,0,0,0,0,0,2,0,5,7,9,41.8926834,-87.6141233
2,426947,1,30,0,0,0,3,7,5,1,0,0,-1,1,-1,-1,-1,27,-1,1622,-1,-1,-1,-1,-1,-1,2,1,0,0,1,0,0,0,5,7,9,41.98644011,-87.77982176
0,426981,-1,30,1,2,1,2,0,6,-1,0,0,0,0,-1,-1,1,0,0,1832,-1,-1,-1,-1,-1,-1,2,0,0,0,0,0,2,0,4,7,9,41.89400939,-87.62986267
0,427920,-1,30,1,2,0,2,10,5,4,0,0,0,0,-1,-1,1,0,18,1213,-1,-1,-1,-1,-1,-1,2,0,0,0,0,0,3,0,4,7,9,41.89647402,-87.64789499
2,426949,-1,30,2,0,0,3,2,6,1,0,0,0,1,-1,-1,-1,27,25,714,-1,-1,-1,-1,-1,-1,3,1,0,0,1,0,0,0,4,7,9,41.78502247,-87.66570728
0,427927,-1,30,0,0,0,3,7,5,-1,0,0,0,1,-1,-1,1,25,0,523,-1,-1,-1,-1,-1,-1,2,0,0,0,0,0,1,0,4,7,9,41.6689835,-87.63665737
0,427039,-1,15,0,0,0,0,2,0,-1,0,0,0,0,-1,-1,1,14,-1,931,-1,-1,-1,-1,-1,-1,1,0,0,0,0,0,1,0,4,7,9,41.80595502,-87.67112223
0,427035,-1,0,0,0,0,0,7,6,-1,0,0,0,0,-1,0,1,21,-1,931,-1,-1,-1,-1,-1,-1,2,0,0,0,0,0,1,0,4,7,9,41.8071527,-87.67115157
0,426965,-1,30,1,2,0,3,14,6,6,0,0,0,1,1,-1,-1,22,17,121,-1,-1,-1,-1,-1,-1,2,0,0,0,0,0,2,0,4,7,9,41.88462406,-87.64142459
0,426941,-1,30,0,0,0,3,7,5,-1,0,0,0,1,-1,-1,1,21,0,2012,-1,-1,-1,-1,-1,-1,4,0,0,0,0,0,1,0,4,7,9,41.97610202,-87.68227342
0,427425,-1,30,0,0,0,1,14,0,-1,0,0,0,0,-1,-1,1,0,0,624,-1,-1,-1,-1,-1,-1,2,0,0,0,0,0,2,0,4,7,9,41.75106607,-87.61264685
0,426915,-1,30,0,0,0,3,2,8,-1,3,0,0,1,-1,-1,1,0,0,1225,-1,-1,-1,-1,-1,-1,1,0,0,0,0,0,1,0,3,7,9,41.87624635,-87.68252665
0,426930,-1,30,0,0,0,3,7,2,2,0,0,0,0,-1,-1,1,0,-1,624,-1,-1,-1,-1,-1,-1,2,0,0,0,0,0,1,0,3,7,9,41.75103224,-87.61356483
0,426934,-1,30,0,0,0,3,7,6,1,0,0,0,0,-1,-1,-1,-1,-1,1013,-1,-1,-1,-1,-1,-1,3,0,0,0,0,0,1,0,3,7,9,41.84526309,-87.7256081
0,426922,-1,30,1,2,0,3,8,5,2,0,0,0,0,1,-1,-1,17,-1,1923,-1,-1,-1,-1,-1,-1,2,0,0,0,0,0,2,0,3,7,9,41.94742642,-87.64954043
0,426921,1,30,0,0,0,3,7,2,-1,0,0,-1,0,-1,-1,1,0,-1,1024,-1,-1,-1,-1,-1,-1,2,0,0,0,0,0,1,0,3,7,9,41.84545141,-87.70521429
0,426911,-1,20,0,0,0,3,7,6,1,0,0,0,1,-1,-1,1,0,0,414,-1,-1,-1,-1,-1,-1,3,0,0,0,0,0,2,0,3,7,9,41.75113417,-87.57490127
2,426908,-1,30,1,2,0,3,14,5,2,0,0,0,1,1,-1,-1,3,17,411,-1,-1,-1,-1,-1,-1,2,1,0,0,1,0,3,0,3,7,9,41.75133971,-87.58563227
0,426991,-1,30,2,2,0,3,10,5,-1,0,0,0,0,-1,-1,1,18,0,1925,-1,-1,-1,-1,-1,-1,2,0,0,0,0,0,3,0,3,7,9,41.94340222,-87.64068544
0,426901,-1,30,0,0,0,3,7,6,1,0,0,3,0,-1,-1,1,-1,-1,612,-1,-1,-1,-1,-1,-1,2,0,0,0,0,0,2,0,2,7,9,41.74756299,-87.65016575
0,426891,-1,30,1,2,0,3,10,3,4,0,0,0,0,1,-1,-1,16,18,1624,-1,-1,-1,-1,-1,-1,2,0,0,0,0,0,3,0,2,7,9,41.95525028,-87.74750161
0,426899,-1,30,1,2,0,3,10,5,-1,0,0,0,1,-1,-1,-1,18,-1,1712,-1,-1,-1,-1,-1,-1,2,0,0,0,0,0,3,0,2,7,9,41.96835129,-87.72809167
0,428638,1,20,0,1,0,0,7,6,-1,0,0,0,0,-1,-1,1,-1,0,1422,0,0,-1,-1,-1,-1,2,0,0,0,0,0,1,0,2,7,9,41.91018511,-87.71316262
0,426876,-1,30,0,0,0,3,12,3,-1,0,0,0,0,-1,-1,-1,22,22,1732,-1,-1,-1,-1,-1,-1,2,0,0,0,0,0,2,0,2,7,9,41.95276555,-87.72773669
0,426936,-1,15,0,0,0,3,7,6,1,0,0,0,1,-1,-1,-1,0,0,632,-1,-1,-1,-1,-1,-1,2,0,0,0,0,0,1,0,2,7,9,41.73725292,-87.60868804
0,426897,-1,25,0,0,0,0,7,6,-1,0,0,0,0,-1,-1,-1,16,-1,1033,-1,-1,-1,-1,-1,-1,3,0,0,0,0,0,2,0,2,7,9,41.84617735,-87.70033686
0,426881,-1,35,0,0,0,3,2,3,2,0,0,0,0,-1,-1,-1,29,11,1621,-1,-1,-1,-1,-1,-1,1,0,0,0,0,0,2,0,2,7,9,41.99002182,-87.74925655
0,427339,-1,35,0,0,0,3,12,5,2,0,0,0,0,-1,-1,1,0,0,1012,-1,-1,-1,-1,-1,-1,2,0,0,0,0,0,2,0,2,7,9,41.85868185,-87.73488064
1,426874,-1,30,2,2,0,3,14,5,2,0,0,0,1,1,-1,1,5,0,1214,-1,-1,-1,-1,-1,-1,2,1,0,0,0,1,1,0,2,7,9,41.89111944,-87.64430185
0,426873,-1,25,1,-1,0,3,7,5,2,0,0,0,0,-1,-1,1,0,22,1822,-1,-1,-1,-1,-1,-1,2,0,0,0,0,0,2,0,1,7,9,41.90856014,-87.64645269
0,426880,-1,30,2,2,0,3,10,5,4,0,0,0,0,1,-1,1,18,0,1831,-1,-1,-1,-1,-1,-1,2,0,0,0,0,0,3,0,1,7,9,41.89007262,-87.63559786