MOST_SEVERE_INJURY,RD_NO,CRASH_DATE_EST_I,POSTED_SPEED_LIMIT,TRAFFIC_CONTROL_DEVICE,DEVICE_CONDITION,WEATHER_CONDITION,LIGHTING_CONDITION,FIRST_CRASH_TYPE,TRAFFICWAY_TYPE,LANE_CNT,ALIGNMENT,ROADWAY_SURFACE_COND,ROAD_DEFECT,CRASH_TYPE,INTERSECTION_RELATED_I,NOT_RIGHT_OF_WAY_I,HIT_AND_RUN_I,PRIM_CONTRIBUTORY_CAUSE,SEC_CONTRIBUTORY_CAUSE,BEAT_OF_OCCURRENCE,PHOTOS_TAKEN_I,STATEMENTS_TAKEN_I,DOORING_I,WORK_ZONE_I,WORK_ZONE_TYPE,WORKERS_PRESENT_I,NUM_UNITS,INJURIES_TOTAL,INJURIES_FATAL,INJURIES_INCAPACITATING,INJURIES_NON_INCAPACITATING,INJURIES_REPORTED_NOT_EVIDENT,INJURIES_NO_INDICATION,INJURIES_UNKNOWN,CRASH_HOUR,CRASH_DAY_OF_WEEK,CRASH_MONTH,LATITUDE,LONGITUDE
0,426849,-1,30,2,2,0,3,10,2,-1,0,0,0,0,-1,-1,-1,20,-1,811,-1,-1,-1,-1,-1,-1,2,0,0,0,0,0,2,0,1,7,9,41.78712922,-87.77200062
0,426867,-1,30,0,0,0,3,0,5,-1,0,0,0,0,-1,-1,1,0,0,2511,-1,-1,-1,-1,-1,-1,2,0,0,0,0,0,2,0,1,7,9,41.93091082,-87.80249842
2,426842,-1,30,1,2,0,3,6,5,-1,0,0,0,1,1,-1,-1,6,-1,1831,-1,-1,-1,-1,-1,-1,2,1,0,0,1,0,3,0,1,7,9,41.89241067,-87.63720268
0,426834,-1,30,-1,-1,0,3,10,5,-1,0,0,-1,1,-1,-1,1,18,-1,723,-1,-1,-1,-1,-1,-1,2,0,0,0,0,0,5,0,1,7,9,41.77227131,-87.6444456
0,429849,-1,30,0,0,1,3,10,5,-1,0,-1,0,0,-1,-1,1,0,0,1133,-1,-1,-1,-1,-1,-1,1,0,0,0,0,0,1,0,1,7,9,41.8709306,-87.71757946
0,431095,-1,30,0,0,0,0,10,6,-1,0,0,0,0,-1,-1,-1,20,0,423,-1,-1,-1,-1,-1,-1,2,0,0,0,0,0,2,0,1,7,9,41.74084853,-87.55770767
0,427871,-1,30,0,0,0,3,7,5,4,0,0,0,0,-1,-1,1,0,-1,1122,-1,-1,-1,-1,-1,-1,3,0,0,0,0,0,1,0,1,7,9,41.88309844,-87.72158284
0,427581,1,25,0,0,-1,3,7,6,1,0,-1,-1,0,-1,-1,1,0,0,1122,-1,-1,-1,-1,-1,-1,2,0,0,0,0,0,1,0,1,7,9,41.87993112,-87.72083778
0,427564,1,30,0,0,-1,3,7,5,-1,0,-1,0,0,-1,-1,1,0,-1,1111,-1,-1,-1,-1,-1,-1,2,0,0,0,0,0,1,0,1,7,9,41.89875432,-87.73530393
0,426827,-1,35,2,2,0,3,10,6,1,0,0,0,0,-1,-1,-1,0,-1,1133,-1,-1,-1,-1,-1,-1,2,0,0,0,0,0,2,0,0,7,9,41.86702653,-87.7202766
0,426830,-1,30,0,0,0,3,9,5,2,0,0,0,0,-1,-1,-1,-1,-1,1821,-1,-1,-1,-1,-1,-1,2,0,0,0,0,0,2,0,0,7,9,41.90969254,-87.63481125
0,427328,-1,30,0,0,0,0,10,5,-1,0,0,0,0,-1,-1,-1,18,18,1922,-1,-1,-1,-1,-1,-1,2,0,0,0,0,0,2,0,0,7,9,41.94701788,-87.67485477
0,427346,-1,30,0,0,0,3,7,5,2,0,0,0,0,-1,-1,1,0,0,823,-1,-1,-1,-1,-1,-1,2,0,0,0,0,0,1,0,0,7,9,41.7770429,-87.72041139
0,430008,-1,30,1,2,0,3,10,2,4,0,0,0,0,1,-1,1,0,-1,1522,-1,-1,-1,-1,-1,-1,2,0,0,0,0,0,2,0,23,6,9,41.88012219,-87.7647158
0,426816,-1,30,1,2,0,3,10,3,6,0,0,0,0,1,-1,-1,18,0,1833,-1,-1,-1,-1,-1,-1,2,0,0,0,0,0,3,0,23,6,9,41.89810585,-87.61809722
0,426757,-1,10,0,0,0,0,10,7,1,0,0,0,0,-1,-1,1,0,0,411,-1,-1,-1,-1,-1,-1,2,0,0,0,0,0,3,0,23,6,9,41.75160323,-87.58656543
0,427247,1,30,0,0,0,0,7,6,1,0,0,0,0,-1,-1,1,0,-1,1511,-1,-1,-1,-1,-1,-1,2,0,0,0,0,0,1,0,23,6,9,41.89576272,-87.77284347
3,426932,-1,30,1,2,0,3,8,2,2,0,0,0,1,1,-1,-1,17,0,1821,-1,-1,0,-1,-1,-1,2,1,0,1,0,0,1,0,23,6,9,41.90588039,-87.63165813
0,426762,-1,30,1,2,0,3,14,2,2,0,0,0,0,1,-1,-1,23,0,1832,-1,-1,-1,-1,-1,-1,2,0,0,0,0,0,2,0,23,6,9,41.89696664,-87.63286301
0,426764,-1,30,1,2,0,0,0,5,-1,0,0,0,1,1,-1,-1,17,-1,231,-1,-1,-1,-1,-1,-1,3,0,0,0,0,0,4,0,23,6,9,41.79439556,-87.61906929
0,426747,-1,35,0,0,0,3,0,5,-1,0,0,0,1,-1,-1,-1,16,-1,833,-1,-1,-1,-1,-1,-1,2,0,0,0,0,0,2,0,23,6,9,41.77330064,-87.72268624
0,427808,-1,25,0,0,2,0,7,5,-1,0,1,0,0,-1,-1,-1,0,-1,735,-1,-1,-1,-1,-1,-1,2,0,0,0,0,0,1,0,23,6,9,41.76473443,-87.67610506
0,426737,-1,35,0,0,0,3,0,12,-1,0,0,0,0,-1,-1,-1,0,-1,1522,-1,-1,-1,-1,-1,-1,2,0,0,0,0,0,2,0,23,6,9,41.87378038,-87.76447613
2,426720,-1,30,0,0,0,3,12,5,-1,0,0,0,1,-1,-1,-1,23,22,1633,-1,-1,-1,-1,-1,-1,3,1,0,0,1,0,2,0,23,6,9,41.95298606,-87.77372047
0,426772,-1,30,0,0,0,3,10,6,1,0,1,0,0,-1,-1,-1,18,11,835,-1,-1,-1,-1,-1,-1,2,0,0,0,0,0,6,0,22,6,9,41.75707229,-87.70826328
2,426769,-1,30,0,0,0,3,12,5,-1,0,0,0,1,-1,-1,-1,0,0,2523,-1,-1,-1,-1,-1,-1,2,1,0,0,1,0,1,0,22,6,9,41.93639798,-87.71918809
3,426744,-1,35,0,0,0,0,14,5,-1,0,0,0,1,1,-1,-1,6,0,923,-1,-1,-1,-1,-1,-1,2,1,0,1,0,0,1,0,22,6,9,41.79476516,-87.6839163
0,426802,-1,45,0,0,0,3,10,3,-1,0,0,0,0,-1,-1,1,21,16,1934,-1,-1,-1,-1,-1,-1,2,0,0,0,0,0,2,0,22,6,9,41.93267395,-87.6317493
0,426739,-1,30,0,0,0,3,12,5,4,0,0,0,0,-1,-1,-1,0,0,2432,-1,-1,-1,-1,-1,-1,2,0,0,0,0,0,2,0,22,6,9,42.00259638,-87.66093221
0,426754,-1,30,1,2,0,3,10,5,4,0,0,0,0,-1,-1,-1,18,-1,921,-1,-1,-1,-1,-1,-1,2,0,0,0,0,0,2,0,22,6,9,41.8169691,-87.69978486
0,426725,-1,30,2,2,0,3,0,5,-1,0,1,-1,0,1,-1,-1,10,-1,1632,-1,-1,-1,-1,-1,-1,2,0,0,0,0,0,2,0,22,6,9,41.94387068,-87.78643962
0,426717,-1,30,0,0,0,3,12,5,2,0,0,0,0,1,-1,-1,0,0,923,-1,-1,-1,-1,-1,-1,2,0,0,0,0,0,2,0,22,6,9,41.80129608,-87.68437555
0,426708,-1,20,0,0,0,3,7,6,-1,0,0,0,0,-1,-1,1,22,0,1733,-1,-1,-1,-1,-1,-1,2,0,0,0,0,0,1,0,22,6,9,41.94800667,-87.70036849
0,426699,-1,30,1,1,0,3,10,2,4,0,0,0,0,-1,-1,-1,18,16,1211,-1,-1,-1,-1,-1,-1,2,0,0,0,0,0,3,0,22,6,9,41.89580912,-87.69131414
2,426711,-1,30,1,2,0,3,9,6,3,0,0,0,1,1,-1,-1,8,0,1834,-1,-1,-1,-1,-1,-1,2,1,0,0,1,0,1,0,22,6,9,41.89241349,-87.62545339
0,426741,-1,30,0,0,0,3,11,5,2,2,0,0,0,-1,-1,1,21,0,114,-1,-1,-1,-1,-1,-1,2,0,0,0,0,0,2,0,22,6,9,41.88688372,-87.62088012
0,426709,-1,30,2,2,0,3,7,6,-1,0,0,0,1,-1,-1,1,0,0,822,-1,-1,-1,-1,-1,-1,2,0,0,0,0,0,3,0,21,6,9,41.79702011,-87.72132531
0,426692,-1,30,0,0,0,3,7,5,2,0,0,0,0,-1,-1,1,0,0,1113,-1,-1,-1,-1,-1,-1,2,0,0,0,0,0,1,0,21,6,9,41.88438665,-87.73936311
0,426693,-1,30,1,2,0,4,10,2,4,0,0,0,0,1,-1,-1,18,0,1214,-1,-1,-1,-1,-1,-1,2,0,0,0,0,0,2,0,21,6,9,41.88891817,-87.64447797
0,427775,-1,30,0,0,0,1,7,7,-1,0,0,0,0,-1,-1,-1,0,-1,311,-1,-1,-1,-1,-1,-1,2,0,0,0,0,0,1,0,21,6,9,41.78353755,-87.61585107
0,427207,-1,30,0,0,0,3,2,5,4,0,0,1,0,-1,-1,-1,-1,-1,1922,-1,-1,-1,-1,-1,-1,1,0,0,0,0,0,1,0,21,6,9,41.93980465,-87.6687859
0,426653,1,30,0,0,0,3,12,6,-1,0,0,0,0,-1,-1,-1,17,17,113,-1,-1,-1,-1,-1,-1,2,0,0,0,0,0,2,0,21,6,9,41.87687878,-87.625411
0,426651,-1,30,1,2,0,0,12,5,4,0,0,0,0,-1,-1,-1,21,0,113,-1,-1,-1,-1,-1,-1,2,0,0,0,0,0,2,0,21,6,9,41.87570496,-87.62747332
2,426642,-1,30,0,-1,0,3,10,5,-1,0,0,0,1,-1,-1,1,25,25,1121,-1,-1,-1,-1,-1,-1,7,1,0,0,1,0,3,0,20,6,9,41.89538947,-87.71222659
1,426672,-1,30,2,2,0,3,10,2,-1,0,0,0,1,-1,-1,-1,18,-1,1214,-1,-1,-1,-1,-1,-1,2,3,0,0,0,3,1,0,20,6,9,41.89137297,-87.64280425
0,426647,-1,30,1,2,0,3,10,3,-1,0,0,0,0,1,-1,1,25,0,2232,-1,-1,-1,-1,-1,-1,2,0,0,0,0,0,2,0,20,6,9,41.71453356,-87.64316251
0,427442,-1,30,1,2,2,3,14,2,4,0,1,-1,0,1,-1,-1,21,0,1231,-1,-1,-1,-1,-1,-1,2,0,0,0,0,0,3,0,20,6,9,41.86710548,-87.65674501
0,426634,-1,30,0,0,0,3,10,5,-1,0,0,0,0,-1,-1,-1,0,0,2431,-1,-1,-1,-1,-1,-1,2,0,0,0,0,0,3,0,20,6,9,42.00794425,-87.66152944
0,439562,-1,30,0,0,-1,-1,14,5,2,0,-1,0,0,-1,-1,-1,0,0,1724,-1,-1,-1,-1,-1,-1,2,0,0,0,0,0,2,0,20,6,9,41.96129692,-87.70818823
0,426608,-1,30,1,2,0,3,12,5,2,0,0,0,0,-1,-1,-1,22,11,1915,-1,-1,-1,-1,-1,-1,2,0,0,0,0,0,2,0,20,6,9,41.95466725,-87.64541063
0,426702,-1,30,2,-1,0,3,14,6,1,0,-1,-1,0,1,-1,-1,21,0,1935,-1,-1,-1,-1,-1,-1,2,0,0,0,0,0,2,0,20,6,9,41.93089912,-87.65620354
3,426635,-1,30,1,2,0,3,9,2,4,0,0,0,1,1,-1,1,6,0,1135,-1,-1,-1,-1,-1,-1,2,1,0,1,0,0,1,0,20,6,9,41.86661965,-87.69597101
0,427608,-1,30,0,0,0,0,10,6,-1,0,0,0,0,-1,-1,1,16,18,622,-1,-1,-1,-1,-1,-1,2,0,0,0,0,0,2,0,20,6,9,41.74264397,-87.6292402
0,426593,-1,35,0,0,0,3,7,6,1,2,0,-1,1,-1,-1,1,0,0,1713,-1,-1,-1,-1,-1,-1,4,0,0,0,0,0,4,0,20,6,9,41.97220079,-87.70852073
0,426596,-1,30,1,2,0,3,12,5,-1,0,0,0,0,-1,-1,1,22,-1,1624,-1,-1,-1,-1,-1,-1,2,0,0,0,0,0,2,0,20,6,9,41.9566136,-87.7767502
0,426569,-1,35,1,2,0,3,10,1,5,0,0,0,0,-1,-1,1,2,0,833,-1,-1,-1,-1,-1,-1,2,0,0,0,0,0,2,0,19,6,9,41.74980067,-87.71401419
0,426587,-1,30,0,0,0,3,12,5,-1,0,0,0,0,-1,-1,-1,0,0,1812,-1,-1,-1,-1,-1,-1,2,0,0,0,0,0,2,0,19,6,9,41.91906146,-87.64839502
0,426592,-1,30,0,0,0,4,7,7,-1,0,0,0,0,-1,-1,1,-1,-1,712,-1,-1,-1,-1,-1,-1,2,0,0,0,0,0,1,0,19,6,9,41.79386901,-87.6452949
0,426546,-1,35,0,0,0,3,7,3,4,0,0,0,1,-1,-1,-1,-1,0,2233,-1,-1,-1,-1,-1,-1,2,0,0,0,0,0,1,0,19,6,9,41.69203719,-87.64251717
0,426538,-1,35,0,0,0,0,10,5,-1,0,0,0,0,-1,-1,-1,7,0,1934,-1,-1,-1,-1,-1,-1,2,0,0,0,0,0,2,0,19,6,9,41.93834772,-87.64907536
0,426514,-1,30,12,0,0,3,14,2,-1,0,0,0,1,1,-1,-1,17,16,1722,-1,-1,-1,-1,-1,-1,2,0,0,0,0,0,2,0,19,6,9,41.96092187,-87.73975331
0,426516,-1,30,1,2,0,3,14,2,-1,0,0,0,1,-1,-1,-1,11,0,2521,-1,-1,-1,-1,-1,-1,2,0,0,0,0,0,3,0,19,6,9,41.92428359,-87.74645019
0,426532,-1,30,1,2,0,3,12,5,-1,0,0,0,0,-1,-1,-1,21,-1,111,-1,-1,-1,-1,-1,-1,2,0,0,0,0,0,2,0,19,6,9,41.88324838,-87.62801718
0,427699,-1,30,1,2,-1,3,14,5,-1,0,-1,-1,0,-1,-1,-1,17,23,1134,-1,-1,-1,-1,-1,-1,2,0,0,0,0,0,2,0,19,6,9,41.87377444,-87.70116087
3,426606,-1,30,2,2,0,2,0,2,4,0,0,0,1,1,-1,-1,17,-1,1225,-1,-1,-1,-1,-1,-1,2,1,0,1,0,0,1,0,19,6,9,41.87577504,-87.67301419
0,427479,1,30,0,0,0,2,7,5,2,0,0,-1,0,-1,-1,-1,0,0,1823,-1,-1,-1,-1,-1,-1,2,0,0,0,0,0,1,0,19,6,9,41.90256459,-87.64158404
0,427244,1,30,0,0,-1,-1,7,5,1,0,-1,0,0,-1,-1,1,0,0,1811,-1,-1,-1,-1,-1,-1,2,0,0,0,0,0,1,0,19,6,9,41.91493485,-87.65379044
0,426591,-1,35,1,2,2,4,10,2,2,0,1,0,1,1,-1,-1,34,-1,414,1,-1,-1,-1,-1,-1,2,0,0,0,0,0,3,0,19,6,9,41.75872983,-87.58118013
0,426539,-1,30,1,2,0,4,12,5,2,0,0,0,0,-1,-1,-1,17,17,221,-1,-1,-1,-1,-1,-1,2,0,0,0,0,0,2,0,19,6,9,41.8095063,-87.61582122
0,426499,-1,30,2,-1,0,4,12,5,-1,0,0,0,0,-1,-1,-1,20,-1,931,-1,-1,-1,-1,-1,-1,2,0,0,0,0,0,3,0,18,6,9,41.80848825,-87.66753974
0,426550,-1,30,2,2,0,1,0,5,2,0,0,0,0,-1,-1,0,0,0,324,-1,-1,-1,-1,-1,-1,2,0,0,0,0,0,2,0,18,6,9,41.7641858,-87.58642639
0,426521,-1,30,0,0,1,4,12,5,-1,0,1,0,0,-1,-1,-1,0,0,2213,-1,-1,-1,-1,-1,-1,2,0,0,0,0,0,2,0,18,6,9,41.70956102,-87.66890189
0,426437,-1,30,0,0,0,1,14,5,2,0,0,0,1,1,-1,-1,0,0,1911,-1,-1,-1,-1,-1,-1,2,0,0,0,0,0,2,0,18,6,9,41.96841631,-87.69960522
0,426509,-1,30,1,2,0,4,14,2,-1,0,0,0,1,1,-1,-1,23,0,215,-1,-1,-1,-1,-1,-1,2,0,0,0,0,0,5,0,18,6,9,41.81643881,-87.6295866
0,427435,-1,30,1,2,0,4,9,2,4,0,0,0,0,-1,-1,-1,17,17,1513,-1,-1,-1,-1,-1,-1,2,0,0,0,0,0,2,0,18,6,9,41.88027517,-87.76984395
0,426466,-1,30,2,2,0,1,0,2,-1,0,0,0,0,1,-1,-1,5,16,1024,-1,-1,-1,-1,-1,-1,2,0,0,0,0,0,2,0,18,6,9,41.84454259,-87.71119476
0,426479,-1,30,0,0,0,4,12,5,2,0,1,0,0,-1,-1,-1,22,21,726,-1,-1,-1,-1,-1,-1,2,0,0,0,0,0,6,0,18,6,9,41.76977464,-87.67380115
1,426588,-1,30,1,-1,0,1,10,5,-1,0,-1,-1,1,1,-1,1,18,-1,123,-1,-1,-1,-1,-1,-1,2,2,0,0,0,2,1,0,18,6,9,41.86749195,-87.62985655
0,426463,-1,20,0,0,1,1,7,6,1,0,1,-1,0,-1,-1,1,0,0,922,-1,-1,-1,-1,-1,-1,2,0,0,0,0,0,1,0,18,6,9,41.81517656,-87.69059269
2,426457,-1,30,0,0,1,4,14,5,4,0,0,0,1,-1,-1,-1,0,0,2411,-1,-1,-1,-1,-1,-1,2,1,0,0,1,0,1,0,18,6,9,42.00910382,-87.69002531
0,426426,-1,15,0,0,1,1,7,6,1,0,0,0,0,-1,-1,-1,11,-1,624,-1,-1,-1,-1,-1,-1,2,0,0,0,0,0,2,0,18,6,9,41.75092737,-87.60750343
0,426527,-1,30,0,0,0,2,5,5,-1,0,0,0,0,-1,-1,-1,22,-1,831,-1,-1,-1,-1,-1,-1,1,0,0,0,0,0,1,0,18,6,9,41.76988609,-87.69330642
0,426462,-1,30,0,0,0,1,10,2,2,0,-1,-1,0,1,-1,-1,18,-1,2012,-1,-1,-1,-1,-1,-1,2,0,0,0,0,0,2,0,18,6,9,41.99068129,-87.6731299
0,426469,-1,30,0,0,0,4,14,3,-1,0,1,0,1,1,-1,-1,17,0,2213,-1,-1,-1,-1,-1,-1,2,0,0,0,0,0,2,0,18,6,9,41.72086822,-87.67940974
0,426522,-1,15,0,0,0,1,7,7,-1,0,0,0,0,-1,-1,1,0,-1,622,-1,-1,-1,-1,-1,-1,2,0,0,0,0,0,1,0,18,6,9,41.73637382,-87.62723157
0,427446,-1,30,0,0,0,-1,7,7,1,0,-1,-1,0,-1,1,1,0,0,2031,-1,-1,-1,-1,-1,-1,2,0,0,0,0,0,1,0,18,6,9,41.97363456,-87.69163479
0,426451,-1,30,1,2,0,1,10,5,-1,0,0,1,0,-1,-1,-1,18,0,513,-1,-1,-1,1,-1,-1,2,0,0,0,0,0,5,0,18,6,9,41.69293108,-87.60555429
0,426445,-1,25,2,2,0,1,7,5,2,0,-1,-1,0,-1,-1,-1,16,11,1135,-1,-1,-1,-1,-1,-1,2,0,0,0,0,0,1,0,18,6,9,41.86845322,-87.68837616
0,426518,-1,35,1,2,0,1,10,5,2,0,0,0,0,-1,-1,-1,0,0,1031,-1,-1,-1,-1,-1,-1,2,0,0,0,0,0,2,0,17,6,9,41.84401942,-87.73442573
0,426418,-1,30,0,0,0,1,3,6,-1,0,0,0,0,-1,-1,-1,20,-1,824,-1,-1,-1,-1,-1,-1,2,0,0,0,0,0,5,0,17,6,9,41.78685189,-87.69955932
0,426436,-1,30,1,2,1,1,10,5,-1,0,0,-1,0,-1,-1,-1,12,0,613,-1,-1,-1,-1,-1,-1,3,0,0,0,0,0,5,0,17,6,9,41.74690461,-87.64407715
0,427066,-1,30,0,0,0,1,10,5,2,0,0,0,0,-1,-1,-1,18,18,1733,-1,-1,-1,-1,-1,-1,2,0,0,0,0,0,4,0,17,6,9,41.93946087,-87.70515774
1,426435,-1,30,1,2,0,3,0,6,2,0,0,0,1,1,-1,-1,6,-1,1834,-1,-1,-1,-1,-1,-1,2,1,0,0,0,1,1,0,17,6,9,41.89102337,-87.62390069
0,426439,-1,35,0,0,2,1,10,2,2,0,1,0,1,-1,-1,-1,18,18,221,-1,0,-1,-1,-1,-1,3,0,0,0,0,0,7,0,17,6,9,41.80951806,-87.61497759
0,427045,-1,30,1,2,0,1,10,5,4,0,0,0,0,-1,-1,-1,16,-1,1614,-1,-1,-1,-1,-1,-1,2,0,0,0,0,0,3,0,17,6,9,41.96913215,-87.84670303
0,426510,-1,30,1,2,0,1,10,2,4,0,0,0,0,-1,-1,-1,7,11,834,-1,-1,-1,-1,-1,-1,2,0,0,0,0,0,2,0,17,6,9,41.73497734,-87.72097248
0,426470,-1,30,0,0,0,1,7,5,2,0,0,0,0,-1,-1,-1,13,22,2233,-1,-1,-1,-1,-1,-1,2,0,0,0,0,0,1,0,17,6,9,41.70500155,-87.64292094
0,426412,-1,30,-1,-1,1,1,12,5,2,0,1,-1,0,1,-1,1,25,16,412,-1,-1,-1,-1,-1,-1,2,0,0,0,0,0,3,0,17,6,9,41.73686159,-87.5974451
0,426405,-1,30,0,0,1,1,10,2,-1,0,0,0,0,-1,-1,-1,18,0,2525,-1,-1,-1,-1,-1,-1,2,0,0,0,0,0,5,0,17,6,9,41.9173692,-87.71868768
2,427474,-1,30,2,2,0,1,8,5,-1,0,0,0,1,1,-1,-1,17,11,2024,-1,-1,-1,-1,-1,-1,2,1,0,0,1,0,1,0,17,6,9,41.97170924,-87.6502909
0,426403,-1,30,6,2,0,1,10,5,-1,0,0,0,0,-1,-1,-1,18,-1,1612,-1,-1,-1,-1,-1,-1,2,0,0,0,0,0,3,0,17,6,9,41.99701459,-87.81041348
0,426475,-1,25,0,0,0,1,12,5,-1,0,0,0,0,-1,-1,1,-1,-1,1225,-1,-1,-1,-1,-1,-1,2,0,0,0,0,0,2,0,17,6,9,41.86710071,-87.68590635
0,426471,-1,30,0,0,0,1,12,2,4,0,-1,-1,0,-1,-1,-1,17,11,1724,-1,-1,-1,-1,-1,-1,2,0,0,0,0,0,2,0,17,6,9,41.9638342,-87.71307679
0,427714,-1,30,0,0,0,1,10,2,-1,0,0,0,0,-1,-1,-1,18,0,2212,-1,-1,-1,-1,-1,-1,2,0,0,0,0,0,2,0,17,6,9,41.69723821,-87.6814748
0,435402,-1,30,0,0,0,1,10,5,2,0,0,0,0,-1,-1,-1,0,0,111,-1,-1,-1,-1,-1,-1,2,0,0,0,0,0,3,0,17,6,9,41.88749841,-87.62469999
0,426373,-1,35,0,0,0,1,14,5,2,0,0,0,0,-1,-1,-1,0,0,1034,-1,-1,-1,-1,-1,-1,2,0,0,0,0,0,2,0,17,6,9,41.84482038,-87.68559311
0,426386,-1,40,3,2,1,1,12,3,4,0,0,4,0,-1,-1,-1,17,4,412,-1,-1,-1,-1,-1,-1,2,0,0,0,0,0,2,0,17,6,9,-1,-1
0,426450,-1,30,0,0,1,1,10,5,-1,0,-1,-1,0,-1,-1,-1,-1,-1,1531,-1,-1,-1,-1,-1,-1,2,0,0,0,0,0,2,0,17,6,9,41.89870933,-87.75367081
1,426381,-1,30,2,2,0,1,0,5,0,2,0,3,1,1,-1,-1,33,35,911,-1,-1,-1,-1,-1,-1,2,1,0,0,0,1,2,0,17,6,9,41.82840352,-87.68455059
3,426361,-1,30,1,2,1,1,9,3,7,0,0,0,1,-1,-1,-1,0,0,131,-1,-1,-1,-1,-1,-1,2,1,0,1,0,0,1,0,17,6,9,41.86005964,-87.62740734
0,430079,-1,20,0,0,0,1,2,5,1,2,0,12,0,-1,-1,-1,29,0,1922,-1,-1,-1,-1,-1,-1,1,0,0,0,0,0,1,0,17,6,9,41.94519472,-87.67429043
0,427658,-1,30,-1,0,0,4,10,5,2,0,-1,-1,0,-1,-1,-1,0,0,2431,-1,-1,-1,-1,-1,-1,2,0,0,0,0,0,2,0,17,6,9,42.00801306,-87.66185493
0,426545,1,15,0,0,-1,-1,7,12,2,0,-1,0,0,-1,-1,1,-1,-1,1935,-1,-1,-1,-1,-1,-1,2,0,0,0,0,0,1,0,17,6,9,41.92776717,-87.64059669
0,426474,-1,5,0,0,0,1,14,8,1,0,0,0,0,-1,1,-1,0,0,1833,-1,-1,-1,-1,-1,-1,2,0,0,0,0,0,2,0,17,6,9,41.8992486,-87.62427498
0,426444,-1,30,0,0,0,1,7,5,2,0,1,0,1,-1,-1,-1,12,12,531,-1,-1,-1,-1,-1,-1,2,0,0,0,0,0,1,0,17,6,9,41.69255976,-87.6211937
0,426372,-1,30,0,0,1,1,2,3,2,0,0,0,1,-1,-1,-1,11,0,2533,-1,-1,-1,-1,-1,-1,1,0,0,0,0,0,1,0,17,6,9,41.90957303,-87.74142821
0,426360,1,30,1,2,0,1,10,5,-1,0,0,0,0,1,-1,-1,18,-1,2512,-1,-1,-1,-1,-1,-1,2,0,0,0,0,0,2,0,17,6,9,41.92378619,-87.78556721
0,426399,-1,30,0,0,2,4,10,5,-1,0,1,0,0,-1,-1,-1,20,11,234,-1,-1,-1,-1,-1,-1,2,0,0,0,0,0,2,0,16,6,9,41.79945686,-87.59193171
0,426393,-1,30,1,2,0,1,10,5,4,0,0,0,0,1,-1,1,18,11,1533,-1,-1,-1,-1,-1,-1,2,0,0,0,0,0,2,0,16,6,9,41.87404018,-87.74517945
0,426410,-1,30,0,0,0,1,7,5,-1,0,0,0,0,-1,-1,-1,22,22,712,-1,-1,-1,-1,-1,-1,2,0,0,0,0,0,1,0,16,6,9,41.7842231,-87.64504422
0,426324,-1,15,0,0,1,2,7,7,-1,0,0,0,0,-1,-1,-1,0,0,211,-1,-1,-1,-1,-1,-1,2,0,0,0,0,0,1,0,16,6,9,41.83145056,-87.61682472
0,433847,-1,30,0,0,-1,3,7,6,-1,0,-1,0,0,-1,-1,-1,0,0,123,-1,-1,-1,-1,-1,-1,2,0,0,0,0,0,1,0,16,6,9,41.87448123,-87.62906281
0,426326,0,30,0,0,0,-1,10,5,2,0,0,0,0,-1,-1,-1,18,-1,221,-1,-1,-1,-1,-1,-1,2,0,0,0,0,0,2,0,16,6,9,41.80966534,-87.60464398
0,426321,-1,30,0,0,2,4,12,5,-1,0,1,0,0,-1,-1,1,11,15,924,-1,-1,-1,-1,-1,-1,2,0,0,0,0,0,3,0,16,6,9,41.8150468,-87.6652791
0,426311,-1,30,0,0,0,1,7,2,4,0,0,-1,0,-1,-1,-1,23,0,222,-1,-1,-1,-1,-1,-1,2,0,0,0,0,0,6,0,16,6,9,41.80339309,-87.58835196
0,439490,-1,30,1,2,0,1,14,2,-1,0,0,0,0,1,-1,-1,0,0,2431,-1,-1,-1,-1,-1,-1,2,0,0,0,0,0,2,0,16,6,9,42.00789222,-87.6618154
0,430306,-1,30,0,0,0,1,7,5,-1,0,0,0,0,-1,-1,1,-1,-1,1112,-1,-1,-1,-1,-1,-1,2,0,0,0,0,0,1,0,16,6,9,41.90074876,-87.72496493
0,426388,-1,50,1,-1,-1,-1,0,6,-1,0,-1,-1,0,1,-1,1,21,-1,1814,-1,-1,-1,-1,-1,-1,2,0,0,0,0,0,3,0,16,6,9,41.91122456,-87.62648257
0,426358,-1,30,1,2,0,1,12,5,-1,0,0,0,0,-1,-1,-1,22,-1,211,-1,-1,-1,-1,-1,-1,2,0,0,0,0,0,2,0,16,6,9,41.83119241,-87.6192892
0,426352,-1,20,2,1,0,1,14,3,4,0,0,0,1,1,-1,-1,23,22,314,-1,-1,-1,-1,-1,-1,2,0,0,0,0,0,3,0,16,6,9,41.77867857,-87.58907613
0,426328,-1,30,0,0,0,1,10,2,2,3,0,0,1,-1,-1,-1,18,-1,1033,-1,-1,-1,-1,-1,-1,2,0,0,0,0,0,2,0,16,6,9,41.84773301,-87.69836553
0,486320,-1,30,0,0,1,1,14,5,4,0,0,0,1,-1,-1,-1,23,-1,1623,-1,-1,-1,-1,-1,-1,2,0,0,0,0,0,2,0,16,6,9,41.96172186,-87.74771815