MOST_SEVERE_INJURY,RD_NO,CRASH_DATE_EST_I,POSTED_SPEED_LIMIT,TRAFFIC_CONTROL_DEVICE,DEVICE_CONDITION,WEATHER_CONDITION,LIGHTING_CONDITION,FIRST_CRASH_TYPE,TRAFFICWAY_TYPE,LANE_CNT,ALIGNMENT,ROADWAY_SURFACE_COND,ROAD_DEFECT,CRASH_TYPE,INTERSECTION_RELATED_I,NOT_RIGHT_OF_WAY_I,HIT_AND_RUN_I,PRIM_CONTRIBUTORY_CAUSE,SEC_CONTRIBUTORY_CAUSE,BEAT_OF_OCCURRENCE,PHOTOS_TAKEN_I,STATEMENTS_TAKEN_I,DOORING_I,WORK_ZONE_I,WORK_ZONE_TYPE,WORKERS_PRESENT_I,NUM_UNITS,INJURIES_TOTAL,INJURIES_FATAL,INJURIES_INCAPACITATING,INJURIES_NON_INCAPACITATING,INJURIES_REPORTED_NOT_EVIDENT,INJURIES_NO_INDICATION,INJURIES_UNKNOWN,CRASH_HOUR,CRASH_DAY_OF_WEEK,CRASH_MONTH,LATITUDE,LONGITUDE
0,426423,-1,35,0,0,0,1,7,5,1,0,1,0,0,-1,-1,-1,0,0,1033,-1,-1,-1,-1,-1,-1,2,0,0,0,0,0,1,0,16,6,9,41.84891159,-87.70286199
0,426322,-1,30,1,2,0,1,0,5,2,0,0,0,0,1,-1,1,0,0,411,-1,-1,-1,-1,-1,-1,2,0,0,0,0,0,2,0,16,6,9,41.75133971,-87.58563227
-1,426320,-1,30,0,0,1,1,14,5,4,0,0,0,1,-1,-1,-1,23,-1,1623,-1,-1,-1,-1,-1,-1,-1,-1,-1,-1,-1,-1,-1,-1,16,6,9,41.96172186,-87.74771815
0,426275,-1,30,0,0,0,1,10,5,-1,0,1,0,0,-1,-1,1,18,18,714,-1,-1,-1,-1,-1,-1,3,0,0,0,0,0,3,0,16,6,9,41.7848367,-87.66449748
0,426571,-1,30,0,0,0,1,7,6,-1,0,0,0,0,-1,-1,-1,-1,-1,2535,-1,-1,-1,-1,-1,-1,2,0,0,0,0,0,1,0,16,6,9,41.9147364,-87.71899512
0,427929,-1,30,0,0,0,1,7,7,1,0,0,0,0,-1,-1,-1,20,0,1414,-1,-1,-1,-1,-1,-1,2,0,0,0,0,0,1,0,16,6,9,41.91759102,-87.69809853
0,426411,-1,20,0,0,0,1,7,7,-1,0,0,0,0,-1,-1,1,0,-1,1423,-1,-1,-1,-1,-1,-1,2,0,0,0,0,0,1,0,16,6,9,41.90881029,-87.70682981
0,426337,-1,35,1,2,0,1,0,5,-1,0,0,0,0,-1,-1,-1,0,-1,914,-1,-1,-1,-1,-1,-1,2,0,0,0,0,0,2,0,16,6,9,41.85281839,-87.63186167
0,426273,-1,30,2,2,0,1,12,5,-1,0,1,0,0,1,-1,1,17,-1,2514,-1,-1,-1,-1,-1,-1,2,0,0,0,0,0,2,0,16,6,9,41.92764768,-87.76626652
2,426434,-1,30,2,2,0,1,9,5,2,0,0,0,1,-1,-1,-1,17,17,114,-1,-1,-1,-1,-1,-1,2,1,0,0,1,0,1,0,16,6,9,41.88567434,-87.62238546
0,426281,-1,30,2,0,2,1,0,2,2,0,1,0,1,1,-1,-1,5,34,2213,-1,-1,-1,-1,-1,-1,2,0,0,0,0,0,2,0,16,6,9,41.71395125,-87.65531356
0,438370,-1,20,0,0,0,1,7,6,1,0,0,0,0,-1,-1,1,16,11,831,-1,-1,-1,-1,-1,-1,2,0,0,0,0,0,1,0,16,6,9,41.77257474,-87.69824785
0,430826,-1,30,0,0,0,1,10,3,4,0,0,0,0,-1,-1,-1,18,0,1723,-1,-1,-1,-1,-1,-1,2,0,0,0,0,0,4,0,16,6,9,41.9538,-87.72477854
0,428780,-1,30,-1,-1,-1,-1,7,5,-1,0,-1,-1,0,-1,-1,-1,0,-1,1215,-1,-1,-1,-1,-1,-1,2,0,0,0,0,0,1,0,16,6,9,41.89139273,-87.66729993
0,427599,1,45,0,0,0,1,10,6,4,0,0,-1,0,-1,-1,-1,18,22,1824,-1,-1,-1,-1,-1,-1,2,0,0,0,0,0,2,0,16,6,9,41.90075297,-87.624235
0,426662,-1,30,1,2,1,1,10,3,2,0,0,0,0,-1,-1,-1,0,0,1834,-1,-1,-1,-1,-1,-1,2,0,0,0,0,0,2,0,16,6,9,41.89127929,-87.61410753
0,426397,-1,30,-1,0,0,1,0,5,-1,0,0,-1,0,-1,-1,-1,17,17,1632,-1,-1,-1,-1,-1,-1,2,0,0,0,0,0,2,0,16,6,9,41.95211856,-87.79071124
0,426369,-1,30,-1,-1,-1,-1,7,-1,-1,0,-1,-1,0,-1,-1,-1,0,-1,1611,-1,-1,-1,-1,-1,-1,2,0,0,0,0,0,1,0,16,6,9,42.01173269,-87.80894195
0,426364,-1,30,1,2,0,1,14,2,4,0,0,0,0,-1,-1,1,0,0,2524,-1,-1,-1,-1,-1,-1,2,0,0,0,0,0,2,0,16,6,9,41.9244744,-87.7366331
0,426296,-1,30,0,0,0,1,10,5,2,0,1,0,0,-1,-1,-1,34,18,2232,-1,-1,-1,-1,-1,-1,2,0,0,0,0,0,4,0,16,6,9,41.70673077,-87.65140179
0,426279,-1,30,0,0,2,1,12,5,4,0,1,0,0,-1,-1,-1,21,18,833,-1,-1,-1,-1,-1,-1,2,0,0,0,0,0,2,0,16,6,9,41.77146657,-87.72385501
0,426269,-1,30,0,0,0,1,10,2,4,2,0,0,1,-1,-1,0,18,-1,1612,-1,-1,-1,-1,-1,-1,2,0,0,0,0,0,2,0,16,6,9,41.99582525,-87.80509745
0,426339,-1,30,0,0,0,1,11,0,1,0,0,0,0,-1,-1,1,25,-1,2413,-1,-1,-1,-1,-1,-1,2,0,0,0,0,0,2,0,15,6,9,41.99576674,-87.68967164
0,426302,-1,30,0,0,0,1,14,5,-1,0,0,0,0,-1,-1,1,23,17,522,-1,-1,-1,-1,-1,-1,2,0,0,0,0,0,2,0,15,6,9,41.68520453,-87.62354503
0,426422,-1,30,1,2,0,1,14,5,2,0,0,0,0,1,-1,-1,18,0,1231,-1,-1,-1,-1,-1,-1,2,0,0,0,0,0,2,0,15,6,9,41.86693175,-87.67147111
0,426351,-1,30,0,0,2,1,14,2,4,0,1,0,0,-1,-1,-1,23,-1,433,-1,-1,-1,-1,-1,-1,2,0,0,0,0,0,2,0,15,6,9,41.68995484,-87.54024861
0,426268,-1,30,0,0,1,1,10,5,-1,0,0,0,0,-1,-1,-1,11,0,2533,-1,-1,-1,-1,-1,-1,3,0,0,0,0,0,3,0,15,6,9,41.90658556,-87.75572886
0,426231,-1,30,1,2,0,1,12,5,2,0,1,0,0,1,-1,-1,0,-1,913,-1,-1,-1,-1,-1,-1,2,0,0,0,0,0,4,0,15,6,9,41.8379347,-87.64638209
0,426292,-1,30,0,0,0,1,7,5,-1,0,0,0,0,-1,-1,-1,21,-1,1831,-1,-1,-1,-1,-1,-1,2,0,0,0,0,0,1,0,15,6,9,41.88933173,-87.63037083
0,426295,-1,30,2,2,2,1,0,5,-1,0,0,0,0,1,-1,-1,17,-1,835,-1,-1,-1,-1,-1,-1,2,0,0,0,0,0,2,0,15,6,9,41.74990324,-87.70734839
0,426512,-1,30,0,0,0,1,7,5,-1,0,0,0,0,-1,-1,1,0,0,122,-1,-1,-1,-1,-1,-1,2,0,0,0,0,0,1,0,15,6,9,41.88186603,-87.63106647
0,426232,-1,30,0,0,1,1,0,5,-1,0,0,-1,0,-1,-1,-1,21,0,712,-1,-1,-1,-1,-1,-1,2,0,0,0,0,0,3,0,15,6,9,41.78693165,-87.64511245
0,432014,-1,30,0,0,0,1,2,5,0,0,0,12,0,1,-1,-1,-1,-1,1213,-1,-1,-1,-1,-1,-1,1,0,0,0,0,0,1,0,15,6,9,41.89627087,-87.66170111
0,426319,-1,30,0,0,1,4,7,5,-1,0,1,0,0,-1,-1,1,21,0,1221,-1,-1,-1,-1,-1,-1,2,0,0,0,0,0,1,0,15,6,9,41.8927541,-87.70386027
0,426216,-1,30,1,2,2,1,10,5,2,0,1,0,0,-1,-1,1,16,0,2212,-1,-1,-1,-1,-1,-1,2,0,0,0,0,0,2,0,15,6,9,41.7039557,-87.65722903
0,426263,-1,30,0,0,0,1,12,5,2,0,0,0,0,-1,-1,-1,20,-1,1214,-1,-1,-1,-1,-1,-1,2,0,0,0,0,0,2,0,15,6,9,41.8904063,-87.64660643
0,427248,-1,30,0,0,0,1,14,5,-1,0,0,0,0,-1,-1,1,0,0,1231,-1,-1,-1,-1,-1,-1,2,0,0,0,0,0,2,0,15,6,9,41.87343457,-87.66643368
0,426246,-1,30,0,0,1,1,10,5,-1,0,1,0,0,-1,-1,-1,0,27,2232,-1,-1,-1,-1,-1,-1,2,0,0,0,0,0,2,0,15,6,9,41.70695145,-87.65128392
0,426230,-1,25,0,0,0,1,7,5,-1,0,0,0,0,-1,-1,1,23,0,921,-1,-1,-1,-1,-1,-1,2,0,0,0,0,0,1,0,15,6,9,41.82274823,-87.69477729
0,431475,-1,30,0,0,0,1,14,7,-1,0,0,0,0,-1,1,-1,23,0,1023,-1,-1,-1,-1,-1,-1,2,0,0,0,0,0,2,0,15,6,9,41.85915862,-87.69240411
0,427286,-1,20,2,12,0,1,0,-1,-1,0,0,0,0,-1,-1,-1,17,22,1632,-1,-1,-1,-1,-1,-1,2,0,0,0,0,0,3,0,15,6,9,41.95148844,-87.78890109
1,426407,-1,30,0,0,1,1,14,2,6,0,-1,-1,1,-1,-1,1,23,22,1231,-1,-1,-1,-1,-1,-1,2,1,0,0,0,1,1,0,15,6,9,41.87424715,-87.66674704
0,427396,-1,35,0,0,0,1,12,5,2,0,0,0,0,-1,-1,1,0,0,1033,-1,-1,-1,-1,-1,-1,2,0,0,0,0,0,2,0,15,6,9,41.85075292,-87.70262483
0,426299,-1,30,0,0,0,1,7,5,-1,0,0,0,0,0,-1,-1,0,-1,222,-1,-1,-1,-1,-1,-1,2,0,0,0,0,0,1,0,15,6,9,41.80791911,-87.5920965
0,426198,-1,30,1,2,1,1,10,2,4,0,1,0,0,1,-1,-1,0,-1,1113,-1,-1,-1,-1,-1,-1,2,0,0,0,0,0,2,0,15,6,9,41.88069108,-87.73803813
2,426191,-1,25,1,2,2,1,9,12,-1,0,1,0,1,0,-1,-1,11,0,634,-1,-1,-1,-1,-1,-1,2,1,0,0,1,0,1,0,15,6,9,41.73616511,-87.62558757
0,426276,-1,30,1,2,0,1,10,5,-1,0,0,0,0,1,-1,-1,0,0,1214,-1,-1,-1,-1,-1,-1,2,0,0,0,0,0,2,0,15,6,9,41.89433299,-87.65610025
0,426301,-1,20,2,1,0,1,14,5,2,0,0,0,0,-1,-1,1,21,-1,1234,-1,-1,-1,-1,-1,-1,2,0,0,0,0,0,3,0,15,6,9,41.85210644,-87.68333557
0,426285,-1,45,0,0,1,1,10,3,8,0,-1,-1,0,-1,-1,-1,18,18,1834,-1,-1,-1,-1,-1,-1,2,0,0,0,0,0,2,0,15,6,9,41.8926834,-87.6141233
0,426272,-1,30,2,2,0,1,14,12,0,0,0,0,0,1,-1,-1,17,11,831,-1,-1,-1,-1,-1,-1,2,0,0,0,0,0,2,0,15,6,9,41.77182013,-87.70057474
0,426255,-1,30,0,0,0,1,7,7,-1,0,0,0,0,-1,-1,1,0,0,1623,-1,-1,-1,-1,-1,-1,2,0,0,0,0,0,1,0,15,6,9,41.97294741,-87.74825048
0,426177,-1,30,2,2,0,1,14,12,0,0,0,0,0,1,-1,-1,17,11,824,-1,-1,-1,-1,-1,-1,2,0,0,0,0,0,2,0,15,6,9,41.79357721,-87.69516298
0,426227,-1,30,0,0,1,1,7,2,2,0,0,0,1,-1,-1,-1,16,0,1412,-1,-1,-1,-1,-1,-1,2,0,0,0,0,0,1,0,14,6,9,41.93697632,-87.71226886
0,426208,-1,30,2,2,0,1,14,6,1,0,0,0,0,1,-1,-1,0,-1,1224,-1,-1,-1,-1,-1,-1,2,0,0,0,0,0,2,0,14,6,9,41.88425856,-87.64970991
2,426157,-1,30,1,2,0,1,9,5,-1,0,1,0,1,-1,-1,1,17,-1,1133,-1,-1,-1,-1,-1,-1,2,1,0,0,1,0,1,0,14,6,9,41.86645727,-87.71066733
0,426277,-1,30,0,0,0,1,2,3,3,0,0,0,1,-1,0,-1,0,0,935,-1,-1,-1,-1,-1,-1,1,0,0,0,0,0,1,0,14,6,9,41.79459081,-87.63520333
0,426202,-1,30,0,0,2,1,12,5,4,0,1,0,1,-1,-1,-1,0,-1,1233,-1,-1,-1,-1,-1,-1,2,0,0,0,0,0,2,0,14,6,9,41.86611521,-87.68455198
0,426201,-1,30,0,0,2,1,10,5,2,0,1,0,0,-1,-1,-1,18,0,813,-1,-1,-1,-1,-1,-1,2,0,0,0,0,0,2,0,14,6,9,41.77856324,-87.74027721
2,426235,-1,30,0,0,0,1,3,5,-1,0,0,0,1,-1,-1,-1,20,17,1223,-1,-1,-1,-1,-1,-1,2,1,0,0,1,0,1,0,14,6,9,41.88665918,-87.676987
2,426165,-1,30,0,0,0,1,8,5,-1,0,0,0,1,1,-1,-1,22,0,2013,-1,-1,-1,-1,-1,-1,3,1,0,0,1,0,1,0,14,6,9,41.98441909,-87.66880868
0,426170,-1,30,0,0,2,1,12,5,2,0,0,0,0,-1,-1,-1,17,0,1633,-1,-1,-1,-1,-1,-1,2,0,0,0,0,0,2,0,14,6,9,41.95233317,-87.76800312
0,426225,-1,30,1,2,0,1,12,5,-1,0,1,0,0,-1,-1,-1,-1,-1,114,-1,-1,-1,-1,-1,-1,2,0,0,0,0,0,2,0,14,6,9,41.87061128,-87.62068379
0,426210,-1,30,0,0,0,1,11,3,4,0,1,0,0,-1,-1,0,20,21,934,-1,-1,-1,-1,-1,-1,2,0,0,0,0,0,6,0,14,6,9,41.79435114,-87.65007204
0,426212,-1,25,0,0,2,1,0,5,2,0,1,0,0,-1,-1,-1,17,34,2211,-1,-1,-1,-1,-1,-1,2,0,0,0,0,0,2,0,14,6,9,41.68404416,-87.72196288
0,426404,-1,30,0,0,0,1,0,5,-1,0,1,0,0,-1,-1,-1,0,0,912,-1,-1,-1,-1,-1,-1,2,0,0,0,0,0,4,0,14,6,9,41.83061619,-87.66515675
0,426174,-1,35,1,2,2,1,10,3,-1,0,1,0,0,-1,-1,-1,16,-1,835,-1,-1,-1,-1,-1,-1,2,0,0,0,0,0,2,0,14,6,9,41.74995092,-87.70162383
0,426149,-1,30,0,0,12,1,12,6,1,0,1,0,1,-1,-1,-1,23,11,1021,-1,-1,-1,-1,-1,-1,2,0,0,0,0,0,2,0,14,6,9,41.86027183,-87.70929556
0,426168,-1,30,0,0,2,1,14,2,-1,0,1,0,1,-1,-1,-1,17,-1,821,-1,-1,-1,-1,-1,-1,2,0,0,0,0,0,4,0,14,6,9,41.8137399,-87.70504737
0,426476,-1,30,0,0,0,1,10,2,2,0,0,2,0,-1,-1,-1,18,-1,1234,-1,-1,-1,-1,-1,-1,2,0,0,0,0,0,2,0,14,6,9,41.8538339,-87.68051667
0,426425,-1,25,0,0,2,1,0,5,2,0,1,0,0,-1,-1,-1,17,0,2211,-1,-1,-1,-1,-1,-1,2,0,0,0,0,0,2,0,14,6,9,41.70585972,-87.70146044
0,426327,-1,30,1,2,0,1,10,5,-1,0,1,0,0,-1,-1,1,18,16,2515,-1,-1,-1,-1,-1,-1,3,0,0,0,0,0,3,0,14,6,9,41.92387203,-87.76592699
0,426172,-1,30,1,2,2,1,10,5,-1,0,1,0,0,-1,-1,1,-1,-1,2534,-1,-1,-1,-1,-1,-1,2,0,0,0,0,0,3,0,14,6,9,41.91705557,-87.72661738
0,426130,-1,30,1,2,1,1,14,1,2,0,0,0,0,1,-1,-1,0,-1,2432,-1,-1,-1,-1,-1,-1,2,0,0,0,0,0,2,0,14,6,9,41.99829823,-87.66061166
0,428332,-1,20,0,0,0,1,5,6,-1,0,0,12,0,-1,-1,-1,-1,-1,1922,-1,-1,-1,1,2,-1,1,0,0,0,0,0,1,0,14,6,9,41.94519575,-87.67407062
0,427319,-1,30,2,2,0,1,12,5,-1,0,0,0,0,-1,-1,-1,22,-1,1712,-1,-1,-1,-1,-1,-1,2,0,0,0,0,0,3,0,14,6,9,41.97243971,-87.71492747
0,426159,-1,30,1,2,1,1,14,3,2,0,1,0,1,-1,-1,-1,16,34,133,-1,-1,-1,-1,-1,-1,2,0,0,0,0,0,2,0,14,6,9,41.84547424,-87.62701512
0,426133,-1,30,1,2,2,1,10,5,4,0,1,0,0,1,-1,-1,18,0,833,-1,-1,-1,-1,-1,-1,2,0,0,0,0,0,2,0,14,6,9,41.77132587,-87.72272138
0,426102,-1,35,1,2,2,1,10,2,-1,0,1,0,1,1,-1,-1,34,-1,1532,-1,-1,-1,-1,-1,-1,2,0,0,0,0,0,2,0,13,6,9,41.89052248,-87.74579677
0,426105,1,30,1,2,2,1,0,5,4,0,0,0,1,-1,-1,-1,3,0,1033,-1,-1,-1,-1,-1,-1,3,0,0,0,0,0,3,0,13,6,9,41.84655829,-87.69539825
0,426080,1,30,0,0,1,1,12,5,2,0,0,0,0,-1,-1,-1,0,-1,1611,-1,-1,-1,-1,-1,-1,2,0,0,0,0,0,2,0,13,6,9,41.99692451,-87.7988619
0,426188,-1,30,0,0,0,1,10,5,-1,0,1,0,0,-1,-1,1,0,0,1132,-1,1,-1,-1,-1,-1,2,0,0,0,0,0,4,0,13,6,9,41.87531202,-87.72563282
0,426204,-1,30,1,2,0,1,14,12,-1,0,0,0,1,-1,-1,-1,0,0,1732,-1,-1,-1,-1,-1,-1,2,0,0,0,0,0,2,0,13,6,9,41.94652143,-87.71750236
2,426669,-1,35,0,0,2,1,0,5,-1,0,1,0,1,1,-1,1,17,-1,1235,-1,-1,-1,-1,-1,-1,2,1,0,0,1,0,1,0,13,6,9,41.85236647,-87.65639151
0,426315,-1,20,1,2,0,1,10,2,2,0,0,0,0,-1,-1,-1,18,18,1623,-1,-1,-1,-1,-1,-1,2,0,0,0,0,0,2,0,13,6,9,41.96447289,-87.74777817
0,426127,-1,30,1,2,2,1,14,6,-1,0,1,0,0,-1,-1,-1,23,-1,124,-1,-1,-1,-1,-1,-1,2,0,0,0,0,0,2,0,13,6,9,41.87524923,-87.64112621
0,426099,-1,30,2,2,2,1,0,5,-1,0,1,-1,0,1,-1,1,17,0,621,-1,-1,-1,-1,-1,-1,2,0,0,0,0,0,2,0,13,6,9,41.75418972,-87.64305811
0,426073,-1,30,1,2,2,1,10,5,4,0,1,0,0,-1,-1,-1,18,-1,1224,-1,-1,-1,-1,-1,-1,2,0,0,0,0,0,3,0,13,6,9,41.88150456,-87.66665756
0,426274,-1,30,2,2,1,1,14,5,-1,0,0,0,1,-1,-1,1,17,-1,2524,-1,-1,-1,-1,-1,-1,2,0,0,0,0,0,2,0,13,6,9,41.92450674,-87.73405922
0,426114,-1,30,0,0,0,1,10,5,-1,0,1,0,0,-1,-1,-1,18,16,2533,-1,-1,-1,-1,-1,-1,2,0,0,0,0,0,5,0,13,6,9,41.91604503,-87.74621333
0,426063,-1,30,-1,-1,2,1,7,2,2,0,1,0,1,-1,-1,1,0,0,233,-1,-1,-1,-1,-1,-1,4,0,0,0,0,0,1,0,13,6,9,41.79494721,-87.60754041
1,426085,-1,30,0,0,2,1,9,5,-1,0,1,0,1,-1,-1,1,20,-1,2233,-1,-1,-1,-1,-1,-1,2,1,0,0,0,1,1,0,13,6,9,41.69235592,-87.63498852
0,426432,-1,30,1,2,2,1,14,5,-1,0,1,0,0,1,-1,-1,22,-1,121,-1,-1,-1,-1,-1,-1,2,0,0,0,0,0,2,0,13,6,9,41.87670205,-87.64117154
0,426371,-1,30,0,0,0,1,7,6,-1,0,0,0,0,-1,-1,-1,20,-1,2023,-1,-1,-1,-1,-1,-1,2,0,0,0,0,0,1,0,13,6,9,41.98128926,-87.65780361
1,426086,-1,30,0,0,2,1,7,7,0,0,1,0,1,-1,1,-1,8,16,623,-1,-1,-1,-1,-1,-1,2,1,0,0,0,1,1,0,13,6,9,41.75725904,-87.63163534
0,426116,-1,35,0,2,2,1,2,6,1,3,1,0,1,1,-1,-1,15,25,114,-1,-1,-1,-1,-1,-1,1,0,0,0,0,0,1,0,13,6,9,41.88755645,-87.61428656
0,426062,-1,35,1,2,2,1,10,2,4,0,1,0,0,1,-1,-1,20,0,431,1,0,-1,-1,-1,-1,2,0,0,0,0,0,2,0,13,6,9,41.72237591,-87.5754999
0,426164,-1,30,1,2,2,1,12,6,3,0,1,0,0,1,-1,-1,17,0,232,-1,-1,-1,-1,-1,-1,2,0,0,0,0,0,3,0,13,6,9,41.79098039,-87.62222411
0,426101,-1,30,1,2,2,1,7,6,2,0,1,0,0,1,-1,-1,0,0,1213,-1,-1,-1,-1,-1,-1,2,0,0,0,0,0,1,0,12,6,9,41.90027071,-87.66237262
0,426013,-1,30,0,0,2,1,7,5,2,0,1,0,0,-1,-1,-1,34,16,321,-1,-1,-1,-1,-1,-1,2,0,0,0,0,0,1,0,12,6,9,41.77320729,-87.60827988
0,426042,-1,30,1,1,2,1,10,5,4,0,1,0,1,-1,-1,-1,15,-1,1432,-1,-1,-1,-1,-1,-1,3,0,0,0,0,0,5,0,12,6,9,41.92494321,-87.67571778
1,426002,-1,30,1,2,2,1,9,5,4,0,1,0,1,1,-1,-1,17,33,433,-1,-1,-1,-1,-1,-1,2,1,0,0,0,1,1,0,12,6,9,41.69193444,-87.53513445
0,426150,-1,30,0,0,2,1,0,5,-1,0,1,0,0,-1,-1,1,17,0,815,-1,-1,-1,-1,-1,-1,2,0,0,0,0,0,2,0,12,6,9,41.81483427,-87.74209415
0,426072,-1,30,0,0,2,1,10,5,-1,0,1,0,0,-1,-1,1,18,0,1613,-1,-1,-1,-1,-1,-1,2,0,0,0,0,0,2,0,12,6,9,41.98123816,-87.80699737
0,426035,-1,30,0,0,0,1,10,2,2,0,0,0,0,-1,-1,-1,18,18,1733,-1,-1,-1,-1,-1,-1,2,0,0,0,0,0,2,0,12,6,9,41.93949682,-87.69898121
0,425995,-1,20,0,0,2,1,7,5,4,3,1,0,0,-1,-1,-1,33,28,712,-1,-1,-1,-1,-1,-1,2,0,0,0,0,0,1,0,12,6,9,41.78157497,-87.64743841
3,425982,-1,30,1,2,2,1,9,2,2,0,1,0,1,1,-1,-1,16,34,131,-1,-1,-1,-1,-1,-1,2,1,0,1,0,0,3,0,12,6,9,41.86398489,-87.62589624
0,426057,-1,30,1,2,0,1,7,5,-1,0,1,0,0,-1,-1,-1,20,-1,123,-1,-1,-1,-1,-1,-1,2,0,0,0,0,0,1,0,12,6,9,41.87045678,-87.62540003
0,426039,-1,30,1,2,2,1,10,5,4,0,1,-1,0,-1,-1,-1,18,18,1424,-1,-1,-1,-1,-1,-1,2,0,0,0,0,0,4,0,12,6,9,41.90345532,-87.66755899
0,425975,-1,15,0,0,2,1,7,0,-1,0,1,0,0,-1,-1,1,0,0,735,-1,-1,-1,-1,-1,-1,2,0,0,0,0,0,1,0,12,6,9,41.76469189,-87.67443232
0,426058,-1,30,0,0,0,1,14,2,4,0,1,-1,0,-1,-1,-1,17,34,1711,-1,-1,-1,-1,-1,-1,2,0,0,0,0,0,3,0,12,6,9,41.99714093,-87.73978001
0,426144,-1,30,1,2,2,1,12,5,2,0,1,0,0,-1,-1,1,22,-1,914,-1,-1,-1,-1,-1,-1,2,0,0,0,0,0,2,0,12,6,9,41.85235621,-87.63613796
0,426032,-1,35,1,2,2,1,10,6,-1,0,1,0,0,-1,-1,-1,20,-1,131,-1,-1,-1,-1,-1,-1,2,0,0,0,0,0,3,0,12,6,9,41.84830341,-87.62375253
0,426014,-1,30,1,2,2,1,10,5,-1,0,1,0,0,1,-1,-1,0,0,1032,-1,-1,-1,-1,-1,-1,2,0,0,0,0,0,2,0,12,6,9,41.83732204,-87.70497194
0,426005,-1,30,0,0,2,1,10,5,-1,0,1,0,0,-1,-1,1,18,-1,1633,-1,-1,-1,-1,-1,-1,2,0,0,0,0,0,2,0,12,6,9,41.93871542,-87.76411274
0,426047,-1,30,1,2,2,1,10,2,4,0,1,0,0,-1,-1,-1,15,18,113,-1,-1,-1,-1,-1,-1,2,0,0,0,0,0,2,0,12,6,9,41.87573861,-87.62889151
0,425977,-1,30,2,2,2,1,0,2,2,0,1,0,0,-1,-1,-1,34,0,1214,-1,-1,-1,-1,-1,-1,2,0,0,0,0,0,2,0,12,6,9,41.88666286,-87.65348364
0,425990,-1,30,2,2,2,1,0,2,1,0,1,0,0,1,-1,-1,17,0,1433,-1,-1,-1,-1,-1,-1,2,0,0,0,0,0,2,0,12,6,9,41.91249369,-87.6725619
0,425974,-1,30,0,0,0,1,10,12,-1,0,0,0,0,-1,-1,-1,11,0,914,-1,-1,-1,-1,-1,-1,2,0,0,0,0,0,2,0,12,6,9,41.85063087,-87.63970603
0,425970,-1,35,0,0,0,1,12,5,2,0,0,0,0,-1,-1,-1,0,0,2433,-1,-1,-1,-1,-1,-1,2,0,0,0,0,0,2,0,12,6,9,41.99702431,-87.66061337
0,425945,-1,45,0,0,2,1,2,3,6,3,1,0,1,-1,-1,-1,34,-1,312,-1,-1,-1,-1,-1,-1,1,0,0,0,0,0,1,0,12,6,9,41.7738504,-87.61934247
1,425933,-1,35,1,2,2,1,9,5,-1,0,1,0,1,-1,-1,1,22,-1,614,-1,-1,-1,-1,-1,-1,2,1,0,0,0,1,1,0,12,6,9,41.74316904,-87.66310656
0,425941,-1,30,2,2,2,1,0,5,4,0,1,0,0,1,-1,-1,0,0,1221,-1,-1,-1,-1,-1,-1,2,0,0,0,0,0,3,0,12,6,9,41.89412642,-87.67714842
0,425947,-1,30,0,0,2,1,12,2,-1,0,1,0,0,-1,-1,-1,17,18,1624,-1,-1,-1,-1,-1,-1,2,0,0,0,0,0,2,0,12,6,9,41.95324761,-87.77029683
0,425920,-1,15,0,0,2,1,0,7,-1,0,1,0,0,-1,1,-1,0,-1,1631,-1,-1,-1,-1,-1,-1,2,0,0,0,0,0,2,0,11,6,9,41.95256368,-87.81135527
0,425917,-1,30,0,0,2,1,11,2,-1,0,1,0,1,-1,-1,-1,20,18,915,-1,-1,-1,-1,-1,-1,2,0,0,0,0,0,3,0,11,6,9,41.83100594,-87.63509305
1,425936,-1,30,2,0,2,1,8,2,2,0,1,0,1,1,-1,-1,0,-1,1434,-1,-1,-1,-1,-1,-1,2,1,0,0,0,1,1,0,11,6,9,41.91241504,-87.6764365
0,425923,-1,30,1,2,2,1,10,6,3,0,1,-1,0,-1,-1,-1,0,-1,1011,-1,-1,-1,-1,-1,-1,2,0,0,0,0,0,2,0,11,6,9,41.86313347,-87.71996088
0,426112,-1,30,0,0,0,1,10,5,-1,0,1,12,0,-1,-1,-1,25,2,714,-1,-1,-1,-1,-1,-1,2,0,0,0,0,0,2,0,11,6,9,41.77944585,-87.67245733
0,425966,-1,30,6,1,2,1,10,5,2,0,1,0,0,-1,-1,-1,0,0,434,-1,-1,-1,-1,-1,-1,2,0,0,0,0,0,2,0,11,6,9,41.70265509,-87.55110538
0,425929,-1,30,0,0,2,1,10,5,4,0,1,0,0,-1,-1,-1,16,-1,1614,-1,-1,-1,-1,-1,-1,2,0,0,0,0,0,2,0,11,6,9,41.97630779,-87.83647142
0,425915,-1,35,0,12,2,1,8,5,-1,0,1,0,0,-1,-1,1,0,-1,422,-1,-1,-1,-1,-1,-1,2,0,0,0,0,0,1,0,11,6,9,41.75035279,-87.55301673
0,425905,-1,30,2,12,2,1,2,5,2,0,1,0,0,1,-1,-1,34,5,724,-1,-1,-1,-1,-1,-1,1,0,0,0,0,0,2,0,11,6,9,41.77783219,-87.6592523
0,426028,-1,30,0,0,2,1,7,7,0,0,1,-1,0,-1,0,-1,0,-1,924,-1,-1,-1,-1,-1,-1,2,0,0,0,0,0,1,0,11,6,9,41.81930328,-87.66507884