MOST_SEVERE_INJURY,RD_NO,CRASH_DATE_EST_I,POSTED_SPEED_LIMIT,TRAFFIC_CONTROL_DEVICE,DEVICE_CONDITION,WEATHER_CONDITION,LIGHTING_CONDITION,FIRST_CRASH_TYPE,TRAFFICWAY_TYPE,LANE_CNT,ALIGNMENT,ROADWAY_SURFACE_COND,ROAD_DEFECT,CRASH_TYPE,INTERSECTION_RELATED_I,NOT_RIGHT_OF_WAY_I,HIT_AND_RUN_I,PRIM_CONTRIBUTORY_CAUSE,SEC_CONTRIBUTORY_CAUSE,BEAT_OF_OCCURRENCE,PHOTOS_TAKEN_I,STATEMENTS_TAKEN_I,DOORING_I,WORK_ZONE_I,WORK_ZONE_TYPE,WORKERS_PRESENT_I,NUM_UNITS,INJURIES_TOTAL,INJURIES_FATAL,INJURIES_INCAPACITATING,INJURIES_NON_INCAPACITATING,INJURIES_REPORTED_NOT_EVIDENT,INJURIES_NO_INDICATION,INJURIES_UNKNOWN,CRASH_HOUR,CRASH_DAY_OF_WEEK,CRASH_MONTH,LATITUDE,LONGITUDE
0,425940,-1,30,2,2,2,1,0,5,2,0,1,0,0,-1,-1,-1,17,5,1223,-1,-1,-1,-1,-1,-1,2,0,0,0,0,0,2,0,11,6,9,41.88756828,-87.67669121
0,425909,-1,30,0,0,2,1,12,5,2,0,1,0,0,-1,-1,-1,-1,-1,813,-1,-1,-1,-1,-1,-1,2,0,0,0,0,0,2,0,11,6,9,41.77872249,-87.72648687
0,425882,-1,30,2,0,2,1,2,5,2,0,1,0,1,-1,-1,-1,-1,0,1113,-1,-1,-1,-1,-1,-1,1,0,0,0,0,0,1,0,11,6,9,41.87791159,-87.74014536
0,425888,-1,30,1,0,0,1,14,2,2,0,0,0,0,-1,-1,-1,0,0,234,-1,-1,-1,-1,-1,-1,2,0,0,0,0,0,2,0,11,6,9,41.80229465,-87.5965593
0,426012,-1,10,0,0,2,1,11,7,-1,0,1,-1,0,-1,-1,1,0,0,811,-1,-1,-1,-1,-1,-1,1,0,0,0,0,0,1,0,11,6,9,41.79205648,-87.80105899
0,425958,-1,30,1,2,2,1,14,5,-1,0,1,0,0,-1,-1,-1,34,-1,1213,-1,-1,-1,-1,-1,-1,2,0,0,0,0,0,2,0,11,6,9,41.90338219,-87.65861951
2,425914,-1,30,0,-1,2,1,10,5,4,0,1,-1,1,-1,-1,-1,0,-1,432,-1,-1,-1,-1,-1,-1,3,1,0,0,1,0,2,0,11,6,9,41.72303967,-87.53739048
0,425883,-1,30,1,2,2,1,14,3,4,0,1,0,1,1,-1,-1,0,0,1213,-1,-1,-1,-1,-1,-1,2,0,0,0,0,0,2,0,11,6,9,41.89637938,-87.65524982
0,425918,-1,45,-1,-1,2,1,2,3,-1,0,1,-1,1,-1,-1,0,16,0,235,-1,-1,-1,-1,-1,-1,1,0,0,0,0,0,1,0,11,6,9,41.79515001,-87.57908419
0,426385,-1,30,0,0,0,1,7,6,-1,0,0,0,0,-1,-1,1,-1,-1,2525,-1,-1,-1,-1,-1,-1,2,0,0,0,0,0,1,0,11,6,9,41.92057681,-87.73018027
0,425879,-1,30,0,0,2,1,0,6,1,0,1,0,1,-1,1,-1,17,0,1434,-1,-1,-1,-1,-1,-1,2,0,0,0,0,0,2,0,11,6,9,41.91708933,-87.67818561
2,425860,-1,40,1,2,2,0,10,12,-1,0,1,0,1,1,-1,-1,34,-1,613,-1,0,-1,-1,-1,-1,2,1,0,0,1,0,2,0,11,6,9,41.736166,-87.64485712
0,425885,-1,0,2,2,0,1,12,5,1,0,0,0,0,-1,-1,-1,21,-1,632,-1,-1,-1,-1,-1,-1,2,0,0,0,0,0,3,0,10,6,9,41.73681387,-87.6008226
0,425867,-1,20,0,0,2,1,0,5,-1,0,1,-1,0,-1,-1,-1,0,0,1912,-1,-1,-1,-1,-1,-1,2,0,0,0,0,0,2,0,10,6,9,41.95527048,-87.67435027
0,425926,-1,30,0,0,2,1,7,5,4,0,1,0,0,-1,-1,1,0,-1,1731,-1,-1,-1,-1,-1,-1,2,0,0,0,0,0,1,0,10,6,9,41.94184663,-87.74680094
0,425844,1,30,1,2,2,1,14,6,4,0,1,0,0,1,-1,-1,23,22,123,-1,-1,-1,-1,-1,-1,2,0,0,0,0,0,2,0,10,6,9,41.87553265,-87.63380389
0,425954,-1,30,1,2,2,1,14,5,2,0,1,0,0,-1,-1,1,23,-1,1724,-1,-1,-1,-1,-1,-1,2,0,0,0,0,0,2,0,10,6,9,41.96129628,-87.70831067
0,425834,-1,30,0,0,1,1,12,2,-1,0,1,0,0,-1,-1,1,22,22,621,-1,-1,-1,-1,-1,-1,2,0,0,0,0,0,3,0,10,6,9,41.75083527,-87.63814532
0,425813,-1,35,1,2,2,1,10,1,4,0,1,0,0,1,-1,1,18,-1,1611,-1,-1,-1,-1,-1,-1,3,0,0,0,0,0,3,0,10,6,9,42.01186098,-87.80678376
0,425872,-1,30,0,0,2,1,11,2,2,0,1,0,1,-1,-1,-1,16,21,1424,-1,-1,-1,-1,-1,-1,2,0,0,0,0,0,2,0,10,6,9,41.90342906,-87.66912961
0,425812,-1,30,0,0,0,1,7,3,-1,0,0,0,0,-1,-1,-1,0,0,1225,-1,-1,-1,-1,-1,-1,2,0,0,0,0,0,2,0,10,6,9,41.87341725,-87.68607855
0,425805,-1,30,0,0,0,1,2,6,-1,0,0,12,0,-1,-1,-1,0,0,1935,-1,-1,-1,0,-1,-1,1,0,0,0,0,0,1,0,10,6,9,41.92871879,-87.64218165
1,425797,-1,30,1,2,2,1,12,2,-1,0,1,0,1,-1,-1,1,0,0,1121,-1,-1,-1,-1,-1,-1,2,1,0,0,0,1,1,0,10,6,9,41.89560928,-87.71158593
0,425795,-1,30,0,0,1,1,14,5,2,0,1,0,0,-1,-1,-1,0,0,1224,-1,-1,-1,-1,-1,-1,2,0,0,0,0,0,2,0,10,6,9,41.88555849,-87.64725611
0,425785,-1,30,0,0,0,1,10,5,1,0,0,0,0,-1,-1,-1,-1,-1,811,-1,-1,-1,-1,-1,-1,2,0,0,0,0,0,2,0,10,6,9,41.79272224,-87.768539
0,425814,-1,30,0,0,2,1,2,3,4,0,1,0,0,-1,-1,-1,0,0,1623,-1,-1,-1,-1,-1,-1,1,0,0,0,0,0,1,0,10,6,9,41.96790961,-87.74839202
0,425777,-1,35,0,0,2,1,10,6,2,0,1,12,0,-1,-1,-1,18,12,634,-1,-1,-1,-1,-1,-1,2,0,0,0,0,0,3,0,10,6,9,41.72368907,-87.62493597
0,425845,-1,25,0,0,2,1,5,5,-1,0,1,0,0,-1,-1,-1,28,-1,1122,-1,-1,-1,-1,-1,-1,1,0,0,0,0,0,1,0,10,6,9,41.89001619,-87.72108921
2,425798,-1,45,1,2,2,1,12,2,-1,0,1,0,1,-1,-1,-1,21,-1,1833,-1,-1,-1,-1,-1,-1,3,6,0,0,6,0,1,0,9,6,9,41.89681668,-87.61682704
0,426384,-1,15,0,0,0,1,7,7,4,0,1,0,0,-1,1,-1,17,0,123,-1,-1,-1,-1,-1,-1,2,0,0,0,0,0,3,0,9,6,9,41.87161314,-87.62578507
0,425760,-1,30,1,2,2,1,12,5,4,0,1,12,0,-1,-1,-1,22,-1,1431,-1,-1,-1,1,-1,0,2,0,0,0,0,0,2,0,9,6,9,41.92528083,-87.68780296
0,425739,-1,30,1,2,2,1,10,5,-1,0,1,0,0,-1,-1,-1,18,0,1634,-1,-1,-1,-1,-1,-1,2,0,0,0,0,0,2,0,9,6,9,41.93887569,-87.75162675
0,425712,1,20,0,0,1,1,7,5,1,0,1,0,0,-1,-1,-1,0,0,1822,-1,-1,-1,-1,-1,-1,2,0,0,0,0,0,1,0,9,6,9,41.89796216,-87.643136
0,425705,-1,30,0,0,0,1,7,5,4,0,0,0,0,-1,-1,-1,0,0,1221,-1,-1,-1,-1,-1,-1,2,0,0,0,0,0,8,0,9,6,9,41.89574548,-87.68030342
0,425715,-1,30,1,2,0,1,14,5,4,0,1,0,0,1,-1,-1,0,0,1831,-1,-1,-1,-1,-1,-1,2,0,0,0,0,0,3,0,9,6,9,41.89170772,-87.63310406
0,425747,-1,25,2,-1,0,1,7,5,1,0,0,0,0,-1,-1,-1,23,0,1622,-1,0,-1,-1,-1,-1,2,0,0,0,0,0,6,0,9,6,9,41.97398723,-87.77209471
0,426396,-1,30,0,0,2,1,7,2,-1,0,1,0,0,-1,-1,1,0,-1,1221,-1,-1,-1,-1,-1,-1,2,0,0,0,0,0,1,0,9,6,9,41.88882894,-87.67699573
0,425791,-1,30,0,0,1,1,12,5,-1,0,0,0,0,-1,-1,-1,17,-1,1831,-1,-1,-1,-1,-1,-1,2,0,0,0,0,0,3,0,9,6,9,41.89181352,-87.64027938
0,425740,-1,30,0,0,1,1,12,3,4,0,0,0,0,-1,-1,-1,0,-1,312,-1,-1,-1,-1,-1,-1,2,0,0,0,0,0,2,0,9,6,9,41.77840306,-87.6251939
2,425725,-1,30,1,-1,2,1,10,5,-1,0,1,-1,1,-1,-1,-1,0,-1,433,-1,-1,-1,-1,-1,-1,2,1,0,0,1,0,2,0,9,6,9,41.64836134,-87.54555918
0,425708,-1,30,0,0,0,1,7,5,2,0,0,0,0,-1,-1,1,0,0,2032,-1,-1,-1,-1,-1,-1,2,0,0,0,0,0,5,0,9,6,9,41.975867,-87.68325438
0,425726,-1,30,0,0,2,1,14,5,1,0,1,0,0,-1,-1,-1,17,17,331,-1,-1,-1,-1,-1,-1,2,0,0,0,0,0,2,0,9,6,9,41.77319568,-87.57633398
0,434798,-1,15,0,0,0,1,14,6,1,0,0,0,0,-1,-1,-1,0,0,1712,-1,-1,-1,-1,-1,-1,2,0,0,0,0,0,2,0,9,6,9,41.98287416,-87.71535398
0,426333,1,30,0,0,0,1,7,2,-1,0,1,0,0,-1,-1,1,0,0,1024,-1,-1,-1,-1,-1,-1,2,0,0,0,0,0,1,0,9,6,9,41.84637229,-87.70981614
0,426004,-1,30,2,2,2,1,0,1,2,0,1,0,1,1,-1,-1,5,0,1712,-1,-1,-1,-1,-1,-1,2,0,0,0,0,0,2,0,9,6,9,41.97015699,-87.7279363
0,425738,-1,30,1,2,0,1,10,5,2,0,1,0,0,-1,-1,-1,34,0,314,-1,-1,-1,-1,-1,-1,2,0,0,0,0,0,2,0,9,6,9,41.78048182,-87.58788096
0,425728,-1,30,0,0,0,1,7,5,-1,0,0,0,0,-1,-1,-1,17,17,1621,-1,-1,-1,-1,-1,-1,2,0,0,0,0,0,1,0,9,6,9,41.98141874,-87.76052638
0,425692,-1,35,1,2,2,1,14,5,-1,0,1,0,1,-1,-1,-1,18,34,511,-1,-1,-1,-1,-1,-1,2,0,0,0,0,0,2,0,9,6,9,41.70732739,-87.62004576
0,425704,-1,30,0,0,1,1,12,2,-1,0,0,0,0,-1,-1,-1,17,17,1232,-1,-1,-1,-1,-1,-1,2,0,0,0,0,0,2,0,8,6,9,41.87442952,-87.65454927
0,426427,-1,30,1,2,0,1,12,5,-1,0,0,0,0,-1,-1,-1,21,-1,111,-1,-1,-1,-1,-1,-1,2,0,0,0,0,0,2,0,8,6,9,41.88324838,-87.62801718
0,425703,-1,30,1,2,2,1,12,5,4,0,1,0,0,-1,-1,-1,34,-1,925,-1,-1,-1,-1,-1,-1,2,0,0,0,0,0,2,0,8,6,9,41.80906396,-87.64055998
0,425682,-1,30,1,2,1,1,12,2,4,0,0,-1,0,-1,-1,-1,21,-1,1732,-1,-1,-1,-1,-1,-1,2,0,0,0,0,0,2,0,8,6,9,41.9519112,-87.7277086
0,425733,-1,30,1,2,2,1,14,5,2,0,1,0,0,-1,-1,-1,0,-1,2514,-1,-1,-1,-1,-1,-1,2,0,0,0,0,0,2,0,8,6,9,41.93484354,-87.7759442
1,425686,-1,30,1,2,0,1,9,2,1,0,0,0,1,1,-1,1,0,-1,1123,-1,-1,-1,-1,-1,-1,2,1,0,0,0,1,1,0,8,6,9,41.87738546,-87.71101848
0,425729,-1,30,1,2,1,1,10,5,5,0,0,0,0,-1,-1,-1,18,16,1935,-1,-1,-1,-1,-1,-1,2,0,0,0,0,0,2,0,8,6,9,41.92556667,-87.64853373
1,425685,-1,30,0,0,0,1,7,5,1,0,1,0,1,-1,-1,-1,21,-1,831,-1,-1,-1,-1,-1,-1,2,1,0,0,0,1,1,0,8,6,9,41.76314427,-87.6965122
0,426143,-1,30,0,0,2,1,10,5,-1,0,1,0,0,-1,-1,1,18,-1,2511,-1,-1,-1,-1,-1,-1,2,0,0,0,0,0,2,0,8,6,9,41.9312416,-87.77649835
0,425887,-1,30,1,2,0,1,14,5,-1,0,0,0,0,-1,-1,-1,17,0,1013,-1,-1,-1,-1,-1,-1,2,0,0,0,0,0,5,0,8,6,9,41.84777752,-87.73450597
0,425721,-1,0,1,2,1,1,12,3,-1,0,0,0,0,-1,-1,-1,22,11,122,-1,-1,-1,-1,-1,-1,2,0,0,0,0,0,2,0,8,6,9,41.88703915,-87.63255806
0,425662,-1,20,1,2,0,1,8,5,2,0,0,0,0,-1,-1,-1,0,0,1731,-1,-1,-1,-1,-1,-1,2,0,0,0,0,0,2,0,8,6,9,41.94659245,-87.73639221
0,425635,-1,5,12,0,2,1,12,3,11,0,1,0,0,-1,-1,-1,0,0,423,-1,-1,-1,-1,-1,-1,2,0,0,0,0,0,2,0,8,6,9,-1,-1
2,425779,-1,30,2,0,2,1,10,5,-1,0,1,0,1,-1,-1,-1,0,0,2513,-1,-1,-1,-1,-1,-1,3,2,0,0,2,0,2,0,8,6,9,41.90909791,-87.79769399
0,425753,-1,30,1,2,2,1,10,5,2,0,1,0,0,-1,-1,-1,16,18,311,-1,-1,-1,-1,-1,-1,2,0,0,0,0,0,3,0,8,6,9,41.78397273,-87.61586259
0,426491,-1,30,0,0,0,1,2,5,1,0,12,12,0,-1,-1,-1,29,0,1922,-1,-1,-1,-1,-1,-1,1,0,0,0,0,0,1,0,8,6,9,41.94523999,-87.67131595
0,425631,-1,30,1,2,2,1,10,5,2,0,1,0,0,-1,-1,-1,18,15,632,-1,-1,-1,-1,-1,-1,2,0,0,0,0,0,5,0,8,6,9,41.7439262,-87.60009825
0,425900,1,20,0,0,-1,-1,7,6,1,0,-1,0,0,-1,-1,1,0,21,2011,-1,-1,-1,-1,-1,-1,2,0,0,0,0,0,1,0,8,6,9,41.98232284,-87.69817858
0,425647,-1,30,0,0,0,1,2,5,2,0,0,0,0,-1,-1,-1,11,-1,2534,-1,-1,-1,-1,-1,-1,1,0,0,0,0,0,1,0,8,6,9,41.91271988,-87.73605278
0,427261,-1,30,2,2,2,1,10,6,-1,0,1,0,0,-1,-1,-1,34,0,433,-1,-1,-1,-1,-1,-1,2,0,0,0,0,0,2,0,7,6,9,41.69176482,-87.53904862
0,425639,-1,30,0,0,0,1,7,5,2,0,0,0,0,-1,-1,1,0,-1,1623,-1,-1,-1,-1,-1,-1,2,0,0,0,0,0,1,0,7,6,9,41.97149603,-87.75400075
3,425625,-1,35,2,2,2,1,0,5,-1,0,1,0,1,-1,-1,-1,17,-1,224,-1,-1,-1,-1,-1,-1,2,2,0,2,0,0,1,0,7,6,9,41.80401133,-87.61660053
0,425628,-1,30,0,0,0,1,14,12,-1,0,0,0,0,-1,-1,-1,17,-1,1653,-1,-1,-1,-1,-1,-1,2,0,0,0,0,0,2,0,7,6,9,-1,-1
2,425627,-1,30,1,2,0,1,14,5,4,0,1,0,1,1,-1,1,10,-1,1633,-1,-1,-1,-1,-1,-1,2,1,0,0,1,0,2,0,7,6,9,41.94578169,-87.78560731
2,425657,-1,35,2,2,2,1,0,2,4,0,1,0,1,1,-1,-1,0,0,835,-1,-1,-1,-1,-1,-1,4,3,0,0,3,0,2,0,7,6,9,41.74833622,-87.68265888
0,425633,-1,25,0,0,1,1,7,5,1,0,0,0,0,-1,-1,-1,11,0,2412,-1,-1,-1,-1,-1,-1,2,0,0,0,0,0,10,0,7,6,9,42.00426671,-87.68019454
0,426282,-1,30,1,2,-1,2,10,5,-1,0,-1,0,0,1,-1,-1,21,22,1623,-1,-1,-1,-1,-1,-1,2,0,0,0,0,0,3,0,7,6,9,41.97063937,-87.76742565
0,425654,-1,30,1,2,0,1,14,5,4,0,0,0,0,1,-1,-1,17,21,913,-1,-1,-1,-1,-1,-1,2,0,0,0,0,0,2,0,7,6,9,41.84531863,-87.65011821
0,425643,-1,30,0,0,1,1,12,2,-1,0,0,0,0,-1,-1,-1,0,0,1733,-1,-1,-1,-1,-1,-1,2,0,0,0,0,0,4,0,7,6,9,41.93941472,-87.71011483
0,425637,-1,30,2,2,0,1,0,5,4,0,0,0,0,1,-1,1,0,0,1233,-1,-1,-1,-1,-1,-1,2,0,0,0,0,0,2,0,7,6,9,41.86157544,-87.66156716
0,425621,-1,30,0,0,0,1,11,5,-1,0,0,0,0,-1,-1,-1,21,21,1233,-1,-1,-1,-1,-1,-1,2,0,0,0,0,0,3,0,7,6,9,41.85977765,-87.66255632
0,425645,-1,20,0,0,2,3,2,12,1,0,1,0,0,-1,-1,1,0,0,812,-1,-1,-1,-1,-1,-1,1,0,0,0,0,0,1,0,7,6,9,41.78011352,-87.7962392
0,425619,-1,30,1,2,2,1,12,5,2,0,1,12,0,1,-1,-1,28,0,735,-1,-1,-1,-1,-1,-1,2,0,0,0,0,0,4,0,7,6,9,41.76471319,-87.67367849
0,426179,-1,30,2,2,2,1,0,5,2,0,1,0,0,1,-1,1,17,0,834,-1,-1,-1,-1,-1,-1,2,0,0,0,0,0,2,0,7,6,9,41.74423097,-87.70238569
2,425618,-1,30,1,1,0,1,10,5,-1,0,0,0,1,-1,1,-1,18,-1,1731,-1,-1,-1,-1,-1,-1,3,2,0,0,2,0,1,0,7,6,9,41.94614398,-87.73681231
0,425629,-1,30,-1,-1,2,1,2,12,-1,2,-1,-1,0,-1,-1,-1,0,-1,424,-1,-1,-1,-1,-1,-1,1,0,0,0,0,0,1,0,7,6,9,41.7263217,-87.55019258
0,426467,-1,30,1,2,0,1,10,2,4,0,0,0,0,-1,-1,1,16,11,815,-1,-1,-1,-1,-1,-1,2,0,0,0,0,0,2,0,7,6,9,41.80222624,-87.72356815
0,425630,-1,5,0,0,2,1,2,8,1,0,0,0,0,-1,1,-1,0,0,1023,-1,-1,-1,-1,-1,-1,1,0,0,0,0,0,1,0,7,6,9,41.86105521,-87.69455963
0,425609,-1,30,0,0,2,1,10,5,4,0,1,0,0,-1,-1,-1,0,0,824,-1,-1,-1,-1,-1,-1,2,0,0,0,0,0,3,0,7,6,9,41.78534019,-87.70317432
0,425606,-1,20,1,2,1,1,9,2,2,0,0,0,0,-1,-1,-1,19,0,211,-1,-1,-1,-1,-1,-1,2,0,0,0,0,0,2,0,7,6,9,41.83115443,-87.62318486
1,425961,-1,30,1,2,2,1,3,3,4,2,1,0,1,-1,-1,-1,17,0,623,-1,-1,-1,-1,-1,-1,2,1,0,0,0,1,1,0,7,6,9,41.75807763,-87.62449683
1,425600,-1,30,1,2,2,1,10,3,6,0,1,0,1,1,-1,-1,18,34,411,-1,-1,-1,-1,-1,-1,2,1,0,0,0,1,1,0,6,6,9,41.7514606,-87.58597199
0,425596,-1,30,0,0,2,1,10,5,4,0,1,-1,0,-1,-1,1,0,-1,815,-1,-1,-1,-1,-1,-1,3,0,0,0,0,0,3,0,6,6,9,41.80092264,-87.72770358
2,425595,-1,30,0,0,0,2,10,5,4,0,0,0,1,-1,-1,-1,16,18,132,-1,-1,-1,-1,-1,-1,2,1,0,0,1,0,1,0,6,6,9,41.84951229,-87.61159367
0,425608,-1,30,2,2,2,2,10,5,-1,0,1,0,0,1,-1,-1,18,0,433,-1,-1,-1,-1,-1,-1,2,0,0,0,0,0,2,0,6,6,9,41.64993178,-87.54731009
0,425586,-1,30,1,2,2,3,10,5,4,0,1,0,0,-1,-1,-1,0,-1,512,-1,-1,-1,-1,-1,-1,2,0,0,0,0,0,2,0,6,6,9,41.70740512,-87.60667222
0,425766,-1,30,0,0,1,1,7,6,3,0,0,0,0,-1,-1,1,0,0,122,-1,-1,-1,-1,-1,-1,2,0,0,0,0,0,2,0,6,6,9,41.88370017,-87.63106512
0,425583,-1,35,0,0,2,2,14,5,4,0,1,0,0,-1,-1,-1,0,0,833,-1,-1,-1,-1,-1,-1,2,0,0,0,0,0,2,0,6,6,9,41.76687145,-87.72231684
0,425718,-1,30,0,0,-1,-1,7,6,1,0,-1,-1,0,-1,-1,1,0,-1,1032,-1,-1,-1,-1,-1,-1,2,0,0,0,0,0,1,0,6,6,9,41.8424764,-87.7060503
0,425567,-1,30,0,0,2,3,7,5,-1,0,1,0,1,-1,-1,-1,34,0,2234,-1,-1,-1,-1,-1,-1,2,0,0,0,0,0,2,0,5,6,9,41.69208538,-87.65571634
0,425557,-1,30,0,0,0,3,7,6,1,0,0,0,1,-1,-1,-1,32,21,1531,-1,-1,-1,-1,-1,-1,3,0,0,0,0,0,1,0,4,6,9,41.89749287,-87.75091145
0,425544,-1,30,0,0,0,3,7,6,1,0,0,0,1,-1,-1,-1,27,27,1132,-1,-1,-1,-1,-1,-1,2,0,0,0,0,0,1,0,3,6,9,41.87011789,-87.72665352
0,427096,-1,30,0,0,0,3,7,5,-1,0,0,0,0,-1,-1,1,25,-1,634,-1,-1,-1,-1,-1,-1,2,0,0,0,0,0,1,0,3,6,9,41.72558346,-87.63272413
0,425539,-1,30,0,0,0,0,12,5,2,0,0,0,1,-1,-1,-1,25,-1,1011,1,-1,-1,-1,-1,-1,2,0,0,0,0,0,2,0,2,6,9,41.86444867,-87.73506515
2,425519,-1,30,1,2,0,3,9,5,4,0,0,0,1,1,-1,1,27,11,2432,-1,-1,-1,-1,-1,-1,2,1,0,0,1,0,1,0,2,6,9,41.99829823,-87.66061166
0,425499,-1,40,0,0,0,3,12,3,4,5,0,0,0,-1,-1,-1,21,25,1925,-1,-1,-1,-1,-1,-1,2,0,0,0,0,0,2,0,1,6,9,41.94050251,-87.63844367
0,425484,-1,30,0,0,0,3,10,2,2,0,0,12,0,-1,-1,-1,18,0,623,-1,-1,-1,-1,-1,-1,2,0,0,0,0,0,2,0,0,6,9,41.75074044,-87.61510209
0,425477,-1,30,1,2,0,3,0,5,0,0,0,0,0,1,-1,-1,6,16,123,-1,-1,-1,-1,-1,-1,2,0,0,0,0,0,3,0,0,6,9,41.87565854,-87.62440494
0,425636,1,25,0,0,2,-1,7,6,1,0,1,0,0,-1,-1,1,0,0,823,-1,-1,-1,-1,-1,-1,2,0,0,0,0,0,1,0,0,6,9,41.78024008,-87.70574477
0,425454,-1,30,0,0,0,3,14,5,2,0,0,0,1,-1,-1,-1,32,16,922,-1,-1,-1,-1,-1,-1,2,0,0,0,0,0,2,0,23,5,9,41.81281292,-87.70401293
0,425435,-1,30,0,0,0,3,14,5,2,0,0,0,0,-1,-1,-1,22,-1,733,-1,-1,-1,-1,-1,-1,2,0,0,0,0,0,2,0,23,5,9,41.76505296,-87.64455534
0,425420,-1,30,0,0,0,3,10,5,2,0,0,0,0,-1,-1,-1,18,16,911,-1,-1,-1,-1,-1,-1,2,0,0,0,0,0,2,0,22,5,9,41.82356731,-87.70707476
0,429740,-1,30,0,0,0,3,0,5,-1,0,0,0,0,-1,-1,-1,19,21,2413,-1,-1,-1,-1,-1,-1,2,0,0,0,0,0,2,0,22,5,9,41.99768843,-87.68600797
0,425430,-1,30,1,2,0,0,14,2,0,0,0,0,0,1,-1,-1,21,0,132,-1,-1,-1,-1,-1,-1,2,0,0,0,0,0,3,0,22,5,9,41.85783487,-87.62247767
0,425410,-1,35,2,0,2,0,0,5,-1,0,1,0,1,-1,-1,-1,17,16,834,-1,-1,-1,-1,-1,-1,2,0,0,0,0,0,2,0,22,5,9,41.73756332,-87.72138038
0,425398,-1,15,0,0,0,3,5,0,1,0,0,0,0,-1,1,1,25,-1,2524,-1,-1,-1,-1,-1,-1,1,0,0,0,0,0,1,0,22,5,9,41.92771313,-87.71844406
0,425392,-1,30,1,2,0,0,14,1,5,0,0,0,1,1,-1,-1,33,17,1732,-1,-1,-1,-1,-1,-1,2,0,0,0,0,0,5,0,22,5,9,41.95364665,-87.71848491
0,425393,-1,5,0,0,0,3,0,7,-1,0,0,0,0,-1,1,-1,20,-1,1632,-1,-1,-1,-1,-1,-1,2,0,0,0,0,0,2,0,21,5,9,41.95301023,-87.78770716
1,425335,0,30,2,2,0,3,0,5,2,0,0,0,1,1,-1,-1,16,-1,414,-1,-1,-1,-1,-1,-1,2,1,0,0,0,1,3,0,21,5,9,41.7462438,-87.58148324
0,425357,-1,30,0,0,0,-1,7,3,-1,0,-1,0,0,-1,-1,-1,0,0,631,-1,-1,-1,-1,-1,-1,2,0,0,0,0,0,1,0,21,5,9,41.74738751,-87.61254755
0,425322,-1,30,2,2,0,3,0,5,-1,0,0,0,1,1,-1,-1,16,17,915,-1,-1,-1,-1,-1,-1,2,0,0,0,0,0,2,0,20,5,9,41.83812452,-87.63302914
0,425306,-1,30,1,2,0,3,10,5,-1,0,0,0,0,-1,-1,-1,16,18,811,-1,1,-1,-1,-1,-1,2,0,0,0,0,0,2,0,20,5,9,41.79282373,-87.76245057
3,425296,-1,30,0,0,0,3,3,2,2,0,0,-1,1,-1,-1,-1,12,0,511,-1,1,-1,-1,-1,-1,2,2,0,1,1,0,0,0,20,5,9,41.71860076,-87.60383232
0,425273,-1,30,0,0,0,3,7,3,-1,0,0,0,0,-1,-1,-1,11,-1,1912,-1,-1,-1,-1,-1,-1,2,0,0,0,0,0,1,0,20,5,9,41.96827758,-87.6692782
2,431349,-1,30,2,2,0,3,9,5,-1,0,0,0,1,1,-1,-1,0,0,1213,-1,-1,-1,-1,-1,-1,2,1,0,0,1,0,1,0,19,5,9,41.89973295,-87.66998826
0,425291,-1,30,0,0,0,0,2,5,2,0,0,0,0,-1,-1,-1,0,0,624,-1,-1,-1,-1,-1,-1,1,0,0,0,0,0,2,0,19,5,9,41.75106607,-87.61264685
0,425360,-1,30,0,0,0,1,7,6,1,0,0,0,0,-1,-1,1,0,0,1121,-1,-1,-1,-1,-1,-1,2,0,0,0,0,0,1,0,19,5,9,41.90034793,-87.71418273
0,425368,1,30,0,0,-1,-1,7,5,-1,0,-1,0,0,-1,1,1,-1,-1,624,-1,-1,-1,-1,-1,-1,2,0,0,0,0,0,1,0,19,5,9,41.75140771,-87.60427207
0,425271,-1,30,0,0,0,3,12,6,-1,0,0,0,0,-1,-1,-1,0,0,1235,-1,-1,-1,-1,-1,-1,2,0,0,0,0,0,4,0,19,5,9,41.85580899,-87.64446591
2,425221,-1,30,2,2,0,4,12,5,-1,0,0,0,1,-1,-1,1,0,0,1012,-1,-1,-1,-1,-1,-1,3,2,0,0,1,1,2,0,19,5,9,41.85154368,-87.73219983
0,425225,-1,30,-1,-1,0,4,12,2,-1,0,0,0,0,-1,-1,1,0,0,2531,-1,-1,-1,-1,-1,-1,2,0,0,0,0,0,2,0,19,5,9,41.90214307,-87.7730022
0,425211,-1,0,1,2,0,4,14,6,2,0,0,0,0,-1,-1,-1,0,0,231,-1,-1,-1,-1,-1,-1,2,0,0,0,0,0,2,0,19,5,9,41.79436896,-87.62098331
0,425181,-1,35,0,0,0,1,12,5,4,0,0,0,0,1,-1,-1,23,-1,622,1,-1,-1,-1,-1,-1,2,0,0,0,0,0,2,0,19,5,9,41.74339816,-87.63425177
0,425258,-1,30,0,0,0,1,10,5,4,0,0,0,0,-1,-1,1,18,0,1712,-1,-1,-1,-1,-1,-1,3,0,0,0,0,0,4,0,18,5,9,41.9749827,-87.74783905
0,425190,-1,30,1,2,0,4,8,5,3,0,0,0,0,0,-1,0,23,22,123,-1,-1,-1,-1,-1,-1,2,0,0,0,0,0,2,0,18,5,9,41.87410383,-87.63080892