MOST_SEVERE_INJURY,RD_NO,CRASH_DATE_EST_I,POSTED_SPEED_LIMIT,TRAFFIC_CONTROL_DEVICE,DEVICE_CONDITION,WEATHER_CONDITION,LIGHTING_CONDITION,FIRST_CRASH_TYPE,TRAFFICWAY_TYPE,LANE_CNT,ALIGNMENT,ROADWAY_SURFACE_COND,ROAD_DEFECT,CRASH_TYPE,INTERSECTION_RELATED_I,NOT_RIGHT_OF_WAY_I,HIT_AND_RUN_I,PRIM_CONTRIBUTORY_CAUSE,SEC_CONTRIBUTORY_CAUSE,BEAT_OF_OCCURRENCE,PHOTOS_TAKEN_I,STATEMENTS_TAKEN_I,DOORING_I,WORK_ZONE_I,WORK_ZONE_TYPE,WORKERS_PRESENT_I,NUM_UNITS,INJURIES_TOTAL,INJURIES_FATAL,INJURIES_INCAPACITATING,INJURIES_NON_INCAPACITATING,INJURIES_REPORTED_NOT_EVIDENT,INJURIES_NO_INDICATION,INJURIES_UNKNOWN,CRASH_HOUR,CRASH_DAY_OF_WEEK,CRASH_MONTH,LATITUDE,LONGITUDE
0,426145,-1,30,-1,-1,-1,-1,10,5,-1,0,-1,-1,0,-1,-1,1,0,-1,1911,-1,-1,-1,-1,-1,-1,2,0,0,0,0,0,2,0,18,5,9,41.96473436,-87.69032529
0,425334,-1,30,0,0,0,1,7,6,-1,0,0,-1,0,-1,-1,-1,11,0,1423,-1,-1,-1,-1,-1,-1,2,0,0,0,0,0,1,0,18,5,9,41.90348733,-87.69457827
1,425172,-1,30,1,-1,0,1,10,5,-1,0,-1,-1,1,1,-1,-1,18,-1,213,-1,-1,-1,-1,-1,-1,2,1,0,0,0,1,2,0,18,5,9,41.82379466,-87.62863705
0,425155,-1,30,0,0,1,1,7,5,2,0,0,0,0,-1,-1,-1,11,-1,1814,-1,-1,-1,-1,-1,-1,2,0,0,0,0,0,1,0,18,5,9,41.92187907,-87.63679223
0,425135,-1,30,1,2,0,1,14,5,3,0,0,0,0,1,-1,-1,0,0,611,-1,-1,-1,-1,-1,-1,2,0,0,0,0,0,2,0,18,5,9,41.75026224,-87.66358012
0,425119,-1,30,0,0,0,1,12,5,-1,0,0,0,0,-1,-1,-1,0,0,1911,-1,-1,-1,-1,-1,-1,2,0,0,0,0,0,3,0,18,5,9,41.9650211,-87.68601403
2,425122,-1,15,0,0,0,1,9,7,2,0,0,0,1,-1,1,-1,13,13,225,1,-1,-1,-1,-1,-1,2,1,0,0,1,0,4,0,18,5,9,41.79623488,-87.63040492
0,425114,-1,30,0,0,0,1,12,2,2,0,0,0,0,-1,-1,-1,0,-1,1033,-1,-1,-1,-1,-1,-1,2,0,0,0,0,0,3,0,18,5,9,41.84188754,-87.69527773
0,425145,-1,30,-1,-1,-1,-1,0,5,-1,0,-1,-1,0,-1,-1,-1,0,-1,1932,-1,-1,-1,-1,-1,-1,2,0,0,0,0,0,3,0,18,5,9,41.92729427,-87.65417091
0,425142,-1,30,0,0,0,4,14,5,-1,0,0,0,0,-1,-1,-1,23,16,2523,-1,-1,-1,-1,-1,-1,2,0,0,0,0,0,2,0,18,5,9,41.93639798,-87.71918809
0,425090,-1,30,0,0,0,1,10,5,4,0,0,0,0,-1,-1,-1,18,18,1723,-1,-1,-1,-1,-1,-1,2,0,0,0,0,0,2,0,17,5,9,41.95376762,-87.72693023
0,425071,-1,20,0,0,1,1,7,5,2,0,0,0,0,-1,-1,-1,22,18,314,-1,-1,-1,-1,-1,-1,2,0,0,0,0,0,2,0,17,5,9,41.78280346,-87.59326132
0,425075,-1,30,0,0,0,1,10,2,4,0,0,0,0,-1,-1,-1,-1,-1,1621,-1,-1,-1,-1,-1,-1,2,0,0,0,0,0,3,0,17,5,9,41.97606835,-87.74816882
0,425081,-1,30,1,2,0,1,10,5,-1,0,0,0,0,-1,-1,1,-1,-1,711,-1,-1,-1,-1,-1,-1,2,0,0,0,0,0,2,0,17,5,9,41.78001804,-87.63511276
0,425080,-1,30,0,0,0,1,14,5,2,0,0,-1,0,-1,-1,-1,0,0,312,-1,-1,-1,-1,-1,-1,2,0,0,0,0,0,2,0,17,5,9,41.78016973,-87.61334031
0,425068,-1,30,1,1,0,1,0,5,-1,0,1,0,0,-1,-1,-1,16,17,1122,-1,0,-1,-1,-1,-1,2,0,0,0,0,0,3,0,17,5,9,41.88067779,-87.72087468
2,425065,-1,30,0,0,0,1,14,2,-1,0,0,-1,1,-1,-1,-1,17,21,2534,-1,0,-1,1,2,-1,2,1,0,0,1,0,1,0,17,5,9,41.90971503,-87.73085233
0,425060,-1,30,0,0,0,1,10,5,4,0,0,-1,0,-1,-1,1,18,-1,2411,-1,-1,-1,-1,-1,-1,2,0,0,0,0,0,2,0,17,5,9,42.01159204,-87.69038039
0,434102,-1,30,1,2,0,1,14,5,4,0,0,0,0,-1,-1,-1,18,-1,124,-1,-1,-1,-1,-1,-1,2,0,0,0,0,0,2,0,17,5,9,41.86714316,-87.63929317
2,428921,-1,30,1,2,0,1,8,6,-1,0,0,0,1,-1,-1,-1,-1,-1,822,-1,-1,-1,-1,-1,-1,2,1,0,0,1,0,1,0,17,5,9,41.79334892,-87.70860226
0,427669,-1,30,1,2,0,1,10,5,-1,0,0,0,0,-1,-1,-1,18,0,411,-1,-1,-1,-1,-1,-1,2,0,0,0,0,0,2,0,17,5,9,41.75184531,-87.58614824
0,425734,-1,15,0,0,-1,1,7,7,0,0,0,0,0,-1,1,1,0,0,122,-1,-1,-1,-1,-1,-1,2,0,0,0,0,0,1,0,17,5,9,41.8860284,-87.63408498
0,425061,-1,30,1,2,0,1,10,5,-1,0,0,0,0,-1,-1,-1,21,21,1834,-1,-1,-1,-1,-1,-1,3,0,0,0,0,0,3,0,17,5,9,41.89248518,-87.62052488
2,425054,-1,30,1,2,0,1,0,5,-1,2,0,0,1,-1,-1,-1,17,0,1622,-1,-1,-1,-1,-1,-1,2,1,0,0,1,0,1,0,17,5,9,41.98283471,-87.78235359
2,425040,-1,30,1,2,2,1,0,12,-1,0,1,0,1,1,-1,-1,0,0,411,-1,-1,-1,-1,-1,-1,2,1,0,0,1,0,1,0,17,5,9,41.7513924,-87.58566794
0,426334,-1,30,0,0,0,1,10,2,2,0,0,0,0,-1,-1,1,18,17,1732,-1,-1,-1,-1,-1,-1,2,0,0,0,0,0,3,0,17,5,9,41.93934233,-87.71605276
2,426025,-1,30,1,2,-1,-1,10,2,2,0,-1,0,1,1,-1,-1,0,-1,1912,-1,-1,-1,-1,-1,-1,2,2,0,0,2,0,3,0,17,5,9,41.9686474,-87.67910856
0,425031,-1,30,2,2,2,1,0,5,2,0,0,0,0,1,-1,-1,17,-1,632,-1,-1,-1,-1,-1,-1,2,0,0,0,0,0,3,0,17,5,9,41.73636941,-87.61621604
0,429716,-1,30,0,0,0,1,12,5,4,0,0,0,0,-1,-1,1,1,-1,2522,-1,-1,-1,-1,-1,-1,2,0,0,0,0,0,2,0,17,5,9,41.92426075,-87.73611088
0,425088,-1,30,0,0,0,1,12,6,1,0,0,0,0,-1,-1,-1,11,0,831,-1,-1,-1,-1,-1,-1,2,0,0,0,0,0,3,0,17,5,9,41.773529,-87.69390286
0,428686,-1,30,0,0,0,1,12,6,-1,0,0,0,0,-1,-1,-1,0,0,2013,-1,-1,-1,-1,-1,-1,2,0,0,0,0,0,2,0,17,5,9,41.97699813,-87.66820457
0,425025,-1,30,3,0,0,1,12,5,3,0,0,0,1,0,-1,-1,23,-1,614,-1,1,-1,-1,-1,-1,2,0,0,0,0,0,3,0,17,5,9,41.74259077,-87.66309488
0,425386,-1,35,0,12,0,1,7,5,-1,0,0,0,0,-1,-1,1,0,0,333,-1,-1,-1,-1,-1,-1,2,0,0,0,0,0,1,0,17,5,9,41.76265334,-87.57367534
0,425156,-1,35,0,0,0,1,7,5,-1,0,0,0,0,-1,-1,-1,0,0,835,-1,-1,-1,-1,-1,-1,2,0,0,0,0,0,1,0,17,5,9,41.74187706,-87.69191626
0,425034,-1,30,0,0,0,1,0,7,-1,0,0,0,0,-1,-1,-1,20,-1,1422,-1,-1,-1,-1,-1,-1,2,0,0,0,0,0,3,0,17,5,9,41.91390289,-87.71519725
0,425032,-1,30,0,0,2,1,7,5,-1,0,1,0,0,-1,-1,-1,11,0,1711,-1,-1,-1,-1,-1,-1,3,0,0,0,0,0,6,0,17,5,9,41.99397007,-87.72407991
0,425109,-1,30,1,2,0,1,12,2,-1,0,0,2,0,-1,-1,-1,21,-1,511,-1,-1,-1,-1,-1,-1,2,0,0,0,0,0,2,0,16,5,9,41.72167077,-87.62066639
0,425013,-1,30,1,2,0,1,10,5,-1,0,1,0,0,-1,-1,-1,0,0,513,-1,-1,-1,-1,-1,-1,2,0,0,0,0,0,2,0,16,5,9,41.6998132,-87.62107428
0,425091,-1,30,0,0,-1,1,12,5,-1,0,-1,0,0,-1,-1,-1,21,-1,1814,-1,-1,-1,-1,-1,-1,2,0,0,0,0,0,2,0,16,5,9,41.91296035,-87.62660834
0,424994,-1,30,0,0,0,1,10,5,4,0,1,0,0,-1,-1,-1,18,11,2211,-1,-1,-1,-1,-1,-1,2,0,0,0,0,0,2,0,16,5,9,41.7063906,-87.69482619
0,425012,-1,25,2,2,1,1,12,6,1,0,0,0,1,1,-1,-1,5,11,1133,-1,-1,-1,-1,-1,-1,2,0,0,0,0,0,3,0,16,5,9,41.87189947,-87.71296079
0,425084,-1,30,1,2,0,1,12,5,-1,0,0,0,0,-1,-1,-1,0,-1,823,-1,-1,-1,-1,-1,-1,2,0,0,0,0,0,2,0,16,5,9,41.77894575,-87.70328312
0,425077,-1,30,0,0,0,1,10,4,1,3,0,0,0,-1,-1,-1,20,20,512,-1,-1,-1,-1,-1,-1,2,0,0,0,0,0,3,0,16,5,9,41.70715686,-87.62007048
0,425038,-1,10,0,0,1,1,10,7,-1,0,-1,-1,0,-1,-1,1,20,20,1921,-1,-1,-1,-1,-1,-1,2,0,0,0,0,0,2,0,16,5,9,41.95355396,-87.6788829
0,425006,1,30,0,0,0,1,14,5,-1,0,0,0,0,-1,-1,-1,17,-1,2432,-1,-1,-1,-1,-1,-1,2,0,0,0,0,0,2,0,16,5,9,41.99820096,-87.6693686
0,425072,-1,30,1,2,0,1,14,5,4,0,1,0,0,1,-1,-1,17,-1,2533,-1,-1,-1,-1,-1,-1,2,0,0,0,0,0,2,0,16,5,9,41.9097611,-87.74365444
0,142975,-1,25,-1,-1,1,1,12,6,1,0,-1,-1,0,-1,-1,1,22,22,1832,-1,-1,-1,-1,-1,-1,2,0,0,0,0,0,2,0,16,5,9,41.89806836,-87.63240476
0,425070,-1,35,0,0,0,1,12,5,-1,0,0,0,0,-1,-1,-1,0,0,815,-1,-1,-1,-1,-1,-1,2,0,0,0,0,0,5,0,16,5,9,41.80264455,-87.7235811
0,434979,-1,30,0,0,0,1,7,12,-1,0,0,0,0,-1,-1,-1,0,0,1232,-1,-1,-1,-1,-1,-1,2,0,0,0,0,0,1,0,16,5,9,41.87293234,-87.65250006
0,431458,-1,30,0,0,0,1,7,2,1,0,0,0,0,-1,-1,1,0,-1,314,-1,-1,-1,-1,-1,-1,2,0,0,0,0,0,1,0,16,5,9,41.77887527,-87.58699378
0,430930,-1,25,2,2,-1,1,2,5,-1,2,12,12,0,-1,-1,-1,28,-1,1922,-1,-1,-1,1,2,-1,1,0,0,0,0,0,1,0,16,5,9,41.95068177,-87.67421614
0,425337,-1,25,0,0,0,1,14,6,2,0,0,-1,0,1,-1,-1,23,0,122,-1,-1,-1,-1,-1,-1,2,0,0,0,0,0,2,0,16,5,9,41.87697986,-87.63251003
0,425017,-1,30,2,2,1,1,0,5,1,0,0,0,0,-1,-1,-1,17,-1,724,-1,-1,-1,-1,-1,-1,2,0,0,0,0,0,5,0,16,5,9,41.7776978,-87.65459435
0,425132,-1,30,0,0,0,1,7,6,1,0,0,0,0,-1,-1,-1,21,-1,1411,-1,-1,-1,-1,-1,-1,2,0,0,0,0,0,1,0,16,5,9,41.93591489,-87.69055478
0,424966,-1,30,0,0,2,1,7,6,-1,0,1,-1,0,-1,-1,1,0,-1,414,-1,-1,-1,-1,-1,-1,2,0,0,0,0,0,1,0,16,5,9,41.75029918,-87.5785426
0,425288,-1,0,1,2,0,1,10,2,-1,0,0,0,0,-1,-1,-1,18,-1,321,-1,-1,-1,-1,-1,-1,2,0,0,0,0,0,2,0,16,5,9,41.77032549,-87.61158437
0,424932,-1,35,4,2,0,1,10,2,4,0,0,0,0,-1,-1,-1,18,0,1413,-1,-1,-1,-1,-1,-1,3,0,0,0,0,0,4,0,16,5,9,41.92479105,-87.71042044
2,424958,-1,30,0,0,0,1,8,2,2,0,0,0,1,-1,-1,-1,17,-1,1213,-1,-1,-1,-1,-1,-1,2,1,0,0,1,0,1,0,16,5,9,41.90256161,-87.66545963
0,424931,-1,30,0,0,1,1,12,5,2,0,0,0,0,-1,-1,-1,17,-1,1431,-1,-1,-1,-1,-1,-1,2,0,0,0,0,0,3,0,16,5,9,41.92497577,-87.69124702
0,433830,-1,30,0,0,0,1,7,7,-1,0,0,0,0,-1,-1,-1,0,0,2533,-1,-1,-1,-1,-1,-1,2,0,0,0,0,0,1,0,16,5,9,41.90242364,-87.74976242
0,432134,-1,30,0,0,0,1,0,5,4,0,0,0,0,-1,-1,1,17,17,1131,-1,-1,-1,-1,-1,-1,2,0,0,0,0,0,3,0,16,5,9,41.87586112,-87.7449527
0,425737,-1,30,0,12,0,1,5,5,2,0,0,12,0,1,-1,-1,28,-1,922,-1,-1,-1,1,1,1,1,0,0,0,0,0,1,0,16,5,9,41.81207972,-87.69071313
0,425310,-1,30,1,2,0,1,14,2,2,0,0,0,0,-1,-1,-1,18,11,815,-1,-1,-1,-1,-1,-1,2,0,0,0,0,0,2,0,16,5,9,41.80761963,-87.73465653
1,424957,-1,30,2,2,2,1,0,5,1,0,1,0,1,1,-1,-1,17,0,432,-1,-1,-1,-1,-1,-1,2,2,0,0,0,2,2,0,16,5,9,41.69902642,-87.53784526
0,424945,-1,30,1,2,0,1,10,5,-1,0,0,-1,0,-1,-1,-1,0,0,1634,-1,-1,-1,-1,-1,-1,3,0,0,0,0,0,3,0,16,5,9,41.94333999,-87.74713367
0,424944,-1,30,0,0,0,1,14,0,-1,0,0,0,0,-1,-1,1,0,0,1013,-1,-1,-1,-1,-1,-1,2,0,0,0,0,0,2,0,16,5,9,41.84839069,-87.7211526
0,424941,-1,30,2,2,0,1,10,5,2,0,0,0,0,-1,-1,-1,18,-1,1232,-1,-1,-1,-1,-1,-1,3,0,0,0,0,0,4,0,16,5,9,41.87982152,-87.64744848
1,424908,-1,30,0,0,0,1,10,5,2,0,0,0,1,-1,-1,-1,18,0,2511,-1,-1,-1,-1,-1,-1,2,1,0,0,0,1,2,0,16,5,9,41.93142943,-87.79533627
0,145731,-1,30,1,2,2,1,12,5,-1,0,1,0,0,1,-1,-1,22,21,413,-1,-1,-1,-1,-1,-1,2,0,0,0,0,0,2,0,15,5,9,41.72273739,-87.57550803
0,424935,-1,25,0,0,2,1,14,5,-1,0,1,0,0,-1,-1,-1,17,0,623,-1,-1,-1,-1,-1,-1,2,0,0,0,0,0,2,0,15,5,9,41.75089105,-87.62596851
0,424981,-1,30,1,2,0,1,14,2,2,0,0,0,0,1,-1,-1,17,11,922,-1,-1,-1,-1,-1,-1,2,0,0,0,0,0,5,0,15,5,9,41.81544961,-87.6945694
0,424914,-1,30,2,2,0,1,0,12,2,0,0,0,0,1,-1,-1,17,22,1921,-1,-1,-1,-1,-1,-1,2,0,0,0,0,0,2,0,15,5,9,41.94689303,-87.68468127
0,424907,-1,35,1,2,0,1,10,5,-1,0,0,0,0,-1,-1,-1,16,-1,123,-1,-1,-1,-1,-1,-1,2,0,0,0,0,0,3,0,15,5,9,41.8698488,-87.63065553
0,424918,-1,30,1,2,0,1,12,5,-1,0,0,0,0,-1,-1,1,-1,-1,932,-1,-1,-1,-1,-1,-1,2,0,0,0,0,0,2,0,15,5,9,41.7940043,-87.67445222
0,424954,-1,30,0,0,0,1,12,5,-1,0,-1,-1,0,-1,-1,-1,17,17,1222,-1,-1,-1,-1,-1,-1,2,0,0,0,0,0,4,0,15,5,9,41.88807948,-87.70126126
0,424959,-1,35,0,0,0,1,7,5,-1,0,0,0,0,-1,-1,-1,0,0,834,-1,-1,-1,-1,-1,-1,2,0,0,0,0,0,1,0,15,5,9,41.74763933,-87.73172109
0,425001,-1,35,0,0,0,1,0,5,-1,0,1,0,0,-1,-1,-1,17,0,922,-1,-1,-1,-1,-1,-1,2,0,0,0,0,0,2,0,15,5,9,41.8082747,-87.70016868
2,424929,-1,20,0,0,0,1,2,12,-1,0,0,0,1,-1,1,-1,0,0,915,-1,-1,-1,-1,-1,-1,1,1,0,0,1,0,1,0,15,5,9,41.83078366,-87.63529578
0,425153,-1,30,0,0,0,1,12,2,2,0,0,0,0,-1,-1,-1,0,0,931,-1,-1,-1,-1,-1,-1,2,0,0,0,0,0,2,0,15,5,9,41.80126456,-87.68065263
0,425602,-1,30,0,0,0,1,14,5,-1,0,1,0,0,-1,-1,-1,17,-1,2534,-1,-1,-1,-1,-1,-1,2,0,0,0,0,0,2,0,15,5,9,41.91086282,-87.73599305
0,424920,-1,30,0,0,0,1,14,5,-1,0,1,0,1,-1,-1,-1,21,17,822,-1,-1,-1,-1,-1,-1,2,0,0,0,0,0,4,0,15,5,9,41.80009153,-87.72321361
0,424852,-1,30,1,2,2,1,10,2,4,0,1,0,0,-1,-1,-1,18,0,623,-1,-1,-1,-1,-1,-1,2,0,0,0,0,0,3,0,15,5,9,41.75091814,-87.62469012
0,424939,-1,30,0,0,2,1,7,5,2,0,1,0,0,-1,-1,-1,22,-1,1512,-1,-1,-1,-1,-1,-1,2,0,0,0,0,0,2,0,15,5,9,41.88235236,-87.7650928
0,424902,-1,20,0,-1,0,1,7,12,-1,0,0,0,1,-1,-1,1,-1,-1,1122,-1,-1,-1,-1,-1,-1,3,0,0,0,0,0,1,0,15,5,9,41.89180839,-87.72547487
0,425095,-1,30,0,0,0,1,12,5,-1,0,0,0,0,-1,-1,1,0,0,312,-1,-1,-1,-1,-1,-1,2,0,0,0,0,0,2,0,15,5,9,41.78028267,-87.60712229
0,425278,-1,30,0,0,0,1,10,2,2,0,0,0,0,-1,-1,-1,8,11,811,-1,-1,-1,-1,-1,-1,2,0,0,0,0,0,2,0,15,5,9,41.78956202,-87.78184939
0,424893,-1,10,0,0,0,1,12,7,1,0,1,0,0,-1,0,-1,20,-1,634,1,-1,-1,-1,-1,-1,2,0,0,0,0,0,2,0,15,5,9,41.73614513,-87.62691784
0,424858,-1,30,0,0,1,1,12,2,-1,0,0,0,0,-1,-1,1,20,0,1722,-1,-1,-1,-1,-1,-1,2,0,0,0,0,0,2,0,15,5,9,41.95369702,-87.73317909
0,424880,-1,15,0,0,0,1,7,7,-1,0,0,0,0,-1,1,-1,0,0,823,-1,-1,-1,-1,-1,-1,2,0,0,0,0,0,1,0,15,5,9,41.78047172,-87.71633291
0,424863,-1,30,1,2,0,1,10,5,4,0,0,0,0,-1,-1,-1,18,18,211,-1,-1,-1,-1,-1,-1,2,0,0,0,0,0,2,0,15,5,9,41.83217919,-87.62681595
0,424829,-1,30,-1,-1,0,1,7,5,-1,0,-1,-1,0,-1,-1,-1,0,-1,1924,-1,-1,-1,-1,-1,-1,2,0,0,0,0,0,2,0,15,5,9,41.94720709,-87.649553
2,424824,-1,35,1,2,2,1,8,2,-1,0,1,0,1,-1,-1,1,0,-1,633,-1,-1,-1,-1,-1,-1,2,1,0,0,1,0,1,0,15,5,9,41.7253297,-87.60470256
0,424818,-1,30,0,0,0,1,10,5,-1,0,0,0,0,-1,-1,1,0,0,1023,-1,-1,-1,-1,-1,-1,2,0,0,0,0,0,2,0,15,5,9,41.86112443,-87.69560234
0,424823,-1,30,0,0,2,1,7,7,-1,0,1,0,0,-1,1,1,0,0,911,-1,-1,-1,-1,-1,-1,2,0,0,0,0,0,1,0,14,5,9,41.82295846,-87.69142592
0,424826,-1,30,1,2,0,1,0,5,2,0,0,0,0,1,-1,-1,0,0,1814,-1,-1,-1,-1,-1,-1,2,0,0,0,0,0,2,0,14,5,9,41.91127207,-87.63311717
0,424800,-1,30,1,2,2,1,12,3,-1,0,1,-1,0,0,-1,-1,0,0,1231,-1,-1,-1,-1,-1,-1,2,0,0,0,0,0,3,0,14,5,9,41.86697112,-87.66650974
0,425166,-1,5,0,0,2,1,7,7,-1,0,1,0,0,-1,1,-1,20,-1,1614,-1,-1,-1,-1,-1,-1,2,0,0,0,0,0,1,0,14,5,9,41.97080987,-87.83679668
0,424842,-1,30,0,0,1,1,14,5,2,1,0,0,1,-1,-1,-1,17,0,1834,-1,-1,-1,-1,-1,-1,3,0,0,0,0,0,2,0,14,5,9,41.89041949,-87.62652841
0,424821,-1,30,0,0,-1,1,7,-1,-1,0,-1,-1,0,-1,-1,-1,18,-1,1834,-1,-1,-1,-1,-1,-1,2,0,0,0,0,0,1,0,14,5,9,41.89406651,-87.61760751
0,424812,-1,30,2,12,0,1,0,5,2,0,0,0,1,-1,-1,-1,17,0,2412,-1,-1,-1,-1,-1,-1,2,0,0,0,0,0,6,0,14,5,9,41.99760774,-87.70323604
0,424848,-1,30,2,12,2,1,2,3,2,0,1,0,1,-1,-1,-1,0,-1,914,-1,-1,-1,-1,-1,-1,1,0,0,0,0,0,1,0,14,5,9,41.84528825,-87.64117114
0,424839,-1,30,0,0,1,1,10,5,-1,0,0,0,0,-1,-1,-1,3,-1,1831,-1,-1,-1,-1,-1,-1,2,0,0,0,0,0,3,0,14,5,9,41.89639165,-87.64281536
0,424764,-1,30,0,0,0,1,0,5,2,0,0,0,1,-1,-1,-1,17,23,1613,-1,-1,-1,-1,-1,-1,2,0,0,0,0,0,2,0,14,5,9,41.97447177,-87.81405432
0,424919,-1,30,0,0,1,1,7,5,2,0,0,0,0,-1,-1,-1,25,-1,1622,-1,-1,-1,-1,-1,-1,3,0,0,0,0,0,2,0,14,5,9,41.96668874,-87.77284229
0,428643,-1,30,1,2,0,1,14,5,2,0,0,0,0,1,-1,-1,0,-1,1232,-1,-1,-1,-1,-1,-1,2,0,0,0,0,0,2,0,14,5,9,41.86724054,-87.6467718
0,424857,-1,35,1,2,0,1,12,5,-1,0,0,0,0,-1,-1,-1,21,-1,114,-1,-1,-1,-1,-1,-1,2,0,0,0,0,0,3,0,14,5,9,41.87550875,-87.62044574
2,424793,-1,30,0,0,2,1,9,5,-1,0,1,0,1,-1,-1,-1,0,0,821,-1,-1,-1,-1,-1,-1,2,1,0,0,1,0,1,0,14,5,9,41.81279906,-87.70657977
0,424778,-1,30,0,0,2,1,0,5,-1,0,1,-1,0,1,-1,-1,-1,-1,431,-1,-1,-1,-1,-1,-1,2,0,0,0,0,0,2,0,14,5,9,41.72240364,-87.57177516
0,424804,-1,30,0,0,0,1,7,6,-1,0,0,0,0,-1,-1,-1,0,0,1824,-1,-1,-1,-1,-1,-1,2,0,0,0,0,0,2,0,14,5,9,41.91115788,-87.62751331
0,424947,-1,30,0,0,0,1,12,5,2,0,0,0,0,-1,-1,-1,0,0,324,-1,-1,-1,-1,-1,-1,2,0,0,0,0,0,2,0,14,5,9,41.76273109,-87.60098628
0,424850,-1,35,0,0,2,1,10,5,4,0,1,0,0,-1,-1,-1,18,34,414,-1,-1,-1,-1,-1,-1,2,0,0,0,0,0,2,0,14,5,9,41.75214606,-87.5761432
0,424776,-1,20,0,0,2,1,10,6,1,0,1,0,0,-1,-1,-1,20,-1,2232,-1,-1,-1,-1,-1,-1,2,0,0,0,0,0,3,0,14,5,9,41.7122593,-87.63583825
0,429531,-1,5,0,0,-1,-1,2,12,-1,0,-1,0,0,-1,-1,-1,0,0,1834,-1,-1,-1,-1,-1,-1,1,0,0,0,0,0,1,0,14,5,9,41.89325719,-87.62234986
0,425042,-1,35,1,2,0,1,12,5,-1,0,0,0,0,-1,-1,-1,18,-1,131,-1,-1,-1,-1,-1,-1,2,0,0,0,0,0,2,0,14,5,9,41.8553848,-87.62729155
0,425019,-1,30,-1,-1,0,1,10,2,2,0,0,-1,0,-1,-1,1,25,25,1133,-1,-1,-1,-1,-1,-1,2,0,0,0,0,0,5,0,14,5,9,41.87472279,-87.71095262
0,425239,-1,25,0,0,1,1,12,5,-1,0,1,0,0,-1,-1,-1,4,-1,321,-1,-1,-1,-1,-1,-1,2,0,0,0,0,0,2,0,13,5,9,41.7732736,-87.60327875
0,424854,-1,30,0,0,0,1,0,12,4,0,1,0,0,-1,-1,-1,16,11,911,-1,-1,-1,-1,-1,-1,2,0,0,0,0,0,3,0,13,5,9,41.82613931,-87.68505671
0,424923,-1,30,1,2,1,1,10,5,-1,0,1,-1,0,1,-1,-1,12,0,733,-1,-1,-1,-1,-1,-1,2,0,0,0,0,0,2,0,13,5,9,41.76874434,-87.64465138
0,425035,-1,20,0,0,0,1,12,2,2,0,1,0,0,-1,-1,-1,22,-1,131,-1,-1,-1,-1,-1,-1,2,0,0,0,0,0,2,0,13,5,9,41.85555086,-87.62756876
2,424851,-1,30,0,0,2,1,2,-1,2,3,1,0,1,-1,-1,-1,12,12,331,-1,-1,-1,-1,-1,-1,1,3,0,0,2,1,0,0,13,5,9,41.78811787,-87.58538787
0,424760,-1,30,0,0,2,1,14,2,2,0,1,0,0,-1,-1,-1,18,11,1033,-1,-1,-1,-1,-1,-1,2,0,0,0,0,0,3,0,13,5,9,41.84331264,-87.69532042
2,424849,-1,40,2,2,2,1,10,2,-1,0,1,0,1,-1,-1,-1,7,0,432,-1,-1,-1,-1,-1,-1,2,2,0,0,2,0,3,0,13,5,9,41.72280516,-87.53660301
0,424844,-1,30,1,2,0,1,11,5,-1,0,0,0,0,-1,-1,-1,0,0,631,-1,-1,-1,-1,-1,-1,2,0,0,0,0,0,2,0,13,5,9,41.74408036,-87.60497366
0,424770,-1,30,1,2,2,1,10,3,4,0,1,0,0,1,-1,1,18,16,1423,-1,-1,-1,-1,-1,-1,2,0,0,0,0,0,2,0,13,5,9,41.91000013,-87.68735855
0,424782,-1,35,0,0,2,1,10,5,2,0,1,0,0,-1,-1,1,0,0,1031,-1,-1,-1,-1,-1,-1,2,0,0,0,0,0,2,0,13,5,9,41.84415759,-87.72469381
0,424747,-1,30,0,0,0,1,14,5,-1,0,1,0,0,-1,-1,-1,0,0,1831,-1,-1,-1,-1,-1,-1,2,0,0,0,0,0,2,0,13,5,9,41.88932169,-87.63113299
0,424744,-1,30,-1,-1,-1,-1,14,5,-1,0,-1,-1,0,-1,-1,-1,0,-1,1934,-1,-1,-1,-1,-1,-1,2,0,0,0,0,0,2,0,13,5,9,41.93644033,-87.64800621
0,424783,-1,35,1,2,0,1,10,5,4,0,0,0,0,-1,-1,-1,18,18,424,-1,-1,-1,-1,-1,-1,2,0,0,0,0,0,2,0,13,5,9,41.74480973,-87.54847311
0,427634,-1,30,0,0,0,1,7,5,2,0,0,0,0,-1,-1,-1,0,0,414,-1,-1,-1,-1,-1,-1,2,0,0,0,0,0,1,0,13,5,9,41.7518905,-87.57857943
0,424809,-1,30,0,0,0,1,10,2,2,0,1,0,0,-1,-1,-1,11,0,813,-1,-1,-1,-1,-1,-1,2,0,0,0,0,0,2,0,13,5,9,41.78932932,-87.74164564
0,424769,-1,30,0,0,2,1,7,2,-1,0,1,0,0,-1,-1,-1,0,-1,424,-1,-1,-1,-1,-1,-1,2,0,0,0,0,0,1,0,13,5,9,41.73523843,-87.54012115
0,424705,-1,30,0,0,2,1,12,5,-1,0,1,0,0,-1,-1,-1,21,-1,1631,-1,-1,-1,-1,-1,-1,2,0,0,0,0,0,2,0,13,5,9,41.94609585,-87.83633359