MOST_SEVERE_INJURY,RD_NO,CRASH_DATE_EST_I,POSTED_SPEED_LIMIT,TRAFFIC_CONTROL_DEVICE,DEVICE_CONDITION,WEATHER_CONDITION,LIGHTING_CONDITION,FIRST_CRASH_TYPE,TRAFFICWAY_TYPE,LANE_CNT,ALIGNMENT,ROADWAY_SURFACE_COND,ROAD_DEFECT,CRASH_TYPE,INTERSECTION_RELATED_I,NOT_RIGHT_OF_WAY_I,HIT_AND_RUN_I,PRIM_CONTRIBUTORY_CAUSE,SEC_CONTRIBUTORY_CAUSE,BEAT_OF_OCCURRENCE,PHOTOS_TAKEN_I,STATEMENTS_TAKEN_I,DOORING_I,WORK_ZONE_I,WORK_ZONE_TYPE,WORKERS_PRESENT_I,NUM_UNITS,INJURIES_TOTAL,INJURIES_FATAL,INJURIES_INCAPACITATING,INJURIES_NON_INCAPACITATING,INJURIES_REPORTED_NOT_EVIDENT,INJURIES_NO_INDICATION,INJURIES_UNKNOWN,CRASH_HOUR,CRASH_DAY_OF_WEEK,CRASH_MONTH,LATITUDE,LONGITUDE
0,424991,-1,45,1,2,2,1,10,3,6,0,1,0,0,-1,-1,-1,18,34,331,-1,-1,-1,-1,-1,-1,2,0,0,0,0,0,2,0,13,5,9,41.78050324,-87.57754788
0,424729,-1,30,1,2,2,1,10,5,4,0,1,0,0,1,-1,-1,18,34,1614,-1,-1,-1,-1,-1,-1,2,0,0,0,0,0,2,0,13,5,9,41.98120567,-87.83672855
0,424702,-1,30,0,0,2,1,11,7,1,0,1,-1,0,-1,1,0,0,0,2515,-1,-1,-1,-1,-1,-1,2,0,0,0,0,0,2,0,13,5,9,41.92589288,-87.76620483
0,424668,-1,30,1,2,2,1,7,5,2,0,1,0,0,-1,-1,-1,0,0,1224,-1,1,-1,-1,-1,-1,2,0,0,0,0,0,1,0,13,5,9,41.8800618,-87.66941345
0,424716,-1,35,1,2,2,1,10,5,4,0,1,0,0,1,-1,-1,18,34,331,-1,-1,-1,-1,-1,-1,3,0,0,0,0,0,3,0,13,5,9,41.77343857,-87.56689931
0,425416,0,25,-1,-1,-1,-1,7,5,-1,0,-1,-1,0,-1,-1,1,0,0,1935,-1,-1,-1,-1,-1,-1,2,0,0,0,0,0,1,0,13,5,9,41.92950575,-87.6439433
0,424654,-1,30,0,0,2,1,12,2,-1,0,1,0,1,-1,-1,-1,22,-1,821,-1,1,-1,-1,-1,-1,2,0,0,0,0,0,2,0,13,5,9,41.81905229,-87.72381922
2,424614,-1,30,1,2,2,1,14,5,4,0,1,0,1,1,-1,1,16,11,511,-1,-1,-1,-1,-1,-1,3,1,0,0,1,0,2,0,13,5,9,41.72167364,-87.6205061
0,424890,-1,30,1,2,1,1,14,5,-1,0,1,0,0,1,-1,-1,0,-1,1925,-1,-1,-1,-1,-1,-1,2,0,0,0,0,0,4,0,12,5,9,41.94090916,-87.63936916
2,424644,-1,40,1,2,2,1,10,3,-1,0,1,0,1,1,-1,-1,18,17,1833,-1,-1,-1,-1,-1,-1,2,1,0,0,1,0,1,0,12,5,9,41.89681668,-87.61682704
1,425303,-1,30,-1,-1,-1,-1,0,-1,2,0,-1,-1,1,1,-1,-1,0,0,2022,-1,-1,-1,-1,-1,-1,2,1,0,0,0,1,1,0,12,5,9,41.98556491,-87.66001013
0,424710,-1,30,2,2,2,1,14,5,2,0,1,0,0,1,-1,-1,17,0,233,-1,-1,-1,-1,-1,-1,2,0,0,0,0,0,3,0,12,5,9,41.80224124,-87.5981675
0,424652,-1,30,0,0,1,1,0,5,4,0,1,0,0,-1,-1,-1,20,-1,1231,-1,-1,-1,-1,-1,-1,2,0,0,0,0,0,2,0,12,5,9,41.86924322,-87.67522432
0,424909,-1,30,0,0,2,1,12,5,-1,0,1,0,0,-1,-1,-1,0,0,1925,-1,-1,-1,-1,-1,-1,2,0,0,0,0,0,3,0,12,5,9,41.94009545,-87.64892147
0,424690,-1,30,0,0,2,1,7,5,4,0,1,-1,0,-1,-1,-1,22,22,1922,-1,-1,-1,-1,-1,-1,2,0,0,0,0,0,3,0,12,5,9,41.95326629,-87.66916679
2,424631,-1,30,2,2,1,1,14,5,4,2,1,0,1,1,1,-1,17,15,1411,-1,-1,-1,-1,-1,-1,3,2,0,0,2,0,1,0,12,5,9,41.93202625,-87.69193616
0,424634,-1,35,1,2,2,1,14,2,-1,0,1,-1,1,1,-1,-1,17,-1,1013,-1,-1,-1,-1,-1,-1,2,0,0,0,0,0,3,0,12,5,9,41.84777752,-87.73450597
0,424894,-1,30,-1,-1,-1,-1,12,1,-1,0,-1,-1,0,-1,-1,-1,0,0,2211,-1,-1,-1,-1,-1,-1,2,0,0,0,0,0,2,0,12,5,9,41.70652112,-87.68177199
0,424815,-1,30,1,2,0,1,12,5,3,0,0,0,0,1,-1,-1,22,0,1925,-1,-1,-1,-1,-1,-1,2,0,0,0,0,0,6,0,12,5,9,41.94009235,-87.64914778
0,424707,-1,30,0,0,2,1,12,3,-1,0,1,0,0,-1,-1,-1,21,-1,931,-1,-1,-1,-1,-1,-1,2,0,0,0,0,0,2,0,12,5,9,41.80721018,-87.66508111
0,424988,-1,30,0,0,0,1,7,6,1,0,0,0,0,-1,-1,-1,0,0,122,-1,-1,-1,-1,-1,-1,2,0,0,0,0,0,1,0,12,5,9,41.88453574,-87.63108495
0,424737,-1,0,0,0,2,1,12,12,-1,0,1,0,0,-1,-1,-1,17,17,513,-1,-1,-1,-1,-1,-1,2,0,0,0,0,0,2,0,12,5,9,41.69596933,-87.61239023
0,425175,-1,30,0,0,0,1,7,7,2,0,0,0,0,-1,1,-1,20,20,1224,-1,-1,-1,-1,-1,-1,2,0,0,0,0,0,2,0,12,5,9,41.88181563,-87.64721472
0,424613,-1,0,0,0,2,1,14,5,2,0,1,0,0,1,-1,-1,17,0,323,-1,-1,-1,-1,-1,-1,2,0,0,0,0,0,2,0,12,5,9,41.76007519,-87.61784112
2,424559,-1,30,2,12,2,1,0,5,2,2,1,0,1,1,-1,-1,33,17,314,-1,-1,-1,-1,-1,-1,2,2,0,0,1,1,1,0,12,5,9,41.77861677,-87.5946853
2,424572,-1,30,2,2,0,1,0,2,-1,0,1,0,1,1,-1,-1,17,-1,915,-1,-1,-1,-1,-1,-1,2,1,0,0,1,0,1,0,12,5,9,41.83805126,-87.63882442
0,430296,-1,30,0,0,-1,1,14,5,-1,0,-1,0,0,-1,-1,-1,17,-1,2523,-1,-1,-1,-1,-1,-1,2,0,0,0,0,0,2,0,12,5,9,41.93190772,-87.72652851
0,427059,-1,20,0,0,-1,-1,7,5,2,0,-1,0,0,-1,-1,1,0,0,2433,-1,-1,-1,-1,-1,-1,2,0,0,0,0,0,1,0,12,5,9,41.99371012,-87.6626811
-1,424985,1,10,0,0,1,1,7,7,0,0,1,0,0,-1,1,1,0,0,1214,-1,-1,-1,-1,-1,-1,-1,-1,-1,-1,-1,-1,-1,-1,12,5,9,41.88891817,-87.64447797
0,424840,-1,30,0,0,0,1,7,5,-1,0,0,0,0,-1,-1,1,22,22,511,-1,-1,-1,-1,-1,-1,2,0,0,0,0,0,1,0,12,5,9,41.7120273,-87.62829155
1,424675,-1,0,0,0,2,1,10,5,4,0,1,1,1,-1,-1,1,0,0,634,-1,-1,-1,-1,-1,-1,2,2,0,0,0,2,1,0,11,5,9,41.72175971,-87.62495772
0,424568,-1,30,1,2,2,1,12,6,3,0,1,0,0,-1,-1,-1,22,11,1831,-1,0,-1,-1,-1,-1,2,0,0,0,0,0,2,0,11,5,9,41.89246583,-87.63654818
0,424556,-1,5,12,12,2,1,12,3,11,0,1,0,0,-1,-1,-1,20,-1,412,-1,-1,-1,1,2,1,2,0,0,0,0,0,2,0,11,5,9,-1,-1
0,424723,-1,35,1,2,2,1,10,5,-1,0,1,0,0,-1,-1,1,18,0,813,-1,-1,-1,-1,-1,-1,2,0,0,0,0,0,2,0,11,5,9,41.78564332,-87.74148578
0,424590,-1,0,1,2,2,1,14,12,-1,0,1,0,1,1,-1,-1,17,-1,813,-1,-1,-1,-1,-1,-1,2,0,0,0,0,0,2,0,11,5,9,41.77486638,-87.74231747
0,424579,-1,30,1,2,2,1,0,2,-1,0,1,0,0,-1,-1,-1,17,-1,224,-1,-1,-1,-1,-1,-1,3,0,0,0,0,0,3,0,11,5,9,41.80212441,-87.62175009
0,424565,-1,35,0,0,2,1,12,1,4,0,1,0,1,-1,-1,-1,21,11,1522,-1,-1,-1,-1,-1,-1,2,0,0,0,0,0,3,0,11,5,9,41.88014639,-87.76419037
0,424531,-1,30,1,2,2,1,2,5,-1,0,1,0,0,1,-1,-1,34,-1,2433,-1,-1,-1,-1,-1,-1,1,0,0,0,0,0,1,0,11,5,9,41.99469169,-87.65538033
0,424509,-1,30,1,2,2,1,14,5,4,0,1,0,0,1,-1,-1,0,0,813,-1,-1,-1,-1,-1,-1,2,0,0,0,0,0,2,0,11,5,9,41.78588849,-87.72310659
0,424555,-1,15,0,0,0,1,7,7,2,0,0,0,0,-1,-1,1,17,-1,1832,-1,-1,-1,-1,-1,-1,2,0,0,0,0,0,1,0,11,5,9,41.89816037,-87.62838711
0,424532,-1,30,0,0,2,1,14,2,4,0,1,12,0,-1,-1,1,17,-1,832,-1,-1,-1,1,2,1,2,0,0,0,0,0,2,0,11,5,9,41.76336702,-87.68305775
0,424530,-1,30,1,2,2,1,14,12,4,0,1,0,0,1,-1,-1,17,17,2013,-1,-1,-1,-1,-1,-1,2,0,0,0,0,0,4,0,11,5,9,41.98557605,-87.66017649
0,424580,-1,30,0,0,0,1,7,12,-1,0,0,0,0,-1,-1,-1,11,0,1232,-1,-1,-1,-1,-1,-1,2,0,0,0,0,0,1,0,11,5,9,41.86976697,-87.64588662
0,424574,-1,30,0,0,2,1,0,0,-1,0,1,0,0,-1,-1,1,0,0,1121,-1,-1,-1,-1,-1,-1,2,0,0,0,0,0,2,0,11,5,9,41.90024256,-87.70706278
0,424518,-1,30,0,0,0,1,12,5,2,0,1,0,0,-1,-1,1,21,-1,1512,-1,-1,-1,-1,-1,-1,2,0,0,0,0,0,3,0,11,5,9,41.88230104,-87.76827506
0,424515,-1,30,1,-1,-1,1,14,5,2,0,1,0,1,1,-1,-1,23,-1,1931,-1,-1,-1,-1,-1,-1,2,0,0,0,0,0,2,0,11,5,9,41.93232949,-87.67828272
2,424506,-1,30,1,2,2,1,9,2,-1,0,1,0,1,1,-1,-1,17,-1,811,-1,1,-1,-1,-1,-1,2,1,0,0,1,0,1,0,11,5,9,41.79493631,-87.7681812
0,435317,-1,30,0,0,0,1,7,5,-1,0,0,0,0,-1,-1,1,0,0,1432,-1,-1,-1,-1,-1,-1,2,0,0,0,0,0,1,0,11,5,9,41.92235662,-87.67335949
0,424586,1,30,-1,-1,-1,1,14,5,2,0,-1,-1,0,1,-1,1,-1,-1,332,-1,-1,-1,-1,-1,-1,2,0,0,0,0,0,2,0,11,5,9,41.77153538,-87.57659198
0,424553,-1,35,0,0,2,1,12,2,-1,0,1,0,0,-1,-1,-1,17,11,2222,-1,-1,-1,-1,-1,-1,2,0,0,0,0,0,2,0,11,5,9,41.7357486,-87.65844479
0,424496,-1,30,0,0,2,1,10,5,-1,0,1,-1,1,-1,-1,-1,0,34,1623,-1,-1,-1,-1,-1,-1,2,0,0,0,0,0,2,0,11,5,9,41.96805025,-87.75467237
0,424895,-1,10,0,0,1,1,7,7,1,0,0,0,0,-1,-1,1,0,0,122,-1,-1,-1,-1,-1,-1,2,0,0,0,0,0,1,0,11,5,9,41.87621601,-87.63160214
0,432176,-1,30,2,0,0,1,0,5,-1,0,0,0,0,-1,-1,-1,17,0,332,-1,-1,-1,-1,-1,-1,2,0,0,0,0,0,2,0,11,5,9,41.77153538,-87.57659198
0,426089,-1,35,0,0,2,1,0,7,-1,0,1,0,0,-1,-1,-1,20,-1,914,-1,-1,-1,-1,-1,-1,2,0,0,0,0,0,2,0,11,5,9,41.8529915,-87.63554386
0,425756,-1,20,0,0,2,1,7,6,1,0,1,0,0,-1,-1,-1,0,-1,414,-1,-1,-1,-1,-1,-1,2,0,0,0,0,0,2,0,11,5,9,41.75506002,-87.58354187
0,425658,-1,30,0,0,0,1,7,5,-1,0,0,0,0,-1,-1,-1,0,0,2033,-1,-1,-1,-1,-1,-1,2,0,0,0,0,0,1,0,11,5,9,41.97550737,-87.66189678
0,424519,-1,30,1,2,2,1,7,5,4,0,1,0,0,-1,-1,1,0,-1,835,-1,-1,-1,-1,-1,-1,2,0,0,0,0,0,1,0,11,5,9,41.74984044,-87.68890052
0,424500,-1,0,0,0,2,1,7,7,0,0,1,0,0,-1,1,-1,20,-1,1733,-1,-1,-1,-1,-1,-1,2,0,0,0,0,0,1,0,11,5,9,41.93940617,-87.71082199
0,424576,-1,30,1,2,2,1,10,2,-1,0,1,0,0,-1,-1,-1,0,-1,211,-1,-1,-1,-1,-1,-1,3,0,0,0,0,0,3,0,10,5,9,41.83659827,-87.62689134
0,424493,-1,10,3,2,2,1,0,7,-1,0,1,0,0,-1,-1,-1,34,0,1621,-1,-1,-1,-1,-1,-1,2,0,0,0,0,0,2,0,10,5,9,41.97959355,-87.75858927
2,424468,-1,30,1,2,2,1,14,1,2,0,1,0,1,1,-1,-1,0,0,1513,-1,-1,-1,-1,-1,-1,2,2,0,0,2,0,0,0,10,5,9,41.87664859,-87.76479676
2,424492,-1,30,1,2,1,1,14,6,2,0,1,0,1,-1,-1,-1,23,17,1832,-1,-1,-1,-1,-1,-1,3,1,0,0,1,0,1,0,10,5,9,41.89792469,-87.62966657
0,424474,-1,25,0,0,2,1,12,5,-1,0,1,0,0,-1,-1,1,0,0,812,-1,-1,-1,-1,-1,-1,2,0,0,0,0,0,2,0,10,5,9,41.77404562,-87.785883
2,424454,-1,30,2,2,2,1,11,5,-1,0,1,0,1,-1,-1,-1,34,0,631,-1,-1,-1,-1,-1,-1,2,1,0,0,1,0,5,0,10,5,9,41.74381706,-87.62110748
0,425655,1,30,0,0,2,1,10,5,2,0,1,0,0,-1,-1,-1,0,0,1215,-1,-1,-1,-1,-1,-1,2,0,0,0,0,0,2,0,10,5,9,41.89083335,-87.66961897
0,424477,-1,30,0,0,2,1,10,5,-1,0,1,0,0,-1,-1,-1,16,18,1813,-1,-1,-1,-1,-1,-1,2,0,0,0,0,0,2,0,10,5,9,41.91095138,-87.65301086
0,424422,-1,30,2,2,2,1,0,2,-1,0,1,0,0,-1,-1,-1,0,0,1233,-1,-1,-1,-1,-1,-1,2,0,0,0,0,0,2,0,10,5,9,41.86171513,-87.65660432
4,424418,-1,35,1,-1,2,1,10,5,-1,0,1,-1,1,-1,-1,-1,-1,-1,1533,-1,-1,-1,-1,-1,-1,4,3,1,1,1,0,2,0,10,5,9,41.8659742,-87.74490349
0,424412,-1,30,0,0,2,1,14,5,-1,0,1,1,1,1,-1,-1,23,34,1431,-1,-1,-1,-1,-1,-1,2,0,0,0,0,0,2,0,10,5,9,41.92679327,-87.69732159
0,424447,-1,30,1,2,2,1,14,3,4,0,1,-1,0,-1,-1,-1,23,3,123,-1,-1,-1,-1,-1,-1,2,0,0,0,0,0,2,0,10,5,9,41.87548005,-87.63311003
0,424432,-1,30,2,4,2,1,0,12,-1,0,1,0,0,1,-1,1,0,-1,1223,-1,-1,-1,-1,-1,-1,2,0,0,0,0,0,2,0,10,5,9,41.88563623,-87.68397622
0,424413,-1,30,0,0,2,1,12,5,-1,0,1,0,0,-1,-1,-1,21,0,1214,-1,-1,-1,-1,-1,-1,2,0,0,0,0,0,2,0,9,5,9,41.88581472,-87.64284713
0,424389,-1,30,2,0,2,1,0,6,1,0,1,0,1,1,-1,-1,17,25,1024,-1,-1,-1,-1,-1,-1,3,0,0,0,0,0,3,0,9,5,9,41.85149452,-87.70631705
0,424385,-1,30,1,2,2,1,0,8,-1,0,1,0,1,1,-1,-1,6,17,1834,-1,-1,-1,-1,-1,-1,3,0,0,0,0,0,3,0,9,5,9,41.89197561,-87.61458027
0,424409,-1,30,-1,-1,-1,1,10,12,4,0,-1,-1,0,-1,-1,-1,21,0,1935,-1,-1,-1,-1,-1,-1,2,0,0,0,0,0,3,0,9,5,9,41.92738181,-87.6319054
0,424578,-1,30,1,2,2,1,12,6,-1,0,1,0,0,-1,-1,-1,21,-1,122,-1,-1,-1,-1,-1,-1,2,0,0,0,0,0,2,0,9,5,9,41.88331996,-87.63210739
0,424373,-1,5,0,0,2,1,7,7,-1,2,1,0,0,-1,1,1,1,-1,2533,-1,-1,-1,-1,-1,-1,2,0,0,0,0,0,1,0,9,5,9,41.91474807,-87.74587212
0,424424,-1,30,0,0,2,1,7,3,2,5,1,0,0,-1,-1,-1,34,34,2011,-1,1,-1,-1,-1,-1,2,0,0,0,0,0,1,0,9,5,9,41.98183594,-87.69319768
0,429901,-1,30,0,0,2,1,12,6,3,0,1,0,1,-1,-1,-1,21,17,1834,-1,-1,-1,-1,-1,-1,2,0,0,0,0,0,2,0,9,5,9,41.8925183,-87.61850243
0,424490,-1,30,0,0,2,1,7,5,2,0,1,0,1,-1,-1,1,34,-1,1235,-1,-1,-1,-1,-1,-1,4,0,0,0,0,0,1,0,9,5,9,41.85561317,-87.65894925
0,424407,-1,30,0,0,2,1,12,3,1,5,1,-1,0,-1,-1,-1,17,34,2011,-1,-1,-1,-1,-1,-1,2,0,0,0,0,0,2,0,9,5,9,41.98183594,-87.69319768
0,424376,-1,30,1,1,2,1,7,5,-1,0,1,0,0,-1,-1,1,21,-1,323,-1,-1,-1,-1,-1,-1,2,0,0,0,0,0,1,0,9,5,9,41.76250359,-87.62338156
0,424364,1,30,2,2,2,1,0,2,4,0,1,0,1,1,-1,1,17,5,1613,-1,-1,-1,-1,-1,-1,2,0,0,0,0,0,6,0,9,5,9,41.9743961,-87.81704561
0,424362,-1,30,1,2,2,1,10,5,2,0,1,0,0,-1,-1,-1,34,11,1933,-1,-1,-1,-1,-1,-1,2,0,0,0,0,0,2,0,9,5,9,41.93301205,-87.6491695
0,424399,-1,30,1,2,2,1,14,2,6,0,1,-1,0,1,-1,-1,0,-1,1023,-1,-1,-1,-1,-1,-1,2,0,0,0,0,0,3,0,9,5,9,41.86143892,-87.69575396
1,424347,-1,30,0,0,2,1,14,5,2,0,1,0,1,0,-1,-1,23,11,2531,-1,-1,-1,0,-1,-1,2,3,0,0,0,3,1,0,9,5,9,41.90212684,-87.77409148
0,424405,-1,30,1,2,2,1,14,3,6,0,1,0,0,-1,-1,-1,23,23,1831,-1,-1,-1,-1,-1,-1,2,0,0,0,0,0,2,0,9,5,9,41.88922537,-87.63267412
0,424378,-1,30,0,0,2,1,12,5,-1,0,1,0,0,-1,-1,-1,34,-1,1731,-1,-1,-1,-1,-1,-1,2,0,0,0,0,0,2,0,9,5,9,41.95333028,-87.74606848
0,424352,-1,30,0,0,2,1,10,5,2,0,1,0,0,-1,-1,-1,18,0,824,-1,-1,-1,-1,-1,-1,3,0,0,0,0,0,4,0,9,5,9,41.79020207,-87.70331517
2,424372,-1,30,0,0,2,1,11,5,2,0,1,0,1,-1,-1,-1,0,0,1222,-1,1,-1,-1,-1,-1,2,1,0,0,1,0,1,0,9,5,9,41.88124416,-87.6885125
0,424368,-1,30,0,0,2,1,0,5,2,0,1,0,0,-1,-1,-1,20,20,1215,-1,-1,-1,-1,-1,-1,2,0,0,0,0,0,2,0,9,5,9,41.88581207,-87.66092294
0,424360,-1,30,0,0,2,1,12,5,-1,0,1,0,0,-1,-1,1,0,-1,1223,-1,-1,-1,-1,-1,-1,2,0,0,0,0,0,3,0,9,5,9,41.88765477,-87.68400577
0,424361,-1,30,0,0,2,1,5,5,-1,0,1,0,0,-1,-1,1,23,-1,931,-1,-1,-1,1,-1,1,1,0,0,0,0,0,1,0,9,5,9,41.80319511,-87.67048498
0,424346,-1,30,1,2,2,1,14,6,1,0,1,0,0,-1,-1,-1,23,-1,2032,-1,-1,-1,-1,-1,-1,2,0,0,0,0,0,2,0,9,5,9,41.9754779,-87.68412599
0,424340,-1,30,0,0,2,1,12,5,-1,0,1,0,0,-1,-1,-1,17,-1,2012,-1,-1,-1,-1,-1,-1,2,0,0,0,0,0,2,0,9,5,9,41.97602643,-87.68742458
0,446029,-1,30,1,2,2,1,12,5,-1,0,1,0,0,-1,-1,-1,0,-1,1125,-1,-1,-1,-1,-1,-1,2,0,0,0,0,0,2,0,9,5,9,41.88105099,-87.68653217
0,800265,-1,15,0,0,2,1,7,5,3,0,1,0,0,-1,-1,-1,22,14,1651,-1,-1,-1,-1,-1,-1,2,0,0,0,0,0,3,0,9,5,9,-1,-1
0,458220,1,30,0,0,-1,-1,7,6,-1,0,-1,-1,0,-1,-1,1,0,0,2023,-1,-1,-1,-1,-1,-1,2,0,0,0,0,0,1,0,9,5,9,41.97982025,-87.65665641
0,433374,-1,10,0,0,-1,1,2,0,1,0,-1,3,0,-1,1,-1,0,-1,431,-1,-1,-1,-1,-1,-1,1,0,0,0,0,0,1,0,9,5,9,41.72149147,-87.55535095
0,424870,-1,35,1,2,2,1,12,5,-1,0,0,0,0,-1,-1,1,0,0,832,-1,-1,-1,-1,-1,-1,2,0,0,0,0,0,2,0,9,5,9,41.76518473,-87.68340217
0,424459,-1,15,0,0,2,1,0,0,-1,0,1,0,0,-1,-1,-1,0,0,1532,-1,-1,-1,-1,-1,-1,2,0,0,0,0,0,2,0,9,5,9,41.8842302,-87.75392744
0,424338,-1,30,0,0,2,1,12,5,2,0,1,0,0,-1,-1,-1,17,22,1812,-1,-1,-1,-1,-1,-1,2,0,0,0,0,0,2,0,9,5,9,41.92332321,-87.63925872
0,424304,-1,30,1,2,2,1,14,5,-1,0,1,0,0,-1,-1,-1,23,23,1723,-1,-1,-1,-1,-1,-1,2,0,0,0,0,0,2,0,9,5,9,41.96808471,-87.72787552
0,424348,-1,30,0,0,2,1,0,0,-1,0,1,0,0,-1,-1,-1,17,17,1712,-1,-1,-1,-1,-1,-1,2,0,0,0,0,0,2,0,8,5,9,41.97022499,-87.72325739
0,434293,-1,30,2,2,0,1,10,5,-1,0,0,0,0,1,-1,-1,25,0,213,-1,-1,-1,-1,-1,-1,2,0,0,0,0,0,2,0,8,5,9,41.81821131,-87.62646332
0,424379,-1,30,0,0,2,2,0,5,2,0,1,0,1,1,-1,-1,11,-1,524,-1,-1,-1,-1,-1,-1,2,0,0,0,0,0,2,0,8,5,9,41.6776853,-87.64448792
0,424332,-1,30,0,0,2,1,14,5,-1,0,1,0,0,-1,-1,-1,34,0,1924,-1,-1,-1,-1,-1,-1,2,0,0,0,0,0,2,0,8,5,9,41.94532593,-87.6616948
0,424325,-1,30,0,0,2,1,10,5,-1,0,1,-1,0,-1,-1,-1,0,0,1512,-1,-1,-1,-1,-1,-1,3,0,0,0,0,0,3,0,8,5,9,41.88691626,-87.77472855
0,424416,-1,30,0,0,2,1,14,5,2,0,1,0,0,-1,-1,-1,17,23,1814,-1,-1,-1,-1,-1,-1,2,0,0,0,0,0,3,0,8,5,9,41.92536683,-87.63795529
0,424309,-1,30,1,2,2,1,0,2,-1,0,1,0,1,1,-1,-1,17,17,1223,-1,-1,-1,-1,-1,-1,2,0,0,0,0,0,3,0,8,5,9,41.88149866,-87.6718102
0,424289,-1,40,0,0,2,1,10,3,-1,0,1,0,1,-1,-1,-1,34,16,132,-1,-1,-1,-1,-1,-1,3,0,0,0,0,0,3,0,8,5,9,41.8692329,-87.61702003
0,424287,-1,30,1,2,2,1,10,5,-1,0,1,0,0,1,-1,-1,18,34,1411,-1,-1,-1,-1,-1,-1,2,0,0,0,0,0,5,0,8,5,9,41.93198586,-87.69767895
0,427579,-1,30,1,2,0,1,12,5,-1,0,0,0,0,-1,-1,1,16,0,634,-1,-1,-1,-1,-1,-1,2,0,0,0,0,0,3,0,8,5,9,41.72189473,-87.62042325
0,425020,-1,35,0,0,0,1,7,5,-1,0,0,0,0,-1,-1,1,0,0,811,-1,-1,-1,-1,-1,-1,2,0,0,0,0,0,1,0,8,5,9,41.79384924,-87.78170612
0,424433,-1,30,0,0,2,1,10,5,4,0,1,0,0,-1,-1,-1,18,18,1235,-1,-1,-1,-1,-1,-1,2,0,0,0,0,0,2,0,8,5,9,41.85996191,-87.63886501
0,424334,-1,30,1,2,2,1,10,3,-1,2,1,0,0,-1,-1,1,18,-1,914,-1,-1,-1,-1,-1,-1,2,0,0,0,0,0,3,0,8,5,9,41.85215851,-87.6383709
0,424414,-1,30,1,2,2,2,10,2,1,0,1,0,0,1,-1,-1,34,0,1231,-1,-1,-1,-1,-1,-1,3,0,0,0,0,0,3,0,8,5,9,41.87822558,-87.66686493
0,424282,-1,30,0,0,2,1,14,5,-1,0,1,0,0,1,-1,-1,0,0,825,-1,-1,-1,-1,-1,-1,2,0,0,0,0,0,4,0,8,5,9,41.77934936,-87.68492729
0,424286,-1,30,1,2,2,1,3,6,1,0,1,-1,0,-1,-1,-1,0,-1,1021,-1,-1,-1,-1,-1,-1,2,0,0,0,0,0,3,0,8,5,9,41.85627296,-87.71040323
0,424299,-1,30,0,0,2,1,0,5,-1,0,1,0,0,1,-1,-1,4,17,1722,-1,-1,-1,-1,-1,-1,2,0,0,0,0,0,2,0,8,5,9,41.96246974,-87.73215028
2,424272,-1,30,1,2,2,1,10,2,-1,0,1,0,1,-1,-1,-1,18,-1,833,-1,1,-1,-1,-1,-1,2,1,0,0,1,0,1,0,8,5,9,41.76038824,-87.74162717
2,424256,-1,35,0,0,2,1,2,5,-1,0,1,0,1,-1,1,-1,0,0,812,-1,-1,-1,-1,-1,-1,1,1,0,0,1,0,0,0,8,5,9,41.77389261,-87.79569685
0,424293,-1,30,1,2,2,1,10,5,2,0,1,0,0,-1,-1,-1,0,-1,822,-1,-1,-1,-1,-1,-1,2,0,0,0,0,0,3,0,8,5,9,41.79319818,-87.71612172
0,424249,-1,30,2,2,2,1,0,5,4,0,1,0,1,1,1,-1,17,16,2413,-1,-1,-1,-1,-1,-1,2,0,0,0,0,0,2,0,8,5,9,41.9904988,-87.70440363
0,424260,-1,30,0,0,2,1,0,5,2,0,1,0,0,1,-1,1,0,-1,2533,-1,-1,-1,-1,-1,-1,2,0,0,0,0,0,2,0,8,5,9,41.9109156,-87.73871933
0,424318,-1,30,1,2,2,1,12,6,3,0,1,0,0,1,-1,-1,17,17,121,-1,-1,-1,-1,-1,-1,2,0,0,0,0,0,2,0,8,5,9,41.87924356,-87.6397457
0,424248,-1,30,0,0,2,1,7,5,1,0,1,0,1,1,-1,-1,34,-1,1623,-1,-1,-1,-1,-1,-1,2,0,0,0,0,0,1,0,8,5,9,41.96973941,-87.74805181
0,424564,-1,0,0,0,2,1,14,5,4,0,1,0,0,-1,-1,-1,23,17,2523,-1,-1,-1,-1,-1,-1,2,0,0,0,0,0,4,0,8,5,9,41.93188215,-87.72816951
0,424284,-1,25,0,0,2,1,7,5,-1,0,1,0,0,-1,-1,-1,21,0,1711,-1,-1,-1,-1,-1,-1,2,0,0,0,0,0,1,0,8,5,9,41.9905721,-87.74328587
0,424238,-1,20,2,2,2,1,14,2,4,0,1,12,0,-1,-1,-1,17,17,815,-1,-1,-1,-1,-1,-1,2,0,0,0,0,0,2,0,8,5,9,41.80787051,-87.7322708
0,242228,-1,30,0,0,2,1,7,4,-1,0,1,0,0,-1,-1,-1,0,-1,221,-1,0,-1,-1,-1,-1,2,0,0,0,0,0,1,0,8,5,9,41.80962191,-87.60671399
0,425043,-1,30,0,0,2,1,14,5,-1,0,1,0,0,-1,-1,-1,0,0,1423,-1,-1,-1,-1,-1,-1,2,0,0,0,0,0,2,0,7,5,9,41.91018898,-87.68916322
0,424261,-1,30,0,0,2,1,10,5,2,0,1,0,1,1,-1,-1,16,34,1111,-1,-1,-1,-1,-1,-1,2,0,0,0,0,0,2,0,7,5,9,41.89728886,-87.72629048