MOST_SEVERE_INJURY,RD_NO,CRASH_DATE_EST_I,POSTED_SPEED_LIMIT,TRAFFIC_CONTROL_DEVICE,DEVICE_CONDITION,WEATHER_CONDITION,LIGHTING_CONDITION,FIRST_CRASH_TYPE,TRAFFICWAY_TYPE,LANE_CNT,ALIGNMENT,ROADWAY_SURFACE_COND,ROAD_DEFECT,CRASH_TYPE,INTERSECTION_RELATED_I,NOT_RIGHT_OF_WAY_I,HIT_AND_RUN_I,PRIM_CONTRIBUTORY_CAUSE,SEC_CONTRIBUTORY_CAUSE,BEAT_OF_OCCURRENCE,PHOTOS_TAKEN_I,STATEMENTS_TAKEN_I,DOORING_I,WORK_ZONE_I,WORK_ZONE_TYPE,WORKERS_PRESENT_I,NUM_UNITS,INJURIES_TOTAL,INJURIES_FATAL,INJURIES_INCAPACITATING,INJURIES_NON_INCAPACITATING,INJURIES_REPORTED_NOT_EVIDENT,INJURIES_NO_INDICATION,INJURIES_UNKNOWN,CRASH_HOUR,CRASH_DAY_OF_WEEK,CRASH_MONTH,LATITUDE,LONGITUDE
0,424442,-1,30,-1,-1,2,1,10,5,-1,0,1,-1,0,-1,-1,-1,34,-1,2531,-1,-1,-1,0,-1,-1,2,0,0,0,0,0,2,0,7,5,9,41.9112736,-87.76572179
0,424303,-1,30,0,0,5,1,10,5,-1,0,1,4,0,-1,-1,-1,18,34,524,-1,-1,-1,-1,-1,-1,2,0,0,0,0,0,2,0,7,5,9,41.67226409,-87.6418692
0,424242,-1,30,0,0,2,1,10,2,2,0,1,0,0,-1,-1,-1,18,0,1432,-1,-1,-1,-1,-1,-1,2,0,0,0,0,0,2,0,7,5,9,41.91959524,-87.67783433
0,424244,-1,30,2,2,2,1,14,2,-1,0,1,0,1,1,-1,-1,5,-1,931,-1,-1,-1,-1,-1,-1,2,0,0,0,0,0,2,0,7,5,9,41.80486467,-87.67444608
0,424886,-1,30,12,12,2,1,0,2,3,0,-1,-1,0,-1,-1,1,22,22,1213,-1,-1,-1,-1,-1,-1,2,0,0,0,0,0,2,0,7,5,9,41.89974387,-87.65649546
0,424240,-1,30,12,12,2,1,12,2,4,0,1,12,0,-1,-1,-1,22,17,1613,-1,-1,-1,-1,-1,-1,2,0,0,0,0,0,2,0,7,5,9,41.97936406,-87.78795077
0,424218,-1,20,0,0,2,1,7,5,-1,0,1,0,0,-1,-1,-1,21,-1,912,-1,-1,-1,-1,-1,-1,2,0,0,0,0,0,2,0,7,5,9,41.829365,-87.66778007
0,424243,-1,30,0,0,2,1,14,5,5,0,1,0,0,-1,-1,1,17,-1,1621,-1,-1,-1,-1,-1,-1,2,0,0,0,0,0,2,0,7,5,9,41.99575249,-87.76311007
0,424305,-1,35,2,2,2,1,14,3,-1,0,1,0,0,1,-1,-1,17,-1,1532,-1,-1,-1,-1,-1,-1,3,0,0,0,0,0,6,0,7,5,9,41.893114,-87.74589078
0,424593,-1,40,0,0,2,1,10,6,-1,0,1,0,0,-1,-1,-1,0,0,1935,-1,-1,-1,-1,-1,-1,2,0,0,0,0,0,2,0,7,5,9,41.92616072,-87.63151467
0,424198,-1,20,0,0,2,1,0,5,2,0,1,0,1,-1,-1,-1,20,34,2513,-1,-1,-1,-1,-1,-1,2,0,0,0,0,0,3,0,7,5,9,41.91463964,-87.79072029
0,426454,-1,30,0,0,0,1,7,5,-1,0,-1,-1,0,-1,-1,1,0,-1,1034,-1,-1,-1,-1,-1,-1,2,0,0,0,0,0,1,0,7,5,9,41.8516025,-87.66833348
0,424205,-1,15,0,0,2,1,11,5,-1,0,1,0,0,-1,-1,1,17,11,1723,-1,-1,-1,-1,-1,-1,2,0,0,0,0,0,2,0,7,5,9,41.96802942,-87.7183936
0,424206,-1,30,1,2,2,1,10,3,3,0,1,0,0,1,-1,1,0,-1,225,-1,-1,-1,-1,-1,-1,3,0,0,0,0,0,4,0,7,5,9,41.7947522,-87.62561859
0,424294,-1,25,2,2,2,1,0,5,2,0,1,0,0,-1,-1,-1,17,-1,1613,-1,-1,-1,-1,-1,-1,2,0,0,0,0,0,2,0,7,5,9,41.98096472,-87.78782541
2,424192,-1,30,0,0,2,1,4,6,1,0,1,1,1,-1,-1,-1,29,25,1524,-1,-1,-1,1,2,-1,1,1,0,0,1,0,0,0,7,5,9,41.89402194,-87.76338597
0,424421,-1,30,4,0,2,1,12,2,2,0,1,0,0,1,-1,-1,34,17,1631,-1,-1,-1,-1,-1,-1,2,0,0,0,0,0,2,0,7,5,9,41.93792507,-87.82269134
0,424224,-1,30,0,0,2,1,10,5,-1,0,1,0,0,-1,-1,-1,16,15,2535,-1,-1,-1,-1,-1,-1,2,0,0,0,0,0,2,0,7,5,9,41.90613155,-87.72626019
0,424188,-1,30,0,0,2,1,7,6,-1,0,1,0,0,-1,-1,1,17,-1,831,-1,-1,-1,-1,-1,-1,2,0,0,0,0,0,1,0,7,5,9,41.76411258,-87.68919884
0,424927,-1,30,2,2,2,1,0,5,-1,0,1,0,0,1,-1,-1,17,-1,1622,-1,-1,-1,-1,-1,-1,2,0,0,0,0,0,2,0,7,5,9,41.98112442,-87.78762269
2,424194,-1,30,0,0,2,1,14,5,-1,0,1,0,1,-1,-1,-1,23,0,811,-1,-1,-1,-1,-1,-1,2,2,0,0,2,0,1,0,7,5,9,41.7999001,-87.76611848
0,426619,-1,15,0,0,2,1,0,7,-1,0,1,0,0,-1,1,-1,20,7,2211,-1,-1,-1,-1,-1,-1,2,0,0,0,0,0,2,0,7,5,9,41.69168075,-87.70051618
0,425048,-1,35,2,2,2,1,0,5,-1,0,1,0,0,1,-1,-1,17,0,833,-1,-1,-1,-1,-1,-1,2,0,0,0,0,0,4,0,7,5,9,41.77155776,-87.7177987
0,425045,-1,30,1,2,2,1,10,5,-1,0,1,0,0,-1,-1,1,-1,-1,734,-1,-1,-1,-1,-1,-1,2,0,0,0,0,0,2,0,7,5,9,41.75963823,-87.6541219
0,424670,-1,30,-1,-1,0,1,12,5,2,0,-1,-1,0,-1,-1,1,0,0,1621,-1,-1,-1,-1,-1,-1,2,0,0,0,0,0,2,0,7,5,9,41.99745886,-87.76575419
0,424473,-1,30,0,0,2,1,0,5,2,0,1,0,0,-1,-1,-1,0,0,811,-1,-1,-1,-1,-1,-1,2,0,0,0,0,0,2,0,7,5,9,41.79834603,-87.76271646
0,424239,-1,30,0,0,2,1,10,5,-1,0,1,0,1,-1,-1,-1,16,18,2234,-1,-1,-1,-1,-1,-1,2,0,0,0,0,0,2,0,7,5,9,41.67745834,-87.67153658
0,424184,-1,30,4,0,2,1,0,5,2,0,0,-1,0,-1,-1,-1,32,33,225,-1,-1,-1,-1,-1,-1,2,0,0,0,0,0,2,0,7,5,9,41.79278004,-87.624184
2,424178,-1,30,1,2,2,1,10,3,3,0,1,0,1,-1,-1,-1,18,34,225,-1,-1,-1,-1,-1,-1,4,2,0,0,2,0,2,0,6,5,9,41.79421675,-87.62459189
0,424222,-1,30,0,0,2,1,10,3,-1,0,1,0,0,-1,-1,-1,34,0,1935,-1,-1,-1,-1,-1,-1,2,0,0,0,0,0,2,0,6,5,9,41.92733514,-87.63188795
0,425129,-1,35,2,-1,0,1,12,3,-1,0,0,-1,0,-1,-1,-1,30,7,622,-1,-1,-1,-1,-1,-1,2,0,0,0,0,0,2,0,6,5,9,41.73637604,-87.62562131
0,424182,-1,30,1,2,2,1,14,2,-1,0,1,0,0,-1,-1,-1,-1,-1,911,-1,-1,-1,-1,-1,-1,2,0,0,0,0,0,2,0,6,5,9,41.83212713,-87.69502146
0,424197,-1,40,0,0,2,1,10,3,8,0,1,0,0,-1,-1,-1,17,22,114,-1,-1,-1,-1,-1,-1,2,0,0,0,0,0,2,0,6,5,9,41.87958569,-87.61737571
0,425169,1,30,0,0,-1,-1,7,6,1,0,-1,0,0,-1,-1,1,0,-1,2535,-1,-1,-1,-1,-1,-1,2,0,0,0,0,0,1,0,6,5,9,41.90643278,-87.72160597
2,424173,-1,30,1,2,2,3,0,2,4,0,1,0,1,1,-1,-1,6,16,823,-1,-1,-1,-1,-1,-1,5,2,0,0,2,0,4,0,6,5,9,41.77901991,-87.69353548
0,426228,-1,30,1,2,0,1,10,2,4,0,0,0,0,-1,-1,1,16,11,822,-1,-1,-1,-1,-1,-1,2,0,0,0,0,0,2,0,6,5,9,41.80072726,-87.70391022
0,424159,-1,10,0,0,2,2,7,7,0,0,1,0,0,-1,1,-1,17,34,513,-1,-1,-1,-1,-1,-1,2,0,0,0,0,0,1,0,5,5,9,41.69294194,-87.60460692
1,425861,-1,30,0,0,2,1,10,5,2,0,1,0,1,-1,-1,-1,0,0,1713,-1,-1,-1,-1,-1,-1,2,2,0,0,0,2,1,0,5,5,9,41.9691051,-87.70864355
0,424302,-1,30,0,0,2,3,10,2,-1,0,1,0,0,-1,-1,-1,0,-1,1722,-1,-1,-1,-1,-1,-1,2,0,0,0,0,0,4,0,5,5,9,41.95718283,-87.74727171
0,424169,1,30,-1,-1,-1,3,14,3,-1,0,-1,-1,0,1,-1,1,-1,-1,225,-1,-1,-1,-1,-1,-1,2,0,0,0,0,0,2,0,5,5,9,-1,-1
0,424199,1,30,0,0,2,3,7,6,1,0,1,0,0,-1,-1,1,11,0,524,-1,-1,-1,-1,-1,-1,2,0,0,0,0,0,1,0,5,5,9,41.67959074,-87.63569437
0,424152,-1,0,0,0,2,3,12,5,1,0,1,0,0,-1,-1,1,0,0,1421,-1,-1,-1,-1,-1,-1,2,0,0,0,0,0,2,0,4,5,9,41.9125789,-87.70696482
0,424149,-1,30,1,2,2,3,12,1,-1,0,1,0,1,1,-1,1,0,-1,1532,-1,-1,-1,-1,-1,-1,2,0,0,0,0,0,2,0,4,5,9,41.88187971,-87.74548925
0,425069,-1,30,0,3,2,1,10,2,-1,0,1,-1,0,-1,-1,1,0,-1,424,-1,-1,-1,-1,-1,-1,2,0,0,0,0,0,2,0,4,5,9,41.73732804,-87.54015507
0,424143,-1,30,1,2,2,3,10,2,2,0,1,0,0,1,-1,-1,18,34,1622,-1,-1,-1,-1,-1,-1,2,0,0,0,0,0,2,0,4,5,9,41.96052922,-87.77207205
0,424115,-1,20,-1,0,2,4,7,5,2,0,1,0,0,-1,-1,1,0,11,1614,-1,-1,-1,-1,-1,-1,3,0,0,0,0,0,1,0,2,5,9,41.95224736,-87.83279815
0,427372,-1,30,2,0,0,0,10,2,-1,0,0,0,0,-1,-1,1,0,0,1233,-1,-1,-1,-1,-1,-1,2,0,0,0,0,0,3,0,1,5,9,41.86670668,-87.67639524
-1,424098,-1,35,0,0,0,0,7,2,4,0,1,0,0,-1,-1,-1,21,11,1431,-1,-1,-1,-1,-1,-1,-1,-1,-1,-1,-1,-1,-1,-1,1,5,9,41.92000942,-87.68763471
0,424082,-1,25,1,2,2,3,12,2,-1,0,1,0,0,1,-1,1,21,0,833,-1,-1,-1,-1,-1,-1,2,0,0,0,0,0,2,0,0,5,9,41.7568764,-87.72232174
0,424081,-1,30,1,2,2,3,12,5,-1,0,1,0,0,-1,-1,-1,17,0,2213,-1,-1,-1,-1,-1,-1,2,0,0,0,0,0,6,0,23,4,9,41.70746921,-87.65647256
1,424066,-1,30,1,2,2,3,14,1,3,0,1,-1,1,1,-1,-1,23,16,1931,-1,1,-1,-1,-1,-1,3,1,0,0,0,1,4,0,23,4,9,41.92526057,-87.66820647
0,424061,-1,30,0,0,12,3,2,6,1,0,1,0,1,-1,-1,-1,27,-1,1934,-1,-1,-1,-1,-1,-1,1,0,0,0,0,0,1,0,23,4,9,41.94027995,-87.63864632
0,424046,-1,25,0,0,2,3,7,6,1,0,1,0,1,-1,-1,1,0,-1,1732,-1,-1,-1,-1,-1,-1,4,0,0,0,0,0,1,0,23,4,9,41.94097252,-87.71442105
0,424049,-1,30,0,0,0,3,7,6,1,0,0,0,0,-1,-1,0,32,16,1122,-1,-1,-1,-1,-1,-1,2,0,0,0,0,0,1,0,23,4,9,41.88692614,-87.72144796
2,424042,0,30,8,2,0,3,7,5,2,0,1,0,1,-1,-1,-1,7,0,1222,-1,-1,-1,-1,-1,-1,2,1,0,0,1,0,1,0,22,4,9,41.88635918,-87.70237645
0,424127,-1,30,1,2,2,3,14,6,3,0,1,3,0,-1,-1,1,23,23,112,-1,-1,-1,-1,-1,-1,2,0,0,0,0,0,2,0,22,4,9,41.88068672,-87.62951526
0,423999,-1,30,1,2,0,3,12,2,4,0,1,0,1,1,-1,-1,21,0,1111,-1,-1,-1,-1,-1,-1,2,0,0,0,0,0,2,0,22,4,9,41.89547675,-87.72614436
0,424766,-1,30,1,2,0,3,2,5,2,0,1,0,0,-1,-1,-1,29,-1,1621,-1,-1,-1,-1,-1,-1,1,0,0,0,0,0,1,0,22,4,9,41.97539461,-87.7517466
2,424010,-1,30,1,2,2,3,8,2,4,0,1,0,1,-1,-1,1,16,0,2431,-1,-1,-1,-1,-1,-1,2,1,0,0,1,0,1,0,22,4,9,42.00686224,-87.66147741
2,423992,-1,30,1,2,2,3,3,5,4,0,1,0,1,1,-1,1,6,25,1432,-1,-1,-1,-1,-1,-1,2,1,0,0,1,0,2,0,22,4,9,41.9255365,-87.67838699
0,423982,-1,30,0,0,2,3,2,3,2,0,1,0,0,-1,-1,-1,0,-1,1623,-1,-1,-1,-1,-1,-1,1,0,0,0,0,0,1,0,22,4,9,41.96791346,-87.74804877
0,429869,-1,15,0,0,0,3,5,0,1,0,0,1,0,-1,-1,-1,-1,-1,1631,-1,-1,-1,-1,-1,-1,1,0,0,0,0,0,1,0,22,4,9,41.93792507,-87.82269134
0,433090,-1,20,0,0,-1,3,2,6,1,0,-1,0,0,-1,1,1,0,-1,1623,0,-1,-1,-1,-1,-1,1,0,0,0,0,0,1,0,21,4,9,41.96974022,-87.74797662
0,424625,-1,30,1,2,2,3,10,2,4,0,1,0,0,1,-1,1,0,-1,1513,-1,-1,-1,-1,-1,-1,3,0,0,0,0,0,3,0,21,4,9,41.87277222,-87.76473185
2,423967,-1,30,1,2,2,0,9,5,2,0,1,0,1,-1,-1,-1,17,23,1011,-1,-1,-1,-1,-1,-1,2,1,0,0,1,0,4,0,21,4,9,41.86607934,-87.725306
1,425233,-1,35,1,2,2,0,14,5,-1,0,1,0,1,-1,-1,-1,0,0,834,-1,-1,-1,-1,-1,-1,2,1,0,0,0,1,1,0,21,4,9,41.74091107,-87.74092286
0,424091,-1,35,0,0,0,3,8,5,2,0,0,0,0,-1,-1,-1,0,0,1914,-1,-1,1,-1,-1,-1,2,0,0,0,0,0,1,0,21,4,9,41.96449784,-87.65463111
0,423950,-1,30,0,0,2,3,2,5,-1,0,1,0,1,-1,-1,-1,-1,-1,1513,-1,-1,-1,-1,-1,-1,1,0,0,0,0,0,2,0,21,4,9,41.87718864,-87.76822698
2,424697,-1,30,-1,-1,-1,-1,8,5,-1,0,-1,-1,1,-1,-1,1,0,-1,1914,-1,-1,-1,-1,-1,-1,2,1,0,0,1,0,1,0,21,4,9,41.9644019,-87.65492251
0,423940,-1,35,0,0,2,3,14,5,2,0,1,12,1,1,-1,-1,34,-1,712,-1,-1,-1,-1,-1,-1,2,0,0,0,0,0,2,0,21,4,9,41.7868114,-87.65362109
0,423931,-1,25,0,0,2,3,7,6,1,0,1,0,1,-1,-1,-1,25,-1,812,-1,-1,-1,-1,-1,-1,6,0,0,0,0,0,1,0,21,4,9,41.77534042,-87.76670453
2,424114,-1,30,1,2,2,3,0,6,-1,0,1,12,1,0,-1,1,0,0,623,-1,-1,-1,-1,-1,-1,2,2,0,0,2,0,1,0,21,4,9,41.75091814,-87.62469012
0,424075,-1,30,-1,-1,-1,-1,10,2,4,0,-1,-1,0,-1,-1,-1,18,18,1421,-1,-1,-1,-1,-1,-1,2,0,0,0,0,0,2,0,21,4,9,41.91729425,-87.70654529
0,423957,-1,30,1,2,2,3,14,5,4,0,1,-1,0,1,-1,1,17,23,1931,-1,-1,-1,-1,-1,-1,2,0,0,0,0,0,2,0,21,4,9,41.92526057,-87.66820647
1,423938,-1,30,1,2,2,0,10,5,4,0,1,0,1,1,-1,-1,11,0,833,-1,-1,-1,-1,-1,-1,2,1,0,0,0,1,1,0,21,4,9,41.77458191,-87.74200637
0,424264,-1,10,0,0,2,3,0,7,-1,0,1,-1,0,-1,1,-1,0,-1,124,0,-1,-1,-1,-1,-1,2,0,0,0,0,0,2,0,20,4,9,41.86808266,-87.63936542
3,423946,-1,30,2,2,0,3,3,5,4,0,1,0,1,1,-1,-1,17,0,1235,-1,-1,-1,-1,-1,-1,2,3,0,3,0,0,0,0,20,4,9,-1,-1
0,423880,-1,30,0,0,2,0,10,5,-1,0,1,0,0,-1,-1,1,0,0,1013,-1,-1,-1,-1,-1,-1,2,0,0,0,0,0,2,0,20,4,9,41.84608939,-87.71864755
0,423941,-1,30,1,2,2,3,10,5,4,0,1,0,0,1,-1,-1,0,0,1834,-1,-1,-1,-1,-1,-1,2,0,0,0,0,0,4,0,20,4,9,41.89023766,-87.62044314
0,423872,-1,35,1,2,0,3,10,3,3,0,0,0,0,-1,-1,1,18,0,312,-1,-1,-1,-1,-1,-1,2,0,0,0,0,0,6,0,20,4,9,41.78000828,-87.62552251
0,425336,-1,35,1,12,0,0,14,2,2,0,0,0,0,1,-1,-1,23,23,1624,-1,-1,-1,-1,-1,-1,2,0,0,0,0,0,2,0,20,4,9,41.95666398,-87.78655538
3,423850,-1,30,0,0,0,3,14,2,4,0,1,0,1,-1,-1,-1,0,-1,1722,-1,-1,-1,-1,-1,-1,2,2,0,1,1,0,2,0,19,4,9,41.96802506,-87.73783771
0,423848,-1,30,-1,-1,-1,0,14,5,-1,0,-1,0,0,-1,-1,-1,0,-1,1915,-1,-1,-1,-1,-1,-1,2,0,0,0,0,0,2,0,19,4,9,41.95601827,-87.6513131
1,423842,-1,20,0,0,1,3,12,6,1,0,12,0,1,-1,-1,-1,22,16,1733,-1,-1,-1,-1,-1,-1,2,1,0,0,0,1,3,0,19,4,9,41.94040212,-87.70505394
2,423834,-1,30,0,0,1,3,12,6,-1,0,0,0,1,-1,-1,-1,21,-1,1831,-1,-1,-1,-1,-1,-1,2,1,0,0,1,0,2,0,19,4,9,41.89091677,-87.63213977
0,423851,-1,30,0,0,0,0,7,5,-1,0,0,0,0,-1,-1,1,0,0,1032,-1,-1,-1,-1,-1,-1,2,0,0,0,0,0,1,0,19,4,9,41.8350292,-87.715902
0,424366,-1,30,0,0,2,0,10,5,4,0,1,0,0,-1,-1,-1,17,17,1832,-1,-1,-1,-1,-1,-1,2,0,0,0,0,0,2,0,19,4,9,41.8972544,-87.63286836
0,423836,-1,30,0,0,0,4,14,5,-1,0,0,0,0,-1,-1,-1,0,-1,1424,-1,-1,-1,-1,-1,-1,3,0,0,0,0,0,2,0,19,4,9,41.90416781,-87.67713815
2,426310,-1,30,0,0,0,4,10,5,2,0,0,0,1,1,-1,-1,0,0,1213,-1,-1,-1,-1,-1,-1,3,1,0,0,1,0,2,0,19,4,9,41.90319692,-87.66988006
0,423890,-1,30,0,0,0,3,12,5,4,0,1,0,0,-1,-1,-1,0,-1,2533,-1,-1,-1,1,-1,-1,2,0,0,0,0,0,2,0,19,4,9,41.90975561,-87.74460633
0,423867,-1,35,0,0,0,4,12,5,4,0,0,0,0,-1,-1,-1,21,21,1431,-1,-1,-1,-1,-1,-1,2,0,0,0,0,0,2,0,19,4,9,41.92832236,-87.68790944
0,423833,-1,35,0,0,0,1,7,5,2,0,0,0,0,-1,-1,-1,0,0,1024,-1,-1,-1,-1,-1,-1,2,0,0,0,0,0,1,0,19,4,9,41.85350286,-87.7091042
0,423817,-1,30,1,-1,0,1,14,2,-1,0,-1,-1,0,1,-1,-1,17,-1,911,-1,-1,-1,-1,-1,-1,2,0,0,0,0,0,3,0,19,4,9,41.8377949,-87.68514875
1,423787,-1,25,2,2,2,1,8,6,1,0,1,12,1,-1,-1,-1,34,0,2032,-1,-1,-1,-1,-1,-1,2,1,0,0,0,1,1,0,18,4,9,41.97537793,-87.66840509
0,425220,-1,30,1,2,0,1,10,2,2,0,0,0,0,-1,-1,-1,18,17,1712,-1,-1,-1,-1,-1,-1,2,0,0,0,0,0,2,0,18,4,9,41.98274034,-87.72828337
0,423798,-1,25,0,0,0,4,7,6,1,0,0,0,0,-1,-1,1,20,0,831,-1,-1,-1,-1,-1,-1,2,0,0,0,0,0,1,0,18,4,9,41.76112822,-87.70135109
0,423829,-1,30,2,2,0,1,0,5,2,0,0,0,0,1,-1,-1,17,-1,1013,-1,-1,-1,-1,-1,-1,2,0,0,0,0,0,7,0,18,4,9,41.84601268,-87.72352195
0,423862,-1,30,0,0,0,1,7,6,-1,0,0,0,0,-1,-1,-1,17,17,813,-1,-1,-1,-1,-1,-1,2,0,0,0,0,0,1,0,18,4,9,41.79128371,-87.74169687
0,423773,-1,30,0,0,0,4,2,5,-1,0,1,0,1,-1,-1,-1,28,-1,1934,-1,-1,-1,-1,-1,-1,1,0,0,0,0,0,1,0,18,4,9,41.93294171,-87.64482829
0,423814,-1,15,0,0,0,1,7,0,1,0,0,0,0,-1,-1,-1,11,0,822,-1,-1,-1,-1,-1,-1,2,0,0,0,0,0,2,0,18,4,9,41.79110213,-87.71069484
0,423796,-1,30,0,0,0,1,10,2,2,0,0,-1,0,-1,-1,-1,27,0,724,-1,-1,-1,-1,-1,-1,3,0,0,0,0,0,3,0,18,4,9,41.77580392,-87.6518253
0,423774,-1,30,0,0,0,1,7,5,-1,0,1,0,0,-1,-1,-1,0,-1,1232,-1,-1,1,-1,-1,-1,3,0,0,0,0,0,3,0,18,4,9,41.87759408,-87.64738021
0,423744,-1,30,1,2,0,1,14,5,4,0,0,0,0,1,-1,-1,21,17,925,-1,-1,-1,-1,-1,-1,2,0,0,0,0,0,3,0,18,4,9,41.82341236,-87.64112054
3,423733,-1,25,0,0,2,4,9,6,1,0,1,0,1,-1,-1,-1,17,-1,2524,-1,-1,-1,-1,-1,-1,2,1,0,1,0,0,1,0,18,4,9,41.92821044,-87.73684223
0,424370,-1,25,0,-1,-1,-1,7,5,2,0,-1,-1,0,-1,-1,-1,0,0,2525,-1,-1,-1,-1,-1,-1,2,0,0,0,0,0,1,0,18,4,9,41.91988133,-87.71987813
3,423770,-1,30,0,0,0,1,8,5,2,0,0,0,1,-1,-1,-1,0,-1,1235,-1,-1,1,-1,-1,-1,3,1,0,1,0,0,4,0,18,4,9,41.8578563,-87.6556769
0,423758,-1,35,0,0,0,1,10,5,-1,0,1,0,0,-1,-1,-1,18,0,1921,-1,-1,-1,-1,-1,-1,2,0,0,0,0,0,4,0,18,4,9,41.95132562,-87.68853664
0,423742,-1,30,0,0,1,4,12,3,4,0,0,0,0,-1,-1,-1,21,-1,411,-1,-1,-1,-1,-1,-1,2,0,0,0,0,0,2,0,18,4,9,41.75376074,-87.58623374
0,423719,-1,30,-1,-1,-1,-1,10,-1,-1,0,-1,-1,0,-1,-1,-1,0,-1,1622,-1,-1,-1,-1,-1,-1,2,0,0,0,0,0,4,0,18,4,9,41.96779433,-87.77494369
0,423702,1,30,0,0,2,1,8,5,2,0,1,0,0,-1,-1,-1,0,-1,1834,-1,-1,-1,-1,-1,-1,2,0,0,0,0,0,2,0,18,4,9,41.89179678,-87.62649274
0,425099,-1,30,0,0,0,1,14,5,2,0,0,0,0,-1,-1,-1,0,0,1822,-1,-1,-1,-1,-1,-1,2,0,0,0,0,0,2,0,18,4,9,41.90450211,-87.64826687
0,423764,-1,30,0,0,1,1,14,5,4,0,0,0,0,-1,-1,-1,11,0,931,-1,-1,-1,-1,-1,-1,2,0,0,0,0,0,6,0,18,4,9,41.80831217,-87.68296864
0,423780,-1,30,0,-1,0,1,12,3,-1,0,0,0,0,-1,-1,-1,0,-1,132,-1,-1,-1,-1,-1,-1,2,0,0,0,0,0,2,0,18,4,9,41.85299441,-87.62268824
0,423740,-1,30,1,2,2,1,10,5,-1,0,1,0,0,-1,-1,-1,18,18,1121,-1,-1,-1,-1,-1,-1,2,0,0,0,0,0,3,0,18,4,9,41.89539739,-87.71137321
2,423698,-1,35,2,2,1,1,0,5,2,0,0,0,1,1,-1,-1,17,-1,623,-1,-1,-1,-1,-1,-1,2,1,0,0,1,0,1,0,18,4,9,41.75284645,-87.61514181
0,423686,-1,15,0,0,0,1,7,5,-1,0,0,0,1,-1,-1,-1,16,0,813,-1,-1,-1,-1,-1,-1,2,0,0,0,0,0,1,0,18,4,9,41.7769273,-87.72425136
0,426486,-1,30,2,0,0,2,10,5,2,0,0,0,0,-1,-1,-1,0,-1,1223,-1,-1,-1,-1,-1,-1,2,0,0,0,0,0,2,0,18,4,9,41.88310341,-87.67654225
0,425340,-1,30,-1,-1,-1,3,14,2,4,0,-1,-1,0,-1,-1,-1,23,23,1932,-1,-1,-1,-1,-1,-1,2,0,0,0,0,0,2,0,18,4,9,41.9325892,-87.66363145
0,424709,-1,30,0,0,1,1,10,5,-1,0,0,0,0,-1,-1,-1,0,0,1411,-1,-1,-1,-1,-1,-1,2,0,0,0,0,0,2,0,18,4,9,41.93324086,-87.68807336
0,424246,1,45,0,0,0,0,7,6,1,0,0,0,0,-1,-1,1,0,0,1913,-1,-1,-1,-1,-1,-1,2,0,0,0,0,0,1,0,18,4,9,41.96780879,-87.659806
0,423692,-1,30,1,2,0,1,10,5,2,0,0,0,0,-1,-1,-1,0,0,731,-1,-1,-1,-1,-1,-1,2,0,0,0,0,0,2,0,17,4,9,41.76174141,-87.62983348
0,424951,-1,30,2,2,0,1,10,5,-1,0,0,0,0,1,-1,-1,18,18,2223,-1,-1,-1,-1,-1,-1,2,0,0,0,0,0,2,0,17,4,9,41.73442418,-87.64362529
0,423792,-1,30,0,0,0,1,10,5,-1,0,0,0,0,-1,-1,-1,-1,-1,833,-1,-1,-1,-1,-1,-1,2,0,0,0,0,0,2,0,17,4,9,41.75466012,-87.74138476
2,423720,-1,35,1,2,2,1,10,2,5,0,1,0,1,1,-1,-1,16,34,1614,-1,-1,-1,-1,-1,-1,2,1,0,0,1,0,1,0,17,4,9,41.95923719,-87.83744212
0,424037,1,30,0,0,2,4,12,5,4,0,1,-1,0,-1,-1,-1,22,-1,2413,-1,-1,-1,-1,-1,-1,2,0,0,0,0,0,2,0,17,4,9,41.99053244,-87.70310134
0,423678,-1,30,2,2,2,1,0,5,-1,0,1,0,0,1,-1,-1,17,-1,1622,-1,-1,-1,-1,-1,-1,2,0,0,0,0,0,2,0,17,4,9,41.98734021,-87.77386408
0,423701,-1,30,1,2,6,1,12,5,4,0,1,0,0,-1,-1,-1,0,-1,222,-1,-1,-1,-1,-1,-1,2,0,0,0,0,0,4,0,17,4,9,41.80968917,-87.59263214
0,423672,-1,30,-1,-1,2,-1,12,5,-1,0,1,-1,0,1,-1,-1,21,16,1831,-1,-1,-1,-1,-1,-1,2,0,0,0,0,0,2,0,17,4,9,41.89167563,-87.63565139
0,423852,-1,30,1,2,2,1,12,5,-1,0,1,0,0,-1,-1,1,0,0,1231,-1,-1,-1,-1,-1,-1,2,0,0,0,0,0,2,0,17,4,9,41.87769227,-87.66654338
0,423709,-1,30,0,0,0,1,2,3,-1,0,0,0,1,-1,-1,-1,3,0,423,-1,-1,-1,-1,-1,-1,1,0,0,0,0,0,1,0,17,4,9,41.72296269,-87.56058449
0,423694,-1,15,0,0,2,4,7,6,-1,0,1,0,0,-1,-1,-1,0,0,1531,-1,-1,-1,-1,-1,-1,2,0,0,0,0,0,2,0,17,4,9,41.89720372,-87.75335414
0,423690,-1,30,0,0,0,1,14,5,-1,0,1,0,0,-1,-1,-1,0,0,1433,-1,-1,-1,-1,-1,-1,2,0,0,0,0,0,2,0,17,4,9,41.91057467,-87.66223523
0,423664,-1,30,1,2,1,1,10,5,2,0,1,0,0,-1,-1,-1,0,0,213,-1,-1,-1,-1,-1,-1,2,0,0,0,0,0,2,0,17,4,9,41.8309351,-87.62997531