MOST_SEVERE_INJURY,RD_NO,CRASH_DATE_EST_I,POSTED_SPEED_LIMIT,TRAFFIC_CONTROL_DEVICE,DEVICE_CONDITION,WEATHER_CONDITION,LIGHTING_CONDITION,FIRST_CRASH_TYPE,TRAFFICWAY_TYPE,LANE_CNT,ALIGNMENT,ROADWAY_SURFACE_COND,ROAD_DEFECT,CRASH_TYPE,INTERSECTION_RELATED_I,NOT_RIGHT_OF_WAY_I,HIT_AND_RUN_I,PRIM_CONTRIBUTORY_CAUSE,SEC_CONTRIBUTORY_CAUSE,BEAT_OF_OCCURRENCE,PHOTOS_TAKEN_I,STATEMENTS_TAKEN_I,DOORING_I,WORK_ZONE_I,WORK_ZONE_TYPE,WORKERS_PRESENT_I,NUM_UNITS,INJURIES_TOTAL,INJURIES_FATAL,INJURIES_INCAPACITATING,INJURIES_NON_INCAPACITATING,INJURIES_REPORTED_NOT_EVIDENT,INJURIES_NO_INDICATION,INJURIES_UNKNOWN,CRASH_HOUR,CRASH_DAY_OF_WEEK,CRASH_MONTH,LATITUDE,LONGITUDE
2,423661,-1,30,2,0,0,1,10,2,-1,0,0,0,1,-1,-1,-1,18,18,1021,-1,-1,-1,-1,-1,-1,2,2,0,0,1,1,1,0,17,4,9,41.86298684,-87.71300615
0,423687,-1,15,0,0,1,1,3,0,1,0,1,0,0,-1,-1,-1,11,11,2525,-1,-1,-1,-1,-1,-1,2,0,0,0,0,0,2,0,17,4,9,41.91734087,-87.72113505
2,432757,-1,30,1,2,0,1,8,6,1,0,0,0,1,-1,-1,-1,14,17,822,-1,-1,-1,-1,-1,-1,2,1,0,0,1,0,1,0,17,4,9,41.79334892,-87.70860226
0,424688,-1,35,0,0,0,1,12,6,-1,0,0,0,0,-1,-1,-1,21,-1,121,-1,-1,-1,-1,-1,-1,2,0,0,0,0,0,3,0,17,4,9,41.87942129,-87.63968064
0,423730,-1,30,0,0,0,1,7,5,-1,0,1,0,0,-1,-1,-1,0,0,1113,-1,-1,-1,-1,-1,-1,2,0,0,0,0,0,1,0,17,4,9,41.88194802,-87.74353567
0,423677,-1,30,1,2,0,1,10,5,2,0,1,0,0,1,-1,-1,18,16,1632,-1,-1,-1,0,-1,-1,2,0,0,0,0,0,5,0,17,4,9,41.93842646,-87.7860894
0,423633,-1,30,0,0,2,1,12,2,2,2,1,0,0,-1,-1,-1,17,22,1214,-1,-1,-1,-1,-1,-1,2,0,0,0,0,0,3,0,17,4,9,41.89558108,-87.64786339
2,423675,-1,30,0,0,2,1,10,5,4,0,1,0,1,-1,-1,-1,22,0,311,-1,-1,-1,-1,-1,-1,2,1,0,0,1,0,1,0,17,4,9,41.78363331,-87.62526768
0,423688,-1,35,0,0,0,1,10,2,-1,1,0,0,1,-1,-1,-1,12,-1,124,-1,-1,-1,-1,-1,-1,2,0,0,0,0,0,3,0,17,4,9,41.86736269,-87.6392932
0,423624,-1,30,1,2,0,1,14,2,-1,2,1,0,1,1,-1,-1,17,-1,1231,-1,-1,-1,-1,-1,-1,2,0,0,0,0,0,3,0,17,4,9,41.87646093,-87.66670765
0,423768,-1,30,1,2,0,4,12,5,2,0,-1,-1,0,1,-1,-1,0,0,634,-1,-1,-1,-1,-1,-1,2,0,0,0,0,0,2,0,17,4,9,41.73616511,-87.62558757
1,423671,-1,30,0,0,0,1,14,2,4,0,0,0,1,1,-1,-1,17,23,835,-1,-1,-1,-1,-1,-1,2,1,0,0,0,1,3,0,17,4,9,41.74824561,-87.68265725
0,423679,-1,30,0,0,2,1,12,2,2,0,1,0,0,-1,-1,1,25,22,2033,-1,-1,-1,-1,-1,-1,2,0,0,0,0,0,3,0,17,4,9,41.97612253,-87.66581209
1,423647,-1,30,1,2,2,1,8,5,2,0,1,-1,1,-1,-1,1,10,-1,1413,-1,-1,-1,-1,-1,-1,2,1,0,0,0,1,1,0,17,4,9,41.91756242,-87.71175511
0,424453,-1,30,2,2,0,1,0,2,2,0,0,0,0,-1,-1,1,5,5,1034,-1,-1,-1,-1,-1,-1,2,0,0,0,0,0,2,0,17,4,9,41.85192905,-87.6857841
0,423761,-1,30,0,0,0,1,7,5,-1,0,0,0,0,-1,-1,-1,22,16,2535,-1,-1,-1,-1,-1,-1,2,0,0,0,0,0,2,0,17,4,9,41.90279314,-87.72502238
0,423710,-1,35,-1,-1,2,1,10,5,-1,0,1,0,0,-1,-1,-1,0,-1,1614,-1,-1,-1,-1,-1,-1,2,0,0,0,0,0,4,0,17,4,9,41.95216886,-87.8367752
0,423654,-1,30,0,0,0,1,0,7,-1,0,0,-1,0,-1,-1,-1,17,0,622,-1,-1,-1,-1,-1,-1,2,0,0,0,0,0,2,0,17,4,9,41.73637382,-87.62723157
0,423607,-1,30,0,0,2,1,10,5,-1,0,1,0,0,-1,-1,-1,18,16,823,-1,-1,-1,-1,-1,-1,2,0,0,0,0,0,2,0,17,4,9,41.77823038,-87.72044187
0,423696,-1,30,2,2,2,1,10,2,4,0,1,0,0,-1,-1,-1,18,16,2013,-1,-1,-1,-1,-1,-1,2,0,0,0,0,0,2,0,17,4,9,41.97663737,-87.66002122
0,423614,-1,30,0,0,0,1,12,5,2,0,0,-1,0,-1,-1,-1,0,0,2211,-1,-1,-1,-1,-1,-1,2,0,0,0,0,0,2,0,17,4,9,41.70992805,-87.68187478
0,423628,-1,30,0,0,1,1,7,5,-1,0,1,0,0,-1,-1,-1,-1,-1,1824,-1,-1,-1,-1,-1,-1,2,0,0,0,0,0,1,0,17,4,9,41.9073657,-87.62994378
0,424659,-1,30,1,2,2,1,10,2,4,0,1,0,0,1,-1,-1,0,0,924,-1,-1,-1,-1,-1,-1,2,0,0,0,0,0,2,0,17,4,9,41.82304078,-87.66514908
0,423830,-1,0,2,2,0,1,0,-1,-1,0,12,-1,0,1,-1,-1,0,-1,1234,-1,-1,-1,-1,-1,-1,2,0,0,0,0,0,2,0,17,4,9,41.8539288,-87.67848956
0,423751,-1,0,1,2,0,1,12,6,-1,0,0,0,0,-1,-1,-1,22,-1,622,-1,-1,-1,-1,-1,-1,2,0,0,0,0,0,2,0,17,4,9,41.73641666,-87.62559459
0,423641,-1,30,1,2,2,4,14,2,4,0,1,0,1,-1,-1,-1,21,18,1411,-1,-1,-1,-1,-1,-1,2,0,0,0,0,0,2,0,17,4,9,41.93220886,-87.69652558
0,423629,-1,30,-1,-1,-1,-1,3,-1,-1,0,0,-1,0,-1,-1,-1,0,-1,1632,-1,-1,-1,-1,-1,-1,2,0,0,0,0,0,2,0,17,4,9,41.94556644,-87.79613788
0,423617,-1,30,1,2,1,1,10,2,1,0,0,0,0,-1,-1,-1,18,-1,332,-1,-1,-1,-1,-1,-1,2,0,0,0,0,0,2,0,16,4,9,41.77153538,-87.57659198
0,423651,-1,30,2,2,1,1,10,12,1,0,0,-1,0,1,-1,1,18,18,1713,-1,-1,-1,-1,-1,-1,2,0,0,0,0,0,3,0,16,4,9,41.97215813,-87.71109567
0,423632,-1,20,2,2,0,1,10,5,2,0,0,-1,0,-1,-1,-1,20,33,835,-1,-1,-1,-1,-1,-1,2,0,0,0,0,0,2,0,16,4,9,41.75539484,-87.70148388
0,423635,-1,15,0,0,0,1,3,7,-1,0,0,0,0,-1,-1,-1,0,0,713,-1,-1,-1,-1,-1,-1,2,0,0,0,0,0,3,0,16,4,9,41.78223236,-87.66413998
0,423729,-1,30,1,2,0,1,10,6,-1,0,1,0,0,-1,-1,-1,20,-1,1831,-1,-1,-1,-1,-1,-1,2,0,0,0,0,0,2,0,16,4,9,41.89149598,-87.63250567
0,423637,-1,30,0,0,0,1,0,7,-1,0,0,0,0,-1,1,-1,20,0,1234,-1,-1,-1,-1,-1,-1,2,0,0,0,0,0,2,0,16,4,9,41.85214259,-87.68536058
0,423627,-1,30,1,2,0,1,10,5,-1,0,0,0,0,-1,-1,-1,18,16,2511,-1,-1,-1,-1,-1,-1,2,0,0,0,0,0,3,0,16,4,9,41.93821142,-87.78575514
0,423584,-1,30,0,0,0,1,2,3,2,0,0,0,1,-1,-1,-1,12,-1,2223,-1,-1,-1,-1,-1,-1,1,0,0,0,0,0,1,0,16,4,9,41.72137807,-87.64115833
0,426374,-1,30,1,2,0,1,14,5,-1,0,0,0,0,0,-1,-1,23,0,1012,-1,-1,-1,-1,-1,-1,2,0,0,0,0,0,2,0,16,4,9,41.85868185,-87.73488064
2,423722,-1,30,0,0,1,4,0,0,-1,0,1,0,1,-1,-1,-1,3,-1,2522,-1,-1,-1,-1,-1,-1,2,3,0,0,1,2,1,0,16,4,9,41.91725689,-87.74997052
0,435505,-1,30,0,0,-1,-1,7,5,-1,0,-1,-1,0,-1,-1,-1,17,-1,1624,-1,-1,-1,-1,-1,-1,2,0,0,0,0,0,1,0,16,4,9,41.95530297,-87.75101642
0,423779,-1,30,0,0,0,1,10,5,4,0,0,0,0,1,-1,-1,18,11,811,-1,-1,-1,-1,-1,-1,2,0,0,0,0,0,2,0,16,4,9,41.79236339,-87.78647639
0,423644,-1,30,2,2,0,1,14,2,4,0,1,0,0,1,-1,-1,0,0,1634,-1,-1,-1,-1,-1,-1,2,0,0,0,0,0,3,0,16,4,9,41.94798802,-87.74728849
0,423613,-1,20,0,0,0,1,7,6,1,0,0,-1,0,-1,-1,-1,0,0,1723,-1,-1,-1,-1,-1,-1,2,0,0,0,0,0,1,0,16,4,9,41.96783972,-87.72543171
0,423553,-1,30,0,0,2,1,10,5,-1,0,1,0,0,-1,-1,-1,18,-1,1632,-1,-1,-1,-1,-1,-1,2,0,0,0,0,0,2,0,16,4,9,41.95273363,-87.79079455
0,423572,-1,15,0,0,0,1,7,6,1,0,0,0,0,-1,-1,-1,11,0,1914,-1,-1,-1,-1,-1,-1,4,0,0,0,0,0,2,0,16,4,9,41.9644009,-87.65032933
0,423543,-1,30,0,0,0,1,10,5,-1,0,0,0,0,-1,-1,-1,18,-1,1235,-1,-1,-1,-1,-1,-1,2,0,0,0,0,0,2,0,16,4,9,41.85177337,-87.64661524
0,423547,-1,5,0,0,0,1,7,7,1,0,0,-1,0,-1,-1,-1,0,-1,831,-1,-1,-1,-1,-1,-1,2,0,0,0,0,0,1,0,16,4,9,41.76992924,-87.69084134
0,423537,-1,30,0,0,0,1,14,5,2,0,0,0,1,-1,-1,-1,11,-1,511,-1,-1,-1,-1,-1,-1,2,0,0,0,0,0,4,0,16,4,9,41.72021156,-87.62877404
-1,427670,-1,30,0,0,0,1,0,2,2,0,0,0,0,-1,-1,-1,23,0,621,-1,-1,-1,-1,-1,-1,-1,-1,-1,-1,-1,-1,-1,-1,16,4,9,41.74981194,-87.63461766
0,423596,-1,45,0,0,0,1,10,3,4,0,0,0,0,-1,-1,-1,16,-1,423,-1,-1,-1,-1,-1,-1,2,0,0,0,0,0,20,0,16,4,9,-1,-1
2,423549,-1,30,0,0,0,1,0,2,4,0,0,0,1,-1,-1,-1,17,-1,2012,-1,-1,-1,-1,-1,-1,2,1,0,0,1,0,1,0,16,4,9,41.97750849,-87.66979725
0,423541,-1,30,0,0,1,1,12,5,4,0,1,0,0,-1,-1,-1,0,-1,2512,-1,-1,-1,-1,-1,-1,2,0,0,0,0,0,4,0,16,4,9,41.92368885,-87.77753661
0,424047,-1,30,1,2,0,1,12,5,-1,0,0,0,0,1,-1,1,22,-1,1214,-1,-1,-1,-1,-1,-1,2,0,0,0,0,0,2,0,16,4,9,41.8911001,-87.65881798
0,423619,-1,30,0,0,0,1,11,5,-1,0,0,0,0,-1,-1,-1,0,-1,723,-1,-1,-1,-1,-1,-1,2,0,0,0,0,0,2,0,16,4,9,41.77609576,-87.64489095
0,423519,-1,30,-1,-1,0,1,10,7,-1,0,0,0,0,-1,-1,-1,20,0,411,-1,-1,-1,-1,-1,-1,2,0,0,0,0,0,3,0,16,4,9,41.7567361,-87.59307096
2,423518,-1,30,0,0,0,1,0,6,1,0,0,0,1,-1,-1,-1,0,0,2031,-1,-1,-1,-1,-1,-1,2,1,0,0,1,0,1,0,16,4,9,41.97398227,-87.68952531
2,423469,-1,30,0,0,0,1,14,2,2,0,0,0,1,1,-1,1,15,21,1114,-1,-1,-1,-1,-1,-1,2,1,0,0,1,0,1,0,16,4,9,41.88600052,-87.73329708
0,424353,-1,15,0,0,0,1,2,0,1,0,0,0,0,-1,-1,1,0,0,1732,-1,-1,-1,-1,-1,-1,1,0,0,0,0,0,1,0,15,4,9,41.94558034,-87.72702575
2,423482,-1,30,0,0,0,1,10,5,2,0,0,0,1,-1,-1,-1,16,0,322,-1,-1,-1,-1,-1,-1,4,1,0,0,1,0,4,0,15,4,9,41.77283821,-87.61675838
0,423498,-1,30,0,0,0,1,10,5,-1,0,0,0,0,-1,-1,-1,-1,-1,823,-1,-1,-1,-1,-1,-1,2,0,0,0,0,0,2,0,15,4,9,41.78042861,-87.72266339
0,423452,-1,30,1,2,0,1,10,2,2,0,0,0,0,-1,-1,1,0,0,1732,-1,-1,-1,-1,-1,-1,2,0,0,0,0,0,2,0,15,4,9,41.95354415,-87.72746733
0,423477,-1,30,0,0,0,1,12,5,-1,0,0,0,0,-1,-1,-1,17,0,2412,-1,-1,-1,-1,-1,-1,2,0,0,0,0,0,3,0,15,4,9,42.00461054,-87.70621773
0,423445,-1,0,0,0,0,1,2,7,-1,0,0,0,1,-1,1,-1,27,-1,2234,-1,-1,-1,-1,-1,-1,1,0,0,0,0,0,1,0,15,4,9,41.68856983,-87.65578778
0,423592,-1,30,0,0,0,1,7,6,-1,0,0,0,0,-1,-1,-1,0,0,1024,-1,-1,-1,-1,-1,-1,2,0,0,0,0,0,1,0,15,4,9,41.84902495,-87.70897742
0,423560,-1,30,0,0,-1,-1,7,6,1,0,-1,-1,0,-1,-1,1,0,0,1531,-1,-1,-1,-1,-1,-1,2,0,0,0,0,0,1,0,15,4,9,41.89899554,-87.75217135
0,423556,-1,0,0,0,0,1,2,12,0,0,0,0,0,-1,1,-1,20,11,411,-1,-1,-1,-1,-1,-1,1,0,0,0,0,0,1,0,15,4,9,41.7567361,-87.59307096
0,423499,-1,30,0,0,0,1,11,0,1,0,0,0,0,-1,-1,-1,20,-1,2511,-1,-1,-1,-1,-1,-1,2,0,0,0,0,0,2,0,15,4,9,41.93307258,-87.77608723
0,429702,-1,30,0,0,0,1,7,7,-1,0,0,0,0,-1,-1,1,21,21,112,-1,-1,-1,-1,-1,-1,2,0,0,0,0,0,1,0,15,4,9,41.8816886,-87.62761402
0,429160,-1,0,0,0,0,1,7,5,-1,0,0,0,0,-1,-1,1,20,-1,1821,-1,-1,-1,-1,-1,-1,2,0,0,0,0,0,1,0,15,4,9,41.90925562,-87.63479734
0,423533,-1,30,0,0,0,1,12,5,-1,0,0,0,0,-1,-1,-1,0,0,1711,-1,-1,-1,-1,-1,-1,2,0,0,0,0,0,4,0,15,4,9,41.99445,-87.71420844
0,423479,-1,15,0,0,0,1,2,0,1,0,0,0,0,-1,1,-1,20,-1,1821,-1,-1,-1,-1,-1,-1,1,0,0,0,0,0,1,0,15,4,9,41.9092681,-87.6336572
0,423414,-1,30,0,0,0,1,10,2,4,0,0,0,0,-1,-1,-1,18,0,2213,-1,-1,-1,-1,-1,-1,2,0,0,0,0,0,4,0,15,4,9,41.72110053,-87.66759026
1,423435,-1,30,0,0,0,1,10,2,-1,0,0,0,1,-1,-1,-1,0,0,722,-1,-1,-1,-1,-1,-1,2,2,0,0,0,2,1,0,15,4,9,41.77275998,-87.63377759
0,423605,-1,30,0,0,0,1,7,5,-1,0,0,0,0,-1,-1,-1,-1,-1,822,-1,-1,-1,-1,-1,-1,2,0,0,0,0,0,2,0,15,4,9,41.79149211,-87.71099959
0,423580,-1,30,0,0,0,1,11,2,2,0,0,0,0,-1,-1,-1,25,0,1634,-1,-1,-1,-1,-1,-1,4,0,0,0,0,0,2,0,15,4,9,41.9387522,-87.7611698
0,423514,-1,35,0,0,0,1,10,5,-1,0,0,0,0,-1,-1,-1,18,0,1921,-1,-1,-1,-1,-1,-1,2,0,0,0,0,0,2,0,15,4,9,41.95042713,-87.68821584
0,423488,-1,25,0,0,0,2,10,5,-1,0,0,0,0,-1,-1,-1,0,-1,725,-1,-1,-1,-1,-1,-1,2,0,0,0,0,0,2,0,15,4,9,41.77575723,-87.66303465
0,423417,-1,30,0,0,0,1,14,6,-1,0,-1,-1,0,-1,-1,-1,23,-1,124,-1,-1,-1,-1,-1,-1,2,0,0,0,0,0,4,0,15,4,9,41.87334357,-87.64371028
0,423600,-1,35,0,0,0,1,2,7,1,0,0,0,0,-1,-1,-1,0,0,1023,-1,-1,-1,-1,-1,-1,1,0,0,0,0,0,1,0,15,4,9,41.86105795,-87.69426599
0,426243,-1,30,0,0,0,1,7,7,-1,0,0,0,0,-1,1,1,0,0,1024,-1,-1,-1,-1,-1,-1,2,0,0,0,0,0,1,0,15,4,9,41.85266155,-87.7125068
0,423544,-1,30,0,0,0,1,12,5,-1,0,-1,-1,0,-1,-1,-1,0,0,911,-1,-1,-1,-1,-1,-1,2,0,0,0,0,0,2,0,15,4,9,41.82440547,-87.71160875
0,423457,-1,30,1,2,0,1,10,5,-1,0,0,0,0,-1,-1,-1,18,-1,2011,-1,-1,-1,-1,-1,-1,2,0,0,0,0,0,3,0,15,4,9,41.98513853,-87.6983038
0,423411,-1,30,0,0,0,1,7,2,2,0,0,0,1,-1,1,-1,0,-1,2011,-1,-1,-1,-1,-1,-1,3,0,0,0,0,0,1,0,15,4,9,41.97654725,-87.69909388
0,423503,-1,45,0,0,0,1,12,3,3,0,0,0,1,-1,-1,-1,-1,-1,234,-1,-1,-1,-1,-1,-1,2,0,0,0,0,0,4,0,15,4,9,41.80247042,-87.58177793
2,423436,-1,30,0,0,0,1,7,6,3,0,0,2,1,-1,-1,-1,27,-1,231,-1,-1,-1,-1,-1,-1,4,2,0,0,2,0,0,0,15,4,9,41.79571176,-87.62234639
0,425007,-1,30,1,2,0,1,7,5,-1,0,0,0,0,-1,-1,-1,22,18,1821,-1,-1,-1,-1,-1,-1,2,0,0,0,0,0,1,0,15,4,9,41.90657253,-87.6355136
2,423447,-1,25,0,0,0,1,11,5,2,0,0,0,1,-1,-1,-1,25,16,432,-1,-1,-1,-1,-1,-1,4,1,0,0,1,0,4,0,15,4,9,41.69898204,-87.5331105
0,423383,-1,30,0,0,0,1,7,5,-1,0,0,0,0,-1,-1,-1,0,0,1214,-1,-1,-1,-1,-1,-1,2,0,0,0,0,0,2,0,15,4,9,41.89129947,-87.6470506
0,423819,-1,30,0,0,0,1,7,5,-1,0,0,0,0,-1,-1,1,0,-1,931,-1,-1,-1,-1,-1,-1,2,0,0,0,0,0,1,0,15,4,9,41.80841675,-87.67483107
0,423465,-1,30,0,0,0,1,12,5,-1,0,0,0,0,-1,-1,-1,22,16,2512,-1,-1,-1,-1,-1,-1,2,0,0,0,0,0,5,0,15,4,9,41.922921,-87.78527398
0,423430,-1,30,0,0,0,1,7,5,2,0,0,0,0,-1,-1,-1,11,0,812,-1,-1,-1,-1,-1,-1,2,0,0,0,0,0,1,0,15,4,9,41.77971285,-87.77651168
0,423387,-1,30,1,2,0,1,8,3,-1,0,0,0,0,1,-1,-1,17,0,1225,-1,-1,-1,-1,-1,-1,2,0,0,0,0,0,2,0,14,4,9,41.87269559,-87.67627175
1,423374,-1,30,1,2,0,1,14,2,0,0,0,0,1,1,-1,-1,6,-1,2211,-1,-1,-1,-1,-1,-1,2,1,0,0,0,1,1,0,14,4,9,41.70598517,-87.72085952
0,423384,-1,30,1,2,0,1,12,2,4,0,0,0,0,-1,-1,-1,21,22,1922,-1,-1,-1,-1,-1,-1,2,0,0,0,0,0,3,0,14,4,9,41.94697586,-87.67843436
0,423389,-1,30,0,0,0,1,14,5,2,0,0,0,0,-1,-1,-1,16,23,1812,-1,1,-1,-1,-1,-1,2,0,0,0,0,0,2,0,14,4,9,41.92247791,-87.64439905
0,424170,1,25,1,2,0,1,12,5,2,0,0,0,0,-1,-1,1,0,0,1224,-1,-1,-1,-1,-1,-1,2,0,0,0,0,0,2,0,14,4,9,41.88353031,-87.64755847
2,423460,-1,15,0,0,0,1,12,6,1,0,0,0,1,-1,-1,-1,20,11,2024,-1,-1,-1,-1,-1,-1,2,1,0,0,1,0,3,0,14,4,9,41.97083575,-87.65611603
0,423425,-1,0,0,0,0,1,10,2,-1,0,0,0,0,-1,-1,-1,20,-1,234,-1,-1,-1,-1,-1,-1,2,0,0,0,0,0,2,0,14,4,9,41.80232706,-87.59057245
1,423399,-1,35,2,12,0,1,0,5,4,0,0,0,1,-1,-1,-1,17,17,1624,-1,-1,-1,-1,-1,-1,2,1,0,0,0,1,1,0,14,4,9,41.95985588,-87.74764697
0,423373,-1,30,1,2,0,1,10,5,-1,0,0,0,0,-1,-1,-1,18,-1,2011,-1,-1,-1,-1,-1,-1,2,0,0,0,0,0,3,0,14,4,9,41.99038951,-87.68973064
0,423381,-1,30,0,0,0,1,14,5,-1,0,0,0,0,-1,-1,-1,23,17,2411,-1,-1,-1,-1,-1,-1,2,0,0,0,0,0,2,0,14,4,9,42.01216487,-87.69059046
0,423367,-1,30,2,2,0,1,0,5,-1,0,0,-1,1,1,-1,-1,5,0,633,-1,-1,-1,-1,-1,-1,2,0,0,0,0,0,3,0,14,4,9,41.73280152,-87.61457664
0,423456,-1,30,0,0,0,1,7,5,2,0,0,0,0,-1,-1,-1,0,0,915,-1,-1,-1,-1,-1,-1,3,0,0,0,0,0,1,0,14,4,9,41.82419209,-87.63362746
0,423410,-1,30,0,0,0,1,14,5,4,0,0,0,1,0,-1,-1,17,-1,922,-1,-1,-1,-1,-1,-1,2,0,0,0,0,0,2,0,14,4,9,41.80853398,-87.68457529
0,424733,-1,30,1,2,0,1,10,5,-1,0,0,0,0,-1,-1,-1,0,-1,1833,-1,-1,-1,-1,-1,-1,2,0,0,0,0,0,2,0,14,4,9,41.89645531,-87.62564517
0,423475,-1,25,1,2,0,1,7,5,-1,0,0,0,1,1,-1,1,0,0,624,-1,-1,-1,-1,-1,-1,2,0,0,0,0,0,1,0,14,4,9,41.75665088,-87.60519293
2,423501,-1,35,1,2,0,1,0,3,-1,0,0,0,1,1,-1,1,22,17,413,-1,-1,-1,-1,-1,-1,2,1,0,0,1,0,1,0,14,4,9,41.72951813,-87.58563641
0,423359,-1,30,0,0,0,1,14,2,2,0,0,0,0,-1,-1,-1,0,0,2522,-1,-1,-1,-1,-1,-1,2,0,0,0,0,0,2,0,14,4,9,41.91695371,-87.75343731
0,423309,-1,30,2,2,0,1,0,5,0,0,0,0,0,1,-1,-1,-1,-1,432,-1,-1,-1,-1,-1,-1,2,0,0,0,0,0,2,0,14,4,9,41.69904227,-87.54023307
0,423790,-1,30,-1,-1,0,1,12,-1,-1,0,-1,-1,0,-1,-1,1,0,-1,311,-1,-1,-1,-1,-1,-1,2,0,0,0,0,0,3,0,14,4,9,41.7801475,-87.62186168
1,423303,-1,30,0,0,0,1,12,5,-1,0,0,0,1,-1,-1,-1,11,-1,2211,-1,-1,-1,-1,-1,-1,2,1,0,0,0,1,1,0,14,4,9,41.7059119,-87.70116798
0,423346,-1,35,0,0,0,1,14,5,-1,0,0,0,0,-1,-1,-1,16,-1,114,-1,-1,-1,-1,-1,-1,2,0,0,0,0,0,4,0,13,4,9,41.87949176,-87.62420439
0,425839,-1,35,0,0,-1,-1,7,5,2,0,0,0,0,-1,-1,-1,0,0,234,-1,-1,-1,-1,-1,-1,2,0,0,0,0,0,1,0,13,4,9,41.79964439,-87.58988914
0,423273,-1,30,1,2,0,1,14,5,-1,2,0,0,1,-1,-1,-1,23,16,1732,-1,-1,-1,-1,-1,-1,2,0,0,0,0,0,2,0,13,4,9,41.93932776,-87.71726196
0,423278,-1,30,0,0,0,1,7,7,-1,0,0,-1,0,-1,-1,-1,20,20,622,-1,-1,-1,-1,-1,-1,2,0,0,0,0,0,1,0,13,4,9,41.7362617,-87.62906472
3,423312,-1,10,0,0,0,1,9,0,1,0,0,0,1,-1,-1,-1,0,0,1433,-1,-1,-1,-1,-1,-1,2,1,0,1,0,0,1,0,13,4,9,41.90842398,-87.6712563
0,423609,-1,30,1,2,0,1,10,5,2,0,0,0,0,1,-1,-1,16,-1,1111,-1,-1,-1,-1,-1,-1,2,0,0,0,0,0,2,0,13,4,9,41.90247921,-87.73134482
1,423262,-1,30,0,0,0,1,9,6,2,0,0,0,1,-1,-1,-1,17,-1,122,-1,-1,-1,-1,-1,-1,2,1,0,0,0,1,1,0,13,4,9,41.87697885,-87.63284025
0,423832,-1,30,0,0,-1,1,7,5,-1,0,-1,-1,0,-1,-1,1,0,0,1023,-1,-1,-1,-1,-1,-1,2,0,0,0,0,0,1,0,13,4,9,41.86015695,-87.6859508
0,423365,-1,10,0,0,0,1,3,7,-1,0,-1,-1,0,-1,1,-1,20,-1,212,-1,-1,-1,-1,-1,-1,2,0,0,0,0,0,2,0,13,4,9,41.82398325,-87.61685389
0,423257,-1,0,-1,-1,0,1,0,-1,-1,0,-1,-1,0,1,-1,-1,0,-1,1231,-1,-1,-1,-1,-1,-1,2,0,0,0,0,0,2,0,13,4,9,41.87395788,-87.67481325
0,423246,-1,5,0,0,0,1,10,12,0,0,0,0,0,-1,-1,-1,20,-1,712,-1,-1,-1,-1,-1,-1,2,0,0,0,0,0,3,0,13,4,9,41.78693165,-87.64511245
0,423218,-1,30,1,2,0,1,12,2,-1,0,0,0,0,-1,-1,1,18,-1,815,-1,-1,-1,-1,-1,-1,3,0,0,0,0,0,3,0,13,4,9,41.80435455,-87.72363089
0,423293,-1,15,0,0,0,1,10,0,1,0,0,0,0,1,-1,-1,16,18,2535,-1,-1,-1,-1,-1,-1,2,0,0,0,0,0,4,0,12,4,9,41.9152366,-87.72636663
2,423245,-1,30,1,2,0,1,8,5,-1,0,0,0,1,1,-1,-1,0,0,2512,-1,-1,-1,-1,-1,-1,2,1,0,0,1,0,1,0,12,4,9,41.92251046,-87.78540684
0,423221,-1,30,0,0,0,1,7,6,-1,0,0,0,1,-1,-1,-1,16,-1,623,-1,-1,-1,-1,-1,-1,2,0,0,0,0,0,1,0,12,4,9,41.74861076,-87.63288752
0,423223,-1,5,0,0,0,1,7,12,-1,0,0,0,0,-1,-1,1,0,-1,124,-1,-1,-1,-1,-1,-1,2,0,0,0,0,0,1,0,12,4,9,41.86735164,-87.64064858
0,430006,-1,10,0,0,0,1,3,4,1,0,0,0,0,-1,-1,-1,0,0,1231,-1,-1,-1,-1,-1,-1,2,0,0,0,0,0,4,0,12,4,9,41.87642685,-87.66917652
0,423259,-1,20,0,0,0,1,0,0,1,0,0,0,0,-1,-1,-1,0,-1,1232,-1,-1,-1,-1,-1,-1,2,0,0,0,0,0,3,0,12,4,9,41.86626348,-87.65579393
0,423199,-1,30,0,0,0,1,10,5,-1,0,0,0,0,-1,-1,-1,7,-1,2523,-1,-1,-1,-1,-1,-1,2,0,0,0,0,0,3,0,12,4,9,41.93181753,-87.73335905
1,423219,-1,30,-1,-1,0,1,2,12,-1,0,0,0,1,-1,-1,-1,27,0,722,-1,-1,-1,-1,-1,-1,1,1,0,0,0,1,0,0,12,4,9,41.77265534,-87.62690885
0,423191,-1,30,1,2,0,1,14,3,3,0,0,0,1,1,-1,-1,16,6,411,-1,-1,-1,-1,-1,-1,2,0,0,0,0,0,4,0,12,4,9,41.75871547,-87.58628097
0,423256,-1,0,0,0,0,1,7,7,0,0,0,0,0,-1,1,-1,0,0,2515,-1,-1,-1,-1,-1,-1,2,0,0,0,0,0,1,0,12,4,9,41.91824745,-87.76366009
0,423186,-1,30,2,2,0,1,0,5,2,0,0,0,0,1,-1,-1,22,0,1922,-1,-1,-1,-1,-1,-1,3,0,0,0,0,0,3,0,12,4,9,41.95255607,-87.6691488