MOST_SEVERE_INJURY,RD_NO,CRASH_DATE_EST_I,POSTED_SPEED_LIMIT,TRAFFIC_CONTROL_DEVICE,DEVICE_CONDITION,WEATHER_CONDITION,LIGHTING_CONDITION,FIRST_CRASH_TYPE,TRAFFICWAY_TYPE,LANE_CNT,ALIGNMENT,ROADWAY_SURFACE_COND,ROAD_DEFECT,CRASH_TYPE,INTERSECTION_RELATED_I,NOT_RIGHT_OF_WAY_I,HIT_AND_RUN_I,PRIM_CONTRIBUTORY_CAUSE,SEC_CONTRIBUTORY_CAUSE,BEAT_OF_OCCURRENCE,PHOTOS_TAKEN_I,STATEMENTS_TAKEN_I,DOORING_I,WORK_ZONE_I,WORK_ZONE_TYPE,WORKERS_PRESENT_I,NUM_UNITS,INJURIES_TOTAL,INJURIES_FATAL,INJURIES_INCAPACITATING,INJURIES_NON_INCAPACITATING,INJURIES_REPORTED_NOT_EVIDENT,INJURIES_NO_INDICATION,INJURIES_UNKNOWN,CRASH_HOUR,CRASH_DAY_OF_WEEK,CRASH_MONTH,LATITUDE,LONGITUDE
0,423173,-1,35,0,0,0,1,0,3,4,0,0,0,1,-1,-1,-1,17,11,1023,-1,-1,-1,-1,-1,-1,2,0,0,0,0,0,2,0,12,4,9,41.86396298,-87.68791209
1,423134,-1,30,0,0,0,1,12,2,-1,0,0,0,1,-1,-1,-1,17,17,1231,-1,-1,-1,-1,-1,-1,2,2,0,0,0,2,0,0,12,4,9,41.86836365,-87.67154108
0,425143,-1,30,0,0,0,1,10,5,4,0,0,0,0,-1,-1,-1,0,0,1233,-1,-1,-1,-1,-1,-1,2,0,0,0,0,0,4,0,12,4,9,41.85724663,-87.66598319
0,423194,-1,30,0,0,0,1,7,6,1,0,0,0,0,-1,-1,-1,0,-1,2533,-1,-1,-1,-1,-1,-1,2,0,0,0,0,0,2,0,12,4,9,41.90815915,-87.75237837
0,423181,-1,20,0,0,0,1,12,6,-1,0,0,0,0,-1,-1,-1,17,0,814,-1,-1,-1,-1,-1,-1,2,0,0,0,0,0,2,0,12,4,9,41.80450761,-87.74810758
0,423167,-1,25,0,0,0,1,12,6,1,0,0,0,0,-1,-1,-1,0,0,2011,-1,-1,-1,-1,-1,-1,2,0,0,0,0,0,2,0,12,4,9,41.98082389,-87.69193395
0,423274,-1,30,1,2,0,1,10,5,-1,0,0,0,0,1,-1,-1,0,0,122,-1,-1,-1,-1,-1,-1,2,0,0,0,0,0,2,0,12,4,9,41.88248813,-87.63663333
0,423187,-1,10,0,0,0,1,2,7,-1,0,0,0,0,-1,1,-1,0,-1,812,-1,1,-1,-1,-1,-1,1,0,0,0,0,0,1,0,12,4,9,41.77449248,-87.76246506
0,423160,-1,30,0,0,0,1,7,7,-1,0,0,0,1,1,-1,-1,0,-1,1232,-1,-1,-1,-1,-1,-1,3,0,0,0,0,0,1,0,12,4,9,41.86335373,-87.65630054
0,426071,-1,30,0,0,0,1,7,5,2,0,0,0,0,-1,-1,1,16,11,822,-1,-1,-1,-1,-1,-1,2,0,0,0,0,0,1,0,12,4,9,41.78969494,-87.70972139
0,425902,-1,20,0,0,2,1,7,7,-1,0,1,-1,0,-1,1,1,0,0,214,-1,-1,-1,-1,-1,-1,2,0,0,0,0,0,1,0,12,4,9,41.82279058,-87.61253806
0,423536,-1,30,0,0,0,1,7,6,1,0,-1,-1,0,-1,-1,1,0,0,1915,-1,-1,-1,-1,-1,-1,2,0,0,0,0,0,1,0,12,4,9,41.96010994,-87.65643871
0,423368,1,30,0,0,-1,-1,7,5,2,0,-1,0,0,-1,-1,1,0,-1,2522,-1,-1,-1,-1,-1,-1,2,0,0,0,0,0,1,0,12,4,9,41.92218044,-87.7552378
2,423127,-1,30,1,2,0,1,10,3,-1,0,0,0,1,-1,-1,-1,18,-1,832,-1,-1,-1,-1,-1,-1,2,1,0,0,1,0,1,0,11,4,9,41.76461295,-87.68309387
0,423211,-1,30,0,0,0,1,4,5,-1,0,0,0,0,-1,-1,1,0,-1,913,-1,-1,-1,1,-1,1,1,0,0,0,0,0,1,0,11,4,9,41.83382874,-87.65575969
0,423133,-1,30,1,2,0,1,10,2,-1,0,0,0,0,1,-1,-1,16,-1,911,-1,-1,-1,-1,-1,-1,2,0,0,0,0,0,2,0,11,4,9,41.82803514,-87.70469773
0,17423539,-1,25,0,0,0,1,14,5,2,0,0,-1,0,-1,-1,-1,23,0,513,-1,-1,-1,-1,-1,-1,2,0,0,0,0,0,3,0,11,4,9,41.69418607,-87.61842919
0,423119,-1,30,0,0,0,1,7,5,2,0,0,0,0,-1,-1,1,20,-1,2012,-1,-1,-1,-1,-1,-1,2,0,0,0,0,0,1,0,11,4,9,41.97629123,-87.66897681
0,423103,-1,30,1,2,0,1,10,3,2,0,0,0,0,1,-1,-1,16,18,1614,-1,-1,-1,-1,-1,-1,2,0,0,0,0,0,4,0,11,4,9,41.95214259,-87.83681427
0,423112,-1,35,0,0,0,1,10,5,4,0,0,12,0,-1,-1,-1,0,0,815,-1,-1,-1,-1,-1,-1,2,0,0,0,0,0,2,0,11,4,9,41.80032065,-87.73163265
0,423258,-1,30,1,2,0,1,12,6,2,0,0,0,0,-1,-1,-1,22,17,122,-1,-1,-1,-1,-1,-1,2,0,0,0,0,0,2,0,11,4,9,41.87928469,-87.6336103
0,423214,-1,30,0,0,0,1,7,6,1,0,0,0,0,-1,-1,-1,20,0,1111,-1,-1,-1,-1,-1,-1,2,0,0,0,0,0,1,0,11,4,9,41.90151357,-87.73469405
0,423144,-1,15,0,0,0,1,5,0,1,0,0,0,0,1,-1,-1,11,-1,1433,-1,-1,-1,-1,-1,-1,1,0,0,0,0,0,1,0,11,4,9,41.90697032,-87.67190864
0,423113,-1,30,0,0,0,3,12,6,3,0,0,0,0,-1,-1,-1,21,17,122,-1,-1,-1,-1,-1,-1,2,0,0,0,0,0,4,0,11,4,9,41.87814535,-87.63648505
0,423081,-1,30,1,2,0,1,14,2,-1,0,0,0,0,-1,-1,1,23,-1,832,-1,1,-1,-1,-1,-1,2,0,0,0,0,0,2,0,11,4,9,41.77539838,-87.6833945
0,427167,-1,30,0,0,0,1,7,7,-1,0,0,0,0,-1,-1,-1,0,0,111,-1,-1,-1,-1,-1,-1,2,0,0,0,0,0,1,0,11,4,9,41.88342264,-87.62802165
0,423847,-1,30,0,0,0,1,7,5,-1,0,0,0,0,-1,-1,-1,21,21,131,-1,-1,-1,-1,-1,-1,2,0,0,0,0,0,1,0,11,4,9,41.86561286,-87.62957702
0,423085,-1,30,0,0,0,1,2,5,2,0,0,0,0,-1,-1,-1,18,18,414,-1,-1,-1,-1,-1,-1,2,0,0,0,0,0,2,0,11,4,9,41.75645923,-87.57623775
0,423451,-1,30,0,0,0,1,12,5,4,0,0,0,0,-1,-1,1,0,0,2013,-1,-1,-1,-1,-1,-1,2,0,0,0,0,0,2,0,10,4,9,41.98949132,-87.66987103
0,423092,-1,35,9,12,0,1,14,6,1,0,0,0,1,1,-1,-1,10,11,1135,-1,-1,-1,-1,-1,-1,2,0,0,0,0,0,2,0,10,4,9,41.86817066,-87.70077889
2,423394,-1,30,-1,-1,-1,1,8,5,-1,0,-1,-1,1,-1,-1,1,0,-1,1812,-1,-1,-1,-1,-1,-1,2,1,0,0,1,0,1,0,10,4,9,41.92528651,-87.65346369
0,423114,-1,30,0,0,0,1,0,5,-1,0,0,0,0,-1,-1,1,17,-1,623,-1,-1,-1,-1,-1,-1,2,0,0,0,0,0,3,0,10,4,9,41.75641611,-87.63104074
0,423076,-1,30,0,0,0,1,7,7,3,0,0,0,0,-1,-1,1,0,-1,1513,-1,-1,-1,-1,-1,-1,2,0,0,0,0,0,1,0,10,4,9,41.87952374,-87.77449051
2,423115,-1,30,1,2,0,1,0,2,2,0,0,0,1,1,-1,-1,6,6,2535,-1,-1,-1,-1,-1,-1,2,1,0,0,1,0,2,0,10,4,9,41.90284281,-87.71671138
0,425694,-1,30,0,0,-1,1,7,6,1,0,-1,0,0,-1,-1,1,0,-1,1934,-1,-1,-1,-1,-1,-1,2,0,0,0,0,0,1,0,10,4,9,41.9375796,-87.64237931
0,423022,-1,30,1,2,0,1,14,6,-1,0,-1,0,0,1,-1,1,23,-1,124,-1,-1,-1,1,0,1,2,0,0,0,0,0,2,0,10,4,9,41.87433384,-87.64227556
0,423025,-1,30,0,0,0,1,10,5,2,0,0,0,0,-1,-1,-1,16,18,1822,-1,-1,-1,-1,-1,-1,2,0,0,0,0,0,2,0,10,4,9,41.90450211,-87.64826687
0,423014,-1,30,0,0,0,1,10,3,5,0,0,0,0,-1,-1,-1,11,0,815,-1,-1,-1,-1,-1,-1,2,0,0,0,0,0,2,0,10,4,9,41.81501174,-87.74321342
0,423073,-1,30,1,2,0,1,14,5,2,0,0,0,0,-1,-1,-1,17,17,2211,-1,-1,-1,-1,-1,-1,2,0,0,0,0,0,2,0,10,4,9,41.69109511,-87.72045552
0,423035,-1,30,0,0,0,1,14,2,-1,0,0,0,0,-1,-1,1,0,-1,725,-1,-1,-1,-1,-1,-1,2,0,0,0,0,0,2,0,10,4,9,41.77931322,-87.66635347
1,422990,-1,30,1,2,0,1,14,6,4,0,0,0,1,1,-1,-1,22,-1,1831,-1,-1,-1,-1,-1,-1,2,1,0,0,0,1,1,0,10,4,9,41.8932767,-87.63568944
1,423002,-1,30,0,0,0,1,14,5,4,0,0,0,1,-1,-1,-1,23,17,1531,-1,-1,-1,-1,-1,-1,2,1,0,0,0,1,2,0,10,4,9,41.90217954,-87.75203645
0,422997,-1,30,0,0,2,1,10,2,2,0,0,-1,0,-1,-1,-1,0,-1,1033,-1,-1,-1,-1,-1,-1,2,0,0,0,0,0,2,0,10,4,9,41.84299599,-87.69530931
2,405471,-1,30,2,2,0,1,0,12,4,0,0,0,1,1,-1,-1,0,6,1113,-1,-1,-1,-1,-1,-1,2,1,0,0,1,0,1,0,10,4,9,41.88063406,-87.74295473
0,423005,-1,30,0,0,0,1,7,2,-1,0,0,0,0,-1,-1,1,0,-1,931,-1,-1,-1,-1,-1,-1,2,0,0,0,0,0,1,0,10,4,9,41.80847786,-87.66674535
0,429590,1,30,0,0,0,1,7,5,-1,0,0,0,0,-1,-1,1,0,0,1432,-1,-1,-1,-1,-1,-1,2,0,0,0,0,0,1,0,10,4,9,41.92489756,-87.68506053
2,428790,-1,30,0,0,-1,1,8,2,-1,0,-1,-1,1,-1,-1,-1,17,0,1933,-1,-1,1,-1,-1,-1,2,1,0,0,1,0,1,0,10,4,9,41.93617191,-87.65340849
0,424377,-1,10,0,0,2,1,7,7,2,0,1,0,0,-1,-1,-1,0,0,831,-1,-1,-1,-1,-1,-1,2,0,0,0,0,0,1,0,10,4,9,41.77199927,-87.68903786
0,423363,-1,30,0,0,0,1,7,6,-1,0,0,0,0,-1,-1,-1,22,22,122,-1,-1,-1,-1,-1,-1,2,0,0,0,0,0,1,0,10,4,9,41.88436464,-87.63168425
0,422933,-1,45,3,2,0,1,12,3,4,0,0,0,1,-1,-1,-1,11,11,214,-1,-1,-1,-1,-1,-1,3,0,0,0,0,0,3,0,10,4,9,41.82284377,-87.59951805
0,422968,-1,25,1,2,0,1,12,2,5,0,0,0,1,1,-1,-1,22,17,2411,-1,-1,-1,-1,-1,-1,3,0,0,0,0,0,3,0,9,4,9,42.00514229,-87.69013416
2,422970,-1,20,4,2,0,1,14,12,-1,3,0,0,1,1,-1,-1,17,-1,1412,-1,-1,-1,-1,-1,-1,2,1,0,0,1,0,1,0,9,4,9,41.93211931,-87.70757691
0,422948,1,30,0,0,0,1,12,5,-1,0,0,0,0,-1,-1,1,17,0,825,-1,-1,-1,-1,-1,-1,2,0,0,0,0,0,3,0,9,4,9,41.78039045,-87.68381819
0,425886,-1,30,1,2,0,1,10,2,2,0,0,0,0,1,-1,-1,18,-1,1723,-1,-1,-1,-1,-1,-1,2,0,0,0,0,0,2,0,9,4,9,41.95606956,-87.72283569
0,424403,-1,30,1,2,0,1,10,1,-1,0,0,0,0,1,-1,-1,18,-1,2413,-1,-1,-1,-1,-1,-1,2,0,0,0,0,0,3,0,9,4,9,41.9905322,-87.69925788
0,423666,-1,30,0,0,0,1,7,7,1,0,0,0,0,-1,-1,1,0,-1,1411,-1,-1,-1,-1,-1,-1,2,0,0,0,0,0,1,0,9,4,9,41.93399049,-87.69177553
2,422883,-1,30,0,0,0,1,8,5,2,0,0,0,1,-1,-1,-1,21,16,1934,-1,-1,-1,-1,-1,-1,2,1,0,0,1,0,1,0,9,4,9,41.93411787,-87.64612385
0,422947,-1,30,2,2,0,1,0,2,-1,0,0,0,0,-1,-1,-1,17,0,1225,-1,-1,-1,-1,-1,-1,2,0,0,0,0,0,2,0,9,4,9,41.87389262,-87.67902041
0,422984,-1,35,1,2,0,1,10,2,2,0,0,0,0,1,-1,-1,15,16,1833,-1,-1,-1,-1,-1,-1,2,0,0,0,0,0,3,0,9,4,9,41.89681157,-87.62197763
3,422925,-1,20,0,0,0,1,10,5,3,0,0,0,1,1,-1,-1,16,-1,2512,-1,-1,-1,-1,-1,-1,2,1,0,1,0,0,1,0,9,4,9,41.92716483,-87.80621904
0,422904,1,25,0,0,0,1,10,5,-1,0,0,0,0,-1,-1,-1,0,0,1831,-1,-1,-1,-1,-1,-1,2,0,0,0,0,0,2,0,9,4,9,41.89175706,-87.62957511
0,422903,-1,35,1,2,0,1,12,5,-1,0,0,12,0,-1,-1,-1,23,-1,612,-1,-1,-1,-1,-1,-1,2,0,0,0,0,0,2,0,9,4,9,41.75038805,-87.65367506
0,424686,-1,30,0,0,0,1,7,5,-1,0,0,0,0,-1,-1,1,0,0,1813,-1,-1,-1,-1,-1,-1,2,0,0,0,0,0,1,0,9,4,9,41.91657954,-87.64158747
0,424508,-1,0,0,0,0,2,7,7,-1,0,0,0,0,-1,-1,1,0,0,2413,-1,-1,-1,-1,-1,-1,2,0,0,0,0,0,1,0,9,4,9,41.99053779,-87.70210624
0,423001,-1,30,0,0,0,1,7,5,-1,0,0,0,0,-1,-1,-1,20,-1,512,-1,-1,-1,-1,-1,-1,2,0,0,0,0,0,1,0,9,4,9,41.70332816,-87.62986119
0,422898,-1,35,2,2,0,1,10,2,4,0,0,0,0,1,-1,-1,15,16,1823,-1,-1,-1,-1,-1,-1,2,0,0,0,0,0,2,0,9,4,9,41.9005409,-87.63747118
0,422865,-1,30,2,2,0,1,5,5,2,0,0,0,0,-1,-1,1,17,5,221,-1,-1,-1,-1,-1,-1,2,0,0,0,0,0,2,0,8,4,9,41.81634139,-87.60809652
0,424426,-1,30,2,2,0,1,12,8,-1,0,0,0,0,-1,-1,-1,22,0,1224,-1,-1,-1,-1,-1,-1,2,0,0,0,0,0,2,0,8,4,9,41.8819098,-87.6456222
0,422879,-1,30,1,2,0,1,10,6,3,0,0,0,0,1,-1,1,6,16,1831,-1,-1,-1,-1,-1,-1,2,0,0,0,0,0,4,0,8,4,9,41.88791028,-87.63088541
0,425752,-1,20,0,0,0,1,7,5,2,0,0,0,0,-1,-1,1,20,21,1215,-1,-1,-1,-1,-1,-1,2,0,0,0,0,0,1,0,8,4,9,41.88763694,-87.66096657
0,425196,-1,0,0,0,0,1,12,3,-1,0,0,0,0,-1,-1,-1,11,-1,213,-1,-1,-1,-1,-1,-1,2,0,0,0,0,0,2,0,8,4,9,41.83078218,-87.62679018
0,422982,-1,25,0,0,0,1,12,6,2,0,0,-1,0,-1,-1,-1,18,0,524,-1,-1,-1,-1,-1,-1,2,0,0,0,0,0,2,0,8,4,9,41.68426102,-87.65443443
0,422874,-1,30,1,2,0,1,12,2,4,0,0,0,0,-1,-1,-1,11,-1,632,-1,-1,-1,-1,-1,-1,2,0,0,0,0,0,3,0,8,4,9,41.73639698,-87.61467092
0,423018,-1,45,0,0,0,1,10,2,4,0,0,0,0,-1,-1,-1,18,18,132,-1,-1,-1,-1,-1,-1,2,0,0,0,0,0,2,0,8,4,9,41.86262829,-87.61503109
0,422857,-1,30,0,0,0,1,0,5,2,0,0,0,0,-1,-1,-1,33,17,1712,-1,-1,-1,-1,-1,-1,2,0,0,0,0,0,2,0,8,4,9,41.96856245,-87.74065932
0,422847,-1,30,2,0,0,1,0,5,-1,0,0,0,0,-1,-1,-1,33,-1,1624,-1,-1,-1,-1,-1,-1,2,0,0,0,0,0,2,0,8,4,9,41.95884573,-87.75275647
0,423557,-1,30,0,0,0,1,12,6,2,0,0,0,0,-1,-1,-1,22,0,331,-1,-1,-1,-1,-1,-1,2,0,0,0,0,0,2,0,8,4,9,41.76638513,-87.57257191
0,433742,-1,30,1,2,-1,1,12,12,0,0,-1,0,0,1,-1,-1,0,0,131,-1,-1,-1,-1,-1,-1,2,0,0,0,0,0,2,0,8,4,9,41.85293397,-87.63021424
0,422875,-1,30,0,0,0,1,7,2,-1,0,0,0,0,-1,-1,-1,2,0,1911,-1,-1,-1,-1,-1,-1,2,0,0,0,0,0,2,0,8,4,9,41.96588385,-87.68660116
0,422839,-1,25,0,0,0,1,0,5,-1,0,0,0,0,-1,-1,-1,17,-1,2011,-1,-1,-1,-1,-1,-1,2,0,0,0,0,0,2,0,8,4,9,41.98669564,-87.69426722
0,422825,-1,30,9,0,0,1,9,3,4,0,-1,-1,0,-1,-1,-1,0,4,1921,-1,-1,-1,-1,-1,-1,2,0,0,0,0,0,2,0,8,4,9,41.94158571,-87.6883762
2,422856,-1,25,2,2,0,1,14,5,2,0,0,0,1,1,-1,1,17,-1,2413,-1,-1,-1,-1,-1,-1,2,1,0,0,1,0,1,0,8,4,9,41.99393766,-87.69348726
1,422834,-1,30,1,2,0,1,8,2,4,0,0,0,1,0,-1,1,0,-1,711,-1,-1,-1,-1,-1,-1,2,1,0,0,0,1,1,0,8,4,9,41.77997915,-87.63744655
0,423054,-1,0,0,0,0,1,2,6,1,0,12,12,1,-1,-1,-1,-1,-1,1723,-1,-1,-1,1,2,-1,1,0,0,0,0,0,1,0,8,4,9,41.96027255,-87.7203122
0,422864,-1,10,0,0,0,1,2,7,-1,0,0,0,1,-1,1,-1,33,-1,1931,-1,-1,-1,-1,-1,-1,1,0,0,0,0,0,2,0,8,4,9,41.93226786,-87.67042726
0,422854,-1,35,3,0,0,1,12,2,6,0,0,0,0,-1,-1,-1,4,21,811,-1,-1,-1,-1,-1,-1,2,0,0,0,0,0,4,0,8,4,9,41.7908892,-87.80133631
0,422835,-1,30,0,0,0,1,14,3,2,0,0,0,1,1,-1,-1,17,-1,1731,-1,-1,-1,-1,-1,-1,2,0,0,0,0,0,2,0,8,4,9,41.95052839,-87.74283314
0,422817,-1,20,2,2,0,1,0,5,-1,0,0,0,0,1,-1,-1,17,-1,1633,-1,-1,-1,-1,-1,-1,2,0,0,0,0,0,2,0,8,4,9,41.94029823,-87.78371072
0,422959,-1,45,1,2,0,1,12,6,3,0,0,0,0,1,-1,-1,0,0,114,-1,-1,-1,-1,-1,-1,2,0,0,0,0,0,2,0,8,4,9,41.88450785,-87.61385687
0,432059,-1,30,0,0,0,1,11,5,-1,0,0,-1,0,-1,-1,-1,-1,-1,1822,-1,-1,-1,-1,-1,-1,2,0,0,0,0,0,2,0,8,4,9,41.90727556,-87.65081282
0,422851,-1,30,0,0,0,1,2,6,-1,0,0,1,1,-1,-1,-1,28,-1,1524,-1,1,-1,1,2,-1,1,0,0,0,0,0,1,0,8,4,9,41.89402194,-87.76338597
0,423789,-1,30,2,0,0,1,0,6,1,0,0,0,0,1,-1,1,5,-1,922,-1,-1,-1,-1,-1,-1,2,0,0,0,0,0,3,0,8,4,9,41.80808393,-87.70045734
0,422897,-1,30,1,2,0,1,10,5,2,0,0,0,0,1,-1,-1,18,18,133,-1,-1,-1,-1,-1,-1,2,0,0,0,0,0,2,0,8,4,9,41.84576272,-87.61714775
0,422855,-1,30,0,0,0,1,7,2,-1,0,0,0,0,-1,-1,-1,23,-1,414,-1,-1,-1,-1,-1,-1,2,0,0,0,0,0,1,0,8,4,9,41.75876403,-87.57636891
0,422849,-1,30,1,1,0,1,12,2,2,0,0,0,0,1,-1,-1,22,22,1224,-1,-1,-1,0,-1,-1,2,0,0,0,0,0,2,0,8,4,9,41.88205641,-87.64751792
0,422813,-1,15,0,0,0,1,10,7,-1,0,0,0,0,-1,1,-1,17,17,1623,-1,-1,-1,-1,-1,-1,2,0,0,0,0,0,2,0,8,4,9,41.96199537,-87.75583462
0,422819,-1,35,0,0,0,1,10,5,2,0,0,0,1,-1,-1,0,27,18,1411,-1,-1,-1,-1,-1,-1,2,0,0,0,0,0,4,0,7,4,9,41.93212472,-87.69747135
0,423920,-1,35,1,2,0,1,14,5,2,0,0,0,0,1,-1,-1,16,11,1231,-1,-1,-1,-1,-1,-1,2,0,0,0,0,0,2,0,7,4,9,41.87152099,-87.66640737
0,422828,-1,30,0,0,0,1,11,5,-1,0,0,0,1,-1,-1,-1,27,11,413,-1,-1,-1,-1,-1,-1,3,0,0,0,0,0,5,0,7,4,9,41.73098592,-87.5754243
0,422815,-1,30,1,2,0,1,7,5,4,0,0,0,0,-1,-1,-1,-1,-1,1922,-1,-1,-1,-1,-1,-1,2,0,0,0,0,0,1,0,7,4,9,41.94688129,-87.66862621
0,422794,-1,30,2,2,0,1,14,2,-1,0,0,0,0,-1,-1,-1,20,20,934,-1,-1,-1,-1,-1,-1,2,0,0,0,0,0,2,0,7,4,9,41.79428374,-87.65507422
0,423826,-1,30,2,2,0,1,0,5,3,0,0,0,0,-1,-1,-1,17,17,1013,-1,-1,-1,-1,-1,-1,2,0,0,0,0,0,2,0,7,4,9,41.84443834,-87.718517
0,423520,-1,25,0,0,0,1,7,5,2,0,0,0,0,-1,-1,1,0,0,235,-1,-1,-1,-1,-1,-1,2,0,0,0,0,0,1,0,7,4,9,41.79328789,-87.58811105
0,422812,-1,30,1,2,0,1,12,5,2,0,0,0,0,-1,-1,-1,0,0,1731,-1,-1,-1,-1,-1,-1,2,0,0,0,0,0,2,0,7,4,9,41.94590661,-87.7347975
0,422788,-1,30,0,0,0,1,7,5,-1,0,0,0,0,1,-1,-1,21,-1,914,-1,-1,-1,-1,-1,-1,2,0,0,0,0,0,8,0,7,4,9,41.84536566,-87.64009744
0,422793,-1,25,0,0,0,1,7,5,2,0,0,0,0,-1,-1,-1,17,17,2433,-1,-1,-1,-1,-1,-1,2,0,0,0,0,0,1,0,7,4,9,41.99444076,-87.66063392
0,422787,-1,30,1,2,0,1,7,6,3,0,0,0,0,-1,-1,-1,0,0,1712,-1,-1,-1,-1,-1,-1,2,0,0,0,0,0,7,0,7,4,9,41.9685572,-87.72300237
0,422797,-1,30,2,2,0,1,0,5,-1,0,0,0,1,-1,-1,-1,17,-1,831,-1,-1,-1,-1,-1,-1,3,0,0,0,0,0,5,0,7,4,9,41.76812436,-87.69082061
0,422786,-1,30,2,2,0,1,0,5,-1,0,0,0,1,-1,-1,-1,28,-1,1233,-1,-1,-1,1,-1,-1,2,0,0,0,0,0,2,0,7,4,9,41.86141786,-87.66638826
2,422785,-1,30,0,0,0,1,9,5,-1,0,0,0,1,1,-1,-1,0,-1,1231,-1,-1,-1,-1,-1,-1,2,1,0,0,1,0,1,0,7,4,9,41.87299498,-87.66824882
0,426442,-1,30,0,0,0,1,10,5,2,0,0,0,0,-1,-1,-1,16,11,824,-1,-1,-1,-1,-1,-1,2,0,0,0,0,0,2,0,7,4,9,41.79186009,-87.68901561
0,422827,-1,30,0,0,0,1,12,2,-1,0,0,0,1,-1,-1,-1,21,-1,922,-1,-1,-1,-1,-1,-1,2,0,0,0,0,0,2,0,7,4,9,41.80823345,-87.70367513
0,422823,-1,30,0,0,0,1,10,5,2,0,0,0,0,-1,-1,-1,0,-1,1023,-1,-1,-1,-1,-1,-1,2,0,0,0,0,0,2,0,7,4,9,41.85238489,-87.69560817
0,422818,-1,30,0,0,0,1,0,6,1,0,0,0,0,-1,-1,-1,22,-1,1712,-1,-1,-1,-1,-1,-1,2,0,0,0,0,0,2,0,7,4,9,41.97031604,-87.71501462
0,423335,-1,25,0,0,0,1,12,5,-1,0,0,0,0,-1,-1,1,21,21,1112,-1,-1,-1,-1,-1,-1,2,0,0,0,0,0,2,0,7,4,9,41.89550064,-87.72134269
2,422778,-1,30,2,2,0,1,14,3,2,0,0,0,1,1,1,-1,17,11,835,-1,-1,-1,-1,-1,-1,2,2,0,0,2,0,0,0,7,4,9,41.74606264,-87.70214324
0,422859,-1,30,0,0,0,1,7,5,4,0,0,0,0,-1,-1,1,-1,-1,614,-1,-1,-1,-1,-1,-1,2,0,0,0,0,0,1,0,7,4,9,41.73894787,-87.6629984
0,422776,-1,35,0,0,0,1,10,5,-1,0,0,0,0,-1,-1,-1,18,-1,1723,-1,-1,-1,-1,-1,-1,2,0,0,0,0,0,2,0,7,4,9,41.95556977,-87.72752398
0,422805,-1,20,2,2,0,1,14,6,1,0,0,0,0,1,-1,-1,8,11,1032,-1,-1,-1,-1,-1,-1,2,0,0,0,0,0,2,0,7,4,9,41.84435839,-87.71005694
0,423128,-1,30,0,0,0,1,2,12,0,0,0,0,0,-1,1,1,20,-1,324,-1,-1,-1,-1,-1,-1,1,0,0,0,0,0,1,0,7,4,9,41.75912382,-87.58629429
0,423523,0,25,0,-1,0,1,7,2,4,0,0,0,0,-1,-1,1,-1,-1,124,-1,-1,-1,0,-1,-1,2,0,0,0,0,0,1,0,7,4,9,41.86903091,-87.64210022
0,422965,-1,30,0,0,0,1,7,6,1,0,0,0,0,-1,-1,1,0,-1,1512,-1,-1,-1,-1,-1,-1,2,0,0,0,0,0,1,0,7,4,9,41.88317938,-87.76675767
0,422829,0,0,0,0,0,1,7,12,0,0,0,0,0,-1,-1,1,0,0,713,-1,-1,-1,-1,-1,-1,2,0,0,0,0,0,1,0,7,4,9,41.79356019,-87.66377047
0,422777,-1,30,-1,-1,-1,1,12,5,-1,0,-1,-1,0,-1,-1,-1,0,0,1935,-1,-1,-1,-1,-1,-1,2,0,0,0,0,0,2,0,7,4,9,41.92571993,-87.63918933
0,422771,-1,25,2,2,0,1,14,5,-1,0,0,0,0,1,-1,-1,0,-1,1531,-1,-1,-1,-1,-1,-1,2,0,0,0,0,0,2,0,7,4,9,41.89511222,-87.74593243
0,422763,-1,30,0,0,0,1,14,5,2,0,0,0,1,1,-1,-1,23,33,2232,-1,-1,-1,-1,-1,-1,2,0,0,0,0,0,2,0,7,4,9,41.7069373,-87.65257917
0,422784,-1,30,0,0,0,1,7,5,-1,0,0,0,0,-1,-1,1,0,0,2432,-1,-1,-1,-1,-1,-1,2,0,0,0,0,0,1,0,6,4,9,42.00496255,-87.66557302
2,423642,-1,30,1,2,0,1,8,2,-1,0,0,0,1,1,-1,-1,17,-1,1213,-1,-1,-1,-1,-1,-1,2,1,0,0,1,0,1,0,6,4,9,41.89999271,-87.6566981
0,422774,-1,30,1,2,0,1,14,1,-1,0,0,0,1,1,-1,-1,17,16,1432,-1,-1,-1,-1,-1,-1,2,0,0,0,0,0,2,0,6,4,9,41.92142214,-87.67790011
0,427840,-1,30,0,0,0,1,12,5,-1,0,0,0,0,-1,-1,-1,22,22,711,-1,-1,-1,-1,-1,-1,2,0,0,0,0,0,2,0,6,4,9,41.78729337,-87.63580685
0,422750,-1,30,1,2,0,2,12,12,5,0,0,0,0,1,-1,1,22,23,1633,-1,-1,-1,-1,-1,-1,2,0,0,0,0,0,6,0,6,4,9,41.94598712,-87.76669687
0,422752,-1,30,1,-1,0,1,10,5,4,0,-1,0,0,-1,-1,1,0,-1,821,-1,-1,-1,-1,-1,-1,2,0,0,0,0,0,2,0,6,4,9,41.80201154,-87.72326782
0,426987,-1,30,0,0,0,1,10,12,-1,0,0,0,0,-1,-1,-1,11,0,122,-1,-1,-1,-1,-1,-1,2,0,0,0,0,0,2,0,6,4,9,41.87676664,-87.63158766