MOST_SEVERE_INJURY,RD_NO,CRASH_DATE_EST_I,POSTED_SPEED_LIMIT,TRAFFIC_CONTROL_DEVICE,DEVICE_CONDITION,WEATHER_CONDITION,LIGHTING_CONDITION,FIRST_CRASH_TYPE,TRAFFICWAY_TYPE,LANE_CNT,ALIGNMENT,ROADWAY_SURFACE_COND,ROAD_DEFECT,CRASH_TYPE,INTERSECTION_RELATED_I,NOT_RIGHT_OF_WAY_I,HIT_AND_RUN_I,PRIM_CONTRIBUTORY_CAUSE,SEC_CONTRIBUTORY_CAUSE,BEAT_OF_OCCURRENCE,PHOTOS_TAKEN_I,STATEMENTS_TAKEN_I,DOORING_I,WORK_ZONE_I,WORK_ZONE_TYPE,WORKERS_PRESENT_I,NUM_UNITS,INJURIES_TOTAL,INJURIES_FATAL,INJURIES_INCAPACITATING,INJURIES_NON_INCAPACITATING,INJURIES_REPORTED_NOT_EVIDENT,INJURIES_NO_INDICATION,INJURIES_UNKNOWN,CRASH_HOUR,CRASH_DAY_OF_WEEK,CRASH_MONTH,LATITUDE,LONGITUDE
0,422748,-1,30,0,0,0,1,12,2,4,0,0,0,0,-1,-1,-1,17,21,1634,-1,-1,-1,-1,-1,-1,2,0,0,0,0,0,2,0,5,4,9,41.94960587,-87.74733133
0,422746,0,30,1,2,0,3,14,3,4,0,0,0,1,1,-1,-1,23,23,811,-1,-1,-1,-1,-1,-1,2,0,0,0,0,0,2,0,5,4,9,-1,-1
0,422744,-1,30,3,2,0,3,7,6,1,0,0,0,0,-1,-1,1,21,-1,2531,-1,-1,-1,-1,-1,-1,2,0,0,0,0,0,1,0,5,4,9,41.91195827,-87.77051969
0,422885,-1,30,0,0,0,-1,12,2,-1,0,0,0,0,-1,-1,1,0,0,2213,-1,-1,-1,-1,-1,-1,2,0,0,0,0,0,2,0,5,4,9,41.70811023,-87.68152743
1,422737,-1,30,1,2,0,3,9,5,4,0,0,0,1,-1,-1,-1,16,-1,1222,-1,-1,-1,-1,-1,-1,2,1,0,0,0,1,1,0,5,4,9,41.88118544,-87.69636211
0,422749,-1,35,0,0,0,2,4,5,-1,0,12,4,0,-1,-1,-1,-1,-1,623,-1,-1,-1,-1,-1,-1,1,0,0,0,0,0,1,0,4,4,9,41.75105182,-87.62509381
2,422719,0,35,0,0,0,3,3,5,2,0,0,0,1,-1,-1,-1,17,0,1532,-1,-1,-1,-1,-1,-1,2,1,0,0,1,0,1,0,3,4,9,41.88692012,-87.7456569
2,422723,-1,30,1,2,0,0,8,3,4,0,0,0,1,-1,-1,-1,17,16,1233,-1,-1,-1,-1,-1,-1,2,1,0,0,1,0,1,0,3,4,9,41.86681108,-87.67639815
4,422722,-1,35,0,0,0,3,3,5,-1,0,0,12,1,-1,-1,-1,16,28,1131,-1,1,-1,1,2,-1,2,2,1,0,1,0,0,0,3,4,9,41.86741741,-87.74465254
0,422712,-1,30,0,12,0,3,2,3,1,0,0,1,0,-1,-1,-1,4,-1,312,-1,-1,-1,-1,-1,-1,1,0,0,0,0,0,1,0,2,4,9,41.77307841,-87.61553447
0,423327,1,30,0,0,0,1,10,5,2,0,0,0,1,-1,-1,-1,0,-1,732,-1,-1,-1,-1,-1,-1,2,0,0,0,0,0,2,0,2,4,9,41.76119257,-87.64416558
0,422699,-1,30,0,0,0,3,7,6,1,0,1,0,1,-1,-1,1,21,0,413,-1,-1,-1,-1,-1,-1,2,0,0,0,0,0,1,0,2,4,9,41.72685622,-87.58683663
0,422695,-1,20,0,0,0,0,7,6,1,0,0,0,1,-1,-1,1,16,14,423,-1,-1,-1,-1,-1,-1,3,0,0,0,0,0,1,0,2,4,9,41.72874918,-87.55937182
0,422693,-1,35,1,2,0,3,14,3,-1,0,0,0,0,1,-1,-1,11,-1,1814,-1,-1,-1,-1,-1,-1,2,0,0,0,0,0,2,0,2,4,9,41.91124966,-87.63330025
0,422681,1,30,0,0,0,3,7,6,1,0,0,0,0,-1,-1,1,20,0,2532,-1,-1,-1,-1,-1,-1,2,0,0,0,0,0,1,0,0,4,9,41.91251349,-87.75929368
2,422663,-1,30,7,12,0,3,10,5,6,0,0,0,1,-1,-1,-1,16,0,811,-1,-1,-1,-1,-1,-1,2,2,0,0,2,0,1,0,0,4,9,41.79185207,-87.8013778
0,423253,-1,30,0,0,0,0,7,5,-1,0,0,0,0,-1,-1,1,0,0,1512,-1,-1,-1,-1,-1,-1,2,0,0,0,0,0,1,0,0,4,9,41.88812654,-87.77476193
0,423210,-1,25,0,0,0,0,5,3,-1,0,0,0,0,-1,-1,-1,0,-1,835,-1,-1,-1,-1,-1,-1,1,0,0,0,0,0,1,0,0,4,9,41.75807305,-87.68564694
0,422667,-1,30,0,0,0,3,7,5,2,0,0,0,0,-1,-1,1,0,0,1224,-1,-1,-1,-1,-1,-1,2,0,0,0,0,0,1,0,23,3,9,41.88338658,-87.65339165
2,422642,-1,35,2,2,0,3,10,2,6,2,0,0,1,1,-1,-1,16,0,833,-1,-1,-1,-1,-1,-1,2,1,0,0,1,0,1,0,23,3,9,41.764012,-87.72220593
0,422654,1,25,0,0,0,3,7,6,1,0,0,0,0,-1,-1,-1,0,-1,1513,-1,-1,-1,-1,-1,-1,2,0,0,0,0,0,1,0,23,3,9,41.8669338,-87.7728058
0,12422602,-1,30,0,0,0,3,12,2,-1,0,0,0,1,-1,-1,-1,14,21,821,-1,-1,-1,-1,-1,-1,2,0,0,0,0,0,2,0,23,3,9,41.80821469,-87.70512534
3,422662,-1,30,0,0,0,3,0,5,-1,0,0,0,1,1,-1,-1,0,0,2534,-1,-1,-1,-1,-1,-1,2,1,0,1,0,0,2,0,23,3,9,41.90266281,-87.73380837
0,422634,-1,30,0,0,0,3,2,2,2,0,0,0,1,-1,-1,-1,0,18,523,-1,-1,-1,-1,-1,-1,1,0,0,0,0,0,1,0,23,3,9,41.66339987,-87.63775085
0,422625,-1,30,1,2,0,3,7,5,2,0,0,0,1,-1,-1,-1,6,23,912,-1,-1,-1,-1,-1,-1,2,0,0,0,0,0,1,0,23,3,9,41.82317827,-87.67006678
0,424381,-1,30,0,0,-1,-1,10,5,-1,0,0,0,0,-1,-1,1,16,-1,2524,-1,-1,-1,-1,-1,-1,2,0,0,0,0,0,2,0,23,3,9,41.9261172,-87.72667032
0,422631,-1,30,0,0,0,0,7,7,-1,0,0,0,1,-1,-1,1,11,-1,511,-1,-1,-1,-1,-1,-1,2,0,0,0,0,0,2,0,23,3,9,41.70720733,-87.62367051
2,422604,-1,30,2,2,0,3,0,5,2,0,0,0,1,1,-1,-1,17,-1,612,-1,1,-1,-1,-1,-1,3,3,0,0,3,0,0,0,22,3,9,41.75397186,-87.65882803
0,422607,-1,30,2,2,0,3,0,2,2,0,0,0,0,1,-1,-1,16,0,522,-1,-1,-1,-1,-1,-1,2,0,0,0,0,0,2,0,22,3,9,41.67995929,-87.62278038
2,422896,-1,30,1,2,0,3,2,2,-1,0,0,0,1,1,-1,-1,0,-1,712,-1,-1,-1,-1,-1,-1,1,1,0,0,1,0,0,0,22,3,9,41.79379968,-87.64986115
-1,422633,-1,25,0,0,0,3,2,12,1,0,0,0,0,-1,-1,-1,0,-1,1823,-1,-1,-1,-1,-1,-1,1,-1,-1,-1,-1,-1,-1,-1,22,3,9,41.89734644,-87.64163288
0,424956,-1,30,0,0,0,3,7,6,-1,0,0,0,0,-1,-1,1,-1,-1,1524,-1,-1,-1,-1,-1,-1,2,0,0,0,0,0,1,0,22,3,9,41.90116364,-87.75836568
0,422563,-1,0,0,0,0,3,2,0,-1,0,0,0,0,-1,-1,-1,0,0,725,-1,-1,-1,-1,-1,-1,1,0,0,0,0,0,2,0,21,3,9,41.77939947,-87.66172037
2,422697,-1,30,1,2,0,3,10,3,-1,0,0,0,1,1,-1,0,18,-1,431,-1,-1,-1,-1,-1,-1,2,1,0,0,1,0,3,0,21,3,9,41.72229329,-87.58043247
-1,422569,-1,35,0,0,0,3,7,2,4,0,0,0,1,-1,-1,1,0,0,1221,-1,-1,-1,-1,-1,-1,2,-1,-1,-1,-1,-1,-1,-1,21,3,9,41.89012853,-87.68653021
2,422513,-1,30,1,2,0,3,9,5,4,0,0,0,1,1,-1,-1,17,0,1733,-1,-1,-1,-1,-1,-1,2,1,0,0,1,0,1,0,21,3,9,41.95383186,-87.70786486
0,422537,-1,25,0,0,0,3,7,5,-1,0,0,0,0,-1,-1,-1,0,0,2413,-1,-1,-1,-1,-1,-1,2,0,0,0,0,0,1,0,21,3,9,41.99496266,-87.68227928
0,423713,-1,30,0,0,0,4,10,5,-1,0,0,0,0,-1,-1,-1,-1,-1,834,-1,-1,-1,-1,-1,-1,2,0,0,0,0,0,2,0,21,3,9,41.749339,-87.72205209
0,422514,-1,30,0,0,0,3,12,6,-1,0,0,-1,0,-1,-1,-1,0,0,2023,-1,-1,-1,-1,-1,-1,2,0,0,0,0,0,3,0,21,3,9,41.97777211,-87.65630515
3,422500,-1,30,0,0,0,0,8,2,4,0,0,0,1,-1,-1,-1,0,0,434,-1,-1,-1,-1,-1,-1,2,1,0,1,0,0,1,0,21,3,9,41.70265509,-87.55110538
0,422504,1,30,0,0,0,3,14,2,2,0,0,0,0,-1,-1,-1,0,0,1913,-1,-1,-1,-1,-1,-1,2,0,0,0,0,0,2,0,21,3,9,41.96889481,-87.66105522
0,422590,-1,30,0,0,0,1,7,6,1,0,0,0,0,-1,-1,-1,22,0,2023,-1,-1,-1,-1,-1,-1,2,0,0,0,0,0,1,0,21,3,9,41.98240319,-87.65643464
0,422627,0,30,2,2,0,3,7,5,2,0,0,0,0,-1,-1,1,0,0,1034,-1,-1,-1,-1,-1,-1,2,0,0,0,0,0,1,0,20,3,9,41.85011783,-87.68054044
1,422484,-1,30,1,2,0,3,14,2,1,0,0,0,1,1,-1,-1,17,-1,622,-1,-1,-1,-1,-1,-1,2,1,0,0,0,1,1,0,20,3,9,41.74342733,-87.63218113
0,422477,1,30,0,0,0,3,7,7,2,0,0,0,0,-1,-1,1,0,-1,833,-1,-1,-1,-1,-1,-1,2,0,0,0,0,0,1,0,20,3,9,41.75466012,-87.74138476
3,422461,-1,30,0,0,0,3,8,2,4,0,0,0,1,-1,-1,1,17,25,1833,-1,-1,-1,-1,-1,-1,2,1,0,1,0,0,1,0,20,3,9,41.89681955,-87.62593378
0,437619,-1,30,1,2,-1,3,14,5,-1,0,-1,0,0,1,-1,-1,17,0,732,-1,-1,-1,-1,-1,-1,2,0,0,0,0,0,2,0,20,3,9,41.76890243,-87.63490633
0,422526,-1,30,0,0,0,0,10,7,-1,0,0,0,0,-1,-1,-1,20,-1,2535,-1,-1,-1,-1,-1,-1,2,0,0,0,0,0,2,0,20,3,9,41.90579384,-87.72625114
0,422492,-1,30,1,2,0,3,14,5,3,0,0,0,0,1,-1,-1,21,-1,122,-1,-1,-1,-1,-1,-1,2,0,0,0,0,0,2,0,20,3,9,41.87571942,-87.63076281
0,422467,-1,35,1,-1,0,3,12,5,2,0,-1,-1,0,-1,-1,-1,22,0,1913,-1,-1,-1,-1,-1,-1,2,0,0,0,0,0,2,0,20,3,9,41.96175635,-87.66498865
0,422474,-1,25,0,0,0,3,2,6,1,0,0,0,0,-1,-1,1,20,25,1723,-1,-1,-1,-1,-1,-1,1,0,0,0,0,0,1,0,20,3,9,41.96301754,-87.71549761
0,422422,-1,30,1,0,0,3,10,3,-1,2,0,0,1,-1,-1,-1,16,-1,834,-1,-1,-1,-1,-1,-1,3,0,0,0,0,0,3,0,20,3,9,41.75282202,-87.74135449
0,422482,-1,30,0,0,0,3,7,5,2,0,0,0,0,-1,-1,-1,20,8,1621,-1,-1,-1,-1,-1,-1,2,0,0,0,0,0,1,0,20,3,9,42.00485444,-87.76280823
0,442417,-1,30,0,0,0,0,2,6,1,0,0,0,0,-1,-1,-1,10,0,1723,-1,-1,-1,-1,-1,-1,2,0,0,0,0,0,2,0,20,3,9,41.95801942,-87.72298726
0,423878,-1,10,0,0,0,3,7,7,-1,0,0,0,0,-1,-1,1,0,-1,1834,-1,-1,-1,-1,-1,-1,2,0,0,0,0,0,1,0,20,3,9,41.89179146,-87.62765774
0,422606,-1,35,0,0,0,0,11,5,2,0,0,0,0,-1,-1,-1,17,-1,2024,-1,-1,-1,-1,-1,-1,2,0,0,0,0,0,2,0,20,3,9,41.97500846,-87.65511965
0,422429,-1,25,0,0,0,3,7,5,-1,0,0,0,0,-1,-1,-1,0,0,1712,-1,-1,-1,-1,-1,-1,2,0,0,0,0,0,1,0,20,3,9,41.97763872,-87.71337285
0,422428,-1,30,0,0,0,3,7,5,-1,0,0,0,0,-1,0,1,0,-1,2433,-1,-1,-1,-1,-1,-1,2,0,0,0,0,0,1,0,20,3,9,41.99458281,-87.66737398
0,422435,-1,30,1,2,0,3,10,2,4,0,0,0,1,-1,-1,-1,16,-1,1121,-1,-1,-1,-1,-1,-1,3,0,0,0,0,0,3,0,19,3,9,41.90175377,-87.71500762
0,422406,-1,30,0,0,0,3,14,5,2,0,0,0,0,-1,-1,-1,17,-1,1413,-1,-1,-1,-1,-1,-1,2,0,0,0,0,0,3,0,19,3,9,41.91740411,-87.7156725
2,424571,-1,30,1,-1,0,0,9,2,-1,0,0,0,1,1,-1,1,0,-1,131,-1,-1,-1,-1,-1,-1,2,1,0,0,1,0,1,0,19,3,9,41.85299122,-87.62938693
0,422528,-1,30,0,0,0,1,12,5,2,0,0,0,0,-1,-1,-1,0,0,1632,-1,-1,-1,-1,-1,-1,2,0,0,0,0,0,2,0,19,3,9,41.94933508,-87.78655023
0,422465,-1,30,12,2,0,3,7,2,2,0,0,0,0,-1,-1,1,21,11,1633,-1,-1,-1,-1,-1,-1,2,0,0,0,0,0,1,0,19,3,9,41.93866932,-87.76777554
0,422360,0,30,0,0,0,1,0,2,-1,0,0,0,0,-1,-1,-1,17,17,2424,-1,-1,-1,-1,-1,-1,2,0,0,0,0,0,2,0,19,3,9,42.00862563,-87.67402715
0,422359,-1,25,2,2,0,4,7,5,2,0,0,0,1,1,-1,-1,11,33,914,-1,-1,-1,-1,-1,-1,6,0,0,0,0,0,1,0,19,3,9,41.84126381,-87.63310599
0,422381,-1,35,0,0,0,0,7,2,-1,0,0,0,1,-1,-1,-1,21,-1,921,-1,0,-1,-1,-1,-1,3,0,0,0,0,0,1,0,19,3,9,41.82158852,-87.68492723
0,422358,-1,15,0,0,0,3,0,7,1,0,0,-1,0,-1,-1,1,-1,-1,1713,-1,-1,-1,-1,-1,-1,2,0,0,0,0,0,2,0,19,3,9,41.96922339,-87.70835313
0,422490,-1,30,0,0,0,4,12,2,4,0,0,0,0,-1,-1,1,21,-1,1031,-1,-1,-1,-1,-1,-1,2,0,0,0,0,0,2,0,19,3,9,41.82572962,-87.72426458
0,422339,-1,30,1,2,0,1,14,5,2,0,0,0,0,-1,-1,-1,17,17,1033,-1,-1,-1,-1,-1,-1,2,0,0,0,0,0,3,0,19,3,9,41.8444281,-87.70489189
0,422366,-1,30,0,0,0,4,0,5,-1,0,0,0,0,-1,-1,-1,0,0,1915,-1,-1,-1,-1,-1,-1,2,0,0,0,0,0,2,0,19,3,9,41.957231,-87.65476836
2,422330,-1,30,0,0,0,3,8,2,2,0,0,0,1,-1,-1,-1,-1,-1,2522,-1,1,1,-1,-1,-1,2,1,0,0,1,0,0,0,19,3,9,41.91698873,-87.75012835
0,422317,-1,30,0,0,0,4,7,6,1,0,0,0,0,-1,-1,-1,-1,-1,1622,-1,-1,-1,-1,-1,-1,2,0,0,0,0,0,1,0,19,3,9,41.97155675,-87.77477128
0,422481,-1,25,1,2,0,1,10,5,4,0,0,0,0,1,-1,-1,0,0,1013,-1,-1,-1,-1,-1,-1,2,0,0,0,0,0,3,0,19,3,9,41.85130385,-87.73464514
0,422347,-1,15,0,0,0,4,0,7,-1,0,0,0,0,-1,-1,-1,20,-1,314,-1,-1,-1,-1,-1,-1,2,0,0,0,0,0,2,0,19,3,9,41.78393277,-87.58818269
0,422333,-1,30,0,0,0,1,10,5,2,0,0,0,0,-1,-1,1,18,-1,1621,-1,-1,-1,-1,-1,-1,2,0,0,0,0,0,2,0,19,3,9,41.99743743,-87.7638592
0,422321,-1,30,1,2,0,1,10,6,3,0,0,0,0,1,-1,-1,16,16,122,-1,-1,-1,-1,-1,-1,2,0,0,0,0,0,2,0,18,3,9,41.88180474,-87.63695259
0,422309,-1,30,0,0,0,1,12,2,4,0,0,0,0,-1,-1,-1,18,-1,1212,-1,-1,-1,-1,-1,-1,3,0,0,0,0,0,3,0,18,3,9,41.89895811,-87.68677785
0,422288,-1,30,1,2,0,1,10,5,4,0,0,0,0,1,-1,-1,0,0,2521,-1,-1,-1,-1,-1,-1,2,0,0,0,0,0,2,0,18,3,9,41.92434704,-87.74642764
0,422520,0,15,0,0,0,1,7,7,0,0,0,0,0,-1,-1,1,20,11,1411,-1,-1,-1,-1,-1,-1,2,0,0,0,0,0,1,0,18,3,9,41.9317527,-87.69169984
0,422261,-1,30,1,2,0,1,8,6,2,0,0,0,0,1,-1,-1,0,0,1831,-1,-1,-1,-1,-1,-1,2,0,0,0,0,0,2,0,18,3,9,41.89075483,-87.6281141
2,422239,-1,30,0,0,0,1,14,5,2,0,0,0,1,1,-1,-1,17,11,1933,-1,-1,-1,-1,-1,-1,2,1,0,0,1,0,1,0,18,3,9,41.93976468,-87.65647301
0,422251,-1,30,0,0,0,1,0,5,-1,0,0,0,1,1,-1,-1,17,0,835,-1,-1,-1,-1,-1,-1,2,0,0,0,0,0,3,0,18,3,9,41.76096279,-87.68300147
0,422234,-1,10,0,0,0,1,7,0,-1,0,0,0,1,-1,-1,1,20,-1,2534,-1,0,-1,-1,-1,-1,2,0,0,0,0,0,1,0,18,3,9,41.90423483,-87.73492147
0,442440,-1,30,0,0,0,1,10,6,2,0,0,-1,0,-1,-1,-1,20,11,122,-1,-1,-1,-1,-1,-1,2,0,0,0,0,0,3,0,18,3,9,41.87693666,-87.63510521
0,422276,-1,30,1,2,0,1,12,6,-1,0,0,0,0,-1,-1,1,21,-1,711,-1,-1,-1,-1,-1,-1,2,0,0,0,0,0,2,0,18,3,9,41.79406259,-87.63208763
0,422326,-1,30,1,2,0,4,14,2,2,0,0,0,0,0,-1,-1,21,17,114,-1,-1,-1,-1,-1,-1,2,0,0,0,0,0,2,0,18,3,9,41.88772085,-87.62075091
0,424642,-1,30,0,0,0,1,10,5,-1,0,0,0,0,-1,-1,-1,0,0,2032,-1,-1,-1,-1,-1,-1,2,0,0,0,0,0,2,0,18,3,9,41.97507922,-87.67952139
0,423331,-1,30,0,0,0,1,10,5,4,0,0,0,0,-1,-1,1,18,11,1034,-1,-1,-1,-1,-1,-1,2,0,0,0,0,0,2,0,18,3,9,41.85046066,-87.671071
0,422588,-1,30,0,0,0,1,14,5,-1,0,0,0,0,-1,-1,-1,22,-1,2514,-1,-1,-1,-1,-1,-1,2,0,0,0,0,0,2,0,18,3,9,41.92869818,-87.76250307
0,422466,-1,30,0,0,0,1,7,12,-1,0,0,0,0,-1,-1,1,20,0,332,-1,-1,-1,-1,-1,-1,2,0,0,0,0,0,1,0,18,3,9,41.76628593,-87.58273421
0,422310,0,30,0,0,0,1,7,5,3,0,0,0,0,-1,-1,1,0,-1,1433,-1,-1,-1,-1,-1,-1,2,0,0,0,0,0,1,0,18,3,9,41.91119311,-87.66670001
0,422237,-1,30,0,0,0,1,10,5,-1,0,0,0,0,-1,-1,-1,0,0,1033,-1,-1,-1,-1,-1,-1,2,0,0,0,0,0,2,0,18,3,9,41.84623517,-87.70443477
0,422223,-1,30,1,2,0,1,0,5,4,0,0,0,0,-1,-1,-1,0,0,1723,-1,-1,-1,-1,-1,-1,2,0,0,0,0,0,3,0,18,3,9,41.95376073,-87.72740175
0,422257,-1,30,1,2,0,1,12,5,-1,0,0,0,0,-1,-1,-1,0,0,1723,-1,-1,-1,-1,-1,-1,2,0,0,0,0,0,2,0,17,3,9,41.95567894,-87.71924216
0,422271,-1,25,0,0,0,1,7,6,-1,0,0,0,0,-1,-1,1,-1,-1,1135,-1,-1,-1,-1,-1,-1,2,0,0,0,0,0,1,0,17,3,9,41.87301334,-87.69405699
0,422240,-1,30,0,0,0,1,12,5,-1,0,0,0,0,-1,-1,1,21,0,1833,-1,-1,-1,-1,-1,-1,2,0,0,0,0,0,2,0,17,3,9,41.90043571,-87.62404448
0,422383,-1,30,0,0,0,1,10,5,2,0,0,0,0,-1,-1,-1,18,-1,2512,-1,-1,-1,-1,-1,-1,2,0,0,0,0,0,2,0,17,3,9,41.92377708,-87.78559306
2,422365,-1,30,0,0,0,1,10,5,-1,0,0,0,1,-1,-1,-1,18,-1,1731,-1,-1,-1,-1,-1,-1,3,2,0,0,2,0,2,0,17,3,9,41.93904111,-87.73928052
0,422298,-1,15,0,0,0,4,0,7,-1,0,-1,-1,0,-1,-1,-1,0,0,2411,-1,-1,-1,-1,-1,-1,2,0,0,0,0,0,2,0,17,3,9,42.01418398,-87.69037835
0,422204,-1,30,2,0,0,1,10,5,-1,0,0,0,1,-1,-1,-1,16,-1,1214,-1,-1,-1,-1,-1,-1,3,0,0,0,0,0,6,0,17,3,9,41.89118941,-87.65747031
0,422305,-1,30,0,0,0,1,10,2,-1,0,0,0,0,-1,-1,-1,18,0,2221,-1,-1,-1,-1,-1,-1,2,0,0,0,0,0,2,0,17,3,9,41.7211823,-87.67282974
0,422303,-1,30,0,0,0,1,12,5,4,0,0,0,0,-1,-1,1,21,0,1722,-1,-1,-1,-1,-1,-1,2,0,0,0,0,0,2,0,17,3,9,41.96091549,-87.74039792
0,422244,-1,30,0,0,0,1,7,5,-1,0,0,0,0,-1,-1,-1,0,0,524,-1,-1,-1,-1,-1,-1,2,0,0,0,0,0,1,0,17,3,9,41.68152837,-87.64217948
0,422182,-1,30,0,0,0,1,12,5,4,0,0,0,0,-1,-1,-1,0,0,1723,-1,-1,-1,-1,-1,-1,2,0,0,0,0,0,2,0,17,3,9,41.9641164,-87.72776846
2,422143,-1,40,1,2,0,1,12,3,4,0,0,0,1,-1,-1,-1,17,22,132,-1,-1,-1,-1,-1,-1,3,1,0,0,1,0,2,0,17,3,9,41.86490543,-87.61882294
2,422153,-1,30,0,0,0,1,10,3,4,0,0,0,1,-1,-1,-1,18,-1,1722,-1,-1,-1,-1,-1,-1,2,3,0,0,3,0,1,0,17,3,9,41.96062278,-87.74675239
0,422293,-1,35,0,0,0,1,7,7,-1,0,0,0,0,-1,-1,1,20,-1,222,-1,-1,-1,-1,-1,-1,2,0,0,0,0,0,2,0,17,3,9,41.80978742,-87.59361448
0,422213,-1,25,0,0,0,4,0,6,1,0,0,0,0,-1,-1,-1,17,16,1432,-1,1,-1,-1,-1,-1,2,0,0,0,0,0,2,0,17,3,9,41.9206775,-87.67837034
0,422184,-1,30,1,2,0,1,10,2,4,0,0,0,0,1,-1,-1,0,-1,614,-1,-1,-1,-1,-1,-1,2,0,0,0,0,0,2,0,17,3,9,41.73589862,-87.66312878
0,422156,-1,30,1,2,0,1,10,5,2,0,0,0,0,-1,-1,-1,18,18,1022,-1,-1,-1,-1,-1,-1,2,0,0,0,0,0,3,0,17,3,9,41.85190837,-87.70287599
0,429353,-1,30,1,2,0,1,10,5,4,0,0,0,0,-1,-1,-1,0,0,1211,-1,-1,-1,-1,-1,-1,3,0,0,0,0,0,4,0,17,3,9,41.89574543,-87.69920108
0,425188,-1,30,1,-1,0,1,10,5,2,0,0,-1,0,-1,-1,-1,0,0,835,-1,-1,-1,-1,-1,-1,2,0,0,0,0,0,2,0,17,3,9,41.7591586,-87.68324641
0,422216,-1,30,0,0,0,1,12,5,-1,0,0,0,0,1,-1,-1,0,0,1814,-1,-1,-1,-1,-1,-1,2,0,0,0,0,0,2,0,17,3,9,41.91300268,-87.63276689
2,422214,-1,30,2,2,0,1,10,5,-1,0,0,0,1,1,-1,-1,18,-1,1632,-1,-1,-1,-1,-1,-1,2,1,0,0,1,0,3,0,17,3,9,41.94548618,-87.79004255
0,422200,-1,30,0,0,0,1,7,7,-1,0,0,-1,0,-1,-1,1,0,0,835,-1,-1,-1,-1,-1,-1,2,0,0,0,0,0,1,0,17,3,9,41.73530803,-87.70195454
0,422118,-1,30,0,0,0,1,14,5,-1,0,0,0,1,-1,-1,-1,17,23,833,-1,-1,-1,-1,-1,-1,2,0,0,0,0,0,6,0,17,3,9,41.76693981,-87.72231845
0,429517,-1,30,0,0,0,1,14,5,4,0,0,0,0,1,-1,-1,17,0,821,-1,-1,-1,-1,-1,-1,2,0,0,0,0,0,4,0,17,3,9,41.80566962,-87.70405405
0,422197,-1,30,0,0,0,1,12,2,4,0,0,0,0,-1,-1,-1,0,0,1233,-1,-1,-1,-1,-1,-1,2,0,0,0,0,0,5,0,17,3,9,41.8576241,-87.66599063
0,422171,-1,30,0,0,0,1,10,5,-1,0,0,0,0,-1,-1,-1,-1,-1,811,-1,-1,-1,-1,-1,-1,2,0,0,0,0,0,2,0,17,3,9,41.792448,-87.77220973
0,422142,-1,30,0,0,0,1,12,5,2,0,0,0,0,-1,-1,-1,20,-1,1613,-1,-1,-1,-1,-1,-1,2,0,0,0,0,0,2,0,17,3,9,41.9781131,-87.79388632
1,422125,-1,20,1,2,0,1,9,5,2,0,0,0,1,1,-1,-1,17,-1,1123,-1,-1,-1,-1,-1,-1,2,1,0,0,0,1,1,0,17,3,9,41.88108116,-87.70624412
0,422113,-1,30,0,0,0,1,7,5,2,0,0,0,0,-1,-1,-1,20,33,911,-1,-1,-1,-1,-1,-1,2,0,0,0,0,0,1,0,17,3,9,41.82854799,-87.69248399
0,424189,-1,30,1,2,0,1,10,5,3,0,0,0,0,-1,-1,-1,18,18,1711,-1,-1,-1,-1,-1,-1,2,0,0,0,0,0,2,0,17,3,9,41.99723729,-87.71179778
0,422605,-1,0,0,0,0,4,7,7,-1,0,0,0,0,-1,1,-1,0,0,1224,-1,-1,-1,-1,-1,-1,2,0,0,0,0,0,1,0,17,3,9,41.88303934,-87.64717364
0,422245,0,30,0,0,0,1,7,6,1,0,0,0,0,-1,-1,0,0,0,623,-1,-1,-1,-1,-1,-1,2,0,0,0,0,0,1,0,17,3,9,41.75530751,-87.6181012
0,422167,-1,30,3,0,0,1,12,5,3,0,0,0,0,-1,-1,1,22,-1,1232,-1,-1,-1,-1,-1,-1,2,0,0,0,0,0,2,0,17,3,9,41.86768306,-87.64706703
0,422163,-1,15,0,0,0,1,7,7,-1,0,0,0,0,-1,1,1,0,0,1031,-1,-1,-1,-1,-1,-1,2,0,0,0,0,0,1,0,17,3,9,41.84313398,-87.72437216
0,422128,-1,30,2,2,0,1,7,5,2,0,0,0,0,0,-1,-1,23,0,2521,-1,-1,-1,-1,-1,-1,2,0,0,0,0,0,3,0,16,3,9,41.9351048,-87.7443404
0,422147,-1,35,-1,-1,0,1,12,-1,-1,0,0,-1,0,-1,-1,-1,-1,-1,234,-1,-1,-1,-1,-1,-1,2,0,0,0,0,0,2,0,16,3,9,41.79945117,-87.59058164
0,427085,-1,25,0,0,0,1,10,5,-1,0,0,0,0,-1,-1,1,17,-1,111,-1,-1,-1,-1,-1,-1,2,0,0,0,0,0,2,0,16,3,9,41.88683151,-87.62655609
0,422116,-1,30,1,2,0,1,12,3,4,0,0,0,0,-1,-1,-1,0,-1,1215,-1,-1,-1,-1,-1,-1,2,0,0,0,0,0,2,0,16,3,9,41.89603005,-87.66714336
0,422115,-1,30,0,0,0,1,10,5,2,0,0,0,0,-1,-1,1,18,0,831,-1,-1,-1,-1,-1,-1,2,0,0,0,0,0,4,0,16,3,9,41.77195258,-87.69193216
0,422060,-1,30,0,0,0,1,7,2,2,0,0,-1,0,-1,-1,-1,12,-1,2531,-1,-1,-1,-1,-1,-1,2,0,0,0,0,0,3,0,16,3,9,41.91271644,-87.77045668