MOST_SEVERE_INJURY,RD_NO,CRASH_DATE_EST_I,POSTED_SPEED_LIMIT,TRAFFIC_CONTROL_DEVICE,DEVICE_CONDITION,WEATHER_CONDITION,LIGHTING_CONDITION,FIRST_CRASH_TYPE,TRAFFICWAY_TYPE,LANE_CNT,ALIGNMENT,ROADWAY_SURFACE_COND,ROAD_DEFECT,CRASH_TYPE,INTERSECTION_RELATED_I,NOT_RIGHT_OF_WAY_I,HIT_AND_RUN_I,PRIM_CONTRIBUTORY_CAUSE,SEC_CONTRIBUTORY_CAUSE,BEAT_OF_OCCURRENCE,PHOTOS_TAKEN_I,STATEMENTS_TAKEN_I,DOORING_I,WORK_ZONE_I,WORK_ZONE_TYPE,WORKERS_PRESENT_I,NUM_UNITS,INJURIES_TOTAL,INJURIES_FATAL,INJURIES_INCAPACITATING,INJURIES_NON_INCAPACITATING,INJURIES_REPORTED_NOT_EVIDENT,INJURIES_NO_INDICATION,INJURIES_UNKNOWN,CRASH_HOUR,CRASH_DAY_OF_WEEK,CRASH_MONTH,LATITUDE,LONGITUDE
2,422056,-1,30,1,2,0,1,14,5,4,0,0,0,1,-1,-1,-1,23,-1,224,-1,-1,-1,-1,-1,-1,2,1,0,0,1,0,1,0,16,3,9,41.80907372,-87.62997639
0,422073,-1,30,1,2,0,1,10,5,-1,0,0,0,0,1,-1,1,18,0,835,-1,-1,-1,-1,-1,-1,2,0,0,0,0,0,5,0,16,3,9,41.75053192,-87.70256813
0,423504,-1,30,0,0,0,1,7,6,1,0,0,-1,0,-1,-1,1,0,0,612,-1,-1,-1,-1,-1,-1,2,0,0,0,0,0,1,0,16,3,9,41.74869742,-87.65718279
0,422419,-1,30,0,0,0,1,12,3,3,0,0,0,0,-1,-1,-1,22,-1,1224,-1,-1,-1,-1,-1,-1,2,0,0,0,0,0,2,0,16,3,9,41.88232958,-87.66698275
0,422126,-1,30,0,0,0,1,12,7,0,0,0,0,0,-1,-1,-1,0,0,1524,-1,-1,-1,-1,-1,-1,2,0,0,0,0,0,3,0,16,3,9,41.89476701,-87.76229007
2,422110,-1,30,0,0,0,1,8,2,4,0,0,0,1,-1,-1,-1,21,35,2513,-1,-1,-1,-1,-1,-1,2,1,0,0,1,0,1,0,16,3,9,41.90905336,-87.80104728
0,422079,-1,30,1,2,0,1,10,5,2,0,0,0,0,-1,-1,1,18,0,1623,-1,-1,-1,-1,-1,-1,2,0,0,0,0,0,2,0,16,3,9,41.96079002,-87.74768936
0,422077,-1,30,1,2,0,1,10,2,-1,0,0,0,0,-1,-1,-1,18,11,2212,-1,-1,-1,-1,-1,-1,2,0,0,0,0,0,2,0,16,3,9,41.68463047,-87.68107806
2,422037,-1,30,1,2,0,1,8,5,2,0,0,0,1,-1,-1,-1,33,0,1831,-1,-1,-1,-1,-1,-1,2,1,0,0,1,0,1,0,16,3,9,41.88932169,-87.63113299
1,422085,-1,30,4,2,0,1,14,2,2,0,0,0,1,-1,-1,-1,0,0,1033,-1,-1,-1,-1,-1,-1,2,2,0,0,0,2,4,0,16,3,9,41.84081413,-87.70478143
0,422029,-1,25,0,0,0,1,7,6,-1,0,0,0,0,-1,-1,1,-1,-1,1132,-1,-1,-1,-1,-1,-1,2,0,0,0,0,0,1,0,16,3,9,41.87517543,-87.72422173
2,429791,-1,30,0,0,0,1,8,5,-1,0,0,0,1,-1,-1,-1,17,16,1931,-1,-1,-1,-1,-1,-1,2,1,0,0,1,0,1,0,16,3,9,41.9384388,-87.68642675
0,422133,-1,20,0,0,0,1,7,7,-1,0,0,0,0,-1,-1,1,0,-1,1023,-1,-1,-1,-1,-1,-1,2,0,0,0,0,0,1,0,16,3,9,41.85210065,-87.68905111
0,422054,-1,25,3,2,0,1,10,6,3,3,0,0,0,-1,-1,-1,16,18,1653,-1,-1,-1,-1,-1,-1,2,0,0,0,0,0,4,0,16,3,9,-1,-1
1,422034,-1,30,1,2,0,1,0,5,-1,0,0,0,1,1,-1,-1,0,0,2013,-1,-1,-1,-1,-1,-1,2,3,0,0,0,3,2,0,16,3,9,41.98005977,-87.66011824
0,422018,-1,40,0,0,0,1,12,3,4,0,0,1,0,-1,-1,-1,22,16,114,-1,-1,-1,1,2,1,2,0,0,0,0,0,2,0,16,3,9,41.88447427,-87.61356137
0,422036,-1,20,0,0,0,1,12,5,-1,1,0,0,0,-1,-1,1,22,0,2211,-1,-1,-1,-1,-1,-1,2,0,0,0,0,0,2,0,16,3,9,41.69868703,-87.70605884
2,422009,-1,35,1,2,0,1,9,5,4,0,0,0,1,1,-1,-1,17,-1,312,-1,-1,-1,-1,-1,-1,2,1,0,0,1,0,3,0,16,3,9,41.78000828,-87.62552251
0,422046,-1,30,0,0,0,1,10,5,2,0,0,0,1,-1,-1,-1,14,18,1623,-1,-1,-1,-1,-1,-1,3,0,0,0,0,0,3,0,16,3,9,41.96643876,-87.76728833
0,422773,-1,30,1,0,0,1,10,3,-1,0,0,0,0,1,-1,-1,18,0,2012,-1,-1,-1,-1,-1,-1,2,0,0,0,0,0,3,0,16,3,9,41.99039394,-87.68936982
0,422609,1,30,0,0,0,4,7,5,2,0,0,0,0,-1,-1,1,20,0,2212,-1,-1,-1,-1,-1,-1,2,0,0,0,0,0,1,0,16,3,9,41.69523293,-87.67145424
2,422134,-1,30,1,2,0,1,8,5,4,0,0,0,1,1,-1,-1,0,0,821,-1,-1,-1,-1,-1,-1,2,1,0,0,1,0,1,0,16,3,9,41.81077184,-87.70987777
0,422032,-1,15,0,0,0,1,10,5,-1,0,0,0,0,-1,-1,-1,22,0,314,-1,-1,-1,-1,-1,-1,2,0,0,0,0,0,3,0,16,3,9,41.7827788,-87.58803172
2,422013,-1,35,0,0,0,1,10,2,4,0,0,0,1,-1,-1,-1,18,16,813,-1,-1,-1,-1,-1,-1,2,1,0,0,1,0,1,0,16,3,9,41.77861213,-87.73612726
0,422005,-1,45,0,0,0,1,12,3,3,0,0,0,0,-1,-1,-1,0,-1,423,-1,-1,-1,-1,-1,-1,2,0,0,0,0,0,2,0,16,3,9,-1,-1
2,421980,-1,30,2,2,0,1,14,2,2,0,0,0,1,1,-1,-1,17,0,2213,-1,-1,-1,-1,-1,-1,2,4,0,0,1,3,0,0,15,3,9,41.71381758,-87.66167933
0,422183,-1,30,1,2,0,1,12,5,2,0,0,0,0,-1,-1,-1,0,0,2222,-1,-1,-1,-1,-1,-1,2,0,0,0,0,0,2,0,15,3,9,41.73595365,-87.64623314
0,422129,-1,30,1,2,0,1,0,5,2,0,0,0,1,1,-1,-1,0,-1,1232,-1,-1,-1,-1,-1,-1,2,0,0,0,0,0,2,0,15,3,9,41.87656877,-87.65201972
-1,422030,-1,30,0,0,0,1,9,5,2,0,0,0,1,-1,-1,0,32,20,234,-1,-1,-1,-1,-1,-1,-1,-1,-1,-1,-1,-1,-1,-1,15,3,9,41.80232706,-87.59057245
0,422093,-1,30,1,2,0,1,11,5,4,0,0,0,0,-1,-1,1,20,20,1033,-1,-1,-1,-1,-1,-1,2,0,0,0,0,0,4,0,15,3,9,41.84081413,-87.70478143
0,422372,-1,25,1,2,0,1,14,6,4,0,0,0,0,-1,-1,-1,23,-1,121,-1,-1,-1,-1,-1,-1,2,0,0,0,0,0,4,0,15,3,9,41.88432325,-87.64280649
0,422175,-1,0,0,0,0,1,12,2,4,3,0,0,0,-1,-1,-1,22,16,331,-1,-1,-1,-1,-1,-1,2,0,0,0,0,0,2,0,15,3,9,41.79147504,-87.58607129
0,422090,-1,30,0,0,0,1,10,5,2,0,0,0,0,1,-1,-1,16,12,412,-1,-1,-1,-1,-1,-1,2,0,0,0,0,0,3,0,15,3,9,41.73691648,-87.59358701
0,422084,-1,10,-1,-1,0,1,2,7,-1,0,-1,-1,0,-1,-1,-1,0,0,1933,-1,-1,-1,-1,-1,-1,1,0,0,0,0,0,1,0,15,3,9,41.93645017,-87.65055245
0,421991,-1,20,0,0,0,1,10,7,2,0,0,0,0,-1,-1,-1,0,0,1733,-1,-1,-1,-1,-1,-1,2,0,0,0,0,0,3,0,15,3,9,41.94653898,-87.70208489
0,421975,-1,30,0,0,0,1,14,5,-1,0,0,0,0,-1,-1,-1,23,-1,1921,-1,-1,-1,-1,-1,-1,2,0,0,0,0,0,4,0,15,3,9,41.94292021,-87.69342387
0,422196,-1,30,1,2,0,1,12,6,-1,0,0,0,0,-1,-1,-1,7,-1,121,-1,1,-1,-1,-1,-1,2,0,0,0,0,0,2,0,15,3,9,41.8845434,-87.64233139
0,423562,-1,30,0,0,0,1,10,12,4,0,0,-1,0,-1,-1,-1,0,0,1935,-1,-1,-1,-1,-1,-1,2,0,0,0,0,0,2,0,15,3,9,41.92620072,-87.63133087
2,422026,-1,30,0,0,0,1,14,2,4,0,0,0,1,1,-1,-1,-1,-1,735,-1,-1,-1,-1,-1,-1,2,3,0,0,3,0,2,0,15,3,9,41.76663746,-87.66398221
0,422086,-1,30,1,2,0,1,12,3,4,0,0,0,0,-1,-1,1,0,-1,524,-1,-1,-1,-1,-1,-1,2,0,0,0,0,0,2,0,15,3,9,41.67772083,-87.64205185
0,422071,-1,30,1,2,0,1,12,3,3,0,0,0,0,-1,-1,-1,22,-1,1231,-1,-1,-1,-1,-1,-1,2,0,0,0,0,0,2,0,15,3,9,41.8751259,-87.66677177
0,421965,-1,0,-1,-1,0,1,14,-1,-1,0,-1,-1,0,-1,-1,-1,0,-1,1232,-1,-1,-1,-1,-1,-1,2,0,0,0,0,0,4,0,15,3,9,41.86618552,-87.65423174
0,421945,-1,30,0,0,0,1,7,5,-1,0,0,0,0,-1,-1,-1,0,-1,1623,-1,-1,-1,-1,-1,-1,2,0,0,0,0,0,1,0,15,3,9,41.97265098,-87.75209504
2,421940,-1,30,1,2,0,1,0,3,4,0,0,0,1,1,-1,-1,0,0,411,-1,1,-1,1,2,-1,2,1,0,0,1,0,1,0,15,3,9,41.7514606,-87.58597199
0,421935,-1,30,1,2,0,1,8,2,4,0,0,0,0,-1,-1,1,0,0,834,-1,-1,-1,-1,-1,-1,2,0,0,0,0,0,2,0,15,3,9,41.74907939,-87.73898441
0,421947,-1,30,1,2,0,1,10,5,4,0,0,0,0,-1,-1,-1,16,-1,411,-1,-1,-1,-1,-1,-1,2,0,0,0,0,0,2,0,15,3,9,41.7514606,-87.58597199
0,421944,-1,30,0,0,0,1,12,5,2,0,0,0,0,-1,-1,-1,23,11,711,-1,-1,-1,-1,-1,-1,2,0,0,0,0,0,7,0,15,3,9,41.79303661,-87.64405629
-1,421932,-1,30,0,0,0,1,3,5,2,0,0,0,1,-1,-1,-1,21,10,1411,-1,-1,-1,-1,-1,-1,-1,-1,-1,-1,-1,-1,-1,-1,15,3,9,41.93237931,-87.70238411
0,432394,-1,20,2,2,-1,1,7,6,1,0,-1,-1,0,-1,-1,1,23,23,1731,-1,-1,-1,-1,-1,-1,2,0,0,0,0,0,1,0,15,3,9,41.94161034,-87.7295697
0,422012,-1,30,1,2,0,1,14,2,4,0,0,0,0,1,-1,1,23,0,1233,-1,-1,-1,-1,-1,-1,2,0,0,0,0,0,2,0,15,3,9,41.86681996,-87.66623562
0,421959,-1,30,0,0,0,1,10,5,2,0,0,0,0,-1,-1,1,0,0,1811,-1,-1,-1,-1,-1,-1,2,0,0,0,0,0,2,0,15,3,9,41.92106151,-87.65846398
0,421917,-1,30,1,2,0,1,7,2,2,2,0,0,0,-1,-1,-1,0,0,1032,-1,-1,-1,-1,-1,-1,2,0,0,0,0,0,11,0,15,3,9,41.84098398,-87.70508585
0,422059,-1,30,0,0,0,1,7,5,1,0,0,-1,0,-1,-1,-1,-1,-1,1711,-1,-1,-1,-1,-1,-1,2,0,0,0,0,0,3,0,15,3,9,41.99198796,-87.74638549
0,421906,-1,30,0,0,0,1,11,6,-1,0,0,0,0,-1,-1,-1,22,21,811,-1,-1,-1,-1,-1,-1,2,0,0,0,0,0,4,0,15,3,9,41.78914084,-87.78672203
0,422194,-1,0,0,0,-1,-1,12,-1,-1,0,-1,-1,0,-1,-1,-1,0,-1,1831,-1,-1,-1,-1,-1,-1,2,0,0,0,0,0,2,0,15,3,9,41.88807038,-87.62969226
0,422020,-1,30,0,0,0,1,12,6,-1,0,0,0,0,-1,-1,-1,0,0,122,-1,-1,-1,-1,-1,-1,2,0,0,0,0,0,2,0,15,3,9,41.88458315,-87.63196692
0,422004,-1,30,1,2,0,1,14,2,-1,0,12,12,1,1,-1,-1,0,0,1422,-1,-1,-1,-1,-1,-1,2,0,0,0,0,0,2,0,15,3,9,41.91006407,-87.71653386
0,421984,-1,30,1,2,0,1,10,5,-1,0,0,0,0,1,-1,-1,11,-1,1821,-1,-1,-1,-1,-1,-1,2,0,0,0,0,0,2,0,15,3,9,41.9040093,-87.63152232
0,421894,-1,30,2,2,0,1,14,5,-1,0,0,0,0,1,-1,-1,0,0,1024,-1,-1,-1,-1,-1,-1,2,0,0,0,0,0,4,0,15,3,9,41.85352188,-87.70788787
0,421960,-1,30,0,0,0,1,12,3,4,0,0,12,0,-1,-1,-1,22,-1,834,-1,-1,-1,-1,-1,-1,2,0,0,0,0,0,2,0,14,3,9,41.74945641,-87.73416572
0,421901,-1,30,0,0,0,1,0,12,-1,0,0,0,0,-1,-1,-1,-1,-1,723,-1,-1,-1,-1,-1,-1,2,0,0,0,0,0,2,0,14,3,9,41.77258336,-87.64453352
0,421937,-1,30,0,0,0,1,7,5,2,0,0,0,0,-1,-1,-1,0,0,1911,-1,-1,-1,-1,-1,-1,2,0,0,0,0,0,1,0,14,3,9,41.9644224,-87.68563929
-1,421865,-1,30,1,2,0,1,0,5,4,0,0,0,1,1,-1,-1,6,17,1225,-1,-1,-1,-1,-1,-1,-1,-1,-1,-1,-1,-1,-1,-1,14,3,9,41.87618617,-87.67667397
0,423003,1,25,0,0,0,1,10,5,2,0,0,0,0,-1,-1,-1,0,0,1811,-1,-1,-1,-1,-1,-1,2,0,0,0,0,0,2,0,14,3,9,41.92174967,-87.65848469
0,421986,-1,30,0,0,0,1,10,2,-1,0,0,0,0,-1,-1,-1,0,0,2211,-1,-1,-1,-1,-1,-1,2,0,0,0,0,0,2,0,14,3,9,41.68374288,-87.73939191
0,422052,-1,30,2,2,0,1,10,6,-1,0,0,0,0,1,-1,-1,20,17,1834,-1,-1,-1,-1,-1,-1,2,0,0,0,0,0,4,0,14,3,9,41.89500811,-87.62666641
0,421887,-1,30,2,2,0,1,0,5,-1,0,0,0,0,1,-1,-1,0,0,1031,-1,-1,-1,-1,-1,-1,2,0,0,0,0,0,2,0,14,3,9,41.83862885,-87.72454469
0,421843,-1,30,0,0,0,1,7,6,1,0,0,0,1,1,-1,-1,14,25,1121,-1,-1,-1,-1,-1,-1,2,0,0,0,0,0,1,0,14,3,9,41.8954058,-87.71250584
0,424028,1,5,0,0,0,1,7,7,-1,0,1,0,0,-1,1,1,0,0,1621,-1,-1,-1,-1,-1,-1,2,0,0,0,0,0,1,0,14,3,9,41.98454113,-87.76190182
0,422953,-1,30,0,2,0,1,14,5,-1,0,0,0,0,-1,-1,-1,0,0,221,-1,-1,-1,-1,-1,-1,2,0,0,0,0,0,2,0,14,3,9,41.81126144,-87.60674997
0,421921,-1,30,1,2,0,1,14,2,2,0,0,0,0,1,-1,-1,6,16,632,-1,-1,-1,-1,-1,-1,2,0,0,0,0,0,2,0,14,3,9,41.73660156,-87.6049681
0,421919,-1,30,1,2,0,1,10,5,2,0,0,0,0,-1,-1,-1,0,0,1031,-1,-1,-1,-1,-1,-1,2,0,0,0,0,0,3,0,14,3,9,41.83720564,-87.73423027
0,421890,-1,20,0,0,0,1,12,5,1,0,0,0,0,-1,-1,-1,17,-1,1623,-1,-1,-1,-1,-1,-1,2,0,0,0,0,0,5,0,14,3,9,41.9798092,-87.76610809
0,421861,-1,30,1,1,0,1,14,2,4,0,0,-1,0,1,-1,-1,0,-1,2513,-1,-1,-1,-1,-1,-1,2,0,0,0,0,0,2,0,14,3,9,41.90939057,-87.7756631
2,421863,-1,30,2,2,0,1,8,5,2,0,0,0,1,1,-1,1,17,0,915,-1,-1,-1,-1,-1,-1,2,1,0,0,1,0,1,0,14,3,9,41.83640937,-87.6402953
0,422094,-1,35,-1,-1,0,1,7,7,-1,0,0,-1,0,-1,-1,-1,-1,-1,321,-1,-1,-1,-1,-1,-1,2,0,0,0,0,0,1,0,14,3,9,41.77357381,-87.60563603
0,421953,-1,20,0,0,0,1,7,5,1,0,0,-1,0,-1,-1,1,0,0,1215,-1,-1,-1,-1,-1,-1,2,0,0,0,0,0,1,0,14,3,9,41.89546625,-87.65576637
0,422062,-1,30,0,0,0,1,7,5,2,0,0,0,0,-1,-1,-1,20,-1,1631,-1,-1,-1,-1,-1,-1,2,0,0,0,0,0,1,0,14,3,9,41.945047,-87.8292154
0,421884,-1,30,1,2,0,1,14,5,-1,0,-1,-1,0,1,-1,-1,0,0,2432,-1,-1,-1,-1,-1,-1,2,0,0,0,0,0,2,0,14,3,9,41.99821792,-87.66069526
1,421908,-1,30,1,2,0,1,14,3,-1,0,0,0,1,1,-1,-1,17,0,114,-1,-1,-1,-1,-1,-1,2,1,0,0,0,1,1,0,14,3,9,41.88771438,-87.62067477
2,421858,-1,30,1,2,0,1,14,2,4,0,0,0,1,1,-1,-1,0,-1,1231,-1,-1,-1,-1,-1,-1,2,1,0,0,1,0,1,0,14,3,9,41.87423016,-87.65696625
0,432604,-1,30,0,0,0,1,7,2,4,0,0,0,0,-1,-1,1,0,0,114,-1,-1,-1,-1,-1,-1,2,0,0,0,0,0,1,0,14,3,9,41.88792122,-87.61881394
0,422165,-1,30,0,0,0,1,12,5,-1,0,0,0,0,-1,-1,0,0,0,122,-1,-1,-1,-1,-1,-1,2,0,0,0,0,0,2,0,14,3,9,41.8837646,-87.63227535
0,421814,-1,30,0,2,0,1,10,5,2,0,0,-1,0,-1,-1,-1,18,-1,1111,-1,-1,-1,-1,-1,-1,2,0,0,0,0,0,3,0,14,3,9,41.89410338,-87.74563046
0,421869,-1,30,0,0,0,1,10,3,-1,0,0,0,0,-1,-1,1,21,-1,834,-1,-1,-1,-1,-1,-1,3,0,0,0,0,0,4,0,13,3,9,41.74926905,-87.725274
0,421784,-1,40,3,2,0,1,12,3,4,2,0,12,0,-1,-1,-1,0,0,1814,-1,-1,-1,1,2,-1,2,0,0,0,0,0,3,0,13,3,9,41.91185695,-87.62616952
0,421966,-1,30,0,0,0,1,12,5,2,0,-1,-1,0,-1,-1,-1,17,17,1814,-1,-1,-1,1,2,1,2,0,0,0,0,0,2,0,13,3,9,41.92185907,-87.63830977
0,421963,-1,25,0,0,0,1,10,5,-1,0,0,0,0,-1,-1,-1,-1,8,1133,-1,-1,-1,-1,-1,-1,2,0,0,0,0,0,2,0,13,3,9,41.8736763,-87.71578264
2,421790,-1,0,0,0,0,1,9,7,-1,0,0,0,1,-1,-1,1,20,0,1732,-1,-1,-1,-1,-1,-1,2,1,0,0,1,0,1,0,13,3,9,41.93938716,-87.71255881
0,421857,-1,30,1,3,0,1,10,5,-1,0,0,0,0,-1,-1,-1,0,-1,2524,-1,-1,-1,-1,-1,-1,3,0,0,0,0,0,3,0,13,3,9,41.93175116,-87.72123269
0,421852,-1,30,2,2,0,1,7,6,1,0,0,0,0,-1,-1,1,20,0,624,-1,-1,-1,-1,-1,-1,2,0,0,0,0,0,1,0,13,3,9,41.75301626,-87.60023009
0,421846,-1,35,0,0,0,1,12,5,4,0,0,0,0,-1,-1,1,18,19,321,-1,-1,-1,-1,-1,-1,2,0,0,0,0,0,2,0,13,3,9,41.77578255,-87.60597368
0,421800,-1,30,1,2,0,1,2,2,-1,0,-1,-1,0,-1,0,-1,0,-1,2013,-1,-1,-1,-1,-1,-1,1,0,0,0,0,0,1,0,13,3,9,41.98372427,-87.66059439
0,421798,-1,30,0,0,0,1,12,5,-1,0,3,0,0,-1,-1,-1,23,0,1623,-1,-1,-1,-1,-1,-1,2,0,0,0,0,0,2,0,13,3,9,41.97747008,-87.76829752
0,425878,-1,35,1,2,0,1,0,5,4,0,0,0,0,-1,-1,0,0,0,814,-1,-1,-1,-1,-1,-1,2,0,0,0,0,0,2,0,13,3,9,41.79608038,-87.76072418
2,423578,-1,30,0,0,2,1,9,5,-1,0,0,0,1,-1,-1,1,0,0,1831,-1,-1,-1,-1,-1,-1,2,1,0,0,1,0,1,0,13,3,9,41.89645506,-87.63634743
0,421900,-1,25,0,0,0,1,7,6,1,0,0,0,0,-1,-1,1,0,-1,214,-1,-1,-1,-1,-1,-1,2,0,0,0,0,0,1,0,13,3,9,41.81722398,-87.60200466
0,421888,-1,30,1,2,0,1,12,5,-1,0,0,0,0,1,-1,-1,0,0,1814,-1,-1,-1,-1,-1,-1,2,0,0,0,0,0,2,0,13,3,9,41.9220803,-87.63819132
0,421873,-1,30,0,0,0,1,12,6,3,0,0,0,0,-1,-1,-1,0,-1,122,-1,-1,-1,-1,-1,-1,2,0,0,0,0,0,2,0,13,3,9,41.88563146,-87.6314909
0,421789,-1,30,2,2,0,1,14,5,2,0,0,0,0,-1,-1,1,5,11,221,-1,-1,-1,-1,-1,-1,2,0,0,0,0,0,2,0,13,3,9,41.81126144,-87.60674997
0,421757,-1,30,0,0,0,1,14,2,2,0,0,0,1,-1,-1,-1,33,0,1531,-1,1,-1,-1,-1,-1,2,0,0,0,0,0,2,0,13,3,9,41.9022123,-87.74884541
0,421741,-1,35,0,0,0,1,11,5,2,0,0,0,1,-1,-1,-1,17,22,1822,-1,-1,-1,-1,-1,-1,2,0,0,0,0,0,2,0,13,3,9,41.90369297,-87.65231126
0,421923,-1,30,-1,-1,-1,1,12,5,-1,0,-1,-1,0,-1,-1,-1,-1,-1,2533,-1,-1,-1,-1,-1,-1,2,0,0,0,0,0,3,0,13,3,9,41.90963652,-87.75382945
0,421856,-1,30,-1,-1,0,1,10,3,4,0,-1,-1,0,-1,-1,-1,16,18,2513,-1,-1,-1,-1,-1,-1,2,0,0,0,0,0,2,0,13,3,9,41.90895167,-87.80566098
0,421832,-1,30,0,0,0,1,14,5,-1,0,0,0,0,-1,-1,-1,0,0,1611,-1,-1,-1,-1,-1,-1,2,0,0,0,0,0,2,0,13,3,9,41.99644718,-87.78720723
0,421878,-1,10,0,0,0,1,12,1,-1,0,0,0,0,-1,-1,-1,0,0,2432,-1,-1,-1,-1,-1,-1,2,0,0,0,0,0,2,0,13,3,9,41.99822606,-87.66732971
0,423263,-1,30,0,0,0,1,7,7,-1,0,0,0,0,-1,-1,-1,20,16,2534,-1,-1,-1,-1,-1,-1,2,0,0,0,0,0,2,0,13,3,9,41.90988087,-87.7351582
0,421730,-1,30,1,2,0,1,14,3,-1,0,0,2,0,1,-1,-1,23,-1,814,-1,-1,-1,-1,-1,-1,2,0,0,0,0,0,2,0,13,3,9,41.81672939,-87.74353671
0,421740,-1,30,1,2,0,1,12,2,2,0,0,0,0,-1,-1,1,0,0,1722,-1,-1,-1,-1,-1,-1,2,0,0,0,0,0,2,0,13,3,9,41.96047776,-87.72796166
0,425948,-1,30,1,2,0,1,14,5,4,0,0,0,0,1,-1,-1,23,0,1211,-1,-1,-1,-1,-1,-1,2,0,0,0,0,0,2,0,13,3,9,41.89838622,-87.70652372
0,421967,-1,30,2,2,0,1,7,5,-1,0,0,0,0,-1,-1,-1,23,0,1222,-1,-1,-1,-1,-1,-1,2,0,0,0,0,0,1,0,13,3,9,41.88468981,-87.68790741
0,421778,-1,30,1,2,0,1,12,5,3,0,0,0,0,1,-1,-1,0,-1,1233,-1,-1,-1,-1,-1,-1,2,0,0,0,0,0,2,0,13,3,9,41.8648761,-87.68608357
0,421732,-1,30,0,0,0,1,7,3,4,0,0,0,0,-1,-1,-1,20,0,1213,-1,-1,-1,-1,-1,-1,2,0,0,0,0,0,1,0,13,3,9,41.90069981,-87.66756697
0,421726,-1,10,0,0,0,1,7,7,1,0,1,0,0,-1,1,1,0,0,1931,-1,-1,-1,-1,-1,-1,2,0,0,0,0,0,1,0,13,3,9,41.92883739,-87.67397132
0,422608,-1,30,2,2,0,1,10,5,2,0,0,0,0,1,-1,-1,0,0,1822,-1,-1,-1,-1,-1,-1,2,0,0,0,0,0,2,0,12,3,9,41.90052514,-87.6482547
1,421689,-1,30,1,2,0,1,0,6,2,0,0,0,1,1,-1,-1,17,16,1123,-1,-1,-1,-1,-1,-1,2,2,0,0,0,2,3,0,12,3,9,41.88171348,-87.71027914
0,421775,-1,15,0,0,0,1,7,7,-1,0,0,0,0,-1,-1,1,-1,-1,234,-1,-1,-1,-1,-1,-1,2,0,0,0,0,0,1,0,12,3,9,41.79720538,-87.5874128
0,421762,-1,30,1,2,0,1,12,5,-1,0,0,0,0,1,-1,-1,0,0,111,-1,-1,-1,-1,-1,-1,2,0,0,0,0,0,2,0,12,3,9,41.88809155,-87.6246827
0,421723,-1,20,0,0,0,1,7,6,1,0,0,0,0,-1,-1,-1,0,-1,2424,-1,-1,-1,-1,-1,-1,2,0,0,0,0,0,1,0,12,3,9,42.01082209,-87.67524902
0,421777,-1,5,0,0,0,3,2,7,0,0,0,0,0,-1,1,-1,11,0,123,-1,-1,-1,-1,-1,-1,1,0,0,0,0,0,1,0,12,3,9,41.87169777,-87.62748447
0,421724,-1,20,0,0,0,1,0,7,-1,0,0,0,0,-1,1,-1,17,-1,1632,-1,-1,-1,-1,-1,-1,2,0,0,0,0,0,2,0,12,3,9,41.95854835,-87.78691899
0,421949,-1,15,0,0,0,1,7,7,-1,0,0,0,0,-1,-1,1,0,19,1432,-1,-1,-1,-1,-1,-1,2,0,0,0,0,0,1,0,12,3,9,41.93126646,-87.68627205
0,421744,-1,30,-1,-1,-1,2,14,5,-1,0,-1,-1,0,-1,-1,1,-1,-1,2525,-1,-1,-1,-1,-1,-1,2,0,0,0,0,0,4,0,12,3,9,41.91721872,-87.73107198
0,421662,-1,30,0,0,0,1,7,6,1,0,0,0,0,-1,-1,-1,33,0,2024,-1,-1,-1,-1,-1,-1,2,0,0,0,0,0,1,0,12,3,9,41.97542131,-87.65309564
0,421696,-1,30,1,2,0,1,10,5,4,0,0,0,0,1,-1,-1,0,0,1232,-1,-1,-1,-1,-1,-1,2,0,0,0,0,0,3,0,12,3,9,41.86719869,-87.65095043
0,421699,-1,30,0,0,0,1,14,5,-1,0,0,0,0,-1,-1,-1,20,-1,1432,-1,-1,-1,-1,-1,-1,2,0,0,0,0,0,2,0,12,3,9,41.93089955,-87.686173
0,421641,-1,30,0,0,0,1,0,5,2,0,0,0,0,-1,-1,-1,20,-1,1812,-1,-1,-1,-1,-1,-1,2,0,0,0,0,0,3,0,12,3,9,41.91829647,-87.64778894
0,421635,-1,30,1,2,0,1,10,5,2,0,0,0,0,-1,-1,1,18,-1,1712,-1,-1,-1,-1,-1,-1,2,0,0,0,0,0,2,0,12,3,9,41.96845723,-87.71831899
0,421721,-1,10,0,0,0,1,7,7,0,0,0,-1,0,-1,-1,-1,0,0,432,-1,-1,-1,-1,-1,-1,2,0,0,0,0,0,1,0,12,3,9,41.70812442,-87.53543392
0,421673,-1,30,0,0,0,1,7,2,4,0,0,0,0,-1,-1,1,0,-1,2513,-1,-1,-1,-1,-1,-1,2,0,0,0,0,0,2,0,12,3,9,41.90930629,-87.78014621
0,421637,-1,25,1,2,0,1,14,5,2,0,0,0,1,-1,-1,-1,21,-1,131,-1,-1,-1,-1,-1,-1,2,0,0,0,0,0,3,0,12,3,9,41.85299122,-87.62938693
0,421622,-1,25,2,12,0,1,0,5,2,0,0,-1,1,1,-1,-1,0,0,2433,-1,-1,-1,-1,-1,-1,2,0,0,0,0,0,2,0,12,3,9,41.99451432,-87.66786907
0,421619,-1,20,2,2,0,1,14,6,-1,0,0,0,0,-1,-1,-1,22,-1,2011,-1,-1,-1,-1,-1,-1,2,0,0,0,0,0,3,0,12,3,9,41.97941409,-87.68935483