MOST_SEVERE_INJURY,RD_NO,CRASH_DATE_EST_I,POSTED_SPEED_LIMIT,TRAFFIC_CONTROL_DEVICE,DEVICE_CONDITION,WEATHER_CONDITION,LIGHTING_CONDITION,FIRST_CRASH_TYPE,TRAFFICWAY_TYPE,LANE_CNT,ALIGNMENT,ROADWAY_SURFACE_COND,ROAD_DEFECT,CRASH_TYPE,INTERSECTION_RELATED_I,NOT_RIGHT_OF_WAY_I,HIT_AND_RUN_I,PRIM_CONTRIBUTORY_CAUSE,SEC_CONTRIBUTORY_CAUSE,BEAT_OF_OCCURRENCE,PHOTOS_TAKEN_I,STATEMENTS_TAKEN_I,DOORING_I,WORK_ZONE_I,WORK_ZONE_TYPE,WORKERS_PRESENT_I,NUM_UNITS,INJURIES_TOTAL,INJURIES_FATAL,INJURIES_INCAPACITATING,INJURIES_NON_INCAPACITATING,INJURIES_REPORTED_NOT_EVIDENT,INJURIES_NO_INDICATION,INJURIES_UNKNOWN,CRASH_HOUR,CRASH_DAY_OF_WEEK,CRASH_MONTH,LATITUDE,LONGITUDE
0,421600,-1,30,1,2,0,1,12,2,-1,0,0,0,1,1,-1,-1,21,-1,931,-1,-1,-1,-1,-1,-1,2,0,0,0,0,0,2,0,11,3,9,41.80573602,-87.68364022
0,421675,-1,40,1,2,0,1,7,5,4,0,0,0,0,-1,-1,-1,0,0,631,0,-1,-1,-1,-1,-1,2,0,0,0,0,0,1,0,11,3,9,41.74702704,-87.60497088
2,421601,-1,30,2,2,0,1,14,5,2,2,0,0,1,1,-1,-1,17,-1,1433,-1,-1,-1,-1,-1,-1,2,1,0,0,1,0,1,0,11,3,9,41.90918192,-87.66104958
0,421579,-1,30,1,2,0,1,14,2,-1,0,0,0,0,-1,-1,-1,23,-1,1414,-1,-1,-1,-1,-1,-1,2,0,0,0,0,0,2,0,11,3,9,41.92487124,-87.70243666
0,421626,-1,30,1,2,0,1,10,3,2,0,0,0,0,-1,-1,-1,18,16,1231,-1,-1,-1,-1,-1,-1,2,0,0,0,0,0,2,0,11,3,9,41.8742514,-87.66645336
0,421587,-1,30,-1,-1,0,1,10,5,-1,2,-1,-1,0,-1,-1,-1,0,0,2013,-1,-1,-1,-1,-1,-1,2,0,0,0,0,0,2,0,11,3,9,41.97641214,-87.66001508
0,423902,-1,30,0,0,0,1,12,5,-1,0,-1,-1,0,-1,-1,-1,0,0,1224,-1,-1,-1,-1,-1,-1,2,0,0,0,0,0,3,0,11,3,9,41.88311277,-87.6472574
0,421912,-1,15,0,0,0,1,10,7,2,0,0,-1,0,-1,1,-1,27,0,634,-1,-1,-1,-1,-1,-1,2,0,0,0,0,0,2,0,11,3,9,41.73614513,-87.62691784
0,421700,-1,30,1,2,0,1,14,5,4,0,0,0,0,1,-1,-1,0,-1,2534,-1,-1,-1,-1,-1,-1,2,0,0,0,0,0,3,0,11,3,9,41.90987703,-87.7354854
0,421674,-1,25,0,0,0,1,10,5,-1,0,0,0,0,-1,-1,-1,0,0,631,-1,-1,-1,-1,-1,-1,2,0,0,0,0,0,2,0,11,3,9,41.74409942,-87.60373535
1,421583,-1,30,1,3,0,1,0,5,-1,0,0,0,1,1,-1,-1,16,-1,1235,-1,1,-1,-1,-1,-1,2,1,0,0,0,1,1,0,11,3,9,41.85756407,-87.63907891
0,421651,-1,30,12,2,0,1,12,6,2,0,0,0,0,-1,-1,-1,17,16,121,-1,-1,-1,1,2,1,2,0,0,0,0,0,2,0,11,3,9,41.87786718,-87.64485841
0,421879,-1,30,1,2,0,1,10,5,4,0,0,0,0,1,-1,-1,18,16,2524,-1,-1,-1,-1,-1,-1,2,0,0,0,0,0,2,0,11,3,9,41.9244744,-87.7366331
1,421607,-1,25,0,0,0,1,12,2,-1,0,0,0,1,1,-1,1,19,27,1934,-1,-1,-1,-1,-1,-1,2,1,0,0,0,1,1,0,11,3,9,41.93997202,-87.64203818
2,421523,-1,30,1,2,0,1,9,5,2,0,0,0,1,1,-1,-1,33,0,1221,-1,-1,-1,-1,-1,-1,2,1,0,0,1,0,1,0,11,3,9,41.89086296,-87.67676316
2,421519,-1,30,7,12,0,1,5,3,2,0,0,0,1,0,-1,-1,17,-1,1814,-1,-1,-1,1,2,1,2,1,0,0,1,0,1,0,11,3,9,41.91238687,-87.62792255
0,421592,-1,30,1,2,0,1,14,2,4,0,2,3,1,-1,-1,1,23,0,1433,-1,-1,-1,1,1,-1,2,0,0,0,0,0,2,0,11,3,9,41.90360489,-87.65845966
0,421540,-1,30,0,0,0,1,7,6,1,0,0,0,0,-1,-1,-1,17,16,1611,-1,-1,-1,-1,-1,-1,2,0,0,0,0,0,1,0,11,3,9,41.99430775,-87.79508005
0,421552,-1,30,1,2,0,1,0,5,4,0,0,0,1,1,-1,-1,6,0,725,-1,-1,-1,-1,-1,-1,2,0,0,0,0,0,3,0,11,3,9,41.76873105,-87.65912949
0,430666,1,30,0,0,-1,-1,7,6,-1,0,-1,0,0,-1,-1,1,0,-1,1723,-1,-1,-1,-1,-1,-1,2,0,0,0,0,0,1,0,11,3,9,41.96362342,-87.71918788
0,422173,-1,30,1,2,0,1,12,5,-1,0,0,0,0,-1,-1,1,-1,-1,734,-1,-1,-1,-1,-1,-1,2,0,0,0,0,0,2,0,11,3,9,41.7595636,-87.66356102
0,422053,-1,0,-1,-1,-1,-1,12,-1,-1,0,-1,-1,0,-1,-1,-1,0,-1,1232,-1,-1,-1,-1,-1,-1,2,0,0,0,0,0,2,0,11,3,9,41.88059899,-87.64756457
0,421533,-1,30,1,2,0,1,14,1,2,0,0,0,0,1,-1,-1,-1,-1,1733,-1,-1,-1,-1,-1,-1,2,0,0,0,0,0,2,0,11,3,9,41.94679181,-87.69809434
0,421521,-1,30,0,0,0,1,2,6,2,0,0,0,1,-1,-1,-1,11,11,1135,-1,-1,-1,-1,-1,-1,1,0,0,0,0,0,1,0,11,3,9,41.87484022,-87.69058485
0,421520,-1,30,1,2,0,1,10,2,4,0,0,0,0,-1,-1,-1,20,-1,1231,-1,-1,-1,-1,-1,-1,2,0,0,0,0,0,3,0,10,3,9,41.869438,-87.66239018
0,421793,-1,35,0,0,0,1,7,2,-1,0,0,0,1,-1,-1,1,0,0,2221,-1,-1,-1,-1,-1,-1,2,0,0,0,0,0,1,0,10,3,9,41.72454464,-87.66290555
0,421588,-1,15,0,0,0,1,2,0,1,0,2,12,0,-1,1,-1,0,-1,1611,-1,-1,-1,-1,-1,-1,1,0,0,0,0,0,1,0,10,3,9,41.99313994,-87.78903116
0,421513,-1,25,0,0,0,1,7,5,-1,0,0,0,1,-1,-1,-1,22,-1,1922,-1,-1,-1,-1,-1,-1,2,0,0,0,0,0,1,0,10,3,9,41.94408257,-87.67327304
0,421503,-1,5,0,0,0,1,2,4,-1,0,0,0,0,-1,-1,-1,0,-1,1834,-1,-1,-1,-1,-1,-1,1,0,0,0,0,0,2,0,10,3,9,41.89113461,-87.61532201
0,421500,-1,30,12,2,0,1,12,2,4,0,0,0,0,-1,-1,-1,22,16,1234,-1,-1,-1,1,1,1,2,0,0,0,0,0,2,0,10,3,9,41.85666755,-87.68561341
0,421999,-1,30,1,2,0,1,14,5,-1,0,-1,-1,0,-1,-1,-1,23,0,2433,-1,-1,-1,-1,-1,-1,2,0,0,0,0,0,2,0,10,3,9,41.99796355,-87.67083907
0,421823,-1,30,0,0,0,1,7,5,-1,0,0,0,0,-1,-1,0,17,-1,122,-1,-1,-1,-1,-1,-1,2,0,0,0,0,0,1,0,10,3,9,41.88605017,-87.63620309
0,421506,-1,30,1,2,0,1,10,3,4,0,0,-1,0,1,-1,1,0,0,1233,-1,-1,-1,-1,-1,-1,2,0,0,0,0,0,2,0,10,3,9,41.86671148,-87.67154081
0,421497,-1,30,0,0,0,1,12,5,-1,0,0,0,0,-1,-1,-1,21,-1,914,-1,-1,-1,-1,-1,-1,2,0,0,0,0,0,2,0,10,3,9,41.85190598,-87.63463303
0,421560,-1,30,0,0,0,1,10,2,-1,0,0,0,0,-1,-1,-1,0,-1,114,-1,-1,-1,-1,-1,-1,2,0,0,0,0,0,2,0,10,3,9,41.88807943,-87.62404737
0,421514,-1,30,2,2,0,1,12,5,2,0,0,0,0,-1,-1,-1,17,-1,1224,-1,-1,-1,-1,-1,-1,2,0,0,0,0,0,5,0,10,3,9,41.88233744,-87.65102953
2,421455,-1,30,1,2,0,1,10,8,-1,0,0,0,1,-1,-1,-1,18,12,1654,-1,-1,-1,-1,-1,-1,2,1,0,0,1,0,1,0,10,3,9,-1,-1
0,421471,-1,30,0,0,0,1,8,2,2,0,0,0,0,-1,-1,1,21,21,915,-1,-1,-1,-1,-1,-1,2,0,0,0,0,0,2,0,10,3,9,41.83087496,-87.64495366
0,421452,1,30,1,2,0,1,10,3,-1,0,0,0,0,1,-1,-1,0,0,1431,-1,-1,-1,-1,-1,-1,2,0,0,0,0,0,2,0,10,3,9,41.92562498,-87.68781548
0,421408,-1,30,1,2,0,1,10,3,-1,0,0,-1,0,-1,-1,-1,0,-1,1021,-1,-1,-1,-1,-1,-1,2,0,0,0,0,0,2,0,10,3,9,41.85649949,-87.70994784
1,421476,-1,20,0,0,0,1,9,5,2,0,0,0,1,-1,-1,1,0,0,1123,-1,-1,-1,-1,-1,-1,2,1,0,0,0,1,1,0,10,3,9,41.88449876,-87.70684642
0,421451,-1,30,1,2,0,1,0,5,2,0,0,0,0,1,-1,-1,6,17,2424,-1,-1,-1,-1,-1,-1,2,0,0,0,0,0,2,0,10,3,9,42.01012438,-87.6743699
0,422003,-1,30,0,0,-1,-1,7,5,2,0,0,0,0,-1,-1,1,0,-1,214,-1,-1,-1,-1,-1,-1,2,0,0,0,0,0,1,0,10,3,9,41.82001671,-87.60099796
0,421450,-1,20,0,0,0,1,0,7,2,0,0,0,0,-1,-1,-1,17,20,931,-1,-1,-1,-1,-1,-1,2,0,0,0,0,0,2,0,10,3,9,41.80841675,-87.67483107
2,421402,-1,30,0,0,0,1,10,5,2,0,0,0,1,-1,-1,-1,16,18,1634,-1,-1,-1,-1,-1,-1,2,2,0,0,2,0,1,0,9,3,9,41.93892013,-87.74814805
0,421486,-1,15,0,0,0,1,7,7,-1,0,0,0,0,-1,-1,-1,0,-1,922,-1,-1,-1,-1,-1,-1,2,0,0,0,0,0,1,0,9,3,9,41.80847456,-87.68428004
0,422043,-1,30,0,0,0,1,14,2,4,0,0,0,0,-1,-1,-1,18,0,821,-1,-1,-1,-1,-1,-1,2,0,0,0,0,0,2,0,9,3,9,41.81385753,-87.72366315
2,421406,-1,30,0,0,0,1,10,5,2,0,0,0,1,-1,-1,-1,0,0,1234,-1,-1,-1,-1,-1,-1,2,1,0,0,1,0,1,0,9,3,9,41.8556023,-87.68558875
0,421683,-1,30,1,2,0,1,12,5,3,0,0,0,0,1,-1,1,0,-1,814,-1,-1,-1,-1,-1,-1,2,0,0,0,0,0,2,0,9,3,9,41.81483675,-87.74350148
0,421459,-1,30,0,0,0,1,0,5,-1,0,0,0,0,-1,-1,-1,0,0,811,-1,-1,-1,-1,-1,-1,2,0,0,0,0,0,2,0,9,3,9,41.79236339,-87.78647639
2,421386,-1,30,1,2,0,1,14,3,4,0,0,0,1,1,-1,-1,0,-1,1432,-1,-1,-1,-1,-1,-1,3,1,0,0,1,0,1,0,9,3,9,41.92574888,-87.67779566
0,421388,-1,25,1,2,0,1,10,6,-1,0,0,0,0,1,-1,-1,20,20,122,-1,-1,-1,-1,-1,-1,2,0,0,0,0,0,2,0,9,3,9,41.88310096,-87.63126322
0,421368,-1,25,0,0,0,1,7,6,-1,0,0,0,0,-1,-1,1,0,0,2212,-1,-1,-1,-1,-1,-1,2,0,0,0,0,0,1,0,9,3,9,41.68944015,-87.66822641
0,421394,-1,15,0,0,0,1,10,7,-1,0,0,0,0,-1,-1,1,18,0,1024,-1,-1,-1,-1,-1,-1,2,0,0,0,0,0,3,0,9,3,9,41.84461379,-87.70601527
0,421389,-1,15,0,0,0,1,7,0,1,0,0,0,0,-1,1,1,0,0,214,-1,-1,-1,-1,-1,-1,2,0,0,0,0,0,1,0,9,3,9,41.8221934,-87.60344179
0,432374,1,30,0,0,-1,-1,7,6,1,0,0,0,0,-1,-1,1,0,-1,2512,-1,-1,-1,-1,-1,-1,2,0,0,0,0,0,1,0,9,3,9,41.91839411,-87.77689603
0,425140,-1,30,0,0,-1,1,7,5,-1,0,-1,0,0,-1,-1,-1,0,-1,1611,-1,-1,-1,-1,-1,-1,2,0,0,0,0,0,1,0,9,3,9,42.00581463,-87.81747865
0,422316,1,30,0,0,-1,-1,7,5,2,0,-1,0,0,-1,-1,1,0,-1,2533,-1,-1,-1,-1,-1,-1,2,0,0,0,0,0,1,0,9,3,9,41.9112447,-87.75432801
0,421526,-1,15,0,0,0,1,7,6,1,0,0,0,0,-1,-1,-1,0,0,1033,-1,-1,-1,-1,-1,-1,2,0,0,0,0,0,1,0,9,3,9,41.8508682,-87.69606752
0,421424,-1,30,0,0,0,1,14,2,-1,0,0,0,0,-1,-1,-1,0,0,1034,-1,-1,-1,-1,-1,-1,2,0,0,0,0,0,2,0,9,3,9,41.85148635,-87.66841689
0,421361,-1,30,0,0,0,1,12,5,4,0,0,0,0,-1,-1,-1,21,16,1722,-1,-1,-1,-1,-1,-1,2,0,0,0,0,0,2,0,9,3,9,41.96643083,-87.74755594
0,421418,-1,20,2,2,0,1,0,5,0,0,0,0,1,1,-1,-1,5,-1,2514,-1,-1,-1,-1,-1,-1,2,0,0,0,0,0,2,0,8,3,9,41.92925382,-87.77332239
0,421350,-1,10,0,0,0,1,10,7,-1,0,0,0,0,-1,1,-1,-1,-1,634,-1,-1,-1,-1,-1,-1,2,0,0,0,0,0,2,0,8,3,9,41.73614513,-87.62691784
0,421356,-1,30,0,0,0,1,0,5,4,0,0,0,0,-1,-1,-1,17,0,632,-1,-1,-1,-1,-1,-1,2,0,0,0,0,0,2,0,8,3,9,41.74243764,-87.60484222
2,421313,-1,30,1,0,0,1,10,2,-1,0,0,0,1,-1,-1,1,18,-1,922,-1,-1,-1,-1,-1,-1,2,1,0,0,1,0,1,0,8,3,9,41.81534323,-87.69427293
2,421582,-1,30,1,1,0,1,8,5,4,0,0,0,1,-1,-1,-1,17,35,123,-1,-1,-1,-1,-1,-1,2,1,0,0,1,0,1,0,8,3,9,41.86757102,-87.63058647
0,421374,-1,30,0,0,0,1,12,5,-1,0,0,0,0,-1,-1,-1,0,0,1033,-1,-1,-1,-1,-1,-1,2,0,0,0,0,0,2,0,8,3,9,41.84540132,-87.70123995
0,421359,-1,30,0,0,0,1,0,5,2,0,0,0,0,-1,-1,-1,20,-1,1831,-1,-1,-1,-1,-1,-1,2,0,0,0,0,0,2,0,8,3,9,41.8891213,-87.62965705
0,421340,-1,30,0,0,0,1,2,5,-1,0,0,0,0,-1,-1,-1,20,-1,924,-1,-1,-1,-1,-1,-1,1,0,0,0,0,0,1,0,8,3,9,41.81209944,-87.66491112
0,421355,-1,30,1,2,0,1,10,5,2,0,0,0,0,-1,-1,-1,18,-1,1533,-1,-1,-1,-1,-1,-1,2,0,0,0,0,0,2,0,8,3,9,41.88170645,-87.74546212
2,421312,-1,30,2,2,0,1,2,2,2,0,0,0,1,1,-1,-1,18,25,624,-1,-1,-1,-1,-1,-1,1,1,0,0,1,0,0,0,8,3,9,41.75669709,-87.61485244
0,423530,-1,35,0,0,0,1,7,5,2,0,0,0,0,-1,-1,-1,18,-1,222,-1,-1,-1,-1,-1,-1,2,0,0,0,0,0,1,0,8,3,9,41.81066355,-87.59699955
0,422989,-1,30,2,2,0,1,0,5,4,0,0,0,0,1,-1,-1,11,17,1733,-1,-1,-1,-1,-1,-1,2,0,0,0,0,0,3,0,8,3,9,41.94854142,-87.70802018
0,422395,-1,25,0,0,0,1,12,6,-1,0,0,0,0,-1,-1,0,0,0,512,-1,-1,-1,-1,-1,-1,2,0,0,0,0,0,2,0,8,3,9,41.70121185,-87.61130408
0,421493,-1,30,0,0,0,1,0,2,4,0,0,0,0,-1,-1,-1,0,0,834,-1,-1,-1,-1,-1,-1,2,0,0,0,0,0,2,0,8,3,9,41.74963507,-87.72442396
0,421485,-1,30,1,2,0,1,10,5,4,0,0,0,0,-1,-1,-1,18,-1,1634,-1,-1,-1,-1,-1,-1,2,0,0,0,0,0,2,0,8,3,9,41.93892926,-87.74702103
0,421351,-1,35,0,0,0,1,11,5,-1,0,0,0,0,-1,-1,-1,0,0,1732,-1,-1,-1,-1,-1,-1,2,0,0,0,0,0,5,0,8,3,9,41.95364268,-87.72020382
0,421347,-1,30,1,2,0,1,10,2,3,0,0,0,0,-1,-1,-1,18,22,1112,-1,-1,-1,-1,-1,-1,2,0,0,0,0,0,2,0,8,3,9,41.90247367,-87.71681747
2,421281,-1,30,1,2,0,1,8,5,2,0,0,0,1,-1,-1,-1,3,-1,1831,-1,-1,-1,-1,-1,-1,2,1,0,0,1,0,1,0,8,3,9,41.89564204,-87.6343236
0,421332,-1,30,0,0,0,1,12,5,2,3,0,0,0,-1,-1,1,22,0,624,-1,-1,-1,-1,-1,-1,2,0,0,0,0,0,3,0,8,3,9,41.75695432,-87.59728299
0,421432,-1,30,0,0,0,1,14,5,-1,0,0,0,0,-1,-1,-1,0,-1,2533,-1,-1,-1,-1,-1,-1,2,0,0,0,0,0,3,0,8,3,9,41.90964409,-87.73637433
0,421297,-1,20,2,0,0,1,8,5,2,0,0,0,0,1,-1,1,16,0,233,-1,-1,-1,-1,-1,-1,2,0,0,0,0,0,2,0,8,3,9,41.79642624,-87.60138382
0,422111,-1,30,1,2,0,1,12,5,-1,0,0,0,0,-1,-1,-1,21,-1,1824,-1,-1,-1,-1,-1,-1,2,0,0,0,0,0,2,0,8,3,9,41.90412258,-87.62457001
1,421285,-1,30,2,12,0,1,14,12,-1,0,0,0,1,1,-1,-1,23,-1,1434,-1,-1,-1,-1,-1,-1,2,1,0,0,0,1,1,0,8,3,9,41.91773901,-87.67281858
0,421859,-1,0,2,2,-1,-1,8,-1,-1,0,-1,-1,0,-1,-1,-1,0,-1,1221,-1,-1,-1,-1,-1,-1,2,0,0,0,0,0,2,0,8,3,9,41.88961724,-87.68162072
0,421381,-1,30,0,0,0,1,7,6,1,0,0,0,0,-1,-1,1,0,0,1632,-1,-1,-1,-1,-1,-1,2,0,0,0,0,0,1,0,8,3,9,41.94147129,-87.80424927
0,421339,-1,20,0,0,0,1,0,5,-1,0,0,0,0,-1,-1,1,0,0,2232,-1,-1,-1,-1,-1,-1,2,0,0,0,0,0,2,0,8,3,9,41.7086175,-87.64545675
2,421282,-1,30,0,0,0,1,14,2,-1,0,0,0,1,-1,-1,-1,23,11,823,-1,-1,-1,-1,-1,-1,3,2,0,0,2,0,2,0,8,3,9,41.7774847,-87.72258498
0,422161,-1,30,0,0,0,1,9,2,-1,0,0,0,0,-1,-1,-1,17,0,1922,-1,-1,-1,-1,-1,-1,2,0,0,0,0,0,2,0,8,3,9,41.94701958,-87.67478148
2,421327,-1,30,2,2,0,1,9,6,1,0,0,0,1,1,-1,-1,17,16,1212,-1,-1,-1,-1,-1,-1,2,1,0,0,1,0,1,0,8,3,9,41.89775488,-87.68212517
0,421275,-1,15,-1,-1,0,1,2,6,1,0,1,-1,1,-1,-1,-1,0,-1,1712,-1,-1,-1,-1,-1,-1,1,0,0,0,0,0,1,0,8,3,9,41.97743096,-87.71230804
0,430372,-1,45,0,0,0,1,12,5,4,0,0,0,0,-1,-1,-1,22,26,331,-1,-1,-1,-1,-1,-1,2,0,0,0,0,0,2,0,8,3,9,41.7818513,-87.57547464
0,422962,-1,30,0,0,-1,1,12,5,-1,0,-1,-1,0,-1,-1,-1,21,0,1233,-1,-1,-1,-1,-1,-1,2,0,0,0,0,0,3,0,8,3,9,41.8639633,-87.6858143
0,422601,-1,30,1,2,0,1,10,5,-1,0,0,0,0,1,-1,-1,18,0,914,-1,-1,-1,-1,-1,-1,2,0,0,0,0,0,4,0,8,3,9,41.85313283,-87.63453196
0,422491,-1,15,0,0,0,1,11,0,-1,0,-1,-1,0,1,-1,-1,22,22,2411,-1,-1,-1,-1,-1,-1,2,0,0,0,0,0,2,0,8,3,9,42.01236164,-87.68748715
0,422138,-1,30,0,0,0,1,14,5,-1,0,0,0,0,-1,-1,-1,-1,-1,813,-1,-1,-1,-1,-1,-1,2,0,0,0,0,0,2,0,8,3,9,41.78770896,-87.72315467
0,421895,-1,30,0,0,0,1,7,6,-1,0,0,0,0,-1,-1,1,0,-1,2534,-1,-1,-1,-1,-1,-1,2,0,0,0,0,0,1,0,8,3,9,41.90810568,-87.72999502
0,421864,1,25,0,0,-1,-1,7,6,-1,0,-1,-1,0,-1,-1,-1,0,0,1921,-1,-1,-1,-1,-1,-1,2,0,0,0,0,0,1,0,8,3,9,41.94946124,-87.68085608
0,421492,1,30,0,0,-1,-1,7,5,1,0,-1,0,0,-1,-1,1,0,0,2515,-1,-1,-1,-1,-1,-1,2,0,0,0,0,0,1,0,8,3,9,41.92685236,-87.76131739
0,421480,-1,0,1,2,0,1,10,5,2,0,0,0,0,-1,-1,-1,18,0,2534,-1,-1,-1,-1,-1,-1,2,0,0,0,0,0,3,0,8,3,9,41.90277967,-87.72636903
0,421473,-1,30,0,0,0,1,2,6,-1,0,0,0,0,-1,-1,-1,-1,-1,1135,-1,-1,-1,-1,-1,-1,1,0,0,0,0,0,1,0,8,3,9,41.87502694,-87.69330953
0,421377,-1,20,0,0,0,1,7,5,-1,0,0,0,0,-1,-1,1,17,-1,2515,-1,-1,-1,-1,-1,-1,2,0,0,0,0,0,2,0,8,3,9,41.92392771,-87.76152095
0,421299,-1,30,2,2,0,1,0,5,2,0,0,0,1,1,-1,-1,0,0,1733,-1,-1,-1,-1,-1,-1,2,0,0,0,0,0,2,0,8,3,9,41.94835061,-87.71158359
0,421294,-1,30,0,0,0,2,10,7,2,0,0,0,0,-1,-1,-1,17,17,914,-1,-1,-1,-1,-1,-1,2,0,0,0,0,0,2,0,8,3,9,41.8531672,-87.63446103
2,421292,-1,20,0,0,0,1,8,6,-1,0,0,0,1,-1,-1,-1,10,-1,2535,-1,-1,-1,-1,-1,-1,2,1,0,0,1,0,1,0,8,3,9,41.91188115,-87.72067163
0,421291,1,30,2,-1,0,1,10,5,1,0,-1,-1,0,1,-1,1,16,0,1911,-1,-1,-1,-1,-1,-1,2,0,0,0,0,0,2,0,8,3,9,41.9595805,-87.67906437
0,421279,-1,30,0,0,0,1,10,2,-1,0,0,0,0,-1,-1,-1,18,-1,1414,-1,-1,-1,-1,-1,-1,3,0,0,0,0,0,4,0,8,3,9,41.92166174,-87.69746663
0,421262,-1,30,1,2,0,1,14,2,4,0,0,0,1,1,-1,-1,0,0,1623,-1,-1,-1,-1,-1,-1,2,0,0,0,0,0,2,0,7,3,9,41.97476098,-87.76834993
0,421461,-1,10,1,2,0,1,10,5,-1,0,0,0,0,1,-1,-1,18,18,522,-1,-1,-1,-1,-1,-1,2,0,0,0,0,0,4,0,7,3,9,41.69253704,-87.62324927
1,421268,-1,30,1,2,0,1,14,5,2,0,0,0,1,1,-1,-1,18,0,322,-1,-1,-1,-1,-1,-1,2,1,0,0,0,1,2,0,7,3,9,41.77279448,-87.62044344
0,421259,-1,30,1,2,0,1,14,2,4,0,0,0,0,1,-1,-1,23,-1,1732,-1,-1,-1,-1,-1,-1,2,0,0,0,0,0,2,0,7,3,9,41.95374619,-87.71296313
0,421246,-1,30,1,2,0,1,12,6,3,0,0,0,0,1,-1,1,22,16,121,-1,-1,-1,-1,-1,-1,2,0,0,0,0,0,2,0,7,3,9,41.87805278,-87.64121903
0,422225,-1,30,0,0,-1,-1,7,6,2,0,-1,0,0,-1,-1,1,0,-1,2524,-1,-1,-1,-1,-1,-1,2,0,0,0,0,0,1,0,7,3,9,41.92625049,-87.72376752
0,421304,-1,30,0,0,0,3,7,5,2,0,0,0,0,-1,-1,1,0,0,223,-1,-1,-1,-1,-1,-1,2,0,0,0,0,0,1,0,7,3,9,41.8085263,-87.60553169
0,421264,-1,30,0,0,0,1,7,5,-1,0,0,0,0,-1,-1,-1,-1,-1,2524,-1,-1,-1,-1,-1,-1,2,0,0,0,0,0,1,0,7,3,9,41.92788173,-87.73664782
0,421254,-1,30,1,2,0,1,10,5,2,0,0,0,0,1,-1,-1,18,18,1235,-1,-1,-1,-1,-1,-1,2,0,0,0,0,0,2,0,7,3,9,41.85755492,-87.63898418
1,421244,-1,30,0,0,0,1,10,5,-1,0,0,0,1,-1,-1,-1,0,0,2512,-1,-1,-1,-1,-1,-1,3,1,0,0,0,1,2,0,7,3,9,41.92365397,-87.80223516
0,422233,-1,30,1,2,0,1,10,2,6,0,0,0,0,-1,-1,-1,27,27,821,-1,-1,-1,-1,-1,-1,3,0,0,0,0,0,3,0,7,3,9,41.81327793,-87.72364188
0,422040,-1,30,1,2,0,1,10,5,4,0,0,0,0,-1,-1,-1,0,0,1722,-1,-1,-1,-1,-1,-1,2,0,0,0,0,0,2,0,7,3,9,41.9679984,-87.74011179
0,221439,-1,30,-1,-1,0,1,10,-1,-1,0,0,0,0,-1,-1,-1,18,16,522,-1,-1,-1,-1,-1,-1,2,0,0,0,0,0,2,0,7,3,9,41.69253704,-87.62324927
0,421243,-1,30,0,0,0,1,7,5,2,0,0,0,0,-1,-1,1,0,-1,1915,-1,-1,-1,-1,-1,-1,2,0,0,0,0,0,1,0,7,3,9,41.95856533,-87.65246775
0,421272,-1,25,0,0,0,1,7,5,-1,0,0,0,0,-1,-1,-1,11,-1,2211,-1,-1,-1,-1,-1,-1,2,0,0,0,0,0,1,0,7,3,9,41.69670108,-87.69761892
0,421255,-1,40,1,1,0,1,10,3,4,0,0,0,0,-1,-1,-1,18,-1,1651,-1,-1,-1,-1,-1,-1,2,0,0,0,0,0,3,0,7,3,9,41.97620114,-87.90530913
0,435440,-1,30,1,2,0,1,10,12,4,0,0,0,0,-1,-1,-1,18,11,813,-1,-1,-1,-1,-1,-1,2,0,0,0,0,0,2,0,7,3,9,41.77833539,-87.74243649
0,422145,-1,30,0,0,0,1,7,6,-1,0,0,0,0,-1,-1,-1,0,0,1034,-1,-1,-1,-1,-1,-1,2,0,0,0,0,0,1,0,7,3,9,41.84759404,-87.69089949
0,421501,-1,30,1,2,0,1,10,2,2,0,0,0,0,-1,-1,-1,18,0,1223,-1,-1,-1,-1,-1,-1,2,0,0,0,0,0,2,0,7,3,9,41.88023916,-87.68626412
0,421241,-1,30,2,2,0,1,0,2,-1,0,0,0,0,1,-1,-1,17,-1,812,-1,-1,-1,-1,-1,-1,2,0,0,0,0,0,2,0,7,3,9,41.7775575,-87.78629685
0,421231,-1,30,0,0,0,1,14,5,2,0,0,0,1,-1,-1,-1,17,-1,1235,-1,1,-1,-1,-1,-1,2,0,0,0,0,0,2,0,7,3,9,41.85280953,-87.64189093
0,421230,-1,30,0,0,0,1,7,5,-1,0,0,0,1,-1,-1,-1,8,0,232,-1,-1,-1,-1,-1,-1,3,0,0,0,0,0,2,0,7,3,9,41.78600727,-87.61885713
0,421223,-1,30,2,2,0,1,2,5,2,0,0,0,1,1,-1,-1,0,-1,1022,-1,-1,-1,-1,-1,-1,1,0,0,0,0,0,1,0,7,3,9,41.86297087,-87.70320535
0,421219,-1,0,0,0,0,1,0,7,-1,0,0,0,0,-1,1,-1,20,-1,924,-1,-1,-1,-1,-1,-1,2,0,0,0,0,0,2,0,7,3,9,41.80874937,-87.66230696
0,422192,1,30,0,0,0,1,7,5,2,0,0,0,0,-1,-1,1,0,0,1722,-1,-1,-1,-1,-1,-1,2,0,0,0,0,0,1,0,7,3,9,41.95886753,-87.73248533
1,421213,-1,30,0,0,0,1,9,5,3,0,0,0,1,1,-1,-1,0,-1,1022,-1,-1,-1,-1,-1,-1,2,1,0,0,0,1,1,0,7,3,9,41.86136821,-87.69595458