MOST_SEVERE_INJURY,RD_NO,CRASH_DATE_EST_I,POSTED_SPEED_LIMIT,TRAFFIC_CONTROL_DEVICE,DEVICE_CONDITION,WEATHER_CONDITION,LIGHTING_CONDITION,FIRST_CRASH_TYPE,TRAFFICWAY_TYPE,LANE_CNT,ALIGNMENT,ROADWAY_SURFACE_COND,ROAD_DEFECT,CRASH_TYPE,INTERSECTION_RELATED_I,NOT_RIGHT_OF_WAY_I,HIT_AND_RUN_I,PRIM_CONTRIBUTORY_CAUSE,SEC_CONTRIBUTORY_CAUSE,BEAT_OF_OCCURRENCE,PHOTOS_TAKEN_I,STATEMENTS_TAKEN_I,DOORING_I,WORK_ZONE_I,WORK_ZONE_TYPE,WORKERS_PRESENT_I,NUM_UNITS,INJURIES_TOTAL,INJURIES_FATAL,INJURIES_INCAPACITATING,INJURIES_NON_INCAPACITATING,INJURIES_REPORTED_NOT_EVIDENT,INJURIES_NO_INDICATION,INJURIES_UNKNOWN,CRASH_HOUR,CRASH_DAY_OF_WEEK,CRASH_MONTH,LATITUDE,LONGITUDE
0,430982,1,25,0,0,0,1,10,2,-1,0,0,1,0,-1,-1,-1,-1,-1,1511,-1,-1,-1,-1,-1,-1,2,0,0,0,0,0,2,0,7,3,9,41.89859974,-87.76604242
0,422001,-1,30,0,0,0,1,10,5,-1,0,0,0,0,-1,-1,-1,18,-1,1622,-1,-1,-1,-1,-1,-1,2,0,0,0,0,0,2,0,7,3,9,41.96852041,-87.7879515
0,421872,-1,30,1,2,0,1,10,5,-1,0,-1,-1,0,-1,-1,-1,0,0,132,-1,-1,-1,-1,-1,-1,2,0,0,0,0,0,2,0,7,3,9,41.85234525,-87.62364379
0,421515,1,30,2,0,-1,-1,7,6,1,0,-1,0,0,-1,-1,1,-1,-1,1511,-1,-1,-1,-1,-1,-1,2,0,0,0,0,0,1,0,7,3,9,41.90028213,-87.77424242
0,421240,-1,20,2,2,0,1,10,8,-1,5,0,0,0,-1,-1,1,10,-1,1925,-1,-1,-1,-1,-1,-1,2,0,0,0,0,0,2,0,7,3,9,41.94055894,-87.63838394
0,422176,-1,30,0,0,0,1,10,2,2,0,0,0,0,-1,-1,1,22,0,722,-1,-1,-1,-1,-1,-1,2,0,0,0,0,0,3,0,6,3,9,41.76908199,-87.63617145
0,421222,-1,35,1,2,0,1,10,5,4,0,0,0,0,-1,-1,-1,16,16,1022,-1,-1,-1,-1,-1,-1,2,0,0,0,0,0,7,0,6,3,9,41.86629442,-87.70572615
0,421217,1,10,0,0,0,1,0,0,-1,0,0,0,0,-1,-1,-1,-1,-1,1633,-1,-1,-1,-1,-1,-1,2,0,0,0,0,0,2,0,6,3,9,41.94116905,-87.76944743
0,421209,-1,30,1,2,0,1,14,5,3,0,0,0,0,-1,-1,-1,23,0,211,-1,-1,-1,-1,-1,-1,2,0,0,0,0,0,2,0,6,3,9,41.83112158,-87.6267068
0,423731,-1,30,0,0,0,1,11,5,-1,0,0,0,0,-1,-1,1,-1,-1,921,-1,-1,-1,-1,-1,-1,2,0,0,0,0,0,2,0,6,3,9,41.82098411,-87.68619259
0,422166,-1,30,1,2,0,1,12,5,2,0,0,0,0,-1,-1,-1,22,-1,1623,-1,-1,-1,-1,-1,-1,2,0,0,0,0,0,2,0,6,3,9,41.9678444,-87.76089754
0,421995,-1,30,0,0,0,1,10,5,-1,0,0,0,0,-1,-1,1,-1,-1,931,-1,-1,-1,-1,-1,-1,2,0,0,0,0,0,2,0,6,3,9,41.8085116,-87.66511729
0,421300,-1,45,-1,-1,0,1,12,3,-1,0,0,-1,0,-1,-1,-1,22,0,222,-1,-1,-1,-1,-1,-1,2,0,0,0,0,0,2,0,6,3,9,41.81424715,-87.59263394
2,421198,-1,30,1,2,0,1,9,2,5,0,0,0,1,1,-1,-1,33,0,2221,-1,-1,-1,-1,-1,-1,2,1,0,0,1,0,1,0,6,3,9,41.72132267,-87.66282325
0,422438,-1,30,0,0,0,1,10,8,-1,0,0,0,0,-1,-1,-1,20,0,1432,-1,-1,-1,-1,-1,-1,2,0,0,0,0,0,2,0,6,3,9,41.92913239,-87.68720779
0,421889,-1,20,0,0,0,1,7,5,-1,0,0,-1,0,-1,-1,1,0,0,1712,-1,-1,-1,-1,-1,-1,2,0,0,0,0,0,1,0,6,3,9,41.97101173,-87.72213804
0,421205,-1,30,0,0,0,2,12,6,-1,0,0,0,0,-1,-1,-1,0,0,2411,-1,-1,-1,-1,-1,-1,2,0,0,0,0,0,2,0,6,3,9,42.00620879,-87.68678332
0,421176,-1,35,0,0,0,0,7,6,-1,0,0,-1,1,-1,-1,0,0,0,1011,-1,-1,-1,-1,-1,-1,4,0,0,0,0,0,1,0,6,3,9,41.86464023,-87.72283433
1,421184,-1,40,0,0,0,1,10,2,-1,0,0,0,1,-1,-1,-1,0,-1,815,-1,-1,-1,-1,-1,-1,2,2,0,0,0,2,0,0,6,3,9,41.81159382,-87.743117
2,421177,-1,30,1,2,0,3,14,2,0,0,0,0,1,1,-1,-1,17,16,1222,-1,-1,-1,-1,-1,-1,2,2,0,0,1,1,1,0,5,3,9,41.88401648,-87.70114276
2,421167,-1,30,0,0,0,1,2,3,3,0,0,0,1,-1,-1,-1,16,11,412,-1,-1,-1,-1,-1,-1,1,1,0,0,1,0,0,0,5,3,9,41.73626789,-87.58506397
0,421647,-1,30,0,0,0,0,7,6,-1,0,0,0,0,-1,-1,1,0,-1,825,-1,-1,-1,-1,-1,-1,2,0,0,0,0,0,1,0,4,3,9,41.78125327,-87.68628952
-1,421134,-1,30,3,2,0,3,2,3,8,0,0,0,1,-1,-1,-1,19,25,1814,-1,-1,-1,1,2,-1,-1,-1,-1,-1,-1,-1,-1,-1,2,3,9,41.91257786,-87.62709786
0,421129,-1,30,0,0,0,3,7,5,-1,0,0,0,1,-1,-1,1,0,0,1122,-1,-1,-1,-1,-1,-1,3,0,0,0,0,0,1,0,2,3,9,41.89289986,-87.72096712
0,421122,-1,25,0,0,0,3,7,5,1,0,0,0,1,-1,-1,0,32,16,735,-1,-1,-1,-1,-1,-1,4,0,0,0,0,0,3,0,2,3,9,41.76620313,-87.66734872
0,421116,-1,30,0,0,0,3,7,5,2,0,0,0,1,-1,-1,-1,0,-1,1723,-1,-1,-1,-1,-1,-1,2,0,0,0,0,0,1,0,2,3,9,41.96095545,-87.71843512
0,421509,1,25,0,0,-1,-1,7,6,-1,0,-1,0,0,-1,-1,1,0,0,1134,-1,-1,-1,-1,-1,-1,3,0,0,0,0,0,1,0,2,3,9,41.8699772,-87.70200571
0,421110,-1,25,1,2,0,3,10,5,2,0,0,0,0,1,-1,-1,0,-1,1121,-1,-1,-1,-1,-1,-1,2,0,0,0,0,0,2,0,1,3,9,41.90024458,-87.71119446
2,421107,-1,35,2,2,0,3,0,2,2,0,0,0,1,1,-1,-1,0,-1,1511,-1,-1,-1,-1,-1,-1,2,2,0,0,2,0,3,0,1,3,9,41.90026323,-87.77515859
0,421102,-1,20,0,0,0,3,7,6,3,0,0,0,1,-1,-1,1,0,0,2222,-1,-1,-1,-1,-1,-1,2,0,0,0,0,0,1,0,1,3,9,41.72425305,-87.65895432
0,421951,1,30,0,0,0,3,12,5,2,0,0,0,0,1,-1,1,17,0,1923,-1,-1,-1,-1,-1,-1,2,0,0,0,0,0,3,0,1,3,9,41.94737034,-87.65335654
0,421253,1,30,0,0,-1,-1,7,6,-1,0,-1,0,0,-1,-1,1,0,0,613,-1,-1,-1,-1,-1,-1,2,0,0,0,0,0,1,0,1,3,9,41.73878267,-87.65113474
0,421097,-1,30,0,0,0,3,7,5,2,0,0,0,1,-1,-1,-1,32,10,2211,-1,-1,-1,-1,-1,-1,3,0,0,0,0,0,1,0,0,3,9,41.71298373,-87.69032131
0,421087,-1,25,0,0,0,3,7,5,1,0,0,0,0,-1,-1,-1,22,0,2222,-1,1,-1,-1,-1,-1,2,0,0,0,0,0,1,0,0,3,9,41.73110224,-87.655778
0,421070,-1,30,1,2,0,3,2,2,2,0,0,0,1,-1,1,-1,25,16,1131,-1,-1,-1,-1,-1,-1,1,0,0,0,0,0,2,0,0,3,9,41.87166507,-87.73503886
0,421067,-1,30,1,2,0,3,8,5,2,0,0,0,0,1,-1,-1,0,-1,1712,-1,-1,-1,-1,-1,-1,2,0,0,0,0,0,2,0,0,3,9,41.96826771,-87.72788123
0,421080,-1,5,0,0,0,0,7,6,-1,0,0,0,0,-1,-1,1,0,19,831,-1,-1,-1,-1,-1,-1,2,0,0,0,0,0,1,0,0,3,9,41.76080849,-87.70622286
0,421075,-1,35,2,2,0,3,0,5,-1,0,0,0,1,1,-1,-1,32,32,624,-1,-1,-1,-1,-1,-1,2,0,0,0,0,0,2,0,0,3,9,41.75651516,-87.61269017
0,421454,1,30,0,0,2,3,7,6,1,0,1,0,0,-1,-1,1,0,0,1131,-1,-1,-1,-1,-1,-1,2,0,0,0,0,0,1,0,0,3,9,41.87527438,-87.73371976
0,421073,-1,30,0,0,0,3,12,5,-1,0,0,-1,0,-1,-1,1,21,-1,1921,-1,-1,-1,-1,-1,-1,2,0,0,0,0,0,3,0,23,2,9,41.9493804,-87.68818423
0,421050,0,30,0,0,0,3,7,5,2,0,1,0,0,-1,-1,1,21,0,1232,-1,-1,-1,-1,-1,-1,2,0,0,0,0,0,1,0,23,2,9,41.86427438,-87.64668907
0,421066,-1,30,0,2,0,3,7,7,0,0,0,0,0,-1,1,-1,20,-1,622,-1,-1,-1,-1,-1,-1,2,0,0,0,0,0,5,0,23,2,9,41.74685335,-87.6437821
0,428464,-1,30,1,2,0,0,14,5,-1,0,0,0,0,-1,-1,1,17,-1,1232,-1,-1,-1,-1,-1,-1,2,0,0,0,0,0,3,0,23,2,9,41.86697697,-87.65108184
0,421045,-1,30,0,-1,2,3,7,7,-1,0,1,12,0,-1,-1,-1,-1,-1,621,-1,-1,-1,-1,-1,-1,2,0,0,0,0,0,3,0,23,2,9,41.75213684,-87.64422891
2,421031,-1,30,1,2,12,3,9,5,2,0,1,0,1,1,-1,-1,17,-1,1824,-1,-1,-1,-1,-1,-1,2,1,0,0,1,0,1,0,23,2,9,41.90067029,-87.6308417
0,421038,-1,35,0,0,0,0,14,5,2,0,0,0,0,1,-1,1,23,0,933,-1,-1,-1,-1,-1,-1,2,0,0,0,0,0,2,0,23,2,9,41.80169278,-87.64546815
0,421004,-1,30,0,0,0,3,7,5,2,0,1,0,0,-1,-1,1,0,-1,1235,-1,-1,-1,-1,-1,-1,2,0,0,0,0,0,1,0,22,2,9,41.8578729,-87.6546978
0,430422,-1,30,1,2,0,3,14,5,-1,0,0,0,0,1,-1,-1,17,0,933,-1,-1,-1,-1,-1,-1,2,0,0,0,0,0,2,0,22,2,9,41.80169278,-87.64546815
0,421014,-1,30,1,2,0,0,12,6,3,0,0,0,1,1,-1,-1,17,-1,121,-1,-1,-1,-1,-1,-1,2,0,0,0,0,0,2,0,22,2,9,41.87923947,-87.64272305
0,421026,-1,30,1,2,0,3,0,5,4,0,0,0,0,1,-1,-1,6,0,121,-1,-1,-1,-1,-1,-1,2,0,0,0,0,0,2,0,22,2,9,41.87924356,-87.6397457
0,423064,-1,25,0,0,2,3,10,6,-1,0,1,0,1,-1,-1,-1,0,0,1651,-1,-1,-1,-1,-1,-1,2,0,0,0,0,0,6,0,22,2,9,41.97620114,-87.90530913
0,422730,-1,30,0,0,2,0,7,5,2,0,1,0,0,-1,-1,1,0,0,1524,-1,-1,-1,-1,-1,-1,2,0,0,0,0,0,1,0,22,2,9,41.8984713,-87.75639357
0,421576,-1,30,0,0,0,1,10,5,-1,0,1,0,0,-1,-1,-1,18,0,821,-1,-1,-1,-1,-1,-1,2,0,0,0,0,0,3,0,22,2,9,41.81535204,-87.70440626
0,420995,-1,30,0,0,0,3,12,5,-1,0,0,0,1,-1,-1,-1,-1,-1,915,-1,-1,-1,-1,-1,-1,2,0,0,0,0,0,4,0,22,2,9,41.83061581,-87.64803195
0,420982,-1,9,0,0,0,3,12,2,2,0,1,0,0,-1,-1,-1,7,-1,631,-1,-1,-1,-1,-1,-1,2,0,0,0,0,0,2,0,22,2,9,41.74574266,-87.60153615
0,420974,-1,30,0,0,2,3,10,2,2,0,1,0,0,-1,-1,-1,16,14,1034,-1,-1,-1,-1,-1,-1,2,0,0,0,0,0,5,0,22,2,9,41.84469387,-87.6868554
0,420950,-1,30,1,2,0,3,10,5,4,0,0,0,0,-1,-1,1,20,-1,2212,-1,-1,-1,-1,-1,-1,2,0,0,0,0,0,3,0,21,2,9,41.69216408,-87.68131317
2,420952,-1,30,0,0,0,3,7,5,2,0,1,0,1,-1,-1,-1,16,-1,2234,-1,-1,-1,-1,-1,-1,2,1,0,0,1,0,0,0,21,2,9,41.69686503,-87.65502385
0,420961,-1,30,1,2,0,3,12,5,-1,0,0,0,0,-1,-1,-1,-1,-1,622,-1,-1,-1,-1,-1,-1,2,0,0,0,0,0,2,0,21,2,9,41.73638005,-87.62750922
0,420959,-1,30,1,2,2,3,10,1,-1,2,1,-1,0,-1,-1,1,17,-1,624,-1,-1,-1,-1,-1,-1,2,0,0,0,0,0,3,0,21,2,9,41.75119434,-87.60536733
0,420923,1,30,0,0,1,3,4,5,2,0,0,1,0,-1,-1,-1,28,-1,1931,-1,-1,-1,1,2,-1,1,0,0,0,0,0,1,0,21,2,9,41.93224606,-87.67226774
0,420925,-1,30,2,2,2,0,14,5,2,0,1,0,0,1,-1,-1,17,0,414,-1,-1,-1,-1,-1,-1,2,0,0,0,0,0,2,0,21,2,9,41.75176361,-87.5722663
0,422187,-1,30,0,0,0,1,7,5,-1,0,0,0,0,-1,-1,1,0,0,2012,-1,-1,-1,-1,-1,-1,2,0,0,0,0,0,1,0,21,2,9,41.97901362,-87.67019656
0,420935,-1,30,0,0,0,3,7,5,4,0,0,0,1,-1,-1,-1,0,-1,1432,-1,-1,-1,-1,-1,-1,2,0,0,0,0,0,1,0,21,2,9,41.92423742,-87.68747544
0,420906,-1,30,1,3,0,0,0,5,2,0,0,0,1,1,-1,-1,6,16,1235,-1,-1,-1,-1,-1,-1,3,0,0,0,0,0,5,0,20,2,9,41.85756407,-87.63907891
1,420883,-1,30,1,3,1,3,0,2,2,0,1,0,1,1,-1,1,3,17,613,-1,-1,-1,-1,-1,-1,2,1,0,0,0,1,1,0,20,2,9,41.74690461,-87.64407715
2,420889,-1,30,1,2,0,3,14,5,2,0,1,0,1,-1,-1,-1,17,23,823,-1,1,-1,-1,-1,-1,2,1,0,0,1,0,2,0,20,2,9,41.77906768,-87.70408848
2,420861,1,30,0,0,2,3,7,2,2,0,1,0,1,-1,-1,-1,34,8,1634,-1,-1,-1,-1,-1,-1,2,1,0,0,1,0,0,0,20,2,9,41.94592984,-87.75373561
0,420866,-1,30,0,0,2,-1,7,6,-1,0,1,0,0,-1,-1,-1,0,0,612,-1,-1,-1,-1,-1,-1,2,0,0,0,0,0,1,0,20,2,9,41.74857918,-87.65019384
0,422231,-1,30,0,0,0,1,7,6,1,0,0,-1,0,-1,-1,-1,21,-1,1513,-1,-1,-1,-1,-1,-1,2,0,0,0,0,0,1,0,20,2,9,41.87863907,-87.76984872
0,420869,-1,30,2,2,2,3,0,2,2,0,1,0,0,-1,-1,-1,0,0,622,-1,-1,-1,-1,-1,-1,2,0,0,0,0,0,2,0,20,2,9,41.74342733,-87.63218113
0,420849,-1,35,0,0,2,3,7,5,2,0,1,0,0,-1,-1,-1,20,0,522,-1,-1,-1,-1,-1,-1,2,0,0,0,0,0,1,0,19,2,9,41.69245292,-87.62487642
0,420874,-1,15,0,0,0,3,7,7,-1,0,1,0,0,-1,-1,1,20,0,1732,-1,-1,-1,-1,-1,-1,2,0,0,0,0,0,1,0,19,2,9,41.94749807,-87.72758008
0,420857,-1,30,0,0,2,1,12,5,2,0,1,0,0,-1,-1,1,22,-1,1834,-1,-1,-1,-1,-1,-1,2,0,0,0,0,0,2,0,19,2,9,41.8955931,-87.62658249
0,420841,-1,30,0,3,2,2,0,5,-1,0,1,0,1,1,-1,-1,17,3,2232,-1,1,-1,-1,-1,-1,2,0,0,0,0,0,3,0,19,2,9,41.71411887,-87.64314541
0,420837,1,30,0,0,2,3,12,2,2,0,1,0,0,1,-1,-1,12,34,332,-1,-1,-1,-1,-1,-1,2,0,0,0,0,0,4,0,19,2,9,41.76735296,-87.57647796
0,420824,-1,30,1,3,2,4,0,5,-1,0,1,0,1,1,-1,-1,17,0,1235,-1,-1,-1,-1,-1,-1,2,0,0,0,0,0,2,0,19,2,9,41.85756407,-87.63907891
0,420810,-1,5,12,2,2,3,12,3,16,0,1,0,0,-1,-1,-1,34,16,423,-1,-1,-1,-1,-1,-1,2,0,0,0,0,0,4,0,19,2,9,-1,-1
0,424698,-1,30,0,0,2,1,10,5,4,0,1,0,0,-1,-1,-1,0,0,1431,-1,-1,-1,-1,-1,-1,2,0,0,0,0,0,2,0,19,2,9,41.92500639,-87.68817629
0,420856,-1,30,0,0,2,3,7,5,2,0,1,0,1,-1,-1,-1,12,0,431,-1,-1,-1,-1,-1,-1,5,0,0,0,0,0,3,0,19,2,9,41.72210619,-87.55121607
2,420797,-1,25,1,2,2,3,10,5,4,0,1,0,1,-1,-1,-1,7,7,2031,-1,-1,-1,-1,-1,-1,2,1,0,0,1,0,2,0,19,2,9,41.97584613,-87.68471262
0,420817,-1,30,0,0,0,4,12,5,-1,0,0,0,0,-1,-1,-1,-1,-1,922,-1,-1,-1,-1,-1,-1,2,0,0,0,0,0,6,0,18,2,9,41.80826898,-87.6894681
0,420815,-1,30,0,0,0,1,0,6,1,0,0,0,0,-1,-1,1,0,0,1113,-1,-1,-1,-1,-1,-1,2,0,0,0,0,0,4,0,18,2,9,41.88231115,-87.73813083
2,420796,-1,30,2,2,2,1,0,5,2,0,1,0,1,0,-1,-1,17,-1,2512,-1,-1,-1,-1,-1,-1,2,1,0,0,1,0,1,0,18,2,9,41.92558336,-87.77592256
0,420800,-1,30,0,0,2,4,14,5,2,0,1,2,0,-1,-1,1,0,-1,722,-1,-1,-1,-1,-1,-1,2,0,0,0,0,0,2,0,18,2,9,41.77247185,-87.63887256
0,420805,-1,30,1,2,0,1,12,6,3,0,0,0,0,-1,-1,-1,22,23,123,-1,-1,-1,-1,-1,-1,2,0,0,0,0,0,2,0,18,2,9,41.86748292,-87.6304928
0,420801,-1,30,0,0,2,1,14,5,2,0,1,0,0,1,-1,-1,17,16,2512,-1,-1,-1,-1,-1,-1,2,0,0,0,0,0,3,0,18,2,9,41.9220519,-87.80604567
0,420777,-1,30,0,0,0,0,10,5,2,0,0,0,0,-1,-1,-1,18,18,512,-1,-1,-1,-1,-1,-1,2,0,0,0,0,0,3,0,18,2,9,41.70755033,-87.5943407
0,420853,-1,30,1,2,2,0,12,3,-1,0,1,0,1,1,-1,-1,17,-1,1834,-1,-1,-1,-1,-1,-1,2,0,0,0,0,0,2,0,18,2,9,41.89169467,-87.6240462
2,420783,-1,30,0,0,2,3,14,2,2,0,1,0,1,-1,-1,1,22,21,2233,-1,-1,-1,-1,-1,-1,2,1,0,0,1,0,1,0,18,2,9,41.69984136,-87.63489331
1,420773,-1,30,2,2,2,1,14,5,-1,0,1,0,1,1,-1,-1,17,-1,2525,-1,-1,-1,-1,-1,-1,2,3,0,0,0,3,1,0,18,2,9,41.91736323,-87.71916019
0,420767,-1,30,0,0,2,1,14,5,-1,0,1,0,0,-1,-1,-1,0,0,1213,-1,-1,-1,-1,-1,-1,2,0,0,0,0,0,2,0,18,2,9,41.90124751,-87.66342659
0,420753,1,30,0,0,0,1,10,5,4,0,1,0,0,-1,-1,-1,18,0,1733,-1,-1,-1,-1,-1,-1,2,0,0,0,0,0,2,0,18,2,9,41.94673324,-87.70879357
0,420735,-1,25,2,2,1,1,7,6,1,0,1,0,0,1,-1,1,10,25,1013,-1,-1,-1,-1,-1,-1,5,0,0,0,0,0,3,0,18,2,9,41.84684112,-87.72778552
0,422452,-1,30,0,0,0,1,12,5,2,0,0,0,0,-1,-1,-1,22,18,813,-1,-1,-1,-1,-1,-1,2,0,0,0,0,0,2,0,18,2,9,41.78932932,-87.74164564
0,430109,-1,30,1,2,0,1,14,5,-1,0,0,0,0,-1,-1,-1,23,-1,114,-1,-1,-1,-1,-1,-1,2,0,0,0,0,0,2,0,17,2,9,41.8784407,-87.6173488
0,420732,-1,30,0,0,0,2,10,5,-1,0,1,0,0,-1,-1,-1,-1,-1,813,-1,-1,-1,-1,-1,-1,2,0,0,0,0,0,5,0,17,2,9,41.79291088,-87.74207734
2,420729,-1,30,1,3,2,1,12,5,4,0,1,0,1,-1,-1,-1,16,34,1132,-1,-1,-1,-1,-1,-1,2,1,0,0,1,0,3,0,17,2,9,41.8734181,-87.72555861
0,420770,-1,30,0,0,2,1,4,6,1,0,1,2,0,-1,-1,-1,29,28,2521,-1,-1,-1,-1,-1,-1,1,0,0,0,0,0,1,0,17,2,9,41.92619824,-87.74703411
0,420712,-1,35,0,0,2,1,0,5,-1,0,1,-1,0,1,-1,-1,17,11,2412,-1,-1,-1,-1,-1,-1,2,0,0,0,0,0,3,0,17,2,9,41.99911282,-87.69006613
2,420688,-1,30,2,0,2,1,0,3,4,0,1,0,1,-1,-1,-1,16,12,1622,-1,-1,-1,-1,-1,-1,3,2,0,0,2,0,1,0,17,2,9,41.97388857,-87.76866307
0,425235,-1,30,0,0,0,1,14,6,-1,0,0,0,0,-1,-1,1,17,-1,1434,-1,-1,-1,-1,-1,-1,2,0,0,0,0,0,3,0,17,2,9,41.91180134,-87.68374955
0,420809,-1,30,0,0,2,1,10,5,2,0,1,-1,0,-1,-1,-1,34,34,1732,-1,-1,-1,-1,-1,-1,2,0,0,0,0,0,6,0,17,2,9,41.94663069,-87.71624463
3,420689,-1,30,1,2,2,1,9,5,2,0,1,0,1,1,-1,1,17,-1,1731,-1,-1,-1,-1,-1,-1,2,1,0,1,0,0,1,0,17,2,9,41.94111107,-87.7273863
0,420721,1,30,0,0,2,1,10,5,2,0,1,0,0,-1,-1,-1,17,-1,2024,0,1,-1,-1,-1,-1,2,0,0,0,0,0,6,0,17,2,9,41.97500846,-87.65511965
1,420687,-1,25,1,3,2,1,0,2,-1,0,1,0,1,1,-1,-1,16,0,613,-1,-1,-1,-1,-1,-1,2,1,0,0,0,1,1,0,17,2,9,41.74690461,-87.64407715
3,420746,1,30,1,2,2,1,14,6,3,0,1,0,1,1,-1,-1,21,-1,122,-1,-1,-1,-1,-1,-1,2,1,0,1,0,0,1,0,17,2,9,41.88331491,-87.63541604
0,420702,-1,30,0,0,2,1,12,6,1,0,1,0,0,-1,-1,-1,17,-1,2511,-1,-1,-1,-1,-1,-1,2,0,0,0,0,0,4,0,17,2,9,41.93358491,-87.78714423
0,420676,-1,30,0,0,2,1,10,3,4,0,1,0,0,-1,-1,1,0,0,1232,-1,-1,-1,-1,-1,-1,2,0,0,0,0,0,4,0,17,2,9,41.86693214,-87.65390531
0,420697,-1,30,0,0,-1,1,7,5,1,0,-1,-1,0,-1,-1,1,0,0,2512,-1,-1,-1,-1,-1,-1,2,0,0,0,0,0,1,0,17,2,9,41.91814179,-87.78344636
0,420659,-1,30,0,0,2,1,10,2,2,0,1,0,0,-1,-1,1,0,0,1032,-1,-1,-1,-1,-1,-1,2,0,0,0,0,0,2,0,17,2,9,41.84439967,-87.70564523
0,420663,-1,30,0,0,2,1,12,6,-1,0,1,0,0,-1,-1,1,17,-1,823,-1,-1,-1,-1,-1,-1,2,0,0,0,0,0,3,0,16,2,9,41.77552689,-87.6995379
0,420668,-1,35,1,2,2,1,10,2,4,0,1,0,1,1,-1,-1,7,16,611,-1,-1,-1,-1,-1,-1,3,0,0,0,0,0,3,0,16,2,9,41.75579312,-87.67314451
0,420685,-1,30,0,0,2,1,7,5,-1,0,1,-1,0,-1,-1,-1,0,0,2412,-1,-1,-1,-1,-1,-1,2,0,0,0,0,0,1,0,16,2,9,42.00397949,-87.68047967
0,420660,-1,30,0,0,2,1,10,5,-1,0,1,0,0,-1,-1,-1,0,0,1012,-1,-1,-1,-1,-1,-1,2,0,0,0,0,0,2,0,16,2,9,41.85912728,-87.72510901
0,420718,-1,30,0,0,2,4,8,6,2,0,1,0,0,1,-1,-1,16,34,1634,-1,-1,-1,-1,-1,-1,2,0,0,0,0,0,3,0,16,2,9,41.95240089,-87.75697279
0,432916,-1,15,0,0,2,1,2,0,1,0,1,1,0,-1,1,-1,34,13,1713,-1,-1,-1,-1,-1,-1,1,0,0,0,0,0,3,0,16,2,9,41.96711477,-87.70857709
0,420681,-1,30,0,2,2,1,10,5,-1,0,1,-1,0,-1,-1,-1,18,-1,1524,-1,-1,-1,-1,-1,-1,2,0,0,0,0,0,2,0,16,2,9,41.89672167,-87.76531387
0,421827,-1,0,2,3,2,1,10,5,-1,0,1,0,0,-1,-1,-1,5,5,532,-1,-1,-1,-1,-1,-1,2,0,0,0,0,0,2,0,16,2,9,41.66325448,-87.61778866
0,420736,-1,35,0,0,2,4,7,5,-1,0,1,-1,0,-1,-1,0,0,0,433,-1,-1,-1,-1,-1,-1,2,0,0,0,0,0,1,0,16,2,9,41.65336101,-87.54729713
0,420665,-1,30,0,0,2,1,7,5,4,0,1,-1,0,-1,-1,1,0,0,2524,-1,-1,-1,-1,-1,-1,2,0,0,0,0,0,2,0,16,2,9,41.92449859,-87.73473146
0,420649,-1,25,0,0,2,1,7,6,1,0,1,0,0,-1,-1,1,0,-1,1524,-1,0,-1,-1,-1,-1,3,0,0,0,0,0,1,0,16,2,9,41.89750711,-87.76208413
0,420631,1,30,0,0,2,2,7,5,2,0,1,0,1,-1,-1,-1,34,-1,713,-1,-1,-1,-1,-1,-1,2,0,0,0,0,0,1,0,16,2,9,41.77961102,-87.66230247
0,420638,-1,30,0,0,2,4,7,7,-1,0,1,0,0,-1,-1,1,0,-1,1733,-1,-1,-1,-1,-1,-1,2,0,0,0,0,0,1,0,16,2,9,41.94215359,-87.71244602
0,420618,-1,30,0,0,0,1,12,5,-1,0,0,0,0,-1,-1,-1,17,17,725,-1,-1,-1,-1,-1,-1,2,0,0,0,0,0,2,0,16,2,9,41.7755825,-87.6594022
0,420627,-1,30,1,2,1,1,0,6,3,0,0,0,0,1,-1,-1,6,17,113,-1,-1,-1,-1,-1,-1,2,0,0,0,0,0,2,0,16,2,9,41.87825822,-87.63073447
1,420602,-1,30,1,2,2,1,14,5,2,0,1,0,1,1,-1,-1,11,0,1131,-1,-1,-1,-1,-1,-1,3,3,0,0,0,3,0,0,16,2,9,41.87691824,-87.73549477
0,421023,-1,30,0,0,-1,1,7,6,-1,0,-1,0,0,-1,-1,1,0,0,423,-1,-1,-1,-1,-1,-1,2,0,0,0,0,0,1,0,16,2,9,41.74054584,-87.56348542
0,420658,-1,30,0,0,2,1,7,2,2,0,1,0,0,-1,-1,-1,34,33,1034,-1,-1,-1,-1,-1,-1,2,0,0,0,0,0,1,0,16,2,9,41.84406124,-87.69479184
0,420650,-1,30,2,2,2,1,10,6,-1,0,1,0,0,1,-1,1,20,-1,2532,-1,-1,-1,-1,-1,-1,2,0,0,0,0,0,2,0,16,2,9,41.90320705,-87.76114164
0,421081,-1,40,0,0,-1,1,10,3,5,0,-1,0,0,-1,-1,1,0,-1,1834,-1,-1,-1,-1,-1,-1,2,0,0,0,0,0,2,0,15,2,9,41.89283021,-87.61439816
0,420604,-1,30,1,2,2,1,0,5,4,0,1,0,0,1,-1,-1,0,0,112,-1,1,-1,-1,-1,-1,2,0,0,0,0,0,5,0,15,2,9,41.88316069,-87.62772179
2,420611,-1,30,0,0,0,1,10,5,-1,0,1,0,1,-1,-1,-1,0,0,1831,-1,-1,-1,-1,-1,-1,2,1,0,0,1,0,1,0,15,2,9,41.88752864,-87.63264684