MOST_SEVERE_INJURY,RD_NO,CRASH_DATE_EST_I,POSTED_SPEED_LIMIT,TRAFFIC_CONTROL_DEVICE,DEVICE_CONDITION,WEATHER_CONDITION,LIGHTING_CONDITION,FIRST_CRASH_TYPE,TRAFFICWAY_TYPE,LANE_CNT,ALIGNMENT,ROADWAY_SURFACE_COND,ROAD_DEFECT,CRASH_TYPE,INTERSECTION_RELATED_I,NOT_RIGHT_OF_WAY_I,HIT_AND_RUN_I,PRIM_CONTRIBUTORY_CAUSE,SEC_CONTRIBUTORY_CAUSE,BEAT_OF_OCCURRENCE,PHOTOS_TAKEN_I,STATEMENTS_TAKEN_I,DOORING_I,WORK_ZONE_I,WORK_ZONE_TYPE,WORKERS_PRESENT_I,NUM_UNITS,INJURIES_TOTAL,INJURIES_FATAL,INJURIES_INCAPACITATING,INJURIES_NON_INCAPACITATING,INJURIES_REPORTED_NOT_EVIDENT,INJURIES_NO_INDICATION,INJURIES_UNKNOWN,CRASH_HOUR,CRASH_DAY_OF_WEEK,CRASH_MONTH,LATITUDE,LONGITUDE
0,421828,-1,0,0,0,0,1,7,7,-1,0,1,0,0,-1,-1,1,25,-1,222,-1,-1,-1,-1,-1,-1,2,0,0,0,0,0,1,0,15,2,9,41.81015746,-87.59279229
0,420581,-1,30,0,0,2,1,14,5,2,0,1,0,0,-1,-1,-1,17,-1,1623,-1,-1,-1,-1,-1,-1,3,0,0,0,0,0,3,0,15,2,9,41.96076416,-87.75252267
0,420542,-1,30,1,2,2,1,14,5,4,0,1,0,0,1,-1,-1,6,-1,1115,-1,-1,-1,-1,-1,-1,2,0,0,0,0,0,4,0,15,2,9,41.8808343,-87.7257966
0,420577,-1,30,0,0,2,1,10,5,-1,0,1,0,0,-1,-1,-1,18,-1,2524,-1,-1,-1,-1,-1,-1,2,0,0,0,0,0,4,0,15,2,9,41.93176991,-87.71969558
0,424780,-1,0,0,0,0,1,14,3,-1,0,0,0,0,-1,-1,-1,17,-1,234,-1,-1,-1,-1,-1,-1,2,0,0,0,0,0,2,0,15,2,9,41.80145655,-87.58774186
0,420589,-1,0,0,0,2,1,7,7,0,0,1,-1,0,-1,1,1,0,0,2533,-1,-1,-1,-1,-1,-1,2,0,0,0,0,0,1,0,15,2,9,41.9127695,-87.73634836
0,420580,-1,30,1,2,2,1,12,5,2,0,1,-1,0,-1,-1,-1,0,0,1532,-1,-1,-1,-1,-1,-1,2,0,0,0,0,0,4,0,15,2,9,41.88414432,-87.75505637
0,420576,-1,20,0,0,1,1,12,5,-1,0,0,-1,0,-1,-1,-1,0,0,1214,-1,-1,-1,-1,-1,-1,2,0,0,0,0,0,2,0,15,2,9,41.89167749,-87.6477816
1,420566,-1,45,0,0,0,1,10,3,3,0,0,0,1,-1,-1,-1,16,-1,312,-1,-1,-1,-1,-1,-1,2,1,0,0,0,1,18,0,15,2,9,-1,-1
0,420556,-1,30,1,2,1,1,0,5,4,0,0,0,0,1,-1,-1,6,-1,715,-1,-1,-1,-1,-1,-1,2,0,0,0,0,0,2,0,15,2,9,41.79359012,-87.664721
1,420550,1,30,4,2,2,1,0,2,2,0,1,0,1,1,-1,-1,17,16,1414,-1,1,-1,-1,-1,-1,2,1,0,0,0,1,3,0,15,2,9,41.92845074,-87.69766189
0,420572,-1,10,0,0,0,1,7,7,0,0,0,0,0,-1,-1,-1,0,0,632,-1,-1,-1,-1,-1,-1,2,0,0,0,0,0,1,0,15,2,9,41.73883557,-87.60473769
3,420524,-1,30,1,2,1,1,8,12,4,0,0,0,1,1,-1,-1,-1,-1,532,-1,-1,-1,-1,-1,-1,2,1,0,1,0,0,1,0,15,2,9,41.66358819,-87.62006043
0,420554,-1,30,1,2,0,1,10,3,6,0,0,0,0,-1,-1,1,25,-1,233,-1,-1,-1,-1,-1,-1,3,0,0,0,0,0,5,0,15,2,9,41.79490969,-87.61586975
0,420575,-1,30,0,0,2,2,14,5,-1,0,1,-1,0,-1,-1,-1,17,17,1633,-1,-1,-1,-1,-1,-1,2,0,0,0,0,0,4,0,15,2,9,41.95303291,-87.76973878
0,426155,-1,35,2,2,0,1,10,5,-1,0,1,0,1,-1,-1,-1,16,-1,114,-1,-1,-1,-1,-1,-1,2,0,0,0,0,0,3,0,15,2,9,41.86758263,-87.62332997
0,421786,-1,30,0,0,0,1,12,5,-1,0,0,0,0,-1,-1,1,0,0,1631,-1,-1,-1,-1,-1,-1,2,0,0,0,0,0,2,0,15,2,9,41.93763891,-87.83620975
0,420539,-1,30,1,2,1,1,10,5,2,0,1,-1,0,-1,-1,-1,15,-1,1523,-1,-1,-1,-1,-1,-1,2,0,0,0,0,0,4,0,15,2,9,41.88752532,-87.7649667
2,420536,-1,30,0,0,2,1,8,2,2,0,1,0,1,-1,-1,-1,0,-1,1434,-1,-1,1,-1,-1,-1,2,1,0,0,1,0,1,0,14,2,9,41.91273042,-87.68132703
0,420656,-1,30,0,0,0,1,7,5,-1,0,0,0,0,-1,-1,1,0,0,1012,-1,-1,-1,-1,-1,-1,2,0,0,0,0,0,1,0,14,2,9,41.85153768,-87.73253733
0,420561,-1,30,12,12,1,1,14,2,-1,0,1,0,0,-1,-1,-1,0,-1,1822,-1,-1,-1,-1,-1,-1,2,0,0,0,0,0,2,0,14,2,9,41.90450211,-87.64826687
0,420548,-1,30,0,0,2,1,2,2,2,0,1,4,0,-1,-1,-1,28,0,623,-1,-1,-1,-1,-1,-1,1,0,0,0,0,0,1,0,14,2,9,41.75649358,-87.62593879
0,420595,-1,30,0,0,2,3,2,5,-1,0,1,4,0,-1,-1,-1,34,29,1622,-1,-1,-1,-1,-1,-1,1,0,0,0,0,0,2,0,14,2,9,41.96037196,-87.77716702
3,420531,1,30,2,3,2,1,0,2,6,0,1,0,1,1,-1,-1,34,16,1623,-1,-1,-1,-1,-1,-1,2,1,0,1,0,0,6,0,14,2,9,41.96079002,-87.74768936
0,420545,-1,30,1,2,0,1,0,5,-1,0,0,0,0,1,-1,-1,0,0,911,-1,-1,-1,-1,-1,-1,2,0,0,0,0,0,3,0,14,2,9,41.83002728,-87.69493784
0,423416,-1,30,1,2,2,1,10,5,2,0,1,-1,0,-1,-1,-1,18,22,332,-1,-1,-1,-1,-1,-1,2,0,0,0,0,0,3,0,14,2,9,41.76964982,-87.58638311
0,420521,-1,30,1,2,2,1,0,12,0,0,1,-1,1,1,-1,-1,6,17,1411,-1,-1,-1,-1,-1,-1,2,0,0,0,0,0,2,0,14,2,9,41.92843453,-87.70256772
0,420510,-1,45,0,0,2,1,10,3,8,0,1,-1,1,-1,-1,-1,8,8,1925,-1,-1,-1,-1,-1,-1,2,0,0,0,0,0,4,0,14,2,9,41.95055064,-87.64454657
2,420498,-1,30,1,2,2,1,14,2,2,0,1,0,1,-1,-1,1,17,-1,2523,-1,-1,-1,-1,-1,-1,2,1,0,0,1,0,1,0,14,2,9,41.93186407,-87.72953394
0,421199,-1,25,2,2,2,1,14,6,1,0,1,0,0,1,-1,-1,5,5,1013,-1,-1,-1,-1,-1,-1,2,0,0,0,0,0,2,0,14,2,9,41.84804214,-87.72336351
0,420486,-1,30,4,2,2,1,0,5,2,0,1,-1,0,1,-1,-1,0,0,2011,-1,-1,-1,-1,-1,-1,2,0,0,0,0,0,2,0,14,2,9,41.9759129,-87.69249418
0,420500,-1,30,2,1,2,1,10,2,2,0,1,0,1,1,-1,-1,34,18,1413,-1,-1,-1,-1,-1,-1,2,0,0,0,0,0,6,0,14,2,9,41.92615751,-87.71688571
0,421263,-1,35,0,0,2,1,10,5,4,0,1,0,0,-1,-1,-1,34,34,111,-1,-1,-1,-1,-1,-1,2,0,0,0,0,0,2,0,14,2,9,41.88453096,-87.62460205
0,420540,-1,5,12,1,0,1,4,3,16,0,0,0,0,-1,-1,-1,-1,-1,423,-1,-1,-1,-1,-1,-1,1,0,0,0,0,0,1,0,14,2,9,41.73527677,-87.5665293
0,420497,-1,30,0,0,0,1,11,5,-1,0,1,0,0,-1,-1,-1,0,0,1834,-1,-1,-1,-1,-1,-1,2,0,0,0,0,0,2,0,14,2,9,41.89121449,-87.61421697
0,420573,-1,30,0,0,2,1,10,5,4,0,1,-1,0,-1,-1,-1,0,0,1824,-1,-1,-1,-1,-1,-1,2,0,0,0,0,0,2,0,13,2,9,41.90961072,-87.62583365
0,420457,-1,30,1,2,0,1,14,3,4,0,0,0,1,1,-1,-1,17,0,114,-1,-1,-1,-1,-1,-1,2,0,0,0,0,0,2,0,13,2,9,41.88688372,-87.62088012
1,420456,-1,30,2,0,2,1,14,5,2,0,1,-1,1,1,-1,-1,17,16,2534,-1,-1,-1,-1,-1,-1,2,1,0,0,0,1,2,0,13,2,9,41.90437368,-87.7360459
0,421767,-1,35,-1,-1,0,1,14,-1,-1,0,0,-1,0,-1,-1,-1,0,-1,234,-1,-1,-1,-1,-1,-1,2,0,0,0,0,0,2,0,13,2,9,41.80242703,-87.5876929
0,420538,1,30,0,0,1,1,7,6,1,0,0,0,0,-1,-1,1,0,-1,1933,-1,-1,-1,-1,-1,-1,2,0,0,0,0,0,1,0,13,2,9,41.93364464,-87.6545422
0,420511,-1,30,1,2,0,1,10,2,1,0,0,0,0,-1,-1,-1,0,0,1235,-1,-1,-1,-1,-1,-1,2,0,0,0,0,0,2,0,13,2,9,-1,-1
0,420452,-1,30,0,0,0,1,12,5,4,0,0,0,0,-1,-1,1,0,-1,821,-1,-1,-1,-1,-1,-1,2,0,0,0,0,0,5,0,13,2,9,41.8137399,-87.70504737
0,427252,-1,30,0,0,0,1,10,2,-1,0,0,0,0,-1,-1,-1,0,0,1912,-1,-1,-1,-1,-1,-1,2,0,0,0,0,0,2,0,13,2,9,41.96868409,-87.6762767
1,420437,-1,30,0,0,0,1,14,2,1,0,0,0,1,1,-1,-1,17,0,1034,-1,-1,-1,-1,-1,-1,2,1,0,0,0,1,2,0,13,2,9,41.84486489,-87.69041379
0,420433,-1,30,0,0,0,1,10,5,4,0,0,0,0,-1,-1,-1,18,18,124,-1,-1,-1,-1,-1,-1,2,0,0,0,0,0,6,0,13,2,9,41.86735248,-87.64056398
2,420429,-1,30,1,2,1,1,0,5,6,2,0,0,1,1,-1,1,6,15,1533,-1,1,-1,-1,-1,-1,2,7,0,0,7,0,1,0,13,2,9,41.88060622,-87.74540229
0,420464,-1,30,0,0,-1,1,10,2,2,0,-1,0,0,-1,-1,-1,0,0,2521,-1,-1,-1,-1,-1,-1,3,0,0,0,0,0,3,0,13,2,9,41.93165946,-87.74539801
0,420445,-1,30,0,0,1,1,10,7,0,0,0,0,0,-1,1,-1,11,-1,913,-1,-1,-1,-1,-1,-1,2,0,0,0,0,0,2,0,13,2,9,41.83796415,-87.64642271
0,420840,-1,25,0,0,2,1,2,6,-1,0,1,0,0,-1,1,1,0,0,1024,-1,-1,-1,-1,-1,-1,1,0,0,0,0,0,1,0,13,2,9,41.84803061,-87.70650716
0,420469,-1,10,0,0,2,1,7,7,1,0,1,0,0,-1,-1,1,11,0,2234,-1,-1,-1,-1,-1,-1,2,0,0,0,0,0,2,0,12,2,9,41.6775919,-87.66443188
0,420426,-1,0,0,0,2,1,14,0,2,0,1,0,0,-1,-1,-1,34,0,414,-1,-1,-1,-1,-1,-1,2,0,0,0,0,0,2,0,12,2,9,41.75217632,-87.5782928
0,420410,-1,30,1,2,0,1,10,5,2,0,0,0,0,1,-1,-1,18,16,2522,-1,-1,-1,-1,-1,-1,2,0,0,0,0,0,3,0,12,2,9,41.92059577,-87.73649484
0,420399,-1,25,1,2,0,1,10,2,2,0,0,0,1,1,-1,-1,18,-1,2411,-1,-1,-1,-1,-1,-1,3,0,0,0,0,0,3,0,12,2,9,42.01212989,-87.68628243
2,420394,-1,30,2,0,0,1,8,5,2,0,0,0,1,1,-1,-1,5,-1,132,-1,-1,-1,-1,-1,-1,2,1,0,0,1,0,2,0,12,2,9,41.86051038,-87.6128731
0,420379,-1,35,1,-1,0,1,0,12,-1,0,0,0,1,1,-1,-1,0,0,124,-1,-1,-1,-1,-1,-1,2,0,0,0,0,0,4,0,12,2,9,41.86980688,-87.64367009
0,420439,-1,30,0,0,0,1,10,2,-1,0,0,0,0,-1,-1,-1,2,18,822,-1,-1,-1,-1,-1,-1,2,0,0,0,0,0,3,0,12,2,9,41.79160504,-87.70364888
0,420420,1,30,0,0,2,1,7,6,-1,0,1,0,0,-1,-1,1,0,-1,421,-1,-1,-1,-1,-1,-1,2,0,0,0,0,0,1,0,12,2,9,41.7579727,-87.55988842
0,420400,-1,30,1,2,0,1,11,5,2,0,0,0,0,1,-1,-1,11,0,1412,-1,-1,-1,-1,-1,-1,2,0,0,0,0,0,2,0,12,2,9,41.93210458,-87.71212324
0,420353,-1,30,1,2,2,1,14,2,-1,0,1,0,1,1,-1,-1,15,15,2221,-1,-1,-1,-1,-1,-1,3,0,0,0,0,0,3,0,12,2,9,41.72132441,-87.66272415
0,420369,-1,30,1,2,2,1,10,2,-1,0,12,0,0,-1,-1,-1,0,18,2223,-1,-1,-1,-1,-1,-1,2,0,0,0,0,0,2,0,12,2,9,41.72867428,-87.64355805
0,420412,-1,30,0,0,0,1,7,2,4,0,0,0,0,-1,-1,1,25,16,1211,-1,-1,-1,-1,-1,-1,2,0,0,0,0,0,1,0,12,2,9,41.89580862,-87.69123501
0,423302,1,30,0,0,-1,1,7,5,2,0,0,0,0,-1,-1,1,21,-1,1733,-1,-1,-1,-1,-1,-1,2,0,0,0,0,0,1,0,12,2,9,41.9504002,-87.70587351
0,421179,-1,20,0,-1,-1,-1,7,6,-1,0,-1,0,0,-1,-1,1,0,0,822,-1,-1,-1,-1,-1,-1,2,0,0,0,0,0,1,0,12,2,9,41.79405598,-87.72210492
0,420297,-1,25,0,0,0,1,7,6,1,0,0,0,1,-1,-1,0,0,0,1022,-1,-1,-1,-1,-1,-1,4,0,0,0,0,0,1,0,11,2,9,41.86200082,-87.70661538
0,420293,-1,30,1,2,0,1,14,5,2,0,0,0,0,1,-1,-1,23,-1,2514,-1,-1,-1,-1,-1,-1,2,0,0,0,0,0,2,0,11,2,9,41.93138808,-87.76618836
0,420268,-1,35,0,0,0,1,12,5,-1,0,0,0,1,-1,-1,1,25,-1,1733,-1,-1,-1,-1,-1,-1,2,0,0,0,0,0,2,0,11,2,9,41.94674147,-87.70776312
2,420304,-1,30,0,0,0,1,7,3,4,0,0,0,1,-1,-1,-1,27,0,924,-1,-1,-1,-1,-1,-1,2,1,0,0,1,0,0,0,11,2,9,41.81145974,-87.66519216
0,420350,-1,30,0,0,0,1,12,5,2,0,0,0,0,-1,-1,-1,0,0,2433,-1,-1,-1,-1,-1,-1,2,0,0,0,0,0,2,0,11,2,9,41.99574828,-87.67479234
0,420331,-1,30,0,0,0,1,12,6,-1,0,0,0,0,-1,-1,-1,17,-1,822,-1,-1,-1,-1,-1,-1,2,0,0,0,0,0,3,0,11,2,9,41.7897516,-87.70604524
0,420327,-1,30,0,0,0,1,7,5,2,0,0,0,0,-1,-1,-1,25,-1,532,-1,-1,-1,-1,-1,-1,3,0,0,0,0,0,1,0,11,2,9,41.6810138,-87.62260643
0,420308,-1,30,0,0,0,1,10,5,6,0,0,0,0,-1,-1,-1,18,12,815,-1,-1,-1,-1,-1,-1,2,0,0,0,0,0,2,0,11,2,9,41.81512164,-87.7432138
0,420258,-1,30,0,0,0,1,7,5,2,0,0,0,0,-1,-1,-1,0,0,2011,-1,-1,-1,-1,-1,-1,3,0,0,0,0,0,1,0,11,2,9,41.98814941,-87.69917553
0,420257,-1,30,1,-1,0,1,0,6,3,0,0,0,1,1,-1,-1,0,-1,935,-1,-1,-1,-1,-1,-1,2,0,0,0,0,0,3,0,11,2,9,41.79464233,-87.63184342
0,420243,-1,40,0,0,0,1,10,3,2,0,0,0,1,-1,-1,-1,18,18,1651,-1,-1,-1,-1,-1,-1,2,0,0,0,0,0,2,0,11,2,9,41.97620114,-87.90530913
2,420226,-1,25,0,0,0,1,8,5,2,0,0,0,1,-1,-1,-1,0,-1,2433,-1,-1,-1,-1,-1,-1,2,1,0,0,1,0,0,0,11,2,9,41.99539673,-87.6676034
0,422433,-1,30,0,0,0,1,7,6,1,0,0,0,0,-1,-1,1,0,0,1031,-1,-1,-1,-1,-1,-1,2,0,0,0,0,0,1,0,11,2,9,41.83867641,-87.72067486
0,420785,-1,15,0,0,12,-1,7,5,2,0,-1,0,0,-1,-1,-1,0,-1,924,-1,-1,-1,-1,-1,-1,2,0,0,0,0,0,1,0,11,2,9,41.81025059,-87.67366744
0,420532,-1,30,0,0,0,1,7,5,-1,0,0,0,0,-1,-1,-1,0,-1,512,-1,-1,-1,-1,-1,-1,2,0,0,0,0,0,1,0,11,2,9,41.70684703,-87.60994968
0,420237,-1,35,0,0,0,1,10,12,-1,0,0,0,0,-1,1,-1,0,0,1631,-1,-1,-1,-1,-1,-1,2,0,0,0,0,0,2,0,10,2,9,41.94521258,-87.82372778
0,420286,-1,15,0,0,0,1,7,7,1,0,0,0,0,-1,1,1,0,0,2023,-1,-1,-1,-1,-1,-1,2,0,0,0,0,0,1,0,10,2,9,41.97942826,-87.65980586
0,420421,-1,25,1,2,0,1,10,8,-1,0,0,12,0,-1,-1,-1,20,20,1935,-1,-1,-1,-1,-1,-1,2,0,0,0,0,0,2,0,10,2,9,41.92616072,-87.63151467
0,420381,1,20,0,0,0,1,7,5,1,0,0,0,0,-1,-1,1,0,0,2211,-1,-1,-1,-1,-1,-1,2,0,0,0,0,0,1,0,10,2,9,41.71199535,-87.68273796
0,421019,-1,30,0,0,0,0,12,7,-1,0,1,-1,0,-1,1,-1,16,-1,1034,-1,-1,-1,-1,-1,-1,2,0,0,0,0,0,2,0,9,2,9,41.84490306,-87.68770156
0,420186,-1,30,2,1,0,1,10,5,-1,0,0,0,0,-1,-1,-1,0,0,1221,-1,-1,-1,-1,-1,-1,2,0,0,0,0,0,3,0,9,2,9,41.89082294,-87.70209306
0,427765,-1,30,1,2,0,1,10,5,-1,0,0,0,0,-1,-1,-1,18,0,413,-1,-1,-1,-1,-1,-1,2,0,0,0,0,0,2,0,9,2,9,41.72424446,-87.57554708
0,420151,-1,30,0,0,0,1,12,5,2,0,0,3,1,-1,-1,-1,22,0,1412,-1,-1,-1,1,2,-1,2,0,0,0,0,0,2,0,9,2,9,41.93757014,-87.71261447
0,420184,-1,30,-1,-1,0,1,12,-1,-1,0,0,0,0,-1,-1,1,22,21,614,0,-1,-1,-1,-1,-1,2,0,0,0,0,0,2,0,9,2,9,41.73583745,-87.66771025
0,420132,-1,20,2,2,0,1,0,6,2,0,0,0,1,0,-1,-1,7,0,235,-1,-1,-1,-1,-1,-1,2,0,0,0,0,0,3,0,8,2,9,41.79140472,-87.59174159
0,420503,-1,30,0,0,-1,-1,7,5,2,0,-1,-1,0,-1,-1,1,0,0,1632,-1,-1,-1,-1,-1,-1,2,0,0,0,0,0,1,0,8,2,9,41.95089607,-87.8041446
0,420120,-1,30,1,2,0,1,12,5,4,0,0,0,0,1,-1,-1,22,16,1622,-1,-1,-1,-1,-1,-1,2,0,0,0,0,0,3,0,8,2,9,41.97576096,-87.77832527
0,420133,-1,30,0,0,-1,-1,7,5,2,0,0,0,0,-1,-1,1,0,0,1622,-1,-1,-1,-1,-1,-1,2,0,0,0,0,0,1,0,8,2,9,41.97317509,-87.78564845
0,420129,-1,30,2,2,0,1,0,5,0,0,0,0,0,1,-1,1,16,-1,1732,-1,-1,-1,-1,-1,-1,2,0,0,0,0,0,2,0,8,2,9,41.95032501,-87.71287156
0,420106,-1,30,0,0,0,1,7,5,4,0,0,0,1,-1,-1,1,0,0,2031,-1,1,-1,-1,-1,-1,3,0,0,0,0,0,2,0,8,2,9,41.97467848,-87.68896121
0,420123,-1,30,12,12,0,1,2,5,-1,0,0,0,1,-1,-1,-1,3,-1,1433,-1,-1,-1,-1,-1,-1,1,0,0,0,0,0,1,0,8,2,9,41.91056395,-87.66454077
0,420380,1,30,0,0,0,-1,7,2,-1,0,0,0,0,-1,-1,-1,0,0,1924,-1,-1,-1,-1,-1,-1,2,0,0,0,0,0,1,0,8,2,9,41.94429126,-87.64954211
0,420098,-1,30,1,2,0,1,14,5,4,0,0,0,1,1,-1,-1,0,0,913,-1,-1,-1,-1,-1,-1,2,0,0,0,0,0,2,0,8,2,9,41.84822274,-87.64666656
0,420105,-1,35,0,0,0,1,2,0,-1,0,1,0,0,-1,-1,-1,25,14,1114,-1,-1,-1,-1,-1,-1,1,0,0,0,0,0,1,0,7,2,9,41.8834345,-87.72893278
0,420097,-1,30,0,0,0,1,10,5,2,0,0,0,0,-1,-1,1,0,0,2533,-1,-1,-1,-1,-1,-1,2,0,0,0,0,0,2,0,7,2,9,41.91574619,-87.75031371
0,421460,-1,30,0,0,0,1,2,12,-1,2,0,0,0,-1,1,-1,0,0,114,-1,-1,-1,-1,-1,-1,1,0,0,0,0,0,1,0,7,2,9,41.88766406,-87.62048728
2,420091,-1,30,1,2,0,1,7,5,5,0,0,0,1,-1,-1,-1,27,0,713,-1,-1,-1,-1,-1,-1,2,1,0,0,1,0,1,0,7,2,9,41.78990337,-87.66433126
1,420086,-1,30,1,2,0,1,8,2,4,0,0,0,1,-1,-1,-1,0,0,331,-1,-1,-1,-1,-1,-1,2,1,0,0,0,1,1,0,7,2,9,41.78808814,-87.58505599
0,420079,-1,20,0,0,0,1,0,6,1,2,0,0,0,1,-1,-1,16,17,1112,-1,-1,-1,-1,-1,-1,2,0,0,0,0,0,2,0,7,2,9,41.90103311,-87.71729269
0,420064,-1,30,1,2,0,1,10,5,4,0,0,0,0,-1,-1,-1,18,-1,1722,-1,-1,-1,-1,-1,-1,2,0,0,0,0,0,2,0,6,2,9,41.95353056,-87.74722436
0,468591,-1,35,0,0,0,2,7,7,-1,0,0,0,0,-1,-1,-1,0,-1,2412,-1,-1,-1,-1,-1,-1,2,0,0,0,0,0,1,0,6,2,9,42.00368234,-87.69965569
0,421212,-1,30,0,0,0,0,7,2,2,0,0,0,1,-1,-1,1,0,0,1733,-1,-1,-1,-1,-1,-1,2,0,0,0,0,0,1,0,6,2,9,41.94653734,-87.70499396
0,420052,-1,30,1,2,0,2,0,3,4,0,0,0,0,1,-1,-1,17,17,122,-1,-1,-1,-1,-1,-1,2,0,0,0,0,0,2,0,5,2,9,41.88388003,-87.63227774
0,420035,-1,30,0,0,1,3,2,5,-1,0,1,0,1,-1,-1,-1,0,-1,1421,-1,-1,-1,-1,-1,-1,1,0,0,0,0,0,2,0,5,2,9,41.9135078,-87.69693442
0,420033,-1,30,0,0,0,3,7,6,1,0,0,0,0,-1,-1,-1,27,0,815,-1,-1,-1,-1,-1,-1,5,0,0,0,0,0,1,0,4,2,9,41.80774685,-87.72617573
0,420200,-1,30,1,2,0,0,0,2,2,0,0,0,0,-1,-1,1,0,0,935,-1,1,-1,-1,-1,-1,2,0,0,0,0,0,2,0,4,2,9,41.79419527,-87.6319264
0,420018,-1,30,0,-1,0,3,2,5,-1,0,0,0,1,-1,-1,-1,32,-1,1125,-1,-1,-1,-1,-1,-1,1,0,0,0,0,0,2,0,4,2,9,41.87847825,-87.69390922
0,420021,-1,30,2,0,0,0,10,6,1,0,1,0,0,-1,-1,-1,16,0,1023,-1,-1,-1,-1,-1,-1,2,0,0,0,0,0,2,0,4,2,9,41.85296168,-87.69290447
0,420028,-1,25,0,-1,0,3,2,6,1,0,0,0,0,-1,1,-1,0,-1,912,-1,-1,-1,-1,-1,-1,1,0,0,0,0,0,1,0,4,2,9,41.83660842,-87.66557057
0,420016,-1,25,0,0,0,3,7,6,-1,0,0,0,1,-1,-1,1,10,-1,1021,-1,-1,-1,-1,-1,-1,2,0,0,0,0,0,1,0,4,2,9,41.86155667,-87.71391438
3,420017,-1,40,0,0,2,3,10,3,8,3,1,1,1,-1,-1,-1,0,-1,214,-1,-1,-1,-1,-1,-1,2,2,0,1,1,0,1,0,3,2,9,41.81997053,-87.59774866
0,420008,-1,30,1,2,0,3,2,5,3,0,0,0,1,1,-1,0,-1,-1,433,-1,-1,-1,-1,-1,-1,1,0,0,0,0,0,2,0,3,2,9,41.66606777,-87.55864142
0,420015,-1,30,0,0,0,3,10,8,2,0,1,0,0,-1,-1,1,18,0,1925,-1,-1,-1,-1,-1,-1,2,0,0,0,0,0,2,0,3,2,9,41.94050251,-87.63844367
0,419990,-1,30,1,2,0,3,10,2,-1,0,1,0,0,-1,-1,1,0,0,1611,-1,-1,-1,-1,-1,-1,2,0,0,0,0,0,3,0,3,2,9,41.99360507,-87.78738749
0,420007,-1,15,0,0,0,3,12,5,-1,0,-1,-1,1,-1,-1,1,0,0,713,-1,-1,-1,-1,-1,-1,2,0,0,0,0,0,3,0,3,2,9,41.79306622,-87.66347467
0,420000,-1,25,0,0,0,0,14,5,-1,0,0,0,0,-1,-1,1,0,0,822,-1,-1,-1,-1,-1,-1,2,0,0,0,0,0,5,0,3,2,9,41.79456097,-87.72305196
0,419994,-1,25,0,0,0,3,7,6,-1,0,0,0,1,-1,-1,1,0,0,2514,-1,-1,-1,-1,-1,-1,4,0,0,0,0,0,2,0,2,2,9,41.93678067,-87.77115012
0,420529,1,30,0,0,0,3,14,5,-1,0,0,0,0,-1,-1,-1,18,0,1432,-1,-1,-1,-1,-1,-1,2,0,0,0,0,0,2,0,2,2,9,41.9176765,-87.6872657
0,419976,-1,30,0,0,2,3,7,5,1,0,1,0,1,-1,-1,-1,27,-1,1631,-1,-1,-1,-1,-1,-1,3,0,0,0,0,0,1,0,2,2,9,41.93787783,-87.82501553
0,420078,-1,30,0,0,-1,-1,7,5,2,0,-1,0,1,-1,-1,1,-1,-1,1513,-1,0,-1,-1,-1,-1,2,0,0,0,0,0,1,0,2,2,9,41.87926949,-87.77448171
0,419967,-1,30,1,2,0,3,10,5,4,0,1,0,0,-1,-1,-1,0,0,1921,-1,-1,-1,-1,-1,-1,3,0,0,0,0,0,3,0,2,2,9,41.94682112,-87.69401228
0,419953,-1,30,0,0,12,3,7,2,2,0,1,0,0,-1,-1,-1,18,15,1011,-1,-1,-1,-1,-1,-1,2,0,0,0,0,0,1,0,2,2,9,41.86574645,-87.71936407
2,419949,-1,30,1,2,2,3,4,5,2,0,1,12,1,1,-1,1,8,34,1732,-1,-1,-1,1,2,-1,3,1,0,0,1,0,2,0,2,2,9,41.94095016,-87.72665798
0,420215,-1,30,1,2,2,0,10,3,4,0,1,0,0,1,-1,-1,18,18,1831,-1,-1,-1,-1,-1,-1,2,0,0,0,0,0,2,0,2,2,9,41.89211867,-87.63244969
0,419955,-1,20,0,-1,2,0,10,5,2,0,1,0,0,-1,-1,1,15,27,1622,-1,-1,-1,-1,-1,-1,2,0,0,0,0,0,4,0,2,2,9,41.98483237,-87.76844962
0,419946,-1,30,0,0,2,3,7,5,4,0,1,0,0,-1,-1,-1,1,-1,225,-1,-1,-1,-1,-1,-1,2,0,0,0,0,0,1,0,1,2,9,41.79160819,-87.62576765
0,420846,-1,30,0,0,0,3,12,6,2,0,0,0,0,-1,-1,-1,0,0,1832,-1,-1,-1,-1,-1,-1,2,0,0,0,0,0,2,0,1,2,9,41.89406968,-87.63133467
0,420038,-1,30,1,2,2,1,11,5,2,0,1,0,0,-1,-1,-1,17,17,1833,-1,-1,-1,-1,-1,-1,2,0,0,0,0,0,2,0,1,2,9,41.89679287,-87.62778758
0,419931,-1,30,1,2,2,3,12,6,2,0,1,0,0,-1,-1,1,21,-1,1831,-1,-1,-1,-1,-1,-1,2,0,0,0,0,0,2,0,1,2,9,41.8931467,-87.63425648
0,422951,-1,30,0,0,0,0,7,6,1,0,0,0,0,-1,-1,1,-1,-1,612,-1,-1,-1,-1,-1,-1,2,0,0,0,0,0,1,0,1,2,9,41.7486554,-87.65990122
0,420483,-1,30,0,0,0,0,7,2,2,0,0,0,0,-1,-1,1,0,-1,831,-1,-1,-1,-1,-1,-1,2,0,0,0,0,0,1,0,1,2,9,41.77256788,-87.71238936