MOST_SEVERE_INJURY,RD_NO,CRASH_DATE_EST_I,POSTED_SPEED_LIMIT,TRAFFIC_CONTROL_DEVICE,DEVICE_CONDITION,WEATHER_CONDITION,LIGHTING_CONDITION,FIRST_CRASH_TYPE,TRAFFICWAY_TYPE,LANE_CNT,ALIGNMENT,ROADWAY_SURFACE_COND,ROAD_DEFECT,CRASH_TYPE,INTERSECTION_RELATED_I,NOT_RIGHT_OF_WAY_I,HIT_AND_RUN_I,PRIM_CONTRIBUTORY_CAUSE,SEC_CONTRIBUTORY_CAUSE,BEAT_OF_OCCURRENCE,PHOTOS_TAKEN_I,STATEMENTS_TAKEN_I,DOORING_I,WORK_ZONE_I,WORK_ZONE_TYPE,WORKERS_PRESENT_I,NUM_UNITS,INJURIES_TOTAL,INJURIES_FATAL,INJURIES_INCAPACITATING,INJURIES_NON_INCAPACITATING,INJURIES_REPORTED_NOT_EVIDENT,INJURIES_NO_INDICATION,INJURIES_UNKNOWN,CRASH_HOUR,CRASH_DAY_OF_WEEK,CRASH_MONTH,LATITUDE,LONGITUDE
0,420204,-1,35,0,0,2,3,7,6,-1,0,1,0,0,-1,-1,1,0,-1,1134,-1,-1,-1,-1,-1,-1,2,0,0,0,0,0,1,0,1,2,9,41.86656473,-87.70085148
0,419912,-1,30,0,0,0,3,10,5,2,0,0,0,0,-1,-1,1,16,0,212,-1,-1,-1,-1,-1,-1,2,0,0,0,0,0,3,0,1,2,9,41.82998595,-87.61248036
0,419923,-1,30,0,0,2,3,7,6,1,0,1,0,1,-1,-1,-1,32,0,2411,-1,-1,-1,-1,-1,-1,5,0,0,0,0,0,3,0,0,2,9,42.0176433,-87.68882616
2,419901,-1,30,0,0,0,3,7,5,4,0,0,0,1,-1,-1,-1,14,22,812,-1,-1,-1,-1,-1,-1,4,2,0,0,2,0,2,0,0,2,9,41.78094248,-87.76198618
2,419880,-1,30,1,2,0,3,10,2,1,0,0,-1,1,1,-1,-1,-1,-1,215,1,1,-1,-1,-1,-1,2,1,0,0,1,0,1,0,0,2,9,41.81639583,-87.62641289
0,419856,-1,45,0,0,0,3,2,3,-1,0,0,0,1,-1,-1,0,16,-1,234,-1,-1,-1,-1,-1,-1,1,0,0,0,0,0,1,0,0,2,9,41.7995694,-87.58154906
0,419873,-1,30,1,2,0,3,10,5,-1,0,0,0,0,-1,-1,-1,-1,-1,2213,-1,-1,-1,-1,-1,-1,2,0,0,0,0,0,2,0,0,2,9,-1,-1
0,420198,-1,30,1,2,1,3,14,2,5,0,1,0,0,1,-1,1,17,0,1632,-1,-1,-1,-1,-1,-1,2,0,0,0,0,0,2,0,0,2,9,41.94537073,-87.7959218
0,450402,-1,0,0,0,0,3,7,7,-1,0,0,0,0,-1,1,-1,0,-1,1823,-1,-1,-1,-1,-1,-1,2,0,0,0,0,0,1,0,0,2,9,41.8980504,-87.63748716
0,420512,-1,30,1,2,2,3,12,5,2,0,1,0,0,-1,-1,1,22,-1,1622,-1,-1,-1,-1,-1,-1,2,0,0,0,0,0,2,0,0,2,9,41.98923264,-87.77805835
1,420444,-1,30,0,0,0,0,11,5,-1,0,-1,-1,1,-1,-1,-1,0,0,2531,-1,-1,-1,-1,-1,-1,2,1,0,0,0,1,2,0,23,1,9,41.91275288,-87.76762213
0,419847,-1,35,1,2,2,3,12,3,4,0,1,0,1,-1,-1,1,0,0,1614,-1,-1,-1,-1,-1,-1,2,0,0,0,0,0,3,0,23,1,9,41.95242586,-87.83681804
1,419836,-1,30,1,2,2,3,14,5,4,0,1,0,1,1,-1,-1,34,17,1634,-1,-1,-1,-1,-1,-1,2,1,0,0,0,1,4,0,23,1,9,41.94623183,-87.74719769
2,419817,-1,30,0,0,0,3,14,1,1,0,0,0,1,-1,-1,-1,17,-1,733,-1,-1,-1,-1,-1,-1,2,1,0,0,1,0,3,0,23,1,9,41.75961524,-87.64542123
0,420559,-1,30,0,0,0,3,7,12,1,0,-1,-1,0,-1,-1,1,11,-1,1011,-1,-1,-1,-1,-1,-1,2,0,0,0,0,0,1,0,23,1,9,41.86416368,-87.7313744
0,420496,-1,0,0,0,0,0,7,6,-1,0,0,0,0,-1,-1,1,-1,-1,2232,-1,-1,-1,-1,-1,-1,2,0,0,0,0,0,1,0,22,1,9,41.71202477,-87.63583173
0,419804,-1,30,0,0,0,3,7,-1,1,0,0,0,1,-1,-1,-1,16,0,1533,-1,-1,-1,-1,-1,-1,2,0,0,0,0,0,1,0,22,1,9,41.87594608,-87.74857129
0,419792,-1,30,0,0,0,3,7,2,-1,0,0,0,0,-1,-1,1,0,-1,813,-1,-1,-1,-1,-1,-1,2,0,0,0,0,0,1,0,22,1,9,41.78115807,-87.7229777
0,420962,1,10,0,0,0,3,7,7,-1,0,0,0,0,-1,-1,1,21,-1,1014,-1,-1,-1,-1,-1,-1,2,0,0,0,0,0,1,0,22,1,9,41.85590466,-87.72252024
0,426251,-1,25,2,2,0,0,0,5,2,0,0,0,0,1,-1,-1,17,16,1724,-1,-1,-1,-1,-1,-1,2,0,0,0,0,0,2,0,22,1,9,41.96235078,-87.69986989
0,419786,-1,30,2,2,0,3,14,2,-1,0,0,0,0,1,-1,-1,16,23,2514,-1,-1,-1,-1,-1,-1,2,0,0,0,0,0,2,0,22,1,9,41.93126067,-87.75874704
0,421530,-1,30,0,0,0,3,2,5,1,0,0,1,1,-1,-1,-1,0,0,1922,-1,-1,-1,0,-1,-1,1,0,0,0,0,0,1,0,22,1,9,41.94518864,-87.67480496
2,419763,-1,30,1,2,0,3,0,2,-1,0,0,0,1,1,-1,-1,6,6,1622,-1,-1,-1,-1,-1,-1,2,1,0,0,1,0,3,0,22,1,9,41.97577825,-87.77824262
0,419753,-1,30,0,0,0,3,12,5,2,0,0,0,0,-1,-1,1,0,-1,1234,-1,-1,-1,-1,-1,-1,2,0,0,0,0,0,2,0,22,1,9,41.85580846,-87.67609277
0,419746,-1,30,0,0,0,0,0,5,-1,0,0,-1,0,-1,-1,1,23,-1,1911,-1,-1,-1,-1,-1,-1,2,0,0,0,0,0,2,0,22,1,9,41.96689112,-87.69360039
0,419810,-1,30,2,2,0,3,0,2,4,0,0,0,0,1,-1,-1,5,17,1215,-1,-1,-1,-1,-1,-1,2,0,0,0,0,0,2,0,22,1,9,41.88555623,-87.66067508
0,419783,-1,55,0,-1,0,3,10,3,4,0,0,0,1,-1,-1,-1,18,11,1824,-1,1,-1,-1,-1,-1,2,0,0,0,0,0,2,0,22,1,9,41.9111277,-87.62558349
0,420240,-1,10,0,0,0,3,14,7,-1,0,0,0,0,-1,-1,1,0,0,1221,-1,-1,-1,-1,-1,-1,2,0,0,0,0,0,3,0,22,1,9,41.89038911,-87.70625305
0,419798,-1,30,0,0,0,3,10,2,-1,0,0,0,0,-1,-1,-1,0,0,814,-1,-1,-1,-1,-1,-1,2,0,0,0,0,0,2,0,22,1,9,41.81061287,-87.74338206
0,419759,-1,30,0,0,0,3,11,5,2,0,0,-1,0,-1,-1,-1,0,-1,1733,-1,-1,-1,-1,-1,-1,2,0,0,0,0,0,9,0,22,1,9,41.95262205,-87.70294294
0,419736,-1,30,0,0,0,3,7,6,-1,0,0,0,0,-1,-1,-1,0,-1,1132,-1,-1,-1,-1,-1,-1,2,0,0,0,0,0,1,0,22,1,9,41.87152641,-87.72486717
0,419745,-1,30,0,3,0,3,2,6,1,0,0,-1,0,-1,-1,0,25,3,1133,-1,-1,-1,-1,-1,-1,1,0,0,0,0,0,4,0,21,1,9,41.86702653,-87.7202766
0,419758,-1,25,0,0,0,3,11,5,-1,0,0,0,0,-1,-1,1,32,10,1234,1,-1,-1,-1,-1,-1,2,0,0,0,0,0,3,0,21,1,9,41.85656764,-87.68271764
0,419801,0,35,0,0,0,3,2,5,2,0,0,0,1,1,-1,1,0,0,413,-1,-1,-1,-1,-1,-1,1,0,0,0,0,0,1,0,21,1,9,41.7256555,-87.60057398
0,419791,-1,20,0,0,0,0,7,5,2,0,1,0,0,-1,-1,0,20,0,1011,-1,-1,-1,-1,-1,-1,2,0,0,0,0,0,1,0,21,1,9,41.86232529,-87.73083357
0,419738,-1,30,0,0,0,3,7,6,1,0,0,0,0,-1,-1,-1,20,-1,2413,-1,-1,-1,-1,-1,-1,2,0,0,0,0,0,1,0,21,1,9,41.99140357,-87.68708419
0,420164,-1,30,0,0,0,1,12,2,-1,0,0,0,0,-1,-1,-1,0,0,1814,-1,-1,-1,-1,-1,-1,2,0,0,0,0,0,6,0,21,1,9,41.911372,-87.6262454
0,419737,-1,15,0,0,0,3,12,3,-1,0,0,0,0,-1,-1,-1,0,0,813,-1,-1,-1,-1,-1,-1,2,0,0,0,0,0,2,0,21,1,9,41.78932932,-87.74164564
0,419723,-1,30,0,0,0,3,12,6,1,0,0,0,0,-1,-1,-1,22,-1,132,-1,-1,-1,-1,-1,-1,2,0,0,0,0,0,2,0,21,1,9,41.86194738,-87.62227682
1,419774,-1,30,0,0,0,3,9,5,2,0,0,0,1,-1,-1,-1,20,0,131,-1,-1,-1,-1,-1,-1,2,1,0,0,0,1,1,0,21,1,9,41.85376672,-87.62566517
3,419712,-1,30,1,2,0,3,14,5,-1,0,0,0,1,1,1,-1,25,17,833,-1,-1,-1,-1,-1,-1,2,3,0,2,1,0,0,0,21,1,9,41.76224077,-87.74169329
0,419724,-1,30,0,0,0,3,7,5,2,0,0,0,0,-1,-1,1,25,0,712,-1,-1,-1,-1,-1,-1,2,0,0,0,0,0,1,0,21,1,9,41.78884749,-87.65124266
0,419782,-1,30,0,0,0,3,7,6,-1,0,0,0,0,-1,-1,-1,20,11,2515,-1,-1,-1,-1,-1,-1,2,0,0,0,0,0,1,0,21,1,9,41.92518874,-87.76710288
0,420278,-1,30,1,2,-1,3,10,5,4,0,-1,-1,0,-1,-1,1,18,18,523,-1,-1,-1,-1,-1,-1,2,0,0,0,0,0,2,0,21,1,9,41.66306296,-87.64632055
2,419704,-1,30,10,2,0,3,10,2,2,0,0,0,1,1,-1,-1,0,0,1034,-1,-1,-1,-1,-1,-1,2,2,0,0,2,0,0,0,21,1,9,41.84112225,-87.69450226
0,419684,-1,30,0,0,0,3,7,2,-1,0,0,0,0,-1,-1,-1,12,-1,612,-1,-1,-1,-1,-1,-1,3,0,0,0,0,0,1,0,21,1,9,41.75315654,-87.64910723
-1,419697,-1,30,1,2,0,3,10,6,2,0,0,0,0,-1,-1,1,18,0,2234,-1,-1,-1,-1,-1,-1,-1,-1,-1,-1,-1,-1,-1,-1,20,1,9,41.69041387,-87.66131151
0,419668,-1,20,0,0,0,3,12,5,-1,0,0,0,1,-1,-1,-1,0,0,233,-1,-1,-1,-1,-1,-1,2,0,0,0,0,0,4,0,20,1,9,41.78925564,-87.61507915
0,419656,-1,30,1,2,0,3,12,2,-1,0,0,0,0,-1,-1,1,0,0,2413,-1,-1,-1,-1,-1,-1,2,0,0,0,0,0,2,0,20,1,9,41.99058604,-87.68982247
0,419674,-1,20,0,0,0,3,2,0,-1,0,0,0,0,-1,-1,-1,-1,-1,735,-1,-1,-1,-1,-1,-1,1,0,0,0,0,0,1,0,20,1,9,41.76659362,-87.66765213
0,419649,-1,30,1,-1,0,4,10,5,-1,0,0,-1,0,-1,-1,1,0,-1,1611,-1,-1,-1,-1,-1,-1,2,0,0,0,0,0,2,0,20,1,9,41.99738217,-87.78807767
0,420588,-1,30,0,0,0,4,12,3,-1,0,0,0,0,-1,-1,-1,0,0,133,-1,-1,-1,-1,-1,-1,2,0,0,0,0,0,3,0,20,1,9,41.8444813,-87.61126448
0,419666,-1,30,0,0,0,3,0,-1,-1,0,0,-1,1,-1,-1,-1,17,-1,1832,-1,-1,-1,-1,-1,-1,2,0,0,0,0,0,2,0,20,1,9,41.89585472,-87.62832671
0,419653,-1,30,0,2,0,0,2,3,2,0,0,0,1,-1,-1,-1,0,-1,1232,-1,-1,-1,-1,-1,-1,1,0,0,0,0,0,1,0,20,1,9,41.86057934,-87.64502621
1,419637,-1,35,1,2,0,0,9,1,2,0,0,0,1,1,-1,-1,16,-1,2033,-1,-1,-1,-1,-1,-1,2,1,0,0,0,1,1,0,20,1,9,41.97627639,-87.66001229
0,422781,1,25,0,0,-1,-1,7,6,2,0,-1,-1,0,-1,-1,1,-1,-1,2011,-1,-1,-1,-1,-1,-1,2,0,0,0,0,0,1,0,20,1,9,41.98051992,-87.69432968
0,420493,-1,30,0,0,0,3,7,5,2,0,0,0,0,-1,-1,1,0,0,1032,-1,-1,-1,-1,-1,-1,2,0,0,0,0,0,1,0,20,1,9,41.84406382,-87.71492514
0,419639,-1,30,0,0,1,3,10,2,2,0,0,0,0,1,-1,-1,18,-1,1115,-1,-1,-1,-1,-1,-1,2,0,0,0,0,0,2,0,19,1,9,41.87793274,-87.72572406
0,419687,-1,30,0,0,0,4,7,6,1,0,0,0,0,-1,-1,1,-1,-1,1531,-1,-1,-1,-1,-1,-1,2,0,0,0,0,0,1,0,19,1,9,41.89325889,-87.747161
0,420431,-1,30,0,0,0,1,7,7,2,0,0,0,0,-1,-1,-1,17,-1,2013,-1,-1,-1,-1,-1,-1,2,0,0,0,0,0,1,0,19,1,9,41.97708995,-87.66003369
0,419652,1,30,2,2,-1,-1,7,2,2,0,0,0,1,-1,-1,1,0,-1,913,-1,-1,-1,-1,-1,-1,2,0,0,0,0,0,1,0,19,1,9,41.84455834,-87.66022195
0,419633,-1,30,0,0,0,1,12,5,2,0,0,0,0,-1,-1,-1,21,-1,113,-1,-1,-1,-1,-1,-1,2,0,0,0,0,0,2,0,19,1,9,41.87834487,-87.62445364
0,419619,-1,15,0,0,1,0,2,7,0,0,1,0,0,-1,1,-1,12,-1,1732,-1,-1,-1,-1,-1,-1,1,0,0,0,0,0,1,0,19,1,9,41.94558034,-87.72702575
0,419617,-1,30,1,2,0,4,14,2,4,0,0,-1,0,1,-1,-1,33,0,623,-1,-1,-1,-1,-1,-1,2,0,0,0,0,0,2,0,19,1,9,41.7510366,-87.62580715
0,419576,-1,30,1,2,0,1,14,2,2,0,1,0,0,-1,-1,-1,23,-1,2534,-1,-1,-1,-1,-1,-1,2,0,0,0,0,0,7,0,19,1,9,41.90625887,-87.72635348
0,419622,-1,30,1,2,0,3,14,5,-1,0,0,0,0,1,-1,1,17,-1,2524,-1,-1,-1,-1,-1,-1,2,0,0,0,0,0,2,0,19,1,9,41.92459302,-87.72681927
2,423459,-1,30,0,0,0,1,8,5,2,0,0,0,1,-1,-1,-1,17,0,1924,-1,-1,1,-1,-1,-1,2,1,0,0,1,0,1,0,19,1,9,41.94005087,-87.6521044
0,419593,-1,30,1,2,0,4,10,2,-1,0,-1,-1,0,0,-1,-1,0,0,2431,-1,-1,-1,-1,-1,-1,2,0,0,0,0,0,2,0,18,1,9,42.00831394,-87.6619537
0,419589,-1,30,0,0,0,1,0,5,2,0,0,0,1,-1,-1,1,0,0,2521,-1,-1,-1,-1,-1,-1,3,0,0,0,0,0,3,0,18,1,9,41.93695112,-87.75432122
2,419586,-1,30,1,2,0,4,10,5,2,0,0,0,1,1,-1,-1,18,0,1224,-1,-1,-1,-1,-1,-1,2,1,0,0,1,0,1,0,18,1,9,41.88143691,-87.66592136
-1,419554,-1,30,2,2,0,1,7,5,-1,0,0,0,1,-1,-1,-1,7,16,1622,-1,-1,-1,-1,-1,-1,1,-1,-1,-1,-1,-1,-1,-1,18,1,9,-1,-1
0,429198,-1,30,0,0,0,1,5,2,-1,0,0,1,0,-1,-1,-1,-1,-1,1922,-1,-1,-1,-1,-1,-1,1,0,0,0,0,0,1,0,18,1,9,41.94519575,-87.67407062
0,419616,-1,30,0,0,0,1,7,5,2,0,0,0,0,-1,-1,1,0,-1,1224,-1,-1,-1,-1,-1,-1,2,0,0,0,0,0,3,0,18,1,9,41.88435242,-87.64728775
0,419564,-1,30,2,2,1,1,10,3,4,0,0,-1,0,-1,-1,1,18,-1,2413,-1,-1,-1,-1,-1,-1,2,0,0,0,0,0,3,0,18,1,9,41.99116556,-87.70840777
0,419575,-1,30,0,0,0,4,10,5,2,0,1,0,1,-1,-1,-1,18,0,1912,-1,-1,-1,-1,-1,-1,3,0,0,0,0,0,3,0,18,1,9,41.96868742,-87.67605636
0,421756,-1,30,0,0,2,0,7,5,-1,0,1,0,0,-1,-1,-1,0,0,824,-1,-1,-1,-1,-1,-1,2,0,0,0,0,0,1,0,18,1,9,41.79347371,-87.69983186
0,420324,-1,30,0,0,-1,-1,9,2,2,0,-1,0,0,-1,-1,-1,0,0,232,-1,-1,-1,-1,-1,-1,2,0,0,0,0,0,2,0,18,1,9,41.78579736,-87.61652936
0,419553,-1,30,0,0,0,1,10,5,2,0,1,0,0,-1,-1,-1,0,0,1724,-1,-1,-1,-1,-1,-1,2,0,0,0,0,0,3,0,18,1,9,41.95404079,-87.7063685
0,419573,-1,30,0,0,0,1,14,5,-1,0,0,0,0,1,-1,-1,0,0,1235,-1,-1,-1,-1,-1,-1,2,0,0,0,0,0,4,0,18,1,9,41.85278523,-87.64400429
2,419524,-1,30,1,2,0,1,10,3,6,0,0,0,1,1,-1,1,16,-1,225,-1,-1,-1,-1,-1,-1,2,1,0,0,1,0,1,0,18,1,9,41.7947522,-87.62561859
0,419543,-1,20,0,0,0,1,0,0,1,0,0,0,0,-1,-1,1,0,0,1712,-1,-1,-1,-1,-1,-1,2,0,0,0,0,0,8,0,18,1,9,41.96844978,-87.71890913
0,429801,-1,30,0,0,2,1,5,5,2,0,1,1,0,1,-1,-1,0,-1,1221,-1,-1,-1,-1,-1,-1,1,0,0,0,0,0,1,0,18,1,9,41.8885081,-87.70127293
0,421287,1,30,0,0,0,4,7,5,2,0,0,0,0,-1,-1,1,0,0,2413,-1,-1,-1,-1,-1,-1,2,0,0,0,0,0,1,0,18,1,9,41.99060901,-87.68973548
2,419572,-1,30,0,0,0,1,8,5,-1,0,0,0,1,-1,-1,1,21,-1,1812,-1,-1,1,-1,-1,-1,2,1,0,0,1,0,0,0,18,1,9,41.92493155,-87.64825227
0,419559,-1,20,0,0,0,1,2,5,-1,0,0,0,0,-1,-1,-1,-1,-1,915,-1,-1,-1,-1,-1,-1,1,0,0,0,0,0,1,0,17,1,9,41.83795436,-87.63760195
0,419552,-1,30,0,0,0,1,7,6,1,0,0,0,1,-1,-1,1,0,0,1712,-1,-1,-1,-1,-1,-1,3,0,0,0,0,0,1,0,17,1,9,41.97021123,-87.72466989
0,419624,-1,30,0,0,0,1,10,5,-1,0,0,0,0,-1,-1,-1,18,0,1631,-1,-1,-1,-1,-1,-1,3,0,0,0,0,0,3,0,17,1,9,41.95176683,-87.81191785
0,419512,-1,30,2,2,-1,1,3,6,-1,0,-1,0,1,-1,-1,1,10,25,2535,-1,-1,-1,-1,-1,-1,2,0,0,0,0,0,3,0,17,1,9,41.90481595,-87.72408083
0,419522,-1,30,2,0,0,1,10,5,2,0,0,0,0,-1,-1,-1,16,-1,1813,-1,-1,-1,-1,-1,-1,2,0,0,0,0,0,2,0,17,1,9,41.9128617,-87.64363882
0,419518,-1,35,0,0,0,1,10,2,-1,0,0,0,0,-1,-1,-1,7,0,821,-1,-1,-1,-1,-1,-1,2,0,0,0,0,0,2,0,17,1,9,41.81400018,-87.70416352
0,421867,-1,30,1,2,0,1,12,3,5,0,0,0,0,1,-1,-1,0,0,634,-1,-1,-1,-1,-1,-1,2,0,0,0,0,0,2,0,17,1,9,41.73612603,-87.62851559
0,419487,-1,15,0,0,1,1,7,5,-1,0,-1,-1,0,-1,-1,1,0,0,2422,-1,-1,-1,-1,-1,-1,2,0,0,0,0,0,1,0,17,1,9,42.01625434,-87.67017443
2,419496,0,30,1,2,0,1,10,3,2,0,0,0,1,-1,-1,1,-1,-1,411,-1,1,-1,-1,-1,-1,2,4,0,0,4,0,1,0,17,1,9,41.75166345,-87.58536462
2,419453,-1,30,1,2,0,1,8,2,-1,0,0,0,1,1,-1,-1,0,0,1021,-1,-1,-1,-1,-1,-1,2,1,0,0,1,0,2,0,17,1,9,41.86301568,-87.71056628
0,419472,-1,30,0,0,0,1,10,5,-1,0,0,0,0,-1,-1,-1,-1,-1,811,-1,-1,-1,-1,-1,-1,3,0,0,0,0,0,4,0,17,1,9,41.7922934,-87.79011271
0,419470,-1,30,0,0,0,1,10,2,2,0,0,0,0,-1,-1,1,18,11,822,-1,-1,-1,-1,-1,-1,2,0,0,0,0,0,2,0,16,1,9,41.78953355,-87.71881061
2,419438,-1,30,1,2,0,1,10,1,4,0,0,0,1,1,-1,-1,11,0,221,-1,-1,-1,-1,-1,-1,2,4,0,0,4,0,2,0,16,1,9,41.81654679,-87.61664297
0,419422,-1,35,-1,-1,0,1,12,3,-1,0,0,0,1,-1,-1,-1,0,0,2223,-1,-1,-1,-1,-1,-1,2,0,0,0,0,0,2,0,16,1,9,41.72136506,-87.64335804
0,419416,-1,30,1,2,0,1,12,5,4,0,0,0,1,-1,-1,-1,17,0,1722,-1,-1,-1,-1,-1,-1,2,0,0,0,0,0,4,0,16,1,9,41.9606489,-87.74423998
2,419565,-1,30,1,2,0,4,12,5,4,0,0,0,1,1,-1,-1,22,-1,1732,-1,-1,-1,-1,-1,-1,3,1,0,0,1,0,3,0,16,1,9,41.94637877,-87.7187488
1,420341,-1,30,0,0,0,1,10,5,-1,0,0,0,1,-1,-1,-1,18,0,1911,-1,-1,-1,-1,-1,-1,3,1,0,0,0,1,6,0,16,1,9,41.96062542,-87.68851447
0,419492,-1,30,1,2,0,1,14,2,-1,0,0,0,0,-1,-1,1,18,16,122,-1,-1,-1,-1,-1,-1,2,0,0,0,0,0,6,0,16,1,9,41.87928364,-87.6371007
0,419461,-1,25,1,2,0,1,12,2,4,3,0,0,1,1,-1,-1,0,22,1935,-1,-1,-1,-1,-1,-1,2,0,0,0,0,0,2,0,16,1,9,41.92592379,-87.63603252
0,419448,-1,30,1,2,0,1,10,5,2,0,0,0,1,-1,-1,-1,18,16,1212,-1,-1,-1,-1,-1,-1,3,0,0,0,0,0,3,0,16,1,9,41.90315615,-87.67242232
0,419423,-1,30,0,0,0,1,10,5,-1,0,0,0,0,-1,-1,-1,-1,-1,813,-1,-1,-1,-1,-1,-1,2,0,0,0,0,0,4,0,16,1,9,41.78588849,-87.72310659
0,419419,0,15,0,0,0,1,0,0,1,0,0,0,0,-1,1,-1,25,-1,331,-1,-1,-1,-1,-1,-1,2,0,0,0,0,0,2,0,16,1,9,41.77225962,-87.57386938
0,420630,-1,30,1,2,2,4,10,5,4,0,1,0,1,-1,-1,-1,34,-1,1631,-1,-1,-1,-1,-1,-1,2,0,0,0,0,0,5,0,16,1,9,41.93823123,-87.83624327
0,419537,-1,20,0,0,0,1,10,5,2,0,0,0,0,-1,-1,1,11,11,715,-1,-1,-1,-1,-1,-1,2,0,0,0,0,0,2,0,16,1,9,41.78670471,-87.67667221
0,421989,-1,0,0,0,0,1,7,2,4,0,0,0,0,-1,-1,0,0,-1,123,-1,-1,-1,-1,-1,-1,2,0,0,0,0,0,1,0,16,1,9,41.87167046,-87.62766861
0,419425,-1,25,1,2,0,1,14,5,4,0,0,0,0,1,-1,-1,17,-1,1813,-1,-1,-1,-1,-1,-1,3,0,0,0,0,0,5,0,16,1,9,41.91282007,-87.65238796
0,423020,-1,25,0,0,0,1,14,5,2,0,0,0,0,-1,-1,-1,22,-1,1621,-1,-1,-1,-1,-1,-1,2,0,0,0,0,0,2,0,16,1,9,42.00134186,-87.76640502
0,420266,-1,10,0,0,-1,1,7,7,-1,0,0,0,0,-1,-1,1,20,-1,2232,-1,-1,-1,-1,-1,-1,2,0,0,0,0,0,1,0,16,1,9,41.70680241,-87.64330933
0,419434,-1,20,0,0,0,1,7,2,-1,0,0,0,0,-1,-1,1,0,0,1022,-1,-1,-1,-1,-1,-1,2,0,0,0,0,0,1,0,16,1,9,41.86241884,-87.70399892
0,419410,-1,35,1,2,0,1,12,2,4,0,0,0,0,-1,-1,-1,22,21,1711,-1,-1,-1,-1,-1,-1,2,0,0,0,0,0,4,0,15,1,9,41.98997377,-87.74817876
0,419460,-1,30,-1,-1,0,1,10,5,-1,0,0,-1,0,-1,-1,1,16,-1,1832,0,-1,-1,-1,-1,-1,2,0,0,0,0,0,5,0,15,1,9,41.90019285,-87.63297244
0,419390,-1,30,0,0,0,1,7,5,2,0,0,0,0,-1,-1,-1,23,0,1233,-1,-1,-1,-1,-1,-1,2,0,0,0,0,0,1,0,15,1,9,41.86610967,-87.66581141
0,419433,-1,30,0,0,0,1,12,2,-1,0,0,0,0,-1,-1,-1,0,-1,421,-1,-1,-1,-1,-1,-1,2,0,0,0,0,0,2,0,15,1,9,41.75193793,-87.55908695
-1,419406,1,30,0,0,0,1,14,2,2,0,0,0,0,-1,-1,-1,22,0,524,-1,-1,-1,-1,-1,-1,-1,-1,-1,-1,-1,-1,-1,-1,15,1,9,41.6777537,-87.65413124
0,419404,-1,30,2,0,0,1,0,2,-1,0,0,0,1,1,-1,-1,17,11,531,-1,-1,-1,-1,-1,-1,2,0,0,0,0,0,5,0,15,1,9,41.68549456,-87.61686326
0,419376,-1,30,0,0,0,1,7,6,1,0,0,0,0,-1,-1,-1,11,0,2024,-1,-1,-1,-1,-1,-1,2,0,0,0,0,0,1,0,15,1,9,41.96994779,-87.65273996
0,421808,-1,30,1,2,0,1,10,5,-1,0,0,0,0,-1,-1,-1,18,-1,835,-1,-1,-1,-1,-1,-1,2,0,0,0,0,0,4,0,15,1,9,41.75366196,-87.68308722
2,419772,-1,30,0,0,0,1,14,5,4,0,0,0,1,-1,-1,-1,0,0,1821,-1,-1,-1,-1,-1,-1,2,1,0,0,1,0,1,0,15,1,9,41.91105221,-87.63276987
0,419498,-1,35,0,0,0,1,10,5,2,0,0,0,0,-1,-1,-1,0,0,1031,-1,-1,-1,-1,-1,-1,2,0,0,0,0,0,2,0,15,1,9,41.83691256,-87.7314951
0,419371,-1,30,0,0,0,1,12,2,-1,0,0,0,0,-1,-1,-1,20,20,2412,-1,-1,-1,-1,-1,-1,2,0,0,0,0,0,2,0,15,1,9,41.99785369,-87.68906427
0,419353,-1,30,1,2,0,1,14,2,4,0,0,0,1,1,-1,-1,17,-1,1231,-1,-1,-1,-1,-1,-1,2,0,0,0,0,0,3,0,15,1,9,41.87156599,-87.66667541
0,419339,-1,30,0,0,0,1,2,5,4,0,0,0,0,1,-1,-1,0,0,933,-1,-1,-1,-1,-1,-1,1,0,0,0,0,0,1,0,15,1,9,41.80146078,-87.66228911
0,419354,-1,30,-1,-1,0,1,10,5,-1,0,0,0,0,1,-1,-1,16,-1,1814,-1,-1,-1,-1,-1,-1,2,0,0,0,0,0,2,0,15,1,9,41.91257786,-87.62709786
0,419334,-1,30,0,0,0,1,7,5,-1,0,0,0,0,-1,-1,-1,0,-1,1923,1,-1,-1,-1,-1,-1,2,0,0,0,0,0,1,0,15,1,9,41.95438519,-87.65026203
0,419385,-1,30,0,0,0,1,7,5,-1,0,0,0,0,-1,-1,1,-1,-1,822,-1,-1,-1,-1,-1,-1,2,0,0,0,0,0,1,0,15,1,9,41.7975392,-87.70381665
0,419341,-1,30,0,0,0,1,10,5,4,0,0,0,0,-1,-1,1,18,0,1622,-1,-1,-1,-1,-1,-1,2,0,0,0,0,0,2,0,15,1,9,41.96039361,-87.78197008
0,419394,-1,30,0,0,0,1,10,2,2,0,0,0,1,-1,-1,-1,18,18,2511,-1,-1,-1,-1,-1,-1,2,0,0,0,0,0,4,0,15,1,9,41.93787932,-87.80869454
0,419322,-1,35,0,0,0,1,0,6,3,0,0,0,1,1,-1,-1,17,0,211,-1,-1,-1,-1,-1,-1,2,0,0,0,0,0,3,0,15,1,9,41.83642041,-87.62202446
0,419429,-1,30,0,0,0,1,12,2,-1,0,0,0,0,-1,-1,-1,0,0,1914,-1,-1,-1,-1,-1,-1,2,0,0,0,0,0,2,0,15,1,9,41.96558809,-87.64700286