MOST_SEVERE_INJURY,RD_NO,CRASH_DATE_EST_I,POSTED_SPEED_LIMIT,TRAFFIC_CONTROL_DEVICE,DEVICE_CONDITION,WEATHER_CONDITION,LIGHTING_CONDITION,FIRST_CRASH_TYPE,TRAFFICWAY_TYPE,LANE_CNT,ALIGNMENT,ROADWAY_SURFACE_COND,ROAD_DEFECT,CRASH_TYPE,INTERSECTION_RELATED_I,NOT_RIGHT_OF_WAY_I,HIT_AND_RUN_I,PRIM_CONTRIBUTORY_CAUSE,SEC_CONTRIBUTORY_CAUSE,BEAT_OF_OCCURRENCE,PHOTOS_TAKEN_I,STATEMENTS_TAKEN_I,DOORING_I,WORK_ZONE_I,WORK_ZONE_TYPE,WORKERS_PRESENT_I,NUM_UNITS,INJURIES_TOTAL,INJURIES_FATAL,INJURIES_INCAPACITATING,INJURIES_NON_INCAPACITATING,INJURIES_REPORTED_NOT_EVIDENT,INJURIES_NO_INDICATION,INJURIES_UNKNOWN,CRASH_HOUR,CRASH_DAY_OF_WEEK,CRASH_MONTH,LATITUDE,LONGITUDE
0,419323,-1,35,2,2,0,1,0,5,6,2,0,0,0,1,-1,-1,17,17,923,-1,-1,-1,-1,-1,-1,3,0,0,0,0,0,5,0,15,1,9,41.79761951,-87.6841654
0,419380,-1,30,0,0,0,1,7,6,1,0,0,-1,1,-1,-1,1,0,-1,725,-1,-1,-1,-1,-1,-1,3,0,0,0,0,0,1,0,14,1,9,41.77481927,-87.66550419
2,419302,-1,30,0,0,0,1,0,5,-1,0,0,0,1,-1,-1,-1,17,-1,2523,-1,-1,-1,-1,-1,-1,2,2,0,0,2,0,1,0,14,1,9,41.93207393,-87.73818584
0,419392,-1,15,2,-1,0,1,14,3,-1,0,0,0,0,-1,-1,-1,0,-1,1914,-1,-1,-1,-1,-1,-1,2,0,0,0,0,0,2,0,14,1,9,41.96585584,-87.64491089
0,419365,-1,30,1,2,0,1,10,2,2,0,0,0,0,-1,-1,-1,18,17,2523,-1,-1,-1,-1,-1,-1,2,0,0,0,0,0,3,0,14,1,9,41.93189772,-87.72710503
0,419327,-1,30,1,2,0,1,12,2,-1,0,0,0,0,-1,-1,-1,22,11,1911,-1,-1,-1,-1,-1,-1,2,0,0,0,0,0,5,0,14,1,9,41.95412468,-87.67889748
0,419401,-1,30,1,2,0,1,14,3,6,0,0,0,0,1,-1,1,0,-1,1834,-1,-1,-1,-1,-1,-1,2,0,0,0,0,0,3,0,14,1,9,41.89401664,-87.62483393
0,419266,-1,30,0,0,0,1,3,7,-1,0,0,0,0,-1,-1,-1,11,-1,1733,-1,-1,-1,-1,-1,-1,2,0,0,0,0,0,2,0,14,1,9,41.94653916,-87.70176911
0,419294,-1,30,0,0,0,1,14,12,4,0,0,0,1,-1,-1,-1,23,21,834,-1,-1,-1,-1,-1,-1,2,0,0,0,0,0,2,0,14,1,9,41.74091107,-87.74092286
0,419281,-1,30,0,0,0,1,11,7,-1,0,-1,-1,0,-1,1,-1,0,0,2512,-1,-1,-1,-1,-1,-1,2,0,0,0,0,0,2,0,14,1,9,41.93086308,-87.78668973
2,419254,-1,65,0,0,0,1,2,12,-1,2,0,0,1,-1,-1,-1,0,0,411,-1,-1,-1,-1,-1,-1,1,1,0,0,1,0,0,0,14,1,9,-1,-1
0,419256,-1,20,0,0,0,1,7,7,-1,0,0,3,0,-1,-1,1,11,27,2024,-1,-1,-1,-1,-1,-1,2,0,0,0,0,0,3,0,14,1,9,41.97647601,-87.64773053
0,422055,-1,35,1,2,0,1,14,6,4,0,0,0,0,-1,-1,-1,23,0,2234,-1,-1,-1,-1,-1,-1,2,0,0,0,0,0,2,0,14,1,9,41.67762033,-87.66232644
0,420528,1,30,0,0,-1,-1,7,2,2,0,-1,0,0,-1,-1,1,0,-1,2431,-1,-1,-1,-1,-1,-1,2,0,0,0,0,0,1,0,14,1,9,42.00649643,-87.66135879
0,419387,-1,30,1,2,0,1,10,5,-1,0,0,0,0,1,-1,-1,11,-1,1614,-1,-1,-1,-1,-1,-1,2,0,0,0,0,0,2,0,14,1,9,41.97028928,-87.83679731
0,419316,-1,35,0,0,0,1,10,5,-1,0,0,-1,0,-1,-1,-1,0,-1,1623,-1,-1,-1,-1,-1,-1,2,0,0,0,0,0,2,0,14,1,9,41.96800571,-87.75834697
2,419278,-1,30,1,2,0,1,10,2,4,0,0,0,1,1,-1,-1,18,-1,433,-1,-1,-1,-1,-1,-1,2,1,0,0,1,0,3,0,14,1,9,41.66532054,-87.53960705
3,419260,-1,30,1,2,0,1,10,3,4,0,0,-1,1,1,-1,-1,16,-1,1215,-1,-1,-1,-1,-1,-1,5,6,0,1,5,0,4,0,14,1,9,41.89256389,-87.65792004
0,419232,-1,30,1,2,0,1,0,2,-1,0,0,-1,0,1,-1,-1,16,-1,1213,-1,-1,-1,-1,-1,-1,2,0,0,0,0,0,3,0,13,1,9,41.90332328,-87.66157282
0,419519,-1,15,0,0,0,1,0,7,-1,0,0,0,0,-1,-1,-1,0,-1,412,-1,-1,-1,-1,-1,-1,2,0,0,0,0,0,2,0,13,1,9,41.73679546,-87.58627251
0,423618,-1,30,1,2,1,1,14,12,-1,0,0,0,0,1,-1,-1,23,0,2234,-1,-1,-1,-1,-1,-1,2,0,0,0,0,0,2,0,13,1,9,41.67759606,-87.66419631
0,419415,-1,30,0,0,2,1,7,6,1,0,0,0,0,-1,-1,1,0,0,813,-1,-1,-1,-1,-1,-1,2,0,0,0,0,0,1,0,13,1,9,41.78973491,-87.72811116
0,419348,-1,35,0,0,0,1,10,5,2,0,0,0,0,-1,-1,-1,18,18,323,-1,-1,-1,-1,-1,-1,2,0,0,0,0,0,2,0,13,1,9,41.76037203,-87.59812736
0,419204,-1,40,0,0,0,1,10,3,9,0,0,0,0,-1,-1,-1,0,0,132,-1,1,-1,-1,-1,-1,3,0,0,0,0,0,4,0,13,1,9,41.86403564,-87.61929707
0,419225,-1,30,0,0,0,1,7,6,1,0,0,0,0,-1,-1,-1,11,0,824,-1,-1,-1,-1,-1,-1,2,0,0,0,0,0,3,0,13,1,9,41.78479313,-87.68974417
0,419217,-1,10,0,0,0,1,7,7,0,0,0,0,0,-1,1,1,0,-1,212,-1,-1,-1,-1,-1,-1,2,0,0,0,0,0,1,0,13,1,9,41.82864129,-87.61457959
0,419208,-1,30,1,-1,0,1,12,5,4,0,0,-1,0,-1,-1,1,0,-1,2411,-1,-1,-1,-1,-1,-1,2,0,0,0,0,0,2,0,13,1,9,42.0123891,-87.690378
0,419220,-1,35,0,0,0,1,10,5,-1,0,0,0,1,-1,-1,-1,16,-1,834,-1,-1,-1,-1,-1,-1,4,0,0,0,0,0,9,0,13,1,9,41.75282202,-87.74135449
0,433012,-1,15,0,0,0,1,14,5,2,0,0,0,0,-1,-1,1,0,0,833,-1,-1,-1,-1,-1,-1,2,0,0,0,0,0,2,0,13,1,9,41.76206778,-87.73899172
0,419306,-1,30,2,2,0,1,0,5,-1,0,0,0,0,1,-1,-1,17,-1,1613,-1,-1,-1,-1,-1,-1,2,0,0,0,0,0,2,0,13,1,9,41.97547806,-87.79742403
0,419295,-1,30,1,2,0,1,12,5,-1,0,0,0,0,-1,-1,1,21,-1,833,-1,-1,-1,-1,-1,-1,2,0,0,0,0,0,2,0,13,1,9,41.76206081,-87.74147909
0,419218,-1,30,0,0,0,1,11,6,-1,0,0,0,0,-1,-1,1,17,-1,1634,-1,-1,-1,-1,-1,-1,2,0,0,0,0,0,3,0,13,1,9,41.94135501,-87.75475168
2,419199,-1,30,1,2,0,1,8,5,2,0,0,0,1,1,-1,-1,0,0,1923,-1,-1,-1,-1,-1,-1,2,1,0,0,1,0,2,0,13,1,9,41.95403601,-87.66215224
0,419166,-1,30,2,1,0,1,14,12,4,0,0,0,0,-1,-1,-1,33,11,833,-1,-1,-1,-1,-1,-1,2,0,0,0,0,0,4,0,13,1,9,41.774965,-87.72281223
2,419162,-1,30,0,0,0,1,0,2,4,0,0,0,1,-1,-1,-1,17,-1,921,-1,-1,-1,-1,-1,-1,2,1,0,0,1,0,1,0,12,1,9,41.81911577,-87.69628504
0,419173,-1,40,0,0,0,1,10,3,2,0,0,0,0,-1,-1,-1,0,0,1834,-1,-1,-1,-1,-1,-1,2,0,0,0,0,0,3,0,12,1,9,41.89266728,-87.61436255
0,419292,-1,30,0,2,0,1,14,5,-1,0,0,0,0,-1,-1,-1,17,17,2211,-1,-1,-1,-1,-1,-1,2,0,0,0,0,0,2,0,12,1,9,41.69168075,-87.70051618
0,419195,-1,30,0,0,0,1,7,7,-1,0,0,0,0,-1,1,-1,-1,-1,823,-1,-1,-1,-1,-1,-1,2,0,0,0,0,0,3,0,12,1,9,41.77881858,-87.70590358
1,419155,-1,30,-1,-1,0,1,12,5,4,0,0,0,1,-1,-1,-1,21,16,1921,-1,-1,-1,-1,-1,-1,2,1,0,0,0,1,2,0,12,1,9,41.93956947,-87.68779602
0,419185,-1,30,0,0,0,1,14,2,4,0,0,0,0,-1,-1,-1,23,0,311,-1,-1,-1,-1,-1,-1,2,0,0,0,0,0,2,0,12,1,9,41.78073021,-87.6252121
0,419193,-1,30,1,0,0,1,10,2,-1,0,0,0,0,1,-1,-1,18,18,2013,-1,-1,-1,-1,-1,-1,2,0,0,0,0,0,3,0,12,1,9,41.98661416,-87.66471962
0,419283,-1,30,0,0,0,1,7,7,-1,0,0,0,0,-1,-1,1,-1,-1,813,-1,-1,-1,-1,-1,-1,2,0,0,0,0,0,2,0,12,1,9,41.78932932,-87.74164564
0,419140,-1,30,0,0,0,1,14,5,4,0,0,-1,0,-1,-1,-1,23,33,2532,-1,-1,-1,-1,-1,-1,2,0,0,0,0,0,3,0,12,1,9,41.90936342,-87.75798648
0,419132,-1,5,0,0,0,1,2,4,1,2,0,0,0,-1,1,-1,0,0,831,-1,-1,-1,-1,-1,-1,1,0,0,0,0,0,2,0,12,1,9,41.76992924,-87.69084134
3,419126,-1,30,2,2,0,1,7,6,-1,0,0,0,1,-1,-1,-1,0,0,2524,-1,-1,-1,-1,-1,-1,6,1,0,1,0,0,0,0,12,1,9,41.92855603,-87.72458929
0,419342,-1,30,0,0,0,1,7,7,1,0,0,0,0,-1,-1,-1,0,0,211,-1,-1,-1,-1,-1,-1,2,0,0,0,0,0,1,0,12,1,9,41.83304474,-87.61461136
0,419249,-1,30,0,0,0,1,12,5,2,0,0,0,0,-1,-1,1,0,0,123,-1,-1,-1,-1,-1,-1,2,0,0,0,0,0,4,0,12,1,9,41.87135022,-87.63073281
1,419089,-1,25,2,2,0,1,0,5,2,0,0,0,1,-1,-1,-1,17,0,2511,-1,-1,-1,-1,-1,-1,2,1,0,0,0,1,1,0,11,1,9,41.93292043,-87.78590069
0,419101,-1,10,0,0,0,1,7,7,-1,0,0,0,0,-1,1,-1,-1,35,1921,-1,-1,-1,-1,-1,-1,2,0,0,0,0,0,2,0,11,1,9,41.9427472,-87.68835432
0,419106,0,20,-1,-1,-1,-1,7,6,1,0,-1,0,0,-1,-1,0,0,0,1713,-1,-1,-1,-1,-1,-1,2,0,0,0,0,0,1,0,11,1,9,41.97087908,-87.7074671
0,420402,-1,20,0,0,0,1,2,0,-1,0,0,0,0,-1,1,1,0,-1,835,-1,-1,-1,-1,-1,-1,1,0,0,0,0,0,1,0,11,1,9,41.75981519,-87.6893744
0,419120,-1,30,0,0,0,1,0,5,-1,0,0,0,0,1,-1,-1,17,5,1032,-1,-1,-1,-1,-1,-1,2,0,0,0,0,0,4,0,11,1,9,41.84260253,-87.70512781
0,419044,-1,25,0,0,0,1,7,5,-1,0,0,0,0,-1,-1,1,0,-1,2413,-1,-1,-1,-1,-1,-1,2,0,0,0,0,0,1,0,11,1,9,41.99382607,-87.7032161
0,419062,-1,30,0,0,0,1,12,2,-1,0,0,0,0,-1,-1,-1,0,-1,921,-1,-1,-1,-1,-1,-1,2,0,0,0,0,0,5,0,11,1,9,41.81854154,-87.69675439
0,419050,-1,30,2,2,1,1,14,2,-1,0,0,0,1,-1,-1,-1,17,-1,834,-1,-1,-1,-1,-1,-1,2,0,0,0,0,0,4,0,11,1,9,41.73756332,-87.72138038
0,420626,-1,25,0,-1,0,1,7,0,1,0,0,0,0,-1,-1,0,-1,-1,1124,-1,-1,-1,-1,-1,-1,2,0,0,0,0,0,1,0,11,1,9,41.88015787,-87.70132521
0,435115,-1,30,0,0,0,1,2,6,2,0,0,1,0,-1,-1,-1,29,-1,1221,-1,-1,-1,-1,-1,-1,2,0,0,0,0,0,1,0,11,1,9,41.89379723,-87.70200421
0,419097,-1,30,0,0,0,1,0,5,2,0,0,0,0,-1,-1,-1,17,-1,1512,-1,-1,-1,-1,-1,-1,2,0,0,0,0,0,2,0,11,1,9,41.88776222,-87.77001442
0,419027,-1,35,0,0,0,-1,2,5,-1,0,-1,0,0,-1,-1,1,0,-1,1712,-1,-1,-1,-1,-1,-1,1,0,0,0,0,0,1,0,11,1,9,41.975295,-87.73671437
0,419286,-1,30,1,2,0,2,10,5,-1,0,0,0,0,1,-1,-1,18,-1,2524,-1,-1,-1,-1,-1,-1,2,0,0,0,0,0,2,0,10,1,9,41.92822626,-87.72673102
0,419022,-1,30,1,2,0,1,10,2,2,2,0,0,0,-1,-1,-1,18,0,2512,-1,-1,-1,-1,-1,-1,2,0,0,0,0,0,2,0,10,1,9,41.92136798,-87.78060147
0,419360,-1,30,0,0,0,1,14,5,-1,0,0,0,0,1,-1,-1,17,-1,1524,-1,-1,-1,-1,-1,-1,2,0,0,0,0,0,2,0,10,1,9,41.89497648,-87.76366054
0,418986,-1,30,0,0,0,1,7,3,1,0,0,3,1,-1,-1,1,0,-1,421,-1,-1,-1,-1,-1,-1,2,0,0,0,0,0,1,0,10,1,9,41.75287341,-87.55379771
0,419092,-1,30,0,0,0,1,10,5,-1,0,0,0,0,-1,-1,-1,18,0,1533,-1,-1,-1,-1,-1,-1,2,0,0,0,0,0,6,0,10,1,9,41.8659742,-87.74490349
0,419001,-1,30,2,2,0,1,10,5,1,0,0,0,0,-1,-1,-1,0,-1,833,-1,-1,-1,-1,-1,-1,3,0,0,0,0,0,5,0,10,1,9,41.76405879,-87.71857118
1,418972,-1,30,1,2,0,1,10,5,4,0,0,0,1,-1,-1,-1,0,0,1712,-1,-1,-1,-1,-1,-1,2,1,0,0,0,1,1,0,10,1,9,41.97564576,-87.72788654
0,418942,-1,20,0,0,0,1,2,7,0,0,0,0,0,-1,1,-1,11,-1,924,-1,-1,-1,-1,-1,-1,1,0,0,0,0,0,1,0,9,1,9,41.80870195,-87.66558301
0,418950,-1,30,1,2,0,1,0,5,-1,0,0,0,1,1,-1,-1,6,-1,323,-1,-1,-1,-1,-1,-1,2,0,0,0,0,0,2,0,9,1,9,41.76234043,-87.60542993
0,419221,-1,30,0,0,-1,-1,7,5,1,0,-1,-1,0,-1,-1,1,0,0,2514,-1,-1,-1,-1,-1,-1,2,0,0,0,0,0,1,0,9,1,9,41.93685605,-87.76167897
0,419052,-1,25,0,0,0,1,12,5,-1,0,0,0,0,-1,-1,-1,17,17,1215,-1,-1,-1,-1,-1,-1,2,0,0,0,0,0,2,0,9,1,9,41.89416955,-87.66981488
0,418970,-1,25,-1,-1,0,1,7,6,-1,0,0,-1,1,-1,-1,1,0,-1,614,-1,-1,-1,-1,-1,-1,2,0,0,0,0,0,1,0,9,1,9,41.74600079,-87.65953751
0,421795,1,30,-1,-1,-1,-1,10,0,-1,0,-1,-1,0,-1,-1,1,0,0,1115,-1,-1,-1,-1,-1,-1,2,0,0,0,0,0,2,0,9,1,9,41.87888973,-87.733161
0,420289,0,15,0,0,0,0,7,7,2,0,0,0,0,-1,-1,1,0,0,513,-1,-1,-1,-1,-1,-1,2,0,0,0,0,0,1,0,9,1,9,41.69623253,-87.5958062
2,418911,-1,30,1,2,0,1,14,5,4,0,0,0,1,1,1,-1,6,11,412,-1,-1,-1,-1,-1,-1,2,2,0,0,1,1,0,0,8,1,9,41.73694709,-87.5756551
0,419051,-1,30,1,2,0,1,10,5,3,0,0,0,0,1,-1,-1,18,0,412,-1,-1,-1,-1,-1,-1,2,0,0,0,0,0,2,0,8,1,9,41.73686159,-87.5974451
0,418895,-1,30,0,0,-1,-1,7,2,4,0,-1,0,1,-1,-1,1,0,-1,2411,-1,-1,-1,-1,-1,-1,2,0,0,0,0,0,1,0,8,1,9,42.01870077,-87.69003572
0,418899,-1,0,2,2,0,1,14,5,2,0,0,0,0,-1,-1,-1,0,0,1034,-1,-1,-1,-1,-1,-1,2,0,0,0,0,0,4,0,8,1,9,41.8501032,-87.68569785
0,418890,-1,30,0,0,0,1,7,6,1,0,0,0,0,-1,-1,1,0,0,2534,-1,-1,-1,-1,-1,-1,3,0,0,0,0,0,1,0,7,1,9,41.90541707,-87.73087329
0,420124,-1,15,0,0,0,1,7,12,-1,0,0,0,0,-1,-1,1,0,0,224,-1,-1,-1,-1,-1,-1,2,0,0,0,0,0,1,0,7,1,9,41.80601452,-87.61935939
0,418884,-1,30,0,0,0,1,5,5,2,0,0,0,1,-1,-1,0,-1,0,1134,-1,-1,-1,-1,-1,-1,1,0,0,0,0,0,3,0,7,1,9,41.87012779,-87.70947777
0,418865,-1,30,0,0,0,1,7,5,-1,0,0,-1,0,-1,-1,-1,0,0,1824,-1,-1,-1,-1,-1,-1,2,0,0,0,0,0,1,0,7,1,9,41.90904801,-87.62999451
0,418871,-1,30,1,0,0,1,14,2,2,0,0,0,0,-1,-1,1,0,0,225,-1,-1,-1,-1,-1,-1,2,0,0,0,0,0,3,0,7,1,9,41.79418048,-87.63036805
0,422964,1,20,0,0,0,1,7,2,-1,2,0,0,0,-1,-1,1,-1,-1,1513,-1,-1,-1,-1,-1,-1,2,0,0,0,0,0,1,0,7,1,9,41.88213362,-87.76500658
0,418845,1,15,0,0,-1,-1,7,5,2,2,-1,0,1,-1,-1,1,0,0,1122,-1,-1,-1,-1,-1,-1,2,0,0,0,0,0,1,0,7,1,9,41.88413458,-87.72555904
0,418836,-1,30,0,0,0,1,2,3,4,0,0,0,1,-1,-1,-1,0,-1,113,-1,-1,-1,-1,-1,-1,1,0,0,0,0,0,3,0,6,1,9,41.87948933,-87.62449813
-1,418872,-1,25,0,0,0,1,7,6,-1,0,0,0,1,-1,-1,1,0,0,1524,-1,-1,-1,-1,-1,-1,-1,-1,-1,-1,-1,-1,-1,-1,6,1,9,41.90184401,-87.75838236
0,418840,-1,35,0,0,0,1,2,5,2,0,0,0,1,-1,1,-1,0,0,513,-1,-1,-1,-1,-1,-1,1,0,0,0,0,0,1,0,6,1,9,41.69439788,-87.62064536
0,418837,-1,30,1,2,0,1,10,5,4,0,0,0,0,1,-1,-1,16,-1,933,-1,-1,-1,-1,-1,-1,2,0,0,0,0,0,2,0,6,1,9,41.80322359,-87.66468047
0,418823,-1,30,1,2,0,1,10,1,-1,0,-1,-1,0,-1,-1,1,0,-1,1911,-1,-1,-1,-1,-1,-1,2,0,0,0,0,0,2,0,5,1,9,41.96121115,-87.688533
0,418814,-1,30,0,3,0,2,2,2,2,0,0,0,1,-1,1,0,0,0,1021,-1,-1,-1,-1,-1,-1,1,0,0,0,0,0,1,0,5,1,9,41.85914705,-87.70959767
0,418813,-1,30,1,2,0,2,10,5,2,0,0,0,1,-1,-1,1,0,0,1621,-1,-1,-1,-1,-1,-1,2,0,0,0,0,0,2,0,5,1,9,42.01183072,-87.77344521
0,418850,1,25,0,0,-1,-1,7,5,2,0,-1,0,1,-1,-1,1,0,0,411,-1,-1,-1,-1,-1,-1,2,0,0,0,0,0,1,0,5,1,9,41.75678997,-87.59104703
0,418799,1,30,0,0,0,3,2,3,4,0,0,-1,1,-1,-1,-1,0,-1,2533,-1,1,-1,-1,-1,-1,1,0,0,0,0,0,1,0,4,1,9,41.90977508,-87.74264473
0,418790,-1,30,1,2,0,3,14,1,-1,0,0,0,1,1,-1,1,6,0,935,-1,-1,-1,-1,-1,-1,2,0,0,0,0,0,2,0,4,1,9,41.80897732,-87.63351347
0,418789,-1,30,2,2,0,3,0,6,3,0,0,0,1,-1,-1,-1,17,16,121,-1,-1,-1,-1,-1,-1,2,0,0,0,0,0,5,0,4,1,9,41.88430914,-87.64511548
0,419011,-1,30,0,1,0,-1,7,5,2,0,0,0,1,-1,-1,1,0,0,632,-1,-1,-1,-1,-1,-1,2,0,0,0,0,0,1,0,4,1,9,41.74017393,-87.60427306
0,418786,-1,10,0,0,0,3,2,7,0,0,0,0,0,-1,1,-1,0,-1,621,-1,-1,-1,-1,-1,-1,1,0,0,0,0,0,3,0,3,1,9,41.75075039,-87.63438435
0,418764,-1,20,0,0,0,0,7,6,0,0,0,0,0,-1,-1,-1,0,0,1523,-1,-1,-1,-1,-1,-1,2,0,0,0,0,0,1,0,3,1,9,41.88975955,-87.76351199
0,418768,-1,30,0,0,2,3,7,5,-1,0,1,0,1,1,-1,-1,27,-1,1622,-1,-1,-1,-1,-1,-1,3,0,0,0,0,0,1,0,3,1,9,41.97136921,-87.77100439
0,418756,-1,30,0,0,0,3,7,5,2,0,0,-1,0,-1,-1,-1,22,-1,923,-1,-1,-1,-1,-1,-1,2,0,0,0,0,0,1,0,3,1,9,41.79982433,-87.70359191
0,419183,-1,30,0,0,0,3,7,5,-1,0,0,0,0,-1,-1,1,0,-1,1623,-1,-1,-1,-1,-1,-1,2,0,0,0,0,0,1,0,3,1,9,41.96137963,-87.75936987
0,418776,-1,30,1,2,0,3,10,5,-1,0,0,0,0,1,-1,-1,16,16,2533,-1,-1,-1,-1,-1,-1,3,0,0,0,0,0,5,0,3,1,9,41.9096507,-87.75263061
0,418753,-1,30,1,2,0,3,10,6,4,0,0,0,0,-1,-1,-1,6,-1,323,-1,-1,-1,-1,-1,-1,2,0,0,0,0,0,3,0,3,1,9,41.76506778,-87.62475001
-1,420442,-1,25,0,0,0,-1,7,5,2,0,0,0,0,-1,-1,1,0,0,935,-1,-1,-1,-1,-1,-1,-1,-1,-1,-1,-1,-1,-1,-1,3,1,9,41.80892477,-87.63351111
0,419175,1,30,0,0,0,3,7,5,-1,0,0,0,1,-1,-1,1,0,0,2534,-1,-1,-1,-1,-1,-1,2,0,0,0,0,0,1,0,3,1,9,41.91170635,-87.73487338
0,418744,-1,30,1,2,0,3,10,1,-1,0,0,0,1,-1,-1,-1,16,16,822,-1,-1,-1,-1,-1,-1,2,0,0,0,0,0,2,0,3,1,9,41.79711892,-87.70380493
0,419315,-1,30,0,0,0,1,14,5,-1,0,0,0,0,-1,-1,1,23,0,2521,-1,-1,-1,-1,-1,-1,2,0,0,0,0,0,2,0,2,1,9,41.92791992,-87.7465929
0,418717,-1,20,0,0,0,3,10,2,-1,0,0,0,0,-1,-1,1,0,0,821,-1,-1,-1,-1,-1,-1,2,0,0,0,0,0,3,0,2,1,9,41.80074671,-87.7161519
0,418702,-1,30,0,0,0,3,7,6,1,0,0,0,0,-1,-1,1,21,0,833,-1,-1,-1,-1,-1,-1,2,0,0,0,0,0,1,0,2,1,9,41.76969092,-87.72081223
2,419561,-1,30,0,0,0,2,5,5,-1,0,0,0,1,-1,-1,-1,-1,-1,835,-1,-1,-1,-1,-1,-1,1,2,0,0,2,0,0,0,2,1,9,41.73543593,-87.69439401
2,418711,-1,30,1,2,0,0,11,1,-1,0,0,0,1,-1,-1,1,0,0,1523,-1,-1,-1,-1,-1,-1,2,1,0,0,1,0,1,0,2,1,9,41.88247687,-87.75519503
0,419367,-1,30,1,2,0,3,14,5,-1,0,0,0,0,-1,-1,1,0,-1,1513,-1,-1,-1,-1,-1,-1,2,0,0,0,0,0,2,0,1,1,9,41.87658035,-87.7648735
0,418663,-1,30,0,0,1,3,7,5,2,0,0,0,0,-1,-1,-1,11,-1,1424,-1,-1,-1,-1,-1,-1,2,0,0,0,0,0,6,0,1,1,9,41.90920782,-87.67586337
0,418688,-1,30,3,2,0,3,10,5,4,0,0,-1,0,-1,-1,-1,18,18,1832,-1,-1,-1,-1,-1,-1,2,0,0,0,0,0,2,0,1,1,9,41.89671408,-87.63350319
0,418687,-1,30,1,2,0,3,14,3,2,0,0,0,1,1,-1,1,6,-1,122,-1,-1,-1,-1,-1,-1,2,0,0,0,0,0,4,0,1,1,9,41.87941797,-87.63652115
1,418679,-1,25,0,0,0,3,9,5,1,0,0,0,1,1,-1,-1,0,-1,2515,-1,-1,-1,-1,-1,-1,2,1,0,0,0,1,2,0,1,1,9,41.91889721,-87.76718362
0,418689,-1,25,0,0,0,3,12,5,2,0,0,0,1,-1,-1,-1,22,-1,2212,-1,-1,-1,-1,-1,-1,4,0,0,0,0,0,3,0,1,1,9,41.68440387,-87.68289478
0,419267,1,30,0,0,0,0,7,5,2,0,0,-1,0,-1,-1,1,0,21,831,-1,-1,-1,-1,-1,-1,2,0,0,0,0,0,1,0,1,1,9,41.76264961,-87.70261605
0,418670,-1,30,1,2,0,3,2,5,2,0,1,0,0,1,0,1,0,-1,1633,-1,-1,-1,-1,-1,-1,1,0,0,0,0,0,1,0,1,1,9,41.94633639,-87.76662508
-1,418701,-1,30,2,2,0,3,12,6,1,0,0,0,0,-1,-1,-1,17,-1,1024,-1,-1,-1,-1,-1,-1,-1,-1,-1,-1,-1,-1,-1,-1,1,1,9,41.84801604,-87.7077295
0,422160,-1,30,0,0,0,3,7,6,1,0,0,0,0,-1,-1,1,0,0,2521,-1,-1,-1,-1,-1,-1,2,0,0,0,0,0,1,0,1,1,9,41.93683976,-87.7510617
0,419357,1,30,0,0,0,3,7,6,1,0,0,0,0,-1,-1,1,0,0,821,-1,-1,-1,-1,-1,-1,2,0,0,0,0,0,1,0,1,1,9,41.81193857,-87.70639243
0,418675,-1,30,2,0,0,3,0,5,2,0,0,0,0,1,-1,-1,0,-1,623,-1,1,-1,-1,-1,-1,2,0,0,0,0,0,5,0,0,1,9,41.75660931,-87.6198112
0,418652,-1,30,2,0,0,0,10,5,2,0,0,0,1,1,-1,1,0,-1,2531,-1,1,-1,-1,-1,-1,2,0,0,0,0,0,2,0,0,1,9,41.90384584,-87.76586223
3,418648,-1,35,1,2,0,3,14,2,2,0,0,0,1,1,-1,-1,14,10,834,-1,-1,-1,-1,-1,-1,2,1,0,1,0,0,1,0,0,1,9,41.74906506,-87.7412039
0,418643,-1,35,1,2,0,3,2,3,-1,0,1,0,1,1,-1,-1,0,18,2012,-1,-1,-1,-1,-1,-1,1,0,0,0,0,0,1,0,0,1,9,41.99068682,-87.67010939
0,418626,-1,35,0,0,0,3,10,3,-1,0,0,-1,0,-1,-1,1,18,0,123,-1,-1,-1,-1,-1,-1,2,0,0,0,0,0,2,0,0,1,9,41.87525983,-87.62439667
0,418635,0,30,1,2,0,3,10,1,4,2,0,-1,0,1,-1,-1,16,32,922,-1,-1,-1,-1,-1,-1,2,0,0,0,0,0,3,0,0,1,9,41.80822394,-87.70391088
0,418634,-1,30,0,0,0,3,12,2,-1,0,0,0,0,-1,-1,-1,0,-1,1931,-1,-1,-1,-1,-1,-1,2,0,0,0,0,0,2,0,0,1,9,41.93204164,-87.66852578
0,418607,-1,25,2,2,2,3,0,2,-1,0,1,0,0,1,-1,-1,5,5,1712,-1,-1,-1,-1,-1,-1,2,0,0,0,0,0,2,0,0,1,9,41.96999775,-87.72793182
0,418848,-1,30,0,0,0,3,12,2,2,0,0,0,0,-1,-1,-1,17,21,934,-1,-1,-1,-1,-1,-1,2,0,0,0,0,0,2,0,0,1,9,41.7962247,-87.6453543
0,418612,-1,30,1,2,0,0,10,5,-1,0,0,0,0,-1,-1,1,0,19,822,-1,-1,-1,-1,-1,-1,2,0,0,0,0,0,3,0,0,1,9,41.79529335,-87.70375827
0,419244,-1,30,-1,-1,-1,-1,7,-1,2,0,-1,-1,0,-1,-1,1,0,0,1923,-1,-1,-1,-1,-1,-1,2,0,0,0,0,0,1,0,0,1,9,41.94899879,-87.6501853