MOST_SEVERE_INJURY,RD_NO,CRASH_DATE_EST_I,POSTED_SPEED_LIMIT,TRAFFIC_CONTROL_DEVICE,DEVICE_CONDITION,WEATHER_CONDITION,LIGHTING_CONDITION,FIRST_CRASH_TYPE,TRAFFICWAY_TYPE,LANE_CNT,ALIGNMENT,ROADWAY_SURFACE_COND,ROAD_DEFECT,CRASH_TYPE,INTERSECTION_RELATED_I,NOT_RIGHT_OF_WAY_I,HIT_AND_RUN_I,PRIM_CONTRIBUTORY_CAUSE,SEC_CONTRIBUTORY_CAUSE,BEAT_OF_OCCURRENCE,PHOTOS_TAKEN_I,STATEMENTS_TAKEN_I,DOORING_I,WORK_ZONE_I,WORK_ZONE_TYPE,WORKERS_PRESENT_I,NUM_UNITS,INJURIES_TOTAL,INJURIES_FATAL,INJURIES_INCAPACITATING,INJURIES_NON_INCAPACITATING,INJURIES_REPORTED_NOT_EVIDENT,INJURIES_NO_INDICATION,INJURIES_UNKNOWN,CRASH_HOUR,CRASH_DAY_OF_WEEK,CRASH_MONTH,LATITUDE,LONGITUDE
0,418627,-1,30,0,0,0,3,2,0,-1,0,0,0,0,-1,-1,-1,-1,-1,1412,-1,-1,-1,-1,-1,-1,1,0,0,0,0,0,2,0,23,7,9,41.93411418,-87.7171011
0,418604,-1,30,0,0,0,3,7,5,4,1,0,0,1,-1,-1,-1,16,-1,1633,-1,-1,-1,-1,-1,-1,3,0,0,0,0,0,1,0,23,7,9,41.93877911,-87.78592642
0,418599,-1,30,0,0,0,0,7,6,1,2,0,-1,0,-1,-1,-1,-1,-1,923,-1,-1,-1,-1,-1,-1,2,0,0,0,0,0,3,0,23,7,9,41.7991264,-87.70112889
0,418592,-1,30,1,2,0,3,10,2,2,0,0,0,0,-1,-1,-1,-1,-1,2533,-1,-1,-1,-1,-1,-1,2,0,0,0,0,0,2,0,23,7,9,41.90976453,-87.7433763
0,418618,-1,30,0,0,2,0,7,7,-1,0,1,0,0,-1,1,-1,-1,-1,2024,-1,1,-1,-1,-1,-1,2,0,0,0,0,0,1,0,23,7,9,41.97484255,-87.65511608
2,418575,-1,35,1,2,0,3,14,2,-1,0,0,0,1,1,-1,1,25,14,1224,1,-1,-1,-1,-1,-1,2,2,0,0,2,0,2,0,23,7,9,41.88134465,-87.66692613
2,418565,-1,25,2,2,0,3,0,5,2,0,0,0,1,1,-1,-1,16,-1,612,-1,-1,-1,-1,-1,-1,2,2,0,0,2,0,4,0,23,7,9,41.75431912,-87.64905155
0,434744,-1,20,0,0,0,0,7,6,1,0,0,0,0,-1,-1,1,0,0,1132,-1,-1,-1,-1,-1,-1,2,0,0,0,0,0,1,0,23,7,9,41.86718446,-87.72579349
0,418600,-1,30,0,0,0,3,12,5,2,0,0,-1,0,-1,-1,-1,0,0,1925,-1,-1,-1,-1,-1,-1,2,0,0,0,0,0,2,0,23,7,9,41.94404156,-87.64509087
0,418552,-1,15,0,0,1,4,7,7,-1,0,0,0,0,-1,1,-1,22,-1,2533,-1,-1,-1,-1,-1,-1,2,0,0,0,0,0,1,0,23,7,9,41.90950515,-87.74695994
0,419276,1,30,0,0,0,-1,7,6,-1,0,0,0,0,-1,-1,1,0,-1,1031,-1,-1,-1,-1,-1,-1,2,0,0,0,0,0,1,0,23,7,9,41.84032031,-87.71971093
0,418562,-1,30,0,0,0,3,7,6,1,0,0,0,1,-1,0,-1,7,16,911,-1,-1,-1,-1,-1,-1,2,0,0,0,0,0,1,0,23,7,9,41.82355817,-87.70775961
0,418692,-1,30,0,0,0,3,10,5,-1,0,0,-1,0,-1,-1,-1,18,-1,1923,-1,-1,-1,-1,-1,-1,2,0,0,0,0,0,2,0,22,7,9,41.95090116,-87.64977184
0,418539,-1,30,1,2,0,0,10,5,4,0,1,0,0,-1,-1,-1,18,0,2413,-1,-1,-1,-1,-1,-1,2,0,0,0,0,0,2,0,22,7,9,41.99053305,-87.70297997
0,419200,-1,30,0,0,0,0,7,6,-1,0,0,-1,0,-1,-1,-1,20,-1,1031,-1,-1,-1,-1,-1,-1,2,0,0,0,0,0,1,0,22,7,9,41.83755,-87.72908316
0,418542,-1,30,1,2,0,3,12,6,3,0,0,0,0,1,-1,-1,21,-1,122,-1,-1,-1,-1,-1,-1,2,0,0,0,0,0,3,0,22,7,9,41.8857668,-87.63112354
0,418549,-1,30,0,0,0,3,7,5,2,0,0,0,1,-1,-1,-1,32,30,432,-1,-1,-1,-1,-1,-1,3,0,0,0,0,0,1,0,22,7,9,41.69842091,-87.53994047
1,418515,-1,30,1,2,0,3,11,2,2,0,-1,-1,1,1,-1,-1,0,0,1414,-1,-1,-1,-1,-1,-1,2,1,0,0,0,1,2,0,22,7,9,41.92489629,-87.69756202
0,418519,-1,30,0,0,0,4,10,6,2,0,0,0,0,-1,-1,-1,-1,-1,915,-1,-1,-1,-1,-1,-1,3,0,0,0,0,0,3,0,22,7,9,41.82720231,-87.63156539
0,418535,-1,30,0,0,0,3,10,5,2,0,0,0,1,-1,-1,1,18,0,834,-1,-1,-1,-1,-1,-1,3,0,0,0,0,0,2,0,22,7,9,41.74235606,-87.70417387
0,418997,-1,30,0,0,0,0,7,6,1,0,0,0,0,-1,-1,1,0,-1,1523,-1,-1,-1,-1,-1,-1,2,0,0,0,0,0,1,0,22,7,9,41.89037067,-87.75802977
0,418622,1,30,0,0,0,-1,7,5,1,0,0,0,0,-1,-1,1,0,0,632,-1,-1,-1,-1,-1,-1,2,0,0,0,0,0,1,0,22,7,9,41.74393877,-87.60031469
2,418526,-1,30,1,2,2,3,10,5,-1,0,1,0,1,1,-1,-1,15,14,1633,-1,-1,-1,-1,-1,-1,3,3,0,0,3,0,0,0,22,7,9,41.93893322,-87.76175374
0,422675,-1,30,1,2,-1,3,10,1,-1,0,-1,-1,0,1,-1,1,6,18,2433,-1,-1,-1,-1,-1,-1,2,0,0,0,0,0,2,0,21,7,9,41.99794336,-87.67191769
0,418509,-1,20,0,0,0,3,11,2,-1,0,0,0,0,-1,-1,1,0,0,822,-1,-1,-1,-1,-1,-1,2,0,0,0,0,0,2,0,21,7,9,41.79145991,-87.71590786
0,418628,-1,30,1,2,0,3,10,2,-1,0,1,0,0,-1,-1,1,0,0,815,-1,-1,-1,-1,-1,-1,2,0,0,0,0,0,2,0,21,7,9,41.79495745,-87.72335657
0,418545,-1,30,1,2,0,3,10,3,4,0,0,-1,0,1,-1,1,18,18,114,-1,-1,-1,-1,-1,-1,2,0,0,0,0,0,2,0,21,7,9,41.88830615,-87.62435926
0,418505,-1,30,-1,-1,1,3,14,2,4,0,0,-1,0,1,-1,-1,11,0,915,-1,-1,-1,-1,-1,-1,2,0,0,0,0,0,2,0,21,7,9,41.83104901,-87.63149032
3,418491,-1,30,1,2,0,3,9,6,2,0,1,0,1,1,-1,1,0,-1,1732,-1,-1,-1,-1,-1,-1,2,1,0,1,0,0,1,0,21,7,9,41.95276555,-87.72773669
0,419125,-1,35,0,0,2,3,0,5,4,0,1,-1,0,1,-1,-1,0,-1,2013,-1,-1,-1,-1,-1,-1,2,0,0,0,0,0,2,0,21,7,9,41.98561503,-87.66442352
3,418468,-1,30,1,2,0,3,0,5,2,0,-1,0,1,1,-1,-1,6,-1,1014,-1,1,-1,-1,-1,-1,2,1,0,1,0,0,3,0,21,7,9,41.85882818,-87.72019479
0,422368,-1,30,0,0,-1,0,8,5,-1,0,-1,-1,0,-1,-1,-1,0,0,123,-1,-1,0,-1,-1,-1,2,0,0,0,0,0,2,0,21,7,9,41.87531384,-87.62747312
0,419029,-1,15,12,2,-1,-1,7,6,1,0,-1,0,0,-1,-1,1,0,-1,2521,-1,-1,-1,-1,-1,-1,2,0,0,0,0,0,1,0,21,7,9,41.93812718,-87.74573548
0,418459,-1,30,1,2,0,3,14,5,2,0,0,0,1,1,-1,-1,17,-1,1532,-1,-1,-1,-1,-1,-1,2,0,0,0,0,0,3,0,21,7,9,41.88192599,-87.74546236
0,418435,-1,35,1,2,0,3,14,5,2,0,0,0,0,1,-1,1,25,6,1533,-1,-1,-1,-1,-1,-1,2,0,0,0,0,0,4,0,20,7,9,41.87309483,-87.74514387
0,418449,-1,15,0,0,0,3,7,6,1,0,0,0,1,-1,-1,1,-1,-1,2232,1,-1,-1,-1,-1,-1,2,0,0,0,0,0,2,0,20,7,9,41.71042298,-87.63821575
2,418432,-1,30,0,0,2,3,14,5,2,0,1,0,1,-1,-1,-1,0,34,2424,-1,-1,-1,-1,-1,-1,2,1,0,0,1,0,1,0,20,7,9,42.01933212,-87.67987499
0,418433,-1,30,1,2,0,3,12,2,2,0,0,-1,0,-1,-1,-1,11,21,1522,-1,-1,-1,-1,-1,-1,2,0,0,0,0,0,2,0,20,7,9,41.88232643,-87.75528546
3,418424,-1,30,0,0,0,3,9,5,2,0,0,0,1,-1,-1,-1,25,25,934,-1,-1,-1,-1,-1,-1,2,1,0,1,0,0,1,0,20,7,9,41.7958708,-87.64534412
0,419009,-1,30,0,0,0,3,2,5,2,0,1,1,0,-1,1,-1,0,-1,813,-1,-1,-1,-1,-1,-1,1,0,0,0,0,0,1,0,20,7,9,41.78071524,-87.73488641
0,418420,-1,30,0,0,0,3,14,6,-1,0,0,0,0,-1,-1,1,25,-1,1133,-1,-1,-1,-1,-1,-1,2,0,0,0,0,0,3,0,20,7,9,41.87340465,-87.72039963
0,418414,-1,25,0,0,2,3,14,2,-1,0,1,0,0,-1,-1,-1,18,18,915,-1,-1,-1,-1,-1,-1,2,0,0,0,0,0,2,0,20,7,9,41.83078366,-87.63529578
0,418416,-1,15,0,0,0,1,7,7,-1,0,0,0,0,-1,-1,1,-1,-1,114,-1,-1,-1,-1,-1,-1,2,0,0,0,0,0,1,0,20,7,9,41.88539005,-87.61898671
-1,418404,-1,30,0,0,0,3,9,2,2,0,0,0,0,-1,-1,1,0,0,322,-1,-1,-1,-1,-1,-1,-1,-1,-1,-1,-1,-1,-1,-1,20,7,9,41.7657489,-87.61873476
3,418428,-1,30,2,2,2,3,11,5,2,0,1,0,1,1,-1,1,16,21,1622,-1,-1,-1,-1,-1,-1,2,1,0,1,0,0,1,0,20,7,9,41.97182062,-87.76869678
0,418530,-1,30,0,0,2,3,10,2,4,0,1,3,0,-1,-1,-1,18,11,2033,-1,-1,-1,-1,-1,-1,3,0,0,0,0,0,3,0,20,7,9,41.97362712,-87.65964713
0,418451,-1,30,0,0,2,3,12,2,2,0,1,3,0,-1,-1,-1,34,11,2413,-1,-1,-1,1,2,-1,2,0,0,0,0,0,2,0,20,7,9,41.99760398,-87.6907871
0,418407,-1,20,2,2,0,3,12,2,4,0,0,-1,0,-1,-1,0,21,21,735,-1,-1,-1,-1,-1,-1,2,0,0,0,0,0,2,0,20,7,9,41.76845491,-87.66403843
3,418384,-1,30,0,0,0,3,7,5,-1,2,0,0,1,-1,-1,-1,0,0,931,-1,-1,-1,-1,-1,-1,2,1,0,1,0,0,0,0,19,7,9,41.80135211,-87.67360831
0,418377,-1,25,0,0,0,4,12,5,2,0,0,0,0,-1,-1,-1,0,-1,123,-1,-1,-1,-1,-1,-1,2,0,0,0,0,0,2,0,19,7,9,41.87371074,-87.6307971
0,418389,-1,30,0,0,0,3,2,5,2,0,0,0,1,-1,-1,-1,11,-1,225,-1,-1,-1,-1,-1,-1,1,0,0,0,0,0,1,0,19,7,9,41.79106874,-87.62775536
0,418376,1,30,1,2,0,-1,10,5,2,0,-1,-1,0,1,-1,-1,18,-1,413,-1,-1,-1,-1,-1,-1,2,0,0,0,0,0,3,0,19,7,9,41.72967794,-87.57567984
0,418379,-1,30,1,2,0,3,14,12,-1,0,0,0,0,0,-1,-1,0,0,1915,-1,-1,-1,-1,-1,-1,2,0,0,0,0,0,2,0,19,7,9,41.95474551,-87.6453294
3,427549,-1,15,0,0,0,4,9,7,1,0,0,0,1,-1,1,1,0,0,1925,-1,-1,-1,-1,-1,-1,2,1,0,1,0,0,1,0,19,7,9,41.95067684,-87.64378474
0,427426,-1,30,0,0,0,1,10,5,-1,0,0,0,0,-1,-1,-1,0,0,1614,-1,-1,-1,-1,-1,-1,2,0,0,0,0,0,2,0,19,7,9,41.9870044,-87.84160978
0,425859,-1,15,0,0,0,4,7,5,-1,0,0,0,0,-1,-1,1,0,-1,921,-1,-1,-1,-1,-1,-1,2,0,0,0,0,0,1,0,19,7,9,41.82120213,-87.68804511
0,422068,-1,30,0,0,0,0,7,6,-1,0,0,0,0,-1,-1,-1,20,0,1021,-1,-1,-1,-1,-1,-1,2,0,0,0,0,0,1,0,19,7,9,41.86104071,-87.71175753
0,419612,-1,30,0,0,0,1,0,5,2,0,0,0,0,-1,-1,-1,25,0,412,-1,-1,-1,-1,-1,-1,2,0,0,0,0,0,2,0,19,7,9,41.74139729,-87.58299312
0,422212,-1,30,-1,-1,-1,-1,14,5,-1,0,-1,-1,1,-1,-1,-1,23,-1,1731,-1,-1,-1,-1,-1,-1,2,0,0,0,0,0,3,0,18,7,9,41.9408919,-87.72738355
0,418330,-1,30,2,2,0,1,14,5,2,0,1,0,0,1,-1,-1,17,16,2512,-1,-1,-1,-1,-1,-1,2,0,0,0,0,0,3,0,18,7,9,41.91798745,-87.77801563
0,418323,-1,30,0,0,0,1,2,5,4,0,0,0,1,-1,1,-1,10,11,712,-1,-1,-1,-1,-1,-1,1,0,0,0,0,0,1,0,18,7,9,41.79023494,-87.64519953
0,418325,-1,35,0,0,0,1,10,3,2,0,0,0,0,-1,-1,-1,18,0,323,-1,-1,-1,-1,-1,-1,2,0,0,0,0,0,2,0,18,7,9,41.7586311,-87.59575034
0,418329,-1,20,0,0,0,1,7,6,1,0,0,0,0,-1,-1,-1,11,11,2515,-1,-1,-1,-1,-1,-1,2,0,0,0,0,0,1,0,18,7,9,41.92664393,-87.76500025
0,418299,-1,30,0,0,2,1,14,5,-1,0,1,0,0,0,-1,1,10,34,1111,-1,-1,-1,-1,-1,-1,2,0,0,0,0,0,3,0,18,7,9,41.89779754,-87.72630493
0,418490,-1,30,0,0,0,4,10,5,-1,0,0,0,0,-1,-1,-1,16,18,2534,-1,-1,-1,-1,-1,-1,2,0,0,0,0,0,4,0,18,7,9,41.9044954,-87.726502
0,418333,-1,30,0,0,0,1,14,5,-1,0,0,0,0,-1,-1,-1,0,0,524,-1,-1,-1,-1,-1,-1,2,0,0,0,0,0,2,0,18,7,9,41.68502626,-87.64229737
0,418284,-1,30,1,2,0,1,12,5,-1,0,0,0,0,-1,-1,-1,0,-1,123,-1,-1,-1,-1,-1,-1,2,0,0,0,0,0,2,0,18,7,9,41.86750701,-87.62727445
0,418296,-1,0,0,0,0,1,7,7,0,0,0,0,0,-1,1,-1,27,0,433,-1,-1,-1,-1,-1,-1,2,0,0,0,0,0,1,0,18,7,9,41.65422384,-87.54700262
0,418301,-1,25,0,0,0,1,14,6,1,0,0,0,0,1,-1,-1,17,0,814,-1,-1,-1,-1,-1,-1,2,0,0,0,0,0,2,0,18,7,9,41.79448471,-87.76006112
0,418255,-1,30,0,0,0,1,7,5,2,0,0,0,0,-1,-1,1,0,0,1723,-1,-1,-1,-1,-1,-1,2,0,0,0,0,0,1,0,17,7,9,41.96581512,-87.71832301
0,418351,-1,30,0,0,0,4,7,5,2,0,0,0,1,-1,-1,-1,7,-1,2513,-1,-1,-1,-1,-1,-1,2,0,0,0,0,0,1,0,17,7,9,41.91113065,-87.78025101
0,418735,-1,30,2,2,0,1,12,6,-1,0,-1,0,0,-1,-1,-1,0,0,1214,-1,-1,-1,-1,-1,-1,2,0,0,0,0,0,2,0,17,7,9,41.88911579,-87.65121961
0,418303,-1,30,1,2,0,1,14,5,2,0,0,0,0,-1,-1,-1,18,16,1833,-1,-1,-1,-1,-1,-1,2,0,0,0,0,0,3,0,17,7,9,41.89673656,-87.62699713
0,418290,-1,35,1,2,0,1,10,5,-1,0,0,0,0,-1,-1,-1,18,0,1925,-1,-1,-1,-1,-1,-1,2,0,0,0,0,0,4,0,17,7,9,41.9449201,-87.6456264
0,418307,-1,35,1,2,0,1,0,5,2,0,0,0,0,-1,-1,1,6,-1,1834,-1,-1,-1,-1,-1,-1,2,0,0,0,0,0,2,0,17,7,9,41.89119664,-87.61573708
0,418297,-1,30,0,0,0,1,7,6,1,0,0,0,1,-1,-1,1,0,-1,813,-1,-1,-1,-1,-1,-1,2,0,0,0,0,0,1,0,17,7,9,41.77652775,-87.75462419
0,418497,1,30,0,0,2,1,7,5,2,0,1,-1,0,-1,-1,1,20,0,2411,-1,-1,-1,-1,-1,-1,2,0,0,0,0,0,1,0,17,7,9,42.01555,-87.6897783
1,418227,-1,30,0,0,0,1,10,5,2,2,0,0,1,-1,-1,-1,18,18,1033,-1,-1,-1,-1,-1,-1,2,2,0,0,0,2,1,0,17,7,9,41.84441379,-87.7043803
0,418268,-1,35,0,0,0,1,10,5,4,0,0,0,0,-1,-1,-1,18,0,631,-1,-1,-1,-1,-1,-1,2,0,0,0,0,0,2,0,17,7,9,41.74407183,-87.60553817
3,418213,-1,30,0,0,0,1,7,2,2,0,0,0,1,-1,-1,-1,11,16,532,-1,-1,-1,-1,-1,-1,2,1,0,1,0,0,0,0,17,7,9,41.68162563,-87.61653846
0,418234,-1,25,0,0,0,1,7,5,2,0,0,0,1,-1,1,1,25,-1,921,-1,-1,-1,-1,-1,-1,2,0,0,0,0,0,2,0,17,7,9,41.8211723,-87.68713773
0,418235,-1,30,1,2,0,1,12,3,6,0,0,0,0,-1,-1,-1,17,0,233,-1,-1,-1,-1,-1,-1,2,0,0,0,0,0,2,0,17,7,9,41.79438506,-87.61588764
0,418191,-1,30,1,2,0,1,14,5,2,0,0,0,0,1,-1,-1,22,-1,114,-1,-1,-1,-1,-1,-1,2,0,0,0,0,0,2,0,17,7,9,41.86749052,-87.62398199
0,424667,-1,35,0,0,0,1,10,5,2,0,0,0,0,-1,-1,-1,0,0,1032,-1,-1,-1,-1,-1,-1,2,0,0,0,0,0,2,0,17,7,9,41.84442483,-87.70518545
0,418391,-1,30,0,0,-1,-1,7,7,0,0,-1,-1,0,-1,1,1,0,0,2534,-1,-1,-1,-1,-1,-1,2,0,0,0,0,0,1,0,17,7,9,41.9169782,-87.73260544
0,418344,1,30,0,0,2,1,7,5,2,0,1,0,0,-1,-1,1,0,0,1634,-1,-1,0,-1,-1,-1,2,0,0,0,0,0,1,0,17,7,9,41.94594756,-87.7523433
0,418216,-1,35,2,2,0,1,10,5,5,0,0,0,0,-1,-1,-1,18,0,622,-1,-1,-1,-1,-1,-1,2,0,0,0,0,0,2,0,17,7,9,41.7363802,-87.62769924
0,418203,-1,30,0,0,0,1,10,5,4,0,0,0,0,-1,-1,-1,0,0,2012,-1,-1,-1,-1,-1,-1,2,0,0,0,0,0,2,0,17,7,9,41.98062807,-87.66988201
0,418199,1,20,0,0,0,1,7,7,-1,0,0,-1,0,-1,-1,-1,0,0,621,-1,-1,-1,-1,-1,-1,2,0,0,0,0,0,1,0,16,7,9,41.74731306,-87.64409223
0,418197,-1,30,1,2,0,1,12,2,-1,0,0,0,0,-1,-1,1,0,0,1012,-1,-1,-1,-1,-1,-1,2,0,0,0,0,0,2,0,16,7,9,41.85167413,-87.7249089
0,421516,-1,30,1,2,-1,1,0,5,-1,0,-1,0,0,1,-1,-1,17,-1,2515,-1,-1,-1,-1,-1,-1,2,0,0,0,0,0,3,0,16,7,9,41.92398519,-87.75691482
0,418190,-1,30,0,0,0,1,10,5,-1,0,0,0,0,-1,-1,-1,18,16,1523,-1,-1,-1,-1,-1,-1,2,0,0,0,0,0,2,0,16,7,9,41.88874651,-87.76501034
0,418567,-1,5,0,0,-1,1,10,7,-1,0,-1,-1,0,-1,-1,1,18,-1,623,-1,-1,-1,-1,-1,-1,2,0,0,0,0,0,2,0,16,7,9,41.75077919,-87.6291552
0,418352,-1,30,0,0,0,1,7,7,1,0,0,0,0,-1,-1,-1,18,0,1632,-1,-1,-1,-1,-1,-1,2,0,0,0,0,0,1,0,16,7,9,41.95301023,-87.78770716
0,418174,-1,30,12,2,0,1,7,5,-1,0,0,0,0,-1,-1,-1,22,0,1811,-1,1,-1,-1,-1,-1,2,0,0,0,0,0,3,0,16,7,9,41.9181928,-87.65351775
0,418286,-1,30,1,2,0,1,10,5,-1,0,0,-1,0,-1,-1,-1,11,-1,815,-1,-1,-1,-1,-1,-1,2,0,0,0,0,0,2,0,16,7,9,41.79417166,-87.74271435
0,418188,-1,30,0,0,0,1,7,2,2,0,0,0,0,-1,-1,-1,27,0,631,-1,-1,-1,-1,-1,-1,2,0,0,0,0,0,3,0,16,7,9,41.74553881,-87.60493008
2,418201,-1,30,2,2,0,1,0,6,-1,0,0,0,1,1,-1,-1,17,-1,1223,-1,-1,-1,-1,-1,-1,2,2,0,0,2,0,1,0,16,7,9,41.88230375,-87.67922697
0,418158,-1,30,0,0,0,1,7,5,2,0,0,0,0,-1,-1,-1,-1,-1,2033,-1,-1,-1,-1,-1,-1,2,0,0,0,0,0,1,0,16,7,9,41.9758337,-87.66459393
0,418157,-1,30,0,0,0,1,7,5,-1,0,0,0,0,-1,-1,1,-1,-1,2514,-1,-1,-1,-1,-1,-1,2,0,0,0,0,0,1,0,16,7,9,41.93679305,-87.77153962
3,418170,-1,30,1,2,0,1,0,12,-1,0,0,0,1,1,-1,-1,6,17,1834,-1,-1,-1,-1,-1,-1,4,9,0,2,7,0,0,0,16,7,9,41.89101122,-87.61363318
0,418145,-1,30,0,0,0,1,10,5,4,0,0,0,0,-1,-1,1,18,-1,2521,-1,-1,-1,-1,-1,-1,2,0,0,0,0,0,4,0,16,7,9,41.93301434,-87.74680116
0,418134,-1,30,0,0,1,1,12,2,2,0,0,0,0,-1,-1,1,22,-1,1522,-1,-1,-1,-1,-1,-1,2,0,0,0,0,0,2,0,16,7,9,41.87745705,-87.76461429
0,421961,-1,30,-1,-1,-1,-1,7,5,-1,0,-1,-1,0,-1,-1,-1,0,-1,1912,-1,-1,-1,-1,-1,-1,2,0,0,0,0,0,1,0,16,7,9,41.9635111,-87.6702224
0,419289,-1,15,0,0,0,1,7,7,-1,0,0,0,0,-1,-1,-1,0,-1,214,-1,-1,-1,-1,-1,-1,2,0,0,0,0,0,1,0,16,7,9,41.82276566,-87.61622291
0,418516,1,30,0,0,0,3,7,5,2,0,0,-1,0,-1,-1,1,11,25,1524,-1,-1,-1,-1,-1,-1,2,0,0,0,0,0,1,0,16,7,9,41.89326947,-87.76335671
0,418139,-1,30,0,0,0,1,12,3,-1,0,0,0,0,-1,-1,-1,0,0,111,-1,-1,-1,-1,-1,-1,2,0,0,0,0,0,3,0,16,7,9,41.88692153,-87.62636576
0,418125,-1,35,1,2,0,1,14,2,-1,0,0,0,1,-1,-1,1,17,-1,412,-1,-1,-1,-1,-1,-1,2,0,0,0,0,0,2,0,16,7,9,41.73682263,-87.58578342
0,418113,-1,30,0,0,0,1,2,6,-1,0,0,1,0,1,-1,-1,0,-1,1922,-1,-1,-1,0,-1,-1,1,0,0,0,0,0,1,0,16,7,9,41.94497622,-87.67406879
0,418093,-1,30,2,2,0,1,10,2,2,0,0,0,1,-1,-1,-1,18,0,714,-1,-1,-1,-1,-1,-1,2,0,0,0,0,0,2,0,15,7,9,41.77953938,-87.66585706
0,418100,-1,10,0,3,0,1,7,7,-1,0,0,0,0,-1,1,1,25,0,612,1,-1,-1,-1,-1,-1,2,0,0,0,0,0,1,0,15,7,9,41.75654541,-87.66344385
0,418092,-1,30,0,0,0,1,7,2,-1,0,0,0,1,-1,-1,-1,21,-1,821,-1,-1,-1,-1,-1,-1,3,0,0,0,0,0,1,0,15,7,9,41.80798617,-87.70589331
0,418115,-1,30,0,0,0,1,5,2,-1,0,0,0,1,-1,-1,-1,12,-1,1221,-1,-1,-1,-1,-1,-1,1,0,0,0,0,0,1,0,15,7,9,41.89196532,-87.69042646
0,418162,-1,35,0,0,0,1,10,7,1,0,0,0,0,-1,-1,1,0,0,1023,-1,-1,-1,-1,-1,-1,2,0,0,0,0,0,2,0,15,7,9,41.85210065,-87.68905111
0,418146,-1,30,0,0,0,1,10,2,2,0,0,0,0,-1,-1,-1,0,0,1222,-1,-1,-1,-1,-1,-1,2,0,0,0,0,0,2,0,15,7,9,41.8860761,-87.70120074
0,418128,-1,30,12,-1,2,1,9,6,1,0,1,0,0,-1,-1,-1,3,17,1834,-1,-1,-1,-1,-1,-1,2,0,0,0,0,0,2,0,15,7,9,41.89480617,-87.62573611
0,418098,-1,30,1,2,0,1,14,2,4,0,0,0,0,1,-1,-1,18,0,2213,-1,-1,-1,-1,-1,-1,2,0,0,0,0,0,2,0,15,7,9,41.72084344,-87.68106197
0,418072,-1,30,0,0,0,1,12,5,2,0,0,0,0,-1,-1,-1,0,0,825,-1,1,-1,-1,-1,-1,2,0,0,0,0,0,5,0,15,7,9,41.78611788,-87.68367474
0,418122,-1,30,2,2,0,1,0,5,2,0,0,-1,1,1,-1,-1,17,33,1034,-1,-1,-1,-1,-1,-1,2,0,0,0,0,0,2,0,15,7,9,-1,-1
0,418082,-1,30,1,2,0,1,10,5,4,0,0,-1,0,-1,-1,-1,0,0,1723,-1,-1,-1,-1,-1,-1,2,0,0,0,0,0,3,0,15,7,9,41.95406289,-87.71990469
0,420440,-1,30,0,0,0,1,7,6,1,0,-1,-1,0,-1,-1,1,0,0,2534,-1,-1,-1,-1,-1,-1,2,0,0,0,0,0,1,0,15,7,9,41.9045795,-87.72655257
0,418070,-1,30,0,0,0,1,10,2,2,0,0,0,1,-1,-1,-1,16,0,622,-1,-1,-1,-1,-1,-1,2,0,0,0,0,0,2,0,15,7,9,41.7434354,-87.63155497
0,418062,-1,30,1,2,0,1,0,2,-1,0,0,0,1,1,-1,1,6,-1,1522,-1,-1,-1,-1,-1,-1,2,0,0,0,0,0,2,0,15,7,9,41.87193899,-87.75491455
1,418069,-1,30,1,2,1,1,10,5,-1,0,0,0,1,-1,-1,-1,0,-1,1224,-1,-1,-1,-1,-1,-1,2,1,0,0,0,1,2,0,15,7,9,41.88044799,-87.66662582
2,418064,-1,30,0,0,0,1,9,7,-1,0,0,0,1,-1,-1,1,20,0,612,-1,1,-1,-1,-1,-1,2,1,0,0,1,0,1,0,15,7,9,41.75587709,-87.65692422
0,418057,-1,30,1,2,0,1,12,5,2,0,0,0,0,-1,-1,1,17,22,1432,-1,-1,-1,-1,-1,-1,2,0,0,0,0,0,2,0,15,7,9,41.92501066,-87.68761779
0,418054,-1,35,1,2,0,1,10,5,-1,0,0,0,0,1,-1,-1,0,0,1222,-1,1,-1,-1,-1,-1,2,0,0,0,0,0,5,0,15,7,9,41.88431639,-87.70607131
0,418224,-1,0,0,0,0,1,11,7,-1,0,0,0,0,-1,1,1,20,11,623,-1,-1,-1,-1,-1,-1,2,0,0,0,0,0,4,0,15,7,9,41.75099675,-87.61668231
0,418126,-1,30,1,2,0,1,12,5,4,0,0,0,0,1,-1,-1,22,16,1932,-1,-1,-1,-1,-1,-1,2,0,0,0,0,0,2,0,15,7,9,41.93251402,-87.66833623
0,418063,-1,35,0,0,0,1,7,5,1,0,0,0,0,-1,-1,1,0,0,1022,-1,-1,-1,-1,-1,-1,2,0,0,0,0,0,1,0,15,7,9,41.85540289,-87.69870755
0,418089,-1,40,0,0,0,1,12,12,-1,0,0,0,0,-1,-1,-1,21,0,1814,-1,-1,-1,-1,-1,-1,2,0,0,0,0,0,5,0,14,7,9,41.91122456,-87.62648257
0,418043,-1,30,0,0,0,1,7,5,2,0,1,0,0,-1,-1,-1,21,16,2522,-1,-1,-1,-1,-1,-1,2,0,0,0,0,0,2,0,14,7,9,41.91715293,-87.7364835
0,418182,-1,30,0,0,0,1,14,5,2,0,0,-1,0,-1,-1,-1,17,-1,431,-1,-1,-1,-1,-1,-1,2,0,0,0,0,0,2,0,14,7,9,41.72261999,-87.554078