MOST_SEVERE_INJURY,RD_NO,CRASH_DATE_EST_I,POSTED_SPEED_LIMIT,TRAFFIC_CONTROL_DEVICE,DEVICE_CONDITION,WEATHER_CONDITION,LIGHTING_CONDITION,FIRST_CRASH_TYPE,TRAFFICWAY_TYPE,LANE_CNT,ALIGNMENT,ROADWAY_SURFACE_COND,ROAD_DEFECT,CRASH_TYPE,INTERSECTION_RELATED_I,NOT_RIGHT_OF_WAY_I,HIT_AND_RUN_I,PRIM_CONTRIBUTORY_CAUSE,SEC_CONTRIBUTORY_CAUSE,BEAT_OF_OCCURRENCE,PHOTOS_TAKEN_I,STATEMENTS_TAKEN_I,DOORING_I,WORK_ZONE_I,WORK_ZONE_TYPE,WORKERS_PRESENT_I,NUM_UNITS,INJURIES_TOTAL,INJURIES_FATAL,INJURIES_INCAPACITATING,INJURIES_NON_INCAPACITATING,INJURIES_REPORTED_NOT_EVIDENT,INJURIES_NO_INDICATION,INJURIES_UNKNOWN,CRASH_HOUR,CRASH_DAY_OF_WEEK,CRASH_MONTH,LATITUDE,LONGITUDE
0,418042,-1,30,2,0,0,1,0,5,-1,0,0,0,0,-1,-1,-1,0,0,1235,-1,-1,-1,-1,-1,-1,2,0,0,0,0,0,2,0,14,7,9,41.85669125,-87.64675695
0,418011,-1,30,1,2,0,1,12,1,-1,0,0,0,0,-1,-1,-1,0,-1,1233,-1,-1,-1,-1,-1,-1,2,0,0,0,0,0,2,0,14,7,9,41.86681578,-87.66652926
0,418136,-1,30,0,0,1,1,7,6,-1,0,-1,-1,0,-1,-1,1,0,0,1624,-1,-1,-1,-1,-1,-1,2,0,0,0,0,0,1,0,14,7,9,41.95986546,-87.75200265
0,418021,-1,30,1,2,0,1,10,5,-1,0,0,0,0,0,-1,-1,18,18,825,-1,-1,-1,-1,-1,-1,1,0,0,0,0,0,1,0,14,7,9,41.7809601,-87.68383373
0,418018,-1,15,0,0,1,1,10,7,-1,0,0,0,0,-1,1,-1,20,-1,2011,-1,-1,-1,-1,-1,-1,2,0,0,0,0,0,5,0,14,7,9,41.9768951,-87.69227967
1,418025,-1,30,1,2,0,1,0,5,2,2,0,-1,1,-1,-1,-1,6,11,224,-1,-1,-1,-1,-1,-1,3,1,0,0,0,1,4,0,14,7,9,41.80920235,-87.62112969
0,418096,-1,30,1,-1,0,1,14,3,6,0,0,0,0,-1,-1,1,23,0,114,-1,-1,-1,-1,-1,-1,2,0,0,0,0,0,3,0,14,7,9,41.86762343,-87.6203324
0,418080,-1,30,0,0,0,1,10,5,4,0,0,0,0,-1,-1,-1,20,11,1912,-1,-1,-1,-1,-1,-1,2,0,0,0,0,0,3,0,14,7,9,41.95444041,-87.66593195
2,418071,-1,35,0,0,0,1,10,2,4,0,0,0,1,-1,-1,-1,18,18,214,-1,0,-1,-1,-1,-1,2,3,0,0,3,0,3,0,14,7,9,41.82254786,-87.61681562
0,418003,-1,35,0,0,0,1,12,5,2,0,0,0,0,-1,-1,-1,21,-1,1712,-1,-1,-1,-1,-1,-1,2,0,0,0,0,0,2,0,14,7,9,41.97585969,-87.70846497
0,418029,-1,30,2,2,0,1,12,5,4,0,0,0,0,-1,-1,1,3,6,622,-1,-1,-1,-1,-1,-1,2,0,0,0,0,0,2,0,14,7,9,41.74339816,-87.63425177
0,418059,-1,30,1,2,0,1,10,5,-1,0,0,0,0,-1,-1,1,0,-1,1911,-1,-1,-1,-1,-1,-1,2,0,0,0,0,0,2,0,14,7,9,41.9682402,-87.6890433
0,418024,-1,30,2,0,0,1,0,5,2,0,1,1,1,1,-1,-1,17,11,2531,-1,-1,-1,-1,-1,-1,2,0,0,0,0,0,2,0,14,7,9,41.90399428,-87.76586736
0,418019,-1,30,1,2,0,1,12,5,2,0,0,0,0,0,-1,-1,21,-1,114,-1,-1,-1,-1,-1,-1,2,0,0,0,0,0,3,0,14,7,9,41.88094127,-87.62064844
0,417992,-1,30,1,2,0,1,12,6,4,0,0,0,0,1,-1,-1,0,0,1833,-1,-1,-1,-1,-1,-1,2,0,0,0,0,0,3,0,14,7,9,41.89909976,-87.62417078
0,417987,-1,30,1,2,0,1,14,5,4,0,1,0,0,1,-1,-1,17,23,1834,-1,-1,-1,-1,-1,-1,2,0,0,0,0,0,2,0,14,7,9,41.88940378,-87.62442627
2,417971,-1,30,1,2,0,1,3,5,4,0,0,0,1,1,-1,-1,21,-1,831,-1,-1,-1,-1,-1,-1,2,2,0,0,2,0,0,0,13,7,9,41.77173384,-87.69305672
0,418086,-1,30,0,0,0,1,10,7,-1,0,0,0,0,-1,-1,1,-1,-1,834,-1,-1,-1,-1,-1,-1,2,0,0,0,0,0,4,0,13,7,9,41.74452451,-87.74105439
0,418017,-1,30,1,2,5,1,10,2,2,0,1,0,0,-1,-1,-1,18,16,931,-1,-1,-1,-1,-1,-1,3,0,0,0,0,0,3,0,13,7,9,41.80494867,-87.66501307
0,417946,-1,10,2,2,0,1,14,12,-1,0,0,0,1,1,-1,-1,11,23,1834,-1,-1,-1,-1,-1,-1,2,0,0,0,0,0,2,0,13,7,9,-1,-1
2,418048,-1,30,0,0,0,1,12,2,-1,0,0,0,1,-1,-1,-1,17,-1,614,-1,-1,-1,-1,-1,-1,2,2,0,0,2,0,1,0,13,7,9,41.74190685,-87.66337128
0,418005,-1,30,0,0,0,1,10,5,2,0,0,0,0,-1,-1,1,18,11,1931,-1,-1,-1,-1,-1,-1,2,0,0,0,0,0,3,0,13,7,9,41.93246743,-87.67212775
0,417995,-1,30,1,2,0,1,12,5,2,0,0,0,0,-1,-1,1,0,0,1522,-1,-1,-1,-1,-1,-1,2,0,0,0,0,0,4,0,13,7,9,41.88048075,-87.75513043
0,417910,1,25,0,0,0,1,10,5,2,0,1,0,0,-1,-1,-1,11,0,214,-1,-1,-1,-1,-1,-1,2,0,0,0,0,0,4,0,13,7,9,41.82014094,-87.61579763
0,418250,-1,30,0,0,0,1,10,3,-1,0,0,0,0,-1,-1,-1,16,18,2022,-1,-1,-1,-1,-1,-1,2,0,0,0,0,0,2,0,13,7,9,41.98534962,-87.65363367
0,418173,-1,30,0,0,2,1,10,5,-1,0,1,0,0,-1,-1,1,0,-1,2223,-1,-1,-1,-1,-1,-1,3,0,0,0,0,0,4,0,13,7,9,41.72138626,-87.6403886
0,418006,-1,30,0,0,0,1,10,5,-1,0,0,0,0,-1,-1,-1,-1,-1,811,-1,-1,-1,-1,-1,-1,2,0,0,0,0,0,3,0,13,7,9,41.792337,-87.78785369
0,417962,-1,25,2,0,0,1,14,5,-1,0,0,0,1,-1,-1,-1,17,16,234,-1,-1,-1,-1,-1,-1,2,0,0,0,0,0,2,0,13,7,9,41.79936251,-87.59510378
0,417490,-1,25,0,0,0,1,7,5,-1,0,0,0,1,-1,-1,-1,11,0,1234,-1,-1,-1,-1,-1,-1,2,0,0,0,0,0,1,0,13,7,9,41.85394491,-87.67270977
0,417983,-1,15,-1,-1,0,1,2,0,1,0,0,0,1,-1,-1,1,0,0,1923,-1,-1,-1,-1,-1,-1,1,0,0,0,0,0,1,0,13,7,9,41.9474576,-87.64963869
0,417967,-1,30,1,2,2,1,10,5,-1,0,1,-1,0,-1,-1,-1,11,-1,815,-1,-1,-1,-1,-1,-1,2,0,0,0,0,0,2,0,13,7,9,41.79326989,-87.72812478
1,417958,-1,30,1,2,0,1,10,5,4,0,0,0,1,-1,-1,-1,18,11,2031,-1,-1,-1,-1,-1,-1,2,1,0,0,0,1,2,0,13,7,9,41.96864073,-87.68905424
0,417974,-1,30,2,2,0,1,0,5,2,0,12,-1,0,-1,-1,1,0,0,1922,-1,-1,-1,-1,-1,-1,2,0,0,0,0,0,2,0,13,7,9,41.9414111,-87.67336699
0,417912,-1,30,1,2,2,1,11,2,2,0,1,0,0,-1,-1,-1,21,0,1733,-1,-1,-1,-1,-1,-1,2,0,0,0,0,0,2,0,13,7,9,41.94654393,-87.70298754
0,417901,-1,30,0,0,2,1,12,5,-1,0,1,0,0,-1,-1,1,0,-1,1911,-1,-1,-1,-1,-1,-1,2,0,0,0,0,0,3,0,13,7,9,41.95550587,-87.68865791
0,417900,-1,30,0,0,2,1,7,5,4,0,1,0,0,-1,-1,-1,11,-1,1912,-1,-1,-1,-1,-1,-1,2,0,0,0,0,0,1,0,13,7,9,41.96503178,-87.66919506
0,417939,-1,30,0,0,0,1,10,5,-1,0,0,0,0,-1,-1,-1,-1,-1,835,-1,-1,-1,-1,-1,-1,2,0,0,0,0,0,3,0,13,7,9,41.749952,-87.70244848
2,417894,-1,30,1,2,0,1,14,12,0,0,1,0,1,1,-1,-1,17,-1,1612,-1,-1,-1,-1,-1,-1,2,2,0,0,1,1,1,0,13,7,9,41.98993218,-87.80672572
2,417895,-1,30,2,2,0,1,0,2,0,0,0,0,1,1,-1,-1,17,16,1225,-1,-1,-1,-1,-1,-1,2,1,0,0,1,0,3,0,13,7,9,41.87494631,-87.67417087
1,420434,-1,10,0,0,2,-1,7,7,-1,0,-1,0,1,-1,-1,-1,0,-1,711,-1,-1,-1,-1,-1,-1,2,3,0,0,0,3,1,0,13,7,9,41.77992005,-87.64092551
0,419138,-1,30,0,0,0,0,7,5,1,0,0,0,0,-1,-1,1,0,-1,2532,-1,-1,-1,-1,-1,-1,2,0,0,0,0,0,1,0,13,7,9,41.90623239,-87.75696378
0,417908,-1,30,0,0,1,1,7,2,-1,0,1,0,0,-1,-1,-1,0,0,123,-1,-1,-1,-1,-1,-1,2,0,0,0,0,0,2,0,13,7,9,41.87517906,-87.62747379
0,417897,-1,5,0,0,0,1,0,7,1,0,0,0,0,-1,1,-1,20,-1,131,-1,-1,-1,-1,-1,-1,2,0,0,0,0,0,4,0,13,7,9,41.85962968,-87.6301249
0,417934,-1,30,0,0,0,1,12,3,-1,0,0,0,0,1,-1,-1,22,16,2223,-1,-1,-1,-1,-1,-1,3,0,0,0,0,0,4,0,12,7,9,41.72139719,-87.63963004
2,419042,-1,30,1,2,0,1,10,5,2,0,-1,-1,1,-1,-1,-1,0,0,1113,-1,-1,-1,-1,-1,-1,2,2,0,0,2,0,0,0,12,7,9,41.87700845,-87.73549752
0,417956,-1,35,0,0,0,1,12,5,-1,0,0,0,0,-1,-1,-1,0,-1,1621,-1,-1,-1,-1,-1,-1,2,0,0,0,0,0,3,0,12,7,9,41.99441889,-87.76080823
0,417862,-1,30,0,0,2,1,7,5,-1,0,1,4,0,-1,-1,-1,21,-1,612,-1,-1,-1,-1,-1,-1,2,0,0,0,0,0,1,0,12,7,9,41.75044449,-87.64987086
0,417869,-1,0,0,0,2,1,0,12,-1,0,1,0,0,1,-1,-1,11,-1,833,-1,-1,-1,-1,-1,-1,2,0,0,0,0,0,4,0,12,7,9,41.76763245,-87.72182724
0,418068,-1,30,1,2,0,1,10,6,4,0,0,0,0,-1,-1,-1,0,0,1831,-1,-1,-1,-1,-1,-1,2,0,0,0,0,0,6,0,12,7,9,41.89228951,-87.63321138
0,417839,-1,30,0,0,0,1,7,2,2,0,1,0,0,-1,-1,-1,-1,-1,1632,-1,-1,-1,-1,-1,-1,2,0,0,0,0,0,1,0,12,7,9,41.94818981,-87.80696105
0,417963,-1,25,0,0,0,1,10,5,2,0,0,0,1,-1,-1,1,14,18,1214,-1,-1,-1,-1,-1,-1,2,0,0,0,0,0,2,0,12,7,9,41.88715666,-87.64119639
0,417849,-1,30,0,0,0,1,14,5,4,0,1,0,0,-1,-1,-1,0,0,1613,-1,-1,-1,-1,-1,-1,2,0,0,0,0,0,2,0,12,7,9,41.97422176,-87.82374554
0,417844,-1,30,0,0,2,1,7,2,-1,0,1,0,0,-1,-1,-1,21,-1,1221,-1,-1,-1,-1,-1,-1,2,0,0,0,0,0,1,0,12,7,9,41.8950611,-87.68697244
0,423271,-1,30,0,0,-1,1,10,5,-1,0,-1,0,0,-1,-1,-1,18,-1,1632,-1,-1,-1,-1,-1,-1,2,0,0,0,0,0,2,0,12,7,9,41.95560913,-87.78679821
0,417891,-1,35,0,0,2,1,10,2,2,0,1,0,0,-1,-1,-1,0,0,1024,-1,-1,-1,-1,-1,-1,2,0,0,0,0,0,2,0,12,7,9,41.85167198,-87.70539869
1,417803,-1,10,0,12,2,1,7,7,2,3,1,0,1,-1,-1,1,0,0,311,-1,-1,-1,-1,-1,-1,1,1,0,0,0,1,0,0,11,7,9,41.7804037,-87.62183749
0,423098,-1,30,0,0,0,1,10,5,8,0,0,0,0,-1,-1,-1,0,0,1814,-1,-1,-1,1,2,-1,2,0,0,0,0,0,3,0,11,7,9,41.9201582,-87.62972898
0,417813,-1,40,3,2,1,1,12,3,4,2,1,0,0,-1,-1,1,21,0,1814,-1,-1,-1,-1,-1,-1,2,0,0,0,0,0,2,0,11,7,9,41.91122456,-87.62648257
0,418065,-1,30,2,2,0,1,0,12,-1,0,0,0,0,-1,-1,-1,5,-1,1214,-1,-1,-1,-1,-1,-1,2,0,0,0,0,0,2,0,11,7,9,41.89126587,-87.65000792
0,417823,-1,35,0,0,2,1,12,5,2,0,1,0,1,-1,-1,-1,0,0,512,-1,-1,-1,-1,-1,-1,2,0,0,0,0,0,4,0,11,7,9,41.70684229,-87.62011978
1,417789,-1,10,1,2,0,1,12,12,-1,0,0,0,1,-1,-1,-1,22,22,2234,-1,-1,-1,-1,-1,-1,2,1,0,0,0,1,1,0,11,7,9,41.6920732,-87.66100306
0,417824,-1,30,1,2,2,1,10,-1,0,0,1,0,0,1,-1,1,20,0,111,-1,-1,-1,-1,-1,-1,2,0,0,0,0,0,5,0,11,7,9,41.88704751,-87.62792321
0,420167,-1,30,0,0,2,1,7,6,-1,0,1,0,0,1,-1,1,23,-1,1713,-1,-1,-1,-1,-1,-1,2,0,0,0,0,0,1,0,11,7,9,41.96511178,-87.70362624
0,417896,-1,30,1,2,2,1,10,2,-1,0,1,0,0,-1,-1,-1,34,0,1233,-1,-1,-1,-1,-1,-1,2,0,0,0,0,0,2,0,11,7,9,41.85617997,-87.66276846
0,417819,-1,30,1,2,1,1,14,3,4,0,0,0,0,1,-1,-1,0,0,1014,-1,-1,-1,-1,-1,-1,2,0,0,0,0,0,4,0,11,7,9,41.8546457,-87.71520625
0,417832,-1,25,1,2,0,1,10,5,-1,0,0,0,0,-1,-1,-1,18,0,1824,-1,-1,-1,-1,-1,-1,2,0,0,0,0,0,2,0,11,7,9,41.90165992,-87.63300158
0,417780,-1,30,0,0,2,1,0,3,4,0,1,0,0,-1,-1,-1,17,34,735,-1,-1,-1,-1,-1,-1,2,0,0,0,0,0,2,0,11,7,9,41.7673282,-87.66400243
0,418315,-1,30,0,0,0,1,0,5,2,0,0,0,0,-1,-1,-1,17,-1,1214,-1,-1,-1,-1,-1,-1,2,0,0,0,0,0,2,0,11,7,9,41.88993589,-87.64890881
0,418219,-1,30,0,0,0,1,10,5,-1,0,1,0,0,-1,-1,-1,18,0,1613,-1,-1,-1,-1,-1,-1,2,0,0,0,0,0,2,0,11,7,9,41.98123816,-87.80699737
0,417805,-1,30,1,2,0,1,2,5,4,3,0,0,1,1,-1,-1,0,0,331,1,1,-1,-1,-1,-1,1,0,0,0,0,0,1,0,11,7,9,41.77343857,-87.56689931
0,417797,-1,25,0,0,0,1,12,2,-1,0,0,0,0,-1,-1,-1,22,-1,2411,-1,-1,-1,-1,-1,-1,2,0,0,0,0,0,2,0,11,7,9,42.01207141,-87.70457585
0,417818,-1,20,0,0,1,1,7,5,2,0,1,0,1,-1,-1,-1,0,-1,913,-1,-1,-1,-1,-1,-1,3,0,0,0,0,0,1,0,11,7,9,41.83537325,-87.65176362
0,430348,-1,30,0,0,0,1,7,6,-1,0,0,0,0,-1,-1,-1,-1,-1,1033,-1,-1,-1,-1,-1,-1,2,0,0,0,0,0,1,0,11,7,9,41.84806863,-87.70376699
0,418035,-1,30,0,0,0,1,10,5,-1,0,1,0,0,-1,-1,-1,20,0,2423,-1,-1,-1,-1,-1,-1,2,0,0,0,0,0,2,0,11,7,9,42.0136496,-87.67470042
0,418009,0,30,0,0,0,1,7,5,1,0,0,-1,0,-1,-1,1,0,0,1713,-1,-1,-1,-1,-1,-1,2,0,0,0,0,0,1,0,11,7,9,41.97200863,-87.70528859
-1,417772,-1,15,0,0,2,1,5,5,2,0,1,0,0,-1,-1,-1,34,0,1613,-1,-1,-1,-1,-1,-1,1,-1,-1,-1,-1,-1,-1,-1,11,7,9,41.979091,-87.79372756
-1,417725,-1,30,1,2,1,1,10,5,4,0,1,0,1,-1,-1,-1,34,34,1122,-1,-1,-1,-1,-1,-1,-1,-1,-1,-1,-1,-1,-1,-1,10,7,9,41.88146069,-87.71601987
0,417731,-1,30,2,2,1,1,14,5,-1,0,3,0,0,1,-1,-1,17,17,1414,-1,-1,-1,-1,-1,-1,2,0,0,0,0,0,4,0,10,7,9,41.92376853,-87.70243198
0,417737,-1,30,1,2,2,1,2,2,2,0,1,0,1,-1,-1,-1,-1,-1,1133,-1,-1,-1,-1,-1,-1,1,0,0,0,0,0,2,0,10,7,9,41.87341167,-87.71837697
0,417727,-1,30,0,0,0,1,10,5,-1,0,1,0,0,-1,-1,1,0,0,831,-1,-1,-1,-1,-1,-1,3,0,0,0,0,0,3,0,10,7,9,41.77164622,-87.70282043
0,418012,-1,5,0,0,0,1,7,0,1,0,0,0,0,-1,-1,1,-1,-1,815,-1,-1,-1,-1,-1,-1,2,0,0,0,0,0,1,0,10,7,9,41.80718968,-87.72983327
0,417743,-1,30,1,2,1,1,0,2,-1,0,0,0,0,-1,-1,-1,17,17,2212,-1,-1,-1,-1,-1,-1,2,0,0,0,0,0,2,0,10,7,9,41.67736264,-87.6805995
0,417726,-1,30,0,0,2,1,7,2,-1,0,1,0,0,-1,-1,-1,34,-1,924,-1,-1,-1,-1,-1,-1,2,0,0,0,0,0,1,0,10,7,9,41.80864974,-87.67152572
2,417852,-1,30,2,2,2,1,2,5,2,0,1,12,1,1,-1,-1,-1,-1,1922,-1,-1,-1,1,2,-1,1,1,0,0,1,0,0,0,10,7,9,41.94519575,-87.67407062
0,417688,-1,15,0,0,2,1,7,7,-1,0,1,0,0,-1,1,1,20,-1,1732,-1,-1,-1,-1,-1,-1,2,0,0,0,0,0,1,0,10,7,9,41.94978161,-87.71366206
0,424365,1,15,0,0,0,1,7,5,1,0,0,0,0,-1,-1,-1,0,0,2535,-1,-1,-1,-1,-1,-1,2,0,0,0,0,0,1,0,10,7,9,41.90922421,-87.72178838
0,420157,-1,35,2,2,2,1,14,5,4,0,1,0,0,1,-1,-1,23,33,1614,-1,-1,-1,-1,-1,-1,2,0,0,0,0,0,4,0,10,7,9,41.97573688,-87.83647683
0,417969,-1,30,0,0,2,1,7,7,1,0,1,0,0,-1,-1,-1,20,0,1623,-1,-1,-1,-1,-1,-1,2,0,0,0,0,0,1,0,10,7,9,41.97509213,-87.75172422
2,417736,-1,25,2,2,2,1,0,5,6,0,1,0,1,1,-1,-1,17,-1,132,-1,-1,-1,-1,-1,-1,3,1,0,0,1,0,8,0,10,7,9,41.85441832,-87.62229799
0,417699,-1,30,0,0,2,1,2,5,2,0,1,-1,0,-1,1,-1,34,0,431,-1,-1,-1,-1,-1,-1,1,0,0,0,0,0,1,0,10,7,9,41.70886713,-87.5595371
0,417704,-1,30,2,2,0,1,14,2,-1,0,1,0,1,1,-1,-1,17,21,912,-1,-1,-1,-1,-1,-1,2,0,0,0,0,0,2,0,10,7,9,41.8306191,-87.66498111
2,417812,-1,30,0,0,2,1,9,2,4,0,1,0,1,0,-1,1,17,16,1413,-1,-1,-1,-1,-1,-1,2,1,0,0,1,0,1,0,10,7,9,41.92451713,-87.71508906
0,417712,-1,30,0,0,2,1,12,5,-1,0,1,0,0,-1,-1,-1,17,0,2211,-1,-1,-1,-1,-1,-1,2,0,0,0,0,0,4,0,10,7,9,41.70606167,-87.7018919
0,417690,-1,30,1,1,0,1,0,5,-1,0,1,0,0,1,-1,-1,17,15,1021,-1,-1,-1,-1,-1,-1,2,0,0,0,0,0,2,0,10,7,9,41.85635054,-87.71037525
0,418085,1,5,0,0,-1,1,2,0,-1,0,-1,0,0,-1,1,1,-1,-1,815,-1,-1,-1,-1,-1,-1,1,0,0,0,0,0,1,0,10,7,9,41.8057455,-87.72611856
0,417773,-1,15,0,0,0,1,7,0,1,0,1,0,0,-1,-1,-1,21,-1,1821,-1,-1,-1,-1,-1,-1,2,0,0,0,0,0,1,0,10,7,9,41.91063643,-87.64327162
0,417717,-1,0,0,0,2,1,0,7,0,0,1,0,0,-1,1,-1,0,0,1622,-1,-1,-1,-1,-1,-1,2,0,0,0,0,0,2,0,10,7,9,41.96059098,-87.76754304
0,417714,-1,15,0,0,2,1,8,7,-1,0,1,0,0,-1,-1,-1,13,-1,224,-1,-1,-1,-1,-1,-1,2,0,0,0,0,0,2,0,10,7,9,41.80917373,-87.62309647
0,417661,-1,30,1,2,2,1,10,2,4,0,1,0,0,-1,-1,-1,16,-1,123,-1,-1,-1,-1,-1,-1,2,0,0,0,0,0,2,0,10,7,9,41.87454144,-87.62775779
0,417546,-1,30,2,0,0,1,10,5,-1,2,0,3,0,-1,-1,-1,28,15,623,-1,-1,-1,-1,-1,-1,2,0,0,0,0,0,2,0,10,7,9,41.75088485,-87.62313926
0,417670,-1,25,1,2,2,1,12,5,2,0,1,0,0,-1,-1,-1,0,0,813,-1,-1,-1,-1,-1,-1,2,0,0,0,0,0,2,0,9,7,9,41.77851853,-87.73267231
0,417669,-1,25,0,0,2,1,10,6,1,0,1,0,0,-1,-1,-1,33,20,2534,-1,-1,-1,-1,-1,-1,2,0,0,0,0,0,2,0,9,7,9,41.90613922,-87.72837857
0,422124,-1,20,0,0,-1,1,2,7,1,0,-1,-1,0,-1,-1,-1,0,0,2524,-1,-1,-1,-1,-1,-1,1,0,0,0,0,0,1,0,9,7,9,41.93168181,-87.72691403
2,417693,-1,30,1,2,2,1,3,3,2,0,1,0,1,1,-1,-1,6,-1,1614,-1,-1,-1,-1,-1,-1,2,1,0,0,1,0,1,0,9,7,9,41.9799107,-87.83643447
0,420183,-1,30,0,0,2,1,10,5,2,0,1,0,0,-1,-1,-1,18,16,1631,-1,-1,-1,-1,-1,-1,2,0,0,0,0,0,5,0,9,7,9,41.94679557,-87.80720624
0,417671,-1,30,1,2,2,1,12,3,-1,0,1,0,0,1,-1,-1,21,-1,921,-1,-1,-1,-1,-1,-1,3,0,0,0,0,0,3,0,9,7,9,41.82302139,-87.68473353
0,417667,-1,35,0,0,2,1,14,5,-1,0,1,-1,0,0,-1,-1,17,17,1723,-1,-1,-1,-1,-1,-1,2,0,0,0,0,0,2,0,9,7,9,41.96114784,-87.72055276
0,426161,-1,25,0,0,0,1,10,5,-1,0,0,0,0,-1,-1,1,-1,-1,1113,-1,-1,-1,-1,-1,-1,2,0,0,0,0,0,2,0,9,7,9,41.88540473,-87.73577554
0,417764,-1,30,0,0,0,1,7,6,1,0,0,0,0,-1,-1,1,0,0,333,-1,-1,-1,-1,-1,-1,2,0,0,0,0,0,1,0,9,7,9,41.76405038,-87.57917812
0,417655,-1,15,0,0,2,1,11,6,1,0,1,0,0,-1,-1,-1,20,17,1713,-1,-1,-1,-1,-1,-1,2,0,0,0,0,0,4,0,9,7,9,41.97344525,-87.70631822
0,418905,-1,30,1,2,2,-1,12,2,-1,0,1,0,0,-1,-1,-1,-1,-1,1914,-1,-1,-1,-1,-1,-1,2,0,0,0,0,0,2,0,9,7,9,41.96547856,-87.64785472
0,417664,-1,35,1,2,2,1,10,6,4,0,1,0,0,-1,-1,-1,0,0,1834,-1,-1,-1,-1,-1,-1,2,0,0,0,0,0,3,0,9,7,9,41.89120784,-87.6151303
0,422808,-1,30,0,0,0,1,7,6,1,0,0,0,0,-1,-1,1,0,0,912,-1,-1,-1,-1,-1,-1,2,0,0,0,0,0,1,0,9,7,9,41.82906971,-87.67387948
0,421860,-1,30,0,0,-1,1,7,6,1,0,-1,-1,0,-1,-1,1,22,22,2023,-1,-1,-1,-1,-1,-1,2,0,0,0,0,0,1,0,9,7,9,41.9780995,-87.65587382
0,419729,1,25,0,0,-1,3,7,6,2,0,-1,-1,0,-1,-1,1,0,-1,413,-1,-1,-1,-1,-1,-1,2,0,0,0,0,0,1,0,9,7,9,41.73184234,-87.58817035
0,417793,-1,30,0,0,2,1,7,7,0,0,1,0,0,-1,-1,1,0,0,1524,-1,-1,-1,-1,-1,-1,2,0,0,0,0,0,1,0,9,7,9,41.89478944,-87.75954728
0,417716,-1,30,0,0,2,1,10,2,2,0,1,-1,0,-1,-1,-1,0,0,1513,-1,-1,-1,-1,-1,-1,4,0,0,0,0,0,4,0,9,7,9,41.8655695,-87.77407857
1,417643,-1,30,2,2,2,1,14,2,4,0,1,0,1,1,-1,-1,17,0,2413,-1,-1,-1,-1,-1,-1,2,1,0,0,0,1,1,0,9,7,9,41.99058554,-87.69345626
0,417622,-1,30,1,2,2,1,0,5,4,0,1,-1,0,1,-1,0,6,25,2534,-1,-1,-1,-1,-1,-1,2,0,0,0,0,0,2,0,8,7,9,41.9096565,-87.73555555
0,417623,-1,30,1,2,2,1,10,5,2,0,1,0,0,-1,-1,-1,18,-1,1513,-1,-1,-1,-1,-1,-1,2,0,0,0,0,0,2,0,8,7,9,41.86572386,-87.77399261
0,431595,-1,30,0,0,2,1,10,3,6,0,1,0,0,-1,-1,1,0,-1,114,-1,-1,-1,-1,-1,-1,2,0,0,0,0,0,2,0,8,7,9,41.88434876,-87.61454978
0,430761,-1,15,0,0,-1,1,5,7,-1,0,-1,-1,0,-1,-1,-1,0,-1,834,-1,-1,-1,-1,-1,-1,1,0,0,0,0,0,1,0,8,7,9,41.73585224,-87.72094571
0,417629,-1,30,1,2,2,1,0,5,-1,0,1,0,0,1,-1,-1,6,-1,2032,-1,-1,-1,-1,-1,-1,2,0,0,0,0,0,3,0,8,7,9,41.97598574,-87.67476593
0,417610,-1,30,1,2,0,1,10,2,-1,0,0,0,0,1,-1,-1,16,-1,914,-1,-1,-1,-1,-1,-1,2,0,0,0,0,0,2,0,8,7,9,41.84547364,-87.6437779
0,417606,-1,30,0,0,2,1,2,6,2,0,1,0,1,-1,-1,-1,4,11,1834,-1,-1,-1,-1,-1,-1,1,0,0,0,0,0,1,0,8,7,9,41.89100796,-87.62639773
0,417641,-1,30,0,0,2,1,11,6,-1,0,1,0,1,-1,-1,-1,10,-1,533,-1,-1,-1,-1,-1,-1,2,0,0,0,0,0,2,0,8,7,9,41.6594343,-87.59785303
2,417608,-1,30,0,0,2,0,2,5,-1,0,1,0,1,-1,-1,-1,0,27,1013,-1,-1,-1,-1,-1,-1,1,2,0,0,2,0,0,0,8,7,9,41.84664883,-87.73423486
0,417602,-1,30,0,0,1,1,7,5,2,0,1,0,1,-1,-1,-1,32,27,1823,-1,-1,-1,-1,-1,-1,3,0,0,0,0,0,1,0,8,7,9,41.90040604,-87.63989591
2,417592,-1,30,0,0,1,1,7,2,4,0,0,0,1,-1,1,-1,32,32,1111,-1,-1,-1,-1,-1,-1,2,1,0,0,1,0,0,0,8,7,9,41.8950429,-87.73774933
0,417596,-1,30,1,2,0,2,0,12,0,0,0,0,0,1,-1,1,0,-1,1624,-1,-1,-1,-1,-1,-1,2,0,0,0,0,0,2,0,7,7,9,41.95340625,-87.75727589
2,417582,-1,30,1,2,0,1,10,5,4,2,0,0,1,1,-1,-1,18,7,133,-1,-1,-1,-1,-1,-1,2,2,0,0,2,0,0,0,7,7,9,41.83860378,-87.61226895
0,417577,-1,20,0,0,0,1,7,5,2,0,0,0,0,-1,-1,-1,20,-1,1622,-1,-1,-1,-1,-1,-1,2,0,0,0,0,0,1,0,7,7,9,41.98931294,-87.77861962
0,428773,-1,30,0,0,0,4,2,7,-1,0,0,0,0,-1,-1,-1,0,-1,1824,-1,-1,-1,-1,-1,-1,1,0,0,0,0,0,1,0,7,7,9,41.90146342,-87.62848137