MOST_SEVERE_INJURY,RD_NO,CRASH_DATE_EST_I,POSTED_SPEED_LIMIT,TRAFFIC_CONTROL_DEVICE,DEVICE_CONDITION,WEATHER_CONDITION,LIGHTING_CONDITION,FIRST_CRASH_TYPE,TRAFFICWAY_TYPE,LANE_CNT,ALIGNMENT,ROADWAY_SURFACE_COND,ROAD_DEFECT,CRASH_TYPE,INTERSECTION_RELATED_I,NOT_RIGHT_OF_WAY_I,HIT_AND_RUN_I,PRIM_CONTRIBUTORY_CAUSE,SEC_CONTRIBUTORY_CAUSE,BEAT_OF_OCCURRENCE,PHOTOS_TAKEN_I,STATEMENTS_TAKEN_I,DOORING_I,WORK_ZONE_I,WORK_ZONE_TYPE,WORKERS_PRESENT_I,NUM_UNITS,INJURIES_TOTAL,INJURIES_FATAL,INJURIES_INCAPACITATING,INJURIES_NON_INCAPACITATING,INJURIES_REPORTED_NOT_EVIDENT,INJURIES_NO_INDICATION,INJURIES_UNKNOWN,CRASH_HOUR,CRASH_DAY_OF_WEEK,CRASH_MONTH,LATITUDE,LONGITUDE
2,417559,-1,30,0,0,1,1,2,5,4,0,0,0,1,-1,-1,-1,0,0,1023,-1,-1,-1,-1,-1,-1,1,1,0,0,1,0,0,0,7,7,9,41.86390609,-87.68610748
0,417741,-1,20,0,0,2,1,7,6,1,0,1,0,0,-1,1,1,0,0,1731,-1,-1,-1,-1,-1,-1,2,0,0,0,0,0,1,0,7,7,9,41.93960925,-87.72980388
0,417676,-1,20,0,0,2,1,7,6,-1,0,1,0,0,-1,-1,1,0,0,1434,-1,-1,-1,-1,-1,-1,2,0,0,0,0,0,1,0,6,7,9,41.91584282,-87.69061383
1,417597,-1,30,0,0,1,1,12,5,2,0,0,0,1,-1,-1,1,25,0,533,-1,-1,-1,-1,-1,-1,2,1,0,0,0,1,1,0,6,7,9,41.65667411,-87.60498528
1,417541,-1,25,1,2,2,2,8,2,4,0,0,0,1,1,-1,-1,6,-1,111,-1,-1,-1,-1,-1,-1,2,1,0,0,0,1,1,0,6,7,9,41.88445505,-87.62930866
0,417529,-1,30,0,0,0,2,2,3,6,0,0,0,1,-1,-1,1,0,-1,432,-1,-1,-1,-1,-1,-1,1,0,0,0,0,0,1,0,6,7,9,41.71164142,-87.53420156
0,417650,-1,25,0,0,-1,-1,7,6,-1,0,-1,0,1,-1,-1,1,0,0,2212,-1,-1,-1,-1,-1,-1,2,0,0,0,0,0,1,0,6,7,9,41.698383,-87.66881162
0,417525,-1,30,1,2,0,2,10,5,-1,0,0,0,1,-1,-1,-1,16,18,1632,-1,-1,-1,-1,-1,-1,2,0,0,0,0,0,2,0,6,7,9,41.96012642,-87.78694927
0,417604,-1,30,0,0,0,2,7,6,2,0,0,0,0,-1,-1,-1,0,0,124,-1,-1,-1,-1,-1,-1,2,0,0,0,0,0,1,0,5,7,9,41.87446342,-87.64381593
1,417530,-1,30,1,2,0,4,10,5,4,0,0,0,1,1,-1,-1,18,17,1822,-1,-1,-1,-1,-1,-1,2,1,0,0,0,1,1,0,5,7,9,41.90363993,-87.65554697
0,417509,-1,30,1,2,0,0,14,5,4,0,0,0,0,1,-1,-1,21,-1,1013,-1,-1,-1,-1,-1,-1,2,0,0,0,0,0,2,0,5,7,9,41.85128849,-87.72385084
0,417547,-1,15,0,0,0,2,3,7,-1,0,0,0,0,-1,-1,1,0,-1,1112,-1,-1,-1,-1,-1,-1,2,0,0,0,0,0,2,0,5,7,9,41.90263585,-87.7177184
0,417510,-1,35,1,2,0,2,10,5,-1,0,0,0,0,1,-1,-1,16,0,613,-1,-1,-1,-1,-1,-1,2,0,0,0,0,0,2,0,4,7,9,41.74690461,-87.64407715
0,417508,-1,25,0,0,0,3,7,5,2,0,0,0,1,-1,-1,-1,32,20,133,-1,-1,-1,-1,-1,-1,2,0,0,0,0,0,1,0,4,7,9,41.84536948,-87.61900218
0,417502,-1,25,0,0,0,3,0,5,-1,0,0,0,0,-1,-1,-1,17,17,1832,-1,-1,-1,-1,-1,-1,2,0,0,0,0,0,2,0,4,7,9,41.8990055,-87.63292613
0,417498,-1,30,0,0,-1,-1,14,5,2,0,-1,-1,0,-1,-1,1,18,-1,1031,-1,-1,-1,-1,-1,-1,2,0,0,0,0,0,2,0,4,7,9,41.83527099,-87.7185218
0,417520,-1,30,0,0,0,0,7,5,2,0,1,0,1,-1,-1,-1,0,-1,1512,-1,-1,-1,-1,-1,-1,2,0,0,0,0,0,1,0,4,7,9,41.88767248,-87.76682899
0,417514,-1,30,1,2,0,3,12,6,3,0,0,0,0,-1,-1,1,22,21,1831,-1,-1,-1,-1,-1,-1,2,0,0,0,0,0,2,0,4,7,9,41.89325533,-87.63715992
0,417499,-1,30,0,0,0,3,12,5,-1,0,0,0,0,-1,-1,-1,22,21,1933,-1,-1,-1,-1,-1,-1,2,0,0,0,0,0,3,0,4,7,9,-1,-1
0,417486,-1,30,0,0,0,0,7,5,1,0,0,0,1,-1,-1,1,0,16,831,-1,-1,-1,-1,-1,-1,3,0,0,0,0,0,1,0,4,7,9,41.76321865,-87.70263199
0,417484,-1,30,2,2,0,3,14,5,2,0,0,0,1,1,-1,-1,0,0,1132,-1,-1,-1,-1,-1,-1,2,0,0,0,0,0,3,0,3,7,9,41.87007431,-87.73026288
3,417496,-1,30,1,2,0,3,14,5,2,0,0,0,1,1,-1,1,6,-1,1114,-1,-1,-1,-1,-1,-1,2,1,0,1,0,0,4,0,3,7,9,41.88211162,-87.72618396
1,417471,-1,25,0,0,0,3,7,5,-1,0,0,3,1,-1,-1,1,0,21,513,-1,-1,-1,-1,-1,-1,4,1,0,0,0,1,2,0,3,7,9,41.69463449,-87.62330918
0,417487,-1,30,0,0,0,3,12,6,3,0,0,0,1,-1,-1,-1,14,0,1834,-1,-1,-1,-1,-1,-1,2,0,0,0,0,0,3,0,3,7,9,41.89237404,-87.62724294
0,417458,-1,30,0,0,0,3,7,5,1,0,0,0,1,-1,-1,1,14,16,613,-1,-1,-1,-1,-1,-1,2,0,0,0,0,0,1,0,3,7,9,41.73774438,-87.64603691
0,417457,-1,25,0,0,0,3,2,5,-1,0,0,0,1,-1,1,-1,14,25,1113,-1,-1,-1,-1,-1,-1,3,0,0,0,0,0,3,0,3,7,9,41.88178217,-87.74272453
0,417452,-1,30,1,2,0,3,0,5,2,0,0,0,1,1,-1,-1,6,-1,1131,-1,-1,-1,-1,-1,-1,2,0,0,0,0,0,6,0,3,7,9,41.87027828,-87.73496387
0,417535,-1,30,0,0,1,3,7,2,2,0,0,0,0,-1,-1,1,25,-1,1234,-1,-1,-1,-1,-1,-1,2,0,0,0,0,0,1,0,3,7,9,41.85776175,-87.67688022
0,417450,-1,35,0,0,0,3,7,5,-1,0,1,0,1,-1,-1,-1,11,-1,411,-1,-1,-1,-1,-1,-1,2,0,0,0,0,0,1,0,3,7,9,41.7586647,-87.58516038
0,417442,-1,30,0,0,0,3,7,5,-1,0,0,0,0,-1,-1,1,0,0,2234,-1,-1,-1,-1,-1,-1,2,0,0,0,0,0,1,0,3,7,9,41.68510818,-87.64846219
0,417448,-1,30,3,2,0,3,2,3,2,0,1,0,1,-1,-1,-1,27,0,911,-1,-1,-1,-1,-1,-1,1,0,0,0,0,0,1,0,2,7,9,41.82706421,-87.69488079
0,417451,-1,30,0,0,0,0,7,6,1,0,0,0,0,-1,-1,-1,7,-1,235,-1,-1,-1,-1,-1,-1,2,0,0,0,0,0,2,0,2,7,9,41.79456099,-87.58524701
2,417434,-1,45,0,0,0,3,2,3,8,0,0,0,1,-1,-1,-1,14,11,222,-1,-1,-1,1,2,-1,1,1,0,0,1,0,0,0,2,7,9,41.8105925,-87.58937111
3,417439,1,30,1,-1,0,3,9,5,2,0,0,-1,1,-1,-1,0,0,-1,2535,-1,1,-1,-1,-1,-1,2,1,0,1,0,0,2,0,2,7,9,41.90592917,-87.7262552
2,417424,-1,35,1,2,0,3,8,12,1,0,0,0,1,1,-1,-1,31,15,1424,-1,-1,-1,-1,-1,-1,2,1,0,0,1,0,2,0,2,7,9,41.91024165,-87.67746183
0,417423,-1,35,0,0,0,3,7,2,-1,0,0,0,1,-1,-1,-1,0,-1,1213,1,-1,-1,-1,-1,-1,2,0,0,0,0,0,1,0,2,7,9,41.89708372,-87.65649316
0,417413,-1,30,2,2,2,0,2,5,2,3,1,0,1,1,-1,-1,32,-1,1622,-1,-1,-1,-1,-1,-1,1,0,0,0,0,0,2,0,2,7,9,41.98712567,-87.76837448
0,418153,-1,30,0,0,-1,0,7,2,2,0,-1,0,0,-1,-1,1,0,-1,1034,-1,-1,-1,-1,-1,-1,2,0,0,0,0,0,1,0,2,7,9,41.84989376,-87.68298692
0,417396,-1,30,0,0,0,3,7,1,-1,0,0,-1,0,-1,-1,-1,16,16,1423,-1,-1,-1,-1,-1,-1,2,0,0,0,0,0,1,0,1,7,9,41.91017521,-87.69051929
0,417980,-1,30,0,0,2,3,7,6,1,0,1,-1,0,-1,-1,1,0,0,414,-1,-1,-1,-1,-1,-1,2,0,0,0,0,0,1,0,1,7,9,41.75573132,-87.57104341
2,417402,-1,55,1,2,0,3,14,3,-1,0,0,0,1,1,-1,-1,23,-1,114,-1,-1,-1,-1,-1,-1,2,1,0,0,1,0,2,0,1,7,9,41.88767222,-87.62057394
0,417392,-1,30,1,2,0,3,12,5,4,0,0,0,0,1,-1,1,0,0,1831,-1,-1,-1,-1,-1,-1,2,0,0,0,0,0,2,0,1,7,9,41.89012998,-87.63115697
0,417376,-1,35,1,2,0,3,10,1,2,0,0,0,0,-1,-1,1,18,25,921,-1,-1,-1,-1,-1,-1,2,0,0,0,0,0,2,0,1,7,9,41.82295429,-87.68501299
0,417366,1,30,-1,-1,0,3,10,5,2,0,0,0,0,-1,-1,0,32,16,1824,-1,-1,-1,-1,-1,-1,2,0,0,0,0,0,3,0,1,7,9,41.9006151,-87.63149875
2,417368,-1,30,1,2,0,3,10,2,1,0,1,0,1,1,-1,-1,16,7,1622,-1,-1,-1,-1,-1,-1,3,1,0,0,1,0,4,0,1,7,9,41.96039361,-87.78197008
0,418487,-1,30,0,0,0,3,12,2,-1,0,1,0,0,-1,-1,1,25,0,1031,-1,-1,-1,-1,-1,-1,2,0,0,0,0,0,3,0,1,7,9,41.8272045,-87.72429134
0,417363,-1,30,0,0,0,3,7,6,1,0,0,0,1,-1,-1,-1,0,0,1631,-1,-1,-1,-1,-1,-1,3,0,0,0,0,0,2,0,1,7,9,41.94890791,-87.82670659
0,417358,-1,30,2,2,0,3,0,5,2,0,0,0,1,1,-1,0,5,17,1135,-1,-1,-1,-1,-1,-1,2,0,0,0,0,0,2,0,0,7,9,41.87096536,-87.70077584
0,417447,1,15,0,0,0,3,7,0,1,0,0,0,0,-1,1,1,20,-1,1921,-1,-1,-1,-1,-1,-1,2,0,0,0,0,0,1,0,0,7,9,41.9478464,-87.67964848
0,417357,-1,30,1,1,0,3,14,2,4,0,1,0,0,1,-1,-1,17,17,1434,-1,-1,-1,-1,-1,-1,2,0,0,0,0,0,4,0,0,7,9,41.9171348,-87.68754385
0,417345,-1,30,1,0,12,3,14,1,-1,0,1,0,1,1,-1,-1,0,0,2221,-1,1,-1,-1,-1,-1,3,0,0,0,0,0,5,0,0,7,9,41.72132441,-87.66272415
0,417339,-1,30,0,0,0,3,12,5,2,0,1,-1,0,-1,-1,-1,0,0,1414,-1,-1,-1,-1,-1,-1,2,0,0,0,0,0,3,0,0,7,9,41.92172351,-87.69746848
1,417338,-1,30,2,2,1,3,14,6,-1,0,1,0,1,1,-1,1,17,0,1513,-1,-1,-1,-1,-1,-1,2,3,0,0,0,3,1,0,0,7,9,41.87010901,-87.77170694
0,417333,-1,30,0,0,0,3,7,5,-1,0,0,0,1,-1,-1,-1,32,-1,1024,-1,-1,-1,-1,-1,-1,2,0,0,0,0,0,1,0,0,7,9,41.84637881,-87.70931363
0,417334,-1,30,1,2,0,1,14,12,-1,0,0,0,0,1,-1,-1,23,0,1622,-1,-1,-1,-1,-1,-1,2,0,0,0,0,0,2,0,0,7,9,41.98201113,-87.78760507
0,417322,-1,30,1,2,2,3,11,1,-1,0,1,0,0,-1,-1,-1,0,-1,1524,-1,-1,-1,-1,-1,-1,2,0,0,0,0,0,2,0,0,7,9,41.89499946,-87.76071912
0,417634,1,30,0,0,-1,3,7,5,-1,0,-1,-1,0,-1,-1,1,0,0,1422,-1,-1,-1,-1,-1,-1,2,0,0,0,0,0,1,0,0,7,9,41.91172406,-87.71490334
0,417296,-1,30,1,2,0,3,10,5,4,0,0,0,1,0,-1,1,16,32,1632,-1,-1,-1,-1,-1,-1,3,0,0,0,0,0,4,0,23,6,8,41.96010532,-87.78695443
0,417284,-1,25,0,0,0,3,12,3,3,3,0,0,0,-1,-1,-1,17,-1,1824,-1,-1,-1,-1,-1,-1,2,0,0,0,0,0,2,0,23,6,8,41.90100286,-87.61977981
0,417344,-1,30,12,12,0,3,12,5,2,0,0,0,0,-1,-1,1,7,7,1821,-1,-1,-1,-1,-1,-1,2,0,0,0,0,0,2,0,23,6,8,41.90980716,-87.63452101
0,423471,-1,30,0,0,0,1,10,5,-1,0,0,0,0,-1,-1,-1,0,0,114,-1,-1,-1,-1,-1,-1,2,0,0,0,0,0,2,0,23,6,8,41.88098221,-87.61710465
0,417937,-1,30,1,2,0,3,10,5,-1,0,0,-1,0,-1,-1,-1,11,-1,813,-1,-1,-1,-1,-1,-1,2,0,0,0,0,0,2,0,23,6,8,41.79291088,-87.74207734
0,417285,-1,30,0,12,0,3,12,5,2,0,1,-1,0,-1,-1,-1,22,34,1011,-1,-1,-1,-1,-1,-1,2,0,0,0,0,0,3,0,23,6,8,41.86388479,-87.73504764
0,417266,-1,30,1,2,0,3,10,2,4,0,1,0,1,1,-1,-1,0,-1,813,-1,-1,-1,-1,-1,-1,3,0,0,0,0,0,3,0,23,6,8,41.79294377,-87.74037596
0,417302,-1,30,0,0,0,3,7,6,1,0,1,0,0,-1,-1,1,20,-1,432,-1,-1,-1,-1,-1,-1,2,0,0,0,0,0,1,0,23,6,8,41.7198257,-87.5375584
2,417258,-1,30,2,0,0,3,14,2,4,0,0,0,1,1,-1,-1,0,0,2223,-1,-1,-1,-1,-1,-1,2,2,0,0,2,0,1,0,23,6,8,41.7158702,-87.64321014
0,417234,-1,30,1,2,2,3,0,2,2,0,1,0,1,1,-1,-1,34,0,1513,-1,-1,-1,-1,-1,-1,2,0,0,0,0,0,2,0,22,6,8,41.88019051,-87.77451264
1,417228,-1,30,1,2,2,3,12,6,3,0,1,0,1,-1,-1,-1,22,21,1831,-1,-1,-1,-1,-1,-1,2,1,0,0,0,1,2,0,22,6,8,41.89247999,-87.63543793
0,417317,-1,30,1,2,2,3,12,2,-1,0,1,-1,0,1,-1,1,11,0,1023,-1,-1,-1,-1,-1,-1,2,0,0,0,0,0,2,0,22,6,8,41.86473994,-87.68613406
0,417286,-1,30,1,2,0,3,10,5,4,0,0,0,0,1,-1,-1,16,18,2432,-1,-1,-1,-1,-1,-1,2,0,0,0,0,0,3,0,22,6,8,42.00143656,-87.66059537
0,417218,-1,30,0,0,0,3,7,2,-1,0,1,0,1,-1,-1,-1,0,0,2411,-1,-1,-1,-1,-1,-1,4,0,0,0,0,0,1,0,22,6,8,42.01211211,-87.68449593
0,419426,1,30,0,0,-1,-1,7,6,-1,0,-1,-1,0,-1,-1,1,-1,-1,715,-1,-1,-1,-1,-1,-1,2,0,0,0,0,0,1,0,22,6,8,41.79102692,-87.66586721
0,417272,-1,30,0,0,2,3,7,5,2,0,1,0,0,-1,-1,1,21,3,1225,-1,-1,-1,-1,-1,-1,2,0,0,0,0,0,1,0,22,6,8,41.87771263,-87.68181384
0,417230,-1,30,1,2,0,3,12,3,2,0,0,0,0,1,-1,1,16,14,2233,-1,-1,-1,-1,-1,-1,3,0,0,0,0,0,5,0,22,6,8,41.6868145,-87.6420593
1,417212,-1,30,1,2,2,3,14,2,4,0,1,0,1,1,-1,-1,16,16,433,-1,-1,-1,-1,-1,-1,2,3,0,0,0,3,7,0,22,6,8,41.69177008,-87.53996135
0,417238,-1,30,1,2,2,3,0,5,-1,0,1,0,1,-1,-1,-1,0,0,1832,-1,-1,-1,-1,-1,-1,2,0,0,0,0,0,2,0,22,6,8,41.89244528,-87.63275537
0,417224,-1,30,0,0,0,3,7,6,-1,0,1,0,1,-1,-1,1,15,0,1533,-1,-1,-1,-1,-1,-1,2,0,0,0,0,0,1,0,22,6,8,41.8712251,-87.74862316
0,417281,-1,30,2,2,0,3,0,2,4,0,1,0,0,1,-1,-1,17,-1,621,-1,-1,-1,-1,-1,-1,2,0,0,0,0,0,2,0,22,6,8,41.74888097,-87.6348608
0,417213,-1,30,2,2,1,3,14,5,2,0,1,-1,1,-1,-1,-1,17,23,1233,-1,-1,-1,-1,-1,-1,2,0,0,0,0,0,4,0,22,6,8,41.86511885,-87.67142369
0,417205,-1,30,2,2,2,3,0,5,4,0,1,-1,1,1,-1,-1,0,-1,915,-1,-1,-1,-1,-1,-1,2,0,0,0,0,0,3,0,22,6,8,41.83811103,-87.63282239
0,417204,-1,30,0,0,2,3,7,6,1,0,1,0,0,-1,-1,1,0,0,2011,-1,-1,-1,-1,-1,-1,2,0,0,0,0,0,1,0,22,6,8,41.9839417,-87.70024981
0,417182,-1,35,0,0,2,3,10,5,-1,0,1,0,1,-1,-1,1,34,0,2013,-1,-1,-1,-1,-1,-1,2,0,0,0,0,0,2,0,22,6,8,41.99080937,-87.6604382
0,417198,-1,30,0,0,2,3,12,5,2,0,1,0,0,-1,-1,-1,22,0,512,-1,-1,-1,-1,-1,-1,2,0,0,0,0,0,2,0,21,6,8,41.70372909,-87.60750831
0,417149,-1,30,-1,12,2,3,10,6,-1,0,1,-1,0,-1,-1,-1,16,-1,1024,-1,-1,-1,-1,-1,-1,2,0,0,0,0,0,2,0,21,6,8,41.84983015,-87.70617187
0,417268,-1,30,0,0,2,3,12,5,4,0,1,0,0,-1,-1,1,0,25,523,-1,-1,-1,-1,-1,-1,3,0,0,0,0,0,3,0,21,6,8,41.66327605,-87.62719612
0,417175,-1,35,2,2,2,3,10,3,-1,0,1,0,0,0,-1,-1,0,0,1821,-1,-1,-1,-1,-1,-1,2,0,0,0,0,0,2,0,21,6,8,41.90396921,-87.63307071
0,417173,-1,30,0,0,2,3,12,7,-1,0,1,-1,0,-1,-1,-1,20,0,1411,-1,-1,-1,-1,-1,-1,2,0,0,0,0,0,4,0,21,6,8,41.93160795,-87.69775578
0,417219,-1,30,0,0,2,3,14,2,2,0,1,0,1,-1,-1,-1,0,0,1632,-1,-1,-1,-1,-1,-1,2,0,0,0,0,0,3,0,21,6,8,41.94779431,-87.80694665
0,417171,-1,30,-1,-1,2,0,10,5,-1,0,1,-1,0,-1,-1,-1,34,-1,1232,-1,-1,-1,-1,-1,-1,2,0,0,0,0,0,2,0,21,6,8,41.86175007,-87.65463215
0,417239,-1,30,0,0,2,0,5,2,2,0,1,1,0,-1,-1,-1,34,-1,1012,-1,-1,-1,-1,-1,-1,1,0,0,0,0,0,1,0,21,6,8,41.8542477,-87.73444491
1,417157,-1,30,1,2,1,3,9,6,-1,0,1,3,1,1,-1,-1,0,0,1132,-1,-1,-1,-1,-1,-1,2,1,0,0,0,1,1,0,21,6,8,41.87440132,-87.72559201
1,417307,-1,30,1,2,2,0,10,2,-1,0,1,0,1,1,-1,-1,16,-1,2433,-1,-1,-1,-1,-1,-1,2,1,0,0,0,1,5,0,21,6,8,41.99095924,-87.66044275
0,417134,-1,25,2,2,2,3,12,5,-1,0,1,0,0,-1,-1,-1,22,17,1823,-1,-1,-1,-1,-1,-1,2,0,0,0,0,0,2,0,21,6,8,41.89989401,-87.63715074
0,418300,-1,30,0,0,2,3,7,6,-1,0,1,0,0,-1,0,1,0,0,1832,-1,-1,-1,-1,-1,-1,2,0,0,0,0,0,1,0,21,6,8,41.89257276,-87.63100541
0,417200,-1,30,1,2,0,3,0,5,-1,0,1,-1,0,-1,-1,-1,0,0,1733,-1,-1,-1,-1,-1,-1,2,0,0,0,0,0,4,0,21,6,8,41.93935173,-87.70784659
3,417176,-1,30,0,0,2,3,9,2,2,0,1,0,1,-1,-1,-1,17,16,1723,-1,-1,-1,-1,-1,-1,2,1,0,1,0,0,1,0,21,6,8,41.96114513,-87.72078679
0,418148,-1,30,1,-1,2,3,10,5,4,0,1,-1,0,1,-1,1,0,0,1513,-1,-1,-1,-1,-1,-1,3,0,0,0,0,0,3,0,21,6,8,41.86558181,-87.77330624
0,417214,-1,30,1,2,2,3,0,5,2,0,1,-1,0,-1,-1,-1,17,0,1412,-1,-1,-1,-1,-1,-1,2,0,0,0,0,0,5,0,21,6,8,41.93848571,-87.70778015
0,417167,-1,35,1,2,2,3,10,12,-1,2,1,0,0,-1,-1,0,18,-1,1834,-1,-1,-1,-1,-1,-1,2,0,0,0,0,0,2,0,21,6,8,41.88870305,-87.62067614
0,417164,-1,30,0,0,2,3,12,6,4,0,1,0,0,-1,-1,1,0,0,1831,-1,-1,-1,-1,-1,-1,2,0,0,0,0,0,2,0,21,6,8,41.89078197,-87.63125181
0,417161,-1,30,1,2,2,3,10,5,5,0,1,0,0,-1,-1,-1,18,16,124,-1,-1,-1,-1,-1,-1,2,0,0,0,0,0,2,0,21,6,8,41.86735248,-87.64056398
0,419246,-1,30,0,0,0,4,7,6,-1,0,0,0,0,-1,-1,1,-1,-1,813,-1,-1,-1,-1,-1,-1,2,0,0,0,0,0,1,0,21,6,8,41.77654441,-87.73993742
2,417195,-1,25,2,-1,2,3,9,6,-1,0,1,-1,1,1,-1,-1,5,5,1833,-1,-1,-1,-1,-1,-1,2,1,0,0,1,0,1,0,21,6,8,41.89825512,-87.62563157
0,417139,-1,35,0,0,2,3,10,6,4,0,1,-1,0,-1,-1,-1,11,34,121,-1,-1,-1,-1,-1,-1,2,0,0,0,0,0,2,0,21,6,8,41.87853128,-87.63942746
0,417119,-1,30,0,0,2,3,7,7,0,0,1,0,0,-1,-1,-1,0,-1,1215,-1,-1,-1,-1,-1,-1,2,0,0,0,0,0,1,0,21,6,8,41.88783295,-87.66237097
0,417108,-1,30,0,0,2,0,7,5,-1,0,1,0,0,-1,-1,1,0,-1,1823,-1,-1,-1,-1,-1,-1,2,0,0,0,0,0,1,0,20,6,8,41.89892239,-87.64288656
0,430345,-1,30,2,2,-1,0,14,5,-1,0,-1,0,0,1,-1,-1,11,-1,2522,-1,-1,-1,-1,-1,-1,2,0,0,0,0,0,2,0,20,6,8,41.91709069,-87.74015679
0,417159,-1,30,0,0,2,3,10,5,-1,0,1,0,0,-1,-1,-1,0,0,1814,-1,-1,-1,-1,-1,-1,2,0,0,0,0,0,3,0,20,6,8,41.91516536,-87.62773146
1,417121,-1,30,1,2,2,3,0,5,4,0,1,0,1,1,-1,1,0,0,1031,-1,-1,-1,-1,-1,-1,2,2,0,0,0,2,1,0,20,6,8,41.83678964,-87.72449547
2,417115,-1,30,2,2,2,0,7,5,2,0,1,-1,1,1,-1,-1,34,0,321,-1,-1,-1,-1,-1,-1,3,1,0,0,1,0,0,0,20,6,8,41.77292749,-87.61168847
0,417148,-1,30,2,2,2,3,14,5,-1,0,1,0,0,1,-1,-1,0,-1,924,-1,-1,-1,-1,-1,-1,2,0,0,0,0,0,2,0,20,6,8,41.8086918,-87.6673365
2,417129,1,30,0,0,2,3,9,5,2,0,1,0,1,1,-1,1,0,-1,1925,-1,-1,-1,-1,-1,-1,2,1,0,0,1,0,1,0,20,6,8,41.95314076,-87.64516294
0,417779,-1,30,0,0,0,3,12,2,-1,0,0,0,0,-1,-1,-1,0,0,1233,-1,-1,-1,-1,-1,-1,2,0,0,0,0,0,2,0,20,6,8,41.8659024,-87.6844144
0,417209,-1,30,0,0,2,3,10,2,2,0,1,3,0,-1,-1,-1,18,34,2534,-1,-1,-1,-1,-1,-1,2,0,0,0,0,0,2,0,20,6,8,41.90625027,-87.72655677
0,417185,-1,30,2,2,0,1,0,2,2,0,0,0,0,1,-1,-1,17,-1,831,-1,-1,-1,-1,-1,-1,2,0,0,0,0,0,2,0,20,6,8,41.76812733,-87.68939057
0,417177,-1,20,1,2,0,3,14,5,-1,0,1,0,0,1,-1,-1,34,20,815,-1,-1,-1,-1,-1,-1,2,0,0,0,0,0,2,0,20,6,8,41.81630442,-87.74323229
0,417145,1,35,1,2,2,3,12,3,-1,0,1,0,0,1,-1,-1,0,0,114,-1,-1,-1,-1,-1,-1,2,0,0,0,0,0,2,0,20,6,8,41.88317858,-87.62425042
0,417130,-1,30,2,2,2,3,0,2,-1,0,1,0,0,-1,-1,1,0,-1,1233,-1,-1,-1,-1,-1,-1,2,0,0,0,0,0,2,0,20,6,8,41.85784079,-87.6577941
0,417133,-1,30,0,0,0,1,3,7,-1,0,1,0,0,-1,-1,1,20,-1,1915,-1,-1,-1,-1,-1,-1,2,0,0,0,0,0,2,0,20,6,8,41.96071997,-87.63581881
0,417131,-1,25,0,0,2,3,7,6,-1,0,1,0,0,-1,-1,-1,23,-1,1722,-1,-1,-1,-1,-1,-1,2,0,0,0,0,0,2,0,20,6,8,41.95617047,-87.72943771
0,417109,-1,30,0,0,2,3,12,2,4,0,1,2,1,-1,-1,-1,21,-1,123,-1,-1,-1,-1,-1,-1,2,0,0,0,0,0,2,0,20,6,8,41.87524645,-87.62747345
2,417106,-1,30,1,2,2,3,10,2,2,0,1,-1,1,1,-1,-1,18,18,2424,-1,-1,-1,-1,-1,-1,3,1,0,0,1,0,2,0,20,6,8,42.00909512,-87.67413631
0,417243,1,30,2,0,2,0,0,2,-1,0,1,0,0,-1,-1,-1,17,-1,413,-1,-1,-1,-1,-1,-1,2,0,0,0,0,0,2,0,20,6,8,41.7315648,-87.58504072
0,417138,-1,30,1,5,2,3,0,2,-1,0,1,0,0,-1,-1,-1,17,0,811,-1,-1,-1,-1,-1,-1,2,0,0,0,0,0,2,0,20,6,8,41.79205648,-87.80105899
0,417122,-1,30,1,2,2,0,10,2,2,0,1,3,0,-1,-1,-1,11,11,2022,-1,-1,-1,-1,-1,-1,3,0,0,0,0,0,3,0,20,6,8,41.98531588,-87.65997443
0,417271,-1,30,0,0,2,3,0,5,2,0,1,0,0,-1,-1,-1,34,34,312,-1,-1,-1,-1,-1,-1,2,0,0,0,0,0,3,0,20,6,8,41.78021132,-87.61576829
0,417120,-1,10,0,0,2,0,3,7,2,2,0,0,0,-1,-1,-1,0,-1,1225,-1,-1,-1,-1,-1,-1,2,0,0,0,0,0,2,0,20,6,8,41.86781446,-87.68015975
0,417089,-1,30,1,2,2,0,10,5,-1,0,1,-1,0,1,-1,-1,0,0,914,-1,-1,-1,-1,-1,-1,2,0,0,0,0,0,2,0,20,6,8,41.85436566,-87.6319667
0,430261,-1,30,0,0,0,0,7,7,-1,0,0,0,0,-1,-1,-1,20,-1,1022,-1,-1,-1,-1,-1,-1,2,0,0,0,0,0,1,0,20,6,8,41.86416169,-87.70200761
0,418419,-1,30,0,0,2,4,12,5,-1,0,1,0,0,-1,-1,-1,17,-1,1212,-1,-1,-1,-1,-1,-1,2,0,0,0,0,0,2,0,20,6,8,41.90310226,-87.67597515
3,417118,-1,30,0,0,2,3,12,2,-1,0,1,0,1,-1,-1,1,0,-1,2221,-1,-1,-1,-1,-1,-1,2,1,0,1,0,0,1,0,20,6,8,41.72538682,-87.68205661
2,417090,-1,30,1,2,2,3,14,5,2,0,1,0,1,1,-1,-1,0,-1,225,-1,-1,-1,-1,-1,-1,2,2,0,0,2,0,0,0,20,6,8,41.80186816,-87.624417
2,417085,-1,35,0,0,2,0,8,3,-1,0,1,0,1,-1,-1,1,0,19,324,-1,-1,-1,-1,-1,-1,2,1,0,0,1,0,1,0,20,6,8,41.7641858,-87.58642639