MOST_SEVERE_INJURY,RD_NO,CRASH_DATE_EST_I,POSTED_SPEED_LIMIT,TRAFFIC_CONTROL_DEVICE,DEVICE_CONDITION,WEATHER_CONDITION,LIGHTING_CONDITION,FIRST_CRASH_TYPE,TRAFFICWAY_TYPE,LANE_CNT,ALIGNMENT,ROADWAY_SURFACE_COND,ROAD_DEFECT,CRASH_TYPE,INTERSECTION_RELATED_I,NOT_RIGHT_OF_WAY_I,HIT_AND_RUN_I,PRIM_CONTRIBUTORY_CAUSE,SEC_CONTRIBUTORY_CAUSE,BEAT_OF_OCCURRENCE,PHOTOS_TAKEN_I,STATEMENTS_TAKEN_I,DOORING_I,WORK_ZONE_I,WORK_ZONE_TYPE,WORKERS_PRESENT_I,NUM_UNITS,INJURIES_TOTAL,INJURIES_FATAL,INJURIES_INCAPACITATING,INJURIES_NON_INCAPACITATING,INJURIES_REPORTED_NOT_EVIDENT,INJURIES_NO_INDICATION,INJURIES_UNKNOWN,CRASH_HOUR,CRASH_DAY_OF_WEEK,CRASH_MONTH,LATITUDE,LONGITUDE
0,417245,-1,30,0,0,2,3,2,5,2,0,1,0,0,-1,-1,-1,0,0,211,-1,-1,-1,-1,-1,-1,1,0,0,0,0,0,2,0,20,6,8,41.83826469,-87.62114414
0,448500,-1,20,0,0,0,3,2,0,1,0,0,0,0,-1,-1,-1,-1,-1,821,-1,-1,-1,-1,-1,-1,2,0,0,0,0,0,1,0,20,6,8,41.81222645,-87.71240189
0,417945,-1,30,0,0,0,0,7,5,2,0,0,0,0,-1,-1,-1,0,0,1822,-1,-1,-1,-1,-1,-1,2,0,0,0,0,0,2,0,20,6,8,41.89874907,-87.64317253
0,417082,-1,30,0,0,2,0,10,5,-1,0,1,0,0,-1,-1,-1,0,0,632,-1,-1,-1,-1,-1,-1,2,0,0,0,0,0,2,0,20,6,8,41.73645505,-87.61467291
0,417073,-1,30,0,0,2,4,10,5,4,0,1,0,0,-1,0,-1,18,0,532,-1,-1,-1,-1,-1,-1,2,0,0,0,0,0,2,0,19,6,8,41.68238645,-87.62079954
0,417065,-1,30,0,0,0,0,10,6,1,0,0,0,0,-1,-1,-1,18,0,1132,-1,-1,-1,-1,-1,-1,3,0,0,0,0,0,2,0,19,6,8,41.87599458,-87.73137397
0,417043,-1,30,1,2,1,4,7,5,2,0,0,0,0,-1,-1,-1,20,-1,2533,-1,-1,-1,-1,-1,-1,2,0,0,0,0,0,2,0,19,6,8,41.9076908,-87.74617733
0,433464,1,20,0,0,0,0,7,6,1,0,0,0,0,-1,-1,-1,0,0,1812,-1,-1,-1,-1,-1,-1,2,0,0,0,0,0,1,0,19,6,8,41.92100474,-87.6401893
0,417057,-1,0,1,2,0,4,10,5,1,0,0,0,0,-1,-1,-1,0,0,235,-1,-1,-1,-1,-1,-1,2,0,0,0,0,0,2,0,19,6,8,41.79163954,-87.58685775
2,417021,-1,30,1,2,0,4,0,5,-1,0,0,-1,1,1,-1,-1,6,11,1124,-1,-1,-1,-1,-1,-1,2,4,0,0,4,0,1,0,19,6,8,41.87608974,-87.69621712
0,418223,-1,30,0,0,0,4,10,5,-1,0,0,0,0,-1,-1,-1,-1,-1,833,-1,-1,-1,-1,-1,-1,2,0,0,0,0,0,2,0,19,6,8,41.7710448,-87.74190563
2,417029,-1,30,1,2,0,1,10,5,-1,0,0,0,1,-1,-1,-1,16,0,1223,-1,-1,-1,-1,-1,-1,2,1,0,0,1,0,1,0,19,6,8,41.88111828,-87.68628334
0,417188,-1,30,0,0,0,1,0,0,2,0,0,0,0,-1,-1,-1,17,17,2521,-1,-1,-1,-1,-1,-1,2,0,0,0,0,0,3,0,18,6,8,41.92511434,-87.74866264
0,417017,1,30,1,2,0,3,10,5,2,0,0,0,0,-1,-1,-1,0,0,2532,-1,-1,-1,-1,-1,-1,2,0,0,0,0,0,4,0,18,6,8,41.90613214,-87.75601308
0,417006,-1,30,1,2,0,4,12,6,3,2,0,0,0,-1,-1,-1,0,-1,1831,-1,-1,-1,-1,-1,-1,2,0,0,0,0,0,5,0,18,6,8,41.88914494,-87.62943658
0,416991,-1,30,2,2,0,1,14,12,4,0,0,0,1,1,-1,-1,17,-1,1431,-1,-1,-1,-1,-1,-1,2,0,0,0,0,0,2,0,18,6,8,41.92494135,-87.69500315
0,417013,-1,25,2,2,0,1,3,5,2,0,0,0,1,1,-1,-1,17,5,912,-1,-1,-1,-1,-1,-1,2,0,0,0,0,0,3,0,18,6,8,41.83240091,-87.66936099
0,433658,-1,25,2,2,0,4,14,5,2,0,0,0,0,1,-1,1,15,17,912,-1,-1,-1,-1,-1,-1,2,0,0,0,0,0,2,0,18,6,8,41.83239979,-87.66943957
0,416981,-1,30,2,2,0,1,0,5,-1,0,0,0,1,1,-1,-1,17,-1,1434,-1,-1,-1,-1,-1,-1,2,0,0,0,0,0,3,0,18,6,8,41.91750316,-87.68505348
0,417042,-1,30,0,0,0,1,12,5,4,0,0,0,0,-1,-1,1,25,0,1132,-1,-1,-1,-1,-1,-1,2,0,0,0,0,0,2,0,18,6,8,41.87454392,-87.7253033
0,417003,-1,30,0,2,0,1,7,12,-1,0,0,0,0,-1,0,-1,25,22,723,-1,-1,-1,-1,-1,-1,2,0,0,0,0,0,3,0,18,6,8,41.77252037,-87.64445166
0,416972,-1,30,0,0,0,1,10,2,-1,0,0,-1,0,-1,-1,-1,18,0,1921,-1,-1,-1,-1,-1,-1,2,0,0,0,0,0,3,0,18,6,8,41.95189494,-87.68855377
1,416951,-1,30,1,2,0,1,14,5,6,0,0,0,1,1,-1,-1,17,22,1925,-1,-1,-1,-1,-1,-1,2,1,0,0,0,1,1,0,18,6,8,41.94024119,-87.63963911
0,416930,-1,30,0,0,0,1,2,2,4,0,0,0,1,-1,-1,1,0,0,1622,-1,-1,-1,-1,-1,-1,1,0,0,0,0,0,1,0,18,6,8,41.97803652,-87.77007855
0,416929,-1,30,2,2,0,1,0,5,2,0,0,0,0,1,-1,-1,5,-1,633,-1,-1,-1,-1,-1,-1,2,0,0,0,0,0,6,0,18,6,8,41.7309875,-87.60972878
0,416945,-1,30,1,0,0,1,3,2,-1,0,0,0,0,-1,-1,-1,17,0,1934,-1,-1,-1,-1,-1,-1,2,0,0,0,0,0,2,0,18,6,8,41.93976585,-87.63778402
3,416922,-1,30,1,2,0,1,14,5,2,0,0,0,1,1,-1,-1,0,0,932,-1,-1,-1,-1,-1,-1,2,1,0,1,0,0,2,0,18,6,8,41.79402546,-87.67436351
0,417128,-1,30,0,0,0,1,7,2,2,0,0,0,0,-1,-1,1,-1,-1,2521,-1,-1,-1,-1,-1,-1,2,0,0,0,0,0,1,0,18,6,8,41.93510079,-87.75641155
0,416993,-1,30,2,2,0,1,14,5,-1,0,0,0,0,1,-1,-1,16,0,532,-1,-1,-1,-1,-1,-1,2,0,0,0,0,0,4,0,18,6,8,41.67618407,-87.62060308
0,416979,-1,30,0,0,0,1,10,7,-1,0,0,0,0,-1,1,0,-1,-1,815,-1,-1,-1,-1,-1,-1,2,0,0,0,0,0,3,0,18,6,8,41.81731624,-87.72405929
0,416977,-1,30,0,0,0,1,12,2,4,0,0,0,0,-1,-1,-1,22,0,2232,-1,-1,-1,-1,-1,-1,2,0,0,0,0,0,3,0,18,6,8,41.70723195,-87.64299034
0,416908,-1,35,0,0,0,1,11,7,2,0,0,0,0,-1,-1,-1,0,0,1034,-1,-1,-1,-1,-1,-1,2,0,0,0,0,0,2,0,18,6,8,41.84649544,-87.68563425
0,416902,-1,30,0,0,0,1,8,5,2,0,0,0,0,-1,-1,-1,-1,-1,1823,-1,-1,1,-1,-1,-1,2,0,0,0,0,0,4,0,18,6,8,41.90372147,-87.63599457
0,423428,-1,30,-1,-1,-1,-1,10,5,-1,0,-1,-1,0,-1,-1,-1,0,-1,1213,-1,-1,-1,-1,-1,-1,2,0,0,0,0,0,2,0,17,6,8,41.89974012,-87.66104748
0,416894,-1,25,2,2,0,1,0,5,-1,0,0,0,1,1,-1,-1,5,0,925,-1,-1,-1,-1,-1,-1,2,0,0,0,0,0,2,0,17,6,8,41.81903694,-87.64079386
2,416891,-1,30,0,0,0,1,8,5,-1,0,0,0,1,-1,-1,-1,16,-1,1223,-1,-1,-1,-1,-1,-1,2,1,0,0,1,0,1,0,17,6,8,41.88197794,-87.68139104
0,416970,-1,35,-1,-1,0,4,2,5,2,0,0,0,1,-1,-1,-1,0,0,2514,-1,-1,-1,-1,-1,-1,1,0,0,0,0,0,1,0,17,6,8,41.9337975,-87.75665598
0,416946,-1,35,0,0,0,1,10,2,2,0,0,0,0,-1,-1,-1,0,0,1031,-1,-1,-1,-1,-1,-1,2,0,0,0,0,0,2,0,17,6,8,41.83327019,-87.72441865
0,416940,-1,30,0,0,0,1,7,5,-1,0,0,0,0,-1,-1,-1,22,-1,131,-1,-1,-1,-1,-1,-1,2,0,0,0,0,0,2,0,17,6,8,41.85293218,-87.62396062
0,416928,-1,30,0,0,0,1,7,6,1,0,0,0,0,-1,-1,1,25,0,1731,-1,-1,-1,-1,-1,-1,2,0,0,0,0,0,4,0,17,6,8,41.94507421,-87.73489771
0,416917,-1,30,0,0,1,1,12,5,-1,0,0,0,0,-1,-1,-1,0,0,2211,-1,-1,-1,-1,-1,-1,2,0,0,0,0,0,2,0,17,6,8,41.68716117,-87.73943251
0,417078,-1,20,1,2,0,1,10,5,-1,0,0,0,0,1,-1,-1,6,-1,1821,-1,-1,-1,-1,-1,-1,3,0,0,0,0,0,3,0,17,6,8,41.90399233,-87.6315949
0,416969,-1,30,2,2,0,1,10,2,2,0,0,0,0,-1,-1,-1,30,18,2213,-1,-1,-1,-1,-1,-1,3,0,0,0,0,0,4,0,17,6,8,41.71414656,-87.65716544
0,416906,-1,30,0,0,0,1,10,5,2,0,0,0,1,-1,-1,1,0,0,1612,-1,-1,-1,-1,-1,-1,3,0,0,0,0,0,3,0,17,6,8,41.99713017,-87.81499304
0,416846,-1,30,2,2,0,1,0,5,2,0,0,0,0,1,-1,-1,17,17,821,-1,-1,-1,-1,-1,-1,2,0,0,0,0,0,4,0,17,6,8,41.80807305,-87.71629641
0,416886,-1,30,1,-1,0,1,12,2,3,0,0,-1,0,-1,-1,-1,0,0,111,-1,0,-1,-1,-1,-1,2,0,0,0,0,0,2,0,17,6,8,41.88784576,-87.62474279
0,416893,-1,30,0,0,0,1,12,5,-1,0,0,0,0,-1,-1,1,0,0,2524,-1,-1,-1,-1,-1,-1,2,0,0,0,0,0,2,0,17,6,8,41.92456703,-87.72928467
0,421369,-1,30,0,0,0,1,10,5,-1,0,0,0,0,-1,-1,-1,-1,-1,1624,-1,-1,-1,-1,-1,-1,2,0,0,0,0,0,2,0,17,6,8,41.95711413,-87.74756356
0,417009,-1,30,1,-1,0,1,10,2,4,0,0,0,0,-1,-1,1,18,25,622,-1,-1,-1,-1,-1,-1,2,0,0,0,0,0,3,0,17,6,8,41.73637604,-87.62562131
0,416871,-1,30,0,0,0,1,12,5,2,0,-1,-1,0,-1,-1,1,0,0,2022,-1,-1,-1,-1,-1,-1,2,0,0,0,0,0,3,0,17,6,8,41.9871516,-87.65544299
0,416845,-1,15,0,0,0,1,5,0,1,0,0,4,0,-1,-1,-1,0,-1,323,-1,-1,-1,-1,-1,-1,1,0,0,0,0,0,4,0,17,6,8,41.76539584,-87.62314775
0,416860,-1,30,1,2,0,1,12,5,6,0,0,0,0,-1,-1,-1,17,0,813,-1,-1,-1,-1,-1,-1,2,0,0,0,0,0,2,0,17,6,8,41.78245359,-87.74256319
0,416836,-1,30,0,0,0,1,12,5,2,0,0,-1,0,-1,-1,-1,21,0,1621,-1,-1,-1,-1,-1,-1,2,0,0,0,0,0,5,0,17,6,8,42.00176155,-87.76239676
0,416830,1,30,1,2,0,1,10,5,-1,0,0,0,0,-1,-1,-1,0,-1,233,-1,-1,-1,-1,-1,-1,2,0,0,0,0,0,3,0,17,6,8,41.80225348,-87.59694481
0,416815,-1,30,0,0,0,1,14,2,2,0,0,0,0,-1,-1,-1,23,-1,1512,-1,-1,-1,-1,-1,-1,2,0,0,0,0,0,2,0,17,6,8,41.88724845,-87.7720942
0,416811,-1,35,1,2,0,1,10,2,-1,0,0,0,1,-1,-1,-1,16,-1,2211,-1,-1,-1,-1,-1,-1,2,0,0,0,0,0,2,0,17,6,8,41.69049386,-87.7395766
0,416867,-1,30,0,0,0,1,14,5,-1,0,0,0,1,1,-1,-1,17,-1,822,-1,-1,-1,-1,-1,-1,2,0,0,0,0,0,3,0,17,6,8,41.79529335,-87.70375827
2,416828,-1,30,2,2,0,1,8,3,0,0,0,0,1,1,-1,1,0,-1,1214,-1,-1,-1,-1,-1,-1,2,1,0,0,1,0,1,0,17,6,8,41.89503317,-87.65342332
0,425830,-1,30,0,0,0,1,10,5,-1,0,0,0,0,-1,-1,-1,27,-1,833,-1,-1,-1,-1,-1,-1,2,0,0,0,0,0,2,0,17,6,8,41.77136887,-87.73239049
0,422338,-1,15,0,0,-1,-1,14,7,-1,0,-1,0,0,-1,0,-1,17,-1,114,-1,-1,-1,-1,-1,-1,2,0,0,0,0,0,2,0,17,6,8,41.88637314,-87.62054303
0,421672,-1,30,-1,-1,-1,-1,0,5,-1,0,-1,-1,0,-1,-1,-1,0,-1,1912,-1,-1,-1,-1,-1,-1,2,0,0,0,0,0,2,0,17,6,8,41.96152548,-87.6659003
0,416838,-1,30,0,0,0,1,7,7,-1,0,0,0,0,-1,-1,-1,0,0,324,-1,-1,-1,-1,-1,-1,2,0,0,0,0,0,1,0,16,6,8,41.76592819,-87.58647008
0,416805,-1,30,0,0,0,1,11,6,1,0,-1,-1,0,-1,-1,-1,-1,-1,2515,-1,-1,-1,-1,-1,-1,2,0,0,0,0,0,3,0,16,6,8,41.9195763,-87.77055042
0,416798,-1,15,0,0,0,1,14,5,-1,0,0,0,1,1,-1,-1,17,-1,1623,-1,-1,-1,-1,-1,-1,3,0,0,0,0,0,3,0,16,6,8,41.96208738,-87.75758224
0,416841,-1,35,1,2,0,1,10,6,2,0,0,0,0,1,-1,-1,16,25,322,1,-1,-1,-1,-1,-1,2,0,0,0,0,0,4,0,16,6,8,41.77252996,-87.62497623
0,416770,-1,30,0,0,0,1,2,-1,1,0,0,0,0,-1,-1,-1,-1,-1,1922,-1,-1,-1,-1,-1,-1,2,0,0,0,0,0,2,0,16,6,8,41.94707937,-87.6690073
0,416837,-1,30,0,0,0,1,12,5,-1,0,0,0,0,-1,-1,-1,11,-1,1935,-1,-1,-1,-1,-1,-1,2,0,0,0,0,0,3,0,16,6,8,41.9256953,-87.64041418
0,416777,-1,30,0,0,0,1,12,5,-1,0,0,0,0,-1,-1,1,22,16,2515,-1,-1,-1,-1,-1,-1,2,0,0,0,0,0,3,0,16,6,8,41.92337842,-87.76611561
0,416754,-1,30,0,0,0,1,10,5,2,0,0,0,1,-1,-1,-1,0,-1,333,-1,-1,-1,-1,-1,-1,2,0,0,0,0,0,3,0,16,6,8,41.76428768,-87.57611349
0,416806,-1,25,0,0,0,1,10,2,2,0,0,0,0,-1,-1,-1,16,11,1022,-1,-1,-1,-1,-1,-1,2,0,0,0,0,0,2,0,16,6,8,41.85933485,-87.701591
0,416757,-1,35,0,0,0,1,2,5,2,0,0,0,0,-1,-1,1,0,0,213,-1,-1,-1,-1,-1,-1,2,0,0,0,0,0,2,0,16,6,8,41.83091728,-87.62488814
0,416771,-1,30,3,2,0,1,12,2,4,0,-1,-1,0,-1,-1,-1,0,0,2212,-1,-1,-1,1,-1,-1,2,0,0,0,0,0,5,0,16,6,8,41.69191357,-87.67001845
0,416731,-1,30,0,0,0,1,10,2,2,0,0,0,0,-1,-1,-1,32,32,1623,-1,-1,-1,-1,-1,-1,2,0,0,0,0,0,5,0,16,6,8,41.97095431,-87.7674359
0,416783,-1,30,0,0,0,1,12,2,-1,0,0,0,0,-1,-1,-1,21,-1,834,-1,-1,-1,-1,-1,-1,2,0,0,0,0,0,2,0,16,6,8,41.73573683,-87.74079376
0,416756,-1,30,0,0,0,1,10,2,2,0,0,0,0,-1,-1,1,16,-1,2221,-1,-1,-1,-1,-1,-1,2,0,0,0,0,0,2,0,16,6,8,41.72908229,-87.66272107
0,416726,-1,25,0,0,0,1,14,5,4,0,0,0,1,-1,-1,-1,17,-1,1235,-1,-1,-1,-1,-1,-1,2,0,0,0,0,0,4,0,16,6,8,41.85260263,-87.65632719
0,416897,-1,30,0,0,0,1,7,7,-1,0,0,0,0,-1,-1,1,0,-1,531,-1,-1,-1,-1,-1,-1,2,0,0,0,0,0,1,0,16,6,8,41.69247632,-87.62284192
2,416745,1,0,1,2,0,1,8,5,4,0,0,0,1,1,-1,1,0,-1,1935,-1,-1,1,-1,-1,-1,2,1,0,0,1,0,1,0,16,6,8,41.92744441,-87.65134313
0,416856,-1,30,2,12,0,1,0,5,2,0,0,0,0,1,-1,-1,17,-1,1113,-1,-1,-1,-1,-1,-1,2,0,0,0,0,0,2,0,16,6,8,41.88195489,-87.74299758
0,416769,-1,30,1,2,0,1,10,2,4,0,0,0,0,-1,-1,1,32,18,1633,-1,-1,-1,-1,-1,-1,3,0,0,0,0,0,6,0,16,6,8,41.94583393,-87.76660742
0,416733,1,30,0,0,0,1,10,6,-1,0,0,0,0,-1,-1,-1,18,-1,2424,-1,-1,-1,-1,-1,-1,2,0,0,0,0,0,2,0,16,6,8,42.01495304,-87.68033863
0,416727,-1,30,0,-1,0,1,12,5,-1,0,0,-1,0,-1,-1,1,0,-1,1234,-1,-1,-1,-1,-1,-1,3,0,0,0,0,0,3,0,16,6,8,41.85726274,-87.68564457
0,416724,-1,30,1,2,0,1,2,2,2,0,0,12,0,-1,-1,-1,8,-1,522,-1,-1,-1,-1,-1,-1,1,0,0,0,0,0,1,0,16,6,8,41.68538854,-87.6275462
0,416863,-1,30,-1,-1,-1,-1,0,5,2,0,-1,-1,0,1,-1,-1,0,0,2212,-1,-1,-1,-1,-1,-1,2,0,0,0,0,0,3,0,16,6,8,41.69165856,-87.68471463
0,416729,-1,30,0,0,0,1,14,5,-1,0,0,0,0,1,-1,-1,17,16,921,-1,-1,-1,-1,-1,-1,2,0,0,0,0,0,2,0,16,6,8,41.81601487,-87.70133967
0,416822,-1,30,0,0,0,1,3,5,-1,0,0,0,0,-1,-1,-1,0,0,621,-1,-1,-1,-1,-1,-1,2,0,0,0,0,0,2,0,16,6,8,41.75599579,-87.64432824
0,416735,-1,0,1,2,0,1,12,2,2,0,0,0,0,-1,-1,-1,22,17,1911,-1,-1,-1,-1,-1,-1,2,0,0,0,0,0,2,0,16,6,8,41.96849746,-87.689671
0,416734,-1,30,0,0,0,1,12,5,4,0,0,0,0,-1,-1,-1,0,0,1233,-1,-1,-1,-1,-1,-1,2,0,0,0,0,0,2,0,16,6,8,41.8651805,-87.68529797
0,416648,-1,30,0,0,0,1,10,5,2,0,0,0,0,-1,-1,-1,18,18,1214,-1,-1,-1,-1,-1,-1,2,0,0,0,0,0,2,0,15,6,8,41.8882751,-87.64740871
0,416713,-1,0,0,0,0,1,10,3,2,0,0,0,0,-1,-1,1,18,7,622,-1,-1,-1,-1,-1,-1,4,0,0,0,0,0,5,0,15,6,8,41.74338594,-87.63641614
0,416689,-1,25,2,2,0,1,0,5,4,0,0,0,1,1,-1,-1,17,17,1233,-1,-1,-1,-1,-1,-1,2,0,0,0,0,0,5,0,15,6,8,41.86131379,-87.66877802
0,416784,-1,30,0,0,0,1,12,5,-1,0,0,-1,0,-1,-1,-1,22,-1,122,-1,-1,-1,-1,-1,-1,2,0,0,0,0,0,2,0,15,6,8,41.88261623,-87.63370244
0,416744,-1,30,1,2,0,1,10,5,3,0,0,0,0,1,-1,-1,0,0,1831,-1,-1,-1,-1,-1,-1,2,0,0,0,0,0,2,0,15,6,8,41.88919802,-87.6341573
0,416663,-1,30,0,0,0,1,12,5,-1,0,-1,-1,0,-1,-1,-1,22,22,1622,-1,-1,-1,-1,-1,-1,2,0,0,0,0,0,3,0,15,6,8,41.97577104,-87.78184191
0,416736,-1,25,0,0,0,1,12,5,-1,0,0,0,0,-1,-1,-1,0,0,1911,-1,-1,-1,-1,-1,-1,2,0,0,0,0,0,2,0,15,6,8,41.96119863,-87.68913673
0,422348,-1,30,1,2,0,1,10,5,2,0,0,0,0,-1,-1,-1,0,0,323,-1,-1,-1,-1,-1,-1,2,0,0,0,0,0,2,0,15,6,8,41.76213628,-87.60563349
0,421729,-1,30,1,2,-1,1,10,6,-1,0,-1,-1,0,-1,-1,-1,0,0,2422,-1,-1,-1,-1,-1,-1,2,0,0,0,0,0,2,0,15,6,8,42.01808399,-87.66654319
0,418230,-1,30,0,0,0,1,12,2,-1,0,0,0,0,1,-1,-1,0,-1,411,-1,-1,-1,-1,-1,-1,2,0,0,0,0,0,2,0,15,6,8,41.7567361,-87.59307096
0,416960,-1,30,0,0,0,1,12,2,4,0,0,0,0,-1,-1,-1,21,-1,815,-1,-1,-1,-1,-1,-1,2,0,0,0,0,0,2,0,15,6,8,41.79495745,-87.72335657
-1,416711,-1,35,2,2,0,1,0,5,-1,0,0,0,0,-1,-1,-1,0,-1,1612,-1,-1,-1,-1,-1,-1,-1,-1,-1,-1,-1,-1,-1,-1,15,6,8,41.99707877,-87.8105208
0,416695,-1,30,1,-1,0,1,12,5,-1,0,0,-1,0,-1,-1,-1,0,11,1224,-1,-1,-1,-1,-1,-1,2,0,0,0,0,0,2,0,15,6,8,41.88364395,-87.64726738
0,416690,-1,30,1,2,0,1,10,12,-1,0,0,0,0,1,-1,-1,18,7,512,-1,-1,-1,-1,-1,-1,2,0,0,0,0,0,2,0,15,6,8,41.70740512,-87.60667222
0,416656,-1,30,0,0,0,1,14,5,-1,0,-1,-1,0,-1,-1,-1,17,-1,915,-1,-1,-1,-1,-1,-1,2,0,0,0,0,0,2,0,15,6,8,41.83798729,-87.64206707
0,416643,-1,30,0,0,0,1,10,5,2,0,0,0,0,-1,-1,-1,0,0,623,-1,-1,-1,-1,-1,-1,2,0,0,0,0,0,2,0,15,6,8,41.75621188,-87.63213054
0,416647,-1,30,0,0,0,1,10,2,4,0,0,0,0,-1,-1,-1,18,-1,824,-1,-1,-1,-1,-1,-1,2,0,0,0,0,0,2,0,15,6,8,41.79093407,-87.70333624
0,416645,-1,30,2,2,0,1,0,2,-1,0,0,0,0,-1,-1,1,22,-1,812,-1,-1,-1,-1,-1,-1,2,0,0,0,0,0,2,0,15,6,8,41.77751762,-87.79609675
0,416632,-1,30,1,2,0,1,10,5,4,0,0,0,0,1,-1,-1,16,0,1031,-1,-1,-1,-1,-1,-1,2,0,0,0,0,0,2,0,15,6,8,41.83125384,-87.72437683
0,416666,-1,30,0,0,0,1,7,5,2,0,0,0,0,-1,-1,-1,0,-1,1634,-1,-1,-1,-1,-1,-1,2,0,0,0,0,0,1,0,15,6,8,41.94622027,-87.74802217
0,416627,-1,30,0,-1,0,1,14,5,2,0,0,-1,0,-1,-1,-1,22,-1,1121,-1,-1,-1,-1,-1,-1,2,0,0,0,0,0,2,0,15,6,8,41.89561531,-87.70670533
0,416625,-1,30,0,0,0,1,7,7,2,0,0,0,0,-1,1,-1,0,0,911,-1,-1,-1,-1,-1,-1,2,0,0,0,0,0,1,0,15,6,8,41.83025703,-87.6946531
0,416708,-1,30,0,0,0,1,7,5,-1,0,0,0,0,-1,-1,-1,23,16,2512,-1,-1,-1,-1,-1,-1,2,0,0,0,0,0,1,0,15,6,8,41.91908563,-87.78760566
0,416633,-1,30,1,2,0,1,10,2,-1,0,0,0,1,-1,-1,-1,16,18,523,-1,-1,-1,-1,-1,-1,3,0,0,0,0,0,5,0,15,6,8,41.66387239,-87.62537411
0,417048,-1,30,0,0,0,2,2,5,2,0,0,0,0,-1,-1,-1,0,0,1935,-1,-1,-1,-1,-1,-1,1,0,0,0,0,0,1,0,15,6,8,41.92624085,-87.64966265
0,416740,-1,30,1,2,0,1,10,2,-1,0,0,0,0,-1,-1,-1,20,18,911,-1,-1,-1,-1,-1,-1,2,0,0,0,0,0,2,0,15,6,8,41.82604002,-87.6849674
0,422154,-1,30,0,-1,-1,-1,0,7,-1,0,-1,-1,0,-1,-1,-1,20,-1,212,-1,-1,-1,-1,-1,-1,2,0,0,0,0,0,2,0,15,6,8,41.82398325,-87.61685389
0,419335,1,30,0,12,0,1,7,5,2,0,0,0,0,-1,-1,1,20,0,533,-1,-1,-1,-1,-1,-1,2,0,0,0,0,0,1,0,15,6,8,41.65743244,-87.60649623
0,418159,-1,30,2,2,0,1,2,6,-1,0,0,12,0,-1,-1,-1,28,-1,1922,-1,-1,-1,-1,-1,-1,1,0,0,0,0,0,2,0,15,6,8,41.94497622,-87.67406879
0,416813,1,30,0,0,0,1,0,7,-1,0,0,0,0,-1,-1,-1,17,-1,2033,-1,-1,-1,-1,-1,-1,2,0,0,0,0,0,2,0,15,6,8,41.97117118,-87.65958098
0,416688,-1,30,0,0,0,1,7,5,2,0,0,0,0,-1,-1,1,0,0,1933,-1,-1,-1,-1,-1,-1,2,0,0,0,0,0,1,0,15,6,8,41.93803316,-87.65091835
0,416687,-1,30,2,2,0,1,0,6,-1,0,0,0,0,-1,-1,1,5,16,1831,-1,-1,-1,-1,-1,-1,2,0,0,0,0,0,2,0,15,6,8,41.89488058,-87.63573664
0,416603,-1,30,1,2,0,1,14,3,2,0,0,0,1,-1,-1,-1,-1,-1,433,-1,-1,-1,-1,-1,-1,2,0,0,0,0,0,3,0,14,6,8,41.69196514,-87.53850806
0,416613,-1,30,1,2,0,1,10,5,4,0,-1,-1,0,-1,-1,-1,20,20,2521,-1,-1,-1,-1,-1,-1,2,0,0,0,0,0,2,0,14,6,8,41.92952004,-87.74665823
0,416680,-1,35,1,2,0,1,10,2,4,0,0,0,0,-1,-1,1,18,0,2534,-1,-1,-1,-1,-1,-1,2,0,0,0,0,0,2,0,14,6,8,41.90977329,-87.72658961
0,418960,-1,30,2,2,0,1,12,2,-1,0,0,0,0,-1,-1,1,0,0,2531,-1,-1,-1,-1,-1,-1,2,0,0,0,0,0,2,0,14,6,8,41.90765438,-87.76599796
0,416998,-1,30,0,0,0,1,7,5,-1,0,0,0,0,-1,-1,1,0,-1,1611,-1,-1,-1,-1,-1,-1,2,0,0,0,0,0,1,0,14,6,8,41.99987264,-87.79100776
0,416739,-1,30,1,2,0,1,8,12,-1,0,0,0,0,-1,-1,-1,20,-1,1235,-1,-1,-1,-1,-1,-1,2,0,0,0,0,0,2,0,14,6,8,41.8578535,-87.65584444
0,416571,-1,30,1,2,0,1,10,2,4,0,0,0,0,1,-1,-1,18,6,813,-1,-1,-1,-1,-1,-1,2,0,0,0,0,0,2,0,14,6,8,41.78932932,-87.74164564
0,416556,-1,30,1,2,0,1,10,2,-1,0,0,0,0,1,-1,-1,18,-1,2011,-1,-1,-1,-1,-1,-1,2,0,0,0,0,0,2,0,14,6,8,41.97597808,-87.69205929
0,416872,-1,30,2,2,0,1,10,5,4,0,0,0,0,1,-1,-1,0,0,1824,-1,-1,-1,-1,-1,-1,3,0,0,0,0,0,4,0,14,6,8,41.90071059,-87.63269402
2,416605,-1,30,2,2,0,1,0,5,2,0,0,0,1,1,-1,-1,17,-1,632,-1,-1,-1,-1,-1,-1,2,2,0,0,1,1,0,0,14,6,8,41.73842447,-87.61443195
1,425003,-1,30,1,2,0,1,10,2,4,0,0,0,1,1,-1,-1,0,-1,1134,-1,-1,-1,-1,-1,-1,2,2,0,0,0,2,1,0,14,6,8,41.8665162,-87.70561177
0,416534,-1,30,2,2,0,1,0,2,-1,0,0,0,1,1,-1,-1,5,7,925,-1,-1,-1,-1,-1,-1,2,0,0,0,0,0,3,0,14,6,8,41.81060139,-87.64431244