MOST_SEVERE_INJURY,RD_NO,CRASH_DATE_EST_I,POSTED_SPEED_LIMIT,TRAFFIC_CONTROL_DEVICE,DEVICE_CONDITION,WEATHER_CONDITION,LIGHTING_CONDITION,FIRST_CRASH_TYPE,TRAFFICWAY_TYPE,LANE_CNT,ALIGNMENT,ROADWAY_SURFACE_COND,ROAD_DEFECT,CRASH_TYPE,INTERSECTION_RELATED_I,NOT_RIGHT_OF_WAY_I,HIT_AND_RUN_I,PRIM_CONTRIBUTORY_CAUSE,SEC_CONTRIBUTORY_CAUSE,BEAT_OF_OCCURRENCE,PHOTOS_TAKEN_I,STATEMENTS_TAKEN_I,DOORING_I,WORK_ZONE_I,WORK_ZONE_TYPE,WORKERS_PRESENT_I,NUM_UNITS,INJURIES_TOTAL,INJURIES_FATAL,INJURIES_INCAPACITATING,INJURIES_NON_INCAPACITATING,INJURIES_REPORTED_NOT_EVIDENT,INJURIES_NO_INDICATION,INJURIES_UNKNOWN,CRASH_HOUR,CRASH_DAY_OF_WEEK,CRASH_MONTH,LATITUDE,LONGITUDE
0,416800,-1,30,0,0,0,1,5,5,2,0,0,0,0,-1,-1,-1,0,-1,1433,-1,-1,-1,-1,-1,-1,1,0,0,0,0,0,1,0,14,6,8,41.90581086,-87.66608803
0,416554,-1,30,0,0,0,1,0,12,-1,0,0,-1,0,-1,-1,-1,17,0,614,-1,-1,-1,-1,-1,-1,2,0,0,0,0,0,2,0,14,6,8,41.74298409,-87.66339656
0,416544,-1,30,0,0,0,1,12,6,1,0,-1,-1,0,-1,-1,-1,0,0,2011,-1,-1,-1,-1,-1,-1,2,0,0,0,0,0,2,0,14,6,8,41.98537421,-87.69787005
0,416604,-1,30,1,2,0,1,12,2,4,0,0,0,1,-1,-1,-1,17,-1,1433,-1,-1,-1,-1,-1,-1,3,0,0,0,0,0,2,0,14,6,8,41.91282413,-87.66789896
0,416565,-1,30,1,2,0,1,12,6,-1,0,0,0,0,-1,-1,-1,0,11,1831,-1,-1,-1,-1,-1,-1,2,0,0,0,0,0,2,0,14,6,8,41.88968296,-87.63712096
0,416537,-1,10,0,0,0,1,7,7,-1,0,0,0,0,-1,1,-1,16,-1,1632,-1,-1,-1,-1,-1,-1,2,0,0,0,0,0,1,0,14,6,8,41.93808983,-87.80660281
0,417996,-1,30,0,-1,0,1,14,2,2,0,0,-1,0,-1,-1,-1,17,0,2511,-1,-1,-1,-1,-1,-1,2,0,0,0,0,0,2,0,14,6,8,41.9380119,-87.79819202
0,416567,-1,30,0,0,0,1,10,2,-1,0,0,-1,0,-1,-1,-1,18,0,1913,-1,-1,-1,-1,-1,-1,2,0,0,0,0,0,2,0,14,6,8,41.96889702,-87.66088644
0,416514,-1,30,0,0,0,1,10,5,4,0,0,0,1,-1,-1,-1,0,0,1231,-1,1,-1,-1,-1,-1,2,0,0,0,0,0,2,0,13,6,8,41.87429616,-87.66761281
0,418311,-1,30,0,0,0,1,10,5,-1,0,0,0,0,-1,-1,-1,18,-1,1611,-1,-1,-1,-1,-1,-1,2,0,0,0,0,0,3,0,13,6,8,42.01182025,-87.80693566
0,416634,-1,30,2,2,0,1,0,5,2,0,-1,-1,0,-1,-1,-1,5,-1,1214,-1,-1,-1,-1,-1,-1,2,0,0,0,0,0,5,0,13,6,8,41.89014736,-87.65232544
0,416657,-1,30,0,0,0,1,14,5,2,0,0,0,0,-1,-1,-1,17,0,1432,-1,-1,-1,-1,-1,-1,2,0,0,0,0,0,2,0,13,6,8,41.9257764,-87.67873577
0,446557,1,15,0,0,0,1,0,7,-1,0,0,0,0,-1,1,-1,20,-1,513,-1,-1,-1,-1,-1,-1,2,0,0,0,0,0,3,0,13,6,8,41.69623253,-87.5958062
0,417830,-1,30,0,0,0,1,12,3,6,0,0,-1,0,-1,-1,-1,0,-1,1221,-1,-1,-1,-1,-1,-1,2,0,0,0,0,0,2,0,13,6,8,41.89451232,-87.67686486
0,416570,-1,10,0,0,0,1,7,7,-1,0,0,0,0,-1,1,1,0,0,131,-1,-1,-1,-1,-1,-1,2,0,0,0,0,0,2,0,13,6,8,41.86683145,-87.62566961
0,416494,-1,30,0,0,0,1,12,5,2,0,0,0,0,-1,-1,-1,0,0,1225,-1,-1,-1,-1,-1,-1,2,0,0,0,0,0,2,0,13,6,8,41.87759979,-87.67669577
2,416482,-1,30,0,0,0,1,9,5,-1,0,0,0,1,-1,-1,-1,21,-1,823,-1,-1,-1,-1,-1,-1,2,1,0,0,1,0,1,0,13,6,8,41.77892802,-87.71329455
0,416533,-1,30,-1,-1,-1,-1,0,7,0,2,-1,-1,0,-1,1,-1,0,0,2211,-1,-1,-1,-1,-1,-1,2,0,0,0,0,0,3,0,13,6,8,41.70516058,-87.72074375
0,421783,-1,30,1,2,-1,1,10,5,-1,0,-1,0,0,1,-1,-1,11,-1,1732,-1,-1,-1,-1,-1,-1,2,0,0,0,0,0,2,0,13,6,8,41.95015408,-87.7141852
0,416619,-1,30,0,0,0,1,12,5,2,0,0,0,0,-1,-1,-1,0,-1,1733,-1,-1,-1,-1,-1,-1,2,0,0,0,0,0,2,0,13,6,8,41.94288629,-87.70037947
0,416436,-1,30,1,2,0,1,10,5,-1,0,0,0,0,1,-1,-1,18,-1,122,-1,-1,-1,-1,-1,-1,2,0,0,0,0,0,2,0,13,6,8,41.88439292,-87.63522944
0,416501,-1,30,0,0,0,1,14,7,-1,0,0,0,0,-1,-1,-1,20,-1,634,-1,-1,-1,-1,-1,-1,2,0,0,0,0,0,2,0,13,6,8,41.73614513,-87.62691784
0,416491,-1,30,0,0,1,1,14,4,-1,0,0,0,0,-1,-1,1,0,0,632,-1,-1,-1,-1,-1,-1,2,0,0,0,0,0,2,0,13,6,8,41.73652664,-87.60581268
0,466445,-1,30,0,0,0,1,14,5,-1,0,0,0,0,1,-1,-1,0,0,2423,-1,-1,-1,-1,-1,-1,2,0,0,0,0,0,2,0,13,6,8,42.01550106,-87.67496861
0,416447,-1,35,0,0,0,1,10,5,2,0,0,12,0,-1,-1,-1,18,0,835,-1,-1,-1,-1,-1,-1,2,0,0,0,0,0,2,0,13,6,8,41.75004373,-87.67933261
0,418273,-1,30,0,0,0,1,12,5,4,0,0,0,0,-1,-1,-1,0,0,2432,-1,-1,-1,-1,-1,-1,2,0,0,0,0,0,2,0,13,6,8,42.00273074,-87.66064411
0,417970,-1,30,2,2,0,1,0,5,-1,0,0,0,0,-1,-1,-1,5,16,2524,-1,-1,-1,-1,-1,-1,2,0,0,0,0,0,2,0,13,6,8,41.92795981,-87.73192221
0,417950,-1,30,0,0,1,1,14,5,-1,0,0,0,0,-1,-1,-1,0,0,1233,-1,-1,-1,-1,-1,-1,2,0,0,0,0,0,3,0,13,6,8,41.86602155,-87.67152458
0,416664,-1,35,0,0,0,1,12,5,-1,0,0,0,0,-1,-1,-1,0,-1,111,-1,-1,-1,-1,-1,-1,2,0,0,0,0,0,2,0,13,6,8,41.88728417,-87.62703947
0,416568,-1,30,1,2,0,1,10,2,4,0,0,0,0,1,-1,-1,0,-1,1533,-1,-1,-1,-1,-1,-1,2,0,0,0,0,0,2,0,13,6,8,41.87461028,-87.74519803
0,416520,-1,30,1,2,0,1,0,2,4,0,0,0,0,-1,-1,-1,17,17,1921,-1,-1,-1,-1,-1,-1,2,0,0,0,0,0,5,0,13,6,8,41.94966455,-87.68819214
0,416509,-1,35,0,0,0,1,8,5,2,0,0,0,0,-1,-1,1,-1,-1,1931,-1,-1,-1,-1,-1,-1,2,0,0,0,0,0,2,0,13,6,8,41.92705136,-87.66835948
2,416415,-1,30,0,0,0,1,0,5,2,0,0,0,1,-1,-1,-1,17,11,1722,-1,-1,-1,-1,-1,-1,2,1,0,0,1,0,1,0,13,6,8,41.9610558,-87.72789121
0,416437,-1,30,0,0,0,1,11,7,-1,0,0,0,0,-1,-1,-1,20,-1,814,-1,-1,-1,-1,-1,-1,2,0,0,0,0,0,2,0,12,6,8,41.7984342,-87.74531111
0,417931,-1,35,0,0,0,1,12,5,-1,0,0,0,0,-1,-1,-1,17,0,2432,-1,-1,-1,-1,-1,-1,2,0,0,0,0,0,2,0,12,6,8,42.00291773,-87.66094379
0,416542,-1,30,0,0,0,1,7,6,-1,0,0,0,0,-1,-1,1,-1,-1,2011,-1,-1,-1,-1,-1,-1,2,0,0,0,0,0,1,0,12,6,8,41.98870099,-87.69340834
0,416399,-1,30,2,2,0,1,10,5,4,0,0,0,0,1,-1,1,18,0,723,-1,-1,-1,-1,-1,-1,3,0,0,0,0,0,3,0,12,6,8,41.77969238,-87.64142791
0,416623,-1,35,-1,-1,0,1,7,-1,-1,0,0,-1,0,-1,-1,1,0,-1,312,-1,-1,-1,-1,-1,-1,2,0,0,0,0,0,1,0,12,6,8,41.77742665,-87.61570249
0,416486,-1,35,-1,-1,0,1,10,-1,-1,0,0,-1,0,-1,-1,-1,20,-1,623,-1,-1,-1,-1,-1,-1,2,0,0,0,0,0,2,0,12,6,8,41.7511276,-87.61962485
0,416418,-1,20,2,4,0,1,0,2,4,0,0,0,0,1,-1,-1,17,16,733,-1,-1,-1,-1,-1,-1,2,0,0,0,0,0,2,0,12,6,8,41.7686549,-87.65071639
0,416398,-1,30,1,1,0,1,12,2,-1,0,0,0,0,-1,-1,-1,16,22,1833,-1,-1,-1,-1,-1,-1,2,0,0,0,0,0,2,0,12,6,8,41.8992486,-87.62427498
0,416406,-1,35,0,0,0,1,12,5,4,0,0,0,0,-1,-1,-1,4,21,1424,-1,-1,-1,-1,-1,-1,2,0,0,0,0,0,4,0,12,6,8,41.90336961,-87.68688959
0,416441,-1,30,0,0,0,1,10,5,2,0,0,0,0,-1,1,-1,18,-1,1732,-1,1,-1,-1,-1,-1,2,0,0,0,0,0,2,0,12,6,8,41.94662966,-87.7163292
0,416431,-1,30,0,0,0,1,9,7,-1,0,0,0,0,-1,-1,-1,17,17,632,-1,-1,-1,-1,-1,-1,2,0,0,0,0,0,2,0,12,6,8,41.74368375,-87.61585895
0,416395,-1,10,0,0,0,1,5,7,-1,0,0,0,0,-1,1,-1,0,-1,835,-1,-1,-1,-1,-1,-1,1,0,0,0,0,0,1,0,12,6,8,41.76066858,-87.7028548
0,416778,-1,30,0,0,0,1,7,0,-1,0,0,-1,0,-1,-1,-1,22,-1,1935,-1,-1,-1,-1,-1,-1,2,0,0,0,0,0,4,0,12,6,8,41.92891872,-87.65244847
0,416388,-1,30,0,0,0,1,12,3,-1,0,0,0,0,-1,-1,-1,22,0,2221,-1,-1,-1,-1,-1,-1,2,0,0,0,0,0,2,0,12,6,8,41.7211823,-87.67282974
0,416417,1,30,1,2,0,1,10,2,2,0,0,0,0,1,-1,-1,20,0,1632,-1,-1,-1,-1,-1,-1,2,0,0,0,0,0,2,0,12,6,8,41.95284661,-87.79642351
2,426599,-1,30,0,0,0,1,8,12,-1,2,0,0,1,-1,-1,-1,0,0,531,-1,-1,-1,-1,-1,-1,2,1,0,0,1,0,1,0,12,6,8,41.69255976,-87.6211937
1,418271,-1,30,1,2,0,1,10,2,4,0,0,-1,1,-1,-1,-1,18,0,622,-1,-1,-1,-1,-1,-1,2,1,0,0,0,1,1,0,12,6,8,41.73637604,-87.62562131
0,416479,-1,30,0,0,0,1,0,5,-1,0,0,0,0,-1,-1,-1,17,16,2524,-1,-1,-1,-1,-1,-1,2,0,0,0,0,0,2,0,12,6,8,41.93066028,-87.72680033
0,416453,-1,30,0,0,0,1,14,2,-1,0,0,0,0,-1,-1,-1,21,21,2411,-1,-1,-1,-1,-1,-1,2,0,0,0,0,0,2,0,12,6,8,42.00867159,-87.69031084
0,416384,-1,30,0,0,0,1,14,5,2,0,0,0,0,-1,-1,-1,22,17,1834,-1,-1,-1,-1,-1,-1,2,0,0,0,0,0,2,0,12,6,8,41.89529559,-87.62696267
3,416361,-1,30,1,2,0,1,9,2,2,0,0,0,1,-1,-1,-1,-1,-1,612,-1,1,-1,-1,-1,-1,2,1,0,1,0,0,1,0,12,6,8,41.75654541,-87.66344385
0,416400,-1,5,0,0,0,1,2,7,-1,0,0,0,1,-1,-1,-1,23,25,511,-1,-1,-1,-1,-1,-1,1,0,0,0,0,0,1,0,11,6,8,41.71458064,-87.6141234
0,416676,-1,30,1,2,0,1,10,5,2,0,0,-1,0,-1,-1,-1,0,0,1232,-1,-1,-1,-1,-1,-1,2,0,0,0,0,0,3,0,11,6,8,41.86812671,-87.64677486
0,416383,-1,30,1,0,0,1,10,2,2,0,0,0,0,1,-1,-1,18,-1,622,-1,-1,-1,-1,-1,-1,3,0,0,0,0,0,3,0,11,6,8,41.74346872,-87.64377241
0,416451,-1,30,0,0,0,1,7,5,2,0,-1,-1,0,-1,-1,1,0,0,2433,-1,-1,-1,-1,-1,-1,2,0,0,0,0,0,1,0,11,6,8,41.99014897,-87.65912316
0,416420,-1,30,10,2,0,1,10,3,-1,0,0,0,0,1,-1,-1,3,-1,914,-1,-1,-1,-1,-1,-1,2,0,0,0,0,0,2,0,11,6,8,41.85275825,-87.63086738
0,416396,-1,30,1,2,0,1,14,5,4,0,0,0,0,1,-1,-1,17,22,1822,-1,-1,-1,-1,-1,-1,2,0,0,0,0,0,2,0,11,6,8,41.90363993,-87.65554697
2,416380,-1,30,0,0,0,1,8,6,2,0,0,0,1,-1,-1,-1,22,-1,111,-1,-1,1,-1,-1,-1,2,1,0,0,1,0,2,0,11,6,8,41.88563827,-87.6278587
0,416502,-1,30,1,2,0,1,12,5,-1,0,0,0,0,-1,-1,-1,0,0,123,-1,-1,-1,-1,-1,-1,2,0,0,0,0,0,2,0,11,6,8,41.86750238,-87.62427526
0,416320,-1,35,0,0,0,1,10,5,-1,0,0,0,0,-1,-1,-1,18,-1,1723,-1,-1,-1,-1,-1,-1,2,0,0,0,0,0,2,0,11,6,8,41.95376417,-87.72716599
0,416298,-1,30,0,0,0,1,12,5,-1,0,0,0,0,1,-1,1,22,17,2222,-1,-1,-1,-1,-1,-1,2,0,0,0,0,0,2,0,11,6,8,41.72320835,-87.65792268
0,420587,-1,15,0,0,1,1,7,7,1,0,0,0,0,-1,-1,1,11,0,2213,-1,-1,-1,-1,-1,-1,2,0,0,0,0,0,2,0,11,6,8,41.72108174,-87.66427338
0,416311,-1,30,0,0,0,1,7,3,4,0,0,0,0,-1,-1,1,0,0,1135,-1,-1,-1,-1,-1,-1,2,0,0,0,0,0,1,0,11,6,8,41.87079703,-87.68630098
0,416861,-1,15,2,2,0,1,0,7,2,0,1,0,0,-1,1,-1,20,17,1921,-1,-1,-1,-1,-1,-1,2,0,0,0,0,0,3,0,11,6,8,41.9427472,-87.68835432
0,416492,1,30,-1,-1,0,-1,7,5,2,0,0,0,0,-1,-1,-1,-1,-1,1935,-1,-1,-1,-1,-1,-1,2,0,0,0,0,0,1,0,11,6,8,41.92992905,-87.64333832
0,416467,-1,30,1,2,0,1,10,6,1,0,0,0,0,-1,-1,-1,0,0,111,-1,-1,-1,-1,-1,-1,2,0,0,0,0,0,2,0,11,6,8,41.8856398,-87.62801974
0,416358,-1,30,1,2,0,1,14,2,4,0,0,0,0,1,-1,-1,17,-1,124,-1,-1,-1,-1,-1,-1,2,0,0,0,0,0,2,0,11,6,8,41.86735016,-87.64079708
0,416918,-1,30,0,0,0,1,7,7,1,0,0,0,0,-1,1,-1,11,23,123,-1,-1,-1,-1,-1,-1,2,0,0,0,0,0,1,0,11,6,8,41.872941,-87.62610909
0,416616,-1,30,2,2,0,1,14,5,2,0,0,0,0,1,-1,-1,17,0,221,-1,-1,-1,-1,-1,-1,2,0,0,0,0,0,2,0,11,6,8,41.81658587,-87.61422958
0,416426,-1,30,1,2,0,1,8,5,4,0,0,0,0,-1,-1,1,17,-1,1213,-1,-1,-1,-1,-1,-1,2,0,0,0,0,0,2,0,11,6,8,41.89638915,-87.65456414
0,416319,-1,30,0,0,0,1,7,6,1,0,0,0,1,-1,-1,-1,-1,-1,2432,-1,-1,-1,-1,-1,-1,4,0,0,0,0,0,1,0,11,6,8,42.00339817,-87.67284999
0,416280,-1,30,0,0,0,1,12,5,2,0,0,0,1,-1,-1,1,17,-1,1013,-1,-1,-1,-1,-1,-1,2,0,0,0,0,0,2,0,11,6,8,41.85154866,-87.71551488
0,416330,-1,30,0,0,0,1,12,2,2,0,12,12,0,-1,-1,-1,17,18,513,-1,-1,-1,1,2,1,2,0,0,0,0,0,2,0,11,6,8,41.69339447,-87.62298284
0,416324,-1,30,0,0,0,1,0,6,-1,0,0,0,0,-1,-1,-1,17,33,1712,-1,-1,-1,-1,-1,-1,2,0,0,0,0,0,2,0,11,6,8,41.97020953,-87.72490144
0,416377,-1,15,0,0,0,1,14,6,3,0,0,0,0,-1,-1,-1,17,21,1014,-1,-1,-1,-1,-1,-1,2,0,0,0,0,0,2,0,11,6,8,41.85697442,-87.72083643
0,416276,-1,30,0,0,0,1,7,6,-1,0,0,0,1,-1,-1,-1,0,0,223,-1,-1,-1,-1,-1,-1,2,0,0,0,0,0,1,0,11,6,8,41.80750455,-87.61331913
0,416829,1,35,0,0,0,1,7,0,-1,0,0,0,0,-1,-1,1,20,-1,1932,-1,-1,-1,-1,-1,-1,2,0,0,0,0,0,1,0,11,6,8,41.92954337,-87.66091521
0,416654,-1,30,0,0,0,1,7,5,-1,0,0,-1,0,-1,-1,1,0,0,1922,-1,-1,-1,-1,-1,-1,2,0,0,0,0,0,1,0,11,6,8,41.94346157,-87.66406559
0,416285,-1,20,0,0,0,1,2,0,-1,0,0,0,0,-1,1,-1,20,-1,1922,-1,-1,-1,-1,-1,-1,1,0,0,0,0,0,1,0,11,6,8,41.9524082,-87.66530745
2,416269,-1,30,0,0,0,1,8,2,4,0,0,0,1,-1,-1,-1,16,21,122,-1,-1,-1,-1,-1,-1,2,1,0,0,1,0,1,0,11,6,8,41.8837646,-87.63227535
0,416254,-1,20,0,0,0,1,12,6,1,0,0,0,0,-1,-1,-1,0,0,824,-1,-1,-1,-1,-1,-1,2,0,0,0,0,0,4,0,11,6,8,41.78637951,-87.70076737
0,416253,-1,30,1,2,0,1,9,6,-1,0,0,0,0,1,-1,-1,2,-1,1834,-1,-1,-1,-1,-1,-1,2,0,0,0,0,0,2,0,10,6,8,41.89266421,-87.62425438
0,416305,-1,30,1,2,0,1,14,3,8,2,0,0,0,1,-1,-1,0,0,132,-1,-1,-1,-1,-1,-1,2,0,0,0,0,0,2,0,10,6,8,41.86738791,-87.62049103
0,416694,-1,30,0,0,0,1,10,5,-1,0,0,0,0,-1,-1,1,0,0,2213,-1,-1,-1,-1,-1,-1,2,0,0,0,0,0,2,0,10,6,8,41.71418247,-87.65394575
0,416314,-1,30,1,2,0,1,14,5,4,0,0,0,0,1,-1,-1,0,-1,1034,-1,-1,-1,-1,-1,-1,2,0,0,0,0,0,2,0,10,6,8,41.85037028,-87.671027
-1,416240,-1,30,0,0,0,1,2,12,1,0,0,0,0,-1,-1,-1,0,0,221,-1,-1,-1,-1,-1,-1,-1,-1,-1,-1,-1,-1,-1,-1,10,6,8,41.81126144,-87.60674997
1,416458,-1,30,0,0,0,1,14,2,4,0,0,-1,1,-1,-1,-1,17,0,632,-1,-1,-1,-1,-1,-1,2,1,0,0,0,1,1,0,10,6,8,41.73635801,-87.62401506
0,416267,-1,30,1,2,0,1,0,5,-1,0,0,0,0,-1,-1,-1,0,0,331,-1,-1,-1,-1,-1,-1,2,0,0,0,0,0,2,0,10,6,8,41.79328422,-87.58653164
0,416232,-1,45,0,0,0,1,12,12,-1,0,0,0,0,-1,-1,1,21,22,222,-1,-1,-1,-1,-1,-1,2,0,0,0,0,0,2,0,10,6,8,41.8105925,-87.58937111
0,416264,-1,30,0,0,0,1,12,2,-1,0,0,0,0,-1,-1,-1,0,0,1023,-1,-1,-1,-1,-1,-1,2,0,0,0,0,0,4,0,10,6,8,41.86325394,-87.6906102
0,416235,1,30,0,0,0,3,7,5,2,0,0,0,1,-1,-1,1,25,0,522,-1,-1,-1,-1,-1,-1,2,0,0,0,0,0,1,0,10,6,8,41.6783419,-87.62762067
-1,416630,-1,10,0,0,0,1,5,5,-1,0,0,0,0,-1,-1,-1,0,-1,1632,-1,-1,-1,-1,-1,-1,1,-1,-1,-1,-1,-1,-1,-1,10,6,8,41.93918954,-87.79709657
0,416229,-1,25,0,-1,0,1,12,7,2,0,-1,-1,0,-1,1,-1,16,-1,2411,-1,-1,-1,-1,-1,-1,2,0,0,0,0,0,2,0,10,6,8,42.01902064,-87.69032695
0,416216,-1,30,0,0,0,1,0,6,-1,0,0,0,0,-1,-1,1,2,2,813,-1,-1,-1,-1,-1,-1,2,0,0,0,0,0,2,0,10,6,8,41.79156945,-87.73183958
0,416273,-1,30,0,0,0,1,12,6,4,0,0,0,0,-1,-1,-1,0,-1,1834,-1,-1,-1,-1,-1,-1,2,0,0,0,0,0,2,0,10,6,8,41.89168984,-87.62044414
0,420821,-1,30,0,0,0,1,14,2,4,0,0,0,0,1,-1,-1,0,-1,632,-1,-1,-1,-1,-1,-1,2,0,0,0,0,0,2,0,10,6,8,41.73619152,-87.62407807
2,416701,-1,30,1,2,0,1,9,3,-1,0,0,0,1,1,-1,-1,0,0,121,-1,-1,-1,-1,-1,-1,2,1,0,0,1,0,1,0,10,6,8,41.88193087,-87.64405661
0,416621,-1,30,1,1,0,1,12,5,4,0,0,0,0,1,-1,-1,0,0,1213,-1,-1,-1,-1,-1,-1,2,0,0,0,0,0,2,0,10,6,8,41.89625849,-87.66246666
0,416210,-1,30,0,0,0,1,12,2,-1,0,0,0,0,-1,-1,-1,22,-1,814,-1,1,-1,-1,-1,-1,2,0,0,0,0,0,2,0,10,6,8,41.79768285,-87.75031209
0,416208,-1,35,1,2,0,1,10,3,-1,0,0,-1,0,1,-1,-1,0,0,634,-1,-1,-1,-1,-1,-1,2,0,0,0,0,0,3,0,10,6,8,41.72179281,-87.62370028
0,416201,-1,30,0,0,0,1,12,5,4,0,0,-1,0,-1,-1,-1,0,0,624,-1,-1,-1,-1,-1,-1,2,0,0,0,0,0,2,0,10,6,8,41.75188398,-87.60536687
0,416190,-1,15,0,0,0,1,12,6,-1,0,0,0,0,-1,-1,-1,17,-1,2412,-1,-1,-1,-1,-1,-1,2,0,0,0,0,0,2,0,10,6,8,41.99839288,-87.68609741
0,416221,-1,30,1,2,0,1,14,5,-1,0,0,0,0,1,-1,-1,22,16,2211,-1,-1,-1,-1,-1,-1,2,0,0,0,0,0,2,0,9,6,8,41.69138205,-87.70579543
0,416202,-1,30,1,2,0,1,14,5,8,0,0,0,1,1,-1,-1,17,16,1712,-1,-1,-1,-1,-1,-1,2,0,0,0,0,0,2,0,9,6,8,41.97564229,-87.72818938
0,416195,-1,30,1,2,0,1,14,12,0,0,0,0,1,1,-1,-1,17,-1,1632,-1,-1,-1,-1,-1,-1,2,0,0,0,0,0,2,0,9,6,8,41.95247928,-87.80711085
0,416205,-1,25,0,0,0,1,7,7,-1,0,0,0,0,-1,1,-1,0,-1,1733,-1,-1,-1,-1,-1,-1,2,0,0,0,0,0,1,0,9,6,8,41.94342446,-87.7119588
3,416231,-1,15,0,2,0,1,0,0,-1,0,0,0,1,-1,-1,1,17,17,1932,-1,-1,-1,-1,-1,-1,3,2,0,2,0,0,2,0,9,6,8,41.93594896,-87.66780744
0,416706,-1,30,0,0,0,1,12,5,-1,0,0,0,0,-1,-1,-1,17,-1,1613,-1,-1,-1,-1,-1,-1,2,0,0,0,0,0,3,0,9,6,8,41.97538461,-87.80694898
0,419549,-1,30,1,2,0,1,10,5,0,0,0,0,0,1,-1,-1,18,0,1622,-1,-1,-1,-1,-1,-1,2,0,0,0,0,0,2,0,9,6,8,41.97674884,-87.76848375
0,416529,-1,30,0,0,0,1,7,5,2,0,0,0,0,-1,-1,1,0,-1,1432,-1,-1,-1,-1,-1,-1,2,0,0,0,0,0,1,0,9,6,8,41.91778366,-87.68172455
0,416163,-1,15,0,0,0,1,7,6,-1,0,0,0,0,-1,-1,1,0,-1,1711,-1,-1,-1,-1,-1,-1,2,0,0,0,0,0,1,0,9,6,8,41.9854094,-87.71490344
0,416160,-1,40,0,0,0,1,10,3,8,0,0,0,0,-1,-1,-1,16,17,132,-1,-1,-1,-1,-1,-1,2,0,0,0,0,0,2,0,9,6,8,41.86025724,-87.61771063
0,416148,-1,30,2,2,0,1,0,12,1,0,0,0,0,1,-1,-1,0,0,1921,-1,-1,-1,-1,-1,-1,2,0,0,0,0,0,2,0,9,6,8,41.95222133,-87.67876188
1,432559,-1,30,0,0,0,3,8,2,2,0,0,0,1,-1,-1,1,0,-1,1524,-1,-1,-1,-1,-1,-1,2,1,0,0,0,1,1,0,9,6,8,41.89503607,-87.75612236
0,419055,-1,30,0,0,0,1,0,6,-1,0,0,0,0,-1,-1,1,0,0,1214,-1,-1,-1,-1,-1,-1,2,0,0,0,0,0,4,0,9,6,8,41.88568171,-87.64995705
0,416519,-1,30,0,0,0,1,10,2,-1,0,0,0,0,-1,-1,-1,0,0,1232,-1,-1,-1,-1,-1,-1,2,0,0,0,0,0,3,0,9,6,8,41.86694555,-87.65310356
0,416146,-1,35,1,2,0,1,14,3,-1,0,0,0,0,1,-1,-1,0,0,2232,-1,-1,-1,-1,-1,-1,2,0,0,0,0,0,2,0,9,6,8,41.71412565,-87.64285255
0,416159,-1,30,1,2,0,1,10,1,4,0,0,0,0,1,-1,-1,18,-1,1232,-1,-1,-1,-1,-1,-1,2,0,0,0,0,0,2,0,8,6,8,41.86697921,-87.65094404
0,416974,-1,30,0,0,0,1,12,5,-1,0,0,0,0,-1,-1,-1,17,-1,1215,-1,-1,-1,-1,-1,-1,2,0,0,0,0,0,3,0,8,6,8,41.89596531,-87.66720648
0,416152,-1,30,0,0,0,1,14,1,-1,0,0,0,0,1,-1,-1,0,-1,924,-1,-1,-1,-1,-1,-1,2,0,0,0,0,0,2,0,8,6,8,41.81227698,-87.65538974
2,418242,-1,20,0,0,0,1,8,6,1,0,0,0,1,-1,-1,-1,0,0,2022,-1,-1,-1,-1,-1,-1,2,1,0,0,1,0,1,0,8,6,8,41.98915734,-87.65833342
0,416121,-1,30,1,2,0,1,12,2,4,0,0,0,0,-1,-1,1,0,0,1215,-1,-1,-1,-1,-1,-1,2,0,0,0,0,0,2,0,8,6,8,41.88534856,-87.6671144
0,416237,-1,30,1,2,0,1,14,5,-1,0,0,0,0,-1,-1,1,21,-1,1411,-1,-1,-1,-1,-1,-1,2,0,0,0,0,0,4,0,8,6,8,41.93228718,-87.68795009
0,416099,-1,30,0,0,0,1,10,5,-1,0,0,0,0,-1,-1,-1,16,-1,2211,-1,-1,-1,-1,-1,-1,4,0,0,0,0,0,4,0,8,6,8,41.68399182,-87.72501728
0,416102,-1,25,0,0,0,1,11,5,2,0,0,0,0,-1,-1,-1,20,-1,2413,-1,-1,-1,-1,-1,-1,2,0,0,0,0,0,2,0,8,6,8,41.99390718,-87.69625977
0,416527,-1,30,2,2,0,1,0,5,-1,0,0,0,0,1,-1,-1,5,17,624,-1,-1,-1,-1,-1,-1,2,0,0,0,0,0,2,0,8,6,8,41.7550019,-87.60769476
0,416069,-1,30,1,2,0,1,12,1,4,0,0,0,0,-1,-1,-1,22,-1,1533,-1,-1,-1,-1,-1,-1,2,0,0,0,0,0,2,0,7,6,8,41.8659742,-87.74490349
0,416089,-1,30,0,0,0,1,10,6,-1,0,0,0,1,-1,-1,-1,16,-1,914,-1,-1,-1,-1,-1,-1,2,0,0,0,0,0,4,0,7,6,8,41.83897485,-87.63184267
0,425066,-1,30,0,0,0,1,7,5,-1,0,0,0,0,-1,-1,1,16,0,1711,-1,-1,-1,-1,-1,-1,2,0,0,0,0,0,1,0,7,6,8,41.98348945,-87.71391673
0,416226,-1,30,0,0,0,1,7,3,2,0,0,0,0,-1,-1,-1,-1,-1,1232,-1,-1,-1,-1,-1,-1,2,0,0,0,0,0,1,0,7,6,8,41.86714939,-87.65404495