MOST_SEVERE_INJURY,RD_NO,CRASH_DATE_EST_I,POSTED_SPEED_LIMIT,TRAFFIC_CONTROL_DEVICE,DEVICE_CONDITION,WEATHER_CONDITION,LIGHTING_CONDITION,FIRST_CRASH_TYPE,TRAFFICWAY_TYPE,LANE_CNT,ALIGNMENT,ROADWAY_SURFACE_COND,ROAD_DEFECT,CRASH_TYPE,INTERSECTION_RELATED_I,NOT_RIGHT_OF_WAY_I,HIT_AND_RUN_I,PRIM_CONTRIBUTORY_CAUSE,SEC_CONTRIBUTORY_CAUSE,BEAT_OF_OCCURRENCE,PHOTOS_TAKEN_I,STATEMENTS_TAKEN_I,DOORING_I,WORK_ZONE_I,WORK_ZONE_TYPE,WORKERS_PRESENT_I,NUM_UNITS,INJURIES_TOTAL,INJURIES_FATAL,INJURIES_INCAPACITATING,INJURIES_NON_INCAPACITATING,INJURIES_REPORTED_NOT_EVIDENT,INJURIES_NO_INDICATION,INJURIES_UNKNOWN,CRASH_HOUR,CRASH_DAY_OF_WEEK,CRASH_MONTH,LATITUDE,LONGITUDE
0,416217,-1,15,0,0,0,1,3,0,-1,0,0,0,0,-1,-1,-1,0,0,1411,-1,-1,-1,-1,-1,-1,3,0,0,0,0,0,7,0,7,6,8,41.93550969,-87.70246072
0,416177,-1,30,0,0,0,1,10,7,-1,0,0,0,0,-1,-1,-1,20,-1,634,-1,-1,-1,-1,-1,-1,2,0,0,0,0,0,2,0,7,6,8,41.73614513,-87.62691784
0,416082,-1,25,0,0,0,1,7,12,-1,0,0,0,0,-1,-1,1,-1,-1,2534,-1,-1,-1,-1,-1,-1,2,0,0,0,0,0,1,0,7,6,8,41.9045596,-87.7279294
0,416068,-1,35,2,2,0,1,0,2,-1,0,0,0,0,-1,-1,-1,0,0,815,-1,-1,-1,-1,-1,-1,2,0,0,0,0,0,2,0,7,6,8,41.80594524,-87.72367308
0,416059,-1,30,1,2,0,1,14,12,0,0,0,0,0,-1,-1,-1,17,17,132,-1,-1,-1,-1,-1,-1,2,0,0,0,0,0,2,0,7,6,8,41.85297603,-87.62377487
0,146068,-1,35,2,2,0,1,0,2,-1,0,0,0,0,-1,-1,-1,0,0,815,-1,-1,-1,-1,-1,-1,2,0,0,0,0,0,2,0,7,6,8,41.80594524,-87.72367308
0,416053,-1,30,0,0,0,1,7,5,2,0,0,3,0,-1,-1,-1,33,11,433,-1,-1,-1,-1,-1,-1,2,0,0,0,0,0,1,0,7,6,8,41.65174125,-87.5451263
0,416063,-1,30,1,2,0,1,12,2,-1,2,0,0,0,-1,-1,1,27,-1,1921,-1,-1,-1,-1,-1,-1,2,0,0,0,0,0,2,0,7,6,8,41.94715706,-87.68841572
0,416278,-1,25,0,0,2,1,10,5,-1,0,1,0,0,-1,-1,1,18,18,1832,-1,-1,-1,-1,-1,-1,2,0,0,0,0,0,2,0,7,6,8,41.89872082,-87.63291502
0,416090,-1,0,0,0,0,1,2,12,0,0,0,0,0,-1,-1,-1,-1,-1,1213,-1,-1,-1,-1,-1,-1,1,0,0,0,0,0,1,0,7,6,8,41.90228806,-87.66731898
0,416078,-1,30,2,2,0,1,10,5,2,0,0,0,0,1,-1,-1,18,0,1132,-1,-1,-1,-1,-1,-1,2,0,0,0,0,0,8,0,7,6,8,41.87434205,-87.72559
0,416075,-1,30,0,0,0,1,12,5,2,0,0,0,0,-1,-1,-1,21,0,1732,-1,-1,-1,-1,-1,-1,2,0,0,0,0,0,2,0,7,6,8,41.94636141,-87.720044
0,416067,-1,30,0,0,0,1,7,6,-1,0,0,0,1,-1,-1,-1,8,-1,823,-1,1,-1,-1,-1,-1,2,0,0,0,0,0,1,0,7,6,8,41.77770879,-87.69442826
0,416050,-1,30,1,2,0,1,14,12,4,0,0,0,1,1,-1,-1,17,0,433,-1,-1,-1,-1,-1,-1,2,0,0,0,0,0,2,0,7,6,8,41.66532054,-87.53960705
0,414649,-1,30,-1,-1,0,1,12,5,2,0,0,0,0,-1,-1,-1,21,21,122,-1,-1,-1,-1,-1,-1,2,0,0,0,0,0,2,0,7,6,8,41.87571942,-87.63076281
0,416504,-1,30,0,0,0,-1,7,5,2,0,0,0,0,-1,-1,1,17,0,221,-1,-1,-1,-1,-1,-1,2,0,0,0,0,0,1,0,7,6,8,41.81038292,-87.60885744
3,416086,-1,30,1,1,0,1,8,5,2,0,0,0,1,-1,-1,-1,16,33,1023,-1,-1,-1,-1,-1,-1,2,1,0,1,0,0,1,0,7,6,8,41.85377131,-87.68588442
0,416042,-1,30,0,0,0,1,10,2,4,0,0,0,0,-1,-1,-1,16,18,2513,-1,-1,-1,-1,-1,-1,2,0,0,0,0,0,2,0,7,6,8,41.90929001,-87.78145189
0,421545,-1,30,0,0,0,1,7,7,-1,0,0,0,0,-1,-1,1,-1,-1,1225,-1,-1,-1,-1,-1,-1,2,0,0,0,0,0,1,0,7,6,8,41.87654792,-87.68398781
0,416043,-1,30,1,2,0,3,14,6,-1,0,0,0,1,-1,-1,-1,23,-1,122,-1,-1,-1,-1,-1,-1,2,0,0,0,0,0,2,0,6,6,8,41.87860578,-87.63648815
1,416001,-1,35,0,0,0,1,14,5,-1,0,0,0,1,-1,-1,-1,23,17,1022,-1,-1,-1,-1,-1,-1,4,1,0,0,0,1,1,0,6,6,8,41.85265624,-87.6992615
0,430326,-1,30,0,0,0,1,12,5,2,0,0,0,0,-1,-1,1,17,-1,2515,-1,-1,-1,-1,-1,-1,2,0,0,0,0,0,2,0,6,6,8,41.91705242,-87.75596219
0,416008,-1,30,1,2,0,1,14,6,3,0,0,0,0,1,-1,-1,4,21,935,-1,-1,-1,-1,-1,-1,2,0,0,0,0,0,2,0,5,6,8,41.80909582,-87.6327312
0,416352,-1,30,1,2,0,1,14,1,4,0,0,0,0,1,-1,-1,0,-1,1232,-1,-1,-1,-1,-1,-1,2,0,0,0,0,0,2,0,5,6,8,41.8672631,-87.64697269
0,416935,-1,30,0,0,0,1,12,2,4,0,0,0,1,-1,-1,-1,16,-1,122,-1,-1,-1,-1,-1,-1,2,0,0,0,0,0,2,0,5,6,8,41.87671554,-87.63524703
0,415961,-1,25,0,0,0,3,7,6,1,0,0,0,0,-1,-1,-1,20,0,1121,-1,-1,-1,-1,-1,-1,2,0,0,0,0,0,1,0,4,6,8,41.89285927,-87.70754889
2,415958,-1,30,0,0,0,3,2,2,4,0,0,0,1,-1,-1,-1,-1,-1,2033,-1,-1,-1,-1,-1,-1,1,1,0,0,1,0,0,0,4,6,8,41.96952159,-87.6598308
0,415959,-1,30,1,2,0,3,10,5,-1,0,0,0,0,1,-1,-1,0,0,1613,-1,-1,-1,-1,-1,-1,2,0,0,0,0,0,2,0,4,6,8,41.98123816,-87.80699737
0,415941,-1,30,0,0,0,3,0,5,2,0,0,0,0,-1,-1,1,0,0,2512,-1,-1,-1,-1,-1,-1,2,0,0,0,0,0,2,0,3,6,8,41.92532969,-87.7951482
0,415975,-1,25,0,0,0,3,7,6,-1,0,0,0,0,-1,-1,1,20,-1,2412,-1,-1,-1,-1,-1,-1,2,0,0,0,0,0,1,0,3,6,8,41.99888635,-87.69128278
0,428168,-1,30,0,0,0,3,7,5,2,0,0,0,0,-1,-1,1,0,0,314,-1,-1,-1,-1,-1,-1,2,0,0,0,0,0,1,0,3,6,8,41.77882918,-87.5953462
0,415922,-1,30,1,2,0,3,10,5,-1,0,0,0,0,1,-1,1,18,16,1533,-1,-1,-1,-1,-1,-1,1,0,0,0,0,0,1,0,2,6,8,41.87100282,-87.75457715
0,417916,0,30,1,2,0,1,3,5,2,0,0,0,0,-1,-1,-1,10,21,725,-1,-1,-1,-1,-1,-1,2,0,0,0,0,0,4,0,1,6,8,41.76866055,-87.66396288
2,415890,-1,30,0,0,0,3,7,5,2,0,0,0,1,-1,-1,1,32,16,1422,-1,-1,-1,-1,-1,-1,3,1,0,0,1,0,1,0,1,6,8,41.9054665,-87.71190937
0,415896,-1,30,4,2,0,3,12,5,2,0,0,0,0,-1,-1,1,0,0,1434,-1,-1,-1,-1,-1,-1,2,0,0,0,0,0,5,0,1,6,8,41.91054698,-87.68010806
0,415880,-1,30,2,2,0,3,2,2,2,0,0,0,0,-1,-1,-1,14,21,923,-1,-1,-1,-1,-1,-1,2,0,0,0,0,0,1,0,1,6,8,41.79524093,-87.70295627
0,415874,-1,30,1,2,0,0,0,5,2,0,0,0,1,-1,-1,1,17,-1,2514,-1,-1,-1,-1,-1,-1,4,0,0,0,0,0,2,0,0,6,8,41.93119941,-87.76384806
0,415947,-1,30,0,0,0,0,2,12,0,0,0,0,1,-1,-1,-1,25,14,433,-1,-1,-1,-1,-1,-1,1,0,0,0,0,0,1,0,0,6,8,41.65490283,-87.54094829
0,417356,-1,30,1,2,0,3,14,2,2,0,0,0,1,1,-1,-1,23,-1,1224,1,-1,-1,-1,-1,-1,2,0,0,0,0,0,2,0,0,6,8,41.88188706,-87.64739283
1,415864,-1,25,0,0,0,3,10,6,-1,0,0,0,1,-1,-1,-1,20,20,1531,-1,-1,-1,-1,-1,-1,2,1,0,0,0,1,3,0,0,6,8,41.89393469,-87.74688413
0,416354,-1,30,-1,-1,-1,0,7,6,-1,0,0,0,0,-1,-1,1,0,0,211,-1,-1,-1,-1,-1,-1,2,0,0,0,0,0,1,0,0,6,8,41.83825139,-87.62329481
0,415875,-1,25,0,0,0,3,0,0,-1,0,0,0,0,-1,-1,-1,17,0,2412,-1,-1,-1,-1,-1,-1,2,0,0,0,0,0,2,0,0,6,8,42.00063832,-87.70109431
0,416347,1,35,0,0,-1,-1,7,5,2,0,-1,0,0,-1,-1,1,0,-1,512,-1,-1,-1,-1,-1,-1,2,0,0,0,0,0,1,0,0,6,8,41.70263713,-87.61012301
0,415847,-1,30,2,2,0,3,0,2,4,0,0,0,1,1,-1,-1,17,-1,1215,1,-1,-1,-1,-1,-1,2,0,0,0,0,0,2,0,23,5,8,41.89095328,-87.65894032
0,415843,0,30,0,0,0,3,12,5,1,0,0,0,0,-1,-1,1,20,19,2411,-1,-1,-1,-1,-1,-1,2,0,0,0,0,0,4,0,23,5,8,42.00847747,-87.69365044
0,415841,-1,30,0,0,0,0,7,5,-1,0,-1,-1,1,-1,-1,-1,22,21,1925,-1,-1,-1,-1,-1,-1,3,0,0,0,0,0,1,0,23,5,8,41.94607507,-87.64930112
0,416801,-1,30,2,2,0,3,0,5,-1,0,0,0,0,1,-1,1,0,-1,1622,-1,-1,-1,-1,-1,-1,2,0,0,0,0,0,2,0,23,5,8,41.96041127,-87.78062611
0,415853,-1,30,0,0,0,3,7,2,-1,0,0,0,0,-1,-1,-1,0,-1,1215,-1,-1,-1,-1,-1,-1,2,0,0,0,0,0,1,0,23,5,8,41.88588962,-87.65696174
2,415820,-1,30,1,2,0,3,0,3,2,0,0,0,1,1,-1,1,6,14,1122,-1,-1,-1,-1,-1,-1,4,1,0,0,1,0,4,0,23,5,8,41.88074482,-87.72060409
0,416394,-1,30,0,0,0,3,7,6,1,0,0,0,0,-1,-1,1,0,0,823,-1,-1,-1,-1,-1,-1,2,0,0,0,0,0,1,0,23,5,8,41.78240314,-87.70957003
0,415810,-1,30,2,2,0,3,9,5,-1,0,0,0,0,1,-1,-1,19,-1,1833,-1,-1,-1,-1,-1,-1,2,0,0,0,0,0,2,0,22,5,8,41.89892394,-87.62706451
0,415819,-1,30,1,2,0,3,14,2,-1,0,0,0,0,1,-1,-1,18,0,2011,-1,-1,-1,-1,-1,-1,2,0,0,0,0,0,2,0,22,5,8,41.97622519,-87.69250367
2,415791,-1,30,1,2,0,3,8,2,-1,0,0,0,1,1,-1,-1,17,-1,1632,-1,-1,-1,-1,-1,-1,2,1,0,0,1,0,1,0,22,5,8,41.94558764,-87.79605171
0,415809,-1,35,0,2,0,4,14,5,2,0,0,0,1,-1,-1,-1,16,7,1932,-1,-1,-1,-1,-1,-1,2,0,0,0,0,0,2,0,22,5,8,41.92528231,-87.66661708
0,417291,1,30,0,0,0,3,7,6,1,0,0,0,0,-1,-1,1,0,0,1122,-1,-1,-1,-1,-1,-1,2,0,0,0,0,0,1,0,22,5,8,41.88896721,-87.7184186
0,415822,-1,10,0,0,0,3,7,12,-1,0,0,0,0,-1,1,1,-1,-1,1023,-1,-1,-1,-1,-1,-1,2,0,0,0,0,0,1,0,22,5,8,41.86650119,-87.6861576
0,415745,-1,30,1,2,2,3,12,5,2,0,1,0,0,1,-1,-1,21,-1,1931,-1,-1,-1,-1,-1,-1,2,0,0,0,0,0,2,0,22,5,8,41.92886702,-87.6684221
0,415795,-1,55,0,0,0,3,4,12,-1,2,0,0,1,-1,-1,-1,12,-1,132,-1,-1,-1,-1,-1,-1,1,0,0,0,0,0,2,0,22,5,8,41.85810617,-87.61637873
0,415772,-1,30,0,0,0,3,7,6,1,0,0,0,1,-1,-1,-1,25,27,833,-1,-1,-1,-1,-1,-1,5,0,0,0,0,0,1,0,22,5,8,41.77173258,-87.72365271
0,417770,1,20,0,0,0,3,7,6,1,0,0,0,0,-1,-1,1,21,0,1224,-1,-1,-1,-1,-1,-1,2,0,0,0,0,0,1,0,22,5,8,41.88452285,-87.64652058
3,415770,-1,30,0,0,0,1,10,5,-1,0,0,0,1,-1,-1,-1,0,-1,112,-1,-1,-1,-1,-1,-1,2,1,0,1,0,0,1,0,22,5,8,41.88249265,-87.62799581
0,420225,-1,15,2,2,0,3,10,7,-1,0,0,0,0,-1,-1,-1,18,-1,133,-1,-1,-1,-1,-1,-1,2,0,0,0,0,0,2,0,21,5,8,41.84204873,-87.60934045
0,415750,-1,30,1,2,0,3,12,2,4,0,0,0,0,-1,-1,1,22,0,2221,-1,-1,-1,-1,-1,-1,2,0,0,0,0,0,4,0,21,5,8,41.73554174,-87.67262995
0,416207,1,30,0,0,-1,-1,7,5,-1,0,0,0,0,-1,-1,1,17,17,1611,-1,-1,-1,-1,-1,-1,2,0,0,0,0,0,1,0,21,5,8,41.99151958,-87.77650445
0,416178,-1,30,0,1,0,0,14,2,-1,0,0,0,0,-1,-1,-1,23,0,2411,-1,-1,-1,-1,-1,-1,2,0,0,0,0,0,2,0,21,5,8,42.01178865,-87.70727813
0,416552,-1,30,1,2,0,1,14,5,8,0,0,0,0,1,-1,-1,0,0,1934,-1,-1,-1,-1,-1,-1,2,0,0,0,0,0,2,0,20,5,8,41.94038671,-87.63824031
0,415812,-1,30,2,2,0,0,10,5,0,0,0,0,0,1,-1,-1,18,-1,112,-1,-1,-1,-1,-1,-1,2,0,0,0,0,0,4,0,20,5,8,41.88208275,-87.62796365
0,415711,-1,30,1,2,0,3,12,5,-1,0,0,0,0,-1,-1,-1,22,-1,1214,-1,-1,-1,-1,-1,-1,2,0,0,0,0,0,2,0,20,5,8,41.89104785,-87.64762136
0,418129,-1,30,1,2,0,1,10,3,2,0,0,0,0,-1,-1,-1,18,-1,111,-1,-1,-1,-1,-1,-1,2,0,0,0,0,0,2,0,20,5,8,41.88749841,-87.62469999
0,421547,-1,30,1,2,0,4,10,3,-1,0,0,0,0,-1,-1,-1,18,-1,2413,-1,-1,-1,-1,-1,-1,2,0,0,0,0,0,2,0,20,5,8,41.99081142,-87.70784158
0,415702,-1,30,1,2,0,3,10,5,4,0,0,0,0,1,-1,-1,18,0,821,-1,-1,-1,-1,-1,-1,2,0,0,0,0,0,2,0,20,5,8,41.80361083,-87.72155269
0,415700,-1,30,1,2,0,3,14,2,4,0,0,0,0,1,-1,-1,23,23,1831,-1,-1,-1,-1,-1,-1,2,0,0,0,0,0,2,0,20,5,8,41.88997769,-87.63122708
0,417775,-1,30,1,2,0,3,14,5,4,0,0,0,0,1,-1,-1,23,0,114,-1,-1,-1,-1,-1,-1,2,0,0,0,0,0,2,0,20,5,8,41.88766736,-87.62440932
0,416203,-1,30,1,2,0,3,14,5,0,0,0,0,0,-1,-1,-1,21,0,1925,-1,-1,-1,-1,-1,-1,2,0,0,0,0,0,3,0,20,5,8,41.9404429,-87.63863354
0,416802,-1,30,0,0,-1,-1,10,5,-1,0,-1,0,0,-1,-1,1,20,-1,1414,-1,-1,-1,-1,-1,-1,2,0,0,0,0,0,3,0,20,5,8,41.92300939,-87.69729638
0,421763,-1,0,2,2,-1,-1,7,-1,-1,0,-1,-1,0,-1,-1,-1,0,-1,1225,-1,-1,-1,-1,-1,-1,2,0,0,0,0,0,1,0,20,5,8,41.86896645,-87.68350592
2,415636,-1,35,0,0,0,0,10,5,-1,0,0,0,1,-1,-1,-1,18,18,2411,-1,-1,-1,-1,-1,-1,2,1,0,0,1,0,2,0,20,5,8,42.01912707,-87.70374569
0,415681,-1,30,1,2,0,3,10,5,4,0,0,0,0,1,-1,1,0,-1,1922,-1,-1,-1,-1,-1,-1,2,0,0,0,0,0,2,0,19,5,8,41.93974462,-87.6685161
0,415645,-1,30,1,2,0,3,14,5,5,0,0,0,0,1,-1,-1,7,-1,931,-1,-1,-1,-1,-1,-1,2,0,0,0,0,0,2,0,19,5,8,41.80321866,-87.6649738
2,415659,-1,30,1,2,0,4,10,5,2,0,0,0,1,-1,-1,-1,18,11,411,-1,-1,-1,-1,-1,-1,2,2,0,0,2,0,1,0,19,5,8,41.75324131,-87.58621999
0,415698,-1,30,0,0,0,4,10,3,-1,0,0,0,0,-1,-1,-1,0,0,411,-1,-1,-1,-1,-1,-1,3,0,0,0,0,0,3,0,19,5,8,41.7538114,-87.58623525
0,416327,-1,35,-1,-1,-1,1,7,6,1,0,-1,-1,0,-1,-1,0,0,0,1724,-1,-1,-1,-1,-1,-1,2,0,0,0,0,0,1,0,19,5,8,41.96425318,-87.71093686
0,416725,1,0,0,0,-1,-1,7,7,2,0,-1,-1,0,-1,-1,1,0,0,222,-1,-1,-1,-1,-1,-1,2,0,0,0,0,0,1,0,19,5,8,41.81133445,-87.5985003
0,415632,-1,30,0,0,0,3,14,2,2,0,0,0,0,1,-1,-1,23,23,1633,-1,-1,-1,-1,-1,-1,2,0,0,0,0,0,5,0,19,5,8,41.94571592,-87.77150505
0,415651,-1,30,9,2,0,1,10,2,4,0,0,0,1,-1,-1,1,14,18,1225,-1,-1,-1,-1,-1,-1,2,0,0,0,0,0,2,0,19,5,8,41.8708895,-87.67651265
2,428570,-1,30,0,0,0,4,8,5,-1,0,0,0,1,-1,-1,-1,11,-1,1424,-1,-1,1,-1,-1,-1,2,1,0,0,1,0,0,0,19,5,8,41.90980908,-87.67680323
0,415615,-1,30,0,0,0,1,8,2,2,0,0,0,0,0,-1,-1,0,-1,2023,-1,-1,-1,-1,-1,-1,2,0,0,0,0,0,2,0,19,5,8,41.97988252,-87.65981805
0,415634,-1,45,0,0,0,4,14,2,4,0,0,0,1,-1,-1,-1,23,21,212,-1,-1,-1,-1,-1,-1,3,0,0,0,0,0,5,0,19,5,8,41.83016527,-87.60555095
0,416085,-1,30,0,0,0,1,7,5,4,0,0,0,0,-1,-1,-1,23,-1,1624,-1,-1,-1,-1,-1,-1,2,0,0,0,0,0,1,0,19,5,8,41.95346189,-87.75254244
0,415561,-1,30,2,2,0,1,12,5,2,0,0,0,0,1,-1,1,22,21,921,-1,-1,-1,-1,-1,-1,2,0,0,0,0,0,2,0,19,5,8,41.82092238,-87.69968181
1,415567,-1,25,0,0,0,1,9,6,1,0,0,0,1,-1,-1,-1,0,0,1132,-1,-1,1,-1,-1,-1,2,1,0,0,0,1,3,0,19,5,8,41.87154033,-87.72372454
0,415588,-1,30,0,0,0,4,14,2,2,0,0,0,0,-1,-1,-1,0,0,2512,-1,-1,-1,-1,-1,-1,2,0,0,0,0,0,3,0,18,5,8,41.93022965,-87.78553324
0,415564,-1,30,0,0,0,4,14,5,-1,0,0,0,0,-1,-1,-1,17,16,2532,-1,-1,-1,-1,-1,-1,2,0,0,0,0,0,3,0,18,5,8,41.90928438,-87.76423649
0,415580,-1,30,0,0,0,1,12,5,-1,0,0,0,0,-1,-1,-1,22,22,2433,-1,1,-1,-1,-1,-1,2,0,0,0,0,0,4,0,18,5,8,41.99793749,-87.67486173
0,415554,-1,30,-1,-1,-1,-1,0,-1,-1,0,-1,-1,0,-1,-1,-1,0,-1,1623,-1,-1,-1,-1,-1,-1,2,0,0,0,0,0,4,0,18,5,8,41.97346892,-87.7553743
0,415540,-1,30,1,2,0,1,10,5,-1,0,0,0,0,-1,-1,-1,18,-1,1623,-1,-1,-1,-1,-1,-1,2,0,0,0,0,0,2,0,18,5,8,41.96866452,-87.76159903
0,415600,-1,30,1,2,0,1,14,5,2,0,0,0,0,-1,-1,-1,23,-1,114,-1,-1,-1,-1,-1,-1,2,0,0,0,0,0,2,0,18,5,8,41.87566342,-87.62067603
0,415566,-1,35,0,0,0,1,0,2,2,0,0,0,0,-1,-1,-1,17,0,1713,-1,-1,-1,-1,-1,-1,2,0,0,0,0,0,2,0,18,5,8,41.96672275,-87.70827325
0,415529,-1,30,0,0,0,1,7,6,3,0,0,0,0,-1,-1,-1,22,-1,1831,-1,-1,-1,-1,-1,-1,2,0,0,0,0,0,1,0,18,5,8,41.89071594,-87.63014745
1,415734,-1,45,0,0,0,1,10,3,8,0,0,0,1,-1,-1,-1,18,0,1814,-1,-1,-1,-1,-1,-1,2,1,0,0,0,1,1,0,18,5,8,41.91130449,-87.6258786
2,415542,-1,30,0,0,0,1,8,3,2,0,0,0,1,1,-1,-1,25,-1,524,-1,-1,-1,-1,-1,-1,2,1,0,0,1,0,1,0,18,5,8,41.67959829,-87.64211281
2,415513,-1,30,2,0,0,1,8,2,-1,0,0,-1,1,1,-1,-1,5,0,1922,-1,-1,-1,-1,-1,-1,2,1,0,0,1,0,1,0,18,5,8,41.94873471,-87.67845896
0,423294,-1,30,1,2,0,1,10,2,-1,0,0,0,0,-1,-1,-1,7,7,1231,-1,-1,-1,-1,-1,-1,2,0,0,0,0,0,2,0,18,5,8,41.87438864,-87.65695889
0,415502,-1,30,0,0,0,1,14,2,2,0,0,0,0,-1,-1,-1,17,21,1223,-1,-1,-1,-1,-1,-1,2,0,0,0,0,0,2,0,18,5,8,41.88431292,-87.68637311
0,429114,-1,30,0,0,-1,4,7,7,-1,0,-1,0,0,-1,-1,1,15,-1,113,-1,-1,-1,-1,-1,-1,2,0,0,0,0,0,1,0,18,5,8,41.87687878,-87.625411
0,415688,-1,30,1,2,0,1,10,5,-1,0,0,0,0,-1,-1,-1,18,-1,1511,-1,-1,-1,-1,-1,-1,2,0,0,0,0,0,2,0,18,5,8,41.89301957,-87.76546962
0,415552,-1,30,1,2,0,1,14,6,-1,0,0,0,1,-1,-1,-1,23,-1,2513,-1,-1,-1,-1,-1,-1,2,0,0,0,0,0,2,0,18,5,8,41.90927982,-87.78329568
0,415519,-1,30,0,0,0,1,7,5,2,0,0,0,0,-1,-1,1,0,-1,1234,-1,-1,-1,-1,-1,-1,2,0,0,0,0,0,1,0,18,5,8,41.85865126,-87.66632375
0,415506,-1,30,0,0,0,1,7,2,2,0,0,0,0,-1,-1,-1,0,-1,1532,-1,-1,-1,-1,-1,-1,2,0,0,0,0,0,1,0,18,5,8,41.88826607,-87.75520769
0,415485,-1,30,0,0,0,1,10,5,2,0,0,0,0,-1,-1,-1,18,-1,1022,-1,-1,-1,-1,-1,-1,2,0,0,0,0,0,2,0,18,5,8,41.85214922,-87.69924434
0,415577,-1,30,6,0,0,1,12,2,-1,0,0,0,0,1,-1,-1,0,-1,333,-1,-1,-1,-1,-1,-1,2,0,0,0,0,0,2,0,18,5,8,41.76602778,-87.57644312
0,415507,-1,30,1,2,0,1,10,5,-1,1,0,0,0,1,-1,-1,18,0,2412,-1,-1,-1,-1,-1,-1,3,0,0,0,0,0,4,0,18,5,8,42.00509411,-87.68024198
2,415493,-1,30,0,-1,0,1,14,2,2,0,0,-1,1,-1,-1,-1,17,0,1424,-1,-1,-1,-1,-1,-1,2,3,0,0,3,0,1,0,18,5,8,41.90314887,-87.68576927
0,416809,-1,0,0,0,-1,-1,7,7,-1,0,-1,-1,0,-1,1,1,-1,-1,1432,-1,-1,-1,-1,-1,-1,2,0,0,0,0,0,1,0,18,5,8,41.92584529,-87.67883572
0,415471,-1,30,-1,-1,-1,-1,10,-1,-1,0,-1,-1,0,-1,-1,-1,0,-1,1621,-1,-1,-1,-1,-1,-1,3,0,0,0,0,0,4,0,18,5,8,41.98869333,-87.76661707
0,415486,-1,0,0,0,0,1,0,7,1,0,0,0,0,-1,1,-1,0,0,222,-1,-1,-1,-1,-1,-1,2,0,0,0,0,0,3,0,17,5,8,41.80977699,-87.59458693
0,415460,-1,30,0,0,0,1,14,2,-1,0,0,0,1,-1,-1,-1,11,17,822,-1,-1,-1,-1,-1,-1,2,0,0,0,0,0,3,0,17,5,8,41.78492213,-87.72278639
0,416909,-1,30,2,2,0,1,0,5,2,0,0,0,1,1,-1,-1,17,0,1633,-1,-1,-1,-1,-1,-1,2,0,0,0,0,0,2,0,17,5,8,41.9412942,-87.7764717
0,416528,-1,30,1,2,0,1,10,3,2,0,0,0,0,-1,-1,1,18,-1,111,-1,-1,-1,-1,-1,-1,2,0,0,0,0,0,2,0,17,5,8,41.88809629,-87.62517728
0,415528,-1,30,-1,-1,-1,-1,2,3,2,0,-1,-1,0,-1,1,1,-1,-1,524,-1,-1,-1,-1,-1,-1,1,0,0,0,0,0,1,0,17,5,8,41.67374571,-87.64191879
0,415451,-1,30,0,0,0,1,14,5,-1,0,0,-1,0,-1,-1,-1,17,-1,1623,-1,-1,-1,-1,-1,-1,2,0,0,0,0,0,2,0,17,5,8,41.97311622,-87.76527212
0,415436,-1,30,1,2,0,1,14,5,-1,0,0,-1,0,1,-1,-1,22,21,1822,-1,-1,-1,-1,-1,-1,2,0,0,0,0,0,2,0,17,5,8,41.90382523,-87.64328636
0,415494,-1,30,-1,-1,0,1,10,5,2,0,0,-1,0,-1,-1,-1,0,0,412,-1,-1,-1,-1,-1,-1,3,0,0,0,0,0,3,0,17,5,8,41.7370457,-87.56873001
-1,415438,-1,35,0,0,0,1,7,6,3,0,0,0,0,-1,-1,-1,18,-1,211,-1,-1,-1,-1,-1,-1,2,-1,-1,-1,-1,-1,-1,-1,17,5,8,41.83531041,-87.62170676
0,415709,-1,30,0,0,0,1,12,6,-1,0,0,0,0,-1,-1,-1,21,16,722,-1,-1,-1,-1,-1,-1,2,0,0,0,0,0,2,0,17,5,8,41.77222274,-87.62979595
0,415538,-1,30,0,0,0,1,10,2,-1,0,0,0,0,-1,-1,-1,0,0,2211,-1,-1,-1,-1,-1,-1,2,0,0,0,0,0,2,0,17,5,8,41.68716117,-87.73943251
0,415435,-1,25,2,2,0,1,9,5,-1,0,0,0,0,1,-1,-1,0,0,2433,-1,-1,-1,-1,-1,-1,2,0,0,0,0,0,2,0,17,5,8,41.99448446,-87.6568043
0,415449,-1,30,2,-1,0,1,0,5,2,0,0,-1,1,-1,-1,-1,17,0,1613,-1,-1,-1,-1,-1,-1,3,0,0,0,0,0,3,0,17,5,8,41.97191694,-87.78801095
0,419541,-1,25,0,0,0,1,7,6,1,0,0,0,0,-1,-1,1,0,0,1723,-1,-1,-1,-1,-1,-1,2,0,0,0,0,0,1,0,17,5,8,41.96487989,-87.7253423
2,416540,-1,30,2,2,0,1,9,5,-1,0,0,0,1,1,-1,-1,5,-1,831,-1,-1,-1,-1,-1,-1,2,1,0,0,1,0,1,0,17,5,8,41.76434383,-87.69816019
0,416386,-1,30,0,0,0,1,7,5,2,0,0,0,0,-1,-1,-1,20,-1,924,-1,-1,-1,-1,-1,-1,2,0,0,0,0,0,1,0,17,5,8,41.81210515,-87.67007183
0,415432,-1,30,0,12,0,1,10,5,-1,0,0,0,0,-1,-1,-1,18,18,1613,-1,-1,-1,-1,-1,-1,2,0,0,0,0,0,2,0,17,5,8,41.98186745,-87.80679383