MOST_SEVERE_INJURY,RD_NO,CRASH_DATE_EST_I,POSTED_SPEED_LIMIT,TRAFFIC_CONTROL_DEVICE,DEVICE_CONDITION,WEATHER_CONDITION,LIGHTING_CONDITION,FIRST_CRASH_TYPE,TRAFFICWAY_TYPE,LANE_CNT,ALIGNMENT,ROADWAY_SURFACE_COND,ROAD_DEFECT,CRASH_TYPE,INTERSECTION_RELATED_I,NOT_RIGHT_OF_WAY_I,HIT_AND_RUN_I,PRIM_CONTRIBUTORY_CAUSE,SEC_CONTRIBUTORY_CAUSE,BEAT_OF_OCCURRENCE,PHOTOS_TAKEN_I,STATEMENTS_TAKEN_I,DOORING_I,WORK_ZONE_I,WORK_ZONE_TYPE,WORKERS_PRESENT_I,NUM_UNITS,INJURIES_TOTAL,INJURIES_FATAL,INJURIES_INCAPACITATING,INJURIES_NON_INCAPACITATING,INJURIES_REPORTED_NOT_EVIDENT,INJURIES_NO_INDICATION,INJURIES_UNKNOWN,CRASH_HOUR,CRASH_DAY_OF_WEEK,CRASH_MONTH,LATITUDE,LONGITUDE
0,415555,-1,30,0,0,0,1,10,5,6,0,0,0,0,-1,-1,1,18,0,1834,-1,-1,-1,-1,-1,-1,2,0,0,0,0,0,2,0,17,5,8,41.89202564,-87.61352893
2,415445,-1,30,1,2,0,1,10,5,2,0,0,0,1,-1,-1,-1,16,18,223,-1,-1,-1,-1,-1,-1,2,1,0,0,1,0,2,0,17,5,8,41.80936837,-87.61159746
0,415475,-1,30,1,2,0,1,10,5,2,0,0,0,0,-1,-1,1,0,-1,1215,-1,-1,-1,-1,-1,-1,2,0,0,0,0,0,2,0,17,5,8,41.88546439,-87.66576024
0,415715,-1,30,0,0,0,1,7,7,-1,0,0,0,0,-1,-1,-1,0,0,2031,-1,-1,-1,-1,-1,-1,2,0,0,0,0,0,1,0,17,5,8,41.96874385,-87.68793653
0,415455,-1,30,0,0,0,1,11,5,2,0,0,0,0,-1,-1,-1,11,0,1013,-1,-1,-1,-1,-1,-1,2,0,0,0,0,0,2,0,17,5,8,41.85151781,-87.7200176
0,415418,-1,30,1,2,0,1,14,5,4,0,0,0,1,-1,-1,-1,6,16,725,-1,-1,-1,-1,-1,-1,2,0,0,0,0,0,3,0,17,5,8,41.76866055,-87.66396288
0,416513,1,30,1,2,0,1,10,5,-1,0,0,0,0,-1,-1,-1,18,-1,1231,-1,-1,-1,-1,-1,-1,2,0,0,0,0,0,2,0,17,5,8,41.87771859,-87.66767162
0,415576,-1,30,2,2,0,1,7,6,-1,0,0,0,0,-1,-1,-1,12,12,1031,-1,-1,-1,-1,-1,-1,2,0,0,0,0,0,2,0,17,5,8,41.84220777,-87.73286513
0,415524,-1,10,0,0,0,1,7,7,-1,0,0,0,0,-1,-1,1,20,-1,834,-1,-1,-1,-1,-1,-1,2,0,0,0,0,0,1,0,17,5,8,41.73539781,-87.70220968
0,415450,-1,30,0,0,0,1,10,6,3,0,0,0,0,-1,-1,-1,0,-1,1232,-1,-1,-1,-1,-1,-1,2,0,0,0,0,0,4,0,17,5,8,41.86625956,-87.645233
0,415397,-1,30,0,0,0,1,12,5,-1,0,0,0,0,-1,-1,-1,0,0,121,-1,-1,-1,-1,-1,-1,2,0,0,0,0,0,2,0,17,5,8,41.88047977,-87.6397182
0,415354,-1,35,1,2,0,1,12,5,4,0,0,0,1,1,-1,-1,22,-1,1134,-1,-1,-1,-1,-1,-1,2,0,0,0,0,0,3,0,17,5,8,41.87277866,-87.70113015
0,423446,-1,30,0,0,0,1,7,7,1,0,0,0,0,-1,1,1,20,18,1224,-1,-1,-1,-1,-1,-1,2,0,0,0,0,0,1,0,17,5,8,41.88132153,-87.66456138
0,416346,-1,20,0,0,0,1,8,5,-1,0,0,0,0,-1,-1,1,0,-1,2212,-1,-1,-1,-1,-1,-1,2,0,0,0,0,0,2,0,17,5,8,41.69915455,-87.67137302
0,415444,1,30,0,0,-1,-1,7,6,1,0,-1,-1,0,-1,-1,1,0,-1,1921,-1,-1,-1,-1,-1,-1,2,0,0,0,0,0,1,0,17,5,8,41.94033685,-87.68152353
0,415424,-1,30,0,0,0,1,0,7,-1,0,0,0,0,-1,-1,1,22,-1,912,-1,-1,-1,-1,-1,-1,2,0,0,0,0,0,4,0,17,5,8,41.83391457,-87.67529072
0,415399,-1,30,0,0,0,1,7,2,2,0,0,0,0,-1,-1,1,0,0,2515,-1,-1,-1,-1,-1,-1,2,0,0,0,0,0,1,0,17,5,8,41.9199624,-87.77174407
0,415368,-1,30,2,2,0,1,12,5,2,0,0,0,0,1,-1,-1,22,-1,1231,-1,-1,-1,-1,-1,-1,2,0,0,0,0,0,2,0,17,5,8,41.86928476,-87.6688219
0,415365,-1,30,1,2,0,1,12,5,-1,0,0,0,0,1,-1,-1,0,0,1834,-1,-1,-1,-1,-1,-1,2,0,0,0,0,0,2,0,17,5,8,41.89403523,-87.62438295
0,415446,-1,30,2,2,0,1,14,5,1,0,0,0,0,-1,-1,-1,21,-1,1034,-1,-1,-1,-1,-1,-1,2,0,0,0,0,0,3,0,16,5,8,41.85138029,-87.67569331
0,415381,-1,15,0,0,0,1,2,1,-1,0,0,0,1,-1,1,1,15,-1,1222,-1,-1,-1,-1,-1,-1,1,0,0,0,0,0,1,0,16,5,8,41.88662792,-87.69806063
0,415386,-1,30,0,0,0,1,0,7,-1,0,0,0,0,-1,1,1,17,20,912,-1,-1,-1,-1,-1,-1,2,0,0,0,0,0,2,0,16,5,8,41.83414739,-87.67459786
0,415369,-1,30,0,0,0,1,12,5,2,2,0,0,0,-1,-1,-1,0,0,1034,-1,-1,-1,-1,-1,-1,3,0,0,0,0,0,2,0,16,5,8,41.84814622,-87.69057764
2,415377,-1,30,0,0,0,1,8,5,4,0,0,0,1,-1,-1,-1,21,17,1833,-1,-1,-1,-1,-1,-1,2,1,0,0,1,0,1,0,16,5,8,41.89668927,-87.61970125
0,415334,-1,30,-1,-1,-1,-1,0,-1,-1,0,-1,-1,0,-1,-1,-1,0,-1,1623,-1,-1,-1,-1,-1,-1,2,0,0,0,0,0,3,0,16,5,8,41.96078992,-87.75115002
0,415545,-1,30,1,2,0,1,14,5,4,0,0,0,0,1,-1,1,23,-1,1834,-1,-1,-1,-1,-1,-1,2,0,0,0,0,0,2,0,16,5,8,41.89329368,-87.6203929
0,415383,-1,30,0,0,0,1,7,6,2,0,0,-1,0,-1,-1,1,0,-1,122,-1,-1,-1,-1,-1,-1,2,0,0,0,0,0,1,0,16,5,8,41.8860284,-87.63408498
0,415335,-1,30,0,0,0,1,10,5,4,0,0,0,0,-1,-1,-1,16,16,2211,-1,-1,-1,-1,-1,-1,2,0,0,0,0,0,2,0,16,5,8,41.70287511,-87.72063482
0,415301,-1,30,0,0,0,1,7,6,-1,0,0,0,0,-1,-1,-1,11,20,511,-1,-1,-1,-1,-1,-1,2,0,0,0,0,0,2,0,16,5,8,41.71305366,-87.63071673
0,415767,-1,30,0,0,0,4,14,2,-1,0,0,3,0,-1,-1,-1,11,11,1834,-1,-1,-1,-1,-1,-1,2,0,0,0,0,0,2,0,16,5,8,41.89540854,-87.62018886
0,415522,-1,30,0,-1,0,1,0,7,4,0,0,-1,0,-1,-1,-1,16,0,1011,-1,-1,-1,-1,-1,-1,2,0,0,0,0,0,2,0,16,5,8,41.86612813,-87.72026401
0,415404,-1,30,1,2,0,1,10,2,4,0,0,0,0,-1,-1,-1,0,-1,1424,-1,-1,-1,-1,-1,-1,2,0,0,0,0,0,2,0,16,5,8,41.90764348,-87.67296387
0,415333,-1,30,0,0,0,1,10,5,4,0,0,0,0,1,-1,-1,0,0,1134,-1,-1,-1,-1,-1,-1,2,0,0,0,0,0,2,0,16,5,8,41.86646903,-87.70977885
0,415350,-1,30,0,0,0,1,10,6,-1,0,0,0,0,-1,-1,-1,18,-1,1214,-1,-1,-1,-1,-1,-1,2,0,0,0,0,0,2,0,16,5,8,41.88580702,-87.6441719
1,415327,-1,20,0,0,0,1,3,0,1,0,0,-1,1,-1,-1,-1,25,16,1123,-1,-1,-1,-1,-1,-1,2,1,0,0,0,1,1,0,16,5,8,41.88350767,-87.70631767
0,415491,-1,30,0,0,0,1,2,0,-1,0,0,0,0,-1,1,0,25,-1,1222,-1,-1,-1,-1,-1,-1,1,0,0,0,0,0,1,0,16,5,8,41.88272747,-87.70221418
0,423168,-1,30,1,2,0,1,10,2,-1,0,0,0,0,1,-1,-1,18,-1,925,-1,-1,-1,-1,-1,-1,2,0,0,0,0,0,2,0,16,5,8,41.81876377,-87.64594189
0,417615,-1,35,0,0,0,1,10,5,4,0,0,0,0,-1,-1,-1,0,0,1614,-1,-1,-1,-1,-1,-1,2,0,0,0,0,0,2,0,16,5,8,41.95396632,-87.83683853
2,415836,-1,30,0,0,0,4,10,2,-1,0,-1,-1,1,0,-1,0,14,0,1123,-1,-1,-1,-1,-1,-1,2,1,0,0,1,0,1,0,16,5,8,41.88375249,-87.71123675
0,415443,-1,30,2,2,0,1,10,2,-1,0,0,-1,0,-1,-1,-1,18,0,424,-1,-1,-1,-1,-1,-1,2,0,0,0,0,0,2,0,16,5,8,41.73009356,-87.54304141
0,415408,-1,30,1,2,0,1,10,5,4,0,0,0,1,-1,-1,1,18,7,1022,-1,-1,-1,-1,-1,-1,2,0,0,0,0,0,3,0,16,5,8,41.86109716,-87.69603499
0,415338,-1,30,1,2,0,1,14,5,2,0,0,0,0,1,-1,-1,0,-1,114,-1,-1,-1,-1,-1,-1,2,0,0,0,0,0,3,0,16,5,8,41.88589685,-87.62053128
0,415320,-1,30,0,0,0,1,14,5,2,0,0,0,0,-1,-1,-1,17,11,2532,-1,-1,-1,-1,-1,-1,2,0,0,0,0,0,2,0,16,5,8,41.9099196,-87.75583677
0,415316,-1,30,1,2,0,1,12,5,4,0,0,0,0,1,-1,1,21,-1,2531,-1,-1,-1,-1,-1,-1,2,0,0,0,0,0,2,0,16,5,8,41.90948796,-87.76577699
0,415299,-1,30,0,0,0,1,10,5,2,0,0,0,0,-1,-1,-1,27,18,1924,-1,-1,-1,-1,-1,-1,3,0,0,0,0,0,3,0,16,5,8,41.94364615,-87.65382314
2,415291,-1,30,0,0,0,1,14,5,4,0,0,0,1,-1,-1,-1,17,-1,1622,-1,-1,-1,-1,-1,-1,3,3,0,0,1,2,2,0,15,5,8,41.97490598,-87.76864235
0,415267,-1,30,-1,-1,-1,-1,11,-1,-1,0,-1,-1,0,-1,-1,-1,0,-1,1623,-1,-1,-1,-1,-1,-1,2,0,0,0,0,0,2,0,15,5,8,41.96393667,-87.75726422
0,415308,-1,30,0,0,0,1,14,5,2,0,0,0,1,-1,-1,-1,8,-1,1033,-1,1,-1,-1,-1,-1,2,0,0,0,0,0,2,0,15,5,8,41.8374986,-87.69660078
0,415269,-1,35,0,0,0,1,12,2,2,0,0,0,0,-1,-1,1,0,0,1014,-1,-1,-1,-1,-1,-1,2,0,0,0,0,0,3,0,15,5,8,41.85193458,-87.72462254
0,415253,-1,30,1,2,0,1,12,5,4,0,0,0,0,-1,-1,0,22,11,713,-1,-1,-1,-1,-1,-1,2,0,0,0,0,0,2,0,15,5,8,41.77957754,-87.66417107
0,416493,-1,30,1,2,0,1,12,5,4,0,0,0,0,1,-1,-1,0,0,1214,-1,-1,-1,-1,-1,-1,2,0,0,0,0,0,2,0,15,5,8,41.89106981,-87.64784674
0,415252,-1,30,0,0,0,1,12,5,2,0,0,0,0,-1,-1,-1,0,0,623,-1,-1,-1,-1,-1,-1,2,0,0,0,0,0,2,0,15,5,8,41.75822839,-87.62007146
2,415245,-1,30,1,2,0,1,10,5,4,0,0,0,1,1,-1,-1,18,-1,2523,-1,-1,-1,-1,-1,-1,2,2,0,0,2,0,2,0,15,5,8,41.93183103,-87.72712687
0,415302,-1,30,0,0,0,1,7,5,-1,0,0,0,0,-1,-1,-1,22,16,1432,-1,-1,-1,-1,-1,-1,2,0,0,0,0,0,1,0,15,5,8,41.92085789,-87.68005753
0,419263,-1,30,0,0,0,1,7,5,-1,0,0,0,0,-1,-1,1,11,25,1732,-1,-1,-1,-1,-1,-1,2,0,0,0,0,0,4,0,15,5,8,41.95088156,-87.72032749
0,416637,-1,35,0,0,0,1,10,2,2,0,0,0,0,-1,-1,-1,0,0,1123,-1,-1,-1,-1,-1,-1,2,0,0,0,0,0,2,0,15,5,8,41.87737193,-87.71200003
0,415310,-1,30,2,2,0,1,0,5,-1,0,0,0,0,1,-1,-1,5,0,1231,-1,-1,-1,-1,-1,-1,2,0,0,0,0,0,2,0,15,5,8,41.87517436,-87.67356672
0,415279,-1,30,2,12,0,1,0,5,2,0,0,0,0,1,-1,-1,5,-1,1233,-1,-1,-1,-1,-1,-1,2,0,0,0,0,0,2,0,15,5,8,41.86492925,-87.67389544
-1,415278,-1,35,0,0,0,1,10,5,4,0,0,0,0,-1,-1,1,18,-1,1622,-1,-1,-1,-1,-1,-1,-1,-1,-1,-1,-1,-1,-1,-1,15,5,8,41.97572994,-87.76862658
0,415516,-1,30,0,0,0,1,12,5,4,0,0,0,0,-1,-1,1,17,-1,131,-1,-1,-1,-1,-1,-1,2,0,0,0,0,0,2,0,15,5,8,41.85234085,-87.62393737
0,415297,-1,30,2,0,0,1,14,5,2,0,0,0,0,0,-1,-1,17,5,1624,-1,-1,-1,-1,-1,-1,2,0,0,0,0,0,5,0,15,5,8,41.9587334,-87.75717729
0,415223,-1,30,0,0,0,1,10,5,4,1,0,0,1,-1,1,1,18,11,913,-1,-1,-1,-1,-1,-1,6,0,0,0,0,0,4,0,15,5,8,41.83832524,-87.66492633
0,422626,-1,30,0,0,0,1,10,-1,0,0,0,0,0,-1,-1,-1,16,-1,1013,-1,-1,-1,-1,-1,-1,2,0,0,0,0,0,2,0,15,5,8,41.85128849,-87.72385084
2,415270,-1,30,2,2,0,1,0,5,4,0,0,0,1,1,-1,-1,17,5,1221,-1,-1,-1,-1,-1,-1,2,1,0,0,1,0,2,0,15,5,8,41.889673,-87.67701892
0,415276,-1,5,0,0,0,1,7,7,-1,0,0,0,0,-1,1,1,0,-1,815,-1,-1,-1,-1,-1,-1,2,0,0,0,0,0,2,0,15,5,8,41.79799187,-87.72344374
0,415257,-1,30,1,3,0,1,0,5,-1,0,0,-1,0,1,-1,1,0,0,723,-1,-1,-1,-1,-1,-1,2,0,0,0,0,0,2,0,15,5,8,41.7796575,-87.64493099
0,415255,-1,30,1,2,0,1,10,12,2,0,0,0,1,1,-1,-1,16,18,331,-1,-1,-1,-1,-1,-1,2,0,0,0,0,0,2,0,15,5,8,41.7861704,-87.58562585
0,415315,-1,30,0,3,0,1,7,3,-1,0,0,0,0,-1,-1,1,0,-1,2232,-1,-1,-1,-1,-1,-1,2,0,0,0,0,0,1,0,15,5,8,41.70643264,-87.64267225
0,415271,-1,30,0,0,0,1,12,3,4,0,0,0,0,-1,-1,-1,22,-1,2233,-1,-1,-1,-1,-1,-1,2,0,0,0,0,0,2,0,15,5,8,41.69955202,-87.64245905
0,415268,-1,30,0,0,0,1,7,5,4,0,0,0,0,-1,-1,1,0,0,1724,-1,-1,-1,-1,-1,-1,2,0,0,0,0,0,1,0,15,5,8,41.95406189,-87.70275364
0,415240,-1,35,-1,-1,0,1,10,5,-1,0,0,-1,0,-1,-1,-1,0,-1,1621,-1,-1,-1,-1,-1,-1,2,0,0,0,0,0,2,0,15,5,8,41.99286467,-87.75747769
2,415195,-1,30,0,0,0,1,10,5,2,0,0,0,1,1,-1,1,0,-1,1013,-1,-1,-1,-1,-1,-1,2,1,0,0,1,0,1,0,14,5,8,41.84689289,-87.72448702
0,415229,-1,30,1,2,0,1,10,5,-1,0,0,-1,0,-1,-1,-1,17,-1,1711,-1,-1,-1,-1,-1,-1,2,0,0,0,0,0,2,0,14,5,8,41.99012714,-87.73842127
0,415306,-1,40,0,0,0,1,10,3,4,0,0,0,0,-1,-1,1,18,-1,1833,-1,-1,-1,-1,-1,-1,3,0,0,0,0,0,3,0,14,5,8,41.89683927,-87.6168843
0,415206,-1,0,0,0,0,1,10,5,-1,0,0,0,0,-1,-1,-1,11,0,632,-1,-1,-1,-1,-1,-1,2,0,0,0,0,0,3,0,14,5,8,41.73662876,-87.6134191
0,415210,-1,30,1,2,0,1,10,3,-1,0,0,0,0,-1,-1,1,-1,-1,712,-1,-1,-1,-1,-1,-1,2,0,0,0,0,0,2,0,14,5,8,41.79383347,-87.64520728
0,415517,-1,30,1,2,0,1,10,6,-1,0,0,0,1,-1,-1,-1,0,-1,121,-1,-1,-1,-1,-1,-1,2,0,0,0,0,0,2,0,14,5,8,41.88439067,-87.64435139
0,415168,-1,30,0,0,0,1,10,5,-1,0,0,0,0,-1,-1,-1,18,18,1622,-1,-1,-1,-1,-1,-1,2,0,0,0,0,0,2,0,14,5,8,41.9839097,-87.76846945
0,415214,-1,0,0,0,0,1,7,7,-1,0,0,0,0,-1,1,-1,0,0,2514,-1,-1,-1,-1,-1,-1,2,0,0,0,0,0,1,0,14,5,8,41.93852705,-87.76165481
0,415199,-1,10,0,0,0,1,7,7,-1,0,0,0,0,-1,-1,1,0,-1,131,-1,-1,-1,-1,-1,-1,2,0,0,0,0,0,1,0,14,5,8,41.85372492,-87.62398467
0,415186,-1,30,1,2,0,1,0,5,5,0,0,0,0,1,-1,-1,17,0,623,-1,-1,-1,-1,-1,-1,2,0,0,0,0,0,3,0,14,5,8,41.75809218,-87.62490223
0,415171,-1,5,0,0,0,1,7,7,1,0,0,0,1,-1,1,-1,11,-1,925,-1,-1,-1,-1,-1,-1,3,0,0,0,0,0,1,0,14,5,8,41.81749336,-87.6459092
0,424696,1,30,0,0,0,1,12,5,-1,0,0,0,0,-1,-1,-1,22,-1,2412,-1,-1,-1,-1,-1,-1,2,0,0,0,0,0,2,0,14,5,8,41.99983997,-87.67785652
0,415193,-1,30,1,2,0,1,12,6,2,0,0,0,0,1,-1,-1,17,0,1925,-1,-1,-1,-1,-1,-1,2,0,0,0,0,0,2,0,14,5,8,41.94107221,-87.63917227
0,415406,1,30,0,0,0,1,2,6,1,0,0,0,1,-1,-1,0,0,-1,2232,-1,-1,-1,-1,-1,-1,1,0,0,0,0,0,1,0,14,5,8,41.71395908,-87.63391759
0,415222,-1,30,2,2,0,1,14,12,2,0,0,0,0,1,-1,-1,0,0,1922,-1,-1,-1,-1,-1,-1,2,0,0,0,0,0,2,0,14,5,8,41.95220318,-87.67756002
0,415321,-1,15,1,2,0,1,10,5,-1,0,0,0,0,-1,-1,-1,18,16,1651,-1,-1,-1,-1,-1,-1,2,0,0,0,0,0,2,0,14,5,8,41.97620114,-87.90530913
0,415272,-1,35,0,0,0,1,10,5,-1,0,0,0,0,-1,-1,-1,13,22,1023,-1,-1,-1,-1,-1,-1,2,0,0,0,0,0,2,0,14,5,8,41.86416164,-87.68803709
0,415201,-1,30,1,2,0,1,0,3,4,0,0,0,1,1,-1,0,6,-1,323,-1,-1,-1,-1,-1,-1,2,0,0,0,0,0,2,0,14,5,8,41.75820098,-87.62461187
0,423024,-1,30,-1,-1,-1,1,4,3,-1,0,0,1,0,-1,-1,-1,-1,29,114,-1,-1,-1,-1,-1,-1,1,0,0,0,0,0,1,0,14,5,8,41.88352921,-87.62426639
0,415170,-1,30,0,0,0,1,2,3,4,0,0,0,0,-1,1,-1,0,0,1722,-1,-1,-1,-1,-1,-1,1,0,0,0,0,0,1,0,14,5,8,41.96080589,-87.747396
0,416612,-1,30,0,0,0,1,10,2,4,0,0,-1,0,-1,-1,-1,18,0,331,-1,-1,-1,-1,-1,-1,3,0,0,0,0,0,3,0,14,5,8,41.77549562,-87.57280695
0,415858,-1,30,1,2,0,1,14,2,-1,0,0,0,0,-1,-1,1,23,-1,1624,-1,-1,-1,-1,-1,-1,2,0,0,0,0,0,2,0,14,5,8,41.95997195,-87.76707886
0,415532,-1,30,0,0,0,1,7,5,-1,0,0,0,0,-1,-1,1,0,0,1935,-1,-1,-1,-1,-1,-1,2,0,0,0,0,0,1,0,14,5,8,41.92666388,-87.64413685
0,415311,-1,30,2,2,0,1,14,5,2,0,0,0,0,1,-1,-1,17,16,1421,-1,-1,-1,-1,-1,-1,2,0,0,0,0,0,2,0,14,5,8,41.9103386,-87.69590752
3,415176,-1,35,1,2,0,1,14,5,-1,0,0,0,1,1,-1,-1,14,0,821,-1,-1,-1,-1,-1,-1,4,2,0,2,0,0,4,0,14,5,8,41.81905229,-87.72381922
0,415132,-1,30,0,0,0,1,9,2,2,0,0,0,0,-1,-1,-1,17,-1,1723,-1,-1,-1,-1,-1,-1,2,0,0,0,0,0,2,0,14,5,8,41.95556977,-87.72752398
3,415148,-1,30,1,2,0,1,12,5,-1,0,0,0,1,1,-1,1,0,0,1232,1,1,-1,-1,-1,-1,3,2,0,1,0,1,1,0,13,5,8,41.86712525,-87.64706481
0,415362,-1,30,1,2,0,1,10,2,2,0,0,0,0,-1,-1,-1,18,0,2221,-1,-1,-1,-1,-1,-1,2,0,0,0,0,0,3,0,13,5,8,41.7212937,-87.66482918
0,415239,-1,30,0,0,0,1,10,5,-1,0,0,0,0,-1,-1,-1,18,16,1422,-1,-1,-1,-1,-1,-1,2,0,0,0,0,0,2,0,13,5,8,41.91012407,-87.71484226
0,415146,-1,30,0,0,0,1,7,5,2,0,0,0,0,-1,-1,-1,0,0,412,-1,-1,-1,-1,-1,-1,2,0,0,0,0,0,1,0,13,5,8,41.73682263,-87.58578342
2,415143,-1,35,0,0,0,1,10,5,-1,0,0,0,1,-1,-1,-1,18,16,2211,-1,-1,-1,-1,-1,-1,3,1,0,0,1,0,4,0,13,5,8,41.6839644,-87.72733909
2,415126,-1,30,0,0,0,1,9,5,4,0,0,0,1,-1,-1,-1,4,-1,1231,-1,-1,-1,-1,-1,-1,2,1,0,0,1,0,1,0,13,5,8,41.87250627,-87.6689153
2,415130,-1,30,2,2,0,1,10,3,2,0,0,0,1,1,-1,-1,16,16,1421,-1,-1,-1,-1,-1,-1,2,1,0,0,1,0,1,0,13,5,8,41.91562241,-87.70706394
0,416141,-1,25,0,0,0,1,7,5,-1,0,0,0,0,-1,-1,-1,17,-1,2512,-1,-1,-1,-1,-1,-1,2,0,0,0,0,0,1,0,13,5,8,41.92137942,-87.77945586
0,415164,-1,30,0,0,0,1,12,2,-1,0,0,0,0,-1,-1,-1,-1,-1,832,-1,-1,-1,-1,-1,-1,2,0,0,0,0,0,2,0,13,5,8,41.76642349,-87.68343756
0,415131,-1,30,0,0,0,1,7,6,2,0,0,0,0,-1,-1,1,0,-1,1831,-1,-1,-1,-1,-1,-1,2,0,0,0,0,0,1,0,13,5,8,41.89488058,-87.63573664
0,415123,-1,30,0,0,0,1,12,2,2,0,0,0,0,-1,-1,-1,22,22,1733,-1,-1,-1,-1,-1,-1,2,0,0,0,0,0,2,0,13,5,8,41.94344014,-87.71247383
0,415120,-1,30,2,2,0,1,10,5,-1,3,0,0,0,-1,-1,-1,0,0,2212,-1,-1,-1,-1,-1,-1,2,0,0,0,0,0,2,0,13,5,8,41.69256268,-87.67135274
0,415077,-1,30,1,2,0,1,12,3,4,0,0,0,0,-1,-1,1,21,-1,1231,-1,-1,-1,-1,-1,-1,2,0,0,0,0,0,3,0,13,5,8,41.86694006,-87.66653243
3,415183,-1,30,1,2,0,3,12,3,2,0,0,0,1,1,-1,-1,17,-1,111,-1,-1,-1,-1,-1,-1,2,1,0,1,0,0,2,0,13,5,8,41.88667934,-87.63021759
0,415184,-1,30,0,0,0,1,12,5,-1,0,0,0,0,-1,-1,-1,16,22,2512,-1,-1,-1,-1,-1,-1,2,0,0,0,0,0,3,0,13,5,8,41.9235606,-87.78638591
0,415149,-1,30,0,0,0,1,7,6,-1,0,0,-1,0,-1,-1,1,0,-1,611,-1,-1,-1,-1,-1,-1,2,0,0,0,0,0,1,0,13,5,8,41.75453161,-87.66854703
0,415076,-1,30,0,0,0,1,0,5,4,0,0,0,1,-1,-1,-1,33,-1,2022,-1,-1,-1,-1,-1,-1,2,0,0,0,0,0,2,0,12,5,8,41.98676153,-87.65543234
1,415122,-1,30,1,2,0,1,10,5,4,0,0,0,1,1,-1,1,0,0,511,-1,-1,-1,-1,-1,-1,2,2,0,0,0,2,1,0,12,5,8,41.71467117,-87.62025641
0,415044,-1,30,0,0,0,1,12,3,4,0,0,0,1,-1,-1,-1,17,-1,111,-1,-1,-1,-1,-1,-1,2,0,0,0,0,0,2,0,12,5,8,41.88616082,-87.62809605
0,414996,-1,30,0,0,0,1,7,6,1,0,0,0,0,-1,-1,-1,0,-1,1032,-1,-1,-1,-1,-1,-1,2,0,0,0,0,0,1,0,12,5,8,41.84275584,-87.71093561
0,415127,-1,30,0,0,0,1,2,5,-1,0,0,3,0,-1,-1,-1,28,-1,1411,-1,-1,-1,-1,-1,-1,1,0,0,0,0,0,1,0,12,5,8,41.93572042,-87.70276046
0,415096,-1,30,2,2,0,1,10,5,4,0,0,0,0,-1,-1,-1,18,-1,531,-1,-1,-1,-1,-1,-1,2,0,0,0,0,0,2,0,12,5,8,41.69274398,-87.60328865
2,415001,1,30,0,0,0,1,10,5,-1,0,0,0,1,-1,-1,-1,16,0,825,-1,-1,-1,-1,-1,-1,3,3,0,0,3,0,2,0,12,5,8,41.78463932,-87.68393594
0,434829,-1,30,0,0,0,1,12,5,-1,0,0,0,0,-1,-1,-1,17,0,1925,-1,-1,-1,-1,-1,-1,2,0,0,0,0,0,2,0,12,5,8,41.94130645,-87.63969268
0,415051,-1,30,0,0,0,1,10,5,-1,0,0,0,0,-1,-1,-1,18,16,2412,-1,-1,-1,-1,-1,-1,2,0,0,0,0,0,2,0,12,5,8,41.99938757,-87.70472697
0,415041,-1,30,0,0,0,1,2,7,-1,0,0,0,0,-1,1,-1,0,-1,921,-1,-1,-1,-1,-1,-1,1,0,0,0,0,0,1,0,12,5,8,41.81725811,-87.69931227
0,415011,-1,30,1,2,0,1,14,2,2,0,0,0,1,1,-1,-1,17,-1,1034,-1,-1,-1,-1,-1,-1,2,0,0,0,0,0,2,0,12,5,8,41.84842417,-87.67343771
0,414975,-1,30,0,0,0,1,0,1,-1,0,0,0,1,-1,-1,1,17,-1,833,-1,1,-1,-1,-1,-1,2,0,0,0,0,0,5,0,12,5,8,41.77101349,-87.72241929
0,414974,-1,30,0,0,0,1,2,5,2,0,0,0,1,-1,-1,-1,13,0,1822,-1,-1,-1,-1,-1,-1,1,0,0,0,0,0,1,0,12,5,8,41.90349641,-87.65076064
0,415004,-1,30,0,0,0,1,7,7,0,0,0,0,0,-1,-1,1,20,0,511,-1,-1,-1,-1,-1,-1,2,0,0,0,0,0,1,0,12,5,8,41.7124749,-87.61996083
0,417790,-1,30,0,0,0,1,14,2,-1,0,0,0,0,-1,-1,-1,0,0,1733,-1,-1,-1,-1,-1,-1,2,0,0,0,0,0,2,0,12,5,8,41.94515064,-87.70793142
0,415235,-1,5,-1,-1,0,1,7,7,1,2,0,-1,0,-1,1,-1,0,-1,831,-1,-1,-1,-1,-1,-1,2,0,0,0,0,0,1,0,12,5,8,41.7744471,-87.70800189
0,415056,-1,30,1,2,0,1,12,5,-1,0,0,0,0,1,-1,-1,11,-1,1733,-1,-1,-1,-1,-1,-1,2,0,0,0,0,0,2,0,12,5,8,41.94488435,-87.70792515
0,414960,-1,30,1,-1,0,1,12,5,-1,0,0,0,0,-1,-1,1,17,-1,1712,-1,-1,-1,-1,-1,-1,2,0,0,0,0,0,2,0,12,5,8,41.97557689,-87.71377318
0,414958,-1,20,0,0,0,1,7,3,2,0,0,0,1,-1,-1,-1,8,-1,1622,-1,-1,-1,-1,-1,-1,2,0,0,0,0,0,1,0,11,5,8,41.98761637,-87.7817498