MOST_SEVERE_INJURY,RD_NO,CRASH_DATE_EST_I,POSTED_SPEED_LIMIT,TRAFFIC_CONTROL_DEVICE,DEVICE_CONDITION,WEATHER_CONDITION,LIGHTING_CONDITION,FIRST_CRASH_TYPE,TRAFFICWAY_TYPE,LANE_CNT,ALIGNMENT,ROADWAY_SURFACE_COND,ROAD_DEFECT,CRASH_TYPE,INTERSECTION_RELATED_I,NOT_RIGHT_OF_WAY_I,HIT_AND_RUN_I,PRIM_CONTRIBUTORY_CAUSE,SEC_CONTRIBUTORY_CAUSE,BEAT_OF_OCCURRENCE,PHOTOS_TAKEN_I,STATEMENTS_TAKEN_I,DOORING_I,WORK_ZONE_I,WORK_ZONE_TYPE,WORKERS_PRESENT_I,NUM_UNITS,INJURIES_TOTAL,INJURIES_FATAL,INJURIES_INCAPACITATING,INJURIES_NON_INCAPACITATING,INJURIES_REPORTED_NOT_EVIDENT,INJURIES_NO_INDICATION,INJURIES_UNKNOWN,CRASH_HOUR,CRASH_DAY_OF_WEEK,CRASH_MONTH,LATITUDE,LONGITUDE
2,414967,-1,25,0,0,0,1,12,6,1,0,0,0,1,-1,-1,-1,17,-1,1211,-1,-1,-1,-1,-1,-1,2,1,0,0,1,0,2,0,11,5,8,41.90276663,-87.69798292
0,414932,-1,20,0,0,0,1,7,6,-1,0,0,0,0,-1,-1,-1,0,0,2512,-1,-1,-1,-1,-1,-1,2,0,0,0,0,0,2,0,11,5,8,41.91930508,-87.80045957
2,414929,-1,30,0,0,0,1,8,2,2,0,0,0,1,-1,-1,-1,0,-1,1434,-1,-1,-1,-1,-1,-1,2,1,0,0,1,0,2,0,11,5,8,41.91737157,-87.67775478
0,414983,-1,30,-1,-1,0,1,14,6,2,0,0,0,0,0,-1,-1,17,-1,121,-1,-1,-1,-1,-1,-1,2,0,0,0,0,0,2,0,11,5,8,41.88439067,-87.64435139
0,414951,-1,30,1,2,0,1,12,5,-1,0,0,0,0,-1,-1,-1,21,-1,1822,-1,-1,-1,-1,-1,-1,2,0,0,0,0,0,2,0,11,5,8,41.90828688,-87.64805656
0,414860,-1,30,0,0,0,1,7,5,-1,0,0,-1,0,-1,-1,-1,11,-1,2012,-1,-1,-1,-1,-1,-1,2,0,0,0,0,0,2,0,11,5,8,41.98685483,-87.67029838
0,414916,-1,30,1,2,0,1,12,3,3,0,0,0,0,-1,-1,-1,16,18,2223,-1,-1,-1,-1,-1,-1,2,0,0,0,0,0,2,0,11,5,8,41.71521487,-87.64319062
0,415492,-1,30,0,0,0,1,7,5,-1,0,0,0,0,-1,-1,1,0,-1,1223,-1,-1,-1,-1,-1,-1,2,0,0,0,0,0,1,0,11,5,8,41.88615707,-87.67199753
0,414990,-1,30,1,2,0,1,14,6,2,0,0,0,0,-1,-1,-1,23,-1,122,-1,-1,-1,-1,-1,-1,2,0,0,0,0,0,2,0,11,5,8,41.87930129,-87.63116779
0,414884,-1,30,0,0,0,1,7,0,-1,0,0,0,0,-1,-1,-1,20,-1,1133,-1,-1,-1,-1,-1,-1,2,0,0,0,0,0,1,0,11,5,8,41.87529202,-87.71506222
0,414912,-1,30,0,0,0,1,2,3,2,0,0,0,1,-1,-1,-1,29,11,1233,-1,-1,-1,-1,-1,-1,1,0,0,0,0,0,1,0,11,5,8,41.86239832,-87.67599316
0,414922,-1,30,0,0,0,1,7,6,1,0,0,0,0,-1,-1,-1,17,-1,1832,-1,-1,-1,-1,-1,-1,2,0,0,0,0,0,1,0,11,5,8,41.89491339,-87.63328376
0,414891,-1,30,2,0,0,1,10,5,-1,0,0,0,0,-1,-1,-1,20,-1,2221,-1,-1,-1,-1,-1,-1,2,0,0,0,0,0,2,0,11,5,8,41.73408287,-87.66295678
0,417052,-1,30,0,0,0,1,0,5,-1,0,0,0,0,-1,-1,-1,0,0,322,-1,-1,-1,-1,-1,-1,2,0,0,0,0,0,2,0,11,5,8,41.77263463,-87.62527215
0,415273,-1,35,1,2,0,1,12,2,-1,0,0,0,0,-1,-1,1,22,-1,614,-1,-1,-1,-1,-1,-1,2,0,0,0,0,0,2,0,11,5,8,41.73751858,-87.66325375
0,414969,-1,30,2,2,0,1,10,5,2,0,0,0,0,1,-1,-1,8,0,2221,-1,-1,-1,-1,-1,-1,2,0,0,0,0,0,2,0,11,5,8,41.73408287,-87.66295678
0,414906,-1,30,1,2,0,1,10,3,-1,0,0,0,0,-1,-1,-1,18,18,813,-1,-1,-1,-1,-1,-1,2,0,0,0,0,0,2,0,11,5,8,41.77853807,-87.74235588
0,414862,-1,30,0,0,0,1,7,6,-1,0,0,0,0,-1,-1,-1,23,-1,1832,-1,-1,-1,-1,-1,-1,2,0,0,0,0,0,3,0,11,5,8,41.89924456,-87.62867973
0,443254,-1,30,0,0,0,1,10,12,1,0,0,0,0,-1,-1,-1,20,0,1023,-1,-1,-1,-1,-1,-1,2,0,0,0,0,0,2,0,10,5,8,41.86464673,-87.68600251
0,414839,1,30,1,2,1,1,10,5,-1,0,0,0,0,-1,-1,-1,18,-1,1232,-1,1,-1,-1,-1,-1,2,0,0,0,0,0,2,0,10,5,8,41.86951082,-87.64710469
0,414923,-1,15,0,0,0,1,0,7,-1,0,0,0,0,-1,-1,1,17,20,2531,-1,-1,-1,-1,-1,-1,2,0,0,0,0,0,2,0,10,5,8,41.90897892,-87.76600936
0,414824,-1,35,0,0,0,1,14,5,2,0,-1,-1,0,-1,-1,-1,17,-1,324,1,1,-1,-1,-1,-1,2,0,0,0,0,0,2,0,10,5,8,41.75885221,-87.58876722
0,414821,-1,30,1,2,0,1,10,2,2,0,0,0,0,-1,-1,-1,18,0,614,-1,-1,-1,-1,-1,-1,3,0,0,0,0,0,3,0,10,5,8,41.74298811,-87.67311158
1,414871,-1,30,0,0,0,1,10,5,4,2,0,0,1,-1,-1,-1,18,-1,1111,-1,-1,-1,-1,-1,-1,2,5,0,0,0,5,0,0,10,5,8,41.89489597,-87.74569035
0,424669,-1,40,0,-1,-1,-1,10,5,-1,0,-1,-1,0,-1,-1,-1,0,-1,1814,-1,-1,-1,-1,-1,-1,2,0,0,0,0,0,2,0,10,5,8,41.91128949,-87.62651775
0,417558,-1,25,0,0,0,1,10,12,-1,0,0,0,0,-1,-1,-1,18,-1,2424,-1,-1,-1,-1,-1,-1,2,0,0,0,0,0,2,0,10,5,8,42.00624634,-87.67347616
0,415572,1,30,0,0,-1,-1,7,6,-1,0,-1,-1,0,-1,-1,1,0,-1,2023,-1,-1,-1,-1,-1,-1,2,0,0,0,0,0,1,0,10,5,8,41.98176176,-87.65671019
0,415158,-1,30,0,0,0,1,4,5,-1,0,0,0,0,-1,-1,-1,0,-1,2535,-1,-1,-1,-1,-1,-1,1,0,0,0,0,0,1,0,10,5,8,41.90276732,-87.72523304
2,414797,-1,30,0,0,0,1,0,5,1,0,0,2,1,-1,-1,1,0,0,323,-1,-1,-1,-1,-1,-1,2,2,0,0,2,0,1,0,10,5,8,41.7584188,-87.62060659
0,414883,-1,30,0,0,0,1,7,5,2,0,0,0,0,-1,-1,-1,0,-1,914,-1,-1,-1,-1,-1,-1,2,0,0,0,0,0,1,0,9,5,8,41.84437293,-87.64131399
0,414805,-1,30,0,0,0,1,2,5,-1,0,0,0,0,-1,1,-1,9,16,2232,-1,-1,-1,-1,-1,-1,1,0,0,0,0,0,1,0,9,5,8,41.70705619,-87.64055308
0,415028,-1,30,0,0,0,1,7,2,4,0,0,0,0,-1,-1,-1,0,0,2524,-1,-1,-1,-1,-1,-1,2,0,0,0,0,0,2,0,9,5,8,41.92457792,-87.7281882
0,414846,-1,30,0,0,0,1,10,5,-1,0,0,0,0,-1,-1,-1,18,-1,1814,-1,-1,-1,-1,-1,-1,2,0,0,0,0,0,3,0,9,5,8,41.917621,-87.63443508
0,426636,-1,30,1,2,0,1,10,12,4,0,0,12,0,-1,-1,-1,0,0,214,-1,-1,-1,1,2,-1,3,0,0,0,0,0,3,0,9,5,8,41.81997053,-87.59774866
0,415776,1,30,1,-1,0,1,10,5,8,0,0,-1,0,1,-1,-1,18,11,114,-1,-1,-1,1,2,-1,3,0,0,0,0,0,3,0,9,5,8,41.88008114,-87.61732747
0,414911,-1,30,0,0,0,1,12,2,2,0,0,0,0,-1,-1,-1,-1,-1,2524,-1,-1,-1,-1,-1,-1,2,0,0,0,0,0,2,0,9,5,8,41.92458304,-87.72768052
0,414769,-1,30,0,0,0,1,14,12,-1,0,0,0,0,-1,-1,-1,23,17,1832,-1,-1,-1,-1,-1,-1,2,0,0,0,0,0,2,0,9,5,8,41.89862891,-87.63144408
0,415389,-1,30,0,0,0,1,7,5,-1,0,0,0,0,-1,-1,-1,21,-1,1224,-1,-1,-1,-1,-1,-1,2,0,0,0,0,0,1,0,9,5,8,41.88021787,-87.65721783
0,414823,-1,30,0,0,0,1,10,5,-1,0,0,0,0,-1,-1,-1,7,18,1421,-1,-1,-1,-1,-1,-1,3,0,0,0,0,0,3,0,9,5,8,41.91477619,-87.70703803
0,414768,-1,30,0,0,0,1,7,5,2,0,0,0,0,-1,-1,1,0,0,835,-1,-1,-1,-1,-1,-1,2,0,0,0,0,0,1,0,9,5,8,41.74651173,-87.68659637
1,414758,-1,30,0,0,0,1,10,5,2,0,0,0,1,-1,-1,-1,18,18,1031,-1,-1,-1,-1,-1,-1,2,1,0,0,0,1,1,0,9,5,8,41.838514,-87.72454171
0,414745,-1,25,0,0,0,1,10,5,2,0,0,0,0,-1,-1,-1,18,-1,2413,-1,-1,-1,-1,-1,-1,2,0,0,0,0,0,2,0,9,5,8,41.99746955,-87.69848682
0,415023,-1,30,1,2,0,1,14,5,2,0,0,-1,0,-1,-1,-1,21,-1,123,-1,-1,-1,-1,-1,-1,2,0,0,0,0,0,2,0,9,5,8,41.87460214,-87.63264227
0,414752,-1,25,0,0,0,1,14,5,-1,0,0,0,0,1,-1,-1,22,21,622,-1,-1,-1,-1,-1,-1,2,0,0,0,0,0,2,0,9,5,8,41.74530862,-87.62930766
0,414724,-1,30,0,0,0,1,7,2,4,0,0,0,0,-1,-1,-1,22,-1,1624,-1,-1,-1,-1,-1,-1,2,0,0,0,0,0,2,0,9,5,8,41.95313903,-87.77815001
0,419255,-1,30,0,0,0,1,7,6,1,0,0,0,0,-1,-1,1,0,0,1732,-1,-1,-1,-1,-1,-1,2,0,0,0,0,0,1,0,9,5,8,41.94291935,-87.71765873
0,414976,1,30,0,0,0,1,2,4,2,0,0,0,0,-1,1,1,0,-1,212,-1,-1,-1,-1,-1,-1,1,0,0,0,0,0,1,0,9,5,8,41.82634902,-87.61816758
0,414708,-1,30,0,0,0,1,12,2,2,0,0,-1,0,-1,-1,-1,0,-1,1921,-1,-1,-1,-1,-1,-1,2,0,0,0,0,0,2,0,8,5,8,41.94665686,-87.68588951
0,414710,-1,30,1,2,0,1,7,2,4,0,0,0,0,-1,-1,1,0,0,1434,-1,-1,-1,-1,-1,-1,3,0,0,0,0,0,1,0,8,5,8,41.91277999,-87.6871376
0,415000,-1,30,0,0,0,1,10,2,2,0,0,0,0,-1,-1,-1,0,-1,631,-1,-1,-1,-1,-1,-1,2,0,0,0,0,0,2,0,8,5,8,41.74411762,-87.60251769
0,414688,-1,30,1,2,0,1,12,5,2,0,0,0,0,1,-1,-1,33,-1,1022,-1,-1,-1,-1,-1,-1,2,0,0,0,0,0,2,0,8,5,8,41.86104677,-87.6958938
0,414848,-1,30,0,0,0,1,7,6,-1,0,0,0,0,-1,-1,1,0,-1,2433,-1,-1,-1,-1,-1,-1,2,0,0,0,0,0,1,0,8,5,8,41.99297493,-87.67149071
0,414812,-1,30,1,2,0,1,14,12,2,0,0,0,0,1,-1,-1,0,0,1113,-1,-1,-1,-1,-1,-1,2,0,0,0,0,0,2,0,8,5,8,41.88592137,-87.73577932
0,414704,-1,30,2,3,0,1,0,5,0,0,0,0,0,-1,-1,1,17,0,1633,-1,-1,-1,-1,-1,-1,2,0,0,0,0,0,3,0,8,5,8,41.93871542,-87.76411274
0,414760,-1,20,0,0,0,1,7,5,2,0,0,0,0,-1,-1,-1,0,0,1133,-1,-1,-1,-1,-1,-1,2,0,0,0,0,0,4,0,8,5,8,41.8701036,-87.71138915
2,414684,-1,5,0,0,0,1,8,12,1,0,2,12,1,-1,-1,-1,17,-1,132,-1,-1,-1,1,2,1,2,1,0,0,1,0,1,0,8,5,8,41.86736837,-87.62398959
0,423422,-1,30,0,0,0,1,10,2,2,0,0,-1,0,-1,-1,-1,18,-1,2524,-1,-1,-1,-1,-1,-1,2,0,0,0,0,0,2,0,8,5,8,41.93167072,-87.72770625
0,414711,-1,35,0,0,0,1,10,5,-1,0,0,0,0,-1,-1,-1,18,-1,1731,-1,-1,-1,-1,-1,-1,5,0,0,0,0,0,5,0,7,5,8,41.95123917,-87.74710916
0,414673,-1,30,2,1,0,1,0,5,2,0,0,0,1,1,-1,-1,17,5,1225,-1,-1,-1,-1,-1,-1,2,0,0,0,0,0,2,0,7,5,8,-1,-1
0,414667,-1,20,-1,-1,0,1,7,6,-1,0,0,-1,0,-1,-1,-1,0,-1,2031,-1,-1,-1,-1,-1,-1,2,0,0,0,0,0,1,0,7,5,8,41.97210618,-87.68522962
0,414680,-1,25,0,0,0,1,2,5,-1,0,0,0,0,-1,-1,-1,11,-1,2211,-1,-1,-1,-1,-1,-1,1,0,0,0,0,0,1,0,7,5,8,41.68489004,-87.70315945
0,414679,1,30,0,0,0,1,2,5,-1,0,0,0,0,-1,-1,-1,11,-1,123,-1,-1,-1,-1,-1,-1,1,0,0,0,0,0,1,0,7,5,8,41.8732557,-87.63345422
0,415434,-1,40,0,0,0,1,10,3,4,0,0,0,0,-1,-1,-1,18,16,1824,-1,-1,-1,1,-1,-1,2,0,0,0,0,0,2,0,7,5,8,41.90761886,-87.62587429
0,415070,-1,35,-1,0,0,1,10,5,-1,0,0,0,0,-1,-1,-1,0,-1,1622,-1,-1,-1,-1,-1,-1,2,0,0,0,0,0,2,0,7,5,8,41.96437901,-87.76751692
0,414671,-1,35,0,0,0,1,14,7,2,0,0,0,0,-1,-1,-1,23,-1,1212,-1,-1,-1,-1,-1,-1,2,0,0,0,0,0,2,0,7,5,8,41.90297191,-87.68348493
0,414656,-1,25,0,0,0,1,10,2,-1,2,0,0,0,-1,-1,-1,-1,-1,2511,-1,-1,-1,-1,-1,-1,2,0,0,0,0,0,2,0,7,5,8,41.938321,-87.77753996
0,414633,-1,25,0,0,0,1,12,6,1,0,0,0,0,-1,-1,-1,22,16,1013,-1,-1,-1,-1,-1,-1,2,0,0,0,0,0,2,0,7,5,8,41.84727462,-87.71961156
0,414672,-1,30,0,0,0,1,10,5,2,0,0,0,0,-1,-1,-1,27,-1,1722,-1,-1,-1,-1,-1,-1,2,0,0,0,0,0,2,0,7,5,8,41.95743506,-87.7472804
0,414660,-1,35,0,0,0,1,7,5,-1,0,0,0,0,1,-1,-1,0,0,2011,-1,-1,-1,-1,-1,-1,3,0,0,0,0,0,1,0,7,5,8,41.98872319,-87.68975791
0,414739,-1,40,0,0,0,1,12,5,4,0,0,0,0,-1,-1,-1,0,-1,1621,-1,-1,-1,-1,-1,-1,2,0,0,0,0,0,2,0,7,5,8,41.99731358,-87.77892689
0,414624,-1,30,0,2,0,1,7,6,3,0,0,0,1,-1,-1,-1,27,0,222,-1,-1,-1,-1,-1,-1,2,0,0,0,0,0,1,0,6,5,8,41.80726102,-87.60370191
0,416027,-1,30,2,0,0,1,10,5,2,0,0,0,0,-1,-1,1,20,0,1412,-1,-1,-1,-1,-1,-1,2,0,0,0,0,0,2,0,6,5,8,41.93735024,-87.71264059
0,424177,-1,30,0,0,2,1,14,5,-1,0,1,0,1,-1,-1,-1,0,34,1711,-1,-1,-1,-1,-1,-1,2,0,0,0,0,0,2,0,6,5,8,41.99021233,-87.71404362
0,414621,-1,25,1,2,0,1,10,3,2,0,0,0,0,-1,-1,-1,18,-1,1231,-1,-1,-1,-1,-1,-1,2,0,0,0,0,0,2,0,6,5,8,41.86681566,-87.67610452
0,414617,-1,20,0,0,0,2,7,2,2,0,0,0,0,-1,-1,-1,11,-1,832,-1,-1,-1,-1,-1,-1,2,0,0,0,0,0,1,0,6,5,8,41.76847603,-87.68040797
0,416500,-1,30,0,0,0,1,5,5,2,0,0,12,1,-1,-1,-1,-1,-1,1922,-1,-1,-1,1,2,-1,1,0,0,0,0,0,1,0,6,5,8,41.94497401,-87.67443343
3,414630,-1,30,0,0,0,2,8,5,2,0,0,0,1,-1,-1,1,0,0,1732,-1,-1,-1,-1,-1,-1,2,1,0,1,0,0,1,0,6,5,8,41.95276555,-87.72773669
0,415597,-1,30,0,0,0,3,7,5,-1,0,0,0,0,-1,-1,1,-1,-1,2531,-1,-1,-1,-1,-1,-1,2,0,0,0,0,0,1,0,6,5,8,41.91306005,-87.77165074
0,414614,1,20,0,0,0,-1,7,6,-1,0,0,0,0,-1,-1,1,0,0,1411,-1,-1,-1,-1,-1,-1,2,0,0,0,0,0,1,0,6,5,8,41.93062993,-87.69990445
1,414606,-1,30,1,2,0,2,2,2,4,0,0,0,1,1,-1,1,15,-1,132,-1,-1,-1,-1,-1,-1,1,1,0,0,0,1,0,0,5,5,8,41.85275081,-87.62211876
0,414622,-1,25,0,0,0,1,14,5,4,0,0,0,1,-1,-1,-1,21,-1,114,-1,-1,-1,-1,-1,-1,2,0,0,0,0,0,2,0,5,5,8,41.87824783,-87.61885231
0,414966,1,15,0,0,-1,-1,7,5,2,0,-1,-1,0,-1,-1,1,0,0,523,-1,-1,-1,-1,-1,-1,2,0,0,0,0,0,1,0,5,5,8,41.67264101,-87.62865695
0,427505,-1,30,0,0,0,2,10,5,-1,0,0,0,0,-1,-1,-1,18,0,1722,-1,-1,-1,-1,-1,-1,2,0,0,0,0,0,2,0,5,5,8,41.96103897,-87.72951576
2,414579,-1,30,1,2,0,3,0,1,10,0,0,0,1,1,-1,-1,17,-1,824,-1,1,-1,-1,-1,-1,2,1,0,0,1,0,2,0,4,5,8,41.79359751,-87.69394205
0,414558,-1,30,1,2,0,3,10,2,-1,0,0,0,0,-1,-1,-1,30,16,824,-1,-1,-1,-1,-1,-1,2,0,0,0,0,0,4,0,3,5,8,41.79394293,-87.68418997
0,414698,1,20,0,0,0,3,7,2,-1,0,0,0,0,-1,-1,1,-1,-1,2531,-1,-1,-1,-1,-1,-1,2,0,0,0,0,0,1,0,3,5,8,41.91122625,-87.77239191
0,414553,-1,30,1,2,0,3,2,3,2,0,0,0,1,1,-1,1,0,0,434,-1,-1,-1,-1,-1,-1,1,0,0,0,0,0,1,0,2,5,8,41.65906322,-87.5640801
0,414537,-1,30,0,0,0,3,7,6,-1,0,0,0,1,-1,-1,-1,0,-1,234,-1,-1,-1,-1,-1,-1,4,0,0,0,0,0,1,0,2,5,8,41.79788908,-87.59579825
0,414512,-1,25,0,0,0,3,7,6,1,0,0,0,1,-1,-1,1,0,-1,1724,-1,-1,-1,-1,-1,-1,2,0,0,0,0,0,1,0,1,5,8,41.9603984,-87.70103158
0,414527,-1,30,3,2,0,4,12,3,4,0,0,0,0,-1,-1,-1,18,-1,1813,-1,-1,-1,1,2,-1,2,0,0,0,0,0,3,0,1,5,8,41.91117234,-87.64216716
-1,414521,-1,30,0,0,0,3,7,5,2,0,0,0,1,-1,-1,-1,0,-1,1424,-1,-1,-1,-1,-1,-1,-1,-1,-1,-1,-1,-1,-1,-1,1,5,8,41.90477487,-87.6689143
0,414490,-1,20,0,0,0,3,7,6,1,0,0,0,0,-1,-1,-1,21,-1,2413,-1,-1,-1,-1,-1,-1,2,0,0,0,0,0,1,0,0,5,8,41.99232159,-87.69657277
0,414491,-1,30,0,0,0,3,7,12,-1,0,0,0,0,-1,-1,1,25,-1,1221,-1,-1,-1,-1,-1,-1,2,0,0,0,0,0,1,0,0,5,8,41.89579651,-87.6773228
0,415161,-1,30,0,0,0,3,10,2,-1,0,0,0,0,-1,-1,1,-1,-1,835,-1,-1,-1,-1,-1,-1,2,0,0,0,0,0,2,0,0,5,8,41.76096182,-87.68329468
2,414485,-1,30,0,0,0,3,2,5,4,0,0,0,1,-1,-1,0,14,14,714,-1,-1,-1,-1,-1,-1,1,1,0,0,1,0,1,0,0,5,8,41.7848367,-87.66449748
0,414487,-1,30,1,2,0,3,12,5,4,0,0,-1,0,0,-1,-1,21,21,1213,-1,-1,-1,-1,-1,-1,2,0,0,0,0,0,3,0,0,5,8,41.89611387,-87.66743958
0,415052,1,30,0,0,0,1,12,5,2,0,0,0,0,-1,-1,-1,-1,-1,1133,-1,-1,-1,-1,-1,-1,2,0,0,0,0,0,2,0,0,5,8,41.87267546,-87.7108972
0,420741,-1,30,0,0,0,1,12,2,4,0,0,0,0,-1,-1,-1,22,-1,331,-1,-1,-1,-1,-1,-1,3,0,0,0,0,0,3,0,23,4,8,41.77343857,-87.56689931
-1,414469,-1,30,0,0,0,3,4,5,2,0,0,0,0,-1,-1,-1,-1,-1,915,-1,-1,-1,-1,-1,-1,1,-1,-1,-1,-1,-1,-1,-1,23,4,8,41.83603966,-87.64028792
0,414441,-1,30,0,0,0,3,12,3,4,0,0,0,0,-1,-1,1,21,11,1912,-1,-1,-1,-1,-1,-1,2,0,0,0,0,0,2,0,23,4,8,41.95438339,-87.67021962
0,414445,-1,40,3,5,0,3,10,3,-1,0,0,4,0,-1,-1,-1,11,28,114,-1,-1,-1,1,2,1,2,0,0,0,0,0,2,0,23,4,8,41.88434876,-87.61454978
0,414418,-1,30,0,0,0,3,7,2,2,0,0,0,0,1,-1,-1,0,11,1132,-1,-1,-1,-1,-1,-1,2,0,0,0,0,0,1,0,22,4,8,41.87700581,-87.72330068
0,414431,-1,20,0,0,0,3,0,6,-1,0,0,0,0,-1,-1,-1,10,-1,1732,-1,-1,-1,-1,-1,-1,2,0,0,0,0,0,2,0,22,4,8,41.93966983,-87.72000937
0,414408,-1,30,0,0,0,3,7,12,-1,0,0,0,0,-1,-1,1,0,-1,1223,-1,-1,-1,-1,-1,-1,2,0,0,0,0,0,1,0,22,4,8,41.88251162,-87.68632443
2,414411,-1,20,0,0,0,0,7,4,-1,0,0,0,1,-1,-1,-1,0,16,821,-1,-1,-1,-1,-1,-1,3,1,0,0,1,0,0,0,22,4,8,41.80069742,-87.72086153
2,414401,1,30,0,0,0,3,2,2,2,0,0,-1,1,-1,-1,-1,14,16,2523,-1,-1,-1,-1,-1,-1,1,2,0,0,2,0,0,0,22,4,8,41.9357579,-87.71813934
0,414395,-1,30,0,0,0,3,12,5,2,0,0,0,1,-1,-1,-1,17,11,1822,-1,0,-1,-1,-1,-1,2,0,0,0,0,0,2,0,22,4,8,41.90092381,-87.64780871
0,414407,-1,30,0,0,0,3,0,5,4,0,0,0,0,-1,-1,-1,0,0,2524,-1,-1,-1,-1,-1,-1,2,0,0,0,0,0,2,0,22,4,8,41.9244744,-87.7366331
0,422027,-1,15,0,0,2,0,14,7,-1,0,1,0,0,-1,-1,1,23,-1,2223,-1,-1,-1,-1,-1,-1,2,0,0,0,0,0,2,0,22,4,8,41.71973554,-87.64331421
0,414377,-1,30,0,0,0,0,12,5,-1,0,0,0,0,-1,-1,-1,18,-1,1614,-1,-1,-1,-1,-1,-1,2,0,0,0,0,0,2,0,22,4,8,41.98465092,-87.82515105
2,414756,-1,30,1,2,0,3,0,12,4,0,0,0,1,1,-1,1,-1,-1,1113,-1,-1,-1,-1,-1,-1,2,1,0,0,1,0,1,0,21,4,8,41.88614041,-87.7357597
1,414356,-1,30,1,2,0,3,10,3,-1,0,0,0,1,-1,-1,-1,-1,-1,1231,-1,-1,-1,-1,-1,-1,2,1,0,0,0,1,2,0,21,4,8,41.87343457,-87.66643368
1,414368,-1,30,1,2,0,3,10,1,2,0,0,0,1,0,-1,-1,18,0,912,-1,-1,-1,-1,-1,-1,2,1,0,0,0,1,1,0,21,4,8,41.83940222,-87.67555714
0,415763,-1,30,1,2,0,3,0,5,4,0,0,0,1,1,-1,-1,16,17,331,-1,-1,-1,-1,-1,-1,2,0,0,0,0,0,3,0,21,4,8,41.77554283,-87.57540617
0,414718,-1,30,1,2,0,0,12,5,4,0,0,0,0,-1,-1,-1,21,0,2422,-1,-1,-1,-1,-1,-1,2,0,0,0,0,0,2,0,21,4,8,42.01927623,-87.66619739
0,414372,-1,35,0,0,0,3,10,5,-1,0,0,0,0,-1,-1,1,18,0,711,-1,-1,-1,-1,-1,-1,2,0,0,0,0,0,2,0,21,4,8,41.77986098,-87.64473192
3,414366,-1,30,1,2,0,3,9,5,2,0,0,0,1,0,-1,-1,17,6,2422,-1,-1,-1,-1,-1,-1,2,1,0,1,0,0,1,0,21,4,8,42.01922122,-87.66587906
0,414346,-1,25,0,0,0,3,7,5,3,0,0,0,1,-1,-1,-1,11,16,1623,-1,-1,-1,-1,-1,-1,2,0,0,0,0,0,1,0,21,4,8,41.97725919,-87.76483388
0,414787,0,30,0,0,0,3,7,5,-1,0,0,0,0,-1,-1,1,0,-1,215,-1,-1,-1,-1,-1,-1,2,0,0,0,0,0,1,0,21,4,8,41.81097461,-87.6237856
0,414334,-1,30,0,0,0,3,12,5,2,0,0,0,0,-1,-1,-1,22,22,2023,-1,-1,-1,-1,-1,-1,2,0,0,0,0,0,2,0,21,4,8,41.983547,-87.65810609
0,414385,-1,30,0,0,0,3,7,5,-1,0,0,0,0,-1,-1,-1,0,-1,1132,-1,-1,-1,-1,-1,-1,2,0,0,0,0,0,1,0,20,4,8,41.87623695,-87.72953739
0,414360,-1,30,0,0,0,3,10,5,2,0,0,0,0,-1,-1,1,18,-1,815,-1,-1,-1,-1,-1,-1,2,0,0,0,0,0,2,0,20,4,8,41.79330455,-87.72432934
0,414367,-1,30,1,2,0,3,10,5,2,0,0,-1,0,1,-1,-1,0,0,1812,-1,-1,-1,-1,-1,-1,2,0,0,0,0,0,3,0,20,4,8,41.92451644,-87.64857943
2,414314,-1,25,0,0,1,0,8,6,-1,0,0,0,1,-1,-1,-1,0,0,2413,-1,-1,-1,-1,-1,-1,2,1,0,0,1,0,2,0,20,4,8,41.99082123,-87.69590788
0,414300,-1,30,3,2,0,3,3,3,4,0,0,0,0,-1,-1,-1,20,15,1614,-1,1,-1,-1,-1,-1,2,0,0,0,0,0,2,0,20,4,8,41.9842342,-87.83643399
0,414312,-1,30,1,2,0,3,10,2,4,0,0,0,0,1,-1,-1,0,0,914,-1,-1,-1,-1,-1,-1,2,0,0,0,0,0,2,0,20,4,8,41.8466115,-87.6463221
0,416109,-1,30,1,1,0,3,0,12,0,0,0,0,0,1,-1,-1,17,17,1823,-1,-1,-1,-1,-1,-1,2,0,0,0,0,0,2,0,20,4,8,41.90057823,-87.63450237
0,414286,-1,30,0,0,0,1,12,3,-1,0,0,0,0,-1,-1,-1,21,-1,813,-1,-1,-1,-1,-1,-1,2,0,0,0,0,0,4,0,20,4,8,41.78825675,-87.74159205
0,415067,-1,30,0,0,0,3,14,5,2,0,0,0,0,-1,-1,-1,23,16,1221,-1,-1,-1,-1,-1,-1,2,0,0,0,0,0,2,0,20,4,8,41.89564503,-87.68610989
0,414268,-1,30,1,2,0,3,14,2,4,0,0,0,0,1,-1,-1,23,21,122,-1,-1,-1,-1,-1,-1,2,0,0,0,0,0,2,0,20,4,8,41.88645943,-87.6352848
0,414271,-1,30,1,2,0,4,12,5,-1,0,0,0,0,-1,-1,1,0,0,1113,-1,-1,-1,-1,-1,-1,2,0,0,0,0,0,2,0,19,4,8,41.88045118,-87.74512888
0,414287,-1,30,0,0,1,3,12,2,6,0,0,-1,0,-1,-1,-1,21,-1,1031,-1,-1,-1,-1,-1,-1,2,0,0,0,0,0,2,0,19,4,8,41.82057,-87.74335976
0,415277,-1,30,0,0,0,0,7,5,2,0,-1,-1,0,-1,-1,1,0,0,212,-1,-1,-1,-1,-1,-1,2,0,0,0,0,0,1,0,19,4,8,41.83109682,-87.60836966