MOST_SEVERE_INJURY,RD_NO,CRASH_DATE_EST_I,POSTED_SPEED_LIMIT,TRAFFIC_CONTROL_DEVICE,DEVICE_CONDITION,WEATHER_CONDITION,LIGHTING_CONDITION,FIRST_CRASH_TYPE,TRAFFICWAY_TYPE,LANE_CNT,ALIGNMENT,ROADWAY_SURFACE_COND,ROAD_DEFECT,CRASH_TYPE,INTERSECTION_RELATED_I,NOT_RIGHT_OF_WAY_I,HIT_AND_RUN_I,PRIM_CONTRIBUTORY_CAUSE,SEC_CONTRIBUTORY_CAUSE,BEAT_OF_OCCURRENCE,PHOTOS_TAKEN_I,STATEMENTS_TAKEN_I,DOORING_I,WORK_ZONE_I,WORK_ZONE_TYPE,WORKERS_PRESENT_I,NUM_UNITS,INJURIES_TOTAL,INJURIES_FATAL,INJURIES_INCAPACITATING,INJURIES_NON_INCAPACITATING,INJURIES_REPORTED_NOT_EVIDENT,INJURIES_NO_INDICATION,INJURIES_UNKNOWN,CRASH_HOUR,CRASH_DAY_OF_WEEK,CRASH_MONTH,LATITUDE,LONGITUDE
0,414331,-1,30,0,0,0,3,7,6,3,0,0,0,0,-1,-1,-1,0,0,231,-1,-1,-1,-1,-1,-1,2,0,0,0,0,0,1,0,19,4,8,41.79429746,-87.62002375
0,414256,-1,30,0,0,0,0,9,5,-1,0,0,0,0,-1,-1,-1,0,0,914,-1,-1,-1,-1,-1,-1,2,0,0,0,0,0,2,0,19,4,8,41.83815596,-87.64621961
0,414239,-1,30,-1,-1,0,-1,11,5,2,0,-1,-1,0,-1,-1,-1,-1,-1,833,-1,-1,-1,-1,-1,-1,2,0,0,0,0,0,2,0,19,4,8,41.76791579,-87.71771046
0,414207,-1,30,2,2,0,1,0,5,0,0,0,0,1,1,-1,-1,17,-1,1411,-1,-1,-1,-1,-1,-1,2,0,0,0,0,0,2,0,19,4,8,41.93212438,-87.70635166
0,414362,-1,30,0,0,0,4,11,5,2,0,0,0,0,-1,-1,-1,16,-1,833,-1,-1,-1,-1,-1,-1,2,0,0,0,0,0,2,0,19,4,8,41.76761701,-87.72309217
0,414344,-1,25,2,0,0,3,10,5,2,0,0,0,0,-1,-1,-1,18,0,432,-1,-1,-1,-1,-1,-1,2,0,0,0,0,0,2,0,19,4,8,41.70853211,-87.53085245
0,414193,-1,45,1,2,0,4,10,5,-1,0,0,0,0,-1,-1,-1,18,0,822,-1,-1,-1,-1,-1,-1,2,0,0,0,0,0,6,0,19,4,8,41.79233004,-87.72298623
0,414186,-1,30,-1,-1,0,-1,10,5,-1,0,0,0,0,-1,-1,-1,-1,-1,813,-1,-1,-1,-1,-1,-1,3,0,0,0,0,0,6,0,19,4,8,41.79307556,-87.72567326
0,414252,-1,30,0,0,0,4,7,5,-1,0,0,0,0,-1,-1,-1,13,-1,2535,-1,-1,-1,-1,-1,-1,2,0,0,0,0,0,4,0,18,4,8,41.9091118,-87.72178373
0,414242,-1,30,2,-1,0,1,10,5,3,0,0,-1,0,-1,-1,-1,0,0,411,-1,-1,-1,-1,-1,-1,2,0,0,0,0,0,2,0,18,4,8,41.75689717,-87.58623429
0,414209,-1,20,0,0,0,1,7,4,-1,0,0,0,0,-1,-1,1,25,-1,1124,-1,-1,-1,-1,-1,-1,2,0,0,0,0,0,2,0,18,4,8,41.88091512,-87.70134375
0,414184,-1,20,0,0,0,1,8,6,1,0,0,0,0,-1,-1,-1,13,-1,921,-1,-1,-1,-1,-1,-1,2,0,0,0,0,0,1,0,18,4,8,41.8175083,-87.70202204
0,414254,-1,30,0,0,0,3,7,5,4,0,0,0,1,-1,-1,1,21,-1,1121,-1,-1,-1,-1,-1,-1,2,0,0,0,0,0,1,0,18,4,8,41.89559912,-87.71326604
0,414168,-1,30,2,2,0,4,10,2,2,0,0,0,0,-1,-1,1,18,-1,1233,-1,-1,-1,-1,-1,-1,2,0,0,0,0,0,2,0,18,4,8,41.86424944,-87.66885456
0,414200,1,30,0,0,0,1,12,5,2,0,0,0,0,-1,-1,-1,-1,-1,1133,-1,-1,-1,-1,-1,-1,2,0,0,0,0,0,2,0,18,4,8,41.87455188,-87.72045366
0,414172,-1,30,0,0,0,4,7,6,3,0,0,0,0,-1,-1,-1,23,-1,1831,-1,-1,-1,-1,-1,-1,2,0,0,0,0,0,1,0,18,4,8,41.88807428,-87.6349552
0,416227,1,30,0,0,-1,1,12,5,-1,0,-1,0,0,-1,-1,-1,0,0,1624,-1,-1,-1,-1,-1,-1,2,0,0,0,0,0,2,0,18,4,8,41.95742942,-87.74757442
0,414204,-1,30,0,0,1,4,10,5,1,0,0,-1,0,-1,-1,-1,18,0,1033,-1,-1,-1,-1,-1,-1,2,0,0,0,0,0,3,0,18,4,8,41.83836412,-87.695204
0,414148,-1,20,0,0,0,1,12,6,1,0,0,0,1,-1,-1,1,17,22,512,-1,-1,-1,-1,-1,-1,3,0,0,0,0,0,2,0,18,4,8,41.70129523,-87.61740732
0,414141,-1,30,0,0,0,1,10,2,-1,0,0,0,0,-1,-1,-1,18,17,1215,-1,-1,-1,-1,-1,-1,3,0,0,0,0,0,3,0,18,4,8,41.89614823,-87.65590893
0,414154,-1,35,1,2,0,1,14,1,2,0,0,0,1,1,-1,1,16,17,1632,-1,-1,-1,-1,-1,-1,2,0,0,0,0,0,2,0,18,4,8,41.95296223,-87.79027989
0,414196,-1,30,0,0,0,1,0,6,-1,0,0,0,0,-1,-1,-1,17,-1,1834,-1,-1,-1,-1,-1,-1,2,0,0,0,0,0,2,0,18,4,8,41.89248821,-87.62524541
0,414135,-1,30,0,0,0,1,12,2,-1,0,0,0,0,-1,-1,1,22,-1,622,-1,-1,-1,-1,-1,-1,2,0,0,0,0,0,2,0,18,4,8,41.73870795,-87.62568239
0,414134,-1,30,1,2,0,1,14,2,2,0,0,0,1,1,-1,-1,23,11,913,-1,-1,-1,-1,-1,-1,2,0,0,0,0,0,3,0,18,4,8,41.838088,-87.65136101
0,414113,-1,35,0,0,0,1,12,5,4,2,0,0,0,-1,-1,-1,0,0,2212,-1,-1,-1,-1,-1,-1,2,0,0,0,0,0,2,0,18,4,8,41.67737219,-87.68084551
0,414348,-1,30,1,2,0,1,14,5,-1,0,0,0,0,1,-1,-1,-1,-1,612,-1,-1,-1,-1,-1,-1,2,0,0,0,0,0,2,0,18,4,8,41.75616151,-87.653958
0,414158,-1,30,2,2,0,1,8,5,-1,0,0,0,0,1,-1,-1,17,-1,2521,-1,-1,-1,-1,-1,-1,2,0,0,0,0,0,2,0,18,4,8,41.93154177,-87.75408622
0,414115,-1,35,0,0,0,1,10,5,-1,0,0,0,0,-1,-1,1,16,34,824,-1,-1,-1,-1,-1,-1,4,0,0,0,0,0,5,0,18,4,8,41.79353836,-87.69629797
1,414109,-1,30,0,0,0,1,10,3,-1,1,0,0,1,-1,-1,-1,18,0,833,-1,-1,-1,-1,-1,-1,3,1,0,0,0,1,2,0,18,4,8,41.76510241,-87.7417705
0,414153,-1,30,1,2,1,1,10,6,3,0,0,0,0,-1,-1,1,0,0,634,-1,-1,-1,-1,-1,-1,2,0,0,0,0,0,2,0,17,4,8,41.73616511,-87.62558757
0,414092,-1,20,0,0,1,1,12,5,-1,0,0,0,0,-1,-1,1,17,-1,214,-1,-1,-1,-1,-1,-1,2,0,0,0,0,0,2,0,17,4,8,41.81733455,-87.59766473
0,414099,-1,30,0,0,0,1,10,5,4,0,0,3,0,-1,-1,-1,18,-1,2512,-1,-1,-1,-1,-1,-1,2,0,0,0,0,0,2,0,17,4,8,41.92364289,-87.78051367
0,414791,-1,30,2,2,0,1,14,4,-1,0,0,0,0,-1,-1,-1,17,-1,612,-1,-1,-1,-1,-1,-1,2,0,0,0,0,0,2,0,17,4,8,41.75616502,-87.65496673
0,414152,-1,30,0,0,0,1,10,5,-1,0,0,0,0,-1,-1,-1,18,-1,1621,-1,-1,-1,-1,-1,-1,2,0,0,0,0,0,2,0,17,4,8,41.99770141,-87.76610773
0,422220,-1,30,0,0,0,1,10,5,-1,0,0,0,0,-1,-1,-1,0,-1,1422,-1,-1,-1,-1,-1,-1,2,0,0,0,0,0,4,0,17,4,8,41.91724098,-87.71116994
0,414161,-1,30,0,0,0,1,7,2,2,0,0,0,0,-1,-1,1,18,0,834,-1,-1,-1,-1,-1,-1,2,0,0,0,0,0,1,0,17,4,8,41.74128196,-87.70231239
0,414128,-1,30,2,2,0,1,10,5,3,0,0,0,0,1,-1,-1,18,0,1214,-1,-1,-1,-1,-1,-1,2,0,0,0,0,0,2,0,17,4,8,41.89211996,-87.64909797
0,414082,-1,15,0,0,0,1,7,6,1,0,0,0,0,-1,-1,-1,10,-1,1513,-1,-1,-1,-1,-1,-1,2,0,0,0,0,0,2,0,17,4,8,41.88170863,-87.76670395
3,414265,-1,30,1,2,0,4,14,12,10,0,0,0,1,1,-1,-1,6,14,411,-1,1,-1,-1,-1,-1,2,2,0,2,0,0,1,0,17,4,8,41.75151786,-87.58546514
0,414917,-1,10,0,0,0,1,7,7,0,0,0,0,0,-1,-1,1,0,0,1221,-1,-1,-1,-1,-1,-1,2,0,0,0,0,0,1,0,17,4,8,41.89578523,-87.67793089
0,414108,-1,30,0,0,0,1,7,5,-1,0,0,0,0,-1,-1,-1,22,16,2514,-1,-1,-1,-1,-1,-1,2,0,0,0,0,0,2,0,17,4,8,41.93836602,-87.77120485
0,418208,-1,25,0,0,0,1,7,5,1,0,0,0,0,-1,-1,-1,20,0,2211,-1,-1,-1,-1,-1,-1,2,0,0,0,0,0,1,0,17,4,8,41.70199119,-87.71233802
0,414228,-1,30,0,0,0,1,12,5,4,0,0,0,0,-1,-1,-1,17,17,1034,-1,-1,-1,-1,-1,-1,2,0,0,0,0,0,2,0,17,4,8,41.84964846,-87.67318241
0,414048,-1,30,0,0,0,1,10,2,4,0,0,0,0,-1,-1,-1,-1,-1,1631,-1,-1,-1,-1,-1,-1,2,0,0,0,0,0,2,0,17,4,8,41.95045731,-87.81394791
0,414104,-1,30,1,2,0,1,12,2,-1,0,0,0,1,-1,-1,-1,17,-1,2012,-1,-1,-1,-1,-1,-1,2,0,0,0,0,0,2,0,17,4,8,41.98486239,-87.66970638
0,414064,-1,30,1,2,0,1,14,2,-1,0,0,0,0,1,-1,-1,17,0,1831,-1,-1,-1,-1,-1,-1,2,0,0,0,0,0,4,0,17,4,8,41.89010564,-87.63306865
0,414190,-1,30,0,0,0,1,7,8,-1,0,0,0,0,-1,-1,-1,11,0,1651,-1,-1,-1,-1,-1,-1,2,0,0,0,0,0,2,0,17,4,8,-1,-1
0,414076,-1,30,1,2,0,1,14,2,2,0,0,-1,1,1,-1,-1,-1,-1,1712,-1,-1,-1,-1,-1,-1,2,0,0,0,0,0,3,0,17,4,8,41.96851014,-87.71342578
0,414139,-1,30,0,0,-1,-1,12,6,2,0,-1,-1,0,0,-1,-1,22,-1,114,-1,-1,-1,-1,-1,-1,2,0,0,0,0,0,2,0,17,4,8,41.87944585,-87.62420371
0,414052,-1,25,2,0,0,1,14,5,2,0,0,0,0,-1,-1,-1,17,17,1612,-1,-1,-1,-1,-1,-1,2,0,0,0,0,0,2,0,17,4,8,41.9851897,-87.81696531
0,414106,-1,30,0,0,0,1,10,5,-1,0,0,0,0,-1,-1,-1,18,0,1611,-1,-1,-1,-1,-1,-1,2,0,0,0,0,0,2,0,17,4,8,41.99372906,-87.78461179
0,414067,-1,30,0,0,0,1,10,5,2,0,0,0,0,-1,-1,1,18,0,1922,-1,-1,-1,-1,-1,-1,2,0,0,0,0,0,2,0,17,4,8,41.94708748,-87.66976419
0,414046,-1,25,2,2,0,1,0,1,-1,0,0,0,1,1,-1,-1,17,0,1222,-1,-1,-1,-1,-1,-1,2,0,0,0,0,0,2,0,17,4,8,41.8811606,-87.69885305
0,414038,-1,30,0,0,0,1,10,2,0,0,0,0,0,1,-1,-1,18,-1,1214,-1,-1,-1,-1,-1,-1,2,0,0,0,0,0,2,0,17,4,8,41.89121804,-87.65468948
0,414027,-1,30,0,0,0,1,10,5,-1,0,0,0,0,-1,-1,-1,16,18,1612,-1,-1,-1,-1,-1,-1,3,0,0,0,0,0,3,0,17,4,8,41.99682615,-87.8182424
0,414020,-1,25,0,0,0,1,7,5,2,0,0,0,0,-1,-1,-1,0,-1,1911,-1,-1,-1,-1,-1,-1,2,0,0,0,0,0,1,0,17,4,8,41.96129666,-87.68367998
0,414126,-1,0,0,0,0,1,7,2,-1,0,-1,-1,0,0,-1,1,0,-1,1233,-1,-1,-1,-1,-1,-1,2,0,0,0,0,0,1,0,17,4,8,41.85798989,-87.66107201
0,414053,-1,30,0,0,1,1,0,6,-1,0,0,0,0,-1,-1,1,17,20,1832,-1,-1,-1,-1,-1,-1,2,0,0,0,0,0,2,0,17,4,8,41.89498464,-87.62823484
0,414028,-1,30,0,0,0,1,7,7,0,0,0,0,0,-1,1,1,0,-1,1432,-1,-1,-1,-1,-1,-1,2,0,0,0,0,0,1,0,17,4,8,41.92820408,-87.68225483
0,414085,-1,30,1,2,0,1,10,6,2,0,0,0,0,1,-1,-1,18,18,121,-1,-1,-1,-1,-1,-1,2,0,0,0,0,0,2,0,16,4,8,41.88453804,-87.64413275
0,414026,-1,30,2,2,0,1,9,5,-1,0,0,0,0,-1,-1,-1,0,-1,113,-1,-1,-1,-1,-1,-1,2,0,0,0,0,0,2,0,16,4,8,41.87700144,-87.62977625
0,414217,-1,30,1,2,0,1,12,5,2,0,0,0,0,1,-1,1,22,0,2413,-1,-1,-1,-1,-1,-1,2,0,0,0,0,0,2,0,16,4,8,41.99727847,-87.70940736
0,414147,-1,30,0,0,0,1,10,2,-1,0,0,0,0,-1,-1,1,0,-1,632,-1,-1,-1,-1,-1,-1,2,0,0,0,0,0,2,0,16,4,8,41.73619152,-87.62407807
0,414070,-1,30,0,0,0,1,12,5,4,0,0,0,0,-1,-1,-1,22,17,1732,-1,-1,-1,-1,-1,-1,2,0,0,0,0,0,2,0,16,4,8,41.94639169,-87.71777282
0,414010,-1,30,0,3,0,1,12,3,4,0,0,0,1,-1,-1,1,22,0,1225,-1,-1,-1,-1,-1,-1,2,0,0,0,0,0,2,0,16,4,8,41.86838626,-87.68145842
0,416644,0,25,1,2,0,1,10,5,-1,0,0,0,0,1,-1,-1,18,18,2433,-1,-1,-1,-1,-1,-1,2,0,0,0,0,0,3,0,16,4,8,41.99239775,-87.66023958
2,414011,-1,30,0,0,0,1,10,5,4,0,0,0,1,-1,-1,-1,18,11,1632,-1,-1,-1,-1,-1,-1,4,2,0,0,2,0,6,0,16,4,8,41.95273161,-87.790913
0,413996,-1,20,0,0,0,2,7,5,-1,0,0,0,0,-1,-1,-1,20,-1,524,-1,-1,-1,-1,-1,-1,2,0,0,0,0,0,1,0,16,4,8,41.68006429,-87.65430592
0,414422,-1,30,1,2,2,1,10,2,4,0,1,0,0,1,-1,-1,18,-1,835,-1,-1,-1,-1,-1,-1,2,0,0,0,0,0,2,0,16,4,8,41.73561797,-87.68266337
0,414005,-1,30,0,0,0,1,10,5,-1,0,0,0,0,-1,-1,-1,18,16,1634,-1,-1,-1,-1,-1,-1,2,0,0,0,0,0,2,0,16,4,8,41.94615407,-87.75339293
0,414130,-1,30,0,0,0,1,7,5,2,0,0,0,0,-1,-1,1,0,-1,1814,-1,-1,-1,-1,-1,-1,2,0,0,0,0,0,1,0,16,4,8,41.92389496,-87.63849549
0,415147,-1,30,1,2,0,1,10,5,2,0,0,0,0,-1,-1,-1,18,16,2433,-1,-1,-1,-1,-1,-1,2,0,0,0,0,0,2,0,16,4,8,41.99239775,-87.66023958
0,413991,-1,30,2,2,0,1,0,2,2,0,0,0,0,1,-1,-1,5,-1,413,-1,1,-1,-1,-1,-1,2,0,0,0,0,0,2,0,16,4,8,41.72797047,-87.56955535
0,413944,-1,30,1,2,1,1,14,5,4,0,-1,0,1,1,-1,-1,0,0,2412,-1,-1,-1,-1,-1,-1,2,0,0,0,0,0,2,0,16,4,8,41.99806655,-87.67700534
0,413967,-1,35,0,0,0,1,12,5,4,0,-1,-1,0,-1,-1,1,22,0,1131,-1,-1,-1,-1,-1,-1,2,0,0,0,0,0,2,0,16,4,8,41.87676473,-87.74499797
0,414165,1,30,0,0,0,1,7,5,2,0,0,0,0,-1,-1,1,0,0,1723,-1,-1,-1,-1,-1,-1,2,0,0,0,0,0,1,0,16,4,8,41.9681467,-87.71810249
2,413937,-1,30,0,0,0,1,10,5,2,0,1,0,1,-1,-1,-1,0,16,923,-1,-1,-1,-1,-1,-1,2,1,0,0,1,0,3,0,16,4,8,41.80181102,-87.69416911
0,413927,1,30,1,0,0,1,12,5,4,0,0,0,0,-1,-1,-1,21,0,2413,-1,-1,-1,-1,-1,-1,2,0,0,0,0,0,2,0,16,4,8,41.99429405,-87.68991791
0,415353,-1,30,0,0,0,1,10,5,2,0,0,0,0,-1,-1,-1,18,-1,1214,-1,-1,-1,-1,-1,-1,2,0,0,0,0,0,2,0,15,4,8,41.88569482,-87.65208577
2,413950,-1,35,0,0,0,1,9,3,-1,0,0,0,1,-1,-1,-1,0,0,2013,-1,-1,-1,-1,-1,-1,2,1,0,0,1,0,1,0,15,4,8,41.98543916,-87.66325986
2,413929,-1,30,0,0,0,1,3,5,2,0,0,0,1,-1,-1,1,25,17,1115,-1,-1,-1,-1,-1,-1,2,1,0,0,1,0,2,0,15,4,8,41.87872779,-87.72817877
0,413916,0,30,1,2,0,1,14,5,3,0,0,0,1,1,-1,1,23,17,723,-1,-1,-1,-1,-1,-1,2,0,0,0,0,0,2,0,15,4,8,41.76894649,-87.64457066
0,413924,-1,30,0,0,0,1,2,3,4,0,0,0,1,-1,-1,-1,13,-1,1722,-1,-1,-1,-1,-1,-1,1,0,0,0,0,0,1,0,15,4,8,41.96217364,-87.74746481
0,413920,-1,20,0,0,1,1,10,12,2,0,1,0,0,-1,-1,-1,-1,-1,1654,-1,-1,-1,-1,-1,-1,2,0,0,0,0,0,2,0,15,4,8,-1,-1
0,413939,-1,30,1,-1,1,1,14,3,4,0,0,-1,0,1,-1,-1,0,-1,1014,-1,-1,-1,-1,-1,-1,2,0,0,0,0,0,5,0,15,4,8,41.85430521,-87.71507395
2,413897,-1,30,0,0,0,1,14,3,-1,0,0,-1,1,1,-1,-1,0,-1,725,-1,-1,-1,-1,-1,-1,2,1,0,0,1,0,1,0,15,4,8,41.77028327,-87.66381924
0,413914,-1,30,0,0,0,1,14,5,-1,0,0,0,0,-1,-1,1,23,0,1013,-1,-1,-1,-1,-1,-1,2,0,0,0,0,0,2,0,15,4,8,41.85147005,-87.72241751
0,414999,-1,30,0,0,0,1,7,6,2,0,0,0,0,-1,-1,1,0,-1,121,-1,-1,-1,-1,-1,-1,2,0,0,0,0,0,2,0,15,4,8,41.88124777,-87.63981372
0,413935,-1,30,1,2,1,1,14,2,3,3,0,0,0,1,-1,-1,0,-1,2012,-1,-1,-1,-1,-1,-1,2,0,0,0,0,0,4,0,15,4,8,41.99067083,-87.67213596
0,413903,-1,30,1,2,1,1,14,5,-1,0,0,0,0,1,-1,-1,0,0,922,1,-1,-1,-1,-1,-1,2,0,0,0,0,0,3,0,15,4,8,41.80836955,-87.6840194
1,413980,-1,35,1,2,2,1,14,3,-1,0,1,0,1,1,-1,-1,17,16,835,-1,-1,-1,-1,-1,-1,4,1,0,0,0,1,4,0,15,4,8,41.74972842,-87.70224647
0,413936,-1,30,0,0,0,1,0,5,2,0,0,0,0,-1,-1,-1,17,-1,1215,-1,-1,-1,-1,-1,-1,2,0,0,0,0,0,2,0,15,4,8,41.8866381,-87.66555515
1,413844,-1,30,-1,0,0,1,10,6,-1,0,12,0,1,-1,-1,1,18,22,2534,1,-1,-1,-1,-1,-1,2,1,0,0,0,1,2,0,15,4,8,41.91319554,-87.72873285
0,413877,-1,30,1,2,0,1,14,3,-1,0,0,0,0,1,-1,1,0,0,133,-1,-1,-1,-1,-1,-1,2,0,0,0,0,0,4,0,15,4,8,41.83836501,-87.62691774
0,413923,-1,30,0,0,0,1,10,2,2,0,0,0,0,-1,-1,-1,16,-1,822,-1,-1,-1,-1,-1,-1,2,0,0,0,0,0,2,0,15,4,8,41.79339654,-87.70407243
0,414176,0,30,0,0,-1,-1,7,4,0,3,-1,0,0,-1,-1,1,0,0,1113,0,-1,-1,-1,-1,-1,2,0,0,0,0,0,1,0,15,4,8,41.88561178,-87.7379438
0,414102,-1,30,0,0,0,1,7,5,-1,0,0,0,0,-1,-1,-1,0,-1,1633,-1,-1,-1,-1,-1,-1,2,0,0,0,0,0,1,0,15,4,8,41.95219441,-87.76682072
0,413854,-1,30,0,0,0,1,12,5,4,0,0,-1,0,-1,-1,1,22,22,1732,-1,-1,-1,-1,-1,-1,2,0,0,0,0,0,2,0,14,4,8,41.95312825,-87.72745461
0,414006,-1,35,1,2,0,1,12,3,-1,0,0,0,0,-1,-1,-1,23,-1,1225,-1,-1,-1,-1,-1,-1,2,0,0,0,0,0,2,0,14,4,8,41.87868067,-87.67672552
0,413926,-1,30,1,2,0,1,14,2,2,0,0,0,1,1,-1,-1,17,-1,413,-1,-1,-1,-1,-1,-1,2,0,0,0,0,0,3,0,14,4,8,41.72602672,-87.57529727
2,413887,-1,35,1,2,1,1,10,5,6,0,0,0,1,1,-1,-1,16,-1,833,-1,-1,-1,-1,-1,-1,2,1,0,0,1,0,2,0,14,4,8,41.75792998,-87.74150455
0,413851,-1,25,0,0,1,1,0,6,1,0,1,0,0,1,-1,-1,0,0,923,1,-1,-1,-1,-1,-1,2,0,0,0,0,0,4,0,14,4,8,41.8009383,-87.69170485
0,413845,-1,20,0,0,1,1,12,6,2,0,1,0,0,-1,-1,-1,-1,-1,1654,-1,-1,-1,-1,-1,-1,2,0,0,0,0,0,3,0,14,4,8,-1,-1
0,413839,-1,30,0,0,0,1,10,5,-1,0,0,0,0,-1,-1,1,18,18,1611,-1,-1,-1,-1,-1,-1,2,0,0,0,0,0,2,0,14,4,8,41.99660886,-87.78699945
0,413932,-1,35,1,2,0,1,10,3,-1,0,0,0,0,1,-1,1,18,0,2433,-1,-1,-1,-1,-1,-1,2,0,0,0,0,0,2,0,14,4,8,41.99089824,-87.67017495
0,413798,-1,30,2,12,2,1,14,5,-1,0,1,0,1,1,-1,-1,23,23,2212,-1,-1,-1,-1,-1,-1,2,0,0,0,0,0,3,0,14,4,8,41.69384927,-87.66228852
0,413841,-1,30,1,2,2,1,10,5,-1,0,1,0,1,-1,-1,-1,-1,-1,313,-1,-1,-1,-1,-1,-1,2,0,0,0,0,0,3,0,14,4,8,41.7805772,-87.60109995
0,413858,-1,30,0,0,1,1,12,2,4,0,1,0,0,-1,-1,-1,11,0,2432,-1,-1,-1,-1,-1,-1,2,0,0,0,0,0,2,0,14,4,8,42.00317805,-87.66065696
0,413829,-1,0,0,0,0,1,2,7,-1,0,0,1,0,-1,1,-1,20,-1,821,-1,-1,-1,-1,-1,-1,1,0,0,0,0,0,1,0,14,4,8,41.80737756,-87.71145072
0,462543,-1,15,0,0,-1,-1,2,0,-1,0,-1,-1,0,-1,-1,1,0,0,1935,-1,-1,-1,-1,-1,-1,1,0,0,0,0,0,1,0,14,4,8,41.92559443,-87.6468678
0,413820,-1,30,2,2,2,1,7,5,2,0,1,0,0,-1,-1,1,0,-1,1215,-1,-1,-1,-1,-1,-1,2,0,0,0,0,0,1,0,14,4,8,41.89051828,-87.6694182
0,413800,-1,30,0,0,0,1,7,2,2,0,0,0,0,-1,-1,-1,11,-1,1423,-1,-1,-1,-1,-1,-1,2,0,0,0,0,0,1,0,14,4,8,41.90310986,-87.68866201
3,413786,-1,35,0,0,0,1,14,3,-1,0,1,0,1,-1,-1,1,17,23,833,-1,-1,-1,-1,-1,-1,2,3,0,2,1,0,1,0,14,4,8,41.75551514,-87.72194483
0,413833,-1,30,0,0,0,1,12,5,2,0,0,0,0,-1,-1,-1,0,0,1224,-1,-1,-1,-1,-1,-1,2,0,0,0,0,0,2,0,13,4,8,41.88516052,-87.64877322
0,413749,-1,25,1,2,2,1,10,5,2,0,1,0,0,-1,-1,-1,18,-1,233,-1,-1,-1,-1,-1,-1,3,0,0,0,0,0,3,0,13,4,8,41.78942072,-87.60626259
1,413781,-1,30,1,2,1,1,10,2,4,0,1,0,1,1,-1,-1,12,0,622,-1,-1,-1,-1,-1,-1,2,1,0,0,0,1,2,0,13,4,8,41.74350456,-87.6366628
3,413751,-1,30,1,2,1,1,9,2,-1,0,1,0,1,1,-1,-1,0,-1,815,-1,-1,-1,-1,-1,-1,2,1,0,1,0,0,1,0,13,4,8,41.81510102,-87.72400523
0,413754,0,20,0,0,-1,-1,7,-1,1,0,-1,0,1,-1,-1,1,0,0,2525,-1,-1,-1,-1,-1,-1,2,0,0,0,0,0,1,0,13,4,8,41.91826816,-87.72005558
0,415797,-1,30,0,0,0,1,7,6,1,0,0,0,0,-1,-1,1,0,0,1924,-1,-1,-1,-1,-1,-1,2,0,0,0,0,0,1,0,13,4,8,41.94717707,-87.65296504
0,413826,-1,20,0,0,0,1,0,12,2,0,0,0,0,-1,-1,1,0,0,2031,-1,-1,-1,-1,-1,-1,2,0,0,0,0,0,2,0,13,4,8,41.96975372,-87.68940344
0,413794,1,25,0,12,0,1,7,7,-1,0,0,0,0,-1,1,1,0,0,833,-1,-1,-1,-1,-1,-1,2,0,0,0,0,0,1,0,13,4,8,41.7568764,-87.72232174
0,413764,-1,30,-1,-1,2,1,10,5,-1,0,1,0,0,-1,-1,-1,-1,-1,832,-1,-1,-1,-1,-1,-1,2,0,0,0,0,0,2,0,13,4,8,41.76849328,-87.67877621
0,413759,-1,30,1,2,0,1,14,3,4,0,0,0,1,-1,-1,-1,6,-1,123,-1,-1,-1,-1,-1,-1,2,0,0,0,0,0,5,0,13,4,8,41.86757102,-87.63058647
0,413808,-1,30,0,0,2,1,0,5,-1,0,1,0,0,-1,-1,-1,20,-1,432,-1,-1,-1,-1,-1,-1,2,0,0,0,0,0,5,0,13,4,8,41.7084736,-87.53905527
1,413703,-1,30,1,2,2,1,0,12,-1,0,1,0,1,1,-1,-1,3,0,1231,-1,-1,-1,-1,-1,-1,2,1,0,0,0,1,2,0,13,4,8,41.87528446,-87.6571153
0,413842,-1,30,1,2,1,1,12,6,3,0,1,0,0,1,-1,-1,17,-1,632,-1,-1,-1,-1,-1,-1,2,0,0,0,0,0,3,0,13,4,8,41.73620947,-87.62430552
0,413729,-1,30,1,2,2,1,7,5,-1,0,1,0,0,-1,-1,-1,18,7,524,-1,-1,-1,-1,-1,-1,2,0,0,0,0,0,3,0,13,4,8,41.6774499,-87.66011035
0,413843,-1,30,0,0,2,1,7,5,-1,0,1,-1,0,-1,-1,0,0,0,1412,-1,-1,-1,-1,-1,-1,2,0,0,0,0,0,1,0,13,4,8,41.9329387,-87.71425574
0,413730,-1,30,1,2,0,1,3,2,4,0,1,0,1,-1,-1,-1,6,10,1614,-1,-1,-1,-1,-1,-1,2,0,0,0,0,0,2,0,13,4,8,41.95946751,-87.83684205
0,414087,-1,30,0,0,0,1,7,5,-1,0,0,0,0,-1,-1,1,0,0,132,-1,-1,-1,-1,-1,-1,2,0,0,0,0,0,1,0,13,4,8,41.85623068,-87.61896889
0,415683,-1,30,0,0,2,1,10,3,4,0,1,0,0,-1,-1,-1,7,34,114,-1,-1,-1,-1,-1,-1,3,0,0,0,0,0,3,0,13,4,8,41.87575626,-87.61751568
0,414045,-1,30,0,0,0,1,7,5,4,0,0,0,0,-1,-1,1,0,0,912,-1,-1,-1,-1,-1,-1,2,0,0,0,0,0,1,0,13,4,8,41.82998515,-87.67808894
0,413962,-1,30,0,0,0,1,7,6,-1,0,1,1,1,-1,-1,-1,0,-1,921,-1,-1,-1,-1,-1,-1,2,0,0,0,0,0,1,0,13,4,8,41.819174,-87.70028412