MOST_SEVERE_INJURY,RD_NO,CRASH_DATE_EST_I,POSTED_SPEED_LIMIT,TRAFFIC_CONTROL_DEVICE,DEVICE_CONDITION,WEATHER_CONDITION,LIGHTING_CONDITION,FIRST_CRASH_TYPE,TRAFFICWAY_TYPE,LANE_CNT,ALIGNMENT,ROADWAY_SURFACE_COND,ROAD_DEFECT,CRASH_TYPE,INTERSECTION_RELATED_I,NOT_RIGHT_OF_WAY_I,HIT_AND_RUN_I,PRIM_CONTRIBUTORY_CAUSE,SEC_CONTRIBUTORY_CAUSE,BEAT_OF_OCCURRENCE,PHOTOS_TAKEN_I,STATEMENTS_TAKEN_I,DOORING_I,WORK_ZONE_I,WORK_ZONE_TYPE,WORKERS_PRESENT_I,NUM_UNITS,INJURIES_TOTAL,INJURIES_FATAL,INJURIES_INCAPACITATING,INJURIES_NON_INCAPACITATING,INJURIES_REPORTED_NOT_EVIDENT,INJURIES_NO_INDICATION,INJURIES_UNKNOWN,CRASH_HOUR,CRASH_DAY_OF_WEEK,CRASH_MONTH,LATITUDE,LONGITUDE
0,413731,-1,30,-1,-1,2,1,10,5,2,0,1,0,0,-1,-1,-1,-1,-1,815,-1,-1,-1,-1,-1,-1,2,0,0,0,0,0,4,0,13,4,8,41.79326989,-87.72812478
0,413721,-1,30,0,0,2,1,12,5,-1,0,1,0,0,-1,-1,1,21,0,1612,-1,-1,-1,-1,-1,-1,2,0,0,0,0,0,2,0,12,4,8,41.98300434,-87.78787997
0,413718,-1,10,0,0,2,1,0,7,-1,0,1,0,0,-1,-1,-1,17,20,1632,-1,-1,-1,-1,-1,-1,2,0,0,0,0,0,2,0,12,4,8,41.95300825,-87.7915043
0,413687,-1,30,-1,-1,2,1,11,-1,-1,0,1,0,0,-1,-1,-1,-1,-1,832,-1,-1,-1,-1,-1,-1,2,0,0,0,0,0,2,0,12,4,8,41.76117822,-87.68207285
0,413663,-1,30,1,2,0,1,12,5,-1,0,0,0,0,-1,-1,-1,22,22,112,-1,-1,-1,-1,-1,-1,2,0,0,0,0,0,2,0,12,4,8,41.88202981,-87.62925644
0,413763,-1,30,0,0,2,1,7,5,4,0,1,0,0,-1,-1,1,0,-1,511,-1,-1,-1,-1,-1,-1,2,0,0,0,0,0,2,0,12,4,8,41.72156629,-87.62516952
0,413644,-1,30,0,0,1,1,7,2,-1,0,0,0,1,-1,-1,-1,18,11,1915,-1,-1,-1,-1,-1,-1,2,0,0,0,0,0,1,0,12,4,8,41.95719483,-87.65447314
0,413699,-1,30,0,0,2,1,11,5,2,0,1,0,0,-1,-1,1,0,-1,2213,-1,-1,-1,-1,-1,-1,2,0,0,0,0,0,2,0,12,4,8,41.71362657,-87.6633774
0,413657,-1,15,0,0,2,1,0,5,2,0,1,0,0,-1,-1,-1,17,11,735,-1,-1,-1,-1,-1,-1,2,0,0,0,0,0,2,0,12,4,8,41.7673282,-87.66400243
0,413693,-1,30,1,2,1,1,10,2,4,0,0,0,0,1,-1,-1,18,-1,2432,-1,-1,-1,-1,-1,-1,2,0,0,0,0,0,2,0,12,4,8,42.00014773,-87.66084731
0,413661,-1,35,0,0,2,1,12,2,-1,0,1,0,0,1,-1,-1,21,-1,1234,-1,-1,-1,-1,-1,-1,2,0,0,0,0,0,2,0,12,4,8,41.85861938,-87.67587377
0,416183,-1,25,0,0,0,1,14,5,2,0,0,0,0,-1,-1,-1,23,0,1833,-1,-1,-1,-1,-1,-1,2,0,0,0,0,0,2,0,12,4,8,41.89672011,-87.61756751
0,413662,-1,30,2,2,1,1,7,6,1,0,1,0,0,-1,-1,-1,16,25,1533,-1,-1,-1,-1,-1,-1,3,0,0,0,0,0,3,0,12,4,8,41.87753066,-87.74921727
0,413645,-1,30,0,0,2,1,7,6,3,0,1,-1,0,-1,-1,-1,0,0,1831,-1,-1,-1,-1,-1,-1,2,0,0,0,0,0,1,0,12,4,8,41.88978309,-87.6294536
0,413643,-1,30,2,2,2,1,0,5,-1,0,1,0,0,1,-1,-1,5,-1,1915,-1,-1,-1,-1,-1,-1,2,0,0,0,0,0,2,0,12,4,8,41.95554568,-87.65339104
0,413673,-1,30,1,2,2,1,12,5,2,0,1,0,0,1,-1,-1,17,11,1934,-1,-1,-1,-1,-1,-1,2,0,0,0,0,0,2,0,12,4,8,41.9352935,-87.63953546
0,413694,-1,30,1,2,0,1,0,5,4,0,0,0,0,1,-1,-1,22,17,124,-1,-1,-1,-1,-1,-1,2,0,0,0,0,0,2,0,12,4,8,41.86982575,-87.64234896
0,413616,-1,30,2,12,2,1,0,5,2,0,1,0,1,-1,-1,-1,17,-1,1512,-1,-1,-1,-1,-1,-1,2,0,0,0,0,0,2,0,12,4,8,41.88732868,-87.7651919
0,413651,-1,30,1,2,0,1,10,5,4,0,0,0,0,1,-1,-1,18,-1,2523,-1,-1,-1,-1,-1,-1,2,0,0,0,0,0,2,0,12,4,8,41.93183103,-87.72712687
0,413656,-1,30,0,0,1,1,7,5,-1,0,1,0,0,-1,-1,1,-1,-1,2031,-1,-1,-1,-1,-1,-1,2,0,0,0,0,0,1,0,12,4,8,41.97308884,-87.69128283
0,415081,-1,30,1,-1,2,1,10,5,-1,0,-1,0,0,1,-1,-1,18,-1,124,-1,-1,-1,-1,-1,-1,2,0,0,0,0,0,4,0,11,4,8,41.8618794,-87.63921902
0,413666,-1,30,0,0,2,1,12,2,6,0,1,0,0,-1,-1,-1,22,21,114,-1,-1,-1,-1,-1,-1,2,0,0,0,0,0,2,0,11,4,8,41.87013087,-87.62398098
0,413625,-1,20,0,0,0,1,7,2,-1,0,1,0,0,-1,-1,-1,-1,-1,811,-1,-1,-1,-1,-1,-1,2,0,0,0,0,0,1,0,11,4,8,41.79383818,-87.77530511
0,413602,-1,25,2,2,0,1,7,12,0,0,0,0,0,-1,-1,-1,0,0,1232,-1,-1,-1,-1,-1,-1,2,0,0,0,0,0,2,0,11,4,8,41.8695382,-87.65305938
0,413630,-1,30,1,2,2,1,14,2,-1,0,1,0,0,1,-1,-1,23,23,922,-1,-1,-1,-1,-1,-1,2,0,0,0,0,0,2,0,11,4,8,41.81201703,-87.68467692
0,413583,-1,15,0,0,2,1,2,6,1,0,1,0,0,-1,-1,-1,33,33,1411,-1,-1,-1,-1,-1,-1,1,0,0,0,0,0,1,0,11,4,8,41.9374484,-87.69956817
0,413579,-1,20,0,0,2,1,2,0,-1,0,1,0,0,-1,1,-1,0,-1,833,-1,1,-1,-1,-1,-1,1,0,0,0,0,0,1,0,11,4,8,41.76362791,-87.72100401
0,413623,-1,15,0,0,2,1,2,7,-1,0,1,0,0,-1,1,-1,20,0,622,-1,-1,-1,-1,-1,-1,2,0,0,0,0,0,2,0,11,4,8,41.73638005,-87.62750922
0,413557,-1,30,1,2,2,1,0,5,2,0,1,0,0,1,-1,-1,6,11,711,-1,-1,-1,-1,-1,-1,2,0,0,0,0,0,2,0,11,4,8,41.78729523,-87.6329517
0,413791,-1,15,0,0,2,1,7,7,2,0,1,1,0,-1,-1,-1,0,0,512,-1,-1,-1,-1,-1,-1,2,0,0,0,0,0,1,0,11,4,8,41.70713532,-87.61824173
0,413596,-1,20,0,0,2,1,7,6,-1,0,1,0,1,-1,-1,1,16,11,2022,-1,-1,-1,-1,-1,-1,5,0,0,0,0,0,1,0,11,4,8,41.98797148,-87.65829692
0,413575,-1,30,0,0,2,1,12,3,-1,0,1,0,0,-1,-1,-1,11,-1,132,-1,-1,-1,-1,-1,-1,2,0,0,0,0,0,2,0,11,4,8,41.85300678,-87.62128283
0,413535,-1,10,0,-1,0,1,7,5,-1,0,1,0,0,-1,-1,-1,4,-1,1934,-1,-1,-1,-1,-1,-1,2,0,0,0,0,0,1,0,11,4,8,41.93289371,-87.64502293
0,413642,-1,30,1,2,1,1,10,5,2,0,1,0,0,-1,-1,-1,17,18,1632,-1,-1,-1,-1,-1,-1,2,0,0,0,0,0,2,0,11,4,8,41.95292959,-87.8071295
2,413569,-1,25,0,0,2,1,9,5,2,0,1,0,1,1,-1,-1,17,-1,2413,-1,-1,-1,-1,-1,-1,2,1,0,0,1,0,1,0,11,4,8,41.99551595,-87.70923279
0,413548,-1,40,0,0,1,1,10,3,8,0,0,0,0,-1,-1,-1,18,28,114,-1,-1,-1,-1,-1,-1,2,0,0,0,0,0,2,0,11,4,8,41.88614049,-87.61427411
0,413558,-1,30,0,0,1,1,12,5,2,0,1,0,0,-1,-1,-1,22,-1,1631,-1,-1,-1,-1,-1,-1,2,0,0,0,0,0,2,0,11,4,8,41.9395278,-87.84003996
0,414202,-1,30,0,0,0,1,7,5,2,0,0,0,0,-1,-1,1,20,11,1912,0,1,-1,-1,-1,-1,2,0,0,0,0,0,1,0,11,4,8,41.96499783,-87.678934
0,413590,-1,30,2,2,0,1,10,5,4,0,0,1,0,-1,-1,1,0,0,513,-1,-1,-1,-1,-1,-1,2,0,0,0,0,0,2,0,11,4,8,41.69232878,-87.59777931
0,413577,-1,15,0,0,2,1,0,12,-1,0,1,0,0,-1,-1,-1,0,-1,1034,-1,-1,-1,-1,-1,-1,2,0,0,0,0,0,2,0,11,4,8,41.84832466,-87.67343416
0,413888,-1,30,0,0,0,1,7,3,6,0,0,0,0,-1,-1,-1,0,-1,412,-1,-1,-1,-1,-1,-1,2,0,0,0,0,0,2,0,10,4,8,41.73460706,-87.58574392
0,415479,-1,30,0,0,0,1,12,2,-1,0,0,0,0,-1,-1,-1,18,22,1833,-1,-1,-1,-1,-1,-1,2,0,0,0,0,0,2,0,10,4,8,41.89586852,-87.61655823
0,413849,-1,30,-1,-1,-1,-1,10,-1,-1,0,-1,-1,0,-1,-1,-1,-1,-1,624,-1,-1,-1,-1,-1,-1,2,0,0,0,0,0,2,0,10,4,8,41.75662223,-87.60793801
0,413529,-1,30,0,0,0,1,7,6,-1,0,1,0,0,-1,-1,1,20,0,1431,-1,-1,-1,-1,-1,-1,2,0,0,0,0,0,2,0,10,4,8,41.92800403,-87.69034638
0,413511,-1,25,0,0,1,1,0,5,2,0,0,0,1,-1,-1,-1,11,-1,2411,-1,-1,-1,-1,-1,-1,2,0,0,0,0,0,2,0,10,4,8,42.00737745,-87.70912562
0,420318,-1,0,0,0,-1,1,7,7,0,0,0,0,0,-1,0,1,0,0,131,-1,-1,-1,-1,-1,-1,2,0,0,0,0,0,1,0,10,4,8,41.85962968,-87.6301249
0,413815,-1,30,1,2,0,1,10,3,6,0,0,0,0,-1,-1,-1,16,15,114,-1,-1,-1,-1,-1,-1,2,0,0,0,0,0,2,0,10,4,8,41.87831319,-87.61734583
0,413740,-1,25,1,2,2,1,12,5,-1,0,1,0,0,1,-1,1,21,-1,624,-1,-1,-1,-1,-1,-1,2,0,0,0,0,0,2,0,10,4,8,41.75657496,-87.61035747
3,413469,-1,30,0,0,0,1,14,2,-1,0,0,0,1,-1,-1,-1,17,-1,912,-1,-1,-1,-1,-1,-1,2,1,0,1,0,0,1,0,10,4,8,41.82977062,-87.67842779
2,413506,-1,30,2,2,1,1,12,3,6,0,1,0,1,1,-1,-1,17,21,412,-1,-1,-1,-1,-1,-1,2,2,0,0,1,1,0,0,10,4,8,41.74234017,-87.58517658
0,413490,-1,0,0,0,1,1,0,7,-1,0,0,0,0,-1,-1,-1,0,0,213,-1,-1,-1,-1,-1,-1,2,0,0,0,0,0,2,0,10,4,8,41.83070169,-87.62339535
0,413462,-1,35,0,0,2,1,2,5,4,0,1,-1,1,1,1,-1,25,14,331,1,1,-1,-1,-1,-1,1,0,0,0,0,0,4,0,10,4,8,41.77188223,-87.56674837
2,413562,-1,30,1,2,1,1,12,5,2,0,1,0,1,1,-1,1,32,21,1134,-1,-1,-1,-1,-1,-1,2,1,0,0,1,0,1,0,10,4,8,41.87369846,-87.70115825
0,413862,-1,25,0,0,0,1,12,5,2,0,0,0,0,-1,-1,-1,17,17,2511,-1,-1,-1,-1,-1,-1,2,0,0,0,0,0,2,0,10,4,8,41.93786161,-87.81317175
0,413458,-1,10,0,0,0,1,7,2,-1,0,0,0,0,-1,-1,1,0,0,1223,-1,-1,-1,-1,-1,-1,2,0,0,0,0,0,1,0,10,4,8,41.8830087,-87.67847534
0,413456,-1,30,1,2,0,1,10,5,2,0,0,0,0,-1,-1,-1,18,-1,2032,-1,-1,-1,-1,-1,-1,2,0,0,0,0,0,2,0,10,4,8,41.96892624,-87.67458649
0,413447,-1,30,0,0,1,1,10,5,2,2,0,0,1,-1,-1,-1,16,-1,1432,-1,-1,-1,-1,-1,-1,2,0,0,0,0,0,3,0,10,4,8,41.92257885,-87.67410854
0,413437,-1,30,0,0,0,1,10,3,4,0,0,0,1,-1,-1,-1,18,16,1711,-1,-1,-1,-1,-1,-1,2,0,0,0,0,0,3,0,10,4,8,41.99721065,-87.71350778
0,413445,-1,30,0,0,1,1,7,2,-1,0,0,0,1,-1,-1,-1,11,-1,1934,-1,-1,-1,-1,-1,-1,2,0,0,0,0,0,1,0,9,4,8,41.93403617,-87.64455373
0,413446,-1,30,1,2,0,1,14,5,0,0,0,0,0,-1,-1,-1,17,-1,1633,-1,-1,-1,-1,-1,-1,2,0,0,0,0,0,2,0,9,4,8,41.93855374,-87.77150569
0,413449,-1,30,1,2,2,1,8,-1,3,0,1,0,0,-1,-1,-1,17,23,121,-1,-1,-1,-1,-1,-1,2,0,0,0,0,0,2,0,9,4,8,41.88325969,-87.64402163
0,413607,-1,35,1,2,2,1,10,5,-1,0,1,0,0,-1,-1,1,0,-1,122,-1,-1,-1,-1,-1,-1,2,0,0,0,0,0,2,0,9,4,8,41.88435919,-87.6340799
0,413461,-1,0,0,0,1,1,7,7,-1,0,0,0,0,-1,1,-1,0,0,631,-1,-1,-1,-1,-1,-1,2,0,0,0,0,0,1,0,9,4,8,41.74412008,-87.60489174
0,413434,-1,30,1,2,0,1,10,2,4,0,0,0,0,-1,-1,-1,-1,-1,813,-1,-1,-1,-1,-1,-1,2,0,0,0,0,0,2,0,9,4,8,41.77853807,-87.74235588
0,413411,-1,25,0,0,0,1,0,2,-1,0,0,0,0,-1,-1,-1,17,0,1923,-1,-1,-1,-1,-1,-1,2,0,0,0,0,0,2,0,9,4,8,41.94919593,-87.65154409
0,413413,-1,30,0,0,1,1,7,5,2,0,0,0,0,-1,-1,1,-1,20,313,-1,-1,-1,-1,-1,-1,2,0,0,0,0,0,1,0,9,4,8,41.78390511,-87.60827146
0,413435,-1,30,0,0,0,1,7,6,2,0,0,0,0,-1,-1,1,18,18,1812,-1,-1,-1,-1,-1,-1,2,0,0,0,0,0,1,0,9,4,8,41.92219321,-87.63909019
0,413425,-1,30,0,0,0,1,10,6,-1,0,0,0,0,-1,-1,-1,0,-1,1213,-1,-1,-1,-1,-1,-1,2,0,0,0,0,0,2,0,9,4,8,41.89985574,-87.66504551
0,413407,-1,30,0,0,0,1,14,5,-1,0,0,0,0,-1,-1,-1,21,0,1924,-1,-1,-1,-1,-1,-1,2,0,0,0,0,0,2,0,9,4,8,41.94003836,-87.65282809
1,413755,-1,30,0,0,1,1,12,5,-1,0,0,-1,1,-1,-1,1,21,22,934,-1,-1,-1,-1,-1,-1,2,1,0,0,0,1,1,0,9,4,8,41.79599727,-87.64534767
0,413498,-1,25,1,2,0,1,14,5,2,0,0,0,0,-1,-1,-1,23,0,1814,-1,-1,-1,-1,-1,-1,2,0,0,0,0,0,2,0,9,4,8,41.9138643,-87.63344132
0,413378,-1,30,0,0,0,1,12,5,-1,0,0,0,0,-1,-1,-1,0,0,1232,-1,-1,-1,-1,-1,-1,2,0,0,0,0,0,2,0,9,4,8,41.86548227,-87.64672081
0,413375,-1,45,0,0,2,1,12,6,4,0,1,0,0,-1,-1,-1,16,15,1824,-1,-1,-1,-1,-1,-1,2,0,0,0,0,0,3,0,9,4,8,41.90412258,-87.62457001
0,413392,-1,25,1,2,0,1,12,5,-1,0,0,0,0,-1,-1,-1,17,17,1834,-1,-1,-1,-1,-1,-1,2,0,0,0,0,0,2,0,9,4,8,41.89251729,-87.62794972
0,413536,-1,30,0,0,0,1,7,3,-1,0,1,0,0,-1,-1,1,0,0,122,-1,-1,-1,-1,-1,-1,2,0,0,0,0,0,1,0,9,4,8,41.88141076,-87.63719196
0,413383,-1,15,0,0,0,1,7,6,-1,0,1,0,0,-1,-1,1,0,-1,1724,-1,-1,-1,-1,-1,-1,2,0,0,0,0,0,1,0,9,4,8,41.95458858,-87.70574025
0,413381,-1,20,0,0,0,1,10,5,-1,0,0,0,0,-1,-1,-1,18,0,1921,-1,-1,-1,-1,-1,-1,2,0,0,0,0,0,2,0,9,4,8,41.9431951,-87.68984219
0,413428,-1,25,1,2,0,1,12,5,-1,0,0,0,0,-1,-1,-1,0,0,1831,-1,-1,-1,-1,-1,-1,2,0,0,0,0,0,2,0,8,4,8,41.89478951,-87.63727455
0,413380,-1,30,2,2,0,1,0,6,1,0,0,0,0,1,-1,-1,16,17,1524,-1,-1,-1,-1,-1,-1,2,0,0,0,0,0,3,0,8,4,8,41.89683435,-87.75952615
0,413391,-1,35,0,0,1,1,14,5,4,0,1,0,0,-1,-1,-1,0,0,1132,-1,-1,-1,-1,-1,-1,2,0,0,0,0,0,2,0,8,4,8,41.8662963,-87.72416865
0,413352,-1,35,1,2,2,1,14,5,4,0,1,-1,0,-1,-1,1,25,21,2533,-1,-1,-1,-1,-1,-1,2,0,0,0,0,0,2,0,8,4,8,41.91006476,-87.73658203
2,413433,-1,30,1,2,0,1,10,-1,4,0,0,0,1,-1,-1,-1,18,-1,1225,-1,-1,-1,-1,-1,-1,2,1,0,0,1,0,1,0,8,4,8,41.87413819,-87.67727183
0,413388,-1,30,0,0,0,1,12,6,3,2,1,0,0,-1,-1,-1,21,-1,122,-1,-1,-1,-1,-1,-1,2,0,0,0,0,0,2,0,8,4,8,41.88073518,-87.63666284
0,413377,-1,30,0,0,0,1,10,6,2,0,1,0,0,-1,-1,-1,0,0,1831,-1,-1,-1,-1,-1,-1,2,0,0,0,0,0,2,0,8,4,8,41.89152757,-87.63034188
0,414293,-1,30,0,0,0,1,12,5,2,0,0,-1,0,-1,-1,-1,0,0,2213,-1,-1,-1,-1,-1,-1,2,0,0,0,0,0,2,0,8,4,8,41.72134589,-87.65079633
0,413359,-1,30,1,2,1,1,10,2,-1,0,1,0,1,-1,-1,-1,18,-1,814,-1,-1,-1,-1,-1,-1,3,0,0,0,0,0,6,0,8,4,8,41.79672387,-87.75511783
0,413355,1,45,1,2,0,1,10,2,2,0,0,0,1,-1,-1,-1,18,14,1654,-1,-1,-1,-1,-1,-1,2,0,0,0,0,0,2,0,8,4,8,-1,-1
3,413345,-1,30,0,0,0,1,10,5,-1,0,0,0,1,-1,-1,-1,18,0,1631,-1,-1,-1,-1,-1,-1,3,1,0,1,0,0,2,0,8,4,8,41.93809389,-87.81125323
2,423418,-1,30,1,2,0,1,9,12,4,0,0,0,1,1,-1,1,17,0,821,-1,-1,-1,-1,-1,-1,3,2,0,0,2,0,1,0,8,4,8,41.80063604,-87.72322821
0,417865,-1,30,-1,-1,-1,1,12,5,-1,0,1,-1,0,-1,-1,-1,0,-1,114,-1,-1,-1,-1,-1,-1,2,0,0,0,0,0,2,0,8,4,8,41.8825693,-87.6207999
1,413512,-1,30,1,2,0,1,9,6,3,0,0,0,1,1,-1,-1,17,-1,1831,-1,-1,-1,-1,-1,-1,2,1,0,0,0,1,1,0,8,4,8,41.8917048,-87.63127592
0,413438,-1,15,0,0,0,1,7,7,-1,0,0,0,1,-1,1,1,11,17,2534,-1,-1,-1,-1,-1,-1,2,0,0,0,0,0,1,0,8,4,8,41.90968709,-87.73302403
0,413364,-1,20,2,2,0,1,14,5,1,0,0,0,0,-1,-1,-1,0,17,1133,-1,-1,-1,-1,-1,-1,2,0,0,0,0,0,2,0,8,4,8,41.87098454,-87.7132513
0,413333,-1,30,1,2,0,1,12,2,-1,0,0,0,0,-1,-1,-1,21,22,922,-1,-1,-1,-1,-1,-1,2,0,0,0,0,0,2,0,8,4,8,41.80824854,-87.68427336
0,413340,-1,30,0,0,0,1,0,-1,-1,0,1,0,0,-1,-1,-1,17,17,621,-1,-1,-1,-1,-1,-1,3,0,0,0,0,0,3,0,8,4,8,41.75620442,-87.64466565
2,415474,-1,30,1,2,0,1,8,5,-1,0,1,0,1,-1,-1,1,0,0,122,-1,-1,-1,-1,-1,-1,2,1,0,0,1,0,1,0,8,4,8,41.88696014,-87.63411288
0,414117,-1,35,0,0,1,1,10,5,2,0,1,-1,0,-1,-1,-1,0,0,924,0,-1,-1,-1,-1,-1,2,0,0,0,0,0,2,0,8,4,8,41.82152657,-87.66504857
0,413318,-1,30,1,2,0,1,10,12,3,0,1,-1,1,-1,-1,-1,21,-1,213,-1,-1,-1,-1,-1,-1,3,0,0,0,0,0,3,0,8,4,8,41.81655531,-87.6294293
0,414037,-1,30,0,0,0,1,12,5,-1,0,0,0,0,-1,-1,1,22,-1,1623,-1,-1,-1,-1,-1,-1,2,0,0,0,0,0,2,0,8,4,8,41.96079002,-87.74768936
0,413306,-1,30,0,0,0,1,7,2,4,0,1,0,0,-1,-1,1,21,-1,2212,-1,-1,-1,-1,-1,-1,2,0,0,0,0,0,1,0,7,4,8,41.69143478,-87.66852039
0,426226,-1,30,0,0,0,1,12,2,2,0,0,0,0,-1,-1,1,0,-1,323,-1,-1,-1,-1,-1,-1,2,0,0,0,0,0,2,0,7,4,8,41.76213628,-87.60563349
0,413329,-1,30,0,0,0,1,14,5,2,0,1,0,0,-1,-1,-1,17,-1,121,-1,-1,-1,-1,-1,-1,2,0,0,0,0,0,3,0,7,4,8,41.88559449,-87.64346246
0,415265,-1,10,0,0,0,1,11,8,-1,3,0,0,0,-1,-1,-1,22,-1,114,-1,-1,-1,-1,-1,-1,2,0,0,0,0,0,2,0,7,4,8,41.88661491,-87.61896496
0,413681,-1,30,0,0,2,1,10,5,6,0,1,0,0,-1,-1,-1,34,-1,833,-1,-1,-1,-1,-1,-1,2,0,0,0,0,0,2,0,7,4,8,41.76038824,-87.74162717
0,413585,-1,30,6,2,1,1,10,2,-1,0,1,0,0,-1,-1,-1,0,-1,2512,-1,-1,-1,-1,-1,-1,2,0,0,0,0,0,2,0,7,4,8,41.91745509,-87.7854024
-1,413291,-1,30,1,3,2,1,0,5,4,0,1,0,1,1,-1,-1,17,34,123,-1,-1,-1,-1,-1,-1,-1,-1,-1,-1,-1,-1,-1,-1,7,4,8,41.87565854,-87.62440494
0,414657,-1,25,0,0,1,1,12,5,-1,0,1,0,0,-1,-1,-1,0,0,1831,-1,-1,-1,-1,-1,-1,2,0,0,0,0,0,2,0,7,4,8,41.88792073,-87.63235953
0,414095,-1,30,1,2,0,1,10,5,2,0,1,0,0,-1,-1,-1,18,-1,1924,-1,-1,-1,-1,-1,-1,2,0,0,0,0,0,3,0,7,4,8,41.94549035,-87.65530902
0,413338,-1,30,0,0,1,1,12,5,1,0,0,0,0,-1,-1,-1,22,18,1215,-1,-1,-1,-1,-1,-1,2,0,0,0,0,0,3,0,7,4,8,41.88555677,-87.66683656
0,413304,-1,5,0,0,2,1,7,12,-1,0,1,0,0,-1,-1,-1,20,-1,1034,-1,-1,-1,-1,-1,-1,2,0,0,0,0,0,1,0,7,4,8,41.84832466,-87.67343416
0,413301,-1,30,3,2,1,1,12,2,2,0,1,0,0,-1,-1,-1,0,-1,1034,-1,-1,-1,-1,-1,-1,2,0,0,0,0,0,2,0,7,4,8,41.84475486,-87.67550075
0,425113,-1,30,1,3,0,1,14,3,4,0,0,0,0,1,-1,-1,17,0,123,-1,-1,-1,-1,-1,-1,2,0,0,0,0,0,2,0,7,4,8,41.87309549,-87.62434525
0,414075,-1,30,1,3,2,1,14,2,-1,0,1,0,0,-1,-1,-1,0,-1,114,-1,-1,-1,-1,-1,-1,2,0,0,0,0,0,2,0,7,4,8,41.87322768,-87.62405507
0,413279,-1,30,1,1,2,1,10,2,-1,0,1,0,0,-1,-1,-1,18,-1,813,-1,-1,-1,-1,-1,-1,2,0,0,0,0,0,3,0,7,4,8,41.77834045,-87.74214328
0,413420,-1,30,0,0,0,1,0,4,-1,0,1,0,0,-1,-1,-1,0,0,1933,-1,-1,-1,-1,-1,-1,2,0,0,0,0,0,2,0,7,4,8,41.93621722,-87.65118957
0,413266,-1,30,4,2,2,2,0,5,4,0,1,0,1,1,-1,-1,6,16,911,-1,-1,-1,-1,-1,-1,2,0,0,0,0,0,2,0,6,4,8,41.82472106,-87.69478795
0,415016,-1,40,0,0,2,1,10,3,4,0,1,0,0,-1,-1,-1,0,0,132,-1,-1,-1,-1,-1,-1,3,0,0,0,0,0,4,0,6,4,8,41.85907652,-87.61685384
0,413277,-1,30,0,0,2,2,12,2,-1,0,1,0,0,-1,-1,-1,21,0,1431,-1,-1,-1,-1,-1,-1,2,0,0,0,0,0,2,0,6,4,8,41.92476481,-87.69040223
0,414021,-1,30,1,2,2,1,12,5,-1,0,1,0,0,1,-1,-1,0,0,1814,-1,-1,-1,-1,-1,-1,2,0,0,0,0,0,2,0,6,4,8,41.91302474,-87.62610352
0,413263,-1,15,0,0,2,2,7,12,-1,0,1,0,0,-1,1,-1,0,0,1022,-1,-1,-1,-1,-1,-1,2,0,0,0,0,0,1,0,6,4,8,41.85337274,-87.69928596
0,413249,-1,35,1,2,2,2,0,5,-1,0,1,0,0,1,-1,-1,15,-1,1733,-1,-1,-1,-1,-1,-1,2,0,0,0,0,0,2,0,6,4,8,41.94657361,-87.69793836
2,413251,-1,25,0,0,2,1,7,5,4,0,1,0,1,-1,-1,-1,0,0,124,-1,-1,-1,-1,-1,-1,2,1,0,0,1,0,0,0,6,4,8,41.86649303,-87.63907543
0,413714,-1,30,0,0,2,0,10,5,-1,0,1,0,0,-1,-1,-1,0,0,1013,-1,-1,-1,-1,-1,-1,2,0,0,0,0,0,2,0,6,4,8,41.84983192,-87.72796314
0,413573,-1,30,0,0,2,1,10,2,4,0,1,0,0,-1,-1,-1,18,-1,1013,-1,-1,-1,-1,-1,-1,2,0,0,0,0,0,2,0,6,4,8,41.84995785,-87.72761432
0,413790,-1,30,-1,-1,-1,-1,12,5,-1,0,-1,-1,0,-1,-1,-1,-1,-1,1431,-1,-1,-1,-1,-1,-1,2,0,0,0,0,0,2,0,6,4,8,41.92500994,-87.68770475
0,413637,-1,35,0,0,0,1,14,5,2,0,1,0,0,-1,-1,-1,23,-1,834,-1,-1,-1,-1,-1,-1,2,0,0,0,0,0,2,0,6,4,8,41.74213055,-87.7218241
0,413239,-1,30,0,0,2,3,10,5,-1,0,1,0,0,-1,-1,-1,34,34,811,-1,-1,-1,-1,-1,-1,2,0,0,0,0,0,2,0,5,4,8,41.79218689,-87.78418655
0,413922,-1,30,1,2,2,3,10,2,4,0,1,0,0,1,-1,1,0,34,131,-1,-1,-1,-1,-1,-1,2,0,0,0,0,0,2,0,5,4,8,41.85276838,-87.62984184
0,413245,-1,35,0,0,2,2,10,3,-1,0,1,0,0,-1,-1,-1,18,34,222,-1,-1,-1,-1,-1,-1,2,0,0,0,0,0,2,0,5,4,8,41.81077249,-87.58888247
2,413238,-1,40,0,0,2,1,10,6,3,0,1,0,1,-1,-1,1,14,18,222,-1,-1,-1,-1,-1,-1,4,1,0,0,1,0,3,0,5,4,8,41.81077249,-87.58888247
0,413242,-1,30,0,0,2,0,5,5,4,0,1,1,1,-1,-1,-1,29,-1,1424,-1,-1,-1,-1,-1,-1,1,0,0,0,0,0,1,0,4,4,8,41.909891,-87.68706166
2,413227,-1,30,1,2,2,3,5,2,2,0,1,0,1,1,-1,-1,15,34,1624,-1,-1,-1,-1,-1,-1,1,1,0,0,1,0,0,0,4,4,8,41.96037231,-87.76745993
4,413222,-1,35,0,0,2,3,2,5,4,0,1,0,1,-1,-1,1,0,0,1432,1,-1,-1,-1,-1,-1,1,3,1,0,0,2,2,0,4,4,8,41.93318678,-87.68777849