MOST_SEVERE_INJURY,RD_NO,CRASH_DATE_EST_I,POSTED_SPEED_LIMIT,TRAFFIC_CONTROL_DEVICE,DEVICE_CONDITION,WEATHER_CONDITION,LIGHTING_CONDITION,FIRST_CRASH_TYPE,TRAFFICWAY_TYPE,LANE_CNT,ALIGNMENT,ROADWAY_SURFACE_COND,ROAD_DEFECT,CRASH_TYPE,INTERSECTION_RELATED_I,NOT_RIGHT_OF_WAY_I,HIT_AND_RUN_I,PRIM_CONTRIBUTORY_CAUSE,SEC_CONTRIBUTORY_CAUSE,BEAT_OF_OCCURRENCE,PHOTOS_TAKEN_I,STATEMENTS_TAKEN_I,DOORING_I,WORK_ZONE_I,WORK_ZONE_TYPE,WORKERS_PRESENT_I,NUM_UNITS,INJURIES_TOTAL,INJURIES_FATAL,INJURIES_INCAPACITATING,INJURIES_NON_INCAPACITATING,INJURIES_REPORTED_NOT_EVIDENT,INJURIES_NO_INDICATION,INJURIES_UNKNOWN,CRASH_HOUR,CRASH_DAY_OF_WEEK,CRASH_MONTH,LATITUDE,LONGITUDE
0,413228,-1,30,0,0,2,3,2,5,-1,0,1,-1,1,-1,-1,-1,34,-1,1712,-1,-1,-1,-1,-1,-1,1,0,0,0,0,0,1,0,3,4,8,41.97139666,-87.7477507
0,413244,-1,30,0,0,2,0,7,5,2,0,1,0,0,-1,-1,1,34,-1,1532,-1,-1,-1,-1,-1,-1,2,0,0,0,0,0,1,0,3,4,8,41.88369249,-87.75503998
0,413213,-1,30,1,2,2,3,2,2,4,0,1,0,1,1,-1,-1,32,15,111,-1,-1,-1,-1,-1,-1,1,0,0,0,0,0,1,0,3,4,8,41.88751504,-87.62650534
0,413207,-1,30,1,2,2,3,14,5,2,0,1,0,0,1,-1,1,18,16,333,-1,-1,-1,-1,-1,-1,2,0,0,0,0,0,2,0,2,4,8,41.76602778,-87.57644312
0,413201,-1,25,0,0,2,3,2,2,-1,3,1,0,1,-1,-1,-1,15,34,1824,-1,-1,-1,-1,-1,-1,1,0,0,0,0,0,1,0,2,4,8,41.90095892,-87.61992817
2,413192,-1,20,2,2,2,3,2,5,2,0,1,0,1,1,-1,-1,32,5,312,-1,-1,-1,-1,-1,-1,1,1,0,0,1,0,0,0,2,4,8,41.77691422,-87.60338727
2,413193,-1,30,1,2,2,3,14,5,4,0,1,0,1,1,-1,-1,6,0,1231,-1,-1,-1,-1,-1,-1,2,2,0,0,2,0,2,0,2,4,8,41.87633286,-87.66681112
1,413804,-1,30,0,0,2,3,10,2,4,0,1,0,1,-1,-1,1,0,-1,1113,-1,-1,-1,-1,-1,-1,2,1,0,0,0,1,1,0,2,4,8,41.88069887,-87.74513811
0,413468,-1,20,0,0,2,3,7,6,1,0,1,0,0,-1,-1,0,0,0,233,-1,-1,-1,-1,-1,-1,2,0,0,0,0,0,1,0,2,4,8,41.79833843,-87.60265602
0,413197,-1,20,0,0,2,0,12,-1,-1,0,1,0,1,1,-1,-1,27,11,1631,-1,-1,-1,-1,-1,-1,2,0,0,0,0,0,2,0,1,4,8,41.93776377,-87.83129065
0,413491,1,20,0,0,2,0,7,6,1,0,1,0,0,-1,-1,-1,0,0,1024,-1,-1,-1,-1,-1,-1,2,0,0,0,0,0,1,0,1,4,8,41.8499946,-87.70900237
3,413167,-1,30,2,2,2,3,8,5,3,0,1,0,1,1,-1,-1,16,6,822,-1,-1,-1,-1,-1,-1,2,1,0,1,0,0,1,0,0,4,8,41.8001429,-87.72321544
0,413156,-1,30,1,2,2,3,14,5,2,0,1,0,0,-1,-1,1,25,-1,1122,-1,-1,-1,-1,-1,-1,2,0,0,0,0,0,2,0,0,4,8,41.889751,-87.72586344
0,413814,-1,30,2,3,2,3,0,2,-1,0,1,0,0,1,-1,-1,23,23,1925,-1,-1,-1,-1,-1,-1,2,0,0,0,0,0,2,0,23,3,8,41.94632714,-87.64930836
4,413143,-1,30,2,2,2,3,7,5,1,0,1,0,1,-1,-1,-1,8,-1,334,-1,-1,-1,-1,-1,-1,7,1,1,0,0,0,0,0,23,3,8,41.76071026,-87.56655643
0,413137,-1,35,1,1,2,3,0,5,-1,0,1,3,0,1,-1,-1,17,-1,1732,-1,-1,-1,-1,-1,-1,2,0,0,0,0,0,2,0,23,3,8,41.95244089,-87.72772602
0,413141,-1,30,0,0,2,3,14,5,-1,0,1,0,0,1,-1,-1,21,23,911,-1,-1,-1,-1,-1,-1,2,0,0,0,0,0,2,0,23,3,8,41.83009105,-87.69252397
0,416759,-1,15,0,0,0,3,2,7,2,0,0,0,0,-1,1,-1,16,-1,1431,-1,-1,-1,-1,-1,-1,1,0,0,0,0,0,1,0,23,3,8,41.92340581,-87.68768523
0,413124,-1,25,0,0,2,3,10,2,-1,0,1,0,0,-1,-1,-1,34,34,2521,-1,-1,-1,-1,-1,-1,2,0,0,0,0,0,2,0,23,3,8,41.93872475,-87.74624148
3,429700,-1,20,1,2,2,3,9,2,-1,0,1,0,1,1,-1,-1,17,-1,1731,-1,-1,-1,-1,-1,-1,2,1,0,1,0,0,1,0,23,3,8,41.94309006,-87.73063763
0,415086,-1,35,2,2,0,0,2,12,-1,0,0,1,0,-1,-1,-1,28,-1,1224,0,-1,-1,-1,-1,-1,1,0,0,0,0,0,1,0,23,3,8,41.88514605,-87.66908458
0,413102,-1,30,0,0,2,3,14,5,2,0,1,0,0,-1,-1,-1,17,0,1411,-1,-1,-1,-1,-1,-1,2,0,0,0,0,0,2,0,23,3,8,41.93087842,-87.69743966
0,413091,-1,20,0,0,2,0,3,7,1,0,1,0,0,-1,1,-1,20,-1,622,-1,-1,-1,-1,-1,-1,2,0,0,0,0,0,2,0,23,3,8,41.73638005,-87.62750922
0,413138,-1,35,0,0,2,3,10,6,2,0,1,0,0,-1,-1,1,20,-1,111,-1,-1,-1,-1,-1,-1,2,0,0,0,0,0,2,0,22,3,8,41.88437578,-87.62886588
0,413110,-1,30,2,2,2,3,3,5,2,0,1,-1,0,-1,-1,-1,10,11,1824,-1,-1,-1,-1,-1,-1,2,0,0,0,0,0,3,0,22,3,8,41.90304565,-87.6298932
2,413123,1,30,1,2,2,3,2,6,2,0,1,-1,1,-1,-1,-1,8,-1,122,-1,1,-1,-1,-1,-1,1,5,0,0,5,0,0,0,22,3,8,41.8856169,-87.63671925
0,413081,-1,35,1,2,2,3,10,6,2,0,1,0,1,-1,-1,1,16,18,634,-1,-1,-1,-1,-1,-1,2,0,0,0,0,0,2,0,22,3,8,41.72907738,-87.62509137
0,413078,1,30,0,0,2,3,7,5,2,0,1,0,1,-1,-1,1,0,-1,2524,-1,-1,-1,-1,-1,-1,2,0,0,0,0,0,1,0,22,3,8,41.92646983,-87.72667905
0,413073,-1,30,1,2,2,3,10,3,4,0,1,0,1,1,-1,-1,0,-1,924,-1,-1,-1,-1,-1,-1,2,0,0,0,0,0,4,0,22,3,8,41.81231237,-87.66521255
0,413065,-1,30,1,2,2,3,10,3,-1,0,1,0,1,1,-1,-1,16,-1,924,-1,-1,-1,-1,-1,-1,2,0,0,0,0,0,3,0,22,3,8,41.81034613,-87.66516559
0,413074,-1,30,0,0,2,3,14,2,4,0,1,0,1,1,-1,-1,23,34,1611,-1,-1,-1,-1,-1,-1,2,0,0,0,0,0,2,0,22,3,8,41.99373418,-87.78425563
2,413068,-1,30,12,-1,2,3,7,6,1,0,1,0,1,-1,-1,-1,15,10,1121,-1,-1,-1,-1,-1,-1,2,1,0,0,1,0,0,0,22,3,8,41.89414366,-87.71368808
0,413060,-1,30,1,-1,2,3,14,5,4,2,1,0,0,1,-1,-1,0,0,824,-1,-1,-1,-1,-1,-1,2,0,0,0,0,0,2,0,22,3,8,41.79337055,-87.68417538
0,413052,-1,30,1,2,2,3,10,5,-1,0,1,0,0,1,-1,-1,11,7,2412,-1,-1,-1,-1,-1,-1,2,0,0,0,0,0,2,0,22,3,8,41.99796272,-87.68263764
0,413118,-1,30,0,0,2,3,7,2,2,0,1,0,1,-1,-1,-1,33,-1,834,-1,-1,-1,-1,-1,-1,2,0,0,0,0,0,1,0,22,3,8,41.74337987,-87.70236133
0,413066,-1,30,1,2,2,3,14,-1,2,0,1,0,0,0,-1,-1,0,34,1432,-1,-1,-1,-1,-1,-1,4,0,0,0,0,0,4,0,22,3,8,41.92501066,-87.68761779
3,413051,-1,30,2,12,2,3,9,6,2,0,1,-1,1,1,-1,1,5,-1,1231,-1,-1,-1,-1,-1,-1,2,1,0,1,0,0,1,0,22,3,8,41.87536772,-87.6619465
3,413053,1,30,0,0,2,3,4,5,2,0,1,0,1,-1,-1,-1,34,0,1033,-1,-1,-1,-1,-1,-1,1,1,0,1,0,0,0,0,22,3,8,41.85080928,-87.70262629
0,413026,-1,30,0,0,0,3,7,5,2,0,0,-1,1,-1,-1,-1,32,25,1024,-1,-1,-1,-1,-1,-1,2,0,0,0,0,0,1,0,22,3,8,41.8451123,-87.70520154
0,414013,1,30,0,0,2,0,7,5,-1,0,1,-1,0,-1,-1,1,0,0,613,-1,-1,-1,-1,-1,-1,2,0,0,0,0,0,1,0,22,3,8,41.73799167,-87.65111367
0,413439,-1,45,1,2,0,3,10,3,4,0,0,0,0,-1,-1,-1,18,-1,331,-1,-1,-1,-1,-1,-1,2,0,0,0,0,0,2,0,22,3,8,41.78132031,-87.57507937
0,413033,-1,30,1,-1,0,3,0,5,-1,0,0,0,0,-1,-1,-1,0,0,2012,-1,-1,-1,-1,-1,-1,2,0,0,0,0,0,2,0,21,3,8,41.97986748,-87.66986275
-1,413115,-1,30,-1,-1,2,4,0,5,6,0,1,-1,0,1,-1,-1,0,-1,1233,-1,-1,-1,-1,-1,-1,-1,-1,-1,-1,-1,-1,-1,-1,21,3,8,41.86681578,-87.66652926
0,413009,-1,30,0,0,2,3,10,5,3,0,1,12,0,-1,-1,-1,18,16,411,-1,-1,-1,-1,-1,-1,2,0,0,0,0,0,2,0,21,3,8,41.75324131,-87.58621999
0,412996,-1,35,0,0,0,0,12,2,-1,0,0,0,1,-1,-1,-1,17,-1,423,-1,-1,-1,-1,-1,-1,2,0,0,0,0,0,2,0,21,3,8,41.7444251,-87.56061004
0,412982,-1,30,0,0,0,0,10,6,1,0,-1,-1,0,-1,-1,-1,11,0,2515,-1,-1,-1,-1,-1,-1,2,0,0,0,0,0,2,0,21,3,8,41.92145301,-87.77091251
0,413004,-1,30,1,2,-1,3,12,12,3,0,-1,-1,0,1,-1,-1,21,0,123,-1,-1,-1,-1,-1,-1,2,0,0,0,0,0,2,0,20,3,8,41.87050208,-87.62734618
0,413010,-1,30,-1,-1,0,-1,14,2,4,0,0,-1,0,1,-1,-1,0,11,222,-1,-1,-1,-1,-1,-1,2,0,0,0,0,0,2,0,20,3,8,41.80260261,-87.58645582
0,412980,-1,0,0,0,0,3,3,7,0,0,0,0,0,-1,-1,-1,0,0,912,-1,-1,-1,-1,-1,-1,2,0,0,0,0,0,2,0,20,3,8,41.83040813,-87.66571276
0,413760,-1,30,0,0,2,3,7,7,-1,0,1,0,0,-1,-1,-1,0,-1,1623,-1,-1,-1,-1,-1,-1,2,0,0,0,0,0,1,0,20,3,8,41.96447864,-87.74818396
0,412939,-1,30,0,0,0,3,7,6,-1,0,0,0,1,-1,-1,1,0,0,212,-1,-1,-1,-1,-1,-1,2,0,0,0,0,0,1,0,20,3,8,41.82409747,-87.60952282
0,412965,-1,30,2,2,1,0,0,5,4,0,0,0,1,-1,-1,-1,17,-1,1911,-1,-1,-1,-1,-1,-1,2,0,0,0,0,0,2,0,20,3,8,41.95418445,-87.68861784
0,412999,-1,30,0,0,0,3,12,2,-1,0,0,0,0,1,-1,1,22,-1,835,-1,-1,-1,-1,-1,-1,2,0,0,0,0,0,2,0,20,3,8,41.75005493,-87.6829922
0,412978,-1,30,0,0,0,3,12,6,3,0,0,0,0,-1,-1,-1,0,0,1834,-1,-1,-1,-1,-1,-1,2,0,0,0,0,0,2,0,20,3,8,41.89270244,-87.62068192
0,412937,-1,30,0,0,0,3,12,5,-1,0,0,0,0,-1,-1,-1,0,0,1824,-1,-1,-1,-1,-1,-1,2,0,0,0,0,0,2,0,20,3,8,41.90209181,-87.62799276
0,412924,-1,30,0,0,0,3,14,5,2,0,0,-1,0,-1,-1,-1,-1,-1,2512,-1,-1,-1,-1,-1,-1,2,0,0,0,0,0,4,0,20,3,8,41.9309076,-87.78583346
0,412908,-1,30,0,0,0,3,7,6,-1,0,0,0,0,-1,-1,-1,11,-1,1732,-1,-1,-1,-1,-1,-1,2,0,0,0,0,0,1,0,20,3,8,41.94103501,-87.72638828
0,414255,-1,30,0,0,-1,-1,7,5,4,0,-1,-1,0,-1,-1,1,0,0,1922,-1,-1,-1,-1,-1,-1,2,0,0,0,0,0,1,0,20,3,8,41.94821621,-87.66874653
0,412938,-1,35,0,0,-1,3,12,12,4,0,-1,-1,0,-1,-1,1,22,-1,113,-1,-1,-1,-1,-1,-1,2,0,0,0,0,0,2,0,20,3,8,41.87573117,-87.62974885
0,412907,-1,30,1,2,0,1,14,5,-1,0,0,0,0,-1,-1,-1,3,22,122,-1,-1,-1,-1,-1,-1,2,0,0,0,0,0,2,0,20,3,8,41.88216929,-87.63720684
0,412885,1,30,1,2,0,3,10,2,2,0,0,0,0,1,-1,-1,18,-1,334,-1,-1,-1,-1,-1,-1,2,0,0,0,0,0,2,0,20,3,8,41.7662877,-87.56663327
3,412912,-1,30,0,0,0,3,10,5,2,0,1,0,1,-1,-1,1,18,-1,922,-1,-1,-1,-1,-1,-1,2,1,0,1,0,0,1,0,19,3,8,41.80752492,-87.70381333
0,413039,-1,30,1,2,0,4,0,5,4,0,0,0,0,1,-1,-1,6,0,122,-1,-1,-1,-1,-1,-1,2,0,0,0,0,0,2,0,19,3,8,41.88156421,-87.63715967
0,412874,-1,0,0,0,0,1,7,7,-1,0,0,0,0,-1,1,-1,20,20,124,-1,-1,-1,-1,-1,-1,2,0,0,0,0,0,1,0,19,3,8,41.87523163,-87.6425977
0,413046,-1,30,2,2,0,1,0,5,2,0,0,0,0,1,-1,-1,0,0,833,-1,-1,-1,-1,-1,-1,2,0,0,0,0,0,2,0,19,3,8,41.77136425,-87.72026953
0,414446,-1,30,0,0,2,0,7,5,2,0,1,0,0,-1,-1,1,-1,-1,1823,-1,-1,-1,-1,-1,-1,2,0,0,0,0,0,1,0,19,3,8,41.89964611,-87.63480845
0,412883,-1,30,0,0,0,4,7,3,-1,0,0,0,0,-1,-1,1,21,0,914,0,-1,-1,-1,-1,-1,2,0,0,0,0,0,1,0,19,3,8,41.8527309,-87.63281573
2,412972,-1,30,0,0,1,4,8,5,2,0,-1,-1,1,-1,-1,-1,20,11,1832,-1,-1,-1,-1,-1,-1,2,1,0,0,1,0,1,0,19,3,8,41.89682505,-87.63406455
0,412857,-1,35,2,1,0,1,14,5,4,0,0,0,0,1,-1,-1,21,16,632,-1,-1,-1,-1,-1,-1,3,0,0,0,0,0,3,0,19,3,8,41.73660156,-87.6049681
0,412951,-1,30,1,2,0,0,10,2,-1,0,0,0,0,-1,-1,-1,18,-1,1213,-1,-1,-1,-1,-1,-1,4,0,0,0,0,0,4,0,19,3,8,41.90070393,-87.66256863
0,412858,-1,30,2,2,0,4,10,5,2,0,-1,-1,0,-1,-1,-1,18,18,1923,-1,-1,-1,-1,-1,-1,2,0,0,0,0,0,2,0,19,3,8,41.95096487,-87.65753666
0,412810,1,30,0,0,0,3,14,5,-1,0,0,0,0,-1,-1,-1,17,-1,2524,-1,-1,-1,-1,-1,-1,2,0,0,0,0,0,3,0,19,3,8,41.92814808,-87.73278701
0,412804,-1,30,0,0,0,1,7,2,-1,0,1,0,0,-1,-1,1,0,0,2031,-1,-1,-1,-1,-1,-1,2,0,0,0,0,0,1,0,19,3,8,41.97404523,-87.69218773
0,412839,-1,30,2,2,0,1,7,5,-1,0,0,0,0,1,-1,-1,0,0,522,-1,-1,-1,-1,-1,-1,2,0,0,0,0,0,1,0,18,3,8,41.67622189,-87.63095888
0,412824,-1,25,0,-1,0,1,12,2,-1,0,0,0,0,-1,-1,1,0,-1,114,-1,-1,-1,-1,-1,-1,2,0,0,0,0,0,2,0,18,3,8,41.88602728,-87.62216627
0,412786,-1,30,1,2,0,1,14,5,-1,0,0,0,0,-1,-1,-1,22,0,1711,-1,-1,-1,-1,-1,-1,2,0,0,0,0,0,2,0,18,3,8,41.99019459,-87.73257419
0,416866,-1,30,1,2,0,4,12,3,3,0,0,0,0,-1,-1,-1,22,-1,1834,-1,-1,-1,-1,-1,-1,2,0,0,0,0,0,2,0,18,3,8,41.89259323,-87.62433405
0,412829,-1,30,0,0,0,3,12,5,-1,0,0,0,0,-1,-1,-1,0,0,1833,-1,-1,-1,-1,-1,-1,2,0,0,0,0,0,2,0,18,3,8,41.8992486,-87.62427498
0,412783,-1,30,1,2,0,1,10,5,-1,0,0,0,0,-1,-1,-1,16,0,912,-1,-1,-1,-1,-1,-1,2,0,0,0,0,0,2,0,18,3,8,41.82621082,-87.68419989
0,412834,-1,30,0,0,0,4,14,5,-1,0,0,0,0,-1,-1,-1,-1,-1,815,-1,-1,-1,-1,-1,-1,2,0,0,0,0,0,5,0,18,3,8,41.79675457,-87.72340922
0,413332,-1,30,0,0,0,1,0,5,2,0,0,0,0,-1,-1,-1,17,17,133,-1,-1,-1,-1,-1,-1,2,0,0,0,0,0,2,0,18,3,8,41.84445399,-87.62375358
2,412831,-1,30,1,2,0,1,12,5,4,0,1,0,1,-1,-1,-1,0,0,2022,-1,-1,-1,-1,-1,-1,2,1,0,0,1,0,1,0,18,3,8,41.98556491,-87.66001013
0,412805,-1,35,1,2,0,4,12,5,-1,0,0,0,0,-1,-1,-1,0,0,822,-1,-1,-1,-1,-1,-1,2,0,0,0,0,0,3,0,18,3,8,41.78973434,-87.70359746
0,412774,-1,35,0,0,12,4,8,5,-1,0,1,-1,0,-1,-1,-1,11,33,1424,-1,-1,0,-1,-1,-1,2,0,0,0,0,0,2,0,18,3,8,41.90941758,-87.67573944
0,412761,-1,25,0,0,1,1,12,2,-1,0,1,0,0,-1,-1,-1,0,-1,1833,-1,-1,-1,-1,-1,-1,2,0,0,0,0,0,2,0,18,3,8,41.8963236,-87.62442787
0,412747,-1,30,0,0,0,1,12,6,1,0,0,0,0,-1,-1,-1,0,0,2522,-1,-1,-1,-1,-1,-1,3,0,0,0,0,0,2,0,18,3,8,41.9208177,-87.74852924
0,412760,-1,35,1,2,1,1,0,5,2,0,1,0,0,1,-1,-1,17,-1,2411,-1,-1,-1,-1,-1,-1,2,0,0,0,0,0,2,0,18,3,8,42.01489721,-87.69951642
0,412820,-1,30,0,0,0,3,10,0,-1,0,0,0,0,-1,-1,1,20,-1,133,-1,-1,-1,-1,-1,-1,2,0,0,0,0,0,2,0,18,3,8,41.84445399,-87.62375358
2,412748,-1,30,1,2,12,1,0,3,0,0,1,0,1,1,-1,-1,16,-1,1433,-1,-1,-1,-1,-1,-1,2,1,0,0,1,0,3,0,18,3,8,41.91253964,-87.66789128
3,412701,-1,30,1,2,12,1,9,5,2,0,1,0,1,1,-1,1,17,0,911,-1,-1,-1,-1,-1,-1,2,1,0,1,0,0,1,0,18,3,8,41.83023678,-87.68460476
2,412683,-1,30,0,0,2,1,8,2,2,0,1,0,1,1,-1,-1,17,-1,1431,-1,-1,-1,-1,-1,-1,2,1,0,0,1,0,1,0,18,3,8,41.92179534,-87.69578194
0,412808,-1,30,1,2,2,1,10,5,4,0,1,0,0,1,-1,-1,16,-1,124,-1,-1,-1,-1,-1,-1,2,0,0,0,0,0,2,0,18,3,8,41.86715619,-87.64086711
0,413974,-1,30,1,2,0,1,10,5,2,0,1,0,0,1,-1,-1,18,16,2512,-1,-1,-1,-1,-1,-1,3,0,0,0,0,0,3,0,18,3,8,41.9172442,-87.79519391
0,413032,-1,15,0,0,0,1,0,7,-1,0,0,0,0,-1,-1,-1,17,20,1231,-1,-1,-1,-1,-1,-1,2,0,0,0,0,0,2,0,18,3,8,41.873217,-87.67567518
0,412964,-1,30,0,0,0,3,10,3,-1,0,0,0,0,-1,-1,-1,0,-1,1433,-1,-1,-1,-1,-1,-1,2,0,0,0,0,0,2,0,18,3,8,41.91253964,-87.66789128
0,412764,1,30,1,-1,-1,1,0,6,2,0,1,-1,1,1,-1,-1,0,0,123,-1,-1,-1,-1,-1,-1,2,0,0,0,0,0,2,0,18,3,8,41.87562254,-87.62617274
0,412723,-1,30,1,2,0,1,14,5,-1,0,0,-1,0,-1,-1,1,0,-1,822,-1,-1,-1,-1,-1,-1,2,0,0,0,0,0,2,0,18,3,8,41.78633718,-87.70349759
2,412800,-1,30,0,0,0,2,0,5,-1,0,0,0,1,-1,-1,-1,-1,-1,833,-1,-1,-1,-1,-1,-1,2,2,0,0,2,0,1,0,17,3,8,41.77061934,-87.72270419
0,415775,-1,30,2,2,2,1,0,5,0,0,1,0,0,1,-1,-1,17,-1,1212,-1,-1,-1,-1,-1,-1,2,0,0,0,0,0,2,0,17,3,8,41.90311968,-87.67488049
0,412714,-1,30,1,2,1,1,10,6,-1,0,0,0,0,-1,-1,-1,16,-1,1834,-1,-1,-1,-1,-1,-1,2,0,0,0,0,0,3,0,17,3,8,41.89498806,-87.62800237
2,412682,-1,30,1,2,2,1,0,5,2,0,1,0,1,1,-1,-1,6,-1,1832,-1,-1,-1,-1,-1,-1,2,1,0,0,1,0,3,0,17,3,8,41.89671758,-87.62834729
0,412840,-1,30,-1,-1,1,4,14,6,-1,0,0,0,0,1,-1,-1,23,-1,122,-1,-1,-1,-1,-1,-1,2,0,0,0,0,0,2,0,17,3,8,41.88457044,-87.6365374
0,412690,1,5,0,0,2,4,7,7,-1,0,1,0,0,-1,1,-1,-1,-1,2533,-1,-1,-1,-1,-1,-1,2,0,0,0,0,0,1,0,17,3,8,41.90976453,-87.7433763
1,412684,-1,0,0,0,0,1,10,-1,-1,0,-1,-1,1,-1,-1,-1,0,-1,1231,-1,-1,-1,-1,-1,-1,2,1,0,0,0,1,1,0,17,3,8,41.86699992,-87.66321081
0,412685,-1,30,1,2,2,1,14,5,-1,0,1,0,0,-1,-1,-1,22,0,1731,-1,-1,-1,-1,-1,-1,2,0,0,0,0,0,2,0,17,3,8,41.93920375,-87.72731013
0,414877,-1,30,0,0,1,1,12,5,2,0,0,0,0,-1,-1,-1,21,0,1221,-1,-1,-1,-1,-1,-1,2,0,0,0,0,0,2,0,17,3,8,41.89421723,-87.67226294
0,412740,-1,30,0,0,0,1,7,5,-1,0,0,0,0,-1,-1,1,0,0,825,-1,-1,-1,-1,-1,-1,2,0,0,0,0,0,1,0,17,3,8,41.77909177,-87.68753558
0,412709,-1,30,0,0,0,1,12,5,-1,3,1,0,0,-1,-1,-1,21,17,1432,-1,-1,-1,-1,-1,-1,2,0,0,0,0,0,3,0,17,3,8,41.93210986,-87.68361585
2,412667,-1,30,0,0,0,1,12,5,-1,0,0,0,1,-1,-1,-1,0,0,1833,-1,-1,-1,-1,-1,-1,2,1,0,0,1,0,2,0,17,3,8,41.89665314,-87.62223966
0,412653,-1,30,2,2,0,1,0,2,10,0,0,0,0,1,-1,-1,17,5,231,-1,-1,-1,-1,-1,-1,2,0,0,0,0,0,6,0,17,3,8,41.79431063,-87.61929389
2,412657,-1,30,1,2,2,1,8,6,2,0,1,0,1,-1,-1,-1,0,0,121,-1,-1,1,-1,-1,-1,2,1,0,0,1,0,1,0,17,3,8,41.88453804,-87.64413275
0,412741,1,30,0,0,0,1,12,2,2,0,0,0,0,-1,-1,-1,11,0,1024,-1,-1,-1,-1,-1,-1,2,0,0,0,0,0,2,0,17,3,8,41.84692619,-87.70525894
0,412789,-1,30,1,2,-1,-1,14,5,0,0,-1,-1,0,-1,-1,-1,0,-1,1732,-1,-1,-1,-1,-1,-1,2,0,0,0,0,0,2,0,17,3,8,41.94661216,-87.71770414
0,412651,-1,30,1,-1,2,1,9,2,1,0,0,-1,0,-1,-1,-1,17,-1,1914,-1,-1,-1,-1,-1,-1,2,0,0,0,0,0,2,0,17,3,8,41.96188323,-87.65512656
1,412639,-1,30,2,2,1,1,14,2,2,0,0,0,1,1,-1,-1,23,0,621,-1,-1,-1,-1,-1,-1,2,1,0,0,0,1,2,0,17,3,8,41.75798362,-87.63462881
0,412781,-1,30,-1,-1,0,1,0,-1,2,0,-1,-1,0,-1,-1,-1,-1,-1,811,-1,-1,-1,-1,-1,-1,2,0,0,0,0,0,4,0,17,3,8,41.79004397,-87.8013004
0,412785,-1,30,1,2,0,1,5,2,4,0,0,0,0,1,-1,-1,17,0,911,-1,-1,-1,-1,-1,-1,2,0,0,0,0,0,2,0,17,3,8,41.83023678,-87.68460476
0,412637,-1,30,0,0,0,1,12,5,-1,0,0,0,0,-1,-1,-1,21,0,1623,-1,-1,-1,-1,-1,-1,2,0,0,0,0,0,2,0,17,3,8,41.9680103,-87.7577819
0,412686,-1,30,1,2,0,1,12,5,2,0,0,0,0,-1,-1,-1,22,21,121,-1,1,-1,-1,-1,-1,2,0,0,0,0,0,3,0,17,3,8,41.88502047,-87.63966512
0,413908,-1,10,0,0,0,1,0,0,-1,0,-1,-1,0,-1,-1,-1,20,-1,234,-1,-1,-1,-1,-1,-1,2,0,0,0,0,0,2,0,17,3,8,41.79576025,-87.5824043
0,412979,-1,30,1,2,-1,1,10,2,2,0,-1,-1,0,1,-1,-1,16,9,1221,-1,-1,-1,-1,-1,-1,2,0,0,0,0,0,2,0,17,3,8,41.89181911,-87.70629658
1,412730,-1,30,1,2,0,1,14,5,3,0,0,0,1,1,-1,-1,0,27,114,-1,-1,-1,-1,-1,-1,2,1,0,0,0,1,1,0,17,3,8,41.88808207,-87.62050117
0,412623,-1,30,2,2,0,1,0,5,2,0,0,0,0,-1,-1,-1,5,17,821,-1,-1,-1,-1,-1,-1,2,0,0,0,0,0,2,0,17,3,8,41.80670976,-87.70417418
0,412583,-1,30,0,0,1,1,14,2,-1,0,1,0,0,-1,-1,-1,0,-1,413,-1,-1,-1,-1,-1,-1,2,0,0,0,0,0,2,0,16,3,8,41.72273739,-87.57550803
-1,412596,-1,30,0,0,1,1,5,5,2,0,-1,-1,1,-1,-1,-1,-1,-1,2424,-1,-1,-1,-1,-1,-1,2,-1,-1,-1,-1,-1,-1,-1,16,3,8,42.00878842,-87.67882743
0,412739,-1,30,1,2,1,1,12,5,5,0,-1,-1,0,-1,-1,1,21,22,2012,-1,-1,-1,-1,-1,-1,2,0,0,0,0,0,2,0,16,3,8,41.99068712,-87.67275528
2,412585,-1,30,0,0,0,1,14,5,2,0,0,0,1,1,-1,-1,17,-1,1621,-1,-1,-1,-1,-1,-1,2,1,0,0,1,0,1,0,16,3,8,41.97541977,-87.74940891
0,412576,-1,30,1,2,0,1,10,5,2,0,0,0,0,-1,-1,-1,18,0,1732,-1,-1,-1,-1,-1,-1,2,0,0,0,0,0,2,0,16,3,8,41.953149,-87.71813707
2,412561,-1,30,0,0,0,1,9,2,2,0,0,0,1,-1,-1,-1,13,13,1624,-1,-1,-1,-1,-1,-1,2,1,0,0,1,0,1,0,16,3,8,41.95974913,-87.78665118
0,412619,-1,30,1,2,0,1,10,5,-1,0,0,0,0,-1,-1,-1,0,-1,1932,-1,-1,-1,-1,-1,-1,3,0,0,0,0,0,3,0,16,3,8,41.93464168,-87.66183621
0,412604,-1,30,1,2,0,1,10,5,2,0,0,0,0,1,-1,-1,18,16,2534,-1,-1,-1,-1,-1,-1,3,0,0,0,0,0,3,0,16,3,8,41.90825555,-87.73136116
0,412560,-1,30,2,2,0,1,7,6,1,0,0,0,0,-1,-1,-1,21,-1,825,-1,-1,-1,-1,-1,-1,2,0,0,0,0,0,1,0,16,3,8,41.77942678,-87.68624299