MOST_SEVERE_INJURY,RD_NO,CRASH_DATE_EST_I,POSTED_SPEED_LIMIT,TRAFFIC_CONTROL_DEVICE,DEVICE_CONDITION,WEATHER_CONDITION,LIGHTING_CONDITION,FIRST_CRASH_TYPE,TRAFFICWAY_TYPE,LANE_CNT,ALIGNMENT,ROADWAY_SURFACE_COND,ROAD_DEFECT,CRASH_TYPE,INTERSECTION_RELATED_I,NOT_RIGHT_OF_WAY_I,HIT_AND_RUN_I,PRIM_CONTRIBUTORY_CAUSE,SEC_CONTRIBUTORY_CAUSE,BEAT_OF_OCCURRENCE,PHOTOS_TAKEN_I,STATEMENTS_TAKEN_I,DOORING_I,WORK_ZONE_I,WORK_ZONE_TYPE,WORKERS_PRESENT_I,NUM_UNITS,INJURIES_TOTAL,INJURIES_FATAL,INJURIES_INCAPACITATING,INJURIES_NON_INCAPACITATING,INJURIES_REPORTED_NOT_EVIDENT,INJURIES_NO_INDICATION,INJURIES_UNKNOWN,CRASH_HOUR,CRASH_DAY_OF_WEEK,CRASH_MONTH,LATITUDE,LONGITUDE
0,412744,-1,20,0,0,0,1,7,5,2,0,0,0,0,-1,-1,1,11,11,735,-1,-1,-1,-1,-1,-1,2,0,0,0,0,0,1,0,16,3,8,41.76421213,-87.67579455
0,412580,-1,30,1,2,1,4,7,5,-1,0,0,0,0,-1,-1,-1,21,-1,1112,-1,-1,-1,-1,-1,-1,2,0,0,0,0,0,1,0,16,3,8,41.89493633,-87.72592148
2,412520,-1,30,0,0,0,1,8,8,2,0,0,0,1,1,-1,-1,0,0,1111,-1,-1,-1,-1,-1,-1,2,1,0,0,1,0,1,0,16,3,8,41.89521955,-87.74010327
0,412565,-1,30,0,0,0,1,10,5,-1,0,0,0,0,-1,-1,-1,18,16,2523,-1,-1,-1,-1,-1,-1,2,0,0,0,0,0,2,0,16,3,8,41.93224935,-87.73789745
0,412553,-1,30,3,2,0,1,12,5,3,0,0,0,0,-1,-1,1,22,4,1231,-1,-1,-1,-1,-1,-1,2,0,0,0,0,0,2,0,16,3,8,41.87650251,-87.65715016
0,412586,-1,25,0,0,0,1,14,0,-1,0,0,0,0,-1,-1,-1,25,25,312,-1,-1,-1,-1,-1,-1,2,0,0,0,0,0,3,0,16,3,8,41.77850574,-87.60406131
0,413045,-1,30,0,0,0,1,7,7,1,0,0,0,0,-1,1,1,20,-1,2533,-1,-1,-1,-1,-1,-1,2,0,0,0,0,0,1,0,16,3,8,41.90960039,-87.73935647
0,412638,-1,30,0,0,0,4,8,5,-1,0,0,0,0,-1,-1,0,-1,-1,1112,-1,-1,-1,-1,-1,-1,2,0,0,0,0,0,2,0,16,3,8,41.89891211,-87.7261273
0,412523,-1,30,0,0,0,1,12,2,2,0,0,-1,0,-1,-1,-1,0,20,1434,-1,1,-1,-1,-1,-1,2,0,0,0,0,0,2,0,16,3,8,41.91118819,-87.6784933
0,412538,1,35,1,2,0,1,12,2,2,0,0,0,0,-1,-1,1,0,0,1732,-1,-1,-1,-1,-1,-1,3,0,0,0,0,0,5,0,16,3,8,41.95330679,-87.72746094
0,412572,-1,30,2,2,0,1,0,12,2,0,0,0,0,1,-1,-1,17,-1,1624,-1,-1,-1,-1,-1,-1,2,0,0,0,0,0,2,0,16,3,8,41.95684244,-87.77451861
0,422407,-1,30,0,0,0,1,10,5,2,0,0,0,0,-1,-1,-1,18,16,1621,-1,-1,-1,-1,-1,-1,2,0,0,0,0,0,2,0,16,3,8,41.97959355,-87.75858927
0,415556,-1,30,0,0,0,1,10,5,-1,2,0,0,0,-1,-1,1,0,0,1231,-1,-1,-1,-1,-1,-1,2,0,0,0,0,0,2,0,16,3,8,41.87423016,-87.65696625
0,413856,-1,30,2,2,0,1,0,5,-1,0,0,0,0,1,-1,-1,17,-1,1624,-1,-1,-1,-1,-1,-1,2,0,0,0,0,0,2,0,16,3,8,41.95682147,-87.77460541
0,413478,-1,30,0,0,0,1,7,5,-1,0,0,0,0,-1,-1,1,0,0,1133,-1,-1,-1,-1,-1,-1,2,0,0,0,0,0,1,0,16,3,8,41.86983164,-87.71558186
0,412758,-1,30,1,2,0,1,10,5,2,0,0,0,0,1,-1,-1,18,16,1935,-1,-1,-1,-1,-1,-1,2,0,0,0,0,0,2,0,16,3,8,41.9326922,-87.64481853
0,412567,-1,20,2,2,0,1,14,5,2,0,0,0,0,-1,-1,-1,0,0,733,-1,-1,-1,-1,-1,-1,2,0,0,0,0,0,2,0,16,3,8,41.7634918,-87.64443004
-1,412513,-1,25,0,0,0,1,7,5,2,0,0,0,0,-1,-1,-1,0,-1,235,-1,-1,-1,-1,-1,-1,-1,-1,-1,-1,-1,-1,-1,-1,16,3,8,41.78918718,-87.60140045
0,412496,-1,35,1,2,0,1,10,1,2,0,0,0,0,-1,-1,-1,18,-1,2411,-1,-1,-1,-1,-1,-1,2,0,0,0,0,0,3,0,16,3,8,42.01001866,-87.70905655
0,412630,-1,30,1,2,0,1,10,3,2,0,0,0,0,-1,-1,-1,18,16,331,-1,-1,-1,-1,-1,-1,2,0,0,0,0,0,2,0,15,3,8,41.78055215,-87.5847433
0,412563,-1,30,0,0,0,1,7,5,2,0,0,0,0,-1,-1,-1,0,0,1512,-1,-1,-1,-1,-1,-1,2,0,0,0,0,0,1,0,15,3,8,41.88790717,-87.77477326
0,412487,-1,35,1,2,0,1,12,5,2,0,0,0,0,1,-1,-1,17,0,2223,-1,-1,-1,-1,-1,-1,2,0,0,0,0,0,3,0,15,3,8,41.7285794,-87.64784399
0,412467,-1,30,0,0,0,1,7,7,1,0,0,0,0,-1,-1,-1,20,-1,1611,-1,-1,-1,-1,-1,-1,2,0,0,0,0,0,1,0,15,3,8,41.98746908,-87.79016082
0,413953,-1,30,0,0,0,1,7,5,2,0,0,0,0,-1,-1,-1,0,0,314,-1,-1,-1,-1,-1,-1,2,0,0,0,0,0,1,0,15,3,8,41.78245322,-87.59617004
-1,412649,-1,30,0,0,0,1,10,3,2,0,0,0,0,-1,-1,-1,0,-1,312,-1,-1,-1,-1,-1,-1,-1,-1,-1,-1,-1,-1,-1,-1,15,3,8,41.77912962,-87.62550704
0,412460,-1,0,0,0,0,1,10,-1,-1,0,-1,-1,0,-1,-1,1,0,-1,1814,-1,-1,-1,-1,-1,-1,2,0,0,0,0,0,2,0,15,3,8,41.91130561,-87.62558471
0,412873,-1,25,0,0,0,1,10,5,-1,0,0,0,0,-1,-1,1,18,-1,1232,-1,-1,-1,-1,-1,-1,2,0,0,0,0,0,2,0,15,3,8,41.87341662,-87.64694043
0,412490,-1,0,0,0,0,1,7,6,1,0,0,0,1,-1,-1,-1,27,-1,2013,-1,-1,-1,-1,-1,-1,2,0,0,0,0,0,1,0,15,3,8,41.97796388,-87.66473699
0,412640,-1,30,0,0,0,1,10,5,-1,0,1,0,0,-1,-1,1,18,18,934,-1,-1,-1,-1,-1,-1,2,0,0,0,0,0,2,0,15,3,8,41.79414377,-87.66393087
0,415224,-1,30,2,2,0,1,10,6,3,0,0,0,0,-1,-1,-1,20,-1,2024,-1,-1,-1,-1,-1,-1,2,0,0,0,0,0,2,0,15,3,8,41.9716652,-87.65651406
1,413942,-1,0,1,2,0,1,10,12,0,0,0,0,1,1,-1,-1,7,11,725,-1,-1,-1,-1,-1,-1,2,1,0,0,0,1,4,0,15,3,8,41.76869523,-87.66155567
0,412780,-1,30,0,0,0,1,14,5,-1,0,0,0,0,1,-1,1,23,0,1135,-1,-1,-1,-1,-1,-1,2,0,0,0,0,0,2,0,15,3,8,41.86853922,-87.68628767
0,412717,-1,0,0,0,0,1,7,2,-1,0,0,0,0,-1,-1,-1,8,-1,233,-1,-1,-1,-1,-1,-1,2,0,0,0,0,0,1,0,15,3,8,41.78649873,-87.60734086
0,412530,-1,30,0,0,0,1,10,5,2,0,0,0,1,1,-1,-1,16,-1,1434,-1,-1,-1,-1,-1,-1,2,0,0,0,0,0,2,0,15,3,8,41.91303872,-87.67737471
0,412484,-1,30,0,0,0,1,7,5,-1,0,0,0,0,-1,-1,-1,12,16,1524,-1,-1,-1,-1,-1,-1,2,0,0,0,0,0,1,0,15,3,8,41.89866297,-87.75950018
0,412469,-1,30,1,2,0,1,10,2,4,0,0,0,0,1,-1,-1,0,-1,1821,-1,-1,-1,-1,-1,-1,2,0,0,0,0,0,3,0,15,3,8,41.91105069,-87.6351146
0,412526,-1,30,2,0,0,1,0,12,-1,0,0,0,0,1,-1,-1,5,-1,1234,-1,-1,-1,-1,-1,-1,2,0,0,0,0,0,2,0,15,3,8,41.8586659,-87.67616287
0,412463,-1,30,0,0,0,1,14,5,3,0,0,0,0,-1,-1,-1,0,0,1613,-1,-1,-1,-1,-1,-1,2,0,0,0,0,0,2,0,15,3,8,41.9821708,-87.78777518
0,412511,-1,30,0,0,0,1,12,5,-1,3,0,0,0,-1,-1,-1,22,16,1121,-1,-1,-1,-1,-1,-1,2,0,0,0,0,0,3,0,15,3,8,41.90062614,-87.71281894
0,412574,-1,30,0,0,0,1,8,5,2,0,0,0,0,-1,-1,-1,0,-1,1434,-1,-1,1,-1,-1,-1,2,0,0,0,0,0,3,0,15,3,8,41.91583627,-87.68018756
0,412518,-1,30,1,0,0,1,14,5,-1,0,0,0,0,-1,-1,-1,0,-1,1121,-1,-1,-1,-1,-1,-1,2,0,0,0,0,0,3,0,15,3,8,41.89974644,-87.71142893
0,412488,-1,30,1,2,0,1,14,5,4,0,0,0,0,-1,-1,1,0,0,2223,-1,-1,-1,-1,-1,-1,2,0,0,0,0,0,2,0,15,3,8,41.72136882,-87.64306505
0,412392,-1,35,1,2,0,1,12,1,2,0,0,0,0,-1,-1,1,22,0,712,-1,-1,-1,-1,-1,-1,2,0,0,0,0,0,2,0,15,3,8,41.78690518,-87.64566423
0,416393,-1,30,0,0,0,1,2,3,-1,0,0,0,0,-1,1,0,3,0,1814,-1,-1,-1,1,2,1,1,0,0,0,0,0,1,0,15,3,8,-1,-1
0,412947,-1,30,0,0,0,1,7,5,2,0,0,0,1,-1,-1,1,0,-1,1231,-1,-1,-1,-1,-1,-1,2,0,0,0,0,0,1,0,15,3,8,41.87650748,-87.65956366
0,412838,1,30,0,0,0,1,7,5,2,0,0,-1,0,-1,-1,-1,20,11,1032,-1,-1,-1,-1,-1,-1,2,0,0,0,0,0,1,0,15,3,8,41.83910628,-87.70717443
0,412627,-1,30,1,2,0,1,14,5,-1,0,0,0,0,-1,-1,1,20,0,1034,-1,-1,-1,-1,-1,-1,2,0,0,0,0,0,2,0,15,3,8,41.84853919,-87.67541698
0,412515,1,30,0,0,0,1,7,5,2,0,0,0,0,-1,-1,-1,0,0,1224,-1,-1,-1,-1,-1,-1,2,0,0,0,0,0,1,0,15,3,8,41.88007862,-87.66544984
0,412500,-1,30,10,0,0,1,9,5,4,0,0,0,0,-1,1,-1,32,25,131,-1,-1,-1,-1,-1,-1,2,0,0,0,0,0,2,0,15,3,8,41.85962968,-87.6301249
0,412480,-1,30,2,2,0,1,0,2,2,0,0,0,0,1,-1,-1,17,-1,2221,-1,-1,-1,-1,-1,-1,2,0,0,0,0,0,4,0,15,3,8,41.73568058,-87.66442317
0,412454,-1,10,0,0,0,1,2,7,-1,0,0,0,0,-1,1,-1,21,-1,831,-1,-1,-1,-1,-1,-1,1,0,0,0,0,0,1,0,15,3,8,41.76992924,-87.69084134
0,412508,-1,35,0,0,0,1,10,5,-1,0,0,0,0,-1,-1,-1,0,0,815,-1,-1,-1,-1,-1,-1,2,0,0,0,0,0,3,0,14,3,8,41.79874728,-87.74278569
0,412417,-1,30,2,2,0,1,10,5,1,0,0,0,0,1,-1,-1,20,-1,1433,-1,-1,-1,-1,-1,-1,2,0,0,0,0,0,3,0,14,3,8,41.91070735,-87.66667244
0,412382,-1,35,1,2,0,1,10,5,2,0,0,0,0,-1,-1,-1,18,35,834,-1,-1,-1,-1,-1,-1,2,0,0,0,0,0,2,0,14,3,8,41.74190169,-87.7132505
0,412413,-1,30,0,0,0,1,0,5,2,0,0,0,0,-1,-1,-1,17,-1,1621,-1,-1,-1,-1,-1,-1,2,0,0,0,0,0,2,0,14,3,8,41.99792604,-87.76372672
0,412381,-1,30,2,2,0,1,0,12,2,0,0,0,0,1,-1,-1,5,0,823,-1,-1,-1,-1,-1,-1,3,0,0,0,0,0,4,0,14,3,8,41.77884246,-87.71798
0,412489,-1,30,2,2,0,1,14,5,-1,0,0,0,0,-1,-1,-1,23,23,1012,-1,-1,-1,-1,-1,-1,2,0,0,0,0,0,2,0,14,3,8,41.85336714,-87.72494699
0,412388,-1,15,0,0,0,1,7,7,1,0,0,0,0,-1,1,-1,0,0,2423,-1,-1,-1,-1,-1,-1,2,0,0,0,0,0,2,0,14,3,8,42.0133359,-87.67460728
0,412375,-1,20,0,0,0,1,7,5,-1,0,0,0,0,-1,-1,-1,20,-1,812,-1,-1,-1,-1,-1,-1,2,0,0,0,0,0,1,0,14,3,8,41.78115973,-87.77147348
0,412442,-1,35,1,-1,0,1,12,5,4,0,0,-1,0,1,-1,-1,0,0,1432,-1,-1,-1,-1,-1,-1,2,0,0,0,0,0,3,0,14,3,8,41.91804211,-87.66793927
0,412351,-1,30,1,2,0,1,14,3,4,0,0,0,0,1,-1,-1,6,14,731,-1,-1,-1,-1,-1,-1,2,0,0,0,0,0,3,0,14,3,8,41.76915534,-87.62681268
0,416310,-1,30,1,2,0,1,10,5,-1,0,0,0,0,-1,-1,-1,18,0,822,-1,-1,-1,-1,-1,-1,2,0,0,0,0,0,3,0,14,3,8,41.79725593,-87.70380865
0,413799,-1,30,1,2,0,1,14,5,-1,0,0,0,0,-1,-1,1,0,-1,121,-1,-1,-1,-1,-1,-1,2,0,0,0,0,0,2,0,14,3,8,41.88446499,-87.64405989
0,413494,-1,30,1,2,0,1,10,5,-1,0,0,0,0,-1,-1,-1,18,-1,1212,-1,1,-1,-1,-1,-1,2,0,0,0,0,0,2,0,14,3,8,41.89578696,-87.68699059
0,413460,-1,30,0,0,0,1,10,5,-1,0,0,0,0,-1,-1,1,0,-1,2222,-1,-1,-1,-1,-1,-1,2,0,0,0,0,0,2,0,14,3,8,41.73591239,-87.6486392
0,412652,-1,30,1,-1,0,1,10,5,2,0,0,-1,0,-1,-1,1,0,0,634,-1,-1,-1,-1,-1,-1,2,0,0,0,0,0,2,0,14,3,8,41.72189793,-87.6202434
2,412510,-1,35,0,0,0,1,10,5,4,0,0,0,1,-1,-1,-1,18,-1,1433,-1,0,-1,-1,-1,-1,2,1,0,0,1,0,2,0,14,3,8,41.91089409,-87.65694895
0,412395,-1,0,1,2,0,1,10,-1,-1,0,-1,-1,0,1,-1,-1,0,-1,1212,-1,-1,-1,-1,-1,-1,2,0,0,0,0,0,2,0,14,3,8,41.89942256,-87.68708478
2,412369,-1,30,1,2,0,1,14,3,-1,0,0,0,1,1,-1,-1,6,16,434,-1,-1,-1,-1,-1,-1,3,1,0,0,1,0,2,0,14,3,8,41.65928604,-87.56551786
0,412354,-1,35,0,0,0,1,12,2,-1,0,0,12,0,-1,-1,-1,0,0,1911,-1,-1,-1,1,2,-1,2,0,0,0,0,0,2,0,14,3,8,41.96712752,-87.68900657
0,412352,-1,30,0,0,0,1,14,5,2,0,0,0,0,-1,-1,1,0,-1,712,-1,-1,-1,-1,-1,-1,2,0,0,0,0,0,2,0,14,3,8,41.78693165,-87.64511245
0,412353,-1,30,0,0,0,1,10,12,1,0,0,12,0,-1,-1,-1,18,-1,1523,-1,-1,-1,-1,-1,-1,2,0,0,0,0,0,2,0,14,3,8,41.88825179,-87.75550107
0,412631,-1,30,1,2,0,1,12,6,3,0,0,0,0,-1,-1,-1,0,-1,1224,-1,-1,-1,-1,-1,-1,2,0,0,0,0,0,2,0,14,3,8,41.88429736,-87.64738553
0,412542,-1,0,2,2,0,1,10,-1,-1,0,-1,-1,0,1,-1,-1,0,-1,1231,-1,-1,-1,-1,-1,-1,2,0,0,0,0,0,2,0,14,3,8,41.8694111,-87.66401783
0,412387,-1,30,1,2,0,1,10,5,-1,0,0,0,0,1,-1,-1,18,-1,122,-1,-1,-1,-1,-1,-1,2,0,0,0,0,0,2,0,14,3,8,41.88457905,-87.63396972
0,412358,-1,30,0,0,0,1,7,6,1,0,0,0,0,-1,-1,-1,0,0,2031,-1,-1,-1,-1,-1,-1,2,0,0,0,0,0,1,0,14,3,8,41.96880357,-87.69365717
0,412390,-1,30,2,2,0,1,10,6,-1,0,0,0,0,1,-1,-1,20,0,413,-1,-1,-1,-1,-1,-1,2,0,0,0,0,0,2,0,14,3,8,41.73139225,-87.59736389
0,412355,-1,30,2,2,0,1,14,2,-1,0,0,0,1,1,-1,-1,17,-1,811,-1,-1,-1,-1,-1,-1,2,0,0,0,0,0,3,0,14,3,8,41.7952854,-87.76590199
0,412346,-1,30,2,2,0,1,10,5,-1,0,0,0,0,1,-1,-1,0,-1,1912,-1,-1,-1,-1,-1,-1,2,0,0,0,0,0,2,0,14,3,8,41.96510159,-87.67100222
0,412336,-1,30,0,0,0,1,0,5,-1,0,0,0,0,-1,-1,-1,0,0,1024,-1,-1,-1,-1,-1,-1,2,0,0,0,0,0,2,0,14,3,8,41.85668453,-87.70838196
0,412302,-1,0,0,0,0,1,7,5,-1,0,0,0,0,-1,-1,-1,20,20,834,-1,-1,-1,-1,-1,-1,2,0,0,0,0,0,1,0,13,3,8,41.747935,-87.72678248
0,412344,-1,30,0,0,0,1,12,5,4,0,-1,-1,0,-1,-1,-1,21,22,114,-1,-1,-1,1,2,-1,2,0,0,0,0,0,3,0,13,3,8,41.88434876,-87.61454978
0,412314,-1,35,0,0,0,1,10,5,-1,0,0,0,0,-1,-1,-1,0,0,1723,-1,-1,-1,-1,-1,-1,2,0,0,0,0,0,3,0,13,3,8,41.95965155,-87.72762696
0,412399,-1,30,0,0,0,1,12,5,4,0,0,0,0,-1,-1,1,16,22,1224,-1,-1,-1,-1,-1,-1,2,0,0,0,0,0,2,0,13,3,8,41.88326416,-87.64625227
0,416763,-1,20,0,0,0,1,14,5,2,0,0,0,0,-1,-1,-1,0,0,1135,-1,-1,-1,-1,-1,-1,2,0,0,0,0,0,2,0,13,3,8,41.86845322,-87.68837616
0,412437,-1,30,1,-1,0,1,0,6,2,0,0,-1,0,1,-1,-1,17,-1,1522,-1,-1,-1,-1,-1,-1,2,0,0,0,0,0,2,0,13,3,8,41.87115348,-87.75485766
0,412293,-1,30,0,0,0,1,7,6,3,0,0,0,0,-1,-1,-1,17,22,114,-1,-1,-1,-1,-1,-1,2,0,0,0,0,0,1,0,13,3,8,41.88458837,-87.62327256
0,412476,-1,30,1,2,0,1,14,8,-1,0,0,-1,0,1,-1,1,23,-1,1433,-1,-1,-1,-1,-1,-1,2,0,0,0,0,0,2,0,13,3,8,41.90359031,-87.65921321
0,412279,-1,30,0,0,0,1,14,12,2,0,0,0,0,-1,-1,-1,0,0,1221,-1,1,-1,-1,-1,-1,2,0,0,0,0,0,2,0,13,3,8,41.89579651,-87.6773228
0,412262,-1,30,0,0,0,1,14,2,-1,0,0,0,1,-1,-1,-1,23,-1,822,-1,-1,-1,-1,-1,-1,2,0,0,0,0,0,2,0,13,3,8,41.79748252,-87.70381502
0,413886,-1,30,2,0,0,1,10,5,-1,0,0,0,0,-1,-1,-1,18,-1,522,-1,-1,-1,-1,-1,-1,2,0,0,0,0,0,2,0,13,3,8,41.69239395,-87.62996613
0,412642,-1,30,0,0,0,1,10,5,-1,0,0,0,1,-1,-1,-1,18,-1,1834,-1,-1,-1,-1,-1,-1,2,0,0,0,0,0,2,0,13,3,8,41.89106986,-87.6226194
0,412284,-1,30,1,2,0,1,10,3,-1,0,0,0,0,-1,-1,1,0,-1,1234,-1,-1,-1,-1,-1,-1,2,0,0,0,0,0,2,0,13,3,8,41.85243805,-87.66615223
0,412396,-1,30,1,2,0,1,14,3,2,0,0,0,0,1,-1,-1,20,-1,114,-1,-1,-1,-1,-1,-1,2,0,0,0,0,0,3,0,13,3,8,41.8884266,-87.62397517
0,412300,-1,30,2,2,0,1,14,2,2,0,0,-1,0,1,-1,-1,33,0,622,-1,-1,-1,-1,-1,-1,2,0,0,0,0,0,2,0,13,3,8,41.74361505,-87.6341732
0,412267,-1,30,0,0,0,1,10,5,4,0,0,0,0,-1,-1,-1,16,11,2211,-1,-1,-1,-1,-1,-1,2,0,0,0,0,0,2,0,13,3,8,41.68417091,-87.71992502
0,412266,-1,30,0,0,0,1,2,5,2,0,0,0,0,-1,-1,-1,-1,-1,732,-1,-1,-1,-1,-1,-1,2,0,0,0,0,0,1,0,13,3,8,41.76538643,-87.63964076
0,412228,-1,35,0,0,0,1,12,5,-1,0,0,0,1,-1,-1,1,21,-1,835,-1,-1,-1,-1,-1,-1,3,0,0,0,0,0,2,0,12,3,8,41.75190804,-87.69896556
0,413875,-1,30,1,-1,-1,-1,12,6,4,0,-1,-1,0,1,-1,1,25,0,112,-1,-1,-1,-1,-1,-1,2,0,0,0,0,0,2,0,12,3,8,41.88190631,-87.62809668
1,412250,-1,30,0,0,0,1,10,5,-1,0,0,0,1,-1,-1,-1,18,0,812,-1,-1,-1,-1,-1,-1,4,1,0,0,0,1,3,0,12,3,8,41.77757335,-87.79353436
0,412245,-1,30,1,2,0,1,0,5,2,0,0,0,0,1,-1,1,0,-1,1214,-1,-1,-1,-1,-1,-1,2,0,0,0,0,0,2,0,12,3,8,41.89112692,-87.64747245
0,412340,-1,15,0,0,0,1,10,7,-1,0,0,0,0,-1,1,-1,20,17,2511,-1,-1,-1,-1,-1,-1,2,0,0,0,0,0,2,0,12,3,8,41.93107535,-87.78736662
0,412258,-1,40,1,2,0,1,10,5,5,0,0,0,0,-1,-1,-1,0,0,824,-1,-1,-1,-1,-1,-1,2,0,0,0,0,0,3,0,12,3,8,41.78643718,-87.68397525
0,412255,-1,30,1,2,0,1,12,5,-1,0,0,0,0,1,-1,-1,0,0,122,-1,-1,-1,-1,-1,-1,2,0,0,0,0,0,4,0,12,3,8,41.87941752,-87.63655786
0,418857,-1,15,0,0,0,1,0,7,-1,0,0,0,0,-1,1,-1,0,0,1931,-1,-1,-1,-1,-1,-1,2,0,0,0,0,0,2,0,12,3,8,41.93102101,-87.67686402
0,416192,-1,30,1,2,0,1,14,2,-1,0,0,0,0,1,-1,-1,0,-1,233,-1,-1,-1,-1,-1,-1,2,0,0,0,0,0,3,0,12,3,8,41.80229277,-87.59685269
0,412211,-1,30,1,2,0,1,14,1,4,0,0,0,1,-1,-1,-1,-1,-1,1533,-1,-1,-1,-1,-1,-1,2,0,0,0,0,0,2,0,12,3,8,41.87218093,-87.74498443
0,412202,-1,30,0,0,0,1,10,5,2,0,0,0,0,-1,-1,-1,18,11,123,-1,-1,-1,-1,-1,-1,2,0,0,0,0,0,3,0,12,3,8,41.87437787,-87.63312532
0,412661,-1,15,0,0,0,1,14,7,-1,0,0,0,0,-1,-1,-1,0,0,1931,-1,-1,-1,-1,-1,-1,2,0,0,0,0,0,2,0,12,3,8,41.93102101,-87.67686402
0,412185,-1,30,0,0,0,1,10,5,4,0,0,0,0,-1,-1,-1,0,0,1524,-1,-1,-1,-1,-1,-1,2,0,0,0,0,0,4,0,12,3,8,41.89500849,-87.75962331
0,412184,-1,30,1,2,0,1,10,5,2,0,0,0,0,-1,-1,-1,7,11,2234,-1,-1,-1,-1,-1,-1,2,0,0,0,0,0,4,0,12,3,8,41.69566817,-87.66067868
0,413085,-1,30,0,0,0,1,12,5,2,0,0,0,0,-1,-1,-1,21,0,1131,-1,-1,-1,-1,-1,-1,2,0,0,0,0,0,2,0,12,3,8,41.8723278,-87.74479149
0,412506,-1,30,2,2,0,1,0,5,-1,0,0,0,0,1,-1,1,17,-1,1531,-1,-1,-1,-1,-1,-1,2,0,0,0,0,0,2,0,12,3,8,41.89874174,-87.75085337
0,412222,-1,30,-1,-1,0,1,12,5,-1,0,0,-1,0,-1,-1,-1,18,-1,1832,-1,-1,-1,-1,-1,-1,2,0,0,0,0,0,2,0,12,3,8,41.89333774,-87.6312445
1,412164,-1,30,3,2,0,1,14,3,2,0,0,12,1,-1,-1,-1,23,28,1432,-1,-1,-1,1,1,1,2,1,0,0,0,1,1,0,12,3,8,41.9178069,-87.68052162
0,413871,-1,30,0,0,0,1,14,5,0,0,0,0,0,1,-1,-1,17,23,1712,-1,-1,-1,-1,-1,-1,2,0,0,0,0,0,2,0,12,3,8,41.96818122,-87.74393395
0,412168,-1,30,2,2,0,1,14,5,-1,0,0,0,0,1,-1,-1,23,0,1612,-1,-1,-1,-1,-1,-1,2,0,0,0,0,0,3,0,12,3,8,41.99419665,-87.8022574
0,412963,-1,0,0,0,0,1,7,7,-1,0,0,0,0,-1,-1,-1,21,11,1213,-1,-1,-1,-1,-1,-1,2,0,0,0,0,0,1,0,12,3,8,41.8998135,-87.66762407
0,412149,-1,30,1,0,0,1,14,2,-1,0,0,0,0,-1,-1,-1,18,18,111,-1,-1,-1,-1,-1,-1,2,0,0,0,0,0,2,0,12,3,8,41.88670756,-87.62788348
0,426106,-1,30,0,0,-1,-1,7,5,2,0,-1,0,0,-1,-1,1,-1,-1,2212,1,-1,-1,-1,-1,-1,2,0,0,0,0,0,1,0,12,3,8,41.70390088,-87.6813965
1,412363,-1,30,1,2,0,1,10,5,2,0,0,0,1,1,-1,-1,8,-1,1123,-1,-1,-1,-1,-1,-1,2,1,0,0,0,1,1,0,12,3,8,41.8844685,-87.70633792
0,412220,1,30,0,0,0,1,14,5,2,0,0,0,0,-1,-1,1,0,0,1712,-1,-1,-1,-1,-1,-1,2,0,0,0,0,0,2,0,12,3,8,41.96816396,-87.74393778
0,412178,-1,30,0,0,0,1,12,6,2,0,0,0,0,-1,-1,-1,17,21,1831,-1,-1,-1,-1,-1,-1,3,0,0,0,0,0,2,0,12,3,8,41.88906585,-87.63414339
0,412142,-1,30,0,0,0,1,7,5,-1,0,0,0,0,-1,-1,-1,0,-1,1215,-1,-1,-1,-1,-1,-1,2,0,0,0,0,0,1,0,11,3,8,41.88655854,-87.65747653
0,412119,-1,40,1,2,0,1,12,3,6,0,0,1,0,-1,-1,-1,17,22,114,-1,-1,-1,1,1,-1,2,0,0,0,0,0,2,0,11,3,8,41.8808574,-87.61739714
0,412121,-1,30,0,0,0,1,7,7,2,0,0,0,0,-1,1,-1,0,0,821,-1,-1,-1,-1,-1,-1,2,0,0,0,0,0,1,0,11,3,8,41.80537047,-87.71598906
0,412147,-1,30,2,2,0,1,7,2,-1,0,0,0,0,-1,-1,-1,-1,-1,432,-1,-1,-1,-1,-1,-1,2,0,0,0,0,0,1,0,11,3,8,41.71800496,-87.53542903
0,412319,-1,35,1,2,0,1,10,2,-1,0,0,0,0,-1,-1,-1,18,0,412,-1,-1,-1,-1,-1,-1,2,0,0,0,0,0,2,0,11,3,8,41.73721106,-87.58578221
0,412199,-1,25,0,0,0,1,7,2,-1,0,0,-1,0,-1,-1,-1,0,0,1934,-1,-1,-1,-1,-1,-1,2,0,0,0,0,0,2,0,11,3,8,41.93549562,-87.64196871
0,412189,-1,15,12,2,0,1,2,7,2,0,0,0,0,-1,-1,-1,-1,-1,133,-1,-1,-1,-1,-1,-1,1,0,0,0,0,0,1,0,11,3,8,41.83874393,-87.61002325
0,412143,-1,15,0,0,0,1,7,7,0,0,0,0,0,-1,-1,1,0,0,714,-1,-1,-1,-1,-1,-1,2,0,0,0,0,0,1,0,11,3,8,41.78664063,-87.66575157
2,412087,-1,30,1,2,0,1,0,12,3,0,0,0,1,1,-1,-1,6,-1,1834,-1,-1,-1,-1,-1,-1,2,1,0,0,1,0,2,0,11,3,8,41.89123358,-87.61350125
0,412102,-1,30,1,2,0,1,3,5,2,0,0,0,0,-1,-1,1,20,0,222,-1,-1,-1,-1,-1,-1,2,0,0,0,0,0,5,0,11,3,8,41.80261849,-87.58546023