MOST_SEVERE_INJURY,RD_NO,CRASH_DATE_EST_I,POSTED_SPEED_LIMIT,TRAFFIC_CONTROL_DEVICE,DEVICE_CONDITION,WEATHER_CONDITION,LIGHTING_CONDITION,FIRST_CRASH_TYPE,TRAFFICWAY_TYPE,LANE_CNT,ALIGNMENT,ROADWAY_SURFACE_COND,ROAD_DEFECT,CRASH_TYPE,INTERSECTION_RELATED_I,NOT_RIGHT_OF_WAY_I,HIT_AND_RUN_I,PRIM_CONTRIBUTORY_CAUSE,SEC_CONTRIBUTORY_CAUSE,BEAT_OF_OCCURRENCE,PHOTOS_TAKEN_I,STATEMENTS_TAKEN_I,DOORING_I,WORK_ZONE_I,WORK_ZONE_TYPE,WORKERS_PRESENT_I,NUM_UNITS,INJURIES_TOTAL,INJURIES_FATAL,INJURIES_INCAPACITATING,INJURIES_NON_INCAPACITATING,INJURIES_REPORTED_NOT_EVIDENT,INJURIES_NO_INDICATION,INJURIES_UNKNOWN,CRASH_HOUR,CRASH_DAY_OF_WEEK,CRASH_MONTH,LATITUDE,LONGITUDE
0,412094,-1,20,2,2,0,1,10,5,3,0,0,0,0,-1,-1,-1,20,17,1655,-1,-1,-1,-1,-1,-1,2,0,0,0,0,0,2,0,11,3,8,-1,-1
0,412124,-1,30,1,2,0,1,12,5,2,0,0,0,0,1,-1,-1,18,18,712,-1,-1,-1,-1,-1,-1,2,0,0,0,0,0,3,0,11,3,8,41.77985968,-87.64485278
0,412063,-1,30,0,0,0,1,12,5,2,0,0,0,0,-1,-1,-1,0,-1,1811,-1,1,-1,-1,-1,-1,2,0,0,0,0,0,4,0,11,3,8,41.91578499,-87.65651771
0,412288,1,30,2,2,0,1,7,5,1,0,0,0,0,-1,-1,1,0,-1,433,-1,-1,-1,-1,-1,-1,2,0,0,0,0,0,1,0,11,3,8,41.65357263,-87.54815042
0,412169,-1,35,0,0,0,1,7,5,-1,0,0,0,0,-1,-1,1,0,0,1723,-1,-1,-1,-1,-1,-1,2,0,0,0,0,0,1,0,11,3,8,41.96110431,-87.72392897
0,412071,-1,20,0,0,-1,-1,7,5,-1,0,-1,-1,0,-1,-1,1,0,-1,1911,-1,-1,-1,-1,-1,-1,2,0,0,0,0,0,1,0,11,3,8,41.96606796,-87.69112782
2,412065,-1,30,2,2,0,1,9,5,-1,0,0,0,1,1,-1,-1,17,-1,1224,-1,-1,-1,-1,-1,-1,2,1,0,0,1,0,2,0,10,3,8,41.88159606,-87.66450658
0,412033,-1,30,1,2,0,1,12,3,6,0,0,0,0,1,-1,1,17,23,1432,-1,-1,-1,-1,-1,-1,2,0,0,0,0,0,3,0,10,3,8,41.92847511,-87.68762098
0,412679,-1,30,0,0,0,1,10,5,-1,0,0,0,0,-1,-1,-1,-1,-1,833,-1,-1,-1,-1,-1,-1,2,0,0,0,0,0,2,0,10,3,8,41.76754688,-87.729857
0,412072,-1,30,0,0,0,1,12,5,2,0,0,0,0,-1,-1,1,17,25,321,-1,-1,-1,-1,-1,-1,2,0,0,0,0,0,3,0,10,3,8,41.77322249,-87.60733383
0,414810,-1,10,0,0,-1,1,2,7,1,0,-1,0,0,-1,1,-1,0,0,1724,-1,-1,-1,-1,-1,-1,1,0,0,0,0,0,1,0,10,3,8,41.96064588,-87.70808151
3,412023,-1,35,1,2,0,1,2,2,4,0,0,0,1,-1,-1,-1,27,-1,523,-1,-1,-1,-1,-1,-1,1,1,0,1,0,0,0,0,10,3,8,41.66313453,-87.64147987
0,492921,1,30,0,0,-1,-1,7,6,1,0,-1,-1,0,-1,-1,1,-1,-1,2013,-1,-1,-1,-1,-1,-1,2,0,0,0,0,0,1,0,10,3,8,41.97796967,-87.66437855
0,412974,-1,30,1,2,0,1,10,2,-1,0,0,0,0,1,-1,-1,16,-1,2412,-1,-1,-1,-1,-1,-1,2,0,0,0,0,0,2,0,10,3,8,41.99766952,-87.69970642
-1,412921,1,30,0,0,-1,-1,7,6,1,0,-1,-1,0,-1,-1,1,-1,-1,2013,-1,-1,-1,-1,-1,-1,-1,-1,-1,-1,-1,-1,-1,-1,10,3,8,41.97796967,-87.66437855
0,412472,-1,30,0,0,0,1,14,5,-1,0,0,0,0,-1,-1,-1,0,0,722,-1,-1,-1,-1,-1,-1,2,0,0,0,0,0,3,0,10,3,8,41.77691339,-87.62990692
0,411991,-1,30,2,2,0,1,7,5,-1,0,1,0,1,1,-1,-1,16,15,813,-1,-1,-1,-1,-1,-1,2,0,0,0,0,0,1,0,10,3,8,41.7803603,-87.72305366
0,412030,-1,35,0,0,1,1,10,3,-1,0,1,0,0,-1,-1,-1,18,18,834,-1,-1,-1,-1,-1,-1,2,0,0,0,0,0,2,0,10,3,8,41.74941074,-87.7169791
0,412009,-1,30,2,2,0,1,10,5,4,0,0,-1,0,-1,-1,-1,0,0,613,-1,-1,-1,-1,-1,-1,2,0,0,0,0,0,2,0,10,3,8,41.73607795,-87.65098001
0,411974,-1,30,2,1,2,1,12,6,1,0,1,0,1,-1,-1,1,21,-1,1824,-1,-1,-1,-1,-1,-1,3,0,0,0,0,0,3,0,10,3,8,41.90195103,-87.63155256
0,412006,-1,30,1,2,1,1,14,3,8,2,1,0,1,1,-1,1,17,0,511,-1,-1,-1,-1,-1,-1,2,0,0,0,0,0,3,0,10,3,8,41.72225727,-87.58527557
1,411982,-1,30,0,0,1,1,9,7,-1,0,1,0,1,-1,1,1,20,11,1921,-1,-1,-1,-1,-1,-1,2,1,0,0,0,1,1,0,10,3,8,41.95042713,-87.68821584
0,412152,-1,30,1,2,0,1,12,2,-1,0,1,0,0,1,-1,-1,0,0,122,-1,-1,-1,-1,-1,-1,2,0,0,0,0,0,2,0,10,3,8,41.88055703,-87.63713178
0,411987,1,30,1,2,0,1,14,3,-1,0,1,0,0,1,-1,-1,0,0,132,-1,-1,-1,-1,-1,-1,2,0,0,0,0,0,3,0,10,3,8,41.86740243,-87.62042761
0,411981,-1,30,7,3,0,1,10,5,-1,0,0,0,0,-1,-1,-1,18,0,1814,-1,-1,-1,-1,-1,-1,2,0,0,0,0,0,3,0,10,3,8,41.91340477,-87.62615525
0,412001,-1,20,1,2,1,1,0,2,4,0,0,0,0,1,-1,-1,21,33,1822,0,0,-1,-1,-1,-1,2,0,0,0,0,0,2,0,9,3,8,41.91077497,-87.65046085
0,412368,-1,30,1,2,0,1,10,2,-1,0,1,0,0,1,-1,1,18,16,233,-1,-1,-1,-1,-1,-1,2,0,0,0,0,0,2,0,9,3,8,41.79507521,-87.60609661
0,411972,-1,15,0,0,1,1,7,7,1,0,1,0,0,-1,-1,-1,20,0,234,-1,-1,-1,-1,-1,-1,2,0,0,0,0,0,1,0,9,3,8,41.80145655,-87.58774186
0,412034,-1,30,1,2,0,1,10,2,-1,0,1,0,0,1,-1,-1,16,18,813,-1,-1,-1,-1,-1,-1,2,0,0,0,0,0,2,0,9,3,8,41.77870024,-87.72290801
0,411990,-1,30,0,0,0,1,12,5,2,0,1,0,0,-1,-1,-1,0,0,1733,-1,-1,-1,-1,-1,-1,2,0,0,0,0,0,2,0,9,3,8,41.93978025,-87.69867204
0,411995,-1,30,0,0,0,1,12,2,2,0,0,12,0,-1,-1,1,28,28,1232,-1,-1,-1,-1,-1,-1,2,0,0,0,0,0,3,0,9,3,8,41.88128501,-87.64749059
0,411941,-1,30,0,0,2,1,10,5,2,0,1,0,1,1,-1,-1,18,-1,1613,-1,-1,-1,-1,-1,-1,2,0,0,0,0,0,2,0,9,3,8,41.9703166,-87.78812828
1,411928,-1,30,0,0,2,1,12,3,-1,0,1,0,1,-1,-1,-1,34,34,1034,-1,-1,-1,-1,-1,-1,2,2,0,0,0,2,0,0,9,3,8,41.83872124,-87.6861579
0,411944,-1,30,0,0,0,1,10,2,-1,0,0,0,0,1,-1,1,18,-1,922,-1,-1,-1,-1,-1,-1,2,0,0,0,0,0,2,0,9,3,8,41.80828781,-87.68694208
0,411938,-1,30,2,2,2,1,14,5,-1,0,1,0,1,-1,-1,-1,34,-1,2412,-1,-1,-1,-1,-1,-1,2,0,0,0,0,0,2,0,9,3,8,41.99753989,-87.70700596
0,412335,-1,30,0,0,0,1,7,5,-1,0,0,0,0,-1,-1,1,20,-1,1235,-1,-1,-1,-1,-1,-1,2,0,0,0,0,0,2,0,9,3,8,41.85509225,-87.65626414
0,411961,-1,20,0,0,0,1,7,5,1,0,0,0,0,-1,-1,1,0,0,1214,-1,-1,-1,-1,-1,-1,2,0,0,0,0,0,1,0,9,3,8,41.88602576,-87.65667134
0,411931,-1,30,1,2,2,1,12,6,3,0,1,0,0,-1,-1,-1,22,17,122,-1,-1,-1,-1,-1,-1,2,0,0,0,0,0,2,0,9,3,8,41.88310098,-87.63098188
0,411915,-1,30,0,0,2,1,14,5,-1,0,1,0,0,-1,-1,-1,16,0,1013,-1,-1,-1,-1,-1,-1,2,0,0,0,0,0,3,0,9,3,8,41.85023435,-87.72457683
0,411912,-1,30,1,0,2,1,11,3,2,0,1,0,0,-1,-1,1,17,17,132,-1,-1,-1,-1,-1,-1,2,0,0,0,0,0,2,0,9,3,8,41.86257762,-87.62389516
0,426181,-1,30,2,2,2,1,0,5,-1,0,1,0,0,-1,-1,1,17,0,1225,-1,-1,-1,-1,-1,-1,2,0,0,0,0,0,2,0,9,3,8,41.87478326,-87.67420035
0,412589,-1,30,2,2,0,1,10,5,-1,0,0,0,0,1,-1,-1,0,0,1833,-1,-1,-1,-1,-1,-1,2,0,0,0,0,0,2,0,9,3,8,41.89937108,-87.62061443
0,412025,-1,30,0,0,0,1,7,6,1,0,0,0,0,-1,-1,-1,0,0,331,-1,-1,-1,-1,-1,-1,2,0,0,0,0,0,1,0,9,3,8,41.76899028,-87.56970131
0,411947,-1,30,1,2,1,1,0,5,4,0,1,0,0,-1,-1,-1,17,-1,1622,-1,-1,-1,-1,-1,-1,2,0,0,0,0,0,3,0,9,3,8,41.9603335,-87.7864091
0,411904,-1,30,2,2,0,1,10,6,2,0,0,0,1,-1,-1,1,18,0,1224,-1,-1,-1,-1,-1,-1,2,0,0,0,0,0,2,0,9,3,8,41.88289296,-87.65550522
2,411927,-1,30,1,2,0,1,14,2,8,0,1,0,1,1,-1,-1,23,-1,1022,-1,-1,-1,-1,-1,-1,2,1,0,0,1,0,1,0,8,3,8,41.85805326,-87.70555564
0,411909,-1,0,0,0,2,1,11,2,3,0,1,0,0,-1,-1,-1,0,0,1612,-1,-1,-1,-1,-1,-1,2,0,0,0,0,0,2,0,8,3,8,41.98857518,-87.81297791
0,412422,-1,35,1,2,2,1,14,5,5,0,1,0,0,1,-1,-1,0,0,833,-1,-1,-1,-1,-1,-1,2,0,0,0,0,0,2,0,8,3,8,41.7712227,-87.74191039
0,411894,1,0,0,0,2,1,7,7,0,0,1,0,0,-1,-1,-1,33,20,1621,-1,-1,-1,-1,-1,-1,2,0,0,0,0,0,1,0,8,3,8,41.99049477,-87.74847741
0,411896,-1,30,0,0,0,1,14,2,2,0,1,0,0,-1,-1,-1,17,0,1733,-1,-1,-1,-1,-1,-1,2,0,0,0,0,0,2,0,8,3,8,41.93984441,-87.69798645
0,411885,-1,30,2,2,1,1,14,5,2,0,1,0,0,1,-1,-1,5,-1,1933,-1,-1,-1,-1,-1,-1,2,0,0,0,0,0,2,0,8,3,8,41.93448339,-87.65889988
0,411923,-1,30,1,2,2,-1,12,2,-1,0,1,0,0,-1,-1,-1,12,16,1823,-1,-1,-1,-1,-1,-1,2,0,0,0,0,0,4,0,8,3,8,41.89667663,-87.63616097
0,411887,-1,20,1,2,2,2,10,3,3,0,1,0,0,0,-1,1,18,12,1651,-1,-1,-1,-1,-1,-1,2,0,0,0,0,0,2,0,8,3,8,41.97620114,-87.90530913
0,423473,-1,0,1,2,2,1,10,3,1,0,1,0,0,-1,-1,-1,0,0,222,-1,-1,-1,-1,-1,-1,2,0,0,0,0,0,2,0,8,3,8,41.81065494,-87.58922483
0,412628,-1,5,0,0,2,1,7,7,-1,0,1,0,0,-1,-1,1,20,0,1915,-1,-1,-1,-1,-1,-1,2,0,0,0,0,0,1,0,8,3,8,41.95997841,-87.64971223
0,411943,-1,25,0,0,12,1,0,5,4,0,1,0,1,1,-1,-1,0,0,2413,-1,-1,-1,-1,-1,-1,3,0,0,0,0,0,3,0,8,3,8,41.99056055,-87.69812137
1,411900,-1,30,1,2,2,1,10,5,4,0,1,0,1,-1,-1,-1,18,16,1624,-1,-1,-1,-1,-1,-1,2,1,0,0,0,1,1,0,8,3,8,41.96037595,-87.76711745
0,411895,-1,30,1,2,2,1,12,2,4,0,1,0,0,-1,-1,1,0,34,613,-1,-1,-1,-1,-1,-1,2,0,0,0,0,0,2,0,8,3,8,41.73611222,-87.64855595
2,423593,-1,30,0,0,0,1,9,5,-1,0,0,0,1,-1,-1,1,0,-1,1112,-1,-1,-1,-1,-1,-1,2,1,0,0,1,0,1,0,8,3,8,41.89894015,-87.7228658
0,411998,-1,30,0,0,0,1,12,2,-1,0,0,0,0,-1,-1,1,0,0,1235,-1,-1,-1,-1,-1,-1,2,0,0,0,0,0,2,0,8,3,8,41.85796073,-87.64365835
0,411919,-1,30,0,0,2,1,12,6,3,0,1,0,0,1,-1,-1,17,-1,1612,-1,-1,-1,-1,-1,-1,2,0,0,0,0,0,2,0,8,3,8,41.98280023,-87.78786386
0,411877,-1,30,0,0,1,1,7,6,1,0,1,0,0,-1,-1,1,0,0,1524,-1,-1,-1,-1,-1,-1,2,0,0,0,0,0,1,0,8,3,8,41.90106503,-87.76393251
0,411876,-1,30,0,0,2,1,12,5,4,0,1,0,0,-1,-1,-1,0,0,1912,-1,-1,-1,-1,-1,-1,2,0,0,0,0,0,2,0,8,3,8,41.95426825,-87.67863556
0,411845,-1,35,0,0,2,1,10,5,-1,0,1,0,0,-1,-1,-1,18,-1,1732,-1,-1,-1,-1,-1,-1,2,0,0,0,0,0,2,0,8,3,8,41.95206577,-87.71699246
0,412621,-1,35,0,0,2,1,0,5,-1,0,1,0,0,-1,-1,-1,0,0,923,-1,-1,-1,-1,-1,-1,2,0,0,0,0,0,2,0,8,3,8,41.80432746,-87.68449953
0,412393,-1,30,1,2,0,1,10,2,4,0,0,0,0,1,-1,-1,0,-1,114,-1,-1,-1,-1,-1,-1,2,0,0,0,0,0,5,0,8,3,8,41.86757594,-87.62360496
0,411881,-1,30,1,2,2,1,10,5,3,0,1,0,0,-1,-1,-1,0,0,413,-1,-1,-1,-1,-1,-1,2,0,0,0,0,0,3,0,8,3,8,41.72583417,-87.5848256
0,411861,-1,35,2,2,1,1,12,5,4,0,1,0,0,-1,-1,-1,22,0,1121,-1,-1,-1,-1,-1,-1,2,0,0,0,0,0,7,0,8,3,8,41.89545928,-87.7067002
2,411859,-1,30,1,2,0,1,8,5,-1,0,1,0,1,-1,-1,-1,6,0,2521,-1,-1,-1,-1,-1,-1,2,1,0,0,1,0,2,0,8,3,8,41.93164142,-87.74671991
0,411846,-1,20,0,0,2,1,7,6,-1,0,0,0,0,-1,-1,1,0,0,2031,-1,-1,-1,-1,-1,-1,2,0,0,0,0,0,1,0,8,3,8,41.97083389,-87.69846656
0,412735,-1,30,1,2,0,1,10,2,-1,0,0,0,0,-1,-1,-1,0,-1,732,-1,-1,-1,-1,-1,-1,2,0,0,0,0,0,2,0,8,3,8,41.76874851,-87.64435818
0,412713,-1,30,1,2,2,1,5,5,2,0,1,1,0,-1,-1,-1,0,0,911,-1,-1,-1,1,1,-1,1,0,0,0,0,0,1,0,8,3,8,41.82310882,-87.70946651
0,412722,-1,30,-1,-1,-1,-1,1,5,2,0,-1,-1,0,-1,-1,-1,-1,-1,822,-1,-1,-1,-1,-1,-1,1,0,0,0,0,0,1,0,8,3,8,41.78624118,-87.71077772
0,412003,-1,30,1,2,2,1,12,5,2,0,1,0,0,1,-1,-1,17,17,114,-1,-1,-1,-1,-1,-1,2,0,0,0,0,0,2,0,8,3,8,41.87826992,-87.62052861
0,411962,1,30,0,0,0,2,7,5,4,0,0,0,0,-1,-1,1,0,0,331,-1,-1,-1,-1,-1,-1,2,0,0,0,0,0,1,0,8,3,8,41.77240308,-87.57631928
0,412083,-1,30,1,2,1,1,12,5,3,0,0,0,0,-1,-1,-1,0,0,411,-1,-1,-1,-1,-1,-1,2,0,0,0,0,0,5,0,7,3,8,41.74463623,-87.58523191
0,411867,-1,30,0,0,2,0,14,2,-1,0,1,-1,0,-1,-1,-1,0,0,1212,-1,-1,-1,-1,-1,-1,2,0,0,0,0,0,2,0,7,3,8,41.89968221,-87.67587379
0,411864,-1,30,0,0,2,1,12,5,2,0,1,0,0,-1,-1,1,0,0,1622,-1,-1,-1,-1,-1,-1,2,0,0,0,0,0,2,0,7,3,8,41.97314359,-87.77808533
0,411811,-1,30,1,2,2,1,14,5,4,0,1,0,0,1,-1,-1,6,6,2012,-1,-1,-1,-1,-1,-1,2,0,0,0,0,0,2,0,7,3,8,41.97621644,-87.6697616
0,412581,-1,30,1,2,2,1,10,5,4,0,1,0,0,1,-1,-1,16,18,1821,-1,-1,-1,-1,-1,-1,2,0,0,0,0,0,2,0,7,3,8,41.90777334,-87.63319495
0,413299,-1,30,1,2,0,1,14,6,3,0,0,0,0,1,-1,-1,23,21,1834,-1,-1,-1,-1,-1,-1,2,0,0,0,0,0,2,0,7,3,8,41.89156576,-87.62799288
0,411819,-1,30,1,2,2,1,0,5,-1,0,1,0,1,-1,-1,1,25,34,1224,-1,-1,-1,-1,-1,-1,4,0,0,0,0,0,4,0,7,3,8,41.88230081,-87.66918263
3,411893,-1,30,1,2,2,1,9,2,6,0,1,-1,1,-1,-1,0,17,-1,122,-1,-1,-1,-1,-1,-1,2,1,0,1,0,0,1,0,7,3,8,41.88687599,-87.6355937
0,411973,-1,30,0,0,0,1,7,5,1,0,0,0,1,-1,-1,1,16,4,1424,-1,-1,-1,-1,-1,-1,2,0,0,0,0,0,1,0,7,3,8,41.90723718,-87.67825649
0,411799,-1,30,0,0,0,1,10,2,-1,0,0,0,1,-1,-1,-1,16,-1,923,-1,-1,-1,-1,-1,-1,2,0,0,0,0,0,2,0,7,3,8,41.80077179,-87.70024599
2,411786,-1,30,2,2,0,1,8,5,4,0,0,0,1,1,-1,-1,0,-1,433,-1,-1,-1,-1,-1,-1,2,1,0,0,1,0,1,0,7,3,8,41.6953839,-87.53542898
0,411806,-1,30,1,2,2,1,10,5,-1,0,1,0,0,-1,-1,-1,18,18,2011,-1,-1,-1,-1,-1,-1,2,0,0,0,0,0,2,0,7,3,8,41.99038951,-87.68973064
0,412519,-1,35,0,0,0,1,12,2,6,0,0,0,0,-1,-1,1,0,-1,432,-1,-1,-1,-1,-1,-1,2,0,0,0,0,0,2,0,7,3,8,41.70807727,-87.53040512
0,411779,-1,30,1,2,1,1,12,5,4,0,0,0,1,1,-1,-1,12,12,623,-1,-1,-1,-1,-1,-1,2,0,0,0,0,0,2,0,7,3,8,41.7510366,-87.62580715
0,413369,-1,30,0,0,0,1,7,6,1,0,0,0,0,-1,-1,1,0,-1,1533,-1,-1,-1,-1,-1,-1,2,0,0,0,0,0,1,0,7,3,8,41.87594784,-87.74842566
0,411791,-1,30,0,0,0,1,14,2,-1,0,0,0,0,-1,-1,-1,0,0,1921,-1,-1,-1,-1,-1,-1,2,0,0,0,0,0,2,0,7,3,8,41.94066575,-87.68780143
2,411780,-1,30,2,2,1,1,0,2,0,0,0,0,1,1,-1,1,5,0,423,-1,-1,-1,-1,-1,-1,2,1,0,0,1,0,1,0,6,3,8,41.74446512,-87.55897719
0,411862,-1,20,0,0,-1,2,7,5,-1,0,-1,-1,0,-1,-1,1,0,-1,421,-1,-1,-1,-1,-1,-1,2,0,0,0,0,0,1,0,6,3,8,41.75211319,-87.55712964
0,411771,-1,30,1,2,0,1,12,3,4,0,0,0,0,1,-1,-1,17,17,114,-1,-1,-1,-1,-1,-1,2,0,0,0,0,0,2,0,6,3,8,41.88216859,-87.62422057
0,411760,-1,30,0,0,0,2,7,5,6,2,0,0,1,-1,-1,-1,21,16,1111,-1,-1,-1,-1,-1,-1,3,0,0,0,0,0,1,0,6,3,8,41.89517767,-87.74228333
0,411759,-1,35,1,2,0,2,12,5,-1,0,0,0,0,1,-1,-1,10,18,815,-1,-1,-1,-1,-1,-1,2,0,0,0,0,0,2,0,6,3,8,41.81834902,-87.72409641
0,411754,-1,30,2,2,0,0,12,2,2,0,0,0,0,-1,-1,-1,22,0,1223,-1,-1,-1,-1,-1,-1,2,0,0,0,0,0,5,0,5,3,8,41.8808772,-87.67678039
0,411767,1,25,0,0,0,-1,7,6,-1,0,0,0,0,-1,-1,-1,0,0,1911,-1,-1,-1,-1,-1,-1,2,0,0,0,0,0,1,0,5,3,8,41.96304718,-87.68049055
0,412100,-1,30,0,0,1,3,14,2,2,0,0,0,0,-1,-1,-1,23,21,1631,-1,-1,-1,-1,-1,-1,2,0,0,0,0,0,2,0,5,3,8,41.94466354,-87.80712948
0,411742,-1,30,1,2,0,3,10,5,2,0,0,0,0,1,-1,-1,18,0,1413,-1,-1,-1,-1,-1,-1,2,0,0,0,0,0,2,0,5,3,8,41.92822489,-87.71205411
1,412433,-1,30,0,0,0,3,9,12,-1,0,0,0,1,-1,-1,-1,0,-1,1112,-1,-1,-1,-1,-1,-1,2,1,0,0,0,1,1,0,5,3,8,41.89366949,-87.72128471
0,411818,-1,30,0,0,-1,3,7,5,2,0,-1,-1,0,-1,-1,1,0,0,2431,-1,-1,-1,-1,-1,-1,2,0,0,0,0,0,1,0,4,3,8,42.00766727,-87.67360154
0,412173,-1,30,0,0,0,3,10,2,-1,0,0,0,0,-1,-1,-1,22,17,2533,-1,-1,-1,-1,-1,-1,2,0,0,0,0,0,2,0,4,3,8,41.90982971,-87.73861096
0,411710,-1,35,-1,-1,0,3,2,2,-1,3,0,0,1,-1,-1,-1,16,0,331,-1,-1,-1,-1,-1,-1,1,0,0,0,0,0,2,0,3,3,8,41.77647256,-87.57099037
0,412532,1,30,0,0,0,-1,7,6,-1,0,0,0,0,-1,-1,1,0,-1,835,-1,-1,-1,-1,-1,-1,2,0,0,0,0,0,1,0,3,3,8,41.74961212,-87.68909609
0,411692,-1,30,0,0,0,3,7,6,-1,0,0,0,0,-1,-1,0,-1,-1,2532,-1,-1,-1,-1,-1,-1,2,0,0,0,0,0,1,0,1,3,8,41.91270864,-87.75714873
0,411646,1,20,-1,0,0,0,7,5,2,0,0,-1,0,-1,-1,-1,11,0,1633,-1,-1,-1,-1,-1,-1,4,0,0,0,0,0,1,0,1,3,8,41.94566327,-87.77637871
0,411658,-1,30,0,0,0,3,14,5,2,0,0,0,0,-1,-1,1,32,23,1624,-1,-1,-1,-1,-1,-1,2,0,0,0,0,0,4,0,1,3,8,41.9560278,-87.75066791
0,412167,1,25,0,0,0,3,7,6,-1,0,0,0,0,-1,-1,1,17,0,2534,-1,-1,-1,-1,-1,-1,2,0,0,0,0,0,1,0,1,3,8,41.91150125,-87.7336485
0,411663,-1,30,-1,0,0,3,2,5,4,0,0,0,1,-1,-1,-1,14,14,523,-1,-1,-1,-1,-1,-1,1,0,0,0,0,0,1,0,0,3,8,41.66337858,-87.6344662
0,412291,-1,0,-1,-1,-1,-1,2,-1,-1,0,-1,-1,1,-1,-1,1,0,0,232,-1,-1,-1,-1,-1,-1,1,0,0,0,0,0,1,0,0,3,8,41.78593369,-87.61753032
0,412066,-1,30,1,2,0,3,12,3,-1,0,0,0,0,-1,-1,-1,0,0,114,-1,-1,-1,-1,-1,-1,2,0,0,0,0,0,2,0,23,2,8,41.88057686,-87.62092338
0,411592,-1,20,0,0,0,3,7,6,1,0,0,0,0,-1,-1,1,0,-1,814,-1,-1,-1,-1,-1,-1,2,0,0,0,0,0,1,0,23,2,8,41.80844785,-87.75188676
2,411706,-1,30,1,-1,0,-1,9,-1,2,0,-1,-1,1,1,-1,1,0,0,322,-1,-1,-1,-1,-1,-1,2,1,0,0,1,0,1,0,23,2,8,41.76910398,-87.62509228
0,411587,-1,30,0,0,0,3,2,3,4,0,0,0,0,-1,-1,-1,23,0,2032,-1,-1,-1,-1,-1,-1,1,0,0,0,0,0,1,0,23,2,8,41.96929695,-87.66959817
0,411929,-1,30,0,0,0,0,7,5,4,0,0,0,1,-1,-1,1,0,0,1511,-1,-1,-1,-1,-1,-1,2,0,0,0,0,0,1,0,23,2,8,41.89342374,-87.76548688
0,411593,-1,30,1,2,0,3,10,5,-1,0,0,0,0,-1,-1,-1,0,0,414,-1,-1,-1,-1,-1,-1,2,0,0,0,0,0,2,0,23,2,8,41.7569669,-87.57624762
0,412962,-1,25,0,0,0,3,7,5,4,0,0,0,0,-1,-1,1,0,0,234,-1,-1,-1,-1,-1,-1,2,0,0,0,0,0,1,0,22,2,8,41.80031742,-87.59060526
0,411582,-1,30,0,0,0,0,12,5,-1,0,0,0,0,-1,-1,-1,0,-1,623,-1,-1,-1,-1,-1,-1,2,0,0,0,0,0,2,0,22,2,8,41.75640041,-87.62486969
0,411548,1,30,-1,-1,0,0,2,2,-1,0,0,0,0,0,-1,0,16,-1,611,-1,-1,-1,-1,-1,-1,1,0,0,0,0,0,1,0,22,2,8,41.75585342,-87.66586023
0,411555,-1,30,0,0,0,3,7,5,2,0,0,0,0,-1,-1,1,16,0,212,-1,-1,-1,-1,-1,-1,2,0,0,0,0,0,1,0,22,2,8,41.82729551,-87.62216573
0,411543,-1,30,-1,0,0,0,12,5,-1,0,0,0,1,-1,-1,1,16,-1,1432,-1,-1,-1,-1,-1,-1,2,0,0,0,0,0,2,0,22,2,8,41.92510005,-87.6809296
0,411556,-1,30,0,0,0,3,7,5,4,0,0,-1,0,-1,-1,-1,27,-1,1712,-1,-1,-1,-1,-1,-1,2,0,0,0,0,0,1,0,22,2,8,41.96975089,-87.74259704
2,411523,-1,30,1,2,0,3,0,5,-1,0,0,0,1,-1,-1,1,27,10,1732,-1,-1,-1,-1,-1,-1,2,1,0,0,1,0,2,0,22,2,8,41.94667376,-87.71285539
0,412088,-1,45,1,2,0,0,10,3,4,0,0,0,0,-1,-1,-1,18,-1,1834,-1,-1,-1,-1,-1,-1,2,0,0,0,0,0,2,0,22,2,8,41.89426655,-87.61529911
0,411622,-1,30,0,0,0,3,0,5,-1,0,0,-1,0,-1,-1,1,0,0,2534,-1,-1,-1,-1,-1,-1,2,0,0,0,0,0,2,0,22,2,8,41.90992525,-87.73155722
0,411549,-1,30,-1,-1,0,3,3,5,-1,0,0,-1,1,-1,-1,1,0,0,331,-1,-1,-1,-1,-1,-1,2,0,0,0,0,0,2,0,21,2,8,41.77351587,-87.58012097
2,411530,-1,25,0,0,0,3,2,5,2,0,0,-1,1,-1,0,-1,8,0,1011,-1,-1,-1,-1,-1,-1,1,1,0,0,1,0,0,0,21,2,8,41.86262465,-87.71956488
2,411511,-1,30,0,0,0,0,9,5,2,0,0,-1,1,-1,-1,-1,0,0,1915,-1,-1,-1,-1,-1,-1,2,1,0,0,1,0,1,0,21,2,8,41.95464083,-87.65156901
0,411485,-1,25,2,2,0,3,0,5,1,0,0,0,1,1,-1,-1,5,0,834,-1,-1,-1,-1,-1,-1,2,0,0,0,0,0,2,0,21,2,8,41.73628483,-87.73984115
0,411481,-1,30,2,2,0,3,10,2,2,0,0,0,0,-1,-1,-1,18,-1,1012,-1,-1,-1,-1,-1,-1,2,0,0,0,0,0,2,0,21,2,8,41.85880201,-87.7372378
2,411479,-1,30,1,2,0,3,14,5,4,0,0,0,1,1,-1,-1,0,11,2022,-1,-1,-1,-1,-1,-1,2,2,0,0,2,0,5,0,21,2,8,41.98925038,-87.65550675
0,425880,-1,30,0,0,0,3,2,6,2,0,0,1,0,-1,-1,-1,-1,-1,623,-1,-1,-1,-1,-1,-1,1,0,0,0,0,0,1,0,21,2,8,41.75522597,-87.62644094