MOST_SEVERE_INJURY,RD_NO,CRASH_DATE_EST_I,POSTED_SPEED_LIMIT,TRAFFIC_CONTROL_DEVICE,DEVICE_CONDITION,WEATHER_CONDITION,LIGHTING_CONDITION,FIRST_CRASH_TYPE,TRAFFICWAY_TYPE,LANE_CNT,ALIGNMENT,ROADWAY_SURFACE_COND,ROAD_DEFECT,CRASH_TYPE,INTERSECTION_RELATED_I,NOT_RIGHT_OF_WAY_I,HIT_AND_RUN_I,PRIM_CONTRIBUTORY_CAUSE,SEC_CONTRIBUTORY_CAUSE,BEAT_OF_OCCURRENCE,PHOTOS_TAKEN_I,STATEMENTS_TAKEN_I,DOORING_I,WORK_ZONE_I,WORK_ZONE_TYPE,WORKERS_PRESENT_I,NUM_UNITS,INJURIES_TOTAL,INJURIES_FATAL,INJURIES_INCAPACITATING,INJURIES_NON_INCAPACITATING,INJURIES_REPORTED_NOT_EVIDENT,INJURIES_NO_INDICATION,INJURIES_UNKNOWN,CRASH_HOUR,CRASH_DAY_OF_WEEK,CRASH_MONTH,LATITUDE,LONGITUDE
0,411533,-1,20,0,0,0,3,5,0,1,0,0,-1,0,-1,0,-1,0,-1,411,-1,-1,-1,-1,-1,-1,1,0,0,0,0,0,1,0,20,2,8,41.75190231,-87.59291824
0,411499,-1,25,0,0,0,3,8,5,2,0,0,0,0,-1,-1,-1,0,-1,1934,-1,-1,1,-1,-1,-1,2,0,0,0,0,0,1,0,20,2,8,41.93841197,-87.6444918
0,411495,-1,30,1,1,0,3,12,2,2,0,0,0,0,-1,-1,-1,23,35,611,-1,-1,-1,-1,-1,-1,2,0,0,0,0,0,2,0,20,2,8,41.75012091,-87.67319363
0,433911,-1,5,0,0,0,3,7,7,-1,0,0,0,0,-1,-1,1,20,-1,131,-1,-1,-1,-1,-1,-1,2,0,0,0,0,0,1,0,20,2,8,41.86672435,-87.62596115
0,418948,-1,30,0,0,0,3,7,5,1,0,0,0,1,-1,-1,1,0,0,1424,-1,-1,-1,-1,-1,-1,2,0,0,0,0,0,1,0,20,2,8,41.90702501,-87.67779555
0,411467,-1,30,-1,-1,0,3,7,5,4,0,0,0,0,-1,-1,-1,11,-1,1634,-1,-1,-1,-1,-1,-1,2,0,0,0,0,0,1,0,20,2,8,41.95320022,-87.75641899
0,411486,-1,30,1,2,0,3,10,2,2,0,0,0,0,-1,-1,-1,18,0,1412,-1,-1,-1,-1,-1,-1,2,0,0,0,0,0,3,0,20,2,8,41.93209747,-87.71085707
0,411565,-1,30,2,2,0,3,0,6,-1,0,0,0,0,1,-1,-1,17,-1,2511,-1,-1,-1,-1,-1,-1,2,0,0,0,0,0,2,0,20,2,8,41.93452066,-87.80387694
-1,411418,-1,10,0,0,-1,0,7,7,-1,0,0,-1,0,-1,1,-1,34,-1,1613,-1,-1,-1,-1,-1,-1,2,-1,-1,-1,-1,-1,-1,-1,20,2,8,41.97454295,-87.81134688
0,411408,-1,25,0,0,0,3,7,5,1,0,0,0,0,-1,-1,-1,21,0,2212,-1,-1,-1,-1,-1,-1,2,0,0,0,0,0,1,0,20,2,8,41.69193438,-87.66830332
0,411411,-1,30,0,0,0,0,12,5,2,0,0,0,1,-1,-1,1,0,0,726,-1,-1,-1,-1,-1,-1,2,0,0,0,0,0,3,0,19,2,8,41.77144958,-87.67355458
0,411406,-1,25,1,2,0,3,14,5,0,0,0,0,0,1,-1,-1,17,0,2424,-1,-1,-1,-1,-1,-1,2,0,0,0,0,0,2,0,19,2,8,42.01012438,-87.6743699
0,412283,-1,25,0,0,0,1,12,6,1,0,0,-1,0,-1,-1,1,0,0,2013,-1,-1,-1,-1,-1,-1,2,0,0,0,0,0,2,0,19,2,8,41.97975779,-87.66685579
0,412429,-1,35,0,0,0,1,7,5,-1,0,0,0,0,-1,-1,1,0,0,1712,-1,-1,-1,-1,-1,-1,2,0,0,0,0,0,1,0,19,2,8,41.98227511,-87.7111261
0,411491,-1,30,-1,-1,-1,-1,10,3,4,0,-1,-1,0,-1,-1,-1,0,-1,324,-1,-1,-1,-1,-1,-1,2,0,0,0,0,0,2,0,19,2,8,41.76236192,-87.58637724
0,411359,-1,30,0,0,0,1,10,2,4,0,0,0,0,-1,-1,-1,18,0,1722,-1,-1,-1,-1,-1,-1,2,0,0,0,0,0,2,0,18,2,8,41.9608555,-87.74558491
3,411345,0,35,0,0,0,4,8,2,4,0,0,0,1,-1,-1,-1,22,11,1422,-1,-1,-1,-1,-1,-1,2,1,0,1,0,0,1,0,18,2,8,41.91011567,-87.71569304
0,411384,-1,15,0,0,0,1,11,7,-1,0,0,0,0,-1,-1,-1,0,0,912,-1,-1,-1,-1,-1,-1,2,0,0,0,0,0,2,0,18,2,8,41.8313499,-87.67584785
0,411329,-1,30,1,2,0,1,10,5,-1,0,0,0,0,-1,-1,-1,0,-1,1122,-1,-1,-1,-1,-1,-1,2,0,0,0,0,0,2,0,18,2,8,41.87719329,-87.72077741
0,411328,-1,35,0,0,0,1,7,5,-1,0,0,0,0,-1,-1,-1,0,-1,835,-1,-1,-1,-1,-1,-1,2,0,0,0,0,0,1,0,18,2,8,41.74618286,-87.68260917
0,411343,-1,30,0,0,0,1,12,6,-1,0,0,0,0,-1,-1,-1,22,22,412,-1,-1,-1,-1,-1,-1,2,0,0,0,0,0,2,0,18,2,8,41.73458923,-87.58671789
0,441482,-1,30,-1,-1,0,1,10,5,4,0,0,0,0,-1,-1,-1,22,-1,2521,-1,-1,-1,-1,-1,-1,2,0,0,0,0,0,2,0,18,2,8,41.92427271,-87.75211504
0,411379,-1,30,-1,-1,-1,-1,7,-1,-1,0,-1,-1,0,-1,-1,1,0,-1,1232,-1,-1,-1,-1,-1,-1,2,0,0,0,0,0,1,0,18,2,8,41.87725941,-87.64853695
0,411315,-1,35,0,0,0,1,10,2,-1,0,0,0,0,-1,-1,-1,11,0,431,-1,-1,-1,-1,-1,-1,2,0,0,0,0,0,2,0,18,2,8,41.71327753,-87.55089979
1,411285,-1,15,0,0,0,1,9,7,-1,0,0,0,1,-1,1,1,0,-1,2223,-1,-1,-1,-1,-1,-1,2,1,0,0,0,1,1,0,18,2,8,41.71754196,-87.64295867
0,411777,-1,20,0,0,0,1,0,5,-1,0,0,0,0,-1,-1,-1,20,0,1724,-1,-1,-1,-1,-1,-1,2,0,0,0,0,0,2,0,18,2,8,41.96164208,-87.71084864
0,411318,-1,30,0,0,0,1,11,5,-1,0,0,0,0,-1,-1,-1,21,21,2521,-1,-1,-1,-1,-1,-1,3,0,0,0,0,0,2,0,18,2,8,41.93489285,-87.75178789
0,411316,-1,30,2,2,0,1,10,7,-1,0,0,0,0,-1,-1,-1,20,20,735,-1,-1,-1,-1,-1,-1,2,0,0,0,0,0,3,0,18,2,8,41.76567767,-87.66396568
0,411273,-1,30,0,0,0,1,14,2,6,0,0,0,0,-1,-1,1,18,16,225,-1,-1,-1,-1,-1,-1,2,0,0,0,0,0,2,0,18,2,8,41.79474238,-87.62673431
3,411243,-1,30,0,0,0,1,9,5,4,0,0,0,1,-1,-1,1,0,0,912,-1,-1,-1,-1,-1,-1,3,1,0,1,0,0,3,0,18,2,8,41.83053825,-87.67192215
0,411357,-1,25,0,0,0,1,10,5,2,0,0,0,0,-1,-1,-1,18,18,2212,-1,-1,-1,-1,-1,-1,2,0,0,0,0,0,2,0,18,2,8,41.7064088,-87.67317641
0,411244,-1,30,1,2,0,1,12,5,2,0,0,0,0,-1,-1,1,0,-1,712,-1,-1,-1,-1,-1,-1,2,0,0,0,0,0,3,0,18,2,8,41.79386901,-87.6452949
0,412428,-1,30,-1,-1,0,4,7,7,-1,0,0,-1,0,-1,-1,1,0,-1,433,-1,-1,-1,-1,-1,-1,2,0,0,0,0,0,1,0,18,2,8,41.68105956,-87.53936754
0,411326,-1,30,0,0,0,1,12,5,4,0,-1,-1,0,-1,-1,-1,0,0,1412,-1,-1,-1,-1,-1,-1,2,0,0,0,0,0,2,0,18,2,8,41.93213057,-87.70858594
0,414455,-1,30,0,0,0,1,12,5,-1,0,0,0,0,-1,-1,-1,21,-1,1731,-1,-1,-1,-1,-1,-1,2,0,0,0,0,0,2,0,18,2,8,41.94404485,-87.73220277
0,412644,-1,30,1,2,0,4,14,8,-1,0,0,0,0,1,-1,-1,23,21,1935,-1,-1,-1,-1,-1,-1,2,0,0,0,0,0,2,0,18,2,8,41.9262128,-87.63140532
0,411391,-1,30,0,0,0,1,7,5,-1,0,0,0,0,-1,-1,1,22,22,124,-1,-1,-1,-1,-1,-1,2,0,0,0,0,0,1,0,18,2,8,41.86711099,-87.64211168
0,411310,-1,30,0,0,0,1,14,12,4,0,0,0,0,-1,-1,-1,16,33,821,-1,-1,-1,-1,-1,-1,2,0,0,0,0,0,3,0,18,2,8,41.81801875,-87.72379038
0,411307,-1,20,0,0,0,1,12,6,2,0,0,0,1,-1,-1,1,0,0,1135,-1,-1,-1,-1,-1,-1,3,0,0,0,0,0,2,0,18,2,8,41.87488555,-87.68734684
0,411210,-1,15,0,0,0,1,7,7,-1,0,0,0,0,-1,-1,1,0,0,2412,-1,-1,-1,-1,-1,-1,2,0,0,0,0,0,1,0,17,2,8,42.00222338,-87.68012883
0,415487,-1,30,1,2,0,1,10,5,-1,0,0,0,0,-1,-1,-1,18,16,2521,-1,-1,-1,-1,-1,-1,2,0,0,0,0,0,2,0,17,2,8,41.93151096,-87.75630007
0,412799,-1,30,1,-1,0,1,14,5,2,0,0,-1,0,-1,-1,1,0,0,2234,-1,-1,-1,-1,-1,-1,2,0,0,0,0,0,2,0,17,2,8,41.68482469,-87.6671423
0,411194,1,30,0,0,0,1,7,7,-1,0,0,0,0,-1,-1,-1,0,0,824,-1,-1,-1,-1,-1,-1,2,0,0,0,0,0,1,0,17,2,8,41.7936021,-87.69364875
0,411193,-1,35,0,0,0,1,10,5,2,0,0,-1,0,-1,-1,-1,18,-1,2411,-1,-1,-1,-1,-1,-1,2,0,0,0,0,0,2,0,17,2,8,42.0194052,-87.68777826
0,411217,-1,30,1,-1,0,1,14,2,-1,0,-1,-1,0,1,-1,1,17,23,735,-1,-1,-1,-1,-1,-1,2,0,0,0,0,0,2,0,17,2,8,41.7683321,-87.6735614
2,411156,-1,35,1,2,2,1,14,1,5,0,0,0,1,1,-1,-1,17,-1,1432,-1,-1,-1,-1,-1,-1,2,1,0,0,1,0,1,0,17,2,8,41.92915147,-87.68683559
0,411223,-1,30,0,0,0,1,7,6,-1,0,0,0,0,-1,-1,1,-1,-1,825,-1,-1,-1,-1,-1,-1,2,0,0,0,0,0,1,0,17,2,8,41.77982337,-87.68625148
0,411222,-1,30,2,2,0,1,0,5,-1,0,0,0,0,-1,-1,-1,5,5,735,-1,-1,-1,-1,-1,-1,2,0,0,0,0,0,6,0,17,2,8,41.76474159,-87.67581198
0,411192,-1,30,12,12,0,1,7,2,2,0,0,0,0,-1,-1,-1,11,-1,1824,-1,-1,-1,-1,-1,-1,2,0,0,0,0,0,2,0,17,2,8,41.901516,-87.62848234
0,411169,-1,30,0,0,0,1,12,5,-1,0,0,0,0,-1,-1,1,22,-1,2512,-1,-1,-1,-1,-1,-1,2,0,0,0,0,0,2,0,17,2,8,41.92925669,-87.78579517
0,421580,-1,30,-1,-1,0,1,14,5,-1,0,0,-1,0,-1,-1,-1,0,0,931,-1,-1,-1,-1,-1,-1,2,0,0,0,0,0,2,0,17,2,8,41.80838532,-87.68213231
0,411267,-1,30,1,2,0,1,12,5,-1,2,0,0,0,-1,-1,-1,18,-1,1221,-1,-1,-1,-1,-1,-1,2,0,0,0,0,0,2,0,17,2,8,41.8944949,-87.69676357
0,411220,1,30,0,0,0,1,5,5,-1,0,0,0,0,-1,-1,-1,-1,-1,2433,-1,-1,-1,-1,-1,-1,2,0,0,0,0,0,2,0,17,2,8,41.99750753,-87.6557623
1,411157,-1,30,2,0,0,1,0,2,-1,0,0,0,1,1,-1,-1,5,16,1034,-1,1,-1,-1,-1,-1,2,1,0,0,0,1,2,0,17,2,8,41.84844553,-87.69055666
0,412859,-1,35,0,0,0,1,7,7,-1,0,0,0,0,-1,-1,1,-1,-1,833,-1,-1,-1,-1,-1,-1,2,0,0,0,0,0,1,0,17,2,8,41.7568764,-87.72232174
2,412736,-1,30,0,0,0,1,9,2,4,0,0,0,1,-1,-1,-1,0,-1,1225,-1,-1,-1,-1,-1,-1,2,1,0,0,1,0,1,0,17,2,8,41.87771757,-87.6707124
0,411173,-1,30,1,2,0,1,10,6,4,0,0,0,0,-1,-1,-1,18,-1,1834,-1,-1,-1,-1,-1,-1,3,0,0,0,0,0,9,0,17,2,8,41.89100871,-87.61376408
1,411164,-1,30,0,0,0,1,14,5,4,0,0,0,1,1,-1,-1,17,23,1031,-1,-1,-1,-1,-1,-1,2,1,0,0,0,1,2,0,17,2,8,41.83022354,-87.72435195
1,411149,-1,10,0,0,0,2,5,12,-1,0,0,12,1,-1,1,-1,-1,-1,731,-1,-1,-1,-1,-1,-1,1,1,0,0,0,1,0,0,17,2,8,41.75903224,-87.6297765
2,411147,-1,30,2,2,0,1,0,2,0,2,0,0,1,1,-1,-1,0,-1,1214,-1,-1,-1,-1,-1,-1,2,1,0,0,1,0,1,0,17,2,8,41.8900779,-87.64775609
0,411542,-1,30,0,0,0,1,12,5,2,0,0,0,0,-1,-1,-1,7,7,432,1,-1,-1,-1,-1,-1,2,0,0,0,0,0,2,0,17,2,8,41.70196151,-87.53422718
0,411211,1,30,1,2,0,1,14,3,-1,0,0,0,0,1,-1,-1,21,21,112,-1,-1,-1,-1,-1,-1,2,0,0,0,0,0,2,0,17,2,8,41.88213455,-87.6263633
0,411174,-1,30,6,2,0,1,10,5,4,0,0,0,0,1,-1,-1,18,0,1621,-1,-1,-1,-1,-1,-1,2,0,0,0,0,0,2,0,17,2,8,41.99723934,-87.76575171
1,411197,-1,30,1,2,0,1,10,2,2,0,0,0,1,-1,-1,1,16,0,1225,-1,-1,-1,-1,-1,-1,2,2,0,0,0,2,1,0,17,2,8,41.87747384,-87.68324922
0,411209,-1,30,1,2,0,1,10,5,-1,0,0,0,0,-1,-1,-1,18,18,412,-1,-1,-1,-1,-1,-1,2,0,0,0,0,0,2,0,17,2,8,41.74404884,-87.59059504
0,411125,-1,30,2,0,0,1,12,5,2,0,0,-1,0,-1,-1,-1,17,-1,2513,-1,-1,-1,-1,-1,-1,2,0,0,0,0,0,2,0,17,2,8,41.91089015,-87.78200671
3,412613,-1,30,1,2,0,1,9,5,-1,0,0,-1,1,1,-1,-1,21,22,1225,-1,-1,-1,-1,-1,-1,2,1,0,1,0,0,1,0,17,2,8,41.87743901,-87.67135357
0,411314,-1,30,0,0,0,1,12,6,1,0,0,0,0,-1,-1,-1,0,-1,432,-1,-1,-1,-1,-1,-1,2,0,0,0,0,0,2,0,17,2,8,41.70168136,-87.53422696
0,412008,-1,30,1,2,0,1,10,5,4,0,0,0,0,-1,-1,-1,17,16,2411,-1,-1,-1,-1,-1,-1,2,0,0,0,0,0,4,0,16,2,8,42.01210812,-87.68314563
0,411158,-1,30,0,0,0,1,14,5,-1,0,0,0,0,-1,-1,-1,17,16,1822,-1,-1,-1,-1,-1,-1,3,0,0,0,0,0,2,0,16,2,8,41.91066083,-87.65411567
0,411114,-1,30,1,2,0,1,12,2,2,0,0,0,0,-1,-1,1,0,0,1922,-1,-1,-1,-1,-1,-1,2,0,0,0,0,0,2,0,16,2,8,41.95073517,-87.6688129
0,411113,-1,25,1,2,0,1,10,5,-1,0,0,0,1,-1,-1,-1,0,0,2433,-1,-1,-1,-1,-1,-1,2,0,0,0,0,0,3,0,16,2,8,41.99439501,-87.67000159
0,411469,-1,30,0,0,0,1,12,5,-1,0,0,-1,0,-1,-1,-1,0,0,122,-1,-1,-1,-1,-1,-1,2,0,0,0,0,0,5,0,16,2,8,41.87929007,-87.63236273
0,411146,-1,30,0,0,0,1,14,5,-1,0,0,0,0,-1,-1,-1,-1,-1,821,-1,-1,-1,-1,-1,-1,2,0,0,0,0,0,3,0,16,2,8,41.80634823,-87.71710591
0,411130,0,15,0,0,0,1,7,7,-1,0,0,0,0,-1,-1,1,0,0,814,-1,-1,-1,-1,-1,-1,2,0,0,0,0,0,1,0,16,2,8,41.8074913,-87.74469341
0,411092,-1,30,0,0,0,1,10,5,-1,0,0,0,0,-1,-1,-1,18,-1,2432,-1,-1,-1,-1,-1,-1,2,0,0,0,0,0,2,0,16,2,8,41.99875753,-87.66076276
0,411078,-1,20,2,2,0,1,10,6,-1,0,0,0,0,-1,-1,-1,5,-1,2514,-1,-1,-1,-1,-1,-1,2,0,0,0,0,0,2,0,16,2,8,41.92947682,-87.75647172
2,411061,-1,30,0,0,0,1,7,2,4,0,0,0,1,-1,-1,-1,27,-1,614,-1,-1,-1,-1,-1,-1,3,1,0,0,1,0,0,0,16,2,8,41.74190685,-87.66337128
0,411134,-1,20,2,2,0,1,7,5,-1,0,0,0,1,-1,-1,-1,32,0,1931,-1,-1,-1,-1,-1,-1,3,0,0,0,0,0,4,0,16,2,8,41.928625,-87.6716145
2,411087,-1,30,2,2,0,1,9,5,-1,0,0,0,1,1,-1,-1,17,0,1231,-1,-1,-1,-1,-1,-1,2,1,0,0,1,0,1,0,16,2,8,41.86836365,-87.67154108
0,412928,-1,30,0,0,0,1,7,5,-1,0,0,0,0,-1,-1,-1,17,-1,2514,-1,-1,-1,-1,-1,-1,2,0,0,0,0,0,2,0,16,2,8,41.93674787,-87.7748768
0,411138,-1,30,0,0,0,1,10,2,4,0,0,0,0,-1,-1,-1,0,0,922,-1,-1,-1,-1,-1,-1,2,0,0,0,0,0,2,0,16,2,8,41.80826815,-87.70168698
2,411098,-1,30,0,0,0,1,2,2,4,0,0,0,1,-1,-1,-1,21,0,2223,-1,-1,-1,-1,-1,-1,1,1,0,0,1,0,0,0,16,2,8,41.72158316,-87.64223148
0,412151,1,25,0,0,0,1,7,5,-1,0,0,0,0,-1,-1,-1,0,0,2433,-1,-1,-1,-1,-1,-1,2,0,0,0,0,0,1,0,16,2,8,41.99206371,-87.66778746
0,411102,-1,30,1,2,0,1,10,3,-1,0,0,0,0,-1,-1,-1,18,-1,411,-1,-1,-1,-1,-1,-1,2,0,0,0,0,0,2,0,16,2,8,41.7514606,-87.58597199
0,411090,-1,30,-1,-1,0,1,10,5,-1,0,-1,-1,0,-1,-1,-1,18,16,1935,-1,-1,-1,-1,-1,-1,3,0,0,0,0,0,3,0,16,2,8,41.92560232,-87.64638177
0,411086,-1,30,2,2,0,1,14,5,-1,0,0,0,0,1,-1,-1,17,-1,2511,-1,-1,-1,-1,-1,-1,2,0,0,0,0,0,3,0,16,2,8,41.93802804,-87.79712866
0,411141,-1,30,2,2,0,1,0,12,2,0,0,0,1,1,-1,-1,5,11,813,-1,-1,-1,-1,-1,-1,2,0,0,0,0,0,3,0,16,2,8,41.78571699,-87.73533714
0,411288,-1,30,1,2,0,1,14,2,2,0,0,0,0,-1,-1,1,16,-1,2222,-1,-1,-1,-1,-1,-1,2,0,0,0,0,0,2,0,16,2,8,41.73576865,-87.65834927
0,411143,-1,30,1,2,0,1,10,5,4,0,-1,-1,0,-1,-1,-1,0,0,2534,-1,-1,-1,-1,-1,-1,2,0,0,0,0,0,6,0,16,2,8,41.90988388,-87.73490872
0,411133,-1,30,2,0,0,1,0,5,-1,0,0,0,0,1,-1,-1,17,-1,824,-1,-1,-1,-1,-1,-1,2,0,0,0,0,0,3,0,16,2,8,41.79357721,-87.69516298
0,411093,-1,30,0,0,0,1,14,3,-1,0,0,0,0,1,-1,-1,5,-1,1225,-1,-1,-1,-1,-1,-1,2,0,0,0,0,0,3,0,16,2,8,41.86680893,-87.6799707
0,412452,-1,30,1,2,0,1,12,5,-1,0,0,0,0,-1,-1,-1,21,-1,131,-1,-1,-1,-1,-1,-1,2,0,0,0,0,0,2,0,16,2,8,41.86728617,-87.63058097
0,412011,-1,30,0,0,0,1,10,2,4,0,0,-1,0,-1,-1,-1,0,0,1824,-1,-1,-1,-1,-1,-1,3,0,0,0,0,0,3,0,16,2,8,41.90336269,-87.62436378
0,411257,-1,30,-1,0,0,1,10,7,-1,0,0,0,0,-1,-1,-1,17,-1,1231,-1,-1,-1,-1,-1,-1,2,0,0,0,0,0,2,0,16,2,8,41.86908325,-87.67153169
0,411136,-1,30,1,2,0,1,10,5,4,0,0,0,0,-1,-1,-1,0,0,612,-1,-1,-1,-1,-1,-1,2,0,0,0,0,0,2,0,16,2,8,41.75557699,-87.65401426
0,411254,-1,30,0,0,0,1,10,5,-1,0,0,0,0,-1,-1,-1,20,0,1712,-1,-1,-1,-1,-1,-1,2,0,0,0,0,0,2,0,16,2,8,41.97234928,-87.74682509
0,411046,-1,35,1,2,0,1,14,5,4,0,0,0,1,1,-1,-1,17,23,2232,-1,-1,-1,-1,-1,-1,2,0,0,0,0,0,2,0,16,2,8,41.70682334,-87.64297747
0,412611,-1,15,0,0,0,1,2,0,-1,0,0,0,0,-1,-1,-1,0,-1,2515,-1,-1,-1,-1,-1,-1,1,0,0,0,0,0,1,0,16,2,8,41.92696938,-87.75728976
1,412153,-1,30,-1,-1,0,1,10,5,-1,0,0,-1,1,-1,-1,-1,0,0,2535,-1,-1,-1,-1,-1,-1,2,1,0,0,0,1,1,0,16,2,8,41.90548123,-87.72503246
0,411081,-1,35,0,0,0,1,10,2,2,0,0,0,0,-1,-1,-1,0,0,1034,-1,-1,-1,-1,-1,-1,2,0,0,0,0,0,2,0,16,2,8,41.84835204,-87.68568193
2,411027,-1,30,0,0,0,1,0,0,-1,0,0,0,1,1,-1,-1,17,-1,834,-1,-1,-1,-1,-1,-1,2,1,0,0,1,0,2,0,15,2,8,41.73839325,-87.72231077
2,411030,-1,30,0,0,0,1,7,3,6,0,0,0,1,-1,1,-1,16,7,713,-1,-1,-1,-1,-1,-1,2,1,0,0,1,0,0,0,15,2,8,41.79367696,-87.65582977
1,411016,-1,55,3,2,0,1,12,3,6,3,0,0,1,-1,-1,-1,11,-1,1654,-1,-1,-1,-1,-1,-1,2,2,0,0,0,2,0,0,15,2,8,41.98191289,-87.87914348
0,411247,-1,30,1,2,0,1,10,5,-1,0,-1,-1,0,-1,-1,-1,0,0,2515,-1,-1,-1,-1,-1,-1,2,0,0,0,0,0,5,0,15,2,8,41.92748281,-87.76596668
2,411010,-1,30,2,2,0,1,10,5,-1,0,0,0,1,1,-1,-1,16,11,1422,-1,0,-1,-1,-1,-1,3,1,0,0,1,0,2,0,15,2,8,41.90386759,-87.7069433
0,411043,-1,30,2,2,0,1,10,2,4,0,0,0,0,-1,-1,1,18,0,725,-1,-1,-1,-1,-1,-1,2,0,0,0,0,0,2,0,15,2,8,41.77932027,-87.66407076
0,411045,-1,30,0,0,0,1,0,5,-1,0,0,0,0,-1,-1,-1,0,0,512,-1,-1,-1,-1,-1,-1,2,0,0,0,0,0,2,0,15,2,8,41.70718218,-87.62036149
0,411064,-1,30,0,0,0,1,12,6,2,0,-1,-1,0,-1,-1,-1,21,21,111,-1,-1,-1,-1,-1,-1,2,0,0,0,0,0,4,0,15,2,8,41.88585874,-87.627574
0,411104,-1,30,0,0,0,1,10,5,2,0,0,-1,0,-1,-1,-1,18,-1,1013,-1,-1,-1,-1,-1,-1,2,0,0,0,0,0,2,0,15,2,8,41.84869773,-87.73185508
0,411096,-1,10,0,0,0,1,11,7,-1,0,0,0,0,-1,-1,-1,0,11,1432,-1,-1,-1,-1,-1,-1,2,0,0,0,0,0,2,0,15,2,8,41.92820408,-87.68225483
0,411042,-1,30,0,0,0,1,7,5,2,0,0,0,0,-1,-1,-1,0,0,1032,-1,-1,-1,-1,-1,-1,4,0,0,0,0,0,1,0,15,2,8,41.83691928,-87.71612122
0,411037,-1,30,1,2,0,1,0,2,2,0,0,0,0,-1,-1,-1,6,0,1034,-1,-1,-1,-1,-1,-1,2,0,0,0,0,0,2,0,15,2,8,41.84835626,-87.68538838
0,410994,-1,35,1,2,0,1,10,2,2,0,0,0,1,0,-1,-1,16,-1,2223,-1,-1,-1,-1,-1,-1,3,0,0,0,0,0,5,0,15,2,8,41.72895075,-87.6435684
0,410991,-1,30,0,0,0,1,0,5,2,0,0,0,0,-1,-1,-1,-1,0,1423,-1,-1,-1,-1,-1,-1,2,0,0,0,0,0,2,0,15,2,8,41.90983272,-87.7068537
1,411630,-1,30,1,2,0,1,10,2,2,0,0,0,1,-1,-1,-1,18,-1,411,-1,-1,-1,-1,-1,-1,2,1,0,0,0,1,1,0,15,2,8,41.75781542,-87.58556922
0,411227,-1,30,0,0,0,1,12,3,-1,0,0,-1,0,-1,-1,1,21,21,725,-1,-1,-1,-1,-1,-1,2,0,0,0,0,0,2,0,15,2,8,41.77573893,-87.66426411
0,410980,-1,30,0,0,0,1,10,12,4,0,0,0,0,-1,-1,-1,18,-1,922,-1,-1,-1,-1,-1,-1,2,0,0,0,0,0,2,0,15,2,8,41.81020698,-87.6846363
0,410976,-1,15,0,0,0,1,7,7,-1,0,0,0,0,-1,-1,1,23,0,225,-1,-1,-1,-1,-1,-1,2,0,0,0,0,0,1,0,15,2,8,41.79623488,-87.63040492
0,415483,-1,30,1,2,0,1,14,5,2,0,0,0,0,-1,-1,-1,0,0,2223,-1,-1,-1,-1,-1,-1,2,0,0,0,0,0,2,0,15,2,8,41.72136506,-87.64335804
0,410984,-1,30,0,0,0,1,14,2,-1,0,0,0,0,-1,-1,-1,23,-1,1533,-1,-1,-1,-1,-1,-1,2,0,0,0,0,0,5,0,15,2,8,41.88084746,-87.75493568
0,411002,-1,30,0,0,0,1,12,5,-1,0,0,0,0,-1,-1,-1,0,0,2533,-1,-1,-1,-1,-1,-1,2,0,0,0,0,0,2,0,15,2,8,41.91027934,-87.74621658
0,410979,-1,30,1,2,0,1,14,12,4,0,0,0,1,1,-1,-1,6,-1,334,-1,-1,-1,-1,-1,-1,2,0,0,0,0,0,2,0,15,2,8,41.76635404,-87.56633504
0,411080,-1,15,0,0,0,1,10,7,3,0,0,-1,0,-1,1,1,18,0,834,-1,-1,-1,-1,-1,-1,2,0,0,0,0,0,3,0,15,2,8,41.74928884,-87.74009538
1,411044,-1,30,1,2,0,1,14,2,2,0,0,0,1,1,-1,-1,17,11,513,-1,-1,-1,-1,-1,-1,2,1,0,0,0,1,1,0,15,2,8,41.69440268,-87.6209382
2,411048,-1,35,0,0,0,1,8,5,-1,0,0,0,1,-1,-1,1,18,-1,1433,-1,-1,-1,-1,-1,-1,2,1,0,0,1,0,1,0,14,2,8,41.91065442,-87.65908981
0,410954,-1,25,2,0,0,1,0,5,2,0,0,0,1,1,-1,-1,16,17,2212,-1,-1,-1,-1,-1,-1,2,0,0,0,0,0,2,0,14,2,8,41.69901096,-87.67649698
0,410990,-1,30,2,2,0,1,9,6,-1,0,-1,-1,0,-1,-1,-1,0,0,1633,-1,-1,-1,-1,-1,-1,2,0,0,0,0,0,2,0,14,2,8,41.94578839,-87.77908794
0,410985,-1,30,1,2,0,1,14,12,2,0,0,0,0,1,-1,-1,0,0,811,-1,-1,-1,-1,-1,-1,2,0,0,0,0,0,2,0,14,2,8,41.79996165,-87.76267247
0,410935,-1,30,0,0,0,1,11,7,-1,0,0,0,0,-1,1,-1,17,-1,2521,-1,-1,-1,-1,-1,-1,2,0,0,0,0,0,3,0,14,2,8,41.92440234,-87.74231826
0,410955,-1,30,2,2,0,1,10,5,-1,0,0,0,0,-1,-1,-1,0,0,1232,-1,-1,-1,-1,-1,-1,2,0,0,0,0,0,2,0,14,2,8,41.87649055,-87.65191932
0,410936,-1,30,1,2,0,1,0,5,4,0,-1,-1,0,1,-1,1,17,17,1934,-1,-1,-1,-1,-1,-1,2,0,0,0,0,0,3,0,14,2,8,41.94003224,-87.63949853