MOST_SEVERE_INJURY,RD_NO,CRASH_DATE_EST_I,POSTED_SPEED_LIMIT,TRAFFIC_CONTROL_DEVICE,DEVICE_CONDITION,WEATHER_CONDITION,LIGHTING_CONDITION,FIRST_CRASH_TYPE,TRAFFICWAY_TYPE,LANE_CNT,ALIGNMENT,ROADWAY_SURFACE_COND,ROAD_DEFECT,CRASH_TYPE,INTERSECTION_RELATED_I,NOT_RIGHT_OF_WAY_I,HIT_AND_RUN_I,PRIM_CONTRIBUTORY_CAUSE,SEC_CONTRIBUTORY_CAUSE,BEAT_OF_OCCURRENCE,PHOTOS_TAKEN_I,STATEMENTS_TAKEN_I,DOORING_I,WORK_ZONE_I,WORK_ZONE_TYPE,WORKERS_PRESENT_I,NUM_UNITS,INJURIES_TOTAL,INJURIES_FATAL,INJURIES_INCAPACITATING,INJURIES_NON_INCAPACITATING,INJURIES_REPORTED_NOT_EVIDENT,INJURIES_NO_INDICATION,INJURIES_UNKNOWN,CRASH_HOUR,CRASH_DAY_OF_WEEK,CRASH_MONTH,LATITUDE,LONGITUDE
0,411478,-1,30,0,0,0,1,10,5,-1,0,0,0,0,-1,-1,1,0,0,334,-1,-1,-1,-1,-1,-1,2,0,0,0,0,0,7,0,14,2,8,41.76550927,-87.56665106
0,411256,-1,25,0,0,0,1,10,4,-1,0,0,0,0,-1,-1,-1,20,11,122,-1,-1,-1,-1,-1,-1,2,0,0,0,0,0,3,0,14,2,8,41.88206218,-87.63303912
0,411306,-1,30,0,0,0,1,10,5,-1,0,0,0,0,-1,-1,-1,20,-1,132,-1,-1,-1,-1,-1,-1,2,0,0,0,0,0,2,0,14,2,8,41.8659095,-87.62255768
0,410981,-1,30,0,0,0,1,7,3,-1,0,0,0,0,-1,-1,-1,0,-1,1232,-1,-1,-1,-1,-1,-1,2,0,0,0,0,0,2,0,14,2,8,41.86714939,-87.65404495
0,410937,-1,30,1,2,0,1,10,5,2,0,-1,-1,0,1,-1,-1,0,0,2012,-1,-1,-1,-1,-1,-1,2,0,0,0,0,0,2,0,14,2,8,41.97615361,-87.67876879
0,410929,-1,30,2,-1,0,1,10,2,2,0,0,0,0,-1,-1,-1,11,3,212,-1,-1,-1,-1,-1,-1,2,0,0,0,0,0,4,0,14,2,8,41.83097426,-87.62310864
0,410924,-1,30,1,-1,0,1,12,5,4,0,-1,-1,0,1,-1,-1,0,0,1731,-1,-1,-1,-1,-1,-1,2,0,0,0,0,0,2,0,14,2,8,41.94633227,-87.73915685
0,410989,-1,35,0,0,0,1,10,2,2,0,0,0,0,-1,-1,1,0,0,833,-1,-1,-1,-1,-1,-1,2,0,0,0,0,0,2,0,14,2,8,41.77151945,-87.72025022
1,411041,-1,30,0,0,0,1,0,5,2,0,0,0,1,-1,-1,1,17,17,612,-1,-1,-1,-1,-1,-1,2,1,0,0,0,1,2,0,14,2,8,41.75598005,-87.65965113
2,410887,-1,30,1,2,0,1,8,5,2,0,0,0,1,1,-1,-1,17,17,1412,-1,-1,-1,-1,-1,-1,2,1,0,0,1,0,1,0,14,2,8,41.93210458,-87.71212324
-1,410897,-1,30,2,0,0,1,12,2,4,0,0,0,0,-1,-1,1,10,10,1511,-1,-1,-1,-1,-1,-1,-1,-1,-1,-1,-1,-1,-1,-1,14,2,8,41.89658175,-87.77504647
0,410861,-1,30,0,0,0,1,10,5,1,0,0,0,1,-1,-1,-1,16,0,1422,-1,-1,-1,-1,-1,-1,2,0,0,0,0,0,3,0,14,2,8,41.91282076,-87.71192014
0,412145,-1,30,2,2,0,1,10,5,2,0,0,0,0,-1,-1,-1,18,16,1622,-1,-1,-1,-1,-1,-1,2,0,0,0,0,0,2,0,14,2,8,41.96214428,-87.77469356
0,411184,-1,30,0,0,0,1,7,7,-1,0,0,0,0,-1,-1,1,0,0,924,-1,-1,-1,-1,-1,-1,2,0,0,0,0,0,1,0,14,2,8,41.81177629,-87.66884951
0,411167,-1,35,0,0,0,1,7,7,-1,0,0,0,0,-1,-1,-1,-1,-1,333,-1,-1,-1,-1,-1,-1,2,0,0,0,0,0,1,0,14,2,8,41.76581642,-87.57614548
0,411034,-1,30,1,2,0,1,0,6,3,0,-1,-1,0,1,-1,1,6,0,1522,-1,-1,-1,-1,-1,-1,2,0,0,0,0,0,2,0,14,2,8,41.87673472,-87.75765949
0,410977,-1,10,0,0,0,1,0,7,-1,0,0,0,0,-1,-1,-1,20,-1,1232,-1,-1,-1,-1,-1,-1,2,0,0,0,0,0,2,0,14,2,8,41.88055425,-87.64747041
-1,410926,-1,30,0,0,0,1,10,5,-1,0,0,0,0,-1,-1,-1,0,0,2013,-1,-1,-1,-1,-1,-1,-1,-1,-1,-1,-1,-1,-1,-1,14,2,8,41.97975779,-87.66685579
1,410872,-1,30,0,0,0,1,10,3,4,0,0,0,1,-1,-1,-1,18,-1,123,-1,-1,-1,-1,-1,-1,2,1,0,0,0,1,2,0,13,2,8,41.8674283,-87.6339041
0,410927,-1,30,1,2,0,1,10,5,-1,0,0,0,0,-1,-1,-1,16,-1,812,-1,-1,-1,-1,-1,-1,2,0,0,0,0,0,3,0,13,2,8,41.77740409,-87.80084074
0,410874,-1,30,0,0,0,1,12,6,2,0,0,0,1,-1,-1,-1,0,0,112,-1,-1,-1,-1,-1,-1,2,0,0,0,0,0,2,0,13,2,8,41.88280623,-87.6292815
1,410965,-1,30,2,2,0,1,0,5,2,0,0,0,1,1,-1,-1,17,-1,1632,-1,-1,-1,-1,-1,-1,2,1,0,0,0,1,1,0,13,2,8,41.93829326,-87.79416311
0,410830,-1,30,0,0,0,1,7,6,-1,0,0,0,0,-1,-1,1,18,-1,831,-1,-1,-1,-1,-1,-1,2,0,0,0,0,0,2,0,13,2,8,41.77514677,-87.68856433
0,410859,-1,30,0,0,0,1,0,2,1,0,0,0,0,1,-1,-1,11,11,1222,-1,-1,-1,-1,-1,-1,2,0,0,0,0,0,2,0,13,2,8,41.88426728,-87.69767994
3,410834,-1,30,0,0,0,1,14,2,-1,2,0,0,1,-1,1,-1,17,-1,821,-1,1,-1,-1,-1,-1,2,1,0,1,0,0,3,0,13,2,8,41.81145154,-87.72357465
0,410967,-1,30,1,2,0,1,12,6,-1,0,0,0,0,-1,-1,-1,21,-1,114,-1,-1,-1,-1,-1,-1,2,0,0,0,0,0,2,0,13,2,8,41.88449951,-87.61374815
0,410900,-1,35,0,0,0,1,7,5,2,0,0,0,1,-1,-1,-1,11,0,323,-1,-1,-1,-1,-1,-1,3,0,0,0,0,0,1,0,13,2,8,41.76128732,-87.60561316
0,410910,-1,25,0,0,0,1,7,5,-1,2,0,0,0,-1,-1,-1,-1,-1,2512,-1,-1,-1,-1,-1,-1,2,0,0,0,0,0,1,0,13,2,8,41.91707399,-87.79518799
0,410906,-1,30,0,0,0,1,7,6,1,0,0,0,0,-1,-1,-1,18,-1,1531,-1,-1,-1,-1,-1,-1,2,0,0,0,0,0,1,0,13,2,8,41.89770695,-87.75429474
0,410860,-1,30,1,2,0,1,14,5,2,0,0,0,0,1,-1,-1,23,22,1834,-1,-1,-1,-1,-1,-1,2,0,0,0,0,0,2,0,13,2,8,41.89184052,-87.62411818
0,410829,-1,30,0,0,0,1,10,5,2,0,0,0,1,-1,-1,-1,17,21,911,-1,-1,-1,-1,-1,-1,2,0,0,0,0,0,4,0,13,2,8,41.82338777,-87.70427457
0,410822,-1,30,0,0,0,1,0,5,4,0,0,0,0,-1,-1,-1,20,0,2413,-1,-1,-1,-1,-1,-1,2,0,0,0,0,0,2,0,13,2,8,41.9905587,-87.69840026
0,410800,-1,30,0,0,0,1,12,5,-1,0,0,0,0,-1,-1,1,0,0,1712,-1,-1,-1,-1,-1,-1,2,0,0,0,0,0,2,0,13,2,8,41.97579827,-87.71362075
1,412196,-1,30,0,0,0,1,10,3,-1,0,0,0,1,-1,-1,-1,0,0,411,-1,-1,-1,-1,-1,-1,2,1,0,0,0,1,1,0,13,2,8,41.7514606,-87.58597199
0,410916,-1,30,0,0,0,1,7,6,-1,0,0,0,0,-1,-1,1,0,0,725,-1,-1,-1,-1,-1,-1,2,0,0,0,0,0,1,0,13,2,8,41.77613161,-87.66554406
0,410810,-1,30,0,0,0,1,0,5,2,0,0,0,0,-1,-1,1,17,0,1434,-1,-1,-1,-1,-1,-1,2,0,0,0,0,0,2,0,12,2,8,41.91669271,-87.68698308
2,410802,-1,30,2,2,0,1,14,3,2,0,0,0,1,1,-1,-1,5,0,524,-1,1,-1,-1,-1,-1,3,1,0,0,1,0,2,0,12,2,8,41.67770571,-87.64184577
0,410836,-1,30,0,0,0,1,14,1,-1,0,0,0,1,-1,-1,-1,0,0,2031,-1,-1,-1,-1,-1,-1,2,0,0,0,0,0,2,0,12,2,8,41.97141415,-87.68885405
0,410911,-1,30,0,0,0,1,10,5,1,0,0,0,0,-1,-1,-1,18,-1,1622,-1,-1,-1,-1,-1,-1,2,0,0,0,0,0,2,0,12,2,8,41.96857869,-87.78180824
0,410946,-1,30,0,0,0,1,12,5,-1,0,0,0,0,-1,-1,-1,17,17,832,-1,-1,-1,-1,-1,-1,3,0,0,0,0,0,5,0,12,2,8,41.76461562,-87.68152132
0,410774,-1,30,0,0,0,1,7,7,0,0,-1,0,0,-1,-1,-1,17,-1,1135,-1,-1,-1,-1,-1,-1,2,0,0,0,0,0,3,0,12,2,8,41.86878384,-87.68624469
0,410759,-1,35,0,0,0,1,12,5,-1,0,0,1,0,-1,-1,-1,0,0,833,-1,-1,-1,-1,-1,-1,2,0,0,0,0,0,2,0,12,2,8,41.75462657,-87.72230943
2,410749,-1,15,0,0,0,1,7,7,0,0,0,0,1,-1,-1,-1,0,11,2031,-1,-1,-1,-1,-1,-1,2,1,0,0,1,0,1,0,12,2,8,41.97565588,-87.7012023
0,410739,-1,30,1,2,0,1,12,5,-1,0,0,0,0,1,-1,-1,0,0,2411,-1,-1,-1,-1,-1,-1,2,0,0,0,0,0,2,0,12,2,8,42.01232755,-87.68315456
0,410728,-1,30,0,0,0,1,2,6,1,0,0,0,1,-1,1,-1,27,27,914,-1,-1,-1,-1,-1,-1,1,0,0,0,0,0,1,0,12,2,8,41.84524939,-87.63196731
0,410840,-1,30,0,0,0,1,3,7,-1,0,0,0,0,-1,-1,-1,17,-1,1023,-1,-1,-1,-1,-1,-1,2,0,0,0,0,0,3,0,12,2,8,41.85212453,-87.68728217
0,425304,-1,30,0,0,0,1,0,5,-1,0,-1,-1,0,-1,-1,-1,17,-1,1034,-1,-1,-1,-1,-1,-1,2,0,0,0,0,0,2,0,12,2,8,41.85209968,-87.67351036
0,410831,-1,35,0,0,0,1,0,5,-1,0,0,0,0,-1,-1,-1,0,0,1723,-1,-1,-1,-1,-1,-1,2,0,0,0,0,0,2,0,12,2,8,41.95753843,-87.71317531
0,410779,-1,30,2,2,0,1,0,5,2,0,0,0,0,1,-1,-1,17,0,1421,-1,-1,-1,-1,-1,-1,2,0,0,0,0,0,2,0,12,2,8,41.91181043,-87.70840785
0,410725,-1,30,0,0,0,1,7,6,1,0,0,-1,0,-1,-1,-1,0,-1,2012,-1,-1,-1,-1,-1,-1,2,0,0,0,0,0,1,0,12,2,8,41.98168844,-87.67421978
0,411470,-1,30,-1,-1,0,1,7,2,2,0,-1,-1,0,-1,-1,1,0,-1,321,-1,-1,-1,-1,-1,-1,2,0,0,0,0,0,1,0,12,2,8,41.77316698,-87.61057131
0,421979,1,30,0,0,-1,-1,7,6,1,0,-1,0,0,-1,-1,1,0,-1,1624,-1,-1,-1,-1,-1,-1,2,0,0,0,0,0,1,0,12,2,8,41.9587047,-87.75410821
0,411462,-1,10,0,0,0,1,7,7,1,0,0,0,0,-1,1,-1,16,-1,831,-1,-1,-1,-1,-1,-1,2,0,0,0,0,0,1,0,12,2,8,41.77202856,-87.69306408
2,410798,-1,30,0,0,0,1,10,6,2,0,0,-1,1,-1,-1,-1,16,-1,112,-1,-1,-1,-1,-1,-1,3,1,0,0,1,0,2,0,12,2,8,41.8822157,-87.62955625
0,410736,-1,30,0,0,0,1,7,6,1,0,0,0,0,-1,-1,-1,0,0,1624,-1,-1,-1,-1,-1,-1,2,0,0,0,0,0,1,0,12,2,8,41.95824418,-87.77954902
0,410715,-1,35,1,2,0,1,14,2,-1,0,0,0,0,-1,-1,-1,0,-1,815,-1,-1,-1,-1,-1,-1,2,0,0,0,0,0,2,0,12,2,8,41.80778877,-87.72373033
2,410712,-1,30,2,2,0,1,0,2,-1,0,0,0,1,1,-1,-1,17,-1,813,-1,-1,-1,-1,-1,-1,2,1,0,0,1,0,3,0,11,2,8,41.78580236,-87.72534412
0,410711,-1,0,0,0,0,1,7,7,0,0,0,0,0,-1,-1,1,0,0,1222,-1,-1,-1,-1,-1,-1,2,0,0,0,0,0,1,0,11,2,8,41.88124723,-87.68839094
0,410689,-1,20,0,0,0,1,12,6,2,0,0,12,0,-1,-1,-1,17,-1,434,-1,-1,-1,-1,-1,-1,2,0,0,0,0,0,2,0,11,2,8,41.69926169,-87.56069844
0,420406,0,15,0,0,2,1,7,6,1,0,1,0,0,-1,-1,1,0,-1,422,-1,-1,-1,-1,-1,-1,2,0,0,0,0,0,1,0,11,2,8,41.74905727,-87.56027389
0,411004,-1,30,1,2,0,1,10,5,-1,0,0,0,0,-1,-1,-1,20,-1,1214,-1,-1,-1,-1,-1,-1,2,0,0,0,0,0,2,0,11,2,8,41.88580961,-87.64390734
0,410862,-1,30,0,0,0,1,7,5,-1,0,0,0,0,-1,-1,1,0,0,2011,-1,-1,-1,-1,-1,-1,2,0,0,0,0,0,1,0,11,2,8,41.9872421,-87.70035944
0,410649,-1,30,2,2,0,1,10,2,4,0,0,0,0,-1,-1,-1,18,0,832,-1,-1,-1,-1,-1,-1,2,0,0,0,0,0,3,0,11,2,8,41.76642349,-87.68343756
0,410609,-1,30,0,0,0,1,2,3,4,0,0,0,1,-1,-1,-1,7,-1,1623,-1,-1,-1,-1,-1,-1,1,0,0,0,0,0,1,0,11,2,8,41.97262748,-87.76483548
0,410645,-1,30,0,0,0,1,10,5,2,0,0,0,0,-1,-1,-1,0,0,1732,-1,-1,-1,-1,-1,-1,2,0,0,0,0,0,2,0,11,2,8,41.94543518,-87.72722539
0,410612,-1,35,-1,2,0,1,7,5,2,0,0,0,1,-1,-1,-1,12,-1,1221,-1,-1,-1,-1,-1,-1,2,0,0,0,0,0,2,0,11,2,8,41.89203903,-87.68658947
0,410720,-1,30,1,2,0,1,10,2,-1,0,0,0,0,-1,-1,-1,18,0,221,-1,-1,-1,-1,-1,-1,2,0,0,0,0,0,2,0,11,2,8,41.81672163,-87.60685357
0,410602,-1,30,0,0,0,1,10,5,2,0,0,0,1,-1,-1,-1,18,16,1922,-1,-1,-1,-1,-1,-1,2,0,0,0,0,0,2,0,11,2,8,41.94678968,-87.67587511
0,423656,-1,30,0,0,0,1,12,2,-1,0,0,0,0,-1,-1,-1,17,17,1712,-1,-1,-1,-1,-1,-1,2,0,0,0,0,0,2,0,11,2,8,41.97583828,-87.70882919
0,421692,-1,30,0,0,0,1,7,7,-1,0,0,0,0,-1,1,-1,-1,-1,815,-1,-1,-1,-1,-1,-1,2,0,0,0,0,0,1,0,11,2,8,41.81510102,-87.72400523
0,411019,-1,30,0,0,0,1,7,6,2,0,0,0,0,-1,-1,1,17,-1,1224,-1,-1,-1,-1,-1,-1,2,0,0,0,0,0,2,0,11,2,8,41.88325643,-87.64736559
0,410747,-1,30,1,2,0,1,10,5,-1,0,0,0,0,-1,-1,-1,8,0,332,-1,-1,-1,-1,-1,-1,2,0,0,0,0,0,2,0,11,2,8,41.77012504,-87.58639552
-1,410623,-1,30,0,0,0,1,7,5,2,0,0,0,0,-1,-1,-1,12,12,2222,-1,-1,-1,-1,-1,-1,2,-1,-1,-1,-1,-1,-1,-1,11,2,8,41.72689356,-87.65557632
0,410729,-1,0,0,0,0,1,12,5,4,0,0,0,0,-1,-1,-1,21,11,112,-1,-1,-1,-1,-1,-1,2,0,0,0,0,0,2,0,10,2,8,41.88227192,-87.62798484
0,410678,1,30,0,0,0,1,7,5,1,0,0,0,0,-1,-1,1,0,0,1922,-1,-1,-1,-1,-1,-1,2,0,0,0,0,0,1,0,10,2,8,41.94884246,-87.67353386
0,410658,-1,30,1,2,0,1,12,5,-1,3,0,0,0,-1,-1,1,18,16,1121,-1,-1,-1,-1,-1,-1,2,0,0,0,0,0,2,0,10,2,8,41.90012122,-87.71088638
0,410643,-1,30,1,2,0,1,12,2,4,0,0,0,0,-1,-1,1,23,0,1233,-1,-1,-1,-1,-1,-1,2,0,0,0,0,0,5,0,10,2,8,41.86681578,-87.66652926
0,410571,-1,5,0,0,0,1,12,7,2,0,0,0,0,-1,-1,-1,17,0,1822,-1,-1,-1,-1,-1,-1,2,0,0,0,0,0,2,0,10,2,8,41.90366842,-87.65369936
0,410622,-1,30,0,0,0,1,7,6,-1,0,0,0,0,-1,-1,1,0,-1,814,-1,-1,-1,-1,-1,-1,2,0,0,0,0,0,2,0,10,2,8,41.79329597,-87.76095725
0,411240,-1,30,0,0,-1,-1,7,12,-1,0,-1,-1,0,-1,-1,1,17,-1,2521,-1,-1,-1,-1,-1,-1,2,0,0,0,0,0,1,0,10,2,8,41.92859731,-87.75458745
0,410662,1,35,0,0,0,1,10,3,2,0,0,0,0,-1,-1,-1,18,11,511,1,-1,-1,-1,-1,-1,2,0,0,0,0,0,5,0,10,2,8,41.72225727,-87.58527557
2,410580,-1,30,1,2,0,1,10,2,-1,2,0,0,1,-1,-1,-1,18,18,623,-1,-1,-1,-1,-1,-1,2,1,0,0,1,0,1,0,10,2,8,41.75084944,-87.62455571
1,410652,-1,30,1,2,0,1,10,2,5,0,0,0,1,-1,-1,-1,0,0,2515,-1,-1,-1,-1,-1,-1,3,1,0,0,0,1,4,0,10,2,8,41.91884297,-87.76562168
0,410558,-1,0,0,0,0,1,12,6,3,0,0,0,0,-1,-1,-1,21,15,122,-1,-1,-1,-1,-1,-1,2,0,0,0,0,0,2,0,10,2,8,41.88332051,-87.63098191
0,410541,-1,15,0,0,0,1,11,7,2,0,0,0,0,-1,-1,-1,20,-1,1621,-1,-1,-1,-1,-1,-1,2,0,0,0,0,0,3,0,10,2,8,41.97959355,-87.75858927
0,410535,-1,30,0,0,0,1,10,5,2,0,0,2,0,-1,-1,-1,17,17,132,-1,-1,-1,-1,-1,-1,2,0,0,0,0,0,2,0,10,2,8,41.86590676,-87.62327012
0,410509,-1,20,0,0,0,1,11,5,-1,0,0,0,0,-1,-1,-1,22,0,2024,-1,-1,-1,-1,-1,-1,2,0,0,0,0,0,2,0,10,2,8,41.97537947,-87.65572758
0,410517,-1,30,0,0,0,1,2,12,-1,0,0,0,0,-1,1,-1,11,11,2031,-1,-1,-1,-1,-1,-1,1,0,0,0,0,0,1,0,9,2,8,41.9699776,-87.68909665
0,410510,-1,30,1,2,0,1,14,5,-1,0,0,0,0,1,-1,-1,23,23,1722,-1,-1,-1,-1,-1,-1,2,0,0,0,0,0,2,0,9,2,8,41.96453937,-87.7427872
0,410497,-1,30,0,0,0,1,14,2,4,0,0,0,0,-1,-1,-1,23,17,1421,-1,-1,-1,-1,-1,-1,2,0,0,0,0,0,2,0,9,2,8,41.9103075,-87.69914016
0,410490,-1,15,0,0,0,1,7,6,1,0,0,0,0,-1,-1,-1,0,-1,1723,-1,-1,-1,-1,-1,-1,2,0,0,0,0,0,1,0,9,2,8,41.95479963,-87.7216647
0,410709,-1,30,0,0,0,1,11,5,-1,0,0,0,0,-1,-1,-1,0,0,2024,-1,-1,-1,-1,-1,-1,2,0,0,0,0,0,2,0,9,2,8,41.97513458,-87.65747781
0,425056,-1,30,1,2,0,1,10,5,2,0,0,0,0,-1,-1,-1,0,0,1814,-1,-1,-1,-1,-1,-1,2,0,0,0,0,0,2,0,9,2,8,41.91755469,-87.63751656
0,410531,1,10,0,0,0,1,2,0,1,0,0,0,0,-1,-1,-1,0,0,1812,-1,-1,-1,-1,-1,-1,1,0,0,0,0,0,1,0,9,2,8,41.92088036,-87.64118301
0,411364,-1,30,1,2,0,1,10,5,2,0,0,0,0,1,-1,-1,18,16,124,-1,-1,-1,-1,-1,-1,2,0,0,0,0,0,2,0,9,2,8,41.87210743,-87.63920823
0,410469,-1,30,1,2,0,1,10,2,2,0,0,0,0,-1,-1,-1,18,33,1232,-1,-1,-1,-1,-1,-1,2,0,0,0,0,0,2,0,9,2,8,41.86723997,-87.6470655
0,419427,-1,30,0,0,-1,1,14,5,-1,0,-1,0,0,-1,-1,-1,17,-1,1624,-1,-1,-1,-1,-1,-1,2,0,0,0,0,0,2,0,9,2,8,41.95843769,-87.75240264
1,410434,-1,30,0,0,0,1,12,5,2,0,0,0,1,-1,-1,-1,22,11,1921,-1,-1,-1,-1,-1,-1,2,2,0,0,0,2,1,0,9,2,8,41.94665686,-87.68588951
0,428395,1,0,0,0,0,1,2,12,-1,0,-1,-1,0,-1,1,1,0,-1,734,-1,-1,-1,-1,-1,-1,1,0,0,0,0,0,1,0,9,2,8,41.76806766,-87.66373075
0,413737,-1,30,1,2,0,1,10,2,-1,0,0,0,0,-1,-1,-1,18,18,2012,-1,-1,-1,-1,-1,-1,2,0,0,0,0,0,2,0,9,2,8,41.99067083,-87.67213596
0,410661,-1,0,0,0,0,1,0,7,-1,5,0,0,0,-1,-1,-1,17,11,111,-1,-1,-1,-1,-1,-1,2,0,0,0,0,0,2,0,9,2,8,41.88460286,-87.62718694
0,410544,-1,30,0,0,0,1,10,6,-1,0,0,0,0,-1,-1,-1,0,-1,121,-1,-1,-1,-1,-1,-1,2,0,0,0,0,0,2,0,9,2,8,41.88559429,-87.642526
0,410448,-1,30,0,0,0,1,7,6,-1,0,0,0,0,-1,-1,1,0,-1,823,-1,-1,-1,-1,-1,-1,2,0,0,0,0,0,2,0,8,2,8,41.7783111,-87.69961115
1,410426,-1,15,2,2,0,1,0,2,-1,0,0,0,1,-1,-1,-1,14,16,714,-1,-1,-1,-1,-1,-1,2,1,0,0,0,1,1,0,8,2,8,41.78494695,-87.6716855
2,410679,-1,25,0,0,0,1,9,2,-1,0,0,0,1,1,-1,-1,17,17,914,-1,-1,-1,-1,-1,-1,2,1,0,0,1,0,1,0,8,2,8,41.85534701,-87.63169903
0,410452,-1,25,2,2,0,1,14,5,4,0,0,0,1,1,-1,-1,23,-1,111,-1,-1,-1,-1,-1,-1,2,0,0,0,0,0,3,0,8,2,8,41.88573213,-87.62539864
2,410432,-1,30,0,0,0,1,14,5,5,0,0,0,1,-1,-1,-1,17,-1,911,-1,-1,-1,-1,-1,-1,2,1,0,0,1,0,1,0,8,2,8,41.83204761,-87.68522164
0,414071,-1,35,1,2,1,1,10,5,-1,0,0,0,0,-1,-1,-1,0,0,912,-1,-1,-1,-1,-1,-1,2,0,0,0,0,0,2,0,8,2,8,41.82898408,-87.67971509
0,411366,-1,30,0,0,0,1,10,2,4,0,0,-1,0,-1,-1,-1,18,0,1834,-1,-1,-1,-1,-1,-1,2,0,0,0,0,0,2,0,8,2,8,41.895079,-87.6156421
0,410458,-1,30,0,0,0,1,12,5,2,0,0,0,0,-1,-1,-1,0,0,1911,-1,-1,-1,-1,-1,-1,2,0,0,0,0,0,2,0,8,2,8,41.96130223,-87.68228993
0,410901,-1,30,0,0,0,1,0,6,-1,0,-1,-1,0,-1,-1,-1,0,0,1422,-1,-1,-1,-1,-1,-1,2,0,0,0,0,0,2,0,8,2,8,41.91050206,-87.71479836
0,421314,-1,25,0,0,0,1,12,5,-1,0,0,0,0,-1,-1,-1,22,22,122,-1,-1,-1,-1,-1,-1,2,0,0,0,0,0,2,0,8,2,8,41.88458266,-87.63250801
2,415481,-1,30,1,2,0,1,8,2,2,0,0,0,1,1,-1,1,25,-1,1912,-1,-1,-1,-1,-1,-1,2,1,0,0,1,0,1,0,8,2,8,41.96879808,-87.66763111
2,410441,-1,30,0,0,0,1,10,5,2,0,0,0,1,-1,-1,-1,11,0,423,-1,-1,-1,-1,-1,-1,2,1,0,0,1,0,1,0,8,2,8,41.73769378,-87.55158407
0,410849,-1,30,0,0,0,1,12,5,-1,0,0,0,0,0,-1,-1,22,-1,1723,-1,-1,-1,-1,-1,-1,2,0,0,0,0,0,2,0,8,2,8,41.95376417,-87.72716599
0,411178,-1,30,0,0,0,1,12,5,1,0,0,0,0,-1,-1,1,22,21,1432,-1,-1,-1,-1,-1,-1,2,0,0,0,0,0,2,0,8,2,8,41.91963317,-87.66985442
0,410449,-1,55,0,0,0,1,12,3,-1,1,0,0,0,-1,-1,-1,21,-1,2023,-1,-1,-1,-1,-1,-1,2,0,0,0,0,0,2,0,8,2,8,41.98008922,-87.65240613
0,410404,-1,30,0,0,0,1,14,5,2,0,0,0,0,-1,-1,0,11,0,911,-1,-1,-1,-1,-1,-1,2,0,0,0,0,0,2,0,8,2,8,41.8321338,-87.69472806
0,410406,-1,5,0,0,0,1,10,7,1,0,0,0,0,-1,-1,-1,16,18,412,-1,-1,-1,-1,-1,-1,3,0,0,0,0,0,4,0,8,2,8,41.73675993,-87.5888417
0,412817,-1,0,0,0,0,1,7,7,-1,0,0,0,0,-1,-1,1,0,-1,212,-1,-1,-1,-1,-1,-1,2,0,0,0,0,0,1,0,8,2,8,41.82563103,-87.61039034
0,410654,0,30,0,0,0,1,7,6,1,0,0,0,0,-1,-1,0,0,0,1423,-1,-1,-1,-1,-1,-1,2,0,0,0,0,0,1,0,8,2,8,41.90365036,-87.6921159
0,410440,-1,30,0,0,0,1,10,2,-1,0,0,0,0,-1,-1,-1,0,-1,1432,-1,-1,-1,-1,-1,-1,3,0,0,0,0,0,3,0,8,2,8,41.92158491,-87.66877311
0,410387,-1,30,0,0,0,1,10,2,-1,0,0,0,0,-1,-1,-1,-1,-1,1122,-1,-1,-1,-1,-1,-1,2,0,0,0,0,0,6,0,8,2,8,41.88177152,-87.7223727
1,410419,-1,30,0,0,0,1,10,5,2,0,0,0,1,-1,-1,-1,18,16,1613,-1,-1,-1,-1,-1,-1,2,1,0,0,0,1,2,0,8,2,8,41.9776266,-87.79164286
0,415543,-1,25,2,2,0,1,14,5,2,0,0,0,0,1,-1,-1,17,11,821,-1,-1,-1,-1,-1,-1,2,0,0,0,0,0,2,0,8,2,8,41.80089619,-87.70627521
0,410388,-1,30,1,2,0,1,0,6,-1,0,0,0,0,1,-1,-1,6,-1,613,-1,-1,-1,-1,-1,-1,2,0,0,0,0,0,2,0,8,2,8,41.74676554,-87.65378557
0,416499,-1,35,2,0,0,1,10,5,2,0,0,0,0,-1,-1,-1,0,0,1522,-1,-1,-1,-1,-1,-1,2,0,0,0,0,0,2,0,8,2,8,41.8804472,-87.75775505
0,412014,-1,10,0,0,0,1,7,7,1,0,0,0,0,-1,-1,1,0,0,1034,-1,-1,-1,-1,-1,-1,2,0,0,0,0,0,1,0,8,2,8,41.84111499,-87.68513204
0,411014,-1,30,2,2,0,1,10,5,-1,0,0,0,0,-1,-1,-1,18,16,131,-1,-1,-1,-1,-1,-1,2,0,0,0,0,0,2,0,8,2,8,41.8639435,-87.62729966
0,410479,1,30,1,2,0,1,11,6,1,0,0,0,0,-1,-1,-1,0,0,1813,-1,-1,-1,-1,-1,-1,2,0,0,0,0,0,2,0,8,2,8,41.91094064,-87.64841904
0,410399,-1,30,0,0,0,1,7,5,2,0,0,0,0,-1,-1,1,0,0,614,-1,-1,-1,-1,-1,-1,2,0,0,0,0,0,1,0,8,2,8,41.74442449,-87.67314223
0,410396,-1,30,2,2,0,1,0,5,-1,0,0,0,0,-1,-1,-1,17,-1,1523,-1,-1,-1,-1,-1,-1,2,0,0,0,0,0,5,0,8,2,8,41.88244822,-87.75764391
0,410375,-1,30,2,2,0,1,0,5,-1,0,0,0,1,-1,-1,-1,0,-1,1022,-1,-1,-1,-1,-1,-1,2,0,0,0,0,0,4,0,8,2,8,41.85553352,-87.69571496