MOST_SEVERE_INJURY,RD_NO,CRASH_DATE_EST_I,POSTED_SPEED_LIMIT,TRAFFIC_CONTROL_DEVICE,DEVICE_CONDITION,WEATHER_CONDITION,LIGHTING_CONDITION,FIRST_CRASH_TYPE,TRAFFICWAY_TYPE,LANE_CNT,ALIGNMENT,ROADWAY_SURFACE_COND,ROAD_DEFECT,CRASH_TYPE,INTERSECTION_RELATED_I,NOT_RIGHT_OF_WAY_I,HIT_AND_RUN_I,PRIM_CONTRIBUTORY_CAUSE,SEC_CONTRIBUTORY_CAUSE,BEAT_OF_OCCURRENCE,PHOTOS_TAKEN_I,STATEMENTS_TAKEN_I,DOORING_I,WORK_ZONE_I,WORK_ZONE_TYPE,WORKERS_PRESENT_I,NUM_UNITS,INJURIES_TOTAL,INJURIES_FATAL,INJURIES_INCAPACITATING,INJURIES_NON_INCAPACITATING,INJURIES_REPORTED_NOT_EVIDENT,INJURIES_NO_INDICATION,INJURIES_UNKNOWN,CRASH_HOUR,CRASH_DAY_OF_WEEK,CRASH_MONTH,LATITUDE,LONGITUDE
0,410374,0,30,1,2,0,1,12,5,2,0,0,0,0,0,-1,-1,8,20,1915,-1,-1,-1,0,-1,-1,2,0,0,0,0,0,2,0,7,2,8,41.96157793,-87.65217219
0,410364,-1,30,0,0,0,1,2,6,-1,0,0,-1,0,-1,-1,-1,33,-1,421,-1,-1,-1,-1,-1,-1,1,0,0,0,0,0,1,0,7,2,8,41.75361282,-87.55458719
0,410496,-1,30,2,2,0,1,10,6,1,0,0,0,0,-1,-1,-1,0,0,715,-1,-1,-1,-1,-1,-1,2,0,0,0,0,0,2,0,7,2,8,41.79211392,-87.66468317
0,410393,-1,30,0,0,0,1,12,2,-1,0,0,0,0,-1,-1,0,0,0,411,0,-1,-1,-1,-1,-1,2,0,0,0,0,0,3,0,7,2,8,41.74645947,-87.58526874
0,417384,-1,30,1,2,0,1,12,1,-1,0,0,0,0,1,-1,-1,0,0,2411,-1,-1,-1,-1,-1,-1,2,0,0,0,0,0,2,0,7,2,8,42.01938617,-87.68538547
0,411282,-1,30,0,0,0,1,12,5,2,0,0,-1,0,-1,-1,1,22,-1,1122,-1,-1,-1,-1,-1,-1,2,0,0,0,0,0,2,0,7,2,8,41.88174359,-87.72449825
0,410402,-1,35,0,0,0,1,9,5,2,0,0,0,0,1,-1,-1,17,-1,2232,-1,-1,-1,-1,-1,-1,2,0,0,0,0,0,2,0,7,2,8,41.70670785,-87.65375061
0,410398,-1,20,0,0,0,1,8,5,2,0,0,0,0,-1,-1,-1,17,17,915,-1,-1,1,-1,-1,-1,2,0,0,0,0,0,2,0,7,2,8,41.8365726,-87.63513209
0,410359,-1,30,0,0,0,1,7,5,2,0,0,0,0,-1,-1,-1,0,0,912,-1,-1,-1,-1,-1,-1,2,0,0,0,0,0,1,0,7,2,8,41.8339848,-87.67090691
0,410363,-1,30,0,0,0,1,12,5,4,0,0,0,0,-1,-1,1,-1,0,1033,-1,-1,-1,-1,-1,-1,2,0,0,0,0,0,5,0,7,2,8,41.84970021,-87.70504465
0,410380,-1,40,3,0,0,1,12,2,8,0,0,0,0,-1,-1,-1,22,0,114,-1,-1,-1,-1,-1,-1,2,0,0,0,0,0,2,0,7,2,8,41.87785197,-87.6175651
0,411150,-1,30,1,2,0,1,10,5,-1,0,0,0,0,1,-1,-1,18,-1,2515,-1,-1,-1,-1,-1,-1,2,0,0,0,0,0,2,0,7,2,8,41.91821122,-87.76592217
0,410409,-1,30,1,2,0,1,14,3,-1,0,0,0,1,1,-1,-1,6,23,122,-1,-1,-1,-1,-1,-1,2,0,0,0,0,0,2,0,7,2,8,41.87859738,-87.63708217
0,410358,-1,30,1,2,0,1,12,2,-1,0,0,0,0,1,-1,-1,22,0,1713,-1,-1,-1,-1,-1,-1,2,0,0,0,0,0,2,0,7,2,8,41.968313,-87.71321267
0,410349,-1,30,0,0,0,1,10,5,2,0,0,0,0,0,-1,-1,16,-1,1622,-1,-1,-1,-1,-1,-1,2,0,0,0,0,0,2,0,7,2,8,41.97168932,-87.7722116
0,410347,-1,30,1,2,0,1,10,5,-1,0,0,0,0,-1,-1,-1,16,18,2515,-1,-1,-1,-1,-1,-1,2,0,0,0,0,0,2,0,7,2,8,41.91872815,-87.76593607
0,410373,-1,30,0,0,0,1,14,2,-1,0,0,0,0,-1,-1,-1,21,-1,924,-1,-1,-1,-1,-1,-1,2,0,0,0,0,0,4,0,7,2,8,41.82085851,-87.6651081
0,410345,-1,30,1,2,0,1,10,5,4,0,0,0,0,1,-1,-1,0,0,1623,-1,-1,-1,-1,-1,-1,2,0,0,0,0,0,2,0,7,2,8,41.96896633,-87.76151621
0,433844,1,10,0,0,0,1,7,7,-1,0,0,0,0,-1,-1,1,18,-1,234,-1,-1,-1,-1,-1,-1,2,0,0,0,0,0,1,0,7,2,8,41.7981945,-87.58563074
0,414506,-1,30,1,2,0,1,10,3,-1,0,0,0,0,-1,-1,-1,18,-1,814,-1,-1,-1,-1,-1,-1,2,0,0,0,0,0,2,0,7,2,8,41.80081213,-87.74311781
0,410403,-1,30,0,0,0,-1,7,6,-1,0,0,0,0,-1,-1,1,0,0,922,-1,-1,-1,-1,-1,-1,2,0,0,0,0,0,1,0,7,2,8,41.80883936,-87.6965241
0,410344,-1,35,0,0,0,1,10,3,-1,0,0,0,0,-1,-1,-1,18,-1,132,-1,-1,-1,-1,-1,-1,1,0,0,0,0,0,1,0,7,2,8,41.86496137,-87.61883481
0,411142,-1,30,1,2,0,1,9,5,-1,0,0,0,0,1,-1,1,6,16,122,-1,-1,-1,-1,-1,-1,2,0,0,0,0,0,2,0,6,2,8,41.87925917,-87.63516131
0,410333,-1,35,1,2,0,1,10,3,3,0,0,0,0,-1,-1,-1,18,16,834,-1,-1,-1,-1,-1,-1,3,0,0,0,0,0,3,0,6,2,8,41.74932759,-87.72196694
0,410356,-1,30,0,0,0,1,12,6,1,0,0,0,0,-1,-1,-1,17,-1,1532,-1,-1,-1,-1,-1,-1,2,0,0,0,0,0,2,0,6,2,8,41.89066366,-87.75285043
0,410896,-1,30,0,0,0,1,7,2,2,0,0,-1,0,-1,-1,-1,22,0,735,-1,-1,-1,-1,-1,-1,2,0,0,0,0,0,1,0,6,2,8,41.76291486,-87.6760561
2,410314,-1,30,1,2,0,1,8,2,4,0,0,0,1,1,-1,-1,21,0,2533,-1,-1,-1,-1,-1,-1,2,1,0,0,1,0,1,0,6,2,8,41.90246055,-87.7461029
0,416461,-1,30,0,0,-1,1,10,6,-1,3,-1,-1,0,-1,-1,-1,0,11,1651,-1,-1,-1,-1,-1,-1,2,0,0,0,0,0,2,0,6,2,8,41.97620114,-87.90530913
0,410340,-1,20,0,0,0,1,7,5,2,0,0,3,0,-1,-1,1,0,0,2432,-1,-1,-1,-1,-1,-1,2,0,0,0,0,0,1,0,6,2,8,41.99945213,-87.66540587
0,410312,-1,30,0,0,0,0,0,5,-1,0,0,0,0,-1,-1,-1,20,20,831,-1,-1,-1,-1,-1,-1,2,0,0,0,0,0,2,0,5,2,8,41.7641447,-87.71162807
2,410290,-1,30,1,2,0,3,12,12,4,5,0,0,1,1,-1,-1,0,0,1121,-1,-1,-1,-1,-1,-1,2,1,0,0,1,0,1,0,5,2,8,41.89982195,-87.71143866
0,415059,1,30,0,0,0,-1,7,5,2,0,0,0,0,-1,-1,1,0,-1,831,-1,-1,-1,-1,-1,-1,2,0,0,0,0,0,1,0,5,2,8,41.76312781,-87.69406408
0,410294,-1,25,0,-1,0,3,2,6,1,0,0,0,1,-1,-1,1,0,0,1531,-1,-1,-1,-1,-1,-1,1,0,0,0,0,0,4,0,4,2,8,41.89947836,-87.74667939
0,410278,-1,30,0,0,0,3,10,2,4,0,0,0,0,-1,-1,-1,22,-1,814,-1,-1,-1,-1,-1,-1,2,0,0,0,0,0,2,0,4,2,8,41.79660608,-87.74300403
2,410269,-1,30,1,2,0,3,0,6,3,2,0,0,1,1,1,-1,10,20,1832,-1,-1,-1,-1,-1,-1,3,1,0,0,1,0,3,0,3,2,8,41.89248545,-87.62982444
0,410263,-1,30,0,0,0,3,10,6,-1,0,0,0,0,-1,-1,1,25,-1,1033,-1,-1,-1,-1,-1,-1,2,0,0,0,0,0,2,0,3,2,8,41.85146317,-87.70048769
1,410259,-1,30,0,0,0,3,2,5,2,0,0,-1,1,-1,-1,-1,27,-1,1114,-1,-1,-1,-1,-1,-1,1,1,0,0,0,1,0,0,3,2,8,41.88562556,-87.73061391
0,410264,-1,25,0,0,0,3,7,5,-1,0,0,0,1,-1,-1,1,0,0,2523,-1,-1,-1,-1,-1,-1,3,0,0,0,0,0,1,0,3,2,8,41.9359857,-87.73679127
0,410898,-1,30,0,0,0,3,7,2,2,0,0,0,0,-1,-1,1,0,0,833,-1,-1,-1,-1,-1,-1,2,0,0,0,0,0,1,0,3,2,8,41.76423203,-87.72032482
0,411283,-1,30,0,0,0,0,7,2,4,0,0,-1,0,-1,-1,1,0,0,1733,-1,-1,-1,-1,-1,-1,2,0,0,0,0,0,1,0,3,2,8,41.95161045,-87.69802624
0,410771,-1,30,0,0,0,3,7,2,-1,0,0,0,0,-1,-1,1,0,0,1231,-1,-1,-1,-1,-1,-1,2,0,0,0,0,0,1,0,3,2,8,41.86890356,-87.66630191
0,410250,-1,30,0,0,0,0,7,6,1,0,0,0,0,-1,-1,1,21,-1,424,-1,-1,-1,-1,-1,-1,2,0,0,0,0,0,1,0,2,2,8,41.7437584,-87.5468116
0,410815,-1,30,0,0,0,1,10,5,-1,0,0,0,0,-1,-1,-1,18,-1,323,-1,-1,-1,-1,-1,-1,2,0,0,0,0,0,2,0,1,2,8,41.75862412,-87.60919619
0,411398,1,30,0,0,0,3,7,6,1,0,0,0,0,-1,-1,1,0,0,922,-1,-1,-1,-1,-1,-1,2,0,0,0,0,0,1,0,1,2,8,41.80900396,-87.69682236
0,410197,-1,30,0,0,0,3,7,5,2,0,0,0,1,-1,-1,-1,21,19,623,-1,-1,-1,-1,-1,-1,2,0,0,0,0,0,1,0,0,2,8,41.75099008,-87.62859527
2,410195,-1,30,2,2,0,3,0,3,3,0,1,0,1,-1,-1,-1,17,17,413,-1,-1,-1,-1,-1,-1,2,1,0,0,1,0,1,0,0,2,8,41.73135421,-87.58567513
0,410176,-1,25,0,0,0,3,7,5,-1,0,0,0,0,-1,-1,-1,0,-1,911,-1,-1,-1,-1,-1,-1,2,0,0,0,0,0,1,0,0,2,8,41.83198349,-87.68513728
0,410174,-1,20,0,0,0,3,14,2,2,0,0,-1,0,-1,-1,-1,17,22,1023,-1,-1,-1,-1,-1,-1,2,0,0,0,0,0,2,0,0,2,8,41.86076029,-87.69559148
1,410169,-1,30,4,0,0,3,0,5,2,0,0,0,1,1,-1,-1,16,0,1034,-1,-1,-1,-1,-1,-1,2,1,0,0,0,1,4,0,0,2,8,41.84285894,-87.6947541
0,410524,-1,30,0,0,-1,0,7,6,1,0,-1,-1,0,-1,-1,1,0,0,613,-1,-1,-1,-1,-1,-1,2,0,0,0,0,0,1,0,0,2,8,41.74085648,-87.65697537
0,410212,-1,0,0,0,0,3,2,7,-1,0,0,0,0,-1,1,1,0,0,1531,-1,-1,-1,-1,-1,-1,1,0,0,0,0,0,1,0,23,1,8,41.8942933,-87.75420617
3,410143,-1,35,1,2,0,3,14,5,-1,0,0,0,1,1,-1,-1,17,0,1533,-1,-1,-1,-1,-1,-1,2,1,0,1,0,0,1,0,23,1,8,41.87676066,-87.74529167
2,410161,-1,30,1,2,0,3,4,5,2,0,0,0,1,1,-1,-1,-1,-1,1834,-1,-1,-1,-1,-1,-1,1,1,0,0,1,0,1,0,23,1,8,41.8909758,-87.62279767
0,410126,-1,30,1,2,0,3,14,5,-1,0,0,0,0,1,-1,-1,6,-1,813,-1,-1,-1,-1,-1,-1,2,0,0,0,0,0,2,0,23,1,8,41.78588849,-87.72310659
0,410145,-1,35,0,0,0,3,7,6,-1,0,0,0,1,-1,-1,-1,0,0,1724,-1,-1,-1,-1,-1,-1,3,0,0,0,0,0,1,0,23,1,8,41.95447569,-87.70573701
2,410116,-1,30,2,2,0,3,0,3,6,0,0,0,1,1,-1,-1,16,-1,712,-1,-1,-1,-1,-1,-1,2,3,0,0,2,1,0,0,23,1,8,41.79375745,-87.65258365
2,410137,-1,25,0,0,0,3,7,6,-1,0,0,0,1,-1,1,-1,25,16,411,1,1,-1,-1,-1,-1,5,1,0,0,1,0,1,0,23,1,8,41.75552272,-87.58813936
0,410119,-1,30,2,2,0,3,12,12,-1,0,0,0,0,1,-1,-1,0,0,1232,-1,-1,-1,-1,-1,-1,2,0,0,0,0,0,3,0,22,1,8,41.87676335,-87.6484771
0,410108,-1,35,0,0,0,3,8,12,1,0,0,0,0,-1,-1,-1,16,-1,421,-1,1,-1,-1,-1,-1,2,0,0,0,0,0,2,0,22,1,8,41.75899276,-87.56037781
0,410113,-1,35,0,0,0,0,5,0,-1,0,0,0,0,-1,-1,-1,0,-1,1713,-1,-1,-1,-1,-1,-1,1,0,0,0,0,0,1,0,22,1,8,41.96614735,-87.70855035
0,410122,-1,35,1,2,0,0,14,5,2,0,0,0,0,-1,-1,1,0,-1,1114,-1,-1,-1,-1,-1,-1,2,0,0,0,0,0,3,0,22,1,8,41.88558032,-87.72592192
0,410140,-1,30,1,2,0,3,14,5,-1,0,0,0,0,-1,-1,1,23,-1,1114,-1,-1,-1,-1,-1,-1,2,0,0,0,0,0,3,0,22,1,8,41.88536097,-87.72593411
2,410087,-1,30,0,0,0,3,10,2,4,0,0,0,1,1,-1,-1,6,16,2221,-1,-1,-1,-1,-1,-1,2,3,0,0,3,0,0,0,22,1,8,41.72103219,-87.68192139
0,410070,-1,30,2,2,0,3,2,3,-1,0,0,0,1,1,-1,-1,33,-1,1224,-1,-1,-1,-1,-1,-1,1,0,0,0,0,0,1,0,22,1,8,41.88159606,-87.66450658
0,410891,-1,30,0,0,0,0,12,5,-1,0,0,0,0,-1,-1,-1,21,0,814,-1,-1,-1,-1,-1,-1,2,0,0,0,0,0,2,0,21,1,8,41.80115143,-87.74312622
0,410089,-1,30,1,0,0,3,12,5,-1,0,0,0,0,-1,-1,-1,22,-1,1834,-1,-1,-1,-1,-1,-1,2,0,0,0,0,0,2,0,21,1,8,41.89338887,-87.6277024
0,410993,-1,35,0,0,0,0,10,5,-1,0,0,0,0,1,-1,1,18,-1,624,-1,-1,-1,-1,-1,-1,2,0,0,0,0,0,2,0,21,1,8,41.75835892,-87.61281835
0,410091,-1,15,0,0,0,0,7,5,-1,0,0,0,0,-1,-1,1,0,0,923,-1,-1,-1,-1,-1,-1,2,0,0,0,0,0,1,0,21,1,8,41.80062858,-87.68652023
0,410071,-1,30,0,0,0,3,12,6,2,0,0,0,0,-1,-1,-1,21,-1,123,-1,-1,-1,-1,-1,-1,2,0,0,0,0,0,2,0,21,1,8,41.87396104,-87.63080445
2,410048,-1,20,1,2,0,3,14,5,2,0,0,0,1,-1,-1,-1,11,4,712,-1,-1,-1,-1,-1,-1,2,3,0,0,3,0,0,0,21,1,8,41.78712744,-87.64548794
-1,410025,-1,35,0,0,0,3,0,5,-1,0,0,0,0,-1,-1,-1,17,-1,1713,-1,-1,-1,-1,-1,-1,-1,-1,-1,-1,-1,-1,-1,-1,21,1,8,41.96857422,-87.70739692
0,410043,-1,30,0,2,0,3,10,5,1,0,0,0,0,-1,-1,1,16,-1,634,-1,1,-1,-1,-1,-1,3,0,0,0,0,0,3,0,21,1,8,41.73614648,-87.62607589
0,410036,-1,30,0,0,0,0,10,2,2,0,0,0,0,-1,-1,-1,18,12,2412,-1,-1,-1,-1,-1,-1,2,0,0,0,0,0,3,0,21,1,8,42.00443649,-87.70734212
0,410895,-1,20,0,0,0,3,12,6,-1,0,0,0,0,-1,-1,1,17,25,631,-1,-1,-1,-1,-1,-1,3,0,0,0,0,0,2,0,21,1,8,41.74513635,-87.60030521
0,410064,-1,30,0,0,0,3,7,6,1,0,0,0,0,-1,-1,1,0,0,2534,-1,-1,-1,-1,-1,-1,2,0,0,0,0,0,1,0,21,1,8,41.9074211,-87.73119556
0,410042,-1,30,2,2,0,3,14,2,-1,0,0,0,0,-1,-1,-1,0,-1,1232,-1,-1,-1,-1,-1,-1,2,0,0,0,0,0,2,0,21,1,8,41.86956628,-87.65427838
0,410982,-1,30,0,0,0,4,7,6,-1,0,0,0,0,-1,-1,-1,-1,-1,813,-1,-1,-1,-1,-1,-1,2,0,0,0,0,0,1,0,21,1,8,41.78936024,-87.7354456
0,410085,-1,30,0,0,0,3,12,6,-1,0,0,-1,0,-1,-1,1,0,-1,631,-1,-1,-1,-1,-1,-1,3,0,0,0,0,0,2,0,21,1,8,41.74468603,-87.60029378
0,410082,-1,30,0,0,0,3,7,6,-1,0,0,0,0,-1,-1,-1,20,-1,1631,-1,-1,-1,-1,-1,-1,2,0,0,0,0,0,1,0,21,1,8,41.94225854,-87.8117701
0,410032,-1,30,0,0,0,3,12,2,-1,0,0,0,0,-1,-1,-1,17,0,2013,-1,-1,-1,-1,-1,-1,2,0,0,0,0,0,4,0,21,1,8,41.9862864,-87.66418429
1,410029,-1,30,2,2,0,3,10,6,1,0,0,0,1,-1,-1,1,0,0,411,-1,-1,-1,-1,-1,-1,2,2,0,0,0,2,2,0,21,1,8,41.75134,-87.59563595
2,409992,-1,30,1,-1,0,1,7,6,2,0,0,0,1,-1,-1,-1,0,0,122,-1,-1,-1,-1,-1,-1,2,1,0,0,1,0,0,0,20,1,8,41.88458254,-87.63219196
0,410044,-1,30,2,2,0,3,10,5,2,0,0,0,0,-1,-1,1,20,-1,114,-1,-1,-1,-1,-1,-1,2,0,0,0,0,0,6,0,20,1,8,41.87826992,-87.62052861
2,409989,-1,30,1,2,0,3,9,5,2,0,0,0,1,1,-1,-1,17,0,1722,-1,-1,-1,-1,-1,-1,2,1,0,0,1,0,1,0,20,1,8,41.95966972,-87.72808735
0,410175,1,30,2,-1,0,3,1,-1,-1,0,0,-1,0,-1,-1,1,0,0,1111,-1,-1,-1,-1,-1,-1,1,0,0,0,0,0,1,0,20,1,8,41.90079482,-87.73595036
0,410023,-1,30,1,2,0,3,10,5,-1,0,0,0,0,-1,-1,-1,0,0,511,-1,-1,-1,-1,-1,-1,2,0,0,0,0,0,2,0,20,1,8,41.72225727,-87.58527557
0,409982,-1,30,2,2,0,3,0,12,-1,0,0,0,0,1,-1,-1,0,0,433,-1,-1,-1,-1,-1,-1,2,0,0,0,0,0,3,0,20,1,8,41.65193136,-87.5300745
0,409979,1,20,0,0,0,3,7,6,-1,0,0,0,0,-1,-1,-1,20,11,922,-1,-1,-1,-1,-1,-1,2,0,0,0,0,0,1,0,20,1,8,41.81107097,-87.69536578
3,409971,-1,30,0,0,0,3,3,5,2,0,0,0,1,-1,-1,-1,0,0,1033,-1,-1,-1,-1,-1,-1,3,2,0,2,0,0,0,0,20,1,8,41.83750668,-87.69616877
0,410018,-1,30,0,0,0,3,7,6,1,0,0,0,1,-1,-1,1,-1,-1,524,-1,-1,-1,-1,-1,-1,2,0,0,0,0,0,1,0,20,1,8,41.6800804,-87.64457037
0,410011,-1,25,2,2,0,3,14,5,2,0,0,0,0,1,-1,-1,17,5,912,-1,-1,-1,-1,-1,-1,2,0,0,0,0,0,2,0,20,1,8,41.83059799,-87.6666797
0,409963,-1,30,0,0,0,0,12,3,2,0,0,-1,0,-1,-1,-1,0,0,2223,-1,-1,-1,-1,-1,-1,2,0,0,0,0,0,2,0,20,1,8,41.72151072,-87.64813642
3,409957,-1,30,0,0,0,3,12,2,-1,0,0,0,1,-1,-1,-1,21,-1,834,-1,-1,-1,-1,-1,-1,5,1,0,1,0,0,9,0,19,1,8,41.73605547,-87.72162202
0,409951,-1,30,1,2,0,3,14,5,2,0,0,0,0,-1,-1,-1,-1,-1,724,-1,-1,-1,-1,-1,-1,2,0,0,0,0,0,2,0,19,1,8,41.77951604,-87.65464687
0,409945,-1,20,0,0,0,3,7,5,2,2,0,0,1,-1,-1,-1,23,11,913,-1,-1,-1,-1,-1,-1,2,0,0,0,0,0,1,0,19,1,8,41.84149155,-87.64916055
0,409964,-1,30,0,0,0,0,7,5,-1,0,0,0,0,-1,-1,1,25,-1,2524,-1,-1,-1,-1,-1,-1,2,0,0,0,0,0,3,0,19,1,8,41.92573403,-87.71931935
0,409956,-1,30,0,0,0,0,12,6,-1,0,0,0,0,-1,-1,-1,0,0,914,-1,-1,-1,-1,-1,-1,2,0,0,0,0,0,2,0,19,1,8,41.85148747,-87.63183543
0,409933,-1,10,0,0,0,1,7,7,-1,0,0,0,0,-1,-1,-1,20,20,2213,-1,-1,-1,-1,-1,-1,2,0,0,0,0,0,3,0,19,1,8,41.71382958,-87.65772196
0,409919,-1,30,0,0,0,1,12,2,4,0,0,0,0,-1,-1,-1,11,0,832,-1,-1,-1,-1,-1,-1,2,0,0,0,0,0,4,0,19,1,8,41.76393357,-87.68307489
0,410009,-1,30,0,0,0,0,7,5,-1,0,0,0,0,-1,-1,1,0,0,413,-1,-1,-1,-1,-1,-1,2,0,0,0,0,0,1,0,19,1,8,41.7332722,-87.58302552
0,409931,-1,30,0,0,0,4,10,5,-1,0,0,0,0,-1,-1,-1,-1,-1,821,-1,-1,-1,-1,-1,-1,2,0,0,0,0,0,2,0,19,1,8,41.81535204,-87.70440626
1,409918,-1,30,0,0,0,1,8,5,4,0,0,0,1,-1,-1,0,0,0,1135,-1,-1,1,-1,-1,-1,2,1,0,0,0,1,1,0,19,1,8,-1,-1
0,409916,-1,35,0,0,0,1,10,5,2,0,0,0,0,0,-1,0,22,22,213,-1,-1,-1,-1,-1,-1,2,0,0,0,0,0,5,0,19,1,8,41.8235757,-87.6285651
0,409939,-1,30,0,0,0,3,11,0,-1,0,0,0,0,-1,-1,-1,17,-1,2525,-1,-1,-1,-1,-1,-1,2,0,0,0,0,0,2,0,19,1,8,41.9173489,-87.72058191
2,409890,1,30,2,12,0,1,0,5,2,0,0,0,1,1,-1,-1,5,-1,1811,-1,-1,-1,-1,-1,-1,3,1,0,0,1,0,6,0,18,1,8,41.92172981,-87.6632342
0,409861,-1,5,0,0,0,1,7,7,-1,0,0,0,0,-1,1,-1,11,-1,131,-1,-1,-1,-1,-1,-1,2,0,0,0,0,0,1,0,18,1,8,41.86672435,-87.62596115
0,409897,-1,30,12,12,0,1,10,3,-1,0,0,-1,0,-1,-1,-1,18,0,423,-1,-1,-1,-1,-1,-1,2,0,0,0,0,0,2,0,18,1,8,41.72987616,-87.55891542
0,409887,1,30,0,0,0,1,12,5,-1,0,0,0,0,-1,-1,-1,22,-1,1822,-1,-1,-1,-1,-1,-1,2,0,0,0,0,0,2,0,18,1,8,41.90790852,-87.64554653
0,409880,-1,15,0,0,0,1,7,7,-1,0,0,0,0,-1,1,1,0,0,1712,-1,-1,-1,-1,-1,-1,2,0,0,0,0,0,1,0,18,1,8,41.97562411,-87.72984456
0,409875,-1,30,2,2,0,1,0,5,2,0,0,0,0,1,-1,-1,5,11,432,-1,-1,-1,-1,-1,-1,3,0,0,0,0,0,4,0,18,1,8,41.69896409,-87.52832667
0,409865,-1,10,0,0,0,1,10,12,-1,0,0,0,0,-1,-1,-1,0,-1,432,-1,-1,-1,-1,-1,-1,2,0,0,0,0,0,3,0,18,1,8,41.70257328,-87.52509414
2,409846,-1,30,0,0,0,1,8,5,2,0,0,0,1,1,-1,1,0,-1,1731,-1,-1,-1,-1,-1,-1,2,1,0,0,1,0,1,0,18,1,8,41.94640368,-87.73367427
0,410925,1,30,0,0,-1,-1,7,6,1,0,-1,-1,0,-1,-1,1,-1,-1,1724,-1,-1,-1,-1,-1,-1,2,0,0,0,0,0,1,0,18,1,8,41.95921806,-87.7125026
0,410651,-1,30,0,0,0,4,7,7,2,0,0,0,0,-1,-1,-1,22,0,2024,-1,-1,-1,-1,-1,-1,2,0,0,0,0,0,1,0,18,1,8,41.96924936,-87.65110161
0,410033,-1,35,0,0,0,2,14,2,2,0,0,0,0,-1,-1,-1,-1,-1,2411,-1,-1,-1,-1,-1,-1,2,0,0,0,0,0,2,0,18,1,8,42.01696101,-87.69034725
0,409932,0,30,0,0,0,4,7,6,1,0,0,0,1,-1,-1,1,0,0,1024,-1,-1,-1,-1,-1,-1,2,0,0,0,0,0,1,0,18,1,8,41.84486994,-87.70641425
0,409930,-1,35,1,2,0,1,10,1,4,0,0,0,0,-1,-1,-1,14,18,411,-1,-1,-1,-1,-1,-1,1,0,0,0,0,0,1,0,18,1,8,41.75121938,-87.5854516
0,409851,-1,30,0,0,0,1,11,5,-1,0,0,0,0,-1,-1,-1,35,-1,812,-1,-1,-1,-1,-1,-1,2,0,0,0,0,0,2,0,18,1,8,41.77790014,-87.7752275
0,409844,-1,30,0,0,0,1,7,5,2,0,0,0,0,-1,-1,-1,12,0,1124,-1,-1,-1,-1,-1,-1,2,0,0,0,0,0,1,0,17,1,8,41.87993867,-87.70308979
1,409842,-1,30,2,2,0,1,10,5,2,0,0,0,1,-1,-1,1,18,0,923,-1,-1,-1,-1,-1,-1,2,2,0,0,0,2,1,0,17,1,8,41.79907517,-87.69380081
0,409809,-1,30,0,0,0,1,11,2,-1,0,0,0,0,-1,-1,-1,21,-1,812,-1,-1,-1,-1,-1,-1,2,0,0,0,0,0,2,0,17,1,8,41.77806135,-87.76666581
0,412745,-1,10,0,0,0,-1,7,7,-1,0,0,0,0,-1,-1,1,0,0,123,-1,-1,-1,-1,-1,-1,2,0,0,0,0,0,1,0,17,1,8,41.87185333,-87.62738022
0,409787,-1,20,0,0,0,1,7,5,2,0,0,0,0,-1,-1,-1,7,7,933,-1,-1,-1,-1,-1,-1,3,0,0,0,0,0,1,0,17,1,8,41.80325413,-87.64839131
0,410791,-1,30,0,0,0,1,7,5,2,0,0,0,0,-1,-1,-1,-1,-1,1122,-1,-1,-1,-1,-1,-1,2,0,0,0,0,0,3,0,17,1,8,41.87722999,-87.72298487
0,409811,-1,30,0,0,0,1,12,5,-1,0,0,0,0,-1,-1,-1,-1,-1,822,-1,-1,-1,-1,-1,-1,2,0,0,0,0,0,4,0,17,1,8,41.78606736,-87.71080015
0,409834,-1,30,1,2,0,1,10,2,4,0,0,0,0,-1,-1,-1,0,0,1723,-1,-1,-1,-1,-1,-1,2,0,0,0,0,0,2,0,17,1,8,41.96111751,-87.72299358
2,409826,-1,30,1,2,0,1,14,3,-1,0,0,0,1,-1,-1,-1,3,16,1024,-1,-1,-1,-1,-1,-1,2,1,0,0,1,0,2,0,17,1,8,41.85435165,-87.71494846
-1,409807,-1,30,0,0,0,1,12,6,1,0,0,0,0,-1,-1,-1,17,0,1935,-1,-1,-1,-1,-1,-1,-1,-1,-1,-1,-1,-1,-1,-1,17,1,8,41.93041966,-87.64635733
0,437732,1,20,0,0,-1,-1,7,6,-1,3,-1,0,1,-1,-1,1,0,-1,1431,-1,-1,-1,-1,-1,-1,2,0,0,0,0,0,1,0,17,1,8,41.91867717,-87.69520989
0,410007,-1,20,0,0,0,1,7,6,1,0,0,3,0,-1,-1,-1,11,11,2411,-1,-1,-1,-1,-1,-1,2,0,0,0,0,0,1,0,17,1,8,42.01025751,-87.7019689
0,409912,-1,30,0,0,0,1,7,7,-1,0,0,0,0,-1,1,-1,11,-1,1632,-1,-1,-1,-1,-1,-1,2,0,0,0,0,0,1,0,17,1,8,41.93823738,-87.79776035
0,409816,-1,20,2,2,0,1,7,6,1,0,0,0,0,-1,-1,-1,8,-1,2223,-1,-1,-1,-1,-1,-1,2,0,0,0,0,0,1,0,17,1,8,41.71775843,-87.64175104
0,409795,0,25,-1,2,0,1,12,6,1,0,0,0,0,-1,-1,-1,22,17,2535,1,-1,-1,-1,-1,-1,2,0,0,0,0,0,3,0,17,1,8,41.91485409,-87.71777329