MOST_SEVERE_INJURY,RD_NO,CRASH_DATE_EST_I,POSTED_SPEED_LIMIT,TRAFFIC_CONTROL_DEVICE,DEVICE_CONDITION,WEATHER_CONDITION,LIGHTING_CONDITION,FIRST_CRASH_TYPE,TRAFFICWAY_TYPE,LANE_CNT,ALIGNMENT,ROADWAY_SURFACE_COND,ROAD_DEFECT,CRASH_TYPE,INTERSECTION_RELATED_I,NOT_RIGHT_OF_WAY_I,HIT_AND_RUN_I,PRIM_CONTRIBUTORY_CAUSE,SEC_CONTRIBUTORY_CAUSE,BEAT_OF_OCCURRENCE,PHOTOS_TAKEN_I,STATEMENTS_TAKEN_I,DOORING_I,WORK_ZONE_I,WORK_ZONE_TYPE,WORKERS_PRESENT_I,NUM_UNITS,INJURIES_TOTAL,INJURIES_FATAL,INJURIES_INCAPACITATING,INJURIES_NON_INCAPACITATING,INJURIES_REPORTED_NOT_EVIDENT,INJURIES_NO_INDICATION,INJURIES_UNKNOWN,CRASH_HOUR,CRASH_DAY_OF_WEEK,CRASH_MONTH,LATITUDE,LONGITUDE
0,409786,-1,30,0,0,0,1,7,7,1,0,0,-1,0,-1,-1,-1,0,0,431,-1,-1,-1,-1,-1,-1,2,0,0,0,0,0,1,0,17,1,8,41.72223496,-87.58461147
0,409810,-1,30,1,2,0,1,14,5,-1,0,0,0,0,1,-1,0,17,-1,2533,-1,-1,-1,-1,-1,-1,2,0,0,0,0,0,3,0,16,1,8,41.90964984,-87.75269216
0,409777,-1,30,0,0,0,1,0,5,2,0,0,0,0,1,-1,-1,17,-1,2511,-1,-1,-1,-1,-1,-1,2,0,0,0,0,0,4,0,16,1,8,41.93815002,-87.78960038
0,409796,-1,30,1,2,0,1,12,5,-1,0,0,0,0,-1,-1,1,0,-1,1432,-1,-1,-1,-1,-1,-1,2,0,0,0,0,0,3,0,16,1,8,41.93030659,-87.68769184
1,411487,-1,35,2,0,0,1,14,5,-1,0,0,0,1,1,-1,-1,0,0,321,-1,-1,-1,-1,-1,-1,2,2,0,0,0,2,1,0,16,1,8,41.77314545,-87.6117791
0,409781,-1,30,0,0,0,1,14,5,3,0,-1,-1,0,-1,-1,-1,23,22,1933,-1,-1,-1,-1,-1,-1,2,0,0,0,0,0,4,0,16,1,8,41.93267442,-87.65822869
0,409745,-1,25,0,0,0,1,10,5,2,0,0,0,0,-1,-1,1,20,-1,1914,-1,-1,-1,-1,-1,-1,2,0,0,0,0,0,2,0,16,1,8,41.96663455,-87.64246324
0,409910,-1,20,0,0,0,1,7,7,1,0,0,-1,0,-1,-1,1,0,0,1834,-1,-1,-1,-1,-1,-1,2,0,0,0,0,0,1,0,16,1,8,41.89209414,-87.61156988
0,409696,-1,30,-1,-1,0,1,2,5,2,2,0,-1,0,-1,-1,-1,0,-1,831,-1,-1,-1,-1,-1,-1,1,0,0,0,0,0,1,0,16,1,8,41.77172918,-87.69334992
2,409709,-1,25,0,0,0,1,7,6,1,0,0,0,1,-1,-1,-1,12,0,1712,-1,-1,-1,-1,-1,-1,3,1,0,0,1,0,3,0,16,1,8,41.9693098,-87.73906366
0,410516,-1,15,0,0,0,1,7,7,-1,0,0,0,0,-1,-1,1,0,-1,131,-1,-1,-1,-1,-1,-1,2,0,0,0,0,0,1,0,16,1,8,41.86672435,-87.62596115
0,410035,-1,0,0,0,0,1,7,5,-1,0,0,0,0,-1,-1,1,0,0,822,-1,-1,-1,-1,-1,-1,2,0,0,0,0,0,1,0,16,1,8,41.79536244,-87.70954193
0,409720,-1,30,0,0,0,1,7,6,1,0,-1,-1,0,-1,-1,1,0,-1,1724,-1,-1,-1,-1,-1,-1,2,0,0,0,0,0,1,0,16,1,8,41.95433634,-87.70054816
1,409691,-1,35,0,0,0,1,7,6,2,0,0,-1,1,-1,-1,-1,25,0,1133,-1,-1,-1,-1,-1,-1,2,1,0,0,0,1,0,0,16,1,8,41.8719027,-87.7126586
0,409687,-1,25,0,0,0,1,7,5,-1,0,0,0,0,-1,-1,-1,0,-1,1925,-1,-1,-1,-1,-1,-1,2,0,0,0,0,0,2,0,15,1,8,41.94348919,-87.64507882
2,409683,-1,30,1,-1,0,1,9,5,-1,0,0,0,1,-1,-1,-1,16,-1,1911,-1,-1,-1,-1,-1,-1,2,1,0,0,1,0,1,0,15,1,8,41.96499382,-87.6792281
0,409716,-1,30,0,0,0,1,12,5,2,0,0,0,0,-1,-1,-1,17,-1,1112,-1,-1,-1,-1,-1,-1,2,0,0,0,0,0,6,0,15,1,8,41.89921558,-87.71658872
0,410233,-1,30,0,0,0,1,10,2,2,0,0,0,0,-1,-1,-1,8,-1,411,-1,-1,-1,-1,-1,-1,2,0,0,0,0,0,2,0,15,1,8,41.75133363,-87.5859742
0,409664,-1,25,2,1,0,1,0,5,-1,0,0,0,0,1,-1,-1,7,-1,833,-1,-1,-1,-1,-1,-1,2,0,0,0,0,0,10,0,15,1,8,41.77155653,-87.71787477
0,416576,-1,30,0,0,0,1,7,6,-1,0,0,0,0,-1,-1,-1,0,0,433,-1,-1,-1,-1,-1,-1,2,0,0,0,0,0,1,0,15,1,8,41.65836399,-87.54575274
0,411426,-1,30,0,0,0,1,10,5,-1,0,0,0,0,-1,-1,-1,18,-1,832,-1,-1,-1,-1,-1,-1,2,0,0,0,0,0,2,0,15,1,8,41.76823848,-87.68348696
0,409672,-1,30,0,0,0,1,8,5,2,0,0,0,0,-1,-1,-1,-1,-1,2222,-1,1,-1,-1,-1,-1,2,0,0,0,0,0,1,0,15,1,8,41.73398302,-87.65443968
0,409658,-1,25,2,2,0,1,0,5,2,0,0,0,0,1,-1,-1,17,-1,815,-1,-1,-1,-1,-1,-1,2,0,0,0,0,0,3,0,15,1,8,41.80039893,-87.72841486
0,409640,-1,30,-1,2,0,1,7,5,4,0,1,0,0,-1,-1,1,0,0,1134,-1,-1,-1,-1,-1,-1,2,0,0,0,0,0,1,0,15,1,8,41.86655313,-87.70195621
0,409674,-1,30,0,0,0,1,10,5,-1,0,0,0,0,1,-1,-1,0,0,1824,-1,-1,-1,-1,-1,-1,2,0,0,0,0,0,2,0,15,1,8,41.9031504,-87.63304254
0,409653,-1,30,0,0,0,1,0,5,2,0,0,0,1,-1,-1,-1,17,-1,1631,-1,-1,-1,-1,-1,-1,2,0,0,0,0,0,2,0,15,1,8,41.94490726,-87.82703984
2,409655,-1,0,1,1,0,1,14,1,2,0,0,-1,1,1,-1,-1,-1,-1,123,-1,-1,-1,-1,-1,-1,2,1,0,0,1,0,2,0,15,1,8,41.87301032,-87.62617446
0,409839,-1,30,0,0,0,1,7,5,2,0,-1,-1,0,-1,-1,-1,20,20,1922,-1,-1,-1,-1,-1,-1,2,0,0,0,0,0,2,0,15,1,8,41.94164459,-87.66986399
0,409659,-1,30,1,2,0,1,10,2,4,0,0,-1,0,1,-1,-1,21,0,634,-1,-1,-1,-1,-1,-1,2,0,0,0,0,0,3,0,15,1,8,41.73604849,-87.62899487
0,409652,-1,30,0,0,0,1,10,5,-1,0,0,0,0,0,-1,-1,18,-1,2533,-1,-1,-1,-1,-1,-1,2,0,0,0,0,0,2,0,15,1,8,41.91354904,-87.75566404
0,409633,-1,30,0,0,0,1,7,5,2,0,0,0,0,-1,-1,-1,20,11,1912,-1,-1,-1,-1,-1,-1,2,0,0,0,0,0,1,0,15,1,8,41.96333911,-87.67768911
0,409958,-1,30,0,0,0,1,7,5,-1,0,0,0,0,-1,-1,1,0,0,531,-1,-1,-1,-1,-1,-1,2,0,0,0,0,0,1,0,15,1,8,41.69255566,-87.61842881
0,409764,-1,30,0,0,0,2,7,6,-1,0,0,0,0,-1,-1,1,-1,-1,815,-1,-1,-1,-1,-1,-1,2,0,0,0,0,0,1,0,15,1,8,41.80049803,-87.73086865
0,409721,-1,30,0,0,0,1,2,7,-1,0,0,0,0,-1,-1,-1,20,-1,1233,-1,-1,-1,-1,-1,-1,1,0,0,0,0,0,2,0,15,1,8,41.85881009,-87.66603442
0,409634,-1,25,4,2,0,1,12,2,2,0,0,0,0,1,-1,-1,16,17,1413,1,1,-1,-1,-1,-1,2,0,0,0,0,0,2,0,14,1,8,41.91920886,-87.71208129
0,409605,-1,30,1,2,0,1,0,2,-1,0,0,0,1,-1,-1,-1,6,-1,1133,-1,-1,-1,-1,-1,-1,2,0,0,0,0,0,3,0,14,1,8,41.87073773,-87.72041743
0,409600,-1,35,3,2,0,1,12,5,-1,0,0,0,0,-1,-1,-1,22,17,1814,-1,-1,-1,-1,-1,-1,2,0,0,0,0,0,2,0,14,1,8,41.91287494,-87.63326564
0,409656,-1,30,0,0,0,1,14,5,4,0,0,0,1,-1,-1,-1,17,-1,1433,0,0,-1,-1,-1,-1,2,0,0,0,0,0,4,0,14,1,8,41.91087539,-87.65844448
0,409611,-1,35,0,0,0,1,10,7,1,0,0,0,0,-1,-1,1,0,0,1034,-1,-1,-1,-1,-1,-1,2,0,0,0,0,0,2,0,14,1,8,41.85189893,-87.68800784
0,412847,-1,15,0,0,0,1,7,7,-1,0,0,0,0,-1,-1,-1,0,11,1925,-1,-1,-1,-1,-1,-1,2,0,0,0,0,0,1,0,14,1,8,41.94607668,-87.64479439
0,411029,-1,30,0,0,0,1,7,7,-1,0,0,0,0,-1,-1,-1,20,20,312,-1,-1,-1,-1,-1,-1,2,0,0,0,0,0,2,0,14,1,8,41.7783291,-87.61572579
0,409662,-1,30,1,2,0,1,12,5,-1,0,0,0,0,-1,-1,1,0,-1,1531,-1,-1,-1,-1,-1,-1,2,0,0,0,0,0,2,0,14,1,8,41.89373895,-87.74591363
0,409654,-1,15,0,0,0,1,10,6,1,0,0,0,1,-1,-1,-1,20,-1,1211,-1,-1,-1,-1,-1,-1,2,0,0,0,0,0,2,0,14,1,8,41.89655739,-87.6919419
0,409601,-1,30,1,1,0,1,2,5,4,0,0,0,1,1,1,-1,0,-1,1612,-1,-1,-1,-1,-1,-1,1,0,0,0,0,0,1,0,14,1,8,41.99686424,-87.8168047
2,409610,-1,20,2,-1,0,1,0,6,-1,0,0,0,1,1,-1,-1,10,-1,2522,-1,-1,-1,-1,-1,-1,2,2,0,0,2,0,1,0,14,1,8,41.92246028,-87.7512468
0,409620,-1,30,0,0,0,1,12,5,-1,0,0,0,0,-1,-1,-1,0,0,1932,-1,-1,-1,-1,-1,-1,2,0,0,0,0,0,2,0,14,1,8,41.92694405,-87.66323292
0,409591,-1,30,1,2,0,1,10,5,-1,0,0,0,0,1,-1,1,18,-1,412,-1,-1,-1,-1,-1,-1,2,0,0,0,0,0,2,0,14,1,8,41.74419529,-87.57563925
1,410820,-1,30,1,2,0,1,14,2,2,1,0,0,1,1,-1,-1,17,11,513,1,-1,-1,-1,-1,-1,2,1,0,0,0,1,2,0,14,1,8,41.6998132,-87.62107428
0,409995,0,30,0,0,0,-1,7,6,1,0,0,0,0,-1,-1,1,0,-1,235,-1,-1,-1,-1,-1,-1,2,0,0,0,0,0,1,0,14,1,8,41.79233794,-87.59042007
0,409754,-1,30,0,0,0,1,7,5,1,0,0,0,0,-1,-1,1,0,0,1623,-1,-1,-1,-1,-1,-1,2,0,0,0,0,0,1,0,14,1,8,41.97588592,-87.76094345
0,409679,-1,0,0,0,0,1,7,7,-1,0,0,0,0,-1,-1,0,11,0,614,-1,-1,-1,-1,-1,-1,2,0,0,0,0,0,1,0,14,1,8,41.73590806,-87.66250196
0,409578,-1,30,1,2,0,1,3,2,-1,0,0,0,0,1,-1,-1,20,-1,114,-1,-1,-1,-1,-1,-1,2,0,0,0,0,0,2,0,14,1,8,41.8845685,-87.62432119
0,409569,-1,30,0,0,0,1,12,5,-1,0,0,0,0,-1,-1,-1,0,0,1831,-1,-1,-1,-1,-1,-1,2,0,0,0,0,0,5,0,14,1,8,41.89241124,-87.62952785
0,409565,-1,35,0,0,0,1,8,5,-1,0,0,0,0,-1,-1,-1,35,-1,925,-1,-1,-1,-1,-1,-1,2,0,0,0,0,0,2,0,14,1,8,41.80923716,-87.6318671
0,409562,-1,30,0,0,0,1,0,7,2,0,0,0,0,-1,1,-1,20,11,815,-1,-1,-1,-1,-1,-1,2,0,0,0,0,0,3,0,14,1,8,41.8002456,-87.74281052
0,409543,-1,30,0,0,0,1,2,5,-1,0,0,0,1,-1,-1,-1,0,0,1221,-1,-1,-1,-1,-1,-1,1,0,0,0,0,0,1,0,14,1,8,41.89018704,-87.70155715
0,409606,-1,30,0,0,0,1,7,7,2,0,0,0,0,-1,0,1,0,0,1432,-1,-1,-1,-1,-1,-1,2,0,0,0,0,0,1,0,13,1,8,41.92672405,-87.68010808
2,409589,-1,30,0,0,0,1,9,6,1,0,0,0,1,-1,-1,1,0,0,512,-1,-1,-1,-1,-1,-1,2,1,0,0,1,0,1,0,13,1,8,41.70185819,-87.61834915
0,409545,-1,35,1,2,0,1,10,5,2,0,0,0,0,-1,-1,-1,0,0,1014,-1,-1,-1,-1,-1,-1,2,0,0,0,0,0,3,0,13,1,8,41.85210673,-87.72239873
2,409555,-1,30,1,2,0,1,14,3,-1,0,0,0,1,1,-1,-1,23,17,1833,-1,-1,-1,-1,-1,-1,2,1,0,0,1,0,1,0,13,1,8,41.89682805,-87.6172077
0,411918,-1,10,0,0,0,1,7,7,1,0,0,0,0,-1,-1,1,0,0,411,-1,-1,-1,-1,-1,-1,2,0,0,0,0,0,1,0,13,1,8,41.75780566,-87.58626826
0,410405,-1,30,0,0,0,1,12,2,2,0,0,0,0,-1,-1,-1,0,0,1911,-1,-1,-1,-1,-1,-1,2,0,0,0,0,0,4,0,13,1,8,41.96151726,-87.68260241
0,409558,-1,20,0,0,0,1,7,2,2,0,0,-1,0,-1,-1,1,0,20,2413,-1,-1,-1,-1,-1,-1,2,0,0,0,0,0,1,0,13,1,8,41.99745209,-87.69957828
3,419187,-1,35,1,2,0,1,14,12,-1,0,0,0,1,1,-1,-1,17,0,1621,-1,1,-1,-1,-1,-1,2,2,0,1,1,0,0,0,13,1,8,41.99723149,-87.76681826
0,409524,1,30,0,0,0,1,7,7,-1,0,0,0,0,-1,-1,-1,18,-1,2412,-1,-1,-1,-1,-1,-1,2,0,0,0,0,0,1,0,13,1,8,41.99777847,-87.6934855
0,418045,-1,30,0,0,0,1,7,3,-1,0,0,0,0,-1,-1,-1,0,0,123,-1,-1,-1,-1,-1,-1,2,0,0,0,0,0,1,0,13,1,8,41.8679045,-87.62728574
0,409577,-1,30,1,2,0,1,14,3,4,0,0,0,0,-1,-1,-1,17,0,233,-1,-1,-1,-1,-1,-1,2,0,0,0,0,0,4,0,13,1,8,41.7863049,-87.60610095
0,409528,-1,30,0,-1,0,1,7,5,-1,0,-1,-1,0,-1,-1,1,0,0,531,-1,-1,-1,-1,-1,-1,2,0,0,0,0,0,1,0,13,1,8,41.69068754,-87.62087945
0,409500,-1,30,1,2,0,1,14,5,2,0,0,0,1,1,-1,-1,0,0,1215,-1,-1,-1,-1,-1,-1,2,0,0,0,0,0,6,0,13,1,8,41.88538966,-87.66682582
0,409516,-1,30,2,-1,0,1,10,5,1,0,0,-1,0,-1,-1,1,0,0,413,-1,-1,-1,-1,-1,-1,2,0,0,0,0,0,2,0,13,1,8,41.72607131,-87.57194074
0,411576,-1,15,0,0,-1,-1,7,7,-1,0,-1,-1,0,-1,-1,0,11,-1,2413,-1,-1,-1,-1,-1,-1,2,0,0,0,0,0,1,0,13,1,8,41.99680273,-87.68444226
0,411308,-1,30,1,2,0,1,10,5,-1,0,0,0,0,-1,-1,-1,0,0,332,-1,-1,-1,-1,-1,-1,2,0,0,0,0,0,2,0,13,1,8,41.77336841,-87.57663855
0,409703,-1,30,0,0,0,1,7,5,-1,0,0,0,0,-1,-1,1,0,0,2031,-1,-1,-1,-1,-1,-1,2,0,0,0,0,0,1,0,13,1,8,41.97519706,-87.70147956
0,409501,-1,30,0,0,0,1,2,5,-1,0,0,1,1,-1,-1,-1,0,-1,1414,-1,-1,-1,-1,-1,-1,1,0,0,0,0,0,1,0,13,1,8,41.92559667,-87.70151052
2,409484,-1,30,0,0,0,1,2,2,4,0,0,0,1,-1,-1,1,0,-1,2413,-1,-1,-1,-1,-1,-1,1,1,0,0,1,0,0,0,13,1,8,41.99080822,-87.67835803
0,409482,-1,30,3,0,0,1,0,7,-1,0,0,0,0,-1,-1,-1,20,-1,2221,-1,-1,-1,-1,-1,-1,2,0,0,0,0,0,2,0,13,1,8,41.72294122,-87.66286287
0,414815,1,10,0,0,0,1,7,7,2,0,0,0,0,-1,-1,1,0,0,531,-1,-1,-1,-1,-1,-1,2,0,0,0,0,0,1,0,12,1,8,41.68757384,-87.60337936
2,409737,-1,30,-1,-1,0,1,9,-1,-1,0,0,-1,1,-1,-1,-1,0,-1,1631,-1,-1,-1,-1,-1,-1,2,1,0,0,1,0,1,0,12,1,8,41.9377027,-87.83369535
0,411873,-1,25,0,0,0,1,10,5,-1,0,0,0,0,-1,-1,-1,0,0,1934,-1,-1,-1,-1,-1,-1,2,0,0,0,0,0,3,0,12,1,8,41.93733844,-87.64445647
0,409489,-1,0,0,0,0,1,7,7,0,0,0,0,0,-1,-1,1,0,0,2433,-1,-1,-1,-1,-1,-1,2,0,0,0,0,0,1,0,12,1,8,41.99171164,-87.66046662
0,409461,-1,30,0,0,0,1,7,7,-1,0,0,0,0,-1,1,-1,11,-1,2533,-1,-1,-1,-1,-1,-1,2,0,0,0,0,0,1,0,12,1,8,41.90829046,-87.74621937
0,409452,-1,30,0,0,0,1,7,5,2,0,0,0,0,-1,-1,1,20,0,1133,-1,-1,-1,-1,-1,-1,2,0,0,0,0,0,1,0,12,1,8,41.87097738,-87.71385529
0,409440,-1,30,0,0,0,1,0,6,1,0,-1,-1,0,-1,-1,-1,17,17,1924,-1,-1,-1,-1,-1,-1,2,0,0,0,0,0,2,0,12,1,8,41.94457321,-87.65364255
0,409428,1,30,0,0,-1,-1,7,6,1,0,-1,0,0,-1,-1,1,22,16,1712,-1,-1,-1,-1,-1,-1,2,0,0,0,0,0,1,0,12,1,8,41.96932939,-87.73684689
2,409449,-1,30,1,2,0,3,14,12,-1,0,0,0,1,1,-1,-1,6,16,114,-1,-1,-1,-1,-1,-1,3,4,0,0,3,1,1,0,12,1,8,41.88808207,-87.62050117
1,409442,-1,30,0,0,0,1,10,2,2,0,0,1,1,-1,-1,-1,18,-1,1731,-1,-1,-1,-1,-1,-1,2,1,0,0,0,1,1,0,12,1,8,41.94306479,-87.73228399
0,409438,1,30,0,0,0,1,10,5,-1,0,0,0,0,-1,-1,-1,18,-1,2413,-1,-1,-1,-1,-1,-1,2,0,0,0,0,0,2,0,12,1,8,41.99072922,-87.68297945
0,409413,-1,30,0,0,0,1,10,5,2,0,0,0,0,-1,-1,-1,18,0,1411,-1,-1,-1,-1,-1,-1,2,0,0,0,0,0,2,0,12,1,8,41.93733984,-87.70281714
0,409417,-1,30,0,0,0,1,14,12,4,0,0,0,0,-1,-1,-1,17,21,1651,-1,-1,-1,-1,-1,-1,2,0,0,0,0,0,2,0,12,1,8,-1,-1
0,409560,-1,45,0,0,0,1,12,3,4,0,0,0,1,-1,-1,1,0,-1,1824,-1,-1,-1,-1,-1,-1,2,0,0,0,0,0,2,0,12,1,8,41.90246193,-87.6246606
2,409424,-1,30,1,2,0,1,0,12,0,2,0,0,1,1,-1,-1,3,33,124,-1,-1,-1,-1,-1,-1,2,1,0,0,1,0,5,0,12,1,8,41.86980688,-87.64367009
0,416709,-1,30,1,2,0,1,10,2,2,0,0,0,0,-1,-1,-1,18,0,223,-1,-1,-1,-1,-1,-1,2,0,0,0,0,0,2,0,12,1,8,41.80948543,-87.60671082
0,409613,-1,30,0,0,0,1,7,5,-1,0,0,0,0,-1,-1,1,21,-1,815,-1,-1,-1,-1,-1,-1,2,0,0,0,0,0,1,0,12,1,8,41.80588725,-87.72714001
0,409574,-1,30,0,0,0,1,7,5,-1,0,0,0,0,-1,-1,-1,28,0,1034,-1,-1,-1,-1,-1,-1,4,0,0,0,0,0,1,0,12,1,8,41.84605893,-87.68189609
0,409483,1,30,0,0,0,1,2,6,1,0,0,0,0,-1,-1,1,0,-1,813,-1,-1,-1,-1,-1,-1,2,0,0,0,0,0,1,0,12,1,8,41.77504178,-87.75237686
0,409455,-1,25,0,0,0,1,12,6,-1,0,0,1,0,-1,-1,-1,21,-1,321,-1,-1,-1,-1,-1,-1,2,0,0,0,0,0,2,0,12,1,8,41.77319336,-87.60807497
0,409423,-1,30,1,2,0,1,14,5,2,0,0,0,0,1,-1,-1,17,-1,2234,-1,-1,-1,-1,-1,-1,2,0,0,0,0,0,2,0,12,1,8,41.68519006,-87.64227956
0,409416,-1,30,0,0,0,1,14,6,-1,0,0,0,0,-1,-1,-1,23,23,1834,-1,-1,-1,-1,-1,-1,2,0,0,0,0,0,2,0,12,1,8,41.89127929,-87.61410753
0,409406,1,20,0,0,0,1,7,7,-1,0,0,0,0,-1,-1,1,20,0,912,-1,-1,-1,-1,-1,-1,2,0,0,0,0,0,2,0,12,1,8,41.83012507,-87.66570582
0,409355,-1,30,0,0,0,1,7,3,1,0,0,0,0,-1,-1,-1,21,0,631,-1,-1,-1,-1,-1,-1,2,0,0,0,0,0,5,0,11,1,8,41.74772389,-87.60612221
0,409379,-1,30,2,2,0,1,10,5,2,0,0,0,1,1,-1,1,18,-1,412,-1,-1,-1,-1,-1,-1,2,0,0,0,0,0,5,0,11,1,8,41.74158552,-87.58511886
0,409395,-1,30,1,2,0,1,10,2,2,0,0,0,0,-1,-1,-1,0,0,1731,-1,-1,-1,-1,-1,-1,2,0,0,0,0,0,4,0,11,1,8,41.94633227,-87.73915685
0,409384,-1,30,1,3,0,1,14,2,2,0,0,0,1,1,-1,-1,-1,-1,1121,-1,-1,-1,-1,-1,-1,2,0,0,0,0,0,3,0,11,1,8,41.89917749,-87.71170411
2,407393,-1,25,0,0,0,1,3,5,4,0,0,0,1,-1,-1,-1,11,0,1211,-1,-1,-1,-1,-1,-1,2,1,0,0,1,0,2,0,11,1,8,41.90288242,-87.68954863
0,409365,-1,30,1,2,0,1,10,2,-1,0,0,0,0,-1,-1,-1,18,16,331,-1,-1,-1,-1,-1,-1,2,0,0,0,0,0,3,0,11,1,8,41.77465108,-87.57548901
0,409347,-1,25,1,2,0,1,9,6,2,0,0,0,0,1,-1,-1,17,6,121,-1,-1,-1,-1,-1,-1,2,0,0,0,0,0,2,0,11,1,8,41.87670205,-87.64117154
2,410133,-1,30,0,0,0,3,14,2,2,0,0,0,1,0,-1,-1,23,17,411,-1,-1,-1,-1,-1,-1,2,1,0,0,1,0,2,0,11,1,8,41.75681356,-87.5883782
0,409351,-1,35,0,0,0,-1,12,5,2,0,0,0,1,-1,-1,1,-1,-1,1814,-1,-1,-1,-1,-1,-1,2,0,0,0,0,0,2,0,11,1,8,41.92030253,-87.63711812
0,409332,-1,15,0,0,0,1,12,0,1,0,0,-1,0,-1,-1,1,22,0,2032,-1,-1,-1,-1,-1,-1,2,0,0,0,0,0,3,0,11,1,8,41.9699141,-87.6677669
0,409429,-1,25,0,0,0,1,7,5,2,0,0,0,0,-1,-1,1,0,-1,1634,-1,-1,-1,-1,-1,-1,2,0,0,0,0,0,1,0,11,1,8,41.94616224,-87.7521706
0,409369,1,30,0,0,0,-1,7,5,2,0,-1,0,0,-1,-1,1,0,-1,1634,-1,-1,-1,-1,-1,-1,2,0,0,0,0,0,1,0,11,1,8,41.94993856,-87.75228795
0,409354,-1,30,0,0,0,1,12,2,2,0,0,0,0,-1,-1,-1,22,21,234,-1,-1,-1,-1,-1,-1,2,0,0,0,0,0,2,0,10,1,8,41.79676136,-87.58716074
1,409343,-1,30,1,2,0,1,14,5,-1,0,0,0,1,1,-1,-1,0,0,111,-1,-1,-1,-1,-1,-1,2,1,0,0,0,1,1,0,10,1,8,41.88580155,-87.62465977
0,409314,-1,30,0,0,0,1,10,5,2,0,0,0,1,-1,-1,-1,18,18,2411,-1,-1,-1,-1,-1,-1,3,0,0,0,0,0,3,0,10,1,8,42.01164978,-87.68300079
0,409324,-1,20,0,0,0,1,14,5,-1,0,0,0,0,-1,-1,-1,0,22,2011,-1,-1,-1,-1,-1,-1,2,0,0,0,0,0,3,0,10,1,8,41.97704244,-87.6942361
2,409310,-1,30,1,2,0,1,10,5,-1,0,0,0,1,1,-1,1,18,16,2411,-1,-1,-1,-1,-1,-1,2,1,0,0,1,0,1,0,10,1,8,42.01223466,-87.69009968
2,409346,-1,35,1,2,0,1,9,5,2,0,0,0,1,1,-1,1,11,0,632,-1,-1,-1,-1,-1,-1,2,1,0,0,1,0,1,0,10,1,8,41.74387382,-87.60517616
0,409297,-1,0,0,0,0,1,3,6,-1,0,0,0,0,-1,-1,-1,20,11,122,-1,-1,-1,-1,-1,-1,2,0,0,0,0,0,2,0,10,1,8,41.88458627,-87.63101045
0,409291,-1,30,0,0,0,1,7,5,-1,0,0,0,0,-1,-1,-1,0,0,1922,-1,-1,-1,-1,-1,-1,2,0,0,0,0,0,1,0,10,1,8,41.94238547,-87.67071384
2,409266,-1,30,1,2,0,1,14,2,4,0,0,0,1,1,1,-1,17,0,1115,-1,1,-1,-1,-1,-1,2,2,0,0,2,0,0,0,10,1,8,41.88074788,-87.73314974
0,413757,-1,35,0,0,0,1,10,5,-1,0,0,0,0,-1,-1,-1,18,0,2022,-1,-1,-1,0,-1,-1,2,0,0,0,0,0,2,0,10,1,8,41.9846998,-87.6553704
0,409287,-1,25,0,0,-1,-1,7,6,-1,0,-1,0,1,-1,-1,1,0,0,2222,-1,-1,-1,-1,-1,-1,3,0,0,0,0,0,1,0,9,1,8,41.73383927,-87.65464251
0,409248,-1,25,1,2,0,1,10,6,2,0,0,0,0,-1,-1,-1,18,-1,1631,-1,-1,-1,-1,-1,-1,2,0,0,0,0,0,2,0,9,1,8,41.94524488,-87.81692691
0,409230,-1,20,0,0,0,1,7,6,1,0,-1,-1,1,-1,-1,-1,0,0,2412,-1,-1,-1,-1,-1,-1,4,0,0,0,0,0,1,0,9,1,8,42.00144691,-87.69168334
0,409269,-1,30,1,2,0,1,12,5,-1,0,0,0,0,1,1,1,22,-1,1731,-1,-1,-1,-1,-1,-1,2,0,0,0,0,0,2,0,9,1,8,41.94967699,-87.74703975
0,409245,0,30,1,2,0,1,4,6,2,0,0,0,1,-1,-1,-1,12,0,121,-1,-1,-1,-1,-1,-1,1,0,0,0,0,0,1,0,9,1,8,41.88312948,-87.64431213
0,410814,-1,30,0,0,0,1,11,5,-1,0,0,0,0,-1,-1,-1,0,0,2513,-1,-1,-1,-1,-1,-1,2,0,0,0,0,0,2,0,9,1,8,41.91610773,-87.80366719
0,414775,1,20,0,0,0,1,7,5,2,0,0,0,0,-1,-1,1,0,0,431,-1,-1,-1,-1,-1,-1,2,0,0,0,0,0,1,0,9,1,8,41.70936237,-87.56438249
0,409587,-1,30,0,0,0,1,7,6,2,0,0,0,0,-1,-1,-1,22,-1,121,-1,-1,-1,-1,-1,-1,2,0,0,0,0,0,1,0,9,1,8,41.88430945,-87.64502966
0,409247,-1,30,12,0,0,1,7,12,-1,0,0,0,0,-1,-1,1,25,-1,512,-1,-1,-1,-1,-1,-1,2,0,0,0,0,0,1,0,9,1,8,41.70664765,-87.60472293
0,409224,-1,15,2,2,0,1,2,6,1,2,0,0,1,-1,-1,0,0,-1,1124,-1,-1,-1,-1,-1,-1,1,0,0,0,0,0,1,0,9,1,8,41.87744344,-87.69848072
0,409218,-1,30,0,0,0,1,2,7,-1,0,0,0,0,-1,-1,-1,0,0,2413,-1,-1,-1,-1,-1,-1,1,0,0,0,0,0,2,0,9,1,8,41.99072922,-87.68297945
0,412846,-1,30,1,2,0,0,12,5,-1,0,0,0,0,-1,-1,1,0,0,715,-1,-1,-1,-1,-1,-1,2,0,0,0,0,0,2,0,8,1,8,41.79359012,-87.664721