MOST_SEVERE_INJURY,RD_NO,CRASH_DATE_EST_I,POSTED_SPEED_LIMIT,TRAFFIC_CONTROL_DEVICE,DEVICE_CONDITION,WEATHER_CONDITION,LIGHTING_CONDITION,FIRST_CRASH_TYPE,TRAFFICWAY_TYPE,LANE_CNT,ALIGNMENT,ROADWAY_SURFACE_COND,ROAD_DEFECT,CRASH_TYPE,INTERSECTION_RELATED_I,NOT_RIGHT_OF_WAY_I,HIT_AND_RUN_I,PRIM_CONTRIBUTORY_CAUSE,SEC_CONTRIBUTORY_CAUSE,BEAT_OF_OCCURRENCE,PHOTOS_TAKEN_I,STATEMENTS_TAKEN_I,DOORING_I,WORK_ZONE_I,WORK_ZONE_TYPE,WORKERS_PRESENT_I,NUM_UNITS,INJURIES_TOTAL,INJURIES_FATAL,INJURIES_INCAPACITATING,INJURIES_NON_INCAPACITATING,INJURIES_REPORTED_NOT_EVIDENT,INJURIES_NO_INDICATION,INJURIES_UNKNOWN,CRASH_HOUR,CRASH_DAY_OF_WEEK,CRASH_MONTH,LATITUDE,LONGITUDE
0,409583,-1,25,0,0,0,1,10,5,-1,0,0,0,0,-1,-1,-1,0,0,411,-1,-1,-1,-1,-1,-1,2,0,0,0,0,0,2,0,8,1,8,41.7514606,-87.58597199
0,409221,-1,25,0,0,0,1,7,5,-1,0,0,0,0,-1,-1,-1,0,0,331,-1,-1,-1,-1,-1,-1,2,0,0,0,0,0,1,0,8,1,8,41.77665367,-87.57082461
1,409166,-1,0,1,2,0,1,12,2,4,0,0,0,1,1,-1,-1,16,0,331,-1,-1,-1,-1,-1,-1,2,2,0,0,0,2,1,0,8,1,8,41.77576988,-87.57634735
0,409168,-1,30,1,2,0,1,8,5,2,0,0,0,0,1,-1,-1,17,-1,2213,-1,-1,-1,-1,-1,-1,2,0,0,0,0,0,2,0,8,1,8,41.71377132,-87.66907584
2,409157,-1,30,0,0,0,1,10,3,4,0,0,0,1,-1,-1,-1,18,-1,1732,-1,1,-1,-1,-1,-1,2,1,0,0,1,0,1,0,7,1,8,41.95353736,-87.72769519
0,409159,-1,15,0,0,0,1,7,0,-1,0,0,0,1,-1,-1,-1,32,32,613,-1,-1,-1,-1,-1,-1,2,0,0,0,0,0,1,0,7,1,8,41.73783481,-87.65542675
3,409136,-1,35,0,0,0,1,7,5,2,0,0,0,1,-1,-1,-1,15,16,334,1,-1,-1,-1,-1,-1,4,2,0,2,0,0,0,0,7,1,8,41.76003778,-87.56624904
0,409148,-1,30,2,2,0,1,2,5,2,0,0,0,0,1,-1,-1,32,27,1922,-1,-1,-1,-1,-1,-1,1,0,0,0,0,0,1,0,6,1,8,41.9405261,-87.67126473
2,409126,-1,30,0,0,0,1,7,2,4,0,0,0,1,-1,-1,-1,21,-1,122,-1,-1,-1,-1,-1,-1,2,1,0,0,1,0,0,0,6,1,8,41.88704147,-87.63157834
2,409125,1,30,1,2,0,1,9,5,4,0,0,0,1,0,-1,-1,17,11,124,-1,-1,-1,-1,-1,-1,2,1,0,0,1,0,1,0,6,1,8,41.86736269,-87.6392932
0,409968,-1,30,0,0,0,1,7,6,1,0,0,0,0,-1,-1,1,11,0,633,-1,-1,-1,-1,-1,-1,2,0,0,0,0,0,1,0,6,1,8,41.72748934,-87.6044584
3,409122,-1,30,0,0,0,1,14,3,3,0,0,0,1,-1,-1,-1,23,22,1221,-1,-1,-1,-1,-1,-1,2,1,0,1,0,0,1,0,6,1,8,41.8885081,-87.70127293
0,410416,-1,30,0,0,0,3,7,5,-1,0,0,0,0,-1,-1,1,0,0,1034,-1,-1,-1,-1,-1,-1,2,0,0,0,0,0,1,0,5,1,8,41.84943625,-87.68422842
0,409134,-1,20,0,0,0,2,7,6,1,0,0,0,0,-1,-1,1,0,-1,2522,-1,-1,-1,-1,-1,-1,2,0,0,0,0,0,1,0,5,1,8,41.92042071,-87.75034965
0,409084,-1,30,0,0,2,3,7,7,-1,0,0,0,0,-1,-1,-1,0,-1,2212,-1,-1,-1,-1,-1,-1,2,0,0,0,0,0,1,0,5,1,8,41.70464752,-87.6814204
0,411268,1,30,0,0,0,-1,7,6,1,0,0,0,0,-1,-1,1,0,0,422,-1,-1,-1,-1,-1,-1,2,0,0,0,0,0,1,0,5,1,8,41.75032341,-87.55514574
0,417565,-1,30,1,2,0,1,10,5,2,0,0,0,0,-1,-1,-1,18,0,1434,-1,-1,-1,-1,-1,-1,2,0,0,0,0,0,2,0,4,1,8,41.9175446,-87.68278842
0,409066,-1,30,1,2,6,3,10,3,-1,0,0,0,1,1,-1,-1,18,16,433,-1,-1,-1,-1,-1,-1,2,0,0,0,0,0,3,0,4,1,8,41.66605467,-87.5394555
0,409110,-1,20,0,0,0,3,7,6,1,0,0,0,1,-1,-1,1,8,14,1111,-1,-1,-1,-1,-1,-1,2,0,0,0,0,0,1,0,4,1,8,41.89995265,-87.73157345
0,409061,-1,30,0,0,0,3,7,2,2,0,0,0,1,-1,-1,-1,16,33,1924,-1,-1,-1,-1,-1,-1,2,0,0,0,0,0,1,0,4,1,8,41.93997403,-87.65718931
3,409054,-1,30,1,2,0,3,10,5,-1,0,0,0,1,1,-1,-1,16,27,1723,-1,-1,-1,-1,-1,-1,2,2,0,1,0,1,0,0,4,1,8,41.95721158,-87.72757359
0,409058,-1,15,0,0,0,3,7,5,-1,0,0,0,1,-1,-1,1,0,-1,1611,-1,-1,-1,-1,-1,-1,3,0,0,0,0,0,3,0,4,1,8,42.00411851,-87.81323506
0,409454,1,25,0,0,-1,-1,7,5,-1,0,0,0,0,-1,-1,1,0,-1,1113,-1,-1,-1,-1,-1,-1,2,0,0,0,0,0,1,0,4,1,8,41.87818973,-87.74199092
0,409409,1,15,0,0,-1,-1,2,0,-1,0,-1,-1,0,-1,1,1,0,0,1122,-1,-1,-1,-1,-1,-1,1,0,0,0,0,0,1,0,4,1,8,41.8775278,-87.72078455
0,409106,-1,30,0,1,0,3,10,8,-1,2,0,0,1,-1,-1,1,-1,-1,1133,-1,-1,-1,-1,-1,-1,3,0,0,0,0,0,3,0,4,1,8,41.87357748,-87.7224328
0,409071,0,30,0,0,0,3,2,2,4,0,0,0,1,-1,-1,-1,0,-1,2521,-1,-1,-1,-1,-1,-1,1,0,0,0,0,0,1,0,4,1,8,41.92424942,-87.75380822
1,409036,-1,30,0,0,0,3,3,5,2,0,0,0,1,-1,-1,-1,0,21,1032,-1,-1,-1,-1,-1,-1,2,1,0,0,0,1,1,0,3,1,8,41.84346296,-87.7051564
0,409056,-1,30,0,0,0,3,2,5,2,0,0,0,1,-1,-1,1,0,0,1912,-1,-1,-1,-1,-1,-1,2,0,0,0,0,0,2,0,3,1,8,41.9650428,-87.67527322
2,409008,-1,30,0,0,0,2,3,5,-1,0,0,0,1,-1,-1,1,21,4,611,-1,-1,-1,-1,-1,-1,2,1,0,0,1,0,1,0,3,1,8,41.75425037,-87.67310311
0,409637,-1,30,0,0,0,3,7,5,-1,0,0,0,0,-1,-1,1,0,-1,2525,-1,-1,-1,-1,-1,-1,3,0,0,0,0,0,1,0,3,1,8,41.92163589,-87.71705061
2,409024,-1,30,1,2,0,3,9,6,2,0,12,1,1,1,-1,-1,17,28,1533,-1,-1,-1,-1,-1,-1,2,1,0,0,1,0,2,0,3,1,8,41.87218093,-87.74498443
0,409018,-1,30,1,2,0,3,14,5,4,0,0,0,0,1,-1,-1,14,17,1133,-1,-1,-1,-1,-1,-1,2,0,0,0,0,0,2,0,3,1,8,41.87358175,-87.71092787
1,409014,-1,20,0,0,0,3,7,12,-1,0,0,0,1,-1,-1,-1,14,-1,1611,-1,-1,-1,-1,-1,-1,4,1,0,0,0,1,0,0,3,1,8,42.00892925,-87.81241318
0,409048,-1,30,0,0,0,3,7,2,2,0,0,0,1,-1,-1,1,0,-1,2515,-1,-1,-1,-1,-1,-1,3,0,0,0,0,0,1,0,3,1,8,41.92259808,-87.7562474
0,409017,-1,25,0,0,0,0,3,2,-1,0,0,12,1,-1,-1,-1,16,0,1122,-1,-1,-1,-1,-1,-1,2,0,0,0,0,0,2,0,3,1,8,41.88999401,-87.72118582
0,408999,-1,30,0,0,0,3,7,5,2,0,0,0,1,-1,-1,-1,21,0,1713,-1,-1,-1,-1,-1,-1,2,0,0,0,0,0,1,0,3,1,8,41.96498544,-87.70851176
2,408996,-1,30,1,2,0,3,0,2,2,0,0,0,1,1,-1,1,6,-1,1133,-1,-1,-1,-1,-1,-1,2,1,0,0,1,0,2,0,3,1,8,41.87351722,-87.71090159
2,408997,-1,35,0,2,0,3,12,5,2,0,0,0,1,-1,-1,-1,17,23,1733,0,0,-1,-1,-1,-1,2,2,0,0,2,0,1,0,3,1,8,41.93947999,-87.70089107
0,410605,-1,35,0,0,0,3,7,2,-1,0,0,0,0,-1,-1,-1,0,-1,1922,-1,-1,-1,-1,-1,-1,2,0,0,0,0,0,1,0,3,1,8,41.94701271,-87.67543833
0,409337,-1,30,0,0,0,1,7,2,-1,0,0,1,0,-1,-1,1,0,0,223,-1,-1,-1,-1,-1,-1,3,0,0,0,0,0,1,0,3,1,8,41.80702175,-87.61637992
0,409108,-1,30,1,2,0,3,3,2,2,0,0,0,1,1,-1,-1,27,0,1411,-1,-1,-1,-1,-1,-1,2,0,0,0,0,0,2,0,3,1,8,41.9322054,-87.69767924
0,409011,-1,20,0,0,1,3,7,6,-1,0,0,0,0,-1,-1,-1,12,12,1024,-1,-1,-1,-1,-1,-1,2,0,0,0,0,0,1,0,3,1,8,41.85557868,-87.71111129
0,408983,-1,30,0,2,0,3,2,5,2,0,0,0,1,1,-1,-1,2,-1,1214,-1,-1,-1,-1,-1,-1,1,0,0,0,0,0,1,0,2,1,8,41.88916857,-87.64138583
0,408982,-1,30,0,12,0,3,7,5,-1,0,-1,-1,0,-1,-1,-1,0,-1,1934,-1,-1,-1,-1,-1,-1,2,0,0,0,0,0,1,0,2,1,8,41.93992457,-87.6448824
0,408970,-1,30,1,2,0,3,14,1,4,0,0,0,0,-1,-1,1,0,-1,522,1,-1,-1,-1,-1,-1,2,0,0,0,0,0,2,0,2,1,8,41.69248223,-87.62805406
0,409005,0,30,0,0,0,3,14,5,4,0,0,0,1,-1,-1,1,23,-1,1113,-1,-1,-1,-1,-1,-1,2,0,0,0,0,0,2,0,2,1,8,41.88088244,-87.74024093
2,409010,-1,30,0,0,0,3,9,5,-1,0,0,0,1,-1,-1,1,0,0,823,-1,1,-1,-1,-1,-1,2,1,0,0,1,0,1,0,2,1,8,41.78209814,-87.70307837
0,408990,-1,30,1,2,0,3,10,5,-1,0,0,0,0,-1,-1,1,0,-1,1822,-1,-1,-1,-1,-1,-1,2,0,0,0,0,0,2,0,2,1,8,41.90362312,-87.65704687
0,408985,-1,25,0,0,0,0,7,6,-1,0,1,0,0,-1,-1,1,25,0,822,-1,-1,-1,-1,-1,-1,2,0,0,0,0,0,1,0,2,1,8,41.79885689,-87.70723828
-1,408975,-1,30,1,2,0,3,12,2,4,0,-1,-1,0,-1,-1,1,0,0,1431,1,-1,-1,-1,-1,-1,-1,-1,-1,-1,-1,-1,-1,-1,2,1,8,41.92496415,-87.69254535
0,408969,-1,30,0,0,0,3,7,6,1,0,0,-1,1,-1,-1,1,32,32,1024,-1,-1,-1,-1,-1,-1,3,0,0,0,0,0,1,0,2,1,8,41.84836488,-87.71261068
0,410152,-1,20,0,0,0,3,10,2,2,0,0,0,0,-1,-1,1,4,18,822,-1,-1,-1,-1,-1,-1,2,0,0,0,0,0,2,0,2,1,8,41.79800236,-87.7111724
0,408963,-1,30,0,0,0,3,7,5,-1,0,0,0,1,-1,-1,-1,8,-1,922,-1,-1,-1,-1,-1,-1,2,0,0,0,0,0,1,0,2,1,8,41.81176762,-87.69416335
0,409074,-1,30,0,0,0,3,7,6,1,0,0,0,1,-1,-1,1,0,0,1431,-1,-1,-1,-1,-1,-1,3,0,0,0,0,0,1,0,1,1,8,41.92276473,-87.68947932
0,408936,-1,30,1,2,0,3,7,2,2,0,0,0,0,1,-1,-1,12,0,1611,-1,-1,-1,-1,-1,-1,2,0,0,0,0,0,1,0,1,1,8,41.99790331,-87.80810144
0,408950,-1,30,1,2,0,3,10,2,4,0,0,0,0,-1,-1,1,0,0,2525,-1,-1,-1,-1,-1,-1,2,0,0,0,0,0,4,0,1,1,8,41.91727507,-87.72662275
0,408942,-1,30,0,0,0,3,12,2,2,0,-1,-1,0,-1,-1,1,21,25,1133,-1,-1,-1,-1,-1,-1,2,0,0,0,0,0,4,0,1,1,8,41.8686755,-87.71076382
0,408923,-1,30,0,0,2,3,7,5,2,0,1,0,1,-1,-1,1,14,15,421,-1,-1,-1,-1,-1,-1,3,0,0,0,0,0,4,0,1,1,8,41.75712637,-87.56284492
0,409116,1,20,0,0,0,0,2,0,-1,0,0,0,0,-1,1,1,0,-1,1023,-1,-1,-1,-1,-1,-1,1,0,0,0,0,0,1,0,1,1,8,41.85454944,-87.6967441
0,408972,-1,30,1,2,2,3,10,6,-1,0,1,-1,0,-1,-1,-1,18,16,511,-1,-1,-1,-1,-1,-1,2,0,0,0,0,0,2,0,0,1,8,41.71242201,-87.61406725
0,409270,-1,30,2,2,0,3,14,2,2,0,0,0,1,1,-1,-1,17,0,2512,-1,-1,-1,-1,-1,-1,2,0,0,0,0,0,2,0,0,1,8,41.91994701,-87.7854765
2,408913,-1,30,0,0,0,3,4,2,2,0,0,12,1,-1,-1,-1,0,-1,1623,-1,-1,-1,-1,-1,-1,1,1,0,0,1,0,0,0,0,1,8,41.96082121,-87.74830671
0,414192,-1,30,0,0,0,3,7,5,2,0,0,0,0,-1,-1,-1,0,0,1024,-1,-1,-1,-1,-1,-1,2,0,0,0,0,0,2,0,0,1,8,41.85347654,-87.7103229
0,408901,-1,30,0,0,0,3,10,5,2,0,0,0,1,-1,-1,1,0,0,424,-1,-1,-1,-1,-1,-1,2,0,0,0,0,0,2,0,0,1,8,41.72611759,-87.55052912
0,408890,-1,30,1,2,0,3,12,5,2,0,0,0,0,-1,-1,-1,21,-1,1832,-1,-1,-1,-1,-1,-1,2,0,0,0,0,0,2,0,0,1,8,41.89671408,-87.63350319
2,408891,-1,30,0,0,0,3,2,6,2,0,0,0,1,-1,-1,-1,8,-1,934,-1,-1,-1,-1,-1,-1,1,1,0,0,1,0,0,0,0,1,8,41.79417513,-87.66249462
0,408895,-1,30,2,2,2,3,0,5,2,0,1,0,0,1,-1,-1,0,0,624,-1,1,-1,-1,-1,-1,2,0,0,0,0,0,2,0,0,1,8,41.75462032,-87.61488941
0,408887,-1,30,1,2,2,3,14,2,4,0,1,0,1,-1,-1,-1,14,0,832,-1,-1,-1,-1,-1,-1,2,0,0,0,0,0,3,0,0,1,8,41.77188841,-87.6832952
0,409573,1,20,0,0,-1,-1,7,7,1,0,0,0,0,-1,-1,1,0,0,114,-1,-1,-1,-1,-1,-1,3,0,0,0,0,0,1,0,0,1,8,41.88631251,-87.62054177
3,408925,1,35,0,0,0,-1,10,6,2,0,-1,-1,1,0,-1,1,0,-1,1132,-1,-1,-1,-1,-1,-1,2,1,0,1,0,0,1,0,0,1,8,41.87450021,-87.72320857
0,408881,-1,30,0,0,0,3,7,6,-1,0,0,12,1,-1,-1,-1,16,16,915,-1,-1,-1,-1,-1,-1,3,0,0,0,0,0,1,0,23,7,8,41.82972034,-87.64947242
2,409067,-1,25,6,2,6,2,10,5,-1,0,-1,-1,1,-1,-1,1,18,-1,432,-1,-1,-1,-1,-1,-1,2,1,0,0,1,0,2,0,23,7,8,41.72423392,-87.53742789
0,408897,-1,30,1,-1,0,3,10,5,-1,0,0,0,0,-1,-1,1,18,0,912,-1,-1,-1,-1,-1,-1,2,0,0,0,0,0,3,0,23,7,8,41.83050933,-87.65580769
0,408872,-1,30,2,2,0,3,10,5,2,0,0,0,0,-1,-1,1,14,16,312,-1,-1,-1,-1,-1,-1,2,0,0,0,0,0,4,0,23,7,8,41.77469346,-87.61563682
2,408853,-1,30,0,12,0,3,7,2,4,0,0,-1,1,-1,-1,-1,0,0,1012,-1,-1,-1,-1,-1,-1,5,1,0,0,1,0,3,0,23,7,8,41.85162015,-87.72722681
2,408855,-1,30,0,-1,0,3,8,5,-1,0,-1,-1,1,-1,-1,-1,0,-1,1923,-1,-1,1,-1,-1,-1,2,1,0,0,1,0,0,0,23,7,8,41.95016849,-87.65907862
0,408843,-1,30,-1,-1,0,3,14,5,2,0,0,0,0,1,-1,1,0,-1,1112,-1,-1,-1,-1,-1,-1,2,0,0,0,0,0,5,0,23,7,8,41.89912329,-87.72512059
0,408898,-1,35,0,0,0,3,14,5,-1,0,0,0,1,-1,-1,-1,23,0,624,-1,-1,-1,-1,-1,-1,2,0,0,0,0,0,2,0,23,7,8,41.75815927,-87.60552438
0,408867,-1,25,0,0,0,3,7,5,2,0,0,0,0,-1,-1,-1,20,0,2211,-1,-1,-1,-1,-1,-1,2,0,0,0,0,0,1,0,23,7,8,41.6938306,-87.71937666
0,408856,-1,30,1,2,2,3,14,3,4,0,1,0,0,-1,-1,-1,14,17,412,-1,-1,-1,-1,-1,-1,2,0,0,0,0,0,2,0,23,7,8,41.73682263,-87.58578342
1,408841,-1,30,1,2,2,3,10,3,2,0,1,0,1,1,-1,1,34,-1,312,-1,-1,-1,-1,-1,-1,3,2,0,0,0,2,4,0,23,7,8,41.77994815,-87.62542709
0,408864,-1,20,0,0,2,3,7,5,2,0,1,0,0,-1,-1,-1,0,0,822,0,-1,-1,-1,-1,-1,2,0,0,0,0,0,1,0,23,7,8,41.79331037,-87.70982493
0,417414,-1,30,0,0,0,0,7,-1,1,0,0,0,0,-1,-1,1,20,-1,412,-1,-1,-1,-1,-1,-1,2,0,0,0,0,0,1,0,23,7,8,41.73470702,-87.59735992
0,409231,-1,30,0,0,0,0,10,3,1,0,0,0,0,-1,-1,1,18,-1,122,-1,-1,-1,-1,-1,-1,2,0,0,0,0,0,2,0,23,7,8,41.88055661,-87.63716859
0,408834,-1,30,0,0,0,3,7,7,-1,0,0,0,0,-1,-1,1,0,0,2234,-1,-1,-1,-1,-1,-1,2,0,0,0,0,0,1,0,23,7,8,41.68493757,-87.6611226
2,408857,-1,30,0,0,0,0,7,5,-1,0,0,0,1,-1,-1,-1,32,-1,214,-1,-1,-1,-1,-1,-1,2,1,0,0,1,0,1,0,23,7,8,41.81681737,-87.61280066
0,408821,-1,30,2,2,2,3,0,12,1,0,1,0,0,1,-1,1,5,0,322,-1,-1,-1,-1,-1,-1,2,0,0,0,0,0,5,0,23,7,8,41.76734141,-87.62030721
0,408827,-1,30,1,2,0,3,0,6,-1,0,0,0,0,-1,-1,-1,0,-1,1224,-1,-1,-1,-1,-1,-1,2,0,0,0,0,0,2,0,23,7,8,41.88318717,-87.66699246
0,408811,-1,35,-1,-1,-1,-1,10,5,-1,0,0,-1,0,-1,-1,-1,11,0,2512,-1,-1,-1,-1,-1,-1,2,0,0,0,0,0,3,0,22,7,8,41.92378619,-87.78556721
0,408861,-1,35,1,2,0,0,12,6,4,0,0,0,0,-1,-1,1,22,-1,1133,-1,-1,-1,-1,-1,-1,2,0,0,0,0,0,2,0,22,7,8,41.87455188,-87.72045366
0,408806,-1,30,-1,-1,0,3,14,2,-1,0,0,-1,0,-1,-1,-1,-1,-1,1934,-1,-1,-1,-1,-1,-1,2,0,0,0,0,0,2,0,22,7,8,41.93291622,-87.64460351
0,410631,-1,30,1,2,0,0,10,2,-1,0,0,0,0,-1,-1,-1,16,0,411,-1,-1,-1,-1,-1,-1,3,0,0,0,0,0,3,0,22,7,8,41.75184531,-87.58614824
0,409331,-1,30,0,0,0,3,2,3,2,0,0,4,0,-1,-1,-1,13,-1,1132,-1,-1,-1,-1,-1,-1,1,0,0,0,0,0,1,0,22,7,8,41.86841103,-87.73240586
0,409433,-1,35,2,0,2,1,0,2,-1,0,1,0,0,-1,-1,-1,9,-1,832,-1,-1,-1,-1,-1,-1,2,0,0,0,0,0,2,0,22,7,8,41.76484514,-87.68064468
0,408817,-1,30,0,0,0,3,7,12,-1,0,0,0,1,-1,1,1,25,14,1223,1,-1,-1,-1,-1,-1,2,0,0,0,0,0,2,0,22,7,8,41.88165607,-87.68411525
0,409898,-1,30,2,2,0,3,10,5,-1,0,0,0,0,1,-1,-1,18,0,1934,-1,-1,-1,-1,-1,-1,2,0,0,0,0,0,2,0,22,7,8,41.93644258,-87.64766488
0,433767,-1,10,0,0,0,0,7,7,-1,0,-1,-1,0,-1,1,-1,0,-1,1023,-1,-1,-1,-1,-1,-1,2,0,0,0,0,0,1,0,22,7,8,41.8612104,-87.68603237
0,409262,-1,25,0,0,0,3,7,12,-1,0,0,0,0,-1,-1,-1,20,-1,1915,-1,-1,-1,-1,-1,-1,2,0,0,0,0,0,1,0,22,7,8,41.95798236,-87.64826499
0,408756,-1,25,1,2,0,0,0,5,2,0,0,0,1,-1,-1,1,14,21,1111,-1,-1,-1,-1,-1,-1,2,0,0,0,0,0,5,0,22,7,8,41.88778477,-87.7260156
0,412080,-1,30,0,0,0,0,14,2,-1,0,0,0,0,1,-1,-1,17,17,815,-1,-1,-1,-1,-1,-1,2,0,0,0,0,0,5,0,21,7,8,41.79987788,-87.73942146
0,408771,-1,30,0,0,0,0,12,6,4,0,0,0,0,-1,-1,-1,21,-1,131,-1,-1,-1,-1,-1,-1,2,0,0,0,0,0,4,0,21,7,8,41.8529861,-87.63018127
1,408752,-1,30,0,0,0,4,10,5,-1,0,0,0,1,-1,-1,1,18,0,532,-1,-1,-1,-1,-1,-1,2,1,0,0,0,1,3,0,21,7,8,41.68537827,-87.61254416
0,408781,-1,30,0,0,0,3,12,6,2,0,0,0,0,-1,-1,-1,0,-1,2222,-1,-1,-1,-1,-1,-1,2,0,0,0,0,0,2,0,21,7,8,41.72337987,-87.65650159
0,412160,-1,35,0,0,0,3,12,5,-1,0,0,0,0,-1,-1,-1,0,0,815,-1,-1,-1,-1,-1,-1,2,0,0,0,0,0,2,0,21,7,8,41.79936348,-87.73934924
0,411233,-1,35,1,2,0,0,4,3,-1,0,0,0,0,-1,-1,0,0,0,411,-1,-1,-1,-1,-1,-1,1,0,0,0,0,0,1,0,21,7,8,41.75144291,-87.58550589
0,409713,-1,30,0,0,0,3,7,6,1,0,0,0,0,-1,-1,-1,0,-1,2223,-1,-1,-1,-1,-1,-1,2,0,0,0,0,0,1,0,21,7,8,41.71540234,-87.64655522
0,408777,-1,30,0,0,0,3,12,6,1,0,0,0,0,-1,-1,-1,0,-1,2222,-1,-1,-1,-1,-1,-1,2,0,0,0,0,0,2,0,21,7,8,41.72399911,-87.65680949
0,408769,-1,30,0,0,0,3,7,5,2,0,0,0,0,-1,-1,-1,23,-1,2432,-1,-1,-1,-1,-1,-1,2,0,0,0,0,0,1,0,21,7,8,42.00496626,-87.66348204
0,409519,1,25,1,2,0,3,7,6,1,0,0,0,0,-1,-1,1,15,6,1431,1,1,-1,-1,-1,-1,2,0,0,0,0,0,1,0,21,7,8,41.92263061,-87.68947505
1,408802,-1,30,1,2,0,3,10,6,1,0,0,0,1,1,-1,1,0,0,1834,-1,-1,-1,-1,-1,-1,2,1,0,0,0,1,1,0,21,7,8,41.89499061,-87.6278292
0,408739,-1,0,0,0,0,0,7,7,-1,0,0,0,0,-1,1,-1,0,0,834,-1,-1,-1,-1,-1,-1,2,0,0,0,0,0,1,0,21,7,8,41.73696532,-87.72165212
0,408718,-1,30,0,0,0,3,7,5,2,0,0,0,0,-1,-1,1,11,0,1824,-1,-1,-1,-1,-1,-1,2,0,0,0,0,0,1,0,21,7,8,41.90423304,-87.63014207
0,408737,-1,30,1,2,0,3,12,5,-1,0,0,0,0,-1,-1,1,0,0,633,-1,-1,-1,-1,-1,-1,2,0,0,0,0,0,2,0,20,7,8,41.72215465,-87.60460135
3,408709,-1,35,1,2,0,3,9,5,-1,0,0,0,1,1,-1,-1,17,0,923,-1,-1,-1,-1,-1,-1,2,1,0,1,0,0,2,0,20,7,8,41.8012343,-87.68437373
0,408726,-1,30,0,0,0,3,7,5,2,0,0,0,1,-1,-1,-1,27,0,834,-1,-1,-1,-1,-1,-1,4,0,0,0,0,0,1,0,20,7,8,41.75115344,-87.73800412
0,408715,-1,25,0,0,0,3,7,6,1,0,0,0,0,-1,-1,-1,21,22,611,-1,-1,-1,-1,-1,-1,2,0,0,0,0,0,4,0,20,7,8,41.74680302,-87.66487325
2,408697,-1,30,0,0,0,3,10,2,6,0,0,0,1,1,-1,-1,18,14,432,-1,-1,-1,-1,-1,-1,2,2,0,0,2,0,3,0,20,7,8,41.70836607,-87.53033346
0,408773,-1,30,0,0,0,3,7,8,2,0,0,0,0,-1,-1,-1,0,-1,1833,-1,-1,-1,-1,-1,-1,2,0,0,0,0,0,2,0,20,7,8,41.90009663,-87.62535934
0,408729,-1,30,0,0,0,3,10,5,-1,0,0,0,0,-1,-1,-1,0,-1,411,-1,-1,-1,-1,-1,-1,2,0,0,0,0,0,3,0,20,7,8,41.7514606,-87.58597199
0,408706,-1,30,1,2,0,3,10,5,2,0,0,0,0,1,-1,-1,16,-1,1831,-1,-1,-1,-1,-1,-1,2,0,0,0,0,0,2,0,20,7,8,41.88992611,-87.62994364
0,408703,-1,30,0,0,0,3,10,5,2,0,0,0,1,-1,-1,-1,18,0,1632,-1,-1,-1,-1,-1,-1,3,0,0,0,0,0,4,0,20,7,8,41.93899176,-87.80663513
0,408688,-1,30,0,0,0,1,12,5,2,0,0,0,0,-1,-1,-1,22,-1,815,-1,-1,-1,-1,-1,-1,2,0,0,0,0,0,2,0,20,7,8,41.80243841,-87.72791845
1,408708,1,30,1,2,0,3,0,5,2,0,0,0,1,1,-1,-1,0,0,712,-1,-1,-1,-1,-1,-1,2,2,0,0,0,2,1,0,20,7,8,41.7868632,-87.64997215
0,408692,-1,30,0,0,0,3,12,5,2,0,0,0,0,-1,-1,1,21,11,831,-1,-1,-1,-1,-1,-1,2,0,0,0,0,0,2,0,20,7,8,41.76464834,-87.6930936
0,411386,-1,30,0,0,0,4,7,6,-1,0,0,0,0,-1,-1,-1,-1,-1,811,-1,-1,-1,-1,-1,-1,2,0,0,0,0,0,1,0,20,7,8,41.79765706,-87.76474319
0,408675,-1,30,1,2,0,4,3,2,4,0,0,0,1,1,-1,-1,21,0,2212,-1,-1,-1,-1,-1,-1,2,0,0,0,0,0,3,0,19,7,8,41.69163425,-87.6874445
0,409144,-1,30,0,0,0,1,12,5,4,0,0,0,0,-1,-1,-1,0,0,121,-1,-1,-1,-1,-1,-1,2,0,0,0,0,0,2,0,19,7,8,41.8856102,-87.63980201
0,408640,-1,30,2,2,0,3,2,2,2,0,0,0,0,0,-1,-1,16,-1,512,-1,-1,-1,-1,-1,-1,1,0,0,0,0,0,1,0,19,7,8,41.70005259,-87.61838687
3,408639,-1,30,0,0,0,3,5,5,-1,0,0,-1,1,-1,-1,-1,0,-1,1935,-1,-1,-1,-1,-1,-1,1,1,0,1,0,0,0,0,19,7,8,41.93254167,-87.6531195
0,408719,-1,25,0,0,-1,2,7,6,-1,0,-1,-1,0,-1,-1,1,0,0,2523,-1,-1,-1,-1,-1,-1,2,0,0,0,0,0,1,0,19,7,8,41.93235198,-87.72564479
0,408713,-1,5,0,0,0,1,7,12,-1,0,0,0,0,-1,1,-1,0,-1,1131,-1,-1,-1,-1,-1,-1,2,0,0,0,0,0,1,0,19,7,8,41.8743399,-87.73536536
2,408647,-1,40,2,3,0,2,14,3,4,0,0,0,1,1,-1,-1,16,16,434,-1,-1,-1,-1,-1,-1,2,1,0,0,1,0,4,0,19,7,8,41.65907608,-87.5593648
0,408645,-1,25,0,0,0,3,14,5,2,0,0,0,0,-1,-1,-1,17,11,833,-1,-1,-1,-1,-1,-1,2,0,0,0,0,0,2,0,19,7,8,41.76953079,-87.73325353
0,408619,-1,30,0,0,0,1,3,5,2,0,0,0,0,-1,-1,-1,10,10,232,-1,-1,-1,-1,-1,-1,2,0,0,0,0,0,3,0,19,7,8,41.78852751,-87.62569165