MOST_SEVERE_INJURY,RD_NO,CRASH_DATE_EST_I,POSTED_SPEED_LIMIT,TRAFFIC_CONTROL_DEVICE,DEVICE_CONDITION,WEATHER_CONDITION,LIGHTING_CONDITION,FIRST_CRASH_TYPE,TRAFFICWAY_TYPE,LANE_CNT,ALIGNMENT,ROADWAY_SURFACE_COND,ROAD_DEFECT,CRASH_TYPE,INTERSECTION_RELATED_I,NOT_RIGHT_OF_WAY_I,HIT_AND_RUN_I,PRIM_CONTRIBUTORY_CAUSE,SEC_CONTRIBUTORY_CAUSE,BEAT_OF_OCCURRENCE,PHOTOS_TAKEN_I,STATEMENTS_TAKEN_I,DOORING_I,WORK_ZONE_I,WORK_ZONE_TYPE,WORKERS_PRESENT_I,NUM_UNITS,INJURIES_TOTAL,INJURIES_FATAL,INJURIES_INCAPACITATING,INJURIES_NON_INCAPACITATING,INJURIES_REPORTED_NOT_EVIDENT,INJURIES_NO_INDICATION,INJURIES_UNKNOWN,CRASH_HOUR,CRASH_DAY_OF_WEEK,CRASH_MONTH,LATITUDE,LONGITUDE
0,408627,-1,30,0,0,0,4,12,5,4,0,0,0,0,-1,-1,1,22,21,1831,-1,-1,-1,-1,-1,-1,3,0,0,0,0,0,3,0,19,7,8,41.89017092,-87.62824385
0,408620,-1,30,0,0,0,1,12,5,-1,0,0,0,0,-1,-1,-1,17,-1,1234,-1,-1,-1,-1,-1,-1,2,0,0,0,0,0,2,0,19,7,8,41.85582722,-87.66815174
0,415558,-1,30,0,0,0,1,12,5,-1,0,0,0,0,-1,-1,-1,20,-1,815,-1,-1,-1,-1,-1,-1,1,0,0,0,0,0,1,0,19,7,8,41.80405878,-87.72852027
0,408626,-1,30,2,2,0,1,10,5,2,0,0,0,0,-1,-1,-1,0,-1,1232,-1,-1,-1,-1,-1,-1,2,0,0,0,0,0,2,0,19,7,8,41.87907695,-87.64830212
0,408595,-1,30,0,0,0,1,0,5,-1,0,0,0,1,-1,-1,-1,0,17,414,-1,-1,-1,-1,-1,-1,2,0,0,0,0,0,2,0,19,7,8,41.74933329,-87.5827846
0,408588,-1,0,0,0,0,2,14,7,-1,0,0,0,0,-1,-1,-1,0,0,222,-1,-1,-1,-1,-1,-1,2,0,0,0,0,0,4,0,19,7,8,41.80977273,-87.59496089
0,412005,-1,30,1,2,0,1,10,5,4,0,0,0,0,1,-1,-1,16,0,1231,-1,-1,-1,-1,-1,-1,2,0,0,0,0,0,2,0,19,7,8,41.86710548,-87.65674501
0,408575,-1,30,0,0,0,4,0,7,-1,0,0,0,0,-1,-1,-1,20,-1,813,-1,-1,-1,-1,-1,-1,2,0,0,0,0,0,2,0,19,7,8,41.78577183,-87.73044761
0,421836,-1,30,1,-1,-1,-1,12,5,-1,0,-1,-1,0,-1,-1,1,22,-1,2413,-1,-1,-1,-1,-1,-1,2,0,0,0,0,0,2,0,18,7,8,41.99058604,-87.68982247
0,408648,-1,30,2,2,0,3,10,5,-1,0,0,0,0,-1,-1,1,0,0,1935,-1,-1,-1,-1,-1,-1,2,0,0,0,0,0,3,0,18,7,8,41.92560492,-87.646219
0,408662,-1,30,0,0,0,3,12,6,6,0,0,0,0,-1,-1,1,22,0,623,-1,-1,-1,-1,-1,-1,2,0,0,0,0,0,2,0,18,7,8,41.75640309,-87.62457652
0,408562,-1,30,0,0,0,1,12,5,2,0,0,0,0,-1,-1,-1,23,-1,1235,-1,-1,-1,-1,-1,-1,2,0,0,0,0,0,4,0,18,7,8,41.85808707,-87.65500879
0,408634,-1,30,0,0,0,1,12,6,4,0,0,0,0,-1,-1,1,21,16,1824,-1,-1,-1,-1,-1,-1,2,0,0,0,0,0,2,0,18,7,8,41.90090767,-87.6240265
0,408585,-1,30,0,0,0,1,12,5,-1,0,0,0,0,-1,-1,-1,0,0,1831,-1,-1,-1,-1,-1,-1,2,0,0,0,0,0,2,0,18,7,8,41.89409747,-87.63421155
0,408569,-1,30,0,0,0,4,9,12,1,0,0,0,0,-1,-1,-1,0,0,634,-1,-1,-1,-1,-1,-1,2,0,0,0,0,0,2,0,18,7,8,41.73616177,-87.62541619
0,408624,-1,30,0,0,0,1,12,5,2,0,0,0,0,-1,-1,-1,0,0,1834,-1,-1,-1,-1,-1,-1,2,0,0,0,0,0,2,0,18,7,8,41.89164444,-87.62686354
0,408544,-1,30,2,2,0,1,10,5,2,0,0,0,1,-1,-1,-1,18,-1,423,-1,-1,-1,-1,-1,-1,2,0,0,0,0,0,2,0,18,7,8,41.72463678,-87.56091735
0,411077,-1,30,0,0,0,1,7,6,-1,0,0,0,0,-1,-1,1,14,0,414,-1,-1,-1,-1,-1,-1,2,0,0,0,0,0,1,0,18,7,8,41.75081032,-87.5782609
0,410447,-1,30,-1,-1,0,3,7,2,-1,0,0,0,0,-1,-1,1,0,0,833,-1,-1,-1,-1,-1,-1,2,0,0,0,0,0,1,0,18,7,8,41.76400775,-87.72249911
0,408531,-1,30,0,0,0,1,14,5,2,0,0,0,0,-1,-1,-1,22,16,1112,-1,-1,-1,-1,-1,-1,2,0,0,0,0,0,2,0,18,7,8,41.89979454,-87.72607187
2,408555,-1,30,2,2,0,1,8,5,4,0,0,0,1,1,-1,-1,10,-1,914,-1,-1,-1,-1,-1,-1,2,1,0,0,1,0,2,0,18,7,8,41.84532317,-87.64295995
3,408380,1,30,1,2,0,1,14,3,4,0,0,0,1,1,-1,-1,17,17,211,-1,-1,-1,-1,-1,-1,2,2,0,1,0,1,1,0,18,7,8,41.83832694,-87.61761266
0,408536,-1,15,0,0,0,1,14,0,1,0,0,0,0,1,-1,-1,0,0,2412,-1,-1,-1,-1,-1,-1,2,0,0,0,0,0,2,0,18,7,8,41.99757158,-87.70525263
0,408523,-1,20,0,0,0,1,0,6,1,0,0,0,0,-1,-1,1,25,25,822,-1,-1,-1,-1,-1,-1,2,0,0,0,0,0,2,0,18,7,8,41.78614323,-87.70591461
0,408512,-1,30,0,0,0,1,0,12,1,0,0,0,0,-1,-1,-1,20,-1,1224,-1,-1,-1,-1,-1,-1,2,0,0,0,0,0,2,0,17,7,8,41.88429596,-87.66077035
0,408586,-1,30,0,0,0,1,0,0,1,0,0,0,0,-1,-1,-1,17,17,2533,-1,-1,-1,-1,-1,-1,2,0,0,0,0,0,5,0,17,7,8,41.90893506,-87.7533277
0,410684,-1,30,0,0,0,1,10,5,-1,0,0,0,0,-1,-1,-1,17,0,1732,-1,-1,-1,-1,-1,-1,2,0,0,0,0,0,2,0,17,7,8,41.9392264,-87.72541488
0,408717,-1,35,-1,-1,-1,1,12,2,-1,0,0,-1,0,-1,-1,-1,21,0,1112,-1,-1,-1,-1,-1,-1,2,0,0,0,0,0,3,0,17,7,8,41.89962452,-87.72606599
0,408529,-1,15,0,0,0,1,7,7,2,0,0,0,0,-1,1,-1,16,-1,2514,-1,-1,-1,-1,-1,-1,2,0,0,0,0,0,2,0,17,7,8,41.9311665,-87.76630375
0,408510,-1,30,0,0,0,1,10,6,2,0,0,0,0,0,-1,-1,11,0,411,-1,-1,-1,-1,-1,-1,3,0,0,0,0,0,3,0,17,7,8,41.75416613,-87.58624573
0,408491,-1,30,1,2,0,1,12,2,-1,0,0,0,0,-1,-1,-1,0,0,114,-1,-1,-1,-1,-1,-1,2,0,0,0,0,0,6,0,17,7,8,41.8809827,-87.61763334
0,408475,-1,30,1,2,0,1,10,2,2,0,0,0,0,1,-1,-1,18,-1,822,-1,-1,-1,-1,-1,-1,2,0,0,0,0,0,2,0,17,7,8,41.7936228,-87.70361814
0,408460,-1,30,0,0,0,1,10,3,4,0,0,0,1,-1,-1,-1,16,-1,1631,-1,-1,-1,-1,-1,-1,4,0,0,0,0,0,7,0,17,7,8,41.95122328,-87.83650229
0,408498,-1,30,1,2,0,1,10,2,-1,0,0,0,1,-1,-1,-1,0,-1,1712,-1,-1,-1,-1,-1,-1,4,0,0,0,0,0,4,0,17,7,8,41.97234928,-87.74682509
0,408522,-1,30,0,0,0,1,14,2,2,0,0,-1,0,-1,-1,-1,23,21,2524,-1,-1,-1,-1,-1,-1,2,0,0,0,0,0,2,0,17,7,8,41.93166402,-87.72808651
0,408513,-1,30,0,0,0,1,8,5,2,0,0,0,0,-1,-1,-1,0,-1,1824,-1,-1,-1,-1,-1,-1,2,0,0,0,0,0,3,0,17,7,8,41.9048061,-87.62885569
0,414661,-1,0,0,0,0,1,2,5,2,0,0,0,0,-1,-1,0,0,0,233,-1,-1,-1,-1,-1,-1,2,0,0,0,0,0,2,0,17,7,8,41.79306189,-87.60813423
0,408478,-1,30,1,2,0,1,10,5,2,0,0,0,0,-1,-1,-1,23,0,112,-1,-1,-1,-1,-1,-1,2,0,0,0,0,0,2,0,17,7,8,41.8819952,-87.62764725
0,408497,-1,30,0,0,0,1,10,2,4,0,0,-1,0,-1,-1,1,18,-1,614,-1,-1,-1,-1,-1,-1,4,0,0,0,0,0,4,0,17,7,8,41.74549165,-87.66346164
0,408468,-1,30,0,0,0,1,12,5,-1,0,0,0,0,-1,-1,-1,0,-1,1421,-1,-1,-1,-1,-1,-1,2,0,0,0,0,0,2,0,17,7,8,41.91028581,-87.70137269
0,434093,-1,15,0,0,0,1,2,7,-1,0,0,0,0,-1,1,-1,0,-1,1711,-1,-1,-1,-1,-1,-1,1,0,0,0,0,0,1,0,17,7,8,41.99712908,-87.72896987
2,408431,-1,20,2,2,0,1,8,5,2,0,0,0,1,1,-1,-1,5,17,2413,-1,-1,-1,-1,-1,-1,2,1,0,0,1,0,1,0,17,7,8,41.99413173,-87.69580546
0,415282,-1,30,2,2,0,1,0,5,-1,0,0,-1,0,-1,-1,-1,17,0,413,-1,-1,-1,-1,-1,-1,2,0,0,0,0,0,2,0,17,7,8,41.73327077,-87.58409496
0,408566,-1,30,0,0,0,1,3,5,-1,0,0,0,0,-1,-1,-1,20,0,1732,-1,-1,-1,-1,-1,-1,2,0,0,0,0,0,2,0,17,7,8,41.93922494,-87.72555215
0,408549,-1,35,1,2,0,1,10,5,-1,0,-1,-1,0,1,-1,1,16,0,1132,-1,-1,-1,-1,-1,-1,3,0,0,0,0,0,4,0,17,7,8,41.87434205,-87.72559
0,408500,-1,10,0,0,0,1,7,7,-1,0,-1,-1,0,-1,-1,1,0,0,1913,-1,-1,-1,-1,-1,-1,2,0,0,0,0,0,1,0,17,7,8,41.9652674,-87.65923798
0,408438,-1,30,1,2,0,1,12,5,4,0,0,0,0,1,-1,1,0,0,1013,-1,-1,-1,-1,-1,-1,2,0,0,0,0,0,2,0,16,7,8,41.85109766,-87.72436468
3,458520,1,30,0,0,0,1,14,5,-1,0,0,0,1,-1,-1,-1,17,-1,2524,-1,-1,-1,-1,-1,-1,2,1,0,1,0,0,2,0,16,7,8,41.93166402,-87.72808651
0,409311,-1,10,0,0,0,1,0,7,-1,0,0,0,0,-1,-1,-1,20,20,815,-1,-1,-1,-1,-1,-1,2,0,0,0,0,0,3,0,16,7,8,41.81783167,-87.72407715
0,408428,-1,30,0,0,0,1,14,2,-1,0,0,0,1,-1,-1,-1,23,17,1213,-1,-1,-1,-1,-1,-1,2,0,0,0,0,0,4,0,16,7,8,41.89640005,-87.65374951
0,408413,-1,30,0,0,0,1,14,5,-1,0,0,0,0,-1,-1,-1,0,-1,1432,-1,-1,-1,-1,-1,-1,2,0,0,0,0,0,4,0,16,7,8,41.92510226,-87.68053346
0,410491,-1,30,0,0,0,1,7,2,-1,0,0,0,0,-1,-1,-1,0,-1,412,-1,-1,-1,-1,-1,-1,2,0,0,0,0,0,1,0,16,7,8,41.73682263,-87.58578342
2,408411,-1,30,1,2,0,1,0,5,2,0,0,0,1,1,-1,-1,6,14,915,-1,-1,-1,-1,-1,-1,2,1,0,0,1,0,1,0,16,7,8,41.83070509,-87.64129438
0,408410,-1,30,0,0,0,1,12,5,3,0,0,0,0,-1,-1,-1,18,16,911,-1,-1,-1,-1,-1,-1,2,0,0,0,0,0,2,0,16,7,8,41.83023678,-87.68460476
0,408539,-1,30,0,0,0,1,7,5,-1,0,0,0,0,-1,-1,1,22,22,214,-1,-1,-1,-1,-1,-1,2,0,0,0,0,0,1,0,16,7,8,41.8180727,-87.60530766
0,408503,-1,35,0,0,0,1,7,5,2,0,0,0,0,-1,-1,1,0,0,421,-1,-1,-1,-1,-1,-1,2,0,0,0,0,0,1,0,16,7,8,41.75584938,-87.55238474
0,408458,-1,30,2,2,0,1,14,2,-1,0,0,0,0,1,-1,-1,17,0,2515,-1,-1,-1,-1,-1,-1,2,0,0,0,0,0,3,0,16,7,8,41.92408603,-87.76491189
0,408449,-1,30,0,0,0,1,7,5,-1,0,0,0,0,-1,-1,1,0,-1,912,-1,-1,-1,-1,-1,-1,2,0,0,0,0,0,1,0,16,7,8,41.83020702,-87.68169307
0,408685,-1,30,0,0,0,1,7,5,-1,0,0,0,0,-1,-1,1,0,0,1813,-1,-1,-1,-1,-1,-1,2,0,0,0,0,0,1,0,16,7,8,41.91311196,-87.64335297
2,408412,-1,10,0,0,0,1,9,7,-1,2,0,0,1,-1,-1,1,0,-1,132,-1,-1,-1,-1,-1,-1,2,1,0,0,1,0,1,0,16,7,8,41.85802934,-87.62084737
1,408440,-1,30,1,2,0,1,12,5,2,0,0,0,1,1,-1,-1,17,-1,412,-1,-1,-1,-1,-1,-1,2,2,0,0,0,2,1,0,16,7,8,41.74171987,-87.57594153
0,408353,-1,30,1,2,0,1,10,5,-1,0,0,0,0,1,-1,-1,9,7,2011,-1,-1,-1,-1,-1,-1,2,0,0,0,0,0,4,0,16,7,8,41.98307809,-87.69900876
0,408400,-1,25,0,0,0,1,11,6,3,0,0,0,0,-1,-1,1,10,16,1523,-1,-1,-1,-1,-1,-1,2,0,0,0,0,0,2,0,16,7,8,41.88376234,-87.76345639
0,408416,-1,30,0,0,1,1,12,5,2,0,0,0,0,-1,-1,-1,17,-1,2521,-1,-1,-1,-1,-1,-1,2,0,0,0,0,0,2,0,16,7,8,41.930112,-87.75622401
0,408383,-1,30,0,0,0,1,12,5,4,0,0,0,0,0,-1,1,21,17,834,-1,-1,-1,-1,-1,-1,2,0,0,0,0,0,2,0,16,7,8,41.74967936,-87.72197835
0,408546,-1,40,0,0,0,1,10,5,-1,0,0,0,0,-1,-1,1,18,-1,1824,-1,-1,-1,-1,-1,-1,2,0,0,0,0,0,2,0,16,7,8,41.90132328,-87.62159559
0,408493,-1,30,0,0,0,1,7,5,2,0,0,-1,0,-1,-1,1,0,0,431,-1,-1,-1,-1,-1,-1,2,0,0,0,0,0,1,0,16,7,8,41.72199273,-87.55121479
2,408406,-1,30,0,0,0,1,14,12,2,0,12,12,1,-1,-1,-1,16,-1,331,-1,1,-1,1,-1,-1,2,4,0,0,4,0,2,0,15,7,8,41.77779576,-87.58622728
0,408344,-1,30,0,0,0,1,10,5,2,0,0,0,0,1,-1,-1,18,11,823,-1,-1,-1,-1,-1,-1,2,0,0,0,0,0,4,0,15,7,8,41.7791895,-87.69589237
0,408351,-1,30,0,0,0,1,7,6,2,0,0,0,0,-1,-1,-1,0,-1,1232,-1,-1,-1,-1,-1,-1,2,0,0,0,0,0,2,0,15,7,8,41.87774356,-87.65301183
0,408336,1,30,0,0,0,1,11,5,-1,0,0,0,0,-1,-1,-1,18,-1,2431,-1,-1,-1,-1,-1,-1,2,0,0,0,0,0,2,0,15,7,8,42.00729564,-87.66769415
0,408356,-1,15,3,12,0,1,11,7,2,0,0,0,0,-1,1,-1,20,0,1432,-1,-1,-1,-1,-1,-1,2,0,0,0,0,0,2,0,15,7,8,41.92488059,-87.68093688
3,408347,-1,15,0,0,0,1,8,0,-1,0,0,0,1,-1,0,1,14,17,1123,-1,-1,-1,-1,-1,-1,2,1,0,1,0,0,1,0,15,7,8,41.88545663,-87.70981127
0,414784,-1,30,0,0,0,1,14,6,-1,0,0,0,0,-1,-1,-1,0,-1,1431,-1,-1,-1,-1,-1,-1,2,0,0,0,0,0,2,0,15,7,8,41.92418131,-87.68770734
0,408393,-1,30,0,0,0,1,12,3,4,0,0,0,1,-1,-1,-1,17,0,1931,-1,-1,-1,-1,-1,-1,2,0,0,0,0,0,5,0,15,7,8,41.92647989,-87.66833876
0,408335,-1,30,2,0,0,1,0,6,-1,0,0,0,0,-1,-1,-1,5,-1,524,-1,-1,-1,-1,-1,-1,2,0,0,0,0,0,2,0,15,7,8,41.68142295,-87.63613867
0,408343,-1,30,2,2,0,1,0,2,4,0,0,0,1,1,-1,-1,17,-1,1214,-1,-1,-1,-1,-1,-1,2,0,0,0,0,0,2,0,15,7,8,41.89111578,-87.6575341
0,408317,-1,30,0,0,0,1,10,5,-1,0,0,0,0,-1,-1,1,18,16,133,-1,-1,-1,-1,-1,-1,2,0,0,0,0,0,3,0,15,7,8,41.83961831,-87.61409038
0,408486,-1,35,2,2,0,1,12,3,-1,0,0,0,0,-1,-1,-1,21,16,132,-1,-1,-1,-1,-1,-1,2,0,0,0,0,0,3,0,15,7,8,41.86411696,-87.61894998
0,408334,-1,30,0,0,1,1,10,5,2,0,0,0,0,1,-1,-1,18,16,2511,-1,-1,-1,-1,-1,-1,2,0,0,0,0,0,2,0,15,7,8,41.93194247,-87.78586869
2,408447,-1,30,1,2,0,1,10,2,4,0,0,0,1,1,-1,-1,7,0,2524,-1,-1,-1,-1,-1,-1,2,1,0,0,1,0,1,0,15,7,8,41.92465804,-87.72143021
0,408309,-1,30,0,0,0,1,12,5,-1,0,0,0,0,-1,-1,-1,0,0,1234,-1,-1,-1,-1,-1,-1,2,0,0,0,0,0,2,0,15,7,8,41.85400048,-87.6784913
0,408297,-1,30,0,0,0,1,0,5,2,0,0,0,0,-1,-1,1,20,0,2012,-1,-1,-1,-1,-1,-1,2,0,0,0,0,0,2,0,15,7,8,41.99053156,-87.67138946
0,408363,-1,30,2,2,0,1,14,5,2,0,0,0,0,-1,-1,1,23,23,532,-1,-1,-1,-1,-1,-1,2,0,0,0,0,0,3,0,15,7,8,41.67984628,-87.61677797
1,408381,-1,30,2,2,0,1,10,6,-1,0,0,0,1,0,-1,-1,18,0,2513,-1,-1,-1,-1,-1,-1,2,1,0,0,0,1,1,0,15,7,8,41.90921928,-87.79126895
0,409265,-1,35,0,0,0,1,7,5,-1,0,0,0,0,-1,-1,1,0,0,1712,-1,-1,-1,-1,-1,-1,2,0,0,0,0,0,1,0,15,7,8,41.96931247,-87.71598151
0,408636,-1,30,2,2,1,1,10,5,2,0,0,0,0,1,-1,1,10,-1,2513,-1,-1,-1,-1,-1,-1,2,0,0,0,0,0,2,0,15,7,8,41.90917935,-87.79004618
0,408496,-1,30,-1,-1,0,-1,10,-1,1,0,0,0,0,-1,-1,1,0,-1,733,-1,-1,-1,-1,-1,-1,2,0,0,0,0,0,2,0,15,7,8,41.76161793,-87.64659945
0,408329,-1,30,0,0,0,1,14,6,4,0,0,0,1,-1,-1,-1,23,-1,1833,-1,-1,-1,-1,-1,-1,2,0,0,0,0,0,4,0,15,7,8,41.89986434,-87.62616669
0,408328,-1,30,2,2,0,1,0,5,-1,0,0,0,1,-1,-1,-1,17,-1,524,-1,-1,-1,-1,-1,-1,2,0,0,0,0,0,3,0,15,7,8,41.67766754,-87.66023679
0,408304,-1,45,0,0,0,1,12,3,-1,0,0,0,0,-1,-1,-1,21,16,114,-1,-1,-1,-1,-1,-1,2,0,0,0,0,0,2,0,15,7,8,41.87319361,-87.61722829
0,408276,-1,30,1,2,1,1,10,2,2,0,0,0,0,1,-1,1,16,0,623,-1,-1,-1,-1,-1,-1,3,0,0,0,0,0,3,0,15,7,8,41.75806853,-87.62651698
0,408337,-1,30,0,0,0,1,10,5,2,0,0,0,0,-1,-1,1,18,16,1522,1,-1,-1,-1,-1,-1,2,0,0,0,0,0,2,0,14,7,8,41.86740436,-87.76405139
0,408254,-1,30,0,0,0,1,7,6,1,0,0,0,1,-1,-1,1,-1,-1,1723,-1,-1,-1,-1,-1,-1,2,0,0,0,0,0,1,0,14,7,8,41.95506404,-87.72628517
0,408291,-1,30,2,2,0,1,14,12,-1,0,0,0,0,-1,-1,-1,0,0,2213,-1,-1,-1,-1,-1,-1,2,0,0,0,0,0,3,0,14,7,8,41.71384732,-87.65805675
0,408278,-1,30,1,2,0,1,14,2,4,0,0,0,1,1,-1,-1,23,-1,813,-1,-1,-1,-1,-1,-1,2,0,0,0,0,0,4,0,14,7,8,41.79315506,-87.72330377
2,408243,-1,30,0,0,0,1,9,5,-1,0,0,0,1,-1,-1,-1,-1,-1,1122,-1,-1,-1,-1,-1,-1,2,1,0,0,1,0,1,0,14,7,8,41.88288273,-87.7255836
0,408302,-1,30,0,0,0,1,5,6,-1,0,0,12,0,-1,-1,-1,0,-1,122,-1,1,-1,-1,-1,-1,1,0,0,0,0,0,1,0,14,7,8,41.88562444,-87.63538243
0,408255,-1,40,0,0,0,1,12,3,10,5,0,0,0,-1,-1,-1,0,0,1834,-1,-1,-1,-1,-1,-1,2,0,0,0,0,0,3,0,14,7,8,41.8926834,-87.6141233
2,408275,-1,30,2,2,0,1,14,5,1,0,0,0,1,1,-1,-1,17,4,414,-1,-1,-1,-1,-1,-1,2,1,0,0,1,0,1,0,14,7,8,41.75699572,-87.57380329
0,409437,-1,30,0,0,0,1,10,5,-1,0,0,0,0,-1,-1,1,20,20,1022,-1,-1,-1,-1,-1,-1,2,0,0,0,0,0,2,0,14,7,8,41.86634522,-87.70084694
0,408303,-1,30,1,2,1,1,10,5,2,0,0,0,0,-1,-1,-1,18,16,1511,-1,-1,-1,-1,-1,-1,2,0,0,0,0,0,3,0,14,7,8,41.90203403,-87.76571211
0,408256,-1,25,0,0,0,1,12,5,4,0,0,0,0,-1,-1,-1,11,0,424,-1,-1,-1,-1,-1,-1,2,0,0,0,0,0,2,0,14,7,8,41.73417488,-87.55011438
2,408237,-1,30,0,0,0,1,9,2,4,0,0,0,1,-1,-1,-1,21,-1,2433,-1,-1,-1,-1,-1,-1,2,1,0,0,1,0,1,0,14,7,8,41.9956639,-87.66029158
0,408225,1,30,0,0,0,1,12,5,-1,0,0,0,0,-1,-1,1,18,-1,2432,-1,-1,-1,-1,-1,-1,2,0,0,0,0,0,2,0,14,7,8,41.99833096,-87.65760103
0,408618,-1,30,1,2,0,1,12,3,8,0,0,0,0,-1,-1,1,23,16,123,-1,-1,-1,-1,-1,-1,3,0,0,0,0,0,4,0,14,7,8,41.87551509,-87.62943625
0,408379,1,25,0,0,-1,-1,7,5,1,0,-1,0,0,-1,-1,-1,20,0,1522,-1,-1,-1,-1,-1,-1,2,0,0,0,0,0,1,0,14,7,8,41.87002856,-87.75661282
0,408313,-1,35,0,0,0,1,7,7,-1,0,0,0,0,-1,-1,-1,-1,-1,1533,-1,-1,-1,-1,-1,-1,2,0,0,0,0,0,1,0,14,7,8,41.88051358,-87.75266788
1,408264,-1,30,1,2,0,1,0,12,3,0,0,0,1,1,-1,-1,3,-1,225,-1,-1,-1,-1,-1,-1,2,1,0,0,0,1,1,0,14,7,8,41.79467039,-87.63054748
0,408259,-1,30,2,0,0,1,7,6,-1,0,0,0,0,-1,-1,-1,22,22,1513,-1,-1,-1,-1,-1,-1,2,0,0,0,0,0,1,0,14,7,8,41.87277222,-87.76473185
3,408215,-1,45,0,0,0,1,10,3,5,0,0,0,1,-1,-1,-1,11,16,133,-1,-1,-1,-1,-1,-1,2,4,0,1,1,2,0,0,14,7,8,41.84207474,-87.61030162
0,408299,-1,30,-1,-1,-1,-1,7,-1,-1,0,-1,-1,0,-1,-1,-1,0,-1,1633,-1,-1,-1,-1,-1,-1,2,0,0,0,0,0,1,0,14,7,8,41.95291219,-87.77860762
0,408253,-1,35,0,0,0,1,14,3,4,0,0,0,0,1,-1,1,18,16,2222,-1,-1,-1,-1,-1,-1,2,0,0,0,0,0,2,0,14,7,8,41.721432,-87.65422261
0,408239,-1,30,0,0,0,1,10,5,4,0,0,0,0,-1,-1,-1,18,11,822,-1,-1,-1,-1,-1,-1,3,0,0,0,0,0,3,0,14,7,8,41.79233004,-87.72298623
0,408216,-1,25,0,0,0,1,14,5,2,0,0,0,0,-1,-1,-1,17,11,833,-1,-1,-1,-1,-1,-1,2,0,0,0,0,0,2,0,14,7,8,41.77284036,-87.72030575
0,408187,-1,30,1,2,0,1,12,5,3,0,0,0,0,1,-1,-1,22,-1,225,-1,-1,-1,-1,-1,-1,2,0,0,0,0,0,7,0,14,7,8,41.80174138,-87.63007494
0,408182,-1,35,1,2,0,1,10,5,2,0,0,0,0,-1,-1,-1,18,18,1915,-1,-1,-1,-1,-1,-1,2,0,0,0,0,0,2,0,14,7,8,41.96169497,-87.65274662
0,408179,-1,40,3,2,0,1,12,3,4,5,0,0,0,-1,-1,-1,11,11,1834,-1,-1,-1,-1,-1,-1,2,0,0,0,0,0,3,0,14,7,8,41.89270515,-87.61383093
3,997870,-1,30,0,0,0,1,12,12,-1,0,0,0,1,-1,-1,-1,0,0,1113,-1,-1,-1,-1,-1,-1,2,1,0,1,0,0,3,0,13,7,8,41.88614388,-87.73955832
0,408173,-1,30,0,0,0,1,10,2,4,0,0,0,0,-1,-1,1,18,-1,823,-1,-1,-1,-1,-1,-1,2,0,0,0,0,0,2,0,13,7,8,41.77908151,-87.70326037
-1,408159,-1,30,0,0,0,1,12,12,-1,0,0,0,1,-1,-1,-1,0,0,1113,-1,-1,-1,-1,-1,-1,-1,-1,-1,-1,-1,-1,-1,-1,13,7,8,41.88614388,-87.73955832
0,408322,-1,30,0,0,0,1,10,5,2,0,0,0,0,-1,-1,1,18,0,813,-1,-1,-1,-1,-1,-1,2,0,0,0,0,0,2,0,13,7,8,41.79295814,-87.73916996
0,408193,-1,20,0,-1,0,1,7,5,2,0,0,0,0,-1,-1,-1,0,-1,1722,-1,-1,-1,-1,-1,-1,2,0,0,0,0,0,1,0,13,7,8,41.96672829,-87.7308257
0,408232,-1,30,1,2,0,1,12,5,6,0,0,0,0,1,-1,-1,0,-1,921,-1,-1,-1,-1,-1,-1,2,0,0,0,0,0,5,0,13,7,8,41.8183333,-87.69709345
0,408221,-1,10,0,0,0,1,11,7,-1,0,-1,-1,0,-1,-1,-1,20,20,1733,-1,-1,-1,-1,-1,-1,2,0,0,0,0,0,4,0,13,7,8,41.94653898,-87.70208489
0,408219,-1,30,2,2,0,1,10,5,2,0,-1,-1,0,1,-1,-1,18,0,821,-1,-1,-1,-1,-1,-1,2,0,0,0,0,0,2,0,13,7,8,41.81715064,-87.70447558
0,468629,1,30,0,0,-1,-1,7,5,2,0,-1,-1,0,-1,-1,1,0,0,1934,-1,-1,-1,-1,-1,-1,2,0,0,0,0,0,1,0,13,7,8,41.93957447,-87.64181297
0,408155,-1,30,0,0,0,1,2,5,2,0,0,0,0,-1,-1,-1,-1,-1,1133,-1,-1,-1,-1,-1,-1,1,0,0,0,0,0,1,0,13,7,8,41.8680399,-87.71177818
0,408287,-1,10,0,0,0,1,7,7,1,3,0,0,0,-1,1,-1,23,11,131,-1,-1,-1,-1,-1,-1,2,0,0,0,0,0,1,0,13,7,8,41.86585735,-87.62693501
0,408234,-1,30,0,0,1,1,11,6,2,0,0,0,0,1,-1,-1,20,0,732,-1,-1,-1,-1,-1,-1,2,0,0,0,0,0,3,0,13,7,8,41.76152745,-87.64081057
0,408226,-1,30,1,2,0,1,0,2,4,0,0,0,1,-1,-1,-1,0,-1,1232,-1,-1,-1,-1,-1,-1,2,0,0,0,0,0,2,0,13,7,8,41.87529137,-87.65682171
0,408207,-1,30,1,2,0,1,14,2,-1,0,0,0,0,1,-1,-1,23,3,122,-1,-1,-1,-1,-1,-1,2,0,0,0,0,0,2,0,13,7,8,41.88188623,-87.63661833