MOST_SEVERE_INJURY,RD_NO,CRASH_DATE_EST_I,POSTED_SPEED_LIMIT,TRAFFIC_CONTROL_DEVICE,DEVICE_CONDITION,WEATHER_CONDITION,LIGHTING_CONDITION,FIRST_CRASH_TYPE,TRAFFICWAY_TYPE,LANE_CNT,ALIGNMENT,ROADWAY_SURFACE_COND,ROAD_DEFECT,CRASH_TYPE,INTERSECTION_RELATED_I,NOT_RIGHT_OF_WAY_I,HIT_AND_RUN_I,PRIM_CONTRIBUTORY_CAUSE,SEC_CONTRIBUTORY_CAUSE,BEAT_OF_OCCURRENCE,PHOTOS_TAKEN_I,STATEMENTS_TAKEN_I,DOORING_I,WORK_ZONE_I,WORK_ZONE_TYPE,WORKERS_PRESENT_I,NUM_UNITS,INJURIES_TOTAL,INJURIES_FATAL,INJURIES_INCAPACITATING,INJURIES_NON_INCAPACITATING,INJURIES_REPORTED_NOT_EVIDENT,INJURIES_NO_INDICATION,INJURIES_UNKNOWN,CRASH_HOUR,CRASH_DAY_OF_WEEK,CRASH_MONTH,LATITUDE,LONGITUDE
3,408181,-1,30,2,2,0,1,0,12,2,0,0,0,1,1,-1,-1,17,0,813,-1,-1,-1,-1,-1,-1,3,1,0,1,0,0,1,0,13,7,8,41.78571699,-87.73533714
0,408168,-1,25,0,0,0,1,10,6,-1,0,0,0,0,-1,-1,-1,20,20,2412,-1,-1,-1,-1,-1,-1,2,0,0,0,0,0,2,0,13,7,8,42.0012155,-87.69235295
0,408349,-1,40,0,0,0,1,10,3,10,1,0,0,0,-1,-1,-1,0,0,132,-1,-1,-1,-1,-1,-1,2,0,0,0,0,0,7,0,13,7,8,41.85900353,-87.61713079
0,412127,-1,10,0,0,0,1,0,7,1,0,0,0,0,-1,1,-1,0,0,833,-1,-1,-1,-1,-1,-1,2,0,0,0,0,0,3,0,13,7,8,41.76539837,-87.72228675
0,408242,-1,30,1,2,0,1,10,5,2,0,0,0,0,-1,-1,-1,16,-1,922,-1,-1,-1,-1,-1,-1,2,0,0,0,0,0,2,0,13,7,8,41.80830492,-87.6994103
0,408272,-1,30,0,0,0,1,10,5,2,0,0,0,0,-1,-1,-1,18,11,922,-1,-1,-1,-1,-1,-1,2,0,0,0,0,0,2,0,13,7,8,41.80832199,-87.6984052
0,408160,-1,35,0,0,0,1,10,5,2,0,0,0,0,-1,-1,1,21,18,1922,-1,-1,-1,-1,-1,-1,2,0,0,0,0,0,3,0,13,7,8,41.95003656,-87.66908466
0,408527,1,30,0,0,0,1,7,6,1,0,0,0,0,-1,-1,1,0,0,2432,-1,-1,-1,-1,-1,-1,2,0,0,0,0,0,1,0,13,7,8,42.00053291,-87.66220718
0,408384,-1,30,-1,-1,0,1,3,5,-1,0,0,0,0,-1,-1,-1,8,11,411,-1,-1,-1,-1,-1,-1,3,0,0,0,0,0,3,0,13,7,8,41.75152942,-87.59248857
1,408131,-1,20,1,2,0,1,14,5,2,0,0,0,1,-1,-1,1,0,17,833,-1,-1,-1,-1,-1,-1,2,1,0,0,0,1,1,0,13,7,8,41.77159494,-87.71534929
0,408482,-1,30,0,0,0,1,7,6,1,0,0,0,0,-1,-1,-1,0,-1,1712,-1,-1,-1,-1,-1,-1,2,0,0,0,0,0,1,0,13,7,8,41.97202729,-87.72518452
0,408357,-1,30,2,2,1,1,10,5,2,0,0,0,0,1,-1,-1,18,16,2533,-1,-1,-1,-1,-1,-1,3,0,0,0,0,0,6,0,13,7,8,41.90311148,-87.75564668
0,408194,-1,35,0,0,0,1,0,2,6,0,0,0,0,-1,-1,-1,17,0,324,-1,-1,-1,-1,-1,-1,2,0,0,0,0,0,3,0,13,7,8,41.76427687,-87.58642854
0,408174,1,30,0,0,0,1,7,6,-1,3,0,0,0,-1,-1,1,-1,-1,1215,-1,-1,-1,0,-1,-1,2,0,0,0,0,0,1,0,13,7,8,41.89518625,-87.65842024
0,408097,-1,30,2,2,0,1,14,5,-1,0,0,0,1,1,-1,-1,23,27,924,-1,-1,-1,-1,-1,-1,2,0,0,0,0,0,5,0,12,7,8,41.81571209,-87.67259457
0,408124,-1,30,0,0,0,1,12,5,-1,0,0,0,0,-1,-1,-1,22,25,1131,-1,-1,-1,-1,-1,-1,2,0,0,0,0,0,4,0,12,7,8,41.87256611,-87.73504594
0,408105,-1,30,0,0,0,1,2,5,2,0,0,0,1,-1,-1,-1,0,-1,2424,-1,-1,-1,-1,-1,-1,1,0,0,0,0,0,1,0,12,7,8,42.01847539,-87.67608809
3,408133,-1,30,3,2,0,1,9,2,2,0,0,0,1,-1,-1,-1,17,16,1925,-1,-1,-1,-1,-1,-1,2,1,0,1,0,0,1,0,12,7,8,41.94482827,-87.64589349
0,408702,-1,15,0,0,0,1,2,0,1,0,0,0,0,-1,-1,-1,-1,-1,1922,-1,-1,-1,-1,-1,-1,1,0,0,0,0,0,1,0,12,7,8,41.94072612,-87.66811211
0,408101,-1,30,1,2,0,1,10,2,4,0,0,0,0,-1,-1,-1,0,0,1911,-1,-1,-1,-1,-1,-1,2,0,0,0,0,0,2,0,12,7,8,41.95412964,-87.68798735
1,408201,-1,30,2,2,0,1,9,5,2,0,-1,-1,1,1,-1,1,17,22,1814,-1,-1,-1,-1,-1,-1,2,1,0,0,0,1,1,0,12,7,8,41.92005781,-87.6371564
0,408089,-1,30,0,0,0,1,7,5,1,0,0,0,0,-1,-1,1,8,11,431,-1,-1,-1,-1,-1,-1,2,0,0,0,0,0,2,0,12,7,8,41.71814467,-87.56995227
0,408075,-1,25,0,0,0,1,7,5,-1,0,0,0,0,-1,-1,0,25,11,1532,-1,-1,-1,-1,-1,-1,2,0,0,0,0,0,2,0,12,7,8,41.88341034,-87.75502874
0,408035,-1,30,2,2,0,1,7,5,-1,0,0,0,1,-1,-1,-1,0,0,2411,-1,-1,-1,-1,-1,-1,2,0,0,0,0,0,1,0,12,7,8,42.00529663,-87.68813747
0,408053,-1,30,1,0,0,1,12,2,4,0,0,0,0,-1,-1,1,14,22,1522,-1,-1,-1,-1,-1,-1,3,0,0,0,0,0,3,0,12,7,8,41.88048075,-87.75513043
0,411252,-1,35,0,0,0,1,7,5,-1,0,0,0,0,-1,-1,-1,14,-1,1034,-1,-1,-1,-1,-1,-1,2,0,0,0,0,0,4,0,12,7,8,41.85039209,-87.68100993
0,408114,-1,30,2,2,0,1,14,5,2,0,-1,-1,0,1,-1,-1,17,22,1935,-1,-1,-1,-1,-1,-1,2,0,0,0,0,0,2,0,12,7,8,41.9326391,-87.64754439
0,408048,-1,35,1,2,1,1,10,5,-1,0,0,0,0,-1,-1,-1,18,-1,1232,-1,-1,-1,-1,-1,-1,2,0,0,0,0,0,3,0,12,7,8,41.86723997,-87.6470655
0,412742,-1,0,0,0,0,1,7,7,-1,0,0,-1,0,-1,-1,-1,0,0,2531,-1,-1,-1,-1,-1,-1,2,0,0,0,0,0,2,0,12,7,8,41.90941776,-87.7712137
0,411212,-1,30,0,0,-1,-1,5,5,-1,0,-1,0,0,-1,-1,-1,29,-1,1622,-1,-1,-1,-1,-1,-1,1,0,0,0,0,0,1,0,12,7,8,41.9826129,-87.77936577
0,408069,-1,30,1,2,0,1,10,5,2,0,0,0,0,-1,-1,-1,18,-1,622,-1,-1,-1,-1,-1,-1,3,0,0,0,0,0,3,0,11,7,8,41.74350456,-87.6366628
0,409366,-1,30,0,0,0,3,10,6,2,0,0,0,1,-1,-1,1,22,-1,122,-1,-1,-1,-1,-1,-1,3,0,0,0,0,0,3,0,11,7,8,41.88241054,-87.63721144
0,408084,-1,30,1,2,1,1,12,5,-1,0,0,0,0,-1,-1,1,21,-1,611,-1,-1,-1,-1,-1,-1,2,0,0,0,0,0,2,0,11,7,8,41.75559944,-87.67343244
2,408038,-1,30,1,2,0,1,14,5,2,0,0,0,1,1,-1,-1,17,0,1211,-1,-1,-1,-1,-1,-1,2,1,0,0,1,0,3,0,11,7,8,41.89650831,-87.70237908
0,408011,-1,15,0,0,0,1,0,7,-1,0,0,0,0,-1,1,-1,17,17,1811,-1,-1,-1,-1,-1,-1,2,0,0,0,0,0,3,0,11,7,8,41.92498939,-87.67215167
0,408006,-1,15,0,0,0,1,7,7,-1,0,0,0,0,-1,-1,-1,0,0,324,-1,-1,-1,-1,-1,-1,2,0,0,0,0,0,1,0,11,7,8,41.76510323,-87.58574868
0,408031,-1,30,0,0,0,1,12,12,1,0,0,0,0,-1,-1,1,0,0,1522,-1,-1,-1,-1,-1,-1,2,0,0,0,0,0,2,0,11,7,8,41.87654684,-87.75513422
0,408028,-1,35,2,0,0,1,0,5,-1,0,0,0,0,-1,-1,-1,5,5,1723,-1,-1,-1,-1,-1,-1,2,0,0,0,0,0,2,0,11,7,8,41.95753843,-87.71317531
0,413909,-1,10,0,0,1,1,7,7,-1,0,1,0,0,-1,-1,-1,0,-1,1814,-1,-1,-1,-1,-1,-1,2,0,0,0,0,0,1,0,11,7,8,41.92208685,-87.63772276
0,408004,-1,25,1,2,1,1,0,5,8,2,0,0,1,1,-1,-1,6,-1,114,-1,-1,-1,-1,-1,-1,2,0,0,0,0,0,8,0,11,7,8,41.87586075,-87.62229586
0,408014,-1,30,0,0,0,1,7,5,1,0,0,0,0,-1,-1,-1,20,-1,1434,-1,-1,-1,-1,-1,-1,2,0,0,0,0,0,1,0,11,7,8,41.91470202,-87.68548124
2,408142,-1,30,1,2,0,1,14,8,-1,0,0,0,1,1,-1,-1,23,-1,911,-1,-1,-1,-1,-1,-1,2,1,0,0,1,0,1,0,11,7,8,41.83212713,-87.69502146
0,421642,-1,15,0,0,-1,1,11,0,-1,0,-1,-1,0,-1,-1,-1,22,-1,2522,-1,-1,-1,-1,-1,-1,2,0,0,0,0,0,2,0,11,7,8,41.92310591,-87.75453813
0,408062,1,30,0,0,-1,-1,7,5,2,0,-1,-1,1,-1,-1,1,0,0,1925,-1,-1,-1,-1,-1,-1,2,0,0,0,0,0,1,0,11,7,8,41.94813046,-87.64332386
0,407978,-1,30,0,0,0,1,14,5,2,0,0,0,0,-1,-1,-1,17,0,1013,-1,-1,-1,-1,-1,-1,2,0,0,0,0,0,3,0,11,7,8,41.84778969,-87.72515822
0,407959,-1,35,1,2,0,1,10,5,4,0,0,0,0,1,-1,-1,7,-1,2432,-1,-1,-1,-1,-1,-1,2,0,0,0,0,0,2,0,11,7,8,42.00166812,-87.66089687
0,407949,-1,30,0,0,0,1,12,6,1,0,0,0,0,-1,-1,-1,17,22,1824,-1,-1,-1,-1,-1,-1,2,0,0,0,0,0,2,0,10,7,8,41.90143659,-87.62798801
0,407963,-1,30,0,0,1,1,14,2,-1,0,0,0,0,-1,-1,-1,18,-1,632,-1,-1,-1,-1,-1,-1,2,0,0,0,0,0,3,0,10,7,8,41.73620947,-87.62430552
0,407929,-1,20,0,0,0,1,10,2,2,0,1,0,0,-1,-1,-1,18,18,811,-1,-1,-1,-1,-1,-1,2,0,0,0,0,0,2,0,10,7,8,41.78640805,-87.7817368
0,407941,-1,30,0,0,0,1,7,7,-1,0,0,0,0,-1,1,-1,20,11,1913,-1,-1,-1,-1,-1,-1,2,0,0,0,0,0,1,0,10,7,8,41.96503885,-87.65740624
0,407976,-1,30,2,2,12,1,3,5,2,0,1,0,0,1,-1,-1,0,-1,813,-1,-1,-1,-1,-1,-1,2,0,0,0,0,0,2,0,10,7,8,41.78218567,-87.72292137
0,407947,-1,15,0,0,0,1,11,7,1,0,0,0,0,-1,-1,-1,0,0,2432,-1,-1,-1,-1,-1,-1,2,0,0,0,0,0,3,0,10,7,8,42.00114446,-87.67151052
0,407950,-1,30,0,0,0,1,7,3,4,0,0,0,0,-1,-1,1,0,0,933,-1,-1,-1,-1,-1,-1,2,0,0,0,0,0,1,0,10,7,8,41.80766765,-87.66480189
0,413685,-1,30,0,0,0,1,7,5,-1,0,0,0,0,-1,-1,-1,0,0,1834,-1,-1,-1,-1,-1,-1,2,0,0,0,0,0,1,0,10,7,8,41.89181437,-87.62568527
0,408505,-1,30,0,0,0,1,7,6,1,0,0,0,0,-1,-1,1,22,22,512,-1,-1,-1,-1,-1,-1,2,0,0,0,0,0,1,0,10,7,8,41.7057003,-87.61845361
0,407986,-1,30,0,0,0,1,7,5,-1,0,1,0,0,-1,-1,1,0,0,822,-1,-1,-1,-1,-1,-1,2,0,0,0,0,0,1,0,10,7,8,41.78588651,-87.71924121
0,407921,-1,30,0,0,0,1,0,2,-1,0,1,0,0,-1,-1,-1,17,0,1235,-1,-1,-1,-1,-1,-1,2,0,0,0,0,0,3,0,10,7,8,41.84899902,-87.6633773
0,407960,-1,30,0,0,0,1,12,5,-1,0,0,0,0,-1,-1,-1,22,25,313,-1,-1,-1,-1,-1,-1,2,0,0,0,0,0,3,0,10,7,8,41.78056093,-87.61548425
0,407908,-1,30,1,-1,0,1,10,5,4,0,0,0,0,-1,-1,1,11,-1,124,-1,-1,-1,-1,-1,-1,2,0,0,0,0,0,2,0,10,7,8,41.86194884,-87.63922114
0,407902,-1,30,0,2,0,1,10,5,-1,0,0,0,0,-1,-1,-1,11,11,812,-1,-1,-1,-1,-1,-1,3,0,0,0,0,0,4,0,10,7,8,41.77783979,-87.76705659
0,407942,-1,30,0,0,1,1,10,5,-1,0,0,0,0,-1,-1,-1,-1,-1,2524,-1,-1,-1,-1,-1,-1,2,0,0,0,0,0,2,0,10,7,8,41.92462832,-87.72395332
0,410733,1,30,0,0,-1,-1,7,5,1,0,-1,0,0,-1,-1,1,0,11,523,-1,-1,-1,-1,-1,-1,2,0,0,0,0,0,1,0,10,7,8,41.66815632,-87.6333116
0,408210,-1,30,0,0,2,1,3,2,-1,0,1,0,1,-1,-1,-1,34,-1,822,-1,-1,-1,-1,-1,-1,2,0,0,0,0,0,2,0,10,7,8,41.79338258,-87.71718089
0,407932,-1,30,0,0,0,1,7,6,1,0,0,0,0,-1,-1,-1,20,11,733,-1,-1,-1,-1,-1,-1,2,0,0,0,0,0,1,0,10,7,8,41.76709967,-87.64649887
2,407874,-1,30,2,2,0,1,0,5,2,0,0,0,1,1,-1,-1,17,-1,414,-1,-1,-1,-1,-1,-1,2,1,0,0,1,0,4,0,9,7,8,41.74606821,-87.57603352
0,409506,-1,5,0,0,0,1,9,0,1,0,-1,-1,0,-1,-1,1,0,0,123,-1,-1,-1,-1,-1,-1,2,0,0,0,0,0,2,0,9,7,8,41.87517906,-87.62747379
3,407859,-1,20,2,2,0,1,9,8,2,2,0,0,1,1,-1,-1,5,17,2024,-1,-1,-1,-1,-1,-1,2,1,0,1,0,0,1,0,9,7,8,41.97670719,-87.65044159
0,408111,-1,30,-1,-1,0,1,8,6,2,0,0,0,0,-1,-1,1,0,-1,123,-1,-1,-1,-1,-1,-1,2,0,0,0,0,0,1,0,9,7,8,41.87332434,-87.6290217
0,409273,-1,30,0,0,0,1,10,5,-1,0,0,0,0,-1,-1,-1,18,18,1911,-1,-1,-1,-1,-1,-1,2,0,0,0,0,0,3,0,9,7,8,41.96848652,-87.69084636
0,407915,1,20,1,2,1,1,10,6,1,0,0,0,0,-1,-1,-1,0,0,1833,-1,-1,-1,-1,-1,-1,2,0,0,0,0,0,2,0,9,7,8,41.90024876,-87.62711776
2,407849,-1,20,0,0,0,1,8,6,1,0,0,1,1,-1,-1,-1,0,0,1215,-1,-1,-1,-1,-1,-1,2,1,0,0,1,0,2,0,9,7,8,41.8949721,-87.65958763
0,407853,-1,30,12,2,1,1,12,5,4,0,0,-1,0,-1,-1,1,22,28,1233,-1,-1,-1,0,-1,-1,2,0,0,0,0,0,2,0,9,7,8,41.86412432,-87.66646361
1,407872,-1,30,0,0,1,1,10,3,4,0,0,0,1,-1,-1,-1,0,0,1623,-1,-1,-1,-1,-1,-1,2,1,0,0,0,1,1,0,9,7,8,41.96361367,-87.74745955
0,407965,-1,30,2,2,1,1,10,2,2,0,-1,-1,0,-1,-1,-1,0,0,1934,-1,-1,-1,-1,-1,-1,2,0,0,0,0,0,2,0,9,7,8,41.93563186,-87.64439808
0,407869,-1,15,0,0,1,1,0,0,1,0,0,0,0,-1,-1,1,17,0,2515,-1,-1,-1,-1,-1,-1,2,0,0,0,0,0,2,0,9,7,8,41.9251259,-87.75972651
0,408218,1,30,0,0,-1,-1,7,6,1,0,-1,0,0,-1,-1,1,0,-1,2515,-1,-1,-1,-1,-1,-1,2,0,0,0,0,0,1,0,9,7,8,41.9245741,-87.76216988
0,407826,-1,30,0,0,-1,-1,7,6,1,0,-1,0,0,-1,-1,1,0,0,431,-1,-1,-1,-1,-1,-1,2,0,0,0,0,0,1,0,9,7,8,41.71394493,-87.57078564
0,408030,0,15,0,0,0,1,7,7,-1,0,0,0,0,-1,-1,-1,20,0,1023,-1,-1,-1,-1,-1,-1,2,0,0,0,0,0,1,0,8,7,8,41.86227323,-87.69270319
0,407831,1,25,0,0,-1,-1,7,5,1,0,-1,0,0,-1,-1,1,25,-1,2412,-1,-1,-1,-1,-1,-1,2,0,0,0,0,0,1,0,8,7,8,42.00048477,-87.68036738
0,408051,1,25,1,2,1,1,10,5,2,0,0,0,0,-1,-1,-1,0,0,1834,-1,-1,-1,-1,-1,-1,2,0,0,0,0,0,2,0,8,7,8,41.89168731,-87.62433984
0,407807,-1,35,1,2,1,1,14,2,-1,0,1,0,0,-1,-1,-1,23,-1,1225,-1,-1,-1,-1,-1,-1,2,0,0,0,0,0,2,0,8,7,8,41.86904509,-87.67646103
0,407794,-1,30,0,0,0,-1,7,5,2,0,1,0,0,-1,1,1,0,0,1731,-1,-1,-1,-1,-1,-1,2,0,0,0,0,0,1,0,8,7,8,41.93908283,-87.73624454
0,408472,-1,30,0,0,0,1,0,5,2,0,0,0,0,-1,-1,-1,22,22,1831,-1,-1,-1,-1,-1,-1,2,0,0,0,0,0,2,0,8,7,8,41.89409959,-87.63428259
0,407804,-1,0,-1,-1,1,1,2,0,-1,0,0,-1,0,-1,-1,-1,0,0,1634,-1,-1,-1,-1,-1,-1,1,0,0,0,0,0,2,0,8,7,8,41.94411809,-87.75273863
0,408009,-1,25,0,0,0,-1,2,6,1,0,-1,0,0,-1,-1,1,0,0,612,-1,-1,-1,-1,-1,-1,1,0,0,0,0,0,1,0,8,7,8,41.7540223,-87.65528572
0,407962,1,30,0,0,0,1,7,6,1,0,0,0,0,-1,-1,-1,0,11,2535,-1,-1,-1,-1,-1,-1,2,0,0,0,0,0,1,0,8,7,8,41.90434517,-87.72425624
0,407819,1,30,0,0,-1,-1,7,5,1,0,-1,0,0,-1,-1,1,0,0,2514,-1,-1,-1,-1,-1,-1,2,0,0,0,0,0,1,0,8,7,8,41.92946379,-87.7728682
0,407790,-1,35,0,0,0,1,12,2,4,0,0,0,0,-1,-1,-1,21,21,1612,-1,-1,-1,-1,-1,-1,2,0,0,0,0,0,2,0,8,7,8,41.98604744,-87.80705963
0,424489,-1,30,0,0,0,1,2,7,-1,0,0,0,0,-1,-1,-1,0,0,324,-1,-1,-1,-1,-1,-1,1,0,0,0,0,0,1,0,7,7,8,41.76273109,-87.60098628
0,407771,-1,30,0,0,0,1,7,5,2,0,1,0,1,-1,-1,1,14,16,621,-1,-1,-1,-1,-1,-1,2,0,0,0,0,0,1,0,7,7,8,41.75611195,-87.63655506
0,407751,-1,30,1,2,1,1,0,5,2,0,0,0,1,1,-1,1,6,6,734,-1,-1,-1,-1,-1,-1,2,0,0,0,0,0,2,0,7,7,8,41.75963244,-87.65890901
0,407761,-1,20,0,0,0,1,7,6,-1,0,1,0,0,-1,-1,-1,11,-1,2032,-1,-1,-1,-1,-1,-1,2,0,0,0,0,0,1,0,7,7,8,41.97231351,-87.67440696
0,407759,-1,40,0,0,1,1,12,3,4,0,1,0,0,-1,-1,1,17,11,331,-1,-1,-1,-1,-1,-1,2,0,0,0,0,0,2,0,7,7,8,41.78132031,-87.57507937
0,408244,1,30,0,0,-1,-1,7,2,2,0,-1,0,0,-1,-1,1,0,0,921,-1,-1,-1,-1,-1,-1,2,0,0,0,0,0,1,0,7,7,8,41.8217753,-87.68985085
0,407753,-1,30,2,0,1,1,2,5,-1,0,1,0,1,-1,-1,-1,34,-1,1813,-1,-1,-1,-1,-1,-1,1,0,0,0,0,0,1,0,7,7,8,41.91661771,-87.63890951
0,407729,1,30,1,2,-1,-1,7,3,-1,0,-1,0,0,-1,-1,0,0,0,1413,-1,-1,-1,-1,-1,-1,3,0,0,0,0,0,1,0,7,7,8,41.92147257,-87.70748429
0,407738,-1,10,0,0,1,1,7,7,-1,0,1,0,0,-1,-1,-1,20,11,735,-1,-1,-1,-1,-1,-1,2,0,0,0,0,0,1,0,6,7,8,41.76579077,-87.66396689
0,407785,-1,30,0,0,1,1,12,5,2,0,0,0,0,-1,-1,-1,0,0,1013,-1,-1,-1,-1,-1,-1,2,0,0,0,0,0,2,0,6,7,8,41.84472635,-87.71738925
0,407752,1,35,0,0,-1,-1,7,5,2,0,-1,-1,1,-1,-1,0,0,0,1723,-1,-1,-1,-1,-1,-1,2,0,0,0,0,0,1,0,6,7,8,41.96827453,-87.71496053
0,407723,-1,30,0,0,0,2,2,12,2,0,1,0,1,-1,-1,0,0,-1,411,-1,-1,-1,-1,-1,-1,1,0,0,0,0,0,1,0,6,7,8,41.75676099,-87.5940935
0,407720,-1,30,1,2,0,2,2,2,0,0,1,0,1,1,-1,1,0,-1,1634,-1,-1,-1,-1,-1,-1,1,0,0,0,0,0,1,0,6,7,8,41.95324878,-87.75229549
0,409563,-1,30,0,0,0,1,0,0,-1,0,0,0,0,-1,-1,-1,-1,-1,813,-1,-1,-1,-1,-1,-1,2,0,0,0,0,0,2,0,5,7,8,41.78576161,-87.73166573
0,407713,-1,0,0,0,2,3,7,6,-1,0,1,0,0,-1,-1,-1,27,-1,833,-1,-1,-1,-1,-1,-1,2,0,0,0,0,0,1,0,5,7,8,41.7717313,-87.73828587
0,407701,-1,30,0,0,2,3,7,5,-1,0,1,0,0,-1,-1,1,16,0,835,-1,-1,-1,-1,-1,-1,2,0,0,0,0,0,1,0,5,7,8,41.74174304,-87.69907837
0,407710,-1,30,0,0,2,0,10,5,-1,0,1,0,0,-1,-1,1,0,0,833,-1,-1,-1,-1,-1,-1,2,0,0,0,0,0,2,0,5,7,8,41.77165015,-87.72272965
0,407717,-1,30,1,2,2,3,14,6,4,0,1,0,1,1,-1,1,6,14,322,-1,-1,-1,-1,-1,-1,2,0,0,0,0,0,2,0,5,7,8,41.77225808,-87.62496946
4,407693,-1,30,2,2,2,3,2,5,2,0,1,-1,1,1,-1,-1,14,22,1131,-1,0,-1,-1,-1,-1,1,1,1,0,0,0,0,0,5,7,8,41.87679259,-87.74060071
0,408882,0,35,0,0,0,1,10,3,4,0,0,0,0,-1,-1,-1,-1,-1,114,-1,-1,-1,-1,-1,-1,2,0,0,0,0,0,2,0,5,7,8,41.87857917,-87.61728902
0,407704,-1,35,2,2,2,3,0,2,4,0,1,0,0,1,-1,-1,17,34,1612,-1,-1,-1,-1,-1,-1,2,0,0,0,0,0,5,0,4,7,8,41.98429052,-87.82252023
0,407680,-1,30,1,2,2,3,10,5,2,0,1,0,0,-1,-1,-1,16,0,1115,-1,-1,-1,-1,-1,-1,2,0,0,0,0,0,2,0,4,7,8,41.88080416,-87.72824442
3,407676,-1,40,0,0,2,3,10,3,4,0,1,0,1,-1,-1,-1,16,22,2024,-1,-1,-1,-1,-1,-1,2,1,0,1,0,0,1,0,4,7,8,41.97704061,-87.65059745
0,407725,-1,30,0,0,2,3,7,6,2,0,1,0,0,-1,-1,1,0,0,1222,-1,-1,-1,-1,-1,-1,2,0,0,0,0,0,1,0,4,7,8,41.88217584,-87.68886183
0,407716,-1,30,0,0,-1,-1,7,6,-1,0,-1,0,1,-1,-1,1,0,0,1431,-1,-1,-1,-1,-1,-1,5,0,0,0,0,0,1,0,4,7,8,41.92296542,-87.68948509
0,407673,0,30,0,0,2,3,14,6,1,0,1,0,0,-1,-1,-1,0,-1,2521,-1,-1,-1,-1,-1,-1,2,0,0,0,0,0,2,0,4,7,8,41.92517735,-87.75552487
0,408107,1,30,0,0,-1,3,7,6,3,0,-1,-1,0,-1,-1,1,0,-1,2011,-1,-1,-1,-1,-1,-1,2,0,0,0,0,0,1,0,4,7,8,41.98850953,-87.69166819
2,407665,-1,30,0,0,2,3,2,5,-1,0,1,0,1,1,-1,-1,13,-1,2533,-1,-1,-1,-1,-1,-1,1,1,0,0,1,0,1,0,3,7,8,41.91111883,-87.73873992
2,407712,-1,30,0,0,0,3,9,2,4,0,1,0,1,-1,-1,1,-1,-1,1533,-1,-1,-1,-1,-1,-1,2,1,0,0,1,0,1,0,3,7,8,41.88033045,-87.74978952
0,407650,-1,30,0,0,2,3,7,5,4,0,1,0,1,-1,-1,-1,32,21,2012,-1,-1,-1,-1,-1,-1,3,0,0,0,0,0,1,0,3,7,8,41.97780146,-87.68907769
0,412264,-1,30,0,0,0,1,7,12,-1,0,0,0,0,-1,-1,-1,-1,-1,921,-1,-1,-1,-1,-1,-1,2,0,0,0,0,0,1,0,3,7,8,41.82008282,-87.69985877
0,13407661,-1,30,6,2,0,3,2,2,2,1,0,0,1,-1,-1,1,14,16,822,-1,-1,-1,-1,-1,-1,1,0,0,0,0,0,1,0,3,7,8,41.79326355,-87.71275989
0,412705,-1,30,0,0,0,3,11,5,-1,0,0,0,0,-1,-1,1,22,7,1412,-1,-1,-1,-1,-1,-1,2,0,0,0,0,0,2,0,3,7,8,41.93213419,-87.70833325
0,410583,-1,30,0,0,2,0,7,6,-1,0,1,0,0,-1,-1,1,0,0,2413,-1,-1,-1,-1,-1,-1,2,0,0,0,0,0,1,0,3,7,8,41.9918971,-87.69808328
0,407873,-1,30,0,0,0,3,7,5,3,0,0,0,1,-1,-1,1,0,0,235,-1,-1,-1,-1,-1,-1,2,0,0,0,0,0,1,0,3,7,8,41.79161835,-87.59075162
0,407646,-1,30,1,2,0,3,10,6,-1,0,0,0,0,1,-1,-1,18,-1,634,-1,-1,-1,-1,-1,-1,2,0,0,0,0,0,2,0,3,7,8,41.7217102,-87.62518223
0,407631,-1,30,0,0,0,3,7,6,-1,0,-1,0,1,-1,-1,-1,27,32,1513,-1,-1,-1,-1,-1,-1,2,0,0,0,0,0,1,0,3,7,8,41.86660457,-87.77185914
0,407616,-1,35,1,2,2,3,10,3,4,0,1,0,1,1,-1,-1,16,0,1723,-1,-1,-1,-1,-1,-1,3,0,0,0,0,0,3,0,2,7,8,41.9538626,-87.72032226
0,407658,-1,45,0,0,0,3,12,3,4,0,0,0,1,-1,-1,0,32,25,212,-1,-1,-1,-1,-1,-1,2,0,0,0,0,0,2,0,2,7,8,41.83111177,-87.60627454
0,409277,1,25,0,0,0,-1,7,6,1,0,-1,0,0,-1,-1,0,11,0,1934,-1,-1,-1,-1,-1,-1,2,0,0,0,0,0,1,0,2,7,8,41.93569707,-87.64855313
0,408542,1,30,0,0,0,0,7,5,-1,0,0,0,0,-1,-1,1,0,-1,814,-1,-1,-1,-1,-1,-1,2,0,0,0,0,0,1,0,2,7,8,41.79361426,-87.75851867
0,408402,1,30,0,0,0,0,7,5,2,0,0,0,0,-1,-1,1,0,-1,822,-1,-1,-1,-1,-1,-1,2,0,0,0,0,0,1,0,2,7,8,41.79627898,-87.7094172
0,407922,-1,30,1,2,1,3,14,12,-1,0,-1,0,0,-1,-1,-1,17,22,1831,-1,-1,-1,-1,-1,-1,2,0,0,0,0,0,2,0,2,7,8,41.89302506,-87.63802327
0,407603,-1,30,0,0,0,3,7,6,1,0,0,0,1,-1,-1,1,32,25,1722,-1,-1,-1,-1,-1,-1,7,0,0,0,0,0,1,0,1,7,8,41.96752697,-87.73029931
0,407590,-1,30,1,2,1,3,7,2,2,0,0,0,0,1,-1,-1,11,25,1831,-1,-1,-1,-1,-1,-1,2,0,0,0,0,0,1,0,1,7,8,41.88997769,-87.63122708