MOST_SEVERE_INJURY,RD_NO,CRASH_DATE_EST_I,POSTED_SPEED_LIMIT,TRAFFIC_CONTROL_DEVICE,DEVICE_CONDITION,WEATHER_CONDITION,LIGHTING_CONDITION,FIRST_CRASH_TYPE,TRAFFICWAY_TYPE,LANE_CNT,ALIGNMENT,ROADWAY_SURFACE_COND,ROAD_DEFECT,CRASH_TYPE,INTERSECTION_RELATED_I,NOT_RIGHT_OF_WAY_I,HIT_AND_RUN_I,PRIM_CONTRIBUTORY_CAUSE,SEC_CONTRIBUTORY_CAUSE,BEAT_OF_OCCURRENCE,PHOTOS_TAKEN_I,STATEMENTS_TAKEN_I,DOORING_I,WORK_ZONE_I,WORK_ZONE_TYPE,WORKERS_PRESENT_I,NUM_UNITS,INJURIES_TOTAL,INJURIES_FATAL,INJURIES_INCAPACITATING,INJURIES_NON_INCAPACITATING,INJURIES_REPORTED_NOT_EVIDENT,INJURIES_NO_INDICATION,INJURIES_UNKNOWN,CRASH_HOUR,CRASH_DAY_OF_WEEK,CRASH_MONTH,LATITUDE,LONGITUDE
0,407588,-1,30,0,-1,2,3,2,2,2,0,1,-1,1,-1,-1,-1,34,0,2515,-1,-1,-1,-1,-1,-1,1,0,0,0,0,0,1,0,1,7,8,41.9182437,-87.7624055
0,407591,-1,30,1,2,0,3,10,2,2,0,0,0,0,1,-1,-1,7,0,1633,-1,-1,-1,-1,-1,-1,2,0,0,0,0,0,4,0,1,7,8,41.93880726,-87.76665505
0,407583,-1,20,2,2,0,3,0,6,1,0,0,0,0,1,-1,-1,17,16,832,-1,-1,-1,-1,-1,-1,3,0,0,0,0,0,2,0,1,7,8,41.76106498,-87.68789334
0,407576,-1,30,0,0,0,3,2,7,-1,0,0,0,1,-1,1,0,0,0,1732,-1,-1,-1,-1,-1,-1,1,0,0,0,0,0,1,0,1,7,8,41.93937033,-87.71356602
0,407574,-1,30,0,0,2,3,7,5,2,0,1,0,0,-1,1,-1,11,34,835,-1,-1,-1,-1,-1,-1,2,0,0,0,0,0,1,0,1,7,8,41.75339052,-87.69923027
0,409853,-1,30,1,-1,0,1,12,5,3,0,0,-1,0,-1,-1,-1,0,0,2234,-1,-1,-1,-1,-1,-1,2,0,0,0,0,0,2,0,1,7,8,41.67759606,-87.66419631
0,407984,1,30,0,0,2,3,7,6,1,0,1,0,0,-1,-1,1,20,0,2521,-1,-1,-1,-1,-1,-1,2,0,0,0,0,0,1,0,1,7,8,41.9368394,-87.73957272
0,407861,1,30,0,0,2,3,7,2,2,0,1,0,1,-1,-1,1,0,0,2514,-1,-1,-1,-1,-1,-1,2,0,0,0,0,0,1,0,1,7,8,41.93117709,-87.76555052
0,407575,-1,40,0,0,0,3,2,2,3,3,0,0,1,-1,-1,1,15,16,331,-1,-1,-1,-1,-1,-1,1,0,0,0,0,0,2,0,1,7,8,41.79263407,-87.58047323
0,407568,-1,30,2,2,0,3,0,5,2,0,0,-1,1,1,-1,1,32,5,1034,-1,-1,-1,-1,-1,-1,2,0,0,0,0,0,4,0,1,7,8,41.85202922,-87.67816708
0,407565,-1,25,1,-1,0,3,0,2,8,0,0,0,1,1,-1,-1,15,0,523,-1,-1,-1,1,2,-1,2,0,0,0,0,0,2,0,0,7,8,41.6621277,-87.64148984
0,407600,-1,30,0,0,0,3,12,2,2,0,0,0,0,-1,-1,1,21,0,1224,-1,-1,-1,-1,-1,-1,2,0,0,0,0,0,2,0,0,7,8,41.88380059,-87.64756557
0,407555,-1,30,0,0,0,0,7,6,1,0,0,0,0,-1,-1,-1,20,-1,422,-1,-1,-1,-1,-1,-1,2,0,0,0,0,0,1,0,0,7,8,41.75077761,-87.55908672
0,407554,-1,30,0,0,2,3,12,3,4,0,1,0,1,-1,-1,-1,34,21,834,-1,-1,-1,-1,-1,-1,2,0,0,0,0,0,2,0,0,7,8,41.74910653,-87.73415568
1,407525,-1,30,1,-1,2,3,9,2,2,0,1,0,1,1,-1,1,17,-1,932,-1,-1,-1,-1,-1,-1,2,1,0,0,0,1,2,0,0,7,8,41.79394663,-87.68389665
0,407552,-1,20,2,12,0,3,10,6,2,0,0,0,0,-1,-1,1,18,0,1834,1,-1,-1,-1,-1,-1,2,0,0,0,0,0,3,0,23,6,8,41.89085544,-87.61097557
0,407509,-1,25,0,0,2,3,11,5,2,0,1,0,0,-1,-1,1,25,16,1234,-1,-1,-1,-1,-1,-1,2,0,0,0,0,0,2,0,23,6,8,41.8564208,-87.67855378
0,407515,-1,25,0,0,2,3,2,5,2,0,1,0,1,-1,1,0,14,33,1135,-1,-1,-1,-1,-1,-1,1,0,0,0,0,0,1,0,23,6,8,41.8733643,-87.69349445
0,407517,-1,30,0,0,0,0,12,2,2,0,0,0,0,-1,-1,1,17,15,512,-1,-1,-1,-1,-1,-1,2,0,0,0,0,0,2,0,23,6,8,41.70700909,-87.62706321
0,407754,-1,39,1,2,0,3,14,5,4,0,0,0,0,-1,-1,-1,23,-1,132,-1,-1,-1,-1,-1,-1,2,0,0,0,0,0,2,0,23,6,8,41.86736837,-87.62398959
0,407524,-1,30,1,2,2,3,10,2,-1,0,1,0,0,-1,-1,1,16,-1,911,-1,-1,-1,-1,-1,-1,2,0,0,0,0,0,2,0,23,6,8,41.82803514,-87.70469773
0,407511,-1,30,1,2,2,3,10,2,-1,0,1,0,0,-1,-1,-1,0,-1,2512,-1,-1,-1,-1,-1,-1,2,0,0,0,0,0,2,0,23,6,8,41.92376208,-87.78853978
0,407536,-1,30,0,0,0,0,14,5,2,0,0,0,1,-1,1,-1,22,22,1224,-1,-1,-1,-1,-1,-1,2,0,0,0,0,0,2,0,23,6,8,41.88002365,-87.66885002
0,407550,-1,25,2,2,0,0,0,5,-1,0,0,0,0,1,-1,-1,0,0,923,-1,-1,-1,-1,-1,-1,2,0,0,0,0,0,4,0,23,6,8,41.80091515,-87.69292267
0,407526,-1,30,1,2,2,3,10,2,2,0,1,0,0,-1,-1,1,34,-1,922,-1,-1,-1,-1,-1,-1,2,0,0,0,0,0,3,0,23,6,8,41.80900229,-87.7038633
0,407477,1,30,1,2,2,3,14,5,4,0,1,0,0,1,-1,-1,23,34,2521,-1,-1,-1,-1,-1,-1,2,0,0,0,0,0,4,0,23,6,8,41.93167452,-87.74420824
0,407537,-1,55,0,0,2,3,2,3,8,3,1,0,1,-1,-1,-1,15,25,212,-1,-1,-1,-1,-1,-1,1,0,0,0,0,0,2,0,22,6,8,41.82925225,-87.60434518
0,411065,-1,30,2,2,0,0,12,5,-1,0,0,0,0,-1,-1,-1,-1,-1,1925,-1,-1,-1,-1,-1,-1,2,0,0,0,0,0,4,0,22,6,8,41.94239658,-87.64003153
0,407484,-1,30,0,0,0,0,7,5,2,0,0,0,0,-1,-1,-1,0,-1,2232,-1,-1,-1,-1,-1,-1,2,0,0,0,0,0,1,0,22,6,8,41.70854633,-87.6381655
0,407472,-1,35,0,2,2,3,10,2,2,0,1,12,0,1,-1,1,18,34,1733,-1,-1,-1,-1,-1,-1,2,0,0,0,0,0,2,0,22,6,8,41.94654177,-87.70408822
0,407570,-1,30,1,2,12,3,12,5,-1,0,12,-1,0,-1,-1,-1,22,-1,1925,-1,-1,-1,-1,-1,-1,2,0,0,0,0,0,2,0,22,6,8,41.94227189,-87.63977677
0,407489,-1,25,2,0,0,3,11,5,2,0,0,0,0,1,-1,-1,0,0,914,-1,-1,-1,-1,-1,-1,2,0,0,0,0,0,2,0,22,6,8,41.84937922,-87.6410584
0,407463,-1,30,0,0,2,4,14,5,-1,0,1,0,0,-1,-1,-1,19,-1,1723,-1,-1,-1,-1,-1,-1,2,0,0,0,0,0,3,0,22,6,8,41.96112041,-87.72279202
3,407459,-1,30,2,2,2,3,0,12,1,2,1,0,1,1,-1,1,17,-1,2521,-1,-1,-1,-1,-1,-1,2,2,0,1,0,1,2,0,22,6,8,41.931708,-87.74160524
0,415332,-1,30,0,0,-1,-1,7,5,-1,0,-1,-1,0,-1,-1,1,17,-1,1623,-1,-1,-1,-1,-1,-1,2,0,0,0,0,0,1,0,22,6,8,41.97352853,-87.75617207
0,407478,-1,30,2,12,0,3,10,2,2,0,0,0,0,-1,-1,0,18,0,912,1,-1,-1,-1,-1,-1,2,0,0,0,0,0,2,0,22,6,8,41.83767329,-87.67071029
0,407465,-1,30,2,0,0,0,10,6,-1,0,0,0,0,1,-1,-1,20,-1,421,-1,-1,-1,-1,-1,-1,2,0,0,0,0,0,3,0,22,6,8,41.75554892,-87.56006013
0,407445,-1,30,1,2,0,3,10,5,-1,0,0,-1,0,-1,-1,-1,0,0,1732,-1,-1,-1,-1,-1,-1,2,0,0,0,0,0,3,0,22,6,8,41.94488107,-87.71280509
0,407466,-1,30,1,2,0,3,10,5,2,0,0,12,0,-1,-1,-1,18,0,1422,-1,-1,-1,-1,-1,-1,2,0,0,0,0,0,2,0,22,6,8,41.91016285,-87.71195387
0,407495,-1,25,0,0,2,3,7,5,-1,0,1,0,0,-1,-1,-1,20,20,1823,-1,-1,-1,-1,-1,-1,2,0,0,0,0,0,1,0,22,6,8,41.90138781,-87.63782435
0,407464,-1,30,-1,-1,0,4,12,5,6,0,0,-1,0,1,-1,-1,22,21,1233,-1,-1,-1,-1,-1,-1,2,0,0,0,0,0,2,0,22,6,8,41.86206,-87.66640837
0,407431,-1,30,1,2,2,3,12,2,4,0,1,0,0,1,-1,1,6,22,1031,-1,-1,-1,-1,-1,-1,2,0,0,0,0,0,2,0,22,6,8,41.84400149,-87.73440502
0,407416,-1,30,1,2,0,3,10,2,2,0,0,0,0,-1,-1,-1,11,0,1833,-1,-1,-1,-1,-1,-1,2,0,0,0,0,0,2,0,21,6,8,41.89689341,-87.62044665
2,407418,-1,30,0,0,2,3,0,3,4,0,1,0,1,1,-1,-1,0,0,2223,-1,-1,-1,-1,-1,-1,2,2,0,0,1,1,0,0,21,6,8,41.71750973,-87.64316663
0,407405,-1,35,1,2,2,3,14,2,4,0,1,0,1,1,-1,-1,11,0,912,-1,-1,-1,-1,-1,-1,2,0,0,0,0,0,5,0,21,6,8,41.82621082,-87.68419989
0,407415,1,30,0,0,2,3,3,5,2,0,1,0,1,-1,-1,-1,32,21,2532,-1,-1,-1,-1,-1,-1,2,0,0,0,0,0,2,0,21,6,8,41.90234919,-87.75667284
0,407414,-1,30,0,0,0,3,12,5,-1,0,0,0,0,-1,-1,-1,17,-1,2033,-1,-1,-1,-1,-1,-1,2,0,0,0,0,0,2,0,21,6,8,41.96963099,-87.65983362
0,407399,-1,30,0,0,0,0,7,5,2,0,1,-1,1,-1,-1,-1,0,0,724,-1,-1,-1,-1,-1,-1,2,0,0,0,0,0,2,0,21,6,8,41.77297523,-87.65903859
0,407490,-1,30,0,0,0,0,2,0,-1,0,0,0,1,-1,-1,-1,23,16,522,-1,-1,-1,-1,-1,-1,1,0,0,0,0,0,3,0,21,6,8,41.67848583,-87.62498388
0,407803,1,30,0,0,0,3,7,5,2,0,0,0,0,-1,-1,1,0,0,924,-1,-1,-1,-1,-1,-1,2,0,0,0,0,0,1,0,21,6,8,41.81574934,-87.66612593
2,407354,-1,30,1,2,0,3,9,2,2,0,0,0,1,-1,-1,-1,17,33,1214,-1,-1,-1,-1,-1,-1,2,1,0,0,1,0,1,0,20,6,8,41.89114627,-87.64777461
0,407372,-1,30,1,2,0,0,14,5,-1,0,0,0,0,1,-1,-1,0,0,823,-1,-1,-1,-1,-1,-1,2,0,0,0,0,0,5,0,20,6,8,41.77898636,-87.69597258
0,407370,-1,30,1,1,0,3,10,2,-1,0,0,0,0,-1,-1,1,18,16,921,-1,-1,-1,-1,-1,-1,2,0,0,0,0,0,2,0,20,6,8,41.81710443,-87.69909987
2,407333,-1,30,1,-1,0,3,10,3,4,0,0,-1,1,1,-1,-1,18,-1,1723,-1,-1,-1,-1,-1,-1,2,1,0,0,1,0,1,0,20,6,8,41.95375843,-87.72755892
0,407313,-1,30,0,0,-1,-1,7,5,-1,0,0,0,0,-1,-1,1,0,-1,722,-1,-1,-1,-1,-1,-1,2,0,0,0,0,0,1,0,20,6,8,41.77343359,-87.63505492
0,408480,-1,30,1,2,1,4,10,5,4,0,0,0,0,-1,-1,-1,0,-1,1215,-1,-1,-1,-1,-1,-1,2,0,0,0,0,0,3,0,20,6,8,41.89108723,-87.66706144
0,407305,-1,20,0,0,0,3,2,0,-1,0,0,-1,0,-1,-1,1,0,-1,1924,-1,-1,-1,-1,-1,-1,1,0,0,0,0,0,1,0,20,6,8,41.94611882,-87.65081028
0,407324,-1,30,1,2,0,3,11,5,0,0,0,0,0,1,-1,-1,21,11,821,-1,-1,-1,-1,-1,-1,2,0,0,0,0,0,2,0,19,6,8,41.80822625,-87.70403167
0,407297,-1,30,0,0,0,4,10,5,-1,0,0,0,0,-1,-1,-1,-1,-1,823,-1,-1,-1,-1,-1,-1,2,0,0,0,0,0,3,0,19,6,8,41.77894986,-87.69840992
0,412626,-1,30,1,2,0,3,10,5,-1,0,0,0,0,-1,-1,1,0,0,1221,-1,-1,-1,-1,-1,-1,3,0,0,0,0,0,3,0,19,6,8,41.89563205,-87.68698687
0,407975,-1,30,1,2,2,3,10,5,-1,0,1,0,0,1,-1,-1,18,34,123,-1,-1,-1,-1,-1,-1,2,0,0,0,0,0,4,0,19,6,8,41.8736798,-87.63050239
0,407267,-1,35,0,0,0,2,7,5,-1,0,0,-1,0,-1,-1,-1,21,-1,1722,-1,-1,-1,-1,-1,-1,2,0,0,0,0,0,2,0,19,6,8,41.96088982,-87.74264951
0,407291,-1,30,0,0,1,3,10,5,2,0,0,0,0,-1,-1,-1,18,-1,1212,-1,-1,-1,-1,-1,-1,2,0,0,0,0,0,2,0,19,6,8,41.89604363,-87.67568937
0,407280,-1,20,1,2,0,2,7,6,1,0,0,0,0,-1,-1,-1,0,-1,1022,-1,-1,-1,-1,-1,-1,2,0,0,0,0,0,2,0,19,6,8,41.8555268,-87.70550789
0,407281,-1,30,0,0,0,4,10,5,4,0,0,0,0,-1,-1,-1,18,7,811,-1,-1,-1,-1,-1,-1,2,0,0,0,0,0,7,0,19,6,8,41.79381645,-87.77399742
2,407266,-1,30,0,0,0,3,8,5,-1,0,0,0,1,-1,-1,-1,0,-1,1731,-1,-1,-1,-1,-1,-1,2,1,0,0,1,0,1,0,19,6,8,41.94568948,-87.73490603
0,407310,-1,25,0,0,0,3,7,6,1,0,0,0,1,-1,-1,1,11,-1,2533,-1,-1,-1,-1,-1,-1,2,0,0,0,0,0,1,0,19,6,8,41.90898837,-87.74497611
0,407284,-1,30,1,2,0,4,10,5,-1,0,0,0,0,-1,-1,-1,18,-1,412,-1,-1,-1,-1,-1,-1,2,0,0,0,0,0,2,0,19,6,8,41.74233547,-87.57564359
2,407265,-1,30,0,0,0,3,12,5,6,0,0,0,1,-1,-1,-1,16,11,1031,-1,-1,-1,-1,-1,-1,3,1,0,0,1,0,3,0,19,6,8,41.82066945,-87.74365587
0,407326,1,30,0,0,0,1,7,5,2,0,0,0,0,-1,-1,1,0,-1,2513,-1,-1,-1,-1,-1,-1,2,0,0,0,0,0,1,0,19,6,8,41.91111819,-87.78127017
0,407395,-1,15,0,0,0,4,4,6,1,0,0,0,0,-1,-1,-1,0,-1,612,-1,-1,-1,-1,-1,-1,1,0,0,0,0,0,1,0,18,6,8,41.7530637,-87.65526669
0,408471,-1,40,0,0,0,-1,12,8,3,0,0,0,0,-1,-1,-1,22,-1,114,-1,-1,-1,-1,-1,-1,2,0,0,0,0,0,2,0,18,6,8,41.87332411,-87.61693637
0,407885,-1,35,1,2,1,4,10,5,-1,0,-1,-1,0,-1,-1,-1,20,-1,1731,-1,-1,-1,-1,-1,-1,2,0,0,0,0,0,2,0,18,6,8,41.94135149,-87.7274005
2,407243,-1,20,2,2,0,4,8,12,-1,0,0,0,1,1,-1,-1,17,5,2012,-1,-1,-1,-1,-1,-1,2,1,0,0,1,0,1,0,18,6,8,41.97785374,-87.68688172
0,409508,-1,30,0,0,0,0,10,5,-1,0,0,0,0,-1,-1,-1,18,-1,1624,-1,-1,-1,-1,-1,-1,2,0,0,0,0,0,2,0,18,6,8,41.95333437,-87.76388194
2,407338,-1,30,0,0,0,4,12,2,4,0,0,0,1,-1,-1,-1,21,17,834,-1,-1,-1,-1,-1,-1,2,1,0,0,1,0,1,0,18,6,8,41.7435365,-87.7410165
0,407282,-1,30,0,0,0,4,10,5,4,0,0,0,1,-1,-1,-1,14,18,911,-1,-1,-1,-1,-1,-1,2,0,0,0,0,0,2,0,18,6,8,41.82834882,-87.68454927
0,407241,-1,30,0,0,1,1,7,6,2,0,0,0,0,-1,-1,-1,0,19,1124,-1,-1,-1,-1,-1,-1,2,0,0,0,0,0,1,0,18,6,8,41.88094578,-87.70190093
2,407225,-1,30,2,2,1,1,0,5,-1,0,0,0,1,1,-1,-1,17,0,2535,-1,-1,-1,-1,-1,-1,2,1,0,0,1,0,5,0,18,6,8,41.90456671,-87.72271681
0,407234,-1,20,2,2,0,2,10,5,2,0,0,0,0,1,-1,-1,11,11,821,-1,-1,-1,-1,-1,-1,2,0,0,0,0,0,3,0,18,6,8,41.800763,-87.71607133
0,407219,-1,30,1,2,0,1,8,6,-1,0,0,0,0,1,-1,-1,6,17,111,-1,-1,-1,-1,-1,-1,2,0,0,0,0,0,4,0,18,6,8,41.88325032,-87.62958083
2,407255,-1,30,1,2,0,1,10,5,-1,0,0,0,1,-1,-1,-1,18,9,112,-1,1,-1,-1,-1,-1,2,1,0,0,1,0,1,0,18,6,8,41.88183069,-87.62791163
0,407199,-1,25,0,0,0,1,10,5,2,0,0,0,0,-1,-1,1,20,-1,1124,-1,-1,-1,-1,-1,-1,2,0,0,0,0,0,2,0,18,6,8,41.87747759,-87.70160046
0,407197,-1,30,2,2,0,1,3,6,1,0,0,0,0,1,-1,-1,20,-1,1423,-1,-1,-1,-1,-1,-1,2,0,0,0,0,0,3,0,18,6,8,41.90566851,-87.69187351
0,407205,-1,30,1,2,1,1,12,6,3,0,0,0,0,-1,-1,-1,17,11,1834,-1,-1,-1,-1,-1,-1,2,0,0,0,0,0,2,0,18,6,8,41.89248742,-87.62037365
0,407203,-1,30,1,2,0,1,10,5,4,0,0,0,0,1,-1,-1,18,0,813,-1,-1,-1,-1,-1,-1,2,0,0,0,0,0,2,0,18,6,8,41.79315506,-87.72330377
0,407189,-1,30,1,2,0,1,12,5,-1,0,0,0,0,-1,-1,1,22,-1,122,-1,-1,-1,-1,-1,-1,2,0,0,0,0,0,2,0,18,6,8,41.88080528,-87.63092933
0,407210,-1,20,0,0,0,4,7,6,2,0,0,0,0,-1,-1,-1,-1,-1,724,-1,-1,-1,-1,-1,-1,2,0,0,0,0,0,1,0,18,6,8,41.77044637,-87.65134988
0,407124,-1,30,2,2,0,1,0,5,4,0,0,0,1,1,-1,-1,17,-1,1225,-1,-1,-1,-1,-1,-1,2,0,0,0,0,0,4,0,18,6,8,41.87515478,-87.67375588
0,407201,-1,30,0,0,0,1,7,5,2,0,0,0,0,-1,-1,-1,27,27,822,-1,-1,-1,-1,-1,-1,2,0,0,0,0,0,1,0,18,6,8,41.78613101,-87.71755699
0,416881,-1,30,0,0,0,1,10,5,2,0,0,0,0,-1,-1,1,18,-1,1712,-1,-1,-1,-1,-1,-1,2,0,0,0,0,0,2,0,18,6,8,41.97238291,-87.74733803
0,408731,-1,30,0,0,0,0,12,6,2,0,0,0,0,-1,-1,-1,0,-1,121,-1,-1,-1,-1,-1,-1,2,0,0,0,0,0,3,0,18,6,8,41.87856242,-87.63972223
0,408223,-1,30,0,0,0,1,11,7,2,0,0,-1,0,-1,1,-1,0,0,832,-1,-1,-1,-1,-1,-1,2,0,0,0,0,0,2,0,18,6,8,41.768707,-87.68320837
0,407252,-1,30,0,0,0,1,7,7,-1,0,0,0,0,-1,1,1,-1,-1,813,-1,-1,-1,-1,-1,-1,2,0,0,0,0,0,1,0,18,6,8,41.78604516,-87.72302643
0,407240,-1,35,0,0,0,1,14,5,2,0,0,0,0,-1,-1,-1,17,-1,1722,-1,-1,-1,-1,-1,-1,2,0,0,0,0,0,3,0,18,6,8,41.96624228,-87.73763718
0,407198,1,30,1,2,0,1,12,2,4,0,0,0,0,1,-1,-1,0,0,114,-1,-1,-1,-1,-1,-1,2,0,0,0,0,0,2,0,17,6,8,41.88799053,-87.62249044
0,407982,-1,30,0,0,0,1,10,5,-1,0,0,0,0,-1,-1,-1,7,0,631,-1,-1,-1,-1,-1,-1,2,0,0,0,0,0,2,0,17,6,8,41.74385581,-87.61876554
0,407160,-1,20,0,0,0,1,11,7,-1,0,0,0,0,-1,-1,-1,-1,-1,2422,-1,-1,-1,-1,-1,-1,2,0,0,0,0,0,2,0,17,6,8,42.01636231,-87.67483641
2,407171,-1,30,1,2,1,1,14,3,3,0,0,0,1,-1,-1,-1,0,0,433,-1,-1,-1,-1,-1,-1,2,1,0,0,1,0,1,0,17,6,8,41.65473876,-87.55915216
0,407159,-1,25,2,1,0,1,0,5,2,0,0,0,0,1,-1,-1,17,17,823,-1,-1,-1,-1,-1,-1,2,0,0,0,0,0,4,0,17,6,8,41.77896999,-87.69588784
0,407726,-1,30,0,0,0,1,7,6,1,0,0,0,1,-1,-1,1,0,-1,1622,-1,-1,-1,-1,-1,-1,2,0,0,0,0,0,1,0,17,6,8,41.9874486,-87.77381627
2,407173,-1,30,0,0,0,1,11,2,4,0,0,0,1,-1,-1,-1,12,-1,1023,-1,-1,-1,-1,-1,-1,2,1,0,0,1,0,2,0,17,6,8,41.86278039,-87.69126116
0,407288,-1,35,0,0,0,1,10,5,2,0,-1,-1,0,-1,-1,-1,0,-1,1925,-1,-1,-1,-1,-1,-1,2,0,0,0,0,0,2,0,17,6,8,41.94349445,-87.640273
0,407190,-1,35,1,2,0,1,10,5,4,0,0,0,0,-1,-1,-1,20,-1,1412,-1,-1,-1,-1,-1,-1,2,0,0,0,0,0,4,0,17,6,8,41.93895813,-87.71261824
2,407158,-1,30,2,2,0,4,14,5,-1,0,0,-1,1,1,-1,-1,17,-1,724,-1,-1,-1,-1,-1,-1,2,1,0,0,1,0,1,0,17,6,8,41.77406045,-87.65449868
0,411066,-1,40,1,2,0,1,14,2,-1,0,0,0,0,-1,-1,-1,0,0,433,-1,-1,-1,-1,-1,-1,2,0,0,0,0,0,2,0,17,6,8,41.65930504,-87.55914966
0,409286,-1,25,0,0,0,1,7,5,-1,0,0,0,0,-1,-1,-1,20,-1,624,-1,-1,-1,-1,-1,-1,2,0,0,0,0,0,1,0,17,6,8,41.75140281,-87.60467334
0,407200,-1,30,0,0,0,1,12,2,-1,0,0,0,0,-1,-1,1,0,0,2411,-1,-1,-1,-1,-1,-1,2,0,0,0,0,0,2,0,17,6,8,42.0055228,-87.68047287
0,407123,-1,30,1,2,0,1,14,5,-1,0,0,0,0,1,-1,-1,17,33,2013,-1,-1,-1,-1,-1,-1,2,0,0,0,0,0,2,0,17,6,8,41.97629131,-87.66490041
0,407120,-1,25,0,0,0,1,7,6,1,0,0,0,1,-1,-1,-1,11,0,2011,-1,-1,-1,-1,-1,-1,4,0,0,0,0,0,2,0,17,6,8,41.98406335,-87.70550915
0,407237,-1,35,1,2,0,2,12,5,-1,0,0,0,0,-1,-1,1,21,16,1224,-1,-1,-1,-1,-1,-1,2,0,0,0,0,0,2,0,17,6,8,41.88181563,-87.64721472
0,407165,-1,30,0,0,0,1,12,5,2,0,0,0,0,-1,-1,-1,17,11,823,-1,-1,-1,-1,-1,-1,2,0,0,0,0,0,2,0,17,6,8,41.7791419,-87.69906222
0,407149,-1,30,2,2,0,1,10,5,4,0,0,0,0,1,-1,1,18,16,1931,-1,-1,-1,-1,-1,-1,3,0,0,0,0,0,4,0,17,6,8,41.93767947,-87.68828774
0,407141,-1,30,0,0,0,1,7,2,2,0,0,0,0,-1,-1,1,0,0,1112,-1,-1,-1,-1,-1,-1,2,0,0,0,0,0,2,0,17,6,8,41.89552225,-87.72125465
0,411401,-1,30,1,2,-1,1,14,1,4,0,-1,0,0,-1,-1,-1,0,0,2221,-1,-1,-1,-1,-1,-1,2,0,0,0,0,0,2,0,17,6,8,41.72104771,-87.68200483
1,407110,-1,20,2,2,1,1,0,5,2,0,1,0,1,1,-1,-1,5,0,713,-1,-1,-1,-1,-1,-1,2,1,0,0,0,1,1,0,17,6,8,41.7887808,-87.65722665
0,407102,-1,30,1,2,0,1,10,5,4,0,1,0,0,1,-1,-1,0,0,811,-1,-1,-1,-1,-1,-1,2,0,0,0,0,0,2,0,17,6,8,41.79505318,-87.7674161
0,407135,-1,30,0,0,0,1,12,5,2,0,0,-1,0,-1,-1,1,17,-1,1522,-1,-1,-1,-1,-1,-1,2,0,0,0,0,0,4,0,17,6,8,41.88013746,-87.76477703
0,407111,-1,30,0,0,0,1,12,2,-1,0,0,0,0,-1,-1,-1,21,21,2013,-1,-1,-1,-1,-1,-1,2,0,0,0,0,0,3,0,17,6,8,41.98564503,-87.66313327
-1,407776,-1,30,0,0,0,1,7,7,2,0,0,0,0,-1,1,-1,-1,-1,133,-1,-1,-1,-1,-1,-1,2,-1,-1,-1,-1,-1,-1,-1,17,6,8,41.84423259,-87.62195817
0,407143,-1,30,0,0,0,1,10,3,-1,0,0,0,0,-1,-1,1,0,-1,1411,-1,-1,-1,-1,-1,-1,2,0,0,0,0,0,2,0,17,6,8,41.93043981,-87.68799105
1,407084,-1,30,0,0,0,1,12,5,2,0,0,0,1,-1,-1,-1,11,0,432,-1,-1,-1,-1,-1,-1,2,1,0,0,0,1,2,0,17,6,8,41.70926565,-87.53875798
0,411286,-1,30,1,2,0,1,10,5,2,0,-1,0,0,-1,-1,-1,0,-1,1215,-1,-1,-1,-1,-1,-1,2,0,0,0,0,0,2,0,16,6,8,41.89603005,-87.66714336
0,407209,-1,30,0,0,0,1,14,6,-1,0,0,0,0,-1,-1,1,-1,-1,813,-1,-1,-1,-1,-1,-1,2,0,0,0,0,0,6,0,16,6,8,41.77842289,-87.73511067
0,407090,-1,30,2,2,0,1,0,2,-1,0,0,0,1,1,-1,1,17,-1,714,-1,-1,-1,-1,-1,-1,2,0,0,0,0,0,2,0,16,6,8,41.77954535,-87.66540023
0,407148,-1,20,0,0,1,1,10,7,-1,0,0,-1,0,-1,-1,1,20,-1,632,-1,-1,-1,-1,-1,-1,2,0,0,0,0,0,2,0,16,6,8,41.73660156,-87.6049681
0,407099,-1,30,0,0,0,1,0,7,1,0,0,0,0,-1,-1,-1,17,-1,1611,-1,-1,-1,-1,-1,-1,2,0,0,0,0,0,2,0,16,6,8,41.99744908,-87.78979576
0,407126,-1,30,1,0,1,1,14,5,2,0,1,0,0,-1,-1,1,23,-1,1211,-1,-1,-1,-1,-1,-1,2,0,0,0,0,0,2,0,16,6,8,41.89576324,-87.69676492
0,407097,-1,30,2,2,0,1,10,5,2,0,0,0,0,1,-1,-1,18,16,1633,-1,-1,-1,-1,-1,-1,2,0,0,0,0,0,2,0,16,6,8,41.94044398,-87.76671265
0,407079,-1,30,0,0,0,1,0,7,-1,0,0,0,0,-1,-1,-1,20,-1,632,-1,-1,-1,-1,-1,-1,2,0,0,0,0,0,6,0,16,6,8,41.73855093,-87.60502361
2,407089,-1,30,1,2,1,4,14,2,3,4,0,0,1,1,-1,-1,31,16,722,-1,-1,-1,-1,-1,-1,2,1,0,0,1,0,2,0,16,6,8,41.77274425,-87.6347762
0,407139,-1,0,-1,-1,0,1,12,3,3,0,-1,-1,0,-1,-1,-1,0,0,331,-1,-1,-1,-1,-1,-1,2,0,0,0,0,0,2,0,16,6,8,41.79153392,-87.58020874
0,407846,-1,30,1,2,0,1,10,5,2,0,0,0,0,-1,-1,-1,0,0,1712,-1,-1,-1,-1,-1,-1,2,0,0,0,0,0,2,0,16,6,8,41.97557666,-87.71385161