MOST_SEVERE_INJURY,RD_NO,CRASH_DATE_EST_I,POSTED_SPEED_LIMIT,TRAFFIC_CONTROL_DEVICE,DEVICE_CONDITION,WEATHER_CONDITION,LIGHTING_CONDITION,FIRST_CRASH_TYPE,TRAFFICWAY_TYPE,LANE_CNT,ALIGNMENT,ROADWAY_SURFACE_COND,ROAD_DEFECT,CRASH_TYPE,INTERSECTION_RELATED_I,NOT_RIGHT_OF_WAY_I,HIT_AND_RUN_I,PRIM_CONTRIBUTORY_CAUSE,SEC_CONTRIBUTORY_CAUSE,BEAT_OF_OCCURRENCE,PHOTOS_TAKEN_I,STATEMENTS_TAKEN_I,DOORING_I,WORK_ZONE_I,WORK_ZONE_TYPE,WORKERS_PRESENT_I,NUM_UNITS,INJURIES_TOTAL,INJURIES_FATAL,INJURIES_INCAPACITATING,INJURIES_NON_INCAPACITATING,INJURIES_REPORTED_NOT_EVIDENT,INJURIES_NO_INDICATION,INJURIES_UNKNOWN,CRASH_HOUR,CRASH_DAY_OF_WEEK,CRASH_MONTH,LATITUDE,LONGITUDE
0,407153,-1,30,0,0,0,1,11,5,4,0,0,2,0,-1,-1,1,22,22,832,-1,-1,-1,-1,-1,-1,2,0,0,0,0,0,2,0,16,6,8,41.76893265,-87.6832141
0,407094,-1,20,0,0,0,1,11,2,2,0,0,0,0,-1,-1,-1,0,0,2411,-1,-1,-1,-1,-1,-1,2,0,0,0,0,0,2,0,16,6,8,42.00920601,-87.70907631
0,407080,-1,30,2,2,0,1,14,5,2,0,0,0,0,1,-1,1,17,23,821,-1,-1,-1,-1,-1,-1,2,0,0,0,0,0,2,0,16,6,8,41.80618456,-87.7040662
0,407029,0,10,0,0,1,1,7,5,-1,2,0,0,0,-1,-1,-1,0,0,2423,-1,-1,-1,-1,-1,-1,2,0,0,0,0,0,1,0,16,6,8,42.01506126,-87.66891472
0,407067,-1,30,0,0,1,1,10,5,2,0,0,-1,0,-1,-1,1,0,-1,1013,-1,-1,-1,-1,-1,-1,2,0,0,0,0,0,2,0,16,6,8,41.84438631,-87.72272317
0,407056,-1,30,1,2,0,1,12,5,-1,0,0,0,1,-1,-1,-1,18,-1,821,-1,-1,-1,-1,-1,-1,2,0,0,0,0,0,3,0,16,6,8,41.82257679,-87.70459757
2,407116,-1,30,0,0,0,1,10,5,-1,0,0,0,1,-1,-1,-1,-1,-1,811,-1,-1,-1,-1,-1,-1,2,1,0,0,1,0,1,0,16,6,8,41.79435485,-87.77052715
0,407002,-1,30,1,2,1,1,7,5,4,0,0,-1,0,-1,-1,-1,-1,-1,921,-1,-1,-1,-1,-1,-1,2,0,0,0,0,0,3,0,16,6,8,41.81725078,-87.69885985
0,407016,-1,35,1,2,0,1,10,2,8,0,0,0,0,-1,-1,1,18,-1,411,-1,-1,-1,-1,-1,-1,2,0,0,0,0,0,2,0,16,6,8,41.75184531,-87.58614824
0,407012,-1,30,0,0,0,1,12,2,2,0,0,0,0,-1,-1,-1,0,0,235,-1,-1,-1,-1,-1,-1,2,0,0,0,0,0,2,0,16,6,8,41.79510594,-87.58770941
0,407024,-1,30,0,0,0,1,10,5,-1,0,0,0,0,-1,-1,-1,-1,-1,726,-1,-1,-1,-1,-1,-1,2,0,0,0,0,0,2,0,15,6,8,41.7721547,-87.676209
0,407021,-1,30,0,0,0,1,12,5,-1,0,0,0,0,-1,-1,-1,21,17,1414,-1,-1,-1,-1,-1,-1,2,0,0,0,0,0,2,0,15,6,8,41.92786304,-87.70660502
0,406970,-1,30,1,2,0,1,12,6,2,0,0,0,1,-1,-1,1,6,11,235,-1,-1,-1,-1,-1,-1,5,0,0,0,0,0,7,0,15,6,8,41.78739515,-87.59143657
0,411051,-1,30,1,2,0,1,12,5,2,0,0,0,0,1,-1,1,22,21,1914,-1,-1,-1,-1,-1,-1,2,0,0,0,0,0,4,0,15,6,8,41.96892113,-87.65467143
0,406982,-1,30,0,0,0,1,14,5,-1,0,0,0,0,-1,-1,-1,-1,-1,833,-1,-1,-1,-1,-1,-1,2,0,0,0,0,0,3,0,15,6,8,41.77314488,-87.72276939
0,407033,-1,15,-1,-1,2,1,7,12,1,2,-1,-1,1,-1,-1,-1,0,-1,823,-1,-1,-1,-1,-1,-1,7,0,0,0,0,0,1,0,15,6,8,41.77801071,-87.69687315
0,406955,-1,30,1,2,0,1,14,5,2,0,0,0,0,-1,-1,-1,0,-1,1231,-1,-1,-1,-1,-1,-1,2,0,0,0,0,0,2,0,15,6,8,41.8693195,-87.66660996
0,407040,-1,30,1,2,0,1,0,2,-1,2,0,0,1,1,-1,-1,17,-1,124,-1,-1,-1,-1,-1,-1,2,0,0,0,0,0,2,0,15,6,8,41.86980688,-87.64367009
0,416611,1,30,0,0,0,1,10,5,2,0,0,0,0,-1,-1,1,18,0,1722,-1,-1,-1,-1,-1,-1,2,0,0,0,0,0,2,0,15,6,8,41.96083095,-87.72830514
0,414818,-1,35,1,-1,0,1,10,5,-1,0,0,0,0,-1,-1,-1,18,-1,1712,-1,-1,-1,-1,-1,-1,2,0,0,0,0,0,2,0,15,6,8,41.97553743,-87.71748945
0,407008,1,30,1,2,0,1,14,5,-1,0,0,0,1,-1,-1,-1,16,0,1414,-1,-1,-1,-1,-1,-1,3,0,0,0,0,0,4,0,15,6,8,41.91759884,-87.69725375
1,407004,-1,40,0,0,0,1,10,5,2,0,0,0,1,-1,-1,-1,11,16,1631,-1,-1,-1,-1,-1,-1,3,4,0,0,0,4,1,0,15,6,8,41.95214123,-87.82834634
0,406985,-1,30,2,-1,1,1,14,12,-1,0,0,0,0,1,-1,-1,17,-1,211,1,-1,-1,-1,-1,-1,2,0,0,0,0,0,2,0,15,6,8,41.83632311,-87.62322899
0,409342,-1,10,0,0,0,1,7,7,-1,0,0,0,0,-1,-1,1,0,-1,1232,-1,-1,-1,-1,-1,-1,2,0,0,0,0,0,1,0,15,6,8,41.87801875,-87.64964082
0,406962,-1,30,0,2,1,1,12,5,4,0,0,0,0,-1,-1,-1,22,16,1822,-1,-1,-1,-1,-1,-1,2,0,0,0,0,0,2,0,15,6,8,41.90369831,-87.64824535
0,407504,-1,30,0,0,0,1,10,5,4,0,0,0,0,-1,-1,-1,7,7,411,-1,-1,-1,-1,-1,-1,2,0,0,0,0,0,2,0,15,6,8,41.75871547,-87.58628097
0,407054,-1,30,0,0,0,1,12,5,-1,0,0,0,0,-1,-1,-1,-1,-1,911,-1,-1,-1,-1,-1,-1,2,0,0,0,0,0,2,0,15,6,8,41.83002728,-87.69493784
0,407051,-1,0,0,0,0,1,12,5,1,0,0,0,0,-1,-1,-1,0,0,222,-1,-1,-1,-1,-1,-1,2,0,0,0,0,0,2,0,15,6,8,41.80255668,-87.58974669
0,407050,-1,30,0,0,0,1,7,5,2,0,0,0,1,-1,-1,-1,7,-1,1134,-1,-1,-1,-1,-1,-1,2,0,0,0,0,0,1,0,15,6,8,41.8759855,-87.70978671
0,406956,-1,30,0,0,1,1,12,5,2,0,0,0,0,-1,-1,-1,17,-1,1034,-1,-1,-1,-1,-1,-1,2,0,0,0,0,0,2,0,15,6,8,41.84194432,-87.69470711
0,406930,-1,30,1,2,0,1,0,5,4,0,0,0,0,1,-1,1,17,0,1221,-1,-1,-1,-1,-1,-1,2,0,0,0,0,0,3,0,15,6,8,41.88966922,-87.68672112
0,406973,-1,30,0,0,0,1,7,5,2,0,0,0,0,-1,-1,1,0,0,1814,-1,-1,-1,-1,-1,-1,2,0,0,0,0,0,3,0,15,6,8,41.92496618,-87.63992602
0,407179,-1,30,1,2,0,1,10,5,-1,0,0,0,0,1,-1,-1,17,18,1433,-1,-1,-1,-1,-1,-1,2,0,0,0,0,0,2,0,15,6,8,41.91488794,-87.66508457
2,407157,-1,30,1,-1,2,1,14,5,2,3,1,-1,1,1,-1,-1,22,22,1623,-1,-1,-1,-1,-1,-1,2,2,0,0,1,1,0,0,15,6,8,41.96785913,-87.75248871
0,407026,-1,30,0,0,-1,-1,7,7,1,0,-1,0,0,-1,1,1,0,-1,1413,-1,-1,-1,-1,-1,-1,2,0,0,0,0,0,1,0,15,6,8,41.92111567,-87.71175002
0,406937,-1,30,0,0,2,1,10,3,2,0,1,0,1,-1,-1,-1,18,16,1911,-1,-1,-1,-1,-1,-1,2,0,0,0,0,0,4,0,15,6,8,41.96855984,-87.68504657
0,406918,-1,25,1,2,1,1,14,6,1,0,0,0,0,1,-1,-1,23,21,813,-1,-1,-1,-1,-1,-1,2,0,0,0,0,0,3,0,15,6,8,41.77836441,-87.7399904
0,406902,-1,30,0,0,0,1,12,5,-1,0,0,0,0,-1,-1,1,17,-1,1624,-1,-1,-1,-1,-1,-1,2,0,0,0,0,0,5,0,14,6,8,41.96061186,-87.7475936
0,407043,-1,45,0,0,1,1,12,2,-1,0,0,0,0,-1,-1,-1,22,-1,1833,-1,-1,-1,-1,-1,-1,2,0,0,0,0,0,2,0,14,6,8,41.89735876,-87.61719928
0,406908,-1,15,0,0,0,1,2,7,-1,0,1,0,0,-1,-1,-1,20,-1,1134,-1,-1,-1,-1,-1,-1,1,0,0,0,0,0,1,0,14,6,8,41.87358229,-87.70548813
0,406887,-1,5,0,0,0,1,3,7,0,0,0,0,0,-1,1,-1,17,20,825,-1,-1,-1,-1,-1,-1,2,0,0,0,0,0,4,0,14,6,8,41.77692931,-87.68372872
0,406971,-1,30,1,2,0,1,10,5,2,0,0,0,0,1,-1,-1,18,0,911,-1,-1,-1,-1,-1,-1,2,0,0,0,0,0,2,0,14,6,8,41.82803514,-87.70469773
0,406889,-1,30,0,0,0,1,9,2,2,0,0,0,0,-1,-1,1,0,-1,221,-1,-1,-1,-1,-1,-1,2,0,0,0,0,0,2,0,14,6,8,41.81120795,-87.60645551
0,408339,-1,0,0,0,0,1,7,7,1,0,0,0,0,-1,1,-1,0,-1,1424,-1,-1,-1,-1,-1,-1,2,0,0,0,0,0,1,0,14,6,8,41.90771542,-87.67352857
0,407065,-1,30,0,0,0,1,10,5,4,0,0,0,0,-1,-1,1,18,0,832,-1,-1,-1,1,2,-1,2,0,0,0,0,0,2,0,14,6,8,41.77188403,-87.6835884
0,407030,-1,30,0,0,0,1,7,6,1,0,0,0,0,-1,-1,-1,21,-1,2521,-1,-1,-1,-1,-1,-1,2,0,0,0,0,0,1,0,14,6,8,41.92945137,-87.7428843
0,406892,-1,35,2,2,0,1,14,1,12,0,0,0,0,1,-1,-1,0,-1,1925,-1,-1,-1,-1,-1,-1,2,0,0,0,0,0,2,0,14,6,8,41.9404429,-87.63863354
0,406879,-1,25,0,0,0,2,12,6,-1,0,1,0,0,-1,-1,-1,17,11,1924,-1,-1,-1,-1,-1,-1,2,0,0,0,0,0,2,0,14,6,8,41.94189676,-87.65050282
0,406853,-1,40,3,5,0,1,12,3,4,5,0,1,0,-1,-1,-1,0,0,114,-1,-1,-1,-1,-1,-1,2,0,0,0,0,0,2,0,14,6,8,41.88326589,-87.61626953
2,406976,-1,40,0,0,1,1,10,3,8,0,1,0,1,-1,-1,1,18,-1,1824,-1,-1,-1,-1,-1,-1,2,1,0,0,1,0,3,0,14,6,8,41.90790993,-87.62574109
0,406896,-1,30,0,0,0,1,12,5,3,0,0,0,0,-1,-1,-1,0,0,1013,-1,-1,-1,-1,-1,-1,2,0,0,0,0,0,2,0,14,6,8,41.85079678,-87.72459131
0,406876,-1,30,-1,-1,-1,-1,12,-1,-1,0,-1,-1,0,-1,-1,-1,0,-1,1621,-1,-1,-1,-1,-1,-1,2,0,0,0,0,0,2,0,14,6,8,41.99719615,-87.76663285
0,406859,-1,30,1,2,0,1,10,3,-1,0,0,0,0,1,-1,-1,18,7,2012,-1,-1,-1,-1,-1,-1,2,0,0,0,0,0,2,0,14,6,8,41.99013026,-87.67059205
0,406925,-1,20,0,-1,-1,-1,7,6,1,0,-1,-1,1,-1,-1,0,0,-1,723,-1,-1,-1,-1,-1,-1,4,0,0,0,0,0,1,0,14,6,8,41.77693686,-87.6406466
0,406848,-1,25,4,0,0,1,10,2,2,0,0,0,0,-1,-1,-1,17,17,614,-1,-1,-1,-1,-1,-1,2,0,0,0,0,0,2,0,14,6,8,41.74314348,-87.66616649
-1,408451,1,30,0,0,-1,-1,2,7,2,0,0,-1,0,-1,-1,-1,0,0,1921,-1,-1,-1,-1,-1,-1,-1,-1,-1,-1,-1,-1,-1,-1,14,6,8,41.94321267,-87.6876759
0,407244,-1,25,0,0,0,1,7,6,1,0,0,-1,0,-1,-1,-1,20,-1,1723,-1,-1,-1,-1,-1,-1,2,0,0,0,0,0,1,0,14,6,8,41.96203767,-87.71576307
0,407039,-1,30,1,2,0,1,12,5,4,0,0,0,0,-1,-1,-1,17,0,1212,-1,-1,-1,-1,-1,-1,2,0,0,0,0,0,2,0,14,6,8,41.90262318,-87.68686934
0,406991,-1,30,0,0,1,1,12,5,2,0,0,0,0,-1,-1,-1,17,-1,913,-1,-1,-1,-1,-1,-1,2,0,0,0,0,0,2,0,14,6,8,41.83501847,-87.65608665
0,406974,-1,35,0,0,0,1,10,5,-1,0,0,0,0,-1,-1,-1,0,-1,1733,-1,-1,-1,-1,-1,-1,2,0,0,0,0,0,2,0,14,6,8,41.94308125,-87.70787598
0,406886,0,35,0,0,0,1,7,5,2,0,0,0,1,-1,-1,-1,21,-1,1922,-1,-1,-1,-1,-1,-1,2,0,0,0,0,0,1,0,14,6,8,41.95417032,-87.66978811
0,406872,1,30,0,0,0,-1,7,5,2,0,-1,0,0,-1,-1,1,11,-1,1235,-1,-1,-1,-1,-1,-1,2,0,0,0,0,0,1,0,14,6,8,41.85908879,-87.65077291
0,406963,-1,30,0,0,0,1,10,5,-1,0,0,12,1,-1,-1,-1,-1,-1,2221,-1,-1,-1,-1,-1,-1,2,0,0,0,0,0,2,0,13,6,8,41.73544437,-87.68236494
2,408177,-1,35,1,2,0,1,9,3,2,0,0,0,1,-1,-1,1,0,0,931,-1,-1,-1,-1,-1,-1,2,1,0,0,1,0,1,0,13,6,8,41.8085116,-87.66511729
0,409767,-1,30,0,0,0,1,12,5,-1,0,0,0,0,-1,-1,-1,17,-1,1731,-1,-1,-1,-1,-1,-1,2,0,0,0,0,0,2,0,13,6,8,41.94090587,-87.72984367
0,406893,-1,30,0,0,0,1,14,5,-1,0,0,0,0,-1,-1,-1,-1,-1,833,-1,-1,-1,-1,-1,-1,2,0,0,0,0,0,3,0,13,6,8,41.76400775,-87.72249911
0,406860,-1,30,1,2,0,1,7,3,4,0,0,0,0,1,-1,-1,0,-1,123,-1,-1,-1,-1,-1,-1,2,0,0,0,0,0,2,0,13,6,8,41.87309549,-87.62434525
0,406820,-1,30,0,0,0,1,12,3,-1,2,0,0,0,-1,-1,1,25,16,2513,-1,-1,-1,-1,-1,-1,2,0,0,0,0,0,2,0,13,6,8,41.90906215,-87.80024471
0,406819,-1,30,1,2,1,1,14,5,2,0,0,0,0,1,-1,-1,22,16,815,-1,-1,-1,-1,-1,-1,2,0,0,0,0,0,4,0,13,6,8,41.80789012,-87.73078367
0,406815,-1,35,0,0,0,1,10,5,4,0,0,0,0,-1,-1,1,18,18,835,-1,-1,-1,-1,-1,-1,3,0,0,0,0,0,3,0,13,6,8,41.74972842,-87.70224647
0,406811,-1,30,1,2,0,1,14,5,-1,0,0,0,0,1,-1,-1,17,-1,2413,-1,-1,-1,-1,-1,-1,2,0,0,0,0,0,4,0,13,6,8,41.99059126,-87.68952829
0,406837,-1,30,0,0,0,1,7,5,1,0,0,0,0,-1,-1,-1,0,0,1812,-1,-1,-1,-1,-1,-1,2,0,0,0,0,0,1,0,13,6,8,41.91988304,-87.6499341
0,411884,-1,30,1,2,0,1,10,5,-1,0,0,0,0,-1,-1,-1,16,25,1225,-1,-1,-1,-1,-1,-1,2,0,0,0,0,0,2,0,13,6,8,41.86838956,-87.68593943
0,408884,0,25,0,0,0,1,7,5,2,0,0,0,0,-1,-1,1,0,0,835,-1,-1,-1,-1,-1,-1,2,0,0,0,0,0,1,0,13,6,8,41.74673796,-87.68535455
0,407269,-1,30,0,0,0,1,10,5,2,0,0,0,0,-1,-1,-1,18,-1,1023,-1,-1,-1,-1,-1,-1,2,0,0,0,0,0,2,0,13,6,8,41.85276937,-87.69532831
0,407071,-1,30,0,0,0,1,10,5,4,0,0,0,0,-1,-1,-1,18,-1,1225,-1,-1,-1,-1,-1,-1,2,0,0,0,0,0,2,0,13,6,8,41.86697481,-87.68590316
0,406812,-1,30,0,0,0,1,7,5,2,0,0,0,0,-1,-1,-1,8,0,1824,-1,0,-1,-1,-1,-1,2,0,0,0,0,0,2,0,13,6,8,41.90075297,-87.624235
0,406805,-1,30,1,2,0,1,10,5,-1,0,0,0,0,-1,-1,-1,18,0,813,-1,-1,-1,-1,-1,-1,2,0,0,0,0,0,2,0,13,6,8,41.7785759,-87.73901988
2,406781,-1,30,2,2,0,1,14,2,-1,0,0,0,1,1,-1,-1,17,-1,834,-1,1,-1,-1,-1,-1,2,3,0,0,2,1,2,0,13,6,8,41.73662828,-87.72164008
0,412310,-1,30,0,0,-1,1,14,5,-1,0,-1,-1,0,-1,-1,-1,12,-1,1235,-1,-1,-1,-1,-1,-1,2,0,0,0,0,0,2,0,13,6,8,41.85252886,-87.66112267
0,407956,-1,30,0,0,0,1,7,5,-1,0,0,0,0,-1,-1,1,-1,-1,1622,-1,-1,-1,-1,-1,-1,2,0,0,0,0,0,1,0,13,6,8,41.98484181,-87.7780557
0,406800,-1,30,0,0,0,1,10,5,-1,0,0,-1,0,-1,-1,-1,0,-1,1614,-1,-1,-1,-1,-1,-1,2,0,0,0,0,0,2,0,13,6,8,41.98573161,-87.83271217
0,406917,-1,30,0,0,1,1,10,5,-1,0,0,0,0,-1,-1,1,0,0,2212,-1,-1,-1,-1,-1,-1,3,0,0,0,0,0,8,0,13,6,8,41.69966431,-87.65881328
0,406841,-1,5,0,0,0,1,5,4,-1,0,0,0,0,-1,-1,-1,-1,-1,2211,-1,-1,-1,-1,-1,-1,1,0,0,0,0,0,1,0,13,6,8,41.68519009,-87.70531608
2,406761,-1,30,2,2,0,1,0,5,2,0,0,0,1,1,-1,-1,0,-1,1111,-1,-1,-1,-1,-1,-1,4,3,0,0,2,1,1,0,12,6,8,41.89892838,-87.73857374
0,406755,-1,30,0,0,1,1,2,7,-1,0,0,0,0,-1,1,-1,16,-1,833,-1,-1,-1,-1,-1,-1,1,0,0,0,0,0,1,0,12,6,8,41.76769188,-87.72233765
0,409372,-1,30,1,2,0,1,10,2,8,0,0,0,0,1,-1,-1,18,18,935,-1,-1,-1,-1,-1,-1,2,0,0,0,0,0,2,0,12,6,8,41.79463883,-87.63226705
2,407077,-1,30,0,0,0,1,10,8,2,2,0,0,1,1,-1,-1,0,0,1722,-1,-1,-1,-1,-1,-1,2,3,0,0,3,0,1,0,12,6,8,41.95372754,-87.73233022
0,406791,-1,30,-1,-1,-1,-1,10,-1,-1,0,-1,-1,0,-1,-1,-1,0,-1,1632,-1,-1,-1,-1,-1,-1,2,0,0,0,0,0,2,0,12,6,8,41.95263328,-87.79742116
0,406738,-1,35,0,0,2,1,12,5,4,0,1,0,0,-1,-1,-1,21,-1,1433,-1,-1,-1,-1,-1,-1,2,0,0,0,0,0,2,0,12,6,8,41.90359031,-87.65921321
0,406836,1,30,0,0,2,4,7,6,3,0,0,0,0,-1,-1,-1,22,20,612,-1,-1,-1,-1,-1,-1,2,0,0,0,0,0,1,0,12,6,8,41.75194022,-87.66171741
0,406821,-1,30,0,0,0,1,10,5,2,0,-1,-1,0,-1,-1,1,20,27,1913,-1,-1,-1,-1,-1,-1,2,0,0,0,0,0,2,0,12,6,8,41.96524605,-87.66027992
0,406721,-1,30,0,0,1,1,14,5,4,0,0,0,0,-1,-1,1,14,17,1215,1,-1,-1,-1,-1,-1,2,0,0,0,0,0,2,0,12,6,8,41.8900175,-87.66522778
0,406713,-1,25,1,2,2,1,14,5,1,0,1,0,0,1,-1,-1,23,0,312,-1,-1,-1,-1,-1,-1,2,0,0,0,0,0,4,0,12,6,8,41.78029921,-87.60598928
0,407471,-1,25,-1,-1,-1,-1,8,5,1,0,-1,-1,0,-1,-1,-1,11,0,2535,-1,-1,0,-1,-1,-1,3,0,0,0,0,0,2,0,12,6,8,41.91550368,-87.72543167
0,406734,-1,30,0,0,2,1,10,5,-1,0,1,0,0,-1,-1,-1,18,-1,1414,-1,-1,-1,-1,-1,-1,2,0,0,0,0,0,2,0,12,6,8,41.91756599,-87.70682638
0,406946,-1,30,0,0,1,1,12,5,6,0,0,0,0,-1,-1,-1,17,21,833,-1,-1,-1,-1,-1,-1,2,0,0,0,0,0,3,0,12,6,8,41.76400775,-87.72249911
0,406814,-1,30,1,2,0,1,10,5,4,0,0,0,0,1,-1,-1,0,0,1831,-1,-1,-1,-1,-1,-1,2,0,0,0,0,0,3,0,12,6,8,41.89165815,-87.63687919
0,406744,-1,30,1,2,2,1,14,5,-1,0,1,-1,0,-1,-1,-1,17,-1,1622,-1,-1,-1,-1,-1,-1,2,0,0,0,0,0,2,0,12,6,8,41.98304903,-87.76840629
0,406718,-1,30,0,0,0,1,12,2,2,0,0,0,1,-1,-1,-1,17,-1,1833,-1,-1,-1,-1,-1,-1,2,0,0,0,0,0,3,0,12,6,8,41.90078486,-87.62189276
0,406919,-1,35,1,2,0,1,10,5,2,0,0,0,0,-1,-1,-1,18,0,413,-1,-1,-1,-1,-1,-1,2,0,0,0,0,0,2,0,12,6,8,41.7278454,-87.57563571
0,406783,-1,30,2,0,1,1,0,5,2,0,1,0,0,1,-1,-1,5,-1,1823,-1,-1,-1,-1,-1,-1,2,0,0,0,0,0,2,0,12,6,8,41.89882497,-87.63789283
0,406716,-1,30,0,0,1,1,14,5,2,0,0,0,0,-1,-1,1,0,0,1811,-1,-1,-1,-1,-1,-1,2,0,0,0,0,0,2,0,12,6,8,41.92512408,-87.66347016
0,406692,-1,30,2,2,0,1,0,5,4,0,0,0,0,1,-1,0,17,0,1731,-1,-1,-1,-1,-1,-1,2,0,0,0,0,0,2,0,12,6,8,41.9391701,-87.729766
0,406727,-1,30,1,2,2,1,10,5,4,0,1,0,0,-1,-1,-1,34,18,124,-1,-1,-1,-1,-1,-1,3,0,0,0,0,0,3,0,12,6,8,41.86182629,-87.63892365
0,406677,-1,30,0,2,2,1,10,5,-1,0,1,0,0,-1,-1,-1,18,0,2512,-1,-1,-1,-1,-1,-1,3,0,0,0,0,0,3,0,12,6,8,41.91970975,-87.80597064
0,409480,-1,30,0,0,0,-1,2,0,-1,0,0,0,0,-1,1,1,0,0,1423,-1,-1,-1,-1,-1,-1,1,0,0,0,0,0,1,0,12,6,8,41.90347902,-87.68964816
0,407925,1,30,0,0,-1,-1,7,5,-1,0,-1,0,0,-1,-1,1,0,0,414,-1,-1,-1,-1,-1,-1,2,0,0,0,0,0,1,0,12,6,8,41.75148109,-87.56973681
0,406683,-1,30,1,2,2,1,12,2,-1,0,1,0,0,-1,-1,-1,0,0,2012,-1,-1,-1,-1,-1,-1,2,0,0,0,0,0,2,0,12,6,8,41.97628275,-87.66955681
0,406675,-1,25,1,2,2,1,10,2,-1,0,1,0,0,1,-1,1,18,0,1915,-1,-1,-1,-1,-1,-1,2,0,0,0,0,0,3,0,12,6,8,41.95466725,-87.64541063
0,406684,-1,25,4,0,2,1,0,0,2,0,1,0,0,1,-1,-1,15,14,1121,-1,-1,-1,-1,-1,-1,2,0,0,0,0,0,2,0,11,6,8,41.89355889,-87.71208183
0,411033,-1,30,1,2,2,1,12,2,2,0,0,-1,0,-1,-1,1,21,-1,1122,-1,-1,-1,-1,-1,-1,2,0,0,0,0,0,2,0,11,6,8,41.88085039,-87.72468087
0,406849,-1,35,0,0,0,1,0,5,-1,0,0,0,0,-1,-1,-1,0,0,1732,-1,-1,-1,-1,-1,-1,2,0,0,0,0,0,2,0,11,6,8,41.94657906,-87.72018626
0,406717,-1,15,0,0,1,1,0,0,-1,0,1,0,0,-1,-1,0,17,-1,1921,-1,-1,-1,-1,-1,-1,2,0,0,0,0,0,3,0,11,6,8,41.94726819,-87.68933878
0,406699,-1,30,1,2,1,1,14,5,4,0,1,0,0,1,-1,-1,23,11,1914,-1,-1,-1,-1,-1,-1,2,0,0,0,0,0,2,0,11,6,8,41.96188323,-87.65512656
0,406689,-1,30,2,2,2,1,0,5,1,0,1,0,1,1,-1,-1,17,33,1221,-1,-1,-1,-1,-1,-1,2,0,0,0,0,0,4,0,11,6,8,41.88983392,-87.67699972
0,406669,-1,30,1,2,2,1,10,2,2,0,1,-1,0,-1,-1,-1,34,34,1611,-1,-1,-1,-1,-1,-1,3,0,0,0,0,0,3,0,11,6,8,42.01865151,-87.80669988
1,406622,-1,30,0,0,2,1,14,2,-1,0,1,0,1,-1,-1,-1,0,-1,815,-1,-1,-1,-1,-1,-1,2,2,0,0,0,2,0,0,11,6,8,41.7988666,-87.74234371
0,406640,-1,30,1,2,2,1,0,5,6,0,1,0,0,1,-1,1,6,0,735,-1,-1,-1,-1,-1,-1,2,0,0,0,0,0,2,0,11,6,8,41.75956363,-87.66370242
0,406619,-1,15,0,0,0,1,10,7,-1,0,0,0,0,-1,-1,1,18,-1,1724,-1,-1,-1,-1,-1,-1,2,0,0,0,0,0,2,0,11,6,8,41.9540285,-87.70815623
0,406630,-1,30,1,2,2,1,14,2,-1,0,1,0,0,-1,-1,-1,17,18,1632,-1,-1,-1,-1,-1,-1,2,0,0,0,0,0,2,0,11,6,8,41.95889286,-87.79648995
0,406615,-1,30,0,0,2,1,10,5,0,0,1,0,1,1,-1,-1,15,34,531,-1,-1,-1,-1,-1,-1,2,0,0,0,0,0,2,0,11,6,8,41.68608709,-87.62068593
2,409598,-1,0,0,0,0,1,9,5,1,0,0,0,1,-1,-1,-1,0,0,925,-1,-1,-1,-1,-1,-1,2,1,0,0,1,0,1,0,11,6,8,41.81632258,-87.6345698
0,409180,-1,30,1,2,0,1,14,5,2,0,0,0,0,1,-1,-1,0,0,1622,-1,-1,-1,-1,-1,-1,2,0,0,0,0,0,2,0,11,6,8,41.9830329,-87.76849011
0,407161,-1,30,0,0,0,1,0,6,-1,0,0,0,0,-1,-1,1,17,16,2514,-1,-1,-1,-1,-1,-1,2,0,0,0,0,0,2,0,11,6,8,41.93173443,-87.76854514
0,406760,-1,25,1,2,2,1,10,5,-1,0,1,0,0,1,-1,-1,18,0,622,-1,-1,-1,-1,-1,-1,2,0,0,0,0,0,2,0,11,6,8,41.74350456,-87.6366628
0,406743,-1,35,0,0,2,1,12,5,-1,2,1,0,0,-1,-1,1,21,16,1232,-1,-1,-1,-1,-1,-1,2,0,0,0,0,0,2,0,11,6,8,41.86641069,-87.64675005
0,406666,-1,30,0,0,2,1,14,5,2,0,1,0,1,1,-1,-1,25,-1,1522,-1,-1,-1,-1,-1,-1,2,0,0,0,0,0,2,0,11,6,8,41.88216409,-87.76259492
0,406661,-1,30,1,2,2,1,0,2,4,0,1,0,0,-1,-1,-1,17,17,112,-1,-1,-1,-1,-1,-1,2,0,0,0,0,0,2,0,11,6,8,41.88071514,-87.62787608
0,406653,-1,30,-1,-1,2,1,0,12,-1,0,1,0,0,-1,-1,-1,17,-1,833,-1,-1,-1,-1,-1,-1,2,0,0,0,0,0,2,0,11,6,8,41.75504428,-87.72231551
0,406643,-1,30,0,0,12,3,10,6,-1,0,0,0,0,-1,-1,-1,20,-1,122,-1,-1,-1,-1,-1,-1,2,0,0,0,0,0,2,0,11,6,8,41.88349784,-87.63723686
0,406642,-1,30,0,0,1,1,14,2,2,0,0,0,0,-1,-1,-1,16,16,1231,-1,-1,-1,-1,-1,-1,2,0,0,0,0,0,5,0,11,6,8,41.87405089,-87.66902295