MOST_SEVERE_INJURY,RD_NO,CRASH_DATE_EST_I,POSTED_SPEED_LIMIT,TRAFFIC_CONTROL_DEVICE,DEVICE_CONDITION,WEATHER_CONDITION,LIGHTING_CONDITION,FIRST_CRASH_TYPE,TRAFFICWAY_TYPE,LANE_CNT,ALIGNMENT,ROADWAY_SURFACE_COND,ROAD_DEFECT,CRASH_TYPE,INTERSECTION_RELATED_I,NOT_RIGHT_OF_WAY_I,HIT_AND_RUN_I,PRIM_CONTRIBUTORY_CAUSE,SEC_CONTRIBUTORY_CAUSE,BEAT_OF_OCCURRENCE,PHOTOS_TAKEN_I,STATEMENTS_TAKEN_I,DOORING_I,WORK_ZONE_I,WORK_ZONE_TYPE,WORKERS_PRESENT_I,NUM_UNITS,INJURIES_TOTAL,INJURIES_FATAL,INJURIES_INCAPACITATING,INJURIES_NON_INCAPACITATING,INJURIES_REPORTED_NOT_EVIDENT,INJURIES_NO_INDICATION,INJURIES_UNKNOWN,CRASH_HOUR,CRASH_DAY_OF_WEEK,CRASH_MONTH,LATITUDE,LONGITUDE
0,406624,-1,30,1,2,2,1,12,2,4,0,1,0,0,-1,-1,-1,16,17,1833,-1,-1,-1,-1,-1,-1,2,0,0,0,0,0,2,0,11,6,8,41.8992486,-87.62427498
1,406626,-1,25,0,0,2,1,9,5,4,0,1,0,1,-1,-1,1,0,-1,2411,-1,-1,-1,-1,-1,-1,2,1,0,0,0,1,1,0,11,6,8,42.01859559,-87.69003677
2,406635,-1,30,0,0,2,1,10,3,2,0,1,0,1,-1,-1,-1,18,34,1654,-1,-1,-1,-1,-1,-1,2,1,0,0,1,0,2,0,11,6,8,-1,-1
0,406750,-1,30,0,0,2,1,7,7,2,0,1,0,0,-1,-1,-1,20,20,1225,-1,-1,-1,-1,-1,-1,2,0,0,0,0,0,1,0,11,6,8,41.86937683,-87.68066478
0,406657,-1,30,0,0,0,1,10,5,2,0,0,0,0,-1,-1,-1,18,0,2523,-1,-1,-1,-1,-1,-1,2,0,0,0,0,0,3,0,11,6,8,41.93176025,-87.73757717
0,406599,-1,30,1,2,0,1,14,2,2,0,1,0,0,-1,-1,-1,22,-1,1023,-1,-1,-1,-1,-1,-1,2,0,0,0,0,0,3,0,11,6,8,41.85211846,-87.68800849
1,406593,-1,30,2,2,2,1,14,5,2,0,1,2,1,-1,-1,-1,17,0,2533,-1,-1,-1,-1,-1,-1,2,2,0,0,0,2,1,0,11,6,8,41.91037975,-87.75553599
0,406595,-1,30,1,2,2,1,0,5,2,0,1,0,1,1,-1,-1,0,0,1013,-1,-1,-1,-1,-1,-1,2,0,0,0,0,0,3,0,11,6,8,41.84429411,-87.72947584
0,409564,-1,30,0,0,0,1,7,5,-1,0,0,0,0,-1,-1,-1,0,-1,321,-1,-1,-1,-1,-1,-1,2,0,0,0,0,0,1,0,11,6,8,41.77111682,-87.61137195
0,409225,-1,30,0,0,0,1,7,2,-1,0,0,0,0,-1,-1,1,18,-1,925,-1,-1,-1,-1,-1,-1,2,0,0,0,0,0,1,0,11,6,8,41.81226288,-87.63848362
0,407072,-1,30,1,2,0,1,14,5,-1,0,0,0,0,-1,-1,0,0,0,511,-1,-1,-1,-1,-1,-1,2,0,0,0,0,0,2,0,11,6,8,41.72225727,-87.58527557
2,406740,-1,30,0,0,0,1,10,5,4,0,0,-1,1,-1,-1,-1,18,-1,131,-1,-1,-1,-1,-1,-1,2,5,0,0,5,0,2,0,11,6,8,41.86556549,-87.63023449
0,406670,-1,30,1,2,2,1,0,2,4,0,1,0,0,-1,-1,1,11,-1,1231,-1,-1,-1,-1,-1,-1,2,0,0,0,0,0,3,0,11,6,8,41.87349266,-87.67168967
0,406596,-1,30,0,0,2,1,7,5,2,0,1,0,0,-1,-1,-1,0,0,1232,-1,-1,-1,-1,-1,-1,2,0,0,0,0,0,1,0,11,6,8,41.87734605,-87.64707598
0,407048,-1,30,0,0,0,1,10,5,2,0,0,0,0,-1,-1,-1,0,0,1935,-1,-1,-1,-1,-1,-1,2,0,0,0,0,0,5,0,10,6,8,41.92789351,-87.64169397
0,406583,-1,30,0,0,2,1,10,5,4,0,1,0,0,-1,-1,-1,18,0,815,-1,-1,-1,-1,-1,-1,2,0,0,0,0,0,3,0,10,6,8,41.81593146,-87.72402722
0,406548,-1,30,1,2,2,1,14,2,-1,0,1,0,0,-1,-1,-1,11,-1,833,-1,-1,-1,-1,-1,-1,2,0,0,0,0,0,3,0,10,6,8,41.7642107,-87.72229796
0,406560,-1,15,0,0,2,1,2,0,1,0,1,0,0,-1,0,-1,0,0,1422,-1,-1,-1,-1,-1,-1,1,0,0,0,0,0,2,0,10,6,8,41.91665547,-87.71528197
0,406636,-1,30,1,2,2,1,14,5,4,0,1,0,1,1,-1,-1,0,-1,2422,-1,-1,-1,-1,-1,-1,2,0,0,0,0,0,2,0,10,6,8,42.01719097,-87.66557346
0,410545,-1,30,0,0,0,1,7,7,-1,0,0,0,0,-1,-1,1,19,0,213,-1,-1,-1,-1,-1,-1,2,0,0,0,0,0,1,0,10,6,8,41.81823488,-87.62454739
0,407283,-1,30,1,-1,2,1,12,5,-1,0,-1,-1,0,1,-1,1,0,-1,924,-1,-1,-1,-1,-1,-1,2,0,0,0,0,0,2,0,10,6,8,41.81034613,-87.66516559
0,406625,-1,30,0,0,0,1,12,5,-1,0,0,0,0,-1,-1,-1,17,17,1214,-1,-1,-1,-1,-1,-1,2,0,0,0,0,0,3,0,10,6,8,41.89607257,-87.65461765
0,406566,-1,30,0,0,2,1,0,5,3,0,1,0,0,-1,-1,-1,17,18,1832,-1,-1,-1,-1,-1,-1,2,0,0,0,0,0,2,0,10,6,8,41.89246403,-87.63129489
0,388776,-1,20,0,-1,2,1,7,5,-1,0,1,-1,0,-1,-1,-1,16,0,632,-1,-1,-1,-1,-1,-1,2,0,0,0,0,0,1,0,10,6,8,41.73309326,-87.6191366
0,406534,-1,30,2,2,2,1,10,2,2,0,1,0,1,1,-1,-1,12,34,331,-1,-1,-1,-1,-1,-1,2,0,0,0,0,0,2,0,10,6,8,41.76981261,-87.5666924
0,406540,-1,30,1,2,2,1,14,2,4,0,1,12,1,-1,-1,-1,17,23,1613,-1,-1,-1,-1,-1,-1,2,0,0,0,0,0,2,0,10,6,8,41.97568567,-87.78802041
0,406586,-1,30,1,2,0,1,10,2,2,0,0,0,1,-1,-1,-1,0,0,912,-1,-1,-1,-1,-1,-1,2,0,0,0,0,0,2,0,10,6,8,41.8339635,-87.67552159
0,406559,-1,30,0,0,2,1,7,0,2,0,1,0,0,-1,-1,-1,11,0,112,-1,-1,-1,-1,-1,-1,2,0,0,0,0,0,1,0,10,6,8,41.88061601,-87.62904943
0,408236,-1,25,0,0,2,1,11,2,-1,0,1,0,1,-1,-1,-1,34,34,331,-1,-1,-1,-1,-1,-1,2,0,0,0,0,0,2,0,10,6,8,41.78957208,-87.58547593
0,408074,-1,30,1,2,0,1,0,5,3,0,-1,-1,0,-1,-1,-1,17,0,1832,-1,-1,-1,-1,-1,-1,2,0,0,0,0,0,2,0,10,6,8,41.89246403,-87.63129489
0,406536,1,30,0,0,2,1,10,5,2,0,1,0,0,1,-1,1,16,0,1634,-1,-1,-1,-1,-1,-1,2,0,0,0,0,0,2,0,10,6,8,41.95230346,-87.75726396
3,406504,-1,35,0,0,2,1,9,12,3,0,1,0,1,-1,-1,-1,0,0,834,-1,-1,-1,-1,-1,-1,2,1,0,1,0,0,1,0,9,6,8,41.74866824,-87.74117133
0,406496,-1,30,0,12,2,1,14,5,2,0,1,0,0,-1,-1,-1,23,21,511,-1,-1,-1,-1,-1,-1,2,0,0,0,0,0,3,0,9,6,8,41.7124749,-87.61996083
0,406478,-1,30,0,0,1,1,10,5,2,0,0,0,0,-1,-1,1,18,-1,1412,-1,-1,-1,-1,-1,-1,3,0,0,0,0,0,3,0,9,6,8,41.93180909,-87.7165026
0,406569,-1,30,0,0,0,1,2,6,-1,2,0,0,0,-1,1,-1,-1,-1,1135,-1,-1,-1,-1,-1,-1,1,0,0,0,0,0,1,0,9,6,8,41.87481683,-87.69218117
0,406456,-1,30,0,0,1,1,2,2,2,0,0,0,1,-1,-1,-1,16,2,2412,-1,-1,-1,-1,-1,-1,1,0,0,0,0,0,1,0,9,6,8,41.99788977,-87.68702363
0,406460,-1,30,0,0,1,1,10,2,-1,0,0,0,0,-1,-1,1,18,-1,821,-1,-1,-1,-1,-1,-1,2,0,0,0,0,0,2,0,9,6,8,41.80961442,-87.72350171
0,406447,-1,30,1,2,1,1,12,3,2,0,0,0,0,-1,-1,-1,17,17,1512,-1,-1,-1,-1,-1,-1,2,0,0,0,0,0,2,0,9,6,8,41.88699085,-87.77480743
0,406487,-1,10,0,0,2,1,11,7,-1,0,1,0,0,-1,-1,-1,20,-1,2533,-1,-1,-1,-1,-1,-1,2,0,0,0,0,0,2,0,9,6,8,41.90950515,-87.74695994
0,406462,-1,30,1,2,0,1,10,5,4,0,0,0,0,1,-1,-1,18,11,1113,-1,-1,-1,-1,-1,-1,2,0,0,0,0,0,6,0,9,6,8,41.87962352,-87.74510241
0,406481,-1,30,0,0,2,1,5,5,-1,0,1,0,0,-1,1,1,11,-1,825,-1,-1,-1,-1,-1,-1,1,0,0,0,0,0,1,0,9,6,8,41.77572326,-87.68092021
0,406422,-1,30,1,2,1,1,10,6,3,0,0,0,0,-1,-1,-1,18,0,231,-1,-1,-1,-1,-1,-1,2,0,0,0,0,0,3,0,9,6,8,41.79429206,-87.62092429
0,406444,-1,30,1,0,0,1,14,5,-1,0,0,0,1,-1,-1,-1,15,15,114,-1,-1,-1,-1,-1,-1,2,0,0,0,0,0,2,0,9,6,8,41.88696484,-87.62247598
0,406492,-1,30,1,2,0,1,8,2,4,0,0,0,0,-1,-1,-1,35,-1,414,-1,-1,-1,-1,-1,-1,2,0,0,0,0,0,2,0,9,6,8,41.75889467,-87.56651784
0,406464,-1,30,1,2,0,1,14,5,4,0,0,-1,0,1,-1,-1,0,-1,1022,-1,-1,-1,-1,-1,-1,2,0,0,0,0,0,2,0,8,6,8,41.86640015,-87.69596609
0,406450,-1,15,0,0,0,1,7,5,-1,0,0,0,0,-1,-1,-1,16,25,1233,-1,-1,-1,-1,-1,-1,2,0,0,0,0,0,1,0,8,6,8,41.86418003,-87.67384952
0,411446,-1,30,1,2,0,1,14,12,4,0,0,0,0,1,-1,-1,23,11,815,-1,-1,-1,-1,-1,-1,2,0,0,0,0,0,2,0,8,6,8,41.8132716,-87.72393521
2,406412,-1,30,2,2,0,1,0,5,2,0,0,0,1,1,-1,-1,17,-1,1811,-1,-1,-1,-1,-1,-1,2,1,0,0,1,0,1,0,8,6,8,41.92172981,-87.6632342
0,406445,-1,30,0,0,0,3,12,2,-1,0,0,0,0,-1,-1,-1,0,0,2221,-1,-1,-1,-1,-1,-1,2,0,0,0,0,0,2,0,8,6,8,41.73571481,-87.66199266
0,406437,-1,30,1,2,0,1,12,5,4,0,0,0,0,1,-1,-1,17,17,114,-1,-1,-1,-1,-1,-1,2,0,0,0,0,0,2,0,8,6,8,41.87327242,-87.62412527
0,406418,-1,40,0,0,1,1,10,3,8,0,0,0,0,-1,-1,1,18,11,114,-1,-1,-1,-1,-1,-1,2,0,0,0,0,0,4,0,8,6,8,41.86997587,-87.61714108
0,406511,-1,30,0,0,1,1,2,6,-1,0,0,0,0,-1,-1,-1,0,0,1135,-1,-1,-1,-1,-1,-1,1,0,0,0,0,0,1,0,8,6,8,41.87481683,-87.69218117
0,406449,-1,30,0,0,1,1,2,0,1,0,0,0,0,-1,-1,-1,16,-1,1423,-1,-1,-1,-1,-1,-1,1,0,0,0,0,0,1,0,8,6,8,41.90814728,-87.6897681
0,406439,-1,30,2,2,0,1,14,5,2,0,0,0,0,1,-1,1,17,0,1513,-1,-1,-1,-1,-1,-1,2,0,0,0,0,0,2,0,8,6,8,41.86754486,-87.76464249
2,406386,1,30,1,2,1,1,14,5,2,0,0,0,1,1,-1,-1,0,-1,1611,-1,-1,-1,-1,-1,-1,2,1,0,0,1,0,1,0,8,6,8,41.99701892,-87.80694772
0,406454,-1,30,0,0,0,1,12,2,-1,0,0,0,0,-1,-1,1,0,0,122,-1,-1,-1,-1,-1,-1,2,0,0,0,0,0,2,0,8,6,8,41.88188623,-87.63661833
0,406762,-1,5,0,0,0,1,7,7,1,0,0,0,0,-1,-1,1,0,0,1215,-1,-1,-1,-1,-1,-1,2,0,0,0,0,0,1,0,8,6,8,41.8956174,-87.65866656
0,406741,1,30,0,0,0,-1,7,5,-1,0,0,0,0,-1,-1,1,0,0,533,-1,-1,-1,-1,-1,-1,2,0,0,0,0,0,1,0,8,6,8,41.65731832,-87.60289426
0,406370,-1,30,0,0,0,1,12,2,2,0,0,0,0,-1,-1,-1,21,20,2533,-1,-1,-1,-1,-1,-1,2,0,0,0,0,0,3,0,7,6,8,41.91110899,-87.73858023
0,406357,-1,30,2,12,0,1,7,6,-1,0,0,-1,0,-1,-1,-1,11,-1,1032,-1,-1,-1,-1,-1,-1,2,0,0,0,0,0,2,0,7,6,8,41.84247167,-87.70634382
0,406549,-1,30,0,0,0,1,14,5,2,0,0,0,0,-1,-1,-1,0,0,1821,-1,-1,-1,-1,-1,-1,2,0,0,0,0,0,2,0,7,6,8,41.90399233,-87.6315949
0,406362,-1,30,0,0,1,1,2,1,-1,0,0,0,0,-1,1,-1,0,-1,623,-1,-1,-1,-1,-1,-1,1,0,0,0,0,0,2,0,7,6,8,41.75621188,-87.63213054
0,406376,-1,30,0,0,0,1,12,5,2,0,0,0,0,-1,-1,1,22,16,1131,-1,-1,-1,-1,-1,-1,2,0,0,0,0,0,4,0,7,6,8,41.86627923,-87.73511977
0,418041,-1,30,0,0,0,1,7,6,2,0,0,0,0,-1,-1,-1,-1,-1,1651,-1,-1,-1,-1,-1,-1,2,0,0,0,0,0,1,0,7,6,8,41.97620114,-87.90530913
0,412356,-1,35,1,2,0,1,4,5,1,0,0,1,0,-1,-1,-1,0,0,832,-1,-1,-1,-1,-1,-1,1,0,0,0,0,0,1,0,7,6,8,41.7720886,-87.68338093
0,406328,-1,30,2,-1,0,2,7,5,2,0,0,0,0,-1,-1,1,22,-1,632,-1,-1,-1,-1,-1,-1,2,0,0,0,0,0,1,0,7,6,8,41.7439316,-87.5995334
0,406326,-1,40,0,0,1,1,12,3,-1,1,0,0,0,-1,-1,-1,8,-1,1834,-1,-1,-1,-1,-1,-1,2,0,0,0,0,0,2,0,7,6,8,41.88914625,-87.61384313
0,407770,-1,30,0,0,0,1,10,5,-1,0,0,0,0,-1,-1,-1,20,-1,2514,-1,-1,-1,-1,-1,-1,2,0,0,0,0,0,2,0,7,6,8,41.9310303,-87.77590313
0,407019,-1,30,0,0,0,1,10,5,-1,0,0,0,0,-1,-1,-1,18,16,1111,-1,-1,-1,-1,-1,-1,3,0,0,0,0,0,3,0,6,6,8,41.89885132,-87.74574826
0,406480,-1,25,0,0,0,1,7,5,2,0,0,0,0,-1,-1,-1,0,-1,1612,-1,-1,-1,-1,-1,-1,2,0,0,0,0,0,1,0,6,6,8,41.98656412,-87.79430172
1,406322,-1,30,1,2,0,2,10,5,4,0,0,0,1,1,-1,-1,18,-1,434,-1,-1,-1,-1,-1,-1,2,1,0,0,0,1,1,0,6,6,8,41.66042281,-87.58639179
0,406341,-1,30,1,2,0,1,2,5,2,0,0,0,1,1,-1,-1,21,-1,1834,-1,-1,-1,-1,-1,-1,1,0,0,0,0,0,2,0,6,6,8,41.89002792,-87.62786035
1,406356,-1,30,1,2,0,1,10,2,6,0,0,0,1,1,-1,-1,18,18,813,-1,-1,-1,-1,-1,-1,2,1,0,0,0,1,1,0,6,6,8,41.79291088,-87.74207734
0,406315,-1,30,1,2,0,1,0,5,2,0,0,0,0,-1,-1,1,17,11,1513,-1,-1,-1,-1,-1,-1,2,0,0,0,0,0,4,0,6,6,8,41.87971436,-87.77449622
0,406310,-1,30,0,0,0,1,7,5,2,0,0,0,1,-1,-1,-1,21,22,1933,-1,-1,-1,-1,-1,-1,2,0,0,0,0,0,1,0,6,6,8,41.93618385,-87.65280865
0,419671,-1,30,0,0,0,2,12,2,2,0,0,0,0,-1,-1,-1,17,-1,1412,-1,-1,-1,-1,-1,-1,2,0,0,0,0,0,2,0,6,6,8,41.93911562,-87.71662812
0,406318,1,30,0,0,-1,-1,7,6,1,0,-1,0,0,-1,-1,1,0,0,2515,-1,-1,-1,-1,-1,-1,2,0,0,0,0,0,1,0,6,6,8,41.92051964,-87.75957876
0,406323,-1,5,0,0,0,2,7,7,1,0,0,0,0,-1,1,-1,11,0,333,0,1,-1,-1,-1,-1,2,0,0,0,0,0,1,0,6,6,8,41.76488952,-87.57796866
0,406317,-1,30,1,1,0,2,10,2,-1,0,0,0,0,-1,-1,-1,7,6,832,-1,-1,-1,-1,-1,-1,2,0,0,0,0,0,2,0,6,6,8,41.77188403,-87.6835884
2,406308,-1,30,1,2,0,2,9,5,-1,0,0,0,1,1,-1,-1,17,16,823,-1,-1,-1,-1,-1,-1,2,1,0,0,1,0,1,0,6,6,8,41.77894575,-87.70328312
0,406888,-1,0,0,0,0,-1,7,2,2,0,0,0,0,-1,-1,1,0,-1,1532,-1,-1,-1,-1,-1,-1,2,0,0,0,0,0,1,0,6,6,8,41.88184588,-87.75148579
0,406707,-1,35,0,0,0,1,7,6,3,0,0,0,0,-1,-1,1,15,16,1433,-1,-1,-1,-1,-1,-1,2,0,0,0,0,0,1,0,6,6,8,41.9060731,-87.66171547
0,406503,-1,30,0,0,0,2,7,5,2,0,0,-1,0,-1,-1,1,0,0,533,-1,-1,-1,-1,-1,-1,2,0,0,0,0,0,1,0,6,6,8,41.65733952,-87.59571081
0,415993,-1,15,0,0,0,1,0,12,6,0,0,0,0,-1,-1,-1,5,5,1653,-1,-1,-1,-1,-1,-1,2,0,0,0,0,0,2,0,5,6,8,-1,-1
0,406301,-1,30,0,0,1,2,10,6,2,0,0,0,0,-1,-1,1,18,-1,1612,-1,-1,-1,-1,-1,-1,2,0,0,0,0,0,2,0,4,6,8,41.98288074,-87.80691349
0,406286,-1,30,1,2,0,3,12,8,2,0,0,0,1,1,-1,1,14,25,1732,-1,-1,-1,-1,-1,-1,2,0,0,0,0,0,3,0,4,6,8,41.95249337,-87.72743356
0,410590,-1,30,-1,-1,-1,-1,2,-1,-1,0,-1,-1,0,-1,-1,-1,0,-1,1222,-1,-1,-1,-1,-1,-1,1,0,0,0,0,0,1,0,4,6,8,41.88673924,-87.68663897
2,406262,-1,30,1,2,0,3,12,2,-1,0,0,-1,1,0,-1,-1,16,14,2221,-1,-1,-1,-1,-1,-1,3,4,0,0,4,0,1,0,2,6,8,41.72132575,-87.6626251
0,406261,-1,35,1,2,0,3,10,5,5,0,0,0,1,1,-1,1,27,0,1411,-1,-1,-1,-1,-1,-1,2,0,0,0,0,0,2,0,2,6,8,41.93590811,-87.6930319
0,406516,-1,25,0,-1,-1,-1,7,2,-1,0,-1,0,0,-1,-1,1,0,0,231,-1,-1,-1,-1,-1,-1,2,0,0,0,0,0,1,0,2,6,8,41.801795,-87.61629095
0,408163,-1,30,0,0,0,0,7,6,1,0,0,0,0,-1,-1,1,0,0,434,-1,-1,-1,-1,-1,-1,2,0,0,0,0,0,1,0,1,6,8,41.70086182,-87.56334838
0,406222,-1,35,1,2,0,3,14,2,-1,0,0,-1,1,1,-1,-1,0,0,1922,-1,-1,-1,-1,-1,-1,2,0,0,0,0,0,2,0,0,6,8,41.93968874,-87.66882345
0,406212,-1,30,1,2,0,0,10,2,2,0,0,0,0,-1,-1,-1,18,-1,2515,-1,-1,-1,-1,-1,-1,2,0,0,0,0,0,2,0,0,6,8,41.9238867,-87.76613377
0,407981,1,30,0,0,-1,-1,7,5,2,0,-1,0,0,-1,-1,1,23,11,324,-1,-1,-1,-1,-1,-1,2,0,0,0,0,0,1,0,23,5,8,41.76165228,-87.58211163
0,406307,-1,30,0,0,0,1,7,6,1,0,0,0,0,-1,-1,1,0,0,1031,-1,-1,-1,-1,-1,-1,2,0,0,0,0,0,1,0,23,5,8,41.83930292,-87.73156411
0,406140,-1,30,0,0,0,3,7,5,2,0,0,0,1,-1,-1,0,32,0,1431,-1,-1,-1,-1,-1,-1,2,0,0,0,0,0,1,0,22,5,8,41.91763855,-87.69257826
2,406144,-1,30,1,2,0,3,9,5,2,0,0,0,1,-1,-1,-1,0,-1,113,-1,-1,-1,-1,-1,-1,2,1,0,0,1,0,1,0,22,5,8,41.87835933,-87.62782935
0,406135,-1,30,1,2,0,3,0,5,-1,0,0,0,0,1,-1,-1,17,0,1433,-1,-1,-1,-1,-1,-1,2,0,0,0,0,0,3,0,22,5,8,41.90351744,-87.66269103
0,406115,-1,30,0,0,0,3,14,5,4,0,0,0,0,-1,-1,1,23,-1,1413,-1,-1,-1,-1,-1,-1,2,0,0,0,0,0,4,0,21,5,8,41.92453417,-87.71377687
0,414766,-1,35,1,2,0,3,10,5,2,0,0,0,0,-1,-1,-1,18,18,1814,-1,-1,-1,-1,-1,-1,2,0,0,0,0,0,2,0,21,5,8,41.91854077,-87.63599718
0,406154,-1,30,0,12,0,0,7,5,2,2,0,0,1,-1,-1,1,0,-1,1413,-1,-1,-1,-1,-1,-1,2,0,0,0,0,0,1,0,21,5,8,41.91749702,-87.70810444
0,406111,-1,30,0,0,0,3,7,3,-1,0,0,0,1,-1,-1,-1,0,-1,2223,-1,-1,-1,-1,-1,-1,2,0,0,0,0,0,1,0,21,5,8,41.72130221,-87.64710566
0,406079,-1,30,2,2,0,3,0,12,-1,0,0,0,0,1,-1,-1,5,17,523,-1,-1,-1,-1,-1,-1,2,0,0,0,0,0,6,0,21,5,8,41.66499258,-87.64042395
0,406089,-1,30,0,0,0,3,14,5,-1,0,0,0,0,-1,-1,-1,17,-1,1633,-1,-1,-1,-1,-1,-1,2,0,0,0,0,0,3,0,21,5,8,41.94262238,-87.77652631
0,406551,-1,30,0,0,0,3,12,6,-1,0,0,0,0,-1,-1,-1,-1,-1,1831,-1,-1,-1,-1,-1,-1,2,0,0,0,0,0,6,0,21,5,8,41.8911158,-87.6339097
0,406990,1,35,0,0,0,0,7,6,-1,0,0,0,1,-1,-1,1,18,-1,2513,-1,-1,-1,-1,-1,-1,2,0,0,0,0,0,1,0,21,5,8,41.91399024,-87.80058509
0,406107,-1,30,1,2,0,3,14,12,-1,0,0,0,0,1,-1,-1,16,6,225,-1,-1,-1,-1,-1,-1,2,0,0,0,0,0,3,0,21,5,8,41.79467039,-87.63054748
0,406084,-1,30,1,2,0,3,10,5,2,0,0,0,0,1,-1,1,0,0,1424,-1,-1,-1,-1,-1,-1,2,0,0,0,0,0,2,0,20,5,8,41.9032352,-87.67740609
0,416448,-1,20,0,0,0,0,0,5,2,0,0,0,0,-1,-1,1,0,0,1121,-1,-1,-1,-1,-1,-1,2,0,0,0,0,0,2,0,20,5,8,41.8952537,-87.71616078
0,406085,-1,15,2,2,0,0,10,6,-1,0,0,0,0,1,-1,-1,5,-1,632,-1,-1,-1,-1,-1,-1,2,0,0,0,0,0,2,0,20,5,8,41.73993678,-87.62284724
3,406080,-1,30,1,2,0,3,9,3,4,0,0,0,1,1,-1,1,0,-1,713,-1,-1,-1,-1,-1,-1,2,1,0,1,0,0,1,0,20,5,8,41.79211798,-87.66438986
0,406476,-1,30,1,2,0,3,12,5,2,0,0,0,0,-1,-1,-1,0,-1,1912,-1,-1,-1,-1,-1,-1,2,0,0,0,0,0,2,0,20,5,8,41.95440107,-87.66897489
0,406071,-1,35,1,2,0,3,10,5,4,0,0,0,0,-1,-1,-1,7,18,1612,-1,-1,-1,-1,-1,-1,2,0,0,0,0,0,2,0,20,5,8,41.98599562,-87.80706012
0,406044,-1,30,0,0,0,3,10,5,2,0,0,0,0,-1,-1,-1,12,11,1812,-1,-1,-1,-1,-1,-1,2,0,0,0,0,0,4,0,20,5,8,41.92162521,-87.64392522
2,406040,-1,30,0,0,0,3,10,5,2,0,0,0,1,-1,-1,-1,8,18,924,-1,-1,-1,-1,-1,-1,2,1,0,0,1,0,4,0,20,5,8,41.80867589,-87.66892614
0,406477,-1,10,0,0,0,3,0,7,-1,0,0,0,0,-1,1,-1,0,0,412,-1,-1,-1,-1,-1,-1,2,0,0,0,0,0,2,0,20,5,8,41.73740694,-87.58506914
2,406037,-1,30,2,2,0,0,10,5,2,0,0,0,1,1,-1,0,0,0,922,-1,-1,-1,-1,-1,-1,2,1,0,0,1,0,1,0,20,5,8,41.80807087,-87.70037168
2,406039,-1,25,0,0,0,3,9,5,1,0,0,0,1,1,-1,1,25,25,813,-1,-1,-1,-1,-1,-1,2,1,0,0,1,0,1,0,20,5,8,41.78596589,-87.7292193
0,406012,-1,30,0,0,0,4,7,5,2,0,0,0,0,-1,-1,-1,11,-1,1522,-1,-1,-1,-1,-1,-1,2,0,0,0,0,0,1,0,20,5,8,41.87556917,-87.75503259
0,406921,-1,35,0,0,0,1,10,5,-1,0,0,0,0,-1,-1,-1,0,0,1622,-1,-1,-1,-1,-1,-1,2,0,0,0,0,0,3,0,20,5,8,41.9603335,-87.7864091
0,421886,-1,30,1,2,0,3,10,2,2,0,0,0,0,1,-1,-1,0,-1,2534,-1,-1,-1,-1,-1,-1,2,0,0,0,0,0,2,0,20,5,8,41.90266281,-87.73380837
0,411336,-1,30,2,2,0,1,10,2,2,0,0,0,0,-1,-1,-1,18,18,2534,-1,-1,-1,-1,-1,-1,1,0,0,0,0,0,1,0,20,5,8,41.90266281,-87.73380837
0,406029,-1,30,0,0,0,1,2,3,-1,0,0,0,0,-1,-1,-1,0,0,915,-1,-1,-1,-1,-1,-1,1,0,0,0,0,0,1,0,20,5,8,41.83073849,-87.6386804
0,406027,-1,30,1,2,0,3,12,2,-1,0,0,0,1,1,-1,-1,22,21,1834,-1,-1,-1,-1,-1,-1,2,0,0,0,0,0,2,0,20,5,8,41.89246052,-87.62659772
0,405982,-1,30,1,2,0,3,14,2,2,0,0,0,1,1,0,-1,17,23,631,-1,-1,-1,-1,-1,-1,2,0,0,0,0,0,2,0,19,5,8,41.74753329,-87.6052788
0,409388,-1,10,0,0,0,1,12,6,-1,0,0,0,0,-1,-1,-1,0,0,1654,-1,-1,-1,-1,-1,-1,2,0,0,0,0,0,2,0,19,5,8,41.982275,-87.87569543
0,408139,-1,30,1,2,0,1,10,2,4,0,0,0,0,-1,-1,-1,16,-1,812,-1,-1,-1,-1,-1,-1,2,0,0,0,0,0,2,0,19,5,8,41.77720511,-87.80026595
0,406782,-1,25,0,0,0,3,7,5,-1,0,0,0,0,-1,-1,-1,0,-1,2211,-1,-1,-1,-1,-1,-1,2,0,0,0,0,0,1,0,19,5,8,41.69058384,-87.70215585
0,406455,-1,30,0,0,0,1,7,7,0,0,0,0,0,-1,1,-1,20,-1,2213,-1,-1,-1,-1,-1,-1,2,0,0,0,0,0,1,0,19,5,8,41.7138128,-87.68169924
0,406063,-1,30,2,2,0,4,0,5,2,0,0,0,0,-1,-1,-1,0,-1,2221,-1,-1,-1,-1,-1,-1,2,0,0,0,0,0,2,0,19,5,8,41.73018959,-87.66547624
0,406022,-1,25,0,0,0,1,0,12,-1,0,0,0,0,-1,-1,-1,0,-1,411,-1,-1,-1,-1,-1,-1,2,0,0,0,0,0,2,0,19,5,8,41.74460954,-87.58718008
0,406016,-1,25,0,0,0,2,14,6,-1,0,0,0,0,-1,-1,-1,23,0,1914,-1,-1,-1,-1,-1,-1,2,0,0,0,0,0,2,0,19,5,8,41.96462181,-87.65010892
0,407955,-1,30,0,0,0,1,7,6,1,0,0,0,0,-1,-1,1,0,0,913,-1,-1,-1,-1,-1,-1,2,0,0,0,0,0,1,0,19,5,8,41.83459229,-87.65456701