MOST_SEVERE_INJURY,RD_NO,CRASH_DATE_EST_I,POSTED_SPEED_LIMIT,TRAFFIC_CONTROL_DEVICE,DEVICE_CONDITION,WEATHER_CONDITION,LIGHTING_CONDITION,FIRST_CRASH_TYPE,TRAFFICWAY_TYPE,LANE_CNT,ALIGNMENT,ROADWAY_SURFACE_COND,ROAD_DEFECT,CRASH_TYPE,INTERSECTION_RELATED_I,NOT_RIGHT_OF_WAY_I,HIT_AND_RUN_I,PRIM_CONTRIBUTORY_CAUSE,SEC_CONTRIBUTORY_CAUSE,BEAT_OF_OCCURRENCE,PHOTOS_TAKEN_I,STATEMENTS_TAKEN_I,DOORING_I,WORK_ZONE_I,WORK_ZONE_TYPE,WORKERS_PRESENT_I,NUM_UNITS,INJURIES_TOTAL,INJURIES_FATAL,INJURIES_INCAPACITATING,INJURIES_NON_INCAPACITATING,INJURIES_REPORTED_NOT_EVIDENT,INJURIES_NO_INDICATION,INJURIES_UNKNOWN,CRASH_HOUR,CRASH_DAY_OF_WEEK,CRASH_MONTH,LATITUDE,LONGITUDE
0,407868,-1,30,0,0,0,1,0,4,-1,0,0,0,0,-1,-1,-1,0,20,411,-1,-1,-1,-1,-1,-1,2,0,0,0,0,0,2,0,19,5,8,41.74460954,-87.58718008
0,405988,-1,30,0,0,0,1,0,2,-1,0,0,0,0,-1,-1,-1,0,0,2433,-1,-1,-1,-1,-1,-1,2,0,0,0,0,0,2,0,19,5,8,41.99758526,-87.67061216
0,405965,-1,30,1,2,0,1,10,2,-1,0,0,0,0,-1,-1,-1,20,-1,2223,-1,-1,-1,-1,-1,-1,2,0,0,0,0,0,2,0,19,5,8,41.7158702,-87.64321014
0,405948,-1,30,1,2,0,1,10,2,2,0,0,0,0,-1,-1,1,18,0,1822,-1,-1,-1,-1,-1,-1,2,0,0,0,0,0,2,0,19,5,8,41.90373962,-87.6484786
0,406052,-1,30,0,0,0,4,7,5,2,0,0,0,0,-1,-1,1,20,-1,432,-1,-1,-1,-1,-1,-1,2,0,0,0,0,0,1,0,18,5,8,41.71158887,-87.53754935
0,405947,-1,40,0,0,0,4,12,3,8,0,0,0,0,-1,-1,-1,23,-1,1833,-1,-1,-1,-1,-1,-1,2,0,0,0,0,0,2,0,18,5,8,41.89638509,-87.61653273
2,405896,-1,30,2,2,0,1,8,3,2,0,0,0,1,1,-1,1,0,0,2521,-1,-1,-1,-1,-1,-1,2,1,0,0,1,0,1,0,18,5,8,41.93882364,-87.74055652
0,415079,-1,30,0,0,0,1,10,5,-1,0,0,0,0,-1,-1,-1,18,-1,2211,-1,-1,-1,-1,-1,-1,2,0,0,0,0,0,2,0,18,5,8,41.69012092,-87.70062398
0,418248,-1,0,0,0,0,1,12,3,3,0,0,0,0,-1,-1,1,0,0,222,-1,-1,-1,-1,-1,-1,2,0,0,0,0,0,2,0,18,5,8,41.81512892,-87.59325468
0,406327,-1,35,0,0,0,1,7,5,-1,0,0,0,0,-1,-1,-1,20,11,512,-1,-1,-1,-1,-1,-1,2,0,0,0,0,0,1,0,18,5,8,41.70341667,-87.61912602
0,405902,-1,35,1,0,0,1,14,6,2,0,0,0,0,1,-1,-1,22,21,1834,-1,-1,-1,-1,-1,-1,2,0,0,0,0,0,2,0,18,5,8,41.89195819,-87.6175713
0,405865,-1,30,1,2,0,1,14,5,3,0,0,0,0,-1,-1,-1,23,22,834,-1,-1,-1,-1,-1,-1,2,0,0,0,0,0,3,0,18,5,8,41.73563479,-87.72162239
0,406547,-1,30,1,-1,0,1,12,2,4,0,0,0,0,-1,-1,1,22,-1,1412,-1,-1,-1,-1,-1,-1,2,0,0,0,0,0,2,0,18,5,8,41.9317018,-87.71244866
0,405903,-1,30,1,-1,0,1,10,5,-1,0,-1,-1,0,1,-1,-1,0,-1,913,-1,-1,-1,-1,-1,-1,2,0,0,0,0,0,2,0,18,5,8,41.8452854,-87.64659508
2,405863,-1,30,0,0,0,1,8,5,2,0,0,0,1,-1,-1,-1,0,0,1424,-1,-1,1,-1,-1,-1,2,1,0,0,1,0,0,0,18,5,8,41.90992611,-87.67653436
0,405872,-1,30,0,0,0,1,12,5,3,0,0,0,0,-1,-1,-1,22,23,1411,-1,-1,-1,-1,-1,-1,2,0,0,0,0,0,2,0,18,5,8,41.93355941,-87.68808004
0,405923,-1,30,0,0,0,1,12,6,3,0,0,0,0,-1,-1,-1,0,0,1831,-1,-1,-1,-1,-1,-1,2,0,0,0,0,0,3,0,18,5,8,41.89240533,-87.62982155
0,406656,-1,20,1,2,0,1,0,2,2,0,0,0,1,1,-1,0,6,-1,131,-1,-1,-1,-1,-1,-1,2,0,0,0,0,0,2,0,17,5,8,41.84920748,-87.62556151
0,408476,-1,25,0,0,0,1,10,5,-1,0,0,0,0,-1,-1,-1,18,0,323,-1,-1,-1,-1,-1,-1,2,0,0,0,0,0,2,0,17,5,8,41.76072155,-87.60560024
0,408577,-1,30,0,0,0,1,7,5,4,0,0,0,0,-1,-1,-1,21,-1,2512,-1,-1,-1,-1,-1,-1,2,0,0,0,0,0,1,0,17,5,8,41.92367925,-87.79884642
0,408320,-1,30,0,0,0,1,12,5,2,0,0,0,0,-1,-1,-1,17,-1,1922,-1,-1,-1,-1,-1,-1,2,0,0,0,0,0,2,0,17,5,8,41.94163206,-87.66877626
2,405852,-1,30,1,2,0,1,8,5,4,0,0,0,1,1,-1,1,6,-1,2535,-1,-1,-1,-1,-1,-1,4,2,0,0,2,0,2,0,17,5,8,41.90625394,-87.72626294
0,405850,-1,30,1,2,0,1,12,6,-1,0,0,0,0,-1,-1,-1,23,-1,1232,-1,-1,-1,-1,-1,-1,2,0,0,0,0,0,2,0,17,5,8,41.86713421,-87.64423752
0,405817,-1,30,0,0,0,4,10,5,2,0,0,0,1,-1,-1,-1,18,-1,812,-1,-1,-1,-1,-1,-1,2,0,0,0,0,0,3,0,17,5,8,41.77776662,-87.77072412
0,405868,-1,30,0,0,0,1,12,6,1,0,0,0,0,-1,-1,1,22,16,2514,-1,-1,-1,-1,-1,-1,2,0,0,0,0,0,4,0,17,5,8,41.93052292,-87.7625703
0,405884,-1,30,2,2,0,1,0,12,-1,0,0,0,0,-1,-1,-1,17,-1,811,-1,-1,-1,-1,-1,-1,2,0,0,0,0,0,2,0,17,5,8,41.78842365,-87.79158062
0,405894,0,0,0,2,0,1,7,7,-1,0,0,0,0,-1,1,1,0,-1,222,-1,-1,-1,-1,-1,-1,2,0,0,0,0,0,1,0,17,5,8,41.81300495,-87.6038229
2,405827,-1,30,2,2,0,1,0,5,2,0,0,0,1,1,-1,-1,-1,-1,623,-1,-1,-1,-1,-1,-1,2,1,0,0,1,0,2,0,17,5,8,41.75640481,-87.6200325
0,405826,-1,30,2,1,0,1,7,5,-1,0,0,0,1,-1,-1,1,0,25,2514,-1,-1,-1,-1,-1,-1,5,0,0,0,0,0,2,0,17,5,8,41.92871259,-87.76138408
0,406017,-1,30,0,0,0,2,10,5,-1,0,0,0,0,-1,-1,1,-1,-1,912,-1,-1,-1,-1,-1,-1,2,0,0,0,0,0,3,0,17,5,8,41.83486624,-87.66579125
0,426400,-1,0,0,0,0,1,10,7,-1,0,0,-1,0,-1,-1,-1,0,0,1654,-1,-1,-1,-1,-1,-1,2,0,0,0,0,0,2,0,17,5,8,41.99502233,-87.88461289
2,405840,-1,30,0,0,0,1,12,2,4,0,0,0,1,-1,-1,-1,21,-1,2535,-1,-1,-1,-1,-1,-1,2,2,0,0,2,0,1,0,17,5,8,41.90613155,-87.72626019
0,405866,-1,30,2,2,0,1,0,5,2,0,0,0,0,1,-1,-1,17,5,912,-1,-1,-1,-1,-1,-1,3,0,0,0,0,0,4,0,17,5,8,41.83035054,-87.66911234
0,405860,-1,30,0,0,0,1,0,6,3,0,0,0,0,-1,-1,-1,17,33,1224,-1,-1,-1,-1,-1,-1,2,0,0,0,0,0,2,0,17,5,8,41.88248164,-87.66735192
0,405832,-1,30,0,0,0,1,8,6,-1,0,0,0,0,-1,-1,-1,8,0,624,-1,-1,-1,-1,-1,-1,2,0,0,0,0,0,2,0,17,5,8,41.7580192,-87.61281045
0,405877,1,30,-1,-1,-1,-1,12,5,4,0,-1,4,0,-1,-1,-1,0,-1,2424,-1,-1,-1,-1,-1,-1,2,0,0,0,0,0,2,0,17,5,8,42.0193223,-87.67829005
0,405856,-1,30,2,2,0,1,8,5,2,0,0,0,0,-1,-1,-1,17,-1,1724,-1,-1,-1,-1,-1,-1,2,0,0,0,0,0,2,0,17,5,8,41.95797396,-87.69821625
0,405836,-1,30,1,2,0,1,10,2,4,0,0,0,1,0,-1,-1,16,0,2011,-1,-1,-1,-1,-1,-1,2,0,0,0,0,0,3,0,17,5,8,41.99028498,-87.70748196
0,405795,-1,30,0,0,0,1,10,7,2,0,0,0,0,-1,-1,-1,20,0,321,-1,-1,-1,-1,-1,-1,2,0,0,0,0,0,2,0,17,5,8,41.77430588,-87.60564803
0,407150,-1,25,0,0,0,4,12,5,-1,0,0,0,0,-1,-1,-1,21,21,111,-1,-1,-1,-1,-1,-1,2,0,0,0,0,0,2,0,17,5,8,41.88352649,-87.6260822
0,405876,-1,30,0,0,0,1,12,5,4,0,0,0,0,-1,-1,-1,0,0,1932,-1,-1,-1,-1,-1,-1,2,0,0,0,0,0,2,0,17,5,8,41.93884229,-87.66848606
2,405834,-1,30,1,2,0,1,14,6,2,0,0,0,1,1,-1,-1,0,0,1822,-1,-1,-1,-1,-1,-1,2,3,0,0,3,0,2,0,17,5,8,41.89652792,-87.64307574
0,405831,-1,30,0,0,0,1,10,2,2,0,0,0,0,-1,-1,-1,7,0,1013,-1,-1,-1,-1,-1,-1,2,0,0,0,0,0,3,0,17,5,8,41.84833205,-87.72452598
0,405838,-1,30,0,0,0,1,12,5,-1,0,0,0,0,-1,-1,-1,21,0,1033,-1,-1,-1,-1,-1,-1,2,0,0,0,0,0,2,0,17,5,8,41.83772265,-87.70468963
0,405816,-1,30,0,0,0,1,12,5,4,0,0,0,0,-1,-1,1,0,0,1031,-1,-1,-1,-1,-1,-1,2,0,0,0,0,0,2,0,17,5,8,41.84250117,-87.724647
0,405763,-1,40,0,0,0,1,12,3,-1,3,0,0,0,-1,-1,-1,-1,-1,1824,-1,-1,-1,-1,-1,-1,2,0,0,0,0,0,2,0,17,5,8,41.90407674,-87.62480394
1,405855,-1,30,0,0,0,1,8,5,2,0,0,0,1,-1,-1,-1,0,0,1233,-1,-1,1,-1,-1,-1,2,1,0,0,0,1,2,0,17,5,8,41.85771273,-87.66461609
0,407206,-1,30,1,2,0,1,14,2,-1,0,0,0,0,-1,-1,-1,21,-1,114,-1,-1,-1,-1,-1,-1,2,0,0,0,0,0,2,0,17,5,8,41.87332411,-87.61693637
0,405824,-1,20,0,0,0,1,0,5,-1,0,0,0,0,-1,-1,-1,17,11,2024,-1,-1,-1,-1,-1,-1,2,0,0,0,0,0,2,0,17,5,8,41.97670719,-87.65044159
0,405776,-1,30,0,0,0,1,12,2,2,0,0,0,0,-1,-1,-1,22,16,412,-1,-1,-1,-1,-1,-1,2,0,0,0,0,0,3,0,17,5,8,41.73871353,-87.56619026
0,405839,-1,30,1,2,0,1,12,5,-1,0,0,0,0,-1,-1,1,22,-1,112,-1,-1,-1,-1,-1,-1,2,0,0,0,0,0,2,0,16,5,8,41.88316193,-87.62608467
0,405778,-1,25,0,0,0,1,10,5,2,0,0,0,0,-1,-1,1,25,11,2412,-1,-1,-1,-1,-1,-1,3,0,0,0,0,0,4,0,16,5,8,41.99786101,-87.68860509
0,406850,-1,35,1,2,0,4,12,2,-1,0,0,0,0,-1,-1,-1,22,0,114,0,-1,-1,-1,-1,-1,2,0,0,0,0,0,2,0,16,5,8,41.87335497,-87.62039555
0,405751,-1,30,-1,0,0,1,10,3,2,0,0,0,1,-1,-1,-1,18,22,2233,-1,1,-1,-1,-1,-1,4,0,0,0,0,0,4,0,16,5,8,41.69192409,-87.64251438
0,405770,-1,30,0,0,0,1,10,5,2,0,0,-1,0,-1,-1,0,18,-1,1114,-1,-1,-1,-1,-1,-1,2,0,0,0,0,0,2,0,16,5,8,41.88630736,-87.72597543
0,405767,-1,30,12,0,0,1,9,5,2,0,0,0,0,-1,-1,-1,17,-1,1925,-1,-1,-1,-1,-1,-1,2,0,0,0,0,0,2,0,16,5,8,41.94107221,-87.63917227
0,416937,-1,30,2,2,0,1,7,5,2,0,0,0,0,-1,-1,-1,0,0,1912,-1,-1,-1,-1,-1,-1,2,0,0,0,0,0,2,0,16,5,8,41.95597361,-87.67623584
0,407914,-1,40,0,0,-1,1,12,8,2,0,-1,-1,0,-1,-1,1,0,-1,1814,-1,-1,-1,-1,-1,-1,2,0,0,0,0,0,2,0,16,5,8,41.91130449,-87.6258786
0,406374,-1,30,2,2,0,1,0,5,2,0,0,0,0,1,-1,-1,5,-1,1621,-1,-1,-1,-1,-1,-1,2,0,0,0,0,0,2,0,16,5,8,41.99571867,-87.76358938
0,405755,-1,35,2,2,0,1,0,2,-1,0,0,0,1,1,-1,-1,17,0,333,-1,-1,-1,-1,-1,-1,2,0,0,0,0,0,2,0,16,5,8,41.76428391,-87.57640667
0,405724,-1,35,0,0,0,1,0,7,-1,0,0,0,0,-1,-1,-1,20,-1,1233,-1,-1,-1,-1,-1,-1,2,0,0,0,0,0,2,0,16,5,8,41.86625418,-87.66652414
0,405700,-1,30,0,0,0,1,12,5,2,0,0,0,0,-1,-1,-1,22,0,1022,-1,1,-1,-1,-1,-1,2,0,0,0,0,0,2,0,16,5,8,41.86087644,-87.70565817
0,405727,-1,30,0,0,0,1,12,5,2,0,0,0,0,-1,-1,-1,0,0,2024,-1,-1,-1,-1,-1,-1,2,0,0,0,0,0,2,0,16,5,8,41.97577719,-87.65484489
0,405788,-1,0,0,0,0,1,12,2,2,0,0,0,0,-1,-1,1,0,0,935,-1,-1,-1,-1,-1,-1,2,0,0,0,0,0,4,0,16,5,8,41.79449508,-87.6404445
0,406611,-1,30,0,0,0,1,0,5,2,0,0,0,0,-1,-1,-1,17,17,1113,-1,-1,-1,-1,-1,-1,2,0,0,0,0,0,2,0,16,5,8,41.87704753,-87.7376769
0,406606,-1,30,1,2,0,1,8,5,2,0,0,0,0,1,-1,-1,0,-1,1214,-1,-1,-1,-1,-1,-1,2,0,0,0,0,0,2,0,16,5,8,41.88669488,-87.64420192
0,405704,-1,35,0,0,0,1,14,2,4,0,0,0,0,1,-1,-1,16,17,433,-1,-1,-1,-1,-1,-1,2,0,0,0,0,0,2,0,16,5,8,41.68268486,-87.53997023
0,405723,-1,35,2,12,0,1,14,5,2,0,0,0,1,1,-1,-1,23,-1,1623,-1,-1,-1,-1,-1,-1,2,0,0,0,0,0,3,0,16,5,8,41.98290129,-87.76450007
0,422047,-1,15,0,0,0,1,7,5,2,0,0,0,0,-1,-1,-1,20,-1,414,-1,-1,-1,-1,-1,-1,2,0,0,0,0,0,1,0,16,5,8,41.75889467,-87.56651784
0,406351,-1,30,1,2,0,1,10,3,2,0,0,0,0,-1,-1,-1,18,11,411,-1,-1,-1,-1,-1,-1,3,0,0,0,0,0,3,0,16,5,8,41.75121349,-87.585967
0,405730,-1,25,2,0,0,1,10,5,2,0,0,0,0,1,-1,-1,0,0,632,-1,-1,-1,-1,-1,-1,2,0,0,0,0,0,2,0,16,5,8,41.74006158,-87.6147684
0,405874,1,30,0,0,0,1,12,2,-1,0,0,-1,0,-1,-1,1,0,-1,511,-1,-1,-1,-1,-1,-1,2,0,0,0,0,0,2,0,15,5,8,41.70784496,-87.58893873
0,405739,-1,30,0,0,0,1,10,2,2,0,0,0,0,-1,-1,1,0,-1,1412,-1,-1,-1,-1,-1,-1,2,0,0,0,0,0,2,0,15,5,8,41.93129303,-87.71213444
0,405790,-1,40,0,0,0,1,12,3,8,0,0,0,0,-1,-1,-1,21,-1,1833,-1,-1,-1,-1,-1,-1,2,0,0,0,0,0,2,0,15,5,8,41.89608323,-87.61620365
0,405703,-1,30,1,2,0,1,14,5,2,0,0,0,0,1,-1,-1,0,0,1215,-1,-1,-1,-1,-1,-1,2,0,0,0,0,0,2,0,15,5,8,41.89095328,-87.65894032
3,405693,-1,30,2,2,0,1,9,6,1,0,0,0,1,-1,-1,-1,0,0,1434,-1,-1,-1,-1,-1,-1,2,1,0,1,0,0,1,0,15,5,8,41.912314,-87.68620022
0,405689,-1,30,1,2,0,1,14,5,4,0,0,0,0,-1,-1,-1,23,17,114,-1,-1,-1,-1,-1,-1,2,0,0,0,0,0,3,0,15,5,8,41.88631251,-87.62054177
2,405661,-1,35,0,0,0,1,14,2,4,0,0,0,1,1,-1,-1,17,-1,1711,-1,-1,-1,-1,-1,-1,2,1,0,0,1,0,1,0,15,5,8,41.98994123,-87.73535978
0,407167,-1,30,0,0,0,1,7,6,1,0,0,0,0,-1,-1,-1,0,-1,1722,-1,-1,-1,-1,-1,-1,2,0,0,0,0,0,2,0,15,5,8,41.96094095,-87.73716142
0,406403,-1,30,1,5,0,1,10,6,4,0,0,0,0,-1,-1,-1,18,18,124,-1,-1,-1,-1,-1,-1,2,0,0,0,0,0,2,0,15,5,8,41.86728867,-87.64351698
0,405758,-1,25,2,2,0,1,0,2,4,1,0,-1,0,1,-1,-1,5,17,511,1,-1,-1,-1,-1,-1,2,0,0,0,0,0,2,0,15,5,8,41.70898658,-87.61978839
0,405656,-1,30,0,0,0,1,2,3,2,0,0,0,1,-1,-1,-1,0,0,911,-1,-1,-1,-1,-1,-1,1,0,0,0,0,0,1,0,15,5,8,41.83014797,-87.69464883
0,405799,-1,30,0,0,0,1,12,5,-1,0,0,0,0,-1,-1,-1,-1,-1,811,-1,-1,-1,-1,-1,-1,2,0,0,0,0,0,3,0,15,5,8,41.79566145,-87.76343801
0,405697,-1,30,0,0,0,1,14,5,1,1,0,0,0,-1,-1,-1,23,0,2424,-1,-1,-1,-1,-1,-1,2,0,0,0,0,0,2,0,15,5,8,42.01133305,-87.68258643
0,405673,-1,30,0,0,0,1,10,5,-1,0,0,0,0,-1,-1,1,18,-1,2232,-1,-1,-1,-1,-1,-1,2,0,0,0,0,0,2,0,15,5,8,41.69961339,-87.65477404
0,405717,-1,30,1,2,0,1,14,5,-1,0,0,0,1,-1,-1,-1,23,-1,1832,-1,-1,-1,-1,-1,-1,2,0,0,0,0,0,2,0,15,5,8,41.89924897,-87.62841577
0,405633,-1,30,2,2,0,1,14,2,4,0,0,0,0,1,-1,1,25,5,712,-1,-1,-1,-1,-1,-1,2,0,0,0,0,0,3,0,15,5,8,41.78709778,-87.64746564
0,405642,-1,30,1,2,0,1,14,5,-1,0,0,0,0,1,-1,-1,0,0,713,-1,-1,-1,-1,-1,-1,2,0,0,0,0,0,3,0,15,5,8,41.78668525,-87.66106578
0,405707,-1,0,1,2,0,1,10,5,1,0,0,0,0,-1,-1,1,0,0,212,-1,-1,-1,-1,-1,-1,2,0,0,0,0,0,3,0,15,5,8,41.83105838,-87.61678193
0,405626,-1,30,0,0,0,1,7,5,2,0,0,0,1,-1,-1,-1,12,0,724,-1,-1,-1,-1,-1,-1,2,0,0,0,0,0,2,0,15,5,8,41.77291889,-87.65903707
2,405618,-1,30,0,0,0,2,14,2,2,0,0,-1,1,1,-1,-1,17,-1,1731,-1,-1,-1,-1,-1,-1,2,1,0,0,1,0,2,0,15,5,8,41.94603993,-87.74535611
0,405648,-1,30,0,0,0,1,7,2,-1,0,0,0,0,-1,-1,-1,21,-1,832,-1,-1,-1,-1,-1,-1,2,0,0,0,0,0,1,0,15,5,8,41.76859,-87.6834987
0,405658,-1,30,0,0,0,1,10,5,-1,0,0,0,0,-1,-1,1,0,0,2223,-1,-1,-1,-1,-1,-1,2,0,0,0,0,0,2,0,15,5,8,41.7172922,-87.65143357
0,405721,-1,30,1,2,0,1,10,5,-1,0,0,0,0,-1,-1,1,20,-1,524,-1,-1,-1,-1,-1,-1,2,0,0,0,0,0,2,0,15,5,8,41.67772634,-87.6417591
0,405668,-1,30,1,2,0,1,12,5,4,0,0,0,0,0,-1,-1,0,0,1234,-1,-1,-1,-1,-1,-1,2,0,0,0,0,0,2,0,15,5,8,41.85384741,-87.68339016
0,408096,-1,15,0,0,0,1,0,7,1,0,0,0,0,-1,1,-1,0,0,2533,-1,-1,-1,-1,-1,-1,2,0,0,0,0,0,3,0,15,5,8,41.90960039,-87.73935647
0,406915,1,30,0,0,0,1,7,5,2,0,-1,-1,0,-1,-1,1,-1,-1,324,-1,-1,-1,-1,-1,-1,2,0,0,0,0,0,1,0,15,5,8,41.76065295,-87.59133274
1,405846,-1,30,0,0,0,1,9,12,-1,0,0,0,1,-1,-1,1,0,-1,724,-1,-1,-1,-1,-1,-1,2,1,0,0,0,1,1,0,15,5,8,41.77951918,-87.65435361
0,405612,-1,30,0,0,0,1,12,6,-1,0,0,0,0,-1,-1,-1,0,0,1232,-1,-1,-1,1,2,1,2,0,0,0,0,0,3,0,15,5,8,41.87929361,-87.64932076
0,405601,-1,30,0,0,0,1,10,5,-1,0,0,0,0,-1,-1,-1,18,-1,2212,-1,-1,-1,-1,-1,-1,2,0,0,0,0,0,2,0,15,5,8,41.69027251,-87.68125392
1,405594,-1,10,0,0,0,1,8,0,-1,0,0,0,1,-1,-1,-1,17,0,1624,-1,-1,-1,-1,-1,-1,2,1,0,0,0,1,1,0,15,5,8,41.95348142,-87.77938454
0,405683,-1,30,0,0,0,1,3,2,4,0,0,0,0,-1,-1,-1,21,-1,1533,-1,-1,-1,-1,-1,-1,2,0,0,0,0,0,2,0,14,5,8,41.87676066,-87.74529167
0,405820,-1,30,0,0,0,1,7,2,-1,0,0,0,0,-1,-1,1,21,-1,815,-1,-1,-1,-1,-1,-1,2,0,0,0,0,0,1,0,14,5,8,41.8069299,-87.72370326
0,405564,-1,15,0,0,0,1,0,7,0,0,0,0,1,-1,-1,-1,-1,-1,2211,-1,-1,-1,-1,-1,-1,2,0,0,0,0,0,2,0,14,5,8,41.69119388,-87.71773863
0,405619,-1,30,2,2,0,1,0,5,2,0,0,0,1,-1,-1,-1,17,17,432,-1,-1,-1,-1,-1,-1,2,0,0,0,0,0,2,0,14,5,8,41.71377432,-87.5378379
0,405562,-1,30,1,2,0,1,5,5,2,0,0,0,0,1,-1,-1,28,0,1931,-1,-1,-1,1,0,1,2,0,0,0,0,0,2,0,14,5,8,41.92907804,-87.6746341
0,405556,1,10,0,0,0,1,7,7,-1,0,0,0,0,-1,1,1,20,11,1011,-1,-1,-1,-1,-1,-1,2,0,0,0,0,0,1,0,14,5,8,41.86610631,-87.72194013
2,405628,-1,30,1,2,0,1,9,6,-1,0,0,0,1,-1,-1,-1,0,-1,122,-1,1,-1,-1,-1,-1,2,1,0,0,1,0,1,0,14,5,8,41.88309981,-87.63378834
0,406369,-1,30,0,0,0,1,12,2,-1,0,0,0,0,-1,-1,-1,17,17,1613,-1,-1,-1,-1,-1,-1,2,0,0,0,0,0,2,0,14,5,8,41.98186745,-87.80679383
1,405757,-1,30,2,-1,0,1,0,5,2,0,0,-1,1,1,-1,-1,0,0,432,-1,-1,-1,-1,-1,-1,2,1,0,0,0,1,3,0,14,5,8,41.71397893,-87.53775249
0,405740,-1,30,1,2,0,1,14,3,4,0,0,0,0,0,-1,-1,-1,-1,434,-1,-1,-1,-1,-1,-1,2,0,0,0,0,0,2,0,14,5,8,41.65907608,-87.5593648
0,405624,-1,30,1,2,0,1,10,2,-1,0,0,-1,0,-1,-1,-1,0,0,512,-1,-1,-1,-1,-1,-1,2,0,0,0,0,0,2,0,14,5,8,41.70771506,-87.5862498
0,405570,-1,35,0,0,0,1,10,5,-1,0,0,0,0,-1,-1,-1,18,-1,1624,-1,-1,-1,-1,-1,-1,2,0,0,0,0,0,2,0,14,5,8,41.96039718,-87.76512866
0,405535,-1,30,0,0,0,1,10,2,2,0,0,0,0,-1,-1,1,0,0,1524,-1,-1,-1,-1,-1,-1,2,0,0,0,0,0,2,0,14,5,8,41.89449932,-87.7557306
0,405720,-1,30,1,2,0,1,10,5,2,0,0,0,0,-1,-1,-1,18,18,411,-1,-1,-1,-1,-1,-1,2,0,0,0,0,0,2,0,14,5,8,41.75161085,-87.58536755
0,406641,-1,30,0,0,0,1,10,2,-1,0,0,0,0,-1,-1,-1,0,0,1023,-1,-1,-1,-1,-1,-1,2,0,0,0,0,0,2,0,14,5,8,41.86155404,-87.69542697
0,405620,-1,30,0,0,0,1,7,5,-1,2,0,0,1,-1,-1,-1,0,0,2233,-1,-1,-1,-1,-1,-1,2,0,0,0,0,0,2,0,14,5,8,41.69224584,-87.64243776
0,405598,-1,30,1,2,0,1,14,5,2,0,0,-1,0,1,-1,-1,23,-1,1111,-1,-1,-1,-1,-1,-1,2,0,0,0,0,0,2,0,14,5,8,41.89912845,-87.7262597
1,405551,-1,30,0,0,0,1,12,2,2,0,0,0,1,-1,-1,-1,0,-1,1522,-1,-1,-1,-1,-1,-1,2,1,0,0,0,1,1,0,14,5,8,41.88041,-87.76070578
3,405544,-1,35,1,2,0,1,14,5,2,0,0,0,1,1,-1,-1,16,6,431,-1,-1,-1,-1,-1,-1,2,1,0,1,0,0,1,0,14,5,8,41.70789989,-87.58482289
0,405523,-1,30,0,0,0,1,8,0,-1,0,0,0,0,-1,-1,-1,0,16,2413,-1,-1,-1,-1,-1,-1,2,0,0,0,0,0,2,0,14,5,8,41.99775137,-87.68608062
0,405496,-1,30,2,2,0,1,10,5,-1,0,0,0,1,-1,-1,-1,20,20,1213,-1,-1,-1,-1,-1,-1,2,0,0,0,0,0,2,0,14,5,8,41.89975966,-87.65735355
0,405662,-1,30,0,0,0,1,7,2,-1,0,0,0,0,-1,-1,-1,20,-1,1232,-1,-1,-1,-1,-1,-1,2,0,0,0,0,0,1,0,14,5,8,41.88012878,-87.6471646
0,405518,-1,30,0,0,0,1,10,3,-1,0,0,0,0,-1,-1,-1,18,18,2432,-1,-1,-1,-1,-1,-1,2,0,0,0,0,0,3,0,14,5,8,41.99825579,-87.66455041
0,405563,-1,30,1,2,0,1,14,5,-1,0,0,0,0,1,-1,-1,23,-1,1832,-1,-1,-1,-1,-1,-1,2,0,0,0,0,0,4,0,14,5,8,41.89674644,-87.6311745
0,405505,-1,30,0,0,0,1,10,5,-1,0,0,0,0,-1,-1,-1,18,16,1111,-1,-1,-1,-1,-1,-1,2,0,0,0,0,0,2,0,14,5,8,41.89772099,-87.74571749
0,405577,-1,30,1,2,0,1,10,2,2,0,0,-1,0,1,-1,-1,0,-1,735,-1,-1,-1,-1,-1,-1,2,0,0,0,0,0,3,0,14,5,8,41.76501831,-87.66385923
0,405494,-1,30,1,2,0,1,12,2,2,0,0,0,0,1,-1,-1,11,-1,2232,-1,-1,-1,-1,-1,-1,2,0,0,0,0,0,3,0,14,5,8,41.71411887,-87.64314541
0,412636,-1,30,1,2,0,1,10,3,3,0,0,0,0,1,-1,-1,18,-1,112,-1,-1,-1,-1,-1,-1,2,0,0,0,0,0,2,0,14,5,8,41.88204398,-87.62451104
0,405646,-1,5,0,0,0,1,7,7,-1,0,0,0,0,-1,1,-1,33,-1,1924,-1,-1,-1,-1,-1,-1,2,0,0,0,0,0,1,0,14,5,8,41.94530265,-87.65340766
2,405573,-1,30,1,0,0,1,10,5,4,0,0,0,1,-1,-1,-1,0,0,1814,-1,-1,-1,-1,-1,-1,2,1,0,0,1,0,1,0,14,5,8,41.91325383,-87.63184764
0,405547,-1,35,0,0,0,1,4,5,-1,0,0,1,0,-1,-1,-1,0,-1,1611,-1,-1,-1,-1,-1,-1,1,0,0,0,0,0,1,0,14,5,8,41.99746398,-87.78761024
0,405590,-1,30,1,2,0,1,10,6,-1,0,0,0,0,1,-1,-1,17,16,2013,-1,-1,-1,-1,-1,-1,2,0,0,0,0,0,3,0,13,5,8,41.99079864,-87.66112516