MOST_SEVERE_INJURY,RD_NO,CRASH_DATE_EST_I,POSTED_SPEED_LIMIT,TRAFFIC_CONTROL_DEVICE,DEVICE_CONDITION,WEATHER_CONDITION,LIGHTING_CONDITION,FIRST_CRASH_TYPE,TRAFFICWAY_TYPE,LANE_CNT,ALIGNMENT,ROADWAY_SURFACE_COND,ROAD_DEFECT,CRASH_TYPE,INTERSECTION_RELATED_I,NOT_RIGHT_OF_WAY_I,HIT_AND_RUN_I,PRIM_CONTRIBUTORY_CAUSE,SEC_CONTRIBUTORY_CAUSE,BEAT_OF_OCCURRENCE,PHOTOS_TAKEN_I,STATEMENTS_TAKEN_I,DOORING_I,WORK_ZONE_I,WORK_ZONE_TYPE,WORKERS_PRESENT_I,NUM_UNITS,INJURIES_TOTAL,INJURIES_FATAL,INJURIES_INCAPACITATING,INJURIES_NON_INCAPACITATING,INJURIES_REPORTED_NOT_EVIDENT,INJURIES_NO_INDICATION,INJURIES_UNKNOWN,CRASH_HOUR,CRASH_DAY_OF_WEEK,CRASH_MONTH,LATITUDE,LONGITUDE
0,405527,-1,30,1,2,0,1,10,5,2,0,0,0,0,0,-1,-1,16,11,1031,-1,-1,-1,-1,-1,-1,2,0,0,0,0,0,2,0,13,5,8,41.83629809,-87.73434087
0,405486,-1,30,1,2,0,1,10,5,-1,0,0,0,0,-1,-1,-1,0,-1,1434,-1,-1,-1,-1,-1,-1,2,0,0,0,0,0,2,0,13,5,8,41.91091779,-87.6773264
1,406507,-1,30,1,2,0,1,10,2,-1,0,0,0,1,-1,-1,-1,18,17,1622,-1,-1,-1,-1,-1,-1,2,1,0,0,0,1,3,0,13,5,8,41.97544823,-87.78773009
0,405474,-1,30,0,0,0,1,0,5,-1,0,0,0,0,-1,-1,-1,20,-1,911,-1,-1,-1,-1,-1,-1,2,0,0,0,0,0,4,0,13,5,8,41.82269729,-87.70456403
0,405514,-1,30,1,2,0,1,10,5,-1,0,0,0,0,1,-1,-1,18,-1,1524,-1,-1,-1,-1,-1,-1,2,0,0,0,0,0,2,0,13,5,8,41.90050693,-87.75588188
0,405516,-1,30,0,0,0,1,0,7,-1,0,-1,-1,0,-1,-1,-1,11,0,914,-1,-1,-1,-1,-1,-1,2,0,0,0,0,0,2,0,13,5,8,41.8549559,-87.63078129
0,405470,-1,30,1,2,0,1,12,2,2,0,0,0,0,1,-1,-1,17,-1,1723,-1,-1,-1,-1,-1,-1,2,0,0,0,0,0,2,0,13,5,8,41.96808471,-87.72787552
0,411387,-1,30,1,2,0,1,10,5,-1,0,0,0,0,-1,-1,-1,12,0,1011,-1,-1,-1,-1,-1,-1,2,0,0,0,0,0,3,0,13,5,8,41.86568176,-87.72529773
0,405529,-1,15,0,0,0,1,7,7,-1,0,0,0,1,-1,-1,1,20,-1,835,-1,-1,-1,-1,-1,-1,2,0,0,0,0,0,1,0,13,5,8,41.7542835,-87.69420327
0,405517,-1,30,1,2,0,1,12,5,4,0,0,0,0,-1,-1,-1,0,-1,1232,-1,-1,-1,-1,-1,-1,2,0,0,0,0,0,2,0,13,5,8,41.8805588,-87.64717671
0,405483,-1,30,0,0,0,1,10,5,4,0,0,0,0,-1,-1,1,16,18,822,-1,-1,-1,-1,-1,-1,1,0,0,0,0,0,1,0,13,5,8,41.79233004,-87.72298623
0,405468,-1,30,0,0,0,1,10,5,2,0,0,0,0,-1,-1,1,18,25,524,-1,-1,-1,-1,-1,-1,2,0,0,0,0,0,2,0,13,5,8,41.67768507,-87.65901955
2,405441,-1,30,2,2,0,1,0,3,4,0,0,0,1,1,-1,-1,17,0,835,-1,-1,-1,-1,-1,-1,2,2,0,0,2,0,1,0,13,5,8,41.74990324,-87.70734839
0,405439,-1,30,0,0,0,1,10,5,-1,0,0,0,0,-1,-1,-1,-1,-1,811,-1,-1,-1,-1,-1,-1,2,0,0,0,0,0,3,0,13,5,8,41.79004397,-87.8013004
0,405588,-1,30,0,0,0,1,7,5,-1,0,0,0,0,-1,-1,1,-1,-1,2522,-1,-1,-1,-1,-1,-1,2,0,0,0,0,0,1,0,13,5,8,41.91714829,-87.7368521
0,405423,-1,30,1,2,0,1,14,2,-1,0,0,0,0,1,-1,-1,21,0,714,-1,-1,-1,-1,-1,-1,2,0,0,0,0,0,2,0,13,5,8,41.78647774,-87.67424123
0,405434,-1,15,0,0,0,1,7,7,-1,0,0,0,0,-1,-1,1,0,-1,324,-1,-1,-1,-1,-1,-1,2,0,0,0,0,0,1,0,13,5,8,41.76302237,-87.58639016
0,405568,-1,30,1,2,0,1,14,5,2,0,0,0,0,1,-1,1,0,0,513,-1,-1,-1,-1,-1,-1,2,0,0,0,0,0,4,0,13,5,8,41.69977694,-87.62345683
0,405806,-1,20,0,0,0,1,7,6,-1,0,0,0,0,-1,-1,-1,0,0,324,-1,-1,-1,-1,-1,-1,2,0,0,0,0,0,1,0,13,5,8,41.76500415,-87.59001471
0,405446,-1,25,0,0,0,1,3,5,2,0,0,0,0,-1,-1,-1,33,20,914,-1,-1,-1,-1,-1,-1,2,0,0,0,0,0,2,0,13,5,8,41.84535439,-87.6360257
0,405437,-1,30,-1,-1,0,1,10,5,-1,0,-1,-1,0,-1,-1,-1,0,-1,1921,-1,-1,-1,-1,-1,-1,2,0,0,0,0,0,2,0,13,5,8,41.95396536,-87.68425915
0,405448,-1,30,1,2,0,1,12,6,2,0,0,0,0,1,-1,1,0,0,1824,-1,-1,-1,-1,-1,-1,2,0,0,0,0,0,2,0,12,5,8,41.90146137,-87.62751462
0,405415,-1,30,0,0,0,1,10,5,2,0,0,0,0,-1,-1,-1,0,-1,1233,-1,-1,-1,1,2,-1,2,0,0,0,0,0,2,0,12,5,8,41.86141786,-87.66638826
0,405411,-1,30,1,2,0,1,12,3,2,0,0,3,0,-1,-1,-1,18,-1,1233,-1,-1,-1,-1,-1,-1,2,0,0,0,0,0,2,0,12,5,8,41.85846472,-87.68566532
0,405455,1,30,1,2,0,1,14,5,-1,0,0,0,0,1,-1,-1,17,-1,1731,-1,-1,-1,-1,-1,-1,2,0,0,0,0,0,2,0,12,5,8,41.93913815,-87.72733371
0,405378,-1,30,0,-1,0,1,8,2,-1,0,0,-1,0,-1,-1,-1,20,0,2033,-1,-1,-1,-1,-1,-1,2,0,0,0,0,0,2,0,12,5,8,41.96914111,-87.65936895
0,405912,-1,30,0,0,0,1,8,5,2,0,0,0,0,-1,-1,-1,17,-1,1215,-1,-1,-1,-1,-1,-1,2,0,0,0,0,0,2,0,12,5,8,41.88732928,-87.66330569
0,405395,-1,30,1,2,0,1,10,2,-1,0,0,0,0,-1,-1,-1,18,-1,1232,-1,-1,-1,-1,-1,-1,2,0,0,0,0,0,2,0,12,5,8,41.87759408,-87.64738021
0,405389,-1,20,1,2,0,1,12,5,6,0,0,0,0,-1,-1,1,22,-1,2522,-1,-1,-1,-1,-1,-1,2,0,0,0,0,0,3,0,12,5,8,41.92406437,-87.75599757
0,405357,-1,30,0,0,0,1,7,5,-1,0,0,0,0,0,-1,-1,17,-1,632,-1,-1,-1,0,-1,-1,2,0,0,0,0,0,1,0,12,5,8,41.74173656,-87.6244286
0,405427,-1,30,2,2,0,1,0,5,-1,0,0,0,1,1,-1,-1,0,-1,432,-1,-1,-1,-1,-1,-1,2,0,0,0,0,0,2,0,12,5,8,41.70085438,-87.54023599
0,405379,-1,30,1,2,0,1,12,2,-1,0,0,0,1,1,-1,-1,21,-1,925,-1,-1,-1,-1,-1,-1,2,0,0,0,0,0,2,0,12,5,8,41.80918541,-87.63342744
0,410703,-1,25,0,0,0,1,11,7,-1,0,0,0,0,-1,1,-1,20,0,912,-1,-1,-1,-1,-1,-1,2,0,0,0,0,0,2,0,12,5,8,41.83929996,-87.66593524
0,405388,-1,15,0,0,0,1,2,0,-1,0,0,0,1,-1,1,1,25,16,2223,-1,-1,-1,-1,-1,-1,2,0,0,0,0,0,1,0,12,5,8,41.71830245,-87.6340415
1,405308,-1,30,1,2,0,1,8,6,-1,0,0,0,1,1,-1,-1,6,-1,1834,-1,-1,-1,-1,-1,-1,2,1,0,0,0,1,2,0,12,5,8,41.89180029,-87.61420776
0,405405,1,30,0,0,0,1,10,5,-1,0,0,0,0,-1,-1,-1,18,16,2424,-1,-1,-1,-1,-1,-1,2,0,0,0,0,0,2,0,11,5,8,42.01327171,-87.67489322
0,405328,-1,30,0,0,0,1,10,6,2,0,0,0,0,-1,-1,-1,0,0,122,-1,-1,-1,-1,-1,-1,2,0,0,0,0,0,2,0,11,5,8,41.88310093,-87.63137565
1,405347,-1,30,0,0,0,1,12,3,-1,0,0,12,1,-1,-1,1,33,-1,833,-1,-1,-1,-1,-1,-1,2,1,0,0,0,1,2,0,11,5,8,41.7498268,-87.7123495
0,405364,-1,30,0,0,0,1,7,2,-1,0,0,0,1,-1,-1,-1,11,-1,1925,-1,-1,-1,-1,-1,-1,2,0,0,0,0,0,1,0,11,5,8,41.95447628,-87.64828573
0,405313,-1,35,1,2,0,1,10,5,2,0,0,0,0,-1,-1,-1,0,0,2411,-1,-1,-1,-1,-1,-1,2,0,0,0,0,0,2,0,11,5,8,42.0121665,-87.68965528
2,405291,-1,30,0,0,0,1,10,0,-1,0,0,0,1,-1,-1,1,18,-1,1533,-1,-1,-1,-1,-1,-1,2,3,0,0,3,0,3,0,11,5,8,41.87499366,-87.75208178
0,405456,-1,30,1,2,0,1,12,5,-1,0,0,0,0,1,-1,-1,0,0,924,-1,-1,-1,-1,-1,-1,2,0,0,0,0,0,2,0,11,5,8,41.81232584,-87.66498534
0,405346,-1,30,0,0,0,1,7,6,-1,0,0,0,0,-1,-1,1,0,0,2524,-1,-1,-1,-1,-1,-1,2,0,0,0,0,0,1,0,11,5,8,41.92626371,-87.72270165
0,405323,-1,30,0,0,0,1,7,7,2,0,0,-1,0,-1,-1,-1,0,-1,1014,-1,-1,-1,-1,-1,-1,2,0,0,0,0,0,1,0,11,5,8,41.85319452,-87.71932895
3,405278,-1,30,1,2,0,1,14,2,-1,0,0,0,1,1,-1,-1,21,23,915,-1,-1,-1,-1,-1,-1,2,1,0,1,0,0,1,0,11,5,8,41.83063969,-87.64618421
0,416901,-1,30,-1,-1,-1,1,14,5,-1,0,-1,-1,0,-1,-1,-1,0,11,1834,-1,-1,-1,-1,-1,-1,2,0,0,0,0,0,2,0,11,5,8,41.89219497,-87.62523086
0,405381,-1,30,0,0,0,1,12,6,2,0,0,-1,0,-1,-1,-1,0,-1,1834,-1,-1,-1,-1,-1,-1,2,0,0,0,0,0,2,0,11,5,8,41.89564152,-87.62338976
0,405296,-1,15,2,0,0,1,9,5,2,0,12,12,0,1,-1,-1,28,17,412,-1,-1,-1,1,2,1,2,0,0,0,0,0,4,0,11,5,8,41.74074373,-87.57442534
0,405272,-1,30,1,2,0,1,10,5,-1,3,0,0,0,-1,-1,-1,0,-1,331,-1,-1,-1,-1,-1,-1,2,0,0,0,0,0,2,0,11,5,8,41.7767164,-87.57875333
0,405260,-1,45,1,2,0,1,10,2,5,0,0,0,0,-1,-1,-1,18,0,1654,-1,-1,-1,-1,-1,-1,2,0,0,0,0,0,2,0,11,5,8,41.95767665,-87.88401803
0,406609,-1,25,1,2,0,1,10,5,-1,0,0,0,0,1,-1,-1,18,0,1432,-1,-1,-1,-1,-1,-1,2,0,0,0,0,0,2,0,10,5,8,41.92422923,-87.67800567
0,405823,-1,30,-1,-1,-1,-1,7,5,2,0,-1,-1,0,-1,-1,-1,0,-1,915,-1,-1,-1,-1,-1,-1,2,0,0,0,0,0,1,0,10,5,8,41.82467825,-87.650671
0,405214,-1,30,0,0,0,1,12,5,4,0,0,0,1,-1,-1,1,0,0,1622,-1,-1,-1,-1,-1,-1,2,0,0,0,0,0,2,0,10,5,8,41.97578172,-87.77538272
0,405269,-1,30,1,2,0,1,10,5,4,0,0,-1,0,-1,-1,-1,0,0,614,-1,-1,-1,-1,-1,-1,2,0,0,0,0,0,2,0,10,5,8,41.73589862,-87.66312878
0,405227,-1,35,0,0,0,1,5,2,4,0,0,0,0,-1,-1,-1,-1,-1,431,-1,-1,-1,-1,-1,-1,1,0,0,0,0,0,1,0,10,5,8,41.72147355,-87.58486508
0,405225,-1,30,0,0,0,1,14,6,-1,0,0,0,0,-1,-1,-1,11,33,222,-1,-1,-1,-1,-1,-1,2,0,0,0,0,0,2,0,10,5,8,41.80300105,-87.58527824
0,405867,-1,30,0,0,0,1,7,0,-1,0,0,0,0,-1,-1,-1,0,-1,1234,-1,-1,-1,-1,-1,-1,2,0,0,0,0,0,1,0,10,5,8,41.85486878,-87.67197816
0,405533,-1,30,1,2,0,1,10,5,-1,0,0,0,0,-1,-1,-1,18,-1,912,-1,-1,-1,-1,-1,-1,2,0,0,0,0,0,2,0,9,5,8,41.83545687,-87.66583402
0,405299,-1,30,2,2,0,1,10,5,2,0,0,0,0,-1,-1,-1,18,-1,2411,-1,-1,-1,-1,-1,-1,2,0,0,0,0,0,2,0,9,5,8,42.00525728,-87.68356746
0,405188,-1,30,2,-1,0,1,0,5,2,0,0,0,0,1,-1,-1,0,-1,433,-1,-1,-1,-1,-1,-1,2,0,0,0,0,0,2,0,9,5,8,41.6535738,-87.53760774
0,405197,-1,30,0,0,0,1,3,5,2,0,0,0,0,-1,-1,-1,0,0,1231,-1,-1,-1,-1,-1,-1,2,0,0,0,0,0,2,0,9,5,8,41.8705953,-87.67161149
0,405189,-1,30,1,2,0,1,10,3,-1,0,0,0,0,-1,-1,-1,18,-1,815,-1,-1,-1,-1,-1,-1,2,0,0,0,0,0,2,0,9,5,8,41.81729695,-87.74327194
0,405246,-1,30,0,0,0,1,2,0,-1,0,0,0,0,-1,1,-1,-1,-1,431,-1,-1,-1,-1,-1,-1,1,0,0,0,0,0,1,0,9,5,8,41.70856552,-87.56557959
3,405132,-1,30,4,0,0,1,10,2,-1,0,0,0,1,-1,-1,-1,16,8,1634,-1,-1,-1,-1,-1,-1,2,1,0,1,0,0,1,0,9,5,8,41.94615859,-87.75304472
1,405190,-1,30,1,2,0,1,10,6,-1,0,0,0,1,1,-1,1,0,0,1134,-1,-1,-1,-1,-1,-1,2,1,0,0,0,1,1,0,9,5,8,41.87465427,-87.71077075
3,405147,-1,30,1,2,0,1,9,5,4,0,0,12,1,1,-1,-1,6,0,1231,1,-1,-1,1,2,-1,2,1,0,1,0,0,1,0,9,5,8,41.87404933,-87.67170565
0,406126,-1,0,0,0,0,-1,7,5,2,0,-1,-1,0,-1,-1,1,0,0,714,-1,-1,-1,-1,-1,-1,2,0,0,0,0,0,1,0,9,5,8,41.78589158,-87.66694859
0,405155,-1,30,2,2,0,1,0,2,2,0,0,0,1,1,-1,-1,0,0,1214,-1,-1,-1,-1,-1,-1,2,0,0,0,0,0,2,0,9,5,8,41.88570777,-87.64552961
0,405247,-1,30,0,0,0,1,7,0,1,0,0,-1,0,-1,-1,-1,0,-1,1234,-1,-1,-1,-1,-1,-1,2,0,0,0,0,0,1,0,8,5,8,41.85416053,-87.67301863
0,405140,-1,30,0,0,0,1,14,5,-1,0,0,0,0,-1,-1,-1,23,0,911,-1,-1,-1,-1,-1,-1,2,0,0,0,0,0,2,0,8,5,8,41.82803084,-87.70440427
0,405146,-1,30,0,0,0,1,12,2,2,0,0,0,0,-1,-1,-1,22,0,1232,-1,-1,-1,-1,-1,-1,2,0,0,0,0,0,2,0,8,5,8,41.86690655,-87.6554354
0,405113,-1,30,0,0,0,1,7,5,2,0,0,0,0,-1,-1,-1,11,11,1022,-1,-1,-1,-1,-1,-1,2,0,0,0,0,0,2,0,8,5,8,41.85537899,-87.70040522
3,405583,-1,0,0,0,0,1,4,7,-1,0,0,0,1,-1,-1,-1,25,-1,213,-1,-1,-1,-1,-1,-1,1,2,0,2,0,0,1,0,8,5,8,41.82364705,-87.62306701
0,405108,-1,30,1,2,0,1,12,6,3,0,0,0,0,-1,-1,-1,21,11,122,-1,-1,-1,-1,-1,-1,2,0,0,0,0,0,2,0,8,5,8,41.87801449,-87.63318903
0,405099,-1,30,2,2,0,1,14,3,1,0,0,0,0,1,-1,-1,20,0,1912,-1,-1,-1,-1,-1,-1,2,0,0,0,0,0,2,0,8,5,8,41.9559775,-87.67369338
3,405093,0,30,2,2,0,1,9,5,2,0,0,0,1,0,-1,-1,33,0,524,-1,-1,-1,-1,-1,-1,2,1,0,1,0,0,1,0,8,5,8,41.67800251,-87.63474382
3,405123,-1,20,1,2,0,1,8,3,-1,0,0,0,1,-1,-1,1,0,-1,1022,-1,-1,-1,-1,-1,-1,2,1,0,1,0,0,1,0,8,5,8,41.86116964,-87.69582934
0,405089,-1,30,0,0,0,1,2,3,-1,0,0,0,0,-1,-1,-1,27,-1,2221,-1,-1,-1,-1,-1,-1,1,0,0,0,0,0,1,0,8,5,8,41.72131697,-87.66311708
0,405100,-1,25,2,2,0,1,11,5,2,0,0,0,0,1,-1,-1,21,0,1614,-1,-1,-1,-1,-1,-1,2,0,0,0,0,0,4,0,8,5,8,41.973132,-87.83826956
0,405534,-1,30,0,0,0,1,12,5,-1,0,0,0,0,-1,-1,-1,-1,-1,114,-1,-1,-1,-1,-1,-1,2,0,0,0,0,0,2,0,8,5,8,41.8819421,-87.62059571
0,405112,-1,45,1,2,0,1,10,3,10,2,0,0,0,-1,-1,-1,0,0,132,-1,-1,-1,-1,-1,-1,2,0,0,0,0,0,5,0,8,5,8,41.86514384,-87.61917217
0,405087,-1,30,2,2,0,1,0,5,-1,0,0,0,1,1,-1,-1,0,0,1212,-1,-1,-1,-1,-1,-1,2,0,0,0,0,0,2,0,8,5,8,41.89768855,-87.67695628
0,405105,-1,30,1,2,0,1,14,2,-1,0,0,0,0,1,-1,-1,23,11,833,-1,-1,-1,-1,-1,-1,2,0,0,0,0,0,2,0,8,5,8,41.76769188,-87.72233765
2,405079,-1,30,0,0,0,1,3,5,1,0,0,0,1,-1,-1,-1,0,0,1434,-1,-1,-1,-1,-1,-1,2,1,0,0,1,0,1,0,8,5,8,41.91221203,-87.69099422
0,407073,-1,40,0,0,-1,1,10,3,3,0,-1,-1,0,-1,-1,-1,0,0,2023,-1,-1,-1,-1,-1,-1,2,0,0,0,0,0,2,0,8,5,8,41.98008276,-87.65201595
0,405672,1,30,0,0,0,3,7,6,3,0,0,0,0,-1,-1,1,21,-1,212,-1,-1,-1,-1,-1,-1,2,0,0,0,0,0,1,0,8,5,8,41.82951168,-87.62187665
0,405071,-1,30,1,2,0,1,0,3,4,0,0,0,1,1,-1,-1,6,-1,1021,-1,-1,-1,-1,-1,-1,2,0,0,0,0,0,2,0,8,5,8,41.85635054,-87.71037525
0,405074,-1,30,0,0,0,1,7,6,2,0,0,0,1,-1,-1,1,0,0,1133,-1,-1,-1,-1,-1,-1,2,0,0,0,0,0,1,0,7,5,8,41.87188606,-87.71411124
0,405066,1,30,1,2,0,1,12,5,-1,0,0,0,0,1,-1,-1,-1,-1,331,-1,-1,-1,-1,-1,-1,2,0,0,0,0,0,2,0,7,5,8,41.76633289,-87.576158
0,407985,-1,30,2,0,0,1,10,6,-1,0,0,0,0,1,-1,-1,18,18,1224,-1,-1,-1,-1,-1,-1,2,0,0,0,0,0,3,0,7,5,8,41.88429093,-87.64784177
0,406451,-1,30,12,-1,0,1,10,5,4,0,0,12,0,-1,-1,-1,0,-1,834,-1,-1,-1,-1,-1,-1,2,0,0,0,0,0,2,0,7,5,8,41.74929574,-87.73921135
0,405279,-1,30,0,0,0,1,12,5,-1,0,0,0,0,-1,-1,-1,0,-1,1121,-1,-1,-1,-1,-1,-1,2,0,0,0,0,0,3,0,7,5,8,41.9002989,-87.71130777
0,405166,-1,30,1,2,0,1,12,5,4,0,0,0,0,-1,-1,-1,21,-1,1121,-1,-1,-1,-1,-1,-1,2,0,0,0,0,0,3,0,7,5,8,41.89917749,-87.71170411
0,405083,-1,30,0,0,0,1,12,5,-1,0,0,0,0,-1,-1,1,21,-1,1011,-1,-1,-1,-1,-1,-1,2,0,0,0,0,0,1,0,7,5,8,41.86604003,-87.72672414
0,405650,-1,15,0,0,0,1,14,7,0,0,0,0,0,-1,1,-1,17,23,1422,-1,-1,-1,-1,-1,-1,2,0,0,0,0,0,2,0,7,5,8,41.91010808,-87.71636348
0,406766,-1,30,0,0,0,1,11,5,2,0,0,0,0,-1,-1,1,0,-1,1123,-1,-1,-1,-1,-1,-1,2,0,0,0,0,0,2,0,7,5,8,41.88446577,-87.71008103
0,406654,-1,35,1,12,0,1,0,3,6,0,0,0,0,1,-1,-1,17,17,324,-1,-1,-1,-1,-1,-1,2,0,0,0,0,0,2,0,7,5,8,41.76054115,-87.58633028
0,405675,1,30,-1,-1,-1,-1,7,5,2,0,-1,-1,0,-1,-1,1,0,-1,915,-1,-1,-1,-1,-1,-1,2,0,0,0,0,0,1,0,7,5,8,41.82520429,-87.64347173
0,405253,-1,30,0,0,0,1,12,5,-1,0,0,0,0,-1,-1,-1,0,-1,1512,-1,-1,-1,-1,-1,-1,2,0,0,0,0,0,2,0,7,5,8,41.88234944,-87.76534092
0,405215,-1,30,0,0,0,1,12,7,-1,0,0,0,0,-1,-1,-1,0,0,1033,-1,-1,-1,-1,-1,-1,2,0,0,0,0,0,2,0,7,5,8,41.83617469,-87.70006539
0,405062,-1,30,0,0,0,1,12,1,-1,0,1,0,0,-1,-1,-1,21,-1,835,-1,1,-1,-1,-1,-1,2,0,0,0,0,0,2,0,7,5,8,41.74978921,-87.7033006
0,405048,-1,30,1,2,0,1,10,2,-1,0,0,0,0,-1,-1,-1,18,-1,813,-1,-1,-1,-1,-1,-1,2,0,0,0,0,0,2,0,7,5,8,41.77816556,-87.74243126
0,405054,-1,30,0,0,0,1,7,2,-1,0,0,0,1,-1,-1,-1,21,-1,2031,-1,-1,-1,-1,-1,-1,2,0,0,0,0,0,1,0,7,5,8,41.97434461,-87.68894938
2,405037,-1,30,1,2,0,1,14,3,0,0,0,0,1,1,-1,-1,17,23,1622,-1,-1,-1,-1,-1,-1,2,1,0,0,1,0,1,0,7,5,8,41.97556794,-87.7722626
0,408631,-1,30,1,2,0,2,10,2,4,0,0,0,0,1,-1,-1,21,-1,811,1,-1,-1,-1,-1,-1,3,0,0,0,0,0,3,0,7,5,8,41.79223626,-87.78185617
0,405859,-1,30,0,0,0,1,7,12,1,0,0,0,0,-1,-1,1,0,0,1224,-1,-1,-1,-1,-1,-1,2,0,0,0,0,0,1,0,7,5,8,41.8830228,-87.65779817
0,405268,-1,45,0,0,0,1,10,3,-1,0,0,0,0,-1,-1,-1,18,0,1925,-1,-1,-1,-1,-1,-1,2,0,0,0,0,0,2,0,7,5,8,41.9404429,-87.63863354
0,405128,-1,15,0,0,0,1,7,5,-1,0,0,0,1,0,0,0,28,35,1235,-1,-1,-1,-1,-1,-1,2,0,0,0,0,0,2,0,7,5,8,41.84787766,-87.66364059
0,405111,-1,30,0,0,0,1,7,6,1,0,0,0,0,-1,-1,1,0,0,334,0,-1,-1,-1,-1,-1,2,0,0,0,0,0,1,0,7,5,8,41.76042919,-87.56493522
0,405039,-1,30,1,2,0,1,14,3,4,0,0,0,1,1,-1,-1,11,0,1232,-1,-1,-1,-1,-1,-1,2,0,0,0,0,0,3,0,7,5,8,41.86719645,-87.65108822
0,405019,-1,30,1,2,0,1,10,5,-1,0,0,0,0,-1,-1,-1,2,9,1823,-1,-1,-1,-1,-1,-1,2,0,0,0,0,0,2,0,6,5,8,41.89670455,-87.63428013
0,405035,-1,30,0,0,0,1,7,5,1,0,0,0,0,-1,-1,-1,11,-1,2512,-1,-1,-1,-1,-1,-1,3,0,0,0,0,0,3,0,6,5,8,41.92995835,-87.78458585
0,405298,-1,30,1,2,0,3,8,2,-1,0,0,0,0,1,-1,-1,0,0,815,-1,-1,-1,-1,-1,-1,2,0,0,0,0,0,2,0,6,5,8,41.82369819,-87.72421326
0,405085,-1,45,0,0,0,1,12,5,4,0,0,0,0,-1,-1,-1,0,0,1935,-1,-1,-1,-1,-1,-1,2,0,0,0,0,0,2,0,6,5,8,41.92616072,-87.63151467
0,405012,-1,30,1,2,0,1,0,5,2,0,0,-1,0,1,-1,-1,16,6,1914,-1,-1,-1,-1,-1,-1,2,0,0,0,0,0,2,0,6,5,8,41.96182307,-87.65489608
0,405345,1,30,0,0,0,1,7,5,-1,0,0,0,0,-1,-1,1,0,0,634,-1,-1,-1,-1,-1,-1,2,0,0,0,0,0,1,0,6,5,8,41.72433426,-87.63124356
0,406019,-1,30,0,0,0,1,7,6,-1,0,0,-1,0,-1,-1,1,0,0,735,-1,-1,-1,-1,-1,-1,2,0,0,0,0,0,1,0,6,5,8,41.76110104,-87.67115085
0,405001,-1,5,-1,-1,0,1,2,7,-1,0,0,0,0,-1,1,1,20,-1,911,-1,-1,-1,-1,-1,-1,1,0,0,0,0,0,2,0,5,5,8,41.82803514,-87.70469773
0,405025,-1,45,0,0,0,2,5,3,8,0,0,0,0,-1,-1,-1,21,-1,1814,-1,-1,-1,-1,-1,-1,1,0,0,0,0,0,1,0,5,5,8,41.91521876,-87.62750339
0,404992,-1,30,2,2,0,3,2,12,6,0,0,0,0,1,-1,-1,17,17,411,-1,-1,-1,-1,-1,-1,2,0,0,0,0,0,2,0,5,5,8,41.74969958,-87.58595724
0,404999,-1,30,1,2,0,2,9,5,6,2,0,0,0,0,-1,0,6,17,1112,-1,-1,-1,-1,-1,-1,2,0,0,0,0,0,3,0,5,5,8,41.89530462,-87.72104469
0,404956,-1,15,0,0,0,3,2,5,2,0,0,0,1,-1,1,0,14,8,321,-1,-1,-1,-1,-1,-1,1,0,0,0,0,0,2,0,2,5,8,41.76771615,-87.59534464
4,404997,-1,30,0,0,0,3,8,3,2,0,0,0,1,-1,-1,1,0,-1,1111,1,-1,-1,-1,-1,-1,2,1,1,0,0,0,1,0,2,5,8,41.90236336,-87.7384742
0,405007,-1,30,1,2,0,3,14,5,4,0,0,0,0,1,-1,1,0,0,2431,-1,-1,-1,-1,-1,-1,2,0,0,0,0,0,2,0,1,5,8,42.00558687,-87.66107732
0,404926,-1,25,0,0,0,3,7,2,2,0,0,0,1,-1,-1,1,-1,-1,1411,-1,-1,-1,-1,-1,-1,2,0,0,0,0,0,1,0,1,5,8,41.93851504,-87.69277172
0,404904,-1,30,0,0,0,3,2,2,2,0,0,0,1,-1,-1,-1,0,-1,622,-1,-1,-1,-1,-1,-1,1,0,0,0,0,0,4,0,0,5,8,41.74376387,-87.63524245
0,404940,-1,35,1,2,0,3,0,2,2,0,0,0,1,-1,-1,1,6,-1,212,-1,-1,-1,-1,-1,-1,2,0,0,0,0,0,2,0,0,5,8,41.83108657,-87.61746054
0,404888,-1,20,0,0,0,3,7,5,-1,0,-1,-1,1,-1,-1,1,0,0,813,-1,-1,-1,-1,-1,-1,2,0,0,0,0,0,1,0,0,5,8,41.78033507,-87.72549426
0,405153,1,30,0,0,0,3,7,5,-1,0,0,0,0,-1,-1,-1,0,0,834,-1,-1,-1,-1,-1,-1,2,0,0,0,0,0,1,0,23,4,8,41.74394669,-87.71894501
0,404820,-1,30,1,2,0,3,14,5,4,0,0,0,1,1,-1,-1,21,23,815,-1,-1,-1,-1,-1,-1,3,0,0,0,0,0,3,0,22,4,8,41.79874728,-87.74278569
0,405205,-1,20,0,0,0,3,2,0,-1,0,0,0,0,-1,-1,-1,13,-1,2514,-1,-1,-1,-1,-1,-1,1,0,0,0,0,0,1,0,22,4,8,41.92868129,-87.76381681
3,404857,-1,45,0,0,0,3,10,3,4,0,0,0,1,-1,-1,-1,11,11,212,-1,-1,-1,-1,-1,-1,2,1,0,1,0,0,1,0,22,4,8,41.82754458,-87.60267888
2,404850,-1,30,0,0,0,3,3,5,-1,0,0,0,1,1,-1,-1,17,-1,833,-1,-1,-1,-1,-1,-1,2,2,0,0,2,0,0,0,22,4,8,41.76936804,-87.72868239