MOST_SEVERE_INJURY,RD_NO,CRASH_DATE_EST_I,POSTED_SPEED_LIMIT,TRAFFIC_CONTROL_DEVICE,DEVICE_CONDITION,WEATHER_CONDITION,LIGHTING_CONDITION,FIRST_CRASH_TYPE,TRAFFICWAY_TYPE,LANE_CNT,ALIGNMENT,ROADWAY_SURFACE_COND,ROAD_DEFECT,CRASH_TYPE,INTERSECTION_RELATED_I,NOT_RIGHT_OF_WAY_I,HIT_AND_RUN_I,PRIM_CONTRIBUTORY_CAUSE,SEC_CONTRIBUTORY_CAUSE,BEAT_OF_OCCURRENCE,PHOTOS_TAKEN_I,STATEMENTS_TAKEN_I,DOORING_I,WORK_ZONE_I,WORK_ZONE_TYPE,WORKERS_PRESENT_I,NUM_UNITS,INJURIES_TOTAL,INJURIES_FATAL,INJURIES_INCAPACITATING,INJURIES_NON_INCAPACITATING,INJURIES_REPORTED_NOT_EVIDENT,INJURIES_NO_INDICATION,INJURIES_UNKNOWN,CRASH_HOUR,CRASH_DAY_OF_WEEK,CRASH_MONTH,LATITUDE,LONGITUDE
0,404760,-1,35,1,2,0,3,14,2,4,0,0,0,0,1,-1,1,10,21,1732,-1,-1,-1,-1,-1,-1,2,0,0,0,0,0,2,0,22,4,8,41.93937804,-87.71264501
0,404754,-1,30,0,0,0,3,0,6,1,0,0,0,0,-1,-1,-1,20,-1,432,-1,-1,-1,-1,-1,-1,1,0,0,0,0,0,1,0,21,4,8,41.70170206,-87.53876741
3,404756,-1,30,0,0,0,3,8,5,2,0,0,0,1,-1,-1,1,25,17,825,-1,-1,-1,-1,-1,-1,2,1,0,1,0,0,1,0,21,4,8,41.77924477,-87.69211854
0,404943,-1,30,0,0,0,0,5,2,2,0,0,1,0,-1,-1,-1,-1,-1,2511,-1,-1,-1,-1,-1,-1,1,0,0,0,0,0,1,0,21,4,8,41.93112688,-87.78461524
0,404744,-1,30,0,0,0,3,10,5,2,0,0,0,0,-1,-1,-1,18,0,511,-1,-1,-1,-1,-1,-1,2,0,0,0,0,0,3,0,21,4,8,41.71793687,-87.62330373
2,404780,-1,30,1,2,0,3,14,5,2,0,0,0,1,1,-1,1,23,-1,1222,-1,-1,-1,-1,-1,-1,2,1,0,0,1,0,3,0,21,4,8,41.88468637,-87.68667666
0,404762,-1,30,0,0,0,3,7,5,-1,0,0,0,0,-1,-1,-1,11,-1,1031,-1,-1,-1,-1,-1,-1,2,0,0,0,0,0,1,0,21,4,8,41.83669303,-87.73149197
0,404782,-1,30,1,2,0,3,14,5,2,0,0,0,0,1,-1,-1,23,-1,2024,-1,-1,-1,-1,-1,-1,2,0,0,0,0,0,2,0,21,4,8,41.96926107,-87.65042273
0,404752,-1,30,0,0,0,3,11,7,-1,0,0,0,0,-1,1,-1,0,0,1633,-1,-1,-1,-1,-1,-1,2,0,0,0,0,0,2,0,21,4,8,41.94587968,-87.77662742
0,404708,1,30,1,3,0,3,0,2,2,0,0,0,1,1,-1,-1,6,-1,2232,-1,-1,-1,-1,-1,-1,2,0,0,0,0,0,2,0,21,4,8,41.70682334,-87.64297747
0,404764,-1,30,0,0,0,3,14,5,2,0,0,0,0,-1,-1,1,23,23,631,-1,-1,-1,-1,-1,-1,2,0,0,0,0,0,2,0,21,4,8,41.74936277,-87.60533298
0,404680,-1,20,0,0,0,3,7,5,2,0,0,0,1,-1,-1,-1,16,0,2211,-1,-1,-1,-1,-1,-1,2,0,0,0,0,0,1,0,20,4,8,41.69846607,-87.71343165
0,404698,-1,30,-1,-1,0,-1,10,2,-1,0,0,-1,0,-1,-1,1,18,-1,1812,-1,-1,-1,-1,-1,-1,2,0,0,0,0,0,2,0,20,4,8,41.92010244,-87.64863925
0,406018,-1,30,0,0,0,0,12,5,2,0,0,0,0,-1,-1,-1,23,0,2534,-1,-1,-1,-1,-1,-1,2,0,0,0,0,0,2,0,20,4,8,41.91008796,-87.7264842
0,404779,1,30,0,0,0,3,7,5,-1,0,0,0,0,-1,-1,1,0,0,1933,-1,-1,-1,-1,-1,-1,2,0,0,0,0,0,1,0,20,4,8,41.93589468,-87.65169441
0,404660,-1,30,1,2,0,3,12,5,-1,0,0,-1,0,-1,-1,-1,17,-1,813,-1,-1,-1,-1,-1,-1,2,0,0,0,0,0,2,0,20,4,8,41.77876739,-87.7228232
0,404653,-1,30,1,2,0,4,14,12,4,0,0,0,0,1,-1,-1,23,22,1834,-1,-1,-1,-1,-1,-1,2,0,0,0,0,0,2,0,20,4,8,41.89251115,-87.62433096
0,405220,-1,30,1,2,0,1,10,5,2,0,0,0,0,1,-1,-1,0,0,1924,-1,-1,-1,-1,-1,-1,2,0,0,0,0,0,2,0,20,4,8,41.93999456,-87.65088552
0,404662,-1,30,1,2,0,3,14,5,2,0,0,0,1,-1,-1,-1,17,16,1622,-1,-1,-1,-1,-1,-1,2,0,0,0,0,0,2,0,20,4,8,41.97180367,-87.77351606
0,404651,-1,25,1,2,0,3,14,5,2,0,0,0,1,1,-1,-1,0,-1,1623,-1,-1,-1,-1,-1,-1,2,0,0,0,0,0,2,0,20,4,8,41.96064321,-87.75753494
2,404617,-1,30,0,0,0,3,9,5,2,0,0,0,1,-1,-1,1,13,-1,231,-1,-1,-1,-1,-1,-1,2,1,0,0,1,0,1,0,20,4,8,41.80196384,-87.61811546
0,404719,-1,45,1,2,0,4,14,3,-1,0,0,0,0,-1,-1,1,6,-1,114,-1,-1,-1,-1,-1,-1,2,0,0,0,0,0,2,0,20,4,8,41.8808574,-87.61739714
3,404687,-1,30,2,2,0,3,0,5,2,0,0,0,1,-1,-1,1,17,16,1624,-1,-1,-1,-1,-1,-1,2,1,0,1,0,0,1,0,20,4,8,41.95843904,-87.7768095
0,404661,-1,20,0,-1,0,0,7,-1,-1,0,0,0,0,-1,-1,1,0,-1,1722,-1,-1,-1,-1,-1,-1,5,0,0,0,0,0,1,0,19,4,8,41.80786537,-87.7309419
0,404604,-1,30,0,0,0,3,7,5,2,0,0,0,0,-1,-1,-1,20,-1,1933,-1,-1,-1,-1,-1,-1,2,0,0,0,0,0,1,0,19,4,8,41.93983429,-87.65188242
2,404728,-1,35,0,0,0,4,8,2,-1,0,0,0,1,1,-1,-1,18,-1,833,-1,-1,-1,-1,-1,-1,2,1,0,0,1,0,2,0,19,4,8,41.75738052,-87.74148529
0,404585,1,30,0,0,0,1,14,8,-1,0,0,0,0,-1,-1,1,0,-1,1432,-1,-1,-1,-1,-1,-1,2,0,0,0,0,0,4,0,19,4,8,41.93029546,-87.68581874
2,404572,-1,30,1,2,0,4,8,5,-1,0,0,-1,1,-1,-1,-1,17,-1,2512,-1,-1,-1,-1,-1,-1,2,1,0,0,1,0,1,0,19,4,8,41.91639507,-87.79516533
0,404534,-1,30,1,2,0,1,8,5,2,0,0,-1,0,-1,-1,-1,17,17,1923,-1,-1,-1,-1,-1,-1,2,0,0,0,0,0,2,0,19,4,8,41.94716116,-87.6638707
0,404717,-1,25,0,0,0,1,7,6,1,0,0,0,0,-1,-1,1,11,21,1111,-1,-1,-1,-1,-1,-1,2,0,0,0,0,0,7,0,19,4,8,41.89130006,-87.74371636
0,404591,-1,30,0,0,0,1,10,5,-1,0,0,0,0,-1,-1,1,0,0,1131,-1,-1,-1,-1,-1,-1,2,0,0,0,0,0,2,0,19,4,8,41.86614087,-87.73508956
2,404615,-1,30,1,1,0,1,9,6,4,0,0,0,1,1,-1,-1,0,-1,1133,-1,-1,-1,-1,-1,-1,2,1,0,0,1,0,1,0,19,4,8,41.87373673,-87.710906
0,404564,-1,30,0,0,0,3,14,6,4,0,0,0,0,-1,-1,-1,21,-1,1834,-1,-1,-1,-1,-1,-1,2,0,0,0,0,0,2,0,19,4,8,41.89252048,-87.62403741
0,404508,-1,30,1,2,0,1,10,5,3,0,0,0,0,-1,-1,-1,11,0,612,-1,-1,-1,-1,-1,-1,2,0,0,0,0,0,2,0,18,4,8,41.75061035,-87.65342822
0,404568,-1,30,0,0,0,1,14,5,-1,0,0,0,0,-1,-1,-1,21,21,2413,-1,-1,-1,-1,-1,-1,2,0,0,0,0,0,2,0,18,4,8,41.99729996,-87.70949009
2,404592,1,30,1,2,0,3,0,5,-1,0,0,0,1,1,-1,-1,17,-1,1634,-1,-1,-1,-1,-1,-1,2,1,0,0,1,0,1,0,18,4,8,41.94252001,-87.74711282
2,404513,-1,30,1,1,0,1,8,2,-1,0,0,0,1,1,-1,-1,17,-1,1214,-1,-1,-1,-1,-1,-1,3,2,0,0,2,0,1,0,18,4,8,41.89333065,-87.64752717
0,404530,-1,35,-1,-1,0,1,7,5,1,0,0,0,0,-1,-1,1,16,-1,715,-1,-1,-1,-1,-1,-1,2,0,0,0,0,0,1,0,18,4,8,41.78868206,-87.6718754
0,404497,-1,30,0,0,0,1,14,5,1,0,0,0,1,1,-1,-1,22,-1,2212,-1,-1,-1,-1,-1,-1,2,0,0,0,0,0,4,0,18,4,8,41.68709841,-87.66821127
2,404479,-1,35,0,0,0,1,2,5,2,0,0,0,1,-1,-1,-1,12,-1,232,-1,-1,-1,-1,-1,-1,1,2,0,0,2,0,0,0,18,4,8,41.78723516,-87.62662502
0,405454,-1,30,0,0,0,1,7,6,1,0,0,0,0,-1,-1,1,0,-1,1723,-1,-1,-1,-1,-1,-1,2,0,0,0,0,0,1,0,18,4,8,41.95451404,-87.71675609
0,404582,-1,30,0,0,0,1,7,2,-1,0,0,0,1,-1,-1,-1,21,-1,921,-1,-1,-1,-1,-1,-1,2,0,0,0,0,0,1,0,18,4,8,41.81725078,-87.69885985
0,404476,-1,15,0,0,0,1,0,5,2,0,0,0,0,-1,-1,-1,20,-1,914,-1,-1,-1,-1,-1,-1,2,0,0,0,0,0,5,0,18,4,8,41.8560065,-87.63371935
0,405952,-1,25,0,0,0,2,7,5,-1,0,0,0,0,-1,-1,-1,0,0,1915,-1,-1,-1,-1,-1,-1,2,0,0,0,0,0,1,0,18,4,8,41.95840863,-87.64714801
1,405578,-1,30,1,2,0,1,8,2,4,0,0,0,1,1,-1,-1,17,16,1433,-1,-1,-1,-1,-1,-1,2,1,0,0,0,1,1,0,18,4,8,41.9034747,-87.66644118
0,404546,-1,30,0,0,0,1,12,5,-1,0,0,0,0,-1,-1,-1,21,-1,1233,-1,-1,-1,-1,-1,-1,2,0,0,0,0,0,2,0,18,4,8,41.85846472,-87.68566532
0,404478,-1,30,0,0,0,1,14,5,3,0,0,0,1,-1,-1,-1,23,23,815,-1,-1,-1,-1,-1,-1,2,0,0,0,0,0,2,0,18,4,8,41.79877258,-87.74149891
0,404456,-1,30,0,0,0,1,12,2,4,0,0,0,0,-1,-1,-1,0,0,1611,-1,-1,-1,-1,-1,-1,2,0,0,0,0,0,2,0,18,4,8,42.01152449,-87.81834378
0,404453,-1,30,1,2,0,1,14,2,0,3,0,0,0,1,-1,-1,21,-1,225,-1,-1,-1,-1,-1,-1,2,0,0,0,0,0,3,0,18,4,8,41.7947522,-87.62561859
0,404425,-1,30,2,2,0,1,0,5,2,0,0,0,0,1,-1,-1,17,-1,2513,-1,-1,-1,-1,-1,-1,2,0,0,0,0,0,2,0,18,4,8,41.91104706,-87.78521036
0,406104,-1,25,0,0,0,-1,7,5,2,0,0,0,0,-1,-1,1,-1,-1,1213,-1,-1,-1,-1,-1,-1,2,0,0,0,0,0,1,0,18,4,8,41.90146055,-87.66478717
0,404541,-1,25,0,0,0,1,7,-1,-1,0,0,0,0,-1,-1,-1,0,24,832,-1,-1,-1,-1,-1,-1,2,0,0,0,0,0,1,0,18,4,8,41.77488454,-87.68489074
0,404498,-1,30,0,0,0,1,7,6,1,0,0,0,0,-1,-1,1,0,-1,2535,-1,-1,-1,-1,-1,-1,2,0,0,0,0,0,1,0,18,4,8,41.90542272,-87.72502555
0,404474,-1,30,0,0,0,1,10,5,-1,0,0,-1,0,-1,-1,-1,18,-1,911,-1,-1,-1,-1,-1,-1,2,0,0,0,0,0,2,0,18,4,8,41.82347497,-87.68918179
0,404435,-1,30,0,0,0,1,10,5,-1,0,0,0,0,-1,-1,-1,18,0,1613,-1,-1,-1,-1,-1,-1,2,0,0,0,0,0,2,0,18,4,8,41.97568567,-87.78802041
0,404525,-1,30,-1,-1,0,1,10,5,-1,0,0,0,0,-1,-1,-1,-1,-1,812,-1,-1,-1,-1,-1,-1,2,0,0,0,0,0,3,0,17,4,8,41.78346107,-87.76209063
0,404433,-1,25,1,2,0,1,12,2,-1,0,0,0,0,1,-1,-1,22,21,1925,-1,-1,-1,-1,-1,-1,2,0,0,0,0,0,3,0,17,4,8,41.94035291,-87.63884918
0,44433,-1,25,1,2,0,1,12,2,-1,0,0,0,0,1,-1,-1,22,21,1925,-1,-1,-1,-1,-1,-1,2,0,0,0,0,0,3,0,17,4,8,41.94035291,-87.63884918
0,404407,-1,30,1,2,0,1,12,6,-1,0,0,0,0,-1,-1,-1,0,0,1832,-1,-1,-1,-1,-1,-1,2,0,0,0,0,0,3,0,17,4,8,41.89314176,-87.6295306
0,404405,-1,30,0,0,0,1,10,2,-1,0,0,0,0,-1,-1,-1,18,18,1012,-1,-1,-1,-1,-1,-1,2,0,0,0,0,0,6,0,17,4,8,41.85430077,-87.73474029
0,404409,-1,30,2,2,0,4,0,5,-1,0,0,0,0,-1,-1,-1,17,16,2534,-1,-1,-1,-1,-1,-1,2,0,0,0,0,0,2,0,17,4,8,41.9088653,-87.7335448
0,404374,-1,30,0,0,0,1,8,2,2,0,0,0,0,-1,-1,1,0,-1,1414,-1,-1,-1,-1,-1,-1,2,0,0,0,0,0,2,0,17,4,8,41.92787101,-87.70521637
2,405907,-1,30,1,2,0,1,10,5,-1,0,0,0,1,-1,-1,-1,-1,-1,1032,-1,-1,-1,-1,-1,-1,2,1,0,0,1,0,1,0,17,4,8,41.83713267,-87.70496712
2,404540,-1,25,0,0,0,1,8,5,2,0,-1,-1,1,-1,-1,-1,0,0,1911,-1,-1,1,-1,-1,-1,2,1,0,0,1,0,1,0,17,4,8,41.96452343,-87.68570476
0,404428,-1,25,0,0,0,1,12,6,4,0,0,0,0,-1,-1,-1,21,-1,121,-1,-1,-1,-1,-1,-1,2,0,0,0,0,0,2,0,17,4,8,41.88110007,-87.64131524
0,404397,-1,30,0,0,0,1,12,6,2,0,0,0,1,-1,-1,1,21,25,213,-1,-1,-1,-1,-1,-1,2,0,0,0,0,0,2,0,17,4,8,41.82596559,-87.62983475
0,404378,-1,30,1,2,0,1,0,5,4,0,0,0,1,1,-1,1,14,6,1125,-1,-1,-1,-1,-1,-1,3,0,0,0,0,0,3,0,17,4,8,41.87765892,-87.68642447
0,404500,-1,30,0,0,0,1,12,5,-1,0,0,0,0,0,-1,-1,0,0,332,-1,-1,-1,-1,-1,-1,2,0,0,0,0,0,3,0,17,4,8,41.77324236,-87.5845948
0,405712,-1,30,1,2,0,1,10,5,1,0,0,0,0,-1,-1,-1,18,16,1032,-1,-1,-1,-1,-1,-1,2,0,0,0,0,0,2,0,17,4,8,41.83732204,-87.70497194
0,404398,-1,30,0,0,0,1,14,5,2,0,0,0,0,-1,-1,-1,23,0,1624,-1,-1,-1,-1,-1,-1,2,0,0,0,0,0,3,0,17,4,8,41.95996631,-87.78665258
0,405135,-1,30,2,2,0,1,7,5,-1,0,0,0,0,-1,-1,-1,0,0,331,-1,-1,-1,-1,-1,-1,2,0,0,0,0,0,2,0,17,4,8,41.77347172,-87.58380294
0,404399,-1,30,1,2,0,1,12,2,-1,0,0,0,0,1,-1,-1,0,0,1834,-1,-1,-1,-1,-1,-1,2,0,0,0,0,0,3,0,17,4,8,41.88983499,-87.62430809
0,404388,-1,30,0,0,0,1,7,5,-1,0,0,0,0,-1,-1,-1,20,20,825,-1,-1,-1,-1,-1,-1,2,0,0,0,0,0,1,0,17,4,8,41.77933184,-87.68367576
0,404366,-1,30,0,3,0,1,7,12,1,0,0,0,0,-1,-1,-1,0,0,1014,-1,-1,-1,-1,-1,-1,2,0,0,0,0,0,1,0,17,4,8,-1,-1
0,404331,-1,30,2,2,0,1,14,5,2,0,0,0,0,1,-1,-1,17,14,931,-1,-1,-1,-1,-1,-1,2,0,0,0,0,0,3,0,17,4,8,41.80141784,-87.66594339
0,419239,-1,10,0,0,0,1,12,5,-1,0,0,0,0,-1,-1,1,0,-1,431,-1,-1,-1,-1,-1,-1,2,0,0,0,0,0,3,0,17,4,8,41.7222632,-87.58291764
0,406057,-1,30,0,0,-1,-1,7,-1,-1,0,-1,-1,0,-1,-1,1,17,-1,1623,-1,-1,-1,-1,-1,-1,2,0,0,0,0,0,1,0,17,4,8,41.97003493,-87.76453409
0,405752,-1,25,0,0,0,1,10,7,-1,0,0,0,0,-1,-1,1,-1,-1,1234,-1,-1,-1,-1,-1,-1,2,0,0,0,0,0,2,0,17,4,8,41.85218828,-87.68211199
0,405694,-1,35,2,0,0,1,8,5,2,0,0,0,0,-1,-1,-1,0,-1,1831,-1,-1,1,-1,-1,-1,2,0,0,0,0,0,3,0,17,4,8,41.8906843,-87.63939528
0,404697,-1,25,2,0,0,1,7,6,2,0,0,0,0,-1,-1,1,21,0,434,-1,-1,-1,-1,-1,-1,2,0,0,0,0,0,1,0,17,4,8,41.70087311,-87.56092935
1,404581,-1,30,0,0,0,1,10,5,-1,0,-1,-1,1,-1,-1,-1,18,-1,924,-1,-1,-1,-1,-1,-1,2,1,0,0,0,1,1,0,17,4,8,41.80874139,-87.66291163
0,404377,-1,30,1,2,0,1,14,2,2,0,0,0,0,1,-1,1,23,0,624,-1,-1,-1,-1,-1,-1,2,0,0,0,0,0,2,0,17,4,8,41.7513967,-87.60515466
0,404376,-1,30,0,0,0,1,10,3,2,0,0,0,0,-1,-1,1,0,0,1433,-1,-1,-1,-1,-1,-1,2,0,0,0,0,0,2,0,17,4,8,41.90356174,-87.66068899
0,404356,-1,30,0,0,0,1,10,5,2,0,0,0,0,-1,-1,-1,18,-1,1913,-1,-1,-1,-1,-1,-1,3,0,0,0,0,0,4,0,17,4,8,41.96187855,-87.65547872
0,404355,1,30,1,2,0,1,12,5,0,0,0,0,0,1,-1,-1,21,-1,225,-1,-1,-1,-1,-1,-1,2,0,0,0,0,0,2,0,17,4,8,41.79467039,-87.63054748
2,404341,-1,30,0,0,0,1,5,5,-1,0,0,0,1,1,-1,-1,0,-1,1214,-1,-1,-1,-1,-1,-1,2,2,0,0,1,1,0,0,16,4,8,41.8900733,-87.64746235
0,404324,-1,35,3,2,0,1,10,3,4,0,0,0,0,-1,-1,-1,18,18,2012,-1,-1,-1,-1,-1,-1,2,0,0,0,0,0,2,0,16,4,8,41.99047888,-87.68465644
0,404375,-1,30,0,0,0,1,7,0,-1,0,0,0,0,-1,-1,1,0,-1,1411,-1,-1,-1,-1,-1,-1,2,0,0,0,0,0,1,0,16,4,8,41.93133965,-87.70358182
0,404338,-1,30,0,0,0,1,10,5,2,0,0,0,0,-1,-1,1,0,0,1523,-1,-1,-1,-1,-1,-1,2,0,0,0,0,0,3,0,16,4,8,41.88954263,-87.75555003
0,404339,-1,45,0,0,0,1,12,6,2,0,0,0,0,-1,-1,-1,18,18,331,-1,-1,-1,-1,-1,-1,3,0,0,0,0,0,3,0,16,4,8,41.78427952,-87.57663705
0,405018,-1,30,0,0,0,1,12,5,-1,0,0,0,0,-1,-1,-1,0,-1,2524,-1,-1,-1,-1,-1,-1,2,0,0,0,0,0,2,0,16,4,8,41.9246512,-87.72194546
0,404303,-1,30,1,2,0,1,10,6,1,0,0,-1,0,-1,-1,1,22,-1,1533,-1,-1,-1,-1,-1,-1,2,0,0,0,0,0,2,0,16,4,8,41.87938958,-87.74535207
0,405822,-1,30,0,0,0,1,2,6,1,0,0,0,0,-1,-1,-1,13,0,935,-1,-1,-1,-1,-1,-1,1,0,0,0,0,0,1,0,16,4,8,41.80156562,-87.64035432
0,405550,-1,30,0,0,0,1,12,2,-1,0,0,0,0,-1,-1,-1,0,0,1411,-1,-1,-1,-1,-1,-1,2,0,0,0,0,0,3,0,16,4,8,41.93200269,-87.69776242
0,404492,-1,35,0,0,0,1,7,2,4,0,0,0,0,-1,-1,-1,21,-1,924,-1,-1,-1,-1,-1,-1,2,0,0,0,0,0,1,0,16,4,8,41.81631698,-87.66530429
0,404391,-1,30,1,2,0,1,14,5,2,0,0,0,0,-1,-1,-1,0,-1,1231,-1,-1,-1,-1,-1,-1,2,0,0,0,0,0,2,0,16,4,8,41.86710548,-87.65674501
0,404330,-1,30,0,0,0,1,12,5,-1,0,0,0,0,-1,-1,-1,0,0,1611,-1,-1,-1,-1,-1,-1,2,0,0,0,0,0,2,0,16,4,8,42.00452012,-87.80686468
0,404322,-1,30,2,2,0,1,10,5,1,0,0,0,0,-1,-1,-1,17,-1,1232,-1,-1,-1,-1,-1,-1,2,0,0,0,0,0,2,0,16,4,8,41.86932927,-87.65532611
1,404307,-1,30,0,0,0,1,7,5,2,0,0,0,1,-1,-1,-1,27,0,2211,-1,-1,-1,-1,-1,-1,2,1,0,0,0,1,2,0,16,4,8,41.69687557,-87.70115849
1,404318,-1,30,2,2,0,1,9,3,7,0,0,0,1,-1,-1,1,17,0,122,-1,-1,-1,-1,-1,-1,2,1,0,0,0,1,1,0,16,4,8,41.88346828,-87.63665467
0,404510,-1,30,1,2,0,1,10,2,2,0,0,0,0,-1,-1,1,25,-1,2411,-1,-1,-1,-1,-1,-1,2,0,0,0,0,0,2,0,16,4,8,42.0052881,-87.68195961
2,404292,-1,35,1,2,0,1,8,1,2,0,0,0,1,1,-1,-1,0,0,221,-1,-1,-1,-1,-1,-1,2,1,0,0,1,0,1,0,16,4,8,41.81308092,-87.60679221
0,404361,-1,30,0,0,0,1,12,2,2,0,0,0,0,-1,-1,-1,0,-1,1214,-1,-1,-1,-1,-1,-1,2,0,0,0,0,0,2,0,16,4,8,41.8857821,-87.64702152
2,404332,-1,30,1,2,0,1,14,2,2,0,0,0,1,-1,-1,1,17,23,1131,-1,-1,-1,-1,-1,-1,2,2,0,0,2,0,1,0,16,4,8,41.86980956,-87.73494823
0,404645,-1,30,0,0,0,1,7,6,-1,0,0,0,0,-1,-1,-1,0,-1,333,-1,-1,-1,-1,-1,-1,2,0,0,0,0,0,1,0,16,4,8,41.76242214,-87.57115173
0,404434,-1,15,0,0,0,1,12,7,-1,0,0,0,0,-1,-1,-1,0,-1,834,-1,-1,-1,-1,-1,-1,2,0,0,0,0,0,3,0,16,4,8,41.74783932,-87.74115714
0,404547,-1,30,1,2,0,1,10,5,2,0,0,0,0,-1,-1,-1,18,0,1224,-1,-1,-1,-1,-1,-1,3,0,0,0,0,0,3,0,16,4,8,41.88050834,-87.66662895
0,404421,-1,30,0,0,0,1,12,5,-1,0,0,0,0,-1,-1,-1,0,0,333,-1,-1,-1,-1,-1,-1,2,0,0,0,0,0,2,0,16,4,8,41.7606588,-87.57140837
2,404290,-1,30,2,2,0,1,0,5,2,0,0,0,1,1,-1,-1,-1,-1,723,-1,-1,-1,-1,-1,-1,2,1,0,0,1,0,2,0,16,4,8,41.77425497,-87.64086865
0,404282,-1,30,0,0,0,1,10,2,2,0,0,0,0,1,-1,-1,-1,-1,1722,-1,-1,-1,-1,-1,-1,2,0,0,0,0,0,2,0,16,4,8,41.96794064,-87.74555558
0,404312,-1,30,0,0,0,1,10,2,2,0,0,0,0,-1,-1,-1,25,18,2422,-1,-1,-1,-1,-1,-1,2,0,0,0,0,0,2,0,15,4,8,42.01916399,-87.66452423
1,404248,-1,40,1,2,0,1,10,2,-1,0,0,0,1,1,-1,-1,0,-1,2211,-1,-1,-1,-1,-1,-1,2,1,0,0,0,1,2,0,15,4,8,41.69956475,-87.68154989
0,405420,-1,30,0,0,0,1,11,6,-1,0,-1,-1,0,-1,-1,-1,0,-1,1922,-1,-1,-1,-1,-1,-1,2,0,0,0,0,0,2,0,15,4,8,41.95273725,-87.67245394
0,405255,-1,30,1,2,0,1,10,5,4,0,0,0,0,-1,-1,1,0,0,2424,-1,-1,-1,-1,-1,-1,2,0,0,0,0,0,2,0,15,4,8,42.01936168,-87.68449258
0,404277,-1,30,0,0,0,1,12,2,-1,0,0,0,0,-1,-1,1,22,22,1511,-1,-1,-1,-1,-1,-1,2,0,0,0,0,0,3,0,15,4,8,41.90112961,-87.76576458
2,404323,-1,15,0,0,0,1,7,0,1,0,0,0,1,-1,-1,-1,0,0,1214,-1,-1,-1,-1,-1,-1,3,1,0,0,1,0,0,0,15,4,8,41.8866639,-87.64934267
0,404270,-1,30,0,0,0,1,14,5,-1,0,0,0,0,-1,-1,-1,17,16,2534,-1,-1,-1,-1,-1,-1,2,0,0,0,0,0,2,0,15,4,8,41.90970892,-87.73131272
2,404274,-1,30,0,0,0,1,10,3,2,0,0,0,1,-1,-1,1,18,0,932,-1,-1,-1,-1,-1,-1,2,1,0,0,1,0,1,0,15,4,8,41.8003673,-87.68020378
0,404236,-1,30,1,2,0,1,10,2,-1,0,0,0,0,-1,-1,-1,18,11,2223,-1,-1,-1,-1,-1,-1,2,0,0,0,0,0,2,0,15,4,8,41.72194754,-87.64337198
0,404203,-1,30,2,2,0,1,14,2,2,0,0,0,0,1,-1,-1,17,-1,1231,-1,-1,-1,-1,-1,-1,2,0,0,0,0,0,4,0,15,4,8,41.86931558,-87.67026021
2,404235,-1,35,1,2,0,1,14,2,4,0,0,0,1,1,-1,-1,17,-1,2423,-1,-1,-1,-1,-1,-1,3,3,0,0,3,0,2,0,15,4,8,42.0128088,-87.66328509
2,404232,-1,30,1,-1,0,1,8,2,4,0,0,0,1,1,-1,-1,17,-1,1411,-1,1,-1,-1,-1,-1,2,1,0,0,1,0,1,0,15,4,8,41.92878824,-87.69767217
2,404261,-1,30,0,0,0,1,10,3,4,0,0,0,1,-1,-1,-1,27,18,2433,-1,-1,-1,-1,-1,-1,3,2,0,0,2,0,1,0,15,4,8,41.99355694,-87.66998511
2,404200,-1,30,2,2,0,1,8,6,-1,0,0,2,1,1,-1,-1,17,-1,812,-1,-1,-1,-1,-1,-1,3,2,0,0,2,0,1,0,15,4,8,41.77802068,-87.76797762
0,404183,-1,15,2,0,0,1,0,0,1,2,0,0,1,-1,-1,1,16,14,2232,-1,-1,-1,-1,-1,-1,2,0,0,0,0,0,3,0,15,4,8,41.71372419,-87.64283935
0,417158,-1,35,1,2,0,1,10,5,2,0,-1,-1,0,1,-1,-1,0,0,924,-1,-1,-1,-1,-1,-1,2,0,0,0,0,0,2,0,15,4,8,41.82302766,-87.66574403
0,405580,-1,30,1,2,0,1,12,5,4,0,0,0,0,-1,-1,-1,-1,-1,933,-1,-1,-1,-1,-1,-1,2,0,0,0,0,0,2,0,15,4,8,41.80495768,-87.66471991
0,404481,-1,30,12,0,0,1,12,-1,-1,0,0,0,0,-1,-1,-1,20,-1,1832,-1,-1,-1,1,-1,1,2,0,0,0,0,0,2,0,15,4,8,41.89468441,-87.63398823
0,404336,-1,30,1,2,0,1,10,5,-1,0,0,0,0,-1,-1,-1,18,16,2522,-1,-1,-1,-1,-1,-1,2,0,0,0,0,0,2,0,15,4,8,41.923282,-87.74612733
0,404327,-1,10,0,0,0,1,7,7,-1,0,-1,-1,0,-1,-1,1,0,0,1924,-1,-1,-1,-1,-1,-1,2,0,0,0,0,0,1,0,15,4,8,41.9399118,-87.66075945
0,404267,1,30,0,0,0,1,12,5,-1,0,0,0,0,-1,-1,1,0,-1,2533,-1,-1,-1,-1,-1,-1,2,0,0,0,0,0,2,0,15,4,8,41.90245387,-87.74670861
0,404169,-1,30,0,0,0,1,7,5,-1,0,0,0,1,-1,-1,-1,27,11,631,-1,-1,-1,-1,-1,-1,3,0,0,0,0,0,1,0,15,4,8,41.74503869,-87.6146585
0,404204,-1,30,0,0,0,1,7,2,4,0,0,0,0,-1,-1,1,0,-1,813,-1,-1,-1,-1,-1,-1,2,0,0,0,0,0,1,0,14,4,8,41.78379309,-87.72305288