MOST_SEVERE_INJURY,RD_NO,CRASH_DATE_EST_I,POSTED_SPEED_LIMIT,TRAFFIC_CONTROL_DEVICE,DEVICE_CONDITION,WEATHER_CONDITION,LIGHTING_CONDITION,FIRST_CRASH_TYPE,TRAFFICWAY_TYPE,LANE_CNT,ALIGNMENT,ROADWAY_SURFACE_COND,ROAD_DEFECT,CRASH_TYPE,INTERSECTION_RELATED_I,NOT_RIGHT_OF_WAY_I,HIT_AND_RUN_I,PRIM_CONTRIBUTORY_CAUSE,SEC_CONTRIBUTORY_CAUSE,BEAT_OF_OCCURRENCE,PHOTOS_TAKEN_I,STATEMENTS_TAKEN_I,DOORING_I,WORK_ZONE_I,WORK_ZONE_TYPE,WORKERS_PRESENT_I,NUM_UNITS,INJURIES_TOTAL,INJURIES_FATAL,INJURIES_INCAPACITATING,INJURIES_NON_INCAPACITATING,INJURIES_REPORTED_NOT_EVIDENT,INJURIES_NO_INDICATION,INJURIES_UNKNOWN,CRASH_HOUR,CRASH_DAY_OF_WEEK,CRASH_MONTH,LATITUDE,LONGITUDE
0,404205,-1,30,1,2,0,1,10,5,-1,0,0,-1,0,-1,-1,-1,18,-1,811,-1,-1,-1,-1,-1,-1,2,0,0,0,0,0,2,0,14,4,8,41.7921739,-87.79640063
0,404246,-1,30,0,0,0,1,12,2,-1,0,0,0,0,-1,-1,-1,0,0,2432,-1,-1,-1,-1,-1,-1,2,0,0,0,0,0,3,0,14,4,8,41.99933518,-87.66081692
0,404150,-1,30,1,2,0,1,8,5,-1,0,0,0,0,1,-1,-1,0,0,1832,-1,-1,-1,-1,-1,-1,2,0,0,0,0,0,2,0,14,4,8,41.894716,-87.63171614
2,404172,-1,30,0,0,0,1,10,5,-1,2,0,0,1,-1,-1,-1,18,0,1031,-1,-1,-1,-1,-1,-1,2,2,0,0,2,0,2,0,14,4,8,41.82672819,-87.72428145
0,404144,1,30,2,2,0,1,7,6,-1,0,0,0,0,-1,-1,-1,11,-1,1531,-1,-1,-1,-1,-1,-1,2,0,0,0,0,0,1,0,14,4,8,41.90204083,-87.75071949
0,404404,-1,30,1,2,0,1,10,5,4,0,0,0,0,-1,-1,-1,18,17,1232,-1,-1,-1,-1,-1,-1,2,0,0,0,0,0,2,0,14,4,8,41.86954627,-87.65550099
0,404193,-1,15,0,0,0,1,7,5,2,0,0,0,0,-1,-1,-1,12,-1,614,-1,-1,-1,-1,-1,-1,4,0,0,0,0,0,1,0,14,4,8,41.74372147,-87.67694734
0,404167,-1,30,2,0,0,1,0,5,2,0,0,0,1,1,-1,-1,5,17,323,-1,-1,-1,-1,-1,-1,2,0,0,0,0,0,2,0,14,4,8,41.75876258,-87.59797412
0,404152,0,30,0,0,0,1,7,6,-1,0,0,0,1,-1,-1,1,23,11,1221,-1,-1,-1,-1,-1,-1,3,0,0,0,0,0,1,0,14,4,8,41.89262577,-87.69153011
2,413825,-1,20,2,2,0,1,9,5,2,0,0,0,1,1,-1,-1,17,17,1225,-1,-1,-1,-1,-1,-1,2,1,0,0,1,0,1,0,14,4,8,41.87757704,-87.67179633
2,404198,-1,30,1,2,0,1,14,5,2,0,0,0,1,1,-1,-1,-1,-1,423,-1,-1,-1,-1,-1,-1,2,1,0,0,1,0,1,0,14,4,8,41.73353363,-87.56081918
1,404191,-1,30,1,2,0,1,10,2,2,0,0,0,1,1,-1,-1,14,18,433,-1,-1,-1,-1,-1,-1,3,1,0,0,0,1,2,0,14,4,8,41.64850836,-87.54615329
0,404181,-1,30,0,0,0,1,14,7,1,0,0,0,0,-1,1,-1,20,23,131,-1,-1,-1,-1,-1,-1,2,0,0,0,0,0,2,0,14,4,8,41.8672427,-87.62597237
2,404134,1,20,2,2,0,1,9,6,1,0,0,0,1,-1,-1,1,11,16,1024,-1,-1,-1,-1,-1,-1,3,2,0,0,2,0,1,0,14,4,8,41.84620131,-87.70767224
0,404117,-1,30,1,2,0,1,12,2,-1,0,0,0,0,-1,-1,-1,21,0,1731,-1,-1,-1,1,0,-1,2,0,0,0,0,0,2,0,14,4,8,41.94118431,-87.72750714
0,404109,-1,0,0,0,0,1,7,12,0,0,0,0,0,-1,1,-1,11,0,2222,-1,-1,-1,-1,-1,-1,2,0,0,0,0,0,4,0,14,4,8,41.73591239,-87.6486392
0,404304,-1,30,1,2,0,1,14,2,4,0,0,0,0,1,-1,-1,17,0,722,-1,-1,-1,-1,-1,-1,3,0,0,0,0,0,4,0,14,4,8,41.77281768,-87.63002449
0,404189,-1,30,-1,-1,-1,-1,14,1,5,0,-1,-1,0,1,-1,1,0,0,632,-1,-1,-1,-1,-1,-1,2,0,0,0,0,0,6,0,14,4,8,41.73661397,-87.61444973
0,404188,-1,30,1,2,0,1,10,5,-1,0,0,-1,0,-1,-1,-1,0,0,2221,-1,-1,-1,-1,-1,-1,2,0,0,0,0,0,2,0,14,4,8,41.73563302,-87.66807009
0,404146,-1,30,1,2,0,1,0,5,3,0,0,0,0,-1,-1,-1,6,35,114,-1,-1,-1,-1,-1,-1,2,0,0,0,0,0,2,0,14,4,8,41.87579106,-87.62411501
0,404258,-1,30,2,2,0,1,10,5,-1,0,0,0,0,-1,-1,1,18,18,634,-1,-1,-1,-1,-1,-1,2,0,0,0,0,0,2,0,14,4,8,41.72180952,-87.62578603
0,404539,-1,10,0,0,0,1,7,7,-1,0,-1,-1,0,-1,1,1,0,-1,211,-1,-1,-1,-1,-1,-1,2,0,0,0,0,0,1,0,14,4,8,41.83297986,-87.61684598
0,404120,-1,30,1,2,0,1,14,2,6,0,0,0,0,1,-1,-1,0,-1,1834,-1,-1,-1,-1,-1,-1,2,0,0,0,0,0,3,0,14,4,8,41.89325598,-87.62661246
0,404092,-1,30,0,0,0,1,7,6,-1,0,0,0,0,-1,-1,1,21,0,621,-1,-1,-1,-1,-1,-1,2,0,0,0,0,0,1,0,14,4,8,41.75415613,-87.64641224
0,404168,-1,30,2,2,0,1,11,5,-1,0,0,0,0,1,-1,-1,0,-1,1213,-1,-1,-1,-1,-1,-1,2,0,0,0,0,0,2,0,13,4,8,41.90094309,-87.65682641
0,404083,-1,30,0,0,0,1,7,2,4,0,1,-1,0,-1,-1,-1,0,-1,2011,-1,-1,-1,-1,-1,-1,2,0,0,0,0,0,1,0,13,4,8,41.98371086,-87.68960732
0,404136,-1,30,0,0,0,1,12,5,2,0,0,-1,0,-1,-1,-1,22,17,2432,-1,-1,-1,-1,-1,-1,2,0,0,0,0,0,3,0,13,4,8,41.99824412,-87.67681028
0,404175,-1,15,0,0,0,1,7,0,1,0,0,0,0,-1,-1,-1,0,0,2433,-1,-1,-1,-1,-1,-1,2,0,0,0,0,0,2,0,13,4,8,41.99373404,-87.66052929
0,404116,-1,30,1,2,0,1,10,5,5,0,0,0,0,1,-1,-1,0,0,1612,-1,-1,-1,-1,-1,-1,2,0,0,0,0,0,3,0,13,4,8,41.9965953,-87.80695158
0,404105,-1,30,0,0,0,1,10,5,-1,0,0,-1,0,-1,-1,-1,18,-1,833,-1,-1,-1,-1,-1,-1,2,0,0,0,0,0,2,0,13,4,8,41.77056977,-87.72240942
0,404088,-1,10,0,0,0,1,7,7,0,0,0,0,0,-1,1,-1,0,0,131,-1,-1,-1,-1,-1,-1,2,0,0,0,0,0,2,0,13,4,8,41.85316454,-87.62535773
0,404081,-1,30,0,0,0,1,11,5,-1,0,0,0,0,-1,-1,-1,0,0,1822,-1,-1,-1,-1,-1,-1,2,0,0,0,0,0,2,0,13,4,8,41.90816932,-87.64834802
2,404078,-1,25,0,0,0,1,3,2,2,0,0,0,1,-1,-1,-1,27,-1,714,-1,-1,-1,-1,-1,-1,2,1,0,0,1,0,1,0,13,4,8,41.78546017,-87.67421399
0,404104,-1,30,0,0,0,1,10,2,2,0,0,-1,0,-1,-1,-1,16,18,1713,-1,-1,-1,-1,-1,-1,3,0,0,0,0,0,3,0,13,4,8,41.96837877,-87.70443703
0,405545,1,30,-1,-1,-1,-1,7,5,-1,0,-1,-1,0,-1,-1,0,0,-1,2432,-1,-1,-1,-1,-1,-1,2,0,0,0,0,0,1,0,13,4,8,42.00267323,-87.65997508
0,404199,-1,20,0,0,0,1,7,5,-1,0,0,0,0,-1,-1,-1,21,-1,1931,-1,-1,-1,-1,-1,-1,2,0,0,0,0,0,1,0,13,4,8,41.93683963,-87.68712003
0,404063,-1,30,0,0,0,1,10,2,2,0,0,0,0,-1,-1,1,18,-1,1433,-1,-1,-1,-1,-1,-1,2,0,0,0,0,0,2,0,13,4,8,41.91047158,-87.67121416
0,404154,-1,35,0,0,0,-1,12,5,-1,0,0,0,0,-1,-1,-1,0,-1,1834,-1,-1,-1,-1,-1,-1,2,0,0,0,0,0,2,0,13,4,8,41.89106986,-87.6226194
0,404068,-1,30,-1,-1,0,1,10,5,-1,0,0,0,0,-1,-1,-1,-1,-1,922,-1,-1,-1,-1,-1,-1,2,0,0,0,0,0,3,0,13,4,8,41.80846974,-87.6845734
0,404033,-1,30,1,2,0,1,14,2,2,0,0,0,0,-1,-1,-1,17,17,1513,-1,-1,-1,-1,-1,-1,2,0,0,0,0,0,2,0,13,4,8,41.88020994,-87.77381514
0,416614,-1,10,0,0,0,1,7,7,-1,0,0,0,0,-1,1,1,0,0,122,-1,-1,-1,-1,-1,-1,2,0,0,0,0,0,1,0,13,4,8,41.88457905,-87.63396972
0,405174,1,35,0,0,0,1,7,5,-1,0,0,0,0,-1,-1,1,0,-1,2234,-1,-1,-1,-1,-1,-1,2,0,0,0,0,0,1,0,13,4,8,41.69308675,-87.64774284
0,404468,-1,30,2,2,0,1,12,2,2,0,0,0,0,1,-1,1,22,0,922,-1,-1,-1,-1,-1,-1,2,0,0,0,0,0,2,0,13,4,8,41.812022,-87.69437897
2,404034,-1,30,0,0,0,1,8,5,2,0,0,0,1,-1,-1,-1,0,0,1923,-1,-1,1,-1,-1,-1,2,1,0,0,1,0,2,0,13,4,8,41.94883931,-87.66036857
0,404024,-1,30,0,0,0,1,7,5,-1,0,0,0,0,-1,-1,1,0,0,1823,-1,-1,-1,-1,-1,-1,2,0,0,0,0,0,2,0,13,4,8,41.90273528,-87.63896337
2,404023,-1,30,1,2,0,1,14,5,4,0,0,0,1,1,-1,-1,0,0,313,-1,-1,-1,-1,-1,-1,2,3,0,0,3,0,1,0,13,4,8,41.78052103,-87.6058695
0,404012,-1,35,2,2,0,1,12,5,2,0,0,0,0,0,-1,1,22,23,1111,-1,-1,-1,-1,-1,-1,2,0,0,0,0,0,2,0,12,4,8,41.88778477,-87.7260156
0,404027,-1,30,1,2,2,1,14,5,-1,0,0,0,0,1,-1,-1,18,0,1024,-1,-1,-1,-1,-1,-1,2,0,0,0,0,0,2,0,12,4,8,41.84624146,-87.70523892
0,404061,-1,30,0,0,0,1,12,5,2,0,0,0,0,-1,-1,1,0,0,331,-1,-1,-1,-1,-1,-1,2,0,0,0,0,0,2,0,12,4,8,41.77164113,-87.56674236
0,404050,-1,30,-1,-1,0,1,12,5,-1,0,0,0,0,-1,-1,-1,-1,-1,832,-1,-1,-1,-1,-1,-1,2,0,0,0,0,0,2,0,12,4,8,41.76977886,-87.68323558
0,404062,-1,30,2,2,0,1,0,5,-1,0,0,0,0,1,-1,1,0,0,1013,-1,-1,-1,-1,-1,-1,2,0,0,0,0,0,2,0,12,4,8,41.84783925,-87.72641541
0,403922,-1,5,0,0,0,1,7,7,2,0,0,0,0,-1,-1,-1,-1,35,1223,-1,1,-1,-1,-1,-1,2,0,0,0,0,0,1,0,12,4,8,41.88105391,-87.68630455
0,403989,-1,15,0,0,0,1,7,0,1,0,0,0,0,-1,-1,-1,11,33,1723,-1,-1,-1,-1,-1,-1,2,0,0,0,0,0,1,0,12,4,8,41.96748131,-87.72693686
0,404072,-1,30,1,2,0,1,14,2,-1,0,0,0,0,-1,-1,-1,0,11,2232,-1,-1,-1,-1,-1,-1,2,0,0,0,0,0,3,0,12,4,8,41.70681456,-87.64218023
0,403986,-1,30,0,0,0,1,12,2,-1,3,0,0,0,-1,-1,-1,21,-1,1432,-1,-1,-1,-1,-1,-1,2,0,0,0,0,0,2,0,12,4,8,41.92935901,-87.6865793
0,403994,-1,30,0,0,0,1,8,5,4,2,0,0,0,-1,-1,1,23,0,1122,-1,-1,-1,-1,-1,-1,2,0,0,0,0,0,2,0,12,4,8,41.88200999,-87.72541814
0,403976,-1,20,2,2,0,1,8,5,-1,0,0,0,0,1,-1,-1,17,11,1911,-1,-1,-1,-1,-1,-1,2,0,0,0,0,0,2,0,12,4,8,41.96473566,-87.69015593
1,403965,-1,30,2,0,0,1,12,5,-1,0,0,0,1,-1,-1,-1,17,-1,831,-1,1,-1,-1,-1,-1,2,1,0,0,0,1,2,0,12,4,8,41.76654708,-87.68824835
0,403957,-1,5,0,0,0,1,7,7,-1,0,0,0,0,-1,1,-1,0,-1,815,-1,-1,-1,-1,-1,-1,2,0,0,0,0,0,1,0,12,4,8,41.79516213,-87.72327467
0,403955,-1,30,0,0,0,1,10,2,-1,0,0,0,1,-1,-1,-1,18,-1,813,-1,-1,-1,-1,-1,-1,2,0,0,0,0,0,3,0,12,4,8,41.77849392,-87.72724312
0,405809,-1,30,0,0,0,1,7,5,-1,0,-1,-1,0,-1,-1,1,0,-1,832,-1,-1,-1,-1,-1,-1,2,0,0,0,0,0,1,0,12,4,8,41.77427079,-87.68336176
0,403966,-1,30,0,0,0,1,8,5,2,0,-1,-1,0,-1,-1,-1,0,0,1923,-1,-1,-1,-1,-1,-1,2,0,0,0,0,0,1,0,12,4,8,41.94883931,-87.66036857
0,403953,-1,30,1,2,0,1,14,5,2,0,0,0,1,1,-1,-1,0,-1,1413,-1,-1,-1,-1,-1,-1,2,0,0,0,0,0,3,0,12,4,8,41.92482331,-87.70765315
0,403931,-1,30,1,2,0,1,14,2,-1,0,0,0,0,-1,-1,1,18,17,1722,-1,-1,-1,-1,-1,-1,2,0,0,0,0,0,2,0,12,4,8,41.96793836,-87.74757498
0,403962,-1,25,1,2,0,1,14,2,2,0,0,0,0,1,-1,-1,17,-1,1122,-1,-1,-1,-1,-1,-1,2,0,0,0,0,0,3,0,12,4,8,41.88557377,-87.72573786
0,403974,-1,30,0,0,0,1,12,5,4,0,0,0,1,-1,-1,-1,-1,-1,1235,-1,-1,-1,-1,-1,-1,2,0,0,0,0,0,2,0,12,4,8,41.85252494,-87.66136608
0,404431,-1,30,1,-1,0,-1,10,6,2,0,0,-1,0,-1,-1,-1,0,0,114,-1,-1,-1,-1,-1,-1,2,0,0,0,0,0,2,0,12,4,8,41.88450992,-87.61819585
0,405284,-1,30,0,0,0,1,7,6,-1,0,0,0,0,-1,-1,-1,-1,-1,1013,-1,-1,-1,-1,-1,-1,2,0,0,0,0,0,1,0,12,4,8,41.84978968,-87.71875122
0,403998,-1,25,1,2,0,1,14,1,-1,0,0,0,0,-1,-1,-1,23,0,1233,-1,-1,-1,-1,-1,-1,2,0,0,0,0,0,2,0,12,4,8,41.86681578,-87.66652926
0,403991,-1,30,3,12,0,1,7,5,2,0,0,0,0,-1,-1,-1,18,18,1032,-1,-1,-1,-1,-1,-1,2,0,0,0,0,0,1,0,12,4,8,41.84439557,-87.70591868
0,405024,-1,20,0,0,0,1,5,0,-1,0,0,0,0,-1,-1,-1,28,28,132,-1,-1,-1,-1,-1,-1,1,0,0,0,0,0,1,0,11,4,8,41.85102354,-87.62361144
0,403901,-1,30,0,0,0,1,12,5,2,0,0,0,0,-1,-1,-1,22,0,1412,-1,-1,-1,-1,-1,-1,2,0,0,0,0,0,2,0,11,4,8,41.92979861,-87.70837014
0,404043,-1,30,-1,-1,0,1,10,5,4,0,0,-1,0,-1,-1,-1,16,17,1423,-1,-1,-1,1,2,-1,2,0,0,0,0,0,4,0,11,4,8,41.90510106,-87.68722959
0,403936,-1,15,0,0,0,1,7,7,1,0,0,0,0,-1,1,-1,20,0,834,-1,-1,-1,-1,-1,-1,2,0,0,0,0,0,1,0,11,4,8,41.74447217,-87.72160213
0,407945,-1,5,0,0,0,1,2,7,2,0,0,-1,0,-1,1,1,11,0,935,-1,-1,-1,-1,-1,-1,1,0,0,0,0,0,1,0,11,4,8,41.79462283,-87.63306376
0,403890,-1,35,0,0,0,1,0,7,-1,0,0,0,0,-1,-1,-1,0,-1,813,-1,-1,-1,-1,-1,-1,2,0,0,0,0,0,2,0,11,4,8,41.78573281,-87.73843832
0,403921,-1,35,0,0,0,1,7,7,-1,0,0,0,0,-1,-1,-1,0,-1,834,-1,-1,-1,-1,-1,-1,2,0,0,0,0,0,1,0,11,4,8,41.7490144,-87.72204098
2,403851,-1,30,0,0,0,1,8,5,2,0,0,0,1,-1,-1,-1,17,-1,321,-1,-1,-1,-1,-1,-1,2,1,0,0,1,0,1,0,11,4,8,41.77303782,-87.60503639
2,403841,-1,30,0,0,0,1,10,5,4,0,0,0,1,0,-1,-1,18,16,2012,-1,-1,-1,-1,-1,-1,2,1,0,0,1,0,1,0,11,4,8,41.99059574,-87.67791739
0,404237,-1,30,0,0,0,1,7,5,-1,0,0,0,0,-1,-1,1,-1,-1,2515,-1,-1,-1,-1,-1,-1,2,0,0,0,0,0,1,0,11,4,8,41.91909777,-87.76704458
0,404178,0,30,0,0,0,1,7,6,1,0,0,0,0,-1,-1,1,0,-1,235,-1,-1,-1,-1,-1,-1,2,0,0,0,0,0,1,0,11,4,8,41.78792148,-87.59580626
0,403869,-1,30,0,0,0,1,12,12,1,0,0,0,0,-1,-1,-1,0,-1,1811,-1,1,-1,-1,-1,-1,2,0,0,0,0,0,2,0,11,4,8,41.92329202,-87.66456856
2,403837,-1,30,2,2,0,1,14,2,-1,0,0,0,1,1,-1,-1,17,-1,914,-1,-1,-1,-1,-1,-1,2,1,0,0,1,0,2,0,11,4,8,41.84526786,-87.64274975
0,403829,-1,30,1,2,0,1,12,3,6,0,0,0,0,1,-1,-1,17,22,1834,-1,-1,-1,-1,-1,-1,2,0,0,0,0,0,2,0,11,4,8,41.89343227,-87.62436372
0,415601,-1,30,1,2,-1,1,10,5,2,0,-1,0,0,-1,-1,-1,16,0,2413,-1,-1,-1,-1,-1,-1,2,0,0,0,0,0,2,0,10,4,8,41.99084916,-87.67599309
0,403838,-1,30,0,0,0,1,10,5,-1,0,0,0,0,-1,-1,-1,18,-1,831,-1,1,-1,-1,-1,-1,2,0,0,0,0,0,2,0,10,4,8,41.77016795,-87.68964023
0,403816,-1,30,1,2,0,1,14,3,-1,0,0,0,0,1,-1,-1,21,-1,911,-1,-1,-1,-1,-1,-1,2,0,0,0,0,0,2,0,10,4,8,41.82961458,-87.70474764
0,404127,-1,0,0,0,0,1,12,4,-1,0,0,0,0,-1,-1,-1,18,-1,234,-1,-1,-1,-1,-1,-1,2,0,0,0,0,0,2,0,10,4,8,41.80228695,-87.59412193
0,404135,-1,15,0,0,0,1,7,7,-1,0,0,0,0,-1,-1,-1,20,16,1723,-1,-1,-1,-1,-1,-1,2,0,0,0,0,0,2,0,10,4,8,41.9611282,-87.72216037
0,403882,-1,30,1,2,0,1,10,2,4,0,0,0,0,-1,-1,1,18,-1,1232,-1,-1,-1,-1,-1,-1,2,0,0,0,0,0,3,0,10,4,8,41.87662967,-87.65697486
0,403807,-1,35,0,0,0,1,12,2,-1,0,0,0,0,-1,-1,-1,0,-1,834,-1,-1,-1,-1,-1,-1,2,0,0,0,0,0,2,0,10,4,8,41.73583895,-87.72136553
0,415003,-1,30,1,2,0,1,14,6,3,0,-1,-1,0,1,-1,-1,22,22,111,-1,-1,-1,-1,-1,-1,2,0,0,0,0,0,2,0,10,4,8,41.88438629,-87.62620316
0,403992,-1,30,0,0,0,1,7,0,-1,0,0,0,0,-1,-1,-1,21,-1,2431,-1,-1,-1,-1,-1,-1,2,0,0,0,0,0,1,0,10,4,8,42.00654181,-87.66792652
0,403763,-1,35,1,-1,0,1,14,5,-1,0,0,-1,0,1,-1,-1,23,11,1912,-1,-1,-1,-1,-1,-1,2,0,0,0,0,0,2,0,10,4,8,41.96167909,-87.66940913
2,403758,-1,35,0,0,0,1,0,1,2,0,0,0,1,-1,-1,-1,28,0,1233,-1,-1,-1,-1,-1,-1,2,1,0,0,1,0,1,0,10,4,8,41.86141786,-87.66638826
2,403828,-1,30,1,2,0,1,0,2,4,0,0,-1,1,1,-1,-1,6,0,1225,-1,-1,-1,-1,-1,-1,3,1,0,0,1,0,3,0,9,4,8,41.87394699,-87.68608838
0,403770,-1,30,1,2,0,1,14,3,4,0,0,0,0,1,-1,-1,2,-1,123,-1,-1,-1,-1,-1,-1,2,0,0,0,0,0,2,0,9,4,8,41.87361964,-87.62435855
0,403754,-1,30,1,-1,0,1,14,5,-1,0,0,0,0,-1,-1,-1,6,6,1232,-1,-1,-1,-1,-1,-1,2,0,0,0,0,0,4,0,9,4,8,41.86535609,-87.64701104
0,404129,-1,30,1,2,0,1,0,5,-1,0,0,0,0,1,-1,-1,17,17,2012,-1,-1,-1,-1,-1,-1,2,0,0,0,0,0,2,0,9,4,8,41.9761456,-87.67455647
0,403788,-1,20,1,2,0,1,14,6,-1,0,0,0,0,1,-1,-1,0,0,112,-1,-1,-1,-1,-1,-1,2,0,0,0,0,0,3,0,9,4,8,41.88083388,-87.62913514
0,403767,-1,30,0,0,0,1,2,5,2,0,0,0,0,-1,1,-1,11,0,1723,-1,-1,-1,-1,-1,-1,1,0,0,0,0,0,1,0,9,4,8,41.9611785,-87.7181026
0,403766,-1,20,0,0,0,1,7,5,2,0,0,0,0,-1,-1,-1,22,-1,2533,-1,-1,-1,1,0,0,2,0,0,0,0,0,1,0,9,4,8,41.91680481,-87.74752077
0,403734,-1,30,0,0,0,1,7,2,2,0,0,0,1,-1,-1,-1,16,0,611,-1,-1,-1,-1,-1,-1,2,0,0,0,0,0,1,0,9,4,8,41.74975297,-87.66356905
0,403796,-1,30,0,0,0,1,7,6,1,0,0,-1,0,-1,-1,-1,0,0,731,-1,-1,-1,-1,-1,-1,3,0,0,0,0,0,2,0,9,4,8,41.76190719,-87.63198351
1,403731,-1,30,1,2,0,1,10,5,4,0,0,0,1,1,-1,-1,18,16,1033,-1,-1,-1,-1,-1,-1,2,2,0,0,0,2,1,0,9,4,8,41.8482428,-87.69549086
0,403711,-1,30,2,2,0,1,7,5,-1,0,0,0,0,-1,-1,-1,-1,0,622,-1,-1,-1,-1,-1,-1,2,0,0,0,0,0,8,0,9,4,8,41.73879909,-87.64121073
0,403733,-1,30,1,2,0,1,10,6,2,0,0,0,0,-1,-1,-1,18,0,225,-1,-1,-1,-1,-1,-1,2,0,0,0,0,0,2,0,9,4,8,41.79491574,-87.63037667
0,403725,-1,15,0,0,0,1,10,7,-1,0,0,0,0,-1,-1,-1,18,0,634,-1,-1,-1,-1,-1,-1,2,0,0,0,0,0,2,0,9,4,8,41.72190101,-87.62006369
3,408081,-1,30,0,0,0,1,8,5,2,0,0,0,1,-1,-1,-1,0,17,1831,-1,-1,1,-1,-1,-1,2,1,0,1,0,0,1,0,9,4,8,41.88925989,-87.63534991
0,403703,-1,15,0,0,0,1,7,7,-1,0,0,0,0,-1,-1,-1,20,-1,1711,-1,-1,-1,-1,-1,-1,3,0,0,0,0,0,1,0,9,4,8,41.98593151,-87.72836921
0,403700,-1,30,1,2,0,1,10,5,-1,0,0,0,0,-1,-1,-1,27,-1,332,-1,-1,-1,-1,-1,-1,2,0,0,0,0,0,2,0,9,4,8,41.76632849,-87.57645117
1,403696,-1,30,1,2,0,1,10,2,4,0,0,0,1,1,-1,-1,16,-1,622,-1,-1,-1,-1,-1,-1,2,2,0,0,0,2,3,0,9,4,8,41.73627491,-87.63827381
0,403940,-1,30,1,2,0,1,14,2,2,0,0,0,0,-1,-1,1,0,0,1732,-1,-1,-1,-1,-1,-1,2,0,0,0,0,0,2,0,8,4,8,41.94966361,-87.72734959
0,403689,-1,30,0,0,0,1,14,2,-1,0,0,0,1,-1,-1,-1,17,11,833,-1,-1,-1,-1,-1,-1,2,0,0,0,0,0,2,0,8,4,8,41.76224077,-87.74169329
0,403717,-1,25,1,2,0,1,0,5,-1,0,0,0,0,1,-1,-1,20,17,2534,-1,-1,-1,-1,-1,-1,2,0,0,0,0,0,2,0,8,4,8,41.90825555,-87.73136116
0,403671,-1,30,0,0,0,1,7,5,-1,0,0,0,0,-1,-1,-1,7,0,614,-1,-1,-1,-1,-1,-1,2,0,0,0,0,0,2,0,8,4,8,41.74294035,-87.66486097
0,403709,-1,30,0,0,0,1,10,5,4,0,0,0,1,-1,-1,-1,18,18,1034,-1,-1,-1,-1,-1,-1,2,0,0,0,0,0,3,0,8,4,8,41.85190427,-87.68735898
0,403668,-1,30,0,0,0,1,7,5,-1,0,0,0,0,-1,-1,1,25,-1,1111,-1,-1,-1,-1,-1,-1,2,0,0,0,0,0,1,0,8,4,8,41.89609013,-87.72719086
0,404153,-1,30,0,0,0,1,2,5,2,0,0,0,0,-1,-1,-1,0,0,813,-1,-1,-1,-1,-1,-1,1,0,0,0,0,0,1,0,8,4,8,41.78564332,-87.74148578
0,403673,-1,20,0,0,0,1,7,6,1,0,0,0,0,-1,-1,1,0,0,1134,-1,-1,-1,-1,-1,-1,2,0,0,0,0,0,3,0,8,4,8,41.87576697,-87.70584763
0,405125,-1,30,0,0,0,1,10,5,-1,0,0,0,0,-1,-1,-1,18,18,1422,-1,-1,-1,-1,-1,-1,3,0,0,0,0,0,5,0,8,4,8,41.91014033,-87.71364522
0,403665,-1,30,1,2,0,1,10,5,4,0,0,-1,0,1,-1,-1,0,-1,1133,-1,-1,-1,-1,-1,-1,2,0,0,0,0,0,2,0,8,4,8,41.86634859,-87.72019539
0,404195,-1,20,0,0,0,1,7,7,1,0,0,0,0,-1,-1,-1,0,0,1612,-1,-1,-1,-1,-1,-1,2,0,0,0,0,0,1,0,8,4,8,41.9894658,-87.81421067
0,403659,-1,30,0,0,0,0,7,6,1,0,0,0,0,-1,-1,-1,0,0,111,-1,-1,-1,-1,-1,-1,2,0,0,0,0,0,1,0,8,4,8,41.88668083,-87.62793717
0,404629,-1,30,0,0,0,1,10,5,-1,0,0,0,0,-1,-1,-1,18,16,1422,-1,-1,-1,-1,-1,-1,3,0,0,0,0,0,3,0,8,4,8,41.9101784,-87.71050556
0,403719,-1,10,0,0,0,1,7,7,-1,0,0,0,0,-1,-1,1,0,0,1411,-1,-1,-1,-1,-1,-1,2,0,0,0,0,0,1,0,8,4,8,41.93584538,-87.692696
0,403649,-1,15,0,0,0,1,10,0,-1,0,0,0,0,-1,-1,-1,20,-1,1713,-1,-1,-1,-1,-1,-1,2,0,0,0,0,0,2,0,8,4,8,41.97049801,-87.7059423
0,403670,-1,30,2,12,0,1,14,2,-1,0,0,0,0,-1,-1,-1,17,-1,2222,-1,-1,-1,-1,-1,-1,2,0,0,0,0,0,3,0,7,4,8,41.7214448,-87.65300995
0,403653,-1,15,2,2,0,1,10,6,-1,0,0,0,0,-1,-1,1,20,-1,815,-1,-1,-1,-1,-1,-1,2,0,0,0,0,0,2,0,7,4,8,41.80761749,-87.73200361
0,403636,-1,30,7,2,0,1,12,5,2,0,0,0,1,-1,-1,-1,0,-1,232,-1,-1,-1,-1,-1,-1,2,0,0,0,0,0,2,0,7,4,8,41.78914772,-87.62247236
3,403640,-1,35,1,2,0,1,14,5,4,2,0,0,1,1,-1,-1,17,23,2212,-1,-1,-1,-1,-1,-1,2,1,0,1,0,0,1,0,7,4,8,41.67825194,-87.67155078
0,403646,-1,30,0,0,0,1,14,5,2,0,0,0,0,-1,-1,-1,0,0,821,-1,-1,-1,-1,-1,-1,2,0,0,0,0,0,2,0,7,4,8,41.80804727,-87.70411882