MOST_SEVERE_INJURY,RD_NO,CRASH_DATE_EST_I,POSTED_SPEED_LIMIT,TRAFFIC_CONTROL_DEVICE,DEVICE_CONDITION,WEATHER_CONDITION,LIGHTING_CONDITION,FIRST_CRASH_TYPE,TRAFFICWAY_TYPE,LANE_CNT,ALIGNMENT,ROADWAY_SURFACE_COND,ROAD_DEFECT,CRASH_TYPE,INTERSECTION_RELATED_I,NOT_RIGHT_OF_WAY_I,HIT_AND_RUN_I,PRIM_CONTRIBUTORY_CAUSE,SEC_CONTRIBUTORY_CAUSE,BEAT_OF_OCCURRENCE,PHOTOS_TAKEN_I,STATEMENTS_TAKEN_I,DOORING_I,WORK_ZONE_I,WORK_ZONE_TYPE,WORKERS_PRESENT_I,NUM_UNITS,INJURIES_TOTAL,INJURIES_FATAL,INJURIES_INCAPACITATING,INJURIES_NON_INCAPACITATING,INJURIES_REPORTED_NOT_EVIDENT,INJURIES_NO_INDICATION,INJURIES_UNKNOWN,CRASH_HOUR,CRASH_DAY_OF_WEEK,CRASH_MONTH,LATITUDE,LONGITUDE
0,403644,-1,30,2,2,0,1,10,6,1,0,0,0,0,1,-1,-1,16,-1,1622,-1,-1,-1,-1,-1,-1,2,0,0,0,0,0,2,0,7,4,8,41.98308635,-87.76969731
0,403660,-1,25,1,2,0,1,10,5,-1,0,0,0,0,-1,-1,-1,0,0,1121,-1,-1,-1,-1,-1,-1,2,0,0,0,0,0,2,0,7,4,8,41.89982195,-87.71143866
1,403622,-1,30,1,2,0,1,10,5,2,0,0,0,1,1,-1,-1,16,18,412,-1,-1,-1,-1,-1,-1,4,1,0,0,0,1,5,0,7,4,8,41.74403185,-87.59051035
0,403692,-1,30,0,0,0,2,7,6,1,0,0,0,0,-1,-1,-1,0,0,1722,-1,-1,-1,-1,-1,-1,2,0,0,0,0,0,1,0,7,4,8,41.96380158,-87.74006517
2,403666,-1,30,0,0,0,1,0,6,1,0,0,0,1,1,-1,-1,17,0,2211,-1,-1,-1,-1,-1,-1,2,1,0,0,1,0,2,0,7,4,8,41.69210103,-87.69948305
2,403643,-1,30,0,0,0,1,14,2,-1,0,0,0,1,1,-1,-1,17,0,2522,-1,-1,-1,-1,-1,-1,2,1,0,0,1,0,3,0,7,4,8,41.92348666,-87.74642624
0,403607,0,30,1,2,0,1,12,5,2,0,0,0,0,1,-1,1,22,-1,1212,-1,-1,-1,-1,-1,-1,2,0,0,0,0,0,3,0,7,4,8,41.89589286,-87.68452231
0,403662,-1,25,0,0,0,1,11,5,2,0,0,0,0,-1,-1,-1,10,-1,1622,-1,-1,-1,-1,-1,-1,2,0,0,0,0,0,2,0,7,4,8,41.96749504,-87.77250788
0,404009,1,30,0,0,0,1,7,5,1,0,0,0,1,-1,-1,1,0,0,1634,-1,-1,-1,-1,-1,-1,2,0,0,0,0,0,1,0,7,4,8,41.94061325,-87.75847328
0,403629,-1,30,0,0,0,1,7,6,1,0,0,0,0,-1,-1,-1,18,-1,2223,-1,-1,-1,-1,-1,-1,2,0,0,0,0,0,1,0,7,4,8,41.73587494,-87.63535142
3,403609,-1,30,0,0,0,1,14,5,2,0,0,0,1,-1,-1,-1,23,11,233,-1,-1,-1,-1,-1,-1,2,3,0,1,2,0,0,0,7,4,8,41.78944494,-87.60784182
0,404126,-1,30,2,2,0,1,10,2,2,0,0,0,0,1,-1,-1,18,0,513,-1,-1,-1,-1,-1,-1,2,0,0,0,0,0,2,0,6,4,8,41.69300908,-87.60995543
0,404325,-1,30,0,0,0,1,12,5,4,0,0,0,0,-1,-1,1,17,17,813,-1,-1,-1,-1,-1,-1,2,0,0,0,0,0,2,0,6,4,8,41.78884719,-87.74161948
0,403599,-1,30,1,2,0,1,10,5,6,0,0,0,1,1,-1,-1,0,-1,812,-1,-1,-1,-1,-1,-1,2,0,0,0,0,0,2,0,6,4,8,41.77726177,-87.80074963
0,403600,-1,30,1,2,0,1,12,2,2,0,0,0,0,-1,-1,-1,0,0,1233,-1,-1,-1,-1,-1,-1,2,0,0,0,0,0,2,0,6,4,8,41.86665872,-87.66141813
0,403623,-1,30,0,0,0,1,0,2,2,0,0,0,0,-1,-1,-1,0,0,124,-1,-1,-1,-1,-1,-1,2,0,0,0,0,0,2,0,6,4,8,41.87524923,-87.64112621
0,403586,-1,30,3,0,0,1,14,6,2,0,0,0,1,0,-1,-1,21,-1,2234,-1,0,-1,-1,-1,-1,2,0,0,0,0,0,2,0,6,4,8,41.6920732,-87.66100306
0,403842,1,0,0,0,0,1,7,7,0,0,0,0,0,-1,1,-1,0,-1,1614,-1,-1,-1,-1,-1,-1,2,0,0,0,0,0,1,0,6,4,8,41.98086668,-87.84445397
0,403606,1,30,1,2,0,1,2,3,4,0,0,0,1,1,-1,-1,0,0,122,-1,-1,-1,-1,-1,-1,1,0,0,0,0,0,1,0,6,4,8,41.88570859,-87.63229907
0,403597,-1,30,0,0,0,1,12,5,2,0,0,0,0,-1,-1,-1,17,-1,1811,-1,-1,-1,-1,-1,-1,2,0,0,0,0,0,2,0,6,4,8,41.92505237,-87.66734159
0,404137,-1,30,0,0,0,1,12,5,-1,0,0,0,0,-1,-1,-1,0,0,931,-1,-1,-1,-1,-1,-1,2,0,0,0,0,0,2,0,5,4,8,41.8073798,-87.66508649
2,403577,-1,30,-1,-1,0,-1,9,-1,-1,0,-1,-1,1,-1,-1,1,-1,-1,712,-1,1,-1,-1,-1,-1,2,1,0,0,1,0,1,0,5,4,8,41.78682764,-87.65240393
0,403566,-1,30,0,0,0,3,7,6,1,0,0,0,1,-1,-1,-1,0,0,332,-1,-1,-1,-1,-1,-1,2,0,0,0,0,0,1,0,5,4,8,41.76873993,-87.58270242
0,403590,-1,30,1,2,0,2,10,5,4,0,0,0,0,-1,-1,-1,0,0,815,-1,-1,-1,-1,-1,-1,2,0,0,0,0,0,2,0,4,4,8,41.82531544,-87.72425345
1,403558,-1,20,0,-1,0,3,2,6,1,0,0,-1,1,-1,1,-1,8,-1,321,-1,-1,-1,-1,-1,-1,1,1,0,0,0,1,0,0,4,4,8,41.77665693,-87.60643244
0,403553,-1,30,0,0,0,3,7,5,2,0,0,0,1,-1,-1,1,0,0,823,-1,-1,-1,-1,-1,-1,3,0,0,0,0,0,1,0,4,4,8,41.78321423,-87.71541323
0,403536,1,30,0,0,0,3,7,5,2,0,0,0,1,-1,-1,-1,14,0,2525,-1,-1,-1,-1,-1,-1,3,0,0,0,0,0,1,0,3,4,8,41.91733888,-87.72129252
0,403522,-1,30,0,0,0,3,7,5,2,0,0,0,1,-1,-1,-1,8,8,423,-1,-1,-1,-1,-1,-1,2,0,0,0,0,0,1,0,2,4,8,41.74352631,-87.56596492
2,403526,-1,30,0,0,0,3,7,6,-1,0,0,-1,1,-1,-1,1,14,0,314,-1,-1,-1,-1,-1,-1,2,2,0,0,2,0,1,0,2,4,8,41.78112093,-87.60093518
0,403513,-1,30,0,0,0,3,7,5,-1,0,1,0,1,-1,-1,1,14,15,1531,-1,-1,-1,-1,-1,-1,4,0,0,0,0,0,1,0,2,4,8,41.89855136,-87.7474566
0,403539,-1,30,0,2,0,3,2,6,1,0,0,0,0,-1,-1,-1,32,-1,122,-1,-1,-1,-1,-1,-1,1,0,0,0,0,0,1,0,1,4,8,41.88529296,-87.63406461
0,403514,1,30,0,0,0,3,7,6,1,0,0,0,0,-1,-1,-1,10,-1,2532,-1,-1,-1,-1,-1,-1,2,0,0,0,0,0,1,0,1,4,8,41.91034669,-87.75921336
0,403861,-1,20,0,0,-1,-1,7,6,1,0,-1,3,0,-1,-1,1,21,0,2032,-1,-1,-1,-1,-1,-1,2,0,0,0,0,0,1,0,1,4,8,41.97483637,-87.67777737
0,403490,-1,35,0,0,0,3,7,5,-1,0,0,0,0,-1,-1,-1,22,0,2011,-1,-1,-1,-1,-1,-1,2,0,0,0,0,0,1,0,1,4,8,41.97912828,-87.69281253
2,403474,-1,30,1,0,0,3,3,5,-1,0,0,0,1,-1,-1,-1,21,-1,1931,-1,-1,-1,-1,-1,-1,2,2,0,0,2,0,3,0,0,4,8,41.93239416,-87.67817303
2,403469,-1,40,0,0,0,3,2,3,-1,0,0,0,1,-1,-1,-1,0,-1,2022,-1,-1,-1,-1,-1,-1,1,3,0,0,3,0,0,0,0,4,8,41.983976,-87.6528362
0,403448,-1,35,0,0,0,3,2,5,2,0,0,0,1,-1,-1,-1,0,0,523,-1,-1,-1,-1,-1,-1,1,0,0,0,0,0,1,0,0,4,8,41.66308326,-87.64522684
0,407534,-1,30,0,0,0,3,10,5,-1,0,0,-1,0,-1,-1,-1,18,-1,2413,-1,-1,-1,-1,-1,-1,2,0,0,0,0,0,2,0,0,4,8,41.99072922,-87.68297945
0,403634,-1,10,0,0,-1,0,7,0,-1,0,0,0,1,-1,1,-1,0,-1,813,-1,-1,-1,-1,-1,-1,2,0,0,0,0,0,1,0,0,4,8,41.79296945,-87.73719564
2,403494,-1,30,0,0,0,3,2,5,2,0,0,0,1,-1,-1,1,25,11,1011,-1,-1,-1,-1,-1,-1,1,1,0,0,1,0,1,0,0,4,8,41.86229191,-87.73469839
0,403435,-1,30,0,0,0,3,8,5,2,0,0,0,0,-1,-1,1,0,-1,1122,-1,-1,-1,-1,-1,-1,2,0,0,0,0,0,1,0,23,3,8,41.89351191,-87.71668612
0,403422,-1,30,1,2,0,0,14,6,4,0,0,0,0,1,-1,-1,32,16,1832,-1,-1,-1,-1,-1,-1,2,0,0,0,0,0,3,0,23,3,8,41.89253627,-87.63122165
0,417293,-1,25,0,0,0,3,7,6,1,0,0,0,0,-1,-1,1,0,0,812,-1,-1,-1,-1,-1,-1,2,0,0,0,0,0,1,0,23,3,8,41.77919578,-87.76924677
2,403442,1,35,1,2,0,3,9,5,2,0,0,0,1,1,-1,1,0,-1,423,-1,-1,-1,-1,-1,-1,2,1,0,0,1,0,1,0,23,3,8,41.72998249,-87.55140127
0,403437,-1,30,-1,-1,0,3,10,7,0,0,-1,-1,0,-1,0,-1,20,0,915,-1,-1,-1,-1,-1,-1,2,0,0,0,0,0,2,0,22,3,8,41.83092244,-87.63165052
0,403398,-1,15,0,0,0,0,10,7,1,0,0,0,0,-1,-1,-1,16,11,623,-1,-1,-1,-1,-1,-1,2,0,0,0,0,0,6,0,22,3,8,41.75621188,-87.63213054
2,403390,-1,30,1,2,0,3,8,5,4,0,0,0,1,1,-1,1,6,0,2515,-1,-1,-1,-1,-1,-1,2,1,0,0,1,0,1,0,22,3,8,41.91812081,-87.76562586
0,403366,-1,25,0,0,0,3,7,6,1,0,0,0,1,-1,-1,1,19,16,1623,-1,-1,-1,-1,-1,-1,4,0,0,0,0,0,2,0,22,3,8,41.96903944,-87.74851743
1,403342,-1,30,2,2,0,3,14,6,-1,0,0,0,1,1,-1,1,0,0,414,-1,-1,-1,-1,-1,-1,2,1,0,0,0,1,1,0,22,3,8,41.75324067,-87.58349694
0,398005,-1,35,0,0,0,3,7,7,-1,0,0,0,0,-1,1,1,0,-1,2412,-1,-1,-1,-1,-1,-1,2,0,0,0,0,0,1,0,22,3,8,41.99906071,-87.68977049
0,403385,-1,30,0,0,0,3,7,6,1,0,0,0,0,-1,-1,-1,0,0,1724,-1,-1,-1,-1,-1,-1,2,0,0,0,0,0,1,0,21,3,8,41.95895243,-87.71077041
0,403635,-1,20,0,0,0,3,7,5,-1,0,0,0,0,-1,-1,1,0,-1,2033,-1,-1,-1,-1,-1,-1,2,0,0,0,0,0,1,0,21,3,8,41.97249905,-87.66394438
0,403375,-1,30,2,2,0,3,0,5,2,0,0,0,1,1,-1,-1,17,-1,1233,-1,-1,-1,-1,-1,-1,2,0,0,0,0,0,2,0,21,3,8,41.86254664,-87.65670166
0,403392,-1,30,0,0,1,3,14,5,2,0,0,0,0,-1,-1,1,18,18,331,-1,-1,-1,-1,-1,-1,2,0,0,0,0,0,2,0,21,3,8,41.76818282,-87.56681876
0,403356,-1,35,2,2,0,3,7,5,2,0,1,0,0,1,-1,-1,27,21,2033,-1,-1,-1,-1,-1,-1,2,0,0,0,0,0,1,0,21,3,8,41.97545741,-87.6650543
2,403350,1,30,1,-1,0,3,9,6,-1,0,0,-1,1,0,-1,-1,17,-1,1831,-1,-1,-1,-1,-1,-1,2,1,0,0,1,0,1,0,21,3,8,41.89544526,-87.63707141
1,403429,-1,30,0,0,0,3,5,5,2,0,0,0,1,1,-1,-1,0,0,632,-1,-1,-1,-1,-1,-1,2,1,0,0,0,1,1,0,21,3,8,41.74374198,-87.61325007
0,403419,-1,45,3,2,0,3,12,6,6,0,0,0,0,-1,-1,-1,22,22,132,-1,-1,-1,-1,-1,-1,2,0,0,0,0,0,2,0,21,3,8,41.86262829,-87.61503109
0,403762,-1,20,0,0,0,3,7,6,1,0,0,0,0,-1,-1,1,0,-1,632,-1,-1,-1,-1,-1,-1,2,0,0,0,0,0,1,0,21,3,8,41.73471887,-87.60454166
0,403313,-1,30,1,2,0,3,10,5,-1,0,0,-1,0,-1,-1,-1,8,-1,813,-1,-1,-1,-1,-1,-1,2,0,0,0,0,0,2,0,21,3,8,41.77489225,-87.74211296
0,403328,-1,30,0,0,1,0,7,7,0,0,1,0,0,-1,1,1,20,0,1214,-1,-1,-1,-1,-1,-1,2,0,0,0,0,0,1,0,20,3,8,41.88668765,-87.64745666
0,405142,-1,30,0,0,0,3,7,5,4,0,0,0,0,-1,-1,1,22,0,911,-1,-1,-1,-1,-1,-1,2,0,0,0,0,0,1,0,20,3,8,41.8282946,-87.6874973
0,403278,-1,30,0,0,2,3,7,5,2,0,1,0,0,-1,-1,1,0,-1,513,-1,1,-1,-1,-1,-1,2,0,0,0,0,0,1,0,20,3,8,41.69989014,-87.6143039
0,403396,1,30,0,0,-1,-1,7,5,2,1,-1,-1,0,-1,-1,1,0,-1,1433,-1,-1,-1,-1,-1,-1,2,0,0,0,0,0,1,0,20,3,8,41.91022426,-87.66549323
2,403335,-1,30,1,2,0,3,14,3,4,0,0,0,1,1,-1,-1,23,11,114,-1,-1,-1,-1,-1,-1,2,1,0,0,1,0,2,0,20,3,8,41.88452957,-87.62052732
0,703264,-1,30,2,2,2,0,14,5,2,0,1,0,0,-1,-1,-1,0,-1,1234,-1,-1,-1,-1,-1,-1,2,0,0,0,0,0,2,0,20,3,8,41.85243805,-87.66615223
0,403309,-1,30,1,2,0,3,10,5,-1,0,0,0,0,-1,-1,-1,0,-1,122,-1,-1,-1,-1,-1,-1,2,0,0,0,0,0,2,0,20,3,8,41.88205499,-87.6338999
0,403274,-1,30,1,2,2,3,14,5,-1,0,1,0,1,1,-1,-1,10,-1,332,-1,-1,-1,-1,-1,-1,2,0,0,0,0,0,2,0,20,3,8,41.7732929,-87.58644237
0,403260,-1,30,1,2,2,3,10,5,2,0,1,0,1,-1,-1,-1,18,-1,1512,-1,-1,-1,-1,-1,-1,2,0,0,0,0,0,2,0,20,3,8,41.88917515,-87.76532115
3,403280,-1,30,-1,-1,0,2,10,5,-1,0,0,0,1,1,-1,-1,18,16,2233,-1,1,-1,-1,-1,-1,2,1,0,1,0,0,1,0,20,3,8,41.69226312,-87.64252269
0,403277,-1,30,0,0,0,3,10,5,2,0,1,0,1,-1,-1,1,0,-1,1633,-1,-1,-1,-1,-1,-1,2,0,0,0,0,0,3,0,19,3,8,41.9386989,-87.76533193
0,403360,-1,30,1,0,0,1,10,5,-1,0,0,0,0,-1,-1,-1,0,-1,1633,-1,-1,-1,-1,-1,-1,2,0,0,0,0,0,6,0,19,3,8,41.93869782,-87.76541114
0,403250,-1,30,-1,-1,2,3,8,5,-1,0,1,0,0,-1,-1,-1,11,-1,925,-1,-1,-1,-1,-1,-1,2,0,0,0,0,0,2,0,19,3,8,41.81341694,-87.64066849
0,403291,-1,30,1,2,0,4,14,2,2,0,0,0,0,1,-1,-1,4,23,124,-1,-1,-1,-1,-1,-1,2,0,0,0,0,0,2,0,19,3,8,41.86729033,-87.64057587
0,403235,-1,30,1,2,0,3,10,5,-1,0,0,0,0,-1,-1,1,18,16,2511,-1,-1,-1,-1,-1,-1,2,0,0,0,0,0,4,0,19,3,8,41.93457199,-87.78566027
1,403221,-1,30,0,0,0,3,8,0,1,0,0,0,1,-1,-1,-1,0,0,1711,-1,-1,-1,-1,-1,-1,2,1,0,0,0,1,1,0,19,3,8,41.98655519,-87.71207682
0,403249,-1,30,2,2,0,4,14,2,-1,0,0,0,0,-1,-1,1,5,-1,523,-1,-1,-1,-1,-1,-1,2,0,0,0,0,0,2,0,19,3,8,41.66321357,-87.64036383
2,403192,-1,20,0,0,0,4,7,5,2,0,0,0,1,-1,-1,-1,0,-1,2211,-1,-1,-1,-1,-1,-1,2,1,0,0,1,0,0,0,19,3,8,41.71072552,-87.68317794
0,403173,-1,30,0,0,0,1,12,2,1,0,0,0,0,-1,-1,-1,23,22,1533,-1,-1,-1,-1,-1,-1,2,0,0,0,0,0,3,0,19,3,8,41.87404018,-87.74517945
0,403303,-1,30,1,0,0,1,12,5,4,0,0,0,0,-1,-1,1,22,-1,1922,-1,-1,-1,-1,-1,-1,2,0,0,0,0,0,2,0,18,3,8,41.93974462,-87.6685161
2,403120,-1,30,0,0,0,1,12,2,-1,0,0,0,1,-1,-1,1,22,22,2531,-1,-1,-1,-1,-1,-1,2,1,0,0,1,0,4,0,18,3,8,41.90399428,-87.76586736
0,403193,-1,30,0,0,1,1,10,5,2,0,-1,-1,0,-1,-1,-1,18,18,1922,-1,-1,-1,-1,-1,-1,3,0,0,0,0,0,3,0,18,3,8,41.93976723,-87.67157827
0,403164,-1,30,0,0,0,1,7,2,4,0,0,0,0,-1,-1,1,0,0,2522,-1,-1,-1,-1,-1,-1,2,0,0,0,0,0,1,0,18,3,8,41.9185914,-87.74631139
0,403155,-1,30,4,0,0,1,10,2,4,0,0,0,0,-1,-1,-1,18,0,324,-1,-1,-1,-1,-1,-1,2,0,0,0,0,0,3,0,18,3,8,41.76592819,-87.58647008
0,403145,-1,35,0,0,0,1,10,7,-1,0,0,0,0,-1,-1,1,20,16,123,-1,-1,-1,-1,-1,-1,2,0,0,0,0,0,2,0,18,3,8,41.86786709,-87.62568684
0,403148,-1,30,1,2,0,1,10,3,4,0,0,0,0,1,-1,1,16,0,2234,-1,-1,-1,-1,-1,-1,2,0,0,0,0,0,3,0,18,3,8,41.68699135,-87.64235769
0,403134,-1,30,1,2,2,1,12,2,2,0,1,0,0,-1,-1,-1,21,-1,412,-1,-1,-1,-1,-1,-1,2,0,0,0,0,0,5,0,18,3,8,41.73682263,-87.58578342
0,403184,-1,30,0,0,0,1,2,-1,-1,0,0,0,1,-1,1,-1,-1,-1,513,-1,-1,-1,-1,-1,-1,1,0,0,0,0,0,1,0,18,3,8,41.6980989,-87.61366635
0,403097,-1,30,1,2,0,1,12,3,6,0,0,0,0,-1,-1,1,0,-1,934,-1,-1,-1,-1,-1,-1,2,0,0,0,0,0,2,0,18,3,8,41.79434611,-87.64989011
0,403978,-1,30,1,2,0,1,10,2,4,0,0,0,0,-1,-1,-1,18,17,2524,-1,-1,-1,-1,-1,-1,2,0,0,0,0,0,2,0,18,3,8,41.92471241,-87.71705735
0,403213,0,15,0,0,0,4,7,7,-1,0,0,0,0,-1,-1,1,0,0,1233,0,-1,-1,-1,-1,-1,2,0,0,0,0,0,1,0,18,3,8,41.86674929,-87.66854224
0,403129,-1,30,2,3,0,2,12,12,4,0,0,12,0,-1,-1,-1,25,25,723,-1,-1,-1,-1,-1,-1,2,0,0,0,0,0,2,0,18,3,8,41.77252037,-87.64445166
0,403099,-1,30,1,2,0,1,14,3,6,0,0,0,0,1,-1,-1,11,-1,1211,-1,-1,-1,-1,-1,-1,2,0,0,0,0,0,2,0,18,3,8,41.89928257,-87.69200888
0,403081,-1,30,0,0,0,1,3,5,-1,0,0,0,0,-1,-1,-1,-1,-1,1423,-1,-1,-1,-1,-1,-1,2,0,0,0,0,0,2,0,18,3,8,41.90925564,-87.6934451
0,404451,-1,35,0,0,0,1,10,5,-1,0,0,0,0,-1,-1,-1,0,-1,1622,-1,-1,-1,-1,-1,-1,2,0,0,0,0,0,2,0,17,3,8,41.9605272,-87.77219443
0,403092,-1,35,1,2,0,1,14,5,4,0,0,0,0,-1,-1,-1,23,-1,1831,-1,-1,-1,-1,-1,-1,2,0,0,0,0,0,3,0,17,3,8,41.88930109,-87.63228064
0,403087,-1,30,0,0,0,1,10,5,-1,0,0,0,0,-1,-1,-1,18,-1,2514,-1,-1,-1,-1,-1,-1,3,0,0,0,0,0,3,0,17,3,8,41.93143608,-87.76234325
0,403500,-1,25,0,0,0,1,14,5,-1,0,0,0,0,1,-1,-1,23,16,122,-1,-1,-1,-1,-1,-1,2,0,0,0,0,0,2,0,17,3,8,41.88625259,-87.6346219
0,403054,-1,25,0,0,0,1,10,5,-1,0,0,0,0,-1,-1,-1,18,-1,2012,-1,-1,-1,-1,-1,-1,3,0,0,0,0,0,5,0,17,3,8,41.97617787,-87.67689962
0,403112,-1,30,0,0,0,1,12,5,-1,0,0,-1,0,-1,-1,-1,18,-1,821,-1,-1,-1,-1,-1,-1,2,0,0,0,0,0,2,0,17,3,8,41.80923106,-87.72010376
0,403077,-1,25,0,0,1,1,7,5,2,0,0,0,0,-1,-1,-1,23,-1,1214,-1,-1,-1,-1,-1,-1,2,0,0,0,0,0,2,0,17,3,8,41.88580622,-87.64469295
2,403048,-1,30,0,0,0,1,8,5,-1,0,0,0,1,-1,-1,-1,-1,-1,1935,-1,-1,-1,-1,-1,-1,2,1,0,0,1,0,1,0,17,3,8,41.93157329,-87.64911885
2,403373,-1,30,1,2,0,1,8,2,4,0,0,0,1,1,-1,-1,23,-1,1232,-1,-1,-1,-1,-1,-1,2,1,0,0,1,0,1,0,17,3,8,41.86728716,-87.64524694
2,403233,-1,30,0,0,0,1,14,5,-1,0,0,0,1,1,-1,-1,17,-1,2012,-1,-1,-1,-1,-1,-1,2,1,0,0,1,0,1,0,17,3,8,41.97610371,-87.68212167
0,403050,-1,10,0,0,0,1,5,12,1,0,0,0,0,-1,1,-1,33,33,935,-1,-1,-1,-1,-1,-1,1,0,0,0,0,0,1,0,17,3,8,41.8089385,-87.63571939
0,403089,-1,10,0,0,0,1,0,7,2,0,0,0,0,-1,1,-1,20,0,222,-1,-1,-1,-1,-1,-1,2,0,0,0,0,0,2,0,17,3,8,41.80978115,-87.59421281
0,416799,-1,30,1,2,0,1,10,5,-1,0,0,0,0,1,-1,-1,11,-1,1724,-1,-1,-1,-1,-1,-1,2,0,0,0,0,0,2,0,17,3,8,41.95408332,-87.69830277
0,403826,-1,30,0,0,0,1,14,5,4,0,0,0,0,-1,-1,-1,0,0,1121,-1,-1,-1,-1,-1,-1,2,0,0,0,0,0,2,0,17,3,8,41.90001284,-87.71203514
0,403128,-1,25,0,0,0,1,7,5,-1,0,0,0,0,-1,-1,-1,0,0,1921,-1,-1,-1,-1,-1,-1,2,0,0,0,0,0,1,0,17,3,8,41.94685615,-87.68598134
0,403046,-1,10,0,0,0,1,7,12,5,0,0,0,0,-1,1,1,0,0,223,1,-1,-1,-1,-1,-1,2,0,0,0,0,0,1,0,17,3,8,41.80892303,-87.60640394
2,403024,-1,30,0,0,-1,1,2,5,2,0,-1,0,1,-1,-1,1,0,-1,2412,-1,1,-1,-1,-1,-1,1,1,0,0,1,0,0,0,17,3,8,42.00112354,-87.70931714
-1,407166,-1,20,0,0,2,1,5,2,2,0,1,4,0,-1,-1,-1,-1,-1,1912,-1,-1,-1,-1,-1,-1,1,-1,-1,-1,-1,-1,-1,-1,17,3,8,41.96047574,-87.66785461
2,403088,-1,30,2,2,0,1,0,5,-1,0,0,0,1,1,-1,-1,0,0,1214,-1,-1,-1,-1,-1,-1,2,1,0,0,1,0,2,0,17,3,8,41.89108089,-87.65214711
0,403056,1,30,1,2,0,1,14,5,6,0,0,0,0,1,-1,-1,17,23,122,-1,-1,-1,-1,-1,-1,2,0,0,0,0,0,2,0,17,3,8,41.8856955,-87.63668072
0,403047,1,30,0,0,0,1,14,5,-1,0,0,0,0,-1,-1,1,23,-1,2412,-1,-1,-1,-1,-1,-1,2,0,0,0,0,0,2,0,17,3,8,41.99793471,-87.68419579
0,403037,-1,30,0,0,0,1,0,0,-1,0,0,0,0,-1,-1,-1,18,0,824,-1,-1,-1,-1,-1,-1,2,0,0,0,0,0,2,0,17,3,8,41.78824024,-87.68233376
0,403007,-1,30,1,2,0,1,10,5,-1,0,0,0,0,-1,-1,-1,0,-1,1124,-1,-1,-1,-1,-1,-1,2,0,0,0,0,0,2,0,17,3,8,41.88086687,-87.70578278
2,402997,-1,30,2,2,0,1,14,5,-1,0,0,0,1,1,-1,-1,17,5,624,-1,-1,-1,-1,-1,-1,2,4,0,0,4,0,1,0,16,3,8,41.7530511,-87.61493935
0,403169,-1,30,2,2,0,1,0,5,2,0,0,0,0,-1,-1,-1,0,0,624,-1,-1,-1,-1,-1,-1,2,0,0,0,0,0,3,0,16,3,8,41.75669286,-87.60303488
0,403006,-1,30,1,2,0,1,12,5,-1,0,0,0,0,-1,-1,-1,25,-1,632,-1,-1,-1,-1,-1,-1,2,0,0,0,0,0,2,0,16,3,8,41.73660156,-87.6049681
0,404285,-1,20,0,0,0,1,2,7,-1,0,0,0,0,-1,-1,-1,-1,-1,715,-1,-1,-1,-1,-1,-1,2,0,0,0,0,0,1,0,16,3,8,41.79024342,-87.66919581
1,403191,-1,30,0,0,1,1,7,6,1,0,0,0,1,-1,-1,1,11,0,623,-1,-1,-1,-1,-1,-1,2,1,0,0,0,1,1,0,16,3,8,41.75298395,-87.61879317
0,403158,-1,30,0,0,0,1,7,5,-1,0,0,-1,0,-1,-1,1,0,-1,1214,-1,-1,-1,-1,-1,-1,2,0,0,0,0,0,1,0,16,3,8,41.89620294,-87.65241313
0,403030,-1,0,0,0,0,1,7,7,-1,0,0,-1,0,-1,-1,1,0,0,2232,-1,-1,-1,-1,-1,-1,2,0,0,0,0,0,1,0,16,3,8,41.70876276,-87.65190887
0,403016,-1,30,0,0,0,1,14,2,6,0,0,0,1,-1,-1,-1,17,-1,834,-1,-1,-1,-1,-1,-1,2,0,0,0,0,0,5,0,16,3,8,41.747682,-87.74115727
0,402984,-1,30,1,2,0,1,12,3,6,0,0,0,1,1,-1,-1,21,-1,122,-1,-1,-1,-1,-1,-1,2,0,0,0,0,0,2,0,16,3,8,41.8792379,-87.63709954
0,407492,-1,30,1,2,0,1,10,5,4,0,0,0,0,-1,-1,-1,8,8,412,-1,-1,-1,-1,-1,-1,2,0,0,0,0,0,2,0,16,3,8,41.73682263,-87.58578342
0,403059,-1,30,1,2,0,1,0,5,2,0,0,0,0,-1,-1,-1,0,0,324,-1,-1,-1,-1,-1,-1,2,0,0,0,0,0,2,0,16,3,8,41.7641858,-87.58642639
0,402955,-1,30,0,0,0,1,7,5,2,2,0,0,0,-1,-1,-1,20,-1,1822,-1,-1,-1,-1,-1,-1,2,0,0,0,0,0,1,0,16,3,8,41.90366842,-87.65369936
1,403064,-1,30,0,0,0,1,2,6,-1,0,0,0,1,-1,-1,-1,25,16,632,-1,-1,-1,-1,-1,-1,1,1,0,0,0,1,0,0,16,3,8,41.73645941,-87.61020756
0,403684,-1,30,0,0,0,1,2,5,1,0,0,0,0,-1,-1,-1,0,0,2422,-1,-1,-1,-1,-1,-1,1,0,0,0,0,0,1,0,16,3,8,42.01949181,-87.67238874
0,403067,1,15,0,0,0,1,7,5,1,0,0,0,1,-1,-1,1,0,0,2033,-1,-1,-1,-1,-1,-1,2,0,0,0,0,0,1,0,16,3,8,41.9762016,-87.66066528
0,403015,1,30,1,-1,0,1,12,5,-1,0,0,-1,0,-1,-1,1,22,-1,2523,-1,-1,-1,-1,-1,-1,2,0,0,0,0,0,2,0,16,3,8,41.93898424,-87.72730647
0,402989,-1,10,0,0,0,1,7,7,-1,0,0,0,0,-1,1,-1,0,0,122,-1,-1,-1,-1,-1,-1,2,0,0,0,0,0,1,0,16,3,8,41.88457905,-87.63396972