MOST_SEVERE_INJURY,RD_NO,CRASH_DATE_EST_I,POSTED_SPEED_LIMIT,TRAFFIC_CONTROL_DEVICE,DEVICE_CONDITION,WEATHER_CONDITION,LIGHTING_CONDITION,FIRST_CRASH_TYPE,TRAFFICWAY_TYPE,LANE_CNT,ALIGNMENT,ROADWAY_SURFACE_COND,ROAD_DEFECT,CRASH_TYPE,INTERSECTION_RELATED_I,NOT_RIGHT_OF_WAY_I,HIT_AND_RUN_I,PRIM_CONTRIBUTORY_CAUSE,SEC_CONTRIBUTORY_CAUSE,BEAT_OF_OCCURRENCE,PHOTOS_TAKEN_I,STATEMENTS_TAKEN_I,DOORING_I,WORK_ZONE_I,WORK_ZONE_TYPE,WORKERS_PRESENT_I,NUM_UNITS,INJURIES_TOTAL,INJURIES_FATAL,INJURIES_INCAPACITATING,INJURIES_NON_INCAPACITATING,INJURIES_REPORTED_NOT_EVIDENT,INJURIES_NO_INDICATION,INJURIES_UNKNOWN,CRASH_HOUR,CRASH_DAY_OF_WEEK,CRASH_MONTH,LATITUDE,LONGITUDE
0,402977,-1,30,0,0,0,1,2,4,1,2,0,12,0,-1,-1,-1,28,28,1612,-1,-1,-1,1,0,-1,1,0,0,0,0,0,1,0,16,3,8,41.98281472,-87.8091694
2,402950,-1,15,0,0,0,1,9,6,1,0,0,0,1,-1,-1,-1,16,16,1014,-1,-1,-1,-1,-1,-1,2,1,0,0,1,0,1,0,16,3,8,41.86003097,-87.72026188
0,402915,-1,30,0,0,0,1,12,5,-1,0,0,-1,0,-1,-1,-1,17,-1,1621,-1,-1,-1,-1,-1,-1,2,0,0,0,0,0,5,0,16,3,8,41.99879275,-87.76342739
0,402967,-1,30,0,0,0,1,10,5,2,0,0,0,0,-1,-1,-1,33,-1,1223,-1,1,-1,-1,-1,-1,2,0,0,0,0,0,4,0,15,3,8,41.88673719,-87.67209557
0,403241,-1,15,0,0,0,1,7,7,-1,0,0,0,0,-1,1,1,0,0,131,-1,-1,-1,-1,-1,-1,2,0,0,0,0,0,2,0,15,3,8,41.85962968,-87.6301249
0,402895,-1,30,1,-1,0,1,7,5,-1,0,0,0,0,-1,-1,-1,0,-1,1613,-1,-1,-1,-1,-1,-1,2,0,0,0,0,0,1,0,15,3,8,41.97538461,-87.80694898
0,402936,-1,30,0,0,0,1,12,3,3,0,1,0,0,-1,-1,-1,21,-1,434,-1,-1,-1,-1,-1,-1,2,0,0,0,0,0,2,0,15,3,8,41.70774567,-87.58461414
0,403035,-1,30,0,0,0,1,10,5,-1,0,0,0,0,-1,-1,-1,0,0,1932,-1,-1,-1,-1,-1,-1,2,0,0,0,0,0,2,0,15,3,8,41.92528231,-87.66661708
0,402916,1,30,0,0,0,1,7,6,1,0,0,-1,0,-1,-1,1,0,-1,613,-1,1,-1,-1,-1,-1,3,0,0,0,0,0,1,0,15,3,8,41.73980071,-87.65208718
0,402898,-1,15,0,0,0,1,11,6,1,2,0,0,1,-1,-1,-1,10,3,621,-1,-1,-1,-1,-1,-1,2,0,0,0,0,0,2,0,15,3,8,41.7492699,-87.63805418
0,403045,-1,20,2,2,1,1,11,5,-1,2,0,0,0,1,-1,1,5,25,411,-1,-1,-1,-1,-1,-1,2,0,0,0,0,0,2,0,15,3,8,41.75682646,-87.59089947
0,402930,-1,30,0,0,0,1,2,5,2,0,0,0,0,-1,-1,-1,12,-1,1215,1,-1,-1,-1,-1,-1,1,0,0,0,0,0,1,0,15,3,8,41.88558371,-87.6587586
0,402924,-1,30,0,0,0,1,7,5,2,0,0,0,0,-1,-1,-1,21,0,725,-1,-1,-1,-1,-1,-1,2,0,0,0,0,0,5,0,15,3,8,41.77592746,-87.6639781
0,402867,-1,30,0,0,0,1,14,2,4,0,0,0,0,-1,-1,-1,0,-1,2223,-1,-1,-1,-1,-1,-1,2,0,0,0,0,0,2,0,15,3,8,41.71554352,-87.64320168
0,402854,-1,30,1,2,0,1,14,2,2,0,0,0,1,1,-1,-1,0,0,731,-1,-1,-1,-1,-1,-1,2,0,0,0,0,0,2,0,15,3,8,41.76915534,-87.62681268
0,402823,-1,30,0,-1,0,1,7,12,-1,0,0,0,0,-1,-1,-1,11,-1,924,-1,-1,-1,-1,-1,-1,2,0,0,0,0,0,1,0,15,3,8,41.81598229,-87.66500475
0,402933,-1,30,1,2,0,1,14,3,3,0,0,0,0,-1,-1,-1,22,21,834,-1,-1,-1,-1,-1,-1,2,0,0,0,0,0,2,0,15,3,8,41.74228583,-87.72182952
0,403029,-1,30,2,2,0,1,0,5,2,0,0,0,0,1,-1,-1,5,0,623,-1,-1,-1,-1,-1,-1,2,0,0,0,0,0,2,0,15,3,8,41.75633787,-87.62287628
0,402866,-1,30,0,0,0,1,7,5,-1,0,0,0,0,-1,-1,1,0,-1,632,-1,-1,-1,-1,-1,-1,2,0,0,0,0,0,1,0,15,3,8,41.74182381,-87.60511602
0,402960,-1,35,0,0,0,1,14,5,2,0,0,0,0,-1,-1,1,23,-1,921,-1,-1,-1,-1,-1,-1,2,0,0,0,0,0,2,0,15,3,8,41.81824147,-87.70202582
0,402847,-1,35,1,2,0,1,7,5,2,0,0,0,0,-1,-1,-1,-1,33,434,-1,-1,-1,-1,-1,-1,2,0,0,0,0,0,1,0,15,3,8,41.65930426,-87.57785923
0,403667,-1,30,0,0,0,1,10,2,4,0,0,0,0,-1,-1,-1,18,0,1722,-1,-1,-1,-1,-1,-1,2,0,0,0,0,0,2,0,15,3,8,41.96222161,-87.72800756
0,403036,-1,10,0,0,0,1,2,12,-1,0,0,0,0,-1,1,-1,0,0,132,-1,-1,-1,-1,-1,-1,1,0,0,0,0,0,1,0,15,3,8,41.85104668,-87.62209309
0,402902,-1,30,1,2,0,1,12,2,2,0,0,0,0,-1,-1,-1,0,0,1733,-1,-1,-1,-1,-1,-1,2,0,0,0,0,0,2,0,14,3,8,41.94667922,-87.71257799
0,403504,-1,0,0,0,2,1,7,7,0,0,1,0,0,-1,-1,-1,0,0,222,-1,-1,-1,-1,-1,-1,2,0,0,0,0,0,1,0,14,3,8,41.80953478,-87.59245022
0,402822,-1,35,1,2,0,1,10,2,4,0,0,0,0,-1,-1,-1,15,0,1412,-1,-1,-1,-1,-1,-1,2,0,0,0,0,0,3,0,14,3,8,41.93019094,-87.70947505
0,402795,-1,30,0,0,0,1,14,5,-1,0,0,0,0,-1,-1,-1,0,-1,1633,-1,-1,-1,-1,-1,-1,2,0,0,0,0,0,2,0,14,3,8,41.94565622,-87.77700106
0,402838,-1,30,0,0,0,1,3,5,-1,0,0,0,0,-1,-1,1,17,16,821,-1,-1,-1,-1,-1,-1,2,0,0,0,0,0,2,0,14,3,8,41.81147182,-87.72264121
0,407070,-1,30,1,2,0,1,10,5,4,0,0,0,0,-1,-1,-1,18,-1,2432,-1,-1,-1,-1,-1,-1,2,0,0,0,0,0,2,0,14,3,8,42.00259638,-87.66093221
0,404090,-1,30,2,2,1,1,12,2,2,0,0,0,0,1,-1,1,0,0,412,-1,-1,-1,-1,-1,-1,2,0,0,0,0,0,2,0,14,3,8,41.74422098,-87.58086517
0,402819,-1,20,0,0,0,1,7,6,1,0,0,0,0,-1,-1,0,0,0,2412,-1,-1,-1,-1,-1,-1,3,0,0,0,0,0,1,0,14,3,8,41.99955721,-87.68369588
0,402798,-1,30,2,2,0,1,14,5,2,0,0,0,1,1,-1,-1,5,35,1922,-1,-1,-1,-1,-1,-1,2,0,0,0,0,0,2,0,14,3,8,41.94890334,-87.66905621
0,402845,-1,30,2,2,0,1,14,6,-1,0,0,0,1,-1,-1,-1,-1,-1,235,-1,-1,-1,1,2,1,2,0,0,0,0,0,2,0,14,3,8,41.79315485,-87.59826582
0,402874,-1,30,0,0,0,1,12,5,-1,0,0,0,1,-1,-1,-1,0,0,1233,-1,-1,-1,-1,-1,-1,2,0,0,0,0,0,3,0,14,3,8,41.86392645,-87.67589704
2,402869,-1,30,1,2,0,1,0,5,2,0,0,0,1,1,-1,-1,6,-1,2524,-1,-1,-1,-1,-1,-1,2,2,0,0,2,0,0,0,14,3,8,41.9283639,-87.71715147
0,403214,-1,30,0,0,0,1,7,5,2,2,-1,0,0,-1,-1,-1,20,-1,1612,-1,-1,-1,-1,-1,-1,2,0,0,0,0,0,1,0,14,3,8,41.98611031,-87.79579551
1,402825,-1,0,0,0,0,1,7,7,-1,0,0,0,1,-1,1,-1,20,-1,2232,-1,-1,-1,-1,-1,-1,2,1,0,0,0,1,3,0,14,3,8,41.71228427,-87.64282331
0,402824,-1,30,0,0,0,1,12,6,-1,0,0,0,0,-1,-1,-1,0,0,121,-1,-1,-1,-1,-1,-1,2,0,0,0,0,0,2,0,14,3,8,41.88455231,-87.63975418
0,402818,-1,20,0,0,0,1,7,7,1,0,0,0,0,-1,1,1,0,0,2012,-1,-1,-1,-1,-1,-1,2,0,0,0,0,0,1,0,14,3,8,41.9839522,-87.66900616
2,402775,-1,30,0,0,0,1,9,5,2,0,0,0,1,-1,-1,1,0,-1,823,-1,-1,-1,-1,-1,-1,2,1,0,0,1,0,1,0,14,3,8,41.77909933,-87.70198143
0,402974,-1,30,0,0,0,1,7,6,1,0,0,-1,0,-1,-1,-1,0,0,2024,-1,-1,-1,-1,-1,-1,2,0,0,0,0,0,1,0,14,3,8,41.97146003,-87.6555386
0,402794,-1,30,1,2,2,1,10,5,2,0,1,0,0,-1,-1,-1,34,16,511,-1,-1,-1,-1,-1,-1,2,0,0,0,0,0,2,0,14,3,8,41.71242201,-87.61406725
0,402755,-1,30,0,0,0,1,12,5,2,0,0,0,0,-1,-1,1,0,0,1712,-1,-1,-1,-1,-1,-1,2,0,0,0,0,0,2,0,14,3,8,41.97552459,-87.73944555
2,402858,-1,30,1,2,0,1,9,5,-1,0,0,0,1,1,-1,1,17,16,1824,-1,-1,-1,-1,-1,-1,2,1,0,0,1,0,1,0,13,3,8,41.9037398,-87.63129318
2,402748,-1,35,1,2,0,1,10,5,4,2,0,0,1,1,-1,-1,18,16,2211,-1,-1,-1,-1,-1,-1,2,1,0,0,1,0,2,0,13,3,8,41.68575665,-87.73937197
0,403625,-1,30,0,0,2,1,5,5,2,0,1,0,0,-1,-1,-1,12,-1,522,-1,-1,-1,-1,-1,-1,1,0,0,0,0,0,1,0,13,3,8,41.68537154,-87.62775212
0,402848,-1,30,0,0,0,1,0,5,-1,0,0,0,1,1,-1,-1,0,0,915,-1,-1,-1,-1,-1,-1,2,0,0,0,0,0,4,0,13,3,8,41.83069172,-87.64238957
2,402725,-1,25,2,2,0,1,9,6,1,0,0,0,1,1,-1,-1,33,-1,2011,-1,-1,-1,-1,-1,-1,2,1,0,0,1,0,1,0,13,3,8,41.97936015,-87.6991594
0,402717,-1,30,1,-1,0,1,7,5,1,0,0,0,0,-1,-1,-1,11,0,123,-1,-1,-1,-1,-1,-1,2,0,0,0,0,0,3,0,13,3,8,41.86883411,-87.62600895
0,404224,-1,30,0,0,0,1,0,7,2,0,0,0,0,-1,-1,-1,20,0,1522,-1,-1,-1,-1,-1,-1,2,0,0,0,0,0,2,0,13,3,8,41.87579572,-87.75504255
1,402792,-1,30,1,3,0,1,0,2,2,0,0,0,1,-1,-1,-1,33,33,1113,-1,-1,-1,-1,-1,-1,2,1,0,0,0,1,2,0,13,3,8,41.88069887,-87.74513811
0,402797,-1,30,1,2,0,1,12,5,2,0,0,0,0,-1,-1,-1,17,0,413,-1,-1,-1,-1,-1,-1,2,0,0,0,0,0,3,0,13,3,8,41.73331623,-87.57577483
2,402669,-1,30,1,2,0,1,8,5,4,0,0,0,1,1,-1,-1,17,22,132,-1,-1,-1,-1,-1,-1,2,1,0,0,1,0,1,0,13,3,8,41.85798826,-87.62389466
0,402705,-1,30,0,0,0,1,10,5,-1,0,0,-1,0,-1,-1,-1,18,-1,1622,-1,-1,-1,-1,-1,-1,2,0,0,0,0,0,3,0,13,3,8,41.96034625,-87.78552169
1,403840,-1,30,1,2,0,1,0,6,2,0,0,0,1,1,-1,-1,0,0,1133,-1,-1,-1,-1,-1,-1,2,1,0,0,0,1,1,0,13,3,8,41.87459916,-87.71574091
0,403219,-1,25,0,0,0,1,7,5,-1,0,0,0,0,-1,-1,-1,0,-1,1935,-1,-1,-1,-1,-1,-1,2,0,0,0,0,0,1,0,13,3,8,41.93150713,-87.64590081
0,402907,1,15,0,0,0,1,7,5,4,0,0,0,0,-1,-1,1,0,0,1912,-1,-1,-1,-1,-1,-1,2,0,0,0,0,0,1,0,13,3,8,41.96480207,-87.66948379
0,402693,-1,30,0,0,0,1,14,6,2,0,0,0,1,-1,-1,-1,22,18,322,-1,-1,-1,-1,-1,-1,2,0,0,0,0,0,4,0,13,3,8,41.76602561,-87.62477633
0,402690,-1,30,2,2,0,1,10,5,2,0,0,0,1,-1,-1,-1,18,0,1234,-1,-1,-1,-1,-1,-1,2,0,0,0,0,0,2,0,13,3,8,41.85776619,-87.67124605
0,402651,0,30,1,2,1,1,10,6,3,0,1,12,1,-1,-1,-1,0,-1,122,-1,-1,-1,-1,-1,-1,1,0,0,0,0,0,1,0,13,3,8,41.87821296,-87.63527874
2,402682,-1,30,2,2,0,1,14,1,2,0,0,0,1,-1,-1,-1,17,22,924,1,-1,-1,-1,-1,-1,2,1,0,0,1,0,6,0,12,3,8,41.81576421,-87.66653263
0,402715,-1,30,0,0,0,1,7,7,-1,0,0,0,0,-1,-1,-1,35,-1,613,-1,-1,-1,-1,-1,-1,2,0,0,0,0,0,1,0,12,3,8,41.74598652,-87.64497462
0,402677,-1,25,0,-1,0,1,7,5,1,0,-1,0,0,-1,-1,1,21,0,2234,-1,-1,-1,-1,-1,-1,2,0,0,0,0,0,1,0,12,3,8,41.69758275,-87.65277586
1,402634,-1,30,0,0,0,1,10,5,4,0,0,0,1,-1,-1,-1,7,16,1422,-1,-1,-1,-1,-1,-1,2,1,0,0,0,1,1,0,12,3,8,41.90997648,-87.70907872
0,402727,-1,30,0,0,0,1,7,12,-1,0,0,0,0,-1,1,-1,0,0,1034,-1,-1,-1,-1,-1,-1,2,0,0,0,0,0,1,0,12,3,8,41.85010886,-87.68543765
0,402921,-1,30,1,2,0,1,10,2,-1,0,0,0,0,-1,-1,-1,18,-1,523,-1,-1,-1,-1,-1,-1,2,0,0,0,0,0,2,0,12,3,8,41.67045106,-87.64151563
0,402909,-1,30,1,2,0,1,10,5,-1,0,0,-1,0,-1,-1,-1,18,-1,815,-1,-1,-1,-1,-1,-1,2,0,0,0,0,0,2,0,12,3,8,41.80240932,-87.72357398
0,402681,-1,30,0,0,0,1,10,7,-1,0,0,0,0,-1,-1,-1,16,0,2233,-1,-1,-1,-1,-1,-1,2,0,0,0,0,0,3,0,12,3,8,41.69267124,-87.64253262
0,402646,-1,20,1,2,0,1,12,2,-1,0,0,0,0,-1,-1,-1,17,-1,1412,-1,-1,-1,-1,-1,-1,2,0,0,0,0,0,2,0,12,3,8,41.92836439,-87.71234897
0,402636,-1,25,0,0,0,1,14,7,-1,0,1,0,1,-1,-1,-1,0,0,1532,-1,-1,-1,-1,-1,-1,2,0,0,0,0,0,2,0,12,3,8,41.88456108,-87.74548687
0,402684,-1,30,2,2,0,1,0,2,4,0,0,0,0,1,-1,-1,0,0,2521,-1,-1,-1,-1,-1,-1,2,0,0,0,0,0,2,0,12,3,8,41.93047843,-87.74669758
0,402647,-1,30,1,2,0,1,14,6,3,0,0,0,0,1,-1,-1,0,0,124,-1,-1,-1,-1,-1,-1,2,0,0,0,0,0,2,0,12,3,8,41.86730605,-87.64387768
3,402641,-1,30,2,2,0,1,9,2,-1,0,0,0,1,1,-1,-1,5,-1,925,-1,-1,-1,-1,-1,-1,2,1,0,1,0,0,1,0,12,3,8,41.8235152,-87.633075
0,402617,-1,30,1,2,1,1,10,5,-1,0,1,0,0,-1,-1,-1,18,-1,2031,-1,-1,-1,-1,-1,-1,2,0,0,0,0,0,3,0,12,3,8,41.97568873,-87.70142761
0,402839,1,30,0,0,-1,-1,7,6,1,0,-1,0,0,-1,-1,1,0,0,732,-1,-1,-1,-1,-1,-1,2,0,0,0,0,0,1,0,12,3,8,41.76705527,-87.63612454
0,402645,-1,30,0,0,0,1,10,5,-1,0,0,0,0,1,-1,-1,0,0,1224,-1,-1,-1,-1,-1,-1,2,0,0,0,0,0,2,0,12,3,8,41.88177941,-87.65438027
0,402600,-1,35,1,2,1,1,10,2,4,0,0,0,1,1,-1,-1,0,0,1432,-1,-1,-1,-1,-1,-1,3,0,0,0,0,0,3,0,12,3,8,41.93188853,-87.68761869
0,403310,-1,30,1,2,0,1,10,5,4,0,0,0,0,1,-1,-1,0,0,1522,-1,-1,-1,-1,-1,-1,2,0,0,0,0,0,5,0,12,3,8,41.86585673,-87.7548716
0,402756,1,20,0,0,0,1,3,6,-1,0,0,0,0,-1,-1,-1,20,20,235,-1,-1,-1,-1,-1,-1,2,0,0,0,0,0,2,0,12,3,8,41.79323379,-87.591786
0,402589,-1,30,2,2,1,1,14,5,2,0,0,0,0,1,-1,-1,5,21,433,-1,-1,-1,-1,-1,-1,2,0,0,0,0,0,2,0,12,3,8,41.65170129,-87.52749195
0,402594,-1,30,0,0,0,1,7,2,2,0,0,0,0,-1,1,-1,0,0,832,-1,-1,-1,-1,-1,-1,2,0,0,0,0,0,2,0,11,3,8,41.77189853,-87.67920934
0,402558,-1,30,1,2,1,1,0,5,5,0,0,0,0,-1,-1,-1,33,-1,811,-1,-1,-1,-1,-1,-1,2,0,0,0,0,0,3,0,11,3,8,41.7932154,-87.76246291
0,403619,-1,5,0,0,1,1,0,7,-1,0,0,0,0,-1,1,-1,17,0,1215,-1,-1,-1,-1,-1,-1,2,0,0,0,0,0,2,0,11,3,8,41.89117069,-87.65905274
0,402709,-1,30,2,2,0,1,14,12,2,0,0,0,0,1,-1,-1,0,0,814,-1,-1,-1,-1,-1,-1,2,0,0,0,0,0,2,0,11,3,8,41.81124579,-87.74800065
0,402632,-1,30,0,0,0,1,14,5,-1,0,0,0,0,-1,-1,-1,23,0,1211,-1,-1,-1,-1,-1,-1,2,0,0,0,0,0,2,0,11,3,8,41.89575204,-87.69863385
0,402560,-1,30,0,0,0,1,12,5,-1,0,0,0,0,-1,-1,-1,0,0,1922,-1,-1,-1,-1,-1,-1,2,0,0,0,0,0,2,0,11,3,8,41.94466808,-87.66409875
0,402620,-1,30,0,0,0,1,10,2,-1,0,1,0,0,-1,-1,-1,0,-1,811,-1,-1,-1,-1,-1,-1,2,0,0,0,0,0,2,0,11,3,8,41.7922934,-87.79011271
0,402605,-1,30,0,0,0,3,12,12,1,0,0,0,1,-1,-1,-1,18,22,122,-1,-1,-1,-1,-1,-1,2,0,0,0,0,0,3,0,11,3,8,41.87779016,-87.63648759
0,402532,-1,15,0,0,1,1,7,6,1,0,1,0,0,-1,-1,-1,11,11,1412,-1,-1,-1,-1,-1,-1,2,0,0,0,0,0,1,0,11,3,8,41.93094357,-87.71323184
0,402515,-1,30,0,0,2,1,14,5,2,0,1,0,1,-1,-1,-1,34,-1,611,-1,-1,-1,-1,-1,-1,2,0,0,0,0,0,2,0,11,3,8,41.74761672,-87.67291923
2,402531,-1,30,0,0,0,1,8,6,2,0,0,0,1,-1,-1,-1,17,-1,122,-1,-1,-1,-1,-1,-1,2,1,0,0,1,0,1,0,11,3,8,41.88310003,-87.63437825
0,402547,-1,30,1,2,0,1,14,2,-1,0,0,-1,0,1,-1,-1,21,-1,911,-1,-1,-1,1,2,-1,2,0,0,0,0,0,2,0,11,3,8,41.82457007,-87.69451392
0,402766,-1,30,1,0,2,1,10,5,-1,0,1,0,0,-1,-1,1,34,-1,1422,-1,-1,-1,-1,-1,-1,3,0,0,0,0,0,3,0,10,3,8,41.90286511,-87.71646596
0,402514,-1,30,0,0,1,1,7,6,3,0,0,0,0,-1,-1,1,0,0,121,-1,-1,-1,-1,-1,-1,2,0,0,0,0,0,1,0,10,3,8,41.88454026,-87.64351448
0,402506,-1,40,0,0,2,1,2,3,8,1,1,0,1,-1,-1,-1,14,18,114,-1,-1,-1,-1,-1,-1,1,0,0,0,0,0,1,0,10,3,8,41.88547713,-87.6137567
0,402499,-1,30,0,0,0,1,11,5,2,0,0,0,0,-1,-1,-1,0,0,1712,-1,-1,-1,-1,-1,-1,2,0,0,0,0,0,2,0,10,3,8,41.96903671,-87.72790483
0,402497,1,15,0,0,0,1,5,7,-1,0,0,0,0,-1,1,-1,-1,-1,2521,-1,-1,-1,-1,-1,-1,1,0,0,0,0,0,1,0,10,3,8,41.93869118,-87.7489078
0,402542,-1,30,1,2,1,1,12,5,4,0,0,0,0,1,-1,-1,17,17,1224,-1,-1,-1,-1,-1,-1,2,0,0,0,0,0,2,0,10,3,8,41.88135321,-87.66591594
0,402468,-1,30,1,2,2,1,10,5,2,0,1,0,0,1,-1,-1,34,-1,2022,-1,-1,-1,-1,-1,-1,2,0,0,0,0,0,3,0,10,3,8,41.98373354,-87.65996856
2,402505,-1,30,1,2,0,1,14,2,-1,0,1,0,1,1,-1,-1,17,-1,833,-1,-1,-1,-1,-1,-1,2,3,0,0,3,0,1,0,10,3,8,41.75466012,-87.74138476
0,402533,-1,30,0,0,0,1,7,6,-1,0,0,0,0,-1,-1,-1,20,-1,2533,-1,-1,-1,-1,-1,-1,2,0,0,0,0,0,2,0,10,3,8,41.90753821,-87.7511379
0,402500,-1,30,0,0,0,1,10,3,4,0,0,0,0,-1,-1,-1,16,16,211,-1,-1,-1,-1,-1,-1,2,0,0,0,0,0,2,0,10,3,8,41.83491494,-87.61690089
0,402519,-1,30,1,2,0,1,0,2,4,0,0,0,0,1,-1,1,6,16,1221,-1,-1,-1,-1,-1,-1,2,0,0,0,0,0,2,0,10,3,8,41.89075628,-87.68673706
0,405587,-1,30,0,0,2,1,7,5,-1,0,1,0,0,-1,-1,1,0,0,1031,-1,-1,-1,-1,-1,-1,2,0,0,0,0,0,1,0,10,3,8,41.83985975,-87.73675533
0,402457,-1,30,0,0,1,1,7,5,2,0,0,0,0,-1,-1,-1,18,0,1235,-1,-1,-1,-1,-1,-1,2,0,0,0,0,0,1,0,10,3,8,41.85488587,-87.65740961
2,402461,-1,30,12,12,2,1,9,5,2,0,1,0,1,-1,-1,-1,20,20,1033,-1,-1,-1,-1,-1,-1,2,1,0,0,1,0,1,0,10,3,8,41.84076741,-87.70017698
0,403380,1,20,0,0,0,3,10,7,-1,0,0,-1,0,-1,-1,1,18,22,1124,-1,-1,-1,-1,-1,-1,2,0,0,0,0,0,5,0,10,3,8,41.8761276,-87.70123322
0,403465,-1,30,1,2,0,1,3,5,-1,0,0,-1,0,-1,-1,-1,20,-1,1432,-1,-1,-1,-1,-1,-1,2,0,0,0,0,0,2,0,10,3,8,41.92503801,-87.67804719
0,403032,1,30,0,1,0,4,7,5,4,2,0,0,0,-1,-1,1,0,0,824,-1,-1,-1,-1,-1,-1,2,0,0,0,0,0,1,0,10,3,8,41.79331249,-87.7034005
1,402447,-1,15,-1,-1,2,1,9,0,1,0,-1,-1,1,-1,-1,1,0,0,823,-1,-1,-1,-1,-1,-1,2,1,0,0,0,1,1,0,10,3,8,41.78165297,-87.70335954
0,402480,-1,30,1,2,2,1,10,2,-1,0,1,0,0,1,-1,-1,18,-1,912,-1,-1,-1,-1,-1,-1,2,0,0,0,0,0,3,0,9,3,8,41.83758276,-87.67559063
0,402456,1,20,0,0,0,1,7,2,2,0,0,0,0,-1,-1,-1,0,-1,1225,-1,-1,-1,-1,-1,-1,2,0,0,0,0,0,2,0,9,3,8,41.87145561,-87.68500796
0,402448,-1,0,12,2,2,1,10,5,-1,0,1,12,0,-1,-1,-1,0,0,1034,-1,-1,-1,1,0,1,2,0,0,0,0,0,2,0,9,3,8,41.8516025,-87.66833348
0,402437,-1,30,0,0,2,1,2,5,4,2,1,0,1,-1,-1,-1,0,-1,1111,-1,-1,-1,-1,-1,-1,1,0,0,0,0,0,3,0,9,3,8,41.88795951,-87.74540567
0,402430,-1,30,2,2,1,1,0,5,1,0,1,0,0,1,-1,1,17,-1,1233,-1,-1,-1,-1,-1,-1,2,0,0,0,0,0,2,0,9,3,8,41.85971772,-87.65662466
0,402406,-1,30,0,0,2,1,10,6,-1,0,1,0,0,-1,-1,1,0,-1,122,-1,-1,-1,-1,-1,-1,2,0,0,0,0,0,3,0,9,3,8,41.88411711,-87.63551466
0,402395,-1,30,0,0,1,1,10,12,-1,0,0,0,0,-1,-1,-1,20,-1,1411,-1,-1,-1,-1,-1,-1,2,0,0,0,0,0,4,0,9,3,8,41.93018445,-87.69509889
2,402700,-1,30,0,0,2,1,10,6,1,0,1,-1,1,-1,-1,-1,0,0,1424,-1,-1,-1,-1,-1,-1,2,1,0,0,1,0,1,0,9,3,8,41.90441551,-87.68203262
1,402412,-1,30,1,2,2,0,9,6,-1,0,1,-1,1,1,-1,-1,33,0,1834,-1,-1,-1,-1,-1,-1,2,1,0,0,0,1,1,0,9,3,8,41.89104786,-87.6226183
2,403232,-1,30,0,0,0,1,0,2,2,0,0,0,1,-1,-1,1,17,-1,2411,-1,-1,-1,-1,-1,-1,2,1,0,0,1,0,1,0,9,3,8,42.0121309,-87.69483853
0,402411,-1,30,0,0,0,1,7,6,-1,0,0,0,0,-1,-1,-1,-1,-1,1225,-1,-1,-1,-1,-1,-1,2,0,0,0,0,0,1,0,9,3,8,41.87251277,-87.68141664
0,402378,-1,30,2,2,0,1,10,2,2,0,0,0,0,-1,-1,-1,18,23,1232,-1,-1,-1,-1,-1,-1,2,0,0,0,0,0,2,0,9,3,8,41.88118308,-87.64982883
0,402398,-1,30,1,2,1,1,12,2,4,0,0,0,0,-1,-1,-1,22,0,1833,-1,-1,-1,-1,-1,-1,2,0,0,0,0,0,2,0,9,3,8,41.89834229,-87.62424813
0,402390,-1,30,0,0,1,1,14,2,6,0,0,0,1,-1,-1,-1,21,-1,114,-1,-1,-1,-1,-1,-1,2,0,0,0,0,0,2,0,9,3,8,41.8883991,-87.62402906
0,402701,-1,20,0,0,0,1,12,2,2,0,0,0,0,-1,-1,1,0,0,1621,-1,-1,-1,-1,-1,-1,2,0,0,0,0,0,2,0,9,3,8,41.99000801,-87.74837695
0,402491,-1,30,1,2,0,1,10,2,4,0,0,0,0,-1,-1,-1,18,16,1922,-1,-1,-1,-1,-1,-1,2,0,0,0,0,0,2,0,9,3,8,41.94156586,-87.6688604
0,402422,-1,0,2,2,0,1,12,2,-1,0,0,0,0,-1,-1,1,18,18,412,-1,-1,-1,-1,-1,-1,2,0,0,0,0,0,2,0,9,3,8,41.73682263,-87.58578342
0,402357,-1,35,0,0,1,1,14,2,-1,0,0,0,1,1,-1,-1,17,-1,1613,-1,-1,-1,-1,-1,-1,2,0,0,0,0,0,3,0,9,3,8,41.97921691,-87.80683816
0,402405,-1,30,1,2,1,1,10,5,-1,0,0,0,0,1,-1,-1,16,0,324,-1,-1,-1,-1,-1,-1,2,0,0,0,0,0,3,0,8,3,8,41.75880657,-87.58628483
0,403165,-1,30,0,0,0,1,3,5,-1,0,-1,-1,0,-1,-1,-1,20,-1,131,-1,-1,-1,-1,-1,-1,2,0,0,0,0,0,4,0,8,3,8,41.86593147,-87.6272401
0,402935,-1,40,3,12,0,1,10,3,4,0,0,0,0,-1,-1,-1,18,0,1925,-1,-1,-1,-1,-1,-1,2,0,0,0,0,0,2,0,8,3,8,41.94340868,-87.64047164
0,402410,-1,30,1,2,2,1,12,2,4,0,1,-1,0,-1,-1,-1,22,-1,123,-1,-1,-1,-1,-1,-1,2,0,0,0,0,0,2,0,8,3,8,41.87541743,-87.63084881
0,402355,-1,30,0,0,2,1,10,5,4,0,1,0,0,-1,-1,-1,16,12,1631,-1,-1,-1,-1,-1,-1,2,0,0,0,0,0,2,0,8,3,8,41.95189267,-87.81111093