MOST_SEVERE_INJURY,RD_NO,CRASH_DATE_EST_I,POSTED_SPEED_LIMIT,TRAFFIC_CONTROL_DEVICE,DEVICE_CONDITION,WEATHER_CONDITION,LIGHTING_CONDITION,FIRST_CRASH_TYPE,TRAFFICWAY_TYPE,LANE_CNT,ALIGNMENT,ROADWAY_SURFACE_COND,ROAD_DEFECT,CRASH_TYPE,INTERSECTION_RELATED_I,NOT_RIGHT_OF_WAY_I,HIT_AND_RUN_I,PRIM_CONTRIBUTORY_CAUSE,SEC_CONTRIBUTORY_CAUSE,BEAT_OF_OCCURRENCE,PHOTOS_TAKEN_I,STATEMENTS_TAKEN_I,DOORING_I,WORK_ZONE_I,WORK_ZONE_TYPE,WORKERS_PRESENT_I,NUM_UNITS,INJURIES_TOTAL,INJURIES_FATAL,INJURIES_INCAPACITATING,INJURIES_NON_INCAPACITATING,INJURIES_REPORTED_NOT_EVIDENT,INJURIES_NO_INDICATION,INJURIES_UNKNOWN,CRASH_HOUR,CRASH_DAY_OF_WEEK,CRASH_MONTH,LATITUDE,LONGITUDE
0,402371,-1,30,0,0,0,1,12,6,-1,0,0,0,0,-1,-1,-1,17,17,122,-1,-1,-1,-1,-1,-1,2,0,0,0,0,0,2,0,8,3,8,41.87845742,-87.63506403
0,402354,-1,30,1,2,0,1,14,5,2,0,0,0,0,-1,-1,-1,17,17,2213,-1,-1,-1,-1,-1,-1,2,0,0,0,0,0,2,0,8,3,8,41.71396582,-87.65372659
0,402344,-1,30,0,0,2,1,12,3,2,0,1,0,0,-1,-1,-1,22,0,1423,-1,-1,-1,-1,-1,-1,2,0,0,0,0,0,3,0,8,3,8,41.90592562,-87.7017228
0,402990,-1,30,2,2,1,1,9,5,-1,0,0,-1,0,1,-1,-1,0,0,912,-1,-1,-1,-1,-1,-1,2,0,0,0,0,0,2,0,8,3,8,41.83031404,-87.68031157
2,402342,-1,30,0,0,1,1,9,5,2,0,1,12,1,-1,-1,1,21,22,1422,-1,-1,-1,-1,-1,-1,2,1,0,0,1,0,1,0,8,3,8,41.90996638,-87.70985752
0,403886,-1,30,1,2,0,1,5,5,4,0,0,0,1,-1,-1,-1,0,0,1922,-1,-1,-1,-1,-1,-1,1,0,0,0,0,0,1,0,8,3,8,41.93973957,-87.66881006
0,402937,-1,10,0,0,0,1,7,12,-1,0,0,0,0,-1,-1,1,25,0,235,-1,-1,-1,-1,-1,-1,2,0,0,0,0,0,1,0,8,3,8,41.78961626,-87.60479144
0,402367,-1,30,1,2,0,1,12,5,4,0,0,0,0,-1,-1,-1,-1,33,1911,-1,-1,-1,-1,-1,-1,2,0,0,0,0,0,2,0,8,3,8,41.96670985,-87.6886997
1,402333,-1,30,0,0,2,1,9,5,-1,0,1,0,1,1,-1,-1,-1,-1,1021,-1,-1,-1,-1,-1,-1,2,1,0,0,0,1,2,0,8,3,8,41.85915077,-87.70917345
2,402385,-1,30,12,12,2,1,14,2,-1,0,1,12,1,-1,-1,1,-1,-1,1513,-1,-1,-1,-1,-1,-1,2,1,0,0,1,0,1,0,8,3,8,41.86570324,-87.76454557
0,402316,-1,30,0,0,0,1,12,6,2,0,0,0,0,-1,-1,1,21,0,122,-1,-1,-1,-1,-1,-1,2,0,0,0,0,0,2,0,8,3,8,41.87698518,-87.63172204
0,402317,-1,30,0,0,2,1,10,5,-1,0,1,0,0,-1,-1,-1,0,0,2523,-1,-1,-1,-1,-1,-1,3,0,0,0,0,0,5,0,8,3,8,41.93193008,-87.72460219
0,402312,-1,30,0,0,0,1,9,2,4,0,0,0,0,1,-1,-1,17,0,1724,-1,-1,-1,-1,-1,-1,2,0,0,0,0,0,2,0,8,3,8,41.95404495,-87.70563638
0,425118,-1,30,1,2,0,1,14,5,2,0,0,0,0,-1,-1,-1,0,-1,1233,-1,-1,-1,-1,-1,-1,2,0,0,0,0,0,3,0,8,3,8,41.86595908,-87.67147019
2,411848,-1,30,2,2,2,1,0,5,-1,0,1,0,1,-1,-1,-1,17,-1,814,-1,-1,-1,-1,-1,-1,2,1,0,0,1,0,1,0,8,3,8,41.80743124,-87.75063675
0,403961,-1,15,0,0,-1,-1,7,6,2,0,-1,0,0,-1,-1,1,0,-1,925,-1,-1,-1,-1,-1,-1,2,0,0,0,0,0,1,0,8,3,8,41.82259342,-87.64480757
0,403698,-1,30,0,0,0,1,0,5,2,0,0,0,0,-1,-1,-1,17,-1,1724,-1,-1,-1,-1,-1,-1,2,0,0,0,0,0,2,0,8,3,8,41.96338518,-87.70724038
0,402340,-1,30,1,2,1,1,10,2,4,0,0,0,0,1,-1,-1,11,0,2211,-1,-1,-1,-1,-1,-1,2,0,0,0,0,0,2,0,8,3,8,41.68948751,-87.73953292
0,402339,-1,30,1,2,1,1,10,5,2,0,1,0,0,-1,-1,-1,28,16,1122,-1,-1,-1,1,2,-1,2,0,0,0,0,0,2,0,8,3,8,41.88916332,-87.7208668
0,402321,-1,30,1,2,0,1,10,5,-1,0,0,0,0,1,-1,-1,18,16,2432,-1,-1,-1,-1,-1,-1,3,0,0,0,0,0,3,0,8,3,8,41.99831354,-87.65913308
0,402290,-1,35,1,2,0,1,10,5,4,0,0,0,0,1,-1,-1,16,18,1621,-1,-1,-1,-1,-1,-1,2,0,0,0,0,0,2,0,7,3,8,41.99723149,-87.76681826
1,402334,-1,35,0,0,1,1,14,2,4,0,1,0,1,1,-1,-1,17,15,434,-1,-1,-1,-1,-1,-1,2,1,0,0,0,1,1,0,7,3,8,41.66100781,-87.58608174
3,402296,-1,30,1,2,1,2,0,6,4,0,0,0,1,1,-1,-1,6,16,1831,-1,1,-1,-1,-1,-1,2,2,0,1,0,1,0,0,7,3,8,41.89168202,-87.62980115
0,402353,-1,30,1,2,0,1,12,5,-1,0,0,0,0,-1,-1,-1,17,-1,1512,-1,-1,-1,-1,-1,-1,2,0,0,0,0,0,2,0,7,3,8,41.8908908,-87.76538885
0,402293,-1,35,0,0,1,1,10,2,4,3,1,0,0,-1,-1,-1,0,0,1935,-1,-1,-1,-1,-1,-1,2,0,0,0,0,0,2,0,7,3,8,41.92616072,-87.63151467
2,402286,-1,30,1,2,1,1,14,5,4,0,0,0,1,-1,-1,-1,23,-1,825,-1,-1,-1,-1,-1,-1,3,3,0,0,3,0,2,0,7,3,8,41.77912871,-87.68348988
0,402292,-1,35,0,0,0,1,12,5,2,0,0,0,0,-1,-1,1,0,0,2433,-1,-1,-1,-1,-1,-1,2,0,0,0,0,0,2,0,7,3,8,41.99252693,-87.65531416
0,402315,-1,30,0,0,0,1,10,5,2,0,0,0,0,-1,-1,1,18,-1,1523,-1,-1,-1,-1,-1,-1,2,0,0,0,0,0,4,0,7,3,8,41.88736016,-87.75628015
0,402280,-1,30,1,2,0,1,14,2,2,0,0,0,1,-1,-1,-1,22,23,1633,-1,-1,-1,-1,-1,-1,2,0,0,0,0,0,4,0,7,3,8,41.94565831,-87.77677428
0,403968,-1,30,0,0,0,1,12,2,4,0,0,0,0,-1,-1,-1,0,0,1731,-1,-1,-1,-1,-1,-1,2,0,0,0,0,0,2,0,7,3,8,41.95347873,-87.73308441
2,402276,-1,30,1,2,1,1,14,5,5,0,0,0,1,1,-1,-1,27,6,814,-1,-1,-1,-1,-1,-1,2,1,0,0,1,0,1,0,7,3,8,41.79997212,-87.76237941
0,402275,-1,25,0,0,-1,-1,7,5,2,0,-1,0,1,-1,-1,1,0,-1,2411,-1,-1,-1,-1,-1,-1,2,0,0,0,0,0,1,0,7,3,8,42.01205177,-87.69563174
0,402273,-1,15,0,0,1,1,7,6,-1,0,1,0,0,0,-1,-1,16,-1,422,-1,-1,-1,-1,-1,-1,2,0,0,0,0,0,1,0,7,3,8,41.75037675,-87.55543992
0,402284,-1,25,2,2,0,1,7,5,-1,0,0,0,0,-1,-1,-1,23,-1,815,-1,1,-1,-1,-1,-1,4,0,0,0,0,0,2,0,7,3,8,41.81132284,-87.73145104
0,402300,-1,15,0,0,0,2,7,7,0,0,0,1,0,-1,1,-1,29,0,912,-1,-1,-1,-1,-1,-1,2,0,0,0,0,0,1,0,7,3,8,41.82330612,-87.66149331
0,402475,1,30,0,0,0,1,7,5,2,0,0,0,1,-1,-1,1,0,-1,1234,-1,-1,-1,-1,-1,-1,2,0,0,0,0,0,1,0,7,3,8,41.85490499,-87.66898994
0,402256,-1,30,1,2,0,1,10,3,-1,0,0,0,0,1,-1,-1,-1,-1,1232,-1,-1,-1,-1,-1,-1,2,0,0,0,0,0,2,0,7,3,8,41.86705645,-87.65348711
0,402257,-1,40,0,0,2,1,2,3,4,3,1,-1,0,-1,-1,-1,0,0,331,-1,-1,-1,-1,-1,-1,1,0,0,0,0,0,1,0,6,3,8,41.78997899,-87.57902025
0,402687,-1,30,1,2,0,1,10,2,-1,0,0,0,0,-1,-1,-1,18,16,815,-1,-1,-1,-1,-1,-1,2,0,0,0,0,0,2,0,6,3,8,41.80819801,-87.72374285
0,402237,-1,30,0,0,0,1,14,5,2,0,0,0,0,1,1,-1,21,11,2522,-1,-1,-1,-1,-1,-1,2,0,0,0,0,0,2,0,6,3,8,41.91703082,-87.74724106
0,402232,1,20,1,2,0,3,12,5,1,0,1,0,0,1,-1,-1,0,0,1834,-1,-1,-1,-1,-1,-1,2,0,0,0,0,0,2,0,5,3,8,41.89092749,-87.6268392
0,402240,-1,35,0,0,2,2,5,3,4,0,1,0,1,-1,-1,-1,15,16,424,-1,-1,-1,-1,-1,-1,1,0,0,0,0,0,1,0,5,3,8,41.73236534,-87.54001215
0,402242,-1,30,0,2,2,1,14,5,-1,0,1,0,0,-1,-1,-1,23,0,632,-1,-1,-1,-1,-1,-1,2,0,0,0,0,0,3,0,5,3,8,41.73640867,-87.62418559
0,402250,-1,35,0,0,2,2,2,3,2,3,1,0,1,-1,-1,-1,15,34,331,-1,-1,-1,-1,-1,-1,1,0,0,0,0,0,1,0,5,3,8,41.78997899,-87.57902025
0,402230,-1,30,1,2,0,2,10,5,2,0,1,0,0,1,-1,-1,7,-1,924,-1,-1,-1,-1,-1,-1,2,0,0,0,0,0,2,0,5,3,8,41.80853258,-87.68289214
0,402229,-1,30,1,2,2,2,2,5,4,0,1,0,0,1,-1,-1,11,-1,921,-1,-1,-1,-1,-1,-1,1,0,0,0,0,0,2,0,5,3,8,41.82295429,-87.68501299
0,402225,-1,30,1,2,0,2,10,2,2,0,0,0,0,-1,-1,-1,11,0,2022,-1,-1,-1,-1,-1,-1,2,0,0,0,0,0,2,0,5,3,8,41.9872694,-87.65515264
2,403798,1,30,-1,-1,-1,0,9,-1,4,2,-1,-1,1,-1,-1,1,0,-1,812,-1,-1,-1,-1,-1,-1,2,1,0,0,1,0,1,0,5,3,8,41.7778178,-87.7716406
0,402210,-1,30,0,0,0,3,2,3,8,0,1,0,1,-1,-1,-1,16,-1,332,-1,-1,-1,-1,-1,-1,1,0,0,0,0,0,1,0,4,3,8,41.77286173,-87.58593684
-1,402194,-1,30,0,12,0,3,7,6,2,0,0,-1,1,-1,-1,1,0,0,1033,-1,-1,-1,-1,-1,-1,2,-1,-1,-1,-1,-1,-1,-1,3,3,8,41.84686524,-87.7012832
1,402189,-1,30,0,0,2,3,2,5,4,0,1,12,1,-1,1,-1,34,34,1621,-1,-1,-1,-1,-1,-1,1,1,0,0,0,1,0,0,2,3,8,42.01209195,-87.77702767
0,402180,-1,35,0,0,0,3,7,5,-1,0,0,0,1,-1,-1,-1,32,0,1513,-1,-1,-1,-1,-1,-1,3,0,0,0,0,0,1,0,2,3,8,41.88077612,-87.77453197
0,402919,1,5,0,0,0,1,7,7,-1,0,0,0,0,-1,-1,1,0,0,333,-1,-1,-1,-1,-1,-1,2,0,0,0,0,0,1,0,2,3,8,41.76553258,-87.57272437
0,402346,1,30,0,0,-1,-1,7,5,2,0,-1,0,0,-1,-1,1,0,-1,223,-1,-1,-1,-1,-1,-1,2,0,0,0,0,0,1,0,2,3,8,41.80221848,-87.61534204
2,402172,-1,30,0,0,1,3,7,6,-1,0,1,-1,1,-1,-1,-1,16,14,1132,-1,-1,-1,-1,-1,-1,2,1,0,0,1,0,0,0,1,3,8,41.8744308,-87.72840102
0,402150,-1,25,0,0,2,0,7,6,1,0,1,0,0,-1,-1,-1,20,-1,715,-1,-1,-1,-1,-1,-1,2,0,0,0,0,0,1,0,0,3,8,41.79290854,-87.67198481
0,410773,-1,30,0,0,0,1,10,5,4,0,0,0,0,-1,-1,-1,18,0,1923,-1,-1,-1,-1,-1,-1,2,0,0,0,0,0,2,0,0,3,8,41.94725725,-87.65923258
1,402155,-1,30,1,2,0,3,14,12,4,0,0,0,1,1,-1,-1,18,18,1834,-1,-1,-1,-1,-1,-1,2,1,0,0,0,1,1,0,0,3,8,41.89329368,-87.6203929
2,402133,-1,30,0,0,2,3,12,5,4,0,1,0,1,-1,-1,1,0,-1,1834,-1,-1,-1,-1,-1,-1,2,1,0,0,1,0,1,0,0,3,8,41.89111833,-87.61438469
0,402141,-1,30,1,1,0,3,14,3,2,0,0,0,1,-1,-1,-1,6,11,911,-1,-1,-1,-1,-1,-1,2,0,0,0,0,0,2,0,0,3,8,41.82956153,-87.70474519
0,402134,-1,30,-1,-1,0,3,0,5,2,0,1,0,1,1,-1,-1,11,0,432,-1,-1,-1,-1,-1,-1,2,0,0,0,0,0,2,0,0,3,8,41.71943878,-87.53664179
0,402136,-1,30,1,2,2,3,14,12,0,0,1,-1,0,1,-1,-1,6,34,2012,-1,-1,-1,-1,-1,-1,2,0,0,0,0,0,4,0,0,3,8,41.99075064,-87.67016989
0,402131,0,30,0,0,0,3,7,5,4,0,1,-1,0,-1,-1,1,0,-1,2512,-1,-1,-1,-1,-1,-1,2,0,0,0,0,0,1,0,23,2,8,41.92348382,-87.80360536
0,402122,-1,35,1,2,0,3,10,3,3,0,1,0,0,1,-1,-1,16,18,833,-1,-1,-1,-1,-1,-1,2,0,0,0,0,0,2,0,23,2,8,41.76400775,-87.72249911
0,402127,-1,30,0,0,0,3,0,2,1,0,1,0,1,1,-1,-1,5,4,1613,-1,-1,-1,-1,-1,-1,3,0,0,0,0,0,2,0,23,2,8,41.9756837,-87.79408179
0,402147,-1,30,12,2,2,3,5,5,1,0,1,0,1,-1,-1,-1,32,0,1812,-1,-1,-1,-1,-1,-1,1,0,0,0,0,0,1,0,23,2,8,41.92396439,-87.6469026
0,402112,-1,30,0,0,2,4,7,5,2,0,1,-1,1,-1,-1,1,0,0,432,-1,-1,-1,-1,-1,-1,2,0,0,0,0,0,1,0,23,2,8,41.70262228,-87.53480834
0,402105,-1,30,0,0,2,3,10,5,-1,0,1,0,0,-1,-1,-1,18,-1,1631,-1,-1,-1,-1,-1,-1,2,0,0,0,0,0,2,0,23,2,8,41.95215232,-87.82790143
0,402108,-1,30,0,0,2,3,7,3,-1,0,1,0,1,-1,-1,-1,16,21,311,-1,-1,-1,-1,-1,-1,2,0,0,0,0,0,1,0,23,2,8,41.78536394,-87.62917647
0,402096,-1,35,1,2,2,3,10,2,4,0,1,0,0,-1,-1,-1,16,18,814,-1,-1,-1,-1,-1,-1,2,0,0,0,0,0,2,0,22,2,8,41.80229461,-87.74315356
0,402101,-1,30,1,2,2,3,9,2,2,0,1,0,0,1,-1,-1,16,0,1834,-1,-1,-1,-1,-1,-1,2,0,0,0,0,0,2,0,22,2,8,41.89175385,-87.62551758
1,402083,-1,30,1,2,2,3,0,5,4,0,1,-1,1,1,-1,-1,6,11,1613,0,-1,-1,-1,-1,-1,2,3,0,0,0,3,1,0,22,2,8,41.97538461,-87.80694898
0,403119,-1,30,2,0,2,0,10,5,-1,0,1,0,0,-1,-1,-1,0,-1,1231,-1,-1,-1,-1,-1,-1,2,0,0,0,0,0,2,0,22,2,8,41.8751458,-87.66209094
0,402827,-1,30,0,0,0,0,7,5,-1,0,1,0,0,-1,-1,1,0,0,912,-1,-1,-1,-1,-1,-1,2,0,0,0,0,0,1,0,22,2,8,41.82315254,-87.68056215
0,402494,1,30,0,0,2,3,7,5,-1,0,1,0,0,-1,-1,1,0,0,1722,-1,-1,-1,-1,-1,-1,2,0,0,0,0,0,1,0,22,2,8,41.96460225,-87.73705092
0,402037,-1,30,0,0,2,3,10,2,4,0,1,0,0,-1,-1,-1,18,15,825,-1,-1,-1,-1,-1,-1,2,0,0,0,0,0,4,0,21,2,8,41.78345239,-87.68390388
0,402093,-1,30,1,2,0,3,12,5,4,0,1,0,1,-1,-1,-1,17,0,1634,-1,-1,-1,-1,-1,-1,2,0,0,0,0,0,2,0,21,2,8,41.93898797,-87.7470215
0,402084,-1,35,0,0,2,0,2,6,1,0,1,0,1,-1,1,1,-1,-1,2232,-1,-1,-1,-1,-1,-1,1,0,0,0,0,0,1,0,21,2,8,41.70933467,-87.64304236
0,402059,-1,30,1,2,2,3,14,2,-1,0,1,-1,1,-1,-1,1,17,25,621,-1,-1,-1,-1,-1,-1,3,0,0,0,0,0,3,0,21,2,8,41.75593944,-87.64432698
1,402055,-1,30,1,2,2,3,14,5,4,0,1,-1,1,1,-1,-1,17,34,1122,-1,-1,-1,-1,-1,-1,2,1,0,0,0,1,2,0,21,2,8,41.88553641,-87.72565915
0,402025,-1,20,0,0,2,3,7,6,-1,0,1,0,0,-1,-1,1,14,16,1511,-1,-1,-1,-1,-1,-1,5,0,0,0,0,0,1,0,21,2,8,41.90117378,-87.77154613
1,402076,-1,30,1,2,2,3,10,5,2,0,1,0,1,-1,-1,-1,16,32,2511,-1,-1,-1,-1,-1,-1,3,1,0,0,0,1,3,0,21,2,8,41.93774119,-87.80659137
0,402053,-1,30,0,0,2,-1,12,6,1,0,1,-1,0,-1,-1,1,-1,-1,624,-1,-1,-1,-1,-1,-1,2,0,0,0,0,0,2,0,21,2,8,41.75306928,-87.60052446
0,402064,-1,30,3,2,2,3,7,5,2,0,1,0,0,-1,-1,-1,20,20,1821,-1,-1,-1,-1,-1,-1,2,0,0,0,0,0,2,0,21,2,8,41.90517637,-87.63467317
0,402046,-1,30,1,2,2,3,14,1,4,0,1,0,0,1,-1,-1,16,-1,813,-1,-1,-1,-1,-1,-1,2,0,0,0,0,0,3,0,20,2,8,41.79315506,-87.72330377
0,402011,-1,30,1,0,2,3,14,5,-1,0,1,0,0,-1,-1,-1,0,0,2011,-1,-1,-1,-1,-1,-1,2,0,0,0,0,0,2,0,20,2,8,41.9903471,-87.69954713
0,402018,-1,30,1,2,2,3,10,5,4,0,1,-1,0,-1,-1,-1,34,18,1411,-1,-1,-1,-1,-1,-1,2,0,0,0,0,0,2,0,20,2,8,41.93221699,-87.68803328
0,402016,-1,30,2,2,2,1,14,6,1,0,1,-1,0,1,-1,-1,0,0,2522,-1,-1,-1,-1,-1,-1,2,0,0,0,0,0,2,0,20,2,8,41.92232234,-87.74639958
2,401976,-1,30,1,2,2,0,14,5,4,0,1,0,1,1,-1,-1,33,33,431,0,-1,-1,-1,-1,-1,2,2,0,0,2,0,0,0,20,2,8,41.72245497,-87.57067381
0,403123,-1,15,0,0,2,0,0,7,-1,0,1,0,0,-1,1,-1,20,-1,2011,-1,-1,-1,-1,-1,-1,2,0,0,0,0,0,2,0,20,2,8,41.97941053,-87.68967548
0,402017,-1,30,1,2,2,0,11,5,4,0,1,0,0,1,-1,-1,6,-1,2413,-1,-1,-1,-1,-1,-1,2,0,0,0,0,0,5,0,20,2,8,41.9905819,-87.69955357
0,401998,-1,30,1,2,2,3,14,6,7,0,1,0,1,1,-1,-1,23,23,232,-1,-1,-1,-1,-1,-1,2,0,0,0,0,0,2,0,20,2,8,41.78735114,-87.62080271
0,401987,-1,30,0,0,2,3,12,5,-1,0,1,-1,0,-1,-1,-1,0,-1,2413,-1,-1,-1,-1,-1,-1,2,0,0,0,0,0,3,0,20,2,8,41.99758421,-87.692089
0,402003,-1,30,0,0,2,3,7,2,2,0,1,0,1,-1,-1,-1,0,0,222,-1,-1,-1,-1,-1,-1,2,0,0,0,0,0,2,0,20,2,8,41.80896795,-87.60373669
0,402014,-1,30,0,0,-1,-1,7,6,1,0,-1,-1,0,-1,-1,-1,20,0,1914,-1,-1,-1,-1,-1,-1,2,0,0,0,0,0,1,0,20,2,8,41.96831877,-87.65340924
0,401978,-1,30,0,0,2,3,11,5,-1,0,-1,0,0,-1,-1,1,0,-1,1113,-1,-1,-1,-1,-1,-1,2,0,0,0,0,0,2,0,20,2,8,41.88633838,-87.74292427
0,403190,-1,30,0,0,2,3,12,5,2,0,1,0,0,-1,-1,-1,0,0,1911,-1,-1,-1,-1,-1,-1,2,0,0,0,0,0,2,0,20,2,8,41.96693359,-87.68564185
0,401973,-1,30,0,0,2,3,11,5,1,0,1,0,0,-1,-1,1,15,16,523,-1,-1,-1,-1,-1,-1,2,0,0,0,0,0,4,0,20,2,8,41.66613059,-87.62723079
0,401966,-1,30,2,2,2,3,0,5,2,0,1,0,1,-1,-1,1,5,0,2512,-1,-1,-1,-1,-1,-1,2,0,0,0,0,0,2,0,20,2,8,41.92735747,-87.77699214
0,402703,-1,30,0,0,2,0,12,2,1,0,1,0,0,-1,-1,1,22,-1,1524,-1,-1,-1,-1,-1,-1,2,0,0,0,0,0,4,0,20,2,8,41.89309392,-87.75567759
0,403040,-1,30,0,0,2,0,14,2,2,0,1,0,0,-1,-1,-1,17,-1,2022,-1,-1,-1,-1,-1,-1,2,0,0,0,0,0,2,0,20,2,8,41.98547919,-87.65997884
0,401971,-1,30,1,2,2,3,12,6,-1,0,1,0,0,1,-1,-1,17,16,111,-1,-1,-1,-1,-1,-1,2,0,0,0,0,0,2,0,20,2,8,41.88460203,-87.62754293
3,401922,-1,35,1,2,2,4,3,2,2,2,1,0,1,1,-1,-1,17,17,613,-1,-1,-1,-1,-1,-1,2,3,0,3,0,0,0,0,19,2,8,41.74312405,-87.65368441
0,401957,-1,25,0,0,2,3,10,5,-1,0,1,0,0,-1,-1,-1,-1,-1,332,-1,-1,-1,-1,-1,-1,2,0,0,0,0,0,2,0,19,2,8,41.76970786,-87.57654226
0,401988,-1,30,2,2,2,0,10,2,2,0,1,0,0,-1,-1,-1,18,34,711,-1,-1,-1,-1,-1,-1,2,0,0,0,0,0,5,0,19,2,8,41.77991418,-87.64129899
0,401959,-1,30,0,0,2,1,10,2,-1,0,1,0,1,-1,-1,-1,16,-1,811,-1,-1,-1,-1,-1,-1,2,0,0,0,0,0,2,0,19,2,8,41.79192066,-87.79765499
1,401937,-1,30,1,2,2,3,11,12,5,0,1,-1,1,-1,-1,-1,10,34,1631,-1,-1,-1,-1,-1,-1,6,1,0,0,0,1,5,0,19,2,8,41.95194074,-87.83661339
0,401938,-1,30,2,2,0,3,14,5,3,0,0,0,0,-1,-1,-1,11,-1,431,-1,-1,-1,-1,-1,-1,2,0,0,0,0,0,2,0,19,2,8,41.7224727,-87.57009551
1,401925,-1,30,1,2,2,4,0,6,-1,0,1,0,1,1,-1,-1,3,-1,1834,-1,-1,-1,-1,-1,-1,2,3,0,0,0,3,0,0,19,2,8,41.89111833,-87.61438469
0,401941,-1,30,0,0,0,3,7,5,-1,0,0,0,0,-1,-1,-1,0,0,1821,-1,-1,-1,-1,-1,-1,2,0,0,0,0,0,2,0,19,2,8,41.90980182,-87.63481481
0,402860,-1,30,-1,-1,-1,-1,7,-1,-1,0,-1,-1,0,-1,-1,1,0,-1,1924,-1,-1,-1,-1,-1,-1,2,0,0,0,0,0,2,0,19,2,8,41.9469642,-87.6636616
0,401928,-1,30,2,0,0,1,10,2,-1,0,0,0,0,-1,-1,-1,0,0,2212,-1,-1,-1,-1,-1,-1,2,0,0,0,0,0,4,0,18,2,8,41.67832495,-87.68088293
2,401869,-1,30,-1,-1,2,2,14,5,4,0,-1,-1,1,1,-1,-1,0,-1,831,-1,-1,-1,-1,-1,-1,2,1,0,0,1,0,1,0,18,2,8,41.77142131,-87.70310899
1,401914,-1,30,0,0,0,4,11,5,2,0,0,0,1,-1,-1,0,21,-1,2515,-1,-1,-1,-1,-1,-1,3,2,0,0,0,2,0,0,18,2,8,41.91918836,-87.76876601
0,401926,-1,30,1,2,0,1,10,5,2,0,0,0,0,-1,-1,1,0,0,1935,-1,-1,-1,-1,-1,-1,2,0,0,0,0,0,2,0,18,2,8,41.92625161,-87.63104491
0,401842,-1,40,1,2,0,4,10,3,-1,0,0,0,0,-1,-1,1,0,0,114,-1,-1,-1,-1,-1,-1,2,0,0,0,0,0,2,0,18,2,8,41.86765544,-87.61900707
0,402548,-1,35,0,0,0,1,7,7,12,0,0,0,0,-1,1,-1,11,0,531,1,-1,-1,-1,-1,-1,2,0,0,0,0,0,3,0,18,2,8,41.68595411,-87.62097318
1,401919,-1,25,2,12,0,1,0,5,2,0,0,0,1,-1,-1,1,33,16,413,-1,-1,-1,-1,-1,-1,2,1,0,0,0,1,2,0,18,2,8,41.72958524,-87.58045866
0,401845,-1,30,0,0,0,4,2,0,-1,3,0,0,0,-1,-1,-1,0,16,2012,-1,-1,-1,-1,-1,-1,1,0,0,0,0,0,1,0,18,2,8,41.98000176,-87.66843744
0,401841,-1,30,0,0,0,1,7,5,-1,0,0,0,0,-1,-1,-1,0,0,2511,-1,-1,-1,-1,-1,-1,2,0,0,0,0,0,1,0,18,2,8,41.93630059,-87.79133762
0,401837,-1,30,0,0,2,1,7,5,2,0,1,0,0,-1,-1,1,-1,-1,1424,-1,-1,-1,-1,-1,-1,2,0,0,0,0,0,1,0,18,2,8,41.90860354,-87.68244722
0,401831,-1,30,1,2,0,1,10,5,2,0,0,0,0,-1,-1,-1,0,0,1821,-1,-1,-1,-1,-1,-1,2,0,0,0,0,0,4,0,18,2,8,41.90585252,-87.64225862
0,402052,-1,30,1,2,2,3,12,5,2,0,1,0,0,1,-1,-1,0,0,1822,-1,-1,-1,-1,-1,-1,2,0,0,0,0,0,2,0,18,2,8,41.91066083,-87.65411567
0,401874,-1,30,0,0,0,4,10,5,2,0,-1,-1,0,-1,-1,-1,0,0,1624,-1,-1,-1,-1,-1,-1,2,0,0,0,0,0,3,0,18,2,8,41.95687429,-87.76727186
0,406723,-1,35,1,2,0,1,10,2,2,0,0,0,0,1,-1,-1,18,11,412,-1,-1,-1,-1,-1,-1,2,0,0,0,0,0,2,0,18,2,8,41.74255047,-87.5759608
0,401828,-1,30,-1,-1,-1,-1,7,-1,-1,0,-1,-1,0,-1,-1,1,0,-1,1624,-1,-1,-1,-1,-1,-1,2,0,0,0,0,0,2,0,18,2,8,41.96046847,-87.76462959
0,401824,-1,30,1,2,0,2,14,5,2,0,0,0,1,1,-1,-1,17,-1,833,-1,-1,-1,-1,-1,-1,2,0,0,0,0,0,2,0,18,2,8,41.77129436,-87.73835959
0,402043,-1,10,0,0,0,1,7,7,-1,0,1,0,0,-1,1,1,0,-1,1613,-1,-1,-1,-1,-1,-1,2,0,0,0,0,0,1,0,18,2,8,41.97458822,-87.80958569
0,401873,-1,30,0,0,0,1,7,5,-1,0,0,0,0,-1,-1,-1,0,0,911,-1,-1,-1,-1,-1,-1,4,0,0,0,0,0,1,0,18,2,8,41.83073813,-87.68490119
0,401800,-1,30,1,2,0,4,10,3,-1,0,1,0,0,-1,-1,1,0,0,1432,-1,-1,-1,-1,-1,-1,2,0,0,0,0,0,3,0,18,2,8,41.92862183,-87.68762638
0,401793,-1,30,0,0,0,1,0,6,1,0,1,0,0,-1,-1,-1,0,-1,1414,-1,-1,-1,-1,-1,-1,2,0,0,0,0,0,2,0,17,2,8,41.92515902,-87.69972767
2,401877,-1,25,2,-1,1,4,8,6,1,0,-1,0,1,1,-1,1,0,0,1011,-1,-1,1,-1,-1,-1,2,1,0,0,1,0,1,0,17,2,8,41.86257383,-87.72735666