MOST_SEVERE_INJURY,RD_NO,CRASH_DATE_EST_I,POSTED_SPEED_LIMIT,TRAFFIC_CONTROL_DEVICE,DEVICE_CONDITION,WEATHER_CONDITION,LIGHTING_CONDITION,FIRST_CRASH_TYPE,TRAFFICWAY_TYPE,LANE_CNT,ALIGNMENT,ROADWAY_SURFACE_COND,ROAD_DEFECT,CRASH_TYPE,INTERSECTION_RELATED_I,NOT_RIGHT_OF_WAY_I,HIT_AND_RUN_I,PRIM_CONTRIBUTORY_CAUSE,SEC_CONTRIBUTORY_CAUSE,BEAT_OF_OCCURRENCE,PHOTOS_TAKEN_I,STATEMENTS_TAKEN_I,DOORING_I,WORK_ZONE_I,WORK_ZONE_TYPE,WORKERS_PRESENT_I,NUM_UNITS,INJURIES_TOTAL,INJURIES_FATAL,INJURIES_INCAPACITATING,INJURIES_NON_INCAPACITATING,INJURIES_REPORTED_NOT_EVIDENT,INJURIES_NO_INDICATION,INJURIES_UNKNOWN,CRASH_HOUR,CRASH_DAY_OF_WEEK,CRASH_MONTH,LATITUDE,LONGITUDE
0,401810,-1,25,2,0,0,4,2,5,-1,0,0,0,0,-1,1,-1,27,16,2222,-1,-1,-1,-1,-1,-1,1,0,0,0,0,0,1,0,17,2,8,41.73405584,-87.65101112
0,401746,-1,15,0,0,0,1,14,12,-1,0,1,-1,0,-1,-1,1,-1,-1,1121,-1,-1,-1,-1,-1,-1,2,0,0,0,0,0,3,0,17,2,8,41.89561531,-87.70670533
0,401741,-1,30,0,0,1,4,14,5,-1,0,0,0,1,1,-1,-1,17,-1,2031,-1,-1,-1,-1,-1,-1,2,0,0,0,0,0,3,0,17,2,8,41.96986372,-87.6890931
0,401726,-1,30,1,2,0,1,10,3,1,0,1,0,0,-1,-1,-1,0,0,132,-1,-1,-1,-1,-1,-1,2,0,0,0,0,0,2,0,17,2,8,41.85297603,-87.62377487
0,401833,-1,30,1,2,0,1,10,5,2,0,0,0,0,-1,-1,-1,0,0,312,-1,-1,-1,-1,-1,-1,3,0,0,0,0,0,3,0,17,2,8,41.78000828,-87.62552251
0,401795,-1,30,0,0,2,1,12,5,-1,0,1,-1,0,-1,-1,1,22,0,1712,-1,-1,-1,-1,-1,-1,2,0,0,0,0,0,2,0,17,2,8,41.96820513,-87.74152977
0,401770,-1,30,-1,-1,-1,-1,12,-1,-1,0,-1,-1,0,-1,-1,-1,0,-1,1631,-1,-1,-1,-1,-1,-1,2,0,0,0,0,0,2,0,17,2,8,41.94503668,-87.81304718
1,401745,-1,30,0,0,0,1,7,2,2,0,0,0,1,-1,-1,-1,0,0,1024,-1,-1,-1,-1,-1,-1,2,1,0,0,0,1,2,0,17,2,8,41.84615213,-87.70989719
0,401813,-1,30,1,2,0,1,14,2,2,0,-1,-1,0,1,-1,-1,18,0,1034,-1,-1,-1,-1,-1,-1,2,0,0,0,0,0,2,0,17,2,8,41.83909096,-87.68507635
0,401729,-1,30,1,2,2,1,14,6,3,0,1,0,0,1,-1,-1,18,-1,1834,-1,-1,-1,-1,-1,-1,2,0,0,0,0,0,2,0,17,2,8,41.89105524,-87.62789763
0,401715,-1,30,0,0,1,1,7,5,1,0,1,-1,0,-1,-1,-1,0,0,1712,-1,-1,-1,-1,-1,-1,2,0,0,0,0,0,1,0,17,2,8,41.97318896,-87.74322286
0,401699,-1,40,0,0,2,1,12,3,8,3,1,0,1,-1,-1,-1,34,-1,1824,-1,-1,-1,-1,-1,-1,2,0,0,0,0,0,2,0,17,2,8,41.90100286,-87.61977981
0,401934,-1,30,1,2,0,4,10,5,-1,0,0,0,0,-1,-1,-1,18,16,2533,-1,-1,-1,-1,-1,-1,2,0,0,0,0,0,2,0,17,2,8,41.90961022,-87.73860498
0,401803,-1,30,0,0,1,1,12,3,-1,0,-1,-1,0,-1,-1,-1,21,-1,1215,-1,-1,-1,-1,-1,-1,2,0,0,0,0,0,4,0,17,2,8,41.88648647,-87.66715829
0,401796,-1,25,0,0,1,1,7,6,2,0,0,0,0,-1,-1,1,-1,-1,2524,-1,-1,-1,-1,-1,-1,2,0,0,0,0,0,1,0,17,2,8,41.93018865,-87.71874765
0,401708,-1,30,0,0,0,1,7,5,-1,0,0,0,1,-1,1,-1,0,0,1812,-1,-1,-1,-1,-1,-1,3,0,0,0,0,0,1,0,17,2,8,41.92180481,-87.642048
0,402231,-1,30,1,2,2,1,0,6,3,0,1,0,0,1,-1,1,17,17,121,-1,-1,-1,-1,-1,-1,2,0,0,0,0,0,3,0,16,2,8,41.88050198,-87.64129875
0,401714,0,15,2,2,0,1,14,5,2,0,1,0,0,1,-1,-1,0,0,1012,-1,-1,-1,-1,-1,-1,2,0,0,0,0,0,2,0,16,2,8,41.85141506,-87.73706391
0,401713,-1,40,0,0,2,1,12,3,4,3,1,0,0,-1,-1,-1,-1,34,114,-1,-1,-1,-1,-1,-1,2,0,0,0,0,0,4,0,16,2,8,41.88505246,-87.61421574
0,402077,-1,30,0,0,1,1,10,5,-1,0,-1,0,0,-1,-1,-1,16,0,2525,-1,-1,-1,-1,-1,-1,2,0,0,0,0,0,2,0,16,2,8,41.92251832,-87.72716728
1,401953,-1,30,2,2,1,1,0,2,2,0,1,0,1,1,-1,-1,34,0,2223,-1,-1,-1,-1,-1,-1,2,1,0,0,0,1,1,0,16,2,8,41.73422263,-87.64371259
0,401669,-1,30,1,2,2,0,10,5,4,0,1,0,1,-1,-1,-1,34,-1,2432,-1,-1,-1,-1,-1,-1,2,0,0,0,0,0,2,0,16,2,8,42.00448655,-87.66099378
0,405465,-1,15,0,0,2,1,12,6,-1,0,0,2,0,-1,-1,-1,0,-1,1713,-1,-1,-1,-1,-1,-1,2,0,0,0,0,0,2,0,16,2,8,41.96651919,-87.70847735
0,401789,-1,5,0,0,0,1,7,7,0,0,0,0,0,-1,1,1,0,-1,815,-1,-1,-1,-1,-1,-1,2,0,0,0,0,0,1,0,16,2,8,41.80788576,-87.73114095
0,401609,-1,30,0,0,1,1,0,5,2,0,0,0,0,-1,-1,-1,17,-1,1224,-1,-1,-1,-1,-1,-1,2,0,0,0,0,0,2,0,16,2,8,41.87949433,-87.66910096
0,401637,-1,30,1,2,1,1,14,5,4,0,-1,-1,0,1,-1,-1,33,-1,911,-1,-1,-1,-1,-1,-1,2,0,0,0,0,0,3,0,16,2,8,41.82604002,-87.6849674
0,401654,-1,30,2,2,2,1,0,5,0,0,1,0,0,1,-1,1,17,0,624,-1,-1,-1,-1,-1,-1,2,0,0,0,0,0,6,0,16,2,8,41.75682634,-87.60773662
0,401644,-1,35,0,0,2,1,2,3,8,0,1,0,1,-1,-1,-1,12,12,234,-1,-1,-1,-1,-1,-1,1,0,0,0,0,0,1,0,16,2,8,41.7995694,-87.58154906
0,401685,-1,30,1,2,0,1,10,5,2,0,0,0,0,-1,0,-1,18,0,832,-1,-1,-1,-1,-1,-1,2,0,0,0,0,0,2,0,16,2,8,41.76460891,-87.68338705
0,401653,-1,30,0,0,0,1,14,5,2,0,-1,0,0,-1,-1,-1,0,0,2534,-1,-1,-1,-1,-1,-1,2,0,0,0,0,0,3,0,16,2,8,41.90277967,-87.72636903
0,401642,-1,30,0,0,0,1,14,6,-1,0,0,0,0,-1,-1,-1,18,-1,2515,-1,-1,-1,-1,-1,-1,2,0,0,0,0,0,2,0,16,2,8,41.92589742,-87.76721285
0,401631,-1,30,0,0,1,1,10,5,4,0,0,0,0,1,0,-1,18,11,911,-1,-1,-1,-1,-1,-1,2,0,0,0,0,0,2,0,16,2,8,41.82581137,-87.68534421
3,401620,-1,35,0,2,2,1,12,5,-1,0,1,0,1,-1,-1,-1,22,34,114,-1,-1,-1,-1,-1,-1,2,1,0,1,0,0,3,0,16,2,8,41.87954037,-87.62060083
0,401599,-1,30,1,2,2,1,10,5,-1,0,1,0,1,1,-1,-1,7,20,1731,-1,-1,-1,-1,-1,-1,2,0,0,0,0,0,2,0,16,2,8,41.94630153,-87.7359165
0,404644,-1,30,0,0,0,1,0,6,-1,0,0,0,0,-1,-1,-1,17,16,2512,-1,-1,-1,-1,-1,-1,2,0,0,0,0,0,2,0,15,2,8,41.92551053,-87.79728519
0,401638,-1,30,0,0,2,1,14,2,2,0,1,0,1,1,-1,-1,16,-1,1022,-1,-1,-1,-1,-1,-1,2,0,0,0,0,0,2,0,15,2,8,41.86251501,-87.69593815
3,401634,-1,30,1,2,1,1,10,5,2,0,0,0,1,-1,-1,1,0,-1,822,-1,-1,-1,-1,-1,-1,2,1,0,1,0,0,1,0,15,2,8,41.78601939,-87.71091353
0,401622,-1,30,0,0,0,1,7,6,4,0,1,0,0,-1,-1,-1,0,0,122,-1,-1,-1,-1,-1,-1,2,0,0,0,0,0,4,0,15,2,8,41.88196747,-87.63516544
0,401587,-1,30,0,0,2,1,10,5,2,0,1,0,0,-1,-1,-1,16,16,414,-1,-1,-1,-1,-1,-1,2,0,0,0,0,0,2,0,15,2,8,41.75170045,-87.57726878
0,401665,-1,30,1,2,0,1,10,5,-1,0,0,0,0,-1,-1,-1,18,0,1012,-1,-1,-1,-1,-1,-1,2,0,0,0,0,0,2,0,15,2,8,41.85684148,-87.73482282
0,401633,-1,30,0,0,0,1,0,0,-1,0,0,0,0,-1,-1,-1,-1,-1,922,-1,-1,-1,-1,-1,-1,2,0,0,0,0,0,3,0,15,2,8,41.80825413,-87.701686
0,401601,-1,20,0,0,1,1,12,5,4,0,0,0,0,-1,0,-1,21,11,835,-1,-1,-1,-1,-1,-1,2,0,0,0,0,0,2,0,15,2,8,41.74978921,-87.7033006
0,401823,-1,25,0,0,0,1,10,5,2,0,0,0,0,-1,0,-1,18,0,821,-1,-1,-1,-1,-1,-1,2,0,0,0,0,0,2,0,15,2,8,41.80077687,-87.71519289
0,401579,-1,30,0,0,-1,1,7,5,2,0,0,0,0,-1,-1,1,0,-1,1224,-1,-1,-1,-1,-1,-1,2,0,0,0,0,0,1,0,15,2,8,41.88035691,-87.66208242
0,404450,-1,30,0,0,0,1,11,5,-1,0,0,0,0,-1,-1,-1,17,-1,1412,-1,-1,-1,-1,-1,-1,2,0,0,0,0,0,2,0,15,2,8,41.93462793,-87.7162015
0,401594,-1,30,0,0,0,1,14,2,-1,0,0,0,0,-1,-1,-1,-1,-1,815,-1,-1,-1,-1,-1,-1,2,0,0,0,0,0,2,0,15,2,8,41.81510102,-87.72400523
0,401566,-1,35,1,2,2,1,10,5,2,0,1,0,0,-1,-1,-1,0,0,1033,-1,-1,-1,-1,-1,-1,3,0,0,0,0,0,5,0,15,2,8,41.83727705,-87.69517225
0,401530,-1,30,0,0,2,1,10,2,-1,0,1,0,0,-1,-1,-1,0,0,2212,-1,-1,-1,-1,-1,-1,2,0,0,0,0,0,3,0,15,2,8,41.70644006,-87.6714738
0,401617,-1,30,-1,-1,0,1,0,2,-1,0,0,0,1,1,-1,-1,0,0,1233,-1,-1,-1,-1,-1,-1,2,0,0,0,0,0,2,0,15,2,8,41.86149953,-87.66609668
0,401611,-1,30,0,0,0,1,0,2,-1,0,1,0,0,-1,-1,-1,20,0,1023,-1,-1,-1,-1,-1,-1,2,0,0,0,0,0,2,0,15,2,8,41.85276937,-87.69532831
0,407353,-1,25,0,0,0,1,4,2,2,0,0,1,0,-1,-1,-1,29,-1,1014,-1,-1,-1,-1,-1,-1,1,0,0,0,0,0,1,0,15,2,8,41.85397471,-87.71598678
2,402855,-1,15,0,0,0,1,0,7,2,0,1,0,1,-1,-1,-1,0,0,531,-1,-1,-1,-1,-1,-1,2,1,0,0,1,0,2,0,15,2,8,41.69201856,-87.62118859
0,401689,-1,30,0,0,0,1,10,5,-1,0,0,0,0,-1,-1,-1,0,-1,733,-1,-1,-1,-1,-1,-1,2,0,0,0,0,0,2,0,15,2,8,41.76147104,-87.64446617
0,401613,-1,30,0,0,2,1,14,2,4,0,1,0,0,-1,-1,-1,23,0,2422,-1,-1,-1,-1,-1,-1,2,0,0,0,0,0,2,0,15,2,8,42.0182824,-87.6655994
0,401513,-1,30,0,0,0,1,12,6,-1,0,0,0,0,-1,-1,-1,17,0,1132,-1,-1,-1,-1,-1,-1,2,0,0,0,0,0,4,0,15,2,8,41.87609385,-87.72349851
0,401501,-1,25,0,0,2,-1,7,5,2,0,1,0,1,0,-1,-1,34,0,2413,-1,-1,-1,-1,-1,-1,2,0,0,0,0,0,2,0,15,2,8,41.99399558,-87.7090973
0,401549,-1,30,0,0,2,1,7,2,2,0,1,0,1,-1,-1,1,0,-1,1113,-1,-1,-1,-1,-1,-1,3,0,0,0,0,0,1,0,14,2,8,41.88171345,-87.7446022
0,401511,-1,30,1,0,1,1,10,5,-1,0,1,0,0,-1,-1,1,0,-1,1121,-1,-1,-1,-1,-1,-1,2,0,0,0,0,0,2,0,14,2,8,41.89038445,-87.70654679
0,401777,-1,25,2,2,2,1,3,5,2,0,1,-1,1,1,-1,1,11,0,813,-1,-1,-1,-1,-1,-1,2,0,0,0,0,0,2,0,14,2,8,41.78420775,-87.72419748
0,401515,-1,30,1,2,1,1,10,5,4,0,1,0,0,1,-1,-1,18,11,823,-1,-1,-1,-1,-1,-1,2,0,0,0,0,0,2,0,14,2,8,41.7786395,-87.72261309
0,401506,-1,15,0,0,2,1,7,7,-1,0,1,12,0,-1,-1,-1,33,21,912,-1,-1,-1,-1,-1,-1,2,0,0,0,0,0,1,0,14,2,8,41.823311,-87.6607879
0,401575,-1,30,0,0,1,1,7,6,1,0,1,0,0,-1,-1,1,0,0,735,-1,-1,-1,-1,-1,-1,2,0,0,0,0,0,1,0,14,2,8,41.76380544,-87.67457345
0,401489,-1,30,1,2,0,1,0,2,4,0,1,0,0,-1,-1,1,6,16,1433,-1,-1,-1,-1,-1,-1,2,0,0,0,0,0,2,0,14,2,8,41.91076195,-87.666121
1,401471,-1,30,1,2,1,1,7,5,-1,0,1,0,1,-1,-1,-1,0,-1,2012,-1,-1,-1,-1,-1,-1,2,1,0,0,0,1,0,0,14,2,8,41.97766501,-87.68907253
1,401456,-1,30,1,-1,2,1,10,5,-1,0,1,-1,1,1,-1,-1,34,-1,915,-1,-1,-1,-1,-1,-1,2,1,0,0,0,1,1,0,14,2,8,41.827078,-87.64587394
2,401505,-1,25,2,2,2,1,2,3,8,5,1,0,1,-1,-1,-1,14,11,1833,-1,-1,-1,-1,-1,-1,1,2,0,0,2,0,2,0,14,2,8,41.90094767,-87.61933518
0,403855,-1,30,1,2,0,1,14,3,6,0,0,0,1,1,-1,-1,0,-1,412,-1,-1,-1,-1,-1,-1,2,0,0,0,0,0,4,0,14,2,8,41.74409197,-87.58558412
0,402678,-1,30,-1,-1,-1,-1,10,-1,-1,0,-1,-1,0,-1,-1,-1,0,-1,1624,-1,-1,-1,-1,-1,-1,2,0,0,0,0,0,4,0,14,2,8,41.95878622,-87.74759425
0,401898,-1,30,0,0,0,1,7,5,-1,0,0,0,0,-1,-1,1,-1,-1,2515,-1,-1,-1,-1,-1,-1,2,0,0,0,0,0,1,0,14,2,8,41.92589288,-87.76620483
0,401783,-1,30,0,0,2,1,12,6,-1,0,1,0,0,-1,-1,0,27,27,1131,-1,-1,-1,-1,-1,-1,2,0,0,0,0,0,2,0,14,2,8,41.8743399,-87.73536536
0,401592,-1,30,0,0,0,1,12,5,-1,0,0,-1,0,-1,-1,-1,0,-1,711,-1,-1,-1,-1,-1,-1,2,0,0,0,0,0,2,0,14,2,8,41.79005444,-87.63302476
0,405223,-1,30,0,0,1,1,12,6,2,0,1,0,0,-1,-1,-1,17,17,1834,-1,-1,-1,-1,-1,-1,2,0,0,0,0,0,2,0,14,2,8,41.89113317,-87.61916021
0,402876,-1,30,0,0,0,1,7,-1,-1,0,0,0,0,-1,-1,-1,11,-1,1623,-1,-1,-1,-1,-1,-1,2,0,0,0,0,0,1,0,14,2,8,41.9615497,-87.76361991
0,402785,-1,30,1,2,0,1,12,5,2,0,0,0,1,-1,-1,1,17,22,1623,-1,-1,-1,-1,-1,-1,2,0,0,0,0,0,2,0,14,2,8,41.97615241,-87.76832318
0,401567,1,30,1,2,2,1,10,5,-1,0,1,0,0,-1,-1,1,18,-1,2013,-1,-1,-1,-1,-1,-1,2,0,0,0,0,0,2,0,14,2,8,41.98949132,-87.66987103
0,401514,-1,30,0,0,0,1,0,5,4,0,-1,-1,0,-1,-1,-1,0,0,1711,-1,-1,-1,-1,-1,-1,2,0,0,0,0,0,2,0,14,2,8,41.99722876,-87.71235563
0,401805,-1,30,0,0,0,1,12,5,-1,0,0,0,0,-1,-1,1,0,0,2413,-1,-1,-1,-1,-1,-1,2,0,0,0,0,0,2,0,14,2,8,41.99732984,-87.70645886
0,401452,-1,30,1,2,0,1,14,2,4,0,1,0,0,-1,-1,-1,17,-1,724,-1,-1,-1,-1,-1,-1,2,0,0,0,0,0,2,0,14,2,8,41.77940702,-87.6543511
0,401445,-1,30,1,2,2,1,14,5,-1,0,1,0,0,1,-1,-1,23,-1,2013,-1,-1,-1,-1,-1,-1,2,0,0,0,0,0,2,0,14,2,8,41.98893587,-87.66850696
0,401427,-1,35,1,2,0,1,14,1,4,0,0,0,1,1,-1,1,23,17,1522,-1,-1,-1,-1,-1,-1,3,0,0,0,0,0,6,0,14,2,8,41.86563905,-87.76416458
0,401703,-1,30,2,2,2,1,0,2,2,0,1,0,0,1,-1,-1,5,0,1214,-1,-1,-1,-1,-1,-1,2,0,0,0,0,0,4,0,14,2,8,41.89028378,-87.64745839
0,401476,-1,30,0,0,0,1,12,3,-1,0,1,0,0,-1,-1,-1,21,-1,815,-1,-1,-1,-1,-1,-1,2,0,0,0,0,0,2,0,14,2,8,41.81300749,-87.74315653
0,401438,-1,30,2,0,2,1,14,5,-1,0,1,0,0,-1,-1,-1,0,0,1822,-1,-1,-1,-1,-1,-1,2,0,0,0,0,0,3,0,14,2,8,-1,-1
0,401419,-1,30,1,2,2,1,10,5,-1,0,1,0,0,-1,-1,-1,0,34,132,-1,-1,-1,-1,-1,-1,2,0,0,0,0,0,2,0,14,2,8,41.85781677,-87.62378501
0,401411,-1,30,0,0,0,1,7,7,-1,0,0,0,0,-1,-1,-1,20,0,1013,-1,-1,-1,-1,-1,-1,2,0,0,0,0,0,1,0,14,2,8,41.84804007,-87.72348564
0,401418,-1,30,1,2,2,1,12,2,4,0,1,0,0,-1,-1,-1,22,21,1732,-1,-1,-1,-1,-1,-1,2,0,0,0,0,0,2,0,13,2,8,41.95251736,-87.72743435
1,401430,-1,30,2,2,2,1,10,2,2,0,1,0,1,1,-1,-1,16,0,611,-1,-1,-1,-1,-1,-1,2,2,0,0,0,2,2,0,13,2,8,41.75023202,-87.66600826
0,401292,-1,30,1,2,2,1,0,1,2,0,1,0,1,1,-1,-1,12,34,922,-1,-1,-1,-1,-1,-1,2,0,0,0,0,0,2,0,13,2,8,41.80821705,-87.69435004
0,402540,-1,30,0,0,0,1,12,5,2,0,1,0,0,-1,-1,-1,0,0,1431,-1,-1,-1,-1,-1,-1,2,0,0,0,0,0,2,0,13,2,8,41.92499701,-87.68905401
0,401526,-1,30,0,0,0,1,10,5,-1,0,0,0,0,-1,-1,-1,-1,-1,1032,-1,-1,-1,-1,-1,-1,2,0,0,0,0,0,4,0,13,2,8,41.84072312,-87.70873559
1,401405,-1,30,2,2,1,1,10,6,1,0,1,0,1,-1,-1,1,0,0,1011,-1,-1,-1,-1,-1,-1,2,3,0,0,0,3,2,0,13,2,8,41.86082957,-87.72264204
0,401376,-1,30,-1,-1,-1,-1,10,-1,-1,0,-1,-1,0,-1,-1,-1,0,-1,1712,-1,-1,-1,-1,-1,-1,2,0,0,0,0,0,4,0,13,2,8,41.98171905,-87.74803961
0,401360,-1,30,1,2,2,1,10,6,3,0,1,0,0,-1,-1,-1,18,-1,1232,-1,-1,-1,-1,-1,-1,2,0,0,0,0,0,2,0,13,2,8,41.86713421,-87.64423752
0,401374,-1,15,0,0,2,1,2,5,-1,0,1,0,0,-1,1,-1,0,-1,2234,-1,-1,-1,-1,-1,-1,1,0,0,0,0,0,2,0,13,2,8,41.68826992,-87.66490642
0,402463,-1,30,0,0,0,1,7,6,1,0,0,0,0,-1,-1,-1,0,0,2412,-1,-1,-1,-1,-1,-1,2,0,0,0,0,0,2,0,13,2,8,41.99783102,-87.6958472
0,401380,-1,30,0,2,2,-1,12,2,2,0,1,0,0,-1,-1,-1,15,17,1421,1,1,-1,-1,-1,-1,2,0,0,0,0,0,2,0,13,2,8,41.91033519,-87.69623541
0,401370,-1,30,0,0,2,1,14,5,-1,0,1,-1,0,-1,-1,1,8,18,632,-1,-1,-1,-1,-1,-1,2,0,0,0,0,0,2,0,13,2,8,41.73620947,-87.62430552
0,401347,-1,30,1,2,2,1,14,5,2,0,1,0,0,1,-1,-1,34,0,833,-1,-1,-1,-1,-1,-1,2,0,0,0,0,0,3,0,13,2,8,41.77148278,-87.72263984
0,401825,-1,25,0,0,2,1,10,5,-1,3,1,0,0,1,-1,1,0,-1,321,-1,-1,-1,-1,-1,-1,2,0,0,0,0,0,2,0,13,2,8,41.76945117,-87.60583022
0,401640,-1,30,1,2,0,1,0,5,-1,0,0,0,0,-1,-1,1,0,0,1831,-1,-1,-1,-1,-1,-1,2,0,0,0,0,0,2,0,13,2,8,41.89227973,-87.634012
0,401349,-1,30,1,2,2,1,14,6,4,0,1,0,0,1,-1,-1,17,6,1831,-1,-1,-1,-1,-1,-1,2,0,0,0,0,0,3,0,13,2,8,41.89325077,-87.63755569
0,401341,-1,30,0,0,-1,1,12,5,4,0,-1,-1,0,-1,-1,-1,0,0,2012,-1,-1,-1,-1,-1,-1,2,0,0,0,0,0,2,0,13,2,8,41.97845588,-87.68910272
2,401326,-1,30,1,2,2,1,9,5,4,0,1,0,1,1,-1,1,0,0,2512,-1,-1,-1,-1,-1,-1,2,1,0,0,1,0,1,0,13,2,8,41.92067663,-87.77563027
0,405731,1,30,0,0,-1,-1,7,12,0,0,0,0,0,-1,-1,-1,0,-1,1223,-1,-1,-1,-1,-1,-1,2,0,0,0,0,0,1,0,13,2,8,41.88137434,-87.68004446
0,403783,-1,30,0,0,0,1,7,6,1,2,0,0,0,-1,-1,1,0,0,1511,-1,-1,-1,-1,-1,-1,2,0,0,0,0,0,1,0,13,2,8,41.89438502,-87.77027347
0,402489,-1,30,1,2,2,1,10,5,4,0,1,0,0,-1,-1,-1,18,16,1621,-1,-1,-1,-1,-1,-1,2,0,0,0,0,0,2,0,13,2,8,41.99660915,-87.76549467
0,401717,-1,30,0,0,0,1,14,5,-1,0,1,0,0,-1,-1,1,0,0,914,-1,-1,-1,-1,-1,-1,2,0,0,0,0,0,3,0,13,2,8,41.84802686,-87.64010281
0,401443,-1,30,0,0,0,1,10,2,-1,0,1,0,0,-1,-1,-1,34,16,2012,-1,-1,-1,-1,-1,-1,2,0,0,0,0,0,2,0,13,2,8,41.97621644,-87.6697616
0,401397,1,30,2,2,2,1,14,5,-1,0,1,-1,1,1,-1,-1,17,33,431,-1,-1,-1,-1,-1,-1,2,0,0,0,0,0,4,0,13,2,8,41.72232541,-87.57914614
0,401381,-1,30,2,2,2,1,14,5,2,0,1,0,0,1,-1,-1,17,23,1422,-1,-1,-1,-1,-1,-1,2,0,0,0,0,0,2,0,13,2,8,41.9155869,-87.71200925
0,401329,1,30,0,0,2,1,10,5,-1,0,1,0,0,-1,-1,-1,17,-1,2433,-1,-1,-1,-1,-1,-1,2,0,0,0,0,0,2,0,13,2,8,41.99805033,-87.66298529
0,401317,-1,30,1,2,2,1,0,5,4,0,1,0,1,1,-1,-1,17,11,434,-1,-1,-1,-1,-1,-1,2,0,0,0,0,0,3,0,13,2,8,41.70287718,-87.55521484
0,401352,-1,25,2,0,0,1,10,6,1,0,0,0,0,1,-1,-1,18,0,2413,-1,-1,-1,-1,-1,-1,2,0,0,0,0,0,3,0,12,2,8,41.99578253,-87.69110899
0,401362,-1,30,0,0,0,1,12,5,-1,3,1,0,0,-1,-1,-1,22,16,2513,-1,-1,-1,-1,-1,-1,2,0,0,0,0,0,3,0,12,2,8,41.90911457,-87.7949482
0,401289,-1,40,0,0,2,1,10,3,8,0,1,0,1,-1,-1,-1,18,34,1834,-1,-1,-1,-1,-1,-1,3,0,0,0,0,0,4,0,12,2,8,41.8926834,-87.6141233
0,401290,-1,30,2,2,2,1,0,5,2,0,1,0,0,-1,-1,-1,0,0,1711,-1,-1,-1,-1,-1,-1,2,0,0,0,0,0,2,0,12,2,8,41.98694374,-87.74474379
2,401291,-1,30,0,0,2,1,14,3,-1,0,1,0,1,1,-1,-1,17,-1,1823,-1,-1,-1,-1,-1,-1,2,1,0,0,1,0,2,0,12,2,8,41.89662597,-87.63982908
0,401404,-1,30,0,0,2,1,10,5,-1,0,1,0,0,-1,-1,-1,0,-1,624,-1,-1,-1,-1,-1,-1,2,0,0,0,0,0,2,0,12,2,8,41.75657496,-87.61035747
0,401287,-1,30,2,2,2,1,10,5,2,0,1,0,0,-1,-1,-1,34,34,711,-1,-1,-1,-1,-1,-1,2,0,0,0,0,0,2,0,12,2,8,41.78732649,-87.63286234
0,401882,-1,25,0,0,0,1,14,5,-1,0,0,0,0,-1,-1,-1,0,-1,211,-1,-1,-1,-1,-1,-1,2,0,0,0,0,0,2,0,12,2,8,41.83267595,-87.62194409
0,401322,-1,30,0,0,2,1,10,5,-1,0,1,0,1,-1,-1,1,0,0,1132,-1,1,-1,-1,-1,-1,3,0,0,0,0,0,2,0,12,2,8,41.86696617,-87.72535487
0,401313,-1,30,0,0,2,1,10,5,2,0,1,-1,0,-1,-1,-1,34,-1,1632,-1,-1,-1,-1,-1,-1,2,0,0,0,0,0,3,0,12,2,8,41.94739919,-87.80693252
2,401305,-1,30,0,0,2,1,14,5,4,0,1,-1,1,-1,-1,-1,0,-1,1711,-1,-1,-1,-1,-1,-1,2,1,0,0,1,0,1,0,12,2,8,41.99717989,-87.71667669
0,401386,-1,25,0,0,2,1,7,5,-1,0,1,0,1,-1,-1,-1,0,0,2232,-1,-1,-1,-1,-1,-1,2,0,0,0,0,0,1,0,12,2,8,41.70882193,-87.64516842
0,401310,-1,20,2,2,2,1,10,6,1,0,1,0,0,-1,-1,-1,18,16,914,-1,-1,-1,-1,-1,-1,1,0,0,0,0,0,1,0,12,2,8,41.84853189,-87.63989103
2,401276,-1,30,0,0,2,1,12,5,2,0,1,0,1,-1,-1,-1,17,11,1722,-1,-1,-1,-1,-1,-1,3,1,0,0,1,0,1,0,12,2,8,41.95607456,-87.72783257
0,401339,-1,30,0,0,2,1,10,3,-1,0,1,0,0,-1,-1,-1,18,-1,833,-1,1,-1,-1,-1,-1,2,0,0,0,0,0,2,0,12,2,8,41.76785434,-87.74183122
0,401323,-1,30,1,-1,2,1,14,5,-1,0,1,-1,0,1,-1,-1,18,-1,912,-1,-1,-1,-1,-1,-1,2,0,0,0,0,0,2,0,12,2,8,41.83714966,-87.6755881
2,401250,-1,25,0,0,2,1,9,5,-1,0,1,0,1,-1,-1,-1,33,-1,831,-1,1,-1,-1,-1,-1,2,1,0,0,1,0,1,0,12,2,8,41.76289339,-87.7053653
0,401280,-1,30,0,0,2,1,12,2,4,0,1,0,0,-1,-1,-1,22,-1,431,-1,-1,-1,-1,-1,-1,2,0,0,0,0,0,4,0,12,2,8,41.72232541,-87.57914614
0,401485,-1,35,1,2,2,1,14,6,4,0,1,0,0,-1,-1,1,23,-1,121,-1,-1,-1,-1,-1,-1,2,0,0,0,0,0,2,0,12,2,8,41.87896179,-87.63973261
0,401431,-1,30,1,2,2,1,12,5,-1,0,1,0,0,-1,-1,1,0,-1,1131,-1,-1,-1,-1,-1,-1,2,0,0,0,0,0,2,0,12,2,8,41.87082601,-87.74476764
0,401252,-1,30,0,0,2,1,7,5,-1,0,1,0,0,-1,-1,-1,0,0,1013,-1,-1,-1,-1,-1,-1,2,0,0,0,0,0,1,0,12,2,8,41.84896965,-87.73040473