MOST_SEVERE_INJURY,RD_NO,CRASH_DATE_EST_I,POSTED_SPEED_LIMIT,TRAFFIC_CONTROL_DEVICE,DEVICE_CONDITION,WEATHER_CONDITION,LIGHTING_CONDITION,FIRST_CRASH_TYPE,TRAFFICWAY_TYPE,LANE_CNT,ALIGNMENT,ROADWAY_SURFACE_COND,ROAD_DEFECT,CRASH_TYPE,INTERSECTION_RELATED_I,NOT_RIGHT_OF_WAY_I,HIT_AND_RUN_I,PRIM_CONTRIBUTORY_CAUSE,SEC_CONTRIBUTORY_CAUSE,BEAT_OF_OCCURRENCE,PHOTOS_TAKEN_I,STATEMENTS_TAKEN_I,DOORING_I,WORK_ZONE_I,WORK_ZONE_TYPE,WORKERS_PRESENT_I,NUM_UNITS,INJURIES_TOTAL,INJURIES_FATAL,INJURIES_INCAPACITATING,INJURIES_NON_INCAPACITATING,INJURIES_REPORTED_NOT_EVIDENT,INJURIES_NO_INDICATION,INJURIES_UNKNOWN,CRASH_HOUR,CRASH_DAY_OF_WEEK,CRASH_MONTH,LATITUDE,LONGITUDE
2,401254,-1,30,1,2,2,1,14,2,4,0,1,0,1,1,-1,-1,34,-1,614,-1,-1,-1,-1,-1,-1,2,1,0,0,1,0,3,0,12,2,8,41.73576426,-87.6727982
0,401256,-1,30,0,0,2,1,14,5,-1,0,1,0,1,-1,-1,-1,17,-1,2211,-1,-1,-1,-1,-1,-1,2,0,0,0,0,0,2,0,12,2,8,41.70301069,-87.70138128
0,401393,-1,30,1,2,0,1,0,5,-1,0,0,0,0,1,-1,-1,0,0,1433,-1,-1,-1,-1,-1,-1,2,0,0,0,0,0,2,0,12,2,8,41.903549,-87.66128663
0,401266,-1,30,1,2,0,1,10,5,0,0,0,0,0,1,-1,-1,16,-1,1834,-1,-1,-1,-1,-1,-1,2,0,0,0,0,0,2,0,11,2,8,41.89105524,-87.62789763
0,401282,-1,30,1,2,2,1,10,5,-1,0,1,0,0,-1,-1,1,16,-1,2533,-1,-1,-1,-1,-1,-1,2,0,0,0,0,0,3,0,11,2,8,41.90607716,-87.74618473
0,401198,-1,15,0,0,0,1,7,7,-1,0,0,0,0,-1,-1,-1,0,0,1034,-1,-1,-1,-1,-1,-1,2,0,0,0,0,0,1,0,11,2,8,41.84832466,-87.67343416
0,401186,-1,30,1,2,0,1,10,5,2,0,0,0,0,1,-1,-1,18,-1,1522,-1,-1,-1,-1,-1,-1,2,0,0,0,0,0,2,0,11,2,8,41.87642848,-87.76457392
2,401181,-1,30,0,0,0,1,9,8,-1,1,0,0,1,-1,-1,-1,-1,0,1813,-1,-1,-1,-1,-1,-1,2,2,0,0,2,0,0,0,11,2,8,41.91696664,-87.64830641
2,410945,-1,30,0,0,0,1,2,5,-1,0,0,0,1,-1,-1,-1,-1,-1,1033,-1,-1,-1,-1,-1,-1,1,1,0,0,1,0,0,0,11,2,8,41.84567514,-87.69536624
0,401340,-1,30,1,2,2,1,10,5,-1,0,1,0,0,-1,-1,1,0,-1,1033,-1,-1,-1,-1,-1,-1,2,0,0,0,0,0,2,0,11,2,8,41.84640072,-87.69541632
1,401218,-1,30,1,2,1,1,9,2,-1,0,0,0,1,1,-1,-1,17,8,524,-1,-1,-1,-1,-1,-1,2,1,0,0,0,1,3,0,11,2,8,41.67798442,-87.6417673
0,401138,-1,20,0,0,0,1,0,5,-1,0,0,0,0,-1,-1,-1,0,0,213,-1,-1,-1,-1,-1,-1,2,0,0,0,0,0,2,0,11,2,8,41.82077885,-87.62766025
0,401389,-1,25,2,2,0,1,10,6,1,0,0,-1,0,-1,-1,-1,0,0,1731,-1,-1,-1,-1,-1,-1,2,0,0,0,0,0,2,0,11,2,8,41.94391115,-87.73200762
0,401208,-1,35,1,2,0,1,12,5,4,0,0,0,0,-1,-1,1,0,0,834,-1,-1,-1,-1,-1,-1,2,0,0,0,0,0,2,0,11,2,8,41.74222193,-87.72182731
0,401135,-1,10,0,0,0,1,5,7,0,0,0,0,1,-1,0,-1,12,-1,1623,-1,-1,-1,-1,-1,-1,2,0,0,0,0,0,1,0,10,2,8,41.96679711,-87.76729948
0,401214,-1,20,0,0,2,1,7,0,1,0,1,0,1,-1,1,-1,14,20,2232,-1,-1,-1,-1,-1,-1,3,0,0,0,0,0,1,0,10,2,8,41.7129617,-87.64042344
1,401123,-1,30,2,2,0,1,10,2,-1,0,0,0,1,-1,-1,-1,18,0,311,-1,-1,-1,-1,-1,-1,2,1,0,0,0,1,2,0,10,2,8,41.78014952,-87.6266597
0,401190,-1,30,1,2,0,1,10,3,4,0,0,0,0,1,-1,-1,16,-1,1235,-1,-1,-1,-1,-1,-1,2,0,0,0,0,0,3,0,10,2,8,41.85584425,-87.64438771
0,401176,-1,30,0,0,0,1,12,5,4,0,0,0,0,-1,-1,-1,17,-1,2411,-1,-1,-1,-1,-1,-1,2,0,0,0,0,0,2,0,10,2,8,42.00809371,-87.69029472
0,401114,-1,30,0,0,0,1,3,2,4,0,0,0,1,-1,-1,-1,13,13,1212,-1,-1,-1,-1,-1,-1,2,0,0,0,0,0,3,0,10,2,8,41.89603665,-87.67614943
0,401096,-1,30,2,2,0,1,3,5,2,0,0,0,0,-1,-1,-1,20,-1,1612,-1,-1,-1,-1,-1,-1,2,0,0,0,0,0,2,0,10,2,8,41.99379807,-87.80292526
0,401070,-1,10,0,0,1,1,7,0,-1,0,0,0,0,-1,-1,-1,7,-1,1412,-1,-1,-1,-1,-1,-1,2,0,0,0,0,0,1,0,10,2,8,41.93920656,-87.7091716
0,401088,-1,5,0,0,0,1,4,7,-1,0,0,0,0,-1,1,-1,0,-1,834,-1,-1,-1,-1,-1,-1,1,0,0,0,0,0,1,0,10,2,8,41.74908883,-87.73842285
2,401056,-1,30,0,0,0,1,8,5,2,0,0,0,1,-1,-1,-1,17,-1,915,-1,-1,1,-1,-1,-1,2,1,0,0,1,0,1,0,10,2,8,41.83742075,-87.64611479
0,409491,-1,10,0,0,0,1,7,7,0,0,0,0,0,-1,1,-1,0,0,1723,-1,-1,-1,-1,-1,-1,2,0,0,0,0,0,1,0,10,2,8,41.96223481,-87.72771372
0,405830,-1,30,0,0,0,1,2,6,1,0,0,4,0,-1,-1,-1,28,-1,1433,-1,-1,-1,1,2,-1,1,0,0,0,0,0,1,0,10,2,8,41.90509878,-87.66402687
0,401205,1,20,0,0,0,-1,7,6,1,0,0,0,0,-1,-1,1,0,0,2432,-1,-1,-1,-1,-1,-1,2,0,0,0,0,0,1,0,10,2,8,42.00451662,-87.67183019
0,401137,-1,45,0,0,0,1,10,5,2,0,0,0,0,-1,-1,-1,18,0,1911,-1,-1,-1,-1,-1,-1,2,0,0,0,0,0,2,0,10,2,8,41.95550587,-87.68865791
2,401101,-1,0,1,2,0,1,14,12,-1,0,0,0,1,1,-1,-1,11,-1,833,-1,-1,-1,-1,-1,-1,3,3,0,0,3,0,1,0,10,2,8,41.7712227,-87.74191039
0,401058,-1,30,0,0,0,1,2,5,-1,0,0,0,0,-1,-1,-1,0,-1,2424,-1,-1,-1,-1,-1,-1,1,0,0,0,0,0,1,0,10,2,8,42.01249182,-87.67662597
0,401051,-1,30,1,2,1,1,10,5,4,0,0,0,0,1,-1,-1,16,0,2013,-1,-1,-1,-1,-1,-1,2,0,0,0,0,0,2,0,9,2,8,41.98371191,-87.66021841
0,401049,-1,30,1,2,0,1,10,12,0,0,0,0,0,1,-1,-1,-1,-1,815,-1,-1,-1,-1,-1,-1,2,0,0,0,0,0,3,0,9,2,8,41.81724601,-87.74326927
0,412419,-1,30,0,0,-1,1,10,2,-1,0,-1,-1,0,-1,-1,-1,17,-1,1614,-1,-1,-1,-1,-1,-1,2,0,0,0,0,0,2,0,9,2,8,41.98120567,-87.83672855
0,401440,-1,25,1,2,0,1,11,5,-1,0,0,0,0,-1,-1,-1,20,-1,333,-1,-1,-1,-1,-1,-1,2,0,0,0,0,0,2,0,9,2,8,41.7659785,-87.57614851
0,401262,-1,5,0,0,0,1,11,2,2,0,12,0,0,-1,-1,1,22,0,1814,0,-1,-1,-1,-1,-1,2,0,0,0,0,0,3,0,9,2,8,41.91122456,-87.62648257
0,401038,-1,25,1,2,0,1,0,5,-1,0,0,0,1,1,-1,-1,6,7,1135,-1,-1,-1,-1,-1,-1,2,0,0,0,0,0,3,0,9,2,8,41.87596312,-87.69629949
0,401050,-1,30,1,2,6,1,2,3,4,0,0,0,0,-1,-1,-1,0,0,2012,-1,-1,-1,0,-1,-1,1,0,0,0,0,0,1,0,9,2,8,41.99064167,-87.67534701
3,401047,-1,30,1,2,0,1,0,2,1,0,0,0,1,1,-1,-1,17,3,724,-1,1,-1,-1,-1,-1,2,2,0,1,0,1,0,0,9,2,8,41.77958101,-87.64978713
0,402288,1,30,0,0,2,0,7,3,2,0,1,0,0,-1,-1,1,0,0,1013,-1,-1,-1,-1,-1,-1,2,0,0,0,0,0,1,0,9,2,8,41.85129978,-87.73376263
0,401378,-1,30,0,0,0,1,7,6,-1,0,0,0,0,-1,-1,1,-1,-1,831,-1,-1,-1,-1,-1,-1,2,0,0,0,0,0,1,0,9,2,8,41.7735265,-87.69245363
0,401361,-1,30,0,0,0,1,7,5,-1,0,0,0,0,-1,-1,1,0,0,1131,-1,-1,-1,-1,-1,-1,2,0,0,0,0,0,1,0,9,2,8,41.87683316,-87.73729272
0,401263,-1,30,0,0,0,1,7,6,-1,0,0,0,0,-1,-1,1,0,-1,1135,-1,-1,-1,-1,-1,-1,2,0,0,0,0,0,1,0,9,2,8,41.87502094,-87.69381782
0,401054,-1,30,1,2,0,1,12,5,4,2,0,0,0,1,-1,1,21,22,912,-1,-1,-1,-1,-1,-1,2,0,0,0,0,0,2,0,9,2,8,41.83422739,-87.67523416
0,401033,-1,30,0,0,0,1,10,5,-1,0,0,0,0,-1,-1,-1,18,-1,1512,-1,-1,-1,-1,-1,-1,2,0,0,0,0,0,3,0,9,2,8,41.88625752,-87.77470758
0,403726,-1,25,0,0,0,1,12,5,-1,0,0,0,0,-1,-1,-1,17,0,1214,-1,-1,-1,-1,-1,-1,2,0,0,0,0,0,2,0,9,2,8,41.8867762,-87.63973773
2,401032,-1,30,0,0,0,1,8,2,4,0,0,0,1,-1,-1,-1,17,17,2423,-1,-1,-1,-1,-1,-1,2,1,0,0,1,0,1,0,9,2,8,42.01109406,-87.66256279
0,401211,-1,30,2,2,0,1,11,5,0,0,0,0,0,1,-1,-1,33,-1,1214,-1,-1,-1,-1,-1,-1,2,0,0,0,0,0,2,0,9,2,8,41.89127983,-87.64864679
0,401302,-1,30,0,0,0,1,12,5,-1,0,0,0,0,-1,-1,1,0,0,1833,-1,-1,-1,-1,-1,-1,2,0,0,0,0,0,2,0,9,2,8,41.89683927,-87.6168843
0,401103,1,30,0,0,1,1,12,5,2,0,0,0,0,-1,-1,-1,0,0,1812,-1,-1,-1,-1,-1,-1,2,0,0,0,0,0,2,0,9,2,8,41.92193349,-87.64824267
0,402363,-1,30,0,0,2,1,7,6,-1,0,1,0,0,-1,-1,1,0,0,1632,-1,-1,-1,-1,-1,-1,2,0,0,0,0,0,1,0,9,2,8,41.94819581,-87.80080411
0,401498,-1,30,0,0,0,1,7,5,-1,0,0,0,0,-1,-1,1,0,0,1512,-1,-1,-1,-1,-1,-1,2,0,0,0,0,0,1,0,9,2,8,41.88727017,-87.76525463
0,401274,-1,30,0,0,-1,-1,7,5,4,0,-1,0,0,-1,-1,1,0,0,834,-1,-1,-1,-1,-1,-1,2,0,0,0,0,0,1,0,9,2,8,41.73506311,-87.7159271
0,401029,-1,30,0,0,0,1,7,6,1,0,0,0,0,-1,-1,1,0,-1,2525,-1,-1,-1,-1,-1,-1,2,0,0,0,0,0,1,0,9,2,8,41.92419338,-87.72446314
0,400996,-1,20,0,0,0,1,12,5,2,0,0,0,0,-1,-1,1,0,0,1712,-1,-1,-1,-1,-1,-1,2,0,0,0,0,0,2,0,8,2,8,41.97203477,-87.72463704
0,401004,-1,30,2,2,0,1,0,2,2,0,0,0,0,-1,-1,-1,0,0,1233,-1,-1,-1,-1,-1,-1,2,0,0,0,0,0,2,0,8,2,8,41.86340896,-87.65672628
0,412451,-1,30,0,0,-1,1,12,5,-1,0,-1,0,0,-1,-1,1,0,-1,1623,-1,-1,-1,-1,-1,-1,2,0,0,0,0,0,2,0,8,2,8,41.96779737,-87.75731891
0,401719,-1,30,1,2,-1,1,10,5,-1,0,-1,0,0,1,-1,-1,11,-1,1911,-1,-1,-1,-1,-1,-1,2,0,0,0,0,0,2,0,8,2,8,41.96140185,-87.68883262
1,401035,-1,30,0,0,0,1,12,5,2,0,0,0,1,-1,-1,1,22,0,821,-1,-1,-1,-1,-1,-1,2,2,0,0,0,2,1,0,8,2,8,41.81955708,-87.70456701
0,400969,-1,30,0,0,0,1,7,6,-1,0,0,0,1,-1,-1,-1,27,-1,1033,-1,-1,-1,-1,-1,-1,3,0,0,0,0,0,1,0,8,2,8,41.84721818,-87.70007285
0,400990,-1,0,1,2,0,1,14,2,-1,0,0,0,0,1,-1,-1,0,0,1034,-1,-1,-1,-1,-1,-1,2,0,0,0,0,0,3,0,8,2,8,41.8480806,-87.67588134
0,401011,-1,30,0,0,0,1,7,6,1,0,0,0,0,-1,-1,1,0,0,1111,-1,-1,-1,-1,-1,-1,2,0,0,0,0,0,1,0,8,2,8,41.90040694,-87.73007457
0,400968,-1,30,1,2,0,1,12,2,-1,0,0,0,0,-1,-1,-1,0,0,1833,-1,-1,-1,-1,-1,-1,2,0,0,0,0,0,2,0,8,2,8,41.89686904,-87.62249419
0,400967,-1,30,0,0,0,1,10,3,-1,0,0,0,0,-1,-1,1,0,0,1234,-1,-1,-1,-1,-1,-1,2,0,0,0,0,0,2,0,8,2,8,41.85852425,-87.67616487
0,401509,-1,30,0,0,0,1,12,5,4,0,0,0,0,-1,-1,1,0,0,1533,-1,-1,-1,-1,-1,-1,2,0,0,0,0,0,2,0,8,2,8,41.88049337,-87.75419238
0,401055,-1,25,0,0,0,1,7,6,-1,0,0,0,0,-1,-1,1,0,0,732,-1,-1,-1,-1,-1,-1,2,0,0,0,0,0,1,0,8,2,8,41.76878567,-87.6385965
1,400986,-1,30,2,2,0,1,14,6,1,0,0,0,1,-1,-1,-1,10,0,1022,-1,-1,-1,-1,-1,-1,2,2,0,0,0,2,1,0,8,2,8,41.85554273,-87.70408759
0,400948,-1,30,0,0,0,1,14,2,-1,0,0,-1,0,-1,-1,-1,17,-1,1925,-1,-1,-1,-1,-1,-1,2,0,0,0,0,0,2,0,7,2,8,41.9415163,-87.63979845
0,401116,-1,20,0,0,0,1,1,5,2,0,0,0,0,-1,1,-1,1,-1,2413,-1,-1,-1,-1,-1,-1,1,0,0,0,0,0,1,0,7,2,8,41.99384949,-87.70129223
0,401034,-1,25,0,0,0,1,10,5,-1,0,-1,-1,0,-1,-1,-1,0,0,1235,-1,-1,-1,-1,-1,-1,2,0,0,0,0,0,3,0,7,2,8,41.85505283,-87.64553576
2,400959,-1,30,1,2,0,1,0,3,4,0,0,0,1,1,-1,-1,6,16,911,-1,-1,-1,-1,-1,-1,2,1,0,0,1,0,1,0,7,2,8,41.83396343,-87.69479107
0,400925,-1,30,0,0,0,1,10,3,2,0,0,0,0,-1,-1,-1,0,-1,813,-1,-1,-1,-1,-1,-1,2,0,0,0,0,0,2,0,7,2,8,41.78842541,-87.74130636
0,402268,-1,30,0,0,0,1,8,5,-1,0,0,0,0,-1,-1,-1,0,0,1223,-1,-1,-1,-1,-1,-1,2,0,0,0,0,0,2,0,7,2,8,41.8837728,-87.67929475
0,400927,-1,30,1,2,0,1,10,2,2,0,0,0,0,-1,-1,-1,20,21,1113,-1,-1,-1,-1,-1,-1,2,0,0,0,0,0,2,0,7,2,8,41.88056699,-87.74513319
0,400918,-1,15,0,0,0,1,7,4,1,0,0,0,0,-1,1,-1,7,0,912,-1,-1,-1,-1,-1,-1,2,0,0,0,0,0,2,0,7,2,8,41.83488485,-87.68441071
0,401723,-1,0,0,0,0,1,7,5,2,0,0,-1,0,-1,-1,1,0,0,2212,-1,-1,-1,-1,-1,-1,2,0,0,0,0,0,1,0,7,2,8,41.69491353,-87.67144457
0,401586,-1,30,0,0,2,1,12,6,1,0,-1,-1,0,-1,-1,-1,22,-1,122,-1,-1,-1,-1,-1,-1,2,0,0,0,0,0,2,0,7,2,8,41.87865581,-87.63389383
0,400976,1,35,0,0,1,1,10,2,4,0,0,0,0,-1,-1,-1,0,0,1814,-1,-1,-1,-1,-1,-1,2,0,0,0,0,0,2,0,7,2,8,41.9221208,-87.63024326
0,402274,-1,30,1,2,1,1,14,2,-1,0,0,0,1,1,-1,-1,0,0,1022,-1,-1,-1,-1,-1,-1,2,0,0,0,0,0,2,0,7,2,8,41.8580243,-87.70563245
0,400906,-1,30,1,0,0,1,10,2,4,0,0,0,0,-1,-1,-1,0,18,2031,-1,-1,-1,-1,-1,-1,2,0,0,0,0,0,2,0,7,2,8,41.97570623,-87.69919427
2,400937,-1,30,2,2,0,1,8,2,-1,0,0,0,1,1,-1,1,17,17,1223,-1,-1,-1,-1,-1,-1,2,1,0,0,1,0,1,0,7,2,8,41.88422647,-87.67930894
0,403208,-1,30,0,0,0,1,7,5,-1,0,0,0,0,-1,-1,0,22,16,2515,-1,-1,-1,-1,-1,-1,2,0,0,0,0,0,2,0,7,2,8,41.92675183,-87.7571317
0,400920,-1,30,1,2,1,1,11,5,2,0,0,0,0,1,-1,1,0,-1,1412,-1,-1,-1,-1,-1,-1,2,0,0,0,0,0,2,0,7,2,8,41.93208775,-87.71238583
0,400890,-1,30,1,2,0,1,14,5,5,0,0,0,1,1,-1,-1,23,11,412,-1,-1,-1,-1,-1,-1,2,0,0,0,0,0,3,0,6,2,8,41.73696313,-87.57586271
0,400886,-1,10,0,0,0,2,2,8,2,1,0,0,0,-1,1,-1,23,7,1833,-1,-1,-1,-1,-1,-1,1,0,0,0,0,0,1,0,6,2,8,41.89807992,-87.62394571
0,400901,-1,30,1,2,0,1,10,3,-1,0,0,0,0,-1,-1,-1,0,0,412,-1,-1,-1,-1,-1,-1,2,0,0,0,0,0,2,0,6,2,8,41.74427893,-87.5757055
0,400879,-1,30,0,0,0,4,12,2,-1,2,0,1,0,-1,-1,-1,28,22,2222,-1,-1,-1,-1,-1,-1,2,0,0,0,0,0,2,0,6,2,8,41.73578599,-87.65713119
0,400965,-1,20,0,0,0,-1,7,6,1,0,0,0,0,-1,-1,-1,0,0,824,-1,-1,-1,-1,-1,-1,2,0,0,0,0,0,1,0,6,2,8,41.79222081,-87.69512582
0,400904,-1,20,-1,-1,-1,-1,7,6,-1,0,-1,-1,0,-1,-1,1,-1,-1,723,-1,-1,-1,-1,-1,-1,2,0,0,0,0,0,1,0,6,2,8,41.77640261,-87.64606424
2,400865,-1,35,0,0,0,2,12,5,4,0,0,0,1,-1,-1,-1,0,0,835,-1,-1,-1,-1,-1,-1,2,1,0,0,1,0,1,0,5,2,8,41.75696052,-87.68816454
0,402234,-1,30,1,2,0,2,0,5,-1,0,-1,0,0,-1,-1,1,16,0,332,-1,-1,-1,-1,-1,-1,2,0,0,0,0,0,2,0,5,2,8,41.77336841,-87.57663855
0,400893,-1,30,1,2,0,0,10,2,-1,0,0,0,0,-1,-1,-1,0,0,2411,-1,-1,-1,-1,-1,-1,2,0,0,0,0,0,2,0,5,2,8,42.01177247,-87.70891954
0,401830,-1,30,0,0,0,2,2,7,-1,0,0,0,0,-1,-1,-1,0,0,2412,-1,-1,-1,-1,-1,-1,1,0,0,0,0,0,1,0,5,2,8,41.99801926,-87.67701946
0,401363,-1,30,0,0,0,1,2,0,-1,0,0,0,0,-1,1,1,20,-1,1422,-1,-1,-1,-1,-1,-1,1,0,0,0,0,0,1,0,5,2,8,41.91012845,-87.71451983
0,401225,-1,30,0,0,0,2,7,6,1,0,0,0,0,-1,-1,1,0,-1,2515,-1,-1,-1,-1,-1,-1,2,0,0,0,0,0,1,0,5,2,8,41.92030134,-87.75948832
2,400839,-1,30,1,2,0,4,0,2,2,0,0,0,1,1,-1,-1,6,0,1232,-1,-1,-1,-1,-1,-1,2,2,0,0,2,0,2,0,4,2,8,41.87417427,-87.65669533
0,400834,-1,40,0,0,0,3,12,3,4,5,0,0,1,-1,-1,1,22,27,114,-1,-1,-1,-1,-1,-1,2,0,0,0,0,0,2,0,4,2,8,41.88434876,-87.61454978
0,400833,-1,30,-1,-1,0,3,7,12,2,0,0,0,1,-1,-1,1,0,0,1222,-1,-1,-1,-1,-1,-1,5,0,0,0,0,0,2,0,4,2,8,41.88273408,-87.70160375
0,400857,-1,0,0,0,0,0,7,7,0,0,0,0,0,-1,1,1,0,0,222,-1,-1,-1,-1,-1,-1,2,0,0,0,0,0,1,0,4,2,8,41.80373683,-87.58384292
0,400837,-1,30,1,2,0,3,10,2,-1,0,0,0,0,-1,-1,-1,16,-1,1612,-1,-1,-1,-1,-1,-1,2,0,0,0,0,0,2,0,4,2,8,41.98599562,-87.80706012
0,400831,-1,30,0,12,0,3,2,5,2,0,0,0,1,-1,-1,1,0,0,512,-1,-1,-1,-1,-1,-1,1,0,0,0,0,0,1,0,4,2,8,41.70185182,-87.60643526
0,400812,-1,30,0,0,0,3,7,12,-1,0,0,0,0,-1,-1,1,-1,-1,612,-1,-1,-1,-1,-1,-1,2,0,0,0,0,0,1,0,3,2,8,41.74863288,-87.6491486
2,400807,-1,35,0,0,0,3,14,2,-1,0,0,0,1,1,-1,-1,17,-1,1234,1,-1,-1,-1,-1,-1,2,1,0,0,1,0,5,0,3,2,8,41.85239382,-87.66857359
0,400841,-1,30,0,0,0,3,7,5,2,0,0,0,0,-1,-1,1,32,25,1411,-1,-1,-1,-1,-1,-1,2,0,0,0,0,0,1,0,2,2,8,41.9304464,-87.70723823
0,401766,-1,20,0,0,0,3,7,6,1,0,0,0,0,-1,-1,1,0,0,1713,-1,-1,-1,-1,-1,-1,2,0,0,0,0,0,1,0,2,2,8,41.97088399,-87.707173
0,400778,-1,30,0,0,0,3,7,5,2,0,0,0,1,-1,-1,-1,12,0,2523,-1,-1,-1,-1,-1,-1,2,0,0,0,0,0,1,0,1,2,8,41.93548355,-87.73450134
0,401671,1,35,0,0,0,0,7,5,2,0,-1,0,1,-1,-1,1,0,0,222,-1,-1,-1,-1,-1,-1,2,0,0,0,0,0,1,0,1,2,8,41.80243567,-87.60023978
0,400770,-1,30,0,0,0,3,7,6,1,0,0,0,1,-1,-1,1,0,0,1424,-1,-1,-1,-1,-1,-1,2,0,0,0,0,0,1,0,1,2,8,41.90864576,-87.67970937
0,400757,-1,30,1,2,0,3,0,2,4,0,0,0,1,1,-1,1,6,-1,114,-1,-1,-1,-1,-1,-1,2,0,0,0,0,0,2,0,1,2,8,41.87826992,-87.62052861
0,400769,-1,35,0,-1,0,3,7,7,-1,0,0,0,0,-1,-1,1,0,0,331,-1,-1,-1,-1,-1,-1,2,0,0,0,0,0,1,0,0,2,8,41.77870979,-87.57293989
0,400744,-1,25,0,0,0,3,7,6,1,0,0,0,0,-1,-1,1,0,-1,2222,-1,-1,-1,-1,-1,-1,2,0,0,0,0,0,1,0,0,2,8,41.73486344,-87.65832283
0,403893,-1,15,0,0,0,3,10,7,-1,0,0,0,0,-1,1,-1,0,-1,411,-1,-1,-1,-1,-1,-1,2,0,0,0,0,0,4,0,0,2,8,41.75160857,-87.58623889
0,401041,-1,30,0,0,0,3,14,5,-1,0,0,0,0,-1,-1,1,0,0,713,-1,-1,-1,-1,-1,-1,2,0,0,0,0,0,3,0,0,2,8,41.78687309,-87.66323131
0,400732,-1,25,0,0,0,3,7,12,1,0,0,0,1,-1,-1,1,0,0,1122,-1,-1,-1,-1,-1,-1,2,0,0,0,0,0,2,0,0,2,8,41.89296508,-87.71975441
0,400728,-1,25,0,0,0,3,7,6,-1,0,0,0,1,-1,-1,0,14,16,423,-1,-1,-1,-1,-1,-1,2,0,0,0,0,0,4,0,0,2,8,41.7327341,-87.55561477
0,400736,-1,30,0,0,0,3,2,5,5,0,0,0,1,-1,-1,1,0,16,132,-1,-1,-1,-1,-1,-1,1,0,0,0,0,0,1,0,0,2,8,41.85280829,-87.61888231
0,400714,-1,30,0,0,0,3,7,5,2,3,0,0,1,-1,-1,1,0,25,1532,-1,-1,-1,-1,-1,-1,4,0,0,0,0,0,1,0,23,1,8,41.88578328,-87.7526958
0,400696,-1,35,1,2,0,3,0,5,4,0,0,-1,1,1,-1,-1,6,-1,913,-1,-1,-1,-1,-1,-1,2,0,0,0,0,0,3,0,23,1,8,41.8308592,-87.64618892
0,400842,1,20,0,0,0,3,10,5,1,0,0,0,0,-1,-1,-1,0,0,1824,-1,-1,-1,-1,-1,-1,2,0,0,0,0,0,2,0,23,1,8,41.90088009,-87.62685889
0,400691,-1,30,0,0,0,3,12,5,4,0,0,0,0,-1,-1,1,22,21,1131,-1,-1,-1,-1,-1,-1,2,0,0,0,0,0,2,0,23,1,8,41.86727355,-87.74464889
0,400689,-1,30,0,0,0,3,7,5,2,0,0,-1,0,-1,-1,1,0,0,1131,-1,-1,-1,-1,-1,-1,2,0,0,0,0,0,1,0,22,1,8,41.87675959,-87.74319833
0,400663,-1,35,1,2,0,3,14,1,-1,0,0,0,0,1,-1,-1,6,17,911,-1,-1,-1,-1,-1,-1,2,0,0,0,0,0,2,0,22,1,8,41.83002728,-87.69493784
0,400682,-1,30,1,2,0,3,14,5,4,0,0,0,1,1,-1,-1,16,0,312,-1,-1,-1,-1,-1,-1,2,0,0,0,0,0,2,0,22,1,8,41.78000828,-87.62552251
0,400699,-1,30,0,0,0,3,10,5,2,0,0,0,0,-1,-1,-1,0,0,1824,-1,-1,-1,-1,-1,-1,2,0,0,0,0,0,2,0,22,1,8,41.90089157,-87.62622292
0,400683,-1,30,1,2,0,3,12,2,2,0,0,0,0,1,-1,-1,23,22,1233,-1,-1,-1,-1,-1,-1,2,0,0,0,0,0,2,0,22,1,8,41.86681996,-87.66623562
0,400676,-1,30,0,0,0,0,7,6,-1,0,0,0,0,-1,-1,1,0,0,522,-1,-1,-1,-1,-1,-1,2,0,0,0,0,0,1,0,22,1,8,41.68143826,-87.63315856
0,400666,-1,25,2,2,0,3,14,2,-1,0,0,0,0,1,-1,-1,11,-1,1215,1,-1,-1,-1,-1,-1,2,0,0,0,0,0,2,0,22,1,8,41.89445251,-87.66141457
0,400656,-1,30,0,0,0,3,7,2,2,0,-1,-1,0,-1,-1,1,20,-1,1722,-1,-1,-1,-1,-1,-1,2,0,0,0,0,0,1,0,22,1,8,41.9655359,-87.73661327
0,400895,-1,30,-1,-1,0,3,14,5,2,0,0,0,0,1,-1,-1,23,-1,1022,-1,-1,-1,-1,-1,-1,2,0,0,0,0,0,2,0,22,1,8,41.86640015,-87.69596609
0,400639,-1,30,1,2,0,3,10,2,2,0,0,0,0,-1,-1,-1,11,11,2512,-1,-1,-1,-1,-1,-1,2,0,0,0,0,0,2,0,22,1,8,41.92274495,-87.78526833
0,410568,-1,30,0,0,0,3,7,5,2,0,-1,-1,0,-1,-1,1,0,-1,1822,-1,-1,-1,-1,-1,-1,2,0,0,0,0,0,1,0,22,1,8,41.90485414,-87.64714398
0,406179,-1,30,1,2,-1,0,10,6,2,0,-1,0,0,-1,-1,-1,16,-1,1133,1,-1,-1,-1,-1,-1,2,0,0,0,0,0,4,0,22,1,8,41.87465218,-87.71091574
0,401785,-1,30,0,0,0,3,7,5,-1,0,0,0,0,-1,-1,1,0,0,1623,-1,-1,-1,-1,-1,-1,2,0,0,0,0,0,1,0,22,1,8,41.96899749,-87.76521535
0,400642,-1,30,1,-1,0,3,10,2,-1,0,-1,-1,0,-1,-1,-1,18,18,1431,-1,-1,-1,-1,-1,-1,2,0,0,0,0,0,2,0,22,1,8,41.92473391,-87.68778278