MOST_SEVERE_INJURY,RD_NO,CRASH_DATE_EST_I,POSTED_SPEED_LIMIT,TRAFFIC_CONTROL_DEVICE,DEVICE_CONDITION,WEATHER_CONDITION,LIGHTING_CONDITION,FIRST_CRASH_TYPE,TRAFFICWAY_TYPE,LANE_CNT,ALIGNMENT,ROADWAY_SURFACE_COND,ROAD_DEFECT,CRASH_TYPE,INTERSECTION_RELATED_I,NOT_RIGHT_OF_WAY_I,HIT_AND_RUN_I,PRIM_CONTRIBUTORY_CAUSE,SEC_CONTRIBUTORY_CAUSE,BEAT_OF_OCCURRENCE,PHOTOS_TAKEN_I,STATEMENTS_TAKEN_I,DOORING_I,WORK_ZONE_I,WORK_ZONE_TYPE,WORKERS_PRESENT_I,NUM_UNITS,INJURIES_TOTAL,INJURIES_FATAL,INJURIES_INCAPACITATING,INJURIES_NON_INCAPACITATING,INJURIES_REPORTED_NOT_EVIDENT,INJURIES_NO_INDICATION,INJURIES_UNKNOWN,CRASH_HOUR,CRASH_DAY_OF_WEEK,CRASH_MONTH,LATITUDE,LONGITUDE
0,400640,-1,30,0,0,0,3,7,7,0,0,0,0,0,-1,-1,-1,4,0,432,-1,-1,-1,-1,-1,-1,2,0,0,0,0,0,1,0,22,1,8,41.71787043,-87.52700124
0,400668,-1,35,-1,-1,0,3,7,5,-1,0,0,-1,0,-1,-1,1,0,0,832,-1,-1,-1,-1,-1,-1,2,0,0,0,0,0,1,0,21,1,8,41.76529734,-87.68340539
0,400703,-1,25,0,0,0,3,7,6,1,0,0,0,1,-1,-1,1,25,10,612,-1,-1,-1,-1,-1,-1,3,0,0,0,0,0,2,0,21,1,8,41.7487575,-87.6557219
2,411389,-1,35,1,0,0,1,8,5,-1,0,0,0,1,-1,-1,-1,0,-1,1235,-1,-1,-1,-1,-1,-1,2,1,0,0,1,0,1,0,21,1,8,41.85811422,-87.65277986
0,400622,-1,20,0,0,0,3,10,5,2,0,0,0,0,-1,-1,-1,22,18,1233,-1,-1,-1,-1,-1,-1,2,0,0,0,0,0,5,0,21,1,8,41.85679419,-87.6654826
0,400616,-1,30,2,2,0,0,10,3,0,2,0,0,0,1,-1,-1,0,-1,124,-1,-1,-1,-1,-1,-1,2,0,0,0,0,0,2,0,21,1,8,41.86736269,-87.6392932
0,401026,-1,30,1,2,0,1,10,2,4,0,0,0,0,-1,-1,-1,18,18,123,-1,-1,-1,-1,-1,-1,2,0,0,0,0,0,2,0,21,1,8,41.86752386,-87.62738386
0,400619,-1,30,0,0,0,0,10,3,3,0,0,0,0,-1,-1,-1,16,0,413,-1,-1,-1,-1,-1,-1,2,0,0,0,0,0,2,0,21,1,8,41.73261832,-87.58570299
0,403868,0,25,0,0,0,0,7,2,-1,0,0,0,0,-1,-1,1,22,-1,913,-1,-1,-1,-1,-1,-1,2,0,0,0,0,0,1,0,21,1,8,41.84617595,-87.65315787
0,401091,-1,30,0,0,0,3,12,5,-1,0,0,0,0,-1,-1,-1,17,-1,1614,-1,-1,-1,-1,-1,-1,2,0,0,0,0,0,3,0,21,1,8,41.97626545,-87.83676599
0,400609,-1,30,0,0,0,3,2,5,2,0,0,0,1,1,-1,-1,11,-1,1215,-1,-1,-1,-1,-1,-1,1,0,0,0,0,0,1,0,21,1,8,41.88779758,-87.65820064
0,401412,-1,30,0,0,0,3,7,5,2,0,0,0,1,-1,-1,1,0,-1,1235,-1,-1,-1,-1,-1,-1,2,0,0,0,0,0,1,0,20,1,8,41.85531958,-87.6549194
0,400608,-1,25,0,0,0,3,7,6,-1,0,0,0,0,-1,-1,1,0,0,924,-1,-1,-1,-1,-1,-1,2,0,0,0,0,0,1,0,20,1,8,41.81436737,-87.67226271
0,400570,-1,30,0,0,0,3,10,5,4,0,0,0,1,-1,-1,-1,18,11,1623,-1,-1,-1,-1,-1,-1,4,0,0,0,0,0,7,0,20,1,8,41.98498822,-87.76815296
0,400593,-1,30,0,0,0,3,10,3,4,0,0,4,0,-1,-1,-1,18,0,1231,-1,-1,-1,-1,-1,-1,2,0,0,0,0,0,2,0,20,1,8,41.86696883,-87.66854269
0,400604,-1,30,0,0,0,3,12,5,4,0,0,0,0,-1,-1,-1,0,0,813,-1,-1,-1,-1,-1,-1,2,0,0,0,0,0,2,0,20,1,8,41.78438569,-87.74006595
0,400548,-1,30,1,2,0,3,14,2,2,0,0,0,0,-1,-1,-1,16,-1,1722,-1,-1,-1,-1,-1,-1,2,0,0,0,0,0,3,0,20,1,8,41.96069422,-87.73255874
0,400560,-1,30,0,0,0,3,10,5,-1,0,0,0,0,0,-1,-1,7,18,822,-1,-1,-1,-1,-1,-1,2,0,0,0,0,0,2,0,20,1,8,41.79456097,-87.72305196
0,400535,-1,30,0,0,0,0,7,2,4,0,0,0,0,-1,-1,-1,0,0,2221,-1,-1,-1,-1,-1,-1,2,0,0,0,0,0,1,0,20,1,8,41.73557197,-87.6712606
0,400589,-1,30,0,0,0,3,7,5,-1,0,0,-1,0,-1,-1,-1,0,0,423,-1,-1,-1,-1,-1,-1,2,0,0,0,0,0,2,0,20,1,8,41.73748731,-87.5514945
0,400528,-1,30,2,2,0,3,0,5,-1,0,0,0,0,-1,-1,-1,17,0,1225,-1,-1,-1,-1,-1,-1,2,0,0,0,0,0,2,0,20,1,8,41.87515478,-87.67375588
0,400558,-1,30,1,2,0,3,10,5,4,0,0,0,0,-1,-1,1,0,0,2022,-1,-1,-1,-1,-1,-1,3,0,0,0,0,0,3,0,19,1,8,41.98559146,-87.65817832
0,400369,-1,30,1,-1,0,3,12,5,5,0,-1,-1,0,-1,-1,-1,22,-1,2012,-1,-1,-1,-1,-1,-1,2,0,0,0,0,0,2,0,19,1,8,41.98989312,-87.67064489
3,400487,-1,30,0,0,0,4,14,5,2,0,0,12,1,1,-1,1,17,-1,412,-1,-1,-1,-1,-1,-1,2,1,0,1,0,0,1,0,19,1,8,41.73713247,-87.57809061
0,400509,-1,30,0,0,0,1,7,6,1,0,0,0,1,-1,0,1,25,-1,523,-1,1,-1,-1,-1,-1,3,0,0,0,0,0,2,0,19,1,8,41.67470074,-87.6239112
0,405613,-1,30,0,0,0,1,14,5,-1,0,0,0,0,-1,-1,1,23,22,621,-1,-1,-1,-1,-1,-1,2,0,0,0,0,0,2,0,19,1,8,41.75616061,-87.6345836
0,400489,-1,25,-1,-1,0,4,14,5,-1,0,0,-1,1,-1,-1,1,14,14,1112,-1,-1,-1,-1,-1,-1,2,0,0,0,0,0,2,0,19,1,8,41.89732575,-87.72140288
0,401163,-1,25,0,0,0,1,7,7,-1,0,0,0,0,-1,-1,-1,0,0,223,-1,-1,-1,-1,-1,-1,2,0,0,0,0,0,1,0,19,1,8,41.80495747,-87.60661447
0,402244,-1,30,0,0,0,1,5,2,1,0,0,0,0,-1,-1,-1,0,0,824,-1,-1,-1,-1,-1,-1,1,0,0,0,0,0,1,0,19,1,8,41.79247246,-87.70001012
0,400992,-1,25,0,0,0,1,12,5,-1,0,0,0,0,-1,-1,1,17,22,1633,-1,-1,-1,-1,-1,-1,2,0,0,0,0,0,2,0,18,1,8,41.94572948,-87.77635411
0,400433,-1,30,1,2,0,1,14,5,4,0,0,0,0,-1,-1,1,21,0,813,-1,-1,-1,-1,-1,-1,2,0,0,0,0,0,2,0,18,1,8,41.79315506,-87.72330377
0,401600,-1,30,0,0,-1,-1,7,6,1,0,-1,-1,0,-1,-1,1,0,0,1934,-1,-1,-1,-1,-1,-1,2,0,0,0,0,0,1,0,18,1,8,41.93777399,-87.64570128
0,400631,-1,30,0,0,0,1,10,2,-1,0,0,0,0,1,-1,-1,18,22,623,-1,-1,-1,-1,-1,-1,2,0,0,0,0,0,2,0,18,1,8,41.75089105,-87.62596851
0,400445,-1,30,0,0,0,4,10,5,4,0,0,0,0,-1,-1,-1,18,16,821,-1,-1,-1,-1,-1,-1,2,0,0,0,0,0,2,0,18,1,8,41.80656066,-87.71674705
0,400438,-1,15,0,0,0,1,12,6,-1,0,0,0,0,-1,-1,-1,17,0,815,-1,-1,-1,-1,-1,-1,2,0,0,0,0,0,2,0,18,1,8,41.79894647,-87.73175661
0,401744,-1,30,0,0,0,1,4,5,2,0,1,1,0,-1,-1,-1,0,0,1814,-1,-1,-1,-1,-1,-1,1,0,0,0,0,0,1,0,18,1,8,41.92287409,-87.6386634
0,400408,-1,30,0,0,0,1,7,5,2,0,0,0,0,-1,-1,-1,0,-1,1431,-1,-1,-1,-1,-1,-1,2,0,0,0,0,0,2,0,18,1,8,41.92500994,-87.68770475
0,403041,-1,20,0,0,0,1,7,6,1,0,0,0,0,-1,-1,1,0,0,2012,-1,-1,-1,-1,-1,-1,2,0,0,0,0,0,1,0,18,1,8,41.9884895,-87.67171452
0,401177,-1,15,0,0,1,1,7,0,-1,0,0,0,0,-1,-1,-1,20,-1,1533,-1,-1,-1,-1,-1,-1,2,0,0,0,0,0,1,0,18,1,8,41.87502281,-87.74988104
0,400415,-1,30,1,2,0,1,10,5,2,0,0,0,0,-1,-1,0,0,0,324,-1,-1,-1,-1,-1,-1,2,0,0,0,0,0,2,0,17,1,8,41.76054115,-87.58633028
-1,400386,-1,10,0,0,0,1,7,7,0,0,0,0,0,-1,-1,1,0,-1,622,-1,-1,-1,-1,-1,-1,2,-1,-1,-1,-1,-1,-1,-1,17,1,8,41.7362617,-87.62906472
1,400402,-1,20,0,0,0,1,7,6,1,0,0,0,1,-1,-1,-1,12,-1,932,-1,-1,-1,-1,-1,-1,3,1,0,0,0,1,0,0,17,1,8,41.79975094,-87.67553249
0,400396,-1,30,1,2,0,1,0,6,2,0,0,0,1,1,-1,-1,6,16,1834,-1,-1,-1,-1,-1,-1,2,0,0,0,0,0,2,0,17,1,8,41.89121706,-87.61426512
0,400393,-1,20,1,2,0,1,12,2,4,0,0,0,0,1,-1,1,0,0,2413,-1,-1,-1,-1,-1,-1,2,0,0,0,0,0,2,0,17,1,8,41.99764156,-87.68973289
0,401724,-1,30,0,0,0,1,7,2,2,0,0,0,0,-1,-1,1,0,-1,2012,-1,-1,-1,-1,-1,-1,2,0,0,0,0,0,1,0,17,1,8,41.98937941,-87.67173701
2,400367,-1,30,0,0,0,1,7,6,1,0,0,0,1,-1,-1,-1,27,-1,1624,-1,-1,-1,-1,-1,-1,2,1,0,0,1,0,0,0,17,1,8,41.95966821,-87.76817233
0,400357,-1,15,0,0,0,1,7,7,-1,0,0,0,0,-1,1,-1,0,7,724,-1,-1,-1,-1,-1,-1,2,0,0,0,0,0,1,0,17,1,8,41.77173175,-87.65444208
0,400365,-1,30,0,0,0,1,12,2,4,0,0,0,0,-1,-1,-1,17,-1,2433,-1,-1,-1,-1,-1,-1,2,0,0,0,0,0,3,0,17,1,8,41.99736196,-87.66063304
0,401595,-1,30,0,0,0,1,12,5,-1,0,0,0,0,-1,-1,-1,0,0,2012,-1,-1,-1,-1,-1,-1,2,0,0,0,0,0,2,0,17,1,8,41.99065717,-87.67168379
0,401001,-1,30,1,0,0,1,14,6,-1,0,0,0,0,-1,-1,-1,0,0,1222,-1,-1,-1,-1,-1,-1,2,0,0,0,0,0,3,0,17,1,8,41.8831096,-87.68697091
0,400916,-1,30,0,0,0,1,12,5,2,0,0,0,0,-1,-1,-1,0,0,2413,-1,-1,-1,-1,-1,-1,2,0,0,0,0,0,2,0,17,1,8,41.9974417,-87.70191506
0,400400,-1,25,0,0,0,1,2,0,-1,0,0,0,1,-1,-1,1,25,-1,411,-1,-1,-1,-1,-1,-1,1,0,0,0,0,0,4,0,16,1,8,41.75590465,-87.58684873
0,400337,-1,30,1,2,0,1,12,3,8,0,0,0,0,-1,-1,-1,0,0,1834,-1,-1,-1,-1,-1,-1,2,0,0,0,0,0,3,0,16,1,8,41.89509876,-87.61553396
2,400336,-1,30,0,0,0,1,9,6,3,0,0,0,1,-1,-1,1,0,0,932,-1,-1,-1,-1,-1,-1,2,1,0,0,1,0,1,0,16,1,8,41.79398483,-87.6781861
0,400381,-1,30,0,0,0,1,12,5,4,0,0,0,0,-1,-1,-1,21,0,811,-1,-1,-1,-1,-1,-1,2,0,0,0,0,0,4,0,16,1,8,41.79420103,-87.77296251
0,400319,-1,30,1,2,0,1,12,5,4,0,0,0,0,1,-1,-1,21,0,823,-1,-1,-1,-1,-1,-1,2,0,0,0,0,0,2,0,16,1,8,41.7786395,-87.72261309
0,400333,-1,35,0,0,0,1,7,5,2,0,0,0,0,-1,-1,-1,21,11,1912,-1,-1,-1,-1,-1,-1,2,0,0,0,0,0,1,0,16,1,8,41.96159991,-87.67632937
0,400291,-1,30,2,2,0,1,0,5,2,0,0,0,1,1,-1,-1,17,0,1235,-1,-1,-1,-1,-1,-1,2,0,0,0,0,0,2,0,16,1,8,41.85806266,-87.64679527
0,421571,-1,30,12,0,0,1,10,12,-1,0,-1,-1,0,-1,1,-1,0,0,735,-1,-1,-1,-1,-1,-1,2,0,0,0,0,0,4,0,16,1,8,41.76579077,-87.66396689
0,400392,-1,30,1,2,0,1,14,2,4,0,0,-1,0,1,-1,-1,17,0,835,-1,-1,-1,-1,-1,-1,2,0,0,0,0,0,2,0,16,1,8,41.75005493,-87.6829922
1,400293,-1,30,-1,-1,0,1,10,2,2,0,-1,-1,1,-1,-1,-1,-1,-1,1221,-1,-1,-1,-1,-1,-1,2,1,0,0,0,1,1,0,16,1,8,41.89080001,-87.68494218
0,400334,-1,30,0,0,0,1,14,5,-1,0,0,0,0,-1,-1,-1,17,-1,1922,-1,-1,-1,-1,-1,-1,2,0,0,0,0,0,2,0,16,1,8,41.93981574,-87.6679426
3,400306,-1,20,2,2,0,1,0,5,2,0,0,0,1,1,-1,-1,5,16,424,-1,-1,-1,-1,-1,-1,2,1,0,1,0,0,1,0,16,1,8,41.73182819,-87.54976394
0,400284,-1,30,0,0,0,1,10,5,4,0,0,0,0,-1,-1,-1,0,-1,1231,-1,-1,-1,-1,-1,-1,2,0,0,0,0,0,3,0,16,1,8,41.86911108,-87.6666029
0,400272,-1,35,0,0,0,1,10,2,3,0,0,0,1,-1,-1,-1,18,-1,411,-1,-1,-1,-1,-1,-1,2,0,0,0,0,0,5,0,16,1,8,41.75121349,-87.585967
0,400277,-1,35,1,2,0,1,14,5,4,0,0,0,0,-1,-1,-1,23,0,312,-1,-1,-1,-1,-1,-1,2,0,0,0,0,0,2,0,16,1,8,41.78000828,-87.62552251
0,400500,-1,30,0,0,0,1,12,5,2,0,0,0,0,-1,-1,1,0,-1,1915,-1,-1,-1,-1,-1,-1,2,0,0,0,0,0,2,0,15,1,8,41.96164651,-87.65649072
0,400480,-1,30,-1,-1,-1,-1,12,5,-1,0,-1,-1,0,-1,-1,1,22,0,2521,-1,-1,-1,-1,-1,-1,2,0,0,0,0,0,3,0,15,1,8,41.93157561,-87.7467433
0,400287,-1,30,1,2,0,1,14,5,4,0,0,0,1,1,-1,-1,17,-1,213,-1,-1,-1,-1,-1,-1,2,0,0,0,0,0,2,0,15,1,8,41.8165989,-87.6263284
0,400286,-1,30,0,0,0,1,14,0,-1,0,0,0,0,-1,-1,1,0,-1,1234,-1,-1,-1,-1,-1,-1,2,0,0,0,0,0,2,0,15,1,8,41.85342498,-87.67818294
0,400328,-1,25,0,0,0,1,12,5,1,0,0,0,0,-1,-1,-1,-1,-1,2013,-1,-1,-1,-1,-1,-1,2,0,0,0,0,0,4,0,15,1,8,41.98847127,-87.66494927
0,400295,-1,10,10,0,0,1,9,6,1,0,0,0,0,-1,-1,-1,0,0,132,-1,-1,-1,-1,-1,-1,2,0,0,0,0,0,2,0,15,1,8,41.85365089,-87.62053358
0,400330,-1,35,0,0,0,1,7,5,2,0,0,0,1,1,-1,-1,13,21,1131,-1,-1,-1,-1,-1,-1,2,0,0,0,0,0,4,0,15,1,8,41.87610481,-87.73517149
0,400255,-1,15,0,0,5,1,7,7,-1,0,0,0,0,-1,1,-1,-1,-1,1711,-1,-1,-1,-1,-1,-1,2,0,0,0,0,0,3,0,15,1,8,41.99481704,-87.71434277
1,401261,-1,30,1,2,0,1,14,3,2,0,0,0,1,1,-1,-1,23,11,2223,-1,-1,-1,-1,-1,-1,2,1,0,0,0,1,2,0,15,1,8,41.72136506,-87.64335804
0,401108,-1,30,1,2,0,1,12,5,4,0,0,0,0,-1,-1,-1,22,-1,1613,-1,-1,-1,-1,-1,-1,2,0,0,0,0,0,2,0,15,1,8,41.98049322,-87.8068298
0,400285,-1,30,-1,-1,-1,-1,7,5,-1,0,-1,-1,0,-1,-1,1,-1,-1,2535,-1,-1,-1,-1,-1,-1,2,0,0,0,0,0,1,0,15,1,8,41.91010411,-87.71682283
0,400239,-1,30,1,2,0,1,10,5,-1,4,0,4,0,-1,-1,-1,0,0,1621,-1,-1,-1,1,2,-1,2,0,0,0,0,0,2,0,15,1,8,41.99721779,-87.7637104
0,400221,-1,30,1,2,0,1,14,5,-1,0,0,0,0,1,-1,-1,23,0,1024,-1,-1,-1,-1,-1,-1,2,0,0,0,0,0,2,0,15,1,8,41.8547846,-87.71377202
2,400249,-1,30,1,2,0,1,9,5,2,0,0,0,1,-1,-1,-1,17,-1,822,-1,-1,-1,-1,-1,-1,2,1,0,0,1,0,1,0,15,1,8,41.79334892,-87.70860226
0,400233,-1,30,1,2,0,1,14,2,4,0,0,0,1,1,-1,-1,6,-1,1113,-1,-1,-1,-1,-1,-1,2,0,0,0,0,0,3,0,15,1,8,41.8768543,-87.7450002
0,400267,-1,15,0,0,0,1,14,0,1,0,0,0,1,1,-1,-1,16,0,1133,-1,-1,-1,-1,-1,-1,2,0,0,0,0,0,3,0,15,1,8,41.87066124,-87.72108267
0,402047,-1,30,0,0,0,1,7,7,1,0,0,0,0,-1,1,-1,20,-1,921,-1,-1,-1,-1,-1,-1,2,0,0,0,0,0,1,0,15,1,8,41.81725078,-87.69885985
0,400228,-1,30,1,2,0,1,10,2,4,0,0,0,0,-1,-1,1,0,-1,2234,-1,-1,-1,-1,-1,-1,1,0,0,0,0,0,2,0,15,1,8,41.68939776,-87.66187756
2,400215,-1,30,0,0,0,1,8,2,2,2,0,0,1,-1,-1,1,0,-1,1821,-1,-1,1,-1,-1,-1,2,1,0,0,1,0,2,0,15,1,8,41.91061037,-87.63179897
2,400225,-1,30,0,0,0,1,9,5,2,0,0,0,1,0,-1,-1,17,-1,915,-1,-1,-1,-1,-1,-1,2,1,0,0,1,0,2,0,15,1,8,41.83100594,-87.63509305
0,400208,-1,30,0,0,0,1,10,5,2,0,0,0,0,-1,-1,-1,16,0,623,-1,-1,-1,-1,-1,-1,2,0,0,0,0,0,2,0,15,1,8,41.74919732,-87.61506453
0,401227,-1,30,0,0,0,1,0,5,-1,0,0,-1,0,-1,-1,-1,17,0,835,-1,-1,-1,-1,-1,-1,2,0,0,0,0,0,2,0,15,1,8,41.74272797,-87.68282479
0,400426,-1,10,0,0,0,1,10,7,1,0,0,0,0,-1,-1,1,20,0,815,-1,-1,-1,-1,-1,-1,2,0,0,0,0,0,2,0,15,1,8,41.80808511,-87.72373959
0,400332,-1,30,0,0,0,1,0,7,-1,0,0,0,0,-1,-1,-1,17,-1,1832,-1,-1,-1,-1,-1,-1,2,0,0,0,0,0,8,0,15,1,8,41.89246403,-87.63129489
0,400188,-1,30,0,0,0,1,7,5,2,0,0,0,1,-1,-1,1,0,-1,432,-1,-1,-1,-1,-1,-1,3,0,0,0,0,0,1,0,15,1,8,41.70465582,-87.53513817
0,400120,-1,30,-1,-1,-1,-1,10,5,-1,0,-1,-1,0,-1,-1,-1,18,-1,2533,-1,-1,-1,-1,-1,-1,2,0,0,0,0,0,2,0,15,1,8,41.90239626,-87.74612612
3,400186,-1,30,1,2,0,1,0,5,2,0,0,0,1,1,-1,-1,16,-1,1032,-1,1,-1,-1,-1,-1,2,1,0,1,0,0,2,0,14,1,8,41.83713267,-87.70496712
0,400217,-1,30,0,0,0,1,10,5,-1,0,0,0,0,-1,-1,-1,-1,-1,813,-1,-1,-1,-1,-1,-1,2,0,0,0,0,0,3,0,14,1,8,41.77861562,-87.72412904
2,408091,-1,10,0,0,0,1,10,7,2,0,0,0,1,-1,-1,-1,0,0,1834,-1,-1,-1,-1,-1,-1,2,2,0,0,2,0,4,0,14,1,8,41.89209414,-87.61156988
0,400206,-1,30,0,0,0,1,10,2,2,0,0,-1,0,-1,-1,0,14,18,622,-1,-1,-1,-1,-1,-1,2,0,0,0,0,0,2,0,14,1,8,41.74374527,-87.62561068
2,400167,-1,30,0,0,0,1,9,5,2,0,0,0,1,-1,-1,-1,-1,-1,612,-1,-1,-1,-1,-1,-1,2,1,0,0,1,0,1,0,14,1,8,41.75593733,-87.64917707
0,400245,-1,30,0,0,0,1,10,5,4,0,0,0,1,-1,-1,-1,0,11,2022,-1,0,-1,-1,-1,-1,3,0,0,0,0,0,5,0,14,1,8,41.98557571,-87.65906293
0,400276,-1,30,1,2,0,1,10,5,4,0,0,0,0,1,-1,-1,0,0,2413,-1,-1,-1,-1,-1,-1,2,0,0,0,0,0,3,0,14,1,8,41.9905045,-87.70748345
0,400178,-1,20,2,2,0,1,0,5,2,0,0,0,1,1,-1,-1,17,0,2411,-1,-1,-1,-1,-1,-1,2,0,0,0,0,0,2,0,14,1,8,42.00925546,-87.69963532
0,400270,-1,15,0,0,0,1,12,5,-1,0,0,0,0,-1,-1,1,17,11,1022,-1,-1,-1,-1,-1,-1,2,0,0,0,0,0,2,0,14,1,8,41.85486767,-87.70276579
0,400201,-1,30,1,2,0,1,12,2,2,0,0,0,0,-1,-1,1,22,-1,131,-1,-1,-1,-1,-1,-1,2,0,0,0,0,0,3,0,14,1,8,41.85778916,-87.62575598
2,400181,-1,30,2,2,0,1,0,2,-1,0,0,0,1,1,-1,-1,17,0,1524,-1,-1,-1,-1,-1,-1,2,1,0,0,1,0,1,0,14,1,8,41.89867503,-87.75821288
0,400158,-1,35,0,0,0,1,0,5,-1,0,0,0,0,-1,-1,-1,0,-1,2412,-1,-1,-1,-1,-1,-1,2,0,0,0,0,0,2,0,14,1,8,41.99771064,-87.6972704
0,400152,-1,30,-1,-1,-1,-1,12,-1,-1,0,-1,-1,0,-1,-1,-1,0,-1,1611,-1,-1,-1,-1,-1,-1,2,0,0,0,0,0,3,0,14,1,8,41.99739209,-87.7877286
0,401548,-1,5,0,0,0,1,12,7,0,0,0,0,0,-1,1,-1,0,-1,832,-1,-1,-1,-1,-1,-1,2,0,0,0,0,0,3,0,14,1,8,41.76481039,-87.68330877
0,400205,-1,25,0,0,0,1,7,6,1,0,0,0,1,-1,-1,1,0,0,2533,-1,-1,-1,-1,-1,-1,2,0,0,0,0,0,1,0,14,1,8,41.90811441,-87.75115066
0,400166,-1,30,0,0,0,1,3,5,4,0,0,0,0,-1,-1,-1,21,21,2011,-1,-1,-1,-1,-1,-1,2,0,0,0,0,0,5,0,14,1,8,41.99036411,-87.69392434
3,400164,-1,25,2,2,0,1,0,5,2,0,0,0,1,1,-1,1,17,16,623,-1,1,-1,-1,-1,-1,3,3,0,1,0,2,0,0,14,1,8,41.75624027,-87.63267676
0,400224,-1,30,0,0,0,1,7,2,2,0,0,0,1,-1,-1,-1,0,0,831,-1,-1,-1,-1,-1,-1,3,0,0,0,0,0,1,0,14,1,8,41.76422142,-87.70597697
0,400135,-1,30,0,0,0,1,12,5,2,0,0,0,0,-1,-1,1,17,22,1811,-1,-1,-1,-1,-1,-1,2,0,0,0,0,0,3,0,14,1,8,41.91499718,-87.65542628
0,400160,-1,30,0,0,0,1,7,2,2,0,0,0,0,-1,-1,1,0,0,1431,-1,-1,-1,-1,-1,-1,2,0,0,0,0,0,1,0,14,1,8,41.92495117,-87.69389399
2,400159,-1,30,0,0,0,1,14,5,2,0,0,0,1,-1,-1,-1,17,16,925,-1,-1,-1,-1,-1,-1,2,1,0,0,1,0,2,0,14,1,8,41.8091082,-87.63836033
0,400122,-1,30,0,0,0,1,14,0,2,0,0,0,0,-1,-1,-1,33,-1,1613,-1,-1,-1,-1,-1,-1,2,0,0,0,0,0,2,0,14,1,8,41.97791515,-87.7928227
0,400127,-1,30,1,2,0,1,0,2,-1,0,0,0,1,-1,-1,1,25,25,1033,-1,-1,-1,-1,-1,-1,2,0,0,0,0,0,2,0,14,1,8,41.8482428,-87.69549086
0,400138,-1,30,0,0,0,1,0,5,-1,0,0,0,0,-1,-1,-1,0,0,1233,-1,-1,-1,-1,-1,-1,2,0,0,0,0,0,3,0,14,1,8,41.86675027,-87.66768215
2,400118,-1,30,0,0,0,1,12,2,4,0,0,0,1,-1,-1,-1,0,0,814,-1,-1,-1,-1,-1,-1,2,1,0,0,1,0,1,0,14,1,8,41.7984342,-87.74531111
2,400525,-1,10,0,0,0,1,9,7,-1,0,0,0,1,-1,-1,1,0,-1,124,-1,-1,-1,-1,-1,-1,2,1,0,0,1,0,1,0,13,1,8,41.86565118,-87.63934463
0,402769,1,30,0,0,0,1,7,6,-1,0,0,0,0,-1,-1,1,18,-1,2411,-1,-1,-1,-1,-1,-1,2,0,0,0,0,0,1,0,13,1,8,42.00623581,-87.68530207
2,400175,-1,35,1,2,0,1,14,3,4,0,-1,-1,1,1,-1,-1,16,16,524,-1,-1,-1,-1,-1,-1,2,1,0,0,1,0,1,0,13,1,8,41.6778565,-87.64205627
0,400107,-1,30,0,0,0,1,7,2,2,0,0,0,0,-1,-1,1,0,-1,1222,-1,-1,-1,-1,-1,-1,2,0,0,0,0,0,1,0,13,1,8,41.88635296,-87.69657585
0,403813,-1,15,2,0,0,1,12,6,1,0,0,0,0,-1,-1,1,22,22,322,-1,-1,-1,-1,-1,-1,2,0,0,0,0,0,2,0,13,1,8,41.76727111,-87.62349015
0,400145,-1,30,0,0,0,-1,7,-1,-1,0,0,0,0,-1,-1,1,-1,-1,821,-1,-1,-1,-1,-1,-1,2,0,0,0,0,0,1,0,13,1,8,41.81095672,-87.72262278
2,400117,-1,30,1,2,0,1,10,5,2,0,-1,0,1,-1,-1,-1,-1,-1,1922,-1,-1,-1,-1,-1,-1,2,2,0,0,2,0,2,0,13,1,8,41.94154269,-87.67012443
0,400085,-1,15,0,0,0,1,0,5,2,0,0,0,1,-1,-1,-1,20,0,111,-1,-1,-1,-1,-1,-1,2,0,0,0,0,0,2,0,13,1,8,41.88670423,-87.62549637
0,400149,-1,30,0,0,0,1,10,7,-1,0,0,0,0,-1,-1,1,0,0,622,-1,-1,-1,-1,-1,-1,2,0,0,0,0,0,2,0,13,1,8,41.73638005,-87.62750922
0,400242,-1,30,0,0,0,1,10,2,-1,0,0,0,0,-1,-1,-1,0,-1,1434,-1,-1,-1,-1,-1,-1,2,0,0,0,0,0,2,0,13,1,8,41.9110841,-87.67833241
0,400097,-1,20,1,2,0,1,10,5,-1,0,0,0,0,-1,-1,-1,18,-1,2411,-1,-1,-1,-1,-1,-1,2,0,0,0,0,0,4,0,13,1,8,42.00872929,-87.69004092
1,400102,-1,30,0,0,0,1,12,5,4,2,0,0,1,-1,-1,-1,12,0,911,-1,-1,-1,-1,-1,-1,2,5,0,0,0,5,0,0,13,1,8,41.82551735,-87.70462801
0,400093,-1,30,0,0,0,1,10,2,-1,0,0,0,0,1,-1,-1,0,0,2013,-1,-1,-1,-1,-1,-1,2,0,0,0,0,0,6,0,13,1,8,41.98708906,-87.66596065
0,400074,-1,30,0,0,0,1,10,2,-1,0,0,0,0,-1,-1,-1,-1,-1,1032,-1,-1,-1,-1,-1,-1,2,0,0,0,0,0,2,0,13,1,8,41.8404762,-87.70506505
2,400071,1,30,2,2,0,1,14,5,2,0,0,0,1,1,-1,-1,17,-1,1613,-1,-1,-1,-1,-1,-1,3,1,0,0,1,0,1,0,13,1,8,41.97572243,-87.79278427
2,400060,-1,40,0,0,0,1,10,3,-1,0,0,0,1,-1,-1,-1,25,11,1914,-1,-1,-1,-1,-1,-1,3,1,0,0,1,0,2,0,13,1,8,41.96205861,-87.64638962