MOST_SEVERE_INJURY,RD_NO,CRASH_DATE_EST_I,POSTED_SPEED_LIMIT,TRAFFIC_CONTROL_DEVICE,DEVICE_CONDITION,WEATHER_CONDITION,LIGHTING_CONDITION,FIRST_CRASH_TYPE,TRAFFICWAY_TYPE,LANE_CNT,ALIGNMENT,ROADWAY_SURFACE_COND,ROAD_DEFECT,CRASH_TYPE,INTERSECTION_RELATED_I,NOT_RIGHT_OF_WAY_I,HIT_AND_RUN_I,PRIM_CONTRIBUTORY_CAUSE,SEC_CONTRIBUTORY_CAUSE,BEAT_OF_OCCURRENCE,PHOTOS_TAKEN_I,STATEMENTS_TAKEN_I,DOORING_I,WORK_ZONE_I,WORK_ZONE_TYPE,WORKERS_PRESENT_I,NUM_UNITS,INJURIES_TOTAL,INJURIES_FATAL,INJURIES_INCAPACITATING,INJURIES_NON_INCAPACITATING,INJURIES_REPORTED_NOT_EVIDENT,INJURIES_NO_INDICATION,INJURIES_UNKNOWN,CRASH_HOUR,CRASH_DAY_OF_WEEK,CRASH_MONTH,LATITUDE,LONGITUDE
0,400128,-1,25,0,0,0,1,7,5,2,0,0,0,0,-1,-1,1,0,-1,813,-1,-1,-1,-1,-1,-1,2,0,0,0,0,0,1,0,13,1,8,41.78945117,-87.7245509
1,400072,-1,35,0,2,0,1,10,3,3,0,0,0,1,-1,-1,-1,18,-1,231,-1,-1,-1,-1,-1,-1,3,2,0,0,0,2,3,0,13,1,8,41.79439209,-87.61936262
0,400050,-1,30,0,0,0,1,12,5,4,0,0,0,0,-1,-1,-1,-1,-1,1234,-1,-1,-1,-1,-1,-1,2,0,0,0,0,0,2,0,13,1,8,41.85440936,-87.68555361
0,400059,-1,5,10,2,0,1,10,7,-1,0,0,0,0,-1,-1,-1,18,-1,2533,-1,-1,-1,-1,-1,-1,3,0,0,0,0,0,6,0,12,1,8,41.90948219,-87.74869831
1,400376,-1,30,1,2,0,1,9,-1,-1,0,0,0,1,-1,-1,1,20,-1,1834,-1,-1,-1,-1,-1,-1,2,1,0,0,0,1,1,0,12,1,8,41.89117892,-87.61170748
0,400045,-1,30,0,0,0,1,7,5,2,0,0,0,0,-1,-1,-1,20,-1,1821,-1,-1,-1,-1,-1,-1,2,0,0,0,0,0,1,0,12,1,8,41.90397013,-87.63399178
0,400057,-1,45,0,0,0,1,12,3,8,0,-1,-1,0,-1,-1,-1,21,18,1814,-1,-1,-1,-1,-1,-1,2,0,0,0,0,0,5,0,12,1,8,41.91122456,-87.62648257
0,400033,-1,15,0,0,0,1,0,0,-1,0,0,0,0,-1,-1,-1,0,-1,225,-1,-1,-1,-1,-1,-1,2,0,0,0,0,0,3,0,12,1,8,41.80089445,-87.62409863
2,400011,-1,30,1,2,0,1,0,5,7,0,0,0,1,1,-1,-1,6,11,711,-1,-1,-1,-1,-1,-1,2,2,0,0,1,1,0,0,12,1,8,41.78007919,-87.63139823
0,400321,-1,30,1,2,0,3,14,6,-1,0,0,0,0,1,-1,1,23,23,1831,-1,-1,-1,-1,-1,-1,2,0,0,0,0,0,2,0,12,1,8,41.89225952,-87.63551823
0,400020,-1,30,0,0,0,1,10,5,-1,0,0,0,0,-1,-1,-1,22,-1,1712,-1,-1,-1,-1,-1,-1,2,0,0,0,0,0,2,0,12,1,8,41.97583779,-87.71043082
2,399996,-1,25,1,2,0,1,8,5,2,0,0,0,1,1,-1,-1,17,17,2413,-1,-1,-1,-1,-1,-1,2,1,0,0,1,0,1,0,12,1,8,41.99745005,-87.69969979
0,401407,1,30,0,0,0,1,0,5,-1,0,0,0,0,-1,-1,-1,18,-1,2412,-1,-1,-1,-1,-1,-1,2,0,0,0,0,0,2,0,12,1,8,41.99798375,-87.68142045
0,400058,-1,30,2,2,0,1,14,5,-1,0,0,0,0,-1,-1,1,-1,-1,821,-1,-1,-1,-1,-1,-1,2,0,0,0,0,0,4,0,12,1,8,41.80984548,-87.70419017
0,400051,-1,25,0,0,0,1,14,5,-1,0,0,0,0,-1,-1,-1,0,-1,915,-1,-1,-1,-1,-1,-1,2,0,0,0,0,0,2,0,12,1,8,41.83769563,-87.64003828
0,400005,-1,30,0,0,0,1,12,5,2,0,0,0,0,-1,-1,1,17,0,1622,-1,-1,-1,-1,-1,-1,2,0,0,0,0,0,2,0,11,1,8,41.9764021,-87.78770992
0,400024,-1,25,1,2,0,1,10,2,-1,0,0,0,1,1,-1,-1,-1,-1,1925,-1,-1,-1,-1,-1,-1,2,0,0,0,0,0,4,0,11,1,8,41.94107221,-87.63917227
0,400064,-1,30,-1,0,0,1,12,6,1,0,0,0,0,-1,-1,-1,33,33,2531,-1,-1,-1,-1,-1,-1,2,0,0,0,0,0,4,0,11,1,8,41.90210429,-87.7742994
2,399978,-1,30,1,2,0,1,9,5,2,0,0,0,1,1,-1,-1,11,0,1935,-1,-1,-1,-1,-1,-1,2,1,0,0,1,0,1,0,11,1,8,41.92960058,-87.64305121
0,399970,-1,30,1,2,0,1,10,5,4,0,0,0,0,-1,-1,-1,7,-1,1612,-1,-1,-1,-1,-1,-1,2,0,0,0,0,0,3,0,11,1,8,41.98661747,-87.80705301
0,399993,-1,30,0,0,0,1,12,5,2,0,0,0,0,-1,-1,-1,17,-1,1611,-1,-1,-1,-1,-1,-1,2,0,0,0,0,0,2,0,11,1,8,42.00066899,-87.80661493
0,401039,-1,15,0,0,0,1,10,7,-1,0,0,-1,0,-1,1,-1,0,0,622,-1,-1,-1,-1,-1,-1,2,0,0,0,0,0,3,0,11,1,8,41.73638005,-87.62750922
0,400635,-1,10,0,0,-1,-1,0,7,0,0,-1,-1,0,-1,1,-1,20,-1,2515,-1,-1,-1,-1,-1,-1,2,0,0,0,0,0,2,0,11,1,8,41.92589288,-87.76620483
0,400347,-1,30,1,2,0,1,12,5,3,0,-1,-1,0,0,-1,-1,22,22,1812,-1,-1,-1,-1,-1,-1,2,0,0,0,0,0,3,0,11,1,8,41.92547211,-87.64065916
0,400220,-1,25,0,0,0,1,0,6,-1,0,0,0,0,-1,-1,-1,0,0,2412,-1,-1,-1,-1,-1,-1,2,0,0,0,0,0,2,0,11,1,8,41.99796292,-87.68150642
0,399942,-1,15,0,0,0,1,10,7,1,0,0,0,0,-1,1,-1,20,17,1934,-1,-1,-1,-1,-1,-1,2,0,0,0,0,0,2,0,11,1,8,41.93440299,-87.63680584
0,399924,-1,30,0,0,0,1,12,5,-1,0,0,0,1,-1,-1,-1,0,-1,915,-1,-1,-1,-1,-1,-1,2,0,0,0,0,0,2,0,11,1,8,41.83692677,-87.64610298
0,401852,-1,35,0,0,0,1,0,5,1,0,0,0,0,-1,-1,-1,0,0,1023,-1,-1,-1,-1,-1,-1,2,0,0,0,0,0,2,0,11,1,8,41.85202653,-87.69427308
0,400095,-1,30,0,0,0,1,7,5,-1,0,0,0,0,-1,-1,1,-1,-1,811,-1,-1,-1,-1,-1,-1,2,0,0,0,0,0,1,0,11,1,8,41.79017748,-87.79653508
0,399982,-1,15,0,0,0,1,7,7,-1,0,-1,-1,0,-1,-1,1,0,0,622,-1,-1,-1,-1,-1,-1,2,0,0,0,0,0,1,0,10,1,8,41.73640012,-87.6245544
0,399930,-1,25,0,0,0,1,7,6,1,0,0,0,0,-1,-1,1,0,-1,1131,1,0,-1,-1,-1,-1,2,0,0,0,0,0,1,0,10,1,8,41.87098979,-87.73661747
0,399971,-1,15,0,0,0,1,7,0,1,0,0,0,0,-1,1,-1,23,0,1111,-1,-1,-1,-1,-1,-1,2,0,0,0,0,0,1,0,10,1,8,41.90246106,-87.73248915
0,399955,-1,30,0,0,0,1,12,5,-1,0,0,0,0,-1,-1,-1,17,20,122,-1,-1,-1,-1,-1,-1,2,0,0,0,0,0,3,0,10,1,8,41.87672216,-87.63471047
0,408434,-1,30,0,0,-1,-1,7,6,1,0,-1,-1,0,-1,-1,1,0,0,835,-1,-1,-1,-1,-1,-1,2,0,0,0,0,0,1,0,10,1,8,41.74864844,-87.68877973
0,399893,-1,30,1,2,0,1,12,6,3,0,0,0,0,-1,-1,1,0,0,1522,-1,-1,-1,-1,-1,-1,2,0,0,0,0,0,2,0,10,1,8,41.87173147,-87.76372932
0,399847,1,30,1,2,0,1,10,5,3,0,0,0,0,-1,-1,-1,0,0,1431,-1,-1,-1,-1,-1,-1,2,0,0,0,0,0,3,0,9,1,8,41.92498632,-87.69014679
0,399843,-1,30,0,0,0,1,2,5,-1,0,0,0,0,-1,-1,-1,8,-1,1623,-1,-1,-1,-1,-1,-1,1,0,0,0,0,0,1,0,9,1,8,41.96370891,-87.7569706
0,399863,-1,30,2,2,0,1,10,5,4,2,0,0,0,-1,-1,1,16,-1,1112,-1,-1,-1,-1,-1,-1,2,0,0,0,0,0,2,0,9,1,8,41.89918415,-87.72003334
0,399816,-1,30,1,2,0,1,0,3,2,0,0,0,0,1,-1,1,6,6,1013,-1,-1,-1,-1,-1,-1,2,0,0,0,0,0,2,0,9,1,8,41.85136616,-87.72974138
2,399804,-1,55,0,0,0,1,5,3,6,1,0,0,1,-1,-1,-1,-1,-1,322,-1,-1,-1,-1,-1,-1,1,2,0,0,2,0,0,0,8,1,8,-1,-1
0,400081,-1,30,0,0,0,-1,7,6,1,0,-1,-1,0,-1,-1,1,0,0,1634,-1,-1,-1,-1,-1,-1,2,0,0,0,0,0,1,0,8,1,8,41.94229881,-87.75223932
0,399782,-1,30,0,0,0,1,2,5,2,0,0,0,1,-1,-1,1,0,0,1022,-1,-1,-1,-1,-1,-1,1,0,0,0,0,0,1,0,8,1,8,41.85916287,-87.70783416
0,399769,-1,25,0,0,0,1,7,5,-1,0,0,0,1,-1,-1,-1,27,16,2223,-1,-1,-1,-1,-1,-1,2,0,0,0,0,0,1,0,7,1,8,41.71869349,-87.65015094
0,401786,-1,30,0,0,0,1,7,5,-1,0,0,0,0,-1,-1,1,0,0,1823,-1,-1,-1,-1,-1,-1,2,0,0,0,0,0,1,0,7,1,8,41.90304247,-87.64133902
0,399961,-1,25,0,0,0,-1,7,5,2,0,0,-1,0,-1,-1,1,0,0,835,-1,-1,-1,-1,-1,-1,2,0,0,0,0,0,1,0,7,1,8,41.7505761,-87.70470088
0,399760,1,30,0,0,0,1,2,5,2,0,0,0,1,-1,1,1,0,0,821,-1,-1,-1,-1,-1,-1,1,0,0,0,0,0,1,0,6,1,8,41.80798661,-87.70582111
0,399744,-1,0,0,0,0,2,11,7,-1,0,0,0,0,-1,1,-1,33,17,1031,-1,-1,-1,-1,-1,-1,2,0,0,0,0,0,2,0,6,1,8,41.83484939,-87.73674685
3,399762,-1,30,0,0,0,1,7,6,-1,0,0,0,1,-1,-1,-1,0,-1,1011,1,-1,-1,-1,-1,-1,3,1,0,1,0,0,1,0,6,1,8,41.86100118,-87.73373092
0,400339,-1,35,0,0,0,1,7,6,-1,0,0,0,0,-1,-1,1,-1,-1,421,-1,-1,-1,-1,-1,-1,2,0,0,0,0,0,1,0,6,1,8,41.75316449,-87.5583251
0,399714,-1,30,0,0,0,-1,2,2,4,0,0,0,1,1,-1,1,0,-1,1632,-1,-1,-1,-1,-1,-1,1,0,0,0,0,0,1,0,6,1,8,41.95816789,-87.79800075
0,399707,-1,30,0,0,0,2,5,5,2,0,0,0,0,-1,-1,0,0,0,1221,1,-1,-1,-1,-1,-1,2,0,0,0,0,0,2,0,5,1,8,41.89581862,-87.6760469
0,399729,-1,30,0,0,0,2,7,5,-1,0,0,0,1,-1,-1,1,0,0,1634,-1,-1,-1,-1,-1,-1,4,0,0,0,0,0,1,0,5,1,8,41.94428575,-87.75672022
2,399696,-1,30,2,2,0,2,7,6,-1,0,0,0,1,1,-1,-1,7,-1,621,-1,-1,-1,-1,-1,-1,5,1,0,0,1,0,1,0,5,1,8,41.74864022,-87.64869201
3,399713,-1,30,0,0,0,3,2,3,4,0,0,0,1,-1,-1,-1,0,0,1232,-1,-1,-1,-1,-1,-1,1,1,0,1,0,0,0,0,5,1,8,41.86720232,-87.65072705
0,399710,-1,30,1,2,0,2,10,2,-1,0,0,0,1,-1,-1,1,0,0,2511,-1,-1,-1,-1,-1,-1,2,0,0,0,0,0,2,0,5,1,8,41.93804748,-87.79575466
0,399723,-1,30,0,0,0,-1,7,5,2,0,0,0,1,-1,-1,1,21,17,1822,-1,-1,-1,-1,-1,-1,2,0,0,0,0,0,1,0,5,1,8,41.90651212,-87.6502974
0,399686,-1,30,1,2,0,3,0,2,4,0,0,0,1,1,-1,-1,0,0,811,-1,-1,-1,-1,-1,-1,2,0,0,0,0,0,2,0,5,1,8,41.7941037,-87.77214671
0,403204,-1,30,0,0,-1,0,7,6,1,0,-1,-1,1,-1,-1,1,0,0,2514,-1,-1,-1,-1,-1,-1,2,0,0,0,0,0,1,0,5,1,8,41.93359501,-87.75879566
0,399851,1,30,0,0,0,0,7,5,-1,0,0,0,1,-1,-1,1,0,0,333,-1,-1,-1,-1,-1,-1,3,0,0,0,0,0,1,0,5,1,8,41.76294054,-87.57637738
0,399681,-1,30,0,0,0,3,7,5,2,0,0,0,1,-1,-1,-1,7,7,1622,-1,-1,-1,-1,-1,-1,3,0,0,0,0,0,1,0,4,1,8,41.96936213,-87.77816021
0,399671,-1,20,0,0,2,2,7,-1,-1,0,0,0,0,-1,-1,-1,11,15,1623,-1,-1,-1,-1,-1,-1,5,0,0,0,0,0,1,0,4,1,8,41.96925879,-87.76320373
0,399664,-1,30,0,0,0,0,7,5,-1,0,0,0,1,1,-1,0,16,0,532,-1,-1,-1,-1,-1,-1,2,0,0,0,0,0,2,0,4,1,8,41.66476148,-87.62016031
2,399660,-1,35,0,0,0,3,9,5,-1,0,0,0,1,-1,-1,1,25,0,614,-1,-1,-1,-1,-1,-1,2,1,0,0,1,0,1,0,4,1,8,41.73616578,-87.66292732
0,399633,-1,30,0,0,0,3,7,5,2,0,0,0,0,-1,-1,1,16,-1,833,-1,-1,-1,-1,-1,-1,2,0,0,0,0,0,1,0,3,1,8,41.75275008,-87.71760138
0,399620,-1,25,0,2,0,0,7,3,2,0,0,0,1,-1,-1,1,0,0,631,-1,-1,-1,-1,-1,-1,2,0,0,0,0,0,1,0,3,1,8,41.74752052,-87.60619699
0,399634,-1,30,1,2,0,3,8,5,-1,0,0,0,0,1,-1,-1,17,-1,1832,-1,-1,-1,-1,-1,-1,2,0,0,0,0,0,2,0,3,1,8,41.89652694,-87.63116891
0,399635,-1,25,1,-1,0,3,14,2,2,0,0,0,0,1,-1,-1,3,16,1924,-1,-1,-1,-1,-1,-1,2,0,0,0,0,0,2,0,3,1,8,41.93987662,-87.66370313
0,399665,-1,30,3,2,0,3,12,5,2,0,0,0,0,-1,-1,-1,7,7,1831,-1,-1,-1,-1,-1,-1,2,0,0,0,0,0,2,0,3,1,8,41.8939325,-87.63549049
0,399637,-1,30,0,0,0,3,2,6,2,0,0,0,1,-1,1,-1,0,-1,323,-1,-1,-1,-1,-1,-1,1,0,0,0,0,0,2,0,3,1,8,41.75872001,-87.62462454
0,399623,-1,30,0,0,0,3,3,5,2,0,0,0,1,-1,-1,-1,32,0,431,-1,-1,-1,-1,-1,-1,2,0,0,0,0,0,3,0,3,1,8,41.71392408,-87.54321641
0,399616,-1,30,0,0,0,3,12,5,4,0,0,0,0,-1,-1,-1,0,0,2011,-1,-1,-1,-1,-1,-1,2,0,0,0,0,0,2,0,3,1,8,41.99033256,-87.69946212
0,399604,-1,30,0,0,0,3,7,5,2,0,0,0,1,-1,1,1,0,0,212,-1,-1,-1,-1,-1,-1,4,0,0,0,0,0,1,0,3,1,8,41.82754728,-87.61978746
0,399621,-1,10,0,0,0,3,9,7,-1,0,0,0,0,-1,1,-1,12,11,2514,-1,-1,-1,-1,-1,-1,5,0,0,0,0,0,5,0,3,1,8,41.93115156,-87.76730813
0,399651,-1,30,0,0,0,0,12,5,4,0,0,0,0,-1,-1,-1,21,-1,2413,-1,-1,-1,-1,-1,-1,2,0,0,0,0,0,2,0,3,1,8,41.99054621,-87.70055598
0,399657,-1,30,0,0,0,3,7,6,-1,0,0,0,1,-1,-1,1,19,14,923,-1,-1,-1,-1,-1,-1,2,0,0,0,0,0,2,0,3,1,8,41.79712993,-87.68671896
0,399609,-1,40,0,0,0,3,12,3,4,0,0,0,0,-1,-1,1,22,0,1915,-1,-1,-1,-1,-1,-1,2,0,0,0,0,0,2,0,3,1,8,41.95469764,-87.64472679
0,399597,1,30,0,0,0,3,7,6,-1,0,0,0,1,-1,-1,-1,7,-1,624,-1,1,-1,-1,-1,-1,2,0,0,0,0,0,2,0,3,1,8,41.75842391,-87.60919198
0,399632,-1,30,1,2,0,3,12,12,4,0,0,0,0,1,-1,-1,21,21,1831,-1,-1,-1,-1,-1,-1,2,0,0,0,0,0,4,0,3,1,8,41.89325671,-87.6370078
0,399573,-1,30,1,2,0,3,12,2,-1,0,0,0,0,-1,-1,1,17,17,1924,-1,-1,-1,-1,-1,-1,2,0,0,0,0,0,3,0,2,1,8,41.94426053,-87.65394994
0,399659,-1,30,0,0,0,3,7,5,2,0,-1,-1,1,-1,-1,1,0,-1,333,-1,-1,-1,-1,-1,-1,2,0,0,0,0,0,1,0,2,1,8,41.7624914,-87.57636752
0,399615,-1,25,0,0,0,0,7,5,-1,0,0,0,0,-1,-1,1,0,0,1032,-1,-1,-1,-1,-1,-1,2,0,0,0,0,0,2,0,2,1,8,41.83586273,-87.71592574
0,399575,-1,30,0,0,0,3,7,5,2,0,0,0,0,-1,-1,1,20,-1,133,-1,-1,-1,-1,-1,-1,2,0,0,0,0,0,2,0,2,1,8,41.84076677,-87.62894985
2,399572,-1,30,0,0,0,3,2,3,6,2,0,0,1,-1,-1,-1,27,0,2221,-1,-1,-1,-1,-1,-1,1,2,0,0,2,0,0,0,2,1,8,41.73550393,-87.6762049
0,399576,-1,30,1,2,0,3,12,5,2,0,0,0,0,1,-1,-1,17,17,1831,-1,-1,-1,-1,-1,-1,2,0,0,0,0,0,2,0,2,1,8,41.89233016,-87.63544807
0,400435,-1,30,0,0,0,3,7,6,-1,0,0,0,0,-1,-1,1,0,0,1732,-1,-1,-1,-1,-1,-1,2,0,0,0,0,0,1,0,2,1,8,41.94082862,-87.72540201
0,399788,1,30,1,2,0,3,10,2,-1,0,0,0,0,1,-1,1,0,0,915,-1,-1,-1,-1,-1,-1,2,0,0,0,0,0,2,0,2,1,8,41.82356674,-87.64605217
0,399653,1,30,0,0,0,3,7,6,1,0,0,0,0,-1,-1,1,0,0,2534,-1,-1,-1,-1,-1,-1,2,0,0,0,0,0,1,0,2,1,8,41.9110649,-87.73383946
0,399546,-1,35,-1,-1,0,0,12,5,2,0,0,0,0,-1,-1,-1,22,32,1424,-1,-1,-1,-1,-1,-1,2,0,0,0,0,0,2,0,2,1,8,41.90998593,-87.67707965
1,399577,0,30,1,12,0,3,10,6,2,0,0,0,1,-1,-1,-1,18,0,1224,-1,-1,-1,-1,-1,-1,2,2,0,0,0,2,2,0,1,1,8,41.88298732,-87.65014023
2,399553,0,30,0,0,0,3,9,5,4,0,0,0,1,-1,-1,1,10,-1,1532,-1,-1,-1,-1,-1,-1,2,1,0,0,1,0,1,0,1,1,8,41.88662162,-87.74723514
0,399550,-1,35,0,0,0,3,2,3,-1,0,0,0,1,-1,-1,1,0,-1,814,-1,-1,-1,-1,-1,-1,1,0,0,0,0,0,1,0,1,1,8,41.81061287,-87.74338206
0,400112,-1,30,0,0,0,0,12,6,3,0,0,0,0,-1,-1,-1,0,0,1215,-1,-1,-1,-1,-1,-1,2,0,0,0,0,0,2,0,1,1,8,41.89338043,-87.65758774
0,399534,1,30,0,0,0,3,2,5,2,0,0,0,1,-1,-1,0,0,0,1111,-1,-1,-1,-1,-1,-1,1,0,0,0,0,0,1,0,1,1,8,41.89496782,-87.74193525
0,399533,-1,30,1,2,0,3,14,5,-1,0,0,0,0,-1,-1,-1,23,-1,1722,-1,-1,-1,-1,-1,-1,2,0,0,0,0,0,3,0,1,1,8,41.95522751,-87.73266807
0,399758,-1,30,0,0,0,-1,7,6,-1,0,0,0,0,-1,-1,1,0,0,2511,-1,-1,-1,-1,-1,-1,2,0,0,0,0,0,1,0,1,1,8,41.93383838,-87.77712551
1,399523,-1,30,0,0,0,0,10,2,2,0,0,-1,1,-1,-1,-1,18,18,221,-1,-1,-1,-1,-1,-1,2,2,0,0,0,2,2,0,1,1,8,41.80955386,-87.61254045
0,399519,-1,35,0,0,0,3,7,5,2,0,0,0,1,-1,-1,-1,0,11,2535,-1,-1,-1,-1,-1,-1,2,0,0,0,0,0,1,0,1,1,8,41.90565848,-87.72624707
0,399503,-1,30,0,0,0,3,12,5,-1,0,0,0,0,-1,-1,-1,17,-1,131,-1,-1,-1,-1,-1,-1,2,0,0,0,0,0,2,0,1,1,8,41.86499953,-87.62424301
0,404320,1,25,0,0,-1,-1,7,5,2,0,0,0,0,-1,-1,1,0,0,2424,-1,-1,-1,-1,-1,-1,2,0,0,0,0,0,1,0,1,1,8,42.01523201,-87.6805416
0,401542,-1,30,0,0,0,3,7,5,-1,0,0,0,0,-1,-1,1,0,-1,2532,-1,-1,-1,-1,-1,-1,2,0,0,0,0,0,1,0,1,1,8,41.9068618,-87.76567625
0,399566,-1,30,0,0,0,3,11,5,4,0,0,0,0,-1,-1,1,0,0,215,-1,-1,-1,-1,-1,-1,2,0,0,0,0,0,2,0,1,1,8,41.81626111,-87.61692837
0,399490,-1,35,1,2,0,3,10,5,-1,0,0,0,1,1,-1,1,18,27,2024,-1,-1,-1,-1,-1,-1,2,0,0,0,0,0,2,0,0,1,8,41.97628439,-87.65510682
0,399477,-1,35,1,2,0,3,0,5,2,0,0,0,0,1,-1,1,6,-1,1223,-1,-1,-1,-1,-1,-1,2,0,0,0,0,0,5,0,0,1,8,41.88200824,-87.68385702
2,399488,-1,30,2,0,0,0,0,5,2,0,0,0,1,1,-1,-1,17,0,1522,-1,-1,-1,-1,-1,-1,2,1,0,0,1,0,2,0,0,1,8,41.87488904,-87.75500825
0,399482,-1,30,0,0,0,3,2,6,1,0,0,0,1,-1,-1,-1,11,-1,1221,-1,-1,-1,-1,-1,-1,1,0,0,0,0,0,2,0,0,1,8,41.8940315,-87.68729362
0,399491,-1,30,0,-1,0,0,5,5,-1,0,0,0,1,-1,-1,1,0,-1,2525,-1,-1,-1,-1,-1,-1,1,0,0,0,0,0,1,0,0,1,8,41.91847789,-87.71695498
0,399481,-1,30,1,2,0,3,14,2,-1,0,0,0,0,1,-1,-1,17,17,2223,-1,-1,-1,-1,-1,-1,2,0,0,0,0,0,7,0,0,1,8,41.73594639,-87.64505995
0,399478,-1,30,0,0,0,3,12,5,2,0,0,0,0,1,-1,-1,17,18,1214,-1,-1,-1,-1,-1,-1,3,0,0,0,0,0,7,0,0,1,8,41.89106004,-87.64873254
0,399498,-1,30,0,2,0,0,12,2,2,0,0,0,1,-1,-1,1,20,0,1833,-1,1,-1,-1,-1,-1,2,0,0,0,0,0,2,0,0,1,8,41.90080173,-87.62140066
-1,399467,-1,30,1,2,0,3,2,3,4,0,0,0,1,-1,-1,-1,25,-1,1523,-1,-1,-1,-1,-1,-1,1,-1,-1,-1,-1,-1,-1,-1,0,1,8,41.88716118,-87.75669719
0,399947,1,30,0,0,0,-1,7,6,1,0,0,0,0,-1,-1,1,0,-1,1532,-1,-1,-1,-1,-1,-1,2,0,0,0,0,0,1,0,0,1,8,41.88554306,-87.75266472
0,399570,1,30,1,2,0,3,14,5,2,0,0,0,0,-1,-1,-1,6,0,1522,-1,-1,-1,-1,-1,-1,2,0,0,0,0,0,2,0,0,1,8,41.86585673,-87.7548716
0,400254,1,30,0,0,-1,-1,7,5,-1,0,0,12,0,-1,-1,1,0,0,734,-1,-1,-1,-1,-1,-1,2,0,0,0,0,0,1,0,0,1,8,41.76129169,-87.65506423
0,399899,1,25,0,0,-1,-1,7,6,1,0,-1,-1,0,-1,-1,1,0,0,512,-1,-1,-1,-1,-1,-1,2,0,0,0,0,0,1,0,0,1,8,41.70029141,-87.61220952
0,399506,-1,30,0,0,0,3,7,5,-1,0,0,0,1,-1,-1,1,0,-1,922,-1,-1,-1,-1,-1,-1,2,0,0,0,0,0,1,0,0,1,8,41.81073702,-87.70392843
0,424524,-1,30,1,2,0,3,14,5,4,0,0,0,0,1,-1,-1,0,-1,1032,-1,-1,-1,-1,-1,-1,2,0,0,0,0,0,2,0,23,7,8,41.8371648,-87.71465788
2,399510,-1,30,1,2,0,3,10,2,-1,0,0,-1,1,1,-1,1,0,-1,1533,-1,-1,-1,-1,-1,-1,2,2,0,0,2,0,2,0,23,7,8,41.87184895,-87.7546873
0,399461,-1,35,1,2,0,3,14,6,3,0,0,0,1,1,-1,-1,23,0,215,-1,-1,-1,-1,-1,-1,2,0,0,0,0,0,2,0,23,7,8,41.81279576,-87.62115935
0,399454,-1,30,1,2,0,3,10,1,4,0,0,-1,0,-1,-1,1,0,0,1433,1,-1,-1,-1,-1,-1,2,0,0,0,0,0,3,0,23,7,8,41.91062687,-87.66052601
0,399452,-1,30,2,2,0,3,0,5,2,0,0,0,0,1,-1,-1,17,-1,1223,-1,-1,-1,-1,-1,-1,2,0,0,0,0,0,3,0,23,7,8,41.88314023,-87.67409006
0,399466,-1,30,0,0,0,3,7,6,-1,0,0,0,0,-1,-1,1,0,0,1732,-1,-1,-1,-1,-1,-1,2,0,0,0,0,0,1,0,23,7,8,41.93966983,-87.72000937
0,399475,-1,30,2,2,0,3,0,5,2,0,0,0,0,-1,-1,1,17,16,2521,-1,-1,-1,-1,-1,-1,2,0,0,0,0,0,2,0,23,7,8,41.92801615,-87.74664839
0,399447,1,30,2,0,0,-1,0,-1,1,0,0,-1,0,1,-1,0,5,16,1135,-1,-1,-1,-1,-1,-1,2,0,0,0,0,0,3,0,23,7,8,41.87388119,-87.69867949
0,399432,-1,30,0,0,0,0,12,5,4,0,0,0,0,-1,-1,1,21,-1,2411,-1,-1,-1,-1,-1,-1,2,0,0,0,0,0,2,0,23,7,8,42.00685124,-87.69026061
0,400069,-1,30,-1,-1,-1,-1,0,-1,-1,0,-1,-1,0,-1,-1,-1,20,-1,724,-1,-1,-1,-1,-1,-1,2,0,0,0,0,0,2,0,23,7,8,41.77224028,-87.65445437
0,399403,-1,30,0,0,0,3,8,5,2,0,0,0,0,-1,-1,-1,23,21,1731,-1,-1,1,-1,-1,-1,2,0,0,0,0,0,2,0,22,7,8,41.93904922,-87.73864697
0,399410,-1,30,0,0,0,3,7,6,1,0,0,0,1,-1,-1,-1,32,-1,1724,-1,-1,-1,-1,-1,-1,2,0,0,0,0,0,1,0,22,7,8,41.96242794,-87.71180978
0,399420,-1,25,3,0,0,3,14,6,1,0,0,0,0,-1,-1,1,25,21,1925,-1,-1,-1,-1,-1,-1,2,0,0,0,0,0,2,0,22,7,8,41.94684914,-87.64251431
0,400430,1,30,0,0,0,3,7,5,2,0,0,0,0,-1,-1,1,0,0,711,-1,-1,-1,-1,-1,-1,2,0,0,0,0,0,1,0,22,7,8,41.78346136,-87.63384281
0,400216,-1,30,0,0,0,0,7,12,-1,0,0,-1,0,-1,1,-1,0,-1,1223,-1,-1,-1,-1,-1,-1,2,0,0,0,0,0,2,0,22,7,8,41.88124146,-87.67428253
0,399522,-1,20,0,0,0,3,7,6,-1,0,0,3,0,-1,-1,1,0,11,2412,-1,-1,-1,-1,-1,-1,2,0,0,0,0,0,1,0,22,7,8,41.9997375,-87.68492017
0,399486,-1,30,0,0,0,3,2,-1,-1,0,0,-1,0,-1,-1,1,0,0,432,-1,-1,-1,-1,-1,-1,1,0,0,0,0,0,1,0,22,7,8,41.71450702,-87.53421629
0,399397,-1,30,1,2,0,3,10,5,-1,0,0,0,0,-1,-1,1,16,-1,511,-1,-1,-1,-1,-1,-1,2,0,0,0,0,0,3,0,22,7,8,41.72225727,-87.58527557
0,399385,-1,30,0,0,0,3,12,-1,4,0,0,-1,0,-1,-1,1,10,0,1622,-1,-1,-1,-1,-1,-1,2,0,0,0,0,0,2,0,22,7,8,41.98207456,-87.78760448