MOST_SEVERE_INJURY,RD_NO,CRASH_DATE_EST_I,POSTED_SPEED_LIMIT,TRAFFIC_CONTROL_DEVICE,DEVICE_CONDITION,WEATHER_CONDITION,LIGHTING_CONDITION,FIRST_CRASH_TYPE,TRAFFICWAY_TYPE,LANE_CNT,ALIGNMENT,ROADWAY_SURFACE_COND,ROAD_DEFECT,CRASH_TYPE,INTERSECTION_RELATED_I,NOT_RIGHT_OF_WAY_I,HIT_AND_RUN_I,PRIM_CONTRIBUTORY_CAUSE,SEC_CONTRIBUTORY_CAUSE,BEAT_OF_OCCURRENCE,PHOTOS_TAKEN_I,STATEMENTS_TAKEN_I,DOORING_I,WORK_ZONE_I,WORK_ZONE_TYPE,WORKERS_PRESENT_I,NUM_UNITS,INJURIES_TOTAL,INJURIES_FATAL,INJURIES_INCAPACITATING,INJURIES_NON_INCAPACITATING,INJURIES_REPORTED_NOT_EVIDENT,INJURIES_NO_INDICATION,INJURIES_UNKNOWN,CRASH_HOUR,CRASH_DAY_OF_WEEK,CRASH_MONTH,LATITUDE,LONGITUDE
0,399414,-1,30,1,2,0,3,14,6,4,0,0,0,0,1,-1,-1,0,0,1831,-1,-1,-1,-1,-1,-1,2,0,0,0,0,0,2,0,22,7,8,41.89325533,-87.63715992
2,399383,-1,35,1,2,0,3,14,5,2,0,0,-1,1,1,-1,-1,23,0,414,-1,-1,-1,-1,-1,-1,2,1,0,0,1,0,5,0,22,7,8,41.7569669,-87.57624762
0,399399,-1,30,0,0,0,3,12,5,2,0,0,0,0,-1,-1,-1,0,0,1424,-1,-1,-1,-1,-1,-1,2,0,0,0,0,0,2,0,22,7,8,41.9099952,-87.67759909
3,399373,-1,35,2,2,0,3,14,5,2,0,0,0,1,1,-1,-1,17,-1,632,-1,1,-1,-1,-1,-1,2,3,0,3,0,0,0,0,22,7,8,41.74369154,-87.61648489
0,399355,-1,30,0,0,0,3,7,5,2,0,0,0,0,-1,-1,-1,22,22,2535,-1,-1,-1,-1,-1,-1,2,0,0,0,0,0,1,0,21,7,8,41.91702298,-87.72640415
1,399375,-1,30,1,2,0,3,10,6,3,0,0,0,1,1,-1,1,18,-1,112,-1,-1,-1,-1,-1,-1,2,1,0,0,0,1,1,0,21,7,8,41.88311178,-87.62618597
0,399885,-1,30,0,0,0,1,10,5,2,0,0,0,0,-1,-1,-1,18,0,1031,-1,-1,-1,-1,-1,-1,2,0,0,0,0,0,2,0,21,7,8,41.84409518,-87.72817615
0,399330,-1,30,1,-1,0,3,10,5,2,0,0,0,0,-1,-1,1,18,16,2534,-1,-1,-1,-1,-1,-1,2,0,0,0,0,0,2,0,21,7,8,41.90992525,-87.73155722
0,399999,-1,30,0,0,0,3,7,5,-1,0,0,0,0,-1,-1,1,0,-1,922,-1,-1,-1,-1,-1,-1,2,0,0,0,0,0,1,0,21,7,8,41.81068264,-87.7039264
0,399371,-1,30,-1,-1,0,4,12,5,-1,0,0,-1,0,-1,-1,-1,0,-1,1224,-1,-1,-1,-1,-1,-1,2,0,0,0,0,0,2,0,21,7,8,41.88188834,-87.64732109
0,399335,-1,30,0,0,0,3,0,5,-1,0,0,0,0,-1,-1,-1,16,0,432,-1,-1,-1,-1,-1,-1,2,0,0,0,0,0,2,0,21,7,8,41.70448131,-87.53785003
1,399318,-1,30,1,2,0,3,0,2,-1,0,0,0,1,-1,-1,-1,6,16,513,-1,-1,-1,-1,-1,-1,3,1,0,0,0,1,2,0,21,7,8,41.69970476,-87.62802599
0,399313,-1,30,1,2,0,3,12,2,8,0,0,0,0,-1,-1,1,18,22,1934,-1,-1,-1,-1,-1,-1,2,0,0,0,0,0,2,0,21,7,8,41.93999746,-87.64454526
0,399300,-1,30,0,0,0,3,7,5,-1,0,0,-1,1,-1,-1,1,0,-1,1121,-1,-1,-1,-1,-1,-1,2,0,0,0,0,0,1,0,21,7,8,41.89565328,-87.70753469
0,399301,-1,30,1,2,0,3,10,2,-1,0,0,0,1,-1,-1,1,18,14,1013,-1,-1,-1,-1,-1,-1,2,0,0,0,0,0,4,0,21,7,8,41.84430519,-87.72880836
0,399299,-1,30,1,2,0,3,10,5,4,0,0,0,0,-1,-1,-1,0,0,2022,-1,-1,-1,-1,-1,-1,2,0,0,0,0,0,2,0,21,7,8,41.98388604,-87.65534235
0,399326,1,30,1,2,0,3,14,5,4,0,0,0,0,1,-1,-1,23,21,2521,-1,-1,-1,-1,-1,-1,2,0,0,0,0,0,2,0,21,7,8,41.92434704,-87.74642764
0,399295,-1,15,0,0,0,0,7,6,1,0,0,0,0,-1,-1,1,0,-1,1731,-1,-1,-1,-1,-1,-1,2,0,0,0,0,0,1,0,20,7,8,41.95025764,-87.74450442
0,399288,-1,30,0,0,0,0,10,5,4,0,0,0,0,-1,-1,-1,18,-1,1834,-1,-1,-1,-1,-1,-1,2,0,0,0,0,0,4,0,20,7,8,41.89419608,-87.61547315
0,399283,-1,30,0,0,5,3,7,5,-1,2,0,-1,0,-1,-1,1,25,0,531,-1,-1,-1,-1,-1,-1,2,0,0,0,0,0,1,0,20,7,8,41.68900798,-87.6134122
0,399282,1,30,0,0,0,3,10,5,2,0,0,0,0,-1,-1,-1,18,0,1224,-1,-1,-1,-1,-1,-1,2,0,0,0,0,0,2,0,20,7,8,41.88489541,-87.65226488
0,399500,-1,15,0,0,0,-1,0,7,-1,0,-1,-1,0,-1,1,-1,17,0,924,-1,-1,-1,-1,-1,-1,2,0,0,0,0,0,2,0,20,7,8,41.80861852,-87.67481801
-1,399276,-1,30,2,2,0,0,14,1,1,0,0,0,0,-1,-1,-1,0,-1,222,-1,-1,-1,-1,-1,-1,1,-1,-1,-1,-1,-1,-1,-1,20,7,8,41.80373683,-87.58384292
0,399363,-1,30,1,2,0,3,10,5,2,0,0,0,0,-1,-1,-1,0,0,111,-1,-1,-1,-1,-1,-1,2,0,0,0,0,0,2,0,20,7,8,41.88670967,-87.62930303
0,399275,-1,15,0,0,0,3,10,7,-1,0,0,0,0,-1,-1,-1,18,-1,1632,-1,-1,-1,-1,-1,-1,2,0,0,0,0,0,7,0,20,7,8,41.94376517,-87.80680786
0,401668,-1,30,0,0,0,3,10,5,-1,0,0,0,0,-1,-1,-1,0,0,1231,-1,-1,-1,-1,-1,-1,2,0,0,0,0,0,3,0,20,7,8,41.87038047,-87.66663428
0,399415,-1,30,0,0,0,3,10,3,4,0,0,12,0,-1,-1,1,18,-1,911,-1,1,-1,-1,-1,-1,3,0,0,0,0,0,3,0,20,7,8,41.82456623,-87.69480738
1,399280,-1,30,1,2,0,3,14,5,-1,0,0,0,1,1,-1,-1,0,0,835,-1,-1,-1,-1,-1,-1,2,2,0,0,0,2,0,0,20,7,8,41.73563533,-87.68265034
0,399264,-1,20,0,0,0,3,10,5,-1,0,0,0,0,-1,-1,-1,20,-1,1924,-1,-1,-1,-1,-1,-1,2,0,0,0,0,0,2,0,20,7,8,41.94462442,-87.65040427
0,399236,-1,30,2,2,0,3,10,5,4,0,0,0,0,0,-1,-1,18,0,833,-1,-1,-1,-1,-1,-1,2,0,0,0,0,0,4,0,20,7,8,41.77217249,-87.72274119
2,399269,-1,30,2,2,0,1,0,5,2,0,0,0,1,1,-1,-1,0,0,1214,-1,-1,-1,-1,-1,-1,2,5,0,0,5,0,0,0,20,7,8,41.89106004,-87.64873254
0,399244,-1,30,-1,-1,-1,4,7,5,2,2,-1,-1,0,-1,-1,-1,-1,0,831,-1,-1,-1,-1,-1,-1,3,0,0,0,0,0,1,0,20,7,8,41.77468549,-87.69313247
0,399247,-1,30,0,0,0,3,7,7,-1,0,0,0,0,-1,-1,-1,25,-1,431,-1,-1,-1,-1,-1,-1,2,0,0,0,0,0,1,0,20,7,8,41.72226152,-87.58307194
0,399240,-1,35,12,12,0,3,3,2,-1,0,0,0,0,-1,-1,-1,-1,-1,413,-1,-1,-1,-1,-1,-1,2,0,0,0,0,0,6,0,20,7,8,41.72237436,-87.58527627
0,400021,-1,30,1,2,0,3,14,2,2,0,0,0,0,1,-1,1,23,-1,331,-1,-1,-1,-1,-1,-1,2,0,0,0,0,0,2,0,20,7,8,41.77537131,-87.56963412
0,399306,-1,30,0,0,0,3,7,6,1,0,0,0,0,-1,-1,1,20,-1,914,-1,-1,-1,-1,-1,-1,2,0,0,0,0,0,1,0,20,7,8,41.85227141,-87.63265458
0,399205,-1,45,0,0,0,3,10,3,3,0,0,0,1,-1,-1,-1,21,-1,222,-1,-1,-1,-1,-1,-1,2,0,0,0,0,0,2,0,19,7,8,41.81017907,-87.58801596
0,399426,-1,30,0,0,0,3,12,5,4,0,0,0,0,-1,-1,-1,0,-1,2212,-1,-1,-1,-1,-1,-1,2,0,0,0,0,0,2,0,19,7,8,41.68527245,-87.68109888
0,399225,-1,30,1,2,0,3,10,5,2,0,0,0,0,1,-1,-1,18,-1,1034,-1,-1,-1,-1,-1,-1,2,0,0,0,0,0,3,0,19,7,8,41.8520246,-87.67848831
0,399324,1,30,-1,-1,0,4,12,5,3,0,0,0,1,-1,-1,1,0,0,624,-1,-1,-1,-1,-1,-1,2,0,0,0,0,0,3,0,19,7,8,41.75848489,-87.60553322
2,399257,-1,30,0,0,0,4,0,6,3,0,0,3,1,-1,-1,-1,17,0,121,-1,-1,-1,-1,-1,-1,2,1,0,0,1,0,4,0,19,7,8,41.88327121,-87.64507535
0,399212,-1,25,0,0,0,1,7,6,1,0,0,0,0,-1,-1,1,0,-1,824,-1,-1,-1,-1,-1,-1,2,0,0,0,0,0,1,0,19,7,8,41.78999226,-87.68500613
0,399192,-1,35,0,0,0,1,12,5,-1,0,0,0,0,-1,-1,-1,21,16,1932,-1,-1,-1,-1,-1,-1,2,0,0,0,0,0,3,0,19,7,8,41.93276574,-87.66826201
0,399161,-1,30,0,0,0,4,7,6,2,0,0,0,0,-1,-1,-1,-1,-1,331,-1,-1,-1,-1,-1,-1,2,0,0,0,0,0,1,0,19,7,8,41.7674953,-87.5728166
0,399181,-1,30,0,0,0,4,12,5,2,0,0,0,0,-1,-1,-1,21,11,835,-1,-1,-1,-1,-1,-1,2,0,0,0,0,0,2,0,19,7,8,41.74268818,-87.68389325
-1,399162,-1,30,0,0,0,1,7,2,4,0,0,0,0,-1,-1,1,16,0,2221,-1,-1,-1,-1,-1,-1,-1,-1,-1,-1,-1,-1,-1,-1,19,7,8,41.7211302,-87.67661703
0,401081,-1,30,1,2,0,1,10,3,-1,0,0,0,0,1,-1,-1,18,18,411,-1,-1,-1,-1,-1,-1,2,0,0,0,0,0,2,0,19,7,8,41.7514606,-87.58597199
0,399223,-1,30,0,0,0,1,10,2,4,0,0,0,0,-1,-1,-1,18,-1,1831,-1,-1,-1,-1,-1,-1,2,0,0,0,0,0,2,0,19,7,8,41.88830123,-87.62940669
0,399175,-1,30,2,2,0,3,10,2,2,0,0,0,1,1,-1,-1,18,-1,1224,-1,-1,-1,-1,-1,-1,2,0,0,0,0,0,2,0,19,7,8,41.88185598,-87.64929317
1,399141,-1,15,0,0,0,1,2,0,1,0,0,0,1,-1,0,-1,8,-1,1532,-1,-1,-1,-1,-1,-1,1,1,0,0,0,1,0,0,19,7,8,41.88518971,-87.74804518
0,399270,-1,30,0,0,0,1,12,5,4,0,0,0,0,-1,-1,-1,0,0,1935,-1,1,-1,-1,-1,-1,2,0,0,0,0,0,2,0,19,7,8,41.92580693,-87.63381965
2,399202,-1,30,0,0,0,4,12,5,-1,0,0,0,1,-1,-1,1,-1,-1,833,-1,-1,-1,-1,-1,-1,2,2,0,0,2,0,2,0,19,7,8,41.76414056,-87.71296487
0,399177,-1,30,0,0,0,2,10,7,-1,0,0,0,0,-1,1,-1,-1,-1,833,-1,-1,-1,-1,-1,-1,2,0,0,0,0,0,2,0,19,7,8,41.75506193,-87.73222787
2,399154,-1,25,0,0,0,1,0,2,2,0,0,0,1,-1,-1,1,17,-1,1524,-1,-1,-1,-1,-1,-1,2,1,0,0,1,0,4,0,19,7,8,41.89839351,-87.76485542
0,399185,-1,30,1,2,0,1,10,5,2,0,0,0,0,-1,-1,-1,18,16,1024,-1,-1,-1,-1,-1,-1,2,0,0,0,0,0,8,0,18,7,8,41.84451491,-87.7130512
0,399139,-1,30,1,2,0,1,14,5,-1,0,0,0,0,1,-1,-1,0,0,1824,-1,-1,-1,-1,-1,-1,2,0,0,0,0,0,2,0,18,7,8,41.90399738,-87.63130111
0,405444,-1,30,9,2,-1,1,7,5,-1,0,-1,0,0,-1,-1,1,0,0,2212,-1,-1,-1,-1,-1,-1,2,0,0,0,0,0,1,0,18,7,8,41.68599785,-87.68028753
0,399253,-1,5,0,0,0,1,7,0,1,0,0,0,0,-1,-1,1,0,-1,815,-1,-1,-1,-1,-1,-1,2,0,0,0,0,0,1,0,18,7,8,41.79910211,-87.73572625
0,399218,-1,30,0,0,0,1,7,5,-1,0,0,0,0,-1,-1,1,0,-1,833,-1,-1,-1,-1,-1,-1,2,0,0,0,0,0,1,0,18,7,8,41.76996684,-87.71503976
0,399152,-1,30,2,2,0,1,12,2,2,0,0,0,0,-1,-1,-1,11,11,1215,-1,-1,-1,-1,-1,-1,2,0,0,0,0,0,2,0,18,7,8,41.89414555,-87.6673802
0,399146,-1,30,1,-1,0,1,10,6,3,0,0,-1,0,-1,-1,-1,0,0,2223,-1,-1,-1,-1,-1,-1,3,0,0,0,0,0,4,0,18,7,8,41.71528378,-87.63817487
0,399136,-1,30,1,2,0,1,12,2,2,0,0,0,0,-1,-1,1,21,-1,1832,-1,-1,-1,-1,-1,-1,2,0,0,0,0,0,3,0,18,7,8,41.89333774,-87.6312445
0,399113,-1,30,1,2,0,1,10,5,-1,0,0,0,0,-1,-1,1,0,-1,1124,-1,-1,-1,-1,-1,-1,3,0,0,0,0,0,5,0,18,7,8,41.87601522,-87.69630074
0,399112,-1,30,0,0,0,1,7,5,2,0,0,0,0,-1,-1,1,17,0,1013,-1,-1,-1,-1,-1,-1,2,0,0,0,0,0,2,0,18,7,8,41.84703269,-87.72966535
0,399110,-1,30,0,0,0,1,10,3,8,0,0,0,0,-1,-1,-1,0,0,1824,-1,-1,-1,-1,-1,-1,2,0,0,0,0,0,3,0,18,7,8,41.90679153,-87.6251749
0,399118,-1,30,2,0,0,1,9,5,2,0,0,-1,0,-1,-1,1,23,0,1613,-1,-1,-1,-1,-1,-1,2,0,0,0,0,0,3,0,18,7,8,41.98140108,-87.82358725
2,399117,-1,25,0,0,0,1,10,5,-1,0,0,0,1,0,-1,-1,18,-1,2012,-1,-1,-1,-1,-1,-1,3,1,0,0,1,0,4,0,18,7,8,41.97618401,-87.67648413
0,399115,-1,30,0,0,0,1,10,2,2,0,0,0,0,-1,-1,-1,18,16,1221,-1,-1,-1,-1,-1,-1,2,0,0,0,0,0,3,0,18,7,8,41.89097642,-87.67434625
0,399084,-1,30,0,0,0,1,0,7,3,0,0,-1,0,-1,1,-1,20,-1,1122,-1,-1,-1,-1,-1,-1,2,0,0,0,0,0,2,0,18,7,8,41.88196093,-87.724858
2,399109,-1,30,0,0,0,1,10,5,4,0,0,0,1,-1,-1,-1,27,16,912,-1,-1,-1,-1,-1,-1,5,1,0,0,1,0,9,0,18,7,8,41.82707441,-87.68281712
0,400189,-1,30,-1,-1,-1,-1,7,7,-1,0,-1,-1,0,-1,-1,-1,0,-1,1632,-1,-1,-1,-1,-1,-1,2,0,0,0,0,0,2,0,18,7,8,41.95301023,-87.78770716
0,399935,-1,30,0,0,0,1,10,6,2,0,0,0,0,-1,-1,-1,18,-1,1612,-1,-1,-1,-1,-1,-1,3,0,0,0,0,0,2,0,18,7,8,41.98272905,-87.81291595
0,399231,-1,30,2,2,0,1,0,5,2,0,0,0,0,1,-1,1,17,-1,1222,-1,-1,-1,-1,-1,-1,2,0,0,0,0,0,2,0,18,7,8,41.88425965,-87.69896368
0,399090,-1,10,0,0,0,1,7,7,-1,0,0,0,0,-1,-1,-1,0,-1,814,-1,-1,-1,-1,-1,-1,2,0,0,0,0,0,1,0,18,7,8,41.8074172,-87.7432947
0,399078,-1,35,0,-1,0,1,7,5,4,0,0,0,0,-1,-1,-1,20,-1,1413,-1,-1,-1,-1,-1,-1,2,0,0,0,0,0,2,0,18,7,8,41.92095297,-87.71213676
0,400304,-1,30,-1,-1,-1,-1,12,-1,-1,0,-1,-1,0,-1,-1,-1,0,-1,1722,-1,-1,-1,-1,-1,-1,2,0,0,0,0,0,3,0,17,7,8,41.95958699,-87.72793541
0,399367,-1,5,0,0,0,1,11,7,-1,0,0,0,0,-1,-1,-1,0,-1,1711,-1,-1,-1,-1,-1,-1,2,0,0,0,0,0,6,0,17,7,8,41.9954406,-87.71291738
0,399066,-1,30,0,0,0,1,12,5,-1,0,0,0,0,-1,-1,1,21,14,711,-1,-1,-1,-1,-1,-1,2,0,0,0,0,0,3,0,17,7,8,41.78008611,-87.63090809
0,399081,-1,20,0,0,0,1,7,5,3,0,0,0,1,-1,-1,1,11,0,1611,-1,-1,-1,-1,-1,-1,2,0,0,0,0,0,1,0,17,7,8,42.01601623,-87.81283354
0,399209,-1,30,1,2,0,1,10,5,2,0,0,0,1,1,-1,-1,18,16,2514,-1,-1,-1,-1,-1,-1,3,0,0,0,0,0,3,0,17,7,8,41.9312241,-87.7615512
0,399052,-1,30,1,2,0,1,14,2,4,0,0,0,1,1,-1,-1,17,-1,1421,-1,-1,-1,-1,-1,-1,3,0,0,0,0,0,3,0,17,7,8,41.91026903,-87.70201587
0,399035,-1,30,1,2,0,1,10,5,-1,0,0,0,0,1,-1,-1,0,0,1833,-1,-1,-1,-1,-1,-1,2,0,0,0,0,0,3,0,17,7,8,41.89664685,-87.62267116
0,399025,-1,30,1,2,0,1,10,2,4,0,0,0,0,-1,-1,1,18,18,814,-1,-1,-1,-1,-1,-1,2,0,0,0,0,0,2,0,17,7,8,41.79783087,-87.74789006
0,400218,-1,30,-1,-1,-1,-1,10,5,-1,0,-1,-1,0,-1,-1,-1,18,-1,2533,-1,-1,-1,-1,-1,-1,2,0,0,0,0,0,2,0,17,7,8,41.90973389,-87.74624497
0,399049,-1,35,0,0,0,1,10,5,-1,0,0,0,0,1,-1,-1,16,18,1623,-1,-1,-1,-1,-1,-1,2,0,0,0,0,0,2,0,17,7,8,41.9680103,-87.7577819
0,399046,-1,30,0,0,0,1,7,6,-1,0,0,0,1,-1,-1,-1,0,-1,1231,-1,-1,-1,-1,-1,-1,2,0,0,0,0,0,1,0,17,7,8,41.87139476,-87.65860278
0,399036,-1,30,0,0,0,2,7,6,-1,0,0,-1,0,-1,-1,-1,0,-1,1732,0,-1,-1,-1,-1,-1,2,0,0,0,0,0,1,0,17,7,8,41.94960233,-87.71784522
1,399047,-1,45,0,0,0,1,10,3,8,0,-1,-1,1,-1,-1,1,25,18,1925,-1,-1,-1,-1,-1,-1,2,2,0,0,0,2,3,0,17,7,8,41.95433591,-87.64469133
0,400749,-1,30,0,0,0,1,12,6,-1,0,0,0,0,-1,-1,-1,11,0,323,-1,-1,-1,-1,-1,-1,2,0,0,0,0,0,2,0,17,7,8,41.76383502,-87.61294489
0,399074,-1,30,0,0,0,1,10,5,2,0,0,0,0,1,-1,-1,18,16,2523,-1,-1,-1,-1,-1,-1,2,0,0,0,0,0,3,0,17,7,8,41.9319109,-87.7262154
0,399019,-1,25,1,2,0,1,10,5,-1,0,0,0,0,1,-1,-1,0,-1,111,-1,-1,-1,-1,-1,-1,2,0,0,0,0,0,2,0,17,7,8,41.88670423,-87.62805356
0,399007,-1,20,0,0,0,1,7,6,1,0,0,3,0,-1,-1,-1,11,-1,2221,-1,-1,-1,-1,-1,-1,2,0,0,0,0,0,2,0,17,7,8,41.73345243,-87.66192764
0,399026,-1,30,1,2,0,1,8,5,2,2,0,0,0,1,-1,-1,0,-1,1432,-1,-1,-1,-1,-1,-1,2,0,0,0,0,0,2,0,16,7,8,41.92167879,-87.66808409
0,399014,-1,30,1,2,0,1,2,5,4,0,0,0,0,-1,-1,-1,0,0,222,-1,-1,-1,-1,-1,-1,2,0,0,0,0,0,2,0,16,7,8,41.80953478,-87.59245022
2,399057,-1,30,0,0,0,1,12,5,2,0,0,0,1,-1,-1,1,0,0,1222,-1,-1,-1,-1,-1,-1,2,5,0,0,5,0,1,0,16,7,8,41.88431969,-87.69750367
0,399054,-1,30,1,-1,0,1,12,3,1,0,0,-1,0,-1,-1,-1,22,0,2432,-1,-1,-1,-1,-1,-1,2,0,0,0,0,0,4,0,16,7,8,41.99830881,-87.65969638
0,399037,-1,25,2,2,0,1,12,5,2,0,0,0,0,1,-1,-1,21,11,834,-1,-1,-1,-1,-1,-1,2,0,0,0,0,0,2,0,16,7,8,41.73859328,-87.71440312
0,400182,-1,5,0,0,0,1,3,7,0,0,0,0,0,-1,1,-1,20,0,834,-1,-1,-1,-1,-1,-1,2,0,0,0,0,0,2,0,16,7,8,41.73657711,-87.70219374
0,399042,-1,30,1,2,0,1,10,2,3,0,0,0,0,-1,-1,1,16,-1,2022,-1,-1,-1,-1,-1,-1,2,0,0,0,0,0,4,0,16,7,8,41.9856411,-87.65538854
0,398984,-1,30,0,-1,0,1,10,5,4,0,0,-1,1,-1,-1,-1,18,0,1623,-1,-1,-1,-1,-1,-1,2,0,0,0,0,0,2,0,16,7,8,41.96631394,-87.74784658
0,399356,0,20,1,2,0,-1,7,7,-1,0,0,0,0,-1,-1,-1,25,11,1914,-1,-1,-1,-1,-1,-1,2,0,0,0,0,0,1,0,16,7,8,41.96597932,-87.64166083
3,398978,-1,30,1,2,0,1,2,5,4,0,0,0,1,0,-1,-1,27,-1,1133,-1,-1,-1,-1,-1,-1,1,2,0,2,0,0,0,0,16,7,8,41.86645727,-87.71066733
0,398994,-1,30,1,2,0,1,10,2,2,2,0,0,1,1,-1,0,16,32,1612,-1,-1,-1,-1,-1,-1,6,0,0,0,0,0,15,0,16,7,8,41.99889642,-87.81019524
0,401861,-1,30,0,0,0,1,10,5,4,0,0,0,0,-1,-1,-1,0,0,1831,-1,-1,-1,-1,-1,-1,2,0,0,0,0,0,2,0,16,7,8,41.88919802,-87.6341573
0,399180,-1,30,0,0,0,1,10,5,2,0,0,0,0,-1,-1,-1,20,-1,1934,-1,-1,-1,-1,-1,-1,2,0,0,0,0,0,4,0,16,7,8,41.9344047,-87.63949455
0,399015,-1,30,2,2,0,1,14,5,2,0,0,0,0,1,-1,-1,17,23,1432,-1,-1,-1,-1,-1,-1,2,0,0,0,0,0,3,0,16,7,8,41.92158037,-87.67320644
0,398973,-1,30,0,0,0,1,14,5,3,0,-1,-1,0,-1,-1,-1,23,22,1933,-1,-1,-1,-1,-1,-1,2,0,0,0,0,0,5,0,16,7,8,41.93267442,-87.65822869
0,398959,-1,30,0,0,0,1,12,3,4,0,0,0,0,-1,-1,-1,22,-1,935,-1,-1,-1,-1,-1,-1,2,0,0,0,0,0,3,0,16,7,8,41.79462572,-87.63294227
0,398996,-1,30,0,-1,0,1,7,5,-1,0,0,0,0,-1,-1,-1,11,0,624,-1,0,-1,-1,-1,-1,2,0,0,0,0,0,1,0,16,7,8,41.75350175,-87.59811509
0,399009,-1,15,-1,-1,0,1,10,12,-1,0,-1,12,0,-1,1,-1,0,-1,623,-1,-1,-1,-1,-1,-1,2,0,0,0,0,0,3,0,16,7,8,41.75450431,-87.62449585
0,398955,-1,30,2,2,0,1,0,2,2,0,0,0,0,1,-1,-1,0,0,2534,-1,-1,-1,-1,-1,-1,2,0,0,0,0,0,2,0,16,7,8,41.90437368,-87.7360459
0,421421,1,30,0,0,-1,-1,7,5,2,0,-1,0,0,-1,-1,1,0,0,1125,-1,-1,-1,-1,-1,-1,2,0,0,0,0,0,1,0,16,7,8,41.87756487,-87.68891323
0,399962,-1,30,0,0,0,1,10,5,-1,0,0,-1,0,-1,-1,-1,18,0,1922,-1,-1,-1,-1,-1,-1,2,0,0,0,0,0,2,0,16,7,8,41.94688039,-87.66871428
0,399392,1,15,1,2,0,1,0,5,-1,0,0,0,1,-1,-1,0,-1,-1,1012,-1,-1,-1,-1,-1,-1,2,0,0,0,0,0,2,0,16,7,8,41.85870599,-87.72998472
0,398995,-1,30,0,0,0,1,12,5,4,0,0,-1,0,-1,-1,-1,8,8,1122,-1,-1,-1,-1,-1,-1,2,0,0,0,0,0,2,0,16,7,8,41.88065941,-87.72219367
2,398983,-1,30,12,12,0,1,9,5,2,0,0,0,1,-1,-1,-1,25,0,313,-1,-1,-1,-1,-1,-1,2,2,0,0,2,0,1,0,16,7,8,41.78345813,-87.61555621
2,398940,-1,30,0,0,0,1,10,5,-1,0,0,0,1,-1,-1,-1,0,0,1811,-1,-1,-1,-1,-1,-1,2,2,0,0,2,0,1,0,15,7,8,41.92510894,-87.66326346
2,398921,-1,35,2,3,0,1,9,2,4,0,0,0,1,1,-1,-1,33,16,1832,-1,-1,-1,-1,-1,-1,2,1,0,0,1,0,1,0,15,7,8,41.89986267,-87.62971555
0,398997,-1,30,1,2,0,1,10,5,4,0,0,0,0,1,-1,1,18,16,2515,-1,-1,-1,-1,-1,-1,2,0,0,0,0,0,5,0,15,7,8,41.91886349,-87.76573701
0,398964,-1,30,0,0,0,1,12,5,2,0,0,0,0,-1,-1,-1,21,17,122,-1,-1,-1,-1,-1,-1,2,0,0,0,0,0,2,0,15,7,8,41.88562199,-87.63712879
0,399010,-1,30,1,-1,0,1,14,5,-1,0,0,0,0,-1,-1,-1,11,0,1934,-1,-1,-1,-1,-1,-1,2,0,0,0,0,0,2,0,15,7,8,41.94048895,-87.63796658
0,399001,-1,0,0,0,0,1,7,7,0,0,0,0,0,-1,1,1,0,0,2511,-1,-1,-1,-1,-1,-1,2,0,0,0,0,0,1,0,15,7,8,41.9369516,-87.80685732
0,398900,-1,30,0,0,0,1,14,2,-1,0,0,0,0,-1,-1,-1,0,-1,1232,-1,-1,-1,-1,-1,-1,2,0,0,0,0,0,2,0,15,7,8,41.86749122,-87.65655158
0,398913,-1,30,0,0,0,1,7,5,-1,0,0,0,0,-1,-1,-1,27,16,1423,-1,-1,-1,-1,-1,-1,2,0,0,0,0,0,2,0,15,7,8,-1,-1
3,398898,-1,25,0,0,0,1,4,5,2,0,0,0,1,-1,-1,-1,0,0,1713,-1,-1,-1,-1,-1,-1,1,1,0,1,0,0,0,0,15,7,8,41.96667644,-87.71316407
0,398934,-1,30,0,0,0,1,8,5,2,0,0,0,0,-1,-1,-1,0,0,1822,-1,-1,1,-1,-1,-1,2,0,0,0,0,0,3,0,15,7,8,41.90800296,-87.64805062
2,398933,-1,30,0,0,0,1,14,2,-1,0,0,0,1,1,-1,-1,17,22,2533,-1,-1,-1,-1,-1,-1,3,2,0,0,2,0,0,0,15,7,8,41.90436906,-87.73633971
1,399449,-1,30,2,2,0,1,14,2,2,0,0,2,1,-1,-1,-1,23,25,1033,-1,-1,-1,-1,-1,-1,2,1,0,0,0,1,1,0,15,7,8,41.83917989,-87.70386268
0,399087,-1,35,-1,-1,0,1,10,5,-1,0,0,0,0,-1,-1,-1,0,-1,2514,-1,-1,-1,-1,-1,-1,2,0,0,0,0,0,2,0,15,7,8,41.93141226,-87.76271136
0,398945,-1,30,0,0,0,1,0,5,-1,0,0,0,1,-1,-1,-1,33,0,2212,-1,-1,-1,-1,-1,-1,2,0,0,0,0,0,2,0,15,7,8,41.68439866,-87.6833179
0,398928,-1,0,0,0,0,1,0,7,1,0,0,0,0,-1,-1,-1,0,0,223,-1,-1,-1,-1,-1,-1,2,0,0,0,0,0,2,0,15,7,8,41.80890166,-87.60669697
0,398881,-1,35,0,0,0,1,12,5,-1,0,0,0,0,-1,-1,-1,0,0,1623,-1,-1,-1,-1,-1,-1,2,0,0,0,0,0,2,0,15,7,8,41.96804801,-87.74787599