MOST_SEVERE_INJURY,RD_NO,CRASH_DATE_EST_I,POSTED_SPEED_LIMIT,TRAFFIC_CONTROL_DEVICE,DEVICE_CONDITION,WEATHER_CONDITION,LIGHTING_CONDITION,FIRST_CRASH_TYPE,TRAFFICWAY_TYPE,LANE_CNT,ALIGNMENT,ROADWAY_SURFACE_COND,ROAD_DEFECT,CRASH_TYPE,INTERSECTION_RELATED_I,NOT_RIGHT_OF_WAY_I,HIT_AND_RUN_I,PRIM_CONTRIBUTORY_CAUSE,SEC_CONTRIBUTORY_CAUSE,BEAT_OF_OCCURRENCE,PHOTOS_TAKEN_I,STATEMENTS_TAKEN_I,DOORING_I,WORK_ZONE_I,WORK_ZONE_TYPE,WORKERS_PRESENT_I,NUM_UNITS,INJURIES_TOTAL,INJURIES_FATAL,INJURIES_INCAPACITATING,INJURIES_NON_INCAPACITATING,INJURIES_REPORTED_NOT_EVIDENT,INJURIES_NO_INDICATION,INJURIES_UNKNOWN,CRASH_HOUR,CRASH_DAY_OF_WEEK,CRASH_MONTH,LATITUDE,LONGITUDE
0,399065,-1,35,0,0,0,1,7,5,-1,0,0,0,1,-1,-1,-1,14,0,512,-1,-1,-1,-1,-1,-1,2,0,0,0,0,0,1,0,15,7,8,41.7001353,-87.61250444
0,399058,-1,30,0,0,0,1,7,5,-1,0,0,0,0,-1,-1,-1,0,0,531,-1,-1,-1,-1,-1,-1,2,0,0,0,0,0,1,0,15,7,8,41.69089588,-87.62166246
0,398865,-1,35,0,0,0,1,10,5,-1,0,0,0,0,-1,-1,-1,18,18,1621,-1,-1,-1,-1,-1,-1,2,0,0,0,0,0,3,0,15,7,8,41.99286467,-87.75747769
0,399005,-1,10,0,0,0,1,0,7,10,0,0,0,0,-1,1,-1,17,17,222,-1,-1,-1,-1,-1,-1,2,0,0,0,0,0,4,0,15,7,8,41.80438815,-87.5887561
0,398889,-1,30,1,2,0,1,12,5,-1,0,0,-1,0,-1,-1,-1,17,-1,1614,-1,-1,-1,-1,-1,-1,2,0,0,0,0,0,7,0,15,7,8,41.95216886,-87.8367752
0,398869,-1,25,2,2,0,1,14,5,4,0,0,0,0,1,-1,-1,17,-1,1225,-1,-1,-1,-1,-1,-1,2,0,0,0,0,0,2,0,15,7,8,41.87494631,-87.67417087
0,398868,-1,30,2,-1,0,1,0,5,2,0,0,0,0,-1,-1,1,0,-1,1033,-1,-1,-1,-1,-1,-1,2,0,0,0,0,0,2,0,15,7,8,41.84441606,-87.70421001
0,398991,-1,35,0,0,0,1,7,5,2,0,0,0,1,-1,-1,1,20,0,531,-1,-1,-1,-1,-1,-1,2,0,0,0,0,0,1,0,14,7,8,41.69255976,-87.6211937
0,398832,-1,15,0,0,0,1,12,7,0,0,0,0,0,-1,-1,-1,21,0,333,-1,-1,-1,-1,-1,-1,2,0,0,0,0,0,2,0,14,7,8,41.76599,-87.57378734
0,405607,-1,30,0,0,0,1,9,2,4,0,0,0,0,-1,-1,1,0,0,1522,-1,-1,-1,-1,-1,-1,2,0,0,0,0,0,2,0,14,7,8,41.88019915,-87.76004739
0,398872,-1,30,1,2,0,1,14,3,4,0,0,0,0,-1,-1,-1,17,17,1012,-1,-1,-1,-1,-1,-1,2,0,0,0,0,0,2,0,14,7,8,41.8515092,-87.73455933
2,398823,-1,30,2,-1,0,1,8,5,2,0,0,-1,1,-1,-1,-1,23,0,1622,-1,-1,-1,-1,-1,-1,2,1,0,0,1,0,1,0,14,7,8,41.97556567,-87.77328646
0,399845,-1,30,0,0,0,1,7,5,4,0,0,2,0,-1,-1,-1,21,11,2221,-1,-1,-1,-1,-1,-1,2,0,0,0,0,0,1,0,14,7,8,41.72885249,-87.66300805
0,398843,-1,30,1,2,0,1,12,5,-1,0,0,-1,0,-1,-1,-1,17,-1,1612,-1,-1,-1,-1,-1,-1,2,0,0,0,0,0,2,0,14,7,8,41.99696184,-87.82137996
2,398824,-1,30,0,0,0,1,14,5,-1,0,0,0,1,-1,-1,1,33,0,712,-1,-1,-1,-1,-1,-1,2,1,0,0,1,0,1,0,14,7,8,41.78755871,-87.64726857
0,398801,-1,30,1,2,0,1,10,5,4,0,0,0,0,-1,-1,-1,18,-1,1013,-1,-1,-1,-1,-1,-1,2,0,0,0,0,0,7,0,14,7,8,41.85115822,-87.72489554
0,405130,-1,30,0,0,0,1,14,5,-1,0,0,0,0,-1,-1,-1,0,-1,1834,-1,-1,-1,-1,-1,-1,2,0,0,0,0,0,4,0,14,7,8,41.89227497,-87.6200988
0,399964,1,30,1,2,0,1,14,2,4,0,0,0,0,1,-1,1,0,0,1831,-1,-1,-1,-1,-1,-1,2,0,0,0,0,0,2,0,14,7,8,41.88931871,-87.62815267
0,398902,-1,30,0,0,0,1,10,5,2,0,0,0,0,-1,-1,-1,18,-1,1631,-1,-1,-1,-1,-1,-1,3,0,0,0,0,0,3,0,14,7,8,41.95276972,-87.80986121
0,398816,-1,30,1,2,0,1,14,5,2,0,-1,-1,0,1,-1,-1,23,22,1932,-1,-1,-1,-1,-1,-1,2,0,0,0,0,0,2,0,14,7,8,41.9323745,-87.66333561
0,398797,-1,30,0,0,0,1,10,5,2,0,0,0,0,-1,-1,-1,18,16,1933,-1,-1,-1,-1,-1,-1,2,0,0,0,0,0,3,0,14,7,8,41.93644801,-87.64929075
0,398788,-1,30,2,2,0,1,10,5,-1,0,0,0,0,-1,-1,-1,18,16,1034,-1,-1,-1,-1,-1,-1,2,0,0,0,0,0,3,0,14,7,8,41.85202569,-87.67841224
0,398866,-1,15,0,0,0,1,7,0,1,0,0,0,0,-1,-1,-1,14,14,322,-1,-1,-1,-1,-1,-1,2,0,0,0,0,0,1,0,14,7,8,41.76827718,-87.61790093
2,398804,-1,30,1,2,0,1,8,12,3,0,0,0,1,1,-1,1,0,-1,1412,-1,-1,-1,-1,-1,-1,2,1,0,0,1,0,1,0,14,7,8,41.92842183,-87.70802578
0,398982,-1,35,0,2,0,1,0,5,4,0,0,0,0,-1,-1,-1,17,0,632,-1,-1,-1,-1,-1,-1,2,0,0,0,0,0,2,0,14,7,8,41.74355429,-87.623766
0,406493,-1,30,0,0,0,1,10,2,2,0,0,-1,0,-1,-1,1,18,-1,624,-1,-1,-1,-1,-1,-1,2,0,0,0,0,0,3,0,14,7,8,41.75104995,-87.61243839
0,398758,-1,30,0,0,0,1,10,5,-1,0,0,0,0,-1,-1,-1,0,-1,613,-1,-1,-1,-1,-1,-1,2,0,0,0,0,0,2,0,14,7,8,41.74326449,-87.64397498
0,401927,-1,10,12,1,0,-1,2,7,1,0,0,0,1,-1,-1,-1,0,0,112,-1,-1,-1,-1,-1,-1,1,0,0,0,0,0,1,0,14,7,8,41.88310232,-87.62982731
2,399203,-1,30,1,-1,0,1,10,5,2,0,-1,-1,1,1,-1,-1,18,16,1731,-1,-1,-1,-1,-1,-1,2,1,0,0,1,0,1,0,14,7,8,41.94623942,-87.7467489
0,399068,-1,30,0,0,0,1,7,5,-1,0,0,0,0,-1,-1,-1,0,0,1823,-1,-1,-1,-1,-1,-1,2,0,0,0,0,0,1,0,14,7,8,41.89781001,-87.64165193
1,398778,-1,35,0,0,0,1,0,7,2,0,0,0,1,1,-1,-1,20,0,222,-1,-1,-1,-1,-1,-1,2,1,0,0,0,1,2,0,14,7,8,41.81047998,-87.59357636
0,398819,-1,30,1,2,0,1,14,5,-1,0,0,0,0,-1,-1,1,22,-1,1814,-1,-1,-1,-1,-1,-1,2,0,0,0,0,0,2,0,13,7,8,41.92552956,-87.6372922
0,400465,-1,30,0,0,0,1,0,5,4,0,0,0,0,1,-1,1,0,0,2411,-1,-1,-1,-1,-1,-1,2,0,0,0,0,0,3,0,13,7,8,42.0190689,-87.69003206
2,398791,-1,30,0,0,0,1,14,5,-1,0,0,0,1,-1,-1,-1,17,22,925,-1,-1,-1,-1,-1,-1,2,1,0,0,1,0,4,0,13,7,8,41.81916247,-87.63615525
2,398760,-1,30,1,-1,0,2,14,5,6,0,0,-1,1,1,-1,-1,6,-1,834,-1,-1,-1,-1,-1,-1,2,1,0,0,1,0,1,0,13,7,8,41.7418036,-87.74095358
0,398747,-1,30,0,0,0,1,10,3,3,0,0,0,0,-1,-1,-1,18,12,132,-1,-1,-1,-1,-1,-1,2,0,0,0,0,0,3,0,13,7,8,41.86411696,-87.61894998
0,398719,-1,30,0,0,0,1,10,2,2,0,0,0,0,-1,-1,-1,0,0,2512,-1,-1,-1,-1,-1,-1,2,0,0,0,0,0,2,0,13,7,8,41.91816967,-87.79492732
0,403771,-1,25,0,0,0,1,7,5,2,0,0,0,0,-1,-1,-1,0,-1,1132,-1,-1,-1,-1,-1,-1,2,0,0,0,0,0,1,0,13,7,8,41.87242842,-87.73136325
0,401496,-1,30,0,0,0,1,7,7,-1,0,0,0,0,-1,1,-1,-1,-1,922,-1,-1,-1,-1,-1,-1,2,0,0,0,0,0,2,0,13,7,8,41.81042922,-87.68435067
0,398744,-1,30,1,2,0,1,10,5,-1,0,0,0,0,-1,-1,-1,18,11,414,-1,-1,-1,-1,-1,-1,2,0,0,0,0,0,3,0,13,7,8,41.74458468,-87.57600563
3,398741,-1,30,0,0,0,1,14,2,4,0,0,0,1,1,-1,-1,17,23,1431,-1,-1,-1,-1,-1,-1,3,6,0,2,4,0,3,0,13,7,8,41.92500073,-87.68872839
0,398953,-1,30,0,0,0,1,7,6,1,0,0,0,1,-1,-1,1,0,0,1012,-1,-1,-1,-1,-1,-1,2,0,0,0,0,0,1,0,13,7,8,41.85263366,-87.72915564
3,398735,-1,30,0,0,0,1,14,5,-1,0,0,0,1,1,-1,-1,17,0,2512,-1,-1,-1,-1,-1,-1,2,1,0,1,0,0,1,0,13,7,8,41.92347382,-87.79710306
0,398727,-1,30,0,0,0,1,10,5,2,0,0,0,0,-1,-1,1,18,-1,1723,-1,-1,-1,-1,-1,-1,3,0,0,0,0,0,6,0,13,7,8,41.96269068,-87.71333625
0,398765,-1,30,0,0,0,1,3,6,3,0,0,0,0,-1,-1,1,20,20,835,-1,-1,-1,-1,-1,-1,2,0,0,0,0,0,2,0,13,7,8,41.760581,-87.71018571
0,398739,-1,30,1,2,0,1,10,5,2,0,0,0,0,-1,-1,-1,0,0,2012,-1,-1,-1,-1,-1,-1,2,0,0,0,0,0,2,0,13,7,8,41.97608077,-87.68363993
2,398734,-1,30,0,0,0,1,9,6,2,0,0,0,1,-1,-1,1,17,15,1122,-1,-1,-1,-1,-1,-1,2,1,0,0,1,0,1,0,13,7,8,41.87902568,-87.72200523
0,398715,-1,30,0,0,0,1,10,2,2,0,0,0,0,-1,-1,-1,18,11,1522,-1,1,-1,-1,-1,-1,2,0,0,0,0,0,3,0,13,7,8,41.8782028,-87.76464236
0,398752,-1,30,0,0,0,1,7,6,1,0,0,-1,0,-1,-1,1,0,0,632,-1,-1,-1,-1,-1,-1,2,0,0,0,0,0,1,0,13,7,8,41.73303888,-87.60938745
0,398706,-1,30,0,0,1,1,7,6,-1,0,0,0,0,-1,-1,1,0,-1,813,-1,-1,-1,-1,-1,-1,3,0,0,0,0,0,1,0,13,7,8,41.77700925,-87.73995232
0,398690,-1,30,0,0,0,1,10,5,1,3,0,0,0,-1,-1,1,18,-1,1123,-1,-1,-1,-1,-1,-1,2,0,0,0,0,0,3,0,13,7,8,41.88410356,-87.71618478
0,398704,1,30,0,0,0,1,7,5,4,0,0,0,0,-1,-1,1,0,-1,2512,-1,-1,-1,-1,-1,-1,2,0,0,0,0,0,1,0,13,7,8,41.92098881,-87.77854545
0,398687,-1,25,1,2,0,1,10,5,-1,0,0,0,0,1,-1,-1,0,-1,1822,-1,-1,-1,-1,-1,-1,2,0,0,0,0,0,2,0,13,7,8,41.91049507,-87.64811458
0,398684,-1,15,0,0,0,1,7,7,-1,0,0,0,0,-1,1,-1,20,-1,1611,-1,-1,-1,-1,-1,-1,2,0,0,0,0,0,1,0,13,7,8,42.01135739,-87.80678841
0,398666,-1,30,1,2,0,1,12,5,-1,0,0,0,0,-1,-1,1,0,0,1814,-1,-1,-1,-1,-1,-1,2,0,0,0,0,0,2,0,13,7,8,41.91302893,-87.63269707
2,398663,-1,30,2,12,0,1,9,6,3,0,0,0,1,1,-1,-1,5,0,1824,-1,-1,-1,-1,-1,-1,2,1,0,0,1,0,1,0,12,7,8,41.901681,-87.62751117
0,398661,-1,15,0,0,0,1,7,5,2,0,0,0,0,-1,-1,-1,20,11,1211,-1,1,-1,-1,-1,-1,2,0,0,0,0,0,1,0,12,7,8,41.89974938,-87.70574953
0,398680,-1,30,1,2,0,1,14,5,-1,0,0,0,0,1,-1,-1,0,0,1031,-1,-1,-1,-1,-1,-1,2,0,0,0,0,0,6,0,12,7,8,41.83697262,-87.72449921
0,398697,-1,30,1,2,0,1,10,5,2,0,0,0,0,-1,-1,1,18,-1,1011,-1,-1,-1,-1,-1,-1,2,0,0,0,0,0,2,0,12,7,8,41.86296384,-87.71547213
0,398658,-1,35,1,2,0,1,14,5,-1,0,0,0,0,-1,-1,-1,23,0,1431,-1,-1,-1,-1,-1,-1,2,0,0,0,0,0,3,0,12,7,8,41.92498695,-87.6900513
1,398656,-1,30,1,2,0,1,8,12,-1,0,0,0,1,1,-1,-1,6,0,1431,-1,-1,-1,-1,-1,-1,2,1,0,0,0,1,2,0,12,7,8,41.92288545,-87.69721374
0,411346,-1,30,2,2,0,1,14,5,-1,0,0,0,0,1,-1,-1,17,-1,1531,-1,-1,-1,-1,-1,-1,2,0,0,0,0,0,2,0,12,7,8,41.89848265,-87.75452514
0,408127,1,30,0,0,0,1,7,6,1,0,0,0,0,-1,-1,1,0,-1,2013,-1,-1,-1,-1,-1,-1,2,0,0,0,0,0,1,0,12,7,8,41.99085923,-87.66142786
0,398728,-1,30,0,0,0,1,10,7,-1,0,0,0,0,-1,1,-1,-1,-1,921,-1,-1,-1,-1,-1,-1,2,0,0,0,0,0,3,0,12,7,8,41.81795735,-87.69816478
0,398657,-1,35,1,2,0,1,10,3,4,0,0,0,0,-1,-1,-1,18,-1,1921,-1,-1,-1,-1,-1,-1,2,0,0,0,0,0,2,0,12,7,8,41.95203504,-87.68826357
2,398631,-1,45,0,0,0,1,10,3,8,1,0,0,1,-1,-1,-1,18,-1,432,-1,-1,-1,-1,-1,-1,2,1,0,0,1,0,2,0,12,7,8,-1,-1
0,399493,-1,30,1,2,0,3,12,6,3,0,0,0,0,-1,-1,-1,22,16,1831,-1,-1,-1,-1,-1,-1,2,0,0,0,0,0,3,0,12,7,8,41.89229996,-87.63253078
0,398646,-1,30,0,0,0,1,12,5,4,0,0,0,0,-1,-1,-1,0,0,1611,-1,-1,-1,-1,-1,-1,2,0,0,0,0,0,4,0,12,7,8,41.99723384,-87.7886322
0,398643,-1,30,1,2,0,1,14,2,1,0,0,0,0,-1,-1,-1,21,11,1513,-1,-1,-1,-1,-1,-1,2,0,0,0,0,0,5,0,12,7,8,41.87649011,-87.7648701
0,412956,-1,30,0,0,-1,1,10,2,4,0,-1,-1,0,-1,-1,-1,0,0,1935,-1,-1,-1,-1,-1,-1,2,0,0,0,0,0,2,0,12,7,8,41.92620072,-87.63133087
0,400251,-1,20,0,0,0,1,7,6,1,0,0,0,0,-1,-1,1,0,0,2212,-1,-1,-1,-1,-1,-1,2,0,0,0,0,0,1,0,12,7,8,41.7054206,-87.66860113
0,400156,-1,30,0,0,0,1,7,6,-1,0,0,0,0,-1,-1,-1,0,-1,1225,-1,-1,-1,-1,-1,-1,2,0,0,0,0,0,1,0,12,7,8,41.87026658,-87.68476534
0,398798,-1,30,0,0,0,1,11,5,1,0,0,0,0,-1,-1,-1,0,0,2525,-1,-1,-1,-1,-1,-1,2,0,0,0,0,0,4,0,12,7,8,41.92103744,-87.71816906
0,398677,-1,30,0,0,0,1,7,7,-1,0,0,0,0,-1,-1,-1,-1,-1,924,-1,-1,-1,-1,-1,-1,2,0,0,0,0,0,2,0,12,7,8,41.81396633,-87.66525393
0,398645,-1,25,2,2,0,1,7,6,1,0,0,0,0,-1,-1,1,0,-1,312,-1,-1,-1,-1,-1,-1,2,0,0,0,0,0,1,0,12,7,8,41.77710632,-87.60845955
0,398637,-1,30,1,2,0,1,12,5,-1,0,0,-1,0,-1,-1,-1,0,-1,1922,-1,-1,-1,-1,-1,-1,2,0,0,0,0,0,2,0,12,7,8,41.93968403,-87.67823633
0,398596,-1,30,0,0,1,1,12,2,-1,0,0,0,0,-1,-1,-1,18,-1,835,-1,-1,-1,-1,-1,-1,2,0,0,0,0,0,2,0,11,7,8,41.75248407,-87.70261914
0,398590,-1,30,2,2,0,1,0,5,-1,0,0,0,0,-1,-1,-1,17,-1,213,-1,-1,-1,-1,-1,-1,2,0,0,0,0,0,4,0,11,7,8,41.82009913,-87.62003475
3,398584,-1,30,0,0,0,1,8,6,1,0,0,0,1,-1,-1,-1,0,0,1224,-1,1,1,-1,-1,-1,2,1,0,1,0,0,1,0,11,7,8,41.88426637,-87.64927147
0,398909,-1,35,0,0,-1,-1,14,5,4,0,-1,-1,0,-1,-1,1,-1,-1,1011,-1,-1,-1,-1,-1,-1,2,0,0,0,0,0,3,0,11,7,8,41.86613504,-87.71973321
1,398583,-1,30,1,2,0,1,0,6,-1,0,0,0,1,1,-1,-1,6,6,1133,-1,1,-1,-1,-1,-1,2,5,0,0,0,5,2,0,11,7,8,41.87362412,-87.72040656
0,398644,-1,30,0,0,0,1,10,5,-1,0,0,0,0,-1,-1,-1,18,8,2212,-1,-1,-1,-1,-1,-1,2,0,0,0,0,0,2,0,11,7,8,41.67740652,-87.67464318
0,398619,-1,30,1,2,0,2,14,5,-1,0,0,0,1,1,-1,1,0,0,1111,-1,-1,-1,-1,-1,-1,2,0,0,0,0,0,7,0,11,7,8,41.89524831,-87.73851646
0,398827,-1,5,0,0,2,1,7,7,-1,0,0,0,0,-1,1,-1,20,35,924,-1,-1,-1,-1,-1,-1,2,0,0,0,0,0,1,0,11,7,8,41.81385227,-87.66525153
0,398581,-1,30,2,2,0,1,12,5,2,0,0,0,1,1,-1,-1,17,16,1731,-1,-1,-1,-1,-1,-1,2,0,0,0,0,0,2,0,11,7,8,41.94605792,-87.74377879
0,398586,-1,25,2,2,0,1,14,6,1,0,0,0,0,1,-1,-1,21,22,2023,-1,-1,-1,-1,-1,-1,2,0,0,0,0,0,4,0,11,7,8,41.97826683,-87.65801435
0,398569,-1,15,0,0,0,1,7,0,1,0,0,0,1,-1,-1,-1,14,16,1122,-1,-1,-1,-1,-1,-1,3,0,0,0,0,0,4,0,11,7,8,41.88065243,-87.72289201
0,401095,-1,30,0,0,0,1,7,7,1,0,0,0,0,-1,-1,-1,-1,-1,815,-1,-1,-1,-1,-1,-1,2,0,0,0,0,0,1,0,11,7,8,41.80085144,-87.72352755
0,399721,-1,35,0,0,-1,-1,7,5,-1,0,0,0,0,-1,-1,1,0,0,923,-1,-1,-1,-1,-1,-1,2,0,0,0,0,0,1,0,11,7,8,41.80287082,-87.68441634
0,398671,-1,30,0,0,0,1,10,5,-1,0,0,-1,0,-1,-1,-1,11,-1,831,-1,-1,-1,-1,-1,-1,2,0,0,0,0,0,2,0,11,7,8,41.77527446,-87.70319733
0,398635,-1,30,0,0,0,1,12,6,3,0,0,-1,0,-1,-1,-1,17,-1,122,-1,-1,-1,-1,-1,-1,2,0,0,0,0,0,4,0,11,7,8,41.88064395,-87.63247452
2,398589,-1,30,0,0,1,1,7,5,2,0,0,0,1,-1,-1,-1,25,0,1634,-1,-1,-1,-1,-1,-1,3,1,0,0,1,0,0,0,11,7,8,41.94615317,-87.75346257
0,398572,-1,15,0,0,0,1,7,7,1,0,0,-1,1,-1,-1,-1,16,0,1932,-1,-1,-1,-1,-1,-1,2,0,0,0,0,0,1,0,11,7,8,41.92549731,-87.65296702
0,398562,-1,30,0,0,0,1,2,6,1,0,0,0,1,-1,-1,-1,15,-1,1115,-1,-1,-1,-1,-1,-1,1,0,0,0,0,0,3,0,11,7,8,41.88065015,-87.72797111
2,398552,-1,30,2,2,0,1,14,2,2,0,0,0,1,1,-1,-1,17,-1,1722,-1,-1,-1,-1,-1,-1,2,1,0,0,1,0,1,0,11,7,8,41.96083297,-87.74748556
0,398560,-1,20,0,0,0,1,10,5,2,0,0,0,0,-1,-1,-1,16,16,412,-1,-1,-1,-1,-1,-1,3,0,0,0,0,0,3,0,11,7,8,41.74071289,-87.56646691
0,409514,-1,30,1,5,0,1,12,5,-1,0,0,0,0,1,-1,-1,0,0,1811,-1,-1,-1,-1,-1,-1,2,0,0,0,0,0,2,0,11,7,8,41.91723825,-87.65813068
0,398514,-1,25,0,0,0,1,14,12,-1,0,0,0,0,-1,-1,1,18,-1,1931,-1,1,-1,-1,-1,-1,2,0,0,0,0,0,2,0,11,7,8,41.93340488,-87.66858033
0,398761,-1,0,0,0,0,1,7,7,1,0,0,0,0,-1,-1,1,0,0,2033,-1,-1,-1,-1,-1,-1,2,0,0,0,0,0,1,0,10,7,8,41.9754754,-87.65969701
0,398545,-1,35,1,2,0,1,10,2,4,0,0,0,0,1,-1,-1,15,16,1832,-1,-1,-1,-1,-1,-1,2,0,0,0,0,0,2,0,10,7,8,41.8941093,-87.62828316
0,398836,-1,30,0,0,0,1,14,5,2,0,0,0,0,-1,-1,-1,23,-1,213,-1,-1,-1,-1,-1,-1,2,0,0,0,0,0,2,0,10,7,8,41.83090933,-87.62565549
0,399838,-1,30,0,0,0,1,14,5,4,0,0,0,0,-1,-1,-1,23,23,211,-1,-1,-1,-1,-1,-1,2,0,0,0,0,0,2,0,10,7,8,41.83108666,-87.6288583
0,398517,-1,25,0,0,0,1,0,2,-1,0,0,0,0,-1,-1,-1,-1,-1,2521,-1,-1,-1,-1,-1,-1,2,0,0,0,0,0,2,0,10,7,8,41.93164056,-87.7467963
0,398564,-1,10,0,0,0,1,11,7,2,0,0,0,0,-1,-1,-1,0,0,924,-1,-1,-1,-1,-1,-1,2,0,0,0,0,0,2,0,10,7,8,41.81045155,-87.6837744
0,398532,-1,30,0,0,0,1,7,6,-1,0,0,0,0,-1,-1,-1,-1,-1,1724,-1,-1,-1,-1,-1,-1,2,0,0,0,0,0,1,0,10,7,8,41.95481906,-87.70545268
0,398494,-1,30,0,0,0,1,12,5,-1,0,0,0,0,-1,-1,-1,0,0,224,-1,-1,-1,-1,-1,-1,2,0,0,0,0,0,4,0,10,7,8,41.80202026,-87.62806027
0,398479,-1,30,1,2,0,1,8,5,2,0,0,0,0,1,-1,-1,6,-1,1223,-1,1,1,-1,-1,-1,2,0,0,0,0,0,2,0,10,7,8,41.88233986,-87.67678799
0,399869,-1,30,2,2,0,1,10,5,2,0,0,0,0,-1,-1,-1,18,0,1712,-1,-1,-1,-1,-1,-1,2,0,0,0,0,0,3,0,10,7,8,41.97015238,-87.72823041
0,398497,-1,30,0,0,0,1,10,2,4,0,0,0,0,-1,-1,-1,18,0,1731,-1,-1,-1,-1,-1,-1,2,0,0,0,0,0,2,0,10,7,8,41.9525233,-87.74714571
3,398471,-1,30,2,2,0,1,8,12,-1,0,0,0,1,1,-1,-1,-1,-1,1031,-1,-1,0,-1,-1,-1,2,1,0,1,0,0,1,0,10,7,8,41.83521255,-87.72416538
1,398469,-1,30,0,0,0,1,12,5,-1,0,0,0,1,-1,-1,1,22,11,2011,-1,-1,-1,-1,-1,-1,2,1,0,0,0,1,1,0,9,7,8,41.97813361,-87.68938433
0,398468,-1,30,0,0,0,1,7,5,2,0,0,0,1,-1,-1,1,0,-1,924,-1,-1,-1,-1,-1,-1,2,0,0,0,0,0,1,0,9,7,8,41.81571133,-87.67107847
2,398456,-1,30,1,2,0,1,14,5,4,0,0,0,1,1,-1,-1,6,16,813,-1,-1,-1,-1,-1,-1,2,1,0,0,1,0,2,0,9,7,8,41.77876739,-87.7228232
0,398623,-1,35,0,0,0,1,7,6,3,0,0,0,0,-1,-1,-1,15,16,1424,-1,-1,-1,-1,-1,-1,2,0,0,0,0,0,1,0,9,7,8,41.90484208,-87.6740071
0,398455,-1,30,0,0,1,1,7,6,1,0,0,0,0,-1,-1,-1,11,0,2511,-1,-1,-1,-1,-1,-1,2,0,0,0,0,0,2,0,9,7,8,41.93735762,-87.78131248
0,398426,-1,30,1,2,0,1,0,2,4,0,0,0,1,1,-1,-1,0,-1,1412,-1,-1,-1,-1,-1,-1,2,0,0,0,0,0,2,0,9,7,8,41.92898856,-87.70750035
0,398435,-1,30,0,0,0,1,7,6,2,0,0,0,0,-1,-1,-1,-1,-1,1032,-1,-1,-1,-1,-1,-1,2,0,0,0,0,0,2,0,9,7,8,41.83696536,-87.71473914
0,398549,-1,30,0,0,0,1,7,5,2,0,0,0,0,-1,-1,1,20,0,2031,-1,-1,-1,-1,-1,-1,3,0,0,0,0,0,1,0,9,7,8,41.97584613,-87.68471262
0,398411,-1,15,0,0,1,1,0,7,0,0,0,0,0,-1,1,-1,20,11,712,-1,-1,-1,-1,-1,-1,2,0,0,0,0,0,2,0,9,7,8,41.79383347,-87.64520728
0,398424,-1,20,0,0,0,1,7,5,1,0,0,0,1,-1,-1,-1,23,0,2431,-1,-1,-1,-1,-1,-1,2,0,0,0,0,0,1,0,9,7,8,42.00848338,-87.66773664
0,398444,-1,30,1,2,0,1,14,5,2,0,0,0,0,-1,-1,-1,11,0,2412,-1,-1,-1,-1,-1,-1,2,0,0,0,0,0,4,0,9,7,8,42.00509411,-87.68024198
4,398428,-1,25,1,2,0,1,1,6,2,0,0,0,1,-1,-1,1,16,1,1223,-1,-1,-1,-1,-1,-1,2,1,1,0,0,0,1,0,9,7,8,41.88314387,-87.68366627
0,398404,-1,5,0,0,0,1,10,7,1,0,0,0,0,-1,-1,-1,0,0,431,-1,-1,-1,-1,-1,-1,2,0,0,0,0,0,2,0,8,7,8,41.72235445,-87.57577806
0,399233,-1,30,0,0,0,1,7,5,-1,0,0,0,0,-1,-1,-1,-1,-1,823,-1,-1,-1,-1,-1,-1,2,0,0,0,0,0,2,0,8,7,8,41.78063836,-87.71061336
0,398394,-1,40,0,0,0,2,14,2,-1,0,0,0,0,-1,-1,-1,0,0,2022,-1,-1,-1,-1,-1,-1,2,0,0,0,0,0,2,0,8,7,8,41.9856411,-87.65538854
0,398376,-1,30,2,2,0,1,8,5,2,0,0,-1,0,-1,-1,1,17,-1,1914,-1,-1,-1,-1,-1,-1,2,0,0,0,0,0,3,0,8,7,8,41.96592641,-87.64609185
1,398371,-1,35,1,2,0,1,9,5,-1,0,0,0,1,-1,-1,-1,-1,-1,832,-1,-1,-1,-1,-1,-1,2,1,0,0,0,1,1,0,8,7,8,41.76823848,-87.68348696
0,398484,1,25,0,0,-1,-1,7,5,-1,0,-1,0,0,-1,-1,1,0,0,2222,-1,-1,-1,-1,-1,-1,2,0,0,0,0,0,1,0,8,7,8,41.73026669,-87.65981875
0,398850,-1,30,1,2,0,1,14,5,-1,0,0,0,0,1,-1,-1,23,-1,124,-1,-1,-1,-1,-1,-1,2,0,0,0,0,0,2,0,7,7,8,41.86978062,-87.64065549
0,398338,-1,30,0,0,0,1,10,5,2,0,0,0,0,-1,-1,-1,18,-1,831,-1,-1,-1,-1,-1,-1,2,0,0,0,0,0,4,0,7,7,8,41.7719707,-87.69083301
2,398356,-1,30,1,-1,0,1,14,5,-1,0,0,-1,1,-1,-1,1,25,11,1034,-1,-1,-1,-1,-1,-1,2,1,0,0,1,0,1,0,7,7,8,41.85233531,-87.66619403
0,398345,-1,30,1,2,0,1,14,1,4,0,0,0,1,-1,-1,-1,0,-1,1432,-1,-1,-1,-1,-1,-1,2,0,0,0,0,0,2,0,7,7,8,41.92509105,-87.68191928
0,398442,-1,30,0,0,0,1,7,7,1,0,0,0,0,-1,-1,-1,20,-1,323,-1,-1,-1,-1,-1,-1,2,0,0,0,0,0,1,0,7,7,8,41.75851051,-87.6155188