MOST_SEVERE_INJURY,RD_NO,CRASH_DATE_EST_I,POSTED_SPEED_LIMIT,TRAFFIC_CONTROL_DEVICE,DEVICE_CONDITION,WEATHER_CONDITION,LIGHTING_CONDITION,FIRST_CRASH_TYPE,TRAFFICWAY_TYPE,LANE_CNT,ALIGNMENT,ROADWAY_SURFACE_COND,ROAD_DEFECT,CRASH_TYPE,INTERSECTION_RELATED_I,NOT_RIGHT_OF_WAY_I,HIT_AND_RUN_I,PRIM_CONTRIBUTORY_CAUSE,SEC_CONTRIBUTORY_CAUSE,BEAT_OF_OCCURRENCE,PHOTOS_TAKEN_I,STATEMENTS_TAKEN_I,DOORING_I,WORK_ZONE_I,WORK_ZONE_TYPE,WORKERS_PRESENT_I,NUM_UNITS,INJURIES_TOTAL,INJURIES_FATAL,INJURIES_INCAPACITATING,INJURIES_NON_INCAPACITATING,INJURIES_REPORTED_NOT_EVIDENT,INJURIES_NO_INDICATION,INJURIES_UNKNOWN,CRASH_HOUR,CRASH_DAY_OF_WEEK,CRASH_MONTH,LATITUDE,LONGITUDE
0,398395,-1,0,-1,-1,0,1,12,5,-1,0,0,0,0,-1,-1,-1,0,0,624,-1,-1,-1,-1,-1,-1,2,0,0,0,0,0,2,0,7,7,8,41.75849313,-87.60524023
0,398363,-1,20,0,0,0,2,2,5,4,0,0,0,1,-1,-1,-1,27,0,1911,-1,-1,-1,-1,-1,-1,1,0,0,0,0,0,1,0,7,7,8,41.9596564,-87.68848669
0,398336,-1,30,0,0,0,1,10,5,4,0,0,0,0,0,-1,-1,22,18,1013,-1,-1,-1,-1,-1,-1,2,0,0,0,0,0,3,0,7,7,8,41.8514566,-87.72343304
0,398352,-1,30,0,0,0,1,7,6,1,0,0,0,0,-1,-1,-1,12,0,421,-1,-1,-1,-1,-1,-1,2,0,0,0,0,0,1,0,7,7,8,41.75809665,-87.56286411
0,398593,-1,30,0,0,0,0,7,2,2,0,0,0,0,-1,-1,1,0,0,1221,-1,-1,-1,-1,-1,-1,2,0,0,0,0,0,1,0,7,7,8,41.8897586,-87.68134494
0,398313,-1,35,-1,-1,0,2,7,5,4,0,0,0,0,-1,-1,-1,-1,-1,1112,-1,-1,-1,-1,-1,-1,2,0,0,0,0,0,1,0,6,7,8,41.89552336,-87.72113269
1,398341,-1,40,0,0,0,1,2,3,8,0,0,0,1,-1,-1,-1,11,0,114,-1,-1,-1,-1,-1,-1,1,2,0,0,0,2,2,0,6,7,8,41.87575758,-87.61728578
0,398379,-1,30,0,0,0,1,7,5,-1,0,0,0,1,-1,-1,1,0,0,2433,-1,-1,-1,-1,-1,-1,2,0,0,0,0,0,1,0,6,7,8,41.99262303,-87.66993816
0,398300,-1,30,0,0,0,2,8,2,2,0,0,0,0,-1,-1,1,10,0,1134,-1,-1,-1,-1,-1,-1,2,0,0,0,0,0,2,0,6,7,8,41.8735967,-87.70396745
0,404544,-1,30,0,0,0,1,2,5,-1,0,0,1,0,-1,-1,-1,0,0,1432,-1,-1,-1,-1,-1,-1,1,0,0,0,0,0,1,0,6,7,8,41.92137014,-87.67760456
0,398308,-1,30,1,2,0,1,10,2,-1,0,0,0,0,1,-1,-1,0,-1,922,-1,-1,-1,-1,-1,-1,2,0,0,0,0,0,2,0,6,7,8,41.81201703,-87.68467692
2,398311,-1,30,1,-1,0,1,9,5,0,0,-1,-1,1,1,-1,1,25,16,1132,-1,-1,-1,-1,-1,-1,2,1,0,0,1,0,3,0,5,7,8,41.87306433,-87.72557856
0,399082,-1,25,0,0,0,1,7,5,-1,0,0,0,0,-1,-1,-1,0,-1,921,-1,-1,-1,-1,-1,-1,2,0,0,0,0,0,1,0,5,7,8,41.81742174,-87.69687461
0,398281,1,30,1,2,0,3,7,5,2,0,0,0,1,1,-1,-1,6,-1,2524,-1,-1,-1,-1,-1,-1,2,0,0,0,0,0,1,0,5,7,8,41.92823098,-87.72708301
0,398278,-1,35,0,2,0,3,2,5,2,0,0,0,1,-1,-1,-1,0,0,1222,-1,-1,-1,-1,-1,-1,1,0,0,0,0,0,2,0,5,7,8,41.88422513,-87.69995355
0,398276,-1,25,0,0,0,3,7,5,2,0,0,0,1,-1,-1,1,0,0,1915,-1,-1,-1,-1,-1,-1,2,0,0,0,0,0,1,0,4,7,8,41.9617548,-87.64854373
0,398277,-1,30,0,0,0,3,7,5,-1,0,0,0,1,-1,-1,1,0,-1,2522,-1,-1,-1,-1,-1,-1,2,0,0,0,0,0,1,0,4,7,8,41.92057196,-87.73851567
2,398269,-1,30,1,2,0,3,14,5,2,0,-1,-1,1,-1,-1,1,0,0,225,-1,-1,-1,-1,-1,-1,2,1,0,0,1,0,1,0,4,7,8,41.79409045,-87.63052733
0,398270,1,35,0,0,0,3,2,3,2,0,0,-1,1,-1,-1,1,0,0,1621,-1,-1,-1,-1,-1,-1,1,0,0,0,0,0,1,0,4,7,8,41.99001966,-87.75058992
0,398285,1,25,1,2,0,3,12,5,2,0,0,0,0,-1,-1,1,0,0,1412,-1,-1,-1,-1,-1,-1,2,0,0,0,0,0,3,0,4,7,8,41.93014663,-87.70893848
2,398261,-1,30,0,0,0,3,3,3,4,0,0,0,1,-1,-1,-1,21,0,813,-1,-1,-1,0,-1,-1,2,2,0,0,2,0,1,0,4,7,8,41.78766396,-87.74126681
0,398234,-1,30,0,0,0,3,7,6,1,0,0,0,0,-1,-1,1,0,11,1111,-1,-1,-1,-1,-1,-1,3,0,0,0,0,0,1,0,3,7,8,41.90082622,-87.7341393
-1,398247,-1,15,0,0,0,3,2,0,1,0,0,0,1,-1,-1,-1,16,-1,1531,-1,-1,-1,-1,-1,-1,-1,-1,-1,-1,-1,-1,-1,-1,3,7,8,41.89670408,-87.7478704
0,398246,-1,15,0,0,0,3,2,0,1,0,0,0,1,-1,-1,-1,16,-1,1531,-1,-1,-1,-1,-1,-1,1,0,0,0,0,0,1,0,3,7,8,41.89670408,-87.7478704
2,398256,-1,30,0,0,0,3,12,5,2,0,0,0,1,-1,-1,-1,0,0,1114,-1,-1,-1,-1,-1,-1,2,2,0,0,2,0,1,0,3,7,8,41.88572598,-87.72595726
0,398926,-1,15,0,0,0,3,2,0,1,0,-1,0,0,-1,-1,1,0,0,322,-1,-1,-1,-1,-1,-1,1,0,0,0,0,0,1,0,3,7,8,41.76827718,-87.61790093
0,398220,-1,30,1,2,0,3,10,5,2,0,0,-1,1,-1,-1,-1,16,18,1031,-1,-1,-1,-1,-1,-1,2,0,0,0,0,0,6,0,2,7,8,41.8423184,-87.72435146
0,398228,1,35,0,0,0,3,7,5,4,0,0,0,1,-1,-1,0,21,32,2211,-1,1,-1,-1,-1,-1,3,0,0,0,0,0,1,0,2,7,8,41.70030165,-87.68157332
3,398216,-1,40,0,0,0,3,2,3,4,0,0,0,1,-1,-1,-1,32,16,132,-1,-1,-1,-1,-1,-1,1,1,0,1,0,0,1,0,2,7,8,41.85437381,-87.61537594
3,398194,-1,30,0,0,0,3,2,2,2,0,0,0,1,-1,1,-1,15,14,413,-1,-1,-1,-1,-1,-1,1,1,0,1,0,0,0,0,2,7,8,41.72286708,-87.58528948
0,398176,-1,30,0,0,0,3,10,5,2,0,0,0,1,-1,-1,1,0,-1,1633,-1,-1,-1,-1,-1,-1,2,0,0,0,0,0,2,0,1,7,8,41.93994201,-87.76669452
3,398189,-1,30,0,0,0,3,8,2,4,0,0,-1,1,-1,-1,-1,32,16,2512,-1,-1,-1,-1,-1,-1,2,1,0,1,0,0,1,0,1,7,8,41.92372075,-87.79367976
0,398695,1,25,0,0,0,1,7,6,1,0,0,0,0,-1,-1,1,0,0,1134,-1,-1,-1,-1,-1,-1,2,0,0,0,0,0,1,0,1,7,8,41.87172235,-87.70961596
0,398422,1,30,-1,-1,0,3,2,5,2,3,0,0,0,-1,1,1,0,0,523,-1,-1,-1,-1,-1,-1,1,0,0,0,0,0,2,0,1,7,8,41.67393708,-87.6335054
0,398165,-1,30,-1,-1,0,4,12,5,4,0,0,-1,0,-1,-1,-1,0,-1,1232,-1,-1,-1,-1,-1,-1,2,0,0,0,0,0,2,0,1,7,8,41.86468124,-87.64636586
0,398172,-1,30,1,2,0,3,14,3,4,0,0,0,1,1,-1,-1,17,-1,123,-1,-1,-1,-1,-1,-1,3,0,0,0,0,0,4,0,1,7,8,41.86748292,-87.6304928
0,398703,-1,30,0,0,0,-1,7,6,1,0,0,-1,0,-1,-1,1,0,-1,1512,-1,-1,-1,-1,-1,-1,2,0,0,0,0,0,1,0,1,7,8,41.88428941,-87.76852847
0,398164,-1,30,0,0,0,3,12,5,-1,0,0,0,0,-1,-1,-1,0,-1,1431,-1,-1,-1,-1,-1,-1,3,0,0,0,0,0,4,0,1,7,8,41.92499268,-87.68943331
0,400523,-1,30,0,0,0,-1,7,6,1,0,0,-1,0,-1,-1,1,0,0,723,-1,-1,-1,-1,-1,-1,2,0,0,0,0,0,1,0,1,7,8,41.77568679,-87.64818003
0,399308,-1,30,1,2,0,3,10,5,2,0,-1,-1,0,-1,-1,1,0,-1,731,-1,-1,-1,-1,-1,-1,2,0,0,0,0,0,4,0,1,7,8,41.76533706,-87.62909174
0,398748,-1,15,0,0,0,3,7,6,1,0,0,0,0,-1,-1,1,0,0,1523,-1,-1,-1,-1,-1,-1,2,0,0,0,0,0,1,0,1,7,8,41.888991,-87.76258146
0,398249,-1,20,0,0,0,3,7,5,2,0,0,0,1,-1,-1,-1,12,12,411,-1,-1,-1,-1,-1,-1,2,0,0,0,0,0,2,0,0,7,8,41.75283695,-87.59201861
0,398168,-1,0,0,0,0,3,7,7,-1,0,0,0,0,-1,-1,1,0,0,823,-1,-1,-1,-1,-1,-1,2,0,0,0,0,0,1,0,0,7,8,41.7789147,-87.69962671
1,398136,-1,30,1,2,0,3,10,5,4,0,0,0,1,1,-1,-1,16,18,725,-1,-1,-1,-1,-1,-1,2,1,0,0,0,1,1,0,0,7,8,41.77935155,-87.66427126
0,399131,-1,30,0,0,0,3,7,5,-1,0,0,0,0,-1,-1,1,0,0,1831,-1,-1,-1,-1,-1,-1,2,0,0,0,0,0,2,0,0,7,8,41.89067929,-87.63388114
0,398148,-1,30,2,0,0,3,12,2,-1,0,0,0,0,-1,-1,-1,0,0,815,-1,-1,-1,-1,-1,-1,2,0,0,0,0,0,2,0,0,7,8,41.79316562,-87.74012746
0,398103,-1,30,1,2,0,0,12,6,3,0,0,0,0,-1,-1,-1,21,-1,111,-1,-1,-1,-1,-1,-1,2,0,0,0,0,0,4,0,23,6,8,41.88692153,-87.62636576
0,398767,-1,30,0,0,0,3,10,5,-1,0,0,0,0,-1,-1,-1,0,0,1214,-1,-1,-1,-1,-1,-1,3,0,0,0,0,0,3,0,23,6,8,41.89390208,-87.65646329
0,398143,-1,30,1,2,0,0,10,5,-1,0,0,0,0,-1,-1,1,0,0,1921,-1,-1,-1,-1,-1,-1,2,0,0,0,0,0,3,0,23,6,8,41.93965193,-87.68090321
0,398108,-1,35,1,2,0,3,14,5,-1,0,0,0,1,1,-1,-1,32,27,1513,-1,-1,-1,-1,-1,-1,2,0,0,0,0,0,4,0,23,6,8,41.88003314,-87.7745071
0,398107,-1,30,1,2,0,3,12,5,-1,0,0,0,0,1,-1,-1,22,-1,1214,-1,-1,-1,-1,-1,-1,2,0,0,0,0,0,2,0,23,6,8,41.88907451,-87.64448187
0,398098,-1,30,0,0,0,3,10,5,2,0,1,0,0,-1,-1,-1,18,16,1522,-1,-1,-1,-1,-1,-1,2,0,0,0,0,0,2,0,23,6,8,41.87552453,-87.76454401
0,398908,-1,10,0,0,0,0,12,7,0,3,0,0,0,-1,-1,1,18,23,1223,-1,-1,-1,-1,-1,-1,2,0,0,0,0,0,3,0,23,6,8,41.88124146,-87.67428253
0,398097,-1,30,1,2,0,0,10,5,-1,0,0,0,0,-1,-1,-1,0,0,833,-1,-1,-1,-1,-1,-1,2,0,0,0,0,0,5,0,23,6,8,41.77120925,-87.72881443
0,398095,-1,20,2,0,0,3,0,2,2,0,0,0,1,1,-1,1,15,0,522,-1,-1,-1,-1,-1,-1,2,0,0,0,0,0,3,0,23,6,8,41.67789103,-87.6264349
-1,398078,-1,30,12,0,2,3,2,2,4,0,1,-1,1,-1,-1,-1,7,-1,725,-1,-1,-1,-1,-1,-1,-1,-1,-1,-1,-1,-1,-1,-1,23,6,8,41.77836098,-87.66433686
0,398109,-1,25,2,0,0,3,7,12,1,0,0,0,0,1,-1,0,10,10,1523,-1,-1,-1,-1,-1,-1,2,0,0,0,0,0,2,0,23,6,8,41.88467394,-87.75904199
0,398080,-1,30,1,2,-1,3,12,2,-1,0,1,-1,0,1,-1,1,0,-1,1014,-1,-1,-1,-1,-1,-1,2,0,0,0,0,0,2,0,23,6,8,41.85351541,-87.71739329
0,398566,-1,15,0,-1,1,3,7,7,-1,0,0,0,0,-1,1,1,-1,-1,1223,-1,-1,-1,-1,-1,-1,2,0,0,0,0,0,1,0,23,6,8,41.88124146,-87.67428253
0,398094,-1,35,8,-1,0,3,10,5,-1,0,0,0,0,-1,-1,-1,18,-1,612,-1,-1,-1,-1,-1,-1,2,0,0,0,0,0,2,0,23,6,8,41.75599087,-87.65889019
2,398075,-1,40,0,0,0,3,12,3,4,0,1,0,1,-1,-1,-1,11,11,1833,-1,-1,-1,-1,-1,-1,2,1,0,0,1,0,3,0,23,6,8,41.89681668,-87.61682704
0,398070,-1,30,1,2,0,3,7,6,-1,0,0,-1,0,1,-1,-1,21,0,1225,-1,-1,-1,-1,-1,-1,2,0,0,0,0,0,3,0,23,6,8,41.87486392,-87.68478869
0,398402,-1,30,1,2,0,3,12,5,4,0,0,0,0,-1,-1,-1,22,0,1925,-1,-1,-1,-1,-1,-1,2,0,0,0,0,0,2,0,23,6,8,41.95255659,-87.64950023
0,398116,-1,30,-1,-1,0,4,8,5,4,0,0,-1,0,1,-1,-1,0,-1,1234,-1,-1,-1,-1,-1,-1,2,0,0,0,0,0,2,0,23,6,8,41.85592484,-87.66623983
0,398068,-1,30,1,2,0,3,10,2,-1,0,0,0,0,-1,-1,-1,32,14,512,-1,-1,-1,-1,-1,-1,3,0,0,0,0,0,3,0,22,6,8,41.70716539,-87.61391023
0,398047,-1,30,1,2,0,3,14,5,-1,0,0,0,1,1,-1,-1,6,-1,622,-1,-1,-1,-1,-1,-1,2,0,0,0,0,0,2,0,22,6,8,41.74350456,-87.6366628
0,398050,1,30,1,2,0,3,10,-1,-1,0,0,0,0,-1,-1,-1,7,-1,1712,-1,-1,-1,-1,-1,-1,2,0,0,0,0,0,3,0,22,6,8,41.97548003,-87.74568344
0,412194,-1,30,0,0,0,0,12,5,2,0,-1,-1,0,-1,-1,-1,21,21,122,-1,-1,-1,-1,-1,-1,2,0,0,0,0,0,3,0,22,6,8,41.87779016,-87.63648759
0,398705,1,30,0,0,0,0,7,5,1,0,-1,0,0,-1,-1,1,0,0,221,-1,-1,-1,-1,-1,-1,2,0,0,0,0,0,1,0,22,6,8,41.81056828,-87.60767651
0,398235,-1,30,1,2,0,3,10,5,-1,0,0,0,0,-1,-1,1,16,18,1834,-1,-1,-1,-1,-1,-1,2,0,0,0,0,0,4,0,22,6,8,41.89260898,-87.62689832
0,398087,-1,20,0,0,0,3,12,7,2,0,0,0,0,-1,-1,1,0,-1,915,-1,-1,-1,-1,-1,-1,2,0,0,0,0,0,3,0,22,6,8,41.83092849,-87.6313571
0,398085,-1,35,0,0,0,3,12,5,2,0,0,0,0,-1,-1,1,22,16,2413,-1,-1,-1,-1,-1,-1,2,0,0,0,0,0,4,0,22,6,8,41.99067185,-87.68610755
0,398020,-1,25,0,0,2,3,7,6,-1,0,1,0,0,-1,-1,1,0,-1,1121,-1,-1,-1,-1,-1,-1,2,0,0,0,0,0,1,0,22,6,8,41.89009233,-87.71442063
-1,400450,-1,30,1,2,0,3,14,3,-1,0,0,0,0,1,-1,1,21,0,225,-1,-1,-1,-1,-1,-1,-1,-1,-1,-1,-1,-1,-1,-1,22,6,8,41.79474033,-87.62683842
0,405862,-1,30,0,0,0,3,7,5,-1,0,0,0,0,-1,-1,1,21,-1,2211,-1,-1,-1,-1,-1,-1,2,0,0,0,0,0,1,0,22,6,8,41.69140619,-87.71830608
0,398936,-1,30,0,0,0,3,2,5,4,0,0,0,0,-1,-1,1,0,0,822,-1,-1,-1,-1,-1,-1,1,0,0,0,0,0,1,0,22,6,8,41.78968979,-87.72294286
2,398046,1,30,2,2,0,3,0,5,2,0,0,0,1,1,-1,-1,5,0,1623,-1,-1,-1,-1,-1,-1,2,1,0,0,1,0,1,0,22,6,8,41.98295699,-87.76460819
0,397995,-1,35,0,0,2,3,0,2,4,0,1,0,0,-1,-1,-1,0,0,815,-1,-1,-1,-1,-1,-1,2,0,0,0,0,0,4,0,22,6,8,41.79398242,-87.7233278
0,397998,-1,40,0,0,2,3,10,1,-1,0,1,0,0,-1,-1,-1,18,-1,834,-1,-1,-1,-1,-1,-1,2,0,0,0,0,0,2,0,21,6,8,41.73993507,-87.74088906
2,398012,-1,30,0,0,2,3,7,2,2,0,1,3,1,-1,-1,-1,34,15,2521,-1,-1,-1,-1,-1,-1,4,1,0,0,1,0,0,0,21,6,8,41.93155131,-87.75338299
0,397997,-1,30,1,2,0,3,12,12,-1,0,0,0,0,1,-1,-1,21,-1,421,-1,-1,-1,-1,-1,-1,2,0,0,0,0,0,2,0,21,6,8,41.75183849,-87.56617456
0,401375,-1,20,0,0,0,3,7,7,0,0,0,0,0,-1,1,1,0,-1,1622,-1,-1,-1,-1,-1,-1,2,0,0,0,0,0,2,0,21,6,8,41.97693689,-87.76907431
0,398033,-1,30,0,0,0,3,8,12,1,0,0,0,0,-1,-1,-1,0,0,132,-1,-1,-1,-1,-1,-1,2,0,0,0,0,0,2,0,21,6,8,41.85119984,-87.61881948
0,397988,-1,25,1,2,-1,3,12,12,3,0,-1,0,0,1,-1,-1,22,0,112,-1,-1,-1,-1,-1,-1,2,0,0,0,0,0,2,0,21,6,8,41.88204398,-87.62451104
0,397939,-1,30,1,2,0,3,12,6,2,0,0,0,0,1,-1,-1,22,0,2232,-1,-1,-1,-1,-1,-1,2,0,0,0,0,0,2,0,21,6,8,41.71411887,-87.64314541
0,397931,-1,30,1,2,0,3,2,5,-1,0,1,0,1,1,-1,-1,12,0,1131,-1,-1,-1,-1,-1,-1,1,0,0,0,0,0,2,0,21,6,8,41.87276594,-87.73506082
3,397925,-1,30,1,-1,0,3,14,5,4,0,0,0,1,1,-1,-1,0,0,2512,-1,-1,-1,-1,-1,-1,2,3,0,2,0,1,1,0,21,6,8,41.92344813,-87.80025134
0,398015,-1,40,0,0,2,3,12,3,8,0,1,0,0,-1,-1,-1,21,16,1934,-1,-1,-1,-1,-1,-1,2,0,0,0,0,0,3,0,21,6,8,41.93454091,-87.63236375
0,398838,-1,0,0,0,0,0,10,7,-1,0,0,0,0,-1,-1,-1,-1,-1,2521,-1,-1,-1,-1,-1,-1,2,0,0,0,0,0,2,0,21,6,8,41.93168892,-87.74301695
0,398028,-1,30,0,0,0,3,7,2,-1,0,0,0,0,-1,-1,-1,0,0,715,-1,-1,-1,-1,-1,-1,2,0,0,0,0,0,1,0,21,6,8,41.78865532,-87.66944562
0,397989,-1,30,0,0,0,3,10,2,1,0,0,0,0,-1,-1,1,16,18,1622,-1,-1,-1,-1,-1,-1,2,0,0,0,0,0,3,0,20,6,8,41.96811696,-87.76763335
2,397921,-1,30,1,2,0,3,8,12,2,0,0,0,1,1,-1,-1,17,33,231,-1,-1,-1,-1,-1,-1,2,1,0,0,1,0,1,0,20,6,8,41.79828542,-87.62247888
0,403115,1,30,0,0,0,1,12,5,-1,0,0,0,0,-1,-1,1,18,-1,1432,-1,-1,-1,-1,-1,-1,2,0,0,0,0,0,2,0,20,6,8,41.92501633,-87.6870333
0,401556,-1,30,0,0,0,3,12,5,-1,0,0,0,0,-1,-1,-1,0,0,1833,-1,-1,-1,-1,-1,-1,2,0,0,0,0,0,2,0,20,6,8,41.8993041,-87.62523649
0,400646,-1,30,0,0,0,3,7,5,-1,0,0,0,0,-1,-1,1,0,0,1913,-1,-1,-1,-1,-1,-1,2,0,0,0,0,0,1,0,20,6,8,41.96297326,-87.65608357
0,397970,-1,20,0,0,2,3,8,2,2,0,1,0,0,-1,-1,1,17,0,1223,-1,-1,-1,-1,-1,-1,2,0,0,0,0,0,2,0,20,6,8,41.88390514,-87.67656393
2,397968,-1,30,2,2,-1,3,8,12,2,0,1,0,1,1,-1,-1,0,0,2511,-1,-1,-1,-1,-1,-1,2,1,0,0,1,0,1,0,20,6,8,41.93276034,-87.79812428
0,397937,-1,30,-1,-1,0,3,7,5,2,0,0,-1,0,-1,-1,-1,-1,-1,2532,-1,-1,-1,-1,-1,-1,2,0,0,0,0,0,1,0,20,6,8,41.90729773,-87.75728382
0,397919,-1,30,0,0,0,3,14,5,-1,0,0,0,0,-1,-1,-1,0,0,1723,-1,-1,-1,-1,-1,-1,2,0,0,0,0,0,2,0,20,6,8,41.96667123,-87.71345815
0,397917,-1,55,0,0,2,1,10,5,-1,0,1,0,0,-1,-1,-1,0,0,1824,-1,-1,-1,-1,-1,-1,2,0,0,0,0,0,2,0,20,6,8,41.90402236,-87.62516042
0,397892,0,30,0,0,0,3,7,5,-1,0,0,0,1,-1,-1,-1,11,7,1633,-1,-1,-1,-1,-1,-1,3,0,0,0,0,0,2,0,20,6,8,41.94518286,-87.76687984
0,397905,-1,25,2,2,0,3,0,6,1,0,0,0,0,1,-1,-1,17,-1,1231,-1,-1,-1,-1,-1,-1,2,0,0,0,0,0,2,0,20,6,8,41.86791019,-87.65927284
0,397864,-1,30,-1,-1,0,2,14,5,-1,0,0,0,0,1,-1,-1,23,16,2223,-1,1,-1,-1,-1,-1,2,0,0,0,0,0,3,0,20,6,8,41.73422263,-87.64371259
0,397854,-1,30,1,2,0,4,14,2,4,0,0,0,0,-1,-1,-1,23,17,813,-1,-1,-1,-1,-1,-1,2,0,0,0,0,0,5,0,19,6,8,41.77831125,-87.74280357
0,397907,-1,30,-1,2,0,0,12,3,4,0,0,0,0,-1,-1,1,23,-1,1231,-1,-1,-1,-1,-1,-1,2,0,0,0,0,0,2,0,19,6,8,41.86694424,-87.66623878
0,398018,-1,30,0,0,0,1,12,5,2,0,0,0,0,-1,-1,1,0,0,2523,-1,-1,-1,-1,-1,-1,2,0,0,0,0,0,2,0,19,6,8,41.93603695,-87.737087
1,397855,-1,35,2,2,0,4,0,5,2,0,0,0,1,-1,-1,-1,17,0,1132,-1,-1,-1,-1,-1,-1,2,1,0,0,0,1,6,0,19,6,8,41.87531584,-87.72533912
2,397868,-1,5,0,0,0,4,7,7,0,0,0,0,1,-1,-1,1,0,0,533,-1,-1,-1,-1,-1,-1,2,2,0,0,2,0,1,0,19,6,8,41.65776833,-87.59777076
0,403898,-1,20,2,2,0,1,12,6,-1,0,0,0,0,-1,-1,1,22,17,1434,-1,-1,-1,-1,-1,-1,2,0,0,0,0,0,2,0,19,6,8,41.9125396,-87.68265457
1,397900,-1,30,0,0,0,1,12,5,2,0,0,0,1,-1,-1,-1,17,0,1713,-1,-1,-1,-1,-1,-1,2,1,0,0,0,1,1,0,19,6,8,41.96899213,-87.70863988
0,398751,-1,30,1,2,0,3,10,2,4,0,0,-1,0,-1,-1,-1,18,-1,2532,-1,-1,-1,-1,-1,-1,2,0,0,0,0,0,3,0,19,6,8,41.90932112,-87.76120029
0,397853,-1,30,1,2,0,4,12,3,-1,0,0,0,0,0,-1,-1,18,0,1232,-1,-1,-1,-1,-1,-1,2,0,0,0,0,0,2,0,19,6,8,41.8672631,-87.64697269
0,397920,-1,30,3,2,0,4,12,3,4,0,0,-1,0,-1,-1,1,22,21,1214,-1,-1,-1,-1,-1,-1,2,0,0,0,0,0,2,0,19,6,8,41.89390208,-87.65646329
0,423554,1,15,-1,-1,-1,-1,7,6,1,0,-1,0,0,-1,-1,1,0,-1,1831,-1,-1,-1,-1,-1,-1,2,0,0,0,0,0,1,0,19,6,8,41.88807428,-87.6349552
0,403013,-1,10,0,0,0,1,7,12,-1,0,0,0,0,-1,1,-1,20,0,413,-1,-1,-1,-1,-1,-1,2,0,0,0,0,0,1,0,19,6,8,41.73087856,-87.57084995
0,397820,-1,30,1,2,0,4,12,5,-1,0,0,0,0,-1,-1,-1,22,-1,2433,-1,-1,-1,-1,-1,-1,2,0,0,0,0,0,3,0,18,6,8,41.99464166,-87.66055574
0,397883,-1,30,1,2,0,3,12,5,-1,0,0,0,1,-1,-1,-1,23,11,1623,-1,-1,-1,-1,-1,-1,2,0,0,0,0,0,2,0,18,6,8,41.96450875,-87.74778225
2,397980,-1,30,0,0,0,1,7,6,2,0,0,0,1,-1,-1,-1,25,11,621,-1,-1,-1,-1,-1,-1,3,2,0,0,2,0,3,0,18,6,8,41.75283971,-87.64759145
0,397941,-1,35,0,0,-1,1,7,6,2,0,-1,0,0,-1,-1,-1,0,0,113,-1,-1,-1,-1,-1,-1,2,0,0,0,0,0,3,0,18,6,8,41.87669951,-87.62911067
0,397830,-1,30,0,0,0,4,12,3,4,0,0,0,0,-1,-1,-1,17,0,122,-1,-1,-1,-1,-1,-1,2,0,0,0,0,0,2,0,18,6,8,41.88544439,-87.63258214
0,397826,-1,30,0,0,0,1,7,5,-1,0,0,0,0,-1,-1,-1,0,0,1832,-1,-1,-1,-1,-1,-1,2,0,0,0,0,0,1,0,18,6,8,41.89556835,-87.62825186
0,397761,-1,30,1,2,0,1,10,2,-1,0,0,0,0,1,-1,-1,16,18,2413,-1,-1,-1,-1,-1,-1,2,0,0,0,0,0,2,0,18,6,8,41.99058604,-87.68982247
0,397821,-1,30,1,2,0,1,10,5,4,0,0,0,1,-1,-1,-1,16,18,1532,-1,-1,-1,-1,-1,-1,3,0,0,0,0,0,5,0,18,6,8,41.88866374,-87.75522301
0,398489,-1,30,0,0,0,4,12,2,-1,0,0,0,0,-1,-1,-1,14,16,113,-1,-1,-1,-1,-1,-1,2,0,0,0,0,0,2,0,18,6,8,41.87609786,-87.62910389
2,397797,-1,15,0,0,0,1,9,7,0,0,0,-1,1,-1,-1,-1,0,0,1034,-1,-1,-1,-1,-1,-1,2,1,0,0,1,0,2,0,18,6,8,41.85188291,-87.68891608
0,398676,-1,30,0,0,0,1,7,6,1,0,-1,-1,0,-1,-1,-1,11,11,1922,-1,-1,-1,-1,-1,-1,2,0,0,0,0,0,4,0,18,6,8,41.94145335,-87.66601924
0,397713,-1,30,1,2,0,1,10,5,-1,0,0,0,0,-1,-1,-1,20,-1,123,-1,-1,-1,-1,-1,-1,2,0,0,0,0,0,2,0,18,6,8,41.87228641,-87.630759
0,397673,-1,25,2,0,0,1,14,5,4,0,0,0,0,-1,-1,-1,0,0,1834,-1,-1,-1,-1,-1,-1,2,0,0,0,0,0,2,0,18,6,8,41.89209414,-87.61156988
0,397750,-1,15,0,0,0,1,7,7,-1,0,0,0,0,-1,-1,-1,0,0,1233,-1,-1,-1,-1,-1,-1,2,0,0,0,0,0,1,0,18,6,8,41.86545617,-87.67635732
0,397759,-1,30,1,2,0,1,0,2,3,0,0,0,0,1,-1,-1,17,-1,2432,-1,-1,-1,-1,-1,-1,3,0,0,0,0,0,5,0,18,6,8,42.0004435,-87.66085935
0,397722,-1,30,0,0,0,1,7,6,1,0,0,0,0,-1,-1,1,0,-1,1014,-1,-1,-1,-1,-1,-1,2,0,0,0,0,0,2,0,18,6,8,41.85452527,-87.72372948
3,397926,-1,25,0,0,2,4,10,5,-1,0,1,0,1,-1,-1,-1,18,16,2412,-1,-1,-1,-1,-1,-1,3,2,0,1,1,0,1,0,18,6,8,42.00490835,-87.69100224