MOST_SEVERE_INJURY,RD_NO,CRASH_DATE_EST_I,POSTED_SPEED_LIMIT,TRAFFIC_CONTROL_DEVICE,DEVICE_CONDITION,WEATHER_CONDITION,LIGHTING_CONDITION,FIRST_CRASH_TYPE,TRAFFICWAY_TYPE,LANE_CNT,ALIGNMENT,ROADWAY_SURFACE_COND,ROAD_DEFECT,CRASH_TYPE,INTERSECTION_RELATED_I,NOT_RIGHT_OF_WAY_I,HIT_AND_RUN_I,PRIM_CONTRIBUTORY_CAUSE,SEC_CONTRIBUTORY_CAUSE,BEAT_OF_OCCURRENCE,PHOTOS_TAKEN_I,STATEMENTS_TAKEN_I,DOORING_I,WORK_ZONE_I,WORK_ZONE_TYPE,WORKERS_PRESENT_I,NUM_UNITS,INJURIES_TOTAL,INJURIES_FATAL,INJURIES_INCAPACITATING,INJURIES_NON_INCAPACITATING,INJURIES_REPORTED_NOT_EVIDENT,INJURIES_NO_INDICATION,INJURIES_UNKNOWN,CRASH_HOUR,CRASH_DAY_OF_WEEK,CRASH_MONTH,LATITUDE,LONGITUDE
1,397793,-1,30,2,2,0,4,9,12,1,0,0,0,1,1,-1,-1,17,27,1411,-1,-1,-1,-1,-1,-1,2,1,0,0,0,1,1,0,18,6,8,41.93200349,-87.69869703
0,397779,-1,10,0,0,0,1,7,7,-1,0,0,0,0,-1,-1,1,0,-1,121,-1,-1,-1,-1,-1,-1,2,0,0,0,0,0,1,0,18,6,8,41.88327486,-87.6442191
0,397770,-1,30,1,2,0,1,14,6,3,0,0,-1,0,-1,-1,1,23,-1,1533,-1,-1,-1,-1,-1,-1,2,0,0,0,0,0,3,0,18,6,8,41.87107048,-87.74497391
0,397753,-1,30,0,0,0,1,14,5,-1,0,0,0,0,1,-1,-1,21,-1,2033,-1,-1,-1,1,2,-1,2,0,0,0,0,0,2,0,18,6,8,41.97362234,-87.65994124
0,397728,-1,30,0,0,0,2,14,2,2,0,0,-1,1,-1,-1,-1,17,-1,1731,-1,-1,-1,-1,-1,-1,2,0,0,0,0,0,7,0,18,6,8,41.93918261,-87.72876044
2,397850,-1,5,0,0,0,1,7,7,-1,0,0,0,1,-1,1,1,0,-1,835,-1,1,-1,-1,-1,-1,2,1,0,0,1,0,0,0,17,6,8,41.74990987,-87.70696835
2,397739,-1,30,3,2,0,1,12,1,5,0,0,0,1,-1,-1,1,0,0,1233,-1,-1,-1,-1,-1,-1,2,1,0,0,1,0,1,0,17,6,8,41.86652384,-87.6845752
0,397714,-1,15,0,0,0,1,7,0,1,0,0,12,1,-1,-1,-1,32,32,933,-1,-1,-1,-1,-1,-1,3,0,0,0,0,0,1,0,17,6,8,41.80564782,-87.66260585
0,397782,-1,0,0,0,0,1,7,2,2,0,0,-1,0,-1,-1,1,0,0,2233,-1,-1,-1,-1,-1,-1,2,0,0,0,0,0,1,0,17,6,8,41.68562832,-87.64202316
0,397769,-1,35,1,2,0,1,10,3,4,0,0,0,1,-1,-1,-1,25,0,1711,-1,-1,-1,-1,-1,-1,2,0,0,0,0,0,2,0,17,6,8,41.99502657,-87.71515277
0,397729,-1,30,0,0,0,1,12,3,-1,0,0,0,0,-1,-1,-1,0,-1,123,-1,-1,-1,-1,-1,-1,2,0,0,0,0,0,3,0,17,6,8,41.87545891,-87.62440057
0,397873,-1,0,1,2,0,1,12,5,1,0,0,0,0,-1,-1,1,0,0,611,-1,-1,-1,-1,-1,-1,2,0,0,0,0,0,2,0,17,6,8,41.75034206,-87.67300239
0,397705,1,30,4,2,0,1,7,6,1,0,0,0,1,-1,-1,-1,14,23,2233,-1,-1,-1,-1,-1,-1,2,0,0,0,0,0,1,0,17,6,8,41.69954411,-87.64367513
0,397730,-1,30,0,0,0,1,10,2,2,0,0,-1,0,-1,-1,-1,7,0,611,-1,-1,-1,-1,-1,-1,2,0,0,0,0,0,2,0,17,6,8,41.75044455,-87.6635876
0,397727,-1,30,1,-1,0,1,14,5,4,0,0,-1,0,1,-1,-1,0,0,433,-1,-1,-1,-1,-1,-1,2,0,0,0,0,0,2,0,17,6,8,41.66611299,-87.55900308
1,397712,-1,30,0,0,0,1,8,5,-1,0,0,12,1,-1,-1,-1,0,0,815,-1,-1,-1,1,2,-1,2,1,0,0,0,1,1,0,17,6,8,41.79551364,-87.73288378
0,397765,-1,15,0,0,0,1,7,6,1,0,0,0,0,-1,-1,1,0,0,1722,-1,-1,-1,-1,-1,-1,2,0,0,0,0,0,1,0,17,6,8,41.96685808,-87.7290604
0,397686,-1,30,2,2,0,1,10,3,4,0,0,0,0,-1,-1,1,0,0,611,-1,-1,-1,-1,-1,-1,2,0,0,0,0,0,2,0,17,6,8,41.75026224,-87.66358012
0,397693,-1,30,1,2,0,1,10,5,2,0,0,0,0,1,-1,-1,18,18,1723,-1,-1,-1,-1,-1,-1,2,0,0,0,0,0,2,0,17,6,8,41.96823774,-87.71831301
0,397982,-1,30,0,0,0,-1,7,6,2,0,-1,-1,0,-1,-1,-1,1,8,1222,-1,-1,-1,-1,-1,-1,2,0,0,0,0,0,1,0,17,6,8,41.88280511,-87.69466649
0,397798,-1,30,1,2,0,1,10,2,6,0,0,0,0,-1,-1,-1,18,0,114,-1,-1,-1,-1,-1,-1,2,0,0,0,0,0,3,0,17,6,8,41.87588972,-87.61699516
0,397744,-1,30,1,2,0,1,10,5,-1,0,0,0,0,-1,-1,-1,-1,-1,122,-1,-1,-1,-1,-1,-1,2,0,0,0,0,0,2,0,17,6,8,41.87681825,-87.6308945
0,397720,-1,40,0,0,0,1,10,3,6,0,0,0,1,-1,-1,-1,18,-1,2022,-1,-1,-1,-1,-1,-1,4,0,0,0,0,0,4,0,17,6,8,41.983976,-87.6528362
0,398957,-1,30,0,0,0,1,7,5,-1,0,0,0,0,-1,-1,-1,11,11,524,-1,-1,-1,-1,-1,-1,2,0,0,0,0,0,1,0,17,6,8,41.68502626,-87.64229737
0,397878,-1,30,0,0,0,4,12,5,4,0,0,0,0,-1,-1,-1,22,0,1432,-1,-1,-1,-1,-1,-1,2,0,0,0,0,0,2,0,17,6,8,41.91796811,-87.67231823
0,397867,-1,25,0,0,0,1,10,5,-1,0,0,0,0,-1,-1,-1,-1,-1,1222,-1,-1,-1,-1,-1,-1,2,0,0,0,0,0,2,0,17,6,8,41.88203602,-87.68660241
0,397708,-1,30,2,2,0,1,14,5,2,0,0,0,0,1,-1,1,23,-1,1731,-1,-1,-1,-1,-1,-1,2,0,0,0,0,0,2,0,17,6,8,41.93907412,-87.73218488
0,397702,-1,35,0,0,0,1,0,5,2,0,0,0,0,-1,-1,-1,0,-1,1624,-1,-1,-1,-1,-1,-1,2,0,0,0,0,0,2,0,17,6,8,41.95342216,-87.7561262
0,397690,-1,30,2,2,0,1,0,2,0,0,0,0,1,1,-1,-1,17,-1,213,-1,-1,-1,-1,-1,-1,2,0,0,0,0,0,2,0,17,6,8,41.81829798,-87.61998466
0,397735,-1,30,0,0,0,1,12,6,2,0,0,0,0,-1,-1,-1,0,-1,1231,-1,-1,-1,-1,-1,-1,2,0,0,0,0,0,4,0,17,6,8,41.87502233,-87.67045411
0,398685,-1,15,0,0,0,1,7,-1,2,0,0,-1,0,-1,-1,-1,21,0,121,-1,-1,-1,-1,-1,-1,2,0,0,0,0,0,1,0,17,6,8,41.88197705,-87.63887584
0,397684,-1,30,1,-1,0,1,12,6,2,0,-1,-1,0,1,-1,1,0,0,112,-1,-1,-1,-1,-1,-1,2,0,0,0,0,0,2,0,17,6,8,41.88201781,-87.62606599
0,397665,1,30,0,0,0,1,7,6,1,0,0,0,0,-1,-1,1,0,-1,2532,-1,-1,-1,-1,-1,-1,2,0,0,0,0,0,1,0,17,6,8,41.90322968,-87.75912989
0,397663,-1,30,2,2,0,1,0,5,2,0,0,0,1,1,-1,-1,5,16,1231,-1,-1,-1,-1,-1,-1,2,0,0,0,0,0,2,0,17,6,8,41.86914895,-87.67156169
0,408185,-1,30,0,0,0,1,7,6,-1,0,0,0,0,-1,-1,1,0,0,1935,-1,-1,-1,1,2,1,2,0,0,0,0,0,1,0,17,6,8,41.92674437,-87.64105843
2,397661,-1,30,0,0,0,1,0,3,4,0,0,0,1,-1,-1,-1,17,21,1723,-1,-1,-1,-1,-1,-1,2,1,0,0,1,0,1,0,17,6,8,41.95393048,-87.7154262
0,397645,-1,30,1,2,0,1,10,2,4,0,0,0,0,-1,-1,-1,16,11,833,-1,-1,-1,-1,-1,-1,2,0,0,0,0,0,2,0,17,6,8,41.77088604,-87.72241668
0,398372,-1,30,0,0,-1,1,7,6,-1,0,-1,-1,0,-1,-1,-1,0,-1,314,-1,-1,-1,-1,-1,-1,2,0,0,0,0,0,1,0,17,6,8,41.78408897,-87.59487643
0,397838,-1,30,1,-1,0,1,10,5,4,0,0,-1,0,-1,-1,-1,0,0,431,-1,-1,-1,-1,-1,-1,2,0,0,0,0,0,2,0,17,6,8,41.72227472,-87.58195051
0,397814,-1,10,0,0,0,1,0,7,0,0,0,0,0,-1,1,-1,20,11,913,-1,-1,-1,-1,-1,-1,2,0,0,0,0,0,2,0,17,6,8,41.84185248,-87.65780104
2,397679,-1,30,2,2,0,1,9,5,-1,0,0,0,1,1,-1,-1,0,-1,1221,-1,-1,-1,-1,-1,-1,2,1,0,0,1,0,1,0,17,6,8,41.8916852,-87.67952361
0,397664,-1,30,1,2,0,1,14,5,2,0,0,0,0,1,-1,-1,22,23,1722,-1,-1,-1,-1,-1,-1,2,0,0,0,0,0,3,0,17,6,8,41.96802328,-87.73796319
0,397656,-1,30,1,2,0,1,14,5,-1,0,0,0,0,1,-1,-1,0,-1,2533,-1,-1,-1,-1,-1,-1,2,0,0,0,0,0,2,0,16,6,8,41.90948219,-87.74869831
2,397626,-1,30,1,2,0,1,0,12,-1,0,0,0,1,1,-1,1,6,-1,1022,-1,-1,-1,-1,-1,-1,2,1,0,0,1,0,1,0,16,6,8,41.85196251,-87.69915253
0,397697,-1,30,0,0,0,1,10,2,-1,0,0,0,0,-1,-1,-1,16,18,2411,-1,-1,-1,-1,-1,-1,2,0,0,0,0,0,2,0,16,6,8,42.01918197,-87.70116444
0,397622,-1,15,0,0,0,1,10,5,2,0,0,0,1,-1,-1,-1,11,-1,2031,-1,-1,-1,-1,-1,-1,2,0,0,0,0,0,3,0,16,6,8,41.97522374,-87.6987526
0,398459,-1,25,1,2,0,1,10,5,4,0,0,-1,1,-1,-1,-1,0,0,413,-1,-1,-1,-1,-1,-1,3,0,0,0,0,0,3,0,16,6,8,41.7224921,-87.58211551
0,397694,-1,30,2,2,0,1,14,2,4,0,0,0,0,-1,-1,-1,17,0,1733,-1,-1,-1,-1,-1,-1,2,0,0,0,0,0,3,0,16,6,8,41.93941643,-87.70999319
0,397624,-1,30,0,0,0,1,14,5,-1,0,0,0,0,-1,-1,-1,-1,-1,912,-1,-1,-1,-1,-1,-1,2,0,0,0,0,0,2,0,16,6,8,41.83183581,-87.67546184
1,397599,-1,30,0,0,0,1,0,5,-1,0,0,0,1,1,-1,-1,0,-1,1631,-1,-1,-1,-1,-1,-1,2,2,0,0,0,2,0,0,16,6,8,41.94513127,-87.80814797
0,397597,-1,30,0,0,0,1,7,6,-1,0,0,0,0,-1,-1,1,21,14,511,-1,-1,-1,-1,-1,-1,2,0,0,0,0,0,1,0,16,6,8,41.71308547,-87.63101058
0,397668,-1,0,1,2,0,1,12,2,4,0,0,0,0,-1,-1,-1,0,0,1814,-1,-1,-1,-1,-1,-1,2,0,0,0,0,0,5,0,16,6,8,41.91508754,-87.63419398
1,397647,-1,30,1,2,0,1,14,5,3,0,0,0,1,1,-1,-1,17,14,123,-1,-1,-1,-1,-1,-1,2,1,0,0,0,1,1,0,16,6,8,41.87233535,-87.63068072
0,397630,-1,30,1,2,0,1,12,5,-1,0,0,0,0,-1,-1,-1,0,11,1833,-1,-1,-1,-1,-1,-1,2,0,0,0,0,0,2,0,16,6,8,41.89665834,-87.62186634
0,397623,1,30,0,0,0,1,12,6,-1,0,0,0,0,-1,-1,-1,0,-1,111,-1,-1,-1,-1,-1,-1,2,0,0,0,0,0,3,0,16,6,8,41.88465183,-87.62639868
2,397621,-1,35,0,0,0,1,10,2,4,0,0,3,1,-1,-1,-1,18,16,2222,-1,-1,-1,1,2,-1,2,1,0,0,1,0,1,0,16,6,8,41.73578599,-87.65713119
3,397590,-1,30,1,2,0,1,5,5,2,0,0,0,1,1,-1,-1,16,0,1935,-1,-1,-1,-1,-1,-1,2,1,0,1,0,0,1,0,16,6,8,41.92904145,-87.64874006
0,397564,-1,30,0,0,0,1,12,2,2,0,0,0,0,-1,-1,-1,16,-1,1933,-1,-1,-1,-1,-1,-1,2,0,0,0,0,0,3,0,16,6,8,41.93834948,-87.64954389
0,401423,-1,30,0,0,0,1,2,5,-1,0,0,0,0,-1,-1,-1,0,0,925,-1,-1,-1,-1,-1,-1,1,0,0,0,0,0,1,0,16,6,8,41.81649208,-87.63362452
0,397657,-1,30,1,2,0,1,10,5,-1,0,0,0,0,1,-1,1,18,-1,1122,-1,-1,-1,-1,-1,-1,2,0,0,0,0,0,3,0,16,6,8,41.88089727,-87.72088123
0,397608,-1,30,1,2,0,1,14,5,-1,0,0,0,0,1,-1,-1,23,-1,312,-1,-1,-1,-1,-1,-1,2,0,0,0,0,0,2,0,16,6,8,41.78000828,-87.62552251
2,397595,-1,30,1,2,0,2,14,5,-1,0,0,0,1,1,-1,-1,17,-1,333,-1,-1,-1,-1,-1,-1,2,1,0,0,1,0,1,0,16,6,8,41.76593956,-87.5788822
1,397567,-1,30,0,0,0,1,10,5,2,0,0,0,1,-1,-1,1,18,16,924,-1,-1,-1,-1,-1,-1,2,1,0,0,0,1,1,0,16,6,8,41.80869458,-87.66702507
0,397575,-1,30,2,0,0,1,10,5,2,0,0,0,0,1,-1,-1,18,-1,1623,-1,-1,-1,-1,-1,-1,2,0,0,0,0,0,2,0,15,6,8,41.9735841,-87.74996839
2,397560,-1,30,3,2,0,1,9,3,2,0,0,0,1,-1,-1,1,22,22,1122,-1,-1,-1,-1,-1,-1,2,1,0,0,1,0,1,0,15,6,8,41.88084857,-87.72060857
0,397545,-1,30,1,2,0,1,14,5,4,0,0,0,1,1,-1,-1,21,-1,1834,-1,-1,-1,-1,-1,-1,2,0,0,0,0,0,5,0,15,6,8,41.89104258,-87.62007804
0,397609,-1,30,1,2,0,1,12,5,-1,0,0,0,0,1,-1,-1,0,0,912,-1,-1,-1,-1,-1,-1,2,0,0,0,0,0,2,0,15,6,8,41.83929996,-87.66593524
1,397548,-1,30,2,2,0,1,10,6,1,0,-1,-1,1,-1,-1,-1,18,18,1924,-1,-1,-1,-1,-1,-1,2,1,0,0,0,1,2,0,15,6,8,41.94190243,-87.64980632
2,397534,-1,30,0,0,0,1,8,6,2,0,0,0,1,-1,-1,-1,4,-1,122,-1,-1,-1,-1,-1,-1,2,1,0,0,1,0,1,0,15,6,8,41.88549412,-87.6340701
2,397522,-1,30,2,2,0,1,0,5,4,0,0,-1,1,1,-1,-1,5,0,611,-1,-1,-1,-1,-1,-1,3,1,0,0,1,0,1,0,15,6,8,41.75390152,-87.66367033
0,397682,-1,30,0,0,0,1,7,6,1,0,0,-1,0,-1,-1,1,0,-1,713,-1,-1,-1,-1,-1,-1,2,0,0,0,0,0,1,0,15,6,8,41.78887702,-87.66095988
0,397607,-1,30,2,2,0,1,14,5,-1,0,0,0,0,1,-1,-1,0,0,1231,-1,-1,-1,-1,-1,-1,2,0,0,0,0,0,2,0,15,6,8,41.86741593,-87.67151485
0,397544,-1,30,1,2,0,1,14,5,-1,0,0,0,0,1,-1,-1,0,0,1821,-1,-1,-1,-1,-1,-1,2,0,0,0,0,0,2,0,15,6,8,41.90388183,-87.63961085
0,397540,-1,30,1,2,0,1,10,5,-1,0,0,0,0,-1,-1,-1,18,0,1012,-1,-1,-1,-1,-1,-1,2,0,0,0,0,0,2,0,15,6,8,41.85158694,-87.72969043
3,397533,-1,30,0,0,0,1,8,5,4,0,0,0,1,1,-1,-1,0,0,633,-1,-1,-1,-1,-1,-1,2,1,0,1,0,0,2,0,15,6,8,41.7276443,-87.60454223
0,397519,-1,30,2,2,0,1,0,5,-1,0,0,0,1,-1,-1,-1,17,-1,815,-1,-1,-1,-1,-1,-1,2,0,0,0,0,0,3,0,15,6,8,41.80787633,-87.73188248
1,397525,-1,30,0,0,0,1,10,5,4,0,0,0,1,-1,-1,1,0,-1,1813,1,-1,-1,-1,-1,-1,2,1,0,0,0,1,2,0,15,6,8,41.91102258,-87.64876152
0,398438,-1,30,1,-1,0,1,14,2,4,0,-1,-1,0,1,-1,-1,0,0,1633,0,-1,-1,-1,-1,-1,2,0,0,0,0,0,2,0,15,6,8,41.95307342,-87.76705642
0,397490,1,25,0,0,0,1,12,5,4,0,0,0,1,-1,-1,-1,21,-1,1215,-1,-1,-1,-1,-1,-1,2,0,0,0,0,0,2,0,15,6,8,41.89601383,-87.66407098
0,397577,-1,30,1,2,0,1,10,5,2,0,0,0,0,1,-1,-1,18,16,1121,-1,-1,-1,-1,-1,-1,2,0,0,0,0,0,2,0,15,6,8,41.89566259,-87.70661921
0,397503,-1,30,0,0,0,1,2,5,-1,0,0,0,0,-1,-1,-1,0,0,2212,-1,-1,-1,-1,-1,-1,1,0,0,0,0,0,1,0,15,6,8,41.69749525,-87.66696519
2,446737,-1,20,0,0,0,1,9,7,-1,0,0,0,1,-1,-1,-1,11,11,211,-1,-1,-1,-1,-1,-1,2,1,0,0,1,0,1,0,15,6,8,41.83262451,-87.6168411
0,397704,-1,30,1,2,0,1,10,2,4,0,0,0,0,-1,-1,-1,18,0,413,-1,-1,-1,-1,-1,-1,2,0,0,0,0,0,2,0,15,6,8,41.72273739,-87.57550803
0,397515,-1,30,1,2,0,1,10,2,2,0,0,0,0,-1,-1,-1,18,-1,2512,-1,-1,-1,-1,-1,-1,2,0,0,0,0,0,2,0,15,6,8,41.92370819,-87.79530078
0,397721,-1,30,0,0,0,1,2,5,2,0,0,0,0,-1,-1,-1,0,0,1914,-1,-1,-1,-1,-1,-1,1,0,0,0,0,0,2,0,15,6,8,41.96537211,-87.64935585
0,397499,-1,30,2,2,0,1,7,2,2,0,0,0,0,-1,-1,-1,22,-1,911,-1,-1,-1,-1,-1,-1,2,0,0,0,0,0,1,0,15,6,8,41.82568686,-87.69212102
0,398389,-1,15,0,0,0,1,0,7,-1,0,0,0,0,-1,-1,-1,20,-1,1711,-1,-1,-1,-1,-1,-1,2,0,0,0,0,0,2,0,15,6,8,41.98593151,-87.72836921
0,400312,-1,30,-1,-1,-1,-1,12,5,-1,0,-1,-1,0,-1,-1,-1,-1,-1,2535,-1,-1,-1,-1,-1,-1,2,0,0,0,0,0,4,0,15,6,8,41.91010325,-87.71675618
0,397654,-1,30,1,2,0,1,12,2,-1,0,0,0,0,-1,-1,1,23,-1,623,-1,-1,-1,-1,-1,-1,2,0,0,0,0,0,2,0,15,6,8,41.75086472,-87.62388986
0,397613,-1,30,1,2,0,1,10,5,4,0,0,0,0,-1,-1,-1,16,11,833,-1,-1,-1,-1,-1,-1,2,0,0,0,0,0,2,0,15,6,8,41.74968144,-87.7218363
0,397500,-1,30,0,0,0,1,12,5,-1,0,0,0,0,-1,-1,1,25,0,915,-1,-1,-1,-1,-1,-1,2,0,0,0,0,0,2,0,15,6,8,41.83437074,-87.6400345
0,397541,-1,30,2,0,0,1,0,2,-1,0,0,0,0,1,-1,-1,0,0,2433,-1,-1,-1,-1,-1,-1,2,0,0,0,0,0,4,0,14,6,8,41.99425877,-87.67410612
0,397486,-1,30,1,2,0,1,10,2,-1,0,0,0,0,1,-1,-1,16,18,2433,-1,-1,-1,-1,-1,-1,2,0,0,0,0,0,2,0,14,6,8,41.99084011,-87.67017295
0,403632,-1,30,1,2,-1,-1,14,6,-1,0,-1,0,0,1,-1,-1,0,-1,715,-1,-1,-1,-1,-1,-1,2,0,0,0,0,0,2,0,14,6,8,41.79347836,-87.67442622
0,397610,0,35,0,0,0,1,10,2,2,0,0,0,0,-1,-1,-1,18,16,831,-1,-1,-1,-1,-1,-1,3,0,0,0,0,0,4,0,14,6,8,41.77182765,-87.69994317
0,400299,-1,20,0,0,0,1,10,2,1,0,0,0,0,-1,-1,-1,18,9,2413,-1,-1,-1,-1,-1,-1,2,0,0,0,0,0,2,0,14,6,8,41.99742771,-87.70091713
1,397509,-1,30,1,2,0,1,14,2,2,0,0,-1,1,1,-1,-1,6,11,914,-1,-1,-1,-1,-1,-1,2,1,0,0,0,1,2,0,14,6,8,41.84525018,-87.64397862
0,397481,-1,30,0,0,0,1,12,5,-1,0,0,0,0,-1,-1,-1,0,0,1834,-1,-1,-1,-1,-1,-1,2,0,0,0,0,0,2,0,14,6,8,41.89497091,-87.61597785
0,397470,-1,30,0,0,0,1,10,5,2,0,0,-1,0,-1,-1,1,16,-1,1031,-1,-1,-1,-1,-1,-1,2,0,0,0,0,0,3,0,14,6,8,41.84418808,-87.72094987
0,397469,-1,25,2,2,0,1,10,5,-1,0,0,0,0,1,-1,-1,20,20,2413,-1,-1,-1,-1,-1,-1,2,0,0,0,0,0,4,0,14,6,8,41.99238231,-87.68976867
0,397474,-1,30,0,0,0,1,7,6,2,0,0,0,1,-1,-1,-1,16,-1,915,-1,-1,-1,-1,-1,-1,2,0,0,0,0,0,2,0,14,6,8,41.83049253,-87.63164088
0,401444,-1,30,0,0,0,1,12,5,-1,0,0,0,0,-1,-1,-1,-1,-1,824,-1,-1,-1,-1,-1,-1,2,0,0,0,0,0,2,0,14,6,8,41.7871287,-87.68399483
0,397523,-1,10,0,0,0,1,7,7,-1,0,0,0,0,-1,-1,1,0,-1,431,-1,-1,-1,-1,-1,-1,2,0,0,0,0,0,2,0,14,6,8,41.7222632,-87.58291764
0,397466,-1,30,0,0,0,1,9,5,2,0,0,0,0,1,-1,-1,0,0,2413,-1,1,-1,-1,-1,-1,2,0,0,0,0,0,2,0,14,6,8,41.99075526,-87.67857159
2,397429,-1,45,3,2,0,1,12,3,4,0,0,0,1,1,-1,-1,11,21,132,-1,-1,-1,-1,-1,-1,2,1,0,0,1,0,1,0,14,6,8,41.86411696,-87.61894998
0,405371,-1,30,0,0,0,1,0,5,-1,0,0,0,0,-1,-1,-1,17,17,1613,-1,-1,-1,-1,-1,-1,2,0,0,0,0,0,2,0,14,6,8,41.97243546,-87.80492021
0,397476,-1,30,2,12,0,1,0,5,-1,0,0,0,1,1,-1,-1,17,-1,1232,-1,-1,-1,-1,-1,-1,2,0,0,0,0,0,2,0,14,6,8,41.8777806,-87.65068082
0,399900,-1,30,0,0,0,1,12,5,4,0,0,0,0,-1,-1,-1,0,-1,2513,-1,-1,-1,-1,-1,-1,2,0,0,0,0,0,4,0,14,6,8,41.90924161,-87.78651452
0,397786,-1,15,0,0,0,1,7,12,-1,0,0,0,0,-1,-1,0,0,-1,432,-1,-1,-1,-1,-1,-1,2,0,0,0,0,0,1,0,14,6,8,41.71765094,-87.5270076
0,397573,-1,20,2,2,0,1,0,12,2,0,0,0,0,-1,-1,-1,-1,-1,232,-1,-1,-1,-1,-1,-1,2,0,0,0,0,0,2,0,14,6,8,41.78938024,-87.62062733
1,397524,-1,30,2,2,0,1,9,5,2,0,0,0,1,-1,-1,1,17,-1,1232,-1,-1,-1,-1,-1,-1,2,1,0,0,0,1,1,0,14,6,8,41.87797614,-87.64943445
1,397485,-1,30,1,-1,0,1,10,2,2,0,-1,-1,1,-1,-1,1,0,-1,2513,-1,-1,-1,-1,-1,-1,3,1,0,0,0,1,2,0,14,6,8,41.91487671,-87.77556174
0,397439,-1,30,-1,-1,-1,1,7,5,-1,0,-1,-1,0,-1,-1,-1,0,-1,1923,-1,-1,-1,-1,-1,-1,2,0,0,0,0,0,1,0,14,6,8,41.95240164,-87.66401827
0,397432,-1,30,0,0,0,1,10,5,2,0,0,0,0,-1,-1,-1,-1,-1,832,-1,-1,-1,-1,-1,-1,2,0,0,0,0,0,2,0,14,6,8,41.76483925,-87.68118881
1,397421,1,30,1,2,0,1,14,2,2,0,0,0,1,1,-1,-1,22,0,1633,-1,-1,-1,-1,-1,-1,1,1,0,0,0,1,0,0,14,6,8,41.94568835,-87.78615124
0,397413,-1,30,1,2,0,1,10,5,4,0,0,0,0,-1,-1,-1,16,11,833,-1,-1,-1,-1,-1,-1,3,0,0,0,0,0,3,0,13,6,8,41.77082264,-87.7224154
0,397389,-1,0,0,0,1,1,2,12,0,0,0,0,0,-1,-1,-1,20,-1,2525,-1,-1,-1,-1,-1,-1,1,0,0,0,0,0,1,0,13,6,8,41.9183197,-87.72306976
0,398324,-1,30,0,0,0,1,2,2,-1,0,0,12,1,-1,-1,-1,28,28,923,0,-1,-1,-1,-1,-1,1,0,0,0,0,0,1,0,13,6,8,41.80176566,-87.68409393
0,397529,-1,30,2,2,0,1,10,5,-1,0,0,0,0,1,-1,-1,0,-1,911,-1,-1,-1,-1,-1,-1,2,0,0,0,0,0,2,0,13,6,8,41.83029607,-87.69005861
0,397459,-1,15,0,0,0,1,7,7,1,0,0,0,0,-1,-1,-1,11,0,621,-1,-1,-1,-1,-1,-1,2,0,0,0,0,0,2,0,13,6,8,41.7470861,-87.64408438
2,397427,-1,30,2,2,0,1,8,6,1,2,0,0,1,-1,-1,-1,0,0,1513,-1,-1,-1,-1,-1,-1,2,1,0,0,1,0,2,0,13,6,8,41.88005954,-87.7728742
0,397475,-1,15,0,0,0,1,2,0,-1,0,0,0,0,-1,0,-1,8,0,825,-1,-1,-1,-1,-1,-1,1,0,0,0,0,0,1,0,13,6,8,41.78189834,-87.692107
0,397422,-1,30,2,2,0,1,0,5,2,0,0,0,1,1,-1,-1,0,-1,1224,-1,-1,-1,-1,-1,-1,2,0,0,0,0,0,3,0,13,6,8,41.88447619,-87.64983293
0,398329,-1,45,1,2,0,1,10,3,4,0,0,0,0,-1,-1,-1,16,18,114,-1,-1,-1,-1,-1,-1,2,0,0,0,0,0,3,0,13,6,8,41.87844452,-87.61705509
0,397426,-1,30,1,2,0,1,10,5,2,0,0,0,0,1,-1,-1,18,-1,1623,-1,-1,-1,-1,-1,-1,3,0,0,0,0,0,5,0,13,6,8,41.97537554,-87.75372451
0,397460,-1,30,0,0,0,1,7,5,2,0,0,0,0,-1,-1,-1,0,0,1811,-1,-1,-1,-1,-1,-1,2,0,0,0,0,0,2,0,13,6,8,41.91499718,-87.65542628
0,397373,-1,30,0,0,0,1,12,2,4,0,0,-1,0,-1,-1,1,21,-1,1115,-1,-1,-1,-1,-1,-1,2,0,0,0,0,0,3,0,13,6,8,41.88075657,-87.73237304
0,397384,-1,30,1,0,0,1,11,5,-1,0,0,0,0,-1,-1,-1,21,-1,1111,-1,-1,-1,-1,-1,-1,2,0,0,0,0,0,3,0,13,6,8,41.8917224,-87.72612019
0,397506,-1,30,0,0,0,1,10,6,4,0,0,0,0,-1,-1,-1,0,0,1834,-1,-1,-1,-1,-1,-1,2,0,0,0,0,0,2,0,13,6,8,41.89238342,-87.62680479
0,397402,-1,20,0,0,1,1,7,6,1,0,0,0,1,-1,-1,1,25,0,511,-1,-1,-1,-1,-1,-1,2,0,0,0,0,0,1,0,13,6,8,41.71965179,-87.6275504
0,397856,-1,30,0,0,0,1,12,6,2,0,0,0,0,-1,-1,-1,0,0,121,-1,-1,-1,-1,-1,-1,2,0,0,0,0,0,2,0,13,6,8,41.88374649,-87.64110498
0,397482,-1,20,0,0,0,1,7,6,1,0,0,12,1,-1,-1,1,0,0,1925,-1,-1,-1,-1,-1,-1,2,0,0,0,0,0,1,0,13,6,8,41.9417372,-87.64602686
0,397456,-1,15,0,0,0,1,7,7,2,0,0,0,0,-1,1,-1,20,16,2533,-1,-1,-1,-1,-1,-1,2,0,0,0,0,0,2,0,13,6,8,41.90968855,-87.74974573