MOST_SEVERE_INJURY,RD_NO,CRASH_DATE_EST_I,POSTED_SPEED_LIMIT,TRAFFIC_CONTROL_DEVICE,DEVICE_CONDITION,WEATHER_CONDITION,LIGHTING_CONDITION,FIRST_CRASH_TYPE,TRAFFICWAY_TYPE,LANE_CNT,ALIGNMENT,ROADWAY_SURFACE_COND,ROAD_DEFECT,CRASH_TYPE,INTERSECTION_RELATED_I,NOT_RIGHT_OF_WAY_I,HIT_AND_RUN_I,PRIM_CONTRIBUTORY_CAUSE,SEC_CONTRIBUTORY_CAUSE,BEAT_OF_OCCURRENCE,PHOTOS_TAKEN_I,STATEMENTS_TAKEN_I,DOORING_I,WORK_ZONE_I,WORK_ZONE_TYPE,WORKERS_PRESENT_I,NUM_UNITS,INJURIES_TOTAL,INJURIES_FATAL,INJURIES_INCAPACITATING,INJURIES_NON_INCAPACITATING,INJURIES_REPORTED_NOT_EVIDENT,INJURIES_NO_INDICATION,INJURIES_UNKNOWN,CRASH_HOUR,CRASH_DAY_OF_WEEK,CRASH_MONTH,LATITUDE,LONGITUDE
0,397435,-1,30,0,0,0,1,12,5,-1,0,0,0,0,-1,-1,-1,0,0,114,-1,-1,-1,-1,-1,-1,2,0,0,0,0,0,2,0,13,6,8,41.88462845,-87.6226127
2,397414,-1,0,0,0,0,1,9,5,2,0,0,0,1,-1,-1,-1,-1,-1,211,-1,-1,0,-1,-1,-1,2,1,0,0,1,0,1,0,13,6,8,41.83823701,-87.62909906
0,397338,-1,30,0,0,0,1,12,5,-1,0,0,0,0,-1,-1,0,0,0,1623,-1,-1,-1,-1,-1,-1,2,0,0,0,0,0,2,0,13,6,8,41.96783903,-87.75405024
2,397330,-1,30,1,2,0,1,0,2,4,0,0,0,1,1,-1,-1,11,0,2031,-1,-1,-1,-1,-1,-1,2,1,0,0,1,0,1,0,13,6,8,41.97055316,-87.68911744
2,397333,-1,30,0,0,0,1,10,5,2,0,0,0,1,-1,-1,-1,7,16,2511,-1,-1,-1,-1,-1,-1,2,2,0,0,2,0,1,0,12,6,8,41.93133955,-87.80636676
0,397327,-1,30,3,2,0,1,2,5,-1,0,0,0,1,-1,1,-1,11,21,911,-1,-1,-1,-1,-1,-1,1,0,0,0,0,0,1,0,12,6,8,41.82432021,-87.70356252
0,297303,-1,10,-1,-1,0,1,0,7,-1,0,0,-1,0,-1,-1,-1,20,0,223,-1,-1,-1,-1,-1,-1,2,0,0,0,0,0,2,0,12,6,8,41.80890166,-87.60669697
4,397309,-1,30,0,0,0,1,9,2,-1,0,0,0,1,-1,-1,-1,17,4,822,-1,1,-1,-1,-1,-1,2,1,1,0,0,0,2,0,12,6,8,41.78592859,-87.71648451
0,397312,-1,35,1,2,0,1,14,6,3,0,0,0,0,1,-1,-1,0,0,1522,-1,-1,-1,-1,-1,-1,2,0,0,0,0,0,2,0,12,6,8,41.87193275,-87.76452524
0,397299,-1,30,0,0,0,1,7,7,-1,0,0,0,0,-1,1,1,0,-1,2212,-1,-1,-1,-1,-1,-1,2,0,0,0,0,0,1,0,12,6,8,41.70645481,-87.67044816
0,397300,-1,30,2,-1,1,1,0,5,-1,0,0,-1,0,1,-1,-1,0,0,1421,-1,-1,-1,-1,-1,-1,2,0,0,0,0,0,2,0,12,6,8,41.91202824,-87.70694973
0,397443,-1,30,0,0,0,1,7,5,1,0,0,0,0,-1,-1,-1,22,-1,1613,-1,-1,-1,-1,-1,-1,2,0,0,0,0,0,1,0,12,6,8,41.97405911,-87.79260647
0,402969,-1,30,0,0,-1,-1,7,7,-1,0,-1,-1,0,-1,-1,1,20,0,722,-1,-1,-1,-1,-1,-1,2,0,0,0,0,0,1,0,12,6,8,41.77821516,-87.63346443
0,397296,-1,35,0,0,0,1,12,3,4,0,0,0,1,-1,-1,-1,17,0,2513,-1,-1,-1,-1,-1,-1,2,0,0,0,0,0,2,0,11,6,8,41.90906156,-87.80032368
0,397281,-1,30,0,0,2,1,12,2,-1,0,1,0,1,-1,-1,-1,-1,-1,131,-1,-1,-1,-1,-1,-1,2,0,0,0,0,0,2,0,11,6,8,41.86132451,-87.62554226
0,397358,-1,30,1,2,0,1,14,5,4,0,0,0,0,1,-1,-1,17,23,1631,-1,-1,-1,-1,-1,-1,2,0,0,0,0,0,2,0,11,6,8,41.93748858,-87.84514562
0,397267,-1,30,0,0,0,1,7,6,1,0,0,0,0,-1,-1,-1,11,-1,1013,-1,-1,-1,-1,-1,-1,2,0,0,0,0,0,1,0,11,6,8,41.84441722,-87.7295698
2,397240,-1,30,2,2,0,1,0,2,4,0,0,0,1,-1,-1,1,17,5,1432,-1,-1,-1,-1,-1,-1,2,1,0,0,1,0,1,0,11,6,8,41.9249038,-87.67889234
0,410972,-1,25,0,-1,-1,-1,12,5,-1,0,-1,-1,0,-1,-1,-1,0,0,1831,-1,-1,-1,-1,-1,-1,2,0,0,0,0,0,2,0,11,6,8,41.88874104,-87.63708054
0,409592,-1,30,0,0,0,1,7,5,-1,0,0,0,0,-1,-1,0,-1,-1,834,-1,-1,-1,-1,-1,-1,2,0,0,0,0,0,1,0,11,6,8,41.7364873,-87.73976265
0,398606,-1,30,1,2,1,1,12,3,4,0,0,0,0,-1,-1,-1,21,-1,1912,-1,-1,-1,-1,-1,-1,2,0,0,0,0,0,2,0,11,6,8,41.95449416,-87.66920305
0,397696,-1,30,0,0,0,1,12,2,2,0,0,0,0,-1,-1,-1,21,-1,1032,-1,-1,-1,-1,-1,-1,2,0,0,0,0,0,2,0,11,6,8,41.8443248,-87.71106732
0,397262,-1,30,0,0,1,1,5,5,-1,0,0,0,0,-1,-1,-1,12,-1,821,-1,-1,-1,-1,-1,-1,1,0,0,0,0,0,1,0,11,6,8,41.80125941,-87.70731277
0,397401,-1,0,0,0,0,1,7,2,-1,0,0,0,0,-1,-1,1,0,-1,223,-1,-1,-1,-1,-1,-1,2,0,0,0,0,0,1,0,11,6,8,41.80931653,-87.61379036
0,397342,-1,30,0,0,0,1,10,7,-1,0,0,0,0,-1,1,-1,-1,-1,833,-1,-1,-1,-1,-1,-1,2,0,0,0,0,0,2,0,11,6,8,41.75331874,-87.73006973
0,397247,-1,30,9,2,1,1,12,2,4,0,0,0,0,-1,-1,-1,22,17,2533,-1,-1,-1,-1,-1,-1,2,0,0,0,0,0,3,0,11,6,8,41.90982971,-87.73861096
0,397224,-1,25,0,0,0,1,7,6,-1,0,0,0,0,-1,-1,-1,12,12,2521,-1,-1,-1,-1,-1,-1,2,0,0,0,0,0,1,0,11,6,8,41.92811169,-87.74444067
0,397498,-1,0,0,0,0,1,0,7,1,0,0,0,0,-1,1,-1,0,0,123,-1,-1,-1,-1,-1,-1,2,0,0,0,0,0,2,0,11,6,8,41.86757102,-87.63058647
3,397199,-1,30,0,0,0,1,2,5,2,0,0,0,1,-1,1,-1,14,11,2213,-1,-1,-1,-1,-1,-1,1,1,0,1,0,0,0,0,11,6,8,41.71027958,-87.67191759
0,397205,-1,30,0,0,0,1,12,5,2,0,0,0,0,-1,-1,1,17,21,1824,-1,-1,-1,-1,-1,-1,2,0,0,0,0,0,2,0,11,6,8,41.91041711,-87.63149947
0,379298,-1,30,1,2,0,1,10,2,-1,0,0,0,0,-1,-1,-1,18,-1,713,-1,-1,-1,-1,-1,-1,2,0,0,0,0,0,2,0,11,6,8,41.78692592,-87.65960243
0,399974,-1,30,1,2,0,1,10,5,2,0,0,0,0,-1,-1,-1,11,0,1912,-1,-1,-1,-1,-1,-1,2,0,0,0,0,0,4,0,10,6,8,41.96151914,-87.66641968
0,397275,-1,30,0,0,0,1,7,2,4,0,0,0,0,-1,-1,-1,0,0,111,-1,-1,-1,-1,-1,-1,2,0,0,0,0,0,3,0,10,6,8,41.88670889,-87.62945025
0,397186,-1,30,0,2,1,1,7,5,2,0,12,12,0,1,-1,-1,28,29,913,-1,-1,-1,1,1,-1,2,0,0,0,0,0,1,0,10,6,8,41.83773742,-87.66099419
0,397252,1,20,0,0,0,1,12,6,3,0,0,0,0,-1,-1,-1,0,0,524,-1,-1,-1,-1,-1,-1,2,0,0,0,0,0,4,0,10,6,8,41.67562232,-87.66118297
0,397191,-1,30,0,0,0,1,12,5,2,0,0,0,0,-1,-1,-1,17,-1,1811,-1,-1,-1,-1,-1,-1,2,0,0,0,0,0,2,0,10,6,8,41.91798461,-87.6540629
0,397158,-1,30,0,0,0,1,12,5,-1,0,0,0,0,-1,-1,-1,21,-1,2011,-1,-1,-1,-1,-1,-1,2,0,0,0,0,0,4,0,10,6,8,41.99036601,-87.69345464
2,397143,-1,30,0,0,0,1,2,1,4,0,0,3,1,-1,-1,-1,12,12,815,-1,-1,-1,-1,-1,-1,1,1,0,0,1,0,0,0,10,6,8,41.79926419,-87.72348251
0,397354,1,30,0,0,0,1,10,5,-1,0,0,0,0,-1,-1,-1,18,-1,2512,-1,-1,-1,-1,-1,-1,2,0,0,0,0,0,3,0,10,6,8,41.92365127,-87.80266779
0,397149,-1,30,0,0,1,1,7,5,-1,0,0,0,0,-1,-1,-1,0,0,822,-1,-1,-1,-1,-1,-1,2,0,0,0,0,0,1,0,10,6,8,41.78954957,-87.71065215
0,397148,-1,30,0,0,0,1,2,7,1,0,0,0,0,-1,-1,-1,-1,-1,1432,-1,-1,-1,-1,-1,-1,1,0,0,0,0,0,1,0,10,6,8,41.929849,-87.68464378
0,397230,-1,30,1,2,0,1,10,3,-1,0,0,0,0,-1,-1,1,18,18,1834,-1,-1,-1,-1,-1,-1,2,0,0,0,0,0,2,0,10,6,8,41.89012294,-87.62424665
0,397161,-1,30,0,0,0,1,0,5,2,0,0,0,0,-1,-1,-1,0,0,1712,-1,-1,-1,-1,-1,-1,2,0,0,0,0,0,2,0,10,6,8,41.97299136,-87.7438195
0,397221,-1,30,0,0,0,1,12,5,-1,0,0,0,0,1,-1,-1,0,0,824,-1,-1,-1,-1,-1,-1,2,0,0,0,0,0,4,0,10,6,8,41.79337566,-87.68388209
0,397159,1,25,0,0,-1,-1,7,5,-1,0,-1,0,1,-1,-1,1,0,0,2211,-1,-1,-1,-1,-1,-1,3,0,0,0,0,0,1,0,10,6,8,41.70284019,-87.6831802
0,397126,-1,15,0,0,1,1,7,0,-1,0,1,1,0,-1,-1,-1,29,-1,1233,-1,-1,-1,-1,-1,-1,2,0,0,0,0,0,1,0,10,6,8,41.85654763,-87.66113627
0,400577,-1,20,0,0,0,1,7,7,-1,0,0,0,0,-1,1,1,20,-1,1234,-1,-1,-1,-1,-1,-1,2,0,0,0,0,0,1,0,10,6,8,41.85764316,-87.66891388
0,401643,-1,25,0,0,0,1,7,5,-1,0,0,0,0,-1,-1,1,25,0,422,-1,-1,-1,-1,-1,-1,2,0,0,0,0,0,1,0,10,6,8,41.74999102,-87.55238432
0,398942,-1,5,0,0,0,1,7,7,-1,0,0,0,0,-1,1,-1,20,-1,933,-1,-1,-1,-1,-1,-1,2,0,0,0,0,0,1,0,10,6,8,41.80439995,-87.64690658
2,397724,-1,15,-1,-1,0,1,9,4,-1,0,-1,-1,1,-1,-1,1,0,-1,1931,-1,-1,-1,-1,-1,-1,2,1,0,0,1,0,1,0,10,6,8,41.93340488,-87.66858033
0,397133,1,30,0,-1,-1,-1,7,6,1,0,-1,-1,0,-1,-1,1,0,-1,825,-1,-1,-1,-1,-1,-1,2,0,0,0,0,0,1,0,10,6,8,41.77846841,-87.68742947
2,397093,-1,30,0,0,1,1,9,5,-1,0,0,0,1,-1,-1,-1,0,0,633,-1,1,-1,-1,-1,-1,2,1,0,0,1,0,1,0,10,6,8,41.72559636,-87.60441071
0,397119,-1,30,1,2,0,1,14,5,-1,0,0,0,0,1,-1,-1,23,21,821,-1,-1,-1,-1,-1,-1,2,0,0,0,0,0,4,0,9,6,8,41.80804727,-87.70411882
1,397115,-1,30,0,0,0,1,10,5,4,0,0,0,1,-1,-1,-1,0,-1,1123,-1,-1,-1,-1,-1,-1,2,2,0,0,0,2,1,0,9,6,8,41.88387622,-87.71094589
0,397120,-1,10,0,0,0,1,11,7,-1,0,0,0,0,-1,-1,-1,20,-1,1712,-1,-1,-1,-1,-1,-1,2,0,0,0,0,0,2,0,9,6,8,41.97198122,-87.7279869
0,397101,-1,30,0,0,0,1,14,6,4,0,1,0,0,1,-1,-1,16,21,124,-1,-1,-1,-1,-1,-1,2,0,0,0,0,0,2,0,9,6,8,41.8735283,-87.64254399
0,397100,-1,30,0,0,0,1,7,6,1,0,0,0,0,-1,-1,-1,-1,-1,1511,-1,-1,-1,-1,-1,-1,2,0,0,0,0,0,2,0,9,6,8,41.89831226,-87.76809078
1,397177,-1,35,1,2,2,1,14,2,4,0,1,0,1,1,-1,-1,31,17,2222,-1,-1,-1,-1,-1,-1,4,3,0,0,0,3,0,0,9,6,8,41.73591239,-87.6486392
0,397104,-1,30,0,0,1,1,0,7,1,0,0,0,0,-1,1,-1,20,8,1233,-1,-1,-1,-1,-1,-1,2,0,0,0,0,0,5,0,9,6,8,41.85812821,-87.66111256
3,397140,-1,30,1,2,0,1,8,5,4,0,0,0,1,1,-1,1,17,17,1121,-1,-1,-1,-1,-1,-1,2,1,0,1,0,0,1,0,9,6,8,41.89560928,-87.71158593
0,397087,-1,30,0,0,0,1,7,6,1,0,0,0,0,-1,-1,-1,21,16,1114,-1,-1,-1,-1,-1,-1,2,0,0,0,0,0,1,0,9,6,8,41.88626433,-87.72842914
0,397800,-1,30,2,2,0,1,1,5,-1,0,0,0,0,-1,-1,1,0,-1,1034,-1,-1,-1,-1,-1,-1,1,0,0,0,0,0,1,0,9,6,8,41.85100868,-87.69036854
1,397110,-1,30,1,2,0,1,10,5,4,0,0,0,1,-1,-1,-1,18,-1,1935,-1,-1,-1,-1,-1,-1,2,1,0,0,0,1,2,0,9,6,8,41.92580693,-87.63381965
0,397067,-1,30,3,2,0,1,12,3,3,0,0,0,0,-1,-1,-1,17,-1,1834,-1,-1,-1,-1,-1,-1,2,0,0,0,0,0,2,0,9,6,8,41.89112059,-87.6239887
0,397057,1,30,1,2,2,1,12,6,-1,0,1,0,1,-1,-1,1,25,15,1135,-1,-1,-1,-1,-1,-1,6,0,0,0,0,0,7,0,9,6,8,41.87488849,-87.68656245
2,397018,-1,30,0,0,1,1,14,5,-1,0,-1,0,1,1,-1,-1,16,0,424,-1,-1,-1,-1,-1,-1,2,1,0,0,1,0,5,0,9,6,8,41.7357073,-87.55124628
2,397080,-1,30,0,0,1,1,10,5,2,0,0,0,1,-1,-1,-1,18,18,1111,-1,-1,-1,-1,-1,-1,4,2,0,0,2,0,6,0,9,6,8,41.89500833,-87.73959117
0,379079,-1,10,0,2,0,1,7,2,-1,0,0,0,0,-1,1,-1,-1,-1,921,-1,-1,-1,-1,-1,-1,2,0,0,0,0,0,1,0,9,6,8,41.82283813,-87.68987401
2,397064,-1,30,0,0,0,1,14,2,-1,0,0,0,1,-1,-1,-1,23,-1,811,-1,1,-1,-1,-1,-1,2,2,0,0,1,1,1,0,9,6,8,41.79150128,-87.76240822
0,397056,-1,30,0,0,0,1,10,6,2,0,0,0,0,-1,-1,-1,18,18,113,-1,-1,-1,-1,-1,-1,2,0,0,0,0,0,3,0,9,6,8,41.87828589,-87.62773008
0,397842,-1,30,0,0,0,1,7,5,-1,0,0,0,0,-1,-1,-1,0,-1,1614,-1,-1,-1,-1,-1,-1,2,0,0,0,0,0,1,0,9,6,8,41.97846561,-87.83919421
0,397157,1,30,2,2,-1,-1,7,6,1,0,-1,0,0,-1,-1,1,0,0,2524,-1,-1,-1,-1,-1,-1,2,0,0,0,0,0,1,0,9,6,8,41.92489077,-87.71929853
0,397075,-1,35,1,2,0,1,14,2,4,0,1,0,0,1,-1,-1,17,23,1814,-1,-1,-1,-1,-1,-1,2,0,0,0,0,0,2,0,9,6,8,41.92600504,-87.63130434
0,397060,-1,30,1,2,2,1,12,2,3,0,1,0,0,-1,-1,-1,21,0,1731,-1,-1,-1,-1,-1,-1,2,0,0,0,0,0,3,0,9,6,8,41.93908154,-87.73632696
0,397036,-1,30,0,0,2,1,14,5,-1,0,1,0,0,-1,-1,-1,23,17,312,-1,-1,-1,-1,-1,-1,3,0,0,0,0,0,6,0,9,6,8,41.77924681,-87.60605192
0,397022,-1,30,1,2,1,1,10,5,4,0,1,0,0,1,-1,-1,16,-1,1134,-1,-1,-1,-1,-1,-1,2,0,0,0,0,0,2,0,9,6,8,41.87535258,-87.70119599
0,397097,-1,30,1,2,0,1,7,3,4,0,0,0,0,-1,-1,-1,17,17,131,-1,-1,-1,-1,-1,-1,2,0,0,0,0,0,1,0,8,6,8,41.8655389,-87.62425739
0,397007,-1,40,0,0,0,1,10,3,8,0,0,0,0,-1,-1,-1,18,17,1814,-1,-1,-1,-1,-1,-1,2,0,0,0,0,0,2,0,8,6,8,41.91296035,-87.62660834
1,397034,-1,30,1,2,2,1,14,5,-1,0,1,0,1,1,-1,-1,23,-1,511,-1,-1,-1,-1,-1,-1,2,2,0,0,0,2,1,0,8,6,8,41.71262455,-87.62027852
0,397019,-1,30,1,2,1,1,12,3,0,0,0,0,0,1,-1,-1,22,16,1231,-1,-1,-1,-1,-1,-1,2,0,0,0,0,0,2,0,8,6,8,41.87769227,-87.66654338
0,397002,-1,30,0,0,0,-1,7,6,-1,0,-1,0,0,-1,-1,1,0,-1,2513,-1,-1,-1,-1,-1,-1,3,0,0,0,0,0,1,0,8,6,8,41.91334846,-87.78691114
2,396984,-1,30,2,2,1,1,10,5,-1,0,1,0,1,1,-1,-1,0,0,2511,-1,-1,-1,-1,-1,-1,2,1,0,0,1,0,1,0,8,6,8,41.93114729,-87.78320017
0,397063,-1,30,1,-1,1,1,10,3,-1,0,-1,-1,0,1,-1,-1,0,-1,411,-1,-1,-1,-1,-1,-1,2,0,0,0,0,0,2,0,8,6,8,41.7514606,-87.58597199
0,396993,-1,30,1,2,0,1,5,2,2,0,0,0,0,-1,-1,-1,0,0,1623,-1,-1,-1,-1,-1,-1,1,0,0,0,0,0,1,0,8,6,8,41.97508549,-87.75513417
0,397033,-1,30,0,0,0,1,12,6,-1,0,0,0,0,-1,-1,-1,17,-1,1723,-1,-1,-1,-1,-1,-1,2,0,0,0,0,0,2,0,8,6,8,41.96637821,-87.72182581
0,397001,-1,30,1,2,2,1,12,6,4,0,1,0,1,1,-1,-1,22,16,122,-1,-1,-1,-1,-1,-1,2,0,0,0,0,0,2,0,8,6,8,41.87952321,-87.63089527
0,397446,-1,30,2,-1,0,1,5,5,-1,0,0,0,0,-1,-1,-1,-1,-1,1232,-1,-1,-1,-1,-1,-1,2,0,0,0,0,0,1,0,8,6,8,41.86936575,-87.65315212
0,396973,-1,30,1,2,0,1,12,5,4,0,0,0,0,-1,-1,1,0,0,1131,-1,-1,-1,-1,-1,-1,2,0,0,0,0,0,3,0,8,6,8,41.86600958,-87.7444818
1,396958,-1,30,0,0,2,1,12,5,-1,0,1,0,1,-1,-1,-1,18,-1,511,-1,1,-1,-1,-1,-1,2,1,0,0,0,1,1,0,8,6,8,41.70778047,-87.62026848
0,396986,-1,30,1,2,2,1,10,5,-1,2,1,0,1,-1,-1,-1,18,16,2213,-1,-1,-1,-1,-1,-1,3,0,0,0,0,0,3,0,8,6,8,41.71375456,-87.6690112
0,396972,-1,30,0,0,0,1,0,5,2,0,0,-1,0,-1,-1,-1,0,-1,1124,-1,-1,-1,-1,-1,-1,2,0,0,0,0,0,4,0,8,6,8,41.87809984,-87.70466811
0,397046,-1,25,0,0,0,1,7,12,1,0,0,0,0,-1,-1,1,-1,-1,1034,-1,-1,-1,-1,-1,-1,2,0,0,0,0,0,1,0,8,6,8,41.84942883,-87.68475963
0,397012,-1,30,0,0,1,1,12,2,-1,0,0,0,0,-1,-1,-1,0,-1,1034,-1,-1,-1,-1,-1,-1,2,0,0,0,0,0,2,0,8,6,8,41.84855906,-87.68568725
0,396990,-1,0,0,0,0,1,7,7,-1,0,0,0,0,-1,1,1,0,0,1732,-1,-1,-1,-1,-1,-1,2,0,0,0,0,0,1,0,8,6,8,41.93973175,-87.71266538
0,396970,-1,25,1,2,2,1,10,2,-1,0,1,-1,0,1,-1,-1,18,0,723,-1,-1,-1,-1,-1,-1,2,0,0,0,0,0,3,0,7,6,8,41.77960232,-87.64715316
0,397010,-1,30,1,2,0,1,14,5,-1,3,1,0,0,1,-1,-1,23,21,432,-1,-1,-1,-1,-1,-1,2,0,0,0,0,0,2,0,7,6,8,41.71377154,-87.53654072
0,396955,-1,30,1,2,0,1,12,6,3,0,0,0,0,-1,-1,-1,21,16,122,-1,-1,-1,-1,-1,-1,2,0,0,0,0,0,3,0,7,6,8,41.87950958,-87.63236685
0,396946,-1,30,0,0,0,1,14,3,4,0,0,0,0,-1,-1,-1,18,18,123,-1,-1,-1,-1,-1,-1,2,0,0,0,0,0,3,0,7,6,8,41.87427337,-87.62724523
0,397039,1,30,1,2,0,1,14,5,2,0,1,0,0,-1,-1,-1,0,0,511,-1,-1,-1,-1,-1,-1,2,0,0,0,0,0,2,0,7,6,8,41.70736526,-87.61757384
0,396944,-1,30,0,0,0,1,7,3,7,0,1,0,0,-1,-1,1,22,16,123,-1,-1,-1,-1,-1,-1,2,0,0,0,0,0,1,0,7,6,8,41.86983981,-87.62733224
0,396925,-1,30,0,0,0,0,7,6,1,2,0,0,0,-1,-1,1,0,0,1133,-1,-1,-1,-1,-1,-1,2,0,0,0,0,0,1,0,7,6,8,41.8707102,-87.71814932
2,398629,-1,30,1,2,0,1,10,2,4,2,0,0,1,-1,-1,1,18,-1,1622,-1,-1,-1,-1,-1,-1,2,1,0,0,1,0,1,0,7,6,8,41.9826026,-87.78759382
0,397635,-1,30,0,0,0,1,12,2,-1,0,0,0,0,-1,-1,1,0,-1,132,-1,-1,-1,-1,-1,-1,2,0,0,0,0,0,2,0,7,6,8,41.86611263,-87.61971708
0,404420,-1,30,0,0,-1,-1,10,5,-1,0,-1,-1,0,-1,-1,-1,17,-1,1621,-1,-1,-1,-1,-1,-1,2,0,0,0,0,0,2,0,7,6,8,41.97842622,-87.75668978
0,396976,-1,30,0,0,0,1,14,2,-1,0,0,0,0,-1,-1,-1,-1,-1,1034,-1,-1,-1,-1,-1,-1,2,0,0,0,0,0,2,0,7,6,8,41.84246906,-87.69500252
0,397628,1,0,0,0,0,1,7,5,2,0,0,0,0,-1,-1,1,0,0,915,-1,0,-1,-1,-1,-1,2,0,0,0,0,0,1,0,6,6,8,41.83005109,-87.65109947
3,396894,-1,35,1,2,0,1,14,3,-1,3,1,0,1,1,-1,-1,0,0,114,-1,-1,-1,-1,-1,-1,3,3,0,2,1,0,1,0,6,6,8,41.87566868,-87.62341082
0,396887,-1,30,0,3,2,1,12,6,2,0,0,0,0,-1,-1,-1,17,17,122,-1,-1,-1,-1,-1,-1,2,0,0,0,0,0,2,0,6,6,8,41.87948775,-87.63444223
3,396919,-1,30,0,0,0,1,4,2,4,0,12,0,1,-1,-1,-1,-1,-1,1621,-1,-1,-1,-1,-1,-1,1,1,0,1,0,0,0,0,6,6,8,42.00822424,-87.78532712
0,396892,-1,30,0,0,0,1,0,2,-1,0,1,0,1,-1,-1,-1,17,-1,1921,-1,-1,-1,-1,-1,-1,3,0,0,0,0,0,4,0,6,6,8,41.94794732,-87.68844043
0,396885,-1,30,1,2,0,1,12,5,7,0,1,0,0,1,-1,-1,22,16,114,-1,-1,-1,-1,-1,-1,2,0,0,0,0,0,3,0,6,6,8,41.88446506,-87.62078913
0,397536,-1,30,0,0,0,1,12,6,3,0,0,0,0,-1,-1,1,22,10,915,-1,-1,-1,-1,-1,-1,2,0,0,0,0,0,2,0,5,6,8,41.82817283,-87.63129603
0,396877,-1,30,1,2,1,3,0,3,6,2,0,0,0,1,-1,-1,0,0,711,-1,-1,-1,-1,-1,-1,2,0,0,0,0,0,2,0,5,6,8,41.79419949,-87.63192548
0,396856,-1,30,0,0,0,1,12,6,3,0,0,0,0,-1,-1,-1,0,-1,1834,-1,-1,-1,-1,-1,-1,2,0,0,0,0,0,3,0,5,6,8,41.89325719,-87.62234986
0,397640,-1,30,1,-1,0,1,10,5,4,0,0,-1,0,1,-1,-1,0,0,412,-1,-1,-1,-1,-1,-1,2,0,0,0,0,0,2,0,5,6,8,41.74426987,-87.57531972
0,396842,-1,30,2,2,2,3,0,5,2,0,1,0,1,1,-1,1,5,17,1113,-1,-1,-1,-1,-1,-1,2,0,0,0,0,0,2,0,4,6,8,41.87698379,-87.74282373
0,396844,-1,30,0,0,2,1,10,5,2,0,1,0,0,-1,-1,-1,18,18,1034,-1,-1,-1,-1,-1,-1,2,0,0,0,0,0,2,0,4,6,8,41.84451147,-87.67578804
0,396841,-1,30,0,0,0,0,7,12,-1,0,0,0,0,-1,-1,-1,20,0,332,-1,1,-1,-1,-1,-1,2,0,0,0,0,0,1,0,4,6,8,41.76675986,-87.5764626
0,396840,-1,30,1,2,1,3,10,3,2,0,1,-1,0,-1,-1,-1,18,34,614,-1,-1,-1,-1,-1,-1,2,0,0,0,0,0,2,0,3,6,8,41.73933898,-87.66330098
0,396848,1,30,0,0,0,3,2,6,-1,0,0,0,1,-1,-1,-1,32,32,623,-1,-1,-1,-1,-1,-1,1,0,0,0,0,0,1,0,3,6,8,41.75762202,-87.62650549
-1,396873,-1,30,1,2,2,3,2,2,4,0,1,0,1,1,-1,1,-1,-1,1531,-1,-1,-1,-1,-1,-1,2,-1,-1,-1,-1,-1,-1,-1,3,6,8,41.89489272,-87.74592702
0,396829,-1,30,0,-1,2,3,7,6,-1,0,1,-1,0,-1,-1,1,0,4,723,-1,-1,-1,-1,-1,-1,2,0,0,0,0,0,1,0,3,6,8,41.76973899,-87.64332985
0,401279,1,15,-1,-1,-1,-1,7,7,2,0,-1,0,0,-1,-1,1,0,0,1433,-1,-1,-1,-1,-1,-1,2,0,0,0,0,0,1,0,3,6,8,41.90516684,-87.66281511
0,396810,-1,25,0,0,0,3,7,6,-1,0,0,0,1,-1,-1,1,0,0,2512,-1,-1,-1,-1,-1,-1,2,0,0,0,0,0,1,0,1,6,8,41.92980071,-87.77971429
0,400903,1,25,0,0,-1,-1,7,6,1,0,-1,0,0,-1,-1,1,0,0,1422,-1,-1,-1,-1,-1,-1,2,0,0,0,0,0,1,0,1,6,8,41.91426086,-87.71034575
0,397322,-1,30,0,0,0,1,7,7,-1,0,0,0,0,-1,-1,-1,-1,-1,1034,-1,-1,-1,-1,-1,-1,2,0,0,0,0,0,1,0,1,6,8,41.84832466,-87.67343416
0,396792,-1,30,1,2,2,3,14,2,2,0,1,0,0,-1,-1,1,34,16,311,-1,-1,-1,-1,-1,-1,2,0,0,0,0,0,2,0,1,6,8,41.78012274,-87.62234773
2,396783,1,30,0,0,2,3,3,5,2,0,1,0,1,0,-1,1,22,21,713,-1,-1,-1,-1,-1,-1,2,1,0,0,1,0,1,0,1,6,8,41.77968322,-87.65709661
0,397332,-1,30,0,0,0,1,12,5,2,0,0,0,0,-1,-1,-1,0,-1,234,-1,-1,-1,-1,-1,-1,2,0,0,0,0,0,2,0,1,6,8,41.79970162,-87.58555767
0,396799,-1,30,1,2,2,3,10,2,2,0,1,0,0,1,-1,-1,20,-1,1424,-1,-1,-1,-1,-1,-1,2,0,0,0,0,0,3,0,0,6,8,41.91036135,-87.67827445
2,396770,-1,20,0,0,2,3,9,5,-1,0,1,-1,1,-1,-1,1,14,-1,312,-1,-1,-1,-1,-1,-1,3,1,0,0,1,0,1,0,0,6,8,41.77671462,-87.61547917
3,396759,-1,30,2,2,-1,3,2,5,2,0,-1,0,1,-1,1,1,25,14,924,-1,-1,-1,-1,-1,-1,1,1,0,1,0,0,0,0,0,6,8,41.81568962,-87.66894817
0,14396771,-1,15,2,2,2,0,12,5,-1,0,1,0,0,-1,-1,1,0,0,911,-1,-1,-1,-1,-1,-1,2,0,0,0,0,0,2,0,0,6,8,41.82435631,-87.70459365