MOST_SEVERE_INJURY,RD_NO,CRASH_DATE_EST_I,POSTED_SPEED_LIMIT,TRAFFIC_CONTROL_DEVICE,DEVICE_CONDITION,WEATHER_CONDITION,LIGHTING_CONDITION,FIRST_CRASH_TYPE,TRAFFICWAY_TYPE,LANE_CNT,ALIGNMENT,ROADWAY_SURFACE_COND,ROAD_DEFECT,CRASH_TYPE,INTERSECTION_RELATED_I,NOT_RIGHT_OF_WAY_I,HIT_AND_RUN_I,PRIM_CONTRIBUTORY_CAUSE,SEC_CONTRIBUTORY_CAUSE,BEAT_OF_OCCURRENCE,PHOTOS_TAKEN_I,STATEMENTS_TAKEN_I,DOORING_I,WORK_ZONE_I,WORK_ZONE_TYPE,WORKERS_PRESENT_I,NUM_UNITS,INJURIES_TOTAL,INJURIES_FATAL,INJURIES_INCAPACITATING,INJURIES_NON_INCAPACITATING,INJURIES_REPORTED_NOT_EVIDENT,INJURIES_NO_INDICATION,INJURIES_UNKNOWN,CRASH_HOUR,CRASH_DAY_OF_WEEK,CRASH_MONTH,LATITUDE,LONGITUDE
0,396909,-1,20,0,0,2,3,7,5,-1,0,1,0,0,-1,-1,1,0,0,1411,-1,-1,-1,-1,-1,-1,2,0,0,0,0,0,2,0,0,6,8,41.93022621,-87.68966322
-1,396771,-1,15,2,2,2,0,12,5,-1,0,1,0,0,-1,-1,1,0,0,911,-1,-1,-1,-1,-1,-1,-1,-1,-1,-1,-1,-1,-1,-1,0,6,8,41.82435631,-87.70459365
3,396757,-1,35,1,2,2,3,8,1,4,0,1,0,1,1,-1,-1,34,11,1434,1,1,-1,-1,-1,-1,2,1,0,1,0,0,1,0,0,6,8,41.91745331,-87.68853645
0,396768,-1,30,1,2,0,3,14,1,3,0,0,0,0,1,-1,-1,32,27,714,-1,-1,-1,-1,-1,-1,2,0,0,0,0,0,2,0,0,6,8,41.78653345,-87.67424315
0,396765,-1,25,0,0,-1,3,10,12,3,0,-1,0,0,-1,-1,1,14,0,114,-1,-1,-1,-1,-1,-1,2,0,0,0,0,0,2,0,0,6,8,41.88434876,-87.61454978
0,396753,-1,35,1,2,2,3,0,5,-1,0,1,0,1,-1,-1,1,6,15,1612,-1,-1,-1,-1,-1,-1,2,0,0,0,0,0,2,0,0,6,8,41.9828152,-87.80708917
3,396776,-1,30,1,2,0,3,2,5,4,0,0,0,1,1,-1,-1,25,14,114,-1,-1,-1,-1,-1,-1,1,3,0,2,1,0,0,0,0,6,8,41.88458537,-87.62079215
0,396737,-1,30,0,2,0,3,2,5,2,0,0,0,1,-1,-1,-1,8,21,733,-1,-1,-1,-1,-1,-1,2,0,0,0,0,0,2,0,0,6,8,41.76495668,-87.65337774
0,396850,-1,30,0,0,-1,3,7,5,2,0,-1,-1,0,-1,-1,1,0,0,613,-1,-1,-1,-1,-1,-1,2,0,0,0,0,0,1,0,0,6,8,41.74123525,-87.65681929
0,396730,-1,30,0,-1,0,3,0,-1,-1,0,0,-1,0,-1,-1,1,20,-1,612,-1,-1,-1,-1,-1,-1,2,0,0,0,0,0,3,0,23,5,8,41.75522956,-87.65371151
-1,396726,-1,20,0,0,0,3,7,5,2,0,0,0,1,-1,-1,1,0,0,2211,-1,-1,-1,-1,-1,-1,-1,-1,-1,-1,-1,-1,-1,-1,23,5,8,41.69611778,-87.71828825
0,405955,-1,5,0,-1,-1,0,7,7,-1,0,-1,-1,0,-1,-1,-1,0,0,431,-1,-1,-1,-1,-1,-1,2,0,0,0,0,0,1,0,23,5,8,41.72231522,-87.57885432
0,396707,-1,30,1,2,0,3,14,5,-1,0,0,0,1,1,-1,-1,17,-1,922,-1,-1,-1,-1,-1,-1,2,0,0,0,0,0,2,0,23,5,8,41.80821705,-87.69435004
0,396711,-1,30,0,0,0,3,14,5,6,0,0,0,0,-1,-1,-1,23,11,833,-1,-1,-1,-1,-1,-1,2,0,0,0,0,0,2,0,23,5,8,41.77126708,-87.7224264
3,396696,-1,45,0,0,0,3,12,3,6,0,0,0,1,-1,-1,1,22,0,211,-1,-1,-1,-1,-1,-1,2,1,0,1,0,0,1,0,23,5,8,41.83813457,-87.60801971
-1,396818,-1,30,0,0,0,3,12,6,6,3,0,0,0,-1,-1,-1,21,0,1651,-1,-1,-1,-1,-1,-1,-1,-1,-1,-1,-1,-1,-1,-1,22,5,8,41.97620114,-87.90530913
0,397128,-1,30,0,0,-1,3,7,7,2,0,-1,-1,0,-1,-1,-1,0,0,324,-1,-1,-1,-1,-1,-1,2,0,0,0,0,0,1,0,22,5,8,41.76082203,-87.58633762
0,396690,-1,30,1,2,0,3,10,5,-1,0,0,-1,0,-1,-1,-1,0,0,1732,-1,-1,-1,-1,-1,-1,2,0,0,0,0,0,5,0,22,5,8,41.94531554,-87.72722222
1,396703,-1,30,-1,-1,0,0,8,7,-1,0,0,0,1,-1,-1,-1,17,0,511,-1,-1,-1,-1,-1,-1,2,1,0,0,0,1,1,0,22,5,8,41.70720612,-87.628815
0,397716,-1,30,2,2,0,2,0,5,4,0,0,0,0,1,-1,1,5,17,1432,-1,-1,-1,-1,-1,-1,2,0,0,0,0,0,3,0,22,5,8,41.91779887,-87.67747594
2,396655,-1,30,1,2,0,2,14,5,-1,0,0,0,1,-1,-1,-1,0,0,833,-1,-1,-1,-1,-1,-1,2,1,0,0,1,0,1,0,22,5,8,41.76184806,-87.74167065
0,396644,-1,30,1,2,0,3,14,2,2,0,0,0,0,1,-1,-1,0,0,1224,-1,-1,-1,1,2,-1,2,0,0,0,0,0,3,0,21,5,8,41.88188706,-87.64739283
0,412364,-1,30,1,2,0,3,12,6,-1,0,0,0,0,-1,-1,-1,21,-1,1834,-1,-1,-1,-1,-1,-1,2,0,0,0,0,0,2,0,21,5,8,41.89242355,-87.62511332
0,398007,-1,30,0,0,0,3,10,2,2,0,0,0,1,-1,-1,-1,12,0,1631,-1,0,-1,-1,-1,-1,2,0,0,0,0,0,4,0,21,5,8,41.94778864,-87.80724062
0,396615,-1,30,1,2,0,3,12,5,2,0,0,0,0,1,-1,-1,0,0,1824,-1,-1,-1,-1,-1,-1,2,0,0,0,0,0,2,0,21,5,8,41.90398844,-87.62882443
0,396606,-1,30,0,0,0,3,14,5,3,0,0,0,0,1,-1,-1,-1,-1,2525,-1,-1,-1,-1,-1,-1,2,0,0,0,0,0,3,0,21,5,8,41.92277845,-87.72634583
0,401563,-1,30,0,0,0,4,7,5,-1,0,0,0,1,-1,-1,1,-1,-1,815,-1,-1,-1,-1,-1,-1,2,0,0,0,0,0,1,0,21,5,8,41.79675457,-87.72340922
0,397719,-1,30,0,0,0,1,7,5,-1,0,0,0,0,-1,-1,-1,0,-1,2233,-1,-1,-1,-1,-1,-1,2,0,0,0,0,0,2,0,21,5,8,41.68795508,-87.6420955
0,397448,-1,30,-1,-1,0,0,12,5,2,0,-1,-1,1,-1,-1,1,21,22,2024,-1,-1,-1,-1,-1,-1,2,0,0,0,0,0,2,0,21,5,8,41.96926807,-87.64987751
0,396639,-1,40,0,2,0,0,12,3,4,0,0,0,0,-1,-1,1,0,-1,114,-1,-1,-1,-1,-1,-1,2,0,0,0,0,0,2,0,21,5,8,41.88464637,-87.6172485
0,396586,-1,40,1,2,0,3,14,3,2,0,0,0,0,1,-1,-1,17,-1,2234,-1,-1,-1,-1,-1,-1,2,0,0,0,0,0,2,0,20,5,8,41.68680945,-87.64235209
0,396610,-1,15,0,0,0,3,7,7,-1,0,0,0,0,-1,-1,-1,-1,-1,634,-1,-1,-1,-1,-1,-1,2,0,0,0,0,0,1,0,20,5,8,41.73614513,-87.62691784
0,396577,-1,30,0,0,0,4,10,5,-1,0,0,0,0,-1,-1,-1,-1,-1,823,-1,-1,-1,-1,-1,-1,2,0,0,0,0,0,2,0,20,5,8,41.77909371,-87.70231971
0,396576,-1,30,1,2,0,3,14,5,2,0,0,1,0,1,-1,1,16,0,823,-1,-1,-1,-1,-1,-1,2,0,0,0,0,0,2,0,20,5,8,41.77894575,-87.70328312
0,396631,-1,35,0,0,0,3,10,2,4,0,0,0,0,-1,-1,-1,18,16,815,-1,-1,-1,-1,-1,-1,2,0,0,0,0,0,2,0,20,5,8,41.81739882,-87.74327729
0,396623,-1,30,0,-1,0,3,0,5,2,0,0,0,0,-1,-1,-1,-1,-1,2515,-1,-1,-1,-1,-1,-1,2,0,0,0,0,0,2,0,20,5,8,41.92526924,-87.7612579
0,397510,-1,30,1,2,0,3,10,2,2,0,0,0,0,-1,-1,-1,16,-1,1812,-1,-1,-1,-1,-1,-1,2,0,0,0,0,0,2,0,20,5,8,41.91827386,-87.64836582
0,396579,-1,30,0,0,0,3,14,2,4,0,0,0,0,-1,-1,-1,0,0,834,-1,-1,-1,-1,-1,-1,2,0,0,0,0,0,2,0,20,5,8,41.74928884,-87.74009538
0,396569,-1,30,0,0,0,3,14,5,2,0,-1,0,0,-1,-1,1,5,17,1925,-1,-1,-1,-1,-1,-1,2,0,0,0,0,0,2,0,20,5,8,41.94482827,-87.64589349
2,396555,-1,35,0,0,0,3,8,2,2,0,0,0,1,-1,-1,-1,17,0,2432,-1,-1,1,-1,-1,-1,2,1,0,0,1,0,0,0,20,5,8,41.99817878,-87.67108484
2,396515,-1,30,1,2,0,4,14,2,2,0,0,0,1,1,-1,-1,16,-1,2533,-1,-1,-1,-1,-1,-1,2,1,0,0,1,0,1,0,19,5,8,41.90241048,-87.75093589
0,396517,-1,30,0,0,0,4,12,5,-1,0,0,0,0,-1,-1,-1,22,21,1012,-1,-1,-1,-1,-1,-1,2,0,0,0,0,0,3,0,19,5,8,41.85660899,-87.72504431
0,396512,-1,30,0,0,0,4,2,5,2,0,0,0,1,-1,-1,-1,7,7,912,-1,-1,-1,-1,-1,-1,1,0,0,0,0,0,1,0,19,5,8,41.83066261,-87.66136104
0,396552,-1,25,2,2,0,3,0,5,-1,0,0,0,0,-1,-1,-1,5,-1,412,-1,-1,-1,-1,-1,-1,2,0,0,0,0,0,2,0,19,5,8,41.73494981,-87.58945132
0,396516,-1,30,0,0,0,0,10,2,-1,0,0,0,0,-1,-1,-1,18,-1,1213,-1,-1,-1,-1,-1,-1,2,0,0,0,0,0,3,0,19,5,8,41.90338788,-87.65830905
2,396504,-1,20,0,0,0,1,10,4,-1,0,0,0,1,-1,-1,1,25,0,412,-1,-1,-1,-1,-1,-1,2,2,0,0,2,0,1,0,19,5,8,41.73365461,-87.57670675
2,396485,-1,30,1,2,0,4,8,5,4,0,0,0,1,1,-1,-1,31,-1,1724,-1,-1,-1,-1,-1,-1,2,1,0,0,1,0,1,0,19,5,8,41.95406224,-87.69839006
2,396526,-1,30,0,0,0,4,9,0,1,0,0,0,1,-1,-1,1,17,0,1934,-1,-1,-1,-1,-1,-1,2,1,0,0,1,0,1,0,19,5,8,41.93369901,-87.64291457
0,396483,-1,15,0,0,0,1,2,0,1,0,0,0,0,-1,-1,-1,0,-1,2232,-1,-1,-1,-1,-1,-1,1,0,0,0,0,0,1,0,19,5,8,41.71323011,-87.63586296
0,396438,-1,30,1,2,0,1,12,5,4,0,0,0,0,-1,-1,-1,21,-1,2433,-1,-1,-1,-1,-1,-1,2,0,0,0,0,0,2,0,19,5,8,41.99095924,-87.66044275
3,396457,-1,30,2,2,0,1,0,5,2,0,0,0,1,1,-1,-1,17,16,913,-1,-1,-1,-1,-1,-1,2,1,0,1,0,0,3,0,19,5,8,41.84091238,-87.65320755
0,398576,-1,30,0,0,0,4,7,6,3,0,0,-1,0,-1,-1,-1,20,-1,1214,-1,-1,-1,-1,-1,-1,2,0,0,0,0,0,1,0,18,5,8,41.8858297,-87.63980644
1,396410,-1,30,1,2,0,1,10,2,-1,0,0,0,1,1,-1,-1,0,-1,1733,-1,-1,-1,-1,-1,-1,2,1,0,0,0,1,1,0,18,5,8,41.94666074,-87.71256928
0,396462,-1,35,1,2,0,1,10,2,2,0,0,0,0,-1,-1,-1,7,18,821,-1,-1,-1,-1,-1,-1,2,0,0,0,0,0,2,0,18,5,8,41.81835415,-87.72380301
0,396440,-1,30,1,2,0,1,14,5,4,0,0,0,1,1,-1,-1,17,0,821,-1,-1,-1,-1,-1,-1,2,0,0,0,0,0,5,0,18,5,8,41.81346065,-87.72364893
0,396453,-1,30,0,0,0,2,10,5,-1,0,0,0,0,-1,-1,-1,-1,-1,825,-1,-1,-1,-1,-1,-1,2,0,0,0,0,0,3,0,18,5,8,41.7828162,-87.683886
1,396490,-1,30,0,0,0,1,10,5,4,0,0,0,1,-1,-1,-1,18,16,1123,-1,-1,-1,-1,-1,-1,2,1,0,0,0,1,1,0,18,5,8,41.88534309,-87.70639525
0,396386,-1,30,2,2,0,1,0,5,2,0,0,0,0,-1,-1,-1,17,-1,1011,-1,-1,-1,-1,-1,-1,2,0,0,0,0,0,2,0,18,5,8,41.86237671,-87.728876
0,399011,1,30,2,2,0,1,0,5,-1,0,0,0,0,-1,-1,-1,17,-1,2234,-1,-1,-1,-1,-1,-1,2,0,0,0,0,0,2,0,18,5,8,41.69259109,-87.64739748
0,396978,-1,30,0,0,0,1,12,2,2,0,0,0,0,-1,-1,-1,17,0,1733,-1,-1,-1,-1,-1,-1,2,0,0,0,0,0,2,0,18,5,8,41.94173696,-87.69804155
0,396432,-1,30,1,2,0,1,10,3,2,0,0,0,1,-1,-1,-1,18,-1,1133,-1,-1,-1,-1,-1,-1,2,0,0,0,0,0,3,0,18,5,8,41.87339897,-87.7205092
2,396394,-1,35,0,0,0,1,9,5,2,0,0,0,1,1,-1,-1,17,0,323,-1,-1,-1,-1,-1,-1,2,2,0,0,2,0,3,0,18,5,8,41.75848608,-87.61687192
0,396365,-1,25,0,0,0,1,0,5,1,0,0,0,0,-1,-1,-1,0,0,423,-1,-1,-1,-1,-1,-1,2,0,0,0,0,0,2,0,17,5,8,41.7316394,-87.56349189
0,397711,-1,30,0,0,0,4,5,5,-1,0,0,0,0,-1,-1,-1,-1,-1,923,-1,-1,-1,-1,-1,-1,1,0,0,0,0,0,3,0,17,5,8,41.79741762,-87.68371119
0,396366,-1,30,1,2,0,1,14,2,0,0,0,0,0,1,-1,1,0,-1,1434,-1,-1,-1,-1,-1,-1,2,0,0,0,0,0,2,0,17,5,8,41.91040902,-87.68737027
0,397350,-1,30,1,2,0,1,14,3,4,0,0,0,0,-1,-1,-1,23,22,122,-1,-1,-1,-1,-1,-1,2,0,0,0,0,0,2,0,17,5,8,41.88055661,-87.63716859
0,396405,-1,0,1,2,0,1,10,6,3,0,0,0,0,-1,-1,-1,0,0,323,-1,-1,-1,-1,-1,-1,2,0,0,0,0,0,4,0,17,5,8,41.76539361,-87.62505048
0,394933,-1,30,1,2,0,1,10,5,-1,0,0,0,0,1,-1,1,22,-1,111,-1,-1,-1,-1,-1,-1,2,0,0,0,0,0,3,0,17,5,8,41.88577464,-87.62808748
0,396413,-1,15,0,0,0,4,10,7,-1,0,0,0,0,-1,1,-1,20,16,2521,-1,-1,-1,-1,-1,-1,2,0,0,0,0,0,7,0,17,5,8,41.93169928,-87.74231035
2,396356,-1,30,1,2,0,1,8,5,-1,0,0,0,1,1,-1,-1,16,0,1832,-1,-1,-1,-1,-1,-1,2,1,0,0,1,0,1,0,17,5,8,41.8948129,-87.62957795
0,397195,-1,30,1,2,0,1,10,5,4,0,0,0,0,1,-1,-1,0,-1,1932,-1,-1,-1,-1,-1,-1,2,0,0,0,0,0,2,0,17,5,8,41.92530468,-87.66347856
0,396532,-1,5,0,0,0,1,5,7,-1,0,0,0,0,-1,1,-1,-1,-1,111,-1,-1,-1,-1,-1,-1,1,0,0,0,0,0,1,0,17,5,8,41.88583845,-87.62584165
0,408610,-1,30,1,2,0,1,12,5,2,0,0,0,0,-1,-1,-1,22,-1,432,-1,-1,-1,-1,-1,-1,2,0,0,0,0,0,2,0,17,5,8,41.72280516,-87.53660301
0,396544,-1,30,0,0,0,1,7,7,-1,0,0,0,0,-1,-1,1,0,11,2212,-1,-1,-1,-1,-1,-1,2,0,0,0,0,0,1,0,17,5,8,41.68430796,-87.68077472
0,396408,-1,30,2,2,0,1,10,2,2,0,0,0,0,-1,-1,-1,22,0,624,-1,-1,-1,-1,-1,-1,2,0,0,0,0,0,3,0,17,5,8,41.75787606,-87.5982207
0,396350,-1,30,0,0,0,1,7,5,2,0,0,-1,0,-1,-1,1,0,0,1223,-1,-1,-1,-1,-1,-1,2,0,0,0,0,0,2,0,17,5,8,41.88763273,-87.67666898
2,396363,-1,30,0,0,0,1,10,5,2,0,0,0,1,-1,-1,-1,18,-1,2535,-1,-1,-1,-1,-1,-1,3,2,0,0,2,0,4,0,17,5,8,41.9088169,-87.72633397
0,396503,-1,40,1,2,0,1,14,3,-1,0,0,0,1,-1,-1,-1,23,-1,815,-1,-1,-1,-1,-1,-1,2,0,0,0,0,0,2,0,17,5,8,41.82450844,-87.72423467
0,396374,-1,30,2,2,0,1,10,2,2,0,0,-1,0,1,-1,-1,20,0,2223,-1,-1,-1,-1,-1,-1,2,0,0,0,0,0,2,0,17,5,8,41.7217013,-87.63355778
0,396362,-1,30,1,2,0,1,10,5,-1,0,-1,-1,0,1,-1,-1,0,0,824,-1,-1,-1,-1,-1,-1,2,0,0,0,0,0,2,0,17,5,8,41.79337055,-87.68417538
0,396451,-1,0,1,2,0,1,12,2,-1,0,0,0,0,-1,-1,1,22,-1,234,-1,-1,-1,-1,-1,-1,2,0,0,0,0,0,2,0,17,5,8,41.79967733,-87.58681064
0,396311,-1,30,0,0,0,1,12,2,4,0,0,0,0,-1,-1,-1,0,0,1733,-1,-1,-1,-1,-1,-1,2,0,0,0,0,0,2,0,17,5,8,41.94676004,-87.70436882
0,396368,-1,30,0,0,0,1,10,5,-1,0,0,0,0,-1,-1,-1,0,-1,122,-1,-1,-1,-1,-1,-1,2,0,0,0,0,0,3,0,17,5,8,41.88670692,-87.63135247
0,397335,-1,30,1,2,0,1,10,3,3,0,0,0,0,1,-1,-1,0,-1,2022,-1,-1,-1,-1,-1,-1,2,0,0,0,0,0,2,0,17,5,8,41.98555677,-87.65336148
0,396562,-1,30,1,2,0,1,10,5,-1,0,0,0,0,1,-1,-1,18,-1,1634,-1,-1,-1,-1,-1,-1,2,0,0,0,0,0,3,0,17,5,8,41.93893395,-87.74699869
0,396328,-1,30,2,2,0,1,14,6,1,0,-1,-1,0,-1,-1,-1,17,15,1712,-1,-1,-1,-1,-1,-1,2,0,0,0,0,0,4,0,17,5,8,41.97945087,-87.71349071
0,396306,-1,30,0,0,0,1,14,5,-1,0,0,0,0,-1,-1,-1,17,11,1935,-1,-1,-1,-1,-1,-1,2,0,0,0,0,0,2,0,17,5,8,41.93225279,-87.63883316
0,396284,-1,35,0,0,0,1,10,2,4,0,0,0,0,-1,-1,-1,18,0,2524,-1,-1,-1,-1,-1,-1,2,0,0,0,0,0,2,0,17,5,8,41.92456703,-87.72928467
0,396335,-1,30,1,2,0,1,11,2,4,0,0,0,0,1,-1,1,20,0,2222,-1,-1,-1,-1,-1,-1,2,0,0,0,0,0,2,0,16,5,8,41.73600657,-87.64534182
0,396325,1,30,0,0,0,1,7,7,-1,0,0,0,0,-1,-1,1,0,0,1023,-1,-1,-1,-1,-1,-1,2,0,0,0,0,0,1,0,16,5,8,41.85210065,-87.68905111
0,396323,-1,30,1,2,0,1,10,5,-1,0,0,0,0,-1,-1,-1,18,-1,114,-1,-1,-1,-1,-1,-1,2,0,0,0,0,0,3,0,16,5,8,41.88633942,-87.62083615
0,397967,-1,30,1,2,0,1,12,6,3,0,0,0,0,1,-1,-1,21,-1,111,-1,-1,-1,-1,-1,-1,2,0,0,0,0,0,2,0,16,5,8,41.88460096,-87.62782852
3,396320,-1,30,1,2,0,1,8,6,-1,0,0,0,1,1,-1,-1,0,-1,1232,-1,-1,-1,-1,-1,-1,2,1,0,1,0,0,1,0,16,5,8,41.86728043,-87.64503795
2,396270,-1,30,2,2,0,1,0,5,2,0,0,0,1,1,-1,-1,17,16,312,-1,-1,-1,-1,-1,-1,2,4,0,0,3,1,3,0,16,5,8,41.78016804,-87.61455593
0,396269,-1,30,0,0,0,1,12,5,-1,0,0,0,0,-1,-1,-1,22,-1,1223,-1,-1,-1,-1,-1,-1,3,0,0,0,0,0,3,0,16,5,8,41.88535363,-87.68639929
0,396254,-1,30,0,0,0,1,0,7,-1,0,0,0,0,-1,-1,-1,0,-1,1233,-1,-1,-1,-1,-1,-1,2,0,0,0,0,0,2,0,16,5,8,41.86131379,-87.66877802
0,396252,-1,30,0,0,0,1,14,5,2,0,0,0,0,-1,-1,-1,0,0,1231,0,0,-1,-1,-1,-1,2,0,0,0,0,0,2,0,16,5,8,41.87238241,-87.66405021
2,396255,-1,30,0,0,0,1,8,5,2,0,0,0,1,-1,-1,-1,17,16,1122,-1,-1,-1,-1,-1,-1,2,1,0,0,1,0,3,0,16,5,8,41.88086454,-87.72342432
0,396422,-1,30,2,2,0,4,10,5,-1,0,0,0,0,-1,-1,-1,18,16,2513,1,-1,-1,-1,-1,-1,2,0,0,0,0,0,3,0,16,5,8,41.9143905,-87.79510263
0,396415,-1,30,1,2,0,1,14,5,2,0,0,0,0,1,-1,-1,0,-1,1914,-1,-1,-1,-1,-1,-1,2,0,0,0,0,0,2,0,16,5,8,41.96560212,-87.65013049
0,396314,-1,15,2,2,0,1,14,6,1,0,0,0,0,-1,-1,-1,17,-1,1221,-1,-1,-1,-1,-1,-1,2,0,0,0,0,0,2,0,16,5,8,41.8954323,-87.70205238
0,396268,-1,30,0,0,0,1,14,1,3,0,0,-1,0,-1,-1,-1,21,0,622,-1,-1,-1,-1,-1,-1,2,0,0,0,0,0,2,0,16,5,8,41.74374527,-87.62561068
0,396235,-1,30,-1,-1,0,1,12,2,4,0,-1,-1,0,-1,-1,-1,0,0,1723,-1,-1,-1,-1,-1,-1,2,0,0,0,0,0,2,0,16,5,8,41.9629317,-87.72773472
0,397912,-1,30,0,0,0,1,10,5,2,0,0,0,0,-1,-1,-1,18,-1,1712,-1,-1,-1,-1,-1,-1,2,0,0,0,0,0,2,0,16,5,8,41.96800718,-87.74756331
0,397438,-1,15,0,0,0,1,0,7,3,0,0,-1,0,-1,1,-1,0,0,622,-1,-1,-1,-1,-1,-1,2,0,0,0,0,0,2,0,16,5,8,41.73638005,-87.62750922
0,396295,-1,30,2,2,0,1,0,5,-1,0,-1,-1,1,-1,-1,-1,17,17,1622,-1,-1,-1,-1,-1,-1,2,0,0,0,0,0,3,0,16,5,8,41.99020707,-87.78088882
0,396208,-1,30,1,2,0,1,10,5,-1,0,0,0,0,-1,-1,-1,18,16,2533,-1,-1,-1,-1,-1,-1,2,0,0,0,0,0,2,0,16,5,8,41.90965559,-87.75228257
0,396201,-1,30,1,2,0,1,10,2,-1,0,0,0,0,1,-1,-1,0,-1,522,-1,-1,-1,-1,-1,-1,2,0,0,0,0,0,2,0,16,5,8,41.69253704,-87.62324927
0,396253,-1,30,0,0,0,1,5,12,0,0,0,0,0,-1,-1,-1,12,0,235,-1,-1,-1,-1,-1,-1,1,0,0,0,0,0,4,0,16,5,8,41.79352983,-87.58383979
2,396218,-1,30,0,0,0,1,8,4,1,0,0,0,1,-1,-1,-1,11,-1,1624,-1,-1,-1,-1,-1,-1,2,1,0,0,1,0,1,0,16,5,8,41.95317657,-87.7760567
0,402737,-1,30,1,2,-1,1,14,3,3,2,-1,-1,0,-1,-1,-1,23,17,1922,-1,-1,-1,-1,-1,-1,2,0,0,0,0,0,2,0,16,5,8,41.94736238,-87.669014
0,396321,-1,30,1,2,0,1,14,5,-1,0,0,0,0,1,-1,1,17,-1,1114,-1,-1,-1,-1,-1,-1,2,0,0,0,0,0,2,0,16,5,8,41.88198557,-87.72585459
0,396239,1,35,1,2,0,1,14,2,4,0,0,0,0,-1,-1,-1,17,0,1711,-1,-1,-1,-1,-1,-1,2,0,0,0,0,0,3,0,16,5,8,41.99001072,-87.74801377
0,396196,-1,25,1,2,0,1,14,1,-1,0,0,0,1,1,-1,-1,4,4,2432,-1,-1,-1,-1,-1,-1,2,0,0,0,0,0,2,0,16,5,8,41.99821792,-87.66069526
0,408274,-1,30,2,2,0,1,10,5,-1,0,0,0,0,-1,-1,-1,18,-1,1412,-1,-1,-1,-1,-1,-1,2,0,0,0,0,0,2,0,15,5,8,41.93378138,-87.70762018
0,396233,-1,30,2,-1,0,1,14,5,2,0,0,-1,0,1,-1,-1,0,-1,2422,-1,-1,-1,-1,-1,-1,2,0,0,0,0,0,2,0,15,5,8,42.01928648,-87.67461055
0,396229,-1,45,0,0,0,1,10,3,8,0,0,-1,0,-1,-1,-1,18,0,1834,-1,-1,-1,-1,-1,-1,2,0,0,0,0,0,2,0,15,5,8,41.89216237,-87.6137852
0,396170,-1,30,1,2,0,1,14,5,6,0,0,0,1,1,-1,-1,17,23,833,-1,-1,-1,-1,-1,-1,2,0,0,0,0,0,4,0,15,5,8,41.75466012,-87.74138476
0,396203,-1,30,0,0,0,1,12,5,-1,0,0,0,0,-1,-1,-1,0,0,2212,-1,-1,-1,-1,-1,-1,2,0,0,0,0,0,2,0,15,5,8,41.70672358,-87.65619454
0,396248,-1,20,0,0,0,1,0,0,1,0,0,-1,0,-1,-1,-1,17,0,2412,-1,-1,-1,-1,-1,-1,2,0,0,0,0,0,2,0,15,5,8,42.00212024,-87.70112703
2,403111,-1,35,0,0,0,1,10,2,4,0,0,0,1,-1,-1,-1,0,0,1211,-1,-1,-1,-1,-1,-1,2,2,0,0,2,0,1,0,15,5,8,41.89572436,-87.70206086
0,396240,-1,25,2,2,0,1,14,2,-1,0,0,0,0,1,-1,-1,21,-1,1922,-1,-1,-1,-1,-1,-1,2,0,0,0,0,0,2,0,15,5,8,41.9451059,-87.67622842
0,396168,-1,30,0,0,0,1,12,5,4,0,0,-1,0,-1,-1,-1,22,0,2013,-1,-1,-1,-1,-1,-1,2,0,0,0,0,0,3,0,15,5,8,41.98557605,-87.66017649
2,396150,-1,35,0,0,0,1,8,1,-1,0,0,0,1,-1,-1,-1,17,-1,1121,-1,-1,-1,-1,-1,-1,2,1,0,0,1,0,1,0,15,5,8,41.90208279,-87.71645929
0,396226,-1,30,1,2,0,1,14,2,2,2,0,0,0,-1,-1,-1,12,0,1013,-1,-1,-1,-1,-1,-1,3,0,0,0,0,0,4,0,15,5,8,41.84774741,-87.72449938
0,399120,-1,30,1,2,0,1,14,5,-1,0,0,0,0,-1,-1,-1,0,0,512,-1,-1,-1,-1,-1,-1,2,0,0,0,0,0,2,0,15,5,8,41.70723923,-87.61269333
0,397423,-1,30,0,0,0,1,14,5,2,0,0,0,0,-1,-1,1,17,23,1032,-1,-1,-1,-1,-1,-1,2,0,0,0,0,0,2,0,15,5,8,41.83725399,-87.7097778
0,397216,-1,30,0,0,0,1,12,5,-1,0,0,0,0,-1,-1,1,22,17,1812,-1,-1,-1,-1,-1,-1,2,0,0,0,0,0,3,0,15,5,8,41.92011962,-87.64153065
0,396221,-1,30,2,2,0,1,10,5,2,0,0,0,0,1,-1,-1,18,16,1524,-1,-1,-1,-1,-1,-1,3,0,0,0,0,0,3,0,15,5,8,41.8986219,-87.76378804
0,396172,-1,40,0,0,0,1,10,8,1,2,0,0,1,-1,-1,-1,18,-1,1925,-1,-1,-1,-1,-1,-1,3,0,0,0,0,0,3,0,15,5,8,41.94054605,-87.6384799
2,396153,-1,30,1,2,0,1,0,5,4,0,0,0,1,1,-1,-1,6,-1,1232,-1,-1,-1,-1,-1,-1,2,2,0,0,2,0,1,0,15,5,8,41.87789881,-87.65205565
0,396148,-1,30,1,2,0,1,10,5,-1,0,0,0,0,-1,-1,-1,18,-1,124,-1,-1,-1,-1,-1,-1,2,0,0,0,0,0,2,0,15,5,8,41.86734743,-87.64106237