MOST_SEVERE_INJURY,RD_NO,CRASH_DATE_EST_I,POSTED_SPEED_LIMIT,TRAFFIC_CONTROL_DEVICE,DEVICE_CONDITION,WEATHER_CONDITION,LIGHTING_CONDITION,FIRST_CRASH_TYPE,TRAFFICWAY_TYPE,LANE_CNT,ALIGNMENT,ROADWAY_SURFACE_COND,ROAD_DEFECT,CRASH_TYPE,INTERSECTION_RELATED_I,NOT_RIGHT_OF_WAY_I,HIT_AND_RUN_I,PRIM_CONTRIBUTORY_CAUSE,SEC_CONTRIBUTORY_CAUSE,BEAT_OF_OCCURRENCE,PHOTOS_TAKEN_I,STATEMENTS_TAKEN_I,DOORING_I,WORK_ZONE_I,WORK_ZONE_TYPE,WORKERS_PRESENT_I,NUM_UNITS,INJURIES_TOTAL,INJURIES_FATAL,INJURIES_INCAPACITATING,INJURIES_NON_INCAPACITATING,INJURIES_REPORTED_NOT_EVIDENT,INJURIES_NO_INDICATION,INJURIES_UNKNOWN,CRASH_HOUR,CRASH_DAY_OF_WEEK,CRASH_MONTH,LATITUDE,LONGITUDE
0,396180,-1,30,1,2,0,1,10,3,4,0,0,0,0,-1,-1,-1,18,-1,1031,-1,-1,-1,-1,-1,-1,2,0,0,0,0,0,2,0,15,5,8,41.82194483,-87.7436766
2,396141,-1,30,0,0,0,1,14,2,2,0,0,0,1,-1,-1,-1,0,-1,1413,-1,-1,-1,-1,-1,-1,2,2,0,0,1,1,0,0,15,5,8,41.92472898,-87.71575336
0,396672,-1,15,0,0,0,1,7,7,-1,0,0,0,0,-1,-1,-1,0,0,431,-1,-1,-1,-1,-1,-1,2,0,0,0,0,0,1,0,15,5,8,41.72237591,-87.5754999
1,396230,-1,30,0,0,0,1,8,5,-1,0,0,0,1,-1,-1,-1,0,0,2024,-1,-1,-1,-1,-1,-1,2,1,0,0,0,1,1,0,15,5,8,41.97500846,-87.65511965
0,396131,-1,30,0,0,0,1,7,5,-1,0,0,0,0,-1,-1,-1,11,-1,1623,-1,-1,-1,-1,-1,-1,2,0,0,0,0,0,2,0,15,5,8,41.96094174,-87.7522752
0,396277,-1,5,0,0,0,1,7,7,0,0,0,0,0,-1,-1,-1,20,-1,1833,-1,-1,-1,-1,-1,-1,2,0,0,0,0,0,1,0,15,5,8,41.89603605,-87.62413103
2,405621,-1,30,2,2,0,1,14,5,-1,0,0,0,1,-1,-1,-1,11,-1,1023,-1,-1,-1,-1,-1,-1,2,2,0,0,2,0,0,0,15,5,8,41.86112607,-87.68602987
2,396147,-1,30,1,2,0,1,10,5,0,0,0,1,1,1,-1,-1,18,-1,1221,-1,-1,-1,-1,-1,-1,2,2,0,0,1,1,1,0,15,5,8,41.89554371,-87.69676464
2,396096,-1,30,1,2,0,1,0,2,2,0,0,0,1,1,-1,-1,2,6,1034,-1,-1,-1,-1,-1,-1,2,1,0,0,1,0,1,0,14,5,8,41.84850773,-87.68565185
0,396084,-1,25,1,2,0,1,8,2,-1,0,0,0,0,1,-1,-1,31,18,2431,-1,-1,-1,-1,-1,-1,2,0,0,0,0,0,2,0,14,5,8,42.00541939,-87.67297632
0,396103,0,25,0,0,0,1,14,2,2,0,0,0,0,-1,-1,-1,0,0,1634,-1,-1,-1,-1,-1,-1,2,0,0,0,0,0,2,0,14,5,8,41.95318914,-87.7572919
2,396151,-1,30,0,0,0,1,8,5,-1,0,0,0,1,-1,-1,1,10,16,2515,0,-1,-1,-1,-1,-1,3,1,0,0,1,0,1,0,14,5,8,41.91890716,-87.7598201
0,396213,-1,30,0,0,0,1,14,2,-1,0,0,0,0,-1,-1,-1,0,-1,1813,-1,-1,-1,-1,-1,-1,2,0,0,0,0,0,2,0,14,5,8,41.91106505,-87.6458681
0,396092,-1,20,-1,-1,0,1,2,6,1,0,0,0,0,-1,1,1,0,23,221,-1,-1,-1,-1,-1,-1,1,0,0,0,0,0,1,0,14,5,8,41.81054028,-87.61647566
0,396093,-1,30,0,0,0,1,10,2,2,0,0,0,0,1,-1,-1,18,0,1931,-1,-1,-1,-1,-1,-1,2,0,0,0,0,0,2,0,14,5,8,41.9297207,-87.67844958
0,396409,-1,20,0,0,0,1,12,7,-1,0,0,0,0,-1,-1,-1,0,0,222,-1,-1,-1,-1,-1,-1,2,0,0,0,0,0,2,0,14,5,8,41.80725439,-87.58667436
0,396157,-1,30,-1,-1,0,1,14,5,2,0,0,-1,1,-1,-1,-1,-1,-1,1215,-1,-1,-1,-1,-1,-1,2,0,0,0,0,0,3,0,14,5,8,41.88737815,-87.66449157
0,397235,-1,25,0,0,0,1,12,2,-1,0,0,0,0,-1,-1,-1,-1,-1,1922,-1,-1,-1,-1,-1,-1,2,0,0,0,0,0,2,0,14,5,8,41.94682325,-87.67319212
0,396396,-1,30,0,0,0,1,14,2,4,0,0,-1,0,1,-1,-1,21,17,122,-1,-1,-1,-1,-1,-1,2,0,0,0,0,0,2,0,14,5,8,41.87633126,-87.63382772
0,396232,-1,25,0,0,0,1,7,5,2,0,0,0,1,-1,-1,1,0,0,835,-1,-1,-1,-1,-1,-1,3,0,0,0,0,0,2,0,14,5,8,41.76048886,-87.7120542
0,396119,-1,30,1,-1,0,1,12,5,-1,0,0,-1,1,1,-1,-1,17,-1,1135,-1,-1,-1,-1,-1,-1,2,0,0,0,0,0,4,0,14,5,8,41.86665866,-87.69605734
0,396110,-1,30,0,0,0,1,12,12,1,0,0,0,0,-1,-1,1,17,21,1232,-1,-1,-1,-1,-1,-1,2,0,0,0,0,0,2,0,14,5,8,41.86681331,-87.64523393
0,396071,-1,30,0,0,0,1,0,7,2,0,0,0,0,-1,1,-1,17,-1,2533,-1,-1,-1,-1,-1,-1,2,0,0,0,0,0,3,0,14,5,8,41.91571015,-87.74590776
2,396078,-1,30,0,0,0,1,12,5,2,0,0,0,1,-1,-1,-1,22,17,1824,-1,-1,-1,-1,-1,-1,2,1,0,0,1,0,2,0,14,5,8,41.90378167,-87.63199057
0,396709,-1,30,0,0,0,1,12,5,4,0,0,0,0,-1,-1,-1,17,22,1922,-1,-1,-1,-1,-1,-1,2,0,0,0,0,0,2,0,14,5,8,41.94479492,-87.6686558
0,396073,-1,30,0,0,0,1,14,5,4,0,0,-1,0,1,-1,-1,0,-1,1922,-1,-1,-1,-1,-1,-1,3,0,0,0,0,0,2,0,14,5,8,41.94525519,-87.66896382
0,402842,-1,30,1,2,0,1,10,5,-1,0,0,-1,0,-1,-1,-1,18,-1,813,-1,-1,-1,-1,-1,-1,2,0,0,0,0,0,2,0,14,5,8,41.79291088,-87.74207734
0,396013,-1,15,0,0,0,1,9,7,-1,5,0,0,0,-1,-1,-1,0,0,1034,-1,-1,-1,-1,-1,-1,2,0,0,0,0,0,2,0,14,5,8,41.85116232,-87.68576315
0,396060,-1,30,1,2,0,1,12,6,2,0,0,0,0,-1,-1,-1,21,21,1834,-1,-1,-1,-1,-1,-1,2,0,0,0,0,0,2,0,14,5,8,41.89347943,-87.62216971
0,397290,-1,30,1,2,0,1,0,5,2,0,-1,-1,1,1,-1,-1,6,17,1831,-1,-1,-1,-1,-1,-1,2,0,0,0,0,0,2,0,14,5,8,41.89566277,-87.63722072
0,396578,-1,35,0,0,0,1,14,2,2,0,0,0,0,1,-1,-1,21,0,2213,-1,-1,-1,-1,-1,-1,2,0,0,0,0,0,2,0,14,5,8,41.72121187,-87.65429826
0,396169,-1,30,1,2,0,1,12,6,3,0,0,0,0,-1,-1,-1,0,-1,111,-1,-1,-1,-1,-1,-1,2,0,0,0,0,0,2,0,14,5,8,41.88579631,-87.62964615
1,396136,-1,30,1,2,0,1,10,6,2,0,0,0,1,-1,-1,-1,0,-1,1834,-1,-1,-1,-1,-1,-1,2,1,0,0,0,1,1,0,14,5,8,41.89480617,-87.62573611
0,396126,-1,30,0,0,0,1,7,6,1,0,0,0,0,-1,-1,-1,11,-1,1414,-1,-1,-1,-1,-1,-1,2,0,0,0,0,0,1,0,14,5,8,41.91949912,-87.70542234
0,396107,-1,10,0,0,0,1,0,0,-1,0,0,0,0,-1,-1,1,17,11,2535,-1,-1,-1,-1,-1,-1,2,0,0,0,0,0,2,0,14,5,8,41.91190463,-87.71859663
0,396099,-1,30,1,2,0,1,12,2,6,0,0,0,1,-1,-1,-1,17,0,1833,-1,-1,-1,-1,-1,-1,2,0,0,0,0,0,2,0,14,5,8,41.89661584,-87.62473177
2,396077,-1,30,-1,-1,0,1,8,5,2,0,-1,-1,1,-1,-1,-1,0,0,1932,-1,-1,1,-1,-1,-1,2,1,0,0,1,0,1,0,14,5,8,41.9379016,-87.66640186
0,401432,-1,30,1,2,0,1,10,6,-1,0,0,0,0,-1,-1,-1,0,0,122,-1,-1,-1,-1,-1,-1,2,0,0,0,0,0,2,0,13,5,8,41.88204439,-87.63523959
0,396068,-1,30,0,0,0,1,14,2,4,2,0,0,0,-1,-1,-1,21,11,2222,-1,-1,-1,-1,-1,-1,2,0,0,0,0,0,2,0,13,5,8,41.721432,-87.65422261
0,396006,-1,30,0,0,0,1,7,2,2,0,0,0,1,-1,-1,-1,0,-1,733,-1,-1,-1,-1,-1,-1,2,0,0,0,0,0,3,0,13,5,8,41.76454491,-87.64454181
0,396049,-1,30,0,0,0,1,10,5,2,0,0,-1,0,-1,-1,-1,0,0,432,-1,-1,-1,-1,-1,-1,2,0,0,0,0,0,3,0,13,5,8,41.72280516,-87.53660301
0,396021,-1,35,0,0,0,1,10,3,4,0,0,0,0,-1,-1,-1,18,16,1125,-1,-1,-1,-1,-1,-1,2,0,0,0,0,0,2,0,13,5,8,41.88048966,-87.68656436
0,396104,-1,30,1,2,0,1,12,5,-1,0,0,0,0,1,-1,-1,22,-1,1832,-1,-1,-1,-1,-1,-1,2,0,0,0,0,0,2,0,13,5,8,41.89309952,-87.632561
1,395985,-1,30,1,-1,0,1,12,6,4,0,0,0,1,-1,-1,-1,11,0,122,-1,-1,-1,-1,-1,-1,2,1,0,0,0,1,1,0,13,5,8,41.88182488,-87.63523494
0,396106,-1,30,1,2,0,1,0,5,-1,0,0,0,0,1,-1,1,17,16,2522,-1,-1,-1,-1,-1,-1,2,0,0,0,0,0,3,0,13,5,8,41.92419617,-87.74615334
0,396271,-1,15,0,0,0,1,7,7,1,0,0,-1,0,-1,-1,1,0,0,622,-1,-1,-1,-1,-1,-1,2,0,0,0,0,0,1,0,13,5,8,41.74342733,-87.63218113
0,396080,-1,30,1,2,0,1,12,5,-1,0,0,-1,0,-1,-1,1,22,22,1613,-1,-1,-1,-1,-1,-1,2,0,0,0,0,0,2,0,13,5,8,41.98101039,-87.80681781
0,396079,-1,35,0,0,0,1,14,3,4,0,0,0,0,-1,-1,-1,0,-1,1125,-1,-1,-1,-1,-1,-1,2,0,0,0,0,0,2,0,13,5,8,41.8811148,-87.68657707
0,396057,-1,30,0,0,0,1,10,5,-1,0,0,0,0,-1,-1,-1,18,0,1135,-1,-1,-1,-1,-1,-1,2,0,0,0,0,0,2,0,13,5,8,41.86823865,-87.69610016
0,395968,-1,25,0,0,0,1,12,5,-1,0,0,0,0,-1,-1,-1,-1,-1,2411,-1,-1,-1,1,1,1,2,0,0,0,0,0,2,0,13,5,8,42.0110185,-87.70461993
0,395955,-1,15,0,3,0,1,7,7,-1,0,0,0,0,-1,-1,1,0,0,1011,-1,-1,-1,-1,-1,-1,2,0,0,0,0,0,1,0,13,5,8,41.86081442,-87.72243576
0,396020,-1,30,0,0,0,1,12,2,2,0,0,-1,0,-1,-1,-1,22,11,1915,-1,-1,-1,-1,-1,-1,2,0,0,0,0,0,2,0,13,5,8,41.96165172,-87.6558299
0,395994,-1,10,0,0,0,1,0,7,3,0,0,-1,0,-1,1,-1,20,0,622,-1,-1,-1,-1,-1,-1,2,0,0,0,0,0,4,0,13,5,8,41.74340141,-87.63376859
0,395912,-1,30,1,2,0,1,10,2,-1,0,0,0,0,-1,-1,-1,18,-1,833,-1,-1,-1,-1,-1,-1,2,0,0,0,0,0,4,0,13,5,8,41.76414025,-87.7225042
0,395923,-1,30,2,0,0,1,0,5,2,0,0,0,1,1,-1,-1,17,22,1622,-1,-1,-1,-1,-1,-1,2,0,0,0,0,0,2,0,13,5,8,41.97229613,-87.77450342
0,398732,-1,30,0,0,0,1,7,5,2,0,0,0,0,-1,-1,-1,0,-1,1231,-1,-1,-1,-1,-1,-1,2,0,0,0,0,0,1,0,13,5,8,41.86976864,-87.66302172
0,396033,-1,30,2,2,0,1,14,5,-1,0,0,0,0,1,-1,1,5,-1,1213,-1,-1,-1,-1,-1,-1,2,0,0,0,0,0,2,0,13,5,8,41.8963433,-87.65375427
0,395938,-1,30,0,0,0,1,12,6,2,0,0,0,0,-1,-1,-1,21,-1,2232,-1,-1,-1,-1,-1,-1,2,0,0,0,0,0,2,0,13,5,8,41.71428027,-87.64593228
0,395914,-1,30,0,0,0,1,14,2,2,0,0,0,0,-1,-1,1,17,14,1513,-1,-1,-1,-1,-1,-1,2,0,0,0,0,0,2,0,12,5,8,41.86738343,-87.77405209
0,395148,-1,35,3,2,0,1,2,5,4,0,0,1,0,-1,-1,-1,29,-1,235,-1,-1,-1,-1,-1,-1,2,0,0,0,0,0,2,0,12,5,8,41.78656968,-87.60590062
0,395991,-1,30,0,0,0,1,2,3,4,0,0,0,0,-1,-1,-1,28,25,1023,-1,-1,-1,-1,-1,-1,1,0,0,0,0,0,2,0,12,5,8,41.86363459,-87.68884603
0,395970,-1,30,0,0,0,1,10,7,1,0,0,0,0,-1,1,-1,20,16,1513,-1,-1,-1,-1,-1,-1,2,0,0,0,0,0,2,0,12,5,8,41.86569011,-87.76538912
0,395966,-1,30,0,0,0,1,7,5,-1,0,0,0,0,-1,-1,-1,20,-1,2212,-1,-1,-1,-1,-1,-1,2,0,0,0,0,0,2,0,12,5,8,41.7021334,-87.68133941
0,395887,-1,30,0,0,0,1,2,5,2,0,0,0,0,-1,-1,-1,0,-1,232,-1,-1,-1,-1,-1,-1,1,0,0,0,0,0,1,0,12,5,8,41.79090671,-87.62786143
0,396023,-1,30,0,0,0,1,14,2,2,0,0,0,0,-1,-1,-1,23,0,312,-1,-1,-1,-1,-1,-1,2,0,0,0,0,0,2,0,12,5,8,41.7783346,-87.61543259
0,395957,-1,30,1,2,0,1,12,6,4,0,0,0,0,1,-1,-1,22,-1,1831,-1,-1,-1,-1,-1,-1,2,0,0,0,0,0,2,0,12,5,8,41.8911505,-87.63126028
0,397363,-1,30,0,0,0,1,12,5,-1,0,0,0,0,-1,-1,-1,18,-1,2413,-1,-1,-1,-1,-1,-1,2,0,0,0,0,0,4,0,12,5,8,41.99054109,-87.70143204
2,395919,-1,30,1,2,0,1,0,3,3,0,0,0,1,1,-1,-1,6,-1,114,-1,-1,-1,-1,-1,-1,2,2,0,0,2,0,2,0,12,5,8,41.88808207,-87.62050117
0,395899,-1,30,1,2,0,1,10,2,2,0,0,0,0,-1,-1,-1,18,0,1432,-1,-1,-1,-1,-1,-1,2,0,0,0,0,0,3,0,12,5,8,41.92501066,-87.68761779
0,396597,-1,15,0,0,0,1,7,7,-1,0,0,0,0,-1,-1,1,0,-1,324,-1,-1,-1,-1,-1,-1,2,0,0,0,0,0,1,0,12,5,8,41.76302237,-87.58639016
0,396004,-1,30,0,0,0,1,12,5,2,0,0,0,0,-1,-1,-1,22,21,1211,-1,-1,-1,-1,-1,-1,2,0,0,0,0,0,2,0,12,5,8,41.89776851,-87.70227365
0,395872,-1,30,0,0,0,1,7,2,2,0,0,-1,0,-1,-1,-1,0,-1,2033,-1,-1,-1,-1,-1,-1,2,0,0,0,0,0,1,0,12,5,8,41.97545951,-87.66491065
2,395847,-1,30,1,2,0,1,9,1,8,0,0,0,1,1,-1,-1,17,16,1924,-1,-1,-1,-1,-1,-1,2,1,0,0,1,0,1,0,12,5,8,41.94003278,-87.64941521
0,414088,-1,30,0,0,0,3,7,5,2,0,0,0,0,-1,-1,1,0,0,1213,-1,-1,-1,-1,-1,-1,2,0,0,0,0,0,1,0,12,5,8,41.89612093,-87.67102197
0,401461,1,30,0,0,-1,-1,7,6,-1,0,-1,-1,0,-1,-1,1,0,0,2013,-1,-1,-1,-1,-1,-1,2,0,0,0,0,0,1,0,12,5,8,41.99007799,-87.66599345
0,395906,-1,30,1,2,0,1,14,5,-1,0,0,0,0,1,-1,-1,23,-1,1834,-1,-1,-1,-1,-1,-1,2,0,0,0,0,0,2,0,12,5,8,41.89403581,-87.62798619
0,395833,-1,30,12,2,0,1,12,2,-1,0,0,12,0,-1,-1,-1,21,-1,912,-1,-1,-1,1,-1,-1,2,0,0,0,0,0,2,0,12,5,8,41.83024202,-87.67768581
0,402694,-1,30,0,0,0,1,5,5,4,0,0,0,0,-1,-1,1,0,0,1934,-1,-1,-1,-1,-1,-1,2,0,0,0,0,0,1,0,11,5,8,41.9352935,-87.63953546
0,395851,-1,30,1,2,0,1,12,6,3,0,0,0,0,1,-1,-1,21,16,1831,-1,-1,-1,-1,-1,-1,2,0,0,0,0,0,2,0,11,5,8,41.89325077,-87.63755569
0,395835,-1,30,1,2,0,1,10,5,2,0,0,0,0,-1,-1,1,16,0,1222,-1,-1,-1,-1,-1,-1,5,0,0,0,0,0,5,0,11,5,8,41.88443776,-87.70144762
0,395810,1,0,0,0,0,1,2,7,-1,0,0,0,0,-1,1,-1,11,-1,224,-1,-1,-1,-1,-1,-1,1,0,0,0,0,0,1,0,11,5,8,41.80392339,-87.62307082
0,401524,-1,30,1,2,0,1,10,5,-1,0,0,0,0,1,-1,-1,0,0,921,-1,-1,-1,-1,-1,-1,2,0,0,0,0,0,2,0,11,5,8,41.81741987,-87.68481948
0,395870,-1,15,0,0,0,1,7,6,-1,0,0,-1,0,-1,-1,-1,0,-1,1911,-1,-1,-1,-1,-1,-1,2,0,0,0,0,0,1,0,11,5,8,41.95504106,-87.68914753
0,395883,-1,30,1,2,1,1,12,5,2,0,0,0,0,1,-1,1,21,18,234,-1,-1,-1,-1,-1,-1,2,0,0,0,0,0,2,0,11,5,8,41.79963063,-87.58745434
0,395855,-1,35,1,2,0,1,10,2,-1,0,0,0,0,-1,-1,-1,18,-1,814,-1,-1,-1,-1,-1,-1,2,0,0,0,0,0,3,0,11,5,8,41.80771268,-87.74330025
0,395788,-1,30,1,2,0,1,14,6,3,0,0,0,0,1,-1,-1,23,17,1831,-1,-1,-1,-1,-1,-1,2,0,0,0,0,0,2,0,11,5,8,41.89171316,-87.6326589
3,395781,-1,30,0,0,0,1,0,2,2,0,0,0,1,-1,-1,-1,17,-1,1611,-1,-1,-1,-1,-1,-1,2,1,0,1,0,0,1,0,11,5,8,42.00216211,-87.81495273
0,396008,-1,30,0,0,0,1,7,7,-1,0,0,0,0,-1,-1,1,-1,-1,835,-1,-1,-1,-1,-1,-1,2,0,0,0,0,0,1,0,11,5,8,41.73532397,-87.69725578
0,395801,-1,30,0,0,0,1,10,7,-1,2,0,0,0,-1,-1,-1,18,16,412,-1,-1,-1,-1,-1,-1,2,0,0,0,0,0,2,0,11,5,8,41.73591611,-87.58577278
0,395761,-1,30,0,0,0,1,11,6,-1,0,0,0,0,-1,-1,-1,20,-1,2412,-1,-1,-1,-1,-1,-1,2,0,0,0,0,0,2,0,11,5,8,41.99784799,-87.70468907
0,397274,1,15,0,0,0,1,7,7,-1,0,0,0,0,-1,-1,1,0,0,1134,-1,-1,-1,-1,-1,-1,2,0,0,0,0,0,1,0,11,5,8,41.87360253,-87.70358398
0,395852,-1,30,0,0,0,1,12,5,1,0,0,0,0,0,-1,-1,0,0,1215,-1,-1,-1,-1,-1,-1,2,0,0,0,0,0,2,0,10,5,8,41.88554441,-87.66137528
0,395755,-1,30,0,0,0,1,10,5,2,0,0,0,1,0,-1,-1,18,16,1112,-1,-1,-1,-1,-1,-1,2,0,0,0,0,0,2,0,10,5,8,41.90260878,-87.72073025
0,397600,-1,25,0,0,0,1,7,5,-1,0,0,0,0,-1,-1,-1,11,-1,1913,-1,-1,-1,-1,-1,-1,2,0,0,0,0,0,1,0,10,5,8,41.9670835,-87.65997164
0,395803,-1,30,2,2,0,1,5,6,1,0,0,0,0,-1,-1,-1,12,0,1433,-1,-1,-1,-1,-1,-1,1,0,0,0,0,0,1,0,10,5,8,41.90914319,-87.66049593
0,395799,-1,30,1,2,0,1,12,5,-1,0,0,0,0,-1,-1,1,17,14,1214,-1,-1,-1,-1,-1,-1,2,0,0,0,0,0,2,0,10,5,8,41.88572152,-87.64439131
0,395727,-1,30,1,2,0,1,14,6,4,0,0,0,0,1,-1,-1,21,-1,113,-1,-1,-1,-1,-1,-1,2,0,0,0,0,0,2,0,10,5,8,41.87706678,-87.62443921
0,395703,-1,30,1,2,0,1,10,2,-1,0,0,0,0,-1,-1,1,18,0,1814,-1,-1,-1,-1,-1,-1,2,0,0,0,0,0,2,0,10,5,8,41.91836817,-87.63588995
0,395693,-1,25,0,0,0,1,7,6,1,0,0,0,0,-1,-1,-1,0,0,234,-1,-1,-1,-1,-1,-1,2,0,0,0,0,0,1,0,10,5,8,41.79717241,-87.59329155
0,395696,-1,30,1,2,1,1,10,2,4,0,0,0,0,1,-1,1,25,16,1221,-1,-1,-1,-1,-1,-1,2,0,0,0,0,0,2,0,10,5,8,41.89567339,-87.68451554
0,395690,-1,30,0,0,0,1,12,5,0,0,0,0,0,-1,-1,-1,17,0,1822,-1,-1,-1,-1,-1,-1,2,0,0,0,0,0,4,0,10,5,8,41.90735031,-87.64917064
0,402812,-1,5,0,0,-1,-1,7,7,0,0,-1,-1,0,-1,-1,1,0,-1,1832,-1,-1,-1,-1,-1,-1,2,0,0,0,0,0,1,0,10,5,8,41.8978507,-87.63222554
0,396259,-1,30,0,0,0,1,12,2,4,0,0,0,0,-1,-1,-1,22,-1,211,-1,-1,-1,-1,-1,-1,2,0,0,0,0,0,2,0,10,5,8,41.83637183,-87.62638079
1,395952,-1,30,1,2,0,1,10,5,4,0,0,-1,1,-1,-1,-1,18,0,2413,-1,-1,-1,-1,-1,-1,2,1,0,0,0,1,2,0,10,5,8,41.99059321,-87.69216196
0,395846,-1,30,0,0,0,1,7,6,3,0,0,0,0,-1,-1,1,20,0,1634,-1,-1,-1,-1,-1,-1,2,0,0,0,0,0,1,0,10,5,8,41.94518118,-87.75823347
0,395773,-1,30,0,0,0,1,10,3,2,0,0,0,0,-1,-1,1,0,0,424,-1,-1,-1,-1,-1,-1,2,0,0,0,0,0,2,0,10,5,8,41.73374948,-87.54034603
0,395682,-1,30,0,0,0,1,10,2,4,0,0,0,0,-1,-1,-1,18,7,2523,-1,-1,-1,-1,-1,-1,2,0,0,0,0,0,5,0,10,5,8,41.93351658,-87.72717316
0,395681,-1,35,2,0,0,1,0,6,-1,0,0,0,0,-1,-1,-1,5,-1,824,-1,-1,-1,-1,-1,-1,2,0,0,0,0,0,3,0,10,5,8,41.79162608,-87.70242804
1,396520,0,35,1,2,0,1,10,2,4,0,0,0,1,-1,-1,-1,6,0,1911,-1,-1,-1,-1,-1,-1,2,1,0,0,0,1,1,0,9,5,8,41.96119828,-87.68921542
0,395772,-1,30,0,0,0,1,7,12,2,0,0,0,0,0,-1,-1,-1,-1,1034,-1,-1,-1,-1,-1,-1,2,0,0,0,0,0,1,0,9,5,8,41.84268703,-87.6950583
0,395770,-1,30,0,0,1,1,12,2,4,0,0,0,0,-1,-1,-1,18,21,913,-1,-1,-1,-1,-1,-1,2,0,0,0,0,0,2,0,9,5,8,41.84320977,-87.65498307
0,395816,-1,25,0,0,0,1,7,5,1,0,0,12,1,-1,-1,-1,28,-1,1712,-1,-1,-1,-1,-1,-1,2,0,0,0,0,0,1,0,9,5,8,41.96849382,-87.74541019
0,395641,-1,30,0,0,0,1,10,5,-1,0,0,0,0,-1,-1,-1,17,-1,1824,-1,-1,-1,-1,-1,-1,2,0,0,0,0,0,2,0,9,5,8,41.91109285,-87.63013788
0,395632,-1,20,0,0,1,1,7,5,-1,0,0,0,0,-1,-1,-1,18,22,1913,-1,1,-1,-1,-1,-1,2,0,0,0,0,0,2,0,9,5,8,41.96463129,-87.66115311
0,395626,-1,25,1,2,2,1,10,5,-1,0,1,0,0,-1,-1,-1,18,0,1814,-1,-1,-1,-1,-1,-1,2,0,0,0,0,0,2,0,9,5,8,41.91167091,-87.63330213
3,395616,-1,30,2,2,0,1,9,3,4,0,0,0,1,1,-1,-1,17,17,2012,-1,-1,-1,-1,-1,-1,2,1,0,1,0,0,1,0,9,5,8,41.9778887,-87.66980782
0,395608,-1,30,1,-1,0,1,10,6,3,0,0,0,0,1,-1,-1,16,-1,1024,0,-1,-1,-1,-1,-1,2,0,0,0,0,0,2,0,9,5,8,41.85598815,-87.71033262
0,395627,-1,30,0,0,0,1,14,5,4,0,0,0,0,-1,-1,-1,0,-1,1433,-1,-1,-1,-1,-1,-1,2,0,0,0,0,0,3,0,9,5,8,41.91739696,-87.66694672
2,395600,-1,30,1,-1,0,1,10,2,0,0,0,-1,1,-1,-1,1,18,0,1713,-1,-1,-1,-1,-1,-1,2,1,0,0,1,0,1,0,8,5,8,41.96856881,-87.70810223
0,396249,-1,30,0,0,0,1,12,5,2,0,0,0,0,-1,-1,1,17,-1,1912,-1,-1,-1,-1,-1,-1,2,0,0,0,0,0,2,0,8,5,8,41.96714616,-87.66925195
0,395663,-1,25,0,0,0,1,12,5,-1,0,0,0,0,-1,-1,-1,0,0,1834,-1,-1,-1,-1,-1,-1,2,0,0,0,0,0,2,0,8,5,8,41.89114777,-87.61404167
0,395605,-1,30,0,0,0,1,7,6,-1,0,0,0,0,-1,-1,1,25,0,611,-1,-1,-1,-1,-1,-1,2,0,0,0,0,0,1,0,8,5,8,41.74687333,-87.66684665
0,395596,-1,30,0,0,0,1,7,6,-1,0,0,2,0,-1,-1,1,25,16,2532,-1,-1,-1,-1,-1,-1,2,0,0,0,0,0,1,0,8,5,8,41.91132457,-87.76321226
0,395575,-1,30,0,0,1,1,14,5,2,0,0,0,0,-1,-1,-1,23,23,532,-1,-1,-1,-1,-1,-1,2,0,0,0,0,0,2,0,8,5,8,41.65921351,-87.61718909
0,395573,-1,0,2,2,1,1,0,5,2,0,0,0,0,1,-1,-1,17,16,423,-1,-1,-1,-1,-1,-1,2,0,0,0,0,0,3,0,8,5,8,41.73733712,-87.56356049
0,395729,-1,25,2,2,0,1,14,5,2,0,0,-1,0,-1,-1,-1,23,33,434,-1,-1,-1,-1,-1,-1,2,0,0,0,0,0,2,0,8,5,8,41.7044853,-87.56460812
0,395550,-1,30,0,0,0,1,12,6,2,0,0,0,0,-1,-1,-1,17,-1,1834,-1,-1,-1,-1,-1,-1,2,0,0,0,0,0,3,0,8,5,8,41.89510247,-87.62226179
0,395675,-1,25,2,1,0,1,14,5,2,0,0,0,0,-1,-1,-1,23,21,114,-1,-1,-1,-1,-1,-1,2,0,0,0,0,0,2,0,8,5,8,41.88454011,-87.62430852
1,395548,-1,35,1,2,1,1,14,2,-1,0,0,0,1,1,-1,-1,17,-1,815,-1,-1,-1,-1,-1,-1,2,2,0,0,0,2,0,0,8,5,8,41.81510102,-87.72400523
0,401606,-1,25,0,0,0,1,7,6,-1,0,0,0,0,-1,-1,-1,0,-1,421,-1,-1,-1,-1,-1,-1,2,0,0,0,0,0,1,0,8,5,8,41.75686418,-87.56133512
0,395995,-1,30,0,0,0,1,0,5,2,0,0,0,0,-1,-1,-1,22,-1,1232,-1,-1,-1,-1,-1,-1,2,0,0,0,0,0,2,0,8,5,8,41.87667163,-87.65462624
0,395992,-1,35,0,0,0,1,7,6,-1,0,0,0,0,-1,-1,1,0,0,823,-1,-1,-1,-1,-1,-1,2,0,0,0,0,0,1,0,8,5,8,41.78429854,-87.70456572
0,395714,-1,15,0,0,1,3,7,6,-1,0,0,0,0,-1,-1,1,25,0,622,-1,-1,-1,-1,-1,-1,2,0,0,0,0,0,1,0,8,5,8,41.74618948,-87.63161107