MOST_SEVERE_INJURY,RD_NO,CRASH_DATE_EST_I,POSTED_SPEED_LIMIT,TRAFFIC_CONTROL_DEVICE,DEVICE_CONDITION,WEATHER_CONDITION,LIGHTING_CONDITION,FIRST_CRASH_TYPE,TRAFFICWAY_TYPE,LANE_CNT,ALIGNMENT,ROADWAY_SURFACE_COND,ROAD_DEFECT,CRASH_TYPE,INTERSECTION_RELATED_I,NOT_RIGHT_OF_WAY_I,HIT_AND_RUN_I,PRIM_CONTRIBUTORY_CAUSE,SEC_CONTRIBUTORY_CAUSE,BEAT_OF_OCCURRENCE,PHOTOS_TAKEN_I,STATEMENTS_TAKEN_I,DOORING_I,WORK_ZONE_I,WORK_ZONE_TYPE,WORKERS_PRESENT_I,NUM_UNITS,INJURIES_TOTAL,INJURIES_FATAL,INJURIES_INCAPACITATING,INJURIES_NON_INCAPACITATING,INJURIES_REPORTED_NOT_EVIDENT,INJURIES_NO_INDICATION,INJURIES_UNKNOWN,CRASH_HOUR,CRASH_DAY_OF_WEEK,CRASH_MONTH,LATITUDE,LONGITUDE
0,395545,-1,30,0,0,0,1,12,3,-1,0,0,0,1,-1,-1,1,0,-1,2024,-1,-1,-1,-1,-1,-1,2,0,0,0,0,0,2,0,8,5,8,41.96926807,-87.64987751
0,395542,-1,25,0,0,0,1,7,5,-1,0,0,0,0,-1,-1,-1,18,18,821,-1,-1,-1,-1,-1,-1,2,0,0,0,0,0,2,0,8,5,8,41.80169899,-87.71128118
0,395599,-1,30,0,0,0,1,12,5,2,0,0,0,0,-1,-1,-1,22,23,114,-1,-1,-1,-1,-1,-1,2,0,0,0,0,0,2,0,7,5,8,41.88651988,-87.62438392
0,395544,-1,20,0,0,1,1,0,0,-1,0,0,0,0,-1,-1,-1,0,0,1931,-1,-1,-1,-1,-1,-1,2,0,0,0,0,0,2,0,7,5,8,41.93902506,-87.68576182
0,395541,-1,25,0,0,0,0,7,12,-1,0,0,0,0,-1,-1,1,-1,0,2533,-1,-1,-1,-1,-1,-1,2,0,0,0,0,0,1,0,7,5,8,41.90604214,-87.75101901
0,395582,-1,30,0,0,0,1,2,3,4,0,0,0,1,-1,-1,1,0,0,1513,-1,-1,-1,-1,-1,-1,1,0,0,0,0,0,1,0,7,5,8,41.87162488,-87.76470247
0,395532,-1,30,0,0,0,1,14,3,4,0,0,0,1,1,-1,-1,33,-1,222,-1,1,-1,-1,-1,-1,2,0,0,0,0,0,2,0,7,5,8,41.80418808,-87.58867469
0,404118,-1,30,1,2,0,1,12,5,-1,0,0,0,0,-1,-1,-1,0,0,122,-1,-1,-1,-1,-1,-1,2,0,0,0,0,0,2,0,7,5,8,41.87797563,-87.63659257
0,395538,-1,30,1,2,0,1,12,2,4,0,0,0,0,-1,-1,-1,0,0,1431,-1,-1,-1,-1,-1,-1,2,0,0,0,0,0,2,0,7,5,8,41.92478726,-87.6880956
0,395530,-1,30,2,2,1,1,0,2,0,0,0,0,0,1,-1,-1,17,16,1233,-1,-1,-1,-1,-1,-1,2,0,0,0,0,0,2,0,7,5,8,41.8648905,-87.67634267
0,395519,-1,30,1,2,0,1,0,2,-1,0,0,0,0,1,-1,-1,6,0,1722,-1,-1,-1,-1,-1,-1,2,0,0,0,0,0,2,0,7,5,8,41.95370551,-87.73255098
0,396439,-1,30,0,0,0,1,7,5,2,0,0,0,0,-1,-1,1,0,-1,1234,-1,-1,-1,-1,-1,-1,2,0,0,0,0,0,1,0,6,5,8,41.85411692,-87.67624822
0,395489,-1,30,1,0,0,1,7,5,2,0,0,0,1,-1,-1,-1,21,21,1033,-1,-1,-1,-1,-1,-1,2,0,0,0,0,0,1,0,6,5,8,41.85102772,-87.6955727
0,395539,-1,0,1,2,0,1,0,2,5,0,0,0,0,1,-1,-1,6,-1,114,-1,-1,-1,-1,-1,-1,2,0,0,0,0,0,2,0,6,5,8,41.87582011,-87.62312141
0,395499,-1,30,0,0,0,1,7,5,2,0,0,0,1,-1,-1,1,0,0,1611,-1,-1,-1,-1,-1,-1,2,0,0,0,0,0,1,0,6,5,8,42.01544093,-87.80691238
0,395496,-1,35,1,2,0,1,14,5,4,0,0,0,0,-1,-1,-1,21,-1,922,-1,-1,-1,-1,-1,-1,2,0,0,0,0,0,2,0,6,5,8,41.80832271,-87.68454779
2,395490,-1,30,0,0,0,1,7,2,2,0,0,0,1,-1,-1,-1,14,0,1613,-1,-1,-1,-1,-1,-1,2,1,0,0,1,0,0,0,6,5,8,41.97550952,-87.79182134
3,395493,-1,30,1,2,1,1,14,2,4,2,0,0,1,1,-1,-1,17,3,2512,-1,-1,-1,-1,-1,-1,2,1,0,1,0,0,1,0,6,5,8,41.92398712,-87.80610743
0,395510,-1,30,1,2,0,1,10,2,-1,0,0,0,0,-1,-1,1,25,18,933,-1,-1,-1,-1,-1,-1,2,0,0,0,0,0,2,0,6,5,8,41.80868788,-87.65538678
0,412902,-1,30,0,0,-1,-1,7,5,2,0,-1,-1,0,-1,-1,1,0,-1,2212,-1,-1,-1,-1,-1,-1,2,0,0,0,0,0,1,0,6,5,8,41.69074862,-87.67198643
0,397638,1,30,0,0,-1,-1,7,5,2,0,-1,0,0,-1,-1,1,0,-1,2511,-1,-1,-1,-1,-1,-1,2,0,0,0,0,0,1,0,6,5,8,41.93366251,-87.77741364
0,397200,-1,30,0,0,1,3,7,6,1,0,0,0,0,-1,-1,-1,8,-1,1221,-1,-1,-1,-1,-1,-1,2,0,0,0,0,0,1,0,6,5,8,41.89387449,-87.6836118
0,395506,-1,30,0,0,2,1,12,5,2,0,0,-1,0,-1,-1,1,0,-1,921,-1,-1,-1,-1,-1,-1,2,0,0,0,0,0,2,0,6,5,8,41.8225154,-87.70431578
0,395471,-1,35,0,0,0,0,10,5,4,0,0,0,0,-1,-1,-1,18,0,912,-1,-1,-1,-1,-1,-1,2,0,0,0,0,0,2,0,5,5,8,41.83007077,-87.67795456
0,402659,-1,30,0,0,0,-1,7,6,1,0,0,0,1,-1,-1,1,0,0,611,-1,-1,-1,-1,-1,-1,2,0,0,0,0,0,1,0,5,5,8,41.75453574,-87.6682539
0,395456,0,20,0,0,0,3,2,0,1,0,0,0,0,-1,-1,-1,20,-1,1212,-1,-1,-1,-1,-1,-1,1,0,0,0,0,0,2,0,3,5,8,41.89987368,-87.68464344
0,395443,-1,30,0,12,0,3,7,6,1,0,0,-1,0,-1,-1,1,0,0,1031,-1,-1,-1,-1,-1,-1,4,0,0,0,0,0,1,0,3,5,8,41.8396388,-87.73645476
0,395834,-1,30,0,0,0,2,12,5,2,0,0,0,0,-1,-1,-1,0,-1,814,-1,-1,-1,-1,-1,-1,2,0,0,0,0,0,2,0,2,5,8,41.80588965,-87.7432551
0,395469,-1,30,1,2,0,3,7,5,-1,0,0,0,0,-1,-1,1,0,0,2431,-1,-1,-1,-1,-1,-1,2,0,0,0,0,0,1,0,2,5,8,42.00561788,-87.66078594
0,395462,-1,30,0,0,0,3,2,3,2,3,0,0,0,-1,-1,1,20,-1,1834,1,-1,-1,-1,-1,-1,1,0,0,0,0,0,1,0,2,5,8,41.89109962,-87.62096764
0,395413,-1,30,2,0,0,3,12,5,-1,0,0,0,0,-1,-1,-1,25,0,523,-1,-1,-1,-1,-1,-1,2,0,0,0,0,0,2,0,1,5,8,41.66267727,-87.64125551
1,395398,-1,35,1,2,0,3,0,3,-1,0,0,0,1,1,-1,-1,0,0,935,-1,-1,-1,-1,-1,-1,2,1,0,0,0,1,3,0,1,5,8,41.79464267,-87.63177187
1,395388,-1,30,1,2,0,3,10,3,4,0,0,0,1,1,-1,-1,16,11,114,-1,-1,-1,-1,-1,-1,2,1,0,0,0,1,2,0,0,5,8,41.86756747,-87.62399891
0,395376,-1,30,0,0,0,0,2,3,4,0,0,0,1,-1,-1,-1,29,-1,725,-1,-1,-1,-1,-1,-1,1,0,0,0,0,0,1,0,0,5,8,41.77603518,-87.66427501
0,395361,-1,30,1,2,0,3,0,2,4,0,0,0,0,-1,-1,-1,17,-1,1124,-1,-1,-1,-1,-1,-1,2,0,0,0,0,0,2,0,0,5,8,41.87608974,-87.69621712
0,395721,-1,30,0,0,-1,-1,7,5,-1,0,-1,-1,0,-1,-1,1,0,-1,924,-1,-1,-1,-1,-1,-1,2,0,0,0,0,0,1,0,0,5,8,41.8102526,-87.67148873
0,395390,-1,30,0,0,0,0,2,3,4,0,0,0,1,-1,-1,-1,32,-1,1711,-1,-1,-1,-1,-1,-1,1,0,0,0,0,0,1,0,23,4,8,41.99713834,-87.73735951
0,395352,-1,30,0,0,0,3,7,6,1,0,1,0,1,-1,-1,1,16,14,1523,-1,-1,-1,-1,-1,-1,2,0,0,0,0,0,1,0,23,4,8,41.88347444,-87.75654725
2,395347,-1,30,1,2,0,3,0,3,-1,0,0,-1,1,1,-1,-1,0,0,1023,-1,-1,-1,-1,-1,-1,3,1,0,0,1,0,2,0,23,4,8,41.85214131,-87.68575264
0,398814,1,30,1,2,-1,3,12,3,-1,0,-1,0,0,1,-1,1,22,-1,1621,-1,-1,-1,-1,-1,-1,2,0,0,0,0,0,2,0,23,4,8,41.99719263,-87.75325028
0,395432,-1,30,0,0,0,3,7,5,-1,2,0,-1,0,-1,-1,1,25,0,513,-1,-1,-1,-1,-1,-1,2,0,0,0,0,0,1,0,23,4,8,41.69856208,-87.6282017
0,395337,-1,30,0,0,1,3,7,6,-1,0,1,0,1,-1,-1,-1,21,-1,1935,-1,-1,-1,-1,-1,-1,3,0,0,0,0,0,1,0,23,4,8,41.92946068,-87.64414043
0,395335,-1,30,0,3,2,0,14,5,2,0,1,0,0,1,-1,1,25,16,1413,-1,-1,-1,-1,-1,-1,5,0,0,0,0,0,2,0,23,4,8,41.91744617,-87.70711607
2,395333,-1,35,2,2,0,3,0,5,2,0,0,0,1,1,-1,-1,17,11,1212,-1,0,-1,-1,-1,-1,2,2,0,0,2,0,2,0,23,4,8,41.90320179,-87.67496774
0,395358,-1,20,0,0,0,3,7,7,-1,0,0,0,0,-1,-1,-1,0,-1,1223,-1,-1,-1,-1,-1,-1,2,0,0,0,0,0,1,0,23,4,8,41.88142259,-87.67670648
0,395330,-1,30,1,2,0,3,10,3,4,0,0,0,0,1,-1,1,16,-1,113,-1,-1,-1,-1,-1,-1,3,0,0,0,0,0,3,0,23,4,8,41.87573919,-87.62881115
0,395350,-1,30,0,0,0,3,12,6,3,0,0,-1,0,-1,-1,-1,22,21,1224,-1,-1,-1,-1,-1,-1,2,0,0,0,0,0,8,0,23,4,8,41.87894729,-87.67044809
0,395340,-1,30,0,0,-1,3,5,2,3,0,0,0,0,-1,-1,-1,0,21,132,-1,-1,-1,-1,-1,-1,1,0,0,0,0,0,1,0,23,4,8,41.86262829,-87.61503109
0,395314,-1,30,0,0,0,3,7,5,2,0,0,0,1,-1,-1,-1,25,0,523,-1,-1,-1,-1,-1,-1,2,0,0,0,0,0,1,0,22,4,8,41.66037846,-87.63961778
0,399133,1,30,0,0,-1,-1,7,6,-1,0,-1,-1,0,-1,-1,1,0,-1,1731,-1,-1,-1,-1,-1,-1,2,0,0,0,0,0,1,0,22,4,8,41.9431045,-87.72927848
0,395325,-1,10,0,0,0,3,2,0,-1,0,0,-1,0,-1,1,-1,8,-1,1131,-1,-1,-1,-1,-1,-1,1,0,0,0,0,0,1,0,22,4,8,41.8758224,-87.74445051
0,395297,-1,25,0,0,0,3,7,6,-1,0,0,0,0,-1,-1,1,-1,-1,822,-1,-1,-1,-1,-1,-1,2,0,0,0,0,0,1,0,22,4,8,41.79837114,-87.70506747
0,427269,-1,20,0,0,0,3,7,7,-1,0,-1,0,0,-1,-1,1,0,0,2213,-1,-1,-1,-1,-1,-1,2,0,0,0,0,0,1,0,22,4,8,41.71902228,-87.68185843
0,403170,-1,30,0,0,0,3,10,2,2,0,0,0,0,-1,-1,-1,0,-1,2431,-1,-1,-1,-1,-1,-1,2,0,0,0,0,0,2,0,22,4,8,42.00564799,-87.66105872
3,395300,-1,30,0,0,0,3,2,3,-1,0,0,0,1,-1,-1,-1,0,-1,311,-1,-1,-1,-1,-1,-1,1,1,0,1,0,0,0,0,21,4,8,41.7830637,-87.62750605
2,395270,-1,30,1,2,2,3,0,6,2,0,1,0,1,1,-1,1,22,-1,111,-1,-1,-1,-1,-1,-1,3,1,0,0,1,0,4,0,21,4,8,41.88459085,-87.62923601
2,395263,-1,30,1,2,0,3,10,2,-1,0,0,-1,1,0,-1,-1,18,6,2211,-1,-1,-1,-1,-1,-1,2,2,0,0,2,0,3,0,21,4,8,41.70608296,-87.70146672
0,395213,-1,30,0,0,2,3,2,3,4,5,1,0,1,-1,-1,-1,34,0,2422,-1,-1,-1,-1,-1,-1,1,0,0,0,0,0,1,0,21,4,8,42.02277986,-87.66586111
0,395345,-1,30,1,2,0,0,14,5,-1,0,0,0,0,-1,-1,1,0,0,813,-1,-1,-1,-1,-1,-1,2,0,0,0,0,0,2,0,21,4,8,41.79291088,-87.74207734
3,395237,-1,25,1,2,2,3,10,5,-1,2,1,0,1,1,-1,-1,18,-1,1934,-1,-1,-1,-1,-1,-1,2,1,0,1,0,0,2,0,21,4,8,41.94016502,-87.6386971
0,395214,-1,30,1,2,0,1,10,5,2,0,1,0,0,-1,-1,-1,0,0,2515,-1,-1,-1,-1,-1,-1,2,0,0,0,0,0,3,0,21,4,8,41.91999008,-87.77312685
0,395251,-1,30,0,0,2,3,7,6,-1,0,1,0,0,-1,-1,-1,20,7,2534,-1,-1,-1,-1,-1,-1,3,0,0,0,0,0,1,0,21,4,8,41.91189637,-87.72747224
0,395313,-1,30,0,0,0,3,7,7,-1,0,0,0,0,-1,-1,1,20,-1,623,-1,-1,-1,-1,-1,-1,2,0,0,0,0,0,3,0,21,4,8,41.75089105,-87.62596851
0,395241,-1,30,1,-1,-1,0,10,5,-1,0,-1,-1,0,1,-1,-1,0,0,1732,-1,-1,-1,-1,-1,-1,2,0,0,0,0,0,2,0,21,4,8,41.94658604,-87.71967021
0,395242,-1,30,0,0,2,0,7,5,-1,0,1,0,1,-1,-1,-1,8,0,1624,-1,-1,-1,-1,-1,-1,2,0,0,0,0,0,1,0,21,4,8,41.960394,-87.76543464
0,395235,-1,30,0,0,0,4,10,2,-1,0,0,0,0,-1,-1,-1,9,0,813,-1,-1,-1,-1,-1,-1,2,0,0,0,0,0,2,0,20,4,8,41.77566337,-87.74232781
2,395192,-1,30,0,0,0,3,14,5,4,0,0,0,1,-1,-1,-1,17,23,212,-1,-1,-1,-1,-1,-1,2,1,0,0,1,0,1,0,20,4,8,41.825556,-87.61717842
2,395190,-1,30,1,2,2,2,9,2,-1,0,1,0,1,1,-1,-1,34,-1,1923,-1,-1,-1,-1,-1,-1,2,1,0,0,1,0,1,0,20,4,8,41.95093332,-87.65958799
0,402387,-1,30,2,2,0,3,0,6,1,0,0,0,0,1,-1,1,5,11,632,1,-1,-1,-1,-1,-1,2,0,0,0,0,0,3,0,20,4,8,41.73474142,-87.60735039
0,395200,-1,30,1,2,0,3,12,6,3,0,0,0,0,1,-1,-1,21,-1,121,-1,-1,-1,-1,-1,-1,2,0,0,0,0,0,2,0,20,4,8,41.88329092,-87.63978476
0,395137,-1,35,1,2,0,4,14,1,0,0,0,0,1,1,-1,-1,11,11,911,-1,-1,-1,-1,-1,-1,2,0,0,0,0,0,2,0,20,4,8,41.83018057,-87.6948674
0,395183,-1,35,1,2,2,3,10,2,2,0,1,0,0,-1,-1,-1,20,0,2432,-1,-1,-1,-1,-1,-1,2,0,0,0,0,0,3,0,20,4,8,41.99814421,-87.67076765
0,395161,-1,30,0,0,0,3,7,2,4,0,0,0,1,-1,-1,-1,0,0,1023,-1,1,-1,-1,-1,-1,2,0,0,0,0,0,1,0,20,4,8,41.86339889,-87.6901929
0,395184,-1,30,1,2,0,0,10,5,-1,0,0,0,0,1,-1,1,18,-1,714,-1,-1,-1,-1,-1,-1,2,0,0,0,0,0,2,0,20,4,8,41.78665418,-87.66453916
0,467144,-1,30,0,0,0,0,0,5,-1,0,0,0,0,-1,-1,-1,17,0,1223,-1,-1,-1,-1,-1,-1,2,0,0,0,0,0,2,0,20,4,8,41.88020346,-87.67646998
0,398612,-1,30,1,-1,0,4,10,2,4,0,1,-1,0,1,-1,-1,0,-1,2022,-1,-1,-1,-1,-1,-1,2,0,0,0,0,0,2,0,20,4,8,41.98900565,-87.65549999
0,395283,-1,30,0,0,0,3,7,5,-1,0,1,0,0,-1,-1,1,0,-1,1732,-1,-1,-1,-1,-1,-1,2,0,0,0,0,0,1,0,20,4,8,41.94749807,-87.72758008
0,395139,-1,30,1,2,2,3,0,2,2,0,1,0,1,1,-1,-1,6,6,1225,-1,-1,-1,-1,-1,-1,2,0,0,0,0,0,3,0,19,4,8,41.87622895,-87.68395154
0,395122,-1,30,1,2,2,4,14,5,-1,0,1,0,1,1,-1,-1,17,-1,2531,-1,-1,-1,-1,-1,-1,2,0,0,0,0,0,2,0,19,4,8,41.91309264,-87.76578125
0,395142,-1,30,2,2,0,4,2,6,2,0,0,0,1,1,-1,0,10,16,331,-1,-1,-1,-1,-1,-1,1,0,0,0,0,0,4,0,19,4,8,41.77186197,-87.56844548
0,395140,-1,10,2,0,0,2,7,7,1,0,0,-1,0,-1,-1,-1,0,0,432,-1,-1,-1,-1,-1,-1,2,0,0,0,0,0,1,0,19,4,8,41.70356373,-87.53513895
0,395125,-1,30,1,2,0,1,10,12,2,2,0,0,0,1,-1,1,16,11,2232,-1,-1,-1,-1,-1,-1,2,0,0,0,0,0,2,0,19,4,8,41.71432334,-87.64306671
1,395121,-1,40,12,12,0,3,10,3,4,0,1,0,1,-1,-1,-1,0,-1,1834,-1,-1,-1,-1,-1,-1,3,1,0,0,0,1,2,0,19,4,8,41.89507405,-87.61604354
0,395089,-1,30,1,2,2,2,8,2,2,0,1,0,0,-1,-1,1,20,0,1432,-1,-1,-1,-1,-1,-1,2,0,0,0,0,0,5,0,19,4,8,41.92934168,-87.68700075
0,395102,-1,40,0,0,0,1,10,3,8,0,0,0,0,-1,-1,-1,16,0,1834,-1,-1,-1,-1,-1,-1,2,0,0,0,0,0,3,0,19,4,8,41.89125508,-87.61375081
0,395054,-1,30,2,2,2,1,10,5,2,0,1,0,1,1,-1,1,0,0,1531,-1,-1,-1,-1,-1,-1,2,0,0,0,0,0,3,0,19,4,8,41.89869875,-87.74848929
0,395181,-1,25,0,0,0,1,7,2,-1,0,0,0,0,-1,-1,-1,0,0,1831,-1,-1,-1,-1,-1,-1,2,0,0,0,0,0,1,0,19,4,8,41.89013272,-87.63092252
2,395101,-1,0,1,2,2,4,9,2,2,0,1,-1,1,1,-1,-1,17,34,2011,-1,-1,-1,-1,-1,-1,2,1,0,0,1,0,1,0,19,4,8,41.97597679,-87.69243428
0,395165,-1,30,0,0,-1,-1,7,5,2,0,-1,-1,0,-1,-1,1,-1,-1,1234,-1,-1,-1,-1,-1,-1,3,0,0,0,0,0,1,0,18,4,8,41.85433642,-87.6782055
1,395099,-1,25,0,0,0,1,14,5,-1,0,0,0,1,-1,-1,1,-1,-1,413,-1,-1,-1,-1,-1,-1,2,1,0,0,0,1,2,0,18,4,8,41.72429607,-87.5667957
0,395019,-1,30,1,2,2,4,10,3,-1,3,1,0,0,1,-1,-1,18,-1,2011,-1,-1,-1,-1,-1,-1,3,0,0,0,0,0,4,0,18,4,8,41.98198174,-87.6934219
0,395240,-1,0,0,0,-1,1,0,2,1,0,-1,-1,0,1,-1,-1,32,5,223,-1,-1,-1,-1,-1,-1,2,0,0,0,0,0,2,0,18,4,8,41.80940595,-87.60913009
0,395132,-1,30,0,0,0,2,10,5,-1,0,0,0,0,-1,-1,1,-1,-1,824,-1,-1,-1,-1,-1,-1,2,0,0,0,0,0,2,0,18,4,8,41.7861624,-87.70179041
0,395052,-1,30,0,0,2,4,7,6,1,0,1,0,0,-1,-1,1,0,0,1733,-1,-1,-1,-1,-1,-1,2,0,0,0,0,0,1,0,18,4,8,41.95253788,-87.71178913
0,395027,-1,35,0,0,2,1,10,3,4,0,1,0,0,-1,-1,-1,18,34,1215,-1,-1,-1,-1,-1,-1,2,0,0,0,0,0,2,0,18,4,8,41.88691397,-87.66717111
0,400517,-1,30,1,2,2,-1,10,5,4,0,1,0,0,1,-1,-1,0,0,1831,-1,-1,-1,-1,-1,-1,2,0,0,0,0,0,9,0,18,4,8,41.8931051,-87.6372249
0,395160,-1,35,0,0,2,0,0,2,-1,0,1,0,0,-1,-1,-1,17,-1,815,-1,-1,-1,-1,-1,-1,2,0,0,0,0,0,2,0,18,4,8,41.7989702,-87.74166935
0,395030,0,25,2,2,1,1,0,5,2,0,0,0,1,1,-1,1,5,17,622,-1,-1,-1,-1,-1,-1,2,0,0,0,0,0,2,0,18,4,8,41.74008112,-87.63956634
0,395221,-1,30,0,0,2,1,10,5,2,0,1,0,0,-1,-1,-1,18,0,1922,-1,-1,-1,-1,-1,-1,2,0,0,0,0,0,2,0,18,4,8,41.94712029,-87.66759492
0,394993,1,30,0,0,0,1,7,7,-1,0,0,0,0,-1,1,1,-1,-1,524,1,1,-1,-1,-1,-1,2,0,0,0,0,0,1,0,18,4,8,41.68354218,-87.64195549
0,395112,-1,30,0,0,2,4,7,6,1,0,1,0,0,-1,-1,1,21,-1,1434,-1,-1,-1,-1,-1,-1,2,0,0,0,0,0,1,0,18,4,8,41.91413951,-87.68506211
0,395021,-1,30,0,0,2,2,10,5,-1,0,1,0,0,-1,-1,-1,-1,-1,823,-1,-1,-1,-1,-1,-1,3,0,0,0,0,0,3,0,18,4,8,41.77894986,-87.69840992
0,394984,-1,30,0,0,0,4,10,5,-1,0,0,0,0,-1,-1,-1,18,7,2511,-1,-1,-1,-1,-1,-1,2,0,0,0,0,0,2,0,18,4,8,41.93744803,-87.78605016
0,394963,-1,15,0,0,0,1,7,7,1,0,0,0,0,-1,-1,1,20,21,1914,-1,-1,-1,-1,-1,-1,2,0,0,0,0,0,1,0,17,4,8,41.96371269,-87.64981992
0,394960,1,30,1,2,0,1,12,5,-1,0,0,0,0,1,-1,-1,17,-1,1731,-1,-1,-1,-1,-1,-1,2,0,0,0,0,0,2,0,17,4,8,41.94633227,-87.73915685
0,394931,-1,35,1,2,1,1,8,5,2,0,0,0,0,1,-1,1,6,6,1913,-1,-1,-1,-1,-1,-1,2,0,0,0,0,0,2,0,17,4,8,41.96516201,-87.6666664
0,402485,-1,35,1,2,0,1,10,2,4,0,0,0,0,1,-1,-1,11,0,2211,-1,-1,-1,-1,-1,-1,2,0,0,0,0,0,2,0,17,4,8,41.69021432,-87.73956447
0,398578,-1,30,0,0,1,1,7,6,1,0,0,0,0,-1,1,1,0,0,1631,-1,-1,-1,-1,-1,-1,2,0,0,0,0,0,1,0,17,4,8,41.95203864,-87.83317005
0,395509,-1,15,0,0,-1,-1,7,0,1,0,-1,0,1,-1,-1,1,0,0,1414,-1,-1,-1,-1,-1,-1,2,0,0,0,0,0,1,0,17,4,8,41.92230628,-87.69875498
0,394937,-1,30,1,2,0,1,12,6,3,0,0,0,0,-1,-1,-1,21,-1,1831,-1,-1,-1,-1,-1,-1,2,0,0,0,0,0,7,0,17,4,8,41.8923504,-87.62875592
0,394920,-1,15,0,0,0,2,7,7,-1,0,0,0,0,-1,-1,-1,0,-1,124,-1,-1,-1,-1,-1,-1,2,0,0,0,0,0,1,0,17,4,8,41.86565118,-87.63934463
2,349939,-1,30,0,0,0,1,10,5,2,0,0,0,1,0,-1,-1,-1,12,1634,-1,-1,-1,-1,-1,-1,2,1,0,0,1,0,1,0,17,4,8,41.95149954,-87.75694472
0,394964,-1,30,0,0,0,2,14,5,-1,0,0,0,0,-1,-1,1,-1,-1,822,-1,-1,-1,-1,-1,-1,2,0,0,0,0,0,2,0,17,4,8,41.80062192,-87.71126962
0,394930,-1,30,2,2,0,1,10,6,1,0,0,0,0,1,-1,-1,18,-1,631,-1,-1,-1,-1,-1,-1,2,0,0,0,0,0,6,0,17,4,8,41.74575696,-87.60031991
2,394916,-1,30,2,2,0,1,8,6,1,0,0,0,1,-1,-1,1,16,17,1033,-1,-1,-1,-1,-1,-1,2,1,0,0,1,0,1,0,17,4,8,41.84806863,-87.70376699
0,394919,-1,10,0,0,0,1,7,7,-1,0,0,0,0,-1,1,-1,0,0,911,-1,-1,-1,-1,-1,-1,2,0,0,0,0,0,1,0,17,4,8,41.82295846,-87.69142592
0,394904,-1,30,1,2,0,1,10,3,-1,0,0,0,0,-1,-1,-1,27,-1,1621,-1,-1,-1,-1,-1,-1,2,0,0,0,0,0,7,0,17,4,8,41.99743776,-87.76083192
0,394889,-1,30,1,2,0,1,10,5,5,0,0,0,0,-1,-1,-1,0,-1,1614,-1,-1,-1,-1,-1,-1,3,0,0,0,0,0,3,0,17,4,8,41.98634263,-87.83710395
0,394959,-1,30,1,2,0,1,10,5,-1,0,0,0,0,1,-1,-1,18,0,1834,-1,-1,-1,-1,-1,-1,2,0,0,0,0,0,2,0,17,4,8,41.89339228,-87.61497788
0,394932,-1,30,1,0,0,1,14,5,4,0,0,0,0,-1,-1,-1,17,17,215,-1,-1,-1,-1,-1,-1,2,0,0,0,0,0,2,0,17,4,8,41.80927145,-87.63089121
0,395007,-1,30,1,-1,0,1,10,5,4,0,0,-1,0,-1,-1,-1,0,0,431,-1,-1,-1,-1,-1,-1,2,0,0,0,0,0,2,0,16,4,8,41.7222678,-87.58251019
0,394936,-1,30,0,0,0,1,7,2,2,0,0,0,0,-1,-1,-1,0,-1,234,-1,-1,-1,-1,-1,-1,2,0,0,0,0,0,1,0,16,4,8,41.80005877,-87.58434052
0,394910,-1,30,2,2,0,1,14,2,-1,0,0,0,0,-1,-1,1,17,5,523,-1,-1,-1,-1,-1,-1,2,0,0,0,0,0,2,0,16,4,8,41.66340211,-87.6330317
0,394921,-1,30,0,0,0,1,7,5,2,0,0,0,0,-1,-1,-1,20,-1,1231,-1,-1,-1,-1,-1,-1,2,0,0,0,0,0,2,0,16,4,8,41.87419001,-87.67406257
0,475994,-1,30,2,0,0,1,10,5,-1,0,0,0,0,-1,-1,-1,0,0,1115,-1,-1,-1,-1,-1,-1,2,0,0,0,0,0,4,0,16,4,8,41.8808343,-87.7257966
0,394996,1,30,0,0,1,1,7,5,2,0,1,0,0,-1,-1,1,22,0,1013,-1,-1,-1,-1,-1,-1,2,0,0,0,0,0,1,0,16,4,8,41.84757097,-87.72449739
0,394834,-1,30,1,2,0,1,10,5,2,0,0,0,0,-1,-1,-1,0,0,322,-1,-1,-1,-1,-1,-1,2,0,0,0,0,0,2,0,16,4,8,41.76924668,-87.61549896
0,394925,-1,25,0,0,0,1,7,6,1,0,0,-1,0,-1,-1,-1,0,-1,2412,-1,-1,-1,-1,-1,-1,2,0,0,0,0,0,1,0,16,4,8,41.99807046,-87.69126154
0,394852,-1,30,1,1,0,1,10,5,3,0,0,0,0,-1,-1,-1,18,-1,131,-1,-1,-1,-1,-1,-1,2,0,0,0,0,0,2,0,16,4,8,41.86400154,-87.62422573
0,394857,-1,15,0,0,0,1,7,7,-1,0,0,0,0,-1,-1,1,0,0,1612,-1,-1,-1,-1,-1,-1,2,0,0,0,0,0,1,0,16,4,8,41.98466614,-87.82315865
0,396349,-1,10,0,0,0,1,7,7,-1,0,0,0,0,-1,-1,1,0,-1,124,-1,-1,-1,-1,-1,-1,2,0,0,0,0,0,1,0,16,4,8,41.86736764,-87.63871122
0,396273,1,15,0,0,0,1,7,7,1,0,0,0,0,-1,-1,1,0,0,622,-1,-1,-1,-1,-1,-1,2,0,0,0,0,0,1,0,16,4,8,41.7434025,-87.6339587
0,394895,-1,30,1,2,0,1,10,2,-1,0,0,0,0,-1,-1,-1,18,0,1922,-1,-1,-1,-1,-1,-1,2,0,0,0,0,0,2,0,16,4,8,41.9541787,-87.66919282