MOST_SEVERE_INJURY,RD_NO,CRASH_DATE_EST_I,POSTED_SPEED_LIMIT,TRAFFIC_CONTROL_DEVICE,DEVICE_CONDITION,WEATHER_CONDITION,LIGHTING_CONDITION,FIRST_CRASH_TYPE,TRAFFICWAY_TYPE,LANE_CNT,ALIGNMENT,ROADWAY_SURFACE_COND,ROAD_DEFECT,CRASH_TYPE,INTERSECTION_RELATED_I,NOT_RIGHT_OF_WAY_I,HIT_AND_RUN_I,PRIM_CONTRIBUTORY_CAUSE,SEC_CONTRIBUTORY_CAUSE,BEAT_OF_OCCURRENCE,PHOTOS_TAKEN_I,STATEMENTS_TAKEN_I,DOORING_I,WORK_ZONE_I,WORK_ZONE_TYPE,WORKERS_PRESENT_I,NUM_UNITS,INJURIES_TOTAL,INJURIES_FATAL,INJURIES_INCAPACITATING,INJURIES_NON_INCAPACITATING,INJURIES_REPORTED_NOT_EVIDENT,INJURIES_NO_INDICATION,INJURIES_UNKNOWN,CRASH_HOUR,CRASH_DAY_OF_WEEK,CRASH_MONTH,LATITUDE,LONGITUDE
0,394844,-1,30,0,0,0,1,7,0,0,0,0,0,0,-1,1,-1,11,15,511,-1,-1,-1,-1,-1,-1,2,0,0,0,0,0,2,0,16,4,8,41.71241526,-87.62377312
3,394808,-1,30,1,-1,0,1,14,2,3,0,0,-1,1,-1,-1,-1,0,-1,213,-1,-1,-1,-1,-1,-1,2,1,0,1,0,0,1,0,16,4,8,41.82364234,-87.62978732
0,394829,-1,30,0,0,0,1,10,2,2,0,0,0,0,-1,-1,-1,27,18,1524,-1,-1,-1,-1,-1,-1,2,0,0,0,0,0,3,0,16,4,8,41.89475847,-87.76340903
0,406649,-1,30,0,0,0,1,10,5,-1,0,0,12,0,0,-1,-1,0,0,2534,-1,-1,-1,-1,-1,-1,2,0,0,0,0,0,2,0,16,4,8,41.90816709,-87.7266138
0,404876,-1,10,0,0,0,1,10,6,-1,3,0,0,0,-1,-1,-1,10,-1,1651,-1,-1,-1,-1,-1,-1,2,0,0,0,0,0,2,0,16,4,8,41.97620114,-87.90530913
1,398430,-1,30,0,0,-1,1,10,6,-1,0,-1,-1,1,-1,-1,-1,0,0,1023,-1,-1,-1,-1,-1,-1,2,1,0,0,0,1,3,0,16,4,8,41.86192423,-87.69342446
0,395119,-1,30,0,0,0,2,0,7,-1,0,0,0,0,-1,-1,-1,-1,-1,1112,-1,-1,-1,-1,-1,-1,2,0,0,0,0,0,6,0,16,4,8,41.90247367,-87.71681747
0,394911,-1,30,1,2,0,1,0,2,2,0,0,0,1,1,-1,-1,6,17,1733,-1,-1,-1,-1,-1,-1,2,0,0,0,0,0,2,0,16,4,8,41.93943259,-87.69797177
0,394812,-1,30,0,0,1,1,10,5,4,0,1,0,0,-1,-1,-1,8,-1,324,-1,-1,-1,-1,-1,-1,2,0,0,0,0,0,2,0,16,4,8,41.76322245,-87.58570303
0,394817,-1,30,0,0,0,1,14,5,-1,0,0,0,0,-1,-1,-1,-1,-1,834,-1,-1,-1,-1,-1,-1,2,0,0,0,0,0,2,0,15,4,8,41.74957377,-87.7074173
0,394848,-1,30,1,2,0,1,14,2,4,0,0,0,1,1,-1,-1,11,16,811,-1,-1,-1,-1,-1,-1,2,0,0,0,0,0,3,0,15,4,8,41.79217142,-87.79652511
0,394762,-1,30,0,0,0,1,10,5,4,0,0,0,0,-1,-1,-1,18,11,1812,-1,-1,-1,-1,-1,-1,2,0,0,0,0,0,2,0,15,4,8,41.92169995,-87.64911228
2,394793,-1,35,1,2,0,1,9,12,4,0,0,0,1,1,-1,1,17,0,1121,-1,-1,-1,-1,-1,-1,2,1,0,0,1,0,1,0,15,4,8,41.89842312,-87.70661641
0,394813,-1,25,0,0,0,1,10,5,2,0,0,-1,0,-1,-1,-1,16,11,1023,-1,-1,-1,-1,-1,-1,2,0,0,0,0,0,7,0,15,4,8,41.86211333,-87.69342971
0,394809,-1,30,0,0,0,1,10,5,-1,0,-1,-1,0,-1,-1,-1,18,-1,913,-1,-1,-1,-1,-1,-1,2,0,0,0,0,0,2,0,15,4,8,41.84370362,-87.65342486
0,394806,-1,30,0,0,0,1,12,5,2,0,0,0,0,-1,-1,-1,17,-1,1634,-1,-1,-1,-1,-1,-1,2,0,0,0,0,0,2,0,15,4,8,41.94148348,-87.74956359
0,394856,-1,30,0,0,0,1,14,3,4,0,0,0,0,1,-1,-1,22,-1,1012,-1,-1,-1,-1,-1,-1,2,0,0,0,0,0,3,0,15,4,8,41.85147608,-87.73703049
2,394819,-1,30,0,0,0,1,2,5,-1,0,0,0,1,-1,-1,-1,0,-1,1133,-1,-1,-1,-1,-1,-1,1,1,0,0,1,0,1,0,15,4,8,41.87478239,-87.72287329
0,395022,-1,30,1,2,0,1,14,6,-1,0,0,0,0,1,-1,-1,22,-1,1834,-1,-1,-1,-1,-1,-1,2,0,0,0,0,0,2,0,15,4,8,41.89162116,-87.62425393
0,394786,-1,30,0,0,0,1,10,2,2,0,0,-1,0,-1,-1,1,20,0,631,-1,-1,-1,-1,-1,-1,2,0,0,0,0,0,2,0,15,4,8,41.74777588,-87.60150804
0,395129,-1,30,1,2,0,1,10,5,-1,0,0,-1,0,-1,-1,-1,11,-1,634,-1,-1,-1,-1,-1,-1,2,0,0,0,0,0,2,0,15,4,8,41.73616511,-87.62558757
0,394802,-1,10,0,0,0,1,10,7,-1,0,0,0,0,-1,1,-1,0,16,2411,-1,-1,-1,-1,-1,-1,2,0,0,0,0,0,2,0,15,4,8,42.01864441,-87.69033068
0,394740,-1,30,0,0,0,1,10,5,1,0,0,0,0,-1,-1,-1,0,-1,1235,-1,-1,-1,-1,-1,-1,2,0,0,0,0,0,2,0,15,4,8,41.85792835,-87.65045542
0,394787,-1,20,0,0,0,1,7,5,-1,0,0,0,0,-1,-1,-1,22,-1,2424,-1,-1,-1,-1,-1,-1,2,0,0,0,0,0,1,0,15,4,8,42.0150125,-87.68054498
0,400966,-1,30,0,0,0,1,5,2,1,0,0,0,0,-1,-1,1,0,0,1232,-1,-1,-1,-1,-1,-1,1,0,0,0,0,0,1,0,15,4,8,41.8777262,-87.6542849
0,394738,-1,30,1,2,2,1,10,5,1,0,1,12,0,-1,-1,-1,29,0,912,-1,-1,-1,-1,-1,-1,2,0,0,0,0,0,3,0,15,4,8,41.8295999,-87.68429296
0,394755,-1,30,1,2,0,1,14,5,2,0,0,0,0,-1,-1,1,23,21,121,-1,-1,-1,-1,-1,-1,2,0,0,0,0,0,2,0,15,4,8,41.88432406,-87.64239826
0,395164,1,30,0,0,-1,-1,7,2,2,0,0,0,0,-1,-1,-1,11,-1,612,-1,-1,-1,-1,-1,-1,2,0,0,0,0,0,1,0,15,4,8,41.7560185,-87.65765257
0,394771,1,35,0,0,0,1,14,1,5,0,0,0,0,-1,-1,-1,17,0,1711,-1,-1,-1,-1,-1,-1,2,0,0,0,0,0,3,0,15,4,8,41.99720304,-87.71396318
0,394723,-1,35,1,2,0,1,10,5,-1,0,0,0,0,-1,-1,-1,7,0,1922,-1,-1,-1,-1,-1,-1,2,0,0,0,0,0,2,0,15,4,8,41.94094464,-87.66884145
0,396326,-1,30,0,0,0,1,0,5,-1,0,0,0,0,-1,-1,-1,0,0,511,-1,-1,-1,-1,-1,-1,2,0,0,0,0,0,2,0,15,4,8,41.72118381,-87.59290068
0,394828,-1,10,0,0,0,1,7,0,-1,0,0,0,0,-1,-1,-1,22,17,1412,-1,-1,-1,-1,-1,-1,2,0,0,0,0,0,1,0,15,4,8,41.93234145,-87.70880131
0,394761,-1,30,0,0,0,1,14,12,2,0,0,0,0,-1,-1,-1,0,-1,1211,-1,-1,-1,-1,-1,-1,2,0,0,0,0,0,3,0,15,4,8,41.89570453,-87.70221852
0,394689,-1,30,0,0,0,1,12,2,2,0,0,0,0,-1,-1,-1,17,23,224,-1,-1,-1,-1,-1,-1,2,0,0,0,0,0,2,0,15,4,8,41.80211294,-87.62247956
3,394709,-1,20,2,2,0,1,8,5,-1,0,0,0,1,1,-1,-1,5,17,811,-1,-1,-1,-1,-1,-1,2,1,0,1,0,0,1,0,14,4,8,41.79602313,-87.77840814
0,394678,-1,30,0,0,2,1,12,5,4,0,1,0,1,-1,-1,-1,34,-1,725,-1,-1,-1,-1,-1,-1,2,0,0,0,0,0,2,0,14,4,8,41.77928204,-87.66843344
0,394716,-1,30,1,2,1,1,12,2,2,0,0,0,0,1,-1,-1,21,0,611,-1,-1,-1,-1,-1,-1,2,0,0,0,0,0,3,0,14,4,8,41.75571944,-87.66371778
2,394730,-1,25,1,2,2,1,10,2,1,0,1,12,1,-1,-1,1,29,0,912,-1,-1,-1,-1,-1,-1,2,1,0,0,1,0,1,0,14,4,8,41.8295999,-87.68429296
0,394727,-1,30,12,12,0,1,12,6,3,0,0,0,0,-1,-1,-1,0,-1,1834,-1,-1,-1,-1,-1,-1,2,0,0,0,0,0,2,0,14,4,8,41.89159455,-87.62569394
0,394714,-1,30,2,2,1,1,10,2,2,0,1,0,0,-1,-1,-1,0,0,924,-1,-1,-1,-1,-1,-1,2,0,0,0,0,0,3,0,14,4,8,41.81591635,-87.67250698
0,394760,-1,35,1,2,0,1,14,2,4,0,0,0,1,1,-1,-1,6,0,632,-1,-1,-1,-1,-1,-1,2,0,0,0,0,0,2,0,14,4,8,41.73660156,-87.6049681
0,396139,-1,30,2,2,0,1,12,6,-1,0,0,0,0,-1,-1,-1,17,21,114,-1,-1,-1,-1,-1,-1,2,0,0,0,0,0,2,0,14,4,8,41.88080566,-87.62093499
0,394775,-1,35,0,0,0,1,7,5,1,0,0,0,0,-1,-1,1,0,0,1033,-1,-1,-1,-1,-1,-1,2,0,0,0,0,0,1,0,14,4,8,41.84501925,-87.70367352
0,396524,-1,30,0,0,0,1,10,5,-1,0,0,0,0,1,-1,-1,18,-1,1633,-1,-1,-1,-1,-1,-1,2,0,0,0,0,0,2,0,14,4,8,41.95280827,-87.7864347
0,394869,-1,30,2,2,2,1,10,5,-1,0,1,-1,0,-1,-1,-1,34,-1,912,-1,-1,-1,-1,-1,-1,2,0,0,0,0,0,2,0,14,4,8,41.83576994,-87.67556501
0,394777,-1,30,0,0,0,1,10,5,-1,0,0,0,0,-1,-1,-1,18,16,1824,1,-1,-1,-1,-1,-1,2,0,0,0,0,0,2,0,14,4,8,41.9035248,-87.63305521
0,394698,-1,30,0,0,0,1,12,5,2,0,0,0,0,-1,-1,-1,0,-1,1235,-1,-1,-1,-1,-1,-1,2,0,0,0,0,0,2,0,14,4,8,41.85253714,-87.6464645
0,395225,-1,25,1,2,-1,1,10,12,3,0,-1,0,0,1,-1,-1,18,0,111,-1,-1,-1,-1,-1,-1,2,0,0,0,0,0,7,0,14,4,8,41.88370827,-87.62456809
0,394874,-1,30,0,0,0,1,7,5,-1,0,-1,-1,0,-1,-1,-1,0,0,1612,-1,-1,-1,-1,-1,-1,2,0,0,0,0,0,1,0,14,4,8,41.98530587,-87.80601437
0,394705,-1,30,0,0,0,1,7,5,2,0,0,0,0,-1,-1,-1,0,-1,1223,-1,-1,-1,-1,-1,-1,2,0,0,0,0,0,1,0,14,4,8,41.88592496,-87.67963658
0,394704,-1,25,1,2,0,1,10,5,-1,0,0,0,0,-1,-1,-1,0,0,114,-1,-1,-1,-1,-1,-1,2,0,0,0,0,0,2,0,14,4,8,41.87953617,-87.62089453
0,394702,-1,15,0,0,0,1,0,7,-1,0,0,0,0,-1,1,-1,17,-1,1621,-1,-1,-1,-1,-1,-1,2,0,0,0,0,0,2,0,14,4,8,41.99049477,-87.74847741
0,394685,-1,30,12,3,2,1,0,5,2,0,1,0,1,1,-1,1,17,-1,735,-1,-1,-1,-1,-1,-1,2,0,0,0,0,0,2,0,14,4,8,41.76832944,-87.67374381
1,394681,-1,30,2,0,0,1,14,5,2,0,0,0,1,1,-1,-1,23,-1,523,-1,-1,-1,-1,-1,-1,2,2,0,0,0,2,2,0,14,4,8,41.67242727,-87.62624741
0,394656,-1,30,2,2,0,1,8,3,2,0,0,0,0,1,-1,-1,3,5,1434,-1,-1,-1,-1,-1,-1,2,0,0,0,0,0,2,0,14,4,8,41.91760759,-87.67967163
0,394688,-1,30,1,2,0,1,10,5,4,0,1,-1,0,-1,-1,-1,18,34,815,-1,-1,-1,-1,-1,-1,2,0,0,0,0,0,2,0,14,4,8,41.81484189,-87.7432081
0,394731,-1,30,0,0,2,1,12,5,-1,0,1,2,0,-1,-1,-1,-1,-1,922,-1,-1,-1,-1,-1,-1,2,0,0,0,0,0,2,0,14,4,8,41.80833157,-87.69772625
0,394673,-1,30,0,2,0,1,12,5,4,0,0,0,0,-1,-1,-1,0,-1,2212,-1,-1,-1,-1,-1,-1,2,0,0,0,0,0,2,0,14,4,8,41.69173217,-87.6810073
0,394719,-1,30,1,2,2,1,10,5,-1,0,1,-1,0,-1,-1,-1,34,-1,813,-1,-1,-1,-1,-1,-1,2,0,0,0,0,0,2,0,14,4,8,41.77862499,-87.73502936
0,394853,-1,30,1,2,0,1,10,3,4,2,0,0,0,1,-1,-1,16,11,2221,-1,-1,-1,-1,-1,-1,2,0,0,0,0,0,2,0,14,4,8,41.72119462,-87.67173626
0,394661,-1,25,1,2,2,1,10,3,4,0,1,0,0,-1,-1,-1,18,0,2221,-1,-1,-1,-1,-1,-1,2,0,0,0,0,0,3,0,14,4,8,41.72153054,-87.66283889
0,394710,-1,30,1,2,0,1,14,2,4,0,0,0,1,1,-1,-1,6,17,1213,-1,-1,-1,-1,-1,-1,2,0,0,0,0,0,2,0,14,4,8,41.90331889,-87.66177878
0,394658,-1,30,1,2,0,1,10,2,2,0,0,0,0,-1,-1,-1,0,-1,1631,-1,-1,-1,-1,-1,-1,2,0,0,0,0,0,2,0,14,4,8,41.95259687,-87.80977679
0,394791,1,30,0,0,1,1,7,6,1,0,0,0,0,-1,-1,1,0,0,611,-1,-1,-1,-1,-1,-1,2,0,0,0,0,0,1,0,14,4,8,41.7476898,-87.66928884
0,394696,-1,30,2,2,0,1,0,5,2,0,0,0,0,-1,-1,-1,20,-1,1214,-1,-1,-1,-1,-1,-1,2,0,0,0,0,0,3,0,14,4,8,41.88608349,-87.64880123
0,394687,-1,10,0,0,0,1,7,5,-1,0,1,0,0,-1,0,-1,-1,-1,2213,-1,-1,-1,-1,-1,-1,2,0,0,0,0,0,1,0,13,4,8,41.7198284,-87.68188283
0,394683,-1,30,0,0,0,1,10,2,2,2,0,-1,1,-1,-1,-1,18,0,1033,-1,-1,-1,-1,-1,-1,3,0,0,0,0,0,3,0,13,4,8,41.83742041,-87.70066044
0,394625,-1,30,0,0,1,1,14,5,-1,0,0,-1,0,-1,-1,-1,0,0,824,-1,-1,-1,-1,-1,-1,2,0,0,0,0,0,3,0,13,4,8,41.78643718,-87.68397525
0,394629,-1,0,0,0,0,1,12,7,-1,0,0,0,0,-1,1,-1,0,-1,2535,-1,1,-1,-1,-1,-1,2,0,0,0,0,0,2,0,13,4,8,41.9028289,-87.7183412
0,396016,-1,0,0,0,0,1,2,12,1,0,0,0,1,-1,1,-1,11,0,1811,-1,-1,-1,-1,-1,-1,1,0,0,0,0,0,1,0,13,4,8,41.92062525,-87.66383494
0,394610,-1,30,2,-1,2,1,10,5,2,0,1,0,0,1,-1,-1,34,18,432,-1,-1,-1,-1,-1,-1,2,0,0,0,0,0,2,0,13,4,8,41.702867,-87.54127941
0,394726,-1,30,1,2,0,1,12,2,4,0,0,0,0,-1,-1,1,27,23,1533,-1,-1,-1,-1,-1,-1,2,0,0,0,0,0,2,0,13,4,8,41.86600604,-87.74481738
0,395146,-1,30,0,0,0,1,7,2,-1,0,0,0,0,-1,-1,1,22,16,824,1,-1,-1,-1,-1,-1,2,0,0,0,0,0,1,0,13,4,8,41.78594073,-87.70319451
0,394613,-1,30,0,0,0,1,7,6,1,0,0,0,0,-1,-1,-1,23,0,1624,-1,-1,-1,-1,-1,-1,2,0,0,0,0,0,1,0,13,4,8,41.95363495,-87.75577899
0,394589,-1,35,0,0,0,1,12,5,2,0,0,0,0,-1,-1,-1,0,0,1012,-1,-1,-1,-1,-1,-1,2,0,0,0,0,0,2,0,13,4,8,41.85877516,-87.72509959
0,394657,-1,30,0,0,0,1,7,5,2,0,0,0,0,0,-1,-1,0,0,1812,-1,-1,-1,-1,-1,-1,2,0,0,0,0,0,2,0,13,4,8,41.92133239,-87.64847174
0,394572,-1,30,2,2,0,1,7,5,-1,0,0,0,0,-1,-1,-1,18,-1,1724,-1,-1,-1,-1,-1,-1,2,0,0,0,0,0,1,0,13,4,8,41.96465796,-87.69958496
2,394648,-1,30,2,0,0,1,0,5,-1,0,0,0,1,1,-1,-1,17,-1,1231,-1,-1,-1,-1,-1,-1,2,1,0,0,1,0,1,0,13,4,8,41.87499019,-87.67148688
0,394554,-1,30,1,2,0,1,10,5,-1,0,-1,-1,0,-1,-1,-1,0,0,1611,-1,-1,-1,-1,-1,-1,2,0,0,0,0,0,2,0,13,4,8,41.99660886,-87.78699945
0,394535,-1,30,0,0,0,1,2,2,2,0,0,0,0,-1,-1,-1,14,15,715,-1,-1,-1,-1,-1,-1,2,0,0,0,0,0,2,0,12,4,8,41.79350777,-87.66816361
2,394537,-1,30,0,0,0,1,14,5,-1,0,0,0,1,-1,-1,1,-1,-1,832,-1,-1,-1,-1,-1,-1,2,2,0,0,2,0,3,0,12,4,8,41.76642349,-87.68343756
0,394534,-1,5,0,0,0,1,7,7,0,0,0,0,0,-1,1,-1,-1,-1,211,-1,-1,-1,-1,-1,-1,2,0,0,0,0,0,1,0,12,4,8,41.83528216,-87.6232012
0,394539,-1,30,1,2,1,1,14,2,2,0,0,0,0,1,-1,-1,17,-1,715,-1,-1,-1,-1,-1,-1,2,0,0,0,0,0,3,0,12,4,8,41.78673715,-87.67415859
0,394526,-1,30,1,2,0,1,12,5,-1,0,0,0,0,-1,-1,-1,-1,-1,612,-1,-1,-1,-1,-1,-1,2,0,0,0,0,0,2,0,12,4,8,41.75038047,-87.65429993
0,394790,1,10,0,0,0,1,7,7,0,0,0,0,0,-1,0,-1,23,11,1034,-1,-1,-1,-1,-1,-1,2,0,0,0,0,0,2,0,12,4,8,41.84874983,-87.67068661
0,394533,-1,30,1,2,0,1,10,5,2,0,0,0,0,-1,-1,-1,27,18,1434,-1,-1,-1,-1,-1,-1,2,0,0,0,0,0,2,0,12,4,8,41.9105046,-87.68223081
0,394502,-1,30,0,0,1,1,0,2,-1,0,0,0,0,-1,-1,-1,20,-1,815,-1,-1,-1,-1,-1,-1,2,0,0,0,0,0,2,0,12,4,8,41.80774168,-87.72514141
0,394885,-1,25,1,2,0,1,14,5,-1,0,0,0,0,-1,-1,-1,23,16,1214,-1,-1,-1,-1,-1,-1,2,0,0,0,0,0,4,0,12,4,8,41.88580702,-87.6441719
0,394599,-1,10,0,0,1,1,10,7,-1,0,0,0,0,-1,-1,-1,-1,-1,631,-1,-1,-1,-1,-1,-1,2,0,0,0,0,0,2,0,12,4,8,41.74429029,-87.60489624
0,394525,-1,20,0,0,0,1,7,7,-1,0,0,0,0,-1,-1,-1,20,11,1655,-1,-1,-1,-1,-1,-1,2,0,0,0,0,0,1,0,12,4,8,-1,-1
0,394523,-1,10,0,0,0,1,10,7,-1,0,0,0,0,-1,-1,-1,16,0,612,-1,-1,-1,-1,-1,-1,2,0,0,0,0,0,2,0,12,4,8,41.75654541,-87.66344385
0,394490,-1,30,0,0,0,1,12,5,4,0,0,0,0,-1,-1,-1,22,17,2411,-1,-1,-1,-1,-1,-1,2,0,0,0,0,0,2,0,12,4,8,42.00718427,-87.69027117
0,394465,-1,25,1,2,0,1,10,5,-1,0,0,0,0,-1,-1,-1,0,18,1832,-1,-1,-1,-1,-1,-1,2,0,0,0,0,0,2,0,12,4,8,41.8967181,-87.63314478
0,403612,1,30,0,0,0,1,7,6,2,0,0,0,0,-1,-1,1,0,-1,1232,-1,-1,-1,-1,-1,-1,2,0,0,0,0,0,1,0,12,4,8,41.87805348,-87.64747871
0,395118,-1,30,0,0,0,1,7,5,-1,0,0,0,0,-1,-1,1,25,-1,111,-1,-1,-1,-1,-1,-1,2,0,0,0,0,0,2,0,12,4,8,41.88798606,-87.62587497
-1,395026,-1,20,0,0,0,1,7,5,-1,0,0,-1,0,-1,-1,-1,11,-1,835,-1,-1,-1,-1,-1,-1,1,-1,-1,-1,-1,-1,-1,-1,12,4,8,41.73789528,-87.69007771
0,394487,-1,30,0,0,0,1,7,6,-1,0,0,0,0,-1,-1,1,11,-1,1733,-1,-1,-1,-1,-1,-1,2,0,0,0,0,0,1,0,12,4,8,41.95221625,-87.70567147
0,394484,-1,20,0,0,0,1,7,6,1,0,0,0,0,-1,-1,-1,20,-1,2535,-1,-1,-1,-1,-1,-1,2,0,0,0,0,0,2,0,12,4,8,41.90963195,-87.72544043
0,395898,-1,30,0,0,1,1,7,6,-1,0,0,0,0,-1,-1,-1,21,21,122,-1,-1,-1,-1,-1,-1,2,0,0,0,0,0,1,0,11,4,8,41.87965178,-87.63097339
0,394495,-1,30,0,0,0,1,14,2,-1,0,0,0,0,-1,-1,-1,17,-1,811,-1,1,-1,-1,-1,-1,2,0,0,0,0,0,5,0,11,4,8,41.79221859,-87.78259496
0,394441,-1,15,0,0,0,1,7,0,-1,0,0,0,0,-1,-1,-1,20,0,1813,-1,-1,-1,-1,-1,-1,2,0,0,0,0,0,2,0,11,4,8,41.9134252,-87.64820488
0,394449,-1,30,0,0,0,1,10,5,-1,0,0,0,0,-1,-1,-1,0,-1,1132,-1,-1,-1,-1,-1,-1,2,0,0,0,0,0,2,0,11,4,8,41.86629743,-87.72409002
0,395193,-1,30,0,0,0,1,10,5,-1,0,-1,-1,0,-1,-1,-1,0,-1,1733,-1,-1,-1,-1,-1,-1,2,0,0,0,0,0,2,0,11,4,8,41.95221625,-87.70567147
0,394479,-1,30,0,0,0,1,7,3,2,0,0,0,0,-1,-1,1,0,-1,234,-1,-1,-1,-1,-1,-1,2,0,0,0,0,0,1,0,11,4,8,41.80012338,-87.58750991
0,394444,-1,30,0,0,0,1,7,5,-1,0,0,0,0,-1,-1,1,-1,-1,312,-1,-1,-1,-1,-1,-1,2,0,0,0,0,0,1,0,11,4,8,41.77924681,-87.60605192
0,394419,-1,25,0,0,0,1,12,3,-1,0,0,0,0,-1,-1,-1,22,0,1232,-1,-1,-1,-1,-1,-1,2,0,0,0,0,0,2,0,11,4,8,41.8670561,-87.64607225
0,394437,-1,0,0,0,0,1,7,7,-1,0,0,0,0,-1,1,-1,23,-1,2533,-1,-1,-1,-1,-1,-1,2,0,0,0,0,0,1,0,11,4,8,41.91571015,-87.74590776
0,394493,1,30,0,0,0,1,10,0,1,0,0,0,0,-1,-1,-1,0,0,322,-1,-1,-1,-1,-1,-1,2,0,0,0,0,0,2,0,11,4,8,41.76592136,-87.60936497
0,394692,-1,20,0,0,0,1,2,6,-1,0,0,-1,0,-1,-1,-1,33,33,815,-1,-1,-1,-1,-1,-1,1,0,0,0,0,0,1,0,11,4,8,41.81105083,-87.72751981
0,394429,-1,30,1,2,0,1,12,2,4,0,0,0,0,1,-1,-1,21,0,2031,-1,-1,-1,-1,-1,-1,2,0,0,0,0,0,2,0,11,4,8,41.97298056,-87.68890454
0,394591,-1,30,0,0,0,1,10,2,-1,0,0,0,1,-1,-1,1,18,16,915,-1,-1,-1,-1,-1,-1,3,0,0,0,0,0,3,0,11,4,8,41.83091648,-87.64205805
0,394770,-1,30,12,0,2,1,7,7,-1,0,1,0,0,-1,-1,1,-1,-1,433,-1,-1,-1,-1,-1,-1,2,0,0,0,0,0,1,0,11,4,8,41.64765989,-87.54465687
-1,394392,0,30,0,0,0,1,7,5,4,0,0,0,0,-1,-1,-1,20,-1,133,-1,-1,-1,-1,-1,-1,2,-1,-1,-1,-1,-1,-1,-1,11,4,8,41.84128034,-87.62650093
0,394383,-1,10,0,0,1,1,7,7,-1,0,0,0,0,-1,1,-1,11,-1,815,-1,-1,-1,-1,-1,-1,2,0,0,0,0,0,1,0,10,4,8,41.81481698,-87.72399451
0,403900,-1,30,0,0,0,1,7,5,-1,0,0,0,0,-1,-1,-1,20,-1,323,-1,-1,-1,-1,-1,-1,2,0,0,0,0,0,2,0,10,4,8,41.76570032,-87.61057227
0,394482,-1,30,1,2,0,1,10,3,-1,0,0,0,0,-1,-1,-1,18,0,411,-1,-1,-1,-1,-1,-1,3,0,0,0,0,0,3,0,10,4,8,41.7514606,-87.58597199
0,394420,-1,30,0,0,0,1,12,6,4,0,0,0,0,-1,-1,-1,21,17,111,-1,-1,-1,-1,-1,-1,2,0,0,0,0,0,2,0,10,4,8,41.88384488,-87.63077334
0,394343,-1,30,1,2,0,1,7,5,-1,0,0,0,0,1,-1,1,0,0,2432,-1,-1,-1,-1,-1,-1,2,0,0,0,0,0,1,0,10,4,8,42.00150526,-87.6631984
0,395876,-1,30,0,0,2,1,5,5,1,0,0,0,0,-1,-1,-1,0,0,711,-1,-1,-1,-1,-1,-1,1,0,0,0,0,0,1,0,10,4,8,41.79396552,-87.63796278
0,394402,-1,0,0,0,0,1,7,7,-1,0,0,0,0,-1,1,-1,-1,-1,1014,-1,-1,-1,-1,-1,-1,2,0,0,0,0,0,1,0,10,4,8,41.85217998,-87.72219452
2,394361,-1,30,2,2,0,1,14,5,2,0,0,0,1,1,-1,-1,5,0,1533,1,-1,-1,-1,-1,-1,2,1,0,0,1,0,6,0,10,4,8,41.87504289,-87.74521497
2,394347,-1,30,1,2,1,1,14,2,-1,0,0,0,1,-1,-1,-1,17,11,1925,-1,-1,-1,-1,-1,-1,2,3,0,0,3,0,1,0,10,4,8,41.94535398,-87.64589409
1,394333,-1,30,1,2,0,1,14,2,-1,0,0,0,1,1,-1,-1,23,-1,835,-1,1,-1,-1,-1,-1,2,1,0,0,0,1,2,0,10,4,8,41.75012478,-87.70255129
0,394351,-1,15,0,0,0,1,10,7,1,0,0,0,0,-1,-1,-1,20,-1,715,-1,-1,-1,-1,-1,-1,2,0,0,0,0,0,5,0,10,4,8,41.78684495,-87.66536564
0,394976,-1,30,0,0,0,1,12,6,2,0,0,0,0,-1,-1,-1,0,0,914,-1,-1,-1,-1,-1,-1,2,0,0,0,0,0,2,0,10,4,8,41.83833456,-87.63017326
0,394497,-1,30,0,0,1,1,7,5,1,0,0,0,0,-1,-1,-1,17,0,2514,-1,-1,-1,-1,-1,-1,2,0,0,0,0,0,4,0,10,4,8,41.93285526,-87.7590604
0,394368,-1,30,1,2,0,1,14,1,2,3,0,0,0,1,-1,1,22,0,334,-1,-1,-1,-1,-1,-1,2,0,0,0,0,0,2,0,10,4,8,41.7662877,-87.56663327
0,394311,-1,30,0,0,0,1,10,2,-1,0,0,0,0,-1,-1,-1,18,-1,911,-1,-1,-1,-1,-1,-1,2,0,0,0,0,0,3,0,10,4,8,41.8251989,-87.7046237
0,394378,-1,30,0,0,1,1,7,7,1,0,0,0,0,-1,1,-1,23,26,1215,-1,-1,-1,-1,-1,-1,2,0,0,0,0,0,4,0,10,4,8,41.89504166,-87.6674098
2,394289,-1,30,3,2,0,1,9,3,4,0,0,0,1,-1,-1,-1,17,-1,1232,-1,-1,-1,-1,-1,-1,2,1,0,0,1,0,1,0,9,4,8,41.87240346,-87.64689664
0,394271,-1,35,1,2,0,1,11,6,-1,0,0,0,0,-1,-1,1,10,0,1231,-1,-1,-1,-1,-1,-1,2,0,0,0,0,0,2,0,9,4,8,41.8752842,-87.6667549
0,405722,-1,30,1,-1,-1,-1,12,6,4,0,-1,-1,0,1,-1,-1,11,0,122,-1,-1,-1,-1,-1,-1,2,0,0,0,0,0,2,0,9,4,8,41.88331812,-87.63105824