MOST_SEVERE_INJURY,RD_NO,CRASH_DATE_EST_I,POSTED_SPEED_LIMIT,TRAFFIC_CONTROL_DEVICE,DEVICE_CONDITION,WEATHER_CONDITION,LIGHTING_CONDITION,FIRST_CRASH_TYPE,TRAFFICWAY_TYPE,LANE_CNT,ALIGNMENT,ROADWAY_SURFACE_COND,ROAD_DEFECT,CRASH_TYPE,INTERSECTION_RELATED_I,NOT_RIGHT_OF_WAY_I,HIT_AND_RUN_I,PRIM_CONTRIBUTORY_CAUSE,SEC_CONTRIBUTORY_CAUSE,BEAT_OF_OCCURRENCE,PHOTOS_TAKEN_I,STATEMENTS_TAKEN_I,DOORING_I,WORK_ZONE_I,WORK_ZONE_TYPE,WORKERS_PRESENT_I,NUM_UNITS,INJURIES_TOTAL,INJURIES_FATAL,INJURIES_INCAPACITATING,INJURIES_NON_INCAPACITATING,INJURIES_REPORTED_NOT_EVIDENT,INJURIES_NO_INDICATION,INJURIES_UNKNOWN,CRASH_HOUR,CRASH_DAY_OF_WEEK,CRASH_MONTH,LATITUDE,LONGITUDE
0,394362,-1,20,0,0,0,-1,7,6,-1,0,0,0,0,-1,-1,1,0,-1,2011,-1,-1,-1,-1,-1,-1,2,0,0,0,0,0,1,0,9,4,8,41.98871925,-87.69357213
0,394279,-1,30,0,0,0,1,7,2,2,0,0,0,0,-1,-1,1,0,-1,914,-1,-1,-1,-1,-1,-1,2,0,0,0,0,0,1,0,9,4,8,41.84557027,-87.63626853
0,394303,-1,30,0,0,0,1,0,6,3,0,0,0,1,1,-1,-1,17,16,122,-1,-1,-1,-1,-1,-1,2,0,0,0,0,0,2,0,9,4,8,41.8806701,-87.6354291
0,394285,-1,30,1,2,0,1,14,5,4,0,0,0,0,1,-1,-1,17,0,2524,-1,-1,-1,-1,-1,-1,2,0,0,0,0,0,2,0,9,4,8,41.92459982,-87.72628772
0,394274,1,25,0,0,1,1,12,5,2,0,0,0,0,-1,-1,-1,0,0,1824,-1,-1,-1,-1,-1,-1,2,0,0,0,0,0,2,0,9,4,8,41.90390274,-87.62475352
0,394258,-1,30,1,2,0,1,14,5,2,0,0,0,1,-1,-1,-1,23,-1,1812,-1,-1,-1,-1,-1,-1,2,0,0,0,0,0,2,0,9,4,8,41.92373929,-87.64874898
2,394249,-1,40,0,0,0,1,10,3,-1,0,0,0,1,-1,-1,-1,18,16,1925,-1,-1,-1,-1,-1,-1,2,1,0,0,1,0,3,0,9,4,8,41.94287463,-87.64018094
2,394242,-1,30,0,0,0,1,14,5,-1,0,0,0,1,-1,-1,-1,23,-1,1013,-1,-1,-1,-1,-1,-1,4,1,0,0,1,0,3,0,9,4,8,41.8510644,-87.72516736
0,410503,-1,30,0,0,0,1,10,5,-1,0,0,0,0,-1,-1,0,0,-1,723,-1,-1,-1,-1,-1,-1,2,0,0,0,0,0,2,0,9,4,8,41.77893999,-87.64099103
0,394291,1,30,-1,-1,0,1,12,6,2,0,0,0,0,-1,-1,1,17,17,1831,-1,-1,-1,-1,-1,-1,2,0,0,0,0,0,2,0,9,4,8,41.89242137,-87.62823487
0,394272,-1,30,1,2,0,1,14,2,1,0,0,0,0,1,-1,1,22,21,314,-1,-1,-1,-1,-1,-1,2,0,0,0,0,0,2,0,9,4,8,41.78057784,-87.60103945
0,394269,-1,30,1,2,0,1,14,6,1,0,0,0,0,-1,-1,-1,0,0,934,-1,-1,-1,-1,-1,-1,2,0,0,0,0,0,2,0,9,4,8,41.79756438,-87.66461642
0,394262,-1,30,1,2,0,1,14,5,-1,0,0,0,0,1,-1,-1,22,-1,121,-1,-1,-1,-1,-1,-1,2,0,0,0,0,0,2,0,9,4,8,41.88311334,-87.64108379
0,394260,-1,20,0,0,0,1,12,2,-1,0,0,0,0,-1,-1,-1,-1,-1,2511,-1,-1,-1,-1,-1,-1,2,0,0,0,0,0,2,0,9,4,8,41.93813069,-87.79188603
0,394234,-1,30,1,2,0,1,10,2,1,0,0,0,0,1,-1,-1,8,0,421,-1,-1,-1,-1,-1,-1,3,0,0,0,0,0,7,0,8,4,8,41.76043692,-87.55721244
0,394224,-1,30,0,0,0,1,12,5,-1,0,0,0,0,-1,-1,-1,18,18,123,-1,-1,-1,-1,-1,-1,2,0,0,0,0,0,2,0,8,4,8,41.87077549,-87.6242927
0,395155,-1,30,0,0,0,1,12,5,-1,0,0,0,0,-1,-1,-1,-1,-1,1433,-1,-1,-1,-1,-1,-1,2,0,0,0,0,0,2,0,8,4,8,41.90358708,-87.65938066
0,394308,-1,30,0,0,0,1,7,5,2,0,0,0,0,-1,-1,1,0,0,1222,-1,-1,-1,-1,-1,-1,2,0,0,0,0,0,2,0,8,4,8,41.88664623,-87.69655814
0,394212,-1,30,0,0,0,1,12,2,-1,0,0,0,0,1,-1,-1,27,-1,923,-1,-1,-1,-1,-1,-1,3,0,0,0,0,0,3,0,8,4,8,41.79728829,-87.68397697
0,394209,-1,30,0,0,0,1,10,2,-1,0,0,0,1,-1,-1,-1,7,-1,925,-1,-1,-1,-1,-1,-1,2,0,0,0,0,0,2,0,8,4,8,41.80899421,-87.64427146
-1,394339,-1,25,0,0,0,1,14,5,2,0,0,0,0,-1,-1,1,17,-1,712,-1,-1,-1,-1,-1,-1,-1,-1,-1,-1,-1,-1,-1,-1,8,4,8,41.79348436,-87.65106621
0,394204,-1,30,0,0,1,1,0,5,4,0,0,-1,0,-1,-1,-1,0,0,612,-1,-1,-1,-1,-1,-1,2,0,0,0,0,0,2,0,8,4,8,41.75587299,-87.65209979
0,394188,-1,25,1,2,0,1,12,5,-1,0,0,0,0,-1,-1,-1,17,17,1831,-1,-1,-1,-1,-1,-1,2,0,0,0,0,0,2,0,8,4,8,41.89171125,-87.62821667
0,394228,-1,15,0,0,0,1,7,12,-1,0,0,0,0,-1,-1,1,0,0,2222,-1,-1,-1,-1,-1,-1,2,0,0,0,0,0,1,0,8,4,8,41.72292125,-87.65556534
0,394189,-1,15,0,0,0,1,7,7,-1,0,0,0,0,-1,-1,-1,0,0,225,-1,-1,-1,-1,-1,-1,2,0,0,0,0,0,1,0,7,4,8,41.80181109,-87.63056018
0,394187,-1,30,1,2,0,1,12,6,4,0,0,0,0,1,-1,-1,11,-1,113,-1,-1,-1,-1,-1,-1,2,0,0,0,0,0,3,0,7,4,8,41.8768371,-87.62911389
0,394446,-1,30,1,2,0,1,12,5,-1,0,0,0,0,-1,-1,1,17,17,131,-1,-1,-1,-1,-1,-1,2,0,0,0,0,0,2,0,7,4,8,41.86706145,-87.62429156
0,394990,-1,30,1,2,0,1,10,5,4,0,-1,-1,0,-1,-1,-1,16,0,912,-1,-1,-1,-1,-1,-1,2,0,0,0,0,0,2,0,7,4,8,41.84083718,-87.66597033
0,394169,-1,30,1,2,1,1,10,2,-1,0,0,0,0,-1,-1,1,18,11,1911,-1,-1,-1,-1,-1,-1,2,0,0,0,0,0,2,0,7,4,8,41.96630147,-87.68868797
0,394171,-1,30,1,2,0,1,14,5,-1,0,0,0,0,-1,-1,-1,23,23,111,-1,-1,-1,-1,-1,-1,2,0,0,0,0,0,2,0,7,4,8,41.88814015,-87.62469579
0,394173,-1,20,0,0,0,1,7,7,0,0,0,0,0,-1,-1,-1,20,11,1651,-1,-1,-1,-1,-1,-1,2,0,0,0,0,0,1,0,7,4,8,41.97620114,-87.90530913
0,394175,-1,30,0,0,0,1,12,2,4,0,0,0,0,-1,-1,-1,21,21,1111,-1,-1,-1,-1,-1,-1,2,0,0,0,0,0,2,0,7,4,8,41.89482746,-87.74565493
0,394312,-1,30,1,2,0,1,10,2,4,0,0,0,0,1,-1,-1,18,0,722,-1,-1,-1,-1,-1,-1,2,0,0,0,0,0,2,0,7,4,8,41.77992652,-87.63197933
0,394462,-1,35,0,0,0,1,7,5,2,0,0,0,0,-1,-1,1,11,0,235,-1,-1,-1,-1,-1,-1,2,0,0,0,0,0,1,0,7,4,8,41.78979963,-87.59141024
0,394167,-1,30,0,0,0,1,14,2,4,0,0,0,1,-1,-1,-1,0,0,1023,-1,-1,-1,-1,-1,-1,2,0,0,0,0,0,2,0,7,4,8,41.86418227,-87.6861151
0,394138,-1,30,0,0,0,1,14,2,-1,0,0,0,0,-1,-1,-1,23,0,2411,-1,-1,-1,-1,-1,-1,2,0,0,0,0,0,2,0,7,4,8,42.011907,-87.70209721
0,394422,1,15,0,0,-1,-1,7,6,1,0,-1,0,0,-1,-1,1,0,0,1431,-1,-1,-1,-1,-1,-1,2,0,0,0,0,0,1,0,7,4,8,41.92682478,-87.68793984
0,394149,-1,30,0,0,0,1,7,5,-1,0,0,0,1,-1,-1,-1,8,-1,822,-1,1,-1,-1,-1,-1,2,0,0,0,0,0,1,0,7,4,8,41.78476569,-87.72062058
2,394186,-1,30,0,0,0,1,2,6,3,0,0,0,1,1,-1,-1,7,16,1832,-1,-1,-1,-1,-1,-1,1,1,0,0,1,0,0,0,6,4,8,41.89929029,-87.63146246
1,394126,-1,30,1,2,0,1,0,5,0,0,0,0,1,1,-1,-1,6,21,1134,-1,-1,-1,-1,-1,-1,3,3,0,0,0,3,0,0,6,4,8,-1,-1
0,394119,-1,30,1,2,0,1,0,2,2,0,0,0,1,1,-1,-1,0,0,323,-1,-1,-1,-1,-1,-1,2,0,0,0,0,0,2,0,6,4,8,41.76213628,-87.60563349
0,394142,-1,30,0,0,0,1,12,3,6,0,0,0,0,-1,-1,1,17,22,122,-1,-1,-1,-1,-1,-1,2,0,0,0,0,0,2,0,6,4,8,41.87569888,-87.63243633
0,394192,-1,30,0,0,0,1,12,2,-1,0,0,0,0,-1,-1,-1,-1,12,2511,-1,-1,-1,-1,-1,-1,2,0,0,0,0,0,2,0,6,4,8,41.93832302,-87.77738915
0,394265,-1,30,1,2,0,1,12,2,-1,0,0,0,0,-1,-1,-1,18,17,1632,-1,-1,-1,-1,-1,-1,2,0,0,0,0,0,3,0,6,4,8,41.94568597,-87.80687365
0,394159,-1,30,0,0,0,2,7,6,1,0,0,0,0,-1,-1,1,0,-1,1724,-1,-1,-1,-1,-1,-1,2,0,0,0,0,0,1,0,6,4,8,41.95436622,-87.71062568
0,394680,-1,30,2,2,0,1,11,6,-1,0,0,0,0,1,-1,-1,17,-1,1422,-1,-1,-1,-1,-1,-1,2,0,0,0,0,0,2,0,6,4,8,41.91016275,-87.71021897
0,394117,-1,30,1,2,0,1,10,5,4,0,0,0,0,-1,-1,-1,16,18,1631,-1,-1,-1,-1,-1,-1,2,0,0,0,0,0,2,0,6,4,8,41.95259687,-87.80977679
0,394099,-1,30,1,2,0,3,10,5,4,0,0,0,0,1,-1,-1,0,0,1413,-1,-1,-1,-1,-1,-1,2,0,0,0,0,0,2,0,6,4,8,41.92477195,-87.71204147
0,394088,-1,30,0,0,0,1,7,5,2,0,0,0,0,-1,-1,-1,-1,-1,214,-1,-1,-1,-1,-1,-1,2,0,0,0,0,0,1,0,5,4,8,41.82229797,-87.60699697
0,394082,-1,30,0,0,0,1,10,5,2,0,0,0,0,-1,-1,-1,0,18,815,-1,-1,-1,-1,-1,-1,2,0,0,0,0,0,2,0,5,4,8,41.8059376,-87.74072719
0,396991,1,30,0,0,-1,-1,7,6,1,0,-1,0,0,-1,-1,1,0,-1,1631,-1,-1,-1,-1,-1,-1,2,0,0,0,0,0,1,0,5,4,8,41.94420831,-87.82426334
0,394236,-1,30,0,0,0,4,7,5,1,0,0,0,0,-1,-1,1,0,-1,2211,-1,-1,-1,-1,-1,-1,2,0,0,0,0,0,1,0,5,4,8,41.69527618,-87.70448862
0,394193,-1,30,0,0,0,0,10,2,2,0,0,0,0,-1,-1,1,0,34,1231,-1,-1,-1,-1,-1,-1,2,0,0,0,0,0,2,0,5,4,8,41.86686294,-87.67634491
0,394104,-1,35,0,0,0,3,3,5,2,0,0,0,1,-1,-1,-1,0,0,824,-1,-1,-1,-1,-1,-1,2,0,0,0,0,0,2,0,5,4,8,41.79286167,-87.70338926
0,396155,-1,25,0,0,0,0,7,6,-1,0,0,0,0,-1,-1,1,0,0,1634,-1,-1,-1,-1,-1,-1,2,0,0,0,0,0,1,0,4,4,8,41.9398963,-87.75197198
0,395188,-1,30,-1,-1,-1,-1,7,-1,-1,0,-1,-1,0,-1,-1,-1,20,20,123,-1,-1,-1,-1,-1,-1,2,0,0,0,0,0,1,0,4,4,8,41.87051997,-87.62605352
2,394080,-1,30,0,0,0,3,3,5,-1,0,0,0,1,-1,-1,-1,4,0,1221,-1,-1,-1,-1,-1,-1,2,2,0,0,2,0,1,0,4,4,8,41.89470251,-87.67686948
0,394073,-1,30,9,2,0,3,7,3,6,0,12,4,1,-1,-1,-1,11,16,834,-1,-1,-1,1,2,-1,2,0,0,0,0,0,7,0,4,4,8,41.74903945,-87.74129148
0,394063,-1,30,1,2,0,3,10,8,4,2,0,0,0,1,-1,-1,0,-1,815,-1,-1,-1,-1,-1,-1,2,0,0,0,0,0,3,0,3,4,8,41.81800831,-87.74330925
0,394057,-1,30,1,2,0,3,10,2,-1,0,0,0,1,1,-1,-1,23,-1,1225,-1,-1,-1,-1,-1,-1,2,0,0,0,0,0,4,0,3,4,8,41.87141156,-87.67652878
2,394059,-1,30,0,0,0,3,7,2,2,0,0,0,1,-1,1,-1,16,0,1433,-1,-1,-1,-1,-1,-1,4,1,0,0,1,0,1,0,3,4,8,41.90380387,-87.65852147
0,394045,-1,30,1,2,0,3,10,5,-1,0,0,0,0,1,-1,-1,17,23,621,-1,-1,-1,-1,-1,-1,2,0,0,0,0,0,3,0,3,4,8,41.75599579,-87.64432824
0,394355,-1,30,0,0,0,0,0,6,-1,0,0,0,0,-1,-1,0,0,-1,1533,-1,-1,-1,-1,-1,-1,2,0,0,0,0,0,3,0,2,4,8,41.87836588,-87.75457766
0,394047,-1,30,1,2,0,3,10,2,2,0,0,0,0,1,-1,-1,18,0,114,-1,-1,-1,-1,-1,-1,2,0,0,0,0,0,2,0,2,4,8,41.88094273,-87.62392754
0,394028,-1,30,0,0,0,3,7,6,1,0,0,0,0,-1,-1,1,0,0,633,-1,-1,-1,-1,-1,-1,2,0,0,0,0,0,1,0,2,4,8,41.73214469,-87.60816295
0,394022,-1,30,1,2,0,3,10,5,6,0,0,0,0,-1,-1,-1,-1,-1,1922,-1,-1,-1,-1,-1,-1,2,0,0,0,0,0,2,0,2,4,8,41.95420204,-87.66889863
2,393974,-1,30,1,2,0,3,10,5,4,0,0,0,1,1,-1,-1,14,7,511,-1,-1,-1,-1,-1,-1,3,1,0,0,1,0,2,0,1,4,8,41.72157706,-87.62514039
0,394002,-1,30,1,2,0,3,10,6,2,0,0,0,0,1,-1,1,18,-1,122,-1,-1,-1,-1,-1,-1,2,0,0,0,0,0,2,0,1,4,8,41.87699341,-87.63080248
0,416925,-1,25,0,0,-1,-1,7,6,1,0,-1,0,0,-1,-1,1,0,0,822,-1,-1,-1,-1,-1,-1,2,0,0,0,0,0,1,0,1,4,8,41.79995731,-87.70633818
0,394677,1,30,0,0,0,0,7,6,1,0,0,0,1,-1,-1,1,0,-1,421,-1,-1,-1,-1,-1,-1,2,0,0,0,0,0,1,0,1,4,8,41.75377762,-87.55694518
0,394177,1,30,0,0,-1,-1,7,6,1,0,0,0,0,-1,-1,1,0,-1,1423,-1,-1,-1,-1,-1,-1,2,0,0,0,0,0,1,0,1,4,8,41.90559503,-87.69267801
0,393994,1,30,1,-1,0,3,2,3,4,0,-1,-1,1,-1,-1,1,15,-1,712,-1,-1,-1,-1,-1,-1,1,0,0,0,0,0,1,0,0,4,8,41.79374019,-87.64985969
0,393978,-1,35,0,0,0,3,7,5,-1,0,0,0,1,-1,-1,-1,32,27,1513,-1,-1,-1,-1,-1,-1,3,0,0,0,0,0,1,0,0,4,8,41.88200742,-87.77387402
0,393987,-1,30,0,0,0,3,7,6,1,0,0,0,1,-1,-1,1,0,0,815,-1,-1,-1,-1,-1,-1,2,0,0,0,0,0,1,0,0,4,8,41.80582717,-87.73203485
0,393982,-1,35,1,-1,0,3,10,5,-1,0,0,-1,0,-1,-1,-1,0,0,313,-1,-1,-1,-1,-1,-1,2,0,0,0,0,0,2,0,0,4,8,41.78578373,-87.6061847
0,393939,-1,5,0,0,0,3,7,4,-1,0,0,0,0,-1,-1,1,25,-1,1833,-1,-1,-1,-1,-1,-1,3,0,0,0,0,0,1,0,0,4,8,41.89995702,-87.62061129
-1,393957,-1,30,0,0,0,3,7,2,2,0,0,0,1,-1,-1,-1,32,27,1233,1,-1,-1,-1,-1,-1,1,-1,-1,-1,-1,-1,-1,-1,0,4,8,41.86565103,-87.66138983
0,394155,1,30,0,0,0,-1,7,6,2,0,0,0,0,-1,-1,-1,-1,-1,613,-1,-1,-1,-1,-1,-1,2,0,0,0,0,0,1,0,0,4,8,41.73682451,-87.64743405
1,393934,-1,30,1,2,0,3,14,3,4,0,0,0,1,1,-1,-1,0,0,331,-1,-1,-1,-1,-1,-1,3,1,0,0,0,1,4,0,23,3,8,-1,-1
2,393955,1,30,1,2,0,3,8,2,3,0,0,0,1,1,-1,-1,6,17,1833,0,-1,-1,-1,-1,-1,2,1,0,0,1,0,1,0,23,3,8,41.89662942,-87.62805131
0,393913,-1,35,1,-1,0,3,10,2,4,0,0,-1,0,1,-1,-1,18,32,1831,-1,-1,-1,-1,-1,-1,2,0,0,0,0,0,2,0,23,3,8,41.88989522,-87.6324705
0,393943,-1,30,0,0,0,3,12,5,2,0,0,0,0,-1,-1,1,22,0,1822,-1,-1,-1,-1,-1,-1,2,0,0,0,0,0,2,0,23,3,8,41.90551142,-87.64946251
0,393931,-1,25,0,0,0,3,7,5,1,0,0,0,0,-1,-1,-1,-1,-1,522,-1,-1,-1,-1,-1,-1,3,0,0,0,0,0,1,0,23,3,8,41.69059237,-87.62857372
2,393922,-1,30,0,0,0,3,9,5,2,0,0,0,1,-1,-1,-1,0,-1,222,-1,-1,-1,-1,-1,-1,4,1,0,0,1,0,1,0,22,3,8,41.80251217,-87.59355791
3,393900,-1,30,1,2,0,3,0,5,6,0,0,0,1,1,-1,1,14,6,1224,-1,-1,-1,-1,-1,-1,3,1,0,1,0,0,4,0,22,3,8,41.88152875,-87.66934747
0,393897,-1,30,1,2,0,3,10,5,2,0,0,0,0,1,-1,-1,0,0,712,-1,-1,-1,-1,-1,-1,2,0,0,0,0,0,6,0,22,3,8,41.78684337,-87.65006857
0,393892,-1,30,1,2,0,3,10,5,2,0,0,0,0,-1,-1,1,18,0,1414,-1,-1,-1,-1,-1,-1,2,0,0,0,0,0,2,0,22,3,8,41.92263191,-87.69749997
0,393904,-1,30,1,2,0,3,14,1,3,0,0,0,0,1,-1,-1,21,4,1215,-1,-1,-1,-1,-1,-1,2,0,0,0,0,0,3,0,22,3,8,41.89294663,-87.65757787
2,393872,-1,30,1,2,0,3,9,3,2,0,0,0,1,1,-1,-1,6,-1,732,-1,-1,-1,-1,-1,-1,2,1,0,0,1,0,2,0,22,3,8,41.76535195,-87.64427056
0,393902,-1,30,4,2,0,3,12,5,2,0,0,0,0,1,-1,1,0,0,1212,-1,-1,-1,-1,-1,-1,2,0,0,0,0,0,2,0,22,3,8,41.90312555,-87.67444104
0,393893,-1,30,4,2,0,3,10,5,2,0,0,0,0,-1,-1,1,0,0,2532,-1,-1,-1,-1,-1,-1,2,0,0,0,0,0,2,0,22,3,8,41.90927457,-87.76518779
0,393877,-1,30,0,0,0,3,10,5,-1,0,0,0,0,-1,-1,1,18,21,1033,-1,-1,-1,-1,-1,-1,2,0,0,0,0,0,2,0,22,3,8,41.83385286,-87.7045788
0,393865,-1,15,0,0,0,3,7,5,-1,0,0,0,0,-1,-1,-1,13,-1,1911,-1,-1,-1,-1,-1,-1,2,0,0,0,0,0,1,0,22,3,8,41.96473364,-87.69041009
0,393855,-1,25,2,2,0,3,0,6,1,0,0,0,1,1,-1,-1,17,0,922,-1,-1,-1,-1,-1,-1,2,0,0,0,0,0,2,0,21,3,8,41.81546917,-87.69334579
2,393883,-1,30,1,1,0,3,14,5,-1,0,0,0,1,1,-1,-1,0,-1,1432,-1,-1,-1,-1,-1,-1,2,1,0,0,1,0,1,0,21,3,8,41.92492246,-87.67741968
0,393840,-1,30,0,0,0,3,10,5,2,0,0,0,0,-1,-1,-1,16,-1,2411,-1,-1,-1,-1,-1,-1,3,0,0,0,0,0,3,0,21,3,8,42.01191332,-87.70181879
2,393814,-1,15,0,0,0,3,8,0,1,0,0,0,1,-1,-1,1,17,16,1112,-1,-1,-1,-1,-1,-1,2,1,0,0,1,0,2,0,21,3,8,41.90260878,-87.72073025
0,393810,-1,30,0,0,0,3,10,5,2,0,2,12,0,-1,-1,1,28,0,1732,-1,-1,-1,-1,-1,-1,2,0,0,0,0,0,2,0,21,3,8,41.93934,-87.71623997
0,393843,-1,10,0,0,0,3,7,7,2,0,0,0,0,-1,-1,-1,0,0,432,-1,-1,-1,-1,-1,-1,2,0,0,0,0,0,1,0,21,3,8,41.7101164,-87.5325565
0,393788,-1,30,0,0,0,3,10,5,2,0,0,0,0,-1,-1,-1,18,18,413,-1,-1,-1,-1,-1,-1,2,0,0,0,0,0,2,0,21,3,8,41.72407478,-87.58530323
0,393792,-1,30,0,3,0,0,7,2,2,0,0,0,1,-1,-1,-1,0,0,2234,-1,-1,-1,-1,-1,-1,4,0,0,0,0,0,1,0,21,3,8,41.69233085,-87.65381649
0,393808,-1,25,1,2,0,3,10,5,-1,0,0,0,0,-1,-1,-1,18,-1,1935,-1,-1,-1,-1,-1,-1,2,0,0,0,0,0,2,0,21,3,8,41.92557007,-87.64828005
0,393806,-1,35,1,-1,0,2,3,5,-1,0,0,0,0,1,-1,-1,-1,-1,1712,-1,-1,-1,-1,-1,-1,2,0,0,0,0,0,2,0,21,3,8,41.97287372,-87.74776363
0,393829,-1,30,0,0,0,3,7,6,1,0,0,0,0,-1,-1,-1,0,0,1132,-1,-1,-1,-1,-1,-1,2,0,0,0,0,0,1,0,20,3,8,41.86992514,-87.72488567
0,393746,-1,30,1,2,0,3,10,5,2,0,0,0,0,-1,-1,-1,16,18,1823,0,-1,-1,-1,-1,-1,2,0,0,0,0,0,6,0,20,3,8,41.89659206,-87.64189452
0,393798,-1,30,0,0,0,3,7,2,2,0,0,0,1,-1,-1,-1,12,-1,423,-1,-1,-1,-1,-1,-1,3,0,0,0,0,0,1,0,20,3,8,41.74358268,-87.56596586
0,393769,-1,30,0,0,0,3,7,5,2,0,0,0,1,-1,-1,1,0,0,414,-1,-1,-1,-1,-1,-1,2,0,0,0,0,0,2,0,20,3,8,41.74962301,-87.56634254
0,393723,-1,10,0,0,0,4,0,7,-1,0,0,0,0,-1,-1,-1,20,-1,2523,-1,-1,-1,-1,-1,-1,2,0,0,0,0,0,2,0,20,3,8,41.93608671,-87.72695057
0,393757,-1,30,0,0,0,3,2,2,2,0,0,0,1,-1,1,1,-1,-1,533,-1,-1,-1,-1,-1,-1,1,0,0,0,0,0,1,0,20,3,8,41.64471642,-87.61392652
0,393705,-1,35,0,2,0,1,7,5,2,0,0,12,0,-1,-1,-1,25,11,2213,-1,-1,-1,-1,-1,-1,2,0,0,0,0,0,2,0,19,3,8,41.71821378,-87.65480026
0,453028,-1,25,0,0,0,3,10,5,2,0,0,0,0,-1,-1,-1,18,0,2411,-1,-1,-1,-1,-1,-1,2,0,0,0,0,0,2,0,19,3,8,42.00737745,-87.70912562
0,393643,-1,30,2,1,0,1,14,5,2,0,0,0,1,1,-1,-1,23,11,511,-1,-1,-1,-1,-1,-1,3,0,0,0,0,0,3,0,19,3,8,41.71209679,-87.60661686
0,393683,-1,30,0,0,0,4,0,-1,-1,0,-1,-1,0,-1,-1,-1,17,-1,122,-1,-1,-1,-1,-1,-1,2,0,0,0,0,0,2,0,19,3,8,41.88524323,-87.63716479
0,393674,-1,30,1,2,0,1,10,5,6,0,0,0,0,-1,-1,1,0,0,1811,-1,-1,-1,-1,-1,-1,2,0,0,0,0,0,2,0,19,3,8,41.92486881,-87.66798867
0,403964,-1,20,2,2,0,1,10,6,1,0,0,0,0,1,-1,-1,0,-1,1732,-1,-1,-1,-1,-1,-1,2,0,0,0,0,0,2,0,19,3,8,41.94285452,-87.72499532
0,393812,1,0,0,0,0,4,0,7,-1,0,0,-1,0,-1,-1,-1,20,17,1823,-1,-1,-1,-1,-1,-1,2,0,0,0,0,0,2,0,19,3,8,41.90089775,-87.63719189
0,393699,-1,30,0,0,0,3,7,6,-1,0,0,-1,0,-1,-1,1,23,23,1132,-1,-1,-1,-1,-1,-1,2,0,0,0,0,0,3,0,19,3,8,41.87679764,-87.72324105
0,396043,-1,30,1,2,0,1,10,3,-1,0,0,0,0,1,-1,-1,16,-1,114,-1,-1,-1,-1,-1,-1,2,0,0,0,0,0,4,0,19,3,8,41.87831319,-87.61734583
0,394527,-1,30,0,0,0,1,0,5,2,0,0,0,0,-1,-1,-1,17,17,412,-1,-1,-1,-1,-1,-1,2,0,0,0,0,0,2,0,19,3,8,41.73696218,-87.59023178
0,393950,-1,30,-1,-1,0,1,7,6,-1,0,0,0,0,-1,-1,1,0,0,1411,-1,-1,-1,-1,-1,-1,2,0,0,0,0,0,1,0,19,3,8,41.93767546,-87.69827698
0,393665,-1,30,0,0,0,4,11,5,1,0,0,0,0,-1,-1,1,0,0,2522,-1,-1,-1,-1,-1,-1,2,0,0,0,0,0,2,0,19,3,8,41.9214274,-87.75375576
0,393631,-1,30,1,2,0,1,10,2,2,0,0,0,0,-1,-1,1,18,0,1932,-1,-1,-1,-1,-1,-1,2,0,0,0,0,0,3,0,19,3,8,41.9323745,-87.66333561
0,393628,-1,30,1,2,0,1,10,5,2,0,0,0,0,1,-1,-1,18,0,835,-1,-1,-1,-1,-1,-1,2,0,0,0,0,0,2,0,19,3,8,41.73927776,-87.69250013
0,393624,-1,30,-1,-1,0,1,12,5,-1,0,0,-1,0,-1,-1,-1,-1,-1,835,-1,-1,-1,-1,-1,-1,2,0,0,0,0,0,2,0,19,3,8,41.73546846,-87.69237074
2,393721,-1,30,-1,-1,0,1,10,5,2,0,0,-1,1,0,-1,-1,0,-1,832,-1,-1,-1,-1,-1,-1,2,2,0,0,2,0,1,0,18,3,8,41.76464569,-87.67961643
0,398689,-1,30,0,0,0,1,7,2,4,0,0,0,0,-1,-1,-1,0,0,1922,-1,-1,-1,-1,-1,-1,2,0,0,0,0,0,1,0,18,3,8,41.94753607,-87.66872399
1,394374,-1,30,1,2,0,1,10,2,-1,0,0,0,1,-1,-1,-1,18,-1,623,-1,-1,-1,-1,-1,-1,2,1,0,0,0,1,1,0,18,3,8,41.75632947,-87.62463879
0,393634,-1,40,0,0,0,1,10,3,4,0,0,0,0,-1,-1,-1,0,-1,1833,-1,-1,-1,-1,-1,-1,2,0,0,0,0,0,3,0,18,3,8,41.89681668,-87.61682704
2,393594,-1,30,0,0,0,1,9,5,2,2,0,0,1,-1,-1,-1,33,-1,1412,-1,0,-1,-1,-1,-1,2,1,0,0,1,0,2,0,18,3,8,41.93189644,-87.70964426
0,393584,-1,35,0,2,0,1,12,2,-1,0,0,1,0,-1,-1,-1,21,22,835,-1,-1,-1,-1,-1,-1,2,0,0,0,0,0,2,0,18,3,8,41.73549191,-87.69107061
0,404683,-1,30,0,0,-1,-1,7,7,-1,0,-1,0,0,-1,-1,1,0,0,314,-1,-1,-1,-1,-1,-1,2,0,0,0,0,0,1,0,18,3,8,41.78223197,-87.59632492
0,394879,-1,30,1,2,0,1,10,2,-1,0,0,-1,0,1,-1,-1,0,0,722,-1,-1,-1,-1,-1,-1,2,0,0,0,0,0,2,0,18,3,8,41.77265534,-87.62690885
0,393633,-1,30,0,0,0,1,14,0,2,0,0,0,0,-1,-1,-1,0,-1,623,-1,-1,-1,-1,-1,-1,2,0,0,0,0,0,2,0,18,3,8,41.75825081,-87.61779767
0,393579,-1,35,1,0,0,1,10,2,1,0,0,0,0,1,-1,-1,7,11,622,-1,-1,-1,-1,-1,-1,2,0,0,0,0,0,2,0,18,3,8,41.74348841,-87.62925563