MOST_SEVERE_INJURY,RD_NO,CRASH_DATE_EST_I,POSTED_SPEED_LIMIT,TRAFFIC_CONTROL_DEVICE,DEVICE_CONDITION,WEATHER_CONDITION,LIGHTING_CONDITION,FIRST_CRASH_TYPE,TRAFFICWAY_TYPE,LANE_CNT,ALIGNMENT,ROADWAY_SURFACE_COND,ROAD_DEFECT,CRASH_TYPE,INTERSECTION_RELATED_I,NOT_RIGHT_OF_WAY_I,HIT_AND_RUN_I,PRIM_CONTRIBUTORY_CAUSE,SEC_CONTRIBUTORY_CAUSE,BEAT_OF_OCCURRENCE,PHOTOS_TAKEN_I,STATEMENTS_TAKEN_I,DOORING_I,WORK_ZONE_I,WORK_ZONE_TYPE,WORKERS_PRESENT_I,NUM_UNITS,INJURIES_TOTAL,INJURIES_FATAL,INJURIES_INCAPACITATING,INJURIES_NON_INCAPACITATING,INJURIES_REPORTED_NOT_EVIDENT,INJURIES_NO_INDICATION,INJURIES_UNKNOWN,CRASH_HOUR,CRASH_DAY_OF_WEEK,CRASH_MONTH,LATITUDE,LONGITUDE
2,393571,-1,30,0,0,0,1,8,2,-1,0,0,0,1,-1,-1,1,0,-1,1231,-1,-1,-1,-1,-1,-1,2,1,0,0,1,0,1,0,18,3,8,41.87402779,-87.67470847
0,393630,-1,30,1,2,0,4,7,2,2,0,0,0,0,-1,-1,1,0,0,632,-1,-1,-1,-1,-1,-1,2,0,0,0,0,0,1,0,18,3,8,41.73662153,-87.61393435
0,393566,-1,30,1,2,0,1,12,5,4,0,0,0,0,-1,-1,1,21,21,922,-1,-1,-1,-1,-1,-1,2,0,0,0,0,0,4,0,18,3,8,41.8082435,-87.68456672
0,393619,-1,30,0,0,0,1,14,2,2,0,0,0,0,-1,-1,-1,23,-1,112,-1,-1,-1,-1,-1,-1,2,0,0,0,0,0,8,0,18,3,8,41.88071557,-87.62442284
0,393592,-1,30,1,-1,0,1,10,3,-1,0,-1,-1,0,1,-1,1,18,-1,914,-1,-1,-1,-1,-1,-1,2,0,0,0,0,0,3,0,18,3,8,41.85274018,-87.63214656
2,393588,-1,30,0,0,0,1,10,5,-1,0,0,0,1,-1,-1,-1,16,18,2024,-1,-1,-1,-1,-1,-1,3,1,0,0,1,0,2,0,18,3,8,41.9759035,-87.65484791
-1,393585,1,30,0,0,0,1,8,5,-1,0,0,0,1,1,-1,-1,17,16,2031,-1,-1,-1,-1,-1,-1,-1,-1,-1,-1,-1,-1,-1,-1,18,3,8,41.96870221,-87.69141123
0,393581,-1,30,1,2,0,1,10,2,4,0,0,0,1,1,-1,-1,16,0,1624,-1,-1,-1,-1,-1,-1,3,0,0,0,0,0,3,0,18,3,8,41.95742942,-87.74757442
0,393620,-1,30,0,0,0,1,10,5,4,0,0,0,0,-1,-1,-1,16,0,2211,-1,-1,-1,-1,-1,-1,2,0,0,0,0,0,2,0,18,3,8,41.68688027,-87.73942041
2,373587,-1,30,2,1,0,1,0,12,4,2,0,0,1,1,-1,-1,5,17,232,-1,-1,-1,-1,-1,-1,2,1,0,0,1,0,1,0,18,3,8,41.78935188,-87.6222498
0,393561,-1,30,2,2,0,1,10,6,1,0,0,-1,1,1,-1,-1,18,16,2524,-1,-1,-1,-1,-1,-1,2,0,0,0,0,0,3,0,18,3,8,41.9245414,-87.73427012
0,393655,-1,30,-1,-1,0,1,10,5,-1,0,0,-1,0,-1,-1,-1,-1,-1,1012,-1,-1,-1,-1,-1,-1,2,0,0,0,0,0,2,0,18,3,8,41.85336714,-87.72494699
0,393602,-1,30,1,2,0,1,8,5,2,0,0,0,0,-1,-1,1,22,22,631,-1,-1,-1,-1,-1,-1,2,0,0,0,0,0,2,0,18,3,8,41.74753329,-87.6052788
0,393558,-1,30,0,0,0,1,12,5,-1,0,0,0,0,-1,-1,-1,21,0,1623,-1,-1,-1,-1,-1,-1,2,0,0,0,0,0,2,0,18,3,8,41.9678444,-87.76089754
2,393556,-1,30,0,0,0,1,14,1,-1,0,0,0,1,-1,-1,-1,22,-1,1632,-1,-1,-1,-1,-1,-1,2,1,0,0,1,0,1,0,18,3,8,41.95643987,-87.79757095
0,393550,-1,30,0,0,0,1,7,6,1,0,0,0,0,-1,-1,1,0,0,2534,-1,-1,-1,-1,-1,-1,2,0,0,0,0,0,1,0,18,3,8,41.90454053,-87.73388537
0,393638,-1,30,2,0,0,1,8,5,-1,0,0,0,0,-1,-1,1,22,-1,2523,-1,-1,-1,-1,-1,-1,2,0,0,0,0,0,4,0,17,3,8,41.93705848,-87.73682578
3,393540,-1,35,0,0,0,1,0,5,2,0,0,0,1,-1,-1,-1,21,11,1411,-1,-1,-1,-1,-1,-1,2,1,0,1,0,0,1,0,17,3,8,41.93087842,-87.69743966
0,393656,-1,30,2,2,0,1,14,2,-1,0,0,-1,0,1,-1,-1,23,23,412,-1,-1,-1,-1,-1,-1,2,0,0,0,0,0,3,0,17,3,8,41.73868319,-87.58583323
0,393553,-1,30,1,2,0,1,10,5,-1,0,0,0,0,1,-1,-1,0,0,1834,-1,-1,-1,-1,-1,-1,2,0,0,0,0,0,4,0,17,3,8,41.89184402,-87.61447914
0,393509,-1,20,0,0,0,1,7,6,-1,0,0,0,0,-1,-1,-1,23,-1,1532,-1,-1,-1,-1,-1,-1,2,0,0,0,0,0,1,0,17,3,8,41.88327782,-87.74890497
0,393521,-1,30,2,2,0,1,0,12,0,0,0,0,1,1,-1,-1,17,0,1214,-1,-1,-1,-1,-1,-1,2,0,0,0,0,0,2,0,17,3,8,41.89127925,-87.64885094
0,393512,-1,35,0,0,0,4,12,5,2,0,0,0,0,-1,-1,1,0,0,1022,-1,-1,-1,-1,-1,-1,2,0,0,0,0,0,2,0,17,3,8,41.85892847,-87.70305252
0,393542,-1,30,0,0,0,1,10,5,2,0,0,0,0,-1,-1,-1,18,-1,1234,-1,-1,-1,-1,-1,-1,2,0,0,0,0,0,2,0,17,3,8,41.85959805,-87.66855947
0,394340,-1,30,0,0,0,1,12,5,-1,0,0,0,0,-1,-1,-1,22,-1,821,-1,-1,-1,-1,-1,-1,2,0,0,0,0,0,2,0,17,3,8,41.80536279,-87.70404406
0,393677,-1,30,0,0,0,1,12,3,4,0,0,0,0,-1,-1,-1,11,0,611,-1,-1,-1,-1,-1,-1,2,0,0,0,0,0,2,0,17,3,8,41.75773255,-87.66375456
0,393505,-1,30,-1,-1,0,1,10,12,-1,0,0,0,0,-1,-1,-1,-1,-1,922,-1,-1,-1,-1,-1,-1,2,0,0,0,0,0,2,0,17,3,8,41.80917138,-87.68949488
0,393589,-1,30,1,-1,0,1,0,2,0,0,-1,-1,0,1,-1,1,20,-1,234,-1,-1,-1,-1,-1,-1,2,0,0,0,0,0,2,0,17,3,8,41.79948383,-87.58744204
0,393530,-1,25,0,0,1,1,0,7,1,0,0,0,0,-1,-1,-1,17,11,835,-1,-1,-1,-1,-1,-1,2,0,0,0,0,0,2,0,17,3,8,41.73841729,-87.69463308
0,393525,-1,30,0,0,0,1,12,5,-1,0,0,0,0,-1,-1,-1,18,16,914,-1,-1,-1,-1,-1,-1,2,0,0,0,0,0,2,0,17,3,8,41.85362074,-87.63298133
0,393552,-1,5,0,0,1,1,7,7,0,0,0,0,0,-1,1,-1,11,0,833,-1,-1,-1,-1,-1,-1,2,0,0,0,0,0,1,0,17,3,8,41.75466012,-87.74138476
0,393614,-1,30,0,0,0,1,10,5,2,0,0,0,0,-1,-1,1,18,0,833,-1,-1,-1,-1,-1,-1,2,0,0,0,0,0,4,0,17,3,8,41.76429198,-87.71648058
0,393547,-1,35,4,2,0,1,14,3,4,0,0,0,1,1,-1,-1,17,16,1614,-1,-1,-1,-1,-1,-1,2,0,0,0,0,0,2,0,17,3,8,41.95576,-87.83654029
0,393483,-1,30,0,0,0,1,3,6,1,0,0,0,0,1,-1,1,20,0,813,-1,-1,-1,-1,-1,-1,2,0,0,0,0,0,2,0,17,3,8,41.78599526,-87.7279146
0,393501,1,20,0,0,1,1,7,0,1,0,0,0,0,-1,1,-1,0,-1,824,-1,-1,-1,-1,-1,-1,2,0,0,0,0,0,1,0,17,3,8,41.78765665,-87.69865576
2,393448,-1,30,0,0,0,1,9,6,3,0,0,0,1,-1,-1,-1,0,-1,412,-1,-1,-1,-1,-1,-1,2,1,0,0,1,0,2,0,17,3,8,41.73500058,-87.58574783
0,404499,-1,30,1,2,0,1,14,5,4,0,0,0,0,-1,-1,-1,6,23,1513,-1,-1,-1,-1,-1,-1,2,0,0,0,0,0,2,0,17,3,8,41.87998968,-87.77385706
0,393472,-1,30,0,0,0,1,7,6,3,0,0,0,0,-1,-1,-1,0,0,1833,-1,-1,-1,-1,-1,-1,2,0,0,0,0,0,2,0,17,3,8,41.89850477,-87.62344893
0,393466,-1,35,0,0,0,1,12,5,2,0,0,0,1,-1,-1,-1,18,0,531,-1,-1,-1,-1,-1,-1,2,0,0,0,0,0,2,0,17,3,8,41.68560304,-87.60579581
0,393442,-1,35,0,0,0,1,14,2,2,0,0,0,0,-1,-1,-1,23,-1,1431,-1,-1,-1,-1,-1,-1,2,0,0,0,0,0,4,0,17,3,8,41.92240906,-87.69632513
0,393523,-1,0,0,0,0,1,10,3,2,0,0,0,0,-1,-1,-1,0,0,234,-1,-1,-1,-1,-1,-1,2,0,0,0,0,0,2,0,16,3,8,41.79982835,-87.5816046
0,393467,-1,30,0,0,0,1,7,5,2,0,0,0,0,-1,-1,-1,0,-1,1922,-1,-1,-1,-1,-1,-1,2,0,0,0,0,0,1,0,16,3,8,41.95247736,-87.67634324
0,393433,-1,30,1,2,0,1,14,6,4,0,0,0,0,1,-1,-1,17,0,935,-1,-1,-1,-1,-1,-1,2,0,0,0,0,0,2,0,16,3,8,41.79462236,-87.63192883
0,393431,-1,30,-1,-1,0,1,12,5,2,0,0,0,0,-1,-1,-1,-1,-1,821,-1,-1,-1,-1,-1,-1,2,0,0,0,0,0,2,0,16,3,8,41.80112411,-87.70392038
0,394582,-1,15,0,0,0,1,7,7,-1,0,0,0,0,-1,1,-1,20,16,2521,-1,-1,-1,-1,-1,-1,2,0,0,0,0,0,5,0,16,3,8,41.93148359,-87.74199187
0,393518,-1,45,0,0,0,1,10,2,-1,0,0,0,0,-1,-1,-1,18,0,1834,-1,-1,-1,-1,-1,-1,3,0,0,0,0,0,3,0,16,3,8,41.89479837,-87.61586665
0,393481,-1,30,0,0,0,1,12,5,1,0,0,0,0,-1,-1,-1,22,22,232,-1,-1,-1,-1,-1,-1,2,0,0,0,0,0,2,0,16,3,8,41.78923253,-87.61760923
2,393357,-1,30,0,0,0,1,4,5,-1,2,0,0,1,-1,-1,-1,13,-1,1733,-1,-1,-1,-1,-1,-1,2,1,0,0,1,0,1,0,16,3,8,41.95150412,-87.70809685
0,393350,-1,30,0,0,0,1,10,5,2,0,0,0,0,-1,-1,-1,18,12,823,-1,-1,-1,-1,-1,-1,2,0,0,0,0,0,3,0,16,3,8,41.77898719,-87.70886382
0,393444,-1,30,0,0,0,1,7,5,-1,0,0,0,0,-1,-1,1,20,-1,1214,-1,-1,-1,-1,-1,-1,2,0,0,0,0,0,1,0,16,3,8,41.88612517,-87.64540936
2,393399,-1,0,0,0,0,1,8,2,2,0,0,0,1,-1,-1,-1,17,33,2032,-1,-1,-1,-1,-1,-1,2,1,0,0,1,0,1,0,16,3,8,41.96896271,-87.67176866
1,393379,-1,30,0,0,0,1,10,5,-1,0,0,0,1,-1,-1,1,18,-1,1834,-1,-1,-1,-1,-1,-1,3,3,0,0,0,3,2,0,16,3,8,41.89482685,-87.62439616
0,394309,-1,15,0,0,0,1,10,12,-1,0,0,0,0,-1,1,-1,20,17,1221,-1,-1,-1,-1,-1,-1,2,0,0,0,0,0,2,0,16,3,8,41.89579651,-87.6773228
0,393437,-1,15,0,0,0,1,10,7,-1,0,0,0,0,-1,-1,-1,20,16,1624,-1,-1,-1,-1,-1,-1,2,0,0,0,0,0,2,0,16,3,8,41.96011056,-87.78657053
0,393434,-1,30,0,0,0,1,12,6,3,0,0,0,0,-1,-1,-1,17,22,112,-1,-1,-1,-1,-1,-1,2,0,0,0,0,0,2,0,16,3,8,41.88066458,-87.62708936
0,393344,-1,30,0,0,0,1,9,5,-1,0,0,0,0,0,-1,-1,-1,-1,631,-1,-1,-1,-1,-1,-1,2,0,0,0,0,0,2,0,16,3,8,41.74570414,-87.6052282
0,397301,-1,30,0,0,0,1,7,5,-1,0,0,0,0,-1,-1,-1,0,0,812,-1,-1,-1,-1,-1,-1,2,0,0,0,0,0,1,0,16,3,8,41.77443084,-87.76173159
0,393508,-1,30,0,0,0,1,0,7,0,0,0,0,0,1,-1,-1,20,11,1231,-1,-1,-1,-1,-1,-1,2,0,0,0,0,0,2,0,16,3,8,41.86995127,-87.66884133
0,393491,-1,30,1,2,0,1,14,12,4,0,0,0,0,-1,-1,1,0,0,1621,-1,-1,-1,-1,-1,-1,2,0,0,0,0,0,2,0,16,3,8,41.99622779,-87.76433185
0,393332,0,30,0,0,0,1,12,5,2,0,0,0,0,-1,-1,-1,17,0,2531,-1,-1,-1,-1,-1,-1,2,0,0,0,0,0,2,0,16,3,8,41.90217771,-87.77066224
0,393371,-1,35,2,0,0,1,0,2,2,0,0,0,0,1,-1,-1,16,0,333,-1,-1,-1,-1,-1,-1,2,0,0,0,0,0,2,0,16,3,8,41.76062594,-87.57632659
0,393347,1,20,0,0,0,1,7,5,-1,0,0,0,0,-1,-1,1,22,-1,2423,-1,-1,-1,-1,-1,-1,2,0,0,0,0,0,1,0,16,3,8,42.01000786,-87.66778743
2,393337,-1,30,2,2,0,1,9,12,2,0,0,0,1,-1,-1,-1,17,8,1833,-1,-1,-1,-1,-1,-1,2,1,0,0,1,0,1,0,16,3,8,41.89575075,-87.62668037
0,403845,-1,30,1,2,0,1,12,5,4,0,0,0,0,-1,-1,-1,21,-1,632,-1,-1,-1,-1,-1,-1,2,0,0,0,0,0,2,0,16,3,8,41.73620947,-87.62430552
0,393420,-1,40,0,0,0,1,12,3,4,0,0,0,0,-1,-1,-1,2,0,1925,-1,-1,-1,-1,-1,-1,2,0,0,0,0,0,2,0,16,3,8,41.95434472,-87.64534962
0,393363,-1,35,0,0,0,1,14,1,2,2,0,0,0,1,-1,-1,18,0,622,-1,-1,-1,-1,-1,-1,2,0,0,0,0,0,2,0,16,3,8,41.73640012,-87.6245544
0,393480,-1,30,1,2,0,1,10,6,-1,0,0,0,0,1,-1,-1,18,-1,623,-1,-1,-1,-1,-1,-1,2,0,0,0,0,0,2,0,15,3,8,41.75632001,-87.62647558
0,393418,-1,30,1,2,0,1,14,5,-1,0,0,0,1,-1,-1,-1,0,0,922,-1,-1,-1,-1,-1,-1,2,0,0,0,0,0,6,0,15,3,8,41.8081701,-87.69426302
0,393299,-1,30,0,0,0,1,10,7,-1,0,0,0,0,-1,-1,-1,0,0,1624,-1,-1,-1,-1,-1,-1,2,0,0,0,0,0,2,0,15,3,8,41.95587371,-87.7475223
0,393374,-1,30,-1,-1,0,1,10,5,-1,0,0,-1,0,-1,-1,-1,-1,-1,912,-1,-1,-1,-1,-1,-1,2,0,0,0,0,0,2,0,15,3,8,41.83905773,-87.67555871
0,393270,-1,30,1,2,0,1,10,5,2,0,0,0,0,-1,-1,-1,18,33,423,-1,-1,-1,-1,-1,-1,2,0,0,0,0,0,3,0,15,3,8,41.72275951,-87.56068373
0,394162,-1,30,0,0,0,1,7,5,-1,0,0,0,0,-1,-1,1,0,0,832,-1,-1,-1,-1,-1,-1,2,0,0,0,0,0,1,0,15,3,8,41.76462277,-87.68093154
3,393383,-1,30,2,2,0,1,0,5,2,0,0,0,1,1,1,-1,17,0,1633,-1,-1,-1,-1,-1,-1,2,1,0,1,0,0,1,0,15,3,8,41.93849637,-87.78095376
0,393291,-1,30,0,0,0,1,12,5,-1,0,0,0,0,-1,-1,1,22,0,1712,-1,-1,-1,-1,-1,-1,2,0,0,0,0,0,2,0,15,3,8,41.97586471,-87.70760109
0,405479,-1,15,0,0,0,1,7,7,-1,0,0,0,0,-1,-1,-1,20,-1,913,-1,-1,-1,-1,-1,-1,2,0,0,0,0,0,1,0,15,3,8,41.83072883,-87.65581325
0,395223,-1,30,1,2,0,1,7,5,2,0,0,0,0,-1,-1,1,0,-1,1233,-1,-1,-1,-1,-1,-1,2,0,0,0,0,0,1,0,15,3,8,41.86675392,-87.66478861
0,394669,-1,30,0,0,0,1,12,7,0,0,0,0,0,-1,-1,-1,0,0,1933,-1,-1,-1,-1,-1,-1,2,0,0,0,0,0,2,0,15,3,8,41.9373306,-87.65183086
0,393774,-1,30,0,0,0,1,12,5,4,0,0,0,0,-1,-1,-1,0,0,1621,-1,-1,-1,-1,-1,-1,2,0,0,0,0,0,3,0,15,3,8,41.97539461,-87.7517466
0,393484,-1,30,0,0,0,1,14,5,4,0,0,0,1,-1,-1,-1,17,23,813,-1,-1,-1,-1,-1,-1,2,0,0,0,0,0,2,0,15,3,8,41.79309383,-87.72321786
0,393456,-1,25,2,2,0,1,0,5,2,0,0,0,0,1,-1,-1,5,17,815,-1,-1,-1,-1,-1,-1,2,0,0,0,0,0,2,0,15,3,8,41.80976483,-87.72738462
0,393316,-1,30,0,0,0,1,0,6,1,0,0,0,0,-1,-1,-1,0,0,913,-1,-1,-1,-1,-1,-1,2,0,0,0,0,0,2,0,15,3,8,41.83833777,-87.65143232
0,393304,-1,25,1,-1,0,1,10,1,-1,0,0,-1,0,-1,-1,-1,11,-1,1034,-1,-1,-1,-1,-1,-1,2,0,0,0,0,0,2,0,15,3,8,41.84285408,-87.67574778
0,393295,0,35,0,0,0,1,7,5,1,0,0,0,0,-1,-1,1,0,0,632,-1,-1,-1,-1,-1,-1,2,0,0,0,0,0,1,0,15,3,8,41.73819444,-87.61626853
0,393421,-1,20,0,0,0,1,14,5,2,0,0,-1,0,-1,-1,-1,20,20,811,-1,-1,-1,-1,-1,-1,2,0,0,0,0,0,2,0,15,3,8,41.79042796,-87.78037224
0,393323,-1,30,0,0,0,1,14,2,4,0,0,0,1,-1,-1,-1,4,16,1421,0,-1,-1,-1,-1,-1,2,0,0,0,0,0,3,0,15,3,8,41.91023236,-87.70597968
0,393308,-1,30,0,0,0,1,12,2,4,0,0,0,0,-1,-1,1,22,-1,1733,-1,-1,-1,-1,-1,-1,2,0,0,0,0,0,2,0,15,3,8,41.94673703,-87.70833408
0,393395,-1,25,2,2,0,1,0,6,1,0,0,0,0,1,-1,-1,17,0,822,-1,-1,-1,-1,-1,-1,2,0,0,0,0,0,2,0,15,3,8,41.78453577,-87.70335867
0,393313,-1,30,0,0,0,1,7,2,1,0,0,0,1,-1,-1,1,25,0,614,-1,-1,-1,-1,-1,-1,2,0,0,0,0,0,1,0,15,3,8,41.74300234,-87.66049043
0,393294,-1,10,0,0,0,1,12,12,-1,0,0,0,0,-1,-1,-1,22,-1,131,-1,-1,-1,-1,-1,-1,2,0,0,0,0,0,2,0,15,3,8,41.86683145,-87.62566961
0,393251,-1,30,0,0,0,1,7,7,1,0,0,0,0,-1,-1,1,0,-1,212,-1,-1,-1,-1,-1,-1,2,0,0,0,0,0,1,0,15,3,8,41.8296572,-87.61459953
0,393455,-1,30,1,2,0,1,14,2,4,0,0,0,1,-1,-1,-1,0,0,1213,-1,-1,-1,-1,-1,-1,2,0,0,0,0,0,3,0,15,3,8,41.89650565,-87.64765458
0,393377,-1,30,0,0,0,1,0,7,-1,0,0,0,0,-1,-1,-1,0,-1,324,-1,-1,-1,-1,-1,-1,2,0,0,0,0,0,2,0,15,3,8,41.76302237,-87.58639016
0,393226,-1,30,0,0,0,1,7,2,2,0,0,0,1,-1,-1,1,15,0,1011,-1,-1,-1,-1,-1,-1,2,0,0,0,0,0,1,0,15,3,8,41.86413909,-87.73188233
0,393039,-1,30,1,2,0,1,10,5,4,0,0,0,0,-1,-1,-1,16,16,1232,-1,-1,-1,-1,-1,-1,2,0,0,0,0,0,2,0,15,3,8,41.86730004,-87.64431132
0,393213,-1,15,0,0,0,1,2,0,-1,0,0,0,1,-1,-1,1,25,-1,1132,-1,-1,-1,-1,-1,-1,1,0,0,0,0,0,1,0,14,3,8,41.87446969,-87.72532387
0,393292,-1,30,2,2,0,1,10,5,-1,0,0,-1,0,1,-1,1,0,0,932,-1,-1,-1,-1,-1,-1,2,0,0,0,0,0,3,0,14,3,8,41.80116385,-87.67221898
0,393560,-1,20,0,0,0,1,12,2,2,0,0,0,0,-1,-1,1,21,21,1121,-1,-1,-1,-1,-1,-1,2,0,0,0,0,0,3,0,14,3,8,41.89936123,-87.70682681
0,393289,-1,30,2,0,0,1,0,2,4,0,0,0,0,1,-1,-1,17,-1,1232,-1,-1,-1,-1,-1,-1,2,0,0,0,0,0,2,0,14,3,8,41.86702858,-87.64789322
2,393247,-1,30,2,0,0,1,0,5,-1,0,0,0,1,1,-1,-1,17,-1,2515,-1,-1,-1,-1,-1,-1,2,1,0,0,1,0,2,0,14,3,8,41.92191686,-87.77437324
0,394530,-1,30,1,2,0,1,10,5,-1,0,0,0,0,-1,-1,-1,18,16,1723,1,-1,-1,-1,-1,-1,3,0,0,0,0,0,3,0,14,3,8,41.95739397,-87.72757867
0,393237,-1,30,1,2,0,1,10,3,2,0,0,0,0,-1,-1,-1,0,0,1623,-1,-1,-1,-1,-1,-1,2,0,0,0,0,0,2,0,14,3,8,41.96791346,-87.74804877
2,393265,-1,30,1,2,0,1,10,5,6,0,0,0,1,-1,-1,1,18,-1,331,-1,-1,-1,-1,-1,-1,2,4,0,0,4,0,2,0,14,3,8,41.77665367,-87.57082461
0,404019,-1,30,0,2,0,1,10,5,-1,0,0,0,0,-1,-1,-1,18,-1,2513,-1,-1,-1,-1,-1,-1,2,0,0,0,0,0,2,0,14,3,8,41.90916873,-87.79235892
0,402049,-1,30,3,2,-1,1,10,5,2,0,-1,-1,0,-1,-1,1,18,22,1223,-1,-1,-1,-1,-1,-1,2,0,0,0,0,0,2,0,14,3,8,41.8831362,-87.68413938
0,393195,-1,0,0,0,0,1,0,7,0,0,0,-1,0,-1,1,-1,0,0,1121,-1,-1,-1,-1,-1,-1,2,0,0,0,0,0,2,0,14,3,8,41.89561531,-87.70670533
2,393165,-1,30,1,2,0,1,9,5,-1,0,0,0,1,1,-1,-1,17,-1,1034,-1,-1,-1,-1,-1,-1,2,1,0,0,1,0,1,0,14,3,8,-1,-1
0,393302,-1,30,0,0,0,1,2,12,-1,0,0,0,0,-1,-1,-1,0,0,1914,-1,-1,-1,-1,-1,-1,1,0,0,0,0,0,1,0,14,3,8,41.96371269,-87.64981992
0,393162,-1,30,1,2,0,1,12,5,2,0,-1,-1,0,-1,-1,-1,0,0,2413,-1,-1,-1,-1,-1,-1,2,0,0,0,0,0,2,0,14,3,8,41.99571003,-87.70944763
0,393181,-1,35,1,2,0,1,2,1,4,0,0,0,0,1,-1,-1,0,0,2031,-1,-1,-1,-1,-1,-1,1,0,0,0,0,0,1,0,13,3,8,41.97578302,-87.68901213
2,393140,-1,30,1,2,0,1,10,2,3,0,0,0,1,-1,-1,-1,18,7,114,-1,-1,-1,-1,-1,-1,2,1,0,0,1,0,1,0,13,3,8,41.87575626,-87.61751568
1,395775,-1,30,0,0,0,1,8,12,-1,0,0,0,1,-1,-1,0,0,0,1833,-1,-1,-1,-1,-1,-1,2,1,0,0,0,1,1,0,13,3,8,41.89656858,-87.62812919
0,394404,-1,30,1,2,0,1,14,5,2,0,0,0,0,1,-1,-1,21,0,1935,-1,-1,-1,-1,-1,-1,2,0,0,0,0,0,2,0,13,3,8,41.92616072,-87.63151467
0,393262,-1,30,1,2,0,1,0,2,2,0,0,0,0,1,-1,-1,17,0,835,-1,-1,-1,-1,-1,-1,2,0,0,0,0,0,2,0,13,3,8,41.75005493,-87.6829922
0,393151,-1,5,0,0,0,1,7,7,1,0,0,0,0,-1,-1,-1,0,0,1832,-1,-1,-1,-1,-1,-1,2,0,0,0,0,0,1,0,13,3,8,41.89246403,-87.63129489
1,393130,-1,30,1,2,0,1,10,3,-1,0,0,0,1,0,-1,-1,0,-1,2211,-1,-1,-1,-1,-1,-1,2,1,0,0,0,1,1,0,13,3,8,41.70606769,-87.70138339
2,426199,-1,30,2,2,0,1,10,2,4,0,0,0,1,1,-1,-1,16,-1,2032,-1,-1,-1,-1,-1,-1,2,1,0,0,1,0,1,0,13,3,8,41.97337356,-87.67947154
0,393785,-1,30,0,0,0,-1,7,2,1,0,0,0,0,-1,-1,1,0,-1,1412,-1,-1,-1,-1,-1,-1,2,0,0,0,0,0,1,0,13,3,8,41.93247595,-87.71123348
0,393569,-1,30,0,0,0,1,7,5,-1,0,0,-1,0,-1,-1,1,0,0,633,-1,-1,-1,-1,-1,-1,2,0,0,0,0,0,1,0,13,3,8,41.72930684,-87.60479254
0,393107,-1,15,0,0,0,1,0,0,-1,0,0,0,0,-1,-1,-1,20,-1,1523,-1,-1,-1,-1,-1,-1,2,0,0,0,0,0,2,0,13,3,8,41.88294411,-87.76177946
0,393180,-1,15,0,0,0,1,7,7,-1,0,0,0,0,-1,-1,-1,20,16,1624,-1,-1,-1,-1,-1,-1,2,0,0,0,0,0,1,0,13,3,8,41.9595751,-87.74764569
0,397415,-1,30,1,2,0,1,12,6,-1,0,0,0,0,-1,-1,-1,0,0,2422,-1,-1,-1,-1,-1,-1,2,0,0,0,0,0,2,0,13,3,8,42.01921993,-87.66882673
0,393400,-1,15,0,0,0,1,11,0,1,0,-1,-1,0,-1,-1,-1,0,0,1512,-1,-1,-1,-1,-1,-1,2,0,0,0,0,0,2,0,13,3,8,41.88811792,-87.77445925
0,393174,-1,30,0,0,0,1,10,5,-1,0,-1,-1,0,-1,-1,-1,0,-1,915,-1,-1,-1,-1,-1,-1,2,0,0,0,0,0,2,0,13,3,8,41.83062333,-87.64747061
1,393091,-1,30,2,2,0,1,0,5,-1,0,0,0,1,1,-1,1,-1,-1,321,-1,-1,-1,-1,-1,-1,2,1,0,0,0,1,1,0,13,3,8,41.77509665,-87.60331499
0,393185,-1,20,2,2,0,1,14,5,-1,0,0,0,0,-1,-1,-1,11,0,523,-1,-1,-1,-1,-1,-1,2,0,0,0,0,0,2,0,13,3,8,41.66869244,-87.63573799
2,393082,-1,30,0,0,0,1,11,5,2,0,0,0,1,-1,-1,1,-1,-1,2232,-1,-1,-1,-1,-1,-1,3,1,0,0,1,0,1,0,13,3,8,41.70471735,-87.64748464
0,393676,-1,30,0,0,0,1,7,5,-1,0,0,0,0,-1,-1,1,-1,-1,1222,-1,-1,-1,-1,-1,-1,2,0,0,0,0,0,1,0,13,3,8,41.88384461,-87.68933594
0,393387,-1,30,1,2,0,1,10,5,-1,0,0,0,0,-1,-1,-1,18,18,1833,-1,-1,-1,-1,-1,-1,2,0,0,0,0,0,2,0,13,3,8,41.89665988,-87.62175524
0,393240,-1,30,1,2,0,1,14,5,4,0,0,1,0,-1,-1,1,0,0,413,-1,-1,-1,-1,-1,-1,2,0,0,0,0,0,2,0,13,3,8,41.72244013,-87.5857426
2,393088,-1,20,0,0,0,1,7,6,1,0,0,0,1,-1,-1,-1,0,0,2011,-1,-1,-1,-1,-1,-1,4,1,0,0,1,0,0,0,13,3,8,41.97686259,-87.69601745
0,393084,-1,15,0,0,0,1,12,7,-1,0,0,0,0,-1,1,-1,-1,-1,2011,-1,-1,-1,-1,-1,-1,2,0,0,0,0,0,2,0,13,3,8,41.9759129,-87.69249418
0,393076,-1,30,0,0,0,1,14,2,-1,0,0,0,1,-1,-1,-1,17,11,835,-1,-1,-1,-1,-1,-1,2,0,0,0,0,0,2,0,13,3,8,41.75988607,-87.68326752