MOST_SEVERE_INJURY,RD_NO,CRASH_DATE_EST_I,POSTED_SPEED_LIMIT,TRAFFIC_CONTROL_DEVICE,DEVICE_CONDITION,WEATHER_CONDITION,LIGHTING_CONDITION,FIRST_CRASH_TYPE,TRAFFICWAY_TYPE,LANE_CNT,ALIGNMENT,ROADWAY_SURFACE_COND,ROAD_DEFECT,CRASH_TYPE,INTERSECTION_RELATED_I,NOT_RIGHT_OF_WAY_I,HIT_AND_RUN_I,PRIM_CONTRIBUTORY_CAUSE,SEC_CONTRIBUTORY_CAUSE,BEAT_OF_OCCURRENCE,PHOTOS_TAKEN_I,STATEMENTS_TAKEN_I,DOORING_I,WORK_ZONE_I,WORK_ZONE_TYPE,WORKERS_PRESENT_I,NUM_UNITS,INJURIES_TOTAL,INJURIES_FATAL,INJURIES_INCAPACITATING,INJURIES_NON_INCAPACITATING,INJURIES_REPORTED_NOT_EVIDENT,INJURIES_NO_INDICATION,INJURIES_UNKNOWN,CRASH_HOUR,CRASH_DAY_OF_WEEK,CRASH_MONTH,LATITUDE,LONGITUDE
1,391618,-1,30,0,0,0,1,12,5,2,0,0,0,1,-1,-1,1,17,17,1115,-1,-1,-1,-1,-1,-1,2,1,0,0,0,1,2,0,13,3,8,41.87710576,-87.73302501
0,393146,-1,30,1,2,0,1,14,5,2,0,0,0,0,-1,-1,-1,18,-1,1213,-1,-1,-1,-1,-1,-1,2,0,0,0,0,0,2,0,12,3,8,41.89981821,-87.66736891
0,393062,-1,35,0,0,0,1,0,5,2,0,0,0,0,-1,-1,-1,0,0,1033,-1,-1,-1,-1,-1,-1,2,0,0,0,0,0,2,0,12,3,8,41.85102772,-87.6955727
0,393031,-1,30,0,0,0,1,7,5,2,0,0,0,1,-1,-1,-1,16,-1,432,-1,-1,-1,-1,-1,-1,3,0,0,0,0,0,1,0,12,3,8,41.70322273,-87.53543131
0,393047,-1,30,2,2,0,1,2,5,-1,0,0,0,1,-1,-1,1,25,14,413,-1,-1,-1,-1,-1,-1,1,0,0,0,0,0,2,0,12,3,8,41.72937003,-87.594806
0,394145,-1,30,1,2,0,1,0,5,-1,0,0,0,0,1,-1,-1,0,0,1934,-1,-1,-1,-1,-1,-1,2,0,0,0,0,0,2,0,12,3,8,41.93298718,-87.63946725
0,393355,-1,30,1,2,0,1,0,5,6,0,-1,-1,0,1,-1,-1,17,11,1932,-1,-1,-1,-1,-1,-1,2,0,0,0,0,0,2,0,12,3,8,41.93266489,-87.65877426
0,393234,-1,0,1,2,0,1,12,2,2,0,0,0,0,-1,-1,-1,0,0,211,-1,-1,-1,-1,-1,-1,2,0,0,0,0,0,4,0,12,3,8,41.83485412,-87.61753756
0,393219,-1,10,0,0,0,1,7,7,2,0,0,0,0,-1,-1,1,0,33,1722,-1,-1,-1,-1,-1,-1,2,0,0,0,0,0,1,0,12,3,8,41.96622739,-87.73718362
0,393150,-1,30,1,2,0,1,12,5,-1,0,0,0,0,1,-1,-1,11,-1,1631,-1,-1,-1,-1,-1,-1,2,0,0,0,0,0,2,0,12,3,8,41.93814083,-87.80689859
0,393105,-1,15,0,0,0,1,7,0,-1,0,0,0,0,-1,1,1,25,-1,1211,-1,-1,-1,-1,-1,-1,2,0,0,0,0,0,1,0,12,3,8,41.89714956,-87.69072232
0,393046,-1,30,1,2,0,1,10,5,2,0,0,0,0,1,-1,1,18,12,923,-1,-1,-1,-1,-1,-1,2,0,0,0,0,0,2,0,12,3,8,41.80089564,-87.69414412
0,393033,-1,30,1,2,0,1,12,12,0,0,0,0,0,1,-1,-1,-1,-1,813,-1,-1,-1,-1,-1,-1,2,0,0,0,0,0,2,0,12,3,8,41.79300357,-87.73555861
0,393013,-1,15,0,0,0,1,7,0,2,0,0,0,0,-1,-1,-1,22,16,123,-1,-1,-1,-1,-1,-1,2,0,0,0,0,0,1,0,12,3,8,41.86830501,-87.62425305
0,393128,-1,30,1,-1,0,1,14,5,-1,0,0,-1,0,-1,-1,-1,18,0,434,-1,-1,-1,-1,-1,-1,2,0,0,0,0,0,2,0,12,3,8,41.65912619,-87.55943274
0,393059,-1,30,0,0,0,1,12,3,-1,0,0,0,0,-1,-1,-1,21,-1,921,-1,-1,-1,-1,-1,-1,4,0,0,0,0,0,4,0,12,3,8,41.8228355,-87.68498374
1,393027,-1,30,2,2,0,1,0,2,-1,0,0,0,1,1,-1,-1,17,-1,815,-1,1,-1,-1,-1,-1,2,2,0,0,0,2,1,0,12,3,8,41.80066927,-87.73081393
0,392997,-1,30,2,2,0,1,14,5,2,0,0,0,0,1,-1,-1,5,17,1522,-1,-1,-1,-1,-1,-1,2,0,0,0,0,0,2,0,12,3,8,41.88219632,-87.76025841
0,393024,-1,30,2,2,0,1,0,5,0,0,0,0,0,1,-1,-1,5,17,2024,-1,-1,-1,-1,-1,-1,2,0,0,0,0,0,2,0,12,3,8,41.96919565,-87.6563667
0,393006,-1,30,1,2,0,1,12,5,5,0,0,0,0,-1,-1,-1,0,-1,433,-1,-1,-1,-1,-1,-1,2,0,0,0,0,0,3,0,12,3,8,41.68808291,-87.5399528
0,392998,-1,15,0,0,0,1,7,7,-1,0,0,0,0,-1,1,-1,22,0,1712,-1,-1,-1,-1,-1,-1,2,0,0,0,0,0,1,0,12,3,8,41.97179493,-87.72798261
0,393020,-1,30,0,0,0,1,12,3,-1,0,0,0,0,-1,-1,-1,21,-1,911,-1,-1,-1,-1,-1,-1,2,0,0,0,0,0,7,0,12,3,8,41.82298421,-87.68502582
0,402349,1,15,0,0,0,1,7,7,-1,0,0,0,0,-1,-1,-1,0,0,2514,-1,-1,-1,-1,-1,-1,2,0,0,0,0,0,1,0,12,3,8,41.93797148,-87.7666235
0,395784,-1,30,0,0,0,1,10,6,1,0,0,-1,0,-1,-1,-1,0,-1,1934,-1,-1,-1,-1,-1,-1,2,0,0,0,0,0,2,0,12,3,8,41.9401767,-87.63781746
0,394847,-1,30,1,2,0,1,10,12,-1,0,-1,-1,0,-1,-1,-1,20,0,1925,-1,-1,-1,-1,-1,-1,2,0,0,0,0,0,2,0,12,3,8,41.95476962,-87.64419973
0,393184,-1,30,1,2,0,1,14,5,4,0,0,0,0,-1,-1,1,23,23,1433,-1,-1,-1,-1,-1,-1,2,0,0,0,0,0,2,0,12,3,8,41.9149169,-87.66544116
0,393175,-1,30,2,-1,-1,1,0,2,-1,0,0,-1,0,1,-1,-1,5,-1,1434,-1,-1,-1,-1,-1,-1,2,0,0,0,0,0,2,0,12,3,8,41.91773901,-87.67281858
0,393022,-1,30,0,0,0,1,12,5,4,0,0,0,0,-1,-1,-1,0,-1,832,-1,-1,-1,-1,-1,-1,2,0,0,0,0,0,4,0,12,3,8,41.77511657,-87.68338584
0,392996,-1,30,0,0,0,1,10,2,4,0,0,0,0,-1,-1,-1,18,0,1433,-1,-1,-1,-1,-1,-1,2,0,0,0,0,0,4,0,12,3,8,41.90872874,-87.66749176
0,392984,-1,30,1,2,0,1,10,5,-1,0,0,-1,0,-1,-1,-1,0,0,1512,-1,-1,-1,-1,-1,-1,2,0,0,0,0,0,2,0,11,3,8,41.88413341,-87.77463996
0,393822,-1,30,0,0,0,1,7,5,-1,0,0,0,0,-1,-1,-1,20,-1,822,-1,-1,-1,-1,-1,-1,2,0,0,0,0,0,1,0,11,3,8,41.79178654,-87.70365423
0,393087,-1,10,0,0,0,1,7,7,-1,0,-1,-1,0,-1,1,-1,0,-1,131,-1,-1,-1,-1,-1,-1,2,0,0,0,0,0,1,0,11,3,8,41.85580628,-87.62845668
0,393002,-1,30,1,2,0,1,14,5,4,0,0,0,0,-1,-1,-1,0,0,824,-1,-1,-1,-1,-1,-1,2,0,0,0,0,0,2,0,11,3,8,41.78664476,-87.68386593
0,402978,-1,30,0,0,0,1,10,5,4,0,0,0,0,-1,-1,-1,18,0,1614,-1,-1,-1,-1,-1,-1,2,0,0,0,0,0,2,0,11,3,8,41.97589642,-87.83676993
0,393051,-1,30,1,2,0,1,12,5,3,0,-1,-1,0,-1,-1,-1,21,22,1925,-1,-1,-1,-1,-1,-1,2,0,0,0,0,0,2,0,11,3,8,41.95455399,-87.64495423
0,393015,-1,30,0,0,0,1,10,12,2,0,0,0,0,-1,-1,-1,18,0,835,-1,-1,-1,-1,-1,-1,2,0,0,0,0,0,2,0,11,3,8,41.74160771,-87.70202725
0,393012,-1,30,1,2,0,1,14,2,-1,0,0,0,0,-1,-1,1,10,14,2211,-1,-1,-1,-1,-1,-1,2,0,0,0,0,0,2,0,11,3,8,41.69176927,-87.70098184
0,392949,-1,25,2,2,0,1,14,5,-1,3,0,0,0,-1,-1,-1,23,23,1925,-1,-1,-1,-1,-1,-1,2,0,0,0,0,0,2,0,11,3,8,41.94090916,-87.63936916
0,392969,-1,30,0,0,0,2,10,6,1,0,0,0,0,-1,-1,-1,16,-1,1532,-1,-1,-1,-1,-1,-1,2,0,0,0,0,0,2,0,11,3,8,41.89215357,-87.74648231
0,392944,-1,30,0,0,0,1,0,5,2,0,0,0,0,-1,-1,-1,23,23,1111,-1,-1,-1,-1,-1,-1,2,0,0,0,0,0,2,0,11,3,8,41.89880207,-87.73618813
0,392966,-1,30,2,2,0,1,0,5,2,0,0,0,0,1,-1,-1,17,-1,1622,-1,-1,-1,-1,-1,-1,2,0,0,0,0,0,3,0,11,3,8,41.98302366,-87.78363025
0,392947,-1,30,1,2,0,1,14,5,-1,0,0,0,0,1,-1,-1,17,-1,815,-1,-1,-1,-1,-1,-1,2,0,0,0,0,0,3,0,11,3,8,41.81530459,-87.72392525
0,394205,-1,30,0,0,0,1,7,5,2,0,0,0,0,-1,-1,1,12,12,2512,-1,-1,-1,-1,-1,-1,2,0,0,0,0,0,1,0,11,3,8,41.92193099,-87.77579763
0,393057,-1,30,0,0,0,1,5,2,2,0,0,12,0,-1,-1,-1,28,-1,412,-1,-1,-1,1,1,-1,1,0,0,0,0,0,1,0,11,3,8,41.73711321,-87.57942447
0,392994,-1,30,1,2,0,1,10,5,4,0,0,0,0,1,-1,-1,0,0,1422,-1,-1,-1,-1,-1,-1,3,0,0,0,0,0,4,0,11,3,8,41.90994334,-87.71194978
0,392915,-1,30,0,0,0,1,12,5,-1,0,0,0,0,0,-1,-1,0,0,2433,0,-1,-1,-1,-1,-1,2,0,0,0,0,0,2,0,11,3,8,41.99475849,-87.67030923
0,392917,-1,30,1,2,0,1,12,5,2,0,0,0,0,-1,-1,-1,17,-1,1412,-1,-1,-1,-1,-1,-1,2,0,0,0,0,0,2,0,10,3,8,41.9297072,-87.70868445
0,392931,-1,30,1,1,0,1,14,2,2,0,0,0,0,-1,-1,-1,-1,-1,914,-1,-1,-1,-1,-1,-1,2,0,0,0,0,0,2,0,10,3,8,41.85294424,-87.63702529
0,392922,-1,15,0,0,0,1,2,0,-1,0,0,0,0,-1,-1,-1,-1,-1,611,-1,-1,-1,-1,-1,-1,1,0,0,0,0,0,2,0,10,3,8,41.75252503,-87.67720494
2,392873,-1,30,0,0,0,1,10,2,-1,0,0,0,1,-1,-1,-1,7,-1,923,-1,-1,-1,-1,-1,-1,2,1,0,0,1,0,6,0,10,3,8,41.80010768,-87.70359976
0,392978,-1,35,1,2,0,1,14,2,-1,0,0,0,1,1,-1,-1,23,-1,2221,-1,-1,-1,-1,-1,-1,2,0,0,0,0,0,2,0,10,3,8,41.73567912,-87.66312288
0,395753,-1,10,0,0,0,1,7,7,-1,0,0,0,0,-1,-1,1,0,-1,433,-1,-1,-1,-1,-1,-1,2,0,0,0,0,0,1,0,10,3,8,41.68355441,-87.54521874
0,393058,-1,30,0,0,0,1,7,5,-1,0,-1,-1,0,-1,-1,1,0,-1,914,-1,-1,-1,-1,-1,-1,2,0,0,0,0,0,1,0,10,3,8,41.83981865,-87.63287552
0,392909,-1,30,0,0,0,1,12,2,-1,0,0,0,0,-1,-1,1,17,22,2514,1,-1,-1,-1,-1,-1,2,0,0,0,0,0,2,0,10,3,8,41.93852208,-87.7621278
0,392846,-1,30,2,2,0,1,0,2,-1,0,0,0,0,1,-1,-1,17,-1,1622,-1,-1,-1,-1,-1,-1,2,0,0,0,0,0,3,0,10,3,8,41.97460714,-87.78304145
0,392830,-1,15,0,0,0,1,2,0,-1,0,12,0,0,-1,1,-1,11,-1,2233,-1,-1,-1,-1,-1,-1,1,0,0,0,0,0,1,0,10,3,8,41.69959498,-87.63711588
0,393085,-1,30,0,0,0,3,7,5,2,0,0,0,0,-1,-1,1,0,-1,822,-1,-1,-1,-1,-1,-1,2,0,0,0,0,0,1,0,10,3,8,41.78585978,-87.72093113
0,392818,-1,30,0,0,0,1,7,12,-1,0,0,0,0,-1,1,1,0,-1,915,-1,-1,-1,-1,-1,-1,2,0,0,0,0,0,1,0,10,3,8,41.82449433,-87.65096041
0,392845,-1,30,1,2,0,1,14,5,-1,0,0,0,0,1,-1,-1,16,0,1922,-1,-1,-1,-1,-1,-1,2,0,0,0,0,0,2,0,9,3,8,41.94684991,-87.67123062
0,392951,-1,10,0,0,0,1,5,0,1,0,0,0,0,-1,1,-1,0,-1,1631,-1,-1,-1,-1,-1,-1,1,0,0,0,0,0,1,0,9,3,8,41.95169095,-87.82681659
0,392904,-1,25,2,0,0,1,8,6,-1,0,0,0,0,-1,-1,-1,0,-1,2511,-1,-1,-1,-1,-1,-1,2,0,0,0,0,0,2,0,9,3,8,41.93294107,-87.78581353
0,392980,-1,30,0,0,0,1,12,5,-1,0,0,0,0,-1,-1,-1,0,-1,1832,-1,-1,-1,-1,-1,-1,2,0,0,0,0,0,3,0,9,3,8,41.8964907,-87.63385675
0,392834,-1,25,0,0,0,1,7,6,3,0,0,0,0,-1,-1,1,0,0,1731,-1,-1,-1,-1,-1,-1,2,0,0,0,0,0,1,0,9,3,8,41.94683315,-87.73391293
1,392755,-1,30,0,0,0,1,14,3,2,0,0,-1,1,-1,-1,-1,23,-1,1214,-1,-1,-1,-1,-1,-1,2,1,0,0,0,1,3,0,9,3,8,41.88893955,-87.64759934
0,393093,-1,30,0,0,0,1,0,5,-1,0,0,0,0,-1,-1,-1,0,0,1224,-1,-1,-1,-1,-1,-1,2,0,0,0,0,0,2,0,9,3,8,41.88303934,-87.64717364
0,392792,-1,30,0,0,0,1,7,6,3,0,0,0,0,-1,-1,1,0,0,1834,-1,-1,-1,-1,-1,-1,2,0,0,0,0,0,1,0,9,3,8,41.89188944,-87.62157249
0,392787,-1,25,0,0,0,1,14,5,-1,0,0,0,1,-1,-1,-1,17,-1,2411,-1,-1,-1,-1,-1,-1,2,0,0,0,0,0,2,0,9,3,8,42.01201576,-87.7069401
1,392767,-1,30,2,2,0,1,10,2,4,0,0,0,1,-1,-1,-1,17,-1,1231,-1,-1,-1,-1,-1,-1,2,3,0,0,0,3,2,0,9,3,8,41.86930243,-87.67135568
2,392802,-1,25,0,0,0,1,7,5,2,0,0,0,1,-1,-1,-1,0,0,234,-1,-1,-1,-1,-1,-1,2,1,0,0,1,0,0,0,8,3,8,41.79917153,-87.58565667
0,392754,-1,20,0,0,0,1,12,6,-1,0,0,0,0,-1,-1,-1,22,-1,2013,-1,-1,-1,-1,-1,-1,2,0,0,0,0,0,2,0,8,3,8,41.98981323,-87.66920202
0,392776,-1,30,0,0,0,1,12,5,-1,0,0,0,1,-1,-1,-1,-1,-1,423,-1,-1,-1,-1,-1,-1,2,0,0,0,0,0,2,0,8,3,8,41.73227501,-87.55145238
0,392775,-1,25,0,0,0,1,7,5,2,0,0,0,0,-1,-1,-1,-1,-1,114,-1,-1,-1,-1,-1,-1,2,0,0,0,0,0,1,0,8,3,8,41.88680041,-87.62224306
1,392756,-1,30,2,2,0,1,0,6,-1,0,0,0,1,1,-1,-1,17,-1,825,-1,-1,-1,-1,-1,-1,3,3,0,0,0,3,1,0,8,3,8,41.77569039,-87.68604599
0,403085,-1,30,1,2,0,1,4,5,-1,0,0,1,0,-1,-1,-1,29,28,813,-1,-1,-1,-1,-1,-1,1,0,0,0,0,0,1,0,8,3,8,41.78571259,-87.74119514
0,392831,-1,30,0,0,0,1,7,5,-1,0,0,0,0,-1,-1,-1,7,7,211,-1,-1,-1,-1,-1,-1,2,0,0,0,0,0,1,0,8,3,8,41.83752247,-87.61839513
0,392805,-1,30,1,2,0,1,14,5,2,0,0,0,0,-1,-1,1,18,0,1215,-1,-1,-1,-1,-1,-1,2,0,0,0,0,0,2,0,8,3,8,41.88704005,-87.6671585
-1,392722,-1,30,1,2,0,1,14,2,0,0,0,0,1,1,-1,-1,17,25,124,-1,-1,-1,-1,-1,-1,-1,-1,-1,-1,-1,-1,-1,-1,8,3,8,41.86986494,-87.63935483
0,392700,-1,20,0,0,0,1,7,5,-1,0,0,0,0,-1,-1,1,7,18,1112,0,-1,-1,-1,-1,-1,2,0,0,0,0,0,2,0,8,3,8,41.90097452,-87.7242373
0,392727,-1,20,0,0,0,1,7,6,1,0,0,0,0,-1,-1,-1,0,0,824,-1,-1,-1,-1,-1,-1,2,0,0,0,0,0,1,0,8,3,8,41.78676729,-87.68736051
0,393494,-1,30,0,0,0,1,10,6,2,0,0,0,0,-1,-1,-1,21,-1,132,-1,-1,-1,-1,-1,-1,2,0,0,0,0,0,2,0,8,3,8,41.84918169,-87.62356577
1,392748,-1,30,1,2,0,1,10,3,2,0,0,0,1,1,-1,-1,16,18,411,-1,-1,-1,-1,-1,-1,3,2,0,0,0,2,2,0,8,3,8,41.75826752,-87.59525173
1,393582,-1,30,3,2,0,1,8,5,2,0,0,0,1,-1,-1,-1,4,0,1831,-1,-1,-1,-1,-1,-1,2,1,0,0,0,1,1,0,8,3,8,41.88993991,-87.6341743
0,392745,-1,15,0,0,0,1,14,0,-1,0,0,0,0,1,-1,-1,17,17,2024,-1,-1,-1,-1,-1,-1,2,0,0,0,0,0,2,0,8,3,8,41.96998687,-87.65469604
0,392744,-1,30,1,2,0,1,3,5,5,0,0,0,0,1,-1,-1,20,-1,1632,-1,-1,-1,-1,-1,-1,2,0,0,0,0,0,2,0,8,3,8,41.96010649,-87.78686349
2,392706,-1,30,2,2,0,1,0,2,2,0,0,0,1,1,-1,-1,17,0,2513,-1,-1,-1,-1,-1,-1,2,1,0,0,1,0,2,0,8,3,8,41.91257298,-87.79475252
0,393049,-1,30,0,0,0,1,12,5,4,0,0,-1,0,-1,-1,-1,0,0,2033,-1,-1,-1,-1,-1,-1,2,0,0,0,0,0,2,0,8,3,8,41.97627975,-87.65971813
0,392696,-1,30,1,2,0,1,10,5,2,0,0,0,1,-1,-1,-1,18,-1,1922,0,-1,-1,-1,-1,-1,2,0,0,0,0,0,2,0,8,3,8,41.94675926,-87.67820329
0,392711,-1,30,0,0,0,1,4,7,-1,0,0,0,1,-1,-1,-1,12,0,133,-1,-1,-1,-1,-1,-1,1,0,0,0,0,0,1,0,8,3,8,41.84572829,-87.62378527
0,392758,-1,30,0,0,0,1,7,5,2,0,0,0,1,-1,-1,-1,12,-1,1122,-1,-1,-1,-1,-1,-1,2,0,0,0,0,0,2,0,8,3,8,41.88391305,-87.72570286
0,393443,-1,30,0,0,0,1,10,5,-1,0,0,-1,0,-1,-1,-1,18,0,1731,-1,-1,-1,-1,-1,-1,2,0,0,0,0,0,2,0,8,3,8,41.94270633,-87.72954072
0,392804,-1,30,0,0,0,-1,7,5,1,0,-1,0,0,-1,-1,1,16,0,2513,-1,-1,-1,-1,-1,-1,2,0,0,0,0,0,1,0,8,3,8,41.91341825,-87.77683076
0,392681,-1,30,0,0,0,1,12,2,-1,0,0,0,0,-1,-1,-1,17,22,1623,-1,-1,-1,-1,-1,-1,2,0,0,0,0,0,3,0,7,3,8,41.97320775,-87.74867359
0,392893,-1,30,0,0,0,1,14,5,2,0,0,0,0,-1,-1,-1,0,0,1931,-1,-1,-1,-1,-1,-1,2,0,0,0,0,0,3,0,7,3,8,41.93588729,-87.68333415
0,406594,-1,30,0,0,0,1,12,6,2,0,0,0,0,-1,-1,-1,0,0,122,-1,-1,-1,1,2,-1,2,0,0,0,0,0,2,0,7,3,8,41.87861931,-87.63389185
0,392724,-1,30,1,2,0,1,8,2,-1,0,0,0,0,-1,-1,-1,17,11,1121,-1,-1,-1,-1,-1,-1,2,0,0,0,0,0,2,0,7,3,8,41.89557484,-87.7159173
0,392674,-1,30,0,0,0,1,14,5,-1,0,0,0,1,-1,-1,-1,23,11,1931,-1,-1,-1,-1,-1,-1,2,0,0,0,0,0,2,0,7,3,8,41.9349958,-87.68209372
0,392669,-1,30,0,0,0,1,12,2,-1,0,0,2,1,-1,-1,-1,21,-1,922,-1,-1,-1,-1,-1,-1,2,0,0,0,0,0,2,0,7,3,8,41.8082954,-87.70000118
0,392659,-1,30,1,2,0,1,12,3,3,0,0,0,1,1,-1,-1,23,-1,211,-1,-1,-1,-1,-1,-1,2,0,0,0,0,0,2,0,7,3,8,41.83833328,-87.61697489
1,392666,-1,30,0,0,0,1,10,5,-1,0,0,0,1,-1,-1,-1,18,-1,1221,-1,-1,-1,1,2,1,2,1,0,0,0,1,1,0,7,3,8,41.89569925,-87.68297976
0,393311,-1,30,-1,-1,0,1,10,5,2,0,-1,-1,0,-1,-1,-1,18,-1,1222,-1,-1,-1,-1,-1,-1,2,0,0,0,0,0,3,0,7,3,8,41.8835545,-87.7060482
0,392679,-1,30,1,2,0,1,10,3,6,0,0,0,0,-1,-1,1,0,-1,815,-1,-1,-1,-1,-1,-1,2,0,0,0,0,0,3,0,7,3,8,41.8119896,-87.74312825
1,392655,-1,30,1,2,0,1,14,5,2,0,0,0,1,-1,-1,-1,23,22,1622,-1,-1,-1,-1,-1,-1,2,2,0,0,0,2,1,0,7,3,8,41.97555873,-87.77823866
0,392656,-1,35,2,0,0,1,14,5,2,0,0,0,0,-1,-1,-1,7,0,212,-1,-1,-1,-1,-1,-1,2,0,0,0,0,0,2,0,6,3,8,41.82391453,-87.61451183
0,393604,-1,30,0,0,0,1,7,5,2,0,0,0,0,-1,-1,1,0,-1,831,-1,-1,-1,-1,-1,-1,2,0,0,0,0,0,1,0,6,3,8,41.77182013,-87.70057474
2,392654,-1,30,0,0,0,1,14,5,4,0,0,0,1,1,-1,1,17,0,331,-1,-1,-1,-1,-1,-1,2,1,0,0,1,0,1,0,6,3,8,41.77553108,-87.58390645
0,393568,-1,30,-1,-1,-1,-1,7,5,-1,0,0,0,0,-1,-1,-1,-1,-1,821,-1,-1,-1,-1,-1,-1,2,0,0,0,0,0,1,0,6,3,8,41.80606148,-87.71877263
0,393401,-1,30,0,0,0,1,7,5,-1,0,0,0,0,-1,-1,1,0,0,411,-1,-1,-1,-1,-1,-1,2,0,0,0,0,0,1,0,6,3,8,41.75755696,-87.59091494
0,392670,-1,30,0,0,0,1,7,5,2,0,0,0,0,-1,-1,-1,0,0,1424,-1,-1,-1,-1,-1,-1,2,0,0,0,0,0,1,0,6,3,8,41.903675,-87.6722391
0,393341,-1,30,0,0,0,1,7,2,2,0,0,-1,0,-1,-1,-1,0,0,2423,-1,-1,-1,-1,-1,-1,2,0,0,0,0,0,1,0,6,3,8,42.01272082,-87.66339137
3,392621,-1,30,1,2,0,2,14,1,5,0,0,0,1,1,-1,-1,17,17,1432,-1,-1,-1,-1,-1,-1,2,3,0,1,0,2,0,0,5,3,8,41.92513494,-87.67796355
0,392682,-1,30,1,2,0,4,10,2,2,0,0,0,0,1,-1,-1,18,0,1623,-1,-1,-1,-1,-1,-1,2,0,0,0,0,0,4,0,5,3,8,41.97513522,-87.75534215
0,392620,-1,30,0,0,0,2,7,5,2,0,0,4,0,-1,-1,-1,0,0,234,-1,-1,-1,-1,-1,-1,2,0,0,0,0,0,1,0,5,3,8,41.79783147,-87.58920227
0,392632,-1,0,0,0,0,3,10,3,-1,0,12,12,0,-1,-1,1,0,-1,834,-1,-1,-1,1,2,-1,2,0,0,0,0,0,2,0,5,3,8,41.74939509,-87.73674195
0,392597,-1,35,0,0,0,3,2,5,1,0,0,0,0,-1,-1,-1,-1,-1,1512,-1,-1,-1,-1,-1,-1,1,0,0,0,0,0,1,0,4,3,8,41.88565367,-87.77468835
0,392594,-1,30,1,2,0,3,0,2,4,0,0,0,0,1,-1,1,6,0,1213,-1,-1,-1,-1,-1,-1,2,0,0,0,0,0,2,0,3,3,8,41.89611387,-87.66743958
0,392592,-1,20,0,0,-1,-1,7,6,1,0,-1,-1,0,0,-1,0,0,0,2515,-1,-1,-1,-1,-1,-1,2,0,0,0,0,0,1,0,3,3,8,41.92076403,-87.77332194
0,392565,1,30,2,2,0,3,14,6,1,0,0,0,1,-1,-1,1,17,0,1533,-1,-1,-1,-1,-1,-1,2,0,0,0,0,0,2,0,2,3,8,41.87213061,-87.74932967
0,392558,-1,30,0,0,0,3,7,7,-1,0,0,0,0,-1,0,1,20,-1,1823,-1,-1,-1,-1,-1,-1,2,0,0,0,0,0,1,0,2,3,8,41.90089775,-87.63719189
2,392538,-1,45,1,2,0,3,0,3,-1,0,0,0,1,1,-1,-1,6,-1,1833,-1,-1,-1,-1,-1,-1,2,1,0,0,1,0,3,0,1,3,8,41.89682805,-87.6172077
0,393110,-1,35,1,2,0,1,10,5,-1,0,0,0,0,-1,-1,-1,11,-1,411,-1,-1,-1,-1,-1,-1,2,0,0,0,0,0,2,0,1,3,8,41.75324131,-87.58621999
0,392926,-1,30,0,0,0,3,7,6,1,0,-1,0,0,-1,-1,1,0,-1,1614,-1,-1,-1,-1,-1,-1,2,0,0,0,0,0,1,0,1,3,8,41.97589161,-87.84409108
0,392524,-1,35,0,0,0,0,7,6,1,0,0,0,1,-1,-1,1,32,32,624,-1,1,-1,-1,-1,-1,4,0,0,0,0,0,1,0,0,3,8,41.75293122,-87.60294154
0,392505,-1,20,0,0,0,3,7,6,1,0,0,0,0,-1,-1,-1,20,16,823,-1,-1,-1,-1,-1,-1,2,0,0,0,0,0,1,0,0,3,8,41.78272237,-87.70276573
0,392498,-1,30,1,2,0,3,5,3,4,0,0,0,1,-1,-1,-1,-1,-1,815,-1,-1,-1,-1,-1,-1,1,0,0,0,0,0,1,0,0,3,8,41.82256384,-87.72418748
0,392496,-1,30,1,2,0,3,0,5,4,0,0,0,0,1,-1,1,6,14,1533,-1,-1,-1,-1,-1,-1,2,0,0,0,0,0,2,0,0,3,8,41.88056088,-87.74542684
0,393310,-1,30,0,0,0,1,5,5,-1,0,0,-1,0,-1,-1,-1,0,0,413,-1,-1,-1,-1,-1,-1,2,0,0,0,0,0,1,0,0,3,8,41.73179543,-87.56822938
3,392502,-1,30,1,2,0,3,10,8,3,0,0,0,1,0,-1,1,-1,-1,322,-1,-1,-1,-1,-1,-1,2,1,0,1,0,0,1,0,23,2,8,41.76546907,-87.62475894
0,392523,-1,35,1,2,0,3,10,3,-1,0,0,0,0,1,-1,-1,0,-1,131,-1,-1,-1,-1,-1,-1,2,0,0,0,0,0,2,0,23,2,8,41.86733051,-87.62756602
1,392481,-1,30,1,2,0,3,0,5,4,0,0,0,1,1,1,-1,6,-1,1222,1,1,-1,-1,-1,-1,2,2,0,0,0,2,2,0,23,2,8,41.88212773,-87.68660594
0,392492,-1,30,0,0,0,0,11,5,-1,0,0,-1,0,-1,-1,-1,0,-1,1723,-1,-1,-1,-1,-1,-1,2,0,0,0,0,0,2,0,23,2,8,41.96479928,-87.71829323
0,394232,-1,30,0,0,0,0,7,5,2,0,0,0,0,-1,-1,-1,0,5,2424,-1,-1,-1,-1,-1,-1,2,0,0,0,0,0,1,0,23,2,8,42.01250832,-87.67561347
0,394277,-1,30,0,0,0,0,14,5,-1,0,0,0,0,-1,-1,1,0,-1,1634,-1,-1,-1,-1,-1,-1,2,0,0,0,0,0,2,0,22,2,8,41.9532033,-87.75604874
2,392460,-1,30,2,2,0,3,14,5,-1,3,0,0,1,-1,-1,1,14,0,1622,-1,-1,-1,-1,-1,-1,3,1,0,0,1,0,4,0,22,2,8,41.97228317,-87.76868962