MOST_SEVERE_INJURY,RD_NO,CRASH_DATE_EST_I,POSTED_SPEED_LIMIT,TRAFFIC_CONTROL_DEVICE,DEVICE_CONDITION,WEATHER_CONDITION,LIGHTING_CONDITION,FIRST_CRASH_TYPE,TRAFFICWAY_TYPE,LANE_CNT,ALIGNMENT,ROADWAY_SURFACE_COND,ROAD_DEFECT,CRASH_TYPE,INTERSECTION_RELATED_I,NOT_RIGHT_OF_WAY_I,HIT_AND_RUN_I,PRIM_CONTRIBUTORY_CAUSE,SEC_CONTRIBUTORY_CAUSE,BEAT_OF_OCCURRENCE,PHOTOS_TAKEN_I,STATEMENTS_TAKEN_I,DOORING_I,WORK_ZONE_I,WORK_ZONE_TYPE,WORKERS_PRESENT_I,NUM_UNITS,INJURIES_TOTAL,INJURIES_FATAL,INJURIES_INCAPACITATING,INJURIES_NON_INCAPACITATING,INJURIES_REPORTED_NOT_EVIDENT,INJURIES_NO_INDICATION,INJURIES_UNKNOWN,CRASH_HOUR,CRASH_DAY_OF_WEEK,CRASH_MONTH,LATITUDE,LONGITUDE
0,392445,-1,30,1,2,0,3,10,5,-1,0,0,0,0,-1,-1,-1,18,16,1722,-1,-1,-1,-1,-1,-1,2,0,0,0,0,0,6,0,22,2,8,41.96813179,-87.72808676
2,392424,-1,30,1,2,0,0,8,2,2,0,0,-1,1,1,-1,-1,0,-1,1433,-1,-1,-1,-1,-1,-1,2,1,0,0,1,0,1,0,22,2,8,41.910707,-87.66232725
2,392422,-1,30,1,2,0,3,0,12,4,2,0,0,1,1,-1,-1,12,6,225,-1,-1,-1,-1,-1,-1,3,6,0,0,6,0,1,0,22,2,8,-1,-1
0,392458,-1,30,2,2,0,3,14,12,2,0,0,0,0,1,-1,-1,23,23,821,-1,-1,-1,-1,-1,-1,2,0,0,0,0,0,2,0,22,2,8,41.80809777,-87.71429136
0,394436,-1,10,0,0,0,0,7,5,-1,0,0,0,0,-1,-1,1,0,0,533,-1,-1,-1,-1,-1,-1,3,0,0,0,0,0,1,0,22,2,8,41.65647437,-87.59695969
0,392446,-1,15,0,0,0,3,10,7,-1,0,0,0,0,-1,-1,-1,17,18,935,-1,-1,-1,-1,-1,-1,2,0,0,0,0,0,2,0,22,2,8,41.79463883,-87.63226705
0,393915,-1,30,1,2,0,3,10,2,-1,0,0,0,0,-1,-1,-1,0,-1,331,-1,-1,-1,-1,-1,-1,2,0,0,0,0,0,2,0,21,2,8,41.78801179,-87.58505436
0,392376,-1,30,0,0,0,0,7,5,2,0,0,0,0,-1,-1,1,0,0,1511,-1,-1,-1,-1,-1,-1,2,0,0,0,0,0,1,0,21,2,8,41.90189763,-87.77471061
0,392420,-1,35,1,1,0,3,10,5,-1,3,0,0,1,-1,-1,1,25,0,1623,-1,-1,-1,-1,-1,-1,3,0,0,0,0,0,7,0,21,2,8,41.96821943,-87.74787317
-1,392400,-1,20,0,0,0,0,7,6,1,0,0,0,0,-1,-1,-1,11,-1,1431,-1,-1,-1,-1,-1,-1,2,-1,-1,-1,-1,-1,-1,-1,21,2,8,41.91938345,-87.68907394
0,392361,-1,30,0,0,0,3,7,5,2,0,0,0,0,-1,-1,1,0,-1,1632,-1,-1,-1,-1,-1,-1,2,0,0,0,0,0,1,0,21,2,8,41.94818981,-87.80696105
0,392417,-1,30,1,2,0,0,10,5,-1,0,0,0,0,-1,-1,1,18,-1,2511,-1,-1,-1,-1,-1,-1,2,0,0,0,0,0,2,0,21,2,8,41.9311447,-87.78339989
2,392346,-1,30,2,2,0,3,10,5,2,0,0,0,1,-1,-1,1,0,0,213,-1,-1,-1,-1,-1,-1,2,3,0,0,3,0,2,0,21,2,8,41.82658225,-87.62494684
2,392364,-1,35,0,0,0,0,9,5,2,0,0,0,1,-1,-1,-1,-1,-1,1631,-1,-1,-1,-1,-1,-1,3,2,0,0,2,0,1,0,21,2,8,41.94840942,-87.80726356
0,392406,-1,30,0,0,0,3,2,5,2,0,0,1,0,-1,-1,-1,0,0,831,-1,-1,-1,-1,-1,-1,1,0,0,0,0,0,1,0,21,2,8,41.77265019,-87.70313838
0,392341,-1,30,2,-1,0,-1,10,5,2,0,-1,-1,0,1,-1,-1,18,16,2424,-1,-1,-1,-1,-1,-1,2,0,0,0,0,0,2,0,20,2,8,42.00537351,-87.67808313
1,401448,-1,30,0,0,0,4,8,5,4,0,0,0,1,1,-1,1,23,0,922,-1,-1,-1,-1,-1,-1,2,1,0,0,0,1,1,0,20,2,8,41.80501106,-87.68451345
0,392271,-1,30,1,2,0,3,12,2,4,0,0,0,0,-1,-1,-1,11,11,2512,-1,-1,-1,-1,-1,-1,2,0,0,0,0,0,2,0,20,2,8,41.92344354,-87.80082739
0,392297,-1,30,1,2,0,4,10,5,-1,0,0,0,0,-1,-1,1,18,18,831,-1,-1,-1,-1,-1,-1,2,0,0,0,0,0,2,0,20,2,8,41.77167644,-87.70974318
0,393611,-1,30,0,0,0,3,0,7,1,0,-1,-1,0,-1,1,-1,0,0,2024,-1,-1,-1,-1,-1,-1,2,0,0,0,0,0,2,0,20,2,8,41.97338459,-87.65758764
0,392347,-1,30,2,0,0,4,10,5,2,0,0,0,1,-1,-1,1,18,-1,2413,-1,-1,-1,-1,-1,-1,3,0,0,0,0,0,5,0,20,2,8,41.99303272,-87.70906476
0,392298,-1,30,1,-1,0,3,12,3,6,0,0,0,0,-1,-1,-1,0,0,112,-1,1,-1,-1,-1,-1,2,0,0,0,0,0,7,0,20,2,8,41.88089012,-87.62448327
0,392282,-1,25,0,0,0,4,7,6,1,0,0,0,1,-1,-1,-1,0,0,1723,-1,-1,-1,-1,-1,-1,2,0,0,0,0,0,1,0,20,2,8,41.95451405,-87.72504611
0,392310,-1,35,0,0,0,3,7,6,1,0,0,0,0,-1,-1,-1,23,0,332,-1,-1,-1,-1,-1,-1,2,0,0,0,0,0,1,0,19,2,8,41.77288358,-87.58248805
0,392258,-1,30,1,2,0,3,0,5,0,0,0,0,0,1,0,-1,16,0,911,-1,1,-1,-1,-1,-1,2,0,0,0,0,0,3,0,19,2,8,41.83018726,-87.68517793
0,392270,-1,30,1,0,0,4,7,6,-1,0,0,-1,0,-1,-1,1,20,20,1123,-1,-1,-1,-1,-1,-1,2,0,0,0,0,0,1,0,19,2,8,41.8875683,-87.7113224
0,394754,-1,30,1,2,0,1,12,5,-1,0,0,-1,0,-1,-1,-1,11,-1,814,-1,-1,-1,-1,-1,-1,2,0,0,0,0,0,2,0,19,2,8,41.80747379,-87.74329576
0,392205,-1,30,1,2,0,1,12,2,-1,0,0,0,0,-1,-1,1,22,-1,123,-1,1,-1,-1,-1,-1,2,0,0,0,0,0,2,0,19,2,8,41.87304937,-87.62771142
0,392201,-1,15,0,0,0,1,0,7,1,0,0,0,0,-1,1,-1,17,17,821,-1,-1,-1,-1,-1,-1,2,0,0,0,0,0,2,0,18,2,8,41.80391119,-87.70400065
2,392159,-1,30,0,0,0,1,12,6,2,0,0,0,1,-1,-1,-1,25,22,1135,-1,-1,-1,-1,-1,-1,4,1,0,0,1,0,4,0,18,2,8,41.87586779,-87.69636785
0,414899,-1,30,0,0,2,1,12,5,-1,0,1,0,0,-1,-1,-1,21,0,1624,-1,-1,-1,-1,-1,-1,2,0,0,0,0,0,4,0,18,2,8,41.95334862,-87.76227896
0,392253,-1,30,0,0,0,4,10,1,-1,0,0,0,0,-1,-1,-1,16,-1,2513,-1,-1,-1,-1,-1,-1,3,0,0,0,0,0,3,0,18,2,8,41.90904449,-87.80206755
0,392154,-1,30,0,0,0,1,12,2,-1,0,0,0,0,-1,-1,-1,0,0,2535,-1,-1,-1,-1,-1,-1,2,0,0,0,0,0,3,0,18,2,8,41.9098612,-87.71856453
0,392263,-1,30,0,0,0,1,10,5,-1,0,0,0,0,-1,-1,-1,20,18,1834,-1,-1,-1,-1,-1,-1,2,0,0,0,0,0,2,0,18,2,8,41.88962593,-87.6189735
2,392214,-1,30,1,2,0,1,10,2,2,0,0,0,1,-1,-1,-1,16,0,2213,-1,-1,-1,-1,-1,-1,2,1,0,0,1,0,2,0,18,2,8,41.70650461,-87.67970232
0,392127,-1,30,0,0,0,1,7,6,4,0,0,0,0,-1,-1,-1,22,-1,122,-1,-1,-1,-1,-1,-1,2,0,0,0,0,0,1,0,18,2,8,41.87947786,-87.63531103
1,392352,-1,30,1,-1,0,-1,10,5,4,0,-1,-1,1,1,-1,-1,18,16,1911,-1,-1,-1,-1,-1,-1,2,2,0,0,0,2,1,0,18,2,8,41.95412058,-87.68861615
0,392146,-1,30,2,2,0,1,12,3,3,0,0,0,0,-1,-1,-1,18,-1,1834,-1,-1,-1,-1,-1,-1,2,0,0,0,0,0,3,0,18,2,8,41.89252048,-87.62403741
0,392123,-1,30,1,2,0,1,14,5,4,0,0,0,1,1,-1,-1,12,0,1921,-1,-1,-1,-1,-1,-1,2,0,0,0,0,0,5,0,18,2,8,41.94318737,-87.68830202
0,394861,-1,30,0,0,0,2,12,5,-1,0,0,0,0,-1,-1,-1,-1,-1,823,-1,-1,-1,-1,-1,-1,2,0,0,0,0,0,2,0,18,2,8,41.77894575,-87.70328312
0,392194,-1,30,0,0,0,1,7,6,1,0,0,0,0,-1,-1,-1,0,-1,1523,-1,-1,-1,-1,-1,-1,2,0,0,0,0,0,1,0,18,2,8,41.88384627,-87.76151791
0,392141,-1,25,0,0,0,1,7,6,1,0,0,-1,0,-1,-1,-1,0,-1,2212,-1,-1,-1,-1,-1,-1,2,0,0,0,0,0,1,0,18,2,8,41.6908511,-87.68712542
0,392108,-1,30,2,2,0,1,14,2,-1,0,0,-1,0,1,-1,-1,0,0,131,-1,-1,-1,-1,-1,-1,2,0,0,0,0,0,4,0,18,2,8,41.85417788,-87.62725836
3,392091,-1,30,0,0,0,1,8,5,2,0,0,0,1,-1,-1,-1,5,-1,2232,-1,-1,-1,-1,-1,-1,2,1,0,1,0,0,1,0,17,2,8,41.71041686,-87.64764197
0,392134,-1,30,1,2,0,1,12,5,-1,0,0,0,0,1,-1,-1,0,0,1424,-1,-1,-1,-1,-1,-1,2,0,0,0,0,0,2,0,17,2,8,41.9072586,-87.67281319
0,392096,-1,30,0,0,0,1,0,5,2,0,0,0,0,-1,-1,-1,17,-1,1031,-1,-1,-1,-1,-1,-1,2,0,0,0,0,0,4,0,17,2,8,41.83496693,-87.72365052
0,392076,-1,30,1,2,0,1,10,5,-1,0,0,0,0,1,-1,-1,0,0,1834,-1,-1,-1,-1,-1,-1,2,0,0,0,0,0,2,0,17,2,8,41.8895322,-87.6205551
0,392073,-1,30,0,0,0,1,14,2,2,0,0,0,0,-1,-1,-1,23,-1,822,-1,-1,-1,-1,-1,-1,2,0,0,0,0,0,2,0,17,2,8,41.7879702,-87.70354447
0,392067,-1,35,0,0,0,1,12,5,4,0,0,0,0,-1,-1,-1,22,0,222,-1,-1,-1,-1,-1,-1,2,0,0,0,0,0,2,0,17,2,8,41.80952607,-87.597405
2,392049,-1,30,0,0,0,1,8,5,-1,0,0,0,1,-1,-1,-1,7,-1,1211,-1,-1,-1,-1,-1,-1,2,1,0,0,1,0,2,0,17,2,8,41.90236936,-87.69671978
0,392040,-1,10,0,0,0,1,7,7,-1,0,0,0,0,-1,-1,1,-1,-1,1434,-1,-1,-1,-1,-1,-1,2,0,0,0,0,0,1,0,17,2,8,41.91334247,-87.68182248
0,392105,-1,15,1,2,0,1,14,5,-1,0,0,0,0,1,-1,-1,17,17,833,-1,-1,-1,-1,-1,-1,2,0,0,0,0,0,2,0,17,2,8,41.77127482,-87.73967651
0,397362,-1,30,0,0,0,1,10,5,2,0,0,0,0,-1,-1,-1,18,-1,1632,-1,-1,-1,-1,-1,-1,2,0,0,0,0,0,2,0,17,2,8,41.95285225,-87.79633414
0,393847,-1,30,0,0,0,1,10,3,-1,5,0,0,0,-1,-1,-1,0,-1,1834,-1,-1,-1,-1,-1,-1,2,0,0,0,0,0,2,0,17,2,8,41.89262794,-87.61426222
0,392718,-1,30,0,0,0,1,10,5,2,0,0,-1,0,-1,-1,1,18,0,1925,-1,-1,-1,0,-1,-1,2,0,0,0,0,0,2,0,17,2,8,41.94018955,-87.63970198
0,392174,-1,35,0,0,0,1,7,5,1,0,0,0,0,-1,-1,-1,0,0,1424,-1,-1,-1,-1,-1,-1,2,0,0,0,0,0,1,0,17,2,8,41.90840094,-87.67415126
0,392074,-1,30,1,2,0,1,10,3,-1,0,0,0,0,1,-1,-1,18,16,133,-1,-1,-1,-1,-1,-1,2,0,0,0,0,0,2,0,17,2,8,41.8455204,-87.62710659
1,392047,-1,30,0,0,0,1,12,2,2,0,0,0,1,-1,-1,-1,0,0,1633,-1,-1,-1,-1,-1,-1,2,1,0,0,0,1,2,0,17,2,8,41.94621316,-87.76691492
2,392028,-1,30,0,0,0,1,9,5,4,0,0,0,1,-1,-1,-1,33,-1,1214,-1,-1,-1,-1,-1,-1,2,1,0,0,1,0,1,0,17,2,8,41.89126522,-87.65005572
2,394418,1,30,2,2,0,1,8,5,-1,0,0,0,1,-1,-1,-1,17,17,1621,-1,-1,-1,-1,-1,-1,2,1,0,0,1,0,1,0,17,2,8,42.01191633,-87.77430039
0,393263,-1,30,0,0,0,1,10,5,-1,0,0,0,0,-1,-1,-1,0,0,1814,-1,-1,-1,-1,-1,-1,2,0,0,0,0,0,2,0,17,2,8,41.92600504,-87.63130434
1,392095,-1,30,2,2,0,1,0,2,2,0,0,0,1,1,-1,1,17,5,2522,-1,-1,-1,-1,-1,-1,2,1,0,0,0,1,1,0,17,2,8,41.91891792,-87.73652546
0,392097,-1,30,0,-1,0,1,10,5,2,0,0,-1,0,-1,-1,-1,18,-1,424,-1,-1,-1,-1,-1,-1,2,0,0,0,0,0,2,0,17,2,8,41.73021474,-87.54846921
0,392036,-1,30,1,2,0,1,14,5,3,0,0,0,0,1,-1,-1,23,-1,1824,-1,-1,-1,-1,-1,-1,2,0,0,0,0,0,3,0,17,2,8,41.90089586,-87.62435961
2,391996,-1,30,2,2,0,1,14,2,2,5,0,0,1,1,-1,-1,0,0,532,-1,-1,-1,-1,-1,-1,2,2,0,0,2,0,1,0,17,2,8,41.68607159,-87.60058383
1,404187,-1,30,0,0,-1,1,8,5,2,0,-1,-1,1,-1,-1,-1,11,11,1925,-1,-1,1,-1,-1,-1,2,1,0,0,0,1,2,0,17,2,8,41.94325811,-87.64921975
0,392139,-1,15,0,0,0,1,5,0,-1,0,0,1,0,-1,-1,-1,-1,-1,2213,-1,-1,-1,-1,-1,-1,1,0,0,0,0,0,1,0,17,2,8,41.70787762,-87.65636813
0,393300,-1,20,0,0,0,1,0,7,-1,0,0,0,0,-1,-1,0,20,-1,632,-1,-1,-1,-1,-1,-1,2,0,0,0,0,0,2,0,16,2,8,41.73973348,-87.60476327
0,391981,-1,30,-1,-1,0,1,10,2,4,0,0,0,0,-1,-1,1,18,16,833,-1,-1,-1,-1,-1,-1,2,0,0,0,0,0,3,0,16,2,8,41.76415074,-87.7222113
0,392015,-1,30,0,3,0,1,2,12,4,0,0,0,0,-1,1,-1,25,20,324,-1,-1,-1,-1,-1,-1,1,0,0,0,0,0,2,0,16,2,8,41.76592819,-87.58647008
0,391955,-1,30,0,0,0,1,7,12,-1,0,0,0,0,-1,-1,-1,11,-1,2223,-1,-1,-1,-1,-1,-1,2,0,0,0,0,0,1,0,16,2,8,41.71580477,-87.64320825
0,392121,-1,30,1,2,0,1,10,5,3,0,-1,-1,0,-1,-1,-1,20,20,1034,-1,-1,-1,-1,-1,-1,2,0,0,0,0,0,2,0,16,2,8,41.8453984,-87.67551817
0,391974,1,35,0,0,0,1,7,5,2,0,0,0,0,-1,-1,-1,2,0,624,-1,-1,-1,-1,-1,-1,2,0,0,0,0,0,1,0,16,2,8,41.75142185,-87.60298707
0,391971,1,30,1,2,0,1,9,2,4,0,0,0,0,1,-1,-1,0,0,124,-1,-1,-1,-1,-1,-1,2,0,0,0,0,0,2,0,16,2,8,41.869849,-87.64072754
0,391963,-1,30,1,2,0,1,12,5,4,0,0,2,0,1,-1,-1,22,-1,1422,-1,-1,-1,-1,-1,-1,2,0,0,0,0,0,2,0,16,2,8,41.91016542,-87.7117063
3,391953,-1,35,0,0,0,1,9,3,4,0,0,0,1,-1,-1,1,0,0,2233,-1,1,-1,-1,-1,-1,2,1,0,1,0,0,2,0,16,2,8,41.69471831,-87.64259983
0,400452,-1,35,0,0,0,1,10,5,-1,0,0,0,0,-1,-1,-1,0,0,133,-1,-1,-1,-1,-1,-1,2,0,0,0,0,0,2,0,16,2,8,41.84683226,-87.62703105
0,392158,-1,30,1,2,0,1,10,5,-1,0,0,12,0,1,-1,-1,27,27,632,-1,-1,-1,-1,-1,-1,2,0,0,0,0,0,2,0,16,2,8,41.74387382,-87.60517616
0,392021,-1,30,1,2,0,1,14,3,-1,0,0,0,1,1,-1,-1,17,-1,2213,-1,-1,-1,-1,-1,-1,2,0,0,0,0,0,3,0,16,2,8,41.72134589,-87.65079633
0,391939,-1,30,0,0,0,1,7,3,6,0,0,12,0,-1,-1,-1,29,-1,2012,-1,-1,-1,-1,-1,-1,2,0,0,0,0,0,3,0,16,2,8,41.98383753,-87.66997372
0,391909,-1,30,0,0,0,1,14,2,-1,0,0,0,0,-1,-1,-1,23,17,724,-1,-1,-1,-1,-1,-1,2,0,0,0,0,0,3,0,16,2,8,41.76882674,-87.65268948
0,394893,-1,0,0,0,0,1,7,7,-1,0,0,-1,0,-1,-1,-1,20,0,2523,-1,-1,-1,-1,-1,-1,2,0,0,0,0,0,1,0,16,2,8,41.93260422,-87.72714823
0,392000,-1,30,0,0,0,1,12,3,4,0,0,0,0,0,-1,-1,0,0,1231,-1,-1,-1,-1,-1,-1,2,0,0,0,0,0,4,0,16,2,8,41.86766524,-87.66655284
0,391968,-1,40,0,0,0,1,12,6,4,0,0,0,0,-1,-1,-1,22,0,1824,-1,-1,-1,-1,-1,-1,2,0,0,0,0,0,2,0,16,2,8,41.90407674,-87.62480394
0,391948,-1,35,1,2,0,1,10,5,2,0,0,0,0,-1,-1,-1,18,0,1932,-1,-1,-1,-1,-1,-1,2,0,0,0,0,0,2,0,16,2,8,41.93872449,-87.66848149
0,391978,-1,30,0,0,0,1,10,5,4,0,0,-1,0,-1,-1,-1,18,0,2013,-1,-1,-1,-1,-1,-1,2,0,0,0,0,0,2,0,16,2,8,41.98893587,-87.66850696
0,391984,-1,30,0,0,0,1,10,5,4,0,0,0,1,-1,-1,-1,16,-1,1614,-1,-1,-1,-1,-1,-1,3,0,0,0,0,0,3,0,16,2,8,41.98796638,-87.84804365
0,392131,-1,30,0,0,0,1,0,3,-1,0,0,0,0,1,-1,-1,0,-1,411,-1,-1,-1,-1,-1,-1,2,0,0,0,0,0,2,0,16,2,8,41.74969958,-87.58595724
3,391889,-1,30,0,0,0,1,2,3,4,0,0,0,1,-1,-1,-1,0,0,221,-1,-1,-1,-1,-1,-1,2,1,0,1,0,0,0,0,16,2,8,41.81081238,-87.61648242
0,393405,-1,30,0,0,0,1,12,3,-1,0,0,0,0,-1,-1,-1,0,-1,2211,-1,-1,-1,-1,-1,-1,2,0,0,0,0,0,2,0,16,2,8,41.70628233,-87.6817636
0,391918,-1,30,1,2,0,1,2,2,-1,0,0,4,0,-1,-1,-1,0,-1,1213,-1,-1,-1,-1,-1,-1,1,0,0,0,0,0,1,0,16,2,8,41.89618232,-87.66735606
0,391888,-1,30,0,0,0,1,7,6,1,0,0,0,0,-1,-1,-1,25,14,1134,-1,-1,-1,-1,-1,-1,2,0,0,0,0,0,2,0,16,2,8,41.87291595,-87.70308872
0,395857,1,25,0,0,-1,-1,7,5,-1,0,-1,0,0,-1,-1,1,0,-1,2024,-1,-1,-1,-1,-1,-1,2,0,0,0,0,0,1,0,16,2,8,41.97150926,-87.65194141
0,391950,-1,30,0,0,0,1,7,6,1,0,0,0,0,-1,-1,1,0,0,522,-1,1,-1,-1,-1,-1,2,0,0,0,0,0,1,0,16,2,8,41.68283795,-87.63255602
2,391901,-1,25,1,2,0,1,3,3,8,0,0,0,1,1,-1,-1,11,0,2013,-1,-1,-1,-1,-1,-1,2,4,0,0,4,0,1,0,15,2,8,41.98957897,-87.6700083
0,391915,-1,30,1,2,0,1,10,5,-1,0,0,0,0,-1,-1,-1,18,0,1234,-1,-1,-1,-1,-1,-1,2,0,0,0,0,0,2,0,15,2,8,41.85284549,-87.68551602
0,391936,-1,30,1,2,0,1,10,5,2,0,0,0,0,1,-1,1,0,0,411,-1,-1,-1,-1,-1,-1,2,0,0,0,0,0,2,0,15,2,8,41.75290844,-87.58621302
0,391902,-1,30,0,2,0,1,12,5,2,0,0,0,0,-1,-1,-1,21,21,1931,-1,-1,-1,-1,-1,-1,2,0,0,0,0,0,2,0,15,2,8,41.93231273,-87.66853724
0,391908,-1,35,0,0,0,1,10,5,2,0,0,0,0,-1,-1,-1,0,0,1034,-1,-1,-1,-1,-1,-1,2,0,0,0,0,0,2,0,15,2,8,41.84864137,-87.6757942
0,391884,-1,25,0,0,0,1,14,7,-1,0,0,0,0,-1,-1,1,23,-1,833,-1,-1,-1,-1,-1,-1,2,0,0,0,0,0,2,0,15,2,8,41.77102188,-87.74188343
0,391880,-1,30,1,2,0,1,14,2,-1,0,0,0,1,1,-1,-1,17,-1,1811,-1,-1,-1,-1,-1,-1,2,0,0,0,0,0,2,0,15,2,8,41.91347433,-87.65334906
0,391861,-1,30,0,0,0,1,14,5,4,0,0,0,0,1,-1,-1,18,11,813,-1,-1,-1,-1,-1,-1,2,0,0,0,0,0,3,0,15,2,8,41.78422369,-87.72297754
2,391859,-1,30,2,2,0,1,0,12,-1,0,0,0,1,1,-1,-1,0,-1,2534,-1,-1,-1,-1,-1,-1,2,1,0,0,1,0,2,0,15,2,8,41.90816709,-87.7266138
0,391838,-1,30,0,0,0,1,14,2,4,0,0,0,0,-1,-1,1,17,23,834,-1,-1,-1,-1,-1,-1,2,0,0,0,0,0,2,0,15,2,8,41.74929889,-87.73898999
1,396304,-1,30,1,-1,0,1,10,5,-1,0,0,0,1,0,-1,-1,0,0,2521,-1,-1,-1,-1,-1,-1,3,1,0,0,0,1,2,0,15,2,8,41.93301434,-87.74680116
0,393023,-1,30,12,12,0,1,4,5,4,0,0,-1,0,-1,-1,-1,-1,-1,2212,-1,-1,-1,-1,-1,-1,2,0,0,0,0,0,2,0,15,2,8,41.69901254,-87.68153201
0,392061,-1,30,0,0,0,1,7,6,1,0,-1,-1,0,-1,-1,1,0,0,1732,-1,-1,-1,-1,-1,-1,2,0,0,0,0,0,1,0,15,2,8,41.95136591,-87.71389794
0,392030,-1,30,0,0,0,1,7,5,-1,0,0,0,0,-1,-1,-1,0,-1,423,-1,-1,-1,-1,-1,-1,2,0,0,0,0,0,1,0,15,2,8,41.74444119,-87.55931144
0,392022,-1,30,0,0,0,1,7,6,1,0,0,0,0,-1,-1,-1,11,-1,1634,-1,-1,-1,-1,-1,-1,4,0,0,0,0,0,2,0,15,2,8,41.94141852,-87.74969093
0,391982,-1,30,0,0,0,1,3,5,2,0,0,0,0,-1,-1,-1,17,-1,1634,-1,-1,-1,-1,-1,-1,2,0,0,0,0,0,2,0,15,2,8,41.95322036,-87.75462684
0,391965,-1,10,0,0,0,1,7,7,0,0,0,0,0,-1,-1,1,0,-1,1433,-1,-1,-1,-1,-1,-1,2,0,0,0,0,0,1,0,15,2,8,41.91087554,-87.65827824
2,391942,-1,30,2,2,0,1,8,5,2,0,-1,-1,1,1,-1,-1,22,22,2433,-1,-1,-1,-1,-1,-1,2,1,0,0,1,0,2,0,15,2,8,41.99093654,-87.66772353
0,391929,-1,30,0,0,0,1,7,5,-1,0,0,0,0,-1,-1,-1,0,-1,1112,-1,-1,-1,-1,-1,-1,2,0,0,0,0,0,1,0,15,2,8,41.90177518,-87.72125423
0,391872,-1,30,0,0,0,1,10,5,4,0,-1,-1,0,-1,-1,-1,0,0,2521,-1,-1,-1,-1,-1,-1,3,0,0,0,0,0,4,0,15,2,8,41.93356184,-87.74682151
0,391922,-1,0,0,0,0,1,0,7,0,0,0,0,0,-1,1,-1,0,0,1634,-1,-1,-1,-1,-1,-1,2,0,0,0,0,0,2,0,15,2,8,41.9460441,-87.7570697
2,391841,-1,30,1,2,0,1,12,5,-1,2,0,-1,1,1,-1,-1,0,0,915,-1,-1,-1,-1,-1,-1,2,1,0,0,1,0,1,0,15,2,8,41.83092461,-87.64129808
0,391821,-1,30,1,2,0,1,10,5,4,0,0,0,0,1,-1,-1,18,11,813,-1,-1,-1,-1,-1,-1,3,0,0,0,0,0,6,0,15,2,8,41.78953063,-87.72320717
0,391828,-1,30,0,0,0,1,7,5,-1,0,0,0,0,-1,-1,1,0,-1,222,-1,-1,-1,-1,-1,-1,4,0,0,0,0,0,1,0,15,2,8,41.81314457,-87.59939811
0,391822,-1,30,0,0,0,1,14,2,-1,0,0,0,1,-1,-1,-1,17,17,1633,-1,1,-1,-1,-1,-1,2,0,0,0,0,0,4,0,15,2,8,41.95292648,-87.7777781
0,391795,-1,30,0,0,0,1,10,5,2,0,-1,-1,0,-1,-1,-1,0,0,2515,-1,-1,-1,-1,-1,-1,3,0,0,0,0,0,3,0,15,2,8,41.92046683,-87.77448358
0,392005,-1,30,0,0,0,1,7,5,-1,0,0,0,0,-1,-1,-1,0,0,111,-1,-1,-1,-1,-1,-1,2,0,0,0,0,0,1,0,15,2,8,41.88579201,-87.625116
0,392206,-1,30,-1,-1,-1,-1,0,-1,-1,0,-1,-1,0,-1,-1,-1,0,-1,1622,-1,-1,-1,-1,-1,-1,2,0,0,0,0,0,3,0,15,2,8,41.97484744,-87.78304538
0,391935,-1,25,0,0,0,1,7,6,1,0,0,0,0,-1,-1,1,0,-1,114,-1,-1,-1,-1,-1,-1,2,0,0,0,0,0,1,0,15,2,8,41.88617367,-87.61610866
0,391867,-1,30,0,0,0,1,7,5,-1,0,0,0,0,-1,-1,1,0,-1,633,-1,-1,-1,-1,-1,-1,2,0,0,0,0,0,3,0,15,2,8,41.73115957,-87.61276161
0,392110,-1,30,0,0,0,1,7,5,-1,0,-1,-1,0,-1,-1,1,0,-1,913,-1,-1,-1,-1,-1,-1,2,0,0,0,0,0,2,0,14,2,8,41.83889539,-87.64902521
2,391866,-1,25,0,0,0,1,8,5,-1,0,0,0,1,-1,-1,-1,0,0,1422,-1,-1,1,-1,-1,-1,2,1,0,0,1,0,0,0,14,2,8,41.91725245,-87.71012989
0,391839,-1,30,0,0,0,1,12,5,-1,0,0,0,0,-1,-1,-1,18,-1,215,-1,-1,-1,-1,-1,-1,2,0,0,0,0,0,2,0,14,2,8,41.81312066,-87.62146205
0,391793,-1,30,1,2,0,1,0,2,-1,0,0,0,1,1,-1,-1,-1,-1,1532,-1,-1,-1,-1,-1,-1,2,0,0,0,0,0,2,0,14,2,8,41.88643821,-87.74563967
0,391877,-1,30,0,0,0,1,0,4,-1,0,0,0,0,-1,-1,-1,20,16,114,-1,-1,-1,-1,-1,-1,2,0,0,0,0,0,2,0,14,2,8,41.88102972,-87.61728157
0,391811,-1,30,2,2,0,1,10,5,2,0,0,0,0,-1,-1,1,0,0,323,-1,-1,-1,-1,-1,-1,2,0,0,0,0,0,2,0,14,2,8,41.76548541,-87.62183435
2,391788,-1,30,0,0,0,1,8,2,2,0,0,0,1,-1,-1,-1,16,0,2431,-1,-1,-1,-1,-1,-1,2,1,0,0,1,0,1,0,14,2,8,42.00872054,-87.67375036
-1,391911,-1,30,0,0,0,1,7,2,-1,0,0,0,0,-1,-1,-1,-1,-1,823,-1,-1,-1,-1,-1,-1,2,-1,-1,-1,-1,-1,-1,-1,14,2,8,41.78244036,-87.7033822
2,391781,-1,0,1,-1,0,1,7,2,-1,0,-1,-1,1,-1,-1,-1,11,-1,1713,-1,-1,-1,-1,-1,-1,2,1,0,0,1,0,0,0,14,2,8,41.96819448,-87.70831416