MOST_SEVERE_INJURY,RD_NO,CRASH_DATE_EST_I,POSTED_SPEED_LIMIT,TRAFFIC_CONTROL_DEVICE,DEVICE_CONDITION,WEATHER_CONDITION,LIGHTING_CONDITION,FIRST_CRASH_TYPE,TRAFFICWAY_TYPE,LANE_CNT,ALIGNMENT,ROADWAY_SURFACE_COND,ROAD_DEFECT,CRASH_TYPE,INTERSECTION_RELATED_I,NOT_RIGHT_OF_WAY_I,HIT_AND_RUN_I,PRIM_CONTRIBUTORY_CAUSE,SEC_CONTRIBUTORY_CAUSE,BEAT_OF_OCCURRENCE,PHOTOS_TAKEN_I,STATEMENTS_TAKEN_I,DOORING_I,WORK_ZONE_I,WORK_ZONE_TYPE,WORKERS_PRESENT_I,NUM_UNITS,INJURIES_TOTAL,INJURIES_FATAL,INJURIES_INCAPACITATING,INJURIES_NON_INCAPACITATING,INJURIES_REPORTED_NOT_EVIDENT,INJURIES_NO_INDICATION,INJURIES_UNKNOWN,CRASH_HOUR,CRASH_DAY_OF_WEEK,CRASH_MONTH,LATITUDE,LONGITUDE
0,391751,-1,35,0,0,0,1,12,2,-1,0,0,0,0,-1,-1,-1,0,0,824,-1,-1,-1,-1,-1,-1,2,0,0,0,0,0,4,0,14,2,8,41.78662258,-87.68368665
0,391842,-1,30,0,0,0,1,10,5,2,0,0,0,0,1,-1,-1,18,16,1524,-1,-1,-1,-1,-1,-1,2,0,0,0,0,0,5,0,14,2,8,41.89481082,-87.7567632
3,391749,-1,30,0,0,0,1,14,5,2,0,0,0,1,-1,-1,-1,23,16,1431,-1,-1,-1,-1,-1,-1,2,1,0,1,0,0,1,0,14,2,8,41.91766694,-87.68853418
0,391816,-1,30,0,0,0,1,7,5,2,0,0,0,0,-1,-1,-1,20,-1,911,0,-1,-1,-1,-1,-1,2,0,0,0,0,0,1,0,14,2,8,41.83217097,-87.68670379
0,391784,-1,30,0,0,0,1,0,6,-1,0,0,0,0,-1,1,-1,17,0,424,-1,-1,-1,-1,-1,-1,2,0,0,0,0,0,2,0,14,2,8,41.7463707,-87.55110051
1,391756,-1,30,1,2,0,1,14,5,-1,0,0,0,1,-1,-1,-1,0,0,1622,-1,-1,-1,-1,-1,-1,2,1,0,0,0,1,1,0,14,2,8,41.96779433,-87.77494369
0,391746,-1,35,0,0,0,1,10,5,2,0,0,0,0,-1,-1,-1,18,0,331,-1,-1,-1,-1,-1,-1,2,0,0,0,0,0,2,0,14,2,8,41.78883895,-87.58514892
2,391680,-1,30,2,2,0,1,0,2,3,0,0,0,1,1,-1,-1,11,0,231,-1,-1,-1,-1,-1,-1,2,1,0,0,1,0,2,0,13,2,8,41.79439209,-87.61936262
0,391797,-1,30,1,2,0,1,12,5,2,0,0,0,0,1,-1,-1,17,22,1733,-1,-1,-1,-1,-1,-1,2,0,0,0,0,0,2,0,13,2,8,41.94857112,-87.71262517
0,391678,-1,25,1,2,0,1,7,6,1,0,0,0,0,-1,-1,1,0,0,2031,-1,-1,-1,-1,-1,-1,2,0,0,0,0,0,2,0,13,2,8,41.97312166,-87.68874657
0,391844,-1,30,0,0,0,1,7,2,2,0,0,0,0,-1,-1,-1,0,0,1631,-1,-1,-1,-1,-1,-1,2,0,0,0,0,0,2,0,13,2,8,41.9451347,-87.81857682
0,391807,-1,30,1,2,0,1,3,2,4,0,0,-1,0,-1,-1,0,0,-1,632,-1,-1,-1,-1,-1,-1,2,0,0,0,0,0,2,0,13,2,8,41.73936378,-87.60504492
0,391941,-1,30,0,0,0,1,7,7,-1,0,0,-1,0,-1,-1,1,0,0,723,-1,-1,-1,-1,-1,-1,2,0,0,0,0,0,1,0,13,2,8,41.77963108,-87.64546977
0,391938,-1,30,0,0,0,1,14,5,4,0,0,-1,0,-1,-1,1,17,-1,1533,-1,-1,-1,0,-1,-1,2,0,0,0,0,0,2,0,13,2,8,41.86734474,-87.74494445
0,391774,-1,30,2,2,0,1,14,2,-1,0,0,0,0,1,-1,-1,5,17,621,-1,-1,-1,-1,-1,-1,2,0,0,0,0,0,3,0,13,2,8,41.75612372,-87.63701569
0,391772,-1,30,2,2,0,1,0,5,-1,0,0,0,0,-1,-1,-1,0,-1,621,-1,-1,-1,-1,-1,-1,2,0,0,0,0,0,4,0,13,2,8,41.75632751,-87.63681355
0,391692,-1,30,0,0,0,1,12,5,8,0,0,0,0,1,-1,-1,0,0,1834,-1,-1,-1,-1,-1,-1,2,0,0,0,0,0,2,0,13,2,8,41.8926834,-87.6141233
2,393097,-1,30,1,-1,0,1,14,5,-1,0,0,0,1,1,-1,-1,17,-1,2423,-1,-1,-1,-1,-1,-1,2,1,0,0,1,0,1,0,13,2,8,42.0101504,-87.66255385
0,391740,-1,30,0,0,0,1,10,2,-1,0,0,0,0,-1,-1,-1,20,-1,131,-1,-1,-1,-1,-1,-1,2,0,0,0,0,0,2,0,13,2,8,41.8527543,-87.6238937
0,391652,-1,20,0,0,0,1,12,6,-1,0,0,0,0,-1,-1,-1,17,0,2412,-1,-1,-1,-1,-1,-1,2,0,0,0,0,0,2,0,13,2,8,42.00352424,-87.70235815
0,391878,-1,30,1,2,0,1,10,2,-1,0,0,0,0,-1,-1,1,18,-1,632,-1,-1,-1,-1,-1,-1,2,0,0,0,0,0,2,0,13,2,8,41.7365242,-87.6059617
0,391647,-1,35,2,2,0,1,0,5,2,0,0,0,1,1,-1,-1,17,0,1722,-1,-1,-1,-1,-1,-1,2,0,0,0,0,0,2,0,13,2,8,41.96452175,-87.73513379
1,391621,-1,30,1,2,0,1,10,5,4,0,0,0,1,-1,-1,-1,18,-1,1633,-1,-1,-1,-1,-1,-1,3,2,0,0,0,2,4,0,13,2,8,41.94579802,-87.78466312
0,391946,-1,30,0,0,0,1,0,5,-1,0,0,0,0,-1,-1,1,0,0,2233,-1,-1,-1,-1,-1,-1,2,0,0,0,0,0,2,0,13,2,8,41.69231572,-87.63655973
0,391662,-1,30,0,0,0,1,10,5,-1,0,0,0,0,-1,-1,-1,28,28,2212,-1,-1,-1,-1,-1,-1,2,0,0,0,0,0,2,0,13,2,8,41.69192576,-87.6782866
0,391588,-1,30,0,0,0,1,14,6,3,0,0,0,1,1,-1,-1,21,-1,1834,-1,-1,-1,-1,-1,-1,2,0,0,0,0,0,5,0,13,2,8,41.8920381,-87.6132272
0,392849,-1,15,0,0,0,1,7,5,-1,0,0,0,0,-1,-1,-1,23,-1,123,-1,-1,-1,-1,-1,-1,2,0,0,0,0,0,1,0,13,2,8,41.87168893,-87.62974602
0,391659,-1,30,1,2,0,1,10,5,-1,0,0,0,0,-1,-1,1,18,0,624,-1,-1,-1,-1,-1,-1,2,0,0,0,0,0,6,0,13,2,8,41.75845531,-87.60630683
0,391723,-1,30,0,0,0,1,14,5,4,0,0,0,0,-1,-1,1,17,-1,524,-1,-1,-1,-1,-1,-1,2,0,0,0,0,0,2,0,13,2,8,41.68506482,-87.63625533
0,391606,-1,30,1,2,0,1,10,5,-1,0,0,12,0,-1,-1,-1,18,18,1134,-1,-1,-1,-1,-1,-1,2,0,0,0,0,0,5,0,13,2,8,41.87126051,-87.70568639
0,391603,-1,35,1,2,0,1,12,5,2,0,0,0,1,-1,-1,-1,-1,-1,1811,-1,-1,-1,-1,-1,-1,2,0,0,0,0,0,2,0,13,2,8,41.91088239,-87.65325611
1,401296,-1,30,2,2,2,1,0,5,-1,0,1,0,1,1,-1,-1,17,5,232,-1,-1,-1,-1,-1,-1,2,1,0,0,0,1,1,0,12,2,8,41.7891756,-87.62084906
1,391561,-1,20,1,2,0,1,12,2,1,0,0,0,1,-1,-1,-1,22,18,1122,-1,-1,-1,-1,-1,-1,2,2,0,0,0,2,2,0,12,2,8,41.88176486,-87.72555437
0,391563,-1,30,0,0,0,1,12,5,-1,0,0,0,0,-1,-1,-1,22,-1,1813,-1,-1,-1,-1,-1,-1,2,0,0,0,0,0,2,0,12,2,8,41.91804751,-87.64995089
0,391640,-1,30,0,0,0,1,10,2,2,0,0,0,0,-1,-1,-1,18,-1,1234,-1,-1,-1,-1,-1,-1,2,0,0,0,0,0,2,0,12,2,8,41.85404046,-87.67574899
0,391594,-1,30,1,2,0,1,10,2,4,0,0,0,0,-1,-1,1,18,0,1921,-1,-1,-1,-1,-1,-1,2,0,0,0,0,0,3,0,12,2,8,41.939503,-87.68831343
0,391705,-1,30,0,0,0,1,14,5,2,0,0,0,0,1,-1,1,21,-1,2514,-1,-1,-1,-1,-1,-1,2,0,0,0,0,0,3,0,12,2,8,41.93115581,-87.7669425
0,391830,-1,30,0,0,0,1,7,5,-1,0,0,0,0,-1,-1,-1,0,0,2011,-1,-1,-1,-1,-1,-1,2,0,0,0,0,0,1,0,12,2,8,41.98871925,-87.69357213
0,391696,-1,30,2,2,0,1,10,7,-1,0,0,0,0,-1,-1,-1,0,-1,1233,-1,-1,-1,-1,-1,-1,2,0,0,0,0,0,3,0,12,2,8,41.86240243,-87.66641897
0,391675,-1,30,2,2,0,1,0,5,2,0,0,0,1,-1,-1,-1,0,-1,523,-1,-1,-1,-1,-1,-1,2,0,0,0,0,0,2,0,12,2,8,41.6627516,-87.63910515
0,391565,-1,30,1,2,0,1,10,2,2,0,0,0,0,-1,-1,-1,20,20,1223,-1,-1,-1,-1,-1,-1,2,0,0,0,0,0,2,0,12,2,8,41.88071091,-87.68627357
0,391560,-1,30,0,0,0,1,7,5,6,0,0,0,0,-1,-1,-1,-1,0,1522,-1,-1,-1,-1,-1,-1,2,0,0,0,0,0,2,0,12,2,8,41.88039647,-87.76181157
0,391550,-1,25,0,0,0,1,14,2,2,0,0,0,1,-1,-1,-1,17,17,1713,-1,-1,-1,-1,-1,-1,2,0,0,0,0,0,2,0,12,2,8,41.96860115,-87.70405343
0,391638,-1,30,1,2,0,1,14,2,-1,0,0,0,0,1,-1,-1,0,0,124,-1,-1,-1,-1,-1,-1,2,0,0,0,0,0,2,0,12,2,8,41.8696474,-87.63917014
0,391558,-1,30,1,2,0,1,12,6,3,0,0,0,0,0,-1,-1,17,-1,122,-1,-1,-1,1,-1,1,2,0,0,0,0,0,2,0,12,2,8,41.87927493,-87.63393725
2,391515,-1,25,2,2,0,1,8,5,2,0,0,0,1,1,-1,-1,8,-1,1611,-1,-1,-1,-1,-1,-1,2,1,0,0,1,0,1,0,12,2,8,41.99034535,-87.77681717
0,392355,-1,30,1,2,0,1,14,5,4,0,0,0,0,1,-1,-1,23,0,912,-1,-1,-1,-1,-1,-1,2,0,0,0,0,0,2,0,12,2,8,41.82309243,-87.68409747
0,391667,-1,30,12,2,0,1,7,2,2,0,0,0,0,-1,-1,-1,20,-1,1823,-1,-1,-1,-1,-1,-1,2,0,0,0,0,0,1,0,12,2,8,41.89666949,-87.63670982
0,391578,-1,30,1,2,0,1,14,5,-1,0,0,0,0,-1,-1,1,0,-1,623,-1,-1,-1,-1,-1,-1,2,0,0,0,0,0,2,0,12,2,8,41.75102047,-87.61510225
2,391533,-1,30,1,2,0,1,8,6,4,0,0,0,1,1,-1,1,18,-1,122,-1,-1,-1,-1,-1,-1,2,1,0,0,1,0,2,0,12,2,8,41.88243401,-87.63103701
0,391666,-1,30,0,0,0,1,10,2,4,0,12,12,0,1,-1,1,18,16,923,-1,-1,-1,-1,-1,-1,2,0,0,0,0,0,5,0,11,2,8,41.79739866,-87.68397963
0,391518,-1,25,0,0,0,1,7,5,1,0,0,0,0,-1,-1,-1,11,-1,2411,-1,-1,-1,-1,-1,-1,2,0,0,0,0,0,1,0,11,2,8,42.00853858,-87.70129716
0,391492,-1,35,1,2,0,1,10,5,-1,0,0,0,1,-1,-1,-1,18,9,1732,-1,-1,-1,-1,-1,-1,3,0,0,0,0,0,3,0,11,2,8,41.95030811,-87.71295407
0,391914,-1,30,0,0,0,1,12,5,2,0,-1,-1,0,-1,-1,-1,22,22,1211,-1,-1,-1,-1,-1,-1,2,0,0,0,0,0,2,0,11,2,8,41.89619866,-87.70102174
0,391499,-1,5,0,0,0,1,7,7,-1,0,0,0,0,-1,-1,1,0,0,2212,-1,-1,-1,-1,-1,-1,2,0,0,0,0,0,1,0,11,2,8,41.68542059,-87.68110381
0,391654,-1,30,0,0,0,1,7,5,-1,0,0,0,0,-1,-1,-1,0,0,1822,-1,-1,-1,-1,-1,-1,2,0,0,0,0,0,1,0,11,2,8,41.90756792,-87.64956926
0,391449,-1,30,0,0,0,1,10,2,2,0,0,0,0,-1,-1,-1,18,-1,1631,-1,-1,-1,-1,-1,-1,2,0,0,0,0,0,2,0,11,2,8,41.94778864,-87.80724062
0,393083,-1,30,0,0,0,1,12,2,2,0,0,0,0,-1,-1,-1,18,-1,111,-1,-1,-1,-1,-1,-1,2,0,0,0,0,0,2,0,11,2,8,41.88564259,-87.62693003
0,391773,-1,30,0,0,0,1,7,5,2,0,0,0,0,-1,-1,1,0,1,2424,-1,1,-1,-1,-1,-1,2,0,0,0,0,0,1,0,11,2,8,42.01548672,-87.68286514
0,391576,-1,15,3,12,0,1,7,7,2,0,0,0,0,-1,1,1,0,0,1911,-1,-1,-1,-1,-1,-1,2,0,0,0,0,0,1,0,11,2,8,41.95910043,-87.68239224
0,391485,-1,30,1,2,0,1,12,2,4,0,0,0,0,-1,-1,-1,22,-1,1611,-1,-1,-1,-1,-1,-1,2,0,0,0,0,0,6,0,11,2,8,41.9975074,-87.78783595
0,391462,-1,5,10,2,0,1,2,7,-1,0,0,0,1,-1,1,-1,7,-1,2531,-1,-1,-1,-1,-1,-1,1,0,0,0,0,0,1,0,11,2,8,41.90941776,-87.7712137
0,391481,-1,5,0,0,0,1,7,12,1,0,0,0,0,-1,-1,-1,-1,-1,1231,-1,-1,-1,-1,-1,-1,2,0,0,0,0,0,1,0,11,2,8,41.87401634,-87.67026083
0,391516,-1,30,1,2,0,1,10,2,-1,0,0,0,0,-1,-1,-1,0,0,612,-1,-1,-1,-1,-1,-1,2,0,0,0,0,0,2,0,11,2,8,41.75593516,-87.65373224
0,391493,-1,30,0,0,0,1,12,5,-1,0,0,0,0,-1,-1,-1,17,17,1613,-1,-1,-1,-1,-1,-1,2,0,0,0,0,0,3,0,11,2,8,41.97139853,-87.79870992
0,391458,-1,30,0,0,0,1,7,5,-1,0,0,0,0,-1,-1,0,0,0,222,-1,-1,-1,-1,-1,-1,2,0,0,0,0,0,1,0,11,2,8,41.80374726,-87.58220897
0,391396,-1,30,2,2,0,1,10,5,4,0,0,-1,0,-1,-1,1,0,0,2221,-1,-1,-1,-1,-1,-1,2,0,0,0,0,0,2,0,11,2,8,41.73192024,-87.66309894
0,392923,1,30,0,0,0,1,7,6,-1,0,0,0,0,-1,-1,1,0,0,1011,-1,-1,-1,-1,-1,-1,2,0,0,0,0,0,1,0,11,2,8,41.86229015,-87.73356111
0,392683,-1,30,2,2,0,1,10,2,-1,0,0,0,0,-1,-1,-1,11,0,223,-1,-1,-1,-1,-1,-1,2,0,0,0,0,0,2,0,11,2,8,41.80762288,-87.6066716
0,391468,-1,30,1,2,0,1,12,2,-1,0,0,0,0,-1,-1,-1,22,-1,112,-1,-1,-1,-1,-1,-1,2,0,0,0,0,0,2,0,11,2,8,41.88275463,-87.62453528
0,391451,-1,30,0,0,0,1,2,5,2,0,0,0,0,-1,-1,-1,11,0,914,-1,-1,-1,-1,-1,-1,1,0,0,0,0,0,2,0,11,2,8,41.85117666,-87.63212551
0,391420,-1,30,2,2,0,1,0,5,-1,0,0,0,0,1,-1,-1,-1,-1,431,-1,-1,-1,-1,-1,-1,2,0,0,0,0,0,2,0,11,2,8,41.71526304,-87.56475633
0,391407,0,35,0,0,0,1,10,3,4,0,0,0,1,-1,-1,-1,18,0,132,-1,-1,-1,-1,-1,-1,2,0,0,0,0,0,2,0,11,2,8,41.86573878,-87.61930392
0,391409,-1,30,0,0,0,1,10,5,2,0,0,0,1,-1,-1,-1,0,-1,2432,-1,-1,-1,-1,-1,-1,2,0,0,0,0,0,2,0,10,2,8,42.00303129,-87.67216277
0,391388,-1,30,0,0,0,1,12,5,2,0,0,0,0,-1,-1,1,19,0,2011,-1,-1,-1,-1,-1,-1,2,0,0,0,0,0,2,0,10,2,8,41.97951872,-87.69889281
2,391377,1,30,1,2,0,1,10,5,2,0,0,0,1,1,-1,-1,18,16,2532,-1,-1,-1,-1,-1,-1,2,1,0,0,1,0,2,0,10,2,8,41.9131081,-87.75594124
0,391402,-1,30,1,2,0,1,14,1,2,0,0,0,0,1,-1,-1,17,-1,1422,-1,-1,-1,-1,-1,-1,2,0,0,0,0,0,2,0,10,2,8,41.91016285,-87.71195387
0,391361,-1,20,0,0,0,1,0,6,2,0,0,0,0,-1,-1,-1,20,0,2515,-1,-1,-1,-1,-1,-1,2,0,0,0,0,0,2,0,10,2,8,41.92718001,-87.75857284
0,391381,-1,30,1,2,0,1,14,1,-1,0,0,0,0,-1,-1,1,23,-1,811,-1,-1,-1,-1,-1,-1,2,0,0,0,0,0,2,0,10,2,8,41.79996165,-87.76267247
0,391373,-1,0,0,0,0,1,0,5,-1,0,0,0,0,-1,-1,-1,11,-1,834,-1,-1,-1,-1,-1,-1,2,0,0,0,0,0,4,0,10,2,8,41.74056837,-87.72177348
0,391467,-1,35,1,2,0,1,10,5,-1,0,0,12,0,-1,-1,-1,18,18,513,-1,-1,-1,1,2,1,2,0,0,0,0,0,2,0,10,2,8,41.69298216,-87.60233869
0,391349,-1,30,0,0,0,1,10,5,4,0,0,0,0,-1,-1,-1,0,0,2432,-1,-1,-1,-1,-1,-1,2,0,0,0,0,0,4,0,10,2,8,42.00227908,-87.66091781
0,391423,-1,30,1,2,0,1,12,5,-1,0,0,0,0,-1,-1,-1,0,0,1132,-1,-1,-1,-1,-1,-1,2,0,0,0,0,0,2,0,10,2,8,41.87001124,-87.72546431
0,391379,-1,20,0,0,0,1,10,6,1,0,0,0,0,-1,-1,-1,18,0,2031,-1,-1,-1,-1,-1,-1,2,0,0,0,0,0,2,0,10,2,8,41.96956579,-87.69291196
0,391376,-1,30,1,2,0,1,12,2,3,0,0,0,0,-1,-1,-1,11,11,2213,-1,-1,-1,-1,-1,-1,2,0,0,0,0,0,3,0,10,2,8,41.72108279,-87.66418596
0,391354,-1,30,1,2,0,1,12,2,4,0,0,0,1,1,-1,-1,0,0,2515,-1,-1,-1,-1,-1,-1,2,0,0,0,0,0,2,0,10,2,8,41.92380657,-87.77556782
0,391448,-1,30,0,0,0,1,10,2,-1,0,0,0,0,-1,-1,1,18,-1,1722,-1,-1,-1,-1,-1,-1,2,0,0,0,0,0,2,0,10,2,8,41.96793836,-87.74757498
0,391440,-1,20,0,0,0,1,7,7,-1,0,0,-1,0,-1,-1,1,0,0,1522,-1,-1,-1,-1,-1,-1,2,0,0,0,0,0,1,0,10,2,8,41.88039647,-87.76181157
0,391351,-1,15,0,0,0,1,0,7,-1,0,0,0,0,-1,-1,-1,0,0,1713,-1,-1,-1,-1,-1,-1,2,0,0,0,0,0,2,0,10,2,8,41.96576179,-87.708539
0,391339,-1,30,0,0,0,1,12,3,-1,0,0,0,1,-1,-1,-1,21,0,2413,-1,-1,-1,-1,-1,-1,2,0,0,0,0,0,2,0,10,2,8,41.99075041,-87.68182278
0,516623,-1,15,0,0,0,1,2,0,-1,0,0,0,0,-1,1,-1,0,0,832,-1,-1,-1,-1,-1,-1,1,0,0,0,0,0,1,0,10,2,8,41.76340025,-87.68428449
0,391836,-1,30,0,0,0,1,7,5,1,0,0,0,0,-1,-1,-1,0,0,231,-1,-1,-1,-1,-1,-1,2,0,0,0,0,0,1,0,10,2,8,41.79320124,-87.61903854
0,391383,-1,30,2,2,0,1,14,5,-1,0,0,0,0,1,-1,-1,0,0,2432,-1,-1,-1,-1,-1,-1,2,0,0,0,0,0,3,0,10,2,8,41.99982179,-87.66297857
0,391341,-1,25,0,0,0,1,7,6,1,0,0,0,0,-1,-1,1,0,0,1723,-1,-1,-1,-1,-1,-1,2,0,0,0,0,0,1,0,9,2,8,41.95731096,-87.71561791
0,391323,-1,0,0,0,0,1,7,4,-1,0,0,0,0,-1,1,-1,20,-1,1733,-1,-1,-1,-1,-1,-1,2,0,0,0,0,0,1,0,9,2,8,41.94499232,-87.71251431
0,392269,-1,30,1,2,0,1,12,5,4,0,0,0,0,-1,-1,-1,0,0,1934,-1,-1,-1,-1,-1,-1,2,0,0,0,0,0,2,0,9,2,8,41.93284071,-87.64851625
0,391389,-1,30,0,0,0,1,10,2,-1,0,0,0,0,-1,-1,-1,20,0,1233,-1,-1,-1,-1,-1,-1,2,0,0,0,0,0,2,0,9,2,8,41.86330992,-87.66161458
0,391288,-1,15,0,0,0,1,2,0,1,3,0,1,0,-1,-1,-1,0,-1,322,-1,-1,-1,-1,-1,-1,1,0,0,0,0,0,1,0,9,2,8,41.76976289,-87.61873347
0,391302,-1,30,1,2,0,1,14,5,3,0,0,0,0,-1,-1,-1,11,-1,1834,-1,-1,-1,-1,-1,-1,2,0,0,0,0,0,3,0,9,2,8,41.89217045,-87.61091525
2,391269,-1,30,1,2,0,1,0,5,2,0,0,0,1,1,-1,1,6,17,1823,-1,-1,-1,-1,-1,-1,2,1,0,0,1,0,1,0,9,2,8,41.90057823,-87.63450237
0,391262,-1,30,0,0,0,1,12,5,2,0,0,-1,1,-1,-1,1,16,22,1214,-1,-1,-1,-1,-1,-1,2,0,0,0,0,0,2,0,9,2,8,41.89346717,-87.64891761
0,391289,-1,30,3,2,0,1,12,5,2,0,0,0,0,-1,-1,-1,0,0,1124,-1,-1,-1,-1,-1,-1,2,0,0,0,0,0,3,0,9,2,8,41.88065841,-87.70596638
0,391287,-1,30,1,2,0,1,10,5,-1,0,0,0,0,0,-1,1,16,0,1922,-1,-1,-1,-1,-1,-1,3,0,0,0,0,0,4,0,9,2,8,41.94678777,-87.67602034
0,391309,-1,30,2,2,0,1,0,5,0,0,0,0,0,-1,-1,1,17,0,1623,-1,-1,-1,-1,-1,-1,2,0,0,0,0,0,2,0,9,2,8,41.96791605,-87.76508034
0,391327,-1,30,0,0,0,1,7,7,-1,0,0,0,0,-1,-1,-1,20,0,2212,-1,-1,-1,-1,-1,-1,2,0,0,0,0,0,1,0,9,2,8,41.70672358,-87.65619454
0,391260,-1,30,0,0,0,1,7,6,2,0,0,0,0,-1,-1,-1,22,0,121,-1,-1,-1,-1,-1,-1,2,0,0,0,0,0,1,0,9,2,8,41.87938167,-87.63946078
0,392948,1,25,0,0,0,1,3,7,-1,3,0,0,0,-1,-1,-1,0,0,1834,-1,-1,-1,-1,-1,-1,2,0,0,0,0,0,2,0,9,2,8,41.89140488,-87.62008123
0,391549,-1,30,0,0,5,1,7,12,-1,0,0,0,0,-1,-1,-1,-1,-1,1235,-1,-1,-1,-1,-1,-1,2,0,0,0,0,0,1,0,9,2,8,41.85756407,-87.63907891
0,391263,-1,30,1,2,0,1,14,2,-1,0,0,0,0,1,-1,-1,17,17,1225,-1,-1,-1,-1,-1,-1,2,0,0,0,0,0,2,0,9,2,8,41.87513098,-87.67651098
0,391251,-1,25,0,0,0,1,7,2,-1,0,0,0,0,-1,-1,-1,-1,-1,2411,-1,-1,-1,-1,-1,-1,2,0,0,0,0,0,1,0,9,2,8,42.01013775,-87.69034541
0,391318,-1,30,1,2,0,1,10,2,2,0,0,0,0,-1,-1,-1,18,0,1235,-1,-1,-1,-1,-1,-1,2,0,0,0,0,0,3,0,8,2,8,41.85507647,-87.6435636
0,391240,-1,30,1,2,0,1,10,2,4,0,0,0,1,-1,-1,-1,18,16,912,-1,-1,-1,-1,-1,-1,2,0,0,0,0,0,2,0,8,2,8,41.83599967,-87.66555463
0,391248,-1,30,1,2,0,1,0,12,0,0,0,0,0,1,-1,0,-1,-1,815,-1,-1,-1,-1,-1,-1,2,0,0,0,0,0,2,0,8,2,8,41.80782255,-87.73588487
0,391272,-1,25,0,0,0,1,0,6,1,0,0,0,1,-1,-1,-1,17,-1,1413,-1,-1,-1,-1,-1,-1,2,0,0,0,0,0,6,0,8,2,8,41.91790322,-87.71040922
0,391276,0,30,0,0,0,1,7,5,3,0,0,0,1,-1,-1,1,0,21,124,-1,-1,-1,-1,-1,-1,2,0,0,0,0,0,1,0,8,2,8,41.86888971,-87.63909893
0,391256,-1,30,1,2,0,1,14,5,-1,0,0,0,0,0,-1,-1,0,0,1915,-1,-1,-1,-1,-1,-1,2,0,0,0,0,0,2,0,8,2,8,41.95474551,-87.6453294
0,391246,1,25,1,2,0,1,10,5,2,0,0,0,0,-1,-1,1,0,0,1214,-1,-1,-1,-1,-1,-1,2,0,0,0,0,0,3,0,8,2,8,41.89629288,-87.64830317
0,392143,-1,30,1,2,0,1,10,2,-1,0,0,0,0,-1,-1,-1,18,0,1922,-1,-1,-1,-1,-1,-1,2,0,0,0,0,0,2,0,8,2,8,41.95410434,-87.67431577
0,391239,-1,30,0,0,0,1,12,5,4,0,0,0,0,-1,-1,-1,17,17,112,-1,-1,-1,-1,-1,-1,2,0,0,0,0,0,2,0,8,2,8,41.88068672,-87.62951526
0,391222,-1,30,2,2,0,1,10,2,4,0,0,0,0,-1,-1,-1,11,0,815,-1,-1,-1,-1,-1,-1,2,0,0,0,0,0,2,0,8,2,8,41.81537436,-87.7240152
0,392178,-1,30,0,0,0,1,12,5,2,0,0,0,0,-1,-1,-1,22,-1,922,-1,-1,-1,-1,-1,-1,2,0,0,0,0,0,2,0,8,2,8,41.81418135,-87.70406676
0,391199,-1,30,0,0,0,1,7,5,2,0,0,0,0,-1,-1,1,0,0,222,-1,-1,0,-1,-1,-1,2,0,0,0,0,0,1,0,8,2,8,41.80948514,-87.60106511
0,392080,-1,30,2,2,0,1,10,6,1,0,0,0,0,1,-1,-1,18,16,1221,-1,-1,-1,-1,-1,-1,2,0,0,0,0,0,2,0,8,2,8,41.89471563,-87.68693864
1,391227,-1,30,2,1,0,1,0,2,-1,0,0,0,1,1,-1,-1,0,-1,2012,-1,-1,-1,-1,-1,-1,2,1,0,0,0,1,1,0,8,2,8,41.99085017,-87.67202118
2,391221,-1,25,1,2,0,1,0,12,4,0,0,0,1,1,-1,-1,0,-1,1031,-1,-1,-1,-1,-1,-1,3,1,0,0,1,0,3,0,8,2,8,41.84422254,-87.71981794
2,391608,-1,30,2,2,0,1,8,6,2,0,0,0,1,1,-1,-1,17,-1,1214,-1,-1,-1,-1,-1,-1,2,1,0,0,1,0,1,0,8,2,8,41.88575261,-87.64116458
0,391212,-1,30,1,2,0,1,10,2,4,0,0,0,0,-1,-1,-1,18,-1,122,-1,-1,-1,-1,-1,-1,2,0,0,0,0,0,2,0,8,2,8,41.88308604,-87.63719034
0,391211,-1,30,1,2,0,1,10,2,-1,0,0,0,0,-1,-1,-1,18,-1,814,-1,1,-1,-1,-1,-1,2,0,0,0,0,0,2,0,8,2,8,41.79784188,-87.74781686
0,391186,-1,30,1,2,0,1,14,5,-1,0,0,0,0,1,-1,-1,23,-1,1921,-1,-1,-1,-1,-1,-1,2,0,0,0,0,0,3,0,8,2,8,41.95396851,-87.688318
0,391161,-1,30,1,2,0,1,7,2,2,0,0,0,1,-1,-1,-1,21,-1,1624,-1,-1,-1,-1,-1,-1,2,0,0,0,0,0,1,0,8,2,8,41.95920634,-87.75306917
0,399976,1,30,-1,-1,-1,-1,7,5,1,0,-1,0,0,-1,-1,1,-1,-1,2521,-1,-1,-1,-1,-1,-1,2,0,0,0,0,0,1,0,8,2,8,41.93713969,-87.74331835
0,393672,-1,30,1,0,0,1,12,5,4,0,0,-1,0,-1,-1,-1,0,0,1934,-1,-1,-1,-1,-1,-1,2,0,0,0,0,0,2,0,8,2,8,41.93291165,-87.6448266
0,393597,-1,30,1,2,0,1,7,5,-1,0,0,0,0,0,-1,1,-1,35,334,-1,-1,-1,-1,-1,-1,2,0,0,0,0,0,1,0,8,2,8,41.7599912,-87.55862586