MOST_SEVERE_INJURY,RD_NO,CRASH_DATE_EST_I,POSTED_SPEED_LIMIT,TRAFFIC_CONTROL_DEVICE,DEVICE_CONDITION,WEATHER_CONDITION,LIGHTING_CONDITION,FIRST_CRASH_TYPE,TRAFFICWAY_TYPE,LANE_CNT,ALIGNMENT,ROADWAY_SURFACE_COND,ROAD_DEFECT,CRASH_TYPE,INTERSECTION_RELATED_I,NOT_RIGHT_OF_WAY_I,HIT_AND_RUN_I,PRIM_CONTRIBUTORY_CAUSE,SEC_CONTRIBUTORY_CAUSE,BEAT_OF_OCCURRENCE,PHOTOS_TAKEN_I,STATEMENTS_TAKEN_I,DOORING_I,WORK_ZONE_I,WORK_ZONE_TYPE,WORKERS_PRESENT_I,NUM_UNITS,INJURIES_TOTAL,INJURIES_FATAL,INJURIES_INCAPACITATING,INJURIES_NON_INCAPACITATING,INJURIES_REPORTED_NOT_EVIDENT,INJURIES_NO_INDICATION,INJURIES_UNKNOWN,CRASH_HOUR,CRASH_DAY_OF_WEEK,CRASH_MONTH,LATITUDE,LONGITUDE
0,391233,-1,30,2,2,0,1,10,2,2,0,0,0,0,1,-1,1,18,0,925,-1,-1,-1,-1,-1,-1,2,0,0,0,0,0,2,0,8,2,8,41.81913426,-87.63829909
0,391205,-1,30,0,0,0,1,12,2,-1,0,-1,-1,0,-1,-1,-1,0,0,623,-1,-1,-1,-1,-1,-1,2,0,0,0,0,0,2,0,8,2,8,41.75643793,-87.62967557
0,391196,-1,30,0,0,0,1,2,5,-1,0,0,0,0,-1,1,-1,20,-1,1022,-1,-1,-1,-1,-1,-1,1,0,0,0,0,0,1,0,8,2,8,41.85620692,-87.70645248
0,391228,-1,20,1,2,0,1,7,5,2,0,0,0,1,-1,-1,-1,16,0,1931,-1,-1,-1,-1,-1,-1,2,0,0,0,0,0,1,0,7,2,8,41.93376677,-87.68039611
0,398617,-1,30,1,2,0,1,12,2,-1,0,0,0,0,-1,-1,-1,0,-1,1022,-1,-1,-1,-1,-1,-1,2,0,0,0,0,0,2,0,7,2,8,41.85187579,-87.70519652
0,391225,1,25,0,0,-1,-1,7,5,1,0,-1,0,1,-1,-1,1,0,0,2433,-1,-1,-1,-1,-1,-1,2,0,0,0,0,0,1,0,7,2,8,41.99741301,-87.66163208
2,391157,-1,30,1,2,0,1,10,6,3,0,0,0,1,-1,-1,-1,18,0,212,-1,-1,-1,-1,-1,-1,2,1,0,0,1,0,2,0,7,2,8,41.83098541,-87.62190871
0,391305,-1,30,0,0,0,1,12,6,-1,0,0,2,0,-1,-1,-1,17,17,1631,-1,-1,-1,-1,-1,-1,2,0,0,0,0,0,2,0,7,2,8,41.93851619,-87.81790898
0,391169,-1,35,0,0,0,1,12,5,2,0,0,0,0,-1,-1,1,22,-1,923,-1,-1,-1,-1,-1,-1,2,0,0,0,0,0,2,0,7,2,8,41.80078697,-87.69384762
0,391245,-1,30,0,0,0,1,2,6,1,0,0,0,0,-1,-1,-1,0,-1,1014,-1,-1,-1,-1,-1,-1,1,0,0,0,0,0,1,0,7,2,8,41.85841276,-87.72229753
0,391162,-1,35,0,0,0,1,12,2,-1,0,0,0,0,-1,-1,1,21,-1,833,-1,-1,-1,-1,-1,-1,2,0,0,0,0,0,2,0,7,2,8,41.75980943,-87.74158932
-1,391469,-1,30,1,2,0,1,10,5,-1,0,0,-1,0,1,-1,-1,18,-1,1031,-1,-1,-1,-1,-1,-1,-1,-1,-1,-1,-1,-1,-1,-1,7,2,8,41.83677168,-87.72440871
2,391259,-1,30,1,2,0,1,8,5,-1,0,0,0,1,-1,-1,1,0,0,2521,-1,-1,-1,-1,-1,-1,2,1,0,0,1,0,1,0,7,2,8,41.93148471,-87.74673983
0,391216,-1,30,0,0,0,1,10,2,-1,0,0,0,0,-1,-1,-1,18,17,1623,-1,-1,-1,-1,-1,-1,2,0,0,0,0,0,2,0,7,2,8,41.96769337,-87.76496793
0,391140,-1,30,2,0,0,1,14,5,-1,0,0,0,0,1,-1,-1,-1,0,2412,-1,-1,-1,-1,-1,-1,2,0,0,0,0,0,2,0,7,2,8,41.99775479,-87.69482972
0,396290,-1,30,0,0,0,1,10,5,-1,0,0,0,0,-1,-1,-1,18,-1,1622,-1,-1,-1,-1,-1,-1,2,0,0,0,0,0,2,0,7,2,8,41.96056203,-87.76963182
0,391149,-1,30,1,2,0,1,14,3,-1,0,0,0,0,-1,-1,-1,0,-1,2531,-1,-1,-1,-1,-1,-1,2,0,0,0,0,0,2,0,7,2,8,41.90948796,-87.76577699
0,391217,-1,15,0,0,0,1,7,6,-1,0,0,0,1,-1,-1,1,0,0,1024,-1,-1,-1,-1,-1,-1,2,0,0,0,0,0,1,0,7,2,8,41.84715904,-87.70862282
0,391143,-1,25,0,0,6,1,12,5,5,1,0,0,0,-1,-1,-1,22,22,2413,-1,-1,-1,-1,-1,-1,2,0,0,0,0,0,2,0,7,2,8,41.99727278,-87.70977481
0,391121,-1,30,1,2,0,1,2,2,2,0,0,0,1,1,-1,-1,14,-1,822,-1,-1,-1,-1,-1,-1,1,0,0,0,0,0,1,0,7,2,8,41.79329726,-87.71075328
0,391138,-1,30,1,2,0,1,10,5,2,0,0,0,0,-1,-1,-1,18,-1,1611,-1,-1,-1,-1,-1,-1,2,0,0,0,0,0,2,0,6,2,8,41.99179333,-87.78169107
0,391116,-1,30,1,2,6,1,14,1,0,0,0,0,0,1,-1,-1,17,-1,1622,-1,-1,-1,-1,-1,-1,2,0,0,0,0,0,2,0,6,2,8,41.96852041,-87.7879515
0,395158,-1,30,0,0,0,1,2,5,-1,0,0,1,0,-1,-1,-1,-1,-1,1624,-1,-1,-1,-1,-1,-1,1,0,0,0,0,0,1,0,6,2,8,41.95676221,-87.78051198
0,391913,-1,30,0,0,0,1,3,5,2,0,0,0,0,-1,-1,-1,20,11,114,-1,-1,-1,-1,-1,-1,2,0,0,0,0,0,2,0,6,2,8,41.88464637,-87.6172485
0,391551,-1,20,0,0,0,1,7,5,-1,0,0,0,0,-1,-1,1,20,-1,834,-1,-1,-1,-1,-1,-1,2,0,0,0,0,0,1,0,6,2,8,41.74669641,-87.73723814
2,391107,-1,30,1,2,6,2,14,5,2,0,0,0,1,1,1,-1,17,-1,1712,-1,-1,-1,-1,-1,-1,3,2,0,0,2,0,2,0,6,2,8,41.97574658,-87.71848663
0,391115,-1,35,0,0,0,1,12,3,8,3,0,0,1,-1,-1,1,14,21,1824,-1,-1,-1,-1,-1,-1,2,0,0,0,0,0,2,0,6,2,8,41.90100286,-87.61977981
0,401319,-1,30,1,2,0,1,14,2,-1,2,0,0,0,-1,-1,-1,0,0,235,-1,-1,-1,-1,-1,-1,2,0,0,0,0,0,2,0,5,2,8,41.79485252,-87.58745328
1,391109,-1,30,2,2,0,1,0,2,-1,0,0,0,1,1,-1,-1,5,-1,1024,-1,-1,-1,-1,-1,-1,2,2,0,0,0,2,0,0,5,2,8,41.8445211,-87.71241551
0,391111,-1,30,0,0,0,1,0,6,1,0,0,0,0,-1,-1,-1,20,-1,2531,-1,-1,-1,-1,-1,-1,2,0,0,0,0,0,2,0,5,2,8,41.91203232,-87.77420625
0,391088,-1,35,0,0,0,0,7,5,2,0,0,0,1,-1,-1,1,0,0,1235,-1,-1,-1,-1,-1,-1,2,0,0,0,0,0,1,0,5,2,8,41.85809927,-87.65411939
0,391092,-1,30,0,0,0,3,2,5,4,0,0,0,1,-1,-1,-1,0,-1,2522,-1,-1,-1,-1,-1,-1,1,0,0,0,0,0,1,0,5,2,8,41.91698311,-87.74596659
0,391077,-1,30,1,2,0,3,10,5,-1,0,0,-1,0,-1,-1,1,0,-1,614,-1,-1,-1,-1,-1,-1,2,0,0,0,0,0,2,0,4,2,8,41.74662206,-87.66348933
0,391075,-1,30,0,0,0,3,7,5,-1,0,0,0,1,-1,-1,-1,33,23,2424,-1,-1,-1,-1,-1,-1,2,0,0,0,0,0,1,0,4,2,8,42.01774383,-87.68429097
2,391064,-1,30,2,2,0,3,0,5,2,0,0,0,1,1,-1,1,5,17,1214,1,-1,-1,-1,-1,-1,2,1,0,0,1,0,5,0,3,2,8,41.89019488,-87.6476687
0,391053,-1,25,0,0,0,3,7,6,1,0,0,0,0,-1,-1,1,0,0,422,-1,-1,-1,-1,-1,-1,2,0,0,0,0,0,1,0,3,2,8,41.74981583,-87.5614976
0,391257,1,30,0,0,0,3,7,6,1,0,0,0,0,-1,-1,1,0,0,1024,-1,-1,-1,0,-1,-1,2,0,0,0,0,0,1,0,3,2,8,41.85182462,-87.71377686
0,391985,-1,35,1,2,0,3,10,5,2,0,0,0,0,-1,-1,1,18,0,414,-1,-1,-1,-1,-1,-1,2,0,0,0,0,0,2,0,2,2,8,41.7569669,-87.57624762
0,391047,-1,30,1,2,0,3,10,5,-1,0,0,0,1,-1,-1,1,15,0,1814,-1,-1,-1,-1,-1,-1,2,0,0,0,0,0,5,0,2,2,8,41.91922594,-87.63677566
0,392821,1,30,-1,-1,0,-1,7,2,-1,0,-1,0,0,-1,-1,1,0,0,1724,-1,-1,-1,-1,-1,-1,3,0,0,0,0,0,1,0,2,2,8,41.96124772,-87.71228783
0,391019,-1,35,0,0,0,3,2,2,-1,0,0,0,1,0,-1,1,25,-1,1221,1,-1,-1,-1,-1,-1,1,0,0,0,0,0,2,0,1,2,8,41.88959504,-87.70163585
0,391004,-1,25,2,2,0,3,7,5,2,0,0,0,1,-1,-1,-1,11,23,1532,-1,-1,-1,-1,-1,-1,2,0,0,0,0,0,1,0,1,2,8,41.88300395,-87.74681494
3,390992,-1,40,0,0,0,3,10,3,8,0,0,0,1,-1,-1,-1,16,19,2023,-1,-1,-1,-1,-1,-1,2,6,0,4,2,0,1,0,1,2,8,41.97677895,-87.65016355
0,390996,-1,25,0,0,0,3,7,1,2,0,0,0,1,-1,-1,-1,21,12,321,-1,-1,-1,-1,-1,-1,4,0,0,0,0,0,1,0,1,2,8,41.77639519,-87.59596012
0,391040,-1,30,-1,-1,-1,-1,0,5,-1,0,-1,-1,0,-1,-1,-1,0,0,1531,-1,-1,-1,-1,-1,-1,2,0,0,0,0,0,2,0,1,2,8,41.90054784,-87.7538043
0,390989,-1,30,0,0,0,3,7,3,4,0,0,0,0,-1,-1,1,0,0,715,-1,-1,-1,-1,-1,-1,2,0,0,0,0,0,1,0,1,2,8,41.79104088,-87.66465377
0,392426,0,10,-1,-1,0,0,2,0,-1,0,-1,0,0,-1,-1,1,0,0,911,-1,-1,-1,-1,-1,-1,1,0,0,0,0,0,1,0,0,2,8,41.82453923,-87.69286134
0,390958,-1,30,1,2,0,3,10,3,4,0,0,0,0,-1,-1,-1,0,0,411,-1,-1,-1,-1,-1,-1,2,0,0,0,0,0,3,0,0,2,8,41.75156546,-87.58542288
0,398903,-1,5,0,0,-1,-1,7,7,-1,0,-1,-1,0,-1,-1,1,0,-1,1831,-1,-1,-1,-1,-1,-1,2,0,0,0,0,0,1,0,0,2,8,41.88906211,-87.63348521
0,391191,-1,30,0,0,0,3,7,5,-1,0,0,0,0,-1,1,-1,20,-1,1033,-1,-1,-1,-1,-1,-1,2,0,0,0,0,0,1,0,0,2,8,41.84789911,-87.70376143
0,395033,-1,30,0,0,0,0,10,6,-1,0,0,0,0,-1,-1,1,18,18,823,-1,-1,-1,-1,-1,-1,2,0,0,0,0,0,2,0,23,1,8,41.78080943,-87.70967203
0,390963,-1,35,0,0,0,3,0,-1,-1,0,0,0,0,1,-1,-1,-1,-1,2524,-1,-1,-1,-1,-1,-1,2,0,0,0,0,0,2,0,23,1,8,41.92503296,-87.7217481
2,390926,-1,30,1,2,0,2,9,3,-1,0,0,0,1,-1,-1,1,-1,0,332,-1,-1,-1,-1,-1,-1,2,1,0,0,1,0,1,0,23,1,8,41.7732929,-87.58644237
2,390920,1,30,1,2,0,3,14,2,0,0,0,0,1,1,-1,-1,16,17,824,-1,-1,-1,-1,-1,-1,2,1,0,0,1,0,1,0,23,1,8,41.79337055,-87.68417538
0,390917,-1,30,0,0,0,3,7,6,-1,0,0,0,0,-1,-1,1,0,11,1522,-1,-1,-1,-1,-1,-1,2,0,0,0,0,0,1,0,23,1,8,41.87740077,-87.75936856
0,390910,1,30,0,0,0,3,7,6,1,0,0,0,0,-1,-1,1,0,-1,1823,-1,-1,-1,-1,-1,-1,3,0,0,0,0,0,1,0,23,1,8,41.89729554,-87.64163052
0,390968,-1,30,0,0,0,3,7,6,-1,0,0,0,0,-1,-1,1,0,-1,834,-1,-1,-1,-1,-1,-1,2,0,0,0,0,0,1,0,22,1,8,41.74947326,-87.71717306
0,390899,-1,20,1,2,0,3,10,5,-1,0,0,-1,0,-1,-1,-1,0,0,1723,-1,-1,-1,-1,-1,-1,2,0,0,0,0,0,6,0,22,1,8,41.9538658,-87.71850238
0,392018,-1,30,0,0,0,0,12,5,2,0,-1,-1,0,-1,-1,-1,22,22,1925,-1,-1,-1,-1,-1,-1,2,0,0,0,0,0,2,0,22,1,8,41.94114716,-87.63942972
0,390887,-1,30,0,0,0,3,10,3,4,0,0,0,1,-1,-1,-1,7,18,1723,-1,-1,-1,-1,-1,-1,2,0,0,0,0,0,2,0,22,1,8,41.95381063,-87.72415983
0,390928,-1,30,1,2,0,3,14,2,8,3,0,3,0,1,-1,-1,11,11,2022,-1,-1,-1,-1,-1,-1,2,0,0,0,0,0,2,0,22,1,8,41.98721328,-87.65515073
0,390903,-1,30,1,2,0,3,14,1,-1,0,0,0,0,0,-1,1,23,-1,831,-1,-1,-1,-1,-1,-1,2,0,0,0,0,0,2,0,22,1,8,41.77171915,-87.70311509
0,390934,-1,30,1,2,0,3,0,5,3,0,0,0,0,-1,-1,1,6,5,935,-1,-1,-1,-1,-1,-1,2,0,0,0,0,0,3,0,22,1,8,41.79419527,-87.6319264
0,392252,-1,30,0,0,0,1,7,5,-1,0,0,0,0,-1,-1,1,0,0,712,-1,-1,-1,-1,-1,-1,2,0,0,0,0,0,1,0,22,1,8,41.79386901,-87.6452949
0,390846,-1,30,0,0,0,3,7,6,1,0,0,0,1,-1,-1,-1,0,11,1132,-1,-1,-1,-1,-1,-1,2,0,0,0,0,0,1,0,22,1,8,41.8698976,-87.72672518
0,390900,-1,30,0,0,0,3,7,7,-1,0,0,-1,0,-1,-1,-1,27,0,1931,-1,-1,-1,-1,-1,-1,2,0,0,0,0,0,1,0,22,1,8,41.93547203,-87.66865454
0,390849,-1,30,1,-1,-1,-1,10,2,-1,0,-1,-1,0,-1,-1,-1,18,-1,1432,-1,-1,-1,-1,-1,-1,2,0,0,0,0,0,2,0,22,1,8,41.93266088,-87.68777115
0,391761,1,30,0,0,0,3,7,6,1,0,0,0,0,-1,-1,-1,0,0,2413,-1,-1,-1,-1,-1,-1,2,0,0,0,0,0,1,0,22,1,8,41.99278219,-87.68836234
2,390842,-1,30,1,2,0,3,14,2,4,0,0,0,1,1,-1,-1,17,16,1724,-1,-1,-1,-1,-1,-1,2,2,0,0,2,0,1,0,22,1,8,41.95400785,-87.7081649
3,390826,-1,30,0,0,0,3,9,5,4,0,0,0,1,-1,-1,-1,-1,-1,225,-1,-1,-1,-1,-1,-1,2,1,0,1,0,0,2,0,21,1,8,41.80063587,-87.62571139
0,390889,-1,30,0,0,0,3,7,5,-1,0,0,0,1,-1,-1,1,10,-1,213,-1,-1,-1,-1,-1,-1,3,0,0,0,0,0,1,0,21,1,8,41.81766983,-87.62483055
0,390868,-1,30,0,0,0,3,7,2,2,0,0,0,1,-1,-1,1,16,-1,733,-1,-1,-1,-1,-1,-1,2,0,0,0,0,0,1,0,21,1,8,41.76248135,-87.64934381
0,390829,-1,30,0,0,0,3,7,5,4,0,0,0,1,-1,-1,1,21,-1,833,-1,-1,-1,-1,-1,-1,2,0,0,0,0,0,2,0,21,1,8,41.77041064,-87.72269814
2,391008,-1,35,1,2,0,3,10,3,-1,0,0,0,1,1,-1,1,18,-1,813,-1,-1,-1,-1,-1,-1,2,2,0,0,1,1,2,0,21,1,8,41.78560534,-87.74148355
0,390817,-1,30,1,2,0,3,12,2,-1,0,0,0,0,1,-1,1,22,-1,123,-1,-1,-1,-1,-1,-1,2,0,0,0,0,0,3,0,21,1,8,41.87565854,-87.62440494
0,391764,-1,30,1,2,0,3,10,5,-1,0,0,0,0,-1,-1,-1,18,-1,1722,-1,-1,-1,-1,-1,-1,2,0,0,0,0,0,2,0,21,1,8,41.96090656,-87.74124787
0,390843,-1,25,0,0,0,3,7,5,2,0,0,0,0,-1,-1,-1,20,21,1915,-1,-1,-1,-1,-1,-1,2,0,0,0,0,0,1,0,21,1,8,41.95660834,-87.65201553
0,390838,-1,35,0,0,0,3,11,12,-1,0,0,-1,0,-1,-1,1,0,-1,631,-1,-1,-1,-1,-1,-1,2,0,0,0,0,0,2,0,21,1,8,41.74384296,-87.61949235
0,390820,-1,30,0,0,0,3,7,6,1,0,0,0,1,-1,-1,1,16,-1,731,-1,-1,-1,-1,-1,-1,2,0,0,0,0,0,1,0,21,1,8,41.76505653,-87.63358
0,390806,-1,25,0,0,0,3,10,2,-1,0,0,0,0,-1,-1,-1,8,16,1915,-1,-1,-1,-1,-1,-1,2,0,0,0,0,0,2,0,21,1,8,41.9617548,-87.64854373
0,390759,-1,30,2,2,0,3,7,6,1,0,0,0,1,-1,-1,1,0,0,1034,-1,-1,-1,-1,-1,-1,2,0,0,0,0,0,1,0,21,1,8,41.85000145,-87.69314137
0,390788,-1,30,1,-1,0,3,10,5,4,0,-1,-1,0,1,-1,-1,-1,-1,2531,-1,-1,-1,-1,-1,-1,2,0,0,0,0,0,2,0,21,1,8,41.90948796,-87.76577699
0,393430,-1,30,0,0,0,0,10,5,2,0,-1,-1,0,-1,-1,-1,18,18,1932,-1,-1,-1,-1,-1,-1,2,0,0,0,0,0,4,0,21,1,8,41.93255021,-87.66604833
0,393080,-1,30,0,0,0,1,7,6,-1,0,0,0,0,-1,-1,1,0,0,1024,-1,-1,-1,-1,-1,-1,2,0,0,0,0,0,1,0,21,1,8,41.84899844,-87.71111399
0,391547,-1,25,2,2,0,1,14,2,-1,0,0,0,0,1,-1,1,22,23,912,-1,-1,-1,-1,-1,-1,2,0,0,0,0,0,2,0,21,1,8,41.82848323,-87.67285359
0,390809,-1,30,1,2,0,3,12,5,4,0,0,0,0,1,-1,1,0,0,215,-1,-1,-1,-1,-1,-1,2,0,0,0,0,0,2,0,21,1,8,41.81103208,-87.62140462
0,390751,-1,35,1,2,0,0,0,5,2,0,0,0,0,1,-1,-1,0,0,2211,-1,-1,-1,-1,-1,-1,2,0,0,0,0,0,3,0,21,1,8,41.69843965,-87.7204865
0,390764,-1,30,1,2,0,3,0,2,-1,0,0,0,1,1,-1,-1,17,23,1411,-1,-1,-1,-1,-1,-1,3,0,0,0,0,0,3,0,20,1,8,41.9322054,-87.69767924
0,390805,-1,30,0,0,0,0,11,7,-1,0,0,0,0,-1,1,-1,20,0,221,-1,-1,-1,-1,-1,-1,2,0,0,0,0,0,2,0,20,1,8,41.8096287,-87.60736974
0,390822,-1,30,2,2,0,3,0,5,2,0,0,0,1,1,-1,-1,0,-1,1932,-1,-1,-1,-1,-1,-1,2,0,0,0,0,0,4,0,20,1,8,41.92723554,-87.65381857
0,390755,-1,25,0,0,0,1,12,5,4,0,0,0,0,-1,-1,1,22,25,215,-1,-1,-1,-1,-1,-1,2,0,0,0,0,0,2,0,20,1,8,41.80930796,-87.62813931
2,390747,-1,20,2,2,0,3,8,5,-1,0,0,0,1,1,-1,-1,17,0,822,-1,-1,-1,-1,-1,-1,2,1,0,0,1,0,1,0,20,1,8,41.8005635,-87.71615442
0,391190,-1,30,0,0,0,1,7,5,2,0,0,0,0,-1,-1,1,0,-1,1621,-1,-1,-1,-1,-1,-1,2,0,0,0,0,0,1,0,20,1,8,41.9780454,-87.74852775
0,390825,-1,30,0,0,0,3,14,5,2,0,0,0,1,1,-1,-1,17,23,1023,-1,-1,-1,-1,-1,-1,2,0,0,0,0,0,2,0,20,1,8,41.86311984,-87.69098933
0,390742,-1,15,0,0,0,3,7,7,-1,0,0,0,0,-1,1,1,16,-1,2512,-1,-1,-1,-1,-1,-1,2,0,0,0,0,0,1,0,20,1,8,41.92692481,-87.79275105
0,390741,-1,25,0,0,0,4,7,5,2,0,0,0,0,-1,-1,-1,11,0,833,-1,-1,-1,-1,-1,-1,2,0,0,0,0,0,1,0,20,1,8,41.75152062,-87.71871343
0,390726,-1,30,2,2,0,3,14,5,2,0,0,0,0,1,-1,1,17,21,2033,-1,-1,-1,-1,-1,-1,2,0,0,0,0,0,4,0,20,1,8,41.97338078,-87.65783914
0,390774,-1,30,0,0,0,4,12,5,2,0,0,0,0,-1,-1,1,16,0,1031,-1,-1,-1,-1,-1,-1,2,0,0,0,0,0,2,0,19,1,8,41.84230798,-87.71732257
0,390712,-1,30,0,0,0,1,7,5,-1,0,0,0,0,-1,-1,-1,-1,-1,831,-1,-1,-1,-1,-1,-1,2,0,0,0,0,0,1,0,19,1,8,41.76314154,-87.70385335
0,390679,-1,30,2,2,0,1,10,5,-1,0,0,0,0,1,-1,-1,18,0,811,-1,-1,-1,-1,-1,-1,2,0,0,0,0,0,6,0,19,1,8,41.78695124,-87.77170113
0,390711,-1,30,2,2,0,0,0,6,1,0,0,-1,0,1,-1,1,17,0,1532,-1,-1,-1,-1,-1,-1,2,0,0,0,0,0,2,0,19,1,8,41.88922097,-87.75300752
2,390728,-1,30,1,2,0,4,10,5,-1,0,0,0,1,-1,-1,1,18,0,2524,-1,-1,-1,-1,-1,-1,3,2,0,0,2,0,10,0,19,1,8,41.9316667,-87.72793441
0,390692,-1,35,1,2,0,1,10,2,4,0,0,0,0,1,-1,-1,18,17,2433,-1,-1,-1,-1,-1,-1,4,0,0,0,0,0,9,0,19,1,8,41.99759419,-87.66034487
0,390769,-1,30,0,0,0,4,7,6,-1,0,0,0,1,-1,-1,-1,12,0,1711,-1,-1,-1,-1,-1,-1,4,0,0,0,0,0,1,0,19,1,8,41.98493203,-87.71395258
0,390656,-1,25,0,0,0,4,7,12,1,0,0,0,0,-1,-1,-1,27,0,1911,-1,-1,-1,-1,-1,-1,2,0,0,0,0,0,1,0,19,1,8,41.96149594,-87.69221147
0,390657,-1,25,1,2,0,1,10,5,-1,0,0,0,0,1,-1,-1,18,16,2433,-1,-1,-1,-1,-1,-1,2,0,0,0,0,0,3,0,19,1,8,41.99796526,-87.67065883
2,390651,-1,30,0,0,0,1,8,3,2,0,0,0,1,1,-1,1,18,-1,1412,-1,-1,-1,-1,-1,-1,2,1,0,0,1,0,1,0,19,1,8,41.92842183,-87.70802578
0,392043,-1,5,0,0,0,1,7,7,1,0,0,0,0,-1,-1,1,0,0,1822,-1,-1,-1,-1,-1,-1,2,0,0,0,0,0,1,0,19,1,8,41.90714468,-87.64645783
0,391607,1,35,0,0,0,3,7,6,-1,0,0,0,0,-1,-1,1,0,0,421,-1,-1,-1,-1,-1,-1,2,0,0,0,0,0,1,0,19,1,8,41.75870036,-87.56408836
0,390606,-1,30,0,0,0,4,12,5,-1,0,0,0,0,-1,-1,-1,17,-1,1632,-1,-1,-1,-1,-1,-1,2,0,0,0,0,0,2,0,19,1,8,41.94275347,-87.79602403
0,390622,-1,30,0,0,0,1,12,5,2,0,0,0,0,-1,-1,-1,0,0,312,-1,-1,-1,-1,-1,-1,2,0,0,0,0,0,2,0,18,1,8,41.77850179,-87.60603509
1,390695,-1,30,1,2,0,1,8,2,2,0,0,0,1,-1,-1,1,21,-1,1424,-1,-1,-1,-1,-1,-1,2,1,0,0,0,1,1,0,18,1,8,41.90338992,-87.67152182
0,390661,-1,30,1,2,0,1,10,6,2,2,0,0,1,1,-1,-1,16,0,1411,-1,-1,-1,-1,-1,-1,3,0,0,0,0,0,6,0,18,1,8,41.93922932,-87.7068823
0,390633,-1,30,0,0,0,4,12,2,2,0,0,0,0,-1,-1,1,18,18,1633,-1,-1,-1,-1,-1,-1,2,0,0,0,0,0,4,0,18,1,8,41.94262743,-87.76649515
0,390604,-1,15,0,0,0,1,0,6,1,0,0,0,0,-1,-1,-1,17,17,822,-1,-1,-1,-1,-1,-1,2,0,0,0,0,0,3,0,18,1,8,41.795207,-87.7052293
0,390681,-1,20,1,2,0,1,10,2,-1,0,0,-1,0,-1,-1,1,18,18,2432,-1,-1,-1,-1,-1,-1,2,0,0,0,0,0,2,0,18,1,8,42.00060228,-87.66057161
0,390614,-1,35,0,0,0,1,12,6,-1,0,0,0,0,-1,-1,-1,7,0,1411,-1,-1,-1,-1,-1,-1,2,0,0,0,0,0,6,0,18,1,8,41.93064883,-87.69014658
0,390615,-1,25,0,0,0,1,0,5,2,0,0,0,0,-1,-1,-1,17,0,2413,-1,-1,-1,-1,-1,-1,2,0,0,0,0,0,2,0,18,1,8,41.99747423,-87.69949185
0,392210,1,30,0,0,0,4,12,3,2,0,0,0,0,-1,-1,-1,17,16,2032,-1,-1,-1,-1,-1,-1,2,0,0,0,0,0,3,0,18,1,8,41.9693013,-87.66930406
0,390595,-1,20,1,2,0,1,10,2,-1,0,0,-1,0,-1,-1,1,18,18,2412,-1,-1,-1,-1,-1,-1,2,0,0,0,0,0,2,0,18,1,8,41.99782545,-87.69062259
2,390579,-1,30,2,2,0,1,8,5,2,0,0,0,1,-1,-1,-1,17,-1,1925,-1,-1,-1,-1,-1,-1,2,1,0,0,1,0,1,0,18,1,8,41.95041254,-87.64437121
2,390863,-1,30,1,2,0,4,10,5,4,0,0,-1,1,1,-1,1,0,0,122,-1,-1,-1,-1,-1,-1,2,3,0,0,1,2,1,0,18,1,8,41.88704174,-87.63389094
0,390582,-1,30,0,0,0,1,12,5,-1,0,0,0,1,-1,-1,-1,17,17,1631,-1,-1,-1,-1,-1,-1,4,0,0,0,0,0,2,0,18,1,8,41.94532566,-87.81973826
0,390641,-1,35,0,0,0,1,0,5,2,0,0,0,0,-1,-1,-1,17,0,324,-1,-1,-1,-1,-1,-1,2,0,0,0,0,0,3,0,18,1,8,41.7623441,-87.58190585
0,390630,-1,30,0,0,0,1,10,5,2,0,0,0,0,-1,-1,1,18,0,1235,-1,-1,-1,-1,-1,-1,2,0,0,0,0,0,6,0,18,1,8,41.85511885,-87.65437507
0,390583,-1,35,0,0,0,1,7,5,2,0,0,0,0,-1,-1,1,0,0,833,-1,-1,-1,-1,-1,-1,2,0,0,0,0,0,1,0,17,1,8,41.76425261,-87.71490198
0,390580,-1,30,1,2,0,1,10,5,-1,0,0,0,0,-1,-1,-1,0,0,1221,-1,-1,-1,-1,-1,-1,2,0,0,0,0,0,2,0,17,1,8,41.89245173,-87.69165537
0,390550,-1,30,1,2,0,1,2,5,2,0,0,0,0,-1,-1,-1,16,11,213,-1,-1,-1,-1,-1,-1,1,0,0,0,0,0,1,0,17,1,8,41.83078218,-87.62679018
0,390558,-1,30,0,0,0,1,7,7,-1,0,0,0,0,-1,-1,1,11,-1,1921,-1,-1,-1,-1,-1,-1,2,0,0,0,0,0,1,0,17,1,8,41.9427472,-87.68835432
0,390567,-1,30,0,0,0,1,2,3,-1,0,0,0,0,-1,-1,-1,13,13,211,-1,-1,-1,-1,-1,-1,1,0,0,0,0,0,1,0,17,1,8,41.83841192,-87.60843282
0,390540,-1,25,2,2,0,1,14,6,-1,0,0,0,0,-1,-1,1,18,10,1834,-1,-1,-1,-1,-1,-1,2,0,0,0,0,0,2,0,17,1,8,41.8950309,-87.62553203
2,390520,-1,35,0,0,0,1,14,3,7,0,0,0,1,1,-1,-1,17,33,814,-1,-1,-1,-1,-1,-1,2,1,0,0,1,0,1,0,17,1,8,41.80953449,-87.7433466
0,390576,-1,20,0,0,0,1,7,6,-1,0,0,0,0,-1,-1,-1,0,0,2433,-1,-1,-1,-1,-1,-1,2,0,0,0,0,0,1,0,17,1,8,41.99649943,-87.65877462