MOST_SEVERE_INJURY,RD_NO,CRASH_DATE_EST_I,POSTED_SPEED_LIMIT,TRAFFIC_CONTROL_DEVICE,DEVICE_CONDITION,WEATHER_CONDITION,LIGHTING_CONDITION,FIRST_CRASH_TYPE,TRAFFICWAY_TYPE,LANE_CNT,ALIGNMENT,ROADWAY_SURFACE_COND,ROAD_DEFECT,CRASH_TYPE,INTERSECTION_RELATED_I,NOT_RIGHT_OF_WAY_I,HIT_AND_RUN_I,PRIM_CONTRIBUTORY_CAUSE,SEC_CONTRIBUTORY_CAUSE,BEAT_OF_OCCURRENCE,PHOTOS_TAKEN_I,STATEMENTS_TAKEN_I,DOORING_I,WORK_ZONE_I,WORK_ZONE_TYPE,WORKERS_PRESENT_I,NUM_UNITS,INJURIES_TOTAL,INJURIES_FATAL,INJURIES_INCAPACITATING,INJURIES_NON_INCAPACITATING,INJURIES_REPORTED_NOT_EVIDENT,INJURIES_NO_INDICATION,INJURIES_UNKNOWN,CRASH_HOUR,CRASH_DAY_OF_WEEK,CRASH_MONTH,LATITUDE,LONGITUDE
0,391413,1,30,0,0,0,1,12,6,-1,0,0,0,0,-1,-1,-1,0,-1,2525,-1,-1,-1,-1,-1,-1,2,0,0,0,0,0,3,0,17,1,8,41.92273834,-87.72878909
0,390559,-1,0,2,2,0,1,10,5,1,0,0,0,0,-1,-1,-1,0,0,222,-1,-1,-1,-1,-1,-1,2,0,0,0,0,0,2,0,17,1,8,41.80776696,-87.59187937
0,390577,-1,30,1,2,0,1,14,5,-1,0,0,0,0,1,-1,-1,23,-1,2012,-1,-1,-1,-1,-1,-1,2,0,0,0,0,0,5,0,17,1,8,41.9900537,-87.6704369
3,390545,-1,30,1,2,0,1,9,2,2,0,0,0,1,1,-1,-1,17,0,2033,-1,-1,-1,-1,-1,-1,2,1,0,1,0,0,3,0,17,1,8,41.97321459,-87.65992981
0,390528,-1,30,0,0,0,1,10,5,2,0,0,0,0,-1,-1,-1,18,0,1922,-1,-1,-1,-1,-1,-1,2,0,0,0,0,0,2,0,17,1,8,41.94676965,-87.677376
0,390600,-1,35,1,2,0,1,0,2,6,0,0,0,0,1,-1,-1,17,0,412,-1,-1,-1,-1,-1,-1,2,0,0,0,0,0,2,0,17,1,8,41.73500058,-87.58574783
0,390551,-1,30,0,0,2,1,12,6,1,0,0,0,0,1,-1,-1,17,16,1432,-1,-1,-1,-1,-1,-1,2,0,0,0,0,0,2,0,17,1,8,41.92330374,-87.68472745
0,390530,-1,30,1,2,0,1,14,3,4,0,0,0,1,1,-1,-1,17,23,1733,-1,-1,-1,-1,-1,-1,2,0,0,0,0,0,8,0,17,1,8,41.93944056,-87.70771852
0,390560,-1,30,12,0,0,1,9,2,4,0,0,0,0,-1,-1,-1,17,-1,2411,-1,-1,-1,-1,-1,-1,2,0,0,0,0,0,2,0,17,1,8,42.01401283,-87.69008601
0,404597,1,30,0,0,-1,-1,7,6,-1,0,-1,-1,0,-1,-1,1,20,-1,2023,-1,-1,-1,-1,-1,-1,2,0,0,0,0,0,1,0,17,1,8,41.98014572,-87.65601925
0,391610,-1,30,0,0,0,1,7,5,-1,0,0,0,0,-1,-1,1,0,-1,1014,-1,-1,-1,-1,-1,-1,2,0,0,0,0,0,1,0,17,1,8,41.86068948,-87.71754473
0,390734,-1,30,0,0,0,1,7,5,-1,0,0,0,0,-1,-1,1,20,-1,2511,-1,-1,-1,-1,-1,-1,2,0,0,0,0,0,1,0,17,1,8,41.93443086,-87.81599605
0,390513,-1,10,0,0,0,1,7,7,-1,0,-1,-1,0,-1,-1,-1,20,20,1915,-1,-1,-1,-1,-1,-1,2,0,0,0,0,0,1,0,17,1,8,41.96139778,-87.65459298
0,390476,-1,30,0,0,-1,-1,7,5,2,0,-1,0,0,-1,-1,1,0,-1,1433,-1,-1,-1,-1,-1,-1,2,0,0,0,0,0,1,0,16,1,8,41.91165807,-87.6664191
0,390524,-1,15,0,0,0,1,14,7,1,0,0,0,0,-1,-1,1,0,-1,412,-1,-1,-1,-1,-1,-1,2,0,0,0,0,0,4,0,16,1,8,41.73648161,-87.58578401
0,390511,-1,30,0,0,0,1,10,5,-1,0,0,0,0,-1,-1,-1,18,7,1423,-1,-1,-1,-1,-1,-1,2,0,0,0,0,0,2,0,16,1,8,41.90380716,-87.7066728
0,390501,-1,30,0,0,0,1,7,3,2,0,0,0,0,-1,-1,-1,11,11,1224,-1,-1,-1,-1,-1,-1,2,0,0,0,0,0,1,0,16,1,8,41.88137665,-87.66449649
0,390491,-1,15,0,0,0,1,7,7,-1,0,0,0,0,-1,1,1,0,0,811,-1,-1,-1,-1,-1,-1,2,0,0,0,0,0,2,0,16,1,8,41.79185207,-87.8013778
0,391636,-1,30,0,0,0,1,2,12,0,0,0,0,0,-1,-1,1,0,20,124,-1,-1,-1,-1,-1,-1,1,0,0,0,0,0,1,0,16,1,8,41.86953109,-87.64388153
0,390470,-1,30,2,2,0,1,0,2,-1,0,0,0,1,1,1,-1,17,16,2011,-1,-1,-1,-1,-1,-1,3,0,0,0,0,0,2,0,16,1,8,41.98307674,-87.6905082
0,390486,-1,20,0,0,0,1,10,6,3,0,0,0,1,-1,-1,1,20,-1,431,-1,-1,-1,-1,-1,-1,2,0,0,0,0,0,2,0,16,1,8,41.72156654,-87.55367752
2,390447,-1,20,0,0,0,1,8,5,2,0,0,0,1,1,-1,-1,17,0,2233,-1,-1,-1,-1,-1,-1,2,1,0,0,1,0,1,0,16,1,8,41.69587376,-87.64364822
0,390517,-1,25,0,0,0,1,7,5,-1,0,0,0,0,-1,-1,1,0,0,1235,-1,-1,-1,-1,-1,-1,2,0,0,0,0,0,1,0,16,1,8,41.85656724,-87.65074652
0,390460,-1,0,2,2,0,1,10,2,4,0,0,0,0,-1,-1,-1,18,0,1031,-1,-1,-1,-1,-1,-1,2,0,0,0,0,0,2,0,16,1,8,41.83691323,-87.7314113
0,390440,-1,30,0,0,0,1,2,5,-1,0,0,0,1,-1,-1,-1,0,0,1614,-1,-1,-1,-1,-1,-1,1,0,0,0,0,0,2,0,16,1,8,41.96276792,-87.83684033
0,390426,-1,30,1,2,0,1,10,5,2,0,0,0,0,1,-1,-1,0,0,1214,-1,-1,-1,-1,-1,-1,2,0,0,0,0,0,2,0,16,1,8,41.89413092,-87.64755388
0,391992,-1,30,0,0,0,1,7,5,2,0,-1,-1,0,-1,-1,-1,0,0,2512,-1,-1,-1,-1,-1,-1,2,0,0,0,0,0,1,0,16,1,8,41.92886132,-87.80376686
0,391408,1,30,0,0,0,-1,7,2,-1,0,0,0,0,-1,-1,1,0,-1,1224,-1,-1,-1,-1,-1,-1,2,0,0,0,0,0,1,0,16,1,8,41.88055253,-87.65725386
0,390468,-1,30,1,-1,-1,-1,14,5,4,0,-1,-1,1,-1,-1,-1,0,0,2234,-1,-1,-1,-1,-1,-1,2,0,0,0,0,0,3,0,16,1,8,41.6837681,-87.66169496
0,390445,-1,30,0,0,0,1,12,2,4,0,-1,-1,0,-1,-1,1,17,17,1912,-1,-1,-1,-1,-1,-1,2,0,0,0,0,0,3,0,16,1,8,41.96281613,-87.66914191
0,390431,-1,30,0,0,0,1,10,7,-1,0,0,0,0,-1,1,-1,-1,-1,822,-1,-1,-1,-1,-1,-1,2,0,0,0,0,0,2,0,16,1,8,41.78911255,-87.70357973
0,309432,-1,15,0,0,0,1,7,7,0,0,0,0,0,-1,1,-1,27,11,2012,-1,-1,-1,-1,-1,-1,2,0,0,0,0,0,2,0,15,1,8,41.97994926,-87.66867705
0,390394,-1,0,0,0,0,4,12,2,2,0,0,0,0,-1,-1,-1,0,0,2013,-1,-1,-1,-1,-1,-1,4,0,0,0,0,0,1,0,15,1,8,41.97642523,-87.66041176
0,391741,-1,35,0,0,0,1,10,2,2,0,0,0,0,-1,-1,-1,0,0,1013,-1,-1,-1,-1,-1,-1,2,0,0,0,0,0,2,0,15,1,8,41.84777752,-87.73450597
0,390392,-1,30,1,2,0,1,14,5,-1,0,0,0,0,1,-1,-1,0,0,1831,-1,-1,-1,-1,-1,-1,2,0,0,0,0,0,2,0,15,1,8,41.89241124,-87.62952785
0,390673,-1,30,2,2,0,1,14,5,2,0,0,0,0,-1,-1,1,22,25,511,-1,-1,-1,-1,-1,-1,2,0,0,0,0,0,2,0,15,1,8,41.71663241,-87.59596811
0,390433,-1,30,2,2,0,1,10,6,2,0,0,-1,0,-1,-1,-1,0,-1,1225,-1,-1,-1,-1,-1,-1,2,0,0,0,0,0,2,0,15,1,8,41.87493526,-87.67485823
0,390383,-1,30,1,0,0,1,10,5,-1,0,0,0,0,1,-1,-1,18,-1,2011,-1,-1,-1,-1,-1,-1,2,0,0,0,0,0,4,0,15,1,8,41.98354116,-87.68960643
0,391427,-1,30,0,0,0,1,14,12,-1,0,0,0,0,-1,1,-1,0,0,832,-1,-1,-1,-1,-1,-1,2,0,0,0,0,0,2,0,15,1,8,41.76278384,-87.68333691
0,390508,-1,15,0,0,0,1,10,7,-1,0,0,0,0,-1,-1,-1,17,0,1432,-1,-1,-1,-1,-1,-1,2,0,0,0,0,0,2,0,15,1,8,41.93126646,-87.68627205
0,390436,-1,30,1,2,0,3,14,3,4,0,0,0,1,1,-1,-1,17,0,111,-1,-1,-1,-1,-1,-1,2,0,0,0,0,0,4,0,15,1,8,41.88668034,-87.63081064
2,390429,-1,30,1,1,0,1,12,5,2,0,0,0,1,1,-1,-1,22,-1,414,-1,-1,-1,-1,-1,-1,2,4,0,0,4,0,2,0,15,1,8,41.75171656,-87.57592307
0,390407,-1,30,4,0,0,1,10,2,-1,0,0,0,0,0,-1,-1,18,18,632,-1,-1,-1,-1,-1,-1,2,0,0,0,0,0,2,0,15,1,8,41.73628175,-87.62274791
0,390391,-1,30,0,0,0,1,10,3,2,0,0,0,0,-1,-1,1,18,18,1225,-1,-1,-1,-1,-1,-1,2,0,0,0,0,0,4,0,15,1,8,41.86804793,-87.68592806
0,390370,-1,30,0,0,0,1,10,5,4,0,0,0,0,-1,-1,-1,16,-1,1224,-1,-1,-1,-1,-1,-1,4,0,0,0,0,0,4,0,15,1,8,41.88190215,-87.64610968
0,390462,-1,30,2,2,0,1,0,5,1,0,0,0,1,1,-1,-1,12,12,1822,-1,-1,-1,-1,-1,-1,2,0,0,0,0,0,3,0,15,1,8,41.90561478,-87.64989528
0,390385,-1,10,0,0,0,1,7,7,3,0,0,-1,0,-1,1,-1,0,0,412,-1,-1,-1,-1,-1,-1,2,0,0,0,0,0,2,0,15,1,8,41.73679546,-87.58627251
2,390340,-1,30,1,2,0,1,8,6,2,0,0,0,1,1,-1,-1,17,16,713,-1,-1,-1,-1,-1,-1,2,1,0,0,1,0,1,0,15,1,8,41.79362426,-87.65978512
1,390555,-1,30,-1,-1,0,1,10,5,2,2,0,0,1,-1,-1,1,25,25,1013,-1,-1,-1,-1,-1,-1,4,1,0,0,0,1,3,0,15,1,8,41.84971518,-87.71752803
0,390396,-1,30,0,0,0,1,10,5,-1,0,0,0,1,-1,-1,-1,18,-1,512,-1,-1,-1,-1,-1,-1,2,0,0,0,0,0,3,0,15,1,8,41.70742316,-87.60097563
0,390368,-1,30,0,0,0,1,10,2,-1,0,0,0,1,1,-1,-1,7,16,1431,-1,-1,-1,-1,-1,-1,2,0,0,0,0,0,3,0,14,1,8,41.92494135,-87.69500315
0,390390,-1,30,1,2,0,1,10,3,4,0,0,0,0,1,-1,1,18,0,225,-1,-1,-1,-1,-1,-1,2,0,0,0,0,0,2,0,14,1,8,41.7947522,-87.62561859
1,390329,-1,30,1,2,0,1,9,5,4,0,0,0,1,1,-1,-1,16,6,1821,-1,1,-1,-1,-1,-1,2,1,0,0,0,1,1,0,14,1,8,41.90400775,-87.63161085
0,392968,-1,30,0,2,0,1,10,5,-1,0,0,0,0,-1,-1,-1,0,-1,2533,-1,-1,-1,-1,-1,-1,2,0,0,0,0,0,2,0,14,1,8,41.90974035,-87.7457416
0,391579,-1,15,0,0,0,1,7,0,1,0,0,0,0,-1,-1,1,0,-1,1423,-1,-1,-1,-1,-1,-1,2,0,0,0,0,0,1,0,14,1,8,41.90871544,-87.69687408
0,390351,-1,30,1,2,0,1,10,2,2,0,0,0,0,-1,-1,-1,0,0,1712,-1,-1,-1,-1,-1,-1,2,0,0,0,0,0,2,0,14,1,8,41.97203104,-87.72828227
0,390341,-1,0,0,0,0,1,7,7,1,0,0,0,0,-1,-1,-1,20,0,224,-1,-1,-1,-1,-1,-1,2,0,0,0,0,0,1,0,14,1,8,41.80909613,-87.62767633
0,390668,1,30,-1,-1,0,2,7,7,-1,0,-1,-1,0,-1,-1,1,0,-1,1731,-1,-1,-1,-1,-1,-1,2,0,0,0,0,0,1,0,14,1,8,41.9395478,-87.72734535
0,390402,1,15,0,0,0,1,2,0,-1,0,0,0,0,-1,1,1,0,0,1733,-1,-1,-1,-1,-1,-1,2,0,0,0,0,0,1,0,14,1,8,41.95244654,-87.70445464
0,390325,-1,15,0,0,0,1,7,7,-1,0,0,0,0,-1,-1,1,23,16,1111,-1,-1,-1,-1,-1,-1,2,0,0,0,0,0,3,0,14,1,8,41.90233166,-87.74045895
0,390310,-1,30,0,0,0,1,7,2,2,0,0,0,0,-1,-1,1,0,0,2512,-1,-1,-1,-1,-1,-1,2,0,0,0,0,0,1,0,14,1,8,41.92066626,-87.77680365
0,390304,-1,35,1,2,0,1,14,12,6,0,0,0,1,-1,-1,-1,6,3,1631,-1,-1,-1,-1,-1,-1,2,0,0,0,0,0,2,0,14,1,8,41.95194999,-87.83679806
1,390331,-1,30,0,0,0,1,14,5,2,0,0,0,1,-1,-1,-1,23,-1,1833,-1,-1,-1,-1,-1,-1,2,1,0,0,0,1,3,0,14,1,8,41.89688261,-87.62152858
0,390409,-1,30,0,0,0,1,10,7,-1,0,0,0,0,-1,1,-1,0,0,2234,-1,-1,-1,-1,-1,-1,2,0,0,0,0,0,2,0,14,1,8,41.67812041,-87.66263903
0,393135,-1,30,-1,-1,0,1,12,5,-1,0,-1,-1,0,-1,-1,-1,0,-1,1112,-1,-1,-1,-1,-1,-1,2,0,0,0,0,0,2,0,14,1,8,41.89529273,-87.72225789
0,391193,-1,30,0,0,-1,-1,7,5,-1,0,-1,-1,0,-1,-1,1,0,-1,913,-1,-1,-1,-1,-1,-1,2,0,0,0,0,0,1,0,14,1,8,41.83654064,-87.64824259
0,390335,-1,30,2,2,0,1,10,2,4,0,0,0,0,-1,-1,1,16,-1,215,-1,-1,-1,-1,-1,-1,2,0,0,0,0,0,2,0,13,1,8,41.81651211,-87.61778072
0,390312,-1,30,0,0,0,1,7,7,-1,0,0,0,0,-1,-1,1,-1,-1,1513,-1,-1,-1,-1,-1,-1,2,0,0,0,0,0,1,0,13,1,8,41.86570874,-87.76437624
0,402747,-1,30,0,0,0,1,2,6,-1,0,0,1,1,-1,-1,-1,0,-1,2532,-1,-1,-1,-1,-1,-1,1,0,0,0,0,0,1,0,13,1,8,41.90597422,-87.75668916
0,390778,-1,30,-1,-1,-1,-1,12,6,-1,0,-1,-1,0,-1,-1,1,25,0,333,-1,-1,-1,-1,-1,-1,2,0,0,0,0,0,4,0,13,1,8,41.75977546,-87.57506616
0,391210,-1,35,0,0,0,1,11,5,-1,0,0,0,0,1,-1,-1,17,-1,2221,-1,-1,-1,-1,-1,-1,2,0,0,0,0,0,2,0,13,1,8,41.72657419,-87.66295077
0,390300,-1,0,0,0,0,1,12,6,2,0,0,0,0,-1,-1,-1,0,0,215,-1,-1,-1,-1,-1,-1,2,0,0,0,0,0,2,0,13,1,8,41.81466863,-87.62150353
2,390307,1,30,0,0,0,1,14,2,2,0,0,0,1,-1,-1,-1,23,11,1021,-1,-1,-1,-1,-1,-1,2,1,0,0,1,0,1,0,13,1,8,41.85910943,-87.71283397
0,390427,-1,30,1,2,0,1,10,5,-1,0,0,0,0,-1,-1,-1,0,0,122,-1,-1,-1,-1,-1,-1,2,0,0,0,0,0,2,0,13,1,8,41.87799553,-87.63505481
-1,390239,-1,30,2,0,0,1,7,6,-1,0,0,0,0,-1,-1,-1,0,-1,915,-1,-1,-1,-1,-1,-1,2,-1,-1,-1,-1,-1,-1,-1,13,1,8,41.83405599,-87.6438943
2,390259,-1,30,2,2,0,1,0,4,4,0,0,0,1,-1,-1,-1,17,0,1632,-1,-1,-1,-1,-1,-1,2,1,0,0,1,0,1,0,13,1,8,41.95296877,-87.78998011
0,390680,-1,0,0,0,0,1,10,7,-1,0,0,-1,0,-1,-1,-1,0,0,2233,-1,-1,-1,-1,-1,-1,2,0,0,0,0,0,2,0,13,1,8,41.69685522,-87.64237302
0,390319,-1,30,0,0,0,1,12,5,4,0,-1,-1,0,-1,-1,-1,0,-1,913,-1,-1,-1,-1,-1,-1,2,0,0,0,0,0,5,0,13,1,8,41.84151533,-87.6584986
1,390284,-1,30,0,0,0,1,8,3,4,0,0,0,1,-1,-1,-1,13,13,834,-1,-1,-1,-1,-1,-1,2,1,0,0,0,1,1,0,13,1,8,41.73467132,-87.73912024
0,390282,-1,30,-1,-1,-1,1,7,7,-1,0,-1,-1,0,-1,-1,1,0,0,111,-1,-1,-1,-1,-1,-1,2,0,0,0,0,0,1,0,13,1,8,41.88535046,-87.62933739
0,390326,-1,30,0,0,0,1,7,2,2,0,0,0,0,-1,-1,-1,0,0,1523,-1,-1,-1,-1,-1,-1,2,0,0,0,0,0,8,0,13,1,8,41.88594835,-87.75541736
0,390348,-1,30,1,2,0,1,14,5,2,0,0,-1,0,-1,-1,-1,0,-1,1224,-1,-1,-1,-1,-1,-1,2,0,0,0,0,0,2,0,13,1,8,41.88174521,-87.65611111
0,390311,-1,30,2,2,0,1,12,6,1,0,0,0,0,-1,-1,1,0,-1,421,-1,-1,-1,-1,-1,-1,2,0,0,0,0,0,6,0,13,1,8,41.75531442,-87.56281024
0,390302,-1,30,2,2,0,1,14,5,-1,0,0,0,0,-1,-1,-1,23,17,2512,-1,-1,-1,-1,-1,-1,2,0,0,0,0,0,2,0,13,1,8,41.919757,-87.80475457
0,390283,-1,30,1,2,0,1,14,5,4,1,0,0,0,-1,-1,-1,23,0,2411,-1,-1,-1,-1,-1,-1,2,0,0,0,0,0,2,0,13,1,8,42.01175281,-87.70894256
0,390258,-1,30,0,0,0,1,7,7,-1,0,0,0,0,-1,-1,-1,17,16,2533,-1,-1,-1,-1,-1,-1,2,0,0,0,0,0,2,0,13,1,8,41.90829046,-87.74621937
0,390235,-1,30,3,2,0,1,7,5,2,0,0,0,0,-1,-1,1,0,0,1133,-1,-1,-1,-1,-1,-1,2,0,0,0,0,0,1,0,13,1,8,41.8709342,-87.71867584
0,390204,-1,5,0,0,0,1,7,7,0,0,0,0,0,-1,-1,-1,0,0,1723,-1,-1,-1,-1,-1,-1,2,0,0,0,0,0,2,0,13,1,8,41.9612117,-87.71529206
0,396214,-1,10,0,0,0,1,7,7,1,0,0,-1,0,-1,1,1,0,0,1034,-1,-1,-1,-1,-1,-1,2,0,0,0,0,0,1,0,13,1,8,41.8518914,-87.68866326
0,390412,-1,30,0,0,0,1,10,5,-1,0,0,0,0,-1,-1,1,18,0,2533,-1,-1,-1,-1,-1,-1,2,0,0,0,0,0,2,0,13,1,8,41.90972967,-87.74657412
0,390212,-1,30,1,2,0,1,12,5,-1,0,0,0,0,-1,-1,1,17,-1,2515,-1,-1,-1,-1,-1,-1,2,0,0,0,0,0,2,0,13,1,8,41.91685422,-87.75610981
0,390210,-1,30,1,2,0,1,12,5,-1,0,0,0,0,1,-1,-1,17,22,2533,1,-1,-1,-1,-1,-1,2,0,0,0,0,0,4,0,13,1,8,41.91677096,-87.75523568
0,390381,-1,0,0,0,0,1,7,7,-1,0,0,0,0,-1,-1,1,0,-1,213,-1,-1,-1,-1,-1,-1,2,0,0,0,0,0,1,0,12,1,8,41.82364932,-87.62302379
0,390199,-1,30,0,0,0,1,2,0,-1,0,0,0,1,-1,0,-1,16,-1,433,-1,-1,-1,-1,-1,-1,1,0,0,0,0,0,2,0,12,1,8,41.68727255,-87.53392344
0,390194,-1,30,1,2,0,1,0,3,3,0,0,0,1,1,-1,-1,0,0,332,-1,-1,-1,-1,-1,-1,2,0,0,0,0,0,8,0,12,1,8,41.76626058,-87.58586698
0,390261,1,30,0,0,0,1,7,6,-1,0,0,0,0,-1,-1,1,0,0,932,-1,-1,-1,-1,-1,-1,2,0,0,0,0,0,1,0,12,1,8,41.79777524,-87.66547187
0,390211,-1,20,0,0,0,1,11,5,2,0,0,0,0,-1,-1,0,12,25,924,-1,-1,-1,-1,-1,-1,2,0,0,0,0,0,2,0,12,1,8,41.81029895,-87.6661798
0,390196,-1,30,2,0,0,1,0,5,2,0,0,0,1,1,-1,-1,17,-1,1712,-1,-1,-1,-1,-1,-1,2,0,0,0,0,0,2,0,12,1,8,41.96849906,-87.71452863
0,391491,-1,30,1,2,0,1,10,1,-1,0,0,0,0,1,-1,-1,22,0,1621,-1,-1,-1,-1,-1,-1,2,0,0,0,0,0,2,0,12,1,8,41.99744149,-87.76287519
0,390267,-1,30,1,2,0,1,10,5,-1,0,0,-1,0,-1,-1,-1,11,-1,1433,-1,-1,-1,-1,-1,-1,2,0,0,0,0,0,2,0,12,1,8,41.91781148,-87.66889333
0,390145,-1,30,1,2,0,2,14,1,3,0,0,0,0,1,-1,-1,11,-1,1834,-1,-1,-1,-1,-1,-1,2,0,0,0,0,0,2,0,12,1,8,41.8918271,-87.62551671
2,390230,-1,30,1,2,0,1,0,5,4,0,0,0,1,1,-1,-1,6,6,1831,-1,-1,-1,-1,-1,-1,2,1,0,0,1,0,4,0,12,1,8,41.89171316,-87.6326589
0,390192,-1,30,0,0,0,1,7,6,-1,0,0,0,0,-1,-1,1,-1,-1,2512,-1,-1,-1,-1,-1,-1,2,0,0,0,0,0,1,0,12,1,8,41.9218607,-87.7770121
0,390184,-1,30,1,2,0,1,10,5,4,0,-1,-1,0,-1,-1,-1,18,18,1922,-1,-1,-1,-1,-1,-1,3,0,0,0,0,0,4,0,12,1,8,41.94018483,-87.6685286
2,390175,-1,30,0,0,0,1,10,2,-1,0,0,0,1,-1,-1,-1,18,-1,1925,-1,-1,-1,-1,-1,-1,3,1,0,0,1,0,3,0,12,1,8,41.95174265,-87.64947582
0,390167,-1,30,0,0,0,1,7,6,1,0,0,0,0,-1,-1,1,25,-1,725,-1,-1,-1,-1,-1,-1,2,0,0,0,0,0,4,0,12,1,8,41.77658737,-87.66526188
0,390166,-1,30,2,2,0,1,0,5,0,0,0,0,0,-1,-1,-1,17,-1,1631,-1,-1,-1,-1,-1,-1,2,0,0,0,0,0,2,0,12,1,8,41.94514678,-87.81806886
1,390154,-1,30,1,2,0,1,10,2,-1,0,0,0,1,-1,-1,-1,18,17,1621,-1,-1,-1,-1,-1,-1,2,1,0,0,0,1,1,0,12,1,8,41.97540277,-87.75101952
0,309229,-1,30,1,2,0,1,12,2,-1,0,0,0,0,1,-1,-1,22,18,1832,-1,-1,-1,-1,-1,-1,2,0,0,0,0,0,3,0,12,1,8,41.8949145,-87.62830113
0,391642,-1,30,2,2,0,1,0,5,-1,0,0,0,0,1,-1,-1,17,-1,1631,-1,-1,-1,-1,-1,-1,2,0,0,0,0,0,2,0,12,1,8,41.94514785,-87.81794536
0,401901,-1,25,0,0,0,1,0,5,2,0,0,0,0,-1,0,-1,17,0,822,-1,-1,-1,-1,-1,-1,2,0,0,0,0,0,2,0,12,1,8,41.78606736,-87.71080015
2,390157,-1,30,1,2,0,1,14,3,4,0,0,0,1,1,-1,-1,23,0,1433,-1,-1,-1,-1,-1,-1,2,3,0,0,2,1,2,0,12,1,8,41.91614728,-87.66794735
0,390113,-1,30,1,2,0,1,12,1,4,2,0,12,0,-1,-1,-1,0,34,1131,-1,-1,-1,1,2,-1,2,0,0,0,0,0,2,0,12,1,8,41.87145944,-87.74478084
2,390123,-1,30,2,2,0,1,0,12,2,3,0,0,1,1,-1,-1,5,16,1612,-1,-1,-1,-1,-1,-1,2,5,0,0,5,0,3,0,11,1,8,41.99707877,-87.8105208
0,390387,-1,0,0,0,0,1,0,7,0,0,-1,-1,0,-1,1,-1,0,0,2515,-1,-1,-1,-1,-1,-1,2,0,0,0,0,0,2,0,11,1,8,41.91515826,-87.76446913
0,390171,-1,30,0,0,0,1,12,5,2,0,0,0,0,-1,-1,-1,21,0,331,-1,-1,-1,-1,-1,-1,2,0,0,0,0,0,2,0,11,1,8,41.77362747,-87.57037739
0,393517,-1,30,0,0,0,1,12,2,2,0,0,0,0,-1,-1,-1,0,0,2522,-1,-1,-1,-1,-1,-1,2,0,0,0,0,0,2,0,11,1,8,41.91707182,-87.74358447
0,390172,-1,0,0,0,0,1,10,7,0,0,0,0,0,-1,1,1,0,0,1614,-1,-1,-1,-1,-1,-1,2,0,0,0,0,0,2,0,11,1,8,41.97880762,-87.83673509
0,390120,-1,30,1,2,0,1,0,2,4,0,0,0,1,-1,-1,-1,0,-1,815,-1,-1,-1,-1,-1,-1,2,0,0,0,0,0,5,0,11,1,8,41.82341406,-87.7242068
0,390091,-1,30,1,2,0,1,10,5,-1,0,0,0,0,1,-1,-1,11,-1,511,-1,-1,-1,-1,-1,-1,3,0,0,0,0,0,4,0,11,1,8,41.72193512,-87.60460316
2,390082,-1,30,4,2,0,1,8,5,4,2,0,0,1,1,-1,-1,17,-1,2024,-1,-1,-1,-1,-1,-1,2,1,0,0,1,0,1,0,11,1,8,41.96962788,-87.64691404
0,390094,-1,30,0,0,0,1,7,2,-1,0,0,0,0,-1,-1,-1,0,-1,123,-1,-1,-1,-1,-1,-1,2,0,0,0,0,0,1,0,11,1,8,41.86918762,-87.62469134
2,390104,-1,30,0,0,0,1,14,5,2,0,0,0,1,1,-1,-1,0,0,1611,-1,-1,-1,-1,-1,-1,2,1,0,0,1,0,5,0,11,1,8,42.01167385,-87.8116578
1,392377,-1,30,0,0,0,1,7,2,2,0,0,0,1,-1,-1,-1,20,21,1123,-1,-1,-1,-1,-1,-1,3,1,0,0,0,1,1,0,11,1,8,41.88502209,-87.71588454
1,390158,-1,30,0,0,0,1,12,3,-1,0,0,0,1,-1,-1,1,0,0,331,-1,-1,-1,-1,-1,-1,2,1,0,0,0,1,1,0,11,1,8,41.79296285,-87.58044207
0,390108,-1,30,0,0,0,1,10,5,-1,0,0,0,0,-1,-1,-1,0,-1,1411,-1,-1,-1,-1,-1,-1,2,0,0,0,0,0,4,0,11,1,8,41.92852124,-87.703791
0,390081,-1,30,0,0,-1,-1,7,6,1,0,-1,0,0,-1,-1,1,0,-1,735,-1,-1,-1,-1,-1,-1,2,0,0,0,0,0,1,0,11,1,8,41.76496107,-87.66731706
0,391587,-1,30,1,2,0,1,10,5,2,0,0,12,0,1,-1,-1,18,11,922,-1,-1,-1,1,2,-1,2,0,0,0,0,0,2,0,10,1,8,41.80854224,-87.6845482
0,390085,-1,30,2,2,0,1,12,5,-1,0,0,0,0,-1,-1,-1,0,0,124,-1,-1,-1,-1,-1,-1,2,0,0,0,0,0,2,0,10,1,8,41.87213733,-87.63943109
0,390037,-1,30,2,2,0,1,0,5,-1,0,0,0,0,-1,-1,-1,17,-1,813,-1,-1,-1,-1,-1,-1,2,0,0,0,0,0,2,0,10,1,8,41.79310204,-87.7245339
0,390050,-1,20,2,2,0,1,0,5,2,0,0,0,0,-1,-1,-1,0,0,333,-1,-1,-1,-1,-1,-1,2,0,0,0,0,0,3,0,10,1,8,41.76428391,-87.57640667
0,390147,-1,30,0,0,0,1,5,5,2,0,0,0,0,-1,-1,-1,0,-1,1012,-1,-1,-1,-1,-1,-1,2,0,0,0,0,0,3,0,10,1,8,41.85147607,-87.73710057