MOST_SEVERE_INJURY,RD_NO,CRASH_DATE_EST_I,POSTED_SPEED_LIMIT,TRAFFIC_CONTROL_DEVICE,DEVICE_CONDITION,WEATHER_CONDITION,LIGHTING_CONDITION,FIRST_CRASH_TYPE,TRAFFICWAY_TYPE,LANE_CNT,ALIGNMENT,ROADWAY_SURFACE_COND,ROAD_DEFECT,CRASH_TYPE,INTERSECTION_RELATED_I,NOT_RIGHT_OF_WAY_I,HIT_AND_RUN_I,PRIM_CONTRIBUTORY_CAUSE,SEC_CONTRIBUTORY_CAUSE,BEAT_OF_OCCURRENCE,PHOTOS_TAKEN_I,STATEMENTS_TAKEN_I,DOORING_I,WORK_ZONE_I,WORK_ZONE_TYPE,WORKERS_PRESENT_I,NUM_UNITS,INJURIES_TOTAL,INJURIES_FATAL,INJURIES_INCAPACITATING,INJURIES_NON_INCAPACITATING,INJURIES_REPORTED_NOT_EVIDENT,INJURIES_NO_INDICATION,INJURIES_UNKNOWN,CRASH_HOUR,CRASH_DAY_OF_WEEK,CRASH_MONTH,LATITUDE,LONGITUDE
0,398030,-1,30,1,2,0,1,14,2,-1,0,-1,0,0,1,-1,-1,17,16,1925,-1,-1,-1,-1,-1,-1,2,0,0,0,0,0,2,0,10,1,8,41.94316079,-87.64055682
0,390064,-1,25,2,0,0,1,14,5,-1,0,0,0,0,-1,-1,-1,5,23,1624,-1,-1,-1,-1,-1,-1,2,0,0,0,0,0,3,0,9,1,8,41.95480297,-87.77417301
0,390083,-1,30,1,2,0,1,10,2,-1,0,0,0,0,1,-1,-1,7,-1,912,-1,-1,-1,-1,-1,-1,2,0,0,0,0,0,2,0,9,1,8,41.82705151,-87.66563129
0,390008,-1,30,1,2,0,1,10,5,4,0,0,0,1,1,1,-1,33,-1,1731,-1,-1,-1,-1,-1,-1,3,0,0,0,0,0,3,0,9,1,8,41.95337048,-87.74715821
2,389989,-1,30,2,2,0,1,0,12,4,0,0,0,1,1,-1,-1,17,0,1634,-1,-1,-1,-1,-1,-1,2,1,0,0,1,0,1,0,9,1,8,41.95062222,-87.74738443
0,389951,-1,30,0,0,0,3,5,4,-1,0,0,0,0,-1,-1,-1,0,-1,833,-1,-1,-1,-1,-1,-1,2,0,0,0,0,0,2,0,9,1,8,41.77468186,-87.73378378
0,401278,1,30,1,2,1,1,14,5,3,0,0,0,0,1,-1,-1,23,23,923,-1,-1,-1,-1,-1,-1,2,0,0,0,0,0,2,0,9,1,8,41.80123291,-87.6835707
0,389964,-1,30,1,2,0,1,14,6,2,0,0,0,1,-1,-1,-1,0,0,1832,-1,-1,-1,-1,-1,-1,2,0,0,0,0,0,2,0,9,1,8,41.89982615,-87.62836576
0,389946,-1,30,0,-1,0,3,5,5,-1,0,0,0,0,-1,-1,0,0,-1,833,-1,-1,-1,-1,-1,-1,2,0,0,0,0,0,2,0,9,1,8,41.774794,-87.73378728
0,391725,-1,30,-1,0,-1,-1,7,6,-1,0,0,0,0,-1,-1,1,0,-1,932,-1,-1,-1,-1,-1,-1,2,0,0,0,0,0,1,0,9,1,8,41.79805322,-87.67184198
2,389963,-1,30,1,2,0,1,8,5,2,0,0,0,1,1,-1,1,17,-1,1711,-1,-1,-1,-1,-1,-1,2,1,0,0,1,0,1,0,9,1,8,41.99024938,-87.7111424
0,390022,-1,35,1,2,0,1,10,5,-1,0,0,0,0,-1,-1,-1,18,11,331,1,1,-1,-1,-1,-1,2,0,0,0,0,0,2,0,8,1,8,41.76636542,-87.56662788
0,389912,-1,30,1,2,0,1,10,5,2,0,0,0,0,-1,-1,-1,18,-1,2533,-1,1,-1,-1,-1,-1,2,0,0,0,0,0,2,0,8,1,8,41.90964984,-87.75269216
0,389919,-1,25,1,2,0,1,0,12,-1,0,0,-1,1,1,-1,-1,6,7,612,-1,-1,-1,-1,-1,-1,2,0,0,0,0,0,3,0,8,1,8,41.75067847,-87.64895143
0,389903,-1,30,0,0,0,1,7,6,-1,0,0,0,1,-1,-1,1,0,-1,232,-1,-1,-1,-1,-1,-1,3,0,0,0,0,0,1,0,7,1,8,41.789671,-87.62248566
0,389914,-1,30,1,2,0,1,0,12,0,0,0,0,1,1,-1,-1,-1,-1,1632,-1,-1,-1,-1,-1,-1,2,0,0,0,0,0,2,0,7,1,8,41.94558764,-87.79605171
0,390009,-1,40,0,0,0,1,12,3,8,0,0,0,1,-1,-1,1,21,11,114,-1,-1,-1,-1,-1,-1,2,0,0,0,0,0,2,0,7,1,8,41.87332411,-87.61693637
0,389888,-1,30,0,0,0,1,7,5,2,0,0,0,1,-1,-1,-1,1,11,431,-1,-1,-1,-1,-1,-1,3,0,0,0,0,0,1,0,7,1,8,41.71412753,-87.56473994
0,389896,-1,30,0,0,0,1,2,5,4,0,0,0,1,-1,-1,-1,0,0,1022,-1,-1,-1,-1,-1,-1,1,0,0,0,0,0,1,0,7,1,8,41.85965779,-87.70010668
0,389890,-1,30,0,0,0,1,7,5,-1,0,0,0,0,-1,-1,1,0,0,823,-1,-1,-1,-1,-1,-1,2,0,0,0,0,0,1,0,7,1,8,41.78237725,-87.72055816
0,389907,-1,30,2,2,0,2,14,6,1,0,0,0,0,-1,-1,1,18,0,322,-1,-1,-1,-1,-1,-1,2,0,0,0,0,0,2,0,6,1,8,41.76747718,-87.61545181
0,390191,0,20,0,0,0,1,7,5,2,0,0,0,0,-1,-1,1,0,0,1122,-1,-1,-1,-1,-1,-1,2,0,0,0,0,0,1,0,6,1,8,41.88691317,-87.72237144
0,389864,-1,30,0,0,0,2,10,3,-1,0,0,0,1,-1,-1,1,17,-1,814,-1,-1,-1,-1,-1,-1,2,0,0,0,0,0,2,0,6,1,8,41.81118031,-87.74339852
1,389855,-1,20,0,0,0,1,0,12,1,0,0,0,1,-1,-1,-1,17,11,2024,-1,-1,-1,-1,-1,-1,3,1,0,0,0,1,1,0,6,1,8,41.9714413,-87.6568247
0,389922,-1,25,0,0,0,1,7,6,1,0,0,0,0,-1,-1,1,0,0,1733,-1,-1,-1,-1,-1,-1,2,0,0,0,0,0,1,0,6,1,8,41.94851303,-87.71046869
0,389857,-1,20,0,0,0,2,14,5,2,0,0,0,0,-1,-1,-1,17,-1,833,-1,-1,-1,-1,-1,-1,2,0,0,0,0,0,2,0,6,1,8,41.76965944,-87.72286549
0,389849,-1,30,0,0,0,1,14,5,2,0,0,0,0,-1,-1,1,17,17,235,-1,-1,-1,-1,-1,-1,2,0,0,0,0,0,2,0,5,1,8,41.79512641,-87.58333219
0,391708,-1,30,0,0,0,2,0,5,2,0,0,0,0,-1,-1,-1,10,0,1411,-1,-1,-1,-1,-1,-1,2,0,0,0,0,0,2,0,5,1,8,41.93776434,-87.70282861
3,389870,-1,30,0,0,0,3,7,6,1,0,0,0,1,-1,-1,1,0,0,1111,-1,-1,-1,-1,-1,-1,2,1,0,1,0,0,0,0,5,1,8,41.89584158,-87.73088347
0,389836,-1,25,0,0,0,2,7,5,-1,0,0,0,1,-1,-1,-1,32,16,1621,-1,-1,-1,-1,-1,-1,4,0,0,0,0,0,1,0,5,1,8,41.99607609,-87.75303145
0,389841,-1,30,0,0,0,1,12,3,6,0,-1,-1,1,-1,-1,-1,0,0,813,-1,-1,-1,-1,-1,-1,3,0,0,0,0,0,3,0,5,1,8,41.79013137,-87.74137704
0,389835,-1,30,0,0,0,1,7,5,2,0,0,0,1,-1,-1,-1,12,-1,911,-1,-1,-1,-1,-1,-1,4,0,0,0,0,0,1,0,5,1,8,41.83406748,-87.68523388
0,389840,-1,30,0,0,0,3,10,5,2,0,0,0,1,-1,-1,1,0,15,1813,-1,-1,-1,-1,-1,-1,3,0,0,0,0,0,3,0,5,1,8,41.91597395,-87.64344617
2,389837,-1,30,2,2,0,3,10,2,-1,0,0,0,1,-1,-1,-1,18,16,1013,-1,-1,-1,-1,-1,-1,3,2,0,0,2,0,2,0,5,1,8,41.84429988,-87.7291204
3,389828,1,35,1,2,0,3,2,3,4,0,0,0,1,1,-1,-1,0,16,1513,-1,-1,-1,-1,-1,-1,1,1,0,1,0,0,0,0,5,1,8,41.88035456,-87.76494814
0,389844,1,35,0,-1,0,2,2,2,2,0,0,0,1,-1,-1,-1,0,-1,1833,-1,-1,-1,-1,-1,-1,1,0,0,0,0,0,1,0,4,1,8,41.89642849,-87.61693546
0,389819,-1,20,9,2,0,3,7,6,1,0,0,0,1,-1,-1,1,10,3,822,-1,-1,-1,-1,-1,-1,2,0,0,0,0,0,1,0,4,1,8,41.79216297,-87.7048912
0,389862,-1,30,0,0,0,3,7,6,-1,0,0,0,0,-1,-1,-1,0,0,2521,-1,-1,-1,-1,-1,-1,2,0,0,0,0,0,1,0,4,1,8,41.9252283,-87.75176212
0,389817,-1,5,0,0,0,0,2,7,-1,0,0,0,0,-1,1,1,11,0,432,-1,-1,-1,-1,-1,-1,1,0,0,0,0,0,1,0,4,1,8,41.70257328,-87.52509414
0,389842,-1,30,0,0,0,3,7,-1,1,0,0,0,0,-1,-1,-1,0,0,823,-1,-1,-1,-1,-1,-1,2,0,0,0,0,0,1,0,4,1,8,41.78241686,-87.72211373
0,392246,-1,30,0,0,0,1,7,2,1,0,0,0,1,-1,-1,-1,23,-1,813,-1,-1,-1,-1,-1,-1,2,0,0,0,0,0,1,0,4,1,8,41.78224834,-87.72300817
0,390270,-1,25,0,0,0,1,7,5,-1,0,0,0,0,-1,-1,1,0,0,533,-1,-1,-1,-1,-1,-1,2,0,0,0,0,0,1,0,4,1,8,41.6580212,-87.60116478
0,389831,-1,30,0,0,0,3,7,5,-1,0,0,0,1,-1,-1,1,0,-1,1432,-1,1,-1,-1,-1,-1,2,0,0,0,0,0,1,0,3,1,8,41.93229462,-87.68648739
0,389800,1,30,0,0,0,3,2,5,4,0,0,-1,1,-1,1,1,25,14,2515,-1,-1,-1,-1,-1,-1,1,0,0,0,0,0,1,0,3,1,8,41.92412328,-87.76339011
0,389785,-1,30,0,0,0,3,7,6,-1,0,0,0,1,-1,-1,-1,2,0,2031,-1,-1,-1,-1,-1,-1,7,0,0,0,0,0,1,0,3,1,8,41.97068776,-87.69078213
0,389797,-1,20,0,0,0,3,7,6,-1,0,0,0,1,-1,-1,1,0,0,2515,-1,-1,-1,-1,-1,-1,2,0,0,0,0,0,1,0,3,1,8,41.92462465,-87.76246584
0,390286,-1,20,0,0,0,0,7,5,-1,0,0,-1,0,-1,-1,-1,0,0,2234,-1,-1,-1,-1,-1,-1,2,0,0,0,0,0,1,0,3,1,8,41.69701385,-87.64632086
2,389793,-1,30,0,0,0,3,7,5,-1,0,0,0,1,-1,-1,1,-1,-1,1211,-1,-1,-1,-1,-1,-1,3,1,0,0,1,0,1,0,3,1,8,41.90150641,-87.70660052
0,389927,-1,30,0,0,0,0,10,3,6,0,0,-1,0,-1,-1,1,21,-1,413,-1,-1,-1,-1,-1,-1,2,0,0,0,0,0,4,0,3,1,8,41.7324792,-87.58496161
2,389777,-1,30,0,0,0,3,12,5,-1,0,0,0,1,-1,-1,-1,17,-1,1812,-1,-1,-1,-1,-1,-1,2,1,0,0,1,0,1,0,3,1,8,41.9189432,-87.64868497
1,389768,-1,30,0,0,0,3,3,5,2,0,0,0,1,-1,-1,-1,0,0,233,-1,-1,-1,-1,-1,-1,2,2,0,0,0,2,2,0,3,1,8,41.80201922,-87.61399011
4,389764,-1,30,-1,-1,0,3,9,5,2,0,0,-1,1,-1,0,-1,32,14,1012,0,-1,-1,-1,-1,-1,2,3,1,0,2,0,1,0,2,1,8,41.85986418,-87.72513086
0,389759,-1,30,0,0,0,3,7,5,2,0,0,0,1,-1,-1,-1,32,27,812,-1,-1,-1,-1,-1,-1,2,0,0,0,0,0,1,0,2,1,8,41.7780455,-87.767767
0,389757,-1,30,2,-1,0,3,0,6,1,0,0,-1,0,-1,-1,1,5,17,631,-1,-1,-1,-1,-1,-1,2,0,0,0,0,0,2,0,2,1,8,41.74526439,-87.61127613
0,389752,-1,30,1,2,0,3,7,5,4,0,0,0,1,0,-1,-1,16,0,1922,-1,-1,-1,-1,-1,-1,4,0,0,0,0,0,1,0,2,1,8,41.94103659,-87.66855069
0,389978,-1,30,1,2,-1,3,10,5,4,0,-1,-1,0,-1,-1,1,0,0,622,-1,-1,-1,-1,-1,-1,2,0,0,0,0,0,2,0,2,1,8,41.73627238,-87.63881572
0,389916,1,30,0,0,0,3,7,6,3,2,0,0,1,-1,-1,1,0,16,932,-1,-1,-1,-1,-1,-1,3,0,0,0,0,0,1,0,2,1,8,41.79924847,-87.67065817
0,389729,-1,30,0,0,0,3,12,5,2,0,0,-1,0,-1,-1,-1,21,0,1821,-1,-1,-1,-1,-1,-1,2,0,0,0,0,0,2,0,2,1,8,41.90926055,-87.63450352
0,389706,-1,30,0,0,0,3,10,3,4,0,0,0,0,1,-1,-1,0,0,411,-1,-1,-1,-1,-1,-1,3,0,0,0,0,0,3,0,1,1,8,41.74969958,-87.58595724
0,390254,-1,30,1,2,0,1,10,2,4,0,0,0,0,1,-1,-1,7,-1,2213,-1,-1,-1,-1,-1,-1,3,0,0,0,0,0,3,0,1,1,8,41.71357435,-87.68169278
2,389739,-1,30,1,2,0,3,14,2,-1,0,0,0,1,-1,-1,1,16,-1,811,-1,-1,-1,-1,-1,-1,2,1,0,0,1,0,1,0,1,1,8,41.7918396,-87.80088931
2,389712,-1,30,1,2,0,3,9,5,2,0,0,0,1,1,-1,-1,0,-1,713,-1,-1,-1,-1,-1,-1,2,1,0,0,1,0,1,0,1,1,8,41.786995,-87.6547475
0,389700,-1,25,0,0,0,3,10,6,1,0,0,0,0,-1,-1,1,18,16,1013,-1,-1,-1,-1,-1,-1,2,0,0,0,0,0,3,0,1,1,8,41.84809762,-87.71937857
0,390257,-1,30,0,0,0,4,10,5,-1,0,0,0,0,-1,-1,1,-1,-1,821,-1,-1,-1,-1,-1,-1,2,0,0,0,0,0,2,0,1,1,8,41.80425528,-87.72050292
0,389713,-1,30,0,0,0,3,10,5,-1,2,0,0,0,-1,-1,-1,20,-1,1233,-1,-1,-1,-1,-1,-1,2,0,0,0,0,0,3,0,1,1,8,41.85793451,-87.66447477
0,389703,-1,30,0,0,0,3,7,5,2,0,0,0,1,-1,-1,-1,32,14,1031,-1,-1,-1,-1,-1,-1,8,0,0,0,0,0,1,0,1,1,8,41.83436574,-87.72444447
0,389719,-1,30,0,0,0,3,12,5,-1,0,0,0,1,-1,-1,-1,0,0,2513,-1,-1,-1,-1,-1,-1,2,0,0,0,0,0,2,0,1,1,8,41.90932799,-87.77846781
0,389697,-1,25,1,2,0,3,10,2,2,0,0,0,0,1,-1,-1,22,0,123,-1,-1,-1,-1,-1,-1,2,0,0,0,0,0,2,0,1,1,8,41.87558423,-87.6277655
1,389689,-1,25,1,2,0,3,8,5,2,0,0,0,1,-1,-1,-1,27,19,1921,-1,-1,-1,-1,-1,-1,2,1,0,0,0,1,0,0,1,1,8,41.93967928,-87.67850536
0,389674,-1,10,0,0,0,3,2,7,-1,0,0,0,1,-1,1,-1,32,32,621,-1,-1,-1,-1,-1,-1,1,0,0,0,0,0,1,0,1,1,8,41.75054956,-87.64418837
0,390480,-1,30,0,0,0,0,14,5,2,0,0,0,0,-1,-1,-1,17,-1,1833,-1,-1,-1,-1,-1,-1,2,0,0,0,0,0,2,0,1,1,8,41.89656858,-87.62812919
0,390207,-1,30,0,0,0,1,0,5,2,0,0,0,1,-1,-1,-1,17,16,122,-1,-1,-1,-1,-1,-1,2,0,0,0,0,0,3,0,1,1,8,41.8800751,-87.63245788
0,391156,-1,30,0,0,0,0,7,6,1,0,0,0,0,-1,-1,-1,0,-1,1511,-1,-1,-1,-1,-1,-1,2,0,0,0,0,0,1,0,1,1,8,41.89545882,-87.76891942
0,390160,-1,30,0,0,0,3,7,6,-1,0,0,-1,0,-1,-1,0,0,20,1511,-1,-1,-1,-1,-1,-1,2,0,0,0,0,0,1,0,1,1,8,41.89545882,-87.76891942
0,390110,1,25,0,0,0,3,7,6,1,0,0,0,0,-1,-1,1,0,0,2531,-1,-1,-1,-1,-1,-1,2,0,0,0,0,0,1,0,1,1,8,41.90756458,-87.77297292
0,389684,-1,30,1,2,0,3,10,5,4,0,0,0,1,-1,-1,1,14,0,1433,-1,-1,-1,-1,-1,-1,3,0,0,0,0,0,3,0,1,1,8,41.91774866,-87.67231021
0,389679,-1,0,0,0,0,3,7,7,0,0,0,0,0,-1,-1,1,0,-1,131,-1,-1,-1,-1,-1,-1,2,0,0,0,0,0,1,0,1,1,8,41.85298026,-87.62564847
1,391537,-1,30,0,0,0,3,10,5,2,0,0,0,1,-1,-1,-1,0,0,1832,-1,-1,-1,-1,-1,-1,2,1,0,0,0,1,2,0,0,1,8,41.89857771,-87.62839827
0,389680,-1,40,0,0,0,3,2,2,4,0,0,0,1,-1,-1,-1,11,-1,835,-1,-1,-1,-1,-1,-1,1,0,0,0,0,0,1,0,0,1,8,41.73553514,-87.68857089
0,389677,-1,30,1,2,0,3,8,5,-1,0,0,0,0,1,-1,1,18,-1,113,-1,-1,-1,-1,-1,-1,2,0,0,0,0,0,2,0,0,1,8,41.87693801,-87.62443662
0,389672,0,30,2,0,0,3,7,6,1,0,0,0,0,-1,-1,1,0,0,1733,-1,-1,-1,-1,-1,-1,3,0,0,0,0,0,1,0,0,1,8,41.95010801,-87.71266591
0,389694,-1,30,1,2,0,3,10,5,4,0,0,-1,0,1,-1,-1,18,18,1831,-1,-1,-1,-1,-1,-1,2,0,0,0,0,0,2,0,0,1,8,41.89490162,-87.63422993
0,389685,-1,30,0,0,0,3,10,5,2,0,0,-1,0,-1,-1,-1,0,0,1411,-1,-1,-1,-1,-1,-1,2,0,0,0,0,0,2,0,0,1,8,41.9310006,-87.70725117
0,389678,-1,30,0,0,0,3,10,2,2,0,0,0,0,-1,-1,1,2,18,1533,0,-1,-1,-1,-1,-1,2,0,0,0,0,0,3,0,0,1,8,41.87205805,-87.74507934
0,393179,-1,30,0,0,0,3,10,2,-1,0,0,-1,0,-1,-1,-1,18,-1,123,-1,-1,-1,-1,-1,-1,2,0,0,0,0,0,2,0,0,1,8,41.87279887,-87.62433781
0,389992,-1,25,0,0,-1,-1,7,5,-1,0,-1,-1,0,-1,-1,1,22,-1,734,-1,-1,-1,-1,-1,-1,2,0,0,0,0,0,1,0,0,1,8,41.76324328,-87.66086088
0,389690,-1,30,1,2,0,3,14,5,-1,0,0,0,0,1,-1,-1,17,-1,131,-1,-1,-1,-1,-1,-1,2,0,0,0,0,0,2,0,0,1,8,41.85276094,-87.62564501
0,389688,-1,30,1,2,0,3,10,12,-1,0,0,0,0,1,-1,1,16,18,322,-1,-1,-1,-1,-1,-1,2,0,0,0,0,0,2,0,0,1,8,41.76925878,-87.61052286
0,389653,-1,30,0,0,0,3,7,5,4,0,0,0,1,-1,-1,1,0,-1,1624,-1,-1,-1,-1,-1,-1,2,0,0,0,0,0,1,0,0,1,8,41.95331057,-87.76527312
0,389652,-1,30,0,0,0,3,11,5,2,0,0,0,0,-1,-1,-1,8,0,131,-1,-1,-1,-1,-1,-1,2,0,0,0,0,0,3,0,0,1,8,41.86033786,-87.624073
3,389655,-1,35,-1,-1,0,3,8,6,1,0,0,0,1,-1,-1,1,32,17,2432,-1,-1,-1,-1,-1,-1,2,1,0,1,0,0,1,0,0,1,8,42.00463964,-87.6609893
2,389640,-1,30,0,0,0,3,9,5,2,0,0,0,1,1,-1,1,16,17,1134,-1,-1,-1,-1,-1,-1,2,1,0,0,1,0,1,0,0,1,8,41.87273012,-87.70603229
0,389628,-1,30,0,0,0,3,0,3,4,0,0,0,1,1,-1,-1,0,0,412,-1,-1,-1,-1,-1,-1,3,0,0,0,0,0,4,0,0,1,8,41.73868319,-87.58583323
0,389615,-1,35,0,-1,0,3,7,5,4,0,0,0,1,-1,-1,1,0,0,2532,-1,-1,-1,-1,-1,-1,2,0,0,0,0,0,1,0,0,1,8,41.90234919,-87.75667284
0,395014,1,30,0,0,-1,3,7,6,-1,0,0,0,0,-1,-1,1,0,-1,2522,-1,-1,-1,-1,-1,-1,2,0,0,0,0,0,1,0,0,1,8,41.92048859,-87.73751709
0,391529,1,25,0,0,-1,-1,7,5,1,0,-1,0,0,-1,-1,1,0,-1,2411,-1,-1,-1,-1,-1,-1,2,0,0,0,0,0,1,0,0,1,8,42.00854824,-87.7008548
0,389648,-1,30,-1,-1,-1,-1,10,-1,4,0,-1,-1,0,1,-1,-1,20,0,914,-1,-1,-1,-1,-1,-1,2,0,0,0,0,0,2,0,0,1,8,41.8529915,-87.63554386
0,389634,-1,30,0,0,0,3,7,5,4,0,0,0,0,-1,-1,-1,16,-1,2423,-1,-1,-1,-1,-1,-1,4,0,0,0,0,0,1,0,0,1,8,42.01118202,-87.66289497
0,389863,-1,30,0,0,0,3,7,5,-1,0,0,0,0,-1,-1,1,0,0,913,-1,-1,-1,-1,-1,-1,2,0,0,0,0,0,1,0,0,1,8,41.84375999,-87.65929764
3,389605,-1,40,0,0,0,3,10,3,8,1,0,0,1,-1,-1,-1,18,16,1834,-1,-1,-1,-1,-1,-1,3,2,0,1,0,1,3,0,23,7,8,41.8918656,-87.61406733
0,389604,-1,30,0,-1,0,3,7,3,2,0,0,-1,1,-1,-1,1,0,-1,2223,-1,-1,-1,-1,-1,-1,3,0,0,0,0,0,1,0,23,7,8,41.72162815,-87.63878766
0,390356,-1,30,0,0,0,0,10,5,2,0,0,0,0,-1,-1,-1,17,0,613,-1,-1,-1,-1,-1,-1,2,0,0,0,0,0,2,0,23,7,8,41.74326449,-87.64397498
0,389610,-1,30,0,0,0,3,0,12,0,0,0,0,1,1,-1,-1,10,16,1134,-1,-1,-1,-1,-1,-1,2,0,0,0,0,0,3,0,23,7,8,41.86818424,-87.70098414
0,389609,-1,30,-1,-1,0,4,10,5,4,0,0,-1,0,1,-1,-1,18,-1,1233,-1,-1,-1,-1,-1,-1,2,0,0,0,0,0,3,0,23,7,8,41.8576651,-87.66150766
2,389622,-1,30,1,2,0,3,0,2,-1,0,0,0,1,1,-1,1,6,-1,213,-1,-1,-1,-1,-1,-1,2,1,0,0,1,0,3,0,23,7,8,41.81646093,-87.62929331
0,389586,-1,30,1,2,0,0,10,2,2,0,0,0,0,-1,-1,1,0,-1,2531,-1,-1,-1,-1,-1,-1,2,0,0,0,0,0,3,0,23,7,8,41.90914554,-87.77545889
0,389562,-1,30,2,-1,0,3,10,5,-1,0,0,-1,0,1,-1,-1,16,-1,2522,-1,-1,-1,-1,-1,-1,2,0,0,0,0,0,2,0,23,7,8,41.91719526,-87.7328107
0,388957,-1,10,-1,-1,0,3,7,7,-1,0,0,0,0,-1,-1,-1,0,-1,1414,-1,-1,-1,-1,-1,-1,2,0,0,0,0,0,2,0,23,7,8,41.91751848,-87.70576778
0,390201,-1,30,0,0,0,0,10,2,-1,0,0,0,0,-1,-1,-1,0,0,2511,-1,-1,-1,-1,-1,-1,2,0,0,0,0,0,3,0,23,7,8,41.93123681,-87.77681078
0,390138,1,30,0,0,-1,-1,7,5,-1,0,0,0,1,-1,-1,1,0,-1,222,-1,-1,-1,-1,-1,-1,2,0,0,0,0,0,1,0,23,7,8,41.80976127,-87.59592719
1,389568,-1,30,1,2,0,3,0,5,1,0,0,0,1,1,-1,1,6,0,1012,-1,-1,-1,-1,-1,-1,2,1,0,0,0,1,3,0,22,7,8,41.85870599,-87.72998472
0,389555,-1,30,0,0,0,3,12,5,4,0,0,0,0,-1,-1,-1,25,-1,2211,-1,-1,-1,-1,-1,-1,2,0,0,0,0,0,2,0,22,7,8,41.70372586,-87.6816838
3,389552,-1,35,1,2,2,3,10,3,-1,0,0,0,1,1,-1,1,18,18,634,-1,-1,-1,-1,-1,-1,3,1,0,1,0,0,2,0,22,7,8,41.73616177,-87.62541619
0,389882,-1,30,1,2,0,0,14,2,2,0,0,0,0,1,-1,1,18,0,715,-1,-1,-1,-1,-1,-1,2,0,0,0,0,0,2,0,22,7,8,41.79347836,-87.67442622
0,389554,-1,30,1,-1,0,3,14,5,-1,0,-1,-1,0,-1,-1,-1,0,-1,1632,-1,-1,-1,-1,-1,-1,2,0,0,0,0,0,2,0,22,7,8,41.93842541,-87.78616701
0,389532,-1,25,0,0,0,3,7,5,-1,0,0,0,0,-1,-1,1,0,0,2431,-1,-1,-1,-1,-1,-1,2,0,0,0,0,0,1,0,22,7,8,42.00803334,-87.66514442
0,389561,-1,30,1,2,0,3,12,5,4,0,0,0,0,1,-1,-1,21,0,1924,-1,-1,-1,-1,-1,-1,2,0,0,0,0,0,6,0,22,7,8,41.94002036,-87.65417211
0,396531,-1,30,2,0,0,3,10,12,2,2,0,0,0,1,-1,0,16,-1,511,-1,-1,-1,-1,-1,-1,2,0,0,0,0,0,3,0,22,7,8,41.71065777,-87.62855066
0,390024,-1,30,0,0,0,3,9,2,4,0,0,0,0,-1,-1,1,0,0,1213,-1,-1,-1,-1,-1,-1,2,0,0,0,0,0,2,0,22,7,8,41.89974387,-87.65649546
2,389974,-1,35,1,-1,-1,3,9,5,-1,2,-1,-1,1,1,-1,-1,17,0,223,-1,-1,-1,-1,-1,-1,2,1,0,0,1,0,1,0,22,7,8,41.80937318,-87.6113041
0,389546,-1,15,0,0,0,3,5,6,1,0,0,0,1,-1,0,-1,0,-1,1633,-1,0,-1,-1,-1,-1,1,0,0,0,0,0,1,0,22,7,8,41.95208741,-87.77006056
0,389540,-1,30,0,2,0,0,10,3,8,0,0,0,1,-1,-1,-1,16,-1,114,-1,-1,-1,-1,-1,-1,2,0,0,0,0,0,3,0,22,7,8,41.8843337,-87.62080088
0,391789,-1,20,1,0,0,3,10,5,2,0,0,-1,0,1,-1,1,18,18,1232,-1,-1,-1,-1,-1,-1,2,0,0,0,0,0,3,0,22,7,8,41.85978597,-87.65633288
0,391410,-1,25,1,2,0,1,12,5,-1,0,0,0,0,-1,-1,-1,17,-1,1632,-1,-1,-1,-1,-1,-1,2,0,0,0,0,0,2,0,22,7,8,41.93842646,-87.7860894
0,389591,-1,30,1,2,0,3,10,5,4,0,0,0,0,1,-1,-1,18,18,1832,-1,-1,-1,-1,-1,-1,2,0,0,0,0,0,2,0,22,7,8,41.89317108,-87.63248987
0,390039,-1,30,1,2,0,0,12,2,6,0,0,0,0,1,-1,-1,0,-1,1832,-1,-1,-1,-1,-1,-1,2,0,0,0,0,0,4,0,22,7,8,41.89251708,-87.6326842
0,389523,-1,30,1,2,0,3,2,5,2,0,0,0,0,-1,-1,-1,0,-1,312,-1,-1,-1,-1,-1,-1,1,0,0,0,0,0,1,0,22,7,8,41.78029197,-87.60639527
0,389548,-1,30,0,0,0,3,12,5,4,0,0,0,0,-1,-1,-1,0,0,1924,-1,-1,-1,-1,-1,-1,2,0,0,0,0,0,4,0,22,7,8,41.94001457,-87.65450628
0,389530,-1,30,0,0,0,0,10,12,-1,0,0,0,0,-1,1,-1,18,0,2512,-1,-1,-1,-1,-1,-1,2,0,0,0,0,0,4,0,22,7,8,41.93089103,-87.78574735
0,390444,-1,15,-1,-1,0,0,10,5,-1,0,0,0,0,-1,-1,-1,0,0,132,-1,-1,-1,-1,-1,-1,2,0,0,0,0,0,2,0,22,7,8,41.86262829,-87.61503109
2,389531,-1,30,1,2,-1,3,10,5,2,0,0,12,1,-1,-1,-1,18,0,2424,-1,-1,-1,-1,-1,-1,2,1,0,0,1,0,1,0,22,7,8,42.01937421,-87.68457115
0,389527,-1,30,2,2,0,3,0,5,-1,0,0,0,1,1,-1,-1,17,0,1214,-1,-1,-1,-1,-1,-1,2,0,0,0,0,0,2,0,22,7,8,41.89133624,-87.64442967
0,390264,-1,30,1,2,0,3,10,5,-1,0,0,0,0,-1,-1,-1,18,0,632,-1,-1,-1,-1,-1,-1,2,0,0,0,0,0,6,0,21,7,8,41.73641095,-87.62408713
0,389513,-1,30,0,0,0,3,12,2,-1,0,0,0,0,-1,-1,-1,23,-1,733,-1,-1,-1,-1,-1,-1,2,0,0,0,0,0,3,0,21,7,8,41.7650828,-87.6450611