MOST_SEVERE_INJURY,RD_NO,CRASH_DATE_EST_I,POSTED_SPEED_LIMIT,TRAFFIC_CONTROL_DEVICE,DEVICE_CONDITION,WEATHER_CONDITION,LIGHTING_CONDITION,FIRST_CRASH_TYPE,TRAFFICWAY_TYPE,LANE_CNT,ALIGNMENT,ROADWAY_SURFACE_COND,ROAD_DEFECT,CRASH_TYPE,INTERSECTION_RELATED_I,NOT_RIGHT_OF_WAY_I,HIT_AND_RUN_I,PRIM_CONTRIBUTORY_CAUSE,SEC_CONTRIBUTORY_CAUSE,BEAT_OF_OCCURRENCE,PHOTOS_TAKEN_I,STATEMENTS_TAKEN_I,DOORING_I,WORK_ZONE_I,WORK_ZONE_TYPE,WORKERS_PRESENT_I,NUM_UNITS,INJURIES_TOTAL,INJURIES_FATAL,INJURIES_INCAPACITATING,INJURIES_NON_INCAPACITATING,INJURIES_REPORTED_NOT_EVIDENT,INJURIES_NO_INDICATION,INJURIES_UNKNOWN,CRASH_HOUR,CRASH_DAY_OF_WEEK,CRASH_MONTH,LATITUDE,LONGITUDE
0,399314,-1,30,0,0,0,3,7,5,2,0,0,0,1,-1,-1,1,14,7,724,-1,1,-1,-1,-1,-1,2,0,0,0,0,0,1,0,21,7,8,41.77299083,-87.65417689
2,389549,-1,30,0,0,0,3,8,6,1,0,0,-1,1,-1,-1,1,17,0,725,-1,-1,-1,-1,-1,-1,3,2,0,0,2,0,1,0,21,7,8,41.7759729,-87.66062216
0,390295,-1,30,1,2,0,3,10,5,4,0,0,0,0,1,-1,1,0,0,1911,-1,-1,-1,-1,-1,-1,2,0,0,0,0,0,2,0,21,7,8,41.95953524,-87.68877788
2,389515,-1,30,2,2,0,3,0,2,-1,0,0,-1,1,-1,-1,1,17,14,925,-1,-1,-1,-1,-1,-1,2,1,0,0,1,0,1,0,21,7,8,41.81247679,-87.6336086
2,389495,-1,35,1,2,0,3,0,5,4,0,0,0,1,1,-1,1,6,14,1113,-1,-1,-1,-1,-1,-1,3,1,0,0,1,0,2,0,21,7,8,41.88173195,-87.74330014
0,389493,-1,30,1,2,0,3,14,6,3,0,0,0,0,1,-1,-1,23,23,1832,-1,-1,-1,-1,-1,-1,2,0,0,0,0,0,2,0,21,7,8,41.89255832,-87.62959738
0,391803,-1,30,0,0,0,0,11,2,2,0,0,0,0,-1,-1,-1,0,-1,2411,-1,-1,-1,-1,-1,-1,2,0,0,0,0,0,2,0,21,7,8,42.01213841,-87.68713618
0,389461,-1,10,0,0,0,3,0,7,-1,0,0,0,0,-1,-1,-1,20,17,1914,-1,-1,-1,-1,-1,-1,2,0,0,0,0,0,4,0,21,7,8,41.96413554,-87.63835463
0,389468,-1,30,0,0,0,3,10,5,-1,0,0,0,1,-1,-1,1,18,0,322,-1,-1,-1,-1,-1,-1,5,0,0,0,0,0,10,0,20,7,8,41.77292526,-87.62330664
0,389557,-1,30,0,0,0,3,7,5,2,0,0,0,0,-1,-1,1,0,0,935,-1,-1,-1,-1,-1,-1,2,0,0,0,0,0,1,0,20,7,8,41.79971416,-87.64300703
0,389478,-1,30,1,2,0,0,14,5,2,0,0,0,0,-1,-1,-1,17,0,2533,-1,-1,-1,-1,-1,-1,2,0,0,0,0,0,5,0,20,7,8,41.91376732,-87.7458382
0,389465,-1,35,1,2,0,3,14,6,3,0,0,0,0,1,-1,-1,21,-1,121,-1,-1,-1,-1,-1,-1,2,0,0,0,0,0,3,0,20,7,8,41.8818572,-87.64398188
0,390027,-1,30,1,2,0,3,14,5,-1,0,0,0,0,-1,-1,-1,23,23,121,-1,-1,-1,-1,-1,-1,2,0,0,0,0,0,2,0,20,7,8,41.88193087,-87.64405661
2,389491,-1,30,2,2,0,3,14,5,2,0,0,0,1,1,-1,-1,32,16,612,-1,-1,-1,-1,-1,-1,2,2,0,0,2,0,1,0,20,7,8,41.75576811,-87.66048238
0,389474,-1,30,1,2,0,3,10,5,4,0,0,0,0,1,-1,1,25,-1,1711,-1,-1,-1,-1,-1,-1,2,0,0,0,0,0,3,0,20,7,8,41.9964564,-87.72905351
0,389439,-1,35,2,2,0,3,10,2,-1,0,0,0,0,-1,-1,-1,20,20,1711,-1,-1,-1,-1,-1,-1,2,0,0,0,0,0,2,0,20,7,8,41.99716602,-87.71912547
0,389430,-1,30,2,2,0,0,10,5,-1,0,0,0,0,1,-1,-1,0,0,912,-1,-1,-1,-1,-1,-1,2,0,0,0,0,0,2,0,20,7,8,41.83051659,-87.65586925
0,389467,-1,35,1,2,0,3,7,5,2,0,0,0,0,-1,-1,-1,0,-1,1622,-1,-1,-1,-1,-1,-1,2,0,0,0,0,0,2,0,20,7,8,41.9831973,-87.76848625
1,389436,-1,30,0,-1,0,3,10,2,4,3,0,0,1,-1,-1,-1,16,-1,432,-1,-1,-1,-1,-1,-1,2,2,0,0,0,2,1,0,20,7,8,41.70287621,-87.54526679
1,389411,-1,30,0,0,0,4,8,6,-1,0,0,0,1,-1,-1,-1,-1,-1,1724,-1,-1,1,-1,-1,-1,2,1,0,0,0,1,1,0,20,7,8,41.96460909,-87.70584842
0,398846,1,5,0,0,0,3,7,7,-1,0,0,0,0,-1,-1,1,0,5,321,-1,-1,-1,-1,-1,-1,2,0,0,0,0,0,1,0,20,7,8,41.77305199,-87.60561984
0,390271,-1,30,0,0,0,1,7,7,-1,0,0,-1,0,-1,-1,1,0,0,334,-1,-1,-1,-1,-1,-1,2,0,0,0,0,0,1,0,20,7,8,41.76660302,-87.56632372
0,389617,-1,15,0,0,0,3,7,5,2,0,0,0,0,-1,-1,1,-1,-1,221,-1,-1,-1,-1,-1,-1,2,0,0,0,0,0,1,0,20,7,8,41.81205342,-87.61374284
1,389558,-1,30,4,0,0,0,8,5,-1,0,0,0,1,1,-1,-1,17,0,1933,-1,-1,0,-1,-1,-1,2,1,0,0,0,1,1,0,20,7,8,41.93970247,-87.64940537
0,389425,-1,30,1,2,0,4,14,5,2,0,0,0,0,1,-1,-1,17,16,2521,-1,-1,-1,-1,-1,-1,2,0,0,0,0,0,3,0,20,7,8,41.93168892,-87.74301695
1,389391,-1,30,0,12,0,4,10,5,2,0,0,0,1,1,-1,-1,0,0,1733,-1,-1,-1,-1,-1,-1,2,1,0,0,0,1,3,0,19,7,8,41.9467496,-87.70665747
0,389451,-1,30,1,2,0,3,12,5,-1,0,0,0,0,1,-1,-1,21,-1,131,-1,-1,-1,-1,-1,-1,2,0,0,0,0,0,2,0,19,7,8,41.86732954,-87.62727232
0,396303,-1,30,1,2,0,1,10,5,-1,0,0,0,0,1,-1,1,16,-1,323,-1,-1,-1,-1,-1,-1,2,0,0,0,0,0,2,0,19,7,8,41.7653974,-87.62475729
0,389445,-1,25,0,0,0,3,12,8,2,0,0,0,0,-1,-1,1,22,-1,132,-1,-1,-1,-1,-1,-1,2,0,0,0,0,0,2,0,19,7,8,41.86026344,-87.61410289
0,389371,-1,30,1,2,0,4,10,5,4,0,0,0,0,-1,-1,1,18,0,2031,-1,-1,-1,-1,-1,-1,2,0,0,0,0,0,2,0,19,7,8,41.97021073,-87.6888116
2,389403,-1,30,1,2,0,1,2,5,2,0,0,0,1,1,-1,-1,0,0,2514,-1,-1,-1,-1,-1,-1,1,1,0,0,1,0,1,0,19,7,8,41.92764768,-87.76626652
0,389393,-1,30,0,0,0,4,10,2,-1,0,0,0,0,-1,0,1,17,17,814,-1,-1,-1,-1,-1,-1,2,0,0,0,0,0,2,0,19,7,8,41.8074172,-87.7432947
0,389378,1,30,2,2,0,1,14,2,-1,0,0,0,0,1,-1,-1,11,11,1712,-1,-1,-1,-1,-1,-1,2,0,0,0,0,0,3,0,19,7,8,41.96849559,-87.71480746
0,389406,-1,30,0,0,0,1,2,5,-1,0,0,0,0,-1,-1,-1,-1,-1,331,-1,-1,-1,-1,-1,-1,1,0,0,0,0,0,2,0,19,7,8,41.76812025,-87.57333703
0,389387,-1,30,1,2,0,4,14,12,10,0,0,0,0,1,-1,-1,6,17,411,-1,-1,-1,-1,-1,-1,2,0,0,0,0,0,3,0,19,7,8,41.7516302,-87.58597475
0,389364,-1,35,0,12,0,1,7,5,-1,0,0,0,0,-1,-1,1,25,0,1132,-1,-1,-1,-1,-1,-1,2,0,0,0,0,0,1,0,19,7,8,41.87330798,-87.7246947
0,389404,-1,30,1,2,0,1,14,2,2,0,0,0,1,1,-1,-1,17,11,2032,-1,-1,-1,-1,-1,-1,2,0,0,0,0,0,5,0,19,7,8,41.97599625,-87.67421296
0,391378,-1,40,0,0,0,1,12,5,8,0,0,0,0,-1,-1,1,22,0,1833,-1,-1,-1,-1,-1,-1,2,0,0,0,0,0,4,0,19,7,8,41.90073327,-87.61985708
0,389410,-1,30,0,0,0,4,12,2,0,0,0,0,0,-1,-1,-1,22,-1,233,-1,-1,-1,-1,-1,-1,2,0,0,0,0,0,2,0,19,7,8,41.79516179,-87.59794383
0,389358,-1,30,1,2,0,1,14,5,-1,0,0,0,1,1,-1,-1,17,0,822,-1,-1,-1,-1,-1,-1,3,0,0,0,0,0,4,0,19,7,8,41.78598472,-87.72281634
0,390020,-1,30,0,0,0,4,7,2,2,0,0,0,0,-1,-1,1,0,0,712,-1,-1,-1,-1,-1,-1,2,0,0,0,0,0,1,0,19,7,8,41.77978407,-87.64970295
0,389374,-1,15,0,0,0,1,0,7,2,0,0,0,0,-1,1,-1,17,-1,2512,-1,-1,-1,-1,-1,-1,2,0,0,0,0,0,2,0,19,7,8,41.92692481,-87.79275105
0,389341,-1,30,0,0,0,1,12,6,-1,0,0,0,0,-1,-1,-1,-1,-1,1523,-1,-1,-1,-1,-1,-1,2,0,0,0,0,0,2,0,19,7,8,41.88238424,-87.76175882
0,389349,-1,30,0,0,0,1,3,5,2,0,0,0,1,-1,-1,-1,21,-1,2012,-1,-1,-1,-1,-1,-1,2,0,0,0,0,0,2,0,18,7,8,41.98585089,-87.67453086
0,399271,-1,15,0,0,-1,1,0,7,2,0,0,0,0,-1,-1,-1,17,17,1814,-1,-1,-1,-1,-1,-1,2,0,0,0,0,0,2,0,18,7,8,41.91854077,-87.63599718
0,392196,-1,30,1,2,0,1,12,6,2,0,0,0,0,-1,-1,-1,0,0,122,-1,-1,-1,-1,-1,-1,2,0,0,0,0,0,2,0,18,7,8,41.88583846,-87.63397255
0,389998,-1,30,1,2,0,1,10,5,-1,0,0,-1,0,-1,-1,-1,0,20,834,-1,-1,-1,-1,-1,-1,2,0,0,0,0,0,2,0,18,7,8,41.74247144,-87.70234438
0,389308,-1,35,0,0,0,1,7,5,2,0,0,0,1,-1,-1,-1,11,-1,1412,-1,-1,-1,-1,-1,-1,4,0,0,0,0,0,1,0,18,7,8,41.93067274,-87.71211615
0,389303,-1,30,0,0,0,1,10,2,4,3,0,0,0,-1,-1,-1,0,0,2432,-1,-1,-1,-1,-1,-1,2,0,0,0,0,0,3,0,18,7,8,42.00132592,-87.6608849
0,389310,-1,30,1,2,0,1,14,5,4,0,0,0,0,1,-1,-1,17,11,833,-1,-1,-1,-1,-1,-1,2,0,0,0,0,0,3,0,18,7,8,41.76768773,-87.72263085
0,389337,-1,0,0,0,0,1,7,7,-1,0,0,12,0,-1,1,-1,12,0,1511,-1,-1,-1,-1,-1,-1,3,0,0,0,0,0,1,0,18,7,8,41.89472272,-87.76685943
0,389295,-1,30,0,0,0,1,10,5,2,0,0,0,0,-1,-1,-1,32,18,2222,-1,-1,-1,-1,-1,-1,2,0,0,0,0,0,2,0,18,7,8,41.72411441,-87.64980261
0,390277,-1,30,0,0,0,1,7,5,1,0,0,0,0,-1,-1,-1,0,-1,424,-1,-1,-1,-1,-1,-1,2,0,0,0,0,0,1,0,18,7,8,41.73108703,-87.55003766
0,389976,1,30,0,0,0,1,7,2,2,0,0,0,0,-1,-1,1,0,0,2512,-1,-1,-1,-1,-1,-1,2,0,0,0,0,0,1,0,18,7,8,41.9240822,-87.7954045
0,389447,-1,15,0,0,0,1,14,7,-1,0,0,0,0,-1,0,1,23,-1,831,-1,-1,-1,-1,-1,-1,2,0,0,0,0,0,2,0,18,7,8,41.76426825,-87.70338255
0,389338,-1,30,0,0,0,1,7,2,-1,0,0,0,0,-1,-1,-1,22,-1,123,-1,-1,-1,-1,-1,-1,2,0,0,0,0,0,1,0,18,7,8,41.87279887,-87.62433781
0,389323,-1,20,0,0,0,1,7,7,-1,0,0,0,0,-1,-1,1,0,-1,412,-1,-1,-1,-1,-1,-1,2,0,0,0,0,0,1,0,18,7,8,41.73471949,-87.58574504
0,389288,-1,30,0,0,0,1,10,12,-1,0,1,0,0,-1,-1,-1,0,-1,1034,-1,-1,-1,-1,-1,-1,2,0,0,0,0,0,3,0,17,7,8,41.85010031,-87.6859143
0,390601,1,30,0,0,0,-1,7,2,1,0,0,-1,0,-1,-1,1,-1,-1,1733,-1,-1,-1,-1,-1,-1,2,0,0,0,0,0,1,0,17,7,8,41.95086722,-87.70901201
0,389325,-1,30,1,2,0,1,2,5,-1,0,0,0,1,-1,-1,-1,27,19,1624,-1,-1,-1,-1,-1,-1,1,0,0,0,0,0,1,0,17,7,8,41.95964026,-87.78665014
0,389300,-1,30,1,2,0,1,10,5,2,0,0,0,0,-1,-1,1,18,-1,1731,-1,-1,-1,-1,-1,-1,2,0,0,0,0,0,2,0,17,7,8,41.94619803,-87.73230665
0,389294,-1,30,0,0,0,1,0,5,4,0,0,0,0,-1,-1,-1,20,0,833,-1,-1,-1,-1,-1,-1,2,0,0,0,0,0,3,0,17,7,8,41.74973412,-87.71829991
0,389292,-1,25,1,2,0,1,14,5,2,0,0,0,0,1,-1,-1,22,23,2031,-1,-1,-1,-1,-1,-1,2,0,0,0,0,0,2,0,17,7,8,41.96864141,-87.69872462
3,389286,-1,30,0,0,0,1,9,6,-1,0,0,0,1,-1,-1,-1,0,-1,111,-1,-1,-1,-1,-1,-1,2,1,0,1,0,0,1,0,17,7,8,41.88586211,-87.62685865
0,389287,-1,30,0,0,0,1,7,6,1,0,0,0,0,-1,-1,-1,17,0,1913,-1,-1,-1,-1,-1,-1,2,0,0,0,0,0,1,0,17,7,8,41.96221289,-87.65806055
0,389293,-1,30,0,0,0,1,7,7,2,0,0,0,0,-1,-1,1,0,-1,412,-1,-1,-1,-1,-1,-1,2,0,0,0,0,0,1,0,17,7,8,41.73975048,-87.58585675
2,389239,-1,30,0,0,0,1,14,6,-1,0,0,0,1,-1,-1,-1,17,0,1024,1,-1,-1,-1,-1,-1,2,1,0,0,1,0,3,0,17,7,8,41.84490402,-87.71221715
0,389243,-1,20,0,0,0,1,7,6,1,0,0,0,0,-1,-1,1,0,0,413,-1,-1,-1,-1,-1,-1,2,0,0,0,0,0,1,0,17,7,8,41.72621738,-87.60079344
1,389235,-1,30,0,0,0,1,10,2,4,0,0,0,1,-1,-1,-1,21,0,1122,-1,-1,-1,-1,-1,-1,2,1,0,0,0,1,4,0,17,7,8,41.88085229,-87.7244879
0,391575,-1,30,1,2,0,1,10,5,-1,0,0,0,0,-1,-1,0,12,0,1711,-1,-1,-1,-1,-1,-1,2,0,0,0,0,0,2,0,17,7,8,41.98672984,-87.71401786
0,390090,1,30,0,0,0,-1,7,5,-1,0,0,0,0,-1,-1,1,17,18,1622,-1,-1,-1,-1,-1,-1,2,0,0,0,0,0,1,0,17,7,8,41.99004755,-87.78380925
0,389266,-1,30,-1,-1,0,1,7,2,-1,0,0,-1,0,-1,-1,1,0,0,1923,-1,-1,-1,-1,-1,-1,2,0,0,0,0,0,1,0,17,7,8,41.94719633,-87.65931415
0,389285,-1,35,0,0,0,1,10,2,3,0,0,0,0,-1,-1,-1,18,0,431,-1,-1,-1,-1,-1,-1,3,0,0,0,0,0,4,0,16,7,8,41.72048641,-87.58480958
2,389247,-1,35,1,2,0,1,10,2,3,0,0,0,1,-1,-1,-1,18,0,813,-1,-1,-1,-1,-1,-1,3,1,0,0,1,0,2,0,16,7,8,41.79299439,-87.74180603
0,389225,-1,40,0,0,0,1,10,3,-1,0,0,0,0,-1,-1,-1,18,16,1934,-1,-1,-1,-1,-1,-1,2,0,0,0,0,0,2,0,16,7,8,41.93788919,-87.63494178
1,389216,-1,30,0,0,0,1,10,6,2,0,0,0,1,-1,-1,-1,18,18,1612,-1,-1,-1,-1,-1,-1,2,2,0,0,0,2,3,0,16,7,8,41.98299355,-87.78865112
3,389213,-1,30,0,0,0,1,7,6,1,0,0,-1,1,-1,-1,-1,0,0,611,-1,-1,-1,-1,-1,-1,2,1,0,1,0,0,0,0,16,7,8,41.74969555,-87.66813016
0,389224,-1,30,0,0,0,1,7,6,-1,0,0,0,0,-1,-1,1,20,-1,1511,-1,-1,-1,-1,-1,-1,2,0,0,0,0,0,1,0,16,7,8,41.89296179,-87.77180848
3,389214,-1,30,1,2,0,1,9,2,-1,0,0,0,1,-1,-1,-1,33,-1,124,-1,1,-1,-1,-1,-1,3,2,0,1,1,0,2,0,16,7,8,41.86965004,-87.63942017
0,389259,-1,0,0,0,0,1,7,-1,2,0,0,0,0,-1,-1,-1,20,0,224,-1,-1,-1,-1,-1,-1,2,0,0,0,0,0,1,0,16,7,8,41.80743412,-87.61770307
0,389178,-1,30,0,0,0,1,10,5,-1,0,0,0,0,-1,-1,-1,-1,-1,835,-1,-1,-1,-1,-1,-1,3,0,0,0,0,0,3,0,16,7,8,41.76066858,-87.7028548
2,389199,-1,15,0,0,0,1,10,7,2,0,0,0,1,-1,1,-1,0,-1,1432,-1,-1,-1,-1,-1,-1,2,1,0,0,1,0,1,0,16,7,8,41.929849,-87.68464378
0,389187,-1,30,1,2,0,1,10,5,4,0,0,0,0,1,-1,-1,18,16,2521,-1,-1,-1,-1,-1,-1,2,0,0,0,0,0,2,0,16,7,8,41.93192847,-87.74675554
0,389211,-1,10,0,0,0,1,7,7,1,0,0,0,0,-1,-1,1,0,-1,511,-1,-1,-1,-1,-1,-1,2,0,0,0,0,0,2,0,16,7,8,41.7124749,-87.61996083
0,391183,-1,30,1,2,0,1,0,2,-1,0,0,0,0,-1,-1,1,0,-1,223,-1,-1,-1,-1,-1,-1,2,0,0,0,0,0,2,0,16,7,8,41.80933522,-87.61400005
0,389245,-1,30,1,2,0,1,12,5,-1,0,0,0,0,-1,-1,-1,21,-1,112,-1,-1,-1,-1,-1,-1,2,0,0,0,0,0,2,0,16,7,8,41.88276415,-87.62771101
0,389197,-1,30,0,0,0,1,0,5,2,0,0,0,0,-1,-1,-1,0,-1,1235,-1,-1,-1,-1,-1,-1,2,0,0,0,0,0,2,0,16,7,8,41.85526085,-87.66136118
0,389160,-1,30,0,0,0,1,10,2,-1,0,0,0,0,-1,-1,-1,18,18,2511,-1,-1,-1,-1,-1,-1,2,0,0,0,0,0,5,0,16,7,8,41.9383119,-87.77821861
0,389137,-1,30,0,0,0,1,14,2,4,0,0,0,0,-1,-1,-1,23,17,835,-1,-1,-1,-1,-1,-1,2,0,0,0,0,0,2,0,16,7,8,41.7353688,-87.69833672
0,389151,-1,30,0,0,0,1,7,5,4,2,0,0,0,-1,-1,-1,0,-1,1034,-1,-1,-1,-1,-1,-1,2,0,0,0,0,0,1,0,16,7,8,41.84803753,-87.68567386
0,389223,-1,0,0,0,0,1,7,5,1,0,0,0,0,-1,-1,1,0,0,233,-1,-1,-1,-1,-1,-1,2,0,0,0,0,0,1,0,16,7,8,41.80054947,-87.60600296
0,396237,-1,30,0,0,0,1,7,7,6,0,0,0,0,0,-1,1,0,0,232,-1,-1,-1,-1,-1,-1,2,0,0,0,0,0,1,0,16,7,8,41.79068423,-87.61602614
0,391297,-1,30,0,0,0,3,7,6,1,0,0,0,0,-1,-1,1,-1,-1,823,-1,-1,-1,-1,-1,-1,2,0,0,0,0,0,1,0,16,7,8,41.77593783,-87.71457194
0,391185,1,20,2,2,-1,-1,7,5,2,0,0,0,0,-1,-1,1,0,0,1131,-1,-1,-1,-1,-1,-1,2,0,0,0,0,0,1,0,16,7,8,41.87146199,-87.73883114
0,389192,-1,30,0,0,0,1,7,5,-1,0,0,0,0,-1,-1,-1,-1,-1,1832,-1,-1,-1,-1,-1,-1,2,0,0,0,0,0,2,0,16,7,8,41.89801413,-87.62966927
0,389188,-1,30,0,0,0,1,14,5,2,0,0,0,0,-1,-1,-1,17,0,822,-1,-1,-1,-1,-1,-1,2,0,0,0,0,0,2,0,16,7,8,41.7861785,-87.71459606
0,389175,-1,15,0,0,0,1,7,5,2,0,0,0,0,-1,-1,1,0,0,1712,-1,-1,-1,-1,-1,-1,2,0,0,0,0,0,1,0,16,7,8,41.96855449,-87.71811332
0,391390,-1,30,0,0,0,1,7,6,2,0,0,0,0,-1,-1,-1,20,20,334,-1,-1,-1,-1,-1,-1,2,0,0,0,0,0,1,0,15,7,8,41.75967518,-87.56206471
0,389171,-1,30,0,0,0,1,14,5,-1,0,0,0,0,1,-1,-1,23,0,1621,-1,-1,-1,-1,-1,-1,2,0,0,0,0,0,3,0,15,7,8,41.99743267,-87.76210402
-1,389940,-1,45,0,0,0,1,12,12,3,0,0,0,0,-1,-1,-1,21,-1,132,-1,-1,-1,-1,-1,-1,-1,-1,-1,-1,-1,-1,-1,-1,15,7,8,41.86411696,-87.61894998
0,389191,-1,0,0,0,0,1,10,-1,-1,0,-1,-1,0,-1,-1,-1,0,-1,1135,-1,-1,-1,-1,-1,-1,2,0,0,0,0,0,3,0,15,7,8,41.86878384,-87.68624469
0,389167,-1,30,0,0,0,1,10,6,1,0,0,0,0,-1,-1,1,18,-1,1925,-1,-1,-1,-1,-1,-1,2,0,0,0,0,0,4,0,15,7,8,41.94090916,-87.63936916
2,389453,-1,30,0,0,0,1,10,6,1,0,0,0,1,-1,-1,-1,16,-1,1934,-1,-1,-1,-1,-1,-1,2,1,0,0,1,0,2,0,15,7,8,41.93563921,-87.6438286
2,389107,-1,30,1,2,0,1,8,2,-1,0,0,0,1,-1,-1,-1,17,-1,2211,-1,-1,-1,-1,-1,-1,2,1,0,0,1,0,1,0,15,7,8,41.70608296,-87.70146672
0,389570,-1,30,2,2,0,1,10,12,-1,0,0,0,0,1,-1,-1,18,0,224,-1,-1,-1,-1,-1,-1,2,0,0,0,0,0,2,0,15,7,8,41.80806161,-87.61941167
1,389111,-1,30,0,12,0,1,10,2,-1,0,0,0,1,-1,-1,-1,16,18,223,-1,-1,-1,-1,-1,-1,1,2,0,0,0,2,3,0,15,7,8,41.80299057,-87.60657241
0,389121,-1,30,0,0,0,1,7,5,2,0,0,0,0,-1,-1,-1,-1,-1,132,-1,-1,-1,-1,-1,-1,2,0,0,0,0,0,1,0,15,7,8,41.86014946,-87.62194556
0,389095,-1,30,0,12,0,1,10,5,-1,0,0,0,1,0,-1,-1,14,21,412,-1,-1,-1,-1,-1,-1,2,0,0,0,0,0,1,0,15,7,8,41.74316913,-87.57568198
1,389089,-1,25,0,0,0,1,0,0,1,0,0,0,1,-1,-1,-1,20,-1,931,-1,-1,-1,-1,-1,-1,2,1,0,0,0,1,1,0,15,7,8,41.80420382,-87.6735124
0,389081,-1,35,1,2,1,1,0,2,4,0,0,0,0,1,-1,-1,0,-1,811,-1,-1,-1,-1,-1,-1,2,0,0,0,0,0,2,0,15,7,8,41.7921739,-87.79640063
1,389196,-1,30,2,0,0,1,14,6,1,0,0,0,1,-1,-1,-1,10,10,834,-1,-1,-1,-1,-1,-1,2,1,0,0,0,1,1,0,15,7,8,41.7532301,-87.72218078
0,390505,-1,30,1,2,0,1,10,5,-1,0,0,0,0,-1,-1,-1,18,-1,1131,-1,-1,-1,-1,-1,-1,2,0,0,0,0,0,2,0,15,7,8,41.87027278,-87.73525749
0,389456,-1,10,0,0,0,1,0,7,2,0,0,0,0,-1,-1,-1,0,-1,433,-1,-1,-1,-1,-1,-1,2,0,0,0,0,0,3,0,14,7,8,41.68085614,-87.5399566
0,389069,-1,30,1,2,0,1,14,5,2,0,0,0,0,1,-1,-1,17,-1,2514,-1,-1,-1,-1,-1,-1,2,0,0,0,0,0,3,0,14,7,8,41.93137948,-87.7614835
0,389067,-1,30,0,0,0,1,10,2,4,0,0,0,0,-1,-1,-1,18,0,2433,-1,-1,-1,-1,-1,-1,2,0,0,0,0,0,2,0,14,7,8,41.99809855,-87.65868607
0,389077,-1,15,0,0,0,1,7,5,-1,0,0,0,0,-1,1,1,0,0,1433,-1,-1,-1,-1,-1,-1,2,0,0,0,0,0,1,0,14,7,8,41.91058895,-87.66284109
0,392436,-1,9,0,0,0,1,0,5,2,0,0,0,0,-1,-1,-1,0,-1,833,-1,-1,-1,-1,-1,-1,2,0,0,0,0,0,3,0,14,7,8,41.75300632,-87.71531243
0,389184,1,15,0,0,0,1,7,6,1,0,0,0,0,-1,-1,1,0,0,1732,-1,-1,-1,-1,-1,-1,2,0,0,0,0,0,1,0,14,7,8,41.94097656,-87.71405609
0,389079,-1,30,0,0,0,1,10,3,-1,0,0,0,1,1,-1,-1,18,-1,1832,-1,-1,-1,-1,-1,-1,3,0,0,0,0,0,3,0,14,7,8,41.8990055,-87.63292613
0,389076,-1,30,2,2,0,1,10,1,-1,0,0,0,0,1,-1,-1,32,0,2524,-1,-1,-1,-1,-1,-1,2,0,0,0,0,0,3,0,14,7,8,41.92835153,-87.7180971
0,389064,-1,30,-1,-1,0,1,10,5,-1,0,0,0,0,-1,-1,1,0,-1,711,-1,-1,-1,-1,-1,-1,2,0,0,0,0,0,2,0,14,7,8,41.78717517,-87.63209554
0,389028,-1,30,0,0,0,1,0,7,-1,0,-1,-1,0,-1,1,-1,0,-1,915,-1,-1,-1,-1,-1,-1,2,0,0,0,0,0,2,0,14,7,8,41.82350359,-87.65066638
0,390114,-1,30,0,0,0,1,10,6,-1,0,0,0,0,-1,-1,1,0,0,2012,-1,-1,-1,-1,-1,-1,2,0,0,0,0,0,2,0,14,7,8,41.98446686,-87.66911669
0,390498,-1,30,1,2,0,1,10,5,2,0,0,0,1,-1,-1,-1,18,-1,1432,-1,-1,-1,-1,-1,-1,2,0,0,0,0,0,4,0,14,7,8,41.92486539,-87.68749357
0,389050,-1,25,0,0,0,1,10,5,-1,0,0,0,0,-1,-1,-1,0,0,1033,-1,-1,-1,-1,-1,-1,2,0,0,0,0,0,2,0,14,7,8,41.84284061,-87.70246712
0,389058,-1,35,0,0,0,1,12,5,2,0,0,0,0,-1,-1,-1,22,0,412,-1,-1,-1,-1,-1,-1,2,0,0,0,0,0,2,0,14,7,8,41.74431359,-87.56903618
0,389070,-1,30,0,0,0,1,12,3,6,0,0,0,0,0,-1,-1,17,-1,112,-1,-1,-1,-1,-1,-1,2,0,0,0,0,0,7,0,14,7,8,41.8825402,-87.62453095
0,394703,-1,30,1,2,0,1,10,2,4,0,0,0,0,-1,-1,1,18,16,123,-1,-1,-1,-1,-1,-1,2,0,0,0,0,0,2,0,14,7,8,41.86749103,-87.62994605
0,390535,-1,30,0,0,0,1,12,5,-1,0,0,0,0,-1,-1,-1,23,-1,423,-1,-1,-1,-1,-1,-1,2,0,0,0,0,0,2,0,14,7,8,41.74355753,-87.56353202
-1,389154,-1,35,1,2,0,1,14,1,-1,0,0,12,0,1,-1,1,21,23,331,-1,-1,-1,-1,-1,-1,-1,-1,-1,-1,-1,-1,-1,-1,14,7,8,41.77665367,-87.57082461
0,391456,-1,30,0,0,-1,-1,0,12,-1,0,-1,-1,0,-1,-1,-1,0,0,331,-1,-1,-1,-1,-1,-1,2,0,0,0,0,0,3,0,14,7,8,41.79142028,-87.58014777
0,390647,-1,30,0,0,0,1,7,6,1,0,0,0,0,-1,-1,1,0,-1,531,-1,-1,-1,-1,-1,-1,2,0,0,0,0,0,1,0,14,7,8,41.68569126,-87.60691454
0,390135,-1,30,0,-1,0,1,14,7,-1,0,0,0,0,-1,-1,1,10,-1,1411,-1,-1,-1,-1,-1,-1,2,0,0,0,0,0,2,0,14,7,8,41.93243603,-87.70238543