MOST_SEVERE_INJURY,RD_NO,CRASH_DATE_EST_I,POSTED_SPEED_LIMIT,TRAFFIC_CONTROL_DEVICE,DEVICE_CONDITION,WEATHER_CONDITION,LIGHTING_CONDITION,FIRST_CRASH_TYPE,TRAFFICWAY_TYPE,LANE_CNT,ALIGNMENT,ROADWAY_SURFACE_COND,ROAD_DEFECT,CRASH_TYPE,INTERSECTION_RELATED_I,NOT_RIGHT_OF_WAY_I,HIT_AND_RUN_I,PRIM_CONTRIBUTORY_CAUSE,SEC_CONTRIBUTORY_CAUSE,BEAT_OF_OCCURRENCE,PHOTOS_TAKEN_I,STATEMENTS_TAKEN_I,DOORING_I,WORK_ZONE_I,WORK_ZONE_TYPE,WORKERS_PRESENT_I,NUM_UNITS,INJURIES_TOTAL,INJURIES_FATAL,INJURIES_INCAPACITATING,INJURIES_NON_INCAPACITATING,INJURIES_REPORTED_NOT_EVIDENT,INJURIES_NO_INDICATION,INJURIES_UNKNOWN,CRASH_HOUR,CRASH_DAY_OF_WEEK,CRASH_MONTH,LATITUDE,LONGITUDE
0,389380,-1,30,0,0,0,1,12,2,-1,0,0,0,0,-1,-1,-1,14,-1,411,-1,-1,-1,-1,-1,-1,2,0,0,0,0,0,2,0,14,7,8,41.75184531,-87.58614824
0,389267,-1,30,1,2,0,1,10,5,4,0,0,0,0,1,-1,-1,18,0,813,-1,-1,-1,-1,-1,-1,2,0,0,0,0,0,2,0,14,7,8,41.77651629,-87.74207912
0,389051,-1,30,0,0,0,1,0,5,2,0,0,-1,0,-1,-1,-1,23,0,2413,-1,-1,-1,-1,-1,-1,2,0,0,0,0,0,2,0,14,7,8,41.9938798,-87.69861131
0,389043,-1,0,0,0,0,1,14,-1,-1,0,-1,-1,0,-1,-1,1,0,-1,1034,-1,-1,-1,-1,-1,-1,2,0,0,0,0,0,4,0,14,7,8,41.85011382,-87.68493136
0,389013,-1,30,1,2,0,1,10,5,-1,0,0,0,0,1,-1,-1,18,-1,412,-1,-1,-1,-1,-1,-1,2,0,0,0,0,0,2,0,14,7,8,41.74161183,-87.57564594
0,389012,-1,30,0,0,0,1,10,5,-1,0,0,0,0,-1,-1,-1,-1,-1,821,-1,-1,-1,-1,-1,-1,2,0,0,0,0,0,4,0,14,7,8,41.82074117,-87.70461555
0,393563,-1,30,0,0,-1,-1,7,-1,-1,0,-1,-1,0,-1,-1,-1,20,-1,1831,-1,-1,-1,-1,-1,-1,2,0,0,0,0,0,1,0,13,7,8,41.88963425,-87.6297443
2,389078,-1,30,1,2,0,1,10,5,-1,0,0,0,1,-1,-1,-1,0,-1,813,-1,-1,-1,-1,-1,-1,2,2,0,0,2,0,1,0,13,7,8,41.78597932,-87.72310958
0,389037,-1,30,1,2,0,1,14,1,2,0,0,0,1,1,-1,-1,11,0,1723,-1,-1,-1,-1,-1,-1,2,0,0,0,0,0,2,0,13,7,8,41.96661756,-87.71834627
0,389005,-1,30,1,2,0,1,10,5,2,0,0,0,0,-1,-1,-1,18,0,1033,-1,-1,-1,-1,-1,-1,2,0,0,0,0,0,2,0,13,7,8,41.83675026,-87.70466379
0,388991,-1,30,0,0,0,1,11,2,2,0,0,-1,0,-1,-1,-1,17,21,1925,-1,-1,-1,-1,-1,-1,2,0,0,0,0,0,3,0,13,7,8,41.94581067,-87.64617271
0,388973,-1,35,1,2,0,1,0,5,-1,0,0,0,1,1,-1,-1,17,-1,613,-1,-1,-1,-1,-1,-1,2,0,0,0,0,0,2,0,13,7,8,41.74326449,-87.64397498
0,389232,-1,30,-1,-1,0,1,14,2,2,0,0,0,0,-1,-1,-1,0,0,1911,-1,-1,-1,-1,-1,-1,2,0,0,0,0,0,2,0,13,7,8,41.96843004,-87.69765591
0,388977,-1,30,0,0,0,1,10,3,4,0,0,0,0,-1,-1,-1,0,-1,1433,-1,-1,-1,-1,-1,-1,2,0,0,0,0,0,2,0,13,7,8,41.91100174,-87.66784765
0,406790,-1,25,0,0,0,1,7,6,1,0,0,0,0,-1,-1,-1,-1,-1,611,-1,-1,-1,-1,-1,-1,2,0,0,0,0,0,1,0,13,7,8,41.75082336,-87.66480743
0,389019,-1,10,0,0,0,1,7,7,-1,0,0,0,0,-1,1,1,21,11,2413,-1,-1,-1,-1,-1,-1,2,0,0,0,0,0,1,0,13,7,8,41.99757959,-87.69339354
0,389264,-1,30,0,0,0,1,10,6,-1,0,0,0,0,-1,-1,-1,11,-1,1922,-1,-1,-1,-1,-1,-1,2,0,0,0,0,0,2,0,13,7,8,41.94345801,-87.66836994
0,389090,-1,0,-1,-1,0,1,10,2,4,0,0,0,0,-1,-1,-1,18,0,235,-1,-1,-1,-1,-1,-1,2,0,0,0,0,0,2,0,13,7,8,41.79425839,-87.60606485
0,389034,-1,30,2,2,0,1,12,5,4,0,0,0,0,-1,-1,1,18,18,212,-1,-1,-1,-1,-1,-1,2,0,0,0,0,0,4,0,13,7,8,41.82859605,-87.61428515
0,389021,-1,30,1,2,0,1,12,5,-1,0,0,0,0,1,-1,-1,0,0,1834,-1,-1,-1,-1,-1,-1,2,0,0,0,0,0,2,0,13,7,8,41.89259323,-87.62433405
2,389008,-1,30,1,2,0,1,8,2,-1,0,0,0,1,1,-1,-1,0,-1,112,-1,-1,-1,-1,-1,-1,2,1,0,0,1,0,2,0,13,7,8,41.88189293,-87.62903221
0,388994,-1,30,0,0,0,1,12,2,2,0,0,-1,0,-1,-1,-1,0,0,2013,-1,-1,-1,-1,-1,-1,2,0,0,0,0,0,2,0,13,7,8,41.97791155,-87.66816953
1,388982,-1,30,1,2,0,1,0,2,2,0,0,0,1,1,-1,-1,16,3,323,-1,-1,-1,-1,-1,-1,2,1,0,0,0,1,1,0,13,7,8,41.7619667,-87.61535052
0,388997,-1,30,1,2,0,1,8,5,3,1,0,0,0,1,-1,-1,17,-1,914,-1,-1,-1,-1,-1,-1,2,0,0,0,0,0,2,0,13,7,8,41.85774375,-87.63203906
0,389984,-1,30,0,0,0,1,10,2,-1,0,-1,-1,0,-1,-1,-1,0,0,233,-1,-1,-1,-1,-1,-1,2,0,0,0,0,0,7,0,13,7,8,41.79397421,-87.60635266
0,389063,-1,0,1,2,0,1,10,5,1,0,0,0,0,-1,-1,-1,0,0,211,-1,-1,-1,-1,-1,-1,2,0,0,0,0,0,3,0,13,7,8,41.83482888,-87.62191183
0,389053,-1,30,0,0,0,1,7,5,-1,0,0,0,0,-1,-1,1,0,0,1424,-1,-1,-1,-1,-1,-1,2,0,0,0,0,0,1,0,13,7,8,41.90896025,-87.67547637
0,388942,-1,0,0,0,0,1,0,-1,-1,0,-1,-1,0,-1,-1,-1,0,-1,1224,-1,-1,-1,-1,-1,-1,2,0,0,0,0,0,3,0,13,7,8,41.88429093,-87.64784177
0,388937,-1,30,0,0,0,1,7,5,2,0,0,0,0,-1,-1,-1,0,-1,1232,-1,-1,-1,-1,-1,-1,2,0,0,0,0,0,4,0,13,7,8,41.87880138,-87.6474162
0,389049,1,10,0,0,0,1,11,0,1,0,0,0,1,-1,-1,-1,-1,-1,1024,-1,-1,-1,-1,-1,-1,2,0,0,0,0,0,1,0,12,7,8,41.85504378,-87.71036814
0,390677,-1,30,1,2,0,1,12,5,2,0,0,0,0,-1,-1,1,22,-1,1732,-1,-1,-1,-1,-1,-1,2,0,0,0,0,0,4,0,12,7,8,41.93966991,-87.71266361
0,389054,1,30,2,-1,0,1,7,-1,1,0,-1,-1,0,-1,-1,1,-1,-1,1114,-1,-1,-1,-1,-1,-1,2,0,0,0,0,0,1,0,12,7,8,41.88318302,-87.73541101
0,388927,-1,30,1,2,0,1,0,5,4,0,0,0,0,1,-1,1,0,0,1612,-1,-1,-1,-1,-1,-1,2,0,0,0,0,0,2,0,12,7,8,41.98590617,-87.78784922
0,389146,-1,30,2,-1,0,1,0,12,3,0,0,-1,1,1,-1,-1,17,17,215,-1,-1,-1,-1,-1,-1,2,0,0,0,0,0,2,0,12,7,8,41.81103208,-87.62140462
0,388967,-1,5,12,0,0,1,14,7,-1,0,0,0,0,-1,-1,-1,23,-1,131,-1,-1,-1,-1,-1,-1,2,0,0,0,0,0,2,0,12,7,8,41.86683145,-87.62566961
0,388910,-1,25,0,0,0,1,10,7,0,0,0,0,0,-1,0,-1,20,-1,1912,-1,-1,-1,-1,-1,-1,2,0,0,0,0,0,2,0,12,7,8,41.9562504,-87.66357292
2,388904,-1,30,0,0,0,1,9,5,-1,0,0,0,1,-1,-1,-1,17,-1,1724,-1,-1,-1,-1,-1,-1,2,2,0,0,2,0,0,0,12,7,8,41.96438753,-87.70849248
0,388925,-1,30,1,2,0,1,10,5,-1,0,0,0,0,-1,-1,1,18,-1,2534,-1,-1,-1,-1,-1,-1,2,0,0,0,0,0,4,0,12,7,8,41.90614446,-87.72668938
0,388918,-1,15,0,0,0,1,7,7,-1,0,0,0,0,-1,-1,-1,20,-1,1522,1,-1,-1,-1,-1,-1,2,0,0,0,0,0,2,0,12,7,8,41.87090822,-87.75742782
0,394957,-1,30,0,0,0,1,7,6,1,0,0,0,0,-1,-1,1,0,-1,432,-1,-1,-1,-1,-1,-1,2,0,0,0,0,0,1,0,12,7,8,41.71599115,-87.5339265
0,388960,-1,30,1,2,0,1,14,5,-1,0,0,0,0,1,-1,-1,-1,-1,412,-1,-1,-1,-1,-1,-1,2,0,0,0,0,0,2,0,12,7,8,41.73500058,-87.58574783
0,388919,-1,20,0,0,0,4,0,7,-1,0,0,0,0,-1,-1,-1,20,0,2422,-1,-1,-1,-1,-1,-1,2,0,0,0,0,0,2,0,12,7,8,42.01928855,-87.67505851
2,388908,-1,30,0,0,0,1,9,5,4,0,0,0,1,-1,-1,-1,17,-1,1023,1,-1,-1,-1,-1,-1,3,2,0,0,2,0,1,0,12,7,8,41.85210173,-87.68897107
2,388871,-1,30,0,0,0,1,9,5,2,0,0,0,1,-1,-1,-1,-1,-1,1234,-1,-1,-1,-1,-1,-1,2,1,0,0,1,0,1,0,12,7,8,41.85223513,-87.67910257
0,388884,-1,30,2,2,0,1,14,5,2,0,0,0,0,1,-1,-1,0,0,1434,-1,-1,-1,-1,-1,-1,2,0,0,0,0,0,2,0,12,7,8,41.9145624,-87.68414787
0,389003,-1,30,1,2,0,1,0,5,-1,0,0,0,0,1,-1,1,0,-1,1622,-1,-1,-1,-1,-1,-1,2,0,0,0,0,0,2,0,12,7,8,41.98591023,-87.78753021
0,388901,-1,0,0,0,0,1,10,6,2,0,0,0,0,-1,-1,-1,20,-1,322,-1,-1,-1,-1,-1,-1,2,0,0,0,0,0,2,0,12,7,8,41.76602561,-87.62477633
0,388893,-1,30,1,2,0,1,7,5,-1,0,0,0,0,1,-1,-1,18,-1,1915,-1,-1,-1,-1,-1,-1,2,0,0,0,0,0,1,0,12,7,8,41.95467011,-87.6497454
0,388913,-1,30,1,2,0,1,12,2,4,0,0,0,1,1,-1,-1,22,16,1222,-1,-1,-1,-1,-1,-1,3,0,0,0,0,0,4,0,12,7,8,41.88303658,-87.68663247
0,388906,-1,20,0,0,0,1,12,5,-1,0,0,0,0,-1,-1,1,0,-1,233,-1,-1,-1,-1,-1,-1,2,0,0,0,0,0,2,0,12,7,8,41.80012837,-87.59680323
0,388892,-1,30,0,0,0,1,14,5,-1,0,0,0,0,-1,-1,-1,0,-1,1411,-1,-1,-1,-1,-1,-1,2,0,0,0,0,0,2,0,12,7,8,41.93356664,-87.70271143
0,388885,-1,30,0,0,0,1,10,5,2,0,0,0,0,-1,-1,-1,18,0,1412,-1,-1,-1,-1,-1,-1,2,0,0,0,0,0,5,0,12,7,8,41.93210647,-87.71023813
0,398707,-1,30,0,0,0,1,11,5,-1,0,0,0,0,-1,-1,1,0,-1,1115,-1,-1,-1,-1,-1,-1,2,0,0,0,0,0,2,0,12,7,8,41.87879857,-87.7352671
0,390121,1,20,0,0,0,1,7,5,-1,0,0,0,0,-1,-1,1,17,-1,2514,-1,-1,-1,-1,-1,-1,2,0,0,0,0,0,1,0,12,7,8,41.93732404,-87.77267788
0,389923,-1,20,2,0,0,1,7,6,1,0,0,0,0,-1,-1,1,-1,-1,633,-1,-1,-1,-1,-1,-1,2,0,0,0,0,0,1,0,12,7,8,41.73212438,-87.60944036
0,388981,-1,0,1,2,0,1,12,5,2,0,0,0,0,-1,-1,1,0,0,925,-1,-1,-1,-1,-1,-1,2,0,0,0,0,0,4,0,12,7,8,41.80923716,-87.6318671
0,388948,-1,5,0,0,0,1,0,7,0,0,0,0,0,-1,1,-1,17,20,812,-1,-1,-1,-1,-1,-1,2,0,0,0,0,0,2,0,12,7,8,41.77776423,-87.78263542
0,388897,-1,30,1,3,0,1,14,5,-1,0,0,0,0,1,-1,-1,-1,-1,2523,-1,-1,-1,-1,-1,-1,2,0,0,0,0,0,2,0,11,7,8,41.93506582,-87.71742429
0,388839,-1,30,0,0,0,1,12,2,4,0,0,0,0,-1,-1,1,22,0,2511,-1,-1,-1,-1,-1,-1,2,0,0,0,0,0,5,0,11,7,8,41.93788228,-87.80739521
1,388842,-1,30,0,0,0,1,10,1,4,0,0,0,1,-1,-1,-1,18,-1,2212,-1,-1,-1,-1,-1,-1,2,1,0,0,0,1,3,0,11,7,8,41.69572771,-87.68142722
0,388826,-1,40,0,0,0,1,12,3,8,0,0,0,0,-1,-1,-1,11,-1,1834,-1,-1,-1,-1,-1,-1,2,0,0,0,0,0,4,0,11,7,8,41.89451275,-87.61525517
1,388894,-1,30,1,2,0,1,10,5,2,0,0,0,1,-1,-1,1,18,16,1624,-1,-1,-1,-1,-1,-1,2,1,0,0,0,1,1,0,11,7,8,41.95303431,-87.78590772
0,388833,-1,30,1,2,0,1,10,5,2,0,0,0,0,-1,-1,-1,0,0,2022,-1,-1,-1,-1,-1,-1,2,0,0,0,0,0,2,0,11,7,8,41.9872481,-87.65524984
0,389633,1,30,0,0,0,3,14,2,4,0,0,0,0,-1,-1,-1,17,11,1733,-1,-1,-1,-1,-1,-1,2,0,0,0,0,0,3,0,11,7,8,41.94036792,-87.71239086
0,388922,-1,30,1,2,0,1,8,5,3,2,0,0,0,1,-1,-1,17,-1,123,-1,-1,-1,-1,-1,-1,2,0,0,0,0,0,5,0,11,7,8,41.86757102,-87.63058647
0,389010,-1,35,0,0,0,1,10,5,2,0,0,-1,0,-1,-1,1,0,0,1032,-1,-1,-1,-1,-1,-1,2,0,0,0,0,0,3,0,11,7,8,41.84424818,-87.71671072
0,388996,-1,0,0,0,0,1,0,5,3,0,0,0,0,-1,-1,1,11,0,231,-1,-1,-1,-1,-1,-1,2,0,0,0,0,0,2,0,11,7,8,41.801711,-87.61788564
0,388865,-1,30,1,2,0,1,12,5,-1,0,0,12,0,1,-1,-1,21,0,813,-1,-1,-1,-1,-1,-1,2,0,0,0,0,0,3,0,11,7,8,41.79291088,-87.74207734
0,388830,-1,30,0,0,0,1,12,6,-1,0,0,0,0,-1,-1,-1,0,0,832,-1,-1,-1,-1,-1,-1,2,0,0,0,0,0,2,0,11,7,8,41.77386709,-87.68486177
0,388813,-1,25,0,0,0,1,12,6,-1,0,1,0,0,-1,-1,-1,0,0,1132,-1,-1,-1,-1,-1,-1,2,0,0,0,0,0,5,0,11,7,8,41.8719286,-87.72755305
0,388800,-1,30,2,2,0,1,10,5,2,0,0,0,0,-1,-1,-1,18,18,1234,-1,-1,-1,-1,-1,-1,2,0,0,0,0,0,2,0,11,7,8,41.85301683,-87.67353675
3,388767,-1,30,2,2,0,1,14,3,4,0,0,0,1,-1,-1,1,5,0,2223,-1,-1,-1,-1,-1,-1,2,1,0,1,0,0,1,0,11,7,8,41.72131873,-87.64578451
0,388856,-1,30,1,2,0,1,10,5,4,0,0,0,0,-1,-1,-1,18,-1,1411,-1,-1,-1,-1,-1,-1,2,0,0,0,0,0,2,0,11,7,8,41.93226638,-87.68898507
0,388796,-1,10,0,0,0,1,7,7,-1,0,0,-1,0,-1,-1,-1,11,-1,1632,-1,-1,-1,-1,-1,-1,2,0,0,0,0,0,1,0,11,7,8,41.9529842,-87.78908383
2,388778,-1,30,1,2,0,1,14,-1,3,0,0,0,1,1,-1,-1,23,11,213,-1,-1,-1,-1,-1,-1,2,1,0,0,1,0,2,0,11,7,8,41.82368535,-87.6217466
0,388824,-1,30,0,0,0,1,14,5,4,0,0,-1,0,-1,-1,-1,0,0,632,-1,-1,-1,-1,-1,-1,2,0,0,0,0,0,2,0,11,7,8,41.73641286,-87.62400458
0,388773,-1,30,0,3,0,1,14,2,2,0,0,0,0,-1,-1,-1,0,0,1034,-1,-1,-1,-1,-1,-1,2,0,0,0,0,0,5,0,11,7,8,41.8476772,-87.67831668
0,388756,-1,20,2,2,0,1,14,5,2,0,0,0,0,1,-1,1,23,23,913,-1,-1,-1,-1,-1,-1,2,0,0,0,0,0,2,0,11,7,8,41.83272101,-87.64872795
0,399896,-1,25,0,0,0,1,7,7,-1,0,0,0,0,-1,1,1,15,16,1432,-1,-1,-1,-1,-1,-1,2,0,0,0,0,0,1,0,11,7,8,41.929849,-87.68464378
0,391753,-1,35,1,2,0,1,10,5,2,0,0,0,0,-1,-1,-1,18,0,1925,-1,-1,-1,-1,-1,-1,2,0,0,0,0,0,2,0,11,7,8,41.9400969,-87.64454837
0,388785,-1,15,0,0,0,1,0,7,1,0,0,0,0,-1,1,-1,11,0,1531,-1,-1,-1,-1,-1,-1,2,0,0,0,0,0,7,0,11,7,8,41.89483366,-87.75530107
0,388740,-1,35,4,2,0,1,10,3,4,0,0,0,0,-1,-1,-1,18,18,211,-1,-1,-1,-1,-1,-1,2,0,0,0,0,0,2,0,11,7,8,41.83466277,-87.61753527
0,388886,-1,30,1,2,0,1,10,2,-1,0,0,0,0,1,-1,1,16,25,1213,-1,-1,-1,-1,-1,-1,2,0,0,0,0,0,2,0,10,7,8,41.90331735,-87.6618512
0,388877,-1,30,0,0,0,1,14,6,3,0,0,0,0,-1,-1,-1,21,16,1833,-1,-1,-1,-1,-1,-1,2,0,0,0,0,0,2,0,10,7,8,41.90008026,-87.62639928
0,388808,-1,30,2,2,0,1,0,7,-1,0,0,0,0,-1,-1,1,0,0,632,0,-1,-1,-1,-1,-1,2,0,0,0,0,0,2,0,10,7,8,41.73677769,-87.60338013
0,388934,-1,30,0,0,0,1,12,6,-1,0,0,0,0,-1,-1,-1,0,0,1914,-1,-1,-1,-1,-1,-1,2,0,0,0,0,0,2,0,10,7,8,41.96813475,-87.65100807
0,391580,-1,30,1,2,0,1,10,3,4,0,-1,-1,1,-1,-1,-1,11,18,1922,-1,-1,-1,-1,-1,-1,2,0,0,0,0,0,2,0,10,7,8,41.95410434,-87.67431577
0,388736,-1,25,0,0,0,2,10,2,-1,0,0,0,0,-1,-1,-1,-1,-1,2531,-1,-1,-1,-1,-1,-1,2,0,0,0,0,0,2,0,10,7,8,41.90942993,-87.77016311
2,388728,-1,30,2,2,0,1,0,5,2,0,0,0,1,-1,-1,-1,17,5,632,-1,-1,-1,-1,-1,-1,2,1,0,0,1,0,1,0,10,7,8,41.73823713,-87.61471974
0,388896,-1,30,0,0,0,1,7,5,-1,0,0,0,0,-1,-1,1,0,-1,1931,-1,-1,-1,-1,-1,-1,2,0,0,0,0,0,1,0,10,7,8,41.93226042,-87.67112483
1,388726,-1,30,2,2,0,1,9,2,-1,0,0,1,1,1,-1,-1,0,0,931,-1,-1,-1,-1,-1,-1,3,2,0,0,0,2,1,0,10,7,8,41.80131169,-87.6770451
0,388761,-1,15,0,0,0,1,7,7,-1,0,0,0,0,-1,-1,1,20,-1,815,-1,-1,-1,-1,-1,-1,2,0,0,0,0,0,1,0,10,7,8,41.8119896,-87.74312825
0,388753,-1,30,0,0,0,1,7,7,1,0,0,0,0,-1,-1,1,23,-1,1915,-1,-1,-1,-1,-1,-1,2,0,0,0,0,0,1,0,10,7,8,41.96192072,-87.64590953
0,289176,-1,0,1,2,0,1,10,3,-1,0,0,0,0,-1,-1,-1,18,-1,932,-1,-1,-1,-1,-1,-1,2,0,0,0,0,0,2,0,10,7,8,41.7939396,-87.68326478
0,388791,1,30,0,0,0,1,7,6,1,0,0,0,0,-1,-1,1,0,16,1132,-1,-1,-1,-1,-1,-1,3,0,0,0,0,0,1,0,10,7,8,41.87328006,-87.73001628
0,388766,-1,0,0,0,0,1,10,2,-1,0,0,0,0,-1,-1,-1,0,-1,623,-1,-1,-1,-1,-1,-1,2,0,0,0,0,0,2,0,10,7,8,41.75645648,-87.61602857
1,388733,-1,30,1,2,0,1,10,2,-1,0,0,0,1,1,-1,-1,18,0,1411,-1,-1,-1,-1,-1,-1,2,1,0,0,0,1,2,0,10,7,8,41.93219026,-87.697767
0,391829,-1,10,0,0,0,1,3,7,-1,0,-1,-1,0,-1,1,1,0,-1,131,-1,-1,-1,-1,-1,-1,2,0,0,0,0,0,2,0,10,7,8,41.86672435,-87.62596115
0,391486,-1,30,0,0,0,1,7,5,-1,0,0,0,0,-1,-1,-1,27,-1,1424,-1,-1,-1,-1,-1,-1,2,0,0,0,0,0,1,0,10,7,8,41.90424214,-87.67656396
0,389209,-1,30,0,0,0,1,11,5,2,0,0,0,0,-1,-1,-1,0,0,835,-1,-1,-1,-1,-1,-1,2,0,0,0,0,0,2,0,10,7,8,41.73950712,-87.6928023
0,388757,-1,25,2,2,0,1,12,2,-1,0,0,0,0,1,-1,-1,17,-1,914,-1,-1,-1,-1,-1,-1,2,0,0,0,0,0,2,0,10,7,8,41.84103481,-87.63394176
0,388711,-1,30,2,2,0,1,7,5,2,0,0,0,0,-1,-1,1,18,25,1433,-1,-1,-1,-1,-1,-1,2,0,0,0,0,0,1,0,10,7,8,41.90701783,-87.67017704
0,388699,-1,30,0,0,0,1,7,5,4,0,0,0,0,-1,-1,1,0,-1,1131,-1,-1,-1,-1,-1,-1,2,0,0,0,0,0,1,0,10,7,8,41.87308247,-87.74328933
0,388715,-1,30,0,0,0,1,11,5,2,0,0,0,0,-1,-1,1,0,0,2213,-1,-1,-1,-1,-1,-1,2,0,0,0,0,0,4,0,9,7,8,41.71031289,-87.6560255
1,288691,-1,30,1,2,0,1,10,5,2,0,0,0,1,1,-1,-1,0,0,1512,1,-1,-1,-1,-1,-1,2,1,0,0,0,1,2,0,9,7,8,41.88821038,-87.77476975
0,388713,-1,30,1,2,0,1,14,2,-1,0,0,0,1,-1,-1,-1,0,-1,1023,-1,-1,-1,-1,-1,-1,2,0,0,0,0,0,2,0,9,7,8,41.85201006,-87.69563002
2,388710,-1,30,1,2,0,1,10,2,2,0,0,0,1,1,-1,-1,18,18,1235,-1,-1,-1,-1,-1,-1,2,1,0,0,1,0,1,0,9,7,8,41.85252617,-87.66129007
0,388705,-1,30,12,12,0,1,10,5,4,0,0,-1,0,-1,-1,-1,0,0,612,-1,-1,-1,-1,-1,-1,2,0,0,0,0,0,2,0,9,7,8,41.75065955,-87.6501663
1,388695,-1,30,1,2,0,1,10,5,-1,0,0,0,1,1,-1,-1,27,0,211,-1,-1,-1,-1,-1,-1,2,1,0,0,0,1,3,0,9,7,8,41.83831451,-87.61704153
0,388678,-1,30,2,2,0,1,0,2,-1,0,0,0,0,1,-1,-1,23,-1,1613,-1,-1,-1,-1,-1,-1,2,0,0,0,0,0,3,0,9,7,8,41.97917002,-87.79846728
0,389499,-1,25,0,0,0,1,7,6,-1,0,0,0,0,-1,-1,-1,20,-1,822,-1,-1,-1,-1,-1,-1,2,0,0,0,0,0,1,0,9,7,8,41.78800474,-87.7142087
0,388682,-1,30,1,2,0,1,0,5,-1,0,0,0,0,-1,-1,1,17,-1,623,-1,-1,-1,-1,-1,-1,2,0,0,0,0,0,3,0,9,7,8,41.7562857,-87.63240666
2,388669,-1,30,0,0,0,1,8,2,2,2,0,0,1,-1,-1,-1,-1,-1,1434,-1,-1,1,-1,-1,-1,2,1,0,0,1,0,0,0,9,7,8,41.91345632,-87.6824489
2,388667,-1,30,0,0,0,1,14,5,2,0,0,0,1,-1,-1,-1,16,-1,511,-1,-1,-1,-1,-1,-1,2,2,0,0,2,0,0,0,9,7,8,41.71237392,-87.62024034
0,390112,1,30,0,0,0,1,7,5,2,0,0,0,0,-1,-1,1,0,0,2423,-1,-1,-1,-1,-1,-1,2,0,0,0,0,0,1,0,9,7,8,42.01374074,-87.67255153
2,390021,1,30,1,2,0,1,14,6,2,0,0,0,1,-1,-1,-1,0,0,1124,-1,-1,-1,-1,-1,-1,2,1,0,0,1,0,2,0,9,7,8,41.87603706,-87.70123152
0,388748,-1,25,-1,-1,0,1,7,2,6,0,0,-1,0,-1,-1,-1,0,-1,231,-1,-1,-1,-1,-1,-1,2,0,0,0,0,0,1,0,9,7,8,41.79483534,-87.62067697
0,388659,-1,30,1,2,0,1,12,5,-1,0,0,0,0,-1,-1,-1,0,0,1733,-1,-1,-1,-1,-1,-1,2,0,0,0,0,0,3,0,9,7,8,41.94588826,-87.70765564
0,388657,-1,20,0,2,-1,-1,7,5,-1,0,-1,0,0,-1,-1,1,0,-1,1722,-1,-1,-1,-1,-1,-1,2,0,0,0,0,0,1,0,9,7,8,41.96188982,-87.73430401
0,388638,-1,30,0,0,0,1,11,5,-1,0,0,0,0,-1,-1,-1,22,-1,922,-1,-1,-1,-1,-1,-1,2,0,0,0,0,0,5,0,9,7,8,41.81181295,-87.69365956
1,388635,-1,30,1,2,0,1,14,12,0,3,0,0,1,1,-1,1,31,16,1121,-1,-1,-1,-1,-1,-1,3,2,0,0,0,2,1,0,8,7,8,41.90029595,-87.7114449
0,389122,-1,30,0,0,0,1,7,7,-1,0,0,0,0,-1,-1,1,0,-1,1233,-1,-1,-1,-1,-1,-1,2,0,0,0,0,0,1,0,8,7,8,41.86625418,-87.66652414
0,391429,-1,30,0,0,0,1,12,3,4,0,0,0,0,-1,-1,1,0,0,1034,-1,-1,-1,-1,-1,-1,2,0,0,0,0,0,2,0,8,7,8,41.83917499,-87.68507805
0,390048,-1,30,2,2,0,1,10,6,1,0,0,0,0,-1,-1,-1,20,-1,221,-1,-1,-1,-1,-1,-1,2,0,0,0,0,0,2,0,8,7,8,41.81487018,-87.61144401
0,389073,-1,10,0,0,0,1,7,5,-1,0,0,0,0,1,-1,-1,-1,-1,333,-1,-1,-1,-1,-1,-1,2,0,0,0,0,0,1,0,8,7,8,41.76603218,-87.57614995
0,388609,-1,2,0,0,0,1,7,12,-1,0,0,0,0,-1,-1,-1,0,-1,623,-1,-1,-1,-1,-1,-1,2,0,0,0,0,0,1,0,8,7,8,41.75640041,-87.62486969
3,388591,-1,30,1,2,0,1,0,2,3,0,0,0,1,1,-1,-1,3,11,1231,-1,-1,-1,-1,-1,-1,2,1,0,1,0,0,2,0,7,7,8,41.87430963,-87.66664088
0,388583,-1,30,0,0,0,1,2,5,4,0,0,0,0,-1,1,-1,-1,-1,1134,-1,-1,-1,-1,-1,-1,1,0,0,0,0,0,1,0,7,7,8,41.86916435,-87.70101424
0,388665,-1,30,0,0,0,1,7,5,-1,0,0,12,1,-1,-1,-1,21,-1,915,-1,-1,0,1,-1,-1,2,0,0,0,0,0,1,0,7,7,8,41.82934105,-87.63891039
0,388555,-1,30,1,2,0,1,12,2,6,0,0,0,0,-1,-1,-1,22,16,1831,-1,-1,-1,-1,-1,-1,2,0,0,0,0,0,2,0,7,7,8,41.88974388,-87.63239653
0,389126,-1,35,2,2,0,1,10,2,-1,0,0,0,0,-1,-1,1,18,0,1651,-1,-1,-1,-1,-1,-1,2,0,0,0,0,0,2,0,7,7,8,41.97620114,-87.90530913
0,388640,1,35,0,0,0,-1,7,5,1,0,0,0,0,-1,-1,1,0,-1,1012,-1,-1,-1,-1,-1,-1,2,0,0,0,0,0,1,0,7,7,8,41.85810741,-87.72845228