MOST_SEVERE_INJURY,RD_NO,CRASH_DATE_EST_I,POSTED_SPEED_LIMIT,TRAFFIC_CONTROL_DEVICE,DEVICE_CONDITION,WEATHER_CONDITION,LIGHTING_CONDITION,FIRST_CRASH_TYPE,TRAFFICWAY_TYPE,LANE_CNT,ALIGNMENT,ROADWAY_SURFACE_COND,ROAD_DEFECT,CRASH_TYPE,INTERSECTION_RELATED_I,NOT_RIGHT_OF_WAY_I,HIT_AND_RUN_I,PRIM_CONTRIBUTORY_CAUSE,SEC_CONTRIBUTORY_CAUSE,BEAT_OF_OCCURRENCE,PHOTOS_TAKEN_I,STATEMENTS_TAKEN_I,DOORING_I,WORK_ZONE_I,WORK_ZONE_TYPE,WORKERS_PRESENT_I,NUM_UNITS,INJURIES_TOTAL,INJURIES_FATAL,INJURIES_INCAPACITATING,INJURIES_NON_INCAPACITATING,INJURIES_REPORTED_NOT_EVIDENT,INJURIES_NO_INDICATION,INJURIES_UNKNOWN,CRASH_HOUR,CRASH_DAY_OF_WEEK,CRASH_MONTH,LATITUDE,LONGITUDE
0,389027,-1,30,0,0,0,1,12,5,2,0,0,0,0,-1,-1,1,22,-1,1522,-1,-1,-1,-1,-1,-1,2,0,0,0,0,0,2,0,6,7,8,41.87579572,-87.75504255
1,388546,-1,30,0,0,0,1,12,6,2,0,0,0,1,-1,-1,1,0,-1,713,-1,-1,-1,-1,-1,-1,2,1,0,0,0,1,1,0,6,7,8,41.79357712,-87.66255936
0,388542,-1,20,0,0,0,1,7,6,-1,0,0,0,0,-1,0,-1,23,11,2031,-1,-1,-1,-1,-1,-1,2,0,0,0,0,0,1,0,6,7,8,41.96975372,-87.68940344
0,393426,1,30,0,0,0,1,7,5,-1,0,0,0,0,-1,-1,1,0,0,2422,-1,-1,-1,-1,-1,-1,2,0,0,0,0,0,1,0,6,7,8,42.02262069,-87.67076484
0,388945,-1,30,0,0,0,1,0,5,-1,0,0,0,0,-1,-1,1,17,-1,1633,-1,-1,-1,-1,-1,-1,2,0,0,0,0,0,2,0,6,7,8,41.94945558,-87.77679089
0,388534,-1,30,0,0,0,1,7,5,2,0,0,0,1,-1,-1,-1,0,0,812,-1,-1,-1,-1,-1,-1,3,0,0,0,0,0,2,0,6,7,8,41.77742994,-87.79041511
0,388538,-1,30,1,2,0,1,10,5,6,0,0,0,1,-1,-1,-1,0,-1,814,-1,-1,-1,-1,-1,-1,3,0,0,0,0,0,3,0,6,7,8,41.80753037,-87.74329682
0,388526,-1,30,0,0,0,2,14,2,-1,0,0,0,0,-1,-1,-1,23,25,1224,-1,-1,-1,-1,-1,-1,2,0,0,0,0,0,2,0,6,7,8,41.8855647,-87.64685508
0,389141,-1,30,0,0,0,1,12,5,-1,0,0,0,0,-1,-1,-1,0,0,1711,-1,-1,-1,-1,-1,-1,2,0,0,0,0,0,2,0,6,7,8,41.99024419,-87.72871439
2,388525,-1,30,1,2,0,1,0,2,4,0,0,0,1,1,-1,-1,6,17,414,-1,-1,-1,-1,-1,-1,2,2,0,0,2,0,0,0,6,7,8,41.75163627,-87.56637812
0,388520,-1,30,2,2,0,1,12,5,-1,0,0,0,0,-1,-1,-1,0,0,1131,-1,-1,-1,-1,-1,-1,2,0,0,0,0,0,2,0,5,7,8,41.86841762,-87.74469807
2,388516,-1,30,-1,-1,0,2,2,2,-1,0,0,-1,1,1,-1,-1,27,23,331,-1,-1,-1,-1,-1,-1,1,3,0,0,3,0,0,0,5,7,8,41.77536486,-87.58485904
0,388528,-1,30,0,0,0,2,2,3,-1,0,0,0,0,-1,-1,-1,11,0,1651,-1,-1,-1,-1,-1,-1,1,0,0,0,0,0,1,0,5,7,8,41.97620114,-87.90530913
0,388518,-1,30,0,0,0,2,7,6,-1,0,0,-1,1,-1,-1,-1,7,-1,621,-1,1,-1,-1,-1,-1,2,0,0,0,0,0,2,0,5,7,8,41.75743049,-87.64528129
0,388513,-1,35,0,0,0,2,12,6,4,0,0,0,0,-1,-1,-1,13,28,1834,-1,-1,-1,-1,-1,-1,2,0,0,0,0,0,2,0,5,7,8,41.89507884,-87.61584666
0,388509,-1,30,1,2,0,2,14,2,4,0,0,0,1,1,-1,1,6,0,1931,-1,-1,-1,-1,-1,-1,2,0,0,0,0,0,4,0,5,7,8,41.93232949,-87.67828272
0,388510,-1,20,2,2,0,2,7,6,1,0,0,0,0,-1,-1,-1,16,-1,2531,0,-1,-1,-1,-1,-1,2,0,0,0,0,0,1,0,5,7,8,41.90483505,-87.77317556
0,388724,-1,30,0,0,0,0,7,6,1,2,0,0,0,-1,-1,1,0,0,1024,-1,-1,-1,-1,-1,-1,2,0,0,0,0,0,1,0,5,7,8,41.84742551,-87.70985134
0,388487,-1,30,1,2,0,3,14,5,2,0,0,0,1,-1,-1,-1,10,23,2512,-1,-1,-1,-1,-1,-1,2,0,0,0,0,0,2,0,4,7,8,41.9237885,-87.78538416
0,388488,-1,30,0,0,0,0,2,5,-1,0,0,0,0,-1,-1,-1,4,-1,2522,-1,-1,-1,-1,-1,-1,1,0,0,0,0,0,1,0,4,7,8,41.92076245,-87.74086543
0,405451,-1,5,0,0,-1,-1,2,4,1,0,-1,-1,0,-1,-1,1,0,-1,934,-1,-1,-1,-1,-1,-1,1,0,0,0,0,0,1,0,4,7,8,41.79413931,-87.66422653
0,388482,-1,35,1,2,0,3,10,3,-1,0,0,0,1,1,-1,-1,16,16,432,-1,-1,-1,-1,-1,-1,2,0,0,0,0,0,2,0,4,7,8,41.70438329,-87.52648857
0,403284,-1,15,5,0,0,3,10,7,1,0,0,-1,0,-1,-1,-1,17,20,815,-1,-1,-1,-1,-1,-1,2,0,0,0,0,0,2,0,3,7,8,41.80552325,-87.72581893
0,388473,1,30,0,0,0,3,7,6,2,0,0,0,0,-1,-1,1,0,-1,1832,-1,-1,-1,-1,-1,-1,2,0,0,0,0,0,1,0,3,7,8,41.89574319,-87.63129963
0,388463,-1,30,0,0,0,3,2,2,2,0,0,0,1,-1,-1,-1,16,11,2432,-1,-1,-1,-1,-1,-1,1,0,0,0,0,0,1,0,3,7,8,41.99809836,-87.67525337
2,388474,-1,30,0,0,0,3,14,5,4,0,0,0,1,-1,-1,-1,0,0,1433,-1,-1,-1,-1,-1,-1,2,1,0,0,1,0,2,0,3,7,8,41.91065611,-87.65817629
-1,389153,1,25,0,0,0,3,4,5,2,0,0,0,0,-1,-1,-1,-1,-1,2211,-1,-1,-1,-1,-1,-1,1,-1,-1,-1,-1,-1,-1,-1,3,7,8,41.69034753,-87.7030718
0,388472,-1,35,2,2,0,0,12,5,-1,0,0,0,0,1,-1,-1,0,0,1831,-1,-1,-1,-1,-1,-1,2,0,0,0,0,0,3,0,3,7,8,41.89312966,-87.63546666
0,388441,-1,30,0,0,0,3,2,2,4,0,0,0,1,-1,-1,-1,12,-1,1614,-1,0,-1,-1,-1,-1,1,0,0,0,0,0,1,0,3,7,8,41.959245,-87.83700864
3,388437,-1,30,2,2,0,3,2,5,2,0,0,0,1,1,1,-1,16,0,532,-1,-1,-1,-1,-1,-1,1,1,0,1,0,0,0,0,2,7,8,41.68531667,-87.61311771
2,388433,-1,30,2,0,0,3,0,5,2,0,0,0,1,-1,-1,-1,17,-1,813,-1,-1,-1,-1,-1,-1,2,3,0,0,3,0,0,0,2,7,8,41.78602188,-87.72534729
0,388984,-1,30,0,0,0,0,14,5,-1,0,0,0,0,-1,-1,1,0,0,114,-1,-1,-1,-1,-1,-1,2,0,0,0,0,0,2,0,2,7,8,41.87844405,-87.62051796
0,388439,-1,30,1,2,0,0,14,3,-1,0,0,0,0,1,-1,-1,23,17,411,-1,-1,-1,-1,-1,-1,2,0,0,0,0,0,4,0,2,7,8,41.75161152,-87.58559228
0,388407,-1,30,1,2,0,3,14,6,3,0,0,0,1,1,-1,-1,11,-1,1834,-1,-1,-1,-1,-1,-1,2,0,0,0,0,0,3,0,2,7,8,41.89160065,-87.62543311
0,389340,-1,30,0,0,0,0,7,5,2,0,0,0,0,-1,-1,1,0,0,1933,-1,-1,-1,-1,-1,-1,2,0,0,0,0,0,1,0,2,7,8,41.93343413,-87.65403395
0,388650,-1,30,0,0,0,1,7,6,-1,0,0,0,0,-1,-1,-1,0,-1,1422,-1,-1,-1,-1,-1,-1,2,0,0,0,0,0,1,0,2,7,8,41.91718157,-87.71596006
0,388417,1,30,0,0,0,3,7,12,0,0,0,0,0,-1,-1,1,0,0,823,-1,-1,-1,-1,-1,-1,2,0,0,0,0,0,1,0,2,7,8,41.7789616,-87.71052895
0,388413,-1,30,-1,-1,0,4,14,5,-1,0,0,-1,0,1,-1,1,0,-1,1034,-1,-1,-1,-1,-1,-1,2,0,0,0,0,0,3,0,1,7,8,41.852218,-87.66617016
0,388400,-1,30,0,0,0,0,14,3,4,0,0,0,0,-1,-1,-1,23,-1,413,-1,-1,-1,-1,-1,-1,2,0,0,0,0,0,2,0,1,7,8,41.73199225,-87.585688
0,398171,-1,30,1,2,0,3,10,5,2,0,0,0,0,-1,-1,1,-1,-1,931,-1,-1,-1,-1,-1,-1,2,0,0,0,0,0,2,0,1,7,8,41.80837313,-87.68372601
0,388414,-1,30,0,0,0,3,7,5,2,0,0,0,1,-1,-1,1,0,-1,912,-1,1,-1,-1,-1,-1,2,0,0,0,0,0,1,0,1,7,8,41.82328379,-87.66792672
0,388402,-1,30,2,2,0,3,10,5,2,0,0,0,0,-1,-1,1,0,0,922,-1,-1,-1,-1,-1,-1,2,0,0,0,0,0,2,0,1,7,8,41.81181888,-87.69445863
2,388383,-1,30,-1,-1,0,2,10,2,2,1,0,-1,1,-1,-1,1,22,22,1114,-1,-1,-1,-1,-1,-1,2,1,0,0,1,0,1,0,1,7,8,41.88542597,-87.72595103
2,388388,-1,30,1,2,0,3,10,3,2,0,0,0,1,1,-1,1,0,0,434,-1,-1,-1,-1,-1,-1,2,2,0,0,2,0,2,0,0,7,8,41.65907256,-87.56804437
0,388369,-1,30,0,0,0,3,7,6,1,0,0,-1,1,-1,-1,-1,12,16,1031,-1,-1,-1,-1,-1,-1,2,0,0,0,0,0,1,0,0,7,8,41.83744992,-87.72329032
0,388365,-1,30,1,2,0,3,14,2,-1,0,0,0,0,1,-1,-1,21,-1,1934,-1,-1,-1,-1,-1,-1,2,0,0,0,0,0,4,0,0,7,8,41.93956558,-87.64910715
2,388334,-1,35,0,0,0,3,2,3,4,3,0,0,1,-1,-1,-1,14,-1,433,-1,-1,-1,-1,-1,-1,1,1,0,0,1,0,0,0,0,7,8,41.66934374,-87.53904991
0,388337,-1,30,0,0,0,3,7,2,4,0,0,-1,0,-1,-1,-1,0,0,2521,-1,-1,-1,-1,-1,-1,2,0,0,0,0,0,1,0,0,7,8,41.935634,-87.74690613
3,388325,-1,30,1,2,0,3,14,2,-1,0,0,0,1,1,-1,1,14,17,1124,-1,-1,-1,-1,-1,-1,2,1,0,1,0,0,2,0,0,7,8,41.87730283,-87.70125379
0,388343,-1,25,1,2,0,3,0,5,4,0,0,-1,0,1,-1,-1,6,11,1232,-1,-1,-1,-1,-1,-1,2,0,0,0,0,0,2,0,0,7,8,41.86976697,-87.64588662
0,388883,-1,30,0,0,-1,-1,7,6,-1,0,0,-1,0,-1,-1,1,21,-1,921,-1,-1,-1,-1,-1,-1,2,0,0,0,0,0,1,0,0,7,8,41.81575932,-87.68605276
0,388375,-1,10,0,0,0,3,7,0,1,0,0,0,0,-1,-1,1,0,-1,1723,-1,-1,-1,-1,-1,-1,2,0,0,0,0,0,1,0,0,7,8,41.96823261,-87.71865106
0,388336,1,30,0,0,0,3,7,6,1,0,0,0,0,-1,-1,1,0,0,2535,-1,-1,-1,-1,-1,-1,2,0,0,0,0,0,1,0,23,6,8,41.91048029,-87.72160528
2,388274,-1,30,1,2,0,3,8,5,2,0,0,0,1,1,-1,-1,23,-1,1732,-1,-1,-1,-1,-1,-1,2,1,0,0,1,0,1,0,22,6,8,41.93930365,-87.71755014
2,388425,-1,30,1,2,0,3,10,5,-1,0,0,-1,1,1,-1,1,11,0,2521,-1,-1,-1,-1,-1,-1,2,1,0,0,1,0,1,0,22,6,8,41.93157561,-87.7467433
0,388305,-1,30,0,0,0,3,14,5,4,0,0,0,0,-1,-1,-1,0,0,923,-1,-1,-1,-1,-1,-1,2,0,0,0,0,0,2,0,22,6,8,41.79839166,-87.6842988
0,388273,-1,30,1,2,0,3,0,5,-1,0,0,0,0,-1,-1,1,0,0,215,-1,-1,-1,-1,-1,-1,2,0,0,0,0,0,3,0,22,6,8,41.80942716,-87.61673661
0,388341,-1,30,0,0,0,3,7,7,-1,0,0,0,0,-1,-1,-1,20,-1,133,-1,-1,-1,-1,-1,-1,2,0,0,0,0,0,1,0,22,6,8,41.84365998,-87.62816679
0,388299,-1,30,1,2,0,3,12,5,3,0,0,0,0,1,-1,-1,21,-1,132,-1,-1,-1,-1,-1,-1,2,0,0,0,0,0,3,0,22,6,8,41.86738791,-87.62049103
0,389519,-1,30,2,2,0,0,14,3,2,0,0,0,0,1,-1,-1,22,31,1011,-1,-1,-1,-1,-1,-1,2,0,0,0,0,0,2,0,22,6,8,41.86433637,-87.72020533
0,388612,-1,30,0,0,0,0,7,6,1,0,0,0,0,-1,-1,1,0,0,2432,-1,-1,-1,-1,-1,-1,2,0,0,0,0,0,1,0,22,6,8,42.00360439,-87.66423475
0,388281,-1,35,0,0,0,3,10,5,4,0,0,0,0,-1,-1,-1,20,-1,114,-1,-1,-1,-1,-1,-1,2,0,0,0,0,0,2,0,21,6,8,41.88609677,-87.62083102
0,388205,-1,30,0,0,0,3,12,5,2,0,0,0,0,-1,-1,-1,0,0,2413,-1,-1,-1,-1,-1,-1,2,0,0,0,0,0,2,0,21,6,8,41.99764425,-87.6884303
0,388989,-1,30,1,2,0,0,10,5,4,0,-1,-1,0,-1,-1,1,6,18,1433,-1,-1,-1,-1,-1,-1,2,0,0,0,0,0,2,0,21,6,8,41.90693004,-87.66424987
0,388213,-1,30,1,1,0,4,2,2,2,0,0,0,0,1,-1,1,21,-1,2413,-1,-1,-1,-1,-1,-1,1,0,0,0,0,0,1,0,21,6,8,41.99081177,-87.67540956
0,388244,-1,35,2,2,2,3,14,5,-1,0,0,-1,0,-1,-1,-1,21,-1,1611,-1,-1,-1,-1,-1,-1,2,0,0,0,0,0,2,0,21,6,8,41.99745393,-87.78858104
2,388208,-1,30,0,0,0,3,7,5,-1,0,0,0,1,-1,-1,-1,25,0,2211,-1,-1,-1,-1,-1,-1,2,1,0,0,1,0,0,0,21,6,8,41.7116258,-87.68291411
0,388183,-1,30,0,0,0,4,7,6,1,0,0,0,0,-1,-1,1,0,0,823,-1,-1,-1,-1,-1,-1,2,0,0,0,0,0,1,0,21,6,8,41.77525489,-87.71419876
0,388298,-1,30,1,-1,0,3,14,5,4,0,0,0,0,-1,-1,1,0,-1,1915,-1,-1,-1,-1,-1,-1,2,0,0,0,0,0,2,0,21,6,8,41.95469785,-87.6451194
0,388312,-1,25,0,0,0,3,7,6,1,0,0,0,0,-1,-1,1,16,16,613,-1,-1,-1,-1,-1,-1,2,0,0,0,0,0,1,0,21,6,8,41.74310237,-87.6548994
0,388212,-1,25,0,0,0,3,2,6,-1,0,0,0,0,-1,1,1,-1,-1,824,-1,-1,-1,-1,-1,-1,1,0,0,0,0,0,1,0,21,6,8,41.7884585,-87.68525658
0,388256,-1,30,1,2,0,3,12,5,2,0,0,0,0,1,-1,-1,21,-1,1235,-1,-1,-1,-1,-1,-1,2,0,0,0,0,0,2,0,21,6,8,41.85691547,-87.64361542
3,388202,-1,30,1,2,0,3,0,5,4,0,0,0,1,1,-1,-1,6,14,232,-1,-1,-1,-1,-1,-1,2,2,0,1,1,0,0,0,21,6,8,41.78736578,-87.6303353
0,388838,-1,30,2,2,0,0,10,5,2,0,0,0,0,-1,-1,-1,0,-1,1031,-1,-1,-1,-1,-1,-1,2,0,0,0,0,0,4,0,21,6,8,41.83921315,-87.72456011
-1,388159,-1,30,0,0,0,3,7,6,-1,0,0,0,0,-1,-1,-1,0,-1,1211,-1,-1,-1,-1,-1,-1,-1,-1,-1,-1,-1,-1,-1,-1,21,6,8,41.90052496,-87.69943295
0,388201,-1,30,0,0,0,3,14,5,4,0,0,0,1,-1,-1,-1,0,0,834,-1,-1,-1,-1,-1,-1,2,0,0,0,0,0,2,0,20,6,8,41.74593854,-87.70821854
0,388164,-1,30,1,2,0,3,7,2,4,0,0,0,0,-1,-1,1,23,21,1832,-1,-1,-1,-1,-1,-1,2,0,0,0,0,0,3,0,20,6,8,41.8965654,-87.62835883
0,388198,-1,35,0,0,0,3,7,6,-1,0,0,0,0,-1,-1,0,11,-1,813,-1,-1,-1,-1,-1,-1,2,0,0,0,0,0,1,0,20,6,8,41.77519198,-87.72984607
0,388155,-1,35,0,0,0,0,12,6,-1,0,0,0,0,-1,-1,1,0,0,1824,-1,-1,-1,-1,-1,-1,2,0,0,0,0,0,2,0,20,6,8,41.90145734,-87.62768634
0,392170,-1,30,0,0,0,3,7,7,-1,0,0,0,0,-1,-1,1,0,0,533,-1,-1,-1,-1,-1,-1,2,0,0,0,0,0,1,0,20,6,8,41.6580212,-87.60116478
1,390451,-1,45,0,0,0,3,10,3,4,3,-1,-1,1,-1,-1,1,0,-1,1915,-1,-1,-1,-1,-1,-1,2,1,0,0,0,1,1,0,20,6,8,41.95497397,-87.6450183
0,388599,1,30,0,0,0,-1,7,5,2,0,0,0,0,-1,-1,1,0,0,2411,-1,-1,-1,-1,-1,-1,2,0,0,0,0,0,1,0,20,6,8,42.01915594,-87.69973986
0,388210,-1,30,0,0,0,4,0,5,-1,0,0,0,0,-1,-1,-1,0,0,2524,-1,-1,-1,-1,-1,-1,2,0,0,0,0,0,2,0,20,6,8,41.92883129,-87.72704146
0,388148,-1,35,0,0,0,3,12,5,4,0,0,0,1,1,-1,1,11,27,1412,-1,-1,-1,-1,-1,-1,2,0,0,0,0,0,2,0,20,6,8,41.93569989,-87.71252606
2,388157,-1,30,0,0,0,0,11,2,-1,0,0,0,1,-1,-1,1,21,16,1421,-1,-1,-1,-1,-1,-1,3,1,0,0,1,0,3,0,20,6,8,41.91531038,-87.70217221
0,388220,-1,30,1,2,0,3,14,5,-1,0,0,0,0,1,-1,-1,23,21,1834,-1,-1,-1,-1,-1,-1,2,0,0,0,0,0,3,0,20,6,8,41.89497771,-87.62017337
2,388177,-1,30,1,2,0,3,14,2,4,0,0,0,1,1,-1,-1,23,17,2524,-1,-1,-1,-1,-1,-1,3,3,0,0,3,0,2,0,20,6,8,41.92781351,-87.72701303
0,388120,-1,30,1,2,0,3,10,2,4,0,0,0,0,-1,-1,1,18,14,1121,-1,-1,-1,-1,-1,-1,2,0,0,0,0,0,2,0,20,6,8,41.89561585,-87.71149859
0,388092,-1,30,0,0,0,3,12,5,-1,0,0,0,0,-1,-1,-1,0,0,1834,-1,-1,-1,-1,-1,-1,2,0,0,0,0,0,2,0,20,6,8,41.89218974,-87.62552459
0,388641,-1,0,0,0,0,1,7,7,-1,0,0,0,0,-1,1,1,0,-1,524,-1,-1,-1,-1,-1,-1,2,0,0,0,0,0,1,0,20,6,8,41.67756555,-87.65638237
1,388151,-1,30,2,2,0,1,10,6,1,0,0,0,1,-1,-1,-1,0,0,811,-1,-1,-1,-1,-1,-1,2,2,0,0,0,2,1,0,20,6,8,41.78518493,-87.76713845
0,388056,-1,30,2,2,0,4,0,5,2,0,0,0,1,1,-1,-1,5,-1,513,-1,-1,-1,-1,-1,-1,2,0,0,0,0,0,2,0,20,6,8,41.69993465,-87.61736788
2,388134,-1,30,1,2,0,4,4,5,2,0,0,0,1,-1,-1,-1,0,-1,1433,-1,-1,-1,-1,-1,-1,2,1,0,0,1,0,1,0,19,6,8,41.91067322,-87.67236016
0,389033,-1,30,0,0,0,4,10,2,-1,0,0,0,0,-1,-1,-1,0,0,2223,-1,-1,-1,-1,-1,-1,2,0,0,0,0,0,2,0,19,6,8,41.71700637,-87.64294335
0,391343,-1,30,2,2,0,1,10,5,-1,0,0,0,0,1,-1,-1,16,-1,613,-1,-1,-1,-1,-1,-1,2,0,0,0,0,0,3,0,19,6,8,41.74332448,-87.65360488
0,392197,-1,25,0,0,0,1,3,5,2,0,0,0,0,-1,-1,-1,20,0,812,-1,-1,-1,-1,-1,-1,2,0,0,0,0,0,2,0,19,6,8,41.77976968,-87.76316184
0,392037,-1,30,0,0,0,1,8,5,-1,0,0,0,0,1,-1,-1,0,0,1213,-1,-1,-1,-1,-1,-1,2,0,0,0,0,0,2,0,19,6,8,41.89638219,-87.65506733
0,388097,-1,30,0,0,0,2,14,5,-1,0,0,0,0,-1,-1,-1,18,23,2413,-1,-1,-1,-1,-1,-1,2,0,0,0,0,0,2,0,19,6,8,41.99058673,-87.69316501
0,388088,-1,30,2,2,0,3,0,2,2,0,0,0,1,1,-1,-1,17,5,1511,-1,-1,-1,-1,-1,-1,2,0,0,0,0,0,2,0,19,6,8,41.89858881,-87.76679995
2,388086,-1,30,0,0,0,0,3,5,-1,0,0,-1,1,-1,-1,-1,27,27,2511,-1,-1,-1,-1,-1,-1,2,1,0,0,1,0,3,0,19,6,8,41.93573613,-87.78599354
0,387989,-1,0,0,0,0,1,7,4,1,0,0,0,0,-1,1,-1,16,-1,412,-1,-1,-1,-1,-1,-1,2,0,0,0,0,0,2,0,19,6,8,41.73697287,-87.58939464
2,388057,-1,30,1,2,0,1,9,5,2,0,0,0,1,-1,-1,1,9,-1,414,-1,-1,-1,-1,-1,-1,2,1,0,0,1,0,2,0,19,6,8,41.75144575,-87.58002971
1,388043,-1,30,2,2,0,4,0,6,2,0,0,0,1,1,-1,-1,5,-1,732,-1,-1,-1,-1,-1,-1,2,1,0,0,0,1,2,0,19,6,8,41.76335477,-87.63937044
0,388016,-1,30,0,0,0,1,2,6,1,0,0,0,1,-1,1,-1,32,16,1132,-1,-1,-1,-1,-1,-1,1,0,0,0,0,0,1,0,19,6,8,41.8751505,-87.72613736
0,388850,-1,30,0,0,0,4,10,5,-1,0,0,0,0,-1,-1,1,18,-1,1011,-1,-1,-1,-1,-1,-1,2,0,0,0,0,0,4,0,19,6,8,41.86443368,-87.72526362
0,388625,-1,10,0,0,0,4,7,7,-1,0,0,0,0,-1,1,-1,21,-1,2033,-1,-1,-1,-1,-1,-1,2,0,0,0,0,0,1,0,19,6,8,41.9754754,-87.65969701
0,388116,-1,30,0,0,0,3,7,6,1,0,0,0,1,1,-1,-1,23,11,1013,-1,-1,-1,-1,-1,-1,2,0,0,0,0,0,1,0,19,6,8,41.84629711,-87.71591643
0,390314,-1,30,2,2,0,1,0,5,2,0,0,0,0,-1,-1,-1,0,-1,713,-1,-1,-1,-1,-1,-1,2,0,0,0,0,0,2,0,18,6,8,41.78673842,-87.65847117
0,388048,-1,30,0,0,0,1,10,5,2,0,0,0,0,-1,-1,-1,18,-1,1632,-1,-1,-1,-1,-1,-1,2,0,0,0,0,0,2,0,18,6,8,41.95285225,-87.79633414
0,387969,-1,30,2,2,0,1,0,5,2,0,0,0,1,1,-1,-1,5,0,1133,-1,-1,-1,-1,-1,-1,2,0,0,0,0,0,5,0,18,6,8,41.86795102,-87.71950663
0,388003,-1,30,0,0,0,1,2,12,-1,0,0,0,1,-1,-1,-1,-1,-1,2223,-1,-1,-1,-1,-1,-1,1,0,0,0,0,0,1,0,18,6,8,41.73425029,-87.63884813
0,387959,-1,15,0,0,0,1,7,5,2,0,0,-1,0,-1,-1,-1,7,0,1914,-1,-1,-1,-1,-1,-1,2,0,0,0,0,0,1,0,18,6,8,41.96679574,-87.64318482
0,387973,-1,30,1,2,0,1,10,5,2,0,0,0,0,1,-1,-1,0,0,1513,-1,-1,-1,-1,-1,-1,2,0,0,0,0,0,3,0,18,6,8,41.86558181,-87.77330624
2,387967,-1,30,0,0,0,1,14,3,-1,0,0,0,1,1,-1,-1,23,21,1411,-1,-1,-1,-1,-1,-1,2,1,0,0,1,0,1,0,18,6,8,41.93400558,-87.68808876
0,390987,-1,30,1,2,0,1,10,5,-1,0,0,-1,0,-1,-1,-1,0,0,1824,-1,-1,-1,-1,-1,-1,2,0,0,0,0,0,2,0,18,6,8,41.90427027,-87.6313095
0,393102,-1,30,0,0,0,4,2,2,2,0,0,0,1,-1,-1,-1,11,-1,611,-1,-1,-1,-1,-1,-1,1,0,0,0,0,0,1,0,18,6,8,41.75735535,-87.66983239
0,388103,-1,30,1,2,0,1,14,1,3,0,0,0,0,-1,-1,-1,0,-1,1834,-1,-1,-1,-1,-1,-1,2,0,0,0,0,0,2,0,18,6,8,41.89184174,-87.62038181
0,387997,-1,30,1,2,0,1,14,5,-1,0,0,0,0,1,-1,-1,18,0,2411,-1,-1,-1,-1,-1,-1,2,0,0,0,0,0,2,0,18,6,8,42.00514453,-87.68996873
0,390214,-1,30,1,2,0,1,12,3,-1,0,0,0,0,-1,-1,-1,0,0,122,-1,-1,-1,-1,-1,-1,2,0,0,0,0,0,2,0,18,6,8,41.8786886,-87.63241851
3,387938,-1,15,0,0,0,1,9,7,-1,0,0,0,1,-1,1,1,25,25,815,-1,-1,-1,-1,-1,-1,2,1,0,1,0,0,3,0,18,6,8,41.79619759,-87.72339188
0,387962,-1,30,0,0,0,1,10,5,-1,0,0,0,0,-1,-1,-1,0,-1,1432,-1,-1,-1,-1,-1,-1,3,0,0,0,0,0,3,0,18,6,8,41.92311283,-87.67766739
0,387978,-1,30,0,0,0,1,10,5,-1,0,0,0,0,-1,-1,1,0,0,1522,-1,-1,-1,-1,-1,-1,2,0,0,0,0,0,2,0,18,6,8,41.88043542,-87.75867986
2,387930,-1,30,1,2,0,1,7,5,2,0,0,0,1,0,-1,-1,16,23,2524,-1,-1,-1,-1,-1,-1,5,1,0,0,1,0,0,0,18,6,8,41.93155339,-87.73667031
0,388322,-1,30,1,2,0,1,10,5,4,0,0,0,0,1,-1,-1,18,-1,114,-1,-1,-1,-1,-1,-1,2,0,0,0,0,0,2,0,18,6,8,41.87958725,-87.61731341
2,387984,-1,30,1,2,0,1,0,2,4,0,0,0,1,1,-1,-1,-1,-1,411,-1,-1,-1,-1,-1,-1,2,1,0,0,1,0,1,0,18,6,8,41.75607023,-87.58621864
0,387935,-1,30,0,0,0,1,10,5,-1,0,0,0,0,-1,-1,-1,8,-1,1411,-1,-1,-1,-1,-1,-1,2,0,0,0,0,0,2,0,18,6,8,41.93783206,-87.69627883
0,387952,-1,30,0,0,0,1,0,5,2,0,0,0,0,-1,-1,-1,17,0,234,-1,-1,-1,-1,-1,-1,2,0,0,0,0,0,2,0,18,6,8,41.79899379,-87.58893165
0,387934,-1,30,0,0,0,1,12,6,3,0,0,0,0,-1,-1,-1,17,11,1824,-1,-1,-1,-1,-1,-1,2,0,0,0,0,0,2,0,18,6,8,41.90105225,-87.62407526
0,388815,-1,30,1,2,0,1,10,2,2,0,0,0,0,1,-1,-1,16,25,131,-1,-1,-1,-1,-1,-1,2,0,0,0,0,0,2,0,18,6,8,41.85328259,-87.62565371
2,387920,-1,30,0,0,0,1,10,3,-1,0,0,0,1,-1,-1,-1,18,-1,411,-1,-1,-1,-1,-1,-1,2,1,0,0,1,0,2,0,18,6,8,41.74927835,-87.58600048
0,387911,-1,30,1,2,0,1,10,5,4,2,0,-1,0,-1,-1,-1,-1,-1,1532,-1,-1,-1,-1,-1,-1,2,0,0,0,0,0,2,0,18,6,8,41.89092829,-87.74581152
0,388113,-1,30,0,0,0,1,7,6,1,0,0,0,0,-1,-1,1,16,0,1523,-1,-1,-1,-1,-1,-1,2,0,0,0,0,0,1,0,18,6,8,41.88517706,-87.75661263
3,387913,-1,30,0,0,2,1,14,5,4,0,0,0,1,-1,-1,-1,23,4,1221,-1,-1,-1,-1,-1,-1,3,1,0,1,0,0,1,0,18,6,8,41.89282932,-87.69322746
0,388026,-1,30,0,0,0,2,7,1,-1,0,0,0,0,-1,1,1,-1,-1,821,-1,-1,-1,-1,-1,-1,2,0,0,0,0,0,1,0,18,6,8,41.80804727,-87.70411882