MOST_SEVERE_INJURY,RD_NO,CRASH_DATE_EST_I,POSTED_SPEED_LIMIT,TRAFFIC_CONTROL_DEVICE,DEVICE_CONDITION,WEATHER_CONDITION,LIGHTING_CONDITION,FIRST_CRASH_TYPE,TRAFFICWAY_TYPE,LANE_CNT,ALIGNMENT,ROADWAY_SURFACE_COND,ROAD_DEFECT,CRASH_TYPE,INTERSECTION_RELATED_I,NOT_RIGHT_OF_WAY_I,HIT_AND_RUN_I,PRIM_CONTRIBUTORY_CAUSE,SEC_CONTRIBUTORY_CAUSE,BEAT_OF_OCCURRENCE,PHOTOS_TAKEN_I,STATEMENTS_TAKEN_I,DOORING_I,WORK_ZONE_I,WORK_ZONE_TYPE,WORKERS_PRESENT_I,NUM_UNITS,INJURIES_TOTAL,INJURIES_FATAL,INJURIES_INCAPACITATING,INJURIES_NON_INCAPACITATING,INJURIES_REPORTED_NOT_EVIDENT,INJURIES_NO_INDICATION,INJURIES_UNKNOWN,CRASH_HOUR,CRASH_DAY_OF_WEEK,CRASH_MONTH,LATITUDE,LONGITUDE
3,387960,-1,30,0,0,0,1,10,5,2,0,0,0,1,0,-1,-1,18,-1,1633,-1,-1,-1,-1,-1,-1,3,5,0,1,4,0,1,0,18,6,8,41.93848902,-87.78157431
0,387929,-1,30,1,2,0,1,12,2,4,2,0,0,0,1,-1,-1,22,11,835,-1,-1,-1,-1,-1,-1,2,0,0,0,0,0,6,0,18,6,8,41.73596396,-87.68267446
0,387910,1,30,2,2,0,1,11,5,-1,0,0,0,0,1,-1,-1,17,-1,2533,-1,-1,-1,-1,-1,-1,2,0,0,0,0,0,2,0,18,6,8,41.90969418,-87.74929565
0,388085,-1,30,1,2,0,1,10,2,4,0,-1,-1,0,-1,-1,-1,16,11,1022,-1,-1,-1,-1,-1,-1,2,0,0,0,0,0,2,0,17,6,8,41.86102468,-87.69624063
2,387950,-1,30,1,2,0,1,14,1,-1,0,0,0,1,-1,-1,-1,23,0,2411,-1,-1,-1,-1,-1,-1,2,1,0,0,1,0,2,0,17,6,8,42.00514229,-87.69013416
0,387961,-1,30,0,0,0,1,0,2,2,0,0,0,0,-1,-1,1,17,17,1531,-1,-1,-1,-1,-1,-1,2,0,0,0,0,0,2,0,17,6,8,41.90214887,-87.75508212
0,387878,-1,35,1,2,0,1,0,3,4,0,0,0,1,1,-1,1,6,11,1135,-1,-1,-1,-1,-1,-1,2,0,0,0,0,0,2,0,17,6,8,41.87494149,-87.68640616
0,387928,-1,0,1,2,0,1,12,2,-1,0,0,0,0,-1,-1,-1,21,-1,935,-1,-1,-1,-1,-1,-1,2,0,0,0,0,0,2,0,17,6,8,41.80147528,-87.64528074
3,387887,-1,35,0,0,0,1,8,5,4,0,0,0,1,-1,-1,-1,11,-1,1431,-1,-1,1,-1,-1,-1,2,1,0,1,0,0,2,0,17,6,8,41.91822857,-87.68993151
0,387863,-1,25,0,0,0,1,14,2,4,0,0,1,0,-1,-1,-1,0,19,2433,-1,-1,-1,-1,-1,-1,2,0,0,0,0,0,2,0,17,6,8,41.99330419,-87.67026687
3,387848,-1,25,2,2,0,1,0,5,2,0,0,0,1,-1,-1,-1,14,-1,835,-1,-1,-1,-1,-1,-1,2,1,0,1,0,0,2,0,17,6,8,41.74611768,-87.69877809
0,387879,-1,30,0,0,0,1,14,5,-1,0,0,0,0,1,-1,-1,0,0,1433,-1,-1,-1,-1,-1,-1,2,0,0,0,0,0,2,0,17,6,8,41.91080848,-87.66284358
0,388018,-1,30,1,2,0,1,10,5,2,1,0,0,0,1,-1,-1,18,16,1513,-1,-1,-1,-1,-1,-1,3,0,0,0,0,0,3,0,17,6,8,41.87091636,-87.77415345
0,387907,-1,30,1,2,0,1,10,2,4,0,0,0,0,1,-1,-1,0,-1,432,-1,-1,-1,-1,-1,-1,2,0,0,0,0,0,2,0,17,6,8,41.72355595,-87.53721658
0,387893,-1,35,2,-1,0,1,8,5,-1,0,0,0,0,-1,-1,-1,0,-1,1811,-1,-1,-1,-1,-1,-1,2,0,0,0,0,0,2,0,17,6,8,41.91719946,-87.66038688
0,387885,-1,30,0,0,0,1,10,5,4,0,1,0,0,1,-1,-1,18,16,2532,-1,-1,-1,-1,-1,-1,2,0,0,0,0,0,2,0,17,6,8,41.90953247,-87.7618846
0,387868,-1,25,1,2,0,1,12,2,4,0,0,0,0,1,-1,-1,0,-1,1934,-1,-1,-1,-1,-1,-1,2,0,0,0,0,0,2,0,17,6,8,41.93396715,-87.63918155
2,387833,-1,30,1,2,0,1,14,2,-1,0,0,-1,1,1,-1,-1,17,17,2424,-1,-1,-1,-1,-1,-1,2,2,0,0,2,0,1,0,17,6,8,42.01548182,-87.6766873
0,387849,-1,30,0,0,0,1,12,5,2,0,0,0,0,-1,-1,1,22,-1,1012,-1,-1,-1,-1,-1,-1,2,0,0,0,0,0,2,0,17,6,8,41.85351092,-87.72495227
0,387842,-1,30,2,2,0,1,14,5,-1,0,0,0,1,-1,-1,-1,17,17,1623,-1,-1,-1,-1,-1,-1,2,0,0,0,0,0,2,0,17,6,8,41.96791605,-87.76508034
0,387816,-1,30,0,0,0,1,12,3,-1,0,0,0,1,-1,-1,-1,22,21,122,-1,-1,-1,-1,-1,-1,2,0,0,0,0,0,2,0,17,6,8,41.88480972,-87.63228344
2,387846,-1,30,0,0,0,1,7,12,1,0,0,0,1,-1,-1,-1,12,0,1223,-1,-1,-1,-1,-1,-1,2,1,0,0,1,0,0,0,17,6,8,41.88541391,-87.68640078
0,389948,-1,30,0,0,0,1,12,5,2,0,0,0,0,-1,-1,-1,17,17,1232,-1,-1,-1,-1,-1,-1,2,0,0,0,0,0,2,0,17,6,8,41.86960863,-87.65171626
0,387807,-1,30,1,2,0,1,10,3,6,0,0,0,0,1,-1,-1,18,16,934,-1,-1,-1,-1,-1,-1,2,0,0,0,0,0,2,0,17,6,8,41.794135,-87.66452411
0,393608,-1,30,2,-1,0,1,10,3,2,0,0,0,0,1,-1,-1,0,0,2433,-1,-1,-1,-1,-1,-1,2,0,0,0,0,0,2,0,17,6,8,41.99210645,-87.67461232
0,387870,-1,30,0,0,0,1,12,5,2,0,0,0,0,-1,-1,-1,0,-1,1232,-1,-1,-1,-1,-1,-1,2,0,0,0,0,0,2,0,17,6,8,41.87654322,-87.65467807
0,387858,-1,30,0,0,0,1,12,5,-1,0,0,0,0,-1,-1,1,18,-1,2534,-1,-1,-1,-1,-1,-1,2,0,0,0,0,0,2,0,17,6,8,41.90989767,-87.73376823
0,388809,-1,45,0,0,0,1,10,3,4,0,0,0,0,-1,-1,-1,18,18,1925,-1,-1,-1,-1,-1,-1,2,0,0,0,0,0,2,0,17,6,8,41.9404429,-87.63863354
0,388739,-1,25,2,0,0,1,14,5,-1,0,0,0,0,1,-1,-1,17,0,233,-1,-1,-1,-1,-1,-1,2,0,0,0,0,0,2,0,17,6,8,41.78695825,-87.61171737
2,388197,-1,30,0,0,0,1,12,5,2,0,0,0,1,-1,-1,-1,21,0,424,-1,-1,-1,-1,-1,-1,2,1,0,0,1,0,1,0,17,6,8,41.73341418,-87.5511915
0,387819,-1,30,0,0,0,1,12,6,-1,0,0,0,1,-1,-1,-1,0,0,2013,-1,-1,-1,-1,-1,-1,2,0,0,0,0,0,2,0,17,6,8,41.97976919,-87.66612096
0,387875,-1,15,0,0,0,1,2,0,1,0,0,0,0,-1,0,-1,11,8,1832,-1,-1,-1,-1,-1,-1,1,0,0,0,0,0,1,0,17,6,8,41.89312776,-87.63056252
0,387831,-1,40,0,0,0,1,10,3,-1,0,0,0,1,-1,-1,-1,18,-1,1814,-1,-1,-1,-1,-1,-1,2,0,0,0,0,0,2,0,17,6,8,41.91189002,-87.62617204
0,387830,-1,30,0,0,0,1,10,5,2,0,0,0,0,1,-1,-1,18,16,2532,-1,-1,-1,-1,-1,-1,2,0,0,0,0,0,2,0,17,6,8,41.9023369,-87.75771078
0,387802,-1,10,0,0,0,1,7,7,-1,0,0,0,0,-1,1,1,20,0,2232,-1,-1,-1,-1,-1,-1,2,0,0,0,0,0,2,0,17,6,8,41.70680241,-87.64330933
0,387800,-1,30,1,2,0,1,10,5,-1,0,0,0,0,1,-1,-1,18,14,331,-1,-1,-1,-1,-1,-1,2,0,0,0,0,0,2,0,16,6,8,41.78772354,-87.57794018
0,387903,-1,30,1,2,0,1,12,5,4,0,0,-1,0,-1,-1,-1,0,0,2512,-1,-1,-1,-1,-1,-1,2,0,0,0,0,0,2,0,16,6,8,41.92366978,-87.80001955
2,387892,-1,30,0,0,0,1,10,5,2,0,0,0,1,-1,-1,-1,30,-1,414,-1,-1,-1,-1,-1,-1,3,2,0,0,2,0,2,0,16,6,8,41.74447615,-87.57336456
0,387824,-1,30,0,0,0,1,10,5,2,0,0,0,0,-1,-1,1,18,-1,1622,-1,-1,-1,-1,-1,-1,2,0,0,0,0,0,2,0,16,6,8,41.97572994,-87.76862658
0,388717,-1,20,0,0,0,1,7,2,-1,0,0,0,0,-1,-1,-1,0,-1,434,-1,-1,-1,-1,-1,-1,2,0,0,0,0,0,1,0,16,6,8,41.70529317,-87.55978371
0,387794,-1,35,0,0,0,1,14,5,-1,0,0,0,1,-1,-1,-1,22,22,1621,-1,-1,-1,-1,-1,-1,2,0,0,0,0,0,2,0,16,6,8,42.0036208,-87.78054446
0,387777,-1,30,0,0,0,-1,12,-1,-1,0,-1,-1,0,-1,-1,-1,22,-1,122,-1,-1,-1,-1,-1,-1,2,0,0,0,0,0,3,0,16,6,8,41.88183547,-87.63389739
0,387829,-1,30,0,0,0,1,12,5,-1,0,0,0,0,1,-1,-1,0,0,121,-1,-1,-1,-1,-1,-1,2,0,0,0,0,0,2,0,16,6,8,41.8843238,-87.64265979
2,387761,-1,30,0,0,0,1,8,6,1,0,0,0,1,-1,-1,-1,-1,-1,2422,-1,-1,1,-1,-1,-1,2,1,0,0,1,0,1,0,16,6,8,42.01721398,-87.6691079
2,387755,-1,30,1,2,0,1,9,6,-1,0,0,0,1,1,-1,-1,0,-1,121,-1,-1,-1,-1,-1,-1,2,1,0,0,1,0,1,0,16,6,8,41.87797966,-87.63970649
0,392002,-1,30,0,0,0,1,12,6,-1,0,0,0,0,-1,-1,-1,0,-1,121,-1,-1,-1,-1,-1,-1,2,0,0,0,0,0,2,0,16,6,8,41.8845434,-87.64233139
3,388017,1,30,1,2,0,1,9,2,4,0,0,0,1,1,-1,-1,0,0,131,-1,-1,-1,-1,-1,-1,2,1,0,1,0,0,1,0,16,6,8,41.85293218,-87.62396062
0,387782,-1,35,1,2,0,1,8,5,4,0,0,0,0,-1,-1,-1,16,-1,835,-1,-1,-1,-1,-1,-1,2,0,0,0,0,0,2,0,16,6,8,41.74272797,-87.68282479
0,387763,-1,35,0,0,0,1,12,5,4,0,0,0,0,-1,-1,0,0,0,1021,-1,-1,-1,-1,-1,-1,3,0,0,0,0,0,4,0,16,6,8,41.86623576,-87.71081352
0,387742,-1,30,0,0,0,1,7,6,1,0,0,0,0,-1,-1,-1,7,-1,1112,-1,-1,-1,-1,-1,-1,2,0,0,0,0,0,1,0,16,6,8,41.89507165,-87.7225475
0,387788,-1,30,1,2,0,1,14,2,5,0,0,0,0,0,-1,1,21,6,2223,-1,-1,-1,-1,-1,-1,2,0,0,0,0,0,2,0,16,6,8,41.72136506,-87.64335804
0,389894,-1,30,0,0,-1,1,14,2,-1,0,-1,-1,0,-1,-1,-1,0,0,1732,-1,-1,-1,-1,-1,-1,2,0,0,0,0,0,2,0,16,6,8,41.9536469,-87.73208174
0,388002,-1,30,0,0,0,1,7,5,2,0,0,0,0,-1,-1,1,0,16,413,-1,-1,-1,-1,-1,-1,2,0,0,0,0,0,2,0,16,6,8,41.72426252,-87.58635299
0,387770,-1,15,0,0,0,1,12,2,2,0,0,0,0,-1,-1,-1,17,16,1831,1,1,-1,-1,-1,-1,2,0,0,0,0,0,2,0,16,6,8,41.89015607,-87.629152
0,387797,-1,30,2,2,0,1,0,2,2,0,0,0,0,1,-1,1,0,0,612,-1,-1,-1,-1,-1,-1,2,0,0,0,0,0,2,0,16,6,8,41.75610245,-87.65151739
0,388172,-1,30,0,0,0,1,10,5,-1,0,0,0,0,-1,-1,-1,0,0,614,-1,-1,-1,-1,-1,-1,2,0,0,0,0,0,2,0,16,6,8,41.73751858,-87.66325375
0,387789,-1,30,0,0,0,1,0,5,-1,0,0,0,0,-1,-1,-1,17,-1,1411,-1,-1,-1,-1,-1,-1,2,0,0,0,0,0,2,0,16,6,8,41.9322054,-87.69767924
0,387733,-1,30,0,0,0,1,12,5,-1,0,0,0,0,-1,-1,-1,0,0,2413,-1,-1,-1,-1,-1,-1,2,0,0,0,0,0,2,0,16,6,8,41.99033664,-87.70753442
0,387888,-1,30,0,0,0,1,7,7,-1,0,0,0,0,-1,-1,-1,13,-1,1632,-1,-1,-1,-1,-1,-1,2,0,0,0,0,0,2,0,16,6,8,41.95285713,-87.79150147
0,387746,-1,30,1,2,0,1,10,6,3,0,0,0,1,1,-1,-1,13,-1,934,-1,-1,-1,-1,-1,-1,2,0,0,0,0,0,4,0,16,6,8,41.79414377,-87.66393087
0,387717,-1,30,0,0,0,1,12,5,-1,0,0,0,0,-1,-1,1,-1,-1,334,-1,-1,-1,-1,-1,-1,2,0,0,0,0,0,2,0,16,6,8,41.76217412,-87.55892746
0,388403,-1,30,0,0,0,1,7,6,1,0,0,0,1,-1,-1,1,23,21,823,-1,-1,-1,-1,-1,-1,2,0,0,0,0,0,1,0,16,6,8,41.78431368,-87.70353513
0,387837,-1,30,2,2,0,1,0,6,1,0,0,0,0,1,-1,1,17,0,312,-1,-1,-1,-1,-1,-1,2,0,0,0,0,0,2,0,16,6,8,41.78029962,-87.6073345
0,387792,-1,30,0,0,0,1,7,12,-1,0,0,0,0,-1,-1,-1,0,-1,815,-1,-1,-1,-1,-1,-1,2,0,0,0,0,0,1,0,16,6,8,41.81050759,-87.73232696
0,387779,-1,30,0,0,0,1,12,5,2,0,0,0,0,-1,-1,1,21,0,1733,-1,-1,-1,-1,-1,-1,2,0,0,0,0,0,2,0,16,6,8,41.94700662,-87.70768549
0,387744,-1,30,-1,-1,0,1,7,2,2,0,-1,-1,0,-1,-1,1,-1,-1,1215,-1,-1,-1,-1,-1,-1,2,0,0,0,0,0,1,0,16,6,8,41.88615363,-87.65696841
0,387743,-1,35,0,0,0,1,7,5,-1,0,0,0,0,-1,-1,1,0,-1,1623,-1,-1,-1,-1,-1,-1,2,0,0,0,0,0,1,0,16,6,8,41.96800571,-87.75834697
0,387726,-1,30,1,2,0,1,12,5,4,0,0,0,0,-1,-1,1,22,22,322,-1,-1,-1,-1,-1,-1,2,0,0,0,0,0,2,0,16,6,8,41.76910398,-87.62509228
0,387790,-1,30,0,0,0,1,0,5,2,0,0,0,1,-1,-1,1,17,0,2532,-1,-1,-1,-1,-1,-1,2,0,0,0,0,0,2,0,15,6,8,41.90256448,-87.75592824
0,387722,-1,30,2,2,0,1,0,2,2,0,0,0,0,1,-1,-1,0,-1,413,-1,-1,-1,-1,-1,-1,2,0,0,0,0,0,2,0,15,6,8,41.72570085,-87.59744235
1,387705,1,30,0,0,0,1,10,2,2,0,0,0,1,1,-1,-1,18,-1,712,-1,-1,-1,-1,-1,-1,3,1,0,0,0,1,2,0,15,6,8,41.78880239,-87.64516176
0,387695,-1,30,0,0,0,1,12,5,-1,0,0,0,0,-1,-1,-1,0,0,511,-1,-1,-1,-1,-1,-1,2,0,0,0,0,0,2,0,15,6,8,41.72156629,-87.62516952
0,387706,-1,30,1,2,0,1,14,5,4,0,0,0,0,-1,-1,-1,11,-1,1623,-1,-1,-1,-1,-1,-1,2,0,0,0,0,0,2,0,15,6,8,41.97054082,-87.76294883
0,387991,-1,30,0,0,0,1,12,2,-1,0,0,-1,0,-1,-1,-1,17,33,1411,-1,-1,-1,-1,-1,-1,2,0,0,0,0,0,2,0,15,6,8,41.9303003,-87.68798571
0,388162,-1,30,-1,-1,-1,3,14,2,-1,0,-1,-1,0,0,-1,-1,23,23,1724,-1,-1,-1,-1,-1,-1,2,0,0,0,0,0,2,0,15,6,8,41.96064588,-87.70808151
-1,387656,-1,30,1,2,0,1,10,5,2,0,0,-1,0,-1,-1,-1,8,8,1523,-1,-1,-1,-1,-1,-1,-1,-1,-1,-1,-1,-1,-1,-1,15,6,8,41.8868539,-87.76495075
0,403677,-1,30,1,2,0,1,10,5,4,0,0,0,0,-1,-1,-1,16,-1,1831,-1,-1,-1,-1,-1,-1,2,0,0,0,0,0,2,0,15,6,8,41.8963865,-87.6412796
0,387716,-1,15,0,0,0,3,7,7,1,0,0,-1,0,-1,1,-1,22,0,1935,-1,-1,-1,-1,-1,-1,2,0,0,0,0,0,1,0,15,6,8,41.9308999,-87.6488032
0,387704,-1,30,0,0,0,1,12,5,-1,0,0,0,0,-1,-1,1,0,0,1824,-1,-1,-1,-1,-1,-1,2,0,0,0,0,0,2,0,15,6,8,41.90790993,-87.62574109
0,387713,-1,20,2,2,0,1,7,6,1,0,0,0,0,-1,-1,-1,0,0,1911,-1,-1,-1,-1,-1,-1,3,0,0,0,0,0,1,0,15,6,8,41.96558793,-87.69387398
0,387632,-1,30,1,2,0,1,12,5,3,0,0,0,1,-1,-1,1,21,23,225,-1,-1,-1,-1,-1,-1,2,0,0,0,0,0,2,0,15,6,8,41.7947757,-87.62401065
0,387631,-1,30,0,0,0,1,10,0,2,0,0,0,0,-1,-1,-1,20,-1,1934,-1,-1,-1,-1,-1,-1,2,0,0,0,0,0,2,0,15,6,8,41.93933414,-87.64695765
0,388008,-1,30,12,-1,0,1,4,7,1,0,0,0,0,-1,1,-1,-1,-1,1033,-1,-1,-1,-1,-1,-1,1,0,0,0,0,0,1,0,15,6,8,41.8411414,-87.69527721
0,387653,-1,20,0,0,0,1,10,6,-1,0,0,0,0,-1,-1,-1,0,0,2012,-1,-1,-1,-1,-1,-1,2,0,0,0,0,0,2,0,15,6,8,41.98151854,-87.67110278
0,389457,-1,30,0,0,0,1,3,5,2,0,0,-1,0,-1,-1,-1,21,22,2511,-1,-1,-1,-1,-1,-1,2,0,0,0,0,0,2,0,15,6,8,41.9378904,-87.80640602
0,387825,-1,30,-1,-1,0,1,12,6,-1,0,0,1,0,-1,-1,-1,-1,-1,922,-1,-1,-1,-1,-1,-1,2,0,0,0,0,0,1,0,15,6,8,41.80916696,-87.69315677
2,387783,-1,30,2,2,0,1,0,5,-1,0,0,0,1,1,-1,-1,17,-1,2514,-1,-1,-1,-1,-1,-1,2,2,0,0,2,0,1,0,15,6,8,41.93129954,-87.77246101
0,387760,1,30,2,1,0,1,9,6,2,0,0,0,0,1,-1,-1,28,-1,113,-1,-1,-1,1,2,1,2,0,0,0,0,0,2,0,15,6,8,41.87834346,-87.62660256
0,387665,-1,30,0,0,0,1,8,5,2,2,0,0,0,-1,-1,-1,-1,-1,2211,-1,-1,1,-1,-1,-1,2,0,0,0,0,0,3,0,15,6,8,41.69134291,-87.71804914
2,387691,1,25,0,0,0,1,7,6,1,0,0,0,1,-1,-1,-1,0,-1,831,-1,-1,-1,-1,-1,-1,2,1,0,0,1,0,2,0,14,6,8,41.76585146,-87.71000604
2,387643,-1,30,0,0,0,1,2,4,1,0,0,0,1,-1,1,-1,11,-1,2023,-1,-1,-1,-1,-1,-1,2,1,0,0,1,0,2,0,14,6,8,41.97913504,-87.65490971
1,387649,-1,30,1,2,0,1,10,6,3,0,0,0,1,-1,-1,-1,18,0,1235,-1,-1,-1,-1,-1,-1,2,1,0,0,0,1,3,0,14,6,8,41.85541179,-87.64528631
0,387778,-1,30,-1,-1,0,1,12,5,4,0,0,0,0,-1,-1,1,-1,-1,815,-1,-1,-1,1,2,-1,2,0,0,0,0,0,2,0,14,6,8,41.80066927,-87.73081393
0,387603,-1,30,1,2,0,1,12,5,2,0,0,-1,0,-1,-1,1,21,18,711,-1,-1,-1,-1,-1,-1,2,0,0,0,0,0,3,0,14,6,8,41.77997688,-87.63756776
2,387617,-1,30,1,2,0,1,14,5,4,2,0,-1,1,1,-1,-1,6,0,1135,-1,-1,-1,-1,-1,-1,3,5,0,0,5,0,1,0,14,6,8,41.87596312,-87.69629949
0,387628,-1,30,-1,-1,0,1,10,7,0,0,0,0,0,-1,-1,-1,-1,-1,813,-1,-1,-1,-1,-1,-1,2,0,0,0,0,0,2,0,14,6,8,41.78438569,-87.74006595
2,394821,-1,30,0,0,0,1,8,6,-1,0,0,0,1,-1,-1,-1,17,-1,2032,-1,-1,-1,-1,-1,-1,2,1,0,0,1,0,1,0,14,6,8,41.97447183,-87.66828633
1,387765,-1,30,0,0,0,1,10,2,4,0,0,0,1,-1,-1,-1,7,-1,1021,-1,-1,-1,-1,-1,-1,2,1,0,0,0,1,1,0,14,6,8,41.85598771,-87.71139668
0,387730,-1,30,0,0,0,1,10,5,-1,0,0,0,1,-1,-1,-1,7,-1,411,-1,-1,-1,-1,-1,-1,2,0,0,0,0,0,2,0,14,6,8,41.75157544,-87.58848012
0,387659,-1,35,0,0,0,1,14,2,2,0,0,0,0,-1,-1,-1,23,22,2233,-1,-1,-1,-1,-1,-1,2,0,0,0,0,0,2,0,14,6,8,41.69229048,-87.64009982
2,387641,-1,30,1,2,0,1,10,2,-1,0,0,0,1,1,-1,-1,0,-1,1433,-1,-1,-1,-1,-1,-1,2,1,0,0,1,0,1,0,14,6,8,41.91059412,-87.66754374
0,387629,-1,30,0,0,0,1,12,5,4,0,0,0,0,0,-1,1,21,-1,2523,-1,-1,-1,-1,-1,-1,2,0,0,0,0,0,6,0,14,6,8,41.93652108,-87.72725885
0,387618,1,30,0,0,0,1,7,6,-1,0,12,-1,0,-1,-1,-1,18,-1,124,-1,-1,-1,-1,-1,-1,2,0,0,0,0,0,2,0,14,6,8,41.87446342,-87.64381593
0,387590,-1,35,0,0,0,1,12,2,4,0,0,0,0,-1,-1,-1,0,-1,412,-1,-1,-1,-1,-1,-1,2,0,0,0,0,0,2,0,14,6,8,41.73721106,-87.58578221
0,387651,-1,30,1,-1,0,1,12,2,-1,0,0,0,0,-1,-1,-1,0,0,1711,-1,-1,-1,-1,-1,-1,2,0,0,0,0,0,2,0,14,6,8,41.98603876,-87.7286658
0,387608,-1,30,0,0,0,1,12,5,-1,0,0,0,0,-1,-1,-1,-1,-1,822,-1,-1,-1,-1,-1,-1,2,0,0,0,0,0,2,0,14,6,8,41.78606736,-87.71080015
0,388206,-1,30,0,0,0,4,7,5,2,0,0,0,0,-1,-1,-1,0,0,2523,-1,-1,-1,-1,-1,-1,2,0,0,0,0,0,1,0,14,6,8,41.93608671,-87.72695057
0,387587,-1,25,0,0,0,1,12,5,4,0,0,0,0,-1,-1,-1,17,0,2033,-1,-1,-1,-1,-1,-1,2,0,0,0,0,0,2,0,14,6,8,41.97044925,-87.65985608
0,387582,-1,30,0,0,0,1,12,5,-1,0,0,0,0,-1,-1,1,-1,-1,821,-1,-1,-1,-1,-1,-1,2,0,0,0,0,0,4,0,14,6,8,41.81109331,-87.70889524
0,387559,-1,30,1,2,0,1,10,5,2,0,0,0,0,1,-1,-1,18,0,623,-1,-1,-1,-1,-1,-1,2,0,0,0,0,0,4,0,14,6,8,41.75249101,-87.62474497
0,387591,-1,30,0,0,0,1,10,5,2,0,0,0,0,-1,-1,-1,-1,-1,823,-1,-1,-1,-1,-1,-1,2,0,0,0,0,0,2,0,14,6,8,41.77884958,-87.70400612
1,387549,-1,30,0,0,0,1,12,2,4,0,0,0,1,-1,-1,-1,0,0,1124,-1,-1,-1,-1,-1,-1,2,1,0,0,0,1,1,0,14,6,8,41.88088326,-87.70442531
0,387931,-1,30,-1,-1,0,1,12,5,4,0,0,0,0,-1,-1,-1,-1,-1,815,-1,-1,-1,-1,-1,-1,2,0,0,0,0,0,2,0,14,6,8,41.80195546,-87.72424723
0,387811,-1,30,0,0,0,1,7,6,-1,0,0,0,0,-1,-1,-1,0,0,2011,-1,-1,-1,-1,-1,-1,2,0,0,0,0,0,1,0,14,6,8,41.98696304,-87.70307237
0,387775,-1,30,0,0,0,1,0,5,4,0,0,0,0,1,-1,-1,17,-1,2512,-1,-1,-1,-1,-1,-1,2,0,0,0,0,0,2,0,14,6,8,41.93041304,-87.8063329
0,387647,-1,35,2,2,0,1,0,5,-1,0,0,0,0,-1,-1,-1,0,-1,2514,-1,-1,-1,-1,-1,-1,2,0,0,0,0,0,2,0,14,6,8,41.93109671,-87.77246436
0,387622,-1,30,0,0,0,1,14,5,-1,0,0,0,1,-1,-1,-1,-1,-1,834,-1,-1,-1,-1,-1,-1,2,0,0,0,0,0,2,0,14,6,8,41.73942537,-87.71679193
0,387571,-1,30,1,2,0,1,14,5,2,0,0,0,0,1,-1,-1,17,6,1414,-1,-1,-1,-1,-1,-1,2,0,0,0,0,0,2,0,14,6,8,41.91759884,-87.69725375
0,387556,-1,30,1,2,0,1,10,6,3,2,0,0,0,1,-1,0,18,-1,2232,-1,-1,-1,-1,-1,-1,3,0,0,0,0,0,4,0,14,6,8,41.71407297,-87.64502114
0,387548,-1,30,1,2,0,1,10,3,7,0,0,0,0,-1,-1,-1,22,0,111,-1,-1,-1,-1,-1,-1,2,0,0,0,0,0,2,0,14,6,8,41.8868758,-87.62468519
0,387624,-1,30,6,-1,0,1,2,5,2,0,0,4,0,-1,-1,-1,28,-1,2212,-1,-1,-1,1,2,-1,1,0,0,0,0,0,1,0,13,6,8,41.69185461,-87.68590348
0,387576,-1,30,1,2,0,1,12,6,3,0,0,0,0,1,-1,-1,0,-1,2232,-1,-1,-1,-1,-1,-1,2,0,0,0,0,0,2,0,13,6,8,41.71410383,-87.64306208
0,387637,-1,30,0,0,0,1,12,5,-1,0,0,0,0,-1,-1,-1,17,-1,2022,-1,-1,-1,-1,-1,-1,2,0,0,0,0,0,2,0,13,6,8,41.98524213,-87.65538912
2,387609,-1,30,0,0,0,1,10,5,-1,0,0,0,1,-1,-1,1,18,-1,2534,-1,-1,-1,-1,-1,-1,3,1,0,0,1,0,3,0,13,6,8,41.90923297,-87.73385417
0,387543,-1,30,0,0,0,1,7,5,-1,0,0,0,0,-1,-1,-1,0,0,1511,-1,-1,-1,-1,-1,-1,2,0,0,0,0,0,2,0,13,6,8,41.89487244,-87.77179591
0,387487,-1,30,1,2,0,1,10,2,2,0,0,0,0,-1,-1,-1,16,18,733,-1,-1,-1,-1,-1,-1,2,0,0,0,0,0,3,0,13,6,8,41.76483776,-87.65396327
0,387700,-1,30,1,2,0,1,14,5,2,0,0,0,1,1,-1,-1,17,-1,114,-1,-1,-1,-1,-1,-1,2,0,0,0,0,0,2,0,13,6,8,41.86762343,-87.6203324
0,387581,-1,30,1,2,0,1,14,5,-1,0,0,0,0,1,-1,-1,0,0,1214,-1,-1,-1,-1,-1,-1,2,0,0,0,0,0,3,0,13,6,8,41.88922363,-87.64479103
0,387553,-1,30,0,0,0,1,14,12,4,2,0,-1,0,-1,-1,-1,0,-1,1532,-1,-1,-1,-1,-1,-1,2,0,0,0,0,0,2,0,13,6,8,41.893114,-87.74589078
2,387474,-1,30,0,0,0,1,9,6,1,0,0,0,1,1,-1,-1,16,-1,732,-1,-1,-1,-1,-1,-1,2,1,0,0,1,0,1,0,13,6,8,41.76513623,-87.64287892
0,387493,-1,30,0,0,0,1,7,6,-1,0,0,0,0,-1,-1,1,0,0,1513,-1,-1,-1,-1,-1,-1,2,0,0,0,0,0,1,0,13,6,8,41.87851641,-87.76791434
2,387480,-1,30,1,2,0,1,14,5,-1,0,0,0,1,1,-1,1,17,16,624,-1,-1,-1,-1,-1,-1,2,2,0,0,2,0,1,0,13,6,8,41.75849313,-87.60524023