MOST_SEVERE_INJURY,RD_NO,CRASH_DATE_EST_I,POSTED_SPEED_LIMIT,TRAFFIC_CONTROL_DEVICE,DEVICE_CONDITION,WEATHER_CONDITION,LIGHTING_CONDITION,FIRST_CRASH_TYPE,TRAFFICWAY_TYPE,LANE_CNT,ALIGNMENT,ROADWAY_SURFACE_COND,ROAD_DEFECT,CRASH_TYPE,INTERSECTION_RELATED_I,NOT_RIGHT_OF_WAY_I,HIT_AND_RUN_I,PRIM_CONTRIBUTORY_CAUSE,SEC_CONTRIBUTORY_CAUSE,BEAT_OF_OCCURRENCE,PHOTOS_TAKEN_I,STATEMENTS_TAKEN_I,DOORING_I,WORK_ZONE_I,WORK_ZONE_TYPE,WORKERS_PRESENT_I,NUM_UNITS,INJURIES_TOTAL,INJURIES_FATAL,INJURIES_INCAPACITATING,INJURIES_NON_INCAPACITATING,INJURIES_REPORTED_NOT_EVIDENT,INJURIES_NO_INDICATION,INJURIES_UNKNOWN,CRASH_HOUR,CRASH_DAY_OF_WEEK,CRASH_MONTH,LATITUDE,LONGITUDE
0,387491,-1,30,1,2,0,1,14,5,-1,0,0,0,1,1,-1,-1,17,-1,1921,-1,-1,-1,-1,-1,-1,2,0,0,0,0,0,4,0,13,6,8,41.94302428,-87.68798915
0,387723,-1,30,1,-1,0,-1,10,-1,-1,0,-1,-1,0,1,-1,-1,18,-1,1822,-1,-1,-1,-1,-1,-1,2,0,0,0,0,0,2,0,13,6,8,41.90049261,-87.64779055
0,387462,-1,30,0,0,0,1,12,2,-1,0,0,0,0,-1,-1,-1,22,-1,913,-1,-1,-1,-1,-1,-1,2,0,0,0,0,0,2,0,13,6,8,41.84269548,-87.65550922
0,388860,-1,0,0,0,0,1,7,7,-1,0,0,0,0,-1,-1,1,0,-1,2223,-1,-1,-1,-1,-1,-1,2,0,0,0,0,0,1,0,13,6,8,41.72069489,-87.64304817
0,388005,-1,30,-1,-1,0,1,7,5,2,0,0,0,0,-1,-1,-1,-1,-1,823,-1,-1,-1,-1,-1,-1,2,0,0,0,0,0,1,0,13,6,8,41.77523501,-87.71544088
0,387538,-1,30,0,0,0,1,7,5,-1,0,0,0,0,-1,-1,-1,0,0,1711,-1,-1,-1,-1,-1,-1,2,0,0,0,0,0,1,0,13,6,8,41.9957096,-87.71579472
0,387527,-1,30,0,0,0,1,12,3,2,0,0,0,0,-1,-1,1,22,-1,1225,-1,-1,-1,-1,-1,-1,2,0,0,0,0,0,2,0,13,6,8,41.87616053,-87.68612588
1,387469,-1,30,1,2,0,1,10,3,4,0,0,-1,1,1,-1,-1,16,-1,1215,-1,-1,-1,-1,-1,-1,2,1,0,0,0,1,5,0,13,6,8,41.89296105,-87.65756973
0,387449,-1,30,0,0,0,1,14,2,-1,0,0,0,0,-1,-1,1,17,21,2221,-1,-1,-1,-1,-1,-1,2,0,0,0,0,0,2,0,12,6,8,41.72198231,-87.66284394
0,387411,1,35,0,0,0,1,7,5,-1,0,0,0,0,-1,-1,-1,0,0,513,-1,-1,-1,-1,-1,-1,2,0,0,0,0,0,1,0,12,6,8,41.69532583,-87.63160114
0,387467,-1,30,1,2,0,1,10,5,-1,0,0,0,0,-1,-1,-1,0,0,1232,-1,-1,-1,-1,-1,-1,2,0,0,0,0,0,5,0,12,6,8,41.8669721,-87.65151511
2,387473,-1,30,0,0,0,1,9,2,2,0,0,0,1,-1,-1,-1,17,16,1232,-1,-1,-1,-1,-1,-1,2,1,0,0,1,0,2,0,12,6,8,41.88012878,-87.6471646
1,387426,-1,30,0,0,0,1,7,6,2,0,0,0,1,-1,-1,-1,21,-1,1833,-1,-1,-1,-1,-1,-1,2,2,0,0,0,2,1,0,12,6,8,41.89903098,-87.62819228
0,387540,-1,30,0,0,0,1,10,5,-1,0,0,0,0,-1,-1,1,-1,-1,824,-1,-1,-1,-1,-1,-1,2,0,0,0,0,0,2,0,12,6,8,41.79337055,-87.68417538
0,387475,-1,15,0,0,0,1,7,7,1,0,0,0,0,-1,1,1,0,0,1931,-1,-1,-1,-1,-1,-1,2,0,0,0,0,0,1,0,12,6,8,41.92787172,-87.67325882
3,387437,-1,35,1,2,0,1,14,3,6,0,0,0,1,1,-1,-1,6,0,434,-1,-1,-1,-1,-1,-1,2,1,0,1,0,0,1,0,12,6,8,41.70774567,-87.58461414
0,387435,-1,30,0,0,0,1,10,6,1,0,0,0,0,-1,-1,-1,0,-1,2223,-1,-1,-1,-1,-1,-1,2,0,0,0,0,0,3,0,12,6,8,41.7188449,-87.63935827
0,387429,-1,30,0,0,0,1,12,2,2,0,0,0,0,-1,-1,1,22,16,2213,-1,-1,-1,-1,-1,-1,2,0,0,0,0,0,2,0,12,6,8,41.70679205,-87.66310047
0,387403,-1,25,0,0,0,1,12,5,-1,0,0,0,0,-1,-1,-1,21,0,1722,-1,-1,-1,-1,-1,-1,3,0,0,0,0,0,2,0,12,6,8,41.95999225,-87.72855615
0,387454,-1,30,1,2,0,1,10,5,-1,0,0,0,0,1,-1,1,0,0,122,-1,-1,-1,-1,-1,-1,3,0,0,0,0,0,3,0,12,6,8,41.88688546,-87.63562182
1,387452,-1,25,3,2,0,1,9,5,2,0,0,-1,1,-1,-1,1,20,-1,212,-1,-1,-1,-1,-1,-1,2,1,0,0,0,1,2,0,12,6,8,41.83100896,-87.61433473
0,387451,-1,30,-1,-1,0,1,11,5,2,0,0,0,0,-1,-1,-1,-1,-1,815,-1,-1,-1,-1,-1,-1,2,0,0,0,0,0,3,0,12,6,8,41.80428991,-87.72598994
0,387417,-1,30,1,2,0,1,14,6,-1,0,1,0,0,-1,-1,-1,0,0,232,-1,-1,-1,-1,-1,-1,2,0,0,0,0,0,2,0,12,6,8,41.78727333,-87.6253641
3,387399,-1,30,0,0,0,1,9,5,-1,0,0,0,1,-1,-1,-1,7,0,232,1,-1,-1,-1,-1,-1,3,2,0,1,0,1,0,0,12,6,8,41.79095312,-87.62308888
0,387395,-1,25,0,0,0,1,12,5,-1,0,0,0,0,-1,-1,-1,17,17,1834,-1,-1,-1,-1,-1,-1,2,0,0,0,0,0,2,0,12,6,8,41.89259323,-87.62433405
0,393118,-1,30,0,0,0,1,12,5,2,0,0,0,0,-1,-1,-1,17,15,1412,-1,-1,-1,1,-1,-1,2,0,0,0,0,0,2,0,12,6,8,41.93133229,-87.71135468
0,389016,-1,0,0,0,-1,-1,7,-1,-1,0,-1,-1,0,-1,-1,1,0,-1,1234,-1,-1,-1,-1,-1,-1,2,0,0,0,0,0,1,0,12,6,8,41.85747915,-87.68230728
0,387644,0,30,0,0,0,3,7,5,-1,0,0,0,0,-1,-1,1,0,-1,114,-1,-1,-1,-1,-1,-1,2,0,0,0,0,0,1,0,12,6,8,41.88836275,-87.62243885
0,387523,-1,30,0,0,0,1,2,7,-1,0,0,0,0,-1,1,-1,0,0,1834,-1,-1,-1,-1,-1,-1,1,0,0,0,0,0,1,0,12,6,8,41.89343485,-87.60256644
1,387478,-1,45,1,2,0,1,10,6,2,2,0,-1,1,1,-1,1,18,0,1934,-1,-1,-1,-1,-1,-1,2,1,0,0,0,1,1,0,12,6,8,41.93881468,-87.63621094
0,387398,-1,30,2,2,0,1,14,5,3,0,0,0,0,-1,-1,-1,23,22,1623,-1,-1,-1,-1,-1,-1,2,0,0,0,0,0,3,0,11,6,8,41.96059546,-87.76712164
0,387453,-1,10,0,0,0,1,7,7,-1,0,0,0,0,-1,-1,-1,0,-1,1733,-1,-1,-1,-1,-1,-1,2,0,0,0,0,0,2,0,11,6,8,41.94651258,-87.7088883
0,387368,-1,30,0,0,0,1,12,2,4,0,0,0,0,-1,-1,-1,21,-1,2213,-1,-1,-1,-1,-1,-1,2,0,0,0,0,0,2,0,11,6,8,41.71126323,-87.68162047
0,387364,-1,25,0,0,0,1,7,5,2,0,0,0,1,-1,-1,-1,21,-1,2413,-1,-1,-1,-1,-1,-1,2,0,0,0,0,0,1,0,11,6,8,41.99738825,-87.70323053
0,388581,1,20,0,0,0,3,7,2,-1,0,0,0,0,-1,-1,-1,-1,-1,2522,-1,-1,-1,-1,-1,-1,2,0,0,0,0,0,1,0,11,6,8,41.92253595,-87.74517829
1,387336,-1,30,1,2,0,1,10,5,-1,0,0,0,1,-1,-1,-1,18,-1,2033,-1,-1,-1,-1,-1,-1,2,1,0,0,0,1,3,0,11,6,8,41.97605045,-87.65971238
0,395654,-1,25,0,0,0,1,10,2,-1,0,0,0,0,-1,-1,-1,-1,-1,2514,-1,-1,-1,-1,-1,-1,2,0,0,0,0,0,2,0,11,6,8,41.93116014,-87.76666807
0,387372,-1,30,1,2,0,1,14,5,-1,0,0,0,0,1,-1,-1,16,0,1824,-1,-1,-1,-1,-1,-1,2,0,0,0,0,0,2,0,11,6,8,41.9005848,-87.63298607
0,387318,-1,35,0,0,0,1,11,7,-1,0,0,0,0,-1,-1,-1,0,-1,821,-1,-1,-1,-1,-1,-1,2,0,0,0,0,0,3,0,11,6,8,41.80344571,-87.70398627
0,387303,-1,30,0,0,0,1,2,0,1,0,0,1,1,-1,-1,-1,25,8,613,-1,-1,-1,-1,-1,-1,1,0,0,0,0,0,1,0,11,6,8,41.73654897,-87.64835041
0,387312,-1,30,1,2,0,1,10,2,-1,0,0,0,0,-1,-1,-1,0,0,1931,-1,-1,-1,-1,-1,-1,2,0,0,0,0,0,5,0,11,6,8,41.93102101,-87.67686402
1,387362,-1,30,1,2,0,1,10,5,0,0,0,0,1,1,-1,-1,27,16,1111,-1,-1,-1,-1,-1,-1,2,1,0,0,0,1,2,0,11,6,8,41.88977126,-87.72607148
0,387498,-1,30,1,2,0,1,10,5,-1,0,0,0,0,1,-1,-1,0,0,1814,-1,-1,-1,-1,-1,-1,2,0,0,0,0,0,2,0,11,6,8,41.91250324,-87.63301193
0,387302,-1,30,0,0,0,1,7,2,2,0,0,0,1,-1,-1,-1,7,-1,1612,-1,-1,-1,-1,-1,-1,2,0,0,0,0,0,2,0,11,6,8,41.98431418,-87.82101831
0,395990,-1,30,0,0,0,1,7,6,1,0,0,0,0,-1,-1,-1,8,11,531,-1,-1,-1,-1,-1,-1,2,0,0,0,0,0,2,0,11,6,8,41.69177694,-87.61975841
0,387999,-1,30,0,0,0,1,12,5,2,0,0,0,0,-1,-1,-1,22,-1,1831,-1,-1,-1,-1,-1,-1,2,0,0,0,0,0,2,0,11,6,8,41.89004183,-87.63786864
0,387968,-1,30,0,0,0,1,7,5,2,0,0,0,0,-1,-1,0,11,15,1632,-1,-1,-1,-1,-1,-1,2,0,0,0,0,0,1,0,11,6,8,41.94886211,-87.80338228
0,387404,-1,5,0,0,0,1,7,6,1,0,0,0,0,-1,-1,0,17,11,2523,-1,-1,-1,-1,-1,-1,2,0,0,0,0,0,1,0,11,6,8,41.93488229,-87.72201776
0,387297,-1,30,0,0,0,1,12,2,4,0,0,0,0,-1,-1,-1,17,0,923,-1,-1,-1,-1,-1,-1,2,0,0,0,0,0,3,0,11,6,8,41.79712338,-87.70351161
0,387283,-1,20,1,2,0,1,0,5,-1,0,0,0,0,1,-1,-1,17,33,1931,-1,-1,-1,-1,-1,-1,2,0,0,0,0,0,2,0,11,6,8,41.92525952,-87.6682869
1,387294,-1,15,0,0,0,1,14,5,4,0,0,0,1,-1,-1,-1,33,33,1522,-1,-1,-1,-1,-1,-1,3,1,0,0,0,1,8,0,10,6,8,41.88043389,-87.75521589
3,388621,-1,30,1,2,0,1,8,2,2,0,0,0,1,-1,-1,-1,0,19,914,-1,-1,-1,-1,-1,-1,2,1,0,1,0,0,1,0,10,6,8,41.85774375,-87.63203906
3,387410,-1,30,1,2,0,1,11,5,4,0,0,3,1,1,-1,-1,0,-1,1131,-1,-1,-1,-1,-1,-1,2,1,0,1,0,0,1,0,10,6,8,41.87129664,-87.74477954
0,387279,-1,30,1,2,0,1,10,6,2,0,0,0,0,1,-1,-1,0,-1,711,-1,-1,-1,-1,-1,-1,3,0,0,0,0,0,6,0,10,6,8,41.79396552,-87.63796278
1,387251,-1,30,0,-1,0,1,10,2,1,0,0,0,1,-1,-1,-1,18,-1,624,-1,-1,-1,-1,-1,-1,3,4,0,0,0,4,1,0,10,6,8,41.75137138,-87.60650933
0,387290,-1,30,0,0,0,1,12,5,4,0,0,0,0,-1,-1,-1,0,0,1112,-1,-1,-1,-1,-1,-1,2,0,0,0,0,0,2,0,10,6,8,41.89516426,-87.7259271
0,387296,-1,30,0,0,0,1,14,3,-1,0,0,0,0,-1,-1,-1,0,0,234,-1,-1,-1,-1,-1,-1,2,0,0,0,0,0,4,0,10,6,8,41.80094198,-87.58763679
0,387237,-1,30,0,0,0,1,7,5,2,0,0,0,0,-1,-1,-1,20,0,2022,-1,-1,-1,-1,-1,-1,2,0,0,0,0,0,2,0,10,6,8,41.98375013,-87.65908171
0,387214,-1,0,1,2,0,1,14,5,-1,0,0,0,0,1,-1,-1,23,-1,1923,-1,-1,-1,-1,-1,-1,2,0,0,0,0,0,3,0,10,6,8,41.94915254,-87.65444659
0,387244,-1,30,2,2,0,1,7,2,0,0,0,0,0,1,-1,-1,23,-1,1224,-1,-1,-1,-1,-1,-1,2,0,0,0,0,0,1,0,10,6,8,41.88475594,-87.65692412
0,388837,-1,30,0,0,0,1,12,5,6,0,0,0,0,-1,-1,-1,0,0,1111,-1,-1,-1,-1,-1,-1,2,0,0,0,0,0,2,0,10,6,8,41.89545646,-87.72623054
0,388634,1,15,0,0,0,1,7,7,1,0,0,0,0,-1,-1,1,0,0,1623,-1,-1,-1,-1,-1,-1,2,0,0,0,0,0,1,0,10,6,8,41.96597189,-87.75928158
0,387890,1,35,0,0,0,1,7,5,2,0,0,0,0,-1,-1,1,0,0,331,-1,-1,-1,-1,-1,-1,2,0,0,0,0,0,1,0,10,6,8,41.77223253,-87.57631444
0,387222,-1,30,0,0,0,1,3,6,-1,0,0,0,0,-1,-1,-1,0,0,814,-1,-1,-1,-1,-1,-1,2,0,0,0,0,0,2,0,10,6,8,41.80855223,-87.74822082
0,387269,-1,15,0,0,0,1,2,0,1,0,0,0,0,-1,1,-1,23,-1,1212,-1,-1,-1,-1,-1,-1,1,0,0,0,0,0,1,0,9,6,8,41.90179643,-87.68196048
0,387200,-1,30,0,0,0,1,10,2,-1,0,0,0,0,-1,-1,-1,18,11,1933,-1,-1,-1,-1,-1,-1,2,0,0,0,0,0,2,0,9,6,8,41.93276414,-87.65293896
1,389161,-1,30,0,0,0,1,8,5,-1,0,0,0,1,-1,-1,-1,0,0,1911,-1,-1,-1,-1,-1,-1,2,1,0,0,0,1,1,0,9,6,8,41.96848652,-87.69084636
0,397187,-1,30,0,0,0,1,7,2,-1,0,0,0,0,-1,-1,-1,0,-1,2233,-1,-1,-1,-1,-1,-1,2,0,0,0,0,0,1,0,9,6,8,41.69170606,-87.63736527
0,387209,-1,30,2,2,0,1,10,6,2,0,0,0,0,1,-1,-1,18,18,1831,-1,-1,-1,-1,-1,-1,2,0,0,0,0,0,2,0,9,6,8,41.89071594,-87.63014745
0,387505,1,15,0,0,0,1,7,7,0,0,0,0,0,-1,-1,1,0,0,413,-1,-1,-1,-1,-1,-1,2,0,0,0,0,0,1,0,9,6,8,41.72613104,-87.58556172
0,387197,-1,35,1,2,0,1,10,5,-1,0,0,0,0,-1,-1,-1,18,-1,813,-1,-1,-1,-1,-1,-1,2,0,0,0,0,0,2,0,9,6,8,41.78199438,-87.74226184
0,387169,-1,30,12,2,0,1,12,2,-1,0,0,0,0,-1,-1,1,11,-1,921,-1,-1,-1,-1,-1,-1,2,0,0,0,0,0,2,0,9,6,8,41.8184207,-87.69695109
0,387170,-1,30,0,0,0,1,7,2,2,0,0,0,0,-1,-1,-1,27,-1,422,-1,-1,-1,-1,-1,-1,2,0,0,0,0,0,1,0,9,6,8,41.7485565,-87.56603326
0,387246,-1,30,2,2,0,1,14,12,2,0,0,0,0,1,-1,-1,23,22,1633,-1,-1,-1,-1,-1,-1,2,0,0,0,0,0,2,0,9,6,8,41.93849348,-87.78119683
0,387658,1,25,0,0,-1,-1,7,6,1,0,-1,-1,0,-1,-1,1,0,0,1033,-1,-1,-1,-1,-1,-1,2,0,0,0,0,0,1,0,9,6,8,41.8421743,-87.70359692
0,387499,-1,35,0,0,0,1,7,5,-1,0,0,0,0,-1,-1,1,0,-1,1623,-1,-1,-1,-1,-1,-1,2,0,0,0,0,0,1,0,9,6,8,41.96972936,-87.76578732
0,387325,-1,25,0,0,0,1,12,5,-1,0,0,0,0,-1,-1,1,0,-1,1221,-1,-1,-1,-1,-1,-1,2,0,0,0,0,0,2,0,9,6,8,41.89581981,-87.67596844
0,387324,-1,30,0,0,0,1,7,6,1,0,0,0,0,-1,-1,-1,0,11,1811,-1,-1,-1,-1,-1,-1,2,0,0,0,0,0,1,0,9,6,8,41.91993476,-87.66040374
0,387321,-1,30,0,0,0,1,2,5,-1,0,0,0,0,-1,1,1,20,16,1215,-1,-1,-1,-1,-1,-1,1,0,0,0,0,0,1,0,9,6,8,41.88791752,-87.66869087
0,387162,-1,10,0,0,0,1,10,7,-1,0,0,0,0,-1,-1,-1,0,0,2521,-1,-1,-1,-1,-1,-1,2,0,0,0,0,0,2,0,9,6,8,41.93872475,-87.74624148
0,387138,-1,30,0,0,0,1,14,1,2,0,0,0,0,1,-1,-1,23,-1,1412,-1,-1,-1,-1,-1,-1,2,0,0,0,0,0,2,0,8,6,8,41.93913759,-87.71233532
0,387180,-1,30,0,0,0,1,14,5,-1,0,0,0,0,-1,-1,-1,16,0,1814,-1,-1,-1,-1,-1,-1,2,0,0,0,0,0,2,0,8,6,8,41.91126962,-87.63516785
0,387134,-1,15,0,0,0,1,0,7,0,0,0,0,0,-1,-1,-1,0,0,822,-1,-1,-1,-1,-1,-1,2,0,0,0,0,0,2,0,8,6,8,41.79710974,-87.72312435
0,387122,-1,30,0,0,0,1,12,6,2,0,0,0,0,-1,-1,1,21,22,122,-1,-1,-1,-1,-1,-1,2,0,0,0,0,0,2,0,8,6,8,41.87748908,-87.63504471
0,390461,-1,35,0,0,0,1,7,2,6,0,0,0,0,-1,-1,1,0,27,322,-1,-1,-1,-1,-1,-1,2,0,0,0,0,0,1,0,8,6,8,41.76977699,-87.62488609
0,387196,-1,30,0,0,0,1,10,5,2,0,0,0,0,-1,-1,-1,18,0,1724,-1,-1,-1,-1,-1,-1,2,0,0,0,0,0,2,0,8,6,8,41.9540089,-87.71001318
0,387125,-1,30,1,2,0,1,0,2,0,0,0,0,1,1,-1,-1,17,0,1634,-1,-1,-1,-1,-1,-1,2,0,0,0,0,0,3,0,8,6,8,41.95316454,-87.75948311
2,387149,1,30,1,2,0,1,10,3,6,0,0,0,1,-1,-1,-1,16,18,512,-1,-1,-1,-1,-1,-1,2,3,0,0,3,0,0,0,8,6,8,41.70762542,-87.58893671
0,387141,-1,30,0,0,0,1,2,5,-1,0,0,0,0,-1,0,-1,21,-1,1824,-1,-1,-1,-1,-1,-1,1,0,0,0,0,0,1,0,8,6,8,41.91041711,-87.63149947
0,387085,-1,30,0,0,0,1,10,5,2,0,0,-1,0,-1,-1,-1,17,20,1224,-1,-1,-1,-1,-1,-1,2,0,0,0,0,0,2,0,8,6,8,41.88408135,-87.64844789
0,387127,-1,25,0,0,0,1,10,2,-1,0,0,0,0,-1,-1,-1,-1,-1,2534,-1,-1,-1,-1,-1,-1,2,0,0,0,0,0,2,0,8,6,8,41.9074863,-87.73005325
0,387126,-1,30,0,0,0,1,12,5,4,0,0,0,0,-1,-1,-1,17,0,923,-1,-1,-1,-1,-1,-1,2,0,0,0,0,0,2,0,8,6,8,41.80115107,-87.69090975
0,387111,-1,35,0,0,0,1,12,5,2,0,0,0,1,-1,-1,-1,11,0,323,-1,-1,-1,-1,-1,-1,2,0,0,0,0,0,2,0,8,6,8,41.75842184,-87.6204362
0,387091,-1,30,1,2,0,1,10,5,4,0,0,0,0,-1,-1,-1,27,0,2512,-1,-1,-1,-1,-1,-1,2,0,0,0,0,0,2,0,8,6,8,41.92371288,-87.77595558
2,387098,-1,30,3,1,0,1,8,2,2,0,0,0,1,-1,-1,1,22,25,1222,-1,-1,-1,-1,-1,-1,2,1,0,0,1,0,1,0,8,6,8,41.88752148,-87.70153425
0,394634,-1,30,0,0,0,1,14,2,2,0,0,0,0,-1,-1,-1,23,23,1023,-1,-1,-1,-1,-1,-1,2,0,0,0,0,0,2,0,8,6,8,41.86267789,-87.69564902
0,387860,1,30,0,0,0,1,7,6,1,0,0,0,0,-1,-1,1,0,0,1013,-1,-1,-1,-1,-1,-1,2,0,0,0,0,0,1,0,8,6,8,41.84502466,-87.72696225
1,387278,-1,35,0,0,0,1,12,2,-1,0,0,0,1,-1,-1,-1,0,-1,923,-1,-1,-1,-1,-1,-1,2,1,0,0,0,1,2,0,8,6,8,41.80115107,-87.69090975
0,387226,-1,30,2,-1,0,1,0,5,-1,0,0,0,0,1,-1,-1,0,-1,431,-1,-1,-1,-1,-1,-1,2,0,0,0,0,0,2,0,8,6,8,41.7117829,-87.55169678
0,387066,-1,35,0,0,0,1,12,5,-1,0,0,0,0,-1,-1,-1,-1,-1,1733,-1,-1,-1,-1,-1,-1,2,0,0,0,0,0,2,0,7,6,8,41.95381038,-87.70795247
1,387082,-1,35,1,2,0,1,10,3,6,0,0,0,1,-1,-1,-1,18,18,813,-1,-1,-1,-1,-1,-1,2,1,0,0,0,1,1,0,7,6,8,41.78198966,-87.74255508
0,387077,-1,30,1,2,0,1,12,5,4,0,0,0,0,1,-1,-1,0,0,2411,-1,-1,-1,-1,-1,-1,2,0,0,0,0,0,2,0,7,6,8,42.01232755,-87.68315456
0,387107,-1,15,0,0,0,1,7,12,1,0,0,0,1,-1,-1,1,27,0,2223,-1,-1,-1,-1,-1,-1,2,0,0,0,0,0,1,0,7,6,8,41.71537953,-87.65020587
0,387064,-1,30,1,2,0,1,10,2,4,0,0,0,0,-1,-1,-1,0,0,831,-1,-1,-1,-1,-1,-1,2,0,0,0,0,0,3,0,7,6,8,41.77171479,-87.69314246
0,387512,1,30,0,0,-1,-1,7,6,1,0,-1,-1,0,-1,-1,1,0,0,1932,-1,-1,-1,-1,-1,-1,2,0,0,0,0,0,1,0,7,6,8,41.93595006,-87.66773251
0,387103,-1,25,0,0,0,1,7,6,1,0,0,0,0,-1,-1,-1,21,0,1732,-1,-1,-1,-1,-1,-1,2,0,0,0,0,0,1,0,7,6,8,41.94154768,-87.72466274
0,387059,-1,30,1,2,0,1,2,2,-1,0,0,0,0,1,-1,-1,0,-1,922,-1,-1,-1,-1,-1,-1,1,0,0,0,0,0,1,0,7,6,8,41.80464547,-87.68422355
0,388039,-1,30,0,0,0,1,12,5,-1,0,0,0,0,1,-1,-1,0,0,911,-1,-1,-1,-1,-1,-1,2,0,0,0,0,0,2,0,7,6,8,41.83388647,-87.68535287
0,387552,-1,30,2,2,0,1,0,5,2,0,0,0,0,-1,-1,-1,-1,-1,811,-1,-1,-1,-1,-1,-1,2,0,0,0,0,0,2,0,7,6,8,41.79613753,-87.77231845
0,387105,-1,30,1,2,0,1,10,3,6,0,0,0,0,-1,-1,-1,18,0,324,-1,-1,-1,-1,-1,-1,2,0,0,0,0,0,2,0,7,6,8,41.76213681,-87.58567997
0,387053,-1,30,0,0,0,1,11,6,1,0,0,0,0,-1,-1,1,20,0,2514,-1,-1,-1,-1,-1,-1,2,0,0,0,0,0,2,0,7,6,8,41.93709623,-87.76873012
0,387040,-1,30,0,0,0,1,7,6,1,0,0,0,0,-1,-1,-1,0,0,2523,-1,-1,-1,-1,-1,-1,2,0,0,0,0,0,3,0,6,6,8,41.93713152,-87.71978577
0,387056,-1,25,0,0,0,1,7,5,-1,0,0,0,0,-1,-1,1,0,-1,833,-1,-1,-1,-1,-1,-1,2,0,0,0,0,0,1,0,6,6,8,41.76400271,-87.71489464
2,387038,-1,30,1,2,0,1,10,2,2,0,0,0,1,-1,-1,-1,16,-1,1632,-1,-1,-1,-1,-1,-1,5,1,0,0,1,0,4,0,6,6,8,41.93811083,-87.80634684
0,387037,-1,30,0,0,0,1,12,2,4,0,0,12,0,-1,-1,1,17,22,2533,-1,-1,-1,-1,-1,-1,2,0,0,0,0,0,2,0,6,6,8,41.90503297,-87.74617179
0,387096,-1,30,1,2,0,1,10,5,-1,0,0,0,0,1,-1,-1,0,0,1832,-1,-1,-1,-1,-1,-1,2,0,0,0,0,0,3,0,6,6,8,41.89671758,-87.62834729
0,387052,-1,30,0,0,0,1,7,5,2,0,0,0,0,-1,-1,1,17,17,211,-1,-1,-1,-1,-1,-1,2,0,0,0,0,0,1,0,6,6,8,41.83484292,-87.61339001
0,387032,-1,30,0,0,0,1,7,6,2,0,0,0,0,-1,-1,-1,17,17,112,-1,-1,-1,-1,-1,-1,2,0,0,0,0,0,1,0,6,6,8,41.88066458,-87.62708936
0,387007,-1,35,1,2,0,3,10,2,-1,0,0,2,1,-1,-1,-1,16,18,833,-1,-1,-1,-1,-1,-1,2,0,0,0,0,0,2,0,4,6,8,41.75641294,-87.72202572
0,387008,-1,30,0,0,0,3,12,5,-1,0,0,0,0,-1,-1,-1,0,0,1732,-1,-1,-1,-1,-1,-1,2,0,0,0,0,0,2,0,4,6,8,41.95350633,-87.73118013
0,386993,-1,30,0,0,0,3,2,5,-1,0,0,0,1,-1,-1,-1,25,13,1431,-1,-1,-1,-1,-1,-1,1,0,0,0,0,0,1,0,3,6,8,41.91800714,-87.68909133
1,386982,-1,30,0,0,0,3,10,5,-1,0,0,0,1,-1,-1,-1,16,-1,1712,-1,-1,-1,-1,-1,-1,2,1,0,0,0,1,1,0,3,6,8,41.97587094,-87.70700739
0,403720,-1,30,0,3,0,3,10,2,4,0,0,0,0,-1,-1,1,18,16,922,-1,-1,-1,-1,-1,-1,2,0,0,0,0,0,2,0,3,6,8,41.80656511,-87.6845167
0,397370,1,30,0,0,0,1,7,5,-1,0,0,0,0,-1,-1,1,0,0,2422,-1,-1,-1,-1,-1,-1,2,0,0,0,0,0,1,0,3,6,8,42.02106698,-87.67203876
0,386971,-1,30,1,2,0,3,2,5,-1,0,0,0,1,-1,-1,1,23,-1,1031,-1,-1,-1,-1,-1,-1,1,0,0,0,0,0,1,0,2,6,8,41.83675925,-87.7339243
0,386964,-1,30,1,2,0,3,2,5,2,0,0,0,1,-1,-1,0,0,0,712,-1,-1,-1,-1,-1,-1,1,0,0,0,0,0,1,0,2,6,8,41.7868632,-87.64997215
3,386952,-1,30,1,2,0,3,0,5,-1,0,0,0,1,1,-1,-1,6,0,612,-1,-1,-1,-1,-1,-1,2,2,0,1,1,0,0,0,1,6,8,41.75047896,-87.65359022
0,386948,-1,30,1,2,0,3,14,2,4,0,1,0,1,1,-1,1,6,0,1813,-1,-1,-1,-1,-1,-1,2,0,0,0,0,0,3,0,1,6,8,41.91112384,-87.64349035
0,387815,-1,30,0,0,0,3,11,0,1,0,0,0,0,-1,-1,1,10,0,225,-1,-1,-1,-1,-1,-1,2,0,0,0,0,0,2,0,1,6,8,41.79369003,-87.62691311
0,386919,-1,30,0,0,0,0,7,5,-1,0,1,0,0,-1,-1,-1,16,0,2412,-1,-1,-1,-1,-1,-1,2,0,0,0,0,0,1,0,0,6,8,41.99809923,-87.69004223
0,386905,-1,15,0,0,0,3,7,7,2,0,0,0,0,-1,-1,-1,12,-1,114,-1,-1,-1,-1,-1,-1,2,0,0,0,0,0,1,0,0,6,8,41.88755113,-87.61735601
0,386943,-1,5,0,0,0,0,12,8,-1,0,0,0,0,-1,-1,-1,0,0,813,-1,-1,-1,-1,-1,-1,2,0,0,0,0,0,2,0,0,6,8,41.78932932,-87.74164564
0,387818,1,30,0,0,0,0,7,6,-1,0,0,0,0,-1,-1,1,0,-1,1733,-1,-1,-1,-1,-1,-1,2,0,0,0,0,0,1,0,23,5,8,41.94508575,-87.70301973