MOST_SEVERE_INJURY,RD_NO,CRASH_DATE_EST_I,POSTED_SPEED_LIMIT,TRAFFIC_CONTROL_DEVICE,DEVICE_CONDITION,WEATHER_CONDITION,LIGHTING_CONDITION,FIRST_CRASH_TYPE,TRAFFICWAY_TYPE,LANE_CNT,ALIGNMENT,ROADWAY_SURFACE_COND,ROAD_DEFECT,CRASH_TYPE,INTERSECTION_RELATED_I,NOT_RIGHT_OF_WAY_I,HIT_AND_RUN_I,PRIM_CONTRIBUTORY_CAUSE,SEC_CONTRIBUTORY_CAUSE,BEAT_OF_OCCURRENCE,PHOTOS_TAKEN_I,STATEMENTS_TAKEN_I,DOORING_I,WORK_ZONE_I,WORK_ZONE_TYPE,WORKERS_PRESENT_I,NUM_UNITS,INJURIES_TOTAL,INJURIES_FATAL,INJURIES_INCAPACITATING,INJURIES_NON_INCAPACITATING,INJURIES_REPORTED_NOT_EVIDENT,INJURIES_NO_INDICATION,INJURIES_UNKNOWN,CRASH_HOUR,CRASH_DAY_OF_WEEK,CRASH_MONTH,LATITUDE,LONGITUDE
0,386906,-1,30,0,0,0,3,10,7,2,3,-1,0,0,-1,-1,-1,0,0,234,-1,-1,-1,-1,-1,-1,2,0,0,0,0,0,2,0,23,5,8,41.79959787,-87.59376104
0,386915,-1,30,1,2,0,3,14,6,4,0,0,0,0,-1,-1,1,21,0,1834,-1,-1,-1,-1,-1,-1,2,0,0,0,0,0,2,0,23,5,8,41.89182349,-87.62531771
2,386911,-1,15,0,0,1,0,9,0,-1,0,0,-1,1,-1,-1,-1,-1,-1,1213,-1,-1,-1,-1,-1,-1,2,1,0,0,1,0,2,0,23,5,8,41.89858493,-87.66995713
1,386867,-1,35,0,0,1,3,12,3,4,3,1,0,1,-1,-1,1,25,34,1824,-1,-1,-1,-1,-1,-1,2,1,0,0,0,1,1,0,23,5,8,41.90095892,-87.61992817
0,386880,-1,25,2,2,2,3,14,6,1,0,1,0,0,1,-1,-1,0,0,1824,-1,-1,-1,-1,-1,-1,2,0,0,0,0,0,4,0,23,5,8,41.90186736,-87.62849215
0,387181,-1,35,1,2,0,0,14,2,2,0,0,0,0,-1,-1,1,23,0,2223,-1,-1,-1,-1,-1,-1,2,0,0,0,0,0,2,0,23,5,8,41.72136506,-87.64335804
0,387316,-1,30,0,0,0,0,7,2,2,0,0,0,0,-1,-1,1,0,0,1232,-1,-1,-1,-1,-1,-1,2,0,0,0,0,0,1,0,23,5,8,41.86433058,-87.65111027
0,386861,-1,30,1,2,0,0,7,2,2,0,1,0,0,1,-1,-1,19,0,1135,-1,-1,-1,-1,-1,-1,2,0,0,0,0,0,1,0,23,5,8,41.87005438,-87.7007502
2,386823,1,35,1,2,0,3,8,5,-1,0,0,0,1,1,-1,-1,16,-1,1412,-1,-1,0,-1,-1,-1,2,1,0,0,1,0,1,0,23,5,8,41.9391718,-87.71242426
0,386849,-1,30,0,0,0,3,2,5,4,0,1,0,0,-1,-1,-1,34,-1,1733,-1,-1,-1,-1,-1,-1,1,0,0,0,0,0,1,0,22,5,8,41.95379818,-87.7094554
0,386846,-1,30,0,0,1,3,7,2,4,0,-1,0,0,-1,-1,-1,-1,-1,1213,-1,-1,-1,-1,-1,-1,2,0,0,0,0,0,1,0,22,5,8,41.90285433,-87.6676268
0,386848,-1,30,2,2,0,1,14,5,-1,0,0,0,0,-1,-1,-1,0,0,522,-1,-1,-1,-1,-1,-1,2,0,0,0,0,0,2,0,22,5,8,41.69245494,-87.63045979
0,386839,-1,35,2,0,2,0,10,5,-1,0,1,0,1,-1,-1,0,18,-1,1213,-1,-1,-1,-1,-1,-1,2,0,0,0,0,0,5,0,22,5,8,41.89629081,-87.66040412
0,386865,-1,30,0,0,0,3,12,5,-1,0,1,0,0,-1,-1,1,0,0,1634,-1,-1,-1,-1,-1,-1,2,0,0,0,0,0,2,0,22,5,8,41.9460441,-87.7570697
0,386806,-1,30,1,-1,2,3,3,2,-1,0,1,-1,1,1,-1,-1,17,15,1711,-1,-1,-1,-1,-1,-1,2,0,0,0,0,0,2,0,21,5,8,41.99454312,-87.7138932
0,387300,-1,30,0,0,0,1,7,5,-1,0,0,0,0,-1,-1,-1,0,0,511,-1,-1,-1,-1,-1,-1,2,0,0,0,0,0,3,0,21,5,8,41.72158079,-87.62487712
0,387113,-1,30,1,2,0,0,14,2,-1,0,1,0,0,-1,-1,1,0,0,815,-1,-1,-1,-1,-1,-1,2,0,0,0,0,0,2,0,21,5,8,41.80778877,-87.72373033
0,386789,-1,30,1,2,2,3,2,5,4,0,1,0,1,1,-1,-1,0,-1,914,-1,-1,-1,-1,-1,-1,1,0,0,0,0,0,1,0,21,5,8,41.85271854,-87.63438075
0,386795,-1,30,0,0,0,0,3,2,2,0,1,0,0,-1,-1,1,16,0,1114,-1,-1,-1,-1,-1,-1,2,0,0,0,0,0,2,0,21,5,8,41.88701812,-87.73334184
0,386794,-1,35,0,0,0,0,12,3,-1,2,0,0,0,-1,-1,-1,0,-1,111,-1,-1,-1,-1,-1,-1,2,0,0,0,0,0,4,0,21,5,8,41.88477131,-87.62461546
3,386762,-1,40,1,2,0,0,2,3,-1,0,0,0,1,-1,-1,-1,-1,-1,411,-1,-1,-1,-1,-1,-1,1,1,0,1,0,0,1,0,21,5,8,41.75151786,-87.58546514
0,386765,-1,30,0,0,0,0,3,5,2,0,0,0,1,-1,-1,1,21,21,323,-1,-1,-1,-1,-1,-1,2,0,0,0,0,0,2,0,21,5,8,41.75847314,-87.61763472
0,388079,-1,30,0,0,2,1,10,5,4,0,1,0,0,-1,-1,-1,18,0,1632,-1,-1,-1,-1,-1,-1,2,0,0,0,0,0,2,0,21,5,8,41.94752508,-87.78647267
0,387905,-1,30,1,2,0,1,12,5,-1,0,0,0,0,-1,-1,-1,0,0,1811,-1,-1,-1,-1,-1,-1,2,0,0,0,0,0,3,0,21,5,8,41.91094876,-87.65315955
0,386771,-1,30,0,0,2,3,10,5,2,0,-1,-1,0,1,-1,-1,0,0,1421,-1,-1,-1,-1,-1,-1,2,0,0,0,0,0,2,0,21,5,8,41.91020705,-87.70829838
0,386756,-1,30,1,2,0,3,10,2,2,0,0,0,0,1,-1,-1,0,0,211,-1,-1,-1,-1,-1,-1,2,0,0,0,0,0,2,0,21,5,8,41.83825386,-87.62199798
0,386738,-1,30,1,2,2,3,0,5,2,0,1,0,0,1,-1,1,0,0,822,-1,-1,-1,-1,-1,-1,2,0,0,0,0,0,5,0,20,5,8,41.79329608,-87.71083759
0,386753,-1,35,1,-1,0,3,10,5,-1,0,0,-1,0,-1,-1,-1,0,0,314,-1,-1,-1,-1,-1,-1,2,0,0,0,0,0,2,0,20,5,8,41.78044977,-87.59739197
0,386773,0,30,0,0,2,3,7,6,1,0,1,0,1,-1,-1,-1,32,25,2533,-1,-1,-1,-1,-1,-1,4,0,0,0,0,0,1,0,20,5,8,41.90920026,-87.75456226
0,386759,-1,30,1,2,0,3,12,5,-1,0,0,0,0,-1,-1,-1,22,0,212,-1,-1,-1,-1,-1,-1,2,0,0,0,0,0,2,0,20,5,8,41.82394884,-87.61667242
0,386744,-1,20,0,0,2,3,10,5,-1,0,1,0,1,-1,-1,-1,19,25,735,-1,-1,-1,-1,-1,-1,3,0,0,0,0,0,3,0,20,5,8,41.76473053,-87.67045051
0,392999,-1,30,0,0,0,3,0,5,-1,0,0,0,0,-1,-1,1,0,0,1224,-1,-1,-1,-1,-1,-1,2,0,0,0,0,0,2,0,20,5,8,41.88181563,-87.64721472
0,387922,-1,30,2,2,2,0,0,5,2,0,1,-1,0,1,-1,-1,17,22,1923,-1,-1,-1,-1,-1,-1,2,0,0,0,0,0,3,0,20,5,8,41.94907623,-87.65927474
2,386742,-1,30,1,2,-1,3,14,5,-1,0,1,0,1,-1,-1,-1,0,-1,1131,-1,-1,-1,-1,-1,-1,2,3,0,0,3,0,0,0,20,5,8,41.87393843,-87.7354867
2,386732,-1,30,1,2,0,3,8,5,-1,0,1,0,1,1,-1,-1,6,11,1924,-1,-1,-1,-1,-1,-1,2,1,0,0,1,0,1,0,20,5,8,41.9471328,-87.65443597
0,386730,-1,30,2,2,0,3,14,5,2,0,1,0,0,1,-1,-1,17,-1,1213,-1,-1,-1,-1,-1,-1,2,0,0,0,0,0,2,0,20,5,8,41.89623436,-87.66401079
0,424527,-1,30,0,0,0,3,7,7,1,0,0,0,0,-1,-1,1,0,-1,2013,-1,-1,-1,-1,-1,-1,2,0,0,0,0,0,1,0,20,5,8,41.98425875,-87.66086972
0,387519,-1,30,-1,-1,2,3,0,5,4,0,1,0,0,-1,-1,-1,-1,-1,821,-1,-1,-1,-1,-1,-1,2,0,0,0,0,0,6,0,20,5,8,41.80807305,-87.71629641
0,386802,-1,30,0,0,2,0,12,5,-1,0,1,0,0,-1,-1,-1,21,-1,1611,-1,-1,-1,-1,-1,-1,2,0,0,0,0,0,2,0,20,5,8,41.99746398,-87.78761024
0,386780,-1,30,1,2,0,3,2,5,-1,0,1,12,0,-1,-1,-1,28,-1,2533,-1,-1,-1,-1,-1,-1,1,0,0,0,0,0,1,0,20,5,8,41.90845975,-87.74622562
0,386757,-1,30,0,0,2,3,12,5,-1,0,1,0,0,-1,-1,1,22,-1,1933,-1,-1,-1,-1,-1,-1,2,0,0,0,0,0,2,0,20,5,8,41.93959788,-87.66781228
0,386729,-1,30,1,0,2,0,14,5,-1,0,1,0,0,-1,-1,1,17,-1,1431,-1,-1,-1,-1,-1,-1,2,0,0,0,0,0,2,0,20,5,8,41.92493594,-87.68779026
0,386726,-1,30,2,2,2,3,14,5,-1,0,1,0,0,-1,-1,-1,17,17,1631,-1,-1,-1,-1,-1,-1,2,0,0,0,0,0,4,0,20,5,8,41.94517717,-87.82514246
2,386733,-1,30,0,-1,2,3,10,5,2,0,1,-1,1,-1,-1,-1,34,18,1135,-1,-1,-1,-1,-1,-1,2,3,0,0,3,0,2,0,20,5,8,41.87293091,-87.69592693
1,386697,-1,30,1,2,2,3,10,2,2,0,1,0,1,1,-1,1,18,-1,2514,-1,-1,-1,-1,-1,-1,2,1,0,0,0,1,1,0,20,5,8,41.93840043,-87.77141548
0,386702,-1,30,0,0,2,0,10,5,-1,0,1,0,0,-1,-1,-1,0,-1,1031,-1,-1,-1,-1,-1,-1,2,0,0,0,0,0,2,0,20,5,8,41.8441272,-87.72569966
0,386740,-1,30,0,0,2,3,10,5,4,0,1,0,1,-1,-1,1,-1,0,1531,-1,-1,-1,-1,-1,-1,3,0,0,0,0,0,4,0,20,5,8,41.89333811,-87.74590044
0,387363,-1,30,0,0,0,4,0,5,4,0,0,0,0,1,-1,-1,17,0,234,-1,-1,-1,-1,-1,-1,2,0,0,0,0,0,2,0,20,5,8,41.79896533,-87.59648335
0,387234,1,30,0,0,0,-1,7,6,-1,0,0,0,0,-1,-1,1,-1,-1,1413,-1,-1,-1,-1,-1,-1,2,0,0,0,0,0,1,0,20,5,8,41.92292599,-87.7134384
0,386705,-1,30,1,2,2,3,10,2,4,0,1,0,0,-1,-1,-1,15,11,814,-1,-1,-1,-1,-1,-1,2,0,0,0,0,0,2,0,20,5,8,41.80205588,-87.74314785
0,386686,-1,30,0,0,2,0,10,5,-1,0,1,0,0,-1,-1,-1,18,34,1423,-1,-1,-1,-1,-1,-1,2,0,0,0,0,0,2,0,20,5,8,41.90300103,-87.7007252
2,386829,-1,30,1,2,0,3,9,5,2,0,1,0,1,1,-1,1,0,-1,2512,-1,-1,-1,-1,-1,-1,2,1,0,0,1,0,1,0,19,5,8,41.92378619,-87.78556721
0,386701,-1,30,2,2,2,3,2,5,2,0,1,0,1,-1,-1,-1,32,15,1114,-1,0,-1,-1,-1,-1,4,0,0,0,0,0,1,0,19,5,8,41.8851764,-87.73301747
2,386692,-1,30,0,0,0,3,10,7,-1,0,0,0,1,-1,-1,-1,20,0,211,-1,-1,-1,-1,-1,-1,2,1,0,0,1,0,1,0,19,5,8,41.8323393,-87.61090802
0,386743,-1,30,0,0,2,4,7,5,2,0,1,0,0,-1,-1,1,0,0,1115,-1,-1,-1,-1,-1,-1,3,0,0,0,0,0,1,0,19,5,8,41.8807665,-87.73145911
0,388174,-1,30,0,0,-1,3,10,2,2,0,-1,0,0,-1,-1,-1,16,18,1511,-1,-1,-1,-1,-1,-1,2,0,0,0,0,0,2,0,19,5,8,41.89580655,-87.76557497
2,386712,-1,30,0,0,12,3,9,5,2,0,1,0,1,-1,-1,1,17,-1,2413,-1,-1,-1,-1,-1,-1,2,1,0,0,1,0,1,0,19,5,8,41.99755899,-87.69347898
0,386663,-1,35,1,2,0,4,14,12,4,0,0,0,1,1,-1,-1,6,-1,114,-1,-1,-1,-1,-1,-1,2,0,0,0,0,0,2,0,19,5,8,41.87566868,-87.62341082
0,386657,-1,15,0,0,0,3,10,7,-1,0,0,-1,0,-1,-1,-1,33,-1,822,-1,-1,-1,-1,-1,-1,2,0,0,0,0,0,2,0,19,5,8,41.78849765,-87.7228794
2,386644,-1,30,1,2,0,3,0,5,2,0,0,0,1,1,-1,-1,6,-1,2535,-1,-1,-1,-1,-1,-1,2,1,0,0,1,0,3,0,19,5,8,41.90282309,-87.72137164
0,386693,-1,30,0,0,0,4,10,5,-1,0,0,0,0,-1,-1,-1,18,-1,1633,-1,-1,-1,-1,-1,-1,2,0,0,0,0,0,3,0,19,5,8,41.94564637,-87.77805908
1,386670,-1,30,1,2,0,0,10,2,2,0,0,0,1,-1,-1,1,0,0,1624,-1,-1,-1,-1,-1,-1,2,1,0,0,0,1,2,0,19,5,8,41.96042826,-87.76266567
0,393596,-1,30,1,2,0,4,10,6,4,0,0,0,0,1,-1,-1,16,0,634,-1,-1,-1,-1,-1,-1,2,0,0,0,0,0,2,0,19,5,8,41.73616511,-87.62558757
2,386646,-1,30,1,2,0,1,9,5,0,0,0,0,1,1,-1,-1,23,11,923,-1,-1,-1,-1,-1,-1,2,1,0,0,1,0,1,0,19,5,8,41.80105284,-87.68436765
1,386650,-1,30,0,0,0,1,12,5,4,0,0,0,1,-1,-1,1,22,22,2222,-1,-1,-1,-1,-1,-1,2,1,0,0,0,1,1,0,19,5,8,41.73585947,-87.65227259
0,386619,-1,30,0,0,0,1,12,5,2,0,0,0,0,-1,-1,1,0,0,1235,-1,-1,-1,-1,-1,-1,2,0,0,0,0,0,3,0,19,5,8,41.85808309,-87.65524599
0,387439,-1,30,1,2,0,0,12,2,2,0,0,-1,0,-1,-1,1,22,-1,1831,-1,-1,-1,-1,-1,-1,2,0,0,0,0,0,2,0,18,5,8,41.89176598,-87.63127764
0,386604,-1,20,0,0,0,1,10,6,1,0,0,0,0,-1,-1,-1,20,0,1724,-1,-1,-1,-1,-1,-1,2,0,0,0,0,0,2,0,18,5,8,41.95970162,-87.7056089
0,386629,-1,30,0,0,0,1,10,5,2,0,0,0,0,-1,-1,1,18,-1,1434,-1,-1,-1,-1,-1,-1,2,0,0,0,0,0,2,0,18,5,8,41.91061014,-87.67661048
0,386606,-1,30,2,1,0,1,14,5,2,0,0,0,0,1,-1,1,16,0,822,-1,-1,-1,-1,-1,-1,2,0,0,0,0,0,2,0,18,5,8,41.79336967,-87.70594114
0,386627,-1,30,2,2,0,1,0,3,-1,0,0,0,0,1,-1,-1,0,-1,1215,-1,-1,-1,-1,-1,-1,2,0,0,0,0,0,2,0,18,5,8,41.8865973,-87.66189394
0,387956,-1,30,1,2,0,1,12,1,-1,0,0,0,0,-1,-1,-1,22,11,1215,-1,-1,-1,-1,-1,-1,2,0,0,0,0,0,2,0,18,5,8,41.89596531,-87.66720648
0,386723,-1,30,6,2,0,1,14,2,4,0,0,0,0,-1,-1,-1,23,27,835,-1,-1,-1,-1,-1,-1,2,0,0,0,0,0,2,0,18,5,8,41.75696052,-87.68816454
0,386595,1,30,1,2,0,1,14,12,2,5,0,0,1,1,-1,-1,17,17,113,-1,-1,-1,-1,-1,-1,2,0,0,0,0,0,2,0,18,5,8,41.87693801,-87.62443662
2,386584,-1,30,0,0,0,1,0,5,2,0,0,0,1,1,-1,-1,0,-1,1631,-1,-1,-1,-1,-1,-1,2,1,0,0,1,0,1,0,18,5,8,41.94532431,-87.8094862
0,386577,-1,30,0,0,0,1,10,5,6,0,0,0,0,-1,-1,-1,16,7,1611,-1,-1,-1,-1,-1,-1,2,0,0,0,0,0,2,0,18,5,8,41.99799988,-87.7882889
2,386585,-1,30,0,0,0,1,8,6,-1,1,1,0,1,-1,-1,-1,0,0,1831,-1,-1,-1,-1,-1,-1,2,1,0,0,1,0,1,0,18,5,8,41.88807038,-87.62969226
0,386664,-1,0,2,2,0,1,8,3,-1,0,-1,-1,0,1,-1,1,0,-1,1224,-1,-1,-1,-1,-1,-1,2,0,0,0,0,0,2,0,18,5,8,41.88441409,-87.65333146
1,386576,-1,30,0,0,0,1,8,6,1,0,0,0,1,-1,-1,-1,17,-1,1733,-1,-1,-1,-1,-1,-1,2,1,0,0,0,1,1,0,18,5,8,41.95380316,-87.7103157
0,388834,-1,25,0,0,0,1,12,5,-1,0,0,0,0,-1,-1,-1,0,0,2213,-1,-1,-1,-1,-1,-1,2,0,0,0,0,0,2,0,18,5,8,41.70651404,-87.67924991
0,386647,-1,30,0,0,1,1,11,5,2,0,-1,-1,0,-1,-1,1,21,22,1624,-1,-1,-1,-1,-1,-1,3,0,0,0,0,0,2,0,18,5,8,41.96051392,-87.75544202
0,386596,-1,30,1,2,0,1,12,5,2,0,0,0,0,-1,-1,-1,22,0,1031,-1,-1,-1,-1,-1,-1,2,0,0,0,0,0,2,0,18,5,8,41.83622905,-87.72418925
0,386588,-1,0,-1,-1,-1,-1,12,-1,-1,0,-1,-1,0,-1,-1,-1,0,-1,1224,-1,-1,-1,-1,-1,-1,2,0,0,0,0,0,2,0,18,5,8,41.88323422,-87.64862851
0,386559,-1,30,1,2,2,1,14,12,0,0,1,0,0,1,-1,-1,17,-1,1214,-1,-1,-1,-1,-1,-1,2,0,0,0,0,0,2,0,18,5,8,41.88691441,-87.64420358
0,386611,-1,30,0,0,0,1,10,7,-1,0,0,-1,0,-1,-1,-1,-1,11,833,-1,-1,-1,-1,-1,-1,2,0,0,0,0,0,2,0,18,5,8,41.74978726,-87.7151236
0,386547,-1,30,0,0,0,1,10,6,1,0,0,0,0,-1,-1,1,0,0,1524,-1,-1,-1,-1,-1,-1,2,0,0,0,0,0,3,0,18,5,8,41.89309906,-87.75690189
2,386550,-1,30,2,2,0,1,8,2,4,0,0,0,1,-1,-1,-1,0,0,1724,-1,-1,-1,-1,-1,-1,2,1,0,0,1,0,1,0,18,5,8,41.95768813,-87.69850139
0,387225,-1,30,0,0,0,1,7,5,2,0,0,0,0,-1,-1,1,0,0,2222,-1,-1,-1,-1,-1,-1,2,0,0,0,0,0,1,0,18,5,8,41.73280136,-87.65339682
0,386666,-1,30,0,0,0,1,2,5,-1,0,0,12,1,-1,-1,-1,0,0,815,-1,-1,-1,1,2,-1,1,0,0,0,0,0,2,0,18,5,8,41.80768203,-87.72984725
0,386620,-1,35,1,2,0,1,14,5,2,0,0,3,0,1,-1,-1,0,0,1122,-1,-1,-1,-1,-1,-1,2,0,0,0,0,0,2,0,18,5,8,41.88178757,-87.72094426
2,386518,-1,35,2,-1,1,1,14,5,4,0,0,-1,1,0,-1,-1,17,-1,2433,-1,0,-1,-1,-1,-1,2,1,0,0,1,0,1,0,17,5,8,41.9935787,-87.66052469
0,386513,-1,30,0,0,0,1,11,5,2,0,0,0,1,-1,-1,-1,18,-1,434,-1,-1,-1,-1,-1,-1,2,0,0,0,0,0,3,0,17,5,8,41.65908472,-87.57785978
0,387944,-1,30,0,0,0,1,10,8,4,0,0,0,0,-1,-1,-1,18,18,1652,-1,-1,-1,-1,-1,-1,2,0,0,0,0,0,2,0,17,5,8,-1,-1
0,386556,-1,30,1,-1,2,1,10,2,2,0,1,-1,0,-1,-1,1,0,-1,1213,-1,-1,-1,-1,-1,-1,2,0,0,0,0,0,2,0,17,5,8,41.90326052,-87.66610568
0,386542,-1,30,1,2,0,1,0,12,-1,0,0,0,0,-1,-1,1,17,16,1633,-1,-1,-1,-1,-1,-1,2,0,0,0,0,0,2,0,17,5,8,41.94567885,-87.78122449
0,386561,-1,30,1,2,0,2,14,5,-1,0,0,0,0,-1,-1,1,14,-1,1533,-1,-1,-1,-1,-1,-1,2,0,0,0,0,0,2,0,17,5,8,41.87205805,-87.74507934
0,386510,-1,30,1,2,0,1,0,12,0,0,0,0,1,1,-1,-1,6,7,1411,-1,-1,-1,-1,-1,-1,2,0,0,0,0,0,3,0,17,5,8,41.93849826,-87.7074866
0,386514,-1,30,2,2,0,1,14,5,-1,0,0,0,1,1,-1,-1,17,0,833,-1,-1,-1,-1,-1,-1,2,0,0,0,0,0,3,0,17,5,8,41.77155776,-87.7177987
0,386575,1,30,0,0,0,1,12,5,4,0,0,0,0,-1,-1,1,22,21,835,-1,-1,-1,-1,-1,-1,2,0,0,0,0,0,2,0,17,5,8,41.75167932,-87.699854
0,386492,-1,40,0,0,0,1,12,3,3,0,0,0,0,-1,-1,-1,-1,-1,413,-1,-1,-1,-1,-1,-1,2,0,0,0,0,0,3,0,17,5,8,41.72413049,-87.58535163
0,386475,-1,30,0,0,0,1,12,5,4,0,0,0,0,-1,-1,-1,17,11,1034,-1,-1,-1,-1,-1,-1,2,0,0,0,0,0,2,0,17,5,8,41.84595344,-87.68562033
0,386467,-1,30,0,0,0,1,7,3,4,0,0,0,1,-1,-1,-1,27,-1,1214,-1,-1,-1,-1,-1,-1,3,0,0,0,0,0,1,0,17,5,8,41.89171767,-87.65830317
0,386520,-1,30,0,0,0,1,14,5,4,2,0,-1,0,-1,-1,-1,17,-1,2413,-1,-1,-1,-1,-1,-1,2,0,0,0,0,0,2,0,17,5,8,41.9942994,-87.68962371
0,386444,-1,30,2,2,0,1,10,3,4,0,0,-1,0,1,-1,-1,18,-1,2413,-1,-1,-1,-1,-1,-1,3,0,0,0,0,0,3,0,17,5,8,41.99125055,-87.70854718
0,386429,-1,30,1,2,0,1,10,5,-1,0,0,-1,0,1,-1,1,16,18,1121,-1,-1,-1,-1,-1,-1,2,0,0,0,0,0,2,0,17,5,8,41.90199209,-87.71560283
0,390273,-1,35,1,2,0,1,10,6,-1,0,0,0,0,-1,-1,-1,18,-1,1832,-1,-1,-1,-1,-1,-1,2,0,0,0,0,0,3,0,17,5,8,41.89318763,-87.63131472
0,386457,-1,25,1,2,0,1,10,5,-1,0,0,0,0,-1,-1,-1,18,0,2412,-1,-1,-1,-1,-1,-1,2,0,0,0,0,0,2,0,17,5,8,41.99784774,-87.68948696
1,386427,-1,30,0,0,0,1,9,5,2,0,0,0,1,-1,-1,-1,-1,-1,234,-1,-1,-1,-1,-1,-1,2,1,0,0,0,1,1,0,17,5,8,41.79939705,-87.59028625
3,386411,-1,35,2,2,0,1,0,5,-1,0,0,0,1,1,-1,-1,10,-1,614,-1,-1,-1,-1,-1,-1,2,3,0,1,2,0,2,0,17,5,8,41.73933898,-87.66330098
0,386558,-1,30,1,2,0,1,12,5,2,0,0,0,0,-1,-1,-1,22,22,632,-1,-1,-1,-1,-1,-1,2,0,0,0,0,0,3,0,17,5,8,41.73654046,-87.60475944
0,388701,-1,10,0,0,0,-1,0,7,-1,0,0,0,0,-1,-1,-1,20,-1,2512,-1,-1,-1,-1,-1,-1,2,0,0,0,0,0,2,0,17,5,8,41.92629696,-87.78569482
0,387580,-1,30,0,0,0,1,7,5,-1,0,0,0,0,-1,-1,1,0,0,1221,-1,-1,-1,-1,-1,-1,2,0,0,0,0,0,1,0,17,5,8,41.8946368,-87.68451087
0,386763,-1,30,0,0,0,1,7,5,-1,0,0,-1,0,-1,-1,1,0,0,1712,-1,-1,-1,-1,-1,-1,2,0,0,0,0,0,1,0,17,5,8,41.97042595,-87.71601075
0,386501,-1,30,1,2,0,1,12,6,-1,0,0,0,0,1,-1,-1,0,-1,1831,-1,-1,-1,-1,-1,-1,2,0,0,0,0,0,2,0,17,5,8,41.89302506,-87.63802327
0,386480,-1,30,1,2,0,1,10,2,-1,0,0,0,0,-1,-1,-1,0,0,1422,-1,-1,-1,-1,-1,-1,2,0,0,0,0,0,3,0,17,5,8,41.91683902,-87.71661074
0,386420,-1,30,0,0,0,1,14,5,2,0,0,0,0,-1,-1,-1,-1,-1,414,-1,-1,-1,-1,-1,-1,2,0,0,0,0,0,2,0,16,5,8,41.7518097,-87.56873365
0,386526,-1,35,1,2,0,1,10,6,3,0,0,0,0,1,-1,-1,18,0,121,-1,-1,-1,-1,-1,-1,2,0,0,0,0,0,2,0,16,5,8,41.88453868,-87.6439561
0,386435,-1,30,0,0,0,1,7,5,2,0,0,0,0,-1,-1,-1,17,0,1225,-1,-1,-1,-1,-1,-1,2,0,0,0,0,0,3,0,16,5,8,41.86890111,-87.68371238
0,386406,-1,20,1,3,0,1,14,5,-1,0,0,0,0,-1,-1,-1,0,0,723,-1,-1,-1,-1,-1,-1,2,0,0,0,0,0,4,0,16,5,8,41.77258336,-87.64453352
0,386404,-1,30,0,0,0,1,14,5,-1,0,0,0,0,1,-1,-1,17,14,2514,-1,-1,-1,-1,-1,-1,2,0,0,0,0,0,2,0,16,5,8,41.93835481,-87.77493935
0,386508,-1,30,0,0,0,1,11,5,2,0,0,0,0,-1,-1,1,0,0,1731,-1,-1,-1,-1,-1,-1,2,0,0,0,0,0,5,0,16,5,8,41.94218577,-87.72915122
0,386436,-1,0,0,0,0,1,7,7,-1,0,-1,-1,0,-1,-1,1,0,-1,1235,-1,-1,-1,-1,-1,-1,2,0,0,0,0,0,1,0,16,5,8,41.8524959,-87.66319042
0,386414,-1,30,0,0,0,1,12,5,-1,0,-1,-1,0,-1,-1,-1,22,21,432,-1,-1,-1,-1,-1,-1,2,0,0,0,0,0,2,0,16,5,8,41.71377154,-87.53654072
0,386396,-1,30,0,0,0,1,10,5,-1,0,0,-1,0,-1,-1,-1,0,-1,1731,-1,-1,-1,-1,-1,-1,2,0,0,0,0,0,2,0,16,5,8,41.9463774,-87.73561103
0,386388,-1,30,0,0,0,1,10,5,2,0,0,0,0,-1,-1,-1,18,-1,1623,-1,-1,-1,-1,-1,-1,2,0,0,0,0,0,2,0,16,5,8,41.96978065,-87.76512042
3,386389,-1,30,0,0,0,1,9,6,4,0,0,0,1,-1,-1,-1,21,0,121,-1,-1,-1,-1,-1,-1,2,1,0,1,0,0,1,0,16,5,8,41.87853128,-87.63942746
0,386468,-1,30,1,2,0,1,12,5,-1,0,0,0,0,-1,-1,-1,22,-1,111,-1,-1,-1,-1,-1,-1,2,0,0,0,0,0,2,0,16,5,8,41.88436691,-87.62451148
0,386380,-1,5,12,2,0,1,12,12,12,0,0,1,0,-1,-1,-1,0,0,423,-1,-1,-1,-1,-1,-1,2,0,0,0,0,0,2,0,16,5,8,41.73527677,-87.5665293
0,386357,-1,30,1,2,0,1,8,5,4,0,0,0,0,-1,-1,-1,0,-1,2211,-1,-1,-1,-1,-1,-1,2,0,0,0,0,0,3,0,16,5,8,41.70606769,-87.70138339
0,387402,-1,0,0,0,0,1,7,6,-1,0,0,0,0,-1,-1,-1,20,-1,623,-1,-1,-1,-1,-1,-1,2,0,0,0,0,0,2,0,16,5,8,41.75788858,-87.62006484
0,387351,-1,30,0,0,-1,1,12,5,2,0,-1,-1,0,-1,-1,-1,17,33,1434,-1,-1,-1,-1,-1,-1,2,0,0,0,0,0,2,0,16,5,8,41.91543406,-87.67771613
3,386749,-1,30,0,0,0,1,7,5,-1,0,0,0,1,-1,-1,1,0,0,723,-1,-1,-1,-1,-1,-1,2,2,0,2,0,0,1,0,16,5,8,41.77193273,-87.64443485