MOST_SEVERE_INJURY,RD_NO,CRASH_DATE_EST_I,POSTED_SPEED_LIMIT,TRAFFIC_CONTROL_DEVICE,DEVICE_CONDITION,WEATHER_CONDITION,LIGHTING_CONDITION,FIRST_CRASH_TYPE,TRAFFICWAY_TYPE,LANE_CNT,ALIGNMENT,ROADWAY_SURFACE_COND,ROAD_DEFECT,CRASH_TYPE,INTERSECTION_RELATED_I,NOT_RIGHT_OF_WAY_I,HIT_AND_RUN_I,PRIM_CONTRIBUTORY_CAUSE,SEC_CONTRIBUTORY_CAUSE,BEAT_OF_OCCURRENCE,PHOTOS_TAKEN_I,STATEMENTS_TAKEN_I,DOORING_I,WORK_ZONE_I,WORK_ZONE_TYPE,WORKERS_PRESENT_I,NUM_UNITS,INJURIES_TOTAL,INJURIES_FATAL,INJURIES_INCAPACITATING,INJURIES_NON_INCAPACITATING,INJURIES_REPORTED_NOT_EVIDENT,INJURIES_NO_INDICATION,INJURIES_UNKNOWN,CRASH_HOUR,CRASH_DAY_OF_WEEK,CRASH_MONTH,LATITUDE,LONGITUDE
0,386509,-1,30,1,2,0,1,7,5,-1,0,0,0,0,-1,-1,1,-1,-1,235,-1,-1,-1,-1,-1,-1,2,0,0,0,0,0,1,0,16,5,8,41.78780596,-87.60602263
0,386381,1,15,0,0,0,1,0,7,-1,0,0,0,0,-1,1,-1,17,-1,2032,-1,-1,-1,-1,-1,-1,2,0,0,0,0,0,2,0,16,5,8,41.97594976,-87.67747544
0,386372,-1,30,0,0,0,1,14,2,2,2,0,0,1,1,1,1,17,14,1024,-1,-1,-1,-1,-1,-1,2,0,0,0,0,0,1,0,16,5,8,41.84459206,-87.70753947
0,386445,-1,10,0,0,0,1,11,7,1,0,0,-1,0,-1,1,1,11,0,1225,-1,-1,-1,-1,-1,-1,2,0,0,0,0,0,3,0,16,5,8,41.86672491,-87.68584255
0,386369,-1,30,0,0,0,1,7,5,4,2,0,0,0,-1,-1,-1,8,11,2212,-1,-1,-1,-1,-1,-1,2,0,0,0,0,0,2,0,16,5,8,41.69021408,-87.6812518
0,386365,-1,30,0,0,0,1,7,7,-1,0,0,0,0,-1,-1,-1,20,11,1925,-1,-1,-1,-1,-1,-1,2,0,0,0,0,0,3,0,16,5,8,41.94915724,-87.64852662
0,386340,-1,10,0,0,0,1,12,12,-1,0,0,0,0,-1,-1,1,22,-1,622,-1,-1,-1,-1,-1,-1,2,0,0,0,0,0,5,0,16,5,8,41.7378492,-87.64352086
2,386395,-1,30,2,2,0,1,0,5,2,0,0,0,1,1,-1,-1,0,0,1222,-1,-1,-1,-1,-1,-1,2,3,0,0,3,0,0,0,16,5,8,41.88180634,-87.70380756
2,386312,-1,35,0,0,0,1,12,3,8,0,0,0,1,-1,-1,-1,22,18,211,-1,-1,-1,-1,-1,-1,2,2,0,0,2,0,0,0,16,5,8,41.8383933,-87.60874952
0,386618,-1,30,0,0,0,1,7,5,-1,0,0,0,0,-1,-1,1,-1,-1,1221,-1,-1,-1,-1,-1,-1,2,0,0,0,0,0,2,0,16,5,8,41.89347666,-87.69422144
0,386432,-1,30,0,0,0,1,7,6,1,0,0,0,0,-1,-1,-1,32,16,1713,-1,-1,-1,-1,-1,-1,2,0,0,0,0,0,1,0,16,5,8,41.96863983,-87.70589019
0,386355,-1,30,0,0,0,1,7,5,2,0,0,0,0,-1,-1,-1,20,11,815,-1,-1,-1,-1,-1,-1,2,0,0,0,0,0,1,0,16,5,8,41.81606822,-87.73601667
0,386318,-1,5,0,0,0,1,0,7,0,0,0,0,0,-1,-1,-1,11,-1,2211,-1,-1,-1,-1,-1,-1,2,0,0,0,0,0,2,0,15,5,8,41.70631285,-87.69976712
0,386356,-1,30,1,2,0,1,12,12,4,0,0,0,0,-1,-1,-1,0,0,1224,-1,-1,-1,-1,-1,-1,2,0,0,0,0,0,3,0,15,5,8,41.88429736,-87.64738553
0,386317,-1,30,0,0,0,1,7,6,-1,0,0,0,0,-1,-1,1,0,0,1032,-1,-1,-1,-1,-1,-1,2,0,0,0,0,0,1,0,15,5,8,41.83913326,-87.70666673
3,386284,-1,30,0,0,0,1,8,2,4,0,0,-1,1,-1,-1,-1,10,16,1111,-1,-1,-1,-1,-1,-1,2,1,0,1,0,0,1,0,15,5,8,41.89524013,-87.73894931
0,386273,-1,30,0,0,0,1,2,5,-1,0,0,1,0,-1,-1,-1,11,-1,823,-1,-1,-1,-1,-1,-1,1,0,0,0,0,0,1,0,15,5,8,41.77894575,-87.70328312
0,386279,-1,30,0,0,0,1,7,6,-1,0,0,-1,0,-1,-1,1,20,-1,122,-1,-1,-1,-1,-1,-1,2,0,0,0,0,0,1,0,15,5,8,41.87748908,-87.63504471
0,386424,-1,30,0,0,0,1,10,5,-1,0,0,0,0,-1,-1,1,0,0,1114,-1,-1,-1,-1,-1,-1,2,0,0,0,0,0,3,0,15,5,8,41.88325039,-87.72588315
0,386384,-1,30,2,1,0,1,0,3,3,0,0,0,0,-1,-1,-1,17,0,324,-1,-1,-1,-1,-1,-1,2,0,0,0,0,0,2,0,15,5,8,41.76434845,-87.58584517
0,386254,-1,10,0,0,0,1,7,12,-1,0,0,0,1,-1,-1,-1,11,11,835,-1,-1,-1,-1,-1,-1,3,0,0,0,0,0,2,0,15,5,8,41.75335698,-87.70264255
0,387203,-1,30,0,0,0,1,12,5,2,0,0,0,0,-1,-1,-1,0,-1,2521,-1,-1,-1,-1,-1,-1,2,0,0,0,0,0,2,0,15,5,8,41.92438094,-87.74380866
0,386269,-1,10,0,0,0,1,10,6,1,0,0,0,0,-1,-1,1,18,11,2212,-1,-1,-1,-1,-1,-1,2,0,0,0,0,0,2,0,15,5,8,41.69991014,-87.68126757
0,386241,-1,45,0,0,0,1,14,3,4,3,0,0,1,1,-1,1,31,17,331,-1,-1,-1,-1,-1,-1,2,0,0,0,0,0,2,0,15,5,8,41.79142028,-87.58014777
0,389302,-1,15,0,0,0,1,0,5,-1,0,0,0,0,-1,-1,-1,-1,-1,1834,-1,-1,-1,-1,-1,-1,2,0,0,0,0,0,3,0,15,5,8,41.89408538,-87.62040431
0,386859,-1,30,0,0,0,1,0,6,1,0,0,0,0,-1,-1,-1,17,-1,1834,-1,-1,-1,-1,-1,-1,2,0,0,0,0,0,3,0,15,5,8,41.89405506,-87.6218504
0,386438,-1,30,1,2,0,1,14,6,-1,0,0,0,0,1,-1,-1,18,-1,1834,-1,-1,-1,-1,-1,-1,2,0,0,0,0,0,2,0,15,5,8,41.89266421,-87.62425438
0,386334,-1,30,0,0,0,1,10,12,4,2,0,0,0,-1,-1,-1,20,11,1433,-1,-1,-1,-1,-1,-1,2,0,0,0,0,0,2,0,15,5,8,41.91077461,-87.66518381
0,386333,-1,30,1,2,0,1,14,5,-1,0,0,-1,0,-1,-1,-1,11,-1,835,-1,-1,-1,-1,-1,-1,2,0,0,0,0,0,2,0,15,5,8,41.749952,-87.70244848
0,386296,-1,30,0,0,0,1,7,6,-1,0,0,0,0,-1,-1,1,-1,-1,1512,-1,-1,-1,-1,-1,-1,2,0,0,0,0,0,1,0,15,5,8,41.88886829,-87.77253006
0,386218,-1,30,1,2,0,1,14,5,-1,0,0,0,1,1,-1,-1,17,0,1934,-1,-1,-1,-1,-1,-1,2,0,0,0,0,0,2,0,15,5,8,41.93769914,-87.64904746
0,405193,-1,30,0,0,0,1,10,2,-1,0,0,0,1,-1,-1,1,0,0,2413,-1,-1,-1,-1,-1,-1,2,0,0,0,0,0,3,0,14,5,8,41.99052345,-87.70440689
2,386304,-1,30,2,12,0,1,8,6,1,0,0,0,1,-1,-1,-1,16,-1,2534,-1,-1,-1,-1,-1,-1,2,1,0,0,1,0,1,0,14,5,8,41.91149279,-87.73140904
0,391650,-1,30,1,2,0,1,12,5,4,0,0,0,0,-1,-1,-1,-1,0,1433,-1,-1,-1,-1,-1,-1,2,0,0,0,0,0,2,0,14,5,8,41.91073787,-87.66784
0,386259,-1,30,1,2,0,1,14,2,2,0,0,-1,0,1,-1,-1,0,0,2411,-1,-1,-1,-1,-1,-1,2,0,0,0,0,0,2,0,14,5,8,42.00474504,-87.70919833
0,386305,-1,20,0,0,0,1,7,5,1,0,0,0,0,-1,-1,-1,27,11,921,-1,-1,-1,-1,-1,-1,2,0,0,0,0,0,1,0,14,5,8,41.82173305,-87.69970968
2,386189,-1,30,0,0,0,1,12,5,2,0,0,0,1,-1,-1,-1,17,16,1821,-1,-1,-1,-1,-1,-1,2,1,0,0,1,0,1,0,14,5,8,41.9062421,-87.6344133
0,386386,-1,30,0,0,0,1,10,6,3,0,0,0,1,-1,-1,1,16,30,1834,-1,-1,-1,-1,-1,-1,2,0,0,0,0,0,2,0,14,5,8,41.89097223,-87.61599689
0,386204,-1,30,0,0,0,1,12,2,2,0,0,-1,0,-1,-1,-1,0,0,2413,-1,-1,-1,-1,-1,-1,2,0,0,0,0,0,2,0,14,5,8,41.99058283,-87.69416048
0,386196,-1,30,1,2,0,1,14,5,0,0,0,0,0,-1,-1,-1,21,-1,1433,-1,-1,-1,-1,-1,-1,2,0,0,0,0,0,2,0,14,5,8,41.90357412,-87.66005048
0,386206,-1,20,1,0,0,1,10,2,-1,0,0,0,0,-1,-1,-1,18,18,1922,-1,-1,-1,-1,-1,-1,2,0,0,0,0,0,2,0,14,5,8,41.95420204,-87.66889863
0,386188,-1,30,0,0,0,1,2,5,2,0,0,1,0,-1,-1,-1,-1,-1,823,-1,-1,-1,-1,-1,-1,1,0,0,0,0,0,1,0,14,5,8,41.77842134,-87.70297606
2,386247,-1,30,1,2,0,1,10,5,-1,0,0,0,1,1,-1,-1,3,-1,411,-1,-1,-1,-1,-1,-1,2,1,0,0,1,0,1,0,14,5,8,41.75153543,-87.5917779
0,386225,-1,30,0,0,0,1,7,3,-1,0,0,0,0,-1,-1,-1,21,-1,1834,-1,-1,-1,-1,-1,-1,2,0,0,0,0,0,1,0,14,5,8,41.89479837,-87.61586665
0,386344,-1,35,1,2,0,1,14,6,3,0,0,0,0,1,-1,-1,21,0,1832,-1,-1,-1,-1,-1,-1,2,0,0,0,0,0,2,0,14,5,8,41.8931901,-87.63102092
0,386150,-1,30,2,2,0,1,12,2,4,0,0,0,0,-1,-1,-1,22,18,724,-1,-1,-1,-1,-1,-1,2,0,0,0,0,0,2,0,14,5,8,41.77951604,-87.65464687
0,386170,-1,30,0,0,0,1,7,5,1,0,0,0,0,-1,-1,1,22,-1,1623,-1,-1,-1,-1,-1,-1,2,0,0,0,0,0,1,0,14,5,8,41.96772328,-87.76277295
0,386158,-1,30,2,0,0,1,12,12,2,0,0,0,0,-1,-1,-1,-1,0,2212,-1,1,-1,-1,-1,-1,2,0,0,0,0,0,3,0,14,5,8,41.68154642,-87.66967424
0,386130,-1,30,0,0,0,1,14,5,4,0,0,0,0,-1,-1,-1,0,11,834,-1,-1,-1,-1,-1,-1,2,0,0,0,0,0,6,0,13,5,8,41.74929252,-87.72394906
1,386120,-1,30,0,0,0,1,14,5,-1,0,0,0,1,-1,-1,1,25,16,1513,-1,-1,-1,-1,-1,-1,2,1,0,0,0,1,2,0,13,5,8,41.87755147,-87.77441814
0,386165,-1,30,0,0,0,1,7,12,-1,0,0,0,0,-1,-1,1,11,0,1533,-1,-1,-1,-1,-1,-1,2,0,0,0,0,0,1,0,13,5,8,41.87677136,-87.75477137
0,386115,-1,30,2,2,0,1,0,5,4,0,0,-1,1,1,-1,-1,16,-1,1214,-1,-1,-1,-1,-1,-1,4,0,0,0,0,0,3,0,13,5,8,41.89127957,-87.64873362
-1,386146,-1,30,0,0,0,1,7,6,1,0,0,0,1,-1,-1,1,0,-1,725,-1,-1,-1,-1,-1,-1,2,-1,-1,-1,-1,-1,-1,-1,13,5,8,41.77510013,-87.66151283
0,386233,-1,25,2,2,0,1,11,5,2,0,0,0,0,1,-1,-1,0,0,1214,-1,-1,-1,-1,-1,-1,2,0,0,0,0,0,2,0,13,5,8,41.8856992,-87.64878909
0,386198,-1,30,0,0,0,1,10,5,-1,0,0,0,0,-1,-1,-1,18,0,1512,-1,-1,-1,-1,-1,-1,2,0,0,0,0,0,3,0,13,5,8,41.88710518,-87.76551831
0,386117,-1,30,0,0,0,1,14,12,2,0,0,0,0,1,-1,-1,4,-1,1813,1,-1,-1,1,2,-1,2,0,0,0,0,0,2,0,13,5,8,41.91114708,-87.64237482
0,386089,-1,15,0,0,0,1,5,7,-1,0,0,0,0,-1,1,-1,-1,-1,1232,-1,-1,-1,-1,-1,-1,1,0,0,0,0,0,1,0,13,5,8,41.86932679,-87.65549441
0,386181,-1,30,0,0,0,1,10,5,-1,0,0,0,0,-1,-1,1,18,-1,1614,-1,-1,-1,-1,-1,-1,2,0,0,0,0,0,2,0,13,5,8,41.97750034,-87.83675449
0,386179,-1,25,1,2,0,1,12,5,-1,0,0,-1,0,1,-1,-1,0,0,513,-1,-1,-1,-1,-1,-1,2,0,0,0,0,0,2,0,13,5,8,41.70000749,-87.60836492
0,386114,-1,30,0,0,0,1,10,5,4,0,0,0,0,-1,-1,1,18,-1,813,-1,-1,-1,-1,-1,-1,4,0,0,0,0,0,4,0,13,5,8,41.77860106,-87.73701852
-1,386108,-1,30,0,0,0,1,12,2,-1,0,0,0,1,-1,-1,-1,17,-1,1511,-1,-1,-1,-1,-1,-1,-1,-1,-1,-1,-1,-1,-1,-1,13,5,8,41.89158232,-87.76541489
0,386018,-1,30,0,0,0,1,12,2,-1,0,0,0,1,-1,-1,-1,17,-1,1511,-1,-1,-1,-1,-1,-1,2,0,0,0,0,0,3,0,13,5,8,41.89158232,-87.76541489
0,386172,-1,30,0,0,0,1,0,5,2,0,-1,-1,0,-1,-1,-1,20,20,1833,-1,-1,-1,-1,-1,-1,2,0,0,0,0,0,2,0,13,5,8,41.89668041,-87.62012822
0,386370,-1,30,0,0,0,1,10,2,-1,0,0,0,0,-1,-1,0,0,0,1614,-1,-1,-1,-1,-1,-1,2,0,0,0,0,0,2,0,13,5,8,41.97626545,-87.83676599
0,386145,-1,30,0,0,0,1,7,2,-1,0,0,0,0,-1,-1,1,0,0,623,-1,-1,-1,-1,-1,-1,2,0,0,0,0,0,1,0,13,5,8,41.75382289,-87.61516506
2,386100,-1,30,0,0,0,1,14,5,4,0,0,0,1,-1,-1,-1,17,0,712,-1,-1,-1,-1,-1,-1,2,1,0,0,1,0,5,0,13,5,8,41.78022981,-87.644945
0,386122,-1,30,1,2,0,1,10,5,-1,0,0,0,0,1,-1,-1,18,-1,624,-1,-1,-1,-1,-1,-1,2,0,0,0,0,0,2,0,13,5,8,41.75848489,-87.60553322
1,386088,-1,30,1,2,0,1,10,5,2,0,0,0,1,-1,-1,-1,8,16,323,-1,-1,-1,-1,-1,-1,2,6,0,0,0,6,3,0,13,5,8,41.75880352,-87.5962845
0,386238,-1,25,0,0,0,1,7,5,2,0,0,0,0,-1,-1,1,33,33,911,-1,-1,-1,-1,-1,-1,2,0,0,0,0,0,1,0,13,5,8,41.82804376,-87.70054546
0,386787,-1,5,0,0,0,1,0,7,-1,0,0,0,0,-1,1,-1,0,0,822,-1,-1,-1,-1,-1,-1,2,0,0,0,0,0,6,0,13,5,8,41.79932043,-87.72319071
0,386131,-1,30,0,0,0,1,7,7,-1,0,0,0,0,-1,1,-1,0,-1,934,-1,-1,-1,-1,-1,-1,2,0,0,0,0,0,1,0,13,5,8,41.80015397,-87.66459694
0,392858,1,15,0,0,0,1,7,6,1,0,0,0,0,-1,-1,1,0,0,1833,-1,-1,-1,-1,-1,-1,2,0,0,0,0,0,1,0,13,5,8,41.89772494,-87.62198929
0,387042,-1,15,0,0,0,1,2,0,1,0,0,0,0,-1,-1,-1,0,0,811,-1,-1,-1,-1,-1,-1,1,0,0,0,0,0,1,0,13,5,8,41.7916881,-87.78681829
1,386067,-1,25,0,0,0,1,8,6,-1,0,0,0,1,-1,-1,-1,11,-1,1214,-1,-1,-1,-1,-1,-1,2,1,0,0,0,1,1,0,13,5,8,41.8889245,-87.64869543
2,386059,-1,35,0,0,0,1,10,5,-1,0,0,0,1,-1,-1,-1,18,-1,2022,-1,-1,-1,-1,-1,-1,2,1,0,0,1,0,2,0,13,5,8,41.98648084,-87.65543244
0,386077,-1,30,0,-1,0,1,2,0,1,0,0,-1,0,-1,1,-1,25,14,2533,-1,-1,-1,-1,-1,-1,1,0,0,0,0,0,2,0,12,5,8,41.91692195,-87.73749169
0,386053,-1,30,1,2,0,1,10,5,2,0,0,0,0,-1,-1,-1,18,21,1723,-1,-1,-1,-1,-1,-1,2,0,0,0,0,0,3,0,12,5,8,41.96828936,-87.71359238
0,386164,-1,25,1,2,0,1,2,5,2,0,0,0,0,1,-1,-1,11,11,1522,-1,-1,-1,-1,-1,-1,1,0,0,0,0,0,2,0,12,5,8,41.87115312,-87.75493354
0,386039,-1,30,0,0,0,1,7,0,-1,0,0,0,0,-1,-1,1,0,0,1813,-1,-1,-1,-1,-1,-1,2,0,0,0,0,0,1,0,12,5,8,41.9134252,-87.64820488
0,386659,-1,30,0,0,0,1,12,5,-1,0,0,0,0,-1,-1,-1,22,22,431,-1,-1,-1,-1,-1,-1,2,0,0,0,0,0,2,0,12,5,8,41.70823124,-87.56324576
2,386191,-1,35,1,2,0,1,10,5,2,0,0,0,1,1,-1,-1,16,18,712,-1,-1,-1,-1,-1,-1,2,1,0,0,1,0,1,0,12,5,8,41.79373069,-87.65471665
0,386035,-1,30,0,0,0,1,5,5,-1,0,0,1,0,-1,-1,-1,29,29,323,-1,-1,-1,-1,-1,-1,1,0,0,0,0,0,1,0,12,5,8,41.76496202,-87.60569283
0,386024,-1,30,1,2,0,1,14,2,-1,0,0,0,0,1,-1,-1,0,0,1012,-1,-1,-1,-1,-1,-1,2,0,0,0,0,0,3,0,12,5,8,41.8515092,-87.73455933
0,386075,-1,30,1,2,0,1,12,5,4,0,0,0,0,1,-1,-1,0,-1,1215,-1,-1,-1,-1,-1,-1,2,0,0,0,0,0,3,0,12,5,8,41.89296105,-87.65756973
0,386042,-1,30,1,2,0,1,14,5,5,0,0,0,0,-1,-1,-1,17,-1,813,-1,-1,-1,-1,-1,-1,2,0,0,0,0,0,2,0,12,5,8,41.774923,-87.74232096
0,386011,-1,30,0,0,0,1,7,5,-1,0,0,0,1,-1,-1,-1,12,21,933,-1,-1,-1,-1,-1,-1,2,0,0,0,0,0,1,0,12,5,8,41.80630229,-87.66018978
0,385984,-1,15,0,0,0,1,0,7,-1,0,-1,0,0,-1,-1,-1,20,0,2512,-1,-1,-1,-1,-1,-1,2,0,0,0,0,0,2,0,12,5,8,41.92861951,-87.78577321
0,386132,-1,30,1,2,0,1,12,3,3,0,0,0,0,-1,-1,-1,21,0,324,-1,-1,-1,-1,-1,-1,2,0,0,0,0,0,2,0,12,5,8,41.76577687,-87.58576847
0,385983,-1,30,0,0,0,1,7,5,-1,0,0,0,0,-1,-1,-1,12,-1,1822,-1,-1,-1,-1,-1,-1,2,0,0,0,0,0,1,0,12,5,8,41.90800941,-87.64349109
1,386016,-1,30,1,2,0,1,14,2,3,0,0,0,1,1,-1,-1,0,-1,815,-1,-1,-1,-1,-1,-1,2,1,0,0,0,1,5,0,12,5,8,41.81510102,-87.72400523
0,392781,-1,30,0,0,0,1,7,2,-1,0,0,0,0,-1,-1,1,0,0,235,-1,-1,-1,-1,-1,-1,2,0,0,0,0,0,1,0,12,5,8,41.7950806,-87.5870477
0,386335,-1,30,0,0,0,1,7,7,-1,0,0,0,0,-1,-1,-1,-1,-1,121,-1,-1,-1,-1,-1,-1,2,0,0,0,0,0,1,0,12,5,8,41.88046315,-87.64080388
0,386076,-1,30,1,2,0,1,10,2,3,0,0,0,1,1,-1,-1,6,18,712,-1,-1,-1,-1,-1,-1,2,0,0,0,0,0,2,0,12,5,8,41.77985968,-87.64485278
0,386060,-1,30,0,0,0,1,0,0,-1,0,0,0,0,-1,-1,-1,20,0,1234,-1,-1,-1,-1,-1,-1,2,0,0,0,0,0,2,0,12,5,8,41.85400498,-87.68266744
0,386074,-1,30,0,0,0,1,12,5,2,0,0,0,0,-1,-1,-1,0,-1,1834,-1,-1,-1,-1,-1,-1,2,0,0,0,0,0,2,0,11,5,8,41.89112059,-87.6239887
0,385939,-1,30,0,0,0,1,7,1,1,0,0,0,1,-1,-1,-1,25,-1,1232,-1,-1,-1,-1,-1,-1,2,0,0,0,0,0,1,0,11,5,8,41.88165092,-87.64858507
0,385973,-1,30,1,2,0,1,14,5,6,0,0,0,0,1,-1,-1,17,16,1711,-1,-1,-1,-1,-1,-1,2,0,0,0,0,0,3,0,11,5,8,41.99025404,-87.71084203
0,387373,-1,30,0,0,-1,3,12,5,4,0,-1,-1,0,-1,-1,0,0,0,114,-1,-1,-1,-1,-1,-1,2,0,0,0,0,0,2,0,11,5,8,41.88843209,-87.62442469
0,385928,-1,10,0,0,0,1,0,7,-1,0,0,0,0,-1,-1,-1,17,17,735,-1,-1,-1,-1,-1,-1,2,0,0,0,0,0,2,0,11,5,8,41.76579077,-87.66396689
2,386923,-1,20,2,0,2,1,10,5,2,0,1,0,1,-1,-1,-1,15,34,212,-1,-1,-1,-1,-1,-1,2,1,0,0,1,0,1,0,11,5,8,41.82763459,-87.61346698
0,386481,-1,30,0,0,0,1,10,3,4,0,0,0,0,-1,-1,1,18,-1,114,-1,-1,-1,-1,-1,-1,2,0,0,0,0,0,5,0,11,5,8,41.87844452,-87.61705509
2,386300,-1,30,0,0,0,1,8,5,4,0,0,0,1,-1,-1,-1,-1,-1,2515,-1,-1,1,-1,-1,-1,2,1,0,0,1,0,0,0,11,5,8,41.92418218,-87.75882863
0,386118,-1,30,1,2,0,1,7,5,-1,0,0,0,0,1,-1,-1,0,0,911,-1,-1,-1,-1,-1,-1,3,0,0,0,0,0,1,0,11,5,8,41.83019254,-87.68488448
0,385952,-1,30,9,2,0,1,12,5,3,0,0,12,0,-1,-1,-1,17,22,1614,-1,-1,-1,1,2,-1,2,0,0,0,0,0,2,0,11,5,8,41.97663683,-87.83646853
0,385942,-1,30,0,0,0,1,14,5,2,0,0,0,0,-1,-1,1,18,-1,612,-1,-1,-1,-1,-1,-1,2,0,0,0,0,0,2,0,11,5,8,41.75734388,-87.65406438
0,385922,-1,15,-1,-1,0,1,7,7,-1,0,0,0,0,-1,-1,-1,27,0,2222,-1,1,-1,0,-1,-1,2,0,0,0,0,0,2,0,11,5,8,41.73393515,-87.65950954
0,385914,-1,35,2,2,0,1,10,5,-1,0,0,0,1,1,-1,1,5,23,821,-1,-1,-1,-1,-1,-1,3,0,0,0,0,0,3,0,11,5,8,41.81238619,-87.70679006
0,385935,-1,30,0,0,0,1,10,5,-1,0,0,0,0,-1,-1,1,18,0,1921,-1,-1,-1,-1,-1,-1,2,0,0,0,0,0,2,0,11,5,8,41.95291506,-87.68858157
0,402971,-1,30,0,0,0,1,5,7,2,0,0,0,0,-1,-1,1,25,-1,2411,-1,-1,-1,-1,-1,-1,1,0,0,0,0,0,1,0,11,5,8,42.01418398,-87.69037835
0,388814,1,25,0,0,0,1,12,2,-1,0,0,0,0,-1,-1,-1,-1,-1,2534,-1,-1,-1,-1,-1,-1,2,0,0,0,0,0,2,0,11,5,8,41.90264574,-87.73487963
0,386240,-1,30,1,2,0,1,10,2,-1,0,0,0,0,-1,-1,1,18,-1,1021,-1,-1,-1,-1,-1,-1,2,0,0,0,0,0,2,0,11,5,8,41.85481243,-87.71472979
0,386224,-1,30,0,0,0,1,10,5,2,0,0,0,0,-1,-1,-1,-1,-1,332,-1,-1,-1,-1,-1,-1,2,0,0,0,0,0,2,0,11,5,8,41.77336841,-87.57663855
2,385901,-1,30,12,2,0,1,10,2,-1,0,0,0,1,-1,-1,-1,18,-1,2033,-1,-1,-1,-1,-1,-1,2,1,0,0,1,0,1,0,11,5,8,41.9754754,-87.65969701
0,585873,-1,30,0,0,0,1,12,3,4,0,0,0,0,-1,-1,-1,17,-1,1214,-1,-1,-1,-1,-1,-1,2,0,0,0,0,0,3,0,10,5,8,41.89569212,-87.65494924
0,385897,-1,30,0,0,0,1,0,2,4,0,0,0,1,1,1,-1,33,-1,1711,-1,-1,-1,-1,-1,-1,2,0,0,0,0,0,2,0,10,5,8,41.99492128,-87.71498049
0,385993,-1,15,0,0,0,1,10,7,-1,0,0,0,0,-1,-1,-1,20,0,2011,-1,-1,-1,-1,-1,-1,2,0,0,0,0,0,2,0,10,5,8,41.98565732,-87.69919105
0,385857,-1,35,0,0,0,1,7,7,-1,0,0,0,0,-1,-1,1,20,0,223,-1,-1,-1,-1,-1,-1,2,0,0,0,0,0,1,0,10,5,8,41.80857717,-87.60669018
0,386841,-1,30,1,2,2,3,11,5,2,0,1,0,0,-1,-1,-1,21,0,1821,-1,-1,-1,-1,-1,-1,2,0,0,0,0,0,3,0,10,5,8,41.90632504,-87.64334142
0,385883,-1,30,12,12,0,1,12,12,-1,0,0,0,0,-1,-1,-1,11,0,131,-1,-1,-1,-1,-1,-1,2,0,0,0,0,0,2,0,10,5,8,41.86041579,-87.62552074
0,385866,-1,30,1,2,0,1,10,5,-1,0,0,0,0,-1,-1,1,0,0,1915,-1,-1,-1,-1,-1,-1,2,0,0,0,0,0,3,0,10,5,8,41.95474034,-87.64564204
0,385979,-1,10,0,0,0,1,7,0,1,0,0,-1,0,-1,-1,1,0,-1,1713,-1,-1,-1,-1,-1,-1,2,0,0,0,0,0,1,0,10,5,8,41.96681614,-87.71072448
0,385818,-1,30,0,0,0,1,14,5,2,0,0,0,0,1,-1,-1,17,11,1722,-1,-1,-1,-1,-1,-1,2,0,0,0,0,0,3,0,10,5,8,41.96660997,-87.73773555
0,386410,-1,20,0,0,0,1,7,2,-1,0,0,-1,0,-1,-1,1,0,0,2433,-1,-1,-1,-1,-1,-1,2,0,0,0,0,0,1,0,10,5,8,41.99708065,-87.66061649
0,385836,-1,30,0,0,0,1,12,5,-1,0,0,0,0,-1,-1,1,22,22,1522,-1,-1,-1,-1,-1,-1,2,0,0,0,0,0,2,0,10,5,8,41.88012219,-87.7647158
0,285830,-1,30,0,0,0,1,14,5,4,0,0,0,1,-1,-1,-1,33,0,911,-1,-1,-1,-1,-1,-1,2,0,0,0,0,0,2,0,10,5,8,41.82888799,-87.69463749
0,385811,-1,30,0,0,0,1,14,2,2,0,0,0,1,1,-1,-1,17,-1,1215,-1,0,-1,-1,-1,-1,2,0,0,0,0,0,2,0,9,5,8,41.88551896,-87.66276603
0,386038,-1,30,0,0,0,1,7,6,-1,0,0,0,0,-1,-1,1,20,-1,924,-1,-1,-1,-1,-1,-1,2,0,0,0,0,0,1,0,9,5,8,41.8097569,-87.6721446
0,392171,-1,30,1,2,0,1,10,5,-1,0,0,0,0,-1,-1,-1,18,-1,1633,-1,-1,-1,-1,-1,-1,2,0,0,0,0,0,2,0,9,5,8,41.94945558,-87.77679089
0,386043,-1,30,0,0,0,1,10,5,-1,0,0,0,0,-1,-1,-1,18,25,2523,-1,-1,-1,-1,-1,-1,2,0,0,0,0,0,2,0,9,5,8,41.9360269,-87.72724297
0,385852,-1,30,0,0,0,1,7,7,2,0,0,0,0,-1,-1,-1,17,17,131,-1,-1,-1,-1,-1,-1,2,0,0,0,0,0,1,0,9,5,8,41.8529925,-87.63022012
2,385796,-1,30,0,0,0,1,12,5,2,0,0,0,1,-1,-1,-1,-1,-1,1014,-1,-1,-1,-1,-1,-1,2,1,0,0,1,0,3,0,9,5,8,41.85171143,-87.7204523
0,385765,-1,30,0,0,0,1,7,5,1,0,0,0,0,-1,-1,-1,0,-1,2525,-1,-1,-1,-1,-1,-1,2,0,0,0,0,0,1,0,9,5,8,41.92078109,-87.72119643
0,386163,-1,30,0,0,0,1,7,2,2,0,0,0,0,-1,-1,-1,11,-1,123,-1,-1,-1,-1,-1,-1,2,0,0,0,0,0,1,0,9,5,8,41.87208635,-87.63371847