MOST_SEVERE_INJURY,RD_NO,CRASH_DATE_EST_I,POSTED_SPEED_LIMIT,TRAFFIC_CONTROL_DEVICE,DEVICE_CONDITION,WEATHER_CONDITION,LIGHTING_CONDITION,FIRST_CRASH_TYPE,TRAFFICWAY_TYPE,LANE_CNT,ALIGNMENT,ROADWAY_SURFACE_COND,ROAD_DEFECT,CRASH_TYPE,INTERSECTION_RELATED_I,NOT_RIGHT_OF_WAY_I,HIT_AND_RUN_I,PRIM_CONTRIBUTORY_CAUSE,SEC_CONTRIBUTORY_CAUSE,BEAT_OF_OCCURRENCE,PHOTOS_TAKEN_I,STATEMENTS_TAKEN_I,DOORING_I,WORK_ZONE_I,WORK_ZONE_TYPE,WORKERS_PRESENT_I,NUM_UNITS,INJURIES_TOTAL,INJURIES_FATAL,INJURIES_INCAPACITATING,INJURIES_NON_INCAPACITATING,INJURIES_REPORTED_NOT_EVIDENT,INJURIES_NO_INDICATION,INJURIES_UNKNOWN,CRASH_HOUR,CRASH_DAY_OF_WEEK,CRASH_MONTH,LATITUDE,LONGITUDE
0,386250,-1,25,2,-1,0,1,10,3,4,0,0,0,0,-1,-1,1,18,0,2233,-1,-1,-1,-1,-1,-1,2,0,0,0,0,0,2,0,9,5,8,41.70307278,-87.64286085
0,386642,-1,30,0,0,0,1,7,2,-1,0,0,-1,0,-1,-1,-1,0,0,1823,-1,-1,-1,-1,-1,-1,2,0,0,0,0,0,1,0,9,5,8,41.89663375,-87.63435134
0,385909,-1,30,0,0,0,1,7,5,4,0,0,0,0,-1,-1,-1,16,22,121,-1,-1,-1,-1,-1,-1,2,0,0,0,0,0,1,0,8,5,8,41.88437193,-87.64141851
0,385739,-1,30,0,0,0,1,7,5,-1,0,-1,-1,0,-1,-1,-1,20,-1,431,-1,-1,-1,-1,-1,-1,2,0,0,0,0,0,1,0,8,5,8,41.71592907,-87.55635294
1,385730,1,30,1,2,0,1,14,5,4,0,0,0,1,-1,-1,-1,0,0,511,-1,-1,-1,-1,-1,-1,2,1,0,0,0,1,1,0,8,5,8,41.72163584,-87.62073201
2,385732,-1,25,0,0,0,1,7,5,-1,0,0,0,1,-1,-1,-1,27,-1,1221,-1,-1,-1,-1,-1,-1,2,1,0,0,1,0,0,0,8,5,8,41.8956504,-87.68580581
0,385741,-1,30,0,0,0,1,12,6,-1,0,0,0,0,-1,-1,-1,0,0,121,-1,-1,-1,-1,-1,-1,2,0,0,0,0,0,4,0,8,5,8,41.88374087,-87.64139865
0,385744,-1,30,1,2,0,1,12,6,4,0,0,0,0,1,-1,-1,0,-1,121,-1,-1,-1,-1,-1,-1,2,0,0,0,0,0,2,0,8,5,8,41.88462153,-87.64288558
0,385717,-1,25,1,2,0,1,12,6,-1,0,0,0,0,-1,-1,-1,0,18,1832,-1,-1,-1,-1,-1,-1,2,0,0,0,0,0,2,0,8,5,8,41.8933259,-87.63212667
0,385721,-1,30,1,2,0,1,14,3,5,0,0,0,1,1,-1,-1,17,-1,1231,-1,-1,-1,-1,-1,-1,2,0,0,0,0,0,2,0,8,5,8,41.8751259,-87.66677177
0,385707,-1,30,1,2,0,1,14,2,2,0,0,0,1,1,-1,-1,17,-1,1533,-1,-1,-1,-1,-1,-1,2,0,0,0,0,0,2,0,8,5,8,41.88161032,-87.75272636
0,385726,-1,30,0,0,0,1,7,5,2,0,0,0,0,-1,-1,-1,0,-1,911,-1,-1,-1,-1,-1,-1,2,0,0,0,0,0,2,0,8,5,8,41.82442324,-87.7104675
0,386201,-1,20,0,0,0,-1,7,6,-1,0,0,-1,0,-1,-1,-1,0,-1,1623,-1,-1,-1,-1,-1,-1,2,0,0,0,0,0,1,0,8,5,8,41.96318935,-87.76546018
0,385859,-1,30,0,0,0,1,7,2,2,0,0,0,0,-1,-1,1,-1,-1,2514,-1,-1,-1,-1,-1,-1,2,0,0,0,0,0,1,0,8,5,8,41.93139829,-87.76393979
0,385696,-1,30,0,0,0,1,14,1,4,0,0,0,0,-1,-1,-1,17,17,131,-1,-1,-1,-1,-1,-1,2,0,0,0,0,0,2,0,7,5,8,41.85301339,-87.62823221
0,385715,-1,45,1,2,0,1,14,1,-1,0,0,0,0,1,-1,-1,22,0,2022,-1,-1,-1,-1,-1,-1,2,0,0,0,0,0,2,0,7,5,8,41.98392047,-87.65514854
0,386597,-1,30,0,0,0,1,12,5,-1,0,0,-1,0,-1,-1,-1,0,0,1031,-1,-1,-1,-1,-1,-1,2,0,0,0,0,0,2,0,7,5,8,41.82194483,-87.7436766
0,336223,-1,30,0,0,0,1,2,5,-1,0,0,0,1,-1,-1,1,0,0,1014,-1,-1,-1,-1,-1,-1,1,0,0,0,0,0,1,0,7,5,8,41.85173994,-87.71786149
0,385724,-1,30,0,0,0,1,12,6,4,0,0,0,0,-1,-1,-1,17,17,213,-1,-1,-1,-1,-1,-1,2,0,0,0,0,0,2,0,7,5,8,41.8309351,-87.62997531
0,385694,-1,30,1,2,0,1,14,6,3,0,0,0,0,1,-1,-1,21,0,213,-1,-1,-1,-1,-1,-1,2,0,0,0,0,0,3,0,7,5,8,41.8309351,-87.62997531
0,385687,-1,30,1,2,0,1,10,5,2,0,0,0,0,-1,-1,-1,7,18,312,-1,-1,-1,-1,-1,-1,2,0,0,0,0,0,3,0,7,5,8,41.78029472,-87.60623201
4,385680,-1,30,1,2,0,1,8,2,0,0,0,0,1,1,-1,-1,17,7,1232,-1,1,-1,-1,-1,-1,2,1,1,0,0,0,1,0,7,5,8,41.88167803,-87.64672119
3,385698,-1,10,0,3,0,1,7,0,1,0,0,0,1,-1,-1,1,25,20,1022,-1,-1,-1,-1,-1,-1,2,1,0,1,0,0,2,0,7,5,8,41.85669113,-87.70646506
-1,386648,-1,30,0,0,1,4,5,6,1,0,0,0,0,-1,-1,-1,0,-1,2532,-1,-1,-1,-1,-1,-1,1,-1,-1,-1,-1,-1,-1,-1,6,5,8,41.90771067,-87.76295834
1,385659,-1,30,2,2,0,1,14,5,2,0,0,0,1,1,-1,-1,17,11,433,-1,-1,-1,-1,-1,-1,2,1,0,0,0,1,1,0,6,5,8,41.65173196,-87.53860921
2,385660,-1,30,1,2,0,1,3,5,-1,0,0,0,1,1,-1,-1,17,17,1925,-1,-1,-1,-1,-1,-1,2,1,0,0,1,0,1,0,6,5,8,41.9473567,-87.64743914
0,385665,-1,30,0,0,0,2,0,5,1,0,0,0,1,1,-1,1,17,0,2534,-1,-1,-1,-1,-1,-1,2,0,0,0,0,0,2,0,6,5,8,41.90835732,-87.73245381
0,385653,-1,30,1,2,0,2,14,12,-1,0,0,0,0,1,-1,-1,33,17,921,-1,-1,-1,-1,-1,-1,2,0,0,0,0,0,2,0,6,5,8,41.82296363,-87.68438479
1,385681,-1,30,1,2,0,1,14,2,4,0,0,0,1,1,-1,-1,0,-1,813,-1,-1,-1,-1,-1,-1,2,2,0,0,0,2,1,0,6,5,8,41.77853807,-87.74235588
0,385750,1,15,0,0,0,-1,2,0,1,0,0,0,0,-1,1,1,0,-1,1121,-1,-1,-1,-1,-1,-1,1,0,0,0,0,0,1,0,6,5,8,41.89089001,-87.71510573
0,386351,0,30,0,0,0,1,7,5,-1,0,0,0,0,-1,-1,1,0,-1,1811,-1,-1,-1,-1,-1,-1,2,0,0,0,0,0,1,0,5,5,8,41.92153507,-87.66028623
0,385662,-1,30,0,0,0,3,2,5,2,2,0,0,1,-1,1,-1,3,-1,1135,-1,-1,-1,-1,-1,-1,1,0,0,0,0,0,1,0,5,5,8,41.87373588,-87.69076377
0,387022,-1,30,0,0,2,3,2,0,1,0,1,0,0,-1,-1,-1,23,34,1233,-1,-1,-1,-1,-1,-1,1,0,0,0,0,0,2,0,5,5,8,41.86653633,-87.66623541
0,385636,-1,30,1,2,0,3,2,8,1,3,0,0,1,-1,-1,1,0,0,114,-1,-1,-1,-1,-1,-1,1,0,0,0,0,0,1,0,4,5,8,41.87826558,-87.6208223
0,385597,-1,25,2,0,0,3,7,6,1,0,0,0,1,-1,-1,1,-1,-1,2515,-1,-1,-1,-1,-1,-1,2,0,0,0,0,0,1,0,3,5,8,41.92585831,-87.7722848
0,385593,-1,30,1,2,0,3,0,5,2,0,0,0,1,1,-1,-1,6,16,312,-1,-1,-1,-1,-1,-1,2,0,0,0,0,0,2,0,2,5,8,41.78031747,-87.60607456
0,385692,-1,30,0,0,0,3,7,6,1,0,0,0,0,-1,-1,-1,0,21,2011,-1,-1,-1,-1,-1,-1,3,0,0,0,0,0,1,0,1,5,8,41.98376733,-87.70053865
0,386268,1,30,0,0,0,0,2,12,1,0,0,0,0,-1,-1,-1,-1,-1,711,-1,-1,-1,-1,-1,-1,1,0,0,0,0,0,1,0,1,5,8,41.7834194,-87.64022592
0,385562,-1,30,1,2,0,0,10,5,2,0,0,0,0,-1,-1,1,18,0,1513,-1,-1,-1,-1,-1,-1,2,0,0,0,0,0,2,0,0,5,8,41.8701072,-87.76457143
0,385585,1,30,0,0,0,3,7,5,1,0,0,0,0,-1,-1,1,0,0,1031,-1,-1,-1,-1,-1,-1,3,0,0,0,0,0,1,0,0,5,8,41.83985975,-87.73675533
0,385537,-1,35,0,0,0,3,14,5,2,0,0,0,0,-1,-1,-1,22,18,612,-1,1,-1,-1,-1,-1,2,0,0,0,0,0,4,0,0,5,8,41.75616236,-87.65511386
2,385532,-1,35,1,2,0,3,0,5,2,0,0,0,1,1,-1,-1,17,17,612,-1,0,-1,-1,-1,-1,2,4,0,0,4,0,0,0,0,5,8,41.75060652,-87.65379975
0,385536,-1,30,2,2,0,3,14,5,2,0,0,0,0,1,-1,-1,0,-1,434,-1,-1,-1,-1,-1,-1,2,0,0,0,0,0,2,0,0,5,8,41.70630772,-87.55979092
2,385518,-1,30,0,0,0,3,12,5,1,0,0,0,1,-1,-1,-1,21,0,911,-1,-1,-1,-1,-1,-1,2,1,0,0,1,0,1,0,23,4,8,41.83366786,-87.69507235
2,385517,-1,30,2,2,0,3,7,6,1,0,0,0,1,-1,-1,-1,-1,0,833,-1,-1,-1,-1,-1,-1,3,1,0,0,1,0,0,0,23,4,8,41.77374456,-87.72644224
0,385515,-1,30,1,2,0,3,14,1,-1,0,0,0,0,1,-1,1,6,16,1014,-1,1,-1,-1,-1,-1,2,0,0,0,0,0,2,0,23,4,8,41.8588809,-87.71535134
0,385488,-1,30,1,-1,0,0,10,2,-1,0,0,0,0,-1,-1,-1,0,0,1723,-1,-1,-1,-1,-1,-1,2,0,0,0,0,0,5,0,23,4,8,41.95375843,-87.72755892
2,385470,-1,30,1,2,0,3,14,5,2,0,0,0,1,1,-1,-1,17,-1,321,-1,-1,-1,-1,-1,-1,2,4,0,0,4,0,0,0,22,4,8,41.77528435,-87.58641775
0,385461,-1,30,0,0,0,3,7,5,2,0,0,0,1,-1,-1,-1,12,-1,1711,-1,-1,-1,-1,-1,-1,2,0,0,0,0,0,1,0,22,4,8,41.99719976,-87.71422302
0,385526,-1,30,1,2,0,3,0,3,4,0,0,-1,0,1,-1,1,17,17,114,-1,-1,-1,-1,-1,-1,2,0,0,0,0,0,2,0,22,4,8,41.88775834,-87.62053742
0,385469,-1,30,1,2,0,3,10,2,2,0,0,3,0,-1,-1,-1,19,11,2432,-1,-1,-1,-1,-1,-1,2,0,0,0,0,0,2,0,22,4,8,42.00530265,-87.66822022
0,385465,-1,30,2,2,0,3,0,6,2,0,0,0,0,1,-1,-1,17,0,1834,-1,-1,-1,-1,-1,-1,2,0,0,0,0,0,2,0,22,4,8,41.89480617,-87.62573611
0,385456,-1,30,0,0,0,3,7,5,2,0,0,0,1,-1,-1,-1,0,0,2213,-1,-1,-1,-1,-1,-1,2,0,0,0,0,0,3,0,22,4,8,41.70838204,-87.66286183
0,385435,-1,30,2,2,0,3,10,5,4,0,0,0,0,1,-1,-1,18,-1,1214,1,-1,-1,-1,-1,-1,2,0,0,0,0,0,2,0,22,4,8,41.88572152,-87.64439131
0,385451,-1,25,0,0,0,3,12,6,1,0,0,0,0,-1,-1,-1,7,25,1924,-1,-1,-1,-1,-1,-1,2,0,0,0,0,0,6,0,22,4,8,41.94333586,-87.66221428
2,385448,-1,30,3,2,0,3,12,12,4,0,0,0,1,-1,-1,-1,4,15,1114,-1,-1,-1,-1,-1,-1,2,1,0,0,1,0,1,0,22,4,8,41.88590712,-87.73167736
0,386525,-1,10,0,0,0,3,7,7,-1,0,0,0,0,-1,-1,-1,20,-1,1233,-1,-1,-1,-1,-1,-1,2,0,0,0,0,0,2,0,22,4,8,41.85644456,-87.66219444
0,386245,-1,20,0,0,0,1,7,5,2,0,0,0,0,-1,-1,1,11,0,834,-1,-1,-1,-1,-1,-1,2,0,0,0,0,0,1,0,22,4,8,41.73689031,-87.71598599
0,385462,-1,30,2,2,0,3,3,5,2,0,0,0,1,1,-1,1,0,10,432,-1,-1,-1,-1,-1,-1,2,0,0,0,0,0,2,0,22,4,8,41.7081243,-87.53664299
0,385453,-1,30,2,2,0,3,10,5,2,0,0,0,0,-1,-1,-1,0,-1,2523,-1,-1,-1,-1,-1,-1,2,0,0,0,0,0,2,0,22,4,8,41.93180272,-87.73440883
3,384417,-1,30,1,1,0,3,14,2,2,0,0,0,1,-1,-1,-1,17,23,621,-1,-1,-1,-1,-1,-1,2,1,0,1,0,0,5,0,21,4,8,41.7503276,-87.64388932
0,385455,-1,35,1,2,0,3,10,5,4,0,0,0,0,1,-1,-1,18,-1,114,-1,-1,-1,-1,-1,-1,2,0,0,0,0,0,3,0,21,4,8,41.8809852,-87.62062875
0,385430,-1,30,0,0,0,3,10,5,-1,0,0,0,0,-1,-1,-1,18,-1,1723,-1,-1,-1,-1,-1,-1,2,0,0,0,0,0,4,0,21,4,8,41.95391177,-87.71673108
0,385427,-1,30,0,0,0,3,7,3,4,0,0,0,0,-1,-1,1,22,-1,122,-1,-1,-1,-1,-1,-1,2,0,0,0,0,0,1,0,21,4,8,41.8803341,-87.63658024
1,385401,-1,30,0,0,0,3,10,2,-1,0,0,0,1,-1,0,-1,18,-1,1614,-1,-1,-1,-1,-1,-1,2,1,0,0,0,1,1,0,21,4,8,41.97730594,-87.83646381
0,385369,-1,30,1,2,0,0,8,6,3,0,0,0,0,-1,-1,-1,4,-1,1832,-1,-1,-1,-1,-1,-1,2,0,0,0,0,0,2,0,21,4,8,41.89660432,-87.62992077
0,386504,1,30,1,2,0,4,14,5,2,0,0,0,0,-1,-1,-1,3,-1,2512,-1,-1,-1,-1,-1,-1,2,0,0,0,0,0,3,0,21,4,8,41.92388497,-87.80619241
0,386113,1,30,0,0,0,3,7,5,-1,0,0,0,0,-1,-1,-1,18,-1,1914,-1,-1,-1,-1,-1,-1,2,0,0,0,0,0,1,0,21,4,8,41.96282041,-87.64726275
0,385428,-1,30,0,0,0,3,0,2,2,0,0,0,0,-1,-1,-1,0,0,2512,-1,-1,-1,-1,-1,-1,2,0,0,0,0,0,2,0,21,4,8,41.92244236,-87.78525782
0,385393,-1,30,0,0,0,0,12,12,2,0,0,-1,0,-1,-1,-1,0,0,2012,-1,-1,-1,-1,-1,-1,2,0,0,0,0,0,3,0,20,4,8,41.99052334,-87.67191267
1,385355,-1,30,0,0,0,2,8,2,-1,0,0,0,1,-1,-1,-1,0,-1,1733,-1,-1,1,-1,-1,-1,2,1,0,0,0,1,0,0,20,4,8,41.95070483,-87.7126629
0,385382,-1,30,0,0,0,3,7,2,2,0,0,0,0,-1,-1,-1,0,0,715,-1,-1,-1,-1,-1,-1,2,0,0,0,0,0,1,0,20,4,8,41.79095417,-87.67314807
0,389321,-1,15,0,0,0,3,7,7,-1,0,0,0,0,-1,-1,-1,0,0,1731,-1,-1,-1,-1,-1,-1,2,0,0,0,0,0,1,0,20,4,8,41.94238351,-87.72901086
0,385344,-1,35,0,0,0,0,12,3,4,2,0,0,0,-1,-1,-1,0,-1,1831,-1,-1,-1,-1,-1,-1,2,0,0,0,0,0,2,0,20,4,8,41.89325077,-87.63755569
0,385297,-1,30,0,0,0,1,7,5,1,0,0,0,0,-1,-1,-1,27,20,2222,-1,-1,-1,-1,-1,-1,2,0,0,0,0,0,1,0,20,4,8,41.73592825,-87.64713587
0,385359,-1,30,2,2,0,4,10,5,2,0,0,0,0,-1,-1,-1,0,0,2424,-1,-1,-1,-1,-1,-1,2,0,0,0,0,0,2,0,19,4,8,42.01937421,-87.68457115
0,385296,-1,30,0,0,0,1,7,6,1,0,0,0,1,-1,-1,1,15,16,2223,-1,-1,-1,-1,-1,-1,6,0,0,0,0,0,2,0,19,4,8,41.7295675,-87.63993596
0,386636,-1,30,0,0,0,4,12,5,-1,0,0,0,0,-1,-1,1,0,-1,1431,-1,-1,-1,-1,-1,-1,2,0,0,0,0,0,2,0,19,4,8,41.92179534,-87.69578194
0,385249,-1,30,0,0,0,1,14,5,-1,0,-1,-1,0,-1,-1,-1,17,-1,924,-1,-1,-1,-1,-1,-1,2,0,0,0,0,0,4,0,19,4,8,41.80866641,-87.66989052
0,385275,-1,30,0,0,0,4,10,5,2,0,0,0,0,-1,-1,1,18,18,2233,-1,-1,-1,-1,-1,-1,2,0,0,0,0,0,2,0,19,4,8,41.69954742,-87.64275192
0,385790,-1,30,1,2,0,1,14,2,-1,0,1,0,0,-1,-1,-1,11,0,1232,-1,-1,-1,-1,-1,-1,2,0,0,0,0,0,2,0,19,4,8,41.87912604,-87.65691409
0,385241,-1,30,0,0,0,1,10,5,2,0,0,0,0,-1,-1,-1,0,0,1821,-1,-1,-1,-1,-1,-1,2,0,0,0,0,0,2,0,19,4,8,41.90577338,-87.6346913
0,385238,-1,30,2,2,0,1,9,5,-1,0,0,0,0,-1,-1,-1,0,0,1224,-1,-1,-1,-1,-1,-1,2,0,0,0,0,0,2,0,19,4,8,41.88472829,-87.65869396
3,385210,-1,30,0,-1,0,1,14,5,2,0,0,0,1,1,-1,-1,-1,-1,2232,-1,-1,-1,-1,-1,-1,2,1,0,1,0,0,2,0,19,4,8,41.70693203,-87.63812236
0,386635,-1,30,1,2,0,1,10,5,-1,0,0,-1,0,-1,-1,-1,18,-1,2511,-1,-1,-1,-1,-1,-1,2,0,0,0,0,0,2,0,19,4,8,41.93530686,-87.77625525
2,385583,-1,30,1,2,0,1,9,5,3,0,0,0,1,1,-1,1,0,0,2413,-1,-1,-1,-1,-1,-1,2,1,0,0,1,0,1,0,19,4,8,41.99078621,-87.67976037
0,385309,-1,5,0,0,0,1,9,7,-1,0,0,0,0,-1,-1,-1,0,0,2233,-1,-1,-1,-1,-1,-1,2,0,0,0,0,0,5,0,19,4,8,41.69984693,-87.6424673
0,385246,-1,30,0,0,0,1,14,5,-1,0,0,0,0,-1,-1,-1,21,21,531,-1,-1,-1,-1,-1,-1,2,0,0,0,0,0,2,0,19,4,8,41.69255566,-87.61842881
0,385225,-1,30,0,0,-1,-1,7,5,2,0,-1,0,0,-1,-1,1,0,0,2432,-1,-1,-1,-1,-1,-1,2,0,0,0,0,0,1,0,18,4,8,42.00203864,-87.66367109
0,385295,-1,30,0,0,0,1,10,5,-1,0,0,0,0,-1,-1,-1,18,-1,322,-1,-1,-1,-1,-1,-1,2,0,0,0,0,0,6,0,18,4,8,41.77268886,-87.62394105
0,385234,-1,30,0,0,0,1,7,6,1,0,0,0,1,-1,-1,1,0,0,1132,-1,-1,-1,-1,-1,-1,2,0,0,0,0,0,1,0,18,4,8,41.87152122,-87.7250928
0,385208,-1,30,0,0,0,1,12,3,2,0,0,0,0,-1,-1,-1,0,0,1512,-1,-1,-1,-1,-1,-1,2,0,0,0,0,0,3,0,18,4,8,41.88620262,-87.77470583
0,385279,-1,30,0,0,0,-1,7,5,-1,0,0,-1,0,-1,-1,-1,22,-1,1834,-1,-1,-1,-1,-1,-1,2,0,0,0,0,0,1,0,18,4,8,41.89308935,-87.62797216
0,385273,-1,30,2,0,0,1,0,2,-1,2,0,-1,0,1,-1,-1,25,0,213,-1,-1,-1,-1,-1,-1,2,0,0,0,0,0,2,0,18,4,8,41.82312438,-87.62334949
1,385215,-1,30,1,2,0,1,10,2,2,0,0,0,1,-1,-1,-1,18,-1,1212,-1,-1,-1,-1,-1,-1,2,1,0,0,0,1,1,0,18,4,8,41.89605948,-87.67467547
0,385194,-1,30,1,-1,0,4,10,5,2,0,-1,-1,0,1,-1,-1,0,0,1713,-1,-1,-1,-1,-1,-1,2,0,0,0,0,0,2,0,18,4,8,41.97036095,-87.70867746
0,386631,-1,30,1,2,0,1,10,5,4,2,0,0,0,1,-1,1,16,-1,634,-1,-1,-1,-1,-1,-1,2,0,0,0,0,0,4,0,18,4,8,41.73602102,-87.62914433
0,385207,-1,30,0,0,0,1,14,5,-1,0,0,0,0,1,-1,-1,0,-1,333,-1,-1,-1,-1,-1,-1,2,0,0,0,0,0,2,0,18,4,8,41.75902758,-87.57260822
0,385205,-1,30,0,0,0,1,11,5,2,0,0,0,0,-1,-1,-1,17,-1,1633,-1,-1,-1,-1,-1,-1,2,0,0,0,0,0,2,0,18,4,8,41.95310652,-87.76441081
0,386390,-1,30,0,0,0,1,12,5,-1,0,0,0,0,-1,-1,-1,17,0,2512,-1,-1,-1,-1,-1,-1,2,0,0,0,0,0,2,0,18,4,8,41.92408771,-87.79511063
0,385146,-1,35,1,2,0,1,10,3,6,0,0,-1,0,-1,-1,1,25,-1,324,-1,-1,-1,-1,-1,-1,2,0,0,0,0,0,2,0,18,4,8,41.76327214,-87.58639786
0,385245,-1,30,0,0,0,1,14,0,1,0,0,0,1,1,-1,1,17,25,735,-1,-1,-1,-1,-1,-1,2,0,0,0,0,0,5,0,18,4,8,41.75951321,-87.66624981
0,386347,-1,30,0,0,0,1,2,0,-1,0,0,0,0,-1,-1,-1,0,-1,1713,-1,-1,-1,-1,-1,-1,1,0,0,0,0,0,1,0,18,4,8,41.97163735,-87.70475517
1,385158,-1,30,1,0,0,1,10,2,2,0,0,0,1,-1,-1,-1,16,18,2213,-1,-1,-1,-1,-1,-1,2,2,0,0,0,2,3,0,18,4,8,41.72111957,-87.66077533
0,385230,-1,30,1,2,0,1,12,5,2,0,0,0,0,-1,-1,-1,0,0,2514,-1,-1,-1,-1,-1,-1,3,0,0,0,0,0,2,0,18,4,8,41.93155862,-87.75657409
0,395098,-1,40,1,2,2,1,4,6,2,0,1,1,0,-1,-1,-1,0,-1,114,-1,-1,-1,-1,-1,-1,1,0,0,0,0,0,1,0,18,4,8,41.88434876,-87.61454978
0,387912,1,20,0,-1,-1,-1,7,5,2,0,-1,0,0,-1,-1,1,0,11,1923,-1,-1,-1,-1,-1,-1,2,0,0,0,0,0,1,0,18,4,8,41.94900628,-87.66359025
0,386621,-1,20,0,0,0,1,7,5,2,0,-1,-1,0,-1,-1,1,0,21,915,-1,-1,-1,-1,-1,-1,2,0,0,0,0,0,1,0,18,4,8,41.82897914,-87.63281233
0,386242,-1,25,0,0,0,1,7,5,-1,0,0,0,0,-1,-1,1,-1,-1,2211,-1,-1,-1,-1,-1,-1,2,0,0,0,0,0,1,0,18,4,8,41.70356454,-87.70261008
0,385197,-1,20,0,0,0,1,7,6,3,1,0,12,1,-1,-1,-1,11,8,413,-1,-1,-1,-1,-1,-1,2,0,0,0,0,0,1,0,18,4,8,41.7295192,-87.57417403
2,385184,-1,35,0,0,0,1,10,2,-1,0,0,0,1,1,-1,-1,18,0,2211,-1,-1,-1,-1,-1,-1,2,1,0,0,1,0,1,0,18,4,8,41.70247704,-87.70136187
0,385154,-1,15,0,0,0,4,0,7,2,0,0,0,0,-1,-1,-1,0,0,312,-1,-1,-1,-1,-1,-1,2,0,0,0,0,0,4,0,18,4,8,41.77583409,-87.61566246
0,385165,-1,30,-1,-1,0,1,12,5,4,0,0,0,0,-1,-1,-1,0,0,1531,-1,-1,-1,-1,-1,-1,2,0,0,0,0,0,2,0,17,4,8,41.89507537,-87.75058558
0,385264,-1,30,1,-1,0,4,10,5,2,0,-1,-1,0,1,-1,-1,18,0,1711,-1,-1,-1,-1,-1,-1,2,0,0,0,0,0,2,0,17,4,8,41.99016092,-87.72879075
0,385227,-1,30,0,-1,0,1,12,5,4,0,0,-1,0,-1,-1,1,0,0,1813,-1,-1,-1,-1,-1,-1,2,0,0,0,0,0,2,0,17,4,8,41.91121272,-87.63938437
0,385201,-1,30,0,0,0,1,10,5,-1,0,0,0,0,-1,-1,-1,0,-1,2413,-1,-1,-1,-1,-1,-1,2,0,0,0,0,0,4,0,17,4,8,41.99056474,-87.69719667
0,386426,-1,30,0,0,0,1,12,5,2,0,0,0,0,-1,-1,-1,0,-1,1413,-1,-1,-1,-1,-1,-1,2,0,0,0,0,0,2,0,17,4,8,41.92474633,-87.71433097
0,385247,-1,30,0,0,0,1,12,2,4,0,0,0,0,-1,-1,-1,17,11,921,-1,-1,-1,-1,-1,-1,2,0,0,0,0,0,2,0,17,4,8,41.82295429,-87.68501299
0,385149,-1,30,0,0,0,1,7,7,4,0,0,0,0,-1,-1,-1,20,20,234,-1,-1,-1,-1,-1,-1,2,0,0,0,0,0,1,0,17,4,8,41.79530124,-87.5882259
0,385126,-1,30,1,2,0,1,10,5,-1,0,0,0,0,-1,-1,-1,0,-1,1411,-1,-1,-1,-1,-1,-1,2,0,0,0,0,0,2,0,17,4,8,41.93220575,-87.6972115
1,414120,-1,30,0,0,0,1,10,5,2,0,0,0,1,-1,-1,-1,18,18,322,-1,-1,-1,-1,-1,-1,2,1,0,0,0,1,1,0,17,4,8,41.77268886,-87.62394105
0,385104,-1,30,2,2,0,1,14,2,4,0,0,0,0,-1,-1,1,0,0,2212,-1,-1,-1,-1,-1,-1,2,0,0,0,0,0,2,0,17,4,8,41.69723821,-87.6814748
0,388855,-1,30,0,0,0,1,12,5,-1,0,0,0,0,-1,-1,-1,17,-1,2534,-1,-1,-1,-1,-1,-1,2,0,0,0,0,0,3,0,17,4,8,41.90987703,-87.7354854
0,386553,-1,30,2,2,0,1,14,12,-1,0,0,0,0,-1,-1,-1,17,17,1713,-1,-1,-1,-1,-1,-1,2,0,0,0,0,0,2,0,17,4,8,41.96853854,-87.71098423
0,385087,-1,30,0,0,0,1,0,5,4,0,0,0,0,-1,-1,-1,16,11,821,-1,-1,-1,-1,-1,-1,2,0,0,0,0,0,2,0,17,4,8,41.80799778,-87.72318866
0,385131,-1,35,1,2,0,1,8,12,0,0,0,0,0,1,-1,-1,17,-1,1213,-1,-1,-1,-1,-1,-1,2,0,0,0,0,0,2,0,17,4,8,41.8962188,-87.6556039
0,385098,-1,30,1,2,0,1,10,2,2,0,0,0,0,-1,-1,1,18,11,213,-1,-1,-1,-1,-1,-1,2,0,0,0,0,0,8,0,17,4,8,41.81664751,-87.62311549
1,385015,-1,30,0,0,0,1,10,5,4,0,-1,-1,1,-1,-1,1,16,0,1113,-1,-1,-1,-1,-1,-1,2,1,0,0,0,1,3,0,17,4,8,41.87835601,-87.74505329
0,385050,-1,25,-1,2,0,1,12,5,2,0,0,0,0,1,-1,1,18,22,1434,-1,-1,-1,-1,-1,-1,2,0,0,0,0,0,7,0,17,4,8,41.9125595,-87.68150795
0,386105,-1,20,1,2,2,1,9,2,2,0,0,-1,0,-1,-1,-1,0,0,1623,-1,-1,-1,-1,-1,-1,2,0,0,0,0,0,2,0,17,4,8,41.97557279,-87.767833
0,385176,-1,30,-1,-1,-1,-1,10,-1,-1,0,-1,-1,0,-1,-1,-1,0,-1,1613,-1,-1,-1,-1,-1,-1,2,0,0,0,0,0,3,0,17,4,8,41.97420844,-87.82199566
0,385054,-1,25,0,0,0,1,12,6,1,0,0,0,0,-1,-1,1,25,18,815,-1,-1,-1,-1,-1,-1,2,0,0,0,0,0,2,0,17,4,8,41.80706999,-87.72586225