MOST_SEVERE_INJURY,RD_NO,CRASH_DATE_EST_I,POSTED_SPEED_LIMIT,TRAFFIC_CONTROL_DEVICE,DEVICE_CONDITION,WEATHER_CONDITION,LIGHTING_CONDITION,FIRST_CRASH_TYPE,TRAFFICWAY_TYPE,LANE_CNT,ALIGNMENT,ROADWAY_SURFACE_COND,ROAD_DEFECT,CRASH_TYPE,INTERSECTION_RELATED_I,NOT_RIGHT_OF_WAY_I,HIT_AND_RUN_I,PRIM_CONTRIBUTORY_CAUSE,SEC_CONTRIBUTORY_CAUSE,BEAT_OF_OCCURRENCE,PHOTOS_TAKEN_I,STATEMENTS_TAKEN_I,DOORING_I,WORK_ZONE_I,WORK_ZONE_TYPE,WORKERS_PRESENT_I,NUM_UNITS,INJURIES_TOTAL,INJURIES_FATAL,INJURIES_INCAPACITATING,INJURIES_NON_INCAPACITATING,INJURIES_REPORTED_NOT_EVIDENT,INJURIES_NO_INDICATION,INJURIES_UNKNOWN,CRASH_HOUR,CRASH_DAY_OF_WEEK,CRASH_MONTH,LATITUDE,LONGITUDE
1,386168,-1,30,0,0,0,1,14,12,-1,0,0,0,1,-1,-1,1,0,-1,1124,-1,-1,-1,-1,-1,-1,2,1,0,0,0,1,3,0,17,4,8,41.8761276,-87.70123322
0,385059,-1,30,1,2,0,1,14,3,14,3,0,0,0,-1,-1,-1,0,0,1814,-1,-1,-1,-1,-1,-1,3,0,0,0,0,0,4,0,17,4,8,41.9141713,-87.62699576
0,385244,1,0,0,0,0,1,7,7,-1,0,0,0,0,-1,1,-1,0,0,1915,-1,-1,-1,-1,-1,-1,2,0,0,0,0,0,1,0,17,4,8,41.95538717,-87.65601156
0,385061,-1,30,1,2,0,1,10,2,-1,0,0,0,0,-1,-1,-1,18,11,2234,-1,-1,-1,-1,-1,-1,2,0,0,0,0,0,2,0,17,4,8,41.6920732,-87.66100306
0,385093,-1,30,0,0,0,1,14,5,2,0,0,0,0,1,-1,-1,22,23,1612,-1,-1,-1,-1,-1,-1,2,0,0,0,0,0,2,0,16,4,8,41.99186124,-87.81945569
0,386155,-1,35,-1,-1,-1,-1,10,3,3,0,-1,-1,0,-1,-1,-1,0,-1,1824,-1,1,-1,-1,-1,-1,2,0,0,0,0,0,3,0,16,4,8,41.90959743,-87.62631221
0,385066,-1,30,-1,-1,0,1,12,5,-1,0,0,0,0,-1,-1,-1,6,21,114,-1,-1,-1,-1,-1,-1,2,0,0,0,0,0,2,0,16,4,8,41.88416738,-87.62225004
0,385209,-1,30,1,2,0,1,10,6,3,0,0,-1,0,1,-1,-1,18,16,1834,-1,-1,-1,-1,-1,-1,3,0,0,0,0,0,3,0,16,4,8,41.89505471,-87.62398769
0,385075,1,30,1,2,0,1,14,5,2,0,0,-1,0,1,-1,-1,17,-1,413,-1,-1,-1,-1,-1,-1,2,0,0,0,0,0,2,0,16,4,8,41.72602285,-87.57559028
0,385068,-1,30,0,0,0,-1,7,-1,-1,0,-1,-1,0,-1,-1,-1,20,-1,1811,-1,-1,-1,-1,-1,-1,2,0,0,0,0,0,1,0,16,4,8,41.91793456,-87.65753477
0,385064,-1,35,0,0,0,1,10,5,2,0,0,0,0,-1,-1,1,0,0,1024,-1,-1,-1,-1,-1,-1,2,0,0,0,0,0,2,0,16,4,8,41.85405904,-87.71354196
0,385189,-1,30,1,2,0,1,10,5,-1,0,0,0,0,0,-1,1,18,-1,2523,-1,-1,-1,-1,-1,-1,2,0,0,0,0,0,2,0,16,4,8,41.93190693,-87.72660679
0,385053,-1,30,0,0,0,1,14,0,-1,0,0,0,0,-1,-1,-1,0,0,933,-1,-1,-1,-1,-1,-1,2,0,0,0,0,0,2,0,16,4,8,41.80868788,-87.65538678
-1,414036,-1,25,1,2,0,1,10,5,2,0,0,0,0,1,-1,0,0,-1,322,-1,-1,-1,-1,-1,-1,-1,-1,-1,-1,-1,-1,-1,-1,16,4,8,41.77289938,-87.62402422
0,385153,-1,30,1,2,0,1,10,6,3,0,0,0,0,1,-1,-1,0,0,1834,-1,-1,-1,-1,-1,-1,2,0,0,0,0,0,3,0,16,4,8,41.89506079,-87.62350751
0,385002,-1,0,0,0,0,1,7,7,0,0,0,0,0,-1,1,1,-1,-1,211,-1,-1,-1,-1,-1,-1,2,0,0,0,0,0,4,0,16,4,8,41.83145056,-87.61682472
0,385319,-1,30,1,2,0,1,10,5,-1,0,0,-1,0,-1,-1,-1,18,-1,1622,-1,-1,-1,-1,-1,-1,2,0,0,0,0,0,2,0,16,4,8,41.97071358,-87.76942794
0,385114,-1,30,1,2,0,1,14,5,2,0,0,0,0,-1,-1,-1,18,-1,111,-1,-1,-1,-1,-1,-1,2,0,0,0,0,0,2,0,16,4,8,41.88670756,-87.62788348
0,385044,1,30,0,0,0,1,12,5,2,0,-1,-1,0,-1,-1,-1,0,-1,711,-1,-1,-1,-1,-1,-1,2,0,0,0,0,0,3,0,16,4,8,41.78575302,-87.63205592
3,384998,-1,15,2,-1,0,1,0,12,1,0,-1,-1,1,1,1,-1,0,-1,831,-1,-1,-1,-1,-1,-1,2,2,0,1,1,0,0,0,16,4,8,41.76248301,-87.70168274
2,392788,-1,45,1,2,0,1,10,3,0,0,0,0,1,1,-1,-1,16,-1,114,-1,-1,-1,-1,-1,-1,2,1,0,0,1,0,2,0,16,4,8,41.8808574,-87.61739714
0,385782,1,30,2,2,0,1,0,5,-1,0,0,0,0,1,-1,-1,0,-1,1214,-1,-1,-1,-1,-1,-1,2,0,0,0,0,0,2,0,16,4,8,41.88575529,-87.64858572
0,385159,-1,30,0,0,0,1,12,5,-1,0,0,0,0,-1,-1,-1,17,-1,1624,-1,-1,-1,-1,-1,-1,2,0,0,0,0,0,2,0,16,4,8,41.96058644,-87.74990808
0,384976,-1,30,0,0,0,1,10,5,2,0,-1,-1,0,-1,-1,-1,0,-1,915,-1,-1,-1,-1,-1,-1,2,0,0,0,0,0,2,0,16,4,8,41.83064443,-87.64579032
1,385008,-1,35,1,2,0,1,10,3,-1,0,0,0,1,1,-1,-1,18,-1,1232,-1,-1,-1,-1,-1,-1,2,2,0,0,0,2,1,0,16,4,8,41.86740613,-87.64706607
0,385070,-1,30,0,0,0,1,7,2,-1,0,0,0,0,-1,-1,-1,4,17,122,-1,-1,-1,-1,-1,-1,2,0,0,0,0,0,1,0,16,4,8,41.87965178,-87.63097339
0,385129,-1,30,0,-1,0,-1,12,-1,-1,0,-1,-1,0,-1,-1,-1,18,-1,1833,-1,-1,-1,-1,-1,-1,2,0,0,0,0,0,3,0,16,4,8,41.89673792,-87.62022135
0,386175,1,0,0,0,-1,1,7,12,-1,0,-1,0,0,-1,-1,1,0,0,413,-1,-1,-1,-1,-1,-1,2,0,0,0,0,0,1,0,16,4,8,41.72791264,-87.58886662
0,384938,-1,30,1,2,0,1,10,2,-1,0,0,0,0,1,-1,-1,0,0,1522,-1,-1,-1,-1,-1,-1,2,0,0,0,0,0,2,0,16,4,8,41.8804472,-87.75775505
0,384967,-1,30,0,0,0,1,12,5,-1,0,0,0,0,-1,-1,-1,22,-1,114,-1,-1,-1,-1,-1,-1,2,0,0,0,0,0,4,0,15,4,8,41.88076242,-87.62088387
0,385376,-1,30,0,0,0,1,7,6,1,0,0,0,0,-1,-1,1,0,0,2535,-1,-1,-1,-1,-1,-1,2,0,0,0,0,0,1,0,15,4,8,41.90441512,-87.72064477
0,384988,-1,35,0,0,-1,1,12,2,4,0,-1,-1,0,-1,-1,-1,0,0,1724,-1,-1,-1,1,-1,1,2,0,0,0,0,0,2,0,15,4,8,41.95409266,-87.6965965
0,384968,-1,35,0,0,0,1,12,5,1,0,0,0,0,-1,-1,-1,0,0,1034,-1,-1,-1,-1,-1,-1,2,0,0,0,0,0,2,0,15,4,8,41.85065119,-87.67057886
0,384916,-1,35,0,0,0,1,10,2,2,0,0,0,0,-1,-1,-1,0,0,1014,-1,-1,-1,-1,-1,-1,2,0,0,0,0,0,2,0,15,4,8,41.85430521,-87.71507395
0,384908,-1,30,1,-1,0,1,10,2,4,0,0,0,0,1,-1,-1,16,0,2212,-1,-1,-1,-1,-1,-1,3,0,0,0,0,0,3,0,15,4,8,41.69193764,-87.67758319
0,384906,-1,30,1,2,0,1,12,5,4,0,0,0,0,-1,-1,-1,22,11,823,-1,-1,-1,-1,-1,-1,2,0,0,0,0,0,2,0,15,4,8,41.77894575,-87.70328312
0,384941,-1,30,1,2,0,1,10,5,2,0,0,-1,0,-1,-1,-1,18,0,2031,-1,-1,-1,-1,-1,-1,2,0,0,0,0,0,5,0,15,4,8,41.96864208,-87.69862919
0,394123,-1,30,0,0,0,1,10,2,2,0,0,0,0,-1,-1,-1,18,16,2031,0,0,-1,-1,-1,-1,2,0,0,0,0,0,2,0,15,4,8,41.96864141,-87.69872462
-1,386272,-1,30,0,0,0,1,0,12,-1,0,0,0,0,-1,-1,1,20,20,1223,-1,-1,-1,-1,-1,-1,-1,-1,-1,-1,-1,-1,-1,-1,15,4,8,41.88107532,-87.68492409
0,384957,-1,35,1,2,0,1,7,2,2,0,0,0,0,-1,-1,-1,21,-1,2413,-1,-1,-1,-1,-1,-1,2,0,0,0,0,0,1,0,15,4,8,41.99747423,-87.69949185
0,384882,-1,30,-1,-1,0,1,10,5,-1,0,0,0,0,-1,-1,-1,16,0,914,-1,-1,-1,-1,-1,-1,2,0,0,0,0,0,5,0,15,4,8,41.85383822,-87.63461107
0,384946,-1,30,1,2,0,1,10,5,2,0,0,0,1,0,-1,-1,18,-1,1232,-1,-1,-1,-1,-1,-1,2,0,0,0,0,0,2,0,15,4,8,41.87440264,-87.65195821
0,384898,-1,30,1,2,0,1,10,2,6,0,0,0,0,-1,-1,-1,16,-1,2011,-1,-1,-1,-1,-1,-1,2,0,0,0,0,0,2,0,15,4,8,41.97599596,-87.68930217
3,384912,-1,30,0,0,0,1,8,5,2,0,0,-1,1,-1,-1,-1,17,-1,1412,-1,-1,1,-1,-1,-1,2,1,0,1,0,0,1,0,15,4,8,41.92839113,-87.71504605
0,384891,-1,35,0,0,0,1,7,3,-1,0,0,0,0,-1,-1,-1,0,0,1215,-1,-1,-1,-1,-1,-1,2,0,0,0,0,0,1,0,15,4,8,41.88736611,-87.66176935
0,384873,-1,30,1,2,0,1,7,3,-1,0,0,0,0,-1,-1,1,23,0,1125,-1,-1,-1,-1,-1,-1,2,0,0,0,0,0,2,0,15,4,8,41.87615344,-87.68641946
0,385921,-1,25,0,0,0,1,7,6,1,0,0,0,0,-1,-1,1,0,0,1233,-1,-1,-1,-1,-1,-1,2,0,0,0,0,0,1,0,15,4,8,41.86484487,-87.67521894
0,385109,-1,45,1,2,0,1,10,3,8,0,0,-1,0,1,-1,-1,18,0,1824,-1,-1,-1,-1,-1,-1,2,0,0,0,0,0,4,0,15,4,8,41.90403621,-87.62425776
0,385052,-1,30,0,0,0,1,7,5,-1,0,0,0,0,-1,-1,-1,-1,-1,523,-1,-1,-1,-1,-1,-1,3,0,0,0,0,0,5,0,15,4,8,41.66924217,-87.62734068
0,384885,-1,30,0,0,0,1,10,5,2,0,0,0,0,-1,-1,-1,16,11,834,-1,-1,-1,-1,-1,-1,2,0,0,0,0,0,2,0,15,4,8,41.73881005,-87.7022372
2,384833,-1,30,1,2,0,1,0,2,4,0,0,0,1,1,-1,-1,6,-1,114,-1,-1,-1,-1,-1,-1,2,2,0,0,2,0,1,0,14,4,8,41.87584818,-87.62324705
0,384844,-1,20,0,0,0,1,7,6,1,0,0,0,1,-1,-1,-1,12,11,2032,-1,-1,-1,-1,-1,-1,4,0,0,0,0,0,1,0,14,4,8,41.97001615,-87.68275681
2,384839,-1,30,0,0,0,1,5,5,2,0,0,0,1,-1,-1,-1,12,-1,1623,-1,-1,-1,-1,-1,-1,1,2,0,0,2,0,0,0,14,4,8,41.96792413,-87.75717444
0,384867,-1,35,0,0,0,1,7,7,-1,0,0,0,0,-1,-1,-1,20,-1,1233,-1,-1,-1,-1,-1,-1,2,0,0,0,0,0,1,0,14,4,8,41.86026792,-87.66636236
0,384981,-1,30,0,0,0,1,0,5,-1,0,0,0,0,-1,-1,-1,0,-1,1412,-1,-1,-1,-1,-1,-1,2,0,0,0,0,0,2,0,14,4,8,41.93212057,-87.70933556
0,384886,-1,30,0,0,0,1,7,2,2,0,0,0,0,-1,-1,-1,0,-1,612,-1,-1,-1,-1,-1,-1,2,0,0,0,0,0,2,0,14,4,8,41.74882214,-87.6499072
0,384865,-1,30,1,2,0,1,0,5,3,0,0,0,0,1,-1,-1,17,0,224,-1,-1,-1,-1,-1,-1,2,0,0,0,0,0,2,0,14,4,8,41.80920053,-87.62129185
0,384837,-1,30,2,12,0,1,0,5,4,0,0,0,0,1,-1,-1,0,-1,1231,-1,-1,-1,-1,-1,-1,2,0,0,0,0,0,3,0,14,4,8,41.87500849,-87.67353686
0,385261,-1,30,1,2,0,1,10,6,3,0,0,0,0,1,-1,-1,18,-1,1134,-1,-1,-1,-1,-1,-1,2,0,0,0,0,0,2,0,14,4,8,41.87443478,-87.71076508
0,385181,-1,30,0,0,0,4,2,5,-1,0,0,12,0,-1,-1,-1,-1,-1,1513,1,-1,-1,-1,-1,-1,1,0,0,0,0,0,1,0,14,4,8,41.86641177,-87.7645315
0,384894,-1,30,2,2,0,1,0,5,-1,0,0,0,0,1,-1,-1,0,0,912,-1,-1,-1,-1,-1,-1,3,0,0,0,0,0,3,0,14,4,8,41.83039444,-87.66688061
0,385071,-1,30,1,2,0,1,10,5,8,0,0,0,0,1,-1,-1,0,0,1832,-1,-1,-1,-1,-1,-1,3,0,0,0,0,0,4,0,14,4,8,41.89650454,-87.63263302
0,386071,-1,30,1,2,0,1,12,5,-1,0,0,0,0,-1,-1,1,-1,-1,2524,-1,-1,-1,-1,-1,-1,2,0,0,0,0,0,3,0,14,4,8,41.93171453,-87.72431444
0,384942,-1,30,-1,-1,0,1,10,-1,-1,0,-1,-1,0,-1,-1,-1,20,-1,1824,-1,-1,-1,-1,-1,-1,2,0,0,0,0,0,4,0,14,4,8,41.90401478,-87.63013572
0,384920,-1,30,0,0,0,1,7,5,-1,0,-1,-1,1,-1,-1,-1,0,-1,932,-1,-1,-1,-1,-1,-1,2,0,0,0,0,0,2,0,14,4,8,41.79498095,-87.66932461
0,384809,-1,30,1,2,0,1,14,5,-1,0,0,0,0,1,-1,-1,0,0,2024,-1,-1,-1,-1,-1,-1,2,0,0,0,0,0,2,0,14,4,8,41.9697609,-87.64587341
0,384432,-1,25,-1,-1,0,1,10,2,-1,0,0,-1,0,-1,-1,-1,18,0,614,-1,-1,-1,-1,-1,-1,2,0,0,0,0,0,2,0,14,4,8,41.74298409,-87.66339656
0,384772,-1,35,0,0,0,1,10,5,-1,0,0,0,0,-1,-1,-1,0,0,1712,-1,-1,-1,-1,-1,-1,2,0,0,0,0,0,4,0,14,4,8,41.96834599,-87.72851802
0,386397,-1,20,0,0,0,1,2,2,-1,0,0,1,0,-1,-1,-1,0,0,2411,-1,-1,-1,-1,-1,-1,1,0,0,0,0,0,1,0,14,4,8,42.01906246,-87.69032653
0,384874,-1,30,0,0,0,1,7,6,-1,0,0,0,0,-1,-1,-1,21,12,1732,-1,-1,-1,-1,-1,-1,2,0,0,0,0,0,4,0,14,4,8,41.94877396,-87.7163048
0,384834,-1,5,0,0,0,1,0,6,4,0,0,0,0,-1,1,-1,20,17,813,-1,-1,-1,-1,-1,-1,2,0,0,0,0,0,2,0,14,4,8,41.78932932,-87.74164564
0,384986,-1,30,0,0,0,1,12,5,-1,0,0,0,1,-1,-1,1,0,0,533,-1,-1,-1,-1,-1,-1,2,0,0,0,0,0,2,0,13,4,8,41.65174155,-87.61737708
0,384749,-1,30,0,0,0,1,10,5,2,0,0,-1,0,-1,-1,-1,18,0,2011,-1,-1,-1,-1,-1,-1,2,0,0,0,0,0,3,0,13,4,8,41.97597679,-87.69243428
2,384728,-1,30,0,0,0,1,14,5,2,0,0,0,1,1,-1,-1,17,-1,1014,-1,-1,-1,-1,-1,-1,2,1,0,0,1,0,2,0,13,4,8,41.85898831,-87.7236554
0,384951,-1,25,2,2,0,1,7,5,2,0,0,0,1,1,-1,-1,0,0,935,-1,-1,-1,-1,-1,-1,2,0,0,0,0,0,3,0,13,4,8,41.79988606,-87.63307645
0,384743,-1,30,1,2,0,1,14,5,-1,0,0,0,0,1,-1,-1,17,-1,2522,-1,-1,-1,-1,-1,-1,2,0,0,0,0,0,2,0,13,4,8,41.91717937,-87.7339493
0,384732,1,55,-1,0,0,1,12,3,4,0,0,0,0,-1,-1,1,0,-1,1621,-1,-1,-1,-1,-1,-1,2,0,0,0,0,0,2,0,13,4,8,-1,-1
0,385214,-1,30,1,2,0,1,12,5,2,0,0,0,0,-1,-1,1,22,-1,915,-1,-1,-1,-1,-1,-1,2,0,0,0,0,0,2,0,13,4,8,41.83098583,-87.63135921
3,384793,-1,35,1,2,0,1,7,5,-1,0,0,0,1,-1,-1,1,25,0,632,-1,-1,-1,-1,-1,-1,3,1,0,1,0,0,3,0,13,4,8,41.73894776,-87.60474054
3,384723,-1,30,0,-1,0,1,14,5,4,0,0,0,1,-1,-1,-1,23,11,1111,-1,-1,-1,-1,-1,-1,2,2,0,2,0,0,2,0,13,4,8,41.90219464,-87.72643542
0,384789,-1,30,1,2,0,1,12,2,4,0,0,0,0,-1,-1,-1,21,-1,1822,-1,-1,-1,-1,-1,-1,2,0,0,0,0,0,2,0,13,4,8,41.91079178,-87.64943657
0,384766,1,30,0,0,0,1,7,5,2,0,0,0,0,-1,-1,1,0,-1,412,-1,-1,-1,-1,-1,-1,2,0,0,0,0,0,1,0,13,4,8,41.73703983,-87.58447691
0,384694,-1,30,1,2,0,1,12,6,3,0,0,0,0,1,-1,-1,0,-1,1231,-1,-1,-1,-1,-1,-1,2,0,0,0,0,0,3,0,13,4,8,41.87506807,-87.6665942
0,384917,-1,30,1,2,0,1,10,5,-1,0,0,0,0,-1,-1,1,-1,-1,835,-1,-1,-1,-1,-1,-1,2,0,0,0,0,0,2,0,13,4,8,41.73694332,-87.6924379
0,384755,-1,35,1,2,0,1,10,2,2,0,0,0,0,-1,-1,-1,0,0,1022,-1,-1,-1,-1,-1,-1,3,0,0,0,0,0,3,0,13,4,8,41.86116964,-87.69582934
1,384680,-1,25,0,0,0,1,9,5,2,0,0,0,1,-1,-1,-1,0,-1,2422,-1,-1,-1,-1,-1,-1,2,1,0,0,0,1,1,0,13,4,8,42.01925614,-87.66984117
0,385001,-1,30,2,2,0,1,10,5,4,0,0,0,1,-1,-1,-1,0,0,1022,-1,-1,-1,-1,-1,-1,2,0,0,0,0,0,2,0,13,4,8,41.86631082,-87.70458959
0,384661,-1,30,1,2,0,1,14,1,0,0,0,0,1,1,-1,-1,6,-1,1632,-1,-1,-1,-1,-1,-1,2,0,0,0,0,0,3,0,13,4,8,41.95282314,-87.8071246
0,384718,-1,30,0,0,0,1,10,6,-1,0,0,0,0,-1,-1,1,-1,-1,111,-1,-1,-1,-1,-1,-1,2,0,0,0,0,0,2,0,13,4,8,41.88438065,-87.62798705
2,384740,-1,30,0,0,0,1,12,3,3,0,0,0,1,-1,1,-1,0,-1,814,-1,-1,-1,-1,-1,-1,2,1,0,0,1,0,4,0,13,4,8,41.81061287,-87.74338206
0,384698,-1,30,1,-1,0,1,3,5,-1,0,-1,-1,0,1,-1,-1,20,-1,124,-1,-1,-1,-1,-1,-1,2,0,0,0,0,0,2,0,13,4,8,41.86736269,-87.6392932
0,384656,1,5,0,0,0,1,7,7,-1,0,0,0,0,-1,-1,1,0,-1,1621,-1,-1,-1,-1,-1,-1,2,0,0,0,0,0,1,0,13,4,8,41.98432338,-87.76426731
0,384649,-1,30,0,0,0,1,7,5,2,0,0,-1,1,-1,-1,-1,-1,-1,423,-1,-1,-1,-1,-1,-1,2,0,0,0,0,0,2,0,13,4,8,41.73713855,-87.56198873
2,384647,-1,30,2,2,0,1,10,5,2,0,0,0,1,-1,-1,-1,18,0,1821,-1,-1,-1,-1,-1,-1,3,1,0,0,1,0,4,0,12,4,8,41.90489903,-87.64093169
0,384642,-1,35,0,0,0,1,12,3,-1,0,0,0,0,-1,-1,-1,0,0,833,-1,-1,-1,-1,-1,-1,2,0,0,0,0,0,3,0,12,4,8,41.74969024,-87.72123627
2,384631,-1,25,1,2,0,1,14,2,2,0,0,0,1,-1,-1,-1,20,18,1122,-1,-1,-1,-1,-1,-1,2,1,0,0,1,0,1,0,12,4,8,41.88194948,-87.7209688
0,284615,-1,30,2,2,0,1,0,5,-1,0,0,0,0,-1,-1,-1,17,17,725,-1,-1,-1,-1,-1,-1,2,0,0,0,0,0,4,0,12,4,8,41.77940959,-87.66284294
0,384790,-1,35,1,-1,-1,1,10,2,2,0,-1,-1,0,-1,-1,-1,18,18,1621,-1,-1,-1,-1,-1,-1,2,0,0,0,0,0,2,0,12,4,8,41.97699214,-87.75434943
0,384668,-1,0,0,0,0,1,7,7,-1,0,0,0,0,-1,1,-1,20,-1,1722,-1,-1,-1,-1,-1,-1,2,0,0,0,0,0,1,0,12,4,8,41.95724289,-87.73851123
0,388680,-1,0,0,0,0,1,0,7,-1,0,0,0,0,-1,1,-1,33,0,133,-1,-1,-1,-1,-1,-1,2,0,0,0,0,0,2,0,12,4,8,41.84671696,-87.62336973
1,384617,-1,30,1,2,0,1,9,5,2,0,0,0,1,1,-1,-1,17,0,1912,-1,-1,-1,-1,-1,-1,2,1,0,0,0,1,1,0,12,4,8,41.96534186,-87.66943013
0,384654,-1,10,0,0,0,1,2,0,1,0,0,0,0,-1,0,1,0,0,2234,-1,-1,-1,-1,-1,-1,1,0,0,0,0,0,1,0,12,4,8,41.68633822,-87.65542718
2,384643,-1,35,1,2,0,1,8,5,4,0,0,-1,1,1,-1,-1,16,0,233,-1,-1,1,-1,-1,-1,2,1,0,0,1,0,1,0,12,4,8,41.79938211,-87.59678686
0,384622,-1,30,1,1,0,1,14,5,-1,0,0,0,1,1,-1,-1,23,17,1031,-1,-1,-1,-1,-1,-1,2,0,0,0,0,0,2,0,12,4,8,41.82872088,-87.7240271
0,384621,-1,30,0,0,0,1,7,7,2,0,0,-1,0,-1,-1,1,16,0,1215,-1,-1,-1,-1,-1,-1,2,0,0,0,0,0,1,0,12,4,8,41.89595361,-87.66790007
2,384606,-1,30,1,2,0,1,8,2,2,0,0,0,1,-1,-1,-1,2,2,1215,-1,-1,-1,-1,-1,-1,2,1,0,0,1,0,1,0,12,4,8,41.89613873,-87.65634571
0,384682,-1,30,1,2,0,1,10,5,4,0,0,0,0,1,-1,-1,18,0,824,-1,-1,-1,-1,-1,-1,2,0,0,0,0,0,2,0,12,4,8,41.78643718,-87.68397525
0,384713,-1,30,0,0,0,1,7,5,2,0,0,0,0,-1,-1,1,0,0,432,-1,1,-1,-1,-1,-1,2,0,0,0,0,0,1,0,12,4,8,41.70264325,-87.53995787
0,384599,-1,10,0,0,0,1,7,7,2,0,0,0,0,-1,0,-1,0,-1,1134,-1,-1,-1,-1,-1,-1,2,0,0,0,0,0,1,0,12,4,8,41.86651389,-87.7057336
0,384601,-1,30,2,-1,0,1,0,12,0,0,-1,-1,0,1,-1,-1,0,0,1733,-1,-1,-1,-1,-1,-1,2,0,0,0,0,0,2,0,12,4,8,41.94676039,-87.70429049
0,384576,-1,40,0,0,0,1,2,3,8,5,0,0,1,-1,-1,-1,14,11,2022,-1,-1,-1,-1,-1,-1,1,0,0,0,0,0,1,0,12,4,8,41.983976,-87.6528362
2,384666,-1,30,1,-1,0,1,10,-1,-1,0,-1,-1,1,1,-1,-1,18,30,1831,-1,-1,-1,-1,-1,-1,2,1,0,0,1,0,2,0,12,4,8,41.89233518,-87.63690672
0,384693,-1,30,-1,-1,0,1,10,6,-1,0,0,0,0,-1,-1,-1,18,16,1831,-1,-1,-1,-1,-1,-1,2,0,0,0,0,0,2,0,12,4,8,41.89219765,-87.63723855
0,384609,-1,10,12,0,-1,1,12,12,2,0,-1,0,0,-1,-1,-1,0,0,813,-1,-1,-1,-1,-1,-1,2,0,0,0,0,0,3,0,12,4,8,41.78932932,-87.74164564
0,384604,-1,35,0,0,0,1,14,5,-1,0,0,0,0,-1,-1,-1,0,0,1723,-1,-1,-1,-1,-1,-1,2,0,0,0,0,0,5,0,12,4,8,41.95384081,-87.71914053
0,384597,-1,30,1,2,0,1,12,1,4,0,0,-1,0,1,-1,-1,17,0,1935,-1,-1,-1,-1,-1,-1,2,0,0,0,0,0,5,0,12,4,8,41.92579558,-87.63528627
0,384584,-1,30,0,0,0,1,11,5,2,0,0,0,0,-1,-1,-1,0,-1,1113,-1,-1,-1,-1,-1,-1,2,0,0,0,0,0,2,0,12,4,8,41.88640484,-87.74028542
0,384559,-1,20,0,0,0,1,12,7,-1,0,0,0,0,-1,1,-1,18,17,1214,-1,-1,-1,-1,-1,-1,2,0,0,0,0,0,2,0,12,4,8,41.88777713,-87.64445006
0,384508,-1,30,1,2,0,1,10,5,-1,0,0,0,1,-1,-1,-1,18,25,1711,-1,-1,-1,-1,-1,-1,2,0,0,0,0,0,2,0,11,4,8,41.99023217,-87.71383384
0,384549,-1,20,0,0,0,1,7,6,-1,0,0,0,0,-1,-1,-1,22,-1,2013,-1,-1,-1,-1,-1,-1,2,0,0,0,0,0,2,0,11,4,8,41.99008116,-87.662005
0,384518,-1,30,1,2,0,1,10,5,2,0,0,0,0,1,-1,-1,18,0,522,-1,-1,-1,-1,-1,-1,2,0,0,0,0,0,2,0,11,4,8,41.69253704,-87.62324927
1,386392,-1,30,-1,-1,0,1,14,5,4,0,0,0,1,-1,-1,1,22,-1,1113,-1,-1,-1,-1,-1,-1,2,1,0,0,0,1,1,0,11,4,8,41.88066007,-87.74072813
0,384675,-1,10,0,0,0,1,0,7,-1,0,0,0,0,-1,-1,1,0,0,1731,-1,-1,-1,-1,-1,-1,2,0,0,0,0,0,2,0,11,4,8,41.93899382,-87.74269899
0,384550,-1,30,1,2,0,1,12,5,2,0,0,0,1,-1,-1,1,18,22,1833,-1,-1,-1,-1,-1,-1,2,0,0,0,0,0,2,0,11,4,8,41.89682805,-87.6172077
0,384516,-1,30,0,2,0,1,7,7,-1,0,0,0,0,-1,-1,-1,11,-1,133,-1,-1,-1,-1,-1,-1,2,0,0,0,0,0,2,0,11,4,8,41.84647105,-87.61716965
0,384527,-1,30,0,0,0,1,7,2,-1,0,0,0,0,-1,-1,-1,22,-1,2022,-1,-1,-1,-1,-1,-1,2,0,0,0,0,0,4,0,11,4,8,41.98933835,-87.66010042
2,384494,-1,30,0,0,0,1,0,5,4,0,0,0,1,-1,-1,1,17,-1,1122,-1,-1,-1,-1,-1,-1,2,1,0,0,1,0,2,0,11,4,8,41.88066789,-87.72157352
1,384531,-1,35,1,2,0,1,14,5,4,0,0,0,1,1,-1,-1,26,-1,423,-1,-1,-1,-1,-1,-1,2,1,0,0,0,1,1,0,11,4,8,41.73342479,-87.56066822
0,385091,1,30,0,0,0,1,7,6,1,0,0,0,0,-1,-1,1,-1,-1,1422,-1,-1,-1,-1,-1,-1,3,0,0,0,0,0,1,0,11,4,8,41.90734558,-87.71412482
0,384483,-1,25,0,0,0,1,2,6,-1,0,0,0,1,1,-1,-1,11,-1,2424,-1,-1,-1,-1,-1,-1,1,0,0,0,0,0,1,0,11,4,8,42.01411354,-87.68065079
2,384493,-1,30,0,0,0,1,12,2,2,0,0,0,1,1,-1,-1,17,-1,1432,-1,-1,-1,-1,-1,-1,2,1,0,0,1,0,1,0,11,4,8,41.930602,-87.68530769
0,391995,1,30,0,0,-1,-1,7,5,2,0,-1,0,0,-1,-1,1,0,-1,1632,-1,-1,-1,-1,-1,-1,2,0,0,0,0,0,1,0,11,4,8,41.94187902,-87.78643394
0,384689,1,30,0,0,0,1,14,6,3,0,-1,-1,0,-1,-1,-1,21,0,124,-1,-1,-1,-1,-1,-1,2,0,0,0,0,0,2,0,11,4,8,41.86726489,-87.64233612