MOST_SEVERE_INJURY,RD_NO,CRASH_DATE_EST_I,POSTED_SPEED_LIMIT,TRAFFIC_CONTROL_DEVICE,DEVICE_CONDITION,WEATHER_CONDITION,LIGHTING_CONDITION,FIRST_CRASH_TYPE,TRAFFICWAY_TYPE,LANE_CNT,ALIGNMENT,ROADWAY_SURFACE_COND,ROAD_DEFECT,CRASH_TYPE,INTERSECTION_RELATED_I,NOT_RIGHT_OF_WAY_I,HIT_AND_RUN_I,PRIM_CONTRIBUTORY_CAUSE,SEC_CONTRIBUTORY_CAUSE,BEAT_OF_OCCURRENCE,PHOTOS_TAKEN_I,STATEMENTS_TAKEN_I,DOORING_I,WORK_ZONE_I,WORK_ZONE_TYPE,WORKERS_PRESENT_I,NUM_UNITS,INJURIES_TOTAL,INJURIES_FATAL,INJURIES_INCAPACITATING,INJURIES_NON_INCAPACITATING,INJURIES_REPORTED_NOT_EVIDENT,INJURIES_NO_INDICATION,INJURIES_UNKNOWN,CRASH_HOUR,CRASH_DAY_OF_WEEK,CRASH_MONTH,LATITUDE,LONGITUDE
0,384520,-1,30,0,0,0,2,7,6,1,0,0,0,0,-1,-1,-1,0,0,1911,-1,-1,-1,-1,-1,-1,2,0,0,0,0,0,1,0,11,4,8,41.96557987,-87.69514043
3,384466,-1,30,1,2,0,1,9,5,2,0,0,0,1,1,-1,-1,17,-1,1833,-1,-1,-1,-1,-1,-1,2,1,0,1,0,0,1,0,11,4,8,41.89656858,-87.62812919
0,384591,-1,25,0,0,0,1,7,6,1,0,0,0,0,-1,-1,-1,0,-1,1212,-1,-1,-1,-1,-1,-1,2,0,0,0,0,0,1,0,10,4,8,41.9010332,-87.6749015
0,384441,-1,30,0,0,0,1,12,5,2,0,0,0,0,-1,-1,-1,0,0,811,-1,-1,-1,-1,-1,-1,2,0,0,0,0,0,2,0,10,4,8,41.7927796,-87.76567665
0,384469,-1,30,0,0,1,1,10,2,2,0,1,0,1,-1,-1,-1,0,0,621,-1,-1,-1,-1,-1,-1,2,0,0,0,0,0,4,0,10,4,8,41.75283042,-87.64395053
2,384663,-1,30,1,2,-1,1,10,5,2,0,-1,-1,1,1,-1,1,18,-1,322,-1,-1,-1,-1,-1,-1,2,2,0,0,2,0,1,0,10,4,8,41.76919866,-87.617012
0,384611,-1,30,9,2,0,1,10,2,4,0,0,-1,0,-1,-1,-1,28,18,1421,-1,-1,-1,-1,-1,-1,2,0,0,0,0,0,4,0,10,4,8,41.91021352,-87.70787808
0,384491,-1,30,0,0,1,1,12,3,4,0,0,0,0,-1,-1,-1,22,-1,1922,-1,-1,-1,-1,-1,-1,2,0,0,0,0,0,2,0,10,4,8,41.9513564,-87.66882954
0,384458,-1,30,0,0,0,1,0,5,4,0,0,0,0,-1,-1,-1,20,-1,114,-1,-1,-1,-1,-1,-1,2,0,0,0,0,0,2,0,10,4,8,41.87334072,-87.61942496
0,384575,-1,30,0,-1,-1,-1,7,6,1,0,-1,-1,0,-1,-1,1,-1,-1,1531,-1,-1,-1,-1,-1,-1,2,0,0,0,0,0,1,0,10,4,8,41.89503539,-87.74811281
0,384413,-1,15,0,0,0,1,2,0,1,0,0,0,0,-1,1,-1,0,-1,1812,-1,-1,-1,-1,-1,-1,1,0,0,0,0,0,1,0,10,4,8,41.92370698,-87.65106498
0,384390,-1,30,0,0,0,1,14,2,4,0,0,0,0,-1,-1,-1,21,11,1131,-1,-1,-1,-1,-1,-1,2,0,0,0,0,0,2,0,10,4,8,41.87036638,-87.74475049
0,384398,1,30,-1,-1,-1,1,14,2,-1,0,-1,-1,0,1,-1,-1,-1,-1,413,-1,-1,-1,-1,-1,-1,2,0,0,0,0,0,2,0,10,4,8,41.73135421,-87.58567513
0,384395,-1,35,0,0,2,1,7,5,2,0,1,0,0,-1,-1,-1,8,-1,634,-1,-1,-1,-1,-1,-1,2,0,0,0,0,0,1,0,10,4,8,41.72186952,-87.62852156
0,384381,-1,25,1,2,0,1,12,3,-1,0,0,0,0,-1,-1,-1,22,22,2031,-1,-1,-1,-1,-1,-1,2,0,0,0,0,0,2,0,10,4,8,41.968756,-87.68653737
2,384377,-1,30,2,2,2,1,0,2,4,0,1,0,1,1,-1,-1,5,17,215,-1,-1,-1,-1,-1,-1,2,2,0,0,2,0,0,0,9,4,8,41.81649349,-87.61993514
2,384364,-1,30,1,2,0,1,9,5,4,0,0,0,1,1,-1,1,0,-1,432,-1,-1,-1,-1,-1,-1,2,1,0,0,1,0,1,0,9,4,8,41.72291961,-87.53635295
0,384379,-1,30,0,0,0,1,7,3,2,2,0,-1,0,-1,-1,1,17,-1,1135,-1,-1,-1,-1,-1,-1,2,0,0,0,0,0,1,0,9,4,8,41.87176438,-87.68632828
0,384359,-1,30,0,0,0,1,7,5,2,0,0,0,1,-1,-1,-1,0,-1,1134,-1,-1,-1,-1,-1,-1,2,0,0,0,0,0,2,0,9,4,8,41.87319264,-87.70330122
0,384339,-1,30,0,0,0,1,10,2,4,0,0,0,0,-1,-1,-1,16,18,2411,-1,-1,-1,-1,-1,-1,2,0,0,0,0,0,2,0,9,4,8,42.01939825,-87.68641653
0,384369,-1,30,0,0,1,1,12,5,2,0,0,0,0,1,-1,-1,0,-1,235,-1,-1,-1,-1,-1,-1,2,0,0,0,0,0,2,0,9,4,8,41.79351078,-87.5837625
0,384433,-1,10,0,0,0,1,0,7,-1,0,0,0,0,-1,0,-1,0,0,122,-1,-1,-1,-1,-1,-1,2,0,0,0,0,0,2,0,9,4,8,41.87745903,-87.63385604
0,384322,-1,15,0,0,0,1,7,5,2,0,0,0,0,-1,-1,-1,0,0,2413,-1,-1,-1,-1,-1,-1,2,0,0,0,0,0,2,0,9,4,8,41.99413797,-87.67702238
0,384302,-1,30,1,2,0,1,11,5,2,0,0,12,0,1,-1,-1,28,-1,314,-1,-1,-1,-1,-1,-1,2,0,0,0,0,0,2,0,9,4,8,41.7805254,-87.586603
0,384321,-1,30,0,-1,0,1,2,12,1,0,0,0,0,-1,1,1,0,-1,1132,-1,-1,-1,-1,-1,-1,1,0,0,0,0,0,1,0,9,4,8,41.87528845,-87.73248751
0,385378,-1,30,0,0,0,3,12,2,2,0,0,0,0,-1,-1,-1,16,-1,1833,-1,-1,-1,-1,-1,-1,2,0,0,0,0,0,2,0,9,4,8,41.8975267,-87.62398758
0,384586,-1,30,0,0,0,1,7,6,1,0,0,-1,0,-1,-1,-1,0,0,633,-1,-1,-1,-1,-1,-1,2,0,0,0,0,0,1,0,9,4,8,41.72740178,-87.60581215
0,384473,-1,30,0,0,0,1,7,12,-1,0,0,0,0,-1,-1,-1,11,0,132,-1,-1,-1,-1,-1,-1,2,0,0,0,0,0,1,0,9,4,8,41.85561491,-87.62288028
0,384344,-1,30,10,2,2,1,2,2,-1,0,1,0,1,-1,-1,-1,3,-1,935,-1,-1,-1,-1,-1,-1,1,0,0,0,0,0,1,0,9,4,8,41.80499059,-87.64528647
0,384343,-1,30,0,0,0,1,7,5,2,0,0,0,0,-1,-1,-1,20,20,2411,-1,-1,-1,-1,-1,-1,2,0,0,0,0,0,1,0,9,4,8,42.0149444,-87.69175052
0,384336,-1,30,0,0,1,1,12,5,-1,0,0,0,0,-1,-1,-1,0,0,1431,-1,-1,-1,-1,-1,-1,2,0,0,0,0,0,2,0,9,4,8,41.9255468,-87.68874119
0,384301,-1,25,0,0,0,1,14,5,2,0,0,0,0,-1,1,-1,17,16,423,-1,-1,-1,-1,-1,-1,2,0,0,0,0,0,3,0,8,4,8,41.72756054,-87.5513471
3,384293,-1,30,0,0,0,1,14,5,2,0,0,0,1,-1,-1,-1,17,23,1935,-1,-1,-1,-1,-1,-1,2,1,0,1,0,0,1,0,8,4,8,41.93091338,-87.63680208
1,384456,-1,30,0,0,0,1,10,5,3,0,0,0,1,-1,-1,-1,0,-1,114,-1,-1,-1,-1,-1,-1,2,1,0,0,0,1,2,0,8,4,8,41.88462379,-87.62047604
0,398769,1,20,0,0,0,1,12,5,-1,1,0,-1,0,-1,-1,-1,17,0,2424,-1,-1,-1,-1,-1,-1,2,0,0,0,0,0,2,0,8,4,8,42.01524441,-87.68213621
0,387440,1,25,0,0,-1,-1,7,5,2,0,-1,-1,0,-1,-1,1,0,0,1034,-1,-1,-1,-1,-1,-1,2,0,0,0,0,0,1,0,8,4,8,41.84759205,-87.68613824
0,384305,-1,0,0,0,2,3,7,5,2,0,1,0,0,-1,-1,1,0,0,1421,-1,-1,-1,-1,-1,-1,2,0,0,0,0,0,1,0,8,4,8,41.91578983,-87.69638006
0,384259,-1,30,0,0,0,1,7,5,-1,0,0,0,0,-1,-1,-1,-1,-1,1225,-1,-1,-1,-1,-1,-1,2,0,0,0,0,0,1,0,8,4,8,41.8688772,-87.68535781
1,384269,-1,30,1,2,0,1,12,2,-1,0,0,0,1,1,-1,-1,22,21,712,-1,-1,-1,-1,-1,-1,2,5,0,0,0,5,2,0,8,4,8,41.7868632,-87.64997215
2,384263,-1,35,2,-1,0,1,0,5,2,0,0,-1,1,1,-1,-1,11,0,334,-1,-1,-1,-1,-1,-1,2,1,0,0,1,0,1,0,8,4,8,41.76454419,-87.56654919
0,384303,-1,30,0,0,0,1,10,5,-1,0,0,0,1,-1,-1,-1,18,-1,1631,-1,-1,-1,-1,-1,-1,2,0,0,0,0,0,2,0,8,4,8,41.93807664,-87.8138473
0,385195,-1,30,0,0,0,1,14,2,2,0,0,0,0,1,-1,-1,17,23,2411,-1,-1,-1,-1,-1,-1,2,0,0,0,0,0,2,0,8,4,8,42.00644537,-87.68089832
0,385099,-1,30,2,2,0,1,10,5,-1,0,0,0,0,-1,-1,-1,18,16,2524,1,-1,-1,-1,-1,-1,2,0,0,0,0,0,2,0,7,4,8,41.9281534,-87.7368658
0,385063,-1,20,0,0,0,1,7,7,-1,0,0,0,0,-1,1,1,0,0,1231,-1,-1,-1,-1,-1,-1,2,0,0,0,0,0,2,0,7,4,8,41.87408199,-87.66722276
1,384264,-1,30,1,2,0,1,10,2,4,0,1,0,1,1,-1,-1,0,0,614,-1,-1,-1,-1,-1,-1,2,1,0,0,0,1,1,0,7,4,8,41.73584972,-87.66677362
0,385307,-1,35,0,0,0,1,7,3,4,0,0,0,0,-1,-1,1,22,11,813,-1,-1,-1,-1,-1,-1,2,0,0,0,0,0,1,0,7,4,8,41.79066695,-87.72323575
0,384926,-1,30,1,2,0,1,12,5,-1,0,0,0,0,-1,-1,-1,0,0,1134,-1,-1,-1,-1,-1,-1,2,0,0,0,0,0,2,0,7,4,8,41.87349155,-87.70115111
2,394176,-1,30,1,2,0,1,0,3,4,0,0,0,1,-1,-1,-1,6,-1,1432,-1,-1,-1,-1,-1,-1,2,2,0,0,2,0,0,0,7,4,8,41.92506406,-87.68368165
0,384249,-1,30,0,0,0,1,10,5,4,0,0,0,0,-1,-1,-1,18,18,1235,-1,-1,-1,-1,-1,-1,2,0,0,0,0,0,2,0,7,4,8,41.85285528,-87.6509407
0,386586,-1,30,1,2,0,1,7,2,4,0,0,0,0,-1,-1,1,0,0,1423,-1,-1,-1,-1,-1,-1,2,0,0,0,0,0,1,0,7,4,8,41.90681233,-87.68727413
0,385078,-1,30,1,-1,0,1,10,5,-1,0,-1,-1,0,1,-1,1,0,-1,715,-1,-1,-1,-1,-1,-1,2,0,0,0,0,0,2,0,7,4,8,41.79355548,-87.66481673
0,384235,-1,30,0,0,0,1,12,5,2,0,0,0,0,-1,-1,1,0,0,124,-1,-1,-1,-1,-1,-1,2,0,0,0,0,0,2,0,7,4,8,41.86717513,-87.63937581
0,385322,-1,30,1,2,0,1,10,5,2,0,0,0,0,-1,-1,-1,16,11,632,-1,-1,-1,-1,-1,-1,2,0,0,0,0,0,2,0,7,4,8,41.73633731,-87.61951863
0,384285,-1,30,0,0,0,1,7,5,2,0,0,-1,0,-1,-1,-1,0,0,2234,-1,-1,-1,-1,-1,-1,2,0,0,0,0,0,2,0,7,4,8,41.68834503,-87.64239998
0,384484,-1,20,0,0,0,1,7,3,2,0,0,0,0,-1,-1,-1,0,-1,1911,-1,-1,-1,-1,-1,-1,2,0,0,0,0,0,1,0,7,4,8,41.96321964,-87.69317807
2,384253,-1,30,0,0,0,1,0,5,4,0,0,0,1,1,-1,-1,0,0,2525,-1,-1,-1,-1,-1,-1,2,1,0,0,1,0,2,0,7,4,8,41.9244629,-87.7194969
2,384212,-1,30,2,0,0,1,14,5,2,0,0,0,1,1,-1,-1,17,0,1611,-1,-1,-1,-1,-1,-1,2,1,0,0,1,0,2,0,7,4,8,42.00086135,-87.7912373
0,384225,-1,30,1,2,0,1,14,3,-1,1,0,0,0,1,-1,-1,22,-1,912,-1,-1,-1,-1,-1,-1,2,0,0,0,0,0,2,0,6,4,8,41.83830881,-87.67525849
0,384230,-1,30,0,0,0,1,7,5,2,0,0,-1,0,-1,-1,1,21,0,1224,-1,-1,-1,-1,-1,-1,2,0,0,0,0,0,1,0,6,4,8,41.88020088,-87.65827461
0,384185,-1,30,0,0,0,2,7,6,2,0,0,0,1,-1,-1,1,25,14,1414,-1,-1,-1,-1,-1,-1,4,0,0,0,0,0,1,0,5,4,8,41.92158105,-87.70566063
0,387236,-1,30,0,0,0,0,7,2,-1,0,0,0,0,-1,-1,1,0,0,233,-1,-1,-1,-1,-1,-1,2,0,0,0,0,0,1,0,5,4,8,41.80084776,-87.59682187
2,384180,-1,30,5,-1,0,3,8,5,2,0,0,4,1,1,-1,1,0,-1,314,-1,-1,-1,1,2,-1,2,1,0,0,1,0,1,0,5,4,8,41.78295354,-87.58666824
0,384196,-1,30,0,0,0,0,0,12,0,0,-1,0,0,-1,1,-1,0,0,925,-1,-1,-1,-1,-1,-1,2,0,0,0,0,0,2,0,5,4,8,41.81081716,-87.65505351
0,384164,1,30,0,0,0,3,7,2,2,0,0,0,1,-1,-1,1,0,0,822,-1,-1,-1,-1,-1,-1,3,0,0,0,0,0,1,0,4,4,8,41.796355,-87.70378416
4,384165,-1,30,1,2,0,3,2,5,-1,0,0,0,1,-1,-1,-1,8,-1,1114,-1,-1,-1,-1,-1,-1,1,5,2,1,2,0,0,0,3,4,8,41.88611591,-87.73528273
0,384151,-1,30,0,0,2,3,7,2,2,0,1,0,0,-1,-1,-1,0,-1,1414,-1,-1,-1,-1,-1,-1,2,0,0,0,0,0,2,0,2,4,8,41.92775411,-87.69764575
2,384823,-1,25,0,0,0,1,9,6,1,0,0,0,1,-1,-1,-1,0,-1,512,-1,-1,-1,-1,-1,-1,2,1,0,0,1,0,1,0,2,4,8,41.70677265,-87.61726568
2,384145,-1,30,1,2,0,3,0,3,4,0,0,0,1,1,-1,-1,6,16,2232,-1,-1,-1,-1,-1,-1,2,1,0,0,1,0,4,0,2,4,8,41.70682334,-87.64297747
0,384140,-1,30,0,0,0,3,12,5,-1,0,0,0,1,-1,-1,1,0,22,733,-1,-1,-1,-1,-1,-1,2,0,0,0,0,0,2,0,2,4,8,41.75972478,-87.65270213
0,385286,-1,30,0,0,0,0,7,6,-1,0,0,0,0,-1,-1,1,0,0,732,-1,-1,-1,-1,-1,-1,2,0,0,0,0,0,1,0,2,4,8,41.76134356,-87.64172852
0,384126,-1,30,0,0,0,3,2,12,0,0,0,0,0,-1,-1,-1,20,-1,2432,-1,-1,-1,-1,-1,-1,1,0,0,0,0,0,1,0,1,4,8,41.99921182,-87.67490807
0,384105,-1,30,1,2,0,3,12,1,2,0,0,0,1,-1,-1,-1,21,0,321,-1,-1,-1,-1,-1,-1,2,0,0,0,0,0,3,0,1,4,8,41.77191899,-87.60588601
0,384695,-1,15,0,0,-1,3,2,0,-1,0,-1,-1,0,-1,-1,1,0,0,2234,-1,-1,-1,-1,-1,-1,1,0,0,0,0,0,1,0,1,4,8,41.68627693,-87.65542483
0,384113,-1,25,0,0,0,0,2,0,1,0,1,0,0,-1,-1,-1,33,-1,712,-1,-1,-1,-1,-1,-1,1,0,0,0,0,0,2,0,0,4,8,41.7863607,-87.65331556
0,384188,-1,25,1,2,0,0,14,5,4,0,0,0,0,-1,-1,1,17,-1,123,-1,-1,-1,-1,-1,-1,2,0,0,0,0,0,2,0,0,4,8,41.87508903,-87.63349916
0,384086,-1,30,1,2,2,3,7,5,2,0,1,0,0,-1,-1,-1,34,0,1922,-1,1,-1,-1,-1,-1,2,0,0,0,0,0,1,0,0,4,8,41.94677626,-87.67684955
2,384092,-1,30,1,2,12,3,0,12,0,0,1,0,1,1,-1,0,6,0,1633,-1,-1,-1,-1,-1,-1,2,2,0,0,2,0,2,0,0,4,8,41.9459851,-87.76687995
0,384076,1,30,1,-1,-1,3,0,5,2,0,-1,-1,1,1,-1,-1,6,17,731,-1,-1,-1,-1,-1,-1,2,0,0,0,0,0,2,0,0,4,8,41.76546593,-87.62807368
0,384429,1,30,0,0,-1,-1,7,5,1,0,-1,0,0,-1,-1,1,0,-1,1134,-1,-1,-1,-1,-1,-1,2,0,0,0,0,0,1,0,0,4,8,41.87266481,-87.70638454
0,384071,-1,9,2,2,0,3,0,2,-1,0,0,0,0,1,-1,1,0,-1,631,-1,-1,-1,-1,-1,-1,1,0,0,0,0,0,2,0,23,3,8,41.74566538,-87.6076525
3,384058,-1,30,1,2,0,3,8,5,4,0,0,0,1,1,-1,1,17,0,1622,-1,-1,-1,-1,-1,-1,2,1,0,1,0,0,1,0,23,3,8,41.98283471,-87.78235359
0,384056,-1,25,0,0,0,3,7,5,-1,3,0,0,0,-1,-1,-1,-1,-1,211,-1,-1,-1,-1,-1,-1,2,0,0,0,0,0,1,0,23,3,8,41.83648775,-87.6170084
0,384045,-1,30,0,0,0,3,7,6,1,0,0,-1,0,-1,-1,-1,0,0,1014,-1,-1,-1,-1,-1,-1,2,0,0,0,0,0,1,0,23,3,8,41.85284003,-87.72242825
0,385754,-1,30,0,0,0,3,7,2,2,0,0,0,0,-1,-1,1,0,-1,624,-1,-1,-1,-1,-1,-1,2,0,0,0,0,0,1,0,23,3,8,41.75847603,-87.60157591
2,384034,-1,30,1,2,0,3,0,2,-1,0,0,0,1,1,-1,-1,6,16,921,-1,1,-1,-1,-1,-1,2,2,0,0,2,0,5,0,22,3,8,41.82267373,-87.69474583
0,384014,-1,30,0,0,0,3,9,12,-1,0,0,-1,0,1,-1,0,6,0,123,-1,-1,-1,-1,-1,-1,2,0,0,0,0,0,3,0,22,3,8,41.87174062,-87.62767068
0,397437,-1,35,0,0,0,1,2,5,-1,0,0,1,0,-1,-1,-1,0,-1,1612,-1,-1,-1,-1,-1,-1,1,0,0,0,0,0,1,0,22,3,8,42.00197267,-87.81885124
0,384854,-1,15,0,0,0,-1,14,0,-1,0,1,0,0,-1,-1,1,23,23,632,-1,-1,-1,-1,-1,-1,2,0,0,0,0,0,2,0,22,3,8,41.74216157,-87.61051678
2,384006,-1,30,1,2,0,3,10,6,3,0,0,0,1,-1,-1,-1,16,0,211,-1,-1,-1,-1,-1,-1,5,2,0,0,2,0,3,0,22,3,8,41.83791935,-87.62987882
0,383975,-1,30,1,2,0,3,11,6,-1,0,0,0,0,-1,-1,-1,0,0,1522,-1,-1,-1,-1,-1,-1,2,0,0,0,0,0,3,0,22,3,8,41.88043836,-87.75765516
1,384366,-1,30,1,2,0,3,9,2,2,0,1,0,1,1,-1,-1,0,0,1434,-1,-1,-1,-1,-1,-1,2,1,0,0,0,1,1,0,22,3,8,41.91058513,-87.67753277
0,384008,-1,30,0,0,0,3,0,2,2,0,0,3,0,1,-1,-1,11,11,2411,-1,-1,-1,-1,-1,-1,2,0,0,0,0,0,2,0,22,3,8,42.01692551,-87.6844938
0,384010,-1,30,1,2,0,3,10,5,4,0,0,0,0,1,-1,1,0,0,911,-1,-1,-1,-1,-1,-1,1,0,0,0,0,0,1,0,22,3,8,41.8264369,-87.68506685
0,383939,-1,30,0,0,0,3,12,6,-1,0,0,0,0,-1,-1,-1,8,0,831,-1,-1,-1,-1,-1,-1,2,0,0,0,0,0,3,0,21,3,8,41.77523169,-87.70175878
0,383950,-1,30,0,0,0,3,10,5,-1,0,0,0,0,-1,-1,-1,18,0,1732,-1,-1,-1,-1,-1,-1,2,0,0,0,0,0,3,0,21,3,8,41.94635956,-87.72018093
2,383943,-1,30,2,2,0,3,14,5,2,0,0,0,1,1,-1,1,5,16,1125,-1,-1,-1,-1,-1,-1,2,2,0,0,2,0,5,0,21,3,8,41.87763073,-87.68883325
1,383953,-1,30,0,0,0,3,14,5,2,0,0,0,1,-1,-1,-1,23,23,215,-1,-1,-1,-1,-1,-1,2,9,0,0,0,9,1,0,21,3,8,41.80945111,-87.61926499
0,384637,-1,30,0,0,0,0,14,5,-1,0,0,0,0,-1,-1,1,0,0,921,-1,-1,-1,-1,-1,-1,2,0,0,0,0,0,4,0,21,3,8,41.82008282,-87.69985877
0,383936,-1,10,0,0,0,0,7,5,-1,0,0,0,0,-1,-1,-1,0,0,823,-1,-1,-1,-1,-1,-1,2,0,0,0,0,0,1,0,21,3,8,41.77697565,-87.71050932
0,383967,1,30,0,0,0,3,2,5,2,0,0,0,0,-1,1,-1,20,-1,1032,-1,-1,-1,-1,-1,-1,1,0,0,0,0,0,1,0,21,3,8,41.84109909,-87.71455599
0,383984,-1,15,0,0,0,4,7,6,-1,0,0,0,1,-1,-1,-1,11,0,1022,-1,-1,-1,-1,-1,-1,3,0,0,0,0,0,1,0,21,3,8,41.863297,-87.70450147
0,383983,-1,30,0,0,0,3,14,2,-1,0,0,0,0,1,-1,1,22,17,523,-1,-1,-1,-1,-1,-1,2,0,0,0,0,0,2,0,21,3,8,41.6631821,-87.64156527
0,384371,1,30,0,0,0,3,5,5,4,0,0,1,0,-1,-1,-1,28,-1,1712,-1,-1,-1,-1,-1,-1,1,0,0,0,0,0,1,0,20,3,8,41.97138206,-87.74571331
0,383902,-1,30,1,2,0,3,14,5,-1,0,0,0,0,1,-1,-1,0,-1,913,-1,-1,-1,-1,-1,-1,2,0,0,0,0,0,2,0,20,3,8,41.83796415,-87.64642271
0,383891,-1,30,1,2,0,3,14,5,-1,0,0,0,0,1,-1,-1,6,-1,831,-1,-1,-1,-1,-1,-1,2,0,0,0,0,0,7,0,20,3,8,41.76449743,-87.70287702
0,384021,-1,30,1,2,0,3,0,5,-1,2,0,-1,1,-1,-1,1,25,0,522,-1,-1,-1,-1,-1,-1,2,0,0,0,0,0,2,0,20,3,8,41.6854311,-87.62295302
3,383886,-1,30,2,2,0,3,14,5,2,0,0,-1,1,1,-1,1,10,5,1112,-1,-1,-1,-1,-1,-1,3,1,0,1,0,0,4,0,20,3,8,41.89915371,-87.72381681
0,383870,-1,30,0,0,0,3,12,3,4,0,0,-1,0,-1,-1,-1,21,0,112,-1,-1,-1,-1,-1,-1,2,0,0,0,0,0,2,0,20,3,8,41.88165874,-87.6245001
0,383869,-1,30,1,0,0,3,10,5,-1,0,0,0,0,1,-1,-1,7,18,1621,-1,-1,-1,-1,-1,-1,3,0,0,0,0,0,3,0,20,3,8,41.99000801,-87.74837695
0,385351,-1,10,12,12,-1,4,7,12,1,0,0,-1,0,-1,-1,1,0,0,1232,-1,-1,-1,-1,-1,-1,2,0,0,0,0,0,1,0,20,3,8,41.87772021,-87.65469
0,385218,-1,30,1,2,0,0,3,2,-1,0,0,0,0,1,-1,1,0,0,1512,-1,-1,-1,-1,-1,-1,2,0,0,0,0,0,2,0,20,3,8,41.88783874,-87.76518366
0,389212,-1,0,1,2,0,1,10,2,-1,0,0,0,0,-1,-1,-1,18,-1,211,-1,-1,-1,-1,-1,-1,2,0,0,0,0,0,2,0,19,3,8,41.83126495,-87.61678955
0,383839,-1,30,0,0,0,4,5,6,1,0,1,12,1,-1,-1,-1,28,0,1512,-1,-1,-1,-1,-1,-1,1,0,0,0,0,0,1,0,19,3,8,41.88606534,-87.76657418
0,383820,-1,30,2,2,0,4,0,5,1,0,0,0,0,-1,-1,-1,17,-1,2213,-1,-1,-1,-1,-1,-1,2,0,0,0,0,0,2,0,19,3,8,41.71384732,-87.65805675
0,383804,-1,30,0,0,0,1,7,5,-1,0,0,-1,0,-1,-1,-1,0,-1,522,-1,-1,-1,-1,-1,-1,2,0,0,0,0,0,1,0,19,3,8,41.69084417,-87.62626469
0,386006,-1,30,0,0,0,3,3,6,-1,0,0,0,0,-1,-1,-1,0,0,1834,-1,-1,-1,-1,-1,-1,2,0,0,0,0,0,2,0,19,3,8,41.89261194,-87.62659449
0,383782,-1,30,0,0,0,1,14,2,2,0,0,0,0,-1,-1,1,16,-1,1624,-1,-1,-1,-1,-1,-1,2,0,0,0,0,0,2,0,19,3,8,41.96042542,-87.76289492
2,384681,-1,30,-1,-1,-1,-1,9,5,-1,0,-1,-1,1,-1,-1,-1,0,-1,1731,-1,-1,-1,-1,-1,-1,2,1,0,0,1,0,1,0,19,3,8,41.93913815,-87.72733371
0,383774,-1,30,0,0,0,1,10,2,2,0,0,0,0,-1,-1,-1,0,0,1623,-1,-1,-1,-1,-1,-1,2,0,0,0,0,0,2,0,19,3,8,41.97557645,-87.76768433
0,383810,-1,30,1,2,0,1,14,3,4,0,0,0,0,1,-1,1,0,0,1621,-1,-1,-1,-1,-1,-1,2,0,0,0,0,0,2,0,19,3,8,41.98997392,-87.74847302
2,383792,-1,30,1,2,1,1,0,5,2,0,0,0,1,1,0,-1,25,6,314,-1,1,-1,-1,-1,-1,7,2,0,0,2,0,1,0,19,3,8,41.78046101,-87.59634922
0,387856,-1,30,1,2,0,1,10,5,-1,0,0,0,0,1,-1,1,16,-1,421,-1,-1,-1,-1,-1,-1,2,0,0,0,0,0,2,0,19,3,8,41.75185792,-87.56487799
0,383802,-1,30,2,2,0,4,0,5,2,0,0,0,1,1,-1,-1,17,16,2521,-1,-1,-1,-1,-1,-1,2,0,0,0,0,0,2,0,18,3,8,41.92676277,-87.75612212
0,385124,-1,30,2,2,0,1,8,5,-1,0,0,0,0,-1,-1,-1,0,-1,1431,-1,-1,-1,-1,-1,-1,2,0,0,0,0,0,2,0,18,3,8,41.92073413,-87.69404109
0,383866,-1,30,0,0,0,1,12,5,-1,0,0,0,0,-1,-1,1,21,0,2032,-1,-1,-1,-1,-1,-1,2,0,0,0,0,0,2,0,18,3,8,41.97599921,-87.66946379
-1,383911,0,35,1,0,0,1,14,1,3,0,0,0,0,-1,-1,1,22,23,131,-1,-1,-1,-1,-1,-1,-1,-1,-1,-1,-1,-1,-1,-1,18,3,8,41.86737777,-87.62428302
0,383764,-1,30,1,-1,2,1,10,5,2,2,1,-1,0,1,-1,-1,18,16,1414,-1,-1,-1,-1,-1,-1,2,0,0,0,0,0,3,0,18,3,8,41.92466549,-87.70071333
0,383819,-1,15,0,0,0,4,7,7,-1,0,0,0,0,-1,-1,-1,20,16,2531,-1,-1,-1,-1,-1,-1,2,0,0,0,0,0,1,0,18,3,8,41.902223,-87.76768778
0,383745,-1,40,0,0,0,1,10,3,8,0,0,0,1,-1,-1,-1,0,-1,1834,-1,-1,-1,-1,-1,-1,2,0,0,0,0,0,2,0,18,3,8,41.8901091,-87.61409179
0,383739,-1,30,1,2,0,1,10,3,-1,0,12,0,0,1,-1,-1,0,-1,1411,-1,-1,-1,-1,-1,-1,2,0,0,0,0,0,3,0,18,3,8,41.92866979,-87.68792224
0,383736,-1,30,0,0,0,1,14,5,-1,0,0,0,1,-1,-1,-1,17,17,1613,-1,-1,-1,-1,-1,-1,2,0,0,0,0,0,2,0,18,3,8,41.9815925,-87.80852405
0,383856,-1,30,0,0,0,1,12,2,-1,0,0,0,0,-1,-1,-1,21,21,2411,-1,-1,-1,-1,-1,-1,2,0,0,0,0,0,2,0,18,3,8,42.00903939,-87.6903184
0,388698,-1,30,1,2,0,1,14,5,4,0,0,0,0,1,-1,-1,0,0,2433,-1,-1,-1,-1,-1,-1,2,0,0,0,0,0,2,0,18,3,8,41.99277113,-87.66049975