MOST_SEVERE_INJURY,RD_NO,CRASH_DATE_EST_I,POSTED_SPEED_LIMIT,TRAFFIC_CONTROL_DEVICE,DEVICE_CONDITION,WEATHER_CONDITION,LIGHTING_CONDITION,FIRST_CRASH_TYPE,TRAFFICWAY_TYPE,LANE_CNT,ALIGNMENT,ROADWAY_SURFACE_COND,ROAD_DEFECT,CRASH_TYPE,INTERSECTION_RELATED_I,NOT_RIGHT_OF_WAY_I,HIT_AND_RUN_I,PRIM_CONTRIBUTORY_CAUSE,SEC_CONTRIBUTORY_CAUSE,BEAT_OF_OCCURRENCE,PHOTOS_TAKEN_I,STATEMENTS_TAKEN_I,DOORING_I,WORK_ZONE_I,WORK_ZONE_TYPE,WORKERS_PRESENT_I,NUM_UNITS,INJURIES_TOTAL,INJURIES_FATAL,INJURIES_INCAPACITATING,INJURIES_NON_INCAPACITATING,INJURIES_REPORTED_NOT_EVIDENT,INJURIES_NO_INDICATION,INJURIES_UNKNOWN,CRASH_HOUR,CRASH_DAY_OF_WEEK,CRASH_MONTH,LATITUDE,LONGITUDE
0,383715,-1,30,0,0,0,1,1,5,-1,0,0,0,0,1,-1,-1,5,-1,2433,-1,-1,-1,-1,-1,-1,2,0,0,0,0,0,2,0,18,3,8,41.99255652,-87.66511011
1,383688,-1,40,0,0,0,1,2,3,8,3,1,0,1,-1,-1,-1,27,0,1935,-1,-1,-1,-1,-1,-1,1,3,0,0,0,3,0,0,18,3,8,41.92788079,-87.63184319
0,383747,-1,30,0,0,0,1,10,5,-1,0,1,0,0,-1,-1,-1,0,0,1222,-1,-1,-1,-1,-1,-1,2,0,0,0,0,0,5,0,18,3,8,41.88565062,-87.68670067
0,383789,-1,20,0,0,0,1,0,7,1,0,0,-1,0,-1,-1,1,0,0,431,-1,-1,-1,-1,-1,-1,2,0,0,0,0,0,3,0,18,3,8,41.7222632,-87.58291764
0,383777,-1,25,2,2,0,1,0,6,2,0,1,-1,1,1,-1,-1,17,-1,2412,-1,-1,-1,-1,-1,-1,2,0,0,0,0,0,2,0,18,3,8,42.0029893,-87.69626907
0,383753,-1,20,0,0,0,1,0,7,1,0,0,0,0,-1,-1,-1,20,20,412,-1,-1,-1,-1,-1,-1,2,0,0,0,0,0,2,0,18,3,8,41.73679546,-87.58627251
0,383677,-1,30,1,2,0,1,12,5,-1,0,0,0,0,1,-1,-1,21,0,1922,-1,-1,-1,-1,-1,-1,2,0,0,0,0,0,2,0,18,3,8,41.95255855,-87.67747503
0,383880,-1,35,0,0,-1,3,12,6,2,0,-1,-1,0,-1,-1,-1,0,0,111,-1,-1,-1,-1,-1,-1,2,0,0,0,0,0,2,0,18,3,8,41.88555517,-87.62808273
0,383796,-1,35,2,2,0,1,7,5,2,0,1,0,0,-1,-1,1,-1,-1,634,-1,-1,-1,-1,-1,-1,2,0,0,0,0,0,1,0,18,3,8,41.72634637,-87.62622049
0,383733,0,30,0,0,0,1,7,5,-1,0,0,0,0,-1,-1,-1,12,0,2534,-1,-1,-1,-1,-1,-1,2,0,0,0,0,0,2,0,18,3,8,41.91519735,-87.72664923
0,383675,-1,20,0,0,0,1,0,5,-1,0,0,-1,0,-1,-1,-1,23,0,413,-1,-1,-1,-1,-1,-1,2,0,0,0,0,0,6,0,18,3,8,41.72259147,-87.57429098
0,383668,-1,30,0,0,2,1,10,6,-1,0,1,0,0,-1,-1,-1,34,34,2432,-1,-1,-1,-1,-1,-1,2,0,0,0,0,0,3,0,18,3,8,42.00519033,-87.67547152
0,383681,-1,40,0,0,0,1,12,3,-1,0,-1,0,0,-1,-1,-1,11,-1,1925,-1,-1,-1,-1,-1,-1,2,0,0,0,0,0,2,0,17,3,8,41.94050251,-87.63844367
0,383666,-1,30,1,2,1,1,10,2,-1,0,1,0,0,-1,-1,1,18,-1,1722,-1,-1,-1,-1,-1,-1,2,0,0,0,0,0,3,0,17,3,8,41.96200875,-87.73148121
0,383616,-1,30,0,0,0,1,0,2,2,0,1,0,1,-1,-1,-1,33,0,2212,-1,-1,-1,-1,-1,-1,2,0,0,0,0,0,2,0,17,3,8,41.69187829,-87.68371146
0,383725,-1,35,2,2,2,1,14,2,2,0,1,0,0,1,-1,-1,17,23,821,-1,-1,-1,-1,-1,-1,2,0,0,0,0,0,2,0,17,3,8,41.81366193,-87.70517436
2,383648,-1,30,0,0,0,1,14,5,2,0,0,0,1,-1,-1,-1,23,-1,431,-1,-1,-1,-1,-1,-1,3,1,0,0,1,0,1,0,17,3,8,41.71422157,-87.55961233
0,383740,-1,40,1,2,0,1,10,3,9,0,0,0,0,-1,-1,1,16,-1,1833,-1,-1,-1,-1,-1,-1,3,0,0,0,0,0,3,0,17,3,8,41.89665568,-87.61638748
0,383734,-1,30,2,2,0,1,14,5,4,0,0,0,0,1,-1,-1,17,11,821,-1,-1,-1,-1,-1,-1,2,0,0,0,0,0,3,0,17,3,8,41.81275676,-87.706186
0,383841,-1,30,1,2,2,1,10,5,-1,0,1,0,0,-1,-1,-1,18,-1,1621,-1,-1,-1,-1,-1,-1,2,0,0,0,0,0,3,0,17,3,8,41.99724054,-87.76366894
2,383615,-1,30,0,0,0,1,5,6,1,0,1,12,1,-1,-1,0,28,-1,1512,-1,-1,-1,-1,-1,-1,1,1,0,0,1,0,0,0,17,3,8,41.88606534,-87.76657418
0,383844,-1,5,0,0,0,1,12,7,2,0,0,0,0,-1,1,-1,0,0,1833,-1,-1,-1,-1,-1,-1,2,0,0,0,0,0,2,0,17,3,8,41.89928099,-87.61889451
0,384775,-1,30,0,0,0,1,7,6,-1,0,0,0,0,-1,-1,1,-1,-1,2514,-1,-1,-1,-1,-1,-1,2,0,0,0,0,0,1,0,17,3,8,41.93034981,-87.76390277
0,383784,-1,30,1,2,0,1,10,5,-1,0,0,0,0,-1,-1,-1,18,-1,1614,-1,-1,-1,-1,-1,-1,2,0,0,0,0,0,2,0,17,3,8,41.9663566,-87.84375999
0,383680,-1,30,0,0,2,1,10,5,4,0,1,0,0,-1,-1,-1,0,-1,1823,-1,-1,-1,-1,-1,-1,2,0,0,0,0,0,2,0,17,3,8,41.8965868,-87.64287235
0,383667,-1,30,0,0,2,1,12,5,4,0,1,0,0,-1,-1,-1,21,-1,1834,-1,-1,-1,-1,-1,-1,2,0,0,0,0,0,2,0,17,3,8,41.89483133,-87.6201668
0,383631,-1,30,0,0,2,1,10,5,2,0,1,0,1,-1,-1,-1,34,12,1712,-1,-1,-1,-1,-1,-1,3,0,0,0,0,0,4,0,17,3,8,41.97635024,-87.71370517
0,383586,0,50,1,2,0,2,10,3,3,0,1,0,0,-1,-1,-1,16,0,114,-1,-1,-1,-1,-1,-1,2,0,0,0,0,0,2,0,17,3,8,41.87190512,-87.61720058
0,383587,-1,30,-1,-1,-1,-1,10,-1,-1,0,-1,-1,0,-1,-1,-1,0,-1,1622,-1,-1,-1,-1,-1,-1,2,0,0,0,0,0,2,0,17,3,8,41.97576096,-87.77832527
0,383592,-1,30,0,0,2,1,12,5,-1,0,1,0,0,-1,-1,-1,21,17,122,-1,-1,-1,-1,-1,-1,2,0,0,0,0,0,2,0,17,3,8,41.88670659,-87.63162997
1,383585,-1,25,0,0,2,1,9,5,2,0,1,0,1,-1,-1,-1,-1,-1,1631,-1,-1,-1,-1,-1,-1,2,1,0,0,0,1,1,0,17,3,8,41.94312496,-87.82858763
0,383583,-1,30,0,0,1,1,10,3,4,0,1,0,0,-1,-1,1,18,0,1931,-1,-1,-1,-1,-1,-1,3,0,0,0,0,0,3,0,17,3,8,41.92817666,-87.66839737
0,383722,-1,30,0,0,0,1,12,6,1,0,0,0,0,-1,-1,-1,20,17,1132,-1,-1,-1,-1,-1,-1,2,0,0,0,0,0,7,0,17,3,8,41.87184307,-87.72767819
2,383584,-1,30,2,2,12,1,10,6,1,0,1,0,1,-1,-1,0,5,0,1522,-1,-1,-1,-1,-1,-1,2,1,0,0,1,0,3,0,17,3,8,41.87198594,-87.76098924
3,383548,-1,30,2,2,0,1,0,2,2,0,0,0,1,1,-1,-1,21,16,813,-1,-1,-1,-1,-1,-1,4,1,0,1,0,0,1,0,17,3,8,41.77860473,-87.72534986
0,383573,-1,30,0,0,0,1,14,12,3,0,1,0,0,-1,-1,-1,17,17,634,-1,-1,-1,-1,-1,-1,2,0,0,0,0,0,2,0,17,3,8,41.73429744,-87.62552511
0,383626,-1,5,0,0,2,1,11,7,2,0,1,0,0,-1,1,-1,0,-1,815,-1,-1,-1,-1,-1,-1,2,0,0,0,0,0,2,0,17,3,8,41.8005277,-87.72351928
0,383614,-1,30,1,2,0,1,10,5,4,0,1,0,1,-1,-1,-1,18,34,1632,-1,-1,-1,-1,-1,-1,2,0,0,0,0,0,2,0,17,3,8,41.95295691,-87.79057721
0,383624,-1,35,1,2,2,1,10,5,2,0,1,0,0,-1,-1,-1,0,0,911,-1,-1,-1,-1,-1,-1,2,0,0,0,0,0,2,0,17,3,8,41.83018726,-87.68517793
0,383601,-1,30,0,0,2,1,12,2,-1,0,1,0,0,-1,-1,1,21,34,1624,-1,-1,-1,-1,-1,-1,2,0,0,0,0,0,4,0,17,3,8,41.95342027,-87.75634779
0,383599,-1,30,0,0,-1,-1,10,5,2,0,-1,-1,0,-1,-1,-1,0,0,1223,-1,-1,-1,-1,-1,-1,2,0,0,0,0,0,2,0,17,3,8,41.88324938,-87.67719434
0,383534,-1,30,1,2,1,1,10,2,2,0,1,0,0,1,-1,1,6,25,832,-1,-1,-1,-1,-1,-1,3,0,0,0,0,0,5,0,17,3,8,41.76843205,-87.68408263
0,385916,-1,30,0,0,0,1,12,5,2,0,0,0,0,-1,-1,1,11,0,1733,-1,-1,-1,-1,-1,-1,2,0,0,0,0,0,3,0,17,3,8,41.94180906,-87.70293964
0,384018,1,25,0,0,0,3,7,6,1,0,-1,-1,0,-1,-1,-1,16,22,1915,-1,-1,-1,-1,-1,-1,2,0,0,0,0,0,1,0,17,3,8,41.95534142,-87.65237497
-1,383767,-1,30,0,0,0,1,10,2,-1,0,1,0,0,-1,-1,-1,0,0,1113,-1,-1,-1,-1,-1,-1,-1,-1,-1,-1,-1,-1,-1,-1,17,3,8,41.88064379,-87.74217193
0,383732,-1,35,0,0,2,1,10,3,4,1,1,0,1,-1,-1,-1,18,-1,1631,-1,-1,-1,-1,-1,-1,2,0,0,0,0,0,2,0,17,3,8,41.94718224,-87.83636547
0,383728,-1,30,1,2,2,1,2,3,4,0,1,0,1,-1,-1,-1,11,34,1834,-1,-1,-1,-1,-1,-1,1,0,0,0,0,0,1,0,17,3,8,-1,-1
0,383623,-1,30,0,0,2,1,14,3,4,0,1,0,1,-1,-1,1,14,17,614,-1,-1,-1,-1,-1,-1,2,0,0,0,0,0,2,0,17,3,8,41.7364487,-87.66293391
0,383536,-1,15,0,0,0,1,7,7,-1,0,1,0,0,-1,-1,1,20,-1,223,-1,-1,-1,-1,-1,-1,2,0,0,0,0,0,1,0,17,3,8,41.80299057,-87.60657241
0,383522,-1,20,0,0,2,1,7,6,-1,0,1,0,0,-1,-1,-1,0,0,414,-1,-1,-1,-1,-1,-1,2,0,0,0,0,0,1,0,17,3,8,41.75330924,-87.57642277
0,383651,-1,30,1,2,2,1,10,5,-1,0,1,0,0,-1,-1,-1,18,-1,1831,-1,-1,-1,-1,-1,-1,2,0,0,0,0,0,2,0,16,3,8,41.89012998,-87.63115697
1,383718,-1,30,1,2,1,1,10,5,4,5,1,0,1,1,-1,-1,16,15,114,-1,-1,-1,-1,-1,-1,3,1,0,0,0,1,2,0,16,3,8,41.88426217,-87.61630143
0,383562,-1,30,0,0,2,1,14,5,4,0,1,0,0,1,-1,-1,17,0,813,-1,-1,-1,-1,-1,-1,2,0,0,0,0,0,2,0,16,3,8,41.79134942,-87.72325532
0,383632,-1,30,0,0,0,1,3,2,-1,0,0,0,0,-1,-1,-1,16,17,815,-1,-1,-1,-1,-1,-1,2,0,0,0,0,0,2,0,16,3,8,41.79850504,-87.72345874
0,383581,-1,30,-1,-1,0,1,14,5,2,0,0,0,0,1,-1,-1,0,0,1213,-1,-1,-1,-1,-1,-1,2,0,0,0,0,0,2,0,16,3,8,41.89971025,-87.66100792
0,383574,-1,35,0,0,0,1,12,3,-1,0,1,0,0,-1,-1,1,22,22,114,-1,-1,-1,-1,-1,-1,2,0,0,0,0,0,2,0,16,3,8,41.8808574,-87.61739714
2,383673,-1,30,1,2,2,1,10,3,4,0,1,-1,1,1,-1,-1,18,15,1214,-1,-1,-1,-1,-1,-1,3,1,0,0,1,0,2,0,16,3,8,41.89620057,-87.6545048
0,383644,-1,30,1,0,0,1,0,5,2,0,0,0,0,1,-1,-1,6,6,522,-1,-1,-1,-1,-1,-1,2,0,0,0,0,0,3,0,16,3,8,41.67787849,-87.62760483
0,383505,-1,20,0,0,2,1,0,12,2,0,1,0,1,-1,-1,1,17,-1,1022,-1,-1,-1,-1,-1,-1,2,0,0,0,0,0,2,0,16,3,8,41.85650693,-87.70074656
0,383486,-1,30,0,0,0,1,10,5,-1,0,0,-1,0,-1,-1,-1,21,0,432,-1,-1,-1,-1,-1,-1,2,0,0,0,0,0,2,0,16,3,8,41.7167549,-87.53542861
0,386540,-1,15,0,0,2,1,7,12,-1,0,1,12,0,-1,-1,1,0,0,2512,-1,-1,-1,1,2,-1,2,0,0,0,0,0,1,0,16,3,8,41.91961167,-87.78945368
0,383544,-1,35,0,0,2,1,10,5,2,0,1,0,0,-1,-1,-1,0,0,1033,-1,-1,-1,-1,-1,-1,2,0,0,0,0,0,2,0,16,3,8,41.83727705,-87.69517225
0,383512,-1,30,0,0,2,1,10,5,-1,0,1,-1,0,-1,-1,-1,0,0,1624,-1,-1,-1,-1,-1,-1,3,0,0,0,0,0,3,0,16,3,8,41.96057503,-87.75077403
2,383508,1,30,2,2,2,1,8,5,-1,0,1,0,1,-1,-1,-1,5,21,1922,-1,-1,-1,-1,-1,-1,1,1,0,0,1,0,0,0,16,3,8,41.95244205,-87.67864484
1,383498,-1,30,0,0,2,1,10,2,-1,0,1,0,1,-1,-1,-1,18,18,811,-1,-1,-1,-1,-1,-1,2,2,0,0,0,2,3,0,16,3,8,41.79192371,-87.79756728
0,383665,-1,30,0,0,0,1,2,5,-1,0,0,0,1,-1,-1,-1,-1,-1,1512,-1,-1,-1,-1,-1,-1,1,0,0,0,0,0,1,0,16,3,8,41.88606534,-87.76657418
0,383605,-1,35,0,0,1,1,11,5,2,0,1,0,1,-1,-1,-1,25,0,1023,-1,-1,-1,-1,-1,-1,3,0,0,0,0,0,3,0,16,3,8,41.85382873,-87.6956564
0,383593,-1,30,0,0,2,1,14,3,4,0,1,-1,0,1,-1,-1,33,0,1215,-1,-1,-1,-1,-1,-1,2,0,0,0,0,0,3,0,16,3,8,41.88866538,-87.66721238
0,383577,-1,30,0,0,2,1,7,5,2,0,1,0,0,-1,-1,-1,17,0,924,-1,-1,-1,-1,-1,-1,2,0,0,0,0,0,7,0,16,3,8,41.80854211,-87.68208382
0,383537,-1,30,0,0,2,1,10,5,4,5,1,0,0,-1,-1,-1,34,16,331,-1,-1,-1,-1,-1,-1,3,0,0,0,0,0,3,0,16,3,8,41.79142028,-87.58014777
0,383492,-1,30,0,0,2,1,0,5,1,0,1,-1,1,1,-1,-1,-1,-1,2012,-1,-1,-1,-1,-1,-1,3,0,0,0,0,0,3,0,16,3,8,41.97888599,-87.66845764
0,384542,-1,30,1,2,2,1,10,5,4,0,1,0,0,1,-1,-1,18,34,1231,-1,-1,-1,-1,-1,-1,2,0,0,0,0,0,2,0,16,3,8,41.86697112,-87.66650974
0,383510,-1,30,1,2,2,1,0,6,2,0,1,0,0,1,-1,-1,0,0,1834,-1,-1,-1,-1,-1,-1,2,0,0,0,0,0,3,0,16,3,8,41.89260251,-87.62682327
0,383474,-1,20,0,0,2,1,7,6,1,0,1,-1,0,-1,-1,1,0,-1,1014,-1,-1,-1,-1,-1,-1,2,0,0,0,0,0,1,0,16,3,8,41.85197143,-87.72279321
0,383458,-1,30,0,0,2,1,12,2,2,0,1,0,0,-1,-1,-1,0,0,823,-1,-1,-1,-1,-1,-1,2,0,0,0,0,0,2,0,16,3,8,41.77908151,-87.70326037
2,383514,-1,0,1,2,2,1,9,2,4,0,1,0,1,1,-1,1,0,34,2013,-1,-1,-1,-1,-1,-1,2,1,0,0,1,0,1,0,16,3,8,41.98005977,-87.66011824
0,383476,-1,30,0,0,2,1,0,2,-1,0,1,0,0,-1,-1,1,17,0,1211,-1,-1,-1,-1,-1,-1,2,0,0,0,0,0,2,0,16,3,8,41.90289953,-87.69702554
0,385342,-1,10,0,0,-1,1,7,12,1,0,-1,-1,0,-1,-1,1,0,0,1831,-1,-1,-1,-1,-1,-1,2,0,0,0,0,0,1,0,16,3,8,41.89241902,-87.63986411
0,383861,1,30,0,0,0,1,7,5,-1,0,0,0,0,-1,-1,1,-1,-1,815,-1,-1,-1,-1,-1,-1,2,0,0,0,0,0,1,0,16,3,8,41.80904836,-87.74089643
0,383504,-1,30,1,2,0,1,10,2,6,0,0,0,0,1,-1,-1,16,-1,814,-1,-1,-1,-1,-1,-1,2,0,0,0,0,0,2,0,16,3,8,41.79796671,-87.74846646
0,383489,-1,30,1,2,2,1,10,5,-1,0,1,0,0,-1,-1,-1,18,0,233,-1,-1,-1,-1,-1,-1,2,0,0,0,0,0,4,0,16,3,8,41.79100814,-87.60629416
0,383482,-1,35,0,2,2,4,12,3,2,0,1,0,0,-1,-1,-1,22,-1,834,-1,-1,-1,-1,-1,-1,2,0,0,0,0,0,3,0,16,3,8,41.74956482,-87.72819909
0,383460,-1,30,0,0,2,1,10,3,4,0,1,0,0,-1,-1,1,18,34,2413,-1,-1,-1,-1,-1,-1,2,0,0,0,0,0,2,0,16,3,8,41.99112029,-87.70833629
0,383463,1,30,1,2,2,1,10,5,2,0,1,0,1,1,-1,-1,15,18,131,-1,-1,-1,-1,-1,-1,3,0,0,0,0,0,3,0,15,3,8,41.84835032,-87.62712451
2,383421,-1,30,1,2,2,1,9,5,3,0,1,0,1,-1,-1,-1,17,34,1832,-1,-1,-1,-1,-1,-1,2,1,0,0,1,0,4,0,15,3,8,41.89476515,-87.62822906
0,383453,-1,30,1,2,2,1,10,3,3,0,1,0,0,1,-1,-1,18,34,1224,-1,-1,-1,-1,-1,-1,2,0,0,0,0,0,2,0,15,3,8,41.88444111,-87.66340343
0,383556,-1,30,0,0,0,1,0,5,2,0,0,-1,0,-1,-1,-1,17,-1,121,-1,-1,-1,-1,-1,-1,2,0,0,0,0,0,2,0,15,3,8,41.88558623,-87.64429836
3,383497,-1,35,2,2,2,1,10,5,2,0,1,0,1,-1,-1,-1,18,16,623,-1,-1,-1,-1,-1,-1,2,1,0,1,0,0,1,0,15,3,8,41.75266909,-87.62969117
0,383410,-1,35,2,2,2,1,10,5,-1,0,1,0,0,-1,-1,-1,16,34,322,-1,-1,-1,-1,-1,-1,2,0,0,0,0,0,4,0,15,3,8,41.77291003,-87.61559471
0,383579,-1,30,1,-1,2,1,0,5,-1,0,-1,-1,0,-1,-1,-1,-1,-1,2531,-1,-1,-1,-1,-1,-1,2,0,0,0,0,0,3,0,15,3,8,41.90942818,-87.77030562
2,383414,-1,30,1,2,2,1,9,5,-1,0,1,0,1,0,-1,0,0,34,1522,-1,-1,-1,-1,-1,-1,2,1,0,0,1,0,1,0,15,3,8,41.87661104,-87.7550745
0,383446,-1,10,0,0,2,1,7,7,-1,0,1,0,0,-1,1,1,0,-1,1713,-1,-1,-1,-1,-1,-1,2,0,0,0,0,0,1,0,15,3,8,41.96576179,-87.708539
0,383440,-1,35,0,0,2,1,12,5,-1,0,1,0,0,-1,-1,1,0,-1,1622,-1,-1,-1,-1,-1,-1,2,0,0,0,0,0,2,0,15,3,8,41.97039647,-87.77843345
0,383403,-1,30,0,0,2,1,10,5,4,0,1,-1,1,-1,-1,-1,34,0,813,-1,-1,-1,-1,-1,-1,2,0,0,0,0,0,7,0,15,3,8,41.77826666,-87.75641558
0,383401,-1,35,0,0,2,1,12,3,4,1,1,0,0,-1,-1,-1,16,17,1215,0,0,-1,-1,-1,-1,2,0,0,0,0,0,2,0,15,3,8,41.89516943,-87.65574005
0,384528,-1,25,0,0,0,1,10,5,-1,0,0,0,0,-1,-1,1,0,18,1931,-1,-1,-1,-1,-1,-1,4,0,0,0,0,0,4,0,15,3,8,41.92950179,-87.66844378
0,383405,-1,30,2,2,2,1,0,2,2,0,1,0,1,-1,-1,-1,5,-1,1712,-1,-1,-1,-1,-1,-1,2,0,0,0,0,0,2,0,15,3,8,41.96831343,-87.73134974
0,386121,-1,30,0,0,2,1,12,3,-1,0,1,0,0,-1,-1,1,17,-1,1921,-1,-1,-1,-1,-1,-1,2,0,0,0,0,0,3,0,15,3,8,41.95401447,-87.68095089
2,383494,-1,30,0,0,2,1,8,7,-1,0,1,0,1,-1,-1,-1,34,-1,124,-1,-1,-1,-1,-1,-1,2,1,0,0,1,0,1,0,15,3,8,41.86554095,-87.64051974
0,383406,-1,30,1,2,2,1,14,5,2,0,1,0,0,1,-1,-1,23,-1,114,-1,-1,-1,-1,-1,-1,2,0,0,0,0,0,2,0,15,3,8,41.87584818,-87.62324705
0,383364,-1,30,0,0,0,1,10,6,-1,0,0,-1,0,-1,-1,-1,20,-1,2515,-1,-1,-1,-1,-1,-1,2,0,0,0,0,0,2,0,15,3,8,41.92215353,-87.75753857
2,383356,-1,30,0,2,1,1,9,6,3,0,0,0,1,-1,-1,1,0,0,513,-1,-1,-1,-1,-1,-1,2,2,0,0,2,0,0,0,15,3,8,41.69819209,-87.62084505
0,383361,-1,30,1,2,2,1,12,6,3,0,1,0,0,-1,-1,-1,22,0,122,-1,-1,-1,-1,-1,-1,2,0,0,0,0,0,2,0,14,3,8,41.87961026,-87.63097225
0,383423,-1,30,0,0,2,1,12,2,-1,0,1,0,0,-1,-1,-1,34,17,821,-1,-1,-1,-1,-1,-1,2,0,0,0,0,0,2,0,14,3,8,41.81801875,-87.72379038
0,383335,-1,30,3,2,2,1,14,5,4,0,1,0,0,1,-1,-1,33,0,921,-1,-1,-1,-1,-1,-1,2,0,0,0,0,0,2,0,14,3,8,41.81581431,-87.68398029
0,383419,-1,30,0,0,-1,1,7,2,-1,0,-1,0,0,-1,-1,1,0,-1,1232,-1,-1,-1,-1,-1,-1,2,0,0,0,0,0,1,0,14,3,8,41.86623146,-87.65116735
0,383393,-1,30,0,0,2,1,2,5,2,0,1,0,0,-1,1,1,0,0,1121,-1,-1,-1,-1,-1,-1,1,0,0,0,0,0,1,0,14,3,8,41.89557127,-87.7162551
2,383365,-1,30,1,0,2,1,14,5,4,0,1,0,1,1,-1,-1,17,-1,1622,-1,-1,-1,-1,-1,-1,3,1,0,0,1,0,2,0,14,3,8,41.96843392,-87.78786656
1,383345,-1,30,2,2,0,1,10,5,2,0,0,0,1,-1,-1,-1,18,11,523,-1,-1,-1,-1,-1,-1,2,1,0,0,0,1,1,0,14,3,8,41.66798719,-87.62245247
0,383324,0,20,0,0,0,1,2,12,0,0,0,3,0,-1,1,-1,0,0,733,-1,-1,-1,-1,-1,-1,1,0,0,0,0,0,1,0,14,3,8,41.75892669,-87.6492534
0,383319,-1,30,2,2,2,1,14,5,-1,0,1,0,0,-1,-1,-1,34,-1,1632,-1,-1,-1,-1,-1,-1,2,0,0,0,0,0,3,0,14,3,8,41.94921813,-87.79619837
0,383318,-1,30,0,0,2,1,14,2,4,0,1,0,1,-1,-1,-1,17,-1,1723,-1,-1,-1,-1,-1,-1,2,0,0,0,0,0,2,0,14,3,8,41.96780983,-87.72786762
0,383830,-1,25,0,0,0,1,12,6,2,0,0,0,0,-1,-1,-1,0,-1,122,-1,-1,-1,-1,-1,-1,2,0,0,0,0,0,2,0,14,3,8,41.88331764,-87.63318772
0,383415,1,30,0,0,2,1,7,7,0,0,1,0,0,-1,-1,1,0,-1,1512,-1,-1,-1,-1,-1,-1,2,0,0,0,0,0,1,0,14,3,8,41.88708784,-87.76680476
0,383387,-1,30,2,2,2,1,0,5,-1,0,1,0,0,1,-1,-1,17,17,624,-1,-1,-1,-1,-1,-1,2,0,0,0,0,0,2,0,14,3,8,41.75120553,-87.60269423
0,383374,-1,30,0,0,0,1,7,5,2,0,0,0,0,-1,-1,-1,0,-1,1233,-1,-1,-1,-1,-1,-1,2,0,0,0,0,0,2,0,14,3,8,41.86373439,-87.67631269
0,383366,-1,30,0,0,2,1,0,6,1,0,1,0,0,-1,-1,-1,0,0,1831,-1,-1,-1,-1,-1,-1,2,0,0,0,0,0,3,0,14,3,8,41.89647107,-87.64308929
0,383327,-1,30,0,0,0,1,10,6,2,0,0,0,0,-1,-1,-1,18,0,1231,-1,-1,-1,-1,-1,-1,3,0,0,0,0,0,5,0,14,3,8,41.87525052,-87.66913875
0,383298,-1,30,0,0,0,1,10,5,-1,0,0,0,0,-1,-1,1,-1,-1,1512,-1,-1,-1,-1,-1,-1,2,0,0,0,0,0,2,0,14,3,8,41.88780462,-87.7652685
0,383354,-1,30,1,2,2,1,14,2,4,0,1,0,0,1,-1,-1,17,17,821,-1,-1,-1,-1,-1,-1,2,0,0,0,0,0,3,0,14,3,8,41.81525682,-87.72371734
0,388224,-1,35,0,12,0,1,7,7,-1,0,0,-1,0,-1,-1,-1,0,0,2233,-1,-1,-1,-1,-1,-1,2,0,0,0,0,0,1,0,14,3,8,41.68617986,-87.63387129
0,383308,-1,30,0,0,2,1,0,5,-1,0,1,0,0,1,-1,-1,17,17,224,-1,-1,-1,-1,-1,-1,2,0,0,0,0,0,3,0,14,3,8,41.80919351,-87.62297931
0,383427,-1,30,1,2,0,1,12,5,-1,0,0,0,0,-1,-1,1,0,0,1232,-1,-1,-1,-1,-1,-1,2,0,0,0,0,0,7,0,14,3,8,41.87918309,-87.64742623
0,383395,-1,25,0,0,2,1,10,2,2,0,1,0,1,-1,-1,-1,7,18,1212,-1,-1,-1,-1,-1,-1,2,0,0,0,0,0,2,0,14,3,8,41.90289801,-87.68783815
0,383315,-1,30,1,2,2,1,10,5,2,0,0,0,0,-1,-1,-1,18,-1,1224,-1,-1,-1,-1,-1,-1,2,0,0,0,0,0,3,0,14,3,8,41.88295683,-87.6568511
0,383290,-1,30,1,2,2,1,10,5,-1,0,1,0,0,1,-1,-1,34,-1,1921,-1,-1,-1,-1,-1,-1,2,0,0,0,0,0,2,0,14,3,8,41.95042134,-87.68850982
0,383351,-1,30,0,0,1,1,0,6,1,0,1,-1,0,-1,-1,1,17,-1,1031,-1,-1,-1,-1,-1,-1,2,0,0,0,0,0,2,0,14,3,8,41.8437936,-87.73047109
0,383412,-1,30,0,0,0,1,7,6,-1,0,0,0,1,-1,-1,-1,16,7,411,-1,-1,-1,-1,-1,-1,2,0,0,0,0,0,1,0,14,3,8,41.74894623,-87.59163354
0,383353,-1,35,0,0,0,1,0,5,-1,0,0,0,0,-1,-1,1,0,0,2523,-1,-1,-1,-1,-1,-1,2,0,0,0,0,0,2,0,14,3,8,41.9389817,-87.7275342
0,383334,-1,30,1,2,2,1,14,3,2,0,1,0,0,1,-1,-1,22,-1,123,-1,-1,-1,-1,-1,-1,2,0,0,0,0,0,2,0,14,3,8,41.86750701,-87.62727445
0,384590,-1,25,0,0,0,1,12,5,-1,0,0,0,0,-1,-1,-1,17,17,1822,-1,-1,-1,-1,-1,-1,2,0,0,0,0,0,2,0,14,3,8,41.90352609,-87.64815978
0,384450,-1,10,0,0,-1,1,14,7,2,0,-1,0,0,-1,1,-1,17,-1,822,-1,-1,-1,-1,-1,-1,2,0,0,0,0,0,3,0,14,3,8,41.79983442,-87.72320456