MOST_SEVERE_INJURY,RD_NO,CRASH_DATE_EST_I,POSTED_SPEED_LIMIT,TRAFFIC_CONTROL_DEVICE,DEVICE_CONDITION,WEATHER_CONDITION,LIGHTING_CONDITION,FIRST_CRASH_TYPE,TRAFFICWAY_TYPE,LANE_CNT,ALIGNMENT,ROADWAY_SURFACE_COND,ROAD_DEFECT,CRASH_TYPE,INTERSECTION_RELATED_I,NOT_RIGHT_OF_WAY_I,HIT_AND_RUN_I,PRIM_CONTRIBUTORY_CAUSE,SEC_CONTRIBUTORY_CAUSE,BEAT_OF_OCCURRENCE,PHOTOS_TAKEN_I,STATEMENTS_TAKEN_I,DOORING_I,WORK_ZONE_I,WORK_ZONE_TYPE,WORKERS_PRESENT_I,NUM_UNITS,INJURIES_TOTAL,INJURIES_FATAL,INJURIES_INCAPACITATING,INJURIES_NON_INCAPACITATING,INJURIES_REPORTED_NOT_EVIDENT,INJURIES_NO_INDICATION,INJURIES_UNKNOWN,CRASH_HOUR,CRASH_DAY_OF_WEEK,CRASH_MONTH,LATITUDE,LONGITUDE
0,383297,-1,30,0,0,0,1,10,5,-1,0,0,0,0,-1,-1,-1,0,-1,1732,-1,-1,-1,-1,-1,-1,3,0,0,0,0,0,3,0,14,3,8,41.94634684,-87.7211678
0,383291,-1,30,0,0,0,1,14,5,-1,0,0,0,0,-1,-1,-1,17,22,833,-1,-1,-1,-1,-1,-1,2,0,0,0,0,0,2,0,14,3,8,41.77148278,-87.72263984
0,383286,-1,30,1,-1,-1,-1,14,5,2,0,-1,-1,0,1,-1,-1,0,0,1222,-1,-1,-1,-1,-1,-1,2,0,0,0,0,0,2,0,14,3,8,41.88414252,-87.70143989
0,383274,-1,30,1,2,2,1,12,5,-1,0,1,0,0,-1,-1,-1,22,34,2013,-1,-1,-1,-1,-1,-1,2,0,0,0,0,0,2,0,14,3,8,41.98170476,-87.66016364
0,383280,-1,30,1,2,2,1,0,2,4,0,1,0,1,-1,-1,-1,17,21,1112,-1,-1,-1,-1,-1,-1,2,0,0,0,0,0,5,0,13,3,8,41.89546215,-87.72593681
0,383755,-1,30,0,0,2,1,12,5,-1,0,0,0,0,-1,-1,-1,17,-1,1822,-1,-1,-1,-1,-1,-1,2,0,0,0,0,0,2,0,13,3,8,41.90363993,-87.65554697
0,384724,-1,30,2,2,0,1,10,5,2,0,0,0,0,1,-1,-1,0,0,1811,-1,-1,-1,-1,-1,-1,2,0,0,0,0,0,2,0,13,3,8,41.9199355,-87.65842848
0,384777,-1,30,1,2,2,1,10,5,-1,0,1,0,0,-1,-1,-1,0,-1,1221,-1,-1,-1,-1,-1,-1,2,0,0,0,0,0,2,0,13,3,8,41.89379723,-87.70200421
0,383376,-1,35,1,2,2,0,10,3,2,0,1,-1,0,1,-1,-1,15,34,1133,-1,-1,-1,-1,-1,-1,2,0,0,0,0,0,2,0,13,3,8,41.87076147,-87.71952858
0,383303,-1,30,0,0,0,1,0,5,-1,0,0,0,0,-1,-1,1,0,0,1235,-1,-1,-1,-1,-1,-1,2,0,0,0,0,0,2,0,13,3,8,41.85427482,-87.6643486
2,383265,-1,35,2,2,2,2,14,5,2,0,1,0,1,-1,-1,-1,14,-1,1132,-1,-1,-1,-1,-1,-1,2,1,0,0,1,0,1,0,13,3,8,41.8715605,-87.73014576
0,384326,-1,30,2,2,2,1,12,5,2,0,0,0,0,-1,-1,-1,21,0,911,-1,-1,-1,-1,-1,-1,2,0,0,0,0,0,2,0,13,3,8,41.83773522,-87.68535751
2,383320,-1,30,1,2,2,1,3,5,4,0,1,0,1,1,-1,-1,17,0,1421,-1,-1,-1,-1,-1,-1,2,1,0,0,1,0,2,0,13,3,8,41.91571189,-87.70218517
0,385022,-1,30,0,0,0,1,7,2,-1,0,0,0,0,-1,-1,-1,-1,4,1232,-1,-1,-1,-1,-1,-1,2,0,0,0,0,0,1,0,13,3,8,41.87772021,-87.65469
0,383462,-1,15,0,0,0,1,7,7,1,0,0,0,0,-1,-1,-1,16,16,1225,-1,-1,-1,-1,-1,-1,2,0,0,0,0,0,1,0,13,3,8,41.86674477,-87.68447465
0,383459,-1,30,0,0,0,1,7,6,-1,0,0,0,0,-1,-1,-1,20,11,1834,-1,-1,-1,-1,-1,-1,2,0,0,0,0,0,1,0,13,3,8,41.8924518,-87.62256645
1,383229,-1,30,0,0,-1,-1,10,5,4,0,-1,-1,1,-1,-1,1,0,0,1222,-1,-1,-1,-1,-1,-1,2,1,0,0,0,1,2,0,13,3,8,41.88402325,-87.68665865
0,383254,-1,30,0,0,0,1,7,6,-1,0,0,0,0,-1,-1,-1,20,-1,913,-1,-1,-1,-1,-1,-1,2,0,0,0,0,0,1,0,13,3,8,41.83846552,-87.6483109
0,383222,-1,35,1,2,1,1,7,12,2,0,0,-1,0,-1,-1,-1,-1,-1,1533,-1,-1,-1,-1,-1,-1,2,0,0,0,0,0,1,0,13,3,8,41.88164028,-87.75034304
0,383342,-1,30,-1,-1,-1,-1,10,5,2,0,-1,-1,0,-1,-1,-1,0,0,1211,-1,-1,-1,-1,-1,-1,2,0,0,0,0,0,3,0,13,3,8,41.89571303,-87.70235443
3,383212,-1,30,0,0,0,1,10,3,4,0,0,0,1,-1,-1,-1,20,10,1935,-1,-1,-1,-1,-1,-1,5,6,0,1,5,0,0,0,13,3,8,41.92788079,-87.63184319
0,383506,-1,30,0,0,2,1,2,7,-1,0,1,0,0,-1,1,-1,0,0,2535,-1,-1,-1,-1,-1,-1,1,0,0,0,0,0,1,0,13,3,8,41.90278631,-87.72606012
0,383293,-1,30,0,0,0,1,10,5,2,0,0,-1,0,-1,-1,1,0,-1,1215,-1,-1,-1,-1,-1,-1,2,0,0,0,0,0,2,0,13,3,8,41.88568065,-87.66684027
0,383214,-1,25,0,0,0,1,0,6,1,0,0,0,0,-1,-1,-1,17,-1,1712,1,-1,-1,-1,-1,-1,2,0,0,0,0,0,2,0,13,3,8,41.97655401,-87.71098513
0,387979,-1,30,0,0,0,-1,7,6,-1,0,-1,0,1,-1,-1,1,0,-1,1111,-1,-1,-1,-1,-1,-1,2,0,0,0,0,0,1,0,13,3,8,41.89699261,-87.7312945
3,383836,-1,25,0,0,0,1,9,5,2,0,1,0,1,-1,-1,1,17,23,2411,-1,-1,-1,-1,-1,-1,2,1,0,1,0,0,1,0,13,3,8,42.01308227,-87.69985596
0,383656,-1,30,0,0,0,1,12,5,3,0,0,0,0,-1,-1,-1,0,0,122,-1,-1,-1,-1,-1,-1,2,0,0,0,0,0,2,0,13,3,8,41.88667922,-87.63528278
0,383333,-1,40,0,0,0,1,12,8,-1,0,0,0,0,-1,-1,-1,21,0,1833,-1,-1,-1,-1,-1,-1,2,0,0,0,0,0,4,0,13,3,8,41.89810585,-87.61809722
2,383207,-1,30,1,2,0,1,8,5,2,0,0,0,1,-1,-1,1,17,-1,1821,-1,-1,-1,-1,-1,-1,2,1,0,0,1,0,1,0,13,3,8,41.90588039,-87.63165813
0,383196,-1,30,2,2,0,1,10,5,3,0,0,0,0,-1,-1,1,18,18,723,-1,-1,-1,-1,-1,-1,2,0,0,0,0,0,2,0,12,3,8,41.7796575,-87.64493099
0,383223,-1,30,1,2,0,1,12,6,-1,0,0,0,0,-1,-1,-1,0,0,124,-1,-1,-1,-1,-1,-1,2,0,0,0,0,0,3,0,12,3,8,41.87433384,-87.64227556
1,383186,-1,20,2,2,0,1,14,5,2,0,0,0,1,1,-1,1,20,0,2232,-1,-1,-1,-1,-1,-1,2,1,0,0,0,1,1,0,12,3,8,41.71077583,-87.63547647
0,383404,-1,30,1,2,0,1,14,5,4,0,0,0,0,-1,-1,1,23,17,1931,-1,-1,-1,-1,-1,-1,2,0,0,0,0,0,2,0,12,3,8,41.92526057,-87.66820647
0,383238,0,30,0,0,0,1,2,5,4,0,0,0,0,-1,-1,-1,3,7,732,-1,-1,-1,-1,-1,-1,1,0,0,0,0,0,1,0,12,3,8,41.76516692,-87.63963563
0,384004,-1,35,0,0,0,1,12,1,4,0,0,0,0,-1,-1,-1,22,22,114,-1,-1,-1,-1,-1,-1,2,0,0,0,0,0,2,0,12,3,8,41.87584442,-87.62352412
0,386052,-1,35,0,0,-1,1,12,5,-1,0,-1,0,0,-1,-1,1,21,-1,1122,-1,-1,-1,-1,-1,-1,2,0,0,0,0,0,2,0,12,3,8,41.8821345,-87.72097535
0,385134,-1,20,0,0,0,1,10,2,4,0,0,-1,0,-1,-1,-1,18,18,2433,-1,-1,-1,-1,-1,-1,2,0,0,0,0,0,2,0,12,3,8,41.99246907,-87.6556066
0,383837,1,30,0,0,2,1,7,5,2,0,-1,-1,0,-1,-1,1,0,0,1223,-1,-1,-1,-1,-1,-1,2,0,0,0,0,0,1,0,12,3,8,41.88514758,-87.67518178
0,383154,-1,30,1,2,0,1,7,5,2,0,0,0,0,-1,-1,-1,0,-1,1623,-1,-1,-1,-1,-1,-1,2,0,0,0,0,0,3,0,12,3,8,41.96935361,-87.76220142
0,383169,-1,30,0,0,0,1,12,5,4,0,0,0,1,-1,-1,-1,0,-1,2423,-1,-1,-1,-1,-1,-1,3,0,0,0,0,0,2,0,12,3,8,42.01030634,-87.66230165
0,383250,-1,35,0,0,1,1,10,2,2,0,-1,-1,0,-1,-1,1,18,18,1712,-1,-1,-1,-1,-1,-1,2,0,0,0,0,0,2,0,12,3,8,41.96846806,-87.71756705
0,383191,-1,30,0,0,0,1,10,5,-1,0,0,0,0,-1,-1,-1,18,18,725,-1,-1,-1,-1,-1,-1,2,0,0,0,0,0,3,0,12,3,8,41.77523121,-87.66424842
0,383156,-1,0,0,0,0,1,7,7,0,0,0,0,0,-1,1,-1,27,0,1822,-1,-1,-1,-1,-1,-1,2,0,0,0,0,0,1,0,12,3,8,41.90450211,-87.64826687
0,383119,-1,30,1,2,0,1,14,5,-1,0,0,0,1,-1,-1,-1,16,33,234,-1,-1,-1,-1,-1,-1,2,0,0,0,0,0,2,0,12,3,8,41.79946827,-87.58639503
0,383903,-1,0,0,0,0,1,7,7,-1,0,0,0,0,-1,1,-1,0,0,811,-1,-1,-1,-1,-1,-1,2,0,0,0,0,0,1,0,12,3,8,41.79544485,-87.76338921
0,383160,-1,35,1,2,1,1,14,5,4,0,0,0,0,1,-1,-1,0,-1,1621,-1,-1,-1,-1,-1,-1,2,0,0,0,0,0,2,0,12,3,8,42.01189288,-87.78446269
0,383158,-1,20,2,0,0,1,0,5,2,0,0,0,1,1,-1,-1,5,-1,215,-1,-1,-1,-1,-1,-1,2,0,0,0,0,0,2,0,12,3,8,41.81100705,-87.62302911
0,383106,-1,30,1,2,0,1,10,2,2,0,0,0,0,-1,-1,-1,18,-1,715,-1,-1,-1,-1,-1,-1,2,0,0,0,0,0,2,0,12,3,8,41.7934065,-87.67732754
0,384296,-1,30,1,2,0,1,9,5,-1,0,0,0,0,-1,-1,-1,0,0,1111,-1,-1,-1,-1,-1,-1,2,0,0,0,0,0,2,0,12,3,8,41.89545646,-87.72623054
0,383167,-1,30,0,0,0,1,12,6,2,0,0,0,1,-1,-1,-1,22,-1,122,-1,-1,-1,-1,-1,-1,2,0,0,0,0,0,3,0,12,3,8,41.88317822,-87.63371329
0,383096,-1,30,0,0,0,1,7,3,-1,0,0,0,0,-1,-1,-1,0,-1,933,-1,-1,-1,-1,-1,-1,2,0,0,0,0,0,2,0,11,3,8,41.80811963,-87.664814
0,383554,-1,30,2,2,0,1,0,2,4,0,0,0,0,1,-1,-1,17,-1,1433,-1,-1,-1,-1,-1,-1,2,0,0,0,0,0,2,0,11,3,8,41.91053931,-87.66635839
0,383259,-1,30,0,0,0,1,3,2,2,0,0,0,0,-1,-1,-1,20,-1,811,-1,-1,-1,-1,-1,-1,2,0,0,0,0,0,2,0,11,3,8,41.79217866,-87.78561379
2,383082,-1,30,12,12,0,1,2,12,0,0,0,0,1,-1,-1,-1,-1,-1,124,-1,-1,-1,-1,-1,-1,1,2,0,0,2,0,0,0,11,3,8,41.86553468,-87.64081331
0,383105,-1,30,0,0,0,1,10,5,-1,0,0,0,0,-1,-1,-1,20,-1,1131,-1,-1,-1,-1,-1,-1,2,0,0,0,0,0,3,0,11,3,8,41.86602427,-87.74311499
0,383118,-1,30,0,0,0,1,7,2,-1,0,0,0,0,-1,-1,1,11,-1,2213,-1,-1,-1,-1,-1,-1,2,0,0,0,0,0,1,0,11,3,8,41.70743149,-87.68150739
0,392900,-1,30,0,0,0,1,7,5,-1,0,0,0,0,-1,-1,1,0,0,1934,-1,-1,-1,-1,-1,-1,2,0,0,0,0,0,1,0,11,3,8,41.93445389,-87.63945051
0,383560,-1,30,0,0,0,1,7,6,-1,0,0,0,0,-1,-1,1,0,-1,423,-1,-1,-1,-1,-1,-1,2,0,0,0,0,0,1,0,11,3,8,41.74292119,-87.56473813
0,383181,-1,30,10,-1,0,1,7,12,-1,0,0,-1,0,-1,-1,-1,0,0,1831,-1,-1,-1,-1,-1,-1,2,0,0,0,0,0,1,0,11,3,8,41.8892816,-87.63349105
0,383148,-1,20,0,0,0,1,7,5,-1,0,0,0,0,-1,-1,-1,0,0,1931,-1,-1,-1,-1,-1,-1,2,0,0,0,0,0,1,0,11,3,8,41.93767893,-87.67520142
0,383094,-1,30,0,0,0,1,12,2,4,0,0,0,0,-1,-1,-1,21,-1,1711,-1,-1,-1,-1,-1,-1,2,0,0,0,0,0,2,0,11,3,8,41.98956885,-87.72846546
1,383056,-1,30,1,2,0,1,14,2,2,0,0,0,1,1,-1,-1,0,0,1033,-1,-1,-1,-1,-1,-1,2,2,0,0,0,2,3,0,11,3,8,41.8482428,-87.69549086
0,383059,-1,30,0,0,0,1,2,5,1,0,0,0,1,-1,-1,-1,17,16,1232,-1,-1,-1,-1,-1,-1,2,0,0,0,0,0,2,0,11,3,8,41.87994232,-87.64745274
0,383102,-1,30,1,2,0,1,12,2,4,0,0,-1,0,-1,-1,-1,0,0,2223,-1,-1,-1,-1,-1,-1,2,0,0,0,0,0,2,0,11,3,8,41.71925798,-87.64330122
0,383683,-1,30,0,0,0,1,10,2,2,0,0,0,0,1,-1,-1,0,-1,2422,-1,-1,-1,-1,-1,-1,2,0,0,0,0,0,3,0,11,3,8,42.01949533,-87.67311212
0,383111,-1,30,1,2,0,1,14,5,2,0,0,0,0,1,-1,-1,20,-1,1831,-1,-1,-1,-1,-1,-1,2,0,0,0,0,0,2,0,11,3,8,41.8892816,-87.63349105
3,383028,-1,30,2,2,0,1,9,5,3,0,0,0,1,-1,-1,-1,17,17,1713,-1,-1,-1,-1,-1,-1,2,1,0,1,0,0,1,0,11,3,8,41.97559493,-87.71239414
0,383054,-1,15,0,0,0,1,7,7,-1,0,0,0,0,-1,-1,-1,0,0,1733,-1,-1,-1,-1,-1,-1,2,0,0,0,0,0,1,0,11,3,8,41.9460576,-87.70823011
0,383023,-1,30,0,0,0,1,2,5,1,0,0,0,0,-1,-1,-1,-1,0,532,-1,-1,-1,-1,-1,-1,1,0,0,0,0,0,1,0,11,3,8,41.68250991,-87.6208034
0,383231,-1,30,0,0,0,1,7,5,-1,0,0,0,0,-1,-1,1,-1,-1,1833,-1,-1,-1,-1,-1,-1,2,0,0,0,0,0,1,0,10,3,8,41.89743861,-87.62564027
2,383036,-1,30,1,2,0,1,0,5,-1,0,0,0,1,1,-1,-1,3,9,123,-1,-1,-1,-1,-1,-1,2,1,0,0,1,0,1,0,10,3,8,41.87562254,-87.62617274
0,383093,-1,0,1,2,0,1,12,5,-1,0,0,0,0,-1,-1,1,21,22,1422,-1,-1,-1,-1,-1,-1,2,0,0,0,0,0,2,0,10,3,8,41.91016808,-87.7119961
0,382999,-1,35,1,2,0,1,10,5,-1,0,0,0,0,-1,-1,1,18,18,834,-1,-1,-1,-1,-1,-1,2,0,0,0,0,0,2,0,10,3,8,41.73453772,-87.74091899
0,382983,-1,15,10,0,0,1,7,12,-1,0,0,0,0,-1,-1,1,0,0,726,-1,-1,-1,-1,-1,-1,2,0,0,0,0,0,1,0,10,3,8,41.77584671,-87.67146183
0,383085,-1,15,0,0,0,1,7,7,-1,0,0,0,0,-1,-1,1,0,0,1914,-1,-1,-1,-1,-1,-1,2,0,0,0,0,0,2,0,10,3,8,41.96805305,-87.64947456
0,383004,-1,30,0,0,0,1,7,2,-1,0,0,0,0,-1,-1,1,17,17,1624,1,-1,-1,-1,-1,-1,2,0,0,0,0,0,1,0,10,3,8,41.96053851,-87.75282456
0,382976,-1,30,1,2,0,1,10,5,-1,0,0,0,0,-1,-1,-1,20,20,1224,-1,-1,-1,-1,-1,-1,2,0,0,0,0,0,2,0,10,3,8,41.87904447,-87.66177629
0,382973,-1,30,2,2,0,1,0,5,-1,0,0,0,0,-1,-1,1,17,-1,1225,-1,-1,-1,-1,-1,-1,2,0,0,0,0,0,3,0,10,3,8,41.87631007,-87.67786831
0,384965,-1,30,0,0,0,1,10,7,-1,0,0,0,0,-1,-1,1,21,10,114,-1,-1,-1,-1,-1,-1,2,0,0,0,0,0,2,0,10,3,8,41.88464637,-87.6172485
2,382975,-1,30,1,2,0,1,8,2,2,0,0,0,1,-1,-1,-1,17,0,2531,-1,-1,-1,-1,-1,-1,2,1,0,0,1,0,1,0,10,3,8,41.90584606,-87.76593525
0,382956,-1,30,2,2,0,1,14,5,2,0,0,0,0,-1,-1,-1,-1,-1,2411,-1,-1,-1,-1,-1,-1,2,0,0,0,0,0,2,0,10,3,8,42.01222954,-87.69747499
0,383058,-1,30,0,0,0,1,10,5,-1,0,0,0,0,-1,-1,-1,18,-1,1732,-1,-1,-1,-1,-1,-1,2,0,0,0,0,0,2,0,10,3,8,41.94659166,-87.71925299
0,382941,-1,35,1,2,0,1,14,2,-1,0,0,0,0,1,-1,-1,23,-1,2223,-1,-1,-1,-1,-1,-1,2,0,0,0,0,0,2,0,10,3,8,41.72136506,-87.64335804
2,383168,-1,35,-1,-1,-1,-1,9,-1,1,0,-1,-1,1,-1,-1,-1,-1,-1,2531,-1,-1,-1,-1,-1,-1,2,1,0,0,1,0,1,0,10,3,8,41.90765438,-87.76599796
0,387727,-1,30,0,0,0,1,14,5,-1,0,0,0,0,-1,-1,-1,0,0,1612,-1,-1,-1,-1,-1,-1,2,0,0,0,0,0,2,0,10,3,8,41.9969237,-87.80694519
0,385025,-1,30,0,0,0,1,7,5,-1,0,0,0,0,-1,-1,1,0,0,532,-1,-1,-1,-1,-1,-1,2,0,0,0,0,0,1,0,10,3,8,41.68408762,-87.6151793
0,384427,-1,15,0,0,-1,-1,7,7,0,0,0,0,0,-1,-1,1,20,0,2011,-1,-1,-1,-1,-1,-1,2,0,0,0,0,0,1,0,10,3,8,41.986669,-87.7013624
0,383995,-1,20,0,0,0,1,10,6,3,0,0,0,0,-1,-1,-1,17,18,1834,-1,-1,-1,-1,-1,-1,2,0,0,0,0,0,2,0,10,3,8,41.89194164,-87.61857971
0,383678,-1,25,1,2,1,1,12,5,2,0,0,0,0,-1,-1,-1,21,11,832,-1,-1,-1,-1,-1,-1,2,0,0,0,0,0,2,0,10,3,8,41.76474707,-87.6869766
0,383432,-1,30,1,2,0,1,14,6,3,0,0,0,0,1,-1,-1,22,0,1834,-1,-1,-1,-1,-1,-1,2,0,0,0,0,0,2,0,10,3,8,41.89195819,-87.6175713
0,383013,-1,10,0,0,0,1,7,7,1,2,0,0,0,-1,-1,-1,18,-1,123,-1,-1,-1,-1,-1,-1,2,0,0,0,0,0,1,0,10,3,8,41.87169777,-87.62748447
2,382928,-1,30,0,0,0,1,9,5,4,0,0,0,1,-1,-1,-1,-1,-1,811,-1,-1,-1,-1,-1,-1,2,1,0,0,1,0,1,0,9,3,8,41.79994261,-87.7636794
0,383795,-1,30,1,2,0,1,12,5,2,0,0,0,0,0,-1,-1,22,22,121,-1,-1,-1,-1,-1,-1,2,0,0,0,0,0,2,0,9,3,8,41.88319578,-87.64402
0,383000,-1,20,0,0,0,1,10,6,1,1,0,12,0,-1,-1,1,18,-1,725,-1,-1,-1,-1,-1,-1,2,0,0,0,0,0,2,0,9,3,8,41.77704855,-87.66888563
0,382929,-1,30,2,2,0,1,7,6,1,0,0,0,0,-1,-1,-1,33,-1,1013,1,-1,-1,-1,-1,-1,2,0,0,0,0,0,2,0,9,3,8,41.84418208,-87.73280612
0,383612,-1,30,0,0,0,1,7,5,-1,0,0,0,0,-1,-1,1,-1,-1,1523,-1,-1,-1,-1,-1,-1,2,0,0,0,0,0,1,0,9,3,8,41.88244225,-87.75819556
2,382903,-1,20,0,0,0,1,9,2,-1,0,0,0,1,1,-1,-1,0,0,822,-1,-1,-1,-1,-1,-1,2,1,0,0,1,0,1,0,9,3,8,41.7860844,-87.72063348
0,382901,1,30,0,0,-1,-1,7,6,1,0,-1,0,0,-1,-1,1,0,0,2533,-1,-1,-1,-1,-1,-1,2,0,0,0,0,0,1,0,9,3,8,41.91145053,-87.75543326
0,382899,-1,30,0,0,0,1,10,2,4,0,0,0,1,-1,-1,-1,18,28,1614,-1,-1,-1,1,-1,-1,2,0,0,0,0,0,2,0,9,3,8,41.98752558,-87.84508015
2,383143,-1,30,0,0,0,1,0,5,-1,1,0,0,1,-1,-1,1,17,0,2222,-1,-1,-1,-1,-1,-1,2,1,0,0,1,0,2,0,9,3,8,41.73419068,-87.64603104
0,382945,-1,30,0,0,0,1,7,5,-1,0,0,0,0,-1,-1,-1,0,0,1723,-1,-1,-1,-1,-1,-1,2,0,0,0,0,0,1,0,9,3,8,41.95394023,-87.71474621
0,382906,-1,0,0,0,0,1,7,7,-1,0,0,0,0,-1,1,-1,20,-1,914,-1,-1,-1,-1,-1,-1,2,0,0,0,0,0,2,0,9,3,8,41.84172282,-87.6319182
0,382908,-1,30,1,2,0,1,10,3,-1,0,0,0,0,1,-1,-1,18,18,133,0,-1,-1,-1,-1,-1,2,0,0,0,0,0,2,0,9,3,8,41.84575258,-87.62333211
0,382954,-1,30,1,2,0,1,14,3,2,0,0,0,0,-1,-1,-1,7,21,333,-1,-1,-1,-1,-1,-1,2,0,0,0,0,0,3,0,9,3,8,41.76595816,-87.57643407
0,382940,-1,30,0,0,0,1,7,5,-1,0,0,0,0,-1,-1,1,18,-1,1222,-1,-1,-1,-1,-1,-1,2,0,0,0,0,0,1,0,9,3,8,41.88668108,-87.69307839
0,382925,-1,30,1,2,0,1,10,5,-1,0,0,12,0,-1,-1,-1,28,-1,1231,-1,-1,-1,-1,-1,-1,2,0,0,0,0,0,2,0,9,3,8,41.87417941,-87.67469341
0,382927,-1,30,2,12,0,1,0,2,-1,0,0,0,1,-1,-1,-1,17,-1,2512,-1,-1,-1,-1,-1,-1,2,0,0,0,0,0,2,0,9,3,8,41.93099464,-87.77845172
0,386407,-1,30,1,2,0,1,12,5,-1,0,0,0,0,-1,-1,-1,22,-1,123,-1,-1,-1,-1,-1,-1,2,0,0,0,0,0,2,0,9,3,8,41.87471173,-87.63348791
0,384331,0,30,0,0,-1,1,7,5,4,0,0,0,0,-1,-1,1,11,-1,1814,-1,-1,-1,-1,-1,-1,2,0,0,0,0,0,1,0,9,3,8,41.91217641,-87.63301048
0,382951,-1,30,0,0,0,1,7,5,-1,0,0,0,0,-1,-1,-1,17,14,815,-1,-1,-1,-1,-1,-1,2,0,0,0,0,0,1,0,9,3,8,41.7978391,-87.73294911
0,382910,-1,30,0,0,0,1,3,5,2,0,-1,-1,0,-1,-1,1,0,0,633,-1,-1,-1,-1,-1,-1,2,0,0,0,0,0,2,0,9,3,8,41.72382868,-87.61413342
0,382884,1,30,0,0,0,1,7,6,-1,0,-1,0,0,-1,-1,1,18,0,2212,-1,-1,-1,-1,-1,-1,2,0,0,0,0,0,1,0,9,3,8,41.69133159,-87.6696494
1,382874,-1,30,0,0,0,1,0,6,1,0,0,0,1,-1,-1,-1,33,0,2535,-1,-1,-1,-1,-1,-1,2,1,0,0,0,1,2,0,9,3,8,41.9153524,-87.71677332
0,382876,-1,30,0,0,0,1,10,2,4,0,0,0,1,-1,-1,-1,0,-1,1221,-1,-1,-1,-1,-1,-1,3,0,0,0,0,0,5,0,8,3,8,41.89050709,-87.70625484
0,383112,-1,30,1,2,0,1,12,6,2,0,0,0,0,-1,-1,-1,22,22,123,-1,-1,-1,-1,-1,-1,2,0,0,0,0,0,2,0,8,3,8,41.8744366,-87.63247048
0,383825,-1,20,0,0,0,1,11,6,1,0,0,-1,0,-1,-1,-1,0,0,2413,-1,-1,-1,-1,-1,-1,2,0,0,0,0,0,2,0,8,3,8,41.99351612,-87.69813478
0,382893,-1,30,1,2,0,1,10,5,2,0,0,0,0,-1,-1,1,18,-1,813,-1,-1,-1,-1,-1,-1,3,0,0,0,0,0,4,0,8,3,8,41.78582569,-87.72301907
0,382855,-1,30,0,0,0,1,12,5,-1,0,0,0,0,-1,-1,-1,21,17,1834,-1,-1,-1,-1,-1,-1,2,0,0,0,0,0,3,0,8,3,8,41.89507884,-87.61584666
1,382837,-1,30,0,0,0,1,10,2,-1,0,0,0,1,-1,-1,-1,16,18,2212,-1,-1,-1,-1,-1,-1,3,2,0,0,0,2,2,0,8,3,8,41.68678292,-87.68085251
0,383091,-1,15,0,0,0,1,7,5,-1,0,0,0,0,-1,-1,-1,0,0,1733,-1,-1,-1,-1,-1,-1,2,0,0,0,0,0,1,0,8,3,8,41.94034605,-87.6954015
1,382870,-1,30,1,2,0,1,14,5,2,0,0,0,1,-1,-1,-1,0,0,1011,-1,-1,-1,-1,-1,-1,2,1,0,0,0,1,2,0,8,3,8,41.86606458,-87.72501479
0,382857,-1,30,0,0,0,1,0,5,2,0,0,0,0,-1,-1,-1,20,17,132,-1,-1,-1,-1,-1,-1,2,0,0,0,0,0,2,0,8,3,8,41.85802934,-87.62084737
0,382834,-1,35,3,2,0,1,12,2,4,0,0,0,0,-1,-1,-1,21,0,112,-1,-1,-1,-1,-1,-1,2,0,0,0,0,0,2,0,8,3,8,41.88214328,-87.62790413
0,382860,1,5,0,0,0,1,7,6,1,0,0,-1,0,-1,-1,-1,11,0,1011,-1,-1,-1,-1,-1,-1,2,0,0,0,0,0,1,0,8,3,8,41.86548519,-87.73112205
0,382835,-1,35,0,0,0,1,5,3,4,0,0,0,0,-1,-1,-1,0,0,835,-1,-1,-1,-1,-1,-1,1,0,0,0,0,0,1,0,8,3,8,41.73912375,-87.68274192
1,382830,-1,30,4,0,0,1,9,5,2,0,0,0,1,0,-1,-1,17,-1,1732,-1,-1,-1,-1,-1,-1,2,1,0,0,0,1,1,0,8,3,8,41.946577,-87.72033802
2,383986,-1,30,1,-1,0,3,9,2,6,0,0,-1,1,-1,-1,-1,17,11,1923,-1,-1,-1,-1,-1,-1,2,1,0,0,1,0,1,0,8,3,8,41.9527671,-87.64980144
0,385328,1,25,0,0,0,1,7,5,-1,0,0,0,0,-1,-1,-1,20,-1,2213,-1,1,-1,-1,-1,-1,2,0,0,0,0,0,1,0,8,3,8,41.71056877,-87.66257514
0,382825,-1,30,0,0,0,1,14,5,-1,0,0,0,0,-1,-1,-1,17,-1,434,-1,-1,-1,-1,-1,-1,2,0,0,0,0,0,2,0,8,3,8,41.70805711,-87.55972089
0,382810,-1,30,1,2,0,1,10,5,4,0,0,0,0,1,-1,-1,16,-1,1411,-1,-1,-1,-1,-1,-1,2,0,0,0,0,0,4,0,7,3,8,41.92871132,-87.68788275
0,382826,-1,30,0,0,0,1,3,5,2,0,0,0,0,-1,-1,1,20,-1,814,-1,-1,-1,-1,-1,-1,2,0,0,0,0,0,2,0,7,3,8,41.80923942,-87.75059977
0,389309,1,30,0,0,0,1,7,5,3,0,0,-1,0,-1,-1,-1,21,0,1914,-1,-1,-1,-1,-1,-1,2,0,0,0,0,0,1,0,7,3,8,41.96745507,-87.65044801
0,386735,-1,30,0,0,0,1,12,5,4,0,0,0,0,-1,-1,-1,0,0,1623,-1,-1,-1,-1,-1,-1,2,0,0,0,0,0,2,0,7,3,8,41.98469756,-87.76797254