MOST_SEVERE_INJURY,RD_NO,CRASH_DATE_EST_I,POSTED_SPEED_LIMIT,TRAFFIC_CONTROL_DEVICE,DEVICE_CONDITION,WEATHER_CONDITION,LIGHTING_CONDITION,FIRST_CRASH_TYPE,TRAFFICWAY_TYPE,LANE_CNT,ALIGNMENT,ROADWAY_SURFACE_COND,ROAD_DEFECT,CRASH_TYPE,INTERSECTION_RELATED_I,NOT_RIGHT_OF_WAY_I,HIT_AND_RUN_I,PRIM_CONTRIBUTORY_CAUSE,SEC_CONTRIBUTORY_CAUSE,BEAT_OF_OCCURRENCE,PHOTOS_TAKEN_I,STATEMENTS_TAKEN_I,DOORING_I,WORK_ZONE_I,WORK_ZONE_TYPE,WORKERS_PRESENT_I,NUM_UNITS,INJURIES_TOTAL,INJURIES_FATAL,INJURIES_INCAPACITATING,INJURIES_NON_INCAPACITATING,INJURIES_REPORTED_NOT_EVIDENT,INJURIES_NO_INDICATION,INJURIES_UNKNOWN,CRASH_HOUR,CRASH_DAY_OF_WEEK,CRASH_MONTH,LATITUDE,LONGITUDE
0,382818,-1,25,0,0,0,1,11,7,-1,0,0,0,0,-1,-1,-1,11,20,1214,-1,-1,-1,-1,-1,-1,2,0,0,0,0,0,2,0,7,3,8,41.88889451,-87.65237985
2,382806,-1,30,0,-1,0,1,8,2,4,0,0,0,1,-1,-1,1,0,-1,1134,-1,-1,-1,-1,-1,-1,2,1,0,0,1,0,1,0,7,3,8,41.86650922,-87.70612154
0,382791,-1,30,2,2,0,1,10,2,4,0,0,0,0,1,-1,-1,20,0,212,-1,-1,-1,-1,-1,-1,2,0,0,0,0,0,2,0,7,3,8,41.82391537,-87.6191487
0,384955,-1,30,0,0,0,1,7,5,2,0,0,0,0,-1,-1,1,0,0,1921,-1,-1,-1,-1,-1,-1,2,0,0,0,0,0,1,0,7,3,8,41.94740521,-87.68720953
0,382771,-1,30,1,2,0,1,14,2,4,0,0,0,0,1,-1,-1,23,-1,1412,-1,-1,-1,-1,-1,-1,2,0,0,0,0,0,2,0,7,3,8,-1,-1
1,382827,-1,30,3,2,0,1,14,5,4,0,0,0,1,0,-1,-1,33,33,1111,-1,-1,-1,-1,-1,-1,2,1,0,0,0,1,2,0,7,3,8,41.90255284,-87.72672974
0,382823,-1,30,0,0,0,1,7,7,-1,0,0,0,0,-1,-1,1,0,-1,1533,-1,-1,-1,-1,-1,-1,2,0,0,0,0,0,1,0,7,3,8,41.87676066,-87.74529167
0,382790,-1,30,1,2,0,1,14,2,2,0,0,0,0,-1,1,-1,22,22,1213,1,1,-1,-1,-1,-1,2,0,0,0,0,0,2,0,7,3,8,41.9032982,-87.66764081
0,382812,-1,5,2,2,0,1,14,7,2,2,0,0,1,-1,1,-1,-1,-1,2512,-1,-1,-1,-1,-1,-1,2,0,0,0,0,0,3,0,7,3,8,41.92692481,-87.79275105
0,382802,-1,30,10,2,0,1,2,3,-1,0,0,0,1,-1,-1,-1,3,-1,935,-1,-1,-1,-1,-1,-1,1,0,0,0,0,0,1,0,7,3,8,41.7945806,-87.63572678
0,382787,-1,30,10,2,0,1,2,3,-1,0,0,0,0,-1,-1,-1,3,-1,915,-1,-1,-1,-1,-1,-1,1,0,0,0,0,0,1,0,7,3,8,41.83076702,-87.63655484
0,382843,-1,30,1,2,0,1,14,2,2,0,0,0,0,-1,-1,1,0,-1,323,-1,-1,-1,-1,-1,-1,2,0,0,0,0,0,2,0,7,3,8,41.75866718,-87.60554237
0,382764,-1,30,1,2,0,1,14,5,4,0,0,0,0,1,-1,-1,6,0,2512,-1,-1,-1,-1,-1,-1,2,0,0,0,0,0,2,0,7,3,8,41.92067663,-87.77563027
0,382381,-1,30,1,0,0,1,12,6,4,0,0,0,0,-1,-1,-1,21,0,122,-1,-1,-1,-1,-1,-1,2,0,0,0,0,0,2,0,7,3,8,41.87944415,-87.6309677
0,386045,-1,30,0,3,0,1,7,6,-1,0,0,0,0,-1,-1,1,0,0,813,-1,-1,-1,-1,-1,-1,2,0,0,0,0,0,1,0,7,3,8,41.77653243,-87.73945593
0,382847,-1,30,0,0,-1,-1,7,6,1,0,-1,-1,0,-1,-1,1,0,-1,1033,-1,-1,-1,-1,-1,-1,2,0,0,0,0,0,1,0,7,3,8,41.84517135,-87.70001521
0,382777,-1,30,10,2,0,1,2,3,-1,0,0,0,0,-1,-1,-1,3,-1,925,-1,-1,-1,-1,-1,-1,1,0,0,0,0,0,1,0,7,3,8,41.81645001,-87.63652133
0,382765,-1,30,3,2,0,1,12,3,4,5,0,0,0,1,-1,-1,21,21,2432,-1,-1,-1,-1,-1,-1,2,0,0,0,0,0,2,0,7,3,8,41.99821792,-87.66069526
0,382753,-1,30,1,2,0,1,14,5,2,0,0,-1,0,1,-1,-1,0,0,925,-1,-1,-1,-1,-1,-1,2,0,0,0,0,0,2,0,7,3,8,41.82335635,-87.6460685
0,382869,-1,30,0,0,0,1,7,7,0,0,0,0,0,-1,1,-1,-1,-1,1213,-1,-1,-1,-1,-1,-1,2,0,0,0,0,0,1,0,6,3,8,41.90337248,-87.65912188
0,382748,-1,30,1,2,0,1,12,5,4,0,0,0,0,-1,-1,-1,0,0,813,-1,-1,-1,-1,-1,-1,2,0,0,0,0,0,2,0,6,3,8,41.78571259,-87.74119514
1,382747,-1,30,2,2,0,1,9,5,2,0,0,3,1,1,-1,-1,-1,-1,434,-1,-1,-1,-1,-1,-1,2,1,0,0,0,1,1,0,6,3,8,41.70650712,-87.55952379
0,397464,-1,35,0,0,0,1,12,3,6,0,0,0,0,-1,-1,1,21,0,331,-1,-1,-1,-1,-1,-1,2,0,0,0,0,0,2,0,6,3,8,41.79142028,-87.58014777
0,382746,-1,35,0,0,0,2,7,5,2,0,0,0,1,-1,-1,0,0,0,835,-1,-1,-1,-1,-1,-1,3,0,0,0,0,0,1,0,6,3,8,41.7428153,-87.68955204
0,382750,-1,30,0,0,0,1,10,1,2,0,0,0,0,-1,-1,-1,18,-1,821,-1,-1,-1,1,2,-1,2,0,0,0,0,0,2,0,6,3,8,41.8065474,-87.71630467
0,383070,-1,30,0,0,0,-1,7,6,-1,0,0,-1,0,-1,-1,1,0,0,1523,-1,-1,-1,-1,-1,-1,2,0,0,0,0,0,1,0,6,3,8,41.88414597,-87.76340839
0,382734,1,30,0,2,0,1,7,2,2,0,0,0,0,-1,-1,0,21,0,1232,-1,-1,-1,-1,-1,-1,3,0,0,0,0,0,1,0,6,3,8,41.86403267,-87.6511005
0,384634,1,30,0,0,-1,-1,7,5,-1,0,-1,0,0,-1,-1,1,0,0,2512,-1,-1,-1,-1,-1,-1,2,0,0,0,0,0,1,0,5,3,8,41.92530828,-87.79523627
0,382737,-1,30,1,2,0,1,10,3,3,0,0,0,0,1,-1,1,18,16,432,-1,-1,-1,-1,-1,-1,2,0,0,0,0,0,2,0,5,3,8,41.70307757,-87.5250752
0,406463,0,10,0,0,0,2,2,0,-1,0,0,0,0,-1,-1,1,20,0,1634,-1,-1,-1,-1,-1,-1,1,0,0,0,0,0,1,0,5,3,8,41.94518031,-87.75830994
0,382716,-1,30,1,2,0,3,12,8,3,0,0,0,0,1,-1,-1,0,23,1831,-1,-1,-1,-1,-1,-1,2,0,0,0,0,0,2,0,4,3,8,41.89325633,-87.63722969
0,382756,-1,30,0,0,0,2,14,2,2,0,0,0,0,-1,-1,1,23,0,2521,-1,-1,-1,-1,-1,-1,2,0,0,0,0,0,2,0,4,3,8,41.93165247,-87.74588382
0,382744,-1,15,-1,-1,0,2,10,0,-1,0,0,0,0,-1,-1,-1,16,-1,412,-1,-1,-1,-1,-1,-1,2,0,0,0,0,0,2,0,4,3,8,41.73381791,-87.58942727
0,383799,-1,30,0,0,0,3,7,2,-1,0,0,0,0,-1,-1,1,-1,-1,824,-1,-1,-1,-1,-1,-1,2,0,0,0,0,0,1,0,4,3,8,41.789743,-87.68651655
0,382702,-1,35,3,2,0,3,2,12,-1,0,0,0,0,-1,-1,-1,11,0,935,-1,-1,-1,-1,-1,-1,1,0,0,0,0,0,1,0,3,3,8,41.79456188,-87.63677229
0,384966,-1,30,0,0,0,1,7,5,-1,0,0,0,0,-1,-1,-1,0,0,235,-1,-1,-1,-1,-1,-1,2,0,0,0,0,0,1,0,3,3,8,41.79401273,-87.58406698
2,382663,1,30,0,0,0,3,3,5,2,0,0,0,1,-1,-1,-1,16,5,1112,-1,0,-1,-1,-1,-1,2,3,0,0,3,0,1,0,2,3,8,41.89894015,-87.7228658
0,382652,-1,30,0,0,0,0,7,6,1,0,0,0,1,-1,-1,1,0,-1,2522,-1,-1,-1,-1,-1,-1,2,0,0,0,0,0,1,0,1,3,8,41.92076216,-87.74392809
1,382653,-1,30,1,2,0,3,0,12,0,0,0,0,1,1,-1,1,6,0,1133,-1,-1,-1,-1,-1,-1,4,1,0,0,0,1,3,0,0,3,8,41.87089042,-87.72040745
0,382842,-1,30,0,0,0,3,14,2,4,0,0,0,0,-1,-1,-1,17,17,2211,-1,-1,-1,-1,-1,-1,2,0,0,0,0,0,2,0,0,3,8,41.68485724,-87.70072029
0,382615,-1,30,0,0,0,3,7,6,1,0,0,0,0,-1,-1,1,0,-1,1422,0,-1,-1,-1,-1,-1,2,0,0,0,0,0,1,0,0,3,8,41.90921567,-87.71382743
0,382627,-1,15,0,0,0,0,2,0,-1,0,0,0,0,-1,1,-1,11,11,631,-1,-1,-1,-1,-1,-1,1,0,0,0,0,0,1,0,0,3,8,41.74395536,-87.61258756
1,382609,-1,25,1,2,0,3,10,2,-1,0,0,0,1,-1,-1,-1,7,7,1712,-1,-1,-1,-1,-1,-1,2,1,0,0,0,1,1,0,23,2,8,41.97574658,-87.71848663
0,383800,-1,30,0,0,0,0,10,5,-1,0,1,0,0,-1,-1,-1,0,-1,735,-1,-1,-1,-1,-1,-1,2,0,0,0,0,0,2,0,23,2,8,41.76471319,-87.67367849
0,382888,-1,15,0,0,-1,3,2,0,-1,0,-1,-1,0,-1,1,-1,20,-1,931,-1,-1,-1,-1,-1,-1,1,0,0,0,0,0,1,0,23,2,8,41.80126456,-87.68065263
0,382596,-1,30,1,2,0,3,12,6,4,0,0,0,0,-1,-1,1,18,-1,1533,-1,-1,-1,-1,-1,-1,2,0,0,0,0,0,2,0,22,2,8,41.87128298,-87.74508757
0,382581,-1,35,1,-1,0,3,14,2,4,0,0,-1,0,-1,-1,-1,21,0,815,-1,-1,-1,-1,-1,-1,2,0,0,0,0,0,2,0,22,2,8,41.81806103,-87.74331201
0,382556,-1,45,0,0,0,3,12,3,6,0,0,-1,0,-1,-1,0,21,0,132,-1,-1,-1,-1,-1,-1,2,0,0,0,0,0,4,0,22,2,8,41.85552283,-87.61584283
0,383794,-1,10,0,0,0,1,7,7,-1,0,0,0,0,-1,-1,-1,20,-1,123,-1,-1,-1,-1,-1,-1,2,0,0,0,0,0,2,0,22,2,8,41.87169869,-87.62737565
0,382873,-1,20,0,0,-1,3,7,6,-1,0,-1,0,0,-1,-1,1,0,-1,523,-1,-1,-1,-1,-1,-1,2,0,0,0,0,0,1,0,22,2,8,41.66889091,-87.6360727
0,382538,-1,35,0,0,0,3,14,3,-1,0,0,0,0,-1,-1,-1,17,23,813,-1,-1,-1,-1,-1,-1,2,0,0,0,0,0,7,0,22,2,8,41.78198966,-87.74255508
0,382536,-1,30,0,0,0,0,7,5,-1,0,0,0,0,-1,-1,1,-1,-1,1935,-1,-1,-1,-1,-1,-1,2,0,0,0,0,0,1,0,22,2,8,41.93128145,-87.63917653
0,383020,-1,15,0,0,0,3,7,7,1,0,0,2,0,-1,1,0,20,0,2515,-1,-1,-1,-1,-1,-1,2,0,0,0,0,0,2,0,21,2,8,41.92589288,-87.76620483
0,382557,-1,30,1,2,0,0,0,5,4,0,0,0,1,-1,-1,-1,17,-1,511,-1,-1,-1,-1,-1,-1,2,0,0,0,0,0,2,0,21,2,8,41.70787909,-87.58611195
0,382524,-1,30,0,-1,0,3,5,5,4,0,0,0,1,-1,0,0,25,14,622,-1,-1,-1,-1,-1,-1,1,0,0,0,0,0,1,0,21,2,8,41.74173585,-87.64363725
0,382506,-1,30,0,0,0,0,7,2,-1,0,0,0,1,-1,-1,1,0,-1,1422,-1,-1,-1,-1,-1,-1,2,0,0,0,0,0,1,0,21,2,8,41.9106128,-87.71185865
0,383639,-1,30,0,0,-1,3,0,7,-1,0,-1,-1,0,-1,-1,1,0,-1,1233,-1,-1,-1,-1,-1,-1,2,0,0,0,0,0,2,0,21,2,8,41.86653554,-87.68370934
0,382534,-1,30,0,0,0,3,8,5,4,0,0,0,1,-1,-1,1,0,0,123,-1,-1,1,-1,-1,-1,2,0,0,0,0,0,1,0,21,2,8,41.87354608,-87.62612252
0,382932,-1,30,0,0,0,0,7,5,2,0,0,0,0,-1,-1,1,0,-1,111,-1,-1,-1,-1,-1,-1,2,0,0,0,0,0,1,0,21,2,8,41.8856197,-87.62576044
1,382497,-1,10,0,0,0,3,10,7,0,0,0,12,1,-1,-1,-1,0,0,1834,-1,-1,-1,-1,-1,-1,2,3,0,0,0,3,3,0,20,2,8,41.89209414,-87.61156988
0,397302,-1,30,0,0,0,3,8,5,2,0,0,0,0,-1,-1,-1,0,0,123,-1,-1,1,-1,-1,-1,2,0,0,0,0,0,2,0,20,2,8,41.8741035,-87.6261363
0,383141,-1,30,1,2,0,4,10,2,4,0,0,0,0,-1,-1,-1,18,0,1614,-1,-1,-1,-1,-1,-1,2,0,0,0,0,0,4,0,20,2,8,41.95926633,-87.83684432
0,382461,-1,30,12,12,0,3,12,2,-1,0,0,0,0,0,-1,0,-1,-1,2413,-1,-1,-1,-1,-1,-1,2,0,0,0,0,0,2,0,20,2,8,41.99520238,-87.68965321
0,383388,-1,30,0,0,0,3,2,5,2,0,0,0,0,-1,0,-1,4,4,925,-1,-1,-1,-1,-1,-1,1,0,0,0,0,0,1,0,20,2,8,41.81893339,-87.63699197
0,386517,-1,30,0,0,0,1,7,5,-1,0,0,0,0,-1,-1,1,0,0,725,-1,-1,-1,-1,-1,-1,2,0,0,0,0,0,1,0,20,2,8,41.77573893,-87.66426411
0,383047,-1,20,0,0,0,4,2,0,-1,0,0,0,0,-1,-1,1,0,-1,412,-1,-1,-1,-1,-1,-1,1,0,0,0,0,0,1,0,20,2,8,41.74346317,-87.58111762
0,382418,-1,35,0,0,0,0,7,5,2,0,0,0,1,-1,-1,1,25,-1,215,-1,-1,-1,-1,-1,-1,2,0,0,0,0,0,1,0,20,2,8,41.80945774,-87.61883286
0,382387,-1,30,1,2,0,3,14,5,2,0,0,0,0,-1,-1,-1,23,-1,624,-1,-1,-1,-1,-1,-1,2,0,0,0,0,0,2,0,19,2,8,41.75119434,-87.60536733
0,382401,-1,30,2,2,0,0,0,5,-1,0,0,0,1,1,-1,-1,17,-1,524,-1,-1,-1,-1,-1,-1,2,0,0,0,0,0,2,0,19,2,8,41.67768559,-87.65759569
2,382375,-1,25,0,2,0,4,9,5,-1,0,0,0,1,-1,-1,-1,20,-1,715,-1,-1,-1,-1,-1,-1,2,1,0,0,1,0,1,0,19,2,8,41.79113796,-87.67558448
0,382337,1,30,1,2,0,1,12,6,3,0,0,0,0,-1,-1,-1,0,0,1831,-1,0,-1,-1,-1,-1,2,0,0,0,0,0,5,0,19,2,8,41.89008217,-87.62946153
0,382953,-1,25,0,0,-1,4,7,5,2,0,-1,-1,0,-1,-1,1,-1,-1,1434,-1,-1,-1,-1,-1,-1,2,0,0,0,0,0,1,0,19,2,8,41.91704104,-87.68022013
0,382436,-1,30,0,0,0,1,14,5,-1,0,0,0,0,-1,-1,1,17,0,422,-1,-1,-1,-1,-1,-1,2,0,0,0,0,0,3,0,19,2,8,41.75165473,-87.56374401
0,382336,-1,30,0,0,0,1,7,5,2,0,0,0,1,-1,-1,-1,16,14,1633,-1,1,-1,-1,-1,-1,2,0,0,0,0,0,1,0,19,2,8,41.94587087,-87.77753383
0,382344,-1,15,0,0,0,1,7,5,-1,0,0,0,0,-1,1,-1,0,0,1831,-1,-1,-1,-1,-1,-1,2,0,0,0,0,0,1,0,19,2,8,41.8961871,-87.63842396
3,382335,-1,35,1,2,0,1,10,3,4,0,0,12,1,-1,-1,-1,16,12,834,-1,-1,-1,-1,-1,-1,2,2,0,1,1,0,3,0,19,2,8,41.74956482,-87.72819909
0,385282,-1,30,1,2,0,4,12,5,-1,0,0,0,0,-1,-1,-1,0,-1,1432,-1,-1,-1,-1,-1,-1,2,0,0,0,0,0,2,0,19,2,8,41.92861663,-87.68756235
0,382338,-1,30,0,0,2,1,14,5,2,0,1,0,1,-1,-1,-1,16,-1,2523,-1,-1,-1,-1,-1,-1,2,0,0,0,0,0,2,0,18,2,8,41.93615844,-87.71879593
0,382310,-1,25,0,0,0,1,7,6,1,0,0,0,1,-1,-1,-1,0,0,1723,-1,-1,-1,-1,-1,-1,2,0,0,0,0,0,1,0,18,2,8,41.96252892,-87.72435044
0,385217,-1,30,0,0,-1,1,10,2,4,0,-1,-1,0,-1,-1,-1,0,-1,2011,-1,-1,-1,-1,-1,-1,2,0,0,0,0,0,2,0,18,2,8,41.99036062,-87.69459321
0,384340,-1,15,0,0,0,1,7,7,1,0,0,0,0,-1,1,-1,0,0,2422,-1,-1,-1,-1,-1,-1,2,0,0,0,0,0,1,0,18,2,8,42.01928648,-87.67461055
0,382979,1,30,0,0,0,-1,7,5,-1,0,0,0,0,-1,-1,1,0,33,2413,-1,-1,-1,-1,-1,-1,2,0,0,0,0,0,1,0,18,2,8,41.99322065,-87.67842853
0,382268,-1,30,1,2,1,1,10,5,4,0,0,0,0,1,-1,-1,18,0,831,-1,-1,-1,-1,-1,-1,2,0,0,0,0,0,2,0,18,2,8,41.76429504,-87.70295716
0,382295,-1,30,2,2,0,1,14,5,-1,0,0,0,0,1,-1,-1,3,-1,1524,-1,-1,-1,-1,-1,-1,2,0,0,0,0,0,2,0,18,2,8,41.89309392,-87.75567759
0,382274,-1,30,0,0,0,1,0,6,1,0,0,0,0,-1,-1,1,17,0,1031,-1,-1,-1,-1,-1,-1,2,0,0,0,0,0,2,0,18,2,8,41.84224755,-87.72854095
0,383633,-1,30,1,2,0,4,8,5,-1,0,0,0,0,-1,-1,-1,17,-1,2523,1,-1,-1,-1,-1,-1,2,0,0,0,0,0,2,0,18,2,8,41.93885244,-87.73698057
0,382248,-1,35,0,0,0,1,10,5,2,0,0,0,0,-1,-1,-1,18,0,1732,-1,-1,-1,-1,-1,-1,2,0,0,0,0,0,2,0,18,2,8,41.94634684,-87.7211678
0,382202,-1,15,0,0,0,1,7,5,2,0,0,0,1,-1,-1,-1,0,0,913,-1,-1,-1,-1,-1,-1,2,0,0,0,0,0,2,0,18,2,8,41.84172106,-87.64846099
0,382325,-1,30,1,2,0,1,10,5,-1,0,0,0,0,-1,-1,-1,18,-1,1614,-1,-1,-1,-1,-1,-1,2,0,0,0,0,0,3,0,18,2,8,41.97953358,-87.83672883
0,382240,-1,30,0,0,0,1,12,5,2,0,0,0,0,-1,-1,-1,0,0,2412,-1,-1,-1,-1,-1,-1,2,0,0,0,0,0,2,0,18,2,8,41.9978086,-87.69184367
0,382227,-1,30,1,-1,0,2,12,2,2,0,0,-1,0,-1,-1,1,22,17,2523,-1,-1,-1,-1,-1,-1,2,0,0,0,0,0,2,0,18,2,8,41.93587671,-87.71879941
0,382273,-1,35,0,0,0,1,14,5,-1,0,0,0,0,-1,-1,-1,0,-1,1631,-1,-1,-1,-1,-1,-1,2,0,0,0,0,0,2,0,18,2,8,41.95263546,-87.80840934
2,382187,-1,30,2,-1,0,1,8,6,1,0,0,-1,1,1,-1,-1,0,0,2433,-1,-1,-1,-1,-1,-1,2,1,0,0,1,0,1,0,18,2,8,41.99093654,-87.66772353
0,382358,-1,30,0,0,0,1,7,7,-1,0,0,0,0,-1,-1,1,7,-1,321,-1,-1,-1,-1,-1,-1,2,0,0,0,0,0,1,0,18,2,8,41.77315781,-87.61111086
0,382333,-1,25,0,0,0,1,3,6,-1,0,0,0,0,-1,-1,-1,0,-1,1731,-1,-1,-1,-1,-1,-1,2,0,0,0,0,0,3,0,18,2,8,41.94070714,-87.72954218
0,382243,-1,30,0,0,0,1,7,6,1,0,-1,-1,0,-1,-1,-1,0,0,1722,-1,-1,-1,-1,-1,-1,2,0,0,0,0,0,1,0,18,2,8,41.96596628,-87.73025253
0,382199,-1,30,1,2,0,1,10,5,-1,0,0,0,0,1,-1,-1,0,0,1832,-1,-1,-1,-1,-1,-1,2,0,0,0,0,0,2,0,18,2,8,41.89312017,-87.63109223
2,382195,-1,30,0,0,0,1,10,5,-1,0,0,0,1,-1,-1,-1,18,-1,2012,-1,-1,-1,-1,-1,-1,2,1,0,0,1,0,1,0,18,2,8,41.97778009,-87.66951053
0,382183,-1,30,1,2,0,1,10,5,-1,0,0,-1,0,1,-1,-1,17,-1,1712,-1,-1,-1,-1,-1,-1,2,0,0,0,0,0,2,0,18,2,8,41.97355375,-87.74779883
0,382175,-1,30,2,1,1,1,12,5,4,0,0,0,0,1,-1,1,22,-1,722,-1,-1,-1,-1,-1,-1,2,0,0,0,0,0,4,0,18,2,8,41.77659014,-87.6302172
0,382154,-1,30,-1,-1,0,1,10,5,2,0,-1,-1,1,-1,-1,-1,-1,-1,2515,-1,-1,-1,-1,-1,-1,2,0,0,0,0,0,2,0,17,2,8,41.91940863,-87.76996354
0,382340,-1,30,0,0,0,1,7,6,1,0,0,0,1,-1,-1,1,0,-1,623,-1,-1,-1,-1,-1,-1,2,0,0,0,0,0,1,0,17,2,8,41.75482175,-87.617901
0,382339,-1,30,0,0,0,1,11,0,1,0,0,0,0,1,-1,-1,20,-1,2522,-1,-1,-1,-1,-1,-1,2,0,0,0,0,0,3,0,17,2,8,41.91774145,-87.74549597
0,382192,-1,35,0,0,0,1,12,3,4,2,0,0,0,-1,-1,-1,21,21,1614,-1,-1,-1,-1,-1,-1,2,0,0,0,0,0,2,0,17,2,8,41.982148,-87.84628655
0,383101,-1,35,1,2,0,-1,12,5,-1,1,0,-1,0,-1,-1,-1,18,0,621,-1,-1,-1,-1,-1,-1,2,0,0,0,0,0,2,0,17,2,8,41.75236341,-87.64423481
0,382134,-1,25,2,2,0,1,0,5,2,0,0,0,0,-1,-1,-1,0,0,1711,-1,-1,-1,-1,-1,-1,2,0,0,0,0,0,3,0,17,2,8,41.99213241,-87.71389397
0,382130,-1,35,1,2,0,1,12,3,6,0,0,0,0,-1,-1,1,-1,-1,112,-1,-1,-1,-1,-1,-1,2,0,0,0,0,0,7,0,17,2,8,41.87961696,-87.62449996
0,382407,-1,30,0,0,0,3,10,5,-1,0,0,0,0,-1,-1,-1,18,16,2535,-1,-1,-1,-1,-1,-1,2,0,0,0,0,0,2,0,17,2,8,41.90373094,-87.72618482
0,382138,-1,30,1,1,0,1,0,5,4,0,0,0,1,0,-1,1,6,25,511,-1,-1,-1,-1,-1,-1,2,0,0,0,0,0,2,0,17,2,8,41.71261169,-87.61385951
0,383398,-1,35,0,0,0,1,10,2,2,0,0,0,0,-1,-1,-1,0,0,821,-1,-1,-1,-1,-1,-1,2,0,0,0,0,0,2,0,17,2,8,41.81715064,-87.70447558
0,382153,-1,30,0,0,0,1,10,2,2,0,0,0,0,-1,-1,-1,18,0,1411,-1,-1,-1,-1,-1,-1,2,0,0,0,0,0,2,0,17,2,8,41.93761175,-87.69792159
0,382353,-1,30,0,0,0,1,10,6,-1,0,0,0,0,-1,-1,1,18,0,1133,-1,-1,-1,-1,-1,-1,2,0,0,0,0,0,2,0,17,2,8,41.87347922,-87.7196089
0,382168,-1,30,1,2,0,1,7,2,2,0,0,0,0,-1,-1,1,0,23,735,-1,-1,-1,-1,-1,-1,2,0,0,0,0,0,1,0,17,2,8,41.76843861,-87.66412775
0,382198,-1,30,1,2,0,1,12,2,-1,0,0,0,0,-1,-1,-1,11,-1,531,-1,-1,-1,-1,-1,-1,2,0,0,0,0,0,2,0,17,2,8,41.68907345,-87.61084176
0,382307,-1,30,0,0,0,1,5,5,2,0,0,12,0,-1,-1,-1,-1,-1,1834,-1,-1,-1,-1,-1,-1,1,0,0,0,0,0,1,0,17,2,8,41.89063079,-87.62682913
0,382250,-1,30,1,2,0,1,12,2,-1,0,0,0,0,-1,-1,-1,0,-1,532,-1,-1,-1,-1,-1,-1,2,0,0,0,0,0,2,0,17,2,8,41.67810177,-87.62065728
0,382206,-1,30,2,2,0,1,10,2,4,0,0,-1,0,1,-1,-1,16,-1,114,-1,-1,-1,-1,-1,-1,2,0,0,0,0,0,3,0,17,2,8,41.88687059,-87.62217993
0,387383,-1,30,2,2,0,1,0,2,2,0,0,0,0,1,-1,-1,5,0,1432,-1,-1,-1,-1,-1,-1,2,0,0,0,0,0,4,0,17,2,8,41.91792901,-87.67437572
0,382139,-1,30,1,2,0,1,10,3,4,0,0,0,0,-1,-1,-1,18,-1,114,-1,-1,-1,-1,-1,-1,2,0,0,0,0,0,2,0,17,2,8,41.88098221,-87.61710465
0,382122,-1,20,0,0,0,1,7,6,-1,0,0,0,0,-1,-1,-1,13,0,334,-1,1,-1,-1,-1,-1,2,0,0,0,0,0,1,0,17,2,8,41.76113981,-87.56495112
0,382068,-1,30,0,0,0,1,10,5,-1,0,0,0,0,-1,-1,1,-1,-1,1121,-1,-1,-1,-1,-1,-1,2,0,0,0,0,0,2,0,17,2,8,41.89922464,-87.71555145
3,382064,-1,25,2,2,0,1,8,5,1,0,0,0,1,-1,-1,-1,17,-1,2024,-1,-1,-1,-1,-1,-1,2,1,0,1,0,0,1,0,17,2,8,41.97235333,-87.65051249
1,382050,-1,30,1,2,0,1,10,5,2,0,0,0,1,1,-1,-1,18,16,1712,-1,-1,-1,-1,-1,-1,2,1,0,0,0,1,1,0,17,2,8,41.96848888,-87.71351349
0,382233,-1,30,0,0,0,1,12,5,4,0,0,0,0,-1,-1,-1,22,22,914,-1,-1,-1,-1,-1,-1,2,0,0,0,0,0,2,0,16,2,8,41.84549494,-87.63197043
0,382029,-1,30,1,2,1,1,14,5,-1,0,0,0,0,1,-1,-1,17,-1,612,-1,-1,-1,-1,-1,-1,2,0,0,0,0,0,6,0,16,2,8,41.75579046,-87.65887512
0,382283,-1,30,0,0,0,1,12,3,4,0,0,0,0,-1,-1,-1,0,-1,1231,-1,-1,-1,-1,-1,-1,2,0,0,0,0,0,6,0,16,2,8,41.87168887,-87.66667966
0,382147,1,30,0,0,0,1,7,6,-1,0,0,0,0,-1,-1,1,0,0,411,-1,-1,-1,-1,-1,-1,2,0,0,0,0,0,1,0,16,2,8,41.74573265,-87.59277529
0,382047,-1,30,1,2,0,1,12,6,-1,0,0,-1,0,1,-1,-1,0,0,122,-1,-1,-1,-1,-1,-1,2,0,0,0,0,0,2,0,16,2,8,41.8782572,-87.63083942
2,382027,-1,30,1,2,0,1,2,2,2,0,0,0,1,-1,-1,-1,23,0,2212,-1,-1,-1,-1,-1,-1,1,1,0,0,1,0,0,0,16,2,8,41.70665833,-87.65704272
0,382021,-1,30,1,2,0,1,12,5,-1,0,0,0,0,1,-1,-1,0,0,211,-1,-1,-1,-1,-1,-1,2,0,0,0,0,0,2,0,16,2,8,41.83846964,-87.60779319
0,382012,-1,30,0,0,0,1,12,5,-1,0,-1,-1,0,1,-1,-1,23,0,2022,-1,-1,-1,-1,-1,-1,2,0,0,0,0,0,2,0,16,2,8,41.98539852,-87.65659716
0,382084,-1,30,1,2,0,1,10,5,-1,0,0,0,0,-1,-1,-1,17,18,124,-1,-1,-1,-1,-1,-1,2,0,0,0,0,0,4,0,16,2,8,41.86711099,-87.64211168
0,386111,-1,30,1,2,-1,1,10,5,-1,0,-1,0,0,-1,-1,-1,18,-1,712,-1,-1,-1,-1,-1,-1,2,0,0,0,0,0,2,0,16,2,8,41.77985968,-87.64485278