MOST_SEVERE_INJURY,RD_NO,CRASH_DATE_EST_I,POSTED_SPEED_LIMIT,TRAFFIC_CONTROL_DEVICE,DEVICE_CONDITION,WEATHER_CONDITION,LIGHTING_CONDITION,FIRST_CRASH_TYPE,TRAFFICWAY_TYPE,LANE_CNT,ALIGNMENT,ROADWAY_SURFACE_COND,ROAD_DEFECT,CRASH_TYPE,INTERSECTION_RELATED_I,NOT_RIGHT_OF_WAY_I,HIT_AND_RUN_I,PRIM_CONTRIBUTORY_CAUSE,SEC_CONTRIBUTORY_CAUSE,BEAT_OF_OCCURRENCE,PHOTOS_TAKEN_I,STATEMENTS_TAKEN_I,DOORING_I,WORK_ZONE_I,WORK_ZONE_TYPE,WORKERS_PRESENT_I,NUM_UNITS,INJURIES_TOTAL,INJURIES_FATAL,INJURIES_INCAPACITATING,INJURIES_NON_INCAPACITATING,INJURIES_REPORTED_NOT_EVIDENT,INJURIES_NO_INDICATION,INJURIES_UNKNOWN,CRASH_HOUR,CRASH_DAY_OF_WEEK,CRASH_MONTH,LATITUDE,LONGITUDE
1,382135,-1,30,1,2,1,1,10,5,4,0,0,0,1,-1,-1,-1,18,0,825,-1,-1,-1,-1,-1,-1,2,1,0,0,0,1,2,0,16,2,8,41.7828162,-87.683886
0,381995,-1,30,1,2,0,1,10,5,-1,0,0,0,0,1,-1,-1,0,0,122,-1,-1,-1,-1,-1,-1,2,0,0,0,0,0,3,0,16,2,8,41.88576112,-87.63259515
0,382070,-1,30,0,0,0,1,7,5,-1,0,0,0,0,-1,1,-1,0,0,1223,-1,-1,-1,-1,-1,-1,2,0,0,0,0,0,2,0,16,2,8,41.88106937,-87.68530755
0,382032,-1,30,0,1,0,1,12,3,4,0,0,0,0,-1,-1,-1,0,-1,2221,-1,-1,-1,-1,-1,-1,2,0,0,0,0,0,2,0,16,2,8,41.72132822,-87.66244222
0,384945,-1,30,0,0,0,1,7,6,1,0,0,0,0,-1,-1,1,11,0,1811,-1,-1,-1,-1,-1,-1,2,0,0,0,0,0,1,0,16,2,8,41.92320472,-87.65945433
0,382061,-1,25,0,0,0,1,7,6,1,0,0,0,0,-1,-1,1,-1,-1,2412,-1,-1,-1,-1,-1,-1,2,0,0,0,0,0,1,0,16,2,8,41.99807532,-87.68487235
0,382037,-1,15,0,0,0,1,7,7,-1,0,0,0,0,-1,1,-1,20,16,2523,-1,-1,-1,-1,-1,-1,2,0,0,0,0,0,2,0,16,2,8,41.93885244,-87.73698057
0,381994,-1,30,0,0,0,1,14,5,2,0,0,-1,0,1,-1,-1,21,0,1024,-1,-1,-1,-1,-1,-1,2,0,0,0,0,0,3,0,16,2,8,41.85183423,-87.70876193
0,381975,-1,35,-1,-1,0,1,7,2,4,0,-1,-1,0,-1,-1,-1,0,-1,835,-1,-1,-1,-1,-1,-1,2,0,0,0,0,0,1,0,16,2,8,41.73553346,-87.68865511
2,382590,-1,30,1,2,0,1,10,5,2,0,0,0,1,-1,-1,-1,0,0,2533,-1,-1,-1,-1,-1,-1,2,1,0,0,1,0,1,0,15,2,8,41.90942223,-87.75336259
0,382092,-1,30,1,0,0,1,12,5,2,0,0,0,0,-1,-1,-1,22,22,2221,-1,-1,-1,-1,-1,-1,2,0,0,0,0,0,3,0,15,2,8,41.72130883,-87.66254001
0,383240,-1,30,0,0,0,1,3,5,-1,0,0,0,0,-1,-1,-1,20,0,2533,-1,-1,-1,-1,-1,-1,2,0,0,0,0,0,4,0,15,2,8,41.90984206,-87.73779797
0,382036,-1,30,0,0,0,1,12,5,-1,0,0,0,0,-1,-1,-1,0,0,124,-1,-1,-1,-1,-1,-1,2,0,0,0,0,0,2,0,15,2,8,41.87545706,-87.63977121
0,382127,-1,30,0,0,0,1,12,5,2,0,0,0,0,-1,-1,-1,11,11,223,-1,-1,-1,-1,-1,-1,2,0,0,0,0,0,2,0,15,2,8,41.80368757,-87.60439392
0,382125,-1,30,0,0,0,1,7,6,1,0,0,0,0,1,-1,-1,16,-1,2514,-1,-1,-1,-1,-1,-1,2,0,0,0,0,0,1,0,15,2,8,41.93073993,-87.76362222
0,381938,-1,30,2,2,0,1,0,5,2,0,0,0,0,1,-1,-1,17,-1,931,-1,-1,-1,-1,-1,-1,2,0,0,0,0,0,2,0,15,2,8,41.80496562,-87.67445141
0,381986,-1,30,1,2,0,1,14,3,4,0,0,0,0,-1,-1,1,6,17,711,-1,-1,-1,-1,-1,-1,2,0,0,0,0,0,4,0,15,2,8,41.79408188,-87.6331347
0,382062,-1,30,1,2,0,1,10,6,3,0,0,0,0,-1,-1,-1,16,0,1834,-1,-1,-1,-1,-1,-1,2,0,0,0,0,0,7,0,15,2,8,41.89099816,-87.61428737
0,381992,-1,30,1,2,0,1,10,5,-1,0,0,0,0,-1,-1,-1,18,11,323,-1,-1,-1,-1,-1,-1,2,0,0,0,0,0,2,0,15,2,8,41.76185357,-87.60562662
0,381954,-1,30,0,0,1,1,12,6,3,0,0,0,0,-1,-1,-1,-1,-1,122,-1,-1,-1,-1,-1,-1,2,0,0,0,0,0,3,0,15,2,8,41.8794989,-87.63346319
0,382013,-1,30,0,0,0,1,14,5,2,0,0,0,1,-1,-1,-1,0,-1,1214,-1,-1,-1,-1,-1,-1,2,0,0,0,0,0,2,0,15,2,8,41.89328443,-87.64605631
0,382046,-1,30,1,2,0,1,14,6,-1,0,0,0,0,1,-1,-1,21,6,121,-1,-1,-1,-1,-1,-1,2,0,0,0,0,0,2,0,15,2,8,41.88453711,-87.64426054
0,381895,-1,30,0,0,0,1,11,5,-1,0,0,0,0,-1,-1,-1,21,-1,1623,-1,-1,-1,-1,-1,-1,2,0,0,0,0,0,3,0,15,2,8,41.96414884,-87.75632797
0,382420,-1,35,0,0,0,1,7,2,-1,0,0,0,0,-1,-1,1,0,0,1013,-1,-1,-1,-1,-1,-1,2,0,0,0,0,0,1,0,15,2,8,41.85053456,-87.72666887
0,381962,-1,30,0,0,0,1,11,5,2,0,0,0,0,-1,-1,-1,0,-1,1434,-1,-1,-1,-1,-1,-1,2,0,0,0,0,0,2,0,15,2,8,41.91097377,-87.67762166
0,381914,-1,30,0,0,1,1,10,2,4,0,0,0,1,-1,-1,-1,18,-1,815,-1,-1,-1,-1,-1,-1,3,0,0,0,0,0,3,0,15,2,8,41.80486498,-87.72364268
2,381888,-1,35,2,2,1,1,8,6,3,0,0,0,1,1,-1,-1,10,-1,215,-1,-1,-1,-1,-1,-1,2,1,0,0,1,0,2,0,15,2,8,41.81466863,-87.62150353
0,302055,-1,30,0,0,0,1,7,5,-1,0,0,0,0,-1,-1,1,0,-1,2523,1,1,-1,-1,-1,-1,4,0,0,0,0,0,1,0,15,2,8,41.93329223,-87.73302596
0,383267,-1,20,0,0,0,1,7,2,-1,0,0,0,0,-1,-1,1,0,0,2413,-1,-1,-1,-1,-1,-1,2,0,0,0,0,0,1,0,15,2,8,41.99462096,-87.69968686
0,382564,0,35,0,0,0,1,7,6,2,0,0,0,0,-1,-1,1,0,0,914,-1,-1,-1,-1,-1,-1,2,0,0,0,0,0,1,0,15,2,8,41.84488298,-87.63196665
0,381969,-1,30,1,2,0,1,14,5,2,0,0,0,0,1,-1,-1,0,0,1214,-1,-1,-1,-1,-1,-1,2,0,0,0,0,0,2,0,15,2,8,41.88572152,-87.64439131
0,381966,-1,20,0,0,0,1,7,6,1,0,0,0,0,-1,-1,1,0,0,2433,-1,-1,-1,-1,-1,-1,2,0,0,0,0,0,1,0,15,2,8,41.99330717,-87.65676484
0,381955,-1,30,0,0,0,1,10,5,-1,0,0,0,0,-1,-1,-1,18,0,1023,-1,-1,-1,-1,-1,-1,2,0,0,0,0,0,3,0,15,2,8,41.86473994,-87.68613406
0,381924,-1,35,1,2,0,1,12,3,-1,1,0,12,0,-1,-1,-1,21,-1,834,-1,-1,-1,1,1,-1,2,0,0,0,0,0,2,0,15,2,8,41.74915055,-87.73168508
0,382766,-1,30,1,-1,-1,-1,14,5,2,0,-1,-1,0,1,-1,-1,0,-1,131,-1,-1,-1,-1,-1,-1,2,0,0,0,0,0,6,0,14,2,8,41.85652572,-87.63034289
0,382042,-1,30,0,0,1,1,12,5,-1,0,0,0,0,-1,-1,1,0,0,2512,-1,-1,-1,-1,-1,-1,2,0,0,0,0,0,3,0,14,2,8,41.92280206,-87.78636491
2,381857,-1,30,2,2,0,1,9,6,1,0,0,0,1,-1,-1,1,0,-1,1634,-1,-1,-1,-1,-1,-1,2,1,0,0,1,0,1,0,14,2,8,41.94440945,-87.74714587
0,381907,-1,30,0,0,1,1,0,5,2,0,0,0,0,-1,-1,1,20,0,812,-1,-1,-1,-1,-1,-1,2,0,0,0,0,0,2,0,14,2,8,41.77740409,-87.80084074
0,381809,-1,30,0,-1,0,1,7,3,4,0,0,0,0,-1,-1,-1,20,-1,131,-1,-1,-1,-1,-1,-1,2,0,0,0,0,0,1,0,14,2,8,41.85297383,-87.62389568
0,381903,-1,30,0,0,0,1,7,5,4,0,0,0,1,-1,-1,-1,21,12,924,-1,-1,-1,-1,-1,-1,2,0,0,0,0,0,1,0,14,2,8,41.81471248,-87.66497721
0,382220,-1,30,1,2,0,1,10,5,-1,0,0,0,0,-1,-1,-1,18,-1,2413,-1,-1,-1,-1,-1,-1,2,0,0,0,0,0,2,0,14,2,8,41.9905063,-87.70734767
3,381828,-1,30,1,2,0,2,14,5,2,0,0,-1,1,1,-1,-1,17,-1,321,-1,-1,-1,-1,-1,-1,2,3,0,2,1,0,1,0,14,2,8,41.7695189,-87.61046844
0,383691,-1,30,0,0,0,1,7,5,-1,0,0,0,0,-1,-1,1,-1,-1,1222,-1,-1,-1,-1,-1,-1,2,0,0,0,0,0,1,0,14,2,8,41.8811606,-87.69885305
0,383262,1,35,1,2,-1,1,12,5,-1,0,-1,-1,0,1,-1,-1,17,0,1421,-1,-1,-1,-1,-1,-1,2,0,0,0,0,0,2,0,14,2,8,41.9102243,-87.70703651
0,382438,-1,30,0,0,0,1,12,5,-1,0,0,0,0,-1,-1,-1,17,16,1423,-1,-1,-1,-1,-1,-1,2,0,0,0,0,0,2,0,14,2,8,41.91001469,-87.70580845
0,381847,-1,30,1,2,1,1,10,5,2,0,-1,-1,0,-1,-1,-1,7,18,1922,-1,-1,-1,-1,-1,-1,2,0,0,0,0,0,2,0,14,2,8,41.9470675,-87.67135702
0,381799,-1,30,1,2,0,1,10,5,-1,0,0,0,0,-1,-1,-1,16,18,1712,-1,-1,-1,-1,-1,-1,2,0,0,0,0,0,3,0,14,2,8,41.97557486,-87.71424207
0,381816,-1,30,1,2,0,1,10,6,-1,0,0,0,0,1,-1,1,18,16,122,-1,-1,-1,-1,-1,-1,2,0,0,0,0,0,2,0,13,2,8,41.87694515,-87.63089793
0,381769,1,30,2,2,1,1,0,5,2,0,0,0,1,1,-1,-1,17,-1,1622,-1,-1,-1,-1,-1,-1,2,0,0,0,0,0,2,0,13,2,8,41.98614956,-87.76841997
0,391218,-1,30,1,2,0,1,10,5,2,0,0,0,0,-1,-1,-1,0,18,824,-1,-1,-1,-1,-1,-1,2,0,0,0,0,0,2,0,13,2,8,41.78623355,-87.69861497
0,383470,-1,30,0,0,0,1,4,5,-1,0,0,12,0,-1,-1,-1,29,-1,1623,-1,-1,-1,-1,-1,-1,1,0,0,0,0,0,1,0,13,2,8,41.96079092,-87.74983033
0,381798,-1,30,1,2,0,1,14,2,4,0,0,0,0,-1,-1,-1,18,16,725,-1,-1,-1,-1,-1,-1,2,0,0,0,0,0,2,0,13,2,8,41.77937222,-87.66436535
0,381790,1,30,0,0,0,1,2,7,-1,0,0,0,0,-1,-1,-1,11,-1,1834,-1,-1,-1,-1,-1,-1,1,0,0,0,0,0,1,0,13,2,8,41.8941336,-87.61817915
0,383086,-1,30,0,0,0,1,12,5,2,0,0,0,0,-1,-1,-1,22,11,1211,-1,-1,-1,-1,-1,-1,2,0,0,0,0,0,2,0,13,2,8,41.8956207,-87.70641158
0,381848,-1,20,0,0,0,1,7,5,2,0,0,0,0,-1,-1,1,0,11,2232,-1,-1,-1,-1,-1,-1,2,0,0,0,0,0,2,0,13,2,8,41.70856168,-87.65153484
0,381772,-1,30,0,0,0,1,11,7,-1,0,0,0,0,-1,1,-1,0,0,1821,-1,-1,-1,-1,-1,-1,2,0,0,0,0,0,3,0,13,2,8,41.90444554,-87.64072084
0,381758,-1,30,0,0,0,1,12,3,-1,0,0,0,0,-1,-1,-1,17,16,114,-1,-1,-1,-1,-1,-1,2,0,0,0,0,0,2,0,13,2,8,41.88637741,-87.62438167
1,281802,-1,30,0,0,0,1,2,2,2,0,0,0,1,-1,-1,-1,14,-1,213,-1,-1,-1,-1,-1,-1,1,1,0,0,0,1,0,0,13,2,8,41.816611,-87.62537433
0,387333,-1,30,0,0,0,1,7,2,4,0,0,0,0,-1,-1,-1,20,-1,1711,-1,-1,-1,-1,-1,-1,2,0,0,0,0,0,2,0,13,2,8,41.99402794,-87.71352801
0,381820,-1,30,0,0,0,1,12,5,2,0,0,0,0,-1,-1,-1,17,21,1925,-1,-1,-1,-1,-1,-1,2,0,0,0,0,0,2,0,13,2,8,41.95449396,-87.64724433
2,381785,-1,30,1,-1,-1,1,10,2,4,0,-1,-1,1,-1,-1,-1,0,-1,2211,-1,-1,-1,-1,-1,-1,2,1,0,0,1,0,1,0,13,2,8,41.68374288,-87.73939191
0,381837,-1,30,3,2,0,1,14,12,2,0,0,0,1,1,-1,-1,17,16,1833,-1,-1,-1,-1,-1,-1,2,0,0,0,0,0,2,0,13,2,8,41.89665834,-87.62186634
0,382917,-1,10,0,0,-1,-1,7,7,-1,0,0,0,0,-1,-1,1,0,-1,513,-1,-1,-1,-1,-1,-1,2,0,0,0,0,0,1,0,13,2,8,41.69623253,-87.5958062
0,382328,-1,5,0,0,1,1,0,7,0,0,0,0,0,-1,1,-1,17,20,524,-1,-1,-1,-1,-1,-1,2,0,0,0,0,0,2,0,13,2,8,41.6776846,-87.64332381
0,393701,-1,0,0,0,0,1,7,5,1,0,0,0,0,-1,-1,1,0,0,222,-1,-1,-1,-1,-1,-1,2,0,0,0,0,0,1,0,13,2,8,41.81369558,-87.5994945
0,382794,-1,30,0,0,0,1,0,5,4,0,0,0,0,-1,-1,-1,22,-1,1533,-1,-1,-1,-1,-1,-1,2,0,0,0,0,0,3,0,13,2,8,41.87685023,-87.74529389
0,381748,-1,30,0,0,0,1,12,5,2,0,1,0,0,-1,-1,-1,17,-1,234,-1,-1,-1,-1,-1,-1,2,0,0,0,0,0,2,0,13,2,8,41.80238154,-87.58929994
0,381728,1,30,0,0,-1,-1,7,5,-1,0,-1,-1,0,-1,-1,1,0,-1,1732,-1,-1,-1,-1,-1,-1,2,0,0,0,0,0,1,0,13,2,8,41.94752368,-87.7213627
0,381708,-1,30,0,-1,1,1,2,2,2,0,-1,-1,1,-1,1,-1,0,0,822,-1,-1,-1,-1,-1,-1,1,0,0,0,0,0,2,0,13,2,8,41.79319818,-87.71612172
0,381764,-1,30,1,2,0,1,10,5,-1,0,0,0,0,-1,-1,-1,0,-1,1414,-1,-1,-1,-1,-1,-1,2,0,0,0,0,0,2,0,12,2,8,41.92448532,-87.70216426
0,382176,-1,30,0,0,0,1,14,5,-1,0,0,0,0,-1,-1,-1,22,-1,1235,-1,-1,-1,-1,-1,-1,2,0,0,0,0,0,2,0,12,2,8,41.85761689,-87.63607109
0,381697,-1,30,1,2,0,1,14,2,0,0,0,0,0,1,-1,-1,6,16,1215,-1,-1,-1,-1,-1,-1,2,0,0,0,0,0,3,0,12,2,8,41.89296105,-87.65756973
0,381688,-1,30,1,2,0,1,8,5,-1,0,0,0,0,-1,-1,1,31,0,1111,-1,-1,-1,-1,-1,-1,2,0,0,0,0,0,2,0,12,2,8,41.90202269,-87.73598377
1,381723,-1,30,2,2,0,1,0,5,-1,0,0,0,1,1,-1,-1,5,5,2234,-1,-1,-1,-1,-1,-1,4,1,0,0,0,1,4,0,12,2,8,41.69955738,-87.64640003
0,381710,-1,30,0,0,0,1,7,5,2,0,0,0,0,-1,-1,-1,0,-1,1034,-1,-1,-1,-1,-1,-1,2,0,0,0,0,0,1,0,12,2,8,41.85172311,-87.66780617
2,381693,-1,30,1,2,0,1,7,5,2,0,0,0,1,1,-1,-1,0,-1,1231,-1,-1,-1,-1,-1,-1,2,2,0,0,2,0,1,0,12,2,8,41.87642589,-87.6692865
0,384295,-1,25,0,0,0,1,7,5,-1,0,0,0,0,-1,-1,1,0,0,1914,-1,-1,-1,-1,-1,-1,2,0,0,0,0,0,1,0,12,2,8,41.96722473,-87.65193124
0,381795,-1,30,1,-1,0,1,10,3,-1,0,0,0,0,-1,-1,1,18,0,411,-1,-1,-1,-1,-1,-1,2,0,0,0,0,0,2,0,12,2,8,41.7514606,-87.58597199
0,383487,-1,30,0,0,0,1,10,2,-1,0,0,0,0,-1,-1,1,18,-1,1935,-1,-1,-1,-1,-1,-1,2,0,0,0,0,0,2,0,12,2,8,41.92783382,-87.64165881
0,381642,-1,5,0,0,0,1,7,5,-1,0,0,0,0,-1,-1,-1,20,0,715,-1,-1,-1,-1,-1,-1,2,0,0,0,0,0,1,0,12,2,8,41.78671258,-87.67612343
0,381636,-1,30,0,0,1,1,10,5,2,0,0,0,0,-1,-1,-1,18,16,1614,-1,-1,-1,-1,-1,-1,2,0,0,0,0,0,2,0,12,2,8,41.97602211,-87.83647441
0,381714,-1,30,1,2,-1,1,14,3,-1,0,-1,-1,0,-1,-1,-1,17,17,1123,-1,-1,-1,-1,-1,-1,2,0,0,0,0,0,3,0,12,2,8,41.88453476,-87.71125176
0,381747,-1,30,1,2,1,1,10,5,2,0,1,-1,0,1,-1,1,18,18,1915,-1,-1,-1,-1,-1,-1,2,0,0,0,0,0,3,0,12,2,8,41.95470027,-87.64802787
0,381637,-1,30,0,0,0,1,10,5,-1,0,0,-1,0,-1,-1,1,0,0,1511,-1,-1,-1,-1,-1,-1,2,0,0,0,0,0,2,0,12,2,8,41.89835874,-87.76755003
0,381604,-1,30,0,0,0,1,12,5,-1,0,0,0,0,-1,-1,-1,0,0,1723,-1,-1,-1,-1,-1,-1,2,0,0,0,0,0,2,0,12,2,8,41.96780983,-87.72786762
0,382440,-1,20,2,2,0,1,10,5,2,0,0,0,0,1,1,1,0,0,1031,-1,-1,-1,-1,-1,-1,2,0,0,0,0,0,2,0,11,2,8,41.82195273,-87.74338329
0,381594,-1,30,-1,-1,2,1,2,-1,1,0,1,0,1,-1,1,-1,16,0,1421,-1,-1,-1,-1,-1,-1,1,0,0,0,0,0,2,0,11,2,8,41.91178047,-87.70206309
0,381665,-1,30,2,2,0,1,11,2,0,0,0,0,0,0,-1,-1,6,16,1224,-1,-1,-1,-1,-1,-1,2,0,0,0,0,0,2,0,11,2,8,41.88514684,-87.64964721
0,381620,-1,20,2,2,0,1,10,6,1,0,0,0,1,-1,-1,-1,20,-1,1134,-1,-1,-1,-1,-1,-1,2,0,0,0,0,0,3,0,11,2,8,41.86834612,-87.7046449
0,391244,-1,25,0,0,0,1,7,5,-1,0,0,0,0,-1,-1,1,17,-1,1834,-1,-1,-1,-1,-1,-1,2,0,0,0,0,0,1,0,11,2,8,41.8924911,-87.62012485
0,381698,-1,30,0,2,-1,1,10,5,-1,0,-1,0,0,-1,-1,-1,-1,0,131,-1,-1,-1,-1,-1,-1,2,0,0,0,0,0,3,0,11,2,8,41.84916451,-87.62685429
0,381599,-1,10,0,0,0,1,7,7,-1,0,0,0,0,-1,-1,-1,0,20,1023,-1,-1,-1,-1,-1,-1,2,0,0,0,0,0,1,0,11,2,8,41.85465724,-87.69539303
0,381574,-1,30,0,0,2,1,12,5,4,0,1,0,0,-1,-1,-1,11,17,111,-1,-1,-1,-1,-1,-1,2,0,0,0,0,0,2,0,11,2,8,41.88692307,-87.62527794
0,381567,-1,30,1,2,1,1,10,5,2,0,0,0,1,1,-1,-1,18,11,726,-1,-1,-1,-1,-1,-1,2,0,0,0,0,0,2,0,11,2,8,41.77579512,-87.67395767
0,382265,-1,10,0,0,0,1,7,7,-1,0,0,0,0,-1,-1,-1,0,-1,1614,-1,-1,-1,-1,-1,-1,2,0,0,0,0,0,1,0,11,2,8,41.97080987,-87.83679668
0,381639,-1,35,0,0,1,1,2,3,3,3,1,0,0,-1,-1,-1,-1,-1,1833,-1,-1,-1,-1,-1,-1,1,0,0,0,0,0,1,0,11,2,8,41.89928099,-87.61889451
0,381633,-1,30,2,2,0,1,10,5,-1,0,0,0,0,-1,-1,-1,16,0,1931,-1,-1,-1,-1,-1,-1,2,0,0,0,0,0,2,0,11,2,8,41.92886702,-87.6684221
0,381528,-1,35,1,2,0,1,10,5,6,0,0,0,0,-1,-1,-1,11,11,2011,-1,-1,-1,-1,-1,-1,2,0,0,0,0,0,2,0,11,2,8,41.985739,-87.69980239
0,381551,-1,30,0,0,2,1,14,2,2,0,1,0,1,0,-1,-1,34,0,833,-1,1,-1,-1,-1,-1,2,0,0,0,0,0,2,0,11,2,8,41.77204699,-87.7224444
0,381609,1,30,1,2,2,1,10,5,4,0,1,0,0,-1,-1,-1,0,0,1511,-1,-1,-1,-1,-1,-1,2,0,0,0,0,0,2,0,11,2,8,41.89118587,-87.76539853
0,381596,-1,35,1,2,1,1,10,3,4,0,1,0,0,-1,-1,-1,0,-1,114,-1,-1,-1,-1,-1,-1,2,0,0,0,0,0,2,0,11,2,8,41.87775934,-87.6241602
0,381521,-1,30,2,2,2,1,7,5,2,0,1,0,0,-1,-1,-1,21,-1,1822,-1,-1,-1,-1,-1,-1,2,0,0,0,0,0,2,0,11,2,8,41.90599841,-87.64988009
0,381533,-1,30,0,0,-1,1,7,6,-1,0,1,0,0,-1,-1,-1,0,-1,623,-1,-1,-1,-1,-1,-1,2,0,0,0,0,0,1,0,10,2,8,41.75510922,-87.61971194
0,381513,-1,30,1,2,1,1,10,2,4,0,1,0,0,-1,-1,1,18,-1,213,-1,-1,-1,-1,-1,-1,2,0,0,0,0,0,2,0,10,2,8,41.82007718,-87.62165066
0,381493,-1,30,0,0,2,1,7,6,-1,0,1,0,0,-1,-1,-1,21,0,2523,-1,-1,-1,-1,-1,-1,2,0,0,0,0,0,1,0,10,2,8,41.93677873,-87.72532172
0,381524,-1,30,1,2,0,1,10,5,3,0,0,-1,0,-1,-1,-1,0,0,621,-1,-1,-1,-1,-1,-1,2,0,0,0,0,0,2,0,10,2,8,41.75620369,-87.64422198
0,382946,-1,10,0,0,0,1,7,7,-1,0,0,0,0,-1,-1,1,0,0,1223,-1,-1,-1,-1,-1,-1,2,0,0,0,0,0,1,0,10,2,8,41.88106937,-87.68530755
0,381669,-1,30,0,0,0,1,12,2,2,0,0,0,0,-1,-1,-1,11,11,2221,-1,-1,-1,-1,-1,-1,2,0,0,0,0,0,4,0,10,2,8,41.72108295,-87.67978068
0,381549,-1,30,1,-1,-1,-1,0,5,2,0,-1,-1,0,-1,-1,-1,0,-1,1935,-1,-1,-1,-1,-1,-1,2,0,0,0,0,0,2,0,10,2,8,41.92693108,-87.64896003
0,381546,-1,5,0,0,2,1,12,5,0,0,0,0,0,-1,-1,-1,22,-1,1711,-1,-1,-1,-1,-1,-1,2,0,0,0,0,0,2,0,10,2,8,41.98972755,-87.74817898
0,381485,-1,30,0,0,2,1,10,5,4,0,1,0,0,-1,-1,-1,34,-1,1711,-1,-1,-1,-1,-1,-1,2,0,0,0,0,0,2,0,10,2,8,41.99022936,-87.72992362
0,381461,-1,30,2,2,2,1,0,2,2,0,1,12,0,-1,-1,-1,17,16,1622,-1,-1,-1,-1,-1,-1,3,0,0,0,0,0,4,0,10,2,8,41.96192503,-87.78684647
0,381550,-1,30,1,2,2,1,14,2,-1,0,1,0,0,1,-1,-1,23,-1,123,-1,-1,-1,-1,-1,-1,2,0,0,0,0,0,2,0,10,2,8,41.8721644,-87.63075578
0,381450,-1,35,1,2,0,1,10,2,6,0,1,0,0,-1,-1,-1,18,11,1014,-1,-1,-1,-1,-1,-1,2,0,0,0,0,0,4,0,10,2,8,41.85387742,-87.71729455
1,381456,-1,30,0,0,2,1,10,5,2,0,1,0,1,1,-1,-1,34,34,923,-1,-1,-1,-1,-1,-1,2,1,0,0,0,1,1,0,10,2,8,41.79373527,-87.69752484
0,386908,-1,30,0,0,0,1,0,0,-1,0,0,-1,0,-1,-1,-1,-1,-1,1911,-1,-1,-1,-1,-1,-1,2,0,0,0,0,0,2,0,10,2,8,41.95679948,-87.68869728
0,384342,-1,30,0,0,2,1,10,5,-1,0,1,0,0,-1,-1,-1,0,0,1413,-1,-1,-1,-1,-1,-1,2,0,0,0,0,0,2,0,10,2,8,41.92320852,-87.7073142
0,381481,-1,30,1,2,2,1,12,3,4,0,1,-1,0,-1,-1,0,0,-1,2513,-1,-1,-1,-1,-1,-1,2,0,0,0,0,0,2,0,10,2,8,41.90899182,-87.80428171
0,381446,-1,30,0,0,2,1,12,2,-1,0,1,0,0,-1,-1,-1,0,-1,925,-1,-1,-1,-1,-1,-1,2,0,0,0,0,0,2,0,10,2,8,41.81639453,-87.63134009
0,381436,-1,15,0,0,1,1,12,0,1,0,1,0,1,-1,-1,1,25,-1,2432,-1,-1,-1,-1,-1,-1,2,0,0,0,0,0,2,0,10,2,8,41.9982574,-87.67080931
2,381434,-1,30,0,0,2,1,9,5,2,0,1,0,1,-1,-1,-1,0,-1,1532,-1,-1,-1,-1,-1,-1,2,1,0,0,1,0,1,0,10,2,8,41.88663749,-87.75514516
0,381449,-1,30,0,0,2,1,10,2,-1,0,0,0,0,-1,-1,-1,18,-1,1831,-1,-1,-1,-1,-1,-1,2,0,0,0,0,0,2,0,10,2,8,41.89004243,-87.63269468
0,381424,-1,10,0,0,2,1,0,7,-1,0,1,0,0,-1,0,-1,20,25,511,-1,-1,-1,-1,-1,-1,2,0,0,0,0,0,3,0,10,2,8,41.71458064,-87.6141234
0,382069,0,30,0,0,-1,1,7,5,-1,0,-1,0,0,-1,-1,1,0,0,1214,-1,-1,-1,-1,-1,-1,2,0,0,0,0,0,1,0,10,2,8,41.88910166,-87.65238407
0,381576,-1,30,0,0,2,1,14,5,-1,0,1,0,0,-1,-1,-1,0,-1,1412,-1,-1,-1,-1,-1,-1,2,0,0,0,0,0,2,0,10,2,8,41.93396484,-87.70762536
0,381507,-1,30,0,0,2,1,7,5,-1,0,0,0,0,-1,-1,1,25,-1,2534,-1,-1,-1,-1,-1,-1,2,0,0,0,0,0,1,0,10,2,8,41.90652804,-87.72704192
2,381448,-1,35,1,2,2,1,10,3,4,3,1,0,1,-1,-1,1,34,16,331,-1,-1,-1,-1,-1,-1,2,1,0,0,1,0,1,0,9,2,8,41.79142028,-87.58014777
2,381407,-1,30,2,2,2,1,10,2,4,0,1,0,1,-1,-1,-1,34,-1,1432,-1,-1,-1,-1,-1,-1,2,2,0,0,2,0,0,0,9,2,8,41.92425239,-87.67771249
0,382095,-1,30,0,0,0,1,14,5,-1,0,0,0,0,-1,-1,-1,23,22,1935,-1,-1,-1,-1,-1,-1,2,0,0,0,0,0,3,0,9,2,8,41.9308999,-87.6488032
0,381603,-1,25,1,2,-1,1,14,2,2,0,-1,0,0,-1,-1,-1,21,23,2023,-1,-1,-1,-1,-1,-1,2,0,0,0,0,0,2,0,9,2,8,41.98353466,-87.65529655
0,381412,-1,20,0,0,2,1,7,6,1,0,1,0,1,-1,-1,1,16,0,611,-1,-1,-1,-1,-1,-1,2,0,0,0,0,0,1,0,9,2,8,41.74969555,-87.66813016
0,381396,-1,30,0,0,2,1,14,5,-1,0,1,0,0,1,-1,-1,0,0,1924,-1,-1,-1,-1,-1,-1,2,0,0,0,0,0,2,0,9,2,8,41.94548686,-87.65442049
2,386393,-1,30,0,0,2,1,10,5,4,0,1,0,1,1,-1,-1,18,-1,1111,-1,-1,-1,-1,-1,-1,2,2,0,0,2,0,1,0,9,2,8,41.90254361,-87.7274654