MOST_SEVERE_INJURY,RD_NO,CRASH_DATE_EST_I,POSTED_SPEED_LIMIT,TRAFFIC_CONTROL_DEVICE,DEVICE_CONDITION,WEATHER_CONDITION,LIGHTING_CONDITION,FIRST_CRASH_TYPE,TRAFFICWAY_TYPE,LANE_CNT,ALIGNMENT,ROADWAY_SURFACE_COND,ROAD_DEFECT,CRASH_TYPE,INTERSECTION_RELATED_I,NOT_RIGHT_OF_WAY_I,HIT_AND_RUN_I,PRIM_CONTRIBUTORY_CAUSE,SEC_CONTRIBUTORY_CAUSE,BEAT_OF_OCCURRENCE,PHOTOS_TAKEN_I,STATEMENTS_TAKEN_I,DOORING_I,WORK_ZONE_I,WORK_ZONE_TYPE,WORKERS_PRESENT_I,NUM_UNITS,INJURIES_TOTAL,INJURIES_FATAL,INJURIES_INCAPACITATING,INJURIES_NON_INCAPACITATING,INJURIES_REPORTED_NOT_EVIDENT,INJURIES_NO_INDICATION,INJURIES_UNKNOWN,CRASH_HOUR,CRASH_DAY_OF_WEEK,CRASH_MONTH,LATITUDE,LONGITUDE
0,382209,-1,30,0,0,-1,1,7,2,-1,0,-1,0,1,-1,-1,1,0,-1,1432,-1,-1,-1,-1,-1,-1,2,0,0,0,0,0,1,0,9,2,8,41.92340679,-87.67797311
0,381926,1,30,-1,-1,-1,-1,7,5,-1,0,-1,-1,0,-1,-1,1,0,-1,1732,-1,-1,-1,-1,-1,-1,2,0,0,0,0,0,1,0,9,2,8,41.95303357,-87.71916356
1,381861,-1,30,2,2,2,1,0,2,2,0,1,0,1,1,-1,-1,17,-1,1233,-1,-1,-1,-1,-1,-1,2,1,0,0,0,1,2,0,9,2,8,41.86489522,-87.67604905
0,382214,-1,30,0,0,0,0,2,7,-1,0,0,0,0,-1,-1,-1,0,-1,1214,-1,-1,-1,-1,-1,-1,1,0,0,0,0,0,1,0,9,2,8,41.88691378,-87.64477577
0,380255,-1,30,12,0,-1,1,7,5,1,0,0,0,0,-1,-1,1,11,20,2033,-1,-1,-1,-1,-1,-1,2,0,0,0,0,0,1,0,9,2,8,41.97549346,-87.66279439
0,381763,-1,30,1,2,0,1,14,5,-1,0,0,0,0,-1,-1,-1,3,3,412,-1,-1,-1,-1,-1,-1,2,0,0,0,0,0,2,0,9,2,8,41.74242215,-87.57617574
2,381359,-1,25,2,0,0,1,0,5,2,0,0,0,1,-1,-1,-1,17,-1,531,-1,-1,-1,-1,-1,-1,1,1,0,0,1,0,0,0,9,2,8,41.68902051,-87.61179212
0,392293,-1,30,0,0,0,1,12,3,4,0,0,-1,0,-1,-1,-1,21,0,114,-1,-1,-1,-1,-1,-1,2,0,0,0,0,0,2,0,9,2,8,41.88590606,-87.62437184
0,382245,1,25,2,2,2,3,7,6,1,0,1,0,0,-1,-1,1,-1,-1,2433,-1,-1,-1,-1,-1,-1,2,0,0,0,0,0,1,0,9,2,8,41.990007,-87.65836031
0,381646,-1,30,0,0,0,1,12,2,2,0,0,0,0,-1,-1,-1,22,0,114,-1,-1,-1,-1,-1,-1,2,0,0,0,0,0,2,0,9,2,8,41.87831319,-87.61734583
0,381578,-1,30,0,0,0,1,7,5,4,0,0,0,0,-1,-1,1,-1,-1,815,-1,-1,-1,-1,-1,-1,2,0,0,0,0,0,1,0,9,2,8,41.80223868,-87.72611407
0,381383,-1,30,0,0,1,1,7,5,2,0,0,0,0,-1,-1,1,0,0,1123,-1,-1,-1,-1,-1,-1,2,0,0,0,0,0,1,0,9,2,8,41.8781915,-87.71316183
0,381349,-1,30,0,0,2,1,0,5,2,0,1,0,0,-1,-1,-1,17,34,1623,-1,-1,-1,-1,-1,-1,2,0,0,0,0,0,4,0,9,2,8,41.98376847,-87.76617569
2,381342,-1,30,-1,2,2,1,14,3,2,0,1,0,1,1,-1,-1,17,0,1411,-1,-1,-1,-1,-1,-1,2,1,0,0,1,0,1,0,8,2,8,41.9303003,-87.68798571
0,381341,-1,30,1,2,0,1,12,12,0,0,0,0,0,1,-1,-1,21,16,122,-1,-1,-1,-1,-1,-1,2,0,0,0,0,0,3,0,8,2,8,41.88323592,-87.63549044
0,381326,-1,20,0,0,1,1,12,6,1,0,0,0,0,-1,-1,-1,21,0,1122,-1,-1,-1,-1,-1,-1,2,0,0,0,0,0,6,0,8,2,8,41.89218009,-87.72002518
0,381339,-1,30,1,2,0,1,10,5,-1,0,0,0,0,-1,-1,-1,18,0,1911,-1,-1,-1,-1,-1,-1,2,0,0,0,0,0,2,0,8,2,8,41.96841243,-87.68875511
0,381345,-1,25,0,0,1,1,10,5,2,0,0,0,1,-1,-1,0,25,27,2033,-1,-1,-1,-1,-1,-1,2,0,0,0,0,0,2,0,8,2,8,41.97275755,-87.66141831
0,381370,-1,30,2,2,0,1,0,5,2,0,0,0,0,-1,-1,-1,5,0,432,-1,-1,-1,-1,-1,-1,2,0,0,0,0,0,3,0,8,2,8,41.69924334,-87.54014742
2,381307,-1,35,2,2,1,1,8,2,-1,0,1,0,1,1,-1,-1,5,0,123,-1,-1,-1,-1,-1,-1,2,1,0,0,1,0,1,0,8,2,8,41.87465461,-87.62871424
0,381306,-1,5,0,0,0,1,2,7,-1,0,0,0,0,-1,1,-1,0,-1,815,-1,-1,-1,-1,-1,-1,1,0,0,0,0,0,1,0,8,2,8,41.81126549,-87.73542655
0,384980,0,30,-1,-1,0,1,12,5,4,0,0,0,0,-1,-1,-1,0,19,1533,-1,-1,-1,-1,-1,-1,2,0,0,0,0,0,2,0,8,2,8,41.87181289,-87.74507739
0,384415,-1,0,0,0,0,1,7,5,2,0,0,0,0,-1,-1,-1,22,18,1911,-1,-1,-1,-1,-1,-1,2,0,0,0,0,0,1,0,8,2,8,41.96474878,-87.68909972
0,381318,-1,30,0,0,0,1,7,6,3,0,0,0,0,-1,-1,-1,21,-1,122,-1,-1,-1,-1,-1,-1,2,0,0,0,0,0,3,0,8,2,8,41.88178527,-87.6371645
0,381298,-1,25,0,0,0,1,10,2,-1,0,0,12,0,-1,-1,-1,-1,-1,1531,-1,-1,-1,1,2,-1,2,0,0,0,0,0,2,0,8,2,8,41.89925619,-87.74605108
0,381846,-1,30,5,12,0,1,7,2,2,0,0,0,0,-1,-1,1,0,0,1733,-1,-1,-1,-1,-1,-1,2,0,0,0,0,0,1,0,8,2,8,41.94001886,-87.70259825
0,381745,-1,30,1,2,0,1,10,-1,2,0,0,0,0,-1,-1,1,18,-1,112,-1,-1,-1,-1,-1,-1,2,0,0,0,0,0,2,0,8,2,8,41.8819873,-87.62528569
0,381308,1,30,0,0,0,3,7,6,1,0,0,0,0,-1,-1,1,0,-1,2524,-1,-1,-1,-1,-1,-1,2,0,0,0,0,0,1,0,8,2,8,41.92976239,-87.72462348
0,381278,-1,30,0,0,0,1,3,2,2,0,0,0,0,-1,-1,1,0,-1,1413,-1,-1,-1,-1,-1,-1,2,0,0,0,0,0,2,0,7,2,8,41.92520117,-87.71226766
0,381291,-1,30,2,2,1,1,12,2,-1,0,0,0,0,-1,-1,-1,17,-1,1631,-1,-1,-1,-1,-1,-1,2,0,0,0,0,0,2,0,7,2,8,41.95033078,-87.83656801
0,381286,-1,30,1,2,0,1,14,2,5,0,0,0,1,1,-1,-1,17,0,835,-1,-1,-1,-1,-1,-1,3,0,0,0,0,0,4,0,7,2,8,41.75335698,-87.70264255
2,381292,-1,45,1,2,0,1,10,2,4,0,0,0,1,-1,-1,-1,27,0,424,-1,-1,-1,-1,-1,-1,2,1,0,0,1,0,1,0,7,2,8,41.74468949,-87.54056648
0,386209,1,30,0,0,0,1,7,12,1,0,0,-1,0,-1,-1,1,0,0,1935,-1,-1,-1,-1,-1,-1,2,0,0,0,0,0,1,0,7,2,8,41.92715388,-87.64918554
0,381285,-1,30,0,0,0,1,14,2,-1,0,0,0,0,-1,-1,-1,23,0,1711,-1,-1,-1,-1,-1,-1,2,0,0,0,0,0,2,0,7,2,8,41.9971302,-87.72859712
0,381270,-1,35,0,0,0,1,10,2,4,0,1,0,0,-1,-1,-1,15,16,1814,-1,-1,-1,-1,-1,-1,2,0,0,0,0,0,2,0,7,2,8,41.91483564,-87.63497117
-1,383921,-1,20,0,0,0,1,12,2,2,0,0,-1,0,-1,-1,-1,17,-1,612,-1,-1,-1,-1,-1,-1,-1,-1,-1,-1,-1,-1,-1,-1,7,2,8,41.75579046,-87.65887512
0,382321,-1,30,0,0,0,1,0,0,1,0,0,0,0,-1,-1,-1,22,17,1912,-1,-1,-1,-1,-1,-1,2,0,0,0,0,0,2,0,7,2,8,41.96681633,-87.67863706
2,381262,-1,35,1,2,1,1,14,5,4,0,0,0,1,1,-1,-1,23,-1,2233,-1,-1,-1,-1,-1,-1,2,3,0,0,3,0,0,0,6,2,8,41.69226709,-87.64222983
0,381261,-1,30,1,2,1,1,0,2,0,0,1,0,1,1,-1,-1,6,10,121,-1,-1,-1,-1,-1,-1,2,0,0,0,0,0,2,0,6,2,8,41.88558751,-87.64416804
0,381259,-1,30,1,2,0,1,10,2,-1,0,0,0,0,1,-1,-1,9,-1,224,-1,-1,-1,-1,-1,-1,2,0,0,0,0,0,2,0,6,2,8,41.80914302,-87.62622913
0,381255,-1,30,0,0,0,1,7,2,-1,0,0,0,0,-1,-1,-1,22,-1,2413,-1,-1,-1,-1,-1,-1,2,0,0,0,0,0,1,0,6,2,8,41.99169015,-87.68955133
0,382197,-1,30,0,0,0,0,7,6,-1,0,0,0,0,-1,-1,1,0,0,1632,-1,-1,-1,-1,-1,-1,2,0,0,0,0,0,1,0,6,2,8,41.94376565,-87.79455137
0,382172,-1,30,0,0,0,2,7,5,2,0,0,0,0,-1,-1,1,0,-1,833,-1,-1,-1,-1,-1,-1,2,0,0,0,0,0,1,0,6,2,8,41.76770079,-87.71730876
0,381244,-1,30,0,0,1,2,7,5,2,0,0,0,1,0,-1,-1,0,0,2232,-1,-1,-1,-1,-1,-1,2,0,0,0,0,0,1,0,6,2,8,41.70711049,-87.63637126
0,381243,-1,0,0,0,0,3,7,5,2,0,0,0,0,-1,-1,1,0,0,1432,-1,-1,-1,-1,-1,-1,2,0,0,0,0,0,1,0,6,2,8,41.91787881,-87.6770583
0,381253,-1,30,0,0,0,1,7,5,-1,0,0,0,1,-1,-1,-1,0,-1,623,-1,-1,-1,-1,-1,-1,2,0,0,0,0,0,2,0,6,2,8,41.75825653,-87.61745857
0,381251,-1,30,1,2,0,2,14,6,-1,1,0,0,0,1,-1,-1,23,33,121,-1,-1,-1,-1,-1,-1,2,0,0,0,0,0,3,0,6,2,8,41.88329092,-87.63978476
0,381235,-1,25,1,2,2,2,0,5,0,0,1,0,1,1,-1,-1,6,6,2433,-1,-1,-1,-1,-1,-1,2,0,0,0,0,0,2,0,5,2,8,41.99446176,-87.67501623
0,381899,-1,35,1,2,0,1,10,5,4,1,0,0,0,-1,-1,-1,18,0,835,-1,-1,-1,-1,-1,-1,2,0,0,0,0,0,2,0,5,2,8,41.76080612,-87.70251735
0,381210,-1,30,1,2,2,3,10,5,4,0,1,0,0,1,-1,-1,-1,-1,1215,-1,1,-1,-1,-1,-1,2,0,0,0,0,0,3,0,4,2,8,41.89121902,-87.65906495
0,381209,-1,30,0,0,0,3,14,5,-1,0,0,0,0,-1,-1,-1,22,22,1722,-1,-1,-1,-1,-1,-1,2,0,0,0,0,0,2,0,4,2,8,41.96669574,-87.73786153
0,391069,-1,15,0,0,0,0,2,0,1,0,0,0,1,-1,-1,-1,11,0,1121,-1,-1,-1,-1,-1,-1,1,0,0,0,0,0,1,0,4,2,8,41.89590429,-87.71159632
0,381877,-1,35,1,-1,-1,3,0,12,0,0,-1,-1,0,1,-1,-1,6,6,1731,-1,-1,-1,-1,-1,-1,2,0,0,0,0,0,2,0,4,2,8,41.94410309,-87.73229898
0,381628,1,25,0,0,-1,-1,7,6,1,0,-1,0,1,-1,-1,1,0,0,921,-1,-1,-1,-1,-1,-1,2,0,0,0,0,0,1,0,4,2,8,41.81650425,-87.70198507
0,381197,-1,30,0,0,0,3,7,6,1,0,0,0,1,-1,-1,-1,0,-1,1732,-1,-1,-1,-1,-1,-1,3,0,0,0,0,0,1,0,3,2,8,41.9496348,-87.71539561
0,381186,1,35,0,0,0,3,7,5,-1,0,0,0,1,-1,-1,-1,27,0,1531,-1,-1,-1,-1,-1,-1,3,0,0,0,0,0,1,0,2,2,8,41.89877373,-87.74684904
0,381183,-1,0,0,0,0,3,7,7,-1,0,0,0,0,-1,-1,-1,0,0,225,-1,-1,-1,-1,-1,-1,2,0,0,0,0,0,1,0,2,2,8,41.80181109,-87.63056018
0,381176,-1,35,1,1,0,3,10,5,5,0,0,0,0,1,-1,-1,7,18,1431,-1,-1,-1,-1,-1,-1,2,0,0,0,0,0,7,0,2,2,8,41.92478976,-87.68778018
0,381167,-1,30,0,-1,0,3,7,2,2,0,0,0,1,-1,-1,-1,0,0,1031,1,-1,-1,-1,-1,-1,3,0,0,0,0,0,1,0,2,2,8,41.84408107,-87.72907469
0,382136,-1,30,0,0,0,3,7,5,1,0,0,0,0,-1,-1,1,0,0,1031,-1,-1,-1,-1,-1,-1,3,0,0,0,0,0,1,0,1,2,8,41.83472443,-87.71926886
0,381868,-1,30,-1,-1,-1,-1,0,6,1,0,-1,-1,0,-1,-1,1,0,-1,1115,-1,-1,-1,-1,-1,-1,2,0,0,0,0,0,2,0,1,2,8,41.88055896,-87.73044913
0,382384,-1,30,0,0,0,1,14,5,-1,0,0,0,0,-1,-1,-1,0,0,1533,-1,-1,-1,-1,-1,-1,2,0,0,0,0,0,3,0,1,2,8,41.87676066,-87.74529167
0,381141,-1,30,1,2,0,0,0,5,2,0,0,-1,0,-1,-1,1,6,17,1132,-1,-1,-1,-1,-1,-1,2,0,0,0,0,0,2,0,1,2,8,41.87336776,-87.7255569
1,381152,-1,30,0,0,0,3,2,5,2,0,0,0,1,-1,-1,-1,-1,-1,212,-1,-1,-1,-1,-1,-1,1,1,0,0,0,1,1,0,1,2,8,41.82736931,-87.60999238
0,381174,-1,30,0,0,0,3,7,5,2,0,0,0,1,-1,-1,-1,12,11,1523,-1,-1,-1,-1,-1,-1,3,0,0,0,0,0,1,0,1,2,8,41.88242616,-87.75950068
0,381479,-1,30,0,0,0,3,0,-1,-1,0,3,-1,0,-1,-1,1,0,0,1133,-1,-1,-1,-1,-1,-1,2,0,0,0,0,0,6,0,1,2,8,41.87455188,-87.72045366
0,381115,-1,30,0,0,0,3,7,5,2,0,0,0,0,-1,-1,1,-1,-1,532,-1,-1,-1,-1,-1,-1,2,0,0,0,0,0,1,0,1,2,8,41.68084554,-87.61933008
0,381173,-1,30,0,-1,0,3,2,2,2,0,0,1,1,-1,-1,-1,29,-1,2524,-1,-1,-1,-1,-1,-1,1,0,0,0,0,0,1,0,0,2,8,41.92456856,-87.72916221
0,381114,-1,25,1,2,0,3,10,5,-1,0,0,0,0,1,-1,-1,16,-1,413,-1,-1,-1,-1,-1,-1,2,0,0,0,0,0,2,0,0,2,8,41.7278454,-87.57563571
2,381093,-1,30,1,2,1,3,0,5,4,0,-1,-1,1,1,-1,1,6,-1,1134,-1,-1,-1,-1,-1,-1,2,1,0,0,1,0,3,0,0,2,8,41.87589394,-87.70122497
0,381111,-1,35,2,2,0,3,14,6,2,0,0,0,0,1,-1,0,5,16,621,-1,-1,-1,-1,-1,-1,2,0,0,0,0,0,2,0,0,2,8,41.75632106,-87.63825128
0,381399,-1,25,0,0,-1,-1,7,6,1,0,-1,0,0,-1,-1,1,0,-1,1624,-1,-1,-1,-1,-1,-1,2,0,0,0,0,0,1,0,0,2,8,41.95871173,-87.75359717
1,381074,-1,35,1,2,0,3,10,5,2,0,0,0,1,1,-1,-1,18,11,612,-1,-1,-1,-1,-1,-1,1,1,0,0,0,1,1,0,23,1,8,41.75577538,-87.65861535
0,382152,-1,30,1,2,1,0,10,5,-1,0,1,0,0,1,-1,-1,12,18,2521,-1,-1,-1,-1,-1,-1,2,0,0,0,0,0,2,0,23,1,8,41.93148359,-87.74199187
0,381063,-1,30,1,2,0,3,14,1,5,0,0,0,0,-1,-1,1,21,18,2223,-1,-1,-1,-1,-1,-1,2,0,0,0,0,0,2,0,23,1,8,41.73578527,-87.64375883
2,381065,-1,35,1,2,0,3,14,1,4,0,0,0,1,1,-1,-1,17,0,1831,-1,-1,-1,-1,-1,-1,3,1,0,0,1,0,7,0,23,1,8,41.89084146,-87.63270628
0,381057,-1,30,0,0,2,3,7,6,1,0,1,0,0,-1,-1,1,11,17,1722,-1,-1,-1,-1,-1,-1,2,0,0,0,0,0,1,0,23,1,8,41.96414139,-87.74007589
0,381051,-1,30,1,2,0,0,10,5,2,0,0,0,0,-1,-1,-1,7,-1,531,-1,-1,-1,-1,-1,-1,2,0,0,0,0,0,2,0,23,1,8,41.69255566,-87.61842881
2,381022,-1,30,1,2,0,3,14,5,4,0,0,0,1,1,-1,-1,17,-1,2433,-1,-1,-1,-1,-1,-1,2,1,0,0,1,0,1,0,23,1,8,41.99448844,-87.65537464
0,381049,-1,30,0,0,0,3,5,5,2,0,0,1,0,0,-1,-1,28,0,631,-1,-1,-1,-1,-1,-1,1,0,0,0,0,0,1,0,22,1,8,41.74405623,-87.60639095
2,381033,-1,30,1,2,0,3,0,5,2,0,0,0,1,1,-1,-1,6,0,2511,-1,-1,-1,-1,-1,-1,2,2,0,0,2,0,0,0,22,1,8,41.93457199,-87.78566027
2,381048,0,30,1,2,0,3,10,3,4,0,0,0,1,1,-1,-1,16,8,1723,-1,-1,-1,-1,-1,-1,2,2,0,0,2,0,1,0,22,1,8,41.9538658,-87.71850238
0,381009,-1,25,0,0,0,3,7,2,2,0,0,0,1,-1,-1,-1,32,21,2433,-1,-1,-1,-1,-1,-1,4,0,0,0,0,0,1,0,22,1,8,41.99451076,-87.67236426
0,381061,-1,30,1,2,0,3,12,5,4,0,0,0,1,-1,-1,1,22,-1,1934,-1,-1,-1,-1,-1,-1,2,0,0,0,0,0,2,0,22,1,8,41.93298718,-87.63946725
0,381094,-1,30,0,0,0,3,12,5,-1,0,0,0,0,-1,-1,1,0,0,523,-1,-1,-1,-1,-1,-1,2,0,0,0,0,0,2,0,22,1,8,41.66154693,-87.64371119
2,381011,-1,30,1,2,0,3,0,3,6,0,0,0,1,1,-1,-1,6,-1,1224,-1,-1,-1,-1,-1,-1,2,1,0,0,1,0,3,0,22,1,8,41.88044799,-87.66662582
0,381128,-1,25,0,0,0,3,7,6,-1,0,0,0,1,-1,-1,1,0,0,2511,-1,-1,-1,-1,-1,-1,2,0,0,0,0,0,1,0,22,1,8,41.93173189,-87.784645
2,381006,-1,30,0,0,2,3,3,2,2,0,1,0,1,-1,-1,1,21,10,824,-1,-1,-1,-1,-1,-1,2,5,0,0,5,0,2,0,22,1,8,41.79160987,-87.7033556
1,381054,-1,30,1,2,2,3,10,5,-1,0,1,0,1,1,-1,-1,0,0,833,-1,-1,-1,-1,-1,-1,2,1,0,0,0,1,1,0,22,1,8,41.76400775,-87.72249911
2,380990,-1,30,0,0,0,-1,8,0,-1,0,0,-1,1,-1,-1,1,16,17,735,-1,-1,-1,-1,-1,-1,2,1,0,0,1,0,1,0,22,1,8,41.7647512,-87.67002953
0,380988,-1,30,0,0,0,3,14,1,2,0,0,0,1,1,-1,0,17,23,833,-1,-1,-1,-1,-1,-1,2,0,0,0,0,0,3,0,22,1,8,41.77125204,-87.72336354
0,380975,-1,30,1,2,0,3,0,5,4,0,0,0,1,1,-1,-1,0,11,1124,-1,-1,-1,-1,-1,-1,2,0,0,0,0,0,3,0,22,1,8,41.87739611,-87.69633892
0,380962,-1,30,0,0,0,3,12,5,2,0,0,0,0,1,-1,-1,17,-1,2521,-1,-1,-1,-1,-1,-1,2,0,0,0,0,0,2,0,22,1,8,41.93862089,-87.75436221
-1,380953,-1,30,0,0,0,0,3,2,2,0,0,0,1,-1,-1,1,21,-1,423,-1,-1,-1,-1,-1,-1,-1,-1,-1,-1,-1,-1,-1,-1,21,1,8,41.73055079,-87.56081668
0,380967,-1,30,0,0,0,3,7,6,1,0,0,0,1,-1,-1,1,23,-1,1531,-1,-1,-1,-1,-1,-1,2,0,0,0,0,0,1,0,21,1,8,41.89519346,-87.74811829
-1,382132,-1,30,1,2,0,3,10,2,-1,0,0,0,0,1,-1,1,18,16,111,-1,-1,-1,-1,-1,-1,-1,-1,-1,-1,-1,-1,-1,-1,21,1,8,41.88682489,-87.62649386
0,380960,-1,30,0,0,0,3,3,2,-1,0,0,0,1,-1,-1,1,25,0,825,-1,-1,-1,-1,-1,-1,2,0,0,0,0,0,3,0,21,1,8,41.77844887,-87.6932273
0,380961,-1,30,1,2,0,0,10,6,3,0,0,0,0,1,-1,-1,18,0,711,-1,-1,-1,-1,-1,-1,2,0,0,0,0,0,3,0,21,1,8,41.79419949,-87.63192548
0,380948,-1,30,0,0,0,3,14,5,4,0,0,0,1,-1,-1,1,23,-1,612,-1,-1,-1,-1,-1,-1,2,0,0,0,0,0,2,0,21,1,8,41.75390535,-87.6633772
0,381013,1,30,0,0,-1,-1,7,5,-1,0,0,0,0,-1,-1,1,0,0,921,-1,-1,-1,-1,-1,-1,2,0,0,0,0,0,1,0,21,1,8,41.81884914,-87.69931384
0,380942,-1,30,0,0,0,3,10,5,2,0,0,0,0,-1,-1,-1,2,16,2211,-1,-1,-1,-1,-1,-1,2,0,0,0,0,0,3,0,21,1,8,41.69136648,-87.70067358
0,381107,-1,30,1,-1,2,3,12,6,3,0,1,-1,0,1,-1,-1,0,0,112,-1,-1,-1,-1,-1,-1,2,0,0,0,0,0,2,0,21,1,8,41.88199989,-87.62441164
2,381085,-1,30,0,0,0,3,8,2,-1,0,0,0,1,-1,-1,1,0,0,832,-1,-1,0,-1,-1,-1,2,1,0,0,1,0,1,0,21,1,8,41.76484395,-87.68076673
2,380983,-1,35,1,2,0,3,8,5,12,0,0,0,1,1,-1,-1,0,0,1935,-1,-1,1,-1,-1,-1,2,1,0,0,1,0,3,0,21,1,8,41.9255964,-87.64875031
0,380940,-1,30,0,0,0,2,10,5,2,0,0,0,0,-1,-1,-1,0,0,1914,-1,-1,-1,-1,-1,-1,2,0,0,0,0,0,2,0,21,1,8,41.96390894,-87.63863625
0,381028,-1,35,1,2,0,3,10,5,4,0,0,0,0,-1,-1,-1,16,18,123,-1,-1,-1,-1,-1,-1,2,0,0,0,0,0,2,0,21,1,8,41.87435024,-87.63512866
2,380936,-1,30,1,2,0,3,3,2,2,0,0,0,1,-1,-1,-1,0,0,1235,-1,-1,-1,-1,-1,-1,2,1,0,0,1,0,1,0,21,1,8,41.85756407,-87.63907891
-1,382205,-1,30,0,0,0,0,7,6,-1,0,0,0,0,-1,-1,-1,0,-1,323,-1,-1,-1,-1,-1,-1,-1,-1,-1,-1,-1,-1,-1,-1,21,1,8,41.76184829,-87.60927626
0,381014,-1,15,0,-1,0,-1,7,6,-1,0,0,-1,0,-1,-1,1,-1,-1,1623,-1,-1,-1,-1,-1,-1,2,0,0,0,0,0,1,0,21,1,8,41.96303047,-87.75645107
0,380912,-1,30,1,2,0,3,14,5,-1,0,0,0,0,-1,-1,-1,20,0,735,-1,-1,-1,-1,-1,-1,2,0,0,0,0,0,3,0,21,1,8,41.76501831,-87.66385923
2,380901,-1,30,2,2,0,0,8,6,1,0,0,0,1,1,-1,-1,17,16,912,-1,-1,-1,-1,-1,-1,2,1,0,0,1,0,1,0,20,1,8,41.83046559,-87.67269509
0,382446,-1,30,0,0,0,1,7,5,1,0,0,0,0,-1,-1,0,22,22,533,-1,-1,-1,-1,-1,-1,2,0,0,0,0,0,1,0,20,1,8,41.65384347,-87.59638613
0,380917,-1,30,0,0,0,3,10,2,-1,0,0,0,0,-1,-1,-1,7,0,1722,-1,-1,-1,-1,-1,-1,2,0,0,0,0,0,2,0,20,1,8,41.95373705,-87.72776661
0,381031,-1,30,1,2,0,3,14,5,2,0,0,0,0,1,-1,1,6,0,1031,-1,-1,-1,-1,-1,-1,2,0,0,0,0,0,2,0,20,1,8,41.83687564,-87.71961299
0,380902,-1,35,0,0,0,3,0,5,2,0,0,0,0,1,-1,1,23,17,822,0,-1,-1,-1,-1,-1,2,0,0,0,0,0,3,0,20,1,8,41.78632099,-87.70555561
0,380876,-1,30,1,2,0,0,12,6,3,0,0,0,1,-1,-1,-1,16,-1,2232,-1,-1,-1,-1,-1,-1,4,0,0,0,0,0,5,0,20,1,8,41.71410483,-87.64294213
2,380993,-1,35,2,2,0,3,14,5,4,0,0,0,1,1,-1,-1,17,-1,1235,-1,-1,-1,-1,-1,-1,2,3,0,0,3,0,2,0,20,1,8,41.8599567,-87.63915859
2,380849,-1,30,0,0,0,4,2,5,-1,0,0,0,1,-1,-1,-1,-1,-1,431,-1,-1,-1,-1,-1,-1,1,2,0,0,2,0,0,0,19,1,8,41.7196319,-87.56900787
0,380859,-1,30,0,0,2,0,2,0,-1,0,0,0,1,-1,1,-1,0,-1,1522,-1,-1,-1,-1,-1,-1,1,0,0,0,0,0,1,0,19,1,8,41.87490256,-87.75946063
0,380834,-1,30,1,2,0,4,10,5,2,0,0,0,1,-1,-1,-1,25,-1,431,-1,-1,-1,-1,-1,-1,2,0,0,0,0,0,10,0,19,1,8,41.71346375,-87.55936545
0,382196,-1,30,1,2,0,1,10,2,-1,0,0,0,0,1,-1,1,18,16,213,-1,-1,-1,-1,-1,-1,2,0,0,0,0,0,2,0,19,1,8,41.82382467,-87.62634512
0,380841,-1,30,0,0,0,1,1,6,1,0,0,-1,0,-1,-1,1,16,-1,1732,-1,-1,-1,-1,-1,-1,1,0,0,0,0,0,1,0,19,1,8,41.9423654,-87.72253683
0,380815,-1,30,0,0,0,1,12,0,-1,0,0,0,0,-1,-1,1,0,0,1522,-1,-1,-1,-1,-1,-1,2,0,0,0,0,0,2,0,19,1,8,41.87759814,-87.76461864
0,380830,-1,30,0,0,0,0,7,2,-1,0,0,0,0,-1,-1,1,0,0,1511,-1,-1,-1,-1,-1,-1,2,0,0,0,0,0,1,0,19,1,8,41.89411838,-87.76551325
0,380789,-1,30,0,0,0,1,10,5,2,0,0,0,0,-1,-1,-1,16,18,411,-1,-1,-1,-1,-1,-1,2,0,0,0,0,0,9,0,19,1,8,41.75204156,-87.58612232
0,380812,-1,30,0,0,0,1,7,6,1,0,0,0,0,-1,-1,1,0,0,1013,-1,-1,-1,-1,-1,-1,2,0,0,0,0,0,3,0,19,1,8,41.84578919,-87.72322197
0,380809,-1,25,0,0,0,1,5,12,4,0,0,0,1,-1,-1,1,28,25,833,-1,-1,-1,1,-1,-1,1,0,0,0,0,0,1,0,19,1,8,41.75517465,-87.7240064
0,380795,-1,30,0,0,0,1,14,5,-1,0,0,0,1,1,-1,1,27,19,922,-1,-1,-1,-1,-1,-1,2,0,0,0,0,0,3,0,19,1,8,41.80839876,-87.69372431
4,380782,-1,30,0,0,0,1,2,3,2,0,0,0,1,-1,-1,-1,0,0,725,-1,-1,-1,-1,-1,-1,1,1,1,0,0,0,0,0,18,1,8,41.77198574,-87.66416094
0,380844,-1,15,0,0,0,1,2,0,-1,0,0,0,1,-1,1,-1,7,-1,523,-1,-1,-1,-1,-1,-1,2,0,0,0,0,0,2,0,18,1,8,41.65869734,-87.63541167
0,380790,-1,35,1,2,0,1,10,5,2,0,0,-1,0,-1,-1,-1,18,0,1911,-1,-1,-1,-1,-1,-1,2,0,0,0,0,0,2,0,18,1,8,41.96117098,-87.6936277
0,380770,-1,25,0,0,0,1,12,6,-1,0,0,0,0,1,-1,-1,17,0,1834,-1,-1,-1,-1,-1,-1,2,0,0,0,0,0,2,0,18,1,8,41.89562941,-87.62432972
1,380765,-1,15,0,0,0,1,10,5,-1,0,0,0,1,-1,-1,-1,0,-1,1022,-1,-1,-1,-1,-1,-1,2,1,0,0,0,1,4,0,18,1,8,41.85540289,-87.69870755