MOST_SEVERE_INJURY,RD_NO,CRASH_DATE_EST_I,POSTED_SPEED_LIMIT,TRAFFIC_CONTROL_DEVICE,DEVICE_CONDITION,WEATHER_CONDITION,LIGHTING_CONDITION,FIRST_CRASH_TYPE,TRAFFICWAY_TYPE,LANE_CNT,ALIGNMENT,ROADWAY_SURFACE_COND,ROAD_DEFECT,CRASH_TYPE,INTERSECTION_RELATED_I,NOT_RIGHT_OF_WAY_I,HIT_AND_RUN_I,PRIM_CONTRIBUTORY_CAUSE,SEC_CONTRIBUTORY_CAUSE,BEAT_OF_OCCURRENCE,PHOTOS_TAKEN_I,STATEMENTS_TAKEN_I,DOORING_I,WORK_ZONE_I,WORK_ZONE_TYPE,WORKERS_PRESENT_I,NUM_UNITS,INJURIES_TOTAL,INJURIES_FATAL,INJURIES_INCAPACITATING,INJURIES_NON_INCAPACITATING,INJURIES_REPORTED_NOT_EVIDENT,INJURIES_NO_INDICATION,INJURIES_UNKNOWN,CRASH_HOUR,CRASH_DAY_OF_WEEK,CRASH_MONTH,LATITUDE,LONGITUDE
0,380787,-1,30,0,0,0,1,12,6,3,0,0,0,0,-1,-1,-1,23,23,133,-1,-1,-1,-1,-1,-1,2,0,0,0,0,0,3,0,18,1,8,41.84676661,-87.61717578
1,380999,-1,30,0,0,0,1,9,6,2,0,0,0,1,-1,-1,1,25,27,1223,-1,-1,-1,-1,-1,-1,2,1,0,0,0,1,1,0,18,1,8,41.88297596,-87.68038564
0,380757,-1,35,1,12,0,1,10,3,6,0,0,0,0,-1,-1,-1,18,7,814,-1,1,-1,-1,-1,-1,2,0,0,0,0,0,2,0,18,1,8,41.80223806,-87.74315221
0,393720,-1,30,0,0,0,1,14,5,4,0,0,-1,0,-1,-1,-1,23,0,2412,-1,-1,-1,-1,-1,-1,2,0,0,0,0,0,7,0,18,1,8,41.99785369,-87.68906427
0,380749,-1,30,1,2,0,1,14,6,3,0,0,-1,0,1,-1,-1,0,0,1925,-1,-1,-1,-1,-1,-1,2,0,0,0,0,0,9,0,18,1,8,41.94050251,-87.63844367
0,380739,-1,10,0,0,0,1,7,7,-1,0,0,0,0,-1,-1,-1,0,0,1935,-1,-1,-1,-1,-1,-1,2,0,0,0,0,0,1,0,18,1,8,41.92978231,-87.63598072
0,381822,0,25,0,0,0,-1,7,6,-1,0,0,-1,0,-1,-1,-1,0,0,1921,-1,-1,-1,-1,-1,-1,2,0,0,0,0,0,1,0,18,1,8,41.9461974,-87.68353641
2,380717,-1,30,0,0,0,1,14,5,2,0,0,0,1,-1,-1,1,17,0,923,-1,-1,-1,-1,-1,-1,2,1,0,0,1,0,4,0,18,1,8,41.79365033,-87.70219537
0,380708,-1,30,1,1,0,1,12,5,-1,0,0,0,0,-1,-1,-1,21,-1,111,-1,-1,-1,-1,-1,-1,2,0,0,0,0,0,2,0,17,1,8,41.88749841,-87.62469999
0,380729,-1,30,1,2,0,1,12,2,-1,0,0,0,1,1,-1,-1,22,0,411,-1,-1,-1,-1,-1,-1,2,0,0,0,0,0,4,0,17,1,8,41.7442883,-87.58594701
0,380695,-1,30,0,0,0,1,7,7,-1,0,0,0,0,-1,1,-1,20,20,225,-1,-1,-1,-1,-1,-1,2,0,0,0,0,0,1,0,17,1,8,41.80189665,-87.62279333
0,380683,-1,30,1,2,0,1,10,5,4,0,0,0,0,-1,-1,-1,0,-1,2022,-1,-1,-1,-1,-1,-1,2,0,0,0,0,0,4,0,17,1,8,41.98543277,-87.65529154
1,380689,-1,30,1,2,0,1,14,2,4,0,0,0,1,1,-1,-1,17,33,431,-1,-1,-1,-1,-1,-1,2,5,0,0,0,5,0,0,17,1,8,41.70817645,-87.5668696
0,380667,-1,30,0,0,0,1,11,7,-1,0,0,0,0,-1,-1,-1,17,21,221,-1,-1,-1,-1,-1,-1,2,0,0,0,0,0,3,0,17,1,8,41.81638552,-87.60655437
1,380681,-1,30,2,2,0,1,0,5,2,0,0,0,1,1,-1,-1,17,-1,1232,-1,-1,-1,-1,-1,-1,2,1,0,0,0,1,1,0,17,1,8,41.87928785,-87.64967929
0,380675,-1,30,2,2,0,1,7,5,2,0,0,0,1,-1,-1,1,22,-1,414,-1,-1,-1,-1,-1,-1,2,0,0,0,0,0,1,0,17,1,8,41.75708265,-87.58349964
1,380701,-1,30,1,-1,0,1,0,2,0,2,0,-1,1,-1,-1,1,6,-1,222,-1,-1,-1,-1,-1,-1,2,1,0,0,0,1,1,0,17,1,8,41.80953478,-87.59245022
0,387545,-1,30,0,0,0,1,0,5,-1,0,0,0,0,-1,-1,-1,17,0,2022,-1,-1,-1,-1,-1,-1,2,0,0,0,0,0,2,0,17,1,8,41.98746564,-87.65537729
0,380879,-1,25,0,0,0,1,7,5,4,0,0,0,0,-1,-1,1,0,0,234,-1,-1,-1,-1,-1,-1,2,0,0,0,0,0,1,0,17,1,8,41.79529732,-87.58782256
0,380805,-1,30,1,2,0,1,10,5,4,0,0,0,0,-1,-1,1,18,18,323,-1,-1,-1,-1,-1,-1,2,0,0,0,0,0,2,0,17,1,8,41.75889583,-87.60555181
0,380691,-1,25,0,0,0,1,7,6,-1,0,0,0,0,-1,-1,-1,0,0,1812,1,-1,-1,-1,-1,-1,2,0,0,0,0,0,1,0,17,1,8,41.92004071,-87.65293208
0,380671,-1,30,0,0,0,1,12,5,-1,0,0,0,0,-1,-1,1,22,-1,1712,-1,-1,-1,-1,-1,-1,2,0,0,0,0,0,5,0,17,1,8,41.96815797,-87.7457355
0,380662,-1,30,0,0,0,1,10,3,-1,0,0,0,0,1,-1,-1,0,-1,432,-1,-1,-1,-1,-1,-1,2,0,0,0,0,0,3,0,16,1,8,41.71375769,-87.53653381
0,380642,-1,0,2,2,0,1,0,-1,-1,0,-1,-1,0,1,-1,-1,0,-1,1234,-1,-1,-1,-1,-1,-1,2,0,0,0,0,0,2,0,16,1,8,41.852219,-87.67598872
0,380627,-1,30,2,2,0,1,0,5,2,0,0,0,1,1,-1,-1,17,16,1831,-1,-1,-1,-1,-1,-1,2,0,0,0,0,0,6,0,16,1,8,41.89386156,-87.63555951
0,380597,-1,30,-1,-1,-1,-1,10,5,-1,0,0,0,0,-1,-1,-1,0,-1,821,-1,-1,-1,-1,-1,-1,2,0,0,0,0,0,2,0,16,1,8,41.8066509,-87.71660108
0,380714,-1,35,0,0,0,1,10,5,3,0,0,0,0,-1,-1,-1,18,0,731,-1,-1,-1,-1,-1,-1,2,0,0,0,0,0,3,0,16,1,8,41.76531512,-87.63042425
0,380598,-1,30,0,0,0,1,7,2,-1,0,0,0,0,-1,-1,-1,11,-1,1212,-1,-1,-1,-1,-1,-1,2,0,0,0,0,0,1,0,16,1,8,41.8964156,-87.67233842
0,380595,-1,20,0,0,0,1,8,0,1,0,0,0,0,-1,-1,-1,33,33,1232,-1,-1,-1,-1,-1,-1,2,0,0,0,0,0,2,0,16,1,8,41.86660631,-87.64393239
0,380618,-1,5,0,0,0,1,7,7,-1,0,0,0,0,-1,-1,1,20,-1,822,-1,-1,-1,-1,-1,-1,2,0,0,0,0,0,2,0,16,1,8,41.79916646,-87.72318613
0,380546,-1,35,0,0,0,1,12,2,2,0,0,0,0,-1,-1,-1,16,22,731,-1,-1,-1,-1,-1,-1,2,0,0,0,0,0,6,0,16,1,8,41.76555655,-87.62909789
0,380712,-1,0,0,0,0,1,10,-1,-1,0,-1,-1,0,0,-1,-1,0,-1,1024,-1,-1,-1,-1,-1,-1,2,0,0,0,0,0,2,0,16,1,8,41.84456319,-87.70968308
0,388851,-1,15,-1,-1,0,1,14,7,-1,0,0,-1,0,-1,-1,-1,0,-1,321,-1,-1,-1,-1,-1,-1,2,0,0,0,0,0,2,0,16,1,8,41.77363856,-87.58644552
0,382985,1,10,0,0,0,1,7,7,1,0,0,-1,0,-1,-1,1,0,0,2233,-1,-1,-1,-1,-1,-1,2,0,0,0,0,0,1,0,16,1,8,41.69955202,-87.64245905
0,380754,-1,20,0,0,0,1,7,7,1,0,0,0,0,-1,-1,-1,0,0,114,-1,-1,-1,-1,-1,-1,2,0,0,0,0,0,1,0,16,1,8,41.88503947,-87.61724521
0,380670,-1,30,2,2,0,1,14,5,-1,0,0,0,0,1,-1,1,0,0,2213,-1,-1,-1,-1,-1,-1,2,0,0,0,0,0,3,0,16,1,8,41.7194167,-87.6689268
2,380570,-1,30,0,0,0,1,12,6,-1,0,0,0,1,-1,-1,-1,22,-1,1925,-1,1,-1,-1,-1,-1,3,1,0,0,1,0,4,0,15,1,8,41.9457245,-87.6458248
2,380552,-1,30,1,2,0,1,0,12,3,0,0,0,1,-1,-1,-1,-1,-1,2211,-1,-1,-1,-1,-1,-1,2,2,0,0,2,0,1,0,15,1,8,41.69171884,-87.70068692
0,380603,-1,30,1,2,0,1,10,5,2,0,0,0,0,0,-1,-1,18,-1,113,-1,-1,-1,-1,-1,-1,2,0,0,0,0,0,5,0,15,1,8,41.87684591,-87.62859062
0,380693,-1,30,0,0,0,1,7,5,-1,0,0,0,0,-1,-1,-1,0,0,2011,-1,-1,-1,-1,-1,-1,2,0,0,0,0,0,1,0,15,1,8,41.97753996,-87.6983282
3,380515,-1,30,0,0,0,1,3,2,4,0,0,0,1,-1,-1,-1,11,27,835,-1,-1,-1,-1,-1,-1,2,3,0,3,0,0,1,0,15,1,8,41.75586611,-87.68314736
0,380646,-1,30,1,2,0,1,10,5,-1,0,0,0,0,-1,-1,-1,18,-1,222,-1,-1,-1,-1,-1,-1,2,0,0,0,0,0,2,0,15,1,8,41.8105925,-87.58937111
0,381392,-1,30,0,0,0,1,12,6,-1,0,0,0,0,-1,-1,-1,0,0,1732,-1,-1,-1,-1,-1,-1,2,0,0,0,0,0,2,0,15,1,8,41.95209576,-87.71516582
0,380527,-1,30,1,2,0,1,10,5,-1,0,0,12,0,-1,-1,-1,22,18,1533,-1,-1,-1,-1,-1,-1,2,0,0,0,0,0,3,0,15,1,8,41.8659742,-87.74490349
0,380508,-1,10,0,0,0,1,0,7,2,0,0,0,0,-1,-1,-1,0,0,1731,-1,-1,-1,-1,-1,-1,2,0,0,0,0,0,2,0,15,1,8,41.95333793,-87.74532904
0,380505,-1,30,0,0,0,1,10,3,2,0,0,0,0,-1,-1,-1,18,-1,123,-1,-1,-1,-1,-1,-1,3,0,0,0,0,0,5,0,15,1,8,41.8679045,-87.62728574
0,380567,-1,30,-1,-1,0,1,12,5,2,0,0,0,0,-1,-1,-1,-1,-1,821,-1,-1,-1,-1,-1,-1,2,0,0,0,0,0,3,0,15,1,8,41.80821392,-87.705246
0,380506,-1,30,0,0,0,1,14,5,-1,0,0,0,0,-1,-1,-1,17,0,1915,-1,-1,-1,-1,-1,-1,2,0,0,0,0,0,2,0,15,1,8,41.95537429,-87.65122649
0,380484,-1,15,0,0,0,1,7,5,2,0,0,0,0,-1,-1,-1,20,11,432,-1,-1,-1,-1,-1,-1,2,0,0,0,0,0,1,0,15,1,8,41.70444833,-87.53292889
0,380611,-1,30,0,0,0,1,12,5,-1,0,0,0,0,-1,-1,-1,0,0,1233,-1,-1,-1,-1,-1,-1,2,0,0,0,0,0,2,0,14,1,8,41.86596733,-87.67637312
0,380541,-1,30,2,2,0,1,0,5,-1,0,0,0,0,-1,-1,1,5,16,2514,-1,-1,-1,-1,-1,-1,2,0,0,0,0,0,2,0,14,1,8,41.92872616,-87.75646224
0,380524,-1,30,0,0,0,1,10,5,2,0,0,0,0,-1,-1,-1,7,-1,1513,-1,-1,-1,-1,-1,-1,3,0,0,0,0,0,4,0,14,1,8,41.87178124,-87.76471429
0,380580,-1,30,1,2,0,1,10,2,2,0,0,0,0,-1,-1,-1,18,0,1921,-1,-1,-1,-1,-1,-1,2,0,0,0,0,0,3,0,14,1,8,41.93968119,-87.67847877
0,380577,-1,30,0,0,0,1,10,2,2,0,0,0,0,1,-1,-1,0,-1,2411,-1,-1,-1,-1,-1,-1,3,0,0,0,0,0,3,0,14,1,8,42.01217318,-87.69984398
0,380482,-1,35,0,0,0,1,12,3,2,0,0,0,0,-1,-1,1,18,11,725,-1,-1,-1,-1,-1,-1,2,0,0,0,0,0,2,0,14,1,8,41.77209823,-87.66416462
0,380568,-1,30,1,2,0,1,14,2,-1,0,0,0,0,-1,-1,1,0,0,2535,-1,-1,-1,-1,-1,-1,2,0,0,0,0,0,2,0,14,1,8,41.9055055,-87.72624253
0,380564,-1,30,1,2,0,1,10,5,3,0,-1,-1,0,1,-1,-1,18,18,1135,-1,-1,-1,-1,-1,-1,2,0,0,0,0,0,4,0,14,1,8,41.87368488,-87.6959782
0,380510,-1,30,2,0,0,1,14,6,4,0,0,0,0,1,-1,-1,7,-1,114,-1,-1,-1,-1,-1,-1,2,0,0,0,0,0,2,0,14,1,8,41.88471055,-87.62404939
0,380467,-1,0,0,0,0,1,12,7,-1,0,0,0,0,-1,-1,-1,20,25,2023,-1,-1,-1,-1,-1,-1,3,0,0,0,0,0,3,0,14,1,8,41.9777322,-87.65517227
0,380462,-1,30,0,0,0,1,10,2,-1,0,0,0,1,-1,-1,-1,16,-1,1731,-1,-1,-1,-1,-1,-1,2,0,0,0,0,0,4,0,14,1,8,41.94122721,-87.74678519
0,380424,-1,25,0,0,0,1,12,6,-1,0,0,0,1,1,-1,-1,17,33,511,-1,-1,-1,-1,-1,-1,2,0,0,0,0,0,2,0,14,1,8,41.72164455,-87.61670183
2,380487,-1,30,0,0,0,1,8,5,2,0,0,0,1,-1,-1,-1,11,0,2424,-1,-1,1,-1,-1,-1,2,1,0,0,1,0,0,0,14,1,8,42.00879502,-87.67849293
0,380501,-1,30,-1,-1,0,1,7,5,-1,0,0,0,0,-1,-1,1,-1,-1,532,-1,-1,-1,-1,-1,-1,2,0,0,0,0,0,1,0,14,1,8,41.67090624,-87.61814431
0,380463,-1,15,0,0,0,1,3,7,-1,0,0,0,0,-1,0,-1,-1,-1,1233,-1,-1,-1,-1,-1,-1,2,0,0,0,0,0,3,0,14,1,8,41.86240243,-87.66641897
0,380430,-1,15,0,0,0,1,7,7,-1,0,0,0,0,-1,-1,-1,20,16,1112,1,-1,-1,-1,-1,-1,2,0,0,0,0,0,3,0,14,1,8,41.90247367,-87.71681747
2,380434,-1,30,1,2,0,1,0,1,4,0,0,0,1,1,1,-1,17,14,633,-1,-1,-1,-1,-1,-1,2,5,0,0,5,0,13,0,13,1,8,41.72215394,-87.60444774
0,380402,-1,30,0,0,0,1,7,2,-1,0,0,0,0,-1,-1,-1,0,-1,831,-1,-1,-1,-1,-1,-1,2,0,0,0,0,0,1,0,13,1,8,41.77212185,-87.69458293
0,384418,-1,30,1,2,0,1,10,5,-1,0,0,0,0,-1,-1,1,0,0,114,-1,-1,-1,-1,-1,-1,2,0,0,0,0,0,2,0,13,1,8,41.88454011,-87.62430852
0,381918,-1,30,1,2,0,1,14,5,-1,0,0,0,0,-1,-1,-1,17,21,131,-1,-1,-1,-1,-1,-1,2,0,0,0,0,0,2,0,13,1,8,41.85293397,-87.63021424
0,380459,-1,30,1,2,0,1,12,2,2,0,0,0,0,-1,-1,-1,22,0,1931,-1,-1,-1,-1,-1,-1,2,0,0,0,0,0,2,0,13,1,8,41.93215745,-87.67962379
0,380378,-1,30,12,0,0,1,12,12,2,0,0,0,0,-1,-1,1,18,16,1024,-1,-1,-1,-1,-1,-1,2,0,0,0,0,0,2,0,13,1,8,41.84720714,-87.70526744
0,387701,-1,30,0,0,-1,-1,7,6,1,0,-1,-1,0,-1,-1,-1,8,22,1925,-1,-1,-1,-1,-1,-1,2,0,0,0,0,0,1,0,13,1,8,41.94130052,-87.64034663
3,380476,-1,35,0,0,0,1,11,5,4,0,0,0,1,-1,-1,-1,27,0,835,-1,-1,-1,-1,-1,-1,3,1,0,1,0,0,7,0,13,1,8,41.74395458,-87.68285027
0,380458,-1,30,2,-1,0,1,3,5,-1,0,-1,-1,0,1,-1,1,0,-1,921,-1,-1,-1,-1,-1,-1,2,0,0,0,0,0,4,0,13,1,8,41.81813897,-87.70422144
0,380419,-1,30,0,3,0,1,10,2,-1,0,0,0,0,-1,-1,-1,16,16,2022,-1,-1,-1,-1,-1,-1,2,0,0,0,0,0,2,0,13,1,8,41.98852183,-87.6554866
0,385918,-1,30,0,2,0,1,12,2,4,0,0,0,0,-1,-1,1,4,17,124,-1,-1,-1,-1,-1,-1,2,0,0,0,0,0,2,0,13,1,8,41.86717911,-87.63619855
1,380602,-1,30,1,2,0,1,10,5,-1,0,0,0,1,-1,-1,-1,18,-1,613,-1,-1,-1,-1,-1,-1,2,1,0,0,0,1,2,0,13,1,8,41.74335942,-87.6511785
0,380448,-1,5,0,0,0,1,7,7,-1,0,0,-1,0,-1,1,1,20,20,1223,-1,-1,-1,-1,-1,-1,2,0,0,0,0,0,3,0,13,1,8,41.88452624,-87.68637873
0,380387,-1,30,1,2,0,1,10,2,2,0,0,0,0,-1,-1,-1,18,0,1733,-1,-1,-1,-1,-1,-1,2,0,0,0,0,0,2,0,13,1,8,41.93935173,-87.70784659
0,380363,-1,30,2,2,0,1,14,5,-1,0,0,0,0,-1,-1,1,17,-1,133,-1,-1,-1,-1,-1,-1,2,0,0,0,0,0,2,0,13,1,8,41.84554402,-87.62547089
0,380362,-1,35,0,0,0,1,12,2,-1,0,0,0,0,-1,-1,1,21,21,834,-1,-1,-1,-1,-1,-1,2,0,0,0,0,0,2,0,13,1,8,41.74967812,-87.72206294
0,380361,-1,30,1,2,0,1,14,5,4,0,0,0,0,1,-1,-1,0,0,122,-1,-1,-1,-1,-1,-1,2,0,0,0,0,0,4,0,13,1,8,41.88452546,-87.63721639
0,380349,-1,30,0,0,0,1,7,7,-1,0,0,0,0,-1,-1,1,-1,-1,815,-1,-1,-1,-1,-1,-1,2,0,0,0,0,0,1,0,13,1,8,41.79619759,-87.72339188
2,380345,-1,30,0,0,0,1,8,5,2,0,0,0,1,-1,-1,-1,14,-1,1831,-1,-1,1,-1,-1,-1,2,1,0,0,1,0,1,0,13,1,8,41.89088382,-87.63497409
0,380344,-1,10,0,0,0,1,7,7,-1,0,0,0,0,-1,-1,0,0,-1,1633,-1,-1,-1,-1,-1,-1,2,0,0,0,0,0,1,0,13,1,8,41.93861746,-87.7666483
2,380334,-1,35,2,0,0,1,8,6,1,0,0,0,1,1,-1,-1,10,0,1024,-1,-1,-1,-1,-1,-1,2,1,0,0,1,0,1,0,13,1,8,41.8558011,-87.71119806
0,383012,1,0,0,0,-1,-1,7,7,-1,0,-1,0,0,-1,1,-1,0,-1,915,-1,-1,-1,-1,-1,-1,2,0,0,0,0,0,1,0,13,1,8,41.82898277,-87.63251885
0,382128,-1,30,2,2,0,1,0,5,-1,0,0,0,0,-1,-1,1,5,-1,1833,-1,-1,-1,-1,-1,-1,2,0,0,0,0,0,2,0,12,1,8,41.89772601,-87.62175938
0,380326,-1,20,0,0,0,1,7,6,1,0,0,0,1,-1,-1,1,0,10,421,-1,-1,-1,-1,-1,-1,3,0,0,0,0,0,1,0,12,1,8,41.75394459,-87.55980951
0,380558,-1,30,0,0,0,1,3,5,-1,0,0,0,0,-1,-1,-1,20,0,1215,-1,-1,-1,-1,-1,-1,2,0,0,0,0,0,2,0,12,1,8,41.89196081,-87.66731771
0,380437,-1,25,0,0,0,1,12,3,4,0,0,0,0,-1,-1,-1,0,-1,234,-1,-1,-1,-1,-1,-1,2,0,0,0,0,0,3,0,12,1,8,41.80237973,-87.58797941
0,380381,-1,30,1,2,0,1,14,2,2,0,0,0,0,1,-1,-1,17,-1,432,-1,-1,-1,-1,-1,-1,2,0,0,0,0,0,2,0,12,1,8,41.71351719,-87.53663345
0,380364,-1,30,1,2,0,1,10,2,-1,0,0,0,0,-1,-1,-1,0,-1,1215,-1,-1,-1,-1,-1,-1,2,0,0,0,0,0,4,0,12,1,8,41.89034863,-87.66697848
0,380535,-1,30,0,0,0,1,0,2,4,0,0,0,1,-1,-1,1,20,23,922,-1,-1,-1,-1,-1,-1,2,0,0,0,0,0,2,0,12,1,8,41.81519526,-87.70040495
0,381617,-1,30,2,0,0,1,0,5,-1,0,0,0,0,-1,-1,1,17,-1,611,-1,-1,-1,-1,-1,-1,2,0,0,0,0,0,2,0,12,1,8,41.75035275,-87.67220246
0,381520,-1,30,2,2,0,0,10,5,4,0,0,0,0,-1,-1,-1,18,-1,1113,-1,-1,-1,-1,-1,-1,2,0,0,0,0,0,2,0,12,1,8,41.88063882,-87.74258393
0,380413,-1,0,0,0,0,1,7,7,-1,0,-1,-1,0,-1,-1,-1,0,-1,1232,-1,-1,-1,-1,-1,-1,2,0,0,0,0,0,2,0,12,1,8,41.88159799,-87.65162107
0,380307,-1,30,0,0,0,1,14,5,2,0,0,0,0,-1,-1,-1,0,0,1932,-1,-1,-1,-1,-1,-1,2,0,0,0,0,0,2,0,12,1,8,41.92551413,-87.65191108
0,380285,-1,30,0,0,0,1,0,6,1,0,0,0,0,-1,-1,-1,17,-1,1115,-1,-1,-1,-1,-1,-1,2,0,0,0,0,0,3,0,12,1,8,41.88047747,-87.73041988
0,380433,-1,15,0,0,0,1,10,6,1,0,0,0,0,-1,-1,-1,20,0,313,-1,-1,-1,-1,-1,-1,2,0,0,0,0,0,2,0,12,1,8,41.78109234,-87.61096613
0,380279,-1,30,0,0,0,1,10,3,4,0,0,0,0,-1,-1,-1,0,0,1513,-1,-1,-1,-1,-1,-1,2,0,0,0,0,0,4,0,12,1,8,41.88027411,-87.76991771
0,380268,-1,30,0,0,0,1,7,5,-1,0,0,0,0,-1,-1,-1,11,-1,2013,-1,-1,-1,-1,-1,-1,2,0,0,0,0,0,1,0,12,1,8,41.98823741,-87.66198843
0,380313,-1,30,0,0,0,1,14,5,2,0,0,0,0,1,-1,-1,17,16,2512,-1,-1,-1,-1,-1,-1,2,0,0,0,0,0,2,0,12,1,8,41.92781459,-87.80624186
0,380324,-1,30,0,0,0,1,2,2,4,0,0,0,0,-1,-1,-1,11,-1,633,-1,-1,-1,-1,-1,-1,1,0,0,0,0,0,2,0,12,1,8,41.7275775,-87.60475318
0,380278,-1,25,1,2,0,1,0,5,-1,0,0,0,0,-1,-1,-1,20,0,2423,-1,-1,-1,-1,-1,-1,2,0,0,0,0,0,3,0,12,1,8,42.01150041,-87.66303393
0,380726,-1,30,0,0,0,1,0,5,2,0,0,0,0,-1,-1,-1,0,-1,1821,-1,-1,-1,-1,-1,-1,2,0,0,0,0,0,2,0,12,1,8,41.90648312,-87.6431375
2,380293,-1,25,0,0,0,1,9,5,2,0,0,0,1,-1,-1,1,5,5,432,-1,-1,-1,-1,-1,-1,2,1,0,0,1,0,1,0,12,1,8,41.71367918,-87.53663331
0,403226,-1,30,1,2,0,1,14,5,-1,0,0,-1,0,-1,-1,-1,17,-1,1823,-1,-1,-1,-1,-1,-1,2,0,0,0,0,0,3,0,11,1,8,41.89663375,-87.63435134
0,389909,-1,30,0,0,0,1,12,5,-1,0,0,1,0,-1,-1,-1,29,13,2521,-1,-1,-1,-1,-1,-1,2,0,0,0,0,0,2,0,11,1,8,41.92845408,-87.74661563
0,380226,-1,30,0,0,0,1,7,5,2,0,0,0,1,-1,-1,1,0,-1,531,-1,-1,-1,-1,-1,-1,1,0,0,0,0,0,1,0,11,1,8,41.68817278,-87.62233314
0,380385,-1,0,0,0,0,1,7,-1,-1,0,-1,-1,0,-1,-1,1,0,-1,1034,-1,-1,-1,-1,-1,-1,2,0,0,0,0,0,1,0,11,1,8,41.84909172,-87.67806533
0,380234,-1,30,1,2,0,1,12,2,-1,0,0,0,0,1,-1,-1,17,22,1921,-1,-1,-1,-1,-1,-1,2,0,0,0,0,0,2,0,11,1,8,41.94682488,-87.69321291
0,380230,-1,20,0,0,0,1,7,5,-1,3,0,0,0,-1,-1,1,16,23,1531,-1,-1,-1,-1,-1,-1,3,0,0,0,0,0,1,0,11,1,8,41.90061592,-87.7469021
0,381082,1,30,0,-1,2,3,14,2,-1,0,0,-1,0,-1,-1,-1,0,0,1224,-1,-1,-1,-1,-1,-1,2,0,0,0,0,0,2,0,11,1,8,41.88427569,-87.64757923
0,380283,-1,55,0,0,0,1,10,3,6,3,0,0,0,-1,-1,1,25,16,132,-1,-1,-1,-1,-1,-1,2,0,0,0,0,0,2,0,11,1,8,41.86262829,-87.61503109
0,382995,-1,40,0,0,0,1,10,6,4,0,0,0,0,-1,-1,-1,22,-1,1824,-1,-1,-1,-1,-1,-1,2,0,0,0,0,0,2,0,11,1,8,41.9081707,-87.62556438
0,380573,-1,15,0,0,0,1,7,5,2,0,0,0,0,-1,1,1,0,-1,924,-1,-1,-1,-1,-1,-1,2,0,0,0,0,0,1,0,11,1,8,41.81944143,-87.66537555
0,390674,-1,30,0,0,0,1,12,5,2,0,0,0,0,-1,-1,-1,0,-1,632,-1,-1,-1,-1,-1,-1,2,0,0,0,0,0,2,0,11,1,8,41.73653968,-87.61945796
0,380613,1,30,0,0,0,1,7,5,2,0,0,0,0,-1,-1,1,14,0,834,-1,-1,-1,-1,-1,-1,3,0,0,0,0,0,1,0,11,1,8,41.7477767,-87.70810035
0,380560,-1,30,1,2,0,1,10,5,-1,0,0,0,0,-1,-1,-1,18,16,2513,1,-1,-1,-1,-1,-1,2,0,0,0,0,0,4,0,11,1,8,41.90898946,-87.80436284
0,380225,-1,10,0,0,0,1,7,7,-1,0,0,0,0,-1,-1,1,0,-1,1221,-1,-1,-1,-1,-1,-1,2,0,0,0,0,0,1,0,11,1,8,41.8948289,-87.68422284
0,380192,-1,20,1,2,0,1,5,3,3,0,0,0,0,1,-1,-1,23,-1,131,-1,-1,-1,-1,-1,-1,1,0,0,0,0,0,1,0,11,1,8,41.85299122,-87.62938693
0,380186,-1,10,0,0,0,1,10,7,-1,0,0,0,0,-1,-1,-1,-1,-1,2221,-1,-1,-1,-1,-1,-1,2,0,0,0,0,0,2,0,11,1,8,41.72130045,-87.66434336
0,380169,-1,30,12,2,0,1,14,6,1,2,0,0,0,-1,-1,-1,17,8,1231,-1,-1,-1,-1,-1,-1,2,0,0,0,0,0,2,0,10,1,8,41.87651172,-87.65926997
0,380196,-1,30,1,0,0,1,10,5,-1,0,0,0,0,-1,-1,-1,18,16,2533,-1,-1,-1,-1,-1,-1,2,0,0,0,0,0,2,0,10,1,8,41.9151769,-87.74887262
0,380144,-1,30,1,2,0,1,2,5,-1,0,0,0,0,1,1,-1,0,0,1612,-1,-1,-1,-1,-1,-1,1,0,0,0,0,0,1,0,10,1,8,41.99010145,-87.8070184
0,380123,-1,30,2,2,0,1,10,12,-1,0,0,0,0,1,-1,1,18,-1,2412,-1,-1,-1,-1,-1,-1,2,0,0,0,0,0,2,0,10,1,8,41.99798984,-87.68104502
0,381420,-1,30,0,0,2,1,12,2,-1,0,1,0,0,-1,-1,-1,17,21,1614,-1,-1,-1,-1,-1,-1,2,0,0,0,0,0,2,0,10,1,8,41.98119839,-87.83723873
0,380674,-1,30,1,2,0,0,12,5,-1,0,0,0,0,1,-1,1,-1,-1,424,-1,-1,-1,-1,-1,-1,2,0,0,0,0,0,5,0,10,1,8,41.73374084,-87.54312791
0,380141,-1,30,0,0,0,1,7,5,2,0,0,0,0,-1,-1,1,0,0,1123,-1,-1,-1,-1,-1,-1,2,0,0,0,0,0,1,0,10,1,8,41.88707482,-87.71104056
0,387595,-1,30,0,0,0,1,10,5,2,0,0,0,0,-1,-1,-1,7,-1,714,-1,-1,-1,-1,-1,-1,2,0,0,0,0,0,2,0,9,1,8,41.77942466,-87.67396821
0,382916,-1,30,1,2,0,1,10,5,-1,0,0,0,0,-1,-1,-1,18,-1,815,-1,-1,-1,-1,-1,-1,2,0,0,0,0,0,3,0,9,1,8,41.81630182,-87.72403661