MOST_SEVERE_INJURY,RD_NO,CRASH_DATE_EST_I,POSTED_SPEED_LIMIT,TRAFFIC_CONTROL_DEVICE,DEVICE_CONDITION,WEATHER_CONDITION,LIGHTING_CONDITION,FIRST_CRASH_TYPE,TRAFFICWAY_TYPE,LANE_CNT,ALIGNMENT,ROADWAY_SURFACE_COND,ROAD_DEFECT,CRASH_TYPE,INTERSECTION_RELATED_I,NOT_RIGHT_OF_WAY_I,HIT_AND_RUN_I,PRIM_CONTRIBUTORY_CAUSE,SEC_CONTRIBUTORY_CAUSE,BEAT_OF_OCCURRENCE,PHOTOS_TAKEN_I,STATEMENTS_TAKEN_I,DOORING_I,WORK_ZONE_I,WORK_ZONE_TYPE,WORKERS_PRESENT_I,NUM_UNITS,INJURIES_TOTAL,INJURIES_FATAL,INJURIES_INCAPACITATING,INJURIES_NON_INCAPACITATING,INJURIES_REPORTED_NOT_EVIDENT,INJURIES_NO_INDICATION,INJURIES_UNKNOWN,CRASH_HOUR,CRASH_DAY_OF_WEEK,CRASH_MONTH,LATITUDE,LONGITUDE
0,381765,-1,30,0,0,-1,-1,7,5,2,0,0,12,0,-1,-1,1,0,-1,2511,-1,-1,-1,-1,-1,-1,2,0,0,0,0,0,1,0,9,1,8,41.93568826,-87.78083536
2,380056,-1,35,1,2,1,1,9,3,4,0,0,0,1,1,-1,-1,17,0,112,-1,-1,-1,-1,-1,-1,2,1,0,0,1,0,1,0,9,1,8,41.88077067,-87.62448302
0,380091,-1,15,0,0,0,1,7,0,1,0,0,0,0,-1,-1,-1,0,0,1522,-1,-1,-1,-1,-1,-1,2,0,0,0,0,0,4,0,9,1,8,41.87760296,-87.76071223
0,380157,-1,30,1,2,0,1,14,2,4,0,0,-1,0,-1,-1,-1,18,-1,2412,-1,-1,-1,-1,-1,-1,2,0,0,0,0,0,3,0,9,1,8,41.99783811,-87.68994854
0,402522,1,30,0,0,-1,-1,7,5,2,0,-1,0,0,-1,-1,1,0,-1,911,-1,-1,-1,-1,-1,-1,2,0,0,0,0,0,1,0,9,1,8,41.83127722,-87.68621166
0,386162,1,30,0,0,0,3,7,6,-1,0,0,0,1,-1,-1,1,-1,-1,631,-1,-1,-1,-1,-1,-1,2,0,0,0,0,0,1,0,9,1,8,41.74756699,-87.60054417
0,390183,-1,30,0,0,-1,-1,7,6,1,0,-1,0,0,-1,-1,1,20,-1,1423,-1,-1,-1,-1,-1,-1,2,0,0,0,0,0,1,0,8,1,8,41.90650655,-87.69263833
0,380045,-1,30,1,0,0,1,10,2,2,0,0,0,1,-1,-1,-1,18,18,111,-1,-1,-1,-1,-1,-1,2,0,0,0,0,0,2,0,8,1,8,41.88751504,-87.62650534
0,380021,-1,30,0,0,0,1,12,2,2,0,0,0,0,-1,-1,1,0,0,1032,-1,-1,-1,-1,-1,-1,2,0,0,0,0,0,5,0,8,1,8,41.84432607,-87.71097578
2,380022,-1,30,0,0,0,1,10,3,6,1,1,0,1,-1,-1,-1,27,16,1824,-1,-1,-1,-1,-1,-1,2,2,0,0,2,0,0,0,8,1,8,41.90961072,-87.62583365
0,380300,-1,30,0,0,0,1,7,6,-1,0,0,0,0,-1,-1,-1,0,-1,923,-1,-1,-1,-1,-1,-1,2,0,0,0,0,0,1,0,8,1,8,41.79558764,-87.69492533
0,380098,-1,30,0,0,0,1,7,2,2,0,0,0,0,-1,-1,1,-1,-1,2523,-1,-1,-1,-1,-1,-1,2,0,0,0,0,0,1,0,8,1,8,41.93895642,-87.72928963
0,380008,-1,15,0,0,0,1,7,5,-1,0,0,0,0,-1,-1,1,0,-1,432,-1,-1,-1,-1,-1,-1,2,0,0,0,0,0,1,0,7,1,8,41.69561122,-87.54140538
0,379986,-1,30,2,2,0,1,10,5,2,0,0,0,0,-1,-1,-1,18,16,1624,-1,-1,-1,-1,-1,-1,2,0,0,0,0,0,2,0,7,1,8,41.96051951,-87.75484377
0,379980,-1,20,0,0,0,1,12,6,2,0,0,0,0,-1,-1,-1,0,0,132,-1,-1,-1,-1,-1,-1,2,0,0,0,0,0,2,0,6,1,8,41.85365089,-87.62053358
0,379957,-1,35,1,2,0,1,10,5,2,0,0,0,0,1,-1,1,16,18,1031,-1,-1,-1,-1,-1,-1,2,0,0,0,0,0,2,0,6,1,8,41.83697262,-87.72449921
0,380926,1,30,-1,-1,0,-1,7,-1,-1,0,-1,-1,0,-1,-1,1,0,0,914,-1,-1,-1,-1,-1,-1,2,0,0,0,0,0,1,0,6,1,8,41.84164922,-87.63798925
0,379958,-1,30,0,0,0,1,7,2,-1,0,0,0,1,1,-1,-1,15,15,912,-1,-1,-1,-1,-1,-1,2,0,0,0,0,0,1,0,5,1,8,41.83046075,-87.67889654
0,380004,-1,30,0,0,0,3,7,2,2,0,0,0,1,-1,-1,1,25,16,1222,-1,-1,-1,-1,-1,-1,2,0,0,0,0,0,1,0,5,1,8,41.88115118,-87.69985374
4,379945,-1,30,0,0,0,2,2,2,2,0,0,2,1,-1,-1,-1,-1,-1,1532,1,-1,-1,-1,-1,-1,1,1,1,0,0,0,0,0,5,1,8,41.8865566,-87.74608953
0,379930,-1,30,0,0,0,2,7,5,-1,0,0,0,1,-1,-1,-1,0,27,2213,-1,-1,-1,-1,-1,-1,2,0,0,0,0,0,2,0,5,1,8,41.72121126,-87.65437693
0,384846,-1,30,0,0,-1,2,2,12,-1,0,-1,12,0,-1,-1,-1,29,29,2533,-1,-1,-1,-1,-1,-1,1,0,0,0,0,0,1,0,5,1,8,41.90236983,-87.74856811
0,380025,-1,30,0,0,0,1,14,2,4,0,0,0,0,-1,-1,-1,17,17,321,-1,-1,-1,-1,-1,-1,2,0,0,0,0,0,2,0,5,1,8,41.77522009,-87.58643663
0,380951,-1,30,0,0,0,1,12,6,1,0,0,0,0,-1,-1,-1,23,-1,623,-1,-1,-1,-1,-1,-1,2,0,0,0,0,0,2,0,5,1,8,41.75455161,-87.63368307
0,379933,-1,30,0,0,0,2,7,1,4,0,0,-1,1,-1,-1,-1,0,0,1422,-1,-1,-1,-1,-1,-1,2,0,0,0,0,0,2,0,5,1,8,41.90989234,-87.71605298
0,379941,-1,30,1,2,0,1,14,6,4,0,0,0,0,1,-1,-1,17,17,1831,-1,-1,-1,-1,-1,-1,2,0,0,0,0,0,3,0,5,1,8,41.8932767,-87.63568944
0,379925,-1,30,0,0,0,3,7,5,2,0,0,0,1,-1,-1,1,0,-1,824,-1,-1,-1,-1,-1,-1,2,0,0,0,0,0,1,0,5,1,8,41.78961625,-87.69383127
0,380048,-1,30,0,0,0,3,7,6,-1,0,0,0,0,-1,-1,-1,0,-1,432,-1,-1,-1,-1,-1,-1,3,0,0,0,0,0,1,0,4,1,8,41.70567396,-87.5339317
3,379919,-1,30,0,0,0,3,7,2,4,0,0,0,1,-1,-1,-1,10,16,1711,-1,-1,-1,-1,-1,-1,2,1,0,1,0,0,0,0,4,1,8,41.99046224,-87.71182089
2,379935,-1,30,1,2,0,1,14,5,-1,0,0,0,1,-1,-1,1,16,-1,712,-1,-1,-1,-1,-1,-1,2,1,0,0,1,0,1,0,4,1,8,41.78713408,-87.645032
0,379897,-1,35,1,2,0,3,14,5,-1,0,0,0,0,1,-1,-1,0,-1,723,-1,-1,-1,-1,-1,-1,2,0,0,0,0,0,2,0,4,1,8,41.7796575,-87.64493099
0,379915,-1,30,0,0,0,0,7,5,-1,3,0,0,0,-1,-1,1,-1,-1,233,-1,-1,-1,-1,-1,-1,2,0,0,0,0,0,1,0,4,1,8,41.78782903,-87.60769996
0,380116,-1,30,0,0,0,0,7,7,-1,0,0,0,0,-1,-1,-1,11,0,1712,-1,-1,-1,-1,-1,-1,2,0,0,0,0,0,1,0,4,1,8,41.96822423,-87.73974749
0,379909,-1,30,4,2,0,3,12,5,-1,0,0,0,0,1,-1,-1,12,0,323,-1,-1,-1,-1,-1,-1,2,0,0,0,0,0,2,0,4,1,8,41.76580035,-87.60572913
0,379898,-1,30,0,0,0,3,7,5,-1,0,0,0,0,-1,-1,1,0,0,2211,-1,-1,-1,-1,-1,-1,2,0,0,0,0,0,1,0,3,1,8,41.70244004,-87.71396129
0,379880,-1,30,2,2,0,0,12,5,-1,0,0,0,0,1,-1,-1,0,-1,2524,-1,-1,-1,-1,-1,-1,2,0,0,0,0,0,3,0,3,1,8,41.93158322,-87.73440337
0,379868,-1,30,0,0,0,3,0,5,2,0,0,-1,0,-1,-1,-1,17,0,1414,-1,-1,-1,-1,-1,-1,2,0,0,0,0,0,6,0,3,1,8,41.92634244,-87.70272439
0,379879,-1,30,1,2,0,0,10,2,2,0,0,0,0,1,-1,1,0,0,1022,-1,-1,-1,-1,-1,-1,2,0,0,0,0,0,2,0,3,1,8,41.86634522,-87.70084694
0,379904,1,30,0,0,0,3,7,5,2,0,0,-1,1,-1,-1,1,32,16,2533,-1,-1,-1,-1,-1,-1,4,0,0,0,0,0,1,0,3,1,8,41.91150284,-87.75558766
0,380586,-1,30,0,0,0,1,7,5,-1,0,0,0,0,-1,-1,-1,-1,-1,123,-1,-1,-1,-1,-1,-1,2,0,0,0,0,0,1,0,3,1,8,41.87181181,-87.6243155
0,379853,-1,30,0,0,0,3,7,5,2,0,0,0,1,-1,-1,1,0,0,915,-1,-1,-1,-1,-1,-1,2,0,0,0,0,0,1,0,2,1,8,41.8380341,-87.64004773
2,379850,-1,30,2,2,0,0,9,5,2,0,1,0,1,-1,-1,1,0,0,623,-1,-1,-1,-1,-1,-1,2,1,0,0,1,0,1,0,2,1,8,41.7581996,-87.62168028
0,379837,-1,30,0,0,0,3,2,3,2,0,0,0,1,-1,-1,-1,8,-1,423,-1,-1,-1,-1,-1,-1,1,0,0,0,0,0,2,0,2,1,8,41.73368754,-87.56433443
0,379834,-1,30,1,2,0,0,0,5,4,0,0,0,1,1,-1,1,0,-1,1022,-1,-1,-1,-1,-1,-1,2,0,0,0,0,0,3,0,2,1,8,41.85805326,-87.70555564
0,379846,0,30,1,2,0,3,14,5,4,0,0,0,0,1,-1,1,18,27,725,-1,-1,-1,-1,-1,-1,2,0,0,0,0,0,2,0,2,1,8,41.76866055,-87.66396288
0,379828,-1,30,1,2,0,3,10,2,-1,0,0,0,0,1,-1,-1,18,16,2412,-1,-1,-1,-1,-1,-1,2,0,0,0,0,0,2,0,2,1,8,41.99758449,-87.7045782
0,380680,-1,30,0,0,0,3,11,5,2,0,0,0,0,-1,-1,-1,0,-1,1821,-1,-1,-1,-1,-1,-1,2,0,0,0,0,0,3,0,2,1,8,41.90480273,-87.63681922
0,379824,-1,30,-1,-1,-1,-1,12,6,-1,0,-1,-1,0,-1,-1,-1,17,22,1834,-1,-1,-1,-1,-1,-1,2,0,0,0,0,0,2,0,2,1,8,41.89097149,-87.61781344
0,380391,-1,35,1,2,0,3,0,3,8,0,0,0,0,-1,-1,1,17,0,413,-1,-1,-1,-1,-1,-1,2,0,0,0,0,0,2,0,2,1,8,41.73313108,-87.58571197
0,379830,-1,30,0,0,0,3,12,5,-1,0,0,0,0,-1,-1,1,21,0,114,-1,-1,-1,-1,-1,-1,2,0,0,0,0,0,2,0,2,1,8,41.88085605,-87.61763589
0,379832,-1,30,1,2,0,3,10,3,2,0,0,0,0,-1,-1,-1,0,0,324,-1,-1,-1,-1,-1,-1,2,0,0,0,0,0,2,0,2,1,8,41.76592819,-87.58647008
0,385291,-1,30,1,2,0,3,12,5,-1,0,0,0,0,-1,-1,1,22,-1,132,-1,-1,-1,-1,-1,-1,2,0,0,0,0,0,2,0,2,1,8,41.84923758,-87.6185348
0,381087,-1,30,0,0,0,3,2,5,-1,0,0,0,0,-1,-1,-1,23,0,1122,-1,-1,-1,-1,-1,-1,1,0,0,0,0,0,1,0,2,1,8,41.87948698,-87.7205527
0,380312,-1,30,1,-1,0,3,0,5,-1,0,0,-1,0,1,-1,-1,-1,-1,1422,-1,-1,-1,-1,-1,-1,2,0,0,0,0,0,2,0,2,1,8,41.90995066,-87.71124469
0,379813,-1,30,0,-1,0,0,10,2,-1,0,0,-1,0,-1,-1,-1,20,21,1924,-1,-1,-1,-1,-1,-1,2,0,0,0,0,0,2,0,1,1,8,41.94634047,-87.6559952
0,379802,-1,30,1,2,0,3,0,3,2,0,0,0,0,1,-1,1,6,-1,1222,-1,-1,-1,-1,-1,-1,3,0,0,0,0,0,3,0,1,1,8,41.88113598,-87.70108474
0,380445,-1,10,0,0,0,0,7,7,-1,0,-1,-1,0,-1,-1,-1,20,20,1934,-1,-1,-1,-1,-1,-1,2,0,0,0,0,0,3,0,1,1,8,41.93741732,-87.64879561
0,379795,-1,30,0,0,0,3,12,2,2,0,0,1,0,-1,-1,-1,0,-1,2511,-1,-1,-1,-1,-1,-1,2,0,0,0,0,0,5,0,1,1,8,41.93120441,-87.78584215
0,379833,-1,35,0,0,0,3,10,5,-1,0,0,12,0,-1,-1,1,18,0,725,-1,-1,-1,-1,-1,-1,2,0,0,0,0,0,2,0,1,1,8,41.77236051,-87.65998362
0,379809,0,30,1,2,0,3,7,6,1,0,0,0,1,1,-1,1,16,25,823,1,-1,-1,-1,-1,-1,2,0,0,0,0,0,2,0,1,1,8,41.78271745,-87.70318561
0,379772,-1,30,0,0,0,3,7,5,-1,0,0,0,0,-1,-1,-1,7,11,1921,-1,-1,-1,-1,-1,-1,2,0,0,0,0,0,1,0,1,1,8,41.93960783,-87.68452687
0,380684,-1,30,1,2,0,3,10,2,2,0,0,0,0,1,-1,1,16,0,733,-1,-1,-1,-1,-1,-1,2,0,0,0,0,0,2,0,1,1,8,41.76510943,-87.64455695
2,379777,1,30,2,2,0,3,0,5,2,0,0,0,1,1,1,-1,17,32,1524,-1,-1,-1,-1,-1,-1,2,1,0,0,1,0,4,0,1,1,8,41.90205593,-87.763679
2,379769,-1,30,0,0,0,3,2,3,4,0,0,0,1,-1,1,-1,12,-1,133,-1,-1,-1,-1,-1,-1,1,1,0,0,1,0,1,0,1,1,8,41.84416368,-87.62707427
2,379767,-1,30,0,0,0,3,14,5,4,0,0,0,1,1,-1,-1,17,0,1913,-1,-1,-1,-1,-1,-1,2,2,0,0,2,0,3,0,1,1,8,41.96329796,-87.65629139
0,381459,-1,30,0,0,0,3,7,5,2,0,0,0,0,-1,-1,1,-1,-1,1224,-1,-1,-1,-1,-1,-1,2,0,0,0,0,0,1,0,1,1,8,41.88433151,-87.66926292
0,381400,-1,20,2,2,0,3,14,6,-1,0,0,0,0,1,-1,-1,-1,-1,1833,-1,-1,-1,-1,-1,-1,2,0,0,0,0,0,2,0,1,1,8,41.89928579,-87.62172516
-1,380963,-1,30,0,0,0,3,7,6,2,0,0,0,0,-1,-1,1,0,0,1014,-1,-1,-1,-1,-1,-1,1,-1,-1,-1,-1,-1,-1,-1,1,1,8,41.85882561,-87.72134411
0,380532,-1,30,-1,-1,-1,-1,12,7,0,0,-1,-1,0,-1,-1,-1,-1,-1,913,-1,-1,-1,-1,-1,-1,2,0,0,0,0,0,3,0,1,1,8,41.8440052,-87.66156406
0,380514,-1,30,0,0,0,0,7,6,-1,0,0,0,0,-1,-1,-1,0,0,1032,-1,-1,-1,-1,-1,-1,2,0,0,0,0,0,1,0,1,1,8,41.8370202,-87.71055191
0,380322,-1,30,2,2,0,3,0,5,-1,0,0,0,0,-1,-1,1,5,16,1011,-1,-1,-1,-1,-1,-1,2,0,0,0,0,0,5,0,1,1,8,41.86340221,-87.72523773
2,379801,-1,25,2,2,0,3,2,5,2,0,0,0,1,-1,-1,-1,12,-1,732,-1,-1,-1,-1,-1,-1,1,1,0,0,1,0,0,0,1,1,8,41.75978669,-87.63589073
0,379792,-1,30,-1,-1,0,3,12,2,-1,0,0,0,0,-1,-1,1,22,0,1823,-1,-1,-1,-1,-1,-1,2,0,0,0,0,0,2,0,1,1,8,41.89668592,-87.63577669
2,379768,-1,25,0,0,0,3,7,6,1,2,0,0,1,-1,-1,0,0,-1,1111,-1,-1,-1,-1,-1,-1,4,1,0,0,1,0,2,0,0,1,8,41.89707468,-87.72845414
0,379760,-1,35,1,2,0,3,14,5,4,0,0,0,0,1,-1,-1,17,0,1814,-1,-1,-1,-1,-1,-1,2,0,0,0,0,0,7,0,0,1,8,41.91250713,-87.6269095
1,379750,-1,30,0,2,0,3,14,5,4,0,0,0,1,-1,-1,1,-1,-1,1023,-1,-1,-1,-1,-1,-1,2,1,0,0,0,1,1,0,0,1,8,41.86288207,-87.68607972
0,379747,1,30,1,2,0,3,10,5,4,0,0,0,0,-1,-1,1,18,18,1424,-1,-1,-1,-1,-1,-1,2,0,0,0,0,0,2,0,0,1,8,41.91036323,-87.67770254
0,379736,-1,10,0,0,0,3,7,7,-1,0,0,0,0,-1,1,-1,20,20,831,-1,-1,-1,-1,-1,-1,2,0,0,0,0,0,1,0,0,1,8,41.76429504,-87.70295716
0,379749,-1,30,0,0,0,3,10,5,2,0,0,12,0,-1,-1,-1,18,-1,1933,-1,-1,-1,-1,-1,-1,2,0,0,0,0,0,2,0,0,1,8,41.93334165,-87.65959186
0,379783,-1,30,0,0,0,3,0,5,2,0,0,0,0,-1,-1,-1,20,-1,1831,-1,-1,-1,-1,-1,-1,2,0,0,0,0,0,2,0,0,1,8,41.89015607,-87.629152
0,379720,-1,30,0,0,0,3,7,5,4,0,0,0,1,-1,-1,-1,7,-1,731,-1,-1,-1,-1,-1,-1,2,0,0,0,0,0,1,0,0,1,8,41.76252854,-87.62945966
0,379719,-1,30,2,2,0,3,14,2,-1,0,0,0,0,1,-1,-1,5,32,1414,-1,-1,-1,-1,-1,-1,2,0,0,0,0,0,3,0,23,7,8,41.92533165,-87.70154133
0,380418,-1,30,0,0,0,3,14,5,2,0,0,0,0,1,-1,1,17,-1,1014,-1,-1,-1,-1,-1,-1,2,0,0,0,0,0,2,0,23,7,8,41.85898204,-87.72446762
1,379722,-1,30,1,2,0,3,10,2,4,0,0,0,1,-1,-1,1,18,0,334,-1,-1,-1,-1,-1,-1,2,1,0,0,0,1,1,0,23,7,8,41.76720718,-87.56635157
0,379757,-1,30,1,2,0,3,14,5,4,0,0,0,0,1,-1,1,-1,-1,833,-1,-1,-1,-1,-1,-1,2,0,0,0,0,0,2,0,23,7,8,41.77124236,-87.74183214
0,379705,-1,30,1,2,0,3,12,2,6,0,0,-1,0,-1,-1,-1,23,0,1113,-1,-1,-1,-1,-1,-1,2,0,0,0,0,0,3,0,23,7,8,41.88069405,-87.73780758
0,379704,-1,25,0,0,0,3,14,5,-1,0,0,0,1,-1,-1,-1,23,21,1731,-1,-1,-1,-1,-1,-1,2,0,0,0,0,0,3,0,23,7,8,41.94462924,-87.73316661
0,379694,-1,25,1,2,0,3,0,12,-1,0,0,0,1,-1,-1,-1,6,0,215,-1,-1,-1,-1,-1,-1,2,0,0,0,0,0,2,0,23,7,8,41.80927145,-87.63089121
0,379692,-1,25,1,2,0,3,10,5,4,0,0,-1,0,1,-1,-1,18,11,914,-1,-1,-1,-1,-1,-1,2,0,0,0,0,0,2,0,23,7,8,41.85083702,-87.63862815
0,379697,-1,30,0,0,0,3,2,5,2,0,0,0,1,-1,-1,-1,32,27,1931,-1,-1,-1,-1,-1,-1,1,0,0,0,0,0,1,0,23,7,8,41.93880108,-87.68692713
1,379696,-1,30,1,2,0,3,10,5,4,0,0,0,1,-1,-1,-1,0,-1,2212,-1,-1,-1,-1,-1,-1,3,2,0,0,0,2,4,0,23,7,8,41.67733623,-87.68084678
2,379669,-1,30,1,2,0,4,14,2,2,0,0,0,1,1,-1,-1,16,17,1021,-1,-1,-1,-1,-1,-1,3,1,0,0,1,0,1,0,23,7,8,41.85893096,-87.71047688
2,379667,-1,30,0,0,0,3,7,5,2,0,0,-1,1,-1,-1,-1,32,30,2432,-1,0,-1,-1,-1,-1,3,1,0,0,1,0,0,0,23,7,8,41.99950306,-87.67490821
0,380639,-1,30,0,0,0,0,7,2,-1,0,0,0,1,-1,-1,1,0,-1,512,-1,-1,-1,-1,-1,-1,2,0,0,0,0,0,1,0,23,7,8,41.70296939,-87.6205538
0,380415,1,25,0,0,-1,-1,7,2,-1,0,0,0,0,-1,-1,1,0,0,2431,-1,-1,-1,-1,-1,-1,2,0,0,0,0,0,1,0,23,7,8,42.00638427,-87.66983612
0,379985,-1,30,0,0,0,3,7,2,-1,0,0,0,0,-1,-1,-1,0,-1,1911,-1,-1,-1,-1,-1,-1,2,0,0,0,0,0,1,0,23,7,8,41.96521836,-87.68615654
0,379690,-1,30,1,2,0,3,12,6,3,0,0,0,0,1,-1,-1,21,-1,123,-1,-1,-1,-1,-1,-1,2,0,0,0,0,0,4,0,23,7,8,41.87444303,-87.62766632
0,379661,-1,30,1,2,0,0,14,5,-1,0,0,0,0,1,-1,-1,0,0,813,-1,-1,-1,-1,-1,-1,2,0,0,0,0,0,5,0,23,7,8,41.79315506,-87.72330377
0,379652,-1,10,0,0,0,0,0,7,-1,0,0,0,0,-1,-1,-1,20,17,1225,-1,-1,-1,-1,-1,-1,2,0,0,0,0,0,2,0,23,7,8,41.87304698,-87.68606804
0,379679,-1,30,0,0,0,3,7,6,1,0,0,0,0,-1,-1,1,0,-1,822,-1,-1,-1,-1,-1,-1,3,0,0,0,0,0,1,0,22,7,8,41.79669038,-87.7145293
2,379662,-1,30,1,1,0,0,9,5,4,0,0,0,1,0,-1,-1,0,27,624,-1,-1,-1,-1,-1,-1,2,1,0,0,1,0,1,0,22,7,8,41.75103022,-87.60508698
0,383530,-1,25,0,0,0,3,2,5,-1,0,0,1,0,1,-1,-1,-1,0,832,-1,-1,-1,-1,-1,-1,1,0,0,0,0,0,1,0,22,7,8,41.77187377,-87.68282245
0,383171,-1,35,1,2,0,0,10,5,-1,0,0,0,0,-1,-1,-1,7,0,1922,-1,-1,-1,-1,-1,-1,2,0,0,0,0,0,4,0,22,7,8,41.94708325,-87.66871328
0,381352,-1,30,1,2,0,0,10,5,4,0,0,0,0,-1,-1,-1,0,-1,133,-1,-1,-1,-1,-1,-1,2,0,0,0,0,0,2,0,22,7,8,41.83855173,-87.6157076
2,349843,-1,30,0,0,0,3,10,5,-1,0,0,0,1,-1,-1,-1,20,11,1125,-1,-1,-1,-1,-1,-1,2,2,0,0,2,0,2,0,22,7,8,41.88014189,-87.69407741
2,379847,-1,30,0,0,0,3,9,7,0,0,0,-1,1,-1,-1,-1,0,0,913,-1,-1,-1,-1,-1,-1,2,1,0,0,1,0,1,0,22,7,8,41.84450671,-87.65200882
0,379622,-1,35,1,2,0,3,8,2,2,0,0,1,0,1,-1,-1,35,0,1235,-1,-1,-1,-1,-1,-1,2,0,0,0,0,0,2,0,22,7,8,41.85253714,-87.6464645
1,379638,-1,30,1,2,0,3,14,6,3,0,0,0,1,-1,-1,-1,17,21,1132,-1,-1,-1,-1,-1,-1,2,1,0,0,0,1,3,0,22,7,8,41.87446969,-87.72532387
0,379629,-1,30,1,2,0,3,14,1,4,0,0,0,1,1,-1,-1,15,14,124,-1,0,-1,-1,-1,-1,2,0,0,0,0,0,6,0,22,7,8,41.86736269,-87.6392932
0,379658,-1,30,1,2,-1,-1,14,2,4,0,-1,-1,0,1,-1,-1,17,0,123,-1,-1,-1,-1,-1,-1,2,0,0,0,0,0,3,0,22,7,8,41.87459003,-87.63370419
0,379647,-1,30,0,0,0,3,12,3,4,0,0,0,0,-1,-1,1,0,0,114,-1,-1,-1,-1,-1,-1,2,0,0,0,0,0,2,0,22,7,8,41.88463208,-87.62224799
3,379617,-1,30,0,0,0,3,12,3,3,0,0,0,1,-1,0,-1,11,25,935,-1,-1,-1,-1,-1,-1,2,2,0,1,1,0,2,0,22,7,8,41.79443541,-87.64383475
0,393149,-1,30,0,0,0,1,7,5,-1,0,0,0,0,-1,-1,1,0,0,1831,-1,-1,-1,-1,-1,-1,2,0,0,0,0,0,1,0,22,7,8,41.89087537,-87.62948222
0,380792,1,30,0,0,-1,-1,7,7,1,0,-1,-1,0,-1,-1,1,-1,-1,1722,-1,-1,-1,-1,-1,-1,2,0,0,0,0,0,1,0,22,7,8,41.9598713,-87.72838035
0,380464,-1,30,1,2,0,3,11,5,-1,0,0,0,0,-1,-1,1,22,-1,123,-1,-1,-1,-1,-1,-1,2,0,0,0,0,0,3,0,22,7,8,41.87460214,-87.63264227
0,380306,-1,15,0,0,0,3,5,0,1,0,0,0,0,-1,1,1,20,0,822,-1,-1,-1,-1,-1,-1,1,0,0,0,0,0,1,0,22,7,8,41.78795645,-87.71707765
1,379621,-1,30,-1,-1,0,3,9,2,2,0,0,-1,1,-1,-1,1,25,-1,1831,-1,-1,-1,-1,-1,-1,2,1,0,0,0,1,1,0,22,7,8,41.89004183,-87.63786864
0,379577,-1,15,0,0,0,1,7,7,-1,1,0,0,0,-1,1,-1,0,0,813,-1,-1,-1,-1,-1,-1,2,0,0,0,0,0,1,0,22,7,8,41.77793892,-87.74242376
0,379602,-1,30,1,-1,0,3,14,5,-1,0,-1,-1,1,1,-1,1,0,0,1013,-1,-1,-1,-1,-1,-1,2,0,0,0,0,0,2,0,21,7,8,41.844221,-87.73440902
0,379599,-1,50,12,0,0,3,12,5,-1,0,0,-1,0,-1,-1,1,22,0,1023,-1,-1,-1,-1,-1,-1,2,0,0,0,0,0,2,0,21,7,8,41.85270076,-87.69561969
0,379585,-1,5,0,0,0,4,3,7,-1,0,0,0,0,-1,1,-1,0,0,1033,-1,-1,-1,-1,-1,-1,2,0,0,0,0,0,2,0,21,7,8,41.85171596,-87.70265811
0,379579,-1,30,1,2,0,3,14,1,2,0,0,0,1,1,-1,-1,17,-1,722,-1,-1,-1,-1,-1,-1,2,0,0,0,0,0,2,0,21,7,8,41.77983271,-87.6331464
0,386617,-1,30,0,0,0,3,14,2,-1,0,0,0,0,1,-1,-1,23,21,2413,-1,-1,-1,-1,-1,-1,2,0,0,0,0,0,2,0,21,7,8,41.99766674,-87.68722549
0,382060,-1,30,1,2,-1,4,10,2,4,0,-1,0,0,1,-1,-1,16,-1,1632,-1,-1,-1,-1,-1,-1,2,0,0,0,0,0,3,0,21,7,8,41.95280525,-87.78667835
0,380245,-1,30,1,2,0,1,12,5,2,0,0,0,0,-1,-1,-1,22,0,2413,-1,-1,-1,-1,-1,-1,2,0,0,0,0,0,2,0,21,7,8,41.99765846,-87.68767204
0,379591,-1,30,1,2,0,3,14,5,2,0,0,0,0,1,-1,1,0,0,1834,-1,-1,-1,-1,-1,-1,2,0,0,0,0,0,2,0,21,7,8,41.89256225,-87.6255421
0,379976,1,0,0,0,0,3,7,5,2,0,0,0,0,-1,-1,1,0,-1,1222,-1,-1,-1,-1,-1,-1,2,0,0,0,0,0,1,0,21,7,8,41.88423799,-87.69957175
0,379588,-1,30,2,2,0,3,0,6,1,0,0,0,0,-1,-1,-1,22,-1,1032,-1,-1,-1,-1,-1,-1,2,0,0,0,0,0,4,0,21,7,8,41.84190614,-87.70998892
0,379553,-1,30,0,0,0,3,14,5,2,0,0,-1,0,-1,-1,-1,17,0,1424,-1,-1,-1,-1,-1,-1,2,0,0,0,0,0,2,0,21,7,8,41.91039719,-87.6761811
0,379596,-1,30,1,2,0,3,12,5,2,0,0,0,0,-1,-1,1,0,0,822,-1,-1,-1,-1,-1,-1,2,0,0,0,0,0,2,0,21,7,8,41.78604862,-87.72284242
1,380001,-1,0,0,0,0,3,7,7,-1,0,0,0,1,-1,-1,-1,20,-1,813,-1,-1,-1,-1,-1,-1,2,1,0,0,0,1,1,0,21,7,8,41.77793892,-87.74242376
1,379582,-1,30,1,2,0,0,14,2,-1,0,0,0,1,1,-1,-1,17,-1,821,-1,-1,-1,-1,-1,-1,3,2,0,0,0,2,4,0,21,7,8,41.80223147,-87.72327483
0,379544,-1,30,2,2,0,3,0,12,3,0,0,0,0,1,-1,-1,16,14,612,-1,-1,-1,-1,-1,-1,2,0,0,0,0,0,3,0,20,7,8,41.75215526,-87.6587792