MOST_SEVERE_INJURY,RD_NO,CRASH_DATE_EST_I,POSTED_SPEED_LIMIT,TRAFFIC_CONTROL_DEVICE,DEVICE_CONDITION,WEATHER_CONDITION,LIGHTING_CONDITION,FIRST_CRASH_TYPE,TRAFFICWAY_TYPE,LANE_CNT,ALIGNMENT,ROADWAY_SURFACE_COND,ROAD_DEFECT,CRASH_TYPE,INTERSECTION_RELATED_I,NOT_RIGHT_OF_WAY_I,HIT_AND_RUN_I,PRIM_CONTRIBUTORY_CAUSE,SEC_CONTRIBUTORY_CAUSE,BEAT_OF_OCCURRENCE,PHOTOS_TAKEN_I,STATEMENTS_TAKEN_I,DOORING_I,WORK_ZONE_I,WORK_ZONE_TYPE,WORKERS_PRESENT_I,NUM_UNITS,INJURIES_TOTAL,INJURIES_FATAL,INJURIES_INCAPACITATING,INJURIES_NON_INCAPACITATING,INJURIES_REPORTED_NOT_EVIDENT,INJURIES_NO_INDICATION,INJURIES_UNKNOWN,CRASH_HOUR,CRASH_DAY_OF_WEEK,CRASH_MONTH,LATITUDE,LONGITUDE
0,379529,-1,25,0,0,0,3,14,2,-1,0,0,0,0,-1,-1,-1,17,17,1722,-1,-1,-1,-1,-1,-1,2,0,0,0,0,0,2,0,20,7,8,41.95914635,-87.72792287
2,379532,-1,30,1,2,0,3,11,3,4,0,0,0,1,-1,-1,-1,0,0,233,-1,-1,-1,-1,-1,-1,3,1,0,0,1,0,2,0,20,7,8,41.80217065,-87.60431099
0,381229,-1,15,2,2,0,3,10,5,-1,0,0,0,0,1,-1,-1,18,-1,2525,-1,-1,-1,-1,-1,-1,2,0,0,0,0,0,2,0,20,7,8,41.92288299,-87.71700214
2,379671,-1,30,0,0,0,3,8,6,1,0,0,-1,1,-1,-1,1,0,0,1112,-1,-1,-1,-1,-1,-1,2,1,0,0,1,0,2,0,20,7,8,41.89489965,-87.72224857
0,379514,-1,30,-1,-1,0,3,10,7,-1,0,0,0,0,-1,-1,-1,-1,-1,923,-1,-1,-1,-1,-1,-1,2,0,0,0,0,0,3,0,20,7,8,41.79498144,-87.70345518
0,379494,-1,30,1,2,0,3,10,3,-1,0,0,0,1,1,-1,-1,18,16,1421,-1,-1,-1,-1,-1,-1,2,0,0,0,0,0,7,0,20,7,8,41.91737224,-87.70711339
1,379562,-1,25,0,0,0,3,9,6,-1,0,0,0,1,-1,-1,-1,-1,-1,1834,-1,-1,-1,-1,-1,-1,2,1,0,0,0,1,1,0,20,7,8,41.89209414,-87.61156988
0,379510,-1,25,0,0,0,3,2,5,2,0,0,0,0,-1,-1,1,20,16,1622,-1,-1,-1,-1,-1,-1,1,0,0,0,0,0,1,0,20,7,8,41.97556542,-87.77339897
0,380661,-1,30,0,0,0,3,12,2,2,0,0,0,0,-1,-1,-1,17,-1,123,-1,-1,-1,-1,-1,-1,2,0,0,0,0,0,2,0,20,7,8,41.87304937,-87.62771142
2,379496,-1,30,1,2,0,3,10,2,2,0,0,0,1,-1,-1,-1,18,11,1024,-1,-1,-1,-1,-1,-1,2,4,0,0,4,0,1,0,20,7,8,41.84462686,-87.70510267
1,379491,-1,30,1,2,0,3,14,5,2,0,0,0,1,-1,-1,1,23,0,725,-1,-1,-1,-1,-1,-1,2,2,0,0,0,2,1,0,20,7,8,41.76873105,-87.65912949
0,379520,-1,30,1,2,0,1,12,5,-1,0,0,0,0,1,-1,1,18,-1,122,-1,-1,-1,-1,-1,-1,2,0,0,0,0,0,2,0,20,7,8,41.88202425,-87.63695684
0,380174,1,20,0,0,0,2,7,6,-1,0,0,0,0,-1,-1,1,-1,-1,2532,-1,-1,-1,-1,-1,-1,2,0,0,0,0,0,1,0,20,7,8,41.90617226,-87.75725629
0,380118,1,30,0,0,0,3,7,5,1,0,0,0,0,-1,-1,1,0,0,1733,-1,-1,-1,-1,-1,-1,2,0,0,0,0,0,1,0,20,7,8,41.94063756,-87.702912
0,379498,-1,30,2,2,0,3,0,2,4,0,0,-1,1,1,-1,-1,32,5,725,-1,1,-1,-1,-1,-1,3,0,0,0,0,0,6,0,20,7,8,41.77756069,-87.66431375
0,379471,-1,30,0,0,0,4,10,2,-1,0,0,0,0,-1,-1,-1,0,0,2424,-1,-1,-1,-1,-1,-1,2,0,0,0,0,0,2,0,19,7,8,42.01696381,-87.67552632
2,379464,-1,15,0,0,0,1,9,12,1,0,0,0,1,-1,-1,-1,17,-1,2024,-1,-1,-1,-1,-1,-1,2,1,0,0,1,0,1,0,19,7,8,41.97093968,-87.64655866
0,379552,-1,30,1,2,-1,-1,14,-1,-1,0,-1,-1,0,-1,-1,-1,21,23,1831,-1,-1,-1,-1,-1,-1,2,0,0,0,0,0,2,0,19,7,8,41.89241067,-87.63720268
0,379490,-1,30,0,0,0,1,14,5,-1,0,0,-1,0,-1,-1,-1,23,0,322,-1,-1,-1,-1,-1,-1,2,0,0,0,0,0,2,0,19,7,8,41.77271581,-87.62364073
2,379450,-1,20,1,2,0,1,12,1,2,0,0,0,1,1,-1,1,21,-1,1121,-1,-1,-1,-1,-1,-1,2,1,0,0,1,0,2,0,19,7,8,41.89982195,-87.71143866
0,379448,-1,30,0,0,0,1,7,5,4,0,0,-1,0,-1,-1,-1,12,0,2515,-1,-1,-1,-1,-1,-1,2,0,0,0,0,0,1,0,19,7,8,41.91729673,-87.75726362
0,380317,-1,30,0,0,0,1,7,6,2,0,0,0,0,-1,-1,1,0,-1,1832,-1,-1,-1,-1,-1,-1,2,0,0,0,0,0,1,0,19,7,8,41.89473958,-87.63004486
0,379545,-1,30,1,2,0,4,12,5,-1,0,0,0,0,-1,-1,-1,0,0,624,-1,-1,-1,-1,-1,-1,2,0,0,0,0,0,2,0,19,7,8,41.75140079,-87.60483381
2,379449,-1,30,1,2,0,1,2,2,7,0,0,0,1,-1,-1,-1,11,-1,833,-1,-1,-1,-1,-1,-1,1,1,0,0,1,0,0,0,19,7,8,41.76027806,-87.74161996
0,379530,-1,35,1,-1,0,4,3,2,4,3,-1,-1,0,1,-1,1,0,-1,2411,-1,-1,-1,-1,-1,-1,2,0,0,0,0,0,2,0,19,7,8,42.01237134,-87.69039392
0,379512,-1,35,2,2,0,1,14,12,1,0,0,-1,1,1,-1,-1,17,11,923,-1,-1,-1,-1,-1,-1,2,0,0,0,0,0,6,0,19,7,8,41.79523226,-87.70348749
0,379430,1,30,0,0,0,1,14,5,2,0,0,0,1,-1,-1,-1,23,17,511,-1,-1,-1,-1,-1,-1,2,0,0,0,0,0,3,0,19,7,8,41.71160875,-87.62343006
0,379409,-1,25,0,0,0,4,7,5,2,0,0,0,0,-1,-1,-1,23,-1,1631,-1,-1,-1,-1,-1,-1,2,0,0,0,0,0,1,0,19,7,8,41.95197642,-87.81813713
-1,379456,-1,25,1,2,0,1,10,2,-1,0,0,0,0,1,-1,-1,0,0,2411,-1,-1,-1,-1,-1,-1,-1,-1,-1,-1,-1,-1,-1,-1,19,7,8,42.01217318,-87.69984398
0,381548,1,10,0,0,0,1,7,2,-1,0,0,0,0,-1,1,-1,-1,-1,1634,-1,-1,-1,-1,-1,-1,2,0,0,0,0,0,1,0,19,7,8,41.93890457,-87.74937225
0,379480,-1,35,0,0,0,3,12,5,4,0,0,0,0,-1,-1,-1,21,-1,814,-1,-1,-1,-1,-1,-1,2,0,0,0,0,0,2,0,19,7,8,41.80766435,-87.74811517
0,379501,-1,30,1,2,0,1,0,6,1,0,0,0,0,-1,-1,-1,5,-1,2022,-1,-1,-1,-1,-1,-1,2,0,0,0,0,0,2,0,19,7,8,41.99003772,-87.65666604
0,379454,-1,30,1,2,0,1,12,5,-1,0,0,0,0,-1,-1,-1,17,17,121,-1,-1,-1,-1,-1,-1,2,0,0,0,0,0,2,0,19,7,8,41.88065691,-87.64269317
0,379422,-1,30,-1,-1,0,1,12,5,4,0,0,0,0,-1,-1,-1,-1,-1,815,-1,-1,-1,-1,-1,-1,2,0,0,0,0,0,2,0,19,7,8,41.8075638,-87.73917325
0,379421,-1,30,0,0,0,1,12,5,2,0,0,0,0,-1,-1,1,0,0,1223,-1,-1,-1,-1,-1,-1,2,0,0,0,0,0,2,0,18,7,8,41.87938373,-87.68623821
0,379453,-1,30,1,2,0,4,12,2,2,0,0,0,0,1,-1,0,17,0,622,-1,-1,-1,-1,-1,-1,2,0,0,0,0,0,3,0,18,7,8,41.74352433,-87.62698352
0,380733,-1,30,0,0,0,1,7,5,2,0,0,0,0,-1,-1,1,0,0,1822,-1,-1,-1,-1,-1,-1,2,0,0,0,0,0,1,0,18,7,8,41.90939879,-87.6530507
0,379408,-1,30,0,0,0,1,2,5,2,0,0,0,0,-1,-1,-1,0,0,633,-1,-1,-1,-1,-1,-1,1,0,0,0,0,0,1,0,18,7,8,41.72215465,-87.60460135
2,379385,-1,30,0,0,0,1,8,5,-1,0,0,0,1,-1,-1,-1,17,-1,1522,-1,-1,-1,-1,-1,-1,2,1,0,0,1,0,1,0,18,7,8,41.8761547,-87.764568
0,379390,-1,30,1,2,0,1,14,12,0,0,0,0,1,1,-1,-1,17,-1,1411,-1,-1,-1,-1,-1,-1,2,0,0,0,0,0,2,0,18,7,8,41.93212072,-87.6977653
0,391865,-1,15,0,0,0,1,12,7,-1,0,0,0,0,-1,1,-1,0,0,1831,-1,-1,-1,-1,-1,-1,2,0,0,0,0,0,2,0,18,7,8,41.89397332,-87.63867425
0,379534,1,30,0,0,0,1,7,6,1,0,0,0,0,-1,-1,1,0,0,823,-1,-1,-1,-1,-1,-1,2,0,0,0,0,0,1,0,18,7,8,41.78339587,-87.70827045
0,379462,-1,30,0,0,0,4,7,5,-1,0,0,0,0,-1,-1,-1,17,-1,1821,-1,-1,-1,-1,-1,-1,2,0,0,0,0,0,1,0,18,7,8,41.90379894,-87.63848495
0,379457,-1,40,0,0,0,1,12,3,4,0,0,0,0,-1,-1,1,0,0,114,-1,-1,-1,-1,-1,-1,2,0,0,0,0,0,3,0,18,7,8,41.87831319,-87.61734583
0,379446,-1,30,0,0,0,1,12,2,4,0,0,0,0,-1,-1,-1,21,11,1833,-1,-1,-1,-1,-1,-1,2,0,0,0,0,0,2,0,18,7,8,41.89661584,-87.62473177
0,379417,-1,30,0,0,0,1,12,5,2,0,0,0,0,-1,-1,1,21,11,2523,-1,-1,-1,-1,-1,-1,2,0,0,0,0,0,2,0,18,7,8,41.93191327,-87.72598057
0,379388,-1,30,0,0,0,1,14,1,2,0,0,0,0,-1,-1,-1,17,-1,632,-1,0,-1,-1,-1,-1,2,0,0,0,0,0,4,0,18,7,8,41.73651415,-87.60656169
0,379400,1,30,1,2,0,1,14,3,-1,0,0,0,0,1,-1,-1,21,-1,114,-1,-1,-1,-1,-1,-1,3,0,0,0,0,0,2,0,18,7,8,41.88840303,-87.62439642
0,379429,-1,30,1,2,0,1,10,2,2,0,0,12,0,-1,-1,-1,-1,-1,1722,-1,-1,-1,-1,-1,-1,2,0,0,0,0,0,2,0,18,7,8,41.96086488,-87.74475343
0,379356,-1,30,0,0,0,1,0,5,2,0,-1,-1,0,1,-1,-1,17,22,1924,-1,-1,-1,-1,-1,-1,2,0,0,0,0,0,2,0,18,7,8,41.93998239,-87.65660031
0,379327,-1,25,0,0,0,1,7,5,-1,0,0,0,0,-1,-1,-1,0,-1,913,-1,-1,-1,-1,-1,-1,2,0,0,0,0,0,1,0,18,7,8,41.83120755,-87.653555
0,382851,-1,40,0,0,0,4,12,8,-1,0,0,0,0,-1,-1,-1,17,-1,1814,0,-1,-1,-1,-1,-1,2,0,0,0,0,0,2,0,18,7,8,41.91444075,-87.62712859
0,380194,-1,30,0,0,0,1,7,5,-1,0,0,0,0,-1,-1,-1,0,-1,1412,-1,-1,-1,-1,-1,-1,2,0,0,0,0,0,1,0,18,7,8,41.93074957,-87.71701759
0,379403,-1,30,0,0,0,-1,12,5,-1,0,-1,-1,0,-1,-1,-1,17,-1,1824,-1,-1,-1,-1,-1,-1,2,0,0,0,0,0,2,0,18,7,8,41.90796282,-87.63058469
0,379349,-1,30,0,0,0,1,10,5,2,0,0,-1,0,-1,-1,-1,0,0,432,-1,-1,-1,-1,-1,-1,2,0,0,0,0,0,3,0,17,7,8,41.71772004,-87.53150812
0,380538,-1,25,1,2,0,1,10,2,-1,0,0,0,0,-1,-1,-1,0,0,2433,-1,-1,-1,-1,-1,-1,2,0,0,0,0,0,2,0,17,7,8,41.99466174,-87.66047235
0,379339,-1,30,1,2,0,1,12,5,2,0,0,0,0,-1,-1,-1,17,0,813,-1,-1,-1,-1,-1,-1,2,0,0,0,0,0,6,0,17,7,8,41.77861979,-87.73548674
0,379392,-1,15,0,0,0,1,0,7,1,0,0,0,0,-1,-1,-1,11,-1,622,-1,-1,-1,-1,-1,-1,2,0,0,0,0,0,2,0,17,7,8,41.74340141,-87.63376859
2,379357,-1,15,0,0,0,1,8,0,-1,0,0,0,1,-1,-1,1,-1,-1,2531,-1,-1,-1,-1,-1,-1,2,1,0,0,1,0,1,0,17,7,8,41.90215057,-87.77254466
0,379307,-1,35,0,0,0,1,12,2,-1,0,0,0,0,-1,-1,-1,25,-1,1723,-1,-1,-1,-1,-1,-1,2,0,0,0,0,0,3,0,17,7,8,41.9538,-87.72477854
2,379343,-1,30,1,2,0,1,0,5,4,0,0,0,1,1,-1,1,6,14,1423,-1,-1,-1,-1,-1,-1,4,1,0,0,1,0,5,0,17,7,8,41.91006283,-87.70219784
3,379338,0,20,0,0,0,1,2,0,-1,0,0,0,1,-1,-1,1,0,11,221,-1,-1,-1,-1,-1,-1,1,1,0,1,0,0,1,0,17,7,8,41.81667061,-87.60883002
0,387852,-1,30,0,0,0,1,5,5,-1,0,0,0,0,-1,-1,-1,-1,-1,813,-1,-1,-1,-1,-1,-1,1,0,0,0,0,0,1,0,17,7,8,41.77858465,-87.73830953
0,381600,-1,15,0,0,-1,-1,7,7,-1,0,0,0,0,-1,1,1,0,-1,133,-1,-1,-1,-1,-1,-1,2,0,0,0,0,0,1,0,17,7,8,41.84546816,-87.62745299
0,379481,-1,30,2,2,0,1,5,5,-1,0,0,0,0,-1,-1,-1,-1,-1,914,-1,-1,-1,-1,-1,-1,2,0,0,0,0,0,2,0,17,7,8,41.85494459,-87.63461475
0,379341,-1,30,1,2,0,1,12,5,2,0,0,0,1,-1,-1,-1,18,22,1924,-1,-1,-1,-1,-1,-1,2,0,0,0,0,0,2,0,17,7,8,41.94286932,-87.6528628
0,379302,-1,20,2,0,0,1,0,5,2,0,0,0,0,-1,-1,-1,0,-1,722,-1,-1,-1,-1,-1,-1,2,0,0,0,0,0,2,0,17,7,8,41.77611612,-87.63745692
0,379386,-1,30,0,0,0,1,12,5,4,0,0,0,0,-1,-1,1,16,0,1834,-1,-1,-1,-1,-1,-1,2,0,0,0,0,0,2,0,17,7,8,41.89230173,-87.62282691
0,380241,-1,30,1,2,0,1,10,5,3,0,0,0,0,-1,-1,-1,18,16,1711,-1,-1,-1,-1,-1,-1,2,0,0,0,0,0,4,0,17,7,8,41.99527628,-87.7134812
0,379292,-1,30,0,0,0,1,10,5,2,0,0,0,0,-1,-1,-1,18,18,922,-1,-1,-1,-1,-1,-1,2,0,0,0,0,0,3,0,17,7,8,41.80832199,-87.6984052
2,379276,-1,30,1,2,0,1,14,5,4,0,0,0,1,1,-1,-1,17,-1,1424,-1,-1,-1,-1,-1,-1,2,2,0,0,1,1,1,0,17,7,8,41.90345532,-87.66755899
0,379335,-1,30,0,0,0,1,0,2,-1,0,1,0,0,-1,-1,-1,0,0,2511,-1,-1,-1,-1,-1,-1,2,0,0,0,0,0,2,0,17,7,8,41.93585138,-87.80681925
1,379322,-1,30,2,-1,0,1,0,5,-1,0,0,0,1,1,-1,-1,5,-1,1532,-1,-1,-1,-1,-1,-1,2,1,0,0,0,1,1,0,17,7,8,41.8844735,-87.74557079
0,379317,-1,20,0,0,0,1,0,7,1,0,0,-1,0,-1,-1,-1,17,0,2413,-1,-1,-1,-1,-1,-1,2,0,0,0,0,0,2,0,17,7,8,41.99258749,-87.68986215
0,379272,-1,30,0,0,0,1,7,6,-1,0,0,0,0,-1,-1,-1,0,0,1032,-1,-1,-1,-1,-1,-1,2,0,0,0,0,0,1,0,17,7,8,41.83976098,-87.70870681
0,379311,-1,30,1,2,0,1,10,3,8,0,0,0,0,-1,-1,1,0,0,114,-1,-1,-1,-1,-1,-1,2,0,0,0,0,0,5,0,16,7,8,41.87720756,-87.62414806
0,379253,-1,30,0,0,0,1,10,5,-1,0,0,-1,0,-1,-1,-1,18,16,2523,-1,-1,-1,-1,-1,-1,2,0,0,0,0,0,5,0,16,7,8,41.93909001,-87.71853517
0,379238,-1,20,2,0,0,1,0,6,1,0,0,0,0,1,-1,-1,17,-1,823,-1,-1,-1,-1,-1,-1,2,0,0,0,0,0,4,0,16,7,8,41.78080835,-87.69602362
0,379252,-1,30,2,2,0,1,10,5,2,0,0,0,0,-1,-1,-1,18,18,821,-1,-1,-1,-1,-1,-1,2,0,0,0,0,0,3,0,16,7,8,41.80084386,-87.71009518
1,379204,-1,15,0,0,0,1,7,7,-1,0,0,0,1,-1,-1,-1,0,-1,1235,-1,-1,-1,-1,-1,-1,3,1,0,0,0,1,0,0,16,7,8,41.85045102,-87.65879786
0,379270,-1,35,0,0,0,1,14,2,2,0,0,0,1,-1,-1,-1,17,0,1935,-1,-1,-1,-1,-1,-1,2,0,0,0,0,0,2,0,16,7,8,41.93005467,-87.64877493
0,379236,-1,15,0,0,0,1,2,5,1,0,0,0,0,-1,1,-1,11,-1,2422,-1,-1,-1,-1,-1,-1,1,0,0,0,0,0,1,0,16,7,8,42.0198387,-87.66934459
0,379224,-1,30,2,2,0,1,10,2,2,0,0,0,0,1,-1,-1,16,18,1122,-1,-1,-1,-1,-1,-1,3,0,0,0,0,0,3,0,16,7,8,41.87836074,-87.72544361
0,379282,-1,30,0,0,0,1,10,5,-1,0,-1,-1,0,-1,-1,-1,18,-1,1823,-1,-1,-1,-1,-1,-1,2,0,0,0,0,0,2,0,16,7,8,41.89787926,-87.63439688
0,379213,-1,15,0,0,0,1,7,6,1,0,0,0,0,-1,-1,-1,20,-1,1934,-1,-1,-1,-1,-1,-1,2,0,0,0,0,0,1,0,16,7,8,41.93546338,-87.64499309
0,379183,-1,30,1,2,0,1,10,5,-1,0,0,0,0,-1,-1,1,18,-1,323,-1,-1,-1,-1,-1,-1,2,0,0,0,0,0,5,0,16,7,8,41.75997585,-87.62494075
0,382166,-1,30,1,-1,0,1,7,2,4,0,0,0,0,-1,-1,1,21,-1,1932,-1,-1,-1,-1,-1,-1,2,0,0,0,0,0,3,0,16,7,8,41.9358802,-87.66837671
3,379228,-1,30,1,2,0,1,8,12,4,0,0,0,1,1,-1,-1,17,11,1834,-1,-1,-1,-1,-1,-1,2,1,0,1,0,0,1,0,16,7,8,41.89200018,-87.61172626
0,379192,-1,30,1,2,0,1,14,2,-1,0,0,0,0,-1,-1,1,17,-1,814,-1,-1,-1,-1,-1,-1,2,0,0,0,0,0,2,0,16,7,8,41.79574458,-87.76226225
0,379174,-1,30,0,0,0,1,0,5,-1,0,0,0,1,-1,-1,-1,22,-1,823,-1,-1,-1,-1,-1,-1,2,0,0,0,0,0,2,0,16,7,8,41.7788757,-87.70222876
0,379177,-1,30,1,2,0,1,14,2,2,0,2,0,1,0,-1,1,22,21,1114,-1,-1,-1,-1,-1,-1,2,0,0,0,0,0,2,0,16,7,8,41.88558032,-87.72592192
3,379260,-1,30,10,2,0,1,0,3,1,0,0,0,1,-1,-1,-1,16,32,331,-1,1,-1,-1,-1,-1,5,3,0,1,2,0,2,0,16,7,8,41.76641489,-87.5696601
0,382986,-1,20,0,0,0,1,7,5,-1,0,0,0,0,-1,-1,-1,0,0,1925,-1,-1,-1,-1,-1,-1,2,0,0,0,0,0,1,0,16,7,8,41.94981335,-87.6467987
0,380265,-1,30,0,0,0,1,10,5,2,0,0,0,0,-1,-1,-1,18,16,1731,-1,-1,-1,-1,-1,-1,2,0,0,0,0,0,3,0,16,7,8,41.94621333,-87.73124461
0,379235,1,30,0,0,0,-1,7,5,-1,0,0,0,0,-1,-1,-1,0,-1,1424,0,-1,-1,-1,-1,-1,2,0,0,0,0,0,1,0,16,7,8,41.90739816,-87.67413392
0,379225,-1,30,1,-1,0,1,0,5,-1,0,-1,-1,0,1,-1,-1,6,-1,1834,-1,-1,-1,-1,-1,-1,2,0,0,0,0,0,2,0,16,7,8,41.89200182,-87.61498738
0,379202,-1,35,0,0,0,1,7,6,1,0,0,0,0,-1,-1,1,0,0,713,-1,-1,-1,-1,-1,-1,2,0,0,0,0,0,1,0,16,7,8,41.78123483,-87.65693884
0,379266,-1,30,2,2,0,1,14,3,-1,0,0,0,1,-1,-1,-1,17,-1,2222,-1,-1,-1,-1,-1,-1,2,0,0,0,0,0,2,0,15,7,8,41.72146077,-87.65194938
0,379155,-1,30,0,0,0,1,0,5,4,0,0,0,0,-1,-1,-1,-1,-1,822,-1,-1,-1,-1,-1,-1,2,0,0,0,0,0,3,0,15,7,8,41.78541677,-87.72279997
0,379278,-1,30,0,0,0,1,7,2,-1,0,0,0,0,-1,-1,-1,0,-1,1831,-1,-1,-1,-1,-1,-1,2,0,0,0,0,0,2,0,15,7,8,41.89147067,-87.63464988
0,380202,-1,30,0,0,0,1,10,2,2,0,0,0,0,-1,-1,-1,0,0,1821,-1,-1,-1,-1,-1,-1,2,0,0,0,0,0,3,0,15,7,8,41.90637911,-87.64314989
2,379434,-1,20,0,0,0,1,9,5,2,0,0,0,1,-1,-1,1,0,0,712,-1,-1,-1,-1,-1,-1,2,1,0,0,1,0,2,0,15,7,8,41.77978033,-87.65025379
0,379261,-1,30,0,0,0,1,12,5,2,0,0,0,0,-1,-1,-1,0,0,421,-1,-1,-1,-1,-1,-1,2,0,0,0,0,0,2,0,15,7,8,41.7569892,-87.55822603
0,379158,-1,30,0,0,0,1,14,2,6,0,0,0,0,1,-1,-1,23,17,1023,-1,-1,-1,-1,-1,-1,2,0,0,0,0,0,4,0,15,7,8,41.86311984,-87.69098933
0,379129,-1,10,0,0,0,1,7,12,-1,0,0,0,0,-1,-1,-1,0,0,2011,-1,-1,-1,-1,-1,-1,2,0,0,0,0,0,3,0,15,7,8,41.98222979,-87.6938395
0,379164,1,30,0,0,0,1,7,2,2,0,0,-1,0,-1,-1,1,-1,-1,1723,-1,-1,-1,-1,-1,-1,2,0,0,0,0,0,1,0,15,7,8,41.955683,-87.72752681
0,379052,-1,30,0,0,0,1,7,6,1,0,0,0,0,-1,-1,-1,11,-1,631,-1,-1,-1,-1,-1,-1,2,0,0,0,0,0,2,0,15,7,8,41.74549889,-87.607355
0,379222,-1,30,0,0,0,1,10,5,2,0,0,0,0,-1,-1,-1,18,-1,632,-1,-1,-1,-1,-1,-1,2,0,0,0,0,0,2,0,15,7,8,41.73649218,-87.61224062
0,379182,-1,30,1,2,0,1,12,2,-1,0,0,0,0,1,-1,-1,17,22,1814,-1,-1,-1,-1,-1,-1,2,0,0,0,0,0,3,0,15,7,8,41.91125705,-87.63185167
2,379120,-1,30,0,0,0,1,7,5,4,0,0,0,1,-1,-1,-1,0,16,1522,-1,-1,-1,-1,-1,-1,5,2,0,0,1,1,0,0,15,7,8,41.88043343,-87.75889018
0,379099,-1,30,1,2,0,1,14,5,-1,0,0,-1,0,1,-1,-1,23,-1,2411,-1,-1,-1,-1,-1,-1,2,0,0,0,0,0,3,0,15,7,8,42.01921374,-87.69970316
3,379073,-1,30,1,2,0,1,8,5,2,0,0,0,1,-1,-1,-1,10,-1,1924,-1,-1,-1,-1,-1,-1,2,1,0,1,0,0,1,0,15,7,8,41.94003278,-87.64941521
0,379008,-1,30,1,2,0,1,12,5,-1,0,0,0,0,-1,-1,-1,17,-1,1724,-1,-1,-1,-1,-1,-1,2,0,0,0,0,0,2,0,15,7,8,41.96134634,-87.70810714
0,379109,-1,30,-1,-1,0,1,0,5,2,0,0,0,0,-1,-1,-1,-1,-1,821,-1,-1,-1,-1,-1,-1,2,0,0,0,0,0,2,0,15,7,8,41.80380761,-87.70399724
0,379199,-1,30,1,2,0,1,14,2,2,0,0,-1,0,1,-1,-1,23,11,1935,-1,-1,-1,-1,-1,-1,2,0,0,0,0,0,2,0,14,7,8,41.92620072,-87.63133087
0,379085,-1,30,1,2,0,1,14,3,3,0,0,0,0,1,-1,-1,17,21,711,-1,-1,-1,-1,-1,-1,2,0,0,0,0,0,2,0,14,7,8,41.79405305,-87.63292788
0,382238,-1,30,0,0,-1,1,10,5,-1,0,-1,-1,0,1,-1,-1,18,-1,1723,-1,-1,-1,-1,-1,-1,2,0,0,0,0,0,4,0,14,7,8,41.96109347,-87.72485022
0,379147,-1,30,0,0,0,1,14,5,-1,0,0,0,0,-1,-1,-1,23,0,1031,-1,-1,-1,-1,-1,-1,2,0,0,0,0,0,2,0,14,7,8,41.83497306,-87.72445478
0,385820,-1,25,1,3,0,1,10,5,2,0,-1,-1,0,-1,-1,1,0,0,2232,-1,-1,-1,-1,-1,-1,2,0,0,0,0,0,2,0,14,7,8,41.71046428,-87.64307251
0,379045,-1,30,2,2,0,1,14,2,2,0,0,0,1,1,-1,-1,33,-1,1233,-1,-1,-1,-1,-1,-1,2,0,0,0,0,0,3,0,14,7,8,41.85677006,-87.65654067
0,379142,-1,30,1,2,0,1,10,5,4,0,0,0,0,-1,-1,1,18,16,824,-1,-1,-1,-1,-1,-1,2,0,0,0,0,0,2,0,14,7,8,41.78662173,-87.68349618
0,379069,-1,30,0,0,0,1,7,5,4,0,0,0,0,-1,-1,-1,22,-1,1421,-1,-1,-1,-1,-1,-1,2,0,0,0,0,0,2,0,14,7,8,41.91737224,-87.70711339
0,379071,-1,15,0,0,0,1,0,7,-1,0,0,0,0,-1,-1,-1,17,17,413,-1,-1,-1,-1,-1,-1,2,0,0,0,0,0,2,0,14,7,8,41.72602085,-87.57428702
0,379084,-1,20,0,0,0,1,0,6,1,0,0,0,1,1,-1,-1,17,-1,1432,-1,-1,-1,-1,-1,-1,3,0,0,0,0,0,2,0,14,7,8,41.9206775,-87.67837034
0,381744,-1,40,0,0,0,1,12,3,3,0,0,0,0,-1,-1,-1,0,-1,1814,-1,-1,-1,-1,-1,-1,2,0,0,0,0,0,2,0,14,7,8,41.9237933,-87.63057932
0,379635,-1,30,1,2,0,3,14,6,-1,0,0,0,0,-1,-1,-1,-1,-1,622,-1,-1,-1,-1,-1,-1,2,0,0,0,0,0,2,0,14,7,8,41.73658678,-87.62559934
0,379178,-1,30,-1,-1,-1,-1,12,6,1,0,-1,-1,0,-1,-1,0,27,0,2212,1,-1,-1,-1,-1,-1,2,0,0,0,0,0,2,0,14,7,8,41.68550161,-87.67534752
0,379111,-1,30,1,2,0,1,10,3,4,0,0,0,0,-1,-1,-1,0,-1,532,-1,-1,-1,-1,-1,-1,2,0,0,0,0,0,3,0,14,7,8,41.6593787,-87.59949714
0,379090,-1,20,0,0,0,1,12,6,1,0,0,0,0,-1,-1,-1,17,-1,2223,-1,-1,-1,-1,-1,-1,4,0,0,0,0,0,2,0,14,7,8,41.72950208,-87.63964106
0,380276,-1,0,1,2,0,1,12,6,2,0,0,0,0,-1,-1,-1,0,-1,622,-1,-1,-1,-1,-1,-1,2,0,0,0,0,0,2,0,14,7,8,41.74369854,-87.6257779
0,379054,-1,25,0,0,0,1,12,6,1,0,0,0,0,-1,-1,1,22,-1,1631,-1,-1,-1,-1,-1,-1,2,0,0,0,0,0,2,0,14,7,8,41.93819392,-87.80781687
0,379029,-1,30,0,0,0,1,14,2,4,0,0,0,0,-1,-1,-1,23,21,731,0,1,-1,-1,-1,-1,2,0,0,0,0,0,2,0,14,7,8,41.76340776,-87.62904657
2,379070,-1,45,0,0,0,1,12,3,8,0,0,0,1,-1,-1,-1,21,-1,212,-1,-1,-1,-1,-1,-1,2,2,0,0,1,1,0,0,14,7,8,41.82919512,-87.60469269