MOST_SEVERE_INJURY,RD_NO,CRASH_DATE_EST_I,POSTED_SPEED_LIMIT,TRAFFIC_CONTROL_DEVICE,DEVICE_CONDITION,WEATHER_CONDITION,LIGHTING_CONDITION,FIRST_CRASH_TYPE,TRAFFICWAY_TYPE,LANE_CNT,ALIGNMENT,ROADWAY_SURFACE_COND,ROAD_DEFECT,CRASH_TYPE,INTERSECTION_RELATED_I,NOT_RIGHT_OF_WAY_I,HIT_AND_RUN_I,PRIM_CONTRIBUTORY_CAUSE,SEC_CONTRIBUTORY_CAUSE,BEAT_OF_OCCURRENCE,PHOTOS_TAKEN_I,STATEMENTS_TAKEN_I,DOORING_I,WORK_ZONE_I,WORK_ZONE_TYPE,WORKERS_PRESENT_I,NUM_UNITS,INJURIES_TOTAL,INJURIES_FATAL,INJURIES_INCAPACITATING,INJURIES_NON_INCAPACITATING,INJURIES_REPORTED_NOT_EVIDENT,INJURIES_NO_INDICATION,INJURIES_UNKNOWN,CRASH_HOUR,CRASH_DAY_OF_WEEK,CRASH_MONTH,LATITUDE,LONGITUDE
0,379061,-1,30,1,2,0,1,12,5,-1,0,0,0,0,-1,-1,-1,21,-1,2022,-1,-1,-1,-1,-1,-1,2,0,0,0,0,0,4,0,14,7,8,41.98555677,-87.65336148
0,379009,-1,30,1,2,0,1,7,5,2,0,-1,-1,0,-1,-1,-1,16,-1,1222,-1,-1,-1,-1,-1,-1,2,0,0,0,0,0,2,0,14,7,8,41.88196612,-87.70354162
0,384499,-1,15,0,0,0,1,2,4,1,0,0,0,0,-1,1,-1,0,0,2512,-1,-1,-1,-1,-1,-1,1,0,0,0,0,0,1,0,14,7,8,41.92075441,-87.77605457
0,381468,-1,5,0,0,0,1,0,7,-1,0,0,0,0,-1,1,-1,17,11,632,1,-1,-1,-1,-1,-1,2,0,0,0,0,0,2,0,14,7,8,41.73620947,-87.62430552
0,379428,1,30,0,0,0,1,7,6,1,0,0,0,0,-1,-1,1,0,-1,2412,-1,-1,-1,-1,-1,-1,2,0,0,0,0,0,1,0,14,7,8,41.99835639,-87.70470185
0,379143,-1,55,0,0,0,1,12,5,-1,0,-1,-1,0,-1,-1,-1,22,-1,1814,-1,-1,-1,-1,-1,-1,2,0,0,0,0,0,2,0,14,7,8,41.92608753,-87.63099255
0,379081,-1,30,2,2,0,1,7,5,2,0,0,0,0,-1,-1,1,20,16,813,-1,-1,-1,-1,-1,-1,3,0,0,0,0,0,1,0,14,7,8,41.78872901,-87.72781092
0,379022,-1,30,0,0,0,1,12,2,-1,0,0,0,0,-1,-1,-1,22,17,1832,-1,-1,-1,-1,-1,-1,2,0,0,0,0,0,3,0,14,7,8,41.89559687,-87.63107498
0,379058,-1,30,0,0,0,1,14,3,1,0,0,0,0,-1,-1,-1,23,-1,611,-1,-1,-1,-1,-1,-1,2,0,0,0,0,0,2,0,13,7,8,41.7538543,-87.66731461
0,379246,1,30,0,0,0,1,7,5,2,0,0,0,0,-1,-1,1,20,-1,1934,-1,-1,-1,-1,-1,-1,2,0,0,0,0,0,1,0,13,7,8,41.93811706,-87.64448282
0,379028,-1,15,-1,-1,0,1,10,7,2,0,0,-1,0,-1,-1,-1,20,20,2533,-1,-1,-1,-1,-1,-1,2,0,0,0,0,0,2,0,13,7,8,41.90950515,-87.74695994
0,379665,-1,15,0,0,0,1,11,7,-1,0,0,-1,0,-1,-1,-1,0,0,2512,-1,-1,-1,-1,-1,-1,2,0,0,0,0,0,2,0,13,7,8,41.93083392,-87.78913379
0,378936,-1,30,0,0,0,1,7,5,2,0,0,0,0,-1,-1,1,0,0,823,-1,-1,-1,-1,-1,-1,2,0,0,0,0,0,1,0,13,7,8,41.77874211,-87.71052301
0,379114,-1,30,1,2,0,1,10,5,-1,0,-1,-1,0,1,-1,-1,18,-1,1012,-1,-1,-1,-1,-1,-1,2,0,0,0,0,0,2,0,13,7,8,41.8515092,-87.73455933
0,381625,-1,20,1,2,0,1,10,5,2,0,0,0,0,-1,-1,1,18,0,2531,-1,-1,-1,-1,-1,-1,2,0,0,0,0,0,2,0,13,7,8,41.90209124,-87.77521789
0,379402,-1,30,0,0,0,1,7,5,2,0,0,-1,0,-1,-1,-1,11,-1,623,-1,-1,-1,-1,-1,-1,2,0,0,0,0,0,1,0,13,7,8,41.75098625,-87.61621938
0,379145,-1,30,0,0,0,1,7,7,-1,0,0,0,0,-1,-1,1,0,0,331,-1,-1,-1,-1,-1,-1,2,0,0,0,0,0,1,0,13,7,8,41.77868196,-87.58627098
0,379032,-1,15,0,0,0,1,7,7,2,0,0,0,0,-1,-1,1,0,0,815,-1,-1,-1,-1,-1,-1,2,0,0,0,0,0,1,0,13,7,8,41.80092264,-87.72770358
0,378947,-1,30,1,2,0,1,0,2,4,0,0,0,1,1,-1,-1,6,16,622,-1,-1,-1,-1,-1,-1,2,0,0,0,0,0,2,0,13,7,8,41.73852748,-87.64170134
0,379048,-1,35,1,2,0,1,14,5,2,0,0,-1,0,1,-1,-1,0,0,1915,-1,-1,-1,-1,-1,-1,2,0,0,0,0,0,2,0,13,7,8,41.95449037,-87.66210559
0,378948,-1,30,1,-1,0,1,10,5,-1,0,0,0,0,-1,-1,1,20,0,1921,-1,-1,-1,-1,-1,-1,2,0,0,0,0,0,2,0,13,7,8,41.939503,-87.68831343
2,378928,-1,30,0,0,0,1,7,5,2,0,0,0,1,-1,-1,-1,27,0,2533,-1,-1,-1,-1,-1,-1,2,1,0,0,1,0,0,0,13,7,8,41.90703561,-87.75573968
0,379014,-1,30,0,0,0,1,12,5,4,0,0,0,0,-1,-1,-1,0,-1,124,-1,-1,-1,-1,-1,-1,2,0,0,0,0,0,2,0,13,7,8,41.86731941,-87.63905675
0,378926,-1,30,1,2,0,1,10,5,2,0,0,0,0,-1,-1,-1,0,0,2032,-1,-1,-1,-1,-1,-1,2,0,0,0,0,0,3,0,13,7,8,41.96894197,-87.67330914
0,379098,-1,30,0,0,0,1,7,5,-1,0,0,0,0,-1,-1,-1,0,-1,2221,-1,-1,-1,-1,-1,-1,2,0,0,0,0,0,2,0,13,7,8,41.72799931,-87.6626921
2,378913,-1,30,0,0,0,1,8,2,2,0,0,12,1,-1,-1,-1,21,-1,1434,-1,-1,1,1,2,-1,2,1,0,0,1,0,2,0,13,7,8,41.91697543,-87.68788557
0,380193,-1,30,0,0,0,1,7,2,-1,0,0,0,0,-1,-1,-1,0,0,1925,-1,-1,-1,-1,-1,-1,2,0,0,0,0,0,3,0,13,7,8,41.94107756,-87.64457861
0,378954,-1,30,1,2,0,1,10,3,-1,0,0,-1,0,-1,-1,-1,18,18,1012,-1,-1,-1,-1,-1,-1,2,0,0,0,0,0,3,0,13,7,8,41.8515092,-87.73455933
2,375896,-1,30,0,0,0,1,12,6,1,0,0,0,1,1,-1,1,17,-1,513,-1,1,-1,-1,-1,-1,2,1,0,0,1,0,2,0,12,7,8,41.69820502,-87.61731713
0,378917,-1,30,1,2,0,1,12,2,2,0,0,0,0,-1,-1,-1,17,0,1814,-1,-1,-1,-1,-1,-1,2,0,0,0,0,0,3,0,12,7,8,41.91834955,-87.63863923
0,378907,-1,30,-1,-1,0,1,12,-1,1,0,0,-1,0,-1,-1,-1,-1,-1,922,-1,-1,-1,-1,-1,-1,2,0,0,0,0,0,2,0,12,7,8,41.81452243,-87.70341927
0,378872,-1,30,1,2,0,1,10,5,2,0,0,-1,0,-1,-1,-1,18,0,1711,-1,-1,-1,-1,-1,-1,2,0,0,0,0,0,3,0,12,7,8,41.9831092,-87.70902884
0,378874,-1,15,0,0,0,1,7,5,2,0,0,0,0,-1,-1,-1,27,0,1433,-1,-1,-1,-1,-1,-1,4,0,0,0,0,0,1,0,12,7,8,41.91228416,-87.67196283
0,378897,-1,30,0,0,0,1,7,5,2,0,0,0,1,-1,-1,-1,21,15,133,-1,-1,-1,-1,-1,-1,6,0,0,0,0,0,1,0,12,7,8,41.83842767,-87.6217753
0,378927,-1,25,2,2,0,1,14,5,2,1,0,0,1,-1,-1,1,0,-1,2411,-1,-1,-1,-1,-1,-1,2,0,0,0,0,0,2,0,12,7,8,42.01222954,-87.69747499
0,379509,-1,25,0,0,0,1,7,6,2,0,0,-1,0,-1,-1,1,0,0,1834,-1,-1,-1,-1,-1,-1,2,0,0,0,0,0,1,0,12,7,8,41.89484004,-87.62359846
0,379116,-1,30,0,3,0,1,7,7,-1,0,0,0,0,-1,1,-1,0,0,915,-1,-1,-1,-1,-1,-1,2,0,0,0,0,0,1,0,12,7,8,41.83721567,-87.63787835
0,378940,-1,30,-1,-1,0,1,7,-1,1,0,0,0,0,-1,-1,-1,-1,-1,822,-1,-1,-1,-1,-1,-1,2,0,0,0,0,0,1,0,12,7,8,41.79025586,-87.71067086
0,378898,-1,30,1,-1,0,1,10,5,-1,0,-1,-1,0,-1,-1,-1,18,-1,1213,-1,-1,-1,-1,-1,-1,2,0,0,0,0,0,2,0,12,7,8,41.90298641,-87.66733772
0,378892,-1,30,1,2,0,1,14,5,-1,0,0,0,1,1,-1,-1,0,-1,1211,-1,-1,-1,-1,-1,-1,2,0,0,0,0,0,3,0,12,7,8,41.90277559,-87.70213707
0,378890,-1,0,1,2,0,1,14,12,-1,0,0,0,0,-1,-1,-1,23,-1,612,-1,-1,-1,-1,-1,-1,2,0,0,0,0,0,3,0,12,7,8,41.75748453,-87.65385996
0,378885,-1,30,2,2,0,1,10,2,-1,0,0,0,1,-1,-1,-1,0,0,2514,-1,-1,-1,-1,-1,-1,2,0,0,0,0,0,3,0,12,7,8,41.93667154,-87.77600596
0,378880,-1,30,0,0,0,1,7,7,-1,0,0,0,0,-1,-1,-1,11,-1,2412,-1,-1,-1,-1,-1,-1,2,0,0,0,0,0,2,0,12,7,8,42.00453355,-87.68002153
0,378866,-1,30,0,0,0,1,14,6,3,0,0,0,0,-1,-1,-1,17,-1,1232,-1,-1,-1,-1,-1,-1,2,0,0,0,0,0,2,0,12,7,8,41.87934582,-87.64587859
0,378865,-1,30,0,0,0,1,7,6,1,0,0,0,0,-1,-1,-1,21,22,1812,-1,-1,-1,-1,-1,-1,2,0,0,0,0,0,1,0,12,7,8,41.92270795,-87.64233973
0,378863,-1,30,1,2,0,1,12,2,6,0,0,0,0,1,-1,1,22,16,112,-1,-1,-1,-1,-1,-1,2,0,0,0,0,0,2,0,12,7,8,41.8819952,-87.62764725
2,378860,-1,30,1,2,0,1,9,2,4,0,0,0,1,1,-1,-1,16,0,614,-1,-1,-1,-1,-1,-1,2,1,0,0,1,0,2,0,12,7,8,41.74298409,-87.66339656
0,378857,-1,30,2,0,0,1,0,2,-1,0,0,0,0,1,-1,-1,0,-1,523,-1,-1,-1,-1,-1,-1,2,0,0,0,0,0,2,0,12,7,8,41.66050229,-87.6414756
0,378942,-1,30,0,0,0,1,0,5,-1,0,0,0,0,-1,-1,1,17,17,924,-1,-1,-1,-1,-1,-1,2,0,0,0,0,0,2,0,12,7,8,41.81410404,-87.67234013
1,378912,-1,30,1,2,0,1,10,12,-1,0,0,0,1,1,-1,-1,18,16,734,-1,-1,-1,-1,-1,-1,2,2,0,0,0,2,1,0,12,7,8,41.7597044,-87.65413706
0,381635,-1,30,0,2,0,1,0,5,2,0,0,0,0,-1,-1,-1,0,-1,1713,-1,-1,-1,-1,-1,-1,2,0,0,0,0,0,2,0,12,7,8,41.97019643,-87.70437888
0,378943,-1,30,1,2,0,1,14,2,4,0,0,0,0,1,-1,-1,17,-1,431,-1,-1,-1,-1,-1,-1,2,0,0,0,0,0,2,0,12,7,8,41.70818206,-87.56653528
0,378849,-1,10,0,0,0,1,0,7,-1,0,0,0,0,-1,1,-1,0,0,1733,-1,-1,-1,-1,-1,-1,2,0,0,0,0,0,3,0,12,7,8,41.94651258,-87.7088883
0,378835,-1,30,1,2,0,1,0,5,2,0,0,0,0,-1,-1,1,17,17,2213,-1,-1,-1,-1,-1,-1,2,0,0,0,0,0,2,0,12,7,8,41.72093183,-87.65094179
0,378754,-1,30,2,0,0,1,0,2,-1,0,0,0,0,-1,-1,-1,10,-1,614,-1,-1,-1,-1,-1,-1,2,0,0,0,0,0,2,0,12,7,8,41.74294674,-87.66440169
1,379461,-1,30,0,0,0,1,8,2,2,0,0,0,1,-1,-1,-1,0,0,1434,-1,-1,1,-1,-1,-1,2,1,0,0,0,1,0,0,12,7,8,41.91121698,-87.67733344
0,379415,-1,30,0,0,-1,-1,7,6,-1,0,-1,-1,0,-1,-1,1,0,0,2433,-1,-1,-1,-1,-1,-1,2,0,0,0,0,0,1,0,12,7,8,41.99764899,-87.67183156
2,378802,-1,30,2,2,0,1,0,5,-1,0,0,0,1,1,-1,-1,17,5,215,-1,-1,-1,-1,-1,-1,2,2,0,0,2,0,0,0,12,7,8,41.81103208,-87.62140462
2,382439,-1,30,2,2,0,1,8,5,-1,0,0,0,1,-1,-1,-1,17,-1,1915,-1,-1,-1,-1,-1,-1,2,1,0,0,1,0,1,0,11,7,8,41.95855065,-87.64662614
0,378855,-1,30,2,0,0,1,0,12,-1,0,0,0,1,1,-1,1,17,-1,1225,-1,-1,-1,-1,-1,-1,2,0,0,0,0,0,4,0,11,7,8,41.87478326,-87.67420035
0,378811,-1,30,0,0,0,1,0,6,1,0,0,0,0,-1,-1,-1,33,-1,1033,-1,-1,-1,-1,-1,-1,2,0,0,0,0,0,2,0,11,7,8,41.84416048,-87.70365633
2,378797,-1,30,2,2,0,1,0,5,-1,0,0,0,1,1,-1,-1,17,11,2512,-1,-1,-1,-1,-1,-1,2,2,0,0,2,0,1,0,11,7,8,41.92550596,-87.79544842
0,378859,-1,30,1,2,0,1,14,6,3,0,0,0,0,-1,-1,1,31,17,123,-1,-1,-1,-1,-1,-1,2,0,0,0,0,0,2,0,11,7,8,41.87502631,-87.62615707
3,370821,-1,0,1,2,0,1,2,12,8,0,0,0,1,1,-1,-1,0,0,1832,-1,-1,-1,-1,-1,-1,1,1,0,1,0,0,0,0,11,7,8,41.89667888,-87.63285766
0,379153,-1,15,0,0,0,1,7,7,2,0,0,0,0,-1,-1,1,0,0,421,-1,-1,-1,-1,-1,-1,2,0,0,0,0,0,1,0,11,7,8,41.75802334,-87.54950094
0,378838,-1,0,0,0,0,1,7,7,-1,0,0,0,0,-1,1,1,20,-1,922,-1,-1,-1,-1,-1,-1,2,0,0,0,0,0,1,0,11,7,8,41.80854224,-87.6845482
0,378805,-1,30,0,0,0,1,11,7,2,0,0,-1,0,-1,-1,-1,0,-1,1033,-1,-1,-1,-1,-1,-1,2,0,0,0,0,0,7,0,11,7,8,41.84443751,-87.70262831
0,380173,-1,30,0,0,0,1,12,6,1,0,0,0,0,-1,-1,-1,0,-1,2013,-1,-1,-1,-1,-1,-1,2,0,0,0,0,0,4,0,11,7,8,41.98758434,-87.66293544
0,378784,-1,35,0,0,0,1,14,5,4,0,0,0,0,-1,-1,-1,17,-1,815,-1,-1,-1,-1,-1,-1,2,0,0,0,0,0,2,0,11,7,8,41.80102854,-87.72847222
0,381724,-1,30,1,2,-1,-1,14,2,-1,0,-1,-1,0,-1,-1,1,0,-1,1621,-1,-1,-1,-1,-1,-1,2,0,0,0,0,0,2,0,11,7,8,41.98997392,-87.74847302
0,378778,-1,30,0,0,0,1,10,5,2,0,0,0,1,0,-1,-1,18,-1,1811,-1,-1,-1,-1,-1,-1,2,0,0,0,0,0,2,0,11,7,8,41.9225718,-87.66594309
0,386661,-1,30,0,0,0,1,0,5,1,0,0,0,0,-1,-1,-1,17,-1,2523,-1,-1,-1,-1,-1,-1,2,0,0,0,0,0,2,0,11,7,8,41.93358912,-87.73755307
0,378763,-1,30,0,0,0,1,14,5,-1,0,0,0,0,-1,-1,-1,0,-1,1421,-1,-1,-1,-1,-1,-1,2,0,0,0,0,0,2,0,11,7,8,41.91022961,-87.70623005
0,378744,-1,30,0,0,0,1,7,12,-1,0,0,0,0,-1,-1,-1,11,0,2413,-1,-1,-1,-1,-1,-1,2,0,0,0,0,0,1,0,11,7,8,41.99059321,-87.69216196
0,379064,-1,30,-1,-1,0,1,12,-1,1,0,0,0,0,-1,-1,-1,-1,-1,235,-1,-1,-1,-1,-1,-1,2,0,0,0,0,0,2,0,11,7,8,41.79487699,-87.58774482
0,378815,-1,30,2,5,0,1,2,2,2,0,0,0,0,-1,-1,-1,23,26,1215,-1,-1,-1,-1,-1,-1,1,0,0,0,0,0,1,0,11,7,8,41.88973953,-87.66946994
0,378733,-1,30,0,0,0,1,7,5,-1,0,0,12,1,-1,-1,-1,29,12,1933,-1,-1,-1,0,-1,-1,2,0,0,0,0,0,1,0,11,7,8,41.93321848,-87.65942137
0,378758,-1,30,0,0,0,1,1,2,2,0,0,0,0,-1,-1,-1,1,-1,1631,-1,-1,-1,-1,-1,-1,1,0,0,0,0,0,1,0,10,7,8,41.93759509,-87.83970337
0,388741,-1,25,0,0,0,1,10,5,-1,4,0,0,0,-1,-1,-1,0,0,2512,-1,-1,-1,-1,-1,-1,2,0,0,0,0,0,2,0,10,7,8,41.93083937,-87.79009482
3,378741,-1,30,1,2,0,1,14,5,-1,0,0,0,1,1,-1,-1,3,-1,2234,-1,-1,-1,-1,-1,-1,3,2,0,1,1,0,1,0,10,7,8,41.68470876,-87.66285576
2,378707,-1,30,0,0,0,1,2,2,-1,0,0,0,1,-1,-1,-1,21,0,912,-1,-1,-1,-1,-1,-1,2,1,0,0,1,0,1,0,10,7,8,41.83041706,-87.66360718
1,378753,-1,30,0,0,0,1,10,2,-1,0,0,0,1,-1,-1,-1,17,18,1611,-1,-1,-1,-1,-1,-1,2,1,0,0,0,1,1,0,10,7,8,41.99922806,-87.78975729
1,381706,-1,30,1,2,-1,1,10,5,-1,0,-1,-1,1,-1,-1,1,18,0,1624,-1,-1,-1,-1,-1,-1,3,1,0,0,0,1,2,0,10,7,8,41.96052726,-87.753829
0,378724,-1,30,1,2,0,1,14,2,0,0,0,0,0,1,-1,-1,22,21,114,-1,-1,-1,-1,-1,-1,2,0,0,0,0,0,5,0,10,7,8,41.88216859,-87.62422057
0,380191,-1,25,0,0,0,1,7,7,-1,0,0,0,0,-1,1,1,0,0,114,-1,-1,-1,-1,-1,-1,2,0,0,0,0,0,1,0,10,7,8,41.88637314,-87.62054303
0,383107,-1,5,0,0,0,1,7,7,-1,0,0,0,0,-1,1,-1,0,-1,131,-1,-1,-1,-1,-1,-1,2,0,0,0,0,0,1,0,10,7,8,41.86672435,-87.62596115
0,407180,1,30,0,0,0,-1,7,2,-1,0,0,0,0,-1,-1,-1,0,0,2411,-1,-1,-1,-1,-1,-1,2,0,0,0,0,0,1,0,10,7,8,42.01211164,-87.69295161
0,385128,-1,30,0,0,0,1,7,5,-1,0,0,0,0,-1,-1,1,0,0,2411,-1,-1,-1,-1,-1,-1,2,0,0,0,0,0,1,0,10,7,8,42.01008756,-87.68652849
0,379037,-1,30,0,0,0,1,7,6,2,0,0,0,0,-1,-1,1,0,-1,1123,-1,-1,-1,-1,-1,-1,2,0,0,0,0,0,1,0,10,7,8,41.88752134,-87.71464379
0,378787,-1,30,0,0,0,1,12,2,4,0,0,0,0,-1,-1,-1,0,-1,924,-1,-1,-1,-1,-1,-1,2,0,0,0,0,0,2,0,10,7,8,41.81588344,-87.66284692
2,378687,-1,30,1,2,0,1,0,5,4,0,0,0,1,1,-1,-1,16,-1,413,-1,-1,-1,-1,-1,-1,2,1,0,0,1,0,1,0,10,7,8,41.73331623,-87.57577483
0,378683,-1,30,2,2,0,1,3,6,1,0,0,0,0,-1,-1,0,0,-1,1013,-1,-1,-1,-1,-1,-1,2,0,0,0,0,0,7,0,10,7,8,41.84501693,-87.7274772
2,378596,-1,30,2,2,0,1,0,5,-1,0,0,0,1,-1,-1,-1,5,-1,815,-1,-1,-1,-1,-1,-1,2,1,0,0,1,0,1,0,10,7,8,41.80039893,-87.72841486
2,378668,-1,20,2,2,0,1,9,5,1,0,0,0,1,1,-1,-1,17,0,833,-1,-1,-1,-1,-1,-1,2,1,0,0,1,0,1,0,9,7,8,41.76762907,-87.72506912
0,378677,-1,30,12,0,0,1,10,5,-1,0,0,0,0,-1,-1,-1,18,18,2023,-1,-1,-1,-1,-1,-1,2,0,0,0,0,0,2,0,9,7,8,41.97824158,-87.65517896
0,378650,-1,25,0,0,0,1,12,5,-1,0,0,0,0,-1,-1,-1,0,0,531,-1,-1,-1,-1,-1,-1,2,0,0,0,0,0,2,0,9,7,8,41.68580313,-87.60381295
2,378633,-1,30,1,2,0,1,0,2,2,0,0,0,1,1,-1,-1,6,-1,1922,-1,-1,-1,-1,-1,-1,2,1,0,0,1,0,4,0,9,7,8,41.93977514,-87.67097531
0,378850,-1,30,0,0,0,1,0,3,-1,0,0,-1,0,-1,-1,-1,7,-1,233,-1,-1,-1,-1,-1,-1,2,0,0,0,0,0,2,0,9,7,8,41.7902283,-87.61485782
0,389131,-1,30,0,0,0,1,7,5,-1,0,0,0,0,-1,-1,1,0,-1,1624,-1,-1,-1,-1,-1,-1,2,0,0,0,0,0,1,0,9,7,8,41.95329285,-87.76706571
0,378629,-1,20,0,0,0,1,7,6,1,0,0,0,0,-1,-1,1,0,0,1024,-1,-1,-1,-1,-1,-1,2,0,0,0,0,0,1,0,9,7,8,41.84870186,-87.71262006
0,378621,-1,10,2,0,0,1,7,7,-1,0,0,0,0,-1,1,-1,-1,-1,2524,-1,-1,-1,-1,-1,-1,2,0,0,0,0,0,1,0,9,7,8,41.93155339,-87.73667031
2,378609,-1,30,0,0,0,1,14,5,-1,0,0,0,1,-1,-1,-1,33,-1,812,-1,-1,-1,-1,-1,-1,2,1,0,0,1,0,1,0,8,7,8,41.7853708,-87.76217024
0,378604,-1,30,1,2,0,1,10,3,4,0,0,0,0,-1,-1,-1,16,-1,2234,-1,-1,-1,-1,-1,-1,2,0,0,0,0,0,3,0,8,7,8,41.68721693,-87.64236462
0,378597,-1,30,0,0,0,1,14,5,2,0,0,0,1,1,-1,1,23,17,1633,-1,-1,-1,-1,-1,-1,2,0,0,0,0,0,5,0,8,7,8,41.94307466,-87.77624973
0,378589,-1,30,0,0,0,1,11,5,2,0,0,0,0,-1,-1,-1,0,0,2433,-1,-1,-1,-1,-1,-1,2,0,0,0,0,0,3,0,8,7,8,41.99450546,-87.67268668
0,378599,-1,30,0,0,0,1,12,2,-1,0,0,0,0,-1,-1,-1,13,29,523,-1,-1,-1,-1,-1,-1,2,0,0,0,0,0,2,0,8,7,8,41.66132051,-87.64150297
0,378581,-1,35,1,2,0,1,10,5,2,0,0,0,0,-1,-1,-1,18,-1,1111,-1,-1,-1,-1,-1,-1,2,0,0,0,0,0,2,0,8,7,8,41.88778477,-87.7260156
0,378580,-1,30,1,2,0,1,10,5,4,0,0,0,0,-1,-1,-1,-1,-1,1225,-1,1,-1,-1,-1,-1,2,0,0,0,0,0,3,0,8,7,8,41.87141441,-87.67782631
0,383686,-1,30,0,0,0,1,7,7,0,0,0,-1,0,-1,-1,1,0,0,1234,-1,-1,-1,-1,-1,-1,2,0,0,0,0,0,1,0,8,7,8,41.85214285,-87.68528174
0,383306,-1,30,1,2,0,1,12,5,-1,0,0,0,0,-1,-1,-1,22,0,2524,-1,-1,-1,-1,-1,-1,2,0,0,0,0,0,2,0,8,7,8,41.92497245,-87.7171504
0,378845,-1,25,0,0,0,1,7,5,-1,0,0,0,0,-1,-1,1,20,-1,921,-1,-1,-1,-1,-1,-1,2,0,0,0,0,0,1,0,8,7,8,41.81899664,-87.70178551
0,378717,-1,5,0,0,0,1,7,7,-1,0,0,0,0,-1,1,-1,20,-1,2212,-1,-1,-1,-1,-1,-1,2,0,0,0,0,0,1,0,8,7,8,41.70483067,-87.65804189
0,378559,-1,35,1,2,0,1,12,3,4,0,0,0,0,-1,-1,1,0,0,835,-1,-1,-1,-1,-1,-1,2,0,0,0,0,0,2,0,7,7,8,41.74994816,-87.70345741
0,378572,-1,30,1,2,0,1,0,5,4,0,-1,-1,0,-1,-1,1,0,-1,835,-1,-1,-1,-1,-1,-1,2,0,0,0,0,0,2,0,7,7,8,41.749952,-87.70244848
2,378551,0,30,2,2,0,1,7,6,-1,0,0,0,1,-1,-1,1,0,-1,1112,-1,-1,-1,-1,-1,-1,3,1,0,0,1,0,1,0,7,7,8,41.90107529,-87.7236658
0,379096,-1,30,0,0,0,1,7,5,2,0,0,0,0,-1,-1,1,0,0,333,-1,-1,-1,-1,-1,-1,2,0,0,0,0,0,1,0,7,7,8,41.76595676,-87.5766664
0,378950,-1,30,1,2,0,1,14,3,-1,0,0,0,0,-1,-1,-1,21,-1,2221,-1,-1,-1,-1,-1,-1,2,0,0,0,0,0,2,0,7,7,8,41.72111941,-87.67728282
1,378516,-1,35,1,2,0,2,10,5,-1,0,0,0,1,1,-1,1,0,0,814,-1,-1,-1,-1,-1,-1,2,1,0,0,0,1,2,0,7,7,8,41.80799554,-87.74330556
0,378541,-1,30,0,0,0,1,7,2,4,0,0,0,0,-1,-1,1,0,0,931,-1,-1,-1,-1,-1,-1,2,0,0,0,0,0,1,0,7,7,8,41.8085116,-87.66511729
0,378495,1,35,0,-1,2,0,2,3,-1,0,0,-1,1,-1,-1,-1,-1,-1,331,-1,-1,-1,-1,-1,-1,1,0,0,0,0,0,1,0,6,7,8,41.7795657,-87.57515804
0,378503,-1,30,0,0,0,1,14,5,-1,0,0,0,1,0,-1,-1,21,11,2525,-1,-1,-1,-1,-1,-1,2,0,0,0,0,0,2,0,6,7,8,41.92446641,-87.71921734
0,378720,-1,30,0,0,0,1,7,5,1,0,0,0,0,-1,-1,-1,0,-1,815,-1,-1,-1,-1,-1,-1,2,0,0,0,0,0,1,0,6,7,8,41.80046205,-87.74076022
0,378660,-1,30,0,0,0,1,7,6,1,0,0,0,0,-1,-1,1,0,0,1112,-1,-1,-1,-1,-1,-1,2,0,0,0,0,0,1,0,6,7,8,41.89482874,-87.71736806
0,378534,-1,30,0,0,0,1,7,2,2,0,0,0,0,-1,-1,1,0,0,215,-1,-1,-1,-1,-1,-1,2,0,0,0,0,0,1,0,6,7,8,41.81421658,-87.62444958
0,378509,1,55,0,0,0,2,2,2,3,0,0,0,1,-1,-1,1,11,0,511,-1,-1,-1,-1,-1,-1,1,0,0,0,0,0,1,0,6,7,8,41.72056241,-87.58530241
0,379150,1,30,0,0,-1,-1,7,6,1,0,-1,-1,0,-1,-1,1,-1,0,1112,-1,-1,-1,-1,-1,-1,2,0,0,0,0,0,1,0,6,7,8,41.89465185,-87.72346722
0,378492,-1,30,1,2,0,1,0,2,-1,0,0,0,1,1,-1,-1,6,-1,212,-1,-1,-1,-1,-1,-1,2,0,0,0,0,0,3,0,6,7,8,41.83108657,-87.61746054
0,378480,-1,30,1,2,0,2,3,2,6,0,0,0,1,-1,-1,1,21,3,813,-1,-1,-1,-1,-1,-1,2,0,0,0,0,0,2,0,5,7,8,41.79299439,-87.74180603
2,378477,-1,30,0,0,0,1,10,5,4,0,0,0,1,-1,-1,-1,23,11,434,-1,-1,-1,-1,-1,-1,2,1,0,0,1,0,2,0,5,7,8,41.65954439,-87.58308243
2,378483,-1,30,0,0,0,1,7,5,-1,0,0,0,1,-1,-1,-1,16,-1,412,-1,-1,-1,-1,-1,-1,3,1,0,0,1,0,0,0,5,7,8,41.74351956,-87.57769331
0,378472,-1,20,0,0,2,1,7,6,-1,0,0,0,0,-1,-1,-1,21,0,1723,-1,-1,-1,-1,-1,-1,2,0,0,0,0,0,1,0,5,7,8,41.96548055,-87.71586848
0,378542,-1,20,0,0,0,1,7,6,1,0,0,0,1,-1,-1,1,0,0,1133,-1,-1,-1,-1,-1,-1,2,0,0,0,0,0,1,0,5,7,8,41.87162646,-87.71616308