MOST_SEVERE_INJURY,RD_NO,CRASH_DATE_EST_I,POSTED_SPEED_LIMIT,TRAFFIC_CONTROL_DEVICE,DEVICE_CONDITION,WEATHER_CONDITION,LIGHTING_CONDITION,FIRST_CRASH_TYPE,TRAFFICWAY_TYPE,LANE_CNT,ALIGNMENT,ROADWAY_SURFACE_COND,ROAD_DEFECT,CRASH_TYPE,INTERSECTION_RELATED_I,NOT_RIGHT_OF_WAY_I,HIT_AND_RUN_I,PRIM_CONTRIBUTORY_CAUSE,SEC_CONTRIBUTORY_CAUSE,BEAT_OF_OCCURRENCE,PHOTOS_TAKEN_I,STATEMENTS_TAKEN_I,DOORING_I,WORK_ZONE_I,WORK_ZONE_TYPE,WORKERS_PRESENT_I,NUM_UNITS,INJURIES_TOTAL,INJURIES_FATAL,INJURIES_INCAPACITATING,INJURIES_NON_INCAPACITATING,INJURIES_REPORTED_NOT_EVIDENT,INJURIES_NO_INDICATION,INJURIES_UNKNOWN,CRASH_HOUR,CRASH_DAY_OF_WEEK,CRASH_MONTH,LATITUDE,LONGITUDE
0,378487,-1,30,1,2,0,2,14,8,2,3,0,0,0,1,-1,1,23,23,814,-1,-1,-1,-1,-1,-1,2,0,0,0,0,0,2,0,5,7,8,41.81672939,-87.74353671
0,378539,1,30,0,0,0,4,7,5,1,0,0,0,0,-1,-1,1,-1,-1,833,-1,-1,-1,-1,-1,-1,2,0,0,0,0,0,1,0,5,7,8,41.76613986,-87.71469958
0,378465,-1,30,0,0,0,1,7,5,2,0,0,0,0,-1,-1,-1,-1,-1,1224,-1,-1,-1,-1,-1,-1,3,0,0,0,0,0,1,0,5,7,8,41.8831927,-87.65096297
0,378436,-1,30,0,0,0,3,2,2,2,0,0,0,1,-1,-1,-1,0,0,813,-1,-1,-1,-1,-1,-1,1,0,0,0,0,0,1,0,4,7,8,41.77870454,-87.72798222
0,378474,-1,30,0,0,0,3,7,2,-1,0,0,0,1,1,-1,1,0,-1,1921,-1,-1,-1,-1,-1,-1,6,0,0,0,0,0,1,0,4,7,8,41.94696803,-87.67895227
0,378449,-1,35,2,2,0,1,7,5,2,0,0,0,1,1,-1,-1,2,-1,2534,1,0,-1,-1,-1,-1,3,0,0,0,0,0,1,0,4,7,8,41.91560188,-87.73614079
2,378439,-1,30,0,0,0,3,2,12,-1,0,0,0,1,-1,1,-1,0,0,815,-1,-1,-1,-1,-1,-1,1,1,0,0,1,0,0,0,4,7,8,41.80808511,-87.72373959
0,378434,-1,30,1,2,0,3,7,5,2,0,0,0,1,-1,-1,-1,0,-1,923,-1,-1,-1,-1,-1,-1,2,0,0,0,0,0,1,0,4,7,8,41.80113252,-87.69198962
0,378921,-1,25,1,-1,0,3,14,5,-1,0,-1,-1,0,1,-1,-1,0,0,512,-1,-1,-1,-1,-1,-1,2,0,0,0,0,0,2,0,4,7,8,41.69992234,-87.62821575
0,378432,-1,30,0,0,0,3,7,5,-1,0,0,0,0,-1,-1,-1,-1,-1,1612,-1,-1,-1,-1,-1,-1,2,0,0,0,0,0,2,0,4,7,8,41.99794849,-87.82083796
2,378429,-1,30,2,2,0,3,0,12,1,0,0,0,1,1,-1,1,16,-1,1524,-1,-1,-1,-1,-1,-1,2,1,0,0,1,0,1,0,4,7,8,41.89865411,-87.75829709
0,378750,0,15,0,0,0,0,7,7,-1,0,0,0,0,-1,1,1,0,0,532,-1,-1,-1,-1,-1,-1,2,0,0,0,0,0,1,0,4,7,8,41.67421739,-87.61679422
2,378426,-1,30,1,2,0,3,0,2,6,0,0,0,1,1,-1,-1,6,16,834,-1,-1,-1,-1,-1,-1,2,2,0,0,2,0,2,0,4,7,8,41.749339,-87.72205209
0,378441,-1,30,0,0,0,0,10,6,2,0,0,0,0,-1,-1,-1,23,-1,1512,-1,-1,-1,-1,-1,-1,2,0,0,0,0,0,2,0,3,7,8,41.88274672,-87.76674199
0,378417,-1,30,0,0,0,3,7,5,2,0,0,0,1,-1,-1,-1,33,0,624,-1,-1,-1,-1,-1,-1,2,0,0,0,0,0,1,0,3,7,8,41.75105251,-87.61227093
2,378471,-1,30,1,2,0,3,10,2,2,0,0,0,1,-1,-1,1,18,-1,634,-1,-1,-1,-1,-1,-1,2,1,0,0,1,0,1,0,3,7,8,41.73616511,-87.62558757
0,378410,-1,30,0,2,0,3,7,5,-1,0,0,-1,1,-1,-1,-1,32,23,2523,-1,-1,-1,-1,-1,-1,3,0,0,0,0,0,1,0,3,7,8,41.93906539,-87.71753974
0,378412,-1,30,0,0,0,3,7,5,4,0,0,0,1,-1,-1,-1,21,16,2413,-1,-1,-1,-1,-1,-1,6,0,0,0,0,0,1,0,3,7,8,41.99537168,-87.68965874
0,382133,-1,30,0,0,0,3,7,5,-1,0,0,0,0,-1,-1,1,0,-1,1623,-1,-1,-1,-1,-1,-1,2,0,0,0,0,0,1,0,3,7,8,41.96256786,-87.75585276
0,378398,-1,30,3,2,0,3,12,2,2,0,0,0,1,-1,-1,1,18,16,2525,-1,-1,-1,-1,-1,-1,2,0,0,0,0,0,3,0,3,7,8,41.91724645,-87.72886331
0,378384,-1,30,0,0,0,1,7,5,2,0,0,0,1,-1,-1,-1,-1,-1,612,-1,-1,-1,-1,-1,-1,4,0,0,0,0,0,1,0,3,7,8,41.75312584,-87.65880456
0,378406,-1,30,-1,-1,0,4,10,8,2,0,0,-1,0,-1,-1,1,-1,0,1231,-1,-1,-1,-1,-1,-1,3,0,0,0,0,0,4,0,2,7,8,41.87621299,-87.66869736
0,378420,-1,30,1,2,0,3,14,5,-1,0,0,0,0,1,-1,-1,17,-1,312,-1,-1,-1,-1,-1,-1,2,0,0,0,0,0,3,0,2,7,8,41.77307841,-87.61553447
0,378388,-1,30,0,0,0,3,7,5,2,0,0,0,1,-1,-1,-1,0,0,735,-1,-1,-1,-1,-1,-1,2,0,0,0,0,0,1,0,2,7,8,41.76633421,-87.67099481
0,378804,-1,30,0,0,0,0,14,5,4,0,0,0,0,-1,-1,-1,22,0,1935,-1,-1,-1,-1,-1,-1,2,0,0,0,0,0,2,0,2,7,8,41.93080886,-87.63706061
2,378639,-1,30,0,0,0,0,12,12,-1,0,-1,-1,1,-1,-1,1,0,-1,511,-1,-1,-1,-1,-1,-1,2,1,0,0,1,0,1,0,2,7,8,41.71866459,-87.58522981
0,378427,-1,25,0,0,0,3,7,5,2,0,-1,-1,0,-1,-1,1,0,0,731,-1,-1,-1,-1,-1,-1,2,0,0,0,0,0,1,0,2,7,8,41.76066947,-87.63440371
0,378377,-1,30,0,0,0,3,10,2,-1,0,0,0,0,-1,-1,1,18,-1,623,-1,-1,-1,-1,-1,-1,2,0,0,0,0,0,3,0,2,7,8,41.75806853,-87.62651698
0,378363,-1,25,0,0,0,3,7,5,1,0,0,0,1,-1,-1,-1,0,16,1513,-1,-1,-1,-1,-1,-1,2,0,0,0,0,0,1,0,2,7,8,41.86651911,-87.77401967
0,378389,-1,10,0,0,0,0,7,7,-1,0,0,0,0,-1,-1,1,20,17,1133,-1,-1,-1,-1,-1,-1,2,0,0,0,0,0,4,0,2,7,8,41.87340465,-87.72039963
2,378371,-1,30,0,0,0,3,14,2,2,0,0,0,1,1,-1,-1,17,0,1733,-1,-1,-1,-1,-1,-1,2,1,0,0,1,0,1,0,2,7,8,41.94792705,-87.7105289
1,378362,-1,30,1,2,0,3,0,12,3,0,0,0,1,1,-1,-1,6,16,623,-1,-1,-1,-1,-1,-1,3,3,0,0,0,3,2,0,2,7,8,41.75632001,-87.62647558
0,378386,-1,30,2,2,0,3,7,6,-1,0,0,0,0,-1,-1,-1,-1,-1,622,-1,-1,-1,-1,-1,-1,2,0,0,0,0,0,1,0,2,7,8,41.74671009,-87.62953273
0,388246,-1,30,-1,-1,0,0,14,5,2,0,0,0,0,1,-1,-1,16,0,1115,-1,-1,-1,-1,-1,-1,2,0,0,0,0,0,2,0,2,7,8,41.88184591,-87.72585415
0,380645,-1,15,0,0,0,3,7,5,4,0,0,0,0,-1,-1,-1,0,-1,1533,-1,-1,-1,-1,-1,-1,2,0,0,0,0,0,1,0,2,7,8,41.87570315,-87.75036355
0,378479,-1,30,0,0,0,3,7,6,2,0,0,0,0,-1,-1,1,0,0,731,-1,-1,-1,-1,-1,-1,2,0,0,0,0,0,1,0,2,7,8,41.76434118,-87.63233224
0,378385,-1,35,2,2,0,3,0,3,2,0,0,0,1,-1,-1,-1,17,-1,1832,-1,-1,-1,-1,-1,-1,2,0,0,0,0,0,6,0,2,7,8,41.89931206,-87.63264411
0,378722,-1,30,2,2,-1,-1,7,6,1,0,-1,0,0,1,-1,1,0,0,2524,-1,-1,-1,-1,-1,-1,2,0,0,0,0,0,1,0,1,7,8,41.93115415,-87.72098827
0,378628,-1,35,1,2,0,3,10,5,4,0,0,0,0,-1,-1,1,14,11,725,-1,-1,-1,-1,-1,-1,2,0,0,0,0,0,3,0,1,7,8,41.77209823,-87.66416462
2,378328,1,30,0,0,0,3,8,6,1,0,0,3,1,-1,-1,-1,17,0,1713,-1,-1,-1,-1,-1,-1,2,1,0,0,1,0,1,0,1,7,8,41.96883585,-87.70741588
0,404207,-1,30,0,0,0,0,7,7,-1,0,0,0,0,-1,-1,1,0,-1,1224,-1,-1,-1,-1,-1,-1,2,0,0,0,0,0,1,0,1,7,8,41.8835571,-87.6484324
0,378313,-1,25,1,2,0,0,7,6,1,0,0,0,1,-1,-1,-1,16,0,813,-1,-1,-1,-1,-1,-1,3,0,0,0,0,0,1,0,1,7,8,41.79306707,-87.72820543
-1,378365,-1,20,2,2,0,3,7,6,1,0,0,0,0,-1,-1,1,0,0,632,-1,-1,-1,-1,-1,-1,-1,-1,-1,-1,-1,-1,-1,-1,1,7,8,41.73396623,-87.60843443
2,378316,-1,35,0,0,0,3,7,5,2,0,0,0,1,-1,-1,-1,0,-1,414,-1,1,-1,-1,-1,-1,2,1,0,0,1,0,0,0,1,7,8,41.75884085,-87.56978908
0,378332,-1,30,0,0,0,3,12,2,4,0,0,0,0,-1,-1,-1,17,-1,1834,-1,-1,-1,-1,-1,-1,2,0,0,0,0,0,2,0,1,7,8,41.89256144,-87.62010675
0,378318,-1,30,0,0,0,3,7,5,2,0,0,0,0,-1,-1,-1,21,16,831,-1,-1,-1,-1,-1,-1,2,0,0,0,0,0,1,0,1,7,8,41.77163626,-87.71213971
0,378518,1,20,0,0,0,3,7,2,-1,0,0,2,0,-1,-1,1,-1,-1,2512,-1,-1,-1,-1,-1,-1,2,0,0,0,0,0,1,0,1,7,8,41.923277,-87.79721089
4,378324,-1,25,2,2,0,3,7,6,1,0,0,0,1,-1,-1,-1,-1,-1,2531,-1,-1,-1,-1,-1,-1,5,2,1,0,1,0,0,0,0,7,8,41.91118989,-87.77388415
0,378302,-1,30,0,0,0,3,7,2,-1,0,0,0,1,-1,-1,0,0,0,1632,-1,-1,-1,-1,-1,-1,2,0,0,0,0,0,1,0,0,7,8,41.93995538,-87.8066697
0,383542,-1,30,2,2,-1,0,7,6,1,0,-1,-1,0,-1,-1,1,0,0,933,-1,-1,-1,-1,-1,-1,2,0,0,0,0,0,1,0,0,7,8,41.80673598,-87.66011638
0,379117,1,20,2,-1,-1,-1,7,6,1,0,-1,-1,1,-1,-1,1,0,-1,1925,-1,-1,-1,-1,-1,-1,2,0,0,0,0,0,1,0,0,7,8,41.94124674,-87.64435019
0,378290,-1,25,0,0,0,3,4,5,4,0,0,3,0,-1,-1,-1,-1,-1,424,-1,-1,-1,-1,-1,-1,1,0,0,0,0,0,1,0,0,7,8,41.72654341,-87.55001816
2,378275,-1,30,1,2,0,3,14,2,4,0,0,0,1,1,-1,-1,17,0,813,-1,-1,-1,-1,-1,-1,2,1,0,0,1,0,3,0,0,7,8,41.77863647,-87.72290636
0,378273,-1,30,0,0,0,0,7,6,1,0,0,-1,0,-1,-1,-1,0,-1,2412,-1,-1,-1,-1,-1,-1,2,0,0,0,0,0,1,0,0,7,8,42.00006068,-87.69834314
0,378300,-1,40,0,0,0,3,2,3,8,3,0,3,0,-1,0,-1,11,15,114,-1,-1,-1,-1,-1,-1,1,0,0,0,0,0,1,0,0,7,8,41.87304748,-87.61693252
0,378259,-1,30,1,2,0,3,0,5,2,0,0,0,0,1,-1,1,6,-1,1225,-1,-1,-1,-1,-1,-1,2,0,0,0,0,0,2,0,0,7,8,41.87607186,-87.68612204
0,378278,-1,25,0,0,0,0,7,5,2,0,0,0,0,-1,-1,-1,12,-1,523,-1,-1,-1,-1,-1,-1,2,0,0,0,0,0,1,0,0,7,8,41.67482172,-87.62723279
0,378271,-1,30,0,0,0,3,14,2,4,0,0,0,0,1,-1,-1,23,-1,1214,-1,-1,-1,-1,-1,-1,2,0,0,0,0,0,2,0,0,7,8,41.88891817,-87.64447797
2,378254,-1,35,1,2,0,3,12,3,6,0,0,0,1,-1,-1,1,22,-1,412,-1,-1,-1,-1,-1,-1,3,1,0,0,1,0,4,0,0,7,8,41.73682263,-87.58578342
0,378688,-1,30,0,0,-1,-1,7,2,-1,0,0,-1,0,-1,-1,1,21,-1,911,-1,-1,-1,-1,-1,-1,2,0,0,0,0,0,1,0,0,7,8,41.82282551,-87.69820249
0,380630,-1,30,1,2,0,3,14,5,-1,0,0,-1,0,-1,-1,1,23,23,726,-1,-1,-1,-1,-1,-1,2,0,0,0,0,0,3,0,0,7,8,41.77920516,-87.67396343
0,378888,-1,30,0,0,0,3,12,2,4,0,0,0,0,-1,-1,-1,11,0,1831,-1,-1,-1,-1,-1,-1,2,0,0,0,0,0,3,0,0,7,8,41.88968296,-87.63712096
0,379263,1,30,0,0,-1,-1,7,5,2,0,-1,0,0,-1,-1,1,0,-1,631,-1,-1,-1,-1,-1,-1,2,0,0,0,0,0,1,0,23,6,8,41.74411175,-87.6029756
0,378266,-1,30,0,0,0,3,10,6,-1,0,0,-1,0,-1,-1,1,18,0,1224,-1,-1,-1,-1,-1,-1,2,0,0,0,0,0,2,0,23,6,8,41.88321329,-87.6497978
1,378265,-1,30,2,1,0,0,10,2,2,0,0,0,1,-1,-1,-1,18,-1,1214,-1,-1,-1,-1,-1,-1,2,1,0,0,0,1,1,0,23,6,8,41.88675873,-87.64265763
0,378244,-1,30,1,2,0,3,12,2,-1,0,0,0,0,-1,-1,1,0,-1,124,-1,-1,-1,-1,-1,-1,2,0,0,0,0,0,2,0,23,6,8,41.86733177,-87.64202947
0,385420,1,30,0,0,0,3,7,5,-1,0,0,0,0,-1,-1,1,0,0,1034,-1,-1,-1,-1,-1,-1,2,0,0,0,0,0,1,0,23,6,8,41.85218729,-87.66775694
0,381943,-1,40,0,0,0,3,14,3,6,0,0,0,0,-1,-1,1,14,25,212,-1,-1,-1,-1,-1,-1,2,0,0,0,0,0,2,0,23,6,8,41.83113318,-87.60592701
0,378257,-1,30,0,0,0,3,7,12,-1,0,0,0,0,-1,-1,-1,-1,-1,623,-1,-1,-1,-1,-1,-1,2,0,0,0,0,0,1,0,23,6,8,41.7510225,-87.62698029
0,378253,-1,10,0,0,0,3,0,7,0,0,0,-1,0,-1,1,-1,17,0,821,-1,-1,-1,-1,-1,-1,2,0,0,0,0,0,2,0,23,6,8,41.80817261,-87.70848389
0,378260,-1,30,0,0,0,3,12,2,-1,0,0,0,0,1,-1,1,22,-1,614,-1,-1,-1,-1,-1,-1,2,0,0,0,0,0,2,0,23,6,8,41.74115758,-87.66334807
0,378208,-1,35,2,2,0,3,0,5,2,0,0,0,1,1,-1,-1,17,0,1533,-1,-1,-1,-1,-1,-1,2,0,0,0,0,0,6,0,23,6,8,41.88167583,-87.7476494
0,378206,-1,30,0,0,0,3,11,5,2,0,0,0,0,-1,-1,-1,21,0,2422,-1,-1,-1,-1,-1,-1,2,0,0,0,0,0,2,0,23,6,8,42.02179307,-87.67203835
0,737240,1,35,0,2,0,0,12,5,2,0,0,0,0,-1,-1,-1,0,0,1214,-1,-1,-1,-1,-1,-1,2,0,0,0,0,0,3,0,23,6,8,41.89010126,-87.65711191
0,394900,0,30,1,2,0,3,10,5,-1,0,0,0,0,1,-1,-1,18,-1,1922,-1,-1,-1,-1,-1,-1,2,0,0,0,0,0,2,0,23,6,8,41.94343231,-87.66891276
0,383738,1,30,0,0,0,1,7,2,-1,0,0,0,0,-1,-1,1,-1,-1,823,-1,-1,-1,-1,-1,-1,2,0,0,0,0,0,1,0,23,6,8,41.77621707,-87.71083573
0,379293,-1,10,0,0,0,3,7,7,-1,0,0,0,0,-1,-1,1,0,-1,1613,-1,-1,-1,-1,-1,-1,2,0,0,0,0,0,1,0,23,6,8,41.98027354,-87.80220539
0,378247,-1,10,0,0,0,3,10,7,2,0,0,0,0,-1,1,-1,18,-1,114,-1,-1,-1,-1,-1,-1,2,0,0,0,0,0,3,0,23,6,8,41.87766756,-87.62415745
2,378227,1,30,1,2,0,4,9,2,4,0,0,0,1,1,-1,-1,17,0,1833,-1,-1,-1,-1,-1,-1,2,1,0,0,1,0,1,0,23,6,8,41.89641068,-87.6241333
0,378226,-1,30,1,2,0,3,12,5,-1,0,0,0,0,1,-1,-1,0,0,1434,-1,-1,-1,-1,-1,-1,2,0,0,0,0,0,2,0,23,6,8,41.91058276,-87.67770168
0,378209,-1,30,0,0,0,3,8,5,2,0,0,0,0,-1,-1,-1,7,-1,1224,-1,-1,1,-1,-1,-1,2,0,0,0,0,0,2,0,22,6,8,41.88343797,-87.64872378
0,378199,-1,30,0,2,0,0,2,5,4,0,0,0,1,-1,-1,1,25,32,2211,-1,1,-1,-1,-1,-1,3,0,0,0,0,0,6,0,22,6,8,41.69465643,-87.7203218
1,379723,-1,30,1,2,0,3,10,3,4,0,1,-1,1,1,-1,-1,18,0,123,-1,-1,-1,-1,-1,-1,2,1,0,0,0,1,7,0,22,6,8,41.87551509,-87.62943625
0,378242,-1,30,1,2,0,0,10,5,2,0,0,0,0,-1,-1,1,18,0,734,-1,-1,-1,-1,-1,-1,2,0,0,0,0,0,4,0,22,6,8,41.76516596,-87.6541792
0,378219,-1,5,0,0,0,0,7,6,-1,0,0,0,0,-1,-1,1,0,0,833,-1,-1,-1,-1,-1,-1,2,0,0,0,0,0,1,0,22,6,8,41.77412918,-87.73469348
0,378156,-1,30,0,0,0,0,7,6,1,0,0,0,1,-1,-1,-1,16,-1,423,-1,-1,-1,-1,-1,-1,3,0,0,0,0,0,1,0,22,6,8,41.74006767,-87.55255707
0,378171,-1,30,0,0,0,3,7,5,-1,0,0,0,1,-1,-1,-1,30,-1,2535,-1,-1,-1,-1,-1,-1,2,0,0,0,0,0,1,0,22,6,8,41.91259951,-87.71677466
0,378848,-1,0,0,0,0,3,11,7,0,0,0,0,0,-1,1,-1,20,0,833,-1,-1,-1,-1,-1,-1,2,0,0,0,0,0,2,0,22,6,8,41.76458961,-87.7222396
0,378698,-1,20,0,0,0,3,7,5,-1,0,0,0,1,-1,-1,1,0,0,1034,-1,-1,-1,-1,-1,-1,2,0,0,0,0,0,1,0,22,6,8,41.84887808,-87.67835401
0,378163,-1,5,0,0,0,3,7,7,1,0,0,0,0,-1,1,-1,0,0,1931,-1,-1,-1,-1,-1,-1,2,0,0,0,0,0,2,0,22,6,8,41.92637102,-87.66833481
2,378119,-1,40,1,2,0,3,5,3,-1,0,0,0,1,-1,-1,-1,33,-1,114,-1,-1,-1,-1,-1,-1,1,2,0,0,2,0,0,0,22,6,8,41.88085693,-87.61710338
0,378180,-1,30,0,0,0,3,12,5,-1,0,0,0,0,-1,-1,-1,17,-1,1925,-1,-1,-1,-1,-1,-1,2,0,0,0,0,0,3,0,21,6,8,41.94024119,-87.63963911
0,378203,-1,30,2,2,0,3,0,5,2,0,0,0,0,-1,-1,1,0,0,2532,-1,-1,-1,-1,-1,-1,2,0,0,0,0,0,2,0,21,6,8,41.90573614,-87.75827621
1,378520,-1,30,0,0,0,3,0,5,-1,0,0,0,1,-1,-1,1,17,-1,2521,-1,-1,-1,-1,-1,-1,2,1,0,0,0,1,1,0,21,6,8,41.92428359,-87.74645019
0,378144,-1,30,0,0,0,3,7,5,2,0,0,0,1,-1,-1,-1,27,-1,933,-1,-1,-1,-1,-1,-1,2,0,0,0,0,0,1,0,21,6,8,41.80217917,-87.65007577
2,378103,-1,20,2,2,0,3,0,12,3,0,0,1,1,-1,-1,-1,5,16,612,-1,-1,-1,-1,-1,-1,2,2,0,0,2,0,0,0,21,6,8,41.74861774,-87.65140757
0,378075,-1,10,0,0,0,3,7,12,0,0,0,0,0,-1,1,-1,20,-1,1214,-1,1,-1,-1,-1,-1,2,0,0,0,0,0,2,0,21,6,8,41.88565286,-87.65453368
2,378166,-1,30,1,2,0,4,0,5,2,0,0,0,1,1,-1,-1,6,-1,122,-1,-1,-1,-1,-1,-1,3,4,0,0,4,0,4,0,21,6,8,41.88578467,-87.63555692
0,378128,-1,30,2,2,0,3,14,2,-1,0,0,0,0,1,-1,-1,17,17,1623,-1,-1,-1,-1,-1,-1,2,0,0,0,0,0,2,0,21,6,8,41.97071629,-87.74803549
2,378132,-1,30,0,0,0,3,9,5,4,0,0,0,1,-1,-1,1,0,-1,1624,-1,-1,-1,-1,-1,-1,2,1,0,0,1,0,1,0,21,6,8,41.9595751,-87.74764569
0,378326,1,30,1,1,2,3,10,3,-1,0,0,0,0,-1,-1,1,18,18,1135,-1,-1,-1,-1,-1,-1,2,0,0,0,0,0,2,0,21,6,8,41.87370412,-87.70086462
0,378122,-1,30,0,0,0,0,2,3,2,0,0,0,1,-1,-1,-1,11,0,734,-1,-1,-1,-1,-1,-1,1,0,0,0,0,0,1,0,21,6,8,41.75827693,-87.65408706
0,378099,-1,30,0,0,0,0,0,5,2,0,0,0,0,-1,-1,1,17,16,2532,-1,-1,-1,-1,-1,-1,3,0,0,0,0,0,2,0,21,6,8,41.90595842,-87.7580388
0,378065,-1,30,0,0,0,3,2,5,2,0,0,0,0,-1,-1,-1,16,16,731,-1,-1,-1,-1,-1,-1,1,0,0,0,0,0,1,0,20,6,8,41.763764,-87.62667165
1,378115,-1,30,1,2,0,3,14,12,-1,0,0,1,1,-1,-1,-1,16,14,623,-1,-1,-1,-1,-1,-1,2,1,0,0,0,1,2,0,20,6,8,41.75081715,-87.62579878
0,378139,-1,30,1,2,0,3,14,2,4,0,0,-1,0,1,-1,1,23,-1,412,-1,-1,-1,-1,-1,-1,2,0,0,0,0,0,2,0,20,6,8,41.73682263,-87.58578342
0,378060,-1,30,0,0,0,3,7,5,2,0,0,0,0,-1,-1,1,0,0,1224,-1,-1,-1,-1,-1,-1,2,0,0,0,0,0,1,0,20,6,8,41.88492353,-87.64730373
0,378082,-1,35,1,2,0,0,14,6,-1,0,0,0,0,1,-1,-1,0,0,1832,-1,-1,-1,-1,-1,-1,2,0,0,0,0,0,2,0,20,6,8,41.89341145,-87.63131825
0,378028,-1,30,1,-1,0,3,10,5,2,0,-1,-1,0,-1,-1,-1,0,0,1722,-1,-1,-1,-1,-1,-1,2,0,0,0,0,0,2,0,20,6,8,41.96083522,-87.72796986
0,390685,1,30,2,2,0,3,14,2,4,0,0,0,0,1,-1,-1,21,16,2432,-1,-1,-1,-1,-1,-1,2,0,0,0,0,0,2,0,20,6,8,41.99821792,-87.66069526
0,378186,-1,30,0,0,0,3,12,2,1,3,0,0,0,-1,-1,-1,21,-1,1232,0,-1,-1,-1,-1,-1,2,0,0,0,0,0,3,0,20,6,8,41.86729343,-87.64478913
0,378045,-1,15,-1,-1,0,-1,2,7,0,0,0,0,0,-1,-1,-1,-1,-1,821,-1,-1,-1,-1,-1,-1,2,0,0,0,0,0,1,0,20,6,8,41.81044045,-87.71041885
0,378007,-1,30,1,2,0,4,10,6,3,0,0,0,0,1,-1,-1,18,-1,121,-1,-1,-1,-1,-1,-1,2,0,0,0,0,0,2,0,20,6,8,41.87797966,-87.63970649
3,377978,-1,30,0,0,0,4,14,2,2,0,0,-1,1,-1,-1,1,17,-1,2513,-1,-1,-1,-1,-1,-1,3,2,0,1,1,0,2,0,19,6,8,41.9093288,-87.77839328
0,378038,-1,5,12,1,0,0,2,7,-1,0,0,0,0,-1,1,-1,3,-1,1834,-1,-1,-1,-1,-1,-1,1,0,0,0,0,0,2,0,19,6,8,41.89338887,-87.6277024
2,378005,-1,30,0,0,0,3,10,2,-1,0,0,0,1,-1,-1,-1,0,0,1214,-1,-1,-1,-1,-1,-1,2,1,0,0,1,0,1,0,19,6,8,41.89119889,-87.64227811
0,378033,-1,30,1,2,0,1,10,5,-1,0,0,0,0,-1,-1,-1,18,-1,1732,-1,-1,-1,-1,-1,-1,2,0,0,0,0,0,2,0,19,6,8,41.94647804,-87.72779382
0,377964,-1,30,0,0,0,1,7,5,-1,0,0,0,0,-1,-1,-1,-1,-1,314,-1,-1,-1,-1,-1,-1,2,0,0,0,0,0,2,0,19,6,8,41.78134527,-87.60094064
0,378089,-1,30,2,2,0,0,0,6,-1,0,0,0,1,1,-1,-1,17,0,1522,-1,-1,-1,-1,-1,-1,2,0,0,0,0,0,2,0,19,6,8,41.87465826,-87.76151569
0,378003,-1,30,0,0,0,1,2,2,2,0,0,-1,0,-1,-1,-1,13,0,623,-1,-1,-1,-1,-1,-1,1,0,0,0,0,0,2,0,19,6,8,41.7510366,-87.62580715
0,377968,-1,30,0,0,0,2,3,7,-1,0,0,0,0,-1,-1,-1,16,0,1733,-1,-1,-1,-1,-1,-1,2,0,0,0,0,0,4,0,19,6,8,41.93940519,-87.71090059
0,378086,-1,30,0,0,0,2,14,5,2,0,0,0,0,-1,-1,-1,17,-1,1222,-1,-1,-1,-1,-1,-1,2,0,0,0,0,0,2,0,19,6,8,41.88189314,-87.7013768
0,377975,-1,35,1,2,0,1,12,1,-1,0,0,0,0,-1,-1,-1,0,0,634,-1,-1,-1,-1,-1,-1,3,0,0,0,0,0,3,0,19,6,8,41.73616511,-87.62558757
0,377995,-1,30,0,12,0,1,14,5,4,0,0,0,0,1,-1,1,23,-1,1432,-1,-1,-1,-1,-1,-1,2,0,0,0,0,0,3,0,19,6,8,41.91906525,-87.68731205
0,377984,-1,35,0,0,0,3,10,3,4,0,0,0,1,-1,-1,-1,18,0,2221,-1,-1,-1,-1,-1,-1,2,0,0,0,0,0,2,0,19,6,8,41.72616754,-87.68208156
0,378237,-1,25,2,0,0,3,7,5,-1,0,0,0,1,-1,-1,1,0,0,2413,-1,-1,-1,-1,-1,-1,3,0,0,0,0,0,1,0,19,6,8,41.99393766,-87.69348726
0,378048,-1,30,2,2,0,1,0,12,-1,0,0,0,0,1,-1,-1,17,17,523,-1,-1,-1,-1,-1,-1,2,0,0,0,0,0,2,0,19,6,8,41.66132051,-87.64150297
1,378034,-1,30,0,0,0,3,14,5,4,0,0,0,1,-1,-1,1,23,0,321,-1,-1,-1,-1,-1,-1,2,1,0,0,0,1,1,0,19,6,8,41.772822,-87.60590732
0,380461,-1,30,0,0,0,1,7,5,2,0,-1,-1,0,-1,-1,1,22,22,1932,-1,-1,-1,-1,-1,-1,2,0,0,0,0,0,1,0,19,6,8,41.93416882,-87.66117542
0,378970,-1,30,0,0,0,1,14,7,-1,0,0,0,0,-1,1,-1,0,-1,124,-1,-1,-1,-1,-1,-1,2,0,0,0,0,0,2,0,19,6,8,41.8698556,-87.64027031
0,377987,-1,15,0,0,0,4,0,7,-1,0,-1,-1,0,-1,-1,-1,0,-1,1614,-1,-1,-1,-1,-1,-1,2,0,0,0,0,0,2,0,19,6,8,41.97880762,-87.83673509
0,377934,-1,25,0,0,0,1,7,5,-1,0,0,0,0,-1,-1,-1,0,-1,1213,-1,-1,-1,-1,-1,-1,2,0,0,0,0,0,1,0,19,6,8,41.89753033,-87.65769952
0,378077,-1,30,0,0,0,1,7,5,-1,0,0,0,0,-1,-1,1,0,-1,1633,-1,-1,-1,-1,-1,-1,2,0,0,0,0,0,3,0,18,6,8,41.93866932,-87.76777554
0,377929,-1,15,0,0,0,1,7,0,1,0,0,0,1,-1,-1,1,0,-1,1133,-1,-1,-1,-1,-1,-1,2,0,0,0,0,0,2,0,18,6,8,41.86974679,-87.72150448