MOST_SEVERE_INJURY,RD_NO,CRASH_DATE_EST_I,POSTED_SPEED_LIMIT,TRAFFIC_CONTROL_DEVICE,DEVICE_CONDITION,WEATHER_CONDITION,LIGHTING_CONDITION,FIRST_CRASH_TYPE,TRAFFICWAY_TYPE,LANE_CNT,ALIGNMENT,ROADWAY_SURFACE_COND,ROAD_DEFECT,CRASH_TYPE,INTERSECTION_RELATED_I,NOT_RIGHT_OF_WAY_I,HIT_AND_RUN_I,PRIM_CONTRIBUTORY_CAUSE,SEC_CONTRIBUTORY_CAUSE,BEAT_OF_OCCURRENCE,PHOTOS_TAKEN_I,STATEMENTS_TAKEN_I,DOORING_I,WORK_ZONE_I,WORK_ZONE_TYPE,WORKERS_PRESENT_I,NUM_UNITS,INJURIES_TOTAL,INJURIES_FATAL,INJURIES_INCAPACITATING,INJURIES_NON_INCAPACITATING,INJURIES_REPORTED_NOT_EVIDENT,INJURIES_NO_INDICATION,INJURIES_UNKNOWN,CRASH_HOUR,CRASH_DAY_OF_WEEK,CRASH_MONTH,LATITUDE,LONGITUDE
0,378068,-1,15,0,0,0,1,7,7,-1,0,0,0,0,-1,-1,1,0,0,2521,-1,-1,-1,-1,-1,-1,2,0,0,0,0,0,1,0,18,6,8,41.93152062,-87.75561299
0,377918,-1,30,0,0,0,1,14,2,-1,0,0,0,0,-1,-1,-1,18,16,131,-1,-1,-1,-1,-1,-1,2,0,0,0,0,0,2,0,18,6,8,41.85295042,-87.62992143
0,377939,-1,30,1,2,0,1,14,2,8,0,-1,-1,0,-1,-1,-1,23,22,132,-1,-1,-1,-1,-1,-1,2,0,0,0,0,0,4,0,18,6,8,41.86744611,-87.61890449
2,377901,-1,30,1,2,0,1,0,6,2,0,0,0,1,1,-1,1,6,25,731,-1,-1,-1,-1,-1,-1,2,1,0,0,1,0,1,0,18,6,8,41.76539859,-87.6266955
2,377897,-1,30,0,0,0,1,7,6,1,0,0,0,1,-1,-1,-1,0,-1,1522,-1,-1,-1,-1,-1,-1,2,3,0,0,3,0,0,0,18,6,8,41.88174019,-87.76031576
0,378158,-1,30,0,0,0,3,10,3,-1,0,0,0,0,-1,-1,-1,18,0,1724,-1,-1,-1,-1,-1,-1,2,0,0,0,0,0,2,0,18,6,8,41.95398355,-87.71174461
0,377895,-1,30,1,2,0,1,10,5,-1,0,0,0,0,-1,-1,-1,18,-1,131,-1,-1,-1,-1,-1,-1,2,0,0,0,0,0,2,0,18,6,8,41.86733051,-87.62756602
0,379013,1,30,0,0,0,1,10,2,2,0,0,-1,0,-1,-1,-1,18,-1,411,-1,-1,-1,-1,-1,-1,2,0,0,0,0,0,2,0,18,6,8,41.7509723,-87.5859522
2,378070,-1,30,2,2,0,1,0,6,2,0,0,0,1,1,-1,-1,17,16,432,-1,-1,-1,-1,-1,-1,2,1,0,0,1,0,2,0,18,6,8,41.69895524,-87.52592384
2,377904,-1,15,0,0,0,1,9,0,-1,0,0,-1,1,-1,-1,1,0,0,613,-1,-1,-1,-1,-1,-1,2,1,0,0,1,0,2,0,18,6,8,41.73927537,-87.65236447
0,377869,-1,30,2,2,0,1,14,5,-1,0,0,0,0,1,-1,-1,17,-1,2532,-1,-1,-1,-1,-1,-1,2,0,0,0,0,0,2,0,18,6,8,41.90950288,-87.76433931
0,377914,-1,30,1,2,0,1,7,2,-1,0,0,0,0,-1,-1,-1,23,-1,832,-1,-1,-1,-1,-1,-1,2,0,0,0,0,0,2,0,18,6,8,41.76481039,-87.68330877
3,377872,-1,30,0,0,0,1,8,2,-1,0,0,0,1,-1,-1,-1,25,33,1231,-1,-1,1,-1,-1,-1,2,1,0,1,0,0,1,0,18,6,8,41.86947757,-87.65990411
0,377917,-1,30,0,0,0,1,12,2,2,0,0,-1,0,-1,-1,-1,0,0,2022,-1,-1,-1,-1,-1,-1,2,0,0,0,0,0,2,0,18,6,8,41.98491612,-87.65996183
0,381365,-1,30,0,0,0,1,7,2,2,0,0,0,0,-1,-1,-1,20,0,811,-1,-1,-1,-1,-1,-1,2,0,0,0,0,0,1,0,18,6,8,41.79502769,-87.76731011
0,379185,-1,30,1,2,0,1,2,6,2,0,0,0,0,-1,-1,-1,29,-1,623,-1,-1,-1,-1,-1,-1,1,0,0,0,0,0,1,0,18,6,8,41.75089105,-87.62596851
0,377903,-1,30,1,2,0,1,14,2,8,3,0,0,0,-1,-1,-1,22,23,122,-1,-1,-1,-1,-1,-1,2,0,0,0,0,0,2,0,18,6,8,41.88566933,-87.63712429
0,377868,-1,30,1,2,0,1,10,5,2,0,0,0,0,-1,-1,-1,0,0,1131,-1,-1,-1,-1,-1,-1,2,0,0,0,0,0,2,0,18,6,8,41.87691824,-87.73549477
2,377840,-1,30,0,0,0,1,14,5,-1,0,0,0,1,-1,-1,-1,17,-1,1814,-1,-1,-1,-1,-1,-1,2,1,0,0,1,0,1,0,18,6,8,41.91845874,-87.63730882
0,377847,-1,30,0,0,0,1,2,4,0,2,0,0,0,-1,1,-1,0,-1,432,-1,-1,-1,-1,-1,-1,1,0,0,0,0,0,1,0,17,6,8,41.70224979,-87.53513595
0,378844,-1,30,2,0,2,1,12,3,4,0,0,0,0,-1,-1,-1,0,0,1231,-1,-1,-1,-1,-1,-1,2,0,0,0,0,0,2,0,17,6,8,41.86681566,-87.67610452
0,377910,-1,30,0,0,0,1,0,5,4,0,0,0,0,-1,-1,-1,17,0,1631,-1,-1,-1,-1,-1,-1,2,0,0,0,0,0,3,0,17,6,8,41.95075539,-87.80734717
0,378568,-1,30,1,2,0,1,12,3,-1,0,0,0,0,-1,-1,-1,17,-1,225,-1,-1,-1,-1,-1,-1,2,0,0,0,0,0,2,0,17,6,8,41.79414496,-87.62944194
0,377949,-1,30,0,0,0,1,8,5,-1,0,0,0,0,-1,-1,1,0,0,1935,-1,-1,-1,-1,-1,-1,2,0,0,0,0,0,2,0,17,6,8,41.9308999,-87.6488032
0,377833,-1,30,0,0,0,1,2,6,1,0,0,0,1,-1,1,-1,1,0,1633,-1,-1,-1,-1,-1,-1,1,0,0,0,0,0,1,0,17,6,8,41.95121372,-87.78582819
2,377806,-1,30,0,0,0,1,8,6,-1,0,0,0,1,-1,-1,1,17,-1,811,-1,-1,-1,-1,-1,-1,2,1,0,0,1,0,1,0,17,6,8,41.79157318,-87.79629229
0,377859,-1,30,0,0,0,1,0,5,2,0,0,0,1,-1,-1,-1,17,-1,1414,-1,-1,-1,-1,-1,-1,3,0,0,0,0,0,3,0,17,6,8,41.92468841,-87.69833738
0,377817,-1,30,0,0,0,1,12,2,-1,0,0,0,0,-1,-1,-1,21,11,2023,-1,-1,-1,-1,-1,-1,2,0,0,0,0,0,2,0,17,6,8,41.97651226,-87.65456723
0,382077,-1,30,0,0,0,1,14,5,4,0,0,0,0,-1,-1,-1,17,33,833,-1,-1,-1,-1,-1,-1,2,0,0,0,0,0,2,0,17,6,8,41.76769188,-87.72233765
0,381808,-1,30,0,0,0,1,10,5,-1,0,0,0,0,-1,-1,1,0,0,123,-1,-1,-1,-1,-1,-1,2,0,0,0,0,0,2,0,17,6,8,41.87457106,-87.63501396
0,378054,-1,35,0,-1,0,1,0,7,-1,0,0,0,0,-1,-1,-1,0,0,414,-1,-1,-1,-1,-1,-1,2,0,0,0,0,0,2,0,17,6,8,41.7448037,-87.57606217
0,377856,-1,30,1,2,0,1,14,2,3,0,0,0,0,-1,-1,1,25,-1,131,-1,-1,-1,-1,-1,-1,2,0,0,0,0,0,2,0,17,6,8,41.86435541,-87.624228
0,377846,-1,30,1,2,0,1,0,5,-1,0,0,0,0,-1,-1,-1,17,17,111,-1,-1,-1,-1,-1,-1,2,0,0,0,0,0,2,0,17,6,8,41.88464172,-87.6293181
0,377845,-1,30,0,2,0,1,14,5,2,0,0,0,0,-1,-1,-1,0,0,323,-1,-1,-1,-1,-1,-1,2,0,0,0,0,0,2,0,17,6,8,41.76561882,-87.61540725
0,377841,-1,30,1,2,0,1,10,5,-1,0,0,0,0,-1,-1,-1,18,-1,1023,-1,-1,-1,-1,-1,-1,2,0,0,0,0,0,6,0,17,6,8,41.86139137,-87.69561016
1,377795,-1,0,1,2,0,1,10,2,2,0,0,0,1,-1,-1,-1,18,-1,2031,-1,-1,-1,-1,-1,-1,2,1,0,0,0,1,3,0,17,6,8,41.97325577,-87.69171622
0,377799,-1,30,2,12,0,1,0,5,2,0,0,0,1,-1,-1,1,11,0,931,-1,-1,-1,-1,-1,-1,2,0,0,0,0,0,3,0,17,6,8,41.80216784,-87.68190621
0,377941,1,25,1,-1,0,1,10,2,4,0,0,0,0,-1,-1,-1,18,18,825,-1,-1,-1,-1,-1,-1,2,0,0,0,0,0,2,0,17,6,8,41.77912348,-87.6837831
1,385137,-1,30,1,2,0,1,10,5,-1,0,0,0,1,1,-1,0,0,0,632,-1,-1,-1,-1,-1,-1,2,1,0,0,0,1,2,0,17,6,8,41.73669095,-87.60961909
0,379047,-1,30,0,0,0,1,0,7,-1,0,0,0,0,-1,-1,-1,0,0,324,-1,-1,-1,-1,-1,-1,2,0,0,0,0,0,2,0,17,6,8,41.75972064,-87.58631045
0,377785,-1,30,0,0,0,1,2,5,2,0,0,0,0,1,0,-1,0,0,811,-1,-1,-1,-1,-1,-1,1,0,0,0,0,0,1,0,17,6,8,41.79383641,-87.80152214
0,379455,-1,30,0,0,0,1,0,3,-1,2,0,0,1,-1,-1,1,25,0,622,-1,-1,-1,-1,-1,-1,2,0,0,0,0,0,2,0,17,6,8,41.73624624,-87.6351276
0,377750,-1,0,0,0,0,1,7,7,-1,0,0,-1,0,-1,-1,-1,0,0,2212,-1,-1,-1,-1,-1,-1,2,0,0,0,0,0,1,0,17,6,8,41.69723821,-87.6814748
0,378036,-1,30,2,2,0,1,12,2,2,0,0,0,0,-1,-1,-1,18,0,1925,-1,-1,-1,-1,-1,-1,2,0,0,0,0,0,5,0,17,6,8,41.94534512,-87.64937721
0,377867,-1,30,1,2,0,1,12,2,4,0,0,0,0,1,-1,1,11,0,735,-1,-1,-1,-1,-1,-1,2,0,0,0,0,0,3,0,16,6,8,41.76485938,-87.66394018
0,377803,-1,30,0,0,0,1,10,5,-1,0,0,0,0,-1,-1,-1,18,0,1711,-1,-1,-1,-1,-1,-1,2,0,0,0,0,0,2,0,16,6,8,41.99001475,-87.74725479
2,377740,-1,30,0,0,0,1,7,6,1,0,0,0,1,-1,-1,-1,0,16,832,-1,-1,-1,-1,-1,-1,2,1,0,0,1,0,0,0,16,6,8,41.76326998,-87.68202642
0,377734,-1,30,2,2,0,1,0,2,0,0,0,0,1,1,-1,-1,17,-1,1214,-1,-1,-1,-1,-1,-1,2,0,0,0,0,0,3,0,16,6,8,41.89127925,-87.64885094
0,377779,-1,30,1,2,0,1,10,5,-1,0,0,0,0,-1,-1,0,21,-1,123,-1,-1,-1,-1,-1,-1,2,0,0,0,0,0,3,0,16,6,8,41.86909622,-87.62731807
0,387795,-1,35,2,2,0,1,14,5,4,0,0,0,1,1,-1,-1,17,-1,2221,-1,-1,-1,-1,-1,-1,2,0,0,0,0,0,3,0,16,6,8,41.73388075,-87.66315894
0,377816,-1,30,1,2,0,1,12,2,4,0,0,0,0,1,-1,-1,21,-1,1922,-1,-1,-1,-1,-1,-1,2,0,0,0,0,0,2,0,16,6,8,41.95418158,-87.66896988
2,377289,1,30,2,2,0,1,8,5,2,0,0,0,1,1,-1,-1,10,23,1831,-1,-1,-1,-1,-1,-1,2,1,0,0,1,0,2,0,16,6,8,41.8948079,-87.63580991
0,377821,-1,30,1,2,0,1,12,5,-1,0,0,0,0,1,-1,-1,13,-1,1433,-1,-1,-1,-1,-1,-1,2,0,0,0,0,0,2,0,16,6,8,41.910707,-87.66232725
3,377738,-1,30,0,0,0,1,2,2,2,0,0,-1,1,0,-1,-1,-1,-1,1412,-1,-1,-1,-1,-1,-1,2,1,0,1,0,0,0,0,16,6,8,41.93318009,-87.71391322
0,391569,-1,30,1,2,0,1,10,5,4,0,0,0,0,1,-1,0,0,0,2223,-1,-1,-1,-1,-1,-1,2,0,0,0,0,0,2,0,16,6,8,41.73594201,-87.64515418
0,387071,-1,30,0,0,0,1,2,5,2,0,0,1,0,-1,-1,-1,28,29,1612,-1,-1,-1,-1,-1,-1,1,0,0,0,0,0,1,0,16,6,8,42.00197267,-87.81885124
0,377829,-1,30,2,-1,0,1,0,3,-1,0,0,2,0,1,-1,-1,5,17,231,-1,-1,-1,-1,-1,-1,2,0,0,0,0,0,2,0,16,6,8,41.79439209,-87.61936262
0,377810,-1,30,0,0,0,1,10,5,2,0,0,0,0,1,-1,-1,16,0,911,-1,-1,-1,-1,-1,-1,3,0,0,0,0,0,5,0,16,6,8,41.82614228,-87.69485343
0,377735,-1,30,0,0,0,3,10,3,2,0,0,0,0,-1,-1,1,18,18,1234,-1,-1,-1,-1,-1,-1,2,0,0,0,0,0,2,0,16,6,8,41.85942697,-87.67619322
0,377698,-1,10,0,0,0,1,0,7,-1,0,0,0,0,-1,1,-1,20,-1,124,-1,-1,-1,-1,-1,-1,2,0,0,0,0,0,2,0,16,6,8,41.86736269,-87.6392932
0,377729,-1,30,0,0,0,1,7,2,2,0,0,0,0,-1,-1,-1,20,-1,2012,-1,-1,-1,-1,-1,-1,2,0,0,0,0,0,1,0,16,6,8,41.97780077,-87.66850374
0,377689,-1,30,0,0,0,1,14,5,-1,0,0,0,0,-1,-1,1,17,21,2522,-1,-1,-1,-1,-1,-1,2,0,0,0,0,0,2,0,16,6,8,41.92354969,-87.74613388
2,377724,-1,30,1,2,0,1,10,5,-1,0,0,0,1,1,-1,1,0,0,1834,-1,-1,-1,-1,-1,-1,2,1,0,0,1,0,1,0,16,6,8,41.89163273,-87.62792204
0,377704,-1,30,0,0,0,1,12,2,-1,0,0,0,0,-1,-1,1,21,-1,815,-1,-1,-1,-1,-1,-1,2,0,0,0,0,0,2,0,16,6,8,41.80509293,-87.72364911
0,377732,-1,30,1,2,0,1,10,5,-1,0,0,0,0,1,-1,-1,18,-1,233,-1,-1,-1,-1,-1,-1,2,0,0,0,0,0,2,0,16,6,8,41.79487822,-87.60636581
0,378776,-1,30,1,2,0,1,12,5,-1,0,0,0,0,1,-1,-1,22,0,124,-1,-1,-1,-1,-1,-1,2,0,0,0,0,0,2,0,16,6,8,41.86965004,-87.63942017
0,377780,-1,30,0,0,0,1,0,7,-1,0,0,0,0,-1,-1,-1,0,0,1513,-1,-1,-1,-1,-1,-1,2,0,0,0,0,0,2,0,16,6,8,41.86568174,-87.76603699
0,377679,-1,30,0,0,0,1,12,5,2,0,0,0,0,-1,-1,-1,22,-1,1623,-1,-1,-1,-1,-1,-1,2,0,0,0,0,0,2,0,16,6,8,41.9753547,-87.75534849
3,371671,-1,30,1,2,0,1,14,5,-1,0,0,0,1,1,-1,-1,31,-1,1233,-1,-1,-1,-1,-1,-1,2,2,0,1,1,0,5,0,16,6,8,41.8576651,-87.66150766
0,381439,-1,30,1,2,0,1,14,5,-1,0,0,0,0,1,-1,1,0,-1,1922,-1,-1,-1,-1,-1,-1,2,0,0,0,0,0,2,0,16,6,8,41.95423979,-87.66462023
0,380301,-1,30,1,2,0,1,12,5,3,0,0,0,0,-1,-1,1,0,0,2223,-1,-1,-1,-1,-1,-1,2,0,0,0,0,0,5,0,16,6,8,41.72069489,-87.64304817
0,377844,-1,30,1,2,0,1,12,5,-1,0,0,0,0,-1,-1,-1,0,0,1912,-1,-1,-1,-1,-1,-1,2,0,0,0,0,0,2,0,16,6,8,41.95446509,-87.66418466
0,377834,-1,30,12,0,0,1,7,7,4,0,0,0,0,-1,-1,1,0,0,233,-1,-1,-1,-1,-1,-1,2,0,0,0,0,0,1,0,16,6,8,41.79248002,-87.60685252
2,377725,-1,30,0,0,0,1,8,5,2,0,0,0,1,-1,-1,-1,17,-1,1214,-1,-1,1,-1,-1,-1,2,1,0,0,1,0,1,0,16,6,8,41.88568962,-87.64762173
2,377683,-1,30,2,2,0,1,0,2,3,0,0,0,1,1,-1,-1,17,16,623,-1,-1,-1,-1,-1,-1,2,1,0,0,1,0,3,0,16,6,8,41.75091397,-87.62152996
1,377703,-1,30,2,2,0,1,0,5,-1,0,0,0,1,1,-1,-1,17,11,1912,-1,-1,-1,-1,-1,-1,2,1,0,0,0,1,6,0,15,6,8,41.96342866,-87.67472322
2,381394,-1,30,2,2,0,1,0,6,2,0,0,0,1,-1,-1,-1,5,16,1834,-1,-1,-1,-1,-1,-1,2,4,0,0,4,0,2,0,15,6,8,41.89479824,-87.62609392
0,377711,-1,30,0,0,0,1,0,2,-1,0,0,0,0,-1,-1,-1,0,0,2522,-1,-1,-1,-1,-1,-1,2,0,0,0,0,0,5,0,15,6,8,41.92411992,-87.7469559
0,377694,-1,30,2,2,0,1,10,5,-1,0,0,0,0,1,-1,1,0,0,1231,-1,-1,-1,-1,-1,-1,2,0,0,0,0,0,2,0,15,6,8,41.87427499,-87.66867411
0,378100,-1,30,1,2,0,1,10,5,-1,0,0,-1,0,-1,-1,-1,0,0,1223,-1,-1,-1,-1,-1,-1,2,0,0,0,0,0,4,0,15,6,8,41.88380414,-87.68635786
1,377634,-1,30,1,2,0,1,14,3,2,0,0,0,1,1,-1,-1,31,17,1014,-1,-1,-1,-1,-1,-1,2,1,0,0,0,1,3,0,15,6,8,41.8546457,-87.71520625
0,377633,-1,30,0,0,0,1,9,3,6,0,0,0,0,-1,-1,-1,-1,-1,815,-1,-1,-1,-1,-1,-1,2,0,0,0,0,0,2,0,15,6,8,41.80771577,-87.74300685
0,391852,-1,30,0,0,0,1,9,5,-1,0,0,0,0,-1,-1,-1,0,-1,723,-1,-1,-1,-1,-1,-1,2,0,0,0,0,0,2,0,15,6,8,41.77789856,-87.64096548
0,377831,-1,30,0,0,0,1,7,3,3,0,0,0,0,-1,-1,1,0,-1,412,-1,-1,-1,-1,-1,-1,2,0,0,0,0,0,1,0,15,6,8,41.73868319,-87.58583323
0,377687,-1,30,0,0,0,1,7,7,-1,0,0,0,0,-1,-1,1,0,16,131,-1,-1,-1,-1,-1,-1,2,0,0,0,0,0,1,0,15,6,8,41.85555505,-87.6272955
0,377675,-1,30,2,2,0,1,10,5,-1,0,0,0,0,-1,-1,-1,20,-1,2525,-1,-1,-1,-1,-1,-1,2,0,0,0,0,0,2,0,15,6,8,41.9190726,-87.72402173
0,377643,-1,30,0,0,0,1,5,6,1,0,0,0,0,-1,-1,-1,33,33,1533,-1,-1,-1,-1,-1,-1,1,0,0,0,0,0,2,0,15,6,8,41.87938958,-87.74535207
0,377616,-1,30,1,2,0,1,0,2,2,0,0,0,0,1,-1,-1,20,-1,2223,-1,-1,-1,-1,-1,-1,2,0,0,0,0,0,3,0,15,6,8,41.73422263,-87.64371259
2,377608,-1,25,0,0,0,1,10,5,2,0,0,0,1,-1,-1,-1,18,14,2412,-1,-1,-1,-1,-1,-1,3,1,0,0,1,0,2,0,15,6,8,42.00462069,-87.70570973
0,377592,-1,35,0,0,0,1,7,3,2,0,0,0,0,-1,-1,-1,0,0,131,-1,-1,-1,-1,-1,-1,2,0,0,0,0,0,2,0,15,6,8,41.85277372,-87.62395241
0,377682,-1,30,0,0,0,1,7,5,-1,0,0,0,0,-1,-1,-1,0,0,2413,-1,-1,-1,-1,-1,-1,2,0,0,0,0,0,1,0,15,6,8,41.99651773,-87.70703468
0,377606,-1,30,1,2,0,1,12,2,-1,0,0,0,0,1,-1,-1,21,-1,1232,-1,-1,-1,-1,-1,-1,2,0,0,0,0,0,3,0,15,6,8,41.87429453,-87.64727225
0,377684,-1,30,1,2,0,1,10,5,-1,0,0,0,0,-1,-1,-1,18,-1,1633,-1,-1,-1,-1,-1,-1,3,0,0,0,0,0,3,0,15,6,8,41.95294851,-87.77670734
0,377680,-1,30,1,2,0,1,10,2,2,0,0,0,1,-1,-1,-1,0,0,2212,-1,-1,-1,-1,-1,-1,2,0,0,0,0,0,4,0,15,6,8,41.7031099,-87.65754247
2,377619,-1,30,1,2,0,1,0,5,-1,0,0,0,1,1,-1,-1,6,-1,1222,-1,-1,-1,-1,-1,-1,3,2,0,0,2,0,4,0,15,6,8,41.88204929,-87.70135642
0,380412,1,30,0,0,-1,-1,7,6,1,0,-1,0,0,-1,-1,1,0,0,1813,-1,-1,-1,-1,-1,-1,2,0,0,0,0,0,1,0,15,6,8,41.91433472,-87.6458225
0,378631,-1,30,0,0,0,1,10,-1,-1,0,-1,-1,0,-1,-1,-1,0,0,1834,-1,-1,-1,-1,-1,-1,2,0,0,0,0,0,2,0,15,6,8,41.89209414,-87.61156988
2,378170,-1,30,-1,-1,0,1,9,-1,4,0,0,0,1,-1,-1,0,0,0,815,-1,-1,-1,-1,-1,-1,2,1,0,0,1,0,1,0,15,6,8,41.79828531,-87.74276777
0,377797,1,30,0,0,0,1,14,5,2,0,0,0,0,-1,-1,-1,33,-1,432,-1,-1,-1,-1,-1,-1,2,0,0,0,0,0,2,0,15,6,8,41.69925319,-87.54233627
0,377769,1,25,0,0,0,1,7,2,2,0,0,0,0,-1,-1,-1,0,0,234,-1,-1,-1,-1,-1,-1,2,0,0,0,0,0,1,0,15,6,8,41.79995223,-87.59650592
0,377672,1,35,0,0,0,1,7,5,2,0,0,0,0,-1,-1,1,0,0,1922,-1,-1,-1,-1,-1,-1,2,0,0,0,0,0,1,0,15,6,8,41.94138306,-87.6758337
0,377567,-1,30,1,2,0,1,10,2,4,0,0,0,0,-1,-1,-1,16,11,813,-1,-1,-1,-1,-1,-1,2,0,0,0,0,0,2,0,15,6,8,41.77863647,-87.72290636
0,377561,-1,30,1,2,0,1,14,5,2,0,0,0,0,-1,-1,-1,22,21,1522,-1,-1,-1,-1,-1,-1,2,0,0,0,0,0,4,0,15,6,8,41.87283609,-87.75483752
0,377553,-1,30,1,2,0,1,10,5,-1,0,0,0,0,-1,-1,-1,20,-1,131,-1,-1,-1,-1,-1,-1,2,0,0,0,0,0,4,0,15,6,8,41.86015055,-87.62551493
0,378960,-1,30,1,2,0,1,10,5,2,0,0,-1,0,-1,-1,1,18,0,1723,-1,-1,-1,-1,-1,-1,2,0,0,0,0,0,3,0,14,6,8,41.95553533,-87.71311178
0,377578,-1,30,0,0,0,1,12,5,-1,0,0,0,0,-1,-1,-1,0,0,2013,-1,-1,-1,-1,-1,-1,2,0,0,0,0,0,2,0,14,6,8,41.98900347,-87.66908224
0,377609,-1,20,1,2,0,1,10,2,-1,0,0,0,0,-1,-1,-1,18,18,2411,-1,-1,-1,-1,-1,-1,2,0,0,0,0,0,2,0,14,6,8,42.01238319,-87.68325708
0,377581,-1,30,1,2,0,1,14,5,-1,0,0,0,0,-1,-1,-1,33,11,911,-1,-1,-1,-1,-1,-1,2,0,0,0,0,0,2,0,14,6,8,41.83020874,-87.69437922
2,377545,-1,30,0,0,0,1,10,5,-1,0,0,-1,1,-1,-1,-1,18,-1,2513,-1,-1,-1,-1,-1,-1,3,1,0,0,1,0,2,0,14,6,8,41.91064084,-87.78519727
2,382911,-1,30,1,2,0,1,10,5,6,0,0,-1,1,-1,-1,1,0,-1,1214,-1,-1,-1,-1,-1,-1,2,1,0,0,1,0,2,0,14,6,8,41.89626551,-87.64896193
0,377642,-1,15,0,0,0,1,7,7,1,0,0,0,0,-1,-1,1,0,0,412,-1,-1,-1,-1,-1,-1,2,0,0,0,0,0,1,0,14,6,8,41.73740694,-87.58506914
0,379007,-1,30,0,0,0,1,12,5,-1,0,0,0,0,-1,-1,-1,21,0,1622,-1,-1,-1,-1,-1,-1,2,0,0,0,0,0,2,0,14,6,8,41.96046054,-87.77708283
0,378135,-1,20,0,0,0,1,7,5,1,0,0,0,1,-1,-1,1,14,0,923,-1,-1,-1,-1,-1,-1,2,0,0,0,0,0,1,0,14,6,8,41.79433762,-87.70247512
2,377751,-1,30,0,0,0,1,7,5,2,0,0,0,1,-1,-1,-1,21,-1,922,-1,-1,0,-1,-1,-1,2,1,0,0,1,0,0,0,14,6,8,41.81196574,-87.70397958
0,377645,-1,10,0,0,0,1,0,7,-1,0,0,0,0,-1,-1,-1,0,-1,723,-1,-1,-1,-1,-1,-1,2,0,0,0,0,0,3,0,14,6,8,41.7796575,-87.64493099
0,377638,-1,30,1,2,0,1,10,5,-1,0,0,0,0,1,-1,-1,18,-1,2513,-1,-1,-1,-1,-1,-1,3,0,0,0,0,0,4,0,14,6,8,41.91621973,-87.79486383
0,377551,-1,30,0,0,0,1,14,2,0,0,0,-1,0,1,-1,-1,23,23,1732,-1,-1,-1,-1,-1,-1,2,0,0,0,0,0,2,0,14,6,8,41.94635956,-87.72018093
0,377544,-1,30,0,0,0,1,7,5,-1,0,0,0,0,-1,-1,1,21,-1,811,-1,-1,-1,-1,-1,-1,2,0,0,0,0,0,1,0,14,6,8,41.79601681,-87.76347171
0,377523,-1,45,0,0,0,1,12,3,-1,5,0,0,0,-1,-1,-1,0,0,2022,-1,-1,-1,-1,-1,-1,2,0,0,0,0,0,2,0,14,6,8,41.98395195,-87.65321511
0,377574,-1,20,0,0,0,1,2,5,-1,0,0,0,0,-1,0,0,14,16,1132,-1,-1,-1,-1,-1,-1,1,0,0,0,0,0,1,0,14,6,8,41.87297847,-87.7304474
0,377498,-1,30,0,0,0,1,12,2,4,0,0,0,1,-1,-1,-1,0,-1,811,-1,-1,-1,-1,-1,-1,2,0,0,0,0,0,2,0,14,6,8,41.79203363,-87.79222447
0,384754,-1,30,1,2,0,1,12,5,-1,0,0,0,0,-1,-1,-1,17,21,123,-1,-1,-1,-1,-1,-1,2,0,0,0,0,0,2,0,14,6,8,41.8748781,-87.62747176
0,377480,-1,35,0,0,0,1,14,2,2,0,0,0,0,-1,-1,-1,18,0,2223,-1,-1,-1,-1,-1,-1,2,0,0,0,0,0,2,0,14,6,8,41.7159051,-87.64300274
0,377719,-1,30,1,2,0,1,14,12,-1,0,0,0,1,-1,-1,-1,17,16,1612,-1,-1,-1,-1,-1,-1,2,0,0,0,0,0,2,0,14,6,8,41.98494377,-87.78788146
0,377524,-1,30,0,0,0,1,0,5,-1,0,0,0,0,-1,-1,-1,0,0,1814,-1,-1,-1,-1,-1,-1,2,0,0,0,0,0,2,0,14,6,8,41.92167473,-87.63659454
0,377491,-1,30,1,2,0,1,10,12,6,0,0,0,0,-1,-1,-1,18,-1,921,-1,-1,-1,-1,-1,-1,2,0,0,0,0,0,2,0,14,6,8,41.82005538,-87.69428284
0,406664,-1,30,0,0,2,1,12,5,1,0,0,0,0,-1,-1,1,0,0,1634,-1,-1,-1,-1,-1,-1,2,0,0,0,0,0,2,0,14,6,8,41.9414252,-87.76154192
0,402893,-1,30,0,0,0,1,4,5,-1,0,0,1,0,-1,-1,-1,28,29,724,-1,-1,-1,-1,-1,-1,1,0,0,0,0,0,1,0,14,6,8,41.77242932,-87.65521308
0,383021,-1,25,0,-1,0,1,10,5,-1,0,0,0,0,-1,-1,-1,18,0,634,-1,-1,-1,-1,-1,-1,2,0,0,0,0,0,2,0,14,6,8,41.7358408,-87.63365251
0,377754,-1,30,0,0,0,1,12,5,-1,0,0,0,0,-1,-1,-1,0,0,1811,-1,-1,-1,-1,-1,-1,2,0,0,0,0,0,2,0,14,6,8,41.92409625,-87.65371125
0,377575,-1,30,1,2,0,1,10,2,6,0,-1,-1,0,-1,-1,-1,18,0,114,-1,-1,-1,-1,-1,-1,3,0,0,0,0,0,4,0,14,6,8,41.88385441,-87.62428004
0,377534,-1,30,0,0,0,1,14,5,4,2,0,0,0,-1,-1,-1,17,11,2212,-1,-1,-1,-1,-1,-1,2,0,0,0,0,0,2,0,14,6,8,41.705589,-87.65662338