MOST_SEVERE_INJURY,RD_NO,CRASH_DATE_EST_I,POSTED_SPEED_LIMIT,TRAFFIC_CONTROL_DEVICE,DEVICE_CONDITION,WEATHER_CONDITION,LIGHTING_CONDITION,FIRST_CRASH_TYPE,TRAFFICWAY_TYPE,LANE_CNT,ALIGNMENT,ROADWAY_SURFACE_COND,ROAD_DEFECT,CRASH_TYPE,INTERSECTION_RELATED_I,NOT_RIGHT_OF_WAY_I,HIT_AND_RUN_I,PRIM_CONTRIBUTORY_CAUSE,SEC_CONTRIBUTORY_CAUSE,BEAT_OF_OCCURRENCE,PHOTOS_TAKEN_I,STATEMENTS_TAKEN_I,DOORING_I,WORK_ZONE_I,WORK_ZONE_TYPE,WORKERS_PRESENT_I,NUM_UNITS,INJURIES_TOTAL,INJURIES_FATAL,INJURIES_INCAPACITATING,INJURIES_NON_INCAPACITATING,INJURIES_REPORTED_NOT_EVIDENT,INJURIES_NO_INDICATION,INJURIES_UNKNOWN,CRASH_HOUR,CRASH_DAY_OF_WEEK,CRASH_MONTH,LATITUDE,LONGITUDE
0,377478,-1,30,0,0,0,1,7,5,2,0,0,0,0,-1,-1,1,0,-1,1234,-1,-1,-1,-1,-1,-1,2,0,0,0,0,0,1,0,14,6,8,41.85550641,-87.67363347
0,377468,-1,30,2,2,0,1,11,5,-1,0,0,0,0,1,-1,-1,17,-1,1231,-1,-1,-1,-1,-1,-1,2,0,0,0,0,0,2,0,14,6,8,41.87468664,-87.67392187
0,377464,-1,30,0,0,0,1,10,3,4,0,0,0,0,-1,-1,1,0,-1,1434,-1,-1,-1,-1,-1,-1,2,0,0,0,0,0,3,0,13,6,8,41.91497706,-87.68719697
0,377514,-1,30,0,0,0,1,14,5,-1,0,0,0,0,-1,-1,-1,20,16,2524,-1,-1,-1,-1,-1,-1,2,0,0,0,0,0,2,0,13,6,8,41.9246665,-87.72072429
0,379172,-1,30,0,0,0,1,0,7,-1,0,0,0,0,-1,-1,-1,20,-1,2515,-1,-1,-1,-1,-1,-1,2,0,0,0,0,0,2,0,13,6,8,41.91784503,-87.77536612
0,377493,-1,30,0,0,0,1,7,6,2,0,0,0,0,-1,-1,-1,8,-1,1833,-1,-1,-1,-1,-1,-1,2,0,0,0,0,0,1,0,13,6,8,41.89907505,-87.62585772
0,377597,-1,30,0,0,0,1,10,5,2,0,0,0,0,1,-1,-1,16,0,1221,-1,-1,-1,-1,-1,-1,2,0,0,0,0,0,2,0,13,6,8,41.89506499,-87.67717322
1,377467,-1,30,0,0,0,1,10,5,2,0,-1,-1,1,-1,-1,-1,18,11,1915,-1,-1,-1,-1,-1,-1,2,1,0,0,0,1,1,0,13,6,8,41.95449707,-87.66171452
2,377573,-1,40,1,2,0,1,12,3,8,0,0,0,1,-1,-1,1,21,17,1833,-1,-1,-1,-1,-1,-1,4,2,0,0,2,0,3,0,13,6,8,41.89671265,-87.61642633
0,377458,-1,30,1,2,0,1,12,1,2,0,0,0,0,1,-1,-1,22,21,2211,-1,1,-1,-1,-1,-1,2,0,0,0,0,0,7,0,13,6,8,41.70648606,-87.6816843
0,377554,-1,30,1,2,0,1,14,5,-1,0,0,0,1,1,-1,-1,17,-1,1231,-1,-1,-1,-1,-1,-1,2,0,0,0,0,0,2,0,13,6,8,41.86697112,-87.66650974
0,377445,-1,20,0,0,0,1,4,5,1,0,0,0,0,-1,-1,-1,0,0,811,-1,-1,-1,-1,-1,-1,1,0,0,0,0,0,1,0,13,6,8,41.79616102,-87.78055544
2,377429,-1,30,0,0,0,1,14,5,-1,0,0,0,1,-1,-1,-1,23,-1,612,-1,-1,-1,-1,-1,-1,1,4,0,0,4,0,1,0,13,6,8,41.75047519,-87.64903192
0,377653,-1,30,0,0,0,1,10,5,-1,0,0,0,0,-1,-1,-1,0,0,1114,-1,-1,-1,-1,-1,-1,2,0,0,0,0,0,2,0,13,6,8,41.88585843,-87.73083745
0,377674,-1,30,0,0,0,1,12,5,2,0,0,0,0,-1,-1,-1,16,20,1924,-1,-1,-1,-1,-1,-1,2,0,0,0,0,0,2,0,13,6,8,41.94541522,-87.66382572
0,377460,-1,30,1,2,0,1,14,5,3,0,0,0,0,1,-1,-1,17,0,934,-1,-1,-1,-1,-1,-1,2,0,0,0,0,0,2,0,13,6,8,41.80153715,-87.64549036
0,377543,-1,30,0,0,0,1,7,6,1,0,0,0,0,-1,-1,0,0,0,2523,-1,-1,-1,-1,-1,-1,2,0,0,0,0,0,1,0,13,6,8,41.93190937,-87.73788606
0,377450,-1,30,1,2,0,1,12,2,-1,0,0,0,0,-1,-1,1,0,-1,2233,-1,-1,-1,-1,-1,-1,2,0,0,0,0,0,2,0,13,6,8,41.68519275,-87.64209413
0,377420,-1,20,2,2,0,1,10,5,-1,0,0,0,0,-1,-1,-1,0,0,1722,-1,-1,-1,-1,-1,-1,2,0,0,0,0,0,2,0,13,6,8,41.95881092,-87.73248369
2,377413,-1,35,2,2,0,1,0,2,4,0,0,0,1,1,-1,-1,17,-1,324,-1,-1,-1,-1,-1,-1,3,1,0,0,1,0,2,0,13,6,8,41.76434845,-87.58584517
0,377652,-1,10,0,0,0,1,11,7,-1,0,-1,-1,0,-1,-1,-1,20,20,1931,-1,-1,-1,-1,-1,-1,2,0,0,0,0,0,3,0,13,6,8,41.93547203,-87.66865454
2,377582,-1,30,2,2,0,1,8,5,2,0,0,0,1,-1,-1,-1,0,-1,1232,-1,-1,-1,-1,-1,-1,2,1,0,0,1,0,1,0,13,6,8,41.87782142,-87.64834988
0,375869,-1,35,1,2,0,1,2,3,-1,2,0,0,0,0,-1,-1,12,-1,2223,-1,-1,-1,-1,-1,-1,2,0,0,0,0,0,1,0,13,6,8,41.73589427,-87.64341605
0,378514,-1,25,0,0,0,1,7,6,1,0,0,0,0,-1,-1,-1,20,-1,1631,-1,-1,-1,-1,-1,-1,2,0,0,0,0,0,1,0,13,6,8,41.94938219,-87.82672609
0,377979,-1,30,0,0,0,1,12,5,-1,0,0,0,0,-1,-1,-1,23,-1,2223,-1,-1,-1,-1,-1,-1,2,0,0,0,0,0,2,0,13,6,8,41.72100844,-87.64062494
0,377854,-1,30,1,2,0,1,10,5,4,0,0,0,0,-1,-1,1,18,18,233,-1,-1,-1,-1,-1,-1,2,0,0,0,0,0,2,0,13,6,8,41.79507521,-87.60609661
0,377465,-1,35,0,0,0,1,11,7,0,0,0,0,0,-1,-1,-1,20,20,1921,-1,-1,-1,-1,-1,-1,2,0,0,0,0,0,2,0,13,6,8,41.9427472,-87.68835432
0,377438,-1,30,-1,-1,2,1,10,2,-1,0,0,0,0,-1,-1,-1,18,-1,431,-1,-1,-1,-1,-1,-1,2,0,0,0,0,0,2,0,13,6,8,41.72246624,-87.56667305
0,381406,-1,30,0,0,0,1,12,2,-1,0,0,0,0,-1,-1,-1,22,21,235,-1,-1,-1,-1,-1,-1,2,0,0,0,0,0,2,0,12,6,8,41.79192928,-87.60601985
0,377479,-1,30,1,2,0,1,14,5,-1,0,0,-1,0,-1,-1,-1,0,0,1221,-1,-1,-1,-1,-1,-1,2,0,0,0,0,0,3,0,12,6,8,41.89548501,-87.70221481
0,377431,-1,30,0,0,0,1,10,5,-1,0,0,0,0,-1,-1,-1,0,0,1234,-1,-1,-1,-1,-1,-1,2,0,0,0,0,0,2,0,12,6,8,41.85626963,-87.66625329
0,377342,-1,35,0,0,0,1,9,7,-1,0,0,0,0,-1,-1,-1,17,-1,2011,-1,-1,-1,-1,-1,-1,2,0,0,0,0,0,2,0,12,6,8,41.97923608,-87.69252687
0,377411,-1,30,1,2,0,1,0,12,4,0,0,0,0,1,-1,-1,6,0,1834,-1,-1,-1,-1,-1,-1,2,0,0,0,0,0,2,0,12,6,8,41.89096978,-87.62430764
0,377378,-1,30,0,0,0,1,7,3,3,0,0,0,0,-1,-1,-1,20,-1,113,-1,-1,-1,-1,-1,-1,2,0,0,0,0,0,1,0,12,6,8,41.87624813,-87.62441919
0,377596,-1,30,0,0,0,1,7,7,1,0,0,0,0,-1,-1,-1,20,-1,234,-1,-1,-1,-1,-1,-1,2,0,0,0,0,0,1,0,12,6,8,41.79956891,-87.59640075
0,377340,-1,30,0,0,0,1,7,5,2,0,0,0,0,-1,-1,-1,21,12,714,-1,-1,-1,-1,-1,-1,2,0,0,0,0,0,1,0,12,6,8,41.78027954,-87.66893652
0,377818,-1,30,0,0,0,1,10,5,-1,0,0,0,0,-1,-1,-1,0,0,2413,-1,-1,-1,-1,-1,-1,2,0,0,0,0,0,2,0,12,6,8,41.99727847,-87.70940736
0,377507,-1,30,2,2,0,1,14,5,-1,0,0,0,0,-1,-1,-1,0,0,1023,-1,-1,-1,-1,-1,-1,2,0,0,0,0,0,2,0,12,6,8,41.85207557,-87.6857884
0,377453,-1,30,0,0,0,1,11,7,-1,0,0,0,0,-1,-1,-1,11,0,313,-1,-1,-1,-1,-1,-1,2,0,0,0,0,0,2,0,12,6,8,41.78149249,-87.60418321
0,410917,-1,30,1,2,0,1,10,5,-1,0,0,0,0,-1,-1,-1,18,-1,114,-1,-1,-1,-1,-1,-1,2,0,0,0,0,0,2,0,12,6,8,41.88829704,-87.62219224
0,387683,1,30,2,2,0,1,7,2,1,0,0,0,0,-1,-1,1,11,-1,933,-1,-1,-1,-1,-1,-1,2,0,0,0,0,0,1,0,12,6,8,41.80602025,-87.66018239
0,379229,-1,30,0,0,-1,1,7,5,2,0,-1,-1,0,-1,-1,1,22,22,1922,-1,-1,-1,-1,-1,-1,2,0,0,0,0,0,1,0,12,6,8,41.95065902,-87.67578674
0,377999,0,30,-1,-1,0,1,7,5,2,0,0,0,0,-1,-1,1,0,-1,1214,-1,-1,-1,-1,-1,-1,2,0,0,0,0,0,1,0,12,6,8,41.8867762,-87.63973773
0,377815,-1,30,2,2,0,1,0,5,4,0,0,0,0,-1,-1,-1,17,17,935,-1,-1,-1,-1,-1,-1,2,0,0,0,0,0,2,0,12,6,8,41.80153044,-87.6430436
0,377731,-1,30,0,0,0,1,10,5,-1,0,0,0,0,-1,-1,1,0,0,1024,-1,-1,-1,-1,-1,-1,2,0,0,0,0,0,2,0,12,6,8,41.84459206,-87.70753947
0,377501,-1,30,1,2,0,1,10,5,4,0,0,0,0,-1,-1,1,18,18,221,-1,-1,-1,-1,-1,-1,2,0,0,0,0,0,2,0,12,6,8,41.81658587,-87.61422958
0,377321,-1,30,0,0,0,1,10,3,4,0,0,0,1,-1,-1,-1,7,0,1821,-1,-1,-1,-1,-1,-1,2,0,0,0,0,0,2,0,12,6,8,41.90980798,-87.63325111
0,377310,-1,30,0,0,0,1,12,5,-1,0,0,0,0,1,-1,-1,17,17,132,-1,-1,-1,-1,-1,-1,2,0,0,0,0,0,2,0,12,6,8,41.86738791,-87.62049103
0,377327,-1,30,0,0,0,1,12,6,2,0,0,0,0,-1,-1,-1,20,20,122,-1,-1,-1,-1,-1,-1,2,0,0,0,0,0,3,0,11,6,8,41.87988702,-87.63540084
0,377585,-1,30,0,0,0,1,7,5,-1,0,0,0,0,-1,-1,1,0,-1,1434,-1,-1,-1,-1,-1,-1,2,0,0,0,0,0,1,0,11,6,8,41.91040334,-87.68973062
0,377361,0,30,0,0,0,1,7,5,2,0,0,0,0,-1,-1,-1,0,0,1935,-1,-1,-1,-1,-1,-1,2,0,0,0,0,0,1,0,11,6,8,41.92941981,-87.65411257
0,377330,-1,30,0,0,0,1,12,5,2,0,0,0,0,-1,-1,-1,17,-1,1613,-1,-1,-1,-1,-1,-1,2,0,0,0,0,0,2,0,11,6,8,41.97963599,-87.80066152
0,377355,-1,30,1,2,0,1,12,5,-1,0,0,0,0,-1,-1,1,22,-1,731,-1,-1,-1,-1,-1,-1,2,0,0,0,0,0,2,0,11,6,8,41.76531512,-87.63042425
1,378655,-1,30,1,2,0,3,10,3,4,0,0,0,1,1,-1,1,0,0,1532,-1,-1,-1,-1,-1,-1,2,3,0,0,0,3,3,0,11,6,8,41.88708388,-87.75521877
0,378565,-1,20,0,0,0,1,7,6,-1,0,0,0,0,-1,-1,-1,0,-1,2523,-1,-1,-1,-1,-1,-1,2,0,0,0,0,0,1,0,11,6,8,41.93435803,-87.73796677
0,377824,-1,30,0,0,0,1,7,5,-1,0,0,0,0,-1,-1,-1,0,0,1831,-1,-1,-1,-1,-1,-1,2,0,0,0,0,0,3,0,11,6,8,41.89325671,-87.6370078
2,377489,-1,30,1,2,0,1,9,2,1,0,0,0,1,-1,-1,-1,16,20,1731,-1,-1,-1,-1,-1,-1,2,1,0,0,1,0,1,0,11,6,8,41.94619803,-87.73230665
0,377267,-1,10,0,0,0,1,7,7,-1,0,0,0,0,-1,1,-1,18,20,1923,-1,-1,-1,-1,-1,-1,2,0,0,0,0,0,1,0,11,6,8,41.95371592,-87.65014629
1,377288,-1,35,2,2,0,1,0,3,6,0,0,0,1,1,-1,-1,17,7,1024,-1,-1,-1,-1,-1,-1,2,1,0,0,0,1,1,0,11,6,8,41.85526591,-87.71240156
0,377270,-1,30,2,0,0,1,0,2,4,0,0,0,0,1,-1,1,16,17,1113,-1,-1,-1,-1,-1,-1,2,0,0,0,0,0,3,0,11,6,8,41.88640484,-87.74028542
1,377275,-1,30,1,2,0,1,14,5,3,0,0,0,1,1,-1,-1,33,16,1632,-1,-1,-1,-1,-1,-1,2,1,0,0,0,1,1,0,11,6,8,41.94539119,-87.79583575
0,377237,-1,30,0,0,0,1,12,2,3,0,0,0,0,1,-1,-1,21,-1,1834,-1,-1,-1,-1,-1,-1,2,0,0,0,0,0,2,0,11,6,8,41.89241024,-87.62554259
1,377302,-1,30,1,2,0,1,10,2,-1,0,0,0,1,-1,-1,-1,0,-1,1533,-1,-1,-1,-1,-1,-1,2,1,0,0,0,1,5,0,11,6,8,41.87318538,-87.74514681
0,378091,-1,30,0,0,0,1,10,5,-1,0,0,0,0,-1,-1,-1,20,0,1934,-1,-1,-1,-1,-1,-1,2,0,0,0,0,0,2,0,11,6,8,41.93764003,-87.64202907
0,377410,-1,30,0,0,0,1,10,6,-1,0,0,0,0,-1,-1,1,20,-1,2523,-1,-1,-1,-1,-1,-1,2,0,0,0,0,0,2,0,11,6,8,41.93567563,-87.72420115
0,377298,-1,5,0,0,0,1,7,7,-1,0,0,0,0,-1,1,-1,0,-1,1524,-1,-1,-1,-1,-1,-1,2,0,0,0,0,0,1,0,11,6,8,41.8948147,-87.75630216
0,377273,-1,30,0,0,0,1,14,3,3,0,0,0,0,-1,-1,-1,21,-1,1232,-1,-1,-1,-1,-1,-1,2,0,0,0,0,0,2,0,11,6,8,41.86728716,-87.64524694
0,377268,-1,30,0,0,0,1,7,5,-1,0,0,0,0,-1,-1,-1,0,-1,1221,-1,-1,-1,-1,-1,-1,2,0,0,0,0,0,2,0,11,6,8,41.89578523,-87.67793089
0,377368,-1,5,0,0,0,1,7,7,2,0,0,0,0,-1,1,1,0,0,413,-1,-1,-1,-1,-1,-1,2,0,0,0,0,0,1,0,10,6,8,41.72258206,-87.57504199
0,377231,-1,30,0,0,0,1,0,2,4,0,0,0,1,-1,-1,-1,17,0,1431,-1,-1,-1,-1,-1,-1,2,0,0,0,0,0,2,0,10,6,8,41.92000942,-87.68763471
0,377447,-1,30,0,0,0,1,2,7,-1,0,0,0,0,-1,-1,-1,-1,-1,312,-1,-1,-1,-1,-1,-1,1,0,0,0,0,0,1,0,10,6,8,41.77775403,-87.62679138
0,406604,-1,30,0,0,0,1,10,5,-1,0,0,0,0,-1,-1,-1,18,0,1135,-1,-1,-1,-1,-1,-1,2,0,0,0,0,0,2,0,10,6,8,41.86800431,-87.69609172
0,377428,-1,30,0,0,0,1,7,5,4,0,0,0,0,-1,-1,1,0,-1,1833,-1,-1,-1,-1,-1,-1,2,0,0,0,0,0,1,0,10,6,8,41.8992486,-87.62427498
0,377192,-1,30,1,2,0,1,10,5,-1,0,0,0,0,-1,-1,-1,0,0,2523,-1,-1,-1,-1,-1,-1,2,0,0,0,0,0,3,0,10,6,8,41.93630251,-87.72725126
1,377198,-1,30,0,0,0,1,10,5,-1,0,0,0,1,-1,-1,1,12,18,2515,-1,-1,-1,-1,-1,-1,4,2,0,0,0,2,1,0,10,6,8,41.9240039,-87.77150684
0,377181,-1,30,1,2,0,1,10,5,4,0,0,0,0,1,-1,-1,0,0,2412,-1,-1,-1,-1,-1,-1,2,0,0,0,0,0,3,0,10,6,8,41.99922539,-87.69006933
1,377230,-1,30,0,0,0,1,9,2,-1,0,0,0,1,-1,-1,1,2,-1,832,-1,-1,-1,-1,-1,-1,2,1,0,0,0,1,1,0,10,6,8,41.77369581,-87.6833444
0,391615,1,20,0,0,-1,-1,2,0,1,0,-1,0,0,-1,1,-1,0,0,1131,-1,-1,-1,-1,-1,-1,1,0,0,0,0,0,1,0,10,6,8,41.87673896,-87.74448576
0,377193,-1,35,0,0,0,1,14,2,-1,0,0,0,0,-1,-1,-1,0,-1,834,-1,-1,-1,-1,-1,-1,2,0,0,0,0,0,2,0,10,6,8,41.74906506,-87.7412039
0,377184,-1,30,0,0,0,1,12,5,-1,0,0,0,0,-1,-1,1,17,-1,1631,-1,-1,-1,-1,-1,-1,2,0,0,0,0,0,2,0,10,6,8,41.93809975,-87.80781762
0,377169,-1,30,0,0,0,1,12,3,-1,0,0,0,0,-1,-1,-1,22,0,725,-1,-1,-1,-1,-1,-1,2,0,0,0,0,0,2,0,10,6,8,41.77347159,-87.66390909
0,377129,-1,30,2,2,0,1,10,2,-1,0,0,0,0,-1,-1,-1,0,18,1033,-1,-1,-1,-1,-1,-1,2,0,0,0,0,0,2,0,9,6,8,41.84473394,-87.69536307
0,377139,-1,30,0,0,0,1,14,5,-1,0,0,0,0,-1,-1,-1,0,0,1412,-1,-1,-1,-1,-1,-1,2,0,0,0,0,0,2,0,9,6,8,41.9391926,-87.71156589
0,377130,-1,30,0,0,0,1,7,6,1,0,0,0,0,-1,-1,-1,21,-1,1833,-1,-1,-1,-1,-1,-1,2,0,0,0,0,0,1,0,9,6,8,41.89903098,-87.62819228
0,377651,-1,30,0,0,0,1,7,6,-1,0,0,0,0,-1,-1,1,0,0,1614,-1,-1,-1,-1,-1,-1,2,0,0,0,0,0,1,0,9,6,8,41.97445272,-87.84383666
0,377600,-1,30,0,0,-1,-1,7,6,1,0,-1,0,0,-1,-1,1,17,0,313,-1,-1,-1,-1,-1,-1,2,0,0,0,0,0,1,0,9,6,8,41.78233293,-87.60647157
0,377127,-1,30,0,0,0,1,12,2,2,0,0,0,0,-1,-1,-1,17,0,2522,-1,-1,-1,-1,-1,-1,2,0,0,0,0,0,2,0,9,6,8,41.91717702,-87.73418244
0,377116,-1,30,0,0,0,1,7,3,3,0,0,0,0,-1,-1,1,12,0,332,-1,-1,-1,-1,-1,-1,2,0,0,0,0,0,1,0,9,6,8,41.76779762,-87.58581992
2,377086,-1,30,0,0,0,1,8,2,2,0,0,0,1,-1,-1,-1,0,-1,1414,-1,-1,-1,-1,-1,-1,2,1,0,0,1,0,1,0,9,6,8,41.92715028,-87.70450234
0,377196,-1,30,1,2,0,1,10,2,5,2,0,0,0,-1,-1,-1,18,0,2513,-1,-1,-1,-1,-1,-1,2,0,0,0,0,0,2,0,9,6,8,41.90928068,-87.78322164
0,377164,-1,30,0,0,0,1,7,3,3,0,0,0,0,-1,-1,-1,12,0,324,-1,-1,-1,-1,-1,-1,2,0,0,0,0,0,1,0,9,6,8,41.7641858,-87.58642639
0,377111,-1,0,0,0,0,1,7,5,-1,0,0,0,0,-1,-1,-1,0,0,1031,-1,-1,-1,-1,-1,-1,2,0,0,0,0,0,1,0,9,6,8,41.83203762,-87.71704965
0,377387,-1,35,0,0,0,1,7,6,3,0,0,0,0,-1,-1,-1,22,22,122,-1,-1,-1,-1,-1,-1,2,0,0,0,0,0,1,0,9,6,8,41.88188623,-87.63661833
0,377098,-1,25,0,0,0,1,12,5,2,0,0,0,0,-1,-1,1,22,15,1224,-1,-1,-1,-1,-1,-1,2,0,0,0,0,0,2,0,9,6,8,41.88155706,-87.6675449
0,377109,-1,5,0,0,0,1,7,7,0,0,0,0,0,-1,1,1,-1,-1,811,-1,-1,-1,-1,-1,-1,2,0,0,0,0,0,1,0,9,6,8,41.79557225,-87.76251629
0,377233,-1,30,0,0,0,1,10,5,4,0,0,0,0,-1,-1,-1,18,0,2534,-1,-1,-1,-1,-1,-1,2,0,0,0,0,0,2,0,9,6,8,41.90848957,-87.73195838
0,377437,-1,30,0,0,0,1,10,5,-1,0,0,0,0,-1,-1,-1,7,16,2534,1,-1,-1,-1,-1,-1,2,0,0,0,0,0,2,0,9,6,8,41.9085005,-87.73261758
0,377123,-1,25,0,0,0,2,7,2,-1,0,0,0,0,-1,-1,1,-1,-1,2514,-1,-1,-1,-1,-1,-1,2,0,0,0,0,0,1,0,9,6,8,41.93143141,-87.76286201
3,377073,-1,35,0,0,0,1,2,5,-1,0,0,0,1,-1,-1,-1,27,27,835,-1,-1,-1,-1,-1,-1,1,1,0,1,0,0,0,0,9,6,8,41.74463186,-87.68286432
0,377966,1,30,0,0,0,1,7,6,-1,0,-1,-1,0,-1,-1,1,0,-1,411,-1,-1,-1,-1,-1,-1,2,0,0,0,0,0,1,0,8,6,8,41.74938643,-87.58729243
0,377115,-1,30,0,0,0,1,12,5,2,0,0,0,0,-1,-1,-1,22,22,725,-1,-1,-1,-1,-1,-1,2,0,0,0,0,0,3,0,8,6,8,41.77592746,-87.6639781
0,377048,-1,30,0,0,0,1,12,5,4,0,0,0,0,-1,-1,1,22,-1,331,-1,-1,-1,-1,-1,-1,2,0,0,0,0,0,3,0,8,6,8,41.76981261,-87.5666924
0,377108,-1,30,2,0,0,1,14,2,2,0,0,0,0,1,-1,-1,0,0,1121,-1,-1,-1,-1,-1,-1,2,0,0,0,0,0,2,0,8,6,8,41.89376462,-87.71153218
0,377071,-1,35,0,0,0,1,2,0,1,0,0,0,0,-1,-1,-1,-1,-1,822,-1,-1,-1,-1,-1,-1,1,0,0,0,0,0,1,0,8,6,8,41.78973798,-87.70697774
0,377066,-1,25,0,0,0,1,14,5,-1,0,0,0,0,-1,-1,-1,17,17,1834,-1,-1,-1,-1,-1,-1,2,0,0,0,0,0,2,0,8,6,8,41.89019628,-87.62673545
2,377125,-1,30,0,0,0,1,10,5,-1,0,0,-1,1,-1,-1,-1,0,0,334,-1,-1,-1,-1,-1,-1,2,1,0,0,1,0,1,0,8,6,8,41.76570215,-87.56241496
0,377023,-1,30,1,2,0,1,14,2,4,0,0,0,1,1,-1,-1,23,0,1623,-1,-1,-1,-1,-1,-1,2,0,0,0,0,0,2,0,8,6,8,41.96902615,-87.76157001
0,377070,-1,30,2,2,0,1,0,5,2,0,0,0,1,1,-1,1,0,-1,1225,-1,-1,-1,-1,-1,-1,2,0,0,0,0,0,2,0,8,6,8,41.87495326,-87.67368575
0,378657,-1,25,0,0,0,1,7,6,-1,0,0,0,0,-1,-1,-1,0,-1,1723,-1,-1,-1,-1,-1,-1,2,0,0,0,0,0,1,0,8,6,8,41.96438916,-87.71920948
0,377260,-1,30,0,0,0,1,7,5,-1,0,0,0,0,-1,-1,1,0,-1,513,-1,-1,-1,-1,-1,-1,2,0,0,0,0,0,1,0,8,6,8,41.6981481,-87.60877316
0,377011,-1,30,2,2,0,1,0,5,2,0,0,0,1,1,-1,-1,33,11,433,-1,-1,-1,-1,-1,-1,2,0,0,0,0,0,2,0,7,6,8,41.69533737,-87.52594812
0,377007,-1,30,0,0,0,1,7,6,1,0,0,0,1,-1,-1,-1,12,0,1424,-1,-1,-1,-1,-1,-1,2,0,0,0,0,0,1,0,7,6,8,41.90707651,-87.68484439
0,377527,-1,30,1,2,0,1,10,5,4,0,-1,-1,0,-1,-1,-1,18,18,813,-1,-1,-1,-1,-1,-1,2,0,0,0,0,0,2,0,7,6,8,41.78932932,-87.74164564
0,387584,-1,30,1,2,0,1,10,2,2,0,0,-1,0,1,-1,-1,0,0,632,-1,-1,-1,-1,-1,-1,2,0,0,0,0,0,2,0,7,6,8,41.73652664,-87.60581268
0,377426,-1,30,0,0,0,1,10,2,-1,0,0,-1,0,-1,-1,-1,0,0,912,-1,-1,-1,-1,-1,-1,2,0,0,0,0,0,2,0,7,6,8,41.83390599,-87.67552024
0,377043,-1,30,1,2,0,1,14,5,-1,0,0,0,0,-1,-1,-1,0,-1,412,-1,-1,-1,-1,-1,-1,2,0,0,0,0,0,3,0,7,6,8,41.7443693,-87.56627071
0,383146,-1,30,0,0,0,1,7,5,-1,0,0,0,0,-1,-1,1,0,-1,2524,-1,-1,-1,-1,-1,-1,2,0,0,0,0,0,1,0,7,6,8,41.92818853,-87.73438132
0,377042,-1,30,0,0,0,1,14,2,4,0,0,0,0,-1,-1,-1,0,23,1033,-1,-1,-1,-1,-1,-1,2,0,0,0,0,0,3,0,7,6,8,41.83440557,-87.70459672
0,376995,-1,30,1,1,0,1,14,2,4,0,0,0,1,1,-1,-1,16,35,1711,-1,-1,-1,-1,-1,-1,3,0,0,0,0,0,3,0,7,6,8,41.99712942,-87.72878382
0,377200,-1,30,0,0,0,1,7,6,1,0,0,0,0,-1,-1,1,0,-1,2522,-1,-1,-1,-1,-1,-1,2,0,0,0,0,0,1,0,7,6,8,41.92099527,-87.73415592
0,376981,-1,30,0,0,0,1,3,5,2,0,0,0,0,-1,-1,-1,11,-1,421,-1,-1,-1,-1,-1,-1,2,0,0,0,0,0,2,0,7,6,8,41.75923094,-87.55959822
0,377778,-1,30,0,0,0,1,0,7,-1,0,0,0,0,-1,-1,-1,20,-1,914,-1,-1,-1,-1,-1,-1,2,0,0,0,0,0,2,0,7,6,8,41.84731505,-87.64652103
0,376978,-1,30,0,0,0,1,10,5,-1,0,0,0,0,-1,-1,-1,0,0,1413,-1,-1,-1,-1,-1,-1,2,0,0,0,0,0,3,0,6,6,8,41.92437861,-87.71224517
0,376974,-1,20,0,0,0,1,12,12,-1,0,0,0,0,-1,-1,-1,18,11,1651,-1,-1,-1,-1,-1,-1,2,0,0,0,0,0,2,0,6,6,8,-1,-1
2,376970,-1,30,0,0,0,1,10,5,4,0,0,0,1,-1,-1,-1,0,-1,811,-1,-1,-1,-1,-1,-1,3,1,0,0,1,0,2,0,6,6,8,41.79213996,-87.79766862
0,376969,-1,30,1,2,0,1,14,2,-1,0,0,0,0,1,-1,1,22,23,2535,-1,-1,-1,-1,-1,-1,2,0,0,0,0,0,2,0,6,6,8,41.91010241,-87.71682443
0,376964,-1,30,2,2,0,1,0,2,2,0,0,0,1,1,-1,-1,5,5,2234,-1,-1,-1,-1,-1,-1,2,0,0,0,0,0,3,0,6,6,8,41.69243619,-87.64487781
0,381715,-1,30,1,2,0,1,8,5,-1,0,0,0,0,-1,-1,1,0,-1,1411,-1,-1,-1,-1,-1,-1,2,0,0,0,0,0,2,0,6,6,8,41.93160795,-87.69775578
0,381627,-1,5,0,0,-1,1,2,0,1,0,0,-1,0,-1,-1,-1,0,-1,1932,-1,-1,-1,-1,-1,-1,1,0,0,0,0,0,1,0,6,6,8,41.92545717,-87.65565577
0,376966,-1,30,1,2,0,1,12,5,4,0,0,-1,0,-1,-1,1,0,0,931,-1,-1,-1,-1,-1,-1,2,0,0,0,0,0,2,0,6,6,8,41.80848148,-87.66561509
0,376957,-1,30,0,0,0,-1,7,5,2,0,0,0,0,-1,-1,1,0,-1,433,-1,-1,-1,-1,-1,-1,2,0,0,0,0,0,1,0,6,6,8,41.65719502,-87.53881952
0,385312,-1,30,0,0,0,1,7,5,-1,0,0,0,0,-1,-1,1,21,21,2032,-1,-1,-1,-1,-1,-1,2,0,0,0,0,0,1,0,6,6,8,41.97247624,-87.67793498
0,377032,-1,30,1,2,0,1,14,5,4,0,0,0,0,1,-1,-1,0,0,1122,-1,-1,-1,-1,-1,-1,2,0,0,0,0,0,2,0,6,6,8,41.88999401,-87.72118582