MOST_SEVERE_INJURY,RD_NO,CRASH_DATE_EST_I,POSTED_SPEED_LIMIT,TRAFFIC_CONTROL_DEVICE,DEVICE_CONDITION,WEATHER_CONDITION,LIGHTING_CONDITION,FIRST_CRASH_TYPE,TRAFFICWAY_TYPE,LANE_CNT,ALIGNMENT,ROADWAY_SURFACE_COND,ROAD_DEFECT,CRASH_TYPE,INTERSECTION_RELATED_I,NOT_RIGHT_OF_WAY_I,HIT_AND_RUN_I,PRIM_CONTRIBUTORY_CAUSE,SEC_CONTRIBUTORY_CAUSE,BEAT_OF_OCCURRENCE,PHOTOS_TAKEN_I,STATEMENTS_TAKEN_I,DOORING_I,WORK_ZONE_I,WORK_ZONE_TYPE,WORKERS_PRESENT_I,NUM_UNITS,INJURIES_TOTAL,INJURIES_FATAL,INJURIES_INCAPACITATING,INJURIES_NON_INCAPACITATING,INJURIES_REPORTED_NOT_EVIDENT,INJURIES_NO_INDICATION,INJURIES_UNKNOWN,CRASH_HOUR,CRASH_DAY_OF_WEEK,CRASH_MONTH,LATITUDE,LONGITUDE
0,376955,-1,35,1,2,0,1,14,2,2,0,0,0,0,1,-1,-1,23,18,814,-1,-1,-1,-1,-1,-1,2,0,0,0,0,0,2,0,5,6,8,41.81672939,-87.74353671
0,376949,-1,30,0,0,0,1,10,5,4,0,0,0,1,-1,-1,-1,18,18,1612,-1,-1,-1,-1,-1,-1,2,0,0,0,0,0,2,0,5,6,8,41.98380995,-87.80678482
0,376965,-1,30,0,0,0,4,10,3,2,0,0,0,0,-1,-1,1,0,0,632,-1,-1,-1,-1,-1,-1,2,0,0,0,0,0,2,0,5,6,8,41.7365417,-87.61929625
0,377655,-1,30,0,0,0,1,7,5,-1,0,0,0,0,-1,-1,1,22,22,931,-1,-1,-1,-1,-1,-1,2,0,0,0,0,0,1,0,5,6,8,41.80668905,-87.665065
0,376952,-1,35,0,0,0,1,7,2,2,0,0,-1,0,-1,-1,1,0,0,1522,-1,-1,-1,-1,-1,-1,3,0,0,0,0,0,1,0,5,6,8,41.88225094,-87.75574586
0,376939,-1,20,2,2,0,2,14,2,-1,0,0,0,0,1,-1,-1,-1,-1,2512,-1,-1,-1,-1,-1,-1,2,0,0,0,0,0,2,0,5,6,8,41.92937566,-87.77605228
0,377798,-1,30,0,0,0,1,7,5,-1,0,0,0,0,-1,-1,-1,0,0,712,-1,-1,-1,-1,-1,-1,2,0,0,0,0,0,1,0,5,6,8,41.7896342,-87.64761577
0,377564,-1,30,0,0,0,-1,0,5,2,0,0,0,0,-1,-1,-1,18,-1,823,-1,-1,-1,-1,-1,-1,2,0,0,0,0,0,2,0,5,6,8,41.77889657,-87.70206217
0,376968,-1,15,0,0,0,2,7,7,-1,0,0,0,0,-1,-1,1,0,0,622,-1,-1,-1,-1,-1,-1,2,0,0,0,0,0,2,0,4,6,8,41.7363802,-87.62769924
0,376984,1,30,0,0,-1,-1,7,3,-1,0,-1,0,0,-1,-1,1,0,0,324,-1,-1,-1,-1,-1,-1,2,0,0,0,0,0,1,0,4,6,8,41.76542731,-87.60295543
0,376920,-1,30,0,0,0,3,12,5,-1,0,0,0,0,-1,-1,1,17,-1,1225,-1,-1,-1,-1,-1,-1,2,0,0,0,0,0,2,0,4,6,8,41.87741711,-87.67639721
2,376897,-1,35,0,0,0,3,12,5,4,0,1,0,1,-1,-1,-1,14,0,1921,-1,-1,-1,-1,-1,-1,2,1,0,0,1,0,1,0,3,6,8,41.93979419,-87.68832196
0,376896,-1,30,0,0,0,3,7,5,2,0,0,-1,1,-1,-1,0,0,0,1133,-1,-1,-1,-1,-1,-1,2,0,0,0,0,0,1,0,3,6,8,41.86979522,-87.7181143
2,376899,-1,30,-1,-1,-1,-1,9,-1,-1,0,-1,-1,1,-1,-1,1,0,0,1123,-1,-1,-1,-1,-1,-1,2,1,0,0,1,0,6,0,3,6,8,41.88484144,-87.71657807
0,378748,-1,0,0,0,0,3,7,2,2,0,0,0,0,-1,-1,1,0,-1,632,-1,-1,-1,-1,-1,-1,2,0,0,0,0,0,1,0,3,6,8,41.74058479,-87.61478476
0,376893,-1,30,0,0,0,3,7,5,2,0,0,0,0,-1,-1,0,-1,-1,524,-1,-1,-1,-1,-1,-1,2,0,0,0,0,0,1,0,3,6,8,41.67206996,-87.65375535
0,376900,-1,30,2,2,0,3,2,5,-1,0,0,-1,1,-1,-1,1,32,21,1931,-1,-1,-1,1,-1,-1,2,0,0,0,0,0,4,0,2,6,8,41.93222479,-87.67407586
0,376874,-1,30,0,0,0,3,11,5,4,0,0,0,1,-1,-1,-1,12,-1,1235,-1,-1,-1,-1,-1,-1,2,0,0,0,0,0,2,0,2,6,8,41.85265879,-87.6528167
0,376880,-1,30,1,2,0,3,10,2,4,0,0,3,0,-1,-1,-1,11,11,2433,-1,-1,-1,-1,-1,-1,2,0,0,0,0,0,2,0,2,6,8,41.99777089,-87.66035202
3,376868,-1,35,2,2,0,3,2,2,3,0,0,-1,1,-1,-1,-1,0,0,1523,-1,-1,-1,-1,-1,-1,1,1,0,1,0,0,0,0,2,6,8,41.88714562,-87.76319641
0,376870,-1,30,1,2,0,3,14,2,-1,0,0,0,0,-1,-1,-1,22,-1,821,-1,-1,-1,-1,-1,-1,2,0,0,0,0,0,2,0,2,6,8,41.80792136,-87.71137369
0,379301,-1,30,1,2,0,1,10,3,3,0,0,0,0,-1,-1,1,18,-1,114,-1,-1,-1,-1,-1,-1,2,0,0,0,0,0,2,0,2,6,8,41.87405973,-87.62407649
0,378152,1,30,0,0,0,3,7,6,1,0,0,0,0,-1,-1,1,21,-1,422,-1,-1,-1,-1,-1,-1,2,0,0,0,0,0,1,0,2,6,8,41.74693333,-87.55780797
2,376872,-1,30,2,2,0,0,2,5,-1,0,0,0,1,-1,-1,0,0,-1,212,-1,-1,-1,-1,-1,-1,1,2,0,0,2,0,0,0,2,6,8,41.83018617,-87.6191688
2,376865,-1,30,0,0,0,3,2,5,4,0,0,0,1,-1,-1,-1,27,11,1614,-1,-1,-1,-1,-1,-1,1,1,0,0,1,0,0,0,2,6,8,41.95222985,-87.8378233
-1,376854,-1,0,0,0,0,3,7,7,0,0,0,0,0,-1,1,-1,8,-1,1133,-1,-1,-1,-1,-1,-1,-1,-1,-1,-1,-1,-1,-1,-1,2,6,8,41.87340465,-87.72039963
3,376843,-1,25,9,2,0,3,2,3,4,3,0,0,1,-1,-1,-1,32,25,1824,-1,-1,-1,-1,-1,-1,1,1,0,1,0,0,0,0,1,6,8,41.90100286,-87.61977981
0,376838,-1,30,1,2,0,3,14,5,-1,0,0,0,1,1,-1,1,6,6,2515,-1,-1,-1,-1,-1,-1,2,0,0,0,0,0,2,0,1,6,8,41.91701737,-87.75608734
2,376824,-1,30,0,0,0,3,10,6,2,0,0,0,1,-1,-1,1,16,17,411,-1,-1,-1,-1,-1,-1,3,1,0,0,1,0,4,0,1,6,8,41.75061554,-87.58593906
0,376820,-1,35,2,2,0,3,0,3,-1,0,0,0,1,-1,-1,1,6,16,935,-1,-1,-1,-1,-1,-1,2,0,0,0,0,0,2,0,1,6,8,41.79464233,-87.63184342
0,376842,-1,25,1,2,0,0,12,12,-1,0,0,0,0,-1,-1,-1,-1,-1,2433,-1,-1,-1,-1,-1,-1,2,0,0,0,0,0,2,0,1,6,8,41.99808997,-87.66554863
0,376821,-1,25,0,0,0,3,7,2,-1,0,0,0,1,-1,-1,-1,0,0,332,-1,-1,-1,-1,-1,-1,2,0,0,0,0,0,2,0,1,6,8,41.77317862,-87.59085046
0,376809,-1,30,0,0,0,3,7,6,-1,0,0,0,1,-1,-1,-1,32,25,1235,1,-1,-1,-1,-1,-1,2,0,0,0,0,0,1,0,0,6,8,41.85725698,-87.65008626
0,376800,-1,30,0,0,0,3,7,7,-1,0,0,0,0,-1,-1,0,20,11,1612,-1,-1,-1,-1,-1,-1,2,0,0,0,0,0,1,0,0,6,8,42.00273166,-87.81768655
1,376795,-1,35,0,0,0,3,7,5,2,0,0,0,1,-1,-1,-1,16,-1,831,-1,-1,-1,-1,-1,-1,4,1,0,0,0,1,0,0,0,6,8,41.76256523,-87.69548318
1,376810,-1,35,1,2,0,3,10,5,4,0,0,0,1,1,-1,1,18,-1,212,-1,-1,-1,-1,-1,-1,2,1,0,0,0,1,2,0,0,6,8,41.83097347,-87.62069575
0,376779,-1,30,0,0,0,3,7,6,1,0,0,0,1,-1,-1,1,25,11,613,-1,-1,-1,-1,-1,-1,2,0,0,0,0,0,4,0,0,6,8,41.74503353,-87.64616435
0,378899,-1,20,1,2,0,3,14,1,2,0,0,0,0,-1,-1,-1,6,-1,724,-1,-1,-1,-1,-1,-1,2,0,0,0,0,0,2,0,0,6,8,41.77951604,-87.65464687
0,378548,-1,30,1,2,0,0,10,12,-1,0,0,0,0,-1,-1,1,11,0,123,-1,-1,-1,-1,-1,-1,2,0,0,0,0,0,2,0,0,6,8,41.87320241,-87.62752849
0,376808,-1,30,1,2,0,0,12,3,-1,2,0,0,0,-1,-1,1,0,-1,131,-1,-1,-1,-1,-1,-1,2,0,0,0,0,0,3,0,0,6,8,41.85299809,-87.62898619
0,377149,1,30,0,0,0,3,7,5,2,0,-1,0,0,-1,-1,-1,0,0,815,-1,-1,-1,-1,-1,-1,2,0,0,0,0,0,1,0,0,6,8,41.79875998,-87.72938309
0,376803,-1,30,0,0,0,3,12,5,6,0,0,-1,0,-1,-1,-1,21,0,123,-1,-1,-1,-1,-1,-1,2,0,0,0,0,0,2,0,0,6,8,41.87560217,-87.624828
0,377152,-1,30,0,0,0,-1,7,2,2,0,0,0,0,-1,-1,1,-1,-1,2522,-1,-1,-1,-1,-1,-1,2,0,0,0,0,0,1,0,23,5,8,41.91716055,-87.73579324
0,376783,-1,10,0,0,-1,0,7,7,-1,0,-1,-1,0,-1,-1,0,20,-1,1131,-1,-1,-1,-1,-1,-1,2,0,0,0,0,0,1,0,23,5,8,41.87305042,-87.74456521
0,376767,-1,5,0,0,0,0,10,7,-1,0,0,0,0,-1,-1,1,18,-1,114,-1,-1,-1,-1,-1,-1,2,0,0,0,0,0,2,0,23,5,8,41.87766756,-87.62415745
2,376754,-1,35,1,2,0,3,0,1,-1,0,0,-1,1,1,-1,-1,3,0,1834,-1,-1,-1,-1,-1,-1,2,1,0,0,1,0,3,0,23,5,8,41.89121706,-87.61426512
0,376747,-1,30,0,0,0,3,2,2,2,0,0,0,1,1,-1,-1,-1,-1,621,-1,-1,-1,-1,-1,-1,1,0,0,0,0,0,1,0,23,5,8,41.75792819,-87.63702185
0,376738,-1,45,0,0,0,0,2,2,4,0,0,0,1,-1,-1,1,-1,-1,114,-1,-1,-1,-1,-1,-1,1,0,0,0,0,0,1,0,23,5,8,41.87332411,-87.61693637
0,376734,-1,30,0,0,0,3,12,6,1,0,0,0,1,0,-1,1,0,0,323,0,-1,-1,-1,-1,-1,2,0,0,0,0,0,2,0,23,5,8,41.76031307,-87.61682769
0,376986,-1,30,1,2,0,0,14,5,-1,0,0,0,0,1,-1,1,21,0,1434,-1,-1,-1,-1,-1,-1,2,0,0,0,0,0,3,0,22,5,8,41.91267057,-87.6871345
0,316713,-1,30,1,2,0,0,10,6,0,0,0,0,0,1,-1,1,18,-1,1224,-1,-1,-1,-1,-1,-1,2,0,0,0,0,0,2,0,22,5,8,41.88451546,-87.6474973
0,376740,-1,30,1,2,0,3,14,5,-1,0,0,0,0,-1,-1,1,23,-1,123,-1,-1,-1,-1,-1,-1,2,0,0,0,0,0,2,0,22,5,8,41.87443413,-87.62878798
0,380811,-1,30,0,0,0,0,0,6,1,0,-1,-1,0,-1,-1,-1,20,20,1921,-1,-1,-1,-1,-1,-1,2,0,0,0,0,0,3,0,22,5,8,41.94052754,-87.68372516
0,377627,-1,30,1,2,0,0,12,5,4,0,0,0,0,-1,-1,1,21,-1,123,-1,-1,-1,-1,-1,-1,2,0,0,0,0,0,2,0,22,5,8,41.87434258,-87.62614177
1,376680,-1,30,1,2,0,3,10,5,4,0,0,0,1,-1,-1,-1,18,-1,1432,-1,-1,-1,-1,-1,-1,2,1,0,0,0,1,2,0,22,5,8,41.91799866,-87.67010758
2,376693,-1,35,1,2,0,3,14,2,-1,0,0,0,1,1,-1,-1,0,-1,322,-1,-1,-1,-1,-1,-1,2,1,0,0,1,0,1,0,22,5,8,41.77291489,-87.61530151
0,377692,-1,30,1,2,0,3,10,5,4,0,0,0,0,-1,-1,-1,-1,-1,834,-1,-1,-1,-1,-1,-1,2,0,0,0,0,0,2,0,22,5,8,41.73496838,-87.7215025
0,376720,-1,30,1,2,-1,3,14,5,1,0,-1,-1,0,1,-1,-1,0,0,2513,-1,-1,-1,-1,-1,-1,2,0,0,0,0,0,5,0,22,5,8,41.91608259,-87.80576086
0,377055,-1,30,0,0,0,3,10,2,2,0,0,0,0,-1,-1,-1,0,-1,223,-1,-1,-1,-1,-1,-1,2,0,0,0,0,0,2,0,22,5,8,41.80671761,-87.60665147
0,376710,-1,30,1,2,0,3,14,3,6,0,0,0,0,1,-1,1,23,0,814,-1,-1,-1,-1,-1,-1,2,0,0,0,0,0,2,0,22,5,8,41.81665362,-87.74353273
0,376636,-1,30,1,2,0,3,14,5,-1,0,0,-1,0,-1,-1,-1,0,0,1712,-1,-1,-1,-1,-1,-1,2,0,0,0,0,0,6,0,21,5,8,41.96840336,-87.72320711
0,377421,-1,30,0,0,0,3,12,5,-1,0,0,0,0,-1,-1,-1,0,0,1652,-1,-1,-1,-1,-1,-1,2,0,0,0,0,0,3,0,21,5,8,-1,-1
0,376658,-1,10,0,0,0,3,11,7,-1,0,-1,-1,0,-1,1,-1,10,-1,1654,-1,-1,-1,-1,-1,-1,2,0,0,0,0,0,2,0,21,5,8,41.97484777,-87.87615604
2,376623,-1,35,1,2,0,3,14,2,4,0,0,0,1,1,-1,-1,17,0,1232,-1,-1,-1,-1,-1,-1,2,1,0,0,1,0,1,0,21,5,8,41.87429453,-87.64727225
0,376641,-1,30,0,0,0,0,12,3,4,1,0,0,0,-1,-1,-1,0,-1,114,-1,-1,-1,-1,-1,-1,2,0,0,0,0,0,3,0,21,5,8,41.88462376,-87.61956019
0,376640,-1,30,0,0,0,3,7,2,-1,0,0,0,0,-1,-1,1,0,-1,1232,-1,-1,-1,-1,-1,-1,2,0,0,0,0,0,1,0,21,5,8,41.86956951,-87.65409257
0,376632,-1,30,-1,-1,0,3,12,6,2,0,0,-1,0,-1,-1,-1,0,-1,233,-1,-1,-1,-1,-1,-1,2,0,0,0,0,0,2,0,21,5,8,41.79438506,-87.61588764
0,376675,-1,30,1,2,0,3,10,5,2,0,0,0,1,1,-1,-1,15,16,1013,-1,-1,-1,-1,-1,-1,3,0,0,0,0,0,3,0,21,5,8,41.84603982,-87.72446778
0,376601,-1,30,0,0,0,3,0,5,5,0,0,0,1,-1,-1,-1,17,0,815,-1,-1,-1,-1,-1,-1,2,0,0,0,0,0,4,0,21,5,8,41.80836672,-87.72374948
2,376600,-1,30,0,0,0,3,12,5,4,0,0,0,1,-1,-1,-1,17,0,913,-1,-1,-1,-1,-1,-1,2,1,0,0,1,0,1,0,21,5,8,41.84680863,-87.64759075
1,376589,-1,30,0,0,0,3,9,5,2,0,0,0,1,-1,-1,-1,11,-1,1033,-1,-1,-1,-1,-1,-1,2,1,0,0,0,1,1,0,21,5,8,41.85176282,-87.69770415
0,376596,-1,30,0,0,0,3,12,5,4,0,0,0,0,-1,-1,-1,0,0,1831,-1,-1,-1,-1,-1,-1,2,0,0,0,0,0,2,0,20,5,8,41.88752864,-87.63264684
0,376552,-1,30,0,0,0,3,12,5,2,0,0,0,0,-1,-1,1,21,0,311,-1,-1,-1,-1,-1,-1,2,0,0,0,0,0,4,0,20,5,8,41.7817417,-87.62521965
0,376570,-1,25,0,0,0,3,12,5,4,0,0,-1,0,-1,-1,-1,22,0,131,-1,-1,-1,-1,-1,-1,2,0,0,0,0,0,2,0,20,5,8,41.85663565,-87.63034543
0,377046,-1,30,0,0,0,3,7,5,1,0,0,0,0,-1,-1,1,0,0,811,-1,-1,-1,-1,-1,-1,2,0,0,0,0,0,1,0,20,5,8,41.79095408,-87.76522428
0,376541,-1,30,1,2,0,4,7,5,2,0,0,0,0,-1,-1,-1,0,0,1232,-1,-1,-1,-1,-1,-1,2,0,0,0,0,0,1,0,20,5,8,41.87670827,-87.65200881
0,376536,-1,30,0,0,0,4,7,7,0,0,0,0,0,-1,-1,1,20,0,1013,-1,-1,-1,-1,-1,-1,2,0,0,0,0,0,1,0,20,5,8,41.85110942,-87.7248925
2,376599,-1,30,1,2,0,0,14,1,-1,0,0,0,1,1,-1,1,14,6,511,-1,1,-1,-1,-1,-1,2,2,0,0,1,1,4,0,20,5,8,41.72225727,-87.58527557
0,377916,-1,30,0,0,0,4,7,7,-1,0,0,0,0,-1,-1,1,0,-1,512,-1,-1,-1,-1,-1,-1,2,0,0,0,0,0,1,0,20,5,8,41.70718218,-87.62036149
0,376559,-1,30,0,0,0,1,10,2,2,0,0,0,0,-1,-1,-1,22,-1,813,-1,-1,-1,-1,-1,-1,2,0,0,0,0,0,2,0,20,5,8,41.78932932,-87.74164564
0,376587,-1,25,0,0,0,4,8,5,2,0,0,0,0,-1,-1,-1,0,0,1933,-1,-1,1,-1,-1,-1,2,0,0,0,0,0,3,0,19,5,8,41.93546443,-87.65410203
-1,376588,-1,30,0,-1,0,1,10,5,2,0,0,0,0,-1,-1,-1,0,-1,1413,-1,-1,-1,-1,-1,-1,-1,-1,-1,-1,-1,-1,-1,-1,19,5,8,41.92453325,-87.71386845
0,376744,-1,30,1,2,0,1,10,3,-1,0,0,0,0,-1,-1,-1,0,0,1232,1,-1,-1,-1,-1,-1,2,0,0,0,0,0,2,0,19,5,8,41.86700714,-87.64915695
0,376528,-1,30,0,0,0,4,10,5,-1,0,0,0,0,-1,-1,-1,18,-1,1932,-1,-1,-1,-1,-1,-1,2,0,0,0,0,0,6,0,19,5,8,41.92526889,-87.66757005
0,384669,-1,20,0,0,0,3,7,5,-1,0,0,0,0,-1,-1,1,25,-1,512,0,-1,-1,-1,-1,-1,2,0,0,0,0,0,1,0,19,5,8,41.70207544,-87.60480911
0,376465,-1,30,0,0,0,2,7,6,2,0,0,0,0,-1,-1,1,16,0,632,-1,-1,-1,-1,-1,-1,2,0,0,0,0,0,1,0,19,5,8,41.73878805,-87.62405576
2,376433,-1,30,0,0,0,1,2,5,4,0,0,0,1,-1,-1,-1,0,27,1511,-1,-1,-1,-1,-1,-1,1,1,0,0,1,0,2,0,19,5,8,41.89854013,-87.76567319
0,378709,1,30,0,0,0,1,7,6,-1,0,0,0,0,-1,-1,1,0,0,1235,-1,-1,-1,-1,-1,-1,2,0,0,0,0,0,1,0,19,5,8,41.85592866,-87.65218295
0,376644,-1,30,0,0,0,1,7,5,-1,0,-1,-1,0,-1,-1,0,20,0,2213,-1,-1,-1,-1,-1,-1,2,0,0,0,0,0,1,0,19,5,8,41.71177653,-87.65833603
0,376603,-1,30,0,0,0,3,7,6,1,0,0,0,1,-1,-1,1,17,-1,2523,-1,-1,-1,-1,-1,-1,2,0,0,0,0,0,2,0,19,5,8,41.93687512,-87.72198625
0,376579,-1,30,0,0,0,1,2,6,1,0,0,0,0,-1,1,-1,0,0,1421,0,-1,-1,-1,-1,-1,1,0,0,0,0,0,2,0,19,5,8,41.91187955,-87.69322116
0,376509,-1,30,0,0,0,1,12,5,2,0,0,2,0,-1,-1,1,22,0,732,-1,-1,-1,-1,-1,-1,2,0,0,0,0,0,4,0,19,5,8,41.76533155,-87.64323249
0,376472,-1,30,0,0,0,1,2,5,1,0,0,0,0,-1,-1,-1,0,0,312,-1,-1,-1,-1,-1,-1,1,0,0,0,0,0,1,0,19,5,8,41.7783291,-87.61572579
2,376412,-1,30,0,0,0,4,10,2,4,0,0,0,1,-1,-1,-1,27,27,1232,-1,-1,-1,-1,-1,-1,3,1,0,0,1,0,3,0,19,5,8,41.87854655,-87.64740829
0,376439,-1,30,1,2,0,1,12,6,-1,0,0,0,0,-1,-1,-1,22,-1,112,-1,-1,-1,-1,-1,-1,2,0,0,0,0,0,2,0,18,5,8,41.88088886,-87.62681488
0,376459,-1,30,1,2,0,1,2,5,2,0,0,2,1,1,1,-1,14,25,1135,-1,-1,-1,-1,-1,-1,1,0,0,0,0,0,2,0,18,5,8,41.87014541,-87.70075097
0,376432,-1,30,0,0,0,1,10,2,2,0,0,-1,0,-1,-1,-1,18,0,2523,-1,-1,-1,-1,-1,-1,2,0,0,0,0,0,2,0,18,5,8,41.93892976,-87.7314833
0,376437,-1,30,0,0,0,1,12,5,2,0,0,0,0,-1,-1,-1,22,0,1923,-1,-1,-1,-1,-1,-1,2,0,0,0,0,0,2,0,18,5,8,41.94914734,-87.64968984
0,376500,-1,30,1,2,0,1,10,5,2,0,0,0,1,-1,-1,-1,20,18,124,-1,-1,-1,-1,-1,-1,2,0,0,0,0,0,2,0,18,5,8,41.86235702,-87.63916276
0,376429,-1,30,-1,-1,0,1,0,5,2,0,0,0,0,-1,-1,-1,-1,-1,911,-1,-1,-1,-1,-1,-1,2,0,0,0,0,0,2,0,18,5,8,41.83002728,-87.69493784
2,376425,-1,30,1,2,0,1,8,5,-1,0,0,0,1,-1,-1,-1,0,0,314,-1,-1,0,-1,-1,-1,2,1,0,0,1,0,1,0,18,5,8,41.78046179,-87.59320636
0,376392,-1,30,0,0,0,1,14,3,4,0,0,0,0,-1,-1,1,17,23,1023,-1,-1,-1,-1,-1,-1,2,0,0,0,0,0,2,0,18,5,8,41.86426004,-87.68706781
0,376347,-1,30,2,2,0,1,0,5,2,0,0,0,1,-1,-1,1,5,-1,433,-1,-1,-1,-1,-1,-1,2,0,0,0,0,0,2,0,18,5,8,41.65182975,-87.54972773
0,376436,-1,25,0,0,0,1,11,5,-1,0,0,0,0,-1,-1,1,0,-1,1122,-1,-1,-1,-1,-1,-1,2,0,0,0,0,0,2,0,18,5,8,41.88196093,-87.724858
0,377790,-1,30,0,0,0,1,10,5,2,0,0,0,0,-1,-1,1,18,-1,1215,-1,-1,-1,-1,-1,-1,2,0,0,0,0,0,2,0,18,5,8,41.89095328,-87.65894032
0,376470,-1,30,0,0,0,1,14,5,2,0,0,0,0,-1,-1,-1,17,-1,1232,-1,-1,-1,-1,-1,-1,2,0,0,0,0,0,2,0,18,5,8,41.88167803,-87.64672119
0,376354,-1,20,0,0,0,1,7,5,1,0,0,0,1,-1,-1,1,0,0,2422,-1,-1,-1,-1,-1,-1,2,0,0,0,0,0,1,0,18,5,8,42.01694676,-87.67266058
0,376382,-1,30,0,0,0,1,14,5,-1,0,0,0,0,-1,-1,-1,11,11,532,-1,-1,-1,-1,-1,-1,2,0,0,0,0,0,2,0,18,5,8,41.68527964,-87.61640258
0,376447,-1,30,0,0,0,1,14,2,-1,0,0,0,0,1,-1,-1,17,-1,835,-1,-1,-1,-1,-1,-1,2,0,0,0,0,0,2,0,18,5,8,41.75517853,-87.70269571
0,376604,-1,30,0,2,0,1,7,5,4,0,0,0,0,-1,-1,1,22,11,1032,-1,-1,-1,-1,-1,-1,2,0,0,0,0,0,1,0,18,5,8,41.84425865,-87.71594585
0,378050,-1,30,0,0,0,3,14,5,-1,0,0,0,0,-1,-1,-1,23,0,1922,-1,-1,-1,-1,-1,-1,2,0,0,0,0,0,2,0,18,5,8,41.9451524,-87.67265035
1,376751,1,30,0,0,0,1,8,5,2,0,0,0,1,-1,-1,-1,0,0,2211,-1,-1,1,-1,-1,-1,2,1,0,0,0,1,0,0,18,5,8,41.70181734,-87.71355623
0,376400,-1,30,12,-1,0,1,12,12,-1,0,0,0,0,-1,-1,-1,17,17,1623,-1,-1,-1,-1,-1,-1,2,0,0,0,0,0,2,0,18,5,8,41.96804754,-87.75490374
0,376371,1,30,1,2,0,1,0,5,2,0,0,0,0,-1,-1,1,25,0,911,-1,-1,-1,-1,-1,-1,2,0,0,0,0,0,3,0,18,5,8,41.83020874,-87.69437922
0,376348,-1,30,0,0,0,1,0,5,-1,0,0,0,0,-1,-1,-1,0,0,2011,-1,-1,-1,-1,-1,-1,2,0,0,0,0,0,3,0,18,5,8,41.98902994,-87.70533154
0,376333,-1,35,1,2,0,1,14,5,4,0,0,0,1,1,-1,-1,17,0,434,-1,-1,-1,-1,-1,-1,2,0,0,0,0,0,6,0,17,5,8,41.70774567,-87.58461414
0,376330,-1,30,1,2,0,1,10,5,4,0,0,0,0,-1,-1,-1,18,-1,923,-1,-1,-1,-1,-1,-1,2,0,0,0,0,0,2,0,17,5,8,41.79394293,-87.68418997
0,376476,-1,30,0,0,0,1,10,5,-1,0,0,0,0,-1,-1,-1,0,-1,1522,-1,-1,-1,-1,-1,-1,2,0,0,0,0,0,2,0,17,5,8,41.8804472,-87.75775505
0,376376,-1,30,0,0,0,1,7,2,2,0,0,0,0,-1,-1,1,0,0,1731,-1,-1,-1,-1,-1,-1,2,0,0,0,0,0,1,0,17,5,8,41.94009643,-87.72735728
2,376323,-1,30,0,0,0,1,14,12,-1,0,0,-1,1,-1,-1,-1,25,-1,1135,-1,-1,-1,-1,-1,-1,2,2,0,0,2,0,3,0,17,5,8,41.87210387,-87.69387922
3,376327,-1,30,2,0,0,1,0,3,4,0,0,0,1,1,-1,-1,17,0,735,-1,-1,-1,-1,-1,-1,3,1,0,1,0,0,3,0,17,5,8,41.76663746,-87.66398221
0,376516,-1,30,0,0,0,1,7,6,1,0,0,0,0,-1,-1,1,-1,-1,512,-1,0,-1,-1,-1,-1,2,0,0,0,0,0,1,0,17,5,8,41.70402759,-87.6220992
0,376301,-1,30,2,2,0,1,0,5,2,0,0,0,1,1,-1,-1,17,0,1622,-1,-1,-1,-1,-1,-1,2,0,0,0,0,0,2,0,17,5,8,41.97031256,-87.78783415
0,376410,-1,30,0,0,0,1,0,2,-1,0,0,0,0,-1,-1,-1,0,-1,1433,-1,-1,-1,-1,-1,-1,2,0,0,0,0,0,2,0,17,5,8,41.90347111,-87.66617134
0,376336,-1,30,1,2,0,1,10,2,-1,0,0,0,0,1,-1,-1,18,-1,2433,-1,-1,-1,-1,-1,-1,2,0,0,0,0,0,2,0,17,5,8,41.99084011,-87.67017295
0,376311,-1,30,0,0,0,1,8,5,-1,0,0,0,0,-1,-1,-1,0,0,1824,-1,-1,1,-1,-1,-1,2,0,0,0,0,0,4,0,17,5,8,41.90190555,-87.62849308
0,376618,-1,25,1,2,0,3,14,8,2,0,0,-1,0,1,-1,1,21,0,1935,-1,-1,-1,-1,-1,-1,2,0,0,0,0,0,2,0,17,5,8,41.92620072,-87.63133087
0,376390,-1,30,0,0,0,1,0,6,-1,0,0,0,0,-1,-1,-1,4,16,124,-1,-1,-1,-1,-1,-1,2,0,0,0,0,0,2,0,17,5,8,41.86797281,-87.64089226
0,376357,-1,30,0,0,0,1,12,5,-1,0,0,0,0,-1,-1,-1,0,0,1933,-1,-1,-1,-1,-1,-1,2,0,0,0,0,0,2,0,17,5,8,41.93268002,-87.65400743
0,376279,-1,30,0,0,0,1,7,6,1,0,0,0,0,-1,-1,1,0,0,1513,-1,-1,-1,-1,-1,-1,2,0,0,0,0,0,2,0,17,5,8,41.88072342,-87.76666736
2,376297,1,0,1,2,0,1,8,5,2,0,0,0,1,1,-1,-1,0,-1,1911,-1,-1,1,-1,-1,-1,2,1,0,0,1,0,1,0,17,5,8,41.96314737,-87.68481149
0,384662,-1,30,1,2,0,1,12,5,-1,0,0,0,0,-1,-1,-1,21,17,1623,-1,-1,-1,-1,-1,-1,2,0,0,0,0,0,2,0,17,5,8,41.96804754,-87.75490374
0,376409,-1,30,1,2,0,1,12,5,-1,0,0,0,0,1,-1,-1,-1,-1,632,-1,-1,-1,-1,-1,-1,2,0,0,0,0,0,2,0,17,5,8,41.73645505,-87.61467291
0,376388,-1,20,2,12,0,1,10,2,-1,0,0,0,0,-1,-1,-1,18,18,1912,-1,-1,-1,-1,-1,-1,2,0,0,0,0,0,2,0,17,5,8,41.95435715,-87.67077258