MOST_SEVERE_INJURY,RD_NO,CRASH_DATE_EST_I,POSTED_SPEED_LIMIT,TRAFFIC_CONTROL_DEVICE,DEVICE_CONDITION,WEATHER_CONDITION,LIGHTING_CONDITION,FIRST_CRASH_TYPE,TRAFFICWAY_TYPE,LANE_CNT,ALIGNMENT,ROADWAY_SURFACE_COND,ROAD_DEFECT,CRASH_TYPE,INTERSECTION_RELATED_I,NOT_RIGHT_OF_WAY_I,HIT_AND_RUN_I,PRIM_CONTRIBUTORY_CAUSE,SEC_CONTRIBUTORY_CAUSE,BEAT_OF_OCCURRENCE,PHOTOS_TAKEN_I,STATEMENTS_TAKEN_I,DOORING_I,WORK_ZONE_I,WORK_ZONE_TYPE,WORKERS_PRESENT_I,NUM_UNITS,INJURIES_TOTAL,INJURIES_FATAL,INJURIES_INCAPACITATING,INJURIES_NON_INCAPACITATING,INJURIES_REPORTED_NOT_EVIDENT,INJURIES_NO_INDICATION,INJURIES_UNKNOWN,CRASH_HOUR,CRASH_DAY_OF_WEEK,CRASH_MONTH,LATITUDE,LONGITUDE
0,377822,-1,20,0,0,0,1,7,2,2,0,0,-1,0,-1,-1,1,-1,-1,2424,-1,-1,-1,-1,-1,-1,2,0,0,0,0,0,1,0,17,5,8,42.0126632,-87.67934509
0,376308,1,30,0,0,0,1,7,6,1,0,0,0,0,-1,-1,-1,0,0,1933,-1,-1,-1,-1,-1,-1,2,0,0,0,0,0,1,0,17,5,8,41.93762054,-87.65660535
0,376273,-1,35,-1,-1,0,1,10,5,-1,0,0,0,0,-1,-1,-1,0,0,1732,-1,-1,-1,-1,-1,-1,2,0,0,0,0,0,2,0,17,5,8,41.94648178,-87.72749488
0,376222,-1,30,1,2,0,1,2,2,4,0,0,0,0,-1,-1,-1,23,11,1622,-1,-1,-1,-1,-1,-1,1,0,0,0,0,0,1,0,16,5,8,41.9830108,-87.78217788
0,376252,-1,30,1,2,0,1,10,5,-1,0,0,0,0,-1,-1,-1,0,0,1111,-1,-1,-1,-1,-1,-1,2,0,0,0,0,0,2,0,16,5,8,41.89530595,-87.73537572
0,376210,-1,30,1,2,0,1,10,2,-1,1,0,0,0,-1,-1,-1,16,-1,231,-1,-1,-1,-1,-1,-1,3,0,0,0,0,0,4,0,16,5,8,41.80198178,-87.61696016
0,377764,-1,30,0,0,0,1,7,5,-1,0,0,-1,0,-1,-1,1,0,0,1222,-1,-1,-1,-1,-1,-1,2,0,0,0,0,0,1,0,16,5,8,41.8844515,-87.68851926
0,377291,-1,30,1,2,0,1,14,-1,4,0,0,0,0,-1,-1,-1,17,0,1911,-1,-1,-1,-1,-1,-1,2,0,0,0,0,0,2,0,16,5,8,41.95405671,-87.68861447
0,376611,-1,30,0,-1,0,1,7,5,-1,0,0,0,0,-1,-1,-1,22,-1,2511,-1,-1,-1,-1,-1,-1,2,0,0,0,0,0,1,0,16,5,8,41.9347605,-87.7865175
0,376407,-1,25,0,0,0,1,10,5,4,0,0,0,0,-1,-1,1,18,-1,2511,-1,-1,-1,-1,-1,-1,3,0,0,0,0,0,3,0,16,5,8,41.93806533,-87.79461113
0,376233,-1,25,2,2,0,1,0,5,-1,0,0,0,1,-1,-1,-1,17,-1,632,-1,-1,-1,-1,-1,-1,2,0,0,0,0,0,2,0,16,5,8,41.73823713,-87.61471974
0,376484,-1,30,0,0,0,1,14,2,2,0,0,-1,0,1,-1,-1,0,0,613,-1,-1,-1,-1,-1,-1,2,0,0,0,0,0,2,0,16,5,8,41.74344796,-87.64513957
0,376306,-1,30,1,2,0,1,12,5,-1,0,0,0,0,1,-1,-1,22,-1,112,-1,-1,-1,-1,-1,-1,2,0,0,0,0,0,2,0,16,5,8,41.88311214,-87.62626979
0,376292,-1,30,-1,-1,0,1,12,5,1,0,0,-1,0,-1,-1,-1,0,0,2212,-1,-1,-1,-1,-1,-1,2,0,0,0,0,0,2,0,16,5,8,41.68664113,-87.66678017
0,376260,-1,30,0,0,0,1,10,5,-1,0,0,0,0,-1,-1,-1,18,-1,832,-1,-1,-1,-1,-1,-1,2,0,0,0,0,0,2,0,16,5,8,41.76552256,-87.68341184
0,376236,-1,30,0,0,0,1,12,5,-1,0,0,0,0,-1,-1,-1,22,-1,1834,-1,-1,-1,-1,-1,-1,2,0,0,0,0,0,2,0,16,5,8,41.89100025,-87.61388893
0,376209,-1,30,1,2,0,1,0,12,4,0,0,0,1,1,-1,-1,6,0,1834,-1,-1,-1,-1,-1,-1,2,0,0,0,0,0,2,0,16,5,8,41.89089203,-87.62430483
0,376198,-1,30,0,0,0,1,7,5,-1,0,0,0,0,-1,-1,1,0,-1,1135,-1,-1,-1,-1,-1,-1,2,0,0,0,0,0,1,0,16,5,8,41.87354431,-87.69594565
0,376320,-1,10,0,0,0,3,7,7,1,0,0,0,0,-1,-1,1,18,11,1934,-1,-1,-1,-1,-1,-1,2,0,0,0,0,0,1,0,16,5,8,41.93426132,-87.63806556
0,376224,-1,30,0,0,0,1,10,5,2,0,0,0,0,-1,-1,-1,18,-1,831,-1,-1,-1,-1,-1,-1,2,0,0,0,0,0,2,0,16,5,8,41.77180306,-87.7016631
0,376191,-1,30,1,2,0,1,10,5,2,0,0,0,0,1,-1,-1,18,-1,1411,-1,-1,-1,-1,-1,-1,2,0,0,0,0,0,3,0,16,5,8,41.9288491,-87.70681721
0,376158,-1,30,0,0,0,1,0,7,-1,0,0,0,0,-1,-1,-1,0,-1,1233,-1,-1,-1,-1,-1,-1,2,0,0,0,0,0,2,0,16,5,8,41.86240243,-87.66641897
0,376156,-1,30,2,2,0,1,0,5,-1,2,0,0,0,1,-1,-1,17,17,735,-1,-1,-1,-1,-1,-1,2,0,0,0,0,0,5,0,16,5,8,41.76840204,-87.66891752
2,376254,-1,25,0,0,0,1,12,5,-1,0,0,0,1,-1,-1,-1,33,-1,1923,-1,-1,-1,-1,-1,-1,2,1,0,0,1,0,1,0,16,5,8,41.94946514,-87.64970047
0,385216,-1,30,1,-1,0,1,14,6,5,0,0,-1,0,1,-1,-1,0,0,1834,-1,-1,-1,-1,-1,-1,2,0,0,0,0,0,2,0,16,5,8,41.89214078,-87.62431278
0,381337,-1,15,0,0,0,1,7,7,-1,0,0,0,0,-1,1,-1,17,17,1614,-1,-1,-1,-1,-1,-1,2,0,0,0,0,0,1,0,16,5,8,41.9810632,-87.84567442
0,376592,-1,30,0,0,0,1,10,5,-1,0,0,-1,0,-1,-1,-1,0,-1,1621,-1,-1,-1,-1,-1,-1,2,0,0,0,0,0,2,0,16,5,8,41.99494616,-87.7613798
1,376334,-1,30,0,0,0,1,10,5,-1,0,0,0,1,-1,-1,-1,0,0,1834,-1,-1,-1,-1,-1,-1,2,1,0,0,0,1,3,0,16,5,8,41.89326298,-87.62195878
0,376161,-1,30,0,0,0,1,10,7,-1,0,0,0,0,-1,-1,1,20,0,1034,-1,-1,-1,-1,-1,-1,2,0,0,0,0,0,2,0,16,5,8,41.85186827,-87.69007512
0,376223,-1,30,1,2,0,1,10,2,-1,0,0,0,0,-1,-1,1,0,-1,1423,-1,-1,-1,-1,-1,-1,2,0,0,0,0,0,2,0,15,5,8,41.90320547,-87.70208042
0,376217,-1,30,1,0,0,1,0,3,8,0,0,0,0,1,-1,-1,17,0,225,-1,-1,-1,-1,-1,-1,2,0,0,0,0,0,2,0,15,5,8,41.79420061,-87.62538927
0,376165,-1,30,0,0,0,1,12,5,2,0,-1,-1,0,-1,-1,-1,0,0,1712,-1,-1,-1,-1,-1,-1,2,0,0,0,0,0,5,0,15,5,8,41.97150812,-87.72826983
0,376135,-1,35,1,-1,0,1,10,2,-1,0,0,0,0,-1,-1,-1,-1,-1,524,-1,-1,-1,-1,-1,-1,2,0,0,0,0,0,2,0,15,5,8,41.68502626,-87.64229737
0,376228,-1,30,0,0,0,1,10,3,4,0,0,0,0,-1,-1,-1,18,-1,1232,-1,-1,-1,-1,-1,-1,2,0,0,0,0,0,2,0,15,5,8,41.86714939,-87.65404495
0,376134,-1,30,0,0,0,1,14,2,-1,0,0,0,1,1,-1,1,17,-1,813,-1,-1,-1,-1,-1,-1,2,0,0,0,0,0,2,0,15,5,8,41.77822461,-87.7472063
0,376137,-1,30,2,2,0,1,10,2,2,0,0,0,0,1,-1,-1,16,0,613,-1,-1,-1,-1,-1,-1,2,0,0,0,0,0,2,0,15,5,8,41.74315756,-87.65125902
0,376145,-1,30,1,2,0,1,12,6,-1,0,0,0,0,-1,-1,-1,21,-1,123,-1,-1,-1,-1,-1,-1,2,0,0,0,0,0,2,0,15,5,8,41.8756261,-87.62587904
0,376122,-1,30,-1,-1,0,1,10,5,4,0,0,-1,0,-1,-1,-1,18,-1,2535,-1,-1,-1,-1,-1,-1,2,0,0,0,0,0,2,0,15,5,8,41.91009811,-87.71716587
0,376195,1,30,1,2,0,1,14,5,2,0,0,0,1,1,-1,1,25,15,913,-1,-1,-1,-1,-1,-1,2,0,0,0,0,0,2,0,15,5,8,41.8452854,-87.64659508
0,376230,-1,30,0,0,0,1,7,6,1,0,0,0,0,-1,-1,1,0,0,2013,-1,-1,-1,-1,-1,-1,2,0,0,0,0,0,1,0,15,5,8,41.98611488,-87.66244387
0,399836,-1,10,0,0,0,1,7,7,-1,0,0,0,0,-1,-1,1,20,-1,1834,-1,-1,-1,-1,-1,-1,2,0,0,0,0,0,1,0,15,5,8,41.88989699,-87.62429036
1,376167,-1,30,0,0,0,1,10,5,2,0,-1,-1,1,-1,-1,-1,8,18,2031,-1,-1,-1,-1,-1,-1,2,1,0,0,0,1,1,0,15,5,8,41.97269889,-87.69103002
0,376114,-1,25,0,0,0,1,12,3,3,0,0,0,0,-1,-1,1,18,-1,123,-1,-1,-1,-1,-1,-1,2,0,0,0,0,0,2,0,15,5,8,41.87294742,-87.6243417
0,383704,-1,15,0,0,0,1,7,7,-1,0,0,0,0,-1,-1,1,0,-1,1821,-1,-1,-1,-1,-1,-1,2,0,0,0,0,0,1,0,15,5,8,41.90469774,-87.64107458
2,377172,-1,30,2,2,0,1,8,5,4,0,0,0,1,1,-1,-1,0,0,123,-1,-1,-1,-1,-1,-1,2,1,0,0,1,0,2,0,15,5,8,41.87460047,-87.62853943
0,376983,-1,30,1,2,0,1,12,2,2,0,0,0,0,-1,-1,-1,0,0,1233,-1,-1,-1,-1,-1,-1,2,0,0,0,0,0,2,0,15,5,8,41.86648248,-87.66652986
0,376178,-1,30,-1,-1,0,1,7,5,2,0,0,0,0,-1,-1,-1,-1,-1,1113,-1,-1,-1,-1,-1,-1,2,0,0,0,0,0,1,0,15,5,8,41.88181525,-87.73999551
0,376091,-1,30,0,0,0,1,14,6,1,0,0,0,0,-1,-1,-1,17,-1,1732,-1,-1,-1,-1,-1,-1,2,0,0,0,0,0,2,0,15,5,8,41.95322479,-87.71519765
2,376427,-1,30,1,2,0,1,8,5,-1,0,0,0,1,1,-1,-1,0,0,1811,-1,-1,1,-1,-1,-1,2,1,0,0,1,0,1,0,15,5,8,41.92182615,-87.65363816
0,376265,-1,30,2,2,0,1,0,2,2,0,0,0,0,-1,-1,-1,0,-1,1811,-1,-1,-1,-1,-1,-1,2,0,0,0,0,0,2,0,15,5,8,41.9216946,-87.66756127
0,376109,-1,30,-1,-1,0,1,10,3,6,0,0,0,0,-1,-1,-1,18,-1,815,-1,-1,-1,-1,-1,-1,2,0,0,0,0,0,2,0,15,5,8,41.8035997,-87.74290198
0,376469,-1,30,0,0,0,1,10,5,4,0,0,0,0,-1,-1,-1,18,-1,1621,-1,-1,-1,-1,-1,-1,2,0,0,0,0,0,2,0,15,5,8,41.99205293,-87.75518891
0,376272,-1,30,2,12,0,1,10,2,2,0,0,0,0,1,-1,-1,18,0,1613,-1,-1,-1,-1,-1,-1,2,0,0,0,0,0,2,0,15,5,8,41.97823862,-87.80714541
0,376056,-1,30,1,2,0,1,10,5,2,0,0,0,0,-1,-1,-1,18,-1,1235,-1,-1,-1,-1,-1,-1,2,0,0,0,0,0,3,0,15,5,8,41.8599567,-87.63915859
0,377415,-1,30,0,0,0,1,10,5,-1,0,0,-1,0,-1,-1,-1,18,18,1224,-1,-1,-1,-1,-1,-1,2,0,0,0,0,0,2,0,15,5,8,41.88325418,-87.64754033
0,376143,-1,30,0,0,0,1,7,7,-1,0,0,0,0,-1,1,-1,0,0,1232,-1,-1,-1,-1,-1,-1,2,0,0,0,0,0,1,0,15,5,8,41.87795488,-87.65361628
0,376058,-1,30,0,0,0,1,7,2,-1,0,0,0,0,-1,-1,-1,17,-1,825,-1,-1,-1,-1,-1,-1,2,0,0,0,0,0,2,0,15,5,8,41.78563344,-87.68366393
0,378232,-1,15,0,0,0,1,14,7,-1,0,0,0,0,-1,1,1,18,0,831,-1,-1,-1,-1,-1,-1,2,0,0,0,0,0,2,0,15,5,8,41.76992924,-87.69084134
0,376627,-1,30,0,-1,0,1,10,5,-1,0,0,0,0,-1,-1,-1,18,-1,2524,-1,-1,-1,-1,-1,-1,2,0,0,0,0,0,2,0,15,5,8,41.92460587,-87.72570055
0,376361,-1,30,0,0,0,1,7,5,4,0,0,0,0,-1,-1,1,0,0,212,-1,-1,-1,-1,-1,-1,2,0,0,0,0,0,1,0,15,5,8,41.82972863,-87.62225566
0,376071,-1,0,0,0,0,1,7,7,0,0,0,0,0,-1,-1,-1,0,0,912,-1,-1,-1,-1,-1,-1,2,0,0,0,0,0,2,0,15,5,8,41.83040813,-87.66571276
2,376080,-1,30,0,0,0,1,10,5,-1,0,0,0,1,-1,-1,-1,16,-1,911,-1,-1,-1,-1,-1,-1,2,2,0,0,2,0,0,0,14,5,8,41.82449744,-87.68705195
0,376051,-1,30,12,12,0,1,7,6,1,0,0,0,1,-1,-1,-1,20,20,921,-1,-1,-1,-1,-1,-1,2,0,0,0,0,0,6,0,14,5,8,41.81893657,-87.70127179
2,376048,-1,10,0,0,0,1,9,7,-1,0,0,0,1,-1,-1,1,17,15,634,-1,-1,-1,-1,-1,-1,2,1,0,0,1,0,2,0,14,5,8,41.73259014,-87.62548578
0,376052,-1,30,2,0,0,1,0,5,-1,0,0,0,0,-1,-1,-1,0,-1,222,-1,-1,-1,-1,-1,-1,2,0,0,0,0,0,2,0,14,5,8,41.80950288,-87.59938481
0,376086,-1,30,-1,-1,0,1,14,-1,-1,0,-1,-1,0,1,-1,-1,17,-1,1214,-1,-1,-1,-1,-1,-1,2,0,0,0,0,0,2,0,14,5,8,41.89579624,-87.6549536
0,376078,-1,30,0,-1,0,1,7,7,-1,0,0,0,0,-1,1,-1,0,-1,735,-1,-1,-1,-1,-1,-1,2,0,0,0,0,0,1,0,14,5,8,41.75805878,-87.66375989
0,377163,-1,30,0,0,0,1,7,6,1,0,0,0,0,-1,-1,-1,0,0,1834,-1,-1,-1,-1,-1,-1,2,0,0,0,0,0,1,0,14,5,8,41.89539274,-87.62562142
0,377031,-1,30,0,0,0,1,7,6,-1,0,0,-1,0,-1,-1,1,0,-1,611,-1,-1,-1,-1,-1,-1,2,0,0,0,0,0,1,0,14,5,8,41.75188225,-87.66605213
0,376422,-1,30,0,0,0,1,12,5,-1,0,0,0,0,-1,-1,1,0,0,124,-1,-1,-1,-1,-1,-1,2,0,0,0,0,0,2,0,14,5,8,41.86829498,-87.64090202
0,376283,-1,0,1,-1,0,1,10,5,-1,0,0,0,0,1,-1,-1,0,-1,1114,-1,-1,-1,-1,-1,-1,2,0,0,0,0,0,2,0,14,5,8,41.88585843,-87.73083745
2,376187,-1,30,1,-1,0,1,11,2,4,0,0,0,1,-1,-1,-1,0,-1,1411,-1,-1,-1,-1,-1,-1,2,1,0,0,1,0,2,0,14,5,8,41.93221699,-87.68803328
0,376182,-1,30,0,0,0,1,12,3,3,0,0,0,0,-1,-1,-1,18,-1,114,-1,-1,-1,-1,-1,-1,2,0,0,0,0,0,4,0,14,5,8,41.88147142,-87.62420041
0,376069,-1,30,0,0,0,1,10,4,-1,0,0,-1,0,-1,1,-1,20,-1,1711,-1,-1,-1,-1,-1,-1,2,0,0,0,0,0,3,0,14,5,8,41.99025485,-87.71076324
0,376025,-1,30,0,0,0,1,10,3,4,0,0,0,1,-1,-1,-1,16,18,411,-1,-1,-1,-1,-1,-1,3,0,0,0,0,0,3,0,14,5,8,41.75406472,-87.5862428
0,376020,-1,30,0,0,0,1,10,2,4,0,0,0,0,-1,-1,-1,16,18,2513,-1,-1,-1,-1,-1,-1,2,0,0,0,0,0,5,0,14,5,8,41.90931508,-87.77948527
0,376018,-1,30,1,2,0,1,10,5,-1,0,0,0,0,1,-1,1,0,0,1831,-1,-1,-1,-1,-1,-1,2,0,0,0,0,0,2,0,14,5,8,41.89650311,-87.63702357
0,376005,-1,30,0,0,0,1,7,5,-1,0,0,0,0,-1,-1,1,0,-1,1225,-1,-1,-1,-1,-1,-1,2,0,0,0,0,0,1,0,14,5,8,41.86780796,-87.68045332
0,375993,-1,30,0,0,0,1,12,3,-1,0,0,0,0,-1,-1,-1,0,-1,1912,-1,-1,-1,-1,-1,-1,2,0,0,0,0,0,2,0,14,5,8,41.96588676,-87.6695112
0,376485,-1,30,1,-1,-1,-1,10,5,-1,0,-1,-1,0,-1,-1,-1,18,-1,114,-1,-1,-1,-1,-1,-1,2,0,0,0,0,0,2,0,14,5,8,41.88766406,-87.62048728
0,376193,-1,30,0,0,0,1,7,5,-1,0,0,0,0,-1,-1,-1,-1,-1,314,-1,-1,-1,-1,-1,-1,2,0,0,0,0,0,1,0,14,5,8,41.7805254,-87.586603
0,376276,-1,35,2,0,0,1,7,5,-1,0,0,0,0,-1,-1,-1,13,0,1713,-1,-1,-1,-1,-1,-1,2,0,0,0,0,0,1,0,14,5,8,41.96835658,-87.70710948
0,375991,-1,30,3,2,0,1,12,5,2,0,0,0,0,-1,-1,-1,22,22,1022,-1,-1,-1,-1,-1,-1,2,0,0,0,0,0,5,0,14,5,8,41.86124354,-87.69589957
0,375983,-1,30,1,2,0,1,10,5,2,0,0,0,0,-1,-1,-1,16,18,131,-1,-1,-1,-1,-1,-1,2,0,0,0,0,0,2,0,14,5,8,41.86570039,-87.62425958
0,375965,-1,30,-1,-1,0,1,12,5,6,0,0,0,0,-1,-1,-1,-1,-1,813,-1,-1,-1,-1,-1,-1,2,0,0,0,0,0,2,0,14,5,8,41.77486638,-87.74231747
0,376177,-1,30,0,0,0,1,7,5,2,0,0,0,0,-1,-1,-1,25,-1,122,-1,-1,-1,-1,-1,-1,2,0,0,0,0,0,2,0,14,5,8,41.87821296,-87.63527874
2,375952,-1,30,0,0,0,1,8,5,2,0,0,0,1,-1,-1,-1,13,0,713,-1,-1,-1,-1,-1,-1,2,1,0,0,1,0,1,0,14,5,8,41.78745248,-87.65484507
0,377336,-1,15,0,0,0,1,7,2,-1,0,0,0,0,-1,-1,1,-1,-1,1623,-1,-1,-1,-1,-1,-1,2,0,0,0,0,0,1,0,14,5,8,41.97528766,-87.76196734
0,376477,-1,30,0,0,0,1,7,7,-1,0,0,0,0,-1,-1,-1,22,22,711,-1,-1,-1,-1,-1,-1,2,0,0,0,0,0,1,0,14,5,8,41.78052868,-87.64248102
0,376201,-1,30,1,2,0,1,14,5,4,0,0,0,0,1,-1,-1,17,0,234,-1,-1,-1,-1,-1,-1,2,0,0,0,0,0,2,0,14,5,8,41.80237973,-87.58797941
0,376027,-1,25,1,2,0,1,12,5,4,0,0,0,0,-1,-1,-1,22,0,2533,-1,-1,-1,-1,-1,-1,2,0,0,0,0,0,2,0,14,5,8,41.90239626,-87.74612612
0,376014,-1,30,0,0,0,1,10,5,-1,0,0,0,0,-1,-1,1,18,7,1422,-1,-1,-1,-1,-1,-1,2,0,0,0,0,0,2,0,14,5,8,41.91724978,-87.71035571
2,376013,-1,30,1,2,0,1,14,5,2,0,0,0,1,1,-1,-1,17,-1,1432,-1,-1,-1,-1,-1,-1,2,1,0,0,1,0,2,0,14,5,8,41.92899969,-87.68702434
0,375962,-1,30,1,2,0,1,14,5,-1,0,0,0,0,1,-1,-1,0,-1,1533,-1,-1,-1,-1,-1,-1,2,0,0,0,0,0,2,0,14,5,8,41.87128905,-87.74500147
1,375974,-1,30,1,2,0,1,10,2,4,0,0,0,1,1,-1,-1,18,11,124,-1,-1,-1,-1,-1,-1,2,2,0,0,0,2,2,0,13,5,8,41.86731219,-87.64343422
0,375988,-1,30,1,2,0,1,14,2,-1,0,0,0,1,1,-1,1,21,-1,831,-1,-1,-1,-1,-1,-1,2,0,0,0,0,0,3,0,13,5,8,41.7644469,-87.69317372
0,376006,-1,30,-1,-1,0,1,10,5,4,0,-1,-1,0,-1,-1,-1,0,0,1711,-1,-1,-1,-1,-1,-1,2,0,0,0,0,0,2,0,13,5,8,41.98999904,-87.73080373
0,375964,-1,30,0,0,0,1,12,5,-1,0,0,0,0,-1,-1,1,0,0,1013,-1,-1,-1,-1,-1,-1,2,0,0,0,0,0,2,0,13,5,8,41.8443846,-87.72290644
0,376023,-1,30,1,2,0,1,10,2,4,0,0,0,0,-1,-1,-1,18,0,1234,-1,-1,-1,-1,-1,-1,3,0,0,0,0,0,3,0,13,5,8,41.85420467,-87.66619796
0,375942,-1,30,1,2,0,1,0,5,2,0,0,0,1,1,-1,-1,6,0,323,-1,-1,-1,-1,-1,-1,2,0,0,0,0,0,6,0,13,5,8,41.7581966,-87.62490501
0,382796,-1,30,0,0,0,1,7,7,0,0,0,0,0,-1,1,-1,0,-1,2033,0,-1,-1,-1,-1,-1,2,0,0,0,0,0,1,0,13,5,8,41.97114659,-87.65987462
0,378953,-1,30,1,2,0,1,14,12,-1,0,0,0,0,-1,-1,1,17,-1,123,-1,-1,-1,-1,-1,-1,2,0,0,0,0,0,2,0,13,5,8,41.87525983,-87.62439667
0,377089,-1,30,0,0,0,1,7,5,2,0,0,-1,0,-1,-1,1,0,0,2222,-1,-1,-1,-1,-1,-1,2,0,0,0,0,0,1,0,13,5,8,41.72930263,-87.65299992
0,375953,-1,30,1,2,0,1,12,6,3,0,0,12,0,1,-1,-1,17,0,925,-1,-1,-1,-1,-1,-1,2,0,0,0,0,0,2,0,13,5,8,-1,-1
0,376059,-1,10,0,0,0,1,7,0,-1,0,-1,-1,0,-1,-1,-1,22,22,1925,-1,-1,-1,-1,-1,-1,2,0,0,0,0,0,1,0,13,5,8,41.94861474,-87.64819879
1,375957,-1,30,0,0,0,1,14,5,4,0,0,0,1,1,-1,1,22,23,2012,-1,-1,-1,-1,-1,-1,2,1,0,0,0,1,2,0,13,5,8,41.99040701,-87.68857448
2,376035,-1,30,0,0,0,1,0,7,0,0,0,0,1,-1,-1,1,20,-1,621,-1,-1,-1,-1,-1,-1,3,1,0,0,1,0,2,0,13,5,8,41.75061951,-87.6344093
0,376442,-1,30,0,0,0,1,12,3,2,0,0,0,0,-1,-1,-1,22,-1,111,-1,-1,-1,-1,-1,-1,2,0,0,0,0,0,3,0,13,5,8,41.88627987,-87.62467395
0,375944,-1,30,1,2,0,1,0,12,2,0,0,0,0,-1,-1,-1,20,-1,122,-1,-1,-1,-1,-1,-1,2,0,0,0,0,0,3,0,13,5,8,41.87813524,-87.63505758
0,375954,-1,30,0,0,0,1,0,7,-1,0,0,0,0,-1,0,-1,20,17,822,-1,-1,-1,-1,-1,-1,2,0,0,0,0,0,2,0,13,5,8,41.79937143,-87.72319206
0,375899,-1,25,0,0,0,1,14,5,2,0,0,0,0,-1,-1,-1,22,-1,1633,-1,-1,-1,-1,-1,-1,2,0,0,0,0,0,2,0,13,5,8,41.93959651,-87.7666563
0,377189,-1,30,0,0,0,0,7,5,-1,0,0,0,0,-1,-1,1,0,0,2424,-1,-1,-1,-1,-1,-1,2,0,0,0,0,0,1,0,13,5,8,42.01707199,-87.68314534
0,377074,-1,30,0,0,0,0,7,5,-1,0,0,0,0,-1,-1,1,0,0,2432,-1,-1,-1,-1,-1,-1,2,0,0,0,0,0,1,0,13,5,8,42.00499713,-87.67073046
2,376159,-1,30,0,0,0,1,9,5,2,0,0,-1,1,-1,-1,-1,0,-1,1214,-1,-1,-1,1,2,-1,2,1,0,0,1,0,1,0,13,5,8,41.88601933,-87.64879883
0,376011,-1,30,0,0,0,1,7,5,-1,0,0,0,0,-1,-1,1,0,-1,131,-1,-1,-1,-1,-1,-1,3,0,0,0,0,0,1,0,13,5,8,41.84921077,-87.62526793
0,375969,-1,30,0,0,0,1,12,5,-1,0,0,0,0,1,-1,-1,0,22,921,-1,-1,-1,-1,-1,-1,2,0,0,0,0,0,2,0,13,5,8,41.81949349,-87.69520117
0,375940,-1,30,0,0,0,1,10,5,-1,0,0,0,0,-1,-1,-1,18,18,1631,-1,-1,-1,-1,-1,-1,2,0,0,0,0,0,2,0,13,5,8,41.94057886,-87.83635355
0,375929,-1,15,0,0,0,1,2,7,-1,0,0,0,0,-1,1,-1,20,20,814,-1,-1,-1,-1,-1,-1,1,0,0,0,0,0,1,0,13,5,8,41.80822182,-87.74330981
0,375894,-1,30,0,0,0,1,14,2,2,0,0,0,0,-1,-1,-1,17,-1,1722,-1,-1,-1,-1,-1,-1,2,0,0,0,0,0,2,0,13,5,8,41.96660997,-87.73773555
0,375892,-1,25,0,0,0,1,12,3,2,0,0,0,0,-1,-1,-1,21,-1,914,-1,-1,-1,-1,-1,-1,2,0,0,0,0,0,2,0,13,5,8,41.85287586,-87.64041681
0,375880,-1,30,1,2,0,1,10,2,4,0,0,0,0,1,-1,-1,18,-1,2423,-1,-1,-1,-1,-1,-1,2,0,0,0,0,0,2,0,13,5,8,42.01273129,-87.6632462
0,375968,-1,25,0,0,0,1,10,5,-1,0,0,-1,0,-1,-1,-1,0,0,511,-1,-1,-1,-1,-1,-1,2,0,0,0,0,0,2,0,12,5,8,41.70732288,-87.62031857
0,375997,-1,30,0,0,0,1,7,7,-1,0,0,0,0,-1,-1,-1,0,-1,1023,-1,-1,-1,-1,-1,-1,2,0,0,0,0,0,1,0,12,5,8,41.86251967,-87.69564453
0,375858,-1,30,0,0,0,1,7,6,-1,0,0,0,0,-1,-1,1,20,0,612,-1,-1,-1,-1,-1,-1,2,0,0,0,0,0,1,0,12,5,8,41.74874909,-87.6608258
0,375852,-1,30,12,12,0,1,12,2,4,0,0,0,0,-1,-1,-1,22,17,1622,-1,-1,-1,-1,-1,-1,2,0,0,0,0,0,2,0,12,5,8,41.98429319,-87.76846078
0,375843,-1,30,0,0,0,1,10,5,-1,0,0,0,1,-1,-1,1,17,-1,1112,-1,-1,-1,-1,-1,-1,2,0,0,0,0,0,2,0,12,5,8,41.89546215,-87.72593681
0,376131,-1,30,1,2,0,1,12,5,2,0,0,0,0,-1,-1,-1,22,-1,124,-1,-1,-1,-1,-1,-1,2,0,0,0,0,0,3,0,12,5,8,41.87451601,-87.6395015
0,375980,-1,30,0,0,0,1,12,2,2,0,0,0,0,-1,-1,-1,17,0,2212,-1,-1,-1,-1,-1,-1,2,0,0,0,0,0,2,0,12,5,8,41.69663774,-87.68116425
0,375937,1,10,0,0,0,1,7,7,-1,0,0,0,0,-1,1,1,0,0,234,-1,-1,-1,-1,-1,-1,2,0,0,0,0,0,1,0,12,5,8,41.79794926,-87.58710102
0,375930,-1,30,0,0,0,1,10,6,-1,0,0,0,0,-1,-1,1,0,0,1225,-1,-1,-1,-1,-1,-1,2,0,0,0,0,0,2,0,12,5,8,41.87490885,-87.67676856
0,375884,-1,30,0,0,0,1,10,7,-1,0,0,0,0,-1,1,-1,0,0,1234,-1,-1,-1,-1,-1,-1,2,0,0,0,0,0,2,0,12,5,8,41.85214207,-87.68551826
0,375854,-1,30,1,2,0,1,10,3,6,0,0,0,0,-1,-1,-1,0,-1,225,-1,-1,-1,-1,-1,-1,2,0,0,0,0,0,2,0,12,5,8,41.7947522,-87.62561859