MOST_SEVERE_INJURY,RD_NO,CRASH_DATE_EST_I,POSTED_SPEED_LIMIT,TRAFFIC_CONTROL_DEVICE,DEVICE_CONDITION,WEATHER_CONDITION,LIGHTING_CONDITION,FIRST_CRASH_TYPE,TRAFFICWAY_TYPE,LANE_CNT,ALIGNMENT,ROADWAY_SURFACE_COND,ROAD_DEFECT,CRASH_TYPE,INTERSECTION_RELATED_I,NOT_RIGHT_OF_WAY_I,HIT_AND_RUN_I,PRIM_CONTRIBUTORY_CAUSE,SEC_CONTRIBUTORY_CAUSE,BEAT_OF_OCCURRENCE,PHOTOS_TAKEN_I,STATEMENTS_TAKEN_I,DOORING_I,WORK_ZONE_I,WORK_ZONE_TYPE,WORKERS_PRESENT_I,NUM_UNITS,INJURIES_TOTAL,INJURIES_FATAL,INJURIES_INCAPACITATING,INJURIES_NON_INCAPACITATING,INJURIES_REPORTED_NOT_EVIDENT,INJURIES_NO_INDICATION,INJURIES_UNKNOWN,CRASH_HOUR,CRASH_DAY_OF_WEEK,CRASH_MONTH,LATITUDE,LONGITUDE
0,375848,-1,30,0,0,0,1,12,2,4,0,0,0,0,-1,-1,-1,17,21,811,-1,-1,-1,-1,-1,-1,2,0,0,0,0,0,2,0,12,5,8,41.79197451,-87.79537761
0,375982,-1,30,0,0,0,1,7,2,4,0,0,0,0,-1,-1,1,0,0,2522,-1,-1,-1,-1,-1,-1,2,0,0,0,0,0,1,0,12,5,8,41.92415704,-87.74407948
0,375878,0,30,0,0,0,1,7,6,2,0,0,0,0,-1,-1,-1,0,0,1211,-1,-1,-1,-1,-1,-1,2,0,0,0,0,0,1,0,12,5,8,41.90102727,-87.69340484
0,376205,-1,30,1,2,0,1,10,5,-1,0,0,0,0,-1,-1,-1,0,-1,1225,-1,-1,-1,-1,-1,-1,2,0,0,0,0,0,2,0,12,5,8,41.87619179,-87.67638033
0,375835,-1,30,1,2,0,1,12,2,4,0,0,0,0,-1,-1,-1,16,16,1622,-1,-1,-1,-1,-1,-1,2,0,0,0,0,0,2,0,12,5,8,41.9850309,-87.7875516
0,413542,-1,30,0,0,0,0,7,6,-1,0,0,0,0,-1,-1,1,0,-1,624,-1,-1,-1,-1,-1,-1,2,0,0,0,0,0,1,0,12,5,8,41.7505236,-87.61112449
0,377316,-1,35,0,0,0,1,0,5,4,0,0,0,0,-1,-1,-1,17,-1,1934,-1,-1,-1,-1,-1,-1,2,0,0,0,0,0,2,0,12,5,8,41.93569153,-87.64906521
0,375838,-1,30,2,12,0,1,8,5,2,2,0,0,0,0,-1,-1,0,0,322,-1,-1,-1,-1,-1,-1,2,0,0,0,0,0,2,0,12,5,8,41.76936174,-87.61354934
0,375830,-1,30,2,0,0,1,0,12,0,0,0,0,1,-1,-1,-1,33,5,1224,-1,-1,-1,-1,-1,-1,2,0,0,0,0,0,3,0,12,5,8,41.88184639,-87.64976002
0,387489,-1,30,0,0,0,1,2,7,-1,0,0,0,0,-1,-1,-1,0,-1,214,-1,-1,-1,-1,-1,-1,1,0,0,0,0,0,1,0,12,5,8,41.81922851,-87.61645178
0,377495,-1,30,0,0,0,1,7,6,-1,0,-1,0,0,-1,-1,1,0,-1,2422,-1,-1,-1,-1,-1,-1,2,0,0,0,0,0,1,0,12,5,8,42.01886997,-87.6642909
2,375812,-1,30,1,2,0,1,3,3,-1,0,0,0,1,-1,-1,-1,16,-1,1233,-1,-1,-1,-1,-1,-1,3,1,0,0,1,0,1,0,12,5,8,41.86532044,-87.68552476
0,375802,-1,30,0,0,0,1,11,5,2,0,0,0,0,-1,-1,-1,17,0,915,-1,-1,-1,-1,-1,-1,2,0,0,0,0,0,2,0,12,5,8,41.83533647,-87.64606524
0,375793,-1,30,1,2,0,1,14,5,-1,0,0,0,0,1,-1,-1,17,14,821,-1,-1,-1,-1,-1,-1,2,0,0,0,0,0,2,0,11,5,8,41.81525682,-87.72371734
0,375856,-1,30,0,0,0,1,7,5,-1,0,0,0,0,-1,-1,-1,33,-1,1935,-1,-1,-1,-1,-1,-1,2,0,0,0,0,0,2,0,11,5,8,41.93266601,-87.64618727
0,375823,-1,30,1,2,0,1,3,5,-1,0,0,0,0,1,-1,-1,20,20,1634,-1,-1,-1,-1,-1,-1,2,0,0,0,0,0,3,0,11,5,8,41.95318685,-87.75726574
0,375779,-1,30,1,2,0,1,7,5,-1,0,0,0,0,-1,-1,1,0,0,1135,-1,-1,-1,-1,-1,-1,2,0,0,0,0,0,1,0,11,5,8,41.87371452,-87.69283154
0,375872,-1,0,0,0,0,1,12,6,1,0,0,0,0,-1,-1,-1,17,0,1935,-1,-1,-1,-1,-1,-1,2,0,0,0,0,0,2,0,11,5,8,41.92567488,-87.6461941
0,375791,-1,30,1,2,0,1,10,5,2,0,0,0,0,1,1,1,18,-1,1733,-1,-1,-1,-1,-1,-1,2,0,0,0,0,0,2,0,11,5,8,41.94651456,-87.70868821
0,375784,-1,30,2,2,0,1,10,5,-1,0,0,0,0,-1,-1,-1,18,-1,1231,-1,-1,-1,-1,-1,-1,2,0,0,0,0,0,2,0,11,5,8,41.86832174,-87.67150494
1,375775,-1,30,0,0,0,1,14,3,-1,0,0,0,1,1,-1,-1,17,-1,2223,-1,-1,-1,-1,-1,-1,2,2,0,0,0,2,1,0,11,5,8,41.72148181,-87.63355138
0,375753,-1,30,0,0,0,1,7,6,1,0,0,0,0,-1,-1,-1,11,0,331,-1,-1,-1,-1,-1,-1,2,0,0,0,0,0,1,0,11,5,8,41.76726042,-87.56741135
2,386298,-1,35,1,2,0,1,0,5,4,0,0,0,1,1,-1,1,6,15,411,-1,-1,-1,-1,-1,-1,2,1,0,0,1,0,1,0,11,5,8,41.75161152,-87.58559228
0,375780,-1,10,0,0,0,1,7,7,1,0,0,0,0,-1,1,-1,0,-1,234,-1,-1,-1,-1,-1,-1,2,0,0,0,0,0,2,0,11,5,8,41.79530124,-87.5882259
2,375735,-1,25,2,12,0,1,8,6,1,0,0,0,1,-1,-1,1,0,0,632,-1,-1,-1,-1,-1,-1,2,1,0,0,1,0,1,0,11,5,8,41.73813846,-87.6211827
2,379127,-1,30,0,0,0,1,9,2,2,0,0,0,1,-1,-1,1,0,0,1524,-1,-1,-1,-1,-1,-1,2,1,0,0,1,0,1,0,11,5,8,41.89479437,-87.7590019
0,375926,-1,30,1,2,0,1,12,3,-1,0,0,0,0,1,-1,1,23,0,225,-1,-1,-1,-1,-1,-1,2,0,0,0,0,0,2,0,11,5,8,41.79429549,-87.62260299
0,395915,-1,5,0,0,0,3,7,7,1,2,0,0,0,-1,-1,1,11,-1,1935,-1,-1,-1,-1,-1,-1,2,0,0,0,0,0,1,0,11,5,8,41.92568726,-87.64095824
0,386626,-1,30,1,3,0,1,10,2,-1,0,0,0,0,-1,-1,-1,20,11,1914,-1,-1,-1,-1,-1,-1,2,0,0,0,0,0,2,0,11,5,8,41.96191802,-87.65245037
0,377144,-1,25,1,2,0,1,12,5,-1,0,0,0,0,-1,-1,-1,17,22,2512,-1,-1,-1,-1,-1,-1,2,0,0,0,0,0,2,0,11,5,8,41.92317975,-87.78798509
0,375734,-1,30,0,0,0,1,12,5,2,0,0,0,0,-1,-1,-1,0,0,1023,-1,-1,-1,-1,-1,-1,2,0,0,0,0,0,3,0,11,5,8,41.86175504,-87.69485593
0,375733,-1,25,2,2,0,1,7,12,-1,0,0,0,0,-1,-1,-1,11,0,131,-1,-1,-1,-1,-1,-1,2,0,0,0,0,0,1,0,11,5,8,41.86008365,-87.62892971
2,375718,-1,30,1,2,0,1,10,5,2,0,0,0,1,1,-1,-1,18,0,1622,-1,-1,-1,-1,-1,-1,2,2,0,0,2,0,3,0,10,5,8,41.97047586,-87.76767299
0,375716,-1,15,0,0,0,1,7,5,2,0,0,0,0,-1,1,-1,22,11,1911,-1,-1,-1,-1,-1,-1,2,0,0,0,0,0,1,0,10,5,8,41.9611941,-87.68996697
0,375777,-1,30,0,0,0,2,10,6,1,0,0,0,0,-1,-1,-1,18,18,1235,-1,-1,-1,-1,-1,-1,2,0,0,0,0,0,2,0,10,5,8,41.85748268,-87.64365194
0,375698,-1,30,1,2,0,1,12,5,2,0,0,0,0,1,-1,-1,0,-1,1134,-1,-1,-1,-1,-1,-1,2,0,0,0,0,0,2,0,10,5,8,41.87363915,-87.70606189
0,375717,-1,25,0,0,0,1,7,5,2,0,0,0,0,-1,-1,-1,25,0,533,-1,0,-1,-1,-1,-1,2,0,0,0,0,0,1,0,10,5,8,41.65722841,-87.60770991
0,375732,-1,15,0,0,0,1,7,7,-1,0,0,0,0,-1,-1,1,0,0,1432,-1,-1,-1,-1,-1,-1,2,0,0,0,0,0,1,0,10,5,8,41.93126646,-87.68627205
2,375675,-1,30,2,2,0,1,0,5,-1,0,0,0,1,1,-1,1,5,14,933,-1,-1,-1,-1,-1,-1,2,2,0,0,2,0,3,0,10,5,8,41.80675308,-87.6602021
0,375691,-1,30,0,0,0,1,14,2,-1,0,0,0,0,1,-1,-1,21,-1,1834,-1,-1,-1,-1,-1,-1,2,0,0,0,0,0,4,0,10,5,8,41.89163273,-87.62792204
-1,378145,-1,25,0,0,0,1,10,5,2,0,0,0,0,-1,-1,-1,18,0,914,-1,-1,-1,-1,-1,-1,-1,-1,-1,-1,-1,-1,-1,-1,10,5,8,41.85207667,-87.63184942
0,375864,-1,35,0,0,0,3,7,6,-1,0,0,0,0,-1,-1,1,0,-1,813,-1,-1,-1,-1,-1,-1,2,0,0,0,0,0,1,0,10,5,8,41.7797358,-87.73514971
0,375738,-1,30,1,2,0,1,14,3,-1,0,0,-1,0,1,-1,-1,21,22,911,-1,-1,-1,-1,-1,-1,2,0,0,0,0,0,2,0,10,5,8,41.83002728,-87.69493784
0,375700,1,30,1,2,0,1,14,5,4,0,0,0,0,1,-1,-1,17,21,121,-1,-1,-1,-1,-1,-1,2,0,0,0,0,0,2,0,10,5,8,41.88559502,-87.64311148
0,375682,-1,35,0,0,0,1,12,5,-1,0,0,-1,0,-1,-1,-1,17,-1,1711,-1,-1,-1,-1,-1,-1,2,0,0,0,0,0,2,0,10,5,8,41.98957155,-87.73971453
0,375681,-1,30,0,0,0,1,12,6,-1,0,0,0,0,-1,-1,1,22,22,1831,-1,-1,-1,-1,-1,-1,2,0,0,0,0,0,2,0,10,5,8,41.88896196,-87.63090677
0,375671,-1,30,0,0,0,1,12,12,2,0,0,0,0,-1,-1,-1,11,0,622,-1,-1,-1,-1,-1,-1,2,0,0,0,0,0,2,0,10,5,8,41.73605727,-87.63379276
0,375654,-1,30,1,2,0,1,12,5,-1,0,0,0,0,1,-1,-1,21,16,1623,-1,-1,-1,-1,-1,-1,2,0,0,0,0,0,2,0,10,5,8,41.96807198,-87.75308006
0,375674,-1,15,0,0,-1,-1,7,7,-1,0,-1,12,0,-1,-1,-1,11,11,1432,-1,-1,-1,-1,-1,-1,2,0,0,0,0,0,1,0,10,5,8,41.93126646,-87.68627205
0,375655,-1,30,1,2,0,1,10,5,2,0,0,0,1,1,-1,-1,2,16,323,-1,-1,-1,-1,-1,-1,2,0,0,0,0,0,2,0,10,5,8,41.76235672,-87.60422299
0,375629,-1,30,0,0,0,1,2,5,2,0,0,0,1,-1,1,-1,25,11,423,-1,-1,-1,-1,-1,-1,1,0,0,0,0,0,1,0,10,5,8,41.72616072,-87.56320284
1,376099,-1,30,-1,-1,-1,-1,10,5,2,0,-1,-1,1,-1,-1,-1,0,0,122,-1,-1,-1,-1,-1,-1,2,2,0,0,0,2,1,0,10,5,8,41.88706878,-87.63400796
0,375619,-1,30,2,2,0,1,10,2,-1,0,0,0,0,1,-1,-1,5,16,915,-1,-1,-1,-1,-1,-1,2,0,0,0,0,0,3,0,10,5,8,41.83801237,-87.64033981
0,375638,-1,30,1,1,0,1,14,5,-1,0,0,0,0,1,-1,-1,0,-1,233,-1,-1,-1,-1,-1,-1,2,0,0,0,0,0,2,0,9,5,8,41.78587986,-87.61573124
2,375631,-1,35,1,2,0,1,8,12,4,1,0,0,1,1,-1,1,23,-1,1931,-1,-1,-1,-1,-1,-1,3,2,0,0,2,0,1,0,9,5,8,41.92519897,-87.67285854
2,375623,-1,30,0,0,0,1,11,5,-1,0,0,0,1,-1,-1,-1,21,16,621,-1,-1,-1,-1,-1,-1,2,1,0,0,1,0,2,0,9,5,8,41.75631317,-87.63712325
0,375651,-1,25,2,2,0,1,0,5,2,0,0,0,0,-1,-1,-1,17,23,1612,-1,-1,-1,-1,-1,-1,2,0,0,0,0,0,2,0,9,5,8,41.9981912,-87.81204036
0,375633,-1,30,1,2,0,1,10,6,-1,0,0,-1,0,-1,-1,-1,20,-1,121,-1,-1,-1,-1,-1,-1,2,0,0,0,0,0,3,0,9,5,8,41.88199434,-87.63975869
0,375630,-1,30,0,0,0,1,7,7,-1,0,0,-1,0,-1,-1,-1,0,0,1923,-1,-1,-1,-1,-1,-1,2,0,0,0,0,0,1,0,9,5,8,41.95400551,-87.65438452
0,377117,-1,30,0,0,0,1,10,3,4,0,0,0,0,-1,-1,-1,18,18,111,-1,-1,-1,-1,-1,-1,2,0,0,0,0,0,2,0,9,5,8,41.88668083,-87.62793717
0,375951,-1,30,0,0,0,1,11,5,2,0,-1,-1,0,-1,-1,1,22,22,1432,-1,-1,-1,-1,-1,-1,2,0,0,0,0,0,2,0,9,5,8,41.93210986,-87.68361585
0,375845,1,30,0,0,0,1,7,6,1,0,0,0,0,-1,-1,1,0,-1,1135,-1,-1,-1,-1,-1,-1,2,0,0,0,0,0,1,0,9,5,8,41.87217106,-87.68706408
0,375670,-1,30,12,0,0,1,12,12,-1,0,0,0,0,-1,-1,-1,11,0,122,-1,-1,-1,-1,-1,-1,2,0,0,0,0,0,2,0,9,5,8,41.88668237,-87.63557653
0,375614,-1,30,0,0,0,1,7,6,2,0,0,0,1,-1,-1,-1,7,-1,1222,-1,-1,-1,-1,-1,-1,4,0,0,0,0,0,1,0,9,5,8,41.88182123,-87.70234239
0,384289,-1,40,0,0,0,1,10,2,-1,0,0,0,0,-1,-1,-1,0,0,1234,-1,-1,-1,-1,-1,-1,2,0,0,0,0,0,3,0,9,5,8,41.8546862,-87.6855615
2,375567,-1,30,1,2,0,1,8,5,4,0,0,0,1,1,-1,-1,23,-1,1413,-1,-1,-1,-1,-1,-1,2,1,0,0,1,0,2,0,9,5,8,41.9247696,-87.71216993
0,432476,-1,10,-1,-1,-1,-1,7,5,-1,0,-1,-1,0,-1,-1,0,0,-1,123,-1,-1,-1,-1,-1,-1,2,0,0,0,0,0,1,0,9,5,8,41.87272981,-87.6284991
0,375550,-1,30,1,2,0,1,14,2,2,0,0,0,0,1,-1,-1,17,23,1434,-1,-1,-1,-1,-1,-1,2,0,0,0,0,0,2,0,9,5,8,41.9104368,-87.67776102
0,375857,-1,30,0,0,0,1,7,6,1,0,0,0,0,-1,-1,-1,20,11,2523,-1,-1,-1,-1,-1,-1,2,0,0,0,0,0,1,0,9,5,8,41.93755852,-87.72202851
0,375576,-1,30,1,2,0,1,14,8,-1,2,0,0,0,-1,-1,-1,21,-1,114,-1,-1,-1,-1,-1,-1,2,0,0,0,0,0,2,0,9,5,8,41.88450785,-87.61385687
0,375569,-1,35,12,0,0,1,12,3,-1,0,0,0,0,-1,-1,1,28,0,835,-1,-1,-1,1,-1,-1,2,0,0,0,0,0,2,0,9,5,8,41.74989332,-87.68534607
0,375648,1,30,1,2,0,1,10,5,-1,0,0,0,0,-1,-1,-1,18,0,1831,-1,-1,-1,-1,-1,-1,2,0,0,0,0,0,2,0,8,5,8,41.88914316,-87.63795154
0,375647,-1,30,2,2,0,1,10,5,4,0,0,0,0,1,-1,1,18,11,724,-1,-1,-1,-1,-1,-1,2,0,0,0,0,0,2,0,8,5,8,41.77752005,-87.65915808
0,376646,-1,30,3,2,0,1,12,5,4,0,0,-1,0,-1,-1,-1,21,21,2433,-1,-1,-1,-1,-1,-1,2,0,0,0,0,0,2,0,8,5,8,41.99508891,-87.65539428
0,376367,-1,25,2,2,0,1,10,5,2,0,0,0,0,-1,-1,-1,18,7,1911,-1,-1,-1,-1,-1,-1,2,0,0,0,0,0,2,0,8,5,8,41.96336545,-87.68031827
0,375596,-1,15,0,0,0,1,0,7,-1,0,0,0,0,-1,1,-1,0,-1,1232,-1,-1,-1,-1,-1,-1,2,0,0,0,0,0,2,0,8,5,8,41.86218619,-87.65009952
0,375585,-1,20,0,0,0,1,7,5,-1,0,0,0,0,-1,-1,-1,-1,-1,1932,-1,-1,-1,-1,-1,-1,2,0,0,0,0,0,2,0,8,5,8,41.92893599,-87.66493369
0,375546,-1,20,0,0,0,3,7,5,-1,0,0,0,0,-1,-1,1,0,-1,2033,-1,-1,-1,-1,-1,-1,2,0,0,0,0,0,1,0,8,5,8,41.97155144,-87.66095348
0,375534,-1,30,0,0,0,1,10,2,2,0,0,0,0,-1,-1,-1,0,0,1924,-1,-1,-1,-1,-1,-1,2,0,0,0,0,0,2,0,8,5,8,41.94714187,-87.65350178
1,375556,-1,30,2,2,0,1,0,12,0,0,0,1,1,-1,0,-1,17,0,1224,-1,-1,-1,-1,-1,-1,2,1,0,0,0,1,1,0,8,5,8,41.88323422,-87.64862851
2,375503,-1,25,1,2,0,1,10,5,2,0,0,0,1,-1,-1,-1,0,0,833,-1,-1,-1,-1,-1,-1,2,1,0,0,1,0,1,0,8,5,8,41.77116655,-87.73247175
0,377208,-1,0,-1,-1,0,1,10,5,4,0,0,-1,0,-1,-1,0,22,20,714,-1,-1,-1,-1,-1,-1,2,0,0,0,0,0,2,0,8,5,8,41.78653947,-87.67394993
0,375512,1,10,0,0,0,1,2,7,-1,0,0,0,0,-1,1,-1,11,33,814,-1,-1,-1,-1,-1,-1,1,0,0,0,0,0,1,0,8,5,8,41.8074172,-87.7432947
0,375561,-1,30,1,2,0,1,10,3,4,0,0,0,0,-1,-1,-1,18,18,212,-1,-1,-1,-1,-1,-1,2,0,0,0,0,0,2,0,8,5,8,41.83108657,-87.61746054
0,375559,-1,30,2,2,0,1,12,5,2,0,0,0,0,-1,-1,-1,-1,-1,1214,-1,-1,-1,-1,-1,-1,2,0,0,0,0,0,2,0,8,5,8,41.88712191,-87.65203576
0,375500,-1,30,2,2,0,1,14,5,2,0,0,0,1,1,-1,-1,17,-1,1235,-1,-1,-1,-1,-1,-1,2,0,0,0,0,0,2,0,8,5,8,41.85392279,-87.64667598
2,375523,-1,30,0,0,0,1,8,5,2,0,0,0,1,1,1,-1,33,33,1733,-1,-1,-1,-1,-1,-1,2,1,0,0,1,0,1,0,7,5,8,41.94676039,-87.70429049
0,376197,-1,30,1,2,0,1,10,2,4,0,0,0,0,1,-1,-1,18,-1,2011,-1,-1,-1,-1,-1,-1,2,0,0,0,0,0,2,0,7,5,8,41.99038951,-87.68973064
0,375485,-1,30,0,0,0,1,7,2,2,0,0,0,0,1,-1,-1,22,-1,1834,-1,-1,-1,-1,-1,-1,2,0,0,0,0,0,1,0,7,5,8,41.8918717,-87.62261013
0,375477,-1,30,0,0,0,1,0,5,2,0,0,0,0,-1,-1,-1,17,-1,1623,-1,-1,-1,-1,-1,-1,2,0,0,0,0,0,4,0,7,5,8,41.97391329,-87.75509441
0,375475,-1,40,1,2,0,1,14,5,3,0,0,3,0,1,-1,-1,10,21,1925,-1,-1,-1,-1,-1,-1,2,0,0,0,0,0,2,0,7,5,8,41.94106607,-87.63960226
0,376150,-1,30,1,-1,0,1,14,5,-1,0,0,-1,0,1,-1,0,23,-1,2512,-1,-1,-1,-1,-1,-1,2,0,0,0,0,0,2,0,7,5,8,41.92356866,-87.80272221
0,375599,-1,30,0,0,0,1,7,0,1,0,0,0,0,-1,-1,-1,20,20,114,-1,-1,-1,-1,-1,-1,2,0,0,0,0,0,1,0,7,5,8,41.88463208,-87.62224799
0,376607,-1,30,0,0,0,1,12,5,2,0,-1,-1,0,-1,-1,-1,-1,-1,2512,-1,-1,-1,-1,-1,-1,2,0,0,0,0,0,2,0,7,5,8,41.92393385,-87.77587078
0,375517,-1,25,1,2,0,1,12,6,3,0,0,-1,0,1,-1,-1,21,0,121,-1,-1,-1,-1,-1,-1,2,0,0,0,0,0,2,0,7,5,8,41.88199341,-87.63963625
0,375463,-1,30,1,2,0,1,10,5,2,3,0,0,0,1,-1,-1,0,0,2433,-1,-1,-1,-1,-1,-1,2,0,0,0,0,0,2,0,7,5,8,41.99072263,-87.6722886
0,375494,-1,30,1,2,0,1,12,5,-1,0,0,0,0,-1,-1,-1,22,-1,1113,-1,-1,-1,-1,-1,-1,2,0,0,0,0,0,2,0,6,5,8,41.88606377,-87.73822811
0,375458,-1,30,1,2,0,1,0,5,2,0,0,0,0,-1,-1,-1,17,-1,1831,-1,-1,-1,-1,-1,-1,2,0,0,0,0,0,2,0,6,5,8,41.89633573,-87.63434063
0,375467,-1,30,6,2,0,1,5,5,4,0,0,0,0,-1,-1,-1,0,0,1611,-1,-1,-1,-1,-1,-1,1,0,0,0,0,0,1,0,6,5,8,41.99701892,-87.80694772
0,377768,-1,30,0,0,0,1,14,5,4,0,0,0,0,-1,-1,-1,23,-1,814,-1,-1,-1,-1,-1,-1,2,0,0,0,0,0,2,0,6,5,8,41.80753037,-87.74329682
0,375448,-1,45,1,2,0,1,12,2,2,0,0,0,0,-1,-1,-1,0,0,331,-1,-1,-1,-1,-1,-1,2,0,0,0,0,0,2,0,6,5,8,41.77554209,-87.57636589
0,375440,-1,30,1,2,0,1,14,6,-1,0,0,0,0,-1,-1,-1,21,-1,1834,-1,-1,-1,-1,-1,-1,2,0,0,0,0,0,2,0,6,5,8,41.8926327,-87.62546935
0,377238,-1,30,0,0,0,-1,7,5,-1,0,-1,-1,0,-1,-1,-1,0,-1,414,-1,-1,-1,-1,-1,-1,2,0,0,0,0,0,1,0,6,5,8,41.74972995,-87.56634472
2,375445,-1,35,1,2,0,2,0,5,4,0,0,0,1,1,-1,-1,0,0,835,-1,-1,-1,-1,-1,-1,2,1,0,0,1,0,1,0,6,5,8,41.74247488,-87.70205129
0,375444,-1,30,0,0,0,1,12,3,4,0,0,0,0,-1,-1,-1,17,17,124,-1,-1,-1,-1,-1,-1,2,0,0,0,0,0,2,0,6,5,8,41.86888416,-87.63939254
0,377407,-1,30,0,0,0,1,14,2,4,0,0,0,0,1,-1,-1,17,21,815,-1,-1,-1,-1,-1,-1,2,0,0,0,0,0,2,0,5,5,8,41.81690171,-87.72405154
0,383200,-1,30,1,2,0,1,14,5,4,0,0,-1,0,1,-1,1,0,0,911,-1,-1,-1,-1,-1,-1,2,0,0,0,0,0,2,0,5,5,8,41.82882643,-87.70441752
0,375427,-1,30,0,0,0,3,7,5,4,0,0,0,0,-1,-1,-1,-1,-1,2513,-1,-1,-1,-1,-1,-1,2,0,0,0,0,0,1,0,5,5,8,41.90925707,-87.78505659
0,376563,-1,30,1,2,0,1,12,3,4,0,0,0,1,1,-1,1,23,0,911,-1,-1,-1,-1,-1,-1,2,0,0,0,0,0,2,0,5,5,8,41.82803514,-87.70469773
0,376545,-1,30,1,2,0,1,0,5,2,0,0,0,0,-1,-1,-1,-1,-1,834,-1,-1,-1,-1,-1,-1,2,0,0,0,0,0,2,0,5,5,8,41.74247144,-87.70234438
0,376234,-1,30,0,0,0,2,10,2,2,0,0,0,0,-1,-1,-1,18,11,2234,-1,-1,-1,-1,-1,-1,2,0,0,0,0,0,2,0,5,5,8,41.67756731,-87.66584493
0,375421,-1,10,0,0,0,3,7,7,1,0,0,0,0,-1,1,-1,16,20,1221,-1,-1,-1,-1,-1,-1,2,0,0,0,0,0,1,0,4,5,8,41.89544423,-87.70649295
0,375394,-1,30,0,0,0,3,7,5,2,0,0,0,1,-1,-1,1,0,0,414,-1,-1,-1,-1,-1,-1,2,0,0,0,0,0,1,0,3,5,8,41.74472375,-87.58307027
2,375387,1,30,1,2,0,3,10,2,2,0,0,0,1,1,-1,-1,16,-1,812,-1,-1,-1,1,0,-1,3,1,0,0,1,0,3,0,3,5,8,41.77794241,-87.76177279
0,375611,-1,30,0,0,0,0,7,6,-1,0,0,0,0,-1,-1,-1,0,-1,1421,-1,-1,-1,-1,-1,-1,3,0,0,0,0,0,1,0,2,5,8,41.91713405,-87.6924398
0,378549,-1,30,4,2,0,3,10,2,2,0,0,0,0,-1,-1,1,18,-1,1221,-1,-1,-1,-1,-1,-1,2,0,0,0,0,0,3,0,2,5,8,41.89406091,-87.69568059
0,377590,-1,30,0,0,-1,-1,7,5,-1,0,0,0,0,-1,-1,1,20,-1,2515,-1,-1,-1,-1,-1,-1,2,0,0,0,0,0,1,0,2,5,8,41.91781977,-87.76010503
0,375347,-1,30,0,0,0,3,12,5,3,0,1,0,0,-1,-1,1,21,0,123,-1,-1,-1,-1,-1,-1,2,0,0,0,0,0,4,0,1,5,8,41.87565854,-87.62440494
0,375336,-1,30,0,0,0,3,2,5,1,0,0,0,1,-1,-1,1,0,0,532,-1,-1,-1,-1,-1,-1,1,0,0,0,0,0,1,0,1,5,8,41.66584039,-87.61991733
0,375990,-1,25,0,3,0,0,7,6,1,0,0,0,0,-1,-1,1,0,0,2522,-1,-1,-1,-1,-1,-1,2,0,0,0,0,0,1,0,1,5,8,41.92039296,-87.75257146
0,375520,1,20,0,0,-1,-1,7,6,1,0,-1,0,0,-1,-1,1,-1,-1,831,-1,-1,-1,-1,-1,-1,2,0,0,0,0,0,1,0,1,5,8,41.77532709,-87.69250421
0,375320,-1,30,0,0,0,3,14,5,2,0,0,0,1,-1,-1,-1,10,-1,622,-1,-1,-1,-1,-1,-1,2,0,0,0,0,0,3,0,0,5,8,41.74368004,-87.6436933
0,375327,-1,25,2,0,0,3,7,6,-1,0,0,0,0,1,-1,-1,0,0,2223,-1,-1,-1,-1,-1,-1,2,0,0,0,0,0,3,0,0,5,8,41.7157139,-87.65029743
0,375324,-1,30,0,0,-1,3,7,6,1,0,-1,-1,1,-1,-1,-1,12,12,1731,-1,-1,-1,-1,-1,-1,3,0,0,0,0,0,1,0,0,5,8,41.94016241,-87.73191811
0,375304,1,30,0,0,0,3,7,6,1,0,0,0,0,-1,-1,1,21,-1,1524,-1,-1,-1,-1,-1,-1,2,0,0,0,0,0,1,0,0,5,8,41.89905208,-87.76093204
0,375308,-1,15,0,-1,0,0,3,0,-1,0,0,0,0,-1,0,0,0,0,624,-1,-1,-1,-1,-1,-1,2,0,0,0,0,0,2,0,0,5,8,41.75729906,-87.61495323
0,375715,-1,30,0,0,0,3,10,3,2,0,0,0,0,-1,-1,1,0,0,1523,-1,-1,-1,-1,-1,-1,2,0,0,0,0,0,2,0,0,5,8,41.88712537,-87.75546739
0,375537,1,30,0,0,0,-1,7,5,2,0,0,0,0,-1,-1,-1,11,0,1935,-1,-1,-1,-1,-1,-1,2,0,0,0,0,0,1,0,0,5,8,41.93223326,-87.63636581
0,376531,-1,25,0,0,0,0,7,7,-1,0,0,-1,0,-1,-1,-1,0,0,114,-1,-1,-1,-1,-1,-1,2,0,0,0,0,0,1,0,0,5,8,41.88566389,-87.61562501
0,376123,-1,30,0,0,0,1,7,6,-1,0,0,-1,0,-1,-1,1,0,0,611,-1,-1,-1,-1,-1,-1,2,0,0,0,0,0,1,0,0,5,8,41.75601162,-87.66707822
0,375314,-1,30,0,0,0,3,7,6,-1,0,0,0,1,-1,-1,1,25,16,1012,1,-1,-1,-1,-1,-1,2,0,0,0,0,0,3,0,23,4,8,41.86023646,-87.7309622
0,375266,-1,30,0,0,0,3,2,3,4,0,0,0,0,-1,-1,-1,-1,-1,1921,-1,-1,-1,-1,-1,-1,1,0,0,0,0,0,1,0,23,4,8,41.94318737,-87.68830202
0,375255,-1,30,0,0,0,3,2,6,2,0,0,12,0,-1,-1,-1,28,0,1224,-1,-1,-1,1,2,-1,1,0,0,0,0,0,1,0,23,4,8,41.88551937,-87.64965986