MOST_SEVERE_INJURY,RD_NO,CRASH_DATE_EST_I,POSTED_SPEED_LIMIT,TRAFFIC_CONTROL_DEVICE,DEVICE_CONDITION,WEATHER_CONDITION,LIGHTING_CONDITION,FIRST_CRASH_TYPE,TRAFFICWAY_TYPE,LANE_CNT,ALIGNMENT,ROADWAY_SURFACE_COND,ROAD_DEFECT,CRASH_TYPE,INTERSECTION_RELATED_I,NOT_RIGHT_OF_WAY_I,HIT_AND_RUN_I,PRIM_CONTRIBUTORY_CAUSE,SEC_CONTRIBUTORY_CAUSE,BEAT_OF_OCCURRENCE,PHOTOS_TAKEN_I,STATEMENTS_TAKEN_I,DOORING_I,WORK_ZONE_I,WORK_ZONE_TYPE,WORKERS_PRESENT_I,NUM_UNITS,INJURIES_TOTAL,INJURIES_FATAL,INJURIES_INCAPACITATING,INJURIES_NON_INCAPACITATING,INJURIES_REPORTED_NOT_EVIDENT,INJURIES_NO_INDICATION,INJURIES_UNKNOWN,CRASH_HOUR,CRASH_DAY_OF_WEEK,CRASH_MONTH,LATITUDE,LONGITUDE
0,375252,-1,30,1,2,0,3,14,2,2,0,0,0,1,1,-1,0,0,20,1132,-1,-1,-1,-1,-1,-1,2,0,0,0,0,0,2,0,23,4,8,41.87703924,-87.72569136
2,375244,-1,30,2,2,0,3,0,5,4,0,0,0,1,1,-1,-1,6,-1,1232,-1,-1,-1,-1,-1,-1,2,1,0,0,1,0,3,0,23,4,8,41.86728716,-87.64524694
0,375239,-1,30,0,0,0,3,14,5,-1,0,0,0,0,-1,-1,1,20,0,915,-1,-1,-1,-1,-1,-1,2,0,0,0,0,0,2,0,23,4,8,41.83806,-87.63665959
3,375251,-1,35,0,2,0,3,10,2,4,0,0,0,1,-1,-1,-1,18,16,1732,-1,-1,-1,-1,-1,-1,2,1,0,1,0,0,1,0,22,4,8,41.95086325,-87.72738405
0,375230,-1,30,1,2,0,3,12,6,-1,0,0,0,0,1,-1,1,25,19,1235,-1,-1,-1,-1,-1,-1,2,0,0,0,0,0,2,0,22,4,8,41.85754775,-87.64392609
0,375258,-1,30,0,-1,0,3,7,6,1,0,0,-1,1,-1,-1,-1,0,0,623,-1,-1,-1,-1,-1,-1,2,0,0,0,0,0,2,0,22,4,8,41.74787498,-87.63316059
0,375306,-1,45,1,2,0,3,10,2,4,0,0,-1,0,1,-1,-1,11,0,114,-1,-1,-1,-1,-1,-1,2,0,0,0,0,0,2,0,22,4,8,41.88118118,-87.61763001
1,376722,-1,30,1,2,0,3,10,3,4,0,0,0,1,1,-1,-1,3,21,1012,-1,0,-1,-1,-1,-1,2,1,0,0,0,1,11,0,22,4,8,41.85151057,-87.73444965
0,375218,-1,30,1,2,0,3,14,5,2,0,0,0,0,1,-1,-1,17,-1,2511,-1,-1,-1,-1,-1,-1,2,0,0,0,0,0,2,0,22,4,8,41.93124862,-87.77602861
0,375189,-1,30,0,0,0,3,0,5,2,0,-1,-1,0,-1,-1,1,0,0,1032,-1,-1,-1,-1,-1,-1,2,0,0,0,0,0,2,0,22,4,8,41.84418152,-87.71463425
0,375275,-1,30,0,0,0,3,12,3,4,0,0,0,0,-1,-1,1,17,0,1411,-1,-1,-1,-1,-1,-1,2,0,0,0,0,0,2,0,22,4,8,41.93129024,-87.68802127
0,385367,-1,10,0,0,-1,-1,7,7,-1,5,-1,0,0,-1,-1,1,0,0,1814,-1,-1,-1,-1,-1,-1,2,0,0,0,0,0,1,0,22,4,8,41.91125997,-87.63598751
0,376416,-1,30,1,2,0,0,9,5,-1,0,0,0,0,1,-1,1,0,0,213,-1,-1,-1,-1,-1,-1,2,0,0,0,0,0,2,0,22,4,8,41.8309351,-87.62997531
0,376136,-1,30,-1,-1,0,3,0,5,-1,0,0,0,0,-1,-1,-1,17,-1,834,-1,-1,-1,-1,-1,-1,2,0,0,0,0,0,2,0,22,4,8,41.73684747,-87.70219751
0,375199,1,5,0,0,0,3,7,7,-1,0,-1,0,0,-1,-1,1,20,-1,1132,-1,-1,-1,-1,-1,-1,3,0,0,0,0,0,1,0,22,4,8,41.86629178,-87.72448315
0,375182,-1,15,0,-1,0,3,7,7,-1,0,0,0,0,-1,-1,-1,0,0,225,-1,-1,-1,-1,-1,-1,2,0,0,0,0,0,1,0,22,4,8,41.80181109,-87.63056018
0,375221,-1,30,3,-1,0,3,12,5,2,0,-1,-1,0,-1,-1,-1,0,-1,1834,-1,-1,-1,-1,-1,-1,2,0,0,0,0,0,1,0,21,4,8,41.89224916,-87.60951805
0,375156,-1,0,0,0,0,3,3,7,-1,0,0,0,0,-1,1,-1,-1,-1,1235,-1,-1,-1,-1,-1,-1,2,0,0,0,0,0,4,0,21,4,8,41.85686665,-87.63905376
0,386691,-1,30,0,0,0,4,7,5,2,0,0,0,0,-1,-1,-1,0,0,511,-1,-1,-1,-1,-1,-1,2,0,0,0,0,0,1,0,21,4,8,41.7204889,-87.59286665
0,375155,-1,15,0,0,0,3,10,7,1,0,0,-1,0,-1,1,-1,0,0,1935,-1,-1,-1,-1,-1,-1,2,0,0,0,0,0,2,0,21,4,8,41.93034297,-87.64352386
0,375098,-1,30,0,0,0,3,12,5,2,0,0,0,1,-1,-1,-1,22,0,2511,-1,-1,-1,-1,-1,-1,2,0,0,0,0,0,2,0,21,4,8,41.93258589,-87.77615999
3,375194,-1,35,1,2,0,3,4,1,4,0,0,0,1,1,-1,-1,16,0,512,-1,-1,-1,-1,-1,-1,1,1,0,1,0,0,0,0,21,4,8,41.70755033,-87.5943407
0,375121,-1,30,1,2,0,3,14,2,2,0,0,0,0,1,-1,-1,16,-1,1622,-1,-1,-1,-1,-1,-1,2,0,0,0,0,0,6,0,21,4,8,41.97109352,-87.76773468
2,375142,-1,30,1,2,0,3,14,2,-1,0,0,0,1,1,-1,-1,17,-1,1711,-1,-1,-1,-1,-1,-1,2,1,0,0,1,0,5,0,21,4,8,41.99462849,-87.71416432
2,375109,-1,30,2,2,0,3,8,5,4,0,0,0,1,-1,-1,1,10,0,1724,-1,-1,-1,-1,-1,-1,3,1,0,0,1,0,2,0,21,4,8,41.95400071,-87.71052917
0,377219,-1,30,0,0,0,0,14,5,-1,0,0,0,0,-1,-1,1,0,0,922,-1,-1,-1,-1,-1,-1,2,0,0,0,0,0,2,0,21,4,8,41.81364281,-87.69371465
0,375535,-1,15,0,0,0,3,7,7,-1,0,0,0,0,-1,1,-1,20,11,1621,-1,-1,-1,-1,-1,-1,2,0,0,0,0,0,1,0,21,4,8,41.99148383,-87.74847523
3,375136,-1,30,1,2,0,3,0,2,4,0,0,0,1,1,-1,-1,14,6,935,-1,-1,-1,-1,-1,-1,2,2,0,1,1,0,0,0,20,4,8,41.79486949,-87.63193707
0,375129,-1,30,0,0,0,3,12,5,4,0,0,0,1,-1,-1,-1,32,21,2533,-1,-1,-1,-1,-1,-1,2,0,0,0,0,0,4,0,20,4,8,41.90273781,-87.74613142
0,375148,-1,30,1,2,2,3,14,5,-1,0,1,0,1,1,-1,-1,-1,-1,1424,-1,-1,-1,-1,-1,-1,2,0,0,0,0,0,2,0,20,4,8,41.91024696,-87.68484045
1,375089,-1,40,0,0,0,1,10,3,8,0,0,0,1,-1,-1,-1,18,0,1834,-1,-1,-1,-1,-1,-1,2,3,0,0,0,3,4,0,20,4,8,41.89270515,-87.61383093
0,375557,-1,30,0,0,0,3,0,2,2,0,0,0,0,-1,-1,1,17,16,1524,-1,-1,-1,-1,-1,-1,2,0,0,0,0,0,2,0,20,4,8,41.89845678,-87.75808318
0,375160,-1,30,0,0,0,1,14,5,2,0,0,0,1,-1,-1,-1,17,0,1613,-1,-1,-1,-1,-1,-1,2,0,0,0,0,0,2,0,20,4,8,41.97459136,-87.80946257
0,375057,-1,30,1,2,0,3,2,3,2,0,0,-1,0,1,1,-1,-1,-1,2012,-1,-1,-1,-1,-1,-1,1,0,0,0,0,0,1,0,20,4,8,41.9906387,-87.67548961
0,375065,-1,30,0,0,0,0,10,2,2,0,0,0,1,-1,-1,-1,0,0,2234,-1,-1,-1,-1,-1,-1,2,0,0,0,0,0,2,0,20,4,8,41.67748027,-87.67061479
0,376065,-1,30,-1,-1,0,3,12,5,4,0,0,-1,0,-1,-1,-1,-1,-1,835,-1,-1,-1,-1,-1,-1,2,0,0,0,0,0,2,0,20,4,8,41.75053917,-87.70228243
0,375285,-1,25,0,0,0,-1,7,7,0,0,0,0,0,-1,-1,-1,-1,-1,1834,-1,-1,-1,-1,-1,-1,2,0,0,0,0,0,1,0,20,4,8,41.89261824,-87.62616035
0,375048,-1,30,1,2,0,4,0,12,-1,0,0,0,1,-1,-1,-1,0,-1,114,-1,1,-1,-1,-1,-1,2,0,0,0,0,0,7,0,19,4,8,41.88462379,-87.62047604
0,375061,1,25,0,0,0,3,7,6,1,0,0,-1,0,-1,-1,-1,0,0,2515,-1,-1,-1,-1,-1,-1,6,0,0,0,0,0,1,0,19,4,8,41.91822361,-87.77201378
0,376043,-1,30,2,2,0,1,0,5,-1,0,0,0,0,1,-1,-1,11,-1,1411,-1,-1,-1,-1,-1,-1,2,0,0,0,0,0,2,0,19,4,8,41.9337765,-87.69385537
0,380756,-1,30,0,0,0,3,7,6,-1,0,0,0,0,-1,-1,-1,10,16,2534,-1,-1,-1,-1,-1,-1,2,0,0,0,0,0,1,0,19,4,8,41.90816844,-87.7276299
0,376155,-1,30,0,0,0,1,11,5,2,0,-1,-1,0,-1,-1,-1,25,0,524,-1,-1,-1,-1,-1,-1,2,0,0,0,0,0,2,0,19,4,8,41.67752395,-87.65482703
0,375043,-1,30,0,0,0,1,14,5,-1,0,0,0,0,-1,-1,-1,0,0,1224,-1,-1,-1,-1,-1,-1,2,0,0,0,0,0,2,0,19,4,8,41.88189569,-87.64689486
0,374982,-1,25,0,0,0,1,12,5,-1,0,0,0,0,-1,-1,-1,22,11,1914,-1,-1,-1,-1,-1,-1,2,0,0,0,0,0,4,0,19,4,8,41.96601731,-87.64538863
0,375054,-1,30,0,0,0,1,8,5,2,0,0,0,0,-1,-1,-1,17,-1,211,-1,-1,-1,-1,-1,-1,2,0,0,0,0,0,2,0,19,4,8,41.83823701,-87.62909906
0,376255,-1,30,0,0,0,1,10,5,-1,0,0,0,0,-1,-1,-1,0,-1,931,-1,-1,-1,-1,-1,-1,2,0,0,0,0,0,2,0,19,4,8,41.80304684,-87.66496864
0,374996,-1,30,1,2,0,1,0,5,4,0,0,0,1,1,-1,-1,16,0,511,-1,-1,-1,-1,-1,-1,2,0,0,0,0,0,2,0,19,4,8,41.71483213,-87.62027714
0,375105,-1,5,0,0,0,4,7,5,-1,0,0,0,0,-1,1,-1,0,19,833,-1,-1,-1,-1,-1,-1,2,0,0,0,0,0,1,0,19,4,8,41.75331874,-87.73006973
1,374995,-1,35,2,2,0,1,14,5,-1,0,0,0,1,1,-1,-1,17,16,1633,-1,-1,-1,-1,-1,-1,2,1,0,0,0,1,1,0,19,4,8,41.95112981,-87.78633308
1,374979,-1,30,1,2,0,1,0,5,-1,0,0,0,1,1,-1,-1,6,14,312,-1,-1,-1,-1,-1,-1,2,1,0,0,0,1,1,0,19,4,8,41.77688836,-87.60579128
0,401865,1,30,0,0,0,1,8,5,-1,0,0,0,0,-1,-1,-1,18,-1,2024,-1,-1,-1,-1,-1,-1,2,0,0,0,0,0,2,0,18,4,8,41.97346061,-87.65217139
0,375545,-1,30,1,2,0,1,12,1,4,0,0,0,0,1,-1,-1,0,0,2022,-1,-1,-1,-1,-1,-1,2,0,0,0,0,0,2,0,18,4,8,41.9892552,-87.65521256
0,375060,-1,30,0,0,0,1,0,6,1,0,0,0,0,-1,-1,-1,20,0,1831,-1,-1,-1,-1,-1,-1,2,0,0,0,0,0,2,0,18,4,8,41.89464337,-87.63705125
0,374986,-1,30,1,2,0,1,14,5,2,0,0,0,1,1,-1,-1,23,0,1022,-1,-1,-1,-1,-1,-1,2,0,0,0,0,0,3,0,18,4,8,41.85196251,-87.69915253
0,376396,-1,30,0,0,0,1,11,2,-1,0,0,0,0,-1,-1,1,18,-1,2432,-1,-1,-1,-1,-1,-1,2,0,0,0,0,0,2,0,18,4,8,41.99833096,-87.65760103
0,374953,-1,30,-1,-1,0,1,12,2,-1,0,0,-1,0,-1,-1,1,22,-1,1213,-1,-1,-1,-1,-1,-1,2,0,0,0,0,0,2,0,18,4,8,41.89618478,-87.66721325
2,374992,-1,30,0,0,0,1,9,2,-1,0,0,0,1,-1,-1,0,21,14,835,-1,-1,-1,-1,-1,-1,2,1,0,0,1,0,2,0,18,4,8,41.75070416,-87.68301166
0,382225,-1,30,0,0,0,1,10,5,-1,0,-1,-1,0,-1,-1,1,18,-1,922,-1,-1,-1,-1,-1,-1,2,0,0,0,0,0,2,0,18,4,8,41.80854224,-87.6845482
0,376082,-1,10,0,0,0,1,10,7,-1,0,0,-1,0,-1,1,-1,0,0,2412,-1,-1,-1,-1,-1,-1,2,0,0,0,0,0,2,0,18,4,8,42.00222338,-87.68012883
0,380836,-1,30,0,0,0,1,7,5,2,0,0,0,0,-1,-1,-1,0,0,1811,-1,-1,-1,-1,-1,-1,2,0,0,0,0,0,1,0,18,4,8,41.9217195,-87.66501942
2,377874,-1,15,0,0,0,1,8,0,1,0,0,0,1,1,-1,1,17,-1,1221,-1,-1,-1,-1,-1,-1,2,1,0,0,1,0,1,0,18,4,8,41.89250077,-87.70631776
0,375925,-1,30,1,5,0,1,10,5,4,0,0,0,0,-1,-1,-1,18,-1,834,-1,-1,-1,-1,-1,-1,2,0,0,0,0,0,2,0,18,4,8,41.74925877,-87.74130462
0,375123,-1,5,0,0,0,-1,0,7,1,0,0,0,0,-1,1,-1,20,-1,1614,-1,-1,-1,-1,-1,-1,2,0,0,0,0,0,2,0,18,4,8,41.96626869,-87.83683028
0,375198,-1,30,2,-1,-1,-1,14,-1,-1,0,-1,-1,0,-1,-1,-1,5,23,1134,-1,-1,-1,-1,-1,-1,2,0,0,0,0,0,2,0,18,4,8,41.87586096,-87.70582371
0,374938,-1,25,2,2,0,1,7,6,1,0,0,0,0,-1,-1,-1,0,0,2011,-1,-1,-1,-1,-1,-1,2,0,0,0,0,0,1,0,18,4,8,41.98668782,-87.69176964
0,377153,-1,10,0,0,0,1,10,7,2,0,0,0,0,-1,-1,-1,20,20,1013,-1,-1,-1,-1,-1,-1,2,0,0,0,0,0,3,0,18,4,8,41.85124705,-87.73891936
1,376186,-1,25,1,2,0,1,11,5,2,0,0,-1,1,-1,-1,-1,4,11,1014,-1,-1,-1,-1,-1,-1,2,1,0,0,0,1,1,0,18,4,8,41.8588235,-87.71534999
0,376288,-1,30,0,0,0,1,3,7,-1,0,0,0,0,-1,-1,-1,0,-1,1034,-1,-1,-1,-1,-1,-1,2,0,0,0,0,0,7,0,18,4,8,41.85216786,-87.66897504
0,375158,-1,30,0,0,0,3,14,5,2,0,0,0,0,-1,-1,-1,23,21,1611,-1,-1,-1,-1,-1,-1,2,0,0,0,0,0,2,0,18,4,8,41.99746398,-87.78761024
2,374984,-1,30,0,0,0,1,14,5,2,0,0,-1,1,0,-1,-1,23,0,726,-1,-1,-1,-1,-1,-1,2,1,0,0,1,0,1,0,18,4,8,41.76856616,-87.67247508
0,376105,-1,30,0,0,0,1,14,2,-1,0,0,0,0,-1,-1,-1,20,-1,833,-1,-1,-1,-1,-1,-1,2,0,0,0,0,0,2,0,18,4,8,41.76458961,-87.7222396
0,375084,-1,30,0,0,0,1,12,3,4,0,0,0,0,-1,-1,-1,21,25,835,-1,-1,-1,-1,-1,-1,2,0,0,0,0,0,2,0,18,4,8,41.74991325,-87.68400352
0,374941,-1,30,0,0,0,1,7,2,4,0,0,0,0,-1,-1,-1,22,-1,1912,-1,-1,-1,-1,-1,-1,3,0,0,0,0,0,2,0,18,4,8,41.96136428,-87.67741092
0,374903,-1,30,1,2,0,1,14,5,4,0,0,0,1,1,-1,1,6,14,734,-1,-1,-1,-1,-1,-1,3,0,0,0,0,0,3,0,18,4,8,41.76486775,-87.66364716
0,374891,-1,30,0,0,0,1,12,5,-1,0,0,0,0,-1,-1,-1,20,-1,1233,-1,-1,-1,-1,-1,-1,2,0,0,0,0,0,2,0,18,4,8,41.86153562,-87.66863188
0,376590,-1,35,1,2,0,3,14,5,4,0,0,0,0,-1,-1,-1,23,-1,424,-1,-1,-1,-1,-1,-1,2,0,0,0,0,0,2,0,18,4,8,41.72897837,-87.54212259
1,375627,-1,25,1,-1,-1,1,0,3,-1,0,-1,-1,1,1,-1,-1,17,0,934,-1,-1,-1,-1,-1,-1,2,2,0,0,0,2,2,0,18,4,8,41.79413931,-87.66422653
0,375620,-1,30,1,2,0,1,12,5,-1,0,0,0,0,-1,-1,-1,17,22,1213,-1,-1,-1,-1,-1,-1,2,0,0,0,0,0,3,0,18,4,8,41.90324744,-87.66660957
1,375265,-1,30,2,0,0,4,10,5,-1,0,0,0,1,-1,-1,-1,18,16,1213,-1,-1,-1,-1,-1,-1,2,1,0,0,0,1,3,0,18,4,8,41.90319692,-87.66988006
0,375018,-1,10,0,0,0,1,7,7,-1,0,-1,-1,0,-1,-1,1,0,0,1811,-1,-1,-1,-1,-1,-1,2,0,0,0,0,0,1,0,18,4,8,41.92149446,-87.66576205
0,374950,-1,30,1,2,0,1,8,6,0,0,0,0,0,1,-1,-1,17,23,111,-1,-1,-1,-1,-1,-1,2,0,0,0,0,0,2,0,18,4,8,41.88704651,-87.62622618
0,374933,-1,30,0,12,0,1,12,2,3,0,0,0,0,-1,-1,-1,0,-1,1214,-1,-1,-1,-1,-1,-1,2,0,0,0,0,0,2,0,18,4,8,41.89496278,-87.65556729
0,374858,-1,35,1,2,0,1,10,3,-1,0,0,0,0,-1,-1,-1,-1,-1,331,-1,-1,-1,-1,-1,-1,3,0,0,0,0,0,2,0,18,4,8,41.79142028,-87.58014777
0,374855,-1,15,0,0,0,1,10,7,-1,0,0,0,0,-1,-1,-1,18,16,511,-1,1,-1,-1,-1,-1,2,0,0,0,0,0,2,0,17,4,8,41.70742405,-87.61383178
2,374896,-1,30,0,0,0,1,2,5,2,0,0,0,1,-1,-1,-1,23,0,2522,-1,-1,-1,-1,-1,-1,1,1,0,0,1,0,0,0,17,4,8,41.92381676,-87.73668749
0,376404,-1,30,0,0,0,1,0,2,-1,0,0,0,0,-1,-1,-1,23,17,821,-1,-1,-1,-1,-1,-1,2,0,0,0,0,0,2,0,17,4,8,41.81700891,-87.72376062
3,375723,-1,45,1,2,0,3,10,3,-1,0,0,0,1,-1,-1,-1,16,16,1833,-1,-1,-1,-1,-1,-1,2,1,0,1,0,0,1,0,17,4,8,41.89703746,-87.61702231
0,374985,-1,30,1,2,0,1,14,2,4,0,0,0,1,1,0,-1,21,-1,1432,-1,-1,-1,-1,-1,-1,2,0,0,0,0,0,3,0,17,4,8,41.92496798,-87.67756538
1,374885,-1,30,2,2,0,1,8,5,2,0,0,0,1,-1,-1,1,17,-1,1831,-1,-1,-1,-1,-1,-1,2,1,0,0,0,1,1,0,17,4,8,41.89000113,-87.63568286
0,374852,-1,30,0,0,0,1,10,2,4,0,0,0,1,-1,-1,-1,18,16,822,-1,-1,-1,-1,-1,-1,2,0,0,0,0,0,2,0,17,4,8,41.79177501,-87.72297216
2,374847,-1,30,1,2,0,1,8,2,4,0,0,0,1,1,-1,-1,0,-1,2013,-1,-1,-1,-1,-1,-1,2,1,0,0,1,0,1,0,17,4,8,41.98188733,-87.66016741
0,374887,-1,30,2,2,0,1,14,2,2,0,0,-1,0,1,-1,-1,17,-1,1733,-1,-1,-1,-1,-1,-1,2,0,0,0,0,0,2,0,17,4,8,41.94139256,-87.70101378
0,382033,-1,10,0,0,0,1,7,7,-1,0,0,0,0,-1,1,-1,0,0,814,-1,-1,-1,-1,-1,-1,2,0,0,0,0,0,1,0,17,4,8,41.79696861,-87.75352367
0,375286,-1,30,0,0,0,1,7,7,-1,0,0,0,0,-1,-1,-1,22,22,321,-1,-1,-1,-1,-1,-1,2,0,0,0,0,0,1,0,17,4,8,41.77514086,-87.58644197
0,375126,-1,30,2,2,0,1,7,5,2,0,0,0,0,-1,-1,-1,11,0,1214,-1,-1,-1,-1,-1,-1,2,0,0,0,0,0,2,0,17,4,8,41.8912077,-87.64893961
0,374927,-1,30,2,2,0,1,14,5,1,0,0,0,0,0,-1,-1,5,-1,1934,-1,-1,-1,-1,-1,-1,2,0,0,0,0,0,2,0,17,4,8,41.93759867,-87.64123431
0,375575,1,30,0,0,0,1,7,6,-1,0,0,0,0,-1,-1,1,0,0,1124,-1,-1,-1,-1,-1,-1,2,0,0,0,0,0,1,0,17,4,8,41.87786014,-87.69877543
0,374802,-1,30,0,0,0,1,7,6,0,0,0,0,0,1,-1,-1,-1,-1,1711,-1,-1,-1,-1,-1,-1,2,0,0,0,0,0,2,0,17,4,8,41.98383777,-87.7112223
0,374797,-1,30,1,2,2,1,10,2,4,0,1,0,1,-1,-1,-1,12,0,2211,-1,-1,-1,-1,-1,-1,4,0,0,0,0,0,4,0,17,4,8,41.68408364,-87.7196396
2,374801,-1,30,2,1,0,1,0,6,1,0,0,0,1,1,-1,-1,17,5,912,-1,-1,-1,-1,-1,-1,2,1,0,0,1,0,3,0,17,4,8,41.82353601,-87.65600773
0,374805,-1,30,0,0,0,1,10,5,-1,0,0,0,0,-1,-1,-1,21,23,1611,-1,-1,-1,-1,-1,-1,3,0,0,0,0,0,3,0,17,4,8,42.01343244,-87.80675221
0,374465,-1,30,1,2,0,1,14,5,-1,0,0,0,0,1,-1,-1,22,-1,123,-1,-1,-1,-1,-1,-1,2,0,0,0,0,0,2,0,17,4,8,41.86990158,-87.62762716
0,384829,-1,30,-1,-1,0,1,10,2,-1,0,-1,-1,0,-1,-1,-1,0,0,112,-1,-1,-1,-1,-1,-1,2,0,0,0,0,0,2,0,17,4,8,41.88151441,-87.6244956
2,376192,-1,25,1,2,0,1,9,5,4,0,0,0,1,-1,-1,-1,0,0,1115,-1,-1,-1,-1,-1,-1,2,1,0,0,1,0,1,0,17,4,8,41.8808343,-87.7257966
0,375844,-1,35,0,0,0,1,10,2,-1,0,0,0,0,-1,-1,-1,18,-1,1423,-1,-1,-1,-1,-1,-1,2,0,0,0,0,0,2,0,17,4,8,41.9031393,-87.68717722
0,374824,-1,40,0,0,0,1,10,3,4,0,0,0,0,-1,-1,-1,7,16,2023,-1,-1,-1,-1,-1,-1,2,0,0,0,0,0,2,0,17,4,8,41.97677895,-87.65016355
0,374837,-1,30,1,2,0,1,10,5,4,0,0,0,0,-1,-1,1,18,0,1533,-1,-1,-1,-1,-1,-1,2,0,0,0,0,0,2,0,16,4,8,41.87299764,-87.75465993
0,374779,-1,35,-1,-1,-1,1,12,3,-1,0,1,-1,0,-1,-1,1,0,0,2233,-1,-1,-1,-1,-1,-1,2,0,0,0,0,0,2,0,16,4,8,41.69226312,-87.64252269
0,375328,-1,30,1,2,0,1,12,5,-1,0,0,0,0,1,-1,-1,22,11,213,-1,-1,-1,-1,-1,-1,2,0,0,0,0,0,2,0,16,4,8,41.82362966,-87.62657307
0,374840,-1,30,0,0,0,1,10,0,-1,0,0,0,0,-1,-1,1,25,20,1011,-1,-1,-1,-1,-1,-1,2,0,0,0,0,0,2,0,16,4,8,41.86582177,-87.71798853
1,374861,-1,30,0,0,0,1,12,5,1,0,0,0,1,-1,-1,-1,-1,-1,1611,-1,-1,-1,-1,-1,-1,2,1,0,0,0,1,1,0,16,4,8,42.01644191,-87.80672623
2,374832,-1,30,12,12,0,1,0,5,3,0,0,0,1,-1,-1,-1,27,-1,1832,-1,-1,-1,-1,-1,-1,2,3,0,0,1,2,0,0,16,4,8,41.89651964,-87.63168173
0,374815,-1,10,0,0,0,1,7,7,0,0,0,0,0,-1,-1,-1,20,-1,2023,-1,-1,-1,-1,-1,-1,2,0,0,0,0,0,1,0,16,4,8,41.97667054,-87.65070167
0,374785,-1,35,0,0,0,1,0,5,-1,0,0,0,1,-1,-1,-1,17,23,2411,-1,-1,-1,-1,-1,-1,2,0,0,0,0,0,2,0,16,4,8,42.01236867,-87.69125944
2,374784,-1,20,2,2,0,1,8,6,1,0,0,0,1,-1,-1,-1,5,23,1711,-1,-1,0,-1,-1,-1,2,1,0,0,1,0,1,0,16,4,8,41.98491687,-87.71509701
0,377235,-1,30,1,2,0,1,12,2,-1,0,0,0,0,1,-1,-1,22,22,1834,-1,-1,-1,-1,-1,-1,2,0,0,0,0,0,2,0,16,4,8,41.89168852,-87.62430718
0,376002,-1,30,0,0,0,1,14,6,1,0,0,0,0,-1,-1,-1,20,-1,2534,-1,-1,-1,-1,-1,-1,2,0,0,0,0,0,2,0,16,4,8,41.90435336,-87.72700586
0,374774,-1,30,0,0,0,1,10,5,2,0,-1,-1,0,-1,-1,-1,7,7,1512,-1,-1,-1,-1,-1,-1,2,0,0,0,0,0,2,0,16,4,8,41.88222692,-87.77387917
0,378008,-1,30,1,2,0,1,7,6,-1,0,0,0,0,-1,-1,-1,22,-1,122,-1,-1,-1,-1,-1,-1,2,0,0,0,0,0,1,0,16,4,8,41.88190275,-87.63516406
0,377560,-1,30,1,2,0,1,10,5,-1,0,0,0,0,1,-1,-1,18,-1,624,-1,-1,-1,-1,-1,-1,2,0,0,0,0,0,2,0,16,4,8,41.7568689,-87.60528566
0,377088,-1,30,2,2,0,1,0,5,-1,0,-1,-1,0,-1,-1,-1,0,-1,423,-1,-1,-1,-1,-1,-1,2,0,0,0,0,0,3,0,16,4,8,41.74092659,-87.55164151
0,376211,-1,30,0,0,0,1,3,2,4,0,0,0,0,-1,-1,-1,21,17,923,-1,-1,-1,-1,-1,-1,2,0,0,0,0,0,3,0,16,4,8,41.79542276,-87.69399236
0,374790,-1,30,0,0,0,1,2,2,-1,2,0,0,1,-1,-1,-1,0,-1,1432,-1,-1,-1,-1,-1,-1,1,0,0,0,0,0,1,0,16,4,8,41.92165383,-87.6692226
0,374723,-1,30,1,2,0,1,12,3,4,0,0,0,0,-1,-1,-1,0,-1,1231,-1,-1,-1,-1,-1,-1,2,0,0,0,0,0,4,0,16,4,8,41.8693195,-87.66660996
2,374718,-1,30,2,2,0,1,8,5,2,0,0,-1,1,-1,-1,-1,0,-1,1523,-1,-1,-1,-1,-1,-1,2,1,0,0,1,0,1,0,16,4,8,41.88736506,-87.76320506
0,374963,-1,30,0,0,1,1,10,3,-1,0,0,0,0,-1,-1,-1,0,0,1814,-1,-1,-1,-1,-1,-1,2,0,0,0,0,0,2,0,16,4,8,41.91122456,-87.62648257
2,374717,-1,30,0,0,1,1,0,2,3,0,0,0,1,-1,-1,-1,17,17,332,-1,-1,-1,-1,-1,-1,2,1,0,0,1,0,3,0,16,4,8,41.76779096,-87.58651632
0,374791,-1,30,0,0,0,1,0,7,2,0,0,0,1,1,-1,-1,17,0,2512,-1,-1,-1,-1,-1,-1,2,0,0,0,0,0,2,0,16,4,8,41.92391067,-87.77738613
0,374846,-1,30,1,-1,-1,1,10,6,-1,0,-1,-1,0,1,-1,1,20,-1,1833,-1,-1,-1,-1,-1,-1,2,0,0,0,0,0,2,0,16,4,8,41.89989489,-87.62422108
0,374727,-1,30,0,0,0,1,12,2,-1,0,0,0,0,-1,-1,-1,0,-1,1711,-1,-1,-1,-1,-1,-1,2,0,0,0,0,0,2,0,16,4,8,41.98314474,-87.71161872
0,374689,-1,30,1,2,0,1,7,5,-1,0,0,0,0,-1,-1,-1,0,-1,223,-1,-1,-1,-1,-1,-1,2,0,0,0,0,0,1,0,16,4,8,41.80445498,-87.60630958
0,374731,-1,30,1,2,0,1,0,2,2,0,0,0,0,1,-1,-1,17,-1,2023,-1,-1,-1,-1,-1,-1,2,0,0,0,0,0,2,0,16,4,8,41.98351405,-87.65996255