MOST_SEVERE_INJURY,RD_NO,CRASH_DATE_EST_I,POSTED_SPEED_LIMIT,TRAFFIC_CONTROL_DEVICE,DEVICE_CONDITION,WEATHER_CONDITION,LIGHTING_CONDITION,FIRST_CRASH_TYPE,TRAFFICWAY_TYPE,LANE_CNT,ALIGNMENT,ROADWAY_SURFACE_COND,ROAD_DEFECT,CRASH_TYPE,INTERSECTION_RELATED_I,NOT_RIGHT_OF_WAY_I,HIT_AND_RUN_I,PRIM_CONTRIBUTORY_CAUSE,SEC_CONTRIBUTORY_CAUSE,BEAT_OF_OCCURRENCE,PHOTOS_TAKEN_I,STATEMENTS_TAKEN_I,DOORING_I,WORK_ZONE_I,WORK_ZONE_TYPE,WORKERS_PRESENT_I,NUM_UNITS,INJURIES_TOTAL,INJURIES_FATAL,INJURIES_INCAPACITATING,INJURIES_NON_INCAPACITATING,INJURIES_REPORTED_NOT_EVIDENT,INJURIES_NO_INDICATION,INJURIES_UNKNOWN,CRASH_HOUR,CRASH_DAY_OF_WEEK,CRASH_MONTH,LATITUDE,LONGITUDE
1,374720,-1,25,2,2,0,1,0,2,4,0,0,0,1,1,-1,-1,17,0,132,-1,-1,-1,-1,-1,-1,3,3,0,0,0,3,1,0,16,4,8,41.85405242,-87.6223943
0,374729,-1,30,2,2,0,1,14,5,2,0,0,0,1,1,-1,-1,17,-1,1024,-1,-1,-1,-1,-1,-1,2,0,0,0,0,0,2,0,16,4,8,41.85184565,-87.70775101
0,374808,-1,30,1,2,0,1,10,6,-1,0,0,0,0,-1,-1,-1,21,21,1814,-1,-1,-1,-1,-1,-1,2,0,0,0,0,0,2,0,16,4,8,41.9112877,-87.63173315
0,426992,-1,30,0,0,0,1,2,5,2,0,0,0,0,-1,-1,-1,20,-1,1234,-1,-1,-1,-1,-1,-1,1,0,0,0,0,0,1,0,16,4,8,41.8576819,-87.67094873
0,376548,-1,45,0,0,0,1,12,2,2,0,0,0,0,-1,-1,-1,-1,-1,1833,-1,-1,-1,-1,-1,-1,2,0,0,0,0,0,2,0,16,4,8,41.89932254,-87.62393606
0,376110,-1,30,0,0,0,1,7,5,-1,0,0,0,0,-1,-1,-1,0,-1,123,-1,-1,-1,-1,-1,-1,2,0,0,0,0,0,2,0,16,4,8,41.86849088,-87.62599734
0,375750,-1,30,1,2,0,1,10,12,-1,0,0,0,0,0,-1,-1,11,0,131,-1,-1,-1,-1,-1,-1,2,0,0,0,0,0,2,0,16,4,8,41.85540623,-87.62570424
0,374794,-1,30,0,0,0,1,14,5,-1,0,0,0,0,-1,-1,1,17,-1,1935,-1,-1,-1,-1,-1,-1,2,0,0,0,0,0,2,0,16,4,8,41.92571993,-87.63918933
0,374682,-1,30,2,2,2,1,0,5,-1,0,1,0,0,-1,-1,-1,0,0,1822,-1,-1,-1,-1,-1,-1,2,0,0,0,0,0,2,0,16,4,8,41.90520775,-87.6481715
0,376605,-1,35,1,2,0,1,10,5,4,0,0,0,0,1,-1,-1,18,-1,815,-1,-1,-1,-1,-1,-1,2,0,0,0,0,0,2,0,15,4,8,41.82256384,-87.72418748
2,374701,-1,35,1,2,2,1,10,2,-1,0,1,0,1,-1,-1,-1,34,18,2432,-1,-1,-1,-1,-1,-1,2,1,0,0,1,0,1,0,15,4,8,41.99830482,-87.65993112
1,374739,-1,30,0,0,0,2,10,5,-1,0,0,3,1,-1,-1,-1,0,0,1134,-1,-1,-1,-1,-1,-1,2,1,0,0,0,1,6,0,15,4,8,41.869369,-87.70102716
0,374686,-1,35,0,0,0,1,2,3,4,0,0,0,1,-1,-1,-1,0,-1,814,-1,-1,-1,-1,-1,-1,1,0,0,0,0,0,2,0,15,4,8,41.79751594,-87.74303682
0,377287,-1,30,0,0,0,1,10,2,-1,0,0,0,0,-1,-1,-1,18,17,1432,-1,-1,-1,-1,-1,-1,2,0,0,0,0,0,2,0,15,4,8,41.93232011,-87.68442624
0,374867,-1,30,0,0,0,1,7,5,2,0,0,0,0,-1,-1,-1,21,-1,1824,-1,-1,-1,-1,-1,-1,2,0,0,0,0,0,1,0,15,4,8,41.90089635,-87.62593987
0,374706,-1,30,1,2,0,1,14,3,3,3,0,0,0,-1,-1,-1,17,21,331,-1,-1,-1,-1,-1,-1,2,0,0,0,0,0,3,0,15,4,8,41.79153392,-87.58020874
1,374635,-1,30,1,2,0,1,10,5,-1,0,0,0,1,-1,-1,-1,0,0,1115,-1,-1,-1,-1,-1,-1,2,2,0,0,0,2,2,0,15,4,8,41.8818743,-87.72585172
0,374753,-1,30,0,0,0,1,12,3,4,0,0,0,0,-1,-1,-1,22,0,1724,-1,-1,-1,-1,-1,-1,2,0,0,0,0,0,5,0,15,4,8,41.95404183,-87.70618547
2,374732,-1,30,0,0,0,1,12,5,2,0,0,0,1,-1,-1,-1,17,-1,232,-1,-1,-1,-1,-1,-1,2,1,0,0,1,0,2,0,15,4,8,41.78732117,-87.6191868
0,375824,-1,30,2,2,2,1,8,5,4,0,1,0,0,1,-1,-1,0,11,1733,-1,-1,-1,-1,-1,-1,2,0,0,0,0,0,2,0,15,4,8,41.93947454,-87.69540028
2,382002,-1,25,0,0,0,1,0,7,-1,0,0,0,1,-1,-1,1,0,0,311,-1,-1,-1,-1,-1,-1,2,1,0,0,1,0,1,0,15,4,8,41.78012274,-87.62234773
0,377271,-1,5,1,0,0,1,0,12,-1,0,0,0,0,-1,-1,1,0,0,311,-1,-1,-1,-1,-1,-1,2,0,0,0,0,0,2,0,15,4,8,41.7801029,-87.62971887
0,376326,-1,30,0,0,0,1,2,7,-1,0,0,0,0,-1,-1,-1,0,0,1135,-1,-1,-1,-1,-1,-1,1,0,0,0,0,0,1,0,15,4,8,41.87120691,-87.69244019
0,374851,1,15,0,0,-1,-1,7,0,1,0,-1,0,0,1,-1,1,0,0,2412,-1,-1,-1,-1,-1,-1,2,0,0,0,0,0,1,0,15,4,8,41.99804294,-87.69004039
0,374667,-1,30,-1,-1,-1,1,14,2,2,0,-1,-1,0,1,-1,-1,-1,-1,1231,-1,-1,-1,-1,-1,-1,4,0,0,0,0,0,3,0,15,4,8,41.87901072,-87.65720059
2,374666,-1,30,1,-1,-1,1,14,1,3,0,0,-1,1,1,-1,-1,0,-1,2211,-1,-1,-1,-1,-1,-1,2,2,0,0,2,0,0,0,15,4,8,41.70646456,-87.68177
0,374656,-1,5,0,0,0,1,10,7,-1,0,0,0,0,-1,-1,-1,11,33,825,-1,-1,-1,-1,-1,-1,2,0,0,0,0,0,2,0,15,4,8,41.7828162,-87.683886
0,374645,-1,30,1,2,0,1,10,5,2,0,0,0,0,-1,-1,-1,18,-1,123,-1,-1,-1,-1,-1,-1,2,0,0,0,0,0,3,0,15,4,8,41.87437162,-87.62437953
0,375665,-1,30,2,2,2,1,14,12,-1,0,1,0,0,1,-1,-1,34,0,815,-1,-1,-1,-1,-1,-1,2,0,0,0,0,0,3,0,15,4,8,41.80754198,-87.74076871
0,374700,-1,30,0,0,0,1,7,6,-1,0,0,-1,0,-1,-1,-1,20,-1,2032,-1,-1,-1,-1,-1,-1,2,0,0,0,0,0,1,0,15,4,8,41.97366644,-87.67500393
0,376026,-1,30,0,0,0,1,0,5,-1,0,0,0,0,-1,-1,-1,0,0,131,-1,-1,-1,-1,-1,-1,2,0,0,0,0,0,3,0,15,4,8,41.86564574,-87.62618871
0,375652,-1,30,0,0,2,1,0,5,2,0,1,0,0,-1,-1,-1,11,0,811,-1,-1,-1,-1,-1,-1,2,0,0,0,0,0,2,0,15,4,8,41.78430062,-87.78165868
0,374813,-1,30,0,0,0,1,10,5,-1,0,0,0,0,-1,-1,-1,0,0,511,-1,-1,-1,-1,-1,-1,2,0,0,0,0,0,2,0,15,4,8,41.72225727,-87.58527557
0,374705,-1,30,0,0,0,1,14,5,4,0,0,0,0,-1,-1,-1,11,-1,1831,-1,-1,-1,-1,-1,-1,2,0,0,0,0,0,1,0,15,4,8,41.89071594,-87.63014745
0,374673,-1,25,0,0,1,1,10,2,2,0,12,12,1,-1,-1,-1,18,-1,1212,-1,-1,-1,1,2,-1,3,0,0,0,0,0,5,0,15,4,8,41.89587124,-87.68573701
0,375548,-1,30,0,0,0,1,10,5,-1,0,0,0,0,-1,-1,-1,18,18,1033,-1,-1,-1,-1,-1,-1,2,0,0,0,0,0,2,0,15,4,8,41.84246507,-87.69529606
0,374671,-1,30,1,2,0,1,12,5,-1,0,0,0,0,-1,-1,0,21,-1,123,-1,-1,-1,-1,-1,-1,2,0,0,0,0,0,2,0,15,4,8,41.86953846,-87.62602979
0,374638,-1,30,0,0,0,1,14,2,4,0,0,0,0,-1,-1,-1,0,0,1711,-1,-1,-1,-1,-1,-1,2,0,0,0,0,0,2,0,15,4,8,41.99656857,-87.74819304
0,374636,-1,30,0,-1,0,1,7,5,2,0,0,0,1,-1,-1,1,0,-1,624,-1,-1,-1,-1,-1,-1,2,0,0,0,0,0,7,0,15,4,8,41.75677967,-87.61015692
-1,376337,-1,30,0,0,0,1,7,5,4,0,0,0,0,-1,-1,1,0,0,233,-1,-1,-1,-1,-1,-1,1,-1,-1,-1,-1,-1,-1,-1,15,4,8,41.79864239,-87.60113914
0,376116,1,30,0,0,0,1,0,7,-1,0,0,0,0,-1,-1,1,17,-1,1411,-1,-1,-1,-1,-1,-1,2,0,0,0,0,0,2,0,15,4,8,41.93882041,-87.69795214
0,375334,-1,10,0,0,0,1,0,6,-1,0,0,0,0,-1,-1,-1,0,0,832,-1,-1,-1,-1,-1,-1,2,0,0,0,0,0,2,0,15,4,8,41.77268712,-87.68727648
0,375206,-1,10,0,0,0,1,12,12,1,0,0,-1,0,-1,1,-1,11,0,1834,-1,-1,-1,-1,-1,-1,2,0,0,0,0,0,2,0,15,4,8,41.88928401,-87.62654855
2,374596,-1,40,0,0,0,1,2,2,8,0,0,0,1,-1,-1,-1,0,0,1814,-1,-1,-1,-1,-1,-1,1,1,0,0,1,0,0,0,15,4,8,41.92217116,-87.62976592
2,374571,-1,25,0,0,0,1,8,5,2,0,0,0,1,-1,-1,-1,17,-1,1924,-1,-1,1,-1,-1,-1,7,1,0,0,1,0,6,0,14,4,8,41.94007686,-87.65029487
0,374572,-1,30,3,2,0,1,12,3,2,0,0,0,0,-1,-1,1,0,0,924,-1,-1,-1,-1,-1,-1,2,0,0,0,0,0,2,0,14,4,8,41.81073721,-87.66488094
2,374663,-1,30,1,2,0,1,10,2,4,0,0,-1,1,-1,-1,-1,16,0,623,-1,-1,-1,-1,-1,-1,2,1,0,0,1,0,4,0,14,4,8,41.75806853,-87.62651698
0,374577,-1,20,0,0,0,1,7,6,1,0,0,0,0,-1,-1,-1,-1,-1,1732,-1,-1,-1,-1,-1,-1,2,0,0,0,0,0,1,0,14,4,8,41.95005034,-87.71682949
0,374676,-1,30,1,2,0,1,12,5,6,0,0,0,0,1,-1,-1,17,0,322,-1,-1,-1,-1,-1,-1,2,0,0,0,0,0,2,0,14,4,8,41.76785686,-87.60857316
0,374810,-1,30,-1,-1,0,1,11,5,2,0,-1,-1,0,-1,-1,1,0,0,1413,-1,-1,-1,-1,-1,-1,2,0,0,0,0,0,2,0,14,4,8,41.91920886,-87.71208129
0,377025,-1,25,0,0,0,1,12,5,-1,0,0,0,0,-1,-1,-1,0,0,1232,-1,-1,-1,-1,-1,-1,2,0,0,0,0,0,3,0,14,4,8,41.8804262,-87.64746685
0,374641,-1,30,1,2,0,0,10,5,-1,0,0,0,0,1,-1,-1,18,27,411,-1,-1,-1,-1,-1,-1,2,0,0,0,0,0,2,0,14,4,8,41.75133971,-87.58563227
0,374633,-1,30,-1,-1,-1,1,12,2,-1,0,0,-1,0,-1,-1,0,22,0,712,-1,-1,-1,-1,-1,-1,2,0,0,0,0,0,2,0,14,4,8,41.78333849,-87.64502295
2,374594,-1,35,1,2,0,1,14,5,-1,0,0,0,1,1,-1,1,6,-1,434,-1,-1,-1,-1,-1,-1,2,1,0,0,1,0,1,0,14,4,8,41.67367899,-87.55939861
0,374573,-1,30,1,0,0,1,10,5,-1,0,0,0,0,-1,-1,-1,18,-1,1624,-1,-1,-1,-1,-1,-1,3,0,0,0,0,0,3,0,14,4,8,41.95316782,-87.77672039
0,374551,-1,30,1,12,0,1,0,5,-1,0,0,0,1,1,-1,-1,17,-1,925,-1,-1,-1,-1,-1,-1,2,0,0,0,0,0,4,0,14,4,8,41.8186546,-87.64570959
0,374617,-1,10,0,0,1,1,2,7,-1,0,0,-1,0,-1,-1,-1,12,12,1111,-1,-1,-1,-1,-1,-1,2,0,0,0,0,0,1,0,14,4,8,41.88968712,-87.73234638
0,374882,-1,30,0,0,0,1,0,5,2,0,0,-1,0,-1,-1,-1,0,0,2212,-1,-1,-1,-1,-1,-1,2,0,0,0,0,0,2,0,14,4,8,41.70589186,-87.68145763
0,374588,-1,25,0,0,0,1,7,7,-1,0,0,0,0,-1,-1,1,20,20,1914,-1,-1,-1,-1,-1,-1,2,0,0,0,0,0,1,0,14,4,8,41.96458225,-87.63855074
0,377620,-1,30,0,0,0,1,7,7,-1,0,0,0,0,-1,-1,1,0,0,114,-1,-1,-1,-1,-1,-1,2,0,0,0,0,0,1,0,14,4,8,41.88766406,-87.62048728
0,376024,-1,30,1,2,0,1,12,5,-1,0,0,0,0,-1,-1,-1,0,0,1233,-1,-1,-1,-1,-1,-1,2,0,0,0,0,0,4,0,14,4,8,41.86669369,-87.67149324
0,374646,-1,30,0,0,0,1,12,5,2,0,0,0,0,-1,-1,-1,17,0,1412,-1,-1,-1,-1,-1,-1,2,0,0,0,0,0,2,0,14,4,8,41.93920656,-87.7091716
0,374592,-1,30,1,2,0,1,14,2,4,1,0,0,0,1,-1,-1,0,0,1231,-1,-1,-1,-1,-1,-1,2,0,0,0,0,0,2,0,14,4,8,41.87551996,-87.66649063
0,374576,-1,30,0,0,0,1,7,6,1,0,0,-1,0,-1,-1,1,0,0,621,-1,-1,-1,-1,-1,-1,2,0,0,0,0,0,1,0,14,4,8,41.75199812,-87.64300252
0,374553,-1,30,0,0,0,1,14,1,2,0,0,0,1,1,-1,-1,17,-1,1234,-1,-1,-1,-1,-1,-1,2,0,0,0,0,0,3,0,14,4,8,41.85501801,-87.66621889
0,374604,-1,30,0,0,0,1,0,7,1,0,0,0,0,-1,-1,-1,0,0,914,-1,-1,-1,-1,-1,-1,2,0,0,0,0,0,3,0,14,4,8,41.84255453,-87.6319407
0,374566,-1,35,0,0,0,1,12,5,2,0,0,0,0,-1,-1,-1,-1,-1,1713,-1,-1,-1,-1,-1,-1,2,0,0,0,0,0,2,0,14,4,8,41.96852327,-87.71229535
0,374602,-1,30,1,2,0,1,12,5,2,0,0,0,0,1,-1,-1,0,0,1831,-1,-1,-1,-1,-1,-1,2,0,0,0,0,0,3,0,14,4,8,41.89384186,-87.63702799
0,376929,-1,30,0,0,0,1,12,3,4,0,0,0,0,-1,-1,-1,17,17,1821,-1,-1,-1,-1,-1,-1,2,0,0,0,0,0,2,0,14,4,8,41.90858231,-87.63173798
0,374578,-1,30,0,0,1,1,12,5,-1,0,0,0,0,-1,-1,-1,33,33,2212,-1,-1,-1,-1,-1,-1,2,0,0,0,0,0,2,0,14,4,8,41.68827462,-87.68120397
2,374603,-1,35,4,0,0,1,14,2,4,0,0,0,1,-1,-1,1,17,17,632,0,-1,-1,-1,-1,-1,2,1,0,0,1,0,2,0,14,4,8,41.73616395,-87.60466299
0,374559,-1,15,0,0,0,1,7,12,-1,0,0,0,0,-1,-1,-1,23,-1,735,-1,-1,-1,-1,-1,-1,4,0,0,0,0,0,4,0,14,4,8,41.76721518,-87.66399912
0,374653,-1,30,2,2,0,1,14,5,-1,0,0,0,0,-1,-1,-1,23,0,815,-1,-1,-1,-1,-1,-1,2,0,0,0,0,0,2,0,14,4,8,41.81683765,-87.74324845
0,374628,-1,30,-1,-1,0,1,10,6,-1,0,0,-1,0,-1,-1,-1,18,-1,1221,-1,-1,-1,-1,-1,-1,2,0,0,0,0,0,2,0,14,4,8,41.89382784,-87.68619141
0,374556,-1,30,0,0,0,1,2,7,-1,0,0,0,0,-1,1,-1,33,-1,1432,-1,-1,-1,-1,-1,-1,1,0,0,0,0,0,1,0,14,4,8,41.92584529,-87.67883572
0,374585,-1,20,0,0,0,1,2,7,0,0,0,0,1,-1,1,-1,8,8,634,-1,-1,-1,-1,-1,-1,1,0,0,0,0,0,3,0,14,4,8,41.72180877,-87.6252419
0,381460,-1,30,-1,-1,-1,1,7,7,-1,0,-1,-1,0,-1,0,1,0,-1,321,-1,-1,-1,-1,-1,-1,2,0,0,0,0,0,1,0,14,4,8,41.77430588,-87.60564803
0,375725,-1,15,0,0,0,1,7,7,-1,0,0,0,0,-1,-1,1,0,0,2221,-1,-1,-1,-1,-1,-1,2,0,0,0,0,0,1,0,14,4,8,41.72130329,-87.66283295
0,374707,-1,25,1,2,0,1,0,5,4,0,0,0,0,1,-1,1,21,17,914,-1,-1,-1,-1,-1,-1,4,0,0,0,0,0,4,0,14,4,8,41.85274018,-87.63214656
0,374627,-1,30,0,2,0,1,14,6,4,0,0,0,0,1,-1,1,23,21,122,-1,-1,-1,-1,-1,-1,2,0,0,0,0,0,2,0,14,4,8,41.88196747,-87.63516544
0,374619,-1,35,0,0,0,1,12,5,4,0,0,0,0,-1,-1,-1,21,0,622,-1,-1,-1,-1,-1,-1,2,0,0,0,0,0,2,0,14,4,8,41.74364565,-87.63222122
0,374615,-1,30,1,2,0,1,10,5,4,0,0,0,0,-1,-1,1,18,0,2413,-1,-1,-1,-1,-1,-1,2,0,0,0,0,0,2,0,14,4,8,41.99418118,-87.68991422
0,374609,-1,30,1,2,0,1,12,5,-1,0,0,0,0,-1,-1,1,0,21,121,-1,-1,-1,-1,-1,-1,2,0,0,0,0,0,3,0,13,4,8,41.87918657,-87.6397419
0,374485,-1,0,0,0,0,1,7,7,-1,0,0,0,0,-1,1,-1,21,-1,911,-1,-1,-1,-1,-1,-1,2,0,0,0,0,0,2,0,13,4,8,41.83040282,-87.69495247
0,374503,-1,30,12,12,0,1,7,2,2,0,0,0,0,-1,-1,-1,23,17,1611,-1,-1,-1,-1,-1,-1,2,0,0,0,0,0,1,0,13,4,8,42.00435657,-87.81764283
0,374505,-1,30,0,0,0,1,12,2,-1,0,0,0,1,-1,-1,-1,17,-1,1732,-1,-1,-1,-1,-1,-1,2,0,0,0,0,0,3,0,13,4,8,41.95306292,-87.72774649
2,374487,-1,30,0,0,0,1,9,6,-1,0,0,0,1,-1,-1,-1,14,-1,111,-1,-1,-1,-1,-1,-1,2,1,0,0,1,0,1,0,13,4,8,41.88333091,-87.62603979
0,377371,-1,30,1,2,0,1,12,5,-1,0,0,0,0,1,-1,-1,0,0,1213,-1,-1,-1,-1,-1,-1,2,0,0,0,0,0,2,0,13,4,8,41.90338788,-87.65830905
0,375588,-1,30,1,2,0,1,12,5,2,0,0,0,0,-1,-1,-1,10,20,1833,-1,-1,-1,-1,-1,-1,2,0,0,0,0,0,2,0,13,4,8,41.89719244,-87.62197466
0,374501,-1,30,0,0,0,1,0,7,-1,0,0,0,0,-1,1,-1,0,0,2212,-1,-1,-1,-1,-1,-1,2,0,0,0,0,0,2,0,13,4,8,41.69236152,-87.68102644
0,374452,-1,20,0,0,0,1,7,6,1,0,0,0,0,1,-1,-1,11,8,1924,-1,-1,-1,-1,-1,-1,2,0,0,0,0,0,2,0,13,4,8,41.94554972,-87.65050054
0,376029,-1,25,0,0,0,1,12,5,2,0,0,0,0,-1,-1,-1,17,-1,131,-1,-1,-1,-1,-1,-1,2,0,0,0,0,0,2,0,13,4,8,41.8553848,-87.62729155
0,374643,-1,35,0,0,0,1,14,5,4,0,0,0,0,-1,-1,-1,0,0,815,-1,-1,-1,-1,-1,-1,2,0,0,0,0,0,2,0,13,4,8,41.80887477,-87.72376804
0,374509,-1,30,1,2,0,1,10,5,2,0,0,0,0,-1,-1,1,0,-1,2515,-1,-1,-1,-1,-1,-1,2,0,0,0,0,0,2,0,13,4,8,41.92224754,-87.76607281
0,374437,-1,30,1,2,0,1,14,-1,-1,0,0,0,0,-1,-1,-1,18,-1,111,-1,-1,-1,-1,-1,-1,2,0,0,0,0,0,2,0,13,4,8,41.88436691,-87.62451148
0,374421,-1,30,1,2,0,1,14,2,2,0,0,0,1,-1,-1,1,-1,-1,1413,-1,-1,-1,-1,-1,-1,1,0,0,0,0,0,1,0,13,4,8,41.9173889,-87.71205145
2,374436,-1,35,1,2,0,1,14,2,4,0,0,0,1,1,-1,-1,17,33,821,-1,-1,-1,-1,-1,-1,2,2,0,0,1,1,4,0,13,4,8,41.81327793,-87.72364188
0,376125,-1,30,0,0,0,1,7,5,-1,0,0,0,0,-1,-1,-1,0,0,1812,-1,-1,-1,-1,-1,-1,2,0,0,0,0,0,1,0,13,4,8,41.92352816,-87.64812854
0,374543,-1,30,-1,-1,0,1,12,2,-1,0,0,12,0,-1,-1,-1,21,0,622,-1,-1,-1,-1,-1,-1,2,0,0,0,0,0,2,0,13,4,8,41.74375351,-87.62508003
0,374462,-1,30,1,2,0,1,12,1,3,0,0,0,0,1,-1,-1,17,0,2234,-1,-1,-1,-1,-1,-1,2,0,0,0,0,0,3,0,13,4,8,41.67765356,-87.66138892
0,374444,-1,0,0,0,0,1,7,5,-1,0,0,0,0,-1,-1,-1,20,-1,2211,-1,-1,-1,-1,-1,-1,2,0,0,0,0,0,1,0,13,4,8,41.70463971,-87.68570122
2,374441,-1,30,9,12,0,1,0,6,-1,0,0,0,1,-1,-1,-1,0,0,1212,-1,-1,-1,-1,-1,-1,2,1,0,0,1,0,2,0,13,4,8,41.90320949,-87.67467406
0,374430,-1,30,0,0,0,1,12,5,4,0,0,0,0,-1,-1,1,17,0,1224,-1,-1,-1,-1,-1,-1,2,0,0,0,0,0,3,0,13,4,8,-1,-1
0,374425,-1,35,0,0,0,1,12,3,4,0,0,0,0,-1,-1,-1,22,-1,2221,-1,-1,-1,-1,-1,-1,2,0,0,0,0,0,2,0,13,4,8,41.72130785,-87.66373345
0,374406,-1,25,1,2,0,1,12,2,8,0,0,-1,0,-1,-1,1,22,11,821,-1,-1,-1,-1,-1,-1,2,0,0,0,0,0,6,0,12,4,8,41.82256757,-87.72389402
0,374472,-1,30,1,2,0,1,14,5,4,0,0,0,0,-1,-1,-1,17,-1,132,-1,-1,-1,-1,-1,-1,2,0,0,0,0,0,3,0,12,4,8,41.86739788,-87.62270051
0,374442,-1,30,1,2,0,1,10,5,-1,0,0,0,0,-1,-1,-1,20,17,434,-1,-1,-1,-1,-1,-1,2,0,0,0,0,0,2,0,12,4,8,41.70802254,-87.55980565
0,374411,-1,35,0,0,0,1,12,3,-1,0,0,0,0,-1,-1,1,21,21,834,-1,-1,-1,-1,-1,-1,2,0,0,0,0,0,2,0,12,4,8,41.74934922,-87.72095486
0,374394,-1,30,2,2,0,1,0,5,-1,0,0,0,0,1,-1,1,17,-1,923,-1,-1,-1,-1,-1,-1,2,0,0,0,0,0,5,0,12,4,8,41.79741762,-87.68371119
0,374373,-1,30,1,1,0,1,12,5,4,0,0,0,0,-1,-1,-1,21,22,1931,-1,-1,-1,-1,-1,-1,2,0,0,0,0,0,5,0,12,4,8,41.93690977,-87.6687093
0,374403,-1,30,0,0,0,1,10,5,4,0,0,0,0,-1,-1,1,23,22,1013,-1,-1,-1,-1,-1,-1,2,0,0,0,0,0,2,0,12,4,8,41.84983192,-87.72796314
0,374369,-1,30,0,0,0,1,7,5,2,0,0,0,0,-1,-1,1,0,0,1434,-1,-1,-1,-1,-1,-1,2,0,0,0,0,0,2,0,12,4,8,41.91335729,-87.6776759
0,374494,-1,30,1,2,0,1,14,5,2,0,0,0,0,-1,-1,1,21,-1,131,-1,-1,-1,-1,-1,-1,2,0,0,0,0,0,6,0,12,4,8,41.85298708,-87.63002661
0,376245,-1,30,2,2,0,1,0,5,-1,0,0,0,0,1,-1,-1,0,0,1034,-1,-1,-1,-1,-1,-1,2,0,0,0,0,0,2,0,12,4,8,41.852218,-87.66617016
0,375904,-1,30,1,2,0,1,14,5,4,0,0,0,0,-1,-1,-1,17,17,1234,-1,-1,-1,-1,-1,-1,2,0,0,0,0,0,2,0,12,4,8,41.85243805,-87.66615223
0,374989,-1,30,1,2,0,1,0,2,4,0,0,0,0,1,-1,1,17,0,2012,-1,-1,-1,-1,-1,-1,2,0,0,0,0,0,2,0,12,4,8,41.97621911,-87.66946742
2,374500,-1,30,0,0,0,1,10,5,-1,0,0,0,1,-1,-1,-1,0,0,1213,-1,-1,-1,-1,-1,-1,2,1,0,0,1,0,2,0,12,4,8,41.89981821,-87.66736891
0,374357,-1,30,1,2,0,1,10,5,2,0,0,0,0,-1,-1,-1,18,-1,632,-1,-1,-1,-1,-1,-1,2,0,0,0,0,0,2,0,12,4,8,41.74385992,-87.60757578
0,374433,-1,30,1,-1,0,1,14,5,4,5,-1,-1,0,1,-1,1,25,0,1121,-1,-1,-1,-1,-1,-1,2,0,0,0,0,0,3,0,12,4,8,41.89982195,-87.71143866
0,374415,-1,30,0,0,0,1,12,2,2,0,0,0,0,-1,-1,-1,21,-1,114,-1,-1,-1,-1,-1,-1,2,0,0,0,0,0,4,0,12,4,8,41.86762194,-87.62043251
0,374363,-1,35,2,2,0,1,10,5,-1,0,0,0,0,-1,-1,-1,8,-1,1121,-1,-1,-1,-1,-1,-1,3,0,0,0,0,0,3,0,12,4,8,41.90050357,-87.70686211
0,374683,-1,30,0,0,0,1,7,5,6,0,0,0,0,-1,-1,-1,20,-1,1711,-1,-1,-1,-1,-1,-1,2,0,0,0,0,0,2,0,12,4,8,41.9971984,-87.71434623
0,375203,-1,30,1,2,0,1,10,6,3,0,0,0,0,1,-1,-1,7,7,211,-1,-1,-1,-1,-1,-1,2,0,0,0,0,0,2,0,12,4,8,41.83826938,-87.62207423
0,374565,-1,5,0,0,0,1,10,7,-1,0,0,0,0,-1,-1,1,20,-1,922,-1,-1,-1,-1,-1,-1,2,0,0,0,0,0,2,0,12,4,8,41.81042922,-87.68435067
0,374364,-1,30,0,0,0,1,7,5,1,0,0,0,0,-1,-1,-1,33,0,2532,-1,-1,-1,-1,-1,-1,2,0,0,0,0,0,1,0,12,4,8,41.90475483,-87.76466886
0,374341,-1,30,0,0,0,1,14,2,-1,0,0,0,0,-1,-1,-1,21,-1,911,-1,-1,-1,-1,-1,-1,2,0,0,0,0,0,3,0,12,4,8,41.82998938,-87.69436756
0,374336,-1,45,1,2,0,1,12,3,-1,0,0,0,0,-1,-1,-1,0,0,331,-1,-1,-1,-1,-1,-1,2,0,0,0,0,0,2,0,12,4,8,41.79142028,-87.58014777
1,374325,-1,30,1,2,0,1,14,5,4,0,0,3,1,1,-1,-1,0,-1,411,-1,-1,-1,-1,-1,-1,3,1,0,0,0,1,2,0,12,4,8,41.75133971,-87.58563227
0,374343,-1,0,2,2,0,1,10,12,-1,0,0,0,1,1,-1,-1,11,-1,835,-1,-1,-1,-1,-1,-1,3,0,0,0,0,0,3,0,11,4,8,41.7354345,-87.69446622
0,374318,-1,30,0,0,0,1,14,5,-1,0,0,0,0,-1,-1,-1,17,-1,1231,-1,-1,-1,-1,-1,-1,2,0,0,0,0,0,2,0,11,4,8,41.87343457,-87.66643368
0,374309,1,5,0,0,0,1,7,12,-1,0,0,0,0,-1,1,-1,0,-1,1631,-1,-1,-1,-1,-1,-1,3,0,0,0,0,0,1,0,11,4,8,41.95230302,-87.821911
0,374293,-1,30,0,0,0,1,7,5,-1,0,0,0,0,-1,-1,-1,0,0,2033,-1,-1,-1,-1,-1,-1,2,0,0,0,0,0,1,0,11,4,8,41.97544263,-87.66605985