MOST_SEVERE_INJURY,RD_NO,CRASH_DATE_EST_I,POSTED_SPEED_LIMIT,TRAFFIC_CONTROL_DEVICE,DEVICE_CONDITION,WEATHER_CONDITION,LIGHTING_CONDITION,FIRST_CRASH_TYPE,TRAFFICWAY_TYPE,LANE_CNT,ALIGNMENT,ROADWAY_SURFACE_COND,ROAD_DEFECT,CRASH_TYPE,INTERSECTION_RELATED_I,NOT_RIGHT_OF_WAY_I,HIT_AND_RUN_I,PRIM_CONTRIBUTORY_CAUSE,SEC_CONTRIBUTORY_CAUSE,BEAT_OF_OCCURRENCE,PHOTOS_TAKEN_I,STATEMENTS_TAKEN_I,DOORING_I,WORK_ZONE_I,WORK_ZONE_TYPE,WORKERS_PRESENT_I,NUM_UNITS,INJURIES_TOTAL,INJURIES_FATAL,INJURIES_INCAPACITATING,INJURIES_NON_INCAPACITATING,INJURIES_REPORTED_NOT_EVIDENT,INJURIES_NO_INDICATION,INJURIES_UNKNOWN,CRASH_HOUR,CRASH_DAY_OF_WEEK,CRASH_MONTH,LATITUDE,LONGITUDE
-1,374283,-1,30,0,0,0,1,7,5,1,0,0,0,0,-1,-1,-1,12,-1,1612,-1,-1,-1,-1,-1,-1,-1,-1,-1,-1,-1,-1,-1,-1,11,4,8,41.98421166,-87.80935443
0,374330,-1,0,1,2,0,1,10,5,4,0,0,0,0,-1,-1,-1,18,0,1411,-1,-1,-1,-1,-1,-1,2,0,0,0,0,0,2,0,11,4,8,41.92866979,-87.68792224
0,375697,-1,25,0,0,0,1,12,6,-1,0,0,0,0,-1,-1,-1,0,0,1512,-1,-1,-1,-1,-1,-1,2,0,0,0,0,0,5,0,11,4,8,41.88420893,-87.77004377
0,375673,-1,5,0,0,0,1,7,0,-1,0,0,0,0,-1,-1,-1,17,0,112,-1,-1,-1,-1,-1,-1,2,0,0,0,0,0,1,0,11,4,8,41.88310048,-87.63014723
-1,374488,-1,30,1,2,0,1,10,3,-1,0,0,-1,0,-1,-1,1,0,16,321,-1,-1,-1,-1,-1,-1,-1,-1,-1,-1,-1,-1,-1,-1,11,4,8,41.7659789,-87.60546387
0,374306,-1,30,0,0,0,1,14,2,4,0,0,0,0,-1,-1,-1,17,-1,1023,-1,-1,-1,-1,-1,-1,2,0,0,0,0,0,2,0,11,4,8,41.86334103,-87.69035858
1,374285,-1,30,1,2,0,1,14,5,4,0,0,0,1,1,-1,-1,17,-1,1522,-1,-1,-1,-1,-1,-1,2,1,0,0,0,1,1,0,11,4,8,41.87133083,-87.75488629
0,374284,-1,20,0,0,0,1,2,8,1,0,0,0,0,-1,-1,-1,20,11,1653,-1,-1,-1,-1,-1,-1,2,0,0,0,0,0,1,0,11,4,8,-1,-1
0,374281,-1,30,1,2,0,1,0,5,-1,0,0,0,1,1,-1,-1,12,16,2232,-1,-1,-1,-1,-1,-1,2,0,0,0,0,0,2,0,11,4,8,41.7030523,-87.65725979
0,374312,-1,30,1,2,0,1,10,5,2,0,0,0,0,-1,-1,-1,18,-1,1911,-1,-1,-1,-1,-1,-1,2,0,0,0,0,0,2,0,11,4,8,41.96579167,-87.68867077
0,374302,-1,30,0,0,0,1,14,6,3,0,0,0,0,-1,-1,-1,21,0,1834,-1,-1,-1,-1,-1,-1,2,0,0,0,0,0,9,0,11,4,8,41.89182349,-87.62531771
0,374277,-1,30,0,0,0,1,10,3,4,0,0,0,0,-1,-1,-1,-1,-1,813,-1,-1,-1,-1,-1,-1,2,0,0,0,0,0,2,0,11,4,8,41.78074798,-87.74221955
0,374270,-1,30,0,0,0,1,7,6,-1,0,0,0,0,-1,-1,-1,0,-1,114,-1,-1,-1,-1,-1,-1,2,0,0,0,0,0,3,0,11,4,8,41.88799989,-87.62256513
3,374273,-1,30,1,2,0,1,10,5,4,0,0,0,1,1,-1,-1,18,16,1532,-1,-1,-1,-1,-1,-1,2,3,0,3,0,0,2,0,11,4,8,41.88299576,-87.74551779
0,377417,-1,30,0,0,0,1,12,5,2,0,0,-1,0,-1,-1,-1,0,0,1915,-1,-1,-1,-1,-1,-1,2,0,0,0,0,0,2,0,11,4,8,41.95474551,-87.6453294
0,374631,1,35,0,0,0,1,7,2,-1,0,0,0,0,-1,-1,1,0,-1,1231,-1,-1,-1,-1,-1,-1,4,0,0,0,0,0,1,0,11,4,8,41.87059042,-87.67131784
0,374517,1,30,0,0,0,-1,7,6,1,0,0,0,0,-1,-1,1,0,-1,2515,-1,-1,-1,-1,-1,-1,2,0,0,0,0,0,1,0,11,4,8,41.92659485,-87.77231002
0,374328,-1,30,2,2,0,1,0,5,-1,0,0,0,0,1,-1,-1,17,18,1433,-1,-1,-1,-1,-1,-1,2,0,0,0,0,0,2,0,11,4,8,41.90713927,-87.66492913
0,375861,-1,30,0,0,0,1,10,2,2,0,0,0,0,-1,-1,-1,0,-1,1112,-1,-1,-1,-1,-1,-1,2,0,0,0,0,0,2,0,10,4,8,41.89893143,-87.72604407
0,374241,-1,30,0,0,0,1,12,5,2,0,0,0,0,-1,-1,-1,0,0,1812,-1,1,-1,-1,-1,-1,2,0,0,0,0,0,2,0,10,4,8,41.91997186,-87.64307846
0,374264,-1,10,0,0,0,1,7,7,0,0,0,0,0,-1,-1,1,0,0,622,-1,-1,-1,-1,-1,-1,2,0,0,0,0,0,1,0,10,4,8,41.74342733,-87.63218113
0,374266,-1,30,0,0,0,1,10,5,2,0,0,0,1,-1,-1,-1,18,-1,621,-1,-1,-1,0,-1,-1,2,0,0,0,0,0,2,0,10,4,8,41.75084001,-87.6378024
0,374226,-1,30,1,2,0,1,10,5,2,0,0,0,0,-1,-1,-1,0,16,1215,-1,-1,-1,-1,-1,-1,2,0,0,0,0,0,2,0,10,4,8,41.88551896,-87.66276603
1,374208,-1,35,1,2,0,1,10,5,2,0,0,0,1,-1,-1,1,22,0,313,-1,-1,-1,-1,-1,-1,2,1,0,0,0,1,3,0,10,4,8,41.78035148,-87.61548147
0,374298,-1,0,0,0,0,1,7,0,0,0,0,0,0,-1,-1,-1,20,0,1824,-1,-1,-1,-1,-1,-1,2,0,0,0,0,0,1,0,10,4,8,41.90954266,-87.63030314
0,374279,-1,30,0,0,0,1,10,5,2,0,0,0,0,-1,-1,-1,18,-1,2033,-1,-1,-1,-1,-1,-1,2,0,0,0,0,0,2,0,10,4,8,41.97369579,-87.65964913
0,374257,-1,30,0,0,0,1,0,0,-1,0,0,0,0,-1,-1,-1,20,17,932,-1,-1,-1,-1,-1,-1,2,0,0,0,0,0,3,0,10,4,8,41.79985409,-87.67340288
0,374213,-1,30,0,0,0,1,7,5,-1,0,0,0,0,-1,-1,-1,21,-1,911,-1,-1,-1,-1,-1,-1,2,0,0,0,0,0,1,0,10,4,8,41.82804376,-87.70054546
2,374222,-1,30,0,0,0,1,14,6,3,0,0,0,1,-1,-1,-1,23,0,622,-1,-1,-1,-1,-1,-1,2,1,0,0,1,0,1,0,10,4,8,41.73636453,-87.62529997
0,374168,-1,30,0,0,0,1,14,5,2,0,0,0,0,-1,-1,-1,23,-1,1822,-1,-1,-1,-1,-1,-1,2,0,0,0,0,0,2,0,10,4,8,41.90134759,-87.64812126
0,374167,-1,35,0,0,0,1,10,5,-1,2,0,0,0,-1,-1,-1,18,-1,1731,-1,-1,-1,-1,-1,-1,2,0,0,0,0,0,2,0,10,4,8,41.93897796,-87.74392645
0,374156,-1,30,1,2,0,1,14,5,4,0,0,0,0,-1,-1,-1,0,0,523,-1,-1,-1,-1,-1,-1,2,0,0,0,0,0,3,0,10,4,8,41.66313453,-87.64147987
0,375115,-1,30,0,0,0,1,7,5,2,0,0,0,0,-1,-1,1,0,0,915,-1,-1,-1,-1,-1,-1,2,0,0,0,0,0,1,0,10,4,8,41.82408925,-87.63849266
0,374447,1,15,0,0,0,1,7,6,1,0,0,0,0,-1,-1,1,0,0,731,-1,-1,-1,-1,-1,-1,2,0,0,0,0,0,1,0,10,4,8,41.76216309,-87.63351491
0,374231,-1,15,0,0,0,1,7,7,1,0,0,0,0,-1,1,1,0,0,2515,-1,-1,-1,-1,-1,-1,2,0,0,0,0,0,1,0,10,4,8,41.92589288,-87.76620483
0,374163,-1,20,0,0,0,1,10,7,-1,0,0,0,0,-1,-1,-1,20,-1,612,1,-1,-1,-1,-1,-1,2,0,0,0,0,0,2,0,10,4,8,41.75038047,-87.65429993
0,383314,-1,30,0,0,-1,1,7,5,2,0,-1,-1,0,-1,-1,1,0,-1,1214,-1,-1,-1,-1,-1,-1,2,0,0,0,0,0,1,0,9,4,8,41.88669474,-87.6450336
0,374179,-1,20,1,2,0,1,10,5,-1,0,0,0,0,1,-1,-1,16,18,1911,-1,-1,-1,-1,-1,-1,2,0,0,0,0,0,2,0,9,4,8,41.96145853,-87.68883423
0,374177,-1,30,0,0,0,1,7,6,1,0,0,0,0,-1,-1,-1,0,-1,1023,-1,-1,-1,-1,-1,-1,2,0,0,0,0,0,1,0,9,4,8,41.85591237,-87.69327474
0,383322,-1,30,1,-1,0,1,10,5,2,0,0,-1,0,1,-1,-1,18,-1,1214,-1,-1,-1,-1,-1,-1,2,0,0,0,0,0,2,0,9,4,8,41.88576263,-87.6426282
1,374183,-1,30,0,0,0,1,12,5,-1,0,0,0,1,-1,-1,-1,23,-1,1214,-1,-1,-1,-1,-1,-1,2,1,0,0,0,1,1,0,9,4,8,41.89127212,-87.64952345
0,374166,-1,35,0,0,0,1,14,5,2,0,0,0,0,-1,-1,-1,17,-1,2211,-1,-1,-1,-1,-1,-1,2,0,0,0,0,0,3,0,9,4,8,41.70546379,-87.70145782
0,374162,-1,30,2,2,0,1,0,5,4,0,0,0,1,1,-1,-1,17,-1,132,-1,-1,-1,-1,-1,-1,2,0,0,0,0,0,2,0,9,4,8,41.85423551,-87.62239968
0,374124,-1,15,0,0,0,1,5,0,1,0,0,0,0,-1,1,-1,23,-1,1132,-1,-1,-1,-1,-1,-1,1,0,0,0,0,0,1,0,9,4,8,41.87288489,-87.72893211
0,374154,-1,30,0,0,0,1,10,2,2,0,0,-1,0,-1,-1,-1,20,28,1112,-1,-1,-1,1,2,-1,2,0,0,0,0,0,3,0,9,4,8,41.89527049,-87.72461417
0,374234,-1,10,0,0,0,1,10,7,2,0,0,0,0,-1,-1,-1,0,-1,321,-1,-1,-1,-1,-1,-1,2,0,0,0,0,0,2,0,9,4,8,41.77402358,-87.60564323
0,374137,-1,30,0,0,0,1,12,6,2,0,0,0,0,-1,-1,-1,17,17,113,-1,-1,-1,-1,-1,-1,2,0,0,0,0,0,2,0,9,4,8,41.87942967,-87.62527091
0,374126,-1,30,2,2,0,1,0,2,-1,0,0,0,0,1,-1,-1,17,-1,932,-1,-1,-1,-1,-1,-1,2,0,0,0,0,0,3,0,9,4,8,41.80119251,-87.66857064
0,374121,-1,30,1,2,0,1,12,1,4,0,0,0,0,-1,-1,-1,21,16,835,-1,-1,-1,-1,-1,-1,2,0,0,0,0,0,2,0,9,4,8,41.75005493,-87.6829922
0,374176,-1,30,0,0,0,1,10,1,2,1,0,0,1,-1,-1,-1,18,16,1931,-1,-1,-1,-1,-1,-1,4,0,0,0,0,0,4,0,9,4,8,41.9308986,-87.67812371
0,385056,-1,30,0,0,0,1,14,5,-1,0,0,0,0,-1,-1,-1,20,-1,123,-1,-1,-1,-1,-1,-1,2,0,0,0,0,0,4,0,9,4,8,41.8755929,-87.62524291
0,374135,-1,30,2,2,0,1,0,5,2,0,0,0,1,1,-1,-1,17,11,1411,-1,-1,-1,-1,-1,-1,2,0,0,0,0,0,2,0,9,4,8,41.9340819,-87.69032932
0,374100,-1,30,0,0,0,1,10,2,4,0,0,0,0,-1,-1,1,18,18,825,-1,-1,-1,-1,-1,-1,2,0,0,0,0,0,2,0,9,4,8,41.77953853,-87.68350199
0,374122,-1,30,1,2,0,1,14,2,-1,0,0,0,0,1,-1,-1,17,-1,933,-1,-1,-1,-1,-1,-1,2,0,0,0,0,0,4,0,9,4,8,41.80849493,-87.6649536
0,374907,-1,30,-1,-1,0,1,12,-1,-1,0,0,0,0,-1,-1,-1,17,17,1834,-1,-1,-1,-1,-1,-1,2,0,0,0,0,0,2,0,9,4,8,41.88940378,-87.62442627
2,374142,1,30,1,2,0,1,10,6,4,0,0,0,1,1,-1,1,18,11,122,-1,-1,-1,-1,-1,-1,2,1,0,0,1,0,1,0,9,4,8,41.88436464,-87.63168425
3,374130,-1,35,2,2,0,1,0,12,0,0,0,0,1,1,-1,-1,11,-1,1632,-1,-1,-1,-1,-1,-1,2,1,0,1,0,0,1,0,9,4,8,41.94542324,-87.80345823
0,374110,-1,20,2,2,0,1,7,5,-1,0,0,0,0,-1,-1,-1,20,-1,2411,-1,-1,-1,1,1,1,2,0,0,0,0,0,1,0,9,4,8,42.00756033,-87.69722825
0,387039,1,30,0,0,0,1,7,5,2,0,0,0,0,-1,-1,1,0,-1,2433,-1,-1,-1,-1,-1,-1,2,0,0,0,0,0,1,0,9,4,8,41.99671227,-87.67291256
0,374652,-1,25,0,0,2,1,7,2,-1,0,0,0,0,-1,-1,0,0,-1,834,-1,-1,-1,-1,-1,-1,2,0,0,0,0,0,1,0,9,4,8,41.74937174,-87.71960899
0,374136,-1,30,1,2,0,1,14,2,4,0,0,0,0,1,-1,-1,0,11,1925,-1,-1,-1,-1,-1,-1,2,0,0,0,0,0,2,0,9,4,8,41.94034266,-87.63887269
1,374086,-1,30,2,2,0,1,10,5,-1,0,0,0,1,-1,-1,1,18,7,632,-1,-1,-1,-1,-1,-1,2,2,0,0,0,2,3,0,9,4,8,41.73666598,-87.60133751
0,374116,-1,25,2,2,0,1,0,2,2,0,0,3,0,-1,-1,1,0,0,834,-1,-1,-1,-1,-1,-1,2,0,0,0,0,0,2,0,8,4,8,41.74225137,-87.7145173
0,374104,-1,35,0,0,0,1,12,3,4,0,0,0,0,-1,-1,1,22,0,114,-1,-1,-1,-1,-1,-1,2,0,0,0,0,0,2,0,8,4,8,41.87949176,-87.62420439
0,374185,-1,35,1,2,0,1,8,5,-1,0,0,0,0,1,-1,-1,21,-1,1224,-1,-1,-1,-1,-1,-1,2,0,0,0,0,0,2,0,8,4,8,41.8801009,-87.66690182
0,374097,-1,30,2,2,0,1,14,5,-1,0,0,0,0,1,-1,-1,11,16,2221,-1,-1,-1,-1,-1,-1,2,0,0,0,0,0,2,0,8,4,8,41.72314392,-87.66265994
0,374066,-1,35,1,4,0,1,14,2,4,0,0,0,0,-1,-1,-1,17,-1,2211,-1,-1,-1,-1,-1,-1,2,0,0,0,0,0,2,0,8,4,8,41.70516058,-87.72074375
0,374117,-1,30,2,2,0,1,0,12,4,0,0,0,0,-1,-1,-1,0,0,1834,-1,-1,-1,-1,-1,-1,2,0,0,0,0,0,2,0,8,4,8,41.89485296,-87.6229018
2,374055,-1,30,1,2,0,1,0,2,4,0,0,0,1,1,-1,-1,6,17,1834,-1,-1,-1,-1,-1,-1,2,2,0,0,1,1,1,0,8,4,8,41.89096978,-87.62430764
0,374087,-1,30,0,0,0,1,12,6,-1,0,0,0,0,-1,-1,-1,0,0,1223,-1,-1,-1,-1,-1,-1,2,0,0,0,0,0,2,0,8,4,8,41.88320161,-87.68001288
2,374048,0,30,-1,0,0,1,8,-1,2,0,0,0,1,-1,-1,-1,0,0,1811,-1,-1,1,-1,-1,-1,2,1,0,0,1,0,1,0,8,4,8,41.91795315,-87.65633257
0,374060,-1,30,0,0,0,1,14,5,2,0,0,0,1,0,-1,-1,0,0,333,-1,-1,-1,-1,-1,-1,2,0,0,0,0,0,4,0,8,4,8,41.76438067,-87.57611562
0,374044,-1,30,1,2,0,1,12,5,4,0,0,0,0,-1,-1,-1,22,-1,1422,-1,-1,-1,-1,-1,-1,2,0,0,0,0,0,3,0,8,4,8,41.90989805,-87.71549655
0,378832,-1,30,2,2,0,1,14,5,2,0,0,0,0,1,-1,-1,17,16,1732,-1,-1,-1,-1,-1,-1,2,0,0,0,0,0,2,0,8,4,8,41.94632878,-87.72255977
0,374058,-1,25,0,0,0,1,7,5,4,0,0,0,1,-1,-1,-1,13,-1,1211,-1,-1,-1,-1,-1,-1,3,0,0,0,0,0,1,0,8,4,8,41.89569835,-87.70282393
0,381936,-1,30,0,0,0,1,7,7,2,0,0,0,0,-1,1,-1,0,-1,1412,-1,-1,-1,-1,-1,-1,2,0,0,0,0,0,1,0,8,4,8,41.93338053,-87.70760946
0,374256,1,30,0,0,0,3,7,6,-1,0,0,0,0,-1,-1,1,0,-1,1422,-1,-1,-1,-1,-1,-1,2,0,0,0,0,0,1,0,8,4,8,41.9071912,-87.71384155
0,374118,-1,30,1,2,0,1,10,5,-1,0,0,0,0,-1,-1,-1,18,0,2535,-1,-1,-1,-1,-1,-1,2,0,0,0,0,0,2,0,8,4,8,41.90613286,-87.72603945
0,374178,-1,0,1,2,0,1,12,5,4,0,0,0,0,-1,-1,1,21,22,1213,-1,-1,-1,-1,-1,-1,2,0,0,0,0,0,2,0,7,4,8,41.90322316,-87.66840114
0,374034,-1,0,1,2,0,1,2,12,-1,0,0,12,1,1,-1,-1,29,-1,835,-1,-1,-1,-1,-1,-1,2,0,0,0,0,0,4,0,7,4,8,41.73547543,-87.69197167
0,374027,-1,30,0,0,0,1,10,5,-1,0,0,0,0,-1,-1,-1,18,-1,1222,-1,-1,-1,-1,-1,-1,3,0,0,0,0,0,3,0,7,4,8,41.88401648,-87.70114276
0,374037,-1,40,0,0,0,1,12,2,6,0,0,0,1,-1,-1,1,22,17,114,-1,-1,-1,-1,-1,-1,2,0,0,0,0,0,2,0,7,4,8,41.88131456,-87.61762921
0,374032,-1,30,0,0,0,1,12,5,3,0,0,0,0,-1,-1,-1,0,0,815,-1,-1,-1,-1,-1,-1,2,0,0,0,0,0,2,0,7,4,8,41.81719507,-87.7432666
0,374019,-1,30,1,2,0,1,8,5,-1,0,0,0,0,-1,-1,-1,21,-1,1222,-1,-1,-1,-1,-1,-1,2,0,0,0,0,0,2,0,7,4,8,41.88414682,-87.70114617
0,374013,-1,35,1,2,0,1,10,2,-1,0,0,-1,1,-1,-1,-1,0,-1,2031,-1,-1,-1,-1,-1,-1,2,0,0,0,0,0,2,0,7,4,8,41.97579462,-87.68899954
0,374018,-1,30,1,2,0,1,14,5,-1,0,0,0,0,-1,-1,-1,23,0,2423,-1,-1,-1,-1,-1,-1,2,0,0,0,0,0,3,0,7,4,8,42.01164392,-87.66305334
0,374003,-1,30,1,2,0,1,14,5,-1,0,0,0,0,1,-1,-1,17,22,621,-1,-1,-1,-1,-1,-1,2,0,0,0,0,0,2,0,7,4,8,41.75054956,-87.64418837
0,374004,-1,55,10,2,0,1,12,3,3,0,0,0,0,-1,-1,-1,22,-1,412,-1,-1,-1,-1,-1,-1,2,0,0,0,0,0,2,0,7,4,8,-1,-1
0,376493,-1,30,0,0,0,1,7,5,-1,0,0,0,0,-1,-1,-1,-1,-1,235,-1,-1,-1,-1,-1,-1,2,0,0,0,0,0,1,0,7,4,8,41.79379657,-87.5805629
0,374011,-1,35,1,2,0,1,14,5,2,0,0,0,0,-1,-1,-1,17,-1,1012,-1,-1,-1,-1,-1,-1,2,0,0,0,0,0,2,0,7,4,8,41.85239892,-87.7343858
0,373998,-1,30,0,0,0,1,12,6,4,2,0,0,0,-1,-1,-1,21,11,121,-1,-1,-1,-1,-1,-1,2,0,0,0,0,0,3,0,6,4,8,41.88200503,-87.6384833
0,373994,-1,30,0,0,0,1,0,12,1,0,0,0,0,-1,-1,1,17,-1,833,-1,-1,-1,-1,-1,-1,2,0,0,0,0,0,4,0,6,4,8,41.77057067,-87.72243463
0,373981,1,30,1,2,0,1,14,5,-1,0,0,0,1,1,-1,-1,17,17,1034,-1,-1,-1,-1,-1,-1,2,0,0,0,0,0,2,0,6,4,8,41.8382641,-87.68953845
0,376537,-1,30,1,2,0,1,12,2,-1,0,0,0,0,-1,-1,-1,0,-1,2513,-1,-1,-1,-1,-1,-1,2,0,0,0,0,0,2,0,6,4,8,41.90949252,-87.77558432
0,376259,-1,15,0,0,0,1,2,7,-1,0,0,-1,0,-1,-1,-1,0,-1,123,-1,-1,-1,-1,-1,-1,1,0,0,0,0,0,1,0,6,4,8,41.87446138,-87.63082044
0,374973,-1,15,0,0,0,1,0,7,1,0,0,0,0,-1,-1,-1,20,-1,1931,-1,-1,-1,-1,-1,-1,2,0,0,0,0,0,2,0,6,4,8,41.93547203,-87.66865454
0,373975,-1,30,0,0,0,1,14,5,3,0,0,0,1,-1,-1,-1,23,-1,821,-1,0,-1,-1,-1,-1,2,0,0,0,0,0,2,0,5,4,8,41.80241455,-87.72328066
0,373985,-1,30,0,0,0,1,12,6,3,0,0,0,0,-1,-1,-1,17,17,1235,-1,-1,-1,-1,-1,-1,2,0,0,0,0,0,2,0,5,4,8,41.85581845,-87.64365693
0,373974,1,30,0,0,0,1,10,1,2,0,0,0,1,-1,-1,-1,18,18,2523,-1,-1,-1,-1,-1,-1,2,0,0,0,0,0,2,0,5,4,8,41.93891052,-87.73270782
0,373945,-1,30,0,0,0,3,10,5,-1,0,0,0,1,-1,-1,1,18,0,1124,-1,-1,-1,-1,-1,-1,2,0,0,0,0,0,4,0,3,4,8,41.88065841,-87.70596638
0,374471,-1,30,1,2,0,3,14,12,-1,0,0,0,0,1,-1,1,27,25,1225,-1,-1,-1,-1,-1,-1,2,0,0,0,0,0,2,0,3,4,8,41.87631682,-87.67649779
0,373959,1,30,-1,0,0,3,7,5,2,0,0,0,0,-1,-1,1,-1,-1,421,-1,-1,-1,-1,-1,-1,3,0,0,0,0,0,1,0,3,4,8,41.75731606,-87.56376958
0,373926,-1,35,0,0,0,3,7,5,-1,0,0,0,1,-1,-1,-1,14,20,2011,-1,-1,-1,-1,-1,-1,4,0,0,0,0,0,1,0,2,4,8,41.98305347,-87.69059755
2,373930,-1,30,0,3,0,3,2,5,-1,0,0,0,1,-1,-1,0,0,0,1932,-1,-1,-1,-1,-1,-1,1,1,0,0,1,0,0,0,2,4,8,41.93489402,-87.66219008
0,373912,-1,30,0,0,0,3,7,5,2,0,0,0,0,-1,-1,-1,20,-1,923,-1,-1,-1,-1,-1,-1,2,0,0,0,0,0,3,0,1,4,8,41.79728429,-87.68427031
0,375225,-1,30,-1,-1,0,-1,12,1,-1,0,-1,-1,0,-1,-1,-1,0,0,1933,-1,-1,-1,-1,-1,-1,2,0,0,0,0,0,2,0,1,4,8,41.93301259,-87.65913422
0,373882,-1,25,0,0,0,3,7,5,1,0,0,0,0,-1,-1,1,7,11,2221,-1,-1,-1,-1,-1,-1,2,0,0,0,0,0,1,0,1,4,8,41.72921261,-87.6660318
0,379707,-1,15,0,0,0,3,10,7,-1,0,0,0,0,-1,1,-1,0,0,824,-1,-1,-1,-1,-1,-1,2,0,0,0,0,0,3,0,1,4,8,41.7890046,-87.70328303
0,374052,-1,35,2,-1,-1,-1,10,5,-1,0,-1,-1,0,-1,-1,-1,16,-1,414,-1,-1,-1,-1,-1,-1,2,0,0,0,0,0,2,0,0,4,8,41.7570665,-87.56648012
0,373873,-1,30,1,2,0,3,14,1,5,0,0,0,1,1,-1,-1,0,-1,833,-1,-1,-1,-1,-1,-1,2,0,0,0,0,0,4,0,0,4,8,41.7712227,-87.74191039
0,373871,-1,30,0,0,0,3,2,6,-1,0,0,0,0,-1,1,1,-1,-1,634,-1,-1,-1,-1,-1,-1,5,0,0,0,0,0,3,0,0,4,8,41.72841646,-87.62537057
0,373831,-1,30,0,0,0,0,10,2,2,0,0,12,1,-1,-1,-1,0,-1,1412,-1,-1,-1,-1,-1,-1,2,0,0,0,0,0,3,0,0,4,8,41.93182783,-87.71481101
0,373826,-1,30,0,0,0,3,7,2,2,0,0,0,1,-1,-1,-1,9,21,922,-1,-1,-1,-1,-1,-1,4,0,0,0,0,0,1,0,23,3,7,41.80898809,-87.69408301
1,373853,-1,30,1,2,0,3,14,5,-1,0,0,0,1,1,-1,-1,0,11,834,-1,-1,-1,-1,-1,-1,2,1,0,0,0,1,1,0,23,3,7,41.74906506,-87.7412039
0,373863,-1,30,1,0,0,3,12,5,2,0,0,3,0,-1,-1,1,0,-1,632,-1,-1,-1,-1,-1,-1,2,0,0,0,0,0,3,0,23,3,7,41.73659159,-87.6146776
0,373809,1,30,0,0,0,3,7,2,2,0,0,0,0,-1,-1,-1,20,0,1424,-1,-1,-1,-1,-1,-1,2,0,0,0,0,0,2,0,23,3,7,41.90337271,-87.67259245
2,373795,-1,30,1,2,0,3,9,5,4,0,0,-1,1,1,-1,1,17,0,725,-1,-1,-1,-1,-1,-1,2,1,0,0,1,0,1,0,23,3,7,41.77937222,-87.66436535
3,373813,-1,15,0,0,0,0,9,0,0,0,0,1,1,-1,-1,1,0,-1,213,1,-1,-1,-1,-1,-1,2,1,0,1,0,0,1,0,23,3,7,41.82122916,-87.62138893
0,373793,-1,30,1,2,0,3,14,12,4,0,0,0,0,1,-1,-1,23,11,935,-1,-1,-1,-1,-1,-1,2,0,0,0,0,0,2,0,23,3,7,41.79464267,-87.63177187
0,373830,-1,30,0,0,0,3,2,0,1,0,0,0,0,-1,1,1,19,-1,131,-1,-1,-1,-1,-1,-1,1,0,0,0,0,0,1,0,23,3,7,41.85750201,-87.62733462
0,373797,-1,35,2,2,0,3,0,5,-1,0,0,0,1,1,-1,-1,11,-1,414,-1,-1,-1,-1,-1,-1,2,0,0,0,0,0,2,0,23,3,7,41.74449295,-87.57214483
0,373828,-1,5,0,0,0,3,7,7,-1,0,0,0,0,-1,1,-1,0,0,815,-1,-1,-1,-1,-1,-1,2,0,0,0,0,0,2,0,23,3,7,41.81293268,-87.72392083
0,373823,-1,30,1,2,0,3,12,5,4,0,0,0,0,-1,-1,-1,21,-1,132,-1,-1,-1,-1,-1,-1,2,0,0,0,0,0,2,0,23,3,7,41.86611561,-87.62002008
0,373803,-1,30,1,2,0,3,10,5,-1,0,0,-1,0,1,-1,-1,18,0,1232,-1,-1,-1,-1,-1,-1,2,0,0,0,0,0,4,0,23,3,7,41.86724054,-87.6467718
0,373810,-1,30,0,0,0,3,11,5,-1,0,0,0,0,-1,-1,1,0,0,911,-1,-1,-1,-1,-1,-1,2,0,0,0,0,0,2,0,22,3,7,41.8242665,-87.70616706
0,373780,-1,20,0,0,0,3,11,12,1,0,0,0,0,-1,-1,-1,10,11,132,-1,-1,-1,-1,-1,-1,2,0,0,0,0,0,2,0,22,3,7,41.86643601,-87.61399834
0,373788,-1,30,0,0,0,3,12,5,-1,0,0,0,0,-1,-1,1,21,-1,1923,-1,-1,-1,-1,-1,-1,2,0,0,0,0,0,2,0,22,3,7,41.94914734,-87.64968984
0,373821,-1,30,1,2,0,0,10,2,2,0,0,0,0,1,-1,-1,7,-1,1012,-1,-1,-1,-1,-1,-1,2,0,0,0,0,0,2,0,22,3,7,41.85145,-87.73464969
0,373756,-1,30,1,2,0,3,10,5,4,0,0,0,0,-1,-1,-1,7,-1,1731,-1,-1,-1,-1,-1,-1,2,0,0,0,0,0,3,0,22,3,7,41.95341361,-87.73839595
2,373782,-1,25,2,12,0,0,8,12,1,0,0,0,1,1,-1,-1,0,0,1824,-1,-1,-1,-1,-1,-1,2,1,0,0,1,0,1,0,22,3,7,41.909584,-87.62775628
0,373766,-1,30,-1,-1,0,4,10,3,3,0,0,-1,0,1,-1,-1,20,21,1224,-1,-1,-1,-1,-1,-1,2,0,0,0,0,0,2,0,22,3,7,41.88449876,-87.64854876
0,374014,-1,30,1,2,0,3,10,5,4,0,0,0,0,-1,-1,-1,18,0,614,-1,-1,-1,-1,-1,-1,2,0,0,0,0,0,3,0,22,3,7,41.73589862,-87.66312878
0,373765,-1,25,1,2,0,3,10,5,2,0,0,-1,0,1,-1,-1,18,0,1235,-1,-1,-1,-1,-1,-1,2,0,0,0,0,0,2,0,22,3,7,41.85773045,-87.64191665
0,373738,-1,30,0,0,0,3,5,6,1,0,0,0,1,-1,-1,-1,8,-1,1633,-1,-1,-1,-1,-1,-1,1,0,0,0,0,0,1,0,22,3,7,41.95221134,-87.77732147