MOST_SEVERE_INJURY,RD_NO,CRASH_DATE_EST_I,POSTED_SPEED_LIMIT,TRAFFIC_CONTROL_DEVICE,DEVICE_CONDITION,WEATHER_CONDITION,LIGHTING_CONDITION,FIRST_CRASH_TYPE,TRAFFICWAY_TYPE,LANE_CNT,ALIGNMENT,ROADWAY_SURFACE_COND,ROAD_DEFECT,CRASH_TYPE,INTERSECTION_RELATED_I,NOT_RIGHT_OF_WAY_I,HIT_AND_RUN_I,PRIM_CONTRIBUTORY_CAUSE,SEC_CONTRIBUTORY_CAUSE,BEAT_OF_OCCURRENCE,PHOTOS_TAKEN_I,STATEMENTS_TAKEN_I,DOORING_I,WORK_ZONE_I,WORK_ZONE_TYPE,WORKERS_PRESENT_I,NUM_UNITS,INJURIES_TOTAL,INJURIES_FATAL,INJURIES_INCAPACITATING,INJURIES_NON_INCAPACITATING,INJURIES_REPORTED_NOT_EVIDENT,INJURIES_NO_INDICATION,INJURIES_UNKNOWN,CRASH_HOUR,CRASH_DAY_OF_WEEK,CRASH_MONTH,LATITUDE,LONGITUDE
0,373885,-1,25,1,2,0,3,12,2,-1,0,0,0,0,-1,-1,-1,21,21,1214,-1,-1,-1,-1,-1,-1,2,0,0,0,0,0,2,0,22,3,7,41.8913637,-87.64776847
0,373762,-1,30,0,0,0,3,12,6,-1,0,0,0,0,-1,-1,-1,0,0,1834,-1,1,-1,-1,-1,-1,2,0,0,0,0,0,3,0,22,3,7,41.89344423,-87.62427604
1,373734,-1,30,2,2,0,3,14,5,2,0,0,0,1,1,-1,1,17,-1,2512,-1,-1,-1,-1,-1,-1,2,1,0,0,0,1,1,0,22,3,7,41.92384172,-87.80446205
3,373695,-1,5,0,0,0,3,9,0,1,0,0,0,1,-1,-1,-1,-1,-1,1723,-1,-1,-1,-1,-1,-1,2,2,0,2,0,0,2,0,21,3,7,41.96497314,-87.71800383
0,374375,-1,30,0,0,0,1,12,5,-1,0,0,0,0,-1,-1,1,0,0,1914,-1,-1,-1,-1,-1,-1,2,0,0,0,0,0,2,0,21,3,7,41.96575097,-87.64722597
0,374568,-1,35,0,0,0,3,7,7,0,0,0,0,0,-1,-1,1,0,0,822,-1,-1,-1,-1,-1,-1,2,0,0,0,0,0,1,0,21,3,7,41.78604601,-87.70349047
0,373706,-1,30,0,0,0,3,7,5,2,0,0,0,1,-1,-1,-1,0,-1,733,-1,-1,-1,-1,-1,-1,3,0,0,0,0,0,1,0,21,3,7,41.76384946,-87.64937972
0,373704,-1,30,0,0,0,4,7,5,2,0,0,0,1,-1,-1,-1,16,-1,321,-1,-1,-1,-1,-1,-1,3,0,0,0,0,0,4,0,21,3,7,41.77293835,-87.61110347
0,376948,-1,25,0,-1,-1,0,7,12,2,0,-1,-1,0,-1,-1,1,0,0,2012,-1,-1,-1,-1,-1,-1,2,0,0,0,0,0,1,0,21,3,7,41.97824419,-87.68698213
0,373686,-1,30,1,2,0,3,14,3,4,0,0,0,1,1,-1,-1,23,0,234,-1,-1,-1,-1,-1,-1,2,0,0,0,0,0,3,0,21,3,7,41.79948383,-87.58744204
0,373667,-1,30,0,0,0,3,12,5,2,0,0,0,0,-1,-1,1,22,-1,2413,-1,-1,-1,-1,-1,-1,2,0,0,0,0,0,3,0,21,3,7,41.9976569,-87.68775624
0,373730,-1,10,0,0,0,3,3,7,-1,0,0,0,0,-1,-1,-1,16,-1,814,-1,-1,-1,-1,-1,-1,2,0,0,0,0,0,2,0,21,3,7,41.80387715,-87.74320434
0,373708,1,30,0,0,0,3,7,5,2,0,0,0,0,-1,-1,-1,0,0,2413,-1,-1,-1,-1,-1,-1,2,0,0,0,0,0,1,0,21,3,7,41.99768163,-87.68636469
0,373636,-1,30,1,-1,0,3,10,5,2,0,0,0,0,-1,-1,1,18,16,411,-1,-1,-1,-1,-1,-1,2,0,0,0,0,0,2,0,21,3,7,41.75144291,-87.58550589
0,373784,1,45,0,0,0,0,12,12,4,0,0,0,0,-1,-1,-1,-1,-1,1914,-1,-1,-1,-1,-1,-1,2,0,0,0,0,0,2,0,21,3,7,41.96205861,-87.64638962
0,373709,-1,30,0,0,0,3,7,3,4,0,0,0,0,-1,-1,1,0,0,612,-1,-1,-1,-1,-1,-1,2,0,0,0,0,0,1,0,21,3,7,41.75185967,-87.66332603
2,373626,-1,20,0,0,0,3,8,6,1,0,0,0,1,-1,-1,1,0,-1,1013,-1,-1,-1,-1,-1,-1,2,1,0,0,1,0,1,0,20,3,7,41.8459607,-87.72528821
0,373681,-1,30,0,0,0,3,7,6,1,0,0,0,0,-1,-1,-1,0,0,1523,-1,-1,-1,-1,-1,-1,2,0,0,0,0,0,1,0,20,3,7,41.88583682,-87.76188389
0,373648,-1,0,0,0,0,4,7,7,-1,0,0,0,1,-1,1,1,25,20,923,-1,1,-1,-1,-1,-1,3,0,0,0,0,0,1,0,20,3,7,41.79438342,-87.7034374
0,373676,-1,30,0,0,0,0,10,5,2,0,0,0,1,-1,-1,-1,-1,-1,613,-1,-1,-1,-1,-1,-1,2,0,0,0,0,0,2,0,20,3,7,41.74313927,-87.65247165
0,373624,-1,30,1,2,0,3,14,5,-1,0,0,0,1,1,-1,1,14,31,612,-1,-1,-1,-1,-1,-1,2,0,0,0,0,0,3,0,20,3,7,41.75047519,-87.64903192
0,373787,-1,30,1,2,0,4,0,5,2,0,0,0,0,1,-1,1,5,-1,1235,-1,-1,-1,-1,-1,-1,2,0,0,0,0,0,2,0,20,3,7,41.85757611,-87.64200897
0,373657,-1,30,0,0,0,3,12,6,4,0,0,-1,0,-1,-1,-1,17,0,122,-1,-1,-1,-1,-1,-1,2,0,0,0,0,0,2,0,20,3,7,41.87899832,-87.63537189
0,373651,-1,30,0,0,0,0,10,5,1,0,0,0,0,-1,-1,-1,20,-1,1034,1,-1,-1,-1,-1,-1,2,0,0,0,0,0,2,0,20,3,7,41.84851106,-87.685417
0,373556,-1,35,0,0,0,4,11,3,2,0,0,0,0,-1,-1,-1,21,11,413,-1,1,-1,-1,-1,-1,2,0,0,0,0,0,2,0,19,3,7,41.72376709,-87.5755351
0,377695,-1,30,0,0,0,1,12,5,-1,0,0,0,0,-1,-1,-1,0,-1,121,-1,-1,-1,-1,-1,-1,2,0,0,0,0,0,2,0,19,3,7,41.8841876,-87.63994815
0,373535,-1,30,0,0,0,1,0,7,-1,0,0,0,0,-1,-1,-1,17,-1,2521,-1,-1,-1,-1,-1,-1,2,0,0,0,0,0,2,0,19,3,7,41.92435593,-87.74584951
0,373532,-1,30,0,0,0,1,12,5,-1,3,0,0,0,-1,-1,-1,21,-1,2022,-1,-1,-1,-1,-1,-1,2,0,0,0,0,0,2,0,19,3,7,41.98524213,-87.65538912
2,373755,-1,30,0,0,0,1,14,2,2,0,0,0,1,-1,-1,-1,17,16,821,-1,-1,-1,-1,-1,-1,2,1,0,0,1,0,2,0,19,3,7,41.80800458,-87.70453467
0,373670,-1,30,0,0,0,1,12,5,2,0,0,0,0,-1,-1,-1,0,0,821,-1,-1,-1,-1,-1,-1,2,0,0,0,0,0,2,0,19,3,7,41.80821778,-87.70487655
0,373512,-1,30,0,0,0,1,7,-1,-1,0,0,0,0,-1,-1,-1,0,-1,1623,-1,-1,-1,-1,-1,-1,2,0,0,0,0,0,1,0,19,3,7,41.97607095,-87.75331582
0,374083,1,30,0,0,-1,-1,7,6,1,0,-1,0,0,-1,-1,1,0,0,1524,-1,-1,-1,-1,-1,-1,2,0,0,0,0,0,1,0,19,3,7,41.89454281,-87.76340835
2,373620,-1,30,2,2,0,4,9,5,4,0,0,0,1,1,-1,-1,17,-1,2523,-1,-1,-1,-1,-1,-1,2,1,0,0,1,0,1,0,19,3,7,41.93907899,-87.71962907
0,373578,-1,30,1,2,0,4,14,2,4,0,0,0,1,1,-1,-1,23,17,123,-1,-1,-1,-1,-1,-1,2,0,0,0,0,0,2,0,19,3,7,41.87049817,-87.62763984
3,373484,-1,30,1,2,0,1,9,5,4,0,0,0,1,1,-1,-1,17,23,2011,-1,-1,-1,-1,-1,-1,2,1,0,1,0,0,1,0,19,3,7,41.97781576,-87.68928908
0,373585,-1,20,0,0,0,1,10,2,-1,0,0,-1,0,-1,-1,-1,18,18,1711,-1,-1,-1,-1,-1,-1,2,0,0,0,0,0,2,0,18,3,7,41.99725882,-87.7115717
0,373441,-1,30,0,0,2,1,10,5,-1,0,1,0,1,-1,-1,-1,18,11,2212,-1,-1,-1,-1,-1,-1,2,0,0,0,0,0,3,0,18,3,7,41.70645266,-87.67076476
0,373623,-1,35,0,0,0,3,10,2,-1,0,0,0,0,-1,-1,-1,0,0,1732,-1,-1,-1,-1,-1,-1,2,0,0,0,0,0,2,0,18,3,7,41.9482307,-87.72760008
0,373497,-1,35,0,0,0,1,12,2,-1,0,0,0,0,-1,-1,-1,0,0,1011,-1,-1,-1,-1,-1,-1,2,0,0,0,0,0,2,0,18,3,7,41.8661421,-87.71918994
0,373458,-1,30,1,2,0,4,12,5,4,0,0,0,1,1,-1,-1,22,14,1225,-1,-1,-1,-1,-1,-1,3,0,0,0,0,0,3,0,18,3,7,41.87141441,-87.67782631
0,373517,-1,30,0,0,0,1,7,5,-1,0,0,0,0,-1,-1,-1,16,16,2213,-1,-1,-1,-1,-1,-1,3,0,0,0,0,0,1,0,18,3,7,41.71204914,-87.6628958
0,375621,1,30,0,0,-1,-1,7,6,1,0,-1,-1,0,-1,-1,1,0,0,2011,-1,-1,-1,-1,-1,-1,2,0,0,0,0,0,1,0,18,3,7,41.99010603,-87.69101975
0,374050,-1,40,0,0,0,1,12,2,-1,1,0,0,0,-1,-1,1,22,0,1834,-1,-1,-1,-1,-1,-1,2,0,0,0,0,0,2,0,18,3,7,41.89194828,-87.6143635
0,373456,-1,15,0,0,0,1,9,7,1,0,0,0,0,-1,-1,-1,20,-1,2512,-1,-1,-1,-1,-1,-1,2,0,0,0,0,0,2,0,18,3,7,41.92884722,-87.78578102
0,373435,-1,20,0,0,0,1,7,7,-1,0,0,0,0,-1,-1,1,0,0,2411,-1,-1,-1,-1,-1,-1,2,0,0,0,0,0,1,0,18,3,7,42.01459112,-87.6900777
0,373459,-1,30,1,1,0,1,14,6,2,0,0,0,0,1,-1,-1,0,0,1833,-1,-1,-1,-1,-1,-1,2,0,0,0,0,0,2,0,18,3,7,41.90032225,-87.62746001
0,373654,-1,30,0,0,0,1,7,5,2,0,0,0,0,-1,-1,-1,0,-1,122,-1,-1,-1,-1,-1,-1,2,0,0,0,0,0,1,0,18,3,7,41.88533037,-87.63554786
0,373547,-1,30,0,0,0,1,0,3,2,0,0,0,0,-1,-1,1,0,0,324,-1,-1,-1,-1,-1,-1,2,0,0,0,0,0,2,0,18,3,7,41.76321107,-87.58636352
0,373422,-1,30,0,0,0,1,0,12,0,0,0,0,0,-1,-1,-1,0,0,433,-1,-1,-1,-1,-1,-1,2,0,0,0,0,0,2,0,18,3,7,41.68113499,-87.53388272
0,373401,-1,30,0,0,0,1,10,5,2,0,0,0,0,-1,-1,-1,0,0,1833,-1,-1,-1,-1,-1,-1,2,0,0,0,0,0,3,0,18,3,7,41.89851664,-87.62259355
1,373382,-1,35,-1,-1,0,1,12,6,-1,0,0,0,1,-1,-1,-1,0,0,2522,-1,-1,-1,-1,-1,-1,2,1,0,0,0,1,1,0,18,3,7,41.9241504,-87.74889831
0,373496,-1,30,2,2,0,1,10,6,-1,0,0,0,0,1,-1,-1,0,0,1622,-1,-1,-1,-1,-1,-1,2,0,0,0,0,0,2,0,18,3,7,41.97565789,-87.77319155
0,373434,-1,35,0,0,0,1,12,3,8,0,0,0,1,-1,-1,-1,21,21,214,-1,-1,-1,-1,-1,-1,2,0,0,0,0,0,3,0,18,3,7,41.82516651,-87.60036137
0,373365,-1,35,1,2,0,1,10,5,-1,0,0,0,0,-1,-1,-1,7,0,1931,-1,-1,-1,-1,-1,-1,2,0,0,0,0,0,3,0,18,3,7,41.93935437,-87.68862839
0,384990,-1,30,1,2,-1,1,10,5,-1,0,-1,0,0,0,-1,-1,18,0,2533,-1,-1,-1,-1,-1,-1,2,0,0,0,0,0,2,0,18,3,7,41.9095235,-87.74552084
0,373388,-1,30,1,2,0,1,2,5,-1,0,0,0,0,-1,-1,-1,8,0,812,-1,-1,-1,-1,-1,-1,2,0,0,0,0,0,2,0,18,3,7,41.77527015,-87.78102445
0,377605,-1,10,0,0,0,1,8,5,2,0,-1,-1,0,-1,-1,-1,22,22,1924,-1,-1,-1,-1,-1,-1,2,0,0,0,0,0,2,0,18,3,7,41.94716729,-87.65238063
2,373577,-1,30,1,-1,0,3,9,2,2,0,0,-1,1,1,-1,-1,17,-1,1732,-1,-1,-1,-1,-1,-1,2,1,0,0,1,0,1,0,18,3,7,41.94661216,-87.71770414
0,373381,-1,30,0,0,0,1,0,7,-1,0,0,0,0,-1,-1,-1,20,-1,2422,-1,0,-1,-1,-1,-1,2,0,0,0,0,0,2,0,18,3,7,42.01813197,-87.67563648
0,373438,-1,30,0,0,0,1,10,6,2,0,0,0,0,-1,-1,-1,20,-1,121,-1,-1,-1,-1,-1,-1,2,0,0,0,0,0,2,0,17,3,7,41.8791526,-87.64370274
0,373373,-1,35,0,0,0,1,12,2,-1,0,0,0,0,-1,-1,-1,33,-1,835,-1,-1,-1,-1,-1,-1,2,0,0,0,0,0,2,0,17,3,7,41.76050779,-87.68328505
0,373457,-1,30,1,1,1,2,7,5,2,2,1,0,0,-1,-1,-1,-1,34,624,-1,-1,-1,-1,-1,-1,2,0,0,0,0,0,2,0,17,3,7,41.75140576,-87.60443263
0,373406,-1,30,1,2,0,1,12,5,-1,0,0,0,0,-1,-1,1,21,-1,114,-1,-1,-1,-1,-1,-1,2,0,0,0,0,0,2,0,17,3,7,41.88097857,-87.61733964
0,373378,-1,25,0,0,2,1,10,5,2,0,1,0,0,-1,-1,-1,18,18,633,-1,-1,-1,-1,-1,-1,2,0,0,0,0,0,3,0,17,3,7,41.7313199,-87.61454033
0,373341,-1,30,0,0,1,1,7,5,-1,0,0,0,0,-1,-1,-1,21,-1,1215,-1,-1,-1,-1,-1,-1,2,0,0,0,0,0,1,0,17,3,7,41.88776593,-87.66018265
0,373366,-1,30,0,0,0,1,7,5,2,0,0,0,0,-1,-1,-1,-1,-1,924,-1,-1,-1,-1,-1,-1,2,0,0,0,0,0,4,0,17,3,7,41.81305326,-87.67251922
0,373432,-1,30,2,2,0,1,0,5,-1,0,0,0,0,-1,-1,-1,-1,-1,824,-1,-1,-1,-1,-1,-1,2,0,0,0,0,0,3,0,17,3,7,41.78619294,-87.70105558
1,373367,-1,30,2,2,0,1,10,5,-1,0,0,0,1,-1,-1,-1,0,0,1935,-1,-1,-1,-1,-1,-1,2,1,0,0,0,1,1,0,17,3,7,41.93096461,-87.64090221
0,373328,-1,30,2,2,0,1,7,5,2,0,0,0,0,-1,-1,1,0,0,1132,-1,-1,-1,-1,-1,-1,2,0,0,0,0,0,2,0,17,3,7,41.87266816,-87.72375738
-1,373309,-1,30,0,0,0,1,12,6,3,0,1,0,0,-1,-1,-1,16,22,1232,-1,-1,-1,-1,-1,-1,-1,-1,-1,-1,-1,-1,-1,-1,17,3,7,41.86633414,-87.64421357
0,373359,-1,30,0,0,0,1,0,4,-1,0,0,0,0,-1,-1,-1,33,-1,2515,-1,-1,-1,-1,-1,-1,2,0,0,0,0,0,2,0,17,3,7,41.91789196,-87.76172305
0,373536,-1,30,2,2,-1,-1,7,5,2,0,0,0,0,-1,-1,1,0,0,835,-1,-1,-1,-1,-1,-1,2,0,0,0,0,0,1,0,17,3,7,41.76100338,-87.67951913
0,373501,-1,30,0,0,1,-1,7,6,1,0,-1,-1,0,-1,-1,-1,25,-1,724,-1,0,-1,-1,-1,-1,2,0,0,0,0,0,1,0,17,3,7,41.77782751,-87.65824567
0,373356,-1,30,1,0,0,1,12,5,2,0,0,-1,0,1,-1,-1,0,0,432,-1,-1,-1,-1,-1,-1,2,0,0,0,0,0,2,0,17,3,7,41.72303358,-87.53802311
0,373315,-1,30,0,0,0,1,10,5,-1,0,0,0,0,-1,-1,-1,0,0,1914,-1,-1,-1,-1,-1,-1,2,0,0,0,0,0,2,0,17,3,7,41.96190985,-87.65312738
1,373350,-1,30,0,0,0,1,14,3,4,0,0,0,1,-1,-1,-1,0,0,1711,-1,-1,-1,-1,-1,-1,2,1,0,0,0,1,2,0,17,3,7,41.99488207,-87.71491593
0,373319,-1,30,0,0,2,1,7,5,4,0,1,0,1,-1,-1,-1,12,12,1225,-1,-1,-1,-1,-1,-1,6,0,0,0,0,0,4,0,17,3,7,41.87217967,-87.67690946
2,373296,-1,30,1,2,2,1,10,5,2,0,1,0,1,1,-1,-1,16,34,914,-1,-1,-1,-1,-1,-1,3,2,0,0,2,0,5,0,17,3,7,41.84548502,-87.6429277
0,373428,-1,30,1,2,0,1,12,5,-1,0,0,0,0,1,-1,-1,21,-1,1215,-1,-1,-1,-1,-1,-1,2,0,0,0,0,0,6,0,17,3,7,41.89603902,-87.6624599
0,373413,-1,30,1,2,0,1,10,2,-1,0,0,0,0,1,-1,-1,18,16,1235,-1,-1,-1,-1,-1,-1,2,0,0,0,0,0,2,0,17,3,7,41.85772637,-87.6421892
0,373307,-1,30,0,0,0,1,10,7,2,0,0,0,0,-1,-1,1,0,-1,1431,-1,-1,-1,-1,-1,-1,2,0,0,0,0,0,3,0,17,3,7,41.92148888,-87.69481493
-1,373289,-1,30,0,0,0,1,12,5,3,0,0,0,0,-1,-1,-1,22,-1,1915,-1,-1,-1,-1,-1,-1,-1,-1,-1,-1,-1,-1,-1,-1,17,3,7,41.95474551,-87.6453294
0,373330,-1,25,0,0,0,1,7,6,1,0,0,0,1,-1,-1,-1,7,0,1732,-1,-1,-1,-1,-1,-1,3,0,0,0,0,0,1,0,17,3,7,41.95127059,-87.72838844
0,373344,-1,30,0,0,0,1,7,6,-1,0,0,0,0,-1,-1,1,20,-1,614,-1,-1,-1,-1,-1,-1,2,0,0,0,0,0,1,0,17,3,7,41.74492789,-87.66914029
0,427157,-1,30,0,0,-1,-1,2,6,-1,2,-1,12,0,-1,-1,-1,0,0,1922,-1,-1,-1,-1,-1,-1,1,0,0,0,0,0,1,0,17,3,7,41.94519575,-87.67407062
0,373427,-1,20,0,0,0,1,7,6,-1,0,0,0,0,-1,-1,-1,20,11,2524,-1,-1,-1,-1,-1,-1,2,0,0,0,0,0,1,0,17,3,7,41.92515414,-87.73521828
2,373369,-1,30,1,2,0,1,9,5,2,0,0,0,1,-1,-1,-1,17,0,712,-1,-1,-1,-1,-1,-1,2,1,0,0,1,0,1,0,17,3,7,41.79386901,-87.6452949
0,373288,-1,30,1,2,0,1,14,1,-1,0,0,0,1,1,-1,-1,23,-1,1211,-1,-1,-1,-1,-1,-1,2,0,0,0,0,0,2,0,17,3,7,41.90277559,-87.70213707
0,373280,-1,30,0,0,0,1,7,5,-1,0,0,0,0,-1,-1,1,0,0,2432,-1,-1,-1,-1,-1,-1,2,0,0,0,0,0,2,0,16,3,7,42.00203642,-87.67212547
2,373273,-1,30,1,2,1,1,14,5,4,0,0,0,1,1,-1,-1,17,-1,1821,-1,-1,-1,-1,-1,-1,2,1,0,0,1,0,3,0,16,3,7,41.90777334,-87.63319495
1,373247,-1,35,2,0,0,1,0,2,-1,0,0,0,1,-1,-1,-1,17,16,834,-1,-1,-1,-1,-1,-1,2,1,0,0,0,1,5,0,16,3,7,41.73662828,-87.72164008
0,373379,-1,30,1,2,1,1,12,5,-1,0,0,0,0,-1,-1,-1,0,0,2223,-1,-1,-1,-1,-1,-1,2,0,0,0,0,0,3,0,16,3,7,41.72868044,-87.6432651
0,373260,-1,30,0,0,0,1,12,2,4,0,0,0,0,-1,-1,-1,21,0,223,-1,-1,-1,-1,-1,-1,2,0,0,0,0,0,2,0,16,3,7,41.80937654,-87.60987083
0,373237,-1,20,0,0,0,1,14,5,1,0,0,0,1,1,-1,-1,0,0,2412,-1,-1,-1,-1,-1,-1,2,0,0,0,0,0,2,0,16,3,7,42.00024924,-87.67914687
0,374157,-1,30,1,2,0,1,8,3,-1,0,0,-1,0,-1,-1,1,18,-1,1235,-1,-1,-1,-1,-1,-1,2,0,0,0,0,0,2,0,16,3,7,41.85750277,-87.64648608
0,373282,-1,30,0,0,0,1,12,6,2,0,0,0,0,-1,-1,-1,22,21,122,-1,-1,-1,-1,-1,-1,2,0,0,0,0,0,2,0,16,3,7,41.88073518,-87.63666284
0,373250,-1,30,1,2,2,1,10,5,2,0,1,0,0,-1,-1,-1,34,18,124,-1,-1,-1,-1,-1,-1,2,0,0,0,0,0,2,0,16,3,7,41.86659684,-87.64231464
0,373209,-1,30,0,0,0,1,12,5,4,0,0,0,0,-1,-1,1,22,-1,2423,-1,-1,-1,-1,-1,-1,2,0,0,0,0,0,2,0,16,3,7,42.0092697,-87.66196532
0,373376,-1,30,0,-1,0,1,10,5,-1,0,0,0,0,-1,-1,-1,0,-1,1611,-1,-1,-1,-1,-1,-1,2,0,0,0,0,0,2,0,16,3,7,41.99623074,-87.78763362
0,373225,-1,30,0,0,0,1,12,5,4,0,0,0,1,-1,-1,-1,17,0,632,-1,-1,-1,-1,-1,-1,2,0,0,0,0,0,3,0,16,3,7,41.74370145,-87.61482367
0,373199,-1,30,0,0,0,1,10,5,-1,1,0,0,0,-1,-1,-1,18,-1,1623,-1,-1,-1,-1,-1,-1,2,0,0,0,0,0,2,0,16,3,7,41.97530732,-87.7579249
0,373193,-1,30,0,0,0,1,8,5,-1,0,0,0,0,-1,-1,-1,0,0,233,-1,-1,-1,-1,-1,-1,2,0,0,0,0,0,2,0,16,3,7,41.79516068,-87.59807757
0,373389,-1,30,1,2,0,1,12,2,-1,0,0,0,0,1,-1,1,22,0,1613,-1,-1,-1,-1,-1,-1,2,0,0,0,0,0,2,0,16,3,7,41.96899259,-87.78815449
0,373223,-1,30,0,0,1,1,10,5,4,0,0,0,0,-1,-1,-1,11,18,923,-1,-1,-1,-1,-1,-1,3,0,0,0,0,0,4,0,16,3,7,41.79429346,-87.68419798
0,373203,-1,30,1,2,0,1,12,2,2,0,0,0,0,-1,-1,-1,23,17,1132,-1,-1,-1,-1,-1,-1,2,0,0,0,0,0,2,0,16,3,7,41.87311796,-87.72555342
3,373267,-1,25,2,2,0,1,14,6,3,0,0,0,1,-1,-1,1,25,17,1622,-1,-1,-1,-1,-1,-1,3,2,0,2,0,0,1,0,16,3,7,41.96603335,-87.76999051
3,373266,-1,30,2,2,0,1,0,2,2,0,0,0,1,1,-1,1,5,0,1622,-1,-1,-1,-1,-1,-1,2,2,0,1,1,0,1,0,16,3,7,41.96696678,-87.76759917
0,374260,-1,30,1,2,0,1,14,5,-1,0,0,0,0,-1,-1,-1,0,0,1022,-1,-1,-1,-1,-1,-1,2,0,0,0,0,0,4,0,16,3,7,41.86136821,-87.69595458
2,373538,-1,30,1,2,0,1,14,3,-1,0,0,0,1,-1,-1,1,21,-1,1834,-1,-1,-1,-1,-1,-1,2,2,0,0,1,1,5,0,15,3,7,41.89096978,-87.62430764
0,373213,-1,10,0,0,0,1,2,7,-1,0,0,0,0,-1,-1,-1,0,0,1225,-1,-1,-1,-1,-1,-1,1,0,0,0,0,0,2,0,15,3,7,41.86780796,-87.68045332
0,373170,-1,20,0,0,0,1,7,5,1,0,0,0,1,-1,-1,-1,2,-1,2232,-1,-1,-1,-1,-1,-1,2,0,0,0,0,0,2,0,15,3,7,41.71077921,-87.6352459
0,373279,-1,25,2,2,0,1,0,5,2,0,0,0,0,1,-1,-1,33,21,331,-1,-1,-1,-1,-1,-1,2,0,0,0,0,0,2,0,15,3,7,41.77363287,-87.56990406
-1,373252,-1,10,0,0,0,1,2,7,-1,0,0,0,0,-1,-1,-1,-1,-1,1034,-1,-1,-1,-1,-1,-1,2,-1,-1,-1,-1,-1,-1,-1,15,3,7,41.85188291,-87.68891608
0,373141,-1,30,1,2,0,1,12,5,4,0,0,0,0,1,-1,-1,17,-1,114,-1,-1,-1,-1,-1,-1,2,0,0,0,0,0,2,0,15,3,7,41.8809852,-87.62062875
0,373143,-1,30,1,2,0,1,10,2,4,0,0,0,0,-1,-1,-1,18,0,1921,-1,-1,-1,-1,-1,-1,2,0,0,0,0,0,2,0,15,3,7,41.939503,-87.68831343
0,373478,-1,10,0,0,0,1,7,7,-1,0,0,0,0,-1,1,-1,0,-1,131,-1,-1,-1,-1,-1,-1,2,0,0,0,0,0,1,0,15,3,7,41.86023628,-87.62581045
2,373150,-1,30,0,0,0,1,14,2,-1,0,0,3,1,1,-1,-1,17,-1,1215,-1,-1,-1,-1,-1,-1,2,1,0,0,1,0,2,0,15,3,7,41.89395415,-87.65676219
0,395946,-1,30,1,2,0,1,10,5,-1,0,0,-1,0,-1,-1,-1,18,18,1225,-1,-1,-1,-1,-1,-1,2,0,0,0,0,0,2,0,15,3,7,41.86899646,-87.68595601
0,373196,-1,30,1,2,0,1,10,2,2,0,0,0,1,-1,-1,-1,18,16,131,-1,-1,-1,-1,-1,-1,2,0,0,0,0,0,2,0,15,3,7,41.84851283,-87.62712681
0,373134,-1,30,0,0,0,1,10,2,4,0,0,0,0,-1,-1,1,0,-1,2411,-1,-1,-1,-1,-1,-1,2,0,0,0,0,0,3,0,15,3,7,42.01202712,-87.70641634
0,373128,-1,30,1,2,0,1,10,2,4,0,0,0,1,0,-1,-1,0,-1,1125,-1,-1,-1,-1,-1,-1,2,0,0,0,0,0,3,0,15,3,7,41.87747657,-87.68648978
0,373184,-1,30,1,2,0,1,14,3,4,0,0,0,1,-1,-1,-1,11,0,111,-1,-1,-1,-1,-1,-1,2,0,0,0,0,0,3,0,15,3,7,41.88668141,-87.62945642
0,373228,-1,30,0,0,0,1,10,5,4,0,0,0,0,-1,-1,-1,0,0,821,-1,-1,-1,-1,-1,-1,2,0,0,0,0,0,6,0,15,3,7,41.80930392,-87.71181383
0,374510,-1,30,0,0,0,1,4,8,-1,1,0,0,0,-1,-1,-1,12,0,533,-1,-1,-1,-1,-1,-1,1,0,0,0,0,0,1,0,15,3,7,41.64472208,-87.60147615
0,373368,-1,30,0,0,0,1,14,2,2,0,0,0,0,-1,-1,-1,0,-1,331,-1,-1,-1,-1,-1,-1,2,0,0,0,0,0,2,0,15,3,7,41.77356585,-87.57642818
0,373130,-1,30,0,0,0,1,14,5,2,0,0,0,0,1,-1,-1,17,16,2514,-1,-1,-1,-1,-1,-1,2,0,0,0,0,0,4,0,15,3,7,41.93300808,-87.76501726
0,373103,-1,35,1,2,1,1,10,2,2,0,0,0,1,-1,-1,-1,18,-1,833,-1,-1,-1,-1,-1,-1,2,0,0,0,0,0,3,0,15,3,7,41.77115079,-87.73226384
0,373133,-1,35,1,2,0,1,10,5,2,0,0,-1,0,1,-1,1,18,0,1923,-1,-1,-1,-1,-1,-1,2,0,0,0,0,0,2,0,15,3,7,41.9527671,-87.64980144
0,373131,-1,30,0,0,0,1,12,5,-1,0,0,0,0,-1,-1,-1,-1,-1,814,-1,-1,-1,-1,-1,-1,2,0,0,0,0,0,2,0,15,3,7,41.79297696,-87.7538164
0,373106,-1,30,0,0,0,1,14,5,-1,0,0,0,0,-1,-1,1,21,-1,2513,-1,-1,-1,-1,-1,-1,2,0,0,0,0,0,2,0,15,3,7,41.91104706,-87.78521036
0,373097,-1,30,0,0,0,1,0,5,-1,0,0,0,1,-1,-1,-1,16,-1,1621,-1,-1,-1,-1,-1,-1,2,0,0,0,0,0,2,0,15,3,7,42.00123613,-87.76227437
0,373105,-1,30,2,2,0,1,0,5,4,0,0,0,0,-1,-1,-1,17,-1,1225,-1,-1,-1,-1,-1,-1,2,0,0,0,0,0,2,0,15,3,7,41.87515478,-87.67375588