MOST_SEVERE_INJURY,RD_NO,CRASH_DATE_EST_I,POSTED_SPEED_LIMIT,TRAFFIC_CONTROL_DEVICE,DEVICE_CONDITION,WEATHER_CONDITION,LIGHTING_CONDITION,FIRST_CRASH_TYPE,TRAFFICWAY_TYPE,LANE_CNT,ALIGNMENT,ROADWAY_SURFACE_COND,ROAD_DEFECT,CRASH_TYPE,INTERSECTION_RELATED_I,NOT_RIGHT_OF_WAY_I,HIT_AND_RUN_I,PRIM_CONTRIBUTORY_CAUSE,SEC_CONTRIBUTORY_CAUSE,BEAT_OF_OCCURRENCE,PHOTOS_TAKEN_I,STATEMENTS_TAKEN_I,DOORING_I,WORK_ZONE_I,WORK_ZONE_TYPE,WORKERS_PRESENT_I,NUM_UNITS,INJURIES_TOTAL,INJURIES_FATAL,INJURIES_INCAPACITATING,INJURIES_NON_INCAPACITATING,INJURIES_REPORTED_NOT_EVIDENT,INJURIES_NO_INDICATION,INJURIES_UNKNOWN,CRASH_HOUR,CRASH_DAY_OF_WEEK,CRASH_MONTH,LATITUDE,LONGITUDE
0,374733,-1,15,0,0,0,-1,7,6,-1,0,0,0,0,-1,-1,1,0,-1,2424,-1,-1,-1,-1,-1,-1,2,0,0,0,0,0,1,0,15,3,7,42.01572704,-87.67921876
0,373485,-1,30,0,0,0,1,14,12,2,0,0,0,0,-1,-1,-1,0,0,821,-1,-1,-1,-1,-1,-1,2,0,0,0,0,0,2,0,15,3,7,41.81262899,-87.7063942
0,373146,-1,40,0,0,0,1,12,3,8,3,0,0,0,-1,-1,-1,0,0,114,-1,-1,-1,-1,-1,-1,2,0,0,0,0,0,2,0,15,3,7,41.88586831,-87.61351545
0,373094,-1,30,0,0,1,1,14,2,2,0,0,0,0,-1,-1,-1,-1,-1,2211,-1,1,-1,-1,-1,-1,2,0,0,0,0,0,2,0,15,3,7,41.70495093,-87.70145078
0,373085,-1,30,0,0,0,1,12,2,2,0,0,0,0,-1,-1,-1,21,-1,2533,-1,-1,-1,-1,-1,-1,2,0,0,0,0,0,3,0,15,3,7,41.90245618,-87.74648129
0,373069,-1,30,0,0,0,1,10,5,2,0,0,0,0,-1,-1,1,18,16,413,-1,-1,-1,-1,-1,-1,2,0,0,0,0,0,2,0,15,3,7,41.72887602,-87.57566274
0,383428,-1,30,0,0,2,1,11,5,2,0,1,0,0,-1,-1,1,0,-1,813,-1,-1,-1,-1,-1,-1,2,0,0,0,0,0,3,0,14,3,7,41.78591538,-87.73571502
0,373243,-1,30,0,0,0,1,7,5,4,0,0,0,0,-1,-1,-1,0,-1,1634,-1,-1,-1,-1,-1,-1,2,0,0,0,0,0,1,0,14,3,7,41.94654357,-87.74723742
0,384745,-1,30,0,0,0,1,14,3,2,0,0,0,0,1,-1,-1,0,-1,922,-1,-1,-1,-1,-1,-1,2,0,0,0,0,0,2,0,14,3,7,41.80837841,-87.68457072
0,376963,-1,30,0,0,0,1,7,7,2,0,0,0,0,-1,-1,-1,17,17,132,-1,-1,-1,-1,-1,-1,2,0,0,0,0,0,1,0,14,3,7,41.85119984,-87.61881948
0,373061,-1,30,2,2,0,1,14,5,-1,0,0,0,0,1,-1,-1,23,-1,531,-1,-1,-1,-1,-1,-1,2,0,0,0,0,0,2,0,14,3,7,41.69097859,-87.61808282
0,373645,-1,30,0,0,0,1,7,7,-1,0,0,0,0,-1,1,-1,0,0,234,-1,-1,-1,-1,-1,-1,2,0,0,0,0,0,1,0,14,3,7,41.79529732,-87.58782256
0,376038,-1,5,0,0,0,1,7,7,-1,0,0,0,0,-1,-1,-1,0,0,835,-1,-1,-1,-1,-1,-1,2,0,0,0,0,0,1,0,14,3,7,41.75266946,-87.6830596
0,373205,-1,30,1,2,0,1,0,5,-1,0,0,0,1,1,-1,-1,10,33,1433,-1,-1,-1,-1,-1,-1,2,0,0,0,0,0,2,0,14,3,7,41.910707,-87.66232725
0,373290,-1,30,1,2,0,1,12,5,2,0,0,0,0,-1,-1,1,0,0,124,-1,-1,-1,-1,-1,-1,2,0,0,0,0,0,2,0,14,3,7,41.86888416,-87.63939254
0,373132,-1,30,1,2,0,1,10,2,-1,0,0,0,0,-1,-1,-1,7,7,2433,-1,-1,-1,-1,-1,-1,2,0,0,0,0,0,2,0,14,3,7,41.9944866,-87.67029806
0,373154,-1,20,0,0,0,1,12,2,2,0,0,-1,0,-1,-1,0,17,0,2013,-1,-1,-1,-1,-1,-1,2,0,0,0,0,0,2,0,14,3,7,41.98949132,-87.66987103
0,373123,-1,30,0,0,0,1,10,5,-1,0,0,0,0,-1,-1,-1,18,-1,2533,-1,-1,-1,-1,-1,-1,3,0,0,0,0,0,3,0,14,3,7,41.90421463,-87.74615238
0,373032,-1,30,0,0,0,1,7,5,-1,0,0,0,0,-1,-1,-1,-1,-1,823,-1,-1,-1,-1,-1,-1,2,0,0,0,0,0,2,0,14,3,7,41.78113394,-87.70305111
0,375185,-1,30,2,12,1,1,2,2,-1,0,0,0,0,-1,-1,-1,14,0,324,-1,-1,-1,-1,-1,-1,1,0,0,0,0,0,1,0,14,3,7,41.76254756,-87.58351742
3,373098,-1,30,0,0,0,1,8,2,2,0,0,0,1,-1,-1,-1,0,0,1713,-1,-1,-1,-1,-1,-1,2,1,0,1,0,0,1,0,14,3,7,41.96854768,-87.70983633
0,373039,-1,30,2,2,0,1,14,5,-1,0,0,0,0,1,-1,-1,0,-1,1235,-1,-1,-1,-1,-1,-1,2,0,0,0,0,0,2,0,14,3,7,41.85294346,-87.64134828
0,373026,-1,30,1,2,0,1,10,5,-1,0,0,0,0,-1,-1,1,18,17,1121,-1,-1,-1,-1,-1,-1,2,0,0,0,0,0,2,0,14,3,7,41.9027005,-87.71152604
2,373009,-1,35,2,2,0,1,14,5,2,0,0,0,1,-1,-1,-1,0,0,821,-1,-1,-1,-1,-1,-1,3,1,0,0,1,0,2,0,14,3,7,41.8169057,-87.72375811
2,374454,-1,30,0,0,0,1,10,5,4,0,0,0,1,-1,-1,-1,7,18,2514,-1,-1,-1,-1,-1,-1,2,2,0,0,2,0,1,0,14,3,7,41.93127357,-87.75775774
0,373259,1,25,0,0,1,1,7,5,-1,0,0,-1,0,1,-1,-1,0,0,1935,-1,-1,-1,-1,-1,-1,2,0,0,0,0,0,1,0,14,3,7,41.93235925,-87.65157666
0,373088,-1,30,0,0,0,1,12,5,-1,0,0,0,0,-1,-1,-1,0,-1,1414,-1,-1,-1,-1,-1,-1,2,0,0,0,0,0,2,0,14,3,7,41.92468189,-87.69921753
0,373021,-1,30,-1,-1,0,1,10,5,-1,0,-1,-1,0,-1,-1,-1,0,-1,1634,-1,-1,-1,-1,-1,-1,2,0,0,0,0,0,2,0,14,3,7,41.93881109,-87.75656918
0,372981,-1,25,0,0,0,1,7,0,-1,0,0,0,0,-1,-1,1,20,0,2022,-1,-1,-1,-1,-1,-1,2,0,0,0,0,0,3,0,13,3,7,41.98765563,-87.66004573
0,372998,0,0,0,0,0,1,7,7,2,0,0,0,0,-1,-1,1,-1,-1,1134,-1,-1,-1,-1,-1,-1,2,0,0,0,0,0,1,0,13,3,7,41.87358229,-87.70548813
0,373064,-1,30,0,0,0,1,7,6,1,0,0,0,1,1,-1,1,0,-1,2032,-1,-1,-1,-1,-1,-1,2,0,0,0,0,0,1,0,13,3,7,41.96920329,-87.67785598
0,372996,-1,30,0,0,0,1,12,1,2,0,0,0,0,-1,-1,1,25,-1,624,-1,-1,-1,-1,-1,-1,1,0,0,0,0,0,1,0,13,3,7,41.75119434,-87.60536733
0,372992,-1,30,1,2,0,1,10,5,-1,0,0,0,0,-1,-1,1,0,0,1722,-1,-1,-1,-1,-1,-1,2,0,0,0,0,0,2,0,13,3,7,41.95958699,-87.72793541
0,372985,-1,30,0,0,0,1,0,5,-1,0,0,0,0,-1,-1,-1,20,-1,1235,-1,-1,-1,-1,-1,-1,2,0,0,0,0,0,2,0,13,3,7,41.85414445,-87.66055989
0,372960,-1,30,0,0,0,1,12,5,-1,0,0,0,0,-1,-1,-1,-1,-1,835,-1,-1,-1,-1,-1,-1,2,0,0,0,0,0,2,0,13,3,7,41.75005493,-87.6829922
0,373020,-1,30,0,0,0,1,8,5,2,0,0,0,0,-1,-1,-1,13,17,1915,-1,-1,-1,-1,-1,-1,2,0,0,0,0,0,2,0,13,3,7,41.95794015,-87.64965206
0,373076,-1,10,0,0,0,1,11,7,-1,0,0,0,1,-1,-1,1,22,11,1034,-1,-1,-1,-1,-1,-1,2,0,0,0,0,0,2,0,13,3,7,41.8520837,-87.67465102
0,372935,-1,30,0,0,0,1,12,5,3,0,0,0,0,-1,-1,-1,22,-1,114,-1,-1,-1,-1,-1,-1,2,0,0,0,0,0,2,0,13,3,7,41.87834204,-87.62415992
0,374327,-1,30,2,2,0,1,10,2,0,0,0,0,0,-1,-1,-1,2,0,332,-1,-1,-1,-1,-1,-1,2,0,0,0,0,0,2,0,13,3,7,41.77318264,-87.59045708
0,390623,-1,30,0,0,0,1,12,6,-1,0,0,0,0,-1,-1,1,18,16,114,-1,-1,-1,-1,-1,-1,2,0,0,0,0,0,2,0,13,3,7,41.87819851,-87.62246266
0,373159,-1,30,-1,-1,-1,-1,12,5,-1,0,0,-1,0,-1,-1,-1,0,-1,1621,-1,-1,-1,-1,-1,-1,2,0,0,0,0,0,2,0,13,3,7,41.97498823,-87.74813341
0,372974,-1,30,0,0,0,1,12,5,-1,0,-1,-1,0,-1,-1,-1,23,0,532,-1,-1,-1,-1,-1,-1,2,0,0,0,0,0,3,0,13,3,7,41.67230705,-87.62234609
0,373013,-1,0,1,2,0,1,10,2,-1,0,0,0,0,-1,-1,-1,18,-1,215,-1,-1,-1,-1,-1,-1,3,0,0,0,0,0,3,0,13,3,7,41.80939817,-87.62275732
2,372949,-1,30,0,0,0,1,7,5,-1,0,0,0,1,-1,-1,-1,0,16,2213,-1,-1,-1,-1,-1,-1,2,1,0,0,1,0,1,0,13,3,7,41.71670719,-87.6524972
0,374629,-1,15,0,0,0,1,7,7,2,0,0,0,0,-1,1,-1,16,-1,1034,-1,-1,-1,-1,-1,-1,2,0,0,0,0,0,1,0,13,3,7,41.84858266,-87.68539419
0,372914,-1,30,2,2,1,1,11,5,-1,0,0,12,0,-1,-1,-1,0,-1,1933,-1,-1,-1,1,2,1,2,0,0,0,0,0,2,0,12,3,7,41.93493966,-87.65379018
0,385807,-1,15,0,0,0,1,3,0,-1,0,0,0,0,-1,-1,-1,20,0,1935,-1,-1,-1,-1,-1,-1,2,0,0,0,0,0,2,0,12,3,7,41.92706676,-87.64152968
0,373054,-1,30,1,-1,0,1,12,5,-1,0,0,0,0,-1,-1,1,18,-1,2514,-1,-1,-1,-1,-1,-1,2,0,0,0,0,0,2,0,12,3,7,41.93136555,-87.76639653
0,373000,-1,25,0,0,1,1,2,0,-1,4,0,0,0,-1,1,-1,0,0,815,-1,-1,-1,-1,-1,-1,1,0,0,0,0,0,1,0,12,3,7,41.80350826,-87.73188308
0,372874,-1,30,0,0,0,1,10,5,2,0,0,12,0,-1,-1,-1,18,0,412,-1,-1,-1,-1,-1,-1,2,0,0,0,0,0,3,0,12,3,7,41.73694181,-87.57602841
0,372865,-1,30,0,0,0,1,11,6,1,0,0,0,0,-1,-1,-1,0,0,2032,-1,-1,-1,-1,-1,-1,2,0,0,0,0,0,2,0,12,3,7,41.9719677,-87.66925993
2,372866,-1,30,2,-1,0,1,10,2,-1,0,-1,-1,1,-1,-1,1,0,-1,1034,-1,-1,-1,-1,-1,-1,2,1,0,0,1,0,1,0,12,3,7,41.85031569,-87.67593597
0,372947,-1,30,0,0,0,1,7,6,1,0,0,0,0,-1,-1,1,0,0,823,-1,-1,-1,-1,-1,-1,2,0,0,0,0,0,1,0,12,3,7,41.77773281,-87.71580195
0,372875,-1,30,0,0,1,1,10,6,3,0,0,0,0,-1,-1,-1,18,0,2234,-1,-1,-1,-1,-1,-1,2,0,0,0,0,0,2,0,12,3,7,41.68109019,-87.6616142
0,372846,-1,30,2,2,0,1,14,5,4,0,0,0,0,1,-1,-1,0,0,835,-1,1,-1,-1,-1,-1,2,0,0,0,0,0,2,0,12,3,7,41.75537668,-87.70240924
0,374214,-1,30,0,0,0,1,7,5,-1,0,0,0,0,-1,-1,1,0,0,1831,-1,-1,-1,-1,-1,-1,2,0,0,0,0,0,1,0,12,3,7,41.88867136,-87.63236325
0,373412,1,30,0,0,0,1,7,5,2,0,0,0,0,-1,-1,1,0,-1,2022,-1,-1,-1,-1,-1,-1,2,0,0,0,0,0,1,0,12,3,7,41.9871823,-87.65903225
0,373099,1,30,0,0,0,1,7,6,-1,0,0,0,0,-1,-1,1,0,0,331,-1,-1,-1,-1,-1,-1,2,0,0,0,0,0,1,0,12,3,7,41.76978437,-87.56754602
0,373081,-1,0,0,0,0,1,7,7,0,0,0,0,0,-1,-1,1,0,-1,825,-1,-1,-1,-1,-1,-1,2,0,0,0,0,0,1,0,12,3,7,41.77912348,-87.6837831
0,372897,-1,30,0,0,0,1,14,5,-1,0,0,0,0,-1,-1,-1,23,-1,223,-1,-1,-1,-1,-1,-1,2,0,0,0,0,0,2,0,12,3,7,41.80445498,-87.60630958
1,372806,-1,30,12,2,0,1,12,2,-1,0,0,0,1,-1,-1,1,22,25,2212,-1,-1,-1,-1,-1,-1,2,1,0,0,0,1,2,0,11,3,7,41.69040882,-87.68096586
0,372817,-1,30,0,0,0,1,10,5,1,0,0,0,0,-1,-1,-1,18,0,614,-1,-1,-1,-1,-1,-1,2,0,0,0,0,0,3,0,11,3,7,41.7429143,-87.6682509
0,372860,-1,30,2,2,0,1,0,5,2,0,0,0,0,-1,-1,1,17,5,832,-1,-1,-1,-1,-1,-1,2,0,0,0,0,0,2,0,11,3,7,41.77369206,-87.68228181
0,373227,-1,30,1,2,0,1,10,5,-1,0,0,0,0,-1,-1,-1,18,16,123,1,-1,-1,-1,-1,-1,3,0,0,0,0,0,3,0,11,3,7,41.86746454,-87.63029035
0,372968,-1,30,1,2,0,1,10,5,-1,0,0,0,0,1,-1,-1,22,17,1932,-1,-1,-1,-1,-1,-1,2,0,0,0,0,0,2,0,11,3,7,41.92556279,-87.64882364
0,372878,-1,30,1,2,0,1,2,6,3,0,0,0,1,-1,-1,-1,0,-1,122,-1,-1,-1,-1,-1,-1,1,0,0,0,0,0,1,0,11,3,7,41.8857537,-87.63407776
0,372828,-1,0,0,0,0,1,14,0,-1,0,0,0,0,-1,-1,-1,17,0,1221,-1,-1,-1,-1,-1,-1,2,0,0,0,0,0,3,0,11,3,7,41.89407059,-87.68486285
0,372811,-1,30,0,0,0,1,2,6,2,0,0,0,0,-1,-1,-1,11,-1,114,-1,-1,-1,-1,-1,-1,1,0,0,0,0,0,2,0,11,3,7,41.88464637,-87.6172485
0,372787,-1,35,1,2,0,1,14,5,-1,0,0,0,0,-1,-1,-1,17,17,834,-1,-1,-1,-1,-1,-1,2,0,0,0,0,0,2,0,11,3,7,41.7418036,-87.74095358
0,372802,-1,35,1,2,0,1,10,5,2,0,0,0,0,-1,-1,-1,18,-1,123,-1,-1,-1,-1,-1,-1,2,0,0,0,0,0,2,0,11,3,7,41.8698488,-87.63065553
0,372786,-1,20,0,0,0,1,7,2,-1,0,0,0,0,-1,-1,1,-1,-1,2532,-1,-1,-1,-1,-1,-1,2,0,0,0,0,0,1,0,11,3,7,41.90499928,-87.76248169
0,372777,-1,30,2,3,0,1,14,6,1,0,0,0,0,-1,-1,-1,23,0,1833,-1,-1,-1,-1,-1,-1,2,0,0,0,0,0,2,0,11,3,7,41.89900209,-87.62171818
0,372771,-1,30,0,0,0,1,7,3,-1,0,0,0,0,-1,-1,-1,18,-1,2012,-1,-1,-1,-1,-1,-1,2,0,0,0,0,0,3,0,11,3,7,41.97712828,-87.66978664
0,372767,-1,30,0,0,0,1,7,5,-1,0,0,0,0,-1,-1,-1,17,17,1822,-1,-1,-1,-1,-1,-1,2,0,0,0,0,0,1,0,11,3,7,41.89801962,-87.64313867
0,372746,-1,30,0,0,1,1,0,12,2,0,0,0,0,-1,-1,-1,20,-1,124,-1,-1,-1,-1,-1,-1,2,0,0,0,0,0,2,0,11,3,7,41.8663842,-87.64055005
0,377663,-1,30,0,0,0,1,7,6,1,0,0,-1,0,-1,-1,1,23,0,1924,-1,-1,-1,-1,-1,-1,2,0,0,0,0,0,1,0,11,3,7,41.94554881,-87.65170338
0,374515,-1,30,0,0,0,1,7,5,2,0,-1,-1,0,-1,-1,1,0,0,211,-1,-1,-1,-1,-1,-1,2,0,0,0,0,0,1,0,11,3,7,41.83595489,-87.61335015
0,374242,-1,30,1,2,0,1,12,6,2,0,0,0,0,-1,-1,-1,22,-1,1834,-1,-1,-1,-1,-1,-1,2,0,0,0,0,0,2,0,10,3,7,41.89356067,-87.61760018
3,372769,-1,30,0,0,0,1,8,6,2,0,0,0,1,-1,-1,-1,0,0,112,-1,-1,1,-1,-1,-1,2,1,0,1,0,0,1,0,10,3,7,41.88066228,-87.62730164
1,372761,-1,30,0,0,0,1,10,2,-1,0,0,0,1,-1,-1,-1,17,18,1631,-1,-1,-1,-1,-1,-1,2,1,0,0,0,1,1,0,10,3,7,41.94619222,-87.80718468
0,372708,-1,30,0,0,0,1,10,5,2,0,0,0,0,-1,-1,-1,21,20,2411,-1,-1,-1,-1,-1,-1,2,0,0,0,0,0,2,0,10,3,7,42.01192483,-87.70123046
0,392695,-1,0,0,0,2,1,7,5,4,0,0,0,0,-1,-1,-1,20,0,1822,-1,-1,-1,-1,-1,-1,2,0,0,0,0,0,2,0,10,3,7,41.89941233,-87.64319917
0,372715,-1,30,0,0,0,1,5,6,-1,0,0,1,0,-1,-1,-1,28,28,624,-1,-1,-1,-1,-1,-1,1,0,0,0,0,0,2,0,10,3,7,41.75283162,-87.61493293
2,372721,-1,30,0,0,0,1,10,5,2,0,0,0,1,-1,-1,-1,0,-1,1612,-1,-1,-1,-1,-1,-1,2,2,0,0,2,0,0,0,10,3,7,41.99085797,-87.79671842
0,372688,-1,30,0,0,0,1,2,2,2,0,0,0,0,-1,-1,-1,0,-1,414,-1,-1,-1,-1,-1,-1,1,0,0,0,0,0,1,0,10,3,7,41.74694869,-87.58098243
0,372699,-1,30,0,0,0,1,12,5,-1,0,0,0,0,-1,-1,-1,0,0,931,-1,-1,-1,-1,-1,-1,2,0,0,0,0,0,2,0,10,3,7,41.80193157,-87.68353403
0,372670,-1,20,0,0,0,1,7,12,1,0,0,0,0,-1,-1,1,0,-1,831,-1,-1,-1,-1,-1,-1,2,0,0,0,0,0,1,0,10,3,7,41.77375399,-87.69188047
0,382984,1,30,2,0,0,1,7,7,-1,0,0,0,0,-1,-1,-1,23,23,533,-1,-1,-1,-1,-1,-1,2,0,0,0,0,0,1,0,10,3,7,41.65538649,-87.59736904
0,375893,-1,30,1,2,0,1,10,5,-1,0,0,0,0,-1,-1,-1,18,-1,132,-1,-1,-1,-1,-1,-1,2,0,0,0,0,0,2,0,10,3,7,41.86738791,-87.62049103
0,373272,-1,30,0,0,0,1,7,7,-1,0,0,0,0,-1,-1,-1,0,-1,1831,-1,-1,-1,-1,-1,-1,2,0,0,0,0,0,1,0,10,3,7,41.88752864,-87.63264684
0,372673,-1,30,0,0,1,1,2,5,-1,0,0,0,0,-1,-1,-1,11,11,532,-1,-1,-1,-1,-1,-1,1,0,0,0,0,0,1,0,10,3,7,41.68366566,-87.6205427
2,372664,-1,30,1,2,0,1,0,5,5,0,0,0,1,1,-1,-1,6,16,212,-1,-1,-1,-1,-1,-1,2,1,0,0,1,0,1,0,9,3,7,41.82386655,-87.62307196
0,372779,-1,30,2,2,0,1,8,6,2,0,0,0,0,1,-1,-1,33,5,915,-1,-1,-1,-1,-1,-1,2,0,0,0,0,0,2,0,9,3,7,41.82886027,-87.64376749
0,383095,-1,0,0,0,0,1,0,7,0,0,0,0,0,-1,1,-1,0,-1,1612,-1,-1,-1,-1,-1,-1,2,0,0,0,0,0,2,0,9,3,7,41.9866294,-87.79402078
0,372790,-1,15,0,0,0,1,3,7,2,0,0,0,0,-1,-1,-1,20,0,2411,-1,-1,-1,-1,-1,-1,2,0,0,0,0,0,2,0,9,3,7,42.01217318,-87.69984398
0,372630,-1,30,0,0,0,-1,7,6,-1,0,0,0,1,-1,-1,1,21,-1,923,-1,-1,-1,-1,-1,-1,3,0,0,0,0,0,1,0,9,3,7,41.79487791,-87.69275811
0,372655,1,30,0,0,1,1,14,2,2,0,0,0,1,1,-1,-1,17,-1,1621,-1,-1,-1,-1,-1,-1,2,0,0,0,0,0,2,0,9,3,7,41.99730701,-87.7623709
0,373233,-1,10,0,0,0,1,10,4,1,0,0,0,0,-1,1,-1,18,0,632,-1,-1,-1,-1,-1,-1,2,0,0,0,0,0,2,0,9,3,7,41.73625546,-87.62291751
0,372754,-1,30,1,2,0,1,10,2,4,0,0,0,0,-1,-1,-1,0,0,123,-1,-1,-1,-1,-1,-1,2,0,0,0,0,0,2,0,9,3,7,41.87517906,-87.62747379
0,372656,-1,30,0,0,0,1,12,2,-1,0,0,0,0,-1,-1,-1,0,0,122,-1,-1,-1,-1,-1,-1,2,0,0,0,0,0,2,0,9,3,7,41.8866811,-87.63451177
0,372626,-1,30,1,2,0,1,12,3,3,0,0,0,0,-1,-1,-1,18,18,114,-1,-1,-1,-1,-1,-1,2,0,0,0,0,0,2,0,9,3,7,41.88564629,-87.6243566
1,372615,-1,30,0,0,0,1,7,5,4,0,0,0,1,-1,-1,-1,16,-1,611,-1,-1,-1,-1,-1,-1,2,3,0,0,0,3,4,0,9,3,7,41.75648632,-87.66373577
0,372647,-1,30,0,0,0,1,10,5,-1,0,0,0,0,-1,-1,-1,0,0,1434,-1,-1,-1,-1,-1,-1,2,0,0,0,0,0,2,0,9,3,7,41.91172837,-87.68711088
0,381860,-1,30,0,0,-1,1,2,-1,-1,0,0,0,0,-1,1,1,0,0,1111,-1,-1,-1,-1,-1,-1,1,0,0,0,0,0,1,0,9,3,7,41.90085649,-87.73236576
0,373675,-1,30,0,0,0,1,7,7,2,0,0,0,0,-1,-1,1,20,20,622,-1,-1,-1,-1,-1,-1,2,0,0,0,0,0,1,0,9,3,7,41.74257762,-87.63393693
0,373614,-1,30,0,0,0,1,7,5,-1,0,0,0,0,-1,-1,1,0,-1,2535,-1,-1,-1,-1,-1,-1,2,0,0,0,0,0,1,0,9,3,7,41.90378521,-87.71796315
0,372657,-1,15,0,0,0,1,0,7,-1,0,-1,-1,0,-1,1,1,0,0,622,-1,-1,-1,-1,-1,-1,2,0,0,0,0,0,2,0,9,3,7,41.7362617,-87.62906472
0,372598,-1,30,0,-1,0,1,12,5,4,0,0,-1,0,-1,-1,0,17,16,132,-1,-1,-1,-1,-1,-1,2,0,0,0,0,0,2,0,8,3,7,41.8626833,-87.62389798
2,372608,-1,30,0,0,0,1,11,5,1,0,0,0,1,-1,-1,-1,12,-1,1922,-1,-1,-1,-1,-1,-1,2,1,0,0,1,0,1,0,8,3,7,41.95065902,-87.67578674
0,372680,-1,20,0,0,0,1,11,5,-1,0,0,0,0,-1,-1,-1,0,0,1911,-1,-1,-1,-1,-1,-1,2,0,0,0,0,0,2,0,8,3,7,41.96551859,-87.69385249
0,372586,-1,35,2,2,0,1,14,6,1,0,0,0,1,-1,-1,1,5,0,421,-1,-1,-1,-1,-1,-1,2,0,0,0,0,0,2,0,8,3,7,41.75731269,-87.55790843
0,372737,-1,30,0,0,0,1,12,5,2,0,0,0,0,-1,-1,-1,17,-1,1712,-1,-1,-1,-1,-1,-1,2,0,0,0,0,0,2,0,8,3,7,41.97551208,-87.74061519
0,372609,-1,30,0,0,0,1,12,5,4,0,0,0,0,-1,-1,-1,21,-1,1214,-1,-1,-1,-1,-1,-1,2,0,0,0,0,0,2,0,8,3,7,41.89105972,-87.64884985
0,372588,-1,35,0,0,0,1,14,5,4,0,0,0,1,1,-1,-1,28,28,1621,-1,-1,-1,1,-1,-1,2,0,0,0,0,0,2,0,8,3,7,41.99571867,-87.76358938
0,372570,-1,45,0,0,0,1,12,3,-1,0,0,0,0,-1,-1,1,21,-1,222,-1,-1,-1,-1,-1,-1,2,0,0,0,0,0,2,0,8,3,7,41.80427788,-87.58259544
0,372600,-1,25,1,2,0,1,14,5,4,0,0,0,0,-1,-1,-1,21,0,2012,-1,-1,-1,-1,-1,-1,2,0,0,0,0,0,2,0,8,3,7,41.99052334,-87.67191267
0,372593,-1,25,0,0,0,1,12,5,2,0,0,0,0,-1,-1,1,22,-1,1914,-1,-1,-1,1,2,1,2,0,0,0,0,0,2,0,8,3,7,41.9619521,-87.64997733
0,372564,-1,25,0,0,0,1,7,5,2,0,0,0,0,-1,-1,-1,-1,-1,1915,-1,-1,-1,-1,-1,-1,2,0,0,0,0,0,2,0,8,3,7,41.95601827,-87.6513131
0,372561,-1,35,1,2,1,1,12,2,-1,0,0,0,0,-1,-1,-1,22,-1,122,-1,-1,-1,-1,-1,-1,2,0,0,0,0,0,2,0,8,3,7,41.87929007,-87.63236273
0,372562,-1,0,0,0,0,1,2,7,-1,0,0,0,1,-1,1,-1,0,-1,924,-1,-1,-1,-1,-1,-1,1,0,0,0,0,0,1,0,8,3,7,41.81768373,-87.6650402
0,372569,-1,30,1,2,0,1,7,5,2,0,0,0,0,-1,-1,-1,0,0,1031,-1,-1,-1,-1,-1,-1,2,0,0,0,0,0,2,0,8,3,7,41.84425637,-87.71737672
1,372537,-1,30,0,0,0,1,14,5,6,0,0,0,1,-1,1,-1,23,33,811,-1,-1,-1,-1,-1,-1,2,1,0,0,0,1,1,0,8,3,7,41.79617425,-87.76257753
0,421558,1,20,0,0,-1,-1,7,5,-1,0,-1,0,0,-1,-1,1,0,0,522,-1,-1,-1,-1,-1,-1,2,0,0,0,0,0,1,0,8,3,7,41.68633809,-87.63027146
0,373571,-1,30,0,0,0,1,11,5,-1,0,0,0,0,-1,-1,-1,11,0,1421,-1,-1,-1,-1,-1,-1,2,0,0,0,0,0,2,0,8,3,7,41.91187955,-87.69322116
0,372625,-1,30,0,0,1,2,7,5,1,0,0,0,0,-1,-1,-1,0,0,1623,-1,-1,0,-1,-1,-1,2,0,0,0,0,0,3,0,7,3,7,41.97331459,-87.75482796
2,372533,-1,25,1,2,0,1,14,2,4,0,0,0,1,1,-1,-1,17,21,124,-1,-1,-1,-1,-1,-1,2,1,0,0,1,0,1,0,7,3,7,41.86664961,-87.63908158
0,372526,-1,30,0,0,0,1,2,5,-1,0,0,0,0,-1,1,-1,11,11,1523,-1,-1,-1,-1,-1,-1,1,0,0,0,0,0,1,0,7,3,7,41.88464947,-87.75781606
0,372918,-1,30,12,12,1,1,5,5,2,0,0,0,0,-1,-1,-1,0,-1,1612,-1,-1,-1,-1,-1,-1,1,0,0,0,0,0,1,0,7,3,7,41.98281539,-87.80679493
0,372572,-1,35,2,2,0,1,14,5,2,0,0,0,0,1,-1,-1,17,-1,914,-1,-1,-1,-1,-1,-1,2,0,0,0,0,0,2,0,7,3,7,41.84642268,-87.63821813
0,385864,-1,15,0,0,0,3,2,7,0,0,0,4,0,-1,1,-1,28,20,1924,-1,-1,-1,-1,-1,-1,1,0,0,0,0,0,1,0,7,3,7,41.94002867,-87.65341953
0,372518,-1,30,1,2,1,1,10,5,2,0,0,12,1,-1,-1,-1,16,-1,1533,-1,-1,-1,1,2,1,2,0,0,0,0,0,2,0,7,3,7,41.87683881,-87.74949109
0,374738,-1,30,0,0,-1,-1,2,0,-1,0,-1,0,0,-1,-1,1,-1,-1,1212,-1,-1,-1,-1,-1,-1,1,0,0,0,0,0,1,0,7,3,7,41.89784014,-87.6760333
0,372548,-1,30,0,0,0,1,10,3,-1,0,0,0,0,-1,-1,-1,0,-1,214,-1,-1,-1,-1,-1,-1,2,0,0,0,0,0,2,0,7,3,7,41.82374669,-87.59993159