MOST_SEVERE_INJURY,RD_NO,CRASH_DATE_EST_I,POSTED_SPEED_LIMIT,TRAFFIC_CONTROL_DEVICE,DEVICE_CONDITION,WEATHER_CONDITION,LIGHTING_CONDITION,FIRST_CRASH_TYPE,TRAFFICWAY_TYPE,LANE_CNT,ALIGNMENT,ROADWAY_SURFACE_COND,ROAD_DEFECT,CRASH_TYPE,INTERSECTION_RELATED_I,NOT_RIGHT_OF_WAY_I,HIT_AND_RUN_I,PRIM_CONTRIBUTORY_CAUSE,SEC_CONTRIBUTORY_CAUSE,BEAT_OF_OCCURRENCE,PHOTOS_TAKEN_I,STATEMENTS_TAKEN_I,DOORING_I,WORK_ZONE_I,WORK_ZONE_TYPE,WORKERS_PRESENT_I,NUM_UNITS,INJURIES_TOTAL,INJURIES_FATAL,INJURIES_INCAPACITATING,INJURIES_NON_INCAPACITATING,INJURIES_REPORTED_NOT_EVIDENT,INJURIES_NO_INDICATION,INJURIES_UNKNOWN,CRASH_HOUR,CRASH_DAY_OF_WEEK,CRASH_MONTH,LATITUDE,LONGITUDE
0,371467,-1,30,0,0,-1,-1,7,6,1,0,-1,-1,0,-1,-1,1,0,-1,1031,-1,-1,-1,-1,-1,-1,2,0,0,0,0,0,1,0,8,2,7,41.83635918,-87.72326393
0,371161,-1,15,0,0,-1,-1,7,7,0,0,-1,0,0,-1,-1,1,0,-1,133,-1,-1,-1,-1,-1,-1,2,0,0,0,0,0,1,0,8,2,7,41.84139533,-87.62933915
0,371146,-1,0,0,0,0,1,7,5,1,0,0,0,0,-1,-1,1,21,21,834,-1,-1,-1,-1,-1,-1,2,0,0,0,0,0,1,0,8,2,7,41.73670372,-87.7140121
0,371142,-1,35,1,2,0,1,10,5,-1,0,0,0,1,1,-1,-1,33,-1,1733,-1,-1,-1,-1,-1,-1,1,0,0,0,0,0,2,0,8,2,7,41.94673203,-87.7088963
0,371140,-1,30,1,2,0,1,10,5,-1,0,0,0,0,-1,-1,-1,0,27,1112,-1,-1,-1,-1,-1,-1,2,0,0,0,0,0,3,0,8,2,7,41.89893143,-87.72604407
0,371144,-1,30,1,2,0,1,2,5,-1,0,0,0,0,-1,-1,-1,0,0,414,-1,-1,-1,-1,-1,-1,2,0,0,0,0,0,2,0,7,2,7,41.74458468,-87.57600563
0,371126,-1,30,2,2,0,1,14,5,2,0,0,0,1,1,-1,1,0,0,1421,-1,-1,-1,-1,-1,-1,2,0,0,0,0,0,2,0,7,2,7,41.91562241,-87.70706394
0,371128,-1,30,1,2,0,1,14,5,4,0,0,0,0,1,-1,-1,0,0,2432,-1,-1,-1,-1,-1,-1,2,0,0,0,0,0,3,0,7,2,7,41.99827176,-87.66070278
1,372018,-1,30,1,-1,0,1,10,5,4,0,0,-1,1,-1,-1,-1,0,0,331,-1,-1,-1,-1,-1,-1,2,1,0,0,0,1,1,0,7,2,7,41.77541799,-87.5738976
0,372008,-1,30,2,2,0,1,7,5,2,0,0,0,0,-1,-1,-1,0,-1,1823,-1,-1,-1,-1,-1,-1,2,0,0,0,0,0,1,0,7,2,7,41.90197718,-87.63581078
0,371924,-1,30,0,0,0,1,12,2,-1,0,0,0,0,-1,-1,1,22,22,334,-1,-1,-1,-1,-1,-1,2,0,0,0,0,0,2,0,7,2,7,41.7661952,-87.56290818
0,371555,-1,30,0,0,0,1,12,3,4,0,0,0,0,-1,-1,-1,22,-1,1225,-1,-1,-1,-1,-1,-1,2,0,0,0,0,0,2,0,7,2,7,41.8667236,-87.68589511
0,371516,-1,25,0,0,0,1,7,5,2,0,0,0,0,-1,-1,1,20,-1,1224,-1,-1,-1,-1,-1,-1,2,0,0,0,0,0,1,0,7,2,7,41.88435867,-87.66775475
0,371147,-1,30,0,0,0,1,3,5,-1,0,0,0,0,-1,-1,-1,20,0,1931,-1,-1,-1,-1,-1,-1,2,0,0,0,0,0,2,0,7,2,7,41.93223372,-87.67329825
2,371117,-1,30,2,2,0,1,10,5,2,0,0,0,1,-1,-1,1,0,0,1422,-1,-1,-1,-1,-1,-1,2,1,0,0,1,0,1,0,7,2,7,41.91167348,-87.71158549
0,371122,-1,30,0,0,0,1,14,2,1,0,0,0,0,-1,-1,1,18,0,1033,-1,-1,-1,-1,-1,-1,2,0,0,0,0,0,2,0,7,2,7,41.83514681,-87.69511176
0,371106,-1,30,2,2,0,1,14,5,-1,0,0,0,1,-1,-1,-1,17,-1,833,-1,-1,-1,-1,-1,-1,2,0,0,0,0,0,3,0,7,2,7,41.77134053,-87.73482616
0,372323,1,30,2,-1,-1,-1,7,5,2,0,-1,0,1,-1,-1,1,0,-1,213,-1,-1,-1,-1,-1,-1,2,0,0,0,0,0,1,0,7,2,7,41.82172408,-87.62870738
0,371567,-1,35,0,0,0,1,10,5,-1,0,0,0,0,-1,-1,-1,0,0,1722,-1,-1,-1,-1,-1,-1,2,0,0,0,0,0,4,0,7,2,7,41.96068491,-87.74738425
0,371116,-1,35,0,0,0,1,2,5,4,0,0,0,1,-1,-1,1,0,0,2233,-1,-1,-1,-1,-1,-1,1,0,0,0,0,0,1,0,7,2,7,41.70500713,-87.64262807
0,371111,-1,30,2,2,0,1,12,5,2,0,0,0,0,1,-1,-1,0,0,913,-1,-1,-1,-1,-1,-1,2,0,0,0,0,0,2,0,7,2,7,41.84336563,-87.6538411
3,372517,-1,30,1,2,0,1,14,2,2,0,0,0,1,1,-1,-1,12,10,2521,-1,-1,-1,-1,-1,-1,2,2,0,1,0,1,1,0,6,2,7,41.9243148,-87.74888395
0,371872,-1,30,0,0,0,1,12,5,4,0,0,0,0,-1,-1,-1,0,-1,1233,-1,-1,-1,-1,-1,-1,2,0,0,0,0,0,3,0,6,2,7,41.86512757,-87.66619576
0,371120,-1,25,0,0,0,1,12,12,-1,3,0,0,0,-1,-1,1,22,-1,2023,-1,-1,-1,-1,-1,-1,2,0,0,0,0,0,2,0,6,2,7,41.98300367,-87.65281153
0,371100,-1,0,0,0,0,1,5,3,-1,2,0,0,1,-1,-1,-1,12,-1,833,-1,-1,-1,-1,-1,-1,1,0,0,0,0,0,2,0,6,2,7,41.7626053,-87.72246279
0,371098,-1,30,1,2,0,1,2,5,-1,0,0,0,0,-1,-1,-1,18,18,431,-1,-1,-1,-1,-1,-1,2,0,0,0,0,0,2,0,6,2,7,41.70830964,-87.55981202
0,371113,-1,30,0,0,0,1,7,6,1,0,0,0,0,-1,-1,-1,0,-1,2234,-1,-1,-1,-1,-1,-1,2,0,0,0,0,0,1,0,6,2,7,41.69032374,-87.65094436
0,371379,-1,30,0,0,0,1,10,5,-1,0,0,0,1,1,-1,1,0,-1,911,-1,-1,-1,-1,-1,-1,2,0,0,0,0,0,2,0,6,2,7,41.82823724,-87.70198748
0,371594,-1,30,0,0,0,2,7,6,-1,0,0,0,0,-1,-1,1,0,-1,1434,-1,-1,-1,-1,-1,-1,2,0,0,0,0,0,1,0,5,2,7,41.91078647,-87.68372271
0,371070,-1,45,0,0,0,2,5,2,-1,0,0,-1,0,-1,-1,-1,0,0,132,-1,-1,-1,-1,-1,-1,1,0,0,0,0,0,1,0,5,2,7,41.86738791,-87.62049103
0,371071,-1,30,1,2,0,1,14,5,0,0,0,0,0,-1,-1,-1,17,-1,1621,-1,-1,-1,-1,-1,-1,2,0,0,0,0,0,2,0,5,2,7,41.99723149,-87.76681826
0,371786,0,30,0,0,0,-1,7,6,1,0,0,0,0,-1,-1,1,0,0,1032,-1,-1,-1,-1,-1,-1,2,0,0,0,0,0,1,0,5,2,7,41.84293578,-87.70635839
2,371059,-1,30,2,2,0,3,0,2,4,0,0,0,1,1,-1,1,17,0,432,-1,-1,-1,-1,-1,-1,2,2,0,0,1,1,1,0,4,2,7,41.7194596,-87.53514157
0,372504,-1,30,1,-1,0,0,14,5,4,0,0,0,0,1,-1,1,0,-1,924,-1,-1,-1,-1,-1,-1,2,0,0,0,0,0,2,0,4,2,7,41.81213052,-87.66520825
0,371438,-1,30,0,0,0,3,7,6,1,0,0,0,0,-1,-1,1,0,-1,2412,-1,-1,-1,-1,-1,-1,2,0,0,0,0,0,1,0,4,2,7,41.99966936,-87.70473456
0,371052,-1,35,1,-1,0,3,0,5,2,0,0,0,1,-1,-1,-1,0,0,1423,-1,-1,-1,-1,-1,-1,2,0,0,0,0,0,2,0,3,2,7,41.9100633,-87.70184829
2,371049,-1,30,0,0,0,3,7,6,1,0,0,0,1,-1,-1,-1,16,-1,725,-1,-1,-1,-1,-1,-1,2,1,0,0,1,0,0,0,3,2,7,41.7729585,-87.66024575
2,371020,-1,30,0,0,0,3,7,2,2,0,0,0,1,-1,-1,-1,16,-1,934,-1,-1,-1,-1,-1,-1,2,1,0,0,1,0,1,0,2,2,7,41.80131009,-87.65725532
0,371708,1,20,0,0,0,3,7,5,-1,0,0,0,0,-1,-1,1,0,0,412,-1,-1,-1,-1,-1,-1,2,0,0,0,0,0,1,0,2,2,7,41.73397897,-87.59236491
0,371468,-1,30,12,-1,0,0,7,6,-1,0,0,-1,0,-1,-1,1,0,0,421,-1,-1,-1,-1,-1,-1,2,0,0,0,0,0,1,0,2,2,7,41.75511499,-87.55159418
3,371064,1,30,0,0,0,0,9,5,-1,0,0,-1,1,-1,-1,1,0,0,825,-1,-1,-1,-1,-1,-1,2,1,0,1,0,0,1,0,2,2,7,41.78276146,-87.68755124
0,371010,-1,15,0,0,0,3,2,0,1,0,0,0,1,-1,-1,-1,0,-1,2525,-1,-1,-1,-1,-1,-1,1,0,0,0,0,0,1,0,2,2,7,41.91733185,-87.72173104
1,371014,-1,30,1,2,0,3,9,5,-1,0,0,0,1,1,-1,-1,0,-1,1414,-1,-1,-1,-1,-1,-1,2,1,0,0,0,1,1,0,1,2,7,41.92807807,-87.70555206
2,371035,-1,30,0,0,0,3,2,5,-1,0,0,0,1,-1,-1,-1,32,32,311,-1,-1,-1,-1,-1,-1,1,1,0,0,1,0,0,0,1,2,7,41.78014675,-87.62190091
1,371011,-1,30,0,0,0,3,2,7,-1,0,0,0,1,-1,1,-1,25,19,323,-1,-1,-1,-1,-1,-1,1,1,0,0,0,1,0,0,1,2,7,41.75843267,-87.624618
0,373922,-1,25,0,0,-1,3,7,6,2,0,-1,0,0,-1,-1,1,19,0,1831,-1,-1,-1,-1,-1,-1,2,0,0,0,0,0,6,0,1,2,7,41.89305843,-87.63553769
0,371027,-1,45,0,0,0,3,2,3,-1,0,0,0,1,-1,-1,1,0,0,2024,-1,-1,-1,-1,-1,-1,1,0,0,0,0,0,1,0,1,2,7,41.97304372,-87.64890565
0,371000,0,30,0,2,0,0,10,2,2,0,0,-1,1,-1,-1,-1,0,-1,1212,-1,-1,-1,-1,-1,-1,2,0,0,0,0,0,2,0,1,2,7,41.90314384,-87.67315744
0,371006,-1,30,0,3,0,3,5,3,4,3,0,0,1,-1,-1,1,14,0,833,-1,-1,-1,-1,-1,-1,1,0,0,0,0,0,1,0,1,2,7,41.76316628,-87.72247732
0,373818,-1,30,2,0,0,3,0,2,2,0,0,3,0,-1,-1,1,27,11,2412,-1,-1,-1,-1,-1,-1,2,0,0,0,0,0,2,0,1,2,7,41.99773384,-87.69605085
0,370999,-1,30,0,0,0,3,7,5,2,0,0,0,0,-1,-1,1,0,0,431,-1,-1,-1,-1,-1,-1,2,0,0,0,0,0,1,0,1,2,7,41.7179599,-87.55362623
0,371352,-1,30,2,2,0,3,0,5,1,0,0,0,0,-1,-1,1,17,0,711,-1,-1,-1,-1,-1,-1,2,0,0,0,0,0,2,0,1,2,7,41.78361409,-87.63769163
0,370981,-1,30,1,2,0,3,10,2,5,0,0,0,0,0,-1,-1,16,18,815,-1,-1,-1,-1,-1,-1,2,0,0,0,0,0,4,0,1,2,7,41.79675457,-87.72340922
2,370993,-1,30,1,2,0,3,10,5,2,0,0,0,1,1,-1,-1,32,32,412,-1,-1,-1,-1,-1,-1,2,1,0,0,1,0,2,0,1,2,7,41.74422798,-87.57526146
0,371056,-1,30,0,0,0,3,2,0,1,0,0,0,0,-1,-1,-1,0,0,621,-1,-1,-1,-1,-1,-1,1,0,0,0,0,0,1,0,0,2,7,41.75072818,-87.64565487
2,370979,-1,25,1,-1,0,0,0,2,-1,0,0,-1,1,1,-1,-1,0,0,124,-1,-1,-1,-1,-1,-1,2,1,0,0,1,0,3,0,0,2,7,41.86980522,-87.6437763
0,371002,-1,15,0,0,0,3,2,0,1,0,0,0,0,-1,-1,-1,0,25,2422,-1,-1,-1,-1,-1,-1,1,0,0,0,0,0,1,0,0,2,7,42.01681444,-87.67333959
0,370971,1,30,0,0,0,3,7,6,1,0,0,0,0,-1,-1,-1,11,-1,815,-1,-1,-1,-1,-1,-1,2,0,0,0,0,0,2,0,0,2,7,41.79669641,-87.73068176
0,370957,-1,30,0,0,0,3,10,5,2,0,0,0,0,-1,-1,-1,0,0,233,-1,-1,-1,-1,-1,-1,2,0,0,0,0,0,2,0,0,2,7,41.79928045,-87.60287737
0,372334,-1,30,0,0,0,3,7,6,1,0,0,0,0,-1,-1,1,0,0,1215,-1,-1,-1,-1,-1,-1,2,0,0,0,0,0,1,0,0,2,7,41.89090386,-87.66536635
3,371224,-1,30,2,2,0,3,9,6,3,0,0,0,1,-1,-1,1,17,-1,321,-1,-1,-1,-1,-1,-1,2,1,0,1,0,0,1,0,0,2,7,41.77449194,-87.59864502
0,371294,1,30,0,0,0,3,7,5,2,0,0,0,0,-1,0,1,0,0,1614,-1,-1,-1,-1,-1,-1,2,0,0,0,0,0,1,0,0,2,7,41.97735038,-87.83828812
0,377076,-1,25,4,-1,-1,0,10,6,-1,0,-1,0,0,-1,-1,-1,18,17,2232,-1,-1,-1,-1,-1,-1,3,0,0,0,0,0,3,0,23,1,7,41.71410383,-87.64306208
0,371026,1,35,-1,-1,0,3,7,2,2,0,0,-1,0,-1,-1,1,0,-1,1235,-1,-1,-1,-1,-1,-1,2,0,0,0,0,0,1,0,23,1,7,41.85435651,-87.66109592
0,370926,-1,30,1,2,0,3,10,5,-1,0,0,0,0,1,-1,-1,-1,-1,2232,-1,-1,-1,-1,-1,-1,2,0,0,0,0,0,3,0,23,1,7,41.71411887,-87.64314541
0,370960,-1,30,1,2,0,3,14,2,4,0,0,0,1,-1,-1,-1,17,-1,411,-1,-1,-1,-1,-1,-1,2,0,0,0,0,0,3,0,23,1,7,41.75161152,-87.58559228
0,371362,-1,30,0,0,0,3,7,5,2,0,0,0,0,-1,-1,-1,0,0,1722,-1,-1,-1,-1,-1,-1,2,0,0,0,0,0,1,0,23,1,7,41.96456793,-87.74032529
0,370920,-1,45,0,0,0,3,12,3,-1,2,0,2,0,-1,-1,-1,21,22,132,-1,-1,-1,-1,-1,-1,2,0,0,0,0,0,2,0,23,1,7,41.85600228,-87.61603496
0,370931,-1,20,0,12,0,3,7,5,-1,0,0,0,1,-1,-1,-1,16,0,815,-1,-1,-1,-1,-1,-1,3,0,0,0,0,0,1,0,23,1,7,41.80240529,-87.73062872
0,370969,-1,30,0,0,0,3,7,6,1,0,0,0,0,-1,-1,-1,-1,-1,621,-1,-1,-1,-1,-1,-1,2,0,0,0,0,0,1,0,23,1,7,41.75416451,-87.64348043
0,370890,1,30,0,0,0,3,7,6,1,0,0,0,0,-1,-1,1,0,-1,1732,-1,-1,-1,-1,-1,-1,2,0,0,0,0,0,1,0,22,1,7,41.95095355,-87.7273776
0,370855,-1,10,0,0,0,0,10,7,-1,0,0,0,0,-1,-1,1,20,17,1124,-1,-1,-1,-1,-1,-1,2,0,0,0,0,0,2,0,22,1,7,41.8761276,-87.70123322
0,370860,-1,30,0,0,0,3,14,5,1,0,0,0,1,-1,-1,1,0,0,922,-1,-1,-1,-1,-1,-1,2,0,0,0,0,0,2,0,22,1,7,41.81530672,-87.68574581
2,370833,-1,30,1,2,0,3,8,6,3,0,0,0,1,1,-1,-1,-1,-1,1831,-1,-1,-1,-1,-1,-1,2,1,0,0,1,0,1,0,22,1,7,41.89305843,-87.63553769
0,381438,-1,30,0,0,-1,3,7,6,1,0,-1,-1,0,-1,-1,1,0,0,611,-1,-1,-1,-1,-1,-1,2,0,0,0,0,0,1,0,22,1,7,41.75302636,-87.66578745
0,372774,1,30,0,0,0,3,7,2,1,0,0,0,0,-1,-1,1,0,-1,331,-1,-1,-1,-1,-1,-1,2,0,0,0,0,0,1,0,22,1,7,41.77223253,-87.57631444
0,371533,-1,25,1,2,0,3,10,5,2,0,0,0,0,-1,-1,-1,18,-1,722,-1,-1,-1,-1,-1,-1,2,0,0,0,0,0,2,0,21,1,7,41.77261544,-87.63009968
0,370859,-1,30,2,2,0,3,14,6,1,0,0,-1,0,-1,-1,1,22,21,1131,0,-1,-1,-1,-1,-1,2,0,0,0,0,0,4,0,21,1,7,41.87506536,-87.73787833
0,370812,-1,30,0,0,0,3,14,5,-1,0,0,0,0,-1,-1,-1,8,8,1724,-1,-1,-1,-1,-1,-1,2,0,0,0,0,0,7,0,21,1,7,41.96139887,-87.70840261
0,370912,-1,30,1,2,0,3,0,5,4,0,0,0,0,1,-1,-1,6,-1,132,-1,-1,-1,-1,-1,-1,2,0,0,0,0,0,2,0,21,1,7,41.86485229,-87.61932517
0,370798,-1,30,0,0,0,3,10,5,2,0,0,0,0,-1,-1,-1,18,16,1523,-1,-1,-1,-1,-1,-1,2,0,0,0,0,0,3,0,21,1,7,41.8823547,-87.7648443
2,370783,-1,30,1,2,0,3,14,5,2,0,0,0,1,1,-1,-1,23,-1,1621,-1,-1,-1,-1,-1,-1,2,2,0,0,2,0,2,0,21,1,7,41.99909288,-87.77083964
0,370809,-1,30,1,2,0,3,12,5,-1,0,0,0,0,-1,-1,-1,22,-1,1414,-1,-1,-1,-1,-1,-1,2,0,0,0,0,0,2,0,21,1,7,41.9248974,-87.70036657
2,370803,-1,30,0,0,0,3,14,5,-1,0,0,0,1,1,-1,-1,17,-1,733,-1,-1,-1,-1,-1,-1,2,1,0,0,1,0,4,0,21,1,7,41.76328619,-87.65392395
0,370772,-1,30,3,2,0,3,14,5,-1,0,0,0,0,1,-1,-1,17,17,921,-1,-1,-1,-1,-1,-1,2,0,0,0,0,0,5,0,21,1,7,41.82295429,-87.68501299
2,370789,-1,30,2,2,0,3,0,5,2,0,0,0,1,1,-1,-1,17,-1,915,-1,-1,-1,-1,-1,-1,3,2,0,0,2,0,5,0,21,1,7,41.83078485,-87.64230702
0,370779,-1,30,2,2,0,3,0,5,2,0,0,0,0,-1,-1,-1,17,11,1733,-1,-1,-1,-1,-1,-1,2,0,0,0,0,0,3,0,21,1,7,41.94131598,-87.70133674
0,371679,1,30,0,0,0,3,7,6,-1,0,0,0,0,-1,-1,1,0,-1,2533,-1,-1,-1,-1,-1,-1,2,0,0,0,0,0,1,0,21,1,7,41.91224501,-87.7473461
0,371355,-1,30,0,0,0,1,7,6,1,0,0,0,0,-1,-1,1,0,-1,1522,-1,-1,-1,-1,-1,-1,2,0,0,0,0,0,1,0,21,1,7,41.87937418,-87.76386645
0,370884,-1,30,1,-1,0,3,10,5,4,0,0,-1,0,1,-1,1,0,-1,1723,-1,-1,-1,-1,-1,-1,2,0,0,0,0,0,2,0,21,1,7,41.96101895,-87.71319551
0,370858,-1,35,1,2,0,3,14,2,6,0,0,0,0,-1,-1,-1,17,15,814,-1,-1,-1,-1,-1,-1,3,0,0,0,0,0,3,0,21,1,7,41.80793897,-87.7433045
0,370883,-1,30,0,0,0,3,12,6,2,0,0,0,0,-1,-1,-1,22,0,1834,-1,-1,-1,-1,-1,-1,2,0,0,0,0,0,2,0,20,1,7,41.89338887,-87.6277024
0,370720,-1,30,1,2,0,-1,0,5,-1,0,-1,-1,0,1,-1,-1,21,23,114,-1,-1,-1,-1,-1,-1,2,0,0,0,0,0,2,0,20,1,7,41.88080566,-87.62093499
0,370736,-1,30,0,0,0,4,7,6,-1,0,0,0,0,-1,-1,-1,27,0,513,-1,-1,-1,-1,-1,-1,2,0,0,0,0,0,1,0,20,1,7,41.69704851,-87.61606863
2,370714,-1,30,1,2,0,0,0,2,6,0,0,0,1,1,-1,-1,0,0,511,-1,-1,-1,-1,-1,-1,2,2,0,0,2,0,2,0,20,1,7,41.72225727,-87.58527557
0,370711,-1,35,3,2,2,4,7,5,4,0,0,0,0,-1,1,-1,20,-1,2212,-1,-1,-1,-1,-1,-1,2,0,0,0,0,0,1,0,20,1,7,41.69189366,-87.68006526
3,370703,-1,35,1,2,0,4,14,3,2,0,0,0,1,-1,-1,-1,17,-1,424,-1,-1,-1,-1,-1,-1,2,1,0,1,0,0,5,0,20,1,7,41.72852479,-87.54270098
0,370695,-1,15,-1,-1,0,1,7,6,-1,0,0,0,0,-1,-1,1,0,0,1712,-1,-1,-1,-1,-1,-1,2,0,0,0,0,0,1,0,20,1,7,41.97170025,-87.73691238
2,370682,-1,35,0,0,0,1,8,5,2,0,0,0,1,-1,-1,1,0,0,412,-1,-1,1,-1,-1,-1,2,1,0,0,1,0,1,0,20,1,7,41.74404884,-87.59059504
2,370729,-1,30,0,0,0,3,9,5,2,0,0,0,1,-1,-1,-1,0,0,434,-1,-1,-1,-1,-1,-1,2,1,0,0,1,0,1,0,19,1,7,41.70763102,-87.56586073
2,370639,-1,30,0,0,0,1,8,5,2,0,0,0,1,-1,-1,-1,17,-1,1912,-1,-1,-1,-1,-1,-1,2,1,0,0,1,0,1,0,19,1,7,41.95714544,-87.66412904
0,370685,-1,30,0,0,0,1,7,-1,-1,0,0,0,0,-1,-1,1,25,20,823,-1,-1,-1,-1,-1,-1,2,0,0,0,0,0,1,0,19,1,7,41.78153507,-87.70711421
0,370679,-1,30,0,0,0,1,7,5,2,0,0,0,0,-1,-1,1,16,0,1722,-1,-1,-1,-1,-1,-1,3,0,0,0,0,0,1,0,19,1,7,41.96082373,-87.72906915
0,371426,-1,25,0,0,0,1,10,2,-1,0,0,0,0,-1,-1,-1,-1,-1,1111,-1,-1,-1,-1,-1,-1,2,0,0,0,0,0,2,0,19,1,7,41.89482746,-87.74565493
2,370672,-1,30,1,2,0,1,3,5,4,0,0,0,1,1,-1,-1,25,16,623,-1,-1,-1,-1,-1,-1,2,1,0,0,1,0,3,0,19,1,7,41.75647231,-87.62631276
2,380791,-1,30,0,0,0,4,10,2,2,1,0,0,1,-1,-1,-1,0,0,433,-1,-1,-1,-1,-1,-1,2,2,0,0,2,0,0,0,19,1,7,41.6685273,-87.55940713
0,370880,-1,30,1,2,0,1,10,2,4,0,-1,-1,0,1,-1,1,18,16,2413,0,-1,-1,-1,-1,-1,2,0,0,0,0,0,2,0,19,1,7,41.99061262,-87.68944193
0,370605,-1,30,0,0,0,1,7,6,1,0,0,0,1,-1,-1,-1,25,16,1532,-1,-1,-1,-1,-1,-1,2,0,0,0,0,0,1,0,19,1,7,41.88453341,-87.74895289
0,372030,-1,30,0,0,0,1,3,6,1,0,0,0,0,-1,-1,-1,20,20,1013,-1,-1,-1,-1,-1,-1,2,0,0,0,0,0,2,0,19,1,7,41.84517315,-87.72228206
0,371502,1,30,0,0,0,-1,7,6,1,0,0,0,0,-1,-1,1,0,-1,1114,-1,-1,-1,-1,-1,-1,2,0,0,0,0,0,1,0,19,1,7,41.8846877,-87.73451752
0,370642,1,30,0,0,0,1,7,6,1,0,0,0,0,-1,-1,1,0,-1,2222,-1,-1,-1,-1,-1,-1,2,0,0,0,0,0,1,0,19,1,7,41.72516815,-87.6592694
0,370585,-1,30,2,2,0,1,14,5,-1,2,0,0,0,-1,-1,0,23,-1,815,-1,-1,-1,-1,-1,-1,2,0,0,0,0,0,2,0,18,1,7,41.79693942,-87.73689093
0,375113,-1,20,0,0,-1,3,7,6,1,0,-1,3,0,-1,-1,1,0,11,2411,-1,-1,-1,-1,-1,-1,2,0,0,0,0,0,1,0,18,1,7,42.01018718,-87.69828907
3,370592,-1,30,0,0,0,1,10,5,-1,0,0,0,1,-1,-1,1,0,-1,131,-1,-1,-1,-1,-1,-1,2,4,0,4,0,0,1,0,18,1,7,41.86391946,-87.63045594
3,370591,-1,30,2,2,0,1,14,5,-1,0,0,0,1,1,-1,-1,0,0,834,-1,-1,-1,-1,-1,-1,2,1,0,1,0,0,1,0,18,1,7,41.74274312,-87.71261452
0,370622,-1,30,1,2,0,1,10,5,-1,0,0,-1,0,-1,-1,1,0,0,912,-1,-1,-1,-1,-1,-1,2,0,0,0,0,0,4,0,18,1,7,41.82651854,-87.68420498
0,370579,-1,30,-1,-1,0,2,10,5,-1,0,-1,-1,0,-1,-1,-1,18,16,1831,-1,-1,-1,-1,-1,-1,2,0,0,0,0,0,2,0,18,1,7,41.89306503,-87.63502883
1,370574,-1,30,1,2,0,1,0,5,2,0,0,0,1,1,-1,-1,6,0,734,-1,1,-1,-1,-1,-1,2,3,0,0,0,3,2,0,18,1,7,41.76500934,-87.65426109
0,377660,-1,15,0,0,0,-1,7,7,-1,0,0,0,0,-1,-1,1,0,0,1124,-1,-1,-1,-1,-1,-1,2,0,0,0,0,0,1,0,18,1,7,41.88053934,-87.71084663
0,370541,-1,30,0,0,0,4,7,2,2,0,0,0,0,-1,-1,-1,18,-1,2413,-1,-1,-1,-1,-1,-1,2,0,0,0,0,0,1,0,17,1,7,41.9976279,-87.68950535
0,370546,-1,30,0,0,0,1,10,2,-1,0,0,0,0,-1,-1,1,0,-1,1712,-1,-1,-1,-1,-1,-1,2,0,0,0,0,0,2,0,17,1,7,41.97060434,-87.72824314
0,370594,-1,30,0,0,0,1,10,5,-1,0,0,0,0,-1,-1,-1,18,-1,1935,-1,-1,-1,-1,-1,-1,2,0,0,0,0,0,2,0,17,1,7,41.93253101,-87.64672094
0,370552,-1,30,0,0,0,1,7,6,1,0,0,0,0,-1,-1,1,20,-1,222,-1,-1,-1,-1,-1,-1,2,0,0,0,0,0,1,0,17,1,7,41.8120055,-87.59539558
0,370520,-1,25,1,2,0,1,10,5,2,0,0,0,0,-1,-1,1,18,-1,734,-1,-1,-1,-1,-1,-1,2,0,0,0,0,0,3,0,17,1,7,41.76859881,-87.65435441
0,375536,-1,30,0,0,0,1,12,5,2,0,0,0,0,-1,-1,1,22,22,733,-1,-1,-1,-1,-1,-1,2,0,0,0,0,0,2,0,17,1,7,41.76789566,-87.64462904
0,370538,1,30,0,0,0,1,7,0,-1,0,0,0,0,-1,-1,-1,18,-1,2432,-1,-1,-1,-1,-1,-1,2,0,0,0,0,0,1,0,17,1,7,42.001688,-87.65728325
-1,370501,-1,30,0,0,1,1,7,5,2,0,0,-1,1,-1,-1,-1,0,0,2413,-1,-1,-1,-1,-1,-1,-1,-1,-1,-1,-1,-1,-1,-1,17,1,7,41.99405754,-87.68545473
0,370401,-1,30,0,0,1,1,7,5,2,0,0,-1,1,-1,-1,-1,0,0,2413,-1,-1,-1,-1,-1,-1,3,0,0,0,0,0,1,0,17,1,7,41.99405754,-87.68545473
0,370517,-1,30,1,2,0,1,14,5,-1,0,0,0,1,-1,-1,-1,6,-1,634,-1,-1,-1,-1,-1,-1,2,0,0,0,0,0,2,0,17,1,7,41.72172767,-87.62358399
0,370513,-1,30,1,2,0,1,10,3,4,0,0,0,0,1,-1,1,20,-1,1231,-1,-1,-1,-1,-1,-1,2,0,0,0,0,0,2,0,17,1,7,41.86694006,-87.66653243
0,372228,-1,20,0,0,0,1,7,5,-1,0,0,0,0,-1,-1,-1,22,0,2432,-1,-1,-1,-1,-1,-1,2,0,0,0,0,0,1,0,17,1,7,42.0045392,-87.65867911
0,370652,-1,30,0,0,0,1,10,5,-1,0,0,0,0,-1,-1,1,18,0,1733,-1,-1,-1,-1,-1,-1,2,0,0,0,0,0,3,0,16,1,7,41.94674003,-87.70787549
0,370488,-1,30,0,0,0,1,14,5,2,0,0,0,0,-1,-1,-1,0,-1,1232,-1,-1,-1,-1,-1,-1,2,0,0,0,0,0,5,0,16,1,7,41.87104214,-87.6533966
2,370536,-1,20,0,0,0,1,0,6,1,0,0,0,1,1,-1,-1,17,33,431,-1,-1,-1,-1,-1,-1,2,1,0,0,1,0,1,0,16,1,7,41.71156845,-87.56833289