MOST_SEVERE_INJURY,RD_NO,CRASH_DATE_EST_I,POSTED_SPEED_LIMIT,TRAFFIC_CONTROL_DEVICE,DEVICE_CONDITION,WEATHER_CONDITION,LIGHTING_CONDITION,FIRST_CRASH_TYPE,TRAFFICWAY_TYPE,LANE_CNT,ALIGNMENT,ROADWAY_SURFACE_COND,ROAD_DEFECT,CRASH_TYPE,INTERSECTION_RELATED_I,NOT_RIGHT_OF_WAY_I,HIT_AND_RUN_I,PRIM_CONTRIBUTORY_CAUSE,SEC_CONTRIBUTORY_CAUSE,BEAT_OF_OCCURRENCE,PHOTOS_TAKEN_I,STATEMENTS_TAKEN_I,DOORING_I,WORK_ZONE_I,WORK_ZONE_TYPE,WORKERS_PRESENT_I,NUM_UNITS,INJURIES_TOTAL,INJURIES_FATAL,INJURIES_INCAPACITATING,INJURIES_NON_INCAPACITATING,INJURIES_REPORTED_NOT_EVIDENT,INJURIES_NO_INDICATION,INJURIES_UNKNOWN,CRASH_HOUR,CRASH_DAY_OF_WEEK,CRASH_MONTH,LATITUDE,LONGITUDE
0,373116,-1,30,12,12,0,1,10,6,3,0,0,0,0,-1,-1,-1,18,-1,1831,-1,-1,-1,-1,-1,-1,2,0,0,0,0,0,2,0,16,1,7,41.8923281,-87.63036372
0,370474,-1,30,1,2,0,1,10,5,4,0,0,0,1,1,-1,-1,20,-1,1723,-1,-1,-1,-1,-1,-1,2,0,0,0,0,0,4,0,16,1,7,41.95936803,-87.72764884
0,375452,-1,25,0,0,-1,1,14,5,-1,0,-1,-1,0,-1,-1,-1,15,8,523,-1,-1,-1,-1,-1,-1,2,0,0,0,0,0,3,0,16,1,7,41.66908931,-87.6369543
0,370458,-1,15,0,0,0,1,2,0,1,0,0,0,1,-1,-1,-1,0,0,2525,-1,-1,-1,-1,-1,-1,1,0,0,0,0,0,2,0,16,1,7,41.91767671,-87.72182692
0,370457,-1,30,0,0,0,1,12,5,2,0,0,0,0,-1,-1,-1,0,0,1222,-1,-1,-1,-1,-1,-1,2,0,0,0,0,0,2,0,16,1,7,41.88294368,-87.70252365
1,390547,-1,45,0,0,0,1,10,3,8,0,0,-1,1,-1,-1,-1,18,0,1824,-1,-1,-1,-1,-1,-1,2,1,0,0,0,1,2,0,16,1,7,41.90407674,-87.62480394
3,370446,-1,25,0,-1,0,1,0,6,1,0,0,-1,1,-1,-1,1,17,14,1531,-1,1,-1,-1,-1,-1,2,1,0,1,0,0,1,0,16,1,7,41.90202828,-87.75194623
0,370428,-1,30,0,0,0,1,14,2,4,0,0,0,0,-1,-1,-1,0,0,1234,-1,-1,-1,-1,-1,-1,2,0,0,0,0,0,4,0,16,1,7,41.85475582,-87.68556381
0,371386,-1,30,0,0,0,1,2,7,-1,0,0,0,0,-1,-1,-1,-1,-1,531,-1,-1,-1,-1,-1,-1,2,0,0,0,0,0,2,0,16,1,7,41.69250519,-87.62029268
0,370559,-1,30,0,0,0,1,7,6,1,0,0,0,0,-1,-1,-1,0,-1,1022,-1,-1,-1,-1,-1,-1,3,0,0,0,0,0,1,0,16,1,7,41.86558225,-87.70793283
3,370460,-1,30,1,2,0,1,0,12,3,0,0,0,1,1,-1,-1,6,11,1834,-1,-1,-1,-1,-1,-1,3,1,0,1,0,0,8,0,16,1,7,41.89102451,-87.62529015
0,370414,-1,30,1,2,2,1,11,5,-1,0,1,0,0,1,-1,1,22,34,434,-1,-1,-1,-1,-1,-1,2,0,0,0,0,0,2,0,16,1,7,41.70268583,-87.55974771
0,370413,-1,30,0,0,0,1,14,5,2,0,0,0,0,-1,-1,-1,23,0,914,-1,-1,-1,-1,-1,-1,2,0,0,0,0,0,2,0,16,1,7,41.83999847,-87.64463503
0,370470,-1,30,1,2,1,1,10,5,2,0,0,0,0,1,-1,1,0,0,322,-1,1,-1,-1,-1,-1,2,0,0,0,0,0,2,0,15,1,7,41.76924668,-87.61549896
0,370417,-1,15,0,0,0,1,0,7,-1,0,0,0,0,-1,-1,1,0,-1,1914,-1,-1,-1,-1,-1,-1,2,0,0,0,0,0,2,0,15,1,7,41.9630773,-87.65461382
0,370420,-1,25,0,0,0,1,7,5,2,0,0,0,0,-1,-1,-1,-1,-1,2022,-1,-1,-1,-1,-1,-1,2,0,0,0,0,0,1,0,15,1,7,41.98717182,-87.65951282
0,370449,-1,30,0,0,0,1,2,6,1,0,0,0,1,-1,1,1,0,-1,1522,-1,-1,-1,-1,-1,-1,1,0,0,0,0,0,1,0,15,1,7,41.87195258,-87.76350236
0,370378,-1,30,0,0,0,1,10,3,2,0,0,0,0,-1,-1,1,16,-1,1433,-1,-1,-1,-1,-1,-1,2,0,0,0,0,0,2,0,15,1,7,41.91050602,-87.66869135
0,375122,-1,25,0,0,-1,-1,7,0,-1,0,-1,-1,0,-1,-1,1,0,0,432,-1,-1,-1,-1,-1,-1,2,0,0,0,0,0,1,0,15,1,7,41.70113767,-87.52682191
0,370427,0,25,1,2,0,-1,7,2,2,0,0,-1,0,-1,-1,1,-1,-1,832,-1,-1,-1,-1,-1,-1,2,0,0,0,0,0,1,0,15,1,7,41.77181309,-87.6881838
3,370383,-1,30,0,0,0,1,9,5,2,0,0,0,1,-1,-1,1,14,0,1121,-1,-1,-1,-1,-1,-1,2,1,0,1,0,0,2,0,15,1,7,41.89375066,-87.71497923
0,370416,-1,30,1,1,0,1,10,2,4,0,0,0,0,-1,-1,-1,18,-1,1213,-1,-1,-1,-1,-1,-1,2,0,0,0,0,0,2,0,15,1,7,41.90317637,-87.6673433
0,370385,-1,30,0,0,0,1,10,5,2,0,0,0,0,-1,-1,-1,7,-1,1931,-1,-1,-1,-1,-1,-1,2,0,0,0,0,0,2,0,15,1,7,41.9322557,-87.67152252
0,370426,-1,30,0,0,0,1,7,7,-1,0,0,0,0,-1,-1,-1,-1,-1,1833,-1,-1,-1,-1,-1,-1,2,0,0,0,0,0,2,0,15,1,7,41.89704423,-87.61735825
0,371937,-1,30,1,2,0,1,10,5,-1,0,0,0,0,-1,-1,1,18,16,815,-1,-1,-1,-1,-1,-1,2,0,0,0,0,0,2,0,15,1,7,41.79329357,-87.72330919
0,370899,-1,25,0,0,0,1,10,6,4,0,0,-1,0,-1,-1,1,18,0,112,-1,-1,-1,-1,-1,-1,3,0,0,0,0,0,3,0,15,1,7,41.88311214,-87.62558402
0,370646,-1,30,0,0,0,1,7,6,-1,0,0,0,0,-1,-1,1,0,-1,411,-1,-1,-1,-1,-1,-1,2,0,0,0,0,0,1,0,15,1,7,41.75037976,-87.59620354
0,370377,0,30,0,0,0,1,12,5,-1,0,0,0,0,-1,-1,-1,0,-1,123,-1,-1,-1,-1,-1,-1,2,0,0,0,0,0,2,0,15,1,7,41.87396104,-87.63080445
0,370362,-1,30,0,0,0,1,10,2,4,0,0,0,1,-1,-1,-1,18,16,1614,-1,-1,-1,-1,-1,-1,2,0,0,0,0,0,2,0,15,1,7,41.97265568,-87.84637342
0,370335,-1,30,0,0,0,1,4,2,4,0,0,0,1,-1,-1,-1,-1,-1,931,-1,-1,-1,-1,-1,-1,1,0,0,0,0,0,1,0,15,1,7,41.80229376,-87.68354238
0,370334,-1,30,1,2,0,1,10,2,4,0,0,0,0,-1,-1,-1,0,-1,1231,-1,-1,-1,-1,-1,-1,2,0,0,0,0,0,8,0,15,1,7,41.86922584,-87.66631307
0,370370,-1,35,0,0,0,1,10,5,-1,0,0,0,0,-1,-1,-1,22,22,1431,-1,-1,-1,-1,-1,-1,3,0,0,0,0,0,3,0,14,1,7,41.92469976,-87.6971925
0,370359,-1,30,2,2,0,1,0,5,-1,0,0,0,1,1,-1,-1,0,-1,1214,-1,-1,-1,-1,-1,-1,2,0,0,0,0,0,4,0,14,1,7,41.89127925,-87.64885094
0,370395,-1,10,0,0,0,1,7,7,-1,0,0,0,0,-1,-1,-1,0,-1,611,-1,-1,-1,-1,-1,-1,2,0,0,0,0,0,1,0,14,1,7,41.75773255,-87.66375456
0,370309,-1,20,0,0,0,1,12,6,1,0,0,0,0,-1,-1,1,17,21,1011,-1,-1,-1,-1,-1,-1,2,0,0,0,0,0,3,0,14,1,7,41.86529272,-87.72256045
0,370236,-1,30,1,2,0,1,10,2,2,0,0,-1,0,1,-1,-1,18,0,1811,-1,-1,-1,-1,-1,-1,2,0,0,0,0,0,2,0,14,1,7,41.91815227,-87.65766005
0,370328,-1,30,2,2,0,1,0,5,2,0,0,0,1,1,-1,-1,17,-1,1223,-1,-1,-1,-1,-1,-1,2,0,0,0,0,0,3,0,14,1,7,41.88567038,-87.68184822
0,370526,-1,30,1,2,0,1,10,2,-1,0,0,0,1,-1,-1,1,18,16,821,-1,-1,-1,-1,-1,-1,2,0,0,0,0,0,2,0,14,1,7,41.81510701,-87.72371188
0,370317,-1,30,-1,-1,0,1,7,-1,1,0,0,0,0,-1,-1,-1,-1,13,821,-1,-1,-1,-1,-1,-1,2,0,0,0,0,0,1,0,14,1,7,41.80596054,-87.7224498
0,370301,-1,30,1,2,0,1,0,5,-1,0,0,0,1,1,-1,-1,6,-1,813,-1,-1,-1,-1,-1,-1,2,0,0,0,0,0,2,0,14,1,7,41.78953063,-87.72320717
0,370354,-1,30,0,0,0,1,12,5,-1,0,0,0,1,-1,-1,-1,0,0,1231,-1,-1,-1,-1,-1,-1,2,0,0,0,0,0,3,0,14,1,7,41.86909142,-87.67059285
0,370321,-1,30,1,2,0,1,10,5,2,0,0,0,1,-1,-1,-1,18,0,1033,-1,1,-1,-1,-1,-1,2,0,0,0,0,0,4,0,14,1,7,41.84483539,-87.70489989
0,370411,-1,30,1,2,0,1,12,5,2,0,0,0,0,-1,-1,-1,0,0,631,-1,-1,-1,-1,-1,-1,2,0,0,0,0,0,2,0,14,1,7,41.7475738,-87.61481114
0,370341,-1,30,0,0,0,1,7,5,2,0,0,0,0,-1,-1,1,0,-1,1232,-1,-1,-1,-1,-1,-1,2,0,0,0,0,0,1,0,14,1,7,41.86705066,-87.64809226
0,370367,-1,30,1,2,0,1,10,3,4,0,0,0,0,-1,-1,-1,0,-1,1834,-1,-1,-1,-1,-1,-1,2,0,0,0,0,0,2,0,14,1,7,41.89259323,-87.62433405
2,370273,-1,30,2,2,0,1,8,12,-1,0,0,0,1,1,-1,-1,17,-1,1713,-1,-1,-1,-1,-1,-1,2,1,0,0,1,0,1,0,14,1,7,41.97217897,-87.70872946
0,388827,-1,0,0,0,0,1,5,3,2,0,0,1,0,-1,-1,-1,29,-1,323,-1,-1,-1,-1,-1,-1,1,0,0,0,0,0,1,0,14,1,7,41.76551972,-87.60570912
2,370324,1,30,0,0,0,1,9,6,1,0,0,0,1,-1,-1,-1,17,11,1924,-1,-1,-1,-1,-1,-1,2,1,0,0,1,0,1,0,14,1,7,41.94041406,-87.65304942
0,370282,-1,25,0,0,0,1,0,5,1,0,0,0,1,1,-1,-1,0,-1,2413,-1,-1,-1,-1,-1,-1,2,0,0,0,0,0,2,0,14,1,7,41.99385606,-87.70066826
2,370263,-1,30,2,2,0,1,8,12,-1,0,0,0,1,1,-1,-1,0,-1,2411,-1,-1,-1,-1,-1,-1,2,1,0,0,1,0,2,0,14,1,7,42.00751362,-87.6996402
0,370483,-1,30,0,0,0,1,14,5,-1,0,0,0,0,-1,-1,1,17,-1,834,-1,-1,-1,-1,-1,-1,2,0,0,0,0,0,3,0,13,1,7,41.75004021,-87.74125847
3,370388,-1,30,-1,-1,0,1,4,5,2,0,0,0,1,-1,-1,-1,0,0,132,-1,-1,-1,-1,-1,-1,1,1,0,1,0,0,0,0,13,1,7,41.85657904,-87.61725268
0,370510,-1,30,0,0,0,1,11,5,2,0,0,-1,0,-1,-1,-1,0,0,412,-1,-1,-1,-1,-1,-1,2,0,0,0,0,0,2,0,13,1,7,41.74071669,-87.56613105
0,370450,-1,20,0,0,0,1,7,5,-1,0,0,0,0,-1,-1,-1,20,0,1811,-1,-1,-1,-1,-1,-1,2,0,0,0,0,0,1,0,13,1,7,41.92180886,-87.65597876
0,370360,-1,30,-1,-1,0,1,11,7,-1,0,0,-1,0,-1,-1,-1,0,-1,1111,-1,-1,-1,-1,-1,-1,2,0,0,0,0,0,2,0,13,1,7,41.90233166,-87.74045895
0,370295,-1,30,0,0,0,1,0,7,1,0,0,0,0,-1,1,-1,20,20,913,-1,-1,-1,-1,-1,-1,2,0,0,0,0,0,2,0,13,1,7,41.83977195,-87.64646751
0,370262,-1,30,1,2,0,1,10,5,3,0,0,0,0,-1,-1,-1,18,-1,112,-1,-1,-1,-1,-1,-1,3,0,0,0,0,0,3,0,13,1,7,41.88317111,-87.62454402
0,370230,-1,35,2,2,0,1,12,5,-1,0,0,0,0,-1,-1,-1,0,-1,1533,-1,-1,-1,-1,-1,-1,2,0,0,0,0,0,3,0,13,1,7,41.87571235,-87.75474498
2,371799,-1,30,1,2,0,1,14,2,2,0,0,0,1,1,-1,1,6,0,632,-1,-1,-1,-1,-1,-1,2,1,0,0,1,0,1,0,13,1,7,41.73645505,-87.61467291
2,370563,-1,30,1,2,0,1,0,5,2,0,0,0,1,1,-1,-1,0,0,1522,-1,-1,-1,-1,-1,-1,2,1,0,0,1,0,1,0,13,1,7,41.88048075,-87.75513043
0,370274,-1,30,-1,-1,0,1,12,-1,1,0,0,-1,0,-1,-1,-1,-1,-1,613,-1,-1,-1,-1,-1,-1,2,0,0,0,0,0,2,0,13,1,7,41.74332448,-87.65360488
0,370260,-1,30,2,2,0,1,0,5,0,0,0,0,1,1,-1,-1,17,0,511,-1,-1,-1,-1,-1,-1,2,0,0,0,0,0,2,0,13,1,7,41.71085978,-87.62846844
0,370238,-1,30,0,0,0,1,12,3,2,0,0,0,0,-1,-1,-1,17,17,2012,-1,-1,-1,-1,-1,-1,2,0,0,0,0,0,2,0,13,1,7,41.98097179,-87.6698944
1,370300,-1,30,0,0,0,1,10,2,1,0,0,0,1,-1,-1,-1,16,18,1632,-1,-1,-1,-1,-1,-1,3,1,0,0,0,1,6,0,13,1,7,41.939927,-87.78626986
0,370287,-1,30,1,2,0,1,10,2,4,0,0,0,0,1,-1,-1,16,18,815,-1,-1,-1,-1,-1,-1,2,0,0,0,0,0,2,0,13,1,7,41.79317768,-87.73916814
0,370337,-1,30,1,2,0,1,12,2,6,0,0,0,0,-1,-1,1,0,0,122,-1,-1,-1,-1,-1,-1,2,0,0,0,0,0,2,0,13,1,7,41.88678441,-87.63262706
3,370223,-1,30,0,0,0,1,8,5,2,2,0,0,1,-1,-1,-1,16,-1,2213,-1,1,-1,-1,-1,-1,2,1,0,1,0,0,1,0,13,1,7,41.70664714,-87.67213191
0,371314,-1,30,1,2,-1,1,14,5,3,0,-1,-1,0,-1,-1,1,0,0,733,-1,-1,-1,-1,-1,-1,2,0,0,0,0,0,2,0,13,1,7,41.76528429,-87.6461974
0,370225,-1,30,1,2,1,1,14,5,-1,0,0,0,0,-1,-1,-1,17,-1,2221,-1,-1,-1,-1,-1,-1,2,0,0,0,0,0,3,0,13,1,7,41.73544437,-87.68236494
0,370218,-1,30,-1,-1,0,1,7,6,-1,0,0,-1,0,-1,-1,1,0,-1,2531,-1,-1,-1,-1,-1,-1,2,0,0,0,0,0,1,0,13,1,7,41.91045258,-87.77289695
2,370215,-1,30,0,0,0,1,8,5,2,0,0,0,1,-1,-1,-1,25,0,1922,-1,-1,-1,-1,-1,-1,2,1,0,0,1,0,1,0,13,1,7,41.94558318,-87.67837108
0,370285,-1,30,0,0,0,1,12,-1,2,0,0,0,0,-1,-1,-1,22,-1,121,-1,-1,-1,-1,-1,-1,2,0,0,0,0,0,2,0,13,1,7,41.88329092,-87.63978476
0,370369,-1,30,0,0,0,1,14,2,4,0,0,0,0,-1,-1,1,17,-1,1232,-1,-1,-1,-1,-1,-1,2,0,0,0,0,0,2,0,13,1,7,41.86723767,-87.648508
0,371157,1,30,2,-1,-1,-1,7,5,-1,0,0,0,0,-1,-1,1,0,-1,934,-1,-1,-1,-1,-1,-1,2,0,0,0,0,0,1,0,13,1,7,41.801324,-87.65763231
0,370217,-1,30,0,0,0,1,7,2,4,0,0,0,0,-1,-1,1,0,0,833,-1,-1,-1,-1,-1,-1,2,0,0,0,0,0,1,0,13,1,7,41.77167105,-87.72243674
0,370268,-1,30,1,2,0,1,14,5,-1,0,0,0,0,-1,-1,-1,0,0,1232,-1,-1,-1,-1,-1,-1,2,0,0,0,0,0,3,0,12,1,7,41.86719869,-87.65095043
0,370233,-1,30,0,0,0,1,7,7,-1,0,0,0,0,-1,-1,-1,-1,-1,412,-1,-1,-1,-1,-1,-1,2,0,0,0,0,0,2,0,12,1,7,41.73585958,-87.58577161
0,370250,-1,30,2,2,0,1,11,2,-1,0,0,0,1,1,-1,-1,22,7,922,-1,-1,-1,-1,-1,-1,2,0,0,0,0,0,8,0,12,1,7,41.81370668,-87.68879099
0,372899,-1,30,0,0,0,1,5,5,-1,0,0,1,0,-1,-1,-1,-1,-1,1233,-1,-1,-1,-1,-1,-1,1,0,0,0,0,0,2,0,12,1,7,41.86617969,-87.65680901
0,370249,-1,30,-1,-1,-1,-1,3,7,-1,0,-1,-1,0,-1,-1,-1,20,17,1214,-1,-1,-1,-1,-1,-1,2,0,0,0,0,0,2,0,12,1,7,41.88891817,-87.64447797
0,370188,-1,30,1,2,0,1,2,2,0,0,0,12,0,1,-1,-1,29,16,1223,-1,-1,-1,1,0,-1,1,0,0,0,0,0,1,0,12,1,7,41.88286216,-87.68415266
0,370185,-1,30,0,0,0,1,14,5,-1,0,0,0,1,1,-1,1,23,11,1411,-1,-1,-1,-1,-1,-1,2,0,0,0,0,0,2,0,12,1,7,41.93214398,-87.70634329
0,371223,-1,30,1,0,0,1,10,3,-1,0,0,0,0,-1,-1,-1,17,17,1413,-1,-1,-1,-1,-1,-1,2,0,0,0,0,0,2,0,12,1,7,41.91744617,-87.70711607
0,370196,-1,30,-1,-1,0,1,12,6,1,0,0,0,0,-1,-1,-1,-1,-1,812,-1,-1,-1,-1,-1,-1,2,0,0,0,0,0,2,0,12,1,7,41.77790365,-87.77408867
0,370234,1,55,0,0,0,1,12,6,-1,0,0,0,0,-1,-1,-1,21,-1,222,-1,-1,-1,-1,-1,-1,2,0,0,0,0,0,3,0,12,1,7,41.80591507,-87.58483902
0,370157,-1,30,2,2,0,1,10,2,-1,0,0,0,0,-1,-1,-1,0,0,1122,-1,-1,-1,-1,-1,-1,2,0,0,0,0,0,2,0,12,1,7,41.87822701,-87.72543915
0,376104,-1,0,0,0,-1,-1,7,7,-1,0,-1,-1,0,-1,-1,1,0,-1,924,-1,-1,-1,-1,-1,-1,2,0,0,0,0,0,1,0,12,1,7,41.81944143,-87.66537555
0,370211,-1,30,0,0,0,1,14,2,2,0,0,-1,0,-1,-1,-1,-1,-1,2511,-1,-1,-1,-1,-1,-1,2,0,0,0,0,0,2,0,12,1,7,41.93830228,-87.77891376
0,380260,-1,15,0,0,0,1,7,0,1,0,0,0,0,-1,-1,-1,0,32,815,-1,-1,-1,-1,-1,-1,2,0,0,0,0,0,1,0,12,1,7,41.80764585,-87.73272528
0,370932,-1,30,0,0,-1,-1,7,2,2,0,-1,-1,1,-1,-1,1,0,0,1524,-1,-1,-1,-1,-1,-1,2,0,0,0,0,0,1,0,12,1,7,41.89923321,-87.76540419
0,370644,0,25,0,0,0,1,7,5,2,0,0,0,0,-1,-1,1,0,0,222,-1,-1,-1,-1,-1,-1,2,0,0,0,0,0,1,0,12,1,7,41.81520771,-87.60074662
0,370184,-1,30,2,2,0,1,10,5,-1,0,0,0,0,-1,-1,-1,18,16,2524,1,-1,-1,-1,-1,-1,2,0,0,0,0,0,3,0,12,1,7,41.92810122,-87.73665342
0,370148,-1,35,0,0,0,1,14,5,-1,0,0,0,0,-1,-1,1,0,0,821,1,-1,-1,-1,-1,-1,2,0,0,0,0,0,2,0,11,1,7,41.80576405,-87.70645783
0,370189,-1,30,0,0,0,1,14,5,2,0,0,0,0,1,-1,-1,23,16,2511,-1,-1,-1,-1,-1,-1,2,0,0,0,0,0,3,0,11,1,7,41.93100455,-87.79477715
0,371780,-1,30,0,0,0,1,14,12,2,0,0,0,0,-1,-1,-1,20,33,821,-1,-1,-1,-1,-1,-1,2,0,0,0,0,0,2,0,11,1,7,41.80576405,-87.70645783
0,370201,-1,30,-1,-1,-1,-1,7,5,-1,0,-1,-1,0,-1,-1,1,0,-1,2532,-1,-1,-1,-1,-1,-1,2,0,0,0,0,0,1,0,11,1,7,41.91450715,-87.76268371
2,370151,-1,30,0,0,0,1,8,5,0,0,0,12,1,1,-1,1,20,11,513,-1,-1,-1,1,2,-1,2,1,0,0,1,0,1,0,11,1,7,41.69536093,-87.62332981
0,370127,-1,30,0,0,1,1,12,5,2,0,0,0,0,-1,-1,1,25,22,434,-1,-1,-1,-1,-1,-1,2,0,0,0,0,0,4,0,11,1,7,41.70803588,-87.56169446
0,370124,-1,30,2,2,0,1,2,5,2,0,0,0,1,1,-1,-1,23,0,433,-1,-1,-1,-1,-1,-1,1,0,0,0,0,0,1,0,11,1,7,41.66659777,-87.54971342
0,370119,-1,15,0,0,0,1,7,7,-1,0,0,0,0,-1,-1,-1,0,0,1822,-1,-1,-1,-1,-1,-1,2,0,0,0,0,0,2,0,11,1,7,41.9066166,-87.65038428
0,370136,-1,30,0,0,0,1,12,6,3,0,0,0,1,-1,-1,-1,17,22,1832,-1,-1,-1,-1,-1,-1,2,0,0,0,0,0,2,0,11,1,7,41.89333774,-87.6312445
0,370146,-1,30,0,0,0,1,12,7,2,0,0,0,0,-1,-1,-1,0,0,1222,-1,1,-1,-1,-1,-1,2,0,0,0,0,0,2,0,11,1,7,41.8812705,-87.68653594
0,370133,-1,30,0,0,0,1,10,12,1,0,1,0,0,-1,-1,-1,20,-1,2012,-1,-1,-1,-1,-1,-1,2,0,0,0,0,0,2,0,11,1,7,41.98125163,-87.67469654
0,370162,-1,25,0,0,0,1,12,2,-1,0,0,0,0,-1,-1,-1,-1,-1,1421,-1,-1,-1,-1,-1,-1,2,0,0,0,0,0,2,0,11,1,7,41.91735668,-87.70193872
0,370177,-1,30,2,2,0,1,10,5,-1,0,1,0,0,-1,-1,1,0,0,431,-1,-1,-1,-1,-1,-1,2,0,0,0,0,0,3,0,11,1,7,41.71902419,-87.55117574
0,370105,-1,30,0,0,0,1,11,5,2,0,0,0,1,-1,-1,-1,21,-1,1831,-1,-1,-1,-1,-1,-1,2,0,0,0,0,0,2,0,11,1,7,41.8940497,-87.63803116
0,370098,-1,30,0,0,0,1,7,7,-1,0,0,0,0,-1,-1,-1,20,11,321,-1,-1,-1,-1,-1,-1,2,0,0,0,0,0,1,0,11,1,7,41.77304782,-87.60591305
0,370087,-1,30,0,0,0,1,10,2,-1,0,0,0,0,-1,-1,-1,17,18,1623,-1,-1,-1,-1,-1,-1,2,0,0,0,0,0,2,0,11,1,7,41.96074162,-87.75437328
0,370121,-1,30,1,2,0,1,12,5,4,0,0,0,0,-1,-1,-1,0,0,1512,-1,-1,-1,-1,-1,-1,2,0,0,0,0,0,4,0,11,1,7,41.88780462,-87.7652685
0,370076,-1,30,0,0,0,1,7,6,3,2,0,0,0,-1,-1,-1,0,20,932,-1,-1,-1,-1,-1,-1,2,0,0,0,0,0,1,0,11,1,7,41.8004773,-87.66611989
0,372898,-1,30,0,0,0,1,7,5,4,0,0,0,0,-1,-1,1,0,-1,124,-1,-1,-1,-1,-1,-1,2,0,0,0,0,0,1,0,11,1,7,41.86731941,-87.63905675
0,372972,-1,35,0,0,0,1,7,7,1,0,0,0,0,-1,-1,1,0,0,1732,-1,-1,-1,-1,-1,-1,2,0,0,0,0,0,1,0,11,1,7,41.94488107,-87.71280509
0,371475,-1,30,0,0,0,1,7,6,-1,0,0,0,0,-1,-1,1,0,0,223,-1,-1,-1,-1,-1,-1,2,0,0,0,0,0,1,0,11,1,7,41.80758938,-87.60759427
0,370228,-1,35,2,2,0,1,0,2,4,0,0,0,1,1,-1,-1,5,0,632,-1,-1,-1,-1,-1,-1,3,0,0,0,0,0,3,0,11,1,7,41.74366559,-87.61809769
0,370528,-1,20,1,2,0,1,10,12,-1,0,0,0,0,1,-1,-1,18,18,432,-1,-1,-1,-1,-1,-1,2,0,0,0,0,0,3,0,10,1,7,41.72483065,-87.53826192
0,370074,-1,30,1,2,0,1,14,2,2,0,0,0,0,1,-1,-1,0,16,1612,-1,-1,-1,-1,-1,-1,2,0,0,0,0,0,3,0,10,1,7,41.99674605,-87.82127943
0,370069,-1,20,0,0,0,1,14,2,-1,0,0,0,0,-1,-1,-1,-1,-1,2515,-1,-1,-1,-1,-1,-1,2,0,0,0,0,0,4,0,10,1,7,41.92375832,-87.7743509
0,375981,1,25,0,0,0,1,7,6,1,0,0,0,0,-1,-1,-1,0,11,511,-1,-1,-1,-1,-1,-1,2,0,0,0,0,0,1,0,10,1,7,41.70891634,-87.61488051
0,370056,-1,30,0,0,0,1,2,3,-1,0,0,0,0,-1,-1,-1,3,0,414,-1,-1,-1,-1,-1,-1,1,0,0,0,0,0,1,0,10,1,7,41.74434521,-87.57570701
0,370270,-1,30,1,2,0,1,14,3,-1,0,0,0,0,-1,-1,-1,23,0,122,-1,-1,-1,-1,-1,-1,2,0,0,0,0,0,2,0,10,1,7,41.87571942,-87.63076281
0,374326,-1,30,0,0,0,1,7,5,2,0,0,0,0,-1,-1,-1,0,-1,513,-1,-1,-1,-1,-1,-1,2,0,0,0,0,0,1,0,10,1,7,41.69645644,-87.61548066
0,372017,1,15,0,0,0,1,2,0,-1,0,0,0,0,-1,1,1,0,0,1023,0,-1,-1,-1,-1,-1,1,0,0,0,0,0,1,0,10,1,7,41.85610216,-87.69544092
0,371300,-1,10,0,0,0,1,7,7,1,0,0,0,0,-1,-1,1,0,11,2221,-1,-1,-1,-1,-1,-1,2,0,0,0,0,0,1,0,10,1,7,41.73388075,-87.66315894
1,370303,-1,30,0,0,0,1,10,5,-1,0,0,0,1,0,-1,-1,18,-1,233,-1,-1,-1,-1,-1,-1,2,1,0,0,0,1,2,0,10,1,7,41.78598184,-87.60616568
0,370054,-1,30,0,0,0,1,10,5,2,1,0,0,0,-1,-1,-1,18,0,233,-1,-1,-1,-1,-1,-1,2,0,0,0,0,0,2,0,10,1,7,41.7859717,-87.60686528
2,370029,-1,30,1,2,0,1,14,5,4,0,0,0,1,1,-1,-1,6,0,915,-1,-1,-1,-1,-1,-1,2,1,0,0,1,0,5,0,10,1,7,41.83104784,-87.63152709
0,370050,-1,15,0,0,0,1,7,7,1,0,0,0,0,-1,-1,-1,20,-1,2011,-1,-1,-1,-1,-1,-1,2,0,0,0,0,0,1,0,9,1,7,41.9768951,-87.69227967
0,370008,-1,30,0,0,0,1,14,5,-1,0,0,0,1,-1,-1,-1,23,-1,412,-1,-1,-1,-1,-1,-1,2,0,0,0,0,0,2,0,9,1,7,41.74422798,-87.57526146
0,369989,-1,15,0,0,0,1,7,5,2,0,0,0,0,-1,-1,-1,21,-1,1821,-1,-1,-1,-1,-1,-1,2,0,0,0,0,0,1,0,9,1,7,41.90415497,-87.6412725
0,370049,-1,30,1,2,0,1,14,2,2,0,0,0,0,1,-1,1,0,0,713,-1,-1,-1,-1,-1,-1,2,0,0,0,0,0,2,0,9,1,7,41.78679345,-87.65482708
0,370020,-1,30,1,2,0,1,10,5,4,0,0,0,0,1,-1,-1,18,16,1624,-1,-1,-1,-1,-1,-1,2,0,0,0,0,0,2,0,9,1,7,41.95349335,-87.74992531
0,369990,-1,35,1,2,0,1,10,12,-1,0,0,0,0,-1,-1,-1,11,0,211,-1,-1,-1,-1,-1,-1,2,0,0,0,0,0,2,0,9,1,7,41.83824953,-87.62358837