MOST_SEVERE_INJURY,RD_NO,CRASH_DATE_EST_I,POSTED_SPEED_LIMIT,TRAFFIC_CONTROL_DEVICE,DEVICE_CONDITION,WEATHER_CONDITION,LIGHTING_CONDITION,FIRST_CRASH_TYPE,TRAFFICWAY_TYPE,LANE_CNT,ALIGNMENT,ROADWAY_SURFACE_COND,ROAD_DEFECT,CRASH_TYPE,INTERSECTION_RELATED_I,NOT_RIGHT_OF_WAY_I,HIT_AND_RUN_I,PRIM_CONTRIBUTORY_CAUSE,SEC_CONTRIBUTORY_CAUSE,BEAT_OF_OCCURRENCE,PHOTOS_TAKEN_I,STATEMENTS_TAKEN_I,DOORING_I,WORK_ZONE_I,WORK_ZONE_TYPE,WORKERS_PRESENT_I,NUM_UNITS,INJURIES_TOTAL,INJURIES_FATAL,INJURIES_INCAPACITATING,INJURIES_NON_INCAPACITATING,INJURIES_REPORTED_NOT_EVIDENT,INJURIES_NO_INDICATION,INJURIES_UNKNOWN,CRASH_HOUR,CRASH_DAY_OF_WEEK,CRASH_MONTH,LATITUDE,LONGITUDE
0,369984,1,30,0,0,0,-1,7,6,1,0,0,0,0,-1,-1,1,0,-1,2514,-1,-1,-1,-1,-1,-1,2,0,0,0,0,0,1,0,9,1,7,41.92777771,-87.76304722
0,372544,-1,25,0,0,0,1,7,6,-1,0,0,0,0,-1,-1,-1,0,0,1021,-1,-1,-1,-1,-1,-1,2,0,0,0,0,0,1,0,9,1,7,41.86498835,-87.70821042
0,369978,-1,10,2,2,0,1,7,7,2,0,0,0,0,-1,-1,1,17,-1,1231,-1,-1,-1,-1,-1,-1,2,0,0,0,0,0,2,0,8,1,7,41.87427499,-87.66867411
0,369954,-1,30,0,0,0,1,7,2,-1,0,0,0,1,-1,-1,1,33,0,2412,-1,-1,-1,-1,-1,-1,3,0,0,0,0,0,1,0,8,1,7,42.00220159,-87.69014528
0,369953,-1,30,1,2,0,1,10,5,4,0,0,0,0,-1,-1,-1,0,-1,722,-1,-1,-1,-1,-1,-1,2,0,0,0,0,0,3,0,8,1,7,41.77265534,-87.62690885
0,369935,-1,30,1,2,0,1,14,5,2,0,0,0,0,1,-1,-1,17,11,1411,-1,-1,-1,-1,-1,-1,2,0,0,0,0,0,4,0,7,1,7,41.9322054,-87.69767924
2,369930,-1,25,-1,2,0,1,10,5,2,0,0,0,1,-1,-1,-1,17,0,1422,-1,-1,-1,-1,-1,-1,2,1,0,0,1,0,1,0,7,1,7,41.91543652,-87.71170895
0,369972,-1,30,0,0,0,2,7,6,1,0,0,0,1,-1,-1,1,-1,-1,313,-1,-1,-1,-1,-1,-1,2,0,0,0,0,0,1,0,7,1,7,41.78210723,-87.60681337
0,369963,-1,0,0,0,0,1,7,5,2,0,-1,-1,0,-1,-1,1,0,0,1622,-1,-1,-1,-1,-1,-1,2,0,0,0,0,0,1,0,7,1,7,41.983533,-87.77090245
0,369924,-1,30,1,2,0,1,14,5,4,0,0,0,1,1,-1,-1,17,-1,1633,-1,-1,-1,-1,-1,-1,2,0,0,0,0,0,2,0,6,1,7,41.95300877,-87.77194507
0,369908,-1,35,0,0,0,1,7,6,1,0,0,0,0,-1,-1,-1,21,21,1631,-1,-1,-1,-1,-1,-1,2,0,0,0,0,0,1,0,6,1,7,41.950248,-87.8168342
0,369919,-1,30,2,2,0,1,14,12,0,0,0,0,1,1,-1,0,5,11,1234,-1,-1,-1,-1,-1,-1,2,0,0,0,0,0,4,0,5,1,7,41.85421739,-87.66867149
0,370561,-1,30,0,0,-1,-1,7,12,1,0,-1,-1,0,-1,-1,1,0,0,1115,-1,-1,-1,-1,-1,-1,2,0,0,0,0,0,1,0,5,1,7,41.87785807,-87.72638305
0,369885,-1,30,1,2,0,4,0,5,-1,0,0,0,0,1,-1,1,6,-1,1122,-1,-1,-1,-1,-1,-1,2,0,0,0,0,0,2,0,5,1,7,41.88178664,-87.72070311
0,401539,1,30,0,0,0,1,7,2,-1,0,0,0,0,-1,-1,1,0,0,2412,-1,-1,-1,-1,-1,-1,2,0,0,0,0,0,1,0,5,1,7,41.99753989,-87.70700596
0,369957,0,30,-1,12,0,1,7,6,1,0,0,0,0,-1,-1,1,0,-1,1032,-1,1,-1,-1,-1,-1,3,0,0,0,0,0,1,0,5,1,7,41.84232306,-87.71244396
0,371336,-1,30,0,0,0,3,14,5,2,0,0,0,1,-1,-1,1,22,10,1411,-1,-1,-1,-1,-1,-1,2,0,0,0,0,0,2,0,4,1,7,41.93219674,-87.69898743
0,369895,-1,30,0,0,0,2,2,5,-1,0,0,0,1,-1,1,-1,0,-1,1011,-1,1,-1,-1,-1,-1,1,0,0,0,0,0,2,0,4,1,7,41.86296421,-87.71538061
0,369879,-1,30,0,0,0,3,7,2,2,0,0,0,1,-1,-1,-1,0,0,1731,-1,-1,-1,-1,-1,-1,2,0,0,0,0,0,1,0,4,1,7,41.94545816,-87.73406077
4,369874,-1,30,0,0,0,3,7,3,-1,0,0,0,1,-1,-1,-1,0,-1,2032,-1,1,-1,-1,-1,-1,5,2,1,0,1,0,0,0,4,1,7,41.97212158,-87.66967678
0,369865,-1,30,1,2,0,3,0,2,4,0,0,0,1,1,-1,-1,16,0,1223,-1,1,-1,-1,-1,-1,2,0,0,0,0,0,2,0,4,1,7,41.88117969,-87.68167723
0,369867,-1,30,-1,-1,0,3,10,5,-1,0,0,0,1,-1,-1,-1,27,16,422,-1,-1,-1,-1,-1,-1,2,0,0,0,0,0,2,0,4,1,7,41.75176912,-87.55532734
0,369905,1,30,0,0,0,-1,7,5,1,0,0,0,0,-1,-1,1,0,0,431,-1,-1,-1,-1,-1,-1,3,0,0,0,0,0,1,0,4,1,7,41.71997524,-87.56452972
0,369859,-1,5,0,0,0,3,2,7,-1,0,0,0,0,-1,-1,-1,20,20,1723,-1,-1,-1,-1,-1,-1,1,0,0,0,0,0,1,0,4,1,7,41.95862211,-87.72668414
0,369962,-1,30,0,0,0,3,7,5,4,0,0,0,1,-1,-1,1,0,0,1034,-1,-1,-1,-1,-1,-1,2,0,0,0,0,0,1,0,4,1,7,41.84994008,-87.67242101
0,369863,-1,30,2,0,0,3,7,6,1,0,0,-1,1,-1,-1,-1,16,16,621,-1,-1,-1,-1,-1,-1,3,0,0,0,0,0,4,0,4,1,7,41.74945464,-87.64171142
0,369849,-1,30,0,0,0,3,14,2,2,0,0,0,0,-1,-1,-1,0,0,1122,-1,-1,-1,-1,-1,-1,2,0,0,0,0,0,5,0,4,1,7,41.87731028,-87.71658427
0,370292,-1,30,1,2,0,3,10,5,2,0,0,0,0,-1,-1,-1,-1,-1,832,-1,-1,-1,-1,-1,-1,2,0,0,0,0,0,2,0,4,1,7,41.76459097,-87.68329896
0,369840,1,35,0,0,0,0,7,5,2,0,0,0,0,-1,-1,-1,0,0,1611,-1,-1,-1,-1,-1,-1,3,0,0,0,0,0,1,0,4,1,7,41.99254982,-87.78770317
1,369861,-1,30,0,0,0,3,7,5,-1,0,0,0,1,-1,-1,-1,22,-1,1121,-1,-1,-1,-1,-1,-1,2,1,0,0,0,1,1,0,3,1,7,41.89094545,-87.71603055
0,369883,-1,30,0,-1,0,3,5,5,2,0,0,0,1,-1,-1,-1,0,0,234,-1,-1,-1,-1,-1,-1,1,0,0,0,0,0,1,0,3,1,7,41.79964439,-87.58988914
0,369914,1,30,0,0,-1,-1,7,6,-1,0,-1,0,1,-1,-1,1,0,-1,1013,-1,-1,-1,-1,-1,-1,4,0,0,0,0,0,1,0,3,1,7,41.84523432,-87.72765343
0,369828,-1,35,1,2,0,-1,0,5,4,0,0,0,1,1,-1,-1,6,3,1431,-1,-1,-1,-1,-1,-1,2,0,0,0,0,0,6,0,3,1,7,41.92835663,-87.6974534
0,369835,-1,25,0,0,0,3,7,6,-1,0,0,0,1,-1,-1,-1,0,0,1121,-1,-1,-1,-1,-1,-1,2,0,0,0,0,0,1,0,3,1,7,41.8978313,-87.71624463
2,369829,1,30,0,0,0,3,2,5,2,0,0,0,1,-1,-1,-1,16,0,2424,-1,-1,-1,-1,-1,-1,1,1,0,0,1,0,0,0,3,1,7,42.01800972,-87.67640196
0,375702,-1,30,0,0,0,0,7,5,-1,0,0,0,0,-1,-1,1,0,0,813,-1,-1,-1,-1,-1,-1,2,0,0,0,0,0,1,0,3,1,7,41.7782548,-87.74568928
0,369854,-1,30,0,0,0,3,12,6,2,0,-1,-1,0,-1,-1,1,22,-1,323,-1,-1,-1,-1,-1,-1,2,0,0,0,0,0,2,0,3,1,7,41.75843267,-87.624618
0,369830,-1,30,-1,-1,0,3,7,6,1,0,-1,-1,0,-1,-1,-1,0,0,2515,-1,-1,-1,-1,-1,-1,3,0,0,0,0,0,1,0,3,1,7,41.92116273,-87.76938956
2,369814,-1,30,2,2,0,3,14,5,2,0,0,0,1,1,-1,-1,16,11,832,-1,-1,-1,-1,-1,-1,2,1,0,0,1,0,1,0,3,1,7,41.76832337,-87.68217252
0,371353,-1,30,0,0,0,0,7,5,-1,0,0,0,0,-1,-1,-1,0,-1,1812,-1,-1,-1,-1,-1,-1,2,0,0,0,0,0,1,0,2,1,7,41.92298376,-87.64510759
0,370066,1,30,0,0,0,3,7,6,1,0,0,0,0,-1,-1,1,21,0,2515,-1,-1,-1,-1,-1,-1,2,0,0,0,0,0,1,0,2,1,7,41.92754499,-87.76403451
0,370055,-1,30,0,0,0,3,5,5,2,0,0,0,0,-1,-1,-1,0,0,431,-1,-1,-1,-1,-1,-1,1,0,0,0,0,0,1,0,2,1,7,41.71369972,-87.54336219
2,369822,-1,30,0,0,0,3,9,6,1,0,0,0,1,-1,-1,-1,11,17,1022,-1,1,-1,-1,-1,-1,2,1,0,0,1,0,1,0,2,1,7,41.86375043,-87.70695709
2,369792,-1,30,1,2,0,3,0,5,2,0,0,0,1,1,-1,-1,-1,-1,814,-1,-1,-1,-1,-1,-1,2,1,0,0,1,0,1,0,2,1,7,41.79288304,-87.75993131
0,369761,-1,30,0,0,0,3,0,12,1,0,0,0,0,1,-1,1,16,-1,1733,-1,-1,-1,-1,-1,-1,2,0,0,0,0,0,2,0,1,1,7,41.94673344,-87.70551971
0,369753,-1,30,0,0,0,3,2,3,1,0,0,0,1,-1,-1,-1,0,-1,1023,-1,-1,-1,-1,-1,-1,1,0,0,0,0,0,1,0,1,1,7,41.86377524,-87.68913599
0,369777,-1,30,1,2,0,3,12,5,-1,0,0,0,0,1,-1,-1,21,-1,122,-1,-1,-1,-1,-1,-1,2,0,0,0,0,0,3,0,1,1,7,41.88331491,-87.63541604
0,369767,-1,20,1,2,0,3,14,2,2,0,0,0,0,-1,-1,-1,18,0,2232,-1,-1,-1,-1,-1,-1,2,0,0,0,0,0,2,0,1,1,7,41.71411887,-87.64314541
0,369752,-1,30,1,0,0,3,7,2,2,0,0,0,0,0,-1,-1,14,16,921,-1,-1,-1,-1,-1,-1,2,0,0,0,0,0,2,0,1,1,7,41.82274823,-87.69477729
4,369744,-1,30,0,0,0,3,3,5,4,1,0,0,1,-1,-1,-1,32,25,431,-1,-1,-1,-1,-1,-1,4,3,2,1,0,0,4,0,1,1,7,41.70807305,-87.57386257
0,369746,-1,30,1,2,0,3,12,5,2,0,0,-1,0,-1,-1,-1,17,8,1414,-1,-1,-1,-1,-1,-1,2,0,0,0,0,0,4,0,1,1,7,41.92284258,-87.69748748
2,369768,-1,30,0,0,0,3,6,12,2,0,0,0,1,1,-1,-1,21,-1,2211,-1,-1,-1,-1,-1,-1,1,1,0,0,1,0,0,0,1,1,7,41.68415001,-87.71527905
0,369756,-1,30,1,2,0,3,10,6,-1,0,0,0,0,1,-1,-1,-1,-1,623,-1,-1,-1,-1,-1,-1,2,0,0,0,0,0,2,0,1,1,7,41.75809218,-87.62490223
0,369784,-1,30,0,0,0,3,12,5,1,0,0,0,0,-1,-1,1,0,-1,2535,-1,-1,-1,-1,-1,-1,2,0,0,0,0,0,2,0,1,1,7,41.91010411,-87.71682283
0,369736,-1,30,2,2,0,3,14,5,2,0,0,0,1,1,-1,1,25,23,915,-1,-1,-1,-1,-1,-1,2,0,0,0,0,0,5,0,1,1,7,41.82698453,-87.65102242
0,369742,-1,20,0,12,0,3,10,6,1,0,0,3,0,-1,-1,-1,19,11,2413,-1,-1,-1,-1,-1,-1,2,0,0,0,0,0,2,0,0,1,7,41.9975749,-87.69368777
0,369729,-1,30,0,0,0,3,14,5,2,0,0,-1,1,-1,-1,1,11,0,915,-1,-1,-1,-1,-1,-1,2,0,0,0,0,0,3,0,0,1,7,41.82873622,-87.6543528
0,371501,-1,0,1,2,0,3,14,5,2,0,0,0,0,-1,-1,-1,17,31,2535,-1,-1,-1,-1,-1,-1,2,0,0,0,0,0,4,0,0,1,7,41.91010411,-87.71682283
0,369739,-1,25,0,0,0,3,7,6,1,0,0,0,0,-1,-1,-1,20,-1,1022,-1,-1,-1,-1,-1,-1,6,0,0,0,0,0,1,0,0,1,7,41.85187404,-87.70531833
0,369772,0,30,2,2,0,0,7,5,-1,0,0,0,1,1,-1,1,32,19,2525,1,-1,-1,-1,-1,-1,2,0,0,0,0,0,1,0,0,1,7,41.91725772,-87.72792344
0,369721,-1,30,0,0,0,3,5,5,2,0,0,0,0,-1,-1,-1,0,-1,2515,-1,-1,-1,-1,-1,-1,1,0,0,0,0,0,1,0,0,1,7,41.92226811,-87.76598735
0,370208,-1,30,0,0,0,1,0,6,-1,0,0,0,0,-1,-1,-1,0,0,1834,-1,-1,-1,-1,-1,-1,2,0,0,0,0,0,2,0,0,1,7,41.89191358,-87.62019154
0,369988,1,20,0,0,-1,3,7,5,2,0,-1,0,0,-1,-1,1,0,0,1234,-1,-1,-1,-1,-1,-1,2,0,0,0,0,0,1,0,0,1,7,41.85399726,-87.66869044
0,369789,-1,25,0,0,0,3,7,6,-1,0,0,0,0,-1,-1,1,0,0,2521,-1,-1,-1,-1,-1,-1,2,0,0,0,0,0,1,0,0,1,7,41.93507847,-87.74626557
0,369727,-1,30,0,0,0,3,8,5,-1,0,0,0,0,-1,-1,-1,-1,-1,1924,-1,-1,-1,-1,-1,-1,2,0,0,0,0,0,3,0,0,1,7,41.94605737,-87.65542269
0,369715,-1,30,0,0,0,3,12,5,-1,0,0,0,0,-1,-1,-1,17,-1,1831,-1,-1,-1,-1,-1,-1,2,0,0,0,0,0,2,0,0,1,7,41.88932859,-87.63054785
0,369749,-1,30,0,0,0,3,12,6,2,0,0,0,0,-1,-1,-1,23,21,1831,-1,-1,-1,-1,-1,-1,2,0,0,0,0,0,3,0,0,1,7,41.89154977,-87.63392037
0,369745,-1,30,0,0,0,3,3,5,4,0,0,0,0,-1,-1,-1,20,25,123,-1,-1,-1,-1,-1,-1,2,0,0,0,0,0,2,0,0,1,7,41.87446667,-87.6305268
0,369707,-1,30,0,0,0,3,7,12,1,0,0,0,1,-1,-1,1,16,-1,1732,-1,-1,-1,-1,-1,-1,2,0,0,0,0,0,1,0,0,1,7,41.94109863,-87.72126673
2,369691,-1,30,2,2,0,3,14,5,2,0,0,0,1,1,-1,-1,14,32,2523,-1,-1,-1,-1,-1,-1,2,1,0,0,1,0,2,0,0,1,7,41.93645758,-87.72725654
0,371183,-1,15,0,0,-1,-1,7,7,0,0,-1,0,0,-1,1,1,0,-1,735,-1,-1,-1,-1,-1,-1,2,0,0,0,0,0,2,0,0,1,7,41.75922374,-87.67582525
2,369686,-1,30,1,2,0,4,9,2,4,0,0,0,1,1,-1,-1,17,0,1831,-1,-1,-1,-1,-1,-1,2,1,0,0,1,0,1,0,0,1,7,41.89233518,-87.63690672
0,369717,-1,30,1,2,0,3,10,2,-1,0,0,0,0,-1,-1,-1,0,0,923,-1,-1,-1,-1,-1,-1,2,0,0,0,0,0,2,0,0,1,7,41.80093133,-87.70370742
0,369700,-1,25,0,0,0,3,10,5,2,0,0,-1,0,-1,-1,-1,18,0,132,-1,-1,-1,-1,-1,-1,2,0,0,0,0,0,3,0,23,7,7,41.8647886,-87.6239438
2,369674,-1,35,0,0,0,3,14,5,2,0,0,0,1,1,-1,0,14,14,632,-1,-1,-1,-1,-1,-1,4,1,0,0,1,0,1,0,23,7,7,41.73664838,-87.61213884
0,369680,-1,10,0,0,0,3,0,7,-1,0,0,0,1,-1,-1,1,0,-1,622,-1,-1,-1,-1,-1,-1,2,0,0,0,0,0,2,0,23,7,7,41.73638005,-87.62750922
0,370027,-1,30,0,0,-1,3,12,6,-1,0,-1,0,1,-1,-1,1,12,0,333,-1,-1,-1,-1,-1,-1,2,0,0,0,0,0,2,0,23,7,7,41.76031097,-87.57724245
4,369694,-1,30,-1,-1,0,0,3,5,-1,0,0,0,1,-1,-1,-1,10,16,434,-1,-1,-1,-1,-1,-1,2,4,2,2,0,0,0,0,23,7,7,41.67621182,-87.60098712
0,369657,-1,45,0,0,0,3,12,3,8,0,0,0,0,-1,-1,-1,17,21,1824,-1,-1,-1,-1,-1,-1,2,0,0,0,0,0,2,0,23,7,7,41.90095892,-87.61992817
3,369671,-1,30,0,0,0,0,14,5,-1,0,0,0,1,-1,-1,-1,23,-1,1531,-1,-1,-1,-1,-1,-1,2,1,0,1,0,0,2,0,23,7,7,41.89506187,-87.75431855
2,369631,-1,30,0,0,0,3,11,2,-1,0,0,0,1,-1,-1,1,0,-1,1031,-1,-1,-1,-1,-1,-1,3,1,0,0,1,0,2,0,23,7,7,41.83795961,-87.73395394
0,369628,-1,30,0,0,0,3,7,6,-1,0,0,0,1,-1,-1,1,25,-1,1722,-1,-1,-1,-1,-1,-1,2,0,0,0,0,0,1,0,23,7,7,41.96772367,-87.73281043
0,369654,-1,30,1,2,0,3,12,5,4,0,0,0,0,-1,-1,-1,23,22,2531,-1,-1,-1,-1,-1,-1,2,0,0,0,0,0,2,0,23,7,7,41.90948796,-87.76577699
2,369653,-1,30,0,0,0,0,9,5,2,0,0,0,1,1,-1,-1,17,-1,1622,-1,1,-1,-1,-1,-1,2,1,0,0,1,0,3,0,23,7,7,41.96853747,-87.78671559
0,369649,-1,30,0,0,0,3,12,5,4,0,0,0,0,-1,-1,1,22,25,331,-1,-1,-1,-1,-1,-1,2,0,0,0,0,0,2,0,23,7,7,41.78147644,-87.58468859
0,369643,-1,30,1,-1,0,3,14,5,2,0,-1,-1,0,1,-1,-1,23,21,1633,-1,-1,-1,-1,-1,-1,2,0,0,0,0,0,2,0,22,7,7,41.93861746,-87.7666483
0,369629,-1,30,-1,-1,-1,3,8,2,2,0,-1,-1,0,-1,-1,-1,0,0,1411,-1,-1,1,-1,-1,-1,2,0,0,0,0,0,2,0,22,7,7,41.93206779,-87.68793971
3,369626,-1,35,0,0,0,3,9,2,4,0,0,-1,1,-1,-1,1,16,0,1522,-1,-1,-1,-1,-1,-1,3,1,0,1,0,0,1,0,22,7,7,41.88038164,-87.76296899
2,369635,-1,30,1,2,0,3,10,2,2,0,0,0,1,1,-1,1,16,-1,1112,-1,-1,-1,-1,-1,-1,2,1,0,0,1,0,2,0,22,7,7,41.89915059,-87.72146229
3,369625,-1,30,2,2,0,3,14,5,2,0,0,0,1,-1,-1,-1,17,-1,512,-1,-1,-1,-1,-1,-1,2,3,0,1,2,0,3,0,22,7,7,41.70743645,-87.60416001
0,369588,-1,30,-1,-1,0,0,10,5,-1,0,0,0,0,0,-1,-1,18,18,613,-1,1,-1,-1,-1,-1,2,0,0,0,0,0,2,0,22,7,7,41.73607868,-87.6437686
0,369665,-1,30,1,2,0,3,14,3,-1,0,0,0,1,1,-1,-1,6,-1,111,-1,-1,-1,-1,-1,-1,2,0,0,0,0,0,2,0,22,7,7,41.88667934,-87.63021759
0,369607,-1,30,1,2,0,3,10,2,4,0,0,0,0,1,-1,-1,18,0,2011,-1,-1,-1,-1,-1,-1,2,0,0,0,0,0,2,0,22,7,7,41.97779527,-87.68937178
0,370857,-1,30,0,0,0,3,10,2,-1,0,0,0,0,0,-1,-1,0,-1,821,-1,-1,-1,-1,-1,-1,2,0,0,0,0,0,2,0,22,7,7,41.81332036,-87.70432649
2,369630,-1,35,0,0,0,3,7,5,2,0,0,0,1,-1,-1,1,0,0,235,0,-1,-1,-1,-1,-1,2,1,0,0,1,0,1,0,22,7,7,41.78960592,-87.6059734
0,369616,-1,30,1,2,0,0,10,5,-1,0,0,0,0,1,-1,-1,18,18,221,-1,-1,-1,-1,-1,-1,2,0,0,0,0,0,2,0,22,7,7,41.80950047,-87.6162064
0,369596,-1,30,1,2,0,0,10,6,3,0,0,0,0,-1,-1,1,18,-1,1831,-1,-1,-1,-1,-1,-1,2,0,0,0,0,0,3,0,22,7,7,41.89325671,-87.6370078
3,369582,-1,30,1,2,0,3,14,2,4,0,0,0,1,1,-1,-1,0,0,1421,1,0,-1,-1,-1,-1,1,1,0,1,0,0,0,0,21,7,7,41.9102243,-87.70703651
2,369591,-1,30,1,2,0,3,0,5,4,0,0,0,1,1,-1,-1,6,0,2011,-1,-1,-1,-1,-1,-1,2,6,0,0,6,0,2,0,21,7,7,41.97596481,-87.69399274
2,369595,-1,25,0,0,0,0,7,5,2,0,0,0,1,-1,-1,-1,0,-1,1122,-1,-1,-1,-1,-1,-1,2,1,0,0,1,0,1,0,21,7,7,41.88978552,-87.72265816
0,371312,-1,30,0,0,0,0,7,2,-1,0,0,0,0,-1,-1,1,0,-1,1831,-1,-1,-1,-1,-1,-1,2,0,0,0,0,0,1,0,21,7,7,41.88979465,-87.6386792
0,369682,-1,30,0,0,0,3,12,6,2,0,0,0,0,-1,1,-1,7,-1,1834,-1,-1,-1,-1,-1,-1,2,0,0,0,0,0,3,0,21,7,7,41.88945828,-87.62036838
0,369602,-1,30,0,0,0,3,5,5,-1,0,0,4,1,-1,-1,-1,0,0,914,-1,-1,-1,-1,-1,-1,1,0,0,0,0,0,1,0,21,7,7,41.85407671,-87.63872127
0,369823,-1,30,9,0,0,3,2,12,1,0,0,0,1,-1,-1,-1,25,0,332,-1,-1,-1,-1,-1,-1,1,0,0,0,0,0,1,0,21,7,7,41.76789172,-87.57649243
0,371542,-1,30,1,2,0,3,5,5,-1,0,0,1,0,-1,-1,-1,-1,-1,1212,-1,-1,-1,-1,-1,-1,1,0,0,0,0,0,1,0,21,7,7,41.89578696,-87.68699059
0,369622,-1,30,1,2,0,3,8,2,2,0,0,0,0,1,-1,-1,17,-1,1213,1,-1,-1,-1,-1,-1,2,0,0,0,0,0,2,0,21,7,7,41.89981659,-87.66745657
0,369619,-1,15,0,0,0,4,7,0,1,0,0,0,0,-1,-1,1,0,-1,2211,-1,-1,-1,-1,-1,-1,2,0,0,0,0,0,1,0,21,7,7,41.69795655,-87.71433776
0,369597,1,30,1,2,0,0,14,5,2,0,0,0,0,-1,-1,-1,17,17,1622,-1,-1,-1,-1,-1,-1,2,0,0,0,0,0,2,0,21,7,7,41.9605935,-87.76730627
0,369556,-1,30,3,2,0,0,7,5,2,0,0,0,0,-1,-1,-1,21,0,1613,-1,-1,-1,-1,-1,-1,2,0,0,0,0,0,1,0,21,7,7,41.98003979,-87.80253968
1,372044,-1,30,1,2,0,3,10,5,4,0,0,-1,1,-1,-1,-1,11,11,2511,-1,-1,-1,-1,-1,-1,2,1,0,0,0,1,6,0,21,7,7,41.9373304,-87.80657852
0,369571,1,30,0,0,0,3,12,5,2,0,0,0,0,-1,-1,-1,22,0,2233,-1,-1,-1,-1,-1,-1,2,0,0,0,0,0,3,0,21,7,7,41.69953107,-87.64303174
0,369542,-1,30,2,0,0,0,12,2,2,0,0,0,0,-1,-1,1,22,21,922,-1,-1,-1,-1,-1,-1,2,0,0,0,0,0,2,0,21,7,7,41.81200175,-87.69446436
1,369537,-1,35,0,0,0,3,10,7,1,0,0,-1,1,-1,-1,1,20,25,922,-1,-1,-1,-1,-1,-1,2,1,0,0,0,1,3,0,21,7,7,41.80860539,-87.7038493
2,369546,-1,30,1,2,2,3,0,6,1,0,0,0,1,1,-1,-1,6,0,122,-1,-1,-1,-1,-1,-1,2,1,0,0,1,0,2,0,20,7,7,41.88584617,-87.63547453
0,369523,-1,5,0,0,0,3,10,7,-1,0,0,0,0,-1,-1,-1,16,-1,1531,-1,-1,-1,-1,-1,-1,2,0,0,0,0,0,8,0,20,7,7,41.89483366,-87.75530107
0,372589,-1,45,0,2,0,4,10,3,-1,0,0,0,0,-1,-1,1,16,-1,1814,-1,-1,-1,-1,-1,-1,2,0,0,0,0,0,2,0,20,7,7,41.91516536,-87.62773146
0,369534,-1,30,0,0,0,3,7,6,-1,0,0,0,0,-1,-1,-1,20,-1,1533,-1,-1,-1,-1,-1,-1,2,0,0,0,0,0,1,0,20,7,7,41.87594784,-87.74842566
0,369504,-1,35,0,0,0,3,10,5,2,0,0,0,0,-1,-1,-1,22,-1,1424,-1,-1,-1,-1,-1,-1,2,0,0,0,0,0,5,0,20,7,7,41.90345038,-87.66795288
0,369498,-1,30,0,0,0,3,7,5,4,0,0,0,1,-1,-1,-1,0,-1,1221,-1,-1,-1,-1,-1,-1,2,0,0,0,0,0,1,0,20,7,7,41.89012853,-87.68653021
1,370580,-1,0,0,0,0,1,7,5,4,0,0,0,1,-1,-1,-1,11,0,234,-1,-1,-1,-1,-1,-1,2,3,0,0,0,3,1,0,20,7,7,41.80238154,-87.58929994
0,369555,-1,30,0,0,0,3,7,6,3,0,0,0,0,-1,-1,0,20,11,1834,1,-1,-1,-1,-1,-1,2,0,0,0,0,0,1,0,20,7,7,41.89411346,-87.61942855
0,369512,-1,30,0,0,0,3,12,2,2,0,0,0,1,-1,-1,-1,22,0,1414,-1,-1,-1,-1,-1,-1,2,0,0,0,0,0,5,0,20,7,7,41.91758682,-87.69858214
0,369500,-1,30,1,2,0,3,10,5,2,0,0,0,0,0,-1,-1,18,0,1831,-1,-1,-1,-1,-1,-1,2,0,0,0,0,0,3,0,20,7,7,41.89160129,-87.62979671
0,369490,-1,35,1,2,0,4,10,3,6,0,0,0,0,1,-1,-1,0,-1,413,-1,-1,-1,-1,-1,-1,2,0,0,0,0,0,3,0,19,7,7,41.73209647,-87.5849532
0,369438,-1,5,0,0,0,1,7,0,-1,0,0,0,0,-1,-1,-1,20,-1,431,-1,-1,-1,-1,-1,-1,2,0,0,0,0,0,1,0,19,7,7,41.72119541,-87.56095382
0,369458,-1,30,1,2,0,1,10,5,-1,0,0,0,0,-1,-1,1,18,16,1411,-1,-1,-1,-1,-1,-1,2,0,0,0,0,0,2,0,19,7,7,41.93200669,-87.69746847
0,369475,-1,30,0,0,0,4,10,5,-1,0,0,0,0,-1,-1,-1,0,0,1214,-1,-1,-1,-1,-1,-1,2,0,0,0,0,0,2,0,19,7,7,41.88855193,-87.64741835
1,369728,-1,30,0,0,0,1,2,5,2,0,0,0,1,-1,-1,-1,25,16,712,-1,-1,-1,-1,-1,-1,1,1,0,0,0,1,1,0,19,7,7,41.78524765,-87.6495627
0,369464,-1,30,0,0,0,1,7,5,2,0,0,-1,0,-1,-1,1,0,-1,1524,-1,-1,-1,-1,-1,-1,2,0,0,0,0,0,2,0,19,7,7,41.89410529,-87.75571685
0,369462,-1,30,0,0,0,1,12,3,3,0,0,-1,0,-1,-1,-1,21,27,434,-1,-1,-1,-1,-1,-1,2,0,0,0,0,0,2,0,19,7,7,41.65912619,-87.55943274
0,369524,-1,20,0,0,0,1,12,3,2,0,0,-1,0,-1,-1,-1,22,-1,835,-1,-1,-1,-1,-1,-1,2,0,0,0,0,0,2,0,19,7,7,41.7498878,-87.68568496
0,369454,-1,30,0,0,0,1,11,5,-1,0,0,0,0,-1,-1,-1,0,0,1914,-1,-1,-1,-1,-1,-1,2,0,0,0,0,0,2,0,19,7,7,41.96345695,-87.63880228
0,369451,-1,30,0,0,0,4,14,6,1,0,0,0,0,-1,-1,-1,17,11,1624,-1,-1,-1,-1,-1,-1,2,0,0,0,0,0,2,0,19,7,7,41.95899981,-87.74790322