MOST_SEVERE_INJURY,RD_NO,CRASH_DATE_EST_I,POSTED_SPEED_LIMIT,TRAFFIC_CONTROL_DEVICE,DEVICE_CONDITION,WEATHER_CONDITION,LIGHTING_CONDITION,FIRST_CRASH_TYPE,TRAFFICWAY_TYPE,LANE_CNT,ALIGNMENT,ROADWAY_SURFACE_COND,ROAD_DEFECT,CRASH_TYPE,INTERSECTION_RELATED_I,NOT_RIGHT_OF_WAY_I,HIT_AND_RUN_I,PRIM_CONTRIBUTORY_CAUSE,SEC_CONTRIBUTORY_CAUSE,BEAT_OF_OCCURRENCE,PHOTOS_TAKEN_I,STATEMENTS_TAKEN_I,DOORING_I,WORK_ZONE_I,WORK_ZONE_TYPE,WORKERS_PRESENT_I,NUM_UNITS,INJURIES_TOTAL,INJURIES_FATAL,INJURIES_INCAPACITATING,INJURIES_NON_INCAPACITATING,INJURIES_REPORTED_NOT_EVIDENT,INJURIES_NO_INDICATION,INJURIES_UNKNOWN,CRASH_HOUR,CRASH_DAY_OF_WEEK,CRASH_MONTH,LATITUDE,LONGITUDE
0,369439,-1,25,0,0,0,1,7,6,-1,0,0,0,1,-1,-1,0,0,-1,412,-1,-1,-1,-1,-1,-1,2,0,0,0,0,0,1,0,19,7,7,41.73684724,-87.58289498
0,369428,-1,30,2,2,0,1,0,2,-1,0,0,0,0,1,-1,-1,5,-1,1225,-1,-1,-1,-1,-1,-1,2,0,0,0,0,0,2,0,18,7,7,41.87478326,-87.67420035
-1,369401,-1,30,0,0,0,1,14,5,1,0,0,0,0,-1,-1,-1,21,-1,124,-1,-1,-1,-1,-1,-1,-1,-1,-1,-1,-1,-1,-1,-1,18,7,7,41.86553468,-87.64081331
4,369404,-1,35,0,0,0,1,8,3,-1,0,0,0,1,-1,-1,-1,0,0,324,0,0,1,-1,-1,-1,3,1,1,0,0,0,1,0,18,7,7,41.76354844,-87.58570996
0,369425,-1,35,0,0,0,1,10,3,4,0,0,0,0,-1,-1,-1,18,-1,2213,-1,-1,-1,-1,-1,-1,2,0,0,0,0,0,2,0,18,7,7,41.72098513,-87.67250625
0,369411,-1,30,1,2,0,1,10,2,2,0,0,-1,0,1,-1,-1,-1,-1,1722,-1,-1,-1,-1,-1,-1,2,0,0,0,0,0,5,0,18,7,7,41.96086102,-87.74516953
2,369407,-1,20,1,2,0,1,14,5,2,0,0,0,1,1,-1,-1,0,0,712,-1,-1,-1,-1,-1,-1,2,1,0,0,1,0,4,0,18,7,7,41.77978407,-87.64970295
3,369399,-1,30,0,0,0,1,8,5,2,0,0,0,1,-1,-1,-1,-1,-1,1932,-1,-1,1,-1,-1,-1,2,1,0,1,0,0,1,0,18,7,7,41.93527244,-87.66272084
0,369400,-1,25,0,0,0,1,11,2,2,0,0,0,1,-1,-1,-1,20,17,2413,-1,-1,-1,-1,-1,-1,2,0,0,0,0,0,2,0,18,7,7,41.99776301,-87.68149227
0,371342,-1,15,0,0,-1,-1,7,5,1,0,-1,0,0,-1,-1,1,0,0,2531,-1,-1,-1,-1,-1,-1,2,0,0,0,0,0,1,0,18,7,7,41.91101877,-87.77146213
0,370555,-1,30,0,0,-1,-1,14,5,-1,0,-1,-1,0,-1,-1,-1,0,0,1522,-1,-1,-1,-1,-1,-1,2,0,0,0,0,0,2,0,18,7,7,41.87405323,-87.75496155
0,369517,-1,30,1,2,0,1,7,5,2,0,0,0,0,-1,-1,-1,0,-1,1215,-1,-1,-1,-1,-1,-1,2,0,0,0,0,0,1,0,18,7,7,41.89596531,-87.66720648
0,369476,-1,35,1,-1,0,1,14,3,-1,0,0,-1,1,1,-1,-1,-1,-1,324,-1,-1,-1,-1,-1,-1,2,0,0,0,0,0,6,0,18,7,7,41.76592819,-87.58647008
0,369402,-1,30,1,2,0,1,10,3,2,0,0,-1,0,-1,-1,-1,0,0,2011,-1,-1,-1,-1,-1,-1,2,0,0,0,0,0,2,0,18,7,7,41.99033326,-87.69934036
0,369469,-1,30,0,0,0,1,14,5,-1,0,0,0,0,-1,-1,-1,0,0,1522,-1,-1,-1,-1,-1,-1,2,0,0,0,0,0,2,0,18,7,7,41.87389354,-87.75497379
0,369393,-1,30,0,0,0,1,12,5,-1,0,0,0,1,-1,-1,1,16,16,411,-1,0,-1,-1,-1,-1,2,0,0,0,0,0,3,0,18,7,7,41.7567361,-87.59307096
0,371626,-1,30,1,2,0,1,12,3,3,0,0,-1,0,1,-1,-1,0,35,1833,-1,-1,-1,-1,-1,-1,2,0,0,0,0,0,2,0,18,7,7,41.8992486,-87.62427498
0,370279,1,30,0,0,-1,-1,7,6,1,0,-1,-1,0,-1,-1,1,-1,-1,2514,-1,-1,-1,-1,-1,-1,2,0,0,0,0,0,1,0,18,7,7,41.93329379,-87.75982021
0,369381,-1,30,0,0,0,1,12,5,2,0,0,-1,0,-1,-1,-1,22,-1,813,-1,-1,-1,-1,-1,-1,2,0,0,0,0,0,5,0,18,7,7,41.77846094,-87.7301349
0,369365,-1,30,1,2,0,1,10,5,2,0,0,0,0,1,-1,-1,0,0,1923,-1,-1,-1,-1,-1,-1,2,0,0,0,0,0,3,0,18,7,7,41.94718014,-87.66387464
0,369347,-1,20,0,0,0,1,0,7,1,0,0,-1,0,-1,-1,-1,20,0,2413,-1,-1,-1,-1,-1,-1,2,0,0,0,0,0,2,0,18,7,7,41.99727847,-87.70940736
0,373297,-1,30,0,0,0,1,8,5,-1,0,0,0,0,-1,-1,1,22,-1,1013,-1,-1,-1,-1,-1,-1,2,0,0,0,0,0,2,0,17,7,7,41.84817352,-87.73332209
0,369348,-1,30,1,2,0,1,10,5,2,0,0,0,0,-1,-1,-1,18,-1,1232,-1,-1,-1,-1,-1,-1,2,0,0,0,0,0,2,0,17,7,7,41.8792837,-87.64713564
0,369387,-1,30,-1,-1,0,1,10,7,-1,0,0,-1,0,-1,-1,-1,0,-1,2521,-1,-1,-1,-1,-1,-1,2,0,0,0,0,0,2,0,17,7,7,41.93146094,-87.74371731
0,369383,-1,30,0,0,0,1,12,5,2,0,0,0,0,-1,-1,-1,0,-1,121,-1,-1,-1,-1,-1,-1,2,0,0,0,0,0,7,0,17,7,7,41.88558234,-87.64531832
0,370892,1,30,0,0,0,1,12,5,2,0,0,0,0,-1,-1,-1,17,0,114,-1,-1,-1,-1,-1,-1,2,0,0,0,0,0,2,0,17,7,7,41.88462376,-87.61956019
0,369410,-1,10,0,0,0,1,7,7,-1,0,0,0,0,-1,-1,-1,0,0,1832,-1,-1,-1,-1,-1,-1,2,0,0,0,0,0,1,0,17,7,7,41.89990829,-87.6305534
0,371774,-1,30,0,0,0,1,0,12,2,0,0,0,0,-1,-1,-1,20,16,1423,-1,-1,-1,-1,-1,-1,2,0,0,0,0,0,2,0,17,7,7,41.90302524,-87.69807108
0,370333,-1,30,2,2,0,1,10,6,-1,0,0,0,0,-1,-1,-1,20,0,1011,-1,-1,-1,-1,-1,-1,2,0,0,0,0,0,2,0,17,7,7,41.86244032,-87.72399463
0,369324,-1,30,0,0,0,1,7,6,-1,0,0,0,0,-1,-1,-1,11,-1,2511,-1,-1,-1,-1,-1,-1,2,0,0,0,0,0,2,0,17,7,7,41.93575488,-87.78721678
0,369289,-1,30,0,0,0,4,10,5,-1,0,0,0,0,-1,-1,1,-1,-1,1511,-1,-1,-1,-1,-1,-1,2,0,0,0,0,0,2,0,17,7,7,41.89847766,-87.7745536
0,369928,-1,30,0,0,0,1,0,5,2,0,0,0,1,-1,-1,1,17,16,1821,-1,-1,-1,-1,-1,-1,3,0,0,0,0,0,2,0,17,7,7,41.90385735,-87.64122562
0,369370,-1,30,0,0,0,1,8,5,-1,0,0,0,0,-1,-1,0,0,0,1214,-1,-1,1,-1,-1,-1,2,0,0,0,0,0,4,0,17,7,7,41.88596439,-87.65229844
0,369302,-1,30,0,0,0,1,2,12,0,0,0,0,0,-1,1,-1,11,-1,711,-1,-1,-1,-1,-1,-1,1,0,0,0,0,0,1,0,17,7,7,41.79419949,-87.63192548
0,369360,-1,30,0,0,0,1,8,5,-1,0,0,0,0,-1,-1,-1,0,-1,1923,-1,-1,1,-1,-1,-1,2,0,0,0,0,0,3,0,17,7,7,41.94922495,-87.64966235
0,369317,-1,10,-1,-1,0,1,7,7,-1,0,0,0,1,-1,-1,-1,27,-1,623,-1,-1,-1,-1,-1,-1,2,0,0,0,0,0,1,0,17,7,7,41.75825216,-87.61815909
0,369316,1,25,0,0,0,1,7,6,1,0,0,0,0,-1,-1,1,0,-1,1922,-1,-1,-1,-1,-1,-1,2,0,0,0,0,0,1,0,17,7,7,41.94610138,-87.67447487
0,369284,-1,30,2,2,0,1,0,2,-1,0,0,0,1,1,-1,-1,17,-1,813,-1,-1,-1,-1,-1,-1,2,0,0,0,0,0,2,0,17,7,7,41.79305823,-87.72943266
0,369285,0,30,1,2,0,1,14,5,2,0,0,0,0,1,-1,-1,23,-1,124,-1,-1,-1,-1,-1,-1,2,0,0,0,0,0,3,0,17,7,7,41.86359876,-87.63927326
0,369378,-1,35,-1,-1,0,1,7,12,-1,0,0,-1,0,-1,-1,1,-1,-1,825,-1,-1,-1,-1,-1,-1,2,0,0,0,0,0,1,0,17,7,7,41.7797663,-87.68625001
0,369273,-1,30,0,0,0,1,7,6,1,0,0,0,0,-1,-1,-1,16,-1,1522,-1,-1,-1,-1,-1,-1,2,0,0,0,0,0,1,0,17,7,7,41.87742759,-87.75730244
0,369287,-1,30,0,0,0,2,7,2,2,0,0,0,0,-1,-1,1,0,0,1211,-1,-1,-1,-1,-1,-1,2,0,0,0,0,0,1,0,16,7,7,41.89572425,-87.70100974
2,369330,-1,20,0,0,0,1,7,6,-1,0,0,-1,1,-1,-1,-1,0,-1,1623,-1,-1,-1,-1,-1,-1,2,1,0,0,1,0,3,0,16,7,7,41.96162295,-87.75730982
0,369277,-1,30,1,2,0,1,12,5,-1,0,0,0,0,-1,-1,1,22,-1,123,-1,-1,-1,-1,-1,-1,2,0,0,0,0,0,2,0,16,7,7,41.87331073,-87.63078782
0,369258,-1,30,0,0,0,1,10,5,1,0,0,0,0,-1,-1,-1,11,-1,2032,-1,-1,-1,-1,-1,-1,2,0,0,0,0,0,3,0,16,7,7,41.97589117,-87.68149378
1,369250,-1,30,0,0,0,1,10,5,2,0,0,0,1,-1,-1,-1,18,-1,121,-1,-1,-1,-1,-1,-1,2,1,0,0,0,1,3,0,16,7,7,41.88437586,-87.64112478
0,369271,-1,25,0,0,0,1,7,6,1,0,0,0,0,-1,-1,1,0,-1,423,-1,-1,-1,-1,-1,-1,2,0,0,0,0,0,1,0,16,7,7,41.73616538,-87.55540753
0,375072,-1,30,0,0,0,1,7,5,-1,0,0,2,0,-1,-1,1,0,0,1914,-1,-1,-1,-1,-1,-1,2,0,0,0,0,0,1,0,16,7,7,41.96737638,-87.65488214
0,369336,1,10,0,0,0,1,0,7,-1,0,0,0,0,-1,-1,-1,0,0,233,-1,-1,-1,-1,-1,-1,2,0,0,0,0,0,3,0,16,7,7,41.80020115,-87.60776882
0,370134,-1,20,0,0,0,1,0,2,-1,0,0,0,0,-1,-1,1,-1,-1,2531,-1,-1,-1,-1,-1,-1,2,0,0,0,0,0,2,0,16,7,7,41.90394054,-87.77415062
0,369279,-1,25,0,0,0,1,7,5,2,0,0,0,0,-1,-1,-1,0,0,1923,-1,-1,-1,-1,-1,-1,2,0,0,0,0,0,1,0,16,7,7,41.95024692,-87.65456593
0,369263,-1,30,2,2,0,1,0,2,2,0,0,0,1,1,-1,1,22,17,1632,-1,-1,-1,-1,-1,-1,2,0,0,0,0,0,2,0,16,7,7,41.9382314,-87.79819693
0,369245,-1,30,0,0,0,1,12,5,-1,0,0,0,0,-1,-1,-1,17,0,133,-1,-1,-1,-1,-1,-1,2,0,0,0,0,0,2,0,16,7,7,41.84577144,-87.62205781
2,369266,-1,30,1,2,0,1,10,3,4,0,0,0,1,1,-1,-1,18,11,1814,-1,-1,-1,-1,-1,-1,2,1,0,0,1,0,2,0,16,7,7,41.91327149,-87.63164591
0,369249,-1,10,3,2,0,1,7,7,-1,0,0,0,0,-1,-1,1,21,0,1613,-1,-1,-1,-1,-1,-1,2,0,0,0,0,0,1,0,16,7,7,41.97462951,-87.8079811
0,369206,-1,30,2,0,0,1,10,6,1,0,0,0,0,-1,-1,0,0,-1,1824,-1,-1,-1,-1,-1,-1,2,0,0,0,0,0,3,0,16,7,7,41.90941896,-87.62745605
0,369297,-1,30,0,0,0,1,7,5,-1,0,0,0,0,-1,-1,-1,0,0,1814,-1,-1,-1,-1,-1,-1,2,0,0,0,0,0,4,0,16,7,7,41.91707474,-87.63399078
0,369201,-1,30,0,0,0,1,12,5,-1,0,0,0,0,-1,-1,1,21,-1,1611,-1,-1,-1,-1,-1,-1,2,0,0,0,0,0,5,0,15,7,7,42.01778894,-87.80671115
0,369218,-1,25,0,0,0,1,7,5,2,5,0,0,0,-1,-1,-1,0,-1,1934,-1,-1,-1,-1,-1,-1,2,0,0,0,0,0,1,0,15,7,7,41.93318096,-87.64464942
1,376481,-1,30,0,0,0,1,7,6,1,0,0,0,1,-1,-1,-1,0,-1,832,-1,-1,-1,-1,-1,-1,2,2,0,0,0,2,3,0,15,7,7,41.76542914,-87.68209177
0,369261,-1,30,0,0,0,1,7,5,-1,0,0,0,0,-1,-1,-1,0,0,1821,-1,-1,-1,-1,-1,-1,2,0,0,0,0,0,4,0,15,7,7,41.90620805,-87.64314543
0,369246,-1,30,-1,-1,0,1,14,5,-1,0,0,0,0,-1,-1,-1,0,-1,2514,-1,-1,-1,-1,-1,-1,2,0,0,0,0,0,2,0,15,7,7,41.93137132,-87.76610263
0,369176,-1,30,1,2,0,1,12,6,-1,0,0,0,0,-1,-1,-1,17,0,1831,-1,-1,-1,-1,-1,-1,2,0,0,0,0,0,2,0,15,7,7,41.89133228,-87.63391401
0,369112,-1,30,2,2,0,1,14,5,0,0,0,0,0,1,-1,-1,0,-1,1034,-1,-1,-1,-1,-1,-1,2,0,0,0,0,0,2,0,15,7,7,41.85209039,-87.67843853
3,369150,-1,30,0,0,0,1,9,5,2,0,0,0,1,-1,-1,-1,0,0,1924,-1,-1,-1,-1,-1,-1,2,1,0,1,0,0,2,0,15,7,7,41.94615313,-87.65550003
0,369142,-1,30,1,2,0,1,10,5,-1,0,0,0,0,-1,-1,-1,0,0,2515,-1,-1,-1,-1,-1,-1,2,0,0,0,0,0,2,0,15,7,7,41.92088366,-87.76572595
0,369198,-1,30,0,0,0,1,12,5,-1,0,0,0,0,-1,-1,-1,0,0,1831,-1,-1,-1,-1,-1,-1,2,0,0,0,0,0,4,0,15,7,7,41.89074759,-87.6339013
0,369192,-1,25,1,2,0,1,14,5,2,0,0,0,0,-1,-1,-1,20,-1,512,-1,-1,-1,-1,-1,-1,2,0,0,0,0,0,3,0,15,7,7,41.70740512,-87.60667222
0,369165,-1,30,1,2,0,1,10,5,-1,0,0,0,0,-1,-1,-1,-1,-1,131,-1,-1,-1,-1,-1,-1,2,0,0,0,0,0,2,0,15,7,7,41.85789818,-87.62962094
0,369158,-1,30,-1,-1,0,1,8,3,4,0,-1,-1,0,-1,-1,-1,23,0,123,-1,-1,-1,-1,-1,-1,2,0,0,0,0,0,2,0,15,7,7,41.8721644,-87.63075578
0,370062,-1,35,1,2,0,1,14,12,-1,0,0,0,0,-1,-1,-1,11,0,111,-1,-1,-1,-1,-1,-1,2,0,0,0,0,0,2,0,14,7,7,41.88733218,-87.62469624
0,369374,-1,30,0,0,0,1,14,5,-1,0,0,0,1,1,-1,-1,23,-1,111,-1,-1,-1,-1,-1,-1,2,0,0,0,0,0,2,0,14,7,7,41.88806789,-87.62472503
0,369107,-1,35,1,2,0,1,10,5,4,0,0,0,0,1,-1,1,0,-1,911,-1,-1,-1,-1,-1,-1,2,0,0,0,0,0,3,0,14,7,7,41.83003355,-87.69464443
0,369415,-1,30,0,0,0,1,10,5,-1,0,0,0,0,-1,-1,-1,0,-1,2433,-1,-1,-1,-1,-1,-1,2,0,0,0,0,0,2,0,14,7,7,41.99640836,-87.67037201
0,369097,-1,30,2,2,0,1,0,6,1,0,0,0,1,1,-1,-1,5,16,1012,-1,-1,-1,-1,-1,-1,3,0,0,0,0,0,3,0,14,7,7,41.86058482,-87.72637471
0,374614,-1,30,1,2,0,1,10,2,5,0,-1,-1,0,-1,-1,1,22,22,225,-1,-1,-1,-1,-1,-1,2,0,0,0,0,0,3,0,14,7,7,41.79467039,-87.63054748
0,372122,-1,30,1,2,0,1,10,5,-1,0,0,-1,0,-1,-1,-1,18,-1,123,-1,-1,-1,-1,-1,-1,2,0,0,0,0,0,2,0,14,7,7,41.86748292,-87.6304928
0,371400,-1,30,0,0,0,1,0,2,-1,0,0,0,0,-1,-1,-1,0,-1,132,-1,-1,-1,-1,-1,-1,2,0,0,0,0,0,2,0,14,7,7,41.86744611,-87.61890449
0,370549,-1,30,0,0,0,1,7,7,1,0,0,0,0,-1,-1,1,0,0,1614,-1,-1,-1,-1,-1,-1,2,0,0,0,0,0,1,0,14,7,7,41.98121021,-87.83801332
2,369131,-1,30,1,2,0,1,10,5,-1,0,0,0,1,1,-1,-1,0,0,1834,-1,-1,-1,-1,-1,-1,2,1,0,0,1,0,2,0,14,7,7,41.89104457,-87.62037184
0,369123,-1,30,1,2,0,1,10,5,2,0,0,0,0,-1,-1,-1,18,-1,822,-1,-1,-1,-1,-1,-1,2,0,0,0,0,0,3,0,14,7,7,41.78613782,-87.70340704
3,369098,-1,30,2,2,0,1,0,5,-1,0,0,0,1,1,-1,-1,17,0,213,-1,-1,-1,-1,-1,-1,3,1,0,1,0,0,3,0,14,7,7,41.81667976,-87.61964792
0,369135,-1,20,0,0,0,1,2,7,-1,0,0,0,0,-1,1,-1,0,0,1213,-1,-1,-1,-1,-1,-1,1,0,0,0,0,0,1,0,14,7,7,41.89841129,-87.6574321
0,369066,-1,30,1,2,0,1,9,1,2,0,0,0,0,-1,-1,-1,0,-1,624,-1,-1,-1,-1,-1,-1,2,0,0,0,0,0,2,0,14,7,7,41.75119434,-87.60536733
0,369050,-1,30,1,2,0,1,10,5,-1,0,0,0,0,1,-1,-1,0,-1,2032,-1,-1,-1,-1,-1,-1,2,0,0,0,0,0,3,0,14,7,7,41.96897095,-87.67110152
0,369059,-1,30,1,-1,0,1,14,5,3,0,0,-1,0,1,-1,-1,23,11,124,-1,-1,-1,-1,-1,-1,2,0,0,0,0,0,6,0,14,7,7,41.87446235,-87.64391006
0,369068,-1,30,0,0,0,1,12,6,3,0,0,0,0,-1,-1,1,17,-1,121,-1,-1,-1,-1,-1,-1,2,0,0,0,0,0,2,0,14,7,7,41.87858156,-87.63857867
0,376146,1,30,0,0,0,1,7,7,-1,0,0,0,0,-1,1,1,0,-1,1632,-1,-1,-1,-1,-1,-1,2,0,0,0,0,0,1,0,14,7,7,41.93823738,-87.79776035
0,369088,-1,30,0,0,0,1,2,0,1,0,12,12,1,-1,-1,-1,4,28,1931,-1,-1,-1,1,2,1,1,0,0,0,0,0,3,0,14,7,7,41.92521861,-87.67146363
0,369078,-1,30,0,0,0,1,12,5,4,0,0,0,0,-1,-1,1,21,-1,1712,-1,-1,-1,-1,-1,-1,2,0,0,0,0,0,4,0,13,7,7,41.97953091,-87.72849043
0,369118,-1,30,0,0,0,1,10,3,-1,0,0,0,0,-1,-1,-1,16,-1,815,-1,-1,-1,-1,-1,-1,3,0,0,0,0,0,3,0,13,7,7,41.81324728,-87.74316303
0,369032,-1,5,0,0,0,1,0,7,-1,0,0,-1,0,-1,-1,-1,0,-1,1613,-1,-1,-1,-1,-1,-1,2,0,0,0,0,0,2,0,13,7,7,41.97454295,-87.81134688
0,369077,-1,30,1,2,0,1,10,2,2,0,0,0,0,-1,-1,-1,18,16,911,-1,-1,-1,-1,-1,-1,3,0,0,0,0,0,3,0,13,7,7,41.82338387,-87.70456802
0,369045,-1,30,1,2,0,1,0,5,4,0,0,-1,1,-1,-1,1,17,-1,1513,-1,-1,-1,-1,-1,-1,2,0,0,0,0,0,3,0,13,7,7,41.87998442,-87.77417869
0,369033,-1,30,2,2,0,1,10,5,2,0,0,0,0,1,-1,-1,18,-1,2523,-1,-1,-1,-1,-1,-1,2,0,0,0,0,0,4,0,13,7,7,41.93199057,-87.71957718
0,369386,-1,30,0,0,0,1,7,7,2,0,0,0,0,-1,-1,1,25,-1,2422,-1,-1,-1,-1,-1,-1,2,0,0,0,0,0,1,0,13,7,7,42.01928855,-87.67505851
0,369043,-1,30,0,0,0,1,0,5,2,2,0,0,0,-1,-1,1,16,11,513,-1,-1,-1,-1,-1,-1,2,0,0,0,0,0,3,0,13,7,7,41.69286429,-87.61177894
0,370000,-1,20,0,0,0,1,7,6,-1,0,0,0,0,-1,-1,-1,18,11,1934,-1,-1,-1,-1,-1,-1,2,0,0,0,0,0,1,0,13,7,7,41.93781109,-87.64169523
0,369278,-1,30,1,2,0,1,10,2,4,0,0,0,0,-1,-1,-1,16,18,824,-1,-1,-1,-1,-1,-1,2,0,0,0,0,0,2,0,13,7,7,41.78995969,-87.69354771
0,369235,-1,30,1,2,0,1,14,2,2,0,0,0,0,-1,-1,-1,21,16,623,-1,-1,-1,-1,-1,-1,2,0,0,0,0,0,5,0,13,7,7,41.75089105,-87.62596851
0,369126,-1,30,0,0,0,1,7,5,-1,0,0,0,0,-1,-1,-1,-1,-1,1421,-1,-1,-1,-1,-1,-1,2,0,0,0,0,0,1,0,13,7,7,41.9156043,-87.69254546
0,369039,-1,30,2,2,0,1,10,2,2,0,0,0,1,1,-1,-1,16,0,1211,-1,-1,-1,-1,-1,-1,2,0,0,0,0,0,2,0,13,7,7,41.90283677,-87.69453754
0,369021,-1,15,0,0,0,1,14,6,-1,0,-1,-1,0,-1,-1,-1,0,0,2413,-1,-1,-1,-1,-1,-1,2,0,0,0,0,0,3,0,13,7,7,41.99685039,-87.6933714
0,369011,-1,30,1,2,0,1,10,3,4,0,0,0,0,-1,-1,-1,18,0,1433,-1,-1,-1,-1,-1,-1,2,0,0,0,0,0,2,0,13,7,7,41.90750605,-87.66775009
0,369009,-1,25,0,0,0,1,7,5,2,0,0,0,0,-1,-1,1,0,0,1732,-1,-1,-1,-1,-1,-1,3,0,0,0,0,0,3,0,13,7,7,41.95205861,-87.71920737
0,369027,-1,30,0,0,0,1,10,2,4,0,0,0,0,-1,-1,-1,18,16,825,-1,-1,-1,-1,-1,-1,2,0,0,0,0,0,2,0,13,7,7,41.78022349,-87.68352046
0,369006,-1,30,0,0,0,1,12,6,2,0,0,0,0,-1,-1,-1,17,17,925,-1,-1,-1,-1,-1,-1,2,0,0,0,0,0,2,0,13,7,7,41.81693428,-87.63135846
0,368989,-1,35,0,0,0,1,12,5,-1,0,0,0,0,-1,-1,-1,21,-1,2423,-1,-1,-1,-1,-1,-1,2,0,0,0,0,0,2,0,13,7,7,42.01359604,-87.66404055
0,369037,-1,25,1,2,0,1,14,2,4,0,0,0,0,-1,-1,-1,22,11,631,1,-1,-1,-1,-1,-1,2,0,0,0,0,0,2,0,13,7,7,41.74753329,-87.6052788
0,370099,-1,30,1,2,0,1,14,5,4,0,0,0,0,1,-1,-1,17,18,1732,-1,-1,-1,-1,-1,-1,2,0,0,0,0,0,2,0,13,7,7,41.95330098,-87.72775493
0,369405,-1,30,-1,-1,-1,-1,10,-1,-1,0,-1,-1,0,-1,-1,-1,0,-1,1631,-1,-1,-1,-1,-1,-1,2,0,0,0,0,0,2,0,13,7,7,41.93779066,-87.82994704
0,369257,-1,20,0,0,0,1,7,5,1,0,0,0,0,-1,-1,-1,-1,-1,1832,-1,-1,-1,-1,-1,-1,2,0,0,0,0,0,5,0,13,7,7,41.90046751,-87.62957117
0,369208,-1,30,0,0,0,1,8,5,0,0,0,0,0,-1,-1,-1,0,0,131,-1,-1,-1,-1,-1,-1,2,0,0,0,0,0,2,0,13,7,7,41.86565703,-87.62752942
0,369175,-1,30,1,2,0,1,10,5,4,0,0,-1,0,1,-1,-1,0,-1,2213,-1,-1,-1,-1,-1,-1,2,0,0,0,0,0,2,0,13,7,7,41.72084893,-87.68191511
0,368991,-1,30,0,0,0,1,2,12,-1,0,0,12,1,-1,-1,-1,0,-1,2411,-1,-1,-1,-1,-1,-1,1,0,0,0,0,0,1,0,13,7,7,42.01485958,-87.69036856
0,368990,-1,30,0,0,0,1,14,5,-1,0,0,0,0,-1,-1,-1,17,-1,2532,-1,-1,-1,-1,-1,-1,2,0,0,0,0,0,2,0,13,7,7,41.90951865,-87.7630188
0,368969,-1,30,0,0,0,1,12,2,4,0,0,0,0,-1,-1,-1,0,-1,825,-1,-1,-1,-1,-1,-1,2,0,0,0,0,0,3,0,13,7,7,41.78044754,-87.68381968
0,368985,-1,35,2,0,0,1,14,6,-1,0,0,0,0,-1,-1,-1,23,-1,1925,-1,-1,-1,-1,-1,-1,2,0,0,0,0,0,3,0,12,7,7,41.94117913,-87.64897473
0,368974,-1,30,1,2,0,1,10,5,-1,0,0,0,0,-1,-1,-1,18,-1,1631,-1,-1,-1,-1,-1,-1,2,0,0,0,0,0,2,0,12,7,7,41.94052175,-87.8363549
2,368937,-1,25,1,2,0,1,8,5,2,0,0,0,1,1,-1,-1,-1,-1,2033,-1,1,-1,-1,-1,-1,2,1,0,0,1,0,1,0,12,7,7,41.96913356,-87.65974336
0,368953,-1,40,0,0,0,1,2,3,8,0,0,0,1,-1,-1,-1,11,-1,1824,-1,-1,-1,-1,-1,-1,1,0,0,0,0,0,2,0,12,7,7,41.90790787,-87.62549988
3,368957,-1,30,2,2,0,1,0,2,-1,0,0,-1,1,1,-1,-1,0,-1,424,-1,-1,-1,-1,-1,-1,2,4,0,1,3,0,1,0,12,7,7,41.73006668,-87.54296419
0,368961,-1,30,0,0,0,1,12,6,4,0,0,0,0,-1,-1,-1,17,22,121,-1,1,-1,-1,-1,-1,2,0,0,0,0,0,5,0,12,7,7,41.88077386,-87.64247935
0,370560,-1,30,-1,-1,0,1,7,5,-1,0,0,0,0,-1,-1,1,0,0,1634,-1,-1,-1,-1,-1,-1,2,0,0,0,0,0,1,0,12,7,7,41.94292993,-87.74712336
0,368980,-1,30,0,0,0,1,10,2,2,0,0,-1,0,-1,-1,-1,0,0,1712,-1,-1,-1,-1,-1,-1,2,0,0,0,0,0,2,0,12,7,7,41.96848537,-87.71587133
0,368971,-1,30,1,2,0,1,14,2,4,0,0,0,0,1,-1,1,17,0,2222,-1,-1,-1,-1,-1,-1,2,0,0,0,0,0,2,0,12,7,7,41.73600657,-87.64534182
0,369315,1,30,12,12,0,1,7,0,1,0,0,0,1,-1,-1,1,0,-1,1831,-1,-1,-1,-1,-1,-1,3,0,0,0,0,0,1,0,12,7,7,41.89384487,-87.63676384
0,369017,1,5,0,0,0,1,7,7,0,0,0,0,0,-1,-1,1,0,0,2515,-1,-1,-1,-1,-1,-1,2,0,0,0,0,0,1,0,12,7,7,41.91860889,-87.76557448
0,368931,-1,15,0,0,0,1,0,12,-1,0,0,0,0,-1,-1,-1,17,-1,2512,-1,-1,-1,-1,-1,-1,2,0,0,0,0,0,2,0,12,7,7,41.92334339,-87.78315005
2,368939,-1,30,12,2,0,1,9,5,2,0,0,0,1,-1,-1,1,17,3,1935,-1,-1,-1,-1,-1,-1,2,1,0,0,1,0,1,0,11,7,7,41.93131828,-87.64442376
0,368932,-1,30,0,0,0,1,0,7,-1,0,0,0,0,-1,-1,-1,20,-1,1822,-1,-1,-1,-1,-1,-1,2,0,0,0,0,0,4,0,11,7,7,41.9037091,-87.64795184
0,368923,-1,30,0,0,0,1,12,5,2,0,0,0,0,-1,-1,-1,0,0,1235,-1,-1,-1,-1,-1,-1,2,0,0,0,0,0,2,0,11,7,7,41.85416202,-87.65941877