MOST_SEVERE_INJURY,RD_NO,CRASH_DATE_EST_I,POSTED_SPEED_LIMIT,TRAFFIC_CONTROL_DEVICE,DEVICE_CONDITION,WEATHER_CONDITION,LIGHTING_CONDITION,FIRST_CRASH_TYPE,TRAFFICWAY_TYPE,LANE_CNT,ALIGNMENT,ROADWAY_SURFACE_COND,ROAD_DEFECT,CRASH_TYPE,INTERSECTION_RELATED_I,NOT_RIGHT_OF_WAY_I,HIT_AND_RUN_I,PRIM_CONTRIBUTORY_CAUSE,SEC_CONTRIBUTORY_CAUSE,BEAT_OF_OCCURRENCE,PHOTOS_TAKEN_I,STATEMENTS_TAKEN_I,DOORING_I,WORK_ZONE_I,WORK_ZONE_TYPE,WORKERS_PRESENT_I,NUM_UNITS,INJURIES_TOTAL,INJURIES_FATAL,INJURIES_INCAPACITATING,INJURIES_NON_INCAPACITATING,INJURIES_REPORTED_NOT_EVIDENT,INJURIES_NO_INDICATION,INJURIES_UNKNOWN,CRASH_HOUR,CRASH_DAY_OF_WEEK,CRASH_MONTH,LATITUDE,LONGITUDE
0,369053,-1,30,1,-1,0,1,10,5,2,0,0,-1,0,-1,-1,1,18,-1,1935,-1,-1,-1,-1,-1,-1,3,0,0,0,0,0,3,0,11,7,7,41.9256097,-87.64591996
0,368981,-1,30,1,2,0,1,10,5,-1,0,0,0,0,1,-1,-1,0,0,1811,-1,-1,-1,-1,-1,-1,3,0,0,0,0,0,3,0,11,7,7,41.91869245,-87.6601377
0,368890,-1,30,1,2,0,1,14,5,4,0,0,-1,0,1,-1,-1,17,-1,834,-1,-1,-1,-1,-1,-1,2,0,0,0,0,0,2,0,11,7,7,41.74123841,-87.71449227
3,368833,-1,30,0,0,0,1,9,5,2,0,0,0,1,-1,-1,-1,17,-1,1932,-1,-1,-1,-1,-1,-1,2,1,0,1,0,0,1,0,11,7,7,41.92623307,-87.65007627
0,380172,-1,15,0,0,-1,1,7,0,-1,0,-1,-1,0,-1,-1,-1,0,0,2013,-1,-1,-1,-1,-1,-1,2,0,0,0,0,0,1,0,11,7,7,41.98493908,-87.66244717
0,368944,-1,35,12,0,0,1,8,12,-1,0,0,0,0,-1,-1,-1,11,0,711,-1,-1,-1,-1,-1,-1,2,0,0,0,0,0,2,0,11,7,7,41.79419949,-87.63192548
0,368915,-1,20,0,0,0,1,11,2,-1,0,0,0,0,-1,-1,-1,-1,-1,2514,-1,-1,-1,-1,-1,-1,2,0,0,0,0,0,3,0,11,7,7,41.9292542,-87.7721943
0,369589,-1,30,0,0,0,1,10,6,-1,0,0,0,0,-1,-1,-1,20,0,931,-1,-1,-1,-1,-1,-1,2,0,0,0,0,0,4,0,11,7,7,41.80848825,-87.66753974
0,368862,-1,20,0,0,0,1,7,5,-1,0,0,0,0,-1,-1,-1,20,-1,233,-1,-1,-1,-1,-1,-1,2,0,0,0,0,0,1,0,11,7,7,41.79952433,-87.6004475
0,368884,-1,30,1,0,0,1,10,5,-1,0,0,0,0,-1,-1,1,16,17,2534,-1,-1,-1,-1,-1,-1,2,0,0,0,0,0,2,0,11,7,7,41.91707067,-87.72670089
0,369128,-1,30,0,0,0,1,10,6,1,0,0,0,0,-1,-1,1,0,0,1522,-1,-1,-1,-1,-1,-1,3,0,0,0,0,0,2,0,11,7,7,41.88088644,-87.75889832
0,371233,-1,20,0,0,0,1,7,6,-1,0,0,0,0,-1,-1,1,0,0,1135,-1,-1,-1,-1,-1,-1,2,0,0,0,0,0,1,0,11,7,7,41.87446272,-87.69047203
0,369071,-1,30,0,0,0,1,7,6,1,0,0,0,0,-1,-1,1,0,0,1131,-1,-1,-1,-1,-1,-1,2,0,0,0,0,0,1,0,11,7,7,41.87472832,-87.73757164
0,368892,-1,30,1,2,0,1,14,5,-1,0,0,0,0,-1,-1,-1,0,0,1031,-1,-1,-1,-1,-1,-1,2,0,0,0,0,0,7,0,11,7,7,41.836793,-87.72420194
0,368888,-1,35,0,0,-1,1,7,5,-1,0,0,0,0,-1,-1,-1,0,0,933,-1,-1,-1,-1,-1,-1,2,0,0,0,0,0,1,0,11,7,7,41.80340819,-87.65312954
0,368838,-1,30,1,0,0,1,12,5,2,0,0,0,0,-1,-1,-1,0,0,225,-1,-1,-1,-1,-1,-1,2,0,0,0,0,0,2,0,11,7,7,-1,-1
0,368818,-1,30,0,0,0,1,7,6,1,0,0,0,0,-1,-1,-1,0,-1,1234,-1,-1,-1,-1,-1,-1,2,0,0,0,0,0,2,0,11,7,7,41.85575707,-87.67369258
-1,368887,-1,30,0,0,0,1,7,0,-1,0,0,-1,1,-1,1,1,0,0,624,-1,-1,-1,-1,-1,-1,2,-1,-1,-1,-1,-1,-1,-1,10,7,7,41.75350466,-87.61391766
0,368878,-1,30,1,2,0,1,10,6,1,0,0,0,0,-1,-1,1,0,0,815,-1,-1,-1,-1,-1,-1,2,0,0,0,0,0,2,0,10,7,7,41.8236171,-87.72421142
0,368875,-1,30,0,0,0,1,12,3,-1,0,0,0,0,-1,-1,-1,0,-1,2233,-1,-1,-1,-1,-1,-1,2,0,0,0,0,0,5,0,10,7,7,41.70433062,-87.64260784
1,368860,-1,30,2,2,0,1,10,5,-1,0,0,0,1,-1,-1,-1,16,0,1935,-1,-1,-1,-1,-1,-1,2,1,0,0,0,1,3,0,10,7,7,41.92574498,-87.63742296
0,368834,-1,30,1,2,0,1,12,6,3,0,0,0,0,-1,-1,-1,17,11,2232,-1,-1,-1,-1,-1,-1,2,0,0,0,0,0,2,0,10,7,7,41.71432334,-87.64306671
2,368827,-1,30,2,2,0,1,10,5,4,0,0,0,1,1,-1,-1,16,-1,632,1,1,-1,-1,-1,-1,2,1,0,0,1,0,3,0,10,7,7,41.74024424,-87.61477411
0,368815,-1,30,2,2,0,1,0,2,-1,0,0,0,0,1,-1,-1,17,-1,821,-1,-1,-1,-1,-1,-1,2,0,0,0,0,0,3,0,10,7,7,41.81553542,-87.70430578
0,368900,-1,30,0,0,0,1,7,5,2,0,0,0,0,-1,-1,1,20,-1,212,0,-1,-1,-1,-1,-1,2,0,0,0,0,0,1,0,10,7,7,41.8296333,-87.61915476
0,369876,-1,25,0,0,0,3,10,5,-1,0,0,0,0,-1,-1,-1,17,17,1834,-1,-1,-1,-1,-1,-1,2,0,0,0,0,0,2,0,10,7,7,41.89105524,-87.62789763
0,369805,-1,10,0,0,0,1,7,5,-1,0,0,0,0,-1,-1,-1,16,0,611,-1,-1,-1,-1,-1,-1,2,0,0,0,0,0,1,0,10,7,7,41.75670804,-87.66374071
0,368830,-1,30,0,0,0,1,14,2,-1,0,0,0,0,-1,-1,-1,17,23,1613,-1,-1,-1,-1,-1,-1,2,0,0,0,0,0,2,0,10,7,7,41.97171932,-87.80694291
0,368922,-1,30,1,2,0,1,12,6,3,0,0,0,0,0,-1,1,22,22,2232,-1,1,-1,-1,-1,-1,2,0,0,0,0,0,2,0,10,7,7,41.71411887,-87.64314541
0,368826,-1,10,0,0,0,1,0,7,2,0,0,0,0,-1,1,-1,0,0,1613,-1,-1,-1,-1,-1,-1,2,0,0,0,0,0,2,0,10,7,7,41.98020323,-87.80683112
0,369008,-1,30,-1,-1,0,1,12,2,4,0,0,0,0,-1,-1,1,21,18,832,-1,-1,-1,-1,-1,-1,2,0,0,0,0,0,2,0,10,7,7,41.76558357,-87.68312028
0,368972,-1,30,1,2,0,1,10,5,-1,0,0,0,0,-1,-1,-1,18,0,2413,-1,-1,-1,-1,-1,-1,2,0,0,0,0,0,2,0,10,7,7,41.99051232,-87.7062028
1,368778,-1,30,0,0,0,1,0,5,-1,0,0,0,1,-1,-1,-1,17,0,1033,-1,-1,-1,-1,-1,-1,2,1,0,0,0,1,1,0,10,7,7,41.83942326,-87.70473996
0,368745,-1,30,0,0,0,1,0,5,2,0,0,0,0,-1,-1,-1,-1,-1,1233,-1,-1,-1,-1,-1,-1,2,0,0,0,0,0,2,0,9,7,7,41.85855111,-87.66039149
0,374045,-1,30,0,0,-1,-1,7,6,1,0,-1,-1,0,-1,-1,-1,0,0,1935,-1,-1,-1,-1,-1,-1,2,0,0,0,0,0,1,0,9,7,7,41.92798626,-87.64579507
0,368812,-1,30,1,2,0,1,10,5,2,0,0,0,0,1,-1,-1,18,11,624,-1,-1,-1,-1,-1,-1,2,0,0,0,0,0,2,0,9,7,7,41.75687183,-87.60511354
0,369100,-1,30,0,0,0,1,14,6,-1,0,0,-1,0,-1,-1,-1,17,-1,122,-1,-1,-1,-1,-1,-1,2,0,0,0,0,0,3,0,9,7,7,41.87947786,-87.63531103
0,368762,-1,25,0,0,0,1,7,5,-1,0,0,0,0,-1,-1,-1,12,-1,2532,-1,-1,-1,-1,-1,-1,2,0,0,0,0,0,1,0,9,7,7,41.91451975,-87.76174476
0,368746,-1,30,0,0,0,1,7,5,-1,0,0,0,0,-1,-1,1,0,-1,2211,-1,-1,-1,-1,-1,-1,2,0,0,0,0,0,1,0,9,7,7,41.69708726,-87.71832696
0,368724,-1,30,6,2,0,1,10,5,2,0,0,0,0,-1,-1,-1,22,0,813,-1,-1,-1,-1,-1,-1,2,0,0,0,0,0,3,0,9,7,7,41.77834874,-87.73978338
0,368725,-1,30,0,2,0,1,10,5,2,0,0,0,0,-1,-1,-1,18,-1,1811,-1,1,-1,-1,-1,-1,2,0,0,0,0,0,2,0,9,7,7,41.9170017,-87.6593945
0,371946,-1,25,0,0,0,1,7,6,-1,0,0,0,0,-1,-1,-1,11,33,1832,-1,-1,-1,-1,-1,-1,2,0,0,0,0,0,1,0,9,7,7,41.89785903,-87.63143776
0,368742,-1,30,0,0,0,1,2,6,1,0,0,0,1,-1,-1,1,25,-1,512,-1,-1,-1,-1,-1,-1,1,0,0,0,0,0,1,0,9,7,7,41.70336993,-87.62647867
0,368789,1,30,0,0,0,-1,7,6,1,0,-1,0,0,-1,-1,1,0,0,214,-1,-1,-1,-1,-1,-1,2,0,0,0,0,0,1,0,9,7,7,41.81899178,-87.60205363
0,368741,-1,30,0,0,0,1,12,6,1,0,0,0,0,-1,-1,-1,-1,-1,824,-1,-1,-1,-1,-1,-1,2,0,0,0,0,0,2,0,9,7,7,41.79090016,-87.69235414
0,375609,-1,30,0,0,0,1,7,7,-1,0,0,0,0,-1,1,1,18,0,1814,-1,-1,-1,-1,-1,-1,2,0,0,0,0,0,1,0,9,7,7,41.92111053,-87.63657755
0,369226,-1,30,0,0,0,1,10,2,4,0,0,0,0,-1,-1,-1,18,-1,2033,-1,-1,-1,-1,-1,-1,2,0,0,0,0,0,2,0,9,7,7,41.96914762,-87.6588631
0,368808,-1,30,0,0,0,1,7,5,-1,0,0,0,0,-1,-1,-1,0,-1,1234,-1,-1,-1,-1,-1,-1,2,0,0,0,0,0,1,0,9,7,7,41.85676314,-87.67856586
0,368723,-1,0,0,0,0,1,7,7,-1,0,0,0,0,-1,1,1,20,-1,924,-1,-1,-1,-1,-1,-1,2,0,0,0,0,0,2,0,9,7,7,41.81050979,-87.66516926
0,368711,-1,30,0,0,0,-1,7,5,2,0,0,0,1,-1,-1,1,0,33,2523,-1,-1,-1,-1,-1,-1,2,0,0,0,0,0,1,0,8,7,7,41.9361205,-87.72030883
2,368698,-1,30,0,0,0,1,8,2,2,0,0,0,1,-1,-1,-1,21,11,1122,-1,-1,-1,-1,-1,-1,2,1,0,0,1,0,3,0,8,7,7,41.88068044,-87.7255224
0,368703,-1,30,0,0,0,1,11,5,2,0,0,0,0,-1,-1,-1,20,0,2011,-1,-1,-1,-1,-1,-1,2,0,0,0,0,0,2,0,8,7,7,41.97945179,-87.69432075
0,368702,-1,5,0,0,0,1,0,7,-1,0,0,0,0,-1,-1,-1,-1,-1,1811,-1,1,-1,-1,-1,-1,2,0,0,0,0,0,2,0,8,7,7,41.92070429,-87.66292326
0,368693,-1,30,1,2,0,1,10,5,1,0,0,0,0,0,-1,0,18,-1,321,-1,-1,-1,-1,-1,-1,2,0,0,0,0,0,2,0,8,7,7,41.77334651,-87.59596507
0,368684,-1,30,0,0,0,-1,7,6,1,0,0,-1,0,-1,-1,1,0,-1,1021,-1,-1,-1,-1,-1,-1,2,0,0,0,0,0,1,0,8,7,7,41.8580785,-87.71045364
3,368681,-1,30,1,2,0,1,0,5,-1,0,0,0,1,1,-1,-1,14,6,1532,-1,-1,-1,-1,-1,-1,2,2,0,1,1,0,0,0,8,7,7,41.88187971,-87.74548925
0,368686,-1,30,0,0,0,1,10,5,4,0,0,0,0,-1,-1,-1,18,-1,815,-1,-1,-1,-1,-1,-1,3,0,0,0,0,0,3,0,8,7,7,41.81608067,-87.74322653
0,368679,-1,35,0,0,0,1,12,7,-1,2,0,0,0,-1,-1,-1,18,18,2232,-1,1,-1,-1,-1,-1,2,0,0,0,0,0,2,0,7,7,7,41.71411887,-87.64314541
0,368682,-1,0,0,0,0,1,7,5,-1,0,0,0,0,-1,-1,-1,27,-1,2234,-1,-1,-1,-1,-1,-1,2,0,0,0,0,0,1,0,7,7,7,41.69448123,-87.64746143
0,368661,-1,25,2,2,0,1,10,6,-1,0,0,3,0,-1,-1,-1,0,0,1723,-1,-1,-1,-1,-1,-1,2,0,0,0,0,0,2,0,7,7,7,41.95726394,-87.72196829
0,370797,1,30,0,0,0,1,2,5,2,0,0,0,0,-1,-1,-1,11,8,2533,-1,-1,-1,-1,-1,-1,1,0,0,0,0,0,1,0,7,7,7,41.91068157,-87.74074764
0,368685,-1,30,1,2,0,1,14,5,2,0,0,0,0,1,-1,-1,22,22,2233,-1,-1,-1,-1,-1,-1,2,0,0,0,0,0,2,0,7,7,7,41.6922493,-87.64373993
0,368672,-1,30,0,0,0,1,11,3,-1,2,0,0,0,-1,-1,1,10,16,114,-1,-1,-1,-1,-1,-1,2,0,0,0,0,0,2,0,7,7,7,41.88791004,-87.62080356
0,368665,-1,25,0,0,0,1,7,6,1,0,0,0,0,-1,-1,1,0,0,822,-1,-1,-1,-1,-1,-1,2,0,0,0,0,0,1,0,7,7,7,41.79755002,-87.70720167
0,368916,-1,30,0,0,0,1,7,2,-1,0,0,0,0,-1,-1,0,21,-1,914,-1,-1,-1,-1,-1,-1,1,0,0,0,0,0,2,0,7,7,7,41.84193625,-87.642881
0,372002,-1,30,10,2,0,1,10,2,-1,0,0,0,0,1,-1,-1,0,0,2411,-1,-1,-1,-1,-1,-1,2,0,0,0,0,0,2,0,7,7,7,42.01212641,-87.7021069
0,368640,-1,30,0,0,0,1,12,6,2,0,0,1,0,-1,-1,-1,25,21,1833,-1,-1,-1,-1,-1,-1,2,0,0,0,0,0,3,0,7,7,7,41.90014029,-87.62271101
0,371395,-1,30,0,0,0,1,0,12,-1,0,0,0,0,-1,-1,-1,17,-1,1031,-1,-1,-1,-1,-1,-1,2,0,0,0,0,0,2,0,6,7,7,41.84396474,-87.73047676
0,368637,-1,30,0,0,0,1,7,6,1,0,0,0,1,-1,-1,1,0,16,1132,-1,-1,-1,-1,-1,-1,2,0,0,0,0,0,1,0,6,7,7,41.87508173,-87.73149385
0,368660,-1,20,0,0,0,1,7,6,1,0,0,0,0,-1,-1,1,0,-1,815,-1,-1,-1,-1,-1,-1,2,0,0,0,0,0,1,0,6,7,7,41.80574908,-87.73072351
1,368612,-1,30,2,2,0,1,2,2,4,0,0,0,1,1,1,-1,23,16,921,-1,-1,-1,-1,-1,-1,1,1,0,0,0,1,0,0,5,7,7,41.82071628,-87.69321081
0,368643,-1,30,0,0,0,1,7,2,2,2,0,0,1,-1,-1,1,25,16,1214,-1,-1,-1,-1,-1,-1,2,0,0,0,0,0,1,0,5,7,7,41.89637817,-87.64789119
0,368713,-1,30,0,0,0,2,2,7,-1,0,0,0,0,-1,-1,-1,14,0,1433,-1,-1,-1,-1,-1,-1,1,0,0,0,0,0,1,0,5,7,7,41.9062437,-87.66986228
0,368752,-1,20,0,0,0,0,7,6,-1,0,0,0,0,-1,-1,1,0,0,1411,-1,-1,-1,-1,-1,-1,2,0,0,0,0,0,1,0,4,7,7,41.93585359,-87.69766512
2,368590,-1,30,2,0,0,3,0,5,-1,0,0,0,1,1,-1,1,0,-1,1113,-1,-1,-1,-1,-1,-1,2,3,0,0,2,1,2,0,4,7,7,41.8817406,-87.74239021
0,368575,-1,30,2,2,0,3,0,5,-1,0,0,0,1,1,-1,-1,5,0,813,-1,-1,-1,-1,-1,-1,2,0,0,0,0,0,2,0,4,7,7,41.79305823,-87.72943266
0,368706,1,30,2,2,0,3,7,2,4,0,0,0,1,1,-1,1,0,0,2024,-1,-1,-1,-1,-1,-1,3,0,0,0,0,0,1,0,4,7,7,41.96992172,-87.6546941
0,368594,-1,10,0,0,0,3,7,7,-1,0,0,0,0,-1,-1,1,20,0,2011,-1,-1,-1,-1,-1,-1,2,0,0,0,0,0,3,0,4,7,7,41.98186604,-87.69283406
0,368584,-1,30,1,2,0,3,14,5,4,0,0,0,1,1,-1,1,0,0,935,-1,-1,-1,-1,-1,-1,2,0,0,0,0,0,2,0,4,7,7,41.801695,-87.63199102
0,368576,-1,30,1,1,0,3,10,5,-1,0,0,0,0,1,-1,1,18,-1,833,-1,-1,-1,-1,-1,-1,2,0,0,0,0,0,3,0,4,7,7,41.76400775,-87.72249911
0,368568,-1,30,0,0,0,3,12,12,4,0,-1,-1,0,-1,-1,1,0,0,1814,-1,-1,-1,-1,-1,-1,2,0,0,0,0,0,3,0,3,7,7,41.91286442,-87.63329265
0,368602,-1,45,1,2,0,3,10,2,6,0,0,0,1,1,-1,-1,27,16,114,-1,-1,-1,-1,-1,-1,2,0,0,0,0,0,2,0,3,7,7,41.87575626,-87.61751568
0,368586,-1,30,1,2,0,3,2,5,4,0,0,0,0,-1,-1,-1,11,-1,123,-1,-1,-1,-1,-1,-1,1,0,0,0,0,0,3,0,3,7,7,41.87531466,-87.62776685
2,368560,-1,45,0,0,0,3,12,3,4,0,0,0,1,-1,-1,-1,27,16,214,-1,-1,-1,-1,-1,-1,2,1,0,0,1,0,1,0,3,7,7,41.81997053,-87.59774866
0,371870,-1,30,0,0,0,2,7,5,-1,0,0,0,0,-1,-1,1,-1,-1,922,-1,-1,-1,-1,-1,-1,2,0,0,0,0,0,1,0,3,7,7,41.81194522,-87.6895723
2,368599,-1,20,0,0,0,2,7,5,2,0,0,0,1,-1,-1,-1,0,0,212,-1,-1,-1,-1,-1,-1,2,1,0,0,1,0,0,0,3,7,7,41.82508072,-87.6193542
0,382330,1,30,0,0,0,1,7,5,-1,0,-1,-1,0,1,-1,-1,0,0,1915,-1,-1,-1,-1,-1,-1,2,0,0,0,0,0,1,0,3,7,7,41.95786104,-87.65248955
0,369309,-1,20,0,0,0,0,7,6,-1,0,1,0,0,-1,-1,1,0,0,1712,-1,-1,-1,-1,-1,-1,2,0,0,0,0,0,1,0,3,7,7,41.96926888,-87.72428393
0,368540,-1,30,0,-1,0,3,2,5,-1,0,0,-1,1,-1,-1,1,0,-1,1111,-1,-1,-1,-1,-1,-1,1,0,0,0,0,0,1,0,2,7,7,41.89411569,-87.73981243
2,368527,-1,35,1,2,0,3,14,5,-1,0,0,0,1,1,-1,-1,6,16,1533,-1,-1,-1,-1,-1,-1,2,2,0,0,1,1,2,0,2,7,7,41.88054285,-87.75029823
0,368511,-1,35,0,0,0,3,11,5,2,0,0,0,0,-1,-1,1,10,21,1412,-1,-1,-1,-1,-1,-1,2,0,0,0,0,0,2,0,2,7,7,41.92901504,-87.71696459
0,368538,-1,30,1,2,0,3,14,5,3,0,0,0,1,1,-1,-1,17,16,1414,-1,-1,-1,-1,-1,-1,2,0,0,0,0,0,2,0,2,7,7,41.92585746,-87.70239784
0,445249,1,20,0,0,0,3,7,6,-1,0,-1,0,0,-1,-1,1,0,-1,921,-1,-1,-1,-1,-1,-1,2,0,0,0,0,0,1,0,2,7,7,41.81682284,-87.69093309
0,368515,-1,25,0,0,0,3,2,6,1,0,0,0,0,-1,-1,1,0,0,1732,-1,-1,-1,-1,-1,-1,1,0,0,0,0,0,1,0,2,7,7,41.9447532,-87.71829313
0,368512,-1,30,0,0,0,3,7,5,-1,0,0,0,1,-1,-1,1,0,-1,823,-1,-1,-1,-1,-1,-1,2,0,0,0,0,0,1,0,2,7,7,41.7798691,-87.71528412
0,368492,-1,30,-1,-1,1,3,10,5,2,0,0,-1,0,-1,-1,-1,0,0,334,-1,-1,-1,-1,-1,-1,2,0,0,0,0,0,2,0,1,7,7,41.76080738,-87.56169463
0,368523,-1,15,-1,0,0,3,10,7,1,0,0,-1,0,-1,-1,1,20,33,2512,-1,-1,-1,-1,-1,-1,2,0,0,0,0,0,2,0,1,7,7,41.92375371,-87.78957064
2,368506,-1,30,0,0,0,3,14,12,-1,0,0,0,1,-1,-1,1,0,0,1112,-1,-1,-1,-1,-1,-1,3,1,0,0,1,0,3,0,1,7,7,41.89530385,-87.7211291
0,368504,-1,30,0,0,0,3,2,5,-1,3,0,0,1,1,-1,-1,15,11,913,-1,-1,-1,-1,-1,-1,1,0,0,0,0,0,2,0,1,7,7,41.84243897,-87.66330843
0,368493,-1,30,0,0,0,3,12,5,2,0,0,0,0,-1,-1,1,15,14,1814,-1,-1,-1,-1,-1,-1,2,0,0,0,0,0,2,0,1,7,7,41.91905085,-87.63484395
3,368478,-1,40,0,0,0,3,10,3,8,5,0,0,1,-1,-1,-1,15,18,132,-1,-1,-1,-1,-1,-1,2,2,0,1,1,0,1,0,1,7,7,41.85295492,-87.61353407
0,368474,-1,30,0,0,0,3,7,6,1,0,0,0,0,-1,-1,-1,20,-1,321,-1,-1,-1,-1,-1,-1,2,0,0,0,0,0,1,0,1,7,7,41.77484643,-87.60720896
0,369244,-1,30,0,0,0,0,7,6,3,0,0,0,0,-1,-1,1,0,0,1031,-1,-1,-1,-1,-1,-1,2,0,0,0,0,0,1,0,1,7,7,41.8403544,-87.73253683
0,368467,-1,30,0,0,0,0,12,6,1,0,0,0,0,-1,-1,-1,20,-1,1014,-1,-1,-1,-1,-1,-1,2,0,0,0,0,0,2,0,0,7,7,41.85494261,-87.72124164
0,368468,-1,30,0,0,0,3,7,5,-1,0,0,0,0,-1,-1,1,0,0,533,-1,-1,-1,-1,-1,-1,2,0,0,0,0,0,1,0,0,7,7,41.65390317,-87.59763451
0,368446,-1,30,1,2,0,3,10,5,2,0,0,0,0,-1,-1,0,0,0,1014,-1,-1,-1,-1,-1,-1,2,0,0,0,0,0,2,0,0,7,7,41.8546457,-87.71520625
0,371097,-1,25,0,0,0,0,7,5,1,0,0,0,0,-1,-1,1,14,-1,1433,-1,-1,-1,-1,-1,-1,2,0,0,0,0,0,1,0,0,7,7,41.90735408,-87.6713428
0,368423,-1,50,1,0,0,3,14,5,-1,0,0,-1,0,-1,-1,1,23,17,1024,-1,-1,-1,-1,-1,-1,2,0,0,0,0,0,2,0,0,7,7,41.85156086,-87.71073393
3,368415,-1,30,1,2,0,3,0,2,-1,0,0,3,1,1,-1,-1,17,16,1733,-1,-1,-1,-1,-1,-1,2,1,0,1,0,0,1,0,0,7,7,41.93943259,-87.69797177
0,368390,-1,30,0,0,0,3,2,5,-1,1,0,0,1,-1,-1,-1,25,0,2213,-1,-1,-1,-1,-1,-1,1,0,0,0,0,0,1,0,0,7,7,41.7066732,-87.67061884
0,372085,1,20,0,0,-1,-1,7,6,1,0,0,0,1,-1,-1,1,0,0,833,-1,-1,-1,-1,-1,-1,2,0,0,0,0,0,1,0,0,7,7,41.77371711,-87.72399936
0,369191,-1,30,1,2,0,3,0,5,-1,0,0,-1,0,-1,-1,-1,6,-1,1623,-1,-1,-1,-1,-1,-1,2,0,0,0,0,0,2,0,0,7,7,41.96813296,-87.74805319
0,368628,-1,30,0,0,0,-1,2,12,-1,0,0,0,0,-1,1,1,0,-1,923,-1,-1,-1,-1,-1,-1,1,0,0,0,0,0,1,0,0,7,7,41.79513774,-87.68602011
0,369007,-1,35,-1,-1,0,3,11,3,-1,0,0,-1,0,1,-1,1,-1,-1,231,-1,-1,-1,-1,-1,-1,2,0,0,0,0,0,2,0,0,7,7,41.80202315,-87.61627184
0,368408,-1,30,0,0,0,3,12,5,1,0,0,0,0,-1,-1,-1,22,0,1212,-1,-1,-1,-1,-1,-1,2,0,0,0,0,0,2,0,23,6,7,41.90297922,-87.67710453
0,368400,-1,30,0,0,0,3,12,5,2,0,0,0,0,-1,-1,-1,21,17,1812,-1,-1,1,-1,-1,-1,3,0,0,0,0,0,3,0,23,6,7,41.92336295,-87.64563775
0,368384,-1,30,-1,-1,0,3,10,5,4,0,0,0,0,-1,-1,1,18,-1,133,-1,-1,-1,-1,-1,-1,2,0,0,0,0,0,3,0,23,6,7,41.84743015,-87.62385344
0,368561,1,30,0,0,0,3,7,7,-1,0,0,0,0,-1,1,1,16,0,2011,-1,-1,-1,-1,-1,-1,2,0,0,0,0,0,1,0,23,6,7,41.97612112,-87.68930732
0,368437,-1,30,1,2,0,3,12,3,4,0,0,0,1,-1,-1,1,22,-1,1133,-1,-1,-1,-1,-1,-1,2,0,0,0,0,0,2,0,23,6,7,41.87443931,-87.71965558
0,368413,-1,20,0,-1,0,3,7,6,1,0,0,0,1,-1,-1,-1,32,16,1011,-1,1,-1,-1,-1,-1,3,0,0,0,0,0,1,0,23,6,7,41.86413796,-87.73196708
0,368382,-1,35,1,2,0,3,14,5,-1,2,0,0,1,1,-1,-1,17,32,2515,-1,-1,-1,-1,-1,-1,2,0,0,0,0,0,2,0,23,6,7,41.91887028,-87.76577516
0,368374,0,30,1,2,0,3,14,5,2,0,0,0,1,-1,-1,-1,21,17,1922,-1,-1,-1,-1,-1,-1,2,0,0,0,0,0,3,0,23,6,7,41.9432951,-87.66890905
2,368372,-1,30,1,2,0,3,14,5,6,0,0,0,1,1,-1,-1,17,33,1231,-1,1,-1,-1,-1,-1,2,6,0,0,6,0,0,0,23,6,7,41.87633286,-87.66681112
0,368406,-1,30,2,2,0,3,12,5,4,0,0,0,0,-1,-1,-1,0,-1,621,-1,-1,-1,-1,-1,-1,2,0,0,0,0,0,3,0,23,6,7,41.7562244,-87.64180344
0,368375,-1,30,1,2,0,3,11,5,4,0,0,-1,1,1,-1,-1,0,0,2533,-1,-1,-1,-1,-1,-1,2,0,0,0,0,0,4,0,23,6,7,41.9097883,-87.73640467
2,368366,-1,35,0,0,0,3,9,2,4,0,12,1,1,-1,-1,-1,25,25,2524,-1,-1,-1,-1,-1,-1,2,1,0,0,1,0,2,0,23,6,7,41.9246824,-87.71950184
3,359766,-1,30,12,-1,0,3,11,3,-1,0,0,-1,1,0,-1,-1,10,-1,225,-1,-1,-1,-1,-1,-1,2,1,0,1,0,0,2,0,23,6,7,41.79426034,-87.62422442
0,370829,-1,20,0,0,0,0,7,6,-1,0,0,0,0,-1,-1,1,0,-1,1622,-1,-1,-1,-1,-1,-1,2,0,0,0,0,0,1,0,23,6,7,41.96596784,-87.77503318
0,368824,-1,25,0,0,0,1,7,6,1,0,0,0,0,-1,-1,1,0,-1,921,-1,-1,-1,-1,-1,-1,2,0,0,0,0,0,1,0,23,6,7,41.81708167,-87.68821201
0,368747,-1,30,1,2,0,3,3,5,2,0,0,0,1,-1,-1,1,0,0,524,-1,-1,-1,-1,-1,-1,2,0,0,0,0,0,2,0,23,6,7,41.6775002,-87.65657733
3,368401,-1,35,1,2,0,3,8,2,-1,0,0,0,1,1,-1,1,25,19,1235,1,-1,-1,-1,-1,-1,2,1,0,1,0,0,1,0,23,6,7,41.85275518,-87.64657986
0,377953,-1,30,0,0,0,3,7,5,2,0,0,-1,0,-1,-1,0,0,-1,921,-1,-1,-1,-1,-1,-1,2,0,0,0,0,0,3,0,22,6,7,41.82124158,-87.68491883
2,368378,-1,30,0,0,0,0,8,5,2,0,0,0,1,-1,-1,1,23,-1,1014,-1,-1,-1,-1,-1,-1,2,1,0,0,1,0,1,0,22,6,7,41.85174222,-87.71758667
2,368333,1,30,0,0,0,4,0,6,-1,0,0,0,1,-1,-1,-1,17,-1,923,-1,-1,-1,-1,-1,-1,2,1,0,0,1,0,2,0,22,6,7,41.79755531,-87.68774579