MOST_SEVERE_INJURY,RD_NO,CRASH_DATE_EST_I,POSTED_SPEED_LIMIT,TRAFFIC_CONTROL_DEVICE,DEVICE_CONDITION,WEATHER_CONDITION,LIGHTING_CONDITION,FIRST_CRASH_TYPE,TRAFFICWAY_TYPE,LANE_CNT,ALIGNMENT,ROADWAY_SURFACE_COND,ROAD_DEFECT,CRASH_TYPE,INTERSECTION_RELATED_I,NOT_RIGHT_OF_WAY_I,HIT_AND_RUN_I,PRIM_CONTRIBUTORY_CAUSE,SEC_CONTRIBUTORY_CAUSE,BEAT_OF_OCCURRENCE,PHOTOS_TAKEN_I,STATEMENTS_TAKEN_I,DOORING_I,WORK_ZONE_I,WORK_ZONE_TYPE,WORKERS_PRESENT_I,NUM_UNITS,INJURIES_TOTAL,INJURIES_FATAL,INJURIES_INCAPACITATING,INJURIES_NON_INCAPACITATING,INJURIES_REPORTED_NOT_EVIDENT,INJURIES_NO_INDICATION,INJURIES_UNKNOWN,CRASH_HOUR,CRASH_DAY_OF_WEEK,CRASH_MONTH,LATITUDE,LONGITUDE
0,368354,-1,30,1,2,0,3,12,6,3,0,0,-1,0,-1,-1,-1,21,0,112,-1,-1,-1,-1,-1,-1,2,0,0,0,0,0,2,0,22,6,7,41.88083072,-87.62929061
0,368361,-1,30,0,0,0,0,7,12,-1,3,0,0,0,-1,-1,-1,7,0,1133,-1,-1,-1,-1,-1,-1,2,0,0,0,0,0,1,0,22,6,7,41.87003913,-87.71638473
2,368332,-1,30,1,2,0,3,14,5,2,0,0,0,1,1,-1,1,17,-1,423,-1,-1,-1,-1,-1,-1,2,1,0,0,1,0,2,0,22,6,7,41.73728557,-87.55157514
0,368328,-1,30,1,2,0,3,10,5,-1,0,0,-1,0,-1,-1,-1,0,0,1924,-1,-1,-1,-1,-1,-1,2,0,0,0,0,0,5,0,22,6,7,41.94707703,-87.65678987
0,379161,-1,20,0,0,-1,2,5,7,-1,0,-1,-1,0,-1,1,-1,-1,-1,311,-1,-1,-1,-1,-1,-1,1,0,0,0,0,0,3,0,22,6,7,41.78510373,-87.61912668
0,368338,-1,30,-1,-1,0,4,12,6,3,0,0,-1,0,-1,-1,-1,17,22,121,-1,-1,-1,-1,-1,-1,2,0,0,0,0,0,2,0,22,6,7,41.88380025,-87.64286349
-1,368331,-1,35,1,2,0,4,0,2,4,2,0,0,1,1,-1,-1,32,6,915,-1,-1,-1,-1,-1,-1,-1,-1,-1,-1,-1,-1,-1,-1,21,6,7,41.8237543,-87.63140286
0,368719,-1,30,1,2,0,3,14,5,2,0,0,0,0,1,-1,1,23,22,1634,-1,-1,-1,-1,-1,-1,2,0,0,0,0,0,2,0,21,6,7,41.93887227,-87.75191489
0,368305,-1,30,1,2,0,0,14,5,2,0,0,0,1,-1,-1,-1,17,17,815,-1,-1,-1,-1,-1,-1,2,0,0,0,0,0,2,0,21,6,7,41.80777234,-87.74300791
0,368650,-1,30,1,2,0,3,10,2,2,0,0,0,0,-1,-1,-1,18,0,2221,-1,-1,-1,-1,-1,-1,2,0,0,0,0,0,2,0,21,6,7,41.72471292,-87.68203513
0,368394,1,30,-1,-1,-1,3,7,5,2,0,-1,-1,0,-1,-1,-1,0,0,324,-1,-1,-1,-1,-1,-1,2,0,0,0,0,0,1,0,21,6,7,41.76248871,-87.59013463
0,368252,-1,30,1,2,0,3,14,2,-1,0,0,0,0,-1,-1,-1,0,-1,1232,-1,-1,-1,-1,-1,-1,2,0,0,0,0,0,2,0,21,6,7,41.86768306,-87.64706703
1,368268,-1,30,0,0,0,3,7,6,1,0,0,0,1,-1,-1,-1,0,0,1031,-1,-1,-1,-1,-1,-1,4,2,0,0,0,2,0,0,21,6,7,41.84089122,-87.72065242
0,368277,-1,30,0,0,0,0,10,5,2,0,0,0,0,1,-1,-1,20,0,714,-1,-1,-1,-1,-1,-1,2,0,0,0,0,0,6,0,21,6,7,41.78138793,-87.66541598
0,368270,-1,10,0,0,0,0,12,5,-1,0,0,0,0,-1,-1,-1,0,0,813,-1,-1,-1,-1,-1,-1,2,0,0,0,0,0,3,0,20,6,7,41.78623106,-87.72311775
0,368242,-1,25,0,0,0,3,7,6,1,0,0,-1,0,-1,-1,-1,0,0,1532,-1,-1,-1,-1,-1,-1,2,0,0,0,0,0,1,0,20,6,7,41.88870152,-87.75277899
0,387720,-1,40,0,0,0,3,5,5,-1,0,0,0,0,-1,-1,-1,-1,-1,412,-1,-1,-1,-1,-1,-1,1,0,0,0,0,0,1,0,20,6,7,41.73543017,-87.56695992
0,368234,-1,30,1,2,0,3,14,2,0,2,0,0,1,1,-1,-1,0,-1,1214,-1,-1,-1,-1,-1,-1,2,0,0,0,0,0,2,0,20,6,7,41.88907451,-87.64448187
0,368241,-1,30,1,2,0,1,14,12,2,0,0,0,0,0,-1,-1,23,11,121,-1,-1,-1,-1,-1,-1,2,0,0,0,0,0,2,0,20,6,7,41.88437799,-87.63965383
2,368792,-1,30,0,0,0,1,10,5,4,0,0,0,1,-1,-1,-1,18,0,1711,-1,-1,-1,-1,-1,-1,2,2,0,0,1,1,1,0,20,6,7,41.98753831,-87.72840964
0,368218,-1,15,0,0,0,4,7,0,-1,0,0,0,1,-1,-1,0,25,25,1522,-1,-1,-1,-1,-1,-1,2,0,0,0,0,0,2,0,20,6,7,41.88179888,-87.76476237
0,371288,-1,30,0,0,-1,-1,7,3,2,0,-1,-1,0,-1,-1,1,0,-1,132,-1,-1,-1,-1,-1,-1,2,0,0,0,0,0,1,0,20,6,7,41.85629509,-87.62244249
0,368396,-1,30,0,0,0,3,5,6,2,0,0,0,0,-1,-1,1,25,11,313,-1,-1,-1,-1,-1,-1,2,0,0,0,0,0,1,0,20,6,7,41.78249837,-87.6122221
0,368186,-1,30,1,2,0,2,10,5,2,0,0,0,0,-1,-1,-1,2,11,823,-1,-1,-1,-1,-1,-1,2,0,0,0,0,0,3,0,19,6,7,41.77873157,-87.71119242
0,371442,-1,30,1,2,0,4,12,2,-1,0,0,0,0,-1,-1,-1,18,-1,2012,-1,-1,-1,-1,-1,-1,2,0,0,0,0,0,2,0,19,6,7,41.97628639,-87.66930824
0,368170,-1,30,0,0,0,1,7,5,-1,0,0,0,0,-1,-1,-1,0,0,1212,-1,-1,-1,-1,-1,-1,2,0,0,0,0,0,1,0,19,6,7,41.89593335,-87.67719992
3,368182,-1,30,0,0,0,4,9,6,-1,0,0,0,1,-1,-1,-1,0,0,1513,-1,-1,-1,-1,-1,-1,2,1,0,1,0,0,1,0,19,6,7,41.88049145,-87.76665878
0,368144,-1,30,0,0,0,1,14,5,-1,0,0,0,0,-1,-1,-1,0,0,822,-1,-1,-1,-1,-1,-1,2,0,0,0,0,0,2,0,19,6,7,41.7933302,-87.70982814
0,368127,-1,30,0,0,0,1,7,6,-1,0,0,0,0,-1,-1,-1,0,-1,323,-1,-1,-1,-1,-1,-1,2,0,0,0,0,0,1,0,19,6,7,41.76481953,-87.60905393
0,368261,-1,30,-1,-1,0,1,12,5,4,0,0,-1,0,1,-1,-1,21,18,1214,-1,-1,-1,-1,-1,-1,2,0,0,0,0,0,2,0,19,6,7,41.88580367,-87.64524922
0,368239,-1,30,1,2,0,1,10,5,4,0,0,0,0,-1,-1,-1,18,0,1911,-1,-1,-1,-1,-1,-1,2,0,0,0,0,0,2,0,19,6,7,41.96149401,-87.68389405
0,368208,-1,20,0,0,0,4,10,0,1,0,0,2,0,-1,-1,-1,20,-1,224,-1,-1,-1,-1,-1,-1,2,0,0,0,0,0,2,0,19,6,7,41.80929091,-87.61673305
0,368121,-1,30,2,2,0,4,10,5,-1,0,0,0,0,1,-1,-1,18,-1,2533,-1,-1,-1,-1,-1,-1,2,0,0,0,0,0,4,0,19,6,7,41.90940626,-87.75464867
0,368159,-1,30,1,2,0,1,10,5,-1,0,0,0,0,-1,-1,1,18,-1,832,-1,-1,-1,-1,-1,-1,2,0,0,0,0,0,2,0,19,6,7,41.77550576,-87.68369146
0,371849,-1,30,0,0,0,1,10,5,2,0,0,0,0,-1,-1,-1,18,-1,924,-1,-1,-1,-1,-1,-1,2,0,0,0,0,0,3,0,19,6,7,41.80957373,-87.66270757
0,369243,1,30,0,0,-1,-1,7,6,1,0,0,-1,0,-1,-1,1,-1,-1,1523,-1,-1,-1,-1,-1,-1,2,0,0,0,0,0,1,0,19,6,7,41.88806504,-87.75764733
0,368737,-1,0,2,2,0,3,7,5,-1,0,0,0,0,-1,-1,1,18,-1,1913,-1,-1,-1,-1,-1,-1,2,0,0,0,0,0,1,0,19,6,7,41.96363556,-87.66067961
0,368167,-1,30,0,0,0,1,7,7,-1,0,0,0,0,-1,-1,-1,0,0,824,-1,-1,-1,-1,-1,-1,2,0,0,0,0,0,1,0,19,6,7,41.79331249,-87.7034005
0,368133,-1,5,0,0,0,1,7,7,0,0,0,0,0,-1,-1,1,20,-1,2234,-1,-1,-1,-1,-1,-1,2,0,0,0,0,0,1,0,19,6,7,41.68493757,-87.6611226
2,368118,-1,35,1,2,0,1,14,2,-1,0,-1,-1,1,1,-1,1,14,15,1034,-1,-1,-1,-1,-1,-1,3,2,0,0,2,0,1,0,19,6,7,41.84848572,-87.67589295
0,368180,-1,30,1,0,0,2,14,5,-1,0,0,0,0,-1,-1,-1,22,-1,1235,-1,-1,-1,-1,-1,-1,2,0,0,0,0,0,2,0,18,6,7,41.85510229,-87.64600355
0,368963,-1,30,0,0,0,1,10,5,-1,0,0,0,0,-1,-1,-1,18,-1,2532,-1,-1,-1,-1,-1,-1,2,0,0,0,0,0,2,0,18,6,7,41.90961037,-87.75585228
0,368249,-1,20,0,0,0,1,7,5,-1,0,0,0,0,-1,-1,-1,17,-1,1814,-1,-1,-1,-1,-1,-1,2,0,0,0,0,0,1,0,18,6,7,41.91822484,-87.63804966
2,368172,-1,30,1,2,0,-1,10,5,5,0,0,-1,1,1,-1,-1,18,-1,1722,-1,-1,-1,-1,-1,-1,2,1,0,0,1,0,1,0,18,6,7,41.95373705,-87.72776661
0,368114,-1,20,1,2,0,1,10,5,2,0,0,0,0,-1,-1,-1,18,16,822,-1,-1,-1,-1,-1,-1,2,0,0,0,0,0,3,0,18,6,7,41.79711892,-87.70380493
0,368102,-1,0,0,0,0,1,7,5,-1,0,0,0,0,-1,-1,-1,0,0,2023,-1,-1,-1,-1,-1,-1,2,0,0,0,0,0,1,0,18,6,7,41.98009784,-87.65890424
0,368244,-1,30,3,-1,-1,4,12,5,2,0,-1,-1,0,-1,-1,-1,17,0,1814,-1,-1,-1,-1,-1,-1,2,0,0,0,0,0,2,0,18,6,7,41.91844043,-87.63825829
0,368115,-1,30,0,0,0,1,12,2,-1,0,0,0,0,-1,-1,-1,17,16,1834,-1,-1,-1,-1,-1,-1,2,0,0,0,0,0,2,0,18,6,7,41.89318499,-87.62661003
0,380247,-1,30,0,0,0,1,10,5,4,0,0,0,0,-1,-1,-1,0,0,1214,-1,-1,-1,-1,-1,-1,2,0,0,0,0,0,4,0,18,6,7,41.89109712,-87.64591476
0,374919,-1,30,0,0,-1,-1,7,7,0,0,-1,-1,0,-1,1,-1,0,0,1434,-1,-1,-1,-1,-1,-1,2,0,0,0,0,0,1,0,18,6,7,41.91144287,-87.67933447
0,371637,1,20,0,0,0,1,7,6,1,0,0,0,0,-1,-1,1,0,0,823,-1,-1,-1,-1,-1,-1,2,0,0,0,0,0,1,0,18,6,7,41.78110682,-87.69939452
0,368163,-1,30,1,0,0,1,12,2,-1,0,0,0,0,-1,-1,-1,21,-1,832,-1,-1,-1,-1,-1,-1,2,0,0,0,0,0,2,0,18,6,7,41.7650158,-87.68339732
0,368097,-1,30,1,2,0,1,10,6,2,0,0,0,0,-1,-1,-1,18,-1,1824,-1,-1,-1,-1,-1,-1,2,0,0,0,0,0,2,0,18,6,7,41.90790947,-87.62594578
0,368090,-1,20,0,0,0,1,12,2,2,0,0,0,0,-1,-1,1,0,0,2413,-1,-1,-1,-1,-1,-1,2,0,0,0,0,0,2,0,18,6,7,41.99730203,-87.70919581
0,368076,1,30,1,2,0,1,12,2,2,0,0,0,0,1,-1,-1,21,-1,323,-1,-1,-1,-1,-1,-1,2,0,0,0,0,0,3,0,18,6,7,41.76580035,-87.60572913
0,368077,-1,30,1,2,0,1,10,5,4,0,0,0,0,1,-1,-1,18,0,922,-1,-1,-1,-1,-1,-1,2,0,0,0,0,0,7,0,18,6,7,41.80846974,-87.6845734
0,368046,-1,30,1,2,0,4,10,5,-1,0,0,0,0,-1,-1,-1,18,-1,2512,-1,-1,-1,-1,-1,-1,2,0,0,0,0,0,2,0,18,6,7,41.92742709,-87.78573363
0,368057,-1,30,0,0,0,1,8,5,-1,0,0,0,0,-1,-1,-1,0,0,1214,-1,-1,1,-1,-1,-1,2,0,0,0,0,0,2,0,18,6,7,41.89120814,-87.65573434
2,368053,-1,30,2,2,0,1,14,5,-1,0,0,0,1,-1,-1,-1,23,21,1422,-1,-1,-1,-1,-1,-1,2,1,0,0,1,0,4,0,18,6,7,41.91149584,-87.71187241
0,232602,-1,30,0,0,0,1,11,5,-1,0,2,12,0,-1,-1,-1,0,-1,2033,-1,-1,-1,-1,-1,-1,2,0,0,0,0,0,2,0,18,6,7,41.9734988,-87.6663131
1,368045,-1,30,0,0,0,1,9,5,-1,0,0,0,1,-1,-1,1,0,-1,624,-1,-1,-1,-1,-1,-1,2,1,0,0,0,1,1,0,18,6,7,41.7513967,-87.60515466
0,368037,-1,30,0,0,0,1,12,5,-1,0,0,0,0,-1,-1,-1,0,0,1832,-1,-1,-1,-1,-1,-1,2,0,0,0,0,0,2,0,18,6,7,41.89487136,-87.63135063
0,372089,-1,30,1,2,0,1,10,2,-1,0,0,0,0,1,-1,-1,16,18,2022,-1,-1,-1,-1,-1,-1,2,0,0,0,0,0,2,0,18,6,7,41.9874468,-87.655453
0,368095,-1,25,0,0,0,1,7,6,1,0,0,0,1,-1,-1,-1,12,15,933,-1,-1,-1,-1,-1,-1,2,0,0,0,0,0,1,0,18,6,7,41.8077188,-87.65658128
2,368036,-1,20,0,0,0,1,14,5,2,0,0,0,1,1,-1,-1,0,0,712,-1,-1,-1,-1,-1,-1,1,2,0,0,2,0,1,0,18,6,7,41.77976975,-87.65092328
0,367985,-1,30,0,0,0,1,14,5,4,0,0,0,1,1,-1,-1,22,0,811,-1,-1,-1,-1,-1,-1,3,0,0,0,0,0,4,0,18,6,7,41.7922108,-87.78296061
0,377072,-1,25,1,2,-1,2,10,5,2,0,0,0,0,-1,-1,-1,18,-1,2413,-1,-1,-1,-1,-1,-1,2,0,0,0,0,0,2,0,18,6,7,41.99145613,-87.70885057
0,371844,-1,30,-1,-1,-1,1,10,5,-1,0,0,0,0,-1,-1,-1,18,-1,1834,-1,-1,-1,-1,-1,-1,2,0,0,0,0,0,2,0,18,6,7,41.89246052,-87.62659772
0,369470,-1,20,0,0,0,1,7,6,1,0,0,0,0,-1,-1,1,0,-1,2413,-1,-1,-1,-1,-1,-1,2,0,0,0,0,0,1,0,18,6,7,41.99226473,-87.70082132
0,369164,-1,15,0,0,-1,-1,0,0,1,0,-1,-1,0,-1,-1,-1,17,-1,822,-1,-1,-1,-1,-1,-1,2,0,0,0,0,0,2,0,18,6,7,41.80039846,-87.70728373
0,368274,-1,30,1,2,0,1,8,6,-1,0,0,0,0,-1,-1,-1,0,0,1831,-1,-1,-1,-1,-1,-1,2,0,0,0,0,0,2,0,18,6,7,41.89002091,-87.63417616
3,368240,-1,30,0,0,0,1,10,2,2,0,0,0,1,-1,-1,1,18,0,2511,-1,-1,-1,-1,-1,-1,3,1,0,1,0,0,2,0,18,6,7,41.93784983,-87.81497941
0,368130,-1,30,0,0,0,1,2,12,-1,0,0,0,0,-1,1,-1,0,0,1833,-1,-1,-1,-1,-1,-1,1,0,0,0,0,0,1,0,18,6,7,41.89831089,-87.62176979
0,368065,1,30,0,0,0,1,0,0,-1,0,0,0,0,-1,-1,-1,17,-1,2411,-1,-1,-1,-1,-1,-1,2,0,0,0,0,0,2,0,18,6,7,42.01169857,-87.68830386
0,368048,-1,30,0,0,0,1,7,7,-1,0,0,0,0,-1,-1,-1,0,-1,922,-1,-1,-1,-1,-1,-1,2,0,0,0,0,0,1,0,18,6,7,41.80837841,-87.68457072
1,368043,-1,30,0,0,0,1,10,5,-1,0,0,0,1,-1,-1,-1,18,-1,223,-1,-1,-1,-1,-1,-1,2,1,0,0,0,1,2,0,18,6,7,41.80948543,-87.60671082
0,368022,-1,30,-1,-1,-1,-1,12,-1,-1,0,-1,-1,0,-1,-1,-1,0,-1,1632,-1,-1,-1,-1,-1,-1,2,0,0,0,0,0,2,0,18,6,7,41.9528954,-87.79373289
0,369419,-1,30,0,0,0,1,14,2,2,0,0,0,0,-1,-1,-1,23,23,1732,-1,-1,-1,-1,-1,-1,2,0,0,0,0,0,2,0,17,6,7,41.9439504,-87.71277958
0,368226,-1,30,0,0,0,4,2,5,-1,0,0,0,0,-1,-1,-1,-1,-1,1411,-1,-1,-1,-1,-1,-1,1,0,0,0,0,0,2,0,17,6,7,41.93572483,-87.7024665
0,368151,-1,35,0,0,-1,-1,12,-1,-1,0,-1,-1,0,-1,-1,-1,17,-1,1834,-1,-1,-1,-1,-1,-1,1,0,0,0,0,0,1,0,17,6,7,41.89089644,-87.62398102
0,368019,-1,20,0,0,0,1,12,5,-1,0,0,0,0,-1,-1,-1,0,-1,2525,-1,-1,-1,-1,-1,-1,2,0,0,0,0,0,2,0,17,6,7,41.92428229,-87.72172923
0,368000,-1,30,0,0,0,1,10,5,2,0,0,0,0,-1,-1,-1,18,7,232,-1,-1,-1,-1,-1,-1,2,0,0,0,0,0,2,0,17,6,7,41.7864675,-87.61592399
0,368059,-1,30,1,2,0,1,14,2,4,0,0,0,0,1,-1,1,17,0,1733,-1,-1,-1,-1,-1,-1,2,0,0,0,0,0,2,0,17,6,7,41.95378123,-87.71052291
0,368728,-1,30,0,0,0,1,10,2,2,0,0,0,0,-1,-1,-1,18,0,1232,-1,-1,-1,-1,-1,-1,2,0,0,0,0,0,2,0,17,6,7,41.86702684,-87.64800035
0,368856,-1,30,1,2,0,1,14,12,0,0,0,0,0,1,-1,1,23,11,131,-1,-1,-1,-1,-1,-1,2,0,0,0,0,0,2,0,17,6,7,41.86730436,-87.6273784
0,368165,-1,30,0,0,0,1,10,2,2,0,0,0,0,1,-1,-1,0,-1,1922,-1,-1,-1,-1,-1,-1,3,0,0,0,0,0,3,0,17,6,7,41.95124307,-87.66882694
0,368044,-1,30,0,0,0,1,12,3,4,2,0,0,0,-1,-1,1,16,21,114,-1,-1,-1,-1,-1,-1,2,0,0,0,0,0,2,0,17,6,7,41.8819421,-87.62059571
1,368200,-1,30,0,0,0,1,8,5,2,0,0,0,1,-1,-1,-1,0,0,1723,-1,-1,1,-1,-1,-1,2,1,0,0,0,1,0,0,17,6,7,41.96452669,-87.724134
0,368986,-1,15,3,12,0,1,7,7,2,0,0,0,0,-1,1,-1,22,0,1432,-1,-1,-1,-1,-1,-1,2,0,0,0,0,0,2,0,17,6,7,41.93126646,-87.68627205
0,368079,-1,30,1,2,0,1,10,5,-1,0,0,0,0,-1,-1,-1,0,0,922,-1,-1,-1,-1,-1,-1,2,0,0,0,0,0,5,0,17,6,7,41.8120386,-87.68410951
0,368082,-1,30,0,0,0,1,7,12,2,0,0,0,0,-1,-1,1,0,-1,1224,-1,-1,-1,-1,-1,-1,2,0,0,0,0,0,1,0,17,6,7,41.88428084,-87.64845424
2,368069,-1,30,1,2,0,1,10,3,5,5,0,0,1,1,-1,-1,16,18,123,-1,-1,-1,-1,-1,-1,2,1,0,0,1,0,3,0,17,6,7,41.87456226,-87.631548
0,368003,-1,35,0,0,-1,1,7,-1,-1,0,-1,-1,0,-1,-1,-1,18,-1,1832,-1,-1,-1,-1,-1,-1,2,0,0,0,0,0,1,0,17,6,7,41.89766564,-87.63112433
1,367993,-1,30,1,2,0,1,10,5,2,0,0,0,1,1,-1,-1,16,0,1432,-1,-1,-1,-1,-1,-1,2,1,0,0,0,1,1,0,17,6,7,41.92145341,-87.67248566
0,367969,-1,30,12,0,0,1,10,2,2,0,0,-1,0,-1,-1,1,18,-1,832,-1,-1,-1,-1,-1,-1,2,0,0,0,0,0,2,0,17,6,7,41.77005657,-87.68353641
0,367968,0,30,0,0,0,1,7,5,2,0,0,0,1,-1,-1,1,0,19,2413,-1,-1,-1,-1,-1,-1,3,0,0,0,0,0,1,0,17,6,7,41.99543657,-87.68259705
2,367948,-1,20,0,0,0,1,9,6,-1,0,0,0,1,-1,-1,-1,16,-1,2411,-1,-1,-1,-1,-1,-1,2,1,0,0,1,0,5,0,17,6,7,42.01195064,-87.68801461
0,367922,-1,30,1,2,0,1,10,3,-1,0,0,0,0,-1,-1,-1,0,0,131,-1,-1,-1,-1,-1,-1,2,0,0,0,0,0,2,0,17,6,7,41.85792454,-87.62707081
0,374684,-1,30,2,2,0,1,12,5,2,0,-1,-1,0,-1,-1,-1,22,22,1733,-1,-1,-1,-1,-1,-1,2,0,0,0,0,0,2,0,17,6,7,41.93953236,-87.69388652
0,371446,-1,30,1,2,0,1,10,2,-1,0,0,0,0,-1,-1,-1,18,0,2012,-1,-1,-1,-1,-1,-1,2,0,0,0,0,0,2,0,17,6,7,41.98522461,-87.6700239
0,369239,-1,30,-1,-1,0,1,12,3,4,0,-1,-1,0,-1,-1,1,21,0,213,-1,-1,-1,-1,-1,-1,2,0,0,0,0,0,2,0,17,6,7,41.82431551,-87.62656402
0,369177,-1,30,-1,-1,0,1,11,7,-1,0,0,0,0,-1,-1,-1,0,-1,1614,-1,-1,-1,-1,-1,-1,2,0,0,0,0,0,2,0,17,6,7,41.9660114,-87.83683117
0,368943,-1,30,0,0,0,1,10,7,-1,0,0,0,0,-1,1,-1,17,20,1614,-1,-1,-1,-1,-1,-1,2,0,0,0,0,0,2,0,17,6,7,41.9660114,-87.83683117
0,368122,-1,15,0,0,0,1,2,0,-1,0,0,0,0,-1,1,-1,12,0,2515,-1,-1,-1,-1,-1,-1,1,0,0,0,0,0,1,0,17,6,7,41.92695999,-87.75797653
0,368038,-1,0,0,0,0,1,7,7,-1,0,0,0,0,-1,-1,1,0,0,2512,-1,-1,-1,-1,-1,-1,2,0,0,0,0,0,1,0,17,6,7,41.92629696,-87.78569482
0,367925,-1,30,0,0,0,1,10,5,-1,0,0,0,1,1,-1,-1,18,-1,1623,-1,-1,-1,-1,-1,-1,2,0,0,0,0,0,2,0,16,6,7,41.96785628,-87.75277889
0,367978,-1,15,0,0,1,1,7,7,1,0,0,0,0,-1,-1,-1,0,11,2213,-1,-1,-1,-1,-1,-1,2,0,0,0,0,0,2,0,16,6,7,41.72121592,-87.65378579
0,367976,-1,30,0,0,0,1,10,5,4,0,0,0,1,-1,-1,-1,0,-1,1911,-1,-1,-1,-1,-1,-1,2,0,0,0,0,0,2,0,16,6,7,41.96155239,-87.68010719
3,367970,-1,30,1,2,0,1,8,3,4,0,0,0,1,-1,-1,-1,6,0,114,-1,0,-1,-1,-1,-1,2,1,0,1,0,0,2,0,16,6,7,41.87575626,-87.61751568
0,368987,-1,30,1,2,0,1,12,5,4,0,0,0,0,-1,-1,-1,21,17,832,-1,-1,-1,-1,-1,-1,2,0,0,0,0,0,2,0,16,6,7,41.77186074,-87.6838398
0,368106,-1,30,1,-1,0,1,10,5,2,0,-1,-1,0,1,-1,-1,0,0,1814,-1,-1,-1,-1,-1,-1,2,0,0,0,0,0,2,0,16,6,7,41.920212,-87.6373859
0,368035,-1,0,1,2,0,1,10,5,1,0,0,0,0,-1,-1,1,0,0,1232,-1,-1,-1,-1,-1,-1,2,0,0,0,0,0,2,0,16,6,7,41.86723997,-87.6470655
0,367905,-1,10,0,0,0,1,0,7,-1,0,0,0,0,-1,-1,-1,20,-1,1733,-1,-1,-1,-1,-1,-1,2,0,0,0,0,0,2,0,16,6,7,41.94670044,-87.71086358
0,367894,-1,30,0,0,0,1,10,2,4,0,0,0,0,-1,-1,-1,0,-1,1513,-1,-1,-1,-1,-1,-1,2,0,0,0,0,0,2,0,16,6,7,41.87998303,-87.77425915
0,368147,-1,30,0,0,0,1,10,5,-1,0,0,0,0,-1,-1,-1,18,18,1614,-1,-1,-1,-1,-1,-1,2,0,0,0,0,0,2,0,16,6,7,41.96276792,-87.83684033
2,367997,-1,30,0,0,0,1,10,5,-1,0,0,0,1,-1,-1,1,0,0,1824,-1,-1,-1,-1,-1,-1,2,1,0,0,1,0,3,0,16,6,7,41.90790787,-87.62549988
0,367957,-1,30,2,2,0,1,14,5,2,0,0,0,0,1,-1,-1,23,-1,1423,-1,-1,-1,-1,-1,-1,2,0,0,0,0,0,3,0,16,6,7,41.90912548,-87.7015958
0,367876,-1,30,2,2,0,1,0,2,4,0,0,0,0,-1,-1,1,7,0,814,-1,-1,-1,-1,-1,-1,2,0,0,0,0,0,2,0,16,6,7,41.79653724,-87.75633653
3,367908,-1,30,0,0,0,1,12,5,4,0,0,0,1,-1,-1,-1,12,0,1621,-1,-1,-1,-1,-1,-1,2,1,0,1,0,0,1,0,16,6,7,42.01186084,-87.77581529
0,367863,-1,30,1,2,0,1,12,2,3,0,0,12,0,-1,-1,-1,0,-1,235,-1,-1,-1,1,2,-1,2,0,0,0,0,0,3,0,16,6,7,41.79510594,-87.58770941
0,369559,-1,30,0,0,0,1,12,2,-1,0,0,0,0,-1,-1,1,0,-1,111,-1,-1,-1,-1,-1,-1,2,0,0,0,0,0,2,0,16,6,7,41.88691923,-87.62462556
0,369140,-1,30,2,2,0,1,0,2,2,0,0,0,0,1,-1,-1,17,22,1413,-1,-1,-1,-1,-1,-1,2,0,0,0,0,0,2,0,16,6,7,41.91850371,-87.70715459
0,367989,-1,30,-1,-1,-1,-1,14,-1,-1,0,-1,-1,0,-1,-1,1,0,-1,1712,-1,-1,-1,-1,-1,-1,2,0,0,0,0,0,3,0,16,6,7,41.96813894,-87.74770001
0,368257,-1,30,1,-1,0,1,14,2,2,0,-1,-1,0,1,-1,-1,0,-1,114,-1,-1,-1,-1,-1,-1,2,0,0,0,0,0,2,0,16,6,7,41.88449951,-87.61374815
0,367829,-1,30,0,0,0,1,10,5,2,0,0,0,0,-1,-1,-1,7,7,1235,-1,-1,-1,-1,-1,-1,3,0,0,0,0,0,3,0,16,6,7,41.85144732,-87.64631217
0,371133,1,25,0,0,-1,-1,7,5,2,0,-1,-1,0,-1,-1,1,21,0,2422,-1,-1,-1,-1,-1,-1,2,0,0,0,0,0,1,0,16,6,7,42.01764611,-87.66804675
0,369182,-1,30,0,0,0,1,10,5,-1,0,0,0,0,-1,-1,-1,18,18,411,-1,-1,-1,-1,-1,-1,1,0,0,0,0,0,1,0,16,6,7,41.7567361,-87.59307096
0,367847,-1,10,0,0,0,1,12,7,-1,0,0,0,0,-1,-1,1,0,0,822,-1,-1,-1,-1,-1,-1,2,0,0,0,0,0,5,0,15,6,7,41.79774008,-87.72314282
0,367929,-1,30,1,2,0,1,12,6,-1,0,0,0,0,-1,-1,-1,0,-1,1613,-1,-1,-1,-1,-1,-1,2,0,0,0,0,0,2,0,15,6,7,41.98195128,-87.78777343
0,371202,-1,30,0,0,0,1,12,5,-1,0,0,0,0,-1,-1,-1,0,-1,1423,-1,-1,-1,-1,-1,-1,2,0,0,0,0,0,2,0,15,6,7,41.90916781,-87.70286028
0,367887,-1,35,0,0,0,1,7,5,-1,0,0,0,0,-1,-1,-1,0,0,2525,-1,-1,-1,-1,-1,-1,2,0,0,0,0,0,1,0,15,6,7,41.91737204,-87.71845133
-1,367822,-1,30,0,0,0,1,2,5,2,0,0,1,0,-1,-1,-1,0,-1,1224,-1,-1,-1,-1,-1,-1,1,-1,-1,-1,-1,-1,-1,-1,15,6,7,41.88245489,-87.65982969