MOST_SEVERE_INJURY,RD_NO,CRASH_DATE_EST_I,POSTED_SPEED_LIMIT,TRAFFIC_CONTROL_DEVICE,DEVICE_CONDITION,WEATHER_CONDITION,LIGHTING_CONDITION,FIRST_CRASH_TYPE,TRAFFICWAY_TYPE,LANE_CNT,ALIGNMENT,ROADWAY_SURFACE_COND,ROAD_DEFECT,CRASH_TYPE,INTERSECTION_RELATED_I,NOT_RIGHT_OF_WAY_I,HIT_AND_RUN_I,PRIM_CONTRIBUTORY_CAUSE,SEC_CONTRIBUTORY_CAUSE,BEAT_OF_OCCURRENCE,PHOTOS_TAKEN_I,STATEMENTS_TAKEN_I,DOORING_I,WORK_ZONE_I,WORK_ZONE_TYPE,WORKERS_PRESENT_I,NUM_UNITS,INJURIES_TOTAL,INJURIES_FATAL,INJURIES_INCAPACITATING,INJURIES_NON_INCAPACITATING,INJURIES_REPORTED_NOT_EVIDENT,INJURIES_NO_INDICATION,INJURIES_UNKNOWN,CRASH_HOUR,CRASH_DAY_OF_WEEK,CRASH_MONTH,LATITUDE,LONGITUDE
0,367915,1,15,0,0,1,1,7,7,1,0,0,0,0,-1,-1,1,0,0,622,-1,-1,-1,-1,-1,-1,2,0,0,0,0,0,1,0,15,6,7,41.73621796,-87.62931044
1,367878,-1,30,0,0,0,1,8,5,-1,0,0,0,1,-1,-1,-1,11,11,511,-1,-1,-1,-1,-1,-1,2,1,0,0,0,1,1,0,15,6,7,41.70764215,-87.60101281
0,367810,-1,30,0,0,0,1,7,6,1,0,-1,-1,0,-1,-1,1,0,0,233,-1,-1,-1,-1,-1,-1,2,0,0,0,0,0,1,0,15,6,7,41.80071122,-87.59835256
0,367799,-1,35,1,2,0,1,14,2,6,0,0,0,1,1,-1,-1,23,16,814,-1,-1,-1,-1,-1,-1,2,0,0,0,0,0,2,0,15,6,7,41.80205588,-87.74314785
0,367782,-1,30,0,0,0,1,14,5,0,0,0,0,0,1,-1,-1,17,-1,1723,-1,-1,-1,-1,-1,-1,2,0,0,0,0,0,2,0,15,6,7,41.95753843,-87.71317531
1,367740,-1,30,1,2,0,1,14,2,2,0,0,0,1,1,-1,-1,17,17,513,-1,-1,-1,-1,-1,-1,2,1,0,0,0,1,1,0,15,6,7,41.69314637,-87.60992499
0,367817,-1,20,0,0,0,1,7,12,2,3,0,0,0,-1,-1,-1,22,-1,1814,-1,1,-1,-1,-1,-1,2,0,0,0,0,0,3,0,15,6,7,41.91130561,-87.62558471
0,367906,-1,30,-1,-1,0,1,7,6,1,0,0,-1,0,-1,-1,1,25,25,623,-1,-1,-1,-1,-1,-1,2,0,0,0,0,0,1,0,15,6,7,41.75020785,-87.61636765
0,367811,-1,30,0,0,0,1,14,5,-1,0,0,0,0,-1,-1,-1,0,0,1513,-1,-1,-1,-1,-1,-1,2,0,0,0,0,0,2,0,15,6,7,41.86569767,-87.76488105
0,367807,1,30,1,2,0,1,14,5,-1,0,0,0,0,1,-1,-1,17,-1,2422,-1,-1,-1,-1,-1,-1,2,0,0,0,0,0,2,0,15,6,7,42.01719097,-87.66557346
2,391870,-1,30,0,0,0,1,9,5,-1,0,0,-1,1,-1,-1,-1,0,0,1434,-1,-1,-1,-1,-1,-1,2,1,0,0,1,0,1,0,15,6,7,41.91404111,-87.68290624
0,367795,1,30,2,2,0,1,10,6,1,0,0,-1,0,-1,-1,1,18,0,1013,-1,-1,-1,-1,-1,-1,2,0,0,0,0,0,2,0,15,6,7,41.84440755,-87.72095694
0,367895,-1,30,0,-1,0,1,10,5,4,0,0,0,1,-1,-1,-1,16,-1,1112,-1,-1,-1,-1,-1,-1,2,0,0,0,0,0,4,0,15,6,7,41.90259735,-87.72212759
-1,367825,-1,30,0,0,1,1,7,3,2,0,0,0,0,-1,-1,-1,0,0,1231,-1,-1,-1,-1,-1,-1,1,-1,-1,-1,-1,-1,-1,-1,15,6,7,41.86707766,-87.65847266
0,367745,-1,30,0,0,0,1,12,2,4,0,0,0,0,1,-1,-1,21,-1,2032,-1,-1,-1,-1,-1,-1,2,0,0,0,0,0,5,0,15,6,7,41.97602602,-87.67218824
0,367803,-1,30,1,2,0,1,14,3,4,0,0,0,0,1,-1,-1,0,-1,1111,-1,-1,-1,-1,-1,-1,2,0,0,0,0,0,2,0,15,6,7,41.90230799,-87.74583059
0,367754,-1,30,0,0,0,1,7,4,-1,0,0,0,0,-1,-1,-1,35,-1,1611,-1,-1,-1,-1,-1,-1,2,0,0,0,0,0,1,0,15,6,7,42.00994549,-87.80680465
2,367737,-1,30,0,0,0,1,10,2,-1,0,0,0,1,-1,-1,-1,16,-1,821,-1,-1,-1,-1,-1,-1,3,1,0,0,1,0,4,0,15,6,7,41.80784497,-87.71693192
0,367958,-1,30,0,0,0,1,10,5,6,0,0,0,0,-1,-1,-1,27,0,811,-1,-1,-1,-1,-1,-1,2,0,0,0,0,0,2,0,15,6,7,41.78964733,-87.80128582
0,367855,-1,10,0,0,0,1,7,7,2,0,0,-1,0,-1,-1,1,11,0,424,-1,-1,-1,-1,-1,-1,2,0,0,0,0,0,1,0,15,6,7,41.74393411,-87.54774757
0,367751,-1,30,2,2,0,1,0,5,-1,0,0,0,0,1,-1,1,0,0,1214,-1,-1,-1,-1,-1,-1,2,0,0,0,0,0,3,0,15,6,7,41.89115068,-87.65593818
0,367750,-1,30,0,0,0,1,10,2,-1,0,0,-1,1,-1,-1,-1,18,35,835,-1,-1,-1,-1,-1,-1,2,0,0,0,0,0,2,0,15,6,7,41.76080612,-87.70251735
0,367842,-1,30,0,0,0,1,2,3,2,0,0,0,1,-1,-1,-1,16,0,432,-1,-1,-1,-1,-1,-1,1,0,0,0,0,0,1,0,14,6,7,41.7157737,-87.53663481
2,367694,-1,30,0,0,0,1,8,2,2,0,0,0,1,-1,-1,-1,33,-1,1732,-1,-1,1,-1,-1,-1,2,1,0,0,1,0,0,0,14,6,7,41.93936106,-87.7144658
0,368049,-1,30,1,2,0,1,14,5,4,0,0,0,0,-1,-1,-1,0,0,1533,-1,-1,-1,-1,-1,-1,2,0,0,0,0,0,2,0,14,6,7,41.87205805,-87.74507934
0,367890,-1,30,1,2,0,1,12,2,2,0,0,0,0,-1,-1,1,22,0,1723,-1,-1,-1,-1,-1,-1,2,0,0,0,0,0,3,0,14,6,7,41.96829062,-87.71342283
0,367800,-1,30,2,2,0,1,14,5,4,0,0,0,0,-1,-1,-1,0,-1,912,-1,-1,-1,-1,-1,-1,2,0,0,0,0,0,4,0,14,6,7,41.83984636,-87.67525448
2,367728,-1,30,2,2,0,1,0,2,2,0,0,0,1,1,1,-1,17,-1,1031,-1,-1,-1,-1,-1,-1,2,5,0,0,5,0,1,0,14,6,7,41.83681424,-87.72196743
0,367683,-1,30,2,2,0,1,14,5,4,0,0,0,0,1,-1,-1,17,-1,2423,-1,-1,-1,-1,-1,-1,2,0,0,0,0,0,2,0,14,6,7,42.01284733,-87.66361978
0,367753,1,30,1,2,0,1,10,5,-1,0,0,0,0,-1,-1,-1,18,-1,2411,-1,-1,-1,-1,-1,-1,2,0,0,0,0,0,3,0,14,6,7,42.01696004,-87.69005287
0,367901,-1,40,0,0,0,1,12,3,8,5,0,0,1,-1,-1,-1,21,-1,1814,-1,-1,-1,-1,-1,-1,2,0,0,0,0,0,2,0,14,6,7,41.91103585,-87.62615129
0,367758,-1,30,0,0,0,1,10,5,-1,0,0,0,0,-1,-1,-1,18,-1,1732,-1,-1,-1,-1,-1,-1,2,0,0,0,0,0,2,0,14,6,7,41.9392264,-87.72541488
0,367710,-1,30,0,0,0,1,7,6,-1,0,0,0,0,-1,-1,-1,12,0,2515,-1,-1,-1,-1,-1,-1,2,0,0,0,0,0,2,0,14,6,7,41.91843973,-87.77416681
1,367699,-1,30,-1,-1,0,1,0,0,-1,0,0,0,1,-1,-1,-1,16,16,614,-1,-1,-1,-1,-1,-1,2,3,0,0,0,3,1,0,14,6,7,41.74500518,-87.66194116
0,367677,-1,30,0,0,0,1,10,2,2,0,0,0,0,-1,-1,-1,0,-1,2012,-1,-1,-1,-1,-1,-1,2,0,0,0,0,0,2,0,14,6,7,41.98582639,-87.66944491
0,367668,-1,30,0,0,0,1,10,7,1,0,0,0,0,-1,-1,-1,17,-1,1613,-1,-1,-1,-1,-1,-1,2,0,0,0,0,0,2,0,14,6,7,41.974648,-87.80712789
1,367673,-1,30,1,2,0,1,10,2,2,0,0,0,1,1,-1,-1,0,-1,1512,-1,-1,-1,-1,-1,-1,2,1,0,0,0,1,2,0,14,6,7,41.88811999,-87.77453471
2,367716,-1,30,1,2,0,1,14,5,4,0,0,0,1,1,-1,1,17,23,431,-1,-1,-1,-1,-1,-1,2,1,0,0,1,0,2,0,14,6,7,41.71337386,-87.55989468
0,367684,-1,30,0,0,0,1,10,5,2,0,0,0,0,-1,-1,-1,33,11,822,-1,-1,-1,-1,-1,-1,2,0,0,0,0,0,2,0,14,6,7,41.78615531,-87.70349314
0,374171,-1,30,0,0,0,1,0,7,-1,0,0,0,0,-1,-1,-1,0,0,411,-1,-1,-1,-1,-1,-1,2,0,0,0,0,0,2,0,14,6,7,41.75184531,-87.58614824
1,367730,-1,30,0,0,0,1,10,2,4,0,0,0,1,-1,-1,-1,16,11,213,-1,-1,-1,-1,-1,-1,2,1,0,0,0,1,2,0,14,6,7,41.82357514,-87.62863384
0,367796,-1,30,0,0,0,1,12,5,-1,0,0,0,0,-1,-1,-1,22,0,1731,-1,-1,-1,-1,-1,-1,2,0,0,0,0,0,3,0,14,6,7,41.93894903,-87.74592394
0,370357,1,10,0,0,0,1,7,7,1,0,0,-1,0,-1,1,1,0,0,1914,-1,-1,-1,-1,-1,-1,2,0,0,0,0,0,1,0,14,6,7,41.96557412,-87.65252191
0,368255,-1,35,1,2,0,1,14,5,2,0,0,0,0,0,-1,-1,22,16,1823,-1,-1,-1,-1,-1,-1,2,0,0,0,0,0,2,0,14,6,7,-1,-1
0,368091,-1,30,0,0,0,1,10,6,4,0,0,0,0,-1,-1,-1,18,18,133,-1,-1,-1,-1,-1,-1,2,0,0,0,0,0,2,0,14,6,7,41.83991822,-87.60936076
0,367954,-1,30,0,0,0,1,7,5,-1,0,0,-1,0,-1,-1,-1,0,0,432,-1,-1,-1,-1,-1,-1,3,0,0,0,0,0,1,0,14,6,7,41.70830171,-87.54018789
0,367770,-1,25,0,-1,0,1,14,5,2,0,0,1,0,-1,-1,1,16,29,832,-1,-1,-1,-1,-1,-1,2,0,0,0,0,0,2,0,14,6,7,41.77548087,-87.68263197
0,367762,-1,30,0,0,0,1,14,5,-1,0,0,0,0,-1,-1,-1,0,0,822,-1,-1,-1,-1,-1,-1,2,0,0,0,0,0,2,0,14,6,7,41.78422646,-87.72279372
0,367713,-1,30,0,0,0,1,7,2,2,0,0,0,1,-1,-1,1,0,0,1021,-1,-1,-1,-1,-1,-1,2,0,0,0,0,0,1,0,14,6,7,41.86008991,-87.71509167
0,367690,-1,30,7,2,0,1,10,2,-1,0,0,0,0,1,-1,-1,18,16,123,-1,-1,-1,-1,-1,-1,2,0,0,0,0,0,2,0,14,6,7,41.87351736,-87.63346003
0,367661,-1,30,0,0,0,1,10,5,4,0,0,0,0,-1,-1,-1,20,0,1612,-1,-1,-1,-1,-1,-1,2,0,0,0,0,0,4,0,14,6,7,41.98300434,-87.78787997
3,367911,-1,15,0,0,0,1,9,7,2,0,0,0,1,-1,1,1,0,-1,2533,-1,-1,-1,-1,-1,-1,2,1,0,1,0,0,1,0,13,6,7,41.90949257,-87.7478958
2,367691,-1,30,0,0,0,1,14,5,-1,0,0,0,1,-1,-1,-1,17,-1,1412,-1,-1,-1,-1,-1,-1,2,1,0,0,1,0,1,0,13,6,7,41.93914743,-87.71392732
0,367626,-1,30,1,2,0,1,10,2,4,0,0,0,0,-1,-1,-1,18,17,1921,-1,-1,-1,-1,-1,-1,2,0,0,0,0,0,5,0,13,6,7,41.95357859,-87.68860133
0,367631,-1,30,12,2,0,1,10,2,2,0,0,0,1,-1,-1,-1,18,16,1624,-1,-1,-1,-1,-1,-1,2,0,0,0,0,0,4,0,13,6,7,41.9604972,-87.75678955
0,367615,-1,30,1,2,0,1,14,2,-1,0,0,0,0,1,-1,-1,21,17,924,-1,-1,-1,-1,-1,-1,2,0,0,0,0,0,2,0,13,6,7,41.81577843,-87.66529289
0,367590,-1,30,-1,-1,0,1,10,2,2,0,0,-1,0,-1,-1,0,18,-1,823,-1,-1,-1,-1,-1,-1,2,0,0,0,0,0,2,0,13,6,7,41.77894575,-87.70328312
0,372852,-1,30,0,0,0,1,12,5,-1,0,0,0,0,-1,-1,-1,0,0,2032,-1,-1,-1,-1,-1,-1,2,0,0,0,0,0,2,0,13,6,7,41.9696907,-87.67935924
0,369301,-1,35,1,0,0,1,10,3,-1,0,0,0,0,-1,-1,1,-1,-1,234,-1,-1,-1,-1,-1,-1,3,0,0,0,0,0,3,0,13,6,7,41.79656345,-87.58747448
2,367640,-1,30,0,0,0,1,8,2,4,0,0,0,1,-1,-1,1,22,-1,1135,-1,-1,-1,-1,-1,-1,2,1,0,0,1,0,1,0,13,6,7,41.86666586,-87.69160626
0,367613,-1,35,1,2,0,1,10,5,2,0,0,0,0,-1,-1,-1,0,0,1633,-1,-1,-1,-1,-1,-1,2,0,0,0,0,0,2,0,13,6,7,41.94215439,-87.77650575
0,367612,-1,30,0,0,0,1,12,5,2,0,0,0,0,-1,-1,-1,17,20,1422,-1,-1,-1,-1,-1,-1,2,0,0,0,0,0,2,0,13,6,7,41.90400207,-87.71156718
-1,367760,-1,30,1,2,0,1,9,5,4,0,0,0,1,1,-1,1,17,-1,1531,-1,-1,-1,-1,-1,-1,-1,-1,-1,-1,-1,-1,-1,-1,13,6,7,41.89482799,-87.7555326
0,367632,-1,30,1,2,0,1,12,5,-1,0,0,0,0,-1,-1,-1,0,0,1822,-1,-1,-1,-1,-1,-1,2,0,0,0,0,0,2,0,13,6,7,41.89658519,-87.64299618
0,377771,-1,30,2,0,0,1,0,5,-1,0,0,0,1,-1,-1,1,0,-1,1111,-1,-1,-1,-1,-1,-1,2,0,0,0,0,0,2,0,13,6,7,41.89877127,-87.73865146
0,367572,-1,30,0,0,0,1,10,2,-1,0,0,0,0,-1,-1,-1,18,16,2211,-1,-1,-1,-1,-1,-1,2,0,0,0,0,0,5,0,13,6,7,41.70636728,-87.69675769
0,367586,-1,30,0,0,0,1,12,3,-1,0,0,0,0,-1,-1,-1,17,16,112,-1,-1,-1,-1,-1,-1,2,0,0,0,0,0,2,0,13,6,7,41.8828387,-87.62453525
3,367556,-1,30,2,2,0,1,0,5,4,0,0,-1,1,1,-1,-1,16,-1,1214,-1,-1,-1,-1,-1,-1,2,2,0,2,0,0,1,0,13,6,7,41.89127957,-87.64873362
2,387129,-1,5,0,0,-1,-1,2,12,1,0,-1,-1,1,-1,1,-1,0,0,835,-1,-1,-1,-1,-1,-1,1,1,0,0,1,0,0,0,13,6,7,41.75675257,-87.68287923
0,375094,-1,30,0,0,0,1,7,6,1,0,0,0,0,-1,-1,-1,20,-1,2532,-1,-1,-1,-1,-1,-1,2,0,0,0,0,0,1,0,13,6,7,41.90948295,-87.7643665
2,368998,-1,30,0,0,0,1,8,5,4,0,0,-1,1,-1,-1,1,0,0,2012,-1,-1,1,-1,-1,-1,2,1,0,0,1,0,1,0,13,6,7,41.97914825,-87.66954857
1,368235,-1,30,2,2,0,1,9,5,2,0,0,0,1,1,-1,1,5,25,912,-1,-1,-1,-1,-1,-1,2,1,0,0,0,1,1,0,13,6,7,41.82848813,-87.67416531
0,367698,-1,40,-1,-1,0,1,10,3,3,0,0,-1,0,-1,-1,-1,18,16,114,-1,-1,-1,-1,-1,-1,2,0,0,0,0,0,2,0,13,6,7,41.87703669,-87.61754639
0,367564,-1,30,2,2,0,1,0,2,3,0,0,0,0,1,-1,-1,17,-1,1622,-1,-1,-1,-1,-1,-1,2,0,0,0,0,0,2,0,13,6,7,41.96044529,-87.77818402
0,367547,-1,20,0,0,0,1,14,5,4,0,0,0,0,-1,-1,1,23,23,1123,-1,-1,-1,-1,-1,-1,2,0,0,0,0,0,2,0,13,6,7,41.88156135,-87.70628542
0,367588,-1,30,0,0,0,1,12,2,3,0,0,0,0,-1,-1,-1,22,-1,1434,-1,-1,-1,-1,-1,-1,2,0,0,0,0,0,2,0,12,6,7,41.91040902,-87.68737027
0,367552,-1,25,0,0,0,1,12,5,2,0,0,-1,0,-1,-1,-1,17,0,1024,-1,-1,-1,-1,-1,-1,2,0,0,0,0,0,2,0,12,6,7,41.84615213,-87.70989719
1,367530,-1,30,0,0,0,1,9,2,2,0,0,0,1,-1,-1,-1,-1,-1,1222,-1,-1,-1,-1,-1,-1,2,1,0,0,0,1,1,0,12,6,7,41.88262517,-87.69863948
0,367522,-1,30,0,0,0,1,7,5,2,0,0,0,1,-1,-1,1,0,0,723,-1,-1,-1,-1,-1,-1,2,0,0,0,0,0,1,0,12,6,7,41.77959999,-87.64726896
0,367616,-1,30,2,2,0,1,12,5,-1,0,0,0,0,-1,-1,-1,0,0,132,-1,-1,-1,-1,-1,-1,2,0,0,0,0,0,2,0,12,6,7,41.86403456,-87.62150796
0,367637,-1,30,0,0,0,1,7,7,-1,0,0,0,0,-1,-1,-1,0,-1,714,-1,-1,-1,-1,-1,-1,2,0,0,0,0,0,1,0,12,6,7,41.78051949,-87.66439286
0,367569,-1,30,0,0,0,1,7,5,2,0,0,0,1,-1,-1,-1,27,-1,1214,-1,1,-1,-1,-1,-1,4,0,0,0,0,0,1,0,12,6,7,41.88991793,-87.65337134
0,367545,-1,30,2,2,0,1,12,5,2,0,0,0,0,-1,-1,1,22,5,132,-1,-1,-1,-1,-1,-1,2,0,0,0,0,0,4,0,12,6,7,41.86402667,-87.62262043
2,367537,-1,30,0,0,0,1,7,5,4,0,0,0,1,-1,-1,-1,0,-1,824,-1,-1,-1,-1,-1,-1,2,1,0,0,1,0,0,0,12,6,7,41.7910933,-87.68411066
0,367521,-1,30,0,0,0,1,14,5,1,2,0,0,0,-1,-1,-1,23,17,424,-1,-1,-1,-1,-1,-1,2,0,0,0,0,0,2,0,12,6,7,41.72386774,-87.55095837
0,367510,-1,30,1,2,0,1,14,5,2,0,0,0,0,1,-1,-1,33,-1,431,-1,1,-1,-1,-1,-1,2,0,0,0,0,0,5,0,12,6,7,41.7226729,-87.55122198
0,367529,-1,30,2,2,0,1,14,2,2,0,0,0,0,1,-1,-1,0,35,211,-1,-1,-1,-1,-1,-1,2,0,0,0,0,0,2,0,12,6,7,41.83108666,-87.6288583
3,367507,-1,30,0,0,0,1,8,5,-1,0,0,0,1,-1,-1,1,21,17,1813,-1,-1,-1,-1,-1,-1,2,1,0,1,0,0,1,0,12,6,7,41.91813938,-87.6439645
0,367498,-1,30,0,0,0,1,7,7,-1,0,0,0,0,-1,-1,1,0,0,1011,-1,-1,-1,-1,-1,-1,2,0,0,0,0,0,1,0,12,6,7,41.86606984,-87.72464787
0,367541,-1,30,0,0,0,1,5,5,-1,0,0,0,0,-1,-1,-1,0,0,1235,-1,-1,-1,-1,-1,-1,1,0,0,0,0,0,1,0,12,6,7,41.85385894,-87.64667407
0,367508,-1,35,0,0,0,1,12,3,-1,0,0,0,0,-1,-1,-1,0,-1,924,-1,-1,-1,-1,-1,-1,2,0,0,0,0,0,2,0,12,6,7,41.80855862,-87.68056451
0,367645,-1,35,0,0,-1,1,12,5,-1,0,-1,-1,0,-1,-1,1,22,-1,1834,-1,-1,-1,-1,-1,-1,2,0,0,0,0,0,2,0,12,6,7,41.89214741,-87.62401911
0,367951,-1,30,-1,-1,0,1,12,5,2,0,0,-1,0,-1,-1,1,11,0,1433,-1,-1,-1,-1,-1,-1,2,0,0,0,0,0,2,0,12,6,7,41.90472033,-87.66767972
1,367503,-1,0,1,2,0,1,12,2,4,0,0,0,1,1,-1,-1,22,21,331,-1,-1,-1,-1,-1,-1,2,1,0,0,0,1,2,0,12,6,7,41.79142028,-87.58014777
1,367494,-1,25,10,0,0,1,8,2,-1,0,0,0,1,-1,0,-1,11,4,124,-1,0,-1,-1,-1,-1,2,1,0,0,0,1,2,0,12,6,7,41.86712202,-87.6414076
0,371839,-1,30,0,0,0,1,12,6,-1,0,0,0,0,-1,-1,1,0,0,1834,-1,-1,-1,-1,-1,-1,2,0,0,0,0,0,2,0,12,6,7,41.89214741,-87.62401911
0,371727,1,20,0,0,-1,-1,7,6,1,0,-1,-1,0,-1,-1,1,0,-1,1033,-1,-1,-1,-1,-1,-1,2,0,0,0,0,0,1,0,12,6,7,41.84827538,-87.70309679
0,368872,1,30,2,2,0,1,0,12,-1,0,0,0,0,1,-1,-1,17,26,1222,-1,-1,-1,-1,-1,-1,2,0,0,0,0,0,2,0,12,6,7,41.88302281,-87.68867744
0,368025,0,30,0,0,0,1,7,6,1,0,0,-1,0,-1,-1,-1,0,0,1934,-1,-1,-1,-1,-1,-1,2,0,0,0,0,0,1,0,12,6,7,41.93671522,-87.63773937
0,367902,-1,30,0,0,0,1,7,7,4,0,0,12,0,-1,-1,1,0,0,924,-1,-1,-1,-1,-1,-1,2,0,0,0,0,0,1,0,12,6,7,41.80966853,-87.6751157
0,367734,-1,30,0,0,0,1,10,7,4,0,0,0,0,-1,-1,1,20,0,1622,-1,-1,-1,-1,-1,-1,2,0,0,0,0,0,2,0,12,6,7,41.96059098,-87.76754304
0,367518,-1,30,1,2,0,1,10,5,4,0,0,0,0,1,-1,-1,20,-1,1234,-1,-1,-1,-1,-1,-1,2,0,0,0,0,0,3,0,12,6,7,41.8541165,-87.66619594
0,367467,-1,30,1,2,0,1,14,2,2,0,0,0,0,-1,-1,-1,23,0,133,-1,-1,-1,-1,-1,-1,2,0,0,0,0,0,3,0,12,6,7,41.83845524,-87.62336814
1,367445,0,25,1,2,0,1,10,6,2,2,0,0,1,-1,-1,-1,18,-1,111,-1,-1,-1,-1,-1,-1,3,1,0,0,0,1,2,0,12,6,7,41.88332022,-87.63043571
0,369058,-1,30,-1,-1,-1,-1,10,-1,-1,0,-1,-1,0,-1,-1,-1,0,-1,1935,-1,-1,-1,-1,-1,-1,2,0,0,0,0,0,3,0,11,6,7,41.9258695,-87.63356109
2,367563,-1,25,1,-1,0,1,10,5,4,0,-1,-1,1,1,-1,-1,18,12,2533,-1,-1,-1,-1,-1,-1,2,1,0,0,1,0,1,0,11,6,7,41.91067394,-87.74577309
0,368912,-1,30,0,0,0,1,10,5,-1,0,0,0,0,-1,-1,-1,0,-1,1811,-1,-1,-1,-1,-1,-1,3,0,0,0,0,0,5,0,11,6,7,41.9165503,-87.65716548
0,367421,-1,30,0,0,0,1,7,5,2,0,0,0,0,-1,-1,-1,0,0,814,-1,-1,-1,-1,-1,-1,2,0,0,0,0,0,1,0,11,6,7,41.7950837,-87.76223277
0,367532,1,30,0,0,0,1,7,6,-1,0,0,0,0,-1,-1,1,0,0,2531,-1,-1,-1,-1,-1,-1,2,0,0,0,0,0,1,0,11,6,7,41.91167179,-87.77050933
0,367438,-1,30,0,0,0,1,7,6,1,0,0,0,0,-1,-1,1,0,-1,1724,-1,-1,-1,-1,-1,-1,3,0,0,0,0,0,1,0,11,6,7,41.96134922,-87.70595114
0,367397,-1,30,0,0,0,1,12,5,2,0,0,0,0,-1,-1,-1,18,18,1632,-1,-1,-1,-1,-1,-1,2,0,0,0,0,0,2,0,11,6,7,41.93818574,-87.80129017
0,367441,-1,30,1,2,0,1,10,5,-1,0,0,0,0,-1,-1,-1,18,-1,2221,-1,-1,-1,-1,-1,-1,2,0,0,0,0,0,2,0,11,6,7,41.73562916,-87.66684643
0,367417,-1,30,1,2,0,1,14,2,-1,0,0,0,0,1,-1,-1,3,0,1433,-1,-1,-1,-1,-1,-1,2,0,0,0,0,0,2,0,11,6,7,41.91074338,-87.66746956
0,367406,-1,35,1,2,0,1,12,2,-1,0,0,0,0,-1,-1,-1,0,-1,815,-1,-1,-1,-1,-1,-1,2,0,0,0,0,0,3,0,11,6,7,41.79306973,-87.74216464
0,370283,1,30,0,0,0,1,7,7,-1,0,0,0,0,-1,-1,1,0,-1,1613,-1,-1,-1,-1,-1,-1,2,0,0,0,0,0,1,0,11,6,7,41.97454295,-87.81134688
0,367458,-1,30,0,0,0,1,2,5,2,0,0,0,0,-1,-1,-1,11,4,1411,-1,-1,-1,-1,-1,-1,1,0,0,0,0,0,1,0,11,6,7,41.9368299,-87.7028056
0,368992,-1,25,0,0,0,1,12,3,-1,0,0,0,0,-1,-1,-1,17,-1,924,-1,-1,-1,-1,-1,-1,2,0,0,0,0,0,2,0,10,6,7,41.80883042,-87.66483056
0,367457,-1,15,0,0,0,1,5,0,1,0,0,0,0,-1,-1,-1,13,-1,413,-1,-1,-1,-1,-1,-1,1,0,0,0,0,0,2,0,10,6,7,41.72823517,-87.59750133
0,367382,-1,30,1,2,0,1,7,5,-1,0,0,0,1,1,-1,-1,11,0,1522,-1,-1,-1,-1,-1,-1,2,0,0,0,0,0,1,0,10,6,7,41.88213518,-87.76484061
0,367365,-1,30,1,2,0,1,10,6,4,0,0,0,0,-1,-1,-1,18,21,122,-1,-1,-1,-1,-1,-1,2,0,0,0,0,0,3,0,10,6,7,41.88331995,-87.63426843
0,367359,-1,30,1,2,0,1,12,2,2,0,0,0,0,-1,-1,-1,22,-1,124,-1,-1,-1,-1,-1,-1,2,0,0,0,0,0,2,0,10,6,7,41.86980688,-87.64367009
0,367489,-1,30,1,2,0,1,12,5,2,0,0,0,0,-1,-1,1,0,-1,124,-1,-1,-1,-1,-1,-1,2,0,0,0,0,0,2,0,10,6,7,41.86983506,-87.64175971
2,367350,-1,0,2,2,0,1,9,2,2,0,0,0,1,-1,-1,1,16,-1,2524,-1,-1,-1,-1,-1,-1,2,1,0,0,1,0,1,0,10,6,7,41.92648173,-87.71718959
0,367548,-1,25,2,2,0,1,7,5,2,0,0,0,0,-1,-1,-1,0,0,1814,-1,-1,-1,-1,-1,-1,2,0,0,0,0,0,1,0,10,6,7,41.92006647,-87.63643918
0,367391,-1,30,0,0,0,1,7,6,2,0,0,0,0,-1,-1,-1,20,0,122,-1,-1,-1,-1,-1,-1,2,0,0,0,0,0,1,0,10,6,7,41.87929007,-87.63236273
2,367349,-1,30,1,2,0,1,10,5,4,0,0,0,1,1,-1,-1,6,2,1533,-1,-1,-1,-1,-1,-1,2,1,0,0,1,0,1,0,10,6,7,41.87309483,-87.74514387
0,367418,-1,30,0,0,0,1,7,5,4,0,0,-1,0,-1,-1,-1,0,-1,1023,-1,-1,-1,-1,-1,-1,2,0,0,0,0,0,3,0,10,6,7,41.86649027,-87.68727681
0,367356,-1,30,1,2,0,1,10,2,-1,0,0,0,0,1,-1,1,16,16,915,-1,-1,-1,-1,-1,-1,2,0,0,0,0,0,2,0,10,6,7,41.83064341,-87.64587452
0,367355,-1,30,0,0,0,1,12,5,-1,0,0,0,0,-1,-1,1,0,0,2213,-1,-1,-1,-1,-1,-1,2,0,0,0,0,0,2,0,10,6,7,41.7066395,-87.68148252
0,367322,-1,30,1,2,0,1,10,3,-1,0,0,0,1,1,-1,-1,16,21,935,-1,-1,-1,-1,-1,-1,2,0,0,0,0,0,12,0,10,6,7,41.79445174,-87.6429297
0,367558,-1,30,0,0,0,1,7,5,-1,0,0,0,0,-1,-1,1,0,0,924,-1,-1,-1,-1,-1,-1,2,0,0,0,0,0,1,0,10,6,7,41.81384868,-87.67224834
0,367337,-1,30,0,0,0,1,7,6,2,0,0,0,0,-1,-1,-1,21,0,1212,-1,-1,-1,-1,-1,-1,2,0,0,0,0,0,1,0,10,6,7,41.90132479,-87.68587427