MOST_SEVERE_INJURY,RD_NO,CRASH_DATE_EST_I,POSTED_SPEED_LIMIT,TRAFFIC_CONTROL_DEVICE,DEVICE_CONDITION,WEATHER_CONDITION,LIGHTING_CONDITION,FIRST_CRASH_TYPE,TRAFFICWAY_TYPE,LANE_CNT,ALIGNMENT,ROADWAY_SURFACE_COND,ROAD_DEFECT,CRASH_TYPE,INTERSECTION_RELATED_I,NOT_RIGHT_OF_WAY_I,HIT_AND_RUN_I,PRIM_CONTRIBUTORY_CAUSE,SEC_CONTRIBUTORY_CAUSE,BEAT_OF_OCCURRENCE,PHOTOS_TAKEN_I,STATEMENTS_TAKEN_I,DOORING_I,WORK_ZONE_I,WORK_ZONE_TYPE,WORKERS_PRESENT_I,NUM_UNITS,INJURIES_TOTAL,INJURIES_FATAL,INJURIES_INCAPACITATING,INJURIES_NON_INCAPACITATING,INJURIES_REPORTED_NOT_EVIDENT,INJURIES_NO_INDICATION,INJURIES_UNKNOWN,CRASH_HOUR,CRASH_DAY_OF_WEEK,CRASH_MONTH,LATITUDE,LONGITUDE
0,367286,-1,30,1,2,0,1,10,3,5,0,0,0,0,1,-1,-1,16,0,114,-1,0,-1,-1,-1,-1,2,0,0,0,0,0,2,0,9,6,7,41.86759463,-87.62249747
0,367306,-1,25,2,2,0,1,10,5,2,0,0,0,0,1,-1,-1,18,-1,913,-1,-1,-1,-1,-1,-1,2,0,0,0,0,0,2,0,9,6,7,41.83514683,-87.65579732
0,367395,-1,30,1,2,0,1,14,2,2,0,0,0,0,-1,-1,-1,22,-1,131,-1,-1,-1,-1,-1,-1,2,0,0,0,0,0,5,0,9,6,7,41.8527688,-87.62975035
1,367276,-1,30,0,0,0,1,10,5,4,0,0,0,1,-1,-1,-1,0,0,2413,-1,-1,-1,-1,-1,-1,2,1,0,0,0,1,1,0,9,6,7,41.99784203,-87.67729578
0,368302,-1,30,1,2,0,3,14,5,2,0,0,3,0,1,-1,-1,23,23,725,-1,1,-1,-1,-1,-1,2,0,0,0,0,0,2,0,9,6,7,41.77937222,-87.66436535
0,367267,-1,30,2,2,0,1,10,2,2,0,0,0,0,-1,-1,-1,18,18,132,-1,-1,-1,-1,-1,-1,2,0,0,0,0,0,2,0,9,6,7,41.86402667,-87.62262043
0,367313,-1,30,0,0,0,1,7,6,1,0,0,-1,0,-1,-1,-1,23,17,1812,-1,-1,-1,-1,-1,-1,2,0,0,0,0,0,2,0,9,6,7,41.92365236,-87.63989337
0,367298,-1,30,0,0,0,1,7,5,2,0,0,0,0,-1,-1,-1,0,0,412,-1,-1,-1,-1,-1,-1,2,0,0,0,0,0,1,0,9,6,7,41.73682151,-87.58439469
0,367259,-1,30,2,2,0,1,0,5,1,0,0,12,0,-1,-1,-1,28,-1,815,-1,-1,-1,-1,-1,-1,2,0,0,0,0,0,2,0,9,6,7,41.80774685,-87.72617573
0,367273,-1,10,0,0,0,1,0,7,-1,0,0,0,0,-1,-1,-1,0,-1,1034,-1,-1,-1,-1,-1,-1,2,0,0,0,0,0,2,0,9,6,7,41.85198156,-87.68126168
0,378729,-1,30,0,0,0,1,7,5,2,0,0,0,0,-1,-1,1,0,-1,1132,-1,-1,-1,-1,-1,-1,2,0,0,0,0,0,1,0,9,6,7,41.86983367,-87.73197305
0,367468,-1,15,0,0,0,1,7,7,-1,0,0,0,0,-1,1,1,-1,-1,1633,-1,-1,-1,-1,-1,-1,2,0,0,0,0,0,1,0,9,6,7,41.93965426,-87.76639052
0,367309,-1,30,0,0,0,1,7,5,-1,0,0,0,0,-1,-1,-1,11,22,1811,-1,-1,-1,-1,-1,-1,2,0,0,0,0,0,1,0,9,6,7,41.92079946,-87.65360515
0,367266,-1,30,0,0,0,1,10,5,2,0,0,0,0,-1,-1,-1,18,-1,1624,-1,-1,-1,-1,-1,-1,2,0,0,0,0,0,3,0,9,6,7,41.96017205,-87.78212313
0,367238,-1,30,1,2,0,1,10,5,2,0,0,0,0,1,-1,-1,18,16,1732,-1,-1,-1,-1,-1,-1,2,0,0,0,0,0,2,0,9,6,7,41.95330679,-87.72746094
0,367227,-1,30,2,2,0,1,12,6,2,0,0,-1,0,-1,-1,1,21,17,1214,-1,-1,-1,-1,-1,-1,2,0,0,0,0,0,2,0,9,6,7,41.89131634,-87.65753855
0,367285,-1,30,0,0,0,1,12,5,-1,0,0,0,0,-1,-1,-1,0,0,624,-1,-1,-1,-1,-1,-1,2,0,0,0,0,0,2,0,8,6,7,41.75005806,-87.6053531
0,367208,-1,30,1,2,0,1,10,3,-1,0,0,0,0,1,-1,-1,16,0,511,-1,-1,-1,-1,-1,-1,2,0,0,0,0,0,2,0,8,6,7,41.72168869,-87.62073346
2,367222,-1,30,2,2,0,1,0,5,2,0,0,0,1,1,-1,-1,5,-1,834,-1,-1,-1,-1,-1,-1,4,1,0,0,1,0,1,0,8,6,7,41.73825623,-87.73140565
0,367230,-1,30,1,2,0,1,12,2,2,0,0,0,1,-1,-1,-1,14,0,1114,-1,-1,-1,-1,-1,-1,3,0,0,0,0,0,5,0,8,6,7,41.88560805,-87.73030853
1,367211,-1,20,1,2,0,1,0,5,2,0,0,0,1,1,-1,-1,15,-1,2211,-1,-1,-1,-1,-1,-1,2,2,0,0,0,2,0,0,8,6,7,41.69148341,-87.7132105
0,367372,-1,30,1,2,0,1,14,5,4,0,0,0,0,1,-1,1,-1,-1,1833,-1,-1,-1,-1,-1,-1,2,0,0,0,0,0,3,0,8,6,7,41.89641068,-87.6241333
0,367664,-1,30,2,2,0,1,14,5,-1,0,0,0,0,-1,-1,-1,23,23,734,-1,-1,-1,-1,-1,-1,2,0,0,0,0,0,2,0,8,6,7,41.76318923,-87.65421368
0,367293,1,25,0,0,0,-1,7,6,1,0,0,0,0,-1,-1,1,0,0,2413,-1,-1,-1,-1,-1,-1,2,0,0,0,0,0,1,0,8,6,7,41.99235907,-87.69240024
0,367221,-1,30,0,0,0,1,10,5,-1,0,0,0,0,-1,-1,-1,18,-1,611,-1,-1,-1,-1,-1,-1,2,0,0,0,0,0,2,0,8,6,7,41.74945379,-87.66933129
2,367206,-1,30,1,2,0,1,8,2,4,0,0,0,1,1,-1,-1,6,-1,1531,-1,-1,-1,-1,-1,-1,3,1,0,0,1,0,2,0,8,6,7,41.89504904,-87.74595552
0,367184,-1,30,1,2,0,1,14,5,2,0,0,0,0,1,-1,-1,23,-1,1512,-1,-1,-1,-1,-1,-1,2,0,0,0,0,0,2,0,8,6,7,41.8876192,-87.7651841
0,367202,-1,30,1,2,0,1,12,5,4,0,0,0,0,1,-1,-1,21,-1,1731,-1,-1,-1,-1,-1,-1,2,0,0,0,0,0,2,0,8,6,7,41.94252417,-87.74681883
3,367271,-1,30,0,0,0,1,9,5,2,0,0,0,1,-1,0,-1,25,-1,2533,-1,-1,-1,-1,-1,-1,2,1,0,1,0,0,2,0,8,6,7,41.90241957,-87.75014353
0,367170,-1,35,0,0,0,1,12,5,-1,0,0,0,0,-1,-1,-1,17,-1,2031,-1,-1,-1,-1,-1,-1,2,0,0,0,0,0,2,0,8,6,7,41.97575167,-87.69321012
0,369366,-1,30,0,0,0,1,7,6,-1,0,0,0,0,-1,-1,1,0,0,1032,-1,-1,-1,-1,-1,-1,2,0,0,0,0,0,1,0,8,6,7,41.84301372,-87.70879706
2,367172,-1,30,1,2,0,1,8,6,2,0,0,0,1,-1,-1,-1,0,0,1832,-1,-1,-1,-1,-1,-1,2,1,0,0,1,0,1,0,7,6,7,41.89554992,-87.62958829
0,367814,-1,10,0,0,0,1,10,0,1,0,0,0,0,-1,-1,-1,20,8,823,-1,-1,-1,-1,-1,-1,2,0,0,0,0,0,2,0,7,6,7,41.78260885,-87.69729252
0,368245,-1,30,0,0,0,3,2,2,4,0,0,12,0,-1,-1,-1,28,28,2512,-1,-1,-1,-1,-1,-1,1,0,0,0,0,0,1,0,7,6,7,41.92366003,-87.80124359
0,367181,-1,0,0,0,0,1,0,7,-1,0,0,0,0,-1,0,-1,0,0,2512,-1,-1,-1,-1,-1,-1,2,0,0,0,0,0,2,0,7,6,7,41.93074442,-87.80634529
0,367175,-1,25,0,0,0,1,7,0,1,0,0,0,0,-1,-1,-1,11,0,631,-1,-1,-1,-1,-1,-1,2,0,0,0,0,0,2,0,7,6,7,41.74812385,-87.61474265
1,367161,-1,30,2,2,0,1,0,5,4,0,0,0,1,1,-1,1,5,17,1533,-1,-1,-1,-1,-1,-1,2,1,0,0,0,1,1,0,7,6,7,41.8749523,-87.74521225
0,367152,-1,0,2,2,0,1,14,12,-1,0,0,0,1,1,-1,-1,11,-1,833,-1,-1,-1,-1,-1,-1,2,0,0,0,0,0,4,0,7,6,7,41.77134222,-87.71754735
0,367146,-1,30,0,0,0,1,12,-1,1,0,0,0,0,-1,1,1,17,22,1723,-1,-1,-1,-1,-1,-1,2,0,0,0,0,0,3,0,7,6,7,41.96464378,-87.71584131
0,367141,-1,25,2,2,0,1,14,8,2,0,0,0,1,1,-1,-1,11,21,2023,-1,-1,-1,-1,-1,-1,2,0,0,0,0,0,2,0,7,6,7,41.97656401,-87.65148769
1,367147,-1,35,0,0,0,1,10,5,4,0,0,0,1,-1,-1,-1,16,7,1112,-1,-1,-1,-1,-1,-1,2,1,0,0,0,1,2,0,7,6,7,41.89555964,-87.71747391
0,371766,1,30,0,0,0,-1,7,5,-1,0,0,0,0,-1,-1,1,0,0,2424,-1,-1,-1,-1,-1,-1,2,0,0,0,0,0,1,0,7,6,7,42.01524447,-87.68316091
0,367433,1,30,0,0,0,1,7,5,2,0,0,0,0,-1,-1,1,0,0,1022,-1,-1,-1,-1,-1,-1,2,0,0,0,0,0,1,0,7,6,7,41.85466119,-87.70277143
2,367160,-1,30,1,2,0,1,8,2,2,0,0,-1,1,1,-1,1,17,0,1911,-1,-1,-1,-1,-1,-1,2,1,0,0,1,0,1,0,7,6,7,41.96142173,-87.68874698
0,367143,-1,30,1,2,0,1,12,5,2,0,0,0,1,-1,-1,1,22,0,1524,-1,-1,-1,-1,-1,-1,2,0,0,0,0,0,2,0,7,6,7,41.89499946,-87.76071912
0,367129,-1,20,0,0,0,1,0,6,2,0,0,0,1,-1,-1,-1,0,0,2514,-1,-1,-1,-1,-1,-1,2,0,0,0,0,0,2,0,6,6,7,41.92960626,-87.76284189
0,367165,-1,30,1,2,0,1,14,3,6,0,0,-1,0,1,-1,-1,22,23,1814,-1,-1,-1,-1,-1,-1,2,0,0,0,0,0,2,0,6,6,7,41.91302893,-87.63269707
0,369520,-1,30,0,0,0,2,7,5,2,0,0,-1,0,-1,-1,1,0,-1,1121,-1,-1,-1,-1,-1,-1,2,0,0,0,0,0,1,0,6,6,7,41.89652584,-87.71008659
1,367123,-1,30,0,0,0,1,14,5,4,0,0,0,1,-1,-1,-1,18,-1,813,-1,-1,-1,-1,-1,-1,2,1,0,0,0,1,1,0,6,6,7,41.78682164,-87.76192648
0,367112,-1,30,1,12,0,1,14,5,4,0,0,0,0,-1,-1,-1,17,-1,811,-1,-1,-1,-1,-1,-1,2,0,0,0,0,0,2,0,5,6,7,41.7947279,-87.76954519
0,367490,-1,30,0,0,0,3,2,2,-1,0,0,0,0,-1,-1,-1,17,17,1613,-1,-1,-1,-1,-1,-1,1,0,0,0,0,0,4,0,5,6,7,41.9831335,-87.82048418
1,367109,-1,30,0,0,0,-1,14,2,-1,0,0,0,1,1,-1,-1,0,0,1531,-1,-1,-1,-1,-1,-1,2,1,0,0,0,1,2,0,5,6,7,41.89849107,-87.7535737
0,367420,-1,30,1,-1,-1,-1,12,5,2,0,-1,-1,0,1,-1,1,18,-1,731,-1,-1,-1,-1,-1,-1,2,0,0,0,0,0,3,0,5,6,7,41.76554364,-87.62983591
0,367102,-1,30,0,0,0,3,7,5,2,0,0,0,0,-1,-1,-1,0,-1,1033,-1,-1,-1,-1,-1,-1,2,0,0,0,0,0,1,0,4,6,7,41.84506311,-87.70490562
0,367093,-1,30,0,0,0,3,2,8,1,4,0,0,1,-1,-1,1,0,-1,1613,-1,-1,-1,-1,-1,-1,1,0,0,0,0,0,3,0,4,6,7,41.98312868,-87.82129467
0,367097,-1,30,1,-1,0,3,10,5,4,0,0,-1,0,0,-1,1,0,0,835,-1,-1,-1,-1,-1,-1,2,0,0,0,0,0,2,0,4,6,7,41.75005493,-87.6829922
0,367080,-1,30,1,2,0,3,0,5,-1,0,0,0,0,1,-1,1,6,-1,1713,-1,-1,-1,-1,-1,-1,2,0,0,0,0,0,2,0,3,6,7,41.96473014,-87.71310388
0,367838,1,30,0,-1,0,1,7,5,1,2,0,-1,0,-1,-1,1,0,-1,1433,-1,-1,-1,-1,-1,-1,2,0,0,0,0,0,1,0,3,6,7,41.91069116,-87.67121392
0,367078,-1,30,1,2,0,3,6,8,1,3,0,0,1,-1,-1,-1,0,0,122,-1,-1,-1,-1,-1,-1,1,0,0,0,0,0,1,0,3,6,7,41.87687156,-87.63698795
0,367066,-1,35,0,0,0,0,2,2,-1,0,0,0,0,-1,-1,-1,16,0,512,-1,-1,-1,-1,-1,-1,1,0,0,0,0,0,1,0,2,6,7,41.70708836,-87.62123158
0,368085,-1,30,0,0,0,3,7,6,-1,0,0,0,0,-1,-1,1,0,-1,1624,-1,-1,-1,-1,-1,-1,2,0,0,0,0,0,1,0,2,6,7,41.95611801,-87.75958118
0,367071,-1,30,1,2,0,3,10,3,-1,0,0,0,0,-1,-1,1,0,-1,1235,-1,-1,-1,-1,-1,-1,2,0,0,0,0,0,2,0,2,6,7,41.85806266,-87.64679527
0,368951,1,30,0,0,-1,3,7,5,-1,0,-1,-1,0,-1,-1,1,0,0,1421,-1,-1,-1,-1,-1,-1,2,0,0,0,0,0,1,0,2,6,7,41.9120878,-87.7066574
0,367052,-1,25,0,0,0,0,7,5,-1,0,0,3,0,-1,-1,-1,32,10,434,-1,-1,-1,-1,-1,-1,5,0,0,0,0,0,1,0,1,6,7,41.70288717,-87.56120639
0,367049,-1,30,-1,-1,0,3,2,6,2,0,0,0,0,-1,0,-1,0,0,122,-1,-1,-1,-1,-1,-1,1,0,0,0,0,0,1,0,1,6,7,41.8790919,-87.63360789
0,367034,-1,15,0,0,0,3,0,7,-1,0,-1,-1,0,-1,1,-1,20,-1,623,-1,-1,-1,-1,-1,-1,2,0,0,0,0,0,2,0,1,6,7,41.7580961,-87.62420813
1,367021,-1,35,1,2,0,3,3,5,-1,0,0,0,1,1,-1,-1,32,6,1524,-1,-1,-1,-1,-1,-1,2,1,0,0,0,1,1,0,1,6,7,41.89125039,-87.75561155
0,367434,-1,30,0,0,0,3,10,5,-1,0,0,0,0,-1,-1,1,22,-1,1513,-1,-1,-1,-1,-1,-1,2,0,0,0,0,0,2,0,1,6,7,41.88213362,-87.76500658
0,366999,-1,30,1,2,0,3,0,3,2,0,1,0,0,1,-1,-1,6,6,215,-1,-1,-1,-1,-1,-1,2,0,0,0,0,0,2,0,0,6,7,41.81643881,-87.6295866
2,366984,-1,30,1,2,0,3,10,5,2,0,0,0,1,0,-1,1,0,-1,1822,-1,-1,-1,-1,-1,-1,3,1,0,0,1,0,7,0,0,6,7,41.90363993,-87.65554697
0,366967,-1,30,1,2,0,3,8,1,5,0,-1,-1,0,-1,-1,1,18,18,1434,-1,-1,-1,-1,-1,-1,2,0,0,0,0,0,2,0,0,6,7,41.91680089,-87.68724162
2,366939,-1,30,1,2,0,3,2,3,-1,0,0,0,1,1,-1,-1,0,-1,324,-1,-1,-1,-1,-1,-1,1,1,0,0,1,0,0,0,23,5,7,41.7590241,-87.59584
0,368007,1,30,-1,-1,-1,-1,7,5,1,0,-1,-1,0,-1,-1,1,0,0,2523,-1,-1,-1,-1,-1,-1,2,0,0,0,0,0,1,0,23,5,7,41.93615353,-87.73581367
0,367015,-1,30,0,0,0,3,7,6,1,0,0,0,0,-1,-1,1,0,0,631,-1,-1,-1,-1,-1,-1,2,0,0,0,0,0,1,0,23,5,7,41.74558575,-87.61370658
0,366944,-1,30,0,0,0,3,7,6,1,0,0,0,1,-1,-1,-1,11,-1,831,-1,-1,-1,-1,-1,-1,2,0,0,0,0,0,1,0,23,5,7,41.77226998,-87.68848884
0,367654,-1,30,0,0,0,1,12,8,-1,2,0,0,0,-1,-1,-1,0,-1,2024,-1,-1,-1,-1,-1,-1,2,0,0,0,0,0,2,0,23,5,7,41.96940862,-87.64831726
0,366937,-1,20,2,2,0,3,8,6,1,1,0,0,0,1,-1,-1,0,-1,114,-1,-1,-1,-1,-1,-1,2,0,0,0,0,0,1,0,23,5,7,41.88560816,-87.6173458
2,366930,-1,30,1,2,0,3,0,3,6,0,0,0,1,1,-1,-1,6,-1,1831,-1,-1,-1,-1,-1,-1,2,1,0,0,1,0,1,0,23,5,7,41.89084146,-87.63270628
2,366920,-1,30,1,2,0,3,0,1,3,0,0,0,1,1,-1,-1,0,0,1411,-1,1,-1,-1,-1,-1,2,1,0,0,1,0,1,0,23,5,7,41.93198596,-87.69755673
0,368171,1,30,0,0,0,3,7,6,1,0,0,0,0,-1,-1,1,0,0,2413,-1,-1,-1,-1,-1,-1,2,0,0,0,0,0,1,0,23,5,7,41.99576522,-87.70734297
0,367150,-1,30,0,0,0,3,7,2,2,0,0,0,0,-1,-1,1,0,0,2524,-1,-1,-1,-1,-1,-1,2,0,0,0,0,0,1,0,23,5,7,41.93155339,-87.73667031
0,366881,-1,30,2,2,0,3,0,5,2,0,0,0,0,1,-1,-1,5,-1,1113,-1,-1,-1,-1,-1,-1,2,0,0,0,0,0,2,0,22,5,7,41.87704559,-87.73788519
0,366863,-1,35,0,0,0,3,7,5,-1,0,0,0,0,-1,-1,1,-1,-1,1713,-1,-1,-1,-1,-1,-1,2,0,0,0,0,0,1,0,22,5,7,41.97133988,-87.71329942
0,367859,-1,30,0,0,0,0,12,5,2,0,0,0,0,-1,-1,-1,17,-1,1622,-1,-1,-1,-1,-1,-1,2,0,0,0,0,0,2,0,22,5,7,41.98499065,-87.76844719
0,366883,-1,35,1,2,0,3,3,2,-1,0,0,0,1,1,-1,-1,23,6,2222,-1,-1,-1,-1,-1,-1,2,0,0,0,0,0,2,0,22,5,7,41.73594201,-87.64515418
0,367882,-1,30,0,0,-1,-1,7,6,-1,0,0,0,1,-1,-1,-1,-1,-1,831,-1,-1,-1,-1,-1,-1,2,0,0,0,0,0,1,0,22,5,7,41.77226998,-87.68848884
0,366877,-1,30,0,0,0,3,7,7,-1,0,0,0,0,-1,1,1,0,0,813,-1,-1,-1,-1,-1,-1,2,0,0,0,0,0,1,0,22,5,7,41.78660841,-87.72313003
0,366816,-1,0,0,0,0,3,7,7,-1,0,0,0,0,-1,0,-1,0,0,1831,-1,-1,-1,-1,-1,-1,2,0,0,0,0,0,1,0,21,5,7,41.89633573,-87.63434063
0,366851,-1,30,2,2,0,3,12,5,2,0,0,-1,0,-1,-1,-1,22,0,1433,-1,-1,-1,-1,-1,-1,2,0,0,0,0,0,3,0,21,5,7,41.91776124,-87.67261198
0,366842,0,30,1,2,0,3,12,2,2,0,0,0,0,1,-1,-1,0,-1,2511,-1,-1,-1,-1,-1,-1,2,0,0,0,0,0,6,0,21,5,7,41.93791203,-87.80689111
0,366871,-1,30,1,2,0,3,10,2,-1,0,0,0,0,-1,-1,-1,18,18,1911,-1,-1,-1,-1,-1,-1,2,0,0,0,0,0,2,0,21,5,7,41.96140185,-87.68883262
0,366812,-1,30,0,0,0,3,10,5,2,0,0,0,1,-1,-1,1,18,0,332,-1,-1,-1,-1,-1,-1,2,0,0,0,0,0,2,0,21,5,7,41.76735296,-87.57647796
2,366826,-1,35,0,0,0,3,8,2,2,0,0,0,1,-1,-1,-1,-1,-1,1411,-1,-1,1,-1,-1,-1,2,1,0,0,1,0,1,0,21,5,7,41.93204685,-87.68897869
0,366807,-1,25,0,0,0,3,7,5,2,0,0,0,0,-1,-1,1,0,11,2211,-1,-1,-1,-1,-1,-1,3,0,0,0,0,0,1,0,21,5,7,41.7103899,-87.68316813
2,367068,-1,30,-1,-1,-1,3,0,2,-1,0,-1,-1,1,1,-1,-1,17,16,1411,-1,-1,-1,-1,-1,-1,2,1,0,0,1,0,3,0,21,5,7,41.9392315,-87.70667141
0,367331,1,30,0,0,0,0,7,5,2,0,0,0,0,-1,-1,1,0,0,2011,-1,-1,-1,-1,-1,-1,2,0,0,0,0,0,1,0,21,5,7,41.97936015,-87.6991594
0,366858,0,30,2,2,0,4,10,5,2,0,0,0,0,-1,-1,-1,18,14,2525,-1,-1,-1,-1,-1,-1,2,0,0,0,0,0,3,0,21,5,7,41.91725772,-87.72792344
0,366745,-1,30,0,0,0,3,10,5,2,0,0,0,1,-1,-1,-1,18,-1,1623,-1,-1,-1,-1,-1,-1,2,0,0,0,0,0,2,0,20,5,7,41.97537894,-87.7534193
0,366776,-1,25,0,0,0,3,7,5,2,0,0,0,1,-1,-1,1,10,0,931,-1,-1,-1,-1,-1,-1,3,0,0,0,0,0,3,0,20,5,7,41.80215897,-87.6771059
3,366783,-1,30,0,0,0,3,2,5,4,0,0,0,1,-1,-1,1,0,-1,1225,-1,-1,-1,-1,-1,-1,1,1,0,1,0,0,1,0,20,5,7,41.87868579,-87.66961461
0,366760,1,30,-1,2,0,3,14,2,-1,0,0,0,0,-1,-1,-1,11,21,1414,-1,-1,-1,-1,-1,-1,2,0,0,0,0,0,3,0,20,5,7,41.92469277,-87.69786462
0,366769,-1,30,1,2,0,4,12,5,-1,0,0,0,0,-1,-1,-1,0,0,632,-1,-1,-1,-1,-1,-1,2,0,0,0,0,0,2,0,20,5,7,41.73660345,-87.61517429
1,367721,-1,30,0,0,0,1,10,5,-1,0,0,0,1,-1,-1,-1,0,0,822,-1,-1,-1,-1,-1,-1,2,1,0,0,0,1,2,0,20,5,7,41.78507649,-87.72279065
0,366798,-1,30,3,-1,0,4,12,5,-1,0,0,0,0,1,-1,-1,0,-1,1934,-1,-1,-1,-1,-1,-1,2,0,0,0,0,0,4,0,20,5,7,41.93826514,-87.63770962
0,366730,-1,35,2,2,0,0,10,5,1,0,0,0,0,1,-1,1,18,0,1824,-1,-1,-1,-1,-1,-1,2,0,0,0,0,0,2,0,20,5,7,41.90378318,-87.63189481
0,366751,-1,30,0,0,0,3,12,3,4,0,0,-1,0,-1,-1,-1,21,0,1834,-1,-1,-1,-1,-1,-1,2,0,0,0,0,0,2,0,20,5,7,41.88939788,-87.6243904
0,366716,-1,30,0,0,0,4,12,5,-1,0,0,0,0,-1,-1,-1,17,16,1531,-1,-1,-1,-1,-1,-1,2,0,0,0,0,0,2,0,19,5,7,41.89486207,-87.74989801
0,366686,-1,30,0,0,0,4,7,5,2,0,0,0,0,-1,-1,-1,0,0,2033,-1,-1,-1,-1,-1,-1,2,0,0,0,0,0,1,0,19,5,7,41.97427007,-87.66752797
0,366675,-1,25,0,0,0,1,7,12,1,0,0,0,0,-1,-1,-1,10,0,2024,-1,-1,-1,-1,-1,-1,2,0,0,0,0,0,1,0,19,5,7,41.97164925,-87.65762072
0,366734,-1,30,0,0,0,1,12,5,-1,0,0,0,0,-1,-1,-1,0,0,1531,-1,-1,-1,-1,-1,-1,2,0,0,0,0,0,5,0,19,5,7,41.89486207,-87.74989801
0,366710,-1,20,0,0,0,4,7,6,-1,0,0,0,1,-1,-1,-1,8,0,2223,-1,-1,-1,-1,-1,-1,2,0,0,0,0,0,1,0,19,5,7,41.73201458,-87.64243445
0,366687,-1,35,0,2,0,1,14,5,2,0,0,0,0,-1,-1,-1,20,11,1033,-1,-1,-1,-1,-1,-1,2,0,0,0,0,0,2,0,19,5,7,41.84628775,-87.70156192
0,366677,-1,25,0,0,0,1,10,6,2,0,0,0,0,-1,-1,-1,20,-1,132,-1,-1,-1,-1,-1,-1,2,0,0,0,0,0,9,0,19,5,7,41.86653742,-87.60726848
2,366879,-1,30,1,2,0,1,14,5,-1,0,0,0,1,-1,-1,-1,23,6,1411,-1,-1,-1,-1,-1,-1,2,1,0,0,1,0,2,0,19,5,7,41.93925335,-87.70278523
0,366847,-1,25,2,2,0,1,14,5,2,0,0,-1,0,1,-1,-1,0,0,813,-1,-1,-1,-1,-1,-1,2,0,0,0,0,0,5,0,19,5,7,41.78576161,-87.73166573
0,366837,-1,20,0,0,0,-1,2,12,-1,0,-1,-1,0,-1,-1,-1,-1,-1,924,-1,-1,-1,-1,-1,-1,1,0,0,0,0,0,1,0,19,5,7,41.82304078,-87.66514908
0,366693,-1,30,1,2,0,1,12,5,-1,0,0,0,0,-1,-1,-1,0,-1,1621,-1,-1,-1,-1,-1,-1,2,0,0,0,0,0,2,0,19,5,7,41.99602756,-87.76425359
0,366659,-1,30,-1,-1,0,4,10,5,2,0,0,-1,0,-1,-1,1,0,0,1523,-1,-1,-1,-1,-1,-1,2,0,0,0,0,0,3,0,19,5,7,41.8868203,-87.75544383
0,366651,-1,10,0,0,0,1,12,7,-1,0,0,0,0,-1,-1,1,0,0,812,-1,-1,-1,-1,-1,-1,2,0,0,0,0,0,2,0,19,5,7,41.77784508,-87.76638144
0,366707,-1,30,0,0,0,1,12,6,2,0,0,0,0,-1,-1,-1,-1,-1,111,-1,-1,-1,-1,-1,-1,2,0,0,0,0,0,4,0,19,5,7,41.88460096,-87.62782852
0,366661,-1,30,0,0,0,1,7,7,-1,0,0,0,0,-1,-1,-1,0,-1,1034,-1,-1,-1,-1,-1,-1,2,0,0,0,0,0,1,0,19,5,7,41.85216786,-87.66897504
2,366680,-1,25,1,2,0,1,8,6,-1,0,0,0,1,1,-1,-1,0,-1,1935,-1,-1,-1,-1,-1,-1,2,1,0,0,1,0,3,0,19,5,7,41.92620072,-87.63133087
0,366952,-1,35,0,0,0,1,7,5,2,0,0,0,0,-1,-1,1,0,0,1215,-1,-1,-1,-1,-1,-1,2,0,0,0,0,0,1,0,19,5,7,41.88561136,-87.65690639
0,366873,-1,35,0,0,0,1,12,5,-1,0,0,0,0,-1,-1,-1,22,21,111,-1,-1,-1,-1,-1,-1,2,0,0,0,0,0,2,0,19,5,7,41.88452056,-87.62805828
0,366642,-1,30,0,0,0,4,14,5,1,0,0,0,0,-1,-1,-1,0,0,1133,-1,-1,-1,-1,-1,-1,2,0,0,0,0,0,3,0,19,5,7,41.86684387,-87.7131438
0,366666,-1,30,2,0,0,1,14,1,4,2,0,0,0,1,-1,1,17,22,633,1,-1,-1,-1,-1,-1,2,0,0,0,0,0,2,0,19,5,7,41.72196169,-87.61650356
1,366690,-1,30,1,2,0,1,10,5,2,0,0,0,1,-1,-1,1,0,-1,1711,-1,-1,-1,-1,-1,-1,2,1,0,0,0,1,1,0,19,5,7,41.99592449,-87.72875656
0,366664,-1,0,1,2,0,1,11,6,1,0,0,0,0,-1,-1,1,21,22,2024,-1,-1,-1,-1,-1,-1,2,0,0,0,0,0,2,0,19,5,7,41.97168494,-87.65520933
2,366609,-1,30,0,0,0,1,8,7,0,0,0,0,1,-1,1,1,0,0,1131,-1,-1,-1,-1,-1,-1,2,1,0,0,1,0,1,0,19,5,7,41.8742723,-87.73539024
0,367798,-1,20,0,0,0,3,7,7,-1,0,0,0,0,-1,1,-1,11,-1,2512,-1,-1,-1,-1,-1,-1,2,0,0,0,0,0,1,0,19,5,7,41.93083392,-87.78913379
0,367465,-1,25,2,2,0,1,14,2,-1,0,0,0,0,1,-1,-1,22,22,923,-1,-1,-1,-1,-1,-1,2,0,0,0,0,0,3,0,19,5,7,41.80269789,-87.6939835
0,367233,-1,30,0,0,0,1,14,2,-1,0,0,0,0,-1,-1,-1,17,17,1732,-1,-1,-1,-1,-1,-1,2,0,0,0,0,0,2,0,19,5,7,41.95353736,-87.72769519
0,366791,1,30,1,2,0,1,14,5,-1,0,0,0,0,-1,-1,-1,0,0,2023,-1,-1,-1,-1,-1,-1,2,0,0,0,0,0,2,0,19,5,7,41.98008226,-87.65986809
0,366780,-1,40,0,0,0,4,12,5,4,0,0,0,0,-1,-1,-1,21,-1,2023,-1,-1,-1,-1,-1,-1,2,0,0,0,0,0,2,0,19,5,7,41.97677895,-87.65016355