MOST_SEVERE_INJURY,RD_NO,CRASH_DATE_EST_I,POSTED_SPEED_LIMIT,TRAFFIC_CONTROL_DEVICE,DEVICE_CONDITION,WEATHER_CONDITION,LIGHTING_CONDITION,FIRST_CRASH_TYPE,TRAFFICWAY_TYPE,LANE_CNT,ALIGNMENT,ROADWAY_SURFACE_COND,ROAD_DEFECT,CRASH_TYPE,INTERSECTION_RELATED_I,NOT_RIGHT_OF_WAY_I,HIT_AND_RUN_I,PRIM_CONTRIBUTORY_CAUSE,SEC_CONTRIBUTORY_CAUSE,BEAT_OF_OCCURRENCE,PHOTOS_TAKEN_I,STATEMENTS_TAKEN_I,DOORING_I,WORK_ZONE_I,WORK_ZONE_TYPE,WORKERS_PRESENT_I,NUM_UNITS,INJURIES_TOTAL,INJURIES_FATAL,INJURIES_INCAPACITATING,INJURIES_NON_INCAPACITATING,INJURIES_REPORTED_NOT_EVIDENT,INJURIES_NO_INDICATION,INJURIES_UNKNOWN,CRASH_HOUR,CRASH_DAY_OF_WEEK,CRASH_MONTH,LATITUDE,LONGITUDE
0,366645,-1,30,1,2,0,1,0,3,3,0,0,0,0,1,-1,1,6,16,634,-1,-1,-1,-1,-1,-1,3,0,0,0,0,0,6,0,18,5,7,41.73616511,-87.62558757
0,366627,-1,30,1,2,0,1,8,2,6,0,0,0,0,1,-1,-1,21,22,1232,-1,1,-1,-1,-1,-1,2,0,0,0,0,0,2,0,18,5,7,41.86711966,-87.6452815
0,366655,-1,30,0,0,0,4,12,5,2,0,0,0,0,-1,-1,-1,20,0,1934,-1,-1,-1,-1,-1,-1,2,0,0,0,0,0,3,0,18,5,7,41.93947059,-87.64331786
0,366652,-1,30,1,2,0,3,14,6,-1,0,0,0,1,-1,-1,-1,5,-1,111,-1,-1,-1,-1,-1,-1,2,0,0,0,0,0,2,0,18,5,7,41.88668034,-87.63081064
0,366784,-1,35,0,0,0,1,10,5,-1,0,0,0,0,-1,-1,-1,18,-1,331,-1,-1,-1,-1,-1,-1,2,0,0,0,0,0,2,0,18,5,7,41.76735719,-87.57618477
0,366683,-1,30,0,0,0,1,10,2,-1,0,0,0,0,-1,-1,-1,16,18,1235,-1,-1,-1,-1,-1,-1,2,0,0,0,0,0,2,0,18,5,7,41.85753413,-87.64021154
0,366607,-1,10,0,0,0,1,5,7,-1,0,0,0,0,-1,-1,-1,17,0,431,-1,-1,-1,-1,-1,-1,2,0,0,0,0,0,2,0,18,5,7,41.72226152,-87.58307194
2,366887,-1,30,0,0,0,3,8,6,1,0,0,0,1,-1,-1,-1,22,-1,1931,-1,-1,-1,-1,-1,-1,2,1,0,0,1,0,1,0,18,5,7,41.93796952,-87.66947473
0,366644,-1,30,0,0,0,1,14,5,2,0,0,0,1,-1,-1,-1,17,-1,1934,-1,-1,-1,-1,-1,-1,2,0,0,0,0,0,2,0,18,5,7,41.9391201,-87.64451528
0,366705,-1,30,0,0,0,1,14,5,-1,0,0,0,1,-1,-1,-1,17,0,815,-1,-1,-1,-1,-1,-1,2,0,0,0,0,0,2,0,18,5,7,41.81030444,-87.72382201
0,367358,-1,20,0,0,-1,1,7,5,-1,0,-1,0,0,-1,-1,1,0,0,1733,-1,-1,-1,-1,-1,-1,2,0,0,0,0,0,1,0,18,5,7,41.95341078,-87.70296591
0,366635,-1,30,1,2,0,1,14,5,-1,0,0,0,1,1,-1,-1,17,0,822,-1,-1,-1,-1,-1,-1,2,0,0,0,0,0,3,0,18,5,7,41.78616026,-87.71572913
0,366605,-1,30,1,-1,0,1,10,5,-1,0,0,0,0,-1,-1,-1,-1,-1,2531,-1,-1,-1,-1,-1,-1,3,0,0,0,0,0,3,0,18,5,7,41.90948796,-87.76577699
3,366583,-1,30,2,2,0,1,14,2,0,0,0,0,1,1,-1,-1,33,0,1712,-1,-1,-1,-1,-1,-1,2,1,0,1,0,0,1,0,18,5,7,41.9683363,-87.72940199
0,366619,-1,30,0,0,0,1,7,6,1,0,0,0,0,-1,-1,-1,25,-1,1631,-1,-1,-1,-1,-1,-1,2,0,0,0,0,0,1,0,18,5,7,41.94767069,-87.80936288
0,366715,-1,30,0,0,0,1,14,7,-1,0,0,0,0,-1,-1,-1,0,0,614,-1,-1,-1,-1,-1,-1,2,0,0,0,0,0,2,0,18,5,7,41.74298409,-87.66339656
2,366602,-1,30,1,2,0,1,10,2,-1,0,0,0,1,1,-1,1,18,-1,1433,-1,-1,-1,-1,-1,-1,2,2,0,0,2,0,7,0,18,5,7,41.91082311,-87.66166513
0,366574,-1,30,0,2,0,1,10,5,2,0,0,0,1,-1,-1,-1,16,-1,915,-1,-1,-1,-1,-1,-1,2,0,0,0,0,0,2,0,18,5,7,41.82688347,-87.64586917
0,367215,-1,30,1,2,0,1,14,3,6,0,0,0,0,-1,-1,-1,17,17,815,-1,-1,-1,-1,-1,-1,2,0,0,0,0,0,2,0,18,5,7,41.81905247,-87.7241127
0,366585,-1,30,0,0,0,1,10,2,2,0,0,0,0,-1,-1,-1,0,0,913,-1,-1,-1,-1,-1,-1,2,0,0,0,0,0,2,0,18,5,7,41.84578417,-87.64660325
0,366557,-1,30,0,0,0,1,0,5,-1,0,0,0,0,-1,-1,-1,-1,-1,815,-1,-1,-1,-1,-1,-1,2,0,0,0,0,0,2,0,18,5,7,41.79874728,-87.74278569
0,366639,-1,30,1,2,0,1,10,5,-1,0,0,0,0,1,-1,-1,0,0,1834,-1,-1,-1,-1,-1,-1,2,0,0,0,0,0,2,0,18,5,7,41.89408675,-87.61517629
0,367137,-1,35,1,2,0,1,12,5,2,0,0,0,0,-1,-1,-1,0,0,233,-1,-1,-1,-1,-1,-1,2,0,0,0,0,0,2,0,18,5,7,41.80222063,-87.60655293
1,366954,-1,30,-1,-1,0,1,10,5,-1,0,0,0,1,-1,-1,1,-1,0,1814,-1,-1,-1,-1,-1,-1,2,1,0,0,0,1,1,0,18,5,7,41.91143624,-87.63163462
0,366589,-1,30,2,2,0,1,14,2,4,0,-1,-1,0,-1,-1,-1,6,11,1731,-1,-1,-1,-1,-1,-1,2,0,0,0,0,0,2,0,18,5,7,41.94111107,-87.7273863
0,366579,-1,30,0,0,0,1,14,2,4,0,0,0,0,-1,-1,-1,11,-1,2013,-1,-1,-1,-1,-1,-1,2,0,0,0,0,0,2,0,18,5,7,41.98425875,-87.66086972
0,366551,-1,30,-1,-1,-1,-1,12,-1,-1,0,-1,-1,0,-1,-1,1,0,-1,1622,-1,-1,-1,-1,-1,-1,2,0,0,0,0,0,2,0,18,5,7,41.97579195,-87.76861783
0,366550,-1,40,1,3,0,1,10,2,4,0,0,0,0,-1,-1,-1,0,18,2022,-1,-1,-1,-1,-1,-1,3,0,0,0,0,0,3,0,17,5,7,41.98566764,-87.65517867
0,366564,-1,30,1,2,0,1,14,2,4,0,0,0,0,-1,-1,-1,21,22,1213,-1,-1,-1,-1,-1,-1,2,0,0,0,0,0,2,0,17,5,7,41.8961042,-87.67203183
0,366580,-1,30,0,0,0,1,12,5,-1,0,0,0,0,-1,-1,-1,0,0,1214,-1,-1,-1,-1,-1,-1,2,0,0,0,0,0,2,0,17,5,7,41.88891817,-87.64447797
2,366528,0,30,1,2,0,1,10,3,-1,0,0,0,1,1,-1,-1,0,0,1232,-1,-1,-1,-1,-1,-1,3,3,0,0,3,0,2,0,17,5,7,41.86694555,-87.65310356
0,366504,-1,5,0,0,0,1,10,5,-1,0,0,-1,0,-1,-1,-1,0,0,813,-1,-1,-1,-1,-1,-1,2,0,0,0,0,0,3,0,17,5,7,41.78562796,-87.73804242
0,366495,-1,20,0,0,0,1,12,7,2,0,0,0,0,-1,-1,-1,22,22,133,-1,-1,-1,-1,-1,-1,2,0,0,0,0,0,2,0,17,5,7,41.83999178,-87.60812877
0,366537,-1,30,1,2,0,1,10,5,-1,0,0,0,0,1,-1,-1,0,0,114,-1,-1,-1,-1,-1,-1,2,0,0,0,0,0,2,0,17,5,7,41.88098221,-87.61710465
0,366546,-1,25,1,2,0,1,10,5,2,0,0,0,0,1,-1,-1,18,-1,2411,-1,-1,-1,-1,-1,-1,2,0,0,0,0,0,2,0,17,5,7,42.01217318,-87.69984398
0,366508,-1,30,0,0,0,1,14,5,-1,0,0,0,0,-1,-1,1,17,0,832,-1,-1,-1,-1,-1,-1,2,0,0,0,0,0,2,0,17,5,7,41.76483183,-87.68186292
0,366490,-1,25,0,0,0,1,7,5,-1,0,0,0,0,-1,-1,-1,-1,0,1931,-1,-1,-1,-1,-1,-1,2,0,0,0,0,0,1,0,17,5,7,41.93720321,-87.68328861
2,366525,-1,30,2,2,1,1,0,5,4,0,0,0,1,1,-1,-1,33,11,1233,-1,-1,-1,-1,-1,-1,2,2,0,0,2,0,1,0,17,5,7,41.86055282,-87.66636938
0,368021,-1,30,0,0,0,1,14,5,-1,0,0,0,0,-1,-1,-1,0,0,813,-1,-1,-1,-1,-1,-1,2,0,0,0,0,0,2,0,17,5,7,41.79315506,-87.72330377
0,367860,-1,30,0,0,0,1,10,5,-1,0,0,0,0,-1,-1,-1,0,0,723,-1,-1,-1,-1,-1,-1,2,0,0,0,0,0,2,0,17,5,7,41.76894649,-87.64457066
0,367653,-1,30,0,0,0,1,7,5,-1,0,0,0,0,-1,-1,-1,0,0,1711,-1,-1,-1,-1,-1,-1,2,0,0,0,0,0,1,0,17,5,7,41.98950949,-87.71062668
0,367533,-1,35,0,0,-1,-1,10,6,-1,0,-1,-1,0,-1,-1,-1,18,-1,1833,-1,-1,-1,-1,-1,-1,2,0,0,0,0,0,2,0,17,5,7,41.89770258,-87.62346196
0,366578,-1,30,0,0,0,1,12,6,3,0,0,-1,0,-1,-1,1,21,-1,1834,-1,-1,-1,-1,-1,-1,2,0,0,0,0,0,2,0,17,5,7,41.89120469,-87.61530248
0,366628,-1,0,0,0,0,1,11,7,-1,0,0,0,0,-1,-1,-1,20,-1,912,-1,-1,-1,-1,-1,-1,2,0,0,0,0,0,2,0,17,5,7,41.83431107,-87.66389989
0,366448,-1,55,0,0,0,1,10,12,4,0,0,0,0,-1,-1,-1,0,0,412,-1,-1,-1,-1,-1,-1,2,0,0,0,0,0,3,0,17,5,7,41.73878314,-87.57589446
0,366521,-1,30,0,0,0,1,2,12,-1,0,0,0,0,-1,-1,1,0,7,613,-1,-1,-1,-1,-1,-1,1,0,0,0,0,0,1,0,17,5,7,41.73632057,-87.64863821
0,366529,-1,35,1,2,0,1,0,2,2,0,0,0,0,1,-1,-1,17,0,1034,-1,-1,-1,-1,-1,-1,2,0,0,0,0,0,2,0,17,5,7,41.8488453,-87.67526272
2,366463,-1,35,0,0,0,1,14,2,-1,0,0,-1,1,-1,-1,-1,17,0,2533,-1,-1,-1,-1,-1,-1,2,3,0,0,1,2,1,0,17,5,7,41.90437981,-87.75567604
0,366467,-1,30,1,2,0,1,10,2,2,0,0,0,0,-1,-1,-1,0,-1,1113,-1,-1,-1,-1,-1,-1,2,0,0,0,0,0,2,0,17,5,7,41.87705162,-87.73737399
0,366534,-1,33,0,0,0,1,14,3,-1,0,0,0,0,-1,-1,-1,23,11,1023,-1,-1,-1,-1,-1,-1,2,0,0,0,0,0,6,0,17,5,7,41.86439191,-87.68738223
0,366482,-1,30,2,2,0,1,12,2,4,0,0,0,0,-1,-1,1,21,-1,2432,-1,-1,-1,-1,-1,-1,2,0,0,0,0,0,2,0,17,5,7,42.00148861,-87.66059697
0,366478,-1,30,1,2,0,1,0,2,2,0,0,0,1,1,-1,-1,6,16,423,-1,-1,-1,-1,-1,-1,2,0,0,0,0,0,4,0,17,5,7,41.7443717,-87.56597759
2,366460,-1,30,2,2,0,1,0,5,4,0,0,0,1,1,-1,-1,17,16,1611,-1,-1,-1,-1,-1,-1,2,1,0,0,1,0,2,0,17,5,7,42.01160187,-87.81501658
0,366437,-1,30,10,3,0,1,0,12,2,0,0,0,1,-1,-1,1,3,17,522,-1,-1,-1,-1,-1,-1,2,0,0,0,0,0,2,0,16,5,7,41.69066477,-87.62800262
0,366409,-1,30,1,2,0,1,10,2,4,0,0,0,0,-1,-1,-1,0,0,1621,-1,-1,-1,-1,-1,-1,2,0,0,0,0,0,2,0,16,5,7,41.98978799,-87.74843741
0,366588,-1,30,2,0,0,1,10,5,-1,0,0,0,0,-1,-1,-1,0,-1,1423,-1,-1,-1,-1,-1,-1,2,0,0,0,0,0,2,0,16,5,7,41.90479556,-87.69707304
0,366476,-1,30,0,0,0,1,10,5,-1,0,0,0,0,-1,-1,-1,18,-1,2535,-1,-1,-1,-1,-1,-1,2,0,0,0,0,0,2,0,16,5,7,41.91319175,-87.72628922
0,366444,-1,5,0,0,0,1,0,7,-1,0,0,0,0,-1,-1,-1,12,0,623,-1,-1,-1,-1,-1,-1,2,0,0,0,0,0,2,0,16,5,7,41.75081916,-87.6266274
2,366413,-1,30,0,0,0,1,8,5,2,0,0,3,1,-1,-1,-1,-1,-1,1733,-1,-1,-1,-1,-1,-1,2,1,0,0,1,0,0,0,16,5,7,41.94888628,-87.70773467
0,366414,-1,35,0,0,0,1,14,6,1,0,0,0,0,-1,-1,1,21,23,1021,-1,-1,-1,-1,-1,-1,2,0,0,0,0,0,2,0,16,5,7,41.86304326,-87.70807045
0,367282,-1,30,0,0,0,1,10,7,3,0,0,-1,0,-1,-1,-1,18,16,122,-1,-1,-1,-1,-1,-1,2,0,0,0,0,0,3,0,16,5,7,41.88582205,-87.63230374
0,366626,-1,30,0,0,0,4,10,-1,-1,0,0,0,0,-1,-1,-1,-1,-1,1834,-1,-1,-1,-1,-1,-1,2,0,0,0,0,0,4,0,16,5,7,41.89120469,-87.61530248
1,366470,-1,30,2,0,0,1,14,5,-1,0,0,0,1,-1,-1,-1,0,0,823,-1,-1,-1,-1,-1,-1,2,1,0,0,0,1,1,0,16,5,7,41.77889657,-87.70206217
0,366427,-1,30,0,0,0,1,10,5,-1,0,0,0,0,-1,-1,-1,0,0,1814,-1,-1,-1,-1,-1,-1,2,0,0,0,0,0,2,0,16,5,7,41.91302893,-87.63269707
0,366390,-1,30,0,0,0,1,12,6,3,0,0,0,0,-1,-1,-1,20,25,1834,-1,-1,-1,-1,-1,-1,2,0,0,0,0,0,2,0,16,5,7,41.89167324,-87.62551853
0,366465,-1,30,1,2,0,1,12,2,4,0,0,0,0,-1,-1,-1,0,0,1732,-1,-1,-1,-1,-1,-1,2,0,0,0,0,0,2,0,16,5,7,41.95230497,-87.72742737
2,366418,-1,30,1,2,0,1,14,5,2,0,0,0,1,1,-1,-1,17,14,623,-1,-1,-1,-1,-1,-1,2,1,0,0,1,0,2,0,16,5,7,41.75102047,-87.61510225
0,366417,-1,35,0,0,0,1,12,2,4,0,0,0,0,-1,-1,-1,23,-1,2211,-1,-1,-1,-1,-1,-1,2,0,0,0,0,0,2,0,16,5,7,41.70626813,-87.68283339
0,366384,-1,30,0,0,0,1,0,7,0,0,0,-1,0,-1,1,-1,20,-1,131,-1,-1,-1,-1,-1,-1,2,0,0,0,0,0,2,0,16,5,7,41.86672435,-87.62596115
0,366381,-1,25,0,0,0,1,7,5,-1,0,0,0,0,-1,-1,-1,20,-1,1812,-1,-1,-1,-1,-1,-1,2,0,0,0,0,0,1,0,16,5,7,41.91826023,-87.65037712
-1,366374,-1,30,-1,-1,0,1,14,5,-1,0,-1,-1,0,-1,-1,-1,17,22,2531,-1,-1,-1,-1,-1,-1,-1,-1,-1,-1,-1,-1,-1,-1,16,5,7,41.90938751,-87.77361418
0,366702,-1,30,0,0,0,1,7,7,-1,0,0,0,0,-1,1,-1,20,-1,835,-1,-1,-1,-1,-1,-1,2,0,0,0,0,0,3,0,16,5,7,41.75031089,-87.6827074
0,366479,-1,35,1,2,0,1,12,5,-1,0,0,-1,0,-1,-1,-1,-1,-1,412,-1,-1,-1,-1,-1,-1,2,0,0,0,0,0,6,0,16,5,7,41.73696313,-87.57586271
0,366446,-1,35,0,0,0,1,12,3,-1,0,0,0,0,0,-1,1,22,0,1824,-1,-1,-1,-1,-1,-1,2,0,0,0,0,0,2,0,16,5,7,41.90959743,-87.62631221
0,366459,-1,30,0,0,0,1,12,5,-1,0,0,0,0,-1,-1,1,-1,-1,712,-1,-1,-1,-1,-1,-1,2,0,0,0,0,0,2,0,16,5,7,41.78688061,-87.64876252
0,369156,-1,30,1,2,0,1,10,5,-1,0,0,0,0,1,-1,-1,18,-1,2531,-1,-1,-1,-1,-1,-1,2,0,0,0,0,0,2,0,16,5,7,41.90936279,-87.77564366
0,366474,-1,30,0,0,0,1,10,5,-1,0,0,-1,0,-1,-1,-1,0,0,621,-1,-1,-1,-1,-1,-1,2,0,0,0,0,0,2,0,16,5,7,41.75236341,-87.64423481
0,366440,-1,30,1,2,0,1,14,2,-1,0,0,0,1,1,-1,-1,0,0,813,-1,-1,-1,-1,-1,-1,2,0,0,0,0,0,2,0,16,5,7,41.78588849,-87.72310659
0,366398,-1,35,2,0,0,1,0,5,-1,0,0,0,0,1,-1,-1,17,-1,1724,-1,-1,-1,-1,-1,-1,4,0,0,0,0,0,4,0,16,5,7,41.96128386,-87.70953537
0,366354,-1,30,0,0,0,1,12,5,2,0,-1,-1,0,-1,-1,-1,17,0,1121,-1,-1,-1,-1,-1,-1,2,0,0,0,0,0,2,0,15,5,7,41.89318352,-87.71151402
0,366328,-1,30,0,0,0,1,12,5,-1,0,0,-1,0,-1,-1,-1,17,23,1134,-1,-1,-1,-1,-1,-1,2,0,0,0,0,0,2,0,15,5,7,41.87489016,-87.70609758
0,366385,-1,30,0,0,0,1,7,5,-1,0,0,0,1,-1,-1,1,0,-1,834,-1,-1,-1,-1,-1,-1,3,0,0,0,0,0,1,0,15,5,7,41.7464524,-87.70337222
0,366349,-1,30,0,0,0,1,12,5,-1,0,0,0,0,-1,-1,-1,-1,-1,822,-1,-1,-1,-1,-1,-1,2,0,0,0,0,0,3,0,15,5,7,41.79326478,-87.71268029
0,366302,-1,25,0,0,0,1,12,5,4,0,0,-1,0,-1,-1,1,22,21,813,-1,-1,-1,-1,-1,-1,2,0,0,0,0,0,3,0,15,5,7,41.78681155,-87.74150909
0,366458,-1,30,1,2,0,1,10,2,4,0,0,0,0,1,-1,-1,16,18,912,-1,-1,-1,-1,-1,-1,3,0,0,0,0,0,4,0,15,5,7,41.83545687,-87.66583402
0,368954,-1,30,-1,-1,-1,1,10,5,2,0,-1,-1,0,-1,-1,-1,0,0,1432,-1,-1,-1,-1,-1,-1,2,0,0,0,0,0,2,0,15,5,7,41.93053248,-87.68564026
0,366376,-1,30,0,0,0,1,12,5,4,0,0,0,0,1,-1,1,22,0,1932,-1,-1,-1,-1,-1,-1,2,0,0,0,0,0,3,0,15,5,7,41.92887339,-87.66812824
0,366332,-1,20,0,0,0,1,7,5,2,0,0,0,0,-1,-1,-1,0,0,2511,-1,-1,-1,-1,-1,-1,2,0,0,0,0,0,1,0,15,5,7,41.93744803,-87.78605016
0,366297,-1,30,0,0,0,1,10,5,-1,0,0,0,0,-1,-1,-1,18,0,2533,-1,-1,-1,-1,-1,-1,3,0,0,0,0,0,5,0,15,5,7,41.91354904,-87.75566404
0,366372,-1,30,1,2,0,1,14,5,2,0,0,0,0,1,-1,-1,0,0,421,-1,-1,-1,-1,-1,-1,2,0,0,0,0,0,2,0,15,5,7,41.75187423,-87.56374866
0,366363,-1,30,1,0,0,1,14,5,-1,0,0,-1,0,-1,-1,-1,17,23,1225,-1,-1,-1,-1,-1,-1,2,0,0,0,0,0,3,0,15,5,7,41.87868579,-87.66961461
0,366300,1,30,1,2,0,1,10,5,-1,0,0,0,0,-1,-1,-1,18,-1,2411,-1,-1,-1,-1,-1,-1,2,0,0,0,0,0,2,0,15,5,7,42.01207042,-87.69480592
0,366289,-1,30,1,2,0,1,14,3,0,0,0,0,1,1,-1,-1,17,-1,1722,-1,-1,-1,-1,-1,-1,2,0,0,0,0,0,3,0,15,5,7,41.95373705,-87.72776661
0,366303,-1,30,2,2,0,1,0,5,2,0,0,0,1,1,-1,-1,17,5,1233,-1,-1,-1,-1,-1,-1,2,0,0,0,0,0,4,0,15,5,7,41.86340896,-87.65672628
0,366779,-1,25,0,0,0,1,9,5,1,0,0,0,0,-1,-1,-1,0,0,1932,-1,-1,-1,-1,-1,-1,2,0,0,0,0,0,3,0,15,5,7,41.92548774,-87.6534947
0,366322,-1,30,0,0,0,1,14,2,4,0,0,0,0,-1,-1,-1,22,-1,2031,-1,-1,-1,-1,-1,-1,2,0,0,0,0,0,2,0,15,5,7,41.97522,-87.69904676
0,367335,-1,30,1,2,0,1,10,2,4,0,0,0,0,-1,-1,-1,0,0,1911,-1,-1,-1,-1,-1,-1,2,0,0,0,0,0,2,0,15,5,7,41.95431219,-87.6886212
0,366368,-1,30,0,0,0,1,12,5,-1,0,0,0,0,-1,-1,-1,22,22,411,-1,-1,-1,-1,-1,-1,2,0,0,0,0,0,2,0,15,5,7,41.75705939,-87.58563502
0,366350,-1,30,0,0,0,1,12,5,-1,0,-1,0,0,-1,-1,-1,0,0,1722,-1,-1,-1,-1,-1,-1,2,0,0,0,0,0,4,0,15,5,7,41.96720478,-87.7390419
0,366339,-1,30,-1,-1,-1,-1,12,5,-1,0,-1,-1,0,-1,-1,1,0,0,413,-1,-1,-1,-1,-1,-1,2,0,0,0,0,0,2,0,15,5,7,41.72545852,-87.57557552
0,366315,-1,30,0,0,0,1,10,2,4,0,0,0,0,-1,-1,1,18,16,2031,-1,-1,-1,-1,-1,-1,3,0,0,0,0,0,4,0,15,5,7,41.97263071,-87.68918714
0,366333,-1,20,0,0,0,1,7,6,-1,0,0,0,0,-1,-1,1,20,23,2432,-1,-1,-1,-1,-1,-1,2,0,0,0,0,0,1,0,15,5,7,42.00189853,-87.66620115
0,367909,-1,30,-1,0,0,1,10,-1,-1,0,0,0,0,1,-1,1,0,-1,623,-1,-1,-1,-1,-1,-1,2,0,0,0,0,0,2,0,15,5,7,41.75809218,-87.62490223
0,366375,-1,30,0,0,0,1,7,5,-1,0,0,0,0,-1,-1,1,0,0,122,-1,-1,-1,-1,-1,-1,2,0,0,0,0,0,3,0,15,5,7,41.88435558,-87.63463655
0,366257,-1,30,0,0,0,1,14,2,4,0,0,0,0,-1,-1,-1,0,0,1032,-1,-1,-1,-1,-1,-1,2,0,0,0,0,0,2,0,15,5,7,41.83811415,-87.70499447
0,366248,-1,30,0,0,0,1,12,3,4,0,0,0,0,-1,-1,-1,13,-1,933,-1,-1,-1,-1,-1,-1,2,0,0,0,0,0,2,0,14,5,7,41.80612958,-87.66475704
0,366247,-1,30,0,2,0,1,14,5,2,0,0,0,0,1,-1,-1,17,0,233,-1,-1,-1,-1,-1,-1,2,0,0,0,0,0,2,0,14,5,7,41.79951395,-87.60126683
0,366208,-1,30,0,0,0,1,10,5,-1,0,0,0,1,-1,-1,-1,18,18,1623,-1,-1,-1,-1,-1,-1,3,0,0,0,0,0,3,0,14,5,7,41.97990263,-87.76825221
0,367707,-1,30,0,0,-1,-1,14,2,4,0,-1,-1,0,1,-1,-1,17,-1,813,-1,-1,-1,-1,-1,-1,2,0,0,0,0,0,2,0,14,5,7,41.79053041,-87.7232329
0,366260,-1,10,0,0,0,1,7,7,-1,0,-1,-1,0,-1,-1,-1,0,-1,1121,-1,-1,-1,-1,-1,-1,2,0,0,0,0,0,1,0,14,5,7,41.89566259,-87.70661921
0,366228,-1,30,0,0,0,1,10,5,-1,0,0,12,0,-1,-1,-1,18,16,813,-1,-1,-1,1,2,1,2,0,0,0,0,0,2,0,14,5,7,41.78740565,-87.74154239
1,366428,-1,30,0,0,0,1,12,5,-1,0,0,0,1,-1,-1,-1,27,-1,432,-1,-1,-1,-1,-1,-1,2,1,0,0,0,1,1,0,14,5,7,41.71783755,-87.53542826
0,366400,-1,15,0,0,0,1,11,0,1,0,0,0,0,-1,-1,1,18,0,1712,-1,-1,-1,-1,-1,-1,2,0,0,0,0,0,2,0,14,5,7,41.97327151,-87.71946386
0,366290,-1,30,0,0,0,1,12,2,-1,0,0,0,1,-1,-1,-1,21,-1,1422,-1,-1,-1,-1,-1,-1,2,0,0,0,0,0,2,0,14,5,7,41.90993932,-87.71226971
0,367688,-1,30,0,0,0,1,7,5,-1,0,0,0,0,-1,-1,1,0,0,811,-1,-1,-1,-1,-1,-1,3,0,0,0,0,0,1,0,14,5,7,41.79922971,-87.76629707
0,366559,-1,30,2,2,0,1,14,5,-1,0,0,0,0,-1,-1,-1,0,0,813,-1,-1,-1,-1,-1,-1,2,0,0,0,0,0,2,0,14,5,7,41.79134942,-87.72325532
0,366237,-1,30,0,0,0,1,10,5,-1,0,0,0,0,-1,-1,-1,18,-1,1622,-1,-1,-1,-1,-1,-1,3,0,0,0,0,0,3,0,14,5,7,41.97579142,-87.76927689
0,366234,-1,30,1,2,0,1,10,5,-1,0,0,-1,0,-1,-1,1,18,18,1023,-1,-1,-1,-1,-1,-1,2,0,0,0,0,0,3,0,14,5,7,41.86143892,-87.69575396
0,366218,-1,30,0,0,0,1,0,5,2,0,0,0,0,-1,-1,0,0,-1,1733,-1,-1,-1,-1,-1,-1,2,0,0,0,0,0,2,0,14,5,7,41.93941394,-87.71140952
0,366189,-1,30,0,0,0,1,7,5,1,0,0,0,1,-1,-1,-1,0,-1,1631,-1,-1,-1,-1,-1,-1,2,0,0,0,0,0,1,0,14,5,7,41.93964141,-87.82082094
0,366268,-1,30,0,0,0,1,7,6,1,0,-1,-1,0,-1,-1,-1,20,11,1924,-1,-1,-1,-1,-1,-1,2,0,0,0,0,0,3,0,14,5,7,41.94174004,-87.66072669
0,373077,-1,0,0,0,-1,1,7,7,-1,0,0,0,0,-1,-1,-1,20,-1,513,-1,-1,-1,-1,-1,-1,2,0,0,0,0,0,1,0,14,5,7,41.69950279,-87.60610297
0,366207,-1,30,0,-1,0,1,14,7,-1,0,0,-1,0,-1,-1,-1,23,-1,2531,-1,-1,-1,-1,-1,-1,2,0,0,0,0,0,2,0,14,5,7,41.90209124,-87.77521789
0,366183,-1,35,0,0,0,1,10,5,-1,0,0,0,0,-1,-1,-1,0,0,911,-1,-1,-1,-1,-1,-1,2,0,0,0,0,0,2,0,14,5,7,41.82437883,-87.68718918
0,366187,-1,30,1,2,0,1,10,5,-1,0,0,0,0,-1,-1,1,0,-1,1732,-1,-1,-1,-1,-1,-1,2,0,0,0,0,0,2,0,13,5,7,41.95276555,-87.72773669
0,366219,-1,35,2,2,0,1,10,5,-1,0,0,0,0,-1,-1,-1,0,-1,1611,-1,-1,-1,-1,-1,-1,2,0,0,0,0,0,3,0,13,5,7,42.00310388,-87.81643979
0,366191,-1,30,0,0,0,1,10,6,3,0,0,0,1,-1,-1,-1,18,11,112,-1,-1,-1,-1,-1,-1,2,0,0,0,0,0,2,0,13,5,7,41.88000961,-87.62921341
0,366126,-1,35,0,0,0,1,0,5,-1,0,0,0,1,1,-1,-1,-1,-1,2412,-1,-1,-1,-1,-1,-1,2,0,0,0,0,0,2,0,13,5,7,41.99773384,-87.69605085
0,366170,-1,30,0,0,0,1,10,2,2,0,0,0,0,0,-1,1,18,-1,2413,-1,-1,-1,-1,-1,-1,2,0,0,0,0,0,2,0,13,5,7,41.99740642,-87.70213223
0,366159,-1,30,0,0,0,1,7,5,-1,0,0,0,0,-1,-1,-1,20,-1,1624,-1,-1,-1,-1,-1,-1,2,0,0,0,0,0,1,0,13,5,7,41.95316377,-87.77684259
0,366213,-1,35,0,0,0,1,10,6,2,0,0,0,0,-1,-1,-1,20,20,1733,-1,-1,-1,-1,-1,-1,2,0,0,0,0,0,2,0,13,5,7,41.94057322,-87.7041324