MOST_SEVERE_INJURY,RD_NO,CRASH_DATE_EST_I,POSTED_SPEED_LIMIT,TRAFFIC_CONTROL_DEVICE,DEVICE_CONDITION,WEATHER_CONDITION,LIGHTING_CONDITION,FIRST_CRASH_TYPE,TRAFFICWAY_TYPE,LANE_CNT,ALIGNMENT,ROADWAY_SURFACE_COND,ROAD_DEFECT,CRASH_TYPE,INTERSECTION_RELATED_I,NOT_RIGHT_OF_WAY_I,HIT_AND_RUN_I,PRIM_CONTRIBUTORY_CAUSE,SEC_CONTRIBUTORY_CAUSE,BEAT_OF_OCCURRENCE,PHOTOS_TAKEN_I,STATEMENTS_TAKEN_I,DOORING_I,WORK_ZONE_I,WORK_ZONE_TYPE,WORKERS_PRESENT_I,NUM_UNITS,INJURIES_TOTAL,INJURIES_FATAL,INJURIES_INCAPACITATING,INJURIES_NON_INCAPACITATING,INJURIES_REPORTED_NOT_EVIDENT,INJURIES_NO_INDICATION,INJURIES_UNKNOWN,CRASH_HOUR,CRASH_DAY_OF_WEEK,CRASH_MONTH,LATITUDE,LONGITUDE
0,368773,-1,5,0,0,0,1,7,12,-1,0,0,0,0,-1,-1,-1,0,-1,623,-1,-1,-1,-1,-1,-1,2,0,0,0,0,0,3,0,13,5,7,41.75388249,-87.62448276
0,366111,-1,30,1,2,0,1,14,5,-1,0,0,0,0,-1,-1,-1,0,0,923,-1,-1,-1,-1,-1,-1,2,0,0,0,0,0,2,0,13,5,7,41.79398135,-87.68414174
0,366192,-1,30,1,2,0,1,12,2,2,0,0,0,0,1,-1,-1,0,0,1133,-1,-1,-1,-1,-1,-1,2,0,0,0,0,0,2,0,13,5,7,41.8664423,-87.71195378
0,366107,-1,30,2,2,0,1,0,5,4,0,0,-1,1,1,-1,-1,17,-1,1214,-1,-1,-1,-1,-1,-1,2,0,0,0,0,0,5,0,13,5,7,41.89127957,-87.64873362
0,366109,-1,30,0,0,0,1,7,5,2,0,0,0,0,-1,-1,-1,13,-1,1434,-1,-1,-1,-1,-1,-1,2,0,0,0,0,0,1,0,13,5,7,41.91511008,-87.68343535
0,366373,-1,30,1,2,0,1,10,5,-1,0,0,-1,0,-1,-1,-1,0,-1,2232,-1,-1,-1,-1,-1,-1,2,0,0,0,0,0,5,0,13,5,7,41.70711624,-87.63570396
0,366095,-1,30,1,2,0,1,12,2,2,0,0,2,0,-1,-1,-1,17,0,2514,-1,-1,-1,-1,-1,-1,2,0,0,0,0,0,2,0,13,5,7,41.92764768,-87.76626652
0,366212,-1,30,0,0,0,1,7,5,-1,0,0,0,0,-1,-1,1,0,0,1814,-1,-1,-1,-1,-1,-1,2,0,0,0,0,0,1,0,13,5,7,41.91149437,-87.6348681
0,366206,-1,30,0,0,0,1,12,3,6,0,0,-1,0,0,-1,-1,21,-1,114,-1,-1,-1,-1,-1,-1,2,0,0,0,0,0,2,0,13,5,7,-1,-1
0,366166,-1,30,0,0,0,1,7,2,2,0,0,0,0,-1,-1,1,0,0,1723,-1,-1,-1,-1,-1,-1,2,0,0,0,0,0,1,0,13,5,7,41.96825177,-87.71724871
0,366132,-1,30,0,0,0,1,14,5,-1,0,0,0,0,-1,-1,-1,0,0,1524,-1,-1,-1,-1,-1,-1,2,0,0,0,0,0,2,0,13,5,7,41.89499946,-87.76071912
0,366104,-1,30,2,-1,0,1,0,5,-1,0,-1,-1,0,1,-1,-1,5,17,2525,-1,-1,-1,-1,-1,-1,2,0,0,0,0,0,2,0,13,5,7,41.91724397,-87.72906372
0,355115,-1,30,0,0,0,1,7,5,-1,0,0,0,0,-1,-1,-1,20,-1,925,-1,-1,-1,-1,-1,-1,2,0,0,0,0,0,1,0,13,5,7,41.81645602,-87.65519969
0,366167,-1,35,2,2,0,1,10,5,-1,0,0,0,0,1,-1,-1,18,0,2033,-1,-1,-1,-1,-1,-1,2,0,0,0,0,0,2,0,12,5,7,41.96912828,-87.66000689
0,366089,-1,0,2,2,0,1,0,6,1,0,0,0,0,-1,-1,-1,17,3,1831,-1,-1,-1,-1,-1,-1,2,0,0,0,0,0,2,0,12,5,7,41.8956755,-87.63619433
0,366071,-1,30,0,0,0,1,10,2,4,0,0,0,1,-1,-1,-1,18,-1,1613,-1,-1,-1,-1,-1,-1,2,0,0,0,0,0,2,0,12,5,7,41.98020323,-87.80683112
0,366695,-1,20,0,0,0,1,7,5,2,0,0,0,0,-1,-1,1,21,25,321,-1,-1,-1,-1,-1,-1,2,0,0,0,0,0,1,0,12,5,7,41.77520512,-87.5959324
0,366608,-1,35,1,2,0,1,10,3,-1,0,0,0,0,-1,-1,-1,18,-1,332,-1,-1,-1,-1,-1,-1,2,0,0,0,0,0,2,0,12,5,7,41.7731982,-87.58594908
0,366053,-1,30,0,0,0,1,10,5,-1,0,0,0,0,-1,-1,-1,0,0,813,-1,-1,-1,-1,-1,-1,2,0,0,0,0,0,2,0,12,5,7,41.7765116,-87.74237234
0,366338,-1,30,0,0,0,1,7,2,2,0,0,0,0,-1,-1,1,0,0,2023,-1,-1,-1,-1,-1,-1,2,0,0,0,0,0,1,0,12,5,7,41.98308034,-87.65990622
0,366099,-1,30,0,0,0,1,12,5,1,0,0,0,0,-1,-1,-1,-1,-1,1213,-1,-1,-1,-1,-1,-1,2,0,0,0,0,0,5,0,12,5,7,41.89647851,-87.64915141
0,366069,-1,30,1,2,0,1,14,2,-1,0,0,0,1,1,-1,-1,21,-1,915,-1,-1,-1,-1,-1,-1,2,0,0,0,0,0,2,0,12,5,7,41.83063969,-87.64618421
0,366018,-1,25,0,0,0,1,7,6,1,0,0,0,0,-1,-1,-1,0,0,2431,-1,-1,-1,-1,-1,-1,2,0,0,0,0,0,1,0,12,5,7,42.00851028,-87.66634348
0,366058,-1,30,0,0,0,1,12,5,-1,0,0,0,0,-1,-1,-1,0,0,1834,-1,-1,-1,-1,-1,-1,2,0,0,0,0,0,2,0,12,5,7,41.89356954,-87.61616254
0,366004,-1,30,0,0,0,1,12,5,4,0,0,-1,0,-1,-1,-1,0,-1,1013,-1,-1,-1,-1,-1,-1,2,0,0,0,0,0,2,0,12,5,7,41.8501706,-87.72701196
0,366147,-1,15,-1,-1,0,1,5,0,1,0,-1,-1,0,-1,-1,1,0,0,1722,-1,-1,-1,-1,-1,-1,1,0,0,0,0,0,2,0,12,5,7,41.96416097,-87.73239785
0,366022,-1,30,0,0,0,1,7,6,-1,0,0,0,0,-1,-1,1,0,0,2523,-1,-1,-1,-1,-1,-1,2,0,0,0,0,0,1,0,12,5,7,41.9361964,-87.73083742
0,365982,-1,25,0,0,0,1,7,6,1,0,0,0,1,-1,-1,-1,0,0,414,-1,-1,-1,-1,-1,-1,2,0,0,0,0,0,1,0,11,5,7,41.74706742,-87.56874318
0,366477,-1,30,1,2,0,1,12,5,-1,0,0,0,0,1,-1,-1,0,0,1821,-1,-1,-1,-1,-1,-1,2,0,0,0,0,0,2,0,11,5,7,41.91105146,-87.63502767
0,366028,-1,15,0,0,0,1,7,7,1,0,0,0,0,-1,-1,-1,0,0,1411,-1,-1,-1,-1,-1,-1,2,0,0,0,0,0,3,0,11,5,7,41.9322054,-87.69767924
0,365973,-1,25,0,0,5,1,14,7,2,0,0,0,0,-1,1,-1,21,0,2011,-1,-1,-1,-1,-1,-1,2,0,0,0,0,0,2,0,11,5,7,41.99029969,-87.70513321
0,365998,-1,30,1,3,0,1,12,5,3,0,0,0,0,-1,-1,-1,0,0,1024,-1,-1,-1,-1,-1,-1,2,0,0,0,0,0,2,0,11,5,7,41.85162937,-87.7148505
0,366081,-1,30,0,0,0,1,2,3,2,0,0,0,0,-1,-1,-1,0,-1,1213,-1,-1,-1,-1,-1,-1,1,0,0,0,0,0,1,0,11,5,7,41.89975659,-87.6575448
3,365889,-1,30,0,0,0,1,14,2,-1,0,0,0,1,1,-1,-1,22,17,815,-1,-1,-1,-1,-1,-1,2,1,0,1,0,0,1,0,11,5,7,41.81690171,-87.72405154
0,365959,-1,30,1,5,0,1,5,5,-1,0,0,0,0,1,-1,-1,21,0,2522,-1,-1,-1,1,-1,1,1,0,0,0,0,0,2,0,11,5,7,41.91714729,-87.73647826
2,365944,-1,30,0,0,0,1,14,2,4,0,0,0,1,-1,-1,-1,23,11,921,-1,-1,-1,-1,-1,-1,2,2,0,0,2,0,2,0,11,5,7,41.82159129,-87.69178163
0,365939,-1,30,1,1,0,1,14,6,2,0,0,0,0,-1,-1,-1,21,-1,111,-1,-1,-1,-1,-1,-1,2,0,0,0,0,0,2,0,11,5,7,41.8833222,-87.6297751
0,371724,-1,30,0,0,0,1,7,5,4,0,0,0,0,-1,-1,-1,0,0,1831,-1,-1,-1,-1,-1,-1,2,0,0,0,0,0,2,0,11,5,7,41.89458903,-87.63550637
0,365923,-1,30,2,2,0,1,12,5,-1,0,0,0,0,-1,-1,-1,17,-1,912,-1,-1,-1,1,2,1,2,0,0,0,0,0,2,0,11,5,7,41.82871228,-87.67020871
0,365941,-1,30,12,12,0,1,5,12,1,2,0,0,0,-1,1,-1,20,0,1834,-1,-1,-1,-1,-1,-1,1,0,0,0,0,0,1,0,11,5,7,41.89362442,-87.6266242
0,367701,-1,30,0,0,0,1,7,7,-1,0,0,-1,0,-1,-1,1,0,0,623,-1,-1,-1,-1,-1,-1,2,0,0,0,0,0,1,0,11,5,7,41.75093958,-87.61891501
0,367387,-1,25,0,0,0,1,7,6,1,0,0,0,0,-1,-1,-1,11,0,1212,-1,-1,-1,-1,-1,-1,2,0,0,0,0,0,1,0,11,5,7,41.90143064,-87.68000353
0,366820,-1,35,0,2,0,1,7,6,-1,0,0,0,0,-1,-1,-1,20,35,1212,-1,-1,-1,-1,-1,-1,2,0,0,0,0,0,1,0,11,5,7,41.9014265,-87.6802309
0,366307,-1,30,0,0,0,1,7,5,-1,0,0,0,0,-1,-1,-1,0,-1,1812,-1,-1,-1,-1,-1,-1,2,0,0,0,0,0,1,0,11,5,7,41.92539022,-87.64591367
0,365902,-1,10,0,0,0,1,11,8,2,1,0,0,0,-1,-1,-1,16,16,1914,-1,-1,-1,-1,-1,-1,2,0,0,0,0,0,2,0,10,5,7,41.96572946,-87.64110484
0,365961,-1,30,1,2,0,1,12,6,-1,0,0,0,0,1,-1,-1,22,-1,1831,-1,-1,-1,-1,-1,-1,2,0,0,0,0,0,3,0,10,5,7,41.89227381,-87.63450063
0,365936,-1,30,0,0,0,1,7,5,2,0,0,0,0,-1,-1,1,0,-1,211,-1,-1,-1,-1,-1,-1,2,0,0,0,0,0,1,0,10,5,7,41.83517068,-87.61956731
0,365958,-1,30,1,2,0,1,10,6,2,0,0,0,0,1,-1,-1,0,-1,211,-1,-1,-1,-1,-1,-1,2,0,0,0,0,0,2,0,10,5,7,41.83798074,-87.62987795
0,365896,-1,25,0,0,0,1,7,5,2,0,0,0,0,-1,-1,-1,12,0,324,-1,-1,-1,-1,-1,-1,2,0,0,0,0,0,1,0,10,5,7,41.7654767,-87.59690546
0,365890,-1,30,0,0,0,1,12,3,-1,0,0,0,0,-1,-1,-1,0,0,2433,-1,-1,-1,-1,-1,-1,2,0,0,0,0,0,2,0,10,5,7,41.99530998,-87.67033331
3,365894,-1,30,0,0,0,1,9,0,1,0,0,0,1,-1,-1,-1,20,17,112,-1,-1,-1,1,-1,1,2,1,0,1,0,0,1,0,10,5,7,41.88011505,-87.62921495
0,368744,-1,30,1,2,0,1,10,5,-1,0,0,0,0,-1,-1,-1,0,0,215,-1,-1,-1,-1,-1,-1,3,0,0,0,0,0,5,0,10,5,7,41.81620485,-87.61692701
0,365914,-1,25,0,0,0,1,7,12,-1,0,0,0,0,-1,-1,-1,0,-1,123,-1,-1,-1,-1,-1,-1,2,0,0,0,0,0,1,0,10,5,7,41.86915477,-87.62619859
0,365909,-1,30,0,0,0,1,10,5,4,0,0,0,0,-1,-1,-1,16,18,221,-1,-1,-1,-1,-1,-1,3,0,0,0,0,0,4,0,10,5,7,41.8165518,-87.60685104
0,365891,-1,30,1,2,0,1,10,2,2,0,0,0,0,-1,-1,-1,0,0,1834,-1,-1,-1,-1,-1,-1,2,0,0,0,0,0,2,0,10,5,7,41.89325077,-87.6269062
0,365995,-1,30,0,0,0,1,10,5,2,0,0,0,0,-1,-1,-1,18,-1,1833,-1,-1,-1,-1,-1,-1,2,0,0,0,0,0,2,0,10,5,7,41.89671137,-87.6182079
0,366736,1,15,0,0,0,1,7,12,-1,0,0,0,0,-1,1,-1,0,-1,1231,-1,-1,-1,-1,-1,-1,2,0,0,0,0,0,1,0,10,5,7,41.87407765,-87.66753662
0,366570,-1,30,0,0,0,0,7,5,-1,0,0,0,0,-1,-1,1,0,0,1523,-1,-1,-1,-1,-1,-1,2,0,0,0,0,0,1,0,10,5,7,41.88478388,-87.75752721
0,366323,-1,30,0,0,0,1,7,5,-1,0,0,0,0,-1,-1,1,0,0,915,-1,-1,-1,-1,-1,-1,2,0,0,0,0,0,1,0,10,5,7,41.83781289,-87.63545683
0,366024,-1,30,2,2,0,1,14,5,-1,0,0,0,0,1,-1,-1,17,-1,1111,-1,-1,-1,-1,-1,-1,2,0,0,0,0,0,2,0,10,5,7,41.89892838,-87.73857374
0,365872,-1,30,1,2,0,1,12,2,-1,0,0,0,0,-1,-1,-1,0,-1,2524,-1,-1,-1,-1,-1,-1,2,0,0,0,0,0,4,0,10,5,7,41.93174236,-87.72712439
0,365862,-1,30,0,0,0,1,12,5,-1,0,0,0,0,-1,-1,-1,17,0,1232,-1,-1,-1,1,2,-1,2,0,0,0,0,0,2,0,10,5,7,41.86697921,-87.65094404
2,365804,-1,30,2,2,0,1,14,3,2,0,0,-1,1,1,-1,-1,18,-1,1215,-1,-1,-1,-1,-1,-1,2,1,0,0,1,0,2,0,9,5,7,41.889996,-87.66716037
0,365829,-1,30,2,2,0,1,0,2,2,0,0,0,0,-1,-1,-1,22,0,1232,-1,-1,-1,-1,-1,-1,2,0,0,0,0,0,3,0,9,5,7,41.88119524,-87.64719423
0,365893,-1,30,0,0,0,1,12,5,-1,0,0,0,0,-1,-1,-1,0,-1,122,-1,-1,-1,-1,-1,-1,2,0,0,0,0,0,2,0,9,5,7,41.88001343,-87.63657239
0,365808,-1,30,0,0,0,1,7,7,-1,0,0,0,0,-1,-1,1,20,25,1231,-1,-1,-1,-1,-1,-1,2,0,0,0,0,0,1,0,9,5,7,41.87729294,-87.66172778
0,365820,-1,30,0,0,0,1,7,6,1,0,0,0,0,-1,-1,1,0,-1,233,-1,-1,-1,-1,-1,-1,2,0,0,0,0,0,1,0,9,5,7,41.79801844,-87.60353948
0,365806,-1,30,0,0,0,1,12,5,2,0,0,0,0,-1,-1,1,16,25,1821,-1,-1,-1,-1,-1,-1,3,0,0,0,0,0,2,0,9,5,7,41.91017753,-87.63870983
0,365880,-1,25,1,2,0,1,12,3,-1,0,0,0,0,-1,-1,-1,0,0,111,-1,-1,-1,-1,-1,-1,2,0,0,0,0,0,2,0,9,5,7,41.8857782,-87.62779374
0,365869,-1,30,0,0,0,1,14,2,-1,0,0,0,0,-1,-1,-1,20,8,1231,-1,-1,-1,-1,-1,-1,2,0,0,0,0,0,6,0,9,5,7,41.87406585,-87.66803101
0,366380,-1,30,0,0,0,1,12,5,-1,0,0,0,0,-1,-1,1,-1,-1,834,-1,-1,-1,-1,-1,-1,2,0,0,0,0,0,3,0,9,5,7,41.749339,-87.72205209
3,365878,-1,30,0,0,0,1,14,2,4,0,0,0,1,-1,-1,-1,0,-1,331,-1,-1,-1,-1,-1,-1,2,2,0,2,0,0,1,0,9,5,7,41.7757459,-87.57734708
0,367412,-1,30,0,0,0,1,14,2,1,0,0,0,0,0,-1,-1,18,0,2211,-1,-1,-1,-1,-1,-1,2,0,0,0,0,0,3,0,9,5,7,41.68434553,-87.70284071
0,366403,-1,30,1,2,0,1,8,5,4,0,0,0,0,-1,-1,-1,0,-1,1225,-1,-1,-1,-1,-1,-1,2,0,0,0,0,0,2,0,9,5,7,41.87153933,-87.67653254
0,366014,-1,5,0,0,0,1,0,6,-1,0,0,0,0,-1,-1,-1,17,-1,614,-1,-1,-1,-1,-1,-1,2,0,0,0,0,0,2,0,9,5,7,41.74285354,-87.66431497
0,365817,-1,30,1,2,0,1,14,5,-1,0,0,0,0,1,-1,0,17,11,821,-1,-1,-1,-1,-1,-1,2,0,0,0,0,0,3,0,9,5,7,41.82257679,-87.70459757
1,365789,-1,30,1,2,0,1,10,2,-1,0,0,0,1,-1,-1,-1,16,-1,911,-1,-1,-1,-1,-1,-1,2,1,0,0,0,1,2,0,9,5,7,41.82596729,-87.68475681
0,365796,-1,25,1,2,0,1,10,2,-1,0,0,0,0,-1,-1,-1,0,-1,121,-1,-1,-1,-1,-1,-1,2,0,0,0,0,0,4,0,9,5,7,41.87814177,-87.64054427
0,365852,-1,30,1,2,0,1,7,6,-1,0,0,0,0,-1,-1,1,0,0,1135,-1,-1,-1,-1,-1,-1,2,0,0,0,0,0,1,0,9,5,7,41.87488571,-87.68631142
0,365854,-1,30,0,0,0,1,2,5,2,2,0,0,0,-1,-1,-1,20,11,513,-1,-1,-1,-1,-1,-1,1,0,0,0,0,0,1,0,9,5,7,41.69950279,-87.60610297
0,365756,-1,30,0,0,0,1,10,5,2,0,0,0,0,0,-1,-1,12,0,1623,-1,-1,-1,-1,-1,-1,2,0,0,0,0,0,3,0,9,5,7,41.96133538,-87.75490935
0,365785,-1,30,0,0,0,1,0,6,1,0,0,0,0,-1,-1,-1,20,-1,2512,-1,-1,-1,-1,-1,-1,2,0,0,0,0,0,2,0,9,5,7,41.91797287,-87.77931942
0,365782,-1,20,0,0,0,1,7,6,-1,0,0,0,0,-1,-1,-1,0,0,822,-1,-1,-1,-1,-1,-1,2,0,0,0,0,0,1,0,9,5,7,41.79536843,-87.70916274
0,365766,-1,10,0,0,0,1,7,0,1,0,0,0,0,-1,-1,-1,-1,-1,1833,-1,-1,-1,-1,-1,-1,2,0,0,0,0,0,1,0,9,5,7,41.89925506,-87.62783464
0,365760,-1,15,0,0,0,1,2,0,-1,0,0,0,0,-1,1,-1,0,-1,1711,-1,-1,-1,-1,-1,-1,1,0,0,0,0,0,1,0,9,5,7,41.99525727,-87.73633127
0,365767,-1,25,0,0,0,1,12,6,1,0,0,0,1,-1,-1,-1,17,-1,1922,-1,-1,-1,-1,-1,-1,2,0,0,0,0,0,2,0,8,5,7,41.94740604,-87.67347161
0,365728,-1,30,0,0,0,1,12,3,-1,0,0,0,0,-1,-1,-1,8,0,815,-1,-1,-1,-1,-1,-1,2,0,0,0,0,0,2,0,8,5,7,41.80406491,-87.74291682
0,365779,-1,30,0,0,0,1,7,6,-1,0,0,0,0,-1,-1,-1,20,-1,1811,-1,-1,-1,-1,-1,-1,2,0,0,0,0,0,1,0,8,5,7,41.92516228,-87.66103003
0,366678,-1,30,1,2,0,1,10,5,-1,0,0,0,0,-1,-1,-1,20,16,2514,1,-1,-1,-1,-1,-1,2,0,0,0,0,0,2,0,8,5,7,41.9348181,-87.76631092
3,365769,-1,30,0,0,0,1,0,5,2,0,0,0,1,1,-1,-1,17,20,1522,-1,-1,-1,-1,-1,-1,2,1,0,1,0,0,3,0,8,5,7,41.88218837,-87.76085409
0,365738,-1,30,1,2,0,1,12,6,2,0,0,0,0,-1,-1,-1,20,-1,112,-1,-1,-1,-1,-1,-1,2,0,0,0,0,0,3,0,8,5,7,41.87999268,-87.62629211
0,365727,-1,35,0,0,0,1,10,5,2,0,0,0,0,-1,-1,-1,18,16,1713,-1,-1,-1,-1,-1,-1,2,0,0,0,0,0,2,0,8,5,7,41.97172084,-87.70841966
1,365735,-1,30,1,2,0,1,9,2,5,0,0,0,1,-1,-1,-1,4,4,1434,-1,-1,-1,-1,-1,-1,2,1,0,0,0,1,1,0,8,5,7,41.91074657,-87.68737925
0,365714,-1,30,1,2,0,1,0,5,-1,0,0,0,1,-1,-1,-1,6,0,224,-1,-1,-1,-1,-1,-1,3,0,0,0,0,0,3,0,8,5,7,41.80213795,-87.62094918
0,365784,-1,15,0,0,0,1,7,7,-1,0,0,0,0,-1,-1,1,0,0,1034,-1,-1,-1,-1,-1,-1,2,0,0,0,0,0,1,0,8,5,7,41.84832466,-87.67343416
0,365761,-1,30,1,2,0,1,12,6,3,0,0,0,1,1,-1,-1,-1,-1,1925,-1,-1,-1,-1,-1,-1,2,0,0,0,0,0,3,0,8,5,7,41.94090916,-87.63936916
0,365755,-1,30,0,0,0,1,12,6,3,0,0,0,0,-1,-1,-1,22,-1,121,-1,-1,-1,-1,-1,-1,2,0,0,0,0,0,2,0,8,5,7,41.88279704,-87.64136948
0,366491,-1,30,-1,-1,-1,-1,12,3,-1,0,-1,-1,0,-1,-1,-1,0,0,122,-1,-1,-1,-1,-1,-1,2,0,0,0,0,0,5,0,8,5,7,41.88071758,-87.63658911
0,366473,-1,30,0,0,0,1,8,2,-1,0,0,0,0,-1,-1,-1,17,16,122,-1,-1,-1,-1,-1,-1,2,0,0,0,0,0,2,0,8,5,7,41.8860284,-87.63408498
0,366766,1,30,0,0,0,1,7,5,2,0,0,0,0,-1,-1,1,0,0,815,-1,-1,-1,-1,-1,-1,2,0,0,0,0,0,1,0,8,5,7,41.79451632,-87.7331506
1,365725,-1,30,0,0,0,1,10,5,2,0,0,0,1,-1,-1,-1,12,0,1022,-1,-1,-1,-1,-1,-1,3,2,0,0,0,2,1,0,8,5,7,41.86466272,-87.70576401
0,365717,1,25,0,0,-1,-1,7,6,1,0,-1,0,0,-1,-1,1,0,0,2433,-1,-1,-1,-1,-1,-1,2,0,0,0,0,0,1,0,8,5,7,41.99295384,-87.67272254
0,365704,-1,30,1,2,0,1,12,5,-1,0,0,0,0,0,-1,1,0,-1,1223,-1,-1,-1,-1,-1,-1,2,0,0,0,0,0,2,0,7,5,7,41.88152919,-87.68629334
0,365740,-1,30,0,0,0,1,0,5,-1,0,0,0,0,-1,-1,-1,23,-1,1814,-1,-1,-1,-1,-1,-1,2,0,0,0,0,0,3,0,7,5,7,41.91329076,-87.63308863
0,371373,-1,25,0,0,-1,1,7,6,-1,0,-1,0,0,1,-1,1,11,-1,1911,-1,-1,-1,-1,-1,-1,2,0,0,0,0,0,1,0,7,5,7,41.95594082,-87.69111868
0,366865,1,25,-1,0,-1,-1,7,7,1,0,-1,-1,0,-1,-1,1,20,-1,623,-1,-1,-1,-1,-1,-1,2,0,0,0,0,0,1,0,7,5,7,41.75293941,-87.62134699
0,365670,-1,30,0,0,1,1,12,2,4,0,0,0,0,-1,-1,-1,17,0,2513,-1,-1,-1,-1,-1,-1,2,0,0,0,0,0,2,0,7,5,7,41.9092962,-87.78094019
0,365695,-1,30,1,2,0,1,14,6,-1,0,0,0,0,1,-1,-1,23,-1,1834,-1,-1,-1,-1,-1,-1,2,0,0,0,0,0,2,0,7,5,7,41.89182349,-87.62531771
2,367046,-1,30,0,-1,-1,1,12,2,2,0,-1,-1,1,-1,-1,1,22,22,1215,-1,-1,-1,-1,-1,-1,2,1,0,0,1,0,1,0,7,5,7,41.89104274,-87.67031962
0,365822,-1,30,0,0,0,1,2,0,-1,0,0,0,0,-1,-1,-1,20,-1,2531,-1,-1,-1,-1,-1,-1,1,0,0,0,0,0,1,0,7,5,7,41.90820852,-87.77542115
0,380341,-1,30,1,2,0,1,5,5,2,0,0,0,0,-1,-1,-1,-1,-1,732,-1,-1,-1,-1,-1,-1,2,0,0,0,0,0,1,0,6,5,7,41.76884442,-87.63730245
0,366353,-1,30,1,2,0,3,12,2,2,0,-1,-1,0,1,-1,-1,6,0,122,-1,-1,-1,-1,-1,-1,2,0,0,0,0,0,2,0,6,5,7,41.88116867,-87.63718493
0,365697,-1,30,1,2,0,1,12,2,4,0,0,0,0,1,-1,-1,0,-1,1131,-1,-1,-1,-1,-1,-1,2,0,0,0,0,0,2,0,6,5,7,41.87205936,-87.74478562
0,365656,-1,30,0,0,0,1,12,6,1,0,0,0,0,-1,-1,1,0,0,1032,-1,-1,-1,-1,-1,-1,2,0,0,0,0,0,2,0,6,5,7,41.84244173,-87.7146779
0,413963,-1,30,0,0,0,2,7,6,-1,0,0,0,0,-1,-1,1,11,-1,323,-1,-1,-1,-1,-1,-1,2,0,0,0,0,0,1,0,6,5,7,41.76456624,-87.61388221
0,368417,-1,30,1,2,0,1,12,3,2,0,0,0,0,-1,-1,1,22,-1,321,-1,-1,-1,-1,-1,-1,2,0,0,0,0,0,2,0,5,5,7,41.7713311,-87.61171136
3,365631,-1,30,9,2,0,2,2,2,4,2,1,12,1,1,-1,-1,8,8,1522,-1,-1,-1,1,-1,-1,1,1,0,1,0,0,0,0,5,5,7,41.86854236,-87.76406932
0,373256,-1,30,0,0,0,1,10,5,-1,0,0,0,0,-1,-1,1,0,0,2011,-1,-1,-1,-1,-1,-1,2,0,0,0,0,0,2,0,5,5,7,41.98320718,-87.7040652
0,366568,-1,30,0,0,0,1,7,7,-1,0,0,0,0,-1,-1,1,0,0,911,-1,-1,-1,-1,-1,-1,2,0,0,0,0,0,1,0,5,5,7,41.82600493,-87.70678077
4,365625,-1,35,0,0,0,2,4,3,4,0,0,0,1,-1,-1,-1,0,0,1614,-1,-1,-1,-1,-1,-1,1,1,1,0,0,0,0,0,4,5,7,41.96394468,-87.84672176
0,365663,-1,30,1,2,0,3,14,5,5,0,0,0,0,1,-1,-1,0,-1,1013,-1,-1,-1,-1,-1,-1,2,0,0,0,0,0,2,0,4,5,7,41.85115822,-87.72489554
0,365626,1,30,0,0,0,3,7,6,1,0,1,-1,0,-1,-1,1,10,0,1134,-1,-1,-1,-1,-1,-1,3,0,0,0,0,0,1,0,4,5,7,41.86995054,-87.70445199
0,365618,-1,30,0,0,1,2,7,5,2,0,1,-1,1,-1,-1,0,11,0,1132,-1,-1,-1,-1,-1,-1,3,0,0,0,0,0,1,0,4,5,7,41.87255411,-87.72741696
0,366179,-1,30,1,2,0,0,14,2,4,0,0,0,0,-1,-1,-1,0,0,821,-1,-1,-1,-1,-1,-1,2,0,0,0,0,0,2,0,4,5,7,41.81905229,-87.72381922
0,365628,-1,30,0,0,0,3,7,5,-1,0,0,0,0,-1,-1,1,-1,-1,533,-1,-1,-1,-1,-1,-1,2,0,0,0,0,0,1,0,4,5,7,41.65719538,-87.60465248
0,365613,-1,15,0,0,0,3,7,7,2,0,0,0,0,-1,-1,1,0,-1,1614,-1,-1,-1,-1,-1,-1,3,0,0,0,0,0,1,0,4,5,7,41.98030513,-87.83789207
0,365805,1,30,0,0,-1,-1,7,5,-1,0,0,0,0,-1,-1,1,-1,-1,531,-1,-1,-1,-1,-1,-1,2,0,0,0,0,0,1,0,3,5,7,41.69022891,-87.61835278
0,368731,-1,30,-1,-1,-1,-1,7,6,2,0,-1,-1,0,-1,-1,1,-1,-1,631,-1,-1,-1,-1,-1,-1,2,0,0,0,0,0,1,0,2,5,7,41.74585412,-87.62424345
0,365575,-1,30,-1,-1,-1,3,10,2,4,0,-1,-1,0,-1,-1,-1,18,18,1921,-1,-1,-1,-1,-1,-1,2,0,0,0,0,0,2,0,2,5,7,41.9468234,-87.68811263
-1,365561,-1,35,1,2,0,0,2,5,2,0,0,0,0,-1,-1,-1,-1,-1,513,-1,-1,-1,-1,-1,-1,1,-1,-1,-1,-1,-1,-1,-1,1,5,7,41.69977059,-87.62794016
0,368801,-1,30,0,0,0,3,10,2,2,0,0,0,0,-1,-1,1,0,0,624,-1,-1,-1,-1,-1,-1,3,0,0,0,0,0,3,0,1,5,7,41.75566354,-87.60762275
0,365937,-1,30,1,2,0,3,0,12,-1,0,0,-1,0,-1,-1,-1,17,19,1224,-1,-1,-1,-1,-1,-1,2,0,0,0,0,0,2,0,1,5,7,41.88423522,-87.65108184
0,365569,-1,30,0,0,1,3,2,5,2,0,0,-1,0,-1,-1,-1,1,-1,1623,-1,-1,-1,-1,-1,-1,1,0,0,0,0,0,1,0,0,5,7,41.97336648,-87.74972912
3,365470,-1,30,0,0,0,3,8,2,2,0,0,12,1,1,-1,1,16,-1,734,-1,-1,-1,-1,-1,-1,2,1,0,1,0,0,1,0,0,5,7,41.76229946,-87.6590431