MOST_SEVERE_INJURY,RD_NO,CRASH_DATE_EST_I,POSTED_SPEED_LIMIT,TRAFFIC_CONTROL_DEVICE,DEVICE_CONDITION,WEATHER_CONDITION,LIGHTING_CONDITION,FIRST_CRASH_TYPE,TRAFFICWAY_TYPE,LANE_CNT,ALIGNMENT,ROADWAY_SURFACE_COND,ROAD_DEFECT,CRASH_TYPE,INTERSECTION_RELATED_I,NOT_RIGHT_OF_WAY_I,HIT_AND_RUN_I,PRIM_CONTRIBUTORY_CAUSE,SEC_CONTRIBUTORY_CAUSE,BEAT_OF_OCCURRENCE,PHOTOS_TAKEN_I,STATEMENTS_TAKEN_I,DOORING_I,WORK_ZONE_I,WORK_ZONE_TYPE,WORKERS_PRESENT_I,NUM_UNITS,INJURIES_TOTAL,INJURIES_FATAL,INJURIES_INCAPACITATING,INJURIES_NON_INCAPACITATING,INJURIES_REPORTED_NOT_EVIDENT,INJURIES_NO_INDICATION,INJURIES_UNKNOWN,CRASH_HOUR,CRASH_DAY_OF_WEEK,CRASH_MONTH,LATITUDE,LONGITUDE
0,365535,-1,35,-1,0,0,3,2,8,1,3,0,0,1,-1,-1,-1,7,30,1533,-1,-1,-1,-1,-1,-1,1,0,0,0,0,0,2,0,0,5,7,41.87193732,-87.74727563
1,365984,-1,30,0,0,0,3,14,5,4,0,0,0,1,-1,-1,-1,23,-1,1131,-1,-1,-1,-1,-1,-1,2,1,0,0,0,1,4,0,0,5,7,41.87036638,-87.74475049
0,365500,-1,20,0,0,0,3,12,6,-1,0,0,0,1,-1,-1,-1,12,-1,621,-1,-1,-1,-1,-1,-1,2,0,0,0,0,0,2,0,0,5,7,41.74746477,-87.64136352
0,365482,-1,30,0,0,0,0,7,5,2,0,0,0,1,-1,-1,1,0,-1,2522,-1,-1,-1,-1,-1,-1,2,0,0,0,0,0,1,0,23,4,7,41.91895623,-87.73890165
0,365476,-1,30,0,0,0,3,7,6,1,0,0,0,0,-1,-1,-1,0,0,1132,-1,-1,-1,-1,-1,-1,3,0,0,0,0,0,1,0,23,4,7,41.87244948,-87.72367692
1,365495,-1,30,0,0,0,3,2,6,1,0,0,1,1,-1,1,-1,8,25,2423,-1,-1,-1,-1,-1,-1,1,1,0,0,0,1,2,0,23,4,7,42.00914428,-87.6709655
0,365537,-1,30,3,0,0,3,12,6,-1,0,0,0,0,-1,-1,-1,21,16,114,0,-1,-1,-1,-1,-1,2,0,0,0,0,0,2,0,23,4,7,41.88843209,-87.62442469
0,365479,-1,35,1,2,0,3,9,2,-1,0,0,0,0,1,-1,-1,0,0,1811,-1,-1,-1,-1,-1,-1,2,0,0,0,0,0,3,0,23,4,7,41.92510715,-87.66338691
0,369334,1,30,0,0,0,-1,7,6,1,0,0,0,0,-1,-1,-1,-1,-1,1912,-1,-1,-1,-1,-1,-1,2,0,0,0,0,0,1,0,23,4,7,41.95815957,-87.67245785
0,366591,-1,30,0,0,0,3,12,5,-1,0,0,0,0,-1,-1,1,0,0,813,-1,-1,-1,-1,-1,-1,2,0,0,0,0,0,2,0,23,4,7,41.78588849,-87.72310659
0,365443,-1,15,4,2,0,3,10,7,2,0,0,0,0,-1,-1,1,18,0,211,-1,-1,-1,-1,-1,-1,2,0,0,0,0,0,4,0,23,4,7,41.83618736,-87.60767903
0,365427,-1,30,0,0,0,0,7,5,2,0,0,0,0,-1,-1,-1,13,-1,2424,-1,-1,-1,-1,-1,-1,2,0,0,0,0,0,1,0,22,4,7,42.00780663,-87.67833277
2,365644,-1,30,1,2,0,3,14,2,-1,0,0,0,1,-1,-1,1,17,17,2223,-1,-1,-1,-1,-1,-1,2,1,0,0,1,0,1,0,22,4,7,41.73042151,-87.64716195
0,365430,-1,30,0,0,0,3,7,6,1,0,0,0,1,-1,-1,1,16,21,2412,-1,-1,-1,-1,-1,-1,3,0,0,0,0,0,1,0,22,4,7,41.99967334,-87.68877891
2,365501,-1,30,1,2,0,4,0,5,-1,0,0,0,1,1,-1,1,0,0,1935,-1,-1,-1,-1,-1,-1,2,1,0,0,1,0,1,0,22,4,7,41.92580693,-87.63381965
0,365433,-1,30,2,2,0,3,0,5,2,0,0,0,0,1,-1,-1,0,0,1935,-1,-1,-1,-1,-1,-1,2,0,0,0,0,0,2,0,22,4,7,41.9255788,-87.64408272
0,365412,-1,30,2,0,0,3,0,5,-1,0,0,0,0,-1,-1,-1,17,-1,1935,-1,-1,-1,-1,-1,-1,2,0,0,0,0,0,2,0,22,4,7,41.92564011,-87.64405082
0,365382,-1,20,0,0,0,3,7,6,1,0,0,0,0,-1,-1,1,20,0,832,-1,-1,-1,-1,-1,-1,2,0,0,0,0,0,1,0,22,4,7,41.77456417,-87.68109522
0,366157,-1,15,0,0,0,-1,7,6,1,0,0,0,0,-1,-1,1,0,-1,1512,-1,-1,-1,-1,-1,-1,2,0,0,0,0,0,1,0,22,4,7,41.8857285,-87.77187563
0,365401,-1,35,0,0,0,0,12,6,1,0,0,0,0,-1,-1,1,20,21,511,-1,-1,-1,-1,-1,-1,2,0,0,0,0,0,2,0,21,4,7,41.70800158,-87.62728586
0,365342,-1,30,0,0,0,3,2,5,4,0,0,0,0,-1,-1,-1,16,0,1032,-1,-1,-1,-1,-1,-1,1,0,0,0,0,0,1,0,21,4,7,41.84124768,-87.70508705
0,365797,-1,30,1,2,0,3,10,5,2,0,0,0,0,-1,-1,-1,18,-1,1712,-1,-1,-1,-1,-1,-1,2,0,0,0,0,0,2,0,21,4,7,41.97557689,-87.71377318
0,365337,-1,30,1,2,0,3,14,5,-1,0,0,-1,0,-1,-1,-1,0,0,1411,-1,-1,-1,-1,-1,-1,2,0,0,0,0,0,5,0,21,4,7,41.93212072,-87.6977653
0,365355,-1,30,1,2,0,0,14,5,2,0,0,0,0,-1,-1,-1,17,-1,2514,-1,-1,-1,-1,-1,-1,2,0,0,0,0,0,3,0,21,4,7,41.93188038,-87.76612107
0,365375,-1,30,1,2,0,3,14,2,-1,0,0,0,0,1,-1,-1,22,-1,632,-1,-1,-1,-1,-1,-1,2,0,0,0,0,0,2,0,21,4,7,41.73640867,-87.62418559
0,365367,-1,30,0,0,0,3,7,2,2,0,0,0,1,-1,-1,-1,0,0,1631,-1,-1,-1,-1,-1,-1,2,0,0,0,0,0,1,0,21,4,7,41.94478551,-87.83145527
0,365791,-1,30,0,0,-1,-1,7,5,-1,0,-1,0,0,-1,-1,1,0,0,1411,-1,-1,-1,-1,-1,-1,2,0,0,0,0,0,1,0,21,4,7,41.93695768,-87.70522718
2,365296,-1,35,0,0,0,4,1,2,4,0,0,0,1,-1,-1,-1,1,16,1631,-1,-1,-1,-1,-1,-1,1,1,0,0,1,0,0,0,20,4,7,41.94035578,-87.83681736
0,365087,-1,0,0,0,0,0,7,7,0,0,0,0,0,-1,-1,-1,-1,-1,1233,-1,-1,-1,-1,-1,-1,2,0,0,0,0,0,1,0,20,4,7,41.8583703,-87.66090091
0,365311,-1,30,1,2,0,4,14,2,2,0,0,0,0,-1,-1,1,23,-1,331,-1,-1,-1,-1,-1,-1,2,0,0,0,0,0,2,0,20,4,7,41.77576988,-87.57634735
0,365335,-1,30,0,0,0,0,12,5,-1,0,0,0,0,-1,-1,1,30,0,1134,-1,-1,-1,-1,-1,-1,2,0,0,0,0,0,2,0,20,4,7,41.87382195,-87.70359367
0,365346,1,15,0,0,0,1,2,0,-1,0,0,0,1,-1,-1,-1,15,14,1133,-1,-1,-1,-1,-1,-1,1,0,0,0,0,0,1,0,20,4,7,41.86708447,-87.71579223
1,365362,-1,15,1,2,0,2,10,2,4,0,0,0,1,-1,-1,1,16,11,2011,-1,-1,-1,-1,-1,-1,2,1,0,0,0,1,1,0,20,4,7,41.98951777,-87.70286301
0,365300,-1,30,0,0,0,4,0,2,4,0,-1,-1,0,-1,-1,1,17,0,1131,-1,-1,-1,-1,-1,-1,2,0,0,0,0,0,2,0,20,4,7,41.87082601,-87.74476764
0,365378,1,35,0,0,0,0,7,6,2,0,0,0,0,-1,-1,1,0,-1,123,-1,-1,-1,-1,-1,-1,2,0,0,0,0,0,1,0,20,4,7,41.87278061,-87.63077151
0,365343,-1,25,1,2,0,3,14,5,2,0,0,0,0,1,-1,1,0,0,1814,-1,-1,-1,-1,-1,-1,1,0,0,0,0,0,1,0,20,4,7,41.92608753,-87.63099255
0,365258,-1,30,0,0,0,3,7,6,-1,0,0,0,0,-1,-1,1,0,-1,1212,-1,-1,-1,-1,-1,-1,2,0,0,0,0,0,1,0,19,4,7,41.9022998,-87.68101394
0,365292,-1,30,0,0,0,3,8,5,-1,0,0,0,0,-1,-1,-1,-1,-1,1925,-1,-1,-1,-1,-1,-1,3,0,0,0,0,0,3,0,19,4,7,41.94364568,-87.64485141
0,377967,-1,30,1,2,0,1,8,5,-1,0,0,0,0,-1,-1,1,17,21,131,-1,-1,-1,-1,-1,-1,2,0,0,0,0,0,2,0,19,4,7,41.86734642,-87.62597476
0,365602,-1,30,0,0,0,4,7,5,-1,0,0,0,0,-1,-1,0,21,0,111,-1,-1,-1,-1,-1,-1,2,0,0,0,0,0,1,0,19,4,7,41.88679622,-87.62656228
0,365222,-1,30,-1,-1,0,1,12,5,-1,0,0,0,0,-1,-1,-1,21,-1,1121,-1,-1,-1,-1,-1,-1,2,0,0,0,0,0,2,0,19,4,7,41.90052616,-87.71268259
2,365182,-1,0,2,2,0,1,2,12,-1,4,0,0,1,1,-1,-1,21,16,1814,-1,-1,-1,-1,-1,-1,1,1,0,0,1,0,0,0,19,4,7,41.91122456,-87.62648257
0,365159,-1,30,1,2,0,1,10,2,4,0,0,0,1,1,-1,1,16,-1,1623,-1,-1,-1,-1,-1,-1,2,0,0,0,0,0,2,0,19,4,7,41.96782694,-87.74786946
0,365832,-1,30,2,2,0,1,10,5,-1,0,0,0,0,-1,-1,1,18,-1,1623,-1,-1,-1,-1,-1,-1,2,0,0,0,0,0,2,0,19,4,7,41.97080735,-87.74803773
0,365351,-1,35,0,0,0,3,10,2,-1,0,0,0,0,-1,-1,-1,0,0,1712,-1,-1,-1,-1,-1,-1,2,0,0,0,0,0,2,0,19,4,7,41.96840231,-87.72329316
0,365230,-1,30,2,0,0,4,10,5,-1,0,0,0,0,-1,-1,-1,20,-1,233,-1,-1,-1,-1,-1,-1,2,0,0,0,0,0,2,0,19,4,7,41.80222063,-87.60655293
0,365196,-1,30,0,0,0,4,7,5,-1,0,0,0,0,-1,-1,-1,0,-1,1412,-1,-1,-1,-1,-1,-1,2,0,0,0,0,0,1,0,19,4,7,41.9302693,-87.71190138
1,365165,-1,30,0,0,0,1,9,6,2,0,0,0,1,-1,-1,-1,17,33,1223,-1,1,-1,-1,-1,-1,2,1,0,0,0,1,1,0,19,4,7,41.88292902,-87.6833569
0,365153,-1,10,0,0,0,1,10,7,-1,0,0,-1,0,-1,-1,-1,0,0,822,-1,-1,-1,-1,-1,-1,2,0,0,0,0,0,3,0,19,4,7,41.79748252,-87.70381502
0,365145,-1,10,0,0,0,1,7,12,0,0,0,0,0,-1,-1,-1,0,0,1711,-1,-1,-1,-1,-1,-1,2,0,0,0,0,0,1,0,19,4,7,41.99717725,-87.71731408
2,365257,-1,30,2,12,0,4,9,12,1,0,0,-1,1,-1,-1,-1,11,0,1712,-1,-1,-1,-1,-1,-1,2,1,0,0,1,0,1,0,18,4,7,41.97027689,-87.71836747
1,365180,-1,30,0,0,0,1,10,5,-1,0,0,0,1,-1,-1,-1,18,-1,1235,-1,-1,-1,-1,-1,-1,2,1,0,0,0,1,1,0,18,4,7,41.85251734,-87.65112851
0,366379,-1,10,0,0,0,1,7,12,-1,0,-1,-1,0,-1,-1,1,0,0,1432,-1,-1,-1,-1,-1,-1,2,0,0,0,0,0,1,0,18,4,7,41.92488059,-87.68093688
0,366097,-1,30,1,2,0,1,10,1,4,0,0,0,0,1,-1,1,21,-1,1813,-1,-1,-1,-1,-1,-1,2,0,0,0,0,0,2,0,18,4,7,41.91103077,-87.64817359
0,365163,1,30,1,2,0,1,10,5,4,0,1,0,0,-1,-1,-1,18,25,714,-1,-1,-1,-1,-1,-1,2,0,0,0,0,0,2,0,18,4,7,41.77942466,-87.67396821
0,365148,-1,30,0,0,0,1,7,6,-1,0,0,0,0,-1,-1,1,0,-1,1723,-1,-1,-1,-1,-1,-1,2,0,0,0,0,0,1,0,18,4,7,41.9648884,-87.72441401
0,365231,-1,30,2,2,0,1,14,5,2,0,0,0,0,-1,-1,-1,0,0,332,-1,-1,-1,-1,-1,-1,2,0,0,0,0,0,2,0,18,4,7,41.76779096,-87.58651632
0,365118,-1,30,0,0,0,1,0,5,2,0,0,0,1,-1,-1,1,5,-1,612,-1,-1,-1,-1,-1,-1,2,0,0,0,0,0,2,0,18,4,7,41.75404352,-87.65397834
2,365125,-1,30,0,0,0,1,14,3,4,0,0,0,1,0,-1,-1,17,16,234,-1,-1,-1,-1,-1,-1,2,1,0,0,1,0,2,0,18,4,7,41.796617,-87.58746924
0,365097,-1,25,1,0,0,1,10,2,-1,0,0,0,0,1,-1,-1,18,18,2432,-1,-1,-1,-1,-1,-1,2,0,0,0,0,0,2,0,18,4,7,42.00518674,-87.68000604
0,365970,-1,10,0,0,0,1,12,7,-1,0,0,0,0,-1,-1,-1,0,0,822,-1,-1,-1,-1,-1,-1,2,0,0,0,0,0,2,0,18,4,7,41.79932043,-87.72319071
0,365081,-1,30,0,0,0,1,12,5,-1,0,0,0,0,-1,-1,1,25,0,824,-1,-1,-1,-1,-1,-1,2,0,0,0,0,0,2,0,18,4,7,41.79307066,-87.68387283
3,365076,-1,30,1,2,0,1,8,2,-1,0,0,0,1,1,-1,-1,23,21,1434,-1,-1,-1,-1,-1,-1,2,1,0,1,0,0,2,0,18,4,7,41.91268488,-87.68125704
0,365124,-1,30,0,0,0,1,0,2,2,0,0,0,0,-1,-1,-1,17,-1,2424,-1,-1,-1,-1,-1,-1,2,0,0,0,0,0,2,0,18,4,7,42.012893,-87.6831333
0,365112,-1,0,0,0,0,1,12,-1,-1,0,-1,-1,0,-1,-1,-1,0,-1,1232,-1,-1,-1,-1,-1,-1,2,0,0,0,0,0,2,0,18,4,7,41.876624,-87.65468047
0,365069,-1,30,0,0,0,1,9,5,2,0,0,0,0,-1,-1,-1,17,-1,2412,-1,-1,-1,-1,-1,-1,2,0,0,0,0,0,2,0,18,4,7,41.99773591,-87.69592888
0,382453,-1,30,1,2,0,4,10,2,-1,0,0,0,0,-1,-1,1,15,-1,331,-1,-1,-1,-1,-1,-1,2,0,0,0,0,0,2,0,18,4,7,41.7915802,-87.58556422
0,365055,-1,30,0,0,0,1,12,2,2,0,0,0,0,-1,-1,-1,16,18,1622,-1,-1,-1,-1,-1,-1,2,0,0,0,0,0,2,0,18,4,7,41.98301454,-87.77688746
0,367343,-1,30,0,0,0,1,7,5,-1,0,0,0,0,-1,-1,-1,0,-1,2523,-1,-1,-1,-1,-1,-1,2,0,0,0,0,0,1,0,18,4,7,41.93722333,-87.72558794
0,365276,-1,10,0,0,0,1,12,12,-1,0,0,0,0,-1,-1,-1,20,20,433,-1,-1,-1,-1,-1,-1,2,0,0,0,0,0,2,0,18,4,7,41.6667873,-87.5523818
0,365228,-1,30,0,0,0,1,8,5,-1,0,0,0,0,1,-1,-1,0,-1,1831,-1,-1,-1,-1,-1,-1,2,0,0,0,0,0,2,0,18,4,7,41.88934348,-87.62951227
0,365023,-1,30,3,2,0,1,12,2,4,0,0,0,0,-1,-1,-1,22,21,122,-1,-1,-1,-1,-1,-1,2,0,0,0,0,0,2,0,18,4,7,41.88670788,-87.63431855
0,365035,-1,15,0,0,0,2,7,5,2,0,0,0,0,-1,-1,1,0,0,634,-1,-1,-1,-1,-1,-1,2,0,0,0,0,0,1,0,17,4,7,41.72819387,-87.62869363
0,365126,-1,30,0,0,0,1,7,6,-1,0,0,0,0,-1,-1,-1,0,-1,431,-1,-1,-1,-1,-1,-1,2,0,0,0,0,0,1,0,17,4,7,41.72186109,-87.57155464
0,365064,-1,30,0,0,0,1,2,5,2,0,0,0,1,-1,-1,1,12,0,2512,-1,-1,-1,-1,-1,-1,2,0,0,0,0,0,1,0,17,4,7,41.93007865,-87.8063202
0,365127,-1,30,0,0,0,1,10,5,4,0,-1,-1,0,-1,-1,-1,18,18,1935,-1,-1,-1,-1,-1,-1,2,0,0,0,0,0,4,0,17,4,7,41.92579631,-87.63521319
0,365018,-1,30,1,2,0,1,2,5,4,0,0,0,1,1,-1,-1,0,0,221,-1,1,-1,-1,-1,-1,1,0,0,0,0,0,1,0,17,4,7,41.81328903,-87.6045976
0,365048,-1,30,1,2,0,1,14,5,-1,0,0,0,0,-1,-1,-1,0,-1,122,-1,-1,-1,-1,-1,-1,2,0,0,0,0,0,2,0,17,4,7,41.8855345,-87.63667609
0,365000,-1,30,0,0,0,1,12,5,-1,0,0,0,0,-1,-1,-1,0,0,824,-1,-1,-1,-1,-1,-1,2,0,0,0,0,0,2,0,17,4,7,41.79179138,-87.70336094
0,365007,-1,30,0,0,0,1,10,5,4,0,0,0,0,-1,-1,-1,0,0,2432,-1,-1,-1,-1,-1,-1,2,0,0,0,0,0,2,0,17,4,7,42.0032369,-87.66095317
0,365022,-1,30,1,2,0,1,0,5,2,0,0,0,1,1,-1,-1,-1,-1,1235,-1,-1,-1,-1,-1,-1,2,0,0,0,0,0,2,0,17,4,7,41.85435574,-87.66141686
0,364999,-1,30,0,0,0,1,14,5,-1,0,0,-1,0,-1,-1,1,17,-1,1533,-1,-1,-1,-1,-1,-1,2,0,0,0,0,0,2,0,17,4,7,41.88029005,-87.75297792
0,367525,-1,5,0,0,0,1,7,7,2,0,0,0,0,-1,1,1,0,0,1432,-1,-1,-1,-1,-1,-1,2,0,0,0,0,0,1,0,17,4,7,41.92235662,-87.67335949
0,365063,-1,30,1,2,0,1,10,5,5,0,0,0,0,1,-1,1,0,0,1231,-1,-1,-1,-1,-1,-1,2,0,0,0,0,0,3,0,17,4,7,41.8751259,-87.66677177
1,365026,-1,30,0,0,0,1,14,5,2,0,0,0,1,-1,-1,-1,17,21,1214,-1,-1,-1,-1,-1,-1,2,1,0,0,0,1,1,0,17,4,7,41.89502796,-87.65371707
0,365150,-1,30,0,0,0,1,14,5,4,0,0,-1,0,-1,-1,-1,0,0,1533,-1,-1,-1,-1,-1,-1,2,0,0,0,0,0,2,0,17,4,7,41.88029005,-87.75297792
0,364975,-1,30,2,2,0,1,0,2,2,0,0,0,1,1,-1,-1,0,-1,2213,-1,-1,-1,-1,-1,-1,2,0,0,0,0,0,3,0,17,4,7,41.71387845,-87.66345399
0,364996,0,30,0,0,0,1,7,5,2,0,0,-1,0,-1,-1,-1,20,-1,121,-1,-1,-1,-1,-1,-1,2,0,0,0,0,0,2,0,17,4,7,41.87861947,-87.63972372
0,367934,1,30,0,0,0,1,10,5,-1,0,0,0,0,-1,-1,-1,0,0,813,-1,-1,-1,-1,-1,-1,2,0,0,0,0,0,2,0,17,4,7,41.7765116,-87.74237234
0,365094,-1,30,0,0,0,1,12,5,-1,0,0,0,0,-1,-1,-1,17,-1,1234,-1,-1,-1,-1,-1,-1,2,0,0,0,0,0,2,0,17,4,7,41.85559317,-87.6856265
0,365008,-1,30,0,0,0,1,12,5,-1,0,0,0,0,-1,-1,1,-1,-1,713,-1,-1,-1,-1,-1,-1,2,0,0,0,0,0,2,0,17,4,7,41.78679345,-87.65482708
0,365192,-1,30,0,0,0,4,7,5,2,0,0,0,0,-1,-1,-1,0,-1,913,-1,-1,-1,-1,-1,-1,2,0,0,0,0,0,1,0,16,4,7,41.83889339,-87.65413073
0,366929,-1,30,0,0,0,1,12,5,4,0,0,0,0,-1,-1,-1,22,23,1832,-1,-1,-1,-1,-1,-1,2,0,0,0,0,0,2,0,16,4,7,41.89706055,-87.63140171
0,365209,-1,30,0,0,0,1,12,5,-1,0,0,0,0,-1,-1,1,-1,-1,1433,-1,-1,-1,-1,-1,-1,2,0,0,0,0,0,2,0,16,4,7,41.91782257,-87.66793886
0,365051,-1,30,-1,-1,0,1,12,5,-1,0,0,-1,0,-1,-1,-1,0,-1,2533,-1,-1,-1,-1,-1,-1,2,0,0,0,0,0,2,0,16,4,7,41.91149689,-87.74605557
0,364991,-1,30,-1,0,0,1,7,5,-1,0,0,-1,0,-1,-1,1,0,-1,2521,-1,-1,-1,-1,-1,-1,2,0,0,0,0,0,2,0,16,4,7,41.93169835,-87.74238878
3,364958,-1,30,0,0,0,1,0,2,2,0,0,-1,1,1,-1,-1,0,0,2424,-1,-1,-1,-1,-1,-1,2,1,0,1,0,0,1,0,16,4,7,42.01146046,-87.67459345
0,365227,-1,30,0,0,0,1,7,6,-1,0,0,0,0,-1,-1,-1,21,21,2424,-1,-1,-1,-1,-1,-1,2,0,0,0,0,0,1,0,16,4,7,42.00855801,-87.67518203
0,365281,-1,55,0,0,0,1,12,6,-1,0,0,0,0,-1,-1,-1,0,0,414,-1,-1,-1,-1,-1,-1,2,0,0,0,0,0,2,0,16,4,7,41.74757409,-87.58362181
0,365005,-1,15,0,0,0,1,7,7,-1,0,0,0,0,-1,-1,1,-1,-1,1834,-1,-1,-1,-1,-1,-1,2,0,0,0,0,0,1,0,16,4,7,41.89209414,-87.61156988
0,364931,-1,30,0,0,0,1,7,2,-1,0,0,0,0,-1,-1,1,0,-1,411,-1,-1,-1,-1,-1,-1,2,0,0,0,0,0,1,0,16,4,7,41.74587167,-87.58599364
0,364891,-1,30,2,2,0,1,0,5,1,0,0,0,0,1,-1,-1,17,0,724,-1,-1,-1,-1,-1,-1,2,0,0,0,0,0,2,0,16,4,7,41.77594606,-87.64969273
0,634964,-1,30,1,2,0,1,10,2,-1,0,0,0,0,-1,-1,-1,22,11,735,-1,-1,-1,-1,-1,-1,2,0,0,0,0,0,2,0,16,4,7,41.76485938,-87.66394018
0,411024,-1,30,2,0,0,1,0,5,-1,0,0,0,0,1,-1,-1,0,-1,1411,-1,-1,-1,-1,-1,-1,2,0,0,0,0,0,2,0,16,4,7,41.93397576,-87.70272156
0,366996,-1,0,0,0,0,1,7,7,-1,0,0,0,0,-1,-1,-1,0,-1,1233,-1,-1,-1,-1,-1,-1,2,0,0,0,0,0,1,0,16,4,7,41.86508752,-87.65928976
0,365171,-1,30,0,0,0,1,7,2,-1,0,0,0,0,-1,-1,-1,0,0,1214,-1,-1,-1,-1,-1,-1,2,0,0,0,0,0,1,0,16,4,7,41.89620952,-87.65205611
0,365100,-1,30,1,2,0,1,0,5,-1,0,0,0,0,-1,-1,-1,0,0,815,-1,-1,-1,-1,-1,-1,2,0,0,0,0,0,3,0,16,4,7,41.81144674,-87.72386803
0,365098,-1,30,-1,-1,0,1,14,5,-1,0,0,-1,0,-1,-1,-1,0,-1,2523,-1,-1,-1,-1,-1,-1,2,0,0,0,0,0,2,0,16,4,7,41.93792442,-87.72729744
0,365056,-1,30,1,2,0,1,10,2,-1,0,0,0,0,-1,-1,-1,18,-1,2433,-1,-1,-1,-1,-1,-1,2,0,0,0,0,0,2,0,16,4,7,41.99432936,-87.65537018
0,365038,-1,30,1,2,0,1,10,2,2,0,0,-1,0,1,-1,-1,7,0,733,-1,-1,-1,-1,-1,-1,2,0,0,0,0,0,3,0,16,4,7,41.76147104,-87.64446617
0,365002,-1,30,0,0,0,1,7,6,-1,0,0,0,0,-1,-1,1,0,-1,1231,-1,-1,-1,-1,-1,-1,2,0,0,0,0,0,1,0,16,4,7,41.8778586,-87.65957542
0,364989,-1,30,0,0,0,1,12,5,2,0,0,0,0,-1,-1,-1,0,0,231,-1,1,-1,-1,-1,-1,2,0,0,0,0,0,3,0,16,4,7,41.80198721,-87.61759792
0,364956,-1,30,-1,-1,0,1,10,6,-1,0,0,-1,0,-1,-1,-1,18,-1,2514,-1,-1,-1,-1,-1,-1,2,0,0,0,0,0,2,0,16,4,7,41.93515989,-87.75668166
0,364925,-1,30,1,2,0,1,10,5,2,0,0,0,0,1,-1,-1,18,0,621,-1,-1,-1,-1,-1,-1,2,0,0,0,0,0,6,0,16,4,7,41.75599579,-87.64432824
0,364889,-1,35,0,0,0,1,10,5,4,0,0,0,0,-1,-1,-1,18,0,2514,-1,-1,-1,-1,-1,-1,2,0,0,0,0,0,3,0,16,4,7,41.93843313,-87.7689873
2,364945,-1,40,1,2,0,1,10,2,8,0,0,0,1,-1,-1,-1,0,0,114,-1,-1,-1,-1,-1,-1,2,1,0,0,1,0,1,0,16,4,7,41.87332411,-87.61693637
0,364920,-1,30,0,0,0,1,12,5,-1,0,0,0,0,-1,-1,1,-1,-1,1924,-1,-1,-1,-1,-1,-1,2,0,0,0,0,0,2,0,16,4,7,41.94532416,-87.65189898
1,364904,-1,30,0,0,0,1,3,6,1,0,0,0,1,-1,-1,1,10,-1,1012,-1,-1,-1,-1,-1,-1,2,1,0,0,0,1,1,0,16,4,7,41.85512675,-87.72518684
0,364883,-1,35,1,2,0,1,10,5,-1,0,0,0,1,1,-1,-1,18,-1,832,-1,-1,-1,-1,-1,-1,2,0,0,0,0,0,4,0,16,4,7,41.77206571,-87.68359325
0,364935,-1,30,0,0,0,1,10,2,2,0,0,0,0,-1,-1,-1,0,-1,2531,-1,-1,-1,-1,-1,-1,2,0,0,0,0,0,2,0,16,4,7,41.90217947,-87.77057243
0,364870,1,30,1,2,0,1,12,5,4,0,0,-1,0,-1,-1,-1,21,-1,124,-1,-1,-1,-1,-1,-1,2,0,0,0,0,0,2,0,16,4,7,41.86965518,-87.6438859
0,364922,-1,30,0,0,0,1,2,3,4,2,0,0,0,-1,-1,-1,0,0,911,-1,-1,-1,-1,-1,-1,1,0,0,0,0,0,1,0,16,4,7,41.83243776,-87.69474109
0,364881,-1,30,0,0,0,1,7,5,2,0,0,0,1,-1,-1,-1,25,-1,633,-1,-1,-1,-1,-1,-1,2,0,0,0,0,0,1,0,16,4,7,41.73099212,-87.60941135
0,364864,-1,30,1,2,0,1,10,5,4,2,0,0,0,-1,-1,-1,16,0,1132,-1,-1,-1,-1,-1,-1,2,0,0,0,0,0,3,0,16,4,7,41.86628388,-87.72503353
0,365136,-1,30,0,0,0,1,7,7,-1,0,0,0,0,-1,-1,1,0,-1,1121,-1,-1,-1,-1,-1,-1,2,0,0,0,0,0,1,0,16,4,7,41.89561531,-87.70670533
0,364928,-1,20,0,0,0,1,7,5,1,0,0,0,0,-1,1,1,20,0,1923,-1,-1,-1,-1,-1,-1,2,0,0,0,0,0,2,0,16,4,7,41.95196726,-87.66158124
0,364941,-1,30,0,0,0,1,12,5,3,0,0,-1,0,-1,-1,-1,0,0,2211,-1,-1,-1,-1,-1,-1,2,0,0,0,0,0,2,0,16,4,7,41.69077341,-87.73958873
1,364871,-1,30,2,12,0,1,0,2,2,0,0,0,1,1,-1,-1,0,0,2412,-1,-1,-1,-1,-1,-1,4,1,0,0,0,1,3,0,16,4,7,41.99782043,-87.69104545
0,364942,-1,30,1,2,0,1,14,6,3,0,0,0,0,1,-1,1,23,0,1833,-1,-1,-1,-1,-1,-1,2,0,0,0,0,0,5,0,16,4,7,41.89589816,-87.62077291
0,364944,-1,30,0,0,0,1,10,3,4,0,0,-1,0,-1,-1,-1,18,-1,1832,-1,-1,-1,-1,-1,-1,2,0,0,0,0,0,3,0,16,4,7,41.89389709,-87.63280594
0,364888,-1,30,1,-1,0,1,12,5,-1,0,0,-1,0,-1,-1,-1,21,-1,1624,-1,-1,-1,-1,-1,-1,2,0,0,0,0,0,2,0,16,4,7,41.95314406,-87.77692528
0,366137,-1,30,0,0,0,1,7,12,-1,0,12,0,0,-1,-1,1,0,0,114,-1,-1,-1,-1,-1,-1,2,0,0,0,0,0,1,0,16,4,7,41.88755113,-87.61735601