MOST_SEVERE_INJURY,RD_NO,CRASH_DATE_EST_I,POSTED_SPEED_LIMIT,TRAFFIC_CONTROL_DEVICE,DEVICE_CONDITION,WEATHER_CONDITION,LIGHTING_CONDITION,FIRST_CRASH_TYPE,TRAFFICWAY_TYPE,LANE_CNT,ALIGNMENT,ROADWAY_SURFACE_COND,ROAD_DEFECT,CRASH_TYPE,INTERSECTION_RELATED_I,NOT_RIGHT_OF_WAY_I,HIT_AND_RUN_I,PRIM_CONTRIBUTORY_CAUSE,SEC_CONTRIBUTORY_CAUSE,BEAT_OF_OCCURRENCE,PHOTOS_TAKEN_I,STATEMENTS_TAKEN_I,DOORING_I,WORK_ZONE_I,WORK_ZONE_TYPE,WORKERS_PRESENT_I,NUM_UNITS,INJURIES_TOTAL,INJURIES_FATAL,INJURIES_INCAPACITATING,INJURIES_NON_INCAPACITATING,INJURIES_REPORTED_NOT_EVIDENT,INJURIES_NO_INDICATION,INJURIES_UNKNOWN,CRASH_HOUR,CRASH_DAY_OF_WEEK,CRASH_MONTH,LATITUDE,LONGITUDE
0,366125,1,30,1,-1,0,1,10,5,2,0,0,-1,0,-1,-1,1,14,18,1711,-1,-1,-1,-1,-1,-1,2,0,0,0,0,0,3,0,16,4,7,-1,-1
0,365039,-1,30,1,2,0,1,10,2,4,0,0,-1,0,-1,-1,-1,18,18,833,-1,-1,-1,-1,-1,-1,2,0,0,0,0,0,2,0,16,4,7,41.76429247,-87.74175261
0,364943,-1,30,0,0,0,1,12,5,-1,0,0,0,0,-1,-1,-1,-1,-1,831,-1,-1,-1,-1,-1,-1,2,0,0,0,0,0,2,0,16,4,7,41.77193273,-87.69326964
2,364873,-1,30,0,0,0,1,10,5,-1,0,0,0,1,-1,-1,-1,0,0,122,-1,-1,-1,-1,-1,-1,2,1,0,0,1,0,1,0,16,4,7,41.88706956,-87.63108158
0,364841,-1,30,0,0,0,1,11,2,-1,0,-1,-1,1,-1,-1,0,0,0,414,-1,-1,-1,-1,-1,-1,2,0,0,0,0,0,2,0,16,4,7,41.75333127,-87.57617064
0,364845,-1,30,0,0,0,1,12,6,2,0,0,0,0,-1,-1,-1,22,-1,1235,-1,-1,-1,-1,-1,-1,2,0,0,0,0,0,2,0,15,4,7,41.85541179,-87.64528631
0,364885,-1,30,0,0,0,1,12,2,-1,0,0,0,0,-1,-1,-1,0,0,2512,-1,-1,-1,-1,-1,-1,2,0,0,0,0,0,5,0,15,4,7,41.92228887,-87.78390936
0,364860,-1,30,0,0,0,1,12,6,1,0,-1,-1,0,-1,-1,-1,17,17,1932,-1,-1,-1,-1,-1,-1,3,0,0,0,0,0,3,0,15,4,7,41.93597043,-87.66630934
0,364853,-1,30,1,2,0,1,12,5,-1,0,0,-1,0,1,-1,-1,0,0,114,-1,-1,-1,-1,-1,-1,2,0,0,0,0,0,2,0,15,4,7,41.88833327,-87.62223599
0,364850,-1,30,-1,-1,0,1,8,6,-1,0,0,-1,0,-1,-1,1,0,-1,2513,-1,-1,-1,-1,-1,-1,2,0,0,0,0,0,1,0,15,4,7,41.91454607,-87.79752489
0,372734,-1,30,1,2,0,1,2,2,2,0,0,0,0,-1,-1,-1,27,-1,414,-1,-1,-1,-1,-1,-1,1,0,0,0,0,0,1,0,15,4,7,41.75169475,-87.57613077
0,366555,1,30,0,0,0,1,7,7,-1,0,0,0,0,-1,-1,-1,0,-1,2422,-1,-1,-1,-1,-1,-1,2,0,0,0,0,0,1,0,15,4,7,42.02110208,-87.66530219
0,366224,-1,30,-1,-1,0,1,12,5,-1,0,0,0,0,-1,-1,1,0,0,814,-1,-1,-1,-1,-1,-1,2,0,0,0,0,0,2,0,15,4,7,41.81483675,-87.74350148
0,364969,-1,30,1,2,0,1,12,5,-1,0,0,0,0,1,-1,-1,0,0,1234,-1,-1,-1,-1,-1,-1,2,0,0,0,0,0,2,0,15,4,7,41.85774877,-87.66628522
0,364821,-1,30,-1,-1,-1,-1,12,-1,-1,0,-1,-1,0,-1,-1,1,0,-1,1623,-1,-1,-1,-1,-1,-1,2,0,0,0,0,0,3,0,15,4,7,41.9753003,-87.76039149
0,364799,-1,30,1,-1,0,1,10,5,2,0,-1,-1,0,1,-1,-1,0,16,513,-1,-1,-1,-1,-1,-1,2,0,0,0,0,0,2,0,15,4,7,41.69275271,-87.59698875
0,364804,-1,30,0,2,0,1,12,5,4,0,0,0,0,-1,-1,-1,7,-1,924,-1,1,-1,-1,-1,-1,2,0,0,0,0,0,2,0,15,4,7,41.82244233,-87.66568398
0,364808,-1,30,1,2,0,1,10,2,-1,0,0,0,0,-1,-1,-1,18,16,2512,-1,-1,-1,-1,-1,-1,2,0,0,0,0,0,2,0,15,4,7,41.92799529,-87.78575237
0,364866,-1,30,0,0,0,1,12,5,-1,0,0,0,1,-1,-1,-1,22,16,1633,-1,-1,-1,-1,-1,-1,2,0,0,0,0,0,2,0,15,4,7,41.93872566,-87.76343772
0,364780,-1,30,0,-1,0,1,12,6,2,0,0,0,0,-1,-1,-1,11,0,622,-1,-1,-1,-1,-1,-1,2,0,0,0,0,0,2,0,15,4,7,41.74543279,-87.62583686
0,364857,-1,30,0,0,0,1,14,5,2,0,0,0,0,-1,-1,-1,22,-1,1235,-1,-1,-1,-1,-1,-1,2,0,0,0,0,0,2,0,15,4,7,41.85815424,-87.64999946
0,373092,-1,30,2,2,0,1,12,6,1,0,0,0,0,1,-1,-1,0,-1,1833,-1,-1,-1,-1,-1,-1,2,0,0,0,0,0,2,0,15,4,7,41.89583053,-87.62555113
0,364934,-1,30,1,2,0,1,14,2,-1,0,0,0,0,-1,-1,-1,6,-1,923,-1,-1,-1,-1,-1,-1,2,0,0,0,0,0,2,0,15,4,7,41.79517044,-87.68421944
0,364858,-1,30,0,0,0,1,12,6,2,0,0,0,0,-1,-1,-1,0,-1,634,-1,-1,-1,-1,-1,-1,2,0,0,0,0,0,2,0,15,4,7,41.73616511,-87.62558757
0,364774,-1,30,-1,-1,-1,-1,10,-1,-1,0,-1,-1,0,-1,-1,-1,0,-1,1611,-1,-1,-1,-1,-1,-1,2,0,0,0,0,0,2,0,15,4,7,41.99726687,-87.78797033
0,364832,-1,30,0,0,0,1,7,5,-1,0,0,0,0,-1,-1,1,0,0,1221,-1,-1,-1,-1,-1,-1,2,0,0,0,0,0,1,0,15,4,7,41.8907016,-87.67763448
0,364824,-1,30,0,0,0,1,14,2,-1,0,0,-1,0,1,-1,-1,17,-1,1611,-1,-1,-1,-1,-1,-1,2,0,0,0,0,0,2,0,15,4,7,42.00032261,-87.80661943
0,366185,-1,30,0,0,0,1,10,5,2,0,0,0,0,-1,-1,-1,0,-1,1231,-1,-1,-1,-1,-1,-1,2,0,0,0,0,0,2,0,15,4,7,41.87316441,-87.66190409
0,365164,-1,30,0,0,0,1,12,2,4,0,0,-1,0,-1,-1,-1,0,-1,834,-1,-1,-1,-1,-1,-1,2,0,0,0,0,0,2,0,15,4,7,41.74915055,-87.73168508
0,365155,-1,30,0,0,0,1,7,5,-1,0,0,0,0,-1,-1,-1,0,0,323,-1,-1,-1,-1,-1,-1,2,0,0,0,0,0,1,0,15,4,7,41.76132068,-87.61017659
0,365062,1,30,0,0,0,1,7,5,-1,0,0,0,0,-1,-1,1,0,0,812,-1,-1,-1,-1,-1,-1,2,0,0,0,0,0,1,0,15,4,7,41.77771362,-87.77355876
0,364900,-1,30,0,0,0,1,7,5,-1,0,0,0,0,-1,-1,-1,20,0,1221,-1,-1,-1,-1,-1,-1,2,0,0,0,0,0,1,0,15,4,7,41.88973546,-87.68272949
1,364851,-1,30,0,0,0,1,12,6,2,0,0,0,1,-1,-1,-1,21,-1,1223,-1,-1,-1,-1,-1,-1,2,1,0,0,0,1,15,0,15,4,7,41.88319911,-87.68016431
0,364796,-1,30,12,12,0,1,12,6,3,0,0,0,0,-1,-1,-1,17,-1,1833,-1,-1,-1,-1,-1,-1,2,0,0,0,0,0,2,0,14,4,7,41.89850698,-87.6232933
3,364788,-1,30,0,0,0,1,7,7,0,0,0,0,1,-1,1,-1,27,-1,924,-1,-1,-1,-1,-1,-1,3,1,0,1,0,0,0,0,14,4,7,41.82305987,-87.67027095
0,365855,-1,40,1,2,0,1,10,5,4,0,0,0,0,-1,-1,-1,18,18,114,-1,-1,-1,-1,-1,-1,2,0,0,0,0,0,2,0,14,4,7,41.87831014,-87.6175759
1,364771,-1,30,1,2,0,1,10,5,4,0,0,0,1,-1,-1,-1,18,-1,2533,-1,-1,-1,-1,-1,-1,2,2,0,0,0,2,1,0,14,4,7,41.91519353,-87.74618263
0,364744,-1,30,0,0,0,1,8,5,2,0,0,0,0,-1,-1,-1,-1,-1,1235,-1,-1,-1,-1,-1,-1,2,0,0,0,0,0,2,0,14,4,7,41.8565654,-87.64645832
0,364714,-1,30,0,0,0,1,12,5,-1,0,0,0,0,-1,-1,-1,21,7,623,-1,-1,-1,-1,-1,-1,2,0,0,0,0,0,2,0,14,4,7,41.75831465,-87.61526504
0,364911,-1,30,0,0,0,1,10,6,1,0,0,0,0,-1,-1,-1,20,-1,1634,-1,-1,-1,-1,-1,-1,2,0,0,0,0,0,2,0,14,4,7,41.94714318,-87.74724032
0,364746,-1,30,1,2,0,1,10,2,4,0,0,0,1,1,-1,-1,18,-1,2535,-1,-1,-1,-1,-1,-1,2,0,0,0,0,0,2,0,14,4,7,41.91711238,-87.72172367
0,364981,-1,25,0,0,0,1,12,12,-1,0,0,0,0,-1,1,1,20,20,913,-1,0,-1,-1,-1,-1,2,0,0,0,0,0,2,0,14,4,7,41.83188188,-87.6511415
0,364800,-1,30,0,0,0,1,10,5,-1,0,0,0,0,-1,-1,1,-1,-1,814,-1,-1,-1,-1,-1,-1,2,0,0,0,0,0,3,0,14,4,7,41.81483675,-87.74350148
0,364778,-1,10,0,0,0,1,7,7,-1,0,0,-1,0,-1,-1,1,0,-1,2211,-1,-1,-1,-1,-1,-1,2,0,0,0,0,0,1,0,14,4,7,41.70372586,-87.6816838
0,364723,-1,30,0,0,0,1,7,5,-1,0,0,0,0,-1,-1,-1,21,-1,1221,-1,-1,-1,-1,-1,-1,2,0,0,0,0,0,1,0,14,4,7,41.89553794,-87.6980829
0,364798,-1,30,1,2,0,1,10,2,-1,0,0,0,0,1,-1,0,18,-1,1433,-1,-1,-1,-1,-1,-1,2,0,0,0,0,0,2,0,14,4,7,41.91087935,-87.65795054
0,364727,-1,0,0,0,0,1,12,5,2,0,0,0,0,-1,-1,1,0,0,222,-1,-1,-1,-1,-1,-1,2,0,0,0,0,0,2,0,14,4,7,41.80299789,-87.58789407
2,364688,-1,30,1,2,0,1,10,5,-1,0,0,0,1,1,-1,-1,0,0,1822,-1,-1,-1,-1,-1,-1,2,1,0,0,1,0,1,0,14,4,7,41.90382523,-87.64328636
0,364730,-1,30,-1,-1,0,1,10,5,2,0,0,0,0,-1,-1,1,0,-1,1934,-1,-1,-1,-1,-1,-1,2,0,0,0,0,0,3,0,14,4,7,41.93298463,-87.64887441
0,372980,1,30,0,0,0,1,7,2,-1,0,0,0,0,-1,-1,1,11,0,1634,-1,-1,-1,-1,-1,-1,2,0,0,0,0,0,1,0,14,4,7,41.94403445,-87.74715297
0,364739,0,30,0,0,0,1,7,5,2,0,0,0,0,-1,-1,1,-1,-1,1921,-1,-1,-1,-1,-1,-1,2,0,0,0,0,0,1,0,14,4,7,41.93955208,-87.68995659
1,364725,-1,30,1,2,0,1,14,2,4,0,0,0,1,1,-1,-1,0,0,814,-1,-1,-1,-1,-1,-1,2,1,0,0,0,1,1,0,14,4,7,41.79282799,-87.76215727
0,364724,-1,30,0,0,0,1,3,3,-1,0,0,0,0,1,-1,1,0,0,921,-1,-1,-1,-1,-1,-1,2,0,0,0,0,0,3,0,14,4,7,41.82296363,-87.68438479
0,364692,-1,20,0,0,0,1,7,2,2,0,0,-1,0,-1,-1,1,-1,0,2413,-1,-1,-1,-1,-1,-1,2,0,0,0,0,0,1,0,14,4,7,41.99738825,-87.70323053
0,364717,-1,30,0,0,0,1,7,5,2,2,0,0,0,1,-1,0,23,-1,412,-1,0,-1,-1,-1,-1,2,0,0,0,0,0,1,0,13,4,7,41.73876627,-87.57568661
0,364847,-1,30,0,0,0,1,7,5,-1,0,0,-1,0,-1,-1,1,0,-1,1513,-1,-1,-1,-1,-1,-1,2,0,0,0,0,0,1,0,13,4,7,41.87933335,-87.77121794
1,364696,-1,30,12,12,0,1,10,2,2,0,12,2,1,-1,-1,-1,16,18,1621,-1,-1,-1,-1,-1,-1,2,1,0,0,0,1,1,0,13,4,7,41.97634745,-87.75330269
-1,364791,-1,30,0,0,0,1,7,6,1,0,0,0,0,-1,-1,-1,-1,-1,1833,-1,-1,-1,-1,-1,-1,-1,-1,-1,-1,-1,-1,-1,-1,13,4,7,41.90006781,-87.6271008
0,364703,-1,30,0,0,0,1,10,3,-1,0,0,0,0,-1,-1,-1,0,0,1834,-1,-1,-1,-1,-1,-1,2,0,0,0,0,0,2,0,13,4,7,41.89358466,-87.61483685
2,364652,-1,30,2,2,0,1,0,12,-1,0,0,0,1,1,-1,-1,16,11,432,-1,-1,-1,-1,-1,-1,2,1,0,0,1,0,7,0,13,4,7,41.70085438,-87.54023599
0,365350,-1,25,0,0,0,1,10,5,2,0,0,-1,0,-1,-1,1,0,-1,832,-1,-1,-1,-1,-1,-1,3,0,0,0,0,0,3,0,13,4,7,41.77205045,-87.68582366
0,364840,-1,35,1,-1,0,1,10,3,-1,0,0,-1,0,-1,-1,-1,-1,-1,324,-1,-1,-1,-1,-1,-1,2,0,0,0,0,0,2,0,13,4,7,41.76419486,-87.58572471
0,364809,-1,30,0,0,0,1,10,7,-1,0,0,0,0,-1,-1,-1,20,-1,2512,-1,-1,-1,-1,-1,-1,2,0,0,0,0,0,2,0,13,4,7,41.92884722,-87.78578102
0,364755,-1,25,2,2,0,1,9,1,2,0,0,0,0,1,-1,1,17,5,1214,-1,-1,-1,-1,-1,-1,2,0,0,0,0,0,2,0,13,4,7,41.88670565,-87.64140962
0,364685,-1,30,0,0,0,1,12,5,-1,0,0,0,0,-1,-1,-1,0,0,834,-1,-1,-1,-1,-1,-1,2,0,0,0,0,0,2,0,13,4,7,41.75271696,-87.72216621
0,365707,-1,30,1,2,0,1,10,2,-1,0,0,0,0,-1,-1,-1,0,-1,1614,-1,-1,-1,-1,-1,-1,2,0,0,0,0,0,2,0,13,4,7,41.95219924,-87.83681502
0,364586,-1,30,0,0,0,1,2,0,1,0,0,0,0,-1,1,-1,0,0,523,-1,-1,-1,-1,-1,-1,1,0,0,0,0,0,1,0,13,4,7,41.658292,-87.63357277
0,366032,-1,10,1,2,0,1,12,2,-1,0,0,0,0,-1,1,-1,17,17,914,-1,-1,-1,-1,-1,-1,2,0,0,0,0,0,2,0,13,4,7,41.8383186,-87.63379195
0,364814,-1,30,0,0,0,1,7,6,1,0,-1,-1,0,-1,-1,1,22,22,1731,-1,-1,-1,-1,-1,-1,2,0,0,0,0,0,2,0,13,4,7,41.95327912,-87.73261259
2,364787,-1,30,1,2,0,1,0,12,-1,0,0,0,1,1,-1,-1,6,-1,1133,-1,-1,-1,-1,-1,-1,2,1,0,0,1,0,1,0,13,4,7,41.87459916,-87.71574091
0,364598,-1,30,0,0,0,1,12,2,-1,0,0,0,0,-1,-1,-1,17,-1,1723,-1,-1,-1,-1,-1,-1,2,0,0,0,0,0,3,0,13,4,7,41.96822806,-87.71915939
0,377522,-1,10,0,0,0,1,7,7,-1,0,0,0,0,-1,-1,1,-1,-1,622,-1,-1,-1,-1,-1,-1,2,0,0,0,0,0,1,0,13,4,7,41.7362617,-87.62906472
0,365059,-1,30,0,0,0,1,14,2,-1,0,0,0,0,0,-1,-1,23,17,223,-1,-1,-1,-1,-1,-1,2,0,0,0,0,0,2,0,13,4,7,41.80609562,-87.60663924
0,364789,-1,30,0,0,0,1,12,2,-1,0,0,0,0,-1,-1,-1,11,0,614,-1,-1,-1,-1,-1,-1,2,0,0,0,0,0,2,0,13,4,7,41.74168028,-87.66336476
0,364633,-1,30,0,0,0,1,7,5,2,0,0,0,0,-1,-1,1,0,-1,1232,-1,-1,-1,-1,-1,-1,2,0,0,0,0,0,1,0,13,4,7,41.87783262,-87.64756027
0,364629,-1,0,1,2,0,1,7,2,3,0,0,0,0,-1,-1,-1,28,0,1824,-1,-1,-1,-1,-1,-1,2,0,0,0,0,0,1,0,13,4,7,41.90065231,-87.63419241
0,634855,-1,30,0,0,0,1,3,7,-1,0,0,0,0,-1,1,-1,0,0,815,-1,-1,-1,-1,-1,-1,2,0,0,0,0,0,5,0,12,4,7,41.79924425,-87.74280079
0,365793,-1,30,1,2,0,1,10,3,6,0,0,0,0,-1,-1,-1,0,-1,811,-1,-1,-1,-1,-1,-1,2,0,0,0,0,0,2,0,12,4,7,41.79540926,-87.80146255
0,364625,-1,30,0,0,0,1,10,3,-1,0,0,0,0,-1,-1,-1,0,0,924,-1,-1,-1,-1,-1,-1,2,0,0,0,0,0,2,0,12,4,7,41.81045155,-87.6837744
0,364622,-1,30,0,0,0,1,14,5,-1,0,0,0,0,-1,-1,-1,-1,-1,811,-1,-1,-1,-1,-1,-1,2,0,0,0,0,0,3,0,12,4,7,41.79435485,-87.77052715
2,364523,-1,30,1,2,0,1,10,2,-1,0,0,0,1,1,-1,-1,18,16,821,-1,-1,-1,-1,-1,-1,2,2,0,0,2,0,2,0,12,4,7,41.81824278,-87.72379932
0,364766,1,0,0,0,0,1,7,7,0,0,0,0,0,-1,-1,1,0,0,1935,-1,-1,-1,-1,-1,-1,2,0,0,0,0,0,1,0,12,4,7,41.92977326,-87.63939362
0,364637,1,15,0,0,0,1,2,0,1,0,0,0,0,-1,1,1,0,0,2522,-1,-1,-1,-1,-1,-1,1,0,0,0,0,0,1,0,12,4,7,41.91969763,-87.73499907
1,364908,-1,30,1,2,0,1,14,5,-1,0,0,0,1,-1,-1,1,18,-1,1223,-1,-1,-1,-1,-1,-1,2,1,0,0,0,1,2,0,12,4,7,41.88149866,-87.6718102
2,364571,-1,30,0,0,0,1,7,6,2,0,0,0,1,-1,-1,-1,2,-1,623,-1,-1,-1,-1,-1,-1,2,1,0,0,1,0,1,0,12,4,7,41.75388249,-87.62448276
0,364536,-1,30,0,0,0,1,5,7,-1,0,0,0,0,-1,1,-1,16,-1,2222,-1,1,-1,-1,-1,-1,1,0,0,0,0,0,1,0,12,4,7,41.73584654,-87.65319092
0,364521,-1,30,1,2,0,1,14,2,-1,0,0,0,0,-1,-1,-1,22,20,431,-1,-1,-1,-1,-1,-1,3,0,0,0,0,0,3,0,12,4,7,41.71349331,-87.55109074
0,364544,-1,30,0,0,0,1,12,3,6,0,0,0,0,-1,-1,-1,0,0,935,-1,-1,-1,-1,-1,-1,2,0,0,0,0,0,2,0,12,4,7,41.79441402,-87.64496565
0,364541,-1,35,0,0,0,1,2,5,2,3,0,0,1,-1,-1,-1,15,-1,1011,-1,-1,-1,-1,-1,-1,1,0,0,0,0,0,2,0,12,4,7,41.86204692,-87.72031723
0,364515,-1,30,2,2,0,1,7,5,-1,0,0,0,0,1,-1,-1,0,-1,915,-1,-1,-1,-1,-1,-1,5,0,0,0,0,0,5,0,12,4,7,41.83447564,-87.6324025
0,366293,-1,30,1,2,0,1,10,5,-1,0,0,0,0,-1,-1,-1,0,0,1131,-1,-1,-1,-1,-1,-1,2,0,0,0,0,0,2,0,12,4,7,41.87349948,-87.73536819
0,364548,-1,30,0,0,0,1,7,6,-1,0,0,0,0,-1,-1,1,20,20,1831,-1,-1,-1,-1,-1,-1,2,0,0,0,0,0,1,0,12,4,7,41.89096751,-87.62845838
0,364513,-1,30,0,0,0,1,12,5,-1,0,0,0,0,-1,-1,-1,21,-1,711,-1,-1,-1,-1,-1,-1,2,0,0,0,0,0,2,0,12,4,7,41.78119967,-87.63736392
0,364498,-1,30,0,0,0,1,12,2,4,0,0,0,0,-1,-1,-1,0,-1,1411,-1,-1,-1,-1,-1,-1,2,0,0,0,0,0,3,0,12,4,7,41.92857347,-87.69773605
0,364491,-1,0,0,0,0,1,7,7,-1,0,0,0,0,-1,0,1,25,25,814,-1,0,-1,-1,-1,-1,2,0,0,0,0,0,1,0,12,4,7,41.79696861,-87.75352367
0,364488,-1,30,0,0,0,1,14,5,1,0,0,0,0,1,-1,-1,18,-1,1022,-1,-1,-1,-1,-1,-1,2,0,0,0,0,0,4,0,11,4,7,41.85932622,-87.6958419
0,364527,-1,30,0,0,0,1,10,5,-1,0,0,0,0,-1,-1,-1,18,-1,2413,-1,-1,-1,-1,-1,-1,2,0,0,0,0,0,2,0,11,4,7,41.99727278,-87.70977481
0,368718,-1,30,0,0,0,1,12,3,-1,0,0,0,0,-1,-1,-1,17,-1,935,-1,-1,-1,-1,-1,-1,2,0,0,0,0,0,2,0,11,4,7,41.79446359,-87.64231229
0,366019,-1,30,0,0,0,1,7,6,2,0,0,0,0,-1,-1,1,0,-1,113,-1,-1,-1,-1,-1,-1,2,0,0,0,0,0,1,0,11,4,7,41.87679697,-87.62876382
0,364506,-1,30,0,0,0,1,12,5,-1,0,0,0,0,-1,-1,-1,0,0,1821,-1,-1,-1,-1,-1,-1,2,0,0,0,0,0,2,0,11,4,7,41.90388396,-87.6394372
1,364443,-1,30,0,0,0,1,14,2,2,0,0,0,1,-1,-1,-1,0,-1,533,0,-1,-1,-1,-1,-1,2,1,0,0,0,1,1,0,11,4,7,41.65587942,-87.60247624
2,364433,-1,30,0,0,0,1,9,5,2,0,0,0,1,-1,-1,-1,17,-1,114,-1,-1,-1,-1,-1,-1,2,1,0,0,1,0,1,0,11,4,7,41.88799989,-87.62256513
0,364415,-1,35,1,2,0,1,14,5,4,0,0,0,0,1,-1,-1,23,18,814,-1,-1,-1,-1,-1,-1,2,0,0,0,0,0,3,0,11,4,7,41.80753037,-87.74329682
0,364482,-1,25,1,2,0,1,2,1,4,0,0,0,1,-1,-1,-1,4,33,1925,-1,-1,-1,-1,-1,-1,1,0,0,0,0,0,1,0,11,4,7,41.95452604,-87.64532261
0,364418,-1,30,-1,-1,0,1,10,5,-1,0,-1,-1,0,-1,-1,-1,18,-1,1911,-1,-1,-1,-1,-1,-1,2,0,0,0,0,0,2,0,10,4,7,41.96147355,-87.68510645
0,364432,-1,10,0,0,0,1,2,0,1,0,0,0,0,-1,1,-1,-1,-1,2413,-1,-1,-1,-1,-1,-1,1,0,0,0,0,0,1,0,10,4,7,41.9941711,-87.69084919
0,364408,-1,15,0,0,0,1,0,7,-1,0,0,0,0,-1,-1,-1,17,0,815,-1,-1,-1,-1,-1,-1,2,0,0,0,0,0,4,0,10,4,7,41.80799862,-87.74301216
2,364391,1,30,1,2,0,1,14,1,3,0,-1,-1,1,1,-1,-1,6,16,413,-1,-1,-1,-1,-1,-1,2,2,0,0,2,0,0,0,10,4,7,41.7297263,-87.58490276
0,364406,-1,25,2,2,0,1,12,5,2,0,0,0,0,-1,-1,1,0,-1,1922,-1,-1,-1,-1,-1,-1,2,0,0,0,0,0,2,0,10,4,7,41.95414308,-87.67618061
0,367456,-1,30,0,0,0,1,0,7,-1,0,0,0,0,-1,1,-1,0,0,2422,-1,-1,-1,-1,-1,-1,2,0,0,0,0,0,2,0,10,4,7,42.02263147,-87.67150256
2,364671,-1,30,0,0,0,1,8,5,2,0,0,-1,1,-1,-1,-1,17,-1,1831,-1,-1,1,-1,-1,-1,2,1,0,0,1,0,1,0,10,4,7,41.89654255,-87.63434776
0,364634,-1,30,1,2,0,1,14,5,-1,0,0,0,0,1,-1,-1,0,0,1832,-1,-1,-1,-1,-1,-1,2,0,0,0,0,0,2,0,10,4,7,41.89654685,-87.62969321
0,364398,-1,30,0,0,0,1,0,6,-1,0,0,0,0,-1,-1,-1,0,0,1512,-1,-1,-1,-1,-1,-1,2,0,0,0,0,0,5,0,10,4,7,41.88274672,-87.76674199
0,364848,-1,30,0,0,0,1,7,2,2,0,0,0,0,-1,-1,-1,0,0,812,-1,-1,-1,-1,-1,-1,2,0,0,0,0,0,1,0,10,4,7,41.77770915,-87.77379431
0,364405,-1,30,1,2,0,1,0,5,-1,0,0,0,0,1,-1,-1,17,17,1834,-1,-1,-1,-1,-1,-1,2,0,0,0,0,0,2,0,10,4,7,41.89159074,-87.62586714
0,364386,-1,25,0,0,0,1,7,5,-1,0,0,0,0,-1,-1,-1,0,0,1121,-1,-1,-1,-1,-1,-1,2,0,0,0,0,0,4,0,10,4,7,41.89559246,-87.71393592
0,364396,-1,30,1,2,0,1,10,2,-1,0,0,0,0,-1,-1,-1,0,0,1231,-1,-1,-1,-1,-1,-1,2,0,0,0,0,0,2,0,10,4,7,41.87325896,-87.66643036
0,364357,-1,30,0,0,0,1,12,5,-1,0,0,0,0,-1,-1,-1,0,-1,1011,-1,-1,-1,-1,-1,-1,2,0,0,0,0,0,2,0,10,4,7,41.86490716,-87.72498389
0,364364,-1,30,0,0,0,1,7,6,1,0,0,1,0,1,-1,-1,7,11,1912,-1,-1,-1,-1,-1,-1,2,0,0,0,0,0,1,0,10,4,7,41.95790519,-87.66464452
0,364477,-1,30,0,0,0,1,0,7,0,0,0,0,0,-1,-1,-1,20,20,1223,-1,-1,-1,-1,-1,-1,2,0,0,0,0,0,2,0,10,4,7,41.88390254,-87.6790049
0,364388,-1,30,1,-1,0,1,12,5,2,0,0,-1,0,-1,-1,-1,0,0,1915,-1,-1,-1,-1,-1,-1,2,0,0,0,0,0,2,0,10,4,7,41.95453715,-87.65439899
2,364366,-1,30,2,2,0,1,9,5,2,0,0,0,1,1,-1,-1,-1,-1,324,-1,-1,-1,-1,-1,-1,2,1,0,0,1,0,1,0,10,4,7,41.75884411,-87.58973172
0,364356,-1,30,0,0,0,1,14,5,4,0,0,0,1,-1,-1,1,23,17,1814,-1,-1,-1,-1,-1,-1,2,0,0,0,0,0,2,0,10,4,7,41.91836817,-87.63588995
0,364343,-1,30,1,2,0,1,12,2,2,0,0,0,0,1,-1,-1,22,-1,1623,-1,-1,-1,-1,-1,-1,2,0,0,0,0,0,2,0,9,4,7,41.97505689,-87.76795706
0,364337,-1,25,0,0,0,1,0,6,1,0,0,0,0,-1,-1,-1,0,-1,823,-1,-1,-1,-1,-1,-1,2,0,0,0,0,0,2,0,9,4,7,41.77854195,-87.69932404
0,364320,-1,30,0,0,0,1,14,6,3,0,0,0,1,-1,-1,-1,23,-1,212,-1,-1,-1,-1,-1,-1,2,0,0,0,0,0,2,0,9,4,7,41.82681987,-87.62300552
0,364335,-1,30,0,0,0,1,12,2,6,0,0,0,0,-1,-1,-1,21,22,111,-1,-1,-1,-1,-1,-1,2,0,0,0,0,0,2,0,9,4,7,41.88523355,-87.62807556
2,364317,-1,30,1,2,0,1,14,1,-1,0,0,0,1,1,-1,-1,0,-1,2221,-1,1,-1,-1,-1,-1,2,1,0,0,1,0,3,0,9,4,7,41.72132441,-87.66272415
0,366182,-1,30,2,2,0,1,10,5,2,0,0,0,0,-1,-1,-1,0,0,133,-1,-1,-1,-1,-1,-1,2,0,0,0,0,0,2,0,9,4,7,41.8384753,-87.62186311
3,364573,-1,30,0,-1,0,1,9,2,2,0,-1,-1,1,-1,-1,-1,11,20,412,-1,-1,-1,-1,-1,-1,2,1,0,1,0,0,1,0,9,4,7,41.73698223,-87.57323817
0,364352,-1,30,0,0,0,1,7,5,1,0,0,0,0,-1,-1,1,0,-1,533,-1,-1,-1,-1,-1,-1,2,0,0,0,0,0,1,0,9,4,7,41.65564582,-87.59657057
0,364301,-1,30,1,2,0,1,14,2,-1,0,0,0,0,1,-1,-1,21,-1,215,-1,-1,-1,-1,-1,-1,2,0,0,0,0,0,2,0,9,4,7,41.80956735,-87.63052274
1,364342,-1,30,1,2,0,1,10,2,-1,0,0,0,1,-1,-1,-1,0,0,211,-1,-1,-1,-1,-1,-1,2,1,0,0,0,1,1,0,8,4,7,41.83827459,-87.62178075