MOST_SEVERE_INJURY,RD_NO,CRASH_DATE_EST_I,POSTED_SPEED_LIMIT,TRAFFIC_CONTROL_DEVICE,DEVICE_CONDITION,WEATHER_CONDITION,LIGHTING_CONDITION,FIRST_CRASH_TYPE,TRAFFICWAY_TYPE,LANE_CNT,ALIGNMENT,ROADWAY_SURFACE_COND,ROAD_DEFECT,CRASH_TYPE,INTERSECTION_RELATED_I,NOT_RIGHT_OF_WAY_I,HIT_AND_RUN_I,PRIM_CONTRIBUTORY_CAUSE,SEC_CONTRIBUTORY_CAUSE,BEAT_OF_OCCURRENCE,PHOTOS_TAKEN_I,STATEMENTS_TAKEN_I,DOORING_I,WORK_ZONE_I,WORK_ZONE_TYPE,WORKERS_PRESENT_I,NUM_UNITS,INJURIES_TOTAL,INJURIES_FATAL,INJURIES_INCAPACITATING,INJURIES_NON_INCAPACITATING,INJURIES_REPORTED_NOT_EVIDENT,INJURIES_NO_INDICATION,INJURIES_UNKNOWN,CRASH_HOUR,CRASH_DAY_OF_WEEK,CRASH_MONTH,LATITUDE,LONGITUDE
0,264273,-1,30,0,0,0,1,7,5,1,0,0,0,0,-1,-1,-1,16,16,1434,-1,-1,-1,-1,-1,-1,2,0,0,0,0,0,1,0,8,4,7,41.91481485,-87.67813946
0,374164,-1,30,1,2,0,1,12,5,2,0,0,0,0,-1,-1,-1,0,0,1912,-1,-1,-1,-1,-1,-1,2,0,0,0,0,0,2,0,8,4,7,41.95426825,-87.67863556
0,364397,-1,30,2,3,0,1,0,5,-1,0,0,0,0,-1,-1,-1,20,-1,1235,-1,-1,-1,-1,-1,-1,2,0,0,0,0,0,2,0,8,4,7,41.85420661,-87.65646576
0,364621,-1,20,0,0,0,1,10,2,-1,0,0,-1,0,-1,-1,-1,18,18,2411,-1,-1,-1,-1,-1,-1,2,0,0,0,0,0,2,0,8,4,7,42.01941677,-87.6902932
0,364296,-1,40,0,0,0,1,10,3,8,5,0,0,1,-1,-1,-1,21,-1,114,-1,-1,-1,-1,-1,-1,2,0,0,0,0,0,3,0,8,4,7,41.88810202,-87.61430701
0,364289,-1,30,0,0,0,1,14,2,2,0,0,0,0,1,-1,-1,0,0,414,-1,-1,-1,1,2,1,2,0,0,0,0,0,2,0,8,4,7,41.74435039,-87.58285387
0,364608,-1,30,1,-1,0,1,10,5,-1,0,0,0,0,-1,-1,1,18,-1,2514,-1,-1,-1,-1,-1,-1,2,0,0,0,0,0,2,0,8,4,7,41.9311665,-87.76630375
0,364259,-1,30,2,2,0,1,0,2,-1,0,0,0,0,-1,-1,-1,11,33,821,-1,-1,-1,-1,-1,-1,2,0,0,0,0,0,4,0,8,4,7,41.8132719,-87.70534703
0,364278,1,25,0,0,0,1,12,6,3,0,0,0,0,-1,-1,-1,0,0,122,-1,-1,-1,-1,-1,-1,2,0,0,0,0,0,2,0,8,4,7,41.87949547,-87.63382966
0,364276,-1,30,0,0,0,1,0,5,-1,0,0,0,0,-1,-1,-1,0,-1,1432,-1,-1,-1,-1,-1,-1,2,0,0,0,0,0,2,0,8,4,7,41.9250879,-87.68212395
1,364270,-1,45,0,0,0,1,12,3,8,0,0,0,1,-1,-1,-1,21,11,212,-1,-1,-1,-1,-1,-1,2,2,0,0,0,2,1,0,8,4,7,41.82925225,-87.60434518
0,364248,-1,30,1,2,0,1,12,2,4,0,0,0,0,-1,-1,-1,18,-1,1431,-1,-1,-1,-1,-1,-1,2,0,0,0,0,0,2,0,8,4,7,41.92690945,-87.68786139
0,364261,-1,30,0,0,0,1,7,5,1,0,0,0,1,-1,-1,-1,0,0,1434,-1,-1,-1,-1,-1,-1,2,0,0,0,0,0,1,0,8,4,7,41.91458709,-87.67859016
0,365053,-1,30,0,0,0,1,12,3,-1,0,0,0,0,-1,-1,1,0,0,912,-1,-1,-1,-1,-1,-1,2,0,0,0,0,0,2,0,8,4,7,41.83646835,-87.6655669
0,365122,-1,30,-1,-1,0,1,10,5,-1,0,0,0,0,-1,-1,-1,18,-1,2512,-1,-1,-1,-1,-1,-1,2,0,0,0,0,0,2,0,8,4,7,41.92372075,-87.79367976
0,364213,-1,30,0,0,0,1,7,5,2,0,0,0,1,-1,-1,1,0,0,2515,-1,-1,-1,-1,-1,-1,2,0,0,0,0,0,1,0,8,4,7,41.92133792,-87.75621385
0,364250,-1,30,1,2,0,1,10,5,4,0,0,0,1,1,-1,-1,18,16,1111,-1,-1,-1,-1,-1,-1,3,0,0,0,0,0,3,0,8,4,7,41.90247316,-87.73172626
0,366359,-1,30,1,2,0,1,14,5,2,0,0,0,0,-1,-1,-1,23,17,1912,-1,-1,-1,-1,-1,-1,2,0,0,0,0,0,2,0,8,4,7,41.96512241,-87.66942244
-1,364227,-1,30,0,0,0,1,12,5,2,0,0,0,0,-1,-1,-1,22,-1,1611,-1,-1,-1,-1,-1,-1,-1,-1,-1,-1,-1,-1,-1,-1,7,4,7,42.01627303,-87.80672865
0,364221,-1,30,2,0,0,1,10,5,-1,0,0,0,0,-1,-1,1,0,0,1222,-1,-1,-1,-1,-1,-1,2,0,0,0,0,0,3,0,7,4,7,41.88426789,-87.70390077
0,366096,-1,30,0,0,0,1,12,5,-1,0,0,0,0,-1,-1,-1,0,0,1624,-1,-1,-1,-1,-1,-1,2,0,0,0,0,0,2,0,7,4,7,41.95525028,-87.74750161
0,365313,-1,30,0,0,0,1,12,5,4,0,0,0,0,-1,-1,-1,0,0,1731,-1,-1,-1,-1,-1,-1,2,0,0,0,0,0,2,0,7,4,7,41.94369274,-87.74684959
0,364854,-1,30,1,2,0,1,14,5,-1,0,0,0,0,-1,-1,-1,23,0,811,-1,-1,-1,-1,-1,-1,2,0,0,0,0,0,2,0,7,4,7,41.79185207,-87.8013778
0,364280,-1,30,0,0,0,1,3,2,2,0,0,0,0,-1,-1,-1,-1,-1,524,-1,-1,-1,-1,-1,-1,2,0,0,0,0,0,2,0,7,4,7,41.67776039,-87.65366214
0,364272,-1,30,0,0,0,1,14,5,2,0,0,0,0,-1,-1,-1,0,0,1713,-1,-1,-1,-1,-1,-1,2,0,0,0,0,0,2,0,7,4,7,41.96860602,-87.70332777
2,364215,-1,30,1,2,0,1,10,5,4,0,0,0,1,-1,-1,-1,7,0,1034,-1,-1,-1,-1,-1,-1,3,2,0,0,2,0,1,0,7,4,7,41.84111499,-87.68513204
0,364469,-1,30,0,0,0,1,12,2,-1,0,0,0,0,-1,-1,-1,0,-1,1834,-1,-1,-1,-1,-1,-1,2,0,0,0,0,0,2,0,7,4,7,41.89320668,-87.62535482
0,364262,1,30,0,0,0,-1,7,6,1,0,0,-1,0,-1,-1,1,0,0,1135,-1,-1,-1,-1,-1,-1,2,0,0,0,0,0,1,0,7,4,7,41.87500789,-87.6949581
0,364230,1,25,0,0,0,-1,7,6,1,0,0,0,1,-1,-1,1,0,0,2433,-1,-1,-1,-1,-1,-1,2,0,0,0,0,0,1,0,7,4,7,41.9927664,-87.67087566
0,364196,-1,25,0,0,0,1,8,0,-1,0,0,0,0,-1,-1,-1,-1,-1,2032,-1,-1,-1,1,2,1,2,0,0,0,0,0,2,0,7,4,7,41.97257179,-87.66806682
0,364206,-1,30,0,0,0,1,5,7,-1,0,0,0,0,-1,-1,-1,8,-1,1524,-1,-1,-1,-1,-1,-1,1,0,0,0,0,0,1,0,7,4,7,41.89461252,-87.75573339
0,364822,-1,15,0,0,0,1,7,7,-1,0,0,0,0,-1,-1,1,-1,-1,1923,-1,-1,-1,-1,-1,-1,2,0,0,0,0,0,1,0,7,4,7,41.95123772,-87.65421952
2,364183,-1,30,1,2,0,1,8,2,4,0,0,0,1,1,-1,-1,16,23,1421,-1,-1,-1,-1,-1,-1,2,1,0,0,1,0,1,0,6,4,7,41.91026903,-87.70201587
2,364185,-1,30,0,0,0,1,14,2,4,0,0,0,1,-1,-1,-1,17,16,1613,-1,-1,-1,-1,-1,-1,2,1,0,0,1,0,1,0,6,4,7,41.97962305,-87.80683472
1,364175,-1,35,0,0,0,1,14,5,-1,0,0,0,1,-1,-1,-1,18,23,2211,-1,-1,-1,-1,-1,-1,2,1,0,0,0,1,2,0,6,4,7,41.70616924,-87.68175962
0,364323,-1,45,0,0,0,1,12,8,4,0,0,0,0,-1,-1,-1,17,0,211,-1,-1,-1,-1,-1,-1,2,0,0,0,0,0,4,0,6,4,7,41.83841192,-87.60843282
0,365029,-1,55,-1,-1,0,1,10,3,-1,0,0,0,0,-1,-1,-1,-1,-1,1814,-1,-1,-1,-1,-1,-1,2,0,0,0,0,0,2,0,6,4,7,41.9237933,-87.63057932
0,364187,-1,30,2,2,0,1,14,5,4,0,0,0,0,-1,-1,-1,11,-1,821,-1,-1,-1,-1,-1,-1,2,0,0,0,0,0,4,0,6,4,7,41.82257679,-87.70459757
0,346166,-1,35,0,0,0,1,7,5,-1,0,0,0,0,-1,-1,-1,27,-1,1711,-1,-1,-1,-1,-1,-1,4,0,0,0,0,0,1,0,6,4,7,41.9901674,-87.71770107
0,364700,-1,30,1,2,0,1,10,2,-1,0,0,0,0,1,-1,-1,20,16,1831,-1,-1,-1,-1,-1,-1,2,0,0,0,0,0,2,0,6,4,7,41.89241067,-87.63720268
0,364601,-1,0,1,2,0,1,10,-1,-1,0,-1,-1,0,1,-1,-1,0,-1,1225,-1,-1,-1,-1,-1,-1,2,0,0,0,0,0,2,0,6,4,7,41.87622895,-87.68395154
-1,364683,-1,30,0,0,0,1,9,5,-1,0,0,0,1,-1,-1,1,-1,-1,812,-1,-1,-1,-1,-1,-1,-1,-1,-1,-1,-1,-1,-1,-1,6,4,7,41.77796333,-87.76431461
2,364163,-1,30,1,1,0,1,14,2,-1,0,0,0,1,1,-1,-1,0,0,1611,-1,-1,-1,-1,-1,-1,2,1,0,0,1,0,1,0,5,4,7,42.01865151,-87.80669988
0,366959,-1,0,0,0,0,3,7,6,-1,0,0,0,0,-1,-1,1,0,-1,2233,-1,-1,-1,-1,-1,-1,2,0,0,0,0,0,1,0,5,4,7,41.69782659,-87.63425355
1,364143,-1,30,0,0,0,2,10,2,4,0,0,-1,1,-1,-1,-1,18,-1,1131,-1,-1,-1,-1,-1,-1,2,1,0,0,0,1,1,0,4,4,7,41.87595151,-87.74495664
0,364663,-1,30,-1,-1,0,1,7,5,-1,0,0,-1,0,-1,-1,1,0,-1,2532,-1,-1,-1,-1,-1,-1,2,0,0,0,0,0,1,0,4,4,7,41.91317068,-87.76319517
0,364123,-1,20,0,0,0,3,2,0,1,0,0,0,1,-1,-1,1,0,0,831,-1,-1,-1,-1,-1,-1,1,0,0,0,0,0,1,0,3,4,7,41.77384219,-87.69311108
0,364116,1,35,1,2,0,3,2,2,-1,0,0,0,1,1,-1,1,25,-1,1213,1,-1,-1,-1,-1,-1,1,0,0,0,0,0,2,0,3,4,7,41.90331889,-87.66177878
0,364120,0,30,0,0,0,3,10,5,-1,0,0,0,0,-1,-1,1,18,18,124,-1,-1,-1,-1,-1,-1,2,0,0,0,0,0,2,0,2,4,7,41.8671089,-87.6422588
2,364110,-1,30,1,2,0,3,10,2,3,0,0,-1,1,-1,-1,-1,16,16,123,-1,-1,-1,-1,-1,-1,2,1,0,0,1,0,5,0,2,4,7,41.86750238,-87.62427526
0,364256,1,25,0,0,0,3,7,6,1,0,0,0,1,-1,-1,1,-1,0,2412,-1,-1,-1,-1,-1,-1,3,0,0,0,0,0,1,0,2,4,7,42.00157536,-87.69623352
0,364085,-1,35,1,2,0,3,12,12,3,0,0,0,1,-1,-1,-1,22,-1,2223,-1,-1,-1,-1,-1,-1,2,0,0,0,0,0,2,0,1,4,7,41.73578527,-87.64375883
0,364075,-1,40,0,0,0,3,14,3,8,0,0,0,0,0,-1,-1,23,22,2024,-1,-1,-1,-1,-1,-1,2,0,0,0,0,0,2,0,1,4,7,41.97704061,-87.65059745
0,364074,-1,30,1,2,0,3,0,5,2,0,0,0,0,1,-1,-1,6,7,1831,-1,-1,-1,-1,-1,-1,2,0,0,0,0,0,5,0,1,4,7,41.8930372,-87.63700422
0,364067,-1,25,2,2,0,3,0,-1,1,0,0,0,1,1,-1,-1,5,11,1632,-1,-1,-1,-1,-1,-1,2,0,0,0,0,0,2,0,0,4,7,41.94917485,-87.79749492
0,364094,-1,30,0,0,0,3,2,5,2,0,0,0,0,-1,-1,1,25,0,2512,-1,-1,-1,-1,-1,-1,1,0,0,0,0,0,2,0,0,4,7,41.92136643,-87.77938231
0,364830,1,30,0,0,-1,-1,7,6,1,0,-1,-1,0,-1,-1,1,0,-1,1522,-1,-1,-1,-1,-1,-1,2,0,0,0,0,0,1,0,0,4,7,41.87484087,-87.76443547
0,364041,-1,20,0,0,0,3,7,6,1,0,0,0,1,-1,-1,-1,0,0,411,-1,-1,-1,-1,-1,-1,2,0,0,0,0,0,1,0,0,4,7,41.74990551,-87.59316413
0,365981,-1,30,0,0,0,-1,7,6,-1,0,0,0,0,-1,-1,1,0,-1,911,-1,-1,-1,-1,-1,-1,2,0,0,0,0,0,1,0,0,4,7,41.82361431,-87.70430908
0,364679,1,25,0,-1,0,3,7,5,-1,0,0,0,0,-1,-1,1,0,-1,1024,-1,-1,-1,-1,-1,-1,2,0,0,0,0,0,1,0,0,4,7,41.85081279,-87.7075124
0,364086,-1,30,0,0,0,3,12,5,2,0,0,0,0,-1,-1,-1,21,16,1733,-1,-1,-1,-1,-1,-1,2,0,0,0,0,0,2,0,23,3,7,41.94676168,-87.70400522
0,364021,-1,30,0,0,0,3,12,5,2,0,0,0,0,-1,-1,-1,0,-1,423,-1,-1,-1,-1,-1,-1,2,0,0,0,0,0,4,0,23,3,7,41.73728557,-87.55157514
0,364025,-1,30,-1,-1,0,3,12,12,1,0,-1,-1,0,-1,-1,1,22,22,1132,-1,1,-1,-1,-1,-1,2,0,0,0,0,0,2,0,23,3,7,41.87531365,-87.73051087
0,364007,-1,35,1,2,0,3,14,5,4,0,0,0,0,1,-1,-1,17,-1,2223,-1,-1,-1,-1,-1,-1,2,0,0,0,0,0,2,0,23,3,7,41.72134828,-87.64314954
0,364665,-1,30,0,0,0,3,7,6,1,0,0,0,0,-1,-1,1,22,0,1634,-1,-1,-1,-1,-1,-1,2,0,0,0,0,0,1,0,23,3,7,41.94323283,-87.75060922
0,364985,-1,30,0,0,0,0,10,7,-1,0,0,0,0,-1,1,1,-1,-1,822,-1,-1,-1,-1,-1,-1,2,0,0,0,0,0,2,0,23,3,7,41.78615531,-87.70349314
0,364045,-1,30,0,0,0,3,12,5,-1,0,0,0,0,-1,-1,1,20,-1,1232,-1,-1,-1,-1,-1,-1,2,0,0,0,0,0,2,0,23,3,7,41.86713421,-87.64423752
1,363986,-1,30,1,2,0,3,14,5,4,0,0,0,1,1,-1,-1,21,-1,224,-1,-1,-1,-1,-1,-1,2,2,0,0,0,2,1,0,22,3,7,41.80211172,-87.62257084
0,363984,-1,30,1,2,0,3,14,2,2,0,0,0,0,1,-1,1,23,21,1623,-1,-1,-1,-1,-1,-1,2,0,0,0,0,0,2,0,22,3,7,41.98302906,-87.76819592
0,377765,-1,30,0,0,0,0,2,0,1,0,0,0,0,-1,1,-1,0,-1,1023,-1,-1,-1,-1,-1,-1,2,0,0,0,0,0,1,0,22,3,7,41.85296986,-87.69214198
0,364005,-1,30,0,0,0,3,7,6,1,0,0,0,0,-1,-1,1,20,11,622,-1,-1,-1,-1,-1,-1,3,0,0,0,0,0,2,0,22,3,7,41.73748117,-87.64015435
0,363962,-1,25,0,0,0,3,7,6,1,0,0,0,0,-1,-1,1,25,0,1121,-1,-1,-1,-1,-1,-1,2,0,0,0,0,0,3,0,22,3,7,41.89209847,-87.71270235
1,363942,-1,30,2,2,0,3,9,5,1,0,0,0,1,-1,-1,-1,17,-1,1621,-1,-1,-1,-1,-1,-1,2,1,0,0,0,1,1,0,22,3,7,41.97544028,-87.74941803
0,376577,-1,45,0,0,0,0,4,5,4,0,0,1,0,-1,-1,-1,-1,-1,114,-1,-1,-1,-1,-1,-1,1,0,0,0,0,0,1,0,22,3,7,41.88386647,-87.61506888
0,366581,1,30,0,0,-1,3,7,6,1,0,-1,-1,0,-1,-1,1,0,0,1724,-1,-1,-1,-1,-1,-1,2,0,0,0,0,0,1,0,22,3,7,41.9567508,-87.70875732
0,364034,-1,30,0,0,0,3,7,5,-1,0,0,0,0,-1,-1,1,0,0,823,-1,-1,-1,-1,-1,-1,2,0,0,0,0,0,1,0,22,3,7,41.78321186,-87.71567195
0,363930,-1,30,1,2,0,3,14,1,6,0,0,0,1,-1,-1,-1,17,23,1711,-1,-1,-1,-1,-1,-1,2,0,0,0,0,0,3,0,21,3,7,41.99005823,-87.72848394
0,363946,-1,30,2,0,0,3,12,6,1,0,0,-1,0,-1,-1,0,12,0,612,-1,-1,-1,-1,-1,-1,2,0,0,0,0,0,2,0,21,3,7,41.75226529,-87.65121413
1,363997,-1,30,-1,-1,0,3,8,2,-1,0,-1,-1,1,1,-1,-1,-1,-1,1232,-1,-1,0,-1,-1,-1,2,1,0,0,0,1,1,0,21,3,7,41.87185759,-87.6468729
0,364563,-1,35,0,0,0,3,10,5,4,0,0,0,0,-1,-1,1,16,18,1915,-1,-1,-1,-1,-1,-1,2,0,0,0,0,0,2,0,21,3,7,41.95457339,-87.65606002
0,364006,-1,35,2,12,0,3,12,5,-1,0,0,0,1,1,-1,-1,18,22,1912,-1,-1,-1,-1,-1,-1,2,0,0,0,0,0,5,0,21,3,7,41.96715109,-87.66728414
0,363964,-1,45,0,0,0,3,10,3,-1,0,0,0,0,-1,-1,-1,18,-1,1925,-1,-1,-1,-1,-1,-1,2,0,0,0,0,0,2,0,21,3,7,41.94476267,-87.6409651
0,363955,-1,10,-1,-1,0,3,12,5,-1,0,0,0,0,-1,1,-1,22,-1,1654,-1,-1,-1,-1,-1,-1,2,0,0,0,0,0,2,0,21,3,7,-1,-1
0,363907,1,30,1,2,0,4,14,5,2,0,0,0,0,-1,-1,-1,23,18,2533,-1,-1,-1,-1,-1,-1,2,0,0,0,0,0,2,0,21,3,7,41.91676893,-87.75515509
0,363872,-1,30,12,2,0,3,2,3,2,0,0,0,1,1,-1,-1,23,0,114,-1,-1,-1,-1,-1,-1,1,0,0,0,0,0,1,0,20,3,7,41.88503947,-87.61724521
3,363876,-1,30,0,0,0,4,10,2,-1,0,0,0,1,-1,-1,-1,16,18,831,-1,-1,-1,-1,-1,-1,2,3,0,3,0,0,4,0,20,3,7,41.76135094,-87.70258006
1,363856,-1,30,1,2,0,3,14,5,2,1,0,0,1,1,-1,-1,17,0,513,-1,-1,-1,-1,-1,-1,2,1,0,0,0,1,2,0,20,3,7,41.6998132,-87.62107428
0,363854,-1,40,0,0,0,3,12,2,8,0,0,0,0,-1,-1,1,16,18,1814,-1,-1,-1,-1,-1,-1,2,0,0,0,0,0,2,0,20,3,7,41.92379779,-87.63077727
0,363845,-1,30,0,0,0,4,7,5,2,0,0,0,1,-1,-1,-1,11,0,1433,-1,-1,-1,-1,-1,-1,2,0,0,0,0,0,1,0,20,3,7,41.90725783,-87.66019103
0,363928,-1,0,1,-1,-1,-1,12,12,-1,0,-1,-1,0,1,-1,-1,21,0,1232,-1,-1,-1,-1,-1,-1,2,0,0,0,0,0,2,0,20,3,7,41.86713421,-87.64423752
2,363855,-1,35,0,0,0,1,12,5,2,0,0,0,1,-1,-1,-1,18,-1,823,-1,-1,-1,-1,-1,-1,3,3,0,0,2,1,5,0,20,3,7,41.77888118,-87.70185523
0,363810,-1,30,0,0,0,1,7,5,1,0,0,0,1,-1,-1,1,16,-1,524,-1,-1,-1,-1,-1,-1,2,0,0,0,0,0,1,0,19,3,7,41.67120525,-87.65616222
0,363802,-1,30,2,2,0,1,0,2,-1,0,0,0,0,-1,-1,-1,0,0,1632,-1,-1,-1,-1,-1,-1,2,0,0,0,0,0,2,0,19,3,7,41.9382314,-87.79819693
2,363835,-1,30,0,0,0,3,10,2,2,0,0,0,1,-1,-1,-1,18,16,2514,-1,-1,-1,-1,-1,-1,2,1,0,0,1,0,1,0,19,3,7,41.93070077,-87.76637223
0,363778,-1,30,0,0,0,1,14,5,4,0,0,0,1,-1,-1,1,23,16,1611,-1,-1,-1,-1,-1,-1,2,0,0,0,0,0,6,0,19,3,7,41.99446631,-87.78495518
2,363771,-1,30,1,2,0,1,14,5,-1,0,0,0,1,1,-1,-1,17,-1,1211,-1,-1,-1,-1,-1,-1,2,1,0,0,1,0,1,0,19,3,7,41.89645517,-87.70228527
0,363817,-1,30,0,0,0,1,14,2,4,0,0,-1,0,-1,-1,-1,22,0,632,-1,-1,-1,-1,-1,-1,2,0,0,0,0,0,2,0,19,3,7,41.73672538,-87.60716633
0,363850,-1,30,0,0,0,3,2,0,1,0,0,0,0,-1,1,1,14,2,1622,-1,-1,-1,-1,-1,-1,1,0,0,0,0,0,1,0,19,3,7,41.9608822,-87.77473859
0,363905,-1,30,1,2,0,4,10,6,3,0,0,0,0,1,-1,-1,0,0,1225,-1,-1,-1,-1,-1,-1,3,0,0,0,0,0,3,0,19,3,7,41.87513098,-87.67651098
0,364492,-1,30,1,2,0,1,10,5,2,0,0,0,0,-1,-1,-1,18,0,131,-1,-1,-1,-1,-1,-1,2,0,0,0,0,0,5,0,19,3,7,41.86396788,-87.62748774
0,363977,-1,10,0,0,0,1,7,7,-1,0,0,-1,0,-1,-1,1,0,0,1723,-1,-1,-1,-1,-1,-1,2,0,0,0,0,0,1,0,19,3,7,41.96825177,-87.71724871
2,363713,1,35,1,2,0,1,9,3,3,0,0,0,1,0,-1,-1,-1,-1,834,-1,1,-1,-1,-1,-1,2,1,0,0,1,0,1,0,18,3,7,41.749339,-87.72205209
0,363740,-1,30,0,0,0,1,7,6,1,0,0,0,0,-1,-1,-1,0,-1,1724,-1,-1,-1,-1,-1,-1,2,0,0,0,0,0,1,0,18,3,7,41.95708463,-87.70552363
0,368959,-1,30,1,2,0,1,14,5,2,0,0,0,0,1,-1,-1,17,6,131,-1,-1,-1,-1,-1,-1,2,0,0,0,0,0,3,0,18,3,7,41.85299122,-87.62938693
0,363807,1,35,1,2,0,1,14,3,4,0,0,0,1,1,-1,-1,17,17,1125,-1,-1,-1,-1,-1,-1,2,0,0,0,0,0,2,0,18,3,7,41.87619198,-87.68633785
0,363746,-1,30,2,2,0,1,0,5,-1,0,0,0,0,-1,-1,-1,17,0,822,-1,-1,-1,-1,-1,-1,2,0,0,0,0,0,2,0,18,3,7,41.78631671,-87.70584608
0,363723,-1,30,0,0,0,1,0,6,1,0,0,0,1,-1,-1,-1,0,0,2511,-1,-1,-1,-1,-1,-1,2,0,0,0,0,0,2,0,18,3,7,41.93763912,-87.79431298
0,363769,1,30,1,2,0,1,14,6,4,0,0,0,0,-1,-1,-1,17,23,113,-1,-1,-1,-1,-1,-1,2,0,0,0,0,0,2,0,18,3,7,41.87600872,-87.6293975
0,377784,-1,30,0,0,-1,4,10,5,2,0,-1,-1,0,-1,-1,-1,0,0,1712,-1,-1,-1,-1,-1,-1,2,0,0,0,0,0,3,0,18,3,7,41.97363798,-87.72832524
0,364936,-1,30,0,0,0,-1,0,7,-1,0,0,0,0,-1,1,-1,17,-1,211,-1,-1,-1,-1,-1,-1,2,0,0,0,0,0,2,0,18,3,7,41.83205647,-87.61683317
0,364567,-1,30,1,2,0,2,10,2,-1,0,0,0,0,-1,-1,-1,18,-1,412,-1,-1,-1,-1,-1,-1,2,0,0,0,0,0,2,0,18,3,7,41.74415164,-87.58594507
0,363727,-1,30,0,0,0,1,0,5,-1,0,0,0,0,-1,-1,-1,0,-1,1633,-1,-1,-1,-1,-1,-1,2,0,0,0,0,0,2,0,18,3,7,41.94567363,-87.77547129
0,353822,-1,10,0,0,0,1,7,7,-1,0,0,0,0,-1,-1,-1,20,-1,131,-1,-1,-1,-1,-1,-1,2,0,0,0,0,0,1,0,18,3,7,41.85555505,-87.6272955
0,363718,-1,30,0,0,0,1,10,1,4,0,0,0,0,-1,-1,1,18,18,1613,-1,-1,-1,-1,-1,-1,3,0,0,0,0,0,3,0,18,3,7,41.98138398,-87.80861606
1,363701,-1,55,0,0,0,1,10,3,8,0,-1,-1,1,-1,-1,-1,18,18,1814,-1,-1,-1,-1,-1,-1,3,1,0,0,0,1,2,0,18,3,7,41.9221213,-87.63005219
0,363755,-1,30,0,0,0,1,0,6,2,0,0,0,1,-1,-1,-1,17,-1,122,-1,-1,-1,-1,-1,-1,2,0,0,0,0,0,3,0,18,3,7,41.87736776,-87.63385357
0,363692,-1,30,0,0,0,1,10,5,-1,0,0,0,0,-1,-1,1,18,-1,1123,-1,-1,-1,-1,-1,-1,2,0,0,0,0,0,3,0,18,3,7,41.88514255,-87.71098629
0,363666,-1,30,0,0,0,1,7,6,1,0,0,0,0,-1,-1,-1,0,0,1712,-1,-1,-1,-1,-1,-1,2,0,0,0,0,0,1,0,18,3,7,41.98094547,-87.71260546
0,363658,-1,30,0,0,0,3,12,7,0,0,0,0,0,-1,-1,-1,0,0,1931,-1,-1,-1,-1,-1,-1,2,0,0,0,0,0,3,0,18,3,7,41.93102101,-87.67686402
0,363721,-1,30,0,0,0,2,0,5,2,0,0,0,0,-1,-1,-1,22,7,832,-1,-1,-1,-1,-1,-1,2,0,0,0,0,0,2,0,18,3,7,41.76823848,-87.68348696
0,363663,-1,40,12,2,0,1,2,2,4,0,0,0,1,-1,0,-1,0,-1,434,-1,-1,-1,-1,-1,-1,1,0,0,0,0,0,1,0,18,3,7,41.66921371,-87.55940225
0,363670,-1,30,0,0,0,1,0,7,2,0,0,0,0,-1,-1,1,17,11,2031,-1,0,-1,-1,-1,-1,2,0,0,0,0,0,2,0,18,3,7,41.96869284,-87.69227692
3,363664,1,30,0,0,0,1,10,5,2,0,0,0,1,-1,-1,-1,16,18,1622,-1,-1,-1,-1,-1,-1,3,2,0,1,1,0,5,0,18,3,7,41.96763067,-87.77071575
2,363629,-1,25,2,2,0,1,8,5,-1,0,0,0,1,-1,-1,-1,5,-1,1921,-1,-1,-1,-1,-1,-1,2,1,0,0,1,0,1,0,18,3,7,41.94304855,-87.68323674
0,365175,-1,30,0,0,0,1,10,2,4,0,0,0,0,-1,-1,-1,0,-1,112,-1,-1,-1,-1,-1,-1,2,0,0,0,0,0,2,0,18,3,7,41.88204398,-87.62451104
2,363635,-1,30,1,2,0,1,14,5,0,0,0,0,1,1,-1,-1,0,-1,1014,-1,-1,-1,-1,-1,-1,2,2,0,0,1,1,1,0,17,3,7,41.85165871,-87.72461126
0,363686,-1,30,1,2,0,1,12,5,-1,0,0,0,0,1,-1,-1,0,0,111,-1,-1,-1,-1,-1,-1,2,0,0,0,0,0,2,0,17,3,7,41.88695983,-87.63085868
0,363674,-1,30,2,2,0,1,10,5,-1,0,0,0,0,1,-1,-1,18,22,1433,-1,-1,-1,-1,-1,-1,2,0,0,0,0,0,3,0,17,3,7,41.90534101,-87.65944746
0,363649,-1,30,2,2,0,1,14,2,-1,0,0,0,0,-1,-1,-1,0,0,2533,-1,-1,-1,-1,-1,-1,2,0,0,0,0,0,2,0,17,3,7,41.91531505,-87.73642539
0,363627,-1,40,0,0,0,1,12,3,2,0,0,0,0,-1,-1,-1,17,0,114,-1,-1,-1,-1,-1,-1,2,0,0,0,0,0,2,0,17,3,7,41.86788939,-87.61880635
0,363608,-1,30,0,0,0,1,10,5,-1,0,0,0,0,-1,-1,-1,0,0,1834,-1,-1,-1,-1,-1,-1,2,0,0,0,0,0,3,0,17,3,7,41.89446797,-87.62409398
3,363589,-1,30,0,0,0,1,5,5,-1,0,0,0,1,1,-1,1,17,5,414,-1,-1,-1,-1,-1,-1,2,2,0,1,1,0,1,0,17,3,7,41.74606821,-87.57603352