MOST_SEVERE_INJURY,RD_NO,CRASH_DATE_EST_I,POSTED_SPEED_LIMIT,TRAFFIC_CONTROL_DEVICE,DEVICE_CONDITION,WEATHER_CONDITION,LIGHTING_CONDITION,FIRST_CRASH_TYPE,TRAFFICWAY_TYPE,LANE_CNT,ALIGNMENT,ROADWAY_SURFACE_COND,ROAD_DEFECT,CRASH_TYPE,INTERSECTION_RELATED_I,NOT_RIGHT_OF_WAY_I,HIT_AND_RUN_I,PRIM_CONTRIBUTORY_CAUSE,SEC_CONTRIBUTORY_CAUSE,BEAT_OF_OCCURRENCE,PHOTOS_TAKEN_I,STATEMENTS_TAKEN_I,DOORING_I,WORK_ZONE_I,WORK_ZONE_TYPE,WORKERS_PRESENT_I,NUM_UNITS,INJURIES_TOTAL,INJURIES_FATAL,INJURIES_INCAPACITATING,INJURIES_NON_INCAPACITATING,INJURIES_REPORTED_NOT_EVIDENT,INJURIES_NO_INDICATION,INJURIES_UNKNOWN,CRASH_HOUR,CRASH_DAY_OF_WEEK,CRASH_MONTH,LATITUDE,LONGITUDE
0,363612,-1,30,1,2,0,1,10,3,2,0,0,0,1,1,-1,-1,18,-1,1411,-1,-1,-1,-1,-1,-1,2,0,0,0,0,0,2,0,17,3,7,41.93055323,-87.6879954
0,363638,-1,30,1,2,0,1,14,12,-1,0,0,0,1,1,-1,-1,0,-1,122,-1,1,-1,-1,-1,-1,2,0,0,0,0,0,2,0,17,3,7,41.87821296,-87.63527874
2,363626,-1,30,0,0,0,1,8,5,-1,0,0,0,1,-1,-1,-1,23,-1,1431,-1,-1,-1,-1,-1,-1,2,1,0,0,1,0,1,0,17,3,7,41.91766694,-87.68853418
0,363596,-1,30,0,0,0,1,7,7,-1,0,0,0,0,-1,1,-1,0,0,915,-1,-1,-1,-1,-1,-1,2,0,0,0,0,0,1,0,17,3,7,41.83794567,-87.64545983
0,363831,-1,30,0,0,0,1,8,5,-1,0,0,-1,0,-1,-1,-1,0,-1,1032,-1,-1,-1,-1,-1,-1,2,0,0,0,0,0,1,0,17,3,7,41.84189414,-87.71457895
0,363630,-1,30,1,2,0,1,12,5,-1,0,0,0,0,-1,-1,-1,22,-1,111,-1,-1,-1,-1,-1,-1,2,0,0,0,0,0,2,0,17,3,7,41.88834353,-87.62464876
0,363595,-1,30,0,0,0,1,12,5,-1,0,0,0,0,-1,-1,-1,21,11,1834,-1,-1,-1,-1,-1,-1,2,0,0,0,0,0,2,0,17,3,7,41.89409532,-87.62438357
0,363559,-1,30,1,2,0,1,10,2,3,0,0,0,0,-1,-1,-1,18,0,131,-1,-1,-1,-1,-1,-1,2,0,0,0,0,0,2,0,17,3,7,41.85767021,-87.63018438
0,363628,-1,30,1,2,0,1,14,1,4,0,0,0,0,1,-1,-1,22,21,1934,-1,-1,-1,-1,-1,-1,2,0,0,0,0,0,2,0,17,3,7,41.94014021,-87.63888208
0,363573,-1,30,0,0,0,1,7,5,2,0,0,0,1,-1,-1,-1,8,16,433,-1,-1,-1,-1,-1,-1,3,0,0,0,0,0,2,0,17,3,7,41.69472662,-87.53996441
2,363583,-1,30,1,2,0,1,9,5,6,0,0,0,1,1,-1,-1,17,-1,1834,-1,-1,-1,-1,-1,-1,2,1,0,0,1,0,1,0,17,3,7,41.89409532,-87.62438357
0,363699,-1,30,1,2,0,1,7,5,2,0,0,0,0,1,-1,-1,28,0,2412,-1,-1,-1,1,2,-1,2,0,0,0,0,0,1,0,17,3,7,41.99783423,-87.69011759
0,363599,-1,25,0,0,0,1,7,7,-1,0,0,0,1,-1,1,1,20,-1,1211,-1,-1,-1,-1,-1,-1,2,0,0,0,0,0,1,0,17,3,7,41.9011627,-87.70066707
0,365972,-1,25,0,0,0,1,7,5,-1,0,0,0,0,-1,-1,-1,0,0,1223,-1,-1,-1,-1,-1,-1,2,0,0,0,0,0,2,0,17,3,7,41.8798133,-87.68196341
0,363659,1,30,0,0,0,1,7,6,1,0,0,0,0,-1,-1,1,11,0,913,0,-1,-1,-1,-1,-1,2,0,0,0,0,0,2,0,17,3,7,41.83965927,-87.64804534
0,363544,-1,30,0,0,0,1,10,5,2,0,0,0,0,-1,-1,-1,18,-1,1611,-1,-1,-1,-1,-1,-1,2,0,0,0,0,0,2,0,17,3,7,41.9972419,-87.78785415
2,363529,-1,35,1,2,0,1,8,2,2,0,0,0,1,1,-1,-1,0,0,1911,-1,-1,-1,-1,-1,-1,2,1,0,0,1,0,1,0,17,3,7,41.95776421,-87.68145271
0,371345,-1,35,0,0,0,1,7,5,-1,0,0,0,0,-1,-1,1,0,0,1722,-1,-1,-1,-1,-1,-1,2,0,0,0,0,0,1,0,17,3,7,41.95737567,-87.73070337
0,363931,-1,30,1,2,0,1,14,5,-1,0,0,0,0,-1,-1,1,3,3,1011,-1,-1,-1,-1,-1,-1,2,0,0,0,0,0,2,0,17,3,7,41.86614638,-87.72026804
0,363619,-1,30,0,-1,0,1,14,5,2,0,0,0,0,1,-1,-1,16,17,1033,-1,-1,-1,-1,-1,-1,2,0,0,0,0,0,2,0,17,3,7,41.84645374,-87.7045719
0,363509,-1,30,1,2,0,1,14,3,-1,0,0,0,0,-1,-1,-1,6,-1,1022,-1,-1,-1,-1,-1,-1,2,0,0,0,0,0,2,0,16,3,7,41.86627003,-87.70803875
0,363590,-1,0,0,0,0,1,12,5,1,0,0,0,0,-1,-1,1,0,0,212,-1,-1,-1,-1,-1,-1,2,0,0,0,0,0,2,0,16,3,7,41.8307056,-87.61432868
0,363570,-1,30,0,0,0,1,10,2,-1,0,0,0,0,-1,-1,-1,0,0,2511,-1,-1,-1,-1,-1,-1,2,0,0,0,0,0,2,0,16,3,7,41.93428272,-87.7859451
0,363482,-1,15,0,0,0,1,7,7,0,0,0,0,0,-1,-1,1,0,0,1731,-1,-1,-1,-1,-1,-1,2,0,0,0,0,0,1,0,16,3,7,41.94369274,-87.74684959
0,363547,-1,30,0,0,0,1,10,5,-1,0,0,0,0,1,-1,-1,0,0,1822,-1,-1,-1,-1,-1,-1,2,0,0,0,0,0,2,0,16,3,7,41.90863959,-87.64836015
0,363497,-1,30,1,2,0,1,10,2,2,0,0,0,0,1,-1,-1,18,-1,2424,-1,-1,-1,-1,-1,-1,2,0,0,0,0,0,2,0,16,3,7,42.00536657,-87.67326201
2,363486,-1,25,1,2,0,1,8,5,2,0,0,0,1,1,-1,-1,6,-1,1921,-1,-1,-1,-1,-1,-1,2,1,0,0,1,0,1,0,16,3,7,41.9468188,-87.69447575
0,363504,-1,30,0,0,0,1,12,5,2,0,0,0,0,-1,-1,-1,0,-1,1034,-1,-1,-1,-1,-1,-1,2,0,0,0,0,0,2,0,16,3,7,41.84480956,-87.69481488
0,363642,-1,30,0,0,0,1,12,6,2,0,0,0,0,-1,-1,-1,21,-1,1831,-1,-1,-1,-1,-1,-1,2,0,0,0,0,0,2,0,16,3,7,41.8906843,-87.63939528
0,363567,-1,30,0,0,0,1,12,5,-1,0,0,0,0,-1,-1,-1,0,0,114,-1,-1,-1,-1,-1,-1,2,0,0,0,0,0,2,0,16,3,7,41.87583264,-87.62073834
0,363516,-1,30,0,0,0,1,10,5,-1,0,0,0,0,-1,-1,-1,0,0,1822,-1,-1,-1,-1,-1,-1,2,0,0,0,0,0,2,0,16,3,7,41.89658519,-87.64299618
2,363465,-1,30,2,2,0,1,0,5,2,0,0,0,1,-1,-1,-1,17,33,1915,-1,-1,-1,-1,-1,-1,2,2,0,0,2,0,1,0,16,3,7,41.95552271,-87.65099557
0,363479,-1,30,0,0,0,1,14,5,4,0,0,0,0,-1,-1,-1,17,16,1613,-1,-1,-1,-1,-1,-1,2,0,0,0,0,0,2,0,16,3,7,41.97640636,-87.7878626
1,363463,-1,30,0,0,0,1,12,5,-1,0,0,0,1,-1,-1,-1,17,0,712,-1,-1,-1,-1,-1,-1,2,1,0,0,0,1,3,0,16,3,7,41.77984547,-87.64581626
1,363475,-1,30,1,2,0,1,8,5,-1,0,0,0,1,1,-1,-1,17,16,1831,-1,-1,-1,-1,-1,-1,2,1,0,0,0,1,1,0,16,3,7,41.8963673,-87.64286725
1,363453,-1,30,1,2,0,1,10,5,4,0,0,0,1,1,-1,-1,7,0,1931,-1,-1,-1,-1,-1,-1,3,1,0,0,0,1,2,0,16,3,7,41.93248247,-87.67089013
0,363444,-1,30,2,2,0,1,0,5,2,0,0,0,1,1,-1,-1,5,16,1214,-1,-1,-1,-1,-1,-1,2,0,0,0,0,0,2,0,16,3,7,41.88906122,-87.65588582
0,363440,-1,30,0,0,0,1,14,5,4,0,0,0,1,-1,-1,-1,22,-1,1423,-1,-1,-1,-1,-1,-1,2,0,0,0,0,0,2,0,16,3,7,41.903096,-87.69023528
0,376238,-1,30,1,2,-1,1,12,5,-1,0,-1,0,0,-1,-1,-1,0,0,1133,-1,-1,-1,-1,-1,-1,2,0,0,0,0,0,2,0,16,3,7,41.87725989,-87.71103209
0,363478,-1,30,1,2,0,1,12,2,4,0,0,0,0,-1,-1,-1,22,22,1134,-1,-1,-1,-1,-1,-1,2,0,0,0,0,0,2,0,16,3,7,41.86651389,-87.7057336
0,363454,-1,30,1,2,0,1,10,5,4,0,0,0,0,1,-1,-1,0,-1,2521,-1,-1,-1,-1,-1,-1,2,0,0,0,0,0,3,0,16,3,7,41.93158187,-87.74644942
0,363487,-1,30,-1,-1,0,1,12,5,-1,0,0,0,0,-1,-1,-1,16,-1,2534,-1,-1,-1,-1,-1,-1,2,0,0,0,0,0,2,0,15,3,7,41.90944609,-87.73441038
0,363404,-1,30,0,0,0,1,7,5,-1,0,0,0,0,-1,-1,1,-1,-1,823,-1,-1,-1,-1,-1,-1,2,0,0,0,0,0,1,0,15,3,7,41.77709602,-87.70324076
0,363511,-1,30,0,0,0,1,10,2,-1,0,0,0,0,-1,-1,1,18,0,1031,-1,-1,-1,-1,-1,-1,2,0,0,0,0,0,2,0,15,3,7,41.83337607,-87.72412767
2,363412,-1,25,0,0,0,1,8,5,4,0,0,0,1,-1,-1,-1,17,-1,1213,-1,-1,-1,-1,-1,-1,2,1,0,0,1,0,1,0,15,3,7,41.8964054,-87.64994677
0,364602,-1,30,2,2,0,1,2,5,-1,0,0,0,0,1,-1,-1,0,0,414,-1,0,-1,-1,-1,-1,1,0,0,0,0,0,1,0,15,3,7,41.75722836,-87.57117446
0,363421,-1,30,1,2,0,1,14,5,2,0,0,0,0,-1,-1,-1,23,-1,1232,-1,-1,-1,-1,-1,-1,2,0,0,0,0,0,6,0,15,3,7,41.86721084,-87.64501433
0,372251,-1,30,2,0,0,1,14,5,-1,0,0,-1,0,-1,-1,-1,0,0,1712,-1,-1,-1,-1,-1,-1,2,0,0,0,0,0,2,0,15,3,7,41.97392593,-87.71834536
0,363520,-1,30,0,0,0,1,12,5,4,0,0,0,0,-1,-1,-1,21,0,1914,-1,-1,-1,-1,-1,-1,2,0,0,0,0,0,2,0,15,3,7,41.96182307,-87.65489608
0,363445,-1,35,-1,-1,0,1,7,5,-1,0,0,-1,0,-1,-1,-1,-1,-1,414,-1,-1,-1,-1,-1,-1,2,0,0,0,0,0,1,0,15,3,7,41.75563035,-87.57011399
1,363433,-1,30,0,0,0,1,8,2,2,0,0,-1,1,-1,-1,-1,-1,-1,1712,-1,-1,1,-1,-1,-1,2,1,0,0,0,1,0,0,15,3,7,41.97584741,-87.70960356
2,363418,-1,35,0,0,0,1,10,5,2,0,0,0,1,-1,-1,-1,18,18,1624,-1,-1,-1,-1,-1,-1,2,1,0,0,1,0,1,0,15,3,7,41.9535566,-87.7671598
0,363644,-1,30,0,0,0,1,14,5,-1,0,0,0,0,-1,-1,1,-1,-1,833,-1,-1,-1,-1,-1,-1,2,0,0,0,0,0,5,0,15,3,7,41.76184806,-87.74167065
0,363389,-1,30,0,0,0,1,7,5,-1,0,0,0,0,-1,-1,-1,11,-1,1812,-1,-1,-1,-1,-1,-1,2,0,0,0,0,0,1,0,15,3,7,41.92340516,-87.64569665
0,363369,-1,0,0,0,0,1,0,6,1,0,0,0,0,-1,-1,-1,20,20,234,-1,-1,-1,-1,-1,-1,2,0,0,0,0,0,3,0,15,3,7,41.79957001,-87.59623911
0,363383,-1,30,0,0,0,1,12,5,4,0,0,0,0,-1,-1,-1,22,16,1822,-1,1,-1,-1,-1,-1,2,0,0,0,0,0,3,0,15,3,7,41.91081677,-87.64777397
0,364331,1,30,0,0,0,1,7,12,1,0,0,0,1,-1,-1,1,-1,-1,1131,-1,-1,-1,-1,-1,-1,2,0,0,0,0,0,1,0,15,3,7,41.87315362,-87.74270967
0,363428,-1,30,0,0,0,1,7,5,-1,0,0,0,0,-1,-1,1,0,0,1634,-1,-1,-1,-1,-1,-1,2,0,0,0,0,0,1,0,15,3,7,41.94510042,-87.75157121
0,363353,-1,30,0,0,0,1,12,6,2,0,0,0,0,-1,-1,-1,0,0,114,-1,-1,-1,-1,-1,-1,2,0,0,0,0,0,3,0,15,3,7,41.87585922,-87.62240879
0,363333,-1,30,1,2,0,1,14,2,-1,0,0,0,0,1,-1,-1,23,17,2423,-1,-1,-1,-1,-1,-1,2,0,0,0,0,0,2,0,15,3,7,42.01258706,-87.67448205
0,366092,-1,35,0,0,0,1,12,5,-1,0,0,0,0,-1,-1,1,22,0,1114,-1,-1,-1,-1,-1,-1,2,0,0,0,0,0,3,0,14,3,7,41.8820619,-87.72580154
0,363343,-1,30,1,2,0,1,10,2,1,0,0,0,0,-1,-1,-1,8,-1,1123,-1,-1,-1,-1,-1,-1,2,0,0,0,0,0,2,0,14,3,7,41.88481311,-87.71607136
1,363354,-1,30,1,2,0,1,14,2,2,0,0,0,1,1,-1,1,33,17,633,-1,-1,-1,-1,-1,-1,2,1,0,0,0,1,2,0,14,3,7,41.72203793,-87.61429422
0,363346,-1,30,1,2,0,1,14,3,10,0,0,0,0,-1,-1,-1,18,18,114,-1,-1,-1,-1,-1,-1,2,0,0,0,0,0,5,0,14,3,7,41.87843745,-87.61757918
0,363291,-1,30,0,0,0,1,2,5,2,0,0,0,1,-1,1,-1,0,0,2413,-1,-1,-1,-1,-1,-1,1,0,0,0,0,0,3,0,14,3,7,41.99408337,-87.6998316
0,363414,-1,30,0,0,0,1,0,7,-1,0,0,-1,0,-1,-1,-1,0,0,1023,-1,-1,-1,-1,-1,-1,2,0,0,0,0,0,2,0,14,3,7,41.85826947,-87.69106658
0,363363,-1,30,1,2,0,1,14,3,4,0,0,0,0,-1,-1,-1,17,-1,1214,-1,-1,-1,-1,-1,-1,2,0,0,0,0,0,2,0,14,3,7,41.89579624,-87.6549536
0,363340,-1,25,0,0,0,1,7,6,1,0,0,0,1,-1,-1,-1,0,0,2412,-1,-1,-1,-1,-1,-1,2,0,0,0,0,0,1,0,14,3,7,41.99805384,-87.6961469
0,363351,-1,35,0,0,0,1,7,2,2,0,0,0,1,-1,-1,1,0,0,835,-1,-1,-1,-1,-1,-1,2,0,0,0,0,0,2,0,14,3,7,41.74947552,-87.68297884
0,375831,-1,0,0,0,0,1,7,6,1,0,0,0,0,-1,-1,1,11,14,1433,-1,-1,-1,-1,-1,-1,2,0,0,0,0,0,1,0,14,3,7,41.91671639,-87.67015241
0,363322,-1,30,0,0,0,1,7,6,-1,0,0,0,0,-1,-1,-1,35,-1,112,-1,-1,-1,-1,-1,-1,2,0,0,0,0,0,1,0,14,3,7,41.88310863,-87.62794877
0,363743,-1,30,1,2,0,1,10,5,-1,0,0,0,0,-1,-1,-1,22,-1,122,-1,-1,-1,-1,-1,-1,2,0,0,0,0,0,2,0,14,3,7,41.87972116,-87.63244683
0,363480,-1,30,0,0,0,1,14,5,2,0,0,0,0,-1,-1,-1,0,0,824,-1,-1,-1,-1,-1,-1,2,0,0,0,0,0,3,0,14,3,7,41.79346771,-87.70126313
0,363407,-1,35,-1,-1,0,1,7,2,-1,0,0,0,0,-1,-1,1,-1,-1,323,-1,-1,-1,-1,-1,-1,2,0,0,0,0,0,1,0,14,3,7,41.76212382,-87.60524997
0,363367,-1,15,2,2,0,1,10,6,1,0,0,0,0,1,-1,-1,0,-1,1522,-1,-1,-1,-1,-1,-1,2,0,0,0,0,0,2,0,14,3,7,41.8822365,-87.7577237
0,363344,-1,30,0,0,0,1,7,6,1,0,0,0,0,-1,-1,-1,7,-1,1833,-1,-1,-1,-1,-1,-1,2,0,0,0,0,0,1,0,14,3,7,41.89925506,-87.62783464
2,363286,-1,30,0,0,0,1,10,5,-1,0,0,0,1,-1,-1,-1,0,0,1831,-1,-1,-1,-1,-1,-1,2,1,0,0,1,0,1,0,14,3,7,41.89329744,-87.63418828
0,363545,-1,30,0,0,0,1,12,6,1,0,0,-1,0,-1,-1,-1,17,0,1934,-1,-1,-1,-1,-1,-1,2,0,0,0,0,0,3,0,14,3,7,41.93755047,-87.64404352
2,363395,-1,30,1,2,0,1,0,2,4,0,0,0,1,1,-1,1,20,-1,632,-1,-1,-1,-1,-1,-1,2,1,0,0,1,0,1,0,14,3,7,41.73836989,-87.605019
0,363281,-1,30,0,0,0,1,7,5,-1,0,0,0,0,-1,-1,-1,-1,-1,822,-1,-1,-1,-1,-1,-1,2,0,0,0,0,0,1,0,14,3,7,41.78632805,-87.70513618
0,363304,-1,0,0,0,0,1,7,7,0,0,0,0,0,-1,1,1,11,0,221,-1,-1,-1,-1,-1,-1,2,0,0,0,0,0,1,0,14,3,7,41.8096287,-87.60736974
0,363301,-1,10,0,0,0,1,5,0,1,0,0,0,0,-1,1,1,15,0,2524,-1,-1,-1,-1,-1,-1,1,0,0,0,0,0,1,0,14,3,7,41.92868954,-87.72214959
0,363277,-1,30,1,0,0,1,10,2,-1,0,0,0,0,-1,-1,-1,18,-1,1423,-1,-1,-1,-1,-1,-1,3,0,0,0,0,0,3,0,14,3,7,41.90971628,-87.68735092
0,371676,-1,30,0,0,0,1,7,5,-1,0,0,0,0,-1,-1,-1,17,-1,1623,-1,-1,-1,-1,-1,-1,2,0,0,0,0,0,1,0,14,3,7,41.97790767,-87.75618923
0,367351,-1,30,12,2,0,1,2,12,-1,0,0,0,0,-1,1,-1,0,-1,1913,-1,-1,-1,-1,-1,-1,1,0,0,0,0,0,1,0,14,3,7,41.96283459,-87.65853759
0,364880,-1,30,0,2,0,1,12,5,-1,0,0,0,0,-1,-1,1,20,23,1123,-1,-1,-1,-1,-1,-1,2,0,0,0,0,0,3,0,14,3,7,41.88440191,-87.70636767
0,363375,-1,30,0,0,0,1,12,5,-1,0,0,0,0,-1,-1,1,0,0,132,-1,-1,-1,-1,-1,-1,2,0,0,0,0,0,2,0,14,3,7,41.85287759,-87.61380888
0,363242,-1,20,0,0,0,1,10,7,2,0,0,0,0,-1,-1,1,20,0,1132,-1,-1,-1,-1,-1,-1,2,0,0,0,0,0,2,0,14,3,7,41.87453731,-87.7255969
0,363239,-1,30,1,2,0,1,14,2,4,0,0,0,0,1,-1,-1,23,17,924,0,-1,-1,-1,-1,-1,2,0,0,0,0,0,2,0,13,3,7,41.82302766,-87.66574403
0,363241,-1,30,0,0,0,1,14,3,2,0,0,0,0,-1,-1,-1,0,-1,1424,-1,-1,-1,-1,-1,-1,2,0,0,0,0,0,2,0,13,3,7,41.9089214,-87.6775678
0,363262,-1,0,0,0,0,1,7,3,-1,0,0,0,0,-1,-1,1,0,-1,233,-1,-1,-1,-1,-1,-1,2,0,0,0,0,0,1,0,13,3,7,41.80099938,-87.60380498
0,363246,-1,30,0,0,0,1,10,5,2,0,0,0,0,-1,-1,-1,12,-1,1123,-1,-1,-1,-1,-1,-1,2,0,0,0,0,0,2,0,13,3,7,41.88763501,-87.71349566
0,363210,-1,30,0,0,0,1,8,5,2,0,0,0,0,-1,-1,-1,0,-1,1935,-1,-1,1,-1,-1,-1,2,0,0,0,0,0,2,0,13,3,7,41.92929282,-87.64516352
0,363215,-1,30,0,0,0,1,12,2,4,0,0,0,0,-1,-1,-1,0,0,1432,-1,-1,-1,-1,-1,-1,2,0,0,0,0,0,3,0,13,3,7,41.92485359,-87.68308102
0,363311,-1,30,0,0,0,1,12,5,-1,0,0,0,0,-1,-1,-1,22,-1,1233,-1,-1,-1,-1,-1,-1,2,0,0,0,0,0,3,0,13,3,7,41.86503332,-87.66648749
0,363260,-1,30,1,2,0,1,10,2,-1,0,0,0,0,-1,-1,1,0,-1,2213,-1,-1,-1,-1,-1,-1,2,0,0,0,0,0,2,0,13,3,7,41.72084893,-87.68191511
1,363221,-1,35,1,2,0,1,14,3,4,0,0,0,1,1,-1,-1,23,0,532,-1,-1,-1,-1,-1,-1,2,2,0,0,0,2,1,0,13,3,7,41.65921351,-87.61718909
1,363198,-1,30,0,0,0,1,7,5,2,0,0,0,1,-1,-1,-1,0,0,2524,-1,-1,-1,-1,-1,-1,2,1,0,0,0,1,0,0,13,3,7,41.92498664,-87.72693309
1,363195,-1,30,1,2,0,1,10,5,2,2,0,0,1,-1,-1,-1,0,-1,2011,-1,-1,-1,-1,-1,-1,2,1,0,0,0,1,2,0,13,3,7,41.97772033,-87.69269422
0,364879,-1,30,1,2,0,1,0,2,2,0,0,0,0,-1,-1,-1,17,16,1731,-1,-1,-1,-1,-1,-1,2,0,0,0,0,0,2,0,13,3,7,41.95187696,-87.74504685
0,363267,-1,30,0,0,0,1,12,5,-1,0,0,0,0,-1,-1,-1,11,-1,1133,-1,-1,-1,-1,-1,-1,2,0,0,0,0,0,3,0,13,3,7,41.87006105,-87.7150362
0,363176,-1,25,0,0,0,1,12,5,-1,0,0,0,0,-1,-1,-1,17,-1,1024,-1,-1,-1,-1,-1,-1,2,0,0,0,0,0,2,0,13,3,7,41.85160318,-87.70960477
0,364762,-1,10,0,0,0,1,7,0,-1,0,0,-1,0,-1,-1,-1,0,0,823,-1,-1,-1,-1,-1,-1,2,0,0,0,0,0,1,0,13,3,7,41.77657201,-87.70293599
0,363227,-1,30,0,0,0,1,10,5,-1,0,0,0,0,-1,-1,-1,18,18,1613,-1,-1,-1,-1,-1,-1,2,0,0,0,0,0,2,0,13,3,7,41.968381,-87.80699976
0,363185,-1,30,0,-1,0,1,0,5,-1,0,0,0,0,-1,-1,-1,0,-1,2521,-1,-1,-1,-1,-1,-1,2,0,0,0,0,0,2,0,13,3,7,41.93167452,-87.74420824
0,363328,-1,10,0,0,0,1,7,0,-1,0,-1,-1,0,-1,-1,-1,22,11,1914,-1,-1,-1,-1,-1,-1,2,0,0,0,0,0,1,0,13,3,7,41.96902378,-87.65146645
0,363312,-1,25,0,0,0,1,3,6,2,0,0,0,0,-1,-1,-1,-1,-1,1713,-1,-1,-1,-1,-1,-1,2,0,0,0,0,0,3,0,13,3,7,41.96991552,-87.71233181
0,363657,-1,35,-1,-1,0,1,7,6,-1,0,0,0,0,-1,-1,1,-1,-1,234,-1,-1,-1,-1,-1,-1,2,0,0,0,0,0,1,0,13,3,7,41.79962974,-87.59094144
0,363180,-1,25,0,0,0,1,7,5,-1,0,0,0,0,-1,-1,1,20,16,2213,-1,-1,-1,-1,-1,-1,2,0,0,0,0,0,2,0,13,3,7,41.71802019,-87.65297933
0,363166,-1,35,0,0,0,1,0,5,-1,0,0,0,0,-1,-1,-1,0,-1,1613,-1,-1,-1,-1,-1,-1,2,0,0,0,0,0,2,0,13,3,7,41.9744278,-87.80691732
2,363159,1,30,-1,-1,0,1,14,5,3,0,0,-1,1,1,-1,-1,21,16,413,-1,-1,-1,-1,-1,-1,2,1,0,0,1,0,1,0,13,3,7,41.7258881,-87.58555879
0,363144,-1,30,1,2,0,1,0,5,2,0,0,0,0,1,-1,-1,6,6,1032,-1,-1,-1,-1,-1,-1,2,0,0,0,0,0,10,0,12,3,7,41.84098545,-87.70499394
0,363187,-1,30,0,0,0,1,0,5,-1,0,0,0,0,-1,-1,-1,0,0,821,-1,-1,-1,-1,-1,-1,2,0,0,0,0,0,2,0,12,3,7,41.80755401,-87.71514208
0,363231,-1,30,0,0,0,1,10,5,2,0,0,0,0,-1,-1,1,0,0,1533,-1,-1,-1,-1,-1,-1,2,0,0,0,0,0,2,0,12,3,7,41.87691468,-87.74519327
0,363175,-1,30,1,2,0,1,10,5,2,0,0,0,0,1,-1,-1,0,-1,1134,-1,-1,-1,-1,-1,-1,2,0,0,0,0,0,2,0,12,3,7,41.87010233,-87.70564534
0,363155,-1,15,0,0,0,1,5,7,-1,0,0,0,0,-1,-1,-1,20,-1,131,-1,-1,-1,-1,-1,-1,1,0,0,0,0,0,2,0,12,3,7,41.85837259,-87.62735617
0,363145,-1,30,1,2,0,1,12,6,4,0,0,0,0,-1,-1,-1,0,0,121,-1,-1,-1,-1,-1,-1,2,0,0,0,0,0,5,0,12,3,7,41.87815231,-87.63972921
0,363135,-1,30,2,2,0,1,14,6,-1,0,0,0,0,-1,-1,-1,0,0,133,-1,-1,-1,-1,-1,-1,2,0,0,0,0,0,2,0,12,3,7,41.84760841,-87.62046048
0,363150,-1,30,0,0,0,1,10,12,0,0,0,0,0,1,-1,-1,0,0,1111,-1,-1,-1,-1,-1,-1,2,0,0,0,0,0,5,0,12,3,7,41.89710624,-87.72628405
0,363116,-1,30,0,0,0,1,0,12,-1,0,0,0,0,-1,-1,-1,20,-1,1033,-1,-1,-1,-1,-1,-1,2,0,0,0,0,0,2,0,12,3,7,41.83917213,-87.70444913
0,363303,-1,30,0,0,0,1,7,2,2,0,0,0,0,-1,-1,1,20,0,1234,-1,-1,-1,-1,-1,-1,2,0,0,0,0,0,1,0,12,3,7,41.85413662,-87.67486187
0,363244,-1,35,0,0,0,1,10,5,-1,0,0,0,0,-1,-1,-1,0,0,1731,-1,-1,-1,-1,-1,-1,2,0,0,0,0,0,2,0,12,3,7,41.94625574,-87.7280131
0,363214,-1,30,2,2,0,1,0,5,0,0,0,0,0,1,-1,-1,0,-1,2523,-1,-1,-1,-1,-1,-1,2,0,0,0,0,0,3,0,12,3,7,41.93748233,-87.7174823
0,363761,-1,30,0,0,0,1,7,7,-1,0,0,0,0,-1,-1,1,0,-1,1512,-1,-1,-1,-1,-1,-1,2,0,0,0,0,0,1,0,12,3,7,41.88808603,-87.77339822
0,363579,-1,30,1,2,0,1,10,5,4,0,0,0,0,-1,-1,-1,18,18,234,-1,-1,-1,-1,-1,-1,2,0,0,0,0,0,2,0,12,3,7,41.79956926,-87.58246504
0,363329,-1,30,1,2,0,1,10,5,4,0,0,0,0,-1,-1,-1,18,18,133,-1,-1,-1,-1,-1,-1,2,0,0,0,0,0,2,0,12,3,7,41.83841297,-87.62655886
0,363087,-1,35,1,2,0,1,10,2,4,0,0,0,0,-1,-1,1,0,0,1014,-1,-1,-1,-1,-1,-1,2,0,0,0,0,0,3,0,12,3,7,41.85160068,-87.72461323
0,363168,-1,15,0,0,0,1,7,7,-1,0,0,0,0,-1,-1,1,20,0,933,-1,-1,-1,-1,-1,-1,2,0,0,0,0,0,1,0,11,3,7,41.80852779,-87.66247034
0,363086,-1,30,0,2,0,1,0,0,-1,0,0,0,0,-1,-1,1,17,-1,1131,-1,-1,-1,-1,-1,-1,2,0,0,0,0,0,2,0,11,3,7,41.87502775,-87.73542838
0,363057,-1,15,0,0,0,1,7,7,-1,0,0,0,0,-1,-1,1,0,0,2433,-1,-1,-1,-1,-1,-1,2,0,0,0,0,0,1,0,11,3,7,41.99549428,-87.66028637
0,363072,-1,30,1,2,0,1,12,5,-1,0,0,0,0,1,-1,-1,18,17,1411,-1,-1,-1,-1,-1,-1,2,0,0,0,0,0,4,0,11,3,7,41.93253782,-87.69777399
0,363107,-1,25,0,0,0,1,2,6,1,0,0,0,0,-1,-1,-1,0,0,424,-1,-1,-1,-1,-1,-1,1,0,0,0,0,0,1,0,11,3,7,41.74091849,-87.55070242
2,363065,-1,30,0,0,0,1,7,5,2,0,0,0,1,-1,-1,-1,7,-1,1623,-1,-1,-1,-1,-1,-1,2,1,0,0,1,0,0,0,11,3,7,41.9647672,-87.75483603