MOST_SEVERE_INJURY,RD_NO,CRASH_DATE_EST_I,POSTED_SPEED_LIMIT,TRAFFIC_CONTROL_DEVICE,DEVICE_CONDITION,WEATHER_CONDITION,LIGHTING_CONDITION,FIRST_CRASH_TYPE,TRAFFICWAY_TYPE,LANE_CNT,ALIGNMENT,ROADWAY_SURFACE_COND,ROAD_DEFECT,CRASH_TYPE,INTERSECTION_RELATED_I,NOT_RIGHT_OF_WAY_I,HIT_AND_RUN_I,PRIM_CONTRIBUTORY_CAUSE,SEC_CONTRIBUTORY_CAUSE,BEAT_OF_OCCURRENCE,PHOTOS_TAKEN_I,STATEMENTS_TAKEN_I,DOORING_I,WORK_ZONE_I,WORK_ZONE_TYPE,WORKERS_PRESENT_I,NUM_UNITS,INJURIES_TOTAL,INJURIES_FATAL,INJURIES_INCAPACITATING,INJURIES_NON_INCAPACITATING,INJURIES_REPORTED_NOT_EVIDENT,INJURIES_NO_INDICATION,INJURIES_UNKNOWN,CRASH_HOUR,CRASH_DAY_OF_WEEK,CRASH_MONTH,LATITUDE,LONGITUDE
0,363053,-1,30,2,2,0,1,0,12,-1,0,0,-1,1,1,-1,-1,33,-1,623,-1,-1,-1,-1,-1,-1,2,0,0,0,0,0,2,0,11,3,7,41.75663847,-87.61819877
0,363113,-1,30,2,2,0,1,14,5,0,0,0,0,0,1,-1,-1,20,7,1215,-1,-1,-1,-1,-1,-1,2,0,0,0,0,0,2,0,11,3,7,41.88793774,-87.66717055
0,363081,-1,30,2,2,0,1,10,3,2,0,0,12,0,1,-1,1,0,16,1524,-1,-1,-1,1,-1,1,3,0,0,0,0,0,3,0,11,3,7,41.89843314,-87.75583414
0,363039,-1,0,0,0,0,1,10,12,-1,0,0,0,0,-1,-1,-1,11,-1,833,-1,-1,-1,-1,-1,-1,2,0,0,0,0,0,2,0,11,3,7,41.77155776,-87.7177987
0,364473,1,30,0,0,0,3,7,5,2,0,0,3,0,-1,-1,1,17,-1,2033,-1,-1,-1,-1,-1,-1,2,0,0,0,0,0,1,0,11,3,7,41.97411822,-87.66483907
0,363141,-1,30,0,0,0,1,12,3,-1,0,0,0,0,-1,-1,-1,17,-1,1232,-1,-1,-1,-1,-1,-1,2,0,0,0,0,0,2,0,11,3,7,41.88079019,-87.64718309
0,363101,-1,30,7,-1,0,1,10,2,4,0,-1,-1,0,-1,-1,-1,7,-1,511,-1,-1,-1,-1,-1,-1,2,0,0,0,0,0,2,0,11,3,7,41.72203873,-87.5977735
0,363094,-1,30,1,2,0,1,12,2,2,0,0,0,0,-1,-1,-1,0,-1,1133,-1,-1,-1,-1,-1,-1,2,0,0,0,0,0,2,0,11,3,7,41.87073773,-87.72041743
0,363554,-1,30,0,0,0,1,0,6,1,0,0,0,0,-1,-1,-1,0,0,112,-1,-1,-1,-1,-1,-1,2,0,0,0,0,0,2,0,11,3,7,41.8828537,-87.62928304
0,363035,-1,30,0,0,0,1,12,5,2,0,0,0,0,-1,-1,-1,21,-1,122,0,-1,-1,-1,-1,-1,2,0,0,0,0,0,2,0,11,3,7,41.882548,-87.63399416
0,363022,-1,25,0,0,0,1,12,5,2,0,0,0,0,-1,-1,1,17,-1,1024,-1,-1,-1,-1,-1,-1,2,0,0,0,0,0,2,0,11,3,7,41.8463502,-87.71255589
0,363005,-1,30,-1,-1,0,1,7,6,1,0,0,0,1,-1,-1,-1,-1,-1,823,-1,-1,-1,-1,-1,-1,2,0,0,0,0,0,1,0,11,3,7,41.77807426,-87.70823676
0,363530,-1,30,0,0,0,1,7,7,-1,0,0,0,0,-1,1,1,0,0,915,-1,-1,-1,-1,-1,-1,2,0,0,0,0,0,1,0,11,3,7,41.83429983,-87.64604553
0,363041,-1,30,0,0,0,1,7,5,2,0,0,0,0,-1,-1,-1,-1,-1,2524,-1,-1,-1,-1,-1,-1,2,0,0,0,0,0,1,0,11,3,7,41.9256612,-87.72665835
0,363004,-1,30,0,0,0,1,2,7,-1,0,0,0,0,-1,0,-1,0,-1,614,-1,-1,-1,-1,-1,-1,1,0,0,0,0,0,1,0,11,3,7,41.74605673,-87.66347562
0,363002,-1,10,0,0,0,1,12,12,2,0,0,0,0,-1,1,-1,0,0,1233,-1,-1,-1,-1,-1,-1,2,0,0,0,0,0,2,0,11,3,7,41.86331096,-87.66644386
0,362989,-1,20,2,2,0,1,2,5,2,0,0,0,0,1,1,-1,17,0,712,-1,-1,-1,-1,-1,-1,1,0,0,0,0,0,1,0,10,3,7,41.78123911,-87.65347689
0,363006,-1,15,0,0,0,1,2,5,4,0,0,0,0,-1,1,-1,11,0,1834,-1,-1,-1,-1,-1,-1,1,0,0,0,0,0,1,0,10,3,7,41.89209414,-87.61156988
0,362991,-1,20,1,2,0,1,14,5,2,0,0,0,0,1,-1,-1,22,11,224,-1,-1,-1,-1,-1,-1,2,0,0,0,0,0,2,0,10,3,7,41.80908244,-87.63103087
0,363011,1,30,0,0,0,1,10,-1,2,0,0,0,0,-1,-1,1,18,20,211,-1,-1,-1,-1,-1,-1,2,0,0,0,0,0,3,0,10,3,7,41.83528216,-87.6232012
0,363000,-1,30,1,2,0,1,2,5,-1,0,0,0,0,-1,-1,-1,-1,-1,431,-1,-1,-1,-1,-1,-1,2,0,0,0,0,0,2,0,10,3,7,41.71349745,-87.55081736
0,362968,-1,15,0,0,0,1,0,7,0,0,0,0,0,-1,1,-1,0,0,2433,-1,-1,-1,-1,-1,-1,2,0,0,0,0,0,2,0,10,3,7,41.99549428,-87.66028637
0,362965,-1,40,1,2,0,1,10,3,6,0,0,0,1,-1,-1,-1,33,-1,511,-1,-1,-1,-1,-1,-1,2,0,0,0,0,0,2,0,10,3,7,41.72215308,-87.5852783
0,362960,-1,30,0,0,0,1,10,2,-1,0,0,0,0,-1,-1,-1,0,0,1221,-1,-1,-1,-1,-1,-1,2,0,0,0,0,0,2,0,10,3,7,41.8907642,-87.67388505
2,362927,-1,30,1,2,0,1,9,5,-1,0,0,0,1,-1,-1,1,25,0,1533,-1,-1,-1,-1,-1,-1,2,1,0,0,1,0,1,0,10,3,7,41.88161276,-87.75254278
0,363058,-1,30,0,0,0,1,10,5,-1,0,0,0,0,-1,-1,-1,0,0,1122,-1,-1,-1,-1,-1,-1,2,0,0,0,0,0,4,0,10,3,7,41.87993112,-87.72083778
0,362928,-1,30,-1,-1,0,1,7,5,-1,0,0,0,1,-1,-1,-1,16,0,414,-1,-1,-1,-1,-1,-1,2,0,0,0,0,0,1,0,10,3,7,41.75869777,-87.58219869
2,362923,-1,30,1,2,0,1,8,2,-1,0,0,0,1,1,-1,-1,17,6,821,-1,-1,-1,-1,-1,-1,2,1,0,0,1,0,1,0,10,3,7,41.80820305,-87.70412546
0,362925,0,30,1,-1,0,1,12,5,2,0,0,0,0,-1,-1,-1,17,28,2433,-1,-1,-1,-1,-1,-1,2,0,0,0,0,0,2,0,10,3,7,41.99072263,-87.6722886
2,362915,-1,30,0,0,0,1,10,5,4,0,0,0,1,-1,-1,-1,18,0,835,-1,-1,-1,-1,-1,-1,2,2,0,0,2,0,1,0,10,3,7,41.74618286,-87.68260917
0,366284,-1,30,2,-1,0,1,0,12,-1,0,0,0,1,1,-1,1,14,-1,423,-1,-1,-1,-1,-1,-1,2,0,0,0,0,0,2,0,10,3,7,41.73518934,-87.56269541
0,362957,-1,25,1,2,0,1,12,5,2,0,0,0,0,-1,-1,-1,18,-1,1621,-1,-1,-1,-1,-1,-1,2,0,0,0,0,0,3,0,10,3,7,41.97959355,-87.75858927
0,362936,-1,30,0,3,0,1,12,5,-1,0,0,0,0,-1,-1,-1,0,-1,2533,-1,-1,-1,-1,-1,-1,2,0,0,0,0,0,2,0,10,3,7,41.91442587,-87.74720459
0,362919,-1,30,1,2,0,1,10,2,-1,0,0,0,0,1,-1,1,18,11,1932,-1,-1,-1,-1,-1,-1,2,0,0,0,0,0,2,0,9,3,7,41.93266489,-87.65877426
0,362913,-1,40,3,2,0,1,12,3,4,0,0,0,0,-1,-1,-1,11,11,114,-1,-1,-1,-1,-1,-1,2,0,0,0,0,0,3,0,9,3,7,41.87808134,-87.61757021
0,363016,1,15,10,2,0,1,7,7,-1,0,0,0,0,-1,-1,1,0,-1,2534,-1,-1,-1,-1,-1,-1,4,0,0,0,0,0,2,0,9,3,7,41.90977329,-87.72658961
0,362920,-1,30,1,2,0,1,14,5,4,0,0,0,0,1,-1,-1,23,0,1834,-1,-1,-1,-1,-1,-1,2,0,0,0,0,0,2,0,9,3,7,41.89089442,-87.62019212
0,362904,-1,35,0,0,0,1,12,5,-1,0,0,0,0,-1,-1,-1,0,0,1713,-1,-1,-1,-1,-1,-1,2,0,0,0,0,0,3,0,9,3,7,41.96820018,-87.71320847
0,362903,-1,30,0,0,0,1,12,5,2,0,0,0,0,-1,-1,-1,21,22,1812,-1,-1,-1,-1,-1,-1,2,0,0,0,0,0,2,0,9,3,7,41.91828897,-87.64857135
0,362917,-1,30,0,0,0,3,7,6,1,0,0,0,0,-1,-1,1,0,0,314,-1,-1,-1,-1,-1,-1,2,0,0,0,0,0,1,0,9,3,7,41.78223541,-87.59600998
0,362890,-1,30,1,2,0,1,10,2,-1,0,0,0,0,-1,-1,-1,18,-1,1023,-1,-1,-1,-1,-1,-1,2,0,0,0,0,0,2,0,9,3,7,41.86464673,-87.68600251
0,363108,-1,30,0,0,0,1,7,5,2,0,0,0,0,-1,-1,1,-1,-1,1215,-1,-1,-1,-1,-1,-1,2,0,0,0,0,0,1,0,9,3,7,41.88776593,-87.66018265
0,362887,-1,30,12,-1,0,1,12,2,4,0,0,-1,0,-1,-1,-1,0,0,1621,-1,-1,-1,1,-1,-1,2,0,0,0,0,0,2,0,9,3,7,41.99713623,-87.7679514
0,362885,-1,25,2,2,0,1,7,5,2,0,0,0,0,1,-1,-1,-1,-1,2411,-1,-1,-1,-1,-1,-1,2,0,0,0,0,0,2,0,9,3,7,42.0050952,-87.6926563
0,363584,-1,30,1,2,0,1,14,5,-1,0,0,0,0,1,-1,1,23,-1,111,-1,-1,-1,-1,-1,-1,2,0,0,0,0,0,2,0,9,3,7,41.88806789,-87.62472503
0,368139,-1,30,1,2,0,1,10,5,2,0,0,0,0,-1,-1,-1,18,18,2232,-1,-1,-1,-1,-1,-1,2,0,0,0,0,0,5,0,9,3,7,41.70682334,-87.64297747
2,362880,-1,30,1,2,0,1,9,5,4,0,0,0,1,-1,-1,-1,17,-1,131,-1,-1,-1,-1,-1,-1,2,1,0,0,1,0,1,0,9,3,7,41.85293397,-87.63021424
0,364706,-1,20,0,0,0,1,7,7,-1,0,-1,-1,0,-1,-1,1,0,0,2412,-1,-1,-1,-1,-1,-1,2,0,0,0,0,0,1,0,9,3,7,41.99994477,-87.70200425
0,363494,-1,30,0,0,0,1,12,3,1,0,0,0,0,-1,-1,1,0,-1,312,-1,-1,-1,-1,-1,-1,2,0,0,0,0,0,2,0,9,3,7,41.77994911,-87.62528955
0,363268,-1,30,0,0,0,1,10,5,-1,0,0,0,0,-1,-1,1,0,0,815,-1,-1,-1,-1,-1,-1,2,0,0,0,0,0,3,0,9,3,7,41.79322499,-87.74224996
0,362865,-1,25,0,0,0,1,7,5,2,0,0,0,1,-1,-1,-1,0,-1,2431,-1,-1,-1,-1,-1,-1,2,0,0,0,0,0,1,0,9,3,7,42.00752099,-87.66799666
2,362855,-1,30,0,0,0,1,8,5,2,0,0,0,1,-1,-1,-1,17,-1,1833,-1,-1,1,-1,-1,-1,2,1,0,0,1,0,1,0,9,3,7,41.89692387,-87.61871164
0,362868,-1,30,0,0,0,1,14,5,-1,0,0,0,0,-1,-1,-1,0,-1,1223,-1,-1,-1,-1,-1,-1,2,0,0,0,0,0,2,0,8,3,7,41.88601087,-87.67444551
0,362882,-1,30,2,2,0,1,10,6,2,0,0,0,0,-1,-1,-1,0,-1,1225,-1,-1,-1,-1,-1,-1,2,0,0,0,0,0,2,0,8,3,7,41.87513259,-87.67634825
0,362988,-1,30,0,0,0,1,7,6,-1,0,0,0,0,-1,-1,-1,23,-1,1834,-1,-1,-1,-1,-1,-1,2,0,0,0,0,0,2,0,8,3,7,41.89325125,-87.62279184
0,362849,-1,30,0,0,0,1,12,2,2,0,0,0,0,-1,-1,-1,0,-1,2531,-1,-1,-1,-1,-1,-1,2,0,0,0,0,0,2,0,8,3,7,41.90495881,-87.76590169
0,365263,-1,30,0,0,0,1,7,5,-1,0,0,0,0,-1,-1,1,0,0,1935,-1,-1,-1,-1,-1,-1,2,0,0,0,0,0,1,0,8,3,7,41.92580693,-87.63381965
0,362822,-1,30,1,2,0,1,12,2,-1,0,0,0,0,1,-1,-1,23,21,2032,-1,-1,-1,-1,-1,-1,2,0,0,0,0,0,2,0,8,3,7,41.96902816,-87.66929634
3,362810,-1,30,0,0,0,1,2,2,4,0,0,0,1,-1,-1,-1,8,27,413,-1,-1,-1,-1,-1,-1,1,1,0,1,0,0,1,0,8,3,7,41.72241585,-87.58771459
0,362824,-1,30,0,0,0,1,12,3,-1,0,0,0,0,-1,-1,-1,0,-1,913,-1,-1,-1,-1,-1,-1,2,0,0,0,0,0,2,0,8,3,7,41.84679537,-87.6470816
0,363055,-1,10,0,0,0,1,7,7,-1,0,0,0,0,-1,1,-1,20,-1,1834,-1,-1,-1,-1,-1,-1,2,0,0,0,0,0,1,0,8,3,7,41.8955851,-87.62706354
0,362807,-1,30,1,2,0,1,14,12,-1,0,0,0,0,1,-1,-1,6,16,122,-1,-1,-1,-1,-1,-1,2,0,0,0,0,0,2,0,8,3,7,41.88055703,-87.63713178
2,362791,-1,30,2,2,0,1,0,5,-1,0,0,0,1,1,-1,-1,0,5,213,-1,-1,-1,-1,-1,-1,2,2,0,0,2,0,0,0,8,3,7,41.81832856,-87.61698798
0,364200,-1,10,0,0,0,1,7,7,-1,0,0,0,0,-1,1,1,0,0,2432,-1,-1,-1,-1,-1,-1,2,0,0,0,0,0,2,0,8,3,7,42.00359501,-87.67039756
0,363217,-1,30,0,0,-1,4,7,6,-1,0,-1,-1,0,-1,-1,1,0,-1,1011,-1,-1,-1,-1,-1,-1,2,0,0,0,0,0,1,0,8,3,7,41.86101334,-87.71907068
0,362881,-1,30,0,0,0,1,0,6,3,0,0,0,0,-1,-1,-1,16,22,112,-1,-1,-1,-1,-1,-1,2,0,0,0,0,0,3,0,8,3,7,41.88045875,-87.62921945
0,362864,-1,25,2,2,0,1,7,5,-1,0,0,0,1,1,-1,-1,28,-1,1214,-1,-1,-1,-1,-1,-1,2,0,0,0,0,0,1,0,8,3,7,41.88556587,-87.65665695
0,362823,-1,30,0,0,0,1,12,3,4,0,0,0,0,-1,-1,-1,17,17,122,-1,-1,-1,-1,-1,-1,2,0,0,0,0,0,2,0,8,3,7,41.87687156,-87.63698795
0,362801,-1,30,0,0,0,1,7,2,2,0,0,0,0,-1,-1,1,0,0,414,-1,-1,-1,-1,-1,-1,2,0,0,0,0,0,1,0,8,3,7,41.75182472,-87.56739142
0,362782,-1,30,2,2,0,1,10,2,-1,0,0,0,0,1,-1,1,18,-1,914,-1,-1,-1,-1,-1,-1,2,0,0,0,0,0,2,0,7,3,7,41.83829904,-87.63526008
0,362827,-1,30,0,0,0,1,0,5,-1,0,0,0,0,1,-1,-1,0,0,1434,-1,-1,-1,-1,-1,-1,2,0,0,0,0,0,5,0,7,3,7,41.91046646,-87.68484542
0,362763,-1,30,0,0,0,1,12,2,2,0,0,0,0,-1,-1,-1,17,20,723,-1,-1,-1,-1,-1,-1,2,0,0,0,0,0,3,0,7,3,7,41.77966682,-87.6430081
0,363562,-1,15,0,0,0,1,7,6,1,0,0,0,0,-1,-1,1,0,-1,1522,-1,-1,-1,-1,-1,-1,2,0,0,0,0,0,1,0,6,3,7,41.87846415,-87.76414788
0,362758,-1,35,0,0,0,1,12,6,-1,0,0,0,0,-1,-1,1,22,18,1225,-1,-1,-1,-1,-1,-1,2,0,0,0,0,0,2,0,6,3,7,41.87631682,-87.67649779
0,362744,-1,25,0,0,0,2,7,2,-1,0,0,0,1,-1,1,-1,7,0,713,-1,-1,-1,-1,-1,-1,2,0,0,0,0,0,1,0,6,3,7,41.78179006,-87.6592691
0,362837,-1,20,0,0,0,1,12,6,-1,0,0,0,0,-1,-1,-1,0,22,632,-1,-1,-1,-1,-1,-1,2,0,0,0,0,0,2,0,6,3,7,41.74160713,-87.60146896
0,364222,-1,0,0,0,0,1,7,6,-1,0,0,0,1,-1,-1,-1,16,-1,331,-1,-1,-1,-1,-1,-1,3,0,0,0,0,0,1,0,6,3,7,41.76723058,-87.57057902
0,362732,-1,30,0,-1,0,1,14,5,2,0,0,0,0,-1,-1,1,23,0,1411,-1,-1,-1,-1,-1,-1,2,0,0,0,0,0,2,0,6,3,7,41.93093488,-87.69744181
0,372126,-1,20,0,0,0,1,7,2,-1,0,0,0,0,0,-1,1,0,0,912,-1,-1,-1,-1,-1,-1,2,0,0,0,0,0,1,0,6,3,7,41.82668848,-87.67015723
0,364231,-1,30,1,-1,0,2,10,2,2,0,0,0,0,1,-1,-1,0,0,1123,-1,-1,-1,-1,-1,-1,2,0,0,0,0,0,2,0,6,3,7,41.88995916,-87.70651008
0,362756,-1,10,0,0,0,1,2,4,0,0,0,0,0,-1,1,-1,11,0,1111,-1,-1,-1,-1,-1,-1,1,0,0,0,0,0,1,0,6,3,7,41.89152569,-87.73584574
0,362736,-1,20,0,0,0,1,7,5,2,0,0,0,1,-1,-1,-1,0,0,1624,-1,-1,-1,-1,-1,-1,3,0,0,0,0,0,1,0,5,3,7,41.95897944,-87.75994606
0,362751,-1,20,0,0,0,3,7,6,1,0,0,0,0,-1,-1,1,0,-1,1115,-1,-1,-1,-1,-1,-1,2,0,0,0,0,0,1,0,5,3,7,41.87886457,-87.73506364
0,362728,-1,30,1,2,0,1,0,2,2,0,0,0,0,-1,-1,-1,22,-1,1221,-1,-1,-1,-1,-1,-1,2,0,0,0,0,0,3,0,5,3,7,41.89070622,-87.67733118
0,363449,-1,30,0,0,0,1,14,5,3,0,0,0,0,-1,-1,-1,22,-1,1214,-1,-1,-1,-1,-1,-1,2,0,0,0,0,0,2,0,5,3,7,41.89287715,-87.65729185
2,362733,1,0,1,2,0,-1,12,12,-1,0,0,0,1,1,-1,1,0,-1,834,-1,-1,-1,-1,-1,-1,2,1,0,0,1,0,1,0,5,3,7,41.74930064,-87.73886761
1,362716,1,30,1,2,0,3,0,1,6,0,0,0,1,1,-1,-1,6,-1,113,-1,-1,-1,-1,-1,-1,2,1,0,0,0,1,1,0,4,3,7,41.87579941,-87.62594192
0,362726,-1,30,0,12,0,2,2,3,4,0,0,0,1,-1,-1,1,10,16,411,-1,-1,-1,-1,-1,-1,1,0,0,0,0,0,1,0,4,3,7,41.75166345,-87.58536462
0,362832,-1,30,0,0,-1,0,2,6,1,0,-1,0,0,-1,-1,1,14,16,1533,-1,-1,-1,-1,-1,-1,2,0,0,0,0,0,1,0,3,3,7,41.87474378,-87.74906289
0,362696,0,15,0,0,0,3,7,6,-1,0,0,0,0,-1,-1,1,0,-1,922,-1,-1,-1,-1,-1,-1,4,0,0,0,0,0,1,0,3,3,7,41.81029696,-87.69319088
0,362697,1,30,0,0,0,-1,7,6,1,0,0,-1,1,-1,-1,0,32,-1,2011,-1,1,-1,-1,-1,-1,2,0,0,0,0,0,2,0,2,3,7,41.98759221,-87.69794048
0,362687,-1,25,0,0,0,3,7,6,1,0,0,0,1,-1,-1,-1,8,10,813,-1,-1,-1,-1,-1,-1,3,0,0,0,0,0,1,0,2,3,7,41.77933186,-87.72781245
0,362683,-1,30,0,0,0,3,7,6,1,0,0,0,1,-1,-1,-1,32,27,1431,-1,-1,-1,-1,-1,-1,4,0,0,0,0,0,1,0,2,3,7,41.92729987,-87.69398393
0,363455,-1,30,0,0,0,0,12,2,2,0,0,0,0,1,-1,-1,22,0,611,-1,-1,-1,-1,-1,-1,2,0,0,0,0,0,2,0,1,3,7,41.75026224,-87.66358012
0,363014,1,20,0,0,0,3,5,0,1,0,0,0,0,-1,1,-1,0,-1,634,-1,-1,-1,-1,-1,-1,1,0,0,0,0,0,1,0,1,3,7,41.72519908,-87.62648188
0,363013,-1,30,0,0,-1,3,14,2,-1,0,-1,-1,0,-1,-1,-1,0,0,611,-1,-1,-1,-1,-1,-1,2,0,0,0,0,0,2,0,1,3,7,41.75046576,-87.66347425
0,362634,-1,30,1,2,0,3,10,5,2,0,0,0,0,-1,-1,-1,18,6,2223,-1,-1,-1,-1,-1,-1,2,0,0,0,0,0,3,0,1,3,7,41.73578527,-87.64375883
0,362622,-1,15,0,0,0,3,2,0,1,0,0,-1,0,-1,1,-1,-1,0,2512,-1,-1,-1,-1,-1,-1,1,0,0,0,0,0,1,0,0,3,7,41.9242033,-87.80274507
0,362825,1,30,0,0,0,3,7,6,1,0,0,0,0,-1,-1,1,0,0,1623,-1,-1,-1,-1,-1,-1,2,0,0,0,0,0,1,0,0,3,7,41.96165298,-87.75490635
0,362592,-1,25,2,0,0,3,14,1,2,0,0,0,1,1,-1,-1,17,14,831,-1,-1,-1,-1,-1,-1,2,0,0,0,0,0,3,0,23,2,7,41.76260163,-87.6943434
0,362590,-1,15,0,0,0,3,2,0,1,0,0,0,1,-1,1,-1,16,11,213,-1,-1,-1,-1,-1,-1,1,0,0,0,0,0,1,0,23,2,7,41.81864596,-87.61999346
0,364353,-1,30,1,2,0,0,0,3,4,0,0,0,0,1,-1,-1,17,17,121,-1,-1,-1,-1,-1,-1,2,0,0,0,0,0,2,0,23,2,7,41.87924356,-87.6397457
0,362985,1,20,0,0,0,1,7,7,-1,0,2,-1,0,-1,1,1,-1,-1,934,-1,-1,-1,-1,-1,-1,2,0,0,0,0,0,1,0,23,2,7,41.79450576,-87.66231586
0,362564,-1,30,-1,0,0,3,4,5,-1,0,0,0,0,-1,-1,1,0,0,1913,-1,-1,-1,-1,-1,-1,1,0,0,0,0,0,1,0,22,2,7,41.96547545,-87.65970156
1,362554,-1,35,1,2,0,3,14,5,4,0,0,-1,1,1,-1,-1,6,17,914,-1,-1,-1,-1,-1,-1,2,1,0,0,0,1,1,0,22,2,7,41.85281668,-87.63215529
0,362527,-1,30,0,0,0,3,11,5,-1,0,0,-1,1,-1,-1,1,0,0,1013,-1,-1,-1,-1,-1,-1,2,0,0,0,0,0,2,0,22,2,7,41.84802922,-87.72480877
0,362544,-1,30,1,2,0,3,0,1,4,0,0,0,1,1,-1,-1,6,16,623,-1,1,-1,-1,-1,-1,2,0,0,0,0,0,2,0,22,2,7,41.750822,-87.62622319
0,362543,-1,30,1,2,0,0,12,5,-1,0,0,0,0,-1,-1,-1,0,0,821,-1,-1,-1,-1,-1,-1,2,0,0,0,0,0,2,0,22,2,7,41.80304615,-87.72200673
0,368958,-1,30,0,0,0,3,7,5,2,0,0,0,0,-1,-1,1,0,1,321,-1,-1,-1,-1,-1,-1,2,0,0,0,0,0,3,0,22,2,7,41.77486091,-87.60490098
0,363736,-1,30,0,0,0,0,7,6,-1,0,0,0,0,-1,-1,1,-1,-1,922,-1,-1,-1,-1,-1,-1,2,0,0,0,0,0,1,0,22,2,7,41.8116836,-87.70301821
0,363038,1,30,0,0,-1,1,7,6,-1,0,-1,0,0,-1,-1,1,0,0,1422,-1,-1,-1,-1,-1,-1,2,0,0,0,0,0,1,0,22,2,7,41.90473125,-87.71070452
0,362537,-1,30,1,2,0,4,12,12,3,0,0,0,0,-1,-1,-1,9,-1,923,-1,-1,-1,-1,-1,-1,2,0,0,0,0,0,5,0,21,2,7,41.79398757,-87.68402381
1,362509,-1,45,1,2,0,3,0,2,3,0,0,0,1,1,0,1,16,16,733,-1,-1,-1,-1,-1,-1,2,1,0,0,0,1,1,0,21,2,7,41.76352845,-87.64451651
0,362512,-1,30,0,0,0,3,7,2,-1,0,0,0,0,-1,-1,-1,0,0,2212,-1,-1,-1,-1,-1,-1,2,0,0,0,0,0,1,0,21,2,7,41.67844968,-87.67143967
0,362513,-1,30,0,0,0,3,7,6,1,0,0,0,0,-1,-1,1,20,16,1911,-1,-1,-1,-1,-1,-1,2,0,0,0,0,0,1,0,21,2,7,41.9629898,-87.69487195
0,362489,-1,30,2,2,0,1,4,5,2,2,0,0,0,1,-1,-1,0,0,1033,-1,-1,-1,-1,-1,-1,1,0,0,0,0,0,1,0,21,2,7,41.8482428,-87.69549086
0,363076,-1,15,0,0,0,3,0,7,-1,0,0,0,0,-1,-1,-1,20,0,1931,-1,-1,-1,-1,-1,-1,2,0,0,0,0,0,2,0,21,2,7,41.92787172,-87.67325882
0,362514,-1,30,0,0,0,1,2,7,0,0,0,0,0,-1,-1,-1,21,-1,1225,-1,-1,-1,-1,-1,-1,1,0,0,0,0,0,1,0,21,2,7,41.86672491,-87.68584255
0,18362481,-1,25,-1,-1,-1,-1,7,5,2,0,-1,-1,0,-1,-1,-1,0,-1,2432,-1,-1,-1,-1,-1,-1,2,0,0,0,0,0,1,0,21,2,7,42.00251344,-87.67499588
0,363738,-1,30,0,0,0,0,12,5,-1,0,0,0,0,-1,-1,1,0,-1,2233,-1,-1,-1,-1,-1,-1,2,0,0,0,0,0,2,0,21,2,7,41.69033627,-87.64216951
0,362745,1,20,0,0,0,-1,7,5,4,0,0,0,0,-1,-1,1,0,-1,1533,0,-1,-1,-1,-1,-1,3,0,0,0,0,0,1,0,21,2,7,41.86942844,-87.74821171
0,362452,-1,20,0,0,0,3,12,2,2,0,0,0,1,-1,-1,1,22,22,213,-1,-1,-1,-1,-1,-1,2,0,0,0,0,0,6,0,21,2,7,41.82136875,-87.62007132
2,362431,-1,5,12,2,0,3,2,3,15,0,0,0,1,-1,-1,-1,0,16,423,-1,-1,-1,-1,-1,-1,1,1,0,0,1,0,0,0,20,2,7,-1,-1
2,362455,-1,30,1,2,0,3,8,5,-1,0,0,0,1,1,-1,-1,6,0,332,-1,-1,-1,-1,-1,-1,2,1,0,0,1,0,2,0,20,2,7,41.77336841,-87.57663855
2,362434,-1,30,0,0,0,4,8,5,-1,0,0,0,1,-1,-1,1,22,11,1131,-1,-1,-1,-1,-1,-1,2,1,0,0,1,0,1,0,20,2,7,41.87232617,-87.7353291
2,362412,-1,30,1,2,0,3,9,5,-1,0,0,0,1,-1,-1,-1,-1,-1,235,-1,-1,-1,-1,-1,-1,2,1,0,0,1,0,1,0,20,2,7,41.79144162,-87.60612088
0,363330,-1,10,-1,-1,0,4,7,0,-1,0,0,-1,0,-1,-1,1,0,-1,2221,-1,-1,-1,-1,-1,-1,2,0,0,0,0,0,1,0,20,2,7,41.73407871,-87.66326013
1,362403,-1,30,2,2,0,3,9,6,-1,0,-1,-1,1,1,-1,1,0,0,2413,-1,-1,-1,-1,-1,-1,2,1,0,0,0,1,1,0,19,2,7,41.99580728,-87.70449709
0,362426,-1,30,0,0,0,3,12,6,4,0,0,-1,0,-1,-1,-1,17,0,111,-1,-1,-1,-1,-1,-1,2,0,0,0,0,0,2,0,19,2,7,41.88333452,-87.62511056
0,362559,-1,30,0,0,0,3,7,7,-1,0,0,0,0,-1,1,-1,11,-1,235,-1,-1,-1,-1,-1,-1,2,0,0,0,0,0,1,0,19,2,7,41.78954209,-87.60111507
2,362385,-1,30,0,0,0,1,8,5,2,0,0,0,1,-1,-1,-1,0,0,1733,-1,-1,-1,-1,-1,-1,2,1,0,0,1,0,1,0,19,2,7,41.94365802,-87.7039143
0,362387,-1,25,0,0,0,1,12,5,2,0,0,0,1,1,-1,-1,17,23,2432,-1,-1,-1,-1,-1,-1,2,0,0,0,0,0,2,0,19,2,7,42.00268778,-87.67037013
0,362352,-1,30,0,0,0,1,12,5,2,0,0,0,0,-1,-1,1,22,-1,1623,-1,-1,-1,-1,-1,-1,2,0,0,0,0,0,2,0,19,2,7,41.97517487,-87.7683442
1,362335,-1,30,2,2,0,1,8,6,-1,0,0,0,1,1,-1,-1,17,5,1633,-1,-1,-1,-1,-1,-1,2,1,0,0,0,1,1,0,19,2,7,41.94951865,-87.77161861