MOST_SEVERE_INJURY,RD_NO,CRASH_DATE_EST_I,POSTED_SPEED_LIMIT,TRAFFIC_CONTROL_DEVICE,DEVICE_CONDITION,WEATHER_CONDITION,LIGHTING_CONDITION,FIRST_CRASH_TYPE,TRAFFICWAY_TYPE,LANE_CNT,ALIGNMENT,ROADWAY_SURFACE_COND,ROAD_DEFECT,CRASH_TYPE,INTERSECTION_RELATED_I,NOT_RIGHT_OF_WAY_I,HIT_AND_RUN_I,PRIM_CONTRIBUTORY_CAUSE,SEC_CONTRIBUTORY_CAUSE,BEAT_OF_OCCURRENCE,PHOTOS_TAKEN_I,STATEMENTS_TAKEN_I,DOORING_I,WORK_ZONE_I,WORK_ZONE_TYPE,WORKERS_PRESENT_I,NUM_UNITS,INJURIES_TOTAL,INJURIES_FATAL,INJURIES_INCAPACITATING,INJURIES_NON_INCAPACITATING,INJURIES_REPORTED_NOT_EVIDENT,INJURIES_NO_INDICATION,INJURIES_UNKNOWN,CRASH_HOUR,CRASH_DAY_OF_WEEK,CRASH_MONTH,LATITUDE,LONGITUDE
0,362344,-1,30,0,0,0,1,2,5,2,0,0,0,1,-1,1,-1,12,-1,1622,-1,-1,-1,-1,-1,-1,1,0,0,0,0,0,1,0,19,2,7,41.97867737,-87.77178071
0,362357,-1,35,0,0,0,1,14,2,4,0,0,0,0,1,-1,-1,23,23,1931,-1,-1,-1,-1,-1,-1,2,0,0,0,0,0,2,0,19,2,7,41.93768962,-87.68773947
0,362350,-1,30,0,0,0,1,7,6,1,0,0,0,0,-1,-1,1,0,-1,1431,-1,-1,-1,-1,-1,-1,3,0,0,0,0,0,1,0,19,2,7,41.92027298,-87.69339819
0,362292,-1,30,0,2,0,1,2,5,4,0,0,0,1,-1,1,-1,13,-1,1533,-1,-1,-1,-1,-1,-1,1,0,0,0,0,0,2,0,19,2,7,41.88031771,-87.75074636
0,362485,-1,30,0,0,0,4,2,8,-1,2,0,0,0,-1,-1,-1,8,8,224,-1,-1,-1,-1,-1,-1,1,0,0,0,0,0,1,0,19,2,7,41.80905259,-87.63074017
0,362382,-1,30,0,0,0,1,10,5,2,0,0,0,0,-1,-1,1,-1,-1,931,-1,-1,-1,-1,-1,-1,2,0,0,0,0,0,2,0,19,2,7,41.80838442,-87.67756964
1,363491,-1,30,-1,-1,0,1,10,5,-1,0,0,-1,1,-1,-1,1,0,-1,2514,-1,-1,-1,-1,-1,-1,2,1,0,0,0,1,1,0,18,2,7,41.93375621,-87.76647788
1,362266,1,30,2,2,0,1,8,5,0,0,0,-1,1,1,-1,-1,17,-1,722,-1,-1,-1,-1,-1,-1,2,1,0,0,0,1,1,0,18,2,7,41.77988333,-87.63357848
0,362275,-1,35,3,0,0,1,14,1,4,0,0,0,1,-1,-1,-1,23,17,1432,-1,-1,-1,-1,-1,-1,2,0,0,0,0,0,2,0,18,2,7,41.92983693,-87.6841922
0,362284,-1,30,0,0,0,1,14,0,1,0,0,0,0,-1,-1,-1,0,0,1513,-1,-1,-1,-1,-1,-1,2,0,0,0,0,0,3,0,18,2,7,41.87649011,-87.7648701
0,365977,-1,30,0,0,-1,1,10,5,-1,0,-1,0,0,-1,-1,-1,0,0,1921,-1,-1,-1,-1,-1,-1,2,0,0,0,0,0,2,0,18,2,7,41.9414762,-87.68837416
0,362265,-1,30,1,2,0,1,10,5,-1,0,0,0,0,1,-1,1,0,0,1012,-1,-1,-1,-1,-1,-1,2,0,0,0,0,0,2,0,18,2,7,41.85498313,-87.72499648
0,362255,-1,30,1,2,0,1,10,2,2,0,0,0,0,1,-1,-1,16,18,2412,-1,-1,-1,-1,-1,-1,2,0,0,0,0,0,5,0,18,2,7,42.00464297,-87.70465554
0,362392,-1,25,0,0,0,1,7,6,-1,0,0,0,1,-1,-1,-1,0,-1,1522,-1,-1,-1,-1,-1,-1,2,0,0,0,0,0,1,0,18,2,7,41.87824072,-87.76438799
0,362232,-1,30,1,2,0,1,10,2,2,0,0,0,0,1,-1,-1,18,-1,923,-1,-1,-1,-1,-1,-1,3,0,0,0,0,0,3,0,18,2,7,41.80099661,-87.68436576
0,362302,-1,30,3,2,0,1,12,2,4,0,0,0,0,-1,-1,1,0,0,234,-1,-1,-1,-1,-1,-1,2,0,0,0,0,0,3,0,18,2,7,41.80176745,-87.58781202
0,362205,-1,30,2,2,0,1,8,5,2,0,0,0,0,1,-1,1,5,-1,1724,-1,-1,-1,-1,-1,-1,2,0,0,0,0,0,2,0,18,2,7,41.95587415,-87.69844466
0,362198,-1,25,0,0,0,1,10,5,2,0,0,0,1,-1,-1,-1,7,11,632,-1,-1,-1,-1,-1,-1,2,0,0,0,0,0,2,0,18,2,7,41.73669095,-87.60961909
1,362231,-1,15,0,0,0,1,9,0,1,0,0,0,1,-1,-1,1,-1,-1,2233,-1,-1,-1,-1,-1,-1,2,1,0,0,0,1,1,0,18,2,7,41.69148522,-87.64128736
0,375163,-1,0,0,0,0,1,7,7,-1,0,-1,-1,0,-1,-1,-1,0,0,214,-1,-1,-1,-1,-1,-1,2,0,0,0,0,0,1,0,18,2,7,41.82211885,-87.60076401
0,362246,-1,35,1,-1,0,1,10,2,-1,0,0,0,0,-1,-1,-1,0,-1,411,-1,-1,-1,-1,-1,-1,2,0,0,0,0,0,2,0,18,2,7,41.75865822,-87.58567938
0,362217,-1,30,1,2,0,1,10,3,-1,0,0,0,0,-1,-1,-1,0,0,1833,-1,-1,-1,-1,-1,-1,2,0,0,0,0,0,3,0,18,2,7,41.90035277,-87.62433292
0,362230,-1,0,0,0,0,1,2,0,-1,0,0,0,0,-1,-1,-1,0,-1,613,-1,-1,-1,-1,-1,-1,3,0,0,0,0,0,1,0,17,2,7,41.74633686,-87.65590689
0,366531,-1,5,0,0,0,1,7,7,1,0,0,2,0,-1,1,0,0,-1,211,-1,-1,-1,-1,-1,-1,2,0,0,0,0,0,1,0,17,2,7,41.83475713,-87.61700965
0,362173,-1,30,0,-1,0,1,10,5,-1,0,0,0,0,-1,-1,-1,-1,-1,1512,-1,-1,-1,-1,-1,-1,2,0,0,0,0,0,2,0,17,2,7,41.88293646,-87.76970685
0,362214,-1,30,0,0,0,1,7,5,2,0,0,0,0,-1,-1,-1,8,-1,414,-1,-1,-1,-1,-1,-1,2,0,0,0,0,0,2,0,17,2,7,41.75657205,-87.57623994
0,362854,-1,30,1,2,0,1,10,5,-1,0,0,0,0,-1,-1,-1,18,-1,833,-1,-1,-1,-1,-1,-1,2,0,0,0,0,0,2,0,17,2,7,41.7710448,-87.74190563
0,362256,-1,30,1,2,0,1,10,5,-1,0,0,0,0,-1,-1,-1,18,-1,2211,-1,-1,-1,-1,-1,-1,2,0,0,0,0,0,2,0,17,2,7,41.69602778,-87.70112517
0,362244,-1,30,0,0,0,1,0,5,2,0,0,0,0,-1,-1,-1,17,-1,731,-1,-1,-1,-1,-1,-1,2,0,0,0,0,0,2,0,17,2,7,41.76546593,-87.62807368
0,362168,-1,25,0,0,0,1,7,0,1,0,0,0,0,-1,-1,-1,11,-1,2411,-1,-1,-1,-1,-1,-1,2,0,0,0,0,0,1,0,17,2,7,42.00943884,-87.70135577
1,362262,-1,30,1,2,0,1,14,5,2,0,0,0,1,1,-1,1,16,14,624,-1,-1,-1,-1,-1,-1,2,2,0,0,0,2,1,0,17,2,7,41.7513967,-87.60515466
0,362970,-1,30,1,2,0,1,10,5,2,0,0,0,0,-1,-1,-1,11,0,2424,-1,-1,-1,-1,-1,-1,2,0,0,0,0,0,2,0,17,2,7,42.01243455,-87.68297088
0,362204,-1,30,0,0,0,1,12,5,2,0,0,-1,0,-1,-1,1,0,-1,2411,-1,-1,-1,-1,-1,-1,2,0,0,0,0,0,2,0,17,2,7,42.01199858,-87.70770275
1,362112,-1,30,1,2,0,1,14,5,-1,0,0,0,1,1,-1,-1,23,-1,1022,-1,-1,-1,-1,-1,-1,2,1,0,0,0,1,1,0,17,2,7,41.85805326,-87.70555564
0,362241,-1,30,0,0,0,1,12,5,4,0,0,-1,0,-1,-1,-1,0,0,1711,-1,-1,-1,-1,-1,-1,2,0,0,0,0,0,3,0,17,2,7,41.98592799,-87.72866342
0,362144,1,30,0,0,0,1,7,6,1,0,0,0,0,-1,-1,-1,11,16,1123,-1,-1,-1,-1,-1,-1,2,0,0,0,0,0,1,0,17,2,7,41.88752725,-87.71420229
0,362219,-1,30,1,2,0,1,10,2,2,0,0,0,0,-1,-1,-1,18,0,1022,-1,-1,-1,-1,-1,-1,3,0,0,0,0,0,3,0,17,2,7,41.86595528,-87.70092141
0,362165,-1,30,0,0,0,1,12,2,3,0,0,-1,0,-1,-1,-1,0,0,614,-1,-1,-1,-1,-1,-1,2,0,0,0,0,0,2,0,17,2,7,41.73576426,-87.6727982
0,362161,-1,30,1,2,0,1,10,2,-1,0,0,0,1,-1,-1,-1,0,-1,1112,-1,-1,-1,-1,-1,-1,2,0,0,0,0,0,2,0,17,2,7,41.89897398,-87.71893279
2,362110,-1,25,2,12,0,1,0,5,-1,0,0,0,1,1,-1,-1,0,-1,1631,-1,-1,-1,-1,-1,-1,2,3,0,0,2,1,0,0,17,2,7,41.94513127,-87.80814797
0,362276,-1,30,1,2,0,1,14,2,4,0,0,0,0,-1,-1,-1,18,0,2221,-1,-1,-1,-1,-1,-1,2,0,0,0,0,0,2,0,17,2,7,41.73541894,-87.68240082
0,362224,-1,35,0,0,0,1,10,2,4,0,0,0,0,-1,-1,-1,18,0,1912,-1,-1,-1,-1,-1,-1,2,0,0,0,0,0,2,0,17,2,7,41.95432384,-87.67432084
0,362096,-1,30,1,-1,0,1,10,5,-1,0,0,0,0,-1,-1,-1,-1,-1,1522,-1,-1,-1,-1,-1,-1,2,0,0,0,0,0,2,0,17,2,7,41.86585673,-87.7548716
0,362086,-1,30,1,2,0,1,10,5,-1,0,0,0,0,1,-1,-1,0,-1,1922,-1,-1,-1,-1,-1,-1,2,0,0,0,0,0,7,0,17,2,7,41.94964704,-87.67578366
0,362151,-1,35,0,0,0,1,10,5,2,0,0,0,0,-1,-1,-1,16,-1,713,-1,-1,-1,-1,-1,-1,2,0,0,0,0,0,2,0,16,2,7,41.78975371,-87.6549077
2,362098,-1,30,0,0,0,1,10,5,-1,0,0,0,1,-1,-1,-1,18,0,912,1,1,-1,-1,-1,-1,2,1,0,0,1,0,3,0,16,2,7,41.83413939,-87.67498685
0,362127,-1,30,2,0,0,1,14,5,-1,0,0,0,0,-1,-1,-1,-1,-1,823,-1,-1,-1,-1,-1,-1,2,0,0,0,0,0,4,0,16,2,7,41.78084438,-87.69358705
0,362201,-1,30,-1,-1,0,1,10,6,-1,0,0,0,0,-1,-1,-1,0,-1,2514,-1,-1,-1,-1,-1,-1,2,0,0,0,0,0,2,0,16,2,7,41.9350945,-87.75670544
0,362062,-1,30,2,2,0,1,0,5,2,0,0,0,0,1,-1,1,17,0,1214,-1,-1,-1,-1,-1,-1,2,0,0,0,0,0,2,0,16,2,7,41.88682459,-87.64765355
0,362023,-1,40,0,0,0,1,10,3,8,0,0,0,1,-1,-1,-1,18,16,1814,-1,-1,-1,-1,-1,-1,2,0,0,0,0,0,3,0,16,2,7,41.9238431,-87.63029302
2,362093,-1,30,12,0,0,1,9,5,2,0,0,0,1,-1,-1,-1,0,-1,1935,-1,-1,-1,-1,-1,-1,2,1,0,0,1,0,1,0,16,2,7,41.93093405,-87.65622554
0,362016,-1,30,0,0,0,1,7,5,2,0,0,0,0,-1,-1,-1,-1,-1,1623,-1,-1,-1,-1,-1,-1,2,0,0,0,0,0,2,0,16,2,7,41.96225839,-87.76611134
0,362025,-1,15,0,0,0,1,7,6,1,0,0,0,0,-1,-1,1,11,0,612,-1,-1,-1,-1,-1,-1,2,0,0,0,0,0,1,0,16,2,7,41.74970448,-87.66084982
1,362138,-1,30,1,2,0,1,10,5,4,0,0,-1,1,-1,-1,-1,18,0,1831,-1,-1,-1,-1,-1,-1,2,1,0,0,0,1,1,0,16,2,7,41.88996409,-87.63239972
0,362132,-1,35,0,0,0,1,0,-1,2,2,0,0,0,-1,-1,-1,33,0,911,-1,-1,-1,-1,-1,-1,2,0,0,0,0,0,2,0,16,2,7,41.82491398,-87.68685097
0,362022,-1,30,0,0,0,1,14,2,2,0,0,0,1,-1,-1,-1,23,21,1622,-1,-1,-1,-1,-1,-1,2,0,0,0,0,0,2,0,16,2,7,41.97335458,-87.78777391
0,364318,-1,30,1,2,-1,1,10,5,-1,0,-1,-1,0,-1,-1,-1,18,0,1031,-1,-1,-1,-1,-1,-1,2,0,0,0,0,0,3,0,16,2,7,41.83327425,-87.72412515
0,361997,-1,30,1,2,0,1,10,5,-1,0,0,0,0,-1,-1,-1,18,18,114,-1,-1,-1,-1,-1,-1,2,0,0,0,0,0,2,0,16,2,7,41.87575626,-87.61751568
0,361996,-1,30,1,2,0,1,14,2,-1,0,0,0,1,1,-1,-1,17,-1,624,-1,-1,-1,-1,-1,-1,2,0,0,0,0,0,2,0,16,2,7,41.75666358,-87.60548737
0,362014,-1,35,1,2,0,1,10,2,2,0,0,0,0,1,-1,-1,6,7,722,-1,-1,-1,-1,-1,-1,2,0,0,0,0,0,2,0,16,2,7,41.76928972,-87.62613747
0,362072,-1,30,1,-1,0,1,14,5,2,0,0,-1,0,1,-1,-1,0,0,431,-1,-1,-1,-1,-1,-1,2,0,0,0,0,0,3,0,16,2,7,41.70817645,-87.5668696
0,362059,-1,30,0,0,0,1,10,2,-1,0,0,0,1,-1,-1,-1,11,0,523,-1,-1,-1,-1,-1,-1,3,0,0,0,0,0,4,0,16,2,7,41.66311778,-87.64258599
0,361995,-1,30,0,0,0,1,10,5,4,0,0,0,0,-1,-1,-1,18,-1,2512,-1,-1,-1,-1,-1,-1,2,0,0,0,0,0,3,0,16,2,7,41.92391804,-87.77687385
0,361994,-1,5,0,0,0,1,2,7,1,0,0,0,1,-1,1,-1,0,-1,1622,-1,-1,-1,-1,-1,-1,1,0,0,0,0,0,1,0,16,2,7,41.97674884,-87.76848375
0,367512,-1,30,0,0,0,1,7,5,4,0,0,0,0,-1,-1,1,0,11,1013,-1,-1,-1,-1,-1,-1,2,0,0,0,0,0,1,0,16,2,7,41.85153278,-87.71673174
0,362366,-1,30,0,0,0,1,0,5,2,0,0,0,0,-1,-1,-1,22,22,522,-1,-1,-1,-1,-1,-1,2,0,0,0,0,0,3,0,16,2,7,41.68890708,-87.62314161
0,362055,-1,0,-1,-1,0,1,12,2,4,0,0,0,0,-1,-1,-1,0,0,234,-1,-1,-1,-1,-1,-1,2,0,0,0,0,0,2,0,16,2,7,41.79964931,-87.58956485
0,361976,-1,30,1,2,0,1,10,5,-1,0,0,0,0,-1,-1,-1,18,-1,835,-1,-1,-1,-1,-1,-1,2,0,0,0,0,0,2,0,15,2,7,41.7591586,-87.68324641
0,362085,-1,30,1,2,0,1,12,2,4,0,0,0,0,-1,-1,-1,21,-1,112,-1,-1,-1,-1,-1,-1,2,0,0,0,0,0,2,0,15,2,7,41.88129211,-87.6278919
0,363561,-1,30,1,2,0,1,10,5,4,0,0,0,0,-1,-1,-1,0,-1,1722,-1,-1,-1,-1,-1,-1,2,0,0,0,0,0,2,0,15,2,7,41.95347022,-87.74715741
0,361980,-1,30,2,2,0,1,0,5,2,0,0,0,1,1,1,-1,17,33,813,-1,-1,-1,-1,-1,-1,2,0,0,0,0,0,4,0,15,2,7,41.77851965,-87.72514024
1,362011,-1,30,1,2,0,1,10,2,4,0,0,0,1,1,-1,-1,16,0,611,-1,-1,-1,-1,-1,-1,2,1,0,0,0,1,1,0,15,2,7,41.75571944,-87.66371778
0,363167,-1,40,-1,-1,-1,1,14,5,-1,0,-1,-1,0,1,-1,-1,17,23,1814,-1,-1,-1,-1,-1,-1,2,0,0,0,0,0,2,0,15,2,7,41.91250324,-87.63301193
0,361968,-1,10,0,0,0,1,7,7,-1,0,0,0,0,-1,-1,-1,0,0,2031,-1,-1,-1,-1,-1,-1,2,0,0,0,0,0,1,0,15,2,7,41.96975372,-87.68940344
0,361982,-1,30,0,0,0,1,11,5,-1,0,0,0,0,-1,-1,-1,0,-1,1612,-1,-1,-1,-1,-1,-1,2,0,0,0,0,0,2,0,15,2,7,42.00114967,-87.8176168
0,361969,-1,0,0,0,0,1,12,2,-1,0,0,0,0,-1,-1,-1,17,-1,224,-1,-1,-1,-1,-1,-1,2,0,0,0,0,0,2,0,15,2,7,41.80212441,-87.62175009
0,361954,-1,30,1,2,0,1,12,1,6,0,0,0,0,-1,-1,1,0,0,1235,-1,-1,-1,-1,-1,-1,2,0,0,0,0,0,2,0,15,2,7,41.85587009,-87.66594326
0,361963,-1,30,-1,-1,0,1,12,5,2,0,0,0,0,-1,-1,-1,17,-1,413,-1,-1,-1,-1,-1,-1,2,0,0,0,0,0,2,0,15,2,7,41.72633413,-87.56686248
-1,363399,1,30,0,0,0,-1,4,7,-1,0,0,0,0,-1,1,0,0,-1,1233,-1,-1,-1,-1,-1,-1,1,-1,-1,-1,-1,-1,-1,-1,15,2,7,41.86297662,-87.65697252
0,362081,-1,30,0,0,0,1,14,5,4,0,0,0,1,-1,-1,1,23,-1,1023,-1,-1,-1,-1,-1,-1,2,0,0,0,0,0,4,0,15,2,7,41.85376435,-87.68583244
0,362077,-1,30,0,0,0,1,10,5,-1,0,0,0,0,-1,-1,-1,18,16,1732,-1,-1,-1,-1,-1,-1,2,0,0,0,0,0,2,0,15,2,7,41.93930329,-87.71922508
0,361947,-1,30,0,0,0,1,10,5,-1,0,0,0,0,-1,-1,-1,18,-1,1032,-1,-1,-1,-1,-1,-1,2,0,0,0,0,0,2,0,15,2,7,41.83713267,-87.70496712
0,361932,-1,30,1,2,0,1,12,2,4,0,0,0,0,-1,-1,-1,0,16,825,-1,-1,-1,-1,-1,-1,2,0,0,0,0,0,2,0,15,2,7,41.77912871,-87.68348988
0,361926,-1,30,1,2,0,1,12,6,-1,0,0,0,0,-1,-1,-1,21,-1,122,-1,-1,-1,-1,-1,-1,2,0,0,0,0,0,2,0,15,2,7,41.87754909,-87.6370463
0,362021,-1,30,1,2,0,1,7,3,4,0,0,0,0,-1,-1,-1,0,0,1723,-1,-1,-1,-1,-1,-1,2,0,0,0,0,0,1,0,15,2,7,41.95375843,-87.72755892
0,361992,-1,30,0,0,0,1,7,3,4,0,0,0,0,-1,-1,-1,20,-1,1233,-1,-1,-1,-1,-1,-1,2,0,0,0,0,0,3,0,15,2,7,41.8582821,-87.66601326
0,362478,-1,35,0,0,0,1,8,6,2,0,0,0,0,-1,-1,1,21,-1,122,-1,-1,1,-1,-1,-1,2,0,0,0,0,0,2,0,15,2,7,41.88457506,-87.63566952
0,362374,-1,30,0,0,0,1,7,6,1,0,0,0,0,-1,-1,1,0,0,923,-1,-1,-1,-1,-1,-1,2,0,0,0,0,0,1,0,15,2,7,41.79849544,-87.68797668
0,362045,-1,35,0,0,0,1,10,5,-1,0,0,0,0,-1,-1,-1,9,-1,312,-1,-1,-1,-1,-1,-1,2,0,0,0,0,0,2,0,15,2,7,41.78021132,-87.61576829
0,361967,-1,30,1,2,0,1,12,6,-1,0,0,0,0,-1,-1,1,21,-1,121,-1,-1,-1,-1,-1,-1,2,0,0,0,0,0,2,0,15,2,7,41.88558713,-87.64481131
1,361951,1,30,2,2,0,1,0,5,4,0,0,-1,1,1,-1,-1,17,-1,712,-1,-1,-1,-1,-1,-1,2,2,0,0,0,2,1,0,15,2,7,41.78136368,-87.65226483
0,361890,-1,30,1,2,0,1,14,2,4,0,0,0,1,1,-1,-1,0,0,533,-1,-1,-1,-1,-1,-1,2,0,0,0,0,0,2,0,14,2,7,41.65900922,-87.61744791
0,361876,-1,25,0,0,0,1,10,5,2,0,0,0,0,-1,-1,1,18,-1,1222,-1,-1,-1,-1,-1,-1,2,0,0,0,0,0,4,0,14,2,7,41.88423073,-87.69397129
0,362184,-1,30,0,0,0,1,10,5,-1,0,0,0,0,-1,-1,-1,18,16,1732,-1,-1,-1,-1,-1,-1,2,0,0,0,0,0,3,0,14,2,7,41.94054404,-87.72707788
0,361937,-1,30,0,0,0,1,7,5,-1,0,0,0,0,-1,-1,-1,0,-1,1133,-1,-1,-1,-1,-1,-1,2,0,0,0,0,0,1,0,14,2,7,41.86801846,-87.71383889
1,361872,-1,30,1,2,0,1,14,2,2,0,0,0,1,-1,-1,-1,23,16,1122,-1,-1,-1,-1,-1,-1,2,1,0,0,0,1,2,0,14,2,7,41.88089385,-87.7210984
0,362038,1,20,2,2,0,1,0,6,1,0,0,0,1,1,-1,1,5,-1,1024,-1,-1,-1,-1,-1,-1,2,0,0,0,0,0,2,0,14,2,7,41.84613436,-87.71376445
0,361882,-1,30,1,-1,0,1,0,2,-1,0,0,0,0,1,-1,-1,0,0,1723,-1,-1,-1,-1,-1,-1,2,0,0,0,0,0,2,0,14,2,7,41.95375843,-87.72755892
0,361881,-1,35,1,2,0,1,14,1,0,0,0,0,1,1,-1,-1,23,17,1433,-1,-1,-1,-1,-1,-1,2,0,0,0,0,0,2,0,14,2,7,41.91614728,-87.66794735
2,361847,-1,25,0,0,0,1,9,5,-1,0,0,0,1,-1,-1,-1,0,-1,2432,-1,-1,-1,0,-1,-1,2,1,0,0,1,0,1,0,14,2,7,42.00423183,-87.66098547
2,365711,-1,30,1,2,-1,1,10,5,4,0,-1,-1,1,0,-1,-1,0,-1,1424,-1,-1,-1,-1,-1,-1,2,1,0,0,1,0,2,0,14,2,7,41.90312874,-87.68690913
0,364732,-1,30,1,2,0,1,12,5,-1,0,0,0,0,-1,-1,-1,21,-1,1225,-1,-1,-1,1,2,-1,2,0,0,0,0,0,2,0,14,2,7,41.87415295,-87.67637824
0,362143,-1,30,0,0,0,1,12,5,4,0,0,-1,0,-1,-1,1,21,-1,911,-1,-1,-1,-1,-1,-1,2,0,0,0,0,0,2,0,14,2,7,41.83002728,-87.69493784
0,361939,-1,30,1,2,0,1,12,5,-1,0,0,0,0,1,-1,-1,-1,-1,621,-1,-1,-1,-1,-1,-1,2,0,0,0,0,0,3,0,14,2,7,41.75054956,-87.64418837
0,361930,-1,30,0,0,0,1,12,5,4,0,0,-1,0,-1,-1,-1,22,0,2411,-1,-1,-1,-1,-1,-1,2,0,0,0,0,0,2,0,14,2,7,42.00867159,-87.69031084
0,361884,-1,30,1,2,0,1,14,5,4,0,0,0,0,1,-1,-1,22,21,1121,-1,-1,-1,-1,-1,-1,2,0,0,0,0,0,4,0,14,2,7,41.8997647,-87.71172234
0,361866,-1,35,0,0,0,1,12,5,2,0,0,0,1,-1,-1,-1,22,23,911,-1,-1,-1,-1,-1,-1,2,0,0,0,0,0,5,0,14,2,7,41.82922913,-87.6949362
0,361841,-1,30,2,2,0,1,10,2,-1,0,0,0,0,-1,-1,-1,20,0,423,-1,-1,-1,-1,-1,-1,2,0,0,0,0,0,2,0,14,2,7,41.72443939,-87.5609126
2,362202,-1,25,5,-1,0,1,9,5,2,0,0,-1,1,1,-1,1,14,0,2513,-1,-1,-1,-1,-1,-1,2,1,0,0,1,0,1,0,14,2,7,41.91286768,-87.78526875
0,361903,-1,30,1,2,0,1,10,5,-1,0,0,0,0,1,-1,-1,0,-1,1914,-1,-1,-1,-1,-1,-1,2,0,0,0,0,0,2,0,14,2,7,41.96568388,-87.64799019
0,361887,-1,35,0,0,0,1,10,7,0,0,0,0,0,-1,1,-1,20,20,1932,-1,-1,-1,-1,-1,-1,2,0,0,0,0,0,2,0,14,2,7,41.92539998,-87.6585591
0,362280,-1,25,0,0,0,1,10,2,4,0,0,0,0,-1,-1,1,18,0,511,-1,-1,-1,-1,-1,-1,2,0,0,0,0,0,2,0,14,2,7,41.72151545,-87.62456659
1,362074,-1,30,0,0,0,1,9,2,-1,0,0,0,1,-1,-1,1,0,0,814,-1,-1,-1,-1,-1,-1,2,1,0,0,0,1,1,0,14,2,7,41.80749052,-87.74477795
0,362365,-1,30,0,0,0,1,11,5,-1,0,0,0,1,-1,-1,1,0,-1,912,-1,-1,-1,-1,-1,-1,2,0,0,0,0,0,4,0,14,2,7,41.83414739,-87.67459786
0,361985,-1,30,0,0,0,1,7,2,-1,0,0,0,0,-1,-1,-1,0,-1,2212,-1,-1,-1,-1,-1,-1,2,0,0,0,0,0,1,0,14,2,7,41.68454609,-87.67330985
0,361981,-1,30,0,0,0,1,7,6,-1,0,0,0,0,-1,-1,1,-1,-1,2535,1,-1,-1,-1,-1,-1,2,0,0,0,0,0,1,0,14,2,7,41.90649356,-87.725054
0,361950,-1,30,1,2,0,1,10,5,2,0,0,0,0,-1,-1,-1,-1,-1,934,-1,-1,-1,-1,-1,-1,2,0,0,0,0,0,2,0,14,2,7,41.80153715,-87.64549036
0,361931,-1,30,1,2,0,1,12,3,2,0,0,0,0,-1,-1,-1,0,0,111,-1,-1,-1,-1,-1,-1,2,0,0,0,0,0,2,0,14,2,7,41.88733218,-87.62469624
0,361913,1,30,1,2,0,1,10,5,-1,0,0,0,0,1,-1,-1,0,-1,2532,-1,-1,-1,-1,-1,-1,2,0,0,0,0,0,4,0,14,2,7,41.90961037,-87.75585228
0,361873,-1,30,0,0,0,1,12,5,2,0,0,0,0,-1,-1,1,22,-1,431,-1,-1,-1,-1,-1,-1,2,0,0,0,0,0,2,0,14,2,7,41.70846154,-87.55952238
0,361796,-1,30,0,0,0,1,12,5,-1,0,0,0,0,-1,-1,-1,-1,-1,2411,-1,-1,-1,-1,-1,-1,2,0,0,0,0,0,2,0,13,2,7,42.00830313,-87.69000509
0,361837,-1,30,0,0,0,1,12,5,-1,0,0,0,0,-1,-1,-1,21,-1,1214,-1,-1,-1,-1,-1,-1,2,0,0,0,0,0,2,0,13,2,7,41.8867762,-87.63973773
0,361814,-1,30,1,2,0,1,10,2,-1,0,0,0,0,1,-1,-1,18,-1,1913,-1,-1,-1,-1,-1,-1,2,0,0,0,0,0,2,0,13,2,7,41.96181008,-87.65533703
0,361802,-1,15,0,0,0,1,5,0,1,0,0,0,0,-1,-1,-1,-1,-1,113,-1,-1,-1,-1,-1,-1,1,0,0,0,0,0,1,0,13,2,7,41.8784505,-87.62594047
0,361833,-1,30,0,0,0,1,12,5,4,0,0,0,0,-1,-1,-1,0,0,2033,-1,-1,-1,-1,-1,-1,2,0,0,0,0,0,2,0,13,2,7,41.97221356,-87.6596091
0,361842,-1,30,2,2,0,1,0,5,-1,0,0,0,0,-1,-1,-1,-1,-1,835,-1,-1,-1,-1,-1,-1,2,0,0,0,0,0,2,0,13,2,7,41.75150048,-87.70502095
0,362180,-1,30,0,0,-1,1,7,-1,-1,0,-1,-1,0,-1,-1,1,17,-1,1732,-1,-1,-1,-1,-1,-1,2,0,0,0,0,0,1,0,13,2,7,41.95077591,-87.72738256
0,361831,-1,30,0,0,0,1,12,5,2,0,0,0,0,-1,-1,-1,0,0,1221,-1,-1,-1,-1,-1,-1,3,0,0,0,0,0,3,0,13,2,7,41.89218334,-87.67553494
0,361751,-1,30,0,0,0,1,10,7,-1,0,0,0,0,-1,1,-1,20,0,2515,-1,-1,-1,-1,-1,-1,2,0,0,0,0,0,2,0,13,2,7,41.92398681,-87.75675552
0,326954,-1,30,1,-1,-1,1,12,5,4,0,-1,-1,0,-1,-1,-1,0,0,2433,-1,-1,-1,-1,-1,-1,2,0,0,0,0,0,2,0,13,2,7,41.99782707,-87.66035855
0,361791,-1,35,2,0,0,1,0,5,-1,0,0,0,1,1,0,1,17,-1,624,-1,-1,-1,-1,-1,-1,3,0,0,0,0,0,4,0,13,2,7,41.7510457,-87.61385772
2,361693,-1,30,1,2,0,1,0,5,6,0,0,0,1,-1,-1,-1,0,0,411,-1,-1,-1,-1,-1,-1,2,1,0,0,1,0,1,0,13,2,7,41.7514606,-87.58597199