MOST_SEVERE_INJURY,RD_NO,CRASH_DATE_EST_I,POSTED_SPEED_LIMIT,TRAFFIC_CONTROL_DEVICE,DEVICE_CONDITION,WEATHER_CONDITION,LIGHTING_CONDITION,FIRST_CRASH_TYPE,TRAFFICWAY_TYPE,LANE_CNT,ALIGNMENT,ROADWAY_SURFACE_COND,ROAD_DEFECT,CRASH_TYPE,INTERSECTION_RELATED_I,NOT_RIGHT_OF_WAY_I,HIT_AND_RUN_I,PRIM_CONTRIBUTORY_CAUSE,SEC_CONTRIBUTORY_CAUSE,BEAT_OF_OCCURRENCE,PHOTOS_TAKEN_I,STATEMENTS_TAKEN_I,DOORING_I,WORK_ZONE_I,WORK_ZONE_TYPE,WORKERS_PRESENT_I,NUM_UNITS,INJURIES_TOTAL,INJURIES_FATAL,INJURIES_INCAPACITATING,INJURIES_NON_INCAPACITATING,INJURIES_REPORTED_NOT_EVIDENT,INJURIES_NO_INDICATION,INJURIES_UNKNOWN,CRASH_HOUR,CRASH_DAY_OF_WEEK,CRASH_MONTH,LATITUDE,LONGITUDE
0,361748,-1,30,1,-1,0,1,12,5,2,0,0,0,0,-1,-1,1,25,25,1523,-1,-1,-1,-1,-1,-1,2,0,0,0,0,0,2,0,13,2,7,41.88239319,-87.7552877
0,361767,-1,30,1,2,0,1,11,5,-1,0,0,0,0,1,-1,-1,0,0,2513,-1,-1,-1,-1,-1,-1,2,0,0,0,0,0,2,0,12,2,7,41.91116841,-87.77543198
0,361830,-1,0,0,0,0,1,10,7,0,0,0,0,0,-1,1,-1,0,0,223,-1,-1,-1,-1,-1,-1,2,0,0,0,0,0,2,0,12,2,7,41.80890166,-87.60669697
2,361776,-1,30,1,2,0,1,10,5,-1,0,0,0,1,1,-1,1,18,-1,324,-1,-1,-1,-1,-1,-1,2,3,0,0,3,0,1,0,12,2,7,41.75972064,-87.58631045
0,361800,-1,30,0,0,0,1,7,7,-1,0,0,0,0,-1,-1,-1,7,-1,1823,-1,-1,-1,1,2,-1,2,0,0,0,0,0,1,0,12,2,7,41.89962031,-87.63675789
0,362063,-1,15,0,0,0,1,2,0,1,0,0,0,0,-1,1,-1,20,-1,1232,-1,-1,-1,-1,-1,-1,2,0,0,0,0,0,1,0,12,2,7,41.86931548,-87.65616996
0,361914,-1,30,9,0,0,1,14,6,2,0,0,0,0,-1,-1,1,18,-1,322,-1,-1,-1,-1,-1,-1,2,0,0,0,0,0,2,0,12,2,7,-1,-1
0,361685,-1,30,2,2,0,1,0,2,-1,0,0,0,1,1,-1,-1,0,17,1232,-1,-1,-1,-1,-1,-1,2,0,0,0,0,0,2,0,12,2,7,41.87930528,-87.64859499
0,361701,-1,30,1,2,0,1,10,2,2,0,0,0,1,1,-1,-1,16,6,114,-1,-1,-1,-1,-1,-1,3,0,0,0,0,0,3,0,12,2,7,41.87327529,-87.6239158
2,361673,-1,30,0,0,0,1,12,2,6,0,0,0,1,-1,-1,-1,17,16,124,-1,-1,-1,-1,-1,-1,2,1,0,0,1,0,1,0,12,2,7,41.86733857,-87.64159006
0,366530,-1,25,0,0,-1,1,7,5,2,0,-1,-1,0,-1,-1,1,0,0,1033,-1,-1,-1,-1,-1,-1,2,0,0,0,0,0,1,0,12,2,7,41.84465002,-87.70307151
0,364779,-1,30,0,-1,0,1,5,0,-1,0,0,-1,0,-1,-1,1,20,20,1611,-1,-1,-1,-1,-1,-1,1,0,0,0,0,0,1,0,12,2,7,42.01777746,-87.80763575
0,361940,-1,30,2,2,0,1,10,5,2,0,0,0,0,-1,-1,-1,18,18,413,-1,-1,-1,-1,-1,-1,2,0,0,0,0,0,2,0,12,2,7,41.72407478,-87.58530323
0,361761,-1,30,0,0,0,1,10,5,2,0,0,-1,0,-1,-1,-1,0,0,431,-1,-1,-1,-1,-1,-1,2,0,0,0,0,0,2,0,12,2,7,41.71327699,-87.55101562
0,361757,-1,30,0,0,0,1,7,7,-1,0,0,0,0,-1,-1,-1,-1,-1,824,-1,-1,-1,-1,-1,-1,2,0,0,0,0,0,4,0,12,2,7,41.78625356,-87.69739784
0,361735,-1,30,0,0,0,1,11,5,2,0,0,0,0,-1,-1,-1,20,17,1114,-1,-1,-1,-1,-1,-1,2,0,0,0,0,0,4,0,12,2,7,41.88272312,-87.7329426
0,361690,-1,30,0,0,0,1,14,5,-1,0,0,0,0,1,-1,-1,23,-1,1915,-1,-1,-1,-1,-1,-1,2,0,0,0,0,0,3,0,12,2,7,41.95590165,-87.65156446
0,361689,1,30,1,1,0,1,10,2,-1,0,0,0,0,1,-1,-1,0,0,1633,-1,-1,-1,-1,-1,-1,2,0,0,0,0,0,2,0,12,2,7,41.95280244,-87.78640733
0,361688,-1,30,0,0,0,1,11,5,-1,0,0,0,0,-1,-1,-1,0,0,1013,-1,-1,-1,-1,-1,-1,2,0,0,0,0,0,2,0,12,2,7,41.84448099,-87.71576838
0,361696,-1,20,0,0,0,1,7,5,2,0,0,0,0,-1,-1,-1,0,0,1223,-1,1,-1,-1,-1,-1,2,0,0,0,0,0,1,0,12,2,7,41.8788361,-87.67820542
2,361677,-1,30,2,2,0,1,8,5,2,0,0,4,1,1,-1,-1,17,7,1214,-1,-1,1,-1,-1,-1,2,1,0,0,1,0,2,0,12,2,7,41.88780816,-87.64854522
0,361684,-1,30,1,2,0,1,12,5,-1,0,0,0,0,-1,-1,-1,16,-1,133,-1,-1,-1,-1,-1,-1,2,0,0,0,0,0,3,0,12,2,7,41.84751666,-87.61786267
0,361626,-1,20,0,0,0,1,7,7,2,0,0,0,0,-1,-1,-1,0,0,923,-1,-1,-1,-1,-1,-1,2,0,0,0,0,0,1,0,12,2,7,41.80455723,-87.68451475
0,361655,1,30,0,0,0,1,7,2,4,0,0,0,0,-1,-1,1,0,-1,225,-1,-1,-1,-1,-1,-1,2,0,0,0,0,0,1,0,11,2,7,41.79743089,-87.6259197
0,361633,-1,30,2,2,0,1,0,5,-1,0,0,0,0,1,-1,0,0,0,924,-1,-1,-1,-1,-1,-1,2,0,0,0,0,0,2,0,11,2,7,41.81576421,-87.66653263
0,361640,-1,15,0,0,0,1,14,7,-1,0,0,0,0,-1,-1,-1,0,0,2424,-1,-1,-1,-1,-1,-1,2,0,0,0,0,0,2,0,11,2,7,42.00885647,-87.67408037
0,361790,-1,30,0,0,0,1,12,5,-1,0,0,0,0,-1,-1,-1,-1,-1,812,-1,-1,-1,-1,-1,-1,2,0,0,0,0,0,5,0,11,2,7,41.78715687,-87.76223311
0,361624,-1,25,0,0,0,1,7,5,-1,0,0,0,0,-1,-1,-1,0,0,1225,-1,-1,-1,-1,-1,-1,2,0,0,0,0,0,1,0,11,2,7,41.86674374,-87.68455065
0,361617,-1,30,2,2,0,1,14,2,2,2,0,0,1,1,-1,-1,23,8,1214,-1,-1,-1,-1,-1,-1,2,0,0,0,0,0,2,0,11,2,7,41.88728189,-87.64758282
0,361825,-1,30,2,1,0,1,12,5,-1,0,0,-1,0,-1,-1,-1,0,-1,512,-1,-1,-1,-1,-1,-1,2,0,0,0,0,0,2,0,11,2,7,41.70701438,-87.62661679
0,361587,1,20,0,0,0,1,7,6,1,0,0,0,0,-1,-1,1,0,0,2413,-1,-1,-1,-1,-1,-1,2,0,0,0,0,0,1,0,11,2,7,41.99181628,-87.69442726
3,361538,-1,30,1,2,0,1,0,5,5,0,0,0,1,1,-1,-1,17,0,1622,-1,1,-1,-1,-1,-1,2,2,0,1,1,0,1,0,11,2,7,41.97579235,-87.76852357
0,362730,-1,30,1,2,0,1,7,3,4,0,0,0,0,-1,-1,-1,28,-1,1225,-1,-1,-1,-1,-1,-1,2,0,0,0,0,0,1,0,11,2,7,41.87595195,-87.67280264
0,361630,-1,15,0,0,0,1,0,0,-1,0,0,0,0,-1,-1,1,8,-1,2533,-1,-1,-1,-1,-1,-1,2,0,0,0,0,0,2,0,11,2,7,41.90518879,-87.7461499
1,361540,-1,30,1,2,0,1,14,5,4,0,0,0,1,1,-1,-1,22,0,215,-1,-1,-1,-1,-1,-1,2,2,0,0,0,2,2,0,11,2,7,41.80939817,-87.62275732
0,361537,-1,30,1,2,0,1,10,5,2,0,0,0,0,-1,-1,-1,18,-1,2211,-1,-1,-1,-1,-1,-1,3,0,0,0,0,0,3,0,11,2,7,41.69456606,-87.7007798
1,361522,-1,30,0,0,0,1,0,3,4,0,0,0,1,1,-1,-1,17,17,2223,-1,-1,-1,-1,-1,-1,2,3,0,0,0,3,0,0,11,2,7,41.73580876,-87.6401092
0,361549,-1,30,1,2,0,1,10,2,-1,0,0,0,0,1,-1,-1,18,11,1912,-1,-1,-1,-1,-1,-1,2,0,0,0,0,0,2,0,10,2,7,41.95436521,-87.67148374
0,361535,-1,30,1,2,0,1,14,5,4,0,-1,-1,0,-1,-1,1,0,0,623,-1,-1,-1,-1,-1,-1,2,0,0,0,0,0,2,0,10,2,7,41.7562857,-87.63240666
0,361529,-1,30,0,0,0,1,7,5,-1,0,0,0,0,-1,-1,-1,0,-1,2534,-1,-1,-1,-1,-1,-1,2,0,0,0,0,0,2,0,10,2,7,41.90437368,-87.7360459
0,361542,-1,30,0,0,0,1,10,5,2,0,0,0,0,-1,-1,1,18,-1,512,-1,-1,-1,-1,-1,-1,2,0,0,0,0,0,5,0,10,2,7,41.70726697,-87.60970486
0,361510,-1,30,0,0,0,1,12,12,-1,0,0,0,0,-1,-1,-1,11,0,123,-1,-1,-1,-1,-1,-1,2,0,0,0,0,0,2,0,10,2,7,41.87464558,-87.6305315
0,361503,-1,30,0,0,0,1,14,1,-1,0,0,0,0,-1,-1,-1,0,0,1921,-1,-1,-1,-1,-1,-1,2,0,0,0,0,0,2,0,10,2,7,41.93965059,-87.68092921
1,361486,-1,30,0,0,0,1,10,2,2,0,0,0,1,-1,-1,-1,20,-1,1233,-1,-1,-1,-1,-1,-1,2,2,0,0,0,2,1,0,10,2,7,41.86144457,-87.66000432
0,361516,-1,25,0,0,0,1,7,6,1,0,0,0,1,-1,-1,1,0,0,1724,-1,-1,-1,-1,-1,-1,2,0,0,0,0,0,1,0,10,2,7,41.95999917,-87.70194979
0,362130,-1,30,2,2,0,1,14,2,2,0,0,0,0,1,-1,-1,18,18,1921,-1,-1,-1,-1,-1,-1,2,0,0,0,0,0,2,0,10,2,7,41.93965438,-87.68066092
0,361489,-1,30,0,0,0,1,12,6,-1,0,0,0,0,-1,-1,-1,11,-1,1651,-1,-1,-1,-1,-1,-1,2,0,0,0,0,0,2,0,10,2,7,-1,-1
0,361465,-1,30,1,2,0,1,10,5,2,0,0,0,1,1,-1,-1,16,16,1722,-1,-1,-1,-1,-1,-1,2,0,0,0,0,0,2,0,10,2,7,41.96093771,-87.73849688
0,361552,-1,30,1,2,0,1,8,5,2,0,0,0,0,-1,-1,0,21,4,1214,-1,-1,-1,-1,-1,-1,2,0,0,0,0,0,2,0,10,2,7,41.88915779,-87.63998599
0,361477,-1,20,0,0,0,2,7,5,2,2,0,0,1,-1,-1,-1,13,0,811,-1,-1,-1,-1,-1,-1,2,0,0,0,0,0,1,0,10,2,7,41.79581421,-87.79039656
0,361470,-1,40,0,0,0,1,10,5,2,0,0,0,1,-1,-1,-1,18,16,1922,-1,-1,-1,-1,-1,-1,2,0,0,0,0,0,2,0,10,2,7,41.94675737,-87.67835371
0,364793,-1,35,0,0,-1,1,7,7,-1,0,-1,-1,0,-1,-1,1,-1,-1,1713,-1,-1,-1,-1,-1,-1,2,0,0,0,0,0,1,0,10,2,7,41.96835263,-87.70786265
0,361609,-1,25,0,0,0,1,7,5,2,0,0,0,0,-1,-1,-1,33,-1,1234,-1,-1,-1,-1,-1,-1,2,0,0,0,0,0,1,0,10,2,7,41.85685108,-87.68317868
0,361438,-1,25,1,2,0,1,10,5,-1,0,0,0,0,-1,-1,1,15,-1,1033,-1,-1,-1,-1,-1,-1,2,0,0,0,0,0,2,0,9,2,7,41.83727705,-87.69517225
0,362450,-1,30,0,0,0,1,7,6,1,0,0,0,0,-1,-1,1,23,25,1622,-1,-1,-1,-1,-1,-1,2,0,0,0,0,0,1,0,9,2,7,41.96685312,-87.77711399
0,361606,-1,30,0,0,0,1,12,2,4,0,0,0,0,-1,-1,1,17,17,131,-1,-1,-1,-1,-1,-1,2,0,0,0,0,0,2,0,9,2,7,41.85546904,-87.63030542
0,361526,-1,30,0,0,0,1,7,12,0,0,0,0,0,-1,-1,-1,0,-1,714,-1,-1,-1,-1,-1,-1,2,0,0,0,0,0,1,0,9,2,7,41.78394683,-87.66781909
0,361431,-1,25,0,0,0,1,7,6,1,0,0,0,0,-1,-1,1,0,0,1614,-1,-1,-1,-1,-1,-1,3,0,0,0,0,0,1,0,9,2,7,41.98003126,-87.84070236
0,361415,-1,30,0,0,0,1,11,7,-1,0,0,0,0,-1,-1,-1,0,0,2011,-1,-1,-1,-1,-1,-1,2,0,0,0,0,0,3,0,9,2,7,41.97941038,-87.69099601
0,361439,1,30,1,2,0,1,12,6,-1,0,0,0,0,-1,-1,-1,0,0,122,-1,-1,-1,-1,-1,-1,2,0,0,0,0,0,2,0,9,2,7,41.88332028,-87.63398886
0,361475,-1,30,1,2,0,1,14,5,4,0,0,0,0,1,-1,-1,23,21,1213,-1,-1,-1,-1,-1,-1,2,0,0,0,0,0,2,0,9,2,7,41.8962188,-87.6556039
0,361426,-1,10,0,0,0,1,7,2,-1,0,0,0,0,-1,-1,1,0,-1,1233,-1,-1,-1,-1,-1,-1,2,0,0,0,0,0,1,0,9,2,7,41.86625418,-87.66652414
3,361414,-1,35,2,2,0,1,9,2,-1,0,0,0,1,1,-1,-1,17,-1,131,-1,-1,-1,-1,-1,-1,2,1,0,1,0,0,3,0,9,2,7,41.86293533,-87.62558203
0,361424,-1,5,0,0,0,1,7,7,-1,0,0,0,0,-1,-1,-1,16,-1,1424,-1,-1,-1,-1,-1,-1,2,0,0,0,0,0,1,0,9,2,7,41.90760945,-87.68700187
2,372938,-1,30,0,0,0,1,8,5,-1,0,0,0,1,-1,-1,-1,17,16,1414,-1,-1,-1,-1,-1,-1,2,1,0,0,1,0,1,0,9,2,7,41.92339507,-87.69837902
0,361546,1,10,0,0,-1,-1,2,0,-1,0,-1,0,0,-1,1,1,0,-1,232,-1,-1,-1,-1,-1,-1,1,0,0,0,0,0,1,0,9,2,7,41.78801517,-87.61920206
0,361408,-1,25,0,0,0,1,14,5,1,0,0,0,0,-1,-1,-1,-1,-1,821,-1,-1,-1,-1,-1,-1,2,0,0,0,0,0,2,0,9,2,7,41.8041818,-87.71740699
0,361474,-1,30,0,0,0,1,0,12,2,0,0,0,0,-1,1,-1,17,-1,821,-1,-1,-1,-1,-1,-1,2,0,0,0,0,0,2,0,8,2,7,41.81049232,-87.71138115
0,361364,1,25,1,3,0,1,12,3,-1,0,0,0,0,1,-1,-1,-1,-1,2533,-1,-1,-1,-1,-1,-1,2,0,0,0,0,0,2,0,8,2,7,41.91386831,-87.74551594
0,431329,-1,30,0,0,0,1,0,6,1,0,0,0,0,-1,-1,-1,20,27,1614,-1,-1,-1,-1,-1,-1,2,0,0,0,0,0,1,0,8,2,7,41.98020843,-87.84163973
0,361329,-1,30,0,0,0,1,0,6,1,0,0,0,0,-1,-1,-1,20,27,1614,-1,-1,-1,-1,-1,-1,2,0,0,0,0,0,1,0,8,2,7,41.98020843,-87.84163973
0,361784,-1,30,0,0,0,0,7,5,-1,0,0,0,0,-1,-1,1,0,-1,835,-1,-1,-1,-1,-1,-1,2,0,0,0,0,0,1,0,8,2,7,41.75095397,-87.70500506
0,361531,-1,20,0,0,0,1,7,6,1,0,0,0,0,-1,-1,1,0,0,1021,-1,-1,-1,-1,-1,-1,2,0,0,0,0,0,1,0,8,2,7,41.86060905,-87.71418164
0,361391,-1,30,0,0,0,1,7,6,1,0,0,0,0,-1,-1,1,0,0,1524,-1,-1,-1,-1,-1,-1,2,0,0,0,0,0,2,0,8,2,7,41.89265968,-87.75911004
0,361376,-1,40,1,2,0,1,10,6,2,0,0,0,0,-1,-1,-1,18,-1,331,-1,-1,-1,-1,-1,-1,2,0,0,0,0,0,2,0,8,2,7,41.79186813,-87.58032531
0,361350,-1,30,0,0,0,1,7,5,2,0,0,0,1,-1,-1,-1,0,0,1712,-1,-1,-1,-1,-1,-1,2,0,0,0,0,0,1,0,8,2,7,41.9829865,-87.70872007
2,361336,-1,30,1,2,0,1,14,2,6,0,0,0,1,1,-1,-1,17,17,1034,-1,-1,-1,-1,-1,-1,2,1,0,0,1,0,1,0,8,2,7,41.83824321,-87.69071737
0,361332,-1,30,2,2,0,1,0,5,-1,0,0,0,0,1,-1,-1,17,17,2522,-1,-1,-1,-1,-1,-1,2,0,0,0,0,0,2,0,8,2,7,41.92428577,-87.73417694
0,361348,-1,30,0,-1,0,0,2,3,4,0,0,0,0,-1,-1,-1,16,21,114,-1,-1,-1,-1,-1,-1,3,0,0,0,0,0,3,0,8,2,7,41.88450926,-87.62255652
3,361343,-1,40,1,2,0,1,9,2,10,0,0,0,1,-1,-1,0,0,-1,114,-1,-1,-1,-1,-1,-1,2,1,0,1,0,0,1,0,8,2,7,41.87576151,-87.61699209
0,361373,-1,25,0,0,0,1,10,5,4,0,0,0,0,-1,-1,1,18,14,1034,-1,-1,-1,-1,-1,-1,2,0,0,0,0,0,2,0,8,2,7,41.84276567,-87.67545191
0,362058,-1,45,0,0,0,1,10,3,-1,0,0,0,0,-1,-1,-1,0,0,114,-1,-1,-1,-1,-1,-1,2,0,0,0,0,0,2,0,8,2,7,41.87785197,-87.6175651
0,361548,-1,30,0,0,0,1,7,2,-1,0,0,0,0,-1,-1,1,16,16,1711,-1,-1,-1,-1,-1,-1,2,0,0,0,0,0,2,0,8,2,7,41.98585811,-87.7095251
2,361394,-1,30,0,0,0,1,7,5,-1,0,0,0,1,-1,-1,-1,11,11,613,-1,-1,-1,-1,-1,-1,2,1,0,0,1,0,0,0,8,2,7,41.73731172,-87.6580952
0,361367,-1,30,2,2,0,1,0,5,2,0,0,0,1,1,-1,-1,0,0,1524,-1,-1,-1,-1,-1,-1,2,0,0,0,0,0,2,0,8,2,7,41.8986219,-87.76378804
0,361358,-1,30,0,0,0,1,7,2,2,0,0,0,0,-1,-1,-1,-1,0,734,-1,-1,-1,-1,-1,-1,2,0,0,0,0,0,1,0,8,2,7,41.76854317,-87.65694804
0,361316,-1,30,1,2,0,1,12,5,2,0,0,-1,0,-1,-1,-1,21,17,1831,-1,-1,-1,-1,-1,-1,2,0,0,0,0,0,2,0,8,2,7,41.89150948,-87.63971941
2,361309,-1,30,1,2,0,1,10,3,4,0,0,0,1,-1,-1,-1,18,27,1614,-1,-1,-1,-1,-1,-1,2,1,0,0,1,0,1,0,8,2,7,41.98108726,-87.84658143
0,362486,1,30,0,0,0,1,7,6,1,0,0,0,0,-1,-1,1,0,0,1413,-1,-1,-1,-1,-1,-1,2,0,0,0,0,0,1,0,8,2,7,41.92289121,-87.71627906
0,361905,-1,30,0,0,-1,-1,7,6,-1,0,-1,-1,0,-1,-1,1,0,-1,912,-1,-1,-1,-1,-1,-1,2,0,0,0,0,0,1,0,8,2,7,41.83076732,-87.68002948
0,361571,1,30,2,2,0,1,0,2,-1,0,0,0,0,-1,-1,-1,17,0,1034,-1,-1,-1,-1,-1,-1,2,0,0,0,0,0,2,0,8,2,7,41.85209324,-87.67814492
0,361464,-1,30,0,0,-1,-1,7,6,-1,0,0,0,0,-1,-1,1,0,0,824,-1,-1,-1,-1,-1,-1,2,0,0,0,0,0,1,0,8,2,7,41.78714305,-87.68521981
0,361333,-1,35,1,2,0,1,14,5,-1,0,0,0,0,-1,-1,-1,-1,-1,822,-1,-1,-1,-1,-1,-1,2,0,0,0,0,0,2,0,8,2,7,41.7858939,-87.72281335
3,361288,-1,30,1,2,0,1,14,2,2,0,0,0,1,1,-1,-1,17,-1,1115,1,1,-1,-1,-1,-1,2,1,0,1,0,0,1,0,8,2,7,41.87719441,-87.72574742
0,361312,-1,30,0,0,0,1,12,12,-1,0,0,0,0,-1,-1,-1,11,0,123,-1,-1,-1,-1,-1,-1,2,0,0,0,0,0,2,0,7,2,7,41.87242765,-87.63076274
0,361300,-1,30,0,0,0,1,10,6,-1,0,0,0,0,-1,-1,-1,18,-1,1653,-1,-1,-1,-1,-1,-1,2,0,0,0,0,0,2,0,7,2,7,-1,-1
0,361282,-1,30,1,2,0,1,10,5,-1,0,0,0,0,1,-1,-1,18,0,1732,-1,-1,-1,-1,-1,-1,2,0,0,0,0,0,2,0,7,2,7,41.95351,-87.73033911
0,361297,-1,30,1,2,0,1,14,1,4,0,0,0,0,-1,-1,-1,23,22,1833,-1,-1,-1,-1,-1,-1,2,0,0,0,0,0,2,0,7,2,7,41.89689838,-87.62020755
0,361720,-1,10,0,0,0,1,10,7,-1,0,-1,-1,0,-1,1,-1,18,-1,933,-1,-1,-1,-1,-1,-1,2,0,0,0,0,0,2,0,7,2,7,41.80874476,-87.64655347
0,361695,-1,30,0,0,0,1,7,7,1,0,0,0,0,-1,-1,-1,-1,-1,211,-1,-1,-1,-1,-1,-1,2,0,0,0,0,0,1,0,7,2,7,41.83648775,-87.6170084
0,368935,-1,30,0,0,-1,1,7,6,-1,0,-1,-1,0,-1,-1,1,0,0,1422,-1,-1,-1,-1,-1,-1,2,0,0,0,0,0,1,0,7,2,7,41.9045504,-87.70734749
0,361732,-1,30,0,0,0,1,7,5,-1,0,0,0,0,-1,-1,1,-1,-1,2534,1,-1,-1,-1,-1,-1,2,0,0,0,0,0,1,0,7,2,7,41.91650401,-87.73616669
0,361407,-1,45,0,0,0,1,5,5,-1,0,0,1,0,-1,-1,-1,29,29,2022,-1,-1,-1,-1,-1,-1,1,0,0,0,0,0,1,0,7,2,7,41.98559489,-87.65354218
0,363070,1,30,0,0,-1,-1,7,6,1,0,-1,0,0,-1,-1,1,0,0,2515,-1,-1,-1,-1,-1,-1,2,0,0,0,0,0,1,0,7,2,7,41.92754891,-87.7637181
0,363284,1,30,0,0,-1,-1,7,3,4,0,-1,-1,0,-1,-1,1,0,0,1912,-1,-1,-1,-1,-1,-1,2,0,0,0,0,0,1,0,7,2,7,41.96230674,-87.66913081
0,361270,-1,30,0,0,0,1,14,5,2,0,0,0,1,-1,-1,-1,22,21,124,-1,-1,-1,-1,-1,-1,2,0,0,0,0,0,2,0,7,2,7,41.87430104,-87.63908212
0,362725,1,30,1,2,0,1,10,5,6,0,0,0,0,-1,-1,1,18,0,911,-1,-1,-1,-1,-1,-1,2,0,0,0,0,0,2,0,6,2,7,41.83218261,-87.69473004
0,361241,-1,30,1,2,0,1,12,8,4,0,0,0,0,1,-1,1,0,0,1411,-1,-1,-1,-1,-1,-1,2,0,0,0,0,0,3,0,6,2,7,41.93198631,-87.69707803
0,361235,-1,25,0,0,0,1,12,5,2,0,0,0,0,-1,-1,-1,0,0,823,-1,-1,-1,-1,-1,-1,2,0,0,0,0,0,2,0,6,2,7,41.77855525,-87.72217792
0,361276,1,20,0,0,-1,-1,7,6,-1,0,-1,0,0,-1,-1,1,0,0,212,-1,-1,-1,-1,-1,-1,2,0,0,0,0,0,1,0,6,2,7,41.82465553,-87.61716053
0,361250,-1,30,1,2,0,1,14,5,2,0,0,0,1,-1,-1,-1,0,16,2022,-1,-1,-1,-1,-1,-1,2,0,0,0,0,0,2,0,6,2,7,41.9856411,-87.65538854
1,361225,-1,40,1,2,0,1,10,2,-1,0,0,0,1,-1,-1,-1,0,-1,815,-1,-1,-1,-1,-1,-1,2,1,0,0,0,1,1,0,6,2,7,41.81814146,-87.72408891
0,361237,-1,25,0,0,0,1,5,5,-1,0,0,0,0,-1,-1,-1,11,-1,1231,-1,-1,-1,-1,-1,-1,1,0,0,0,0,0,1,0,6,2,7,41.87092515,-87.67161711
0,361244,-1,30,1,0,0,1,10,6,5,3,0,0,0,-1,-1,-1,18,-1,813,-1,-1,-1,-1,-1,-1,2,0,0,0,0,0,2,0,6,2,7,41.78932932,-87.74164564
0,361232,-1,25,1,2,0,1,12,12,-1,0,0,-1,0,-1,-1,-1,0,0,911,-1,-1,-1,-1,-1,-1,2,0,0,0,0,0,2,0,5,2,7,41.83065122,-87.7047846
0,361965,-1,35,0,0,0,1,7,5,-1,0,0,0,0,-1,-1,1,0,-1,1622,-1,-1,-1,-1,-1,-1,2,0,0,0,0,0,1,0,5,2,7,41.96174858,-87.76742937
1,361209,-1,30,1,2,0,3,0,3,3,0,0,0,1,1,-1,-1,6,-1,122,-1,-1,-1,-1,-1,-1,3,1,0,0,0,1,3,0,5,2,7,41.88331025,-87.63710149
0,362304,-1,30,0,0,0,1,14,6,-1,0,0,0,0,-1,-1,1,-1,-1,122,-1,-1,-1,-1,-1,-1,2,0,0,0,0,0,2,0,5,2,7,41.88457966,-87.63375683
2,361198,-1,30,2,2,0,3,0,5,2,0,0,0,1,-1,-1,1,17,14,621,-1,-1,-1,-1,-1,-1,2,1,0,0,1,0,1,0,4,2,7,41.75597358,-87.6467516
0,362188,-1,30,0,0,0,0,7,6,-1,0,0,0,1,-1,-1,1,-1,-1,323,-1,-1,-1,-1,-1,-1,2,0,0,0,0,0,1,0,4,2,7,41.75888475,-87.60158502
0,361320,-1,25,0,0,0,0,7,5,-1,0,0,0,0,-1,-1,1,0,0,2514,-1,-1,-1,-1,-1,-1,4,0,0,0,0,0,1,0,4,2,7,41.93509006,-87.76217265
0,361197,-1,30,0,0,0,3,10,2,5,0,0,-1,0,-1,-1,-1,0,-1,1235,-1,-1,-1,-1,-1,-1,2,0,0,0,0,0,2,0,4,2,7,41.84534182,-87.66573932
2,363008,-1,30,0,0,0,1,14,12,6,3,0,0,1,-1,-1,-1,23,-1,1814,-1,-1,-1,-1,-1,-1,2,1,0,0,1,0,1,0,3,2,7,41.91286442,-87.63329265
2,361188,-1,30,1,2,0,3,14,6,2,0,0,0,1,1,-1,-1,25,-1,122,-1,-1,-1,-1,-1,-1,2,4,0,0,4,0,4,0,3,2,7,41.88678806,-87.63114739
3,361149,-1,30,1,2,0,3,14,5,4,2,0,0,1,1,-1,-1,0,0,124,-1,-1,-1,-1,-1,-1,2,5,0,1,3,1,3,0,1,2,7,41.8695874,-87.64366396
2,361144,-1,25,2,2,0,0,2,5,-1,2,0,0,1,1,-1,-1,12,0,611,-1,-1,-1,-1,-1,-1,1,1,0,0,1,0,0,0,1,2,7,41.75228736,-87.67690974
0,361139,-1,30,0,0,0,3,12,3,4,0,0,0,0,-1,-1,1,0,0,332,-1,-1,-1,-1,-1,-1,2,0,0,0,0,0,3,0,1,2,7,41.76964982,-87.58638311
3,361104,-1,35,0,0,0,3,4,3,6,3,0,1,1,-1,-1,-1,11,-1,331,-1,-1,-1,-1,-1,-1,1,1,0,1,0,0,0,0,0,2,7,41.78900854,-87.57785385
0,361079,-1,30,0,0,0,3,12,6,-1,0,0,-1,0,-1,-1,-1,16,-1,1712,-1,-1,-1,-1,-1,-1,2,0,0,0,0,0,5,0,0,2,7,41.9705765,-87.71601426
0,361747,1,30,0,0,0,3,2,5,4,0,0,0,0,-1,1,1,0,0,815,-1,-1,-1,-1,-1,-1,1,0,0,0,0,0,1,0,0,2,7,41.80069323,-87.72919739
0,361397,-1,30,0,0,0,-1,7,5,2,0,0,0,0,-1,-1,-1,0,-1,215,-1,-1,-1,-1,-1,-1,2,0,0,0,0,0,1,0,0,2,7,41.80993557,-87.61946258
0,361093,-1,30,2,2,0,3,0,5,2,0,0,0,1,1,-1,1,5,-1,1235,-1,-1,-1,-1,-1,-1,2,0,0,0,0,0,5,0,0,2,7,41.85601797,-87.66111929
0,361119,-1,35,0,0,0,3,2,6,1,0,0,0,0,-1,-1,0,10,16,513,-1,-1,-1,-1,-1,-1,1,0,0,0,0,0,3,0,23,1,7,41.69691876,-87.6323855
0,361086,-1,30,3,2,0,3,12,3,4,0,0,0,1,-1,1,-1,14,11,924,-1,-1,-1,-1,-1,-1,2,0,0,0,0,0,2,0,23,1,7,41.81683827,-87.6650225