MOST_SEVERE_INJURY,RD_NO,CRASH_DATE_EST_I,POSTED_SPEED_LIMIT,TRAFFIC_CONTROL_DEVICE,DEVICE_CONDITION,WEATHER_CONDITION,LIGHTING_CONDITION,FIRST_CRASH_TYPE,TRAFFICWAY_TYPE,LANE_CNT,ALIGNMENT,ROADWAY_SURFACE_COND,ROAD_DEFECT,CRASH_TYPE,INTERSECTION_RELATED_I,NOT_RIGHT_OF_WAY_I,HIT_AND_RUN_I,PRIM_CONTRIBUTORY_CAUSE,SEC_CONTRIBUTORY_CAUSE,BEAT_OF_OCCURRENCE,PHOTOS_TAKEN_I,STATEMENTS_TAKEN_I,DOORING_I,WORK_ZONE_I,WORK_ZONE_TYPE,WORKERS_PRESENT_I,NUM_UNITS,INJURIES_TOTAL,INJURIES_FATAL,INJURIES_INCAPACITATING,INJURIES_NON_INCAPACITATING,INJURIES_REPORTED_NOT_EVIDENT,INJURIES_NO_INDICATION,INJURIES_UNKNOWN,CRASH_HOUR,CRASH_DAY_OF_WEEK,CRASH_MONTH,LATITUDE,LONGITUDE
0,361101,-1,15,0,0,0,3,5,0,1,0,0,0,0,-1,1,-1,0,-1,513,-1,-1,-1,-1,-1,-1,1,0,0,0,0,0,2,0,23,1,7,41.69702472,-87.62379691
0,361071,-1,30,0,0,0,3,7,5,-1,0,0,0,0,-1,-1,-1,0,11,834,-1,-1,-1,-1,-1,-1,2,0,0,0,0,0,1,0,23,1,7,41.74503792,-87.72943342
0,361061,-1,30,2,2,0,3,0,5,2,0,0,0,0,1,-1,-1,17,0,932,-1,-1,-1,-1,-1,-1,2,0,0,0,0,0,2,0,23,1,7,41.80119251,-87.66857064
0,361091,-1,25,-1,-1,-1,3,10,5,-1,0,-1,-1,0,-1,-1,-1,18,16,2413,-1,-1,-1,-1,-1,-1,2,0,0,0,0,0,2,0,23,1,7,41.99762149,-87.68981744
2,361069,-1,30,-1,2,1,3,2,2,-1,0,0,0,1,-1,-1,-1,27,0,312,-1,-1,-1,-1,-1,-1,1,2,0,0,2,0,0,0,23,1,7,41.77731361,-87.62510076
0,361306,-1,30,1,2,-1,-1,10,2,-1,0,-1,-1,0,-1,-1,-1,0,0,613,-1,-1,-1,-1,-1,-1,2,0,0,0,0,0,4,0,23,1,7,41.74332448,-87.65360488
0,361063,-1,50,-1,-1,0,0,7,5,-1,0,0,-1,0,-1,-1,-1,14,-1,1034,-1,-1,-1,-1,-1,-1,2,0,0,0,0,0,1,0,23,1,7,41.84541197,-87.68560947
0,361052,-1,30,1,2,0,3,12,2,-1,0,0,0,0,-1,-1,-1,22,22,1611,-1,-1,-1,-1,-1,-1,2,0,0,0,0,0,6,0,22,1,7,41.99009768,-87.78774843
0,361029,-1,25,0,0,0,3,2,5,2,0,0,0,0,-1,-1,-1,-1,0,2213,-1,-1,-1,-1,-1,-1,1,0,0,0,0,0,1,0,22,1,7,41.71143426,-87.66034756
0,362140,-1,30,0,0,0,0,12,5,2,0,0,0,0,-1,-1,-1,22,-1,1612,-1,-1,-1,-1,-1,-1,2,0,0,0,0,0,2,0,21,1,7,41.98499182,-87.7878489
0,361834,-1,30,2,2,0,3,14,12,0,0,0,0,0,1,-1,-1,0,0,1235,-1,-1,-1,-1,-1,-1,2,0,0,0,0,0,2,0,21,1,7,41.85798579,-87.65171376
0,361004,-1,30,0,0,1,3,7,5,4,0,0,0,0,-1,-1,-1,11,0,114,-1,-1,-1,-1,-1,-1,2,0,0,0,0,0,1,0,21,1,7,41.87470772,-87.62073562
0,360992,-1,30,0,0,0,3,7,6,1,0,0,0,0,-1,-1,1,0,0,2023,-1,-1,-1,-1,-1,-1,2,0,0,0,0,0,1,0,21,1,7,41.98136947,-87.65640555
0,360991,-1,30,1,2,0,3,10,5,2,0,0,0,0,-1,-1,-1,6,18,1812,-1,-1,-1,-1,-1,-1,2,0,0,0,0,0,2,0,21,1,7,-1,-1
0,360987,-1,30,1,2,0,0,12,5,4,2,0,0,0,-1,-1,-1,21,0,2413,-1,-1,-1,-1,-1,-1,2,0,0,0,0,0,3,0,21,1,7,41.9905024,-87.70803832
0,360975,-1,30,0,0,0,3,12,5,4,0,0,-1,0,-1,-1,-1,22,16,1411,-1,-1,-1,-1,-1,-1,2,0,0,0,0,0,4,0,21,1,7,41.93206779,-87.68793971
0,362019,-1,30,0,0,0,4,14,5,-1,0,0,0,0,-1,-1,-1,-1,-1,822,-1,-1,-1,-1,-1,-1,2,0,0,0,0,0,4,0,21,1,7,41.79322913,-87.71840616
0,361736,-1,30,0,0,0,3,7,5,-1,0,0,0,0,-1,-1,1,0,-1,1622,-1,-1,-1,-1,-1,-1,2,0,0,0,0,0,1,0,21,1,7,41.9607858,-87.77688809
0,361562,-1,30,2,2,4,0,14,5,4,0,-1,-1,0,-1,-1,1,0,0,611,-1,-1,-1,-1,-1,-1,2,0,0,0,0,0,2,0,21,1,7,41.74680302,-87.66487325
2,360950,-1,30,1,3,0,3,3,2,4,0,0,0,1,1,-1,-1,6,-1,2533,-1,-1,-1,-1,-1,-1,2,1,0,0,1,0,1,0,20,1,7,41.90969418,-87.74929565
0,360966,-1,30,0,0,0,3,14,5,-1,0,0,0,1,-1,-1,1,22,-1,533,-1,-1,-1,-1,-1,-1,2,0,0,0,0,0,2,0,20,1,7,41.64471877,-87.60480993
0,360944,-1,30,2,2,0,2,8,6,-1,0,0,0,0,1,-1,-1,0,0,813,-1,-1,-1,-1,-1,-1,2,0,0,0,0,0,2,0,20,1,7,41.78942094,-87.72932337
0,360972,-1,10,0,0,1,4,7,7,2,0,0,0,0,-1,-1,-1,20,20,631,-1,-1,-1,-1,-1,-1,2,0,0,0,0,0,1,0,20,1,7,41.74434703,-87.60489773
2,360918,-1,30,0,0,0,3,8,6,-1,0,0,0,1,-1,-1,-1,0,0,1021,-1,-1,-1,-1,-1,-1,2,1,0,0,1,0,1,0,20,1,7,41.85632165,-87.7113289
0,360939,-1,30,0,0,0,4,7,6,1,0,0,0,0,-1,-1,1,22,22,512,-1,-1,-1,-1,-1,-1,2,0,0,0,0,0,1,0,20,1,7,41.70723923,-87.61269333
1,360925,-1,30,1,2,0,3,10,5,4,0,0,0,1,0,-1,1,16,18,1932,-1,-1,-1,-1,-1,-1,2,1,0,0,0,1,3,0,20,1,7,41.93750803,-87.66843642
0,360907,-1,30,0,0,0,3,10,5,4,0,0,0,0,-1,-1,1,22,0,1232,-1,-1,-1,-1,-1,-1,2,0,0,0,0,0,4,0,20,1,7,41.86706288,-87.64706395
0,361853,-1,10,0,0,0,4,7,7,-1,0,0,-1,0,-1,-1,-1,0,-1,2412,-1,-1,-1,-1,-1,-1,2,0,0,0,0,0,1,0,20,1,7,42.00222338,-87.68012883
0,360942,-1,30,2,2,0,4,10,5,2,0,0,0,0,-1,-1,-1,16,-1,813,-1,-1,-1,-1,-1,-1,2,0,0,0,0,0,2,0,20,1,7,41.78598228,-87.7291376
0,360909,-1,30,-1,-1,0,1,7,5,-1,0,0,0,0,-1,-1,1,17,-1,2512,-1,-1,-1,-1,-1,-1,2,0,0,0,0,0,3,0,20,1,7,41.92244236,-87.78525782
0,360914,-1,30,0,0,0,1,14,5,-1,0,0,0,1,-1,-1,-1,16,0,1822,-1,-1,-1,-1,-1,-1,3,0,0,0,0,0,2,0,19,1,7,41.90414372,-87.65475089
0,360877,-1,30,0,0,0,1,10,2,2,0,0,0,0,-1,-1,-1,18,16,1533,-1,-1,-1,-1,-1,-1,2,0,0,0,0,0,2,0,19,1,7,41.87200976,-87.75462394
0,360864,-1,30,0,0,0,1,7,5,-1,0,0,0,0,-1,-1,1,0,-1,1821,-1,-1,-1,-1,-1,-1,2,0,0,0,0,0,1,0,19,1,7,41.90885738,-87.63770446
0,360865,-1,30,0,0,0,1,14,5,-1,0,0,0,0,-1,-1,-1,-1,-1,1724,-1,-1,-1,-1,-1,-1,2,0,0,0,0,0,2,0,19,1,7,41.9579834,-87.70799592
0,363909,-1,30,-1,-1,-1,-1,5,2,2,0,-1,4,1,-1,-1,-1,28,0,2533,-1,-1,-1,-1,-1,-1,1,0,0,0,0,0,2,0,19,1,7,41.90608046,-87.74589088
0,360859,-1,30,1,2,0,4,10,5,2,0,0,0,0,-1,-1,1,16,-1,1822,-1,-1,-1,-1,-1,-1,2,0,0,0,0,0,4,0,19,1,7,41.90643703,-87.64801183
0,360838,-1,30,0,0,0,1,11,5,-1,0,0,0,0,-1,-1,-1,0,-1,1824,-1,-1,-1,-1,-1,-1,2,0,0,0,0,0,2,0,19,1,7,41.9058631,-87.62889163
0,369558,-1,20,0,0,0,1,7,6,1,0,0,0,0,-1,-1,-1,20,0,2012,-1,-1,-1,-1,-1,-1,2,0,0,0,0,0,1,0,19,1,7,41.98623081,-87.67454136
0,361501,-1,30,0,0,0,1,7,7,2,0,0,0,0,-1,-1,1,17,17,212,-1,-1,-1,-1,-1,-1,2,0,0,0,0,0,1,0,19,1,7,41.8276382,-87.60893963
0,361323,1,35,1,2,0,3,2,2,4,0,1,0,0,-1,1,1,0,-1,2535,-1,-1,-1,-1,-1,-1,1,0,0,0,0,0,1,0,19,1,7,41.90987944,-87.7170986
0,360883,-1,30,0,0,0,1,5,5,-1,0,0,0,0,-1,-1,-1,11,25,511,-1,-1,-1,-1,-1,-1,2,0,0,0,0,0,1,0,19,1,7,41.70878902,-87.63140992
0,360847,-1,25,0,0,0,1,7,6,-1,0,0,1,1,-1,-1,-1,11,25,2432,-1,-1,-1,-1,-1,-1,2,0,0,0,0,0,1,0,18,1,7,42.00439025,-87.66301635
0,360893,-1,30,0,0,0,1,2,5,2,0,0,0,0,-1,-1,-1,0,0,1222,-1,-1,-1,-1,-1,-1,1,0,0,0,0,0,1,0,18,1,7,41.88444998,-87.69398628
0,360871,-1,10,0,0,0,1,7,7,-1,0,0,0,0,-1,-1,1,0,0,914,-1,-1,-1,-1,-1,-1,2,0,0,0,0,0,1,0,18,1,7,41.8456065,-87.63388561
0,360837,-1,30,2,0,0,1,10,5,-1,0,0,0,0,-1,-1,-1,18,-1,2523,-1,-1,-1,-1,-1,-1,2,0,0,0,0,0,2,0,18,1,7,41.93769349,-87.72178166
0,360833,-1,30,2,2,0,1,10,6,1,0,0,0,0,0,-1,-1,20,-1,2524,-1,-1,-1,-1,-1,-1,2,0,0,0,0,0,3,0,18,1,7,41.92450065,-87.73304021
0,360852,-1,30,1,2,0,1,10,5,-1,0,0,0,0,-1,-1,-1,0,-1,1913,-1,-1,-1,-1,-1,-1,2,0,0,0,0,0,3,0,18,1,7,41.9671937,-87.65878434
2,360803,-1,30,2,0,0,1,0,5,2,0,0,0,1,1,-1,-1,0,0,1225,-1,-1,-1,-1,-1,-1,2,1,0,0,1,0,2,0,18,1,7,41.87515478,-87.67375588
0,360806,-1,30,0,0,0,1,10,6,-1,0,0,0,0,-1,-1,-1,0,-1,1933,-1,-1,-1,-1,-1,-1,2,0,0,0,0,0,6,0,18,1,7,41.93851994,-87.65785356
0,360834,-1,35,0,0,0,4,0,5,2,0,0,-1,0,-1,-1,1,17,-1,2424,-1,-1,-1,-1,-1,-1,2,0,0,0,0,0,3,0,18,1,7,42.00543029,-87.6738964
0,360819,-1,20,2,2,0,1,14,6,1,0,0,0,1,1,-1,1,5,-1,1111,-1,-1,-1,-1,-1,-1,2,0,0,0,0,0,4,0,18,1,7,41.89695248,-87.73830896
0,360822,-1,15,0,0,1,1,7,7,1,0,0,0,0,-1,-1,-1,11,0,511,-1,-1,-1,-1,-1,-1,2,0,0,0,0,0,2,0,18,1,7,41.72150568,-87.63180759
0,360761,-1,30,-1,-1,0,1,12,5,-1,0,-1,-1,0,1,-1,1,0,-1,2524,-1,-1,-1,-1,-1,-1,2,0,0,0,0,0,2,0,18,1,7,41.92459302,-87.72681927
0,360772,-1,30,1,2,0,1,12,6,-1,0,0,0,0,-1,-1,-1,21,-1,111,-1,-1,-1,-1,-1,-1,2,0,0,0,0,0,4,0,17,1,7,41.88459286,-87.62908952
2,360784,-1,30,0,0,0,1,10,6,3,0,1,-1,1,-1,-1,-1,16,-1,231,-1,-1,-1,-1,-1,-1,2,1,0,0,1,0,1,0,17,1,7,41.79428736,-87.62076163
0,360751,-1,30,0,0,0,1,10,6,-1,0,0,0,0,-1,-1,-1,8,-1,1933,-1,-1,-1,-1,-1,-1,2,0,0,0,0,0,2,0,17,1,7,41.93460211,-87.6516222
0,360757,-1,30,-1,2,0,1,14,2,4,0,0,0,0,-1,-1,1,32,32,1422,-1,-1,-1,-1,-1,-1,2,0,0,0,0,0,4,0,17,1,7,41.90997981,-87.70882568
0,360741,-1,30,1,2,0,1,10,2,4,0,0,0,0,1,-1,-1,18,-1,212,-1,-1,-1,-1,-1,-1,2,0,0,0,0,0,2,0,17,1,7,41.82394884,-87.61667242
0,371108,-1,30,1,2,0,1,14,5,0,0,0,0,0,1,-1,-1,23,17,1411,-1,-1,-1,-1,-1,-1,2,0,0,0,0,0,3,0,17,1,7,41.92866979,-87.68792224
0,360823,-1,30,-1,-1,0,1,12,5,-1,0,0,-1,0,1,-1,-1,0,-1,1512,-1,-1,-1,-1,-1,-1,2,0,0,0,0,0,2,0,17,1,7,41.88702605,-87.77473204
0,360735,1,35,0,0,0,1,10,6,4,0,0,0,0,-1,-1,-1,17,4,2234,-1,-1,-1,-1,-1,-1,2,0,0,0,0,0,2,0,17,1,7,41.67812041,-87.66263903
0,360734,1,30,0,0,0,1,7,5,-1,0,0,0,0,-1,-1,1,0,-1,2012,-1,-1,-1,-1,-1,-1,2,0,0,0,0,0,1,0,17,1,7,41.98005946,-87.66844179
0,360740,1,30,1,2,0,1,14,2,2,0,0,0,0,-1,-1,-1,23,0,1925,-1,-1,-1,-1,-1,-1,2,0,0,0,0,0,7,0,17,1,7,41.95457528,-87.64441473
0,360718,-1,25,2,-1,1,1,7,5,-1,0,0,0,0,-1,-1,1,0,-1,734,-1,1,-1,-1,-1,-1,2,0,0,0,0,0,1,0,17,1,7,41.76217075,-87.65711766
0,360780,-1,30,0,0,0,1,7,5,2,0,0,0,0,-1,-1,1,0,21,1434,-1,-1,-1,-1,-1,-1,2,0,0,0,0,0,1,0,17,1,7,41.91178638,-87.67764133
0,360769,-1,25,1,2,1,1,10,-1,-1,0,-1,-1,0,-1,-1,1,0,-1,1814,-1,-1,-1,-1,-1,-1,2,0,0,0,0,0,2,0,17,1,7,41.91122456,-87.62648257
0,368017,1,30,0,0,-1,-1,7,6,1,0,-1,0,0,-1,-1,1,0,0,913,-1,-1,-1,-1,-1,-1,2,0,0,0,0,0,1,0,17,1,7,41.84157651,-87.651328
0,367781,-1,30,0,0,0,1,14,5,2,0,0,0,0,-1,-1,0,17,-1,725,-1,-1,-1,-1,-1,-1,2,0,0,0,0,0,2,0,17,1,7,41.77390226,-87.66548048
0,361310,-1,20,0,0,0,3,7,6,-1,0,0,0,0,-1,-1,1,0,-1,2524,-1,-1,-1,-1,-1,-1,2,0,0,0,0,0,1,0,17,1,7,41.92644572,-87.72571339
0,360895,-1,35,1,2,0,1,10,5,-1,0,0,-1,0,-1,-1,1,18,14,235,-1,-1,-1,-1,-1,-1,2,0,0,0,0,0,3,0,17,1,7,41.79510594,-87.58770941
0,360715,-1,30,-1,-1,0,1,0,1,-1,0,0,0,0,-1,-1,-1,0,-1,311,-1,-1,-1,-1,-1,-1,2,0,0,0,0,0,2,0,17,1,7,41.78197998,-87.61581637
0,360699,-1,30,2,2,0,1,0,5,2,0,0,0,1,1,-1,-1,0,-1,921,-1,-1,-1,-1,-1,-1,2,0,0,0,0,0,2,0,16,1,7,41.82284692,-87.68602009
1,363499,-1,40,0,0,0,1,10,2,1,0,0,0,1,-1,-1,-1,0,-1,123,-1,-1,-1,-1,-1,-1,2,1,0,0,0,1,1,0,16,1,7,41.87546162,-87.63602735
0,360701,-1,10,0,0,0,1,7,7,1,0,-1,-1,0,-1,1,-1,0,0,223,-1,-1,-1,-1,-1,-1,2,0,0,0,0,0,3,0,16,1,7,41.80890166,-87.60669697
0,360686,-1,20,1,2,0,1,12,2,-1,3,0,0,0,1,-1,-1,21,11,2022,-1,-1,-1,-1,-1,-1,2,0,0,0,0,0,2,0,16,1,7,41.98546058,-87.65509723
2,360665,-1,30,2,2,0,1,10,5,2,0,0,0,1,1,-1,-1,18,16,2433,-1,-1,-1,-1,-1,-1,2,2,0,0,2,0,4,0,16,1,7,41.99213788,-87.67468013
0,360643,-1,30,0,0,0,1,12,2,2,0,1,0,1,-1,-1,-1,21,-1,132,-1,-1,-1,-1,-1,-1,2,0,0,0,0,0,2,0,16,1,7,41.85298027,-87.62239783
0,362129,-1,30,0,0,0,1,12,5,-1,0,0,0,0,-1,-1,-1,17,16,2512,-1,-1,-1,-1,-1,-1,2,0,0,0,0,0,2,0,16,1,7,41.9236355,-87.78102625
0,360670,-1,30,0,0,0,1,14,5,-1,0,0,0,0,-1,-1,1,21,0,1811,-1,-1,-1,-1,-1,-1,2,0,0,0,0,0,3,0,16,1,7,41.91427574,-87.65442049
0,360627,-1,30,1,2,1,1,10,5,2,0,0,0,0,-1,-1,-1,7,18,713,-1,-1,-1,-1,-1,-1,2,0,0,0,0,0,2,0,15,1,7,41.7795952,-87.66352113
2,360631,-1,30,0,0,0,1,8,1,5,0,0,0,1,-1,-1,-1,-1,-1,2533,-1,-1,0,-1,-1,-1,2,1,0,0,1,0,1,0,15,1,7,41.90984206,-87.73779797
0,360711,-1,30,0,0,0,1,7,7,-1,0,0,0,0,-1,1,-1,-1,-1,813,-1,-1,-1,-1,-1,-1,2,0,0,0,0,0,3,0,15,1,7,41.77791245,-87.72288789
0,360629,-1,30,0,0,0,1,10,5,2,0,0,0,0,-1,-1,-1,16,0,1733,-1,-1,-1,-1,-1,-1,2,0,0,0,0,0,2,0,15,1,7,41.94052992,-87.70019493
0,360676,-1,25,0,0,0,1,2,6,-1,0,0,0,0,-1,1,-1,0,0,1723,-1,-1,-1,-1,-1,-1,1,0,0,0,0,0,1,0,15,1,7,41.9677947,-87.71931182
0,360612,-1,35,0,0,0,1,0,5,4,0,0,0,1,-1,-1,-1,11,0,921,-1,-1,-1,-1,-1,-1,2,0,0,0,0,0,3,0,15,1,7,41.820096,-87.69421699
0,362079,-1,30,0,0,0,1,4,5,-1,0,0,0,0,-1,-1,-1,-1,-1,835,-1,-1,-1,-1,-1,-1,1,0,0,0,0,0,2,0,15,1,7,41.75022017,-87.68281769
0,360640,-1,30,0,0,0,1,0,5,-1,0,0,0,0,-1,-1,-1,0,0,912,-1,-1,-1,-1,-1,-1,2,0,0,0,0,0,2,0,15,1,7,41.82510249,-87.66787905
2,360630,-1,30,0,0,0,1,8,5,-1,0,0,0,1,-1,-1,-1,16,12,2511,-1,-1,-1,-1,-1,-1,4,1,0,0,1,0,1,0,15,1,7,41.93326639,-87.78561786
0,360624,-1,30,0,0,0,1,12,5,-1,0,-1,-1,0,-1,-1,-1,17,-1,912,-1,-1,-1,-1,-1,-1,2,0,0,0,0,0,2,0,15,1,7,41.83533622,-87.66583086
0,360616,-1,30,0,0,0,1,10,2,2,0,0,-1,0,-1,-1,1,0,0,614,-1,-1,-1,-1,-1,-1,2,0,0,0,0,0,2,0,15,1,7,41.73588515,-87.66414272
0,360586,1,30,0,0,0,1,7,7,0,0,0,0,0,-1,0,-1,32,-1,623,-1,-1,-1,-1,-1,-1,3,0,0,0,0,0,1,0,15,1,7,41.75089105,-87.62596851
0,360641,-1,30,2,2,0,1,0,5,-1,0,0,0,1,1,-1,-1,0,0,411,-1,-1,-1,-1,-1,-1,2,0,0,0,0,0,2,0,15,1,7,41.75869741,-87.58851301
2,360601,-1,30,0,0,0,1,9,5,2,0,0,0,1,-1,-1,-1,-1,-1,1911,-1,-1,-1,-1,-1,-1,2,1,0,0,1,0,2,0,15,1,7,41.9651075,-87.68608458
2,360584,-1,30,2,2,1,1,0,5,2,0,0,0,1,1,-1,-1,0,0,1523,-1,-1,-1,-1,-1,-1,2,1,0,0,1,0,3,0,15,1,7,41.88571429,-87.75540908
0,360572,-1,30,0,3,0,1,7,5,4,0,0,0,0,-1,-1,1,0,0,732,-1,-1,-1,-1,-1,-1,2,0,0,0,0,0,1,0,15,1,7,41.76449262,-87.64424718
0,368973,-1,30,0,0,0,1,2,3,5,0,0,0,0,-1,-1,-1,-1,-1,1834,-1,-1,-1,-1,-1,-1,1,0,0,0,0,0,1,0,15,1,7,41.89114707,-87.61437506
0,362013,-1,25,0,0,-1,1,7,6,1,0,0,0,0,-1,-1,1,0,0,414,-1,-1,-1,-1,-1,-1,2,0,0,0,0,0,1,0,15,1,7,41.75421315,-87.58352048
0,361389,-1,30,2,2,0,1,0,5,0,0,0,0,0,1,-1,-1,17,17,1622,-1,-1,-1,-1,-1,-1,2,0,0,0,0,0,2,0,15,1,7,41.96049291,-87.77350354
1,360743,-1,30,0,0,1,1,10,5,2,0,0,0,1,-1,-1,1,22,-1,622,-1,-1,-1,-1,-1,-1,2,2,0,0,0,2,3,0,15,1,7,41.74691717,-87.64036598
2,360618,-1,30,1,2,0,1,14,12,3,2,0,0,1,1,-1,1,23,16,2223,-1,-1,-1,-1,-1,-1,1,2,0,0,2,0,1,0,15,1,7,41.7158702,-87.64321014
0,360602,-1,30,1,2,0,1,10,2,2,0,0,0,0,-1,-1,-1,18,0,1733,-1,-1,-1,-1,-1,-1,2,0,0,0,0,0,3,0,15,1,7,41.94650275,-87.70937231
0,360569,-1,30,0,0,0,1,11,7,-1,0,1,0,0,-1,-1,-1,-1,-1,2533,-1,-1,-1,-1,-1,-1,2,0,0,0,0,0,6,0,15,1,7,41.91249519,-87.7363396
2,360565,-1,30,0,0,0,1,7,5,2,0,0,0,1,-1,-1,-1,0,-1,2212,-1,-1,-1,-1,-1,-1,2,1,0,0,1,0,0,0,14,1,7,41.69916784,-87.6799316
0,360566,-1,15,0,0,1,1,7,6,-1,0,1,0,0,-1,-1,-1,0,-1,2521,-1,-1,-1,-1,-1,-1,2,0,0,0,0,0,1,0,14,1,7,41.92620419,-87.73985182
0,360567,-1,20,1,2,0,1,14,2,-1,0,1,0,0,-1,-1,-1,18,18,1122,-1,-1,-1,-1,-1,-1,2,0,0,0,0,0,3,0,14,1,7,41.88184401,-87.72067165
1,360545,-1,30,0,0,1,1,14,5,-1,0,0,0,1,1,-1,-1,17,17,1621,-1,-1,-1,-1,-1,-1,2,1,0,0,0,1,2,0,14,1,7,41.97520177,-87.74920552
3,360552,-1,35,-1,-1,0,1,14,6,6,0,1,-1,1,1,-1,-1,16,-1,121,-1,-1,-1,-1,-1,-1,2,1,0,1,0,0,1,0,14,1,7,41.88329092,-87.63978476
0,361734,-1,30,0,0,0,1,10,7,-1,0,0,0,0,-1,1,-1,-1,-1,822,-1,-1,-1,-1,-1,-1,2,0,0,0,0,0,3,0,14,1,7,41.80072726,-87.70391022
0,361203,1,30,0,0,-1,-1,7,4,2,0,-1,0,0,-1,-1,1,0,0,132,-1,-1,-1,-1,-1,-1,2,0,0,0,0,0,1,0,14,1,7,41.85964842,-87.62066054
0,360542,-1,30,1,2,0,1,9,5,-1,0,0,0,0,1,-1,0,0,0,511,-1,-1,-1,-1,-1,-1,2,0,0,0,0,0,2,0,14,1,7,41.72156629,-87.62516952
0,360528,-1,10,0,0,0,1,0,7,1,0,0,-1,0,-1,1,-1,17,17,234,-1,-1,-1,-1,-1,-1,2,0,0,0,0,0,2,0,14,1,7,41.79957001,-87.59623911
0,360536,-1,30,0,0,1,1,10,5,2,0,0,0,1,-1,-1,-1,0,0,2213,-1,-1,-1,-1,-1,-1,4,0,0,0,0,0,5,0,14,1,7,41.7140799,-87.66242203
0,360541,-1,30,-1,-1,1,1,12,5,2,0,-1,0,0,-1,-1,1,21,-1,631,-1,-1,-1,-1,-1,-1,2,0,0,0,0,0,2,0,14,1,7,41.74414571,-87.60010274
0,360487,-1,30,1,2,0,1,12,3,-1,0,0,0,0,-1,-1,-1,22,-1,2223,-1,-1,-1,-1,-1,-1,2,0,0,0,0,0,2,0,14,1,7,41.72867428,-87.64355805
0,360538,-1,25,1,2,1,1,14,12,-1,0,-1,-1,0,-1,-1,-1,21,-1,331,-1,-1,-1,-1,-1,-1,2,0,0,0,0,0,2,0,13,1,7,41.77356585,-87.57642818
0,360492,-1,25,0,0,0,1,12,6,-1,0,1,0,0,-1,-1,-1,17,-1,1712,-1,-1,-1,-1,-1,-1,2,0,0,0,0,0,2,0,13,1,7,41.9686801,-87.72207558
0,360516,-1,30,0,0,0,1,12,6,2,0,0,0,0,-1,-1,-1,-1,-1,1832,-1,-1,-1,-1,-1,-1,2,0,0,0,0,0,3,0,13,1,7,41.89392792,-87.63075813
0,360491,-1,30,2,2,0,1,12,5,-1,0,1,0,0,-1,-1,-1,0,0,1413,-1,-1,-1,-1,-1,-1,2,0,0,0,0,0,2,0,13,1,7,41.92459113,-87.70886434
0,360483,-1,30,0,0,0,1,7,5,2,0,1,0,0,-1,-1,-1,11,-1,1933,-1,-1,-1,-1,-1,-1,2,0,0,0,0,0,2,0,13,1,7,41.93965465,-87.65060905
0,360504,-1,35,1,2,1,1,10,3,-1,0,0,0,1,1,-1,-1,16,-1,114,-1,-1,-1,-1,-1,-1,2,0,0,0,0,0,5,0,13,1,7,41.8676187,-87.6187517
2,360452,-1,20,2,2,2,1,10,2,2,0,1,0,1,-1,-1,-1,16,-1,1112,-1,-1,-1,-1,-1,-1,2,2,0,0,2,0,3,0,13,1,7,41.89894066,-87.72277385
1,360429,-1,30,1,2,0,1,14,3,4,0,1,0,1,-1,-1,-1,17,-1,113,-1,-1,-1,-1,-1,-1,2,1,0,0,0,1,2,0,13,1,7,41.87699425,-87.62750704
0,362804,-1,30,0,0,0,1,10,5,-1,0,0,0,0,-1,-1,-1,0,0,1934,-1,-1,-1,-1,-1,-1,2,0,0,0,0,0,2,0,13,1,7,41.93996966,-87.64220596
0,361977,-1,30,0,0,-1,-1,7,2,2,0,-1,0,0,-1,-1,1,0,-1,1122,-1,-1,-1,-1,-1,-1,2,0,0,0,0,0,1,0,13,1,7,41.88084899,-87.72482624
0,360509,-1,30,2,2,1,1,10,3,3,0,1,0,0,-1,-1,-1,0,-1,114,-1,-1,-1,-1,-1,-1,2,0,0,0,0,0,3,0,13,1,7,41.87575626,-87.61751568
0,360484,1,30,0,0,2,1,7,5,-1,0,1,0,0,-1,-1,1,0,0,234,-1,-1,-1,-1,-1,-1,2,0,0,0,0,0,1,0,13,1,7,41.8024511,-87.58647766
0,360464,-1,35,0,0,1,1,12,5,-1,0,-1,-1,0,-1,-1,-1,17,-1,1831,-1,-1,-1,-1,-1,-1,2,0,0,0,0,0,2,0,13,1,7,41.89644296,-87.63709388
0,360445,-1,30,0,0,2,1,10,5,-1,0,1,0,0,-1,-1,-1,18,-1,1614,-1,-1,-1,-1,-1,-1,2,0,0,0,0,0,3,0,13,1,7,41.98142816,-87.8364343
0,360441,-1,30,0,0,0,1,10,5,4,0,0,0,1,-1,-1,-1,18,-1,1712,-1,-1,-1,-1,-1,-1,3,0,0,0,0,0,3,0,13,1,7,41.97548003,-87.74568344
0,360438,-1,15,0,0,1,1,3,7,-1,0,0,0,0,-1,1,1,20,-1,1622,-1,-1,-1,-1,-1,-1,2,0,0,0,0,0,2,0,12,1,7,41.97693689,-87.76907431
0,360421,-1,30,0,0,1,1,2,5,2,0,1,0,0,-1,-1,-1,23,-1,215,-1,-1,-1,-1,-1,-1,1,0,0,0,0,0,1,0,12,1,7,41.80945145,-87.61800916
0,361642,-1,20,0,0,0,1,10,7,2,0,0,-1,0,-1,-1,-1,0,-1,1034,-1,-1,-1,-1,-1,-1,2,0,0,0,0,0,4,0,12,1,7,41.8518914,-87.68866326