MOST_SEVERE_INJURY,RD_NO,CRASH_DATE_EST_I,POSTED_SPEED_LIMIT,TRAFFIC_CONTROL_DEVICE,DEVICE_CONDITION,WEATHER_CONDITION,LIGHTING_CONDITION,FIRST_CRASH_TYPE,TRAFFICWAY_TYPE,LANE_CNT,ALIGNMENT,ROADWAY_SURFACE_COND,ROAD_DEFECT,CRASH_TYPE,INTERSECTION_RELATED_I,NOT_RIGHT_OF_WAY_I,HIT_AND_RUN_I,PRIM_CONTRIBUTORY_CAUSE,SEC_CONTRIBUTORY_CAUSE,BEAT_OF_OCCURRENCE,PHOTOS_TAKEN_I,STATEMENTS_TAKEN_I,DOORING_I,WORK_ZONE_I,WORK_ZONE_TYPE,WORKERS_PRESENT_I,NUM_UNITS,INJURIES_TOTAL,INJURIES_FATAL,INJURIES_INCAPACITATING,INJURIES_NON_INCAPACITATING,INJURIES_REPORTED_NOT_EVIDENT,INJURIES_NO_INDICATION,INJURIES_UNKNOWN,CRASH_HOUR,CRASH_DAY_OF_WEEK,CRASH_MONTH,LATITUDE,LONGITUDE
0,360456,-1,30,0,0,0,1,10,5,2,0,0,0,0,-1,-1,-1,18,0,2511,-1,-1,-1,-1,-1,-1,2,0,0,0,0,0,2,0,12,1,7,41.93685927,-87.80656048
0,360423,-1,30,0,0,0,1,10,6,1,0,0,0,0,-1,-1,-1,20,20,1712,-1,-1,-1,-1,-1,-1,2,0,0,0,0,0,7,0,12,1,7,41.9738792,-87.73667767
0,360412,-1,30,0,0,0,1,12,2,-1,0,1,0,0,-1,-1,-1,22,-1,1013,-1,-1,-1,-1,-1,-1,2,0,0,0,0,0,2,0,12,1,7,41.8514857,-87.72242396
0,360411,-1,30,0,0,0,1,0,2,4,0,0,0,0,-1,-1,-1,17,0,823,-1,-1,-1,-1,-1,-1,2,0,0,0,0,0,5,0,12,1,7,41.77903556,-87.70606081
0,360409,1,30,0,0,2,1,0,5,4,0,1,0,0,-1,-1,-1,0,0,1414,-1,-1,-1,-1,-1,-1,2,0,0,0,0,0,1,0,12,1,7,41.92468657,-87.69857314
2,360394,-1,30,2,2,1,1,0,2,-1,0,1,0,1,-1,-1,-1,5,17,1622,-1,-1,-1,-1,-1,-1,2,3,0,0,1,2,0,0,12,1,7,41.96859739,-87.78189521
1,360557,-1,30,1,2,0,1,14,5,-1,0,0,0,1,1,-1,-1,23,-1,811,-1,-1,-1,-1,-1,-1,2,1,0,0,0,1,1,0,12,1,7,41.78464417,-87.8010676
0,360374,-1,40,3,2,2,1,10,2,10,0,1,0,0,1,-1,-1,16,15,114,-1,-1,-1,-1,-1,-1,2,0,0,0,0,0,3,0,12,1,7,41.87703669,-87.61754639
0,360380,-1,30,-1,-1,2,1,2,3,-1,0,1,0,0,-1,-1,-1,0,-1,213,-1,-1,-1,-1,-1,-1,1,0,0,0,0,0,1,0,12,1,7,41.82171203,-87.62008031
0,361390,-1,30,0,0,-1,1,5,5,1,0,-1,0,0,-1,-1,-1,0,0,834,-1,-1,-1,-1,-1,-1,1,0,0,0,0,0,1,0,12,1,7,41.74819503,-87.73420914
1,361644,-1,30,0,0,0,1,8,5,-1,0,1,0,1,-1,-1,-1,17,0,1924,-1,-1,-1,-1,-1,-1,2,1,0,0,0,1,1,0,12,1,7,41.93987783,-87.6636305
0,361445,-1,35,0,0,-1,-1,7,5,2,0,-1,-1,0,-1,-1,1,0,-1,2012,-1,-1,-1,-1,-1,-1,2,0,0,0,0,0,1,0,12,1,7,41.97629123,-87.66897681
0,360594,-1,30,0,0,0,1,7,5,-1,0,0,0,0,-1,-1,-1,-1,-1,833,-1,-1,-1,-1,-1,-1,2,0,0,0,0,0,1,0,12,1,7,41.76682544,-87.71500147
0,360497,-1,30,0,0,0,1,7,2,2,0,0,0,0,-1,-1,1,0,0,631,-1,-1,-1,-1,-1,-1,2,0,0,0,0,0,2,0,12,1,7,41.74491007,-87.60520576
0,360389,-1,30,2,2,0,1,14,5,-1,0,0,0,0,-1,-1,-1,5,-1,235,-1,-1,-1,-1,-1,-1,2,0,0,0,0,0,3,0,12,1,7,41.79500773,-87.5982795
2,360367,-1,35,1,2,2,1,14,2,6,0,1,0,1,1,-1,-1,34,0,815,-1,-1,-1,-1,-1,-1,2,2,0,0,1,1,3,0,12,1,7,41.79991133,-87.73428715
1,13360360,-1,35,0,0,2,1,14,5,2,0,1,0,1,-1,-1,-1,22,-1,2011,-1,-1,-1,-1,-1,-1,2,2,0,0,0,2,0,0,12,1,7,41.976838,-87.68933462
0,360372,-1,35,1,2,2,1,14,1,6,0,1,0,0,-1,-1,-1,17,16,814,-1,-1,-1,-1,-1,-1,2,0,0,0,0,0,2,0,11,1,7,41.80753037,-87.74329682
0,360366,-1,30,0,0,2,1,12,3,-1,0,1,0,0,-1,-1,-1,15,0,1824,-1,-1,-1,-1,-1,-1,2,0,0,0,0,0,2,0,11,1,7,41.90075297,-87.624235
0,369090,-1,30,0,0,-1,1,10,2,6,0,-1,-1,0,-1,-1,-1,18,-1,114,-1,-1,-1,-1,-1,-1,2,0,0,0,0,0,2,0,11,1,7,41.87785197,-87.6175651
0,360361,-1,30,1,2,2,1,14,1,4,0,1,-1,0,1,-1,-1,18,0,114,-1,-1,-1,-1,-1,-1,2,0,0,0,0,0,2,0,11,1,7,41.8807657,-87.62062379
0,360359,-1,30,1,2,0,1,10,5,2,0,1,0,0,1,-1,-1,0,0,522,-1,-1,-1,-1,-1,-1,2,0,0,0,0,0,6,0,11,1,7,41.69247438,-87.62323986
0,360341,-1,25,0,0,1,1,12,5,-1,0,0,0,0,-1,-1,-1,11,-1,1213,-1,-1,-1,-1,-1,-1,2,0,0,0,0,0,2,0,11,1,7,41.89638448,-87.65541112
0,360349,-1,30,2,2,2,1,0,5,4,0,1,0,1,1,-1,-1,5,-1,1132,-1,-1,-1,-1,-1,-1,2,0,0,0,0,0,4,0,11,1,7,41.87706968,-87.72325079
0,360403,-1,30,2,2,2,1,10,5,4,0,1,0,0,1,-1,1,18,-1,1115,-1,-1,-1,-1,-1,-1,2,0,0,0,0,0,4,0,11,1,7,41.87882184,-87.72575191
0,360328,-1,0,0,0,1,1,4,6,-1,0,1,1,1,-1,-1,-1,29,-1,2524,-1,-1,-1,-1,-1,-1,1,0,0,0,0,0,1,0,11,1,7,41.93103637,-87.73908125
0,360286,-1,30,2,2,2,1,10,6,2,0,1,0,0,1,-1,-1,5,18,1824,-1,1,-1,-1,-1,-1,2,0,0,0,0,0,2,0,11,1,7,41.90177328,-87.62842193
2,360283,-1,30,2,2,0,1,0,5,2,0,1,0,1,1,-1,-1,17,-1,421,-1,1,-1,-1,-1,-1,4,3,0,0,2,1,0,0,11,1,7,41.75714148,-87.56163507
0,360619,1,30,-1,-1,0,1,10,-1,-1,0,0,-1,0,-1,-1,-1,20,0,1833,-1,-1,-1,-1,-1,-1,2,0,0,0,0,0,2,0,11,1,7,41.90080165,-87.62427247
2,360570,-1,30,1,2,2,1,0,3,6,0,0,0,1,1,-1,-1,6,0,411,-1,-1,-1,-1,-1,-1,2,1,0,0,1,0,1,0,11,1,7,41.75689717,-87.58623429
0,360415,-1,30,0,0,2,1,2,5,4,0,1,0,1,-1,-1,-1,34,34,411,-1,-1,-1,-1,-1,-1,1,0,0,0,0,0,1,0,11,1,7,41.74425201,-87.59039466
0,360339,1,25,0,0,0,1,7,5,2,0,0,0,0,-1,-1,1,0,0,1421,-1,-1,-1,-1,-1,-1,2,0,0,0,0,0,1,0,11,1,7,41.91182087,-87.7076445
0,360307,-1,30,0,0,0,1,7,7,1,0,0,0,0,-1,-1,-1,20,20,1712,-1,-1,-1,-1,-1,-1,2,0,0,0,0,0,4,0,11,1,7,41.96877004,-87.72789691
1,360294,-1,45,0,0,2,1,10,3,8,0,1,0,1,-1,-1,-1,18,15,114,-1,-1,-1,-1,-1,-1,2,1,0,0,0,1,1,0,10,1,7,41.87958346,-87.61760712
0,360276,-1,35,0,0,2,1,10,5,-1,0,1,0,0,-1,-1,1,0,0,1733,-1,-1,-1,-1,-1,-1,2,0,0,0,0,0,3,0,10,1,7,41.94215359,-87.71244602
0,362940,1,15,0,0,0,1,7,7,-1,0,0,0,0,-1,-1,1,20,-1,2412,-1,-1,-1,-1,-1,-1,2,0,0,0,0,0,1,0,10,1,7,41.99780537,-87.70683387
0,360636,-1,30,0,0,0,1,11,2,2,0,0,0,0,-1,-1,-1,22,0,1933,-1,-1,-1,-1,-1,-1,2,0,0,0,0,0,2,0,10,1,7,41.93967565,-87.66253481
0,360419,-1,30,0,0,2,1,12,5,-1,0,1,0,0,-1,-1,-1,23,-1,1933,-1,-1,-1,-1,-1,-1,2,0,0,0,0,0,4,0,10,1,7,41.93967565,-87.66253481
0,363693,-1,30,0,0,2,1,10,5,-1,0,0,0,0,-1,-1,1,0,0,1613,-1,-1,-1,-1,-1,-1,3,0,0,0,0,0,3,0,10,1,7,-1,-1
0,360444,-1,30,1,2,2,1,14,6,4,0,1,0,0,1,-1,-1,23,-1,111,-1,-1,-1,-1,-1,-1,2,0,0,0,0,0,2,0,10,1,7,41.88437163,-87.6299291
0,360270,-1,30,1,2,2,1,10,2,4,0,1,0,0,1,-1,-1,18,16,1232,-1,-1,-1,-1,-1,-1,2,0,0,0,0,0,6,0,10,1,7,41.8671728,-87.65264515
0,360245,-1,15,0,0,2,1,7,5,4,0,1,0,0,-1,-1,-1,34,0,1834,-1,-1,-1,-1,-1,-1,2,0,0,0,0,0,2,0,10,1,7,41.89209414,-87.61156988
0,360254,-1,30,0,0,2,1,7,6,-1,0,1,0,0,-1,-1,-1,-1,-1,1923,-1,-1,-1,-1,-1,-1,2,0,0,0,0,0,1,0,10,1,7,41.94918544,-87.65545209
0,360243,-1,30,0,0,2,1,14,5,-1,0,1,0,1,-1,-1,-1,17,16,2522,-1,-1,-1,-1,-1,-1,2,0,0,0,0,0,3,0,10,1,7,41.91716317,-87.7355556
0,360219,-1,25,1,2,2,1,10,5,2,0,1,0,0,-1,-1,-1,-1,-1,1923,-1,-1,-1,-1,-1,-1,2,0,0,0,0,0,2,0,10,1,7,41.94735226,-87.65444338
0,360255,-1,30,0,0,2,1,14,2,2,0,1,0,0,-1,-1,-1,23,0,2515,-1,-1,-1,-1,-1,-1,2,0,0,0,0,0,2,0,9,1,7,41.92589288,-87.76620483
0,360233,-1,30,0,0,2,1,4,2,2,0,1,0,0,-1,-1,-1,13,34,1223,-1,-1,-1,-1,-1,-1,2,0,0,0,0,0,2,0,9,1,7,41.88331278,-87.68142965
2,362312,-1,20,1,2,2,1,8,7,-1,0,1,0,1,-1,-1,1,17,-1,1814,-1,-1,-1,-1,-1,-1,2,1,0,0,1,0,1,0,9,1,7,41.91238687,-87.62792255
0,360210,-1,30,1,2,2,1,14,5,-1,0,1,0,0,1,-1,1,23,-1,1623,-1,-1,-1,-1,-1,-1,2,0,0,0,0,0,2,0,9,1,7,41.97520686,-87.76593013
0,360252,-1,30,0,0,2,1,7,5,2,0,1,0,0,-1,-1,1,20,0,532,-1,-1,-1,-1,-1,-1,2,0,0,0,0,0,1,0,9,1,7,41.68031022,-87.6207306
0,360709,-1,35,2,0,0,1,3,5,-1,0,0,-1,0,-1,-1,1,23,-1,623,-1,-1,-1,-1,-1,-1,2,0,0,0,0,0,2,0,9,1,7,41.75637773,-87.62164511
0,360220,-1,30,2,2,2,1,14,5,-1,0,1,0,0,-1,-1,-1,17,5,1811,-1,-1,-1,-1,-1,-1,2,0,0,0,0,0,4,0,9,1,7,41.92512769,-87.66204067
2,360201,-1,30,0,0,2,1,9,5,2,2,1,-1,1,-1,-1,-1,34,0,914,-1,-1,-1,-1,-1,-1,2,1,0,0,1,0,1,0,9,1,7,41.85268243,-87.63851247
0,360241,-1,35,1,2,2,1,0,6,-1,0,1,0,0,1,-1,-1,0,5,623,-1,-1,-1,-1,-1,-1,2,0,0,0,0,0,2,0,9,1,7,41.75091814,-87.62469012
2,360203,-1,35,1,2,2,1,14,3,3,0,1,0,1,1,-1,-1,0,0,814,-1,-1,-1,-1,-1,-1,2,1,0,0,1,0,3,0,9,1,7,41.8181781,-87.74361186
0,360787,1,30,-1,0,-1,-1,7,12,-1,0,-1,0,0,-1,-1,1,0,-1,1133,-1,-1,-1,-1,-1,-1,2,0,0,0,0,0,1,0,8,1,7,41.86997476,-87.72075119
0,360561,-1,30,1,2,0,1,10,5,4,0,0,0,0,-1,-1,-1,18,18,225,-1,-1,-1,-1,-1,-1,2,0,0,0,0,0,2,0,8,1,7,41.79467039,-87.63054748
0,360948,-1,25,-1,-1,-1,-1,7,5,1,0,-1,-1,0,-1,-1,-1,0,-1,2413,-1,-1,-1,-1,-1,-1,2,0,0,0,0,0,1,0,8,1,7,41.99217928,-87.68871874
0,360238,-1,30,0,0,2,2,10,2,-1,0,1,0,0,-1,-1,-1,0,34,2033,-1,-1,-1,-1,-1,-1,2,0,0,0,0,0,2,0,8,1,7,41.97521576,-87.66655683
0,360181,-1,30,1,2,2,1,10,2,4,0,1,0,0,-1,-1,-1,18,18,1111,-1,-1,-1,-1,-1,-1,2,0,0,0,0,0,2,0,8,1,7,41.89489328,-87.74565691
0,366190,-1,30,0,0,0,1,7,5,-1,0,0,0,0,-1,-1,1,0,0,1424,-1,-1,-1,-1,-1,-1,2,0,0,0,0,0,1,0,8,1,7,41.90594172,-87.67216932
0,360786,-1,0,0,0,-1,-1,7,7,-1,0,-1,-1,0,-1,0,1,0,0,1133,-1,-1,-1,-1,-1,-1,2,0,0,0,0,0,1,0,8,1,7,41.87031893,-87.71784187
3,360145,-1,30,0,0,2,1,3,5,-1,0,1,0,1,-1,-1,-1,27,21,731,-1,-1,-1,-1,-1,-1,2,3,0,2,1,0,0,0,7,1,7,41.76526425,-87.63354741
0,360891,-1,30,0,0,0,1,7,6,-1,0,0,0,0,-1,-1,1,-1,-1,1634,-1,-1,-1,-1,-1,-1,2,0,0,0,0,0,1,0,7,1,7,41.94496254,-87.75815253
0,360147,-1,30,1,2,2,1,10,5,-1,0,1,0,0,-1,-1,-1,18,17,1834,-1,-1,-1,-1,-1,-1,2,0,0,0,0,0,3,0,7,1,7,41.89109338,-87.61752336
1,360131,-1,30,0,0,2,1,7,7,-1,2,1,0,1,-1,-1,-1,0,-1,213,-1,-1,-1,-1,-1,-1,2,1,0,0,0,1,0,0,6,1,7,41.81665977,-87.62243767
0,360127,-1,30,0,-1,2,3,6,3,-1,0,1,0,1,-1,-1,-1,27,-1,835,-1,-1,-1,-1,-1,-1,1,0,0,0,0,0,1,0,6,1,7,41.74974657,-87.69259093
0,360129,-1,30,0,0,2,2,2,5,2,0,1,0,0,-1,-1,-1,34,0,433,-1,-1,-1,-1,-1,-1,1,0,0,0,0,0,1,0,6,1,7,41.6535463,-87.5301697
0,360121,-1,40,0,0,2,2,2,3,3,0,1,0,1,-1,-1,-1,34,0,1824,-1,-1,-1,-1,-1,-1,1,0,0,0,0,0,1,0,6,1,7,41.90100286,-87.61977981
-1,360120,-1,30,0,0,-1,-1,7,6,3,0,-1,0,1,-1,-1,1,0,-1,621,-1,-1,-1,-1,-1,-1,2,-1,-1,-1,-1,-1,-1,-1,6,1,7,41.75130163,-87.64755267
0,360119,-1,30,0,0,2,1,7,5,-1,0,1,0,1,-1,-1,-1,21,-1,632,-1,-1,-1,-1,-1,-1,3,0,0,0,0,0,1,0,5,1,7,41.73719971,-87.61954146
0,360107,-1,30,0,0,1,1,7,2,2,0,0,0,0,-1,0,1,19,16,1235,-1,-1,-1,-1,-1,-1,2,0,0,0,0,0,1,0,5,1,7,41.85731895,-87.64879705
0,360132,-1,30,0,0,2,0,5,6,3,3,1,0,1,-1,-1,-1,34,-1,1833,-1,-1,-1,-1,-1,-1,1,0,0,0,0,0,1,0,5,1,7,41.89934269,-87.61855334
0,360087,-1,30,1,2,0,1,10,2,-1,0,1,0,0,-1,-1,-1,11,-1,412,-1,-1,-1,-1,-1,-1,2,0,0,0,0,0,2,0,5,1,7,41.74415164,-87.58594507
0,361080,1,30,-1,-1,-1,3,7,6,1,0,-1,0,1,-1,-1,1,0,0,1021,-1,-1,-1,-1,-1,-1,2,0,0,0,0,0,1,0,5,1,7,41.8570548,-87.71408365
0,360105,0,20,0,2,2,3,0,6,1,0,1,0,0,1,-1,-1,23,34,911,0,-1,-1,-1,-1,-1,3,0,0,0,0,0,2,0,5,1,7,41.8283285,-87.6972793
0,360079,-1,20,0,0,0,2,12,6,1,0,0,-1,0,-1,-1,1,17,-1,1532,-1,-1,-1,-1,-1,-1,2,0,0,0,0,0,4,0,4,1,7,41.89033692,-87.75161463
0,360096,-1,30,0,0,2,0,7,6,3,0,1,0,0,-1,-1,1,0,-1,1532,-1,-1,-1,-1,-1,-1,2,0,0,0,0,0,2,0,4,1,7,41.89028122,-87.75161255
0,360073,-1,30,2,2,0,4,0,5,-1,0,0,0,0,-1,-1,1,5,-1,321,-1,-1,-1,-1,-1,-1,2,0,0,0,0,0,3,0,4,1,7,41.77485987,-87.60498543
0,360069,-1,30,0,0,2,3,10,5,4,0,1,0,0,-1,-1,-1,18,34,1614,-1,-1,-1,-1,-1,-1,2,0,0,0,0,0,2,0,4,1,7,41.96276792,-87.83684033
0,360046,-1,30,0,0,2,3,7,6,1,0,1,0,0,-1,-1,1,10,25,1024,-1,-1,-1,-1,-1,-1,6,0,0,0,0,0,1,0,4,1,7,41.85455717,-87.71355584
4,360059,-1,30,0,0,0,3,2,3,5,0,0,0,1,-1,0,-1,0,0,815,-1,-1,-1,-1,-1,-1,1,2,1,1,0,0,0,0,4,1,7,41.79650278,-87.74270589
0,360056,-1,30,0,0,0,3,7,3,4,0,1,0,1,-1,-1,-1,32,10,1922,-1,-1,-1,-1,-1,-1,3,0,0,0,0,0,1,0,4,1,7,41.94941315,-87.66906833
2,360042,-1,30,2,0,2,3,14,5,-1,0,1,0,1,1,-1,1,-1,-1,2521,-1,-1,1,-1,-1,-1,2,1,0,0,1,0,1,0,4,1,7,41.93421758,-87.74684752
0,360044,-1,15,0,0,2,3,2,0,-1,0,1,-1,0,-1,-1,-1,33,-1,833,-1,-1,-1,-1,-1,-1,1,0,0,0,0,0,2,0,4,1,7,41.77049172,-87.71369234
0,360889,-1,30,0,0,0,1,7,5,-1,0,0,0,0,-1,-1,1,20,0,1811,-1,-1,-1,-1,-1,-1,2,0,0,0,0,0,1,0,4,1,7,41.9140655,-87.65337235
0,360660,1,0,0,0,-1,0,7,7,0,0,-1,0,0,-1,1,1,0,-1,2512,0,-1,-1,-1,-1,-1,2,0,0,0,0,0,1,0,4,1,7,41.92348507,-87.79569188
0,360043,-1,30,1,2,0,3,12,5,-1,0,1,0,0,-1,-1,-1,22,-1,912,-1,-1,-1,-1,-1,-1,2,0,0,0,0,0,2,0,4,1,7,41.83484975,-87.67060754
0,360054,-1,35,2,0,2,0,0,5,-1,0,1,0,1,-1,-1,-1,34,12,623,-1,-1,-1,-1,-1,-1,2,0,0,0,0,0,3,0,3,1,7,41.75646176,-87.6168094
0,360050,-1,30,0,0,2,3,7,6,1,0,1,0,1,-1,-1,1,0,-1,1121,-1,-1,-1,-1,-1,-1,2,0,0,0,0,0,1,0,3,1,7,41.89325855,-87.70878117
2,360037,-1,30,1,2,0,3,0,2,-1,0,1,0,1,1,-1,-1,16,-1,815,-1,-1,-1,-1,-1,-1,2,1,0,0,1,0,1,0,3,1,7,41.80797194,-87.7237362
0,360028,-1,30,0,0,1,3,7,6,1,0,1,0,1,-1,-1,1,20,11,611,-1,-1,-1,-1,-1,-1,2,0,0,0,0,0,1,0,3,1,7,41.75307814,-87.66608216
0,360026,1,30,0,0,2,3,2,5,4,5,1,0,1,-1,-1,-1,15,34,1013,-1,-1,-1,-1,-1,-1,1,0,0,0,0,0,1,0,3,1,7,41.84686697,-87.73704307
0,360014,-1,30,0,0,2,0,11,5,2,0,1,-1,0,-1,-1,-1,-1,-1,1831,-1,-1,-1,-1,-1,-1,3,0,0,0,0,0,3,0,3,1,7,41.8901587,-87.62900058
0,360010,-1,30,1,2,2,3,4,5,-1,0,1,12,1,-1,-1,-1,11,0,2433,-1,-1,-1,0,-1,-1,1,0,0,0,0,0,1,0,3,1,7,41.99446176,-87.67501623
0,360007,-1,30,0,0,0,3,10,5,4,0,0,0,0,-1,-1,1,18,0,1732,-1,-1,-1,-1,-1,-1,2,0,0,0,0,0,2,0,3,1,7,41.95191659,-87.7274146
0,360060,-1,30,0,0,0,3,2,0,1,0,1,0,1,-1,-1,0,16,-1,1115,-1,-1,-1,-1,-1,-1,1,0,0,0,0,0,2,0,3,1,7,41.87806387,-87.72752707
4,360000,-1,35,0,0,0,3,7,5,-1,0,1,0,1,-1,-1,-1,14,14,612,-1,-1,-1,-1,-1,-1,4,2,2,0,0,0,0,0,3,1,7,41.7570242,-87.64920512
0,359993,-1,30,1,2,0,3,10,5,4,0,1,0,0,-1,-1,1,18,-1,914,-1,-1,-1,-1,-1,-1,2,0,0,0,0,0,3,0,2,1,7,41.85290378,-87.63500468
0,359982,-1,30,0,0,2,3,14,5,-1,0,1,0,1,1,-1,-1,23,21,1123,-1,-1,-1,-1,-1,-1,2,0,0,0,0,0,2,0,2,1,7,41.88749279,-87.71134704
0,359997,-1,30,1,-1,-1,3,10,5,2,0,1,-1,0,1,-1,1,0,-1,1933,-1,-1,-1,-1,-1,-1,2,0,0,0,0,0,3,0,2,1,7,41.93972197,-87.65937625
1,360857,-1,35,0,0,-1,-1,12,5,-1,0,-1,-1,1,-1,-1,-1,17,-1,1831,-1,-1,-1,-1,-1,-1,2,1,0,0,0,1,1,0,2,1,7,41.89327795,-87.63554099
0,359973,-1,30,0,0,2,3,10,5,2,0,1,0,0,-1,-1,1,0,0,1633,-1,-1,-1,-1,-1,-1,3,0,0,0,0,0,3,0,2,1,7,41.94602837,-87.76352591
0,361435,-1,30,2,2,0,-1,14,5,2,0,0,0,0,-1,-1,1,23,23,532,-1,-1,-1,-1,-1,-1,2,0,0,0,0,0,2,0,2,1,7,41.66325448,-87.61778866
0,360609,-1,30,0,0,2,3,10,5,-1,0,1,0,0,-1,-1,1,18,18,1413,-1,-1,-1,-1,-1,-1,2,0,0,0,0,0,2,0,2,1,7,41.91745099,-87.71198837
0,359980,-1,30,1,2,0,3,12,5,2,0,0,0,0,-1,-1,-1,17,0,1732,-1,-1,-1,-1,-1,-1,2,0,0,0,0,0,2,0,2,1,7,41.94910081,-87.71293371
0,359967,-1,30,0,0,2,3,7,5,-1,0,1,0,1,-1,-1,-1,25,32,1215,-1,0,-1,-1,-1,-1,3,0,0,0,0,0,1,0,1,1,7,41.89126787,-87.67188671
1,359962,-1,30,1,-1,2,3,14,2,6,0,1,-1,1,1,-1,-1,23,21,2232,-1,-1,-1,-1,-1,-1,2,1,0,0,0,1,5,0,1,1,7,41.71246708,-87.64282822
0,359992,-1,30,2,12,2,3,10,5,4,0,1,0,0,0,-1,1,18,0,1215,-1,-1,-1,-1,-1,-1,2,0,0,0,0,0,3,0,1,1,7,41.89600058,-87.66494019
0,367686,-1,30,0,0,0,1,11,5,1,0,0,0,0,-1,-1,-1,25,-1,1924,-1,-1,-1,-1,-1,-1,2,0,0,0,0,0,2,0,1,1,7,41.94657696,-87.65618754
0,359942,-1,30,2,2,2,3,0,5,1,0,1,-1,1,1,-1,1,-1,-1,2514,-1,-1,-1,-1,-1,-1,2,0,0,0,0,0,2,0,1,1,7,41.92948931,-87.76997871
0,359956,1,30,2,2,12,3,2,6,2,0,1,3,1,1,-1,-1,32,27,711,-1,-1,-1,-1,-1,-1,1,0,0,0,0,0,1,0,1,1,7,-1,-1
0,359947,-1,35,1,-1,2,3,10,6,2,0,1,-1,0,-1,-1,-1,15,16,1021,-1,-1,-1,-1,-1,-1,2,0,0,0,0,0,2,0,1,1,7,41.86296524,-87.71512209
0,359924,1,30,1,2,2,3,2,2,4,0,1,0,1,-1,-1,1,0,0,1413,-1,-1,-1,-1,-1,-1,1,0,0,0,0,0,4,0,1,1,7,41.92478607,-87.71074395
0,359934,-1,20,-1,-1,2,3,7,6,1,0,1,0,0,-1,-1,1,0,-1,1922,-1,1,-1,-1,-1,-1,4,0,0,0,0,0,1,0,1,1,7,41.94065874,-87.67306562
0,359917,-1,30,1,2,2,3,10,2,2,0,1,0,1,-1,-1,1,32,32,1122,-1,-1,-1,-1,-1,-1,3,0,0,0,0,0,6,0,1,1,7,41.88183887,-87.72096534
0,359957,-1,15,0,0,2,0,7,6,-1,0,1,0,0,-1,-1,-1,34,-1,824,-1,-1,-1,-1,-1,-1,2,0,0,0,0,0,3,0,1,1,7,41.78719805,-87.6888847
0,360216,-1,35,0,0,2,0,10,5,-1,0,0,0,0,-1,-1,1,0,0,1731,-1,-1,-1,-1,-1,-1,2,0,0,0,0,0,2,0,1,1,7,41.93907897,-87.7364918
-1,359946,1,35,0,0,2,3,7,3,3,0,1,0,1,-1,-1,1,0,-1,412,-1,-1,-1,-1,-1,-1,2,-1,-1,-1,-1,-1,-1,-1,1,1,7,41.73421192,-87.58573489
3,359944,1,30,0,0,2,3,2,3,2,0,1,-1,1,-1,0,0,0,0,1131,-1,-1,-1,-1,-1,-1,1,1,0,1,0,0,0,0,1,1,7,41.86808881,-87.73518236
0,359922,-1,10,0,0,12,-1,2,7,-1,0,0,0,0,-1,-1,-1,20,0,1834,-1,-1,-1,-1,-1,-1,1,0,0,0,0,0,3,0,0,1,7,41.89490582,-87.62052045
1,360748,-1,30,0,0,0,3,10,5,2,0,1,0,1,-1,-1,-1,16,-1,1924,-1,-1,-1,-1,-1,-1,2,2,0,0,0,2,1,0,0,1,7,41.94702059,-87.660239
0,360146,-1,30,0,0,2,0,10,5,2,0,1,0,0,0,-1,1,18,16,922,-1,-1,-1,-1,-1,-1,3,0,0,0,0,0,3,0,0,1,7,41.81315179,-87.70402624
1,360004,-1,30,1,2,-1,-1,10,2,-1,0,-1,-1,1,-1,-1,-1,-1,-1,2521,-1,-1,-1,-1,-1,-1,2,1,0,0,0,1,1,0,0,1,7,41.93142105,-87.74679184
0,359933,-1,30,1,2,2,3,3,5,4,0,1,0,1,1,-1,-1,27,16,824,-1,-1,-1,-1,-1,-1,3,0,0,0,0,0,5,0,0,1,7,41.7864285,-87.68391637
0,362964,-1,30,0,0,2,3,4,2,4,0,1,1,0,-1,-1,-1,-1,-1,911,-1,-1,-1,-1,-1,-1,1,0,0,0,0,0,3,0,0,1,7,41.82775678,-87.70469379
0,359899,-1,15,0,0,2,3,2,6,-1,0,1,-1,0,-1,1,1,0,-1,1112,-1,-1,-1,-1,-1,-1,1,0,0,0,0,0,1,0,0,1,7,41.89421356,-87.71978899
0,359892,-1,30,2,2,2,3,0,5,-1,0,1,0,1,1,-1,-1,17,-1,1125,-1,-1,-1,-1,-1,-1,2,0,0,0,0,0,2,0,0,1,7,41.87743417,-87.69022263
0,359901,-1,30,0,0,2,3,7,5,-1,0,1,0,0,-1,-1,-1,20,-1,1222,-1,-1,-1,-1,-1,-1,2,0,0,0,0,0,1,0,0,1,7,41.88657211,-87.70300868
3,359895,-1,30,1,2,2,3,9,5,1,0,1,0,1,1,-1,-1,-1,-1,1923,-1,-1,-1,-1,-1,-1,2,1,0,1,0,0,1,0,0,1,7,41.94742874,-87.64961302
0,359893,-1,30,1,2,0,3,7,5,-1,0,0,0,1,-1,-1,-1,14,16,1831,-1,-1,-1,-1,-1,-1,2,0,0,0,0,0,1,0,0,1,7,41.88932167,-87.63098602
2,359890,-1,30,1,2,2,3,14,3,2,0,1,0,1,1,-1,-1,34,11,234,-1,-1,-1,-1,-1,-1,2,1,0,0,1,0,1,0,0,1,7,41.80242703,-87.5876929
0,359908,1,30,0,0,1,0,2,5,2,0,1,0,1,-1,-1,0,0,0,815,-1,-1,-1,-1,-1,-1,1,0,0,0,0,0,1,0,0,1,7,41.79856354,-87.74283652