MOST_SEVERE_INJURY,RD_NO,CRASH_DATE_EST_I,POSTED_SPEED_LIMIT,TRAFFIC_CONTROL_DEVICE,DEVICE_CONDITION,WEATHER_CONDITION,LIGHTING_CONDITION,FIRST_CRASH_TYPE,TRAFFICWAY_TYPE,LANE_CNT,ALIGNMENT,ROADWAY_SURFACE_COND,ROAD_DEFECT,CRASH_TYPE,INTERSECTION_RELATED_I,NOT_RIGHT_OF_WAY_I,HIT_AND_RUN_I,PRIM_CONTRIBUTORY_CAUSE,SEC_CONTRIBUTORY_CAUSE,BEAT_OF_OCCURRENCE,PHOTOS_TAKEN_I,STATEMENTS_TAKEN_I,DOORING_I,WORK_ZONE_I,WORK_ZONE_TYPE,WORKERS_PRESENT_I,NUM_UNITS,INJURIES_TOTAL,INJURIES_FATAL,INJURIES_INCAPACITATING,INJURIES_NON_INCAPACITATING,INJURIES_REPORTED_NOT_EVIDENT,INJURIES_NO_INDICATION,INJURIES_UNKNOWN,CRASH_HOUR,CRASH_DAY_OF_WEEK,CRASH_MONTH,LATITUDE,LONGITUDE
0,359937,-1,30,1,2,2,3,14,2,2,0,1,-1,0,1,-1,1,17,-1,1814,-1,-1,-1,-1,-1,-1,2,0,0,0,0,0,4,0,0,1,7,41.91119542,-87.63485888
0,359949,-1,30,1,2,2,3,10,3,4,0,1,0,0,-1,-1,-1,18,0,413,-1,-1,-1,-1,-1,-1,2,0,0,0,0,0,2,0,0,1,7,41.72259416,-87.58529114
0,359881,-1,35,0,0,2,3,7,12,2,0,1,-1,0,-1,-1,-1,16,0,1932,-1,1,-1,-1,-1,-1,3,0,0,0,0,0,2,0,0,1,7,41.92993064,-87.668165
0,359971,-1,30,0,0,2,3,7,2,-1,0,1,0,1,-1,-1,1,14,0,824,-1,-1,-1,-1,-1,-1,3,0,0,0,0,0,1,0,0,1,7,41.78945154,-87.69353321
0,359865,-1,30,1,2,2,3,10,5,-1,0,1,0,1,-1,-1,-1,18,-1,2412,-1,-1,-1,-1,-1,-1,2,0,0,0,0,0,2,0,23,7,7,41.99750814,-87.70879746
0,359857,-1,30,0,0,2,0,10,7,1,0,1,0,0,-1,-1,1,0,0,2012,-1,-1,-1,-1,-1,-1,2,0,0,0,0,0,2,0,23,7,7,41.9839522,-87.66900616
0,360211,-1,30,2,2,2,3,0,5,0,0,1,0,0,1,-1,-1,5,17,2512,-1,-1,-1,-1,-1,-1,2,0,0,0,0,0,2,0,23,7,7,41.92732768,-87.7955039
0,359903,-1,30,0,0,0,0,5,5,2,0,0,1,0,-1,-1,-1,0,0,2524,-1,-1,-1,-1,-1,-1,1,0,0,0,0,0,1,0,23,7,7,41.9246665,-87.72072429
0,359860,-1,30,1,2,-1,-1,10,2,4,0,-1,-1,0,-1,-1,1,-1,-1,2534,-1,-1,-1,-1,-1,-1,2,0,0,0,0,0,2,0,23,7,7,41.90957026,-87.73472659
0,359863,-1,30,0,0,2,3,2,5,4,0,0,12,0,-1,-1,-1,-1,-1,1522,-1,-1,-1,-1,-1,-1,1,0,0,0,0,0,1,0,23,7,7,41.88016817,-87.76253909
0,359898,-1,30,-1,-1,0,3,14,5,2,0,0,0,0,1,-1,-1,23,17,1924,-1,-1,-1,-1,-1,-1,2,0,0,0,0,0,2,0,23,7,7,41.94683164,-87.663862
0,359848,-1,30,0,0,2,3,0,5,2,0,1,0,0,1,-1,-1,17,-1,2433,-1,1,-1,-1,-1,-1,2,0,0,0,0,0,2,0,23,7,7,41.99776141,-87.66767915
0,359961,-1,25,0,-1,2,3,14,2,2,0,1,0,0,-1,-1,-1,23,25,321,-1,-1,-1,-1,-1,-1,2,0,0,0,0,0,3,0,23,7,7,41.77528151,-87.58686377
2,359913,-1,30,0,0,-1,3,8,2,4,0,1,0,1,-1,-1,1,0,0,1724,-1,-1,-1,-1,-1,-1,2,1,0,0,1,0,1,0,23,7,7,41.96134315,-87.70097298
0,359843,-1,30,1,2,0,3,10,5,2,0,0,0,0,-1,-1,1,18,18,2534,-1,-1,-1,-1,-1,-1,2,0,0,0,0,0,2,0,23,7,7,41.90625027,-87.72655677
0,359839,-1,50,12,12,2,3,14,5,-1,0,1,-1,0,-1,-1,-1,18,11,1014,-1,-1,-1,-1,-1,-1,2,0,0,0,0,0,2,0,23,7,7,41.85903145,-87.72001004
0,359852,-1,30,1,2,2,3,10,6,2,0,1,0,0,-1,-1,-1,18,-1,123,-1,-1,-1,-1,-1,-1,2,0,0,0,0,0,2,0,23,7,7,41.87556911,-87.62938323
0,362142,-1,30,2,2,0,3,0,6,-1,0,0,0,0,1,-1,1,0,-1,1922,-1,-1,-1,-1,-1,-1,2,0,0,0,0,0,6,0,23,7,7,41.94533407,-87.66512332
0,359834,-1,30,1,2,0,0,14,5,-1,0,1,0,0,1,-1,-1,0,17,2413,-1,-1,-1,-1,-1,-1,2,0,0,0,0,0,2,0,23,7,7,41.99084916,-87.67599309
0,359823,-1,30,0,0,2,3,7,6,-1,0,1,0,1,-1,-1,1,-1,-1,2023,-1,1,-1,-1,-1,-1,2,0,0,0,0,0,1,0,23,7,7,41.98140274,-87.65780659
0,359827,1,35,1,2,2,3,14,5,4,0,1,0,1,-1,-1,1,11,34,1612,-1,-1,-1,-1,-1,-1,2,0,0,0,0,0,2,0,23,7,7,41.99010145,-87.8070184
0,359906,-1,30,0,0,0,3,10,2,-1,0,0,0,0,-1,-1,-1,20,20,1723,-1,-1,-1,-1,-1,-1,2,0,0,0,0,0,2,0,23,7,7,41.96816527,-87.72666411
0,359800,-1,25,4,2,0,3,14,8,-1,0,1,0,0,-1,-1,-1,32,0,131,-1,-1,-1,-1,-1,-1,2,0,0,0,0,0,2,0,23,7,7,41.86391946,-87.63045594
0,362907,-1,20,0,0,0,3,5,7,2,0,0,0,0,-1,1,-1,0,-1,2531,-1,-1,-1,-1,-1,-1,1,0,0,0,0,0,1,0,23,7,7,41.90948428,-87.76612841
0,362033,1,25,0,0,0,3,7,6,-1,0,1,0,0,-1,-1,1,0,-1,1924,-1,-1,-1,-1,-1,-1,2,0,0,0,0,0,1,0,23,7,7,41.9445799,-87.65474495
0,359832,-1,35,2,2,0,3,0,12,4,0,1,0,1,1,-1,-1,5,-1,1214,-1,1,-1,-1,-1,-1,2,0,0,0,0,0,2,0,22,7,7,41.8900779,-87.64775609
0,359809,-1,30,1,2,12,3,3,1,-1,0,1,0,1,1,-1,-1,25,16,2532,-1,-1,-1,-1,-1,-1,2,0,0,0,0,0,2,0,22,7,7,41.90943773,-87.76554941
0,361363,-1,30,1,2,1,2,12,5,2,0,1,0,0,1,-1,-1,0,-1,1813,-1,-1,-1,-1,-1,-1,2,0,0,0,0,0,2,0,22,7,7,41.91211048,-87.64816081
0,360664,0,25,0,0,2,3,7,6,1,0,1,0,0,-1,-1,-1,0,-1,824,-1,-1,-1,-1,-1,-1,2,0,0,0,0,0,1,0,22,7,7,41.78730289,-87.6962077
0,360139,-1,30,0,0,0,1,7,7,-1,0,0,0,0,-1,1,-1,0,0,1623,-1,-1,-1,-1,-1,-1,2,0,0,0,0,0,1,0,22,7,7,41.96083136,-87.7475992
0,359872,-1,30,1,-1,0,3,10,2,4,0,-1,0,0,-1,-1,-1,18,16,1934,-1,-1,-1,-1,-1,-1,2,0,0,0,0,0,2,0,22,7,7,41.93775568,-87.64905009
0,359818,-1,30,-1,2,0,0,0,7,0,0,0,0,0,-1,-1,-1,20,0,234,1,-1,-1,-1,-1,-1,2,0,0,0,0,0,2,0,22,7,7,41.79957783,-87.59543211
3,359813,-1,30,1,2,2,3,14,5,4,0,1,0,1,1,-1,-1,17,0,1634,-1,-1,-1,-1,-1,-1,2,1,0,1,0,0,1,0,22,7,7,41.95330081,-87.74757054
0,359786,-1,30,0,0,1,0,12,2,3,3,1,-1,0,-1,-1,-1,21,-1,1814,-1,-1,-1,-1,-1,-1,2,0,0,0,0,0,2,0,22,7,7,41.91287494,-87.63326564
0,359767,-1,35,0,0,2,3,7,5,-1,0,1,0,1,-1,-1,1,11,34,1523,-1,-1,-1,-1,-1,-1,3,0,0,0,0,0,1,0,22,7,7,41.88475758,-87.75537289
2,359745,-1,25,1,2,0,3,9,5,2,0,0,0,1,-1,-1,-1,6,3,1925,-1,-1,-1,-1,-1,-1,2,1,0,0,1,0,1,0,22,7,7,41.94019239,-87.63940797
0,359733,-1,25,1,2,2,3,14,8,3,0,1,0,0,1,-1,-1,23,-1,1934,-1,1,-1,-1,-1,-1,2,0,0,0,0,0,2,0,22,7,7,41.93322515,-87.63364981
-1,359819,-1,30,0,0,2,3,7,6,1,2,1,0,0,-1,-1,-1,0,0,1431,-1,-1,-1,-1,-1,-1,2,-1,-1,-1,-1,-1,-1,-1,22,7,7,41.91985572,-87.68908848
0,359806,-1,30,1,2,0,3,10,5,4,0,0,0,0,-1,-1,1,16,17,632,-1,-1,-1,-1,-1,-1,2,0,0,0,0,0,2,0,22,7,7,41.73660156,-87.6049681
0,359770,-1,30,2,2,0,3,0,5,2,0,0,0,1,1,-1,-1,5,0,432,-1,-1,-1,-1,-1,-1,2,0,0,0,0,0,2,0,22,7,7,41.70100486,-87.53038898
0,359735,-1,30,1,2,0,3,10,5,2,0,0,0,0,1,-1,-1,18,-1,133,-1,-1,-1,-1,-1,-1,2,0,0,0,0,0,4,0,21,7,7,41.84576272,-87.61714775
0,359740,-1,30,0,0,2,3,12,5,4,0,1,0,0,-1,-1,-1,21,-1,1631,-1,-1,-1,-1,-1,-1,2,0,0,0,0,0,2,0,21,7,7,41.95237516,-87.81929307
0,359755,-1,30,-1,-1,0,3,0,5,2,0,0,0,1,-1,-1,1,33,0,431,-1,-1,-1,-1,-1,-1,2,0,0,0,0,0,2,0,21,7,7,41.72235445,-87.57577806
0,359727,-1,30,2,2,2,3,12,5,-1,0,1,0,0,1,-1,-1,22,11,1923,-1,-1,-1,-1,-1,-1,2,0,0,0,0,0,3,0,21,7,7,41.95262663,-87.66402409
2,359719,-1,30,0,0,2,3,10,5,2,0,1,0,1,-1,-1,1,18,-1,1712,-1,-1,-1,-1,-1,-1,2,1,0,0,1,0,1,0,21,7,7,41.96847419,-87.7169733
0,360353,-1,30,1,2,0,3,10,2,4,0,1,0,0,1,-1,-1,0,0,133,-1,-1,-1,-1,-1,-1,2,0,0,0,0,0,4,0,21,7,7,41.84576272,-87.61714775
0,359703,-1,30,0,0,2,3,0,5,2,0,1,0,0,-1,-1,-1,17,0,914,-1,1,-1,-1,-1,-1,2,0,0,0,0,0,2,0,21,7,7,41.85220025,-87.63185167
0,359739,-1,35,1,3,0,3,10,2,6,0,1,0,1,-1,-1,-1,16,0,813,-1,-1,-1,-1,-1,-1,3,0,0,0,0,0,5,0,21,7,7,41.78681155,-87.74150909
0,359828,1,30,0,0,12,-1,7,7,-1,5,-1,0,1,-1,1,1,0,0,122,-1,-1,-1,-1,-1,-1,2,0,0,0,0,0,1,0,21,7,7,41.8793506,-87.63360801
0,359700,-1,30,2,2,0,3,14,5,2,0,0,0,0,1,-1,-1,23,22,2412,-1,-1,-1,-1,-1,-1,2,0,0,0,0,0,2,0,21,7,7,41.99790258,-87.68629396
0,359691,-1,30,0,0,0,3,14,5,4,0,0,0,0,-1,-1,-1,0,-1,131,-1,-1,-1,-1,-1,-1,2,0,0,0,0,0,3,0,21,7,7,41.85667573,-87.62405318
0,359690,-1,35,0,0,0,3,5,5,2,0,0,0,1,-1,-1,-1,11,-1,423,-1,-1,-1,-1,-1,-1,1,0,0,0,0,0,1,0,20,7,7,41.7305052,-87.55141371
0,359708,-1,30,0,0,0,3,7,5,2,0,0,0,0,-1,-1,1,0,0,1412,-1,-1,-1,-1,-1,-1,2,0,0,0,0,0,1,0,20,7,7,41.92836439,-87.71234897
2,359604,-1,30,0,0,0,1,14,5,4,0,0,0,1,1,-1,-1,17,17,513,-1,-1,-1,-1,-1,-1,2,1,0,0,1,0,2,0,20,7,7,41.69465852,-87.61328081
0,359712,-1,30,0,0,2,3,10,5,2,0,1,0,0,-1,-1,-1,18,12,1224,1,1,-1,-1,-1,-1,2,0,0,0,0,0,3,0,20,7,7,41.88181563,-87.64721472
0,359833,-1,30,0,0,2,3,7,6,-1,0,1,0,1,-1,-1,-1,0,-1,913,-1,-1,-1,-1,-1,-1,2,0,0,0,0,0,1,0,20,7,7,41.83573351,-87.64945297
0,359696,-1,35,-1,-1,0,4,10,2,-1,0,0,0,0,-1,-1,-1,18,0,413,-1,-1,-1,-1,-1,-1,2,0,0,0,0,0,2,0,20,7,7,41.72264854,-87.56969074
0,359695,-1,30,0,0,0,3,2,5,2,0,0,0,1,-1,-1,-1,0,-1,411,-1,-1,-1,-1,-1,-1,1,0,0,0,0,0,1,0,20,7,7,41.7585787,-87.59064857
3,359680,-1,30,0,0,1,3,14,2,-1,0,0,0,1,1,-1,-1,22,-1,1233,-1,-1,-1,-1,-1,-1,2,1,0,1,0,0,2,0,20,7,7,41.86340896,-87.65672628
0,360613,-1,30,1,2,0,3,0,5,-1,0,0,0,0,-1,-1,-1,17,16,1111,-1,-1,-1,-1,-1,-1,2,0,0,0,0,0,5,0,20,7,7,41.89401129,-87.74562786
0,363804,-1,30,0,0,0,4,14,5,-1,0,0,0,0,-1,-1,-1,-1,-1,811,-1,-1,-1,-1,-1,-1,2,0,0,0,0,0,2,0,20,7,7,41.7921856,-87.79580847
2,359671,-1,30,1,2,2,4,14,5,4,0,1,0,1,1,-1,-1,0,0,1622,-1,-1,-1,-1,-1,-1,2,1,0,0,1,0,1,0,20,7,7,41.97576254,-87.78764579
0,360332,-1,30,0,0,2,-1,7,2,-1,0,1,0,0,-1,-1,-1,18,0,2211,-1,-1,-1,-1,-1,-1,2,0,0,0,0,0,1,0,20,7,7,41.69172973,-87.69637752
0,359639,-1,30,0,0,0,2,14,2,2,0,0,0,0,1,-1,-1,17,0,1732,-1,-1,-1,-1,-1,-1,2,0,0,0,0,0,2,0,19,7,7,41.93930952,-87.71853994
0,364882,-1,20,0,0,0,1,7,2,4,0,0,0,0,-1,-1,1,0,0,2431,-1,-1,-1,-1,-1,-1,2,0,0,0,0,0,1,0,19,7,7,42.00788364,-87.66150962
2,359841,-1,30,0,0,0,1,10,5,-1,0,0,0,1,-1,-1,-1,18,-1,622,-1,-1,-1,-1,-1,-1,2,1,0,0,1,0,1,0,19,7,7,41.7435061,-87.62689669
2,359638,-1,30,0,0,0,1,12,2,2,0,0,0,1,-1,-1,-1,17,-1,733,-1,-1,-1,-1,-1,-1,2,6,0,0,6,0,0,0,19,7,7,41.76101874,-87.64445409
0,359660,-1,15,0,0,0,1,7,-1,-1,0,0,0,0,-1,-1,-1,0,0,735,-1,-1,-1,-1,-1,-1,2,0,0,0,0,0,1,0,19,7,7,41.76485938,-87.66394018
0,360413,-1,35,0,0,0,1,7,5,-1,0,0,0,0,-1,-1,1,0,0,1831,-1,-1,-1,-1,-1,-1,2,0,0,0,0,0,1,0,19,7,7,41.89328203,-87.63520382
0,359657,-1,30,0,0,0,4,7,7,-1,0,0,0,0,-1,1,-1,20,-1,1823,-1,-1,-1,-1,-1,-1,2,0,0,0,0,0,1,0,19,7,7,41.89773349,-87.64230004
0,359649,-1,30,0,0,0,4,7,6,1,0,0,0,0,-1,-1,-1,0,-1,1531,-1,-1,-1,-1,-1,-1,2,0,0,0,0,0,1,0,19,7,7,41.90003817,-87.75096831
1,359628,-1,30,1,2,0,4,14,5,-1,0,0,0,1,-1,-1,-1,11,0,1923,-1,-1,-1,-1,-1,-1,2,1,0,0,0,1,1,0,19,7,7,41.95438519,-87.65026203
0,359603,-1,30,1,2,0,1,14,5,-1,0,0,0,0,1,-1,-1,17,-1,1923,-1,-1,-1,-1,-1,-1,2,0,0,0,0,0,2,0,19,7,7,41.94720223,-87.65668776
0,359622,-1,30,1,2,0,4,10,5,-1,0,1,0,0,-1,-1,-1,18,8,1124,-1,-1,-1,-1,-1,-1,2,0,0,0,0,0,2,0,19,7,7,41.87601522,-87.69630074
0,359582,-1,30,1,2,1,1,14,2,4,0,0,0,1,1,-1,-1,0,0,1221,-1,-1,-1,-1,-1,-1,2,0,0,0,0,0,3,0,19,7,7,41.89093109,-87.67703497
0,359610,-1,30,0,0,0,1,7,2,4,0,0,0,1,-1,-1,-1,-1,23,432,-1,-1,-1,-1,-1,-1,2,0,0,0,0,0,1,0,19,7,7,41.71917944,-87.53543348
1,359601,-1,30,0,0,1,1,2,6,1,0,-1,-1,1,-1,-1,-1,14,11,1133,-1,-1,-1,-1,-1,-1,1,1,0,0,0,1,0,0,19,7,7,41.86995434,-87.72249447
0,361782,-1,30,0,0,-1,-1,2,7,-1,0,-1,0,0,-1,1,-1,4,0,532,-1,-1,-1,-1,-1,-1,1,0,0,0,0,0,1,0,19,7,7,41.67409672,-87.61755261
0,359584,-1,30,0,0,0,1,7,7,-1,0,0,0,0,-1,-1,-1,-1,-1,833,-1,-1,-1,-1,-1,-1,2,0,0,0,0,0,3,0,18,7,7,41.76458961,-87.7222396
0,359568,-1,30,1,2,0,1,10,5,4,0,0,0,0,1,-1,-1,16,7,2511,-1,-1,-1,-1,-1,-1,2,0,0,0,0,0,2,0,18,7,7,41.93483734,-87.7762381
3,359579,-1,30,1,2,0,1,9,2,2,0,0,0,1,1,-1,-1,20,20,1831,-1,-1,-1,-1,-1,-1,2,2,0,1,1,0,0,0,18,7,7,41.89378278,-87.63577934
0,359547,-1,15,0,0,0,1,7,6,1,0,0,0,0,-1,-1,-1,23,-1,1913,-1,-1,-1,-1,-1,-1,2,0,0,0,0,0,1,0,18,7,7,41.96223938,-87.65837209
0,359589,-1,10,0,0,0,1,10,7,1,0,0,-1,0,-1,-1,1,0,0,234,-1,-1,-1,-1,-1,-1,2,0,0,0,0,0,2,0,18,7,7,41.79957233,-87.59599733
0,359578,-1,25,0,0,-1,-1,0,5,2,0,-1,-1,0,-1,-1,1,17,-1,1723,-1,-1,-1,-1,-1,-1,3,0,0,0,0,0,2,0,18,7,7,41.96481473,-87.71875706
0,359539,-1,20,0,0,0,1,10,6,-1,0,3,0,0,-1,-1,-1,-1,-1,1713,-1,-1,-1,-1,-1,-1,2,0,0,0,0,0,2,0,18,7,7,41.97093549,-87.70746879
0,359533,-1,30,0,0,0,1,14,5,2,0,0,0,1,-1,-1,-1,23,0,412,-1,-1,-1,-1,-1,-1,2,0,0,0,0,0,3,0,18,7,7,41.73688178,-87.59607644
0,359525,-1,10,0,0,0,1,7,5,-1,0,0,0,0,-1,1,-1,0,0,915,-1,-1,-1,-1,-1,-1,2,0,0,0,0,0,7,0,18,7,7,41.83698157,-87.64610387
0,359590,-1,25,1,2,1,3,10,5,5,0,0,0,0,1,-1,-1,8,-1,1833,-1,-1,-1,-1,-1,-1,2,0,0,0,0,0,3,0,18,7,7,41.89678807,-87.62813463
0,359677,-1,30,0,0,0,1,12,5,3,0,0,-1,0,-1,-1,-1,21,-1,121,-1,-1,-1,-1,-1,-1,2,0,0,0,0,0,2,0,18,7,7,41.87920311,-87.63955182
0,359606,-1,30,0,0,0,1,7,0,3,0,0,0,0,-1,-1,1,0,0,234,-1,-1,-1,-1,-1,-1,2,0,0,0,0,0,1,0,18,7,7,41.79521546,-87.59351262
0,359557,-1,30,0,0,0,1,7,5,-1,0,-1,-1,0,-1,-1,1,0,-1,2221,-1,-1,-1,-1,-1,-1,2,0,0,0,0,0,1,0,18,7,7,41.72532676,-87.68205465
0,359546,-1,30,1,2,1,1,10,5,4,0,-1,-1,0,-1,-1,1,0,-1,1513,-1,-1,-1,-1,-1,-1,2,0,0,0,0,0,2,0,18,7,7,41.87649011,-87.7648701
0,359535,-1,30,0,3,0,1,14,5,-1,0,0,0,0,-1,-1,-1,17,0,1623,-1,-1,-1,-1,-1,-1,2,0,0,0,0,0,2,0,18,7,7,41.98124889,-87.76532726
0,360386,-1,30,1,2,0,1,14,5,4,0,0,0,0,-1,-1,1,17,18,1733,-1,-1,-1,-1,-1,-1,3,0,0,0,0,0,4,0,17,7,7,41.93944102,-87.70767235
2,359495,-1,30,0,0,1,1,14,5,2,0,1,0,1,-1,-1,-1,17,21,1434,-1,-1,-1,-1,-1,-1,2,1,0,0,1,0,4,0,17,7,7,41.91313937,-87.68195744
0,359705,-1,35,1,2,0,1,10,5,-1,0,0,0,0,1,-1,1,20,-1,131,-1,-1,-1,-1,-1,-1,2,0,0,0,0,0,2,0,17,7,7,41.85277916,-87.6272344
1,359516,-1,30,0,0,0,1,10,5,-1,0,0,-1,1,-1,-1,1,0,-1,2524,-1,-1,-1,-1,-1,-1,2,1,0,0,0,1,1,0,17,7,7,41.92450527,-87.73418167
0,359506,-1,30,2,2,2,1,0,5,2,0,1,0,0,1,-1,-1,5,5,1214,-1,-1,-1,-1,-1,-1,2,0,0,0,0,0,2,0,17,7,7,41.88563923,-87.65541129
2,359541,-1,30,0,0,0,1,10,5,3,0,0,-1,1,-1,-1,-1,18,-1,1433,-1,-1,-1,-1,-1,-1,2,1,0,0,1,0,2,0,17,7,7,41.91753448,-87.6670491
0,359643,-1,30,1,2,1,1,14,5,0,0,-1,-1,0,-1,-1,1,0,-1,1023,-1,-1,-1,-1,-1,-1,2,0,0,0,0,0,4,0,17,7,7,41.85208173,-87.69041305
0,359586,-1,30,0,0,0,1,10,5,2,0,0,0,0,-1,-1,-1,18,-1,1923,-1,-1,-1,-1,-1,-1,2,0,0,0,0,0,3,0,17,7,7,41.94739335,-87.65196687
0,359900,-1,30,0,0,2,1,12,5,-1,0,1,0,0,-1,-1,-1,0,0,2413,-1,-1,-1,-1,-1,-1,2,0,0,0,0,0,2,0,17,7,7,41.99181866,-87.70779699
0,359624,-1,30,0,0,0,1,12,6,2,0,0,-1,0,-1,-1,-1,11,-1,1833,-1,-1,-1,-1,-1,-1,2,0,0,0,0,0,2,0,17,7,7,41.8962537,-87.62534615
0,359537,-1,30,0,0,0,1,10,-1,-1,0,0,0,0,-1,-1,-1,-1,-1,822,-1,-1,-1,-1,-1,-1,2,0,0,0,0,0,3,0,17,7,7,41.79338549,-87.7061486
0,359545,-1,30,2,2,0,1,0,3,4,0,0,0,1,1,-1,-1,17,0,1922,-1,-1,-1,-1,-1,-1,2,0,0,0,0,0,6,0,17,7,7,41.94525519,-87.66896382
0,359500,-1,30,0,0,0,1,12,5,-1,0,0,0,0,-1,-1,-1,21,-1,1831,-1,-1,-1,-1,-1,-1,2,0,0,0,0,0,5,0,17,7,7,41.89156267,-87.64063963
0,359543,-1,30,-1,0,0,1,14,5,-1,0,0,-1,0,-1,-1,-1,0,-1,2524,-1,-1,-1,-1,-1,-1,2,0,0,0,0,0,2,0,17,7,7,41.93161754,-87.73696289
0,364963,-1,30,0,0,0,1,2,5,-1,0,0,0,0,-1,-1,-1,0,0,1834,-1,-1,-1,-1,-1,-1,1,0,0,0,0,0,1,0,17,7,7,41.888124,-87.62682463
0,359493,-1,30,0,0,0,1,0,5,-1,0,0,0,0,1,-1,-1,17,-1,1932,-1,-1,-1,-1,-1,-1,2,0,0,0,0,0,2,0,17,7,7,41.92530955,-87.66463617
0,359473,-1,30,2,2,0,1,14,5,0,0,0,0,0,1,-1,-1,17,-1,911,-1,-1,-1,-1,-1,-1,2,0,0,0,0,0,2,0,17,7,7,41.83388647,-87.68535287
0,359485,-1,30,1,2,0,1,12,5,-1,0,0,0,1,-1,-1,1,21,0,623,-1,-1,-1,-1,-1,-1,2,0,0,0,0,0,2,0,17,7,7,41.75089105,-87.62596851
2,359464,-1,30,0,2,2,1,10,5,4,0,1,0,1,-1,-1,-1,18,-1,914,-1,-1,-1,-1,-1,-1,2,1,0,0,1,0,3,0,17,7,7,41.85298463,-87.63616443
0,359449,-1,30,0,0,0,1,0,2,-1,0,0,0,0,1,-1,-1,11,-1,613,-1,-1,-1,-1,-1,-1,2,0,0,0,0,0,2,0,17,7,7,41.74676554,-87.65378557
0,359460,-1,30,0,0,1,1,2,6,1,0,0,0,0,-1,-1,-1,20,0,321,0,-1,-1,-1,-1,-1,1,0,0,0,0,0,2,0,17,7,7,41.77668588,-87.60424969
0,359446,-1,30,0,0,0,1,10,2,-1,0,0,0,0,-1,-1,-1,0,-1,1432,-1,-1,-1,-1,-1,-1,2,0,0,0,0,0,3,0,17,7,7,41.92484138,-87.68395501
0,364277,-1,30,0,0,0,1,7,3,4,0,0,0,0,-1,-1,-1,17,17,131,-1,-1,-1,-1,-1,-1,2,0,0,0,0,0,1,0,17,7,7,41.85964086,-87.62412018
2,359884,-1,35,0,0,-1,1,10,5,-1,0,-1,-1,1,-1,-1,1,11,18,1524,-1,-1,-1,-1,-1,-1,2,1,0,0,1,0,1,0,17,7,7,41.89475645,-87.76374036
0,359453,-1,30,0,0,0,1,2,6,1,0,0,0,0,-1,-1,1,-1,-1,1724,-1,-1,-1,-1,-1,-1,2,0,0,0,0,0,1,0,17,7,7,41.95535455,-87.6993596
0,359450,-1,30,0,0,0,1,7,5,2,0,0,0,0,-1,-1,-1,33,33,2212,-1,-1,-1,-1,-1,-1,2,0,0,0,0,0,1,0,17,7,7,41.70205975,-87.66445655
0,359699,-1,30,0,0,-1,3,2,7,2,0,-1,-1,0,-1,1,-1,16,-1,1834,-1,-1,-1,-1,-1,-1,1,0,0,0,0,0,5,0,16,7,7,41.89510811,-87.62180792
0,359497,-1,35,2,12,0,1,7,6,1,0,0,0,0,-1,-1,-1,22,0,1925,-1,-1,-1,-1,-1,-1,2,0,0,0,0,0,2,0,16,7,7,41.94961378,-87.64667618
0,359435,-1,30,-1,-1,1,1,14,5,1,0,-1,-1,0,-1,-1,-1,0,0,2033,-1,-1,-1,-1,-1,-1,2,0,0,0,0,0,2,0,16,7,7,41.97608143,-87.66460055
0,359432,-1,30,0,0,0,1,14,5,-1,0,0,0,0,-1,-1,1,-1,-1,831,-1,-1,-1,-1,-1,-1,2,0,0,0,0,0,2,0,16,7,7,41.76429504,-87.70295716
0,359434,-1,25,0,0,0,1,14,5,2,0,0,0,0,1,-1,-1,23,0,1924,-1,-1,-1,-1,-1,-1,2,0,0,0,0,0,2,0,16,7,7,41.94548686,-87.65442049
0,359542,-1,30,0,0,0,1,7,5,-1,0,0,0,0,-1,-1,1,0,0,414,-1,-1,-1,-1,-1,-1,2,0,0,0,0,0,5,0,16,7,7,41.75872429,-87.56651436
0,359480,-1,30,0,0,0,1,12,3,4,0,0,0,0,-1,-1,-1,0,-1,1232,-1,-1,-1,-1,-1,-1,2,0,0,0,0,0,5,0,16,7,7,41.86728716,-87.64524694
0,359559,-1,30,0,0,0,1,7,6,3,0,0,12,0,-1,-1,-1,-1,-1,1832,-1,-1,-1,1,2,-1,2,0,0,0,0,0,1,0,16,7,7,41.89257276,-87.63100541
0,359389,1,15,0,0,0,1,7,5,2,0,0,0,0,-1,-1,1,0,-1,2221,-1,-1,-1,-1,-1,-1,2,0,0,0,0,0,1,0,16,7,7,41.72310105,-87.6669568
0,359681,-1,30,1,2,1,1,10,5,2,0,0,0,0,-1,-1,1,6,17,922,-1,-1,-1,-1,-1,-1,3,0,0,0,0,0,3,0,16,7,7,41.81547066,-87.70222735
0,359512,-1,30,2,2,0,1,0,5,-1,0,1,0,0,-1,-1,-1,17,16,2512,-1,-1,-1,-1,-1,-1,2,0,0,0,0,0,3,0,16,7,7,41.919757,-87.80475457
0,359461,-1,30,0,0,0,1,12,5,4,0,0,0,0,-1,-1,-1,0,-1,1224,-1,-1,-1,-1,-1,-1,2,0,0,0,0,0,7,0,16,7,7,41.88406971,-87.66327002
0,359448,-1,30,0,0,0,1,0,5,-1,0,0,0,0,1,-1,-1,-1,-1,334,-1,-1,-1,-1,-1,-1,2,0,0,0,0,0,2,0,16,7,7,41.76217412,-87.55892746
0,359415,-1,30,3,12,0,1,7,2,2,0,0,0,0,-1,-1,1,22,0,1931,-1,-1,-1,-1,-1,-1,2,0,0,0,0,0,2,0,16,7,7,41.93702336,-87.68446841