MOST_SEVERE_INJURY,RD_NO,CRASH_DATE_EST_I,POSTED_SPEED_LIMIT,TRAFFIC_CONTROL_DEVICE,DEVICE_CONDITION,WEATHER_CONDITION,LIGHTING_CONDITION,FIRST_CRASH_TYPE,TRAFFICWAY_TYPE,LANE_CNT,ALIGNMENT,ROADWAY_SURFACE_COND,ROAD_DEFECT,CRASH_TYPE,INTERSECTION_RELATED_I,NOT_RIGHT_OF_WAY_I,HIT_AND_RUN_I,PRIM_CONTRIBUTORY_CAUSE,SEC_CONTRIBUTORY_CAUSE,BEAT_OF_OCCURRENCE,PHOTOS_TAKEN_I,STATEMENTS_TAKEN_I,DOORING_I,WORK_ZONE_I,WORK_ZONE_TYPE,WORKERS_PRESENT_I,NUM_UNITS,INJURIES_TOTAL,INJURIES_FATAL,INJURIES_INCAPACITATING,INJURIES_NON_INCAPACITATING,INJURIES_REPORTED_NOT_EVIDENT,INJURIES_NO_INDICATION,INJURIES_UNKNOWN,CRASH_HOUR,CRASH_DAY_OF_WEEK,CRASH_MONTH,LATITUDE,LONGITUDE
0,359410,-1,30,1,-1,0,1,14,1,4,0,1,-1,0,-1,-1,-1,0,0,1711,-1,-1,-1,-1,-1,-1,2,0,0,0,0,0,2,0,16,7,7,41.99715925,-87.7186239
0,359369,-1,15,0,0,0,1,7,12,-1,0,0,0,0,-1,-1,-1,0,0,825,-1,-1,-1,-1,-1,-1,2,0,0,0,0,0,1,0,16,7,7,41.78463932,-87.68393594
2,359458,-1,25,1,2,1,1,9,7,-1,0,1,0,1,-1,0,1,8,-1,611,-1,-1,-1,-1,-1,-1,2,1,0,0,1,0,5,0,16,7,7,41.75020547,-87.66357779
0,359379,-1,30,0,0,1,1,0,2,4,0,0,0,0,-1,-1,-1,17,16,1921,-1,-1,-1,-1,-1,-1,2,0,0,0,0,0,5,0,16,7,7,41.95384923,-87.68831486
0,359399,-1,30,0,0,0,1,14,5,2,0,0,0,1,-1,-1,-1,22,-1,1235,-1,-1,-1,-1,-1,-1,3,0,0,0,0,0,2,0,16,7,7,41.85377696,-87.65089581
0,360305,-1,30,0,0,1,1,7,5,6,0,0,0,0,-1,-1,1,0,-1,1115,-1,-1,-1,-1,-1,-1,2,0,0,0,0,0,2,0,16,7,7,41.88077601,-87.73069838
0,359478,-1,30,0,0,0,1,7,6,1,0,0,0,0,-1,-1,-1,11,20,1213,-1,-1,-1,-1,-1,-1,2,0,0,0,0,0,1,0,16,7,7,41.89704284,-87.66675462
0,360274,-1,30,0,0,0,1,12,3,-1,0,0,0,0,-1,-1,-1,17,17,1224,-1,-1,-1,-1,-1,-1,2,0,0,0,0,0,4,0,16,7,7,41.88450187,-87.64837368
0,359388,1,30,2,2,0,1,14,5,-1,0,0,0,0,1,-1,-1,17,-1,2411,-1,-1,-1,-1,-1,-1,2,0,0,0,0,0,2,0,16,7,7,42.01238078,-87.68921395
0,359585,-1,15,0,0,0,1,14,7,-1,0,1,0,0,-1,1,-1,17,16,2533,-1,-1,-1,-1,-1,-1,2,0,0,0,0,0,6,0,16,7,7,41.91194623,-87.73632108
0,361591,-1,30,1,2,-1,1,12,6,3,0,-1,-1,0,-1,-1,1,0,0,112,-1,-1,-1,-1,-1,-1,2,0,0,0,0,0,2,0,16,7,7,41.88089127,-87.62667427
2,360804,-1,30,1,2,0,1,10,5,2,0,0,0,1,1,-1,-1,18,-1,1114,-1,-1,-1,-1,-1,-1,2,1,0,0,1,0,1,0,16,7,7,41.88198557,-87.72585459
0,359430,0,10,0,0,0,1,7,7,2,0,0,0,0,-1,-1,1,0,0,1931,-1,-1,-1,-1,-1,-1,2,0,0,0,0,0,1,0,16,7,7,41.92787172,-87.67325882
0,359367,-1,30,-1,-1,0,1,0,5,-1,0,0,-1,0,-1,-1,1,0,-1,2512,-1,-1,-1,-1,-1,-1,2,0,0,0,0,0,2,0,16,7,7,41.92786661,-87.78300276
0,359476,-1,30,1,-1,0,1,8,2,4,0,-1,-1,0,1,-1,1,25,0,123,-1,-1,-1,-1,-1,-1,2,0,0,0,0,0,2,0,15,7,7,41.86750701,-87.62727445
0,359376,-1,30,0,0,0,1,0,0,-1,0,0,0,0,-1,-1,1,-1,-1,822,-1,-1,-1,-1,-1,-1,2,0,0,0,0,0,3,0,15,7,7,41.78993828,-87.70688588
0,359332,-1,30,0,0,0,1,7,5,-1,0,0,0,0,-1,-1,-1,0,13,914,-1,-1,-1,-1,-1,-1,2,0,0,0,0,0,1,0,15,7,7,41.84270639,-87.64137301
0,378094,-1,30,0,0,0,1,7,5,-1,0,0,0,0,-1,-1,1,0,0,2024,-1,-1,-1,-1,-1,-1,2,0,0,0,0,0,1,0,15,7,7,41.97318775,-87.65592129
0,359381,-1,30,1,2,1,1,10,2,-1,0,0,0,0,1,-1,-1,0,0,2223,-1,-1,-1,-1,-1,-1,2,0,0,0,0,0,2,0,15,7,7,41.73578527,-87.64375883
0,359481,-1,30,0,0,0,1,7,7,-1,0,0,0,0,-1,1,1,0,-1,822,-1,-1,-1,-1,-1,-1,2,0,0,0,0,0,1,0,15,7,7,41.79748341,-87.72313507
0,359333,-1,30,0,0,1,1,7,2,2,0,0,0,1,-1,-1,-1,0,0,923,-1,-1,-1,-1,-1,-1,4,0,0,0,0,0,1,0,15,7,7,41.80119433,-87.68838841
0,359352,-1,30,0,0,0,1,10,5,2,2,0,0,0,-1,-1,-1,-1,-1,424,-1,-1,-1,-1,-1,-1,2,0,0,0,0,0,4,0,15,7,7,41.72292551,-87.54573608
0,359384,-1,20,0,0,0,1,10,2,-1,0,0,0,0,-1,-1,1,18,22,2433,-1,-1,-1,-1,-1,-1,2,0,0,0,0,0,2,0,15,7,7,41.996462,-87.66060967
2,359316,-1,30,2,2,0,1,9,5,-1,0,0,0,1,1,-1,-1,-1,-1,235,-1,-1,-1,-1,-1,-1,2,1,0,0,1,0,1,0,15,7,7,41.79158713,-87.59346105
0,359365,-1,30,0,0,0,1,7,6,1,0,0,0,0,-1,-1,1,0,-1,322,-1,-1,-1,-1,-1,-1,2,0,0,0,0,0,1,0,15,7,7,41.76759623,-87.617562
0,370115,-1,20,2,2,0,1,0,5,-1,0,0,0,0,1,-1,-1,5,11,1811,-1,-1,-1,-1,-1,-1,2,0,0,0,0,0,2,0,15,7,7,41.92317657,-87.65732332
0,360856,-1,30,2,2,0,1,14,6,1,0,0,0,0,1,-1,-1,23,-1,1422,-1,-1,-1,-1,-1,-1,2,0,0,0,0,0,3,0,15,7,7,41.9036876,-87.70911366
0,359349,-1,30,0,0,0,1,8,7,-1,0,0,0,0,-1,-1,-1,0,-1,1822,-1,-1,-1,-1,-1,-1,2,0,0,0,0,0,2,0,15,7,7,41.91049507,-87.64811458
2,359312,-1,30,0,0,0,1,9,2,2,0,0,0,1,-1,-1,-1,-1,-1,712,-1,-1,-1,-1,-1,-1,2,1,0,0,1,0,2,0,15,7,7,41.78480581,-87.65448778
0,359361,-1,30,0,0,0,1,7,5,-1,0,0,0,0,-1,-1,-1,17,-1,2011,-1,-1,-1,-1,-1,-1,2,0,0,0,0,0,1,0,15,7,7,41.97595357,-87.69554369
1,361452,-1,30,0,0,2,1,0,5,2,0,0,0,1,-1,-1,-1,0,0,2012,-1,-1,-1,-1,-1,-1,2,2,0,0,0,2,1,0,15,7,7,41.99067083,-87.67107201
0,359284,-1,30,1,2,0,1,10,2,2,0,1,0,1,1,-1,-1,18,16,833,-1,-1,-1,-1,-1,-1,3,0,0,0,0,0,4,0,15,7,7,41.76427403,-87.71755949
0,360356,-1,30,0,0,2,1,7,6,-1,0,1,0,0,-1,-1,1,-1,-1,2023,-1,-1,-1,-1,-1,-1,2,0,0,0,0,0,1,0,15,7,7,41.98195484,-87.65715664
2,359350,-1,35,-1,-1,2,1,14,5,4,0,-1,-1,1,-1,-1,-1,0,-1,834,-1,-1,-1,-1,-1,-1,2,2,0,0,2,0,0,0,15,7,7,41.7451515,-87.70926178
0,359271,-1,35,1,2,0,1,12,6,-1,0,0,0,0,1,-1,1,-1,-1,121,-1,-1,-1,-1,-1,-1,2,0,0,0,0,0,2,0,15,7,7,41.87938167,-87.63946078
0,359253,-1,30,1,2,0,1,12,2,6,0,0,0,0,-1,-1,-1,4,22,113,-1,-1,-1,-1,-1,-1,2,0,0,0,0,0,2,0,14,7,7,41.87579637,-87.62613976
0,359287,-1,30,1,-1,0,4,10,5,2,0,0,0,1,-1,-1,-1,18,-1,1235,-1,-1,-1,-1,-1,-1,3,0,0,0,0,0,6,0,14,7,7,41.85925613,-87.64653821
0,359237,-1,30,1,-1,0,1,12,2,4,0,-1,-1,0,1,-1,-1,11,0,124,-1,-1,-1,-1,-1,-1,2,0,0,0,0,0,2,0,14,7,7,41.86888971,-87.63909893
0,359217,-1,35,0,0,0,1,14,5,4,2,0,0,1,-1,-1,-1,10,10,1622,-1,-1,-1,-1,-1,-1,2,0,0,0,0,0,4,0,14,7,7,41.98224787,-87.7739224
0,359239,-1,35,0,0,1,1,0,5,-1,0,0,0,0,-1,-1,-1,17,17,1624,-1,1,-1,-1,-1,-1,2,0,0,0,0,0,2,0,14,7,7,41.9584247,-87.76702835
0,359295,-1,35,1,2,0,1,12,3,-1,0,0,0,0,-1,-1,-1,21,21,2221,-1,-1,-1,-1,-1,-1,2,0,0,0,0,0,2,0,14,7,7,41.73544437,-87.68236494
0,359232,-1,10,0,0,0,1,0,7,-1,0,-1,-1,0,-1,1,-1,20,-1,912,-1,-1,-1,-1,-1,-1,2,0,0,0,0,0,2,0,14,7,7,41.83646835,-87.6655669
0,359605,-1,35,0,0,0,1,7,7,-1,0,0,-1,0,-1,-1,-1,0,-1,632,-1,-1,-1,-1,-1,-1,2,0,0,0,0,0,1,0,14,7,7,41.73990595,-87.60506184
0,359268,-1,20,0,0,0,1,12,2,2,3,0,0,0,1,-1,0,0,-1,2013,-1,-1,-1,-1,-1,-1,2,0,0,0,0,0,2,0,14,7,7,41.98557605,-87.66017649
0,359229,-1,30,0,0,0,1,11,5,-1,0,0,-1,0,-1,-1,-1,0,0,833,-1,-1,-1,-1,-1,-1,2,0,0,0,0,0,3,0,14,7,7,41.77143982,-87.72629632
0,359241,-1,10,0,0,0,1,2,12,-1,0,0,0,0,-1,1,-1,20,0,1923,-1,-1,-1,-1,-1,-1,1,0,0,0,0,0,1,0,14,7,7,41.95436836,-87.65522418
0,359212,-1,30,0,0,0,1,10,2,-1,0,-1,0,0,1,-1,-1,0,-1,322,-1,-1,-1,-1,-1,-1,2,0,0,0,0,0,2,0,14,7,7,41.76945048,-87.61529792
0,359226,-1,35,2,0,1,1,10,2,-1,0,0,-1,0,-1,-1,-1,5,-1,1411,-1,-1,-1,-1,-1,-1,2,0,0,0,0,0,2,0,14,7,7,41.9346892,-87.69754719
0,359273,-1,30,0,0,0,1,12,2,2,0,0,0,0,-1,-1,-1,17,-1,2024,-1,-1,-1,-1,-1,-1,2,0,0,0,0,0,3,0,14,7,7,41.97633469,-87.65484971
0,361946,-1,30,0,0,0,1,7,7,2,0,0,-1,0,-1,-1,1,0,0,924,-1,-1,-1,-1,-1,-1,2,0,0,0,0,0,1,0,14,7,7,41.81930328,-87.66507884
0,359262,-1,30,0,0,0,1,10,5,-1,0,0,0,0,-1,-1,-1,-1,-1,811,-1,-1,-1,-1,-1,-1,2,0,0,0,0,0,2,0,14,7,7,41.79264234,-87.7624466
2,359254,-1,20,0,0,0,1,8,7,0,0,0,0,1,-1,-1,-1,33,-1,1421,-1,-1,-1,-1,-1,-1,2,1,0,0,1,0,1,0,14,7,7,41.91735855,-87.69934107
0,359175,-1,25,1,2,1,1,7,5,-1,0,0,0,0,-1,-1,-1,0,0,1833,-1,-1,-1,-1,-1,-1,2,0,0,0,0,0,1,0,14,7,7,41.89925506,-87.62783464
0,362050,-1,30,1,2,0,1,10,5,2,0,0,0,0,-1,-1,-1,18,18,331,-1,-1,-1,-1,-1,-1,2,0,0,0,0,0,2,0,13,7,7,41.7915802,-87.58556422
0,359242,-1,30,0,0,0,1,7,3,3,0,0,0,0,-1,-1,-1,21,0,234,-1,-1,-1,-1,-1,-1,2,0,0,0,0,0,3,0,13,7,7,41.80145655,-87.58774186
0,360507,-1,15,0,0,0,1,7,7,2,0,0,0,0,-1,1,1,0,0,1934,-1,-1,-1,-1,-1,-1,2,0,0,0,0,0,1,0,13,7,7,41.93733844,-87.64445647
0,359515,-1,30,0,0,0,1,10,6,3,0,0,0,0,-1,-1,-1,18,-1,121,-1,-1,-1,-1,-1,-1,2,0,0,0,0,0,3,0,13,7,7,41.88192843,-87.64104807
3,359188,-1,30,12,12,0,1,14,2,2,0,0,0,1,-1,-1,-1,23,17,1622,-1,-1,-1,-1,-1,-1,2,1,0,1,0,0,1,0,13,7,7,41.97441796,-87.78172155
0,359297,-1,30,2,-1,1,1,10,2,2,0,0,0,1,1,-1,-1,16,0,822,-1,-1,-1,-1,-1,-1,2,0,0,0,0,0,2,0,13,7,7,41.78628051,-87.70829572
0,359200,-1,30,2,-1,0,1,14,2,-1,0,-1,-1,0,1,-1,-1,23,-1,911,-1,-1,-1,-1,-1,-1,2,0,0,0,0,0,5,0,13,7,7,41.83358679,-87.68533146
0,359149,-1,30,1,2,0,1,14,5,4,0,0,0,0,1,-1,-1,23,-1,614,-1,-1,-1,-1,-1,-1,2,0,0,0,0,0,3,0,13,7,7,41.73590045,-87.66300726
0,359274,-1,30,0,0,0,2,9,5,-1,0,0,0,0,-1,-1,-1,-1,-1,833,-1,-1,-1,-1,-1,-1,2,0,0,0,0,0,5,0,13,7,7,41.76400775,-87.72249911
0,359245,-1,30,0,0,0,1,7,6,1,0,0,0,0,-1,-1,-1,10,0,912,-1,-1,-1,-1,-1,-1,2,0,0,0,0,0,2,0,13,7,7,41.83312897,-87.6764368
0,359173,-1,30,0,0,0,1,11,6,2,0,0,0,0,-1,-1,-1,20,11,1232,-1,-1,-1,-1,-1,-1,2,0,0,0,0,0,2,0,13,7,7,41.87784358,-87.64678183
0,359290,-1,20,0,0,0,1,7,2,-1,0,0,-1,0,-1,-1,-1,20,20,2013,-1,-1,-1,-1,-1,-1,2,0,0,0,0,0,1,0,13,7,7,41.98233782,-87.66837894
0,359143,-1,30,1,2,0,1,10,5,-1,0,0,0,1,-1,-1,-1,18,-1,1623,-1,-1,-1,-1,-1,-1,3,0,0,0,0,0,8,0,13,7,7,41.96847194,-87.76735026
0,359142,-1,25,0,0,0,1,0,6,1,0,0,0,0,-1,-1,1,17,16,1732,-1,-1,-1,-1,-1,-1,1,0,0,0,0,0,1,0,13,7,7,41.94090204,-87.71952633
0,359162,-1,0,2,2,2,1,0,5,1,0,1,0,0,-1,-1,1,0,0,212,-1,-1,-1,-1,-1,-1,2,0,0,0,0,0,2,0,13,7,7,41.82596542,-87.60789044
0,359160,-1,20,0,0,2,1,7,3,-1,0,1,0,0,-1,-1,-1,0,0,221,-1,-1,-1,-1,-1,-1,2,0,0,0,0,0,1,0,13,7,7,41.81453,-87.60462686
0,359199,-1,30,0,0,0,1,10,7,2,0,0,-1,0,-1,1,1,18,-1,124,-1,-1,-1,-1,-1,-1,2,0,0,0,0,0,2,0,13,7,7,41.8698556,-87.64027031
0,359186,-1,15,0,0,0,1,10,7,-1,0,0,0,0,-1,-1,1,18,16,2533,-1,-1,-1,-1,-1,-1,2,0,0,0,0,0,5,0,13,7,7,41.9113062,-87.74363106
0,367483,-1,30,0,0,0,1,7,5,4,0,0,-1,0,-1,-1,-1,23,0,2023,-1,-1,-1,-1,-1,-1,2,0,0,0,0,0,1,0,13,7,7,41.98355943,-87.65738202
0,359129,-1,30,2,2,0,1,10,5,-1,0,0,-1,0,-1,-1,1,16,0,811,-1,-1,-1,-1,-1,-1,2,0,0,0,0,0,3,0,13,7,7,41.79264234,-87.7624466
0,359120,-1,30,-1,-1,-1,1,12,5,-1,0,0,-1,0,-1,-1,-1,0,-1,1722,-1,-1,-1,-1,-1,-1,2,0,0,0,0,0,2,0,13,7,7,41.95373705,-87.72776661
0,359267,-1,30,0,0,0,1,12,3,6,0,0,-1,0,-1,-1,-1,21,-1,114,-1,-1,-1,-1,-1,-1,2,0,0,0,0,0,2,0,13,7,7,41.88810277,-87.62440629
0,359113,-1,30,1,2,0,1,10,3,6,0,1,0,0,1,-1,-1,18,7,432,-1,-1,-1,-1,-1,-1,2,0,0,0,0,0,2,0,13,7,7,41.70438329,-87.52648857
0,359105,-1,35,0,0,0,1,14,3,4,0,0,0,0,-1,-1,-1,18,-1,1614,-1,-1,-1,-1,-1,-1,2,0,0,0,0,0,3,0,13,7,7,41.98259956,-87.83672841
0,369020,1,15,0,0,0,1,7,7,-1,0,0,0,0,-1,-1,1,0,0,2513,-1,-1,-1,-1,-1,-1,2,0,0,0,0,0,1,0,13,7,7,41.91313727,-87.80576283
0,359306,-1,30,0,0,0,1,7,5,-1,0,-1,-1,0,-1,-1,1,0,0,1923,-1,-1,-1,-1,-1,-1,2,0,0,0,0,0,1,0,13,7,7,41.9544109,-87.65224152
0,359210,-1,30,-1,-1,0,1,10,5,-1,0,0,-1,0,-1,-1,-1,0,-1,2515,-1,-1,-1,-1,-1,-1,2,0,0,0,0,0,2,0,13,7,7,41.91558576,-87.765854
0,359207,-1,30,1,2,0,1,10,5,-1,0,0,0,0,-1,-1,-1,18,0,2515,-1,-1,-1,-1,-1,-1,2,0,0,0,0,0,3,0,13,7,7,41.92415353,-87.76113266
0,359144,-1,30,0,0,0,1,7,7,-1,0,0,0,0,-1,-1,1,25,-1,2234,-1,-1,-1,-1,-1,-1,2,0,0,0,0,0,2,0,13,7,7,41.68472444,-87.66173942
0,359136,-1,30,0,0,0,1,11,5,-1,0,0,0,0,-1,-1,-1,0,0,1621,-1,-1,-1,-1,-1,-1,2,0,0,0,0,0,2,0,13,7,7,41.99929187,-87.76201574
0,359130,1,30,0,0,0,1,7,6,-1,0,0,0,0,-1,-1,1,0,-1,1924,-1,-1,-1,-1,-1,-1,2,0,0,0,0,0,1,0,13,7,7,41.94535541,-87.66385047
0,359122,-1,30,1,2,0,1,10,3,4,0,1,0,1,1,-1,-1,18,-1,2413,-1,-1,-1,-1,-1,-1,2,0,0,0,0,0,2,0,13,7,7,41.99079242,-87.67936519
1,359093,-1,25,-1,-1,2,1,9,2,-1,0,1,0,1,1,-1,-1,17,34,611,-1,-1,-1,-1,-1,-1,2,1,0,0,0,1,1,0,12,7,7,41.75026224,-87.66358012
3,359128,-1,30,2,2,2,1,10,5,2,0,1,0,1,1,-1,-1,0,34,713,-1,-1,-1,-1,-1,-1,2,4,0,1,3,0,0,0,12,7,7,41.78866521,-87.65488347
0,359391,-1,35,0,0,2,1,12,6,-1,0,0,-1,0,-1,-1,-1,0,-1,414,-1,-1,-1,-1,-1,-1,2,0,0,0,0,0,3,0,12,7,7,41.75157599,-87.5712511
2,359111,-1,30,1,2,2,1,10,12,3,0,1,0,1,1,1,-1,6,22,524,-1,-1,-1,-1,-1,-1,5,1,0,0,1,0,6,0,12,7,7,41.67743887,-87.66123603
0,359090,-1,30,0,0,0,1,12,12,4,0,0,0,0,1,-1,-1,-1,-1,834,-1,-1,-1,-1,-1,-1,2,0,0,0,0,0,2,0,12,7,7,41.74964091,-87.74124877
0,359078,-1,20,0,0,1,1,0,12,4,0,1,2,1,1,-1,-1,32,0,915,-1,-1,-1,-1,-1,-1,2,0,0,0,0,0,6,0,12,7,7,41.83471956,-87.63075097
0,359141,-1,30,0,0,2,1,12,5,2,0,1,0,0,-1,-1,-1,0,0,1231,-1,1,-1,-1,-1,-1,2,0,0,0,0,0,2,0,12,7,7,41.87775573,-87.6571652
0,359107,-1,30,1,2,1,1,14,6,-1,0,0,0,0,1,-1,-1,21,-1,121,-1,-1,-1,-1,-1,-1,2,0,0,0,0,0,2,0,12,7,7,41.88174119,-87.64149712
3,359083,-1,30,-1,-1,2,1,10,2,-1,0,1,-1,1,-1,-1,-1,18,0,2013,-1,-1,-1,-1,-1,-1,2,1,0,1,0,0,2,0,12,7,7,41.98221586,-87.66835947
0,359088,-1,30,0,0,0,1,12,5,2,0,0,0,0,-1,-1,-1,0,0,1923,-1,-1,-1,-1,-1,-1,2,0,0,0,0,0,7,0,12,7,7,41.94736076,-87.65352423
0,359074,-1,30,0,0,2,1,10,5,2,0,1,0,0,-1,-1,-1,34,18,2022,-1,-1,-1,-1,-1,-1,2,0,0,0,0,0,3,0,12,7,7,41.98559146,-87.65817832
0,359065,-1,30,1,2,2,1,14,1,-1,0,1,0,1,1,-1,-1,17,34,122,-1,1,-1,-1,-1,-1,2,0,0,0,0,0,2,0,12,7,7,41.88323435,-87.63664906
0,359452,-1,30,1,2,0,3,12,2,4,0,0,0,0,-1,-1,1,0,-1,1915,-1,-1,-1,-1,-1,-1,2,0,0,0,0,0,2,0,12,7,7,41.95476421,-87.64459146
3,359071,-1,40,0,0,0,1,7,3,8,2,0,0,1,-1,-1,-1,21,16,1915,-1,-1,-1,-1,-1,-1,4,1,0,1,0,0,2,0,12,7,7,41.96107617,-87.64598137
0,359063,-1,30,0,0,2,1,7,7,2,0,1,-1,0,-1,-1,1,0,11,221,-1,-1,-1,-1,-1,-1,2,0,0,0,0,0,1,0,12,7,7,41.80966732,-87.60448624
2,359055,-1,30,1,2,2,1,8,3,3,0,1,0,1,1,-1,-1,17,33,114,-1,-1,-1,-1,-1,-1,2,1,0,0,1,0,2,0,11,7,7,41.8820484,-87.62421733
0,359298,-1,30,0,0,0,1,12,5,4,0,0,-1,0,1,-1,1,21,-1,2013,-1,-1,-1,-1,-1,-1,2,0,0,0,0,0,4,0,11,7,7,41.98540533,-87.66320365
0,362126,-1,30,1,2,2,1,10,5,-1,0,1,0,0,-1,-1,-1,16,0,1013,-1,-1,-1,-1,-1,-1,2,0,0,0,0,0,2,0,11,7,7,41.85136621,-87.72976632
0,359047,-1,30,0,0,2,1,10,2,2,0,1,0,0,-1,-1,-1,18,0,2512,-1,-1,-1,-1,-1,-1,2,0,0,0,0,0,6,0,11,7,7,41.9181172,-87.80592076
2,359048,-1,15,0,0,1,1,14,5,1,0,1,0,1,-1,-1,-1,22,21,523,-1,1,-1,-1,-1,-1,2,1,0,0,1,0,3,0,11,7,7,41.66321357,-87.64036383
0,359089,1,30,0,0,2,3,7,6,1,0,1,0,0,-1,-1,-1,0,-1,722,-1,-1,-1,-1,-1,-1,2,0,0,0,0,0,1,0,11,7,7,41.77668147,-87.63320017
0,358988,-1,30,1,2,2,1,12,5,4,0,1,0,0,-1,-1,-1,21,17,2432,-1,-1,-1,-1,-1,-1,2,0,0,0,0,0,2,0,11,7,7,42.00000176,-87.66054711
0,358991,-1,30,0,0,2,1,12,5,2,0,1,0,0,-1,-1,-1,17,22,2521,-1,-1,-1,-1,-1,-1,2,0,0,0,0,0,2,0,11,7,7,41.92597813,-87.74710709
0,359010,-1,30,1,2,2,1,14,3,-1,0,1,0,1,1,-1,1,17,-1,932,-1,-1,-1,-1,-1,-1,2,0,0,0,0,0,2,0,11,7,7,41.80122506,-87.66492096
0,358979,-1,30,1,2,2,1,14,5,2,0,1,0,0,-1,-1,-1,-1,-1,1232,-1,-1,-1,-1,-1,-1,2,0,0,0,0,0,3,0,11,7,7,41.87924664,-87.65208561
0,372789,-1,40,0,0,-1,1,10,2,6,0,-1,-1,0,-1,-1,-1,0,0,114,-1,-1,-1,-1,-1,-1,2,0,0,0,0,0,2,0,11,7,7,41.88284273,-87.61693991
0,360269,-1,30,0,0,0,1,7,5,-1,0,-1,0,0,-1,-1,1,0,-1,2521,-1,-1,-1,-1,-1,-1,2,0,0,0,0,0,1,0,11,7,7,41.93047834,-87.741501
0,359006,-1,35,0,0,2,1,10,0,-1,0,1,0,0,-1,-1,1,25,-1,1223,-1,-1,-1,-1,-1,-1,2,0,0,0,0,0,2,0,11,7,7,41.88223777,-87.683226
0,359005,-1,20,0,0,2,1,7,6,1,0,1,0,1,-1,-1,1,0,-1,834,-1,-1,-1,-1,-1,-1,2,0,0,0,0,0,1,0,11,7,7,41.73963558,-87.70276686
0,358971,-1,30,1,2,2,1,0,3,7,0,1,0,1,1,-1,-1,6,11,1834,-1,-1,-1,-1,-1,-1,3,0,0,0,0,0,3,0,11,7,7,41.89349816,-87.62407212
2,358985,-1,30,0,0,2,1,8,2,-1,0,1,0,1,-1,-1,-1,0,-1,824,-1,-1,-1,-1,-1,-1,2,1,0,0,1,0,1,0,10,7,7,41.79160987,-87.7033556
0,358960,-1,20,0,0,0,1,7,5,1,0,1,0,0,-1,-1,-1,-1,-1,811,-1,-1,-1,-1,-1,-1,2,0,0,0,0,0,1,0,10,7,7,41.79639652,-87.76979724
0,359246,-1,30,0,0,2,1,12,6,-1,0,0,0,0,-1,-1,-1,21,-1,1831,-1,-1,-1,-1,-1,-1,2,0,0,0,0,0,3,0,10,7,7,41.89230994,-87.63174268
0,358997,-1,35,1,2,2,1,10,5,2,0,1,0,0,-1,-1,-1,0,0,2424,-1,-1,-1,-1,-1,-1,2,0,0,0,0,0,2,0,10,7,7,42.01936008,-87.68315045
0,358951,-1,30,0,0,2,1,7,7,-1,0,1,0,1,-1,1,-1,-1,-1,1925,-1,-1,-1,-1,-1,-1,2,0,0,0,0,0,1,0,10,7,7,41.94510109,-87.64160243
0,360213,-1,30,2,2,2,1,10,2,2,0,1,0,0,-1,-1,-1,0,0,2411,-1,-1,-1,-1,-1,-1,2,0,0,0,0,0,2,0,10,7,7,42.01937669,-87.68482733
0,358974,-1,30,1,2,2,1,10,6,4,0,1,0,0,-1,-1,-1,16,18,112,-1,-1,-1,-1,-1,-1,2,0,0,0,0,0,2,0,10,7,7,41.88311181,-87.62578424
0,358932,-1,35,0,0,2,1,10,5,-1,0,1,0,0,-1,-1,1,0,0,2422,-1,-1,-1,-1,-1,-1,3,0,0,0,0,0,3,0,10,7,7,42.02088268,-87.66636742
0,358959,-1,30,0,0,2,1,7,5,-1,0,1,0,0,-1,-1,-1,16,0,611,-1,-1,-1,-1,-1,-1,2,0,0,0,0,0,1,0,10,7,7,41.75046576,-87.66347425
0,358931,-1,30,1,2,2,1,10,2,4,0,1,0,0,-1,-1,-1,16,18,1214,-1,-1,-1,-1,-1,-1,2,0,0,0,0,0,3,0,10,7,7,41.8939098,-87.64754536
0,358924,-1,30,2,2,1,1,0,5,0,0,1,0,0,1,-1,-1,17,-1,1622,-1,-1,-1,-1,-1,-1,2,0,0,0,0,0,3,0,10,7,7,41.98166134,-87.77338898
0,358949,-1,30,1,2,2,1,12,6,3,0,1,0,1,-1,-1,1,32,-1,121,-1,1,-1,-1,-1,-1,2,0,0,0,0,0,4,0,10,7,7,41.88455161,-87.63987424
0,358939,-1,30,1,2,0,1,14,8,-1,0,0,0,0,1,-1,-1,17,11,1654,-1,-1,-1,-1,-1,-1,2,0,0,0,0,0,2,0,10,7,7,-1,-1
0,358947,-1,30,0,0,2,1,10,5,-1,0,1,0,0,-1,-1,1,18,-1,631,-1,-1,-1,-1,-1,-1,2,0,0,0,0,0,3,0,10,7,7,41.74370232,-87.62418593
2,358922,-1,0,0,0,-1,1,9,7,-1,0,1,0,1,-1,-1,1,20,-1,2524,-1,-1,-1,-1,-1,-1,2,1,0,0,1,0,1,0,10,7,7,41.93166402,-87.72808651
0,358973,-1,30,1,2,2,1,10,5,2,0,1,0,0,1,-1,-1,34,-1,824,-1,-1,-1,-1,-1,-1,2,0,0,0,0,0,3,0,10,7,7,41.7936021,-87.69364875
0,358927,-1,30,2,2,2,2,7,5,1,0,1,0,0,1,-1,1,0,0,821,-1,-1,-1,-1,-1,-1,2,0,0,0,0,0,1,0,10,7,7,41.81342747,-87.71016427