MOST_SEVERE_INJURY,RD_NO,CRASH_DATE_EST_I,POSTED_SPEED_LIMIT,TRAFFIC_CONTROL_DEVICE,DEVICE_CONDITION,WEATHER_CONDITION,LIGHTING_CONDITION,FIRST_CRASH_TYPE,TRAFFICWAY_TYPE,LANE_CNT,ALIGNMENT,ROADWAY_SURFACE_COND,ROAD_DEFECT,CRASH_TYPE,INTERSECTION_RELATED_I,NOT_RIGHT_OF_WAY_I,HIT_AND_RUN_I,PRIM_CONTRIBUTORY_CAUSE,SEC_CONTRIBUTORY_CAUSE,BEAT_OF_OCCURRENCE,PHOTOS_TAKEN_I,STATEMENTS_TAKEN_I,DOORING_I,WORK_ZONE_I,WORK_ZONE_TYPE,WORKERS_PRESENT_I,NUM_UNITS,INJURIES_TOTAL,INJURIES_FATAL,INJURIES_INCAPACITATING,INJURIES_NON_INCAPACITATING,INJURIES_REPORTED_NOT_EVIDENT,INJURIES_NO_INDICATION,INJURIES_UNKNOWN,CRASH_HOUR,CRASH_DAY_OF_WEEK,CRASH_MONTH,LATITUDE,LONGITUDE
0,358895,-1,30,0,12,2,1,7,5,1,0,1,0,0,-1,-1,1,23,-1,424,-1,-1,-1,-1,-1,-1,2,0,0,0,0,0,1,0,10,7,7,41.73369535,-87.54715384
2,358890,-1,30,0,0,2,1,2,0,1,0,1,0,1,-1,1,-1,0,-1,2411,-1,-1,-1,-1,-1,-1,1,1,0,0,1,0,0,0,10,7,7,42.01517636,-87.69007107
0,359187,-1,30,0,0,0,1,7,5,-1,0,1,0,0,-1,-1,-1,20,0,1621,-1,-1,-1,-1,-1,-1,2,0,0,0,0,0,1,0,9,7,7,42.00722798,-87.76610155
0,358995,-1,30,1,2,0,1,12,5,2,0,0,0,0,-1,-1,1,0,-1,2523,-1,-1,-1,-1,-1,-1,2,0,0,0,0,0,3,0,9,7,7,41.93460672,-87.71740866
2,358923,-1,30,1,2,2,1,0,5,4,0,1,-1,1,1,-1,-1,15,-1,124,-1,-1,-1,-1,-1,-1,2,1,0,0,1,0,2,0,9,7,7,41.86730872,-87.64368527
2,358906,-1,35,0,0,2,1,7,7,0,0,1,-1,1,-1,0,-1,0,0,211,-1,-1,-1,-1,-1,-1,2,2,0,0,2,0,0,0,9,7,7,41.8313099,-87.61321197
0,358910,-1,30,0,0,2,1,7,5,4,0,1,0,1,-1,-1,1,21,16,1112,-1,-1,-1,-1,-1,-1,2,0,0,0,0,0,2,0,9,7,7,41.89534506,-87.71692175
0,358893,-1,15,0,0,1,1,2,0,1,0,1,0,0,-1,1,1,20,19,1121,-1,-1,-1,-1,-1,-1,1,0,0,0,0,0,2,0,9,7,7,41.89745638,-87.71085364
0,365532,-1,30,0,0,2,1,7,2,-1,0,1,0,0,0,-1,-1,34,-1,323,-1,-1,-1,-1,-1,-1,2,0,0,0,0,0,1,0,9,7,7,41.76031676,-87.60529575
2,364344,-1,30,0,0,0,1,8,5,2,0,0,0,1,-1,-1,-1,17,-1,1934,-1,-1,1,-1,-1,-1,2,1,0,0,1,0,1,0,9,7,7,41.93524326,-87.64669342
0,359744,-1,30,1,2,2,3,14,5,-1,0,1,0,1,1,-1,1,17,-1,1632,-1,-1,-1,-1,-1,-1,2,0,0,0,0,0,2,0,9,7,7,41.95397591,-87.78674111
0,359053,-1,35,1,2,2,1,10,2,4,0,1,0,0,-1,-1,1,0,0,921,-1,-1,-1,-1,-1,-1,2,0,0,0,0,0,2,0,9,7,7,41.82302139,-87.68473353
0,359009,-1,30,0,0,2,1,10,2,4,0,1,0,0,-1,-1,1,11,16,323,-1,-1,-1,-1,-1,-1,2,0,0,0,0,0,2,0,9,7,7,41.76163083,-87.60532836
0,358928,-1,25,0,-1,2,1,12,12,-1,0,1,0,0,-1,-1,-1,22,17,624,-1,-1,-1,-1,-1,-1,2,0,0,0,0,0,2,0,9,7,7,41.75022442,-87.60869441
1,358843,-1,30,0,0,2,1,14,5,-1,0,1,0,1,-1,-1,-1,0,-1,2533,-1,-1,-1,-1,-1,-1,1,2,0,0,0,2,1,0,9,7,7,41.91380268,-87.74599466
0,358862,-1,0,0,0,2,1,2,7,-1,0,1,0,0,-1,1,1,0,0,2522,-1,-1,-1,-1,-1,-1,1,0,0,0,0,0,1,0,9,7,7,41.92413958,-87.74560807
0,358926,-1,30,1,2,2,1,7,5,2,0,1,0,0,-1,-1,-1,0,0,234,-1,-1,-1,-1,-1,-1,2,0,0,0,0,0,1,0,9,7,7,41.80021752,-87.58409797
0,361245,-1,30,1,2,0,1,10,5,2,0,0,0,0,-1,-1,-1,16,-1,931,-1,-1,-1,-1,-1,-1,2,0,0,0,0,0,2,0,9,7,7,41.80841675,-87.67483107
0,359086,-1,15,0,0,0,1,7,7,-1,0,0,0,0,-1,-1,-1,20,16,2515,-1,-1,-1,-1,-1,-1,2,0,0,0,0,0,1,0,9,7,7,41.92285442,-87.77431757
0,358942,-1,35,0,0,2,3,7,6,-1,0,1,0,0,-1,-1,-1,0,-1,813,-1,-1,-1,-1,-1,-1,2,0,0,0,0,0,1,0,9,7,7,41.79262061,-87.73432022
0,358841,-1,30,0,0,2,1,7,6,1,0,1,0,0,-1,-1,1,0,0,733,-1,-1,-1,-1,-1,-1,2,0,0,0,0,0,1,0,8,7,7,41.75871714,-87.65167109
0,358820,-1,30,2,2,2,1,0,2,2,0,1,0,0,1,-1,-1,17,-1,1723,-1,-1,-1,-1,-1,-1,4,0,0,0,0,0,3,0,8,7,7,41.96088038,-87.72429559
0,358872,-1,30,1,2,2,1,10,5,2,0,1,0,0,-1,-1,-1,18,18,2211,-1,-1,-1,-1,-1,-1,2,0,0,0,0,0,2,0,8,7,7,41.70578558,-87.72076589
0,358836,-1,35,0,0,2,1,12,5,2,0,1,0,1,1,-1,-1,21,16,2212,-1,-1,-1,-1,-1,-1,2,0,0,0,0,0,2,0,8,7,7,41.68838107,-87.66578545
0,358834,-1,30,1,2,2,1,10,12,0,0,1,0,0,1,-1,-1,34,-1,822,-1,-1,-1,-1,-1,-1,2,0,0,0,0,0,2,0,8,7,7,41.79759587,-87.70381827
0,359783,-1,30,0,0,0,1,7,6,2,0,0,0,0,-1,-1,1,22,21,234,-1,-1,-1,-1,-1,-1,2,0,0,0,0,0,1,0,8,7,7,41.79945686,-87.59193171
1,359266,-1,30,1,2,2,1,10,5,-1,0,1,0,1,-1,-1,-1,0,0,1132,-1,-1,-1,-1,-1,-1,2,1,0,0,0,1,1,0,8,7,7,41.866281,-87.72523422
0,358921,-1,30,1,2,-1,1,10,5,5,0,-1,0,0,-1,-1,-1,0,-1,833,-1,-1,-1,-1,-1,-1,2,0,0,0,0,0,2,0,8,7,7,41.7712395,-87.74199802
2,358801,-1,30,1,2,2,1,14,1,0,0,1,-1,1,1,-1,-1,3,34,224,-1,-1,-1,-1,-1,-1,2,2,0,0,2,0,1,0,8,7,7,41.80908244,-87.63103087
0,358810,-1,30,0,0,2,1,12,5,2,0,1,0,0,-1,-1,-1,22,-1,1622,-1,-1,-1,-1,-1,-1,2,0,0,0,0,0,2,0,8,7,7,41.98280313,-87.78354839
0,358793,-1,30,1,2,2,4,0,2,4,0,1,0,1,-1,-1,-1,22,-1,1421,-1,-1,-1,-1,-1,-1,2,0,0,0,0,0,2,0,8,7,7,41.91023144,-87.70606314
0,358827,-1,30,1,2,2,1,0,8,2,0,1,0,0,1,-1,-1,15,-1,1834,-1,-1,-1,-1,-1,-1,2,0,0,0,0,0,2,0,8,7,7,41.89197561,-87.61458027
0,358794,-1,30,1,2,2,1,10,5,2,0,1,0,0,-1,-1,-1,0,0,815,-1,-1,-1,-1,-1,-1,2,0,0,0,0,0,2,0,8,7,7,41.81484189,-87.7432081
0,358853,-1,5,0,0,2,1,7,7,-1,0,1,0,0,-1,1,1,20,0,312,-1,-1,-1,-1,-1,-1,2,0,0,0,0,0,1,0,8,7,7,41.77413323,-87.61533111
0,362840,-1,30,1,2,0,1,10,5,2,0,0,0,0,-1,-1,-1,18,6,1732,-1,-1,-1,-1,-1,-1,2,0,0,0,0,0,2,0,8,7,7,41.94246499,-87.71274985
0,358786,-1,30,0,0,2,1,12,5,4,2,1,0,1,-1,-1,1,11,15,2515,-1,-1,-1,-1,-1,-1,3,0,0,0,0,0,4,0,8,7,7,41.91693612,-87.76559557
0,359469,-1,30,1,2,0,1,10,5,2,0,0,0,0,-1,-1,1,0,0,1211,-1,-1,-1,-1,-1,-1,2,0,0,0,0,0,2,0,7,7,7,41.89650831,-87.70237908
0,358878,1,30,0,0,2,1,7,5,-1,0,1,0,0,-1,-1,1,-1,-1,1831,-1,-1,-1,-1,-1,-1,2,0,0,0,0,0,1,0,7,7,7,41.89004725,-87.63746738
0,358763,-1,40,3,2,2,1,2,3,4,3,1,0,1,-1,-1,-1,34,11,1824,-1,-1,-1,-1,-1,-1,1,0,0,0,0,0,1,0,7,7,7,41.90100286,-87.61977981
2,358765,-1,30,0,0,2,1,10,3,8,3,1,0,1,-1,-1,-1,15,16,1824,-1,-1,-1,-1,-1,-1,3,1,0,0,1,0,3,0,7,7,7,41.9011435,-87.6197691
0,358962,-1,35,0,0,0,1,14,2,-1,0,1,0,0,-1,-1,-1,0,-1,831,-1,-1,-1,-1,-1,-1,2,0,0,0,0,0,2,0,7,7,7,41.77527446,-87.70319733
0,358757,-1,25,1,-1,2,1,10,2,2,0,1,0,0,-1,-1,-1,18,18,731,-1,-1,-1,-1,-1,-1,2,0,0,0,0,0,2,0,6,7,7,41.76539859,-87.6266955
0,358750,-1,30,0,0,2,1,0,5,-1,0,1,0,0,1,1,1,5,5,1733,-1,-1,-1,-1,-1,-1,2,0,0,0,0,0,2,0,6,7,7,41.94676039,-87.70429049
0,360611,1,35,-1,-1,0,2,14,0,1,0,0,0,0,-1,-1,-1,17,-1,831,-1,-1,-1,-1,-1,-1,2,0,0,0,0,0,3,0,6,7,7,41.77424421,-87.70317482
0,361014,-1,30,1,2,0,1,12,5,3,0,0,0,0,-1,-1,-1,22,22,1232,-1,-1,-1,-1,-1,-1,2,0,0,0,0,0,2,0,6,7,7,41.86713421,-87.64423752
0,359029,1,15,0,0,-1,-1,7,5,-1,0,-1,0,0,-1,-1,1,0,-1,913,-1,-1,-1,-1,-1,-1,2,0,0,0,0,0,1,0,6,7,7,41.8353941,-87.65822299
0,359282,1,30,0,0,-1,-1,7,6,1,0,-1,0,0,-1,-1,1,0,-1,1121,-1,-1,-1,-1,-1,-1,2,0,0,0,0,0,1,0,6,7,7,41.89938804,-87.7141528
0,359168,-1,30,0,0,-1,2,7,5,2,0,-1,0,0,-1,-1,1,0,-1,1032,-1,-1,-1,-1,-1,-1,2,0,0,0,0,0,1,0,5,7,7,41.84267937,-87.71346358
0,358726,-1,25,0,0,2,2,2,5,2,3,1,0,1,-1,-1,-1,34,0,533,-1,-1,-1,-1,-1,-1,1,0,0,0,0,0,1,0,5,7,7,41.65851505,-87.5969217
0,359167,-1,30,0,0,0,3,3,6,-1,0,0,0,0,-1,-1,1,20,0,2524,-1,-1,-1,-1,-1,-1,2,0,0,0,0,0,2,0,5,7,7,41.93073248,-87.71853589
0,358717,-1,25,0,0,2,2,7,5,-1,0,1,0,1,-1,-1,1,0,0,1433,-1,-1,-1,-1,-1,-1,2,0,0,0,0,0,3,0,5,7,7,41.91375272,-87.67250677
0,358713,-1,30,1,2,2,3,0,5,4,0,1,0,0,1,-1,1,6,17,1722,-1,-1,-1,-1,-1,-1,2,0,0,0,0,0,3,0,4,7,7,41.96108588,-87.72970706
0,368284,-1,30,1,2,-1,3,10,2,4,0,-1,-1,0,1,-1,-1,16,0,1213,-1,-1,-1,-1,-1,-1,2,0,0,0,0,0,2,0,4,7,7,41.89653805,-87.64789754
0,358710,-1,35,2,2,2,3,10,2,-1,0,1,0,0,1,-1,-1,18,34,421,-1,-1,-1,-1,-1,-1,2,0,0,0,0,0,2,0,4,7,7,41.75715636,-87.55840891
1,359501,-1,30,1,2,2,0,10,3,4,0,1,0,1,1,-1,-1,0,0,924,-1,-1,-1,-1,-1,-1,2,1,0,0,0,1,2,0,4,7,7,41.81213052,-87.66520825
1,358697,-1,30,1,2,2,0,0,5,-1,0,1,0,1,1,-1,-1,0,0,122,-1,-1,-1,-1,-1,-1,2,1,0,0,0,1,2,0,4,7,7,41.88458266,-87.63250801
2,358692,-1,30,0,0,2,3,14,5,2,0,1,0,1,1,-1,-1,10,17,322,-1,-1,-1,-1,-1,-1,2,1,0,0,1,0,2,0,4,7,7,41.76919446,-87.61723834
0,358909,-1,0,0,0,2,3,7,5,-1,0,1,0,0,-1,-1,-1,21,11,1214,-1,-1,-1,-1,-1,-1,2,0,0,0,0,0,1,0,4,7,7,41.89151469,-87.64128592
0,358896,-1,25,0,0,-1,-1,7,6,-1,0,-1,0,0,-1,-1,-1,22,0,735,-1,-1,-1,-1,-1,-1,2,0,0,0,0,0,1,0,4,7,7,41.76650024,-87.67483309
0,358855,-1,25,0,0,0,3,7,6,-1,0,1,0,0,-1,-1,1,16,-1,2534,-1,-1,-1,-1,-1,-1,2,0,0,0,0,0,1,0,4,7,7,41.91301141,-87.73023898
-1,358723,1,30,0,0,2,3,7,5,1,0,1,0,1,-1,-1,1,0,-1,822,-1,-1,-1,-1,-1,-1,1,-1,-1,-1,-1,-1,-1,-1,4,7,7,41.78494649,-87.7211663
0,358685,-1,30,1,2,2,3,10,5,-1,0,1,0,1,-1,-1,-1,16,-1,1922,-1,-1,-1,-1,-1,-1,2,0,0,0,0,0,3,0,3,7,7,41.93971005,-87.67605455
0,358684,-1,25,0,0,2,3,7,5,2,0,1,0,1,-1,-1,1,25,25,1931,-1,-1,-1,-1,-1,-1,2,0,0,0,0,0,1,0,3,7,7,41.92999777,-87.67864066
0,358690,-1,30,0,0,2,3,12,5,4,0,3,0,0,-1,-1,-1,32,-1,131,-1,-1,0,-1,-1,-1,2,0,0,0,0,0,2,0,3,7,7,41.85627527,-87.62404266
3,358666,-1,30,0,0,2,3,7,5,-1,0,1,-1,1,-1,-1,-1,27,-1,2011,-1,-1,-1,-1,-1,-1,3,1,0,1,0,0,0,0,3,7,7,41.98303817,-87.6939048
0,358676,-1,30,1,2,2,3,0,5,4,0,1,0,0,1,-1,-1,6,0,1633,-1,-1,-1,-1,-1,-1,2,0,0,0,0,0,2,0,3,7,7,41.94581322,-87.77665216
0,358766,-1,30,0,0,2,3,7,6,1,0,1,0,1,-1,-1,-1,15,25,2013,-1,-1,-1,-1,-1,-1,4,0,0,0,0,0,1,0,3,7,7,41.984602,-87.66728271
0,358683,-1,30,0,0,2,0,5,7,-1,0,1,0,1,-1,-1,-1,20,-1,224,-1,-1,-1,-1,-1,-1,1,0,0,0,0,0,1,0,3,7,7,41.80919351,-87.62297931
0,358670,0,30,0,0,0,3,7,5,2,0,1,0,1,1,-1,-1,0,-1,922,-1,-1,-1,-1,-1,-1,5,0,0,0,0,0,1,0,3,7,7,41.81096726,-87.69443158
0,358662,-1,30,1,2,2,3,10,5,4,0,1,0,0,-1,-1,1,18,0,2013,-1,-1,-1,-1,-1,-1,2,0,0,0,0,0,3,0,3,7,7,41.9853574,-87.66020278
0,358659,-1,30,0,0,2,3,7,5,2,0,1,0,1,-1,-1,-1,0,0,1723,-1,-1,-1,-1,-1,-1,2,0,0,0,0,0,1,0,3,7,7,41.96819486,-87.7222708
0,359185,1,30,0,0,-1,3,7,2,2,0,-1,0,0,-1,-1,1,0,0,1225,-1,-1,-1,-1,-1,-1,2,0,0,0,0,0,1,0,3,7,7,41.86887526,-87.68544264
0,358814,-1,30,-1,-1,-1,0,7,-1,-1,0,-1,0,0,-1,-1,1,-1,-1,1523,-1,-1,-1,-1,-1,-1,2,0,0,0,0,0,1,0,3,7,7,41.89108499,-87.75567918
0,358649,-1,15,0,0,0,3,7,6,1,0,0,-1,1,-1,-1,-1,32,-1,1722,-1,-1,-1,-1,-1,-1,3,0,0,0,0,0,1,0,2,7,7,41.96775516,-87.74390838
0,358635,-1,30,0,0,2,3,7,5,1,0,1,0,0,-1,-1,-1,0,0,321,-1,-1,-1,-1,-1,-1,2,0,0,0,0,0,2,0,2,7,7,41.76995123,-87.61067828
0,358646,1,30,0,0,2,3,7,6,1,0,1,0,1,-1,-1,-1,27,-1,822,-1,-1,-1,-1,-1,-1,4,0,0,0,0,0,1,0,2,7,7,41.78696862,-87.72218298
0,358620,-1,30,1,2,2,3,10,5,3,0,1,0,0,1,-1,-1,16,32,2032,-1,-1,-1,-1,-1,-1,3,0,0,0,0,0,3,0,2,7,7,41.96892624,-87.67458649
0,358972,0,25,0,0,0,3,7,6,1,0,0,0,0,-1,-1,-1,0,-1,2523,-1,-1,-1,-1,-1,-1,2,0,0,0,0,0,1,0,2,7,7,41.93697293,-87.72270584
0,358630,-1,30,1,2,-1,3,14,2,2,0,-1,-1,1,1,-1,1,0,-1,2525,-1,-1,-1,-1,-1,-1,2,0,0,0,0,0,2,0,2,7,7,41.91732537,-87.71692093
0,358625,-1,30,2,2,0,3,7,6,1,0,1,0,0,-1,-1,1,0,0,823,-1,-1,-1,-1,-1,-1,2,0,0,0,0,0,1,0,1,7,7,41.77552689,-87.6995379
0,358618,-1,30,1,2,0,3,10,2,4,0,0,0,1,-1,-1,-1,32,6,1823,-1,-1,-1,-1,-1,-1,3,0,0,0,0,0,6,0,1,7,7,41.89660439,-87.6414084
2,358614,-1,30,2,12,0,3,0,6,3,0,1,0,1,1,-1,-1,17,0,621,-1,-1,-1,-1,-1,-1,2,3,0,0,1,2,1,0,1,7,7,41.75420972,-87.64183953
0,359094,-1,35,2,2,0,0,10,5,-1,0,1,0,0,1,-1,1,22,0,1832,-1,-1,-1,-1,-1,-1,2,0,0,0,0,0,2,0,1,7,7,41.89251708,-87.6326842
0,358616,-1,35,0,0,0,3,7,3,-1,0,0,0,0,-1,-1,-1,0,-1,1225,-1,-1,-1,-1,-1,-1,2,0,0,0,0,0,1,0,1,7,7,41.86825266,-87.68593474
0,359336,0,30,0,0,-1,3,7,6,1,0,1,0,1,-1,-1,1,0,-1,823,-1,-1,-1,-1,-1,-1,2,0,0,0,0,0,1,0,1,7,7,41.7755885,-87.69924644
0,358608,-1,35,1,2,2,3,2,2,4,0,1,0,1,1,-1,-1,0,0,822,-1,-1,-1,-1,-1,-1,1,0,0,0,0,0,1,0,1,7,7,41.79302219,-87.7230052
2,358593,-1,30,1,2,0,3,0,2,2,0,0,0,1,1,-1,-1,0,0,1412,1,1,-1,-1,-1,-1,2,2,0,0,2,0,1,0,1,7,7,41.93211931,-87.70757691
0,358606,-1,30,1,2,0,3,0,6,2,0,0,-1,1,-1,-1,-1,0,-1,122,-1,-1,-1,-1,-1,-1,2,0,0,0,0,0,3,0,1,7,7,41.88331491,-87.63541604
0,361820,1,30,0,0,-1,-1,7,5,-1,0,-1,-1,0,-1,-1,1,0,0,2411,-1,-1,-1,-1,-1,-1,2,0,0,0,0,0,1,0,1,7,7,42.00853323,-87.69079853
0,360666,1,30,-1,-1,-1,-1,7,5,2,2,-1,-1,0,-1,-1,1,0,-1,1414,-1,-1,-1,-1,-1,-1,2,0,0,0,0,0,1,0,1,7,7,41.92485668,-87.70387947
0,359011,-1,30,0,0,2,3,12,5,-1,0,1,0,0,-1,-1,1,0,0,1522,-1,-1,-1,-1,-1,-1,2,0,0,0,0,0,4,0,1,7,7,41.86569073,-87.76416862
0,358585,-1,30,0,-1,2,3,0,6,-1,0,1,-1,1,1,-1,1,0,-1,215,-1,-1,-1,-1,-1,-1,2,0,0,0,0,0,2,0,0,7,7,41.81483691,-87.62290375
0,358605,-1,30,0,0,0,3,7,6,1,0,0,0,0,-1,-1,-1,0,0,933,-1,-1,-1,-1,-1,-1,2,0,0,0,0,0,1,0,0,7,7,41.80198934,-87.65128046
2,358587,-1,30,1,2,2,3,8,2,3,0,1,-1,1,-1,-1,-1,21,-1,123,-1,-1,-1,-1,-1,-1,2,1,0,0,1,0,1,0,0,7,7,41.87525983,-87.62439667
1,358576,-1,30,2,-1,2,3,0,6,1,0,1,0,1,1,-1,0,5,14,724,-1,-1,-1,-1,-1,-1,2,1,0,0,0,1,2,0,0,7,7,41.77773477,-87.65074621
0,359317,-1,30,0,0,2,0,7,6,-1,0,1,0,0,-1,-1,1,-1,-1,1434,-1,-1,-1,-1,-1,-1,2,0,0,0,0,0,1,0,0,7,7,41.91039712,-87.68858895
0,368913,-1,30,0,0,-1,-1,7,6,-1,0,-1,-1,0,-1,-1,1,0,-1,633,-1,-1,-1,-1,-1,-1,2,0,0,0,0,0,1,0,0,7,7,41.72416797,-87.6095095
0,358562,-1,20,0,0,2,3,7,5,2,0,1,0,1,-1,-1,-1,15,25,634,-1,-1,-1,-1,-1,-1,3,0,0,0,0,0,1,0,23,6,7,41.72907793,-87.62888326
0,359524,-1,35,0,0,2,0,2,5,-1,0,1,1,0,-1,-1,-1,29,28,722,-1,-1,-1,-1,-1,-1,1,0,0,0,0,0,1,0,23,6,7,41.77281498,-87.62751136
0,358925,1,30,0,0,-1,-1,7,5,-1,0,-1,0,0,-1,-1,1,0,0,1921,-1,-1,-1,-1,-1,-1,2,0,0,0,0,0,1,0,23,6,7,41.94666081,-87.68560036
0,358509,-1,30,2,2,2,3,0,2,-1,0,1,-1,0,-1,-1,1,17,-1,1211,1,-1,-1,-1,-1,-1,2,0,0,0,0,0,2,0,23,6,7,41.89582528,-87.68937132
2,358569,-1,30,1,2,2,3,10,3,2,2,1,0,1,-1,-1,1,18,16,123,-1,-1,-1,-1,-1,-1,2,1,0,0,1,0,4,0,23,6,7,41.86746454,-87.63029035
0,358495,-1,30,1,2,2,3,10,5,4,0,1,0,0,-1,-1,-1,18,-1,835,-1,-1,-1,-1,-1,-1,2,0,0,0,0,0,2,0,23,6,7,41.7499537,-87.70349476
0,358579,-1,30,1,2,0,3,14,2,6,0,1,0,0,1,-1,-1,12,4,114,-1,-1,-1,-1,-1,-1,2,0,0,0,0,0,7,0,23,6,7,41.87314833,-87.62073886
0,358535,-1,30,1,2,2,3,10,3,-1,0,1,0,0,-1,-1,-1,0,0,833,-1,-1,-1,-1,-1,-1,2,0,0,0,0,0,3,0,23,6,7,41.77113882,-87.73329913
0,359249,-1,35,0,0,0,1,7,5,-1,0,0,0,0,-1,-1,1,0,0,1732,-1,-1,-1,-1,-1,-1,2,0,0,0,0,0,1,0,23,6,7,41.94855989,-87.71536928
0,358499,-1,25,0,0,2,3,2,3,4,3,1,0,1,-1,-1,-1,15,25,1824,-1,-1,-1,-1,-1,-1,1,0,0,0,0,0,1,0,23,6,7,41.90100286,-87.61977981
0,358561,1,30,0,0,2,3,3,6,-1,0,1,0,0,1,-1,-1,0,-1,935,-1,-1,-1,-1,-1,-1,2,0,0,0,0,0,6,0,23,6,7,41.80539056,-87.63269233
3,358487,-1,30,0,0,0,3,3,5,4,0,0,0,1,-1,-1,-1,10,0,1023,-1,-1,-1,-1,-1,-1,2,5,0,1,4,0,0,0,23,6,7,41.86642647,-87.69348884
2,358539,-1,30,1,1,0,3,10,1,4,0,0,0,1,-1,-1,-1,16,18,113,-1,-1,-1,-1,-1,-1,3,1,0,0,1,0,3,0,23,6,7,41.87693801,-87.62443662
0,358514,-1,30,2,2,2,3,0,5,2,0,1,0,0,-1,-1,-1,0,0,321,-1,-1,-1,-1,-1,-1,2,0,0,0,0,0,2,0,23,6,7,41.77494175,-87.61303935
0,358485,-1,30,0,0,2,3,10,5,2,0,1,0,0,-1,-1,1,17,-1,1831,-1,-1,-1,-1,-1,-1,2,0,0,0,0,0,3,0,23,6,7,41.88990443,-87.63159249
2,358478,-1,30,1,2,2,3,10,5,4,0,1,0,1,-1,-1,-1,16,18,2412,-1,-1,-1,-1,-1,-1,2,1,0,0,1,0,5,0,22,6,7,42.00146069,-87.68983191
0,358475,-1,30,2,2,2,3,6,3,2,1,1,0,1,-1,-1,1,0,0,524,-1,-1,-1,-1,-1,-1,1,0,0,0,0,0,1,0,22,6,7,41.67853204,-87.64207739
0,359488,-1,30,0,0,2,0,2,5,2,0,1,0,1,-1,0,-1,16,25,432,-1,-1,-1,-1,-1,-1,1,0,0,0,0,0,2,0,22,6,7,41.72070091,-87.53543633
2,358484,-1,30,1,2,2,0,14,5,4,0,1,0,1,1,-1,1,0,-1,1522,-1,-1,-1,-1,-1,-1,2,1,0,0,1,0,3,0,22,6,7,41.88048075,-87.75513043
4,361569,-1,30,2,2,-1,-1,9,5,2,0,-1,-1,1,1,-1,1,0,-1,1032,-1,-1,-1,-1,-1,-1,2,1,1,0,0,0,1,0,22,6,7,41.84062771,-87.71483684
0,358459,-1,35,0,0,2,4,10,5,-1,0,1,0,0,-1,-1,-1,34,18,833,-1,-1,-1,-1,-1,-1,2,0,0,0,0,0,2,0,22,6,7,41.77136891,-87.71572262
0,358462,-1,30,0,0,0,3,10,5,2,0,0,0,0,-1,-1,-1,18,16,2521,-1,-1,-1,-1,-1,-1,2,0,0,0,0,0,2,0,22,6,7,41.93167452,-87.74420824
0,358445,-1,5,0,0,2,3,7,7,-1,0,1,0,0,-1,1,-1,0,-1,932,-1,-1,-1,-1,-1,-1,2,0,0,0,0,0,1,0,22,6,7,41.79402669,-87.67424139
3,358468,-1,30,1,12,2,3,0,5,5,0,1,0,1,1,-1,-1,0,0,122,-1,-1,-1,-1,-1,-1,2,2,0,2,0,0,3,0,22,6,7,41.87803827,-87.63534944
2,358472,-1,30,0,0,2,3,10,5,2,0,1,0,1,-1,-1,1,18,-1,123,-1,-1,-1,-1,-1,-1,2,1,0,0,1,0,1,0,22,6,7,41.87371074,-87.6307971
0,358433,-1,30,0,0,0,3,10,5,2,0,0,0,0,-1,-1,-1,18,16,2512,-1,-1,-1,-1,-1,-1,2,0,0,0,0,0,3,0,22,6,7,41.92382472,-87.78307748
0,358430,-1,15,0,0,2,3,7,0,1,2,1,-1,1,-1,-1,1,0,0,1523,-1,-1,-1,-1,-1,-1,3,0,0,0,0,0,1,0,22,6,7,41.88610051,-87.75757723
0,393408,-1,30,1,2,0,3,0,2,4,0,0,0,0,1,-1,-1,11,17,623,-1,-1,-1,-1,-1,-1,2,0,0,0,0,0,6,0,22,6,7,41.75089105,-87.62596851
0,358837,-1,30,0,0,2,3,7,5,-1,0,1,0,0,-1,-1,0,0,0,1935,-1,-1,-1,-1,-1,-1,4,0,0,0,0,0,1,0,22,6,7,41.92967872,-87.63623992
2,358443,1,30,0,0,2,3,0,5,4,0,1,0,1,1,-1,-1,0,-1,913,-1,-1,-1,-1,-1,-1,2,1,0,0,1,0,3,0,22,6,7,41.83779509,-87.66579153
0,358441,-1,35,0,0,0,3,12,5,4,0,0,0,0,-1,-1,-1,21,-1,122,-1,-1,-1,-1,-1,-1,2,0,0,0,0,0,2,0,22,6,7,41.88706878,-87.63400796
2,358404,-1,30,0,0,2,3,3,2,4,0,1,0,1,-1,-1,-1,21,0,2515,-1,-1,-1,-1,-1,-1,2,1,0,0,1,0,2,0,21,6,7,41.92396594,-87.75854272
0,358440,-1,30,0,-1,2,3,2,6,3,0,1,-1,0,-1,-1,0,12,-1,133,-1,-1,-1,-1,-1,-1,1,0,0,0,0,0,1,0,21,6,7,41.84196682,-87.62315048
0,358405,-1,30,0,0,2,3,10,5,4,0,1,0,0,-1,-1,-1,18,34,1215,-1,-1,-1,-1,-1,-1,3,0,0,0,0,0,4,0,21,6,7,41.89595111,-87.66805733
0,358513,-1,30,-1,-1,-1,-1,14,5,2,0,-1,-1,0,1,-1,0,0,-1,2533,-1,-1,-1,-1,-1,-1,2,0,0,0,0,0,2,0,21,6,7,41.90986357,-87.7363803
2,358394,-1,30,0,0,2,3,8,5,2,0,1,0,1,-1,-1,-1,-1,0,1723,-1,-1,1,-1,-1,-1,2,1,0,0,1,0,1,0,21,6,7,41.96110228,-87.72409914
0,368921,-1,30,1,2,0,0,0,12,-1,0,0,0,0,-1,-1,1,11,0,122,-1,-1,-1,-1,-1,-1,2,0,0,0,0,0,2,0,21,6,7,41.88195188,-87.63662035