MOST_SEVERE_INJURY,RD_NO,CRASH_DATE_EST_I,POSTED_SPEED_LIMIT,TRAFFIC_CONTROL_DEVICE,DEVICE_CONDITION,WEATHER_CONDITION,LIGHTING_CONDITION,FIRST_CRASH_TYPE,TRAFFICWAY_TYPE,LANE_CNT,ALIGNMENT,ROADWAY_SURFACE_COND,ROAD_DEFECT,CRASH_TYPE,INTERSECTION_RELATED_I,NOT_RIGHT_OF_WAY_I,HIT_AND_RUN_I,PRIM_CONTRIBUTORY_CAUSE,SEC_CONTRIBUTORY_CAUSE,BEAT_OF_OCCURRENCE,PHOTOS_TAKEN_I,STATEMENTS_TAKEN_I,DOORING_I,WORK_ZONE_I,WORK_ZONE_TYPE,WORKERS_PRESENT_I,NUM_UNITS,INJURIES_TOTAL,INJURIES_FATAL,INJURIES_INCAPACITATING,INJURIES_NON_INCAPACITATING,INJURIES_REPORTED_NOT_EVIDENT,INJURIES_NO_INDICATION,INJURIES_UNKNOWN,CRASH_HOUR,CRASH_DAY_OF_WEEK,CRASH_MONTH,LATITUDE,LONGITUDE
0,358398,-1,30,0,0,2,3,10,6,-1,0,1,0,0,-1,-1,1,14,18,1132,-1,-1,-1,-1,-1,-1,2,0,0,0,0,0,4,0,21,6,7,41.8732951,-87.72887695
0,358963,-1,30,0,0,2,3,7,2,1,0,1,0,0,-1,-1,1,0,0,1221,-1,-1,-1,-1,-1,-1,2,0,0,0,0,0,1,0,21,6,7,41.89223143,-87.67256122
0,358382,-1,30,2,2,2,3,0,5,3,0,1,0,1,1,-1,-1,17,-1,1711,-1,-1,-1,-1,-1,-1,2,0,0,0,0,0,5,0,21,6,7,41.99721872,-87.71299064
0,360599,-1,30,1,2,0,3,12,5,-1,0,1,0,0,-1,-1,1,22,11,1235,-1,-1,-1,-1,-1,-1,2,0,0,0,0,0,4,0,21,6,7,41.85246581,-87.65140176
2,358389,-1,20,0,0,0,3,12,5,2,0,1,0,1,-1,-1,-1,17,-1,1614,-1,-1,-1,-1,-1,-1,2,1,0,0,1,0,1,0,21,6,7,41.97480996,-87.84170112
1,358388,-1,25,2,2,2,3,9,5,2,0,1,0,1,-1,-1,-1,17,34,2213,-1,-1,-1,-1,-1,-1,2,1,0,0,0,1,1,0,20,6,7,41.71406341,-87.6634318
0,358402,-1,30,0,0,2,3,0,5,4,0,1,0,0,-1,-1,-1,0,-1,2212,-1,-1,-1,-1,-1,-1,2,0,0,0,0,0,2,0,20,6,7,41.69530113,-87.68141399
0,358379,-1,30,1,2,0,3,14,1,5,0,1,0,1,1,-1,-1,17,0,1423,-1,-1,-1,-1,-1,-1,2,0,0,0,0,0,7,0,20,6,7,41.90308283,-87.68717562
0,358377,-1,30,1,2,2,3,10,5,4,0,1,0,0,0,-1,-1,18,-1,2013,-1,-1,-1,-1,-1,-1,2,0,0,0,0,0,4,0,20,6,7,41.98357807,-87.66022781
1,358366,-1,35,2,-1,0,3,10,2,4,0,-1,-1,1,-1,-1,1,0,0,1533,-1,-1,-1,-1,-1,-1,2,2,0,0,0,2,2,0,20,6,7,41.8749523,-87.74521225
0,358365,-1,30,1,2,2,0,14,5,4,0,1,0,0,1,-1,-1,34,-1,632,-1,-1,-1,-1,-1,-1,2,0,0,0,0,0,2,0,20,6,7,41.74387991,-87.60488314
0,359070,-1,5,0,0,0,1,7,7,-1,3,0,0,0,-1,1,-1,10,10,132,-1,-1,-1,-1,-1,-1,2,0,0,0,0,0,1,0,20,6,7,41.86262829,-87.61503109
0,358512,-1,30,1,2,2,3,12,5,2,0,1,0,0,1,-1,1,23,-1,1831,-1,-1,-1,-1,-1,-1,2,0,0,0,0,0,3,0,20,6,7,41.89010221,-87.62815723
0,358372,-1,30,0,0,1,3,10,5,2,0,1,0,0,-1,-1,-1,18,16,1211,-1,-1,-1,-1,-1,-1,2,0,0,0,0,0,2,0,20,6,7,41.90281333,-87.69712881
0,358360,-1,45,0,0,0,3,10,3,4,0,0,0,0,-1,-1,-1,21,-1,132,-1,-1,-1,-1,-1,-1,2,0,0,0,0,0,4,0,20,6,7,41.86033222,-87.61743462
0,358347,-1,30,0,0,2,4,10,5,2,0,1,0,0,-1,-1,-1,18,-1,223,-1,-1,-1,-1,-1,-1,2,0,0,0,0,0,2,0,20,6,7,41.80929483,-87.61520162
4,358337,-1,30,0,-1,2,3,2,5,2,0,1,0,1,-1,-1,-1,15,34,233,1,-1,-1,-1,-1,-1,1,1,1,0,0,0,0,0,20,6,7,41.79811211,-87.607914
0,358329,-1,25,0,0,2,3,7,5,1,0,1,0,1,-1,-1,1,0,0,1132,-1,-1,-1,-1,-1,-1,2,0,0,0,0,0,1,0,20,6,7,41.87507558,-87.73195006
0,358378,-1,30,1,2,0,3,12,2,-1,0,0,0,0,-1,-1,-1,21,0,2011,-1,-1,-1,-1,-1,-1,2,0,0,0,0,0,2,0,20,6,7,41.97593337,-87.68929959
0,358346,-1,30,0,0,12,3,7,3,4,0,1,0,0,-1,-1,0,11,34,2433,-1,-1,-1,-1,-1,-1,3,0,0,0,0,0,1,0,20,6,7,41.99409302,-87.67029026
0,358331,-1,35,1,2,2,3,10,5,2,0,1,0,0,-1,-1,-1,16,-1,2213,-1,-1,-1,-1,-1,-1,2,0,0,0,0,0,2,0,20,6,7,41.71355036,-87.68178648
0,358296,-1,30,0,0,0,4,10,3,4,0,1,0,0,-1,-1,1,0,0,2223,-1,-1,-1,-1,-1,-1,2,0,0,0,0,0,3,0,20,6,7,41.72136506,-87.64335804
0,358328,-1,30,0,0,2,0,14,5,4,0,1,0,0,-1,-1,-1,23,21,922,-1,-1,-1,-1,-1,-1,2,0,0,0,0,0,3,0,20,6,7,41.81418135,-87.70406676
0,358306,-1,25,1,2,-1,-1,10,5,-1,0,-1,0,0,-1,-1,1,-1,-1,2424,-1,-1,-1,-1,-1,-1,2,0,0,0,0,0,2,0,20,6,7,42.01256119,-87.67477437
1,358293,-1,30,1,2,2,4,10,3,-1,0,1,-1,1,-1,-1,1,0,-1,622,-1,-1,-1,-1,-1,-1,3,1,0,0,0,1,2,0,19,6,7,41.73608878,-87.63237187
0,359095,-1,30,0,0,0,4,12,5,-1,0,0,0,0,-1,-1,1,21,21,1622,-1,-1,-1,-1,-1,-1,2,0,0,0,0,0,3,0,19,6,7,41.97578099,-87.77581637
0,358357,-1,30,0,0,2,3,10,3,-1,0,1,0,1,-1,-1,1,17,-1,411,-1,-1,-1,-1,-1,-1,2,0,0,0,0,0,3,0,19,6,7,41.75457144,-87.5862574
0,358386,-1,30,2,2,0,1,0,6,-1,0,0,0,0,1,-1,-1,17,17,2213,-1,-1,-1,-1,-1,-1,2,0,0,0,0,0,2,0,19,6,7,41.71399937,-87.66732997
0,358282,-1,30,1,2,0,4,10,2,-1,0,0,0,0,-1,-1,-1,18,0,1922,-1,-1,-1,-1,-1,-1,2,0,0,0,0,0,2,0,19,6,7,41.94682906,-87.67349317
0,363493,-1,30,2,2,0,1,7,5,-1,0,0,0,0,-1,-1,1,-1,-1,624,-1,-1,-1,-1,-1,-1,2,0,0,0,0,0,1,0,19,6,7,41.75502302,-87.60647917
0,358300,-1,55,7,2,0,1,14,6,4,0,0,0,0,-1,-1,-1,22,11,132,-1,-1,-1,-1,-1,-1,2,0,0,0,0,0,2,0,19,6,7,41.85810617,-87.61637873
0,358285,-1,30,0,0,2,2,14,2,6,0,1,0,1,1,-1,-1,17,16,2223,-1,-1,-1,-1,-1,-1,2,0,0,0,0,0,3,0,19,6,7,41.71587494,-87.6429172
0,358264,-1,30,0,0,0,1,10,2,2,0,1,0,1,-1,-1,-1,15,16,2411,-1,-1,-1,-1,-1,-1,2,0,0,0,0,0,3,0,19,6,7,42.01199858,-87.70770275
0,358272,-1,35,0,0,0,1,2,5,4,2,0,-1,1,-1,-1,1,0,0,915,-1,-1,-1,-1,-1,-1,1,0,0,0,0,0,1,0,19,6,7,41.82347859,-87.65402123
0,358289,-1,30,0,0,0,1,12,5,-1,0,0,0,0,-1,-1,1,21,21,1834,-1,-1,-1,-1,-1,-1,2,0,0,0,0,0,2,0,19,6,7,41.89259323,-87.62433405
2,358280,-1,30,1,2,0,4,10,5,4,0,0,0,1,-1,-1,-1,27,15,1731,-1,-1,-1,-1,-1,-1,2,1,0,0,1,0,1,0,19,6,7,41.95324901,-87.74715918
0,358243,-1,30,1,2,0,1,10,5,-1,0,0,0,0,1,-1,-1,18,-1,1832,-1,-1,-1,-1,-1,-1,2,0,0,0,0,0,2,0,19,6,7,41.89678144,-87.62861446
0,358232,-1,30,0,0,0,1,7,5,-1,0,0,0,0,-1,-1,0,21,-1,1231,-1,-1,-1,-1,-1,-1,2,0,0,0,0,0,1,0,18,6,7,41.8672332,-87.66173123
0,358307,-1,30,1,2,0,4,10,5,4,0,0,-1,0,-1,-1,-1,18,0,1912,-1,-1,-1,-1,-1,-1,2,0,0,0,0,0,2,0,18,6,7,41.95735236,-87.66898875
0,358262,-1,30,2,2,2,1,14,5,-1,0,1,0,1,0,-1,1,17,0,832,-1,-1,-1,-1,-1,-1,2,0,0,0,0,0,3,0,18,6,7,41.76478809,-87.68453136
0,358182,-1,35,1,2,0,1,10,8,4,0,1,0,0,-1,-1,-1,18,0,1831,-1,-1,-1,-1,-1,-1,2,0,0,0,0,0,2,0,18,6,7,41.89225643,-87.63700376
0,358222,-1,25,0,0,0,1,14,5,-1,0,0,0,0,-1,-1,-1,23,-1,2523,-1,-1,-1,-1,-1,-1,2,0,0,0,0,0,2,0,18,6,7,41.93194118,-87.72376293
0,358210,-1,30,0,0,2,1,0,5,2,0,1,-1,1,-1,-1,1,17,0,632,-1,-1,-1,-1,-1,-1,2,0,0,0,0,0,2,0,18,6,7,41.73660608,-87.60467506
0,358267,-1,30,1,2,0,1,14,5,-1,0,0,0,0,-1,-1,-1,0,0,1531,-1,-1,-1,-1,-1,-1,2,0,0,0,0,0,2,0,18,6,7,41.89504904,-87.74595552
0,358250,-1,30,1,0,2,1,10,5,-1,0,1,-1,0,-1,-1,-1,15,-1,612,-1,-1,-1,-1,-1,-1,2,0,0,0,0,0,2,0,18,6,7,41.75050014,-87.66105666
0,358197,-1,30,0,0,0,1,7,6,-1,0,0,0,0,-1,-1,-1,0,0,1225,-1,-1,-1,-1,-1,-1,2,0,0,0,0,0,1,0,18,6,7,41.86976232,-87.68504553
0,358245,1,10,0,0,2,1,12,7,1,0,1,0,0,-1,0,-1,0,-1,811,-1,-1,-1,-1,-1,-1,2,0,0,0,0,0,5,0,18,6,7,41.79361451,-87.77530251
0,358228,-1,30,0,0,2,4,0,6,-1,0,1,0,1,1,-1,-1,34,0,2223,-1,-1,-1,-1,-1,-1,2,0,0,0,0,0,2,0,18,6,7,41.73592129,-87.6399063
0,358226,-1,35,2,2,0,1,0,7,-1,0,0,0,0,-1,-1,1,0,0,1131,-1,-1,-1,-1,-1,-1,2,0,0,0,0,0,4,0,18,6,7,41.87310015,-87.74485023
0,358223,-1,30,0,0,0,4,14,5,-1,0,0,0,0,-1,-1,-1,17,16,2523,-1,-1,-1,-1,-1,-1,2,0,0,0,0,0,2,0,18,6,7,41.93194722,-87.72336492
0,364275,-1,30,0,0,-1,1,10,5,4,0,-1,0,0,-1,-1,-1,18,-1,632,-1,-1,-1,-1,-1,-1,2,0,0,0,0,0,2,0,18,6,7,41.73654148,-87.60468122
0,358187,-1,30,0,0,2,2,14,2,6,0,1,0,0,-1,-1,-1,17,0,833,-1,-1,-1,-1,-1,-1,2,0,0,0,0,0,2,0,18,6,7,41.76458961,-87.7222396
0,358178,-1,30,2,0,2,1,14,0,2,0,1,0,1,-1,-1,1,3,23,735,-1,-1,-1,-1,-1,-1,2,0,0,0,0,0,2,0,18,6,7,41.76487742,-87.67742748
0,358400,-1,30,0,0,0,1,10,6,3,0,0,0,0,-1,-1,1,17,-1,1832,-1,-1,-1,-1,-1,-1,2,0,0,0,0,0,2,0,18,6,7,41.89285098,-87.62954122
2,358179,-1,30,0,0,1,1,8,5,2,0,1,0,1,-1,-1,-1,0,-1,1821,-1,-1,1,-1,-1,-1,2,1,0,0,1,0,2,0,18,6,7,41.90964333,-87.63451561
0,358201,-1,25,1,2,-1,1,12,-1,-1,0,-1,-1,0,-1,-1,-1,21,-1,2433,-1,-1,-1,-1,-1,-1,2,0,0,0,0,0,2,0,18,6,7,41.99118175,-87.66015508
1,358965,-1,35,2,2,2,1,10,2,4,0,1,0,1,-1,-1,-1,18,18,2213,-1,-1,-1,-1,-1,-1,2,1,0,0,0,1,1,0,18,6,7,41.72079225,-87.68191317
0,358161,-1,30,1,2,2,1,10,2,-1,0,1,0,0,-1,-1,-1,18,16,2514,-1,-1,-1,-1,-1,-1,2,0,0,0,0,0,5,0,18,6,7,41.93167856,-87.75658012
0,358170,-1,20,0,0,0,1,12,5,2,0,0,0,0,-1,-1,-1,0,-1,1921,-1,-1,-1,-1,-1,-1,2,0,0,0,0,0,2,0,18,6,7,41.95344541,-87.68252729
0,361746,-1,35,0,0,0,1,7,5,-1,0,0,0,0,-1,-1,1,0,0,1723,-1,-1,-1,-1,-1,-1,2,0,0,0,0,0,1,0,18,6,7,41.95555328,-87.72291058
0,360508,-1,30,-1,-1,0,1,7,5,-1,0,-1,-1,0,-1,-1,-1,20,-1,623,-1,-1,-1,-1,-1,-1,2,0,0,0,0,0,1,0,18,6,7,41.75667596,-87.61603523
0,358333,-1,20,0,0,0,1,7,7,1,0,0,0,0,-1,-1,1,0,0,914,-1,-1,-1,-1,-1,-1,2,0,0,0,0,0,1,0,18,6,7,41.85086113,-87.63240365
0,358215,-1,30,0,0,2,1,10,5,-1,0,1,-1,0,-1,-1,-1,0,0,811,-1,-1,-1,-1,-1,-1,2,0,0,0,0,0,3,0,18,6,7,41.79262751,-87.77334823
0,358168,-1,30,0,0,0,4,7,6,-1,0,0,0,0,-1,-1,1,-1,-1,2524,1,-1,-1,-1,-1,-1,2,0,0,0,0,0,1,0,18,6,7,41.93052321,-87.73819077
0,358268,-1,20,0,0,0,1,0,2,-1,0,0,0,0,-1,-1,-1,0,17,2013,-1,-1,-1,-1,-1,-1,2,0,0,0,0,0,2,0,17,6,7,41.98557605,-87.66017649
0,358174,-1,30,2,0,2,1,14,5,-1,0,1,0,0,-1,-1,-1,17,0,813,-1,-1,-1,-1,-1,-1,2,0,0,0,0,0,2,0,17,6,7,41.77827953,-87.75571255
0,358147,-1,25,2,2,0,1,14,2,4,0,0,0,0,1,-1,-1,0,0,1913,-1,-1,-1,-1,-1,-1,2,0,0,0,0,0,2,0,17,6,7,41.96545708,-87.66095435
0,358122,-1,30,0,0,2,1,14,5,-1,0,1,0,1,1,-1,-1,17,16,331,-1,-1,-1,-1,-1,-1,2,0,0,0,0,0,2,0,17,6,7,41.77164113,-87.56674236
2,358120,-1,30,0,0,2,1,7,2,4,0,1,0,1,-1,-1,-1,12,0,434,-1,-1,-1,-1,-1,-1,2,1,0,0,1,0,0,0,17,6,7,41.69747179,-87.55938436
0,358176,-1,30,1,2,0,1,12,2,4,0,0,0,0,-1,-1,-1,0,-1,124,-1,-1,-1,-1,-1,-1,3,0,0,0,0,0,4,0,17,6,7,41.86730872,-87.64368527
0,358113,-1,30,0,0,2,1,12,5,3,0,1,0,0,-1,-1,1,22,11,432,-1,-1,-1,-1,-1,-1,2,0,0,0,0,0,2,0,17,6,7,41.70438329,-87.52648857
0,358209,-1,30,0,0,0,1,8,6,1,0,0,0,0,-1,-1,1,25,0,1922,-1,-1,-1,-1,-1,-1,2,0,0,0,0,0,2,0,17,6,7,41.95344774,-87.66597011
0,358948,-1,30,2,2,0,1,12,6,2,0,0,0,0,1,-1,-1,21,15,121,-1,-1,-1,-1,-1,-1,2,0,0,0,0,0,3,0,17,6,7,41.88312948,-87.64431213
0,358199,-1,30,-1,-1,0,1,12,5,-1,0,0,-1,0,-1,-1,1,0,-1,1622,-1,-1,-1,-1,-1,-1,2,0,0,0,0,0,2,0,17,6,7,41.97655433,-87.76864476
0,358164,-1,15,0,0,2,1,0,7,-1,0,1,0,0,1,1,-1,0,-1,821,-1,-1,-1,-1,-1,-1,2,0,0,0,0,0,5,0,17,6,7,41.80804727,-87.70411882
0,358132,-1,0,0,0,0,1,12,7,-1,0,0,0,0,-1,1,-1,0,-1,1624,-1,-1,-1,-1,-1,-1,2,0,0,0,0,0,2,0,17,6,7,41.95328912,-87.76722346
0,358085,-1,35,1,2,2,1,12,5,4,0,1,0,0,1,-1,1,22,-1,834,-1,-1,-1,-1,-1,-1,2,0,0,0,0,0,2,0,17,6,7,41.74042084,-87.71513002
0,358193,-1,20,0,0,1,1,10,2,4,0,0,0,1,1,-1,-1,20,-1,1614,-1,-1,-1,-1,-1,-1,2,0,0,0,0,0,3,0,17,6,7,41.98744919,-87.84636373
0,358160,-1,30,0,0,2,1,12,5,4,0,1,0,0,-1,-1,1,22,-1,324,-1,-1,-1,-1,-1,-1,2,0,0,0,0,0,2,0,17,6,7,41.76236192,-87.58637724
0,359213,-1,30,0,0,0,1,10,0,1,0,0,0,0,-1,-1,-1,0,0,1513,-1,-1,-1,-1,-1,-1,2,0,0,0,0,0,2,0,17,6,7,41.87952374,-87.77449051
0,358214,-1,30,0,0,1,1,14,5,4,0,1,0,1,1,-1,-1,0,23,914,-1,-1,-1,-1,-1,-1,2,0,0,0,0,0,2,0,17,6,7,41.85077164,-87.63888193
0,358149,-1,30,0,0,0,1,7,5,4,0,0,0,0,-1,-1,1,0,-1,1213,-1,-1,-1,-1,-1,-1,2,0,0,0,0,0,1,0,17,6,7,41.90069981,-87.66756697
0,358136,-1,30,0,0,2,1,7,6,1,0,1,0,1,-1,-1,0,34,14,313,-1,0,-1,-1,-1,-1,2,0,0,0,0,0,1,0,17,6,7,41.78169271,-87.61220477
0,358116,-1,30,0,0,0,1,2,7,0,0,0,0,0,-1,-1,-1,0,-1,1225,-1,-1,-1,-1,-1,-1,1,0,0,0,0,0,2,0,17,6,7,41.8708895,-87.67651265
0,358078,-1,30,-1,-1,1,1,0,5,2,0,-1,-1,0,1,-1,-1,0,0,1523,1,-1,-1,-1,-1,-1,2,0,0,0,0,0,3,0,17,6,7,41.88571429,-87.75540908
0,358114,-1,30,0,0,-1,1,0,5,-1,0,-1,-1,0,-1,-1,-1,17,17,1223,-1,-1,-1,-1,-1,-1,2,0,0,0,0,0,4,0,17,6,7,41.88474752,-87.68640973
0,358083,-1,30,0,0,0,1,10,5,2,0,0,0,0,-1,-1,-1,7,18,1713,-1,-1,-1,-1,-1,-1,2,0,0,0,0,0,5,0,17,6,7,41.96785039,-87.70860402
0,358052,-1,30,0,0,0,1,14,5,-1,0,1,0,0,-1,-1,1,11,0,914,-1,-1,-1,-1,-1,-1,2,0,0,0,0,0,2,0,17,6,7,41.85093939,-87.63212018
0,358072,-1,30,2,0,1,1,0,5,2,0,1,0,0,-1,-1,-1,17,-1,1924,-1,-1,-1,-1,-1,-1,2,0,0,0,0,0,3,0,16,6,7,41.9400027,-87.65526409
0,358470,-1,30,0,0,0,1,10,2,4,0,0,0,0,-1,-1,-1,18,0,1922,-1,-1,-1,-1,-1,-1,2,0,0,0,0,0,2,0,16,6,7,41.94276212,-87.66889442
0,358087,-1,30,0,0,0,1,14,5,-1,0,0,0,0,-1,-1,-1,23,16,915,-1,-1,-1,-1,-1,-1,2,0,0,0,0,0,2,0,16,6,7,41.82350098,-87.65091032
0,358064,-1,30,0,0,2,1,14,-1,-1,0,1,0,0,-1,-1,-1,0,0,815,-1,-1,-1,-1,-1,-1,2,0,0,0,0,0,2,0,16,6,7,41.79927518,-87.73990096
0,358054,-1,30,0,0,2,1,14,5,2,0,1,0,0,-1,-1,-1,22,11,412,-1,-1,-1,-1,-1,-1,2,0,0,0,0,0,3,0,16,6,7,41.73716368,-87.57586568
0,358046,-1,30,1,2,1,1,10,5,4,0,1,0,0,-1,-1,1,18,-1,1125,-1,-1,-1,-1,-1,-1,2,0,0,0,0,0,3,0,16,6,7,41.87894459,-87.68652065
0,358358,-1,30,1,2,2,1,14,5,-1,0,1,0,0,1,-1,-1,17,-1,814,-1,-1,-1,-1,-1,-1,2,0,0,0,0,0,2,0,16,6,7,41.80223806,-87.74315221
0,358165,-1,30,0,0,0,1,10,5,2,0,0,-1,0,-1,-1,1,0,0,414,-1,-1,-1,-1,-1,-1,2,0,0,0,0,0,4,0,16,6,7,41.74606821,-87.57603352
3,358038,-1,30,0,0,0,1,12,2,2,0,0,0,1,-1,-1,-1,21,0,1623,-1,-1,-1,-1,-1,-1,5,2,0,1,0,1,3,0,16,6,7,41.96409182,-87.76721216
0,358069,-1,30,0,0,0,1,10,3,-1,0,1,-1,0,-1,-1,-1,0,-1,1834,-1,-1,-1,-1,-1,-1,3,0,0,0,0,0,3,0,16,6,7,41.89387135,-87.61527478
0,350030,-1,30,1,2,2,1,0,5,2,0,1,0,0,1,-1,-1,17,0,313,1,-1,-1,-1,-1,-1,2,0,0,0,0,0,2,0,16,6,7,41.78034997,-87.61556531
0,359572,-1,30,0,0,2,1,10,5,2,0,1,-1,0,-1,-1,-1,0,0,431,-1,-1,-1,-1,-1,-1,2,0,0,0,0,0,2,0,16,6,7,41.70819552,-87.56566197
0,358123,-1,30,1,2,0,1,14,3,4,0,0,0,0,1,-1,1,6,31,111,-1,-1,-1,-1,-1,-1,2,0,0,0,0,0,2,0,16,6,7,41.88646702,-87.62780965
0,358094,-1,30,0,0,0,1,14,5,2,0,0,-1,0,-1,-1,1,23,-1,624,-1,-1,-1,-1,-1,-1,2,0,0,0,0,0,6,0,16,6,7,41.75141189,-87.60390855
2,358003,-1,30,2,2,0,1,0,5,4,0,0,0,1,1,-1,-1,17,11,1622,-1,-1,-1,-1,-1,-1,2,2,0,0,2,0,1,0,16,6,7,41.97109535,-87.78781829
0,358060,-1,30,0,0,2,1,7,7,-1,0,1,-1,0,-1,0,1,0,0,622,-1,-1,-1,-1,-1,-1,2,0,0,0,0,0,1,0,16,6,7,41.74342733,-87.63218113
0,357999,-1,30,1,2,0,1,12,6,2,0,0,0,0,-1,-1,-1,22,23,1834,-1,-1,-1,-1,-1,-1,2,0,0,0,0,0,3,0,16,6,7,41.89401814,-87.6247259
1,359490,-1,30,1,2,2,1,10,2,2,0,1,0,1,1,-1,1,16,0,733,-1,-1,-1,-1,-1,-1,2,2,0,0,0,2,1,0,16,6,7,41.76874434,-87.64465138
0,358061,-1,30,-1,0,0,1,14,5,-1,0,0,-1,0,-1,-1,-1,0,-1,2513,-1,-1,-1,-1,-1,-1,2,0,0,0,0,0,2,0,16,6,7,41.90925707,-87.78505659
2,357983,-1,30,2,2,12,1,8,5,2,0,1,0,1,1,-1,-1,0,0,813,-1,-1,-1,-1,-1,-1,2,1,0,0,1,0,1,0,16,6,7,41.78221818,-87.74002733
0,359261,-1,30,0,0,2,1,12,5,-1,0,1,-1,0,-1,-1,1,0,0,834,-1,-1,-1,-1,-1,-1,2,0,0,0,0,0,2,0,16,6,7,41.73527409,-87.70351128
0,358607,-1,30,0,0,2,4,12,5,-1,0,1,0,0,-1,-1,-1,22,-1,1712,-1,-1,-1,-1,-1,-1,2,0,0,0,0,0,2,0,16,6,7,41.97546241,-87.74692957
3,358063,-1,55,0,0,0,1,10,3,4,0,0,0,1,-1,-1,-1,16,16,114,-1,-1,-1,-1,-1,-1,3,3,0,1,2,0,2,0,16,6,7,41.87685235,-87.61754216
0,357979,-1,20,0,0,0,1,10,2,-1,0,0,-1,0,-1,-1,-1,18,18,2432,-1,-1,-1,-1,-1,-1,2,0,0,0,0,0,2,0,16,6,7,42.00155691,-87.67165232
0,357967,-1,25,0,0,1,1,0,6,1,0,1,1,1,-1,-1,-1,17,0,2431,-1,-1,-1,-1,-1,-1,2,0,0,0,0,0,4,0,16,6,7,42.00717986,-87.66769016
0,357982,-1,30,0,0,2,1,14,5,4,0,1,-1,0,0,-1,-1,17,11,2011,-1,-1,-1,-1,-1,-1,2,0,0,0,0,0,2,0,15,6,7,41.97709054,-87.68934438
0,358029,-1,20,0,0,2,1,2,7,-1,0,1,0,0,-1,1,1,0,0,211,-1,-1,-1,-1,-1,-1,1,0,0,0,0,0,1,0,15,6,7,41.83336897,-87.61686072
0,359263,-1,30,0,0,0,1,7,6,-1,0,0,0,0,-1,-1,1,0,-1,1933,-1,-1,-1,-1,-1,-1,2,0,0,0,0,0,1,0,15,6,7,41.939097,-87.65139984
0,357946,-1,40,0,0,1,1,10,3,9,0,1,0,0,-1,-1,1,0,0,1814,-1,-1,-1,-1,-1,-1,2,0,0,0,0,0,2,0,15,6,7,41.91516536,-87.62773146
0,358008,-1,30,1,2,0,1,12,5,-1,0,0,0,0,-1,-1,1,21,-1,1633,-1,-1,-1,-1,-1,-1,2,0,0,0,0,0,2,0,15,6,7,41.93838493,-87.78589923
0,358075,-1,30,0,0,2,1,7,6,1,0,1,0,0,-1,-1,-1,8,20,511,-1,-1,-1,-1,-1,-1,2,0,0,0,0,0,1,0,15,6,7,41.71745647,-87.61876124
0,357974,-1,30,1,2,0,1,10,5,4,0,0,0,0,-1,-1,-1,16,0,1022,-1,-1,-1,-1,-1,-1,2,0,0,0,0,0,2,0,15,6,7,41.85195988,-87.69953768
0,357966,-1,30,1,2,2,1,14,2,4,0,1,0,1,1,-1,1,22,-1,726,-1,-1,-1,-1,-1,-1,2,0,0,0,0,0,3,0,15,6,7,41.76854893,-87.67374952
2,357962,-1,30,0,0,2,1,10,2,-1,0,1,0,1,1,-1,-1,18,-1,2211,-1,-1,-1,-1,-1,-1,2,1,0,0,1,0,2,0,15,6,7,41.70834239,-87.68182722
0,358961,-1,30,1,2,2,1,10,12,0,0,1,0,0,1,-1,1,-1,-1,833,-1,-1,-1,-1,-1,-1,2,0,0,0,0,0,2,0,15,6,7,41.774965,-87.72281223
2,357968,-1,30,1,2,1,1,10,5,2,0,0,0,1,1,-1,-1,16,18,1434,-1,-1,-1,-1,-1,-1,5,2,0,0,2,0,3,0,15,6,7,41.91662075,-87.68687265
0,357952,-1,30,2,0,0,1,10,5,-1,0,0,-1,0,-1,-1,-1,0,-1,1623,-1,-1,-1,-1,-1,-1,2,0,0,0,0,0,2,0,15,6,7,41.96445117,-87.74777643
0,357949,-1,30,0,0,1,1,14,5,-1,0,-1,-1,0,-1,-1,-1,23,23,1134,-1,-1,-1,-1,-1,-1,2,0,0,0,0,0,2,0,15,6,7,41.86656203,-87.70112683
2,357936,-1,30,1,2,2,1,10,2,3,0,1,12,1,1,-1,-1,34,-1,934,-1,-1,-1,-1,-1,-1,2,1,0,0,1,0,2,0,15,6,7,41.79420895,-87.6601575
0,358001,-1,30,2,2,2,1,0,2,-1,0,1,0,1,-1,0,-1,5,34,612,-1,-1,-1,-1,-1,-1,2,0,0,0,0,0,2,0,15,6,7,41.7541574,-87.65853905
0,358361,-1,30,1,2,0,1,14,5,-1,0,0,0,0,-1,-1,-1,17,16,2533,-1,-1,-1,-1,-1,-1,2,0,0,0,0,0,2,0,15,6,7,41.9138412,-87.74544798
0,358011,-1,30,0,0,0,1,4,5,2,0,0,0,0,-1,-1,-1,29,29,522,-1,-1,-1,-1,-1,-1,1,0,0,0,0,0,1,0,15,6,7,41.68533275,-87.62754485
0,357927,-1,35,0,0,2,1,12,5,4,0,1,-1,0,-1,-1,-1,0,-1,2412,-1,-1,-1,-1,-1,-1,2,0,0,0,0,0,3,0,15,6,7,41.99963244,-87.69008093
0,357998,-1,35,0,0,2,1,12,6,1,0,1,-1,0,-1,-1,-1,17,17,1135,-1,-1,-1,-1,-1,-1,2,0,0,0,0,0,2,0,15,6,7,41.87480447,-87.69360543