MOST_SEVERE_INJURY,RD_NO,CRASH_DATE_EST_I,POSTED_SPEED_LIMIT,TRAFFIC_CONTROL_DEVICE,DEVICE_CONDITION,WEATHER_CONDITION,LIGHTING_CONDITION,FIRST_CRASH_TYPE,TRAFFICWAY_TYPE,LANE_CNT,ALIGNMENT,ROADWAY_SURFACE_COND,ROAD_DEFECT,CRASH_TYPE,INTERSECTION_RELATED_I,NOT_RIGHT_OF_WAY_I,HIT_AND_RUN_I,PRIM_CONTRIBUTORY_CAUSE,SEC_CONTRIBUTORY_CAUSE,BEAT_OF_OCCURRENCE,PHOTOS_TAKEN_I,STATEMENTS_TAKEN_I,DOORING_I,WORK_ZONE_I,WORK_ZONE_TYPE,WORKERS_PRESENT_I,NUM_UNITS,INJURIES_TOTAL,INJURIES_FATAL,INJURIES_INCAPACITATING,INJURIES_NON_INCAPACITATING,INJURIES_REPORTED_NOT_EVIDENT,INJURIES_NO_INDICATION,INJURIES_UNKNOWN,CRASH_HOUR,CRASH_DAY_OF_WEEK,CRASH_MONTH,LATITUDE,LONGITUDE
0,357931,-1,30,2,2,1,1,0,2,2,3,0,0,0,1,-1,-1,5,17,2433,-1,-1,-1,-1,-1,-1,2,0,0,0,0,0,2,0,15,6,7,41.99089827,-87.66531342
0,357897,-1,30,0,0,1,1,14,5,2,0,0,0,0,1,-1,-1,23,21,414,-1,-1,-1,-1,-1,-1,2,0,0,0,0,0,2,0,15,6,7,41.74969626,-87.57609464
2,357919,-1,30,0,0,-1,-1,14,5,4,0,-1,0,1,1,-1,1,17,25,1134,-1,-1,-1,-1,-1,-1,3,1,0,0,1,0,2,0,15,6,7,41.8665517,-87.70207678
0,358067,-1,30,0,0,0,1,2,3,2,0,0,0,0,-1,-1,-1,0,0,1012,-1,-1,-1,-1,-1,-1,1,0,0,0,0,0,1,0,15,6,7,41.85151057,-87.73444965
0,357961,-1,30,0,0,2,1,10,2,-1,0,1,-1,0,-1,-1,-1,34,-1,2223,-1,-1,-1,-1,-1,-1,3,0,0,0,0,0,3,0,15,6,7,41.71705569,-87.64323768
0,357867,-1,30,2,2,2,1,2,5,2,0,1,0,1,1,-1,-1,34,0,614,-1,-1,-1,-1,-1,-1,1,0,0,0,0,0,1,0,15,6,7,41.74483616,-87.66101591
0,358031,-1,30,0,0,0,1,14,5,-1,0,0,0,0,-1,-1,-1,23,-1,1214,-1,-1,-1,-1,-1,-1,2,0,0,0,0,0,3,0,14,6,7,41.88915042,-87.64837285
2,357955,-1,30,0,0,2,1,14,3,-1,0,1,0,1,-1,-1,-1,16,16,323,-1,-1,-1,-1,-1,-1,2,1,0,0,1,0,1,0,14,6,7,41.75833798,-87.62386901
0,357869,-1,30,0,0,2,1,10,5,2,0,1,0,0,-1,-1,-1,18,34,1114,-1,-1,-1,-1,-1,-1,3,0,0,0,0,0,3,0,14,6,7,41.88333771,-87.72589188
0,357885,-1,30,0,0,0,1,14,5,-1,0,0,0,0,1,-1,-1,0,-1,1623,-1,-1,-1,-1,-1,-1,2,0,0,0,0,0,3,0,14,6,7,41.98284444,-87.76474527
2,365134,-1,30,2,1,0,1,9,5,2,0,0,-1,1,-1,-1,1,20,17,132,-1,-1,-1,-1,-1,-1,2,1,0,0,1,0,1,0,14,6,7,41.852637,-87.6224087
0,359034,1,25,2,0,0,1,3,6,1,0,0,0,0,-1,-1,-1,0,0,2431,-1,-1,-1,-1,-1,-1,2,0,0,0,0,0,2,0,14,6,7,42.00802463,-87.66632615
0,358012,-1,30,0,0,1,1,14,5,4,2,0,0,0,-1,-1,-1,17,20,124,-1,-1,-1,-1,-1,-1,2,0,0,0,0,0,5,0,14,6,7,41.86888416,-87.63939254
0,364401,-1,30,0,0,0,1,0,5,-1,0,0,0,0,-1,-1,-1,-1,-1,1232,-1,-1,-1,-1,-1,-1,2,0,0,0,0,0,2,0,14,6,7,41.87912957,-87.645611
0,358259,-1,35,1,2,2,1,10,3,-1,0,1,0,0,1,-1,-1,0,-1,833,-1,-1,-1,-1,-1,-1,2,0,0,0,0,0,2,0,14,6,7,41.7541308,-87.741368
0,357950,-1,30,-1,-1,0,1,10,5,-1,0,1,-1,0,-1,-1,1,0,-1,2533,-1,-1,-1,-1,-1,-1,2,0,0,0,0,0,2,0,14,6,7,41.9153213,-87.74923867
0,357909,-1,30,0,0,0,1,7,5,2,0,0,0,0,-1,-1,-1,18,18,533,-1,-1,-1,-1,-1,-1,2,0,0,0,0,0,1,0,14,6,7,41.65194516,-87.61357287
0,357882,-1,30,1,2,1,1,10,2,2,0,1,0,0,1,-1,1,0,-1,1122,-1,-1,-1,-1,-1,-1,2,0,0,0,0,0,2,0,14,6,7,41.87732085,-87.71581167
0,357871,-1,35,1,2,0,1,10,5,4,0,1,0,1,-1,-1,-1,18,-1,1631,-1,-1,-1,-1,-1,-1,2,0,0,0,0,0,2,0,14,6,7,41.95196186,-87.83651776
0,357960,-1,10,0,0,2,1,7,7,1,0,1,0,0,-1,-1,-1,34,0,2221,-1,-1,-1,-1,-1,-1,2,0,0,0,0,0,1,0,14,6,7,41.72108295,-87.67978068
0,357870,-1,30,0,0,0,1,7,7,-1,0,0,0,0,-1,1,-1,0,-1,1711,-1,-1,-1,-1,-1,-1,2,0,0,0,0,0,6,0,14,6,7,41.99191947,-87.70963133
0,357915,-1,30,1,2,2,1,10,5,-1,0,1,0,0,1,-1,1,18,-1,621,-1,-1,-1,-1,-1,-1,2,0,0,0,0,0,2,0,14,6,7,41.75619399,-87.64413529
0,357908,-1,30,2,2,2,1,10,5,-1,0,1,0,0,-1,-1,-1,34,18,921,-1,-1,-1,-1,-1,-1,2,0,0,0,0,0,2,0,14,6,7,41.81619009,-87.70105489
0,357852,-1,30,1,2,0,1,0,2,2,0,0,0,0,1,-1,-1,6,-1,1733,-1,-1,-1,-1,-1,-1,2,0,0,0,0,0,2,0,14,6,7,41.94671926,-87.70797195
1,357845,-1,30,1,2,0,1,14,5,-1,0,1,0,1,-1,-1,-1,0,-1,1225,-1,-1,-1,-1,-1,-1,2,2,0,0,0,2,2,0,14,6,7,41.87272044,-87.67666041
0,357913,-1,15,0,0,1,1,7,3,2,0,0,0,0,-1,-1,-1,0,-1,1914,-1,-1,-1,-1,-1,-1,2,0,0,0,0,0,1,0,14,6,7,41.96502962,-87.6525395
0,364247,-1,30,0,0,0,1,7,6,1,0,0,0,1,-1,-1,-1,0,-1,423,-1,-1,-1,-1,-1,-1,2,0,0,0,0,0,1,0,14,6,7,41.73999522,-87.56255371
1,357943,-1,30,1,2,0,1,14,5,4,0,1,-1,1,1,-1,-1,23,21,1931,-1,-1,-1,-1,-1,-1,2,1,0,0,0,1,1,0,14,6,7,41.93232949,-87.67828272
0,357942,-1,30,1,2,0,1,12,5,-1,0,1,0,0,-1,-1,1,22,16,1424,1,-1,-1,-1,-1,-1,2,0,0,0,0,0,2,0,14,6,7,41.9103699,-87.67742887
0,357864,-1,10,0,0,2,1,7,7,1,0,1,-1,0,-1,1,-1,33,0,222,-1,-1,-1,-1,-1,-1,2,0,0,0,0,0,2,0,14,6,7,41.80969002,-87.60239185
2,357973,-1,30,1,2,0,1,14,5,-1,0,0,0,1,-1,-1,-1,17,17,122,-1,-1,-1,-1,-1,-1,2,3,0,0,3,0,1,0,14,6,7,41.87694913,-87.63415934
0,362193,1,30,0,0,-1,1,7,6,-1,0,-1,-1,0,-1,-1,1,0,-1,512,-1,-1,-1,-1,-1,-1,2,0,0,0,0,0,1,0,14,6,7,41.70529477,-87.60990784
0,357862,-1,30,0,0,2,1,10,5,2,0,1,-1,0,-1,-1,-1,18,0,1724,-1,-1,-1,-1,-1,-1,2,0,0,0,0,0,2,0,14,6,7,41.96254285,-87.70843237
0,357843,-1,30,0,0,0,1,12,5,-1,0,0,0,0,-1,-1,1,0,0,1023,-1,-1,-1,-1,-1,-1,2,0,0,0,0,0,2,0,14,6,7,41.85201006,-87.69563002
0,357840,-1,30,-1,-1,2,1,10,7,-1,0,1,-1,0,-1,-1,-1,0,-1,1624,-1,-1,-1,-1,-1,-1,2,0,0,0,0,0,2,0,14,6,7,41.95329285,-87.76706571
0,357877,-1,30,1,2,2,1,12,5,4,0,1,0,0,-1,-1,1,22,-1,915,-1,-1,-1,-1,-1,-1,2,0,0,0,0,0,2,0,13,6,7,41.823636,-87.64082112
0,363067,-1,30,0,0,0,1,10,6,1,0,0,0,0,-1,-1,1,18,18,1232,-1,-1,-1,-1,-1,-1,2,0,0,0,0,0,2,0,13,6,7,41.86625956,-87.645233
0,357878,-1,30,0,0,2,1,10,2,2,0,1,-1,0,-1,-1,-1,7,18,2523,-1,-1,-1,-1,-1,-1,3,0,0,0,0,0,3,0,13,6,7,41.93899623,-87.72618337
0,357846,-1,35,1,2,2,1,12,6,-1,0,1,0,0,-1,-1,1,16,-1,122,-1,-1,-1,-1,-1,-1,2,0,0,0,0,0,2,0,13,6,7,41.87679298,-87.6350292
1,357797,-1,30,0,0,2,1,14,5,2,0,1,0,1,-1,-1,-1,0,0,821,-1,-1,-1,-1,-1,-1,2,1,0,0,0,1,1,0,13,6,7,41.8085435,-87.70414083
0,357868,-1,30,0,0,0,1,0,6,1,0,0,3,1,-1,-1,-1,23,0,1533,-1,-1,-1,-1,-1,-1,2,0,0,0,0,0,6,0,13,6,7,41.87417677,-87.74528969
0,368119,-1,30,1,2,0,1,11,5,2,0,0,0,0,-1,-1,1,0,0,623,-1,-1,-1,-1,-1,-1,2,0,0,0,0,0,2,0,13,6,7,41.75640041,-87.62486969
0,357841,-1,30,0,0,0,1,10,6,2,0,0,0,0,-1,-1,1,20,20,1232,-1,-1,-1,-1,-1,-1,2,0,0,0,0,0,2,0,13,6,7,41.86721084,-87.64501433
0,357830,-1,30,1,2,2,1,10,5,-1,0,1,0,0,-1,-1,-1,0,-1,1631,-1,-1,-1,-1,-1,-1,2,0,0,0,0,0,2,0,13,6,7,41.95264858,-87.80790818
0,357777,-1,30,1,2,0,1,7,2,-1,0,0,0,0,-1,-1,0,0,-1,1114,-1,-1,-1,-1,-1,-1,2,0,0,0,0,0,1,0,13,6,7,41.88558032,-87.72592192
2,357756,-1,30,0,0,2,1,10,5,-1,0,1,0,1,-1,-1,-1,0,0,821,-1,-1,-1,-1,-1,-1,2,1,0,0,1,0,1,0,13,6,7,41.80801181,-87.72118736
0,357827,-1,30,2,2,0,1,10,2,4,0,0,0,0,1,-1,1,18,-1,1233,-1,-1,-1,-1,-1,-1,2,0,0,0,0,0,4,0,13,6,7,41.86681578,-87.66652926
0,357752,-1,15,0,0,0,1,7,7,-1,0,0,0,0,-1,1,-1,20,16,2511,-1,-1,-1,-1,-1,-1,2,0,0,0,0,0,3,0,13,6,7,41.9318911,-87.7855729
0,358200,-1,15,0,0,0,1,10,0,1,0,0,0,0,-1,-1,-1,20,-1,2032,-1,-1,-1,-1,-1,-1,2,0,0,0,0,0,2,0,13,6,7,41.97606917,-87.66914712
0,357786,-1,30,1,2,1,1,12,6,-1,0,0,0,0,1,-1,-1,21,-1,1832,-1,-1,-1,-1,-1,-1,2,0,0,0,0,0,3,0,13,6,7,41.89326784,-87.63131593
2,357757,-1,30,1,2,0,1,14,5,4,0,1,0,1,1,-1,-1,17,34,2433,-1,-1,-1,-1,-1,-1,3,1,0,0,1,0,2,0,13,6,7,41.99464166,-87.66055574
0,357798,-1,0,0,0,0,1,0,7,-1,0,0,0,0,-1,1,-1,0,-1,1632,-1,-1,-1,-1,-1,-1,2,0,0,0,0,0,2,0,13,6,7,41.95272166,-87.79136221
0,357726,-1,30,2,2,2,1,0,5,2,0,1,0,0,1,-1,-1,34,15,213,-1,-1,-1,-1,-1,-1,2,0,0,0,0,0,3,0,13,6,7,41.81669772,-87.61972258
0,381971,-1,30,0,0,0,1,7,6,1,0,-1,-1,0,-1,-1,-1,20,20,1912,-1,-1,-1,-1,-1,-1,2,0,0,0,0,0,1,0,13,6,7,41.96074129,-87.67095905
0,357722,-1,30,0,0,2,1,14,5,-1,0,1,0,0,-1,-1,-1,23,17,1814,-1,-1,-1,-1,-1,-1,2,0,0,0,0,0,2,0,13,6,7,41.92167473,-87.63659454
0,357750,-1,35,1,-1,2,1,14,5,2,0,-1,-1,0,-1,-1,-1,-1,-1,1513,-1,-1,-1,-1,-1,-1,2,0,0,0,0,0,4,0,12,6,7,41.86570874,-87.76437624
0,357746,-1,35,0,0,2,1,12,3,-1,0,1,0,1,-1,-1,1,25,22,2223,-1,-1,-1,-1,-1,-1,2,0,0,0,0,0,5,0,12,6,7,41.72054993,-87.64333746
0,357716,-1,20,0,0,0,1,11,5,-1,0,0,0,0,-1,-1,-1,-1,-1,712,-1,-1,-1,-1,-1,-1,2,0,0,0,0,0,3,0,12,6,7,41.78860593,-87.65408353
0,357813,-1,20,0,0,0,1,12,2,-1,0,0,-1,0,-1,-1,-1,0,-1,2412,-1,-1,-1,-1,-1,-1,2,0,0,0,0,0,2,0,12,6,7,41.99784092,-87.68982649
0,357727,-1,30,-1,-1,0,1,14,6,3,0,1,0,0,-1,-1,-1,22,0,212,-1,-1,-1,-1,-1,-1,2,0,0,0,0,0,2,0,12,6,7,41.82736325,-87.62182693
0,357749,-1,30,0,0,0,1,12,5,2,0,0,0,0,-1,-1,-1,11,-1,1433,-1,-1,-1,-1,-1,-1,2,0,0,0,0,0,2,0,12,6,7,41.91082311,-87.66166513
0,357690,-1,30,0,0,1,1,12,2,-1,0,0,0,0,-1,-1,-1,0,-1,1531,-1,-1,-1,-1,-1,-1,2,0,0,0,0,0,2,0,12,6,7,41.89506772,-87.7532091
0,359066,-1,30,1,2,0,1,10,5,4,0,1,-1,0,-1,-1,1,0,0,2433,-1,-1,-1,-1,-1,-1,2,0,0,0,0,0,2,0,12,6,7,41.99089824,-87.67017495
0,358127,1,10,0,0,-1,-1,7,7,-1,0,-1,-1,0,-1,-1,-1,0,0,1925,-1,-1,-1,-1,-1,-1,2,0,0,0,0,0,1,0,12,6,7,41.94021289,-87.64044977
0,357762,-1,30,0,0,0,1,11,2,2,0,0,0,0,-1,-1,0,0,-1,1412,-1,-1,-1,-1,-1,-1,2,0,0,0,0,0,2,0,12,6,7,41.93278826,-87.71247759
0,357656,-1,30,1,2,0,1,14,5,4,0,0,0,0,1,-1,1,0,0,811,-1,-1,-1,-1,-1,-1,2,0,0,0,0,0,3,0,12,6,7,41.79265135,-87.77212997
2,357651,-1,30,2,2,2,1,14,5,4,0,1,0,1,1,-1,-1,16,0,233,-1,-1,-1,-1,-1,-1,2,1,0,0,1,0,1,0,12,6,7,41.79349265,-87.61187597
0,357663,-1,30,0,0,0,1,12,2,4,0,1,0,0,-1,-1,-1,0,0,131,-1,-1,-1,-1,-1,-1,2,0,0,0,0,0,2,0,12,6,7,41.85824994,-87.62705985
0,357659,-1,30,2,0,1,1,5,3,1,0,0,12,1,-1,-1,-1,28,0,1421,-1,-1,-1,-1,-1,-1,2,0,0,0,0,0,2,0,12,6,7,41.91568168,-87.70706557
1,357691,-1,35,2,2,0,1,0,12,-1,0,0,0,1,-1,-1,-1,17,-1,1231,-1,-1,-1,-1,-1,-1,2,1,0,0,0,1,4,0,12,6,7,41.87606639,-87.67227346
0,357794,-1,30,1,2,2,1,0,5,4,0,1,0,0,1,-1,-1,6,-1,411,-1,-1,-1,-1,-1,-1,2,0,0,0,0,0,2,0,12,6,7,41.7567361,-87.59307096
0,357631,-1,30,0,0,0,1,14,5,-1,0,1,0,0,-1,-1,-1,21,17,912,-1,-1,-1,-1,-1,-1,2,0,0,0,0,0,3,0,12,6,7,41.83637159,-87.67799677
0,359243,-1,30,0,0,0,1,7,-1,-1,0,-1,-1,0,-1,-1,1,0,0,1834,-1,-1,-1,-1,-1,-1,2,0,0,0,0,0,1,0,12,6,7,41.8941336,-87.61817915
0,358967,-1,20,0,0,-1,1,7,5,-1,0,-1,0,0,-1,-1,-1,-1,-1,413,-1,-1,-1,-1,-1,-1,2,0,0,0,0,0,1,0,12,6,7,41.72407524,-87.5971237
0,365715,-1,25,1,2,-1,-1,10,5,2,0,0,0,0,-1,-1,-1,18,-1,915,-1,-1,-1,-1,-1,-1,2,0,0,0,0,0,3,0,11,6,7,41.83794125,-87.6457954
0,357676,-1,30,1,2,0,1,10,5,2,0,0,0,0,1,-1,-1,18,0,1213,-1,-1,-1,-1,-1,-1,2,0,0,0,0,0,2,0,11,6,7,41.89614191,-87.66979263
0,357807,-1,30,2,2,0,1,0,5,4,0,0,0,0,1,-1,-1,17,-1,632,-1,-1,-1,-1,-1,-1,2,0,0,0,0,0,2,0,11,6,7,41.7402662,-87.61454654
0,358251,-1,10,0,0,0,1,3,7,-1,0,-1,-1,0,-1,1,1,0,-1,912,-1,-1,-1,-1,-1,-1,2,0,0,0,0,0,3,0,11,6,7,41.83574906,-87.66584167
0,357730,-1,30,1,2,1,1,10,5,-1,0,1,-1,0,-1,-1,1,0,0,733,-1,-1,-1,-1,-1,-1,2,0,0,0,0,0,2,0,11,6,7,41.76510943,-87.64455695
0,357894,-1,30,0,0,0,1,7,2,-1,0,0,0,0,-1,-1,1,22,-1,123,-1,-1,-1,-1,-1,-1,2,0,0,0,0,0,1,0,11,6,7,41.86949814,-87.62427797
0,357654,-1,30,1,2,0,1,10,2,-1,0,1,0,0,1,-1,1,20,-1,912,-1,-1,-1,-1,-1,-1,2,0,0,0,0,0,2,0,11,6,7,41.83024202,-87.67768581
0,357621,-1,25,1,2,2,1,8,3,2,0,1,0,0,1,-1,-1,21,-1,132,-1,-1,-1,-1,-1,-1,2,0,0,0,0,0,3,0,11,6,7,41.84825865,-87.6235363
1,357614,-1,30,0,0,0,1,10,5,-1,0,0,0,1,-1,-1,-1,18,18,1112,-1,-1,-1,-1,-1,-1,2,1,0,0,0,1,1,0,11,6,7,41.89546215,-87.72593681
3,357619,-1,30,0,0,0,1,10,2,-1,0,0,0,1,-1,-1,-1,18,-1,2533,-1,-1,-1,-1,-1,-1,3,4,0,1,3,0,3,0,11,6,7,41.9168154,-87.75590935
0,357611,-1,30,0,0,2,1,12,3,6,0,1,0,0,-1,-1,-1,21,-1,1834,-1,-1,-1,-1,-1,-1,2,0,0,0,0,0,2,0,11,6,7,41.89189708,-87.62401629
0,357650,-1,30,0,0,0,1,7,5,-1,0,0,0,0,-1,-1,1,21,-1,1834,-1,-1,-1,-1,-1,-1,2,0,0,0,0,0,1,0,11,6,7,41.89361918,-87.62691794
0,357626,-1,30,0,0,0,1,10,2,4,0,1,0,1,-1,-1,-1,18,0,1411,-1,-1,-1,-1,-1,-1,2,0,0,0,0,0,2,0,11,6,7,41.93220588,-87.69703873
0,357601,-1,30,3,2,0,1,12,5,2,0,0,0,0,-1,-1,-1,0,0,1111,-1,-1,-1,-1,-1,-1,2,0,0,0,0,0,2,0,11,6,7,41.90246106,-87.73248915
0,357576,-1,35,0,0,2,1,10,2,4,0,1,0,0,-1,-1,-1,0,0,634,-1,-1,-1,-1,-1,-1,2,0,0,0,0,0,4,0,11,6,7,41.73586727,-87.6327948
0,369034,-1,30,-1,-1,-1,1,3,5,2,0,-1,-1,0,-1,-1,-1,0,-1,832,-1,-1,-1,-1,-1,-1,2,0,0,0,0,0,2,0,11,6,7,41.77369056,-87.68098684
2,362869,-1,30,1,2,2,1,10,5,-1,0,1,0,1,-1,-1,-1,0,0,1222,-1,-1,-1,-1,-1,-1,2,3,0,0,3,0,1,0,11,6,7,41.88263294,-87.68662183
0,358006,-1,30,-1,0,0,1,12,5,-1,0,0,-1,0,-1,-1,1,0,-1,2534,-1,-1,-1,-1,-1,-1,2,0,0,0,0,0,2,0,11,6,7,41.90966181,-87.73557052
2,357773,-1,30,1,-1,0,1,14,2,-1,0,1,0,1,-1,-1,-1,0,-1,622,-1,-1,-1,-1,-1,-1,2,1,0,0,1,0,1,0,11,6,7,41.73637382,-87.62723157
1,357660,-1,5,1,2,2,1,14,5,6,0,1,0,1,1,-1,-1,18,0,632,1,-1,-1,-1,-1,-1,2,1,0,0,0,1,1,0,11,6,7,41.73675996,-87.60476457
0,357632,-1,35,1,2,2,1,10,2,2,0,1,0,0,-1,-1,-1,18,-1,2535,-1,-1,-1,-1,-1,-1,2,0,0,0,0,0,2,0,11,6,7,41.90975548,-87.72620537
0,357604,-1,30,0,0,0,1,2,6,-1,0,0,0,0,-1,-1,1,10,-1,2031,-1,-1,-1,-1,-1,-1,1,0,0,0,0,0,1,0,11,6,7,41.97084046,-87.69766841
0,357585,-1,35,0,0,2,1,7,2,4,0,1,0,0,-1,-1,-1,0,0,224,-1,-1,-1,-1,-1,-1,2,0,0,0,0,0,3,0,11,6,7,41.80776517,-87.6166918
0,357567,-1,30,0,0,2,1,14,5,4,0,1,0,1,-1,-1,-1,17,-1,131,-1,-1,-1,-1,-1,-1,2,0,0,0,0,0,2,0,11,6,7,41.85911384,-87.62410822
0,357597,0,30,0,0,2,1,7,5,-1,0,1,0,0,-1,-1,1,0,-1,1034,-1,-1,-1,-1,-1,-1,2,0,0,0,0,0,1,0,11,6,7,41.8448237,-87.69357423
0,357572,-1,30,0,0,2,1,14,5,2,0,1,-1,0,-1,-1,-1,0,-1,1021,-1,-1,-1,-1,-1,-1,2,0,0,0,0,0,2,0,11,6,7,41.85678044,-87.71012536
0,357618,-1,30,2,0,1,1,7,5,2,0,0,0,0,-1,-1,-1,23,7,233,-1,-1,-1,-1,-1,-1,2,0,0,0,0,0,2,0,11,6,7,41.80105502,-87.59682675
0,357540,-1,35,1,2,2,1,12,2,4,0,1,0,0,-1,-1,-1,25,-1,411,-1,-1,-1,-1,-1,-1,2,0,0,0,0,0,2,0,11,6,7,41.752143,-87.58668547
0,361801,-1,30,1,2,0,1,10,2,5,0,0,0,0,-1,-1,-1,18,0,814,-1,-1,-1,-1,-1,-1,2,0,0,0,0,0,3,0,11,6,7,41.79312647,-87.74300636
0,360459,-1,30,1,2,0,1,10,5,4,0,0,0,0,-1,-1,-1,20,-1,1411,-1,-1,-1,-1,-1,-1,2,0,0,0,0,0,2,0,11,6,7,41.92866979,-87.68792224
1,358294,-1,35,0,0,-1,1,8,2,-1,0,-1,0,1,-1,-1,1,10,17,1235,-1,-1,-1,-1,-1,-1,2,1,0,0,0,1,2,0,11,6,7,41.85197917,-87.64662128
0,357638,-1,30,0,0,1,1,7,5,-1,0,0,0,0,-1,-1,-1,22,-1,1923,-1,-1,-1,-1,-1,-1,2,0,0,0,0,0,1,0,11,6,7,41.95117724,-87.65793619
0,357582,-1,30,1,1,1,1,10,5,4,0,0,0,0,-1,-1,1,16,-1,1513,-1,-1,-1,-1,-1,-1,2,0,0,0,0,0,2,0,11,6,7,41.88035456,-87.76494814
2,357511,-1,30,0,2,2,2,10,5,-1,0,1,0,1,-1,-1,-1,18,18,411,-1,-1,-1,-1,-1,-1,2,2,0,0,2,0,2,0,11,6,7,41.75227704,-87.58644867
0,357592,1,0,0,0,-1,-1,7,6,1,0,-1,0,0,-1,-1,1,0,-1,2524,-1,-1,-1,-1,-1,-1,2,0,0,0,0,0,1,0,10,6,7,41.92623272,-87.72514632
0,357569,-1,30,9,2,2,1,12,3,6,0,0,0,0,-1,-1,-1,22,-1,114,-1,-1,-1,1,-1,-1,2,0,0,0,0,0,2,0,10,6,7,41.88845281,-87.62041944
0,357552,-1,25,0,0,2,1,5,6,-1,0,1,0,0,-1,-1,1,25,-1,432,-1,-1,-1,-1,-1,-1,1,0,0,0,0,0,1,0,10,6,7,41.70440498,-87.53151102
1,357565,-1,30,1,2,0,1,10,5,5,0,0,0,1,1,-1,-1,0,0,1433,-1,-1,-1,-1,-1,-1,2,1,0,0,0,1,1,0,10,6,7,41.91052143,-87.667629
0,357516,-1,39,0,0,0,1,7,4,-1,0,0,0,0,-1,-1,-1,11,27,2521,-1,-1,-1,-1,-1,-1,2,0,0,0,0,0,1,0,10,6,7,41.92466415,-87.74402477
0,357521,-1,30,0,0,0,1,14,5,-1,0,0,0,0,-1,-1,-1,0,-1,2524,-1,-1,-1,-1,-1,-1,2,0,0,0,0,0,2,0,10,6,7,41.92920079,-87.72675775
0,357494,-1,30,1,2,0,1,14,2,2,0,0,0,0,-1,-1,-1,22,22,1235,-1,-1,-1,-1,-1,-1,2,0,0,0,0,0,3,0,10,6,7,41.85807516,-87.65572069
0,357525,-1,30,0,0,0,1,10,5,2,0,0,0,0,-1,-1,-1,18,-1,2515,-1,-1,-1,-1,-1,-1,2,0,0,0,0,0,3,0,10,6,7,41.91967965,-87.77020947
0,357497,-1,35,1,2,0,1,10,2,2,0,0,0,0,-1,-1,-1,18,18,2534,-1,-1,-1,-1,-1,-1,2,0,0,0,0,0,2,0,10,6,7,41.9099257,-87.73560731
0,357563,-1,35,1,2,0,3,10,5,2,0,0,0,0,-1,-1,-1,8,8,1834,-1,-1,-1,-1,-1,-1,2,0,0,0,0,0,2,0,10,6,7,41.89042261,-87.62399893
0,357533,-1,30,1,2,0,1,0,5,-1,0,1,0,0,-1,-1,-1,0,0,1131,-1,-1,-1,-1,-1,-1,2,0,0,0,0,0,2,0,10,6,7,41.86614087,-87.73508956
0,357510,-1,30,1,2,0,1,14,2,-1,0,0,0,0,1,-1,-1,0,-1,624,-1,-1,-1,-1,-1,-1,2,0,0,0,0,0,3,0,10,6,7,41.75860901,-87.59572136
0,357964,-1,30,0,0,2,1,7,6,1,0,1,0,0,-1,-1,1,0,0,2511,-1,-1,-1,-1,-1,-1,2,0,0,0,0,0,1,0,10,6,7,41.93117328,-87.79317733
0,357479,-1,35,0,0,0,1,10,2,-1,0,0,0,0,-1,-1,-1,18,18,1935,-1,-1,-1,-1,-1,-1,2,0,0,0,0,0,2,0,10,6,7,41.92616072,-87.63151467
3,357456,-1,5,2,2,0,1,14,7,4,0,0,0,1,1,-1,-1,0,0,2512,-1,-1,-1,-1,-1,-1,2,1,0,1,0,0,1,0,10,6,7,41.9237818,-87.78625367
0,357455,-1,30,0,0,0,1,12,6,3,0,0,0,0,-1,-1,-1,22,-1,111,-1,-1,-1,-1,-1,-1,2,0,0,0,0,0,2,0,9,6,7,41.88351265,-87.63076855
0,357541,-1,30,0,0,1,1,10,3,6,0,0,0,0,-1,-1,-1,20,11,122,1,-1,-1,-1,-1,-1,2,0,0,0,0,0,3,0,9,6,7,41.87570198,-87.63211872
0,357546,-1,30,1,2,0,1,14,5,2,0,0,0,1,1,-1,-1,23,-1,1722,-1,-1,-1,-1,-1,-1,2,0,0,0,0,0,2,0,9,6,7,41.96103576,-87.72976389
0,357488,1,30,0,0,-1,-1,7,5,2,0,-1,-1,0,-1,-1,1,0,-1,823,-1,-1,-1,-1,-1,-1,2,0,0,0,0,0,1,0,9,6,7,41.77537844,-87.71517421
0,357446,-1,30,0,0,0,1,7,5,4,0,0,0,0,-1,-1,-1,-1,-1,2411,-1,-1,-1,-1,-1,-1,2,0,0,0,0,0,4,0,9,6,7,42.01418398,-87.69037835
0,357419,-1,35,0,0,0,1,10,5,-1,0,0,0,0,-1,-1,1,18,-1,1711,-1,-1,-1,-1,-1,-1,2,0,0,0,0,0,2,0,9,6,7,41.99024419,-87.72871439
2,357453,-1,30,0,0,0,1,10,5,2,0,0,0,1,-1,-1,-1,27,27,1222,-1,-1,-1,-1,-1,-1,5,1,0,0,1,0,4,0,9,6,7,41.88686348,-87.7015179
0,357493,-1,30,1,2,0,1,10,6,-1,0,0,0,0,-1,-1,-1,20,-1,1834,-1,-1,-1,-1,-1,-1,2,0,0,0,0,0,3,0,9,6,7,41.89157651,-87.62665425
0,357723,-1,10,0,0,-1,1,7,7,-1,0,-1,-1,0,-1,-1,1,0,0,1915,-1,-1,-1,-1,-1,-1,2,0,0,0,0,0,1,0,9,6,7,41.95464083,-87.65156901