MOST_SEVERE_INJURY,RD_NO,CRASH_DATE_EST_I,POSTED_SPEED_LIMIT,TRAFFIC_CONTROL_DEVICE,DEVICE_CONDITION,WEATHER_CONDITION,LIGHTING_CONDITION,FIRST_CRASH_TYPE,TRAFFICWAY_TYPE,LANE_CNT,ALIGNMENT,ROADWAY_SURFACE_COND,ROAD_DEFECT,CRASH_TYPE,INTERSECTION_RELATED_I,NOT_RIGHT_OF_WAY_I,HIT_AND_RUN_I,PRIM_CONTRIBUTORY_CAUSE,SEC_CONTRIBUTORY_CAUSE,BEAT_OF_OCCURRENCE,PHOTOS_TAKEN_I,STATEMENTS_TAKEN_I,DOORING_I,WORK_ZONE_I,WORK_ZONE_TYPE,WORKERS_PRESENT_I,NUM_UNITS,INJURIES_TOTAL,INJURIES_FATAL,INJURIES_INCAPACITATING,INJURIES_NON_INCAPACITATING,INJURIES_REPORTED_NOT_EVIDENT,INJURIES_NO_INDICATION,INJURIES_UNKNOWN,CRASH_HOUR,CRASH_DAY_OF_WEEK,CRASH_MONTH,LATITUDE,LONGITUDE
0,357433,-1,30,0,0,0,1,10,5,2,0,0,0,0,-1,-1,-1,18,-1,2011,-1,-1,-1,-1,-1,-1,2,0,0,0,0,0,2,0,9,6,7,41.98205255,-87.69354121
0,357426,-1,45,3,2,0,1,10,3,4,0,0,0,1,-1,-1,-1,11,11,133,-1,-1,-1,-1,-1,-1,4,0,0,0,0,0,4,0,9,6,7,41.84452871,-87.61068301
0,357747,-1,30,0,0,0,1,11,5,2,0,0,0,0,-1,-1,-1,0,-1,1235,-1,-1,-1,-1,-1,-1,2,0,0,0,0,0,4,0,9,6,7,41.85430217,-87.66494626
0,357404,-1,25,12,0,0,1,3,2,2,0,0,0,1,1,-1,-1,20,16,2433,-1,-1,-1,-1,-1,-1,2,0,0,0,0,0,2,0,9,6,7,41.99014452,-87.65944472
0,357435,-1,30,1,2,2,1,12,5,-1,0,1,0,0,-1,-1,1,22,23,611,-1,-1,-1,-1,-1,-1,2,0,0,0,0,0,2,0,9,6,7,41.75018236,-87.67327886
0,357407,-1,30,1,2,0,1,10,1,-1,0,0,0,0,1,-1,-1,18,18,612,-1,-1,-1,-1,-1,-1,2,0,0,0,0,0,2,0,9,6,7,41.75067847,-87.64895143
0,357444,1,30,2,0,0,1,12,5,2,0,0,0,0,-1,-1,-1,0,0,1034,-1,-1,-1,-1,-1,-1,2,0,0,0,0,0,2,0,9,6,7,41.84649966,-87.6853407
0,365692,-1,30,0,0,0,1,12,5,2,0,0,0,0,-1,-1,-1,17,-1,1711,-1,-1,-1,-1,-1,-1,2,0,0,0,0,0,2,0,9,6,7,-1,-1
0,357874,-1,30,0,0,0,1,12,3,3,0,0,0,0,-1,-1,-1,17,22,114,-1,-1,-1,-1,-1,-1,2,0,0,0,0,0,3,0,9,6,7,41.88726183,-87.61586441
0,357506,1,20,0,0,0,0,7,12,1,0,0,0,0,-1,-1,1,21,-1,823,-1,-1,-1,-1,-1,-1,2,0,0,0,0,0,1,0,9,6,7,41.78336165,-87.70432724
0,357403,-1,30,1,2,0,1,12,3,-1,0,0,0,0,-1,-1,-1,22,-1,133,-1,-1,-1,-1,-1,-1,2,0,0,0,0,0,2,0,9,6,7,41.84213693,-87.61705822
0,357448,-1,30,0,-1,-1,-1,7,5,-1,0,-1,0,0,-1,-1,1,0,-1,1122,-1,-1,-1,-1,-1,-1,2,0,0,0,0,0,1,0,8,6,7,41.8871721,-87.72110454
0,357408,-1,30,0,0,0,1,12,5,-1,0,0,0,0,-1,-1,-1,21,16,124,-1,-1,-1,-1,-1,-1,2,0,0,0,0,0,2,0,8,6,7,41.86731941,-87.63905675
2,357380,0,30,1,2,0,1,14,3,-1,2,0,0,1,1,-1,-1,17,17,1022,-1,-1,-1,-1,-1,-1,2,1,0,0,1,0,1,0,8,6,7,41.85809822,-87.70543638
0,357436,-1,30,0,0,0,3,2,3,2,0,0,0,0,-1,-1,-1,3,29,114,-1,-1,-1,-1,-1,-1,1,0,0,0,0,0,1,0,8,6,7,41.88847777,-87.62435422
0,357374,-1,30,0,0,0,1,12,5,2,0,0,0,0,1,-1,-1,0,-1,1612,-1,-1,-1,-1,-1,-1,2,0,0,0,0,0,3,0,8,6,7,42.00204356,-87.81672182
0,357467,-1,20,0,0,2,1,12,6,-1,0,0,2,0,-1,-1,-1,0,-1,1921,-1,-1,-1,-1,-1,-1,2,0,0,0,0,0,2,0,8,6,7,41.94682488,-87.69321291
2,357362,-1,25,0,2,0,1,10,2,-1,0,0,0,1,-1,-1,-1,18,-1,1612,-1,-1,-1,-1,-1,-1,2,1,0,0,1,0,2,0,8,6,7,41.99776905,-87.80834652
0,357384,-1,35,0,0,0,1,12,3,2,0,0,0,0,-1,-1,-1,16,-1,634,-1,-1,-1,-1,-1,-1,2,0,0,0,0,0,2,0,8,6,7,41.73586333,-87.63267763
0,357377,-1,20,0,0,0,1,7,5,2,0,0,0,1,-1,-1,1,0,0,2523,-1,-1,-1,-1,-1,-1,3,0,0,0,0,0,1,0,8,6,7,41.93451455,-87.72060057
0,357340,-1,30,0,0,0,1,10,5,4,0,0,-1,0,1,-1,-1,17,-1,1215,-1,-1,-1,-1,-1,-1,2,0,0,0,0,0,2,0,8,6,7,41.89110836,-87.66559907
0,357411,-1,35,1,2,0,1,10,3,4,0,0,0,0,-1,-1,-1,18,-1,1631,-1,-1,-1,-1,-1,-1,3,0,0,0,0,0,4,0,8,6,7,41.95196186,-87.83651776
0,357412,-1,30,0,0,0,1,14,5,2,0,0,0,0,-1,-1,-1,23,22,314,-1,-1,-1,-1,-1,-1,2,0,0,0,0,0,2,0,8,6,7,41.78059864,-87.59919787
0,357335,-1,30,0,0,0,1,7,5,-1,0,0,0,0,-1,-1,-1,21,-1,1813,-1,-1,-1,-1,-1,-1,2,0,0,0,0,0,1,0,8,6,7,41.91773285,-87.65320833
0,357570,1,20,0,0,0,0,7,12,-1,0,0,0,0,-1,-1,1,21,-1,814,-1,-1,-1,-1,-1,-1,2,0,0,0,0,0,1,0,8,6,7,41.80085142,-87.74434712
0,357356,-1,30,2,2,0,1,12,5,2,0,0,0,0,-1,-1,-1,21,8,621,-1,-1,-1,-1,-1,-1,2,0,0,0,0,0,2,0,8,6,7,41.75624357,-87.6405851
0,357353,1,30,0,0,0,-1,7,6,1,0,0,0,0,-1,-1,1,0,27,2522,-1,-1,-1,-1,-1,-1,2,0,0,0,0,0,1,0,8,6,7,41.92247666,-87.73231237
0,358055,-1,30,1,2,0,1,12,6,4,0,0,0,0,-1,-1,1,22,2,112,-1,-1,-1,-1,-1,-1,2,0,0,0,0,0,3,0,7,6,7,41.88208855,-87.63067223
2,357324,-1,30,1,2,0,1,9,2,2,0,0,0,1,1,-1,-1,0,0,632,-1,-1,-1,-1,-1,-1,2,1,0,0,1,0,1,0,7,6,7,41.73675996,-87.60476457
0,357427,-1,30,0,0,0,1,14,6,3,0,0,0,0,-1,-1,-1,0,0,122,-1,-1,-1,-1,-1,-1,2,0,0,0,0,0,2,0,7,6,7,41.8819923,-87.63250663
0,357325,1,30,0,0,0,1,14,5,1,0,0,0,0,-1,-1,-1,0,0,1824,-1,-1,-1,-1,-1,-1,2,0,0,0,0,0,2,0,7,6,7,41.90344695,-87.6298249
0,358304,-1,30,1,2,0,1,0,5,-1,0,0,0,0,1,-1,-1,17,-1,821,-1,-1,-1,-1,-1,-1,2,0,0,0,0,0,2,0,7,6,7,41.81801875,-87.72379038
0,360196,-1,30,1,2,0,1,10,5,2,0,0,0,0,-1,-1,-1,0,0,925,-1,-1,-1,-1,-1,-1,2,0,0,0,0,0,2,0,7,6,7,41.81907206,-87.64574163
0,357855,-1,30,0,0,1,2,7,5,-1,0,0,0,0,-1,-1,-1,20,0,1022,-1,-1,-1,-1,-1,-1,2,0,0,0,0,0,1,0,7,6,7,41.86142198,-87.7049038
0,357372,-1,25,0,0,0,1,7,5,2,0,0,0,0,-1,-1,1,0,0,1121,-1,-1,-1,-1,-1,-1,2,0,0,0,0,0,1,0,7,6,7,41.89148035,-87.71116895
0,357329,1,30,2,-1,0,1,14,5,2,1,-1,-1,0,1,-1,-1,-1,-1,334,-1,-1,-1,-1,-1,-1,2,0,0,0,0,0,2,0,7,6,7,41.76619122,-87.5647703
0,358755,-1,30,0,0,0,1,0,12,-1,0,0,0,0,-1,-1,-1,17,16,324,-1,-1,-1,-1,-1,-1,2,0,0,0,0,0,2,0,7,6,7,41.75885159,-87.58885154
0,358314,-1,30,0,0,0,1,10,6,-1,0,0,0,0,-1,-1,1,18,-1,1834,-1,-1,-1,-1,-1,-1,2,0,0,0,0,0,2,0,7,6,7,41.89411346,-87.61942855
0,357355,-1,25,0,0,0,1,2,0,1,0,0,0,0,-1,-1,-1,33,0,333,-1,-1,-1,-1,-1,-1,1,0,0,0,0,0,1,0,7,6,7,41.76332916,-87.57486825
0,357679,-1,30,1,2,0,1,14,6,2,0,0,0,0,-1,-1,-1,17,-1,2511,-1,-1,-1,-1,-1,-1,2,0,0,0,0,0,2,0,6,6,7,41.93788892,-87.81270254
2,357296,-1,30,0,0,0,1,10,6,-1,2,1,2,1,-1,-1,-1,16,-1,1831,-1,-1,-1,-1,-1,-1,2,1,0,0,1,0,1,0,6,6,7,41.89246583,-87.63654818
0,357286,-1,30,1,0,0,1,10,5,2,0,0,1,0,-1,-1,-1,18,-1,1623,-1,-1,-1,-1,-1,-1,2,0,0,0,0,0,2,0,6,6,7,41.96478986,-87.7579042
0,357283,-1,30,1,2,0,1,14,3,5,3,0,0,1,1,-1,-1,17,-1,434,-1,-1,-1,-1,-1,-1,2,0,0,0,0,0,2,0,6,6,7,41.65912619,-87.55943274
0,361711,-1,15,0,0,-1,-1,7,5,2,0,-1,0,0,-1,-1,1,0,0,1723,-1,-1,-1,-1,-1,-1,2,0,0,0,0,0,1,0,6,6,7,41.95913872,-87.71812364
0,357284,-1,30,0,0,0,1,14,2,4,0,0,0,1,-1,-1,-1,17,17,1225,-1,-1,-1,-1,-1,-1,2,0,0,0,0,0,4,0,5,6,7,41.86703776,-87.68590476
0,357273,-1,25,0,0,0,2,7,5,-1,0,0,0,0,-1,-1,-1,17,-1,2521,-1,-1,-1,-1,-1,-1,2,0,0,0,0,0,1,0,5,6,7,41.92640483,-87.741349
0,357293,-1,35,0,0,0,1,7,5,-1,0,0,0,0,-1,-1,1,0,0,211,-1,-1,-1,-1,-1,-1,3,0,0,0,0,0,1,0,5,6,7,41.83374976,-87.61953516
1,357265,-1,30,1,2,0,3,10,2,4,0,0,0,1,1,-1,1,0,0,1414,-1,-1,-1,-1,-1,-1,2,1,0,0,0,1,1,0,5,6,7,41.92466549,-87.70071333
0,357259,-1,30,0,0,0,2,7,5,1,0,0,0,1,-1,-1,-1,0,7,1622,-1,-1,-1,-1,-1,-1,2,0,0,0,0,0,1,0,4,6,7,41.9894266,-87.77659862
0,357336,-1,15,0,3,0,1,7,5,2,0,0,0,0,-1,-1,1,0,0,413,-1,-1,-1,-1,-1,-1,2,0,0,0,0,0,1,0,4,6,7,41.72426541,-87.58614806
0,357261,-1,30,0,0,0,0,0,5,-1,0,0,0,0,-1,-1,-1,20,-1,1822,-1,-1,-1,-1,-1,-1,2,0,0,0,0,0,3,0,4,6,7,41.90989553,-87.65277244
3,357244,-1,30,0,0,0,0,6,2,2,0,0,0,1,-1,-1,-1,0,0,233,-1,-1,-1,-1,-1,-1,1,1,0,1,0,0,1,0,4,6,7,41.79397421,-87.60635266
0,357291,-1,30,0,0,0,3,7,5,4,0,0,0,1,-1,-1,-1,16,12,1814,-1,-1,-1,-1,-1,-1,2,0,0,0,0,0,2,0,4,6,7,41.92414176,-87.63637599
0,357248,-1,30,0,0,0,0,2,12,0,0,0,1,0,-1,-1,-1,0,0,1214,-1,-1,-1,-1,-1,-1,1,0,0,0,0,0,1,0,4,6,7,41.89001607,-87.64305631
0,357249,0,30,0,0,0,3,11,5,2,2,0,0,1,-1,-1,1,21,0,624,-1,-1,-1,-1,-1,-1,2,0,0,0,0,0,4,0,3,6,7,41.75827908,-87.60798069
0,358062,-1,15,0,0,0,3,2,7,-1,0,0,0,0,-1,1,-1,25,16,1722,-1,-1,-1,-1,-1,-1,1,0,0,0,0,0,2,0,3,6,7,41.95375687,-87.72769851
0,358004,0,30,0,0,-1,0,7,5,2,0,-1,0,0,-1,-1,1,0,-1,1033,-1,-1,-1,-1,-1,-1,2,0,0,0,0,0,1,0,3,6,7,41.84987398,-87.70411738
0,357201,1,30,0,0,0,3,14,5,2,0,0,0,0,0,-1,1,23,0,2515,-1,-1,-1,-1,-1,-1,2,0,0,0,0,0,2,0,2,6,7,41.91932334,-87.76827072
0,357185,-1,30,0,0,0,3,7,6,3,0,0,0,0,-1,-1,1,20,0,1831,-1,-1,-1,-1,-1,-1,2,0,0,0,0,0,1,0,2,6,7,41.88997769,-87.63122708
0,361854,-1,30,0,0,0,3,7,5,-1,0,0,0,1,-1,-1,1,0,0,613,-1,-1,-1,-1,-1,-1,2,0,0,0,0,0,1,0,2,6,7,41.74490616,-87.64858637
0,357471,1,30,-1,-1,-1,-1,7,5,1,0,-1,-1,1,-1,-1,1,-1,-1,332,-1,-1,-1,-1,-1,-1,2,0,0,0,0,0,1,0,2,6,7,41.76796848,-87.58832984
3,358707,-1,30,1,2,0,3,2,1,4,0,0,0,1,0,-1,-1,0,0,2515,-1,-1,-1,-1,-1,-1,1,2,0,2,0,0,0,0,1,6,7,41.92387203,-87.76592699
1,357174,-1,30,1,2,1,3,0,2,-1,0,0,0,1,1,-1,-1,32,-1,1925,-1,-1,-1,-1,-1,-1,2,1,0,0,0,1,2,0,1,6,7,41.94748113,-87.64723931
2,357160,-1,30,0,0,0,3,9,6,1,0,0,0,1,-1,-1,-1,11,11,1132,-1,-1,-1,-1,-1,-1,2,1,0,0,1,0,1,0,0,6,7,41.87631425,-87.72342741
0,357149,0,30,0,0,0,3,7,3,4,0,0,0,0,-1,-1,1,0,0,1922,-1,-1,-1,-1,-1,-1,3,0,0,0,0,0,1,0,0,6,7,41.95026326,-87.66909059
0,358020,1,30,0,0,0,-1,7,6,1,0,-1,0,0,-1,-1,1,0,0,2514,-1,-1,-1,-1,-1,-1,2,0,0,0,0,0,1,0,0,6,7,41.93490299,-87.75965229
0,357182,-1,30,0,0,0,3,7,6,1,0,0,0,1,-1,-1,1,0,0,414,-1,-1,-1,-1,-1,-1,4,0,0,0,0,0,1,0,0,6,7,41.7550947,-87.57132218
0,357125,-1,25,0,0,0,3,2,7,0,0,0,0,0,-1,-1,-1,11,16,1923,-1,-1,-1,-1,-1,-1,1,0,0,0,0,0,1,0,0,6,7,41.94910384,-87.65748103
0,357144,-1,30,2,2,0,3,7,5,2,0,0,0,0,0,-1,1,25,16,934,-1,-1,-1,-1,-1,-1,2,0,0,0,0,0,1,0,0,6,7,41.797724,-87.65025135
0,357130,-1,30,6,-1,0,3,14,5,2,0,0,0,0,1,-1,-1,0,0,434,-1,-1,-1,-1,-1,-1,2,0,0,0,0,0,2,0,23,5,7,41.70647466,-87.55513783
0,357156,-1,30,2,2,0,3,10,5,2,0,0,0,1,1,-1,0,32,5,431,-1,-1,-1,-1,-1,-1,2,0,0,0,0,0,2,0,23,5,7,41.71902419,-87.55117574
0,362973,-1,20,0,0,-1,0,7,5,-1,0,-1,0,0,-1,-1,1,0,0,2211,-1,-1,-1,-1,-1,-1,2,0,0,0,0,0,1,0,23,5,7,41.70394716,-87.70723996
2,357317,-1,35,1,2,0,3,9,2,2,0,0,0,1,-1,-1,1,0,0,114,-1,-1,-1,-1,-1,-1,2,1,0,0,1,0,2,0,23,5,7,41.88422161,-87.61933906
0,357277,1,30,0,3,0,0,7,5,2,2,0,0,0,1,-1,1,0,0,1022,-1,-1,-1,1,-1,-1,2,0,0,0,0,0,1,0,23,5,7,41.85459223,-87.70305101
0,357988,-1,30,0,-1,2,0,7,6,1,0,1,0,1,-1,-1,1,0,0,1032,-1,-1,-1,-1,-1,-1,2,0,0,0,0,0,1,0,23,5,7,41.84247656,-87.71366715
0,357883,-1,30,0,0,0,0,14,2,2,0,0,0,0,1,-1,-1,17,2,1411,-1,-1,-1,-1,-1,-1,2,0,0,0,0,0,4,0,22,5,7,41.93390842,-87.6905095
0,357061,-1,30,0,0,0,3,12,5,2,0,0,0,0,-1,-1,-1,32,0,1431,-1,-1,-1,-1,-1,-1,2,0,0,0,0,0,2,0,22,5,7,41.92172842,-87.6971746
0,357053,-1,30,2,-1,0,3,0,5,2,0,0,0,1,1,-1,-1,17,-1,2413,-1,0,-1,-1,-1,-1,2,0,0,0,0,0,9,0,22,5,7,41.99424297,-87.68737948
0,358526,-1,30,0,0,0,3,7,12,1,0,0,0,0,-1,-1,-1,11,-1,1832,-1,-1,-1,-1,-1,-1,2,0,0,0,0,0,1,0,22,5,7,41.89257434,-87.6339488
0,357041,-1,30,0,0,0,0,10,5,1,0,0,0,0,-1,-1,-1,18,-1,2422,-1,-1,-1,-1,-1,-1,2,0,0,0,0,0,3,0,22,5,7,42.02061345,-87.66962992
0,357098,-1,30,0,0,1,0,2,0,1,0,0,3,0,-1,-1,-1,20,33,723,-1,-1,-1,-1,-1,-1,1,0,0,0,0,0,2,0,22,5,7,41.77884373,-87.64584704
0,358858,-1,30,0,0,0,0,7,5,2,0,0,0,0,-1,-1,1,0,0,2411,-1,-1,-1,-1,-1,-1,2,0,0,0,0,0,1,0,22,5,7,42.00790158,-87.69752259
0,357393,1,10,0,0,-1,-1,7,7,2,0,-1,-1,0,-1,1,-1,-1,-1,624,-1,-1,-1,-1,-1,-1,2,0,0,0,0,0,1,0,22,5,7,41.75666358,-87.60548737
0,357022,-1,30,0,0,0,3,7,5,2,0,0,0,0,-1,-1,1,16,21,2411,-1,-1,-1,-1,-1,-1,3,0,0,0,0,0,1,0,22,5,7,42.0123637,-87.69956764
0,357033,-1,30,1,2,0,3,14,6,4,0,0,-1,0,1,-1,-1,23,23,121,-1,-1,-1,-1,-1,-1,1,0,0,0,0,0,1,0,21,5,7,41.88329092,-87.63978476
0,357307,-1,30,2,0,0,3,10,5,2,0,0,0,0,-1,-1,1,18,-1,612,-1,-1,-1,-1,-1,-1,2,0,0,0,0,0,2,0,21,5,7,41.75040378,-87.65873571
0,357021,-1,25,0,0,0,3,7,6,-1,0,0,0,1,-1,-1,1,0,-1,825,-1,-1,-1,-1,-1,-1,7,0,0,0,0,0,1,0,21,5,7,41.77626071,-87.68980736
0,356982,-1,30,0,0,0,3,14,2,-1,0,0,0,1,-1,-1,-1,21,11,1612,-1,-1,-1,-1,-1,-1,2,0,0,0,0,0,2,0,21,5,7,41.99451017,-87.8069748
0,357002,-1,30,0,0,0,3,2,5,2,0,0,0,1,-1,-1,0,0,0,2531,-1,-1,-1,-1,-1,-1,1,0,0,0,0,0,2,0,21,5,7,41.90764558,-87.77540245
0,357072,-1,30,1,2,0,3,10,5,-1,0,0,0,0,-1,-1,1,0,0,324,-1,-1,-1,-1,-1,-1,2,0,0,0,0,0,2,0,21,5,7,41.76236192,-87.58637724
0,356999,-1,25,0,0,0,3,7,6,1,0,0,0,0,-1,-1,1,0,-1,825,-1,-1,-1,-1,-1,-1,3,0,0,0,0,0,1,0,21,5,7,41.77706485,-87.68739251
0,357092,-1,30,0,0,-1,-1,7,6,-1,0,-1,-1,0,-1,-1,1,0,0,612,-1,-1,-1,-1,-1,-1,2,0,0,0,0,0,1,0,21,5,7,41.74789337,-87.66230746
0,363201,-1,30,0,0,0,1,10,12,-1,0,0,0,0,-1,-1,-1,16,21,1651,-1,-1,-1,-1,-1,-1,2,0,0,0,0,0,2,0,21,5,7,41.97620114,-87.90530913
0,357000,-1,30,0,0,0,3,14,5,-1,0,0,-1,0,-1,-1,-1,22,17,1912,-1,-1,-1,-1,-1,-1,2,0,0,0,0,0,3,0,21,5,7,41.95544068,-87.66409287
0,357658,-1,30,0,0,0,3,14,2,2,0,0,0,0,-1,-1,-1,17,0,1411,-1,-1,-1,-1,-1,-1,2,0,0,0,0,0,2,0,20,5,7,41.93198586,-87.69767895
0,356955,-1,30,0,0,0,3,7,6,1,0,0,0,1,-1,-1,-1,11,-1,2234,-1,-1,-1,-1,-1,-1,2,0,0,0,0,0,1,0,20,5,7,41.68528514,-87.65852191
0,357001,0,30,0,0,0,3,7,2,2,0,0,-1,0,-1,-1,1,20,-1,1914,-1,-1,-1,-1,-1,-1,2,0,0,0,0,0,1,0,20,5,7,41.96563442,-87.64879668
0,356917,-1,30,0,0,0,4,10,6,1,0,0,0,0,-1,-1,1,0,0,1413,-1,-1,-1,-1,-1,-1,3,0,0,0,0,0,2,0,20,5,7,41.92362906,-87.71313638
0,356897,-1,30,0,0,0,1,12,5,-1,0,0,0,0,-1,-1,-1,0,0,1414,-1,-1,-1,-1,-1,-1,2,0,0,0,0,0,2,0,20,5,7,41.92462195,-87.70579222
2,357732,-1,30,0,0,0,3,0,0,-1,0,0,0,1,-1,-1,-1,0,-1,1421,-1,-1,-1,-1,-1,-1,2,1,0,0,1,0,3,0,20,5,7,41.91526534,-87.69605844
0,356936,0,25,-1,-1,0,2,7,6,-1,0,0,0,0,-1,-1,1,0,0,1724,-1,-1,-1,-1,-1,-1,2,0,0,0,0,0,1,0,20,5,7,41.95765893,-87.70870714
2,356894,-1,30,0,0,0,4,8,2,4,0,0,0,1,-1,-1,-1,19,-1,1732,-1,-1,-1,-1,-1,-1,2,1,0,0,1,0,1,0,20,5,7,41.94659081,-87.71931693
2,356901,-1,30,0,0,0,4,2,5,4,0,0,0,1,-1,-1,-1,23,12,1115,-1,-1,-1,-1,-1,-1,1,2,0,0,2,0,0,0,19,5,7,41.88060958,-87.72617037
2,356922,-1,30,1,2,0,4,8,5,8,0,0,0,1,1,-1,-1,0,-1,1931,-1,-1,-1,-1,-1,-1,2,1,0,0,1,0,2,0,19,5,7,41.93597318,-87.67838565
0,357917,-1,30,2,0,0,4,10,5,-1,0,0,0,0,-1,-1,-1,0,-1,1622,-1,-1,-1,-1,-1,-1,2,0,0,0,0,0,2,0,19,5,7,41.98662558,-87.78284263
0,357315,-1,30,0,0,0,4,11,5,1,0,0,0,1,-1,-1,1,0,-1,1132,-1,-1,-1,-1,-1,-1,2,0,0,0,0,0,3,0,19,5,7,41.86835434,-87.72295013
0,356880,-1,30,0,0,0,1,0,12,-1,0,0,0,0,1,-1,-1,17,0,2511,-1,-1,-1,-1,-1,-1,2,0,0,0,0,0,3,0,19,5,7,41.93104561,-87.78828423
0,358298,-1,30,-1,-1,-1,-1,10,5,-1,0,-1,-1,0,-1,-1,-1,0,-1,122,-1,-1,-1,-1,-1,-1,2,0,0,0,0,0,2,0,19,5,7,41.88576112,-87.63259515
2,356898,-1,30,0,0,0,4,10,5,4,0,0,-1,1,-1,-1,-1,18,-1,122,-1,-1,-1,-1,-1,-1,2,1,0,0,1,0,1,0,19,5,7,41.8863516,-87.63261395
0,356846,-1,30,0,0,0,1,7,6,1,0,0,1,0,-1,-1,1,0,0,2532,-1,-1,-1,-1,-1,-1,3,0,0,0,0,0,1,0,19,5,7,41.90915725,-87.7623143
0,356983,-1,30,1,2,0,3,12,5,-1,0,0,0,0,1,-1,1,20,0,412,-1,-1,-1,-1,-1,-1,2,0,0,0,0,0,2,0,19,5,7,41.74419529,-87.57563925
0,356837,-1,30,1,2,0,1,14,5,2,0,0,0,0,1,-1,1,17,23,1013,-1,-1,-1,-1,-1,-1,2,0,0,0,0,0,2,0,19,5,7,41.85095796,-87.72477522
0,356812,-1,5,12,12,0,4,10,3,11,0,0,0,0,-1,-1,-1,16,11,423,-1,-1,-1,-1,-1,-1,2,0,0,0,0,0,2,0,19,5,7,-1,-1
0,356814,-1,30,0,0,0,1,7,5,4,0,0,0,0,-1,-1,-1,0,0,1915,-1,-1,-1,-1,-1,-1,2,0,0,0,0,0,2,0,19,5,7,41.95459565,-87.65471147
0,356822,-1,30,0,2,0,1,14,5,2,0,-1,-1,1,-1,-1,1,17,22,1513,-1,-1,-1,-1,-1,-1,2,0,0,0,0,0,3,0,18,5,7,41.86568628,-87.76566985
3,356797,-1,30,1,2,0,1,9,12,5,0,0,0,1,1,-1,-1,17,0,811,-1,-1,-1,-1,-1,-1,2,1,0,1,0,0,1,0,18,5,7,41.79195443,-87.79639283
2,356787,-1,30,1,2,0,1,14,2,2,0,0,0,1,1,-1,0,31,6,1111,-1,-1,-1,-1,-1,-1,2,1,0,0,1,0,1,0,18,5,7,41.89910948,-87.72634259
0,362384,-1,35,1,2,0,1,10,-1,-1,0,0,0,0,1,-1,1,18,-1,1823,-1,-1,-1,-1,-1,-1,2,0,0,0,0,0,2,0,18,5,7,41.89668592,-87.63577669
0,356995,-1,30,1,2,0,4,10,5,4,0,0,-1,0,-1,-1,-1,18,0,1923,-1,-1,-1,-1,-1,-1,2,0,0,0,0,0,3,0,18,5,7,41.95425825,-87.66321604
0,356788,-1,30,0,0,0,1,14,5,-1,0,0,-1,0,-1,-1,1,0,0,1622,-1,-1,-1,-1,-1,-1,2,0,0,0,0,0,2,0,18,5,7,41.96037196,-87.77716702
0,356780,-1,30,0,0,0,1,14,2,4,0,1,0,1,-1,-1,-1,17,-1,623,-1,-1,-1,-1,-1,-1,2,0,0,0,0,0,3,0,18,5,7,41.75082539,-87.62647484
0,357831,-1,30,0,0,0,1,7,-1,-1,0,0,-1,0,-1,-1,-1,0,0,834,-1,-1,-1,-1,-1,-1,2,0,0,0,0,0,1,0,18,5,7,41.7489698,-87.72942807
0,356891,-1,30,0,0,0,1,10,5,-1,0,0,-1,0,0,-1,-1,18,-1,1622,-1,-1,-1,-1,-1,-1,2,0,0,0,0,0,2,0,18,5,7,41.97577825,-87.77824262
0,356867,-1,30,0,0,0,1,12,5,-1,0,0,-1,0,-1,-1,-1,17,0,814,-1,-1,-1,-1,-1,-1,2,0,0,0,0,0,2,0,18,5,7,41.79858099,-87.74422385
0,356834,-1,30,1,2,0,1,14,5,4,0,0,0,0,-1,-1,-1,16,16,111,-1,-1,-1,-1,-1,-1,2,0,0,0,0,0,2,0,18,5,7,41.88692153,-87.62636576
0,356807,-1,30,0,0,0,1,10,5,2,0,0,0,0,-1,-1,-1,18,-1,621,-1,-1,-1,-1,-1,-1,2,0,0,0,0,0,4,0,18,5,7,41.75062052,-87.63779687
2,356783,-1,30,0,0,0,1,9,4,1,0,0,0,1,-1,-1,1,17,0,2212,-1,-1,-1,-1,-1,-1,2,1,0,0,1,0,1,0,18,5,7,41.69918991,-87.66722889
2,356771,-1,30,0,0,0,1,8,2,2,0,0,0,1,-1,-1,-1,17,-1,1424,-1,-1,1,-1,-1,-1,2,1,0,0,1,0,0,0,18,5,7,41.9089214,-87.6775678
0,356764,-1,30,0,0,0,1,12,5,2,0,0,0,0,-1,-1,-1,0,0,2211,-1,-1,-1,-1,-1,-1,2,0,0,0,0,0,3,0,18,5,7,41.68411096,-87.71773112
0,356725,-1,30,0,0,0,4,0,5,-1,0,0,0,0,-1,-1,-1,17,16,2515,-1,-1,-1,-1,-1,-1,2,0,0,0,0,0,6,0,18,5,7,41.92449618,-87.76369242
0,356835,-1,35,0,0,0,1,12,5,4,0,0,0,0,-1,-1,-1,22,17,815,-1,-1,-1,-1,-1,-1,2,0,0,0,0,0,2,0,18,5,7,41.80797194,-87.7237362
0,356817,-1,30,1,2,0,1,10,5,-1,0,1,0,0,-1,-1,-1,18,-1,1225,-1,-1,-1,-1,-1,-1,2,0,0,0,0,0,2,0,18,5,7,41.87269559,-87.67627175
0,356752,-1,30,0,0,0,1,10,5,4,0,0,0,0,-1,-1,-1,16,0,2221,-1,-1,-1,-1,-1,-1,2,0,0,0,0,0,2,0,18,5,7,41.73256752,-87.66282631
0,356749,-1,30,2,2,0,1,10,5,2,0,0,0,0,-1,-1,1,18,-1,1233,-1,-1,-1,-1,-1,-1,2,0,0,0,0,0,2,0,18,5,7,41.86156806,-87.65667471