MOST_SEVERE_INJURY,RD_NO,CRASH_DATE_EST_I,POSTED_SPEED_LIMIT,TRAFFIC_CONTROL_DEVICE,DEVICE_CONDITION,WEATHER_CONDITION,LIGHTING_CONDITION,FIRST_CRASH_TYPE,TRAFFICWAY_TYPE,LANE_CNT,ALIGNMENT,ROADWAY_SURFACE_COND,ROAD_DEFECT,CRASH_TYPE,INTERSECTION_RELATED_I,NOT_RIGHT_OF_WAY_I,HIT_AND_RUN_I,PRIM_CONTRIBUTORY_CAUSE,SEC_CONTRIBUTORY_CAUSE,BEAT_OF_OCCURRENCE,PHOTOS_TAKEN_I,STATEMENTS_TAKEN_I,DOORING_I,WORK_ZONE_I,WORK_ZONE_TYPE,WORKERS_PRESENT_I,NUM_UNITS,INJURIES_TOTAL,INJURIES_FATAL,INJURIES_INCAPACITATING,INJURIES_NON_INCAPACITATING,INJURIES_REPORTED_NOT_EVIDENT,INJURIES_NO_INDICATION,INJURIES_UNKNOWN,CRASH_HOUR,CRASH_DAY_OF_WEEK,CRASH_MONTH,LATITUDE,LONGITUDE
0,356933,-1,30,1,2,0,1,12,5,-1,0,0,-1,0,0,-1,-1,21,0,634,-1,-1,-1,-1,-1,-1,2,0,0,0,0,0,2,0,18,5,7,41.73586727,-87.6327948
0,356849,-1,30,1,2,0,1,14,6,3,0,0,0,0,-1,-1,-1,0,-1,124,-1,-1,-1,-1,-1,-1,2,0,0,0,0,0,2,0,18,5,7,41.86731111,-87.64351222
0,356792,-1,30,0,0,0,1,0,5,2,0,0,0,0,-1,-1,-1,17,17,524,-1,-1,-1,-1,-1,-1,2,0,0,0,0,0,3,0,18,5,7,41.6776606,-87.66106248
1,356756,-1,30,2,2,0,1,0,6,-1,0,0,0,1,-1,-1,1,17,0,613,-1,-1,-1,-1,-1,-1,2,2,0,0,0,2,1,0,18,5,7,41.74681691,-87.65014602
0,356731,-1,30,1,2,0,1,12,3,8,0,0,0,0,-1,-1,1,17,-1,122,-1,-1,-1,-1,-1,-1,2,0,0,0,0,0,2,0,18,5,7,41.88602541,-87.6362977
0,356791,-1,30,1,1,0,1,10,-1,-1,0,0,-1,0,-1,-1,-1,18,-1,124,-1,-1,-1,-1,-1,-1,2,0,0,0,0,0,2,0,18,5,7,41.86194884,-87.63922114
0,362100,1,35,-1,-1,-1,-1,7,6,1,0,-1,-1,0,-1,-1,1,0,0,2213,-1,-1,-1,-1,-1,-1,2,0,0,0,0,0,1,0,18,5,7,41.71237053,-87.65675514
0,356751,-1,30,0,0,0,1,10,5,-1,0,0,0,0,-1,-1,-1,0,-1,1654,-1,-1,-1,-1,-1,-1,2,0,0,0,0,0,4,0,18,5,7,41.9733616,-87.86459141
0,356739,-1,30,0,0,0,1,8,5,-1,0,0,0,0,-1,-1,-1,21,-1,1831,-1,-1,1,-1,-1,-1,2,0,0,0,0,0,2,0,18,5,7,41.88933322,-87.63028247
2,356774,-1,30,2,2,0,1,0,2,4,0,0,0,1,-1,-1,-1,17,17,1131,-1,-1,-1,-1,-1,-1,2,1,0,0,1,0,1,0,17,5,7,41.86610515,-87.73749209
0,360151,-1,30,0,0,-1,1,12,5,-1,0,-1,-1,0,-1,-1,-1,21,22,124,-1,-1,-1,-1,-1,-1,2,0,0,0,0,0,2,0,17,5,7,41.86797281,-87.64089226
0,356778,-1,40,0,0,0,1,10,3,-1,0,0,0,0,-1,-1,-1,0,0,1915,-1,-1,-1,-1,-1,-1,2,0,0,0,0,0,2,0,17,5,7,41.9557612,-87.64522284
0,356776,-1,0,0,0,0,1,7,-1,-1,0,-1,-1,0,-1,-1,1,0,-1,122,-1,-1,-1,-1,-1,-1,2,0,0,0,0,0,2,0,17,5,7,41.880105,-87.63657464
0,356727,-1,30,0,0,0,1,12,2,-1,0,0,-1,0,-1,-1,1,22,-1,2523,-1,-1,-1,-1,-1,-1,2,0,0,0,0,0,2,0,17,5,7,41.93738343,-87.72127032
0,360535,-1,35,1,2,0,1,14,5,5,0,0,0,0,-1,-1,-1,23,-1,121,-1,-1,-1,-1,-1,-1,2,0,0,0,0,0,2,0,17,5,7,41.88199434,-87.63975869
0,357759,-1,30,0,0,0,1,7,2,2,0,0,0,0,-1,-1,1,0,-1,2422,-1,-1,-1,-1,-1,-1,2,0,0,0,0,0,1,0,17,5,7,42.01915185,-87.66525286
0,356760,-1,30,1,2,0,1,12,5,4,0,0,0,0,-1,-1,-1,21,0,1022,-1,-1,-1,-1,-1,-1,2,0,0,0,0,0,2,0,17,5,7,41.86584987,-87.70123075
0,356743,-1,30,1,1,0,1,12,2,-1,0,0,0,0,-1,-1,-1,0,-1,114,-1,-1,-1,-1,-1,-1,2,0,0,0,0,0,3,0,17,5,7,41.87565212,-87.62311792
0,356680,-1,30,1,2,1,1,10,2,2,0,0,0,0,1,-1,-1,0,-1,1522,-1,-1,-1,-1,-1,-1,2,0,0,0,0,0,2,0,17,5,7,41.87305558,-87.75484369
0,356735,-1,30,0,0,-1,1,10,5,-1,0,-1,0,0,-1,-1,-1,22,0,1922,-1,-1,-1,-1,-1,-1,2,0,0,0,0,0,2,0,17,5,7,41.95032423,-87.66879806
0,356831,-1,35,0,0,0,1,12,2,2,0,0,0,0,-1,-1,-1,0,0,1022,-1,-1,-1,-1,-1,-1,2,0,0,0,0,0,2,0,17,5,7,41.85924723,-87.70186026
0,356770,-1,30,0,0,0,1,7,5,-1,0,0,0,0,-1,-1,-1,0,0,1811,-1,-1,-1,-1,-1,-1,2,0,0,0,0,0,1,0,17,5,7,41.92363541,-87.6674282
0,356828,-1,30,2,-1,0,1,10,5,2,0,0,-1,0,-1,-1,1,0,0,433,-1,-1,-1,-1,-1,-1,2,0,0,0,0,0,2,0,17,5,7,41.68449845,-87.54027608
0,356740,-1,40,1,2,0,1,10,2,4,0,0,0,1,-1,-1,-1,18,0,1833,-1,-1,-1,-1,-1,-1,2,0,0,0,0,0,2,0,17,5,7,41.89681668,-87.61682704
0,356746,-1,30,2,2,0,1,10,5,2,0,-1,-1,0,-1,-1,-1,11,18,1914,-1,-1,-1,-1,-1,-1,2,0,0,0,0,0,2,0,17,5,7,41.96894191,-87.65766136
0,356719,-1,30,0,0,0,1,7,5,2,0,0,0,1,-1,1,1,15,14,533,-1,-1,-1,-1,-1,-1,2,0,0,0,0,0,3,0,17,5,7,41.6517649,-87.60790353
0,356675,-1,30,0,0,0,1,10,7,-1,0,0,0,0,-1,-1,1,0,0,1112,-1,-1,-1,-1,-1,-1,2,0,0,0,0,0,2,0,17,5,7,41.89556907,-87.71646851
0,356660,-1,15,0,0,0,1,7,7,-1,0,0,0,0,-1,-1,1,0,0,324,-1,-1,-1,-1,-1,-1,2,0,0,0,0,0,2,0,17,5,7,41.76510323,-87.58574868
0,356703,-1,35,0,0,0,1,12,2,2,0,0,0,0,-1,-1,-1,0,0,1023,-1,-1,-1,-1,-1,-1,2,0,0,0,0,0,2,0,16,5,7,41.85382825,-87.68583397
2,356704,-1,30,1,2,0,1,14,2,4,0,0,0,1,1,-1,-1,0,-1,1225,-1,-1,-1,-1,-1,-1,2,1,0,0,1,0,1,0,16,5,7,41.87741711,-87.67639721
0,356626,-1,30,0,0,0,1,12,2,4,0,0,0,0,-1,-1,-1,17,0,1724,-1,-1,-1,-1,-1,-1,2,0,0,0,0,0,2,0,16,5,7,41.95406447,-87.70228118
0,356630,-1,30,0,0,0,1,10,5,2,0,0,0,0,-1,-1,-1,18,16,1621,-1,-1,-1,-1,-1,-1,2,0,0,0,0,0,2,0,16,5,7,42.00523244,-87.76970435
0,356594,-1,30,1,2,0,1,12,2,-1,0,0,0,0,-1,-1,-1,-1,0,2433,-1,-1,-1,-1,-1,-1,2,0,0,0,0,0,2,0,16,5,7,41.99246907,-87.6556066
1,356909,-1,30,0,0,0,1,10,3,2,0,0,0,1,-1,-1,-1,16,-1,131,-1,-1,-1,-1,-1,-1,2,1,0,0,0,1,1,0,16,5,7,41.84745478,-87.62704511
0,356596,-1,0,0,0,0,1,7,7,-1,0,0,-1,0,-1,-1,1,0,0,2221,-1,-1,-1,-1,-1,-1,2,0,0,0,0,0,1,0,16,5,7,41.72107233,-87.68050503
0,357462,-1,30,1,2,0,1,14,5,-1,0,0,0,0,-1,-1,1,-1,-1,821,-1,-1,-1,-1,-1,-1,2,0,0,0,0,0,2,0,16,5,7,41.81835415,-87.72380301
0,356659,-1,30,1,2,0,1,10,5,4,0,0,0,0,-1,-1,-1,0,-1,1822,-1,-1,-1,-1,-1,-1,2,0,0,0,0,0,3,0,16,5,7,41.90369831,-87.64824535
1,356584,-1,30,1,2,0,1,14,5,2,0,0,0,1,1,-1,-1,11,0,921,-1,-1,-1,-1,-1,-1,2,1,0,0,0,1,1,0,16,5,7,41.81726472,-87.69462384
0,356625,-1,30,2,2,0,1,10,5,-1,0,0,-1,0,-1,-1,-1,16,18,1833,-1,-1,-1,-1,-1,-1,2,0,0,0,0,0,2,0,16,5,7,41.89837817,-87.6220031
0,356679,-1,35,0,0,0,1,10,3,2,0,0,0,0,-1,-1,-1,18,0,1232,-1,-1,-1,-1,-1,-1,2,0,0,0,0,0,2,0,16,5,7,41.87880138,-87.6474162
0,356595,-1,30,2,2,0,1,14,2,-1,0,0,0,1,1,-1,-1,17,-1,1433,-1,-1,-1,-1,-1,-1,2,0,0,0,0,0,3,0,16,5,7,41.90909125,-87.66131723
0,356571,-1,30,1,-1,0,1,10,2,4,0,0,0,0,-1,-1,-1,0,0,2022,-1,-1,-1,-1,-1,-1,2,0,0,0,0,0,2,0,16,5,7,41.98546058,-87.65509723
0,356769,-1,15,0,0,0,1,7,7,-1,0,0,0,0,-1,1,1,0,0,821,-1,-1,-1,-1,-1,-1,2,0,0,0,0,0,1,0,15,5,7,41.80777906,-87.72284695
0,356555,-1,30,-1,-1,0,1,10,6,1,0,0,0,0,-1,-1,-1,0,0,1634,-1,-1,-1,-1,-1,-1,2,0,0,0,0,0,2,0,15,5,7,41.95055783,-87.74736353
0,357671,-1,30,0,0,0,1,12,5,4,0,0,0,0,-1,-1,-1,0,-1,821,-1,-1,-1,-1,-1,-1,2,0,0,0,0,0,5,0,15,5,7,41.80799887,-87.72293059
0,16356623,-1,30,-1,-1,-1,1,10,2,-1,0,0,-1,1,-1,-1,1,0,0,2512,-1,-1,-1,-1,-1,-1,3,0,0,0,0,0,4,0,15,5,7,41.92233691,-87.78406527
-1,361750,-1,30,1,2,0,1,2,5,2,0,0,0,0,-1,-1,-1,0,0,821,-1,-1,-1,-1,-1,-1,-1,-1,-1,-1,-1,-1,-1,-1,15,5,7,41.81160034,-87.70425722
0,358180,-1,30,1,-1,0,1,12,5,4,0,0,-1,0,-1,-1,-1,21,0,1115,1,-1,-1,-1,-1,-1,2,0,0,0,0,0,2,0,15,5,7,41.88077601,-87.73069838
0,356547,-1,30,0,0,0,1,0,7,-1,0,0,0,0,-1,-1,-1,20,0,1034,-1,-1,-1,-1,-1,-1,2,0,0,0,0,0,2,0,15,5,7,41.8518914,-87.68866326
0,356563,-1,30,-1,-1,-1,-1,12,5,-1,0,-1,-1,0,-1,-1,-1,0,-1,1925,-1,-1,-1,-1,-1,-1,2,0,0,0,0,0,2,0,15,5,7,41.94024119,-87.63963911
0,356649,-1,15,0,0,0,1,10,7,1,0,0,0,0,-1,-1,-1,0,16,814,-1,-1,-1,-1,-1,-1,2,0,0,0,0,0,2,0,15,5,7,41.79702025,-87.7531835
0,356526,-1,30,0,0,0,1,14,7,-1,0,0,0,0,-1,1,-1,17,0,1522,-1,-1,-1,-1,-1,-1,2,0,0,0,0,0,2,0,15,5,7,41.87274495,-87.76243798
0,356631,-1,20,0,0,0,1,12,2,-1,0,0,0,0,-1,-1,-1,17,18,2411,-1,-1,-1,-1,-1,-1,2,0,0,0,0,0,2,0,15,5,7,42.01237134,-87.69039392
0,356826,1,30,0,0,0,1,7,5,-1,0,0,-1,0,-1,-1,1,0,0,833,-1,-1,-1,-1,-1,-1,2,0,0,0,0,0,1,0,15,5,7,41.76592567,-87.7250178
0,356579,-1,30,0,0,0,1,7,5,4,0,0,0,1,-1,-1,-1,21,21,1624,-1,-1,-1,-1,-1,-1,2,0,0,0,0,0,2,0,15,5,7,41.95348056,-87.75173488
0,356544,-1,30,0,0,0,1,10,5,4,0,0,-1,0,-1,-1,1,18,-1,1224,-1,-1,-1,-1,-1,-1,2,0,0,0,0,0,3,0,15,5,7,41.88342863,-87.6642424
0,356535,-1,30,1,2,0,1,14,12,2,0,0,-1,0,-1,-1,-1,0,-1,322,-1,-1,-1,-1,-1,-1,2,0,0,0,0,0,2,0,15,5,7,41.77263463,-87.62527215
0,356537,-1,30,0,0,0,1,10,5,4,0,0,-1,0,-1,-1,-1,18,0,1432,-1,-1,-1,-1,-1,-1,2,0,0,0,0,0,3,0,15,5,7,41.92158491,-87.66877311
0,356490,-1,30,1,2,0,1,0,1,4,0,0,0,0,-1,-1,1,-1,-1,2223,-1,-1,-1,-1,-1,-1,2,0,0,0,0,0,3,0,15,5,7,41.72194754,-87.64337198
0,356501,-1,30,1,2,0,1,12,6,3,0,0,0,0,-1,-1,-1,11,-1,1232,-1,-1,-1,-1,-1,-1,2,0,0,0,0,0,3,0,15,5,7,41.86713421,-87.64423752
0,356474,-1,20,0,0,0,1,0,6,1,0,0,0,0,-1,-1,-1,20,-1,1111,-1,1,-1,-1,-1,-1,2,0,0,0,0,0,2,0,15,5,7,41.8997625,-87.73375124
0,356552,-1,30,0,0,0,1,10,2,-1,0,0,0,0,-1,-1,-1,27,0,612,-1,-1,-1,-1,-1,-1,2,0,0,0,0,0,2,0,15,5,7,41.75053498,-87.65865206
0,356545,-1,30,0,0,0,1,10,3,4,0,0,0,0,-1,-1,-1,0,-1,1225,-1,-1,-1,-1,-1,-1,4,0,0,0,0,0,4,0,15,5,7,41.87036781,-87.67649773
0,356522,-1,30,1,2,0,1,10,5,-1,0,0,0,0,-1,-1,-1,16,18,814,-1,-1,-1,-1,-1,-1,3,0,0,0,0,0,3,0,14,5,7,41.80205588,-87.74314785
0,356464,-1,30,2,2,0,1,14,2,2,0,0,-1,1,1,-1,-1,17,17,1613,-1,1,-1,-1,-1,-1,3,0,0,0,0,0,2,0,14,5,7,41.97973722,-87.80112907
0,356763,-1,20,0,0,0,1,12,2,1,0,0,-1,0,-1,-1,-1,17,17,2413,-1,-1,-1,-1,-1,-1,2,0,0,0,0,0,2,0,14,5,7,41.99596875,-87.69212195
0,356581,-1,30,0,0,0,1,2,5,1,0,0,0,0,-1,1,-1,0,0,922,-1,-1,-1,-1,-1,-1,1,0,0,0,0,0,1,0,14,5,7,41.81165244,-87.70389213
0,356462,-1,35,0,0,0,1,10,5,4,0,0,-1,0,-1,-1,1,18,-1,1113,-1,-1,-1,-1,-1,-1,3,0,0,0,0,0,3,0,14,5,7,41.88688882,-87.74536137
0,356684,-1,30,0,0,0,1,14,5,-1,0,0,0,0,-1,-1,-1,11,0,1723,-1,-1,-1,-1,-1,-1,2,0,0,0,0,0,2,0,14,5,7,41.96828873,-87.7136772
0,357487,-1,30,1,2,0,1,10,5,2,0,0,0,0,1,-1,-1,18,0,2412,-1,-1,-1,-1,-1,-1,2,0,0,0,0,0,3,0,14,5,7,41.99801926,-87.67701946
0,356525,-1,30,1,2,0,1,12,5,4,0,0,0,0,-1,-1,-1,17,11,234,-1,-1,-1,-1,-1,-1,2,0,0,0,0,0,2,0,14,5,7,41.79973129,-87.58390996
0,356494,-1,30,0,0,0,1,12,5,2,0,0,0,0,-1,-1,1,0,0,1731,-1,-1,-1,-1,-1,-1,2,0,0,0,0,0,2,0,14,5,7,41.94633017,-87.73934066
0,356448,-1,30,2,-1,0,1,0,5,-1,0,-1,-1,0,1,-1,-1,17,-1,915,-1,-1,-1,-1,-1,-1,2,0,0,0,0,0,2,0,14,5,7,41.82909814,-87.64125217
0,356461,-1,30,0,0,0,1,14,5,2,0,0,0,1,1,-1,-1,22,17,1632,-1,-1,-1,-1,-1,-1,2,0,0,0,0,0,2,0,14,5,7,41.94901531,-87.79627732
0,356736,-1,30,1,2,0,1,14,5,-1,0,0,0,0,-1,-1,-1,23,0,821,-1,-1,-1,-1,-1,-1,2,0,0,0,0,0,2,0,14,5,7,41.80822625,-87.70403167
0,356514,-1,30,0,0,0,1,0,5,-1,0,0,0,0,-1,-1,-1,0,-1,1224,-1,-1,-1,-1,-1,-1,2,0,0,0,0,0,2,0,14,5,7,41.88516542,-87.64847952
1,356478,-1,30,0,0,0,1,10,5,2,1,0,0,1,-1,-1,-1,18,16,432,-1,-1,-1,-1,-1,-1,2,1,0,0,0,1,2,0,14,5,7,41.71372239,-87.54135182
0,356469,-1,30,0,0,0,1,0,4,-1,1,0,0,0,-1,-1,-1,33,29,815,-1,-1,-1,-1,-1,-1,2,0,0,0,0,0,2,0,14,5,7,41.82341406,-87.7242068
0,358121,-1,30,2,2,0,1,12,5,4,0,1,0,0,1,-1,-1,22,-1,114,-1,-1,-1,-1,-1,-1,2,0,0,0,0,0,2,0,14,5,7,41.8820484,-87.62421733
0,357003,-1,5,0,0,0,1,2,5,2,0,0,0,0,-1,1,-1,21,-1,1834,-1,-1,-1,-1,-1,-1,1,0,0,0,0,0,1,0,14,5,7,41.89408538,-87.62040431
0,356484,-1,30,2,2,0,1,0,5,2,0,0,0,1,1,-1,-1,17,-1,1214,-1,-1,-1,-1,-1,-1,2,0,0,0,0,0,2,0,14,5,7,41.89127898,-87.64894675
0,356402,-1,30,0,0,0,1,0,6,-1,0,0,0,0,-1,-1,-1,20,20,735,-1,-1,-1,-1,-1,-1,2,0,0,0,0,0,3,0,13,5,7,41.7678504,-87.67224977
0,356388,-1,30,0,0,0,1,7,7,-1,0,0,0,0,-1,-1,-1,20,-1,1233,-1,-1,-1,-1,-1,-1,2,0,0,0,0,0,1,0,13,5,7,41.86297662,-87.65697252
0,356398,-1,10,0,0,0,1,10,7,-1,0,0,0,0,-1,-1,-1,20,0,632,-1,-1,-1,-1,-1,-1,2,0,0,0,0,0,2,0,13,5,7,41.73855093,-87.60502361
0,356345,-1,30,1,2,0,1,10,-1,-1,0,0,-1,0,-1,-1,-1,18,-1,224,-1,-1,-1,-1,-1,-1,2,0,0,0,0,0,2,0,13,5,7,41.80915444,-87.62428304
0,356382,-1,20,0,0,0,1,12,5,-1,0,0,0,0,-1,-1,-1,0,-1,1622,-1,-1,-1,-1,-1,-1,2,0,0,0,0,0,3,0,13,5,7,41.98531103,-87.76915856
0,472174,-1,30,0,0,0,1,12,2,-1,3,0,0,0,-1,-1,-1,0,0,1414,-1,-1,-1,-1,-1,-1,2,0,0,0,0,0,2,0,13,5,7,41.92794348,-87.70572177
0,356425,-1,30,1,2,0,1,10,5,-1,0,0,0,0,-1,-1,-1,18,-1,1611,-1,-1,-1,-1,-1,-1,2,0,0,0,0,0,2,0,13,5,7,42.01787964,-87.80671019
0,356447,-1,30,-1,-1,0,1,14,-1,-1,0,0,0,0,-1,-1,1,0,-1,1831,-1,-1,-1,-1,-1,-1,2,0,0,0,0,0,2,0,13,5,7,41.89071401,-87.63095644
2,356351,-1,30,1,2,0,1,0,2,4,0,0,0,1,-1,-1,-1,0,0,1215,-1,-1,-1,-1,-1,-1,2,1,0,0,1,0,2,0,13,5,7,41.89108723,-87.66706144
0,356357,-1,30,2,2,0,1,0,2,2,0,0,0,1,1,-1,-1,6,-1,2511,-1,-1,-1,-1,-1,-1,2,0,0,0,0,0,3,0,13,5,7,41.93666533,-87.77629987
0,356354,-1,30,0,0,0,1,7,2,2,0,0,0,1,-1,-1,-1,-1,-1,824,-1,-1,-1,-1,-1,-1,2,0,0,0,0,0,1,0,13,5,7,41.78983019,-87.68407376
0,359082,-1,30,0,0,2,1,10,3,-1,0,1,0,0,-1,-1,-1,16,-1,324,-1,-1,-1,-1,-1,-1,2,0,0,0,0,0,2,0,13,5,7,41.76204855,-87.58636702
0,356882,-1,20,0,0,0,1,7,7,1,0,0,-1,0,-1,-1,1,0,0,1922,-1,-1,-1,-1,-1,-1,2,0,0,0,0,0,1,0,13,5,7,41.94996117,-87.67567113
0,356455,-1,10,0,0,0,1,7,7,-1,0,0,0,0,-1,1,-1,11,-1,1235,-1,-1,-1,-1,-1,-1,2,0,0,0,0,0,1,0,13,5,7,41.85880072,-87.63911995
0,356417,1,30,0,0,0,1,7,6,1,0,0,0,1,-1,-1,1,0,-1,2031,-1,-1,-1,-1,-1,-1,2,0,0,0,0,0,1,0,13,5,7,41.97384991,-87.68436241
0,356374,-1,30,0,0,0,1,12,2,-1,0,0,0,0,-1,-1,-1,21,-1,912,-1,-1,-1,-1,-1,-1,2,0,0,0,0,0,2,0,13,5,7,41.83546116,-87.66554052
0,357476,-1,30,0,0,0,1,7,5,2,0,0,0,0,-1,-1,-1,0,-1,1723,-1,-1,-1,-1,-1,-1,2,0,0,0,0,0,2,0,12,5,7,41.96823389,-87.71856655
0,356509,-1,30,1,2,0,1,10,5,2,0,0,0,0,-1,-1,-1,0,0,133,-1,-1,-1,-1,-1,-1,2,0,0,0,0,0,3,0,12,5,7,41.8384753,-87.62186311
0,360222,-1,35,0,0,0,1,12,5,2,0,0,0,0,-1,-1,-1,0,0,2411,-1,-1,-1,-1,-1,-1,2,0,0,0,0,0,2,0,12,5,7,42.01696101,-87.69034725
1,356343,-1,30,0,0,0,1,10,2,4,0,0,0,1,1,-1,-1,18,-1,834,-1,-1,-1,-1,-1,-1,2,1,0,0,0,1,2,0,12,5,7,41.73500692,-87.71911683
0,356321,-1,30,0,-1,0,1,7,2,2,0,0,0,0,-1,-1,-1,0,0,2411,-1,-1,-1,-1,-1,-1,2,0,0,0,0,0,1,0,12,5,7,42.0174068,-87.69034419
0,356318,-1,30,0,0,0,1,12,1,4,0,-1,-1,0,-1,-1,-1,0,0,2411,-1,-1,-1,-1,-1,-1,3,0,0,0,0,0,2,0,12,5,7,42.01322037,-87.69009505
0,356312,-1,30,0,0,0,1,10,2,4,0,0,0,0,-1,-1,-1,18,17,434,-1,-1,-1,-1,-1,-1,2,0,0,0,0,0,3,0,12,5,7,41.67538463,-87.57553072
0,356359,-1,30,1,2,0,1,12,5,-1,0,0,0,0,-1,-1,1,11,0,1931,-1,-1,-1,-1,-1,-1,3,0,0,0,0,0,3,0,12,5,7,41.92525952,-87.6682869
0,357523,1,15,0,0,0,3,7,6,-1,0,0,0,0,-1,-1,1,0,-1,2522,-1,-1,-1,-1,-1,-1,2,0,0,0,0,0,1,0,12,5,7,41.91881329,-87.73202635
0,356336,-1,30,0,0,0,1,14,1,6,0,0,0,1,-1,-1,1,17,-1,1231,-1,-1,-1,-1,-1,-1,2,0,0,0,0,0,3,0,12,5,7,41.87343457,-87.66643368
0,356308,-1,30,12,0,0,1,12,2,2,0,0,0,0,-1,-1,-1,22,16,1822,-1,-1,-1,-1,-1,-1,2,0,0,0,0,0,2,0,12,5,7,41.89658519,-87.64299618
3,356304,-1,0,1,2,0,1,8,2,2,0,0,0,1,1,-1,-1,11,-1,2521,-1,-1,-1,-1,-1,-1,2,1,0,1,0,0,1,0,12,5,7,41.93868507,-87.74936701
0,357976,-1,30,0,0,0,1,8,2,2,0,0,0,0,-1,-1,-1,0,-1,1935,-1,-1,1,-1,-1,-1,2,0,0,0,0,0,1,0,12,5,7,41.92917284,-87.64244444
0,356289,1,30,1,2,0,1,14,5,2,0,0,0,0,1,-1,-1,17,-1,1622,-1,-1,-1,-1,-1,-1,2,0,0,0,0,0,2,0,12,5,7,41.96843392,-87.78786656
0,356315,-1,30,2,2,0,1,0,5,4,0,0,0,1,1,-1,-1,5,0,711,-1,-1,-1,-1,-1,-1,2,0,0,0,0,0,3,0,12,5,7,41.79098805,-87.63284409
0,356278,-1,15,0,0,0,-1,7,12,-1,0,-1,-1,0,-1,1,1,0,-1,232,-1,-1,-1,-1,-1,-1,2,0,0,0,0,0,1,0,12,5,7,41.78827003,-87.62082641
0,356305,-1,30,0,0,0,1,14,1,5,0,0,0,0,-1,-1,-1,23,-1,1931,-1,-1,-1,-1,-1,-1,2,0,0,0,0,0,3,0,12,5,7,41.92525847,-87.66836733
0,356279,-1,30,0,0,0,1,7,6,-1,0,0,0,1,-1,-1,1,0,0,1011,-1,-1,-1,-1,-1,-1,2,0,0,0,0,0,1,0,12,5,7,41.86115499,-87.73098954
0,356302,-1,0,0,0,0,1,2,0,1,0,0,0,0,-1,-1,-1,0,-1,1031,-1,-1,-1,-1,-1,-1,1,0,0,0,0,0,1,0,12,5,7,41.84370839,-87.7331982
0,369073,1,30,0,0,-1,-1,7,5,-1,0,-1,0,0,-1,-1,1,0,-1,1922,-1,-1,-1,-1,-1,-1,3,0,0,0,0,0,1,0,12,5,7,41.95048995,-87.66909654
0,361472,-1,30,0,0,0,1,7,7,-1,0,0,0,0,-1,-1,1,0,0,1422,-1,-1,-1,-1,-1,-1,2,0,0,0,0,0,1,0,12,5,7,41.90995972,-87.7104295
0,356964,1,30,0,0,0,1,7,5,-1,0,0,-1,0,-1,-1,1,0,0,825,-1,-1,-1,-1,-1,-1,2,0,0,0,0,0,1,0,12,5,7,41.77829291,-87.6874252
0,356561,1,20,0,0,0,1,7,5,2,0,0,0,0,-1,-1,1,0,-1,822,-1,-1,-1,-1,-1,-1,2,0,0,0,0,0,1,0,12,5,7,41.79157412,-87.70448245
2,356258,-1,30,1,2,0,1,14,2,4,0,0,0,1,-1,-1,-1,17,23,1613,-1,-1,-1,-1,-1,-1,2,2,0,0,1,1,0,0,11,5,7,41.97625676,-87.7880083
0,356838,-1,30,0,0,0,1,10,7,1,0,0,0,0,-1,-1,-1,17,-1,813,-1,-1,-1,-1,-1,-1,2,0,0,0,0,0,2,0,11,5,7,41.78932932,-87.74164564
0,356234,-1,30,1,-1,0,1,12,12,4,0,0,0,1,1,-1,-1,23,0,1433,-1,-1,-1,-1,-1,-1,2,0,0,0,0,0,2,0,11,5,7,41.90349891,-87.66377351
0,356235,-1,30,1,2,1,1,10,2,2,0,0,0,1,1,-1,-1,16,18,1631,-1,-1,-1,-1,-1,-1,2,0,0,0,0,0,2,0,11,5,7,41.93808447,-87.80689675
0,356220,-1,30,0,0,0,1,12,3,-1,0,0,0,0,-1,-1,-1,0,0,835,-1,-1,-1,-1,-1,-1,2,0,0,0,0,0,2,0,11,5,7,41.73555575,-87.68742017
0,356270,-1,30,0,0,0,1,12,6,4,2,0,0,0,-1,-1,-1,29,-1,1833,-1,-1,-1,-1,-1,-1,2,0,0,0,0,0,3,0,11,5,7,41.89826359,-87.62502325
0,356213,-1,30,1,2,0,1,14,2,4,0,0,0,0,-1,-1,-1,17,17,831,-1,-1,-1,-1,-1,-1,2,0,0,0,0,0,2,0,11,5,7,41.7716661,-87.71035681
0,356223,-1,30,0,0,0,1,7,2,2,0,0,0,1,-1,-1,0,16,15,823,-1,-1,-1,-1,-1,-1,2,0,0,0,0,0,1,0,11,5,7,41.78026706,-87.69815295
2,258322,-1,10,0,0,-1,-1,14,7,-1,0,-1,-1,1,-1,-1,-1,0,0,813,-1,-1,-1,-1,-1,-1,2,1,0,0,1,0,1,0,11,5,7,41.79291088,-87.74207734
0,356204,-1,30,0,0,0,1,5,5,-1,0,0,0,1,-1,-1,-1,12,0,1115,-1,-1,-1,-1,-1,-1,2,0,0,0,0,0,1,0,11,5,7,41.8807907,-87.72942329
0,357530,-1,30,0,0,0,1,7,12,-1,3,0,0,0,-1,-1,-1,-1,-1,915,-1,-1,-1,-1,-1,-1,2,0,0,0,0,0,1,0,11,5,7,41.83103317,-87.64016996
0,356397,-1,30,0,0,0,1,10,5,-1,0,0,0,0,-1,-1,-1,0,-1,634,-1,-1,-1,-1,-1,-1,2,0,0,0,0,0,2,0,11,5,7,41.73616511,-87.62558757