MOST_SEVERE_INJURY,RD_NO,CRASH_DATE_EST_I,POSTED_SPEED_LIMIT,TRAFFIC_CONTROL_DEVICE,DEVICE_CONDITION,WEATHER_CONDITION,LIGHTING_CONDITION,FIRST_CRASH_TYPE,TRAFFICWAY_TYPE,LANE_CNT,ALIGNMENT,ROADWAY_SURFACE_COND,ROAD_DEFECT,CRASH_TYPE,INTERSECTION_RELATED_I,NOT_RIGHT_OF_WAY_I,HIT_AND_RUN_I,PRIM_CONTRIBUTORY_CAUSE,SEC_CONTRIBUTORY_CAUSE,BEAT_OF_OCCURRENCE,PHOTOS_TAKEN_I,STATEMENTS_TAKEN_I,DOORING_I,WORK_ZONE_I,WORK_ZONE_TYPE,WORKERS_PRESENT_I,NUM_UNITS,INJURIES_TOTAL,INJURIES_FATAL,INJURIES_INCAPACITATING,INJURIES_NON_INCAPACITATING,INJURIES_REPORTED_NOT_EVIDENT,INJURIES_NO_INDICATION,INJURIES_UNKNOWN,CRASH_HOUR,CRASH_DAY_OF_WEEK,CRASH_MONTH,LATITUDE,LONGITUDE
3,356201,-1,35,1,2,0,1,0,5,-1,0,0,0,1,1,-1,-1,27,6,2211,-1,-1,-1,-1,-1,-1,2,2,0,2,0,0,0,0,11,5,7,41.68405565,-87.72021417
0,356246,1,30,0,0,0,1,12,5,-1,0,0,0,0,-1,-1,-1,17,0,524,-1,-1,-1,-1,-1,-1,2,0,0,0,0,0,2,0,11,5,7,41.6778894,-87.64440981
0,356493,-1,35,0,0,0,1,7,6,1,0,0,0,0,-1,-1,1,0,0,823,-1,-1,-1,-1,-1,-1,2,0,0,0,0,0,1,0,11,5,7,41.78154416,-87.70658691
0,356378,-1,30,0,0,0,1,2,12,-1,0,0,12,0,-1,-1,-1,0,-1,2514,-1,-1,-1,-1,-1,-1,1,0,0,0,0,0,1,0,11,5,7,41.9316766,-87.77248456
0,356324,-1,30,0,0,0,1,2,6,-1,0,0,12,0,-1,-1,-1,0,-1,2514,-1,-1,-1,-1,-1,-1,1,0,0,0,0,0,1,0,11,5,7,41.9316766,-87.77248456
0,356187,-1,30,0,0,0,1,7,3,-1,0,0,0,0,-1,-1,1,1,-1,931,-1,-1,-1,-1,-1,-1,2,0,0,0,0,0,1,0,11,5,7,41.80646385,-87.66505941
0,356210,-1,30,1,2,0,1,14,2,2,0,0,0,0,1,-1,-1,23,16,1224,-1,-1,-1,-1,-1,-1,2,0,0,0,0,0,2,0,10,5,7,41.88525722,-87.64731471
0,356899,-1,30,1,2,0,1,10,2,4,0,0,0,0,-1,-1,-1,0,18,813,-1,-1,-1,-1,-1,-1,2,0,0,0,0,0,2,0,10,5,7,41.78564332,-87.74148578
1,356161,-1,30,1,2,0,1,5,2,-1,0,0,4,1,-1,-1,-1,28,0,2512,-1,-1,-1,1,2,-1,1,2,0,0,0,2,1,0,10,5,7,41.92366978,-87.80001955
0,356164,-1,30,1,2,0,1,14,5,4,0,0,-1,0,1,-1,-1,-1,-1,1513,-1,-1,-1,-1,-1,-1,2,0,0,0,0,0,4,0,10,5,7,41.88035456,-87.76494814
0,356139,-1,30,0,0,0,1,7,6,-1,1,0,1,0,-1,-1,-1,0,-1,2424,-1,-1,-1,-1,-1,-1,2,0,0,0,0,0,2,0,10,5,7,42.00855801,-87.67518203
0,356126,-1,30,0,0,0,1,10,2,2,0,0,0,1,-1,-1,-1,18,0,233,-1,-1,-1,-1,-1,-1,2,0,0,0,0,0,2,0,10,5,7,41.80224356,-87.59800441
0,356182,-1,30,1,2,0,1,14,5,2,0,0,0,0,1,-1,-1,23,21,712,-1,-1,-1,-1,-1,-1,2,0,0,0,0,0,2,0,10,5,7,41.77977977,-87.64960124
0,356114,-1,15,0,0,0,-1,7,7,-1,0,0,0,0,-1,-1,1,0,0,1234,-1,-1,-1,-1,-1,-1,2,0,0,0,0,0,1,0,10,5,7,41.85574237,-87.67475712
0,356105,1,20,0,0,0,1,7,5,1,0,0,0,0,-1,-1,-1,0,0,1824,-1,-1,-1,-1,-1,-1,2,0,0,0,0,0,2,0,10,5,7,41.9009054,-87.62537666
2,356108,-1,30,0,0,0,1,7,6,3,0,0,0,1,-1,-1,-1,16,8,224,-1,-1,-1,-1,-1,-1,3,1,0,0,1,0,2,0,10,5,7,41.80481983,-87.62257358
0,356155,-1,30,0,0,0,1,11,6,1,0,0,0,0,-1,-1,-1,0,-1,1511,-1,-1,-1,-1,-1,-1,2,0,0,0,0,0,2,0,10,5,7,41.90019465,-87.76786493
0,356132,-1,30,0,0,0,1,7,5,4,2,0,0,0,-1,-1,-1,27,27,1013,-1,-1,-1,-1,-1,-1,2,0,0,0,0,0,1,0,10,5,7,41.85152042,-87.71785823
0,356496,-1,30,0,0,0,1,7,6,-1,0,0,0,0,-1,-1,-1,20,-1,1111,-1,-1,-1,-1,-1,-1,2,0,0,0,0,0,1,0,10,5,7,41.89742182,-87.72875745
0,356184,-1,30,0,2,0,1,7,5,2,0,0,0,1,-1,-1,1,0,-1,731,-1,-1,-1,-1,-1,-1,2,0,0,0,0,0,1,0,10,5,7,41.76674458,-87.6345543
0,356129,-1,30,2,0,0,1,10,5,-1,0,0,0,0,-1,-1,1,22,18,1222,-1,-1,-1,-1,-1,-1,2,0,0,0,0,0,2,0,10,5,7,41.8820203,-87.68865341
0,356113,-1,30,0,0,0,1,7,6,3,0,0,0,0,-1,-1,1,23,-1,1831,-1,-1,-1,-1,-1,-1,2,0,0,0,0,0,1,0,10,5,7,41.89072386,-87.62947869
0,356104,-1,25,0,0,0,1,12,5,-1,0,0,0,1,-1,-1,-1,22,-1,1833,-1,-1,-1,-1,-1,-1,2,0,0,0,0,0,4,0,10,5,7,41.90069222,-87.62460953
0,356091,-1,30,0,0,0,1,7,5,-1,0,0,0,0,-1,-1,-1,11,0,1623,-1,-1,-1,-1,-1,-1,2,0,0,0,0,0,1,0,10,5,7,41.96984533,-87.75763087
1,356099,-1,30,0,0,0,1,7,2,4,0,0,0,1,-1,-1,-1,7,-1,2212,-1,1,-1,-1,-1,-1,3,2,0,0,0,2,0,0,9,5,7,41.70190756,-87.681333
0,356319,-1,30,1,2,0,1,0,2,4,0,0,0,0,0,-1,-1,17,22,1911,-1,-1,-1,-1,-1,-1,2,0,0,0,0,0,2,0,9,5,7,41.95437606,-87.68862288
0,356079,-1,30,2,2,0,1,14,5,2,0,0,0,0,1,-1,-1,17,23,2432,-1,-1,-1,-1,-1,-1,2,0,0,0,0,0,2,0,9,5,7,41.99828156,-87.66213183
0,356416,-1,35,1,2,0,1,10,5,4,0,0,0,0,1,-1,-1,18,17,824,-1,-1,-1,-1,-1,-1,3,0,0,0,0,0,3,0,9,5,7,41.78664476,-87.68386593
0,358041,-1,30,0,0,0,1,14,3,4,0,0,-1,0,-1,-1,-1,17,0,1911,-1,-1,-1,-1,-1,-1,2,0,0,0,0,0,3,0,9,5,7,41.95405671,-87.68861447
0,356124,-1,25,0,0,0,1,7,5,-1,0,0,0,0,-1,-1,1,0,0,1123,-1,-1,-1,-1,-1,-1,2,0,0,0,0,0,1,0,9,5,7,41.87760616,-87.71563989
0,356090,-1,30,0,0,0,1,12,2,-1,0,0,0,0,-1,-1,-1,21,-1,925,-1,-1,-1,-1,-1,-1,2,0,0,0,0,0,2,0,9,5,7,41.80902435,-87.64262104
0,356087,-1,0,0,0,0,1,12,5,-1,0,0,0,0,-1,-1,-1,11,-1,823,-1,-1,-1,-1,-1,-1,2,0,0,0,0,0,3,0,9,5,7,41.77571448,-87.71547502
0,356075,-1,30,0,0,0,1,7,5,4,0,0,0,0,-1,-1,1,11,-1,614,-1,-1,-1,-1,-1,-1,2,0,0,0,0,0,1,0,9,5,7,41.73584345,-87.66724187
1,356068,-1,30,1,2,0,1,10,2,-1,0,0,0,1,1,-1,1,18,-1,833,-1,1,-1,-1,-1,-1,2,1,0,0,0,1,5,0,9,5,7,41.76427403,-87.71755949
2,356082,-1,30,0,0,0,1,2,5,-1,0,0,0,1,-1,-1,-1,11,12,632,-1,-1,-1,-1,-1,-1,1,1,0,0,1,0,0,0,9,5,7,41.73654558,-87.60436837
0,356130,-1,30,1,2,0,1,12,5,4,0,0,0,0,1,-1,1,17,-1,2412,-1,-1,-1,-1,-1,-1,2,0,0,0,0,0,2,0,9,5,7,41.99798666,-87.69003855
0,356052,-1,30,0,2,0,1,7,2,1,0,0,0,0,-1,-1,-1,22,8,1213,-1,-1,-1,-1,-1,-1,2,0,0,0,0,0,1,0,9,5,7,41.89685259,-87.66525856
0,356761,-1,30,0,0,0,1,12,5,-1,0,0,-1,0,-1,-1,-1,22,-1,1611,-1,-1,-1,-1,-1,-1,2,0,0,0,0,0,2,0,9,5,7,41.99766419,-87.80661892
0,356076,-1,30,0,0,0,1,14,5,-1,0,0,0,0,-1,-1,-1,17,11,2212,-1,-1,-1,-1,-1,-1,2,0,0,0,0,0,5,0,9,5,7,41.69815319,-87.68150666
0,356064,-1,30,0,0,0,1,12,6,2,0,0,0,0,-1,-1,-1,17,21,122,-1,-1,-1,-1,-1,-1,2,0,0,0,0,0,2,0,9,5,7,41.87930225,-87.63105741
0,356020,-1,35,1,2,0,1,14,3,3,0,0,0,1,1,-1,-1,16,0,412,-1,-1,-1,-1,-1,-1,2,0,0,0,0,0,2,0,8,5,7,41.74415164,-87.58594507
0,356061,-1,30,1,2,0,1,14,6,3,0,0,0,0,1,-1,-1,23,21,123,-1,-1,-1,-1,-1,-1,2,0,0,0,0,0,2,0,8,5,7,41.87459736,-87.63424409
0,356035,-1,30,0,0,0,1,14,5,2,0,0,-1,1,1,-1,-1,0,0,1533,-1,-1,-1,-1,-1,-1,2,0,0,0,0,0,4,0,8,5,7,41.87942896,-87.75488407
0,356928,-1,30,0,0,0,1,7,6,1,0,0,-1,0,-1,-1,1,0,0,331,-1,-1,-1,-1,-1,-1,2,0,0,0,0,0,1,0,8,5,7,41.77157856,-87.57062586
0,356034,-1,30,1,2,0,1,12,2,-1,0,0,12,0,1,-1,0,21,-1,922,-1,-1,-1,1,2,-1,2,0,0,0,0,0,4,0,8,5,7,41.80832271,-87.68454779
0,356025,-1,0,1,2,0,1,10,5,3,0,0,0,1,1,-1,-1,0,0,222,-1,-1,-1,-1,-1,-1,2,0,0,0,0,0,3,0,8,5,7,41.80975215,-87.59674728
2,356011,-1,30,11,2,0,1,2,5,2,0,0,0,1,1,-1,-1,0,0,2512,-1,-1,-1,-1,-1,-1,1,1,0,0,1,0,0,0,8,5,7,41.91882723,-87.79524122
2,356038,-1,35,1,2,0,1,14,3,-1,0,0,0,1,1,-1,-1,17,16,2233,-1,-1,-1,-1,-1,-1,3,1,0,0,1,0,2,0,8,5,7,41.69226312,-87.64252269
0,356060,-1,30,0,0,0,1,12,5,4,0,0,0,0,-1,-1,-1,11,11,2413,-1,-1,-1,-1,-1,-1,2,0,0,0,0,0,2,0,8,5,7,41.99051232,-87.7062028
0,355977,-1,30,0,0,0,1,11,5,1,0,0,0,0,-1,-1,-1,20,-1,2031,-1,-1,-1,-1,-1,-1,2,0,0,0,0,0,2,0,8,5,7,41.97532627,-87.69905088
0,356042,-1,35,1,2,0,1,14,5,4,0,0,0,0,-1,-1,-1,22,23,1834,-1,-1,-1,-1,-1,-1,2,0,0,0,0,0,2,0,8,5,7,41.89120201,-87.61544735
0,356010,-1,30,0,0,0,1,10,5,2,0,0,-1,0,-1,-1,-1,0,-1,1131,-1,-1,-1,-1,-1,-1,2,0,0,0,0,0,3,0,8,5,7,41.87434216,-87.73483391
1,356007,-1,35,0,0,0,1,10,2,-1,0,0,-1,1,-1,-1,-1,18,-1,2032,-1,-1,-1,-1,-1,-1,2,1,0,0,0,1,2,0,8,5,7,41.96879532,-87.68398537
0,356179,-1,30,0,0,0,1,12,3,2,0,0,0,0,-1,-1,-1,-1,-1,122,-1,-1,-1,-1,-1,-1,2,0,0,0,0,0,2,0,8,5,7,41.87779165,-87.63652434
0,355999,-1,30,0,0,0,1,12,2,2,0,0,0,0,-1,-1,-1,0,-1,1221,-1,-1,-1,-1,-1,-1,2,0,0,0,0,0,2,0,8,5,7,41.89280591,-87.69316872
2,355998,-1,30,0,0,0,1,14,2,-1,0,0,0,1,-1,-1,-1,22,22,1915,-1,-1,-1,-1,-1,-1,2,1,0,0,1,0,4,0,8,5,7,41.95984729,-87.6537625
0,356023,-1,30,0,1,0,1,10,2,1,0,0,0,0,-1,-1,-1,18,0,1224,-1,-1,-1,-1,-1,-1,2,0,0,0,0,0,3,0,8,5,7,41.88452047,-87.64695489
0,356156,1,25,0,0,-1,-1,7,5,1,0,-1,-1,0,-1,-1,1,0,0,2411,-1,-1,-1,-1,-1,-1,2,0,0,0,0,0,1,0,8,5,7,42.00628269,-87.69752938
0,355987,-1,30,0,0,0,1,14,2,-1,0,0,0,0,-1,-1,-1,18,17,1722,-1,-1,-1,-1,-1,-1,3,0,0,0,0,0,3,0,8,5,7,41.9606708,-87.74260895
1,355972,-1,30,2,2,0,1,0,2,4,0,0,0,1,1,-1,-1,17,-1,2013,-1,-1,-1,-1,-1,-1,2,1,0,0,0,1,1,0,7,5,7,41.98552593,-87.66137411
2,355962,-1,30,2,0,0,1,0,5,-1,0,0,0,1,1,-1,1,5,17,1115,-1,-1,-1,-1,-1,-1,3,1,0,0,1,0,1,0,7,5,7,41.87786891,-87.72569911
0,356006,-1,30,1,2,0,1,2,5,6,0,0,0,0,1,-1,1,23,11,2031,-1,-1,-1,-1,-1,-1,1,0,0,0,0,0,1,0,7,5,7,41.97579462,-87.68899954
0,355957,-1,30,0,0,0,1,12,3,6,0,0,0,1,-1,-1,1,21,22,1833,-1,-1,-1,-1,-1,-1,2,0,0,0,0,0,2,0,7,5,7,41.90080165,-87.62427247
0,355993,-1,30,0,0,0,1,10,3,6,0,0,0,0,-1,-1,1,0,-1,132,-1,-1,-1,-1,-1,-1,4,0,0,0,0,0,4,0,7,5,7,41.86747078,-87.62021906
0,355978,-1,30,10,2,0,1,7,2,2,0,0,0,0,-1,-1,-1,3,-1,1215,-1,-1,-1,-1,-1,-1,2,0,0,0,0,0,1,0,7,5,7,41.88754643,-87.66017736
1,355944,-1,30,1,2,0,1,14,5,4,0,0,0,1,1,-1,-1,17,0,1711,-1,-1,-1,-1,-1,-1,2,2,0,0,0,2,0,0,7,5,7,41.99445,-87.71420844
0,355959,-1,30,0,0,0,1,7,5,-1,0,0,0,0,-1,-1,-1,0,0,1915,-1,-1,-1,-1,-1,-1,2,0,0,0,0,0,1,0,7,5,7,41.95689396,-87.65219961
2,355952,-1,30,1,2,0,1,8,2,-1,0,0,0,1,1,-1,-1,6,-1,1432,-1,-1,-1,-1,-1,-1,2,1,0,0,1,0,1,0,7,5,7,41.92862183,-87.68762638
0,355932,-1,35,1,0,0,1,10,2,4,0,0,0,0,1,-1,-1,18,18,1624,-1,-1,-1,-1,-1,-1,2,0,0,0,0,0,2,0,7,5,7,41.95985799,-87.78665222
3,356012,-1,30,0,0,0,1,3,5,-1,0,0,0,1,-1,-1,-1,0,0,1111,-1,-1,-1,-1,-1,-1,2,1,0,1,0,0,2,0,7,5,7,41.89893763,-87.73800344
0,355953,-1,30,0,0,0,1,12,5,2,0,0,0,0,-1,-1,-1,22,0,1231,-1,-1,-1,-1,-1,-1,2,0,0,0,0,0,2,0,7,5,7,41.87414974,-87.65817787
0,355937,-1,30,1,2,0,1,12,6,3,0,0,0,0,1,-1,-1,17,17,215,-1,-1,-1,-1,-1,-1,2,0,0,0,0,0,2,0,7,5,7,41.81647579,-87.62125807
0,357904,-1,35,1,2,0,1,11,3,-1,0,0,0,0,-1,-1,-1,20,-1,1231,-1,-1,-1,-1,-1,-1,2,0,0,0,0,0,2,0,7,5,7,41.87416537,-87.65718157
0,355960,-1,20,0,0,0,1,7,0,-1,0,0,3,1,-1,0,-1,12,0,2424,-1,-1,-1,-1,-1,-1,2,0,0,0,0,0,1,0,7,5,7,42.00658281,-87.6787019
0,355925,-1,30,0,0,0,1,10,3,8,0,0,0,0,-1,-1,-1,8,-1,1024,-1,-1,-1,-1,-1,-1,2,0,0,0,0,0,2,0,7,5,7,41.85580386,-87.71086445
0,359223,-1,30,0,0,1,1,2,2,-1,0,0,12,1,-1,-1,-1,29,29,722,1,-1,-1,1,1,-1,1,0,0,0,0,0,1,0,6,5,7,41.77261544,-87.63009968
0,355940,-1,30,0,0,0,1,7,5,1,0,0,0,0,-1,-1,-1,20,20,114,-1,-1,-1,-1,-1,-1,2,0,0,0,0,0,1,0,6,5,7,41.88426009,-87.617163
0,356582,-1,30,1,2,0,1,10,5,-1,0,0,-1,0,1,-1,-1,0,0,834,-1,-1,-1,-1,-1,-1,2,0,0,0,0,0,2,0,6,5,7,41.74972397,-87.70253957
0,355920,-1,30,2,2,0,1,10,5,-1,0,0,0,0,-1,-1,-1,16,-1,2513,-1,-1,-1,-1,-1,-1,2,0,0,0,0,0,2,0,6,5,7,41.90935253,-87.77646341
2,355921,-1,35,1,2,0,1,14,5,4,2,0,0,1,1,-1,-1,17,17,1013,-1,-1,-1,-1,-1,-1,2,3,0,0,3,0,0,0,6,5,7,41.84763759,-87.73453447
0,361217,-1,30,1,2,0,1,10,5,4,0,0,0,0,-1,-1,-1,18,0,1115,-1,-1,-1,-1,-1,-1,2,0,0,0,0,0,2,0,6,5,7,41.88074788,-87.73314974
0,355965,0,30,0,0,0,1,7,5,2,0,0,0,0,-1,-1,1,0,0,2534,-1,-1,-1,-1,-1,-1,2,0,0,0,0,0,1,0,5,5,7,41.91693929,-87.73594733
0,357545,1,30,1,2,0,1,10,5,2,0,0,0,0,-1,-1,-1,0,0,1822,-1,-1,-1,-1,-1,-1,2,0,0,0,0,0,2,0,5,5,7,41.90374714,-87.64808078
0,356093,-1,30,1,2,0,3,14,12,0,0,0,0,0,1,-1,-1,-1,-1,815,-1,-1,-1,-1,-1,-1,2,0,0,0,0,0,2,0,5,5,7,41.82256384,-87.72418748
0,355894,-1,30,0,0,0,1,7,5,2,0,0,0,0,-1,-1,-1,11,-1,624,-1,-1,-1,-1,-1,-1,2,0,0,0,0,0,1,0,5,5,7,41.75104995,-87.61243839
0,356151,-1,30,2,2,0,2,10,5,-1,0,0,0,0,-1,-1,-1,8,-1,1115,-1,-1,-1,-1,-1,-1,2,0,0,0,0,0,2,0,5,5,7,41.88074788,-87.73314974
0,356356,-1,30,1,2,0,1,10,5,-1,0,0,0,0,1,-1,-1,0,0,1834,-1,-1,-1,-1,-1,-1,2,0,0,0,0,0,2,0,5,5,7,41.89241349,-87.62545339
0,355926,-1,15,10,2,0,3,7,2,2,0,0,0,1,-1,-1,-1,0,0,2534,-1,-1,-1,1,-1,-1,2,0,0,0,0,0,2,0,5,5,7,41.90265323,-87.73442107
0,355901,-1,25,1,0,0,3,10,5,-1,0,0,0,0,-1,-1,1,16,15,1732,-1,-1,-1,-1,-1,-1,2,0,0,0,0,0,2,0,5,5,7,41.94124912,-87.72710257
0,355929,-1,30,1,2,0,1,12,2,2,0,0,0,0,-1,-1,-1,22,0,1234,-1,-1,-1,-1,-1,-1,2,0,0,0,0,0,2,0,4,5,7,41.85243636,-87.66622899
0,356597,-1,30,1,2,0,2,10,5,2,0,0,0,0,-1,-1,-1,0,-1,921,-1,-1,-1,-1,-1,-1,2,0,0,0,0,0,2,0,4,5,7,41.82074724,-87.70432218
0,355867,0,30,1,2,0,3,7,5,-1,0,0,12,1,-1,-1,-1,32,27,1911,-1,-1,-1,-1,-1,-1,3,0,0,0,0,0,1,0,3,5,7,41.96496867,-87.68909326
0,356489,-1,20,0,0,0,3,7,6,1,0,0,0,0,-1,-1,1,25,25,413,-1,-1,-1,-1,-1,-1,2,0,0,0,0,0,1,0,3,5,7,41.73155171,-87.56721283
0,355855,-1,30,2,2,0,3,0,2,2,0,0,0,1,1,-1,-1,0,0,333,-1,-1,-1,-1,-1,-1,2,0,0,0,0,0,3,0,3,5,7,41.76428391,-87.57640667
2,355848,-1,30,0,0,0,3,2,3,2,0,0,0,1,-1,1,1,0,0,1722,-1,-1,-1,-1,-1,-1,1,2,0,0,2,0,0,0,2,5,7,41.9632346,-87.74693814
0,355842,-1,30,0,0,0,3,7,6,-1,0,0,0,0,-1,-1,-1,16,0,2412,-1,-1,-1,-1,-1,-1,2,0,0,0,0,0,2,0,2,5,7,41.99806038,-87.68243327
0,357399,1,25,0,0,0,1,7,5,-1,0,0,0,0,-1,-1,1,0,0,2511,-1,-1,-1,-1,-1,-1,2,0,0,0,0,0,1,0,2,5,7,41.93328824,-87.77983131
0,355827,-1,30,1,2,0,3,2,5,-1,0,0,0,1,-1,-1,-1,0,-1,1824,-1,-1,-1,-1,-1,-1,1,0,0,0,0,0,1,0,2,5,7,41.90300864,-87.62840977
0,355832,-1,30,1,2,0,3,10,5,2,0,0,0,0,-1,-1,-1,18,0,1412,-1,-1,-1,-1,-1,-1,2,0,0,0,0,0,2,0,1,5,7,41.93160611,-87.71179536
0,355843,-1,30,2,2,0,3,7,5,1,0,0,0,1,-1,-1,-1,7,-1,731,0,-1,-1,-1,-1,-1,3,0,0,0,0,0,2,0,1,5,7,41.76012224,-87.62749987
2,355828,1,30,0,0,0,3,0,5,2,0,0,0,1,-1,-1,1,0,0,1134,-1,-1,-1,-1,-1,-1,2,1,0,0,1,0,1,0,1,5,7,41.87273012,-87.70603229
0,355881,1,30,0,0,0,3,7,6,-1,0,0,0,0,-1,-1,1,-1,-1,224,-1,-1,-1,-1,-1,-1,2,0,0,0,0,0,1,0,1,5,7,41.80349118,-87.61658368
0,355923,1,30,0,0,-1,-1,7,6,2,0,-1,0,0,-1,-1,1,0,-1,1133,-1,-1,-1,-1,-1,-1,2,0,0,0,0,0,1,0,1,5,7,41.873499,-87.71241612
3,355812,-1,30,0,0,0,0,7,6,1,0,0,0,1,-1,-1,-1,0,0,2011,0,-1,-1,-1,-1,-1,2,2,0,2,0,0,0,0,0,5,7,41.98812031,-87.69431234
-1,355811,-1,30,1,2,0,3,14,2,2,0,0,0,1,1,-1,-1,17,16,434,-1,-1,-1,-1,-1,-1,-1,-1,-1,-1,-1,-1,-1,-1,0,5,7,41.6736608,-87.55908261
0,360790,-1,20,0,0,0,1,7,5,-1,0,0,0,0,-1,-1,-1,0,0,1922,-1,-1,-1,-1,-1,-1,2,0,0,0,0,0,1,0,0,5,7,41.94348756,-87.66657292
0,356799,-1,35,0,0,0,3,12,5,-1,0,0,0,0,-1,-1,1,0,0,811,-1,-1,-1,-1,-1,-1,2,0,0,0,0,0,3,0,0,5,7,41.7923344,-87.78806027
0,356045,-1,30,0,0,0,3,7,5,-1,0,0,0,0,-1,-1,1,-1,-1,2532,-1,-1,-1,-1,-1,-1,2,0,0,0,0,0,1,0,0,5,7,41.91298946,-87.76175736
0,355771,-1,30,1,2,0,3,12,12,3,0,0,0,0,-1,-1,-1,22,11,623,-1,-1,-1,-1,-1,-1,2,0,0,0,0,0,2,0,23,4,7,41.75632001,-87.62647558
0,355763,-1,30,0,0,0,3,0,5,2,0,0,0,0,-1,-1,-1,20,-1,1831,-1,-1,-1,-1,-1,-1,2,0,0,0,0,0,2,0,23,4,7,41.88988027,-87.63350676
0,358230,-1,30,2,2,0,0,10,5,2,0,0,-1,0,1,-1,1,0,0,1224,-1,-1,-1,-1,-1,-1,2,0,0,0,0,0,2,0,23,4,7,41.88437933,-87.66701886
0,355760,-1,30,0,0,0,3,14,5,4,0,0,0,0,0,-1,1,17,0,1113,-1,-1,-1,-1,-1,-1,2,0,0,0,0,0,3,0,23,4,7,41.8860877,-87.73862044
0,355770,-1,30,1,-1,0,3,10,2,4,0,0,-1,0,-1,-1,1,16,0,1123,-1,-1,-1,-1,-1,-1,2,0,0,0,0,0,4,0,23,4,7,41.88080666,-87.71113539
0,357947,-1,15,0,0,0,3,10,7,-1,0,0,0,0,-1,-1,-1,20,-1,1831,-1,-1,-1,-1,-1,-1,2,0,0,0,0,0,3,0,23,4,7,41.89206949,-87.62822443
0,355780,-1,30,1,-1,0,0,10,2,1,0,0,-1,0,-1,-1,-1,18,-1,331,-1,-1,-1,-1,-1,-1,2,0,0,0,0,0,2,0,23,4,7,41.7770528,-87.57880883
0,355749,-1,30,0,0,0,3,7,6,1,0,0,0,0,-1,-1,1,25,0,612,-1,-1,-1,-1,-1,-1,2,0,0,0,0,0,1,0,22,4,7,41.74836396,-87.6611081
3,355735,-1,40,0,0,0,3,10,3,8,0,0,-1,1,-1,-1,1,18,0,132,-1,-1,-1,-1,-1,-1,3,2,0,2,0,0,1,0,22,4,7,41.85784909,-87.61684088
0,355746,-1,30,2,2,0,3,12,6,1,0,0,0,0,-1,-1,1,0,0,824,-1,-1,-1,-1,-1,-1,2,0,0,0,0,0,2,0,22,4,7,41.78627254,-87.69617708
0,357360,-1,15,0,0,0,3,10,12,0,1,0,0,0,-1,-1,1,0,-1,412,-1,-1,-1,-1,-1,-1,2,0,0,0,0,0,3,0,22,4,7,41.74415164,-87.58594507
0,355729,-1,30,0,0,0,3,10,2,-1,0,0,0,0,-1,-1,-1,18,0,2232,-1,-1,-1,-1,-1,-1,3,0,0,0,0,0,3,0,22,4,7,41.71433172,-87.64175048
0,335730,-1,30,1,2,0,3,10,6,4,0,0,0,0,-1,-1,-1,0,-1,2232,-1,-1,-1,-1,-1,-1,2,0,0,0,0,0,2,0,22,4,7,41.71432334,-87.64306671
0,499069,-1,30,0,0,0,3,4,5,1,0,0,1,0,-1,-1,-1,28,28,722,-1,-1,-1,-1,-1,-1,1,0,0,0,0,0,1,0,22,4,7,41.77281783,-87.6275914
0,356892,-1,25,0,0,0,0,0,0,1,0,0,0,0,-1,-1,1,-1,-1,1211,-1,-1,-1,-1,-1,-1,2,0,0,0,0,0,2,0,22,4,7,41.89796906,-87.69168081
0,356859,-1,30,0,0,0,0,7,5,2,0,0,0,0,-1,-1,1,0,-1,724,-1,-1,-1,-1,-1,-1,2,0,0,0,0,0,1,0,22,4,7,41.77956822,-87.65100339
0,355676,-1,25,1,2,0,3,10,2,-1,0,0,0,0,-1,-1,-1,7,7,1622,-1,-1,-1,-1,-1,-1,2,0,0,0,0,0,3,0,21,4,7,41.97293449,-87.77778665
0,355718,-1,30,1,2,0,3,14,6,2,0,0,0,0,-1,-1,-1,23,17,113,-1,-1,-1,-1,-1,-1,2,0,0,0,0,0,2,0,21,4,7,41.8794171,-87.62596227
0,355651,-1,30,1,2,0,4,10,1,3,0,0,0,1,-1,-1,-1,32,18,233,-1,0,-1,-1,-1,-1,2,0,0,0,0,0,2,0,21,4,7,41.80149259,-87.60626158
0,355711,-1,30,0,0,0,3,7,6,1,0,0,0,1,-1,-1,1,10,-1,1633,-1,-1,-1,-1,-1,-1,2,0,0,0,0,0,1,0,21,4,7,41.94962448,-87.76806521
0,355739,-1,35,1,2,0,3,14,5,0,0,0,0,0,1,-1,-1,23,-1,1832,-1,-1,-1,-1,-1,-1,2,0,0,0,0,0,2,0,21,4,7,41.89402909,-87.62827987
0,355640,-1,30,2,12,0,3,9,12,1,0,0,0,0,-1,-1,-1,0,-1,1711,-1,-1,-1,-1,-1,-1,2,0,0,0,0,0,2,0,21,4,7,41.98312879,-87.71274209
2,355695,-1,30,1,2,0,3,8,5,2,0,0,-1,1,1,-1,1,0,0,913,-1,-1,-1,-1,-1,-1,2,1,0,0,1,0,1,0,21,4,7,41.84156505,-87.64651275
0,366086,-1,35,0,0,0,0,14,5,4,0,0,0,0,-1,-1,-1,0,0,632,-1,-1,-1,-1,-1,-1,2,0,0,0,0,0,2,0,21,4,7,41.74387991,-87.60488314
0,355649,-1,30,0,0,0,3,12,3,4,0,0,-1,0,-1,-1,1,21,0,1232,-1,-1,-1,-1,-1,-1,2,0,0,0,0,0,2,0,20,4,7,41.86700714,-87.64915695