MOST_SEVERE_INJURY,RD_NO,CRASH_DATE_EST_I,POSTED_SPEED_LIMIT,TRAFFIC_CONTROL_DEVICE,DEVICE_CONDITION,WEATHER_CONDITION,LIGHTING_CONDITION,FIRST_CRASH_TYPE,TRAFFICWAY_TYPE,LANE_CNT,ALIGNMENT,ROADWAY_SURFACE_COND,ROAD_DEFECT,CRASH_TYPE,INTERSECTION_RELATED_I,NOT_RIGHT_OF_WAY_I,HIT_AND_RUN_I,PRIM_CONTRIBUTORY_CAUSE,SEC_CONTRIBUTORY_CAUSE,BEAT_OF_OCCURRENCE,PHOTOS_TAKEN_I,STATEMENTS_TAKEN_I,DOORING_I,WORK_ZONE_I,WORK_ZONE_TYPE,WORKERS_PRESENT_I,NUM_UNITS,INJURIES_TOTAL,INJURIES_FATAL,INJURIES_INCAPACITATING,INJURIES_NON_INCAPACITATING,INJURIES_REPORTED_NOT_EVIDENT,INJURIES_NO_INDICATION,INJURIES_UNKNOWN,CRASH_HOUR,CRASH_DAY_OF_WEEK,CRASH_MONTH,LATITUDE,LONGITUDE
0,355657,-1,30,2,2,0,3,14,2,2,0,0,0,0,1,-1,-1,17,16,624,-1,-1,-1,-1,-1,-1,2,0,0,0,0,0,5,0,20,4,7,41.75668771,-87.60174023
0,356102,-1,30,0,0,0,3,14,2,-1,0,0,0,0,1,-1,-1,17,-1,726,-1,-1,-1,-1,-1,-1,2,0,0,0,0,0,2,0,20,4,7,41.76852295,-87.67611784
0,355620,-1,25,0,0,0,0,11,5,2,0,0,0,0,-1,-1,-1,0,0,2433,-1,-1,-1,-1,-1,-1,3,0,0,0,0,0,2,0,20,4,7,41.99428731,-87.67259959
0,358908,-1,30,0,0,0,4,12,5,-1,0,0,0,0,-1,-1,-1,17,-1,1222,-1,-1,-1,-1,-1,-1,2,0,0,0,0,0,2,0,20,4,7,41.88310686,-87.6865851
0,355681,-1,30,0,0,0,3,7,3,2,0,0,0,1,-1,-1,-1,27,19,231,-1,-1,-1,-1,-1,-1,2,0,0,0,0,0,1,0,20,4,7,41.79439209,-87.61936262
3,355576,-1,30,0,0,0,4,2,6,2,0,0,0,1,-1,1,-1,27,-1,624,-1,-1,-1,-1,-1,-1,1,1,0,1,0,0,0,0,20,4,7,41.75304419,-87.60294433
0,355627,-1,30,0,0,0,3,12,3,4,0,0,0,0,-1,-1,-1,0,0,622,-1,-1,-1,-1,-1,-1,2,0,0,0,0,0,6,0,20,4,7,41.73625146,-87.64246347
0,355582,-1,30,0,0,0,3,7,2,2,0,0,0,0,-1,-1,-1,12,2,1611,-1,-1,-1,-1,-1,-1,3,0,0,0,0,0,1,0,20,4,7,41.99553388,-87.80413857
1,355549,-1,30,2,2,0,1,0,6,3,0,0,0,1,1,-1,-1,17,17,232,-1,1,-1,-1,-1,-1,2,1,0,0,0,1,1,0,19,4,7,41.78914772,-87.62247236
1,355483,-1,30,1,2,0,1,10,5,2,0,0,0,1,-1,-1,-1,18,0,1013,-1,-1,-1,-1,-1,-1,2,1,0,0,0,1,7,0,19,4,7,41.85152144,-87.72490479
0,356825,-1,30,0,0,0,1,14,6,-1,0,0,0,0,-1,-1,-1,20,0,1011,-1,-1,-1,-1,-1,-1,2,0,0,0,0,0,2,0,19,4,7,41.86136308,-87.73618232
1,355555,-1,15,0,0,0,4,9,0,-1,0,0,0,1,-1,-1,1,17,16,2534,-1,-1,-1,-1,-1,-1,2,1,0,0,0,1,1,0,19,4,7,41.90966339,-87.73496375
0,355537,1,30,-1,-1,-1,-1,7,5,-1,0,-1,-1,0,-1,-1,1,0,0,1134,-1,-1,-1,-1,-1,-1,2,0,0,0,0,0,4,0,19,4,7,41.87179609,-87.70213976
2,355513,-1,30,1,2,0,1,0,5,-1,0,0,0,1,1,-1,-1,17,-1,1223,-1,-1,-1,-1,-1,-1,2,1,0,0,1,0,1,0,19,4,7,41.88227999,-87.67651756
0,355986,-1,25,0,0,0,1,7,5,1,0,0,0,1,-1,-1,1,0,0,2433,-1,-1,-1,-1,-1,-1,2,0,0,0,0,0,1,0,19,4,7,41.99587462,-87.66187748
0,355475,-1,30,1,2,0,1,0,2,0,0,0,0,1,1,-1,-1,3,-1,213,-1,-1,-1,-1,-1,-1,2,0,0,0,0,0,2,0,19,4,7,41.81667504,-87.6213298
0,365194,-1,10,0,0,0,1,7,7,-1,0,0,0,0,-1,-1,-1,0,0,823,-1,-1,-1,-1,-1,-1,2,0,0,0,0,0,4,0,19,4,7,41.77881858,-87.70590358
0,355528,-1,15,-1,-1,0,4,3,7,-1,0,0,-1,0,-1,-1,1,4,-1,222,-1,-1,-1,-1,-1,-1,2,0,0,0,0,0,2,0,19,4,7,41.80789724,-87.59503426
0,355529,-1,30,0,0,0,1,7,2,4,2,0,0,0,-1,-1,1,11,-1,2212,-1,-1,-1,-1,-1,-1,2,0,0,0,0,0,1,0,19,4,7,41.69422065,-87.6810859
0,355503,-1,30,1,2,0,1,12,5,-1,0,0,0,0,-1,-1,-1,21,21,1834,-1,-1,-1,-1,-1,-1,2,0,0,0,0,0,2,0,19,4,7,41.88935425,-87.62410246
0,355463,-1,30,0,0,0,1,12,2,4,0,0,-1,0,-1,-1,-1,-1,-1,1722,-1,-1,-1,-1,-1,-1,2,0,0,0,0,0,3,0,19,4,7,41.95369398,-87.73344848
0,355458,-1,30,1,2,0,4,12,2,4,0,0,0,0,1,-1,-1,16,0,1622,-1,1,-1,-1,-1,-1,2,0,0,0,0,0,2,0,18,4,7,41.97576096,-87.77832527
0,355626,-1,30,0,0,0,3,7,5,-1,0,0,0,0,-1,-1,-1,0,-1,1212,-1,-1,-1,-1,-1,-1,2,0,0,0,0,0,1,0,18,4,7,41.89699778,-87.68457627
-1,355461,-1,25,1,2,0,1,8,2,2,0,0,0,1,1,-1,-1,17,0,1935,-1,-1,-1,-1,-1,-1,-1,-1,-1,-1,-1,-1,-1,-1,18,4,7,41.92580693,-87.63381965
2,355459,-1,35,0,0,0,1,12,2,-1,0,0,0,1,1,-1,-1,22,-1,411,-1,-1,-1,-1,-1,-1,2,4,0,0,4,0,4,0,18,4,7,41.74420978,-87.59416105
0,355415,-1,30,0,0,0,1,12,5,2,0,0,0,1,-1,-1,1,18,0,2515,-1,-1,-1,-1,-1,-1,2,0,0,0,0,0,2,0,18,4,7,41.91792892,-87.76069948
0,355571,-1,35,0,0,0,1,7,2,-1,0,0,0,0,-1,-1,-1,0,-1,832,-1,-1,-1,-1,-1,-1,2,0,0,0,0,0,1,0,18,4,7,41.76569147,-87.68341668
0,356339,-1,30,1,2,0,4,12,2,2,0,0,0,0,-1,-1,1,22,0,1411,-1,-1,-1,-1,-1,-1,2,0,0,0,0,0,2,0,18,4,7,41.93850679,-87.69794469
0,355431,-1,30,0,0,0,1,7,5,-1,0,0,0,0,-1,-1,1,23,11,2535,-1,-1,-1,-1,-1,-1,2,0,0,0,0,0,1,0,18,4,7,41.90462108,-87.72407463
0,355392,-1,35,1,2,0,1,12,2,6,0,0,0,0,-1,-1,-1,17,-1,813,-1,-1,-1,-1,-1,-1,2,0,0,0,0,0,2,0,18,4,7,41.77834045,-87.74214328
0,355422,-1,30,0,0,0,1,14,5,2,0,0,0,0,-1,-1,-1,17,16,922,-1,-1,-1,-1,-1,-1,2,0,0,0,0,0,3,0,18,4,7,41.80831472,-87.68440912
0,363362,-1,30,1,2,-1,-1,10,5,2,0,-1,-1,0,-1,-1,1,14,16,1012,-1,-1,-1,-1,-1,-1,2,0,0,0,0,0,2,0,18,4,7,41.85935402,-87.72511573
0,355408,-1,30,0,0,0,1,12,5,2,0,0,0,1,-1,-1,-1,22,-1,924,-1,-1,-1,-1,-1,-1,2,0,0,0,0,0,5,0,18,4,7,41.80884294,-87.6553046
0,355420,-1,30,1,2,0,1,10,5,-1,0,0,-1,0,-1,-1,1,18,-1,1621,-1,-1,-1,-1,-1,-1,2,0,0,0,0,0,2,0,18,4,7,41.99679472,-87.76533742
0,355416,-1,30,0,0,0,1,12,5,-1,0,0,0,0,-1,-1,-1,0,-1,1224,-1,-1,-1,-1,-1,-1,2,0,0,0,0,0,2,0,18,4,7,41.88452721,-87.64552506
0,355410,-1,30,1,2,0,1,10,-1,-1,0,0,-1,0,-1,-1,-1,0,-1,114,-1,-1,-1,-1,-1,-1,2,0,0,0,0,0,2,0,18,4,7,41.88454795,-87.62358834
3,355387,-1,30,1,2,0,1,14,3,4,2,0,0,1,-1,-1,1,0,0,2233,-1,-1,-1,-1,-1,-1,2,1,0,1,0,0,1,0,18,4,7,41.69954742,-87.64275192
0,355399,-1,25,0,0,0,1,10,2,2,0,0,0,0,-1,-1,1,18,16,2411,-1,-1,-1,-1,-1,-1,4,0,0,0,0,0,4,0,18,4,7,42.00650863,-87.68092779
2,355401,-1,30,0,0,0,2,10,5,-1,0,0,0,1,-1,-1,1,-1,-1,913,-1,-1,-1,-1,-1,-1,2,1,0,0,1,0,3,0,18,4,7,41.84188845,-87.65772672
1,355330,-1,30,1,2,0,1,10,3,4,0,0,0,1,-1,-1,-1,8,11,924,-1,-1,-1,-1,-1,-1,3,2,0,0,0,2,1,0,17,4,7,41.81637184,-87.66530553
0,355185,-1,30,2,2,0,1,0,5,3,0,0,0,1,1,-1,-1,33,-1,1631,-1,-1,-1,-1,-1,-1,2,0,0,0,0,0,3,0,17,4,7,41.93809941,-87.81033203
0,355547,-1,30,0,0,0,1,7,6,-1,0,0,0,0,-1,-1,-1,0,-1,422,-1,-1,-1,-1,-1,-1,2,0,0,0,0,0,1,0,17,4,7,41.75115752,-87.5494447
0,355538,-1,30,1,2,4,1,10,5,2,0,0,0,0,-1,-1,-1,0,-1,835,-1,-1,-1,-1,-1,-1,2,0,0,0,0,0,2,0,17,4,7,41.74276607,-87.69249808
0,355474,-1,30,0,0,0,1,12,6,-1,0,0,-1,0,-1,-1,-1,18,0,732,-1,-1,-1,-1,-1,-1,2,0,0,0,0,0,3,0,17,4,7,41.76703999,-87.63704474
0,355395,-1,20,0,0,2,1,0,2,2,0,0,0,0,1,-1,-1,0,0,2433,-1,-1,-1,-1,-1,-1,2,0,0,0,0,0,2,0,17,4,7,41.99469821,-87.65741979
3,355398,-1,30,1,2,0,1,9,5,4,0,0,0,1,-1,-1,1,22,17,513,-1,-1,-1,-1,-1,-1,2,1,0,1,0,0,1,0,17,4,7,41.69977694,-87.62345683
2,355469,-1,30,0,0,0,1,8,2,-1,0,0,0,1,-1,-1,-1,17,-1,1821,-1,-1,-1,-1,-1,-1,2,1,0,0,1,0,1,0,17,4,7,41.90446547,-87.63435417
0,355289,-1,30,0,0,0,1,12,5,4,0,0,0,0,-1,-1,-1,-1,-1,1732,-1,-1,-1,-1,-1,-1,2,0,0,0,0,0,2,0,17,4,7,41.9466211,-87.71702038
2,355329,-1,30,0,0,0,1,3,2,4,0,0,0,1,-1,-1,-1,10,-1,725,-1,1,-1,-1,-1,-1,2,3,0,0,2,1,0,0,17,4,7,41.77620479,-87.66427936
0,356574,-1,30,0,0,0,1,10,5,2,0,0,0,0,-1,-1,-1,18,-1,1632,-1,-1,-1,-1,-1,-1,2,0,0,0,0,0,2,0,17,4,7,41.9529531,-87.79080125
0,355423,-1,25,0,0,0,1,7,6,1,0,0,0,0,-1,-1,-1,8,11,414,-1,-1,-1,-1,-1,-1,3,0,0,0,0,0,2,0,17,4,7,41.75060734,-87.56758125
0,355385,-1,30,0,0,0,1,12,5,2,0,0,0,1,-1,1,1,22,14,1112,-1,-1,-1,-1,-1,-1,2,0,0,0,0,0,2,0,17,4,7,41.89892712,-87.72463459
2,355336,1,30,0,0,0,1,3,0,1,0,0,0,1,-1,-1,-1,17,16,2022,-1,-1,-1,-1,-1,-1,2,1,0,0,1,0,4,0,17,4,7,41.98703936,-87.65543918
0,355321,-1,30,2,2,0,1,10,5,-1,0,0,0,0,-1,-1,-1,16,18,833,-1,-1,-1,-1,-1,-1,3,0,0,0,0,0,7,0,17,4,7,41.76768773,-87.72263085
0,355379,-1,30,1,2,0,1,10,5,2,0,0,0,0,-1,-1,-1,0,0,321,-1,-1,-1,-1,-1,-1,2,0,0,0,0,0,5,0,17,4,7,41.77496273,-87.59622062
0,355353,-1,30,0,0,0,1,12,6,4,0,0,0,0,-1,-1,-1,21,17,1832,-1,-1,-1,-1,-1,-1,2,0,0,0,0,0,2,0,17,4,7,41.89337741,-87.62828145
0,355317,-1,30,0,0,0,1,12,2,2,0,0,0,0,-1,-1,-1,22,21,1612,-1,-1,-1,-1,-1,-1,2,0,0,0,0,0,2,0,17,4,7,41.98280633,-87.81352656
0,355426,-1,30,0,0,0,1,7,5,-1,0,0,-1,0,-1,-1,1,0,0,831,-1,-1,-1,-1,-1,-1,2,0,0,0,0,0,2,0,17,4,7,41.76741078,-87.69295208
0,355362,-1,30,2,2,0,1,14,2,2,0,0,-1,0,1,-1,-1,-1,-1,1912,-1,-1,-1,-1,-1,-1,2,0,0,0,0,0,3,0,17,4,7,41.96162692,-87.67455924
0,358106,-1,30,0,0,-1,1,11,5,1,0,-1,-1,0,-1,-1,-1,0,0,1711,-1,-1,-1,-1,-1,-1,2,0,0,0,0,0,3,0,17,4,7,41.99085319,-87.72122462
2,355592,-1,30,-1,-1,0,1,9,-1,-1,0,0,-1,1,-1,-1,1,14,-1,122,-1,-1,-1,-1,-1,-1,2,1,0,0,1,0,1,0,17,4,7,41.87925474,-87.63096252
0,355305,-1,30,0,0,0,1,10,5,4,0,0,0,0,-1,-1,-1,18,-1,2432,-1,-1,-1,-1,-1,-1,2,0,0,0,0,0,2,0,17,4,7,42.00448655,-87.66099378
0,355282,-1,30,0,0,0,1,14,5,-1,0,0,0,0,-1,-1,1,22,-1,124,-1,-1,-1,-1,-1,-1,2,0,0,0,0,0,3,0,17,4,7,41.86715619,-87.64086711
0,355267,-1,30,0,0,0,1,7,5,-1,0,0,0,0,-1,-1,1,0,-1,322,-1,-1,-1,-1,-1,-1,2,0,0,0,0,0,1,0,17,4,7,41.76722519,-87.62483007
2,355273,-1,30,0,0,0,1,14,5,2,0,0,0,1,-1,-1,-1,23,17,726,-1,-1,-1,-1,-1,-1,2,2,0,0,2,0,0,0,17,4,7,41.77030153,-87.67381613
0,355285,-1,30,0,0,0,1,7,6,1,0,0,0,0,-1,-1,1,0,-1,423,-1,-1,-1,-1,-1,-1,2,0,0,0,0,0,1,0,17,4,7,41.74358208,-87.55745551
0,355272,-1,30,1,2,0,1,10,5,4,0,0,0,0,-1,-1,-1,0,0,2011,-1,-1,-1,-1,-1,-1,2,0,0,0,0,0,2,0,17,4,7,41.99029332,-87.70615067
0,355264,-1,35,1,2,0,1,14,2,-1,0,0,0,1,1,-1,-1,17,-1,815,-1,-1,-1,-1,-1,-1,2,0,0,0,0,0,2,0,17,4,7,41.81630182,-87.72403661
0,355437,-1,30,2,2,0,1,7,6,1,0,0,0,1,-1,-1,1,0,0,1633,-1,-1,-1,-1,-1,-1,3,0,0,0,0,0,1,0,17,4,7,41.94466921,-87.78364901
0,355351,-1,30,2,-1,0,1,14,5,4,0,0,-1,0,1,-1,-1,0,0,914,-1,-1,-1,-1,-1,-1,2,0,0,0,0,0,2,0,17,4,7,41.85052271,-87.63862042
0,355311,-1,30,1,2,0,1,14,5,-1,0,0,0,0,1,-1,-1,0,0,914,-1,-1,-1,-1,-1,-1,2,0,0,0,0,0,2,0,17,4,7,41.8510842,-87.63834086
2,355236,-1,30,2,2,0,1,8,5,2,0,0,0,1,1,-1,-1,5,11,1414,-1,-1,-1,-1,-1,-1,2,1,0,0,1,0,2,0,17,4,7,41.91964232,-87.69740954
0,355349,-1,25,0,0,0,1,7,5,-1,0,0,0,0,-1,-1,-1,0,0,2515,-1,-1,-1,-1,-1,-1,2,0,0,0,0,0,1,0,17,4,7,41.92220125,-87.77010461
2,355251,-1,30,1,2,0,1,14,2,5,0,0,0,1,1,-1,-1,17,11,1034,-1,-1,-1,-1,-1,-1,2,1,0,0,1,0,1,0,17,4,7,41.84482038,-87.68559311
0,355346,-1,15,0,0,0,1,0,7,-1,0,0,0,0,-1,-1,-1,0,-1,1821,-1,-1,-1,-1,-1,-1,2,0,0,0,0,0,2,0,16,4,7,41.90420068,-87.63995407
3,355189,-1,30,0,0,0,1,14,5,2,0,0,0,1,-1,-1,-1,11,0,1733,-1,-1,-1,-1,-1,-1,2,1,0,1,0,0,1,0,16,4,7,41.94349598,-87.7124751
0,355313,-1,15,0,0,0,1,7,7,-1,0,0,0,0,-1,1,-1,0,0,1834,-1,-1,-1,-1,-1,-1,2,0,0,0,0,0,5,0,16,4,7,41.89167324,-87.62551853
1,358138,-1,30,0,0,0,1,14,5,3,0,0,-1,1,-1,-1,1,0,0,413,-1,-1,-1,-1,-1,-1,2,1,0,0,0,1,1,0,16,4,7,41.72951813,-87.58563641
2,355411,-1,30,0,0,0,1,10,5,-1,0,0,0,1,-1,-1,-1,0,0,1214,-1,-1,-1,-1,-1,-1,2,1,0,0,1,0,1,0,16,4,7,41.89013841,-87.64746053
0,355279,-1,10,12,0,0,1,7,0,-1,0,0,0,0,-1,-1,1,-1,-1,414,-1,-1,-1,-1,-1,-1,2,0,0,0,0,0,1,0,16,4,7,41.75148314,-87.57857012
0,355252,-1,30,0,0,0,1,7,5,2,0,0,0,1,-1,-1,-1,32,16,1212,-1,-1,-1,-1,-1,-1,2,0,0,0,0,0,1,0,16,4,7,41.90312428,-87.67452301
0,355291,-1,30,1,2,0,1,10,6,1,0,0,-1,0,-1,-1,-1,18,-1,1111,-1,-1,-1,-1,-1,-1,2,0,0,0,0,0,2,0,16,4,7,41.8994467,-87.73620777
0,355253,-1,30,0,0,0,1,14,2,2,0,0,0,1,-1,-1,-1,23,0,1722,-1,-1,-1,-1,-1,-1,2,0,0,0,0,0,3,0,16,4,7,41.95358351,-87.74312523
0,355260,-1,30,0,0,0,1,9,7,-1,0,0,0,0,-1,-1,-1,20,-1,221,-1,-1,-1,-1,-1,-1,2,0,0,0,0,0,2,0,16,4,7,41.80962702,-87.60755595
0,355278,-1,30,0,0,0,1,7,5,-1,0,0,0,0,-1,-1,1,-1,-1,2535,1,-1,-1,-1,-1,-1,2,0,0,0,0,0,1,0,16,4,7,41.90425086,-87.71943586
0,355230,-1,30,1,2,0,1,0,5,-1,0,0,-1,0,-1,-1,1,17,-1,1524,-1,-1,-1,-1,-1,-1,2,0,0,0,0,0,2,0,16,4,7,41.89499946,-87.76071912
0,355216,-1,30,1,2,0,1,12,5,-1,0,0,0,0,-1,-1,-1,18,-1,1223,-1,-1,-1,-1,-1,-1,2,0,0,0,0,0,2,0,16,4,7,41.88124998,-87.67649408
0,355214,-1,30,2,2,0,1,0,5,1,0,0,0,1,-1,-1,-1,17,5,631,-1,-1,-1,-1,-1,-1,2,0,0,0,0,0,2,0,16,4,7,41.74387918,-87.61619741
0,355299,-1,30,0,0,0,1,12,5,-1,0,0,-1,0,-1,-1,1,0,0,2211,-1,-1,-1,-1,-1,-1,1,0,0,0,0,0,1,0,16,4,7,41.69147347,-87.70097065
0,355186,-1,30,1,2,0,1,14,5,2,0,0,0,1,1,-1,1,6,-1,313,-1,-1,-1,-1,-1,-1,4,0,0,0,0,0,4,0,16,4,7,41.78399507,-87.61565416
0,356706,-1,30,0,0,0,1,10,5,-1,0,0,0,0,-1,-1,-1,0,0,1013,-1,-1,-1,-1,-1,-1,2,0,0,0,0,0,2,0,16,4,7,41.8501603,-87.72772858
0,355190,-1,30,0,0,0,1,10,5,2,0,0,0,0,-1,-1,-1,18,-1,1612,-1,-1,-1,-1,-1,-1,2,0,0,0,0,0,2,0,16,4,7,41.98300434,-87.78787997
2,355205,-1,30,2,2,0,1,9,5,-1,0,0,0,1,1,-1,-1,17,0,411,-1,-1,-1,-1,-1,-1,2,1,0,0,1,0,1,0,16,4,7,41.75152466,-87.59299412
2,355595,-1,30,1,2,0,1,10,2,2,0,-1,-1,1,-1,-1,1,0,-1,1712,-1,-1,-1,-1,-1,-1,2,1,0,0,1,0,1,0,16,4,7,41.97555451,-87.73648864
0,355489,-1,30,0,0,0,1,7,5,-1,0,-1,-1,0,-1,-1,1,0,-1,913,-1,-1,-1,-1,-1,-1,2,0,0,0,0,0,1,0,16,4,7,41.83799792,-87.64791799
0,355165,-1,30,2,2,0,1,14,2,4,0,0,-1,0,1,-1,1,17,0,2221,-1,-1,-1,-1,-1,-1,2,0,0,0,0,0,4,0,16,4,7,41.73020471,-87.66304669
0,355149,-1,35,0,0,0,1,14,5,4,0,0,0,0,-1,-1,-1,23,22,1834,-1,-1,-1,-1,-1,-1,2,0,0,0,0,0,2,0,16,4,7,41.89002792,-87.62786035
0,355147,-1,30,1,-1,0,1,12,2,-1,0,0,0,0,1,-1,1,16,-1,713,-1,-1,-1,-1,-1,-1,2,0,0,0,0,0,2,0,16,4,7,41.78696008,-87.65717661
0,355173,-1,30,2,2,0,1,14,5,-1,0,0,0,0,1,-1,-1,0,0,1824,-1,-1,-1,-1,-1,-1,2,0,0,0,0,0,2,0,15,4,7,41.90937091,-87.62889483
0,355166,-1,30,0,0,0,1,12,6,-1,0,0,0,0,-1,-1,-1,21,-1,1833,-1,-1,-1,-1,-1,-1,2,0,0,0,0,0,2,0,15,4,7,41.897695,-87.62386027
0,364980,-1,30,1,2,0,1,14,5,-1,0,0,0,1,1,-1,-1,0,0,923,-1,-1,-1,-1,-1,-1,2,0,0,0,0,0,2,0,15,4,7,41.79554891,-87.68366562
0,355271,-1,30,2,2,0,1,0,2,2,4,0,0,1,1,-1,-1,17,-1,413,-1,1,-1,-1,-1,-1,2,0,0,0,0,0,2,0,15,4,7,41.731491,-87.57573005
0,356577,-1,30,1,2,0,1,10,5,2,0,0,0,0,-1,-1,0,0,0,1834,-1,-1,-1,-1,-1,-1,2,0,0,0,0,0,2,0,15,4,7,41.89095012,-87.61718975
0,355144,-1,30,0,0,0,1,12,6,2,0,0,0,0,-1,-1,-1,17,-1,1224,-1,-1,-1,-1,-1,-1,2,0,0,0,0,0,2,0,15,4,7,41.8819098,-87.6456222
0,355118,-1,30,0,0,0,1,7,6,1,0,0,0,0,-1,-1,-1,0,-1,1821,-1,-1,-1,-1,-1,-1,2,0,0,0,0,0,1,0,15,4,7,41.90588995,-87.63154323
1,355108,-1,30,1,2,0,1,8,5,-1,0,0,0,1,1,-1,-1,16,0,1611,-1,-1,-1,-1,-1,-1,2,1,0,0,0,1,1,0,15,4,7,41.99709561,-87.80676215
0,355117,-1,30,0,0,0,1,14,5,2,0,0,0,0,-1,-1,-1,17,23,1831,-1,-1,-1,-1,-1,-1,2,0,0,0,0,0,2,0,15,4,7,41.89342177,-87.63576836
0,355197,-1,10,0,0,0,3,7,7,-1,0,0,0,0,-1,-1,-1,0,-1,1822,-1,-1,-1,-1,-1,-1,2,0,0,0,0,0,1,0,15,4,7,41.90376961,-87.64336894
0,355123,-1,30,0,0,0,1,10,5,4,0,0,0,1,1,-1,-1,18,0,1932,-1,-1,-1,-1,-1,-1,4,0,0,0,0,0,5,0,15,4,7,41.93245229,-87.668249
2,355535,-1,30,2,0,0,1,0,5,-1,0,0,0,1,1,-1,1,-1,-1,631,-1,-1,-1,-1,-1,-1,2,1,0,0,1,0,1,0,15,4,7,41.74412133,-87.6020954
3,355177,-1,30,0,0,0,1,9,2,4,0,0,0,1,1,-1,-1,17,-1,2033,-1,-1,-1,-1,-1,-1,2,1,0,1,0,0,4,0,15,4,7,41.970178,-87.65984901
2,355132,-1,30,1,2,0,1,10,2,2,0,0,0,1,1,-1,-1,18,-1,2033,-1,-1,-1,-1,-1,-1,2,4,0,0,2,2,1,0,15,4,7,41.96914762,-87.6588631
0,355102,-1,30,0,0,0,1,2,5,2,0,0,-1,0,-1,-1,-1,25,-1,1512,-1,-1,-1,-1,-1,-1,1,0,0,0,0,0,1,0,15,4,7,41.88702573,-87.76524987
0,355225,-1,30,2,2,0,1,14,5,-1,0,0,0,1,1,-1,-1,17,0,2212,-1,-1,-1,-1,-1,-1,2,0,0,0,0,0,2,0,15,4,7,41.67739601,-87.67525189
0,355208,-1,30,1,2,0,1,14,3,4,0,0,0,0,1,-1,-1,0,0,1231,-1,-1,-1,-1,-1,-1,2,0,0,0,0,0,2,0,15,4,7,41.86694006,-87.66653243
0,355179,-1,30,0,0,0,1,7,5,-1,0,0,0,0,-1,-1,1,0,0,1933,-1,-1,-1,-1,-1,-1,2,0,0,0,0,0,1,0,15,4,7,41.93475838,-87.66157417
0,355110,-1,30,1,2,0,1,10,5,4,0,-1,-1,0,1,-1,-1,18,18,1921,-1,-1,-1,-1,-1,-1,2,0,0,0,0,0,2,0,15,4,7,41.94681992,-87.68840666
0,355098,-1,30,0,0,0,1,12,5,-1,0,0,0,0,-1,-1,-1,0,0,813,-1,-1,-1,-1,-1,-1,2,0,0,0,0,0,3,0,15,4,7,41.78953063,-87.72320717
0,355094,-1,30,1,-1,0,1,10,3,6,0,0,-1,0,1,-1,-1,0,0,111,-1,-1,-1,-1,-1,-1,2,0,0,0,0,0,2,0,15,4,7,41.885849,-87.62466256
0,355084,-1,30,1,2,0,1,10,2,-1,0,-1,-1,0,-1,-1,1,0,-1,2432,-1,-1,-1,-1,-1,-1,2,0,0,0,0,0,2,0,15,4,7,41.99958899,-87.66082599
0,355286,-1,30,1,2,0,1,14,5,4,0,0,-1,0,1,-1,-1,0,0,1135,-1,-1,-1,-1,-1,-1,2,0,0,0,0,0,4,0,15,4,7,41.8738459,-87.68638129
0,355155,-1,25,0,0,0,1,2,2,2,0,0,0,0,-1,1,-1,33,0,1935,-1,-1,-1,-1,-1,-1,1,0,0,0,0,0,1,0,15,4,7,41.92624085,-87.64966265
0,355127,-1,30,0,0,0,1,7,6,1,0,0,0,1,-1,-1,1,-1,14,713,-1,-1,-1,-1,-1,-1,3,0,0,0,0,0,1,0,15,4,7,41.78968115,-87.65612132
0,355233,-1,30,0,0,0,1,10,5,2,0,0,0,0,-1,-1,-1,18,-1,1712,-1,-1,-1,-1,-1,-1,2,0,0,0,0,0,2,0,15,4,7,41.96813894,-87.74770001
0,355129,-1,0,0,0,0,1,12,-1,-1,0,-1,-1,0,-1,-1,-1,0,-1,1224,-1,-1,-1,-1,-1,-1,2,0,0,0,0,0,2,0,15,4,7,41.88177941,-87.65438027
0,355199,-1,30,0,0,0,1,7,5,-1,0,0,0,0,-1,-1,1,0,0,1724,-1,-1,-1,-1,-1,-1,2,0,0,0,0,0,1,0,15,4,7,41.96035817,-87.70836726
0,355217,-1,5,0,0,0,1,7,7,1,0,0,0,0,-1,1,1,20,11,2533,-1,-1,-1,-1,-1,-1,2,0,0,0,0,0,2,0,15,4,7,41.90940466,-87.75476387
2,355055,-1,20,0,0,0,1,8,12,-1,0,0,0,1,-1,-1,-1,0,0,915,-1,-1,-1,-1,-1,-1,2,1,0,0,1,0,1,0,15,4,7,41.83806,-87.63665959
0,355365,-1,30,0,0,0,1,7,5,4,0,0,0,0,-1,-1,1,22,22,225,-1,-1,-1,-1,-1,-1,2,0,0,0,0,0,1,0,15,4,7,41.79414817,-87.62914861
2,355137,-1,10,0,0,0,1,7,7,-1,0,0,0,1,-1,1,-1,0,-1,1632,-1,-1,-1,-1,-1,-1,2,1,0,0,1,0,0,0,15,4,7,41.95656532,-87.78904831
0,355086,1,30,-1,-1,-1,-1,0,5,-1,0,-1,-1,0,-1,-1,1,0,0,1135,-1,-1,-1,-1,-1,-1,2,0,0,0,0,0,2,0,15,4,7,41.87390241,-87.69622525
0,355050,-1,30,0,0,0,1,0,5,-1,0,0,0,0,-1,-1,-1,0,0,1622,-1,-1,-1,-1,-1,-1,2,0,0,0,0,0,2,0,15,4,7,41.98288894,-87.7842611