MOST_SEVERE_INJURY,RD_NO,CRASH_DATE_EST_I,POSTED_SPEED_LIMIT,TRAFFIC_CONTROL_DEVICE,DEVICE_CONDITION,WEATHER_CONDITION,LIGHTING_CONDITION,FIRST_CRASH_TYPE,TRAFFICWAY_TYPE,LANE_CNT,ALIGNMENT,ROADWAY_SURFACE_COND,ROAD_DEFECT,CRASH_TYPE,INTERSECTION_RELATED_I,NOT_RIGHT_OF_WAY_I,HIT_AND_RUN_I,PRIM_CONTRIBUTORY_CAUSE,SEC_CONTRIBUTORY_CAUSE,BEAT_OF_OCCURRENCE,PHOTOS_TAKEN_I,STATEMENTS_TAKEN_I,DOORING_I,WORK_ZONE_I,WORK_ZONE_TYPE,WORKERS_PRESENT_I,NUM_UNITS,INJURIES_TOTAL,INJURIES_FATAL,INJURIES_INCAPACITATING,INJURIES_NON_INCAPACITATING,INJURIES_REPORTED_NOT_EVIDENT,INJURIES_NO_INDICATION,INJURIES_UNKNOWN,CRASH_HOUR,CRASH_DAY_OF_WEEK,CRASH_MONTH,LATITUDE,LONGITUDE
2,355083,-1,35,2,2,0,1,0,3,4,0,0,0,1,1,1,-1,17,-1,231,-1,-1,-1,-1,-1,-1,2,2,0,0,2,0,0,0,14,4,7,41.79431368,-87.61913215
0,355070,-1,30,2,0,0,1,12,6,1,0,0,0,0,0,-1,-1,0,-1,1614,-1,-1,-1,-1,-1,-1,2,0,0,0,0,0,3,0,14,4,7,41.97493621,-87.84640644
0,355027,-1,30,1,2,0,1,12,5,-1,0,0,0,0,1,-1,-1,22,-1,314,-1,-1,-1,-1,-1,-1,2,0,0,0,0,0,3,0,14,4,7,41.78067672,-87.59147113
2,355052,1,30,2,12,0,1,0,6,-1,2,0,0,1,1,-1,-1,17,17,224,-1,0,-1,-1,-1,-1,2,3,0,0,3,0,1,0,14,4,7,41.807373,-87.62293056
0,355095,-1,25,0,0,0,1,14,5,2,0,0,0,0,-1,-1,-1,21,-1,1611,-1,-1,-1,-1,-1,-1,2,0,0,0,0,0,2,0,14,4,7,42.00373858,-87.81675058
0,355058,-1,30,3,0,0,1,12,12,3,0,0,0,0,-1,-1,-1,22,23,1414,-1,-1,-1,-1,-1,-1,2,0,0,0,0,0,2,0,14,4,7,41.92790891,-87.70573942
0,355047,-1,30,0,0,0,1,12,5,-1,0,0,-1,0,-1,-1,1,17,-1,1622,-1,-1,-1,-1,-1,-1,2,0,0,0,0,0,2,0,14,4,7,41.96843392,-87.78786656
0,355196,-1,35,0,0,0,1,12,3,4,2,0,0,0,-1,-1,-1,0,0,2232,-1,-1,-1,-1,-1,-1,2,0,0,0,0,0,2,0,14,4,7,41.70654082,-87.64296852
0,355046,-1,30,1,2,0,1,10,2,-1,0,0,0,0,-1,-1,-1,0,0,2514,-1,-1,-1,-1,-1,-1,2,0,0,0,0,0,2,0,14,4,7,41.93837339,-87.76634549
0,355039,-1,20,1,2,0,1,7,5,2,0,0,0,0,-1,-1,-1,22,-1,715,-1,-1,-1,-1,-1,-1,2,0,0,0,0,0,1,0,14,4,7,41.79047451,-87.67434889
-1,355016,-1,30,0,0,0,1,10,5,4,0,0,0,1,-1,-1,-1,18,0,131,-1,-1,-1,-1,-1,-1,-1,-1,-1,-1,-1,-1,-1,-1,14,4,7,41.85388799,-87.62566805
0,355075,-1,30,-1,-1,-1,-1,7,7,-1,0,0,-1,0,-1,-1,-1,0,-1,1034,-1,-1,-1,-1,-1,-1,2,0,0,0,0,0,2,0,14,4,7,41.8446414,-87.69075406
0,355105,-1,30,1,2,0,1,14,2,4,2,0,0,0,-1,-1,0,17,16,2213,-1,-1,-1,-1,-1,-1,2,0,0,0,0,0,2,0,14,4,7,41.7150098,-87.68173595
0,355006,-1,30,0,3,0,1,7,6,1,0,0,-1,0,-1,-1,1,25,35,632,-1,-1,-1,-1,-1,-1,2,0,0,0,0,0,1,0,14,4,7,41.73546602,-87.62082134
2,355003,-1,30,1,2,0,1,8,5,2,0,0,0,1,-1,-1,-1,0,0,2012,-1,-1,1,-1,-1,-1,2,1,0,0,1,0,2,0,14,4,7,41.97607494,-87.67955246
1,356551,-1,30,-1,-1,-1,-1,8,5,2,0,-1,-1,1,-1,-1,-1,0,0,1213,-1,-1,1,-1,-1,-1,2,1,0,0,0,1,1,0,14,4,7,41.89992692,-87.660888
0,355122,-1,30,0,0,0,1,14,2,2,0,0,-1,0,-1,-1,-1,0,-1,424,-1,-1,-1,-1,-1,-1,2,0,0,0,0,0,2,0,14,4,7,41.73755491,-87.54648617
0,361770,-1,35,0,0,-1,1,10,5,-1,0,0,0,0,-1,-1,-1,0,-1,1612,-1,-1,-1,-1,-1,-1,2,0,0,0,0,0,2,0,14,4,7,41.9828152,-87.80708917
1,354971,-1,30,0,0,0,1,9,2,-1,0,0,0,1,-1,-1,-1,0,-1,1712,-1,-1,-1,-1,-1,-1,2,1,0,0,0,1,1,0,14,4,7,41.96830042,-87.73256587
2,355008,-1,35,1,2,0,1,0,6,-1,0,0,0,1,1,-1,-1,3,-1,1132,-1,-1,-1,-1,-1,-1,2,2,0,0,2,0,2,0,14,4,7,41.8742845,-87.7304923
0,354976,-1,30,1,2,0,1,14,6,-1,0,0,0,0,-1,-1,-1,17,0,122,-1,-1,-1,-1,-1,-1,2,0,0,0,0,0,2,0,14,4,7,41.88317627,-87.63519482
2,354964,-1,30,1,2,0,1,8,1,4,0,0,0,1,1,-1,-1,6,0,2524,-1,-1,-1,-1,-1,-1,2,1,0,0,1,0,1,0,14,4,7,41.92459457,-87.72671052
0,355028,-1,30,1,2,0,1,10,5,-1,0,0,0,0,-1,-1,-1,0,-1,1812,-1,-1,-1,-1,-1,-1,2,0,0,0,0,0,2,0,13,4,7,41.92117274,-87.64299966
0,355022,-1,30,0,0,0,1,10,5,-1,0,0,0,0,-1,-1,-1,0,0,122,-1,-1,-1,-1,-1,-1,2,0,0,0,0,0,2,0,13,4,7,41.88457553,-87.6345269
0,354965,-1,30,0,0,0,1,11,7,-1,0,0,0,0,-1,1,-1,0,0,915,-1,-1,-1,-1,-1,-1,2,0,0,0,0,0,2,0,13,4,7,41.83794675,-87.64537592
1,354957,-1,30,0,0,0,1,10,5,-1,0,-1,-1,1,-1,-1,1,18,-1,915,-1,-1,-1,-1,-1,-1,2,2,0,0,0,2,2,0,13,4,7,41.83246061,-87.64142004
0,354997,-1,30,1,2,0,1,10,5,-1,0,0,0,0,-1,-1,-1,18,16,2522,-1,-1,-1,-1,-1,-1,3,0,0,0,0,0,3,0,13,4,7,41.92366715,-87.74613695
2,354962,-1,30,1,2,0,1,14,3,1,0,0,0,1,1,-1,-1,17,-1,1224,-1,-1,-1,-1,-1,-1,2,1,0,0,1,0,2,0,13,4,7,41.88164121,-87.66234899
0,354931,-1,30,1,2,0,1,12,6,5,0,0,0,0,1,-1,-1,0,-1,1831,-1,-1,-1,-1,-1,-1,2,0,0,0,0,0,2,0,13,4,7,41.89244415,-87.63720038
0,361975,-1,10,0,0,0,1,2,7,-1,0,-1,-1,0,-1,1,-1,0,-1,933,-1,-1,-1,-1,-1,-1,1,0,0,0,0,0,1,0,13,4,7,41.80881504,-87.64568295
2,359161,-1,30,1,2,0,1,14,6,-1,0,0,0,1,-1,-1,-1,0,-1,114,-1,-1,-1,-1,-1,-1,2,1,0,0,1,0,1,0,13,4,7,41.88102756,-87.61747874
0,355033,-1,30,1,2,0,1,14,12,-1,0,0,0,0,1,-1,-1,0,0,914,-1,-1,-1,-1,-1,-1,2,0,0,0,0,0,2,0,13,4,7,41.85275332,-87.63130038
0,354967,-1,10,0,0,0,1,14,7,1,2,0,0,0,-1,-1,-1,16,17,2211,-1,-1,-1,-1,-1,-1,2,0,0,0,0,0,2,0,13,4,7,41.71314689,-87.71531465
0,254951,-1,30,0,0,0,1,12,6,2,0,0,0,1,-1,-1,1,0,-1,2011,-1,-1,-1,-1,-1,-1,4,0,0,0,0,0,2,0,13,4,7,41.98436531,-87.69570095
2,355007,-1,25,0,0,0,1,12,5,2,0,0,0,1,-1,-1,-1,20,-1,1922,-1,-1,-1,-1,-1,-1,2,1,0,0,1,0,1,0,13,4,7,41.94631493,-87.66414276
0,354916,-1,30,0,0,0,1,14,5,-1,0,0,0,1,-1,-1,-1,0,0,215,-1,-1,-1,-1,-1,-1,2,0,0,0,0,0,2,0,13,4,7,41.80977665,-87.62624673
1,354947,-1,30,0,0,0,1,10,2,2,0,0,0,1,-1,-1,-1,18,-1,1432,-1,-1,-1,-1,-1,-1,2,2,0,0,0,2,1,0,13,4,7,41.9194909,-87.67783011
1,354883,-1,35,0,0,0,1,10,2,-1,0,0,0,1,-1,-1,-1,18,-1,834,-1,1,-1,-1,-1,-1,2,1,0,0,0,1,1,0,13,4,7,41.74279441,-87.712553
0,354903,-1,30,-1,-1,0,1,12,5,2,0,-1,-1,1,-1,-1,-1,12,-1,1915,-1,-1,-1,-1,-1,-1,2,0,0,0,0,0,2,0,13,4,7,41.95845951,-87.65287375
0,355222,-1,5,0,0,0,1,7,7,0,0,0,0,0,-1,1,1,0,-1,1034,-1,-1,-1,-1,-1,-1,2,0,0,0,0,0,1,0,13,4,7,41.84111499,-87.68513204
0,354920,-1,10,-1,-1,0,1,14,7,-1,0,0,-1,0,-1,-1,-1,0,0,833,-1,-1,-1,-1,-1,-1,2,0,0,0,0,0,3,0,12,4,7,41.75466012,-87.74138476
0,354891,-1,30,1,2,0,1,12,5,-1,0,0,0,0,1,-1,1,0,0,121,-1,-1,-1,-1,-1,-1,2,0,0,0,0,0,2,0,12,4,7,41.88475034,-87.64142813
0,354914,-1,30,1,2,0,1,12,5,-1,0,0,0,0,-1,-1,1,11,-1,111,-1,-1,-1,-1,-1,-1,2,0,0,0,0,0,2,0,12,4,7,41.88452056,-87.62805828
4,354852,-1,25,0,0,0,1,9,12,-1,0,0,0,1,-1,-1,-1,0,-1,1031,-1,-1,-1,-1,-1,-1,2,1,1,0,0,0,1,0,12,4,7,41.8427544,-87.72708764
0,354847,-1,30,0,0,0,1,12,2,4,0,0,0,0,-1,-1,1,14,0,413,-1,-1,-1,-1,-1,-1,2,0,0,0,0,0,2,0,12,4,7,41.72259037,-87.57437449
0,364555,-1,30,2,2,0,1,0,6,1,0,0,0,0,-1,-1,-1,20,21,234,-1,-1,-1,-1,-1,-1,2,0,0,0,0,0,2,0,12,4,7,41.79958436,-87.58807231
0,354860,-1,30,2,2,0,1,0,2,0,0,0,0,1,1,-1,-1,17,16,1214,-1,-1,-1,-1,-1,-1,2,0,0,0,0,0,2,0,12,4,7,41.8900779,-87.64775609
2,354855,-1,30,0,0,0,1,2,3,-1,0,0,0,1,-1,-1,-1,12,-1,914,-1,-1,-1,-1,-1,-1,1,1,0,0,1,0,0,0,12,4,7,41.85275757,-87.63095287
0,355077,-1,30,0,0,0,1,14,5,-1,0,0,0,0,-1,-1,-1,0,-1,1434,-1,-1,-1,-1,-1,-1,2,0,0,0,0,0,3,0,12,4,7,41.91041384,-87.68707644
0,354826,1,30,2,2,0,1,2,2,2,0,0,0,0,1,-1,-1,13,0,1633,-1,-1,-1,-1,-1,-1,1,0,0,0,0,0,2,0,12,4,7,41.95310073,-87.76465693
0,354986,-1,30,1,2,0,1,14,5,-1,0,0,0,0,1,-1,-1,-1,-1,235,-1,-1,-1,-1,-1,-1,2,0,0,0,0,0,2,0,12,4,7,41.78780596,-87.60602263
0,354819,-1,30,2,2,0,1,14,2,-1,0,0,0,1,1,-1,-1,17,-1,834,-1,1,-1,-1,-1,-1,2,0,0,0,0,0,4,0,12,4,7,41.7422076,-87.71314048
0,354800,-1,30,1,2,0,1,3,5,2,0,0,0,1,-1,-1,-1,22,11,122,-1,1,-1,-1,-1,-1,2,0,0,0,0,0,2,0,12,4,7,41.87671554,-87.63524703
0,354806,-1,35,0,0,0,1,7,3,-1,0,0,0,0,-1,-1,-1,8,-1,131,-1,-1,-1,-1,-1,-1,2,0,0,0,0,0,1,0,12,4,7,41.86511651,-87.62722609
0,355113,-1,30,0,0,0,1,10,12,-1,0,0,-1,0,-1,-1,-1,20,0,623,-1,-1,-1,-1,-1,-1,2,0,0,0,0,0,2,0,12,4,7,41.75091814,-87.62469012
1,354835,-1,25,2,1,0,1,10,5,2,0,0,0,1,-1,-1,-1,0,0,1531,-1,-1,-1,-1,-1,-1,2,3,0,0,0,3,2,0,12,4,7,41.90032731,-87.75558393
0,354810,-1,30,0,0,0,1,14,2,4,0,-1,-1,0,-1,-1,-1,11,11,1612,-1,-1,-1,-1,-1,-1,2,0,0,0,0,0,2,0,12,4,7,41.99582525,-87.80509745
0,355092,-1,10,0,0,0,1,7,7,-1,0,-1,-1,0,-1,1,1,0,-1,1034,-1,-1,-1,-1,-1,-1,2,0,0,0,0,0,1,0,12,4,7,41.84111499,-87.68513204
0,354896,-1,30,0,0,0,1,12,5,4,0,0,0,0,-1,-1,-1,22,-1,323,-1,-1,-1,-1,-1,-1,2,0,0,0,0,0,2,0,12,4,7,41.76546457,-87.62192751
0,354788,-1,30,1,2,0,1,14,5,4,0,0,0,1,1,-1,-1,17,23,2431,-1,-1,-1,-1,-1,-1,2,0,0,0,0,0,2,0,12,4,7,42.00789222,-87.6618154
0,354849,-1,30,0,0,0,1,7,6,1,0,0,0,0,-1,-1,-1,-1,-1,512,-1,-1,-1,-1,-1,-1,2,0,0,0,0,0,1,0,11,4,7,41.70028536,-87.6267575
0,354930,-1,30,0,0,0,1,7,0,-1,0,0,0,0,-1,-1,-1,11,-1,1034,-1,-1,-1,-1,-1,-1,2,0,0,0,0,0,1,0,11,4,7,41.83933226,-87.68508128
0,355357,-1,30,0,0,0,1,7,0,-1,0,0,0,0,-1,-1,-1,0,0,1821,-1,-1,-1,-1,-1,-1,2,0,0,0,0,0,1,0,11,4,7,41.90397493,-87.63277694
0,354980,-1,30,0,0,0,1,12,5,2,0,-1,-1,0,-1,-1,-1,17,17,1424,-1,-1,-1,-1,-1,-1,2,0,0,0,0,0,2,0,11,4,7,41.91042608,-87.67419513
0,354803,-1,15,0,0,0,1,7,7,-1,0,0,0,0,-1,1,-1,11,-1,1411,-1,-1,-1,-1,-1,-1,2,0,0,0,0,0,2,0,11,4,7,41.93882041,-87.69795214
0,354885,-1,30,0,0,0,1,12,2,-1,0,0,0,0,-1,-1,-1,11,11,1411,-1,-1,-1,-1,-1,-1,2,0,0,0,0,0,4,0,11,4,7,41.93901442,-87.69766425
0,354862,-1,30,0,0,0,1,10,5,-1,0,0,0,0,-1,-1,-1,0,0,1723,-1,-1,-1,-1,-1,-1,2,0,0,0,0,0,2,0,11,4,7,41.95396568,-87.71296876
0,354844,-1,30,2,2,0,1,0,2,2,0,0,0,0,-1,-1,1,0,0,833,-1,-1,-1,-1,-1,-1,2,0,0,0,0,0,2,0,11,4,7,41.77155776,-87.7177987
0,354760,-1,30,12,12,0,1,7,7,2,0,0,-1,0,-1,-1,1,0,0,632,-1,-1,-1,-1,-1,-1,2,0,0,0,0,0,1,0,11,4,7,41.73855093,-87.60502361
0,354839,-1,30,0,0,0,1,10,5,4,0,0,0,0,-1,-1,-1,18,18,821,-1,-1,-1,-1,-1,-1,2,0,0,0,0,0,2,0,11,4,7,41.81538034,-87.72372185
0,354815,-1,30,1,2,0,1,14,6,0,0,0,0,0,1,-1,-1,23,-1,1832,-1,-1,-1,-1,-1,-1,2,0,0,0,0,0,2,0,11,4,7,41.89255997,-87.62943218
0,354780,-1,30,1,2,0,1,14,5,-1,0,0,0,0,-1,-1,-1,17,-1,833,-1,-1,-1,-1,-1,-1,2,0,0,0,0,0,6,0,11,4,7,41.75642075,-87.74145019
0,354755,-1,30,0,0,0,1,14,3,8,0,0,-1,0,-1,-1,-1,0,-1,1023,-1,-1,-1,-1,-1,-1,2,0,0,0,0,0,4,0,11,4,7,41.86356692,-87.68903847
0,354787,-1,30,1,2,0,1,12,5,4,0,0,0,0,-1,-1,-1,0,-1,123,-1,-1,-1,-1,-1,-1,2,0,0,0,0,0,2,0,11,4,7,41.87542939,-87.63380103
0,354716,-1,30,0,0,0,1,7,6,1,0,0,0,1,-1,1,-1,25,25,1111,-1,-1,-1,-1,-1,-1,2,0,0,0,0,0,1,0,11,4,7,41.8970481,-87.72997736
0,354728,-1,30,0,0,0,1,0,5,2,0,0,0,1,-1,-1,-1,17,17,1034,-1,-1,-1,-1,-1,-1,2,0,0,0,0,0,2,0,11,4,7,41.84113232,-87.68306883
1,354719,1,30,0,0,0,1,0,2,2,0,0,0,1,-1,-1,1,17,0,1234,-1,-1,-1,-1,-1,-1,2,1,0,0,0,1,1,0,11,4,7,41.85493256,-87.66681633
0,354722,-1,35,0,0,0,1,12,3,-1,0,0,0,0,-1,-1,-1,11,-1,2232,-1,-1,-1,-1,-1,-1,2,0,0,0,0,0,2,0,11,4,7,41.70751437,-87.64299736
0,353356,-1,35,0,0,0,1,2,5,-1,0,0,0,0,-1,1,-1,22,-1,1712,-1,-1,-1,-1,-1,-1,1,0,0,0,0,0,1,0,11,4,7,41.96943329,-87.74208
0,354749,-1,15,0,0,0,1,7,7,-1,0,0,-1,0,-1,1,-1,0,0,511,-1,-1,-1,-1,-1,-1,2,0,0,0,0,0,1,0,10,4,7,41.71457403,-87.61383053
0,354704,-1,30,9,2,0,1,12,5,3,0,0,0,0,1,-1,-1,3,21,1513,-1,-1,-1,1,-1,-1,2,0,0,0,0,0,2,0,10,4,7,41.86583627,-87.764471
0,354673,-1,30,0,0,0,1,7,5,2,0,0,0,1,-1,-1,-1,2,0,1024,-1,-1,-1,-1,-1,-1,3,0,0,0,0,0,1,0,10,4,7,41.85161574,-87.70867309
0,354701,-1,30,2,2,0,1,12,6,1,0,0,0,1,1,-1,-1,17,0,324,-1,-1,-1,-1,-1,-1,2,0,0,0,0,0,2,0,10,4,7,41.76592217,-87.58062581
2,354686,-1,30,1,0,0,1,10,2,-1,0,0,0,1,-1,-1,-1,16,-1,623,-1,-1,-1,-1,-1,-1,3,1,0,0,1,0,8,0,10,4,7,41.75097875,-87.62925508
0,354685,-1,30,0,0,0,1,8,5,-1,0,0,0,0,-1,-1,-1,-1,-1,334,-1,-1,-1,1,2,-1,2,0,0,0,0,0,3,0,10,4,7,41.76217412,-87.55892746
0,354660,-1,35,0,0,0,1,10,5,-1,0,0,0,0,-1,-1,-1,0,0,1732,-1,-1,-1,-1,-1,-1,2,0,0,0,0,0,2,0,10,4,7,41.94105501,-87.72485735
0,354748,-1,30,0,0,0,1,14,3,-1,0,0,0,0,-1,-1,1,23,17,2221,-1,-1,-1,-1,-1,-1,2,0,0,0,0,0,2,0,10,4,7,41.72441436,-87.68202643
0,354638,-1,3,0,0,0,1,10,5,2,0,0,0,0,-1,-1,-1,0,0,1723,-1,-1,-1,-1,-1,-1,2,0,0,0,0,0,2,0,10,4,7,41.95556977,-87.72752398
0,354661,-1,30,0,0,0,1,4,5,4,0,0,0,1,-1,-1,-1,11,34,1022,-1,-1,-1,-1,-1,-1,1,0,0,0,0,0,1,0,10,4,7,41.85372665,-87.69929767
0,355587,-1,15,0,0,0,1,7,0,1,0,0,0,0,-1,-1,1,0,25,1123,-1,-1,-1,-1,-1,-1,2,0,0,0,0,0,1,0,10,4,7,41.8862952,-87.70712432
0,355206,-1,30,0,0,0,1,10,2,2,0,0,0,0,-1,-1,-1,0,-1,1822,-1,-1,-1,-1,-1,-1,2,0,0,0,0,0,2,0,10,4,7,41.9036435,-87.65520808
0,354726,-1,20,0,0,0,1,10,2,-1,0,0,0,0,0,-1,-1,12,12,912,-1,-1,-1,-1,-1,-1,2,0,0,0,0,0,4,0,10,4,7,41.82950146,-87.67999431
0,354670,-1,30,0,0,0,1,3,5,2,0,0,0,0,-1,-1,1,18,18,1531,-1,-1,-1,-1,-1,-1,2,0,0,0,0,0,4,0,10,4,7,41.90007875,-87.75067528
0,354624,-1,30,2,2,0,1,8,5,4,0,0,0,0,-1,-1,-1,18,0,1232,-1,-1,-1,-1,-1,-1,2,0,0,0,0,0,2,0,10,4,7,41.87185759,-87.6468729
0,354650,-1,30,1,2,0,4,14,3,4,0,0,0,0,1,-1,-1,17,-1,1224,-1,-1,-1,-1,-1,-1,2,0,0,0,0,0,2,0,9,4,7,41.88508676,-87.6670533
0,354606,-1,30,0,0,0,1,12,2,-1,0,0,0,0,-1,-1,1,22,-1,1232,-1,-1,-1,-1,-1,-1,2,0,0,0,0,0,2,0,9,4,7,41.87797667,-87.65204456
0,354636,-1,25,0,0,0,1,7,6,1,0,0,0,0,-1,-1,1,0,0,1122,-1,-1,-1,-1,-1,-1,2,0,0,0,0,0,1,0,9,4,7,41.8830807,-87.72291583
0,354711,-1,5,0,0,0,1,7,0,-1,0,0,0,1,-1,-1,1,15,16,423,-1,-1,-1,-1,-1,-1,2,0,0,0,0,0,3,0,9,4,7,41.73129867,-87.55143259
0,354587,-1,30,0,0,0,1,10,2,-1,0,0,0,0,-1,-1,-1,21,18,924,-1,-1,-1,-1,-1,-1,2,0,0,0,0,0,3,0,9,4,7,41.81013815,-87.66486727
0,354576,-1,30,0,0,0,1,12,3,4,0,0,0,0,-1,-1,-1,0,7,523,-1,-1,-1,-1,-1,-1,2,0,0,0,0,0,3,0,9,4,7,41.66132602,-87.64121031
0,354790,-1,30,1,2,0,1,12,3,6,0,0,0,0,-1,-1,-1,11,0,815,-1,-1,-1,-1,-1,-1,2,0,0,0,0,0,2,0,9,4,7,41.80753346,-87.74300342
0,354656,-1,30,1,2,0,1,12,5,-1,0,0,0,0,1,-1,1,17,-1,1633,-1,-1,-1,-1,-1,-1,2,0,0,0,0,0,2,0,9,4,7,41.9530184,-87.76684633
0,355068,-1,30,12,0,0,1,5,7,-1,3,0,2,0,-1,-1,-1,-1,-1,531,-1,-1,-1,-1,-1,-1,1,0,0,0,0,0,1,0,9,4,7,41.68559188,-87.60697253
0,354998,-1,30,1,2,0,1,10,3,2,0,0,0,0,-1,-1,-1,18,0,1834,-1,-1,-1,-1,-1,-1,2,0,0,0,0,0,2,0,9,4,7,41.89104457,-87.62037184
2,354575,1,30,0,0,0,1,3,5,4,0,0,0,1,-1,-1,-1,17,16,1611,-1,-1,-1,-1,-1,-1,4,2,0,0,2,0,2,0,9,4,7,42.01135739,-87.80678841
0,354578,-1,30,0,0,0,1,7,6,1,0,0,0,1,-1,-1,-1,27,22,1634,-1,-1,-1,-1,-1,-1,2,0,0,0,0,0,1,0,8,4,7,41.94311158,-87.76017158
1,354567,-1,30,1,2,0,1,8,5,0,0,0,0,1,1,-1,1,0,-1,1121,-1,-1,-1,-1,-1,-1,2,1,0,0,0,1,1,0,8,4,7,41.89822938,-87.7067546
0,354566,-1,30,2,2,0,1,12,3,4,0,0,0,0,-1,-1,-1,21,0,122,-1,-1,-1,-1,-1,-1,2,0,0,0,0,0,2,0,8,4,7,41.8859247,-87.63260143
0,356669,-1,40,1,-1,0,1,10,3,5,0,-1,0,0,-1,-1,-1,0,0,1824,-1,-1,-1,-1,-1,-1,2,0,0,0,0,0,2,0,8,4,7,41.90790787,-87.62549988
0,354737,-1,35,0,0,0,1,12,5,4,0,0,0,0,-1,-1,1,17,17,911,-1,-1,-1,-1,-1,-1,2,0,0,0,0,0,3,0,8,4,7,41.82803514,-87.70469773
0,359098,-1,15,0,0,0,1,0,2,2,0,0,0,0,-1,-1,-1,0,-1,1225,-1,-1,-1,-1,-1,-1,2,0,0,0,0,0,2,0,8,4,7,41.87146449,-87.68442656
0,354710,-1,30,0,0,0,1,14,5,2,0,0,-1,0,-1,-1,-1,0,-1,1225,-1,-1,-1,-1,-1,-1,2,0,0,0,0,0,3,0,8,4,7,41.87124501,-87.68442036
0,354546,-1,25,0,0,0,1,7,6,1,0,0,0,1,-1,-1,-1,0,-1,2432,-1,-1,-1,-1,-1,-1,2,0,0,0,0,0,1,0,8,4,7,42.00183803,-87.67043185
0,354548,-1,30,1,2,0,1,12,2,4,0,0,0,0,-1,-1,-1,22,-1,1834,-1,-1,-1,-1,-1,-1,2,0,0,0,0,0,2,0,8,4,7,41.89260504,-87.61756716
0,354955,-1,30,0,0,0,1,11,7,-1,0,0,0,0,-1,-1,-1,0,-1,1522,-1,-1,-1,-1,-1,-1,2,0,0,0,0,0,2,0,8,4,7,41.87090822,-87.75742782
0,354533,-1,30,0,0,0,1,14,5,2,0,0,0,0,-1,-1,-1,0,0,2433,-1,-1,-1,-1,-1,-1,2,0,0,0,0,0,4,0,8,4,7,41.99628676,-87.66956993
0,354530,-1,30,1,2,0,1,10,2,-1,0,0,0,0,-1,-1,-1,16,16,2222,-1,-1,-1,-1,-1,-1,2,0,0,0,0,0,2,0,8,4,7,41.72147824,-87.65069426
0,354528,-1,30,2,2,0,1,0,2,2,0,0,0,1,1,-1,-1,17,0,433,-1,-1,-1,-1,-1,-1,4,0,0,0,0,0,2,0,8,4,7,41.65908184,-87.55557505
2,354602,-1,30,1,2,0,1,12,6,3,0,0,0,1,-1,-1,-1,17,-1,121,-1,-1,-1,-1,-1,-1,2,1,0,0,1,0,2,0,8,4,7,41.88558742,-87.63971374
0,354508,-1,30,1,2,0,1,12,6,3,0,0,0,1,1,-1,-1,22,21,1832,-1,-1,-1,-1,-1,-1,2,0,0,0,0,0,2,0,8,4,7,41.89251035,-87.63312845
0,354484,1,30,0,0,0,1,7,5,-1,0,0,0,1,-1,-1,-1,16,0,513,-1,-1,-1,-1,-1,-1,3,0,0,0,0,0,1,0,8,4,7,41.6981481,-87.60877316
0,354558,-1,30,1,2,0,1,10,5,-1,0,0,0,0,-1,-1,1,17,-1,1112,-1,-1,-1,-1,-1,-1,2,0,0,0,0,0,2,0,8,4,7,41.89881849,-87.72604114
0,354502,-1,30,2,2,0,1,8,5,-1,0,0,0,0,1,-1,-1,33,11,1212,-1,-1,1,-1,-1,-1,2,0,0,0,0,0,2,0,8,4,7,41.90155985,-87.67239785
0,354549,-1,30,2,2,0,1,14,5,2,0,0,0,1,1,-1,-1,17,-1,1214,-1,-1,-1,-1,-1,-1,3,0,0,0,0,0,4,0,8,4,7,41.8919185,-87.64849222
0,354510,-1,30,0,0,0,1,14,5,2,0,0,0,1,-1,-1,-1,23,17,2522,-1,1,-1,-1,-1,-1,2,0,0,0,0,0,2,0,8,4,7,41.92354969,-87.74613388
0,363446,-1,30,1,2,0,1,14,5,-1,0,0,0,0,-1,-1,-1,23,-1,124,-1,-1,-1,-1,-1,-1,2,0,0,0,0,0,2,0,8,4,7,41.86565533,-87.63905099
0,356069,-1,30,0,0,0,1,7,7,2,0,0,0,0,-1,1,0,-1,-1,133,-1,-1,-1,-1,-1,-1,2,0,0,0,0,0,1,0,8,4,7,41.84357287,-87.62194688
0,355506,-1,30,0,0,0,1,12,5,-1,0,0,0,0,-1,-1,-1,0,-1,124,-1,-1,-1,-1,-1,-1,2,0,0,0,0,0,2,0,8,4,7,41.86565533,-87.63905099
0,355413,-1,30,1,2,0,1,10,2,4,0,0,0,0,-1,-1,-1,18,-1,924,-1,-1,-1,-1,-1,-1,2,0,0,0,0,0,2,0,8,4,7,41.82302766,-87.66574403
0,355280,-1,30,1,2,0,1,10,5,-1,0,0,0,0,1,-1,1,0,0,1022,-1,-1,-1,-1,-1,-1,2,0,0,0,0,0,2,0,8,4,7,41.862904,-87.70186655
0,354516,-1,30,1,2,0,1,10,2,-1,0,0,0,0,-1,-1,-1,18,16,1111,-1,-1,-1,-1,-1,-1,2,0,0,0,0,0,4,0,8,4,7,41.88918094,-87.7454525
0,354512,-1,30,1,2,0,1,0,5,6,0,0,0,0,-1,-1,-1,0,0,412,-1,-1,-1,-1,-1,-1,2,0,0,0,0,0,4,0,7,4,7,41.74419529,-87.57563925
0,366673,-1,30,0,0,0,1,0,7,2,0,0,0,0,-1,-1,-1,17,-1,1231,-1,-1,-1,-1,-1,-1,2,0,0,0,0,0,2,0,7,4,7,41.87503334,-87.668753