MOST_SEVERE_INJURY,RD_NO,CRASH_DATE_EST_I,POSTED_SPEED_LIMIT,TRAFFIC_CONTROL_DEVICE,DEVICE_CONDITION,WEATHER_CONDITION,LIGHTING_CONDITION,FIRST_CRASH_TYPE,TRAFFICWAY_TYPE,LANE_CNT,ALIGNMENT,ROADWAY_SURFACE_COND,ROAD_DEFECT,CRASH_TYPE,INTERSECTION_RELATED_I,NOT_RIGHT_OF_WAY_I,HIT_AND_RUN_I,PRIM_CONTRIBUTORY_CAUSE,SEC_CONTRIBUTORY_CAUSE,BEAT_OF_OCCURRENCE,PHOTOS_TAKEN_I,STATEMENTS_TAKEN_I,DOORING_I,WORK_ZONE_I,WORK_ZONE_TYPE,WORKERS_PRESENT_I,NUM_UNITS,INJURIES_TOTAL,INJURIES_FATAL,INJURIES_INCAPACITATING,INJURIES_NON_INCAPACITATING,INJURIES_REPORTED_NOT_EVIDENT,INJURIES_NO_INDICATION,INJURIES_UNKNOWN,CRASH_HOUR,CRASH_DAY_OF_WEEK,CRASH_MONTH,LATITUDE,LONGITUDE
0,354519,-1,0,2,2,0,1,10,2,2,0,0,0,0,-1,-1,1,0,-1,232,-1,-1,-1,-1,-1,-1,2,0,0,0,0,0,2,0,7,4,7,41.79104813,-87.61685708
0,354481,-1,35,1,2,0,1,14,5,-1,0,0,0,0,1,-1,-1,18,-1,1712,-1,-1,-1,-1,-1,-1,2,0,0,0,0,0,2,0,7,4,7,41.97590345,-87.72839175
0,355388,-1,30,1,2,0,1,10,5,4,0,0,0,0,1,-1,-1,18,-1,731,-1,-1,-1,-1,-1,-1,3,0,0,0,0,0,6,0,7,4,7,41.76554364,-87.62983591
0,354500,-1,5,1,2,0,1,12,7,2,0,0,0,0,1,-1,-1,20,0,1034,-1,-1,-1,-1,-1,-1,2,0,0,0,0,0,2,0,7,4,7,41.84330771,-87.68550216
0,354483,-1,30,0,0,0,1,10,2,2,0,0,0,1,-1,-1,-1,16,-1,1712,-1,-1,-1,-1,-1,-1,2,0,0,0,0,0,2,0,7,4,7,41.97613454,-87.72810399
0,354474,-1,30,1,2,0,1,8,12,-1,0,0,0,0,1,-1,-1,6,-1,123,-1,-1,-1,-1,-1,-1,2,0,0,0,0,0,2,0,7,4,7,41.87552686,-87.62782126
0,354634,-1,30,0,0,0,1,7,5,-1,0,0,0,0,-1,-1,1,0,0,2223,-1,-1,-1,-1,-1,-1,2,0,0,0,0,0,4,0,7,4,7,41.72162815,-87.63878766
2,354475,-1,30,2,2,0,1,9,2,2,0,0,0,1,-1,-1,-1,0,-1,2532,-1,-1,-1,-1,-1,-1,2,1,0,0,1,0,1,0,7,4,7,41.90233158,-87.75818693
0,356123,-1,30,1,1,0,1,2,5,-1,0,0,0,0,-1,-1,-1,18,18,632,-1,-1,-1,-1,-1,-1,2,0,0,0,0,0,3,0,7,4,7,41.73621242,-87.62401245
0,354811,-1,30,1,2,0,1,14,2,4,0,0,0,0,-1,-1,-1,17,23,922,-1,-1,-1,-1,-1,-1,2,0,0,0,0,0,2,0,7,4,7,41.81258702,-87.70400403
0,354680,1,30,0,0,0,-1,7,6,1,0,0,0,0,-1,-1,1,11,-1,331,-1,-1,-1,-1,-1,-1,2,0,0,0,0,0,1,0,7,4,7,41.76639131,-87.57189341
0,354453,-1,15,2,2,0,1,0,6,1,0,0,0,0,-1,-1,-1,0,0,2432,-1,-1,-1,-1,-1,-1,2,0,0,0,0,0,2,0,7,4,7,41.99813684,-87.66931871
0,354465,-1,30,1,2,0,1,14,2,2,0,0,0,0,1,-1,-1,23,16,1232,-1,-1,-1,-1,-1,-1,2,0,0,0,0,0,2,0,6,4,7,41.86712898,-87.64394391
0,354445,-1,15,0,0,0,1,7,7,1,0,0,0,0,-1,-1,-1,0,0,912,-1,-1,-1,-1,-1,-1,2,0,0,0,0,0,1,0,6,4,7,41.83646835,-87.6655669
0,355370,-1,30,1,2,0,1,12,5,-1,0,0,0,0,-1,-1,-1,17,-1,814,-1,-1,-1,-1,-1,-1,2,0,0,0,0,0,2,0,6,4,7,41.80753037,-87.74329682
0,354467,-1,25,0,0,0,1,0,6,1,0,0,0,0,-1,-1,-1,20,0,1914,-1,-1,-1,-1,-1,-1,2,0,0,0,0,0,2,0,6,4,7,41.96831877,-87.65340924
2,354437,-1,20,1,2,0,1,0,5,-1,0,0,-1,1,1,-1,-1,0,0,925,-1,-1,-1,-1,-1,-1,2,2,0,0,2,0,0,0,5,4,7,41.81639453,-87.63134009
0,354419,-1,30,1,2,0,1,0,5,2,0,0,0,0,1,-1,-1,6,-1,2524,-1,-1,-1,-1,-1,-1,2,0,0,0,0,0,3,0,5,4,7,41.92471241,-87.71705735
0,354415,-1,30,1,2,0,1,10,8,2,0,0,0,0,-1,-1,1,0,-1,912,-1,-1,-1,-1,-1,-1,2,0,0,0,0,0,2,0,5,4,7,41.83808182,-87.67556376
0,354414,-1,30,0,0,0,1,2,5,2,0,0,0,0,-1,1,-1,0,0,232,-1,-1,-1,-1,-1,-1,1,0,0,0,0,0,1,0,5,4,7,41.79082963,-87.62876525
0,354405,-1,30,0,0,0,3,2,5,-1,0,0,0,1,-1,-1,-1,0,0,1711,-1,-1,-1,-1,-1,-1,1,0,0,0,0,0,1,0,4,4,7,41.99046006,-87.71196967
0,354418,-1,30,0,0,0,1,7,5,-1,0,0,0,1,-1,-1,-1,27,27,2513,-1,-1,-1,-1,-1,-1,2,0,0,0,0,0,1,0,4,4,7,41.91598773,-87.79515083
0,356003,-1,30,0,0,0,0,2,5,-1,0,0,3,0,-1,1,1,20,-1,1513,1,-1,-1,-1,-1,-1,2,0,0,0,0,0,1,0,3,4,7,41.86746844,-87.76916194
0,354400,-1,30,0,0,0,3,7,5,-1,0,0,0,1,-1,-1,-1,0,22,322,-1,1,-1,-1,-1,-1,2,0,0,0,0,0,1,0,3,4,7,41.76907774,-87.62323043
0,354983,-1,30,1,-1,0,0,14,5,-1,0,0,-1,0,-1,-1,-1,23,0,835,-1,-1,-1,-1,-1,-1,2,0,0,0,0,0,2,0,3,4,7,41.76066858,-87.7028548
0,354389,-1,35,0,0,0,3,14,2,-1,0,0,0,0,-1,-1,-1,23,-1,313,-1,-1,-1,-1,-1,-1,2,0,0,0,0,0,2,0,3,4,7,41.78045968,-87.60944163
0,354358,-1,30,0,0,0,3,7,2,2,0,0,0,1,-1,-1,1,0,-1,1622,-1,-1,-1,-1,-1,-1,3,0,0,0,0,0,1,0,2,4,7,41.96057009,-87.76900428
0,354371,-1,30,1,2,0,0,0,5,2,0,0,0,0,1,-1,-1,17,-1,432,-1,-1,-1,-1,-1,-1,2,0,0,0,0,0,4,0,1,4,7,41.70286278,-87.53995629
0,354362,-1,20,0,0,0,3,7,5,-1,0,0,0,1,-1,-1,1,14,16,533,-1,-1,-1,-1,-1,-1,3,0,0,0,0,0,1,0,1,4,7,41.65667411,-87.60498528
0,354360,1,30,0,2,0,3,10,1,4,0,0,0,0,-1,-1,-1,25,-1,621,-1,1,-1,-1,-1,-1,3,0,0,0,0,0,2,0,1,4,7,41.75054956,-87.64418837
2,355777,-1,30,0,0,0,3,3,5,2,0,0,0,1,-1,-1,-1,32,0,2523,-1,-1,-1,-1,-1,-1,3,2,0,0,2,0,0,0,0,4,7,41.93768517,-87.73714114
3,354340,-1,30,0,0,0,3,3,5,2,0,0,0,1,-1,-1,-1,0,0,1612,-1,-1,-1,-1,-1,-1,2,2,0,1,1,0,0,0,0,4,7,41.98400625,-87.80707695
0,354309,-1,30,0,0,0,3,2,3,2,3,0,0,1,-1,-1,-1,16,7,1022,-1,-1,-1,-1,-1,-1,1,0,0,0,0,0,1,0,0,4,7,41.86456174,-87.70237825
0,354315,-1,20,12,12,0,3,7,6,1,0,0,0,1,-1,-1,-1,32,3,923,-1,-1,-1,-1,-1,-1,3,0,0,0,0,0,1,0,0,4,7,41.79729834,-87.70238024
2,354364,-1,30,0,0,0,3,8,12,-1,0,0,0,1,0,0,-1,17,-1,815,1,-1,-1,-1,-1,-1,2,1,0,0,1,0,1,0,23,3,7,41.7988666,-87.74234371
0,354287,-1,30,1,2,0,3,14,5,2,0,0,0,1,1,-1,-1,6,21,1215,-1,-1,-1,-1,-1,-1,2,0,0,0,0,0,5,0,23,3,7,41.8854749,-87.66280519
0,354310,-1,25,1,-1,0,3,14,3,2,0,0,0,0,1,-1,-1,17,23,1811,-1,-1,-1,-1,-1,-1,2,0,0,0,0,0,2,0,23,3,7,41.92510894,-87.66326346
0,354621,1,30,0,0,-1,-1,7,5,2,0,-1,0,0,-1,-1,1,0,0,2423,-1,-1,-1,-1,-1,-1,2,0,0,0,0,0,1,0,23,3,7,42.01289428,-87.66603342
0,354308,-1,30,0,0,0,3,12,3,-1,0,0,0,0,-1,-1,1,0,-1,1223,-1,-1,-1,-1,-1,-1,2,0,0,0,0,0,2,0,23,3,7,41.88215976,-87.67433018
0,354279,-1,30,0,0,0,3,10,12,1,0,0,0,0,-1,-1,-1,7,18,911,-1,-1,-1,-1,-1,-1,2,0,0,0,0,0,4,0,23,3,7,41.8229746,-87.6903884
0,354286,-1,30,0,0,0,3,2,5,2,0,0,0,1,-1,-1,-1,11,-1,1931,-1,-1,-1,-1,-1,-1,1,0,0,0,0,0,1,0,23,3,7,41.93223372,-87.67329825
0,357218,-1,30,1,-1,-1,3,8,1,2,0,-1,-1,0,1,-1,-1,0,-1,1933,-1,-1,-1,-1,-1,-1,2,0,0,0,0,0,2,0,23,3,7,41.93274653,-87.65392873
0,354293,-1,30,0,0,0,3,7,6,3,0,0,0,1,-1,-1,-1,32,27,1911,-1,-1,-1,-1,-1,-1,5,0,0,0,0,0,1,0,23,3,7,41.95768996,-87.67929549
0,356586,-1,0,0,0,-1,-1,12,-1,-1,0,-1,-1,0,-1,-1,-1,0,-1,1223,-1,-1,-1,-1,-1,-1,2,0,0,0,0,0,3,0,23,3,7,41.88124146,-87.67428253
0,354610,-1,30,0,0,0,3,7,5,1,0,0,0,0,-1,-1,-1,17,17,2211,-1,-1,-1,-1,-1,-1,2,0,0,0,0,0,1,0,23,3,7,41.69118392,-87.70554086
0,354261,-1,25,0,0,0,3,2,5,2,0,0,0,1,-1,-1,-1,11,-1,122,-1,-1,-1,-1,-1,-1,1,0,0,0,0,0,1,0,23,3,7,41.88525719,-87.6337698
0,354283,-1,30,-1,-1,0,4,12,5,-1,0,0,-1,0,1,-1,-1,21,22,1223,-1,-1,-1,-1,-1,-1,2,0,0,0,0,0,2,0,22,3,7,41.88007599,-87.67676042
0,354266,-1,30,2,2,0,3,14,6,2,0,0,0,0,-1,-1,1,22,25,623,-1,-1,-1,-1,-1,-1,2,0,0,0,0,0,4,0,22,3,7,41.75111814,-87.62130733
0,354249,-1,30,1,2,0,3,10,6,2,0,0,0,1,1,-1,1,25,16,623,-1,-1,-1,-1,-1,-1,2,0,0,0,0,0,2,0,22,3,7,41.75090392,-87.62567584
0,359208,-1,25,0,0,0,-1,12,7,-1,0,0,-1,0,-1,-1,1,0,0,211,-1,-1,-1,-1,-1,-1,2,0,0,0,0,0,2,0,22,3,7,41.83610217,-87.60802098
1,354233,-1,30,0,0,0,3,8,2,1,0,0,0,1,-1,-1,1,-1,-1,621,-1,-1,-1,-1,-1,-1,2,1,0,0,0,1,1,0,22,3,7,41.7505303,-87.64539867
0,354277,-1,30,1,2,0,0,10,5,-1,0,0,0,0,-1,-1,-1,0,0,815,-1,-1,-1,-1,-1,-1,2,0,0,0,0,0,2,0,22,3,7,41.79455974,-87.74289496
1,354197,-1,30,0,0,0,3,2,3,-1,0,0,0,1,-1,-1,-1,0,0,1213,-1,-1,-1,-1,-1,-1,1,1,0,0,0,1,0,0,21,3,7,41.89879936,-87.65676296
0,354284,-1,30,2,2,0,3,0,5,2,0,0,0,0,1,-1,-1,0,17,1031,-1,-1,-1,-1,-1,-1,2,0,0,0,0,0,2,0,21,3,7,41.83505304,-87.71956894
0,354230,-1,25,0,0,0,3,10,6,2,0,0,0,0,-1,-1,-1,20,0,511,-1,-1,-1,-1,-1,-1,2,0,0,0,0,0,2,0,21,3,7,41.72156629,-87.62516952
0,354210,-1,30,2,2,0,3,7,5,2,0,0,0,0,-1,-1,-1,16,-1,811,-1,-1,-1,-1,-1,-1,2,0,0,0,0,0,1,0,21,3,7,41.79779701,-87.79188012
2,354195,-1,30,1,2,0,3,14,1,5,0,0,0,1,1,-1,-1,18,0,815,-1,-1,-1,-1,-1,-1,2,3,0,0,3,0,1,0,21,3,7,41.79877804,-87.74289903
0,354201,-1,10,0,0,0,3,7,12,-1,0,0,0,1,-1,1,-1,32,20,2531,-1,-1,-1,-1,-1,-1,2,0,0,0,0,0,1,0,21,3,7,41.90209124,-87.77521789
0,354204,-1,25,0,0,0,3,7,6,1,0,0,0,1,-1,-1,1,21,16,1533,-1,-1,-1,-1,-1,-1,4,0,0,0,0,0,2,0,21,3,7,41.87595879,-87.74755275
0,354522,-1,15,0,0,0,3,2,0,1,0,0,0,0,-1,-1,-1,0,-1,722,-1,-1,-1,-1,-1,-1,1,0,0,0,0,0,1,0,21,3,7,41.76968928,-87.62842422
0,355103,1,30,-1,-1,-1,-1,7,-1,-1,0,-1,-1,0,-1,-1,1,0,-1,1424,-1,-1,-1,-1,-1,-1,2,0,0,0,0,0,1,0,21,3,7,41.90597311,-87.67080163
0,354209,-1,30,1,2,0,3,10,2,2,0,-1,1,0,-1,-1,1,18,16,1513,-1,-1,-1,-1,-1,-1,2,0,0,0,0,0,2,0,21,3,7,41.88118519,-87.77454568
0,354191,-1,30,-1,-1,0,-1,10,-1,2,0,-1,-1,0,-1,-1,1,16,0,1421,-1,-1,-1,-1,-1,-1,2,0,0,0,0,0,4,0,20,3,7,41.91028226,-87.70227396
0,354218,-1,30,0,0,0,3,7,6,-1,0,0,0,0,1,-1,-1,0,0,1221,-1,-1,-1,-1,-1,-1,2,0,0,0,0,0,3,0,20,3,7,41.89020976,-87.70386899
0,354247,-1,30,1,2,0,3,10,5,4,0,0,0,0,-1,-1,-1,7,0,1121,-1,-1,-1,-1,-1,-1,2,0,0,0,0,0,3,0,20,3,7,41.89539554,-87.71158663
0,354457,-1,30,0,0,0,1,7,5,2,0,0,0,0,-1,-1,1,20,-1,2234,-1,-1,-1,-1,-1,-1,2,0,0,0,0,0,2,0,20,3,7,41.69522226,-87.6505724
0,354137,-1,30,1,-1,0,3,14,5,4,0,0,0,1,-1,-1,1,0,-1,1432,-1,-1,-1,-1,-1,-1,2,0,0,0,0,0,2,0,19,3,7,41.92510226,-87.68053346
0,354935,-1,30,-1,-1,-1,-1,10,5,-1,0,-1,-1,0,-1,-1,-1,0,-1,1832,-1,-1,-1,-1,-1,-1,2,0,0,0,0,0,2,0,19,3,7,41.89489047,-87.6298719
0,354185,-1,30,0,0,0,1,10,5,-1,0,0,0,0,-1,-1,-1,0,-1,232,-1,-1,-1,-1,-1,-1,2,0,0,0,0,0,2,0,19,3,7,41.79107933,-87.61603439
0,354147,-1,30,0,0,0,1,14,5,2,0,0,12,0,-1,-1,-1,25,28,815,-1,-1,-1,1,2,-1,2,0,0,0,0,0,3,0,19,3,7,41.80793632,-87.72719706
2,354075,-1,30,2,2,0,1,10,3,4,0,0,0,1,-1,-1,-1,0,-1,123,-1,-1,-1,-1,-1,-1,2,1,0,0,1,0,3,0,19,3,7,41.87309549,-87.62434525
0,354100,-1,30,1,2,0,1,12,5,-1,0,0,0,0,-1,-1,1,0,0,414,-1,-1,-1,-1,-1,-1,2,0,0,0,0,0,2,0,19,3,7,41.75889467,-87.56651784
0,354071,0,30,1,-1,0,4,12,5,4,3,0,-1,0,1,-1,1,21,0,2433,-1,1,-1,-1,-1,-1,2,0,0,0,0,0,2,0,19,3,7,41.99072263,-87.6722886
0,354120,-1,10,0,0,0,4,7,5,2,0,0,0,0,-1,-1,-1,20,-1,923,-1,-1,-1,-1,-1,-1,2,0,0,0,0,0,1,0,19,3,7,41.80095797,-87.69048392
0,354155,-1,30,1,-1,-1,4,14,2,-1,0,-1,-1,0,-1,-1,-1,17,17,1621,-1,-1,-1,-1,-1,-1,2,0,0,0,0,0,2,0,19,3,7,41.9749398,-87.75101413
0,355743,1,30,1,2,0,1,7,5,4,0,0,0,0,-1,-1,0,27,11,1834,-1,-1,-1,-1,-1,-1,2,0,0,0,0,0,1,0,19,3,7,41.89165221,-87.62260381
0,354107,1,30,0,0,0,1,14,2,4,0,0,0,0,-1,-1,-1,25,14,731,-1,-1,-1,-1,-1,-1,2,0,0,0,0,0,2,0,19,3,7,41.76131364,-87.63003404
0,354049,-1,30,2,2,0,1,7,5,2,0,0,0,0,-1,-1,-1,-1,-1,1422,-1,-1,-1,-1,-1,-1,2,0,0,0,0,0,1,0,19,3,7,41.91541643,-87.71177646
2,354040,-1,35,0,0,0,1,14,5,2,0,0,3,1,1,-1,-1,0,0,1131,-1,-1,-1,-1,-1,-1,2,1,0,0,1,0,1,0,19,3,7,41.87330922,-87.74269056
0,353922,-1,35,1,2,0,1,14,1,6,0,0,0,1,1,-1,-1,17,16,632,-1,-1,-1,-1,-1,-1,2,0,0,0,0,0,4,0,19,3,7,41.74387382,-87.60517616
0,354000,-1,30,1,2,0,1,14,5,-1,0,0,0,0,1,-1,-1,6,-1,2413,-1,-1,-1,-1,-1,-1,2,0,0,0,0,0,2,0,19,3,7,41.99051232,-87.7062028
0,354203,-1,30,1,-1,-1,1,12,2,2,0,-1,-1,0,-1,-1,-1,0,-1,614,-1,-1,-1,-1,-1,-1,2,0,0,0,0,0,2,0,19,3,7,41.74662206,-87.66348933
0,354111,-1,30,0,0,0,1,7,5,2,0,0,0,0,-1,-1,1,0,0,235,-1,-1,-1,-1,-1,-1,2,0,0,0,0,0,1,0,19,3,7,41.79379657,-87.5805629
0,354048,-1,30,1,2,0,1,0,5,4,0,0,0,1,1,-1,-1,14,-1,1223,-1,-1,-1,-1,-1,-1,2,0,0,0,0,0,2,0,19,3,7,41.88233986,-87.67678799
0,354042,-1,30,0,0,0,4,10,5,-1,0,0,0,0,-1,-1,-1,18,-1,2521,-1,-1,-1,-1,-1,-1,2,0,0,0,0,0,2,0,19,3,7,41.92710799,-87.74655774
2,353989,-1,30,1,2,0,1,8,5,4,0,0,0,1,-1,-1,-1,17,-1,1012,-1,-1,-1,-1,-1,-1,2,1,0,0,1,0,1,0,18,3,7,41.85868185,-87.73488064
0,354167,-1,30,-1,-1,0,1,7,5,2,0,-1,-1,0,-1,-1,1,11,0,324,-1,-1,-1,-1,-1,-1,2,0,0,0,0,0,1,0,18,3,7,41.76415306,-87.58487278
0,353963,1,35,1,2,0,1,5,2,4,0,0,12,0,-1,-1,-1,0,-1,2023,-1,-1,-1,1,-1,-1,1,0,0,0,0,0,2,0,18,3,7,41.97650512,-87.65503188
0,353974,-1,30,0,0,0,1,2,12,1,0,0,0,0,-1,-1,-1,33,-1,624,-1,-1,-1,-1,-1,-1,1,0,0,0,0,0,2,0,18,3,7,41.75521198,-87.60149568
0,354017,-1,30,0,0,0,1,10,5,-1,0,0,0,0,-1,-1,1,0,0,1831,-1,-1,-1,-1,-1,-1,2,0,0,0,0,0,2,0,18,3,7,41.89601969,-87.63701394
0,354011,-1,30,0,0,0,1,0,5,-1,0,0,0,0,0,-1,-1,0,0,2522,-1,-1,-1,-1,-1,-1,2,0,0,0,0,0,2,0,18,3,7,41.92416564,-87.74492845
0,354026,-1,30,0,2,0,1,7,-1,-1,0,0,0,0,-1,-1,1,0,0,1911,-1,-1,-1,-1,-1,-1,2,0,0,0,0,0,1,0,18,3,7,41.96653307,-87.69143506
0,355001,-1,0,1,2,0,1,8,2,4,0,0,0,0,-1,-1,-1,0,0,221,-1,-1,-1,-1,-1,-1,2,0,0,0,0,0,2,0,18,3,7,41.81654679,-87.61664297
0,353969,-1,30,1,2,0,1,14,3,-1,0,0,0,0,-1,-1,-1,0,0,1513,-1,-1,-1,-1,-1,-1,2,0,0,0,0,0,2,0,18,3,7,41.87649011,-87.7648701
2,353982,-1,45,0,0,0,1,12,3,-1,0,0,0,1,-1,-1,1,22,-1,211,-1,-1,-1,-1,-1,-1,3,1,0,0,1,0,4,0,18,3,7,41.83496733,-87.60760193
0,355112,-1,30,0,0,0,1,7,5,-1,0,0,0,0,-1,-1,1,0,0,1813,-1,-1,-1,-1,-1,-1,2,0,0,0,0,0,1,0,18,3,7,41.91654592,-87.64254543
0,354561,-1,30,2,2,0,1,14,5,2,0,0,0,0,1,-1,-1,17,23,1633,-1,-1,-1,-1,-1,-1,2,0,0,0,0,0,2,0,18,3,7,41.94387755,-87.78614571
1,353975,-1,30,0,0,0,1,10,5,-1,0,0,0,1,-1,-1,-1,18,18,1621,-1,-1,-1,-1,-1,-1,2,1,0,0,0,1,2,0,18,3,7,42.0118989,-87.78126048
0,353992,-1,30,0,0,0,1,12,5,4,0,0,0,0,-1,-1,-1,17,0,511,-1,-1,-1,-1,-1,-1,2,0,0,0,0,0,2,0,18,3,7,41.72222373,-87.58560176
0,353941,-1,30,2,0,0,1,0,5,2,0,0,0,0,1,-1,-1,5,17,322,-1,-1,-1,-1,-1,-1,2,0,0,0,0,0,2,0,18,3,7,41.76747718,-87.61545181
0,354023,-1,10,0,0,0,1,2,4,-1,2,0,0,0,-1,1,1,-1,-1,1214,-1,-1,-1,-1,-1,-1,1,0,0,0,0,0,1,0,18,3,7,41.89079821,-87.64225168
0,353902,-1,30,0,0,0,1,10,2,1,0,0,3,0,-1,-1,-1,21,21,712,-1,-1,-1,-1,-1,-1,2,0,0,0,0,0,2,0,18,3,7,41.77978407,-87.64970295
0,355304,-1,30,0,0,0,1,7,7,-1,0,0,0,0,-1,-1,-1,21,21,133,-1,-1,-1,-1,-1,-1,2,0,0,0,0,0,1,0,18,3,7,41.84671696,-87.62336973
0,354062,-1,15,0,0,0,1,7,7,-1,0,0,0,0,-1,-1,1,0,-1,634,-1,-1,-1,-1,-1,-1,2,0,0,0,0,0,1,0,18,3,7,41.73616511,-87.62558757
0,354008,-1,30,1,0,0,1,0,5,-1,0,0,0,0,-1,-1,-1,0,0,2533,-1,-1,-1,-1,-1,-1,2,0,0,0,0,0,2,0,18,3,7,41.90969418,-87.74929565
0,353958,-1,30,0,0,0,1,7,5,-1,0,0,0,0,-1,-1,1,0,0,1623,-1,-1,-1,-1,-1,-1,2,0,0,0,0,0,1,0,18,3,7,41.96679711,-87.76729948
0,353907,-1,20,0,0,0,1,7,12,1,0,0,0,0,-1,-1,-1,-1,-1,724,-1,-1,-1,-1,-1,-1,2,0,0,0,0,0,1,0,18,3,7,41.77658994,-87.65306087
1,353888,-1,35,0,0,0,1,10,5,-1,0,0,0,1,-1,-1,-1,0,-1,814,-1,-1,-1,-1,-1,-1,2,1,0,0,0,1,1,0,17,3,7,41.79639379,-87.75726323
1,353906,-1,30,1,2,0,1,8,5,-1,0,0,0,1,1,-1,-1,22,0,1632,-1,1,-1,-1,-1,-1,2,1,0,0,0,1,1,0,17,3,7,41.94555292,-87.78636821
0,353900,-1,30,3,0,0,1,12,5,-1,4,0,0,0,-1,-1,-1,22,21,1822,-1,-1,-1,-1,-1,-1,2,0,0,0,0,0,3,0,17,3,7,41.89910985,-87.64773276
0,354081,-1,30,2,2,0,1,0,6,-1,0,0,-1,0,1,-1,-1,7,0,833,-1,-1,-1,-1,-1,-1,2,0,0,0,0,0,2,0,17,3,7,41.77140255,-87.71781852
0,353965,-1,30,1,2,0,1,14,5,-1,0,0,-1,0,1,-1,-1,17,-1,1722,-1,-1,-1,-1,-1,-1,2,0,0,0,0,0,2,0,17,3,7,41.96103576,-87.72976389
0,353884,-1,30,0,-1,0,1,14,2,2,0,0,0,0,-1,-1,-1,23,22,621,-1,-1,-1,-1,-1,-1,2,0,0,0,0,0,2,0,17,3,7,41.75073358,-87.64531962
0,371920,-1,30,0,0,0,1,14,2,2,0,0,-1,0,-1,-1,-1,0,-1,2411,-1,-1,-1,-1,-1,-1,2,0,0,0,0,0,2,0,17,3,7,42.0123891,-87.690378
2,353914,1,30,0,0,0,1,5,5,2,0,0,0,1,-1,1,-1,27,-1,1633,-1,-1,-1,-1,-1,-1,1,1,0,0,1,0,0,0,17,3,7,41.93906606,-87.76637054
0,360481,-1,30,1,2,0,1,10,5,4,0,0,0,0,-1,-1,1,18,16,1631,-1,-1,-1,-1,-1,-1,2,0,0,0,0,0,2,0,17,3,7,41.93763891,-87.83620975
0,353933,-1,30,0,0,0,1,12,5,-1,0,0,0,0,-1,-1,-1,0,-1,1211,-1,-1,-1,-1,-1,-1,2,0,0,0,0,0,2,0,17,3,7,41.89914785,-87.69986265
0,353895,-1,30,0,0,0,1,10,2,2,2,0,0,1,-1,-1,-1,0,-1,1214,-1,-1,-1,-1,-1,-1,3,0,0,0,0,0,4,0,17,3,7,41.88867553,-87.64771655
0,353885,-1,30,0,0,0,1,10,5,2,0,-1,-1,0,-1,-1,1,0,-1,1021,-1,-1,-1,-1,-1,-1,2,0,0,0,0,0,3,0,17,3,7,41.86072723,-87.71221217
2,353913,-1,30,2,2,0,1,9,5,2,0,0,0,1,-1,-1,-1,5,17,1123,-1,-1,-1,-1,-1,-1,2,1,0,0,1,0,2,0,17,3,7,41.88680953,-87.7110333
0,353912,-1,20,0,0,0,1,7,7,-1,0,0,0,0,-1,-1,1,16,0,1433,-1,-1,-1,-1,-1,-1,2,0,0,0,0,0,2,0,17,3,7,41.9062437,-87.66986228
0,353892,-1,30,1,2,0,1,12,3,6,0,0,0,0,1,-1,-1,22,0,114,-1,-1,-1,-1,-1,-1,2,0,0,0,0,0,3,0,17,3,7,41.88830615,-87.62435926
0,353947,-1,30,2,2,0,1,0,5,-1,0,0,0,0,-1,-1,-1,-1,-1,834,-1,-1,-1,-1,-1,-1,2,0,0,0,0,0,3,0,17,3,7,41.74221185,-87.71695568
0,353853,-1,30,1,2,0,1,10,2,-1,0,0,-1,0,-1,-1,-1,18,-1,1722,-1,-1,-1,-1,-1,-1,2,0,0,0,0,0,2,0,17,3,7,41.95355433,-87.74566755
2,353880,-1,25,2,2,0,1,14,5,-1,0,0,0,1,1,-1,-1,0,-1,1235,-1,-1,-1,-1,-1,-1,2,1,0,0,1,0,1,0,17,3,7,41.8565937,-87.65167484
0,353813,-1,25,0,0,0,1,14,5,-1,0,0,0,0,1,-1,-1,23,-1,2011,-1,-1,-1,-1,-1,-1,2,0,0,0,0,0,2,0,17,3,7,41.98408401,-87.69904331
0,353825,-1,25,0,0,0,1,9,5,2,0,0,0,0,-1,-1,-1,0,0,921,-1,-1,-1,-1,-1,-1,2,0,0,0,0,0,2,0,17,3,7,41.82188643,-87.68867752
0,355326,-1,30,1,2,0,1,10,5,2,0,0,0,0,-1,-1,-1,16,18,1032,-1,-1,-1,-1,-1,-1,2,0,0,0,0,0,2,0,17,3,7,41.84427444,-87.71484461
0,354992,-1,30,0,0,0,1,3,5,-1,0,0,-1,0,-1,-1,1,0,0,2424,-1,-1,-1,-1,-1,-1,2,0,0,0,0,0,2,0,17,3,7,42.00535695,-87.67584141
0,353911,-1,30,2,2,0,1,14,5,-1,0,0,-1,0,1,-1,-1,17,-1,1621,-1,-1,-1,-1,-1,-1,2,0,0,0,0,0,2,0,17,3,7,41.99571867,-87.76358938
0,353905,-1,30,1,2,0,1,12,5,2,0,0,0,0,1,-1,-1,17,-1,1811,-1,-1,-1,-1,-1,-1,2,0,0,0,0,0,4,0,17,3,7,41.91094876,-87.65315955
0,353870,-1,30,0,0,0,1,10,5,-1,0,-1,-1,0,-1,-1,1,18,-1,2534,-1,-1,-1,-1,-1,-1,2,0,0,0,0,0,2,0,17,3,7,41.9027139,-87.72645146
0,353838,-1,30,1,2,0,1,12,5,3,0,-1,-1,0,-1,-1,-1,21,22,1932,-1,-1,-1,-1,-1,-1,2,0,0,0,0,0,2,0,17,3,7,41.92542239,-87.65376057