MOST_SEVERE_INJURY,RD_NO,CRASH_DATE_EST_I,POSTED_SPEED_LIMIT,TRAFFIC_CONTROL_DEVICE,DEVICE_CONDITION,WEATHER_CONDITION,LIGHTING_CONDITION,FIRST_CRASH_TYPE,TRAFFICWAY_TYPE,LANE_CNT,ALIGNMENT,ROADWAY_SURFACE_COND,ROAD_DEFECT,CRASH_TYPE,INTERSECTION_RELATED_I,NOT_RIGHT_OF_WAY_I,HIT_AND_RUN_I,PRIM_CONTRIBUTORY_CAUSE,SEC_CONTRIBUTORY_CAUSE,BEAT_OF_OCCURRENCE,PHOTOS_TAKEN_I,STATEMENTS_TAKEN_I,DOORING_I,WORK_ZONE_I,WORK_ZONE_TYPE,WORKERS_PRESENT_I,NUM_UNITS,INJURIES_TOTAL,INJURIES_FATAL,INJURIES_INCAPACITATING,INJURIES_NON_INCAPACITATING,INJURIES_REPORTED_NOT_EVIDENT,INJURIES_NO_INDICATION,INJURIES_UNKNOWN,CRASH_HOUR,CRASH_DAY_OF_WEEK,CRASH_MONTH,LATITUDE,LONGITUDE
0,353836,1,15,0,0,0,1,7,5,1,0,0,0,0,-1,-1,1,-1,-1,913,-1,1,-1,-1,-1,-1,3,0,0,0,0,0,1,0,16,3,7,41.8345534,-87.64876723
2,353820,-1,30,0,0,0,1,7,5,2,0,0,0,1,-1,-1,-1,17,-1,2523,-1,-1,-1,-1,-1,-1,4,1,0,0,1,0,1,0,16,3,7,41.93749192,-87.71784095
0,353808,-1,30,1,2,0,1,10,3,-1,0,0,0,0,-1,-1,-1,0,0,1921,-1,-1,-1,-1,-1,-1,2,0,0,0,0,0,5,0,16,3,7,41.94663847,-87.68840281
0,353814,-1,30,1,0,0,1,10,5,-1,0,0,0,0,-1,-1,-1,18,-1,1233,-1,-1,-1,-1,-1,-1,2,0,0,0,0,0,2,0,16,3,7,41.86695147,-87.6568268
2,353889,-1,30,0,0,0,1,10,6,1,0,0,0,1,-1,-1,1,14,25,431,1,1,-1,-1,-1,-1,2,1,0,0,1,0,1,0,16,3,7,41.71784308,-87.5539179
0,353817,-1,30,0,0,0,1,10,5,-1,0,0,0,0,-1,-1,-1,11,11,522,-1,-1,-1,-1,-1,-1,2,0,0,0,0,0,2,0,16,3,7,41.68512637,-87.63142108
0,353796,-1,30,0,0,0,1,7,7,-1,0,0,0,0,-1,1,-1,0,-1,2533,-1,-1,-1,-1,-1,-1,2,0,0,0,0,0,2,0,16,3,7,41.90946348,-87.75019095
0,354083,-1,10,0,0,0,1,7,7,-1,0,0,0,0,-1,-1,-1,0,-1,411,-1,-1,-1,-1,-1,-1,2,0,0,0,0,0,1,0,16,3,7,41.74639304,-87.58600537
0,353797,-1,30,0,0,0,1,10,3,-1,0,0,-1,0,-1,-1,-1,0,0,1912,-1,-1,-1,-1,-1,-1,2,0,0,0,0,0,2,0,16,3,7,41.95769157,-87.66899864
0,353872,-1,30,1,0,0,1,12,5,4,0,0,0,0,-1,-1,1,22,-1,1611,-1,-1,-1,-1,-1,-1,2,0,0,0,0,0,2,0,16,3,7,41.99681181,-87.78754669
0,353864,-1,30,1,2,0,1,5,5,2,0,0,0,0,1,-1,1,3,-1,112,-1,-1,-1,-1,-1,-1,2,0,0,0,0,0,2,0,16,3,7,41.88080328,-87.62757704
2,353863,1,30,1,2,0,1,9,2,4,0,0,0,1,1,-1,1,0,-1,1712,-1,-1,-1,-1,-1,-1,2,1,0,0,1,0,1,0,16,3,7,41.96803936,-87.74028389
0,353832,-1,20,-1,-1,0,1,12,6,1,0,0,-1,0,-1,-1,-1,-1,-1,2412,-1,-1,-1,-1,-1,-1,2,0,0,0,0,0,2,0,16,3,7,41.9980729,-87.69492729
0,353828,-1,30,1,2,0,1,10,5,4,0,0,0,0,-1,-1,-1,18,-1,1235,-1,-1,-1,-1,-1,-1,2,0,0,0,0,0,2,0,16,3,7,41.85270351,-87.64931272
0,353819,-1,30,9,12,0,1,12,2,2,0,0,12,0,-1,-1,-1,17,0,114,-1,-1,-1,-1,-1,-1,2,0,0,0,0,0,2,0,16,3,7,41.88692363,-87.62055363
0,353799,-1,30,1,2,0,1,14,5,-1,0,0,0,0,1,-1,-1,0,0,312,-1,-1,-1,-1,-1,-1,2,0,0,0,0,0,5,0,16,3,7,41.77757543,-87.62542896
1,353781,-1,30,1,2,0,1,10,5,2,0,0,0,1,1,-1,-1,0,0,1123,-1,-1,-1,-1,-1,-1,2,3,0,0,0,3,2,0,16,3,7,41.88458347,-87.71097149
2,353854,-1,30,2,-1,0,1,8,5,0,0,-1,-1,1,1,-1,-1,-1,-1,234,-1,-1,-1,-1,-1,-1,2,1,0,0,1,0,1,0,16,3,7,41.79665571,-87.59052038
0,353767,-1,35,0,0,0,1,12,5,-1,0,0,0,0,-1,-1,1,22,-1,815,-1,-1,-1,-1,-1,-1,2,0,0,0,0,0,2,0,16,3,7,41.8181867,-87.7433186
0,354037,-1,45,0,0,0,1,12,3,8,0,0,-1,0,-1,-1,1,17,0,1824,-1,-1,-1,-1,-1,-1,2,0,0,0,0,0,3,0,16,3,7,41.90443131,-87.62462609
2,353769,-1,25,0,0,0,1,8,6,1,0,0,0,1,-1,-1,-1,-1,-1,1712,-1,-1,-1,-1,-1,-1,2,1,0,0,1,0,1,0,16,3,7,41.97689087,-87.71615141
0,353849,1,40,0,0,0,1,10,-1,3,0,0,-1,0,-1,-1,-1,33,-1,234,-1,-1,-1,-1,-1,-1,2,0,0,0,0,0,2,0,16,3,7,41.79796105,-87.58091488
0,353886,-1,30,0,0,0,1,12,6,-1,0,0,0,0,-1,-1,-1,17,-1,2412,-1,-1,-1,-1,-1,-1,2,0,0,0,0,0,2,0,16,3,7,41.99875113,-87.69494261
0,353826,-1,35,2,0,0,1,14,-1,-1,0,0,-1,0,1,-1,-1,5,-1,321,-1,-1,-1,-1,-1,-1,2,0,0,0,0,0,3,0,16,3,7,41.77302572,-87.60716705
1,353776,-1,30,1,2,0,1,0,5,-1,0,0,0,1,0,-1,-1,6,-1,1225,-1,-1,-1,-1,-1,-1,2,1,0,0,0,1,1,0,16,3,7,41.87490535,-87.6839445
0,353837,-1,30,0,0,0,1,12,5,-1,0,0,0,0,-1,-1,-1,0,-1,412,-1,-1,-1,-1,-1,-1,2,0,0,0,0,0,3,0,16,3,7,41.74403185,-87.59051035
0,353812,-1,30,2,2,0,1,7,5,-1,0,0,-1,0,-1,-1,-1,0,-1,813,-1,-1,-1,-1,-1,-1,2,0,0,0,0,0,1,0,16,3,7,41.78962455,-87.72912103
0,353802,-1,30,0,0,0,1,10,2,-1,0,0,0,0,-1,-1,-1,0,-1,413,-1,-1,-1,-1,-1,-1,2,0,0,0,0,0,2,0,16,3,7,41.72613104,-87.58556172
0,353787,-1,30,1,2,0,1,10,5,2,0,0,0,0,-1,-1,-1,20,-1,1235,-1,-1,-1,-1,-1,-1,2,0,0,0,0,0,2,0,16,3,7,41.85750277,-87.64648608
0,353771,-1,30,0,0,2,1,7,1,4,0,0,0,1,-1,-1,-1,13,-1,832,-1,-1,-1,-1,-1,-1,2,0,0,0,0,0,3,0,16,3,7,41.77471717,-87.68366709
0,353807,-1,30,2,2,0,1,10,6,2,0,0,0,0,-1,-1,-1,8,18,622,-1,-1,-1,-1,-1,-1,3,0,0,0,0,0,3,0,16,3,7,41.74137683,-87.62571885
0,353750,-1,30,1,2,0,1,10,5,-1,0,0,0,0,1,-1,-1,18,-1,2522,-1,-1,-1,-1,-1,-1,2,0,0,0,0,0,2,0,16,3,7,41.91695429,-87.75331509
0,354208,-1,45,1,2,0,1,10,3,-1,0,0,0,0,-1,-1,-1,18,-1,234,-1,-1,-1,-1,-1,-1,2,0,0,0,0,0,3,0,16,3,7,41.7995694,-87.58154906
0,356560,-1,30,1,2,0,1,10,5,2,0,0,0,0,-1,-1,-1,0,0,2212,-1,-1,-1,-1,-1,-1,2,0,0,0,0,0,4,0,16,3,7,41.68461975,-87.68096575
0,353858,-1,30,0,2,0,1,12,5,-1,0,0,0,0,-1,-1,-1,21,21,1932,-1,-1,-1,-1,-1,-1,2,0,0,0,0,0,2,0,16,3,7,41.92535182,-87.66175439
0,353818,-1,30,1,2,0,1,14,2,2,0,0,0,0,-1,-1,1,0,-1,1211,-1,-1,-1,-1,-1,-1,2,0,0,0,0,0,3,0,16,3,7,41.89564071,-87.70235233
0,353765,-1,30,2,2,0,1,0,6,1,0,0,0,1,1,-1,-1,6,16,423,-1,-1,-1,-1,-1,-1,2,0,0,0,0,0,2,0,16,3,7,41.74083298,-87.55891926
0,353752,-1,30,0,0,0,1,14,5,-1,0,0,0,0,-1,-1,-1,23,0,1023,-1,-1,-1,-1,-1,-1,2,0,0,0,0,0,2,0,16,3,7,41.86278292,-87.69194345
0,355089,-1,30,0,0,0,1,10,3,2,0,0,0,0,-1,-1,-1,18,-1,2232,-1,-1,-1,-1,-1,-1,2,0,0,0,0,0,2,0,15,3,7,41.70864399,-87.64302435
0,354767,-1,30,0,0,0,1,2,5,-1,0,0,0,0,-1,-1,-1,22,22,511,-1,-1,-1,-1,-1,-1,2,0,0,0,0,0,2,0,15,3,7,41.72219312,-87.58795059
0,353791,-1,30,0,0,0,1,12,5,-1,0,0,0,0,-1,-1,-1,0,0,1812,-1,-1,-1,-1,-1,-1,2,0,0,0,0,0,2,0,15,3,7,41.92536878,-87.64713592
0,353762,-1,5,0,0,0,1,0,7,1,2,0,0,0,-1,-1,-1,20,11,524,-1,-1,-1,-1,-1,-1,2,0,0,0,0,0,2,0,15,3,7,41.68109747,-87.64187248
0,353753,-1,30,1,2,0,1,14,12,0,0,0,12,0,1,-1,-1,0,-1,1431,-1,-1,-1,-1,-1,-1,2,0,0,0,0,0,2,0,15,3,7,41.91760382,-87.68755788
0,353745,-1,30,1,2,0,1,14,3,6,0,0,0,0,1,-1,-1,23,17,1833,-1,-1,-1,-1,-1,-1,2,0,0,0,0,0,4,0,15,3,7,41.8975267,-87.62398758
0,353846,-1,30,0,0,0,1,12,5,-1,0,0,0,0,0,-1,-1,-1,-1,413,-1,-1,-1,-1,-1,-1,2,0,0,0,0,0,3,0,15,3,7,41.72241585,-87.58771459
0,353815,-1,30,1,2,0,1,0,5,-1,0,0,0,0,-1,-1,-1,0,-1,1631,-1,-1,-1,-1,-1,-1,2,0,0,0,0,0,2,0,15,3,7,41.95259687,-87.80977679
0,353570,-1,30,-1,-1,0,1,10,-1,-1,0,0,-1,0,-1,-1,-1,0,-1,1433,-1,-1,-1,-1,-1,-1,2,0,0,0,0,0,2,0,15,3,7,41.91071924,-87.66784081
0,353782,-1,30,0,0,0,1,12,5,-1,0,0,0,0,-1,-1,-1,17,-1,1113,-1,-1,-1,-1,-1,-1,2,0,0,0,0,0,2,0,15,3,7,41.88642595,-87.74447051
0,353758,-1,30,0,0,0,1,12,3,2,0,0,0,0,-1,-1,-1,0,-1,1231,-1,-1,-1,-1,-1,-1,3,0,0,0,0,0,2,0,15,3,7,41.87870717,-87.66688983
0,356513,-1,20,0,0,0,1,10,0,-1,0,0,0,0,-1,-1,-1,0,-1,413,-1,-1,-1,-1,-1,-1,2,0,0,0,0,0,2,0,15,3,7,41.72457007,-87.57038533
0,354583,-1,30,0,0,0,1,12,5,-1,0,0,0,0,-1,-1,-1,22,22,1113,-1,-1,-1,-1,-1,-1,2,0,0,0,0,0,2,0,15,3,7,41.88664067,-87.74437227
0,353779,-1,30,0,0,0,1,10,5,-1,0,0,0,0,-1,-1,-1,-1,-1,834,-1,-1,-1,-1,-1,-1,2,0,0,0,0,0,4,0,15,3,7,41.74917077,-87.73176963
0,354540,-1,30,0,0,0,1,10,2,4,0,0,0,0,-1,-1,-1,18,18,834,-1,-1,-1,-1,-1,-1,2,0,0,0,0,0,2,0,15,3,7,41.74926437,-87.74113816
0,353686,-1,35,0,0,0,1,11,7,1,0,0,0,0,-1,-1,-1,0,0,1031,-1,-1,-1,-1,-1,-1,2,0,0,0,0,0,2,0,15,3,7,41.84313398,-87.72437216
0,353734,-1,30,0,0,0,1,10,2,4,0,0,0,0,-1,-1,-1,8,-1,833,-1,-1,-1,-1,-1,-1,2,0,0,0,0,0,6,0,15,3,7,41.76458874,-87.74175917
0,353759,-1,30,1,2,0,1,12,5,-1,0,0,0,0,-1,-1,1,0,0,1513,-1,-1,-1,-1,-1,-1,2,0,0,0,0,0,2,0,15,3,7,41.86583627,-87.764471
0,353744,-1,30,1,2,0,1,0,5,2,0,0,0,0,-1,-1,-1,0,0,332,-1,-1,-1,-1,-1,-1,2,0,0,0,0,0,2,0,15,3,7,41.76779096,-87.58651632
0,353692,-1,30,0,3,0,1,10,5,-1,0,0,0,0,-1,-1,1,0,0,1822,-1,-1,-1,-1,-1,-1,2,0,0,0,0,0,2,0,15,3,7,41.90346714,-87.65262444
0,353687,-1,30,0,0,0,1,10,5,-1,0,0,0,0,-1,-1,-1,-1,-1,611,-1,-1,-1,-1,-1,-1,2,0,0,0,0,0,2,0,15,3,7,41.75196209,-87.67332799
0,353678,-1,30,1,2,0,1,14,6,3,0,0,0,0,1,-1,-1,23,0,623,-1,-1,-1,-1,-1,-1,2,0,0,0,0,0,4,0,15,3,7,41.75640041,-87.62486969
2,353676,-1,30,1,2,0,1,0,2,4,0,0,0,1,1,-1,-1,6,0,1624,-1,-1,-1,-1,-1,-1,3,2,0,0,2,0,2,0,15,3,7,41.95334314,-87.75729593
1,353728,-1,30,1,2,0,1,8,2,4,0,0,0,1,1,-1,-1,6,17,124,-1,-1,-1,-1,-1,-1,2,1,0,0,0,1,1,0,15,3,7,41.86736269,-87.6392932
0,353664,-1,30,1,2,0,1,10,5,-1,0,0,0,0,1,-1,1,0,0,1822,-1,-1,-1,-1,-1,-1,2,0,0,0,0,0,2,0,15,3,7,41.90369831,-87.64824535
0,353919,-1,10,0,0,0,1,4,7,-1,0,0,0,0,-1,1,-1,12,-1,833,-1,-1,-1,-1,-1,-1,1,0,0,0,0,0,1,0,15,3,7,41.76015502,-87.73270925
0,353718,-1,30,1,2,0,1,12,5,2,0,0,0,0,1,-1,-1,22,11,1934,-1,-1,-1,-1,-1,-1,2,0,0,0,0,0,3,0,15,3,7,41.93276805,-87.6488666
0,353702,-1,30,0,0,0,1,7,6,-1,0,0,0,0,-1,-1,-1,-1,-1,2512,-1,-1,-1,-1,-1,-1,2,0,0,0,0,0,1,0,15,3,7,41.92496286,-87.7780402
0,353688,-1,30,0,0,0,1,10,5,1,0,0,0,0,-1,-1,1,0,-1,1424,-1,-1,-1,-1,-1,-1,2,0,0,0,0,0,2,0,15,3,7,41.90924071,-87.67757819
2,353635,-1,30,0,0,0,1,8,5,2,0,0,0,1,-1,-1,1,0,0,2412,-1,-1,-1,-1,-1,-1,2,1,0,0,1,0,1,0,15,3,7,41.9979049,-87.68617217
0,353658,-1,30,0,0,0,1,7,6,1,0,0,0,0,-1,-1,1,-1,-1,1522,-1,-1,-1,-1,-1,-1,2,0,0,0,0,0,1,0,14,3,7,41.87090822,-87.75742782
0,353763,-1,30,0,0,0,1,14,2,2,0,0,0,1,-1,-1,-1,17,-1,622,-1,-1,-1,-1,-1,-1,2,0,0,0,0,0,3,0,14,3,7,41.74324922,-87.64376694
0,354292,-1,30,-1,-1,-1,1,10,-1,-1,0,-1,-1,0,-1,-1,-1,16,0,1232,-1,-1,-1,-1,-1,-1,2,0,0,0,0,0,2,0,14,3,7,41.86004881,-87.64496826
0,354027,-1,30,2,2,0,1,10,6,1,0,-1,-1,0,-1,-1,1,20,20,1925,-1,-1,-1,-1,-1,-1,2,0,0,0,0,0,2,0,14,3,7,41.94346163,-87.64222049
0,353738,-1,40,0,0,0,1,10,5,4,0,0,0,0,-1,-1,-1,18,-1,132,-1,-1,-1,-1,-1,-1,3,0,0,0,0,0,3,0,14,3,7,41.86411696,-87.61894998
0,353595,-1,30,0,2,0,1,10,5,-1,0,0,0,0,-1,-1,-1,0,0,1911,-1,-1,-1,-1,-1,-1,2,0,0,0,0,0,2,0,14,3,7,41.95409737,-87.69015918
0,353657,-1,35,0,0,0,1,7,6,1,0,0,0,1,-1,-1,1,0,0,331,-1,-1,-1,-1,-1,-1,3,0,0,0,0,0,1,0,14,3,7,41.76722508,-87.57104205
2,353581,-1,30,2,2,0,1,0,5,2,0,0,0,1,1,-1,-1,0,-1,1512,-1,-1,-1,-1,-1,-1,2,2,0,0,2,0,0,0,14,3,7,41.88724845,-87.7720942
0,370445,-1,25,-1,-1,0,1,7,6,1,0,0,0,0,-1,-1,-1,22,-1,2431,-1,-1,-1,-1,-1,-1,2,0,0,0,0,0,1,0,14,3,7,42.00646702,-87.67236714
0,353608,-1,25,0,0,0,1,12,5,-1,0,0,0,0,-1,-1,1,-1,-1,1113,-1,-1,-1,-1,-1,-1,2,0,0,0,0,0,2,0,14,3,7,41.87975267,-87.73556843
0,353768,-1,30,0,0,0,1,14,5,2,0,0,0,0,-1,-1,1,0,0,332,-1,-1,-1,-1,-1,-1,2,0,0,0,0,0,2,0,14,3,7,41.77321174,-87.5874904
0,353739,-1,0,1,2,0,1,10,6,-1,0,0,0,0,-1,-1,-1,18,-1,935,-1,-1,-1,-1,-1,-1,2,0,0,0,0,0,2,0,14,3,7,41.79517811,-87.63196738
0,353689,-1,10,0,0,0,1,7,7,-1,0,0,0,0,-1,1,-1,11,-1,131,-1,-1,-1,-1,-1,-1,2,0,0,0,0,0,1,0,14,3,7,41.85829784,-87.62547402
0,363257,-1,30,1,2,0,1,10,5,2,0,0,0,0,-1,-1,-1,18,-1,823,-1,-1,-1,-1,-1,-1,2,0,0,0,0,0,2,0,14,3,7,41.77899102,-87.72046233
2,353672,-1,30,0,0,0,1,14,5,4,0,0,0,1,1,-1,-1,23,0,821,-1,-1,-1,-1,-1,-1,2,2,0,0,1,1,0,0,14,3,7,41.80934531,-87.71220996
0,353544,1,30,2,0,0,1,0,5,2,0,0,0,1,1,-1,-1,-1,-1,2514,-1,-1,-1,-1,-1,-1,2,0,0,0,0,0,2,0,14,3,7,41.93323713,-87.75907528
0,356240,-1,30,1,2,0,1,12,2,2,0,0,0,0,-1,-1,-1,0,-1,111,-1,-1,-1,-1,-1,-1,2,0,0,0,0,0,2,0,14,3,7,41.88453096,-87.62460205
0,352556,-1,30,1,2,0,1,12,2,2,0,0,0,0,1,-1,-1,23,-1,1911,-1,-1,-1,-1,-1,-1,2,0,0,0,0,0,3,0,14,3,7,41.95412468,-87.67889748
0,356089,0,30,0,0,0,4,5,5,6,0,0,0,0,-1,-1,-1,-1,-1,122,-1,-1,-1,-1,-1,-1,1,0,0,0,0,0,1,0,14,3,7,41.87617287,-87.63516412
0,353594,-1,30,0,0,0,1,7,5,-1,0,0,0,0,-1,-1,-1,-1,-1,835,-1,-1,-1,-1,-1,-1,2,0,0,0,0,0,1,0,14,3,7,41.73874188,-87.69676781
0,353567,-1,30,1,2,0,1,14,2,4,0,0,0,0,-1,-1,-1,17,-1,1433,-1,-1,-1,-1,-1,-1,2,0,0,0,0,0,2,0,14,3,7,41.91073912,-87.66775554
0,353533,-1,30,1,2,0,1,10,6,-1,0,0,0,0,-1,-1,-1,18,-1,124,-1,-1,-1,-1,-1,-1,2,0,0,0,0,0,3,0,14,3,7,41.86728867,-87.64351698
0,353618,-1,30,1,2,0,1,14,3,-1,0,0,0,0,-1,-1,-1,0,0,111,-1,-1,-1,-1,-1,-1,2,0,0,0,0,0,2,0,13,3,7,41.88453096,-87.62460205
0,353643,-1,35,0,0,0,1,14,5,-1,0,0,0,0,-1,-1,-1,0,0,1632,-1,-1,-1,-1,-1,-1,2,0,0,0,0,0,2,0,13,3,7,41.94540489,-87.80532137
0,353579,-1,30,0,0,0,1,0,5,2,0,0,0,1,-1,-1,-1,0,-1,1722,-1,-1,-1,-1,-1,-1,2,0,0,0,0,0,2,0,13,3,7,41.95532627,-87.72781203
1,353531,-1,35,2,0,0,1,0,5,-1,0,0,0,1,1,-1,1,0,-1,632,-1,1,-1,-1,-1,-1,2,2,0,0,0,2,1,0,13,3,7,41.74393233,-87.60152722
0,353731,-1,30,-1,-1,0,1,12,6,1,0,0,0,0,-1,-1,-1,0,0,1724,-1,-1,-1,-1,-1,-1,2,0,0,0,0,0,2,0,13,3,7,41.95928881,-87.70354728
0,353565,-1,30,1,2,0,1,10,5,4,0,-1,-1,0,-1,-1,-1,18,18,2013,-1,-1,-1,-1,-1,-1,2,0,0,0,0,0,5,0,13,3,7,41.98188733,-87.66016741
2,353489,-1,30,0,0,0,1,8,12,1,0,0,-1,1,-1,-1,-1,-1,-1,1432,-1,-1,-1,-1,-1,-1,2,1,0,0,1,0,1,0,13,3,7,41.92503358,-87.68575791
0,353842,-1,30,1,2,0,1,10,5,-1,0,0,0,0,1,-1,-1,18,-1,2512,-1,-1,-1,-1,-1,-1,2,0,0,0,0,0,2,0,13,3,7,41.92344955,-87.80009442
0,359717,-1,30,1,2,0,1,12,2,2,0,0,0,0,1,-1,-1,21,0,123,1,-1,-1,-1,-1,-1,2,0,0,0,0,0,2,0,13,3,7,41.87305558,-87.62741781
0,356506,-1,30,1,2,0,1,10,2,4,0,0,0,0,-1,-1,-1,0,-1,1111,-1,-1,-1,-1,-1,-1,2,0,0,0,0,0,2,0,13,3,7,41.89142875,-87.74553396
0,353586,-1,25,0,0,0,1,7,2,2,0,0,0,1,-1,-1,1,0,0,1623,-1,-1,-1,-1,-1,-1,2,0,0,0,0,0,2,0,13,3,7,41.97527171,-87.7633013
2,353507,-1,30,1,2,0,1,14,3,4,0,0,0,1,1,-1,-1,0,0,1711,-1,-1,-1,-1,-1,-1,2,1,0,0,1,0,2,0,13,3,7,41.99715925,-87.7186239
0,353488,-1,30,1,1,0,1,7,2,5,0,0,0,0,1,-1,-1,-1,0,1434,-1,-1,-1,-1,-1,-1,2,0,0,0,0,0,1,0,13,3,7,41.91736089,-87.68725753
1,353537,-1,25,2,0,0,1,14,2,2,0,0,0,1,-1,-1,-1,0,-1,234,-1,-1,-1,-1,-1,-1,2,1,0,0,0,1,3,0,13,3,7,41.80236441,-87.59065304
0,353496,-1,30,0,0,0,1,7,7,-1,0,0,0,0,-1,-1,-1,20,-1,1222,-1,-1,-1,-1,-1,-1,2,0,0,0,0,0,1,0,13,3,7,41.88672082,-87.68910827
2,353483,1,35,1,2,0,1,10,2,4,0,0,0,1,-1,-1,-1,12,0,833,-1,-1,-1,-1,-1,-1,2,3,0,0,3,0,1,0,13,3,7,41.7568764,-87.72232174
0,353445,-1,25,0,0,0,1,7,5,2,0,0,0,1,-1,-1,1,0,0,1623,-1,-1,-1,-1,-1,-1,2,0,0,0,0,0,1,0,12,3,7,41.97710543,-87.75918759
0,353491,-1,35,0,0,0,1,7,2,4,0,0,0,1,-1,-1,1,0,0,1621,-1,-1,-1,-1,-1,-1,2,0,0,0,0,0,2,0,12,3,7,41.97863542,-87.74824933
0,362155,-1,30,0,0,0,1,14,5,-1,0,0,0,0,1,-1,-1,23,-1,1131,-1,-1,-1,-1,-1,-1,2,0,0,0,0,0,2,0,12,3,7,41.87181419,-87.74478367
0,353559,-1,30,0,0,0,1,7,5,-1,0,0,0,0,-1,-1,1,0,-1,1931,-1,-1,-1,-1,-1,-1,2,0,0,0,0,0,1,0,12,3,7,41.92863063,-87.67110011
0,353504,-1,30,0,0,0,1,7,5,-1,0,0,0,0,-1,-1,-1,-1,-1,814,-1,-1,-1,-1,-1,-1,2,0,0,0,0,0,1,0,12,3,7,41.79867203,-87.74359878
0,353432,-1,30,2,2,0,1,0,2,-1,0,0,0,0,1,-1,-1,17,-1,911,-1,-1,-1,-1,-1,-1,2,0,0,0,0,0,2,0,12,3,7,41.82840352,-87.68455059
0,353454,-1,30,0,0,0,1,12,2,2,0,0,-1,0,-1,-1,-1,17,0,1914,-1,-1,-1,-1,-1,-1,2,0,0,0,0,0,2,0,12,3,7,41.96559064,-87.64949808
0,353988,-1,30,0,0,0,1,7,6,1,0,-1,-1,0,-1,-1,1,0,0,1911,-1,-1,-1,-1,-1,-1,2,0,0,0,0,0,1,0,12,3,7,41.96348381,-87.69256672
0,353470,-1,30,0,0,0,1,12,5,-1,0,0,0,0,-1,-1,-1,0,0,2413,-1,-1,-1,-1,-1,-1,2,0,0,0,0,0,2,0,12,3,7,41.99258749,-87.68986215
0,353421,-1,30,0,0,0,1,14,2,2,0,0,0,0,-1,-1,-1,17,0,2033,-1,-1,-1,-1,-1,-1,2,0,0,0,0,0,3,0,12,3,7,41.97522169,-87.65969096
0,353996,-1,30,0,0,0,1,10,5,-1,0,0,0,0,-1,-1,-1,-1,-1,835,-1,-1,-1,-1,-1,-1,2,0,0,0,0,0,2,0,12,3,7,41.74990531,-87.68910337
0,353475,-1,0,0,0,0,1,2,2,2,0,0,0,0,-1,-1,-1,0,0,223,-1,-1,-1,-1,-1,-1,1,0,0,0,0,0,1,0,12,3,7,41.80940751,-87.60755179
0,353583,-1,30,1,2,0,1,0,5,-1,0,0,0,0,1,-1,0,0,-1,2522,-1,-1,-1,-1,-1,-1,2,0,0,0,0,0,3,0,12,3,7,41.91715395,-87.73639149
0,353573,-1,30,0,0,0,1,12,5,-1,0,0,0,0,-1,-1,-1,0,0,1812,-1,-1,-1,-1,-1,-1,2,0,0,0,0,0,2,0,12,3,7,41.91828897,-87.64857135
0,353480,-1,25,1,2,0,1,10,2,-1,0,0,0,0,-1,-1,-1,18,-1,2234,-1,-1,-1,-1,-1,-1,2,0,0,0,0,0,2,0,12,3,7,41.67760314,-87.66261837
2,353443,-1,30,0,0,0,1,12,2,4,0,0,0,1,-1,-1,-1,17,-1,2422,-1,-1,-1,-1,-1,-1,3,1,0,0,1,0,1,0,12,3,7,42.01884615,-87.66576562
0,353430,-1,30,1,2,0,1,14,1,-1,0,0,0,0,-1,-1,-1,17,-1,822,-1,1,-1,-1,-1,-1,2,0,0,0,0,0,2,0,12,3,7,41.78611049,-87.72282047
0,353397,-1,30,0,0,0,1,12,5,4,0,0,0,1,-1,-1,-1,0,0,124,-1,-1,-1,-1,-1,-1,2,0,0,0,0,0,2,0,12,3,7,41.86808266,-87.63936542
0,353428,-1,10,0,0,0,1,7,7,1,0,0,0,0,-1,1,-1,23,16,1222,-1,-1,-1,-1,-1,-1,2,0,0,0,0,0,1,0,12,3,7,41.88282068,-87.69301621
0,353390,-1,10,2,2,0,1,2,2,-1,0,0,0,1,-1,1,-1,23,-1,811,-1,1,-1,-1,-1,-1,1,0,0,0,0,0,1,0,12,3,7,41.7917316,-87.80137307
0,353384,-1,30,0,0,0,1,14,5,2,0,0,0,0,1,-1,-1,0,17,1023,-1,-1,-1,-1,-1,-1,2,0,0,0,0,0,2,0,12,3,7,41.85202758,-87.69415048
0,353545,-1,30,1,2,0,1,0,2,2,0,0,0,0,-1,-1,1,17,0,2213,-1,-1,-1,-1,-1,-1,2,0,0,0,0,0,2,0,12,3,7,41.71449749,-87.68171852
1,353380,-1,30,1,2,0,1,14,6,3,0,0,0,1,1,-1,-1,21,16,1135,-1,-1,-1,-1,-1,-1,2,2,0,0,0,2,1,0,12,3,7,41.87446177,-87.70090597
0,353465,-1,3,0,0,0,1,7,7,-1,0,0,0,0,-1,-1,1,20,-1,714,-1,-1,-1,-1,-1,-1,2,0,0,0,0,0,1,0,12,3,7,41.77941038,-87.67506096
0,361810,-1,30,0,0,0,1,8,5,1,0,0,0,0,-1,-1,-1,35,-1,1613,-1,-1,-1,-1,-1,-1,2,0,0,0,0,0,2,0,12,3,7,41.96837993,-87.80710153
0,355219,-1,15,0,0,0,1,10,0,-1,0,0,0,0,-1,-1,-1,20,16,2534,-1,-1,-1,-1,-1,-1,2,0,0,0,0,0,3,0,12,3,7,41.91040141,-87.73260721