MOST_SEVERE_INJURY,RD_NO,CRASH_DATE_EST_I,POSTED_SPEED_LIMIT,TRAFFIC_CONTROL_DEVICE,DEVICE_CONDITION,WEATHER_CONDITION,LIGHTING_CONDITION,FIRST_CRASH_TYPE,TRAFFICWAY_TYPE,LANE_CNT,ALIGNMENT,ROADWAY_SURFACE_COND,ROAD_DEFECT,CRASH_TYPE,INTERSECTION_RELATED_I,NOT_RIGHT_OF_WAY_I,HIT_AND_RUN_I,PRIM_CONTRIBUTORY_CAUSE,SEC_CONTRIBUTORY_CAUSE,BEAT_OF_OCCURRENCE,PHOTOS_TAKEN_I,STATEMENTS_TAKEN_I,DOORING_I,WORK_ZONE_I,WORK_ZONE_TYPE,WORKERS_PRESENT_I,NUM_UNITS,INJURIES_TOTAL,INJURIES_FATAL,INJURIES_INCAPACITATING,INJURIES_NON_INCAPACITATING,INJURIES_REPORTED_NOT_EVIDENT,INJURIES_NO_INDICATION,INJURIES_UNKNOWN,CRASH_HOUR,CRASH_DAY_OF_WEEK,CRASH_MONTH,LATITUDE,LONGITUDE
0,353908,-1,35,0,0,0,1,10,5,2,0,0,0,0,-1,-1,-1,18,16,1033,-1,-1,-1,-1,-1,-1,2,0,0,0,0,0,2,0,12,3,7,41.84375106,-87.70487246
0,353450,-1,30,0,0,0,1,10,5,-1,0,0,0,0,-1,-1,1,0,-1,735,-1,-1,-1,-1,-1,-1,2,0,0,0,0,0,2,0,12,3,7,41.76476216,-87.6688199
0,353373,-1,40,9,2,0,1,10,3,2,0,0,0,1,-1,-1,-1,18,16,1911,-1,-1,-1,1,1,-1,2,0,0,0,0,0,2,0,12,3,7,41.95410626,-87.68956124
0,353423,-1,20,2,2,0,1,7,6,1,0,0,0,1,-1,-1,-1,0,0,2012,-1,-1,-1,-1,-1,-1,2,0,0,0,0,0,1,0,11,3,7,41.98147725,-87.67368658
2,353612,-1,30,1,2,0,1,10,5,-1,0,0,0,1,1,-1,-1,0,0,1214,-1,-1,-1,-1,-1,-1,2,1,0,0,1,0,1,0,11,3,7,41.89579624,-87.6549536
0,353338,-1,30,0,0,0,1,7,2,2,0,0,0,0,-1,-1,-1,22,16,1215,-1,-1,-1,-1,-1,-1,2,0,0,0,0,0,1,0,11,3,7,41.88678688,-87.66894913
0,357434,-1,30,0,0,0,1,0,7,-1,0,0,0,0,-1,1,-1,17,0,511,-1,-1,-1,-1,-1,-1,2,0,0,0,0,0,3,0,11,3,7,41.72208615,-87.59493897
2,353317,-1,30,1,0,0,1,9,6,1,0,0,0,1,-1,-1,1,17,-1,1423,-1,-1,-1,-1,-1,-1,2,1,0,0,1,0,1,0,11,3,7,41.90378168,-87.69431687
0,353327,-1,30,0,3,0,2,0,5,2,0,0,0,1,-1,-1,-1,17,17,1513,-1,-1,-1,-1,-1,-1,2,0,0,0,0,0,2,0,11,3,7,41.86562237,-87.77038409
0,356798,-1,30,0,0,0,1,12,5,4,0,0,0,0,-1,-1,-1,22,-1,1225,-1,-1,-1,-1,-1,-1,2,0,0,0,0,0,2,0,11,3,7,41.87172469,-87.67745396
0,354598,-1,0,0,0,0,1,7,2,2,0,0,0,0,-1,-1,-1,0,-1,314,-1,-1,-1,-1,-1,-1,2,0,0,0,0,0,2,0,11,3,7,41.77945203,-87.59603023
2,353295,-1,30,2,2,0,1,10,5,4,0,0,0,1,1,-1,-1,7,11,735,-1,-1,-1,-1,-1,-1,2,2,0,0,1,1,6,0,11,3,7,41.76467319,-87.67601293
0,357647,-1,30,1,2,0,1,10,5,4,0,0,0,0,-1,-1,-1,18,-1,132,-1,-1,-1,-1,-1,-1,2,0,0,0,0,0,2,0,11,3,7,41.85318161,-87.62367887
0,356737,-1,30,0,0,0,1,5,5,2,0,0,0,0,-1,-1,-1,0,0,411,-1,-1,-1,-1,-1,-1,1,0,0,0,0,0,1,0,11,3,7,41.7513931,-87.58598759
0,353493,-1,30,2,2,0,1,10,6,-1,0,0,0,0,-1,-1,1,0,0,1833,-1,-1,-1,-1,-1,-1,2,0,0,0,0,0,2,0,11,3,7,41.89912976,-87.62214332
0,353366,-1,30,0,0,0,1,7,2,-1,0,0,0,1,-1,-1,1,0,-1,1222,-1,-1,-1,-1,-1,-1,2,0,0,0,0,0,1,0,11,3,7,41.88112648,-87.70223662
0,353299,-1,35,0,0,0,1,11,5,-1,0,0,0,0,-1,-1,1,0,0,811,-1,-1,-1,-1,-1,-1,2,0,0,0,0,0,2,0,11,3,7,41.79396112,-87.77451192
0,353210,-1,35,2,2,0,1,14,5,-1,0,0,0,0,1,-1,-1,17,-1,1723,-1,-1,-1,-1,-1,-1,2,0,0,0,0,0,2,0,11,3,7,41.95377451,-87.72645871
0,353261,-1,30,0,-1,0,1,10,5,-1,0,0,0,1,-1,-1,-1,8,18,726,-1,-1,-1,-1,-1,-1,3,0,0,0,0,0,3,0,10,3,7,41.77177779,-87.67385567
0,356418,-1,30,0,0,-1,1,10,5,-1,0,-1,-1,0,-1,-1,-1,17,-1,1434,-1,-1,-1,-1,-1,-1,2,0,0,0,0,0,2,0,10,3,7,41.91073008,-87.6748816
0,353690,-1,30,1,2,0,1,10,5,-1,0,0,0,0,1,-1,-1,18,-1,2031,-1,-1,-1,-1,-1,-1,2,0,0,0,0,0,2,0,10,3,7,41.97309942,-87.69161531
0,353365,-1,30,1,2,0,1,14,2,4,0,0,0,0,-1,-1,-1,17,31,2521,-1,-1,-1,-1,-1,-1,2,0,0,0,0,0,4,0,10,3,7,41.93167077,-87.74451303
0,353294,-1,30,0,0,0,1,7,2,-1,0,0,0,0,-1,-1,-1,0,0,623,-1,-1,-1,-1,-1,-1,3,0,0,0,0,0,1,0,10,3,7,41.75435564,-87.63210278
0,353359,-1,30,1,2,0,1,14,5,4,0,0,0,0,1,-1,-1,23,-1,1834,-1,-1,-1,-1,-1,-1,2,0,0,0,0,0,2,0,10,3,7,41.89423928,-87.62044112
0,353244,-1,35,0,0,0,1,12,3,-1,0,0,0,0,-1,-1,1,22,0,2223,-1,-1,-1,-1,-1,-1,2,0,0,0,0,0,2,0,10,3,7,41.73591026,-87.63559397
0,353238,-1,30,0,0,0,1,0,5,2,0,0,0,0,-1,-1,1,17,17,1033,-1,-1,-1,-1,-1,-1,2,0,0,0,0,0,3,0,10,3,7,41.84425876,-87.70488827
0,399786,0,30,0,0,0,1,8,5,4,0,0,0,0,-1,-1,-1,0,0,2515,-1,-1,0,-1,-1,-1,2,0,0,0,0,0,2,0,10,3,7,41.92381406,-87.76969569
0,354272,-1,30,0,0,0,1,7,3,4,0,0,0,0,-1,-1,-1,22,11,234,-1,-1,-1,-1,-1,-1,2,0,0,0,0,0,1,0,10,3,7,41.79963063,-87.58745434
0,353282,-1,35,1,2,0,1,14,2,4,0,0,0,0,-1,-1,-1,17,23,2535,-1,-1,-1,-1,-1,-1,2,0,0,0,0,0,3,0,10,3,7,41.90983438,-87.72106725
2,353235,-1,30,2,2,0,1,8,5,2,0,0,0,1,1,-1,-1,23,-1,1831,-1,-1,-1,-1,-1,-1,2,1,0,0,1,0,1,0,10,3,7,41.88924144,-87.63702185
2,353256,-1,30,0,0,0,1,10,2,2,0,0,0,1,-1,-1,-1,25,23,1221,-1,-1,-1,-1,-1,-1,2,2,0,0,2,0,3,0,10,3,7,41.8954766,-87.70310314
0,353921,1,30,0,0,0,1,7,5,4,0,0,0,0,-1,-1,1,0,-1,1531,-1,-1,-1,-1,-1,-1,2,0,0,0,0,0,1,0,10,3,7,41.89505782,-87.75475494
0,353232,-1,30,2,2,0,1,12,5,-1,0,0,0,0,-1,-1,1,18,0,835,-1,-1,-1,-1,-1,-1,2,0,0,0,0,0,3,0,10,3,7,41.75148031,-87.70493509
0,353229,-1,30,2,2,0,1,0,5,2,0,0,0,0,1,-1,-1,17,33,1511,-1,-1,-1,-1,-1,-1,2,0,0,0,0,0,4,0,10,3,7,41.90192557,-87.77287448
0,367340,-1,30,1,2,0,1,10,5,4,0,0,0,0,1,-1,-1,0,0,2013,-1,-1,-1,-1,-1,-1,3,0,0,0,0,0,3,0,10,3,7,41.98558199,-87.66026523
0,353952,-1,30,0,0,0,1,7,6,1,0,0,-1,0,-1,-1,1,0,-1,1523,-1,-1,-1,-1,-1,-1,2,0,0,0,0,0,1,0,10,3,7,41.88993228,-87.75675724
0,353300,-1,30,0,0,0,1,7,5,2,0,0,0,1,-1,-1,-1,16,-1,2211,-1,-1,-1,-1,-1,-1,2,0,0,0,0,0,1,0,10,3,7,41.69134903,-87.70758573
0,353212,-1,30,1,2,0,1,12,5,-1,0,0,0,0,-1,-1,-1,22,11,1933,-1,-1,-1,-1,-1,-1,2,0,0,0,0,0,2,0,10,3,7,41.93638197,-87.65383933
0,15372979,-1,30,0,0,-1,1,10,2,2,0,-1,-1,0,-1,-1,-1,12,0,614,-1,-1,-1,-1,-1,-1,2,0,0,0,0,0,2,0,9,3,7,41.74242082,-87.66309114
0,353330,-1,30,0,0,0,1,14,5,-1,0,0,0,0,-1,-1,-1,0,0,632,-1,-1,-1,-1,-1,-1,2,0,0,0,0,0,6,0,9,3,7,41.73664085,-87.61260287
0,353178,-1,30,2,2,0,1,12,5,2,0,0,0,0,1,-1,-1,0,0,2522,-1,-1,-1,-1,-1,-1,2,0,0,0,0,0,3,0,9,3,7,41.92185899,-87.74244412
0,353195,-1,30,0,0,0,1,10,2,-1,0,0,0,0,-1,-1,1,18,0,1213,-1,-1,-1,-1,-1,-1,4,0,0,0,0,0,4,0,9,3,7,41.89650565,-87.64765458
0,354004,1,30,0,0,0,1,7,5,1,0,0,-1,0,-1,-1,1,0,-1,422,-1,-1,-1,-1,-1,-1,2,0,0,0,0,0,1,0,9,3,7,41.74724294,-87.55211304
0,353959,-1,30,2,2,0,1,0,5,-1,0,0,0,0,1,-1,-1,0,0,1215,-1,-1,-1,-1,-1,-1,2,0,0,0,0,0,2,0,9,3,7,41.8909699,-87.65746646
0,355390,-1,30,-1,-1,0,1,10,3,2,0,0,-1,0,-1,-1,-1,0,0,2221,-1,-1,-1,-1,-1,-1,2,0,0,0,0,0,2,0,9,3,7,41.72115055,-87.67501533
0,353938,-1,30,2,2,0,1,0,5,-1,0,0,0,0,-1,-1,1,0,0,2511,-1,-1,-1,-1,-1,-1,2,0,0,0,0,0,2,0,9,3,7,41.93794766,-87.80253021
2,353168,-1,30,0,0,0,1,14,12,2,0,0,0,1,-1,-1,-1,21,23,114,-1,-1,-1,-1,-1,-1,2,1,0,0,1,0,2,0,9,3,7,41.88458837,-87.62327256
0,353160,-1,15,0,0,0,1,7,5,-1,0,0,0,0,-1,-1,-1,0,0,1034,-1,-1,-1,-1,-1,-1,2,0,0,0,0,0,1,0,9,3,7,41.85004587,-87.68977872
0,353230,-1,30,0,0,0,1,12,2,1,0,0,0,0,-1,-1,1,22,25,1632,-1,-1,-1,-1,-1,-1,2,0,0,0,0,0,2,0,9,3,7,41.93814189,-87.80425548
0,353150,-1,30,2,2,0,1,0,2,2,0,0,0,0,1,-1,-1,22,0,1214,-1,-1,-1,-1,-1,-1,2,0,0,0,0,0,2,0,9,3,7,41.88572567,-87.65039575
0,353112,-1,10,0,0,0,1,7,7,-1,0,0,0,0,-1,-1,-1,11,-1,2412,-1,-1,-1,-1,-1,-1,2,0,0,0,0,0,2,0,9,3,7,42.00145697,-87.69012618
0,353125,-1,30,1,2,0,1,10,3,6,0,0,0,0,-1,-1,-1,0,-1,1411,-1,-1,-1,-1,-1,-1,2,0,0,0,0,0,3,0,8,3,7,41.92874536,-87.68792502
0,353175,-1,30,0,0,0,1,10,2,-1,0,0,-1,1,-1,-1,-1,18,-1,413,-1,-1,-1,-1,-1,-1,2,0,0,0,0,0,2,0,8,3,7,41.7232165,-87.58528996
2,353151,-1,30,2,2,0,1,0,5,0,0,0,0,1,1,-1,-1,33,17,2413,-1,-1,-1,-1,-1,-1,2,2,0,0,2,0,1,0,8,3,7,41.99599967,-87.68997363
0,353140,-1,35,0,0,0,1,7,5,4,0,-1,-1,0,-1,-1,-1,0,0,223,-1,-1,-1,-1,-1,-1,2,0,0,0,0,0,3,0,8,3,7,41.80683465,-87.60636083
2,353130,-1,30,2,2,0,1,8,5,2,0,0,0,1,1,-1,1,17,17,1031,-1,-1,0,-1,-1,-1,2,1,0,0,1,0,1,0,8,3,7,41.83675529,-87.7256254
3,353139,-1,30,0,0,0,1,8,2,0,0,0,0,1,1,-1,-1,17,16,1215,-1,-1,-1,-1,-1,-1,2,2,0,1,1,0,0,0,8,3,7,41.89008179,-87.65889424
0,353172,-1,25,0,0,0,1,2,6,1,0,0,0,0,-1,-1,-1,0,-1,531,-1,-1,-1,-1,-1,-1,1,0,0,0,0,0,1,0,8,3,7,41.69132582,-87.60736725
0,353926,-1,30,0,0,0,1,12,6,-1,0,0,0,0,-1,-1,-1,0,-1,412,-1,-1,-1,-1,-1,-1,2,0,0,0,0,0,2,0,8,3,7,41.74025267,-87.59291029
0,353115,-1,30,0,0,0,1,10,5,-1,0,0,0,0,-1,-1,-1,0,0,812,-1,-1,-1,-1,-1,-1,2,0,0,0,0,0,2,0,8,3,7,41.77503021,-87.77123812
0,353106,-1,30,1,-1,0,1,12,5,2,0,0,0,0,-1,-1,-1,25,0,2212,-1,1,-1,-1,-1,-1,2,0,0,0,0,0,2,0,8,3,7,41.69932907,-87.67114239
0,353098,-1,30,9,2,0,1,12,2,-1,0,0,0,0,-1,-1,-1,22,11,1414,-1,-1,-1,-1,-1,-1,2,0,0,0,0,0,2,0,8,3,7,41.92172351,-87.69746848
2,353095,-1,30,2,2,0,1,8,5,2,0,0,0,1,1,-1,-1,0,0,211,-1,-1,-1,-1,-1,-1,2,1,0,0,1,0,1,0,8,3,7,41.83115522,-87.62069903
0,353666,-1,5,0,0,0,1,10,7,1,2,0,0,0,-1,-1,-1,20,-1,2232,-1,-1,-1,-1,-1,-1,2,0,0,0,0,0,2,0,8,3,7,41.70585971,-87.65378585
0,353163,-1,30,2,2,0,1,0,5,-1,0,0,0,0,-1,-1,-1,21,17,2521,-1,-1,-1,-1,-1,-1,2,0,0,0,0,0,2,0,8,3,7,41.93167452,-87.74420824
0,353134,-1,30,1,2,0,1,10,5,-1,0,0,0,0,-1,-1,-1,16,17,2412,-1,-1,-1,-1,-1,-1,2,0,0,0,0,0,2,0,8,3,7,41.999591,-87.68059043
0,353111,-1,10,0,0,0,1,12,7,-1,0,0,0,0,-1,1,-1,20,16,821,-1,-1,-1,-1,-1,-1,2,0,0,0,0,0,2,0,8,3,7,41.82033677,-87.70459955
0,395064,-1,30,1,2,0,1,14,2,2,0,0,0,0,1,-1,-1,23,0,1232,-1,-1,-1,-1,-1,-1,2,0,0,0,0,0,2,0,8,3,7,41.87911724,-87.64660719
0,353896,-1,30,2,2,0,1,14,5,-1,0,0,0,0,1,-1,-1,0,-1,1214,-1,-1,-1,-1,-1,-1,2,0,0,0,0,0,2,0,8,3,7,41.88565996,-87.65112328
0,353108,-1,30,0,0,0,1,10,0,1,0,0,0,1,-1,-1,-1,16,18,523,-1,-1,-1,-1,-1,-1,2,0,0,0,0,0,2,0,8,3,7,41.6723651,-87.63225304
0,353107,-1,25,1,2,0,1,14,5,0,0,0,0,0,1,-1,-1,0,0,2413,-1,-1,-1,-1,-1,-1,2,0,0,0,0,0,3,0,8,3,7,41.99420189,-87.68982816
0,353086,-1,35,3,2,0,1,10,3,3,2,0,0,0,-1,-1,-1,21,0,1614,-1,-1,-1,-1,-1,-1,3,0,0,0,0,0,7,0,8,3,7,41.98158711,-87.83643428
2,353170,-1,30,0,0,0,1,10,5,-1,0,0,0,1,-1,-1,-1,18,11,1412,-1,-1,-1,-1,-1,-1,2,1,0,0,1,0,1,0,8,3,7,41.93912564,-87.71582102
0,353073,-1,30,0,0,0,1,12,6,2,0,0,0,0,-1,-1,-1,21,-1,113,-1,-1,-1,-1,-1,-1,2,0,0,0,0,0,2,0,8,3,7,41.87706161,-87.62685884
0,353089,-1,30,1,2,0,1,14,1,2,0,0,0,1,1,-1,-1,32,-1,1023,-1,-1,-1,-1,-1,-1,2,0,0,0,0,0,2,0,8,3,7,41.86225805,-87.69343374
0,360574,1,30,0,0,0,1,7,5,-1,0,0,0,0,-1,-1,1,0,-1,1411,-1,-1,-1,-1,-1,-1,2,0,0,0,0,0,1,0,8,3,7,41.93215602,-87.7042895
0,353114,-1,30,0,0,0,1,11,5,-1,0,0,0,0,1,-1,-1,0,0,835,-1,-1,-1,-1,-1,-1,2,0,0,0,0,0,2,0,8,3,7,41.7591586,-87.68324641
0,353096,-1,30,1,0,0,1,10,5,2,0,0,0,0,-1,-1,-1,4,3,233,-1,-1,-1,-1,-1,-1,2,0,0,0,0,0,3,0,8,3,7,41.8022473,-87.60434402
0,353075,-1,30,0,0,0,1,12,5,2,0,0,3,0,-1,-1,-1,17,-1,1822,-1,-1,-1,-1,-1,-1,2,0,0,0,0,0,2,0,7,3,7,41.90157163,-87.65229669
0,353071,-1,30,1,2,0,1,12,2,-1,0,0,0,0,-1,-1,-1,22,-1,2523,-1,-1,-1,-1,-1,-1,2,0,0,0,0,0,2,0,7,3,7,41.93900628,-87.72703564
0,353078,-1,30,0,0,0,1,14,5,2,0,0,-1,0,-1,-1,-1,23,17,1733,-1,-1,-1,-1,-1,-1,2,0,0,0,0,0,2,0,7,3,7,41.93941738,-87.70992512
0,355183,-1,55,0,0,0,1,12,3,8,0,-1,-1,0,-1,-1,1,21,22,2022,-1,-1,-1,-1,-1,-1,2,0,0,0,0,0,3,0,7,3,7,41.983976,-87.6528362
0,354055,-1,30,0,0,0,1,10,5,2,0,0,0,0,-1,-1,1,18,0,1713,-1,-1,-1,-1,-1,-1,2,0,0,0,0,0,3,0,7,3,7,41.96939238,-87.70835796
0,353065,-1,30,0,0,0,1,10,6,-1,0,0,0,0,-1,-1,-1,18,-1,225,-1,-1,-1,-1,-1,-1,2,0,0,0,0,0,2,0,7,3,7,41.80181109,-87.63056018
0,353069,-1,30,0,0,0,1,14,2,2,0,0,0,0,1,-1,-1,17,33,1632,-1,-1,-1,-1,-1,-1,2,0,0,0,0,0,2,0,7,3,7,41.94517756,-87.80570929
0,354013,-1,10,0,0,0,1,0,7,1,0,0,-1,0,-1,1,-1,17,0,1933,-1,-1,-1,-1,-1,-1,2,0,0,0,0,0,2,0,7,3,7,41.93623031,-87.65056353
2,353076,-1,30,1,2,0,1,10,5,-1,0,0,0,1,-1,-1,-1,18,-1,812,-1,-1,-1,-1,-1,-1,2,1,0,0,1,0,1,0,7,3,7,41.77825541,-87.76187086
0,353081,-1,30,0,0,0,1,10,2,4,0,0,0,0,-1,-1,-1,18,14,713,-1,-1,-1,-1,-1,-1,3,0,0,0,0,0,4,0,7,3,7,41.78484032,-87.66420419
2,353049,-1,25,1,2,0,1,10,2,4,0,0,0,1,1,-1,-1,18,0,431,-1,-1,-1,-1,-1,-1,2,1,0,0,1,0,1,0,7,3,7,41.70789989,-87.58482289
0,363259,-1,30,0,0,0,1,7,2,-1,0,0,0,0,-1,-1,1,0,0,2523,-1,-1,-1,-1,-1,-1,2,0,0,0,0,0,1,0,7,3,7,41.93572915,-87.73801344
0,353054,-1,15,0,0,0,1,11,5,-1,0,0,0,0,-1,-1,-1,11,-1,1712,-1,-1,-1,-1,-1,-1,2,0,0,0,0,0,2,0,7,3,7,41.97274897,-87.72466313
0,353052,-1,35,0,0,0,1,10,2,2,0,0,0,0,-1,-1,-1,0,-1,715,-1,-1,-1,-1,-1,-1,2,0,0,0,0,0,2,0,6,3,7,41.79353316,-87.6660188
0,353064,-1,35,1,2,0,1,14,5,1,0,0,0,0,-1,-1,-1,0,0,234,-1,-1,-1,-1,-1,-1,2,0,0,0,0,0,2,0,6,3,7,41.80237973,-87.58797941
0,353041,-1,30,1,1,0,1,12,5,-1,0,0,0,0,-1,-1,-1,18,18,1832,-1,-1,-1,-1,-1,-1,2,0,0,0,0,0,2,0,6,3,7,41.89676188,-87.63002731
0,353029,-1,30,0,0,0,1,2,5,4,0,0,0,0,-1,-1,-1,12,0,2512,-1,-1,-1,-1,-1,-1,1,0,0,0,0,0,1,0,6,3,7,41.92372832,-87.79277661
0,353101,-1,30,0,0,0,1,12,5,4,0,0,0,0,-1,-1,-1,21,11,1532,-1,-1,-1,-1,-1,-1,2,0,0,0,0,0,2,0,6,3,7,41.88882604,-87.74573308
0,354451,-1,20,0,0,0,1,7,6,1,0,0,0,0,-1,-1,1,20,-1,1533,-1,-1,-1,-1,-1,-1,2,0,0,0,0,0,1,0,6,3,7,41.87938069,-87.74616429
0,353034,-1,35,1,1,0,1,12,2,-1,0,0,0,0,-1,-1,-1,4,3,911,-1,-1,-1,-1,-1,-1,2,0,0,0,0,0,3,0,6,3,7,41.82980641,-87.70475451
0,353031,1,25,0,0,0,1,7,5,-1,0,0,0,0,-1,-1,-1,0,0,1722,-1,-1,-1,-1,-1,-1,2,0,0,0,0,0,1,0,6,3,7,41.96657479,-87.73142414
0,352997,-1,30,0,0,0,3,7,6,1,0,0,-1,1,-1,-1,-1,27,25,2531,-1,-1,-1,-1,-1,-1,3,0,0,0,0,0,1,0,4,3,7,41.90606785,-87.77442927
3,352983,-1,25,0,0,0,3,2,2,2,0,0,0,1,-1,-1,-1,25,-1,2513,-1,0,-1,-1,-1,-1,1,1,0,1,0,0,0,0,2,3,7,41.91080032,-87.80568272
0,356905,-1,30,2,2,0,3,0,1,-1,0,0,0,0,-1,-1,-1,0,0,2533,-1,-1,-1,-1,-1,-1,2,0,0,0,0,0,2,0,2,3,7,41.91329472,-87.75293333
0,352968,-1,20,2,2,0,3,7,2,2,0,0,0,0,-1,-1,1,0,0,623,-1,-1,-1,-1,-1,-1,2,0,0,0,0,0,1,0,2,3,7,41.75643461,-87.61842046
0,352954,-1,30,0,0,0,3,2,5,2,0,0,0,1,1,-1,-1,16,0,412,-1,-1,-1,-1,-1,-1,1,0,0,0,0,0,2,0,1,3,7,41.73878314,-87.57589446
2,352932,-1,30,0,0,0,0,2,5,2,3,1,0,1,-1,-1,-1,0,-1,434,-1,-1,-1,-1,-1,-1,1,1,0,0,1,0,0,0,1,3,7,41.68301419,-87.57617495
2,352920,-1,30,2,2,0,3,8,2,2,0,0,0,1,1,-1,-1,5,16,623,-1,-1,-1,-1,-1,-1,2,1,0,0,1,0,1,0,0,3,7,41.75660931,-87.6198112
2,352896,-1,30,1,2,0,0,14,2,-1,0,0,0,1,1,-1,-1,6,17,1014,-1,-1,-1,-1,-1,-1,2,2,0,0,2,0,1,0,0,3,7,41.85295257,-87.72000846
2,352879,-1,30,0,0,0,0,14,5,2,0,0,0,1,0,-1,1,25,-1,2521,-1,-1,-1,-1,-1,-1,2,2,0,0,2,0,1,0,23,2,7,41.92691951,-87.75610197
0,353066,-1,30,0,0,-1,-1,7,6,1,0,-1,-1,0,-1,-1,1,-1,-1,735,-1,-1,-1,-1,-1,-1,2,0,0,0,0,0,1,0,23,2,7,41.76077348,-87.66992398
0,352910,1,30,0,0,0,3,7,6,1,0,0,0,0,-1,-1,1,0,0,421,-1,-1,-1,-1,-1,-1,2,0,0,0,0,0,1,0,23,2,7,41.75378285,-87.55657635
3,352842,-1,35,1,1,0,3,2,3,-1,0,0,0,1,-1,-1,1,21,-1,331,-1,-1,-1,-1,-1,-1,2,1,0,1,0,0,1,0,23,2,7,41.79162695,-87.58025358
0,352901,-1,30,1,2,0,3,14,5,-1,0,0,0,0,-1,-1,1,6,0,1131,-1,-1,-1,-1,-1,-1,2,0,0,0,0,0,2,0,23,2,7,41.87669679,-87.74499628
0,352834,-1,30,-1,-1,0,3,7,5,4,0,0,-1,0,-1,-1,1,16,-1,1022,-1,-1,-1,-1,-1,-1,2,0,0,0,0,0,2,0,22,2,7,41.86634182,-87.70121598
0,352857,-1,20,2,2,0,3,7,6,1,0,0,0,0,-1,-1,1,0,0,611,-1,-1,-1,-1,-1,-1,3,0,0,0,0,0,1,0,22,2,7,41.75390152,-87.66367033
0,353097,-1,30,2,2,0,3,0,6,-1,0,0,0,0,-1,-1,-1,0,0,2534,-1,-1,-1,-1,-1,-1,2,0,0,0,0,0,4,0,22,2,7,41.90515778,-87.73363253
0,353727,-1,30,1,2,0,1,12,5,-1,0,0,0,0,1,-1,-1,0,0,912,-1,-1,-1,-1,-1,-1,2,0,0,0,0,0,2,0,22,2,7,41.83192152,-87.67537934
0,353629,1,30,0,0,0,-1,7,2,2,0,0,0,0,-1,-1,1,-1,-1,2523,-1,-1,-1,-1,-1,-1,2,0,0,0,0,0,1,0,22,2,7,41.93572915,-87.73801344
0,352778,-1,25,0,0,0,3,7,5,-1,0,0,0,0,-1,-1,-1,20,11,412,-1,-1,-1,-1,-1,-1,2,0,0,0,0,0,1,0,21,2,7,41.74161147,-87.58328163
0,352812,-1,10,0,0,1,0,7,7,-1,0,2,-1,0,-1,-1,-1,11,-1,1814,-1,-1,-1,-1,-1,-1,3,0,0,0,0,0,1,0,21,2,7,41.91122456,-87.62648257
0,352871,-1,30,0,0,0,3,7,6,1,0,0,0,0,-1,-1,1,25,20,1031,-1,-1,-1,-1,-1,-1,3,0,0,0,0,0,2,0,21,2,7,41.8375756,-87.73180715
0,352795,-1,30,0,0,0,3,7,6,1,0,0,0,1,-1,-1,-1,32,0,1812,-1,-1,-1,-1,-1,-1,2,0,0,0,0,0,1,0,21,2,7,41.91841995,-87.64231357
0,352787,-1,35,0,0,0,0,12,6,2,0,0,0,0,-1,-1,-1,0,0,1834,-1,-1,-1,-1,-1,-1,2,0,0,0,0,0,2,0,21,2,7,41.89113317,-87.61916021
3,352799,-1,30,12,12,0,3,8,2,-1,0,0,0,1,-1,-1,-1,21,-1,1935,-1,-1,1,-1,-1,-1,2,1,0,1,0,0,2,0,21,2,7,41.92603756,-87.64937909
0,352790,-1,35,1,2,0,3,14,5,-1,0,0,0,0,-1,-1,-1,23,23,1733,-1,-1,-1,-1,-1,-1,2,0,0,0,0,0,2,0,21,2,7,41.9393515,-87.69848351
0,352792,-1,30,0,0,0,3,2,5,-1,0,0,0,0,-1,1,-1,0,0,1931,-1,-1,-1,-1,-1,-1,1,0,0,0,0,0,1,0,21,2,7,41.92791695,-87.67291894
0,352749,-1,30,2,0,0,0,10,2,-1,0,0,0,0,1,-1,1,18,-1,2523,-1,-1,-1,-1,-1,-1,2,0,0,0,0,0,2,0,21,2,7,41.93792442,-87.72729744
3,352760,-1,35,1,2,0,0,8,5,-1,0,0,0,1,1,-1,-1,35,-1,123,-1,-1,-1,-1,-1,-1,2,1,0,1,0,0,1,0,21,2,7,41.87449975,-87.62438369
0,352755,-1,30,0,0,0,3,2,2,4,0,1,-1,0,-1,-1,-1,13,-1,832,-1,0,-1,0,-1,-1,1,0,0,0,0,0,1,0,21,2,7,41.76433012,-87.68308688
0,352803,-1,30,1,2,0,3,10,3,-1,0,0,0,0,-1,-1,-1,0,0,833,-1,-1,-1,-1,-1,-1,2,0,0,0,0,0,4,0,21,2,7,41.76038824,-87.74162717
0,352735,-1,30,0,0,0,3,12,2,4,0,-1,-1,0,-1,-1,-1,16,0,1512,-1,-1,-1,-1,-1,-1,2,0,0,0,0,0,2,0,21,2,7,41.88284508,-87.76509545
0,355355,-1,30,0,0,0,3,12,2,-1,0,0,0,0,-1,-1,-1,0,0,1213,-1,-1,-1,-1,-1,-1,2,0,0,0,0,0,2,0,21,2,7,41.89634413,-87.65713717
0,352781,-1,5,0,0,0,3,7,7,-1,0,1,0,0,-1,0,1,0,0,813,-1,-1,-1,-1,-1,-1,2,0,0,0,0,0,1,0,21,2,7,41.78688968,-87.73262962
0,352783,-1,35,1,2,0,3,10,5,-1,0,0,0,0,1,-1,-1,0,0,2523,-1,-1,-1,-1,-1,-1,2,0,0,0,0,0,6,0,21,2,7,41.93183103,-87.72712687