MOST_SEVERE_INJURY,RD_NO,CRASH_DATE_EST_I,POSTED_SPEED_LIMIT,TRAFFIC_CONTROL_DEVICE,DEVICE_CONDITION,WEATHER_CONDITION,LIGHTING_CONDITION,FIRST_CRASH_TYPE,TRAFFICWAY_TYPE,LANE_CNT,ALIGNMENT,ROADWAY_SURFACE_COND,ROAD_DEFECT,CRASH_TYPE,INTERSECTION_RELATED_I,NOT_RIGHT_OF_WAY_I,HIT_AND_RUN_I,PRIM_CONTRIBUTORY_CAUSE,SEC_CONTRIBUTORY_CAUSE,BEAT_OF_OCCURRENCE,PHOTOS_TAKEN_I,STATEMENTS_TAKEN_I,DOORING_I,WORK_ZONE_I,WORK_ZONE_TYPE,WORKERS_PRESENT_I,NUM_UNITS,INJURIES_TOTAL,INJURIES_FATAL,INJURIES_INCAPACITATING,INJURIES_NON_INCAPACITATING,INJURIES_REPORTED_NOT_EVIDENT,INJURIES_NO_INDICATION,INJURIES_UNKNOWN,CRASH_HOUR,CRASH_DAY_OF_WEEK,CRASH_MONTH,LATITUDE,LONGITUDE
0,352752,-1,35,1,2,0,0,14,3,4,0,0,0,0,-1,-1,-1,0,0,1935,-1,-1,-1,-1,-1,-1,2,0,0,0,0,0,2,0,21,2,7,41.92620072,-87.63133087
0,352733,-1,30,0,0,0,3,7,5,2,0,0,0,0,-1,-1,1,16,25,1623,-1,-1,-1,-1,-1,-1,2,0,0,0,0,0,1,0,20,2,7,41.97331459,-87.75482796
2,352690,-1,30,1,2,0,3,14,5,2,0,0,0,1,1,-1,-1,17,23,1115,-1,-1,-1,-1,-1,-1,2,1,0,0,1,0,2,0,20,2,7,41.88067699,-87.72581613
2,355525,-1,30,2,2,-1,-1,9,6,1,0,-1,-1,1,-1,-1,1,17,16,2031,-1,-1,-1,-1,-1,-1,2,1,0,0,1,0,1,0,20,2,7,41.96977313,-87.69440522
0,352764,-1,30,0,0,0,4,14,2,1,0,0,0,0,-1,-1,-1,17,-1,1122,-1,-1,-1,-1,-1,-1,2,0,0,0,0,0,2,0,20,2,7,41.8918514,-87.721606
0,352693,-1,30,0,0,0,2,10,5,-1,0,0,0,0,-1,-1,-1,-1,-1,822,-1,-1,-1,-1,-1,-1,2,0,0,0,0,0,2,0,20,2,7,41.78615531,-87.70349314
0,355328,-1,0,0,0,-1,-1,7,2,-1,0,-1,-1,0,-1,-1,1,0,-1,1135,-1,-1,-1,-1,-1,-1,2,0,0,0,0,0,1,0,20,2,7,41.87376083,-87.68793622
0,353930,-1,30,1,2,0,1,14,5,2,0,0,0,0,1,-1,-1,23,20,234,-1,-1,-1,-1,-1,-1,2,0,0,0,0,0,2,0,19,2,7,41.80225657,-87.58794309
0,352756,-1,20,0,0,0,1,0,7,-1,0,0,0,0,-1,1,-1,0,0,1614,-1,-1,-1,-1,-1,-1,2,0,0,0,0,0,2,0,19,2,7,41.97387328,-87.84270773
2,353518,-1,30,1,2,0,1,10,5,-1,0,0,0,1,1,-1,-1,-1,-1,412,-1,-1,-1,-1,-1,-1,2,1,0,0,1,0,1,0,19,2,7,41.73740694,-87.58506914
0,352660,-1,30,0,0,0,1,12,6,1,0,-1,-1,0,-1,-1,-1,22,22,1922,-1,-1,-1,-1,-1,-1,2,0,0,0,0,0,2,0,19,2,7,41.94887076,-87.67149006
0,352701,-1,30,1,2,0,1,10,3,-1,0,0,0,0,-1,-1,1,0,-1,512,-1,-1,-1,-1,-1,-1,2,0,0,0,0,0,3,0,19,2,7,41.70737397,-87.60413696
0,352634,-1,5,-1,-1,0,2,7,12,-1,0,-1,-1,0,-1,1,-1,0,-1,1034,-1,-1,-1,-1,-1,-1,2,0,0,0,0,0,1,0,19,2,7,41.84111018,-87.68542555
2,352577,-1,30,2,2,0,1,0,5,-1,0,0,0,1,0,-1,1,5,0,533,-1,-1,-1,-1,-1,-1,2,1,0,0,1,0,2,0,19,2,7,41.65710598,-87.60315505
0,352604,-1,30,0,0,0,1,7,6,1,0,0,0,0,-1,-1,-1,0,0,512,-1,1,-1,-1,-1,-1,2,0,0,0,0,0,1,0,19,2,7,41.70276298,-87.6052232
0,362295,-1,30,1,2,0,1,0,5,2,0,0,0,0,1,-1,1,17,-1,424,-1,-1,-1,-1,-1,-1,2,0,0,0,0,0,3,0,19,2,7,41.72816982,-87.549966
0,352702,-1,30,1,2,0,3,10,2,2,0,0,0,0,-1,-1,-1,16,11,823,-1,-1,-1,-1,-1,-1,2,0,0,0,0,0,2,0,19,2,7,41.77894575,-87.70328312
0,352567,-1,30,0,0,0,1,12,12,4,0,0,0,0,-1,-1,-1,23,0,2013,-1,-1,-1,-1,-1,-1,3,0,0,0,0,0,3,0,19,2,7,41.98768011,-87.66034078
0,352562,-1,25,1,2,0,1,10,5,4,0,0,0,0,-1,-1,-1,18,-1,1823,-1,-1,-1,-1,-1,-1,2,0,0,0,0,0,2,0,19,2,7,41.90367343,-87.63893191
0,353924,0,5,0,0,0,1,7,7,-1,0,0,-1,0,-1,-1,-1,0,0,1915,-1,-1,-1,-1,-1,-1,2,0,0,0,0,0,1,0,19,2,7,41.96139778,-87.65459298
0,352817,-1,30,0,0,0,1,12,6,-1,0,0,0,0,-1,-1,-1,21,0,122,-1,-1,-1,-1,-1,-1,2,0,0,0,0,0,2,0,19,2,7,41.87948775,-87.63444223
0,352665,-1,30,-1,1,0,1,14,2,2,0,0,-1,0,-1,-1,-1,22,22,835,-1,-1,-1,-1,-1,-1,2,0,0,0,0,0,2,0,19,2,7,41.75022017,-87.68281769
0,352639,-1,30,0,0,0,1,14,5,-1,0,0,0,1,-1,-1,-1,0,-1,1632,-1,-1,-1,-1,-1,-1,2,0,0,0,0,0,2,0,19,2,7,41.93811579,-87.8060097
0,352598,-1,35,0,0,0,1,12,5,2,0,0,0,0,-1,-1,-1,17,-1,1931,-1,-1,-1,-1,-1,-1,3,0,0,0,0,0,2,0,19,2,7,41.93337214,-87.67800597
0,352596,-1,30,0,0,0,1,12,6,1,0,0,0,1,-1,-1,-1,17,-1,1414,-1,-1,-1,-1,-1,-1,2,0,0,0,0,0,3,0,19,2,7,41.92337067,-87.70181203
0,352560,-1,30,0,0,0,1,14,5,2,0,0,0,1,-1,-1,0,10,14,413,-1,-1,-1,-1,-1,-1,2,0,0,0,0,0,4,0,19,2,7,41.72588843,-87.59966203
0,352553,-1,30,0,0,0,1,10,5,-1,0,0,0,1,-1,-1,-1,18,18,1621,-1,-1,-1,-1,-1,-1,2,0,0,0,0,0,2,0,19,2,7,42.01185234,-87.77411282
2,352550,-1,30,0,0,0,1,9,2,4,0,0,0,1,-1,-1,-1,33,-1,1215,-1,-1,-1,-1,-1,-1,2,1,0,0,1,0,1,0,18,2,7,41.8955426,-87.65542425
0,352601,-1,15,0,0,0,1,10,7,1,0,0,-1,0,-1,1,1,20,0,632,-1,-1,-1,-1,-1,-1,2,0,0,0,0,0,2,0,18,2,7,41.73990595,-87.60506184
0,352650,-1,30,0,0,0,2,10,5,-1,0,0,0,0,-1,-1,-1,-1,-1,834,-1,-1,-1,-1,-1,-1,2,0,0,0,0,0,5,0,18,2,7,41.74152461,-87.74094382
4,352612,-1,30,0,0,0,1,1,5,2,0,0,0,1,1,-1,1,17,0,1732,-1,-1,-1,-1,-1,-1,2,1,1,0,0,0,1,0,18,2,7,41.93933805,-87.71639719
0,352581,-1,30,0,0,0,1,14,3,-1,0,0,0,0,-1,-1,-1,33,0,1921,-1,-1,-1,-1,-1,-1,2,0,0,0,0,0,2,0,18,2,7,41.94591211,-87.68808803
3,352575,-1,30,1,2,0,1,9,1,3,0,0,0,1,1,-1,-1,0,-1,1732,-1,-1,-1,-1,-1,-1,2,1,0,1,0,0,2,0,18,2,7,41.93902608,-87.72371652
0,352541,-1,30,2,2,0,1,10,5,-1,0,0,0,0,-1,-1,-1,0,-1,424,-1,-1,-1,-1,-1,-1,2,0,0,0,0,0,2,0,18,2,7,41.72653449,-87.55069353
1,354084,-1,30,1,2,0,1,9,5,3,0,-1,-1,1,-1,-1,1,17,17,1934,-1,-1,-1,-1,-1,-1,2,1,0,0,0,1,1,0,18,2,7,41.93669689,-87.63939856
0,353102,1,30,0,0,0,1,12,5,3,3,0,0,0,-1,-1,-1,17,0,235,-1,-1,-1,-1,-1,-1,2,0,0,0,0,0,2,0,18,2,7,41.79371421,-87.58552172
0,352640,-1,30,0,0,0,1,10,5,3,0,0,-1,0,-1,-1,1,0,0,412,-1,-1,-1,-1,-1,-1,3,0,0,0,0,0,3,0,18,2,7,41.73868319,-87.58583323
1,352582,-1,35,1,2,0,1,14,12,-1,0,0,0,1,1,-1,-1,6,16,611,-1,-1,-1,-1,-1,-1,2,2,0,0,0,2,0,0,18,2,7,41.75571944,-87.66371778
0,352711,-1,25,1,2,0,1,12,5,2,0,0,0,0,1,-1,-1,22,-1,623,-1,-1,-1,-1,-1,-1,2,0,0,0,0,0,3,0,18,2,7,41.75669118,-87.61516517
0,354124,-1,35,0,0,0,4,12,3,4,0,0,-1,0,-1,-1,-1,17,0,132,-1,-1,-1,-1,-1,-1,2,0,0,0,0,0,2,0,18,2,7,41.86597528,-87.62397064
0,352573,-1,30,1,2,0,1,10,3,-1,0,0,0,0,-1,-1,-1,0,0,114,-1,-1,-1,-1,-1,-1,2,0,0,0,0,0,2,0,18,2,7,41.87309942,-87.62405157
0,352523,-1,30,0,0,0,1,10,2,-1,0,0,-1,0,-1,-1,-1,17,-1,1622,-1,-1,-1,-1,-1,-1,2,0,0,0,0,0,2,0,18,2,7,41.96762292,-87.78460577
0,352521,-1,30,1,2,0,1,14,5,2,0,0,0,0,-1,-1,-1,17,-1,1122,-1,-1,-1,-1,-1,-1,2,0,0,0,0,0,2,0,18,2,7,41.88528722,-87.72077582
0,353217,-1,30,0,0,0,1,10,5,-1,0,0,0,0,-1,-1,1,16,-1,2221,-1,-1,-1,-1,-1,-1,2,0,0,0,0,0,2,0,18,2,7,41.72115055,-87.67501533
0,352545,-1,30,2,2,0,1,10,5,2,0,0,0,0,1,-1,-1,18,-1,1214,-1,-1,-1,-1,-1,-1,2,0,0,0,0,0,2,0,18,2,7,41.89120657,-87.65587219
0,352509,-1,30,0,0,0,1,10,7,-1,0,0,0,0,-1,-1,-1,-1,-1,815,-1,-1,-1,-1,-1,-1,2,0,0,0,0,0,2,0,18,2,7,41.80594524,-87.72367308
0,352555,-1,30,1,2,0,1,14,5,-1,0,0,0,0,1,-1,-1,22,-1,131,-1,-1,-1,-1,-1,-1,2,0,0,0,0,0,2,0,18,2,7,41.85298708,-87.63002661
0,352512,-1,40,0,0,0,1,10,3,8,0,0,0,1,-1,-1,-1,16,11,114,-1,-1,-1,-1,-1,-1,2,0,0,0,0,0,3,0,18,2,7,41.87316393,-87.61722788
0,352571,-1,30,0,0,0,1,7,6,3,0,0,0,0,-1,-1,-1,22,-1,121,-1,-1,-1,-1,-1,-1,2,0,0,0,0,0,1,0,18,2,7,41.88200786,-87.6382454
0,362780,-1,30,2,2,0,1,12,5,4,0,0,0,0,1,-1,-1,22,21,1431,-1,-1,-1,-1,-1,-1,2,0,0,0,0,0,2,0,18,2,7,41.92500994,-87.68770475
0,355938,-1,30,1,2,-1,4,10,5,5,0,-1,0,0,-1,-1,-1,6,-1,211,-1,-1,-1,-1,-1,-1,2,0,0,0,0,0,2,0,18,2,7,41.83841192,-87.60843282
0,352763,-1,30,0,0,0,1,14,7,-1,0,0,0,0,-1,-1,-1,23,-1,2515,-1,-1,-1,-1,-1,-1,2,0,0,0,0,0,2,0,18,2,7,41.92366106,-87.76612552
0,352565,-1,30,1,2,-1,1,14,6,2,0,-1,0,0,1,-1,-1,23,-1,122,-1,-1,-1,-1,-1,-1,2,0,0,0,0,0,2,0,18,2,7,41.88449841,-87.63404285
0,152513,-1,30,0,0,0,1,10,2,4,0,0,0,0,-1,-1,-1,18,-1,2012,-1,-1,-1,-1,-1,-1,2,0,0,0,0,0,7,0,18,2,7,41.99013026,-87.67059205
1,352459,-1,30,0,0,0,1,10,5,2,0,0,0,1,-1,-1,-1,8,18,734,-1,-1,-1,-1,-1,-1,3,4,0,0,0,4,4,0,17,2,7,41.76483395,-87.66134636
3,352483,-1,30,0,0,0,1,8,5,2,0,0,0,1,-1,-1,-1,0,0,1232,-1,-1,-1,-1,-1,-1,2,1,0,1,0,0,1,0,17,2,7,41.86577436,-87.65086036
0,364504,-1,30,0,0,0,1,7,5,1,0,0,0,0,-1,-1,-1,22,0,1711,-1,-1,-1,-1,-1,-1,2,0,0,0,0,0,2,0,17,2,7,41.98696605,-87.74329415
0,352479,-1,5,0,0,0,1,7,7,2,0,0,0,0,-1,-1,-1,20,0,225,-1,-1,-1,-1,-1,-1,2,0,0,0,0,0,5,0,17,2,7,41.79623488,-87.63040492
0,352602,-1,30,0,0,0,1,7,5,-1,0,0,0,0,-1,-1,1,0,-1,1431,-1,-1,-1,-1,-1,-1,2,0,0,0,0,0,1,0,17,2,7,41.92396501,-87.69724672
0,352572,-1,35,1,2,0,1,12,5,-1,0,0,0,0,-1,-1,-1,21,0,122,-1,-1,-1,-1,-1,-1,2,0,0,0,0,0,2,0,17,2,7,41.88457905,-87.63396972
0,352470,-1,30,11,12,0,1,10,5,2,0,-1,-1,0,-1,-1,-1,33,0,2211,-1,-1,-1,-1,-1,-1,2,0,0,0,0,0,2,0,17,2,7,41.69172973,-87.69637752
2,352466,-1,30,0,0,0,1,14,5,2,0,0,0,1,-1,-1,-1,0,0,2521,-1,-1,-1,-1,-1,-1,2,2,0,0,2,0,1,0,17,2,7,41.9311375,-87.74427723
0,352476,-1,30,0,0,0,1,12,2,2,0,0,-1,1,-1,-1,-1,17,11,1925,-1,0,-1,-1,-1,-1,2,0,0,0,0,0,2,0,17,2,7,41.94800005,-87.64569566
0,356209,1,30,0,0,0,1,11,7,1,0,0,0,0,-1,-1,1,0,0,1624,-1,-1,-1,-1,-1,-1,2,0,0,0,0,0,2,0,17,2,7,41.95502071,-87.74979329
0,352431,-1,30,0,0,0,1,0,5,1,0,0,0,0,-1,-1,-1,17,-1,1622,-1,-1,-1,-1,-1,-1,2,0,0,0,0,0,2,0,17,2,7,41.9622544,-87.77714326
0,352469,-1,30,1,2,0,1,14,5,2,0,0,0,0,1,-1,-1,22,-1,132,-1,-1,-1,-1,-1,-1,2,0,0,0,0,0,2,0,17,2,7,41.84923758,-87.6185348
0,352451,-1,30,1,2,0,1,0,2,4,0,0,0,0,1,-1,1,17,11,822,-1,-1,-1,-1,-1,-1,2,0,0,0,0,0,7,0,17,2,7,41.79233004,-87.72298623
0,352449,-1,30,0,0,0,1,7,2,4,2,0,0,0,-1,-1,1,16,-1,2212,-1,-1,-1,-1,-1,-1,2,0,0,0,0,0,1,0,17,2,7,41.69189176,-87.68020522
0,352438,-1,30,1,2,0,1,14,12,0,0,0,0,0,-1,-1,-1,0,0,121,-1,-1,-1,-1,-1,-1,2,0,0,0,0,0,2,0,17,2,7,41.88462153,-87.64288558
0,352428,-1,30,0,0,0,1,10,7,-1,0,0,0,0,-1,-1,1,11,11,524,-1,-1,-1,-1,-1,-1,2,0,0,0,0,0,2,0,17,2,7,41.68109747,-87.64187248
1,352415,-1,30,0,0,0,1,12,2,-1,0,0,0,1,-1,-1,-1,0,0,2232,-1,-1,-1,-1,-1,-1,2,1,0,0,0,1,3,0,17,2,7,41.70698226,-87.64775773
0,354866,-1,15,0,0,0,4,7,7,-1,0,0,0,0,-1,1,1,20,16,1221,1,-1,-1,-1,-1,-1,2,0,0,0,0,0,1,0,17,2,7,41.89578931,-87.67770287
0,353852,-1,30,0,0,0,1,7,6,2,0,-1,-1,0,-1,-1,1,0,-1,1224,-1,-1,-1,-1,-1,-1,3,0,0,0,0,0,1,0,17,2,7,41.88296604,-87.65139519
0,353444,-1,30,0,0,0,1,7,5,2,0,0,0,0,-1,-1,1,0,-1,1223,-1,-1,-1,-1,-1,-1,2,0,0,0,0,0,1,0,17,2,7,41.88655139,-87.68405755
0,352766,-1,30,0,0,0,1,7,6,1,0,0,0,0,-1,-1,-1,-1,-1,2413,-1,-1,-1,-1,-1,-1,3,0,0,0,0,0,1,0,17,2,7,41.99646913,-87.69608739
0,352672,1,5,0,0,0,1,10,7,2,0,0,0,0,-1,-1,1,0,-1,131,-1,-1,-1,-1,-1,-1,2,0,0,0,0,0,2,0,17,2,7,41.86672435,-87.62596115
2,352365,-1,35,1,2,0,1,10,3,5,0,0,0,1,-1,-1,-1,18,16,622,-1,-1,-1,-1,-1,-1,3,2,0,0,1,1,4,0,17,2,7,41.73623418,-87.64301766
0,352377,-1,20,0,0,0,1,8,6,-1,0,0,0,0,-1,-1,-1,0,-1,2212,-1,-1,-1,-1,-1,-1,2,0,0,0,0,0,1,0,16,2,7,41.70485701,-87.66948569
0,352780,-1,30,1,2,0,1,14,5,3,0,0,0,0,-1,-1,1,21,17,122,-1,-1,-1,-1,-1,-1,2,0,0,0,0,0,2,0,16,2,7,41.88584734,-87.63552626
0,352367,-1,45,0,0,0,1,10,3,4,0,0,0,0,-1,-1,-1,18,0,1814,-1,-1,-1,-1,-1,-1,2,0,0,0,0,0,2,0,16,2,7,41.92562373,-87.63084455
0,352613,-1,0,0,0,0,1,7,12,2,0,0,0,0,-1,-1,-1,20,11,835,-1,-1,-1,-1,-1,-1,2,0,0,0,0,0,1,0,16,2,7,41.760742,-87.69543142
1,352534,-1,30,-1,-1,0,1,10,5,2,0,0,-1,1,-1,-1,-1,0,0,431,-1,-1,-1,-1,-1,-1,2,1,0,0,0,1,1,0,16,2,7,41.71015047,-87.5523522
0,352502,-1,30,0,0,0,1,0,2,4,0,0,0,0,-1,-1,-1,17,-1,1221,-1,-1,-1,-1,-1,-1,2,0,0,0,0,0,3,0,16,2,7,41.89526185,-87.69868226
0,355106,-1,30,0,0,0,1,11,7,2,0,0,0,0,-1,1,-1,0,0,632,-1,-1,-1,-1,-1,-1,2,0,0,0,0,0,2,0,16,2,7,41.73652664,-87.60581268
0,352501,-1,0,0,0,0,1,0,7,0,0,0,0,0,-1,1,-1,20,11,811,-1,-1,-1,-1,-1,-1,2,0,0,0,0,0,2,0,16,2,7,41.79185207,-87.8013778
0,352357,-1,10,0,0,0,1,7,7,2,0,0,0,0,-1,1,-1,20,-1,222,-1,-1,-1,-1,-1,-1,2,0,0,0,0,0,1,0,16,2,7,41.80591507,-87.58483902
0,352336,-1,30,0,0,0,1,7,6,1,0,0,0,0,-1,-1,1,0,0,2211,-1,-1,-1,-1,-1,-1,2,0,0,0,0,0,1,0,16,2,7,41.70506014,-87.68965159
0,353184,-1,30,1,0,0,1,0,2,2,0,0,0,0,-1,-1,-1,22,0,1115,-1,-1,-1,-1,-1,-1,2,0,0,0,0,0,2,0,16,2,7,41.87980685,-87.72578582
0,352441,-1,30,2,2,0,1,14,6,2,0,0,0,0,1,-1,-1,17,-1,1834,-1,-1,-1,-1,-1,-1,2,0,0,0,0,0,3,0,16,2,7,41.89339228,-87.61497788
0,352376,-1,30,0,0,0,1,12,2,6,0,0,0,0,-1,-1,-1,17,-1,1834,-1,-1,-1,-1,-1,-1,3,0,0,0,0,0,4,0,16,2,7,41.89497951,-87.62439997
0,352515,-1,30,1,2,0,1,14,3,-1,0,0,0,0,1,-1,-1,0,-1,111,-1,-1,-1,-1,-1,-1,2,0,0,0,0,0,2,0,16,2,7,41.8868758,-87.62468519
0,352384,1,35,1,2,0,1,0,2,-1,0,0,0,0,1,-1,-1,6,0,2022,-1,1,-1,-1,-1,-1,2,0,0,0,0,0,2,0,16,2,7,41.98561415,-87.65682441
0,352345,-1,30,0,0,0,1,14,5,-1,0,0,0,0,-1,-1,1,23,-1,1814,-1,-1,-1,-1,-1,-1,2,0,0,0,0,0,2,0,16,2,7,41.92550054,-87.6391788
0,352303,-1,30,0,0,0,1,10,5,-1,0,0,0,0,-1,-1,-1,0,0,2011,-1,-1,-1,-1,-1,-1,2,0,0,0,0,0,2,0,16,2,7,41.97813633,-87.6988493
0,352294,-1,30,1,2,0,1,10,5,4,0,0,0,0,-1,-1,-1,0,0,1722,-1,-1,-1,-1,-1,-1,2,0,0,0,0,0,2,0,16,2,7,41.95358351,-87.74312523
0,352277,-1,25,1,2,0,1,10,5,-1,0,0,0,0,-1,-1,-1,0,-1,2412,-1,-1,-1,-1,-1,-1,2,0,0,0,0,0,2,0,16,2,7,41.99793471,-87.68419579
0,352327,-1,30,0,0,0,1,10,3,2,0,0,0,0,-1,-1,1,9,11,2223,-1,-1,-1,-1,-1,-1,2,0,0,0,0,0,2,0,15,2,7,41.72895075,-87.6435684
0,352320,-1,30,0,0,0,1,11,5,2,0,0,0,0,-1,-1,-1,0,-1,1831,-1,-1,-1,-1,-1,-1,2,0,0,0,0,0,2,0,15,2,7,41.8940729,-87.63606586
0,353603,-1,30,1,2,2,1,10,2,2,0,1,-1,0,1,-1,1,18,0,622,-1,-1,-1,-1,-1,-1,2,0,0,0,0,0,2,0,15,2,7,41.74354185,-87.62577324
0,352344,-1,30,0,0,0,1,12,5,-1,0,0,0,0,-1,-1,-1,0,0,1932,-1,-1,-1,-1,-1,-1,2,0,0,0,0,0,2,0,15,2,7,41.92541883,-87.65739613
0,352298,-1,30,2,2,0,1,0,5,-1,0,0,0,1,-1,-1,-1,5,17,431,-1,-1,-1,-1,-1,-1,2,0,0,0,0,0,2,0,15,2,7,41.71343447,-87.56473175
1,352280,-1,30,0,0,0,1,10,6,2,2,0,12,1,-1,-1,1,16,-1,623,-1,-1,-1,-1,-1,-1,3,1,0,0,0,1,2,0,15,2,7,41.75632001,-87.62647558
0,351927,-1,30,0,0,0,0,10,5,3,0,0,0,0,-1,-1,-1,0,0,1811,-1,-1,-1,-1,-1,-1,2,0,0,0,0,0,2,0,15,2,7,41.91442371,-87.65462784
0,353785,-1,30,2,2,0,1,0,5,-1,0,0,-1,0,-1,-1,-1,0,0,2532,-1,-1,-1,-1,-1,-1,2,0,0,0,0,0,2,0,15,2,7,41.91318546,-87.76205017
0,352372,-1,30,1,2,0,1,10,5,4,0,-1,-1,0,-1,-1,-1,11,18,2013,-1,-1,-1,-1,-1,-1,2,0,0,0,0,0,2,0,15,2,7,41.98808053,-87.66757844
0,352522,-1,40,1,2,0,1,14,3,6,0,0,0,0,1,-1,1,0,-1,114,-1,-1,-1,-1,-1,-1,2,0,0,0,0,0,3,0,15,2,7,41.87319361,-87.61722829
0,352561,-1,25,0,0,0,1,14,7,-1,0,0,-1,0,-1,-1,-1,11,-1,2412,-1,-1,-1,-1,-1,-1,2,0,0,0,0,0,4,0,15,2,7,41.99753695,-87.70717493
0,352255,-1,30,0,0,0,1,10,2,-1,0,1,-1,0,-1,-1,1,0,0,912,-1,-1,-1,-1,-1,-1,2,0,0,0,0,0,2,0,15,2,7,41.83224666,-87.66574875
0,352247,-1,30,1,2,0,1,10,2,2,0,0,-1,0,1,-1,-1,18,0,324,-1,-1,-1,-1,-1,-1,2,0,0,0,0,0,2,0,15,2,7,41.76070361,-87.5856685
0,352235,-1,25,-1,-1,0,1,10,2,-1,0,0,-1,0,-1,-1,1,0,0,632,-1,-1,-1,-1,-1,-1,2,0,0,0,0,0,2,0,15,2,7,41.73645505,-87.61467291
0,352191,-1,25,0,0,0,1,10,5,-1,0,1,0,0,-1,-1,-1,-1,-1,1124,-1,-1,-1,-1,-1,-1,2,0,0,0,0,0,2,0,15,2,7,41.87722085,-87.70524106
2,352263,-1,30,2,2,0,1,10,5,2,0,0,0,1,-1,-1,1,18,18,1012,-1,-1,-1,-1,-1,-1,2,1,0,0,1,0,3,0,15,2,7,41.85262692,-87.72493187
0,352587,-1,30,1,2,0,1,12,5,-1,0,0,0,0,-1,-1,-1,21,-1,1231,-1,-1,-1,-1,-1,-1,2,0,0,0,0,0,2,0,15,2,7,41.8751259,-87.66677177
2,352264,-1,15,0,0,0,1,9,5,1,0,0,-1,1,-1,-1,-1,-1,0,314,-1,-1,-1,-1,-1,-1,3,2,0,0,2,0,1,0,15,2,7,41.782904,-87.59455459
2,352246,-1,30,0,0,0,1,10,2,4,0,0,0,1,-1,-1,1,0,-1,1621,-1,-1,-1,-1,-1,-1,3,1,0,0,1,0,2,0,15,2,7,41.99037544,-87.75183107
2,352723,-1,30,0,0,0,1,12,12,4,0,0,0,1,-1,-1,-1,21,-1,111,-1,-1,-1,-1,-1,-1,2,1,0,0,1,0,1,0,15,2,7,41.8843887,-87.625139
0,352306,-1,30,0,0,0,1,7,6,1,0,0,-1,1,-1,-1,1,0,0,732,-1,-1,-1,-1,-1,-1,2,0,0,0,0,0,1,0,15,2,7,41.76177723,-87.6401512
0,352287,-1,30,0,0,0,1,14,7,-1,0,0,0,0,-1,-1,1,10,-1,1225,-1,-1,-1,-1,-1,-1,2,0,0,0,0,0,2,0,15,2,7,41.86781446,-87.68015975
0,352203,-1,20,0,0,0,1,3,5,2,0,0,0,0,-1,-1,-1,20,11,823,-1,-1,-1,-1,-1,-1,2,0,0,0,0,0,2,0,15,2,7,41.77528857,-87.71215556
1,352627,-1,30,1,2,0,1,2,3,2,0,1,0,1,1,-1,-1,25,25,423,-1,-1,-1,-1,-1,-1,2,1,0,0,0,1,3,0,15,2,7,41.73317083,-87.56031598
0,352356,-1,30,0,0,0,1,0,5,2,0,0,0,0,-1,-1,-1,20,-1,1834,-1,-1,-1,-1,-1,-1,2,0,0,0,0,0,2,0,15,2,7,41.89433899,-87.61906751
1,352211,-1,30,1,2,2,1,10,5,-1,0,1,12,1,-1,-1,-1,0,-1,725,-1,-1,-1,0,-1,-1,2,1,0,0,0,1,2,0,15,2,7,41.76898713,-87.66378265
0,352229,-1,30,0,0,0,1,7,6,1,0,0,0,0,-1,-1,-1,-1,-1,221,-1,-1,-1,-1,-1,-1,2,0,0,0,0,0,10,0,15,2,7,-1,-1
0,352237,-1,30,0,0,0,1,7,5,2,0,0,0,0,-1,-1,-1,0,-1,212,-1,-1,-1,-1,-1,-1,2,0,0,0,0,0,1,0,15,2,7,41.83097501,-87.61903528
0,366822,1,30,0,0,0,1,7,5,2,0,0,-1,0,-1,-1,-1,0,-1,524,-1,-1,-1,-1,-1,-1,2,0,0,0,0,0,1,0,15,2,7,41.67776039,-87.65366214
2,356480,-1,30,0,0,-1,1,10,3,2,0,-1,-1,1,-1,-1,-1,18,-1,1215,-1,-1,-1,-1,-1,-1,2,1,0,0,1,0,1,0,15,2,7,41.89516943,-87.65574005
0,352768,-1,30,1,2,0,1,10,6,3,0,0,-1,0,1,-1,-1,18,-1,123,-1,-1,-1,-1,-1,-1,2,0,0,0,0,0,2,0,15,2,7,41.87549991,-87.63075825
0,352417,-1,30,0,0,0,1,7,6,-1,0,0,0,0,-1,-1,-1,0,-1,1231,-1,-1,-1,-1,-1,-1,2,0,0,0,0,0,1,0,15,2,7,41.87517436,-87.67356672
0,352256,-1,30,2,-1,2,1,0,5,2,0,1,-1,0,-1,-1,-1,0,0,413,-1,-1,-1,-1,-1,-1,2,0,0,0,0,0,2,0,15,2,7,41.73165691,-87.57694887
0,352217,-1,30,2,2,0,1,14,5,2,0,0,0,0,1,-1,1,25,11,1214,-1,-1,-1,-1,-1,-1,2,0,0,0,0,0,2,0,15,2,7,41.89510472,-87.64904418
3,352207,-1,30,0,2,0,1,10,2,2,0,0,0,1,-1,-1,-1,16,18,622,-1,-1,-1,-1,-1,-1,2,2,0,2,0,0,2,0,15,2,7,41.7410987,-87.63834416
0,352289,-1,30,1,2,2,1,7,6,4,0,1,0,0,-1,-1,-1,7,-1,122,-1,-1,-1,-1,-1,-1,2,0,0,0,0,0,2,0,14,2,7,41.87927992,-87.63340457