MOST_SEVERE_INJURY,RD_NO,CRASH_DATE_EST_I,POSTED_SPEED_LIMIT,TRAFFIC_CONTROL_DEVICE,DEVICE_CONDITION,WEATHER_CONDITION,LIGHTING_CONDITION,FIRST_CRASH_TYPE,TRAFFICWAY_TYPE,LANE_CNT,ALIGNMENT,ROADWAY_SURFACE_COND,ROAD_DEFECT,CRASH_TYPE,INTERSECTION_RELATED_I,NOT_RIGHT_OF_WAY_I,HIT_AND_RUN_I,PRIM_CONTRIBUTORY_CAUSE,SEC_CONTRIBUTORY_CAUSE,BEAT_OF_OCCURRENCE,PHOTOS_TAKEN_I,STATEMENTS_TAKEN_I,DOORING_I,WORK_ZONE_I,WORK_ZONE_TYPE,WORKERS_PRESENT_I,NUM_UNITS,INJURIES_TOTAL,INJURIES_FATAL,INJURIES_INCAPACITATING,INJURIES_NON_INCAPACITATING,INJURIES_REPORTED_NOT_EVIDENT,INJURIES_NO_INDICATION,INJURIES_UNKNOWN,CRASH_HOUR,CRASH_DAY_OF_WEEK,CRASH_MONTH,LATITUDE,LONGITUDE
0,352231,-1,30,0,0,0,1,12,2,4,0,0,0,0,-1,-1,-1,22,11,933,-1,-1,-1,-1,-1,-1,2,0,0,0,0,0,2,0,14,2,7,41.80681933,-87.65534246
2,352225,-1,30,0,0,2,1,10,2,2,0,1,0,1,-1,-1,-1,16,0,911,-1,-1,-1,-1,-1,-1,2,1,0,0,1,0,1,0,14,2,7,41.82506487,-87.69482206
0,352194,-1,30,0,0,0,1,12,-1,-1,0,0,0,0,-1,-1,-1,-1,-1,832,-1,-1,-1,-1,-1,-1,2,0,0,0,0,0,3,0,14,2,7,41.76832337,-87.68217252
0,352180,-1,30,1,2,0,1,7,5,-1,0,0,0,1,-1,-1,-1,22,22,1621,-1,-1,-1,-1,-1,-1,3,0,0,0,0,0,2,0,14,2,7,41.9754266,-87.75180199
0,352169,-1,30,0,0,2,1,10,2,4,0,1,12,1,-1,-1,-1,16,-1,714,-1,-1,-1,0,-1,-1,2,0,0,0,0,0,2,0,14,2,7,41.78393306,-87.66447471
0,352155,-1,30,1,2,0,1,10,3,6,0,0,0,0,-1,-1,1,15,21,331,-1,-1,-1,-1,-1,-1,2,0,0,0,0,0,2,0,14,2,7,41.79178824,-87.58030293
2,352181,-1,20,0,0,0,1,10,7,2,0,0,0,1,-1,-1,1,20,20,1614,-1,1,-1,-1,-1,-1,2,1,0,0,1,0,1,0,14,2,7,41.98678859,-87.84012417
0,352309,-1,20,0,0,0,1,12,2,-1,0,0,0,0,-1,-1,-1,-1,-1,2422,-1,-1,-1,-1,-1,-1,2,0,0,0,0,0,2,0,14,2,7,42.01770121,-87.6720115
0,352226,-1,30,1,2,1,1,14,6,2,0,0,0,0,-1,-1,1,18,11,722,-1,-1,-1,-1,-1,-1,2,0,0,0,0,0,2,0,14,2,7,41.77280381,-87.62644826
0,352176,-1,30,1,2,2,1,10,2,2,0,1,0,0,-1,-1,-1,16,15,623,-1,-1,-1,-1,-1,-1,2,0,0,0,0,0,2,0,14,2,7,41.75649015,-87.61522679
0,352374,-1,30,1,2,0,1,10,8,2,2,0,-1,0,1,-1,-1,18,0,1934,-1,-1,-1,-1,-1,-1,2,0,0,0,0,0,2,0,14,2,7,41.94046617,-87.63806729
0,352210,-1,30,1,2,2,1,10,5,0,0,1,0,0,1,-1,-1,34,18,1013,-1,-1,-1,-1,-1,-1,2,0,0,0,0,0,2,0,14,2,7,41.84777752,-87.73450597
0,352160,-1,30,-1,-1,0,1,14,5,-1,0,-1,-1,0,-1,-1,-1,0,-1,2513,-1,-1,-1,-1,-1,-1,2,0,0,0,0,0,2,0,14,2,7,41.91087434,-87.78331749
0,371590,0,30,0,-1,1,1,2,-1,-1,0,0,1,0,-1,-1,-1,0,-1,624,-1,-1,-1,-1,-1,-1,1,0,0,0,0,0,1,0,14,2,7,41.75681493,-87.5975159
1,353405,-1,0,1,2,0,1,10,2,4,0,1,0,1,-1,-1,-1,0,-1,624,-1,-1,-1,-1,-1,-1,2,1,0,0,0,1,2,0,14,2,7,41.7568459,-87.60549464
0,352648,-1,30,1,2,2,1,10,5,2,0,0,0,0,-1,-1,-1,16,11,823,-1,-1,-1,-1,-1,-1,4,0,0,0,0,0,4,0,14,2,7,41.77889657,-87.70206217
0,352404,-1,25,0,0,0,1,7,6,1,0,0,0,0,-1,-1,1,0,0,2511,-1,-1,-1,-1,-1,-1,2,0,0,0,0,0,1,0,14,2,7,41.93525633,-87.81627467
0,352257,-1,30,0,0,0,1,7,5,2,0,0,0,0,-1,-1,-1,21,-1,1822,-1,-1,-1,-1,-1,-1,2,0,0,0,0,0,1,0,14,2,7,41.90702295,-87.65079398
0,352248,-1,30,1,2,0,1,12,2,4,0,0,-1,1,1,-1,-1,17,-1,1115,-1,-1,-1,-1,-1,-1,2,0,0,0,0,0,3,0,14,2,7,41.88061484,-87.72578883
0,352227,-1,30,1,2,0,1,10,2,4,0,0,-1,0,-1,-1,1,16,-1,1624,-1,-1,-1,-1,-1,-1,2,0,0,0,0,0,2,0,14,2,7,41.95742942,-87.74757442
0,352202,-1,30,0,0,0,1,7,5,-1,0,0,0,0,-1,-1,-1,17,-1,2032,-1,-1,-1,-1,-1,-1,2,0,0,0,0,0,1,0,14,2,7,41.97580708,-87.66946048
0,352159,-1,30,1,2,0,1,10,3,4,0,0,0,0,-1,-1,-1,16,11,814,-1,-1,-1,-1,-1,-1,2,0,0,0,0,0,2,0,14,2,7,41.80753037,-87.74329682
2,352141,-1,30,2,2,0,1,9,6,2,0,0,0,1,1,-1,-1,17,-1,1833,-1,-1,-1,-1,-1,-1,2,1,0,0,1,0,1,0,14,2,7,41.89838385,-87.62705164
0,352353,-1,30,1,2,0,1,14,5,2,0,0,0,0,-1,-1,-1,0,-1,124,-1,-1,-1,-1,-1,-1,2,0,0,0,0,0,3,0,14,2,7,41.87446342,-87.64381593
0,352250,1,30,0,0,0,1,14,5,-1,0,0,0,0,-1,-1,-1,18,-1,2022,-1,-1,-1,-1,-1,-1,2,0,0,0,0,0,2,0,14,2,7,41.98534626,-87.66003642
0,352213,-1,30,0,0,0,1,7,6,-1,0,0,0,0,-1,-1,1,-1,-1,624,-1,-1,-1,-1,-1,-1,2,0,0,0,0,0,1,0,14,2,7,41.75124408,-87.6004815
1,352128,-1,30,1,2,0,1,10,2,2,0,1,0,1,-1,-1,-1,18,34,2512,-1,-1,-1,-1,-1,-1,2,1,0,0,0,1,2,0,14,2,7,41.92690735,-87.78542181
1,352151,-1,20,5,0,0,1,9,6,-1,0,1,0,1,-1,-1,-1,0,0,1512,-1,-1,-1,-1,-1,-1,2,1,0,0,0,1,1,0,14,2,7,41.88580912,-87.76629763
0,352362,-1,30,0,0,2,1,10,3,2,0,1,0,0,-1,-1,1,18,-1,1032,-1,-1,-1,-1,-1,-1,2,0,0,0,0,0,2,0,14,2,7,41.83201716,-87.70482092
0,352252,-1,30,1,2,2,1,10,5,0,0,1,0,0,1,-1,-1,34,18,1023,-1,-1,-1,-1,-1,-1,2,0,0,0,0,0,2,0,14,2,7,41.85207667,-87.69066898
1,352179,-1,30,0,0,0,1,0,5,2,0,1,0,1,-1,-1,1,0,-1,1112,-1,-1,-1,-1,-1,-1,2,2,0,0,0,2,1,0,14,2,7,41.90234127,-87.72127278
0,352136,-1,10,9,0,0,1,0,2,2,3,0,0,0,-1,-1,-1,33,-1,1733,-1,-1,-1,-1,-1,-1,2,0,0,0,0,0,3,0,14,2,7,41.94653898,-87.70208489
0,353665,-1,30,0,0,2,1,12,6,2,0,1,0,0,-1,-1,-1,22,15,914,-1,-1,-1,-1,-1,-1,2,0,0,0,0,0,2,0,14,2,7,41.8434446,-87.64412895
0,352243,-1,35,0,0,0,1,0,5,-1,0,0,0,0,-1,-1,-1,0,0,1722,-1,-1,-1,-1,-1,-1,2,0,0,0,0,0,2,0,14,2,7,41.95375687,-87.72769851
0,361843,-1,30,1,2,0,1,14,5,2,0,0,0,1,1,-1,-1,17,0,1634,-1,-1,-1,-1,-1,-1,2,0,0,0,0,0,2,0,14,2,7,41.94623183,-87.74719769
0,359407,-1,30,1,2,2,1,10,5,4,0,1,-1,0,-1,-1,-1,18,0,2031,-1,-1,-1,-1,-1,-1,2,0,0,0,0,0,2,0,14,2,7,41.96882682,-87.68905826
2,353993,-1,30,1,2,0,1,9,6,-1,0,0,0,1,-1,-1,-1,0,0,122,-1,-1,-1,-1,-1,-1,2,1,0,0,1,0,1,0,14,2,7,41.88317822,-87.63371329
0,353453,-1,30,0,0,0,1,7,6,1,0,0,0,0,-1,-1,-1,11,0,634,-1,-1,-1,-1,-1,-1,2,0,0,0,0,0,2,0,14,2,7,41.72965644,-87.62962594
2,353183,-1,30,2,12,2,1,14,12,-1,0,1,0,1,1,-1,-1,17,-1,1412,-1,-1,-1,-1,-1,-1,2,3,0,0,3,0,2,0,14,2,7,41.93203245,-87.7161131
0,352230,-1,30,1,2,0,1,10,6,2,0,0,0,0,1,-1,1,18,-1,111,-1,-1,-1,-1,-1,-1,2,0,0,0,0,0,2,0,14,2,7,41.88695983,-87.63085868
0,352089,-1,30,1,2,2,1,10,2,2,0,1,0,0,-1,-1,-1,0,0,1712,-1,-1,-1,-1,-1,-1,2,0,0,0,0,0,2,0,14,2,7,41.96840867,-87.72276878
3,352082,-1,30,1,2,2,1,8,3,-1,0,1,-1,1,1,-1,-1,2,-1,1214,-1,-1,-1,-1,-1,-1,2,1,0,1,0,0,1,0,14,2,7,41.8934848,-87.64773384
0,352061,0,30,0,0,0,1,10,2,2,0,0,0,1,-1,-1,-1,22,34,1433,-1,-1,-1,-1,-1,-1,2,0,0,0,0,0,2,0,13,2,7,41.91598101,-87.66919931
0,352114,-1,30,1,2,2,1,10,5,-1,0,1,0,0,-1,-1,1,0,-1,1132,-1,-1,-1,-1,-1,-1,1,0,0,0,0,0,1,0,13,2,7,41.87001124,-87.72546431
0,352103,-1,25,0,0,0,1,10,5,2,0,0,-1,0,-1,-1,-1,0,-1,2413,-1,-1,-1,-1,-1,-1,2,0,0,0,0,0,4,0,13,2,7,41.99435861,-87.69938322
0,352066,-1,30,0,0,0,1,12,5,2,0,0,0,0,-1,-1,-1,0,11,132,-1,-1,-1,-1,-1,-1,2,0,0,0,0,0,2,0,13,2,7,41.84926163,-87.62233971
0,352063,-1,30,1,-1,-1,1,10,5,-1,0,-1,-1,0,1,-1,-1,17,-1,1623,-1,-1,-1,-1,-1,-1,2,0,0,0,0,0,2,0,13,2,7,41.96076416,-87.75252267
0,352057,-1,30,1,2,0,1,10,2,-1,0,0,3,0,1,-1,-1,16,16,714,-1,-1,-1,-1,-1,-1,2,0,0,0,0,0,2,0,13,2,7,41.78665418,-87.66453916
0,352107,-1,30,1,2,0,1,11,5,1,0,0,-1,0,-1,-1,-1,20,0,1923,-1,-1,-1,-1,-1,-1,2,0,0,0,0,0,4,0,13,2,7,41.95107964,-87.64996175
0,352396,-1,30,0,0,0,1,7,5,4,0,0,0,0,-1,-1,-1,0,-1,922,-1,-1,-1,-1,-1,-1,2,0,0,0,0,0,1,0,13,2,7,41.81300006,-87.68470646
2,352058,-1,35,1,2,0,1,0,5,2,0,0,0,1,1,-1,-1,6,-1,724,-1,-1,-1,-1,-1,-1,4,2,0,0,2,0,3,0,13,2,7,41.77951604,-87.65464687
0,352037,-1,30,1,2,0,1,12,5,-1,0,0,0,0,-1,-1,-1,0,0,2522,-1,-1,-1,-1,-1,-1,2,0,0,0,0,0,17,0,13,2,7,41.92405793,-87.7518042
0,352019,-1,30,1,2,2,1,14,5,-1,0,1,0,1,1,-1,-1,23,-1,1613,-1,-1,-1,-1,-1,-1,2,0,0,0,0,0,2,0,13,2,7,41.97625676,-87.7880083
1,352200,-1,30,0,0,0,1,12,5,-1,0,1,0,1,-1,-1,-1,0,0,1422,-1,-1,-1,-1,-1,-1,3,1,0,0,0,1,1,0,13,2,7,41.9099051,-87.71479822
0,352134,-1,30,-1,-1,0,1,10,2,4,0,0,-1,0,-1,-1,-1,18,-1,835,-1,-1,-1,-1,-1,-1,3,0,0,0,0,0,4,0,13,2,7,41.73563533,-87.68265034
0,354853,-1,30,1,2,0,1,12,5,-1,0,0,0,0,1,-1,-1,0,0,1831,-1,-1,-1,-1,-1,-1,2,0,0,0,0,0,2,0,13,2,7,41.89325671,-87.6370078
0,352900,-1,30,0,0,0,1,2,5,2,0,0,12,0,-1,-1,-1,15,28,1622,-1,-1,-1,1,-1,-1,1,0,0,0,0,0,1,0,13,2,7,41.97936083,-87.78765659
0,352122,-1,30,1,2,0,1,10,5,4,0,0,0,0,-1,-1,-1,16,11,614,-1,-1,-1,-1,-1,-1,3,0,0,0,0,0,3,0,13,2,7,41.73563844,-87.68240579
0,352033,-1,20,0,0,0,1,7,5,-1,0,0,0,0,-1,-1,1,0,-1,2413,-1,-1,-1,-1,-1,-1,2,0,0,0,0,0,1,0,13,2,7,41.99415605,-87.69357098
0,352004,-1,15,0,0,0,1,0,7,-1,0,0,0,0,-1,1,-1,20,-1,1711,-1,-1,-1,-1,-1,-1,2,0,0,0,0,0,3,0,13,2,7,41.99594671,-87.71618165
0,351969,-1,30,0,0,0,1,12,12,-1,0,0,0,0,-1,-1,-1,17,17,1711,-1,-1,-1,-1,-1,-1,3,0,0,0,0,0,3,0,13,2,7,41.99035083,-87.71871699
0,352177,-1,30,0,0,0,1,10,5,-1,0,0,0,0,-1,-1,1,18,18,1621,-1,-1,-1,-1,-1,-1,2,0,0,0,0,0,2,0,12,2,7,41.99622779,-87.76433185
0,352020,-1,30,0,0,0,1,14,6,-1,0,0,0,0,0,-1,-1,23,17,111,-1,-1,-1,-1,-1,-1,2,0,0,0,0,0,2,0,12,2,7,41.88555517,-87.62808273
0,351989,-1,30,1,2,0,1,14,3,3,0,0,0,0,1,-1,-1,23,-1,234,-1,-1,-1,-1,-1,-1,2,0,0,0,0,0,3,0,12,2,7,41.80240655,-87.58482701
3,351979,-1,30,2,2,0,1,0,5,2,0,0,0,1,-1,-1,-1,0,-1,1232,-1,-1,-1,-1,-1,-1,2,2,0,2,0,0,1,0,12,2,7,41.87782388,-87.6508877
0,353157,-1,30,0,0,-1,-1,7,5,-1,0,-1,12,0,-1,-1,-1,20,-1,1231,-1,-1,-1,-1,-1,-1,2,0,0,0,0,0,2,0,12,2,7,41.8716408,-87.6627865
0,352490,-1,30,0,0,0,1,7,7,0,0,0,0,0,-1,-1,1,25,-1,2515,-1,-1,-1,-1,-1,-1,2,0,0,0,0,0,1,0,12,2,7,41.92381178,-87.76985204
0,352117,1,30,0,0,0,1,0,0,-1,0,0,0,0,-1,-1,-1,17,-1,2413,-1,-1,-1,-1,-1,-1,2,0,0,0,0,0,2,0,12,2,7,41.99399378,-87.68911159
0,351995,-1,30,0,0,0,1,7,5,-1,0,0,2,0,-1,-1,-1,20,-1,1231,-1,-1,-1,-1,-1,-1,2,0,0,0,0,0,2,0,12,2,7,41.86942476,-87.6631888
0,351964,-1,30,1,2,0,1,10,5,4,0,0,0,0,-1,-1,-1,16,-1,1712,-1,-1,-1,-1,-1,-1,2,0,0,0,0,0,2,0,12,2,7,41.97579827,-87.71362075
2,351952,-1,30,1,2,0,1,8,1,2,0,0,0,1,1,-1,-1,12,0,1214,-1,-1,-1,-1,-1,-1,2,1,0,0,1,0,1,0,12,2,7,41.89136375,-87.64307947
0,351926,-1,30,0,0,1,1,7,2,-1,0,0,0,1,-1,-1,-1,7,11,1912,-1,-1,-1,-1,-1,-1,3,0,0,0,0,0,1,0,12,2,7,41.9591673,-87.66933439
0,351949,-1,30,0,0,0,1,12,3,6,0,0,0,1,-1,-1,-1,21,21,112,-1,-1,-1,-1,-1,-1,2,0,0,0,0,0,2,0,12,2,7,41.88275463,-87.62453528
0,352154,-1,30,0,0,-1,1,7,2,-1,0,0,0,0,-1,-1,1,0,0,1531,-1,-1,-1,-1,-1,-1,2,0,0,0,0,0,1,0,12,2,7,41.9022123,-87.74884541
0,352361,-1,30,0,0,0,1,12,6,-1,0,0,0,0,-1,-1,-1,0,0,914,-1,-1,-1,-1,-1,-1,2,0,0,0,0,0,2,0,12,2,7,41.84081526,-87.63188381
0,357900,-1,10,0,0,0,1,7,7,1,0,-1,-1,0,-1,1,-1,0,0,321,-1,-1,-1,-1,-1,-1,2,0,0,0,0,0,2,0,12,2,7,41.77363856,-87.58644552
0,352145,-1,30,0,0,0,1,12,5,4,0,0,0,0,-1,-1,-1,17,17,915,-1,-1,-1,-1,-1,-1,2,0,0,0,0,0,2,0,12,2,7,41.8306424,-87.64595874
0,352434,-1,30,-1,-1,0,1,10,2,2,0,0,0,0,-1,-1,-1,0,0,1733,-1,-1,-1,-1,-1,-1,2,0,0,0,0,0,2,0,11,2,7,41.94650275,-87.70937231
0,351907,-1,30,1,2,0,1,12,2,2,0,0,0,0,1,-1,-1,21,-1,2523,-1,-1,-1,-1,-1,-1,2,0,0,0,0,0,2,0,11,2,7,41.93189772,-87.72710503
3,352349,-1,30,0,0,2,1,8,5,2,0,1,0,1,-1,-1,1,0,0,1522,-1,-1,-1,-1,-1,-1,2,1,0,1,0,0,1,0,11,2,7,41.87276762,-87.76060335
0,352721,-1,30,0,0,0,3,5,3,2,0,0,1,0,-1,-1,-1,29,-1,323,-1,-1,-1,-1,-1,-1,1,0,0,0,0,0,1,0,11,2,7,41.76496202,-87.60569283
0,357514,-1,30,12,0,0,1,12,12,-1,0,0,0,0,-1,-1,-1,11,0,1834,-1,-1,-1,-1,-1,-1,2,0,0,0,0,0,3,0,11,2,7,41.89478478,-87.62260584
0,353856,-1,30,0,0,0,1,7,5,-1,0,0,0,0,-1,-1,1,-1,-1,1633,-1,-1,-1,-1,-1,-1,2,0,0,0,0,0,1,0,11,2,7,41.93912343,-87.7715262
0,351938,1,30,0,0,0,-1,7,5,2,0,0,0,0,-1,-1,1,0,0,921,-1,-1,-1,-1,-1,-1,2,0,0,0,0,0,1,0,11,2,7,41.82101565,-87.69148149
0,351871,-1,20,0,0,0,1,7,5,2,0,2,12,1,-1,-1,-1,20,28,1723,-1,-1,-1,1,2,1,2,0,0,0,0,0,1,0,11,2,7,41.96245708,-87.71822142
0,351948,-1,30,0,0,0,1,12,5,2,0,0,0,0,-1,-1,-1,22,-1,1834,-1,-1,-1,-1,-1,-1,2,0,0,0,0,0,4,0,11,2,7,41.89478478,-87.62260584
0,351848,-1,35,1,2,0,1,2,2,-1,0,0,0,0,1,-1,-1,23,11,1711,-1,1,-1,-1,-1,-1,1,0,0,0,0,0,1,0,11,2,7,41.98502181,-87.72855467
0,351900,-1,30,1,2,0,1,14,5,4,0,0,0,0,1,-1,-1,17,-1,1235,-1,-1,-1,-1,-1,-1,2,0,0,0,0,0,2,0,11,2,7,41.8577744,-87.63899038
0,351888,-1,30,12,2,0,1,2,3,2,0,0,0,1,-1,-1,-1,3,16,1233,-1,-1,-1,-1,-1,-1,1,0,0,0,0,0,1,0,11,2,7,41.86296983,-87.67600071
2,351827,-1,30,2,-1,0,1,0,5,4,0,-1,-1,1,1,-1,1,17,-1,923,-1,-1,-1,-1,-1,-1,2,1,0,0,1,0,2,0,11,2,7,41.79739866,-87.68397963
0,355087,-1,30,0,0,-1,1,7,5,-1,0,-1,-1,0,-1,-1,1,17,-1,1222,-1,-1,-1,-1,-1,-1,2,0,0,0,0,0,1,0,11,2,7,41.88724102,-87.68765773
0,351965,-1,10,0,0,0,1,7,7,-1,0,0,0,0,-1,-1,1,0,-1,832,-1,1,-1,-1,-1,-1,2,0,0,0,0,0,1,0,11,2,7,41.77148658,-87.68357655
2,351914,-1,30,0,0,0,1,14,5,-1,0,0,0,1,-1,-1,-1,23,23,111,-1,-1,-1,-1,-1,-1,2,1,0,0,1,0,1,0,11,2,7,41.88584266,-87.62621334
0,351893,-1,30,0,0,0,1,2,2,4,0,0,0,0,-1,-1,-1,0,0,2432,-1,-1,-1,-1,-1,-1,1,0,0,0,0,0,1,0,11,2,7,42.000205,-87.66055513
0,351876,-1,35,0,0,0,1,7,5,-1,0,0,0,0,-1,-1,1,0,0,1733,-1,-1,-1,-1,-1,-1,2,0,0,0,0,0,2,0,11,2,7,41.95122066,-87.70808935
0,351856,-1,15,0,0,0,1,0,7,-1,0,0,0,0,-1,-1,-1,11,11,124,-1,-1,-1,-1,-1,-1,2,0,0,0,0,0,2,0,11,2,7,41.8649014,-87.64079264
0,351878,-1,30,1,0,0,1,14,12,-1,0,0,0,0,-1,-1,-1,11,0,112,-1,-1,-1,-1,-1,-1,2,0,0,0,0,0,2,0,10,2,7,41.88215481,-87.6277843
0,351835,-1,30,0,0,0,1,0,7,4,0,0,-1,0,-1,-1,-1,0,0,2534,-1,-1,-1,-1,-1,-1,2,0,0,0,0,0,4,0,10,2,7,41.90923297,-87.73385417
0,351802,-1,30,1,2,0,1,12,3,6,0,0,0,0,1,-1,1,21,11,431,-1,-1,-1,-1,-1,-1,2,0,0,0,0,0,6,0,10,2,7,41.72094166,-87.58482539
1,351791,-1,30,1,2,0,1,10,5,2,0,0,0,1,1,-1,-1,18,-1,1622,-1,-1,-1,-1,-1,-1,2,1,0,0,0,1,1,0,10,2,7,41.97935302,-87.77612196
0,351862,1,30,3,5,-1,-1,7,2,2,0,-1,3,1,-1,-1,1,0,0,2423,-1,-1,-1,-1,-1,-1,2,0,0,0,0,0,1,0,10,2,7,42.01259192,-87.67084946
0,351834,-1,25,0,0,0,1,7,5,-1,0,-1,-1,0,-1,-1,1,0,0,2213,-1,-1,-1,-1,-1,-1,2,0,0,0,0,0,1,0,10,2,7,41.70661945,-87.673639
1,351773,-1,30,1,2,0,1,0,5,4,0,0,0,1,1,-1,-1,6,6,2533,-1,-1,-1,-1,-1,-1,2,1,0,0,0,1,1,0,10,2,7,41.9097883,-87.73640467
0,351807,-1,30,0,0,2,1,0,3,6,0,0,0,0,-1,-1,-1,17,-1,1832,-1,-1,-1,-1,-1,-1,2,0,0,0,0,0,3,0,10,2,7,41.89244528,-87.63275537
0,353498,-1,30,0,0,-1,1,12,5,-1,0,-1,-1,0,-1,-1,-1,0,-1,2432,-1,-1,-1,-1,-1,-1,2,0,0,0,0,0,2,0,10,2,7,41.99865798,-87.67699812
2,351788,-1,30,1,2,0,1,12,5,2,0,0,0,1,-1,-1,-1,22,0,1111,-1,-1,-1,-1,-1,-1,2,1,0,0,1,0,2,0,10,2,7,41.89904574,-87.73124184
0,351990,-1,30,2,2,0,1,7,6,1,0,0,0,0,-1,-1,1,20,0,1724,-1,-1,-1,-1,-1,-1,2,0,0,0,0,0,1,0,10,2,7,41.9547321,-87.71068849
0,351909,-1,30,0,0,2,1,12,0,1,0,1,3,0,-1,-1,1,22,22,513,-1,-1,-1,-1,-1,-1,2,0,0,0,0,0,3,0,10,2,7,41.69272008,-87.62042049
0,354377,-1,15,-1,0,0,1,7,0,1,0,0,-1,0,-1,0,1,28,33,1224,-1,-1,-1,1,-1,1,2,0,0,0,0,0,1,0,10,2,7,41.88278433,-87.66263555
0,341740,-1,30,2,2,0,1,10,5,-1,0,0,0,0,1,-1,-1,18,16,2423,-1,-1,-1,-1,-1,-1,3,0,0,0,0,0,3,0,10,2,7,42.01256326,-87.67247603
0,353707,-1,30,0,0,0,1,7,5,2,0,-1,-1,0,-1,-1,-1,22,11,1912,-1,-1,-1,-1,-1,-1,2,0,0,0,0,0,1,0,10,2,7,41.95622396,-87.6705996
0,351983,-1,30,1,2,0,1,14,5,-1,0,0,0,0,-1,-1,-1,17,-1,234,-1,-1,-1,-1,-1,-1,2,0,0,0,0,0,2,0,10,2,7,41.79665779,-87.58413023
0,351839,-1,30,0,0,0,1,12,5,-1,0,0,0,0,-1,-1,-1,22,22,2535,-1,-1,-1,-1,-1,-1,2,0,0,0,0,0,2,0,10,2,7,41.90349489,-87.71938926
0,351795,-1,30,0,0,0,1,12,4,3,0,0,0,0,-1,-1,-1,21,-1,132,-1,-1,-1,-1,-1,-1,2,0,0,0,0,0,2,0,10,2,7,41.85119984,-87.61881948
0,351749,-1,30,0,0,0,1,5,7,0,0,0,0,0,-1,1,-1,0,0,815,-1,-1,-1,-1,-1,-1,1,0,0,0,0,0,1,0,10,2,7,41.80217126,-87.7235664
0,351738,-1,20,0,0,0,1,10,5,2,0,0,0,0,-1,-1,-1,20,-1,1822,-1,-1,-1,-1,-1,-1,2,0,0,0,0,0,3,0,9,2,7,41.90375587,-87.65581324
0,351759,-1,30,0,0,0,1,10,3,4,3,0,0,0,-1,-1,-1,0,0,123,-1,-1,-1,-1,-1,-1,2,0,0,0,0,0,3,0,9,2,7,41.86753003,-87.6269331
0,351735,1,30,0,0,-1,-1,7,6,1,0,-1,-1,0,-1,-1,1,0,-1,823,-1,-1,-1,-1,-1,-1,2,0,0,0,0,0,1,0,9,2,7,41.77633705,-87.6983455
0,351716,-1,35,1,2,0,1,14,5,-1,0,0,0,1,-1,-1,-1,23,23,1711,-1,-1,-1,-1,-1,-1,2,0,0,0,0,0,2,0,9,2,7,41.99411436,-87.7136672
0,351972,-1,30,1,2,0,1,12,5,2,0,0,0,0,1,-1,-1,21,-1,1834,-1,-1,-1,-1,-1,-1,2,0,0,0,0,0,2,0,9,2,7,41.89163273,-87.62792204
0,351737,-1,30,2,0,0,1,0,12,2,0,0,0,0,1,-1,-1,5,0,1824,-1,-1,-1,-1,-1,-1,2,0,0,0,0,0,2,0,9,2,7,41.90957096,-87.62868696
0,351730,-1,20,0,0,0,1,7,6,1,0,0,0,0,1,-1,-1,11,-1,1423,-1,-1,-1,-1,-1,-1,2,0,0,0,0,0,1,0,9,2,7,41.90420117,-87.69430226
0,351702,-1,30,1,2,0,1,14,5,4,0,0,0,0,-1,-1,-1,22,22,323,-1,-1,-1,-1,-1,-1,2,0,0,0,0,0,5,0,9,2,7,41.75849722,-87.61526884
0,351688,-1,30,0,0,0,1,12,3,3,0,0,0,0,-1,-1,-1,22,-1,413,-1,-1,-1,-1,-1,-1,2,0,0,0,0,0,3,0,9,2,7,41.72868204,-87.58561831
0,351701,-1,30,2,2,0,1,10,2,2,0,2,12,0,1,-1,-1,18,16,1213,-1,-1,-1,1,1,1,2,0,0,0,0,0,3,0,9,2,7,41.89622326,-87.66472119
0,351667,-1,30,1,2,0,1,12,6,-1,0,0,0,0,-1,-1,-1,23,4,121,-1,1,-1,-1,-1,-1,2,0,0,0,0,0,2,0,9,2,7,41.88323332,-87.64284806
0,351672,-1,35,0,0,0,1,12,2,2,0,0,0,1,-1,-1,-1,21,22,1221,-1,-1,-1,-1,-1,-1,2,0,0,0,0,0,2,0,9,2,7,41.89247316,-87.69233599
2,351669,-1,30,0,0,0,1,8,5,-1,0,0,0,1,-1,-1,-1,17,-1,1814,-1,-1,0,-1,-1,-1,2,1,0,0,1,0,1,0,9,2,7,41.91204437,-87.63488492
0,355994,1,30,0,0,0,1,7,6,1,0,0,0,0,-1,-1,1,17,-1,2031,-1,-1,-1,-1,-1,-1,2,0,0,0,0,0,1,0,9,2,7,41.97063358,-87.69617616
0,354734,1,30,0,0,-1,-1,7,6,1,0,-1,0,0,-1,-1,1,0,0,1634,-1,-1,-1,-1,-1,-1,2,0,0,0,0,0,1,0,9,2,7,41.9416497,-87.74875813
0,351783,1,20,0,0,1,1,7,6,-1,0,-1,0,0,-1,-1,1,0,-1,413,-1,-1,-1,-1,-1,-1,2,0,0,0,0,0,1,0,9,2,7,41.7319192,-87.58666296
0,351718,-1,30,0,0,0,1,11,5,2,0,0,-1,0,-1,-1,-1,2,-1,1831,-1,-1,-1,-1,-1,-1,2,0,0,0,0,0,2,0,9,2,7,41.88919328,-87.6381507
0,351681,-1,30,0,0,0,1,10,5,2,0,0,0,0,-1,-1,-1,0,0,2424,-1,-1,-1,-1,-1,-1,2,0,0,0,0,0,3,0,9,2,7,42.01437978,-87.67810493