MOST_SEVERE_INJURY,RD_NO,CRASH_DATE_EST_I,POSTED_SPEED_LIMIT,TRAFFIC_CONTROL_DEVICE,DEVICE_CONDITION,WEATHER_CONDITION,LIGHTING_CONDITION,FIRST_CRASH_TYPE,TRAFFICWAY_TYPE,LANE_CNT,ALIGNMENT,ROADWAY_SURFACE_COND,ROAD_DEFECT,CRASH_TYPE,INTERSECTION_RELATED_I,NOT_RIGHT_OF_WAY_I,HIT_AND_RUN_I,PRIM_CONTRIBUTORY_CAUSE,SEC_CONTRIBUTORY_CAUSE,BEAT_OF_OCCURRENCE,PHOTOS_TAKEN_I,STATEMENTS_TAKEN_I,DOORING_I,WORK_ZONE_I,WORK_ZONE_TYPE,WORKERS_PRESENT_I,NUM_UNITS,INJURIES_TOTAL,INJURIES_FATAL,INJURIES_INCAPACITATING,INJURIES_NON_INCAPACITATING,INJURIES_REPORTED_NOT_EVIDENT,INJURIES_NO_INDICATION,INJURIES_UNKNOWN,CRASH_HOUR,CRASH_DAY_OF_WEEK,CRASH_MONTH,LATITUDE,LONGITUDE
2,351668,-1,35,1,2,0,1,10,5,2,0,0,0,1,-1,-1,-1,0,-1,731,-1,-1,-1,-1,-1,-1,4,1,0,0,1,0,3,0,9,2,7,41.76548532,-87.63347224
0,351717,-1,30,1,2,6,1,14,5,4,5,0,0,0,1,-1,-1,0,0,1121,-1,-1,-1,-1,-1,-1,2,0,0,0,0,0,3,0,8,2,7,41.89982195,-87.71143866
0,351693,-1,30,2,0,0,1,10,5,-1,0,0,0,0,-1,-1,-1,0,0,233,-1,-1,-1,-1,-1,-1,2,0,0,0,0,0,3,0,8,2,7,41.7979139,-87.59675542
0,352190,-1,30,1,2,0,1,10,5,2,0,0,0,0,-1,-1,1,20,-1,123,-1,-1,-1,-1,-1,-1,2,0,0,0,0,0,2,0,8,2,7,41.86756593,-87.62421743
0,351692,-1,30,0,0,0,1,7,6,-1,0,0,0,0,-1,-1,-1,16,-1,1211,-1,-1,-1,-1,-1,-1,2,0,0,0,0,0,1,0,8,2,7,41.89876842,-87.70030861
0,351641,-1,30,0,0,0,1,7,5,-1,0,0,0,0,-1,-1,1,21,11,1814,-1,-1,-1,-1,-1,-1,2,0,0,0,0,0,1,0,8,2,7,41.92450805,-87.63822289
0,351637,-1,30,1,2,0,1,12,2,-1,0,-1,-1,0,1,-1,-1,0,0,612,-1,-1,-1,-1,-1,-1,2,0,0,0,0,0,2,0,8,2,7,41.75579455,-87.65858198
0,352754,-1,30,1,2,0,1,10,5,4,0,0,0,0,-1,-1,-1,18,0,1831,-1,-1,-1,-1,-1,-1,2,0,0,0,0,0,2,0,8,2,7,41.89647343,-87.63503012
0,352224,-1,25,0,0,0,1,12,5,4,0,0,-1,0,-1,-1,1,21,18,1711,-1,-1,-1,-1,-1,-1,2,0,0,0,0,0,2,0,8,2,7,41.9872112,-87.72869581
0,351728,-1,30,0,0,0,1,14,3,3,0,0,0,0,-1,-1,-1,17,17,123,-1,-1,-1,-1,-1,-1,2,0,0,0,0,0,2,0,8,2,7,41.87305558,-87.62741781
0,351628,-1,30,0,0,0,1,10,5,-1,0,0,-1,0,-1,-1,-1,-1,-1,925,-1,-1,-1,-1,-1,-1,2,0,0,0,0,0,2,0,8,2,7,41.81241974,-87.65510031
0,352380,-1,30,2,2,0,1,8,5,0,0,0,0,0,1,-1,1,16,11,825,-1,-1,-1,-1,-1,-1,2,0,0,0,0,0,2,0,8,2,7,41.78456866,-87.68881314
0,373449,-1,30,-1,-1,0,1,9,5,-1,0,0,0,0,-1,-1,-1,20,-1,114,-1,-1,-1,-1,-1,-1,2,0,0,0,0,0,2,0,8,2,7,41.88463208,-87.62224799
0,351635,-1,30,0,0,0,1,12,3,6,0,0,0,0,-1,-1,-1,17,17,114,-1,-1,-1,-1,-1,-1,2,0,0,0,0,0,2,0,8,2,7,41.87706984,-87.6241455
0,351609,-1,30,0,0,0,1,12,2,-1,0,0,0,0,-1,-1,1,0,-1,1733,-1,-1,-1,-1,-1,-1,2,0,0,0,0,0,2,0,8,2,7,41.95386449,-87.69817429
1,351608,-1,30,2,2,0,1,0,2,1,0,0,0,1,1,-1,1,5,0,724,-1,-1,-1,-1,-1,-1,3,2,0,0,0,2,1,0,8,2,7,41.77057223,-87.65897094
0,351590,-1,20,0,0,0,1,14,3,6,0,0,0,0,1,-1,-1,17,11,1921,-1,-1,-1,-1,-1,-1,2,0,0,0,0,0,2,0,8,2,7,41.94500708,-87.6883562
0,351599,-1,30,0,0,0,1,12,5,4,0,0,0,0,-1,-1,-1,0,-1,922,-1,-1,-1,-1,-1,-1,2,0,0,0,0,0,3,0,8,2,7,41.80852657,-87.68377824
0,351706,-1,30,1,2,0,1,14,3,4,0,0,0,0,1,-1,-1,17,-1,123,-1,-1,-1,-1,-1,-1,2,0,0,0,0,0,2,0,8,2,7,41.87304937,-87.62771142
0,351664,-1,30,0,0,0,1,10,5,-1,0,0,0,0,-1,-1,-1,18,-1,2223,-1,-1,-1,-1,-1,-1,2,0,0,0,0,0,2,0,8,2,7,41.7217013,-87.63355778
0,351607,-1,30,1,2,2,1,12,5,4,0,0,0,0,-1,-1,-1,16,-1,714,-1,-1,-1,-1,-1,-1,2,0,0,0,0,0,9,0,8,2,7,41.77940715,-87.6737575
2,351586,-1,30,0,0,0,1,7,6,-1,0,0,0,1,-1,-1,-1,0,0,914,-1,-1,-1,-1,-1,-1,4,2,0,0,1,1,1,0,8,2,7,41.84321895,-87.64412257
0,351583,-1,20,0,0,0,1,12,2,2,0,0,0,0,-1,-1,-1,0,0,812,-1,-1,-1,-1,-1,-1,2,0,0,0,0,0,2,0,8,2,7,41.77792627,-87.79086638
0,355973,-1,30,0,0,-1,1,12,6,2,0,0,0,0,-1,-1,-1,22,11,1834,-1,-1,-1,-1,-1,-1,2,0,0,0,0,0,2,0,8,2,7,41.89571882,-87.61873143
0,351606,-1,30,0,0,0,1,7,6,-1,0,0,0,0,-1,-1,-1,11,0,1934,-1,-1,-1,-1,-1,-1,2,0,0,0,0,0,1,0,8,2,7,41.937837,-87.63994054
0,351580,-1,30,0,0,0,1,14,2,0,0,0,0,1,1,-1,-1,17,16,1214,-1,-1,-1,-1,-1,-1,2,0,0,0,0,0,2,0,7,2,7,41.8912306,-87.65340541
0,351600,-1,30,2,2,0,1,14,5,2,0,0,0,0,-1,-1,-1,22,-1,1214,-1,-1,-1,-1,-1,-1,2,0,0,0,0,0,2,0,7,2,7,41.88575529,-87.64858572
0,351559,-1,25,0,0,0,1,11,5,1,0,0,0,0,-1,-1,1,0,0,2433,-1,-1,-1,-1,-1,-1,2,0,0,0,0,0,2,0,7,2,7,41.99553691,-87.66908573
0,351585,-1,0,2,2,0,1,14,5,-1,0,0,0,0,-1,-1,-1,20,-1,2211,-1,-1,-1,-1,-1,-1,2,0,0,0,0,0,2,0,7,2,7,41.70418147,-87.7063236
0,351542,-1,25,1,2,0,1,10,5,2,0,0,0,0,-1,-1,-1,0,0,815,-1,-1,-1,-1,-1,-1,2,0,0,0,0,0,2,0,7,2,7,41.79320751,-87.73535594
0,351549,-1,30,1,2,0,1,2,5,2,0,0,0,1,-1,-1,-1,16,-1,2211,-1,-1,-1,-1,-1,-1,1,0,0,0,0,0,2,0,7,2,7,41.69120008,-87.72106295
2,351533,-1,30,0,0,0,1,9,6,-1,0,0,0,1,-1,-1,1,16,-1,1733,-1,-1,-1,-1,-1,-1,2,1,0,0,1,0,1,0,7,2,7,41.94029479,-87.70382907
0,351523,-1,15,0,0,0,1,7,0,-1,0,0,0,0,-1,-1,1,0,0,233,-1,-1,-1,-1,-1,-1,2,0,0,0,0,0,1,0,7,2,7,41.79672557,-87.59672889
0,354555,-1,30,0,0,0,1,7,2,-1,0,0,0,0,-1,-1,1,20,-1,915,-1,-1,-1,-1,-1,-1,2,0,0,0,0,0,1,0,7,2,7,41.83469636,-87.63232559
0,351539,-1,30,1,2,0,1,10,5,-1,0,0,0,0,1,-1,-1,18,-1,1832,-1,-1,-1,-1,-1,-1,2,0,0,0,0,0,2,0,7,2,7,41.89527518,-87.62830986
0,351601,-1,30,0,0,0,1,14,5,2,0,0,0,0,1,-1,-1,0,0,312,-1,-1,-1,-1,-1,-1,2,0,0,0,0,0,2,0,6,2,7,41.77636259,-87.62536894
0,351520,-1,20,0,0,0,1,7,6,1,0,0,0,0,-1,-1,1,0,-1,1723,-1,-1,-1,-1,-1,-1,2,0,0,0,0,0,1,0,6,2,7,41.96634037,-87.72508096
0,362305,-1,30,1,-1,0,1,10,5,-1,0,-1,-1,0,1,-1,-1,18,-1,726,-1,-1,-1,-1,-1,-1,2,0,0,0,0,0,2,0,6,2,7,41.76848933,-87.67347977
0,351517,1,30,0,0,0,1,7,5,2,0,0,0,0,-1,-1,-1,33,0,924,-1,-1,-1,-1,-1,-1,2,0,0,0,0,0,1,0,6,2,7,41.81333557,-87.67252703
1,351500,-1,30,0,0,0,1,10,5,2,0,0,-1,1,-1,-1,-1,16,7,1513,0,-1,-1,-1,-1,-1,3,2,0,0,0,2,1,0,5,2,7,41.86772303,-87.77406464
0,351498,-1,20,0,0,0,1,12,6,-1,0,0,0,0,-1,-1,-1,17,11,1652,-1,-1,-1,-1,-1,-1,2,0,0,0,0,0,4,0,5,2,7,-1,-1
0,351487,-1,30,1,2,0,1,3,12,-1,0,0,0,1,-1,-1,1,0,0,411,-1,-1,-1,-1,-1,-1,2,0,0,0,0,0,2,0,5,2,7,41.7513924,-87.58566794
2,351503,-1,30,1,2,0,3,10,3,-1,0,0,0,1,-1,-1,-1,16,-1,1821,-1,-1,-1,-1,-1,-1,2,1,0,0,1,0,1,0,5,2,7,41.90744357,-87.63289099
0,351993,-1,30,0,0,0,0,7,5,2,0,0,0,0,-1,-1,1,0,0,1935,-1,-1,-1,-1,-1,-1,2,0,0,0,0,0,1,0,5,2,7,41.93152011,-87.64213049
0,351515,-1,30,0,0,0,1,12,6,4,0,0,0,0,-1,-1,0,17,17,1651,-1,-1,-1,-1,-1,-1,2,0,0,0,0,0,2,0,5,2,7,41.97620114,-87.90530913
0,351474,-1,30,0,0,6,2,10,5,4,0,1,0,0,-1,-1,-1,0,0,1731,-1,-1,-1,-1,-1,-1,2,0,0,0,0,0,2,0,4,2,7,41.95342091,-87.73799691
0,351461,-1,30,0,0,0,3,7,5,4,0,0,0,1,-1,-1,1,0,27,1421,-1,-1,-1,-1,-1,-1,4,0,0,0,0,0,1,0,4,2,7,41.91035757,-87.69401215
0,352126,-1,30,2,2,0,1,0,5,-1,0,0,0,0,-1,-1,-1,-1,-1,813,-1,-1,-1,-1,-1,-1,2,0,0,0,0,0,3,0,4,2,7,41.79305823,-87.72943266
0,351534,-1,30,0,0,0,3,7,5,2,0,0,0,0,-1,-1,-1,0,0,233,-1,-1,-1,-1,-1,-1,2,0,0,0,0,0,1,0,4,2,7,41.78595971,-87.60748644
0,351450,-1,30,1,2,0,3,7,2,2,0,0,0,1,-1,-1,-1,-1,-1,2514,-1,-1,-1,-1,-1,-1,2,0,0,0,0,0,1,0,3,2,7,41.92750964,-87.77569517
0,351449,-1,30,-1,-1,0,3,10,5,-1,0,0,0,0,-1,-1,1,0,0,1731,-1,-1,-1,-1,-1,-1,2,0,0,0,0,0,2,0,3,2,7,41.9390093,-87.74151988
0,351671,1,20,0,0,0,3,7,6,-1,0,0,0,0,-1,-1,1,18,14,2232,-1,-1,-1,-1,-1,-1,2,0,0,0,0,0,1,0,3,2,7,41.70806555,-87.64421238
0,351481,1,30,0,12,0,3,7,6,1,0,0,-1,0,-1,-1,1,0,-1,1024,-1,-1,-1,-1,-1,-1,2,0,0,0,0,0,1,0,3,2,7,41.84867172,-87.71018243
0,351445,0,15,0,0,0,3,7,6,1,0,0,0,0,-1,-1,1,0,-1,735,-1,-1,-1,-1,-1,-1,2,0,0,0,0,0,1,0,3,2,7,41.76579489,-87.67637279
0,351441,-1,35,0,0,0,0,7,0,2,0,0,0,0,-1,-1,1,0,-1,1112,-1,-1,-1,-1,-1,-1,2,0,0,0,0,0,1,0,2,2,7,41.89421356,-87.71978899
0,351784,-1,25,0,0,0,3,7,6,1,0,0,0,0,-1,-1,1,0,-1,1624,-1,-1,-1,-1,-1,-1,2,0,0,0,0,0,1,0,2,2,7,41.95693127,-87.7497687
0,351711,-1,15,0,0,0,0,7,5,-1,0,0,0,0,-1,-1,1,0,-1,213,-1,-1,-1,-1,-1,-1,2,0,0,0,0,0,1,0,1,2,7,41.81849763,-87.61855127
0,351418,-1,40,0,0,0,3,10,3,4,0,0,0,1,-1,-1,-1,12,-1,1814,-1,-1,-1,-1,-1,-1,2,0,0,0,0,0,2,0,1,2,7,41.9221208,-87.63024326
3,351427,-1,30,0,12,0,3,9,5,2,0,0,0,1,-1,-1,-1,0,0,524,-1,-1,-1,-1,-1,-1,2,1,0,1,0,0,1,0,1,2,7,41.67615616,-87.63709913
0,351414,-1,30,1,2,0,3,14,5,-1,0,0,0,1,1,-1,-1,17,23,822,-1,-1,-1,-1,-1,-1,2,0,0,0,0,0,2,0,1,2,7,41.78606736,-87.71080015
2,351394,-1,25,0,0,0,3,7,2,2,0,0,0,1,-1,-1,-1,0,-1,2525,-1,-1,-1,-1,-1,-1,3,1,0,0,1,0,0,0,1,2,7,41.91729536,-87.72513848
0,351587,-1,30,1,2,0,3,10,3,4,0,0,0,0,1,-1,-1,21,11,114,-1,-1,-1,-1,-1,-1,2,0,0,0,0,0,3,0,0,2,7,41.88419657,-87.6204673
0,351408,-1,30,0,0,1,3,7,1,-1,0,0,0,0,-1,-1,1,20,20,1914,-1,-1,-1,-1,-1,-1,2,0,0,0,0,0,1,0,0,2,7,41.96289187,-87.65570593
0,351389,-1,25,0,0,0,3,7,5,-1,0,0,0,0,-1,-1,1,22,-1,632,-1,-1,-1,-1,-1,-1,2,0,0,0,0,0,1,0,0,2,7,41.73404312,-87.60332365
2,351367,-1,30,0,0,0,0,12,6,3,0,0,0,1,1,-1,-1,17,17,412,-1,-1,-1,-1,-1,-1,2,2,0,0,2,0,0,0,0,2,7,41.73793842,-87.58507814
0,351358,-1,30,0,0,0,3,12,2,2,0,0,3,0,-1,-1,-1,17,-1,1831,-1,-1,-1,-1,-1,-1,2,0,0,0,0,0,2,0,0,2,7,41.88936277,-87.62813957
2,351385,-1,30,0,-1,0,3,9,5,4,0,-1,-1,1,-1,-1,-1,0,0,413,-1,-1,-1,-1,-1,-1,2,1,0,0,1,0,1,0,0,2,7,41.72262536,-87.57157274
0,352427,1,30,1,2,0,3,12,3,4,0,0,0,0,-1,-1,1,22,22,331,-1,-1,-1,-1,-1,-1,2,0,0,0,0,0,2,0,23,1,7,41.77234076,-87.56675889
0,351368,-1,30,0,-1,0,3,7,6,1,0,0,0,0,-1,-1,-1,4,-1,1014,-1,-1,-1,-1,-1,-1,2,0,0,0,0,0,1,0,23,1,7,41.85370606,-87.72340993
0,351355,-1,30,1,2,0,3,10,5,-1,0,0,0,0,1,-1,-1,18,16,434,-1,-1,-1,-1,-1,-1,2,0,0,0,0,0,2,0,23,1,7,41.65906013,-87.56313108
0,351340,-1,30,0,0,0,3,2,2,4,0,0,0,1,-1,-1,-1,27,0,1221,-1,-1,-1,-1,-1,-1,1,0,0,0,0,0,1,0,23,1,7,41.8933726,-87.70228485
0,351353,1,30,0,0,0,3,7,5,2,0,0,0,0,-1,-1,1,0,0,231,-1,-1,-1,-1,-1,-1,2,0,0,0,0,0,1,0,23,1,7,41.80193863,-87.61971536
0,351325,-1,15,0,0,0,-1,11,7,-1,0,0,-1,0,-1,-1,-1,20,17,726,-1,1,-1,-1,-1,-1,2,0,0,0,0,0,3,0,23,1,7,41.77919575,-87.67469154
0,351364,-1,20,0,0,0,3,7,6,-1,0,0,0,0,-1,-1,-1,-1,-1,621,-1,-1,-1,-1,-1,-1,2,0,0,0,0,0,1,0,23,1,7,41.75374307,-87.64761464
0,351653,-1,10,0,0,0,0,0,7,-1,0,0,0,0,-1,-1,-1,0,0,833,-1,-1,-1,-1,-1,-1,2,0,0,0,0,0,2,0,23,1,7,41.76038824,-87.74162717
2,351329,-1,30,0,0,0,3,12,5,-1,0,0,0,1,-1,-1,1,0,0,2521,-1,-1,-1,-1,-1,-1,4,1,0,0,1,0,3,0,23,1,7,41.93671986,-87.74695087
0,370671,-1,30,0,0,0,0,7,2,-1,0,0,0,0,-1,-1,-1,25,-1,211,-1,-1,-1,-1,-1,-1,2,0,0,0,0,0,1,0,23,1,7,41.83836337,-87.61338918
0,353681,1,30,0,0,-1,-1,7,5,-1,0,-1,0,0,-1,-1,1,-1,-1,2514,-1,-1,-1,-1,-1,-1,3,0,0,0,0,0,1,0,23,1,7,41.93475206,-87.7711678
0,351371,-1,30,0,0,0,3,12,5,2,0,0,0,0,-1,-1,1,20,0,1113,-1,-1,-1,-1,-1,-1,2,0,0,0,0,0,2,0,23,1,7,41.87695178,-87.74465387
0,351342,-1,30,0,0,0,3,2,6,1,0,0,0,1,-1,1,0,0,0,2212,-1,-1,-1,-1,-1,-1,1,0,0,0,0,0,1,0,23,1,7,41.69388384,-87.69088029
0,351285,-1,30,1,2,0,3,10,2,2,0,0,0,1,-1,-1,-1,16,-1,1134,-1,-1,-1,-1,-1,-1,2,0,0,0,0,0,2,0,22,1,7,41.86656473,-87.70085148
0,351301,-1,30,1,2,0,3,10,3,-1,1,0,0,0,-1,-1,1,20,0,912,-1,-1,-1,-1,-1,-1,2,0,0,0,0,0,3,0,22,1,7,41.83758276,-87.67559063
0,351361,-1,30,0,0,1,3,14,2,4,3,0,3,0,-1,-1,-1,18,11,2424,-1,-1,-1,-1,-1,-1,2,0,0,0,0,0,3,0,22,1,7,42.01279046,-87.68236612
0,351304,-1,30,0,0,0,0,0,5,2,0,0,0,0,1,-1,-1,0,17,2424,-1,-1,-1,-1,-1,-1,2,0,0,0,0,0,3,0,22,1,7,42.01659442,-87.68306764
0,351306,-1,30,1,2,0,3,10,2,-1,0,0,0,0,-1,-1,1,0,0,813,-1,-1,-1,-1,-1,-1,2,0,0,0,0,0,2,0,22,1,7,41.78932932,-87.74164564
0,351754,-1,30,0,0,0,1,9,0,-1,0,0,0,0,-1,-1,1,14,-1,2223,-1,-1,-1,-1,-1,-1,2,0,0,0,0,0,2,0,22,1,7,41.73294154,-87.64002749
2,351739,-1,30,2,2,2,3,8,5,1,0,1,0,1,1,-1,-1,0,0,2522,-1,-1,-1,-1,-1,-1,2,1,0,0,1,0,1,0,22,1,7,41.9205069,-87.74371613
0,351610,-1,30,0,0,0,3,7,6,-1,0,0,0,0,-1,-1,1,0,-1,832,-1,-1,-1,-1,-1,-1,2,0,0,0,0,0,1,0,22,1,7,41.76115724,-87.68573746
0,351266,-1,30,2,2,2,3,14,2,2,0,1,0,1,1,-1,-1,17,-1,1632,-1,-1,-1,-1,-1,-1,2,0,0,0,0,0,2,0,22,1,7,41.9382159,-87.79932686
4,351256,-1,30,0,0,2,3,9,2,4,0,1,-1,1,-1,-1,1,14,15,2515,-1,-1,-1,-1,-1,-1,2,1,1,0,0,0,1,0,22,1,7,41.92397688,-87.75774817
0,351714,1,30,-1,-1,0,1,7,6,1,0,0,0,0,-1,-1,1,0,-1,912,-1,-1,-1,-1,-1,-1,2,0,0,0,0,0,1,0,22,1,7,41.82338276,-87.67271619
0,351349,-1,30,0,0,2,3,7,5,2,0,1,0,0,-1,-1,-1,34,11,2511,-1,-1,-1,-1,-1,-1,2,0,0,0,0,0,4,0,22,1,7,41.93093548,-87.80024224
2,351265,-1,30,2,2,0,3,10,5,-1,0,0,0,1,1,-1,-1,16,0,833,-1,-1,-1,-1,-1,-1,6,2,0,0,2,0,1,0,22,1,7,41.76423659,-87.72000987
0,351262,-1,25,0,0,0,3,12,2,-1,0,0,0,0,-1,-1,-1,21,21,1722,-1,-1,-1,-1,-1,-1,2,0,0,0,0,0,3,0,22,1,7,41.96088982,-87.74264951
0,352027,-1,30,0,0,0,3,7,6,1,0,0,0,0,-1,-1,1,0,-1,834,-1,-1,-1,-1,-1,-1,2,0,0,0,0,0,1,0,21,1,7,41.74342577,-87.70819743
0,351845,-1,5,0,0,0,3,7,7,-1,0,0,0,0,-1,-1,1,0,-1,331,-1,-1,-1,-1,-1,-1,2,0,0,0,0,0,1,0,21,1,7,41.77665367,-87.57082461
0,351343,-1,30,0,0,2,3,7,6,-1,0,1,0,1,-1,-1,1,0,-1,2515,-1,-1,-1,-1,-1,-1,3,0,0,0,0,0,1,0,21,1,7,41.92631992,-87.76375868
0,351263,-1,30,1,2,0,3,14,1,-1,0,0,0,0,1,-1,-1,6,0,1713,-1,-1,-1,-1,-1,-1,2,0,0,0,0,0,2,0,21,1,7,41.96856056,-87.70853637
0,351255,-1,30,0,0,0,3,7,5,2,0,0,-1,0,-1,-1,-1,20,20,1834,-1,-1,-1,-1,-1,-1,2,0,0,0,0,0,1,0,21,1,7,41.89505471,-87.62398769
0,351220,-1,25,0,0,0,0,10,5,2,1,0,-1,0,-1,-1,1,18,16,1713,-1,-1,-1,-1,-1,-1,2,0,0,0,0,0,2,0,21,1,7,41.96836614,-87.7059696
0,351234,-1,45,0,0,0,3,12,3,-1,0,0,0,0,-1,-1,-1,0,-1,1834,-1,-1,-1,-1,-1,-1,2,0,0,0,0,0,2,0,21,1,7,41.895079,-87.6156421
0,351217,-1,30,1,2,0,3,7,5,4,0,0,0,1,-1,-1,1,0,0,2431,-1,-1,-1,-1,-1,-1,3,0,0,0,0,0,1,0,21,1,7,42.00794425,-87.66152944
0,351327,-1,30,0,0,0,-1,7,0,-1,0,0,-1,0,-1,-1,1,16,0,232,-1,-1,-1,-1,-1,-1,2,0,0,0,0,0,3,0,21,1,7,41.79055047,-87.62059455
0,351210,-1,30,0,0,0,3,0,2,-1,0,0,0,0,-1,-1,-1,33,0,824,-1,-1,-1,-1,-1,-1,2,0,0,0,0,0,2,0,21,1,7,41.78741227,-87.70323296
0,351247,-1,30,-1,-1,0,3,3,5,-1,0,0,-1,0,-1,-1,1,25,16,513,-1,-1,-1,-1,-1,-1,2,0,0,0,0,0,2,0,20,1,7,41.69918428,-87.62792358
0,351618,-1,30,0,0,0,3,10,5,2,0,0,-1,0,1,-1,-1,0,0,1732,-1,-1,-1,-1,-1,-1,2,0,0,0,0,0,2,0,20,1,7,41.94629476,-87.72500332
0,363834,-1,30,0,0,0,3,7,5,2,0,0,0,0,1,-1,-1,0,-1,2535,-1,-1,-1,-1,-1,-1,2,0,0,0,0,0,1,0,20,1,7,41.91655336,-87.7202748
0,352580,-1,30,0,0,0,1,7,7,-1,0,0,0,0,-1,-1,1,0,-1,414,-1,-1,-1,-1,-1,-1,2,0,0,0,0,0,1,0,20,1,7,41.75606758,-87.57593691
0,351194,-1,30,0,0,0,1,12,6,-1,0,0,-1,0,-1,-1,1,22,-1,621,-1,-1,-1,-1,-1,-1,2,0,0,0,0,0,3,0,20,1,7,41.75453704,-87.6346256
2,351207,-1,30,1,-1,0,4,8,5,4,0,0,-1,1,1,-1,-1,6,-1,2521,-1,-1,-1,-1,-1,-1,2,1,0,0,1,0,1,0,20,1,7,41.92434992,-87.74624359
2,351186,-1,30,0,0,0,4,7,5,2,0,0,0,1,-1,-1,-1,16,-1,2212,-1,-1,-1,-1,-1,-1,2,1,0,0,1,0,0,0,20,1,7,41.69661573,-87.6630936
0,351147,-1,30,0,0,0,1,7,3,-1,0,0,0,0,-1,-1,-1,-1,-1,333,-1,-1,-1,-1,-1,-1,3,0,0,0,0,0,4,0,20,1,7,41.76594474,-87.57802589
0,351184,-1,0,0,0,0,4,7,7,0,0,0,0,0,-1,-1,-1,11,11,2012,-1,-1,-1,-1,-1,-1,2,0,0,0,0,0,1,0,20,1,7,41.97728627,-87.68905761
0,351932,-1,30,0,0,0,1,10,5,2,0,0,0,0,-1,-1,-1,11,0,2033,-1,-1,-1,-1,-1,-1,2,0,0,0,0,0,2,0,20,1,7,41.96906359,-87.66436013
0,351924,-1,30,0,0,-1,-1,7,6,-1,0,-1,-1,0,-1,-1,1,0,-1,2533,-1,-1,-1,-1,-1,-1,2,0,0,0,0,0,1,0,20,1,7,41.91157079,-87.74456909
0,351133,-1,30,1,2,0,1,10,5,-1,0,0,0,0,-1,-1,-1,18,-1,112,-1,-1,-1,-1,-1,-1,2,0,0,0,0,0,2,0,19,1,7,41.88071557,-87.62442284
0,351197,-1,30,0,0,0,3,0,5,2,0,0,0,0,-1,-1,1,16,-1,2515,-1,-1,-1,-1,-1,-1,2,0,0,0,0,0,4,0,19,1,7,41.92366106,-87.76612552
1,351140,-1,30,1,2,0,4,0,2,2,0,0,0,1,1,-1,-1,6,0,523,-1,-1,-1,-1,-1,-1,3,2,0,0,0,2,3,0,19,1,7,41.6631821,-87.64156527
2,351144,-1,30,1,2,0,2,14,1,3,0,0,0,1,1,-1,-1,17,-1,512,-1,-1,-1,-1,-1,-1,2,1,0,0,1,0,3,0,19,1,7,41.70001575,-87.6208668
0,351185,-1,30,0,0,0,1,14,2,-1,0,0,0,0,-1,-1,-1,8,16,133,-1,-1,-1,-1,-1,-1,2,0,0,0,0,0,2,0,19,1,7,41.84751666,-87.61786267
2,351137,-1,30,0,0,0,4,2,5,2,0,0,0,1,-1,-1,-1,0,0,914,-1,-1,-1,-1,-1,-1,1,1,0,0,1,0,0,0,19,1,7,41.84221567,-87.63632855
0,351150,-1,30,0,0,0,1,14,5,2,0,0,0,0,-1,-1,-1,11,0,1731,-1,-1,-1,-1,-1,-1,2,0,0,0,0,0,2,0,19,1,7,41.94200267,-87.72741981
0,351139,-1,30,0,0,0,1,7,6,1,0,0,0,0,-1,-1,1,0,-1,1723,-1,-1,-1,-1,-1,-1,4,0,0,0,0,0,1,0,19,1,7,41.96298943,-87.72529086
1,351131,-1,30,1,2,0,1,0,5,6,0,0,0,1,1,-1,-1,6,6,113,-1,-1,-1,-1,-1,-1,2,1,0,0,0,1,2,0,19,1,7,41.87699425,-87.62750704
0,351128,-1,30,0,0,0,1,0,0,1,0,0,0,0,-1,-1,-1,17,-1,2412,-1,-1,-1,-1,-1,-1,2,0,0,0,0,0,2,0,19,1,7,41.99790119,-87.68636698
0,351159,-1,30,2,2,0,1,10,5,2,0,0,0,0,1,-1,1,18,-1,1424,-1,-1,-1,-1,-1,-1,2,0,0,0,0,0,2,0,19,1,7,41.9063897,-87.67126834
0,352297,-1,30,0,0,0,1,7,5,-1,0,0,0,0,-1,-1,1,0,-1,1731,-1,-1,-1,-1,-1,-1,2,0,0,0,0,0,1,0,19,1,7,41.94625223,-87.72831243
0,351146,-1,20,0,0,0,1,7,6,1,0,0,0,0,-1,-1,1,-1,-1,1731,-1,-1,-1,-1,-1,-1,2,0,0,0,0,0,1,0,19,1,7,41.93907844,-87.7318909
0,351108,-1,30,0,0,0,4,12,5,-1,0,0,0,0,-1,-1,-1,22,16,2515,-1,-1,-1,-1,-1,-1,2,0,0,0,0,0,3,0,18,1,7,41.9249182,-87.76617144
0,351102,-1,25,0,0,0,1,7,6,1,0,-1,0,0,-1,-1,1,0,0,2022,-1,-1,-1,-1,-1,-1,2,0,0,0,0,0,1,0,18,1,7,41.98919886,-87.65664041
0,351082,-1,30,2,0,2,1,14,2,2,0,1,0,0,0,-1,-1,17,-1,1623,-1,-1,-1,-1,-1,-1,2,0,0,0,0,0,2,0,18,1,7,41.96790653,-87.74866662
2,351121,-1,30,0,0,0,1,14,5,4,0,0,0,1,-1,-1,-1,0,0,2532,-1,-1,-1,-1,-1,-1,2,1,0,0,1,0,1,0,18,1,7,41.90956749,-87.75592828
0,351170,1,30,0,0,0,1,12,5,-1,0,0,0,0,-1,-1,-1,17,-1,1924,-1,-1,-1,-1,-1,-1,2,0,0,0,0,0,2,0,18,1,7,41.9457773,-87.64958778