MOST_SEVERE_INJURY,RD_NO,CRASH_DATE_EST_I,POSTED_SPEED_LIMIT,TRAFFIC_CONTROL_DEVICE,DEVICE_CONDITION,WEATHER_CONDITION,LIGHTING_CONDITION,FIRST_CRASH_TYPE,TRAFFICWAY_TYPE,LANE_CNT,ALIGNMENT,ROADWAY_SURFACE_COND,ROAD_DEFECT,CRASH_TYPE,INTERSECTION_RELATED_I,NOT_RIGHT_OF_WAY_I,HIT_AND_RUN_I,PRIM_CONTRIBUTORY_CAUSE,SEC_CONTRIBUTORY_CAUSE,BEAT_OF_OCCURRENCE,PHOTOS_TAKEN_I,STATEMENTS_TAKEN_I,DOORING_I,WORK_ZONE_I,WORK_ZONE_TYPE,WORKERS_PRESENT_I,NUM_UNITS,INJURIES_TOTAL,INJURIES_FATAL,INJURIES_INCAPACITATING,INJURIES_NON_INCAPACITATING,INJURIES_REPORTED_NOT_EVIDENT,INJURIES_NO_INDICATION,INJURIES_UNKNOWN,CRASH_HOUR,CRASH_DAY_OF_WEEK,CRASH_MONTH,LATITUDE,LONGITUDE
0,351093,-1,30,0,0,0,1,14,2,2,0,0,0,0,-1,-1,-1,22,21,1434,-1,-1,-1,-1,-1,-1,2,0,0,0,0,0,2,0,18,1,7,41.91641254,-87.67744122
2,351042,-1,30,0,0,0,1,9,5,-1,0,0,0,1,-1,-1,-1,-1,17,726,-1,-1,-1,-1,-1,-1,2,1,0,0,1,0,2,0,18,1,7,41.77201028,-87.67143903
0,352779,-1,30,2,2,0,1,0,5,1,0,0,0,0,1,-1,-1,5,-1,1914,-1,-1,-1,-1,-1,-1,2,0,0,0,0,0,5,0,18,1,7,41.96676165,-87.64313673
0,351097,-1,30,0,0,0,1,10,2,-1,0,0,0,0,0,-1,1,18,16,131,-1,-1,-1,-1,-1,-1,2,0,0,0,0,0,2,0,18,1,7,41.857759,-87.6246503
0,351056,-1,30,1,2,0,1,10,5,2,0,0,0,0,-1,-1,-1,18,11,131,-1,-1,-1,-1,-1,-1,2,0,0,0,0,0,2,0,18,1,7,41.8658941,-87.62420012
0,351035,-1,30,1,2,0,1,10,2,6,0,0,0,0,1,-1,1,18,11,413,-1,-1,-1,-1,-1,-1,3,0,0,0,0,0,3,0,17,1,7,41.72238669,-87.5849837
0,351022,-1,30,0,0,0,1,10,5,-1,0,0,0,1,-1,-1,-1,0,0,614,-1,-1,-1,-1,-1,-1,2,0,0,0,0,0,3,0,17,1,7,41.73578761,-87.67155248
0,351033,-1,30,0,0,0,1,12,6,1,0,0,0,0,-1,-1,0,11,22,1032,-1,-1,-1,-1,-1,-1,3,0,0,0,0,0,3,0,17,1,7,41.83910129,-87.7086027
0,351023,-1,30,-1,0,0,1,10,5,2,0,0,0,0,-1,-1,-1,4,0,914,-1,-1,-1,-1,-1,-1,2,0,0,0,0,0,3,0,17,1,7,41.85298181,-87.63490834
0,351018,-1,30,1,2,0,1,14,5,-1,0,0,0,0,1,-1,-1,-1,-1,1731,-1,-1,-1,-1,-1,-1,2,0,0,0,0,0,2,0,17,1,7,41.9408919,-87.72738355
0,351014,-1,30,1,2,0,1,0,5,4,0,0,0,1,1,-1,-1,0,0,935,-1,-1,-1,-1,-1,-1,2,0,0,0,0,0,2,0,17,1,7,41.79456007,-87.63192848
0,355010,1,30,-1,-1,-1,1,2,5,4,0,-1,-1,0,-1,-1,-1,0,-1,523,-1,-1,-1,-1,-1,-1,1,0,0,0,0,0,1,0,17,1,7,41.67318486,-87.64160711
0,351058,-1,25,2,2,0,1,7,6,1,0,0,0,0,-1,-1,1,15,16,832,-1,-1,-1,-1,-1,-1,2,0,0,0,0,0,1,0,17,1,7,41.76812599,-87.68715765
0,351015,-1,30,1,2,0,1,10,5,2,0,0,0,0,-1,-1,-1,18,-1,123,-1,-1,-1,-1,-1,-1,2,0,0,0,0,0,2,0,17,1,7,41.87565854,-87.62440494
0,351003,-1,30,1,2,0,1,14,3,6,0,0,0,1,1,-1,-1,17,0,114,-1,-1,-1,-1,-1,-1,2,0,0,0,0,0,6,0,17,1,7,41.88767222,-87.62057394
0,351005,-1,30,1,2,0,1,10,5,4,0,0,0,0,-1,-1,-1,16,-1,814,-1,-1,-1,-1,-1,-1,2,0,0,0,0,0,3,0,17,1,7,41.81672939,-87.74353671
0,351127,-1,30,-1,-1,0,1,8,5,-1,0,0,-1,0,-1,-1,-1,0,-1,2521,-1,-1,-1,-1,-1,-1,2,0,0,0,0,0,2,0,17,1,7,41.9317002,-87.74223193
0,351053,-1,30,1,2,0,1,14,6,2,0,0,0,0,-1,-1,-1,23,0,121,-1,-1,-1,-1,-1,-1,2,0,0,0,0,0,2,0,17,1,7,41.88306609,-87.64174566
0,350985,-1,40,0,0,2,1,2,3,4,3,1,0,1,-1,-1,-1,34,12,1824,-1,-1,-1,-1,-1,-1,1,0,0,0,0,0,1,0,17,1,7,41.90394044,-87.62453215
0,350984,-1,30,1,2,0,1,10,5,-1,0,0,0,0,-1,-1,-1,18,0,725,-1,-1,-1,-1,-1,-1,2,0,0,0,0,0,2,0,17,1,7,41.77937222,-87.66436535
0,350979,-1,30,0,0,0,1,12,5,-1,0,0,0,0,-1,-1,-1,22,16,2515,-1,-1,-1,-1,-1,-1,2,0,0,0,0,0,4,0,17,1,7,41.92387971,-87.76537329
0,14351002,-1,30,1,2,2,1,10,2,-1,0,1,0,0,-1,-1,-1,18,18,2523,-1,-1,-1,-1,-1,-1,2,0,0,0,0,0,3,0,17,1,7,41.93910569,-87.71745656
0,352300,-1,30,1,2,2,1,14,5,1,0,1,0,0,1,-1,-1,23,-1,1434,-1,-1,-1,-1,-1,-1,2,0,0,0,0,0,3,0,17,1,7,41.91050252,-87.68240976
0,352218,-1,45,1,2,0,1,10,3,4,0,0,0,0,-1,-1,-1,0,-1,331,-1,-1,-1,-1,-1,-1,2,0,0,0,0,0,3,0,17,1,7,41.79149785,-87.57987334
0,351019,-1,30,0,0,2,1,14,5,2,0,1,0,0,-1,-1,-1,17,-1,1212,-1,-1,-1,-1,-1,-1,2,0,0,0,0,0,3,0,17,1,7,41.89946273,-87.67586734
0,350967,-1,30,1,2,0,1,10,5,-1,0,0,0,0,-1,-1,1,0,-1,1413,-1,-1,-1,-1,-1,-1,2,0,0,0,0,0,2,0,16,1,7,41.91743061,-87.71360745
0,350971,1,25,0,0,0,1,11,5,2,0,0,0,0,-1,-1,1,0,-1,1931,-1,-1,-1,-1,-1,-1,2,0,0,0,0,0,2,0,16,1,7,41.93505261,-87.68468179
0,350990,-1,35,0,0,0,1,14,2,-1,0,0,0,0,-1,-1,1,23,23,221,-1,-1,-1,-1,-1,-1,2,0,0,0,0,0,2,0,16,1,7,41.80955386,-87.61254045
2,350960,-1,30,2,0,0,1,7,6,1,0,0,0,1,-1,-1,-1,16,11,824,-1,-1,-1,-1,-1,-1,4,1,0,0,1,0,1,0,16,1,7,41.79172399,-87.69580836
0,352494,-1,30,0,0,0,1,10,5,-1,0,0,0,0,-1,-1,-1,0,0,1622,-1,-1,-1,-1,-1,-1,2,0,0,0,0,0,2,0,16,1,7,41.960366,-87.78387736
0,350961,-1,30,0,0,0,1,7,6,2,0,0,0,0,-1,-1,-1,7,0,1222,-1,-1,-1,-1,-1,-1,4,0,0,0,0,0,1,0,16,1,7,41.88203829,-87.70257508
0,351246,-1,30,1,2,0,1,10,5,2,0,0,0,0,-1,-1,-1,18,18,131,-1,-1,-1,-1,-1,-1,2,0,0,0,0,0,3,0,16,1,7,41.8550755,-87.63001085
1,351040,-1,20,0,0,0,1,7,6,1,0,0,0,1,-1,-1,1,0,-1,825,-1,-1,-1,-1,-1,-1,4,1,0,0,0,1,1,0,16,1,7,41.78411531,-87.6888004
0,350932,-1,30,1,2,0,1,12,5,2,0,0,0,0,-1,-1,-1,0,0,1513,-1,-1,-1,-1,-1,-1,2,0,0,0,0,0,6,0,16,1,7,41.8806334,-87.76501701
1,350927,-1,30,2,2,0,1,14,5,2,0,0,0,1,-1,-1,1,21,25,1531,-1,-1,-1,-1,-1,-1,2,1,0,0,0,1,1,0,16,1,7,41.89311003,-87.7554681
0,350949,-1,35,0,0,0,1,12,2,2,0,0,0,1,-1,-1,-1,17,-1,2031,-1,-1,-1,-1,-1,-1,2,0,0,0,0,0,2,0,16,1,7,41.96867023,-87.69516275
0,350953,-1,30,1,2,0,1,12,5,2,0,0,0,0,1,-1,-1,21,-1,1831,-1,-1,-1,-1,-1,-1,2,0,0,0,0,0,5,0,16,1,7,41.89090369,-87.62818612
0,350923,-1,30,0,0,0,1,7,5,1,0,0,0,1,-1,-1,-1,-1,-1,1624,-1,-1,-1,-1,-1,-1,2,0,0,0,0,0,1,0,16,1,7,41.95450103,-87.77697101
0,351328,-1,30,0,0,0,1,12,6,-1,0,0,0,0,-1,-1,-1,17,-1,1834,-1,-1,-1,-1,-1,-1,2,0,0,0,0,0,4,0,15,1,7,41.89334374,-87.61723567
0,350930,-1,30,0,0,0,1,5,2,4,0,0,0,0,-1,-1,-1,-1,-1,2221,-1,-1,-1,-1,-1,-1,1,0,0,0,0,0,1,0,15,1,7,41.73372434,-87.68231438
0,350900,-1,30,-1,-1,0,1,12,6,-1,0,0,-1,0,-1,-1,-1,0,-1,2513,-1,-1,-1,-1,-1,-1,2,0,0,0,0,0,2,0,15,1,7,41.90930755,-87.7973623
1,350898,-1,25,1,2,0,1,9,5,2,0,0,0,1,1,-1,-1,17,-1,2221,-1,-1,-1,-1,-1,-1,2,1,0,0,0,1,1,0,15,1,7,41.72857612,-87.66294878
3,350911,-1,30,1,2,0,1,0,5,2,0,0,0,1,1,-1,-1,6,-1,323,-1,-1,-1,-1,-1,-1,2,3,0,3,0,0,0,0,15,1,7,41.76022751,-87.6104442
0,350941,-1,30,0,0,1,1,12,5,2,0,-1,-1,0,-1,-1,1,18,16,1011,-1,-1,-1,-1,-1,-1,2,0,0,0,0,0,2,0,15,1,7,41.86549022,-87.73480145
3,350913,-1,40,1,2,0,1,11,3,-1,0,0,0,1,-1,-1,1,0,-1,331,0,-1,-1,-1,-1,-1,2,4,0,1,3,0,1,0,15,1,7,41.78772354,-87.57794018
3,350881,-1,40,0,0,0,1,10,3,9,4,0,0,1,-1,-1,-1,0,0,1814,-1,-1,-1,-1,-1,-1,2,2,0,1,0,1,2,0,15,1,7,41.91296035,-87.62660834
0,350852,-1,30,0,0,0,1,12,6,3,0,0,-1,0,-1,-1,-1,16,17,622,-1,-1,-1,-1,-1,-1,2,0,0,0,0,0,3,0,15,1,7,41.74402267,-87.62578881
0,350914,-1,30,2,2,0,1,9,5,2,0,0,0,0,-1,-1,-1,17,0,2232,-1,-1,-1,-1,-1,-1,2,0,0,0,0,0,2,0,15,1,7,41.71248697,-87.64283439
0,350885,-1,40,1,2,0,1,10,3,-1,0,0,0,0,-1,-1,-1,0,0,114,-1,-1,-1,-1,-1,-1,2,0,0,0,0,0,2,0,15,1,7,41.87319059,-87.61745814
0,350880,-1,30,0,0,0,1,10,2,-1,0,0,0,0,-1,-1,-1,16,0,114,-1,-1,-1,-1,-1,-1,2,0,0,0,0,0,2,0,15,1,7,41.87630323,-87.61723511
0,350870,-1,30,0,0,0,1,10,5,-1,0,0,0,0,-1,-1,-1,18,16,2512,-1,-1,-1,-1,-1,-1,2,0,0,0,0,0,3,0,15,1,7,41.93011063,-87.7858235
0,350810,-1,25,0,12,0,1,7,2,2,0,0,0,0,-1,-1,-1,-1,-1,2011,-1,0,-1,-1,-1,-1,2,0,0,0,0,0,1,0,15,1,7,41.98143115,-87.69408681
0,359013,-1,15,0,0,0,1,4,7,-1,0,0,1,0,-1,-1,-1,29,-1,1513,-1,-1,-1,-1,-1,-1,1,0,0,0,0,0,1,0,15,1,7,41.87377325,-87.7647697
0,357301,-1,45,0,0,0,1,2,3,8,0,0,0,0,-1,-1,-1,0,0,1914,-1,-1,-1,-1,-1,-1,1,0,0,0,0,0,1,0,15,1,7,41.96205861,-87.64638962
0,350908,-1,30,0,0,0,1,7,5,-1,0,0,0,0,-1,-1,-1,0,0,114,-1,-1,-1,-1,-1,-1,2,0,0,0,0,0,1,0,15,1,7,41.88497571,-87.62242459
0,350904,-1,30,0,0,0,1,14,5,6,0,0,0,0,-1,-1,1,0,0,412,-1,-1,-1,-1,-1,-1,2,0,0,0,0,0,2,0,15,1,7,41.73597264,-87.58577395
0,350867,-1,30,0,0,0,1,10,5,-1,0,0,0,0,-1,-1,-1,-1,-1,813,-1,-1,-1,-1,-1,-1,2,0,0,0,0,0,5,0,15,1,7,41.77838094,-87.73876291
0,350829,-1,30,2,2,0,1,0,2,2,0,0,0,1,1,-1,-1,17,-1,1511,-1,-1,-1,-1,-1,-1,2,0,0,0,0,0,2,0,15,1,7,41.89857179,-87.76801295
0,350856,-1,30,1,2,0,1,0,2,2,0,0,-1,1,1,-1,-1,0,-1,2522,-1,-1,-1,-1,-1,-1,2,0,0,0,0,0,2,0,14,1,7,41.9172123,-87.73151092
0,350836,-1,10,0,0,0,1,7,7,-1,0,0,-1,0,-1,1,-1,0,-1,2515,-1,-1,-1,-1,-1,-1,2,0,0,0,0,0,3,0,14,1,7,41.92589288,-87.76620483
0,350823,-1,35,0,0,0,1,10,5,-1,0,0,0,0,-1,-1,1,0,0,1713,-1,-1,-1,-1,-1,-1,2,0,0,0,0,0,2,0,14,1,7,41.96628077,-87.70826052
0,353788,-1,30,2,2,0,1,14,5,-1,0,0,0,0,-1,-1,-1,0,0,911,-1,-1,-1,-1,-1,-1,2,0,0,0,0,0,3,0,14,1,7,41.82634907,-87.6844724
0,350902,-1,30,1,2,0,1,10,2,2,0,0,-1,0,1,-1,-1,18,0,1914,-1,-1,-1,-1,-1,-1,2,0,0,0,0,0,2,0,14,1,7,41.96889687,-87.65951561
0,350835,-1,30,0,0,0,1,12,6,2,2,0,0,0,-1,-1,1,22,-1,122,-1,-1,-1,-1,-1,-1,2,0,0,0,0,0,2,0,14,1,7,41.88435994,-87.63382138
2,350841,-1,30,1,2,0,1,14,5,4,0,0,0,1,1,-1,1,11,3,1111,-1,-1,-1,-1,-1,-1,2,2,0,0,2,0,6,0,14,1,7,41.89495909,-87.7456589
2,350968,-1,35,-1,-1,0,1,7,2,2,0,-1,-1,1,-1,-1,-1,-1,-1,1113,-1,1,-1,-1,-1,-1,4,1,0,0,1,0,0,0,14,1,7,41.88172291,-87.74391277
0,353113,-1,30,0,0,0,1,1,5,-1,0,0,0,0,-1,-1,1,1,-1,1531,-1,-1,-1,-1,-1,-1,1,0,0,0,0,0,1,0,14,1,7,41.89990628,-87.75218875
0,352036,-1,20,0,-1,-1,1,7,6,-1,0,-1,0,1,-1,-1,-1,-1,-1,2535,-1,-1,-1,-1,-1,-1,2,0,0,0,0,0,1,0,14,1,7,41.91170508,-87.71691655
2,350936,-1,30,-1,-1,0,1,0,5,-1,0,0,-1,1,-1,-1,-1,0,-1,2521,-1,-1,-1,-1,-1,-1,2,1,0,0,1,0,1,0,14,1,7,41.92682882,-87.7560987
2,350860,-1,30,0,0,0,1,14,5,-1,0,0,0,1,1,-1,-1,22,-1,812,-1,-1,-1,-1,-1,-1,2,1,0,0,1,0,2,0,14,1,7,41.77767375,-87.7885345
0,350832,-1,30,1,2,0,1,14,5,4,0,0,0,0,1,-1,-1,17,17,331,-1,-1,-1,-1,-1,-1,2,0,0,0,0,0,4,0,14,1,7,41.79275553,-87.58380402
0,350772,-1,30,2,2,0,1,10,5,2,0,0,0,0,1,-1,-1,0,0,813,-1,-1,-1,-1,-1,-1,2,0,0,0,0,0,3,0,13,1,7,41.7785672,-87.73990948
0,355991,-1,20,0,0,0,1,7,6,-1,0,0,0,0,-1,-1,-1,11,-1,1422,-1,-1,-1,-1,-1,-1,2,0,0,0,0,0,1,0,13,1,7,41.90640006,-87.70949531
0,363273,-1,30,0,0,0,1,12,5,4,0,0,0,0,-1,-1,-1,17,0,111,-1,-1,-1,-1,-1,-1,2,0,0,0,0,0,4,0,13,1,7,41.88459574,-87.62879501
0,350825,-1,30,-1,-1,0,-1,10,5,-1,0,-1,-1,0,-1,-1,1,0,-1,2533,-1,-1,-1,-1,-1,-1,4,0,0,0,0,0,4,0,13,1,7,41.91399921,-87.74586369
0,350758,-1,30,0,0,0,1,11,7,-1,0,0,0,0,-1,-1,-1,20,17,1033,-1,-1,-1,-1,-1,-1,2,0,0,0,0,0,2,0,13,1,7,41.85099116,-87.701699
0,352299,-1,30,0,0,0,1,7,5,-1,0,0,0,0,-1,-1,1,0,0,1911,-1,-1,-1,-1,-1,-1,2,0,0,0,0,0,1,0,13,1,7,41.9594601,-87.68303813
0,351621,-1,30,0,0,0,1,10,5,2,0,0,0,0,-1,-1,-1,0,0,1611,-1,-1,-1,-1,-1,-1,2,0,0,0,0,0,2,0,13,1,7,42.00723546,-87.80683367
0,350747,-1,10,0,0,0,1,7,7,-1,0,0,0,0,-1,1,-1,0,0,131,-1,-1,-1,-1,-1,-1,2,0,0,0,0,0,1,0,13,1,7,41.85837259,-87.62735617
0,350821,-1,35,1,2,0,1,10,5,-1,0,0,0,0,-1,-1,-1,18,-1,331,-1,-1,-1,-1,-1,-1,2,0,0,0,0,0,3,0,13,1,7,41.76635416,-87.57624314
0,350504,-1,30,0,0,0,1,10,2,-1,0,0,0,0,-1,-1,-1,-1,-1,811,-1,-1,-1,-1,-1,-1,2,0,0,0,0,0,5,0,13,1,7,41.79568805,-87.80145967
0,350815,-1,30,1,2,0,1,10,2,4,0,0,0,0,-1,-1,-1,0,0,1621,-1,-1,-1,-1,-1,-1,2,0,0,0,0,0,2,0,13,1,7,42.01184932,-87.77351095
3,350743,-1,30,2,12,0,1,0,5,-1,0,0,0,1,1,-1,-1,0,0,2411,-1,-1,-1,-1,-1,-1,2,1,0,1,0,0,1,0,13,1,7,42.00983485,-87.68236122
0,350728,-1,30,0,0,0,1,10,5,2,0,0,1,0,-1,-1,-1,0,-1,823,-1,-1,-1,-1,-1,-1,2,0,0,0,0,0,3,0,13,1,7,41.77911641,-87.70076494
0,350807,-1,30,0,0,0,1,7,6,-1,0,0,0,0,-1,-1,1,0,0,1115,-1,-1,-1,-1,-1,-1,2,0,0,0,0,0,1,0,13,1,7,41.87968329,-87.72823321
0,350801,0,30,2,0,0,1,10,6,-1,0,0,0,0,-1,-1,-1,20,10,412,-1,-1,-1,-1,-1,-1,2,0,0,0,0,0,3,0,13,1,7,41.73680291,-87.58705797
0,350749,-1,30,0,0,0,1,14,2,-1,0,0,0,0,-1,-1,-1,4,17,123,-1,-1,-1,-1,-1,-1,2,0,0,0,0,0,2,0,13,1,7,41.87557316,-87.62637611
0,350883,-1,35,0,0,0,1,12,2,-1,0,0,0,0,-1,-1,1,21,21,232,-1,-1,-1,-1,-1,-1,2,0,0,0,0,0,2,0,12,1,7,41.78735114,-87.62080271
0,350715,-1,30,0,0,0,1,7,6,-1,0,0,-1,0,-1,-1,1,0,0,612,-1,-1,-1,-1,-1,-1,2,0,0,0,0,0,1,0,12,1,7,41.74790921,-87.65745413
2,350701,-1,30,1,1,0,1,8,2,2,0,0,0,1,-1,-1,-1,11,-1,131,-1,1,-1,-1,-1,-1,2,1,0,0,1,0,1,0,12,1,7,41.86032362,-87.6253161
0,351338,-1,30,0,0,0,1,10,2,2,0,0,0,0,-1,-1,-1,18,0,1713,-1,-1,-1,-1,-1,-1,2,0,0,0,0,0,2,0,12,1,7,41.97559746,-87.71208844
1,350710,-1,30,1,2,0,2,0,5,3,0,0,0,1,1,-1,-1,6,17,934,-1,-1,-1,-1,-1,-1,2,2,0,0,0,2,5,0,12,1,7,41.79441011,-87.64528468
1,350691,-1,30,0,0,0,1,10,5,2,0,0,0,1,-1,-1,1,18,18,1412,-1,-1,-1,-1,-1,-1,3,1,0,0,0,1,3,0,12,1,7,41.9300055,-87.71209837
0,352863,-1,30,1,2,-1,-1,10,2,2,0,-1,0,0,1,-1,-1,18,-1,1811,-1,-1,-1,-1,-1,-1,2,0,0,0,0,0,2,0,12,1,7,41.91094876,-87.65315955
0,350699,-1,30,1,2,0,1,12,2,4,0,0,0,0,-1,-1,-1,4,-1,1421,-1,-1,-1,-1,-1,-1,2,0,0,0,0,0,2,0,12,1,7,41.91022961,-87.70623005
0,350675,-1,30,1,2,0,1,10,5,4,0,0,-1,0,-1,-1,-1,23,-1,511,-1,-1,-1,-1,-1,-1,2,0,0,0,0,0,2,0,12,1,7,41.72225727,-87.58527557
1,350707,-1,30,0,0,0,1,9,5,2,3,0,0,1,-1,-1,1,0,0,421,-1,-1,-1,-1,-1,-1,3,2,0,0,0,2,1,0,12,1,7,41.75705616,-87.56405559
0,350693,-1,30,2,2,0,1,0,5,6,0,0,0,0,1,-1,-1,17,-1,1432,-1,-1,-1,-1,-1,-1,2,0,0,0,0,0,4,0,12,1,7,41.9249038,-87.67889234
0,351201,-1,30,3,-1,0,1,12,2,4,0,0,0,0,-1,-1,-1,22,0,1421,-1,-1,-1,-1,-1,-1,2,0,0,0,0,0,2,0,12,1,7,41.9102243,-87.70703651
3,350674,-1,30,1,2,0,1,14,5,2,0,0,0,1,1,-1,-1,17,11,2513,-1,-1,-1,-1,-1,-1,2,2,0,1,1,0,2,0,12,1,7,41.91229779,-87.78525074
0,350672,-1,35,0,0,0,1,14,2,4,0,0,0,1,-1,-1,-1,16,-1,632,-1,-1,-1,-1,-1,-1,3,0,0,0,0,0,3,0,12,1,7,41.73597446,-87.60465841
0,350689,-1,30,2,2,0,1,7,5,2,0,0,0,0,-1,-1,1,0,-1,1931,-1,-1,-1,-1,-1,-1,2,0,0,0,0,0,1,0,11,1,7,41.92750995,-87.67208351
0,350683,-1,30,0,0,0,1,7,6,1,0,0,0,0,-1,-1,1,0,0,1112,-1,1,-1,-1,-1,-1,2,0,0,0,0,0,1,0,11,1,7,41.89463933,-87.71858143
0,350775,-1,30,0,0,0,1,7,5,2,0,0,0,0,-1,-1,-1,0,-1,1931,-1,-1,-1,-1,-1,-1,2,0,0,0,0,0,2,0,11,1,7,41.92627437,-87.66955256
1,350663,-1,35,0,0,0,1,10,3,-1,0,0,0,1,-1,-1,1,18,-1,835,-1,-1,-1,-1,-1,-1,2,1,0,0,0,1,1,0,11,1,7,41.73561797,-87.68266337
1,350608,-1,40,0,0,0,1,10,3,8,0,0,0,1,-1,-1,-1,18,-1,1833,-1,-1,-1,-1,-1,-1,2,1,0,0,0,1,2,0,11,1,7,41.89952895,-87.61854992
0,350588,-1,30,2,2,0,1,10,5,2,0,0,0,1,-1,-1,-1,18,8,511,-1,-1,-1,-1,-1,-1,2,0,0,0,0,0,2,0,11,1,7,41.70718234,-87.63079344
0,367804,-1,30,0,0,0,1,14,12,-1,0,0,0,0,-1,-1,1,0,0,212,-1,-1,-1,-1,-1,-1,2,0,0,0,0,0,2,0,11,1,7,41.82944677,-87.60855256
0,350906,-1,15,0,0,0,1,2,0,1,0,0,0,0,-1,-1,-1,0,0,611,-1,-1,-1,-1,-1,-1,1,0,0,0,0,0,1,0,11,1,7,41.75627734,-87.67194388
0,350844,-1,20,0,0,0,1,12,2,-1,0,0,0,0,-1,-1,-1,22,22,2022,-1,-1,-1,-1,-1,-1,2,0,0,0,0,0,2,0,11,1,7,41.98692712,-87.65543537
0,350705,-1,30,0,0,0,1,7,2,2,0,0,0,0,-1,-1,1,0,-1,231,-1,-1,-1,-1,-1,-1,2,0,0,0,0,0,1,0,11,1,7,41.79188577,-87.61605337
0,350629,-1,30,0,0,0,1,10,5,2,0,0,0,0,-1,-1,-1,18,-1,2511,-1,-1,-1,-1,-1,-1,2,0,0,0,0,0,2,0,11,1,7,41.93786358,-87.81291231
0,350581,-1,35,1,2,0,1,12,5,4,0,0,0,0,-1,-1,1,22,0,222,-1,-1,-1,-1,-1,-1,2,0,0,0,0,0,2,0,10,1,7,41.8095726,-87.59308064
0,350642,-1,30,0,0,0,1,7,2,4,0,0,0,0,-1,-1,-1,11,-1,1414,-1,-1,-1,-1,-1,-1,2,0,0,0,0,0,1,0,10,1,7,41.9246472,-87.70286604
0,352056,-1,30,0,0,0,1,7,5,2,0,0,0,0,-1,-1,1,0,-1,1215,-1,-1,-1,-1,-1,-1,2,0,0,0,0,0,1,0,10,1,7,41.89424304,-87.6608024
0,351032,-1,10,0,0,0,1,7,7,-1,0,0,-1,0,-1,-1,-1,0,-1,123,-1,-1,-1,-1,-1,-1,2,0,0,0,0,0,1,0,10,1,7,41.8743089,-87.62745866
2,350559,-1,20,0,0,0,1,2,6,1,0,0,0,1,-1,1,-1,14,16,932,-1,-1,-1,-1,-1,-1,1,1,0,0,1,0,0,0,10,1,7,41.79480499,-87.68014175
3,350557,-1,30,2,2,0,1,14,5,2,0,0,-1,1,-1,-1,-1,33,-1,1732,-1,-1,-1,-1,-1,-1,2,1,0,1,0,0,1,0,10,1,7,41.9462088,-87.71285012
2,350554,-1,25,1,2,0,1,8,6,1,0,0,0,1,-1,-1,-1,6,-1,1624,-1,-1,-1,-1,-1,-1,2,1,0,0,1,0,5,0,10,1,7,41.95672336,-87.76699753
0,350607,-1,30,0,0,0,1,10,3,-1,0,0,0,0,-1,-1,-1,0,0,411,-1,-1,-1,-1,-1,-1,2,0,0,0,0,0,2,0,10,1,7,41.7514606,-87.58597199
0,355143,-1,30,0,0,0,1,7,5,-1,0,0,0,0,-1,-1,1,-1,-1,2521,-1,-1,-1,-1,-1,-1,2,0,0,0,0,0,1,0,10,1,7,41.93321213,-87.75417676
0,350534,1,30,0,0,-1,-1,7,5,-1,0,-1,-1,0,-1,-1,1,0,0,1214,-1,-1,-1,-1,-1,-1,2,0,0,0,0,0,1,0,10,1,7,41.88887845,-87.653544
0,350577,1,25,0,0,0,1,0,5,2,0,0,0,0,-1,-1,1,0,0,421,-1,-1,-1,-1,-1,-1,2,0,0,0,0,0,2,0,9,1,7,41.75959377,-87.55449111
0,351125,-1,30,-1,-1,0,1,10,5,-1,0,0,-1,0,-1,-1,-1,18,-1,2514,-1,-1,-1,-1,-1,-1,2,0,0,0,0,0,2,0,9,1,7,41.93114709,-87.76783309
0,350529,-1,30,0,0,2,1,12,5,6,0,0,0,0,-1,-1,-1,22,0,1834,-1,-1,-1,-1,-1,-1,2,0,0,0,0,0,2,0,9,1,7,41.89147375,-87.62037636
0,350510,-1,30,0,0,0,1,12,2,4,0,0,-1,0,-1,-1,-1,16,18,1513,1,1,-1,-1,-1,-1,2,0,0,0,0,0,3,0,9,1,7,41.86569126,-87.76530438
0,350522,-1,0,1,2,0,1,14,6,-1,0,0,0,0,-1,-1,-1,23,21,121,-1,-1,-1,-1,-1,-1,2,0,0,0,0,0,2,0,9,1,7,41.8793674,-87.64410546
0,350521,-1,30,0,0,0,1,12,2,2,0,0,0,0,-1,-1,-1,17,0,2514,-1,-1,-1,-1,-1,-1,2,0,0,0,0,0,2,0,9,1,7,41.93844482,-87.76816185
2,350499,-1,30,1,2,0,1,0,6,0,0,0,0,1,1,-1,-1,0,-1,122,-1,-1,-1,-1,-1,-1,2,4,0,0,4,0,0,0,9,1,7,41.87938042,-87.63096596
0,350497,-1,30,1,2,0,1,3,2,2,0,0,0,0,1,-1,-1,20,-1,2523,-1,-1,-1,-1,-1,-1,2,0,0,0,0,0,2,0,9,1,7,41.93183103,-87.72712687
0,350518,-1,30,1,2,0,1,12,5,2,0,0,0,0,-1,-1,1,22,17,1831,-1,-1,-1,-1,-1,-1,2,0,0,0,0,0,2,0,9,1,7,41.89017441,-87.62816006
0,351615,-1,30,0,3,0,1,7,2,2,0,0,0,0,-1,-1,-1,0,0,1412,-1,-1,-1,-1,-1,-1,2,0,0,0,0,0,1,0,9,1,7,41.93339781,-87.71096599
0,350866,-1,30,0,0,0,1,7,2,4,2,0,0,0,-1,-1,1,16,-1,835,-1,-1,-1,-1,-1,-1,2,0,0,0,0,0,1,0,9,1,7,41.74824561,-87.68265725