MOST_SEVERE_INJURY,RD_NO,CRASH_DATE_EST_I,POSTED_SPEED_LIMIT,TRAFFIC_CONTROL_DEVICE,DEVICE_CONDITION,WEATHER_CONDITION,LIGHTING_CONDITION,FIRST_CRASH_TYPE,TRAFFICWAY_TYPE,LANE_CNT,ALIGNMENT,ROADWAY_SURFACE_COND,ROAD_DEFECT,CRASH_TYPE,INTERSECTION_RELATED_I,NOT_RIGHT_OF_WAY_I,HIT_AND_RUN_I,PRIM_CONTRIBUTORY_CAUSE,SEC_CONTRIBUTORY_CAUSE,BEAT_OF_OCCURRENCE,PHOTOS_TAKEN_I,STATEMENTS_TAKEN_I,DOORING_I,WORK_ZONE_I,WORK_ZONE_TYPE,WORKERS_PRESENT_I,NUM_UNITS,INJURIES_TOTAL,INJURIES_FATAL,INJURIES_INCAPACITATING,INJURIES_NON_INCAPACITATING,INJURIES_REPORTED_NOT_EVIDENT,INJURIES_NO_INDICATION,INJURIES_UNKNOWN,CRASH_HOUR,CRASH_DAY_OF_WEEK,CRASH_MONTH,LATITUDE,LONGITUDE
0,350500,-1,30,0,0,0,1,7,5,-1,0,0,0,0,-1,-1,-1,0,0,1032,-1,-1,-1,-1,-1,-1,2,0,0,0,0,0,3,0,9,1,7,41.84433949,-87.70996871
-1,350487,1,25,0,0,0,-1,7,6,1,0,0,0,0,-1,-1,-1,0,0,1624,-1,-1,-1,-1,-1,-1,2,-1,-1,-1,-1,-1,-1,-1,9,1,7,41.95681734,-87.77920578
2,350476,-1,20,0,0,0,1,7,-1,-1,0,0,-1,1,-1,-1,-1,14,-1,923,-1,-1,-1,-1,-1,-1,3,1,0,0,1,0,1,0,8,1,7,41.79859253,-87.6889066
0,350467,-1,30,1,2,0,1,7,2,4,0,0,0,1,1,-1,1,0,23,2024,-1,-1,-1,-1,-1,-1,2,0,0,0,0,0,1,0,8,1,7,41.97311696,-87.65477681
0,350433,1,30,1,-1,2,1,2,5,-1,0,0,-1,0,-1,1,-1,23,0,612,-1,-1,-1,-1,-1,-1,1,0,0,0,0,0,1,0,8,1,7,41.755992,-87.65881408
0,350434,-1,30,1,2,0,1,0,5,-1,0,0,0,1,1,-1,-1,0,-1,1711,-1,-1,-1,-1,-1,-1,2,0,0,0,0,0,2,0,7,1,7,41.99024419,-87.72871439
0,350437,-1,20,0,0,0,1,7,6,1,0,0,0,0,-1,-1,1,15,0,1113,-1,-1,-1,-1,-1,-1,2,0,0,0,0,0,1,0,7,1,7,41.879365,-87.74473151
0,350489,-1,30,1,2,0,1,10,5,4,0,0,0,0,-1,-1,1,0,-1,1031,-1,-1,-1,-1,-1,-1,2,0,0,0,0,0,3,0,7,1,7,41.836793,-87.72420194
0,350426,-1,30,1,2,0,2,10,5,4,0,0,0,0,-1,-1,1,0,0,821,-1,-1,-1,-1,-1,-1,2,0,0,0,0,0,2,0,7,1,7,41.81364427,-87.70474056
0,350422,-1,25,0,0,0,1,7,7,-1,0,0,0,0,-1,-1,-1,8,0,623,-1,-1,-1,-1,-1,-1,2,0,0,0,0,0,1,0,7,1,7,41.75096655,-87.62996105
2,350408,-1,30,2,2,0,1,0,3,-1,0,0,0,1,1,-1,1,6,-1,2232,-1,-1,-1,-1,-1,-1,2,2,0,0,2,0,1,0,6,1,7,41.71432334,-87.64306671
0,352292,-1,30,1,2,0,2,14,5,-1,0,0,0,0,1,-1,1,0,-1,1224,-1,-1,-1,-1,-1,-1,2,0,0,0,0,0,2,0,6,1,7,41.8852995,-87.66275864
0,350635,-1,30,0,0,0,1,7,6,2,0,0,0,0,-1,-1,1,0,0,2432,-1,-1,-1,-1,-1,-1,2,0,0,0,0,0,1,0,6,1,7,42.00340617,-87.66268206
0,350388,0,30,0,0,0,2,7,6,1,0,0,3,0,-1,-1,-1,0,0,735,-1,-1,-1,-1,-1,-1,2,0,0,0,0,0,1,0,5,1,7,41.76366332,-87.66606782
2,350379,-1,30,0,0,0,1,7,5,2,0,0,0,1,-1,-1,-1,11,0,2012,-1,-1,-1,-1,-1,-1,3,1,0,0,1,0,0,0,5,1,7,41.986631,-87.67052908
3,350384,1,30,0,0,0,1,14,2,-1,0,0,0,1,-1,-1,-1,0,0,331,-1,-1,-1,-1,-1,-1,2,2,0,1,1,0,0,0,5,1,7,41.79142028,-87.58014777
0,350374,-1,30,0,0,0,1,7,5,-1,0,0,0,0,-1,-1,1,0,0,1511,-1,-1,-1,-1,-1,-1,3,0,0,0,0,0,1,0,5,1,7,41.89446433,-87.7655269
0,351751,-1,30,0,0,0,1,2,5,4,0,0,12,0,0,-1,1,16,0,833,-1,-1,-1,1,2,-1,1,0,0,0,0,0,1,0,5,1,7,41.75496217,-87.72335908
0,350359,-1,30,0,0,0,3,2,2,2,0,0,0,0,-1,-1,-1,0,-1,214,-1,-1,-1,-1,-1,-1,1,0,0,0,0,0,2,0,5,1,7,41.8169094,-87.60752768
0,350397,-1,25,0,0,0,2,7,5,2,0,0,0,1,-1,-1,-1,12,12,1524,-1,-1,-1,-1,-1,-1,3,0,0,0,0,0,1,0,4,1,7,41.89841693,-87.76226678
0,350357,-1,30,1,2,0,2,3,1,4,0,0,0,1,1,-1,1,21,-1,1732,-1,-1,-1,-1,-1,-1,2,0,0,0,0,0,3,0,4,1,7,41.93979019,-87.71266666
1,350355,-1,30,1,2,0,3,0,6,3,0,0,-1,1,1,-1,-1,32,-1,1831,-1,1,-1,-1,-1,-1,2,2,0,0,0,2,0,0,4,1,7,41.89226584,-87.62952369
0,350352,-1,0,1,2,0,2,10,5,-1,0,0,0,0,-1,-1,-1,16,11,1235,-1,-1,-1,-1,-1,-1,2,0,0,0,0,0,2,0,4,1,7,41.85820118,-87.64670136
0,350345,-1,30,1,2,0,3,10,2,4,0,0,0,1,1,-1,-1,18,18,811,-1,-1,-1,-1,-1,-1,2,0,0,0,0,0,2,0,4,1,7,41.79185207,-87.8013778
2,350344,-1,30,0,0,0,2,7,5,2,0,0,0,1,-1,-1,-1,32,21,711,-1,-1,-1,-1,-1,-1,2,1,0,0,1,0,0,0,4,1,7,41.77995038,-87.6391234
0,351037,-1,30,0,0,0,0,7,6,-1,0,0,0,0,-1,-1,1,0,-1,431,-1,-1,-1,-1,-1,-1,2,0,0,0,0,0,1,0,4,1,7,41.71853364,-87.54978322
0,350516,0,25,0,-1,0,4,7,5,2,0,0,-1,0,-1,-1,1,0,-1,822,-1,-1,-1,-1,-1,-1,2,0,0,0,0,0,1,0,4,1,7,41.78963574,-87.71210046
2,350315,-1,30,0,0,0,2,2,2,4,0,0,0,1,-1,-1,-1,32,25,1213,-1,-1,-1,-1,-1,-1,1,1,0,0,1,0,0,0,3,1,7,41.89656062,-87.6444615
0,350318,-1,30,1,2,0,3,12,5,-1,0,0,0,0,-1,-1,1,22,-1,2522,-1,-1,-1,-1,-1,-1,2,0,0,0,0,0,4,0,3,1,7,41.92413043,-87.74623743
3,350312,-1,30,1,2,0,0,10,2,-1,0,0,0,1,1,-1,-1,11,0,212,-1,-1,-1,-1,-1,-1,3,1,0,1,0,0,2,0,3,1,7,41.825556,-87.61717842
0,350305,-1,30,0,0,0,3,7,5,2,0,0,0,1,-1,-1,-1,13,0,231,-1,-1,-1,-1,-1,-1,2,0,0,0,0,0,1,0,3,1,7,41.80143786,-87.61787949
2,350322,-1,30,0,0,0,3,2,5,4,0,0,0,1,-1,1,-1,7,11,1824,-1,-1,-1,-1,-1,-1,1,1,0,0,1,0,1,0,3,1,7,41.90839345,-87.62585845
0,350317,-1,25,0,0,0,3,11,6,-1,0,0,0,0,-1,-1,-1,32,22,1221,-1,-1,-1,-1,-1,-1,2,0,0,0,0,0,7,0,3,1,7,41.8920126,-87.70583193
2,350621,-1,30,0,0,0,3,8,5,-1,0,0,0,1,-1,-1,-1,0,0,1923,-1,-1,-1,-1,-1,-1,2,1,0,0,1,0,1,0,3,1,7,41.94966781,-87.65832599
0,350284,-1,30,1,2,0,3,0,5,-1,0,0,0,1,1,-1,-1,6,19,1831,-1,-1,-1,-1,-1,-1,2,0,0,0,0,0,2,0,2,1,7,41.89011212,-87.6326247
3,350282,-1,30,0,0,0,3,12,5,-1,0,0,0,1,-1,-1,1,25,16,411,-1,-1,-1,-1,-1,-1,2,1,0,1,0,0,2,0,2,1,7,41.75517702,-87.59047564
0,357842,1,30,0,0,-1,3,7,6,1,0,-1,0,0,-1,-1,1,0,-1,412,-1,-1,-1,-1,-1,-1,2,0,0,0,0,0,1,0,2,1,7,41.73493205,-87.58936501
0,350333,-1,20,-1,-1,0,3,7,5,-1,0,0,-1,1,-1,-1,1,0,-1,512,-1,-1,-1,-1,-1,-1,2,0,0,0,0,0,1,0,2,1,7,41.69991071,-87.62919773
0,350291,-1,30,0,0,0,-1,12,5,2,0,-1,-1,0,-1,-1,-1,0,0,1821,-1,-1,-1,-1,-1,-1,2,0,0,0,0,0,4,0,2,1,7,41.91046283,-87.63454186
0,350294,-1,20,0,0,0,3,7,6,1,0,0,0,1,-1,-1,1,14,0,815,-1,-1,-1,-1,-1,-1,5,0,0,0,0,0,1,0,2,1,7,41.80303665,-87.72849072
0,350929,-1,30,0,0,0,0,12,6,-1,0,0,0,0,-1,-1,-1,22,-1,1831,-1,-1,-1,-1,-1,-1,2,0,0,0,0,0,2,0,2,1,7,41.89303438,-87.63731408
0,350299,-1,30,0,0,0,3,2,5,1,0,0,0,1,-1,-1,1,0,0,524,-1,-1,-1,-1,-1,-1,1,0,0,0,0,0,1,0,2,1,7,41.6775725,-87.65136688
0,350276,-1,25,0,0,0,3,7,6,1,0,-1,0,0,-1,-1,-1,15,8,511,-1,-1,-1,-1,-1,-1,2,0,0,0,0,0,1,0,1,1,7,41.72028754,-87.61666901
0,350257,-1,30,0,0,0,3,7,5,2,0,0,0,0,-1,-1,-1,0,-1,311,-1,-1,-1,-1,-1,-1,2,0,0,0,0,0,1,0,1,1,7,41.7810298,-87.61902286
0,350267,-1,30,1,2,0,3,10,2,4,0,0,0,0,-1,-1,-1,18,0,1432,-1,-1,-1,-1,-1,-1,4,0,0,0,0,0,9,0,1,1,7,41.92473997,-87.68748893
0,350251,-1,30,7,12,0,3,7,2,2,0,0,-1,1,-1,-1,-1,32,17,1033,-1,-1,-1,-1,-1,-1,2,0,0,0,0,0,1,0,1,1,7,41.84573865,-87.70493
0,350321,-1,30,0,0,0,3,14,5,-1,0,0,0,0,-1,-1,-1,23,17,1831,-1,-1,-1,-1,-1,-1,2,0,0,0,0,0,2,0,1,1,7,41.89305523,-87.63586104
2,350239,-1,30,0,0,0,3,2,3,-1,0,0,0,1,-1,-1,-1,0,0,2233,-1,-1,-1,-1,-1,-1,1,2,0,0,2,0,0,0,1,1,7,41.68976679,-87.6424435
0,350249,-1,35,0,0,0,3,7,2,-1,0,0,0,1,-1,-1,-1,8,-1,1234,1,-1,-1,-1,-1,-1,2,0,0,0,0,0,1,0,0,1,7,41.85893238,-87.66633057
0,355295,-1,30,1,2,0,3,10,5,-1,0,0,0,0,1,-1,1,18,-1,1834,-1,-1,-1,-1,-1,-1,2,0,0,0,0,0,2,0,0,1,7,41.89102451,-87.62529015
0,350206,-1,25,0,0,0,3,7,5,1,0,0,0,0,-1,-1,1,0,0,512,-1,-1,-1,-1,-1,-1,2,0,0,0,0,0,1,0,0,1,7,41.70168671,-87.62095021
0,351678,-1,30,0,0,-1,0,12,5,4,0,-1,-1,0,-1,-1,1,0,0,331,-1,-1,-1,-1,-1,-1,2,0,0,0,0,0,2,0,0,1,7,41.77348767,-87.58250389
0,350190,-1,30,1,2,0,3,10,5,-1,0,-1,-1,0,-1,-1,-1,0,-1,1924,-1,-1,-1,-1,-1,-1,2,0,0,0,0,0,2,0,0,1,7,41.94684944,-87.65606279
0,350170,-1,35,1,2,0,3,14,2,2,0,0,0,0,1,-1,-1,17,16,2212,-1,-1,-1,-1,-1,-1,2,0,0,0,0,0,2,0,0,1,7,41.69938874,-87.65891336
0,350153,1,30,0,0,0,3,11,5,-1,0,0,0,1,-1,-1,-1,0,-1,915,-1,-1,-1,-1,-1,-1,2,0,0,0,0,0,3,0,0,1,7,41.82687196,-87.65508511
2,350148,-1,30,2,2,12,3,0,5,-1,0,0,0,1,1,-1,-1,14,5,633,-1,-1,-1,-1,-1,-1,2,3,0,0,3,0,1,0,0,1,7,41.73113029,-87.604835
0,351558,-1,30,0,0,0,3,10,3,6,0,0,0,0,-1,-1,1,18,18,411,-1,-1,-1,-1,-1,-1,2,0,0,0,0,0,2,0,0,1,7,41.75324131,-87.58621999
0,350817,-1,20,2,0,0,3,7,5,2,2,0,0,0,-1,-1,1,16,-1,2234,-1,-1,-1,-1,-1,-1,2,0,0,0,0,0,1,0,0,1,7,41.69053097,-87.65185659
0,351875,1,25,0,0,-1,-1,7,12,1,0,-1,0,0,-1,-1,0,0,-1,414,-1,-1,-1,-1,-1,-1,2,0,0,0,0,0,1,0,0,1,7,41.75193148,-87.58426924
0,350862,1,25,0,0,-1,-1,7,6,1,0,-1,0,0,-1,-1,1,0,-1,825,-1,-1,-1,-1,-1,-1,2,0,0,0,0,0,1,0,0,1,7,41.77615215,-87.68113694
0,350269,-1,30,0,0,0,3,12,12,0,0,0,0,0,-1,-1,-1,0,0,1832,-1,-1,-1,-1,-1,-1,2,0,0,0,0,0,2,0,23,7,7,41.8932512,-87.63249301
0,350161,-1,30,0,0,0,3,10,6,3,0,0,-1,0,-1,-1,-1,18,0,122,-1,-1,-1,-1,-1,-1,2,0,0,0,0,0,2,0,23,7,7,41.88310096,-87.63126322
0,350173,-1,30,1,2,0,3,0,5,2,0,0,0,0,1,-1,-1,11,6,2535,-1,-1,-1,-1,-1,-1,2,0,0,0,0,0,4,0,23,7,7,41.90284281,-87.71671138
0,350135,-1,30,1,2,0,3,14,5,4,0,0,0,0,0,-1,-1,23,-1,132,-1,-1,-1,-1,-1,-1,2,0,0,0,0,0,2,0,23,7,7,41.85318161,-87.62367887
0,350863,-1,30,1,2,0,0,10,5,-1,3,0,-1,0,-1,-1,-1,18,0,312,-1,-1,-1,-1,-1,-1,3,0,0,0,0,0,3,0,23,7,7,41.77473833,-87.61324046
0,350140,1,30,1,2,0,0,14,5,2,0,0,0,0,-1,-1,-1,22,22,1621,-1,-1,-1,-1,-1,-1,2,0,0,0,0,0,2,0,23,7,7,41.97539616,-87.7515849
0,350137,-1,30,0,0,0,3,7,2,4,0,0,0,1,-1,-1,1,25,25,2023,-1,-1,-1,-1,-1,-1,2,0,0,0,0,0,1,0,23,7,7,41.97942826,-87.65980586
0,361386,1,35,0,0,0,3,7,5,2,0,0,0,0,-1,-1,-1,21,21,1923,-1,-1,-1,-1,-1,-1,2,0,0,0,0,0,1,0,23,7,7,41.94886823,-87.65854046
0,350156,-1,30,1,2,0,3,14,5,4,0,0,0,0,1,-1,-1,18,18,1831,-1,-1,-1,-1,-1,-1,2,0,0,0,0,0,2,0,23,7,7,41.88983451,-87.63696862
0,350121,-1,15,0,0,0,3,7,6,1,0,0,-1,0,-1,-1,1,0,-1,1731,-1,-1,-1,-1,-1,-1,2,0,0,0,0,0,1,0,23,7,7,41.94077518,-87.74592128
0,350120,-1,30,1,2,0,3,10,5,4,0,0,-1,0,1,-1,-1,18,0,123,-1,-1,-1,-1,-1,-1,2,0,0,0,0,0,3,0,23,7,7,41.86752456,-87.62568383
0,350126,-1,25,0,0,0,0,7,-1,1,0,0,12,0,-1,-1,1,0,0,1524,-1,-1,-1,-1,-1,-1,2,0,0,0,0,0,1,0,23,7,7,41.90211933,-87.75938263
0,350132,-1,30,2,2,0,3,0,5,-1,0,0,0,1,1,-1,-1,17,-1,832,-1,-1,-1,-1,-1,-1,3,0,0,0,0,0,2,0,23,7,7,41.77369018,-87.68363757
0,350150,-1,35,1,2,0,3,14,5,4,0,0,0,0,1,-1,-1,17,-1,524,-1,-1,-1,-1,-1,-1,2,0,0,0,0,0,2,0,23,7,7,41.67772083,-87.64205185
0,350124,-1,15,0,0,0,3,7,6,-1,0,0,0,0,-1,-1,1,0,-1,1634,-1,-1,-1,-1,-1,-1,2,0,0,0,0,0,1,0,23,7,7,41.9530399,-87.75453865
0,350096,-1,30,1,2,0,3,2,5,2,0,0,0,1,1,-1,-1,0,0,423,-1,-1,-1,-1,-1,-1,1,0,0,0,0,0,1,0,23,7,7,41.72639448,-87.56067555
0,350994,1,30,1,2,0,3,10,5,-1,0,0,0,0,-1,-1,-1,20,-1,2413,-1,-1,-1,-1,-1,-1,2,0,0,0,0,0,2,0,23,7,7,41.9908135,-87.70830635
0,350224,-1,30,0,0,0,0,10,5,2,0,0,0,0,-1,-1,-1,18,-1,1921,-1,-1,-1,-1,-1,-1,2,0,0,0,0,0,2,0,23,7,7,41.94687635,-87.68589489
0,350113,-1,30,1,2,0,3,12,5,4,0,0,-1,0,1,-1,1,21,21,1924,-1,-1,-1,-1,-1,-1,2,0,0,0,0,0,2,0,23,7,7,41.94003278,-87.64941521
2,350112,-1,30,0,0,0,0,11,5,-1,0,0,-1,1,-1,-1,-1,10,21,1114,0,-1,-1,-1,-1,-1,2,1,0,0,1,0,2,0,23,7,7,41.88470224,-87.73321134
0,350095,-1,30,0,0,0,3,2,5,2,0,0,0,1,-1,-1,1,0,-1,1733,-1,-1,-1,-1,-1,-1,1,0,0,0,0,0,1,0,22,7,7,41.94607218,-87.70275984
0,350116,-1,30,-1,-1,0,3,12,2,2,0,0,0,0,-1,-1,1,22,0,824,-1,-1,-1,-1,-1,-1,2,0,0,0,0,0,2,0,22,7,7,41.78637802,-87.68865456
0,350091,-1,15,0,0,0,3,7,2,-1,0,0,0,0,-1,-1,-1,11,0,835,-1,-1,-1,-1,-1,-1,2,0,0,0,0,0,3,0,22,7,7,41.75477896,-87.68526812
0,355499,-1,30,0,-1,-1,3,10,2,2,0,-1,-1,0,-1,-1,-1,18,-1,413,-1,-1,-1,-1,-1,-1,2,0,0,0,0,0,2,0,22,7,7,41.72407478,-87.58530323
0,350762,-1,30,0,0,0,3,10,5,4,0,0,0,0,-1,-1,-1,18,-1,1813,-1,-1,-1,-1,-1,-1,2,0,0,0,0,0,2,0,22,7,7,41.91096276,-87.652335
1,350650,-1,20,0,0,0,3,7,5,2,0,0,0,1,-1,-1,-1,18,0,835,-1,-1,-1,-1,-1,-1,2,2,0,0,0,2,1,0,22,7,7,41.75535281,-87.70820441
0,350130,-1,30,0,0,0,3,14,2,-1,0,0,0,0,-1,-1,-1,0,0,813,-1,-1,-1,-1,-1,-1,2,0,0,0,0,0,4,0,22,7,7,41.78932932,-87.74164564
0,350074,-1,30,1,2,0,3,14,2,2,0,0,-1,0,1,-1,-1,23,-1,1923,-1,-1,-1,-1,-1,-1,2,0,0,0,0,0,2,0,22,7,7,41.95106405,-87.65979513
0,350090,-1,0,-1,-1,0,3,0,5,2,0,0,-1,1,1,-1,-1,17,-1,2514,-1,-1,-1,-1,-1,-1,2,0,0,0,0,0,2,0,22,7,7,41.93128306,-87.77359694
2,350064,-1,30,0,0,0,4,9,5,2,0,0,0,1,-1,-1,-1,33,17,2412,-1,-1,-1,-1,-1,-1,2,1,0,0,1,0,1,0,22,7,7,42.00267185,-87.68014334
0,350069,-1,30,0,0,0,0,10,5,2,0,0,0,0,0,-1,-1,18,-1,2412,-1,-1,-1,-1,-1,-1,2,0,0,0,0,0,2,0,22,7,7,41.99879237,-87.67737175
0,350088,-1,30,1,2,0,3,10,3,2,0,0,0,0,-1,-1,-1,18,-1,1231,-1,-1,-1,-1,-1,-1,2,0,0,0,0,0,2,0,22,7,7,41.87424715,-87.66674704
0,350071,-1,40,1,2,0,3,10,3,8,0,0,0,0,1,-1,-1,18,19,114,-1,-1,-1,-1,-1,-1,4,0,0,0,0,0,7,0,22,7,7,41.87332197,-87.61716696
0,350555,1,20,0,0,-1,-1,7,5,-1,0,-1,-1,0,-1,-1,1,0,0,1914,-1,-1,-1,-1,-1,-1,2,0,0,0,0,0,1,0,22,7,7,41.96459039,-87.65223571
0,350066,-1,0,0,0,0,-1,7,7,0,0,0,0,0,-1,1,-1,11,0,123,-1,-1,-1,-1,-1,-1,2,0,0,0,0,0,1,0,22,7,7,41.87205152,-87.63306926
1,350060,-1,30,0,0,0,3,10,5,-1,0,0,0,1,1,-1,-1,16,18,1621,-1,-1,-1,-1,-1,-1,3,1,0,0,0,1,3,0,22,7,7,41.97542264,-87.74903146
0,350045,-1,30,0,0,0,3,7,5,2,0,0,0,0,-1,-1,-1,20,-1,711,-1,-1,-1,-1,-1,-1,2,0,0,0,0,0,1,0,21,7,7,41.78242445,-87.64155952
0,350822,-1,30,1,2,0,0,14,5,-1,0,0,0,0,-1,-1,1,0,0,912,-1,-1,-1,-1,-1,-1,2,0,0,0,0,0,2,0,21,7,7,41.83413405,-87.67529738
2,350195,-1,30,0,0,0,0,9,5,2,0,0,-1,1,-1,-1,-1,17,16,1935,-1,-1,-1,-1,-1,-1,2,2,0,0,2,0,0,0,21,7,7,41.93046478,-87.64391773
2,350049,-1,25,0,0,0,3,8,6,1,0,0,0,1,1,-1,-1,33,16,2411,-1,-1,-1,-1,-1,-1,2,1,0,0,1,0,3,0,21,7,7,42.00629518,-87.68232712
0,350004,1,30,-1,-1,0,3,14,3,2,0,-1,0,0,-1,-1,-1,21,8,413,-1,-1,-1,-1,-1,-1,2,0,0,0,0,0,2,0,21,7,7,41.72407478,-87.58530323
2,350048,-1,30,0,0,0,3,9,6,1,0,0,-1,1,-1,-1,-1,0,0,1121,-1,-1,-1,-1,-1,-1,2,1,0,0,1,0,2,0,21,7,7,41.90081218,-87.71041124
2,350025,-1,30,0,0,0,3,7,5,1,0,0,0,1,-1,-1,-1,7,-1,314,-1,-1,-1,-1,-1,-1,3,1,0,0,1,0,0,0,21,7,7,41.78303185,-87.59326454
0,350016,-1,30,1,2,0,3,10,2,-1,0,0,0,0,-1,-1,1,0,0,823,-1,-1,-1,-1,-1,-1,2,0,0,0,0,0,3,0,21,7,7,41.77922453,-87.69345644
0,350748,-1,30,0,0,0,4,10,5,-1,0,0,0,0,-1,-1,-1,-1,-1,814,-1,-1,-1,-1,-1,-1,3,0,0,0,0,0,4,0,21,7,7,41.79702025,-87.7531835
0,350540,-1,30,0,0,0,3,7,5,2,0,0,1,0,-1,-1,1,0,0,723,-1,-1,-1,-1,-1,-1,2,0,0,0,0,0,1,0,21,7,7,41.77815614,-87.64824168
0,352273,-1,20,0,0,0,1,10,5,4,0,0,0,0,-1,-1,-1,16,18,215,-1,-1,-1,-1,-1,-1,2,0,0,0,0,0,2,0,20,7,7,41.80927145,-87.63089121
0,350015,-1,30,1,2,0,3,10,2,8,0,0,0,0,1,-1,1,16,17,124,-1,-1,-1,-1,-1,-1,2,0,0,0,0,0,2,0,20,7,7,41.86732839,-87.64226424
0,350003,-1,30,1,2,0,3,10,6,3,0,0,0,0,-1,-1,-1,18,-1,1231,-1,-1,-1,-1,-1,-1,2,0,0,0,0,0,4,0,20,7,7,41.8762411,-87.66662345
0,350535,-1,30,0,0,-1,-1,7,2,2,0,-1,0,1,-1,-1,1,18,-1,2212,-1,-1,-1,-1,-1,-1,2,0,0,0,0,0,1,0,20,7,7,41.69068143,-87.68126885
0,350501,-1,30,0,0,0,0,7,6,1,0,0,0,0,-1,-1,1,0,-1,1522,-1,-1,-1,-1,-1,-1,2,0,0,0,0,0,1,0,20,7,7,41.87897053,-87.7619247
0,349990,-1,30,0,0,0,2,10,6,-1,0,0,0,0,-1,-1,-1,-1,-1,823,-1,-1,-1,-1,-1,-1,2,0,0,0,0,0,2,0,20,7,7,41.78077094,-87.69846094
0,349987,-1,30,0,0,0,1,7,6,1,0,0,0,0,-1,-1,-1,0,0,815,-1,-1,-1,-1,-1,-1,2,0,0,0,0,0,2,0,20,7,7,41.79961825,-87.73054958
2,349958,-1,30,1,2,0,4,0,2,4,0,0,0,1,1,-1,1,6,25,924,-1,-1,-1,-1,-1,-1,3,4,0,0,4,0,1,0,20,7,7,41.81577843,-87.66529289
1,349994,-1,40,0,0,0,3,0,5,-1,0,0,0,1,1,-1,-1,14,16,821,-1,-1,-1,-1,-1,-1,2,1,0,0,0,1,1,0,20,7,7,41.81030084,-87.71018359
0,349993,-1,30,1,2,0,3,14,5,2,0,0,-1,0,-1,-1,-1,17,-1,2022,-1,-1,-1,-1,-1,-1,2,0,0,0,0,0,2,0,20,7,7,41.98537258,-87.65997602
0,349969,-1,30,0,0,0,3,12,6,-1,0,0,0,0,-1,-1,-1,21,-1,111,-1,-1,-1,-1,-1,-1,2,0,0,0,0,0,3,0,20,7,7,41.88371406,-87.62637997
0,349948,-1,30,1,2,0,4,10,5,2,0,0,0,0,1,-1,-1,0,0,1822,-1,-1,-1,-1,-1,-1,2,0,0,0,0,0,3,0,20,7,7,41.90365064,-87.6547776
0,349970,-1,20,0,0,0,2,10,2,-1,0,0,-1,0,-1,-1,-1,18,18,2013,-1,-1,-1,-1,-1,-1,2,0,0,0,0,0,2,0,20,7,7,41.98877033,-87.66870042
0,349961,-1,30,0,0,0,1,7,5,2,0,0,0,0,-1,-1,-1,0,0,224,-1,-1,-1,-1,-1,-1,2,0,0,0,0,0,1,0,20,7,7,41.80571322,-87.62421696
0,359147,-1,30,0,0,-1,-1,7,5,1,0,-1,-1,0,-1,-1,1,0,-1,1831,-1,-1,-1,-1,-1,-1,2,0,0,0,0,0,1,0,19,7,7,41.89480014,-87.64227567
0,349978,-1,30,1,2,0,1,12,5,-1,0,0,0,0,1,-1,-1,17,0,1712,-1,-1,-1,-1,-1,-1,2,0,0,0,0,0,2,0,19,7,7,41.97218075,-87.74701361
3,349927,-1,30,0,0,0,4,8,5,4,0,0,0,1,1,-1,-1,17,-1,2412,-1,-1,-1,-1,-1,-1,2,1,0,1,0,0,1,0,19,7,7,42.00309552,-87.69016918
0,349941,-1,30,1,2,0,1,10,5,-1,0,0,0,0,-1,-1,1,-1,-1,835,-1,-1,-1,-1,-1,-1,2,0,0,0,0,0,3,0,19,7,7,41.76066858,-87.7028548
2,349935,-1,30,1,2,0,4,0,5,4,0,0,0,1,1,-1,-1,6,16,1225,-1,-1,-1,-1,-1,-1,2,1,0,0,1,0,2,0,19,7,7,41.87744199,-87.68621695
0,364849,-1,30,0,0,0,4,7,5,2,0,-1,-1,0,-1,-1,-1,7,7,234,-1,-1,-1,-1,-1,-1,2,0,0,0,0,0,1,0,19,7,7,41.79935283,-87.58894005
0,349931,-1,5,0,0,0,1,7,7,-1,0,0,-1,0,-1,-1,-1,17,0,413,-1,-1,-1,-1,-1,-1,2,0,0,0,0,0,1,0,19,7,7,41.73199225,-87.585688
0,350143,-1,10,0,0,-1,4,7,7,-1,0,-1,-1,0,-1,-1,-1,0,0,1922,1,-1,-1,-1,-1,-1,2,0,0,0,0,0,1,0,19,7,7,41.95124307,-87.66882694
0,349952,-1,30,0,0,0,1,7,5,-1,0,0,0,0,-1,-1,-1,0,0,913,-1,-1,-1,-1,-1,-1,2,0,0,0,0,0,2,0,19,7,7,41.84356393,-87.65425113
0,349912,-1,30,1,2,0,1,10,5,-1,0,0,0,0,-1,-1,-1,16,-1,1923,-1,-1,-1,-1,-1,-1,2,0,0,0,0,0,4,0,19,7,7,41.94901088,-87.65814288
0,349907,-1,30,2,2,0,4,0,5,-1,0,0,0,0,0,-1,1,5,16,2512,-1,-1,-1,-1,-1,-1,2,0,0,0,0,0,2,0,19,7,7,41.92532397,-87.79544207
1,352069,-1,30,0,0,0,1,10,5,2,0,-1,-1,1,-1,-1,-1,18,18,1935,-1,-1,-1,-1,-1,-1,3,1,0,0,0,1,2,0,19,7,7,41.92686645,-87.64141216
1,349905,-1,30,1,2,0,1,10,5,-1,0,0,0,1,-1,-1,-1,18,-1,1012,-1,-1,-1,-1,-1,-1,2,2,0,0,0,2,1,0,19,7,7,41.85165437,-87.72488298