MOST_SEVERE_INJURY,RD_NO,CRASH_DATE_EST_I,POSTED_SPEED_LIMIT,TRAFFIC_CONTROL_DEVICE,DEVICE_CONDITION,WEATHER_CONDITION,LIGHTING_CONDITION,FIRST_CRASH_TYPE,TRAFFICWAY_TYPE,LANE_CNT,ALIGNMENT,ROADWAY_SURFACE_COND,ROAD_DEFECT,CRASH_TYPE,INTERSECTION_RELATED_I,NOT_RIGHT_OF_WAY_I,HIT_AND_RUN_I,PRIM_CONTRIBUTORY_CAUSE,SEC_CONTRIBUTORY_CAUSE,BEAT_OF_OCCURRENCE,PHOTOS_TAKEN_I,STATEMENTS_TAKEN_I,DOORING_I,WORK_ZONE_I,WORK_ZONE_TYPE,WORKERS_PRESENT_I,NUM_UNITS,INJURIES_TOTAL,INJURIES_FATAL,INJURIES_INCAPACITATING,INJURIES_NON_INCAPACITATING,INJURIES_REPORTED_NOT_EVIDENT,INJURIES_NO_INDICATION,INJURIES_UNKNOWN,CRASH_HOUR,CRASH_DAY_OF_WEEK,CRASH_MONTH,LATITUDE,LONGITUDE
0,354778,-1,30,0,0,0,1,10,5,-1,0,0,0,0,-1,-1,-1,18,17,1733,-1,-1,-1,-1,-1,-1,2,0,0,0,0,0,3,0,19,7,7,41.94654016,-87.70444539
0,349900,-1,0,1,2,0,1,10,2,3,0,0,0,0,-1,-1,-1,0,0,711,-1,-1,-1,-1,-1,-1,2,0,0,0,0,0,2,0,19,7,7,41.79405305,-87.63292788
0,349894,-1,20,0,0,0,1,14,2,-1,0,0,0,0,-1,-1,-1,0,0,914,-1,-1,-1,-1,-1,-1,2,0,0,0,0,0,4,0,19,7,7,41.84183514,-87.64337942
0,349885,-1,30,1,2,0,1,14,5,2,0,0,0,0,1,-1,-1,22,-1,131,-1,-1,-1,-1,-1,-1,2,0,0,0,0,0,2,0,19,7,7,41.85774485,-87.62734138
0,349887,1,3,1,0,0,1,10,2,4,0,0,0,0,-1,-1,-1,0,-1,2212,-1,-1,-1,-1,-1,-1,2,0,0,0,0,0,2,0,19,7,7,41.67736264,-87.6805995
0,349873,-1,30,1,2,0,1,2,1,-1,0,0,0,1,-1,-1,-1,32,32,1532,-1,-1,-1,-1,-1,-1,1,0,0,0,0,0,1,0,19,7,7,41.88707333,-87.75507677
0,354039,-1,30,0,2,0,1,7,5,-1,0,0,0,0,-1,-1,1,0,0,332,-1,-1,-1,-1,-1,-1,2,0,0,0,0,0,1,0,19,7,7,41.77099266,-87.58243514
0,350590,1,30,-1,-1,-1,-1,7,5,2,0,-1,-1,0,-1,-1,1,0,0,914,-1,-1,-1,-1,-1,-1,2,0,0,0,0,0,1,0,19,7,7,41.8554627,-87.63169908
0,349868,-1,30,2,2,0,4,10,5,-1,0,0,0,0,-1,-1,-1,18,16,1533,-1,-1,-1,-1,-1,-1,2,0,0,0,0,0,2,0,19,7,7,41.87504289,-87.74521497
0,349956,-1,20,2,2,0,1,0,2,2,0,0,0,1,1,-1,1,17,0,1033,-1,-1,-1,-1,-1,-1,2,0,0,0,0,0,2,0,18,7,7,41.85102772,-87.6955727
0,349890,-1,30,1,2,0,1,0,5,-1,0,0,0,1,1,-1,1,6,17,2411,-1,-1,-1,-1,-1,-1,2,0,0,0,0,0,2,0,18,7,7,42.01937592,-87.6847478
0,349911,-1,30,0,0,0,1,10,6,1,0,0,0,0,1,-1,-1,0,-1,333,-1,-1,-1,-1,-1,-1,2,0,0,0,0,0,4,0,18,7,7,41.76442551,-87.57804541
0,350038,-1,30,0,0,0,4,0,5,-1,0,0,0,0,-1,-1,-1,17,21,1813,-1,-1,-1,-1,-1,-1,2,0,0,0,0,0,2,0,18,7,7,41.91597395,-87.64344617
0,349965,-1,30,0,0,0,1,10,2,2,0,0,0,0,-1,-1,-1,0,-1,1935,-1,-1,-1,-1,-1,-1,2,0,0,0,0,0,2,0,18,7,7,41.92610076,-87.64096121
0,350652,-1,30,1,2,0,1,0,2,4,0,0,0,0,1,-1,-1,0,-1,511,-1,-1,-1,-1,-1,-1,2,0,0,0,0,0,3,0,18,7,7,41.72225727,-87.58527557
0,349864,-1,20,0,0,0,1,7,6,-1,0,0,0,0,-1,-1,1,20,-1,1713,-1,-1,-1,-1,-1,-1,2,0,0,0,0,0,1,0,18,7,7,41.96800544,-87.70953804
0,349876,-1,30,1,-1,0,1,0,5,4,0,0,-1,0,1,-1,-1,0,0,511,-1,-1,-1,-1,-1,-1,2,0,0,0,0,0,2,0,18,7,7,41.72225727,-87.58527557
0,349879,-1,30,1,2,0,1,0,5,-1,0,0,0,1,1,-1,-1,16,-1,112,-1,-1,-1,-1,-1,-1,2,0,0,0,0,0,2,0,18,7,7,41.88210968,-87.62925301
0,349854,-1,30,2,2,0,1,0,5,-1,0,0,0,0,-1,-1,1,20,-1,1931,-1,-1,-1,-1,-1,-1,2,0,0,0,0,0,2,0,18,7,7,41.93787987,-87.67117763
0,349937,-1,35,1,2,0,1,10,5,-1,2,-1,-1,0,-1,-1,1,0,-1,223,-1,-1,-1,-1,-1,-1,2,0,0,0,0,0,2,0,18,7,7,41.80948543,-87.60671082
0,349877,-1,30,0,0,0,1,10,5,-1,0,0,0,0,-1,-1,-1,0,0,2032,-1,-1,-1,-1,-1,-1,2,0,0,0,0,0,4,0,18,7,7,41.97429359,-87.66972359
0,349835,-1,30,0,0,0,1,14,2,-1,0,0,0,1,1,-1,-1,17,0,815,-1,-1,-1,-1,-1,-1,2,0,0,0,0,0,4,0,17,7,7,41.79495745,-87.72335657
0,149862,-1,30,0,0,0,1,7,6,1,0,0,0,0,-1,-1,-1,0,0,511,-1,-1,-1,-1,-1,-1,2,0,0,0,0,0,1,0,17,7,7,41.71813884,-87.61511237
0,355276,-1,45,1,2,0,1,14,2,2,0,0,0,0,1,-1,-1,0,-1,132,-1,-1,-1,-1,-1,-1,2,0,0,0,0,0,2,0,17,7,7,41.86510625,-87.61819714
0,351027,-1,30,0,0,0,1,10,5,-1,0,0,0,0,-1,-1,-1,18,18,1811,-1,-1,-1,-1,-1,-1,2,0,0,0,0,0,2,0,17,7,7,41.91442371,-87.65462784
0,349836,-1,30,0,0,0,1,14,2,4,0,0,0,0,-1,-1,1,23,21,124,-1,-1,-1,-1,-1,-1,2,0,0,0,0,0,2,0,17,7,7,41.86901521,-87.63910339
0,349825,-1,15,0,0,0,1,11,7,1,0,0,0,0,-1,-1,-1,20,-1,821,-1,-1,-1,-1,-1,-1,2,0,0,0,0,0,2,0,17,7,7,41.81237471,-87.7236084
0,349770,-1,30,0,0,2,1,7,5,2,0,1,0,0,-1,-1,-1,0,0,1421,-1,-1,-1,-1,-1,-1,2,0,0,0,0,0,1,0,17,7,7,41.91578983,-87.69638006
0,349853,-1,30,-1,-1,0,1,10,5,-1,0,0,-1,0,-1,-1,1,0,-1,2534,-1,-1,-1,-1,-1,-1,2,0,0,0,0,0,2,0,17,7,7,41.90966809,-87.73459727
2,349772,-1,25,1,2,0,1,14,5,4,0,0,0,1,-1,-1,-1,17,33,2531,-1,-1,-1,-1,-1,-1,2,1,0,0,1,0,2,0,17,7,7,41.90948796,-87.76577699
2,349884,-1,30,-1,-1,0,1,10,5,-1,0,-1,-1,1,-1,-1,-1,0,-1,1923,-1,-1,-1,-1,-1,-1,2,1,0,0,1,0,1,0,17,7,7,41.9489926,-87.65056092
0,349824,-1,5,0,0,0,1,7,7,-1,0,0,0,0,-1,-1,-1,0,-1,835,-1,-1,-1,-1,-1,-1,2,0,0,0,0,0,1,0,17,7,7,41.75825583,-87.68292391
0,349791,-1,30,0,0,0,1,7,5,-1,0,0,0,0,-1,-1,-1,7,7,215,-1,-1,-1,-1,-1,-1,2,0,0,0,0,0,1,0,17,7,7,41.80946933,-87.61809143
0,349786,-1,30,0,0,0,1,7,2,2,0,0,0,0,-1,-1,-1,-1,-1,2232,-1,1,-1,-1,-1,-1,2,0,0,0,0,0,1,0,17,7,7,41.71043386,-87.64398973
0,349773,-1,30,0,0,1,1,0,5,2,0,0,0,0,-1,-1,-1,17,0,813,-1,-1,-1,-1,-1,-1,2,0,0,0,0,0,2,0,17,7,7,41.79308767,-87.72386504
0,349748,-1,35,0,0,0,1,12,5,-1,0,0,0,0,-1,-1,1,21,0,1921,-1,-1,-1,-1,-1,-1,2,0,0,0,0,0,2,0,17,7,7,41.94098081,-87.68781207
0,349733,-1,30,0,0,1,1,7,5,2,0,0,0,1,-1,-1,-1,21,-1,1214,-1,-1,-1,-1,-1,-1,2,0,0,0,0,0,1,0,16,7,7,41.88635595,-87.6450946
0,349841,-1,30,1,2,0,1,10,2,-1,0,0,0,0,-1,-1,1,0,0,824,-1,-1,-1,-1,-1,-1,2,0,0,0,0,0,2,0,16,7,7,41.79394293,-87.68418997
0,349762,-1,30,0,0,0,1,12,6,1,0,0,0,0,-1,-1,1,0,-1,2223,-1,-1,-1,-1,-1,-1,2,0,0,0,0,0,2,0,16,7,7,41.71601809,-87.64340034
-1,395100,-1,15,0,0,0,1,5,7,-1,0,0,0,0,-1,-1,-1,0,0,2523,-1,-1,-1,-1,-1,-1,1,-1,-1,-1,-1,-1,-1,-1,16,7,7,41.93191327,-87.72598057
0,350456,-1,0,0,0,0,1,7,5,-1,0,0,0,0,-1,-1,-1,20,11,133,-1,-1,-1,-1,-1,-1,2,0,0,0,0,0,1,0,16,7,7,41.8420411,-87.61582215
0,349839,-1,30,0,0,0,1,7,5,-1,0,1,0,0,-1,-1,-1,-1,-1,1935,-1,-1,-1,-1,-1,-1,2,0,0,0,0,0,1,0,16,7,7,41.93245781,-87.65805863
0,349724,-1,30,0,0,0,1,14,5,-1,0,0,0,0,-1,-1,-1,0,0,2031,-1,-1,-1,-1,-1,-1,2,0,0,0,0,0,2,0,16,7,7,41.97575769,-87.69230914
0,349648,0,30,0,0,0,1,10,2,4,0,0,0,1,-1,-1,-1,16,-1,225,-1,-1,-1,-1,-1,-1,2,0,0,0,0,0,7,0,16,7,7,41.79604017,-87.62588377
0,349757,-1,30,0,0,0,1,10,5,2,0,0,0,0,-1,-1,-1,11,0,224,-1,-1,-1,-1,-1,-1,2,0,0,0,0,0,5,0,16,7,7,41.80919438,-87.62174722
0,349731,-1,25,1,1,0,1,14,1,3,0,0,0,0,-1,-1,-1,17,-1,822,-1,1,-1,-1,-1,-1,2,0,0,0,0,0,2,0,16,7,7,41.79309547,-87.72309387
0,350570,-1,30,0,0,-1,1,10,5,2,0,-1,0,0,-1,-1,-1,0,-1,824,-1,-1,-1,-1,-1,-1,2,0,0,0,0,0,2,0,16,7,7,41.7863819,-87.70179623
0,349756,-1,30,1,2,1,1,3,5,4,0,0,0,0,-1,-1,-1,20,0,834,-1,-1,-1,-1,-1,-1,2,0,0,0,0,0,2,0,16,7,7,41.73496838,-87.7215025
2,349682,-1,30,1,2,0,1,14,5,-1,0,0,4,1,1,-1,-1,23,21,1223,-1,-1,-1,-1,-1,-1,2,1,0,0,1,0,1,0,16,7,7,41.88222382,-87.68410895
1,349684,-1,35,1,2,0,1,0,5,4,0,0,0,1,1,-1,-1,6,16,813,-1,-1,-1,-1,-1,-1,3,2,0,0,0,2,3,0,16,7,7,41.78953063,-87.72320717
1,349677,-1,30,1,2,1,1,14,5,-1,0,12,0,1,1,-1,-1,23,17,731,-1,-1,-1,-1,-1,-1,3,2,0,0,0,2,4,0,16,7,7,41.7689916,-87.63000741
0,349693,-1,30,1,2,0,1,0,2,2,0,0,-1,0,1,-1,-1,8,0,611,-1,-1,-1,-1,-1,-1,2,0,0,0,0,0,2,0,16,7,7,41.75026224,-87.66358012
0,356376,-1,30,0,0,0,1,5,5,-1,0,0,1,0,-1,-1,-1,0,-1,1712,-1,-1,-1,-1,-1,-1,1,0,0,0,0,0,1,0,16,7,7,41.97153984,-87.74596833
1,349899,-1,30,0,0,0,1,14,5,-1,0,0,0,1,-1,-1,-1,17,11,1221,-1,-1,-1,-1,-1,-1,2,1,0,0,0,1,2,0,16,7,7,41.89574675,-87.68022739
0,349709,-1,30,0,0,1,1,12,5,4,0,1,0,0,-1,-1,-1,0,-1,833,-1,-1,-1,1,2,-1,2,0,0,0,0,0,2,0,16,7,7,41.75504428,-87.72231551
0,349665,-1,30,0,0,1,1,10,5,4,0,1,0,0,-1,-1,-1,18,22,833,-1,-1,-1,-1,-1,-1,2,0,0,0,0,0,2,0,15,7,7,41.76950722,-87.72267327
0,349737,-1,30,0,0,0,1,14,5,2,0,0,0,0,-1,-1,-1,0,-1,123,-1,-1,-1,-1,-1,-1,2,0,0,0,0,0,5,0,15,7,7,41.87438111,-87.63280748
0,349647,-1,30,0,0,0,1,10,5,-1,0,0,1,0,-1,-1,-1,18,0,334,-1,-1,-1,-1,-1,-1,2,0,0,0,0,0,2,0,15,7,7,41.76139245,-87.55815564
0,349681,-1,15,0,0,0,1,10,7,-1,0,0,0,0,-1,1,-1,20,16,2512,1,-1,-1,-1,-1,-1,2,0,0,0,0,0,2,0,15,7,7,41.93011063,-87.7858235
2,349644,-1,30,0,0,0,1,7,7,-1,0,0,0,1,-1,-1,-1,27,33,1831,-1,-1,-1,-1,-1,-1,2,1,0,0,1,0,0,0,15,7,7,41.89189053,-87.63999892
0,349621,-1,30,0,0,0,1,14,12,1,0,0,0,0,-1,-1,-1,0,-1,1824,-1,-1,-1,-1,-1,-1,2,0,0,0,0,0,3,0,15,7,7,41.90962886,-87.62643046
0,349741,-1,30,0,0,0,1,10,7,-1,0,0,0,0,-1,-1,-1,20,-1,2512,-1,-1,-1,-1,-1,-1,2,0,0,0,0,0,2,0,15,7,7,41.93011063,-87.7858235
0,349605,-1,30,2,2,0,1,0,2,-1,0,0,0,0,1,-1,-1,5,0,911,1,-1,-1,-1,-1,-1,2,0,0,0,0,0,2,0,15,7,7,41.8291627,-87.69002123
0,349645,-1,15,0,0,0,1,2,4,-1,0,0,0,0,-1,-1,-1,-1,-1,2212,-1,-1,-1,-1,-1,-1,1,0,0,0,0,0,1,0,15,7,7,41.69303759,-87.66884502
2,349626,-1,30,0,0,0,1,0,2,-1,0,0,0,1,-1,-1,-1,17,0,1814,-1,-1,-1,-1,-1,-1,2,1,0,0,1,0,1,0,15,7,7,41.91535817,-87.63435952
0,349608,-1,30,1,2,1,1,10,5,4,0,1,0,0,1,-1,1,18,0,813,-1,-1,-1,-1,-1,-1,2,0,0,0,0,0,3,0,15,7,7,41.79315506,-87.72330377
0,349723,-1,30,0,0,0,1,7,5,-1,0,0,0,1,-1,-1,-1,23,11,131,-1,-1,-1,-1,-1,-1,2,0,0,0,0,0,1,0,15,7,7,41.85056704,-87.62389413
0,349640,-1,30,-1,-1,0,1,10,5,-1,0,0,-1,0,-1,-1,-1,18,-1,1523,-1,-1,-1,-1,-1,-1,2,0,0,0,0,0,2,0,15,7,7,41.8901103,-87.75556945
0,349659,-1,30,0,0,0,1,10,5,-1,0,0,0,0,-1,-1,-1,-1,-1,2221,-1,-1,-1,-1,-1,-1,2,0,0,0,0,0,2,0,15,7,7,41.72838921,-87.66299565
0,349612,-1,30,10,2,1,1,12,5,-1,0,-1,0,0,-1,-1,-1,0,0,1424,-1,-1,-1,-1,-1,-1,2,0,0,0,0,0,2,0,15,7,7,41.91041529,-87.67495411
1,349572,-1,30,0,0,0,1,10,1,4,0,0,0,1,-1,-1,-1,18,0,622,-1,-1,-1,-1,-1,-1,2,1,0,0,0,1,2,0,14,7,7,41.7362617,-87.62906472
1,364751,-1,10,0,0,0,1,9,7,-1,0,-1,-1,1,-1,-1,-1,20,20,2023,-1,-1,-1,-1,-1,-1,2,1,0,0,0,1,1,0,14,7,7,41.97737699,-87.65974808
0,349663,-1,30,1,2,1,1,14,2,0,0,1,0,1,1,-1,-1,17,-1,1034,-1,-1,-1,-1,-1,-1,2,0,0,0,0,0,2,0,14,7,7,41.83795303,-87.68488861
0,349599,-1,35,0,0,0,1,10,5,-1,0,1,0,0,-1,-1,-1,18,-1,1733,-1,-1,-1,-1,-1,-1,2,0,0,0,0,0,2,0,14,7,7,41.94226139,-87.70271098
0,351951,-1,30,0,0,0,1,7,12,-1,0,0,0,0,-1,-1,1,11,0,1414,-1,-1,-1,-1,-1,-1,2,0,0,0,0,0,1,0,14,7,7,41.92660878,-87.70251261
0,349674,-1,65,12,-1,2,1,10,12,-1,0,1,0,0,-1,-1,-1,21,-1,412,-1,-1,-1,-1,-1,-1,2,0,0,0,0,0,2,0,14,7,7,-1,-1
0,349661,-1,25,0,0,0,1,11,5,-1,0,0,0,0,-1,-1,1,23,-1,2232,-1,-1,-1,-1,-1,-1,2,0,0,0,0,0,3,0,14,7,7,41.71048656,-87.64186253
0,349556,-1,30,2,2,0,1,14,5,-1,0,0,0,0,-1,-1,-1,23,23,1234,-1,-1,-1,-1,-1,-1,2,0,0,0,0,0,2,0,14,7,7,41.85421937,-87.66845816
0,357680,-1,30,1,2,0,1,12,5,4,0,0,0,0,1,-1,-1,22,0,112,-1,-1,-1,-1,-1,-1,2,0,0,0,0,0,3,0,14,7,7,41.883101,-87.63074194
0,349631,-1,30,0,0,1,1,10,5,4,0,0,0,1,1,-1,-1,0,0,911,-1,-1,-1,-1,-1,-1,3,0,0,0,0,0,4,0,14,7,7,41.82840352,-87.68455059
0,349585,-1,30,0,0,0,1,12,5,4,0,0,0,1,-1,-1,-1,17,-1,1135,-1,-1,-1,-1,-1,-1,2,0,0,0,0,0,3,0,14,7,7,41.86671775,-87.68638643
0,350739,-1,5,0,0,0,1,10,12,-1,0,0,-1,0,-1,1,-1,20,20,1434,-1,-1,-1,-1,-1,-1,2,0,0,0,0,0,2,0,14,7,7,41.91710363,-87.68724877
0,353929,-1,30,0,0,0,1,7,7,-1,0,0,0,0,-1,-1,1,0,0,632,-1,-1,-1,-1,-1,-1,2,0,0,0,0,0,1,0,14,7,7,41.73660156,-87.6049681
0,349591,-1,35,0,0,0,1,10,5,-1,0,1,0,0,-1,-1,-1,0,0,1634,-1,-1,-1,-1,-1,-1,2,0,0,0,0,0,3,0,14,7,7,41.94600236,-87.74782786
0,349623,-1,30,1,2,0,1,14,2,-1,0,0,0,0,-1,-1,-1,31,-1,835,-1,-1,-1,-1,-1,-1,2,0,0,0,0,0,2,0,14,7,7,41.74270523,-87.68274108
0,329576,-1,30,2,2,0,1,0,2,-1,0,0,0,1,1,-1,-1,17,-1,1214,-1,-1,-1,-1,-1,-1,2,0,0,0,0,0,2,0,14,7,7,41.89218232,-87.64887802
1,349557,-1,30,0,0,0,1,12,6,2,0,0,0,1,-1,-1,-1,0,-1,123,-1,-1,-1,-1,-1,-1,2,3,0,0,0,3,3,0,14,7,7,41.87234009,-87.62898468
0,349551,-1,30,1,2,0,1,10,5,-1,0,1,0,0,-1,-1,-1,18,-1,1013,-1,-1,-1,-1,-1,-1,2,0,0,0,0,0,2,0,14,7,7,41.85128849,-87.72385084
0,349537,-1,15,2,2,0,1,0,7,2,0,0,0,0,-1,1,-1,17,17,1733,-1,-1,-1,-1,-1,-1,2,0,0,0,0,0,3,0,14,7,7,41.94653898,-87.70208489
0,349520,-1,30,0,0,1,1,14,5,4,0,1,0,0,1,-1,-1,17,0,813,-1,-1,-1,-1,-1,-1,2,0,0,0,0,0,2,0,14,7,7,41.78770896,-87.72315467
0,349498,-1,30,12,12,0,1,10,5,1,0,1,0,1,-1,-1,-1,18,18,131,-1,-1,-1,-1,-1,-1,2,0,0,0,0,0,4,0,14,7,7,41.85266916,-87.62693941
0,349535,-1,30,1,2,0,2,14,12,3,0,1,0,0,1,-1,-1,0,0,1831,-1,-1,-1,-1,-1,-1,2,0,0,0,0,0,2,0,14,7,7,41.89325533,-87.63715992
0,349610,-1,45,0,0,1,1,10,3,-1,0,0,0,1,-1,-1,-1,17,22,1914,-1,-1,-1,-1,-1,-1,2,0,0,0,0,0,2,0,14,7,7,41.96205861,-87.64638962
1,359406,-1,30,0,0,0,1,12,2,-1,0,0,0,1,-1,-1,-1,17,0,1434,-1,-1,-1,-1,-1,-1,2,1,0,0,0,1,1,0,14,7,7,41.91560656,-87.68531734
0,359244,-1,30,0,0,0,1,2,7,-1,0,0,0,0,-1,1,-1,-1,-1,1731,-1,-1,-1,-1,-1,-1,2,0,0,0,0,0,1,0,14,7,7,41.9395478,-87.72734535
0,349580,-1,30,-1,-1,2,1,10,2,-1,0,1,0,0,-1,-1,-1,18,0,1513,1,-1,-1,-1,-1,-1,2,0,0,0,0,0,2,0,14,7,7,41.87658035,-87.7648735
0,349509,-1,30,0,0,0,1,12,5,2,0,1,0,0,-1,-1,-1,17,-1,1622,-1,-1,-1,-1,-1,-1,2,0,0,0,0,0,2,0,13,7,7,41.98304903,-87.76840629
0,349527,-1,35,1,2,0,1,12,3,-1,0,0,0,0,-1,-1,1,0,0,2232,-1,-1,-1,-1,-1,-1,2,0,0,0,0,0,2,0,13,7,7,41.71412565,-87.64285255
0,349494,1,30,0,0,0,1,10,5,2,0,0,0,0,-1,-1,-1,0,-1,1633,-1,-1,-1,-1,-1,-1,3,0,0,0,0,0,3,0,13,7,7,41.94601163,-87.76475783
0,349643,-1,30,0,0,1,1,10,5,4,0,1,0,0,-1,-1,-1,18,0,811,-1,-1,-1,-1,-1,-1,2,0,0,0,0,0,2,0,13,7,7,41.79213894,-87.78674848
0,349620,-1,25,1,2,0,1,14,6,-1,0,1,0,0,-1,-1,-1,22,0,2521,-1,-1,-1,-1,-1,-1,2,0,0,0,0,0,2,0,13,7,7,41.9277977,-87.74656633
0,349484,-1,20,0,0,2,1,10,2,4,0,1,0,0,-1,-1,-1,18,34,2413,-1,-1,-1,-1,-1,-1,2,0,0,0,0,0,2,0,13,7,7,41.99081369,-87.6780111
0,349477,-1,20,1,2,2,1,10,5,-1,0,1,-1,0,-1,-1,-1,18,-1,1911,-1,-1,-1,-1,-1,-1,2,0,0,0,0,0,3,0,13,7,7,41.96168558,-87.68884027
0,349567,-1,30,1,2,0,1,12,5,4,0,1,0,0,-1,-1,-1,0,-1,1811,-1,-1,-1,-1,-1,-1,2,0,0,0,0,0,6,0,13,7,7,41.91094876,-87.65315955
0,349468,-1,30,0,0,2,1,10,2,2,0,1,0,0,-1,-1,1,0,-1,1522,-1,-1,-1,-1,-1,-1,2,0,0,0,0,0,2,0,13,7,7,41.87288049,-87.76444298
0,349673,-1,30,1,2,0,1,12,2,4,0,0,0,0,-1,-1,-1,0,-1,1811,-1,-1,-1,-1,-1,-1,2,0,0,0,0,0,2,0,13,7,7,41.91094876,-87.65315955
0,349565,-1,30,1,2,1,1,14,5,4,0,0,0,0,1,-1,-1,22,17,124,-1,-1,-1,-1,-1,-1,2,0,0,0,0,0,2,0,13,7,7,41.86717513,-87.63937581
0,349497,-1,30,0,0,0,1,10,2,-1,0,1,0,0,0,-1,-1,0,0,921,-1,-1,-1,-1,-1,-1,2,0,0,0,0,0,2,0,13,7,7,41.81902634,-87.69642903
0,351923,-1,30,0,0,0,1,7,6,-1,0,0,0,0,-1,-1,1,0,0,825,-1,-1,-1,-1,-1,-1,2,0,0,0,0,0,1,0,13,7,7,41.77990067,-87.68473355
0,349573,-1,30,0,0,0,1,10,5,-1,0,1,0,0,-1,-1,-1,-1,-1,832,-1,-1,-1,-1,-1,-1,2,0,0,0,0,0,4,0,13,7,7,41.76458607,-87.68461082
0,349536,-1,30,0,0,0,1,0,5,-1,0,1,0,0,-1,-1,-1,17,22,1033,-1,-1,-1,-1,-1,-1,2,0,0,0,0,0,2,0,13,7,7,41.84598528,-87.70247974
0,349504,-1,30,0,0,0,1,14,5,1,0,0,0,1,-1,-1,-1,17,16,1712,-1,-1,-1,-1,-1,-1,2,0,0,0,0,0,3,0,13,7,7,41.97609858,-87.71097626
0,349486,-1,35,1,2,0,1,12,6,-1,0,1,0,0,-1,-1,1,18,-1,112,-1,-1,-1,-1,-1,-1,2,0,0,0,0,0,2,0,13,7,7,41.88117859,-87.62448807
0,349451,-1,20,1,2,2,1,10,2,2,0,1,-1,0,1,-1,-1,18,34,2432,-1,-1,-1,-1,-1,-1,2,0,0,0,0,0,2,0,13,7,7,42.00518674,-87.68000604
0,349437,-1,30,0,0,0,1,14,2,-1,0,1,0,0,1,-1,0,0,0,924,-1,-1,-1,-1,-1,-1,2,0,0,0,0,0,2,0,12,7,7,41.81396633,-87.66525393
0,349435,-1,35,0,0,0,1,12,5,4,0,0,0,0,-1,-1,-1,17,17,834,-1,-1,-1,-1,-1,-1,2,0,0,0,0,0,2,0,12,7,7,41.75282202,-87.74135449
0,350615,-1,30,2,12,2,1,0,5,2,0,1,0,0,-1,-1,-1,0,17,2511,-1,-1,-1,-1,-1,-1,2,0,0,0,0,0,3,0,12,7,7,41.9345247,-87.8115725
0,349478,-1,30,1,2,2,1,12,5,4,0,1,0,1,1,-1,-1,22,17,324,-1,-1,-1,-1,-1,-1,2,0,0,0,0,0,3,0,12,7,7,41.75887774,-87.58568244
1,349513,-1,30,0,0,2,1,10,5,2,0,1,0,1,-1,-1,-1,0,-1,1224,-1,-1,-1,-1,-1,-1,2,1,0,0,0,1,1,0,12,7,7,41.88217291,-87.64985651
0,349472,-1,30,0,0,2,1,7,2,2,0,1,-1,0,-1,-1,-1,0,0,624,-1,-1,-1,-1,-1,-1,2,0,0,0,0,0,6,0,12,7,7,41.75140079,-87.60483381
0,349432,-1,30,0,0,0,1,12,5,-1,0,1,-1,0,-1,-1,-1,22,-1,623,-1,-1,-1,-1,-1,-1,2,0,0,0,0,0,2,0,12,7,7,41.75088763,-87.62199677
0,349419,-1,30,2,2,2,1,10,1,-1,0,1,0,0,-1,-1,-1,18,16,811,-1,-1,-1,-1,-1,-1,2,0,0,0,0,0,6,0,12,7,7,41.7904158,-87.78188205
0,349416,-1,30,0,0,2,1,14,2,-1,0,1,0,0,-1,-1,1,17,-1,124,-1,-1,-1,-1,-1,-1,2,0,0,0,0,0,3,0,12,7,7,41.86797281,-87.64089226
0,349491,-1,10,0,0,0,1,0,0,1,0,-1,-1,0,-1,-1,-1,17,0,225,-1,-1,-1,-1,-1,-1,2,0,0,0,0,0,3,0,12,7,7,41.80067197,-87.62276266
0,349439,-1,30,1,2,2,1,0,0,-1,0,1,0,0,-1,-1,1,-1,-1,822,-1,-1,-1,-1,-1,-1,2,0,0,0,0,0,3,0,12,7,7,41.78615531,-87.70349314
0,349467,-1,30,0,0,2,1,10,2,4,0,1,0,0,-1,-1,-1,18,-1,2411,1,-1,-1,-1,-1,-1,2,0,0,0,0,0,2,0,12,7,7,42.01213134,-87.70190005
0,349433,-1,30,1,2,2,1,10,2,2,0,1,0,0,-1,-1,-1,18,0,1732,-1,-1,-1,-1,-1,-1,2,0,0,0,0,0,3,0,12,7,7,41.93933152,-87.71694713
1,349404,-1,35,1,2,2,1,10,2,4,0,1,0,1,-1,-1,-1,15,-1,1014,-1,-1,-1,-1,-1,-1,2,2,0,0,0,2,1,0,12,7,7,41.85877922,-87.72480597
0,349399,-1,30,2,2,2,1,0,5,4,0,1,0,1,1,-1,-1,33,0,1531,-1,-1,-1,-1,-1,-1,2,0,0,0,0,0,3,0,12,7,7,41.89484235,-87.75431501
0,349378,-1,30,1,2,2,1,10,2,-1,0,1,0,1,-1,-1,-1,27,-1,924,-1,-1,-1,-1,-1,-1,2,0,0,0,0,0,2,0,12,7,7,41.82304078,-87.66514908
0,349464,-1,30,1,0,0,1,12,5,2,2,0,0,0,-1,-1,1,21,-1,413,-1,-1,-1,-1,-1,-1,2,0,0,0,0,0,2,0,12,7,7,41.72244001,-87.5849877
0,357803,-1,35,12,2,0,1,14,12,2,0,0,0,0,-1,-1,1,23,22,1431,-1,-1,-1,-1,-1,-1,2,0,0,0,0,0,2,0,12,7,7,41.9176748,-87.68791531