MOST_SEVERE_INJURY,RD_NO,CRASH_DATE_EST_I,POSTED_SPEED_LIMIT,TRAFFIC_CONTROL_DEVICE,DEVICE_CONDITION,WEATHER_CONDITION,LIGHTING_CONDITION,FIRST_CRASH_TYPE,TRAFFICWAY_TYPE,LANE_CNT,ALIGNMENT,ROADWAY_SURFACE_COND,ROAD_DEFECT,CRASH_TYPE,INTERSECTION_RELATED_I,NOT_RIGHT_OF_WAY_I,HIT_AND_RUN_I,PRIM_CONTRIBUTORY_CAUSE,SEC_CONTRIBUTORY_CAUSE,BEAT_OF_OCCURRENCE,PHOTOS_TAKEN_I,STATEMENTS_TAKEN_I,DOORING_I,WORK_ZONE_I,WORK_ZONE_TYPE,WORKERS_PRESENT_I,NUM_UNITS,INJURIES_TOTAL,INJURIES_FATAL,INJURIES_INCAPACITATING,INJURIES_NON_INCAPACITATING,INJURIES_REPORTED_NOT_EVIDENT,INJURIES_NO_INDICATION,INJURIES_UNKNOWN,CRASH_HOUR,CRASH_DAY_OF_WEEK,CRASH_MONTH,LATITUDE,LONGITUDE
0,350963,-1,30,0,0,0,1,7,5,2,0,-1,-1,0,-1,-1,1,0,0,631,-1,-1,-1,-1,-1,-1,2,0,0,0,0,0,1,0,12,7,7,41.74777298,-87.60528633
0,349855,-1,25,0,0,0,1,7,6,1,0,0,0,0,-1,-1,1,0,0,1712,-1,-1,-1,-1,-1,-1,2,0,0,0,0,0,1,0,12,7,7,41.97006983,-87.71737604
0,349405,-1,30,1,2,0,1,12,2,4,0,0,0,1,-1,-1,-1,11,25,631,-1,-1,-1,-1,-1,-1,2,0,0,0,0,0,2,0,11,7,7,41.74772137,-87.60499148
0,349395,-1,30,1,2,2,1,10,5,2,0,1,0,0,1,-1,1,18,16,2411,-1,-1,-1,-1,-1,-1,2,0,0,0,0,0,2,0,11,7,7,42.01941566,-87.69036483
0,349519,-1,55,0,0,2,1,12,3,-1,0,1,0,0,-1,-1,-1,21,-1,114,-1,-1,-1,-1,-1,-1,2,0,0,0,0,0,5,0,11,7,7,41.88085693,-87.61710338
0,349388,1,30,1,2,2,1,14,5,4,0,1,0,0,-1,-1,-1,0,0,831,-1,-1,-1,-1,-1,-1,2,0,0,0,0,0,2,0,11,7,7,41.77164589,-87.7031137
0,349878,-1,30,0,0,0,1,7,12,-1,0,0,0,0,-1,-1,1,0,0,2523,-1,-1,-1,-1,-1,-1,2,0,0,0,0,0,1,0,11,7,7,41.93478999,-87.72691546
0,349412,-1,30,0,0,2,1,14,2,2,0,1,0,1,-1,-1,-1,17,-1,2521,-1,-1,-1,-1,-1,-1,2,0,0,0,0,0,2,0,11,7,7,41.93152062,-87.75561299
0,349447,-1,30,1,2,2,2,14,3,6,0,1,0,0,1,-1,-1,0,0,122,-1,-1,-1,-1,-1,-1,2,0,0,0,0,0,2,0,11,7,7,41.88576112,-87.63259515
0,349637,-1,30,1,0,1,1,7,7,-1,0,1,0,0,-1,-1,1,0,0,622,-1,-1,-1,-1,-1,-1,2,0,0,0,0,0,1,0,11,7,7,41.74342733,-87.63218113
0,349343,-1,20,0,0,0,1,7,12,-1,0,0,0,0,-1,1,-1,18,18,1823,-1,-1,-1,-1,-1,-1,2,0,0,0,0,0,1,0,11,7,7,41.89665338,-87.63768166
0,349450,-1,25,0,0,0,1,7,6,-1,0,0,0,0,-1,-1,-1,0,0,2512,-1,-1,-1,-1,-1,-1,2,0,0,0,0,0,1,0,11,7,7,41.92372438,-87.79782812
0,349348,-1,20,2,2,2,1,7,6,1,0,1,0,0,-1,-1,0,16,16,813,-1,-1,-1,-1,-1,-1,2,0,0,0,0,0,1,0,11,7,7,41.79130069,-87.7281599
0,349335,-1,15,0,0,1,1,7,6,-1,0,1,0,0,-1,-1,-1,0,-1,1724,-1,-1,-1,-1,-1,-1,2,0,0,0,0,0,1,0,10,7,7,41.95749216,-87.71042961
2,349326,-1,30,2,2,2,1,0,5,-1,0,1,0,1,1,-1,1,17,14,412,-1,-1,-1,-1,-1,-1,2,1,0,0,1,0,0,0,10,7,7,41.74419236,-87.58305756
0,349311,-1,30,0,0,1,1,10,5,-1,0,0,0,0,-1,-1,-1,18,0,1925,-1,-1,-1,-1,-1,-1,2,0,0,0,0,0,2,0,10,7,7,41.94013145,-87.64589151
0,349306,1,25,0,0,0,1,7,6,1,0,0,0,0,-1,-1,1,0,0,614,-1,-1,-1,-1,-1,-1,2,0,0,0,0,0,1,0,10,7,7,41.73874305,-87.66571327
0,349325,-1,0,0,0,2,1,7,7,-1,0,-1,0,0,-1,-1,1,-1,-1,513,1,-1,-1,-1,-1,-1,2,0,0,0,0,0,1,0,10,7,7,41.69755852,-87.59505517
3,349275,-1,35,1,2,2,1,10,5,2,0,1,0,1,-1,-1,-1,16,-1,2234,-1,-1,-1,-1,-1,-1,2,1,0,1,0,0,1,0,10,7,7,41.69227013,-87.6587405
3,349271,-1,30,1,2,2,1,8,2,4,0,1,0,1,1,-1,-1,17,-1,1023,-1,-1,-1,-1,-1,-1,2,1,0,1,0,0,2,0,10,7,7,41.86655006,-87.68618329
0,349344,-1,30,0,0,2,1,7,5,2,0,1,0,0,-1,-1,-1,16,-1,323,-1,-1,-1,-1,-1,-1,2,0,0,0,0,0,2,0,10,7,7,41.76214791,-87.61631631
2,349270,-1,30,2,2,2,1,0,3,3,0,1,0,1,1,-1,-1,17,-1,411,-1,-1,-1,-1,-1,-1,2,1,0,0,1,0,3,0,10,7,7,41.74976842,-87.58619318
0,351897,-1,35,0,0,0,1,2,0,-1,0,0,0,0,-1,-1,1,0,-1,835,-1,-1,-1,-1,-1,-1,1,0,0,0,0,0,1,0,10,7,7,41.74641437,-87.69277748
0,349273,-1,15,0,0,0,1,7,7,2,0,0,0,0,-1,-1,1,11,0,2411,-1,-1,-1,-1,-1,-1,2,0,0,0,0,0,1,0,10,7,7,42.01212839,-87.69220233
1,349261,-1,30,1,2,1,1,10,2,2,0,1,0,1,1,-1,-1,16,28,2512,-1,-1,-1,1,2,-1,2,1,0,0,0,1,2,0,10,7,7,41.9271593,-87.78543018
0,349244,-1,30,1,2,0,1,10,2,-1,0,1,0,0,-1,-1,-1,0,0,1711,-1,-1,-1,-1,-1,-1,2,0,0,0,0,0,2,0,10,7,7,41.99462849,-87.71416432
0,349272,-1,30,2,2,2,1,14,5,4,0,1,-1,1,1,-1,-1,17,0,923,-1,-1,-1,-1,-1,-1,2,0,0,0,0,0,3,0,9,7,7,41.79739475,-87.68427296
0,349704,-1,30,0,0,2,1,10,5,2,0,1,0,0,-1,-1,-1,15,0,1931,-1,-1,-1,-1,-1,-1,2,0,0,0,0,0,2,0,9,7,7,41.93243135,-87.67518603
0,349236,-1,30,0,0,2,1,10,5,2,0,1,0,1,-1,-1,-1,18,16,1624,-1,-1,-1,-1,-1,-1,2,0,0,0,0,0,2,0,9,7,7,41.96046706,-87.75934324
1,349231,-1,40,0,0,1,1,10,5,2,0,1,0,1,-1,-1,-1,18,16,1932,-1,-1,-1,-1,-1,-1,2,1,0,0,0,1,1,0,9,7,7,41.9353985,-87.66289792
0,349223,-1,25,1,2,2,1,10,12,-1,0,1,0,0,-1,-1,-1,0,-1,131,-1,-1,-1,-1,-1,-1,2,0,0,0,0,0,3,0,9,7,7,41.8673211,-87.62595399
0,349233,-1,30,1,2,2,1,14,12,8,0,1,0,1,1,-1,-1,6,6,1722,-1,-1,-1,-1,-1,-1,2,0,0,0,0,0,2,0,9,7,7,41.96093771,-87.73849688
0,350058,-1,30,1,-1,0,3,12,2,-1,0,0,0,0,-1,-1,-1,22,22,114,-1,-1,-1,-1,-1,-1,2,0,0,0,0,0,3,0,9,7,7,41.88052782,-87.62420947
1,349218,-1,30,1,2,2,1,14,2,4,0,1,0,1,-1,-1,-1,17,0,2533,-1,-1,-1,-1,-1,-1,2,1,0,0,0,1,1,0,9,7,7,41.90948219,-87.74869831
0,349213,-1,35,0,0,2,1,7,5,-1,0,1,0,0,-1,-1,-1,0,-1,1712,-1,-1,-1,-1,-1,-1,2,0,0,0,0,0,1,0,9,7,7,41.97082763,-87.71817497
2,349178,-1,30,1,2,2,1,0,5,2,0,1,0,1,1,-1,-1,6,7,122,-1,-1,-1,-1,-1,-1,2,2,0,0,2,0,2,0,9,7,7,41.88696014,-87.63411288
0,349214,-1,30,0,0,1,1,7,5,-1,0,1,-1,0,-1,-1,1,0,0,1731,-1,-1,-1,-1,-1,-1,2,0,0,0,0,0,1,0,9,7,7,41.94080432,-87.74279709
0,349198,-1,25,0,0,2,1,2,3,-1,0,1,0,1,-1,-1,-1,14,11,1824,-1,-1,-1,-1,-1,-1,1,0,0,0,0,0,1,0,9,7,7,41.90100286,-87.61977981
0,349193,-1,30,1,2,2,1,0,2,-1,0,1,0,1,1,-1,-1,17,-1,924,-1,-1,-1,-1,-1,-1,2,0,0,0,0,0,2,0,9,7,7,41.81577843,-87.66529289
3,349182,-1,35,0,0,2,1,8,5,2,0,1,0,1,-1,-1,-1,-1,-1,1924,-1,-1,1,-1,-1,-1,2,1,0,1,0,0,0,0,9,7,7,41.94720353,-87.65012955
0,349254,-1,30,1,2,2,1,10,5,-1,0,1,0,1,1,-1,-1,18,-1,321,-1,-1,-1,-1,-1,-1,2,0,0,0,0,0,4,0,9,7,7,41.77507204,-87.60558096
1,349187,-1,30,11,2,0,1,13,6,-1,0,0,0,1,-1,-1,-1,19,0,1214,-1,-1,-1,-1,-1,-1,2,1,0,0,0,1,1,0,9,7,7,41.88569482,-87.65208577
0,350029,-1,30,0,0,0,3,7,6,3,0,-1,-1,0,-1,-1,-1,1,13,1624,-1,-1,-1,-1,-1,-1,2,0,0,0,0,0,1,0,9,7,7,41.9561562,-87.76847025
0,349191,-1,30,1,2,2,1,10,5,-1,0,1,0,0,-1,-1,-1,0,0,1914,-1,-1,-1,-1,-1,-1,2,0,0,0,0,0,3,0,8,7,7,41.96277911,-87.64081126
0,349196,-1,30,1,2,2,1,10,5,4,0,1,0,0,-1,-1,-1,18,0,613,-1,-1,-1,-1,-1,-1,2,0,0,0,0,0,3,0,8,7,7,41.73611222,-87.64855595
0,349918,1,20,0,0,-1,-1,7,6,1,0,-1,0,0,-1,-1,1,0,0,2031,-1,-1,-1,-1,-1,-1,2,0,0,0,0,0,1,0,8,7,7,41.97279247,-87.70141749
0,349752,-1,30,0,0,2,1,7,5,-1,0,1,0,0,-1,-1,-1,0,0,2032,-1,-1,-1,-1,-1,-1,2,0,0,0,0,0,1,0,8,7,7,41.97532008,-87.67238907
0,349165,-1,35,0,0,2,1,0,3,-1,0,1,0,1,-1,-1,-1,17,-1,2223,-1,-1,-1,-1,-1,-1,2,0,0,0,0,0,2,0,8,7,7,41.71521487,-87.64319062
2,353932,-1,30,2,2,0,1,9,2,2,0,0,-1,1,1,-1,1,17,0,1723,-1,-1,-1,-1,-1,-1,2,1,0,0,1,0,1,0,8,7,7,41.95753843,-87.71317531
0,349457,-1,30,1,2,2,1,10,5,4,0,1,0,0,-1,-1,-1,18,0,1614,-1,-1,-1,-1,-1,-1,2,0,0,0,0,0,2,0,8,7,7,41.97697972,-87.83675909
0,349181,-1,30,0,0,2,1,7,2,-1,0,1,0,0,-1,-1,1,0,0,1912,-1,-1,-1,-1,-1,-1,2,0,0,0,0,0,1,0,8,7,7,41.95431347,-87.67512656
0,349159,-1,30,0,0,2,1,7,7,-1,0,1,0,0,-1,-1,-1,0,-1,1131,-1,-1,-1,-1,-1,-1,2,0,0,0,0,0,2,0,8,7,7,41.87461461,-87.73540786
0,349158,-1,30,0,0,2,1,10,2,-1,0,1,0,1,-1,-1,-1,18,-1,1433,-1,-1,-1,-1,-1,-1,3,0,0,0,0,0,4,0,8,7,7,41.91080682,-87.66310493
1,349141,-1,30,1,2,2,1,14,6,-1,0,1,0,1,1,-1,-1,23,17,1832,-1,-1,-1,-1,-1,-1,2,1,0,0,0,1,1,0,8,7,7,41.89246403,-87.63129489
0,349148,-1,35,1,2,2,1,14,2,3,5,1,0,1,1,-1,-1,16,34,2022,-1,-1,-1,-1,-1,-1,2,0,0,0,0,0,2,0,8,7,7,41.98566764,-87.65517867
0,349806,-1,30,0,0,2,1,10,5,2,0,1,0,0,-1,-1,-1,18,0,821,-1,-1,-1,-1,-1,-1,2,0,0,0,0,0,2,0,8,7,7,41.80801181,-87.72118736
0,349361,-1,25,0,0,2,1,7,6,-1,0,1,0,0,-1,-1,1,0,0,1113,-1,-1,-1,-1,-1,-1,2,0,0,0,0,0,1,0,8,7,7,41.87884336,-87.73698179
0,349143,-1,30,0,0,2,1,0,5,2,0,1,0,0,-1,-1,-1,0,0,2424,-1,-1,-1,-1,-1,-1,2,0,0,0,0,0,2,0,8,7,7,42.0156691,-87.6828641
0,349142,-1,10,0,0,2,1,7,7,1,0,1,0,0,-1,-1,-1,-1,16,811,-1,-1,-1,-1,-1,-1,2,0,0,0,0,0,1,0,8,7,7,41.79435485,-87.77052715
0,349991,-1,30,1,-1,0,2,10,2,-1,0,0,0,0,-1,-1,-1,0,0,1831,-1,-1,-1,-1,-1,-1,2,0,0,0,0,0,2,0,7,7,7,41.88906678,-87.63321745
0,349672,-1,30,1,2,2,1,14,5,3,0,1,0,0,1,-1,-1,0,0,1834,-1,-1,-1,-1,-1,-1,2,0,0,0,0,0,2,0,7,7,7,41.8932276,-87.62797143
0,349116,-1,30,0,0,2,4,0,5,2,0,1,0,1,-1,-1,-1,23,-1,2022,-1,-1,-1,-1,-1,-1,2,0,0,0,0,0,2,0,7,7,7,41.98556491,-87.66001013
0,349156,-1,30,0,0,2,1,14,2,2,0,1,0,0,-1,-1,-1,18,34,2514,-1,-1,-1,-1,-1,-1,2,0,0,0,0,0,2,0,7,7,7,41.93133665,-87.76983331
0,349110,-1,25,1,2,2,1,10,5,4,0,1,0,1,1,-1,-1,18,-1,1224,-1,-1,-1,-1,-1,-1,2,0,0,0,0,0,2,0,7,7,7,41.88156357,-87.66699831
0,349197,-1,30,1,2,2,1,10,2,-1,0,1,0,0,-1,-1,-1,16,0,2531,-1,-1,-1,-1,-1,-1,2,0,0,0,0,0,2,0,7,7,7,41.91051729,-87.77511578
0,349122,-1,30,1,2,2,1,10,5,-1,0,1,-1,0,-1,-1,1,16,18,411,-1,-1,-1,-1,-1,-1,2,0,0,0,0,0,4,0,7,7,7,41.7475329,-87.58529456
0,349115,-1,35,0,0,2,1,0,5,4,0,1,0,0,-1,-1,-1,17,17,1733,-1,-1,-1,-1,-1,-1,2,0,0,0,0,0,2,0,7,7,7,41.95381753,-87.70693254
0,364336,-1,30,0,0,-1,-1,7,5,-1,0,-1,0,0,-1,-1,1,0,0,1421,-1,-1,-1,-1,-1,-1,2,0,0,0,0,0,1,0,7,7,7,41.91067261,-87.6946987
0,350101,-1,20,0,0,2,-1,7,6,-1,0,1,0,0,-1,-1,1,0,-1,1622,-1,-1,-1,-1,-1,-1,2,0,0,0,0,0,1,0,7,7,7,41.96746629,-87.77984345
0,349456,-1,30,0,0,2,1,7,6,1,0,1,-1,0,-1,-1,1,0,0,432,-1,-1,-1,-1,-1,-1,2,0,0,0,0,0,1,0,7,7,7,41.71908863,-87.53422398
0,349097,-1,15,0,0,2,2,2,0,-1,0,1,0,0,-1,1,1,0,0,1523,-1,-1,-1,-1,-1,-1,1,0,0,0,0,0,1,0,6,7,7,41.88655333,-87.75666243
0,349120,-1,20,2,2,2,1,10,5,2,0,1,0,0,-1,-1,-1,18,34,411,-1,-1,-1,-1,-1,-1,2,0,0,0,0,0,2,0,6,7,7,41.75701295,-87.59069543
2,349090,-1,30,0,0,2,1,3,5,4,0,1,0,1,-1,-1,-1,10,16,1131,-1,-1,-1,-1,-1,-1,2,4,0,0,2,2,0,0,6,7,7,41.87333458,-87.74485828
0,494088,-1,30,1,2,2,1,10,6,-1,0,1,0,0,-1,-1,-1,18,-1,524,-1,-1,-1,-1,-1,-1,2,0,0,0,0,0,2,0,6,7,7,41.68473462,-87.66144687
0,349084,-1,35,0,2,1,2,10,5,-1,0,0,0,0,-1,-1,-1,25,-1,1733,-1,-1,-1,-1,-1,-1,2,0,0,0,0,0,2,0,6,7,7,41.94196222,-87.70784169
0,349305,-1,20,1,2,0,1,10,12,-1,0,0,0,0,-1,-1,-1,0,-1,122,-1,-1,-1,-1,-1,-1,2,0,0,0,0,0,2,0,6,7,7,41.88703051,-87.63482518
0,349092,-1,30,0,0,2,1,12,6,-1,0,1,0,0,-1,-1,-1,21,-1,1832,-1,-1,-1,-1,-1,-1,2,0,0,0,0,0,2,0,6,7,7,41.89250329,-87.63366089
0,349072,-1,30,0,0,0,1,7,6,1,0,0,0,1,-1,-1,-1,27,-1,512,-1,-1,-1,-1,-1,-1,2,0,0,0,0,0,1,0,5,7,7,41.70029758,-87.61830419
2,349073,1,30,0,0,2,1,10,5,2,0,1,0,1,1,-1,-1,18,16,1713,-1,-1,-1,-1,-1,-1,2,2,0,0,2,0,0,0,5,7,7,41.96667644,-87.71316407
0,349066,-1,25,0,0,2,2,7,6,-1,0,1,0,0,-1,-1,1,0,0,1122,-1,-1,-1,-1,-1,-1,2,0,0,0,0,0,1,0,5,7,7,41.879678,-87.72361737
0,349054,-1,30,1,2,2,2,0,6,2,0,1,0,0,1,-1,1,6,0,1222,-1,-1,-1,-1,-1,-1,2,0,0,0,0,0,2,0,5,7,7,41.88278728,-87.69639486
0,349255,1,25,0,0,0,-1,7,5,-1,0,0,0,0,-1,-1,1,0,0,1622,-1,-1,-1,-1,-1,-1,2,0,0,0,0,0,1,0,5,7,7,41.97239587,-87.77069194
0,349047,-1,30,0,0,0,3,7,5,2,0,0,0,1,-1,-1,-1,0,-1,914,-1,-1,-1,-1,-1,-1,4,0,0,0,0,0,2,0,4,7,7,41.83829287,-87.63566058
0,349034,-1,30,0,0,2,3,7,5,2,0,1,0,0,-1,-1,1,20,0,1823,-1,-1,-1,-1,-1,-1,2,0,0,0,0,0,1,0,4,7,7,41.89862054,-87.63739614
0,349057,-1,30,0,0,0,2,7,5,2,0,0,0,1,-1,-1,0,19,19,432,-1,-1,-1,-1,-1,-1,2,0,0,0,0,0,1,0,4,7,7,41.7048904,-87.53755839
2,349045,0,30,0,0,0,3,2,5,-1,2,0,0,1,-1,-1,-1,0,0,911,-1,-1,-1,-1,-1,-1,1,1,0,0,1,0,0,0,4,7,7,41.82634907,-87.6844724
0,356393,-1,30,-1,-1,-1,-1,7,5,2,0,-1,-1,0,-1,-1,1,0,0,1422,-1,-1,-1,-1,-1,-1,2,0,0,0,0,0,1,0,4,7,7,41.91314211,-87.71649755
3,349065,1,30,-1,-1,0,-1,9,3,2,0,-1,-1,1,-1,-1,1,-1,-1,1512,-1,-1,-1,-1,-1,-1,2,1,0,1,0,0,1,0,4,7,7,41.88724845,-87.7720942
2,349012,-1,30,-1,-1,0,2,8,2,2,0,0,-1,1,-1,-1,1,0,0,1112,-1,-1,1,-1,-1,-1,2,1,0,0,1,0,1,0,3,7,7,41.89551585,-87.72189534
0,349028,1,30,0,0,0,3,7,5,2,0,0,0,1,-1,-1,1,0,-1,1524,-1,-1,-1,-1,-1,-1,2,0,0,0,0,0,1,0,3,7,7,41.89558431,-87.76527389
-1,349026,-1,30,0,0,2,0,7,5,-1,0,1,-1,0,-1,-1,1,0,-1,1221,-1,1,-1,-1,-1,-1,4,-1,-1,-1,-1,-1,-1,-1,3,7,7,41.89098614,-87.70626751
0,348989,-1,30,0,0,0,3,7,5,2,0,0,0,1,-1,-1,-1,16,0,1821,-1,-1,-1,-1,-1,-1,3,0,0,0,0,0,1,0,3,7,7,41.90397323,-87.63382601
0,348975,-1,30,0,0,0,3,7,2,2,0,0,0,1,-1,-1,-1,21,-1,2423,-1,-1,-1,-1,-1,-1,3,0,0,0,0,0,1,0,3,7,7,42.01276468,-87.67354337
0,348968,-1,30,12,-1,0,3,10,5,2,0,0,-1,0,1,-1,1,19,19,1424,1,-1,-1,-1,-1,-1,2,0,0,0,0,0,2,0,2,7,7,41.90828716,-87.67755112
0,348972,-1,30,0,0,0,3,7,2,4,0,0,0,0,-1,-1,1,0,-1,1814,-1,-1,-1,-1,-1,-1,2,0,0,0,0,0,2,0,2,7,7,41.91776483,-87.63583914
0,438959,-1,30,0,0,2,3,7,2,2,0,1,0,1,-1,-1,-1,21,34,1124,-1,1,-1,-1,-1,-1,2,0,0,0,0,0,1,0,2,7,7,41.87751034,-87.69929534
0,348947,-1,45,0,0,0,3,2,3,8,3,0,0,1,-1,0,-1,0,-1,212,-1,-1,-1,-1,-1,-1,1,0,0,0,0,0,2,0,2,7,7,41.82754458,-87.60267888
0,348964,-1,30,0,0,0,3,7,5,2,0,0,0,1,-1,-1,-1,32,16,2432,-1,-1,-1,-1,-1,-1,2,0,0,0,0,0,1,0,2,7,7,42.00026,-87.67119264
0,348942,-1,30,3,2,0,3,12,6,1,0,0,0,0,-1,-1,1,16,22,2513,-1,-1,-1,-1,-1,-1,2,0,0,0,0,0,4,0,2,7,7,41.90966769,-87.78158304
0,352071,1,30,0,0,0,3,7,7,-1,0,0,0,0,-1,-1,1,0,-1,2412,-1,-1,-1,-1,-1,-1,2,0,0,0,0,0,1,0,2,7,7,41.99780555,-87.69201355
0,348949,-1,30,2,2,0,3,10,12,-1,0,0,0,0,1,-1,-1,22,12,314,-1,-1,-1,-1,-1,-1,2,0,0,0,0,0,3,0,2,7,7,41.78378882,-87.5866845
0,348928,-1,25,0,0,0,3,10,5,-1,0,0,0,0,-1,-1,-1,18,-1,1122,-1,-1,-1,-1,-1,-1,2,0,0,0,0,0,2,0,2,7,7,41.88194948,-87.7209688
0,348997,-1,30,0,0,0,3,7,5,2,0,0,-1,0,-1,-1,-1,7,-1,1812,-1,-1,-1,-1,-1,-1,2,0,0,0,0,0,2,0,1,7,7,41.92175212,-87.64338476
0,349540,-1,35,0,2,0,1,14,5,2,0,0,0,0,-1,-1,-1,23,23,1022,-1,-1,-1,-1,-1,-1,2,0,0,0,0,0,2,0,1,7,7,-1,-1
0,348929,-1,30,0,0,0,0,12,5,2,0,0,0,1,-1,-1,-1,23,0,1432,-1,-1,-1,-1,-1,-1,2,0,0,0,0,0,3,0,1,7,7,41.92481511,-87.68567746
2,348913,1,30,0,0,0,3,14,5,2,0,0,0,1,-1,-1,-1,23,21,1132,-1,-1,-1,-1,-1,-1,2,3,0,0,2,1,0,0,1,7,7,41.87116179,-87.72520987
0,348907,-1,30,1,2,0,3,12,5,2,0,0,0,0,1,-1,1,0,0,1413,-1,-1,-1,-1,-1,-1,2,0,0,0,0,0,6,0,1,7,7,41.91745304,-87.71182614
0,348908,-1,25,1,2,0,3,0,5,4,0,0,4,1,1,-1,-1,6,-1,623,-1,-1,-1,-1,-1,-1,2,0,0,0,0,0,4,0,1,7,7,41.75806853,-87.62651698
0,351703,1,5,0,0,0,0,7,7,20,0,0,0,0,-1,1,1,21,16,235,-1,-1,-1,-1,-1,-1,2,0,0,0,0,0,1,0,1,7,7,41.78830711,-87.60506312
0,348920,-1,10,0,0,0,3,7,7,2,0,0,0,0,-1,-1,1,-1,-1,833,-1,-1,-1,-1,-1,-1,2,0,0,0,0,0,1,0,1,7,7,41.75333434,-87.72906555
0,348935,1,30,3,2,0,3,3,2,4,0,0,0,1,-1,-1,0,21,16,1111,-1,-1,-1,-1,-1,-1,2,0,0,0,0,0,2,0,0,7,7,41.89511756,-87.74554354
0,348891,-1,30,0,0,0,3,7,5,2,0,0,0,1,-1,-1,1,16,-1,732,-1,-1,-1,-1,-1,-1,2,0,0,0,0,0,1,0,0,7,7,41.75828026,-87.6346383
1,348887,-1,30,1,2,0,3,14,5,3,0,0,0,1,1,-1,-1,23,6,214,-1,-1,-1,-1,-1,-1,3,2,0,0,0,2,4,0,0,7,7,41.81674857,-87.61646799
0,348889,-1,30,1,2,0,3,10,5,-1,0,0,0,0,1,-1,-1,0,0,912,-1,-1,-1,-1,-1,-1,3,0,0,0,0,0,3,0,0,7,7,41.83609781,-87.66585081
0,348893,-1,30,2,2,0,3,0,5,2,0,0,0,0,-1,-1,1,17,17,421,-1,-1,-1,-1,-1,-1,2,0,0,0,0,0,2,0,0,7,7,41.75715636,-87.55840891
0,348874,-1,30,0,0,0,3,14,5,2,0,0,0,1,-1,-1,-1,17,0,1722,-1,-1,-1,-1,-1,-1,2,0,0,0,0,0,3,0,0,7,7,41.96102084,-87.7309853
0,348897,-1,35,0,0,0,3,2,7,-1,0,0,0,1,-1,1,-1,32,16,915,-1,-1,-1,-1,-1,-1,1,0,0,0,0,0,1,0,0,7,7,41.83100809,-87.63493249
0,348871,-1,30,0,-1,0,2,7,2,2,0,0,-1,1,1,-1,-1,0,0,1115,-1,-1,-1,-1,-1,-1,2,0,0,0,0,0,1,0,0,7,7,41.87879857,-87.7352671
0,348862,-1,30,1,2,0,3,8,5,4,0,0,0,0,1,-1,-1,11,11,1834,-1,-1,-1,-1,-1,-1,2,0,0,0,0,0,2,0,0,7,7,41.89564106,-87.62802656
0,350731,-1,30,0,0,0,0,7,5,2,0,0,0,0,1,-1,-1,20,-1,532,1,-1,-1,-1,-1,-1,1,0,0,0,0,0,1,0,0,7,7,41.677262,-87.61556217
0,348861,-1,30,1,2,0,3,0,5,4,0,0,0,0,1,-1,-1,6,-1,912,-1,-1,-1,-1,-1,-1,2,0,0,0,0,0,2,0,0,7,7,41.83808182,-87.67556376
1,348849,-1,30,1,2,0,3,10,5,-1,0,0,0,1,-1,-1,-1,16,12,1924,-1,-1,-1,-1,-1,-1,2,1,0,0,0,1,1,0,23,6,7,41.94401617,-87.65377672
0,348844,-1,30,3,2,0,3,10,5,2,0,0,-1,0,-1,-1,-1,18,7,1821,-1,-1,-1,-1,-1,-1,2,0,0,0,0,0,2,0,23,6,7,41.90686371,-87.63472786
2,348845,-1,30,2,2,0,3,0,2,-1,0,0,0,1,1,-1,-1,17,-1,1214,1,-1,-1,-1,-1,-1,2,4,0,0,4,0,2,0,23,6,7,41.89019488,-87.6476687
2,348841,-1,30,-1,-1,-1,3,7,2,2,0,-1,-1,1,-1,-1,-1,0,0,1235,-1,-1,-1,-1,-1,-1,3,1,0,0,1,0,0,0,23,6,7,41.85812007,-87.6523203
0,348867,-1,30,1,2,0,3,0,3,-1,0,0,0,0,1,-1,-1,0,-1,912,-1,-1,-1,-1,-1,-1,2,0,0,0,0,0,3,0,23,6,7,41.83758276,-87.67559063
0,349356,-1,30,1,2,0,0,10,5,2,0,0,0,0,1,-1,1,18,0,924,-1,-1,-1,-1,-1,-1,2,0,0,0,0,0,2,0,23,6,7,41.80861311,-87.67706152
0,348784,-1,30,1,2,0,3,2,3,4,0,0,12,0,1,-1,-1,16,0,731,-1,-1,-1,-1,-1,-1,1,0,0,0,0,0,1,0,23,6,7,41.75827653,-87.62597722
0,348814,-1,30,0,0,0,3,3,5,2,0,0,0,1,-1,-1,1,0,0,211,-1,-1,-1,-1,-1,-1,2,0,0,0,0,0,3,0,23,6,7,41.83108556,-87.62893712
0,348800,-1,30,1,2,0,3,14,2,4,0,0,0,1,1,-1,-1,23,16,813,-1,-1,-1,-1,-1,-1,2,0,0,0,0,0,4,0,23,6,7,41.78417649,-87.74133386
0,348895,-1,30,1,-1,0,3,12,12,-1,0,0,0,0,1,-1,-1,17,31,1922,-1,-1,-1,-1,-1,-1,2,0,0,0,0,0,2,0,23,6,7,41.93987262,-87.66394524
0,348801,-1,30,0,0,0,0,12,5,4,0,0,0,1,-1,-1,1,22,21,2521,-1,-1,-1,-1,-1,-1,2,0,0,0,0,0,2,0,22,6,7,41.93231807,-87.74550611
2,348781,-1,30,2,2,0,3,0,6,0,0,0,-1,1,1,-1,-1,0,0,232,-1,-1,-1,-1,-1,-1,2,1,0,0,1,0,3,0,22,6,7,41.78938024,-87.62062733
0,349870,-1,30,0,0,0,3,7,6,-1,0,0,0,0,-1,-1,1,0,-1,232,-1,-1,-1,-1,-1,-1,2,0,0,0,0,0,1,0,22,6,7,41.79024265,-87.62220629