MOST_SEVERE_INJURY,RD_NO,CRASH_DATE_EST_I,POSTED_SPEED_LIMIT,TRAFFIC_CONTROL_DEVICE,DEVICE_CONDITION,WEATHER_CONDITION,LIGHTING_CONDITION,FIRST_CRASH_TYPE,TRAFFICWAY_TYPE,LANE_CNT,ALIGNMENT,ROADWAY_SURFACE_COND,ROAD_DEFECT,CRASH_TYPE,INTERSECTION_RELATED_I,NOT_RIGHT_OF_WAY_I,HIT_AND_RUN_I,PRIM_CONTRIBUTORY_CAUSE,SEC_CONTRIBUTORY_CAUSE,BEAT_OF_OCCURRENCE,PHOTOS_TAKEN_I,STATEMENTS_TAKEN_I,DOORING_I,WORK_ZONE_I,WORK_ZONE_TYPE,WORKERS_PRESENT_I,NUM_UNITS,INJURIES_TOTAL,INJURIES_FATAL,INJURIES_INCAPACITATING,INJURIES_NON_INCAPACITATING,INJURIES_REPORTED_NOT_EVIDENT,INJURIES_NO_INDICATION,INJURIES_UNKNOWN,CRASH_HOUR,CRASH_DAY_OF_WEEK,CRASH_MONTH,LATITUDE,LONGITUDE
0,349020,-1,25,2,2,0,3,12,2,-1,0,0,0,0,-1,-1,-1,22,22,2523,-1,-1,-1,-1,-1,-1,2,0,0,0,0,0,3,0,22,6,7,41.93900628,-87.72703564
0,348789,-1,30,1,-1,-1,-1,10,5,-1,0,-1,-1,0,-1,-1,-1,0,0,1232,-1,-1,-1,-1,-1,-1,2,0,0,0,0,0,3,0,22,6,7,41.8804262,-87.64746685
0,348733,-1,30,0,0,0,3,10,5,4,0,0,-1,0,-1,-1,-1,18,0,123,-1,-1,-1,-1,-1,-1,2,0,0,0,0,0,3,0,22,6,7,41.8714206,-87.62607464
0,348769,-1,35,1,2,0,3,8,5,2,0,0,0,0,1,-1,-1,6,-1,1632,-1,-1,-1,-1,-1,-1,2,0,0,0,0,0,2,0,22,6,7,41.93825163,-87.79555269
0,348860,-1,30,0,0,0,3,12,5,6,0,0,0,0,-1,-1,-1,0,0,1814,-1,-1,-1,-1,-1,-1,2,0,0,0,0,0,4,0,22,6,7,41.91167091,-87.63330213
0,348818,-1,25,0,0,0,3,10,6,2,0,0,0,0,-1,-1,-1,18,0,1231,-1,-1,-1,-1,-1,-1,2,0,0,0,0,0,2,0,22,6,7,41.87525397,-87.66868166
0,348831,-1,30,1,2,0,3,0,2,-1,0,0,-1,0,1,-1,-1,6,6,124,-1,-1,-1,-1,-1,-1,2,0,0,0,0,0,3,0,22,6,7,41.86973961,-87.64359507
0,348752,-1,30,0,0,0,3,7,6,-1,0,0,0,0,-1,-1,-1,32,0,513,-1,-1,-1,-1,-1,-1,2,0,0,0,0,0,1,0,22,6,7,41.69569637,-87.61238391
3,348758,-1,30,1,2,0,3,0,2,2,0,0,0,1,1,-1,-1,6,16,233,-1,-1,-1,-1,-1,-1,3,3,0,2,0,1,2,0,22,6,7,41.79123326,-87.60629821
2,352385,-1,20,0,0,0,3,3,6,1,0,0,0,1,-1,-1,1,10,0,331,-1,-1,-1,-1,-1,-1,2,1,0,0,1,0,1,0,22,6,7,41.79190724,-87.5818701
0,350910,-1,30,-1,-1,-1,-1,7,5,-1,0,-1,-1,0,-1,-1,1,0,-1,1433,-1,-1,-1,-1,-1,-1,2,0,0,0,0,0,1,0,22,6,7,41.90638757,-87.66187196
0,349402,-1,30,0,0,0,3,10,5,2,0,0,0,0,-1,-1,-1,0,0,2012,-1,-1,-1,-1,-1,-1,2,0,0,0,0,0,2,0,22,6,7,41.9761456,-87.67455647
0,349157,1,20,2,2,-1,-1,7,2,2,0,-1,0,0,-1,-1,1,18,18,2221,-1,-1,-1,-1,-1,-1,2,0,0,0,0,0,1,0,22,6,7,41.73031787,-87.66426542
0,348956,-1,30,1,2,0,3,10,5,-1,0,0,0,0,1,-1,-1,0,0,1931,-1,-1,-1,-1,-1,-1,2,0,0,0,0,0,2,0,22,6,7,41.93240397,-87.67744013
0,348832,-1,30,1,2,0,3,12,1,4,0,0,0,0,-1,-1,-1,21,-1,124,-1,-1,-1,-1,-1,-1,2,0,0,0,0,0,2,0,22,6,7,41.8671089,-87.6422588
0,348772,-1,30,0,0,0,3,12,2,6,0,0,0,0,-1,-1,-1,22,-1,132,-1,-1,-1,-1,-1,-1,2,0,0,0,0,0,2,0,22,6,7,41.85802949,-87.61665388
0,348757,-1,30,1,2,0,3,10,3,-1,0,0,0,0,-1,-1,-1,0,0,123,-1,-1,-1,-1,-1,-1,2,0,0,0,0,0,2,0,22,6,7,41.87555254,-87.63085422
0,350084,-1,0,0,0,0,3,7,7,-1,0,0,0,1,-1,1,1,0,-1,2521,-1,-1,-1,-1,-1,-1,2,0,0,0,0,0,1,0,21,6,7,41.9345622,-87.74686218
1,348761,-1,30,1,2,0,3,14,3,6,0,0,0,1,1,-1,-1,23,21,935,-1,-1,-1,-1,-1,-1,2,2,0,0,0,2,1,0,21,6,7,41.7945458,-87.63774996
0,353339,-1,30,1,2,0,3,0,2,-1,0,0,0,0,-1,-1,1,6,17,2212,-1,-1,-1,-1,-1,-1,2,0,0,0,0,0,2,0,21,6,7,41.69938874,-87.65891336
0,348777,-1,30,2,2,0,3,0,5,2,0,0,0,0,-1,-1,1,14,22,632,-1,-1,-1,-1,-1,-1,2,0,0,0,0,0,3,0,21,6,7,41.74181363,-87.61966547
0,348711,-1,25,2,2,0,3,14,5,2,0,0,0,1,1,-1,-1,23,-1,1133,-1,-1,-1,-1,-1,-1,2,0,0,0,0,0,2,0,21,6,7,41.86983445,-87.71803731
0,348708,-1,30,0,0,0,3,7,5,2,0,0,0,0,-1,-1,-1,0,-1,321,-1,-1,-1,-1,-1,-1,2,0,0,0,0,0,3,0,21,6,7,41.77325144,-87.60571087
0,348723,-1,25,0,0,0,0,2,0,1,0,0,-1,1,-1,1,1,25,14,1524,-1,-1,-1,-1,-1,-1,1,0,0,0,0,0,3,0,21,6,7,41.89228736,-87.75658098
0,348741,-1,30,0,0,0,3,10,5,2,0,0,0,0,-1,-1,-1,0,-1,1122,-1,-1,-1,-1,-1,-1,2,0,0,0,0,0,3,0,21,6,7,41.88496091,-87.71863769
0,348748,-1,30,1,2,0,3,12,5,4,0,0,0,0,1,-1,-1,21,0,1823,-1,-1,-1,-1,-1,-1,2,0,0,0,0,0,2,0,21,6,7,41.90374298,-87.63455136
1,348731,-1,30,1,2,0,0,10,2,-1,0,0,0,1,-1,-1,-1,18,0,122,-1,-1,-1,-1,-1,-1,2,1,0,0,0,1,1,0,21,6,7,41.88706706,-87.63221462
0,348706,-1,30,1,2,0,3,12,1,4,0,0,0,0,1,-1,-1,0,0,1214,-1,-1,-1,-1,-1,-1,2,0,0,0,0,0,2,0,21,6,7,41.88568962,-87.64762173
0,348705,-1,30,0,0,0,4,2,5,-1,0,0,1,0,-1,-1,-1,29,0,233,-1,-1,-1,-1,-1,-1,1,0,0,0,0,0,1,0,21,6,7,41.79331664,-87.61102263
2,348702,-1,30,1,2,0,3,9,5,2,0,0,0,1,-1,-1,-1,16,17,423,-1,-1,-1,-1,-1,-1,2,1,0,0,1,0,1,0,21,6,7,41.7444251,-87.56061004
0,353162,-1,35,0,0,0,0,7,3,2,0,0,0,0,-1,-1,0,0,0,2233,-1,-1,-1,-1,-1,-1,2,0,0,0,0,0,1,0,21,6,7,41.69590407,-87.64263571
2,348853,-1,30,3,2,0,3,10,2,-1,0,0,-1,1,-1,-1,1,18,-1,2515,-1,-1,-1,-1,-1,-1,2,1,0,0,1,0,1,0,21,6,7,41.91538896,-87.77528435
0,348709,-1,35,0,0,0,0,10,3,-1,0,0,0,0,-1,-1,-1,0,0,1814,-1,-1,-1,-1,-1,-1,2,0,0,0,0,0,3,0,21,6,7,41.91130449,-87.6258786
0,348690,-1,35,1,2,0,3,14,5,2,2,0,0,0,-1,-1,1,0,0,1032,-1,-1,-1,-1,-1,-1,2,0,0,0,0,0,3,0,21,6,7,41.83737743,-87.71445298
0,348693,-1,30,0,0,0,3,7,2,2,0,0,0,0,-1,-1,1,16,0,1032,-1,-1,-1,-1,-1,-1,4,0,0,0,0,0,1,0,20,6,7,41.83899802,-87.71693852
2,348657,-1,30,0,0,0,3,8,5,2,0,0,0,1,-1,-1,-1,0,-1,2423,-1,-1,1,-1,-1,-1,2,1,0,0,1,0,0,0,20,6,7,42.01160434,-87.66981904
0,349429,-1,30,0,0,0,3,11,5,-1,0,0,0,0,-1,-1,-1,22,16,2514,-1,-1,-1,-1,-1,-1,2,0,0,0,0,0,2,0,20,6,7,41.93586005,-87.761349
3,348658,-1,30,-1,-1,0,3,9,5,2,0,0,-1,1,1,-1,-1,-1,-1,1112,-1,-1,-1,-1,-1,-1,2,1,0,1,0,0,3,0,20,6,7,41.89373582,-87.72006921
0,348664,-1,30,0,0,0,2,7,6,3,0,0,0,0,-1,-1,1,-1,-1,224,-1,-1,-1,-1,-1,-1,2,0,0,0,0,0,1,0,20,6,7,41.80444967,-87.62094061
0,349253,-1,30,1,2,0,1,10,5,2,0,0,0,0,-1,-1,-1,18,-1,1834,-1,-1,-1,-1,-1,-1,2,0,0,0,0,0,2,0,20,6,7,41.8924911,-87.62012485
1,348654,-1,30,1,2,0,3,10,5,2,0,0,0,1,1,-1,-1,18,0,2012,-1,-1,-1,-1,-1,-1,2,1,0,0,0,1,2,0,20,6,7,41.97621463,-87.67429378
3,348624,-1,30,0,0,0,1,9,6,1,0,0,0,1,1,-1,-1,16,16,331,-1,-1,-1,-1,-1,-1,2,1,0,1,0,0,1,0,20,6,7,41.7663461,-87.56963724
0,348627,-1,30,0,0,0,4,7,5,-1,0,0,0,1,-1,-1,-1,-1,0,2534,-1,-1,-1,-1,-1,-1,3,0,0,0,0,0,1,0,20,6,7,41.90276892,-87.72701064
1,348622,-1,25,2,2,0,1,0,5,2,0,0,0,1,1,-1,-1,17,11,1433,-1,-1,-1,-1,-1,-1,2,1,0,0,0,1,3,0,20,6,7,41.91070735,-87.66667244
0,350879,-1,30,0,0,0,4,7,7,1,0,0,0,0,-1,1,1,0,-1,1834,-1,-1,-1,-1,-1,-1,2,0,0,0,0,0,1,0,20,6,7,41.89252476,-87.61813383
0,350765,-1,30,0,0,0,3,12,5,2,0,0,0,0,-1,-1,1,0,-1,722,-1,-1,-1,-1,-1,-1,2,0,0,0,0,0,2,0,20,6,7,41.77611612,-87.63745692
0,348639,-1,55,0,0,0,2,12,6,4,0,0,0,1,-1,-1,1,0,0,132,0,-1,-1,-1,-1,-1,2,0,0,0,0,0,2,0,20,6,7,41.86512499,-87.61953993
0,348597,-1,15,0,0,0,4,2,0,1,0,0,0,0,-1,-1,-1,33,0,1214,-1,-1,-1,-1,-1,-1,1,0,0,0,0,0,1,0,19,6,7,41.89323746,-87.64984903
0,353804,-1,15,0,0,-1,-1,12,-1,-1,0,-1,-1,0,-1,-1,-1,0,-1,1651,-1,-1,-1,-1,-1,-1,2,0,0,0,0,0,2,0,19,6,7,41.97620114,-87.90530913
2,348663,-1,30,1,2,0,1,9,5,4,0,0,0,1,1,-1,1,27,-1,921,-1,-1,-1,-1,-1,-1,2,1,0,0,1,0,1,0,19,6,7,41.81546827,-87.70411763
0,348605,-1,30,0,0,0,4,12,5,4,0,0,0,0,-1,-1,-1,0,-1,2521,-1,-1,-1,-1,-1,-1,2,0,0,0,0,0,4,0,19,6,7,41.92434121,-87.74680803
1,348601,-1,30,0,0,0,1,7,5,4,0,0,0,1,-1,-1,-1,11,0,1722,-1,-1,-1,-1,-1,-1,2,1,0,0,0,1,0,0,19,6,7,41.96233568,-87.72801064
0,348570,-1,5,0,0,0,1,7,12,-1,0,0,0,0,-1,-1,-1,0,16,1912,-1,-1,-1,-1,-1,-1,2,0,0,0,0,0,1,0,19,6,7,41.96152383,-87.66603986
0,348683,-1,25,0,0,0,3,9,6,1,0,0,0,0,-1,-1,-1,0,0,823,-1,-1,-1,-1,-1,-1,2,0,0,0,0,0,3,0,19,6,7,41.77706649,-87.70107068
0,349541,-1,20,0,0,0,1,11,5,-1,0,-1,-1,0,-1,-1,-1,15,0,1133,-1,-1,-1,-1,-1,-1,2,0,0,0,0,0,2,0,19,6,7,41.86927041,-87.72268789
0,348599,-1,30,2,2,0,1,8,12,-1,0,0,0,0,1,-1,-1,5,0,211,-1,-1,-1,-1,-1,-1,2,0,0,0,0,0,2,0,19,6,7,41.83471113,-87.62976473
2,348583,-1,30,0,0,0,1,14,5,-1,0,0,0,1,-1,-1,-1,23,-1,1621,-1,-1,-1,-1,-1,-1,2,1,0,0,1,0,2,0,19,6,7,41.99721742,-87.76330813
0,353646,-1,30,0,0,-1,0,10,5,-1,0,-1,-1,0,-1,-1,1,17,-1,1224,-1,-1,-1,-1,-1,-1,2,0,0,0,0,0,2,0,19,6,7,41.88452678,-87.64564626
0,348568,-1,30,1,2,0,1,12,5,2,0,0,-1,0,-1,-1,-1,18,22,1033,-1,-1,-1,-1,-1,-1,2,0,0,0,0,0,2,0,19,6,7,41.84655829,-87.69539825
2,348574,-1,20,0,0,0,4,7,5,2,0,0,0,1,-1,-1,-1,11,-1,1914,-1,-1,-1,-1,-1,-1,2,1,0,0,1,0,2,0,19,6,7,41.96903026,-87.65107249
0,348586,-1,30,2,2,0,1,0,5,2,0,0,0,1,1,-1,-1,17,11,432,-1,-1,-1,-1,-1,-1,2,0,0,0,0,0,3,0,19,6,7,41.71377432,-87.5378379
0,352389,-1,30,2,2,0,1,10,5,2,0,0,0,0,-1,-1,-1,16,-1,334,-1,-1,-1,-1,-1,-1,2,0,0,0,0,0,3,0,19,6,7,41.76089184,-87.56656033
1,348550,-1,25,1,2,0,1,8,5,2,0,0,0,1,1,-1,1,17,-1,2413,-1,-1,0,-1,-1,-1,2,1,0,0,0,1,1,0,19,6,7,41.99420345,-87.68970598
0,348692,-1,30,0,0,0,0,7,5,-1,0,0,0,0,-1,-1,-1,0,0,234,-1,-1,-1,-1,-1,-1,2,0,0,0,0,0,1,0,19,6,7,41.80041098,-87.58865845
0,348558,-1,30,0,0,0,1,10,5,-1,0,0,0,0,-1,-1,1,-1,-1,833,-1,-1,-1,-1,-1,-1,2,0,0,0,0,0,2,0,19,6,7,41.7710448,-87.74190563
3,348543,-1,30,0,0,0,1,8,2,2,0,0,0,1,-1,-1,-1,0,-1,1914,-1,-1,1,-1,-1,-1,2,1,0,1,0,0,1,0,19,6,7,41.96902918,-87.65113815
-1,348528,-1,30,0,0,0,1,7,6,2,0,0,0,0,-1,-1,-1,21,-1,623,-1,-1,-1,-1,-1,-1,2,-1,-1,-1,-1,-1,-1,-1,19,6,7,41.75365631,-87.62447796
0,348694,-1,35,1,2,0,4,0,2,2,0,0,0,1,1,-1,-1,0,0,2234,-1,-1,-1,-1,-1,-1,2,0,0,0,0,0,2,0,19,6,7,41.67755871,-87.66625713
0,348618,-1,30,0,0,0,4,14,3,-1,0,0,0,1,1,-1,-1,33,-1,1433,-1,-1,-1,-1,-1,-1,2,0,0,0,0,0,2,0,19,6,7,41.90757339,-87.66775167
0,348593,-1,30,0,0,0,1,0,2,4,0,0,-1,0,-1,-1,1,17,0,835,-1,-1,-1,-1,-1,-1,2,0,0,0,0,0,3,0,19,6,7,41.75870014,-87.68293604
0,348532,-1,30,1,2,0,4,10,3,4,0,0,0,0,-1,-1,-1,7,7,413,-1,-1,-1,-1,-1,-1,3,0,0,0,0,0,3,0,18,6,7,41.72358503,-87.5852929
0,348647,-1,30,0,0,0,4,14,5,-1,0,0,0,0,-1,-1,1,22,-1,1731,-1,-1,-1,-1,-1,-1,2,0,0,0,0,0,2,0,18,6,7,41.95340286,-87.73960223
0,348592,-1,10,0,0,0,1,7,7,2,0,0,0,0,-1,-1,1,15,25,211,-1,-1,-1,-1,-1,-1,2,0,0,0,0,0,1,0,18,6,7,41.83329377,-87.61685734
2,348530,-1,30,-1,-1,0,1,8,2,2,0,0,0,1,-1,-1,1,0,0,1722,-1,-1,-1,-1,-1,-1,2,1,0,0,1,0,1,0,18,6,7,41.96246974,-87.73215028
0,348503,-1,30,-1,-1,0,1,10,5,-1,0,0,-1,0,-1,-1,-1,0,-1,1432,-1,-1,-1,-1,-1,-1,2,0,0,0,0,0,2,0,18,6,7,41.93126646,-87.68627205
0,348492,-1,30,0,0,0,1,7,7,-1,0,0,0,0,-1,-1,1,11,-1,2221,-1,-1,-1,-1,-1,-1,2,0,0,0,0,0,1,0,18,6,7,41.73327203,-87.66314134
0,348537,-1,45,0,0,0,1,12,3,4,2,0,0,0,-1,-1,-1,21,21,1814,-1,-1,-1,-1,-1,-1,2,0,0,0,0,0,3,0,18,6,7,41.91478097,-87.62729171
0,348509,-1,30,1,2,0,1,12,2,2,0,0,0,0,-1,-1,1,0,-1,1513,-1,-1,-1,-1,-1,-1,2,0,0,0,0,0,2,0,18,6,7,41.87277222,-87.76473185
0,348467,-1,30,0,0,0,1,0,5,2,0,0,0,0,1,-1,-1,17,-1,622,-1,-1,-1,-1,-1,-1,2,0,0,0,0,0,4,0,18,6,7,41.7436529,-87.63170656
0,348461,-1,35,1,2,0,1,14,5,-1,0,0,0,0,-1,-1,-1,16,-1,123,-1,-1,-1,-1,-1,-1,2,0,0,0,0,0,2,0,18,6,7,41.87450935,-87.63525561
1,350591,-1,30,1,2,0,1,10,5,4,0,0,0,1,1,-1,-1,18,-1,1631,-1,-1,-1,-1,-1,-1,2,3,0,0,0,3,2,0,18,6,7,41.95265541,-87.80733132
0,348551,-1,30,0,0,0,1,10,5,2,0,0,0,0,-1,-1,1,18,-1,2534,-1,-1,-1,-1,-1,-1,2,0,0,0,0,0,2,0,18,6,7,41.90277744,-87.726461
0,348531,-1,0,1,2,0,1,10,2,4,0,0,0,0,-1,-1,-1,18,0,214,-1,-1,-1,-1,-1,-1,2,0,0,0,0,0,2,0,18,6,7,41.82378291,-87.61248252
0,348462,-1,30,0,0,0,2,12,6,-1,0,0,0,0,-1,-1,-1,17,16,2512,-1,-1,-1,-1,-1,-1,2,0,0,0,0,0,2,0,18,6,7,41.93042865,-87.79287042
0,348457,-1,30,1,2,0,1,14,5,2,0,0,0,0,-1,-1,-1,20,-1,122,-1,-1,-1,-1,-1,-1,2,0,0,0,0,0,2,0,18,6,7,41.88670415,-87.632406
0,348431,-1,30,1,2,0,1,14,3,-1,0,0,0,0,-1,-1,-1,0,0,123,-1,-1,-1,-1,-1,-1,2,0,0,0,0,0,2,0,17,6,7,41.87553998,-87.63187315
0,348410,1,30,0,0,0,1,14,1,2,0,0,0,1,-1,-1,-1,17,22,1634,-1,-1,-1,-1,-1,-1,2,0,0,0,0,0,2,0,17,6,7,41.94588918,-87.75704112
0,348446,-1,30,0,0,0,1,12,5,2,0,0,0,0,1,-1,-1,0,0,913,-1,-1,-1,-1,-1,-1,2,0,0,0,0,0,2,0,17,6,7,41.83269317,-87.646297
0,348432,-1,30,0,0,0,1,12,2,2,0,0,0,1,-1,-1,-1,23,4,1511,-1,-1,-1,-1,-1,-1,2,0,0,0,0,0,2,0,17,6,7,41.89649038,-87.77504329
0,348547,-1,30,0,0,0,1,10,2,-1,0,0,0,0,-1,-1,-1,18,18,1814,-1,-1,-1,-1,-1,-1,2,0,0,0,0,0,2,0,17,6,7,41.91309785,-87.62647164
0,348399,-1,30,0,0,0,1,7,5,2,0,0,0,1,-1,-1,-1,32,-1,1623,-1,-1,-1,-1,-1,-1,2,0,0,0,0,0,1,0,17,6,7,41.96218589,-87.76223298
0,348460,-1,30,1,2,0,1,12,6,3,0,0,0,0,-1,-1,-1,21,0,1834,-1,-1,-1,-1,-1,-1,2,0,0,0,0,0,4,0,17,6,7,41.88939788,-87.6243904
0,354492,-1,25,1,2,-1,-1,10,2,4,0,0,-1,0,1,-1,-1,18,16,832,-1,-1,-1,-1,-1,-1,2,0,0,0,0,0,2,0,17,6,7,41.76482705,-87.68235567
0,349453,1,20,0,0,0,3,7,5,2,0,0,0,0,-1,-1,1,16,16,523,-1,-1,-1,-1,-1,-1,2,0,0,0,0,0,1,0,17,6,7,41.66946688,-87.62734934
0,349449,-1,15,0,0,0,1,7,7,-1,0,0,0,0,-1,-1,1,-1,-1,2521,-1,-1,-1,-1,-1,-1,2,0,0,0,0,0,1,0,17,6,7,41.93140629,-87.74793697
0,349118,-1,30,0,0,0,0,14,5,-1,0,0,2,0,-1,-1,-1,0,0,821,-1,-1,-1,-1,-1,-1,2,0,0,0,0,0,2,0,17,6,7,41.8080811,-87.7157634
0,348463,-1,45,0,0,0,1,12,5,-1,0,0,0,0,-1,-1,-1,22,17,1824,-1,-1,-1,-1,-1,-1,2,0,0,0,0,0,2,0,17,6,7,41.90604835,-87.62519207
0,348404,-1,30,1,2,0,1,12,5,2,0,0,0,0,-1,-1,-1,22,-1,131,-1,-1,-1,-1,-1,-1,3,0,0,0,0,0,3,0,17,6,7,41.86567587,-87.62594353
0,348390,-1,30,0,0,0,1,7,12,1,0,0,0,0,-1,-1,-1,23,23,1411,-1,-1,-1,-1,-1,-1,2,0,0,0,0,0,1,0,17,6,7,41.92863023,-87.69110185
0,348381,-1,35,1,2,0,1,12,5,4,0,0,0,0,-1,-1,-1,11,-1,2213,-1,-1,-1,-1,-1,-1,2,0,0,0,0,0,2,0,17,6,7,41.70647034,-87.68147714
0,348373,-1,15,2,2,2,1,7,6,1,0,0,0,0,1,-1,-1,16,0,911,-1,-1,-1,-1,-1,-1,2,0,0,0,0,0,1,0,17,6,7,41.8245099,-87.70185483
1,350619,-1,30,1,2,0,1,10,5,2,0,0,0,1,-1,-1,-1,18,-1,1622,-1,-1,-1,-1,-1,-1,2,1,0,0,0,1,1,0,17,6,7,41.96034964,-87.7852472
0,349531,-1,30,-1,-1,0,1,12,5,-1,0,0,-1,0,-1,-1,-1,18,-1,1422,-1,-1,-1,-1,-1,-1,2,0,0,0,0,0,2,0,17,6,7,41.90941335,-87.71203882
0,348447,-1,20,0,0,0,1,7,7,1,0,0,0,0,-1,-1,0,0,0,1614,-1,-1,-1,-1,-1,-1,2,0,0,0,0,0,1,0,17,6,7,41.9810632,-87.84567442
0,349329,-1,30,0,0,0,1,12,6,1,0,0,0,0,-1,-1,-1,17,0,2511,-1,-1,-1,-1,-1,-1,2,0,0,0,0,0,2,0,17,6,7,41.93123324,-87.79288469
0,348412,-1,30,0,0,0,1,12,2,2,0,0,0,0,1,-1,1,0,-1,322,-1,-1,-1,-1,-1,-1,2,0,0,0,0,0,2,0,17,6,7,41.77291003,-87.61559471
0,348401,-1,30,0,0,0,1,12,5,-1,0,0,0,0,-1,-1,-1,22,16,1624,-1,-1,-1,-1,-1,-1,2,0,0,0,0,0,3,0,17,6,7,41.9532972,-87.76688134
0,354739,-1,30,1,2,0,1,12,2,4,0,0,0,0,-1,-1,-1,21,21,1234,-1,-1,-1,-1,-1,-1,2,0,0,0,0,0,2,0,17,6,7,41.85774877,-87.66628522
0,349436,-1,30,0,2,0,-1,7,6,2,0,-1,0,0,-1,-1,1,18,0,235,-1,-1,-1,-1,-1,-1,2,0,0,0,0,0,1,0,17,6,7,41.79255018,-87.58822087
0,349192,1,30,0,0,0,1,7,6,-1,0,0,0,0,-1,-1,1,17,18,1623,1,-1,-1,-1,-1,-1,2,0,0,0,0,0,1,0,17,6,7,41.96150625,-87.76715151
0,348652,-1,30,0,0,0,1,11,5,-1,0,0,0,0,-1,-1,1,21,-1,824,-1,-1,-1,-1,-1,-1,2,0,0,0,0,0,2,0,17,6,7,41.79358651,-87.69348088
0,348598,-1,30,1,2,0,1,10,5,-1,0,0,0,0,1,-1,-1,18,-1,1633,-1,-1,-1,-1,-1,-1,2,0,0,0,0,0,3,0,17,6,7,41.95310073,-87.76465693
0,348484,-1,35,0,0,0,1,10,5,4,0,0,0,1,-1,-1,-1,0,0,2213,-1,-1,-1,-1,-1,-1,3,0,0,0,0,0,4,0,17,6,7,41.70805366,-87.68152578
0,348479,-1,30,0,0,0,1,7,5,2,0,0,0,0,-1,-1,1,0,-1,114,-1,-1,-1,-1,-1,-1,2,0,0,0,0,0,1,0,17,6,7,41.88833327,-87.62223599
1,348451,-1,30,1,2,0,1,10,2,2,0,0,-1,1,1,-1,-1,12,0,622,-1,-1,-1,-1,-1,-1,2,1,0,0,0,1,1,0,17,6,7,41.74374527,-87.62561068
0,348389,-1,30,12,2,0,1,12,5,-1,0,0,0,0,1,-1,-1,22,21,1831,-1,-1,-1,-1,-1,-1,2,0,0,0,0,0,2,0,17,6,7,41.89241124,-87.62952785
0,348372,-1,25,0,0,0,1,3,2,2,0,0,0,1,-1,-1,1,0,0,923,-1,-1,-1,-1,-1,-1,2,0,0,0,0,0,2,0,17,6,7,41.79385299,-87.69096651
0,348361,-1,30,0,0,0,1,7,5,2,0,0,0,0,-1,-1,1,0,0,432,-1,-1,-1,-1,-1,-1,2,0,0,0,0,0,1,0,17,6,7,41.70260203,-87.53905959
0,348338,-1,25,0,0,0,1,7,6,1,0,0,0,0,-1,-1,-1,0,-1,813,-1,-1,-1,-1,-1,-1,2,0,0,0,0,0,1,0,16,6,7,41.77746776,-87.74332974
0,348367,-1,20,0,0,0,1,7,7,1,0,0,0,0,-1,1,-1,20,0,1914,-1,-1,-1,-1,-1,-1,2,0,0,0,0,0,7,0,16,6,7,41.96769906,-87.65495069
0,348315,-1,30,0,0,0,1,0,5,2,0,0,0,0,-1,-1,-1,20,11,1911,-1,-1,-1,-1,-1,-1,2,0,0,0,0,0,2,0,16,6,7,41.95910043,-87.68239224
0,348691,-1,30,1,2,0,1,7,5,2,0,0,0,0,-1,-1,-1,22,22,633,-1,-1,-1,-1,-1,-1,2,0,0,0,0,0,1,0,16,6,7,41.72208307,-87.60937117
0,348348,-1,30,0,0,0,1,12,5,2,0,0,0,0,-1,-1,1,0,0,1911,-1,-1,-1,-1,-1,-1,2,0,0,0,0,0,2,0,16,6,7,41.96848652,-87.69084636
0,348323,-1,15,0,0,0,1,7,7,-1,0,0,0,0,-1,1,-1,16,-1,2512,-1,-1,-1,-1,-1,-1,2,0,0,0,0,0,1,0,16,6,7,41.92402118,-87.80562441
0,349349,-1,10,0,0,0,1,10,7,-1,0,0,0,0,-1,-1,-1,18,0,131,-1,-1,-1,-1,-1,-1,2,0,0,0,0,0,2,0,16,6,7,41.86672435,-87.62596115
0,349286,-1,30,1,2,0,1,12,2,-1,0,0,0,0,-1,-1,-1,17,0,1424,-1,-1,-1,-1,-1,-1,2,0,0,0,0,0,2,0,16,6,7,41.91021499,-87.68698687
1,348442,-1,40,1,2,0,1,12,3,4,0,0,0,1,-1,-1,-1,17,17,1833,-1,-1,-1,-1,-1,-1,2,1,0,0,0,1,1,0,16,6,7,41.89602894,-87.61596009
0,348378,-1,30,0,0,0,1,12,2,-1,0,0,0,0,0,-1,-1,16,0,122,-1,-1,-1,-1,-1,-1,2,0,0,0,0,0,2,0,16,6,7,41.88693213,-87.63559253
0,348337,-1,35,0,0,0,1,14,6,-1,0,0,0,0,-1,-1,-1,16,-1,113,-1,-1,-1,-1,-1,-1,2,0,0,0,0,0,3,0,16,6,7,41.87806443,-87.62869595
0,348325,-1,30,1,2,0,1,12,2,4,0,0,0,0,-1,-1,1,0,-1,2023,-1,-1,-1,1,2,-1,2,0,0,0,0,0,2,0,16,6,7,41.97651226,-87.65456723
0,348382,-1,35,0,0,0,1,12,3,-1,0,0,0,0,-1,-1,-1,22,-1,114,-1,-1,-1,-1,-1,-1,2,0,0,0,0,0,3,0,16,6,7,41.87191247,-87.61690703
0,348365,-1,30,1,2,0,1,12,5,4,0,0,0,0,-1,-1,-1,0,-1,1234,-1,-1,-1,-1,-1,-1,2,0,0,0,0,0,4,0,16,6,7,41.85774877,-87.66628522