MOST_SEVERE_INJURY,RD_NO,CRASH_DATE_EST_I,POSTED_SPEED_LIMIT,TRAFFIC_CONTROL_DEVICE,DEVICE_CONDITION,WEATHER_CONDITION,LIGHTING_CONDITION,FIRST_CRASH_TYPE,TRAFFICWAY_TYPE,LANE_CNT,ALIGNMENT,ROADWAY_SURFACE_COND,ROAD_DEFECT,CRASH_TYPE,INTERSECTION_RELATED_I,NOT_RIGHT_OF_WAY_I,HIT_AND_RUN_I,PRIM_CONTRIBUTORY_CAUSE,SEC_CONTRIBUTORY_CAUSE,BEAT_OF_OCCURRENCE,PHOTOS_TAKEN_I,STATEMENTS_TAKEN_I,DOORING_I,WORK_ZONE_I,WORK_ZONE_TYPE,WORKERS_PRESENT_I,NUM_UNITS,INJURIES_TOTAL,INJURIES_FATAL,INJURIES_INCAPACITATING,INJURIES_NON_INCAPACITATING,INJURIES_REPORTED_NOT_EVIDENT,INJURIES_NO_INDICATION,INJURIES_UNKNOWN,CRASH_HOUR,CRASH_DAY_OF_WEEK,CRASH_MONTH,LATITUDE,LONGITUDE
0,348345,-1,30,2,0,0,1,14,5,4,0,0,0,1,-1,-1,1,7,25,1634,-1,-1,-1,-1,-1,-1,2,0,0,0,0,0,2,0,16,6,7,41.94139495,-87.75663158
3,348286,-1,30,0,0,0,1,2,2,4,0,0,0,1,-1,-1,-1,27,-1,1511,-1,-1,-1,-1,-1,-1,1,1,0,1,0,0,1,0,16,6,7,41.89756886,-87.77508149
0,348350,-1,30,0,0,0,1,7,5,2,0,0,0,1,-1,-1,-1,0,-1,1613,-1,-1,-1,-1,-1,-1,2,0,0,0,0,0,1,0,16,6,7,41.97738869,-87.79283353
1,348342,-1,30,1,2,0,1,0,3,6,3,0,0,1,1,-1,-1,6,17,1834,-1,-1,-1,-1,-1,-1,2,1,0,0,0,1,3,0,16,6,7,41.88939788,-87.6243904
0,348302,-1,30,1,2,0,1,10,2,2,0,0,0,0,-1,-1,-1,7,18,2521,-1,-1,-1,-1,-1,-1,2,0,0,0,0,0,3,0,16,6,7,41.92428589,-87.75110573
0,353607,1,30,1,2,0,1,10,5,-1,0,0,0,0,-1,-1,-1,18,-1,2022,-1,-1,-1,-1,-1,-1,2,0,0,0,0,0,2,0,16,6,7,41.98648084,-87.65543244
0,348881,-1,45,0,0,0,3,10,3,6,0,0,-1,0,-1,-1,-1,18,0,114,-1,-1,-1,-1,-1,-1,2,0,0,0,0,0,2,0,16,6,7,41.86930077,-87.61729935
0,348328,-1,15,0,0,0,1,7,7,-1,0,0,0,0,-1,-1,-1,0,0,1023,-1,-1,-1,-1,-1,-1,2,0,0,0,0,0,1,0,16,6,7,41.86464673,-87.68600251
2,348310,-1,30,0,0,0,1,8,2,2,0,0,-1,1,-1,-1,-1,17,18,1424,-1,-1,-1,-1,-1,-1,2,1,0,0,1,0,1,0,16,6,7,41.90959687,-87.67647151
2,348300,-1,40,0,0,0,1,14,2,6,0,0,0,1,1,-1,-1,23,-1,834,-1,-1,-1,-1,-1,-1,2,2,0,0,2,0,1,0,16,6,7,41.74964091,-87.74124877
0,351656,-1,30,1,2,0,1,12,5,3,2,0,0,0,-1,-1,1,21,0,1214,-1,-1,-1,-1,-1,-1,2,0,0,0,0,0,5,0,16,6,7,41.89129738,-87.64713092
0,348418,-1,30,2,2,0,1,0,5,-1,0,0,12,0,1,-1,-1,33,28,421,-1,-1,-1,1,2,-1,2,0,0,0,0,0,2,0,16,6,7,41.75202883,-87.55225778
0,348280,-1,30,0,0,0,1,12,5,4,0,0,0,0,-1,-1,-1,21,21,1612,-1,-1,-1,-1,-1,-1,2,0,0,0,0,0,2,0,16,6,7,41.99441581,-87.80668141
0,348277,-1,30,0,0,0,1,12,2,-1,0,0,-1,0,-1,-1,-1,17,-1,1711,-1,-1,-1,-1,-1,-1,2,0,0,0,0,0,2,0,16,6,7,41.98290335,-87.72858134
1,348244,-1,30,2,2,0,1,0,5,-1,0,0,0,1,-1,-1,1,14,5,511,-1,-1,-1,-1,-1,-1,2,1,0,0,0,1,1,0,16,6,7,41.71248863,-87.62738836
0,348312,-1,30,2,2,0,1,14,5,-1,0,0,-1,0,1,-1,-1,17,-1,1621,-1,-1,-1,-1,-1,-1,2,0,0,0,0,0,2,0,16,6,7,41.99088902,-87.76616909
0,348275,-1,30,0,0,0,1,14,5,4,0,0,0,0,1,-1,-1,17,22,1422,-1,-1,-1,-1,-1,-1,2,0,0,0,0,0,3,0,16,6,7,41.91019832,-87.70890582
0,348290,-1,30,0,0,0,1,7,6,2,0,0,0,0,-1,-1,-1,25,-1,131,-1,-1,-1,-1,-1,-1,2,0,0,0,0,0,2,0,16,6,7,41.85651712,-87.62572867
0,352011,-1,10,0,0,0,1,2,4,1,0,0,0,0,-1,-1,1,0,11,2212,-1,-1,-1,-1,-1,-1,2,0,0,0,0,0,1,0,16,6,7,41.68853512,-87.67263702
0,348472,-1,15,2,2,0,1,14,6,1,0,0,0,0,1,-1,1,22,-1,1011,-1,-1,-1,-1,-1,-1,2,0,0,0,0,0,2,0,16,6,7,41.864078,-87.73352978
0,348331,-1,0,1,2,0,1,10,2,4,0,0,0,0,-1,-1,-1,18,1,235,-1,-1,-1,-1,-1,-1,2,0,0,0,0,0,2,0,15,6,7,41.79123606,-87.60600489
0,348200,-1,30,0,0,0,1,14,5,4,0,0,0,0,-1,-1,-1,0,0,713,-1,-1,-1,-1,-1,-1,2,0,0,0,0,0,3,0,15,6,7,41.79360089,-87.66348673
0,348188,-1,10,0,0,0,1,12,7,0,0,0,0,0,-1,0,1,20,20,411,-1,-1,-1,-1,-1,-1,2,0,0,0,0,0,2,0,15,6,7,41.75780566,-87.58626826
0,348371,-1,30,3,2,0,1,10,7,1,0,0,0,0,-1,1,-1,11,0,1232,-1,-1,-1,-1,-1,-1,2,0,0,0,0,0,2,0,15,6,7,41.88055425,-87.64747041
0,357454,-1,10,0,0,0,1,0,7,1,0,0,0,0,-1,1,-1,20,-1,1732,-1,-1,-1,-1,-1,-1,2,0,0,0,0,0,2,0,15,6,7,41.94633779,-87.7272529
0,351790,-1,30,0,0,0,1,10,5,2,0,0,0,0,-1,-1,-1,18,-1,1624,-1,-1,-1,-1,-1,-1,2,0,0,0,0,0,2,0,15,6,7,41.95390165,-87.76687619
0,351567,-1,30,0,0,0,1,7,2,-1,0,0,0,0,-1,-1,1,0,0,1922,-1,-1,-1,-1,-1,-1,2,0,0,0,0,0,1,0,15,6,7,41.94237961,-87.66858968
0,348434,-1,30,3,2,0,1,14,2,2,0,0,0,0,0,-1,1,22,0,1224,-1,-1,-1,-1,-1,-1,2,0,0,0,0,0,2,0,15,6,7,41.885213,-87.6469963
0,348278,-1,30,1,2,0,1,12,2,2,0,0,0,0,0,-1,1,22,16,1224,-1,-1,-1,-1,-1,-1,2,0,0,0,0,0,2,0,15,6,7,41.88446098,-87.64758497
0,348261,-1,20,0,0,0,1,7,6,1,0,0,-1,0,-1,-1,1,0,0,2011,-1,-1,-1,-1,-1,-1,2,0,0,0,0,0,1,0,15,6,7,41.98702446,-87.70307489
0,348250,-1,30,4,0,0,1,10,5,-1,0,0,0,0,-1,-1,1,18,-1,1211,-1,-1,-1,-1,-1,-1,2,0,0,0,0,0,5,0,15,6,7,41.89614674,-87.70236797
0,348237,-1,30,1,2,0,1,10,5,2,0,0,0,0,-1,-1,-1,18,-1,1234,-1,-1,-1,-1,-1,-1,2,0,0,0,0,0,3,0,15,6,7,41.85396282,-87.67603993
0,348226,-1,30,0,0,0,1,7,2,2,0,0,12,1,-1,-1,1,0,-1,732,-1,-1,-1,-1,-1,-1,2,0,0,0,0,0,1,0,15,6,7,41.76387136,-87.64423163
0,348210,-1,30,1,2,0,1,10,5,-1,0,0,0,0,-1,-1,1,18,-1,1023,-1,-1,-1,-1,-1,-1,2,0,0,0,0,0,2,0,15,6,7,41.85931623,-87.68597944
0,348186,-1,30,0,0,0,1,7,5,-1,0,0,0,0,-1,-1,-1,0,-1,915,-1,-1,-1,-1,-1,-1,2,0,0,0,0,0,1,0,15,6,7,41.83005109,-87.65109947
0,348177,-1,30,1,2,0,1,14,5,2,0,0,0,0,1,-1,-1,0,-1,933,-1,-1,-1,-1,-1,-1,2,0,0,0,0,0,2,0,15,6,7,41.80881504,-87.64568295
0,348218,1,30,0,0,0,-1,12,6,1,0,0,3,0,-1,-1,-1,0,0,511,-1,-1,-1,-1,-1,-1,2,0,0,0,0,0,3,0,15,6,7,41.72158079,-87.62487712
0,348174,-1,30,0,0,0,1,7,1,4,0,0,0,0,-1,-1,-1,-1,-1,1912,-1,-1,-1,-1,-1,-1,2,0,0,0,0,0,1,0,15,6,7,41.96876634,-87.66934375
1,348157,-1,30,0,0,0,1,10,2,4,0,0,0,1,-1,-1,-1,0,0,811,-1,-1,-1,-1,-1,-1,2,1,0,0,0,1,8,0,15,6,7,41.79559168,-87.76240031
2,348253,-1,35,0,0,0,1,10,3,-1,0,0,0,1,-1,-1,-1,16,-1,124,-1,-1,-1,-1,-1,-1,2,1,0,0,1,0,2,0,15,6,7,41.8660211,-87.63905991
0,348179,-1,30,1,2,0,1,12,5,2,0,0,0,0,1,-1,-1,22,-1,132,-1,-1,-1,-1,-1,-1,2,0,0,0,0,0,2,0,15,6,7,41.84923758,-87.6185348
0,348149,-1,30,0,0,0,1,7,5,2,0,0,0,1,-1,-1,-1,11,0,2413,-1,-1,-1,-1,-1,-1,2,0,0,0,0,0,1,0,15,6,7,41.99738011,-87.70368907
1,348224,-1,30,1,2,0,1,10,5,-1,0,0,0,1,1,-1,-1,0,-1,1222,-1,-1,-1,-1,-1,-1,3,1,0,0,0,1,4,0,15,6,7,41.881205,-87.68657947
0,348346,-1,30,0,0,0,1,0,2,4,0,0,0,0,-1,-1,1,17,17,713,-1,-1,-1,-1,-1,-1,2,0,0,0,0,0,2,0,15,6,7,41.78069309,-87.664103
0,348298,-1,15,0,0,0,1,2,0,-1,0,0,0,0,-1,-1,-1,7,25,1633,-1,-1,-1,-1,-1,-1,1,0,0,0,0,0,1,0,15,6,7,41.94496058,-87.77704
0,348176,-1,25,0,0,0,1,7,5,2,0,0,0,0,-1,-1,1,0,-1,1111,-1,-1,-1,-1,-1,-1,2,0,0,0,0,0,2,0,15,6,7,41.90183162,-87.73597863
0,364203,1,20,0,0,0,1,7,6,1,0,0,0,0,-1,-1,-1,0,0,1833,-1,-1,-1,-1,-1,-1,2,0,0,0,0,0,1,0,15,6,7,41.8992296,-87.62671824
0,348262,-1,35,1,2,0,1,10,5,1,0,0,0,0,1,-1,0,18,16,1822,-1,-1,-1,-1,-1,-1,2,0,0,0,0,0,2,0,15,6,7,41.90373032,-87.64917702
0,348233,-1,30,2,2,0,1,14,2,4,0,0,0,0,1,-1,-1,0,0,1831,-1,-1,-1,-1,-1,-1,2,0,0,0,0,0,3,0,15,6,7,41.88917844,-87.63659029
0,348216,-1,30,0,0,0,1,12,2,3,0,0,-1,0,-1,-1,1,21,0,623,-1,-1,-1,-1,-1,-1,2,0,0,0,0,0,2,0,15,6,7,41.75091814,-87.62469012
0,348214,-1,30,1,2,0,1,14,2,4,0,0,0,0,-1,-1,-1,17,22,1911,-1,-1,-1,-1,-1,-1,2,0,0,0,0,0,2,0,15,6,7,41.9614178,-87.6892172
0,348205,-1,30,0,0,0,1,7,2,2,0,0,0,0,-1,-1,1,0,-1,2411,-1,-1,-1,-1,-1,-1,2,0,0,0,0,0,1,0,15,6,7,42.01171074,-87.69957788
0,348163,-1,5,0,0,0,1,10,7,-1,0,0,0,0,-1,-1,-1,18,-1,735,-1,-1,-1,-1,-1,-1,2,0,0,0,0,0,2,0,15,6,7,41.76789332,-87.66401897
0,348141,-1,35,1,2,0,1,10,3,6,0,0,0,1,-1,-1,-1,7,-1,813,-1,-1,-1,-1,-1,-1,2,0,0,0,0,0,2,0,15,6,7,41.78565296,-87.74119273
0,348283,-1,30,1,2,0,1,10,5,2,0,0,0,0,-1,-1,-1,0,0,622,-1,-1,-1,-1,-1,-1,2,0,0,0,0,0,2,0,14,6,7,41.73627238,-87.63881572
0,348154,-1,10,9,2,0,1,3,7,2,0,0,0,0,-1,-1,-1,0,0,2211,-1,-1,-1,-1,-1,-1,2,0,0,0,0,0,2,0,14,6,7,41.70576966,-87.72053294
1,348144,-1,30,1,2,0,1,0,5,-1,0,0,0,1,1,-1,-1,0,0,1223,-1,-1,-1,-1,-1,-1,2,2,0,0,0,2,1,0,14,6,7,41.88233986,-87.67678799
0,348151,-1,30,1,2,0,1,0,2,4,0,0,0,0,1,-1,1,17,-1,2033,-1,-1,-1,-1,-1,-1,2,0,0,0,0,0,2,0,14,6,7,41.97151644,-87.65988564
0,348263,-1,20,1,2,0,1,10,5,6,0,0,0,0,-1,-1,-1,18,11,632,-1,-1,-1,-1,-1,-1,2,0,0,0,0,0,4,0,14,6,7,41.74354523,-87.62435055
0,348137,-1,10,0,0,0,1,0,7,-1,0,0,0,0,-1,1,-1,0,0,1034,-1,-1,-1,-1,-1,-1,2,0,0,0,0,0,2,0,14,6,7,41.84111499,-87.68513204
0,348126,-1,30,1,2,0,1,14,2,-1,0,0,0,0,-1,-1,-1,0,0,1432,-1,-1,-1,-1,-1,-1,2,0,0,0,0,0,2,0,14,6,7,41.924942,-87.6874964
0,348117,-1,25,0,0,0,1,12,2,2,0,0,0,0,-1,-1,-1,0,0,923,-1,-1,-1,-1,-1,-1,2,0,0,0,0,0,2,0,14,6,7,41.79906963,-87.6940941
0,352240,-1,30,0,0,-1,-1,14,2,-1,0,-1,-1,0,-1,-1,1,0,-1,1623,-1,-1,-1,-1,-1,-1,2,0,0,0,0,0,2,0,14,6,7,41.96079002,-87.74768936
0,348185,-1,35,1,2,0,1,14,3,-1,0,0,0,0,-1,-1,-1,16,-1,631,-1,-1,-1,-1,-1,-1,2,0,0,0,0,0,2,0,14,6,7,41.74370232,-87.62418593
0,348198,-1,30,0,0,0,1,7,5,-1,0,0,0,0,-1,-1,-1,23,8,1924,-1,-1,-1,-1,-1,-1,2,0,0,0,0,0,1,0,14,6,7,41.9400795,-87.65011278
0,348756,-1,30,0,0,0,1,7,2,-1,0,0,0,0,-1,-1,-1,0,-1,1231,-1,-1,-1,-1,-1,-1,2,0,0,0,0,0,6,0,14,6,7,41.86908325,-87.67153169
0,348169,-1,30,0,0,0,1,10,2,-1,0,0,0,0,-1,-1,-1,18,11,2512,-1,-1,-1,-1,-1,-1,2,0,0,0,0,0,2,0,14,6,7,41.9247261,-87.78562391
0,348255,-1,20,0,0,0,1,12,5,-1,0,0,0,0,-1,-1,-1,21,0,122,-1,-1,-1,-1,-1,-1,2,0,0,0,0,0,2,0,14,6,7,41.88585073,-87.63171217
1,348202,-1,30,1,2,0,1,14,5,0,0,0,0,1,-1,-1,-1,0,-1,1233,-1,-1,-1,-1,-1,-1,2,1,0,0,0,1,1,0,14,6,7,41.8579119,-87.66094945
0,348162,-1,0,0,0,0,1,7,7,-1,0,0,0,0,-1,-1,-1,0,0,2521,-1,-1,-1,-1,-1,-1,2,0,0,0,0,0,1,0,14,6,7,41.93168892,-87.74301695
0,348115,-1,30,4,2,0,1,10,2,-1,0,0,0,0,-1,-1,-1,16,0,2411,-1,-1,-1,-1,-1,-1,2,0,0,0,0,0,2,0,14,6,7,42.0194052,-87.68777826
0,348195,-1,15,0,0,0,1,10,4,-1,0,0,0,1,-1,-1,-1,18,-1,131,-1,1,-1,-1,-1,-1,3,0,0,0,0,0,3,0,14,6,7,41.86593147,-87.6272401
0,348189,-1,30,1,2,0,1,10,5,2,0,0,0,0,-1,-1,-1,6,6,511,-1,-1,-1,-1,-1,-1,2,0,0,0,0,0,2,0,14,6,7,41.70785428,-87.58739048
0,348078,-1,25,0,0,0,1,12,2,2,0,0,0,0,-1,-1,-1,0,0,815,-1,-1,-1,-1,-1,-1,2,0,0,0,0,0,2,0,14,6,7,41.81510102,-87.72400523
0,353894,-1,30,0,0,0,1,0,7,-1,0,0,0,0,-1,-1,-1,0,-1,1432,-1,-1,-1,-1,-1,-1,2,0,0,0,0,0,3,0,14,6,7,41.93029546,-87.68581874
0,348104,-1,30,0,0,0,1,7,5,2,0,0,0,0,-1,-1,-1,23,-1,2411,-1,-1,-1,-1,-1,-1,2,0,0,0,0,0,1,0,14,6,7,42.01171074,-87.69957788
0,348076,-1,30,1,2,0,1,7,2,1,0,0,0,0,-1,-1,-1,11,-1,1733,-1,-1,-1,-1,-1,-1,2,0,0,0,0,0,4,0,14,6,7,41.94246198,-87.70256847
0,348132,-1,35,1,2,0,1,14,6,3,0,0,0,0,1,-1,-1,23,0,122,-1,-1,-1,-1,-1,-1,2,0,0,0,0,0,2,0,14,6,7,41.88080675,-87.63100235
0,348087,-1,30,1,2,0,1,10,5,2,0,0,0,0,-1,-1,-1,18,-1,213,-1,-1,-1,-1,-1,-1,2,0,0,0,0,0,3,0,14,6,7,41.82731455,-87.62662145
0,348099,-1,30,1,2,0,1,9,5,-1,0,0,0,0,-1,-1,-1,0,0,2424,-1,-1,-1,-1,-1,-1,2,0,0,0,0,0,2,0,14,6,7,42.00874105,-87.67405376
0,348098,-1,15,0,0,0,1,7,7,1,0,0,0,0,-1,-1,-1,17,0,513,-1,-1,-1,-1,-1,-1,2,0,0,0,0,0,3,0,14,6,7,41.69265703,-87.62623926
0,348063,-1,25,1,2,0,1,10,2,2,0,0,0,0,-1,-1,-1,2,18,1033,-1,-1,-1,-1,-1,-1,2,0,0,0,0,0,2,0,14,6,7,41.84473394,-87.69536307
1,348146,-1,30,0,0,0,1,9,2,-1,0,0,0,1,-1,-1,1,0,0,921,-1,-1,-1,-1,-1,-1,2,1,0,0,0,1,1,0,14,6,7,41.82048989,-87.69403893
0,348086,0,35,0,0,0,1,12,5,2,0,0,0,0,1,-1,0,16,22,2232,-1,-1,-1,-1,-1,-1,3,0,0,0,0,0,5,0,14,6,7,41.70956485,-87.64275492
0,348437,0,30,0,0,0,1,7,7,-1,0,12,12,0,-1,-1,1,0,0,323,-1,-1,-1,-1,-1,-1,2,0,0,0,0,0,1,0,14,6,7,41.7619315,-87.6161506
0,348164,1,30,0,0,-1,-1,7,5,-1,0,-1,0,0,-1,-1,1,0,-1,2433,-1,-1,-1,-1,-1,-1,2,0,0,0,0,0,1,0,14,6,7,41.99434537,-87.66874396
0,348134,-1,30,0,0,0,1,12,5,-1,0,0,0,0,-1,-1,-1,21,0,1833,-1,-1,-1,-1,-1,-1,2,0,0,0,0,0,5,0,14,6,7,41.89762925,-87.62427007
2,348100,-1,30,2,2,0,1,9,5,2,0,0,0,1,1,-1,-1,33,-1,1935,-1,-1,-1,-1,-1,-1,2,1,0,0,1,0,1,0,14,6,7,41.92564011,-87.64405082
0,348094,-1,0,2,2,0,1,14,7,0,0,0,0,0,-1,-1,-1,0,0,2512,-1,-1,-1,-1,-1,-1,2,0,0,0,0,0,2,0,14,6,7,41.9237502,-87.78988086
0,348082,-1,30,0,0,0,1,7,5,2,0,0,0,0,-1,-1,1,0,0,1925,-1,-1,-1,-1,-1,-1,2,0,0,0,0,0,1,0,14,6,7,41.95119546,-87.64505732
0,348074,-1,55,0,0,0,1,12,3,-1,0,0,0,0,-1,-1,-1,22,17,423,-1,-1,-1,-1,-1,-1,2,0,0,0,0,0,2,0,14,6,7,41.7352238,-87.56316645
2,348112,-1,30,2,2,0,1,9,5,2,0,0,0,1,1,-1,1,5,17,1932,-1,-1,-1,-1,-1,-1,2,1,0,0,1,0,1,0,13,6,7,41.92898022,-87.66209151
0,348059,-1,30,0,0,0,1,12,6,1,0,0,0,0,-1,-1,-1,11,0,1712,-1,-1,-1,-1,-1,-1,2,0,0,0,0,0,4,0,13,6,7,41.96936896,-87.71598296
0,348054,-1,30,0,0,0,1,10,12,-1,0,0,0,1,1,-1,-1,18,0,1612,-1,-1,-1,-1,-1,-1,2,0,0,0,0,0,4,0,13,6,7,42.00096525,-87.81352024
0,349168,-1,0,0,0,0,1,7,7,1,0,0,0,0,-1,1,-1,21,21,834,-1,-1,-1,-1,-1,-1,2,0,0,0,0,0,1,0,13,6,7,41.74588879,-87.74109681
0,348051,-1,30,0,0,0,1,7,6,-1,0,0,-1,0,-1,-1,1,0,-1,2012,-1,-1,-1,-1,-1,-1,2,0,0,0,0,0,1,0,13,6,7,41.99016156,-87.67331724
0,348223,-1,30,1,2,0,1,12,5,2,0,0,0,0,-1,-1,-1,22,-1,123,-1,-1,-1,-1,-1,-1,2,0,0,0,0,0,2,0,13,6,7,41.86750701,-87.62727445
2,348030,-1,30,1,2,0,1,10,2,2,0,0,0,1,-1,-1,-1,18,-1,1813,-1,-1,-1,-1,-1,-1,2,1,0,0,1,0,1,0,13,6,7,41.91146424,-87.65049839
0,348008,-1,30,0,0,0,1,10,5,4,0,12,0,0,-1,-1,-1,18,-1,833,-1,-1,-1,-1,-1,-1,2,0,0,0,0,0,4,0,13,6,7,41.76443109,-87.72252278
0,352507,-1,15,0,0,0,1,0,7,-1,0,0,2,0,-1,-1,-1,20,17,2512,-1,-1,-1,-1,-1,-1,2,0,0,0,0,0,2,0,13,6,7,41.9237604,-87.78874776
0,349975,-1,30,0,0,0,1,7,6,1,0,0,-1,0,-1,-1,1,0,0,413,-1,-1,-1,-1,-1,-1,2,0,0,0,0,0,1,0,13,6,7,41.73099224,-87.5869388
0,348279,-1,30,1,2,0,1,12,6,-1,0,0,0,0,-1,-1,-1,21,17,111,-1,-1,-1,-1,-1,-1,2,0,0,0,0,0,2,0,13,6,7,41.88450898,-87.62960563
0,348048,-1,30,0,0,0,1,11,5,-1,0,0,0,0,-1,-1,-1,21,-1,725,-1,-1,-1,-1,-1,-1,2,0,0,0,0,0,2,0,13,6,7,41.77223763,-87.65931214
0,348020,-1,30,1,2,0,1,10,3,-1,0,0,0,1,1,-1,-1,16,11,1612,-1,-1,-1,-1,-1,-1,2,0,0,0,0,0,2,0,13,6,7,41.9828152,-87.80708917
2,348316,-1,30,1,2,0,1,8,5,2,0,0,0,1,1,-1,1,17,18,1235,-1,-1,-1,-1,-1,-1,2,1,0,0,1,0,1,0,13,6,7,41.85249876,-87.64634467
0,348002,-1,25,1,2,0,1,10,2,4,0,0,0,0,-1,-1,-1,0,0,835,-1,-1,-1,-1,-1,-1,2,0,0,0,0,0,2,0,13,6,7,41.76066858,-87.7028548
0,348222,-1,25,0,0,0,1,10,2,2,0,0,0,0,-1,-1,-1,0,0,815,-1,-1,-1,-1,-1,-1,2,0,0,0,0,0,2,0,13,6,7,41.80778877,-87.72373033
2,348032,-1,30,1,2,0,1,0,6,-1,0,0,0,1,1,-1,-1,6,16,524,-1,-1,-1,-1,-1,-1,2,5,0,0,1,4,0,0,13,6,7,41.68473462,-87.66144687
0,349779,-1,30,2,2,-1,1,0,5,-1,0,-1,-1,0,-1,-1,-1,17,17,224,-1,-1,-1,-1,-1,-1,2,0,0,0,0,0,3,0,13,6,7,41.80735537,-87.6228642
0,352603,1,30,10,2,0,1,7,6,-1,0,0,0,0,-1,-1,-1,20,20,331,-1,-1,-1,-1,-1,-1,2,0,0,0,0,0,3,0,13,6,7,41.76977855,-87.5700153
0,347963,-1,30,0,0,0,1,10,6,-1,0,0,0,0,-1,-1,-1,12,11,1653,-1,-1,-1,-1,-1,-1,2,0,0,0,0,0,2,0,13,6,7,-1,-1
0,348055,-1,30,0,0,0,1,2,6,-1,0,0,0,0,-1,-1,1,0,0,412,-1,-1,-1,-1,-1,-1,1,0,0,0,0,0,2,0,13,6,7,41.74060822,-87.56864465
0,348038,-1,30,1,2,0,1,10,5,-1,0,0,0,0,1,-1,-1,18,-1,1023,-1,-1,-1,-1,-1,-1,3,0,0,0,0,0,3,0,13,6,7,41.86206882,-87.69328221
0,348007,-1,30,0,0,0,1,10,12,4,0,0,0,0,-1,-1,-1,16,17,114,-1,-1,-1,-1,-1,-1,2,0,0,0,0,0,2,0,13,6,7,41.88447427,-87.61356137
2,347962,-1,30,2,2,0,1,8,5,-1,0,0,0,1,1,-1,-1,17,-1,913,-1,-1,-1,-1,-1,-1,2,1,0,0,1,0,1,0,13,6,7,41.83932081,-87.66171525
0,347990,-1,30,1,2,0,1,12,2,4,0,0,0,0,1,-1,-1,22,16,1013,-1,-1,-1,-1,-1,-1,2,0,0,0,0,0,4,0,13,6,7,41.85118529,-87.72410957
0,349458,-1,35,1,2,0,1,14,3,-1,0,0,0,0,1,-1,-1,23,17,413,-1,-1,-1,-1,-1,-1,2,0,0,0,0,0,2,0,13,6,7,41.73318797,-87.5857127
0,348340,-1,20,0,0,0,1,7,6,-1,0,0,0,1,-1,-1,1,0,-1,1923,-1,-1,-1,-1,-1,-1,2,0,0,0,0,0,1,0,13,6,7,41.94984368,-87.65212927
0,348092,-1,30,-1,-1,0,1,14,5,-1,0,-1,-1,0,-1,-1,-1,0,-1,2531,-1,-1,-1,-1,-1,-1,2,0,0,0,0,0,2,0,13,6,7,41.909497,-87.76583239
0,348034,-1,30,2,2,0,1,14,5,2,0,0,0,0,1,-1,-1,17,-1,1925,-1,-1,-1,-1,-1,-1,2,0,0,0,0,0,2,0,13,6,7,41.94845877,-87.64810444
0,348005,-1,30,0,0,0,1,12,2,-1,0,0,0,0,-1,-1,-1,17,0,413,-1,-1,-1,-1,-1,-1,2,0,0,0,0,0,2,0,13,6,7,41.73135421,-87.58567513
0,347986,-1,25,0,0,0,1,12,6,-1,0,0,0,1,-1,-1,1,14,25,1131,-1,-1,-1,-1,-1,-1,2,0,0,0,0,0,2,0,13,6,7,41.87413852,-87.73404798
2,347992,-1,20,1,2,0,1,0,2,4,0,0,0,1,1,-1,-1,6,0,1222,-1,-1,-1,-1,-1,-1,2,1,0,0,1,0,2,0,12,6,7,41.8843052,-87.69652347
0,347965,-1,30,0,0,0,1,0,7,-1,0,0,0,0,-1,-1,-1,16,-1,414,-1,-1,-1,-1,-1,-1,2,0,0,0,0,0,4,0,12,6,7,41.74476262,-87.57600967
0,347932,-1,35,0,0,0,1,2,5,-1,0,0,0,0,-1,-1,-1,25,-1,1732,-1,-1,-1,-1,-1,-1,1,0,0,0,0,0,1,0,12,6,7,41.95374619,-87.71296313
0,347988,-1,30,1,2,0,1,12,6,1,0,0,0,0,1,-1,1,22,11,2521,-1,-1,-1,-1,-1,-1,2,0,0,0,0,0,2,0,12,6,7,41.93877272,-87.74427672
0,347935,-1,30,0,0,0,1,7,6,1,0,0,0,0,-1,-1,-1,8,-1,1215,-1,-1,-1,-1,-1,-1,2,0,0,0,0,0,2,0,12,6,7,41.89101844,-87.66943324
0,347952,-1,30,1,-1,0,1,10,5,-1,0,0,0,1,-1,-1,1,18,-1,1125,-1,-1,-1,-1,-1,-1,3,0,0,0,0,0,6,0,12,6,7,41.87862533,-87.68651264
0,347942,-1,10,0,0,0,1,7,12,1,0,0,2,0,-1,-1,1,22,-1,1611,-1,-1,-1,-1,-1,-1,2,0,0,0,0,0,1,0,12,6,7,41.99598529,-87.78763712
0,349832,-1,30,2,2,0,1,0,5,3,0,0,0,0,-1,-1,-1,17,17,224,-1,-1,-1,-1,-1,-1,2,0,0,0,0,0,2,0,12,6,7,41.807373,-87.62293056
0,349517,-1,30,0,0,0,1,7,7,-1,0,0,0,0,-1,-1,-1,0,0,1132,-1,-1,-1,-1,-1,-1,2,0,0,0,0,0,1,0,12,6,7,41.86626526,-87.7263306
0,349163,-1,30,1,2,0,1,14,2,4,0,0,0,0,-1,-1,-1,23,0,1832,-1,-1,-1,-1,-1,-1,2,0,0,0,0,0,2,0,12,6,7,41.8965648,-87.63256168
0,347999,-1,30,0,0,0,1,12,2,-1,0,0,0,0,-1,-1,-1,17,-1,2223,-1,-1,-1,-1,-1,-1,2,0,0,0,0,0,2,0,12,6,7,41.72150489,-87.64859453