MOST_SEVERE_INJURY,RD_NO,CRASH_DATE_EST_I,POSTED_SPEED_LIMIT,TRAFFIC_CONTROL_DEVICE,DEVICE_CONDITION,WEATHER_CONDITION,LIGHTING_CONDITION,FIRST_CRASH_TYPE,TRAFFICWAY_TYPE,LANE_CNT,ALIGNMENT,ROADWAY_SURFACE_COND,ROAD_DEFECT,CRASH_TYPE,INTERSECTION_RELATED_I,NOT_RIGHT_OF_WAY_I,HIT_AND_RUN_I,PRIM_CONTRIBUTORY_CAUSE,SEC_CONTRIBUTORY_CAUSE,BEAT_OF_OCCURRENCE,PHOTOS_TAKEN_I,STATEMENTS_TAKEN_I,DOORING_I,WORK_ZONE_I,WORK_ZONE_TYPE,WORKERS_PRESENT_I,NUM_UNITS,INJURIES_TOTAL,INJURIES_FATAL,INJURIES_INCAPACITATING,INJURIES_NON_INCAPACITATING,INJURIES_REPORTED_NOT_EVIDENT,INJURIES_NO_INDICATION,INJURIES_UNKNOWN,CRASH_HOUR,CRASH_DAY_OF_WEEK,CRASH_MONTH,LATITUDE,LONGITUDE
0,347961,-1,35,1,2,0,1,10,5,-1,0,12,0,0,-1,-1,-1,18,0,1733,-1,-1,-1,-1,-1,-1,2,0,0,0,0,0,2,0,12,6,7,41.94267996,-87.69806831
0,347909,-1,30,0,0,0,1,12,2,4,0,0,0,1,-1,-1,-1,21,17,1624,-1,-1,-1,-1,-1,-1,2,0,0,0,0,0,2,0,12,6,7,41.95317989,-87.77561751
0,347974,-1,30,1,2,0,1,14,5,2,0,0,0,0,-1,-1,-1,18,-1,1235,-1,-1,-1,-1,-1,-1,2,0,0,0,0,0,2,0,12,6,7,41.85753086,-87.64492861
0,347982,-1,30,0,0,0,1,10,5,-1,0,0,0,0,-1,-1,1,18,16,2521,-1,-1,-1,-1,-1,-1,2,0,0,0,0,0,2,0,12,6,7,41.93171992,-87.7407278
0,347981,-1,30,2,2,0,1,10,5,2,0,0,0,0,-1,-1,-1,18,-1,1235,-1,-1,-1,-1,-1,-1,2,0,0,0,0,0,2,0,12,6,7,41.85268902,-87.64634966
2,347903,-1,30,2,2,0,1,8,2,2,0,0,0,1,1,-1,-1,17,-1,1413,-1,-1,-1,-1,-1,-1,3,1,0,0,1,0,1,0,12,6,7,41.92278689,-87.71219626
0,347933,-1,30,0,0,0,1,12,6,4,0,0,0,0,-1,-1,-1,11,-1,231,-1,-1,-1,-1,-1,-1,3,0,0,0,0,0,2,0,12,6,7,41.79203858,-87.62063025
0,347887,-1,30,0,0,0,1,10,5,-1,0,0,0,0,-1,-1,-1,18,0,1023,-1,-1,-1,-1,-1,-1,2,0,0,0,0,0,5,0,12,6,7,41.85207594,-87.69530292
2,347855,-1,30,1,2,0,1,8,1,2,0,0,0,1,-1,-1,-1,22,0,1931,-1,-1,1,1,2,-1,2,1,0,0,1,0,1,0,12,6,7,41.93231273,-87.66853724
0,349406,1,30,-1,-1,-1,-1,7,5,-1,0,-1,-1,0,-1,-1,1,0,0,1121,-1,-1,-1,-1,-1,-1,2,0,0,0,0,0,1,0,12,6,7,41.89115775,-87.70656888
0,348027,-1,35,0,0,0,1,10,5,2,0,0,0,0,-1,-1,1,18,0,1033,-1,-1,-1,-1,-1,-1,2,0,0,0,0,0,2,0,12,6,7,41.83730124,-87.69515658
0,347996,-1,30,2,1,0,1,7,2,2,0,0,0,0,-1,-1,1,0,0,2234,-1,-1,-1,-1,-1,-1,2,0,0,0,0,0,1,0,12,6,7,41.69618419,-87.65208834
0,347910,-1,30,1,2,0,1,14,5,-1,0,0,0,0,-1,-1,-1,12,0,1234,-1,-1,-1,-1,-1,-1,2,0,0,0,0,0,3,0,12,6,7,41.85404046,-87.67574899
0,347908,-1,30,0,0,0,1,7,6,-1,0,0,0,0,-1,-1,1,20,-1,833,-1,1,-1,-1,-1,-1,2,0,0,0,0,0,1,0,12,6,7,41.76495857,-87.71801818
1,347914,-1,35,1,2,0,1,10,5,-1,0,0,0,1,-1,-1,-1,17,16,2213,-1,-1,-1,-1,-1,-1,2,1,0,0,0,1,1,0,11,6,7,41.71357435,-87.68169278
0,347890,-1,30,0,0,0,1,7,7,-1,0,0,0,0,-1,-1,-1,0,-1,434,-1,-1,-1,-1,-1,-1,2,0,0,0,0,0,1,0,11,6,7,41.65906013,-87.56313108
0,347873,-1,30,1,2,0,1,14,2,4,0,0,0,1,1,-1,-1,17,-1,1231,-1,-1,-1,-1,-1,-1,2,0,0,0,0,0,3,0,11,6,7,41.87424715,-87.66674704
0,307486,-1,30,0,0,0,1,7,2,2,0,0,0,0,-1,-1,-1,0,0,1922,-1,-1,-1,-1,-1,-1,3,0,0,0,0,0,1,0,11,6,7,41.93974773,-87.67303408
0,347857,-1,35,0,0,0,1,10,5,-1,0,0,0,0,-1,-1,-1,11,0,233,-1,-1,-1,-1,-1,-1,3,0,0,0,0,0,5,0,11,6,7,41.79078331,-87.60628986
0,348147,-1,15,0,0,0,1,7,7,-1,0,0,0,0,-1,-1,-1,25,-1,1711,-1,-1,-1,-1,-1,-1,2,0,0,0,0,0,1,0,11,6,7,41.9872112,-87.72869581
0,347850,-1,30,0,0,0,1,7,6,1,0,0,0,1,-1,-1,-1,20,-1,632,-1,-1,-1,-1,-1,-1,2,0,0,0,0,0,1,0,11,6,7,41.7348774,-87.60868149
0,347825,-1,30,0,0,0,1,7,5,2,0,0,0,0,-1,-1,-1,20,20,1412,-1,-1,-1,-1,-1,-1,2,0,0,0,0,0,1,0,11,6,7,41.93110324,-87.7109747
0,347844,-1,30,0,0,0,1,11,5,-1,0,0,0,0,-1,-1,-1,33,-1,1713,-1,-1,-1,-1,-1,-1,2,0,0,0,0,0,2,0,11,6,7,41.96973166,-87.70836601
0,347840,-1,0,1,-1,0,1,14,8,2,3,0,0,0,-1,-1,-1,0,0,1411,-1,-1,-1,-1,-1,-1,2,0,0,0,0,0,3,0,11,6,7,41.93260736,-87.69777582
2,347880,-1,30,0,0,0,1,10,6,4,0,0,3,1,1,-1,-1,0,0,511,-1,-1,-1,-1,-1,-1,2,1,0,0,1,0,1,0,11,6,7,41.72225727,-87.58527557
0,348387,-1,25,0,0,0,1,5,4,1,0,0,0,0,-1,1,-1,-1,-1,1411,-1,-1,-1,-1,-1,-1,1,0,0,0,0,0,1,0,11,6,7,41.93014323,-87.70026069
0,348057,-1,30,0,0,0,1,2,5,-1,0,0,1,0,-1,-1,-1,0,0,1225,-1,-1,-1,-1,-1,-1,1,0,0,0,0,0,1,0,11,6,7,41.86675542,-87.68012756
2,347893,-1,30,0,0,0,1,10,5,2,0,0,0,1,-1,-1,-1,18,0,221,-1,-1,-1,-1,-1,-1,2,1,0,0,1,0,1,0,11,6,7,41.80957252,-87.61139462
0,347834,-1,30,-1,-1,0,1,12,3,2,0,0,-1,0,-1,-1,-1,0,0,1912,-1,-1,-1,-1,-1,-1,2,0,0,0,0,0,2,0,11,6,7,41.96423755,-87.66947036
0,347832,1,0,0,0,-1,-1,7,7,-1,0,-1,-1,0,-1,-1,1,0,-1,1834,-1,-1,-1,-1,-1,-1,2,0,0,0,0,0,1,0,11,6,7,41.89348297,-87.62193059
0,347837,-1,30,0,0,0,1,12,2,-1,0,0,0,0,-1,-1,1,28,4,1235,-1,-1,-1,1,0,-1,2,0,0,0,0,0,2,0,10,6,7,41.85246778,-87.6512446
0,348330,-1,30,0,0,0,1,7,6,1,0,0,-1,0,-1,-1,-1,0,0,933,-1,-1,-1,-1,-1,-1,2,0,0,0,0,0,1,0,10,6,7,41.80573393,-87.66474567
1,347460,-1,15,0,0,0,1,9,7,-1,0,0,0,1,-1,-1,1,17,18,1112,-1,-1,-1,-1,-1,-1,2,1,0,0,0,1,1,0,10,6,7,41.90216858,-87.7166763
0,347835,-1,5,0,0,0,1,7,7,1,0,0,0,0,-1,1,1,0,-1,1834,-1,-1,-1,-1,-1,-1,2,0,0,0,0,0,1,0,10,6,7,41.89408538,-87.62040431
0,347780,-1,30,1,2,0,1,14,5,2,0,0,0,0,1,-1,-1,33,33,922,-1,-1,-1,-1,-1,-1,2,0,0,0,0,0,2,0,10,6,7,41.80854224,-87.6845482
2,347743,-1,30,0,0,0,1,10,2,2,0,0,0,1,-1,-1,-1,27,-1,424,-1,-1,-1,-1,-1,-1,2,1,0,0,1,0,1,0,10,6,7,41.72723062,-87.55104653
2,347751,-1,15,0,0,0,1,2,0,1,0,0,12,1,-1,1,-1,0,-1,1023,-1,-1,-1,-1,-1,-1,1,1,0,0,1,0,1,0,10,6,7,41.85933994,-87.69494554
0,348518,-1,30,0,-1,-1,1,7,6,1,0,-1,0,0,-1,-1,1,-1,-1,2223,-1,-1,-1,-1,-1,-1,2,0,0,0,0,0,1,0,10,6,7,41.73340969,-87.63760831
0,348368,1,30,0,0,0,1,7,5,2,0,0,0,1,-1,-1,1,0,0,1414,-1,-1,-1,-1,-1,-1,2,0,0,0,0,0,1,0,10,6,7,41.92738885,-87.70442806
0,347763,-1,30,1,2,0,1,14,5,-1,0,0,0,0,-1,-1,-1,21,-1,1432,-1,-1,-1,-1,-1,-1,2,0,0,0,0,0,3,0,10,6,7,41.93210986,-87.68361585
0,347737,-1,30,-1,-1,0,1,10,5,1,0,-1,-1,0,0,-1,-1,16,-1,1911,-1,-1,-1,-1,-1,-1,2,0,0,0,0,0,4,0,9,6,7,41.96480161,-87.68600865
0,349227,-1,25,0,0,0,1,7,5,-1,0,0,0,0,-1,-1,1,-1,-1,1231,-1,-1,-1,-1,-1,-1,2,0,0,0,0,0,1,0,9,6,7,41.86908325,-87.67153169
0,347740,1,10,0,0,0,1,0,7,2,0,-1,-1,0,-1,1,-1,-1,-1,332,-1,-1,-1,-1,-1,-1,1,0,0,0,0,0,1,0,9,6,7,41.7732929,-87.58644237
0,347712,-1,30,1,2,0,1,10,2,2,0,0,0,0,-1,-1,-1,16,-1,2524,-1,-1,-1,-1,-1,-1,2,0,0,0,0,0,4,0,9,6,7,41.92465294,-87.7218233
0,347705,-1,30,0,0,0,1,0,7,-1,0,0,0,1,-1,1,-1,20,17,1613,-1,-1,-1,-1,-1,-1,2,0,0,0,0,0,2,0,9,6,7,41.97455847,-87.80661056
0,347809,-1,30,0,0,0,1,7,6,-1,0,0,0,0,-1,-1,1,18,0,2431,-1,-1,-1,-1,-1,-1,2,0,0,0,0,0,1,0,9,6,7,42.0060361,-87.66621929
2,347706,-1,30,0,0,0,1,8,2,4,0,0,0,1,-1,-1,-1,21,-1,1423,-1,-1,-1,-1,-1,-1,2,1,0,0,1,0,1,0,9,6,7,41.90892185,-87.6873315
0,347714,-1,35,2,2,0,1,0,2,-1,0,0,0,1,1,-1,-1,17,-1,815,-1,1,-1,-1,-1,-1,2,0,0,0,0,0,2,0,9,6,7,41.79898747,-87.74155898
0,347696,-1,30,0,0,0,1,7,6,-1,0,0,0,0,-1,-1,-1,11,-1,2013,-1,-1,-1,-1,-1,-1,3,0,0,0,0,0,2,0,9,6,7,41.97887725,-87.66256628
0,347762,-1,25,0,0,0,1,12,5,2,0,0,0,0,-1,-1,-1,21,0,2433,-1,-1,-1,-1,-1,-1,2,0,0,0,0,0,2,0,9,6,7,41.99260256,-87.66150425
0,347666,-1,25,0,0,0,1,10,5,2,0,0,0,0,-1,-1,-1,18,0,2022,-1,-1,-1,-1,-1,-1,2,0,0,0,0,0,2,0,9,6,7,41.9837937,-87.65657722
0,358281,-1,30,0,0,2,1,2,6,1,0,1,0,0,-1,-1,-1,1,-1,332,-1,-1,-1,-1,-1,-1,1,0,0,0,0,0,1,0,9,6,7,41.76899293,-87.58020631
0,355232,-1,25,0,0,0,1,7,5,-1,0,0,0,0,-1,-1,1,-1,-1,1932,-1,-1,-1,-1,-1,-1,2,0,0,0,0,0,1,0,9,6,7,41.93166321,-87.65766949
0,347673,-1,30,0,0,0,1,10,2,4,0,0,0,0,-1,-1,1,0,0,2023,-1,-1,-1,-1,-1,-1,2,0,0,0,0,0,3,0,9,6,7,41.98247847,-87.65275485
0,347640,-1,30,0,0,0,1,7,5,2,0,0,0,0,-1,-1,-1,11,11,1524,-1,-1,-1,-1,-1,-1,2,0,0,0,0,0,1,0,9,6,7,41.90204342,-87.76490197
2,347639,-1,35,2,12,0,1,0,5,2,2,0,0,1,1,-1,-1,33,17,513,-1,-1,-1,-1,-1,-1,2,1,0,0,1,0,1,0,8,6,7,41.69634591,-87.62095692
0,348580,-1,30,0,0,0,1,12,5,-1,0,0,0,0,-1,-1,-1,0,0,1833,-1,-1,-1,-1,-1,-1,2,0,0,0,0,0,2,0,8,6,7,41.89854144,-87.62114777
1,347863,-1,25,1,12,0,1,9,12,-1,0,0,0,1,1,-1,1,17,-1,112,-1,-1,-1,-1,-1,-1,2,1,0,0,0,1,1,0,8,6,7,41.88077067,-87.62448302
0,347742,-1,30,0,0,0,1,2,7,-1,0,0,0,0,-1,-1,-1,0,0,114,-1,-1,-1,-1,-1,-1,1,0,0,0,0,0,1,0,8,6,7,41.88749493,-87.61867271
0,347655,-1,15,0,0,0,1,0,5,-1,0,0,0,0,-1,-1,-1,0,0,1212,-1,-1,-1,-1,-1,-1,2,0,0,0,0,0,3,0,8,6,7,41.89875341,-87.67725647
0,347635,-1,25,2,2,0,1,12,5,-1,0,0,0,0,-1,-1,-1,11,23,235,-1,-1,-1,-1,-1,-1,2,0,0,0,0,0,2,0,8,6,7,41.78775705,-87.59011404
0,349323,-1,0,0,0,0,1,12,7,-1,0,0,0,0,-1,-1,-1,17,21,1432,-1,-1,-1,-1,-1,-1,2,0,0,0,0,0,2,0,8,6,7,41.92820408,-87.68225483
0,347604,-1,30,0,0,0,1,12,5,2,0,0,0,0,-1,-1,-1,21,-1,2031,-1,-1,-1,-1,-1,-1,2,0,0,0,0,0,2,0,8,6,7,41.97325577,-87.69171622
2,347600,-1,30,1,2,0,1,0,5,4,0,0,0,1,1,-1,-1,6,-1,612,-1,-1,-1,-1,-1,-1,2,2,0,0,1,1,2,0,8,6,7,41.75616151,-87.653958
0,348010,-1,35,0,0,0,1,7,7,-1,0,0,0,0,-1,-1,-1,20,-1,113,-1,-1,-1,-1,-1,-1,2,0,0,0,0,0,1,0,8,6,7,41.87745041,-87.62592198
0,347685,-1,25,0,0,0,1,7,5,1,0,0,0,0,-1,-1,-1,8,-1,2422,-1,-1,-1,-1,-1,-1,2,0,0,0,0,0,1,0,8,6,7,42.01728805,-87.66456539
0,347681,-1,30,0,0,0,1,14,5,-1,0,0,0,0,-1,-1,-1,17,0,1225,-1,-1,-1,-1,-1,-1,2,0,0,0,0,0,2,0,8,6,7,41.86780796,-87.68045332
0,347677,-1,30,0,0,0,1,2,5,2,0,0,0,1,-1,1,-1,0,0,912,-1,-1,-1,-1,-1,-1,1,0,0,0,0,0,1,0,8,6,7,41.82954388,-87.68028914
1,347614,-1,30,2,2,0,1,10,2,1,0,0,0,1,-1,-1,0,18,0,731,-1,-1,-1,-1,-1,-1,2,1,0,0,0,1,3,0,8,6,7,41.76554364,-87.62983591
0,347613,-1,30,1,2,0,1,14,12,6,0,0,0,0,1,-1,1,0,17,713,-1,-1,-1,-1,-1,-1,2,0,0,0,0,0,2,0,8,6,7,41.79355321,-87.66451502
0,348408,-1,30,2,2,0,1,10,5,3,0,0,0,0,-1,-1,-1,0,0,1232,-1,-1,-1,-1,-1,-1,2,0,0,0,0,0,2,0,8,6,7,41.86700714,-87.64915695
0,347616,-1,30,0,0,0,1,12,5,4,0,0,0,0,-1,-1,-1,0,0,2012,-1,-1,-1,-1,-1,-1,2,0,0,0,0,0,2,0,8,6,7,41.99043653,-87.67121266
0,347692,-1,30,1,-1,0,1,14,5,1,0,0,0,0,1,-1,-1,18,17,1912,-1,-1,-1,-1,-1,-1,2,0,0,0,0,0,2,0,8,6,7,41.95446358,-87.6642994
2,347612,-1,30,-1,12,0,1,7,5,2,0,0,0,1,-1,-1,1,20,20,624,-1,-1,-1,-1,-1,-1,3,1,0,0,1,0,2,0,8,6,7,41.75387658,-87.60541722
1,347598,-1,30,2,2,0,1,0,2,-1,0,0,0,1,1,-1,-1,17,-1,811,-1,1,-1,-1,-1,-1,2,1,0,0,0,1,1,0,8,6,7,41.79253053,-87.77809764
0,347620,-1,30,0,0,0,1,10,2,2,0,0,0,0,-1,-1,-1,16,18,1722,-1,-1,-1,-1,-1,-1,2,0,0,0,0,0,2,0,8,6,7,41.96771458,-87.74757563
2,347872,-1,30,1,2,0,1,9,2,4,0,0,0,1,1,-1,1,0,-1,1722,-1,-1,-1,-1,-1,-1,2,1,0,0,1,0,1,0,8,6,7,41.95374332,-87.72925407
0,347563,-1,35,0,0,0,1,12,5,2,0,0,0,1,-1,-1,-1,0,-1,421,-1,-1,-1,-1,-1,-1,2,0,0,0,0,0,2,0,8,6,7,41.75895497,-87.56058884
2,347575,1,30,1,2,0,1,8,2,4,0,0,0,1,1,-1,-1,17,18,1013,-1,-1,-1,-1,-1,-1,2,1,0,0,1,0,1,0,7,6,7,41.85134039,-87.72372883
0,347698,-1,30,0,0,0,1,12,5,-1,0,0,0,0,-1,-1,-1,22,21,331,-1,-1,-1,-1,-1,-1,2,0,0,0,0,0,2,0,7,6,7,41.77336022,-87.57634549
0,347562,-1,30,0,0,0,1,12,6,1,0,0,0,0,-1,-1,-1,21,-1,1524,-1,-1,-1,-1,-1,-1,2,0,0,0,0,0,2,0,7,6,7,41.89751776,-87.7570373
0,347565,-1,30,0,0,0,1,12,6,-1,0,0,0,0,-1,-1,-1,0,0,934,-1,-1,-1,-1,-1,-1,2,0,0,0,0,0,2,0,7,6,7,41.7949688,-87.6644634
0,347571,-1,30,2,2,0,1,0,5,2,0,0,0,1,1,-1,-1,17,33,1224,-1,-1,-1,-1,-1,-1,2,0,0,0,0,0,2,0,7,6,7,41.88541581,-87.65557753
0,347558,-1,30,0,0,0,1,12,6,2,0,0,0,1,-1,-1,-1,22,-1,132,-1,-1,-1,-1,-1,-1,3,0,0,0,0,0,2,0,7,6,7,41.86308387,-87.62259751
0,353314,1,30,0,0,-1,-1,7,6,1,0,-1,0,0,-1,-1,1,0,0,2514,-1,-1,-1,-1,-1,-1,2,0,0,0,0,0,1,0,7,6,7,41.93058388,-87.75796052
0,349174,-1,30,0,0,0,1,0,5,1,0,0,0,0,-1,-1,-1,20,0,2221,-1,-1,-1,-1,-1,-1,2,0,0,0,0,0,2,0,7,6,7,41.72157393,-87.67708924
0,347916,-1,10,0,0,0,1,12,6,1,0,0,0,0,-1,-1,-1,-1,-1,122,-1,-1,-1,-1,-1,-1,2,0,0,0,0,0,2,0,7,6,7,41.88016115,-87.63174145
0,347674,-1,30,0,0,0,1,10,2,4,0,0,0,0,-1,-1,-1,16,-1,832,-1,-1,-1,-1,-1,-1,3,0,0,0,0,0,3,0,7,6,7,41.76461295,-87.68309387
0,347569,-1,30,0,0,0,1,0,5,-1,0,0,0,0,1,-1,-1,17,0,1912,-1,-1,-1,-1,-1,-1,2,0,0,0,0,0,2,0,7,6,7,41.9542964,-87.67645235
0,247543,-1,30,0,0,0,1,14,5,2,0,0,0,0,1,-1,-1,21,-1,1134,-1,-1,-1,-1,-1,-1,2,0,0,0,0,0,7,0,7,6,7,41.87357924,-87.70579236
2,348395,-1,30,1,2,0,1,10,5,-1,0,0,0,1,-1,-1,-1,-1,-1,822,-1,-1,-1,-1,-1,-1,2,1,0,0,1,0,1,0,7,6,7,41.78600465,-87.71574876
0,347534,1,30,0,0,0,1,7,5,-1,0,0,0,0,-1,-1,1,0,0,233,-1,-1,-1,-1,-1,-1,2,0,0,0,0,0,1,0,7,6,7,41.7893643,-87.60626131
0,347975,-1,30,0,0,0,1,7,2,-1,0,0,0,1,-1,-1,1,0,-1,822,-1,1,-1,-1,-1,-1,2,0,0,0,0,0,1,0,7,6,7,41.78610601,-87.71924692
0,347587,-1,30,0,0,0,1,7,6,-1,0,0,-1,1,-1,-1,-1,33,33,633,1,1,-1,-1,-1,-1,2,0,0,0,0,0,1,0,7,6,7,41.72997988,-87.60693993
0,347561,-1,35,1,2,0,1,10,2,-1,0,0,0,0,1,-1,-1,18,-1,1712,1,1,-1,-1,-1,-1,2,0,0,0,0,0,2,0,7,6,7,41.96835129,-87.72809167
0,349164,-1,0,0,0,0,1,7,6,1,0,0,0,0,-1,-1,1,-1,-1,314,-1,-1,-1,-1,-1,-1,2,0,0,0,0,0,1,0,6,6,7,41.78269602,-87.59802824
0,347528,-1,30,0,0,0,1,14,5,-1,0,12,12,0,-1,-1,-1,0,-1,815,-1,-1,-1,-1,-1,-1,2,0,0,0,0,0,2,0,6,6,7,41.80796256,-87.72496122
0,347514,-1,20,0,0,0,1,12,6,1,0,0,0,1,-1,-1,-1,0,0,2522,-1,1,-1,-1,-1,-1,4,0,0,0,0,0,4,0,5,6,7,41.91965954,-87.74361535
0,347499,-1,30,0,2,0,2,14,5,2,0,0,0,0,1,-1,-1,16,21,432,-1,-1,-1,-1,-1,-1,2,0,0,0,0,0,2,0,5,6,7,41.70266254,-87.54024419
0,347493,-1,30,0,0,0,2,12,5,4,0,0,0,1,0,-1,-1,21,21,822,-1,-1,-1,-1,-1,-1,2,0,0,0,0,0,3,0,4,6,7,41.78939657,-87.72291178
0,347475,-1,30,0,0,0,3,12,5,-1,0,0,0,1,-1,-1,-1,0,-1,1131,-1,-1,-1,-1,-1,-1,2,0,0,0,0,0,2,0,4,6,7,41.87679772,-87.74020149
0,347657,-1,45,0,-1,0,3,2,3,4,0,0,0,1,-1,-1,-1,11,-1,935,-1,-1,-1,-1,-1,-1,1,0,0,0,0,0,1,0,4,6,7,41.79460976,-87.63415497
0,347459,-1,30,0,0,0,3,7,5,-1,0,0,0,1,-1,-1,-1,0,0,2531,-1,-1,-1,-1,-1,-1,3,0,0,0,0,0,1,0,3,6,7,41.90502153,-87.76590345
0,347446,-1,35,1,2,0,3,10,2,-1,0,0,0,0,-1,-1,-1,18,0,511,-1,-1,-1,-1,-1,-1,2,0,0,0,0,0,2,0,2,6,7,41.72157071,-87.62387335
0,347443,-1,35,0,0,0,3,2,6,-1,0,0,0,1,-1,-1,-1,25,32,1235,1,-1,-1,-1,-1,-1,1,0,0,0,0,0,1,0,2,6,7,41.8567843,-87.64491134
2,347425,-1,30,2,2,0,3,2,5,2,0,0,-1,1,1,-1,1,19,-1,1822,-1,1,-1,-1,-1,-1,1,2,0,0,2,0,0,0,2,6,7,41.90355086,-87.64662594
0,348587,-1,30,1,2,0,3,10,2,2,0,0,0,0,-1,-1,-1,18,0,1223,-1,-1,-1,-1,-1,-1,2,0,0,0,0,0,2,0,2,6,7,41.8800224,-87.67185735
0,362610,-1,30,0,0,0,3,7,5,2,0,0,0,0,-1,-1,1,0,0,1831,-1,-1,-1,-1,-1,-1,2,0,0,0,0,0,2,0,1,6,7,41.89014997,-87.62952826
0,347408,-1,30,0,0,2,3,12,5,-1,0,1,0,0,-1,-1,-1,22,18,2012,-1,-1,-1,-1,-1,-1,2,0,0,0,0,0,2,0,1,6,7,41.98543836,-87.66933051
0,347540,1,30,0,0,0,3,7,3,-1,0,0,0,1,-1,-1,-1,0,-1,2533,-1,-1,-1,-1,-1,-1,2,0,0,0,0,0,1,0,1,6,7,41.90969687,-87.74908275
0,347396,-1,30,2,1,0,3,10,5,2,0,0,0,0,1,-1,-1,18,16,1912,-1,-1,-1,-1,-1,-1,2,0,0,0,0,0,2,0,1,6,7,41.96172029,-87.66780591
0,347386,-1,30,0,0,0,3,1,5,4,0,0,0,0,-1,-1,-1,1,-1,1621,-1,-1,-1,-1,-1,-1,1,0,0,0,0,0,1,0,0,6,7,42.00273688,-87.77809643
2,347339,-1,30,1,2,0,3,14,5,-1,0,0,0,1,1,-1,1,6,17,1522,-1,-1,-1,-1,-1,-1,2,1,0,0,1,0,1,0,23,5,7,41.87661104,-87.7550745
0,347896,-1,30,0,0,0,3,7,6,-1,0,0,0,0,-1,-1,1,0,0,2521,-1,-1,-1,-1,-1,-1,2,0,0,0,0,0,1,0,23,5,7,41.93038573,-87.7562606
0,347329,-1,30,1,2,0,3,12,12,-1,0,0,0,0,1,-1,-1,0,21,414,-1,-1,-1,-1,-1,-1,2,0,0,0,0,0,3,0,23,5,7,41.7569669,-87.57624762
0,347432,1,30,0,0,0,3,7,6,1,0,0,0,0,-1,-1,1,22,0,2511,-1,-1,-1,-1,-1,-1,2,0,0,0,0,0,1,0,23,5,7,41.93783763,-87.81177335
0,347318,-1,30,1,2,0,0,14,3,4,0,0,0,1,1,-1,-1,17,0,2533,-1,-1,-1,-1,-1,-1,2,0,0,0,0,0,2,0,23,5,7,41.909672,-87.7462613
0,347365,1,25,3,2,0,3,14,6,4,0,0,0,0,1,-1,-1,23,23,1533,-1,-1,-1,-1,-1,-1,2,0,0,0,0,0,3,0,23,5,7,41.87119633,-87.74507247
1,347304,-1,30,1,2,0,3,10,2,-1,0,0,-1,1,-1,-1,1,0,-1,1421,-1,-1,-1,-1,-1,-1,2,1,0,0,0,1,2,0,23,5,7,41.91032667,-87.69708554
0,347415,-1,30,-1,-1,0,-1,7,6,1,0,0,-1,0,-1,-1,-1,0,0,713,-1,-1,-1,-1,-1,-1,2,0,0,0,0,0,1,0,23,5,7,41.78125586,-87.66047261
0,347357,-1,30,1,2,0,0,10,2,-1,0,0,0,0,-1,-1,-1,17,-1,2533,-1,-1,-1,-1,-1,-1,2,0,0,0,0,0,2,0,23,5,7,41.91288603,-87.74307257
0,347333,-1,30,1,2,0,3,14,5,2,0,0,0,0,1,-1,1,0,0,331,-1,-1,-1,-1,-1,-1,2,0,0,0,0,0,2,0,23,5,7,41.76802847,-87.56664989
0,347294,-1,30,0,0,0,3,7,3,6,0,0,-1,1,-1,-1,-1,32,16,1911,-1,-1,-1,-1,-1,-1,3,0,0,0,0,0,1,0,22,5,7,41.95422848,-87.68132504
0,347574,-1,30,0,0,0,1,7,6,1,0,0,0,0,-1,-1,-1,0,-1,2211,-1,-1,-1,-1,-1,-1,2,0,0,0,0,0,1,0,22,5,7,41.69147514,-87.69706907
2,347303,-1,30,2,2,0,3,10,5,-1,0,0,0,1,1,-1,-1,18,-1,1624,-1,-1,-1,-1,-1,-1,2,2,0,0,2,0,2,0,22,5,7,41.95676221,-87.78051198
0,349328,-1,10,0,0,0,0,2,7,1,0,0,0,0,-1,1,-1,20,0,511,-1,-1,-1,-1,-1,-1,1,0,0,0,0,0,1,0,22,5,7,41.70727358,-87.62358592
0,348343,-1,30,1,0,0,0,10,5,-1,0,0,-1,0,-1,-1,-1,18,-1,2223,-1,-1,-1,-1,-1,-1,2,0,0,0,0,0,2,0,22,5,7,41.7158702,-87.64321014
2,347266,-1,30,1,2,0,3,0,6,2,0,0,0,1,1,-1,-1,6,-1,122,-1,-1,-1,-1,-1,-1,2,1,0,0,1,0,1,0,22,5,7,41.88578467,-87.63555692
2,347275,-1,30,1,2,0,3,10,2,8,0,0,-1,1,1,-1,1,16,18,912,-1,-1,-1,-1,-1,-1,2,1,0,0,1,0,1,0,22,5,7,41.83428264,-87.67523545
0,347288,-1,30,0,0,0,0,10,2,-1,0,0,0,0,1,-1,-1,23,-1,2533,-1,-1,-1,-1,-1,-1,2,0,0,0,0,0,2,0,22,5,7,41.91045215,-87.7375601
0,347261,-1,30,0,0,0,3,7,5,4,0,0,-1,0,-1,-1,1,0,0,1013,-1,-1,-1,-1,-1,-1,2,0,0,0,0,0,1,0,22,5,7,41.85000937,-87.72457104
3,347241,-1,30,1,2,0,3,8,5,0,0,0,-1,1,1,-1,-1,6,-1,1621,-1,-1,-1,-1,-1,-1,2,1,0,1,0,0,1,0,21,5,7,41.99736565,-87.76762043
0,347269,-1,30,1,-1,0,3,10,6,-1,0,0,-1,0,-1,-1,1,18,0,1225,-1,-1,-1,-1,-1,-1,2,0,0,0,0,0,2,0,21,5,7,41.87510398,-87.68619464