MOST_SEVERE_INJURY,RD_NO,CRASH_DATE_EST_I,POSTED_SPEED_LIMIT,TRAFFIC_CONTROL_DEVICE,DEVICE_CONDITION,WEATHER_CONDITION,LIGHTING_CONDITION,FIRST_CRASH_TYPE,TRAFFICWAY_TYPE,LANE_CNT,ALIGNMENT,ROADWAY_SURFACE_COND,ROAD_DEFECT,CRASH_TYPE,INTERSECTION_RELATED_I,NOT_RIGHT_OF_WAY_I,HIT_AND_RUN_I,PRIM_CONTRIBUTORY_CAUSE,SEC_CONTRIBUTORY_CAUSE,BEAT_OF_OCCURRENCE,PHOTOS_TAKEN_I,STATEMENTS_TAKEN_I,DOORING_I,WORK_ZONE_I,WORK_ZONE_TYPE,WORKERS_PRESENT_I,NUM_UNITS,INJURIES_TOTAL,INJURIES_FATAL,INJURIES_INCAPACITATING,INJURIES_NON_INCAPACITATING,INJURIES_REPORTED_NOT_EVIDENT,INJURIES_NO_INDICATION,INJURIES_UNKNOWN,CRASH_HOUR,CRASH_DAY_OF_WEEK,CRASH_MONTH,LATITUDE,LONGITUDE
0,347268,-1,30,1,2,0,3,10,2,4,0,0,0,0,-1,-1,1,18,16,825,-1,-1,-1,-1,-1,-1,2,0,0,0,0,0,2,0,21,5,7,41.77930537,-87.68378888
1,347222,-1,30,2,-1,0,3,14,5,2,0,0,-1,1,-1,-1,1,16,17,2525,-1,-1,-1,-1,-1,-1,4,3,0,0,0,3,2,0,21,5,7,41.91907475,-87.72920208
0,347289,-1,30,1,2,0,3,14,12,-1,0,0,0,0,1,-1,1,21,23,511,-1,-1,-1,-1,-1,-1,2,0,0,0,0,0,3,0,21,5,7,41.72161867,-87.62318984
0,347221,-1,25,0,0,0,3,7,6,1,0,0,0,0,-1,-1,-1,17,-1,414,-1,-1,-1,-1,-1,-1,2,0,0,0,0,0,1,0,21,5,7,41.75161151,-87.56852159
0,347231,-1,30,0,0,0,3,10,2,4,0,0,-1,1,-1,-1,-1,0,0,631,-1,-1,-1,-1,-1,-1,2,0,0,0,0,0,4,0,21,5,7,41.74822735,-87.60529981
2,347189,-1,30,2,2,0,3,12,5,4,0,0,0,1,1,-1,1,25,16,434,-1,-1,-1,-1,-1,-1,2,1,0,0,1,0,1,0,21,5,7,41.70797964,-87.56707168
0,347225,-1,35,1,2,0,3,14,3,4,0,0,0,0,1,-1,-1,23,-1,113,-1,-1,-1,-1,-1,-1,2,0,0,0,0,0,2,0,21,5,7,41.87948933,-87.62449813
2,347224,-1,35,0,0,0,3,5,3,4,0,0,0,1,-1,-1,-1,25,-1,932,-1,-1,-1,-1,-1,-1,2,1,0,0,1,0,2,0,21,5,7,41.7940103,-87.67585633
0,347971,-1,15,0,0,0,0,12,8,-1,0,0,-1,0,-1,-1,-1,0,-1,1651,-1,-1,-1,-1,-1,-1,2,0,0,0,0,0,2,0,21,5,7,41.97620114,-87.90530913
0,347218,-1,30,2,2,0,3,10,5,2,0,0,0,0,-1,-1,-1,18,18,2533,-1,-1,-1,-1,-1,-1,2,0,0,0,0,0,3,0,21,5,7,41.90783201,-87.75114442
0,347214,-1,30,2,2,0,0,10,2,2,0,0,0,0,1,-1,1,18,-1,2523,-1,-1,-1,-1,-1,-1,2,0,0,0,0,0,3,0,21,5,7,41.93180272,-87.73440883
3,347204,-1,30,0,0,0,4,5,5,-1,0,0,0,1,-1,1,-1,20,-1,2431,-1,-1,-1,-1,-1,-1,1,1,0,1,0,0,0,0,20,5,7,42.00636409,-87.66101346
0,347238,-1,30,1,2,0,3,14,3,4,0,0,0,1,1,-1,-1,0,0,111,-1,-1,-1,-1,-1,-1,2,0,0,0,0,0,2,0,20,5,7,41.88436691,-87.62451148
0,347236,-1,25,0,0,0,3,7,5,4,0,0,-1,0,-1,-1,1,21,0,1433,-1,-1,-1,-1,-1,-1,2,0,0,0,0,0,1,0,20,5,7,41.9034875,-87.66451721
0,347174,-1,30,0,0,0,3,14,6,2,0,0,-1,0,-1,-1,-1,17,-1,623,-1,-1,-1,-1,-1,-1,2,0,0,0,0,0,2,0,20,5,7,41.75640309,-87.62457652
0,347551,1,30,0,0,-1,1,7,6,1,0,0,0,0,-1,-1,1,0,0,2514,-1,-1,-1,-1,-1,-1,2,0,0,0,0,0,1,0,20,5,7,41.92849482,-87.76142513
0,347372,1,30,0,0,0,3,7,5,1,0,0,0,1,-1,-1,1,0,25,1524,-1,-1,-1,-1,-1,-1,2,0,0,0,0,0,1,0,20,5,7,41.89284384,-87.76164674
0,347366,1,30,1,2,0,1,7,5,-1,0,0,0,0,-1,1,-1,-1,-1,622,-1,-1,-1,-1,-1,-1,2,0,0,0,0,0,1,0,20,5,7,41.74257762,-87.63393693
2,347145,-1,30,2,2,0,3,0,5,-1,0,0,0,1,1,-1,-1,5,16,1524,-1,-1,-1,-1,-1,-1,2,1,0,0,1,0,1,0,20,5,7,41.89281753,-87.76522511
3,347158,-1,30,0,0,0,3,14,5,-1,0,0,0,1,-1,-1,-1,18,16,821,-1,-1,-1,-1,-1,-1,2,1,0,1,0,0,1,0,20,5,7,41.8079772,-87.72344286
0,347153,-1,30,0,0,0,4,12,5,2,0,0,0,0,-1,-1,-1,0,0,1234,-1,-1,-1,-1,-1,-1,3,0,0,0,0,0,2,0,20,5,7,41.85786568,-87.66868422
0,347154,-1,15,0,0,0,3,7,6,1,0,0,0,0,-1,-1,-1,0,-1,1523,-1,-1,-1,-1,-1,-1,2,0,0,0,0,0,1,0,20,5,7,41.88588408,-87.76096705
0,347144,-1,25,0,0,0,4,7,7,-1,0,0,0,0,-1,-1,-1,20,-1,433,-1,-1,-1,-1,-1,-1,2,0,0,0,0,0,1,0,20,5,7,41.6667873,-87.5523818
0,347128,-1,30,0,0,0,3,14,3,4,0,0,0,1,-1,-1,-1,17,0,2233,-1,-1,-1,-1,-1,-1,2,0,0,0,0,0,2,0,20,5,7,41.69147211,-87.64250201
0,347190,-1,30,0,0,0,4,10,5,-1,0,0,0,0,-1,-1,-1,0,-1,2213,-1,-1,-1,-1,-1,-1,2,0,0,0,0,0,2,0,20,5,7,41.7141681,-87.65529116
0,347108,-1,30,1,2,0,1,10,5,2,0,0,-1,0,-1,-1,-1,18,-1,1533,-1,-1,-1,-1,-1,-1,2,0,0,0,0,0,2,0,20,5,7,41.88170041,-87.74591209
0,347084,-1,30,1,2,0,1,10,5,2,0,0,0,0,-1,-1,-1,18,0,1212,-1,-1,-1,-1,-1,-1,2,0,0,0,0,0,2,0,19,5,7,41.89943875,-87.67735074
2,347092,-1,35,-1,-1,0,1,9,3,4,0,0,-1,1,-1,-1,-1,-1,-1,2532,-1,0,-1,-1,-1,-1,2,1,0,0,1,0,1,0,19,5,7,41.90966968,-87.76548131
0,347094,-1,30,1,2,0,1,10,5,2,0,0,0,0,-1,-1,-1,18,-1,1212,-1,-1,-1,-1,-1,-1,2,0,0,0,0,0,2,0,19,5,7,41.89959483,-87.67730374
0,347111,-1,25,0,0,0,1,0,2,1,0,0,12,0,-1,-1,-1,0,0,815,-1,-1,-1,-1,-1,-1,2,0,0,0,0,0,2,0,19,5,7,41.80430404,-87.72464152
0,347077,-1,30,0,0,0,1,12,6,-1,0,0,0,0,-1,-1,-1,17,0,123,-1,-1,-1,-1,-1,-1,2,0,0,0,0,0,2,0,19,5,7,41.87459541,-87.62906394
0,347104,-1,30,1,2,0,1,12,5,2,0,0,0,0,-1,-1,-1,25,0,1712,-1,-1,-1,-1,-1,-1,2,0,0,0,0,0,2,0,19,5,7,41.96835647,-87.72765637
0,347093,-1,25,0,0,0,1,10,2,2,0,0,0,0,-1,-1,-1,0,0,822,-1,-1,-1,-1,-1,-1,2,0,0,0,0,0,2,0,19,5,7,41.7936228,-87.70361814
0,372183,-1,30,1,-1,0,4,0,5,2,0,0,-1,0,-1,-1,1,17,6,513,-1,-1,-1,-1,-1,-1,2,0,0,0,0,0,2,0,19,5,7,41.69998574,-87.61371782
0,347875,-1,30,0,0,-1,1,7,5,2,0,0,0,0,-1,-1,1,-1,-1,513,-1,-1,-1,-1,-1,-1,2,0,0,0,0,0,1,0,19,5,7,41.69829163,-87.61425988
0,347120,-1,30,0,0,0,4,10,5,-1,0,0,0,0,-1,-1,-1,18,16,1732,-1,-1,-1,-1,-1,-1,2,0,0,0,0,0,7,0,19,5,7,41.94394533,-87.7271798
0,347063,-1,30,1,2,0,1,10,5,2,0,0,0,0,1,-1,-1,0,0,411,-1,-1,-1,-1,-1,-1,2,0,0,0,0,0,2,0,19,5,7,41.75139042,-87.58615085
0,347056,-1,30,0,0,0,1,10,6,1,0,0,0,0,-1,-1,-1,0,-1,1235,-1,-1,-1,-1,-1,-1,2,0,0,0,0,0,2,0,19,5,7,41.85809793,-87.64495201
0,347039,-1,30,2,2,0,4,0,2,0,0,0,0,1,1,-1,-1,17,-1,224,-1,-1,-1,-1,-1,-1,2,0,0,0,0,0,4,0,19,5,7,41.80375452,-87.62121706
0,347041,-1,30,1,2,0,4,4,1,4,0,0,0,1,-1,-1,1,25,14,623,-1,-1,-1,-1,-1,-1,2,0,0,0,0,0,2,0,19,5,7,41.75018452,-87.6342222
0,347091,-1,30,0,0,0,1,7,6,-1,0,0,0,0,-1,-1,-1,21,-1,2522,-1,-1,-1,-1,-1,-1,2,0,0,0,0,0,1,0,19,5,7,41.91742882,-87.74967869
2,347102,-1,30,2,2,0,1,8,2,2,0,0,0,1,1,-1,-1,0,-1,1922,-1,-1,-1,-1,-1,-1,2,1,0,0,1,0,1,0,19,5,7,41.94693962,-87.6651664
0,347074,-1,25,0,0,0,1,2,6,1,0,0,0,1,-1,-1,-1,0,0,1533,-1,-1,-1,-1,-1,-1,1,0,0,0,0,0,1,0,19,5,7,41.87396522,-87.7493266
1,347040,-1,30,0,0,2,1,5,5,2,0,0,0,1,0,-1,-1,13,20,413,-1,-1,-1,-1,-1,-1,1,1,0,0,0,1,0,0,19,5,7,41.7223822,-87.58988793
0,347029,-1,30,0,0,0,1,7,5,-1,0,0,0,0,-1,-1,-1,0,-1,1611,-1,-1,-1,-1,-1,-1,2,0,0,0,0,0,1,0,19,5,7,41.99187114,-87.78022176
0,347583,1,30,0,0,0,4,7,5,-1,0,0,0,0,-1,-1,1,0,-1,2013,-1,-1,-1,-1,-1,-1,3,0,0,0,0,0,1,0,19,5,7,41.9836094,-87.66812874
0,347043,-1,30,1,2,0,1,14,6,2,0,0,0,0,-1,-1,-1,0,0,122,-1,-1,-1,-1,-1,-1,2,0,0,0,0,0,2,0,19,5,7,41.87813524,-87.63505758
2,347035,-1,30,1,2,0,1,14,2,4,0,0,0,1,1,-1,-1,17,-1,1233,-1,-1,-1,-1,-1,-1,2,2,0,0,2,0,0,0,19,5,7,41.86653885,-87.68346453
0,347018,-1,35,1,2,0,1,14,2,4,0,0,0,1,1,-1,-1,17,17,2423,-1,-1,-1,-1,-1,-1,2,0,0,0,0,0,2,0,18,5,7,42.0101504,-87.66255385
0,347080,-1,30,-1,-1,0,1,0,6,-1,0,0,-1,0,-1,-1,-1,0,-1,1632,-1,-1,-1,-1,-1,-1,2,0,0,0,0,0,2,0,18,5,7,41.94005135,-87.79712841
0,346987,-1,30,0,0,0,4,7,5,2,0,0,0,0,-1,-1,-1,20,-1,812,-1,-1,-1,-1,-1,-1,2,0,0,0,0,0,1,0,18,5,7,41.7778868,-87.76461744
0,346958,-1,30,0,0,0,1,10,5,-1,0,0,0,0,-1,-1,-1,18,18,2221,-1,-1,-1,-1,-1,-1,2,0,0,0,0,0,2,0,18,5,7,41.73566934,-87.6638259
0,347200,-1,30,0,0,0,3,12,2,-1,0,0,0,0,-1,-1,-1,22,0,2432,-1,-1,-1,-1,-1,-1,2,0,0,0,0,0,2,0,18,5,7,42.00435945,-87.66098926
2,347010,-1,30,0,0,0,1,0,5,2,0,0,0,1,-1,-1,-1,17,0,1922,-1,-1,-1,-1,-1,-1,2,5,0,0,5,0,0,0,18,5,7,41.94692062,-87.66637513
0,346989,-1,30,1,2,0,1,0,12,0,2,0,0,0,1,-1,-1,6,11,531,-1,-1,-1,-1,-1,-1,2,0,0,0,0,0,2,0,18,5,7,41.69264396,-87.61352013
0,346953,-1,35,0,0,0,1,1,2,4,0,0,0,0,-1,-1,-1,1,-1,1614,-1,-1,-1,-1,-1,-1,1,0,0,0,0,0,1,0,18,5,7,41.97959735,-87.84629335
0,347207,-1,30,0,0,0,1,14,5,-1,0,0,0,0,-1,-1,-1,17,-1,1433,-1,-1,-1,-1,-1,-1,2,0,0,0,0,0,2,0,18,5,7,41.91052512,-87.66738106
0,347088,-1,30,12,12,0,1,2,5,4,0,0,0,1,-1,0,-1,3,-1,922,-1,-1,-1,-1,-1,-1,1,0,0,0,0,0,1,0,18,5,7,41.80477351,-87.68390498
0,346998,-1,10,0,0,0,1,7,7,-1,0,0,0,0,-1,1,-1,0,0,925,-1,-1,-1,-1,-1,-1,2,0,0,0,0,0,1,0,18,5,7,41.81618611,-87.64345182
0,346976,-1,30,1,2,0,1,8,5,-1,0,0,0,0,-1,-1,-1,23,-1,1232,-1,-1,-1,-1,-1,-1,2,0,0,0,0,0,2,0,18,5,7,41.86716277,-87.65324512
0,347013,-1,25,0,0,0,1,12,5,2,0,0,0,0,-1,-1,-1,11,-1,524,-1,-1,-1,-1,-1,-1,2,0,0,0,0,0,2,0,18,5,7,41.68419513,-87.64684077
0,348354,-1,30,1,2,0,1,10,2,4,0,0,0,0,1,-1,-1,0,-1,2513,-1,-1,-1,-1,-1,-1,3,0,0,0,0,0,5,0,18,5,7,41.9091245,-87.79568508
0,346945,-1,30,1,2,0,1,10,2,4,0,0,0,0,-1,-1,1,0,0,113,-1,-1,-1,-1,-1,-1,2,0,0,0,0,0,2,0,18,5,7,41.87735206,-87.62751424
2,351209,-1,30,1,2,0,1,14,2,-1,0,0,0,1,1,-1,1,6,-1,624,-1,-1,-1,-1,-1,-1,2,1,0,0,1,0,1,0,18,5,7,41.75117562,-87.60527365
0,346961,-1,30,1,2,0,1,10,5,-1,0,0,0,0,-1,-1,-1,18,11,1934,-1,-1,-1,-1,-1,-1,2,0,0,0,0,0,2,0,18,5,7,41.93601109,-87.64897918
0,346925,-1,30,0,0,0,1,14,5,2,0,0,0,1,1,-1,1,18,0,2525,-1,-1,-1,-1,-1,-1,2,0,0,0,0,0,4,0,18,5,7,41.91731611,-87.72301419
2,346939,-1,30,1,2,0,1,0,5,2,0,0,0,1,-1,-1,-1,0,11,1612,-1,-1,-1,-1,-1,-1,3,2,0,0,2,0,3,0,17,5,7,41.98599562,-87.80706012
0,346955,0,30,0,0,0,1,0,5,2,0,0,0,0,1,-1,1,16,20,213,-1,1,-1,-1,-1,-1,2,0,0,0,0,0,2,0,17,5,7,41.8182323,-87.62484084
0,346943,-1,30,0,0,0,1,14,5,-1,0,0,0,0,-1,-1,-1,17,16,2524,-1,-1,-1,-1,-1,-1,2,0,0,0,0,0,2,0,17,5,7,41.92459457,-87.72671052
0,346923,-1,30,1,2,0,1,14,2,4,0,0,0,1,1,-1,-1,6,-1,1432,-1,-1,-1,-1,-1,-1,2,0,0,0,0,0,6,0,17,5,7,41.92492246,-87.67741968
2,346913,-1,30,2,2,0,1,0,2,4,0,0,0,1,1,-1,-1,5,17,831,-1,-1,-1,-1,-1,-1,2,2,0,0,1,1,2,0,17,5,7,41.76244688,-87.7026966
0,346986,-1,30,0,0,0,1,10,5,-1,0,0,0,0,-1,-1,-1,18,-1,2532,-1,-1,-1,-1,-1,-1,2,0,0,0,0,0,2,0,17,5,7,41.90415092,-87.75596462
0,346963,-1,30,1,2,0,1,14,2,4,0,0,0,0,1,-1,-1,17,6,2433,-1,-1,-1,-1,-1,-1,2,0,0,0,0,0,2,0,17,5,7,41.99084011,-87.67017295
0,346941,-1,30,0,0,0,1,10,5,4,0,0,0,0,-1,-1,-1,18,-1,811,-1,-1,-1,-1,-1,-1,2,0,0,0,0,0,3,0,17,5,7,41.7854162,-87.80110066
0,346949,-1,30,0,0,0,1,12,5,-1,0,0,0,0,-1,-1,-1,0,-1,732,-1,-1,-1,-1,-1,-1,2,0,0,0,0,0,3,0,17,5,7,41.76521542,-87.63725538
0,346932,-1,30,0,0,0,1,14,5,2,0,0,0,0,-1,-1,-1,0,0,1722,-1,-1,-1,-1,-1,-1,2,0,0,0,0,0,2,0,17,5,7,41.95373705,-87.72776661
0,346969,-1,30,0,0,0,1,10,3,2,0,0,0,0,-1,-1,1,0,0,1915,-1,-1,-1,-1,-1,-1,2,0,0,0,0,0,2,0,17,5,7,41.95468233,-87.64911371
0,346878,-1,30,0,0,0,1,10,5,2,0,0,-1,0,-1,-1,-1,0,0,632,-1,-1,-1,-1,-1,-1,2,0,0,0,0,0,2,0,17,5,7,41.74368219,-87.61593867
0,346921,-1,30,0,0,0,1,12,5,-1,0,0,0,0,-1,-1,-1,0,0,731,-1,-1,-1,-1,-1,-1,2,0,0,0,0,0,2,0,17,5,7,41.76174141,-87.62983348
0,346884,-1,30,0,0,0,1,10,5,2,0,0,0,1,-1,-1,-1,33,17,1623,-1,-1,-1,-1,-1,-1,3,0,0,0,0,0,4,0,17,5,7,41.96777903,-87.75919149
0,347048,1,15,0,0,0,1,7,7,1,0,0,0,0,-1,-1,-1,0,0,1711,-1,-1,-1,-1,-1,-1,2,0,0,0,0,0,1,0,17,5,7,41.98593151,-87.72836921
0,346965,-1,30,0,0,0,1,10,3,-1,0,0,-1,0,-1,-1,-1,0,0,2024,-1,-1,-1,-1,-1,-1,2,0,0,0,0,0,2,0,17,5,7,41.97604516,-87.6498221
0,346918,-1,30,0,0,0,1,0,5,-1,0,-1,-1,0,0,-1,-1,17,-1,913,-1,-1,-1,-1,-1,-1,2,0,0,0,0,0,2,0,17,5,7,41.83717458,-87.65169876
0,346890,-1,30,0,0,0,1,10,2,-1,0,0,-1,0,-1,-1,-1,17,-1,1623,-1,-1,-1,-1,-1,-1,2,0,0,0,0,0,2,0,17,5,7,41.97593708,-87.76832619
0,346877,-1,40,0,0,0,1,10,3,4,0,0,0,1,-1,-1,1,18,-1,2024,-1,-1,-1,-1,-1,-1,2,0,0,0,0,0,2,0,17,5,7,41.97593543,-87.65008228
0,346873,-1,30,-1,-1,-1,-1,7,6,-1,0,0,-1,0,-1,-1,1,0,-1,2534,-1,-1,-1,-1,-1,-1,2,0,0,0,0,0,1,0,17,5,7,41.9120249,-87.73021028
0,346836,-1,30,1,2,0,1,7,6,2,0,0,-1,0,-1,-1,1,0,0,915,-1,-1,-1,-1,-1,-1,2,0,0,0,0,0,3,0,16,5,7,41.8346382,-87.64361368
0,346892,1,30,0,0,0,1,7,6,1,0,-1,-1,1,-1,-1,-1,0,-1,432,-1,-1,-1,-1,-1,-1,3,0,0,0,0,0,1,0,16,5,7,41.71830754,-87.53422369
0,346823,-1,30,0,0,0,1,10,2,-1,0,0,0,0,1,-1,-1,0,0,912,-1,-1,-1,-1,-1,-1,2,0,0,0,0,0,4,0,16,5,7,41.83545687,-87.66583402
0,346815,-1,30,0,0,0,1,10,5,2,0,0,0,0,-1,-1,1,18,-1,311,-1,-1,-1,-1,-1,-1,2,0,0,0,0,0,2,0,16,5,7,41.78375291,-87.61694627
0,346922,-1,30,1,2,0,1,10,5,-1,0,0,-1,0,-1,-1,-1,18,-1,412,-1,-1,-1,-1,-1,-1,2,0,0,0,0,0,2,0,16,5,7,41.73726272,-87.56891401
0,346882,-1,25,0,0,0,1,10,2,4,0,0,0,0,-1,-1,-1,0,0,911,-1,-1,-1,-1,-1,-1,2,0,0,0,0,0,2,0,16,5,7,41.83773522,-87.68535751
0,346843,-1,30,1,2,0,1,10,2,4,0,0,0,0,-1,-1,-1,16,11,923,-1,-1,-1,-1,-1,-1,2,0,0,0,0,0,2,0,16,5,7,41.80105284,-87.68436765
0,346899,-1,30,2,2,1,1,2,5,2,0,0,0,0,1,-1,1,0,0,932,-1,-1,-1,-1,-1,-1,1,0,0,0,0,0,1,0,16,5,7,41.79956713,-87.66701884
0,346810,-1,30,0,0,0,1,2,5,2,0,0,0,0,-1,-1,-1,0,0,1931,-1,-1,-1,-1,-1,-1,1,0,0,0,0,0,1,0,16,5,7,41.92860317,-87.67313673
0,347028,-1,30,0,0,0,1,12,12,-1,0,0,0,0,-1,-1,-1,21,0,1135,-1,-1,-1,-1,-1,-1,2,0,0,0,0,0,2,0,16,5,7,41.87500857,-87.69624567
0,347024,-1,30,0,0,0,1,12,5,2,0,0,-1,0,-1,-1,-1,0,0,424,-1,-1,-1,-1,-1,-1,2,0,0,0,0,0,2,0,16,5,7,41.74186524,-87.5511284
0,346944,-1,25,0,0,0,1,7,5,-1,0,0,0,0,-1,-1,1,0,0,1234,-1,-1,-1,-1,-1,-1,2,0,0,0,0,0,1,0,16,5,7,41.85330284,-87.66879828
0,346885,-1,30,1,2,0,1,12,6,-1,0,0,0,0,-1,-1,1,22,-1,1133,-1,-1,-1,-1,-1,-1,2,0,0,0,0,0,2,0,16,5,7,41.87465218,-87.71091574
0,346847,-1,30,0,0,0,1,10,5,-1,0,-1,-1,0,-1,-1,-1,0,-1,1034,-1,-1,-1,-1,-1,-1,2,0,0,0,0,0,3,0,16,5,7,41.83848013,-87.68759654
2,346818,-1,35,0,0,0,1,10,6,1,0,0,0,1,-1,-1,-1,16,0,333,-1,-1,-1,-1,-1,-1,2,11,0,0,11,0,1,0,16,5,7,41.76594996,-87.57736259
2,346800,-1,30,0,0,0,0,10,3,2,0,0,0,1,-1,-1,-1,0,0,1233,-1,-1,-1,-1,-1,-1,4,1,0,0,1,0,3,0,16,5,7,41.8603915,-87.67622593
0,346883,-1,30,0,0,0,1,10,5,-1,0,0,0,0,-1,-1,-1,18,0,333,-1,-1,-1,-1,-1,-1,2,0,0,0,0,0,2,0,16,5,7,41.76428391,-87.57640667
2,346781,-1,30,2,2,0,1,0,1,2,0,0,0,1,1,-1,-1,17,-1,1221,-1,-1,-1,-1,-1,-1,2,2,0,0,2,0,1,0,16,5,7,41.89381681,-87.68690782
0,346774,-1,30,0,0,0,1,5,6,1,0,0,0,0,-1,-1,-1,3,3,621,-1,-1,-1,-1,-1,-1,3,0,0,0,0,0,3,0,16,5,7,41.75230558,-87.64423411
0,348085,-1,30,1,2,0,1,10,2,4,0,0,0,0,-1,-1,-1,18,0,2521,-1,-1,-1,-1,-1,-1,2,0,0,0,0,0,2,0,16,5,7,41.92435238,-87.74608614
0,346814,-1,30,1,2,0,1,10,5,2,0,0,0,0,-1,-1,1,18,-1,725,-1,-1,-1,-1,-1,-1,2,0,0,0,0,0,2,0,16,5,7,41.77391901,-87.66421393
2,346809,-1,30,0,0,0,1,0,5,2,0,0,0,1,-1,-1,-1,17,0,1921,-1,-1,-1,-1,-1,-1,2,2,0,0,2,0,1,0,16,5,7,41.94664171,-87.68697793
0,346798,-1,30,0,0,0,1,0,12,0,0,0,0,0,1,-1,0,17,11,815,-1,-1,-1,-1,-1,-1,2,0,0,0,0,0,2,0,16,5,7,41.80769948,-87.72985003
0,346801,-1,30,2,2,0,1,14,5,2,0,0,0,0,1,-1,-1,0,-1,1234,-1,-1,-1,-1,-1,-1,2,0,0,0,0,0,3,0,16,5,7,41.85585475,-87.67119305
0,347358,-1,25,0,0,0,1,14,2,-1,2,0,0,0,-1,-1,-1,33,33,1724,-1,-1,-1,-1,-1,-1,2,0,0,0,0,0,2,0,16,5,7,41.96113066,-87.69990469
0,346841,-1,30,2,2,0,1,0,5,2,0,0,-1,0,-1,-1,-1,17,0,1724,-1,-1,-1,-1,-1,-1,2,0,0,0,0,0,2,0,16,5,7,41.96113913,-87.69854238
0,346839,-1,30,0,0,0,1,7,7,-1,0,0,0,0,-1,1,-1,-1,-1,2413,-1,-1,-1,-1,-1,-1,2,0,0,0,0,0,1,0,16,5,7,41.99053342,-87.70290717
0,346779,-1,30,1,2,0,1,12,2,5,0,0,0,0,-1,-1,1,22,16,1814,-1,-1,-1,-1,-1,-1,2,0,0,0,0,0,2,0,16,5,7,41.9129661,-87.63288936
0,346776,-1,30,0,0,2,1,7,5,-1,0,0,0,0,-1,-1,1,0,0,1022,-1,-1,-1,-1,-1,-1,2,0,0,0,0,0,1,0,16,5,7,41.85192797,-87.70164248
0,348268,-1,30,1,2,0,1,10,5,-1,0,0,-1,0,1,-1,-1,21,11,611,-1,-1,-1,-1,-1,-1,2,0,0,0,0,0,2,0,16,5,7,41.75026224,-87.66358012
0,346849,-1,25,0,0,0,1,7,7,1,0,0,0,0,-1,-1,1,0,0,1023,-1,-1,-1,-1,-1,-1,2,0,0,0,0,0,1,0,16,5,7,41.85465724,-87.69539303
0,345769,-1,30,1,2,0,1,14,5,6,2,0,0,0,1,-1,-1,23,8,914,-1,-1,-1,-1,-1,-1,2,0,0,0,0,0,3,0,15,5,7,41.8529657,-87.63175599
0,346936,-1,20,1,2,0,1,14,5,-1,2,0,0,0,-1,-1,1,0,0,1925,-1,-1,-1,-1,-1,-1,2,0,0,0,0,0,2,0,15,5,7,41.94050251,-87.63844367
3,346812,-1,25,0,0,0,1,9,5,2,0,0,0,1,-1,-1,1,-1,-1,431,-1,-1,-1,-1,-1,-1,2,1,0,1,0,0,1,0,15,5,7,41.71258032,-87.55107127
0,346796,-1,30,1,2,0,1,14,3,6,0,0,0,1,1,-1,-1,17,25,1834,-1,-1,-1,-1,-1,-1,2,0,0,0,0,0,2,0,15,5,7,41.89259323,-87.62433405
0,346761,-1,30,0,0,0,1,14,8,0,0,0,0,0,-1,1,-1,0,0,124,-1,-1,-1,-1,-1,-1,2,0,0,0,0,0,2,0,15,5,7,41.86586098,-87.64082478
1,346745,-1,30,1,2,0,1,10,5,2,0,0,0,1,-1,-1,-1,0,0,713,-1,-1,-1,-1,-1,-1,2,1,0,0,0,1,2,0,15,5,7,41.77959373,-87.66361288
0,346799,-1,25,0,0,0,1,10,2,2,0,0,0,0,-1,-1,-1,0,0,921,-1,-1,-1,-1,-1,-1,2,0,0,0,0,0,2,0,15,5,7,41.81726472,-87.69462384
2,346759,-1,30,0,0,0,1,10,5,2,0,0,0,1,-1,-1,-1,0,-1,923,-1,-1,-1,-1,-1,-1,2,1,0,0,1,0,1,0,15,5,7,41.7937009,-87.69941785
0,347215,-1,30,0,0,0,1,10,5,-1,2,0,0,0,-1,-1,-1,18,16,431,-1,-1,-1,-1,-1,-1,2,0,0,0,0,0,2,0,15,5,7,41.72075402,-87.57525543
0,346844,-1,25,1,2,0,1,12,2,4,0,0,0,0,-1,-1,-1,0,0,833,-1,-1,-1,-1,-1,-1,2,0,0,0,0,0,2,0,15,5,7,41.76038824,-87.74162717
0,346777,-1,30,1,-1,0,1,14,3,-1,0,-1,-1,0,1,-1,-1,18,-1,111,-1,-1,-1,-1,-1,-1,2,0,0,0,0,0,2,0,15,5,7,41.88706984,-87.63059133
0,346728,-1,30,1,2,0,1,2,5,2,0,0,0,1,-1,-1,-1,11,-1,921,-1,-1,-1,-1,-1,-1,1,0,0,0,0,0,4,0,15,5,7,41.8225154,-87.70431578
0,346760,-1,30,0,0,0,1,7,2,2,0,0,0,1,-1,-1,-1,0,-1,1013,-1,-1,-1,-1,-1,-1,2,0,0,0,0,0,1,0,15,5,7,41.8514861,-87.72103896
0,346813,-1,30,1,2,0,1,10,6,4,0,0,0,1,-1,-1,-1,18,-1,122,-1,-1,-1,-1,-1,-1,2,0,0,0,0,0,2,0,15,5,7,41.87660328,-87.63383461
0,346723,-1,35,1,2,0,1,12,5,2,0,0,0,1,-1,-1,-1,22,22,1621,-1,-1,-1,-1,-1,-1,2,0,0,0,0,0,2,0,15,5,7,41.99738872,-87.76392152
0,346696,-1,30,-1,-1,0,1,12,5,-1,0,0,-1,0,-1,-1,-1,0,-1,2522,-1,-1,-1,-1,-1,-1,2,0,0,0,0,0,3,0,15,5,7,41.91794568,-87.74629624