MOST_SEVERE_INJURY,RD_NO,CRASH_DATE_EST_I,POSTED_SPEED_LIMIT,TRAFFIC_CONTROL_DEVICE,DEVICE_CONDITION,WEATHER_CONDITION,LIGHTING_CONDITION,FIRST_CRASH_TYPE,TRAFFICWAY_TYPE,LANE_CNT,ALIGNMENT,ROADWAY_SURFACE_COND,ROAD_DEFECT,CRASH_TYPE,INTERSECTION_RELATED_I,NOT_RIGHT_OF_WAY_I,HIT_AND_RUN_I,PRIM_CONTRIBUTORY_CAUSE,SEC_CONTRIBUTORY_CAUSE,BEAT_OF_OCCURRENCE,PHOTOS_TAKEN_I,STATEMENTS_TAKEN_I,DOORING_I,WORK_ZONE_I,WORK_ZONE_TYPE,WORKERS_PRESENT_I,NUM_UNITS,INJURIES_TOTAL,INJURIES_FATAL,INJURIES_INCAPACITATING,INJURIES_NON_INCAPACITATING,INJURIES_REPORTED_NOT_EVIDENT,INJURIES_NO_INDICATION,INJURIES_UNKNOWN,CRASH_HOUR,CRASH_DAY_OF_WEEK,CRASH_MONTH,LATITUDE,LONGITUDE
0,346706,-1,30,1,2,0,1,14,5,2,0,0,-1,0,-1,-1,1,23,-1,1112,-1,-1,-1,-1,-1,-1,2,0,0,0,0,0,2,0,15,5,7,41.89522119,-87.72592861
0,346741,-1,30,0,0,0,1,14,5,2,0,0,0,0,1,-1,-1,23,-1,114,-1,-1,-1,-1,-1,-1,2,0,0,0,0,0,3,0,15,5,7,41.88769947,-87.6208488
0,346719,-1,30,0,0,0,1,10,5,-1,0,0,0,0,-1,-1,-1,20,16,1423,-1,-1,-1,-1,-1,-1,2,0,0,0,0,0,2,0,15,5,7,41.90382037,-87.69704968
0,346711,-1,30,1,2,0,1,10,5,-1,0,0,0,0,1,-1,-1,18,-1,2515,-1,-1,-1,-1,-1,-1,2,0,0,0,0,0,2,0,15,5,7,41.9240902,-87.76605353
0,346709,0,30,0,0,0,1,2,5,2,0,0,0,1,-1,-1,1,0,0,522,-1,-1,-1,-1,-1,-1,1,0,0,0,0,0,1,0,15,5,7,41.68512863,-87.6296948
0,346686,-1,30,0,0,0,1,10,2,2,0,0,0,1,-1,-1,-1,0,0,1722,-1,-1,-1,-1,-1,-1,2,0,0,0,0,0,2,0,15,5,7,41.96660997,-87.73773555
0,348004,-1,30,0,0,0,1,7,6,1,0,-1,-1,0,-1,-1,1,25,0,234,-1,-1,-1,-1,-1,-1,2,0,0,0,0,0,1,0,14,5,7,41.80013156,-87.58907107
0,346680,-1,30,0,0,0,1,8,2,2,0,0,0,0,-1,-1,-1,11,-1,1913,-1,-1,1,-1,-1,-1,2,0,0,0,0,0,2,0,14,5,7,41.96655606,-87.66685847
0,346664,-1,30,1,2,0,1,12,5,4,0,0,0,0,1,-1,-1,0,-1,1821,-1,-1,-1,-1,-1,-1,2,0,0,0,0,0,6,0,14,5,7,41.903881,-87.63967165
0,346672,-1,30,0,0,0,1,0,5,-1,0,0,-1,0,-1,-1,-1,17,-1,833,-1,-1,-1,-1,-1,-1,2,0,0,0,0,0,7,0,14,5,7,41.77469454,-87.7420133
0,346747,1,10,0,0,0,1,7,8,2,5,0,0,0,-1,1,1,23,0,1933,-1,-1,-1,-1,-1,-1,2,0,0,0,0,0,1,0,14,5,7,41.93644801,-87.64929075
0,346667,-1,30,1,2,0,1,14,5,-1,0,0,-1,0,1,-1,-1,17,-1,1624,-1,-1,-1,-1,-1,-1,2,0,0,0,0,0,2,0,14,5,7,41.95334314,-87.75729593
0,346758,-1,30,0,0,0,1,7,7,-1,0,0,0,0,-1,-1,-1,11,-1,1231,-1,-1,-1,-1,-1,-1,2,0,0,0,0,0,1,0,14,5,7,41.87171471,-87.66796241
0,347611,-1,25,0,0,0,1,7,6,1,0,0,0,0,-1,-1,1,0,-1,724,-1,-1,-1,-1,-1,-1,2,0,0,0,0,0,1,0,14,5,7,41.77664646,-87.65306234
0,346653,-1,30,0,0,0,1,10,6,-1,0,0,0,0,-1,-1,-1,18,-1,1031,-1,-1,-1,-1,-1,-1,2,0,0,0,0,0,2,0,14,5,7,41.83741822,-87.72177462
0,346850,-1,20,1,-1,0,1,10,7,-1,0,0,-1,0,-1,-1,-1,0,0,1651,-1,-1,-1,-1,-1,-1,2,0,0,0,0,0,2,0,14,5,7,41.97620114,-87.90530913
2,346637,-1,25,3,2,0,1,14,2,4,0,0,0,1,-1,-1,-1,17,17,1411,-1,-1,-1,-1,-1,-1,2,1,0,0,1,0,2,0,14,5,7,41.92854222,-87.70134244
0,347059,-1,25,0,0,0,1,0,2,4,0,0,0,0,-1,-1,-1,0,0,922,-1,-1,-1,-1,-1,-1,2,0,0,0,0,0,3,0,14,5,7,41.80836955,-87.6840194
0,246613,-1,30,1,2,0,1,10,8,-1,3,0,0,1,-1,-1,-1,20,11,912,-1,-1,-1,-1,-1,-1,2,0,0,0,0,0,2,0,14,5,7,41.83762566,-87.66560485
0,367802,-1,10,0,0,0,1,0,0,-1,0,0,0,0,-1,-1,-1,20,0,2521,-1,-1,-1,-1,-1,-1,2,0,0,0,0,0,2,0,14,5,7,41.92718781,-87.74026108
0,346804,-1,30,0,0,0,1,10,5,2,0,0,0,0,0,-1,-1,18,-1,1935,-1,-1,-1,-1,-1,-1,3,0,0,0,0,0,6,0,14,5,7,41.92783382,-87.64165881
0,346654,-1,30,1,2,0,1,12,5,2,0,0,0,0,-1,-1,-1,0,0,423,-1,-1,-1,-1,-1,-1,2,0,0,0,0,0,2,0,14,5,7,41.73728557,-87.55157514
0,346627,-1,30,0,0,0,1,12,2,2,0,0,0,0,-1,-1,-1,0,-1,2531,-1,-1,-1,-1,-1,-1,2,0,0,0,0,0,3,0,14,5,7,41.91441499,-87.77525073
0,346910,-1,25,0,0,0,1,12,5,2,0,0,0,0,-1,-1,-1,17,-1,233,-1,-1,-1,-1,-1,-1,2,0,0,0,0,0,7,0,14,5,7,41.79095191,-87.60629306
0,346880,-1,30,0,0,0,1,2,6,1,0,0,12,0,-1,-1,-1,29,33,513,-1,-1,-1,-1,-1,-1,1,0,0,0,0,0,1,0,14,5,7,41.69808914,-87.62913589
0,347818,-1,30,0,0,0,1,14,5,4,0,0,0,0,-1,-1,-1,0,0,1131,-1,-1,-1,-1,-1,-1,2,0,0,0,0,0,2,0,14,5,7,41.87421949,-87.73509357
0,346855,-1,30,0,0,0,1,12,5,-1,0,0,0,0,-1,-1,0,21,22,1822,-1,-1,-1,-1,-1,-1,2,0,0,0,0,0,2,0,13,5,7,41.91080902,-87.64833033
0,346647,-1,20,2,2,0,1,11,5,2,0,0,0,0,-1,-1,1,14,17,725,-1,-1,-1,-1,-1,-1,2,0,0,0,0,0,2,0,13,5,7,41.77753511,-87.66484441
0,346968,-1,30,0,0,0,1,7,5,-1,0,0,0,0,-1,-1,1,20,20,1213,-1,-1,-1,-1,-1,-1,2,0,0,0,0,0,1,0,13,5,7,41.89611861,-87.66836979
0,346803,-1,30,1,2,0,1,0,2,2,0,0,0,1,1,-1,-1,33,17,632,-1,-1,-1,-1,-1,-1,2,0,0,0,0,0,2,0,13,5,7,41.73645505,-87.61467291
0,346570,-1,30,2,0,0,1,14,5,-1,0,0,0,0,-1,-1,-1,17,23,1214,-1,-1,-1,-1,-1,-1,2,0,0,0,0,0,2,0,13,5,7,41.88735909,-87.64767071
0,346568,-1,30,0,0,0,1,14,5,-1,0,0,0,0,-1,-1,-1,17,17,131,-1,-1,-1,-1,-1,-1,2,0,0,0,0,0,2,0,13,5,7,41.85652572,-87.63034289
0,346546,-1,30,1,2,0,1,14,3,-1,0,0,0,0,1,-1,-1,21,23,225,-1,-1,-1,-1,-1,-1,2,0,0,0,0,0,2,0,13,5,7,41.79409045,-87.63052733
0,346595,-1,30,0,0,0,1,14,5,2,0,0,0,1,-1,-1,1,23,0,412,-1,-1,-1,-1,-1,-1,2,0,0,0,0,0,2,0,13,5,7,41.73673805,-87.59192587
1,346563,-1,30,0,0,0,1,0,5,2,0,0,0,1,-1,-1,-1,17,17,222,-1,-1,-1,-1,-1,-1,2,3,0,0,0,3,1,0,13,5,7,41.81140962,-87.59468643
0,346699,-1,35,1,2,0,1,7,5,2,0,0,0,0,-1,-1,-1,0,0,1831,-1,-1,-1,-1,-1,-1,2,0,0,0,0,0,1,0,13,5,7,41.88910214,-87.63098607
0,346630,-1,35,1,2,0,1,14,5,-1,0,0,0,0,-1,-1,-1,23,23,523,-1,-1,-1,-1,-1,-1,2,0,0,0,0,0,3,0,13,5,7,41.66307235,-87.63647287
0,346500,-1,30,2,2,0,1,0,2,-1,0,0,0,1,1,-1,-1,22,-1,823,-1,-1,-1,-1,-1,-1,2,0,0,0,0,0,2,0,13,5,7,41.78090676,-87.70330618
3,346514,0,30,1,2,0,1,0,1,4,0,0,0,1,1,-1,-1,11,17,1623,-1,-1,-1,-1,-1,-1,2,3,0,2,1,0,5,0,13,5,7,41.97530732,-87.7579249
0,347544,-1,30,0,0,0,1,8,5,2,0,0,0,0,-1,-1,-1,0,0,511,-1,-1,-1,-1,-1,-1,2,0,0,0,0,0,2,0,13,5,7,41.70737367,-87.61703039
0,347622,-1,30,0,0,0,1,12,7,2,0,0,0,0,-1,-1,-1,0,0,1232,-1,-1,-1,-1,-1,-1,2,0,0,0,0,0,2,0,13,5,7,41.88012878,-87.6471646
0,346590,-1,30,1,2,0,1,12,2,4,0,0,0,0,1,-1,-1,22,0,1733,-1,-1,-1,-1,-1,-1,2,0,0,0,0,0,3,0,13,5,7,41.94651094,-87.70896897
1,346560,-1,30,0,0,0,1,10,3,-1,0,-1,-1,1,-1,-1,-1,18,-1,114,-1,-1,-1,-1,-1,-1,2,1,0,0,0,1,3,0,13,5,7,41.87575626,-87.61751568
0,346548,-1,15,0,0,0,1,2,0,-1,0,12,0,0,-1,1,1,25,16,2221,-1,-1,-1,-1,-1,-1,1,0,0,0,0,0,1,0,13,5,7,41.72157393,-87.67708924
0,346472,-1,30,0,0,0,1,7,2,2,0,0,0,0,-1,-1,-1,21,11,1424,-1,-1,-1,-1,-1,-1,2,0,0,0,0,0,1,0,13,5,7,41.90332174,-87.67598197
0,346533,-1,30,1,2,1,1,14,2,-1,0,0,12,0,1,-1,-1,0,0,2032,-1,-1,-1,-1,-1,-1,2,0,0,0,0,0,2,0,12,5,7,41.9690006,-87.66792885
0,346540,-1,30,2,2,0,1,0,5,2,0,0,0,0,-1,-1,1,5,5,224,-1,-1,-1,-1,-1,-1,2,0,0,0,0,0,2,0,12,5,7,41.80929091,-87.61673305
0,346531,-1,30,1,0,0,1,10,5,4,0,0,0,0,-1,-1,-1,0,-1,1223,-1,-1,-1,-1,-1,-1,2,0,0,0,0,0,2,0,12,5,7,41.88204232,-87.68630877
0,346492,-1,5,0,0,0,1,0,7,-1,0,0,0,0,-1,1,-1,0,20,1711,-1,-1,-1,-1,-1,-1,2,0,0,0,0,0,2,0,12,5,7,41.99629003,-87.71675089
0,346479,-1,0,0,0,0,1,0,7,-1,0,0,0,0,-1,1,-1,20,18,913,-1,-1,-1,-1,-1,-1,2,0,0,0,0,0,6,0,12,5,7,41.83977195,-87.64646751
0,346474,-1,30,2,2,0,0,14,2,2,2,0,0,0,0,-1,-1,17,-1,2512,-1,-1,0,-1,-1,-1,2,0,0,0,0,0,2,0,12,5,7,41.91816408,-87.79522116
0,346502,-1,30,1,2,0,1,10,2,4,0,0,0,1,-1,-1,-1,16,18,1614,-1,-1,-1,-1,-1,-1,2,0,0,0,0,0,2,0,12,5,7,41.95216005,-87.83660007
0,346477,-1,30,1,2,0,1,10,3,4,0,0,0,0,-1,-1,-1,0,0,814,-1,-1,-1,-1,-1,-1,2,0,0,0,0,0,2,0,12,5,7,41.80753037,-87.74329682
0,346541,-1,30,1,2,0,1,14,5,4,0,0,0,0,1,-1,1,0,-1,1522,-1,-1,-1,-1,-1,-1,2,0,0,0,0,0,2,0,12,5,7,41.86571504,-87.76418261
0,346554,-1,30,0,0,0,1,7,2,2,0,0,0,0,-1,-1,-1,0,-1,2031,-1,-1,-1,-1,-1,-1,2,0,0,0,0,0,2,0,12,5,7,41.97226686,-87.70137084
0,346452,-1,35,0,0,0,1,0,4,-1,0,0,0,1,-1,-1,-1,33,0,2524,-1,-1,-1,-1,-1,-1,2,0,0,0,0,0,2,0,12,5,7,41.92820785,-87.72815856
0,346469,-1,30,0,0,0,1,7,5,-1,0,0,-1,0,-1,-1,1,0,-1,1132,-1,-1,-1,-1,-1,-1,2,0,0,0,0,0,2,0,12,5,7,41.87301727,-87.72555237
0,346639,-1,10,0,0,0,1,7,7,1,0,0,0,0,-1,-1,1,20,-1,2512,-1,-1,-1,-1,-1,-1,2,0,0,0,0,0,1,0,12,5,7,41.92888333,-87.80628007
0,346558,-1,30,0,0,0,1,10,6,1,0,0,0,0,-1,-1,-1,0,0,2024,-1,-1,-1,-1,-1,-1,2,0,0,0,0,0,2,0,12,5,7,41.97350414,-87.65618956
0,346470,-1,15,0,0,0,1,8,0,1,0,0,0,0,-1,-1,-1,33,-1,122,-1,-1,-1,-1,-1,-1,2,0,0,0,0,0,2,0,12,5,7,41.88101893,-87.63514449
0,346454,-1,30,1,2,0,1,10,5,1,0,0,0,0,-1,-1,-1,20,20,531,-1,-1,-1,-1,-1,-1,2,0,0,0,0,0,2,0,12,5,7,41.69272519,-87.60584622
2,346442,-1,30,1,1,0,1,14,2,-1,0,0,0,1,1,-1,-1,0,-1,1022,-1,-1,-1,-1,-1,-1,2,1,0,0,1,0,1,0,12,5,7,41.85805326,-87.70555564
0,346701,-1,30,1,2,0,1,10,2,-1,0,0,-1,0,1,-1,-1,17,-1,1614,-1,-1,-1,-1,-1,-1,2,0,0,0,0,0,2,0,12,5,7,41.95216886,-87.8367752
0,346422,-1,30,1,3,0,1,10,5,2,0,0,0,0,-1,-1,-1,18,-1,1911,-1,-1,-1,-1,-1,-1,3,0,0,0,0,0,3,0,12,5,7,41.96863531,-87.68000567
0,346778,-1,0,2,2,0,1,7,5,1,0,0,0,0,-1,-1,1,0,0,1235,-1,-1,-1,-1,-1,-1,2,0,0,0,0,0,1,0,12,5,7,41.85283629,-87.64185516
0,346436,-1,30,2,2,0,1,0,5,4,0,0,0,0,1,-1,-1,17,0,1231,-1,-1,-1,-1,-1,-1,2,0,0,0,0,0,6,0,12,5,7,41.873217,-87.67567518
0,346411,-1,30,1,2,0,1,7,2,-1,2,0,0,0,1,-1,-1,22,-1,631,-1,-1,-1,-1,-1,-1,2,0,0,0,0,0,1,0,12,5,7,41.74605756,-87.60523844
2,346408,-1,30,2,2,0,1,8,5,2,0,0,0,1,1,-1,-1,0,0,1921,-1,-1,-1,-1,-1,-1,2,1,0,0,1,0,1,0,12,5,7,41.94672366,-87.68083378
1,346429,-1,35,1,2,0,1,12,2,-1,0,0,0,1,1,-1,-1,22,-1,833,-1,1,-1,-1,-1,-1,2,2,0,0,0,2,2,0,11,5,7,41.76038824,-87.74162717
0,346416,-1,30,0,0,0,1,0,2,2,0,0,0,0,-1,-1,-1,0,-1,1114,-1,-1,-1,-1,-1,-1,2,0,0,0,0,0,2,0,11,5,7,41.88536097,-87.72593411
0,349283,-1,0,0,0,0,1,2,7,0,0,0,0,0,-1,-1,-1,20,-1,1712,-1,-1,-1,-1,-1,-1,1,0,0,0,0,0,2,0,11,5,7,41.96856245,-87.74065932
0,346371,-1,30,0,0,0,1,7,5,-1,0,0,0,0,-1,-1,1,0,0,1921,-1,-1,-1,-1,-1,-1,2,0,0,0,0,0,3,0,11,5,7,41.94960318,-87.68848458
0,346597,-1,30,0,0,0,1,7,5,-1,0,-1,-1,0,-1,-1,-1,0,-1,1113,-1,-1,-1,-1,-1,-1,2,0,0,0,0,0,1,0,11,5,7,41.88460929,-87.74127162
0,346511,-1,25,0,0,0,1,7,5,2,0,0,0,0,-1,-1,-1,0,11,2512,-1,-1,-1,-1,-1,-1,2,0,0,0,0,0,1,0,11,5,7,41.92109648,-87.79180775
0,346619,-1,0,1,2,0,3,0,2,4,0,0,0,0,-1,-1,-1,0,0,234,-1,-1,-1,-1,-1,-1,2,0,0,0,0,0,3,0,11,5,7,41.79967733,-87.58681064
0,346380,-1,30,1,2,0,1,12,2,-1,0,0,0,0,1,-1,1,25,22,1233,-1,-1,-1,-1,-1,-1,3,0,0,0,0,0,4,0,11,5,7,41.86654706,-87.67609703
0,346382,-1,30,1,2,0,1,10,3,6,0,0,0,0,-1,-1,-1,0,0,815,-1,-1,-1,-1,-1,-1,2,0,0,0,0,0,2,0,11,5,7,41.79306973,-87.74216464
-1,346391,-1,15,0,0,0,1,2,7,0,1,0,0,0,-1,1,-1,-1,-1,124,-1,-1,-1,-1,-1,-1,1,-1,-1,-1,-1,-1,-1,-1,11,5,7,41.86452119,-87.6393041
0,346361,-1,30,0,0,0,1,0,5,-1,0,0,0,0,-1,-1,-1,22,22,1813,-1,-1,-1,-1,-1,-1,2,0,0,0,0,0,2,0,11,5,7,41.91817206,-87.64155478
2,346343,-1,30,0,0,0,1,10,2,2,0,0,0,1,-1,-1,-1,16,18,623,-1,-1,-1,-1,-1,-1,2,1,0,0,1,0,1,0,11,5,7,41.75113259,-87.62039856
0,346367,-1,0,0,0,0,1,7,2,-1,0,0,0,0,-1,-1,-1,23,-1,921,-1,-1,-1,-1,-1,-1,2,0,0,0,0,0,4,0,11,5,7,41.8184005,-87.68428264
0,348053,-1,30,0,0,-1,-1,10,5,-1,0,0,-1,0,-1,-1,-1,17,-1,234,-1,-1,-1,-1,-1,-1,2,0,0,0,0,0,2,0,11,5,7,41.79521546,-87.59351262
0,347051,-1,30,0,0,0,1,0,5,2,0,0,0,0,-1,-1,-1,17,16,1214,1,-1,-1,-1,-1,-1,2,0,0,0,0,0,2,0,11,5,7,41.89129542,-87.64752788
0,346561,-1,30,0,0,0,1,12,7,-1,0,0,0,0,-1,-1,-1,0,0,2213,-1,-1,-1,-1,-1,-1,2,0,0,0,0,0,2,0,11,5,7,41.71540878,-87.68174779
0,346353,-1,30,2,2,0,1,0,5,-1,0,0,0,1,1,-1,-1,33,-1,2534,-1,-1,-1,-1,-1,-1,2,0,0,0,0,0,2,0,11,5,7,41.90443769,-87.73607139
0,346349,-1,30,0,0,0,1,12,2,4,0,0,0,0,-1,-1,-1,22,-1,1224,-1,-1,-1,-1,-1,-1,2,0,0,0,0,0,2,0,11,5,7,41.8831765,-87.65542538
1,346346,-1,30,1,2,0,1,10,5,2,0,0,0,1,1,-1,-1,18,0,1722,-1,-1,-1,-1,-1,-1,3,1,0,0,0,1,2,0,11,5,7,41.96811237,-87.72978873
0,346334,-1,30,0,0,0,1,7,7,-1,0,0,0,0,-1,1,-1,20,-1,734,-1,-1,-1,-1,-1,-1,2,0,0,0,0,0,1,0,11,5,7,41.75987854,-87.66351011
0,346320,-1,30,0,0,0,1,14,5,-1,0,0,0,0,-1,-1,-1,25,23,1111,-1,-1,-1,-1,-1,-1,2,0,0,0,0,0,2,0,10,5,7,41.90241628,-87.73548462
0,347291,-1,35,0,0,0,1,10,5,4,0,0,0,0,-1,-1,-1,18,-1,1235,-1,-1,-1,-1,-1,-1,2,0,0,0,0,0,2,0,10,5,7,41.85509286,-87.63862369
0,346347,-1,30,1,2,0,1,14,2,-1,0,0,-1,0,1,-1,-1,0,0,632,-1,-1,-1,-1,-1,-1,2,0,0,0,0,0,4,0,10,5,7,41.73621242,-87.62401245
0,346319,-1,30,0,0,0,1,14,2,-1,0,0,0,0,-1,-1,-1,17,-1,824,-1,1,-1,-1,-1,-1,2,0,0,0,0,0,2,0,10,5,7,41.78638475,-87.68814787
3,346308,-1,30,3,-1,0,1,7,2,2,0,0,-1,1,-1,-1,-1,21,0,2023,-1,-1,-1,-1,-1,-1,2,1,0,1,0,0,0,0,10,5,7,41.983107,-87.65531846
0,346542,-1,30,0,0,0,1,0,3,2,0,0,-1,0,-1,-1,-1,21,-1,1114,-1,-1,-1,-1,-1,-1,2,0,0,0,0,0,2,0,10,5,7,41.88543227,-87.72731378
0,346413,-1,30,0,0,0,1,7,7,-1,0,0,0,0,-1,-1,-1,23,-1,1214,-1,-1,-1,-1,-1,-1,2,0,0,0,0,0,1,0,10,5,7,41.88903824,-87.65209006
0,346287,-1,30,0,0,0,1,2,0,1,0,0,0,0,-1,-1,-1,20,-1,2011,-1,-1,-1,-1,-1,-1,1,0,0,0,0,0,2,0,10,5,7,41.98712785,-87.70166303
2,346285,-1,30,0,0,0,1,0,12,5,0,0,0,1,1,-1,1,10,17,1733,-1,-1,-1,-1,-1,-1,2,1,0,0,1,0,1,0,10,5,7,41.94678482,-87.69939129
0,346292,-1,10,0,0,0,1,7,7,2,0,0,0,0,-1,-1,-1,2,2,1013,-1,-1,-1,-1,-1,-1,2,0,0,0,0,0,5,0,10,5,7,41.84810509,-87.72451971
0,346263,-1,30,2,2,0,1,11,5,2,0,0,0,0,1,-1,-1,17,22,2424,-1,-1,-1,-1,-1,-1,2,0,0,0,0,0,2,0,10,5,7,42.01781683,-87.68429908
0,346270,-1,30,0,0,0,1,7,6,1,0,0,0,0,-1,-1,-1,0,0,1732,-1,-1,-1,-1,-1,-1,2,0,0,0,0,0,1,0,10,5,7,41.94118516,-87.71491754
0,346251,-1,30,2,2,0,2,0,2,2,0,0,0,0,1,-1,-1,18,0,1224,-1,-1,-1,-1,-1,-1,2,0,0,0,0,0,2,0,10,5,7,41.88098291,-87.6572678
0,347804,1,30,0,0,-1,-1,7,6,1,0,0,0,0,-1,-1,1,0,0,2511,-1,-1,-1,-1,-1,-1,2,0,0,0,0,0,1,0,10,5,7,41.93780326,-87.79461173
-1,346335,-1,35,1,2,0,1,14,5,2,0,0,0,0,1,-1,1,0,0,224,-1,-1,-1,-1,-1,-1,-1,-1,-1,-1,-1,-1,-1,-1,10,5,7,41.80919895,-87.62268596
0,346282,-1,15,0,0,0,1,7,7,-1,0,0,0,0,-1,0,-1,-1,0,412,-1,-1,-1,-1,-1,-1,2,0,0,0,0,0,1,0,10,5,7,41.73664716,-87.59709715
0,346219,-1,30,2,2,0,1,0,5,-1,0,0,0,1,-1,-1,-1,0,0,412,-1,-1,-1,-1,-1,-1,2,0,0,0,0,0,2,0,10,5,7,41.74419236,-87.58305756
0,346254,-1,35,1,2,0,1,10,2,-1,0,0,0,0,1,-1,1,18,-1,511,-1,-1,-1,-1,-1,-1,2,0,0,0,0,0,2,0,9,5,7,41.71262455,-87.62027852
0,346279,-1,30,0,0,0,1,12,2,-1,0,0,0,0,-1,-1,-1,21,0,1712,-1,-1,-1,-1,-1,-1,2,0,0,0,0,0,2,0,9,5,7,41.97153984,-87.74596833
2,346246,-1,30,1,2,0,1,14,6,4,0,0,0,1,1,-1,-1,22,-1,1232,-1,-1,-1,-1,-1,-1,2,1,0,0,1,0,1,0,9,5,7,41.87805622,-87.64730329
0,346304,-1,30,0,0,0,1,12,5,-1,0,0,0,0,-1,-1,1,28,17,1214,-1,-1,-1,-1,-1,-1,2,0,0,0,0,0,2,0,9,5,7,41.89136375,-87.64307947
0,346262,-1,20,0,0,0,1,0,7,1,0,0,0,0,-1,-1,-1,11,0,834,-1,-1,-1,-1,-1,-1,2,0,0,0,0,0,2,0,9,5,7,41.73528212,-87.70299438
0,346193,-1,30,1,2,0,1,14,5,4,0,0,-1,0,1,-1,-1,0,0,2413,-1,-1,-1,-1,-1,-1,2,0,0,0,0,0,2,0,9,5,7,41.9908611,-87.67535593
2,346340,-1,30,1,2,0,1,8,5,4,0,0,0,1,1,-1,1,0,-1,323,-1,-1,-1,-1,-1,-1,2,1,0,0,1,0,1,0,9,5,7,41.76534426,-87.6248231
0,346190,-1,30,1,2,0,1,14,5,4,0,0,0,1,1,-1,-1,17,11,734,-1,-1,-1,-1,-1,-1,2,0,0,0,0,0,4,0,9,5,7,41.75963244,-87.65890901
2,346169,-1,25,0,0,0,1,8,5,2,0,0,0,1,1,-1,-1,17,-1,1925,-1,-1,-1,-1,-1,-1,2,1,0,0,1,0,1,0,9,5,7,41.94886557,-87.64303425
0,346233,-1,30,1,2,0,1,14,2,-1,0,0,0,0,-1,-1,-1,0,-1,111,-1,-1,-1,-1,-1,-1,2,0,0,0,0,0,2,0,9,5,7,41.88667996,-87.63051487
0,346260,1,30,0,0,-1,-1,7,6,1,0,-1,0,0,-1,-1,1,0,-1,1112,-1,-1,-1,-1,-1,-1,2,0,0,0,0,0,1,0,9,5,7,41.89958771,-87.71752416
0,246230,-1,30,1,2,0,1,10,5,2,0,0,0,0,-1,-1,-1,11,0,2032,-1,-1,-1,-1,-1,-1,2,0,0,0,0,0,3,0,9,5,7,41.97591396,-87.6799767
0,346196,-1,30,0,0,0,1,10,5,2,0,0,-1,0,-1,-1,1,0,0,633,-1,-1,-1,-1,-1,-1,2,0,0,0,0,0,3,0,8,5,7,41.72347538,-87.60465789
0,346180,-1,35,0,0,0,1,10,5,2,0,0,0,1,-1,-1,-1,18,0,2521,-1,-1,-1,-1,-1,-1,2,0,0,0,0,0,2,0,8,5,7,41.93162136,-87.74824818
0,346168,-1,30,2,2,0,1,14,2,2,0,0,0,0,1,-1,-1,17,-1,324,-1,-1,-1,-1,-1,-1,2,0,0,0,0,0,2,0,8,5,7,41.75893209,-87.579351
0,346153,-1,30,0,0,0,1,7,2,-1,0,0,0,0,-1,-1,-1,21,-1,912,-1,-1,-1,-1,-1,-1,2,0,0,0,0,0,1,0,8,5,7,41.8280779,-87.67537163
0,346171,-1,30,0,0,0,1,12,12,2,0,0,0,0,-1,-1,-1,-1,-1,122,-1,-1,-1,-1,-1,-1,2,0,0,0,0,0,3,0,8,5,7,41.87929153,-87.63221627
0,346229,-1,30,1,2,0,1,14,1,-1,0,0,0,0,-1,-1,-1,0,-1,331,-1,-1,-1,-1,-1,-1,2,0,0,0,0,0,2,0,8,5,7,41.78050127,-87.5842785
0,346898,-1,30,0,0,0,1,14,5,1,0,0,0,0,-1,-1,-1,17,0,131,-1,-1,-1,-1,-1,-1,2,0,0,0,0,0,2,0,8,5,7,41.85776716,-87.62401467
0,346154,-1,30,0,0,0,1,12,6,-1,0,0,0,0,0,-1,-1,22,0,224,-1,-1,-1,-1,-1,-1,2,0,0,0,0,0,2,0,8,5,7,41.80820098,-87.63102496
0,347836,-1,30,2,2,0,1,11,5,2,0,0,0,0,-1,-1,0,23,21,1424,-1,-1,-1,-1,-1,-1,2,0,0,0,0,0,2,0,8,5,7,41.90547088,-87.67458033
0,346174,-1,20,1,2,0,1,12,6,3,0,0,0,0,-1,-1,-1,21,0,122,-1,-1,-1,-1,-1,-1,2,0,0,0,0,0,2,0,8,5,7,41.88449312,-87.63552723
0,345149,-1,30,1,2,0,1,10,5,-1,0,0,0,0,-1,-1,1,15,18,1223,-1,-1,-1,-1,-1,-1,2,0,0,0,0,0,2,0,8,5,7,41.88124998,-87.67649408
0,346179,-1,30,0,0,0,1,12,12,-1,0,0,0,0,-1,-1,-1,17,17,1654,-1,-1,-1,-1,-1,-1,2,0,0,0,0,0,2,0,8,5,7,41.97387595,-87.87770955
0,346135,-1,30,0,0,0,1,10,7,-1,0,0,0,0,-1,1,-1,20,-1,2012,-1,-1,-1,-1,-1,-1,2,0,0,0,0,0,2,0,8,5,7,41.98351514,-87.66996498
0,346123,-1,35,2,2,0,1,2,3,-1,0,0,0,0,-1,-1,-1,29,-1,412,-1,-1,-1,-1,-1,-1,1,0,0,0,0,0,1,0,8,5,7,41.74255047,-87.5759608
0,358969,-1,30,0,0,0,1,7,5,-1,0,0,0,0,-1,-1,-1,0,-1,1422,-1,-1,-1,-1,-1,-1,2,0,0,0,0,0,1,0,8,5,7,41.91563332,-87.71202384