MOST_SEVERE_INJURY,RD_NO,CRASH_DATE_EST_I,POSTED_SPEED_LIMIT,TRAFFIC_CONTROL_DEVICE,DEVICE_CONDITION,WEATHER_CONDITION,LIGHTING_CONDITION,FIRST_CRASH_TYPE,TRAFFICWAY_TYPE,LANE_CNT,ALIGNMENT,ROADWAY_SURFACE_COND,ROAD_DEFECT,CRASH_TYPE,INTERSECTION_RELATED_I,NOT_RIGHT_OF_WAY_I,HIT_AND_RUN_I,PRIM_CONTRIBUTORY_CAUSE,SEC_CONTRIBUTORY_CAUSE,BEAT_OF_OCCURRENCE,PHOTOS_TAKEN_I,STATEMENTS_TAKEN_I,DOORING_I,WORK_ZONE_I,WORK_ZONE_TYPE,WORKERS_PRESENT_I,NUM_UNITS,INJURIES_TOTAL,INJURIES_FATAL,INJURIES_INCAPACITATING,INJURIES_NON_INCAPACITATING,INJURIES_REPORTED_NOT_EVIDENT,INJURIES_NO_INDICATION,INJURIES_UNKNOWN,CRASH_HOUR,CRASH_DAY_OF_WEEK,CRASH_MONTH,LATITUDE,LONGITUDE
0,346197,-1,30,0,0,0,1,10,5,2,0,0,0,0,-1,-1,-1,21,21,1915,-1,-1,-1,-1,-1,-1,2,0,0,0,0,0,2,0,8,5,7,41.96153686,-87.6649833
0,346160,-1,30,0,0,0,1,14,2,4,0,0,0,0,-1,-1,-1,23,-1,1814,-1,-1,-1,-1,-1,-1,2,0,0,0,0,0,3,0,8,5,7,41.91648459,-87.63505042
0,346134,-1,30,0,0,0,1,12,3,4,0,0,0,0,-1,-1,-1,17,17,131,-1,-1,-1,-1,-1,-1,2,0,0,0,0,0,2,0,8,5,7,41.86499953,-87.62424301
0,346130,-1,25,0,0,-1,1,0,12,-1,0,-1,-1,0,1,-1,-1,0,0,1511,-1,-1,-1,-1,-1,-1,2,0,0,0,0,0,2,0,8,5,7,41.90035566,-87.76938142
2,346104,-1,30,2,2,0,1,0,6,3,0,0,0,1,1,1,1,5,-1,224,-1,-1,-1,-1,-1,-1,2,3,0,0,3,0,1,0,7,5,7,41.80399334,-87.62122314
0,346103,-1,5,12,2,0,1,2,12,11,0,0,0,0,-1,1,-1,-1,-1,412,-1,-1,-1,-1,-1,-1,1,0,0,0,0,0,1,0,7,5,7,-1,-1
0,346136,-1,30,0,0,0,1,12,5,2,0,0,0,0,-1,-1,-1,21,21,1925,-1,-1,-1,-1,-1,-1,2,0,0,0,0,0,2,0,7,5,7,41.94677797,-87.64254095
0,346127,-1,25,2,0,0,1,0,6,2,0,0,0,0,1,-1,-1,17,0,1225,-1,-1,-1,-1,-1,-1,2,0,0,0,0,0,3,0,7,5,7,41.87491147,-87.67650709
0,347101,-1,45,0,0,0,1,10,5,-1,0,0,0,0,-1,-1,-1,17,-1,1925,-1,-1,-1,-1,-1,-1,2,0,0,0,0,0,2,0,7,5,7,41.9481979,-87.64313651
0,346203,-1,30,0,0,0,1,8,2,2,0,0,0,0,-1,-1,-1,0,0,1723,-1,-1,-1,-1,-1,-1,3,0,0,0,0,0,2,0,7,5,7,41.96090731,-87.72231459
0,346854,-1,30,1,2,0,1,14,2,2,0,0,0,0,1,-1,-1,0,-1,1531,-1,-1,-1,-1,-1,-1,2,0,0,0,0,0,2,0,7,5,7,41.89874174,-87.75085337
0,346513,-1,30,1,2,0,1,10,5,-1,0,0,0,0,-1,-1,-1,17,17,812,-1,-1,-1,-1,-1,-1,2,0,0,0,0,0,2,0,7,5,7,41.77741724,-87.79113743
1,346107,-1,30,1,2,0,1,12,2,4,0,0,0,1,-1,-1,1,16,-1,612,-1,-1,-1,-1,-1,-1,2,1,0,0,0,1,1,0,7,5,7,41.75572621,-87.66342473
0,346097,-1,25,1,2,0,1,14,5,2,0,0,0,0,-1,-1,-1,23,0,2422,-1,-1,-1,-1,-1,-1,2,0,0,0,0,0,2,0,7,5,7,42.01949364,-87.67280149
0,346096,-1,30,0,0,0,1,7,2,2,0,0,0,0,-1,-1,-1,0,-1,211,-1,-1,-1,-1,-1,-1,2,0,0,0,0,0,1,0,7,5,7,41.83112158,-87.6267068
2,346082,-1,30,0,0,0,1,7,5,2,0,0,0,1,-1,-1,-1,1,16,1723,-1,-1,-1,-1,-1,-1,3,2,0,0,2,0,0,0,7,5,7,41.96097449,-87.71674573
0,348674,-1,20,0,0,0,1,7,2,2,0,0,3,0,-1,-1,1,20,11,2424,-1,-1,-1,-1,-1,-1,2,0,0,0,0,0,1,0,7,5,7,42.01243177,-87.67993717
0,347926,1,10,0,0,0,3,7,7,1,5,0,0,0,-1,1,-1,23,0,1834,-1,-1,-1,-1,-1,-1,2,0,0,0,0,0,1,0,7,5,7,41.89109962,-87.62096764
0,346773,-1,0,0,0,0,3,7,2,-1,0,0,0,0,-1,-1,1,0,-1,311,-1,-1,-1,-1,-1,-1,2,0,0,0,0,0,1,0,7,5,7,41.78272245,-87.61583366
0,349362,-1,25,1,2,0,1,10,12,-1,0,0,0,0,-1,-1,-1,0,-1,123,-1,-1,-1,-1,-1,-1,2,0,0,0,0,0,2,0,6,5,7,41.87194013,-87.62431921
0,346076,-1,30,0,0,0,1,12,2,4,0,0,0,0,-1,-1,-1,22,7,2223,-1,1,-1,-1,-1,-1,2,0,0,0,0,0,5,0,6,5,7,41.72867428,-87.64355805
0,346253,-1,30,1,2,0,1,10,5,4,0,0,0,0,1,-1,-1,16,-1,1932,-1,-1,-1,-1,-1,-1,2,0,0,0,0,0,3,0,6,5,7,41.92526209,-87.66809055
0,346094,-1,30,0,0,0,1,14,3,4,0,0,0,0,-1,-1,1,17,0,211,-1,-1,-1,-1,-1,-1,2,0,0,0,0,0,2,0,6,5,7,41.8313099,-87.61321197
0,346861,-1,30,1,2,0,1,0,12,0,0,0,0,0,1,-1,-1,6,11,1834,-1,-1,-1,-1,-1,-1,2,0,0,0,0,0,2,0,5,5,7,41.89125508,-87.61375081
0,346050,-1,30,0,0,0,3,7,2,2,0,0,0,1,-1,-1,1,16,0,1711,-1,-1,-1,-1,-1,-1,2,0,0,0,0,0,1,0,4,5,7,41.99358183,-87.73380046
0,346587,1,30,0,0,0,0,7,6,1,0,0,-1,0,-1,-1,1,0,0,1912,-1,-1,-1,-1,-1,-1,2,0,0,0,0,0,1,0,3,5,7,41.96831969,-87.67085811
0,352475,-1,25,2,2,-1,0,2,4,1,2,-1,0,0,-1,1,1,0,0,1034,-1,-1,-1,-1,-1,-1,1,0,0,0,0,0,1,0,3,5,7,41.85112173,-87.6781432
0,346010,-1,30,0,0,0,3,12,2,-1,0,0,0,1,-1,-1,1,0,0,511,-1,-1,-1,-1,-1,-1,2,0,0,0,0,0,3,0,2,5,7,41.71663377,-87.61386116
0,345990,-1,30,0,0,0,3,14,5,-1,0,0,0,0,-1,-1,-1,23,0,1414,-1,-1,-1,-1,-1,-1,2,0,0,0,0,0,3,0,1,5,7,41.92343458,-87.69797915
0,345986,-1,30,1,2,0,3,0,6,-1,0,0,0,1,1,-1,-1,6,16,1831,-1,-1,-1,-1,-1,-1,2,0,0,0,0,0,2,0,1,5,7,41.89239584,-87.63815629
0,346344,-1,20,0,0,0,1,7,6,1,0,0,0,1,-1,-1,-1,0,0,1631,-1,-1,-1,-1,-1,-1,3,0,0,0,0,0,1,0,1,5,7,41.93830368,-87.82893919
1,345967,-1,30,1,2,0,3,0,5,2,0,0,0,1,1,-1,-1,0,-1,1132,-1,-1,-1,-1,-1,-1,2,3,0,0,0,3,0,0,1,5,7,41.8734181,-87.72555861
0,345956,-1,30,1,2,0,3,14,3,2,0,0,0,0,1,-1,-1,18,16,2512,-1,-1,-1,-1,-1,-1,2,0,0,0,0,0,3,0,0,5,7,41.92354256,-87.78853669
0,246110,-1,25,2,2,0,3,5,5,-1,0,0,0,1,-1,-1,1,0,0,1034,-1,-1,-1,-1,-1,-1,2,0,0,0,0,0,1,0,0,5,7,41.85036566,-87.68291441
0,345950,-1,30,0,0,0,3,5,7,-1,0,0,0,0,-1,1,-1,-1,-1,814,-1,-1,-1,-1,-1,-1,1,0,0,0,0,0,1,0,0,5,7,41.79601962,-87.75968337
0,354736,-1,25,0,0,-1,3,7,6,-1,0,-1,-1,0,-1,-1,-1,17,-1,1821,-1,-1,-1,-1,-1,-1,2,0,0,0,0,0,1,0,0,5,7,41.9108418,-87.63583901
0,346418,1,30,-1,-1,-1,-1,7,6,1,0,-1,-1,0,-1,-1,1,-1,-1,421,-1,-1,-1,-1,-1,-1,2,0,0,0,0,0,1,0,0,5,7,41.753348,-87.56156197
0,345940,-1,30,0,0,0,0,7,5,1,0,0,0,0,-1,-1,-1,19,0,431,-1,-1,-1,-1,-1,-1,2,0,0,0,0,0,1,0,23,4,7,41.71370521,-87.55356032
2,345939,-1,30,1,2,0,3,4,5,-1,0,0,0,1,-1,-1,-1,11,-1,1831,-1,-1,-1,-1,-1,-1,1,1,0,0,1,0,1,0,23,4,7,41.89320561,-87.63576244
0,345943,-1,30,0,0,0,3,2,12,0,0,0,0,0,-1,1,1,15,16,1135,1,-1,-1,-1,-1,-1,1,0,0,0,0,0,1,0,23,4,7,41.87375617,-87.68846492
0,345921,-1,25,0,0,0,3,7,5,-1,0,0,0,1,-1,-1,-1,2,7,413,-1,-1,-1,-1,-1,-1,3,0,0,0,0,0,1,0,23,4,7,41.7322399,-87.57574854
0,345918,-1,30,1,2,0,3,10,5,2,0,0,0,0,1,-1,1,0,0,821,-1,-1,-1,-1,-1,-1,2,0,0,0,0,0,2,0,23,4,7,41.80808216,-87.71567141
3,345936,-1,30,1,2,0,3,12,2,-1,0,0,0,1,-1,-1,1,0,0,821,-1,-1,-1,-1,-1,-1,2,1,0,1,0,0,2,0,23,4,7,41.81439985,-87.70436793
0,346903,-1,30,2,2,0,3,0,5,-1,0,0,0,0,-1,-1,1,17,16,2515,-1,-1,-1,-1,-1,-1,2,0,0,0,0,0,2,0,23,4,7,41.9259899,-87.76109068
1,345914,-1,30,1,2,0,3,0,2,-1,0,0,0,1,-1,-1,-1,17,-1,513,-1,-1,-1,-1,-1,-1,2,1,0,0,0,1,1,0,23,4,7,41.69269391,-87.62324146
1,345917,-1,30,0,0,0,3,12,2,2,0,0,0,1,-1,-1,-1,21,0,231,-1,-1,-1,-1,-1,-1,2,2,0,0,0,2,4,0,23,4,7,41.80193863,-87.61971536
0,346410,-1,30,0,0,0,3,7,5,-1,0,0,0,0,-1,-1,-1,0,0,2411,-1,-1,-1,-1,-1,-1,2,0,0,0,0,0,1,0,23,4,7,42.01297643,-87.70470258
2,345988,-1,30,1,2,0,3,14,3,-1,0,0,0,1,1,-1,-1,0,-1,331,-1,-1,-1,-1,-1,-1,2,6,0,0,1,5,0,0,23,4,7,41.79142028,-87.58014777
2,345915,-1,15,2,-1,-1,-1,9,5,2,0,-1,-1,1,1,-1,1,0,0,1233,-1,-1,-1,-1,-1,-1,2,1,0,0,1,0,1,0,22,4,7,41.86612216,-87.66141122
0,345891,-1,30,1,2,-1,-1,12,5,2,0,-1,-1,0,-1,-1,1,21,0,2413,-1,1,-1,-1,-1,-1,2,0,0,0,0,0,3,0,22,4,7,41.99761869,-87.68993948
0,345942,-1,25,0,0,0,3,7,6,1,0,0,0,0,-1,-1,1,0,-1,825,-1,-1,-1,-1,-1,-1,3,0,0,0,0,0,1,0,22,4,7,41.78315618,-87.6848198
0,345890,-1,30,0,0,0,3,0,6,1,0,0,0,0,-1,-1,-1,17,16,911,-1,-1,-1,-1,-1,-1,2,0,0,0,0,0,2,0,22,4,7,41.82731371,-87.70220602
0,347273,-1,25,0,0,0,3,7,5,2,0,0,0,1,-1,-1,-1,7,0,824,-1,-1,-1,-1,-1,-1,2,0,0,0,0,0,2,0,22,4,7,41.78933903,-87.70236392
0,345869,-1,25,0,0,0,3,7,6,1,0,0,0,0,-1,-1,-1,0,0,532,-1,-1,-1,-1,-1,-1,2,0,0,0,0,0,1,0,22,4,7,41.67541867,-87.62110316
2,346952,-1,25,0,0,0,3,8,2,6,2,0,-1,1,-1,-1,1,22,0,1931,-1,-1,-1,-1,-1,-1,2,1,0,0,1,0,1,0,22,4,7,41.93682196,-87.68821502
0,345862,-1,30,0,0,0,3,7,6,1,0,0,0,0,-1,-1,-1,20,11,2515,-1,-1,-1,-1,-1,-1,2,0,0,0,0,0,1,0,22,4,7,41.92476774,-87.76859749
0,345888,-1,30,2,12,0,3,0,2,2,0,0,0,0,1,-1,1,17,0,433,-1,-1,-1,-1,-1,-1,2,0,0,0,0,0,2,0,22,4,7,41.66276365,-87.55820356
0,345871,-1,25,0,-1,0,3,2,2,2,0,0,0,0,-1,-1,-1,13,-1,1935,-1,-1,-1,-1,-1,-1,1,0,0,0,0,0,1,0,22,4,7,41.92785908,-87.64199486
0,345870,-1,35,1,2,0,3,14,2,4,0,0,0,1,1,-1,-1,23,17,1215,-1,-1,-1,-1,-1,-1,2,0,0,0,0,0,2,0,22,4,7,41.89579624,-87.6549536
0,345867,-1,30,0,0,0,3,12,5,-1,0,0,0,1,1,-1,-1,0,-1,915,-1,-1,-1,-1,-1,-1,2,0,0,0,0,0,4,0,22,4,7,41.83448575,-87.63294075
0,345876,-1,15,0,0,0,4,10,7,-1,0,0,0,0,-1,-1,-1,0,-1,2033,-1,-1,-1,-1,-1,-1,2,0,0,0,0,0,2,0,21,4,7,41.9754754,-87.65969701
0,346090,-1,30,1,2,0,3,10,3,6,0,0,0,0,-1,-1,-1,11,0,821,-1,-1,-1,-1,-1,-1,2,0,0,0,0,0,2,0,21,4,7,41.81905229,-87.72381922
0,345813,-1,20,0,0,0,3,2,0,1,0,0,0,0,-1,-1,-1,0,-1,2232,-1,-1,-1,-1,-1,-1,2,0,0,0,0,0,2,0,21,4,7,41.7074494,-87.64390305
0,345852,-1,30,1,2,0,3,12,5,-1,0,0,0,0,-1,-1,-1,-1,-1,733,-1,-1,-1,-1,-1,-1,2,0,0,0,0,0,3,0,21,4,7,41.76510943,-87.64455695
0,345826,-1,30,1,2,0,3,0,2,5,0,0,0,1,-1,-1,-1,17,21,2022,-1,-1,-1,-1,-1,-1,2,0,0,0,0,0,2,0,21,4,7,41.98648084,-87.65543244
0,345841,-1,30,0,0,0,1,7,5,2,0,0,0,0,-1,-1,1,-1,-1,2232,-1,-1,-1,-1,-1,-1,2,0,0,0,0,0,3,0,21,4,7,41.70883191,-87.64414675
0,345796,-1,30,-1,-1,0,0,7,5,-1,0,0,0,1,-1,-1,1,0,0,232,-1,-1,-1,-1,-1,-1,2,0,0,0,0,0,1,0,21,4,7,41.78914299,-87.62164191
0,351230,-1,30,1,-1,-1,-1,10,5,2,0,-1,-1,0,-1,-1,-1,0,0,2514,1,-1,-1,-1,-1,-1,2,0,0,0,0,0,3,0,21,4,7,41.93145006,-87.76106147
0,345879,1,25,0,0,0,2,7,5,-1,0,0,0,0,-1,-1,-1,0,0,2033,-1,-1,-1,-1,-1,-1,2,0,0,0,0,0,1,0,20,4,7,41.97348488,-87.66733736
0,345775,-1,20,0,0,0,3,7,2,2,0,0,0,0,-1,-1,1,0,0,712,-1,-1,-1,-1,-1,-1,2,0,0,0,0,0,1,0,20,4,7,41.78435427,-87.65447644
0,345760,-1,30,0,0,0,4,10,5,2,0,0,0,0,-1,-1,-1,20,-1,1524,-1,-1,-1,-1,-1,-1,2,0,0,0,0,0,2,0,20,4,7,41.89500849,-87.75962331
1,345755,-1,35,1,2,0,4,10,3,2,0,0,0,1,-1,-1,-1,8,0,531,-1,-1,-1,-1,-1,-1,3,2,0,0,0,2,4,0,20,4,7,41.68555226,-87.61138164
0,346501,-1,30,0,0,0,4,11,5,-1,0,0,0,0,-1,-1,1,11,-1,1922,-1,-1,-1,-1,-1,-1,2,0,0,0,0,0,2,0,20,4,7,41.94692209,-87.66629142
0,345782,-1,30,0,0,0,3,4,2,4,0,0,1,0,-1,-1,-1,29,-1,2531,1,-1,-1,-1,-1,-1,1,0,0,0,0,0,2,0,20,4,7,41.90922358,-87.76911562
0,345750,-1,15,0,0,0,1,7,7,-1,0,0,0,0,-1,-1,-1,20,23,223,-1,-1,-1,-1,-1,-1,2,0,0,0,0,0,1,0,20,4,7,41.80948925,-87.60641743
0,18345820,-1,30,0,0,0,3,7,6,1,0,0,0,0,-1,-1,1,0,0,311,-1,-1,-1,-1,-1,-1,2,0,0,0,0,0,1,0,20,4,7,41.78159503,-87.62025537
0,345820,-1,30,0,0,0,3,7,6,1,0,0,0,0,-1,-1,1,0,0,311,-1,-1,-1,-1,-1,-1,2,0,0,0,0,0,1,0,20,4,7,41.78159503,-87.62025537
0,345741,-1,30,0,0,0,3,7,6,2,0,0,0,0,-1,-1,-1,16,0,123,-1,-1,-1,-1,-1,-1,2,0,0,0,0,0,1,0,20,4,7,41.87324934,-87.62541458
0,345745,-1,30,1,2,0,1,10,5,2,0,0,-1,0,-1,-1,1,-1,-1,2013,-1,-1,-1,-1,-1,-1,2,0,0,0,0,0,3,0,20,4,7,41.98513128,-87.66275932
0,346142,-1,10,-1,-1,-1,-1,7,7,-1,0,-1,-1,0,-1,-1,1,-1,-1,1235,-1,-1,-1,-1,-1,-1,2,0,0,0,0,0,1,0,20,4,7,41.85330146,-87.6499297
0,345774,-1,25,0,0,0,4,12,5,4,0,0,-1,0,-1,-1,-1,21,0,1214,-1,-1,-1,-1,-1,-1,2,0,0,0,0,0,2,0,20,4,7,41.88582406,-87.64025276
0,345740,-1,30,0,0,0,4,10,3,6,0,0,0,0,-1,-1,-1,22,0,123,-1,-1,-1,-1,-1,-1,2,0,0,0,0,0,2,0,19,4,7,41.86933852,-87.62427873
0,345710,-1,30,0,0,0,4,10,5,4,0,0,0,0,-1,-1,1,18,-1,725,-1,-1,-1,-1,-1,-1,2,0,0,0,0,0,2,0,19,4,7,41.77858543,-87.66434299
0,345825,-1,15,0,0,0,1,5,0,-1,0,0,1,0,-1,-1,-1,29,29,725,-1,-1,-1,-1,-1,-1,1,0,0,0,0,0,1,0,19,4,7,41.76904002,-87.66378509
0,345810,-1,30,0,0,0,1,14,5,4,0,0,0,0,1,-1,-1,21,0,1823,-1,-1,-1,-1,-1,-1,2,0,0,0,0,0,2,0,19,4,7,41.89659928,-87.64180678
0,348452,-1,30,0,0,-1,1,14,2,-1,0,0,-1,0,-1,-1,-1,0,-1,1614,-1,-1,-1,-1,-1,-1,2,0,0,0,0,0,2,0,19,4,7,41.9660114,-87.83683117
0,346808,-1,30,1,2,0,1,10,5,2,0,0,0,0,1,-1,1,14,18,513,-1,-1,-1,-1,-1,-1,2,0,0,0,0,0,2,0,19,4,7,41.6998132,-87.62107428
0,345735,-1,0,1,2,0,1,14,2,-1,0,0,0,0,-1,-1,-1,18,-1,222,-1,-1,-1,-1,-1,-1,2,0,0,0,0,0,2,0,19,4,7,41.80369566,-87.58661451
1,345830,-1,25,2,0,0,1,8,6,-1,0,0,0,1,-1,-1,1,16,0,321,-1,-1,-1,-1,-1,-1,2,1,0,0,0,1,1,0,19,4,7,41.77340956,-87.58974002
0,345698,-1,30,1,2,0,1,10,3,4,2,0,0,0,1,-1,-1,16,-1,2232,-1,-1,-1,-1,-1,-1,2,0,0,0,0,0,3,0,19,4,7,41.71274908,-87.64283769
0,345675,-1,25,0,0,0,1,7,5,2,0,0,0,0,-1,-1,1,0,0,811,-1,-1,-1,-1,-1,-1,2,0,0,0,0,0,1,0,19,4,7,41.78479174,-87.78829015
0,345777,-1,30,0,0,0,4,12,3,4,1,0,-1,0,-1,-1,-1,0,0,413,-1,-1,-1,-1,-1,-1,2,0,0,0,0,0,2,0,18,4,7,41.72235511,-87.59197656
0,345762,-1,40,1,2,0,3,10,3,11,0,0,0,0,-1,-1,1,0,0,114,-1,-1,-1,-1,-1,-1,2,0,0,0,0,0,5,0,18,4,7,41.87831319,-87.61734583
2,345641,-1,15,1,2,0,1,10,7,2,0,0,0,1,-1,-1,-1,11,-1,1613,-1,-1,-1,-1,-1,-1,2,2,0,0,2,0,2,0,18,4,7,41.97443954,-87.80697446
0,345655,-1,30,0,0,0,1,12,5,-1,0,0,0,0,-1,-1,-1,17,-1,1233,-1,-1,-1,-1,-1,-1,2,0,0,0,0,0,2,0,18,4,7,41.86335341,-87.66797858
0,354814,-1,25,0,0,-1,1,7,5,2,0,-1,-1,0,-1,-1,-1,20,0,2433,-1,-1,-1,-1,-1,-1,2,0,0,0,0,0,2,0,18,4,7,41.99504319,-87.66544654
0,346996,-1,20,2,2,0,1,10,6,1,0,0,0,0,-1,-1,-1,-1,-1,611,-1,-1,-1,-1,-1,-1,2,0,0,0,0,0,2,0,18,4,7,41.75031116,-87.67420984
0,345678,-1,25,0,0,0,1,7,6,-1,0,0,0,0,-1,-1,1,0,0,823,-1,-1,-1,-1,-1,-1,2,0,0,0,0,0,1,0,18,4,7,41.78193641,-87.70063816
0,345654,-1,30,0,0,0,1,7,5,-1,0,0,0,0,-1,-1,-1,23,-1,131,-1,-1,-1,-1,-1,-1,2,0,0,0,0,0,2,0,18,4,7,41.85843777,-87.62409342
0,345651,-1,30,1,2,0,1,10,5,2,0,0,0,0,-1,-1,-1,0,-1,1413,-1,-1,-1,-1,-1,-1,2,0,0,0,0,0,2,0,18,4,7,41.92111658,-87.71166853
0,345650,-1,30,1,2,0,1,14,5,-1,0,0,0,0,1,-1,-1,0,0,1833,-1,-1,-1,-1,-1,-1,2,0,0,0,0,0,2,0,18,4,7,41.90080165,-87.62427247
0,347531,1,30,0,0,0,1,7,5,2,0,0,0,0,-1,-1,1,0,0,1935,-1,-1,-1,-1,-1,-1,2,0,0,0,0,0,1,0,18,4,7,41.93168321,-87.64769173
0,345648,-1,40,0,0,0,1,12,3,8,5,0,0,0,-1,-1,1,21,17,114,-1,-1,-1,-1,-1,-1,2,0,0,0,0,0,2,0,18,4,7,41.88547713,-87.6137567
0,345597,-1,30,0,0,0,1,14,6,-1,0,0,0,0,-1,-1,-1,17,-1,2522,-1,-1,-1,-1,-1,-1,2,0,0,0,0,0,3,0,18,4,7,41.91865822,-87.74536697
0,345631,-1,30,1,2,0,1,12,2,4,0,0,0,1,-1,-1,1,0,0,821,-1,-1,-1,-1,-1,-1,2,0,0,0,0,0,2,0,18,4,7,41.82257679,-87.70459757
0,347183,-1,30,2,2,0,1,0,5,2,0,0,0,0,1,-1,-1,5,-1,1632,-1,-1,-1,-1,-1,-1,2,0,0,0,0,0,2,0,18,4,7,41.94351402,-87.79706362
0,345660,-1,30,2,2,0,1,10,6,1,0,0,0,0,-1,-1,-1,18,-1,1833,-1,-1,-1,-1,-1,-1,2,0,0,0,0,0,2,0,18,4,7,41.89765774,-87.62591928
2,345595,-1,30,0,0,0,1,12,3,7,0,0,-1,1,-1,-1,-1,0,0,412,-1,-1,-1,-1,-1,-1,2,1,0,0,1,0,3,0,18,4,7,41.73500058,-87.58574783
0,345610,-1,30,0,0,0,1,0,2,2,0,0,0,0,-1,-1,1,22,12,2411,-1,-1,-1,-1,-1,-1,3,0,0,0,0,0,3,0,18,4,7,42.01919813,-87.70028824
0,345592,-1,30,0,0,0,1,10,2,4,0,0,0,1,-1,-1,-1,18,17,1711,-1,-1,-1,-1,-1,-1,3,0,0,0,0,0,3,0,18,4,7,41.99022839,-87.72999921
0,345538,-1,30,1,2,0,1,14,5,-1,0,0,0,1,1,-1,-1,-1,-1,334,-1,-1,-1,-1,-1,-1,2,0,0,0,0,0,2,0,18,4,7,41.75915942,-87.561651
0,347298,0,15,0,0,0,4,7,7,1,0,0,0,0,-1,1,1,0,0,114,1,-1,-1,-1,-1,-1,2,0,0,0,0,0,1,0,18,4,7,41.88102972,-87.61728157
0,345868,-1,35,0,0,0,1,12,5,4,0,0,0,0,-1,-1,1,21,0,923,-1,-1,-1,-1,-1,-1,2,0,0,0,0,0,2,0,18,4,7,41.79366832,-87.70118235
0,345634,-1,30,0,0,0,1,7,2,4,0,0,0,0,-1,-1,1,0,0,921,-1,-1,-1,-1,-1,-1,2,0,0,0,0,0,1,0,18,4,7,41.81685554,-87.68480613
0,345599,-1,10,0,0,0,1,3,7,-1,0,-1,-1,0,-1,1,-1,0,-1,913,-1,-1,-1,-1,-1,-1,2,0,0,0,0,0,3,0,18,4,7,41.83977195,-87.64646751
0,345580,1,30,0,0,-1,-1,7,5,2,0,-1,-1,0,-1,-1,1,0,0,1923,-1,-1,-1,-1,-1,-1,2,0,0,0,0,0,1,0,17,4,7,41.94920093,-87.65124352
0,345550,-1,30,0,0,0,1,14,2,2,0,0,0,0,1,-1,1,21,23,1811,-1,-1,-1,-1,-1,-1,2,0,0,0,0,0,2,0,17,4,7,41.91720275,-87.66024665
0,345540,-1,30,1,2,0,1,10,5,2,0,0,0,0,-1,-1,-1,0,0,1225,-1,-1,-1,-1,-1,-1,3,0,0,0,0,0,4,0,17,4,7,41.87735261,-87.67668933
0,345644,-1,30,0,0,0,1,12,2,-1,0,-1,-1,0,-1,-1,1,0,-1,114,-1,-1,-1,-1,-1,-1,2,0,0,0,0,0,2,0,17,4,7,41.8844127,-87.6243024
0,345658,-1,30,0,0,0,1,10,2,4,0,0,-1,0,-1,-1,1,0,-1,215,-1,-1,-1,-1,-1,-1,2,0,0,0,0,0,2,0,17,4,7,41.80942004,-87.62129624
0,345645,-1,30,0,0,0,1,0,6,-1,0,0,0,0,-1,-1,-1,17,16,1731,1,-1,-1,-1,-1,-1,2,0,0,0,0,0,2,0,17,4,7,41.93987789,-87.72847312
0,345582,-1,35,1,2,0,1,12,5,-1,0,0,0,0,1,-1,-1,17,11,824,-1,-1,-1,-1,-1,-1,2,0,0,0,0,0,3,0,17,4,7,41.79342603,-87.70340425
0,345541,-1,15,1,2,0,1,10,7,2,0,0,0,0,-1,-1,-1,18,0,2533,-1,-1,-1,-1,-1,-1,2,0,0,0,0,0,2,0,17,4,7,41.91571015,-87.74590776
0,347170,-1,35,2,2,0,1,3,5,4,0,0,0,0,1,-1,1,10,5,831,-1,-1,-1,-1,-1,-1,2,0,0,0,0,0,2,0,17,4,7,41.76443323,-87.70654294
0,345548,-1,30,2,2,0,1,14,5,4,0,0,0,1,-1,-1,0,10,25,434,-1,-1,-1,-1,-1,-1,4,0,0,0,0,0,5,0,17,4,7,41.70681633,-87.55979249
0,345525,-1,30,0,0,0,1,10,5,2,0,0,0,0,-1,-1,-1,18,-1,311,-1,-1,-1,-1,-1,-1,2,0,0,0,0,0,2,0,17,4,7,41.78012909,-87.62417301
0,345530,-1,30,0,0,0,1,0,0,-1,0,0,0,0,-1,-1,0,20,0,1034,-1,-1,-1,-1,-1,-1,2,0,0,0,0,0,2,0,17,4,7,41.8475811,-87.68704712
0,345473,-1,30,0,0,0,1,14,5,4,0,0,0,1,1,-1,-1,16,25,431,-1,-1,-1,-1,-1,-1,2,0,0,0,0,0,2,0,17,4,7,41.70819139,-87.56465888
0,358955,-1,30,0,0,0,1,7,7,-1,0,0,0,0,-1,-1,1,0,0,114,-1,-1,-1,-1,-1,-1,2,0,0,0,0,0,1,0,17,4,7,41.88770538,-87.62058814
0,345518,-1,30,1,2,0,1,0,5,4,0,0,0,1,1,-1,-1,17,-1,1232,-1,-1,-1,-1,-1,-1,2,0,0,0,0,0,2,0,17,4,7,41.86711966,-87.6452815
1,345510,-1,30,0,0,0,1,10,5,1,0,0,0,1,-1,-1,-1,-1,-1,1631,-1,-1,-1,-1,-1,-1,3,2,0,0,0,2,1,0,17,4,7,41.94510694,-87.80935733
0,346069,-1,30,0,0,0,1,12,5,6,2,0,0,0,1,-1,-1,21,0,413,-1,-1,-1,-1,-1,-1,2,0,0,0,0,0,2,0,17,4,7,41.72407478,-87.58530323
2,345536,-1,30,1,2,0,1,10,5,5,0,0,-1,1,1,-1,-1,0,0,1811,-1,-1,-1,-1,-1,-1,2,1,0,0,1,0,2,0,17,4,7,41.91094876,-87.65315955
0,345508,-1,30,0,0,0,1,10,2,2,0,0,0,0,-1,-1,-1,18,-1,133,-1,-1,-1,-1,-1,-1,2,0,0,0,0,0,2,0,17,4,7,41.8455204,-87.62710659