MOST_SEVERE_INJURY,RD_NO,CRASH_DATE_EST_I,POSTED_SPEED_LIMIT,TRAFFIC_CONTROL_DEVICE,DEVICE_CONDITION,WEATHER_CONDITION,LIGHTING_CONDITION,FIRST_CRASH_TYPE,TRAFFICWAY_TYPE,LANE_CNT,ALIGNMENT,ROADWAY_SURFACE_COND,ROAD_DEFECT,CRASH_TYPE,INTERSECTION_RELATED_I,NOT_RIGHT_OF_WAY_I,HIT_AND_RUN_I,PRIM_CONTRIBUTORY_CAUSE,SEC_CONTRIBUTORY_CAUSE,BEAT_OF_OCCURRENCE,PHOTOS_TAKEN_I,STATEMENTS_TAKEN_I,DOORING_I,WORK_ZONE_I,WORK_ZONE_TYPE,WORKERS_PRESENT_I,NUM_UNITS,INJURIES_TOTAL,INJURIES_FATAL,INJURIES_INCAPACITATING,INJURIES_NON_INCAPACITATING,INJURIES_REPORTED_NOT_EVIDENT,INJURIES_NO_INDICATION,INJURIES_UNKNOWN,CRASH_HOUR,CRASH_DAY_OF_WEEK,CRASH_MONTH,LATITUDE,LONGITUDE
0,345484,-1,30,0,0,0,1,14,5,2,0,0,0,0,-1,-1,1,17,-1,1622,-1,-1,-1,-1,-1,-1,2,0,0,0,0,0,2,0,17,4,7,41.97577825,-87.77824262
0,345835,0,30,2,2,0,1,7,5,-1,0,0,0,0,-1,-1,1,0,-1,2433,-1,-1,-1,-1,-1,-1,2,0,0,0,0,0,1,0,16,4,7,41.99445276,-87.65945088
0,345629,-1,30,1,2,0,1,12,2,3,0,0,-1,0,1,-1,-1,17,0,1832,-1,-1,-1,-1,-1,-1,2,0,0,0,0,0,2,0,16,4,7,41.89331564,-87.6282612
0,345615,-1,30,2,-1,0,1,10,2,2,0,0,-1,0,-1,-1,-1,0,0,2213,-1,-1,-1,-1,-1,-1,3,0,0,0,0,0,5,0,16,4,7,41.72105028,-87.66653321
0,345444,-1,30,0,0,0,1,14,6,2,0,0,0,0,-1,-1,-1,0,0,1612,-1,-1,-1,-1,-1,-1,2,0,0,0,0,0,2,0,16,4,7,41.98364825,-87.81687948
0,345488,-1,30,0,0,0,1,14,5,-1,0,0,0,0,-1,-1,-1,0,-1,1621,-1,-1,-1,-1,-1,-1,2,0,0,0,0,0,6,0,16,4,7,41.99571867,-87.76358938
0,345470,-1,30,1,2,0,1,12,2,7,0,0,0,0,-1,-1,-1,18,0,131,-1,-1,-1,-1,-1,-1,2,0,0,0,0,0,3,0,16,4,7,41.86732348,-87.62565345
1,345428,-1,30,1,2,0,1,9,5,2,0,0,0,1,1,-1,-1,23,6,734,-1,-1,-1,-1,-1,-1,2,1,0,0,0,1,1,0,16,4,7,41.7685337,-87.65891636
0,345506,-1,30,0,0,0,1,12,5,2,0,0,0,0,-1,-1,1,22,17,413,-1,-1,-1,-1,-1,-1,2,0,0,0,0,0,2,0,16,4,7,41.72407478,-87.58530323
0,345440,-1,30,1,2,0,1,14,3,6,0,0,0,0,-1,-1,1,17,23,1814,-1,-1,-1,-1,-1,-1,2,0,0,0,0,0,2,0,16,4,7,41.91124966,-87.63330025
0,345418,-1,40,0,0,0,1,12,3,-1,0,0,0,0,-1,-1,-1,18,-1,1935,-1,-1,-1,-1,-1,-1,2,0,0,0,0,0,3,0,16,4,7,41.92616072,-87.63151467
0,345395,-1,30,1,2,0,1,14,2,4,0,0,0,0,-1,-1,-1,23,-1,1733,-1,-1,-1,-1,-1,-1,2,0,0,0,0,0,2,0,16,4,7,41.93940387,-87.71204577
0,345451,-1,30,2,2,0,1,10,5,4,0,0,0,0,-1,-1,-1,17,22,124,-1,-1,-1,-1,-1,-1,3,0,0,0,0,0,3,0,16,4,7,41.86734445,-87.64123828
0,345392,-1,30,2,2,0,1,0,5,-1,0,0,0,0,-1,-1,-1,17,16,2512,-1,-1,-1,-1,-1,-1,2,0,0,0,0,0,2,0,16,4,7,41.93078971,-87.79418195
0,345446,-1,30,0,0,0,1,10,2,-1,0,0,0,0,-1,-1,1,0,-1,433,-1,-1,-1,-1,-1,-1,3,0,0,0,0,0,3,0,16,4,7,41.66368992,-87.55901872
0,348239,-1,30,0,0,0,1,12,5,2,0,-1,0,0,0,-1,-1,17,0,211,-1,-1,-1,-1,-1,-1,2,0,0,0,0,0,2,0,16,4,7,41.83119241,-87.6192892
1,346698,-1,30,0,0,0,1,10,2,-1,0,0,0,1,-1,-1,-1,-1,-1,211,-1,-1,-1,-1,-1,-1,2,1,0,0,0,1,1,0,16,4,7,41.83766421,-87.62641832
0,345499,-1,35,1,2,0,1,14,5,-1,0,0,0,0,-1,-1,-1,23,22,532,-1,-1,-1,-1,-1,-1,2,0,0,0,0,0,2,0,16,4,7,41.66325448,-87.61778866
0,345412,-1,30,0,0,0,1,10,2,2,0,0,0,0,-1,-1,-1,18,-1,211,-1,-1,-1,-1,-1,-1,2,0,0,0,0,0,2,0,16,4,7,41.83810187,-87.62644047
1,345416,-1,30,0,0,0,1,10,2,4,0,0,12,1,-1,-1,-1,18,0,614,-1,-1,-1,1,1,-1,2,1,0,0,0,1,1,0,15,4,7,41.7448011,-87.66344663
0,345462,-1,30,1,2,0,1,10,2,2,0,0,0,0,1,-1,-1,16,0,632,-1,-1,-1,-1,-1,-1,2,0,0,0,0,0,2,0,15,4,7,41.73661397,-87.61444973
0,454419,-1,30,0,0,0,1,10,3,4,0,0,0,1,-1,-1,-1,16,11,2023,-1,-1,-1,-1,-1,-1,4,0,0,0,0,0,9,0,15,4,7,41.98247847,-87.65275485
0,345353,-1,30,0,0,0,1,0,7,1,0,0,0,0,-1,-1,-1,17,-1,1623,-1,-1,-1,-1,-1,-1,2,0,0,0,0,0,2,0,15,4,7,41.96919678,-87.76171988
0,345422,-1,35,2,2,0,1,0,5,2,0,0,0,0,-1,-1,-1,5,7,614,-1,-1,-1,-1,-1,-1,2,0,0,0,0,0,2,0,15,4,7,41.74109118,-87.6667875
0,345331,-1,30,0,0,0,1,0,5,-1,0,0,0,0,-1,-1,1,17,-1,922,-1,-1,-1,-1,-1,-1,2,0,0,0,0,0,3,0,15,4,7,41.81365659,-87.69257378
0,351963,-1,30,0,0,0,1,7,5,-1,0,0,0,0,-1,-1,1,0,0,815,-1,-1,-1,-1,-1,-1,2,0,0,0,0,0,1,0,15,4,7,41.80754481,-87.74055488
0,345714,-1,30,0,0,0,1,12,-1,-1,0,0,0,0,-1,-1,1,22,-1,722,-1,-1,-1,-1,-1,-1,2,0,0,0,0,0,2,0,15,4,7,41.77930306,-87.63195305
0,345502,-1,30,4,2,0,1,10,5,-1,0,0,-1,0,-1,-1,-1,18,-1,2424,-1,-1,-1,-1,-1,-1,2,0,0,0,0,0,2,0,15,4,7,42.01303498,-87.67485599
0,345387,-1,30,1,-1,0,1,0,5,-1,0,0,-1,0,1,-1,-1,6,16,2514,-1,-1,-1,-1,-1,-1,3,0,0,0,0,0,2,0,15,4,7,41.93144566,-87.76139875
0,345381,-1,30,0,0,0,1,14,5,-1,0,0,0,0,-1,-1,-1,0,0,1931,-1,-1,-1,-1,-1,-1,2,0,0,0,0,0,2,0,15,4,7,41.93102101,-87.67686402
0,345380,-1,30,0,0,0,1,0,5,2,0,0,0,0,-1,-1,-1,0,-1,1223,-1,-1,-1,-1,-1,-1,2,0,0,0,0,0,2,0,15,4,7,41.88776935,-87.67777691
0,345374,-1,30,2,3,0,1,10,7,-1,0,0,-1,0,-1,-1,1,20,20,614,-1,-1,-1,-1,-1,-1,2,0,0,0,0,0,2,0,15,4,7,41.74589127,-87.66317833
0,345363,-1,30,0,0,0,1,14,7,-1,0,0,0,0,-1,-1,-1,0,-1,1233,-1,-1,-1,-1,-1,-1,2,0,0,0,0,0,2,0,15,4,7,41.86625418,-87.66652414
0,345335,-1,30,0,0,0,1,7,6,-1,0,0,0,0,-1,-1,-1,-1,-1,2011,-1,-1,-1,-1,-1,-1,2,0,0,0,0,0,2,0,15,4,7,41.98438404,-87.70560559
0,345332,-1,30,1,2,0,1,0,5,2,0,0,-1,0,-1,-1,-1,17,0,2022,-1,-1,-1,-1,-1,-1,2,0,0,0,0,0,2,0,15,4,7,41.98562545,-87.65617468
0,346765,-1,30,1,2,0,1,8,5,-1,0,0,0,0,-1,-1,-1,0,-1,1612,-1,-1,-1,-1,-1,-1,2,0,0,0,0,0,2,0,15,4,7,42.00436613,-87.81877052
0,345287,-1,30,0,0,0,1,7,5,2,0,0,0,0,-1,-1,1,0,0,324,-1,-1,-1,-1,-1,-1,2,0,0,0,0,0,1,0,15,4,7,41.76592819,-87.58647008
1,345542,-1,30,1,2,0,1,9,5,4,0,0,0,1,1,-1,-1,6,7,225,1,-1,-1,-1,-1,-1,2,2,0,0,0,2,1,0,15,4,7,41.79429549,-87.62260299
0,345465,-1,30,1,2,0,1,0,5,-1,0,0,0,0,-1,-1,-1,6,16,2514,-1,-1,-1,-1,-1,-1,2,0,0,0,0,0,2,0,15,4,7,41.93123056,-87.76105633
0,345308,-1,30,0,0,0,1,2,7,-1,0,0,0,1,0,1,-1,0,-1,2212,-1,-1,-1,-1,-1,-1,1,0,0,0,0,0,1,0,15,4,7,41.70583515,-87.68145602
0,349964,1,0,0,0,0,1,7,7,-1,0,0,-1,0,-1,-1,1,0,0,1033,1,-1,-1,-1,-1,-1,2,0,0,0,0,0,1,0,15,4,7,41.85172777,-87.70042172
0,345619,1,30,1,2,0,1,10,5,2,0,0,-1,0,-1,-1,-1,16,-1,414,-1,-1,-1,-1,-1,-1,2,0,0,0,0,0,3,0,15,4,7,41.75833269,-87.57627713
0,345568,-1,30,2,0,0,1,14,5,-1,0,0,0,0,-1,-1,-1,17,23,132,-1,-1,-1,-1,-1,-1,2,0,0,0,0,0,2,0,15,4,7,41.86134146,-87.62232911
0,345453,-1,25,0,2,0,1,7,5,-1,0,0,0,0,-1,-1,-1,0,-1,1215,-1,-1,-1,-1,-1,-1,2,0,0,0,0,0,1,0,15,4,7,41.89119053,-87.66973259
0,345435,-1,30,0,0,0,1,12,5,2,2,0,0,0,1,-1,-1,22,-1,623,-1,-1,-1,-1,-1,-1,2,0,0,0,0,0,2,0,15,4,7,41.75809218,-87.62490223
0,345401,-1,30,1,2,0,1,10,2,2,0,0,0,0,-1,-1,-1,17,0,2013,-1,-1,-1,-1,-1,-1,3,0,0,0,0,0,3,0,14,4,7,41.98957897,-87.6700083
1,345272,-1,30,0,0,0,1,10,5,2,0,0,0,1,1,-1,-1,18,-1,1822,-1,-1,-1,-1,-1,-1,2,2,0,0,0,2,0,0,14,4,7,41.90443863,-87.64797173
0,345290,-1,30,0,0,0,1,10,2,2,0,0,0,0,-1,-1,-1,16,-1,1623,-1,-1,-1,-1,-1,-1,2,0,0,0,0,0,2,0,14,4,7,41.96787361,-87.75122147
0,345397,-1,0,0,0,0,1,7,7,-1,0,0,0,0,-1,-1,-1,11,-1,925,-1,-1,-1,-1,-1,-1,2,0,0,0,0,0,2,0,14,4,7,41.80962977,-87.64570757
0,346421,-1,45,0,0,0,1,12,3,-1,0,0,-1,0,-1,-1,-1,0,0,1814,-1,-1,-1,-1,-1,-1,2,0,0,0,0,0,2,0,14,4,7,41.91516536,-87.62773146
2,345405,-1,30,0,-1,0,1,7,5,-1,0,0,0,1,-1,-1,-1,20,20,2234,-1,1,-1,-1,-1,-1,2,3,0,0,3,0,2,0,14,4,7,41.69158126,-87.66196448
0,345368,-1,30,0,0,0,1,0,7,-1,0,0,0,0,-1,-1,1,0,0,324,-1,-1,-1,-1,-1,-1,2,0,0,0,0,0,2,0,14,4,7,41.76088524,-87.58633927
2,345340,-1,30,0,0,0,1,10,5,-1,0,0,0,1,-1,-1,-1,18,17,1732,-1,-1,-1,-1,-1,-1,3,1,0,0,1,0,4,0,14,4,7,41.95194841,-87.72520184
1,345264,-1,30,1,2,0,1,12,2,-1,0,0,0,1,-1,-1,-1,16,12,225,-1,-1,-1,-1,-1,-1,2,1,0,0,0,1,1,0,14,4,7,41.79418876,-87.6257394
0,345443,-1,35,0,0,0,1,14,5,-1,0,0,0,1,-1,-1,-1,23,17,822,-1,-1,-1,-1,-1,-1,2,0,0,0,0,0,2,0,14,4,7,41.79342024,-87.70369751
0,345269,-1,30,1,2,0,1,14,5,2,0,0,0,0,1,-1,-1,0,0,1822,-1,-1,-1,-1,-1,-1,2,0,0,0,0,0,2,0,14,4,7,41.90342217,-87.65537671
2,345477,-1,10,0,0,0,1,9,6,1,0,0,0,1,-1,-1,-1,0,0,1134,-1,-1,-1,-1,-1,-1,2,1,0,0,1,0,1,0,14,4,7,41.87108022,-87.70441252
0,345354,-1,35,-1,-1,0,1,7,5,2,0,0,0,0,-1,-1,1,0,0,711,-1,-1,-1,-1,-1,-1,2,0,0,0,0,0,1,0,14,4,7,41.78081198,-87.64199195
0,345323,-1,30,0,0,0,1,7,6,-1,0,0,-1,0,-1,-1,-1,11,0,634,-1,-1,-1,-1,-1,-1,2,0,0,0,0,0,1,0,14,4,7,41.72952842,-87.63027552
0,349398,-1,30,1,2,0,1,10,5,4,0,0,0,0,1,-1,-1,0,-1,821,-1,-1,-1,-1,-1,-1,2,0,0,0,0,0,2,0,14,4,7,41.80801301,-87.71437962
0,346633,-1,30,0,0,0,1,10,2,4,0,0,0,0,-1,-1,-1,17,11,811,-1,-1,-1,-1,-1,-1,2,0,0,0,0,0,2,0,14,4,7,41.79213555,-87.79779538
0,345390,-1,30,-1,-1,0,1,14,2,2,0,0,-1,0,1,-1,-1,0,-1,331,-1,-1,-1,-1,-1,-1,2,0,0,0,0,0,2,0,14,4,7,41.76635416,-87.57624314
0,345271,-1,20,2,0,0,1,14,12,0,2,0,0,0,1,-1,-1,17,16,2212,-1,-1,-1,-1,-1,-1,2,0,0,0,0,0,3,0,14,4,7,41.70446752,-87.68049891
0,345260,-1,30,0,0,0,1,11,7,-1,0,0,0,0,-1,1,-1,20,-1,2533,-1,-1,-1,-1,-1,-1,2,0,0,0,0,0,3,0,14,4,7,41.91571015,-87.74590776
0,345297,-1,30,1,2,0,1,12,12,2,0,0,0,0,-1,-1,1,21,4,511,-1,-1,-1,-1,-1,-1,2,0,0,0,0,0,3,0,14,4,7,41.72151497,-87.62461017
0,345399,0,30,1,2,0,1,7,2,2,0,0,0,0,-1,-1,1,0,-1,1034,-1,-1,-1,-1,-1,-1,2,0,0,0,0,0,1,0,14,4,7,41.84935215,-87.68541454
0,345295,-1,30,1,2,0,1,12,3,6,0,0,0,0,-1,-1,-1,0,0,1831,-1,-1,-1,-1,-1,-1,2,0,0,0,0,0,2,0,14,4,7,-1,-1
0,345257,-1,30,1,2,0,1,14,5,4,0,0,0,0,-1,-1,-1,17,21,524,-1,-1,-1,-1,-1,-1,2,0,0,0,0,0,2,0,14,4,7,41.67064853,-87.64172839
0,345299,-1,30,0,0,0,1,14,6,3,0,0,0,0,-1,-1,-1,22,-1,112,-1,-1,-1,-1,-1,-1,2,0,0,0,0,0,2,0,14,4,7,41.88069633,-87.6252844
0,345413,-1,30,0,2,0,1,10,6,-1,0,0,0,0,-1,-1,1,16,0,1925,-1,-1,-1,-1,-1,-1,2,0,0,0,0,0,2,0,14,4,7,41.95295229,-87.6450392
0,345217,-1,30,1,2,0,1,14,5,-1,0,0,0,0,1,-1,-1,18,16,123,-1,-1,-1,-1,-1,-1,2,0,0,0,0,0,2,0,14,4,7,41.87309549,-87.62434525
3,345211,-1,30,0,0,0,1,9,5,4,0,0,0,1,-1,-1,-1,-1,-1,1115,-1,-1,-1,-1,-1,-1,2,1,0,1,0,0,1,0,14,4,7,41.88056467,-87.72991609
0,345206,-1,30,2,2,0,1,10,2,2,0,0,0,0,-1,-1,-1,18,-1,833,-1,-1,-1,-1,-1,-1,2,0,0,0,0,0,3,0,14,4,7,41.77151945,-87.72025022
0,345288,-1,30,-1,-1,0,1,10,5,-1,0,0,-1,0,-1,-1,-1,18,18,623,-1,-1,-1,-1,-1,-1,2,0,0,0,0,0,3,0,13,4,7,41.75577897,-87.62646049
0,345219,-1,30,0,0,0,1,2,5,2,0,0,0,0,-1,1,1,0,-1,831,-1,-1,-1,-1,-1,-1,1,0,0,0,0,0,1,0,13,4,7,41.76237444,-87.70776695
1,345203,-1,30,2,2,0,1,0,5,4,0,0,0,1,1,-1,-1,0,0,432,-1,-1,-1,-1,-1,-1,2,1,0,0,0,1,1,0,13,4,7,41.70085438,-87.54023599
0,345669,-1,25,0,0,0,1,7,5,2,0,0,0,0,-1,-1,1,20,0,1935,-1,-1,-1,-1,-1,-1,2,0,0,0,0,0,1,0,13,4,7,41.93077872,-87.64378197
0,345248,-1,30,1,2,0,1,10,2,2,0,0,0,0,-1,-1,-1,18,-1,1424,-1,-1,-1,-1,-1,-1,2,0,0,0,0,0,2,0,13,4,7,41.90934698,-87.6775811
0,345263,-1,30,0,0,0,1,10,5,2,0,0,0,0,-1,-1,-1,18,-1,114,-1,-1,-1,-1,-1,-1,2,0,0,0,0,0,2,0,13,4,7,41.87880832,-87.61729492
0,345266,-1,15,0,0,0,1,5,7,-1,0,0,0,0,-1,1,-1,0,0,511,-1,-1,-1,-1,-1,-1,2,0,0,0,0,0,1,0,13,4,7,41.70764215,-87.60101281
0,345223,-1,30,1,2,0,1,12,5,-1,0,0,-1,0,1,-1,-1,0,0,632,-1,-1,-1,-1,-1,-1,2,0,0,0,0,0,2,0,13,4,7,41.73620947,-87.62430552
0,345657,-1,30,1,2,0,1,12,3,4,0,0,0,0,1,-1,-1,0,0,634,-1,-1,-1,-1,-1,-1,2,0,0,0,0,0,6,0,13,4,7,41.73614513,-87.62691784
0,345449,-1,30,1,0,0,1,14,3,-1,0,0,2,0,-1,-1,-1,22,-1,1832,-1,-1,-1,-1,-1,-1,2,0,0,0,0,0,3,0,13,4,7,41.89250117,-87.62824274
0,345164,-1,30,1,2,0,1,14,5,2,0,0,0,0,-1,-1,-1,-1,-1,726,-1,-1,-1,-1,-1,-1,2,0,0,0,0,0,2,0,13,4,7,41.76854893,-87.67374952
0,345162,-1,30,0,0,0,1,10,5,-1,0,0,0,0,-1,-1,-1,12,16,2533,-1,-1,-1,-1,-1,-1,2,0,0,0,0,0,2,0,13,4,7,41.91395189,-87.74584443
3,345179,-1,30,1,2,0,1,14,5,2,0,0,0,1,1,-1,-1,17,-1,734,-1,-1,-1,-1,-1,-1,2,2,0,1,1,0,0,0,13,4,7,41.75937054,-87.66349252
0,358448,-1,10,0,0,-1,1,7,7,-1,0,0,0,0,-1,-1,0,23,21,432,-1,-1,-1,-1,-1,-1,2,0,0,0,0,0,1,0,13,4,7,41.70366236,-87.52571243
1,346131,-1,30,0,0,0,1,9,0,-1,0,0,0,1,-1,-1,-1,0,0,231,-1,-1,-1,-1,-1,-1,2,1,0,0,0,1,1,0,13,4,7,41.80117489,-87.61953053
0,345154,-1,30,1,2,0,1,14,5,2,0,0,-1,0,-1,-1,-1,17,-1,1225,-1,-1,-1,-1,-1,-1,2,0,0,0,0,0,2,0,13,4,7,41.86672491,-87.68584255
2,345474,-1,30,1,2,0,1,10,6,1,0,0,0,1,-1,-1,-1,17,18,1931,-1,-1,-1,-1,-1,-1,3,4,0,0,4,0,2,0,13,4,7,41.92888503,-87.66833537
0,345191,-1,30,1,2,0,1,3,5,4,2,0,0,0,1,-1,-1,0,-1,1113,-1,-1,-1,-1,-1,-1,2,0,0,0,0,0,2,0,13,4,7,41.87707459,-87.73547397
0,345139,-1,30,1,2,0,1,14,2,4,0,0,0,0,-1,-1,-1,0,-1,1612,-1,-1,-1,-1,-1,-1,3,0,0,0,0,0,3,0,13,4,7,41.98579047,-87.80676781
0,353486,-1,25,0,0,0,1,7,5,2,0,0,-1,0,-1,-1,1,0,0,1912,-1,-1,-1,-1,-1,-1,2,0,0,0,0,0,1,0,13,4,7,41.95676348,-87.67083935
2,348590,-1,30,7,5,0,1,10,5,-1,0,0,0,1,-1,-1,-1,20,0,1214,-1,-1,-1,-1,-1,-1,2,4,0,0,3,1,1,0,13,4,7,41.89449766,-87.65390453
0,347608,-1,35,1,2,0,1,10,2,2,0,0,0,0,-1,-1,-1,0,18,113,-1,-1,-1,-1,-1,-1,2,0,0,0,0,0,2,0,13,4,7,41.87584442,-87.62747718
0,346392,-1,30,0,0,0,1,12,5,-1,0,0,0,0,1,-1,-1,-1,-1,1125,-1,-1,-1,-1,-1,-1,2,0,0,0,0,0,2,0,13,4,7,41.88104967,-87.68666936
0,345574,-1,40,0,0,0,1,12,3,4,0,0,0,0,-1,-1,0,0,0,1814,-1,-1,-1,-1,-1,-1,2,0,0,0,0,0,2,0,13,4,7,41.91122456,-87.62648257
0,345132,-1,30,0,0,0,1,2,6,1,0,0,0,0,1,-1,1,23,0,1623,-1,-1,-1,-1,-1,-1,1,0,0,0,0,0,1,0,13,4,7,41.9767047,-87.76715407
2,345134,-1,30,0,0,0,1,10,5,2,2,0,0,1,-1,-1,-1,18,18,911,-1,-1,-1,-1,-1,-1,3,1,0,0,1,0,7,0,12,4,7,41.83426576,-87.69479727
0,345173,-1,30,0,0,0,1,10,2,2,0,0,0,0,1,-1,-1,18,-1,1213,-1,-1,-1,-1,-1,-1,2,0,0,0,0,0,3,0,12,4,7,41.90319053,-87.67029009
0,345101,-1,30,0,0,0,1,12,5,2,0,0,0,0,-1,-1,-1,11,16,1233,-1,-1,-1,-1,-1,-1,2,0,0,0,0,0,2,0,12,4,7,41.85794718,-87.66353727
0,345130,-1,30,-1,-1,0,1,7,5,4,0,0,-1,0,-1,-1,-1,11,11,935,-1,-1,-1,-1,-1,-1,2,0,0,0,0,0,1,0,12,4,7,41.79463883,-87.63226705
0,346782,-1,30,1,2,0,1,10,5,4,0,0,0,0,-1,-1,-1,18,18,1232,-1,-1,-1,-1,-1,-1,3,0,0,0,0,0,3,0,12,4,7,41.86554316,-87.64672251
0,345210,-1,30,1,2,0,1,10,3,4,0,0,0,0,-1,-1,-1,0,0,1723,-1,-1,-1,-1,-1,-1,2,0,0,0,0,0,2,0,12,4,7,41.9538932,-87.71788567
2,345136,-1,30,1,2,0,1,0,5,-1,0,0,0,1,1,-1,-1,0,-1,632,-1,1,-1,-1,-1,-1,3,2,0,0,2,0,2,0,12,4,7,41.7365417,-87.61929625
0,345119,-1,30,0,0,0,1,14,5,2,0,-1,-1,0,-1,-1,-1,17,23,1914,-1,-1,-1,-1,-1,-1,2,0,0,0,0,0,3,0,12,4,7,41.96630294,-87.64897018
0,345063,-1,15,0,0,0,1,5,0,-1,0,0,0,0,-1,-1,-1,11,28,1921,-1,-1,-1,-1,-1,-1,1,0,0,0,0,0,1,0,12,4,7,41.95304301,-87.68829121
0,345148,-1,30,0,0,0,1,14,5,2,0,0,0,0,-1,-1,-1,17,-1,1923,-1,-1,-1,-1,-1,-1,2,0,0,0,0,0,2,0,12,4,7,41.95424874,-87.6639402
2,345086,-1,30,0,0,0,1,10,12,-1,0,0,0,1,-1,1,-1,27,7,2211,-1,-1,-1,-1,-1,-1,2,1,0,0,1,0,3,0,12,4,7,41.70608296,-87.70146672
0,345061,-1,30,0,0,0,1,7,6,1,0,0,0,0,-1,-1,-1,22,33,1623,-1,-1,-1,-1,-1,-1,2,0,0,0,0,0,1,0,12,4,7,41.96824728,-87.7623685
0,345059,-1,35,0,0,0,1,12,5,-1,0,0,0,0,-1,-1,-1,-1,-1,1115,-1,-1,-1,-1,-1,-1,2,0,0,0,0,0,2,0,12,4,7,41.88080416,-87.72824442
0,345350,-1,30,1,2,0,1,8,5,-1,0,0,0,0,-1,-1,-1,6,-1,1215,-1,-1,-1,-1,-1,-1,2,0,0,0,0,0,2,0,12,4,7,41.88649138,-87.66686458
0,345075,-1,25,0,0,0,1,7,7,-1,0,0,0,0,-1,-1,1,0,0,1732,-1,-1,-1,-1,-1,-1,2,0,0,0,0,0,1,0,12,4,7,41.94488107,-87.71280509
0,345082,-1,35,1,2,0,1,10,2,-1,0,0,0,0,-1,-1,1,25,-1,2221,-1,-1,-1,-1,-1,-1,2,0,0,0,0,0,2,0,11,4,7,41.7217566,-87.66284164
0,345057,-1,35,2,2,0,1,8,5,-1,0,0,0,0,-1,-1,-1,-1,-1,1111,-1,-1,-1,-1,-1,-1,2,0,0,0,0,0,2,0,11,4,7,41.89529263,-87.73607061
0,345054,-1,30,0,0,0,1,7,2,2,0,0,0,0,-1,-1,-1,20,16,1212,-1,-1,-1,-1,-1,-1,2,0,0,0,0,0,2,0,11,4,7,41.89946761,-87.68904591
0,345065,-1,30,1,2,0,1,10,3,4,0,0,0,0,-1,-1,-1,17,17,132,-1,-1,-1,-1,-1,-1,2,0,0,0,0,0,2,0,11,4,7,41.86737253,-87.62273305
0,345036,-1,30,0,0,0,1,10,5,-1,0,0,0,0,-1,-1,-1,0,-1,2211,-1,-1,-1,-1,-1,-1,2,0,0,0,0,0,2,0,11,4,7,41.69154182,-87.70943218
0,345081,-1,30,2,2,0,1,0,5,2,0,0,0,0,1,-1,-1,17,5,322,-1,-1,-1,-1,-1,-1,2,0,0,0,0,0,2,0,11,4,7,41.76566236,-87.62298056
0,345006,-1,30,11,0,0,1,2,5,2,2,0,0,1,-1,1,-1,0,32,1022,-1,-1,-1,-1,-1,-1,1,0,0,0,0,0,1,0,11,4,7,41.85242748,-87.70542122
0,344994,1,30,1,2,0,1,12,2,3,0,0,-1,0,-1,-1,-1,0,-1,113,-1,-1,-1,-1,-1,-1,2,0,0,0,0,0,2,0,11,4,7,41.87948933,-87.62449813
0,345062,-1,30,2,2,0,1,0,5,2,0,0,0,0,1,-1,-1,0,0,2411,-1,-1,-1,-1,-1,-1,2,0,0,0,0,0,2,0,11,4,7,42.01024169,-87.6825059
0,345004,-1,30,0,0,0,1,7,5,4,0,0,0,0,-1,-1,-1,22,11,1122,-1,-1,0,-1,-1,-1,2,0,0,0,0,0,2,0,11,4,7,41.88085509,-87.72424613
1,344982,0,30,1,2,0,1,14,5,4,0,0,0,1,1,-1,-1,17,6,1115,1,1,-1,-1,-1,-1,2,1,0,0,0,1,1,0,11,4,7,41.8808343,-87.7257966
0,344957,-1,30,0,0,0,1,11,7,2,0,0,0,0,-1,-1,-1,0,0,511,-1,-1,-1,-1,-1,-1,2,0,0,0,0,0,2,0,11,4,7,41.72081172,-87.5881398
0,345153,-1,30,1,2,0,1,10,5,-1,0,0,0,0,1,-1,-1,0,0,1832,-1,-1,-1,-1,-1,-1,2,0,0,0,0,0,2,0,11,4,7,41.8965648,-87.63256168
0,345010,-1,30,1,2,0,1,0,2,4,0,0,0,0,1,-1,-1,31,-1,925,-1,-1,-1,-1,-1,-1,2,0,0,0,0,0,2,0,11,4,7,41.80920224,-87.63286103
0,344998,-1,30,0,0,0,4,7,5,-1,0,0,0,0,-1,-1,-1,0,0,1925,-1,-1,-1,-1,-1,-1,2,0,0,0,0,0,1,0,11,4,7,41.95226577,-87.64949098
0,344966,1,30,1,2,0,1,10,5,-1,0,0,0,0,-1,-1,-1,18,0,124,-1,-1,-1,-1,-1,-1,2,0,0,0,0,0,3,0,11,4,7,41.86732839,-87.64226424
0,344996,-1,30,0,0,0,1,12,6,2,0,0,0,0,-1,-1,-1,17,-1,1832,-1,-1,-1,-1,-1,-1,2,0,0,0,0,0,2,0,10,4,7,41.8941696,-87.62905398
0,344968,-1,40,0,0,0,1,10,3,8,0,0,0,0,-1,-1,-1,18,16,132,-1,-1,-1,-1,-1,-1,2,0,0,0,0,0,2,0,10,4,7,41.85287759,-87.61380888
0,344942,-1,30,1,2,0,1,12,5,1,0,0,0,1,1,-1,-1,21,21,1712,-1,-1,-1,-1,-1,-1,2,0,0,0,0,0,2,0,10,4,7,41.96835573,-87.72773532