MOST_SEVERE_INJURY,RD_NO,CRASH_DATE_EST_I,POSTED_SPEED_LIMIT,TRAFFIC_CONTROL_DEVICE,DEVICE_CONDITION,WEATHER_CONDITION,LIGHTING_CONDITION,FIRST_CRASH_TYPE,TRAFFICWAY_TYPE,LANE_CNT,ALIGNMENT,ROADWAY_SURFACE_COND,ROAD_DEFECT,CRASH_TYPE,INTERSECTION_RELATED_I,NOT_RIGHT_OF_WAY_I,HIT_AND_RUN_I,PRIM_CONTRIBUTORY_CAUSE,SEC_CONTRIBUTORY_CAUSE,BEAT_OF_OCCURRENCE,PHOTOS_TAKEN_I,STATEMENTS_TAKEN_I,DOORING_I,WORK_ZONE_I,WORK_ZONE_TYPE,WORKERS_PRESENT_I,NUM_UNITS,INJURIES_TOTAL,INJURIES_FATAL,INJURIES_INCAPACITATING,INJURIES_NON_INCAPACITATING,INJURIES_REPORTED_NOT_EVIDENT,INJURIES_NO_INDICATION,INJURIES_UNKNOWN,CRASH_HOUR,CRASH_DAY_OF_WEEK,CRASH_MONTH,LATITUDE,LONGITUDE
0,356081,-1,0,0,0,-1,-1,2,12,1,3,-1,-1,0,-1,1,-1,12,12,112,-1,-1,-1,-1,-1,-1,1,0,0,0,0,0,1,0,10,4,7,41.88091068,-87.62550911
0,345195,-1,30,0,0,0,1,7,5,2,0,-1,-1,0,-1,-1,-1,22,22,1925,-1,-1,-1,-1,-1,-1,2,0,0,0,0,0,1,0,10,4,7,41.94777191,-87.6463702
0,344962,-1,35,1,2,0,1,12,2,-1,0,0,0,0,-1,-1,1,22,-1,834,-1,-1,-1,1,1,-1,2,0,0,0,0,0,2,0,10,4,7,41.74965681,-87.72206436
0,344933,-1,30,1,2,0,1,10,2,-1,0,0,0,0,1,-1,-1,18,-1,914,-1,-1,-1,-1,-1,-1,2,0,0,0,0,0,3,0,10,4,7,41.84530383,-87.64003092
0,345677,-1,30,2,2,0,1,14,6,-1,0,0,0,0,1,-1,1,17,22,815,-1,-1,-1,-1,-1,-1,2,0,0,0,0,0,2,0,10,4,7,41.80220192,-87.723845
0,344964,-1,30,1,2,0,1,14,2,4,0,0,0,0,1,-1,-1,17,11,123,-1,-1,-1,-1,-1,-1,2,0,0,0,0,0,2,0,10,4,7,41.87055847,-87.62428661
0,344937,-1,30,0,0,0,1,0,5,-1,0,0,0,0,-1,-1,-1,23,-1,2221,-1,-1,-1,-1,-1,-1,2,0,0,0,0,0,2,0,10,4,7,41.72192588,-87.66284336
0,344924,-1,30,0,0,0,1,7,5,2,0,0,0,0,-1,-1,-1,11,-1,1214,-1,-1,-1,-1,-1,-1,2,0,0,0,0,0,1,0,10,4,7,41.88595976,-87.65666967
1,344946,-1,30,1,2,0,1,10,2,4,0,0,0,1,-1,-1,-1,18,-1,1232,-1,-1,-1,-1,-1,-1,2,1,0,0,0,1,1,0,10,4,7,41.86948593,-87.64707193
0,344985,-1,30,0,0,0,1,14,5,-1,0,0,0,0,-1,-1,1,22,22,1912,-1,-1,-1,-1,-1,-1,2,0,0,0,0,0,3,0,10,4,7,41.95772871,-87.67656346
0,344925,-1,30,2,-1,0,1,14,2,-1,0,0,0,0,1,-1,-1,23,-1,431,-1,-1,-1,-1,-1,-1,2,0,0,0,0,0,2,0,10,4,7,41.72262361,-87.55536989
0,345842,-1,30,0,0,0,1,10,6,-1,0,0,0,0,-1,-1,-1,18,0,934,-1,-1,-1,-1,-1,-1,2,0,0,0,0,0,2,0,10,4,7,41.79438646,-87.64772262
0,345781,-1,30,0,0,0,1,10,6,2,0,0,0,0,-1,-1,1,18,-1,122,-1,-1,-1,-1,-1,-1,2,0,0,0,0,0,2,0,10,4,7,41.87823516,-87.63308459
0,345432,-1,30,0,0,0,1,7,5,1,0,0,0,0,-1,-1,1,22,22,522,-1,-1,-1,-1,-1,-1,2,0,0,0,0,0,1,0,10,4,7,41.67623614,-87.62755743
0,345142,-1,20,0,0,0,3,7,6,1,0,0,0,0,-1,-1,1,-1,-1,823,-1,-1,-1,-1,-1,-1,2,0,0,0,0,0,1,0,10,4,7,41.78436897,-87.700034
0,344926,-1,30,0,0,0,1,10,5,-1,0,0,0,0,-1,-1,-1,0,-1,432,1,-1,-1,-1,-1,-1,2,0,0,0,0,0,5,0,10,4,7,41.7157227,-87.53542294
0,344887,-1,0,2,2,0,1,0,5,-1,0,0,0,0,-1,-1,-1,17,17,834,-1,-1,-1,-1,-1,-1,2,0,0,0,0,0,2,0,10,4,7,41.73845923,-87.73132648
0,344884,-1,35,1,2,0,1,14,5,-1,0,0,0,0,-1,-1,-1,21,25,1732,-1,-1,-1,-1,-1,-1,2,0,0,0,0,0,2,0,10,4,7,41.94648178,-87.72749488
0,351169,-1,30,1,2,0,1,8,5,2,0,0,0,0,1,-1,-1,22,-1,1214,-1,-1,-1,-1,-1,-1,2,0,0,0,0,0,3,0,9,4,7,41.8857752,-87.64742373
0,344929,-1,30,0,0,0,1,10,5,-1,0,0,0,0,-1,-1,-1,0,-1,1221,-1,-1,-1,-1,-1,-1,2,0,0,0,0,0,3,0,9,4,7,41.89587404,-87.67719826
0,344955,-1,30,1,2,0,1,10,2,7,0,0,0,0,-1,-1,-1,16,-1,2513,-1,-1,-1,-1,-1,-1,2,0,0,0,0,0,2,0,9,4,7,41.90914148,-87.79440871
0,345026,1,30,0,0,0,1,5,7,1,0,0,0,0,-1,-1,-1,20,33,614,-1,-1,-1,-1,-1,-1,1,0,0,0,0,0,1,0,9,4,7,41.74395002,-87.67639209
2,344917,-1,30,1,2,0,1,12,1,4,0,0,0,1,-1,-1,-1,0,0,1224,-1,-1,-1,1,2,-1,2,1,0,0,1,0,1,0,9,4,7,41.88338398,-87.6475552
0,344878,-1,30,0,0,0,1,11,5,-1,0,0,0,0,-1,-1,-1,0,0,1434,-1,-1,-1,-1,-1,-1,2,0,0,0,0,0,3,0,9,4,7,41.9107463,-87.68342769
0,364604,-1,30,0,0,0,1,7,7,-1,0,0,0,0,-1,1,1,0,0,1821,-1,-1,-1,-1,-1,-1,2,0,0,0,0,0,1,0,9,4,7,41.90390274,-87.63837089
0,346215,-1,30,0,0,0,1,2,6,-1,0,0,1,0,-1,-1,-1,0,-1,1124,-1,-1,-1,-1,-1,-1,1,0,0,0,0,0,1,0,9,4,7,41.8768706,-87.69754883
0,344932,-1,30,2,2,0,1,14,3,2,0,0,0,0,-1,-1,-1,23,17,234,-1,-1,-1,-1,-1,-1,2,0,0,0,0,0,3,0,9,4,7,41.79794926,-87.58710102
3,344871,-1,0,1,2,0,1,8,1,4,0,0,0,1,1,-1,-1,17,0,1824,-1,-1,-1,-1,-1,-1,2,1,0,1,0,0,1,0,9,4,7,41.90932493,-87.63152924
0,344853,-1,35,1,2,0,1,10,2,8,0,0,0,0,-1,-1,-1,20,20,113,-1,-1,-1,-1,-1,-1,2,0,0,0,0,0,2,0,9,4,7,41.87574748,-87.62767401
3,344828,-1,30,0,0,0,1,9,5,4,0,0,0,1,-1,-1,-1,0,0,815,-1,-1,-1,-1,-1,-1,2,1,0,1,0,0,1,0,9,4,7,41.81001959,-87.72381001
2,344813,-1,30,1,1,0,1,9,5,4,0,0,0,1,1,-1,-1,17,0,112,-1,-1,-1,-1,-1,-1,2,1,0,0,1,0,1,0,9,4,7,41.8806818,-87.62600455
0,344801,-1,15,0,0,0,1,0,7,-1,0,0,0,0,-1,1,-1,11,11,1915,-1,-1,-1,-1,-1,-1,2,0,0,0,0,0,2,0,9,4,7,41.95464083,-87.65156901
0,344812,-1,20,0,0,0,1,7,7,-1,0,0,0,0,-1,-1,-1,20,-1,1712,1,1,-1,-1,-1,-1,2,0,0,0,0,0,1,0,9,4,7,41.97533143,-87.73302097
0,355226,-1,30,0,0,0,1,7,5,2,0,0,0,0,-1,-1,1,0,-1,1822,-1,-1,-1,-1,-1,-1,2,0,0,0,0,0,1,0,9,4,7,41.90758177,-87.64825268
0,346992,-1,15,0,0,0,1,0,7,-1,0,0,0,0,-1,-1,-1,0,0,1831,-1,-1,-1,-1,-1,-1,2,0,0,0,0,0,2,0,9,4,7,41.89206949,-87.62822443
0,346291,1,30,-1,-1,-1,-1,10,8,1,2,-1,-1,0,1,-1,-1,-1,-1,132,-1,-1,-1,-1,-1,-1,2,0,0,0,0,0,2,0,9,4,7,41.84902363,-87.61305319
0,344889,-1,30,0,0,0,1,10,6,2,0,0,0,0,-1,-1,-1,20,20,122,-1,-1,-1,-1,-1,-1,2,0,0,0,0,0,2,0,9,4,7,41.87845408,-87.63535775
2,344858,-1,30,0,-1,0,1,9,5,-1,0,0,-1,1,-1,-1,-1,17,0,925,-1,-1,-1,-1,-1,-1,2,1,0,0,1,0,1,0,9,4,7,41.8091771,-87.63480916
0,344827,-1,30,0,0,0,1,10,5,2,0,0,0,1,-1,-1,-1,0,0,1623,-1,-1,-1,-1,-1,-1,2,0,0,0,0,0,2,0,9,4,7,41.967561,-87.76267672
2,344787,-1,30,0,0,0,1,12,2,2,0,0,0,1,-1,-1,-1,17,14,1821,-1,-1,-1,-1,-1,-1,3,1,0,0,1,0,1,0,9,4,7,41.91041241,-87.6317933
0,344838,-1,30,0,0,0,1,12,5,-1,0,0,0,0,-1,-1,-1,18,17,2525,-1,-1,-1,-1,-1,-1,2,0,0,0,0,0,2,0,8,4,7,41.92259714,-87.72689293
0,344866,-1,30,1,2,0,1,10,1,-1,0,0,0,1,-1,-1,-1,18,-1,2031,-1,-1,-1,-1,-1,-1,2,0,0,0,0,0,4,0,8,4,7,41.97030143,-87.68898505
0,345222,-1,30,1,2,0,1,10,5,4,2,0,0,0,1,-1,-1,16,11,312,-1,-1,-1,-1,-1,-1,2,0,0,0,0,0,3,0,8,4,7,41.78021132,-87.61576829
0,344965,-1,30,1,2,0,1,10,2,4,0,0,0,0,1,-1,-1,18,18,1611,-1,-1,-1,-1,-1,-1,2,0,0,0,0,0,2,0,8,4,7,41.99772526,-87.80785547
0,344814,-1,30,0,0,0,1,7,5,2,0,0,0,1,-1,-1,-1,0,0,1612,-1,-1,-1,-1,-1,-1,2,0,0,0,0,0,1,0,8,4,7,42.00327721,-87.8176655
0,344794,-1,30,0,0,0,1,10,3,-1,0,0,0,0,-1,-1,-1,18,18,2012,-1,-1,-1,-1,-1,-1,2,0,0,0,0,0,3,0,8,4,7,41.9905841,-87.67864769
0,344841,-1,30,0,0,0,1,12,6,1,0,0,0,0,-1,-1,-1,17,0,1833,-1,-1,-1,-1,-1,-1,2,0,0,0,0,0,2,0,8,4,7,41.89801433,-87.62199837
3,344780,-1,30,2,0,0,1,14,6,2,0,0,0,1,1,-1,-1,5,-1,1232,-1,-1,-1,-1,-1,-1,3,2,0,2,0,0,4,0,8,4,7,41.8777806,-87.65068082
0,345053,-1,30,1,2,0,1,10,2,-1,0,0,0,0,-1,-1,-1,0,-1,114,-1,-1,-1,-1,-1,-1,2,0,0,0,0,0,2,0,8,4,7,41.86759463,-87.62249747
1,344870,-1,30,2,2,0,1,10,5,-1,0,0,0,1,-1,-1,-1,18,0,1932,-1,-1,-1,-1,-1,-1,2,1,0,0,0,1,1,0,8,4,7,41.93256144,-87.66534497
0,344848,-1,30,0,0,0,1,12,5,4,0,0,0,0,-1,-1,1,0,0,821,-1,-1,-1,-1,-1,-1,2,0,0,0,0,0,2,0,8,4,7,41.81894133,-87.70454484
0,344765,-1,30,0,0,0,1,12,3,4,0,0,0,0,-1,-1,-1,22,33,524,-1,-1,-1,1,2,-1,2,0,0,0,0,0,2,0,8,4,7,41.67710445,-87.64173829
0,344809,-1,30,0,0,0,1,12,2,2,0,0,0,0,-1,-1,-1,22,-1,122,-1,-1,-1,-1,-1,-1,2,0,0,0,0,0,3,0,8,4,7,41.88678441,-87.63262706
0,349945,-1,30,-1,-1,0,1,2,6,-1,0,-1,1,0,-1,-1,-1,29,-1,1135,-1,-1,-1,-1,-1,-1,1,0,0,0,0,0,1,0,8,4,7,41.87477812,-87.69784166
0,344842,-1,15,0,0,0,1,7,7,1,0,0,0,0,-1,-1,1,17,20,822,-1,-1,-1,-1,-1,-1,2,0,0,0,0,0,2,0,8,4,7,41.78615531,-87.70349314
0,344768,-1,30,0,0,0,1,0,3,4,0,0,0,0,-1,-1,-1,17,21,1834,-1,-1,-1,-1,-1,-1,2,0,0,0,0,0,2,0,8,4,7,41.89169467,-87.6240462
0,344767,-1,35,1,2,0,1,14,2,-1,0,0,-1,1,1,-1,-1,0,-1,2013,-1,-1,-1,-1,-1,-1,2,0,0,0,0,0,2,0,8,4,7,41.98536825,-87.66027021
0,345849,-1,20,0,0,0,1,10,7,2,0,0,0,0,-1,-1,-1,0,0,133,-1,-1,-1,-1,-1,-1,2,0,0,0,0,0,2,0,8,4,7,41.83874393,-87.61002325
0,344764,-1,30,0,0,0,1,10,2,2,0,0,0,0,-1,-1,-1,16,18,1831,-1,-1,-1,-1,-1,-1,2,0,0,0,0,0,2,0,8,4,7,41.8934605,-87.64127552
0,344779,-1,30,1,2,0,1,10,5,6,0,0,0,0,-1,-1,0,0,0,1711,-1,-1,-1,-1,-1,-1,2,0,0,0,0,0,2,0,8,4,7,41.99564323,-87.71307516
0,344751,-1,30,2,2,0,1,14,1,-1,0,0,0,0,-1,-1,-1,17,-1,1711,-1,-1,-1,-1,-1,-1,2,0,0,0,0,0,2,0,8,4,7,41.99017529,-87.73263457
0,351763,1,30,0,0,-1,-1,7,6,1,0,-1,-1,0,-1,-1,1,0,-1,633,-1,-1,-1,-1,-1,-1,2,0,0,0,0,0,1,0,8,4,7,41.72505143,-87.61800195
0,345454,-1,25,0,0,0,1,7,6,-1,0,0,0,0,-1,-1,1,-1,-1,1023,-1,-1,-1,-1,-1,-1,2,0,0,0,0,0,1,0,8,4,7,41.86470407,-87.69200716
0,344752,-1,35,0,0,0,1,10,5,4,0,0,0,0,-1,-1,-1,28,0,835,-1,-1,-1,-1,-1,-1,2,0,0,0,0,0,2,0,8,4,7,41.75482108,-87.69300647
0,345838,-1,30,0,0,0,1,12,6,3,0,0,0,0,-1,-1,-1,0,0,1831,-1,-1,-1,-1,-1,-1,2,0,0,0,0,0,2,0,7,4,7,41.88847074,-87.63695869
2,344901,-1,30,0,0,0,1,0,5,-1,0,0,0,1,-1,-1,-1,20,-1,1213,-1,-1,-1,-1,-1,-1,2,1,0,0,1,0,1,0,7,4,7,41.90163234,-87.66357666
0,344740,-1,30,0,0,0,1,14,5,4,0,0,0,0,-1,-1,-1,0,-1,1013,-1,-1,-1,-1,-1,-1,2,0,0,0,0,0,2,0,7,4,7,41.84896965,-87.73040473
0,345558,-1,30,1,2,0,1,12,5,4,0,0,-1,0,-1,-1,1,0,0,1711,-1,-1,-1,-1,-1,-1,2,0,0,0,0,0,2,0,7,4,7,41.99437341,-87.71408478
0,345247,-1,10,0,0,0,1,7,7,-1,0,0,0,0,-1,-1,-1,0,-1,2433,-1,-1,-1,-1,-1,-1,2,0,0,0,0,0,1,0,7,4,7,41.99395802,-87.65536028
0,344738,-1,30,1,2,0,1,12,5,-1,0,0,0,0,-1,-1,-1,21,0,2432,-1,-1,-1,-1,-1,-1,2,0,0,0,0,0,2,0,7,4,7,41.99829823,-87.66061166
0,344727,-1,30,1,2,0,1,10,5,4,0,0,0,1,1,-1,-1,18,18,2012,-1,-1,-1,-1,-1,-1,2,0,0,0,0,0,2,0,7,4,7,41.98901839,-87.68947337
0,344742,-1,30,2,2,0,1,0,12,0,3,0,0,0,1,-1,-1,17,0,1623,-1,-1,-1,-1,-1,-1,2,0,0,0,0,0,3,0,7,4,7,41.96978065,-87.76512042
0,355928,-1,30,1,2,0,1,12,5,4,0,0,0,0,-1,-1,-1,21,23,1622,-1,-1,-1,-1,-1,-1,2,0,0,0,0,0,2,0,7,4,7,41.97572994,-87.76862658
0,344710,-1,30,0,0,0,1,12,5,4,0,0,0,0,-1,-1,-1,21,21,924,-1,-1,-1,-1,-1,-1,2,0,0,0,0,0,2,0,6,4,7,41.82066615,-87.66512092
0,346126,-1,30,1,2,0,1,10,2,2,0,0,0,0,-1,-1,-1,18,0,1723,-1,-1,-1,-1,-1,-1,2,0,0,0,0,0,2,0,6,4,7,41.96117974,-87.7179802
0,344706,-1,35,0,0,0,1,2,2,-1,0,0,0,0,-1,-1,-1,0,-1,834,-1,-1,-1,-1,-1,-1,1,0,0,0,0,0,1,0,6,4,7,41.74270372,-87.74098624
0,344743,-1,30,0,0,0,1,7,2,-1,0,0,0,0,-1,-1,-1,0,-1,122,-1,-1,-1,-1,-1,-1,2,0,0,0,0,0,1,0,6,4,7,41.88076896,-87.63387497
0,345471,-1,30,0,0,0,1,7,0,-1,0,0,-1,0,-1,-1,1,0,0,1133,-1,-1,-1,-1,-1,-1,2,0,0,0,0,0,1,0,6,4,7,41.87156983,-87.72118972
0,345461,-1,30,0,0,0,1,7,-1,-1,0,0,0,0,-1,-1,1,0,0,1031,-1,-1,-1,-1,-1,-1,2,0,0,0,0,0,1,0,6,4,7,41.84038777,-87.73001094
0,346748,1,30,0,0,0,-1,7,6,1,0,0,0,0,-1,-1,1,11,0,1121,-1,-1,-1,-1,-1,-1,2,0,0,0,0,0,2,0,6,4,7,41.90178335,-87.70926649
0,344695,-1,30,1,2,0,1,10,5,4,0,0,0,0,-1,-1,-1,18,0,2011,-1,-1,-1,-1,-1,-1,2,0,0,0,0,0,2,0,5,4,7,41.97612112,-87.68930732
0,344698,-1,30,1,2,0,1,10,5,2,0,0,0,0,-1,-1,-1,18,0,1222,-1,-1,-1,-1,-1,-1,2,0,0,0,0,0,2,0,5,4,7,41.88414252,-87.70143989
0,345337,-1,30,0,0,0,1,12,3,-1,0,0,0,0,-1,-1,-1,17,-1,814,-1,-1,-1,-1,-1,-1,2,0,0,0,0,0,2,0,5,4,7,41.80570701,-87.74325203
0,344694,-1,30,0,0,0,1,12,8,2,0,0,0,0,-1,-1,-1,0,-1,1232,-1,-1,-1,-1,-1,-1,2,0,0,0,0,0,2,0,5,4,7,41.86713421,-87.64423752
0,345623,-1,30,0,0,0,2,7,5,-1,0,0,0,0,-1,-1,1,0,-1,434,-1,-1,-1,-1,-1,-1,2,0,0,0,0,0,1,0,5,4,7,41.69823793,-87.56060179
0,344677,-1,35,0,0,0,3,7,2,-1,0,0,0,1,-1,-1,-1,16,-1,1133,-1,-1,-1,-1,-1,-1,2,0,0,0,0,0,1,0,4,4,7,41.86643977,-87.71218086
0,344666,-1,35,1,2,0,0,12,5,-1,0,0,0,0,-1,-1,-1,17,-1,825,-1,-1,-1,-1,-1,-1,2,0,0,0,0,0,3,0,3,4,7,41.77935858,-87.68397493
0,345202,-1,30,1,2,0,0,10,5,2,0,0,-1,0,-1,-1,-1,18,0,2032,-1,-1,-1,-1,-1,-1,2,0,0,0,0,0,3,0,2,4,7,41.96890358,-87.67628265
0,344646,-1,40,1,2,0,3,14,3,8,0,0,0,0,-1,-1,1,23,-1,1833,-1,-1,-1,-1,-1,-1,2,0,0,0,0,0,2,0,2,4,7,41.89683927,-87.6168843
0,345070,1,20,0,0,0,-1,7,6,1,0,0,0,0,-1,-1,1,0,-1,2512,-1,-1,-1,-1,-1,-1,2,0,0,0,0,0,1,0,2,4,7,41.92264181,-87.77947272
0,344644,-1,30,1,2,0,3,10,5,2,0,0,0,0,-1,-1,0,16,18,632,-1,-1,-1,-1,-1,-1,2,0,0,0,0,0,2,0,1,4,7,41.73654277,-87.61921069
0,345649,-1,30,0,0,0,0,7,5,2,0,0,0,0,-1,-1,-1,20,20,1831,-1,-1,-1,-1,-1,-1,2,0,0,0,0,0,1,0,1,4,7,41.89306879,-87.63477502
0,344620,-1,25,2,2,0,3,7,2,2,0,0,0,1,-1,-1,-1,5,16,2232,-1,-1,-1,-1,-1,-1,3,0,0,0,0,0,1,0,1,4,7,41.71055806,-87.63671362
3,344610,-1,30,0,0,0,3,2,6,2,0,0,0,1,-1,1,-1,0,0,934,-1,-1,-1,-1,-1,-1,1,1,0,1,0,0,0,0,0,4,7,41.79434021,-87.65099716
0,344592,-1,30,0,5,0,3,2,5,2,0,0,0,0,-1,-1,-1,28,-1,532,-1,-1,-1,-1,-1,-1,1,0,0,0,0,0,1,0,0,4,7,41.66180899,-87.61804389
0,344581,-1,25,0,0,0,3,7,6,1,0,0,0,0,-1,-1,-1,27,-1,811,-1,-1,-1,-1,-1,-1,2,0,0,0,0,0,1,0,0,4,7,41.78811171,-87.76564048
0,344614,-1,40,0,0,0,3,12,3,-1,0,0,0,1,-1,-1,1,0,0,1925,-1,-1,-1,-1,-1,-1,2,0,0,0,0,0,2,0,0,4,7,41.94230542,-87.64010536
0,354131,-1,30,0,0,0,-1,7,5,-1,0,0,0,0,-1,-1,1,22,-1,1935,-1,-1,-1,-1,-1,-1,2,0,0,0,0,0,1,0,0,4,7,41.92751025,-87.63903867
0,344863,-1,30,2,-1,-1,3,14,3,-1,0,-1,-1,0,1,-1,-1,0,-1,1012,-1,-1,-1,-1,-1,-1,2,0,0,0,0,0,4,0,0,4,7,41.85154368,-87.73219983
0,344741,1,20,0,0,0,3,7,6,1,0,0,0,0,-1,-1,1,0,0,825,-1,-1,-1,-1,-1,-1,2,0,0,0,0,0,1,0,0,4,7,41.77805797,-87.6862001
0,344591,-1,30,0,0,0,3,7,7,-1,0,0,0,0,-1,-1,-1,11,0,726,-1,-1,-1,-1,-1,-1,2,0,0,0,0,0,4,0,23,3,7,41.77218557,-87.67377607
0,344560,-1,30,12,2,0,3,7,5,2,0,0,0,1,-1,-1,-1,20,15,734,-1,-1,-1,-1,-1,-1,4,0,0,0,0,0,1,0,23,3,7,41.76647361,-87.65764749
2,344516,-1,30,1,2,0,3,9,2,-1,0,0,0,1,-1,-1,-1,-1,-1,1731,-1,-1,-1,-1,-1,-1,2,1,0,0,1,0,1,0,23,3,7,41.95337048,-87.74715821
2,344547,-1,30,1,2,0,3,0,6,-1,0,0,0,1,1,-1,-1,6,17,2234,-1,-1,-1,-1,-1,-1,2,1,0,0,1,0,1,0,23,3,7,41.68918567,-87.66055338
1,344548,-1,30,0,0,0,3,2,5,1,0,0,0,1,-1,-1,-1,27,-1,1722,-1,-1,-1,-1,-1,-1,1,1,0,0,0,1,0,0,23,3,7,41.95695365,-87.73827188
0,344544,-1,25,0,0,0,3,7,5,-1,0,0,0,1,-1,-1,1,0,0,2423,-1,-1,-1,-1,-1,-1,3,0,0,0,0,0,1,0,23,3,7,42.01399079,-87.66782932
-1,344556,-1,20,0,0,0,3,7,6,-1,0,0,0,0,-1,-1,-1,-1,0,2013,-1,-1,-1,-1,-1,-1,3,-1,-1,-1,-1,-1,-1,-1,23,3,7,41.98748483,-87.66468161
0,346920,-1,30,1,2,0,3,14,5,-1,0,0,0,0,1,-1,-1,0,0,1833,-1,-1,-1,-1,-1,-1,2,0,0,0,0,0,2,0,23,3,7,41.89983492,-87.62779917
1,344543,-1,30,2,2,0,3,14,5,2,0,0,0,1,1,-1,-1,17,0,1131,-1,-1,-1,-1,-1,-1,2,3,0,0,0,3,1,0,23,3,7,41.86787902,-87.73488196
0,344897,1,20,0,0,0,-1,7,5,5,0,0,0,0,-1,-1,1,0,-1,2512,-1,-1,-1,-1,-1,-1,2,0,0,0,0,0,1,0,23,3,7,41.92391516,-87.77707358
0,344533,-1,35,0,0,0,3,14,2,4,0,0,0,0,-1,-1,-1,23,-1,835,-1,-1,-1,-1,-1,-1,2,0,0,0,0,0,2,0,22,3,7,41.75104964,-87.68272735
0,344526,-1,35,0,0,0,3,14,3,4,0,0,0,1,-1,-1,1,23,16,1133,-1,-1,-1,-1,-1,-1,3,0,0,0,0,0,3,0,22,3,7,41.86993739,-87.71950006
0,347195,-1,30,-1,-1,-1,-1,8,5,2,0,-1,-1,0,-1,-1,1,0,-1,1915,-1,-1,-1,-1,-1,-1,2,0,0,0,0,0,1,0,22,3,7,41.95568502,-87.65472513
0,345704,-1,30,0,0,0,1,2,12,-1,0,0,0,0,-1,1,-1,0,0,915,-1,-1,-1,-1,-1,-1,1,0,0,0,0,0,1,0,22,3,7,41.83489902,-87.63175341
0,344515,-1,30,0,0,0,4,10,5,4,0,0,0,0,-1,-1,1,18,-1,1134,-1,-1,-1,-1,-1,-1,2,0,0,0,0,0,2,0,22,3,7,41.86655064,-87.70216559
0,344465,-1,30,0,0,0,0,7,5,2,0,0,0,0,-1,-1,-1,0,21,2424,-1,-1,-1,-1,-1,-1,3,0,0,0,0,0,1,0,22,3,7,42.01715739,-87.68422477
0,344458,-1,30,0,0,0,3,7,6,-1,0,0,0,0,-1,-1,1,25,12,1133,-1,-1,-1,-1,-1,-1,2,0,0,0,0,0,2,0,21,3,7,41.86814175,-87.72190536
0,345486,-1,30,12,12,0,0,12,2,8,0,0,0,0,-1,-1,1,0,-1,1833,-1,-1,-1,-1,-1,-1,1,0,0,0,0,0,1,0,21,3,7,41.89680497,-87.61702742
0,344524,-1,30,1,2,0,3,10,5,2,0,0,-1,0,-1,-1,0,18,-1,622,-1,-1,-1,-1,-1,-1,2,0,0,0,0,0,2,0,21,3,7,41.74369277,-87.62906261
0,346264,1,30,0,0,0,3,7,5,2,0,0,0,0,-1,-1,1,0,-1,2212,-1,-1,-1,-1,-1,-1,2,0,0,0,0,0,1,0,21,3,7,41.68727446,-87.67485319
0,344496,-1,30,0,0,0,3,10,2,-1,0,0,0,0,-1,-1,-1,18,18,1712,-1,-1,-1,-1,-1,-1,3,0,0,0,0,0,3,0,21,3,7,41.96846964,-87.71741001
0,344469,-1,30,0,0,0,3,7,6,1,0,0,3,0,-1,-1,1,11,0,1511,-1,-1,-1,-1,-1,-1,2,0,0,0,0,0,2,0,21,3,7,41.89201307,-87.77286239
0,344474,-1,30,1,2,0,3,10,5,4,0,0,0,0,1,-1,-1,18,-1,912,-1,-1,-1,-1,-1,-1,2,0,0,0,0,0,3,0,21,3,7,41.83069228,-87.67740468
0,344475,-1,35,1,2,0,3,12,2,-1,0,0,0,0,-1,-1,-1,17,16,835,-1,-1,-1,-1,-1,-1,2,0,0,0,0,0,2,0,21,3,7,41.74987167,-87.70254357
2,344440,-1,35,0,0,0,3,2,5,4,0,0,0,1,-1,-1,-1,8,-1,2221,-1,-1,-1,-1,-1,-1,1,3,0,0,3,0,1,0,21,3,7,41.7317079,-87.66309221
0,345194,-1,30,2,2,0,3,0,5,-1,0,0,0,0,-1,-1,-1,5,5,215,-1,-1,-1,-1,-1,-1,2,0,0,0,0,0,2,0,21,3,7,41.81462079,-87.6247534
0,344774,-1,30,0,0,0,0,7,5,4,0,0,0,0,-1,-1,1,0,-1,1522,-1,-1,-1,-1,-1,-1,2,0,0,0,0,0,1,0,21,3,7,41.87807916,-87.76463726
2,344431,-1,30,1,2,0,3,10,5,2,0,0,0,1,-1,-1,-1,18,18,2515,-1,-1,-1,-1,-1,-1,2,2,0,0,1,1,0,0,20,3,7,41.91872815,-87.76593607
2,344413,-1,15,0,0,0,4,9,0,-1,0,0,0,1,-1,-1,-1,-1,-1,724,-1,-1,-1,-1,-1,-1,2,1,0,0,1,0,1,0,20,3,7,41.76875038,-87.6577923
0,344429,-1,30,2,2,0,4,0,2,2,0,0,0,0,-1,-1,-1,5,16,931,-1,-1,-1,-1,-1,-1,2,0,0,0,0,0,2,0,20,3,7,41.80296161,-87.67469702
0,344426,-1,30,0,0,0,3,10,2,2,0,0,0,1,-1,-1,-1,18,16,834,-1,-1,-1,-1,-1,-1,2,0,0,0,0,0,2,0,20,3,7,41.74538672,-87.70893057
0,344433,-1,30,0,0,0,3,7,5,-1,0,0,0,0,-1,-1,-1,20,-1,914,-1,-1,-1,-1,-1,-1,2,0,0,0,0,0,2,0,20,3,7,41.84000367,-87.64429929
2,344443,-1,35,0,0,0,3,10,2,2,0,0,0,1,1,-1,1,18,16,831,-1,-1,-1,-1,-1,-1,2,3,0,0,3,0,1,0,20,3,7,41.7718537,-87.69815789