MOST_SEVERE_INJURY,RD_NO,CRASH_DATE_EST_I,POSTED_SPEED_LIMIT,TRAFFIC_CONTROL_DEVICE,DEVICE_CONDITION,WEATHER_CONDITION,LIGHTING_CONDITION,FIRST_CRASH_TYPE,TRAFFICWAY_TYPE,LANE_CNT,ALIGNMENT,ROADWAY_SURFACE_COND,ROAD_DEFECT,CRASH_TYPE,INTERSECTION_RELATED_I,NOT_RIGHT_OF_WAY_I,HIT_AND_RUN_I,PRIM_CONTRIBUTORY_CAUSE,SEC_CONTRIBUTORY_CAUSE,BEAT_OF_OCCURRENCE,PHOTOS_TAKEN_I,STATEMENTS_TAKEN_I,DOORING_I,WORK_ZONE_I,WORK_ZONE_TYPE,WORKERS_PRESENT_I,NUM_UNITS,INJURIES_TOTAL,INJURIES_FATAL,INJURIES_INCAPACITATING,INJURIES_NON_INCAPACITATING,INJURIES_REPORTED_NOT_EVIDENT,INJURIES_NO_INDICATION,INJURIES_UNKNOWN,CRASH_HOUR,CRASH_DAY_OF_WEEK,CRASH_MONTH,LATITUDE,LONGITUDE
0,344410,-1,10,0,0,0,1,2,7,-1,0,0,0,0,-1,-1,1,0,0,2213,-1,-1,-1,-1,-1,-1,1,0,0,0,0,0,1,0,20,3,7,41.71421193,-87.68170937
0,344395,-1,30,2,2,0,4,10,5,2,0,0,0,0,-1,-1,-1,0,0,1524,-1,-1,-1,-1,-1,-1,2,0,0,0,0,0,2,0,19,3,7,41.90050693,-87.75588188
0,344389,-1,20,0,0,0,3,7,0,-1,0,0,0,0,-1,-1,-1,20,-1,2411,-1,-1,-1,-1,-1,-1,2,0,0,0,0,0,1,0,19,3,7,42.01800421,-87.68638043
0,359527,-1,30,0,0,0,0,10,12,3,0,0,0,0,-1,-1,1,20,0,1024,-1,-1,-1,-1,-1,-1,2,0,0,0,0,0,2,0,19,3,7,41.84689185,-87.71256643
0,344379,-1,15,0,0,0,2,7,12,2,0,0,0,0,-1,-1,-1,22,0,2513,-1,-1,-1,-1,-1,-1,2,0,0,0,0,0,1,0,19,3,7,41.90925927,-87.78483963
0,344356,-1,30,1,2,0,1,10,5,4,0,-1,-1,0,-1,-1,-1,22,22,1724,-1,-1,-1,-1,-1,-1,2,0,0,0,0,0,2,0,19,3,7,41.95408332,-87.69830277
0,344364,-1,15,0,0,0,1,7,6,1,0,0,0,0,-1,-1,1,10,0,2424,-1,-1,-1,-1,-1,-1,2,0,0,0,0,0,1,0,19,3,7,42.01082712,-87.68006071
0,344326,-1,25,0,0,0,1,0,12,2,0,0,0,0,1,-1,-1,5,-1,1834,-1,-1,-1,-1,-1,-1,2,0,0,0,0,0,4,0,19,3,7,41.89209414,-87.61156988
0,345187,-1,30,-1,-1,-1,-1,7,5,-1,0,-1,-1,0,-1,-1,1,0,-1,925,-1,-1,-1,-1,-1,-1,2,0,0,0,0,0,1,0,19,3,7,41.81365679,-87.6396186
0,344335,-1,30,0,0,0,1,14,5,2,0,0,0,0,-1,-1,-1,0,-1,1634,-1,-1,-1,-1,-1,-1,2,0,0,0,0,0,2,0,19,3,7,41.95329423,-87.74815106
0,344316,-1,35,1,2,0,4,14,5,5,0,0,0,0,1,-1,-1,33,0,811,-1,-1,-1,-1,-1,-1,2,0,0,0,0,0,3,0,19,3,7,41.79221475,-87.78277753
0,344292,1,30,0,2,0,1,0,3,6,0,0,0,0,-1,-1,1,0,0,1023,-1,-1,-1,-1,-1,-1,2,0,0,0,0,0,2,0,19,3,7,41.86188597,-87.69448806
0,344383,-1,30,1,2,0,4,14,5,6,0,0,0,0,1,-1,-1,18,0,331,-1,-1,-1,-1,-1,-1,2,0,0,0,0,0,2,0,19,3,7,41.79142028,-87.58014777
0,344715,-1,30,0,0,0,1,7,5,-1,0,0,0,0,-1,-1,-1,21,0,1932,-1,-1,-1,-1,-1,-1,2,0,0,0,0,0,1,0,19,3,7,41.93233628,-87.66704089
0,344330,-1,30,2,2,0,1,14,6,1,0,0,0,0,1,-1,-1,17,-1,214,-1,-1,-1,-1,-1,-1,2,0,0,0,0,0,2,0,19,3,7,41.82001671,-87.60099796
0,344332,0,15,0,0,0,1,7,2,2,0,0,0,0,-1,-1,1,0,0,1912,-1,-1,-1,-1,-1,-1,2,0,0,0,0,0,1,0,18,3,7,41.95791561,-87.6775246
2,344320,-1,30,0,0,0,1,14,5,-1,0,0,0,1,-1,-1,-1,23,-1,1833,-1,-1,-1,-1,-1,-1,2,1,0,0,1,0,1,0,18,3,7,41.89665988,-87.62175524
0,344251,-1,30,1,2,0,1,14,2,4,0,0,0,0,1,-1,-1,21,0,912,1,1,-1,-1,-1,-1,2,0,0,0,0,0,7,0,18,3,7,41.83758276,-87.67559063
0,344223,-1,10,0,0,0,1,7,7,-1,0,0,0,0,-1,1,-1,25,-1,924,-1,-1,-1,-1,-1,-1,2,0,0,0,0,0,2,0,18,3,7,41.80876546,-87.66117011
0,344250,-1,30,2,2,0,1,0,5,-1,0,0,0,1,-1,-1,-1,5,17,421,-1,-1,-1,-1,-1,-1,2,0,0,0,0,0,2,0,18,3,7,41.75189064,-87.56245556
2,344226,-1,30,0,0,0,1,8,2,2,0,0,0,1,-1,-1,-1,0,0,1712,-1,-1,1,-1,-1,-1,2,1,0,0,1,0,1,0,18,3,7,41.96851014,-87.71342578
0,344275,-1,30,0,0,0,1,10,5,-1,0,0,2,0,-1,-1,1,-1,-1,1033,-1,-1,-1,-1,-1,-1,2,0,0,0,0,0,2,0,18,3,7,41.83836412,-87.695204
0,344237,-1,30,1,2,0,1,7,6,-1,0,0,0,0,-1,-1,1,0,0,1531,-1,-1,-1,-1,-1,-1,2,0,0,0,0,0,1,0,18,3,7,41.89491886,-87.75055776
0,344219,-1,30,0,0,0,1,7,2,2,0,0,0,0,-1,-1,-1,0,-1,2031,-1,-1,-1,-1,-1,-1,2,0,0,0,0,0,1,0,18,3,7,41.97106815,-87.69027772
0,344273,-1,30,0,0,0,1,7,7,-1,0,0,0,0,-1,-1,-1,0,0,1822,-1,-1,-1,-1,-1,-1,2,0,0,0,0,0,1,0,18,3,7,41.90515062,-87.64404661
0,345625,-1,30,0,0,0,1,10,2,1,0,0,0,0,-1,-1,-1,20,-1,114,-1,-1,-1,-1,-1,-1,2,0,0,0,0,0,2,0,18,3,7,41.88843209,-87.62442469
2,344538,0,30,1,2,0,1,10,3,8,0,0,0,1,1,-1,1,15,6,1233,-1,-1,-1,-1,-1,-1,2,3,0,0,3,0,1,0,18,3,7,41.86666019,-87.6838096
0,344503,-1,30,0,0,0,1,7,6,1,0,0,0,0,-1,-1,1,0,-1,723,-1,-1,-1,-1,-1,-1,2,0,0,0,0,0,1,0,18,3,7,41.77189392,-87.64338803
0,344218,-1,40,-1,-1,0,1,12,3,-1,0,-1,-1,0,-1,-1,-1,22,16,114,-1,-1,-1,-1,-1,-1,2,0,0,0,0,0,2,0,18,3,7,41.87831319,-87.61734583
0,344186,-1,30,2,-1,0,1,0,2,-1,0,0,0,0,1,-1,-1,17,-1,815,-1,-1,-1,-1,-1,-1,2,0,0,0,0,0,3,0,18,3,7,41.80776092,-87.72495151
0,344216,-1,30,0,0,0,1,12,6,5,0,0,0,0,-1,-1,-1,22,0,121,-1,-1,-1,-1,-1,-1,2,0,0,0,0,0,2,0,18,3,7,41.88196645,-87.64127583
0,344191,-1,30,0,0,0,1,12,5,-1,0,0,0,0,-1,-1,-1,0,0,2413,-1,-1,-1,-1,-1,-1,2,0,0,0,0,0,2,0,18,3,7,41.99033664,-87.70753442
0,344184,-1,30,0,0,0,1,12,3,-1,0,0,0,0,-1,-1,-1,-1,-1,2232,-1,-1,-1,-1,-1,-1,2,0,0,0,0,0,2,0,18,3,7,41.70751847,-87.64270444
0,344168,-1,0,-1,-1,0,1,2,4,-1,0,0,0,0,-1,-1,-1,-1,-1,431,-1,-1,-1,-1,-1,-1,1,0,0,0,0,0,1,0,18,3,7,41.72235445,-87.57577806
0,344177,-1,30,0,0,0,1,7,5,-1,0,0,0,0,-1,-1,-1,11,-1,913,-1,-1,-1,-1,-1,-1,2,0,0,0,0,0,1,0,18,3,7,41.83797148,-87.64885048
0,344161,-1,30,1,2,0,1,12,2,-1,0,0,0,0,-1,-1,-1,4,17,124,-1,-1,-1,-1,-1,-1,2,0,0,0,0,0,2,0,18,3,7,41.86888971,-87.63909893
0,346876,-1,30,0,0,0,1,7,5,2,0,0,0,0,-1,-1,1,0,0,1713,-1,-1,-1,-1,-1,-1,2,0,0,0,0,0,1,0,18,3,7,41.96939901,-87.71324555
0,344367,-1,30,1,2,0,1,10,5,2,0,0,0,0,-1,-1,-1,18,-1,1224,-1,-1,-1,-1,-1,-1,2,0,0,0,0,0,2,0,18,3,7,41.88487323,-87.64759639
1,344130,-1,30,1,2,0,1,9,2,2,0,0,0,1,-1,-1,-1,3,-1,2433,-1,-1,-1,-1,-1,-1,2,1,0,0,0,1,1,0,18,3,7,41.99807988,-87.66050356
0,369262,-1,30,0,0,0,-1,7,5,2,0,0,0,0,-1,-1,-1,0,-1,1224,-1,-1,-1,-1,-1,-1,2,0,0,0,0,0,1,0,18,3,7,41.88273571,-87.66919553
0,344931,-1,30,2,2,0,1,14,5,4,0,0,0,0,1,-1,-1,0,-1,1111,-1,-1,-1,-1,-1,-1,2,0,0,0,0,0,2,0,18,3,7,41.89511547,-87.74569575
0,344365,-1,30,0,0,0,1,2,5,-1,0,0,0,0,-1,-1,-1,0,0,412,-1,-1,-1,-1,-1,-1,1,0,0,0,0,0,1,0,18,3,7,41.74415164,-87.58594507
0,344301,-1,30,0,0,0,1,7,5,2,0,0,0,0,-1,-1,-1,0,-1,1623,-1,-1,-1,-1,-1,-1,2,0,0,0,0,0,1,0,18,3,7,41.97882857,-87.76827248
0,344300,-1,30,3,2,0,1,10,2,2,2,0,0,0,-1,-1,-1,16,0,1631,-1,1,-1,-1,-1,-1,3,0,0,0,0,0,3,0,18,3,7,41.95196328,-87.83541252
0,344290,-1,30,1,2,-1,1,12,2,-1,0,0,-1,0,1,-1,-1,0,-1,2031,-1,-1,-1,-1,-1,-1,2,0,0,0,0,0,2,0,18,3,7,41.97325007,-87.68920861
0,344234,-1,30,0,0,0,1,7,12,-1,0,0,0,0,-1,-1,-1,-1,-1,813,-1,-1,-1,-1,-1,-1,2,0,0,0,0,0,1,0,18,3,7,41.78932932,-87.74164564
0,344232,-1,20,0,0,0,1,11,7,-1,0,0,0,0,-1,1,-1,17,-1,2521,-1,-1,-1,-1,-1,-1,2,0,0,0,0,0,3,0,18,3,7,41.93168892,-87.74301695
0,344203,-1,30,0,0,0,1,14,5,2,0,0,-1,0,1,-1,-1,17,-1,1024,-1,-1,-1,-1,-1,-1,2,0,0,0,0,0,3,0,18,3,7,41.84450941,-87.71363104
0,344196,-1,30,0,0,0,1,7,5,-1,0,0,0,0,-1,-1,-1,-1,-1,1624,-1,-1,-1,-1,-1,-1,2,0,0,0,0,0,1,0,18,3,7,41.95508057,-87.7517261
0,344165,-1,30,1,2,0,1,14,5,-1,0,0,0,0,-1,-1,1,23,-1,123,-1,-1,-1,-1,-1,-1,2,0,0,0,0,0,3,0,18,3,7,41.87437162,-87.62437953
0,344319,-1,30,1,2,0,1,12,6,2,0,0,0,0,1,-1,1,21,-1,122,-1,-1,-1,-1,-1,-1,2,0,0,0,0,0,2,0,17,3,7,41.88457131,-87.63637468
0,344131,-1,30,0,0,0,1,12,5,2,0,0,0,1,-1,-1,-1,17,-1,1522,-1,-1,-1,-1,-1,-1,2,0,0,0,0,0,4,0,17,3,7,41.87304236,-87.75617226
0,346673,-1,25,1,2,0,1,10,2,4,0,0,0,0,-1,-1,-1,0,0,1634,-1,-1,-1,-1,-1,-1,2,0,0,0,0,0,2,0,17,3,7,41.94252001,-87.74711282
0,344224,-1,35,0,0,0,1,12,6,3,0,0,0,1,-1,-1,-1,21,-1,122,-1,-1,-1,-1,-1,-1,2,0,0,0,0,0,2,0,17,3,7,41.88435438,-87.6358844
0,344209,-1,30,0,0,0,1,10,6,1,0,0,0,0,-1,-1,-1,18,-1,2523,-1,-1,-1,-1,-1,-1,2,0,0,0,0,0,2,0,17,3,7,41.93892681,-87.72171564
0,344173,-1,30,0,0,0,1,12,5,-1,0,0,0,0,-1,-1,-1,0,-1,432,-1,-1,-1,-1,-1,-1,2,0,0,0,0,0,2,0,17,3,7,41.71304563,-87.53533849
0,344318,-1,30,0,0,0,1,7,-1,-1,0,0,0,0,-1,-1,-1,0,18,434,-1,-1,-1,-1,-1,-1,2,0,0,0,0,0,2,0,17,3,7,41.70251809,-87.55974505
0,350890,-1,5,-1,-1,-1,-1,10,7,-1,0,-1,-1,0,-1,-1,-1,0,0,433,-1,-1,-1,-1,-1,-1,2,0,0,0,0,0,2,0,17,3,7,41.66611299,-87.55900308
0,344138,-1,30,0,0,0,1,12,5,-1,0,0,0,0,-1,-1,1,-1,-1,821,-1,-1,-1,-1,-1,-1,2,0,0,0,0,0,2,0,17,3,7,41.81369495,-87.70465802
0,344135,-1,30,8,2,0,1,7,7,0,0,0,0,0,-1,-1,1,0,-1,1223,-1,-1,-1,-1,-1,-1,2,0,0,0,0,0,1,0,17,3,7,41.88107532,-87.68492409
0,344148,-1,30,0,0,0,1,14,2,4,0,0,0,0,-1,-1,-1,17,33,2022,-1,-1,-1,-1,-1,-1,2,0,0,0,0,0,3,0,17,3,7,41.98787685,-87.65546666
1,344077,-1,30,0,0,0,1,14,3,2,0,0,0,1,1,-1,-1,0,0,935,-1,-1,-1,-1,-1,-1,2,1,0,0,0,1,2,0,17,3,7,41.8089385,-87.63571939
0,344097,-1,30,0,0,0,1,10,2,2,0,0,0,0,-1,-1,-1,20,0,1423,-1,-1,-1,-1,-1,-1,2,0,0,0,0,0,2,0,17,3,7,41.90306142,-87.69391201
0,344062,-1,30,0,0,0,1,12,2,2,0,0,0,0,-1,-1,-1,22,-1,1215,-1,-1,-1,-1,-1,-1,2,0,0,0,0,0,2,0,17,3,7,41.89331738,-87.66706406
0,344129,-1,30,0,0,0,1,7,12,1,0,0,0,0,-1,-1,1,0,0,1624,-1,-1,-1,-1,-1,-1,2,0,0,0,0,0,1,0,17,3,7,41.95492192,-87.75244208
0,344178,-1,30,1,2,0,1,14,5,-1,0,0,0,0,1,-1,1,18,-1,322,-1,-1,-1,-1,-1,-1,2,0,0,0,0,0,5,0,17,3,7,41.77263463,-87.62527215
0,344063,-1,30,1,2,0,1,10,5,-1,0,0,0,0,-1,-1,1,0,0,1531,-1,-1,-1,-1,-1,-1,2,0,0,0,0,0,2,0,17,3,7,41.89506006,-87.75451922
0,344053,-1,30,1,2,0,1,14,2,2,0,0,0,0,1,-1,-1,17,0,121,-1,-1,-1,-1,-1,-1,2,0,0,0,0,0,2,0,17,3,7,41.87813367,-87.64140953
0,344078,-1,15,0,0,0,1,10,7,-1,0,0,0,0,-1,1,-1,20,-1,2031,-1,-1,-1,-1,-1,-1,2,0,0,0,0,0,2,0,17,3,7,41.96871575,-87.68975549
2,344040,-1,30,2,2,0,1,8,2,2,0,0,0,1,1,-1,-1,5,-1,1232,-1,-1,-1,-1,-1,-1,2,1,0,0,1,0,1,0,17,3,7,41.88165651,-87.65071763
0,346310,1,30,1,2,0,1,7,5,2,0,0,0,0,-1,-1,-1,0,0,2412,-1,-1,-1,-1,-1,-1,2,0,0,0,0,0,6,0,17,3,7,41.99798876,-87.67999183
0,344102,-1,25,1,2,0,1,14,2,4,3,0,0,0,1,-1,1,18,-1,322,-1,-1,-1,-1,-1,-1,2,0,0,0,0,0,2,0,17,3,7,41.77263463,-87.62527215
2,344032,-1,30,0,0,0,1,9,6,1,0,0,-1,1,-1,-1,1,0,0,1522,-1,-1,-1,-1,-1,-1,2,1,0,0,1,0,1,0,16,3,7,41.880579,-87.76027649
1,344139,-1,30,1,2,0,1,2,5,2,0,0,0,1,-1,-1,-1,32,-1,1832,-1,-1,-1,-1,-1,-1,1,1,0,0,0,1,0,0,16,3,7,41.90055768,-87.62845868
0,346891,-1,30,0,0,0,1,12,2,4,0,0,0,0,-1,-1,-1,22,0,1811,-1,-1,-1,-1,-1,-1,2,0,0,0,0,0,3,0,16,3,7,41.92500632,-87.67081803
0,344144,-1,30,0,2,0,1,12,5,2,0,0,0,0,-1,-1,1,0,0,324,-1,-1,-1,-1,-1,-1,2,0,0,0,0,0,2,0,16,3,7,41.76318327,-87.59926722
0,344262,-1,0,0,0,0,1,2,12,-1,0,0,0,0,-1,1,-1,17,11,1215,-1,-1,-1,-1,-1,-1,2,0,0,0,0,0,2,0,16,3,7,41.89176978,-87.65860461
0,344009,-1,10,0,0,0,1,10,0,-1,0,0,0,0,-1,-1,-1,20,-1,523,-1,-1,-1,-1,-1,-1,2,0,0,0,0,0,2,0,16,3,7,41.66439669,-87.62561462
0,349579,1,30,0,0,0,1,12,2,4,0,0,0,0,-1,-1,-1,21,0,631,-1,-1,-1,-1,-1,-1,2,0,0,0,0,0,2,0,16,3,7,41.74559555,-87.60493176
0,343981,-1,35,0,0,0,1,8,5,2,0,0,-1,0,-1,-1,1,0,0,2411,-1,-1,-1,-1,-1,-1,2,0,0,0,0,0,2,0,16,3,7,42.0121629,-87.68935417
0,352271,-1,30,0,0,0,1,0,5,1,0,0,0,0,-1,-1,-1,20,20,1914,-1,-1,-1,-1,-1,-1,2,0,0,0,0,0,2,0,16,3,7,41.96390894,-87.63863625
0,352083,-1,30,0,0,0,1,12,5,2,0,0,0,0,-1,-1,-1,22,-1,131,-1,-1,-1,-1,-1,-1,2,0,0,0,0,0,2,0,16,3,7,41.85786739,-87.62734479
0,344222,-1,30,0,0,0,1,7,6,-1,0,0,0,0,-1,-1,1,0,0,1135,-1,-1,-1,-1,-1,-1,2,0,0,0,0,0,5,0,16,3,7,41.87187713,-87.69463442
0,344124,-1,10,0,0,0,1,7,7,0,0,0,0,0,-1,-1,-1,11,-1,1731,-1,0,-1,-1,-1,-1,2,0,0,0,0,0,1,0,16,3,7,41.95167677,-87.74712244
0,344029,-1,30,1,2,0,1,14,5,-1,0,0,2,0,-1,-1,1,17,-1,1013,-1,-1,-1,-1,-1,-1,2,0,0,0,0,0,2,0,16,3,7,41.85130896,-87.73435159
0,344011,-1,30,1,2,0,1,10,2,3,0,0,-1,0,1,-1,1,18,0,1925,-1,-1,-1,-1,-1,-1,2,0,0,0,0,0,3,0,16,3,7,41.95449396,-87.64724433
0,344004,-1,30,0,-1,0,1,0,2,2,0,0,0,1,-1,-1,-1,5,14,623,-1,-1,-1,-1,-1,-1,2,0,0,0,0,0,2,0,16,3,7,41.75635065,-87.62325612
0,344000,-1,30,1,12,0,1,10,2,-1,0,12,-1,0,-1,-1,-1,0,0,1031,-1,-1,-1,-1,-1,-1,3,0,0,0,0,0,3,0,16,3,7,41.84047083,-87.72459337
0,343989,-1,30,0,0,0,1,10,5,-1,0,0,0,0,-1,-1,-1,-1,-1,823,-1,-1,-1,-1,-1,-1,2,0,0,0,0,0,2,0,16,3,7,41.7788046,-87.71055525
0,343982,1,30,0,0,0,1,7,5,4,0,0,0,1,-1,-1,-1,0,-1,1922,-1,-1,-1,-1,-1,-1,2,0,0,0,0,0,1,0,16,3,7,41.94965644,-87.66423519
0,348351,-1,30,0,0,0,1,0,6,-1,0,0,-1,0,-1,-1,0,0,-1,2411,-1,-1,-1,-1,-1,-1,2,0,0,0,0,0,2,0,16,3,7,42.0065885,-87.68817176
0,343999,-1,30,0,0,0,1,11,5,-1,0,0,-1,0,-1,-1,1,0,0,1822,-1,-1,-1,-1,-1,-1,2,0,0,0,0,0,2,0,16,3,7,41.90487501,-87.64714593
0,343997,-1,10,0,0,0,1,14,7,0,0,0,0,1,-1,1,-1,8,8,1124,-1,-1,-1,-1,-1,-1,2,0,0,0,0,0,2,0,16,3,7,41.87966114,-87.71082114
0,343918,-1,25,0,0,0,1,10,5,-1,0,0,0,0,-1,-1,-1,-1,-1,1134,-1,-1,-1,-1,-1,-1,2,0,0,0,0,0,2,0,16,3,7,41.86653025,-87.70460115
0,344041,-1,30,0,0,0,1,14,5,4,0,0,0,0,-1,-1,-1,25,0,2432,-1,-1,-1,-1,-1,-1,2,0,0,0,0,0,2,0,16,3,7,42.00174202,-87.67841912
0,344028,-1,30,0,0,0,1,7,6,-1,0,0,0,0,-1,-1,-1,0,-1,2525,-1,-1,-1,-1,-1,-1,3,0,0,0,0,0,1,0,16,3,7,41.91924623,-87.72280223
0,346767,-1,30,-1,-1,0,1,10,5,-1,0,0,-1,0,-1,-1,-1,0,-1,2534,-1,-1,-1,-1,-1,-1,2,0,0,0,0,0,2,0,16,3,7,41.91171769,-87.73400902
0,343958,-1,30,0,0,0,1,10,5,-1,0,0,0,0,-1,-1,-1,0,-1,434,-1,-1,-1,-1,-1,-1,3,0,0,0,0,0,2,0,16,3,7,41.70780569,-87.57701508
0,343957,-1,30,0,0,0,1,11,2,-1,0,0,-1,1,-1,-1,-1,10,0,1113,-1,-1,-1,-1,-1,-1,2,0,0,0,0,0,4,0,16,3,7,41.88197114,-87.7413932
3,343925,-1,30,2,2,0,1,14,5,4,0,0,-1,1,1,-1,-1,5,0,1113,-1,-1,-1,-1,-1,-1,2,2,0,1,1,0,0,0,16,3,7,41.88063406,-87.74295473
0,370439,-1,30,0,0,0,1,7,12,1,0,0,0,0,-1,-1,-1,0,0,823,-1,-1,-1,-1,-1,-1,2,0,0,0,0,0,1,0,16,3,7,41.78447124,-87.69369269
0,344288,-1,30,0,0,0,1,12,6,1,0,0,0,0,-1,-1,1,0,0,124,-1,-1,-1,-1,-1,-1,2,0,0,0,0,0,2,0,16,3,7,41.8713703,-87.6435642
0,344006,-1,30,1,2,0,1,14,5,2,0,-1,-1,0,-1,-1,-1,22,22,1915,-1,-1,-1,-1,-1,-1,2,0,0,0,0,0,3,0,16,3,7,41.95464969,-87.6510117
0,343986,-1,30,0,0,0,1,12,5,-1,0,0,0,0,-1,-1,-1,21,-1,131,-1,-1,-1,-1,-1,-1,2,0,0,0,0,0,2,0,16,3,7,41.85911384,-87.62410822
1,344158,-1,30,0,0,0,1,10,5,-1,0,0,0,1,-1,-1,-1,18,0,2534,-1,-1,-1,-1,-1,-1,2,1,0,0,0,1,2,0,15,3,7,41.91149409,-87.73436071
2,343994,-1,30,0,0,0,1,8,4,0,0,0,0,1,-1,-1,-1,-1,-1,1634,-1,-1,-1,-1,-1,-1,2,1,0,0,1,0,1,0,15,3,7,41.95039106,-87.74737867
0,343964,-1,35,1,2,0,1,12,2,2,0,0,0,0,1,-1,-1,0,0,731,-1,-1,-1,-1,-1,-1,2,0,0,0,0,0,4,0,15,3,7,41.75841002,-87.63139955
0,343935,-1,20,0,0,0,1,10,5,2,0,0,0,0,-1,-1,-1,18,-1,833,-1,-1,-1,-1,-1,-1,2,0,0,0,0,0,2,0,15,3,7,41.76434661,-87.71287822
0,343944,-1,30,1,2,0,1,10,5,2,0,0,0,0,-1,-1,1,18,16,1122,-1,-1,-1,-1,-1,-1,2,0,0,0,0,0,3,0,15,3,7,41.88540515,-87.72107221
0,344406,-1,30,0,0,0,1,12,2,3,0,0,-1,0,-1,-1,1,0,0,523,-1,-1,-1,-1,-1,-1,2,0,0,0,0,0,2,0,15,3,7,41.67537522,-87.64168041
0,343913,-1,20,0,0,0,1,7,7,-1,0,0,0,0,-1,-1,1,0,0,2412,-1,-1,-1,-1,-1,-1,2,0,0,0,0,0,1,0,15,3,7,42.00222338,-87.68012883
0,343899,-1,30,0,0,0,1,12,2,4,0,0,0,0,-1,-1,-1,22,22,923,-1,-1,-1,-1,-1,-1,2,0,0,0,0,0,2,0,15,3,7,41.79517044,-87.68421944
2,343891,-1,30,1,2,0,1,9,2,4,0,0,0,1,1,-1,-1,33,-1,1233,-1,-1,-1,-1,-1,-1,2,1,0,0,1,0,1,0,15,3,7,41.85932051,-87.68568583
0,343937,-1,30,0,0,0,1,14,5,2,0,0,0,0,-1,-1,-1,17,17,1632,-1,-1,-1,-1,-1,-1,2,0,0,0,0,0,2,0,15,3,7,41.9408712,-87.80670158
1,343920,-1,30,1,-1,0,1,8,5,2,0,0,-1,1,1,-1,-1,0,-1,1433,-1,-1,-1,-1,-1,-1,2,1,0,0,0,1,1,0,15,3,7,41.91778427,-87.67168963
2,347196,-1,30,1,-1,0,4,9,5,-1,0,0,-1,1,-1,-1,1,17,0,412,-1,-1,-1,-1,-1,-1,2,1,0,0,1,0,1,0,15,3,7,41.73696313,-87.57586271
2,345500,-1,30,1,-1,0,1,9,2,4,0,0,0,1,1,-1,1,0,0,1634,-1,-1,-1,-1,-1,-1,2,1,0,0,1,0,1,0,15,3,7,41.93887056,-87.74702056
0,345398,-1,30,0,0,0,1,12,5,4,0,0,0,0,-1,-1,-1,17,0,1732,-1,-1,-1,-1,-1,-1,2,0,0,0,0,0,2,0,15,3,7,41.95372871,-87.71418377
0,344101,-1,25,2,2,0,1,10,5,-1,0,0,0,0,1,-1,1,20,0,1812,-1,-1,-1,-1,-1,-1,2,0,0,0,0,0,2,0,15,3,7,41.9183627,-87.6436855
0,344060,-1,15,0,0,0,1,7,7,-1,0,0,12,0,-1,-1,-1,0,11,914,-1,-1,-1,-1,-1,-1,2,0,0,0,0,0,1,0,15,3,7,41.84538597,-87.63394829
0,343945,-1,30,0,0,0,1,7,5,-1,0,0,-1,0,-1,-1,1,14,14,1121,-1,-1,-1,-1,-1,-1,2,0,0,0,0,0,2,0,15,3,7,41.89125615,-87.71604435
0,343854,-1,30,2,2,0,1,0,5,-1,0,0,0,0,-1,-1,1,5,-1,231,-1,-1,-1,-1,-1,-1,2,0,0,0,0,0,2,0,15,3,7,41.79831177,-87.61946271
0,344260,-1,30,0,0,0,1,12,6,-1,0,0,-1,1,-1,-1,-1,17,-1,1724,-1,-1,-1,-1,-1,-1,2,0,0,0,0,0,2,0,15,3,7,41.96382183,-87.70113855
0,343972,-1,30,1,-1,0,1,14,2,4,0,0,-1,0,1,-1,-1,22,0,114,-1,-1,-1,-1,-1,-1,2,0,0,0,0,0,3,0,15,3,7,41.86749052,-87.62398199
1,343916,-1,30,1,2,0,1,10,5,-1,0,0,0,1,-1,-1,-1,18,-1,1013,-1,-1,-1,-1,-1,-1,2,1,0,0,0,1,1,0,15,3,7,41.84442732,-87.71961445
0,343881,-1,0,0,0,0,1,7,7,-1,0,0,-1,0,-1,-1,1,0,0,2523,-1,-1,-1,-1,-1,-1,2,0,0,0,0,0,1,0,15,3,7,41.93614191,-87.72695213
2,343857,0,30,2,2,0,1,14,3,2,0,0,0,1,-1,-1,-1,17,17,1214,-1,-1,-1,-1,-1,-1,2,1,0,0,1,0,1,0,15,3,7,41.89535065,-87.65523906
0,343893,-1,30,0,0,0,1,7,6,1,0,0,0,1,-1,-1,1,10,-1,1533,-1,-1,-1,-1,-1,-1,2,0,0,0,0,0,1,0,15,3,7,41.87750554,-87.75119086
0,361712,-1,20,0,0,0,1,10,7,0,0,0,0,0,-1,-1,-1,-1,-1,735,-1,-1,-1,-1,-1,-1,2,0,0,0,0,0,2,0,15,3,7,41.76839847,-87.66403442
0,349815,-1,30,1,2,0,1,10,5,2,0,0,0,0,-1,-1,-1,18,-1,111,-1,-1,-1,-1,-1,-1,2,0,0,0,0,0,2,0,15,3,7,41.88568474,-87.62465292
0,346406,-1,0,0,0,0,1,0,12,-1,0,0,0,0,-1,0,-1,17,-1,1212,-1,-1,-1,-1,-1,-1,2,0,0,0,0,0,3,0,15,3,7,41.89767369,-87.68676905
0,343933,-1,30,0,0,0,1,7,6,1,0,0,0,0,-1,-1,1,25,-1,1413,-1,-1,-1,-1,-1,-1,2,0,0,0,0,0,1,0,15,3,7,41.91803933,-87.70879819