MOST_SEVERE_INJURY,RD_NO,CRASH_DATE_EST_I,POSTED_SPEED_LIMIT,TRAFFIC_CONTROL_DEVICE,DEVICE_CONDITION,WEATHER_CONDITION,LIGHTING_CONDITION,FIRST_CRASH_TYPE,TRAFFICWAY_TYPE,LANE_CNT,ALIGNMENT,ROADWAY_SURFACE_COND,ROAD_DEFECT,CRASH_TYPE,INTERSECTION_RELATED_I,NOT_RIGHT_OF_WAY_I,HIT_AND_RUN_I,PRIM_CONTRIBUTORY_CAUSE,SEC_CONTRIBUTORY_CAUSE,BEAT_OF_OCCURRENCE,PHOTOS_TAKEN_I,STATEMENTS_TAKEN_I,DOORING_I,WORK_ZONE_I,WORK_ZONE_TYPE,WORKERS_PRESENT_I,NUM_UNITS,INJURIES_TOTAL,INJURIES_FATAL,INJURIES_INCAPACITATING,INJURIES_NON_INCAPACITATING,INJURIES_REPORTED_NOT_EVIDENT,INJURIES_NO_INDICATION,INJURIES_UNKNOWN,CRASH_HOUR,CRASH_DAY_OF_WEEK,CRASH_MONTH,LATITUDE,LONGITUDE
0,343869,-1,15,2,2,0,1,0,5,2,0,0,0,0,1,-1,-1,17,16,611,-1,-1,-1,-1,-1,-1,2,0,0,0,0,0,3,0,15,3,7,41.74673081,-87.67056534
3,343898,-1,30,0,0,0,1,9,5,2,0,0,0,1,-1,-1,1,0,0,714,-1,-1,-1,-1,-1,-1,2,1,0,1,0,0,2,0,14,3,7,41.78653345,-87.67424315
0,343890,-1,30,1,2,0,1,14,8,2,0,0,-1,0,1,-1,-1,23,0,1935,-1,-1,-1,-1,-1,-1,2,0,0,0,0,0,3,0,14,3,7,41.92620072,-87.63133087
0,343828,-1,30,0,0,0,1,7,5,-1,0,0,0,0,-1,-1,-1,11,-1,1233,-1,-1,-1,-1,-1,-1,2,0,0,0,0,0,1,0,14,3,7,41.85812821,-87.66111256
2,343852,-1,30,0,0,0,1,12,2,4,0,0,0,1,-1,-1,-1,23,0,1931,-1,-1,-1,-1,-1,-1,3,1,0,0,1,0,6,0,14,3,7,41.93862474,-87.6882977
0,343812,1,30,1,2,0,1,10,5,-1,0,0,0,0,-1,-1,1,16,18,1122,-1,-1,-1,-1,-1,-1,2,0,0,0,0,0,3,0,14,3,7,41.88085039,-87.72468087
0,343829,-1,30,2,2,0,1,0,5,2,0,0,0,1,1,-1,-1,5,-1,1524,-1,-1,-1,-1,-1,-1,2,0,0,0,0,0,2,0,14,3,7,41.89867503,-87.75821288
0,343888,-1,30,0,0,0,1,12,3,-1,0,0,0,1,-1,-1,-1,21,16,122,-1,-1,-1,-1,-1,-1,2,0,0,0,0,0,2,0,14,3,7,41.87928364,-87.6371007
0,343880,-1,30,0,0,0,1,0,0,-1,0,0,0,0,-1,-1,-1,17,16,1422,-1,-1,-1,-1,-1,-1,2,0,0,0,0,0,2,0,14,3,7,41.91011897,-87.71535806
2,343813,1,30,0,0,0,1,14,2,2,0,0,0,1,-1,-1,-1,21,23,1013,-1,-1,-1,-1,-1,-1,2,1,0,0,1,0,1,0,14,3,7,41.8493578,-87.72455426
0,343799,-1,30,12,12,0,1,12,5,-1,0,0,0,0,-1,-1,-1,17,17,1623,-1,-1,-1,-1,-1,-1,2,0,0,0,0,0,2,0,14,3,7,41.97517487,-87.7683442
0,348560,0,15,0,0,-1,-1,2,12,1,0,-1,0,0,-1,1,-1,0,0,211,-1,-1,-1,-1,-1,-1,1,0,0,0,0,0,2,0,14,3,7,41.8323886,-87.61950855
0,343988,-1,30,2,2,0,1,0,5,4,0,0,0,0,-1,-1,1,0,0,1114,-1,-1,-1,-1,-1,-1,3,0,0,0,0,0,3,0,14,3,7,41.88571554,-87.72837561
0,343921,-1,30,12,0,0,1,12,2,-1,0,0,0,0,-1,-1,-1,0,33,122,-1,-1,-1,-1,-1,-1,2,0,0,0,0,0,2,0,14,3,7,41.87681825,-87.6308945
1,343908,-1,30,0,0,0,1,10,5,2,0,0,0,1,1,-1,-1,0,-1,323,-1,-1,-1,-1,-1,-1,2,1,0,0,0,1,2,0,14,3,7,41.7586285,-87.60899188
0,343850,-1,30,0,0,0,1,12,5,-1,0,0,0,0,-1,-1,-1,0,0,1832,-1,-1,-1,-1,-1,-1,2,0,0,0,0,0,2,0,14,3,7,41.894716,-87.63171614
0,343837,-1,30,0,0,0,1,14,5,-1,0,0,0,0,-1,-1,1,-1,-1,726,-1,-1,-1,-1,-1,-1,2,0,0,0,0,0,2,0,14,3,7,41.77922692,-87.67405273
0,343827,-1,30,0,3,0,1,0,12,0,0,0,0,0,-1,-1,1,17,11,813,-1,-1,-1,-1,-1,-1,2,0,0,0,0,0,2,0,14,3,7,41.78212192,-87.73033388
2,343825,-1,30,1,2,0,1,8,5,-1,0,0,0,1,0,-1,1,0,-1,1832,-1,-1,-1,-1,-1,-1,2,1,0,0,1,0,1,0,14,3,7,41.89372073,-87.62985477
0,343808,-1,30,1,2,0,1,10,6,-1,0,0,0,0,-1,-1,-1,0,0,1834,-1,-1,-1,-1,-1,-1,2,0,0,0,0,0,2,0,14,3,7,41.89422333,-87.62551196
-1,343962,-1,30,0,0,0,1,12,5,2,0,0,0,0,-1,-1,1,22,16,2432,-1,-1,-1,-1,-1,-1,-1,-1,-1,-1,-1,-1,-1,-1,14,3,7,42.00531402,-87.66754586
0,343772,-1,30,2,2,0,1,0,2,-1,0,0,0,0,1,-1,-1,33,-1,1511,-1,-1,-1,-1,-1,-1,2,0,0,0,0,0,3,0,14,3,7,41.89833637,-87.7691044
0,343859,1,15,0,0,0,1,10,7,-1,0,0,0,0,-1,-1,1,0,0,1713,-1,-1,-1,-1,-1,-1,2,0,0,0,0,0,2,0,14,3,7,41.96857277,-87.7077877
0,343839,-1,30,-1,-1,0,1,14,5,-1,0,0,0,1,1,-1,-1,16,16,2221,-1,1,-1,-1,-1,-1,2,0,0,0,0,0,2,0,14,3,7,41.72110273,-87.67836587
2,343779,-1,30,0,0,0,1,9,2,2,0,0,0,1,1,-1,-1,33,-1,1632,-1,-1,-1,-1,-1,-1,2,1,0,0,1,0,1,0,14,3,7,41.95285711,-87.80120003
0,344430,1,45,1,2,0,1,7,5,-1,0,0,0,0,-1,-1,1,11,-1,2412,-1,-1,-1,-1,-1,-1,2,0,0,0,0,0,1,0,14,3,7,41.99855092,-87.69005396
1,343826,-1,25,2,-1,0,1,0,5,2,0,0,0,1,1,-1,-1,17,0,2213,-1,-1,-1,-1,-1,-1,2,2,0,0,0,2,1,0,14,3,7,41.71365347,-87.67593513
0,344099,1,30,0,0,0,1,14,2,2,0,0,0,0,-1,-1,-1,23,22,1012,-1,-1,-1,-1,-1,-1,2,0,0,0,0,0,2,0,13,3,7,41.85405081,-87.73717815
0,343776,-1,30,1,2,0,1,14,2,5,0,0,0,0,1,-1,-1,0,-1,2022,-1,-1,-1,-1,-1,-1,2,0,0,0,0,0,3,0,13,3,7,41.9856411,-87.65538854
2,343966,-1,30,1,1,0,1,0,5,-1,0,0,0,1,1,-1,1,6,14,124,-1,1,-1,-1,-1,-1,2,4,0,0,1,3,0,0,13,3,7,41.86735016,-87.64079708
0,343752,-1,30,1,2,0,1,10,5,2,0,0,0,0,-1,-1,-1,7,18,1421,-1,-1,-1,-1,-1,-1,2,0,0,0,0,0,2,0,13,3,7,41.91571753,-87.70189135
0,344313,-1,30,1,2,0,1,14,5,-1,0,0,0,0,1,-1,-1,23,-1,1233,-1,-1,-1,-1,-1,-1,2,0,0,0,0,0,2,0,13,3,7,41.86681566,-87.67610452
0,343815,-1,5,0,0,0,1,0,7,0,0,0,0,0,-1,-1,-1,20,-1,1733,-1,-1,-1,-1,-1,-1,2,0,0,0,0,0,2,0,13,3,7,41.94670044,-87.71086358
0,343743,-1,30,0,0,0,1,11,5,-1,2,0,-1,0,-1,-1,-1,23,-1,2032,-1,-1,-1,-1,-1,-1,2,0,0,0,0,0,4,0,13,3,7,41.96902343,-87.66959043
0,343693,-1,30,0,0,0,1,12,2,-1,0,0,0,0,-1,-1,-1,17,-1,1622,-1,-1,-1,-1,-1,-1,2,0,0,0,0,0,2,0,13,3,7,41.9825242,-87.77381805
0,343747,-1,30,0,0,0,1,14,5,2,0,0,0,0,-1,-1,-1,17,-1,1621,-1,-1,-1,-1,-1,-1,2,0,0,0,0,0,2,0,13,3,7,42.01185324,-87.77429253
1,343688,-1,30,1,2,0,1,14,5,4,2,0,0,1,-1,-1,-1,23,23,1621,-1,-1,-1,-1,-1,-1,3,1,0,0,0,1,3,0,13,3,7,41.99606447,-87.76433395
0,343749,-1,20,0,0,0,1,4,-1,1,0,0,-1,1,-1,-1,-1,0,0,1414,-1,-1,-1,-1,-1,-1,1,0,0,0,0,0,1,0,13,3,7,41.92631523,-87.70628711
0,343710,-1,25,0,0,0,1,12,5,-1,0,0,0,0,-1,-1,-1,11,-1,1222,-1,-1,-1,-1,-1,-1,2,0,0,0,0,0,2,0,13,3,7,41.88794956,-87.68674217
0,346846,1,10,0,0,0,1,7,7,-1,0,0,0,0,-1,1,1,0,0,915,-1,-1,-1,-1,-1,-1,2,0,0,0,0,0,1,0,13,3,7,41.82546744,-87.6490739
2,343702,-1,20,0,0,0,1,0,5,-1,0,0,0,1,1,-1,-1,10,16,2221,-1,-1,-1,-1,-1,-1,2,3,0,0,3,0,0,0,13,3,7,41.72297512,-87.66043476
0,343698,-1,30,0,0,0,1,14,5,-1,0,0,0,0,-1,-1,1,35,-1,815,-1,-1,-1,-1,-1,-1,2,0,0,0,0,0,2,0,13,3,7,41.80137311,-87.72569923
0,343690,-1,30,1,2,0,1,14,5,-1,0,0,2,0,-1,-1,1,0,0,1032,-1,-1,-1,-1,-1,-1,2,0,0,0,0,0,2,0,13,3,7,41.83713267,-87.70496712
0,343678,-1,35,0,3,0,1,12,3,-1,0,0,0,0,-1,-1,-1,22,-1,813,-1,1,-1,1,2,-1,2,0,0,0,0,0,2,0,12,3,7,41.78932932,-87.74164564
0,343929,-1,15,0,0,-1,-1,7,7,-1,0,0,-1,0,-1,1,1,0,-1,1624,-1,-1,-1,-1,-1,-1,2,0,0,0,0,0,1,0,12,3,7,41.96011405,-87.78640098
0,343653,-1,15,0,0,0,1,0,7,-1,0,0,-1,0,-1,1,-1,0,-1,1722,-1,-1,-1,-1,-1,-1,2,0,0,0,0,0,2,0,12,3,7,41.95354256,-87.74668107
2,343649,-1,30,-1,2,0,1,0,2,-1,0,0,0,1,1,-1,-1,17,-1,923,-1,-1,-1,-1,-1,-1,3,2,0,0,2,0,2,0,12,3,7,41.79741762,-87.68371119
0,344249,-1,0,1,2,0,1,10,2,2,0,0,0,0,-1,-1,-1,18,0,312,-1,-1,-1,-1,-1,-1,2,0,0,0,0,0,2,0,12,3,7,41.780005,-87.62522925
0,348234,-1,30,1,2,0,1,0,2,2,0,0,0,0,-1,-1,1,17,-1,2523,-1,-1,-1,-1,-1,-1,2,0,0,0,0,0,2,0,12,3,7,41.93191327,-87.72598057
0,343684,-1,30,1,2,0,1,12,2,4,0,0,0,0,-1,-1,-1,21,-1,611,-1,-1,-1,-1,-1,-1,2,0,0,0,0,0,2,0,12,3,7,41.75044455,-87.6635876
0,343662,-1,30,1,2,0,1,14,3,0,0,0,0,0,-1,-1,-1,0,0,122,-1,-1,-1,-1,-1,-1,2,0,0,0,0,0,2,0,12,3,7,41.87928364,-87.6371007
1,343627,-1,30,1,2,0,1,0,2,-1,0,0,0,1,1,-1,-1,6,-1,1422,-1,-1,-1,-1,-1,-1,3,1,0,0,0,1,2,0,12,3,7,41.90289611,-87.71180644
0,343600,-1,30,0,0,0,1,7,5,2,0,0,0,1,-1,-1,-1,18,0,1533,-1,-1,-1,-1,-1,-1,2,0,0,0,0,0,1,0,12,3,7,41.87851947,-87.75485098
0,343628,-1,30,0,-1,0,1,14,5,4,0,0,-1,0,-1,-1,-1,17,0,1911,-1,-1,-1,-1,-1,-1,2,0,0,0,0,0,2,0,12,3,7,41.95595552,-87.68864462
2,343622,-1,30,1,2,0,1,10,5,4,0,0,0,1,-1,-1,-1,7,-1,113,-1,-1,-1,-1,-1,-1,2,1,0,0,1,0,1,0,12,3,7,41.87831268,-87.62753416
0,343602,-1,30,0,0,0,1,2,2,4,0,0,0,1,1,1,-1,16,11,1621,-1,-1,-1,-1,-1,-1,1,0,0,0,0,0,1,0,12,3,7,41.99721773,-87.76091492
0,344953,-1,30,0,0,0,1,7,5,2,0,-1,-1,0,-1,-1,-1,0,0,1932,-1,-1,-1,-1,-1,-1,2,0,0,0,0,0,1,0,12,3,7,41.92763393,-87.65625705
0,343629,-1,30,0,0,0,1,7,2,2,0,0,0,0,-1,-1,-1,23,16,1235,-1,-1,-1,-1,-1,-1,2,0,0,0,0,0,2,0,12,3,7,41.85766254,-87.64016985
0,344150,-1,30,0,0,0,1,10,5,2,0,0,-1,0,-1,-1,-1,0,0,2211,-1,-1,-1,-1,-1,-1,2,0,0,0,0,0,2,0,12,3,7,41.69699196,-87.7011628
0,344064,-1,25,0,0,0,1,7,5,2,0,0,0,0,-1,-1,1,23,-1,1223,-1,-1,-1,-1,-1,-1,2,0,0,0,0,0,1,0,12,3,7,41.88590637,-87.67446722
0,343724,-1,30,0,0,0,1,7,7,-1,0,0,0,0,-1,-1,-1,0,-1,1224,-1,-1,-1,-1,-1,-1,2,0,0,0,0,0,1,0,12,3,7,41.8789977,-87.66718674
0,343661,-1,30,2,2,0,1,0,5,-1,0,0,0,0,1,-1,-1,0,0,1822,-1,-1,-1,-1,-1,-1,2,0,0,0,0,0,2,0,12,3,7,41.90371278,-87.65106989
0,343648,-1,30,0,0,0,1,0,1,-1,0,0,0,0,-1,-1,-1,21,-1,2212,-1,-1,-1,-1,-1,-1,2,0,0,0,0,0,2,0,12,3,7,41.70583515,-87.68145602
0,343545,-1,30,1,2,0,1,12,5,4,0,0,0,0,1,-1,-1,21,16,832,-1,-1,-1,-1,-1,-1,2,0,0,0,0,0,4,0,11,3,7,41.77188403,-87.6835884
0,343598,-1,30,0,0,0,1,14,6,1,0,0,0,0,-1,-1,-1,17,16,2534,-1,-1,-1,-1,-1,-1,2,0,0,0,0,0,2,0,11,3,7,41.90737577,-87.72874394
0,343565,-1,30,0,0,0,1,11,5,2,0,0,0,0,-1,-1,1,0,0,1222,-1,-1,-1,-1,-1,-1,2,0,0,0,0,0,2,0,11,3,7,41.88396391,-87.70117155
0,343577,-1,30,0,0,0,1,8,0,-1,0,0,0,0,-1,-1,1,33,21,1121,-1,-1,-1,-1,-1,-1,2,0,0,0,0,0,2,0,11,3,7,41.89535898,-87.71557516
0,343552,-1,30,9,0,0,1,10,5,4,0,0,0,1,-1,-1,-1,18,0,1712,-1,-1,-1,-1,-1,-1,3,0,0,0,0,0,3,0,11,3,7,41.97554706,-87.73722612
0,343551,-1,35,1,2,0,1,14,2,-1,0,0,0,0,1,-1,-1,23,-1,835,-1,1,-1,-1,-1,-1,2,0,0,0,0,0,3,0,11,3,7,41.75012478,-87.70255129
0,343540,-1,30,0,0,0,1,2,5,-1,0,0,0,0,-1,0,-1,0,-1,2221,-1,-1,-1,-1,-1,-1,1,0,0,0,0,0,1,0,11,3,7,41.7301621,-87.67302256
0,343522,-1,30,1,2,0,1,10,3,8,0,0,0,1,1,-1,-1,8,11,413,-1,-1,-1,-1,-1,-1,2,0,0,0,0,0,2,0,11,3,7,41.72970992,-87.58563904
0,343520,-1,30,0,-1,0,1,7,5,2,0,0,0,1,-1,-1,1,25,25,1021,1,-1,-1,-1,-1,-1,2,0,0,0,0,0,1,0,11,3,7,41.86211858,-87.71178724
0,343533,-1,30,1,2,0,1,10,2,-1,0,0,0,0,-1,-1,-1,18,17,1611,-1,-1,-1,-1,-1,-1,2,0,0,0,0,0,2,0,11,3,7,41.99666596,-87.7874109
0,343667,-1,10,0,0,0,1,7,6,1,0,0,0,0,-1,-1,1,0,0,934,-1,-1,-1,-1,-1,-1,2,0,0,0,0,0,1,0,11,3,7,41.79915257,-87.66243599
0,343613,1,30,0,0,0,1,7,2,4,0,0,0,0,-1,-1,-1,22,-1,1215,-1,-1,-1,-1,-1,-1,2,0,0,0,0,0,1,0,11,3,7,41.88568065,-87.66684027
0,343664,-1,5,0,0,0,1,3,7,1,4,0,0,0,-1,-1,1,20,-1,111,-1,-1,-1,-1,-1,-1,2,0,0,0,0,0,3,0,11,3,7,41.8852538,-87.63081561
0,343508,-1,20,0,0,0,1,10,6,1,0,0,-1,0,-1,-1,-1,0,20,1934,-1,-1,-1,-1,-1,-1,2,0,0,0,0,0,2,0,11,3,7,41.93572836,-87.64722659
2,343572,-1,30,2,2,0,1,9,6,2,0,0,0,1,1,-1,-1,17,16,121,-1,-1,-1,-1,-1,-1,2,1,0,0,1,0,1,0,11,3,7,41.87808553,-87.64495084
0,343501,-1,30,1,2,0,1,12,6,4,0,0,0,0,-1,-1,1,21,-1,1831,-1,-1,-1,-1,-1,-1,2,0,0,0,0,0,2,0,11,3,7,41.89165679,-87.63696103
2,343474,-1,30,2,2,0,1,10,6,-1,0,0,0,1,1,-1,-1,0,-1,912,-1,-1,-1,-1,-1,-1,2,1,0,0,1,0,1,0,10,3,7,41.83757969,-87.67068528
0,343449,-1,25,1,2,0,1,10,5,-1,0,0,0,0,1,-1,1,-1,23,1233,-1,-1,-1,-1,-1,-1,2,0,0,0,0,0,2,0,10,3,7,41.85786355,-87.66146632
0,344906,-1,30,2,2,0,1,3,5,-1,0,0,0,0,1,-1,-1,0,0,233,-1,-1,-1,-1,-1,-1,2,0,0,0,0,0,5,0,10,3,7,41.7911627,-87.60806112
0,344042,-1,10,0,0,0,1,14,7,-1,0,-1,-1,0,-1,1,-1,0,-1,833,-1,-1,-1,-1,-1,-1,2,0,0,0,0,0,2,0,10,3,7,41.7568764,-87.72232174
0,343488,1,30,1,2,0,1,14,4,-1,0,0,0,1,-1,-1,-1,22,22,123,-1,-1,-1,-1,-1,-1,2,0,0,0,0,0,2,0,10,3,7,41.87309549,-87.62434525
0,343469,-1,30,0,0,0,1,7,6,1,0,0,0,0,-1,-1,-1,0,0,2515,-1,-1,-1,-1,-1,-1,3,0,0,0,0,0,3,0,10,3,7,41.91924232,-87.76931828
3,343430,-1,30,0,0,0,1,9,5,2,0,0,0,1,-1,-1,-1,20,17,1933,-1,-1,-1,-1,-1,-1,2,1,0,1,0,0,3,0,10,3,7,41.93645017,-87.65055245
0,343518,-1,30,0,0,0,1,7,2,-1,0,0,0,0,-1,-1,-1,0,0,1034,-1,-1,-1,-1,-1,-1,2,0,0,0,0,0,1,0,10,3,7,41.85065119,-87.67057886
2,343280,1,30,1,-1,6,1,0,2,2,0,-1,-1,1,1,-1,-1,17,16,612,-1,-1,-1,-1,-1,-1,2,1,0,0,1,0,1,0,10,3,7,41.75053498,-87.65865206
2,343420,-1,30,0,0,0,1,14,1,4,0,0,0,1,-1,-1,-1,23,-1,1423,-1,-1,-1,-1,-1,-1,2,1,0,0,1,0,2,0,9,3,7,41.91018898,-87.68916322
0,344479,-1,30,1,2,0,3,10,2,2,0,0,0,0,-1,-1,-1,8,8,421,-1,-1,-1,-1,-1,-1,2,0,0,0,0,0,4,0,9,3,7,41.75267772,-87.54897247
0,343579,-1,30,0,0,0,1,10,5,2,0,0,0,0,-1,-1,-1,18,18,132,-1,-1,-1,-1,-1,-1,2,0,0,0,0,0,2,0,9,3,7,41.86739788,-87.62270051
0,343393,-1,30,0,0,0,1,10,5,2,0,0,0,1,-1,-1,-1,18,-1,2032,-1,-1,-1,-1,-1,-1,2,0,0,0,0,0,2,0,9,3,7,41.97603098,-87.67179539
0,343388,1,30,0,0,-1,4,7,5,2,0,-1,0,0,-1,-1,1,0,-1,1135,-1,-1,-1,-1,-1,-1,2,0,0,0,0,0,1,0,9,3,7,41.87097108,-87.6940779
2,343387,-1,30,2,2,0,1,0,5,2,0,0,0,1,1,-1,-1,17,-1,624,-1,-1,-1,-1,-1,-1,2,1,0,0,1,0,2,0,9,3,7,41.7566794,-87.60424487
2,343375,-1,30,0,0,0,1,12,2,-1,0,0,0,1,-1,-1,1,21,-1,912,-1,-1,-1,-1,-1,-1,2,3,0,0,2,1,1,0,9,3,7,41.83660842,-87.66557057
0,343434,-1,30,0,0,0,1,7,2,2,0,0,0,0,-1,-1,1,-1,-1,1932,-1,-1,-1,-1,-1,-1,2,0,0,0,0,0,1,0,9,3,7,41.92614518,-87.65862914
2,346232,-1,30,7,12,0,1,9,5,-1,0,0,12,1,-1,-1,-1,0,0,734,-1,-1,-1,1,2,1,2,1,0,0,1,0,1,0,9,3,7,41.76061042,-87.65414192
0,343874,-1,30,0,0,0,1,12,2,-1,0,0,0,0,-1,-1,1,0,0,434,-1,-1,-1,-1,-1,-1,2,0,0,0,0,0,2,0,9,3,7,41.7079993,-87.56586499
0,343509,-1,30,1,2,0,1,10,5,4,0,0,0,0,-1,-1,-1,22,18,1722,-1,-1,-1,-1,-1,-1,2,0,0,0,0,0,7,0,9,3,7,41.96429441,-87.7451173
0,343405,-1,35,0,0,0,1,0,5,-1,0,0,0,0,-1,-1,1,0,0,1711,-1,-1,-1,-1,-1,-1,2,0,0,0,0,0,2,0,9,3,7,41.99688712,-87.71818777
0,343380,-1,30,0,0,0,1,12,5,-1,0,0,0,0,-1,-1,-1,0,-1,522,-1,-1,-1,-1,-1,-1,2,0,0,0,0,0,4,0,9,3,7,41.68219783,-87.62773578
2,343351,-1,20,1,2,0,1,3,3,6,0,0,0,1,1,-1,-1,6,-1,133,-1,-1,-1,-1,-1,-1,2,2,0,0,2,0,1,0,9,3,7,41.83853402,-87.61704611
0,344880,-1,30,0,0,0,1,0,2,2,0,0,0,0,-1,-1,-1,0,-1,414,-1,-1,-1,-1,-1,-1,2,0,0,0,0,0,2,0,9,3,7,41.75722836,-87.57117446
0,343537,-1,0,0,0,0,1,12,6,3,0,0,0,0,-1,-1,-1,22,21,111,-1,-1,-1,-1,-1,-1,2,0,0,0,0,0,3,0,9,3,7,41.88459248,-87.62959644
0,343487,-1,35,0,0,0,1,14,5,2,0,0,0,0,1,-1,-1,23,21,112,-1,-1,-1,-1,-1,-1,2,0,0,0,0,0,2,0,9,3,7,41.88219617,-87.62603022
0,343472,-1,35,1,2,0,1,10,2,-1,0,0,0,0,-1,-1,-1,18,-1,813,-1,-1,-1,-1,-1,-1,2,0,0,0,0,0,2,0,9,3,7,41.78438569,-87.74006595
0,343399,-1,30,-1,0,0,1,14,5,4,0,0,0,0,1,-1,-1,0,0,1111,-1,-1,-1,-1,-1,-1,2,0,0,0,0,0,2,0,9,3,7,41.89519166,-87.72971656
3,343349,-1,30,0,0,0,1,10,2,-1,0,0,0,1,-1,-1,-1,18,7,1232,-1,-1,-1,-1,-1,-1,2,1,0,1,0,0,1,0,9,3,7,41.8792837,-87.64713564
0,345800,-1,30,0,0,0,1,12,5,-1,0,0,0,0,-1,-1,1,22,23,1831,-1,-1,-1,-1,-1,-1,2,0,0,0,0,0,2,0,9,3,7,41.88808735,-87.63088808
0,348393,-1,35,1,2,0,1,14,5,-1,0,0,0,0,1,-1,1,22,0,1832,-1,-1,-1,-1,-1,-1,2,0,0,0,0,0,2,0,9,3,7,41.89680278,-87.6325661
0,344235,-1,30,0,0,0,1,12,5,-1,0,0,0,0,-1,-1,-1,0,0,1232,-1,-1,-1,-1,-1,-1,2,0,0,0,0,0,2,0,9,3,7,41.87910804,-87.64722962
0,343486,-1,30,0,0,0,1,12,2,2,0,1,0,0,-1,-1,-1,22,0,121,-1,-1,-1,-1,-1,-1,2,0,0,0,0,0,2,0,9,3,7,41.88192917,-87.64418136
0,344193,-1,30,0,0,0,1,7,-1,-1,0,0,-1,0,-1,-1,1,0,-1,1422,-1,-1,-1,-1,-1,-1,2,0,0,0,0,0,1,0,9,3,7,41.91371539,-87.71651374
0,343365,-1,30,0,0,0,1,7,5,1,0,0,0,0,-1,-1,1,0,0,2233,-1,-1,-1,-1,-1,-1,2,0,0,0,0,0,1,0,9,3,7,41.6932571,-87.63413283
0,343348,-1,0,1,2,0,1,14,5,-1,0,0,0,0,-1,-1,-1,23,11,113,-1,-1,-1,-1,-1,-1,2,0,0,0,0,0,2,0,9,3,7,41.87811121,-87.62782208
0,343493,-1,30,1,2,0,1,12,1,2,0,0,0,0,1,-1,-1,21,11,131,-1,-1,-1,-1,-1,-1,2,0,0,0,0,0,2,0,9,3,7,41.86415445,-87.62560565
0,344525,-1,30,0,0,0,1,12,5,2,0,0,0,0,-1,-1,-1,20,17,1634,-1,-1,-1,-1,-1,-1,2,0,0,0,0,0,3,0,9,3,7,41.93890457,-87.74937225
0,343346,-1,30,1,2,0,1,14,3,4,0,0,0,0,1,-1,-1,17,0,1821,-1,-1,-1,-1,-1,-1,2,0,0,0,0,0,42,0,9,3,7,41.90925562,-87.63479734
0,343321,-1,30,1,2,0,1,12,5,4,0,0,0,0,-1,-1,-1,22,17,121,-1,1,-1,-1,-1,-1,2,0,0,0,0,0,3,0,9,3,7,41.88069925,-87.63972503
0,346580,-1,30,0,0,-1,-1,7,5,-1,0,0,-1,0,-1,-1,-1,17,-1,1632,-1,-1,-1,-1,-1,-1,2,0,0,0,0,0,1,0,9,3,7,41.94380141,-87.79353986
0,345661,-1,30,0,0,0,1,4,5,4,2,0,0,0,-1,-1,-1,-1,-1,833,-1,-1,-1,-1,-1,-1,1,0,0,0,0,0,1,0,9,3,7,41.75396281,-87.74136268
0,343478,-1,30,0,0,0,1,12,-1,2,0,0,0,0,-1,-1,-1,17,17,121,-1,-1,-1,-1,-1,-1,2,0,0,0,0,0,2,0,9,3,7,41.88069925,-87.63972503
0,343433,-1,30,1,2,0,1,12,12,4,0,12,12,0,-1,-1,-1,-1,-1,1215,-1,-1,-1,-1,-1,-1,2,0,0,0,0,0,3,0,9,3,7,41.89593595,-87.66896216
0,343429,-1,25,0,0,0,1,7,6,1,0,0,0,0,-1,-1,1,0,0,2523,-1,-1,-1,-1,-1,-1,2,0,0,0,0,0,1,0,9,3,7,41.9335395,-87.72597141
0,343354,-1,30,1,2,0,1,12,2,2,0,0,0,0,1,-1,1,22,16,124,-1,-1,-1,-1,-1,-1,2,0,0,0,0,0,2,0,9,3,7,41.86253034,-87.63894891
0,343338,-1,30,1,2,0,1,7,5,2,0,0,0,0,-1,-1,-1,22,27,2023,-1,-1,-1,-1,-1,-1,2,0,0,0,0,0,1,0,9,3,7,41.98357422,-87.65657079
0,13343300,-1,35,1,2,0,1,10,5,2,0,0,0,0,-1,-1,-1,18,18,2011,-1,-1,-1,-1,-1,-1,2,0,0,0,0,0,3,0,9,3,7,41.99035819,-87.69504955
0,344338,-1,30,1,2,0,1,10,2,4,0,0,0,0,-1,-1,-1,16,11,832,-1,-1,-1,-1,-1,-1,2,0,0,0,0,0,2,0,8,3,7,41.77511657,-87.68338584
0,343369,-1,30,0,0,0,1,7,5,2,0,0,0,0,-1,-1,-1,18,0,1234,-1,-1,-1,-1,-1,-1,2,0,0,0,0,0,1,0,8,3,7,41.85753399,-87.67756013
0,343502,-1,30,0,0,-1,-1,7,-1,-1,0,-1,-1,0,-1,-1,1,0,-1,424,-1,-1,-1,-1,-1,-1,2,0,0,0,0,0,1,0,8,3,7,41.73755491,-87.54648617
0,343315,-1,30,0,0,0,1,10,5,2,0,0,0,1,-1,-1,-1,16,-1,1722,-1,-1,-1,-1,-1,-1,2,0,0,0,0,0,2,0,8,3,7,41.96812477,-87.72868482
0,343536,-1,35,1,2,0,1,10,2,-1,0,0,0,0,-1,-1,-1,18,22,123,-1,-1,-1,-1,-1,-1,2,0,0,0,0,0,2,0,8,3,7,41.86991678,-87.63066115
0,343359,-1,30,0,0,0,1,12,5,-1,0,0,0,0,-1,-1,-1,17,16,2524,-1,-1,-1,-1,-1,-1,2,0,0,0,0,0,2,0,8,3,7,41.93002051,-87.72707337