MOST_SEVERE_INJURY,RD_NO,CRASH_DATE_EST_I,POSTED_SPEED_LIMIT,TRAFFIC_CONTROL_DEVICE,DEVICE_CONDITION,WEATHER_CONDITION,LIGHTING_CONDITION,FIRST_CRASH_TYPE,TRAFFICWAY_TYPE,LANE_CNT,ALIGNMENT,ROADWAY_SURFACE_COND,ROAD_DEFECT,CRASH_TYPE,INTERSECTION_RELATED_I,NOT_RIGHT_OF_WAY_I,HIT_AND_RUN_I,PRIM_CONTRIBUTORY_CAUSE,SEC_CONTRIBUTORY_CAUSE,BEAT_OF_OCCURRENCE,PHOTOS_TAKEN_I,STATEMENTS_TAKEN_I,DOORING_I,WORK_ZONE_I,WORK_ZONE_TYPE,WORKERS_PRESENT_I,NUM_UNITS,INJURIES_TOTAL,INJURIES_FATAL,INJURIES_INCAPACITATING,INJURIES_NON_INCAPACITATING,INJURIES_REPORTED_NOT_EVIDENT,INJURIES_NO_INDICATION,INJURIES_UNKNOWN,CRASH_HOUR,CRASH_DAY_OF_WEEK,CRASH_MONTH,LATITUDE,LONGITUDE
0,343296,-1,40,0,0,0,1,12,3,8,0,0,0,0,-1,-1,-1,11,-1,133,-1,-1,-1,-1,-1,-1,2,0,0,0,0,0,3,0,8,3,7,41.84573541,-87.61144192
0,343292,-1,30,1,2,0,1,10,5,1,0,0,0,0,-1,-1,-1,11,18,1934,-1,-1,-1,-1,-1,-1,2,0,0,0,0,0,5,0,8,3,7,41.9399295,-87.64466341
0,343343,-1,35,1,2,0,1,14,5,4,0,0,0,0,-1,-1,-1,18,-1,1711,-1,-1,-1,-1,-1,-1,2,0,0,0,0,0,3,0,8,3,7,41.99720383,-87.74819631
1,343917,-1,30,2,0,0,1,10,5,2,2,1,0,1,-1,-1,1,16,11,623,-1,-1,-1,-1,-1,-1,2,1,0,0,0,1,1,0,8,3,7,41.75821229,-87.61984215
0,343318,-1,30,0,0,0,1,12,2,4,0,0,0,0,-1,-1,-1,21,17,1712,-1,-1,-1,-1,-1,-1,2,0,0,0,0,0,3,0,8,3,7,41.97544627,-87.72587673
0,343285,-1,30,2,2,0,1,8,5,-1,0,0,3,0,1,-1,-1,23,17,1414,-1,-1,-1,-1,-1,-1,2,0,0,0,0,0,2,0,8,3,7,41.92284258,-87.69748748
0,343796,-1,30,0,0,0,1,7,6,-1,0,0,0,0,-1,-1,1,0,0,1221,-1,-1,-1,-1,-1,-1,2,0,0,0,0,0,1,0,8,3,7,41.89472486,-87.6796122
0,343620,-1,30,0,0,0,1,10,2,-1,0,0,0,0,1,-1,-1,18,-1,1423,-1,-1,-1,-1,-1,-1,2,0,0,0,0,0,2,0,8,3,7,41.9100156,-87.705725
0,343277,-1,30,1,2,0,1,10,5,-1,0,0,0,0,-1,-1,-1,16,17,2534,-1,-1,-1,-1,-1,-1,2,0,0,0,0,0,2,0,8,3,7,41.91645072,-87.72668228
0,343258,1,25,0,0,0,1,0,12,4,0,0,0,0,0,-1,-1,22,0,1832,-1,-1,-1,-1,-1,-1,2,0,0,0,0,0,2,0,8,3,7,41.89320754,-87.62984221
0,343331,-1,30,0,0,0,1,7,3,4,0,0,0,0,-1,-1,1,0,-1,915,-1,-1,-1,-1,-1,-1,2,0,0,0,0,0,2,0,8,3,7,41.83106201,-87.63073935
0,343260,-1,35,1,2,0,1,14,2,-1,0,0,0,0,-1,-1,-1,23,-1,1832,-1,-1,-1,-1,-1,-1,2,0,0,0,0,0,2,0,8,3,7,41.89651756,-87.63182816
0,344302,-1,30,2,2,0,1,14,12,0,0,0,0,0,1,-1,-1,17,11,833,-1,-1,-1,-1,-1,-1,2,0,0,0,0,0,2,0,8,3,7,41.77123713,-87.72637869
0,343308,-1,30,1,2,0,1,10,2,3,0,0,0,0,-1,-1,-1,18,0,1222,-1,-1,-1,-1,-1,-1,2,0,0,0,0,0,2,0,8,3,7,41.88396818,-87.70141798
1,343289,-1,30,0,0,0,1,10,5,-1,0,0,0,1,-1,-1,-1,16,0,2522,-1,-1,-1,-1,-1,-1,4,2,0,0,0,2,2,0,7,3,7,41.92315079,-87.75596196
2,343263,-1,40,0,0,0,1,10,3,4,2,0,0,1,-1,-1,-1,9,16,1934,-1,-1,-1,-1,-1,-1,3,2,0,0,1,1,1,0,7,3,7,41.93900704,-87.63819266
0,343241,-1,30,1,2,0,1,14,5,4,0,0,0,1,1,-1,-1,0,0,833,-1,-1,-1,-1,-1,-1,3,0,0,0,0,0,3,0,7,3,7,41.77125641,-87.72309007
2,355478,-1,30,1,2,0,1,9,5,-1,0,0,0,1,1,-1,1,17,-1,2521,-1,-1,-1,-1,-1,-1,2,1,0,0,1,0,1,0,7,3,7,41.92424942,-87.75380822
1,343737,-1,30,1,2,0,1,10,5,-1,0,0,0,1,1,-1,-1,18,-1,234,-1,-1,-1,-1,-1,-1,2,2,0,0,0,2,1,0,7,3,7,41.7979498,-87.5873944
0,343262,-1,25,0,0,0,1,12,5,2,0,0,0,0,-1,-1,-1,22,16,824,-1,-1,-1,-1,-1,-1,2,0,0,0,0,0,2,0,7,3,7,41.79161104,-87.70222025
0,351630,-1,30,-1,-1,-1,-1,10,2,-1,0,-1,-1,0,-1,-1,-1,0,-1,1211,-1,-1,-1,-1,-1,-1,2,0,0,0,0,0,2,0,7,3,7,41.89912392,-87.70249382
0,353897,-1,30,0,0,0,1,0,5,-1,0,0,0,0,-1,-1,1,-1,-1,831,-1,-1,-1,-1,-1,-1,2,0,0,0,0,0,2,0,7,3,7,41.76405443,-87.69286932
2,343223,-1,30,1,2,0,1,8,2,-1,0,0,0,1,1,-1,-1,17,11,1931,-1,-1,-1,-1,-1,-1,2,1,0,0,1,0,1,0,7,3,7,41.93220828,-87.67548538
2,343226,-1,30,0,0,0,1,14,2,-1,0,0,0,1,-1,-1,0,23,-1,1433,-1,-1,-1,-1,-1,-1,2,3,0,0,3,0,1,0,7,3,7,41.9131592,-87.66379867
0,343207,-1,30,0,0,0,1,12,12,2,0,0,0,0,1,-1,-1,17,11,1652,-1,-1,-1,-1,-1,-1,2,0,0,0,0,0,2,0,7,3,7,-1,-1
0,343973,-1,5,2,12,0,1,11,7,2,0,0,0,0,-1,-1,-1,6,0,931,-1,-1,-1,-1,-1,-1,2,0,0,0,0,0,2,0,7,3,7,41.80784976,-87.67481331
0,345358,-1,25,0,0,0,1,7,6,-1,0,0,0,0,-1,-1,1,0,0,1723,-1,-1,-1,-1,-1,-1,2,0,0,0,0,0,1,0,7,3,7,41.96091533,-87.72307381
0,343246,-1,30,1,2,0,1,12,5,-1,0,0,0,0,-1,-1,-1,0,0,2521,-1,-1,-1,-1,-1,-1,2,0,0,0,0,0,2,0,7,3,7,41.93867797,-87.74990095
0,343209,-1,30,1,2,0,1,0,2,0,0,0,0,0,1,-1,-1,6,16,1225,-1,-1,-1,-1,-1,-1,2,0,0,0,0,0,2,0,6,3,7,41.87393447,-87.67625499
0,343219,-1,30,1,2,0,1,10,5,4,0,0,0,0,-1,-1,-1,18,0,1711,-1,-1,-1,-1,-1,-1,2,0,0,0,0,0,2,0,6,3,7,41.99489547,-87.71447189
0,343604,-1,30,0,0,-1,-1,7,6,1,0,-1,-1,1,-1,-1,1,0,-1,1013,-1,-1,-1,-1,-1,-1,2,0,0,0,0,0,1,0,6,3,7,41.84593178,-87.72733144
3,343201,-1,30,1,2,0,1,0,5,-1,0,0,0,1,1,-1,-1,6,25,213,-1,-1,-1,-1,-1,-1,6,1,0,1,0,0,1,0,6,3,7,41.82362966,-87.62657307
0,343212,-1,30,0,0,0,1,7,6,1,0,0,0,0,-1,-1,-1,20,-1,813,-1,-1,-1,-1,-1,-1,2,0,0,0,0,0,1,0,6,3,7,41.77883519,-87.739712
0,343191,-1,30,0,0,0,1,12,5,4,0,0,0,0,-1,-1,1,-1,-1,1633,-1,1,-1,-1,-1,-1,2,0,0,0,0,0,2,0,6,3,7,41.95311882,-87.76334394
0,343218,-1,30,2,2,0,1,12,5,-1,1,0,-1,0,-1,-1,-1,22,0,1214,-1,-1,-1,-1,-1,-1,3,0,0,0,0,0,3,0,6,3,7,41.88901268,-87.6398295
0,343198,-1,30,1,2,0,1,12,5,4,0,0,0,0,-1,-1,1,0,0,2512,-1,-1,-1,-1,-1,-1,2,0,0,0,0,0,2,0,6,3,7,41.92348729,-87.79545517
3,343182,-1,30,1,2,0,1,0,2,0,0,0,0,1,1,-1,-1,6,16,1225,-1,-1,-1,-1,-1,-1,2,2,0,1,1,0,0,0,6,3,7,41.87400364,-87.67660234
0,343252,-1,30,0,0,0,1,11,5,-1,0,0,0,0,-1,-1,-1,0,0,815,-1,-1,-1,-1,-1,-1,2,0,0,0,0,0,2,0,6,3,7,41.80391086,-87.73585962
0,343190,-1,30,0,0,0,2,7,6,1,0,0,0,0,-1,-1,-1,20,0,2533,-1,-1,-1,-1,-1,-1,2,0,0,0,0,0,1,0,6,3,7,41.91679379,-87.73892072
0,343173,-1,25,0,0,0,1,7,6,1,0,0,0,1,-1,-1,1,0,-1,1733,-1,-1,-1,-1,-1,-1,3,0,0,0,0,0,1,0,5,3,7,41.94695955,-87.70552923
0,343171,-1,30,0,0,0,1,12,2,-1,0,0,0,0,-1,-1,-1,22,0,1731,-1,-1,-1,-1,-1,-1,2,0,0,0,0,0,2,0,5,3,7,41.94410309,-87.73229898
0,343144,-1,35,1,2,0,1,10,3,-1,0,0,0,0,-1,-1,-1,18,-1,622,-1,-1,-1,-1,-1,-1,2,0,0,0,0,0,2,0,5,3,7,41.73627238,-87.63881572
0,343146,-1,30,2,1,0,0,14,2,-1,0,-1,-1,0,1,-1,-1,0,-1,531,-1,-1,-1,-1,-1,-1,2,0,0,0,0,0,3,0,4,3,7,41.68702179,-87.62106419
0,343122,-1,30,0,0,0,3,12,6,1,0,0,0,0,-1,-1,-1,-1,-1,421,-1,-1,-1,-1,-1,-1,2,0,0,0,0,0,3,0,2,3,7,41.75368834,-87.5637835
0,344596,-1,0,0,0,0,3,7,0,-1,0,0,0,0,-1,-1,-1,20,-1,2011,-1,-1,-1,-1,-1,-1,2,0,0,0,0,0,1,0,1,3,7,41.98075387,-87.69293841
1,343126,-1,30,1,2,0,3,0,5,4,0,0,-1,1,1,-1,1,17,17,1121,-1,-1,-1,-1,-1,-1,2,1,0,0,0,1,1,0,1,3,7,41.89903996,-87.71148754
0,343323,-1,30,1,2,0,1,12,2,2,0,0,0,0,1,-1,1,22,-1,2222,-1,-1,-1,-1,-1,-1,2,0,0,0,0,0,3,0,1,3,7,41.73589272,-87.64855
0,343120,-1,30,2,0,0,3,0,5,1,0,0,0,0,-1,-1,-1,5,16,413,-1,-1,-1,-1,-1,-1,2,0,0,0,0,0,2,0,1,3,7,41.72431181,-87.57067211
0,343074,1,25,0,0,0,-1,7,6,1,0,0,0,0,-1,-1,1,-1,-1,923,-1,-1,-1,-1,-1,-1,2,0,0,0,0,0,1,0,0,3,7,41.79365192,-87.69853378
0,343081,-1,20,0,0,0,3,9,5,2,0,0,4,0,-1,-1,-1,20,-1,1823,-1,-1,-1,-1,-1,-1,2,0,0,0,0,0,5,0,0,3,7,41.90034429,-87.64072656
0,343069,-1,35,0,0,0,3,2,3,-1,0,0,0,0,-1,-1,-1,0,-1,935,1,-1,-1,-1,-1,-1,1,0,0,0,0,0,1,0,0,3,7,41.79456188,-87.63677229
0,343102,-1,30,1,2,0,3,12,2,2,0,0,0,0,-1,-1,-1,22,11,813,-1,-1,-1,-1,-1,-1,2,0,0,0,0,0,3,0,0,3,7,41.78583403,-87.7231048
0,343055,-1,10,0,0,0,3,7,7,0,0,0,0,0,-1,-1,1,20,0,1111,-1,-1,-1,-1,-1,-1,2,0,0,0,0,0,1,0,0,3,7,41.89547597,-87.7262185
0,343167,0,15,0,0,0,0,7,5,1,0,0,3,0,-1,0,1,0,0,1533,-1,0,-1,-1,-1,-1,2,0,0,0,0,0,1,0,0,3,7,41.87682279,-87.7507066
0,343235,-1,30,0,0,0,3,7,6,1,0,0,0,1,-1,-1,1,0,-1,1211,-1,-1,-1,-1,-1,-1,2,0,0,0,0,0,1,0,23,2,7,41.90166552,-87.6917729
2,343019,-1,35,0,0,0,3,7,5,2,0,0,0,1,-1,-1,-1,16,0,411,-1,-1,-1,-1,-1,-1,2,1,0,0,1,0,0,0,23,2,7,41.75071165,-87.58735171
2,343025,-1,30,0,0,0,3,7,6,1,0,0,0,1,1,-1,-1,16,16,1112,-1,-1,-1,-1,-1,-1,4,2,0,0,2,0,0,0,23,2,7,41.90096002,-87.72600595
0,343034,-1,30,1,2,0,3,10,5,2,0,0,0,0,-1,-1,1,16,14,1723,-1,-1,-1,-1,-1,-1,2,0,0,0,0,0,5,0,23,2,7,41.96112496,-87.72247677
0,343023,-1,30,0,0,0,3,7,5,2,0,-1,0,0,-1,-1,-1,0,-1,834,-1,-1,-1,-1,-1,-1,2,0,0,0,0,0,1,0,23,2,7,41.75043516,-87.72645096
0,343337,-1,30,1,2,0,3,14,12,-1,0,0,0,0,1,-1,1,6,-1,431,-1,-1,-1,-1,-1,-1,2,0,0,0,0,0,3,0,22,2,7,41.7226729,-87.55122198
0,343028,-1,30,0,0,0,3,10,5,-1,0,0,0,0,-1,-1,-1,18,0,431,-1,-1,-1,-1,-1,-1,2,0,0,0,0,0,3,0,22,2,7,41.7222632,-87.58291764
0,343022,-1,30,0,0,0,3,7,5,-1,0,0,0,0,-1,-1,-1,0,0,2512,-1,-1,-1,-1,-1,-1,2,0,0,0,0,0,2,0,22,2,7,41.92744082,-87.79550703
0,343007,-1,15,0,0,0,-1,0,5,2,0,0,-1,0,-1,-1,-1,23,-1,1611,1,-1,-1,-1,-1,-1,2,0,0,0,0,0,2,0,22,2,7,41.9991337,-87.79702396
2,342987,-1,30,0,0,0,3,10,3,4,0,0,0,1,-1,-1,-1,16,0,2221,-1,-1,-1,-1,-1,-1,2,2,0,0,2,0,0,0,22,2,7,41.73550393,-87.6762049
0,342948,1,30,1,2,0,3,14,3,-1,0,0,0,1,1,1,-1,6,23,2234,-1,-1,-1,-1,-1,-1,2,0,0,0,0,0,2,0,22,2,7,41.68519006,-87.64227956
0,342951,-1,10,0,0,0,3,0,7,-1,0,0,0,0,-1,-1,-1,20,-1,2512,-1,1,-1,-1,-1,-1,2,0,0,0,0,0,4,0,22,2,7,41.93074442,-87.80634529
0,343005,-1,30,-1,-1,0,4,10,5,4,0,0,-1,0,-1,-1,-1,18,-1,1235,-1,-1,-1,-1,-1,-1,2,0,0,0,0,0,2,0,22,2,7,41.85408091,-87.66509832
0,342960,1,30,12,2,0,3,12,5,2,0,0,0,0,1,-1,1,22,16,724,1,-1,-1,-1,-1,-1,2,0,0,0,0,0,3,0,22,2,7,41.77042052,-87.65440493
0,363933,0,5,-1,-1,-1,4,7,7,-1,0,-1,-1,0,-1,-1,1,0,0,1034,-1,-1,-1,-1,-1,-1,2,0,0,0,0,0,1,0,22,2,7,41.83874246,-87.69492483
0,343322,-1,30,0,0,0,0,7,6,1,0,0,0,0,-1,-1,1,0,-1,2514,-1,-1,-1,-1,-1,-1,2,0,0,0,0,0,1,0,22,2,7,41.92772128,-87.76134788
2,342978,-1,30,1,-1,0,3,8,5,2,0,0,0,1,-1,-1,1,17,-1,1522,-1,-1,-1,-1,-1,-1,2,1,0,0,1,0,1,0,22,2,7,41.87676737,-87.75506336
0,342964,-1,30,0,0,0,3,7,5,4,0,0,0,1,-1,-1,-1,27,-1,2413,-1,-1,-1,-1,-1,-1,2,0,0,0,0,0,1,0,21,2,7,41.99684616,-87.69000129
0,343463,-1,35,0,0,0,1,7,5,-1,0,0,0,0,-1,-1,1,0,0,1722,-1,-1,-1,-1,-1,-1,2,0,0,0,0,0,1,0,21,2,7,41.95432518,-87.7293826
2,343042,-1,30,0,0,0,3,12,6,1,0,0,0,1,-1,-1,1,0,0,1533,1,-1,-1,-1,-1,-1,2,1,0,0,1,0,1,0,21,2,7,41.87483398,-87.74758037
0,342962,-1,30,1,1,0,3,12,6,3,0,0,-1,0,-1,-1,-1,21,-1,1834,-1,-1,-1,-1,-1,-1,2,0,0,0,0,0,2,0,21,2,7,41.89160065,-87.62543311
0,345144,-1,25,0,0,0,3,2,0,-1,0,0,0,0,-1,1,-1,0,0,2432,-1,-1,-1,-1,-1,-1,1,0,0,0,0,0,1,0,21,2,7,42.00541515,-87.66197376
0,342910,-1,30,1,2,0,4,7,5,4,0,0,0,0,-1,-1,-1,0,0,1823,-1,-1,-1,-1,-1,-1,2,0,0,0,0,0,1,0,21,2,7,41.90318729,-87.64305628
0,342928,-1,35,0,0,0,3,12,5,-1,0,0,0,0,-1,-1,-1,7,0,2013,-1,-1,-1,-1,-1,-1,2,0,0,0,0,0,2,0,21,2,7,41.98279265,-87.66019245
0,342917,-1,30,0,0,0,0,7,5,2,0,0,0,0,-1,-1,-1,7,-1,424,-1,-1,-1,-1,-1,-1,4,0,0,0,0,0,1,0,21,2,7,41.73734068,-87.54599111
0,342914,-1,30,2,2,0,3,12,2,2,0,0,0,0,-1,-1,-1,16,16,1034,-1,-1,-1,-1,-1,-1,2,0,0,0,0,0,2,0,21,2,7,41.85209968,-87.67351036
0,342937,-1,30,1,2,0,3,12,6,3,0,0,0,0,-1,-1,-1,21,0,121,-1,-1,-1,-1,-1,-1,3,0,0,0,0,0,7,0,21,2,7,41.88197357,-87.64112726
2,342927,-1,30,2,2,0,3,9,5,2,0,0,0,1,-1,-1,1,5,17,2433,-1,-1,-1,-1,-1,-1,2,1,0,0,1,0,2,0,21,2,7,41.99435583,-87.66783899
0,342875,-1,30,1,2,0,3,10,2,-1,0,0,0,0,1,-1,1,0,-1,323,-1,-1,-1,-1,-1,-1,2,0,0,0,0,0,2,0,20,2,7,41.76539361,-87.62505048
0,342897,-1,30,1,2,0,1,14,5,2,0,0,0,1,1,-1,-1,14,3,122,-1,-1,-1,-1,-1,-1,2,0,0,0,0,0,2,0,20,2,7,41.88562444,-87.63538243
3,342840,-1,30,0,0,0,4,10,5,2,0,0,0,1,1,-1,-1,16,-1,1723,-1,-1,-1,-1,-1,-1,3,1,0,1,0,0,2,0,20,2,7,41.96827955,-87.71452398
0,342873,-1,30,12,12,0,3,12,6,1,0,0,-1,0,-1,-1,-1,17,17,1833,-1,-1,-1,-1,-1,-1,2,0,0,0,0,0,3,0,20,2,7,41.89991467,-87.62305951
1,342825,-1,35,1,2,0,3,0,3,8,0,0,0,1,-1,-1,-1,6,17,132,-1,-1,-1,-1,-1,-1,2,1,0,0,0,1,1,0,20,2,7,41.8649849,-87.61951061
3,342844,-1,30,0,2,0,0,7,6,1,0,0,-1,1,-1,-1,-1,0,0,1011,-1,-1,-1,-1,-1,-1,2,1,0,1,0,0,0,0,20,2,7,41.86509989,-87.72377448
0,342848,-1,30,1,2,0,4,10,5,-1,0,0,0,0,-1,-1,1,18,0,2532,-1,-1,-1,-1,-1,-1,2,0,0,0,0,0,3,0,20,2,7,41.90938732,-87.75614061
2,342814,-1,30,0,0,0,1,8,3,6,0,0,0,1,-1,-1,-1,18,0,1834,-1,-1,-1,-1,-1,-1,2,1,0,0,1,0,2,0,19,2,7,41.88935425,-87.62410246
0,342831,-1,30,9,2,0,1,2,-1,1,0,0,0,0,-1,-1,1,0,0,1132,-1,-1,-1,-1,-1,-1,1,0,0,0,0,0,1,0,19,2,7,41.87528945,-87.73241086
0,342787,-1,10,0,0,0,1,7,7,-1,0,0,0,0,-1,-1,1,0,0,1921,-1,-1,-1,-1,-1,-1,2,0,0,0,0,0,1,0,19,2,7,41.9427472,-87.68835432
0,342898,-1,15,0,0,0,3,7,7,-1,0,0,0,0,-1,-1,1,0,-1,631,-1,-1,-1,-1,-1,-1,2,0,0,0,0,0,1,0,19,2,7,41.74370232,-87.62418593
0,342755,-1,15,0,0,0,1,7,6,1,0,0,0,1,-1,-1,-1,20,11,1431,-1,-1,-1,-1,-1,-1,2,0,0,0,0,0,1,0,19,2,7,41.91985655,-87.68989905
0,342817,-1,30,1,2,0,1,14,5,-1,0,0,-1,0,1,-1,-1,0,0,2221,-1,-1,-1,-1,-1,-1,2,0,0,0,0,0,3,0,19,2,7,41.73192024,-87.66309894
0,342792,-1,30,2,2,0,1,14,2,2,0,0,0,0,1,1,-1,17,16,411,-1,-1,-1,-1,-1,-1,2,0,0,0,0,0,2,0,19,2,7,41.75682522,-87.59319491
0,342784,-1,30,0,0,0,1,10,5,-1,0,0,0,0,-1,-1,1,-1,-1,922,-1,-1,-1,-1,-1,-1,2,0,0,0,0,0,6,0,19,2,7,41.80821705,-87.69435004
0,343363,1,30,0,0,0,0,7,5,-1,0,0,0,0,-1,-1,1,0,0,2234,-1,-1,-1,-1,-1,-1,2,0,0,0,0,0,1,0,19,2,7,41.6939725,-87.65053592
0,342866,1,15,0,0,0,1,0,5,-1,0,0,0,0,-1,-1,-1,17,16,1633,-1,-1,-1,-1,-1,-1,2,0,0,0,0,0,2,0,19,2,7,41.94371219,-87.77169664
0,342845,-1,30,0,0,0,1,10,5,2,0,0,-1,0,-1,-1,-1,0,0,1432,-1,-1,-1,-1,-1,-1,2,0,0,0,0,0,2,0,19,2,7,41.92152309,-87.67653486
2,342779,-1,30,1,2,0,1,9,5,4,0,0,0,1,1,-1,-1,0,0,1831,-1,-1,-1,-1,-1,-1,2,1,0,0,1,0,1,0,18,2,7,41.89084357,-87.63789498
0,342655,-1,45,0,0,0,1,12,5,4,0,0,0,0,-1,-1,1,18,-1,611,-1,-1,-1,-1,-1,-1,2,0,0,0,0,0,2,0,18,2,7,41.74691625,-87.66349571
0,352130,-1,30,0,0,0,1,10,3,2,0,0,0,0,-1,-1,-1,0,0,2223,-1,-1,-1,-1,-1,-1,2,0,0,0,0,0,3,0,18,2,7,41.72126847,-87.6498212
0,345176,-1,30,2,2,0,4,7,5,2,0,0,-1,0,-1,-1,1,0,0,1934,-1,-1,-1,-1,-1,-1,2,0,0,0,0,0,5,0,18,2,7,41.94002309,-87.6396057
0,344976,-1,30,1,2,-1,1,10,5,4,0,-1,-1,0,-1,-1,1,0,0,1121,-1,-1,-1,-1,-1,-1,2,0,0,0,0,0,2,0,18,2,7,41.89882634,-87.70763403
0,343589,-1,25,0,0,0,1,0,6,-1,0,0,0,1,-1,-1,1,17,-1,2521,-1,-1,-1,-1,-1,-1,2,0,0,0,0,0,2,0,18,2,7,41.93069284,-87.75378577
1,342930,-1,30,0,0,0,1,10,5,4,0,0,0,1,-1,-1,-1,7,16,815,-1,-1,-1,-1,-1,-1,2,1,0,0,0,1,1,0,18,2,7,41.80896097,-87.74303668
0,342697,-1,30,0,0,0,1,0,6,-1,0,0,0,0,-1,-1,-1,17,0,2524,-1,-1,-1,-1,-1,-1,2,0,0,0,0,0,3,0,18,2,7,41.92478283,-87.7330499
3,342669,-1,30,2,2,0,1,14,5,2,0,0,0,1,-1,-1,-1,0,0,213,-1,-1,-1,-1,-1,-1,2,1,0,1,0,0,1,0,18,2,7,41.81670284,-87.61820336
0,342839,-1,30,0,0,0,1,10,5,-1,0,0,0,0,-1,-1,1,-1,-1,932,-1,-1,-1,-1,-1,-1,2,0,0,0,0,0,3,0,18,2,7,41.79413322,-87.66464526
1,342911,-1,30,1,2,0,1,10,5,-1,0,0,0,1,-1,-1,-1,18,0,1413,-1,-1,-1,-1,-1,-1,2,1,0,0,0,1,1,0,18,2,7,41.92471388,-87.71693516
0,342729,-1,30,0,0,0,1,12,2,4,0,0,0,0,-1,-1,-1,0,-1,2432,-1,-1,-1,-1,-1,-1,2,0,0,0,0,0,3,0,18,2,7,42.00427314,-87.6606923
0,342696,-1,30,0,0,0,1,10,5,2,0,0,0,0,-1,-1,-1,18,0,2511,-1,-1,-1,-1,-1,-1,2,0,0,0,0,0,3,0,18,2,7,41.93383415,-87.78563605
2,342680,-1,30,2,2,0,1,8,5,-1,0,0,0,1,-1,-1,-1,0,0,331,-1,-1,-1,-1,-1,-1,2,1,0,0,1,0,1,0,18,2,7,41.7733846,-87.56687346
0,342708,-1,30,-1,-1,0,1,12,6,-1,0,0,-1,0,-1,-1,-1,0,-1,1422,-1,-1,-1,-1,-1,-1,2,0,0,0,0,0,2,0,18,2,7,41.90829871,-87.70955603
0,342762,-1,30,1,2,0,1,14,2,4,0,0,0,0,-1,-1,-1,17,0,1732,-1,-1,-1,-1,-1,-1,2,0,0,0,0,0,4,0,18,2,7,41.93943641,-87.71264873
0,342650,-1,30,0,0,0,1,8,2,2,0,0,0,0,-1,-1,-1,21,-1,1913,1,1,-1,-1,-1,-1,2,0,0,0,0,0,3,0,18,2,7,41.96494621,-87.65734707
0,342634,-1,30,0,0,0,1,14,2,4,0,0,0,0,-1,-1,-1,17,0,2011,-1,-1,-1,-1,-1,-1,2,0,0,0,0,0,2,0,18,2,7,41.9854327,-87.69928419
0,356103,1,25,0,0,-1,-1,7,5,2,0,-1,-1,0,-1,-1,1,10,1,2424,-1,-1,-1,-1,-1,-1,2,0,0,0,0,0,1,0,18,2,7,42.00662155,-87.67644126
0,344726,-1,30,1,2,0,1,14,5,4,0,0,0,0,-1,-1,1,17,20,1135,-1,-1,-1,-1,-1,-1,2,0,0,0,0,0,2,0,18,2,7,41.87390241,-87.69622525
0,343370,1,30,0,0,0,1,7,2,-1,0,0,0,0,-1,-1,1,0,0,1731,-1,-1,-1,-1,-1,-1,2,0,0,0,0,0,1,0,18,2,7,41.94640774,-87.73333319
0,343274,-1,20,0,0,0,1,7,5,-1,0,0,0,0,-1,-1,1,0,-1,732,-1,-1,-1,-1,-1,-1,2,0,0,0,0,0,1,0,18,2,7,41.76875681,-87.64276962
0,342821,-1,35,0,0,0,1,7,5,2,0,0,0,0,-1,-1,1,0,0,922,-1,-1,-1,-1,-1,-1,2,0,0,0,0,0,1,0,18,2,7,41.81239828,-87.69447486
0,342753,-1,30,0,0,0,1,14,5,-1,0,0,0,0,-1,-1,-1,0,-1,1733,-1,-1,-1,-1,-1,-1,2,0,0,0,0,0,5,0,18,2,7,41.95386101,-87.69880858
0,342705,-1,30,0,0,0,1,14,5,-1,0,0,0,0,-1,-1,-1,-1,-1,1031,-1,-1,-1,-1,-1,-1,2,0,0,0,0,0,2,0,18,2,7,41.82871806,-87.72432061
0,342685,-1,30,0,0,0,1,10,5,-1,0,0,0,0,-1,-1,-1,0,0,1622,-1,-1,-1,-1,-1,-1,2,0,0,0,0,0,2,0,18,2,7,41.98282951,-87.76840388
2,342645,-1,30,0,0,0,1,14,5,-1,0,0,0,1,-1,-1,-1,23,-1,2534,-1,-1,-1,-1,-1,-1,2,1,0,0,1,0,2,0,18,2,7,41.90883375,-87.7334645
0,342630,-1,20,0,2,0,1,7,6,1,0,0,0,1,-1,-1,-1,0,-1,1112,-1,-1,-1,-1,-1,-1,2,0,0,0,0,0,1,0,18,2,7,41.89813517,-87.71991443
2,342627,-1,15,0,0,0,1,9,6,1,0,0,0,1,-1,-1,-1,-1,-1,611,-1,-1,-1,-1,-1,-1,2,1,0,0,1,0,1,0,18,2,7,41.75100865,-87.66816247
0,342606,-1,15,0,0,0,1,0,0,1,0,0,0,0,-1,-1,-1,20,11,1112,-1,-1,-1,-1,-1,-1,2,0,0,0,0,0,2,0,17,2,7,41.90272675,-87.71670871
0,342774,-1,30,1,2,0,4,14,2,-1,0,0,0,1,1,-1,1,16,15,911,-1,-1,-1,-1,-1,-1,2,0,0,0,0,0,2,0,17,2,7,41.8377949,-87.68514875
0,342660,-1,30,0,0,0,1,14,2,-1,0,0,0,0,1,-1,-1,0,0,913,-1,-1,-1,-1,-1,-1,2,0,0,0,0,0,2,0,17,2,7,41.83973881,-87.66218025
0,343811,-1,30,0,0,0,1,12,5,-1,0,0,0,0,-1,-1,-1,0,0,2013,-1,-1,-1,-1,-1,-1,2,0,0,0,0,0,2,0,17,2,7,41.97642523,-87.66041176