MOST_SEVERE_INJURY,RD_NO,CRASH_DATE_EST_I,POSTED_SPEED_LIMIT,TRAFFIC_CONTROL_DEVICE,DEVICE_CONDITION,WEATHER_CONDITION,LIGHTING_CONDITION,FIRST_CRASH_TYPE,TRAFFICWAY_TYPE,LANE_CNT,ALIGNMENT,ROADWAY_SURFACE_COND,ROAD_DEFECT,CRASH_TYPE,INTERSECTION_RELATED_I,NOT_RIGHT_OF_WAY_I,HIT_AND_RUN_I,PRIM_CONTRIBUTORY_CAUSE,SEC_CONTRIBUTORY_CAUSE,BEAT_OF_OCCURRENCE,PHOTOS_TAKEN_I,STATEMENTS_TAKEN_I,DOORING_I,WORK_ZONE_I,WORK_ZONE_TYPE,WORKERS_PRESENT_I,NUM_UNITS,INJURIES_TOTAL,INJURIES_FATAL,INJURIES_INCAPACITATING,INJURIES_NON_INCAPACITATING,INJURIES_REPORTED_NOT_EVIDENT,INJURIES_NO_INDICATION,INJURIES_UNKNOWN,CRASH_HOUR,CRASH_DAY_OF_WEEK,CRASH_MONTH,LATITUDE,LONGITUDE
2,342618,-1,30,1,3,0,1,0,5,8,0,0,0,1,1,-1,-1,17,6,1122,-1,-1,-1,-1,-1,-1,2,3,0,0,3,0,0,0,17,2,7,41.88167158,-87.71593821
0,342614,-1,40,0,0,0,1,12,3,8,1,0,0,0,-1,-1,-1,0,0,2024,-1,-1,-1,-1,-1,-1,2,0,0,0,0,0,4,0,17,2,7,41.96940862,-87.64831726
0,344092,-1,30,0,0,0,1,12,5,-1,0,0,0,0,1,-1,1,17,-1,2512,-1,-1,-1,-1,-1,-1,2,0,0,0,0,0,2,0,17,2,7,41.93090829,-87.78453249
0,342892,-1,30,0,0,0,1,10,3,4,0,0,0,0,-1,-1,-1,18,-1,114,-1,-1,-1,-1,-1,-1,2,0,0,0,0,0,2,0,17,2,7,41.87350471,-87.62406203
0,342735,-1,30,0,0,0,1,10,-1,-1,0,0,0,0,-1,-1,-1,0,0,114,-1,-1,-1,-1,-1,-1,2,0,0,0,0,0,2,0,17,2,7,41.87350471,-87.62406203
0,342692,-1,25,0,0,0,1,11,7,-1,0,0,0,0,-1,-1,-1,0,0,2521,-1,-1,-1,-1,-1,-1,2,0,0,0,0,0,2,0,17,2,7,41.93146276,-87.74356046
0,342629,-1,30,0,0,0,1,14,5,2,0,0,0,1,-1,-1,-1,17,-1,1424,-1,-1,-1,-1,-1,-1,2,0,0,0,0,0,4,0,17,2,7,41.91015451,-87.67363665
1,342611,-1,30,0,0,0,1,10,5,2,0,0,0,1,-1,-1,-1,16,-1,1632,-1,-1,-1,-1,-1,-1,3,3,0,0,0,3,1,0,17,2,7,41.95264116,-87.80291457
0,342632,-1,35,0,0,0,1,10,6,-1,0,0,0,1,-1,-1,-1,18,-1,434,-1,-1,-1,-1,-1,-1,2,0,0,0,0,0,2,0,17,2,7,41.65939525,-87.58225805
0,342613,-1,35,1,0,0,1,0,5,-1,0,0,0,0,-1,-1,-1,6,0,1912,-1,-1,-1,-1,-1,-1,2,0,0,0,0,0,2,0,17,2,7,41.96516367,-87.66686105
0,342603,-1,25,2,2,0,1,0,5,2,0,0,0,0,1,-1,-1,0,28,432,-1,-1,-1,-1,-1,-1,2,0,0,0,0,0,5,0,17,2,7,41.70648561,-87.53905984
0,342599,-1,30,0,0,0,1,7,6,1,0,0,0,1,0,-1,-1,0,0,915,-1,-1,-1,-1,-1,-1,4,0,0,0,0,0,1,0,17,2,7,41.83582528,-87.64364034
0,347904,-1,30,1,2,0,1,12,5,3,0,0,0,0,-1,-1,-1,22,22,2213,-1,-1,-1,-1,-1,-1,2,0,0,0,0,0,2,0,17,2,7,41.72110921,-87.66240036
0,346577,-1,30,-1,-1,0,1,12,5,2,2,0,0,0,1,-1,-1,16,18,414,-1,-1,-1,-1,-1,-1,2,0,0,0,0,0,2,0,17,2,7,41.74547502,-87.57602458
0,344295,-1,30,0,0,0,1,10,2,4,0,0,-1,0,-1,-1,-1,0,-1,2023,-1,-1,-1,-1,-1,-1,2,0,0,0,0,0,2,0,17,2,7,41.97654173,-87.65265764
0,342663,-1,30,0,0,0,1,10,5,-1,0,0,0,0,-1,-1,-1,-1,-1,924,-1,-1,-1,-1,-1,-1,2,0,0,0,0,0,2,0,17,2,7,41.81034613,-87.66516559
0,342586,-1,30,0,0,0,1,10,6,1,0,0,0,0,-1,-1,-1,20,-1,512,-1,-1,-1,-1,-1,-1,2,0,0,0,0,0,2,0,17,2,7,41.70002501,-87.61859272
0,342590,-1,30,0,0,0,1,7,6,2,0,0,0,1,1,-1,1,0,-1,323,-1,-1,-1,-1,-1,-1,2,0,0,0,0,0,1,0,17,2,7,41.76405471,-87.60567576
0,343279,-1,30,1,2,0,1,10,6,4,0,0,0,0,-1,-1,-1,18,-1,1831,-1,-1,-1,-1,-1,-1,2,0,0,0,0,0,2,0,17,2,7,41.8922922,-87.63303364
0,342576,-1,10,0,0,0,1,0,7,-1,0,0,0,0,-1,1,-1,0,0,913,-1,-1,-1,-1,-1,-1,2,0,0,0,0,0,2,0,17,2,7,41.83739443,-87.64640771
0,344215,-1,30,2,2,0,1,10,5,-1,0,0,0,0,-1,-1,-1,18,11,2512,-1,-1,-1,-1,-1,-1,2,0,0,0,0,0,2,0,17,2,7,41.93072794,-87.79923217
0,342723,-1,30,1,2,0,1,14,5,2,0,0,0,0,1,-1,-1,22,-1,112,-1,-1,-1,-1,-1,-1,2,0,0,0,0,0,2,0,17,2,7,41.88211763,-87.62767361
0,342686,-1,30,2,2,0,1,0,5,2,0,-1,-1,0,1,-1,-1,17,17,1234,-1,-1,-1,-1,-1,-1,2,0,0,0,0,0,5,0,17,2,7,41.85692162,-87.67122476
0,342647,-1,30,0,0,0,1,7,12,-1,0,-1,-1,0,-1,1,-1,20,11,224,-1,-1,-1,-1,-1,-1,2,0,0,0,0,0,1,0,17,2,7,41.80919351,-87.62297931
0,342602,-1,35,1,2,0,1,10,5,4,0,0,0,0,-1,-1,-1,18,0,2533,-1,-1,-1,-1,-1,-1,3,0,0,0,0,0,3,0,17,2,7,41.91644943,-87.7459347
0,342570,-1,35,0,0,0,1,10,5,4,1,0,0,1,-1,-1,-1,16,0,434,-1,-1,-1,-1,-1,-1,3,0,0,0,0,0,3,0,17,2,7,41.67012164,-87.55940502
0,342659,-1,30,1,2,0,1,10,5,4,0,0,0,0,-1,-1,1,18,-1,1621,-1,-1,-1,-1,-1,-1,2,0,0,0,0,0,2,0,17,2,7,41.97521843,-87.74849221
0,342643,-1,30,0,0,0,1,12,5,-1,0,0,0,0,1,-1,1,0,0,113,-1,-1,-1,-1,-1,-1,2,0,0,0,0,0,2,0,17,2,7,41.87700347,-87.62946881
0,342622,-1,30,0,0,0,1,10,5,-1,0,0,0,0,-1,-1,-1,-1,-1,815,-1,-1,-1,-1,-1,-1,2,0,0,0,0,0,3,0,17,2,7,41.80960858,-87.72379504
0,342584,-1,30,0,0,0,1,12,3,3,0,0,0,0,-1,-1,-1,11,-1,932,-1,-1,-1,-1,-1,-1,2,0,0,0,0,0,2,0,17,2,7,41.7940396,-87.67301862
0,342568,-1,30,0,0,0,1,12,5,2,0,0,0,1,-1,-1,-1,16,0,1024,-1,-1,-1,-1,-1,-1,2,0,0,0,0,0,2,0,17,2,7,41.84453223,-87.71195406
0,342596,-1,45,0,0,0,1,12,5,8,0,-1,-1,0,-1,-1,-1,21,22,1814,-1,-1,-1,-1,-1,-1,4,0,0,0,0,0,4,0,17,2,7,41.91130449,-87.6258786
0,344351,1,30,0,0,0,1,7,6,1,0,0,0,0,-1,-1,-1,0,0,621,-1,-1,-1,-1,-1,-1,2,0,0,0,0,0,1,0,17,2,7,41.75692123,-87.6455615
0,342765,-1,30,0,0,0,1,7,5,1,0,0,0,0,-1,-1,1,0,0,1131,-1,-1,-1,-1,-1,-1,2,0,0,0,0,0,1,0,17,2,7,41.87606447,-87.74278858
0,342638,-1,30,0,0,0,1,10,5,2,0,0,-1,0,-1,-1,-1,0,0,2213,-1,-1,-1,-1,-1,-1,2,0,0,0,0,0,2,0,17,2,7,41.71391485,-87.65807144
0,342531,-1,25,0,0,0,1,0,5,-1,0,0,0,0,-1,-1,-1,17,0,1931,-1,-1,-1,-1,-1,-1,2,0,0,0,0,0,5,0,17,2,7,41.93856475,-87.67722375
0,342672,-1,30,1,-1,0,1,10,2,-1,0,0,0,1,-1,-1,-1,-1,-1,1231,-1,-1,-1,-1,-1,-1,2,0,0,0,0,0,2,0,16,2,7,41.86710548,-87.65674501
0,342958,-1,30,0,0,0,1,10,5,2,0,0,0,1,-1,-1,-1,18,0,1611,-1,-1,-1,-1,-1,-1,2,0,0,0,0,0,2,0,16,2,7,42.01153219,-87.81794927
0,342521,-1,30,1,2,0,1,10,5,-1,0,0,0,0,-1,-1,-1,18,-1,735,-1,-1,-1,-1,-1,-1,2,0,0,0,0,0,2,0,16,2,7,41.76471319,-87.67367849
0,342575,-1,30,2,-1,0,1,10,5,-1,0,0,0,0,-1,-1,-1,18,18,1624,-1,-1,-1,-1,-1,-1,2,0,0,0,0,0,2,0,16,2,7,41.95317381,-87.77642269
0,342565,-1,0,0,0,0,1,14,5,1,0,0,0,0,-1,-1,-1,0,0,234,-1,-1,-1,-1,-1,-1,2,0,0,0,0,0,2,0,16,2,7,41.79741568,-87.58740345
0,342546,-1,30,1,2,0,1,12,3,4,0,0,0,0,0,-1,-1,0,-1,622,-1,-1,-1,-1,-1,-1,2,0,0,0,0,0,3,0,16,2,7,41.73637382,-87.62723157
1,342529,-1,30,1,2,0,1,8,5,4,0,0,0,1,1,-1,-1,11,0,1422,-1,-1,-1,-1,-1,-1,2,1,0,0,0,1,2,0,16,2,7,41.90994334,-87.71194978
0,343878,-1,30,0,0,0,1,10,3,-1,0,0,-1,0,-1,-1,-1,18,17,922,-1,-1,-1,-1,-1,-1,2,0,0,0,0,0,2,0,16,2,7,41.80885448,-87.68458575
2,343868,-1,30,0,0,0,1,8,5,-1,0,-1,-1,1,-1,-1,1,0,-1,922,-1,-1,-1,-1,-1,-1,2,1,0,0,1,0,1,0,16,2,7,41.80832199,-87.6984052
0,342526,0,30,1,2,0,1,10,5,2,0,0,0,0,1,-1,-1,18,16,1412,-1,-1,-1,-1,-1,-1,2,0,0,0,0,0,2,0,16,2,7,41.93492886,-87.71724506
0,342610,-1,30,2,-1,0,1,10,2,2,0,-1,-1,0,1,-1,-1,18,0,1913,-1,-1,-1,-1,-1,-1,2,0,0,0,0,0,2,0,16,2,7,41.96891223,-87.65982335
0,342535,-1,30,1,2,0,1,7,5,2,0,0,0,0,-1,-1,-1,22,22,1914,-1,-1,-1,-1,-1,-1,2,0,0,0,0,0,2,0,16,2,7,41.9655187,-87.6568353
0,342527,-1,0,0,0,0,1,0,7,0,0,0,0,0,-1,1,-1,20,11,813,-1,-1,-1,-1,-1,-1,2,0,0,0,0,0,2,0,16,2,7,41.78953063,-87.72320717
2,344090,-1,30,3,12,0,1,10,2,4,0,0,0,1,0,-1,-1,0,-1,1821,-1,-1,-1,-1,-1,-1,2,1,0,0,1,0,2,0,16,2,7,41.91105263,-87.63294306
0,342528,-1,30,1,2,0,1,10,2,2,0,0,0,0,-1,-1,1,18,16,815,-1,-1,-1,-1,-1,-1,2,0,0,0,0,0,2,0,16,2,7,41.80778877,-87.72373033
0,342520,-1,30,-1,-1,-1,-1,0,5,-1,0,-1,-1,0,-1,-1,-1,17,-1,1924,-1,-1,-1,-1,-1,-1,2,0,0,0,0,0,2,0,16,2,7,41.94190493,-87.64941816
0,342499,-1,30,0,0,0,1,7,12,-1,0,0,0,0,-1,1,-1,11,0,1732,-1,-1,-1,-1,-1,-1,2,0,0,0,0,0,1,0,16,2,7,41.95353736,-87.72769519
0,342564,-1,30,1,2,0,1,10,2,-1,0,0,0,0,-1,-1,-1,20,-1,1113,-1,-1,-1,-1,-1,-1,2,0,0,0,0,0,2,0,16,2,7,41.8803924,-87.74492527
0,342514,-1,30,1,2,0,1,10,5,2,0,0,0,0,-1,-1,-1,16,11,821,-1,-1,-1,-1,-1,-1,2,0,0,0,0,0,2,0,16,2,7,41.80238778,-87.71620175
0,342511,-1,35,1,2,0,1,14,2,2,0,0,0,0,1,-1,-1,17,0,912,-1,-1,-1,-1,-1,-1,2,0,0,0,0,0,2,0,16,2,7,41.8302701,-87.6778656
2,342478,-1,30,0,0,0,1,9,5,2,0,0,0,1,-1,-1,-1,13,21,621,-1,-1,-1,-1,-1,-1,2,1,0,0,1,0,1,0,16,2,7,41.75009618,-87.64417538
0,342466,-1,30,0,0,0,1,14,2,2,0,0,0,0,-1,-1,-1,17,23,1022,-1,-1,-1,-1,-1,-1,2,0,0,0,0,0,2,0,16,2,7,41.85194727,-87.70042754
0,342540,-1,30,1,2,0,1,10,2,4,0,0,0,0,1,-1,-1,18,2,2521,-1,-1,-1,-1,-1,-1,2,0,0,0,0,0,2,0,16,2,7,41.93488553,-87.74658154
0,342536,-1,25,0,0,0,1,14,5,2,0,-1,-1,0,-1,-1,-1,23,23,1221,-1,-1,-1,-1,-1,-1,2,0,0,0,0,0,2,0,16,2,7,41.88990631,-87.67234342
0,348136,-1,30,0,0,0,1,7,7,-1,0,0,0,0,-1,-1,-1,20,-1,1132,-1,-1,-1,-1,-1,-1,2,0,0,0,0,0,5,0,16,2,7,41.87323536,-87.72412004
2,344244,-1,30,0,0,0,1,10,3,3,0,0,0,1,-1,-1,-1,0,-1,934,-1,-1,-1,-1,-1,-1,2,1,0,0,1,0,2,0,16,2,7,41.79414377,-87.66393087
0,343347,-1,25,0,0,0,1,7,5,2,0,0,0,0,-1,-1,1,0,-1,915,-1,-1,-1,-1,-1,-1,2,0,0,0,0,0,1,0,16,2,7,41.82475427,-87.63880295
0,342542,1,30,-1,-1,0,1,7,5,2,0,0,0,1,-1,-1,1,0,0,1111,-1,-1,-1,-1,-1,-1,2,0,0,0,0,0,1,0,16,2,7,41.89619647,-87.7308934
0,342482,-1,30,2,2,0,1,10,5,2,0,0,0,0,-1,-1,-1,16,11,823,-1,-1,-1,-1,-1,-1,2,0,0,0,0,0,2,0,16,2,7,41.77881495,-87.71554951
2,342460,-1,30,1,2,0,1,9,5,-1,0,0,0,1,1,-1,-1,0,-1,2211,-1,-1,-1,-1,-1,-1,2,1,0,0,1,0,1,0,16,2,7,41.69167817,-87.70076887
0,342475,-1,30,1,2,0,1,10,5,-1,0,0,0,0,1,-1,1,18,0,2534,-1,-1,-1,-1,-1,-1,2,0,0,0,0,0,2,0,15,2,7,41.90654743,-87.72656558
0,342490,-1,30,1,2,0,1,12,6,3,2,0,0,0,1,-1,-1,0,0,1232,-1,-1,-1,0,-1,-1,2,0,0,0,0,0,2,0,15,2,7,41.86724826,-87.64532848
2,342480,-1,30,0,0,0,1,12,2,2,0,0,0,1,-1,-1,-1,17,-1,1433,-1,-1,1,-1,-1,-1,3,1,0,0,1,0,1,0,15,2,7,41.90541121,-87.66945824
0,342513,-1,30,0,0,0,1,10,5,2,0,-1,-1,0,-1,-1,-1,18,18,1913,-1,-1,-1,-1,-1,-1,2,0,0,0,0,0,2,0,15,2,7,41.96889481,-87.66105522
0,342447,-1,30,1,2,0,1,14,5,-1,0,0,-1,0,-1,-1,-1,28,28,1621,-1,-1,-1,1,2,-1,2,0,0,0,0,0,2,0,15,2,7,41.99743743,-87.7638592
0,342437,-1,30,1,2,0,1,11,5,-1,0,0,0,0,1,-1,-1,0,0,1214,-1,-1,-1,-1,-1,-1,2,0,0,0,0,0,2,0,15,2,7,41.8911164,-87.64864374
0,342743,-1,30,0,0,0,1,10,12,-1,0,0,0,0,1,-1,1,0,-1,622,-1,-1,-1,-1,-1,-1,2,0,0,0,0,0,2,0,15,2,7,41.73658678,-87.62559934
0,342512,-1,30,0,-1,0,1,10,6,-1,0,0,0,0,-1,-1,1,18,18,1613,-1,-1,-1,-1,-1,-1,2,0,0,0,0,0,2,0,15,2,7,41.98193705,-87.78901719
0,342444,-1,30,1,2,0,1,12,5,-1,0,0,0,0,-1,-1,1,22,-1,321,-1,-1,-1,-1,-1,-1,2,0,0,0,0,0,3,0,15,2,7,41.76643089,-87.60574786
0,342653,-1,30,0,0,0,1,7,5,2,0,0,0,0,-1,-1,-1,-1,-1,114,-1,-1,-1,-1,-1,-1,2,0,0,0,0,0,1,0,15,2,7,41.88693849,-87.62255478
0,342468,-1,30,0,0,0,1,7,3,2,0,0,0,1,-1,-1,-1,11,0,914,-1,-1,-1,-1,-1,-1,2,0,0,0,0,0,5,0,15,2,7,41.85271867,-87.63370802
0,342453,-1,30,1,2,0,1,12,5,-1,0,0,-1,0,1,-1,-1,21,0,623,-1,-1,-1,-1,-1,-1,2,0,0,0,0,0,2,0,15,2,7,41.75102047,-87.61510225
0,342433,-1,30,0,0,0,1,14,5,2,0,0,0,0,-1,-1,-1,0,-1,2432,-1,-1,-1,-1,-1,-1,3,0,0,0,0,0,2,0,15,2,7,42.00240433,-87.67194721
0,344486,-1,30,1,2,0,1,10,5,2,0,0,0,0,-1,-1,-1,18,18,1213,-1,-1,-1,-1,-1,-1,2,0,0,0,0,0,2,0,15,2,7,41.89638915,-87.65456414
0,342722,-1,30,0,0,0,1,7,2,2,0,0,0,0,-1,-1,0,0,0,832,-1,-1,-1,-1,-1,-1,2,0,0,0,0,0,1,0,15,2,7,41.76483616,-87.68144179
0,342633,-1,30,-1,-1,0,1,12,5,-1,0,0,0,0,-1,-1,-1,0,0,1232,-1,1,-1,-1,-1,-1,2,0,0,0,0,0,2,0,15,2,7,41.86544307,-87.64520381
0,342574,-1,30,0,0,0,1,7,7,0,0,0,0,0,-1,1,-1,20,11,821,-1,-1,-1,-1,-1,-1,2,0,0,0,0,0,1,0,15,2,7,41.80482993,-87.71956698
0,342484,-1,30,0,-1,0,1,10,7,-1,0,0,0,0,-1,-1,-1,18,14,524,-1,1,-1,-1,-1,-1,2,0,0,0,0,0,2,0,15,2,7,41.67776039,-87.65366214
0,342459,-1,30,2,2,0,1,10,5,2,0,0,0,0,1,-1,-1,18,-1,1214,-1,-1,-1,-1,-1,-1,2,0,0,0,0,0,2,0,15,2,7,41.8912077,-87.64893961
2,342383,-1,30,0,0,0,1,0,2,4,0,0,0,1,0,-1,-1,22,17,815,-1,-1,-1,-1,-1,-1,2,1,0,0,1,0,1,0,15,2,7,41.80981121,-87.72371586
0,343991,-1,30,1,2,0,1,10,5,2,0,0,0,0,1,-1,-1,0,0,332,-1,-1,-1,-1,-1,-1,2,0,0,0,0,0,2,0,15,2,7,41.77153538,-87.57659198
0,342436,-1,30,0,0,0,1,7,5,2,0,0,0,1,1,-1,-1,32,9,1423,-1,-1,-1,-1,-1,-1,2,0,0,0,0,0,1,0,15,2,7,41.90733896,-87.70678363
0,342367,-1,30,1,2,0,1,0,5,2,0,0,0,1,1,-1,-1,6,-1,424,-1,-1,-1,-1,-1,-1,2,0,0,0,0,0,3,0,15,2,7,41.72837225,-87.55014398
0,342384,-1,30,1,2,0,1,0,1,2,0,0,0,1,1,-1,-1,33,0,821,-1,-1,-1,-1,-1,-1,2,0,0,0,0,0,3,0,15,2,7,41.81818676,-87.7237971
0,345163,1,30,0,0,-1,-1,7,5,-1,0,-1,0,0,-1,-1,1,0,0,424,-1,-1,-1,-1,-1,-1,3,0,0,0,0,0,1,0,15,2,7,41.73755557,-87.54642481
0,343666,-1,30,0,0,0,1,12,8,2,0,0,0,0,-1,-1,-1,22,17,1834,-1,-1,-1,-1,-1,-1,2,0,0,0,0,0,2,0,15,2,7,41.8941336,-87.61817915
0,342718,-1,30,0,0,0,1,7,2,2,0,0,0,0,-1,-1,-1,0,-1,221,-1,-1,-1,-1,-1,-1,2,0,0,0,0,0,1,0,15,2,7,41.81487445,-87.60846411
0,342587,-1,30,2,0,0,1,10,5,-1,0,-1,-1,0,-1,-1,-1,18,0,531,-1,-1,-1,-1,-1,-1,3,0,0,0,0,0,3,0,15,2,7,41.68559378,-87.60677092
0,342467,-1,30,0,0,0,1,14,5,2,0,0,0,0,1,-1,-1,0,0,1532,-1,-1,-1,-1,-1,-1,2,0,0,0,0,0,2,0,14,2,7,41.88928966,-87.75524749
0,342354,-1,30,0,0,0,1,12,3,6,0,0,0,0,-1,-1,-1,22,0,2232,-1,-1,-1,-1,-1,-1,2,0,0,0,0,0,4,0,14,2,7,41.71411887,-87.64314541
0,342337,-1,30,0,0,0,1,7,6,-1,0,0,0,0,-1,-1,1,0,-1,1831,-1,-1,-1,-1,-1,-1,2,0,0,0,0,0,1,0,14,2,7,41.89466267,-87.63558372
0,342335,-1,10,0,0,0,1,7,12,-1,0,0,0,0,-1,-1,-1,20,-1,131,-1,-1,-1,-1,-1,-1,2,0,0,0,0,0,1,0,14,2,7,41.86683145,-87.62566961
0,343953,-1,30,0,0,0,1,14,5,2,0,0,-1,0,-1,-1,-1,23,-1,1532,-1,-1,-1,-1,-1,-1,2,0,0,0,0,0,2,0,14,2,7,41.88928966,-87.75524749
0,342379,-1,15,0,0,0,1,11,7,25,0,0,-1,0,-1,1,-1,0,0,735,-1,-1,-1,-1,-1,-1,2,0,0,0,0,0,2,0,14,2,7,41.76579077,-87.66396689
0,342362,-1,30,1,2,0,1,14,6,4,0,0,0,1,-1,-1,-1,0,0,1832,-1,-1,-1,-1,-1,-1,2,0,0,0,0,0,2,0,14,2,7,41.89329935,-87.63403946
0,348496,-1,30,0,0,0,1,5,-1,-1,0,0,0,0,-1,-1,-1,-1,-1,2221,-1,-1,-1,-1,-1,-1,1,0,0,0,0,0,1,0,14,2,7,41.73497193,-87.66926972
0,343360,-1,30,1,2,0,1,10,5,-1,0,0,0,0,-1,-1,-1,18,0,2211,-1,-1,-1,-1,-1,-1,2,0,0,0,0,0,2,0,14,2,7,41.69140014,-87.71907624
0,342364,-1,30,1,2,0,1,7,5,-1,0,0,0,0,-1,-1,-1,17,-1,914,-1,-1,-1,-1,-1,-1,2,0,0,0,0,0,1,0,14,2,7,41.85104421,-87.63481977
0,342358,1,30,0,0,0,1,14,5,2,0,0,0,0,-1,-1,-1,18,11,2525,-1,-1,-1,-1,-1,-1,3,0,0,0,0,0,3,0,14,2,7,41.91726223,-87.72763137
0,342347,-1,30,0,0,0,1,12,6,-1,0,0,0,0,-1,-1,-1,17,0,1032,-1,-1,-1,-1,-1,-1,2,0,0,0,0,0,2,0,14,2,7,41.84252929,-87.71000666
0,342333,-1,30,1,2,0,1,12,5,-1,0,0,0,0,-1,-1,-1,0,0,132,-1,-1,-1,-1,-1,-1,2,0,0,0,0,0,2,0,14,2,7,41.86723871,-87.61935216
3,342320,-1,35,1,2,0,1,10,2,4,0,0,0,1,-1,-1,-1,16,18,2533,-1,-1,-1,-1,-1,-1,3,2,0,2,0,0,1,0,14,2,7,41.90939086,-87.75584752
0,342305,-1,45,1,2,0,1,12,5,1,0,0,0,0,1,-1,-1,22,22,511,-1,-1,-1,-1,-1,-1,2,0,0,0,0,0,2,0,14,2,7,41.71397662,-87.62834094
0,342295,-1,40,0,0,0,2,10,3,11,4,0,1,1,-1,-1,-1,28,29,114,-1,-1,-1,-1,-1,-1,2,0,0,0,0,0,2,0,14,2,7,41.88614049,-87.61427411
0,343795,-1,30,1,2,0,1,14,2,-1,0,0,0,0,1,-1,-1,17,16,1232,-1,-1,-1,-1,-1,-1,2,0,0,0,0,0,2,0,14,2,7,41.86711966,-87.6452815
0,342373,-1,30,0,0,0,1,0,2,-1,0,0,0,0,-1,-1,-1,17,-1,1121,-1,-1,-1,-1,-1,-1,4,0,0,0,0,0,3,0,14,2,7,41.89626365,-87.709784
0,342661,-1,30,0,0,0,1,7,12,-1,0,0,0,0,-1,-1,1,0,-1,313,-1,-1,-1,-1,-1,-1,2,0,0,0,0,0,1,0,14,2,7,41.78071009,-87.60705018
0,342623,-1,35,4,0,0,1,12,3,-1,0,0,-1,0,-1,-1,-1,32,25,333,-1,-1,-1,-1,-1,-1,2,0,0,0,0,0,2,0,14,2,7,41.76606401,-87.57273841
0,342377,-1,30,0,0,0,1,12,2,-1,0,0,0,0,-1,-1,-1,17,16,114,-1,-1,-1,-1,-1,-1,2,0,0,0,0,0,2,0,14,2,7,41.88094127,-87.62064844
0,342376,-1,20,0,0,0,1,14,6,1,0,0,0,0,-1,-1,-1,20,20,2432,-1,-1,-1,-1,-1,-1,2,0,0,0,0,0,2,0,14,2,7,42.00438291,-87.66346831
0,342327,-1,20,0,0,0,1,12,2,2,0,0,12,0,-1,-1,-1,-1,-1,2024,-1,-1,-1,-1,-1,-1,2,0,0,0,0,0,2,0,14,2,7,41.97633013,-87.65216776
2,342266,-1,30,1,2,0,1,9,5,2,0,0,0,1,-1,-1,-1,23,17,1722,-1,-1,-1,-1,-1,-1,2,1,0,0,1,0,1,0,14,2,7,41.96068491,-87.74738425
0,342366,-1,30,1,2,0,1,14,2,4,0,0,0,1,1,-1,-1,0,0,1633,-1,-1,-1,-1,-1,-1,2,0,0,0,0,0,2,0,14,2,7,41.95301194,-87.776626
0,342314,1,30,0,0,0,1,7,5,-1,0,0,0,0,-1,-1,1,-1,-1,912,-1,-1,-1,-1,-1,-1,2,0,0,0,0,0,1,0,14,2,7,41.82338754,-87.67259368
0,342827,-1,35,1,2,0,1,12,5,-1,0,0,0,0,-1,-1,-1,21,0,2533,-1,-1,-1,-1,-1,-1,2,0,0,0,0,0,2,0,14,2,7,41.90236016,-87.75571651
0,342498,-1,30,0,0,0,1,0,5,2,0,0,0,0,-1,-1,-1,20,11,811,-1,-1,-1,-1,-1,-1,2,0,0,0,0,0,2,0,14,2,7,41.79217142,-87.79652511
0,342412,-1,20,0,0,0,1,7,7,-1,0,0,0,0,-1,1,1,11,-1,1413,-1,-1,-1,-1,-1,-1,2,0,0,0,0,0,1,0,14,2,7,41.91740411,-87.7156725
0,342357,-1,45,0,0,0,1,10,3,4,0,0,0,0,-1,-1,-1,15,-1,132,-1,-1,-1,-1,-1,-1,2,0,0,0,0,0,3,0,14,2,7,41.8614356,-87.61822664
0,342308,-1,30,1,2,0,1,10,2,4,0,-1,-1,0,1,-1,-1,7,20,1234,-1,-1,-1,-1,-1,-1,2,0,0,0,0,0,2,0,14,2,7,41.85396282,-87.67603993
0,342306,-1,30,0,0,0,1,7,5,1,0,0,0,0,-1,-1,-1,0,0,123,-1,-1,-1,-1,-1,-1,2,0,0,0,0,0,2,0,14,2,7,41.87279887,-87.62433781
0,342292,-1,30,0,0,0,1,12,3,4,0,0,0,0,-1,-1,1,21,11,824,-1,-1,-1,-1,-1,-1,2,0,0,0,0,0,2,0,14,2,7,41.79337055,-87.68417538
0,342252,-1,35,0,0,0,1,10,5,2,0,0,0,0,-1,-1,1,0,-1,432,-1,-1,-1,-1,-1,-1,2,0,0,0,0,0,2,0,14,2,7,41.70266254,-87.54024419
1,342261,-1,30,1,2,0,1,10,2,-1,0,0,0,1,-1,-1,-1,18,18,723,-1,-1,-1,-1,-1,-1,2,1,0,0,0,1,2,0,13,2,7,41.77609576,-87.64489095
0,342249,-1,25,0,0,0,1,7,6,-1,0,0,0,0,-1,-1,-1,0,0,2432,-1,-1,-1,-1,-1,-1,2,0,0,0,0,0,1,0,13,2,7,42.00269555,-87.67360034
0,342341,-1,30,0,1,0,1,7,5,1,0,0,0,0,-1,-1,-1,0,-1,1411,-1,-1,-1,-1,-1,-1,2,0,0,0,0,0,1,0,13,2,7,41.93228171,-87.70022637
0,342338,-1,25,0,0,0,1,7,5,2,0,0,1,0,-1,-1,-1,0,0,2432,-1,-1,-1,-1,-1,-1,2,0,0,0,0,0,1,0,13,2,7,42.00522675,-87.67282051