MOST_SEVERE_INJURY,RD_NO,CRASH_DATE_EST_I,POSTED_SPEED_LIMIT,TRAFFIC_CONTROL_DEVICE,DEVICE_CONDITION,WEATHER_CONDITION,LIGHTING_CONDITION,FIRST_CRASH_TYPE,TRAFFICWAY_TYPE,LANE_CNT,ALIGNMENT,ROADWAY_SURFACE_COND,ROAD_DEFECT,CRASH_TYPE,INTERSECTION_RELATED_I,NOT_RIGHT_OF_WAY_I,HIT_AND_RUN_I,PRIM_CONTRIBUTORY_CAUSE,SEC_CONTRIBUTORY_CAUSE,BEAT_OF_OCCURRENCE,PHOTOS_TAKEN_I,STATEMENTS_TAKEN_I,DOORING_I,WORK_ZONE_I,WORK_ZONE_TYPE,WORKERS_PRESENT_I,NUM_UNITS,INJURIES_TOTAL,INJURIES_FATAL,INJURIES_INCAPACITATING,INJURIES_NON_INCAPACITATING,INJURIES_REPORTED_NOT_EVIDENT,INJURIES_NO_INDICATION,INJURIES_UNKNOWN,CRASH_HOUR,CRASH_DAY_OF_WEEK,CRASH_MONTH,LATITUDE,LONGITUDE
0,342334,-1,30,0,0,0,1,0,2,2,0,0,0,0,-1,-1,-1,17,-1,1915,-1,-1,-1,-1,-1,-1,2,0,0,0,0,0,2,0,13,2,7,41.95585661,-87.64573685
0,342254,-1,35,1,2,0,1,14,1,2,0,0,0,0,1,-1,-1,6,6,834,-1,-1,-1,-1,-1,-1,2,0,0,0,0,0,2,0,13,2,7,41.74203635,-87.74098301
0,342230,-1,30,1,2,0,1,10,5,4,0,0,0,0,-1,-1,-1,18,0,2221,-1,-1,-1,-1,-1,-1,2,0,0,0,0,0,3,0,13,2,7,41.72104844,-87.68191959
0,344370,-1,30,1,2,0,1,10,5,2,0,0,0,0,-1,-1,-1,16,11,1522,-1,-1,-1,-1,-1,-1,2,0,0,0,0,0,2,0,13,2,7,41.88034658,-87.76471758
0,342768,-1,30,-1,-1,0,1,0,5,-1,0,0,-1,0,-1,-1,-1,18,-1,2512,-1,-1,-1,-1,-1,-1,2,0,0,0,0,0,2,0,13,2,7,41.92941889,-87.77596661
0,342344,-1,10,0,0,0,1,11,7,-1,0,0,0,0,-1,1,-1,0,-1,1621,-1,-1,-1,-1,-1,-1,2,0,0,0,0,0,3,0,13,2,7,41.97959355,-87.75858927
0,342235,-1,30,0,0,0,1,7,6,-1,0,0,0,0,-1,-1,-1,0,0,1533,-1,-1,-1,-1,-1,-1,2,0,0,0,0,0,1,0,13,2,7,41.87593873,-87.74915359
0,342216,-1,35,2,2,0,1,14,2,-1,0,0,0,0,-1,-1,-1,0,0,813,-1,-1,-1,-1,-1,-1,2,0,0,0,0,0,3,0,13,2,7,41.77863986,-87.73368628
2,342190,-1,30,0,0,0,1,8,5,2,0,0,0,1,1,1,-1,16,-1,1722,-1,-1,-1,-1,-1,-1,2,1,0,0,1,0,1,0,13,2,7,41.96246974,-87.73215028
0,342238,-1,25,1,2,0,1,14,5,2,0,0,-1,0,-1,-1,-1,0,-1,2413,-1,-1,-1,-1,-1,-1,2,0,0,0,0,0,2,0,13,2,7,41.99389129,-87.69936584
0,342220,-1,30,12,2,0,1,7,5,2,0,0,0,0,-1,-1,-1,20,34,2211,-1,1,-1,-1,-1,-1,2,0,0,0,0,0,2,0,13,2,7,41.69574845,-87.70577384
0,342192,-1,0,0,12,0,1,7,12,1,4,-1,-1,0,-1,-1,-1,20,-1,1513,-1,-1,-1,-1,-1,-1,2,0,0,0,0,0,3,0,13,2,7,41.87034652,-87.77412878
0,342332,-1,30,1,2,0,1,10,5,-1,0,0,0,0,-1,-1,-1,0,-1,1413,-1,-1,-1,-1,-1,-1,2,0,0,0,0,0,4,0,13,2,7,41.92455954,-87.71684598
0,342278,-1,30,0,0,0,1,12,5,-1,0,0,0,0,-1,-1,-1,-1,-1,824,-1,-1,-1,-1,-1,-1,2,0,0,0,0,0,3,0,13,2,7,41.79337055,-87.68417538
0,342189,-1,30,0,0,0,1,10,3,-1,0,0,0,0,-1,-1,-1,11,11,2012,-1,-1,-1,-1,-1,-1,2,0,0,0,0,0,2,0,13,2,7,41.99043125,-87.6872643
0,342183,-1,35,1,2,0,1,14,3,5,0,0,0,0,1,-1,-1,0,22,234,-1,-1,-1,-1,-1,-1,2,0,0,0,0,0,6,0,13,2,7,41.79948383,-87.58744204
0,344916,-1,30,0,0,0,1,7,5,2,0,0,-1,0,-1,-1,1,0,-1,1024,-1,-1,-1,-1,-1,-1,2,0,0,0,0,0,1,0,13,2,7,41.84782272,-87.70528666
0,342926,1,30,0,0,0,3,7,5,-1,0,0,0,0,-1,-1,1,0,-1,1713,-1,-1,-1,-1,-1,-1,2,0,0,0,0,0,1,0,13,2,7,41.96650755,-87.70119308
0,342476,-1,30,0,0,0,1,10,5,-1,0,0,0,0,-1,-1,-1,-1,-1,833,-1,-1,-1,-1,-1,-1,2,0,0,0,0,0,3,0,13,2,7,41.758728,-87.74153566
0,342439,-1,30,1,2,0,1,12,2,4,0,0,0,0,1,-1,1,22,0,1221,-1,-1,-1,-1,-1,-1,2,0,0,0,0,0,2,0,13,2,7,41.88946115,-87.6859537
0,342393,-1,30,0,0,0,1,14,5,4,0,0,0,0,-1,-1,-1,-1,-1,312,-1,-1,-1,-1,-1,-1,2,0,0,0,0,0,2,0,13,2,7,41.77850179,-87.60603509
0,343652,-1,35,1,2,0,1,10,5,-1,0,0,0,0,1,-1,-1,0,-1,822,-1,-1,-1,-1,-1,-1,2,0,0,0,0,0,4,0,12,2,7,41.79529335,-87.70375827
0,342269,-1,30,1,2,0,1,0,5,0,0,0,0,0,1,-1,-1,0,0,114,-1,-1,-1,-1,-1,-1,2,0,0,0,0,0,2,0,12,2,7,41.88808207,-87.62050117
0,342281,-1,30,1,2,0,1,12,6,-1,0,0,0,0,1,-1,-1,17,16,122,-1,-1,-1,-1,-1,-1,2,0,0,0,0,0,2,0,12,2,7,41.88331934,-87.63378651
0,342246,-1,15,0,0,0,1,0,7,1,0,0,2,0,-1,1,-1,0,0,213,-1,-1,-1,-1,-1,-1,2,0,0,0,0,0,2,0,12,2,7,41.83070169,-87.62339535
0,342256,-1,0,0,0,0,1,7,7,-1,0,0,0,0,-1,-1,-1,0,0,1532,-1,-1,-1,-1,-1,-1,2,0,0,0,0,0,2,0,12,2,7,41.88707333,-87.75507677
0,344830,-1,30,1,2,0,1,14,2,-1,0,0,0,0,-1,-1,1,23,-1,923,-1,-1,-1,-1,-1,-1,2,0,0,0,0,0,2,0,12,2,7,41.79517044,-87.68421944
0,342732,-1,30,0,0,0,1,12,6,-1,0,0,0,0,-1,-1,-1,17,16,122,-1,-1,-1,-1,-1,-1,2,0,0,0,0,0,2,0,12,2,7,41.88331789,-87.63329669
0,342210,-1,30,1,2,0,1,12,6,-1,0,0,0,0,-1,-1,-1,0,0,122,-1,-1,-1,-1,-1,-1,2,0,0,0,0,0,2,0,12,2,7,41.88204264,-87.63538668
0,342185,-1,30,-1,-1,0,1,5,5,-1,0,0,-1,0,-1,-1,-1,0,-1,1212,-1,-1,-1,-1,-1,-1,1,0,0,0,0,0,1,0,12,2,7,41.89622338,-87.67233222
0,342130,-1,30,1,0,0,1,10,5,4,0,0,0,0,1,-1,-1,7,-1,1632,-1,-1,-1,-1,-1,-1,2,0,0,0,0,0,4,0,12,2,7,41.95269831,-87.8071193
0,342118,-1,25,0,0,0,1,2,6,1,0,0,0,0,-1,-1,-1,20,0,2511,-1,-1,-1,-1,-1,-1,1,0,0,0,0,0,2,0,12,2,7,41.93491495,-87.79050561
0,342812,-1,30,0,0,0,1,7,5,-1,0,0,0,0,-1,-1,-1,0,0,2031,-1,-1,-1,-1,-1,-1,2,0,0,0,0,0,1,0,12,2,7,41.97203646,-87.70217336
0,342154,-1,30,0,0,0,1,10,2,-1,0,0,0,1,-1,-1,-1,18,-1,831,-1,1,-1,-1,-1,-1,2,0,0,0,0,0,3,0,12,2,7,41.76471853,-87.68865923
0,342140,-1,30,0,0,0,1,12,2,2,0,0,0,0,-1,-1,-1,22,21,1624,-1,-1,-1,-1,-1,-1,2,0,0,0,0,0,3,0,12,2,7,41.95310778,-87.78038512
0,342136,-1,30,0,0,0,1,7,6,1,0,0,0,0,-1,-1,-1,0,0,1924,-1,-1,-1,-1,-1,-1,2,0,0,0,0,0,1,0,12,2,7,41.94280751,-87.65021817
0,342111,-1,40,0,-1,0,1,12,3,4,0,0,0,0,-1,-1,1,21,16,114,-1,-1,-1,-1,-1,-1,2,0,0,0,0,0,2,0,12,2,7,41.88434876,-87.61454978
0,352099,-1,30,1,2,0,1,10,5,2,0,0,0,0,1,-1,-1,18,-1,1033,-1,-1,-1,-1,-1,-1,2,0,0,0,0,0,2,0,12,2,7,41.84426613,-87.69535003
0,342901,-1,30,1,2,0,1,14,12,7,0,0,12,0,1,-1,-1,18,15,132,-1,-1,-1,-1,-1,-1,2,0,0,0,0,0,2,0,12,2,7,41.86738791,-87.62049103
0,342678,-1,30,2,2,0,1,12,5,-1,0,0,0,0,1,-1,1,0,0,1833,-1,-1,-1,-1,-1,-1,2,0,0,0,0,0,2,0,12,2,7,41.89905444,-87.62691643
0,342168,-1,30,0,0,0,1,10,6,-1,0,0,0,0,-1,-1,-1,18,-1,112,-1,-1,-1,-1,-1,-1,2,0,0,0,0,0,2,0,12,2,7,41.88192555,-87.62786664
0,342152,-1,30,1,2,0,1,7,5,-1,0,0,0,0,-1,-1,1,-1,-1,2413,-1,-1,-1,-1,-1,-1,2,0,0,0,0,0,1,0,12,2,7,41.99663483,-87.69975277
0,342122,-1,30,0,0,0,1,10,3,4,0,0,0,0,-1,-1,1,18,18,111,-1,-1,-1,-1,-1,-1,2,0,0,0,0,0,2,0,12,2,7,41.88791482,-87.62470722
0,342096,-1,10,12,12,0,1,12,7,0,0,0,0,0,-1,-1,-1,11,-1,924,-1,-1,-1,-1,-1,-1,2,0,0,0,0,0,2,0,12,2,7,41.81768373,-87.6650402
0,342081,-1,30,0,0,0,-1,7,5,2,0,0,0,0,-1,-1,1,0,0,1925,-1,-1,-1,-1,-1,-1,2,0,0,0,0,0,1,0,12,2,7,41.94610561,-87.646677
2,342104,-1,30,1,2,0,1,9,5,2,2,0,-1,1,0,-1,1,-1,-1,913,-1,-1,-1,-1,-1,-1,2,2,0,0,2,0,0,0,11,2,7,41.84196243,-87.65776946
1,342095,-1,30,1,2,0,1,14,12,-1,0,0,0,1,1,-1,-1,0,0,925,-1,-1,-1,-1,-1,-1,2,3,0,0,0,3,3,0,11,2,7,41.80918541,-87.63342744
3,345577,-1,15,0,0,0,1,9,7,-1,0,0,0,1,-1,-1,0,0,0,513,-1,-1,-1,-1,-1,-1,2,1,0,1,0,0,1,0,11,2,7,41.69631368,-87.59663224
0,342470,-1,5,0,0,0,1,7,7,1,0,0,0,0,-1,1,-1,0,-1,1823,-1,-1,-1,-1,-1,-1,2,0,0,0,0,0,1,0,11,2,7,41.89972263,-87.63446745
0,342093,-1,10,0,-1,0,1,7,7,-1,0,0,0,0,-1,-1,1,0,-1,1233,-1,-1,-1,-1,-1,-1,2,0,0,0,0,0,1,0,11,2,7,41.86625418,-87.66652414
0,15341101,-1,30,0,0,0,1,2,5,2,0,0,0,1,-1,-1,-1,18,-1,1434,-1,-1,-1,-1,-1,-1,1,0,0,0,0,0,2,0,11,2,7,41.91648816,-87.67773649
0,342076,-1,30,0,0,0,1,14,5,2,0,0,-1,0,-1,-1,1,0,0,914,-1,-1,-1,-1,-1,-1,2,0,0,0,0,0,2,0,11,2,7,41.83887233,-87.64615097
0,342085,-1,35,1,5,0,1,12,1,2,0,0,0,0,-1,-1,1,0,0,1814,-1,-1,-1,-1,-1,-1,2,0,0,0,0,0,2,0,11,2,7,41.91125705,-87.63185167
0,342082,-1,30,1,2,0,1,14,5,2,0,0,0,0,1,-1,-1,23,17,1412,-1,-1,-1,-1,-1,-1,2,0,0,0,0,0,4,0,11,2,7,41.93507028,-87.71701246
0,342080,-1,30,1,2,0,1,12,2,0,0,0,0,0,1,-1,-1,0,-1,131,-1,-1,-1,-1,-1,-1,2,0,0,0,0,0,2,0,11,2,7,41.85299122,-87.62938693
0,342055,-1,25,1,2,0,1,0,12,-1,0,0,0,1,1,-1,-1,0,-1,2413,-1,-1,-1,-1,-1,-1,2,0,0,0,0,0,3,0,11,2,7,41.99406469,-87.69966621
0,342053,-1,30,1,-1,0,1,10,5,2,0,0,0,1,-1,-1,-1,16,0,1621,-1,-1,-1,-1,-1,-1,3,0,0,0,0,0,4,0,11,2,7,42.01183072,-87.77344521
0,342134,-1,25,2,2,0,1,14,5,2,0,0,0,1,1,-1,-1,23,0,1822,-1,-1,-1,-1,-1,-1,2,0,0,0,0,0,2,0,11,2,7,41.90861973,-87.64929457
0,342102,-1,30,1,2,0,1,14,6,2,0,0,0,0,-1,-1,-1,23,-1,1834,-1,-1,-1,-1,-1,-1,2,0,0,0,0,0,2,0,11,2,7,41.89408538,-87.62040431
0,342071,-1,30,-1,-1,0,1,7,5,2,0,0,-1,0,-1,-1,1,0,-1,1523,-1,-1,-1,-1,-1,-1,2,0,0,0,0,0,1,0,11,2,7,41.88940915,-87.76467774
0,342014,-1,30,1,2,0,1,0,6,2,0,0,0,0,1,-1,-1,0,-1,225,-1,-1,-1,-1,-1,-1,2,0,0,0,0,0,5,0,11,2,7,41.79101753,-87.63041949
0,342617,-1,30,1,2,0,1,14,5,2,0,0,0,0,1,-1,-1,0,-1,1834,-1,-1,-1,-1,-1,-1,2,0,0,0,0,0,2,0,11,2,7,41.89415887,-87.62043846
1,342067,-1,0,1,2,0,1,10,3,2,0,0,0,1,-1,-1,-1,0,-1,334,-1,-1,-1,-1,-1,-1,2,1,0,0,0,1,1,0,11,2,7,41.76603318,-87.56611646
0,342018,-1,30,2,2,0,1,12,5,2,0,0,12,0,-1,-1,-1,0,-1,811,-1,-1,-1,1,0,1,2,0,0,0,0,0,2,0,11,2,7,41.79603372,-87.79040068
0,342107,-1,30,1,-1,0,1,12,5,3,0,0,-1,0,1,-1,1,22,21,2031,-1,-1,-1,-1,-1,-1,2,0,0,0,0,0,2,0,11,2,7,41.96872348,-87.68912571
0,342441,-1,30,0,0,0,1,12,5,2,0,-1,-1,0,-1,-1,-1,0,0,1814,-1,-1,-1,-1,-1,-1,2,0,0,0,0,0,2,0,11,2,7,41.9113056,-87.62620943
0,342325,-1,30,1,2,0,1,10,3,2,0,0,0,0,1,-1,-1,16,-1,424,-1,-1,-1,-1,-1,-1,2,0,0,0,0,0,2,0,11,2,7,41.73732631,-87.54044816
0,342151,1,10,0,0,-1,-1,7,7,-1,0,-1,-1,0,-1,-1,1,0,0,1931,-1,-1,-1,-1,-1,-1,2,0,0,0,0,0,1,0,11,2,7,41.93102101,-87.67686402
0,342045,-1,25,0,0,0,1,7,6,1,0,0,0,0,-1,-1,-1,11,7,1623,-1,-1,-1,-1,-1,-1,3,0,0,0,0,0,1,0,11,2,7,41.96564547,-87.7646821
0,341989,-1,30,0,0,0,1,10,5,2,0,1,0,1,-1,-1,-1,18,-1,1722,-1,-1,-1,-1,-1,-1,3,0,0,0,0,0,6,0,11,2,7,41.9583194,-87.72789931
0,341983,-1,20,0,2,0,1,2,6,2,0,0,0,0,-1,0,-1,20,11,1834,-1,-1,-1,-1,-1,-1,1,0,0,0,0,0,1,0,11,2,7,41.89483759,-87.6237907
0,342087,-1,0,1,2,0,1,10,5,-1,0,0,0,0,-1,-1,1,30,18,1434,-1,-1,-1,-1,-1,-1,2,0,0,0,0,0,2,0,10,2,7,41.91745286,-87.68892061
0,351811,-1,30,2,2,0,1,0,2,-1,0,0,0,1,1,-1,-1,17,-1,1711,-1,-1,-1,-1,-1,-1,2,0,0,0,0,0,3,0,10,2,7,41.99038837,-87.71758388
2,342058,-1,0,0,0,0,1,14,2,4,0,0,0,1,-1,-1,-1,17,-1,2525,-1,-1,-1,-1,-1,-1,2,1,0,0,1,0,3,0,10,2,7,41.92434753,-87.72927975
0,342010,-1,0,0,0,0,1,14,5,-1,0,0,0,0,-1,-1,-1,23,11,914,-1,-1,-1,-1,-1,-1,2,0,0,0,0,0,2,0,10,2,7,41.84113744,-87.63023597
0,341992,-1,30,0,0,0,1,14,5,4,0,0,0,1,-1,-1,-1,17,-1,431,-1,-1,-1,-1,-1,-1,2,0,0,0,0,0,2,0,10,2,7,41.72246106,-87.5671459
2,341936,-1,30,1,2,0,1,9,2,2,0,0,0,1,1,-1,-1,17,-1,1231,-1,-1,-1,-1,-1,-1,2,1,0,0,1,0,2,0,10,2,7,41.87422869,-87.67162468
0,342020,-1,30,0,0,0,1,10,5,2,0,0,0,0,1,-1,-1,20,-1,1023,-1,-1,-1,-1,-1,-1,2,0,0,0,0,0,2,0,10,2,7,41.86297287,-87.69071845
0,343392,-1,30,0,0,0,1,7,0,1,0,0,0,0,-1,-1,1,0,0,1723,-1,-1,-1,-1,-1,-1,2,0,0,0,0,0,1,0,10,2,7,41.9658763,-87.71803056
0,343259,-1,30,0,0,0,1,0,7,-1,0,0,0,0,-1,1,-1,20,-1,911,-1,-1,-1,-1,-1,-1,2,0,0,0,0,0,2,0,10,2,7,41.82296922,-87.690734
0,342162,-1,30,0,0,0,1,7,0,-1,0,0,0,0,-1,-1,0,0,0,432,-1,-1,-1,-1,-1,-1,2,0,0,0,0,0,1,0,10,2,7,41.70238515,-87.52909613
-1,341940,-1,30,0,0,0,1,10,7,-1,0,0,0,0,-1,1,-1,20,-1,1713,-1,-1,-1,-1,-1,-1,-1,-1,-1,-1,-1,-1,-1,-1,10,2,7,41.96857277,-87.7077877
0,341973,-1,30,0,0,0,1,12,2,-1,0,0,0,0,-1,-1,1,0,0,1422,-1,-1,-1,-1,-1,-1,2,0,0,0,0,0,3,0,9,2,7,41.91381278,-87.71003857
0,341892,-1,30,0,0,0,1,7,3,4,0,0,0,0,-1,-1,-1,0,0,1224,-1,1,-1,-1,-1,-1,2,0,0,0,0,0,1,0,9,2,7,41.88432334,-87.66703836
3,341869,-1,30,1,2,0,1,14,2,2,0,0,0,1,1,-1,-1,17,23,1013,-1,-1,-1,-1,-1,-1,2,2,0,1,0,1,0,0,9,2,7,41.84777752,-87.73450597
0,341854,-1,25,2,2,0,1,0,5,2,0,0,0,0,1,-1,-1,17,0,1232,-1,-1,-1,-1,-1,-1,2,0,0,0,0,0,2,0,9,2,7,41.86171825,-87.65641287
0,341971,-1,30,0,0,0,1,10,5,1,0,0,0,0,-1,-1,-1,20,20,1511,-1,-1,-1,-1,-1,-1,2,0,0,0,0,0,6,0,9,2,7,41.89548799,-87.76678039
0,341882,-1,30,1,2,0,1,0,12,4,0,0,0,1,1,-1,-1,12,-1,225,-1,-1,-1,-1,-1,-1,2,0,0,0,0,0,2,0,9,2,7,41.79477298,-87.62417243
0,341928,-1,30,2,0,0,1,14,2,4,0,0,0,0,-1,-1,-1,17,-1,1431,-1,-1,-1,-1,-1,-1,2,0,0,0,0,0,2,0,9,2,7,41.92454677,-87.68777736
2,341836,-1,30,0,0,0,1,8,5,2,0,0,0,1,-1,-1,-1,0,0,2512,-1,-1,-1,-1,-1,-1,2,1,0,0,1,0,1,0,9,2,7,41.91823036,-87.79522342
0,341821,-1,30,0,0,0,1,7,5,2,0,0,0,0,-1,-1,-1,28,28,1622,-1,-1,-1,-1,-1,-1,2,0,0,0,0,0,1,0,9,2,7,41.97979652,-87.78103883
2,341841,-1,35,0,0,0,1,12,2,-1,0,0,0,1,-1,-1,-1,17,-1,834,-1,1,-1,-1,-1,-1,2,1,0,0,1,0,1,0,9,2,7,41.74121818,-87.7217941
0,346217,-1,15,0,0,0,1,7,8,-1,0,0,0,0,-1,-1,-1,0,-1,1724,-1,-1,-1,-1,-1,-1,2,0,0,0,0,0,1,0,9,2,7,41.96219605,-87.70690949
0,342907,-1,30,1,2,0,2,14,0,1,0,0,0,0,-1,-1,-1,23,-1,1231,0,-1,-1,-1,-1,-1,2,0,0,0,0,0,2,0,9,2,7,41.87638849,-87.66681235
0,342551,0,30,12,12,0,1,7,5,2,0,0,-1,0,-1,-1,1,0,0,2032,-1,-1,-1,-1,-1,-1,2,0,0,0,0,0,1,0,9,2,7,41.97314207,-87.67923902
0,341933,-1,30,0,0,0,1,14,5,2,0,0,0,0,-1,-1,-1,17,17,1234,-1,-1,-1,-1,-1,-1,2,0,0,0,0,0,2,0,9,2,7,41.85955978,-87.66634385
0,341867,-1,40,3,5,0,1,12,3,4,5,0,0,0,-1,-1,-1,0,0,114,-1,-1,-1,-1,-1,-1,2,0,0,0,0,0,2,0,9,2,7,41.88306216,-87.61613324
0,341853,-1,30,0,0,0,1,12,5,4,0,0,0,0,-1,-1,-1,21,22,1113,-1,1,-1,-1,-1,-1,2,0,0,0,0,0,2,0,9,2,7,41.88614041,-87.7357597
0,341848,-1,30,2,2,0,1,14,2,4,0,0,0,0,-1,-1,-1,0,0,1732,-1,-1,-1,-1,-1,-1,2,0,0,0,0,0,3,0,9,2,7,41.95022678,-87.71386089
0,341844,-1,30,0,0,0,1,7,7,0,0,0,0,0,-1,1,1,-1,-1,2011,-1,-1,-1,-1,-1,-1,2,0,0,0,0,0,1,0,9,2,7,41.97656674,-87.69223305
0,341842,-1,30,1,2,0,1,14,5,-1,0,0,0,0,-1,-1,1,23,-1,131,-1,-1,-1,-1,-1,-1,2,0,0,0,0,0,2,0,9,2,7,41.85299122,-87.62938693
0,341837,-1,30,2,2,0,1,14,5,-1,0,0,0,1,1,-1,1,5,-1,1523,-1,-1,-1,-1,-1,-1,2,0,0,0,0,0,2,0,9,2,7,41.88736027,-87.7634224
0,341904,-1,25,1,2,0,1,10,2,2,0,0,0,1,-1,-1,-1,18,0,322,-1,-1,-1,-1,-1,-1,2,0,0,0,0,0,5,0,8,2,7,41.76925878,-87.61052286
0,345521,-1,30,1,2,0,1,12,6,-1,0,0,0,0,-1,-1,-1,22,-1,122,-1,-1,-1,-1,-1,-1,2,0,0,0,0,0,2,0,8,2,7,41.8833185,-87.63356908
0,341881,-1,30,1,2,0,1,12,6,3,0,0,0,0,-1,-1,-1,23,-1,122,-1,-1,-1,-1,-1,-1,2,0,0,0,0,0,2,0,8,2,7,41.88204439,-87.63523959
0,341832,-1,30,2,2,0,1,14,5,2,0,0,0,0,1,-1,-1,0,0,2413,-1,-1,-1,-1,-1,-1,2,0,0,0,0,0,2,0,8,2,7,41.99334847,-87.67547821
0,341819,1,30,0,0,0,1,12,6,2,0,0,0,0,-1,-1,-1,11,0,1034,-1,-1,-1,-1,-1,-1,2,0,0,0,0,0,2,0,8,2,7,41.85110926,-87.69438977
0,341800,-1,30,1,2,0,1,8,5,4,2,0,0,0,-1,-1,1,0,0,1213,-1,-1,-1,-1,-1,-1,2,0,0,0,0,0,2,0,8,2,7,41.89924697,-87.65983969
0,344271,-1,30,1,2,0,1,14,12,-1,0,0,0,0,1,-1,1,0,0,131,-1,-1,-1,-1,-1,-1,2,0,0,0,0,0,2,0,8,2,7,41.85299122,-87.62938693
0,341807,-1,30,0,0,0,1,12,5,2,0,0,0,0,-1,-1,-1,22,-1,114,-1,-1,-1,-1,-1,-1,2,0,0,0,0,0,2,0,8,2,7,41.88671976,-87.6224727
0,341815,-1,30,1,2,0,1,10,2,-1,0,0,0,0,-1,1,-1,18,20,1223,-1,-1,-1,-1,-1,-1,2,0,0,0,0,0,2,0,8,2,7,41.88672497,-87.68643361
0,342215,-1,30,0,0,0,1,0,6,3,0,0,0,0,-1,-1,-1,0,0,1034,-1,-1,-1,-1,-1,-1,2,0,0,0,0,0,2,0,8,2,7,41.85110694,-87.69454226
0,342164,-1,30,-1,-1,-1,-1,7,5,-1,0,0,-1,0,-1,-1,-1,0,-1,1922,-1,-1,-1,-1,-1,-1,2,0,0,0,0,0,1,0,8,2,7,41.94745024,-87.67629196
0,341828,-1,30,1,2,0,1,12,2,-1,0,0,0,0,1,-1,-1,22,-1,114,-1,-1,-1,-1,-1,-1,2,0,0,0,0,0,4,0,8,2,7,41.88098192,-87.62088883
0,341783,-1,30,1,1,0,1,10,2,4,0,0,0,0,-1,-1,-1,7,-1,131,-1,-1,-1,-1,-1,-1,2,0,0,0,0,0,2,0,8,2,7,41.85293218,-87.62396062
1,341810,-1,30,1,2,0,1,10,2,2,0,0,0,1,1,-1,-1,6,16,1632,-1,-1,-1,-1,-1,-1,2,2,0,0,0,2,1,0,8,2,7,41.95708681,-87.79775194
1,341793,-1,30,0,0,0,1,12,5,-1,0,0,0,1,-1,-1,-1,11,-1,224,0,0,-1,-1,-1,-1,2,3,0,0,0,3,1,0,8,2,7,41.80924341,-87.61848153
0,341779,-1,30,1,2,0,1,10,5,-1,0,0,0,0,-1,-1,-1,18,18,1431,-1,-1,-1,-1,-1,-1,2,0,0,0,0,0,3,0,8,2,7,41.91759973,-87.69714087
0,351577,-1,15,0,0,0,1,7,0,1,0,0,0,0,-1,-1,-1,0,0,2522,-1,-1,-1,-1,-1,-1,2,0,0,0,0,0,1,0,8,2,7,41.92046219,-87.74713962
0,342086,-1,30,2,2,0,1,14,2,4,0,0,0,0,1,-1,-1,0,0,114,-1,-1,-1,-1,-1,-1,2,0,0,0,0,0,3,0,8,2,7,41.86763124,-87.61996135
3,341757,-1,30,0,0,0,1,8,5,2,0,0,0,1,-1,-1,-1,-1,-1,1233,-1,-1,1,-1,-1,-1,2,1,0,1,0,0,0,0,7,2,7,41.85956419,-87.66605025
0,341960,1,25,1,2,0,1,12,5,0,0,0,0,0,1,-1,-1,21,0,1232,-1,-1,-1,-1,-1,-1,2,0,0,0,0,0,2,0,7,2,7,41.87918309,-87.64742623
0,341780,-1,30,0,0,0,1,10,2,2,0,0,0,0,-1,-1,-1,18,11,2514,-1,-1,-1,-1,-1,-1,2,0,0,0,0,0,2,0,7,2,7,41.93125752,-87.75899277
0,341741,-1,30,1,2,0,1,12,2,2,0,0,0,0,-1,-1,1,17,17,1032,-1,-1,-1,-1,-1,-1,2,0,0,0,0,0,2,0,7,2,7,41.84440733,-87.70509985
0,341785,-1,30,0,0,0,1,10,2,2,0,0,0,0,-1,-1,-1,0,0,2432,-1,-1,-1,-1,-1,-1,2,0,0,0,0,0,2,0,7,2,7,41.99809836,-87.67525337
0,341773,-1,35,0,0,0,1,12,5,4,0,0,0,0,-1,-1,-1,0,0,1012,-1,-1,-1,-1,-1,-1,2,0,0,0,0,0,2,0,7,2,7,41.85555613,-87.72501073
0,341748,-1,30,0,0,0,1,12,5,-1,0,0,12,0,-1,-1,1,0,-1,815,-1,1,-1,-1,-1,-1,2,0,0,0,0,0,2,0,7,2,7,41.79332397,-87.73282387
0,341746,-1,30,1,1,0,1,14,2,-1,0,0,1,1,1,-1,-1,17,-1,815,-1,1,-1,-1,-1,-1,2,0,0,0,0,0,2,0,7,2,7,41.79322601,-87.73302408
0,341763,-1,30,0,0,0,1,10,2,-1,0,0,0,0,-1,-1,-1,0,0,1211,-1,-1,-1,-1,-1,-1,2,0,0,0,0,0,2,0,7,2,7,41.89574062,-87.69987952
0,341767,-1,15,0,0,0,1,7,5,2,0,0,0,0,-1,-1,1,0,0,1731,-1,-1,-1,-1,-1,-1,2,0,0,0,0,0,1,0,7,2,7,41.9402206,-87.73968156
0,342578,-1,30,0,0,0,1,0,6,2,0,0,-1,0,-1,-1,-1,0,0,1934,-1,-1,-1,-1,-1,-1,2,0,0,0,0,0,2,0,7,2,7,41.93760712,-87.64070956
0,341728,-1,30,0,0,0,1,12,2,6,0,0,0,0,1,-1,-1,22,16,114,-1,-1,-1,-1,-1,-1,2,0,0,0,0,0,2,0,7,2,7,41.88108526,-87.62419266
3,341766,-1,30,1,2,0,1,9,5,2,0,0,0,1,1,-1,-1,0,0,1935,-1,0,-1,-1,-1,-1,2,1,0,1,0,0,1,0,6,2,7,41.92554753,-87.64861835