MOST_SEVERE_INJURY,RD_NO,CRASH_DATE_EST_I,POSTED_SPEED_LIMIT,TRAFFIC_CONTROL_DEVICE,DEVICE_CONDITION,WEATHER_CONDITION,LIGHTING_CONDITION,FIRST_CRASH_TYPE,TRAFFICWAY_TYPE,LANE_CNT,ALIGNMENT,ROADWAY_SURFACE_COND,ROAD_DEFECT,CRASH_TYPE,INTERSECTION_RELATED_I,NOT_RIGHT_OF_WAY_I,HIT_AND_RUN_I,PRIM_CONTRIBUTORY_CAUSE,SEC_CONTRIBUTORY_CAUSE,BEAT_OF_OCCURRENCE,PHOTOS_TAKEN_I,STATEMENTS_TAKEN_I,DOORING_I,WORK_ZONE_I,WORK_ZONE_TYPE,WORKERS_PRESENT_I,NUM_UNITS,INJURIES_TOTAL,INJURIES_FATAL,INJURIES_INCAPACITATING,INJURIES_NON_INCAPACITATING,INJURIES_REPORTED_NOT_EVIDENT,INJURIES_NO_INDICATION,INJURIES_UNKNOWN,CRASH_HOUR,CRASH_DAY_OF_WEEK,CRASH_MONTH,LATITUDE,LONGITUDE
0,341730,-1,30,0,0,0,1,12,2,4,0,0,0,0,-1,-1,-1,22,0,2521,-1,-1,-1,-1,-1,-1,2,0,0,0,0,0,2,0,6,2,7,41.9297611,-87.74666793
0,341717,-1,30,0,0,0,1,10,5,-1,0,0,0,0,-1,-1,-1,18,18,834,-1,-1,-1,-1,-1,-1,2,0,0,0,0,0,2,0,6,2,7,41.74940767,-87.71708254
0,341712,-1,30,0,0,0,1,10,5,-1,0,0,0,0,-1,-1,-1,0,0,1622,-1,-1,-1,-1,-1,-1,2,0,0,0,0,0,3,0,6,2,7,41.98304903,-87.76840629
0,366142,-1,30,-1,-1,-1,-1,5,2,5,0,-1,-1,0,-1,-1,-1,0,0,2222,-1,-1,-1,1,2,0,1,0,0,0,0,0,1,0,6,2,7,41.73574485,-87.65871771
0,341725,-1,35,1,2,0,1,10,5,4,0,0,0,0,-1,-1,-1,0,0,815,-1,-1,-1,-1,-1,-1,2,0,0,0,0,0,2,0,6,2,7,41.79963838,-87.73607148
0,342356,-1,10,0,0,0,1,7,7,1,4,0,0,0,-1,-1,1,0,0,113,-1,-1,-1,-1,-1,-1,2,0,0,0,0,0,1,0,6,2,7,41.87938733,-87.62706365
0,341823,-1,30,2,2,0,1,0,5,2,0,0,0,0,-1,-1,-1,17,17,815,-1,-1,-1,-1,-1,-1,2,0,0,0,0,0,2,0,6,2,7,41.80039893,-87.72841486
0,341898,-1,25,0,0,0,-1,7,5,-1,0,0,0,1,-1,-1,1,0,-1,834,-1,1,-1,-1,-1,-1,2,0,0,0,0,0,1,0,6,2,7,41.7515052,-87.73185114
0,341762,-1,30,1,-1,-1,-1,12,5,4,0,-1,-1,0,1,-1,-1,16,0,1923,-1,-1,-1,-1,-1,-1,2,0,0,0,0,0,2,0,5,2,7,41.95444344,-87.65029993
0,341758,-1,30,1,2,0,2,9,5,4,0,0,-1,0,-1,-1,1,0,-1,632,-1,-1,-1,-1,-1,-1,2,0,0,0,0,0,2,0,5,2,7,41.73618924,-87.62417653
0,341993,1,30,0,0,0,1,7,5,2,0,0,0,0,-1,-1,1,0,0,532,-1,-1,-1,-1,-1,-1,2,0,0,0,0,0,1,0,5,2,7,41.67873128,-87.6176942
2,341671,-1,30,1,2,0,1,0,2,2,0,0,0,1,1,-1,1,6,0,1211,-1,-1,-1,-1,-1,-1,2,1,0,0,1,0,2,0,4,2,7,41.89650831,-87.70237908
0,341958,-1,30,0,0,0,3,12,6,3,0,0,0,0,-1,-1,-1,17,-1,1832,-1,-1,-1,-1,-1,-1,2,0,0,0,0,0,2,0,4,2,7,41.89250139,-87.63383899
0,341770,-1,30,0,0,-1,-1,12,5,2,0,-1,0,1,1,-1,-1,0,0,1924,-1,-1,-1,-1,-1,-1,2,0,0,0,0,0,2,0,4,2,7,41.94046003,-87.65126032
2,341662,-1,30,1,2,0,2,14,2,4,0,0,0,1,1,-1,-1,6,-1,1034,-1,-1,-1,-1,-1,-1,3,2,0,0,2,0,11,0,4,2,7,41.84495313,-87.68544445
0,342248,-1,30,0,-1,0,3,10,12,-1,0,0,0,0,-1,-1,1,18,18,1624,-1,-1,-1,-1,-1,-1,2,0,0,0,0,0,2,0,3,2,7,41.95870508,-87.76703838
4,341655,-1,30,1,2,0,3,10,5,4,0,0,0,1,-1,-1,-1,0,-1,1813,-1,-1,-1,-1,-1,-1,2,2,1,0,1,0,0,0,3,2,7,41.91112384,-87.64349035
0,341610,-1,30,1,2,0,3,14,3,-1,0,0,0,0,-1,-1,1,0,0,813,-1,-1,-1,-1,-1,-1,2,0,0,0,0,0,3,0,1,2,7,41.77863647,-87.72290636
0,341609,-1,30,0,0,0,0,3,5,2,0,0,0,1,-1,-1,-1,0,0,714,-1,-1,-1,-1,-1,-1,2,0,0,0,0,0,3,0,1,2,7,41.7825063,-87.66899661
0,344938,-1,10,0,0,0,3,7,7,2,0,0,0,0,-1,1,-1,0,-1,1831,-1,-1,-1,-1,-1,-1,2,0,0,0,0,0,1,0,1,2,7,41.89092004,-87.63187853
0,341588,-1,10,0,0,0,0,7,7,-1,0,0,0,0,-1,1,1,20,0,411,-1,-1,-1,-1,-1,-1,2,0,0,0,0,0,2,0,1,2,7,41.75150375,-87.58543744
0,341584,-1,30,2,12,0,3,14,5,2,0,0,0,0,1,-1,-1,0,-1,623,-1,-1,-1,-1,-1,-1,2,0,0,0,0,0,3,0,0,2,7,41.75456169,-87.63307316
0,341557,-1,30,1,2,0,3,10,1,2,0,0,0,1,1,-1,1,0,0,1424,-1,-1,-1,-1,-1,-1,2,0,0,0,0,0,2,0,0,2,7,41.91027801,-87.67751595
0,341576,-1,30,0,0,0,3,12,2,2,0,0,0,0,-1,-1,1,21,-1,332,-1,-1,-1,-1,-1,-1,2,0,0,0,0,0,2,0,0,2,7,41.76735296,-87.57647796
0,341556,-1,10,0,0,0,3,10,0,-1,0,0,3,0,-1,-1,-1,20,-1,2413,-1,-1,-1,-1,-1,-1,2,0,0,0,0,0,2,0,0,2,7,41.99591415,-87.69720426
0,341590,1,30,0,0,0,3,10,12,2,0,0,0,0,-1,-1,1,25,18,2234,-1,-1,-1,-1,-1,-1,2,0,0,0,0,0,3,0,0,2,7,41.6870324,-87.66143124
0,343234,0,30,0,0,0,1,7,6,1,0,0,-1,0,-1,-1,1,0,-1,1023,-1,-1,-1,-1,-1,-1,2,0,0,0,0,0,1,0,0,2,7,41.86029638,-87.69189996
0,342263,1,30,0,0,0,-1,7,6,-1,0,-1,0,0,-1,-1,1,0,-1,2022,-1,-1,-1,-1,-1,-1,2,0,0,0,0,0,1,0,0,2,7,41.98844829,-87.65801754
0,342213,-1,20,0,0,0,3,7,5,2,2,0,0,0,-1,-1,1,16,0,2213,-1,-1,-1,-1,-1,-1,2,0,0,0,0,0,1,0,0,2,7,41.7153062,-87.67233929
0,341553,-1,30,0,0,0,3,10,6,1,0,0,0,0,-1,-1,1,16,-1,1722,-1,-1,-1,-1,-1,-1,2,0,0,0,0,0,3,0,23,1,7,41.95399678,-87.72937346
0,342090,-1,35,1,2,0,3,14,5,1,0,0,0,0,1,-1,-1,0,0,1621,-1,-1,-1,-1,-1,-1,2,0,0,0,0,0,2,0,23,1,7,41.99734616,-87.76817748
0,341549,-1,30,1,2,0,3,14,5,-1,0,0,0,0,-1,-1,-1,0,0,1621,-1,-1,-1,-1,-1,-1,2,0,0,0,0,0,2,0,23,1,7,41.99712719,-87.76815629
1,341511,-1,30,2,2,0,3,0,5,-1,0,0,0,1,-1,-1,1,5,-1,735,-1,-1,-1,-1,-1,-1,2,1,0,0,0,1,1,0,23,1,7,41.7647743,-87.66760476
0,341535,-1,30,1,2,0,3,10,5,2,0,0,0,0,1,-1,-1,18,27,235,-1,-1,-1,-1,-1,-1,2,0,0,0,0,0,2,0,23,1,7,41.79078636,-87.60599654
0,341517,-1,30,1,2,0,3,10,5,2,0,0,0,0,1,-1,0,20,-1,1823,-1,-1,-1,-1,-1,-1,2,0,0,0,0,0,2,0,23,1,7,41.89665962,-87.63724781
0,341701,-1,30,0,0,0,3,7,6,1,0,0,0,0,-1,-1,1,0,0,1412,-1,-1,-1,-1,-1,-1,2,0,0,0,0,0,1,0,23,1,7,41.93143827,-87.71581806
0,341917,-1,20,2,2,0,-1,7,5,2,0,0,0,0,-1,-1,1,21,-1,1034,-1,-1,-1,-1,-1,-1,2,0,0,0,0,0,1,0,22,1,7,41.851947,-87.68333207
0,347165,-1,25,1,2,0,3,10,5,4,0,0,-1,0,-1,-1,-1,18,0,334,-1,-1,-1,-1,-1,-1,2,0,0,0,0,0,2,0,22,1,7,41.76253042,-87.5663018
0,341506,-1,30,1,2,0,3,10,1,5,0,0,0,0,-1,-1,-1,6,18,2533,-1,-1,-1,-1,-1,-1,3,0,0,0,0,0,3,0,22,1,7,41.90986357,-87.7363803
0,341533,-1,30,0,0,0,0,12,5,4,0,0,-1,0,-1,-1,1,17,0,1915,-1,-1,-1,-1,-1,-1,2,0,0,0,0,0,2,0,22,1,7,41.95590165,-87.65156446
0,341495,1,25,2,0,0,3,0,5,-1,0,0,0,1,1,-1,-1,-1,-1,323,-1,-1,-1,-1,-1,-1,3,0,0,0,0,0,5,0,22,1,7,41.75854742,-87.61349044
0,341467,-1,30,0,0,0,3,11,5,-1,0,0,0,0,-1,-1,-1,16,-1,714,-1,-1,-1,-1,-1,-1,2,0,0,0,0,0,2,0,22,1,7,41.78199878,-87.6689835
0,341509,-1,35,1,2,0,0,10,5,4,0,0,0,0,-1,-1,-1,0,0,2534,-1,-1,-1,-1,-1,-1,2,0,0,0,0,0,4,0,22,1,7,41.90992525,-87.73155722
2,341396,0,35,0,-1,0,3,12,2,4,0,0,0,1,0,-1,-1,14,15,2221,-1,-1,-1,-1,-1,-1,3,3,0,0,3,0,1,0,22,1,7,41.72409492,-87.6626006
0,341446,-1,30,2,2,0,3,10,6,-1,0,0,0,0,-1,-1,-1,16,-1,2515,-1,-1,-1,-1,-1,-1,2,0,0,0,0,0,2,0,21,1,7,41.92494772,-87.75630122
0,342255,-1,30,0,0,0,1,14,2,4,0,0,0,0,-1,-1,1,0,-1,1531,-1,-1,-1,-1,-1,-1,2,0,0,0,0,0,2,0,21,1,7,41.89510588,-87.74669187
0,341394,-1,25,2,2,0,0,0,5,2,0,0,0,0,-1,-1,-1,17,-1,2424,-1,-1,-1,-1,-1,-1,2,0,0,0,0,0,5,0,21,1,7,42.01120212,-87.68011769
0,341398,-1,15,0,0,0,3,7,5,-1,0,0,0,0,-1,-1,-1,27,0,834,-1,-1,-1,-1,-1,-1,3,0,0,0,0,0,1,0,21,1,7,41.74154935,-87.71093041
0,341389,-1,30,0,0,0,3,14,5,4,0,0,-1,0,1,-1,1,17,25,1235,-1,-1,-1,-1,-1,-1,2,0,0,0,0,0,2,0,21,1,7,41.85407323,-87.64668047
0,341839,-1,10,0,0,0,3,7,7,-1,0,0,0,0,-1,-1,1,0,0,2234,-1,-1,-1,-1,-1,-1,2,0,0,0,0,0,1,0,21,1,7,41.68127524,-87.66261735
0,341428,-1,30,-1,-1,0,2,10,5,4,0,0,-1,0,-1,-1,1,-1,0,1221,-1,-1,-1,-1,-1,-1,2,0,0,0,0,0,3,0,21,1,7,41.89085721,-87.67705687
0,341376,-1,30,1,2,0,3,12,6,3,0,0,0,0,-1,-1,-1,23,0,122,-1,-1,-1,-1,-1,-1,2,0,0,0,0,0,3,0,21,1,7,41.88074982,-87.63535575
0,341410,-1,30,0,0,0,3,12,7,1,0,0,0,0,-1,-1,-1,0,0,1233,-1,-1,-1,-1,-1,-1,2,0,0,0,0,0,2,0,20,1,7,41.85644456,-87.66219444
1,341383,-1,30,0,0,0,0,10,2,2,0,0,0,1,-1,-1,1,0,0,1013,-1,-1,-1,-1,-1,-1,2,3,0,0,0,3,1,0,20,1,7,41.84666719,-87.73454236
0,341357,-1,30,1,2,0,3,12,2,2,0,0,0,0,-1,-1,-1,21,-1,2212,-1,1,-1,-1,-1,-1,2,0,0,0,0,0,2,0,20,1,7,41.70634185,-87.67684452
0,341427,-1,30,1,2,0,3,14,5,4,0,0,0,0,1,-1,-1,16,11,1712,-1,-1,-1,-1,-1,-1,2,0,0,0,0,0,4,0,20,1,7,41.96833114,-87.72817746
0,341349,-1,30,0,0,0,4,14,5,4,0,0,0,0,-1,-1,-1,23,-1,222,-1,1,-1,-1,-1,-1,2,0,0,0,0,0,3,0,20,1,7,41.80905235,-87.59187052
1,341356,-1,30,1,2,0,3,10,5,2,0,0,0,1,-1,-1,1,11,0,1914,-1,-1,-1,-1,-1,-1,3,2,0,0,0,2,7,0,20,1,7,41.96191802,-87.65245037
0,341369,-1,30,0,0,0,4,12,5,-1,0,0,0,1,-1,-1,-1,22,16,2222,-1,-1,-1,-1,-1,-1,2,0,0,0,0,0,2,0,20,1,7,41.73048043,-87.64744428
0,341307,-1,30,1,2,0,1,10,3,3,0,0,0,0,-1,-1,-1,18,-1,131,-1,-1,-1,-1,-1,-1,2,0,0,0,0,0,2,0,20,1,7,41.85781285,-87.62407862
2,342684,-1,30,0,0,0,3,8,6,3,0,0,0,1,-1,-1,-1,0,-1,1834,-1,-1,-1,-1,-1,-1,2,1,0,0,1,0,1,0,19,1,7,41.89241349,-87.62545339
0,341332,-1,35,0,0,0,1,12,2,4,0,0,0,0,-1,-1,1,0,0,524,-1,-1,-1,-1,-1,-1,2,0,0,0,0,0,3,0,19,1,7,41.68491148,-87.64229504
0,341292,-1,30,0,0,0,1,11,5,-1,0,0,0,0,-1,-1,-1,0,0,1213,-1,-1,-1,-1,-1,-1,2,0,0,0,0,0,2,0,19,1,7,41.9034342,-87.65808665
0,341367,-1,30,1,2,0,1,10,1,-1,0,0,0,0,1,-1,-1,18,32,634,-1,-1,-1,-1,-1,-1,2,0,0,0,0,0,2,0,19,1,7,41.73616067,-87.62769832
3,341321,-1,25,1,2,0,2,9,5,2,0,0,0,1,1,-1,-1,0,-1,1832,-1,-1,-1,-1,-1,-1,2,1,0,1,0,0,1,0,19,1,7,41.89402909,-87.62827987
0,345605,-1,10,0,0,-1,3,7,7,-1,0,-1,-1,0,-1,-1,-1,0,-1,2412,-1,-1,-1,-1,-1,-1,2,0,0,0,0,0,1,0,19,1,7,41.9988402,-87.69982999
0,343885,-1,30,0,0,0,1,7,7,-1,0,0,0,0,-1,-1,1,-1,-1,324,-1,-1,-1,-1,-1,-1,2,0,0,0,0,0,1,0,19,1,7,41.76302237,-87.58639016
0,342054,1,30,0,0,0,-1,7,5,2,0,0,0,0,-1,-1,1,0,-1,1923,-1,-1,-1,-1,-1,-1,3,0,0,0,0,0,1,0,19,1,7,41.95095312,-87.65818637
0,341302,-1,30,0,0,0,1,12,5,-1,0,0,0,0,-1,-1,-1,22,0,2525,-1,-1,-1,-1,-1,-1,2,0,0,0,0,0,3,0,19,1,7,41.92438144,-87.7261165
0,341299,-1,30,0,0,0,1,7,5,-1,0,0,0,0,-1,-1,1,-1,-1,2033,-1,-1,-1,-1,-1,-1,2,0,0,0,0,0,1,0,19,1,7,41.9727048,-87.66478227
2,341297,-1,30,0,0,0,1,0,3,4,0,0,0,1,-1,-1,-1,17,-1,2223,-1,-1,-1,-1,-1,-1,2,1,0,0,1,0,2,0,19,1,7,41.73246054,-87.64366173
0,341298,-1,30,1,2,0,1,14,5,2,0,0,0,0,1,-1,-1,23,21,623,-1,-1,-1,-1,-1,-1,2,0,0,0,0,0,2,0,19,1,7,41.75098974,-87.6159824
0,341417,-1,30,2,2,0,1,14,2,6,0,0,0,1,-1,-1,-1,17,0,1431,-1,-1,-1,-1,-1,-1,2,0,0,0,0,0,3,0,19,1,7,41.92499983,-87.68880708
0,341372,-1,10,0,0,0,4,7,7,10,2,0,-1,0,-1,1,1,0,0,922,-1,-1,-1,-1,-1,-1,2,0,0,0,0,0,1,0,19,1,7,41.81483974,-87.70279305
0,341247,-1,15,2,2,0,1,7,6,1,0,0,0,0,-1,-1,-1,-1,0,1712,-1,-1,-1,-1,-1,-1,2,0,0,0,0,0,1,0,19,1,7,41.97020125,-87.72571752
0,341970,-1,25,1,2,0,1,14,5,5,0,0,0,0,-1,-1,1,23,-1,835,-1,-1,-1,-1,-1,-1,2,0,0,0,0,0,2,0,19,1,7,41.74260652,-87.70213941
0,341284,1,30,-1,-1,0,1,7,5,2,0,0,0,1,-1,-1,-1,0,0,1011,-1,-1,-1,-1,-1,-1,2,0,0,0,0,0,1,0,19,1,7,41.86604003,-87.72672414
0,341269,-1,30,2,2,0,1,14,12,2,0,0,0,0,-1,-1,-1,0,0,1612,-1,-1,-1,-1,-1,-1,2,0,0,0,0,0,2,0,19,1,7,41.98279354,-87.80127466
0,341331,-1,30,0,0,0,1,14,2,2,0,0,0,1,-1,-1,1,0,0,1123,-1,-1,-1,-1,-1,-1,2,0,0,0,0,0,2,0,19,1,7,41.8898974,-87.71222519
0,341319,-1,30,0,0,0,1,14,2,4,0,0,0,1,1,-1,-1,11,-1,533,-1,-1,-1,-1,-1,-1,2,0,0,0,0,0,3,0,19,1,7,41.65904408,-87.6107931
0,342068,-1,30,0,0,0,4,11,6,2,0,0,0,0,-1,-1,-1,20,20,122,-1,-1,-1,-1,-1,-1,2,0,0,0,0,0,2,0,19,1,7,41.88585099,-87.63132537
0,341481,-1,30,-1,-1,0,-1,2,-1,-1,0,0,-1,0,-1,-1,-1,-1,0,925,-1,-1,-1,-1,-1,-1,1,0,0,0,0,0,1,0,19,1,7,41.80920224,-87.63286103
0,341281,-1,30,-1,-1,0,1,10,2,-1,0,0,-1,0,-1,-1,1,20,-1,1235,-1,-1,-1,-1,-1,-1,2,0,0,0,0,0,3,0,19,1,7,41.85263487,-87.65428458
2,341256,-1,30,0,0,0,1,7,6,1,0,0,0,1,-1,-1,-1,27,0,714,-1,-1,-1,-1,-1,-1,3,1,0,0,1,0,0,0,19,1,7,41.78396214,-87.66660966
0,341240,-1,30,1,2,0,1,14,5,4,0,0,0,1,-1,-1,-1,17,-1,2411,-1,-1,-1,-1,-1,-1,2,0,0,0,0,0,2,0,19,1,7,42.00523149,-87.68033813
0,341340,-1,30,1,2,0,1,14,5,-1,0,0,-1,0,-1,-1,-1,0,-1,922,-1,-1,-1,-1,-1,-1,2,0,0,0,0,0,3,0,18,1,7,41.81538193,-87.69919241
0,341285,-1,30,1,2,0,1,10,5,2,0,0,0,0,-1,-1,0,18,-1,1235,-1,-1,-1,-1,-1,-1,2,0,0,0,0,0,3,0,18,1,7,41.85737765,-87.64677707
0,341260,-1,35,1,2,0,1,10,5,-1,0,0,0,0,-1,-1,-1,16,18,912,-1,-1,-1,-1,-1,-1,2,0,0,0,0,0,2,0,18,1,7,41.83223358,-87.67487117
0,341342,1,30,0,3,0,1,14,2,4,0,0,0,0,-1,-1,1,25,25,713,-1,-1,-1,-1,-1,-1,2,0,0,0,0,0,6,0,18,1,7,41.786995,-87.6547475
0,341259,-1,25,1,2,0,1,12,2,4,0,0,0,0,-1,-1,1,0,0,813,-1,-1,-1,-1,-1,-1,2,0,0,0,0,0,2,0,18,1,7,41.79291088,-87.74207734
0,341255,-1,30,0,0,0,1,10,5,-1,0,0,0,0,-1,-1,-1,-1,-1,922,-1,-1,-1,-1,-1,-1,2,0,0,0,0,0,4,0,18,1,7,41.80821705,-87.69435004
0,341235,-1,15,0,0,0,1,2,7,2,0,0,0,0,-1,1,-1,16,-1,1824,-1,-1,-1,-1,-1,-1,1,0,0,0,0,0,1,0,18,1,7,41.91106097,-87.63005551
0,341228,-1,30,0,0,0,1,10,5,2,0,0,0,0,-1,-1,1,18,0,1732,-1,-1,-1,-1,-1,-1,2,0,0,0,0,0,2,0,18,1,7,41.94662966,-87.7163292
2,341258,-1,30,1,2,0,1,8,5,2,0,0,0,1,-1,-1,-1,16,17,331,-1,-1,-1,-1,-1,-1,3,2,0,0,2,0,1,0,18,1,7,41.77647256,-87.57099037
0,341484,-1,30,12,12,0,1,12,6,1,0,0,0,0,-1,-1,-1,-1,7,1224,-1,-1,-1,-1,-1,-1,2,0,0,0,0,0,4,0,18,1,7,41.88451686,-87.64739068
0,341257,-1,30,0,0,0,1,7,6,1,0,0,0,0,-1,-1,1,0,-1,1022,-1,-1,-1,-1,-1,-1,2,0,0,0,0,0,1,0,18,1,7,41.85578935,-87.70673444
0,356663,-1,30,0,0,0,1,14,3,2,0,0,0,0,1,-1,-1,0,-1,331,-1,-1,-1,-1,-1,-1,2,0,0,0,0,0,2,0,18,1,7,41.76635416,-87.57624314
0,341195,-1,25,1,2,0,1,10,2,2,0,0,0,0,-1,-1,-1,0,0,833,-1,-1,-1,-1,-1,-1,2,0,0,0,0,0,2,0,18,1,7,41.76206778,-87.73899172
0,341181,-1,30,1,2,0,1,12,5,2,0,0,0,0,-1,-1,1,18,-1,114,-1,-1,-1,-1,-1,-1,2,0,0,0,0,0,2,0,18,1,7,41.86758438,-87.6232606
3,341179,-1,30,1,2,0,1,9,5,1,0,0,0,1,1,-1,-1,17,-1,921,-1,-1,-1,-1,-1,-1,2,1,0,1,0,0,1,0,18,1,7,41.82113545,-87.69480678
2,341198,-1,35,1,2,0,1,10,2,8,0,0,0,1,-1,-1,-1,0,0,114,-1,-1,-1,-1,-1,-1,2,1,0,0,1,0,6,0,18,1,7,41.87831701,-87.61705213
0,341254,-1,30,0,0,0,1,12,6,1,0,0,0,0,-1,-1,-1,17,0,1924,-1,-1,-1,-1,-1,-1,2,0,0,0,0,0,2,0,18,1,7,41.94552536,-87.65320677
0,346448,-1,30,1,2,0,1,5,5,-1,0,-1,1,0,-1,-1,-1,28,0,2412,-1,-1,-1,-1,-1,-1,1,0,0,0,0,0,1,0,18,1,7,41.99963244,-87.69008093
0,341272,-1,30,-1,-1,0,1,10,5,-1,0,0,-1,0,-1,-1,-1,0,-1,2533,-1,-1,-1,-1,-1,-1,2,0,0,0,0,0,2,0,18,1,7,41.91040267,-87.74587494
0,341169,-1,30,0,0,0,1,14,5,2,0,0,-1,0,1,-1,-1,0,0,424,-1,-1,-1,-1,-1,-1,2,0,0,0,0,0,2,0,18,1,7,41.72999399,-87.54856463
0,341381,-1,30,0,0,0,1,12,5,2,0,0,0,0,-1,-1,1,0,0,1235,1,1,-1,-1,-1,-1,2,0,0,0,0,0,2,0,17,1,7,41.85831435,-87.65629338
0,341214,-1,30,1,2,0,1,12,5,2,0,0,0,0,-1,-1,-1,0,-1,111,-1,-1,-1,-1,-1,-1,2,0,0,0,0,0,2,0,17,1,7,41.88571936,-87.62779246
0,341216,-1,30,0,0,0,1,10,5,-1,2,0,0,0,-1,-1,1,-1,-1,814,-1,-1,-1,-1,-1,-1,2,0,0,0,0,0,3,0,17,1,7,41.81483512,-87.74602429
0,341122,-1,30,1,2,0,1,14,2,4,0,0,0,0,-1,-1,-1,23,21,114,-1,-1,-1,-1,-1,-1,2,0,0,0,0,0,2,0,17,1,7,41.88089279,-87.62418953
2,341182,-1,30,1,2,0,1,14,5,2,0,0,0,1,1,-1,-1,32,27,1622,-1,-1,-1,-1,-1,-1,2,2,0,0,2,0,2,0,17,1,7,41.98930532,-87.78040576
0,341168,-1,10,0,0,0,1,0,7,-1,0,0,0,0,-1,1,1,22,0,924,-1,-1,-1,-1,-1,-1,2,0,0,0,0,0,3,0,17,1,7,41.80870195,-87.66558301
0,343479,-1,30,0,0,0,1,12,2,-1,0,0,0,0,-1,-1,-1,17,17,1722,-1,-1,-1,-1,-1,-1,2,0,0,0,0,0,3,0,17,1,7,41.96271684,-87.74373626
0,341185,-1,30,0,0,0,1,10,2,2,0,0,0,0,-1,-1,1,18,-1,1724,-1,-1,-1,-1,-1,-1,2,0,0,0,0,0,2,0,17,1,7,41.96132183,-87.70464704
0,341130,-1,30,2,0,0,1,10,2,-1,0,0,0,0,-1,-1,-1,18,-1,1233,-1,-1,-1,-1,-1,-1,2,0,0,0,0,0,2,0,17,1,7,41.85802062,-87.65890689
0,341103,-1,30,2,2,0,1,0,2,2,0,0,0,1,0,-1,1,5,17,1234,-1,-1,-1,-1,-1,-1,2,0,0,0,0,0,2,0,17,1,7,41.85295137,-87.67819332
2,341094,-1,35,1,2,0,1,0,5,10,2,0,0,1,1,-1,-1,0,-1,1931,-1,-1,-1,-1,-1,-1,3,1,0,0,1,0,6,0,17,1,7,41.92519897,-87.67285854
0,341125,0,25,1,2,0,1,10,5,-1,0,0,0,0,-1,-1,1,0,-1,2512,-1,-1,-1,-1,-1,-1,2,0,0,0,0,0,4,0,17,1,7,41.91801958,-87.77557855
0,341387,-1,30,0,0,0,1,10,5,-1,0,0,0,0,-1,-1,-1,0,0,711,-1,-1,-1,-1,-1,-1,2,0,0,0,0,0,8,0,17,1,7,41.79396552,-87.63796278
0,395047,-1,30,1,2,0,1,12,2,2,0,0,0,0,1,-1,-1,11,-1,612,-1,-1,-1,-1,-1,-1,2,0,0,0,0,0,2,0,17,1,7,41.75047493,-87.65388333
0,342644,-1,30,2,2,0,1,10,5,-1,0,0,0,0,-1,-1,-1,0,0,2232,-1,-1,-1,-1,-1,-1,2,0,0,0,0,0,2,0,17,1,7,41.70680448,-87.6502712
0,341310,-1,30,1,2,0,1,10,2,2,0,0,0,0,-1,-1,-1,17,18,1733,-1,-1,-1,-1,-1,-1,2,0,0,0,0,0,2,0,17,1,7,41.94620908,-87.7079582
0,341158,-1,30,0,0,0,1,7,6,-1,0,0,0,0,-1,-1,1,-1,-1,813,-1,-1,-1,-1,-1,-1,2,0,0,0,0,0,1,0,17,1,7,41.78031231,-87.72905739
0,341140,-1,30,0,0,0,1,14,5,-1,2,0,0,1,-1,-1,-1,11,18,913,-1,-1,-1,-1,-1,-1,2,0,0,0,0,0,2,0,17,1,7,41.84049309,-87.66567361
0,341113,-1,30,0,0,0,1,12,5,4,0,0,0,1,-1,-1,1,21,0,722,-1,-1,-1,-1,-1,-1,2,0,0,0,0,0,2,0,17,1,7,41.77540188,-87.6298999
1,341086,-1,30,1,2,0,1,14,5,4,0,0,0,1,1,-1,-1,21,0,2432,-1,-1,-1,-1,-1,-1,2,1,0,0,0,1,1,0,17,1,7,41.99821792,-87.66069526
0,341078,-1,20,0,0,0,1,7,6,1,0,0,0,0,-1,-1,-1,-1,-1,1622,-1,-1,-1,-1,-1,-1,2,0,0,0,0,0,2,0,17,1,7,41.97212582,-87.77112156
0,341095,-1,30,1,2,0,1,10,5,4,0,0,0,0,-1,-1,1,16,-1,633,-1,-1,-1,-1,-1,-1,2,0,0,0,0,0,3,0,16,1,7,41.72215394,-87.60444774
0,341076,-1,30,0,0,0,1,8,2,4,0,0,0,0,-1,-1,1,17,0,124,1,-1,-1,-1,-1,-1,2,0,0,0,0,0,2,0,16,1,7,41.86760731,-87.63905554
0,341308,-1,25,0,0,0,1,10,5,1,0,0,0,0,-1,-1,1,0,-1,323,-1,-1,-1,-1,-1,-1,2,0,0,0,0,0,2,0,16,1,7,41.75876127,-87.59835259
0,343011,-1,30,0,0,0,1,7,6,1,0,0,0,0,-1,-1,1,0,-1,1011,-1,-1,-1,-1,-1,-1,2,0,0,0,0,0,1,0,16,1,7,41.86294595,-87.73349465
0,341053,-1,30,0,0,0,1,14,3,6,0,0,0,0,1,-1,-1,11,0,1023,-1,-1,-1,-1,-1,-1,2,0,0,0,0,0,2,0,16,1,7,41.86311984,-87.69098933
0,341034,-1,30,1,2,0,1,14,2,2,0,0,0,0,1,-1,-1,6,-1,2412,-1,-1,-1,-1,-1,-1,2,0,0,0,0,0,3,0,16,1,7,41.99801926,-87.67701946
0,341080,-1,35,1,2,0,1,10,5,-1,0,0,0,0,1,-1,-1,17,16,833,-1,-1,-1,-1,-1,-1,2,0,0,0,0,0,5,0,16,1,7,41.77469454,-87.7420133