MOST_SEVERE_INJURY,RD_NO,CRASH_DATE_EST_I,POSTED_SPEED_LIMIT,TRAFFIC_CONTROL_DEVICE,DEVICE_CONDITION,WEATHER_CONDITION,LIGHTING_CONDITION,FIRST_CRASH_TYPE,TRAFFICWAY_TYPE,LANE_CNT,ALIGNMENT,ROADWAY_SURFACE_COND,ROAD_DEFECT,CRASH_TYPE,INTERSECTION_RELATED_I,NOT_RIGHT_OF_WAY_I,HIT_AND_RUN_I,PRIM_CONTRIBUTORY_CAUSE,SEC_CONTRIBUTORY_CAUSE,BEAT_OF_OCCURRENCE,PHOTOS_TAKEN_I,STATEMENTS_TAKEN_I,DOORING_I,WORK_ZONE_I,WORK_ZONE_TYPE,WORKERS_PRESENT_I,NUM_UNITS,INJURIES_TOTAL,INJURIES_FATAL,INJURIES_INCAPACITATING,INJURIES_NON_INCAPACITATING,INJURIES_REPORTED_NOT_EVIDENT,INJURIES_NO_INDICATION,INJURIES_UNKNOWN,CRASH_HOUR,CRASH_DAY_OF_WEEK,CRASH_MONTH,LATITUDE,LONGITUDE
0,341090,-1,25,0,0,0,1,10,5,2,0,0,0,1,-1,-1,-1,8,0,2515,-1,-1,-1,-1,-1,-1,3,0,0,0,0,0,3,0,16,1,7,41.91698058,-87.756774
0,341081,-1,30,1,2,0,1,12,1,2,0,0,0,0,1,-1,-1,17,16,2411,-1,-1,-1,-1,-1,-1,2,0,0,0,0,0,2,0,16,1,7,42.01532659,-87.69036469
0,341046,-1,25,0,0,0,1,7,6,1,0,0,0,0,-1,-1,1,0,0,823,-1,-1,-1,-1,-1,-1,2,0,0,0,0,0,1,0,16,1,7,41.78253403,-87.69850956
0,341052,-1,30,-1,-1,0,1,12,6,-1,0,0,-1,0,-1,-1,-1,0,-1,2534,-1,-1,-1,-1,-1,-1,2,0,0,0,0,0,2,0,16,1,7,41.90359514,-87.73198465
0,341049,-1,30,0,0,0,1,10,2,-1,0,0,-1,0,-1,-1,1,0,11,621,-1,-1,-1,-1,-1,-1,2,0,0,0,0,0,4,0,16,1,7,41.75054863,-87.64296472
3,341084,-1,30,1,2,0,1,10,5,4,0,0,-1,1,-1,-1,1,18,0,726,-1,-1,-1,-1,-1,-1,2,1,0,1,0,0,1,0,16,1,7,41.77561351,-87.67395237
0,342123,-1,10,0,0,0,1,10,4,1,0,-1,-1,0,-1,-1,-1,18,18,2433,-1,-1,-1,-1,-1,-1,2,0,0,0,0,0,2,0,16,1,7,41.99786429,-87.66065828
0,341026,-1,35,1,2,0,1,14,1,-1,0,0,0,0,1,-1,1,23,18,912,-1,-1,-1,-1,-1,-1,2,0,0,0,0,0,2,0,16,1,7,41.83752523,-87.66577075
1,341010,-1,35,0,0,0,1,8,5,2,0,0,0,1,1,-1,-1,17,11,735,-1,-1,-1,-1,-1,-1,2,1,0,0,0,1,1,0,16,1,7,41.76489424,-87.67590235
1,341006,-1,30,2,2,0,1,0,5,2,0,0,0,1,1,-1,-1,17,0,815,-1,-1,-1,-1,-1,-1,2,1,0,0,0,1,1,0,16,1,7,41.80039893,-87.72841486
0,341015,-1,30,0,0,0,1,10,3,-1,0,0,0,0,-1,-1,-1,17,16,114,-1,-1,-1,-1,-1,-1,2,0,0,0,0,0,2,0,16,1,7,41.87961903,-87.62420622
0,341011,-1,35,2,2,0,1,2,5,1,1,0,0,1,0,1,1,14,10,1532,-1,-1,-1,-1,-1,-1,1,0,0,0,0,0,1,0,16,1,7,41.88942794,-87.75309915
0,340992,-1,30,0,0,0,1,12,5,-1,0,0,0,0,-1,-1,-1,0,4,2023,-1,-1,-1,-1,-1,-1,2,0,0,0,0,0,3,0,16,1,7,41.98355943,-87.65738202
0,341520,-1,30,1,2,0,1,10,2,4,0,0,0,0,-1,-1,1,16,0,132,-1,-1,-1,-1,-1,-1,2,0,0,0,0,0,2,0,15,1,7,41.86738791,-87.62049103
0,341024,-1,30,0,0,0,1,14,5,-1,0,0,0,0,1,-1,-1,20,0,2534,-1,-1,-1,-1,-1,-1,2,0,0,0,0,0,2,0,15,1,7,41.90972208,-87.73032055
1,341085,-1,30,0,0,0,1,10,2,4,0,0,-1,1,-1,-1,-1,16,18,1433,-1,1,-1,-1,-1,-1,2,1,0,0,0,1,2,0,15,1,7,41.91059711,-87.66210833
0,340977,-1,30,0,0,0,1,0,6,2,0,0,0,0,1,-1,-1,17,-1,1224,-1,-1,-1,-1,-1,-1,2,0,0,0,0,0,2,0,15,1,7,41.88311039,-87.65562735
0,341016,-1,30,0,0,0,1,12,5,-1,0,0,0,0,-1,-1,-1,0,0,1831,-1,-1,-1,-1,-1,-1,2,0,0,0,0,0,2,0,15,1,7,41.89229996,-87.63253078
0,352591,-1,30,0,0,0,1,14,5,2,0,0,0,0,1,-1,-1,22,11,1235,-1,-1,-1,-1,-1,-1,2,0,0,0,0,0,2,0,15,1,7,41.8537851,-87.65323706
0,344227,0,10,0,0,0,1,10,1,-1,0,0,0,0,-1,-1,-1,12,-1,623,-1,-1,-1,-1,-1,-1,2,0,0,0,0,0,2,0,15,1,7,41.75068621,-87.63345977
0,341037,0,40,0,0,0,1,12,3,4,0,0,0,0,-1,-1,1,16,27,114,-1,-1,-1,-1,-1,-1,2,0,0,0,0,0,2,0,15,1,7,41.88450785,-87.61385687
0,341025,-1,15,0,0,0,1,12,7,-1,0,0,0,0,-1,-1,-1,18,0,633,-1,-1,-1,-1,-1,-1,2,0,0,0,0,0,3,0,15,1,7,41.72199187,-87.61470981
4,340985,-1,30,1,2,0,1,14,3,2,0,0,0,1,1,-1,-1,22,-1,2223,-1,0,-1,-1,-1,-1,2,2,1,0,1,0,4,0,15,1,7,41.72136506,-87.64335804
0,341018,-1,30,1,2,0,1,10,2,4,0,0,0,0,-1,-1,-1,0,0,1611,-1,-1,-1,-1,-1,-1,2,0,0,0,0,0,2,0,15,1,7,41.99027583,-87.78095335
0,341282,-1,40,0,0,0,1,10,3,-1,0,0,0,0,-1,-1,-1,18,0,1935,-1,-1,-1,-1,-1,-1,2,0,0,0,0,0,3,0,15,1,7,41.92620072,-87.63133087
0,341027,-1,30,0,0,0,1,14,5,-1,0,0,0,0,-1,-1,1,0,-1,1421,-1,-1,-1,-1,-1,-1,2,0,0,0,0,0,4,0,15,1,7,41.91398946,-87.7070112
0,340969,-1,30,0,0,0,1,7,5,-1,0,0,0,0,-1,-1,1,20,0,1811,-1,-1,-1,-1,-1,-1,2,0,0,0,0,0,1,0,15,1,7,41.9146563,-87.65452807
1,341057,-1,30,1,2,0,1,10,5,2,0,0,3,1,1,-1,1,0,-1,726,-1,-1,-1,-1,-1,-1,2,1,0,0,0,1,1,0,15,1,7,41.77561351,-87.67395237
0,340987,-1,30,0,0,0,1,7,5,2,0,0,0,1,-1,-1,1,0,0,815,-1,-1,-1,-1,-1,-1,2,0,0,0,0,0,1,0,15,1,7,41.80062712,-87.72588868
0,340961,-1,30,1,2,0,1,10,2,2,0,0,0,0,1,-1,-1,16,-1,1713,-1,-1,-1,-1,-1,-1,3,0,0,0,0,0,3,0,15,1,7,41.96711848,-87.70828298
0,340928,-1,25,0,0,0,1,12,5,2,0,0,0,0,-1,-1,-1,0,0,1824,-1,-1,-1,-1,-1,-1,2,0,0,0,0,0,2,0,15,1,7,41.9014775,-87.6265117
0,340975,-1,30,0,0,0,1,10,5,2,0,0,3,1,0,-1,-1,7,16,2012,-1,-1,-1,-1,-1,-1,2,0,0,0,0,0,2,0,14,1,7,41.97610371,-87.68212167
1,340924,-1,25,2,2,0,1,0,6,1,0,0,0,1,1,-1,-1,17,0,2221,-1,-1,-1,-1,-1,-1,2,1,0,0,0,1,2,0,14,1,7,41.73399778,-87.66902665
0,340997,-1,30,1,2,0,1,7,3,2,0,-1,-1,0,1,-1,1,0,0,2232,-1,-1,-1,-1,-1,-1,2,0,0,0,0,0,6,0,14,1,7,41.70701074,-87.64269047
2,340959,-1,30,1,2,0,1,8,2,-1,0,0,0,1,1,-1,-1,21,23,1112,-1,-1,-1,-1,-1,-1,2,1,0,0,1,0,2,0,14,1,7,41.90216858,-87.7166763
0,362004,-1,30,0,0,-1,-1,12,5,-1,0,-1,-1,0,-1,-1,-1,0,-1,2022,-1,-1,-1,-1,-1,-1,2,0,0,0,0,0,2,0,14,1,7,41.985403,-87.65633956
0,340930,-1,35,2,12,0,1,0,5,-1,0,0,0,0,-1,-1,-1,17,0,1912,-1,-1,-1,-1,-1,-1,2,0,0,0,0,0,2,0,14,1,7,41.96526816,-87.67486602
0,340911,-1,30,0,0,0,1,10,2,-1,0,0,0,0,-1,-1,-1,0,0,2521,-1,-1,-1,-1,-1,-1,2,0,0,0,0,0,3,0,14,1,7,41.93166595,-87.74496972
1,340902,1,30,2,2,0,1,10,5,-1,0,0,0,1,-1,-1,-1,0,-1,815,-1,-1,-1,-1,-1,-1,2,1,0,0,0,1,2,0,14,1,7,41.80256592,-87.7247988
0,340949,-1,25,0,-1,0,1,14,5,-1,0,0,0,0,-1,-1,1,23,-1,1724,-1,-1,-1,-1,-1,-1,2,0,0,0,0,0,3,0,14,1,7,41.96218474,-87.70842275
0,340910,-1,30,0,0,0,1,0,12,0,0,0,0,1,1,-1,-1,0,-1,1234,-1,-1,-1,-1,-1,-1,2,0,0,0,0,0,2,0,14,1,7,41.85955978,-87.66634385
2,341048,-1,30,0,0,0,1,10,5,-1,0,0,0,1,-1,-1,-1,-1,-1,813,-1,-1,-1,-1,-1,-1,2,1,0,0,1,0,1,0,14,1,7,41.77833539,-87.74243649
0,340909,-1,30,0,0,0,1,7,5,-1,0,0,0,1,-1,-1,1,-1,-1,1915,-1,-1,-1,-1,-1,-1,2,0,0,0,0,0,1,0,14,1,7,41.96160758,-87.6595065
0,341878,-1,15,-1,-1,-1,-1,7,7,-1,0,-1,-1,0,-1,-1,-1,11,-1,622,-1,-1,-1,-1,-1,-1,2,0,0,0,0,0,3,0,14,1,7,41.74257762,-87.63393693
0,340932,-1,0,0,0,0,1,10,2,2,0,0,0,0,-1,-1,-1,16,18,2023,-1,-1,-1,-1,-1,-1,2,0,0,0,0,0,2,0,14,1,7,41.98377281,-87.65233106
0,340878,-1,30,0,0,0,1,12,5,-1,0,0,0,0,-1,-1,-1,27,-1,111,-1,1,-1,-1,-1,-1,2,0,0,0,0,0,2,0,14,1,7,41.88422003,-87.62458859
0,340892,-1,30,1,2,0,1,12,5,-1,0,0,0,0,1,-1,-1,22,0,2533,-1,-1,-1,-1,-1,-1,2,0,0,0,0,0,4,0,14,1,7,41.90998739,-87.73638639
0,351182,0,5,0,0,-1,-1,7,7,-1,0,-1,-1,0,-1,-1,-1,0,0,812,-1,-1,-1,-1,-1,-1,2,0,0,0,0,0,1,0,14,1,7,41.77776867,-87.7823369
0,345042,-1,30,1,2,0,1,12,12,0,0,0,0,0,1,-1,1,22,11,331,-1,-1,-1,-1,-1,-1,2,0,0,0,0,0,2,0,14,1,7,41.78776746,-87.58655284
0,341397,-1,30,0,0,0,1,0,0,-1,0,0,0,0,-1,-1,-1,16,0,735,-1,-1,-1,-1,-1,-1,2,0,0,0,0,0,2,0,14,1,7,41.76291957,-87.67119781
0,341295,1,25,0,0,0,1,7,5,-1,0,0,0,0,-1,-1,1,22,16,2433,-1,-1,-1,-1,-1,-1,2,0,0,0,0,0,1,0,14,1,7,41.99221664,-87.65761606
0,341120,-1,25,0,0,0,1,7,2,2,0,0,0,0,-1,-1,1,0,0,715,-1,-1,-1,-1,-1,-1,2,0,0,0,0,0,1,0,14,1,7,41.7901634,-87.67555832
0,340870,-1,30,1,2,0,1,10,3,-1,0,0,0,0,1,-1,-1,18,18,731,-1,-1,-1,-1,-1,-1,3,0,0,0,0,0,3,0,13,1,7,41.76534136,-87.62991458
0,340893,-1,30,0,0,0,1,12,5,-1,0,-1,-1,0,-1,-1,-1,22,22,1612,-1,-1,-1,-1,-1,-1,2,0,0,0,0,0,3,0,13,1,7,41.98499182,-87.7878489
0,340880,-1,30,0,0,0,1,12,6,1,0,-1,-1,0,-1,-1,-1,20,20,1923,-1,-1,-1,-1,-1,-1,2,0,0,0,0,0,8,0,13,1,7,41.94899297,-87.65181284
0,340867,-1,30,0,0,0,1,7,2,2,0,0,0,0,-1,-1,-1,20,-1,1233,-1,-1,-1,-1,-1,-1,2,0,0,0,0,0,1,0,13,1,7,41.85773721,-87.66309362
0,340914,-1,25,0,0,0,1,7,6,1,0,0,-1,1,-1,-1,-1,20,-1,2411,-1,-1,-1,-1,-1,-1,2,0,0,0,0,0,2,0,13,1,7,42.00766464,-87.68821859
0,340861,-1,10,0,0,0,1,0,7,-1,0,-1,-1,0,-1,-1,-1,20,17,113,-1,-1,-1,-1,-1,-1,2,0,0,0,0,0,2,0,13,1,7,41.87687878,-87.625411
0,340853,-1,30,1,2,0,1,14,3,-1,0,0,0,0,1,-1,-1,18,16,122,-1,-1,-1,-1,-1,-1,2,0,0,0,0,0,2,0,13,1,7,41.87813818,-87.637065
0,340832,-1,30,0,0,0,1,12,6,2,0,0,0,0,-1,-1,-1,17,17,124,-1,1,-1,-1,-1,-1,2,0,0,0,0,0,4,0,13,1,7,41.86776897,-87.64382552
0,340836,1,30,1,2,0,1,14,2,4,0,0,0,0,1,-1,-1,6,17,634,-1,-1,-1,-1,-1,-1,2,0,0,0,0,0,2,0,13,1,7,41.73616177,-87.62541619
0,340813,-1,30,0,0,0,1,10,2,4,0,0,0,0,-1,-1,1,17,20,631,-1,-1,-1,-1,-1,-1,2,0,0,0,0,0,2,0,13,1,7,41.74562442,-87.6100724
0,340863,-1,5,0,0,0,1,7,7,-1,0,0,0,0,-1,-1,-1,0,0,2211,-1,-1,-1,-1,-1,-1,2,0,0,0,0,0,1,0,13,1,7,41.7135699,-87.68198572
0,347556,1,30,-1,-1,-1,1,10,5,2,0,-1,-1,0,1,-1,-1,-1,-1,234,-1,-1,-1,-1,-1,-1,2,0,0,0,0,0,3,0,13,1,7,41.7997291,-87.58397499
0,343386,-1,30,0,0,0,1,7,7,-1,0,0,0,0,-1,-1,-1,20,-1,924,-1,-1,-1,-1,-1,-1,2,0,0,0,0,0,1,0,13,1,7,41.81944143,-87.66537555
0,341953,-1,30,1,1,0,1,12,6,2,0,0,0,0,-1,-1,1,22,-1,121,-1,-1,-1,-1,-1,-1,2,0,0,0,0,0,2,0,13,1,7,41.88418751,-87.64111967
0,340922,-1,30,-1,-1,0,1,7,7,-1,0,0,-1,0,-1,-1,1,0,-1,2533,-1,-1,-1,-1,-1,-1,2,0,0,0,0,0,3,0,13,1,7,41.91194623,-87.73632108
0,340908,-1,25,0,0,0,1,7,2,2,0,0,0,0,-1,-1,1,0,0,823,-1,-1,-1,-1,-1,-1,2,0,0,0,0,0,1,0,13,1,7,41.7771581,-87.70881862
0,340898,-1,20,0,0,0,1,7,2,2,0,0,0,0,-1,-1,1,0,0,2413,-1,-1,-1,-1,-1,-1,2,0,0,0,0,0,1,0,13,1,7,41.99764156,-87.68973289
0,340862,-1,30,2,2,0,1,0,2,5,0,0,0,1,1,-1,-1,17,17,1433,-1,-1,-1,-1,-1,-1,2,0,0,0,0,0,2,0,13,1,7,41.90914771,-87.66779606
0,340788,-1,30,1,2,0,1,11,5,-1,0,0,0,1,-1,-1,1,21,14,823,-1,-1,-1,-1,-1,-1,3,0,0,0,0,0,4,0,12,1,7,41.77543082,-87.70317527
0,340852,1,30,1,2,0,1,0,5,-1,0,0,0,0,-1,-1,-1,17,-1,2423,-1,-1,-1,-1,-1,-1,2,0,0,0,0,0,2,0,12,1,7,42.01016628,-87.67000513
0,340840,-1,30,0,0,0,1,11,5,-1,0,0,0,1,-1,-1,-1,22,17,1814,-1,-1,-1,-1,-1,-1,2,0,0,0,0,0,2,0,12,1,7,41.92167473,-87.63659454
0,340815,-1,30,0,0,0,1,12,3,4,0,0,0,0,-1,-1,-1,21,0,114,-1,-1,-1,-1,-1,-1,2,0,0,0,0,0,3,0,12,1,7,41.88463625,-87.62431389
0,340770,-1,35,0,0,0,1,12,5,-1,0,0,0,1,-1,-1,-1,25,21,1732,-1,-1,-1,-1,-1,-1,2,0,0,0,0,0,2,0,12,1,7,41.95374014,-87.71338535
0,340783,-1,10,0,0,0,1,2,7,-1,0,0,0,0,-1,1,-1,-1,-1,632,-1,-1,-1,-1,-1,-1,1,0,0,0,0,0,1,0,12,1,7,41.74356768,-87.62295537
0,340760,-1,30,0,0,0,1,7,6,3,0,0,0,0,-1,-1,0,20,-1,224,-1,-1,-1,-1,-1,-1,2,0,0,0,0,0,1,0,12,1,7,41.80458877,-87.62286069
0,340759,-1,30,0,0,0,1,12,2,2,0,0,0,0,-1,-1,1,22,-1,2514,-1,0,-1,-1,-1,-1,2,0,0,0,0,0,2,0,12,1,7,41.93181823,-87.76641305
0,340710,-1,30,1,2,0,1,10,5,4,0,0,0,1,-1,-1,-1,16,0,123,-1,-1,-1,-1,-1,-1,2,0,0,0,0,0,2,0,12,1,7,41.87174062,-87.62767068
0,340739,-1,35,2,2,0,1,0,5,2,0,0,0,1,1,-1,1,0,0,323,-1,-1,-1,-1,-1,-1,2,0,0,0,0,0,2,0,12,1,7,41.75870624,-87.60421055
1,340766,-1,35,1,2,0,1,10,3,-1,0,0,0,1,0,-1,-1,16,12,2234,-1,-1,-1,-1,-1,-1,2,1,0,0,0,1,1,0,12,1,7,41.68522804,-87.64230145
0,340738,-1,30,1,2,0,1,12,2,2,0,0,0,0,-1,-1,1,22,21,411,-1,-1,-1,-1,-1,-1,2,0,0,0,0,0,3,0,12,1,7,41.75677262,-87.59300513
0,340721,-1,30,1,2,0,1,14,8,2,0,0,-1,0,-1,-1,-1,21,-1,1431,-1,-1,-1,-1,-1,-1,2,0,0,0,0,0,3,0,12,1,7,41.92500928,-87.68778345
0,340727,-1,30,0,0,0,1,10,2,2,0,0,0,0,-1,-1,1,0,-1,1234,-1,-1,-1,-1,-1,-1,2,0,0,0,0,0,2,0,11,1,7,41.85228349,-87.67596643
0,340698,-1,30,2,2,0,1,0,5,2,0,0,0,1,1,-1,-1,0,-1,2423,-1,1,-1,-1,-1,-1,2,0,0,0,0,0,3,0,11,1,7,42.01154839,-87.67030776
0,341311,-1,30,0,0,0,1,14,6,-1,0,0,0,0,-1,-1,-1,-1,-1,831,-1,-1,-1,-1,-1,-1,2,0,0,0,0,0,2,0,11,1,7,41.77174501,-87.70550649
0,341277,-1,30,0,0,0,1,7,5,-1,0,0,0,0,-1,-1,1,-1,-1,922,-1,-1,-1,-1,-1,-1,2,0,0,0,0,0,1,0,11,1,7,41.81030256,-87.68864355
0,340673,-1,30,0,0,0,1,7,2,2,0,0,0,0,-1,-1,-1,-1,-1,1821,-1,-1,-1,-1,-1,-1,2,0,0,0,0,0,2,0,11,1,7,41.90394371,-87.63582875
0,344258,-1,30,0,0,0,1,14,7,-1,0,0,-1,0,-1,-1,-1,0,0,622,-1,-1,-1,-1,-1,-1,2,0,0,0,0,0,2,0,11,1,7,41.73638005,-87.62750922
0,341764,-1,30,0,0,0,1,12,6,2,0,0,0,0,-1,-1,-1,-1,-1,1812,-1,-1,-1,-1,-1,-1,2,0,0,0,0,0,2,0,11,1,7,41.92369888,-87.65165422
0,340685,-1,0,0,0,0,1,7,7,-1,0,0,0,0,-1,-1,1,0,0,1934,-1,-1,-1,-1,-1,-1,2,0,0,0,0,0,4,0,11,1,7,41.93284071,-87.64851625
0,340670,-1,25,2,2,0,1,0,5,2,0,0,0,0,1,-1,-1,5,-1,1632,-1,-1,-1,-1,-1,-1,2,0,0,0,0,0,2,0,11,1,7,41.94190199,-87.79711677
0,340648,-1,30,0,0,0,1,12,5,4,0,0,0,0,-1,-1,-1,21,-1,2011,-1,-1,-1,-1,-1,-1,2,0,0,0,0,0,7,0,10,1,7,41.97590825,-87.70143127
0,354895,-1,30,0,0,0,1,10,5,-1,0,0,0,0,-1,-1,-1,0,0,1711,-1,-1,-1,-1,-1,-1,2,0,0,0,0,0,2,0,10,1,7,41.99001556,-87.74695814
0,340634,-1,30,0,0,0,1,10,2,4,0,0,0,0,-1,-1,1,18,0,1413,-1,-1,-1,-1,-1,-1,2,0,0,0,0,0,3,0,10,1,7,41.92457006,-87.71048849
0,340689,-1,30,0,0,0,1,7,6,1,0,0,0,0,-1,-1,1,0,0,923,-1,-1,-1,-1,-1,-1,2,0,0,0,0,0,1,0,10,1,7,41.79911577,-87.69136256
0,340632,-1,30,1,2,0,1,10,3,4,0,0,0,0,-1,-1,-1,-1,-1,123,-1,-1,-1,-1,-1,-1,2,0,0,0,0,0,2,0,10,1,7,41.8677917,-87.6275763
0,340617,-1,30,1,2,0,1,14,6,-1,0,0,0,0,1,-1,1,23,-1,1834,-1,-1,-1,-1,-1,-1,2,0,0,0,0,0,2,0,10,1,7,41.89120784,-87.6151303
0,340655,-1,30,-1,-1,0,1,7,5,2,0,0,-1,0,-1,-1,1,-1,-1,1513,-1,-1,-1,-1,-1,-1,2,0,0,0,0,0,1,0,10,1,7,41.87658035,-87.7648735
0,341926,-1,30,0,0,0,1,14,2,2,0,0,0,0,-1,-1,-1,20,-1,234,-1,-1,-1,-1,-1,-1,2,0,0,0,0,0,5,0,10,1,7,41.79966079,-87.58819825
0,340645,-1,30,-1,-1,0,1,10,5,4,0,0,-1,0,-1,-1,-1,-1,-1,1533,-1,-1,-1,-1,-1,-1,2,0,0,0,0,0,4,0,10,1,7,41.87585396,-87.74524628
0,340620,-1,25,2,2,0,1,7,5,-1,0,0,0,0,-1,-1,1,0,0,1121,-1,-1,-1,-1,-1,-1,2,0,0,0,0,0,1,0,10,1,7,41.89631701,-87.71141261
0,340600,-1,30,1,2,0,1,12,5,2,0,0,0,0,-1,-1,1,0,0,831,-1,-1,-1,-1,-1,-1,2,0,0,0,0,0,2,0,10,1,7,41.76443417,-87.69279451
0,341929,-1,30,0,0,0,3,7,6,1,0,0,0,0,-1,-1,1,0,1,331,-1,-1,-1,-1,-1,-1,2,0,0,0,0,0,1,0,10,1,7,41.76749498,-87.56966381
0,340594,-1,25,0,0,0,1,8,5,2,0,0,0,0,-1,-1,-1,0,-1,2013,-1,-1,-1,-1,-1,-1,2,0,0,0,0,0,2,0,10,1,7,41.98705375,-87.66068093
0,340826,-1,25,0,0,0,1,14,6,4,0,0,0,0,-1,-1,-1,0,0,1834,-1,-1,-1,-1,-1,-1,2,0,0,0,0,0,2,0,10,1,7,41.8920636,-87.61253372
0,342811,-1,30,0,0,0,1,7,2,2,0,0,0,0,-1,-1,1,-1,-1,633,-1,-1,-1,-1,-1,-1,2,0,0,0,0,0,1,0,10,1,7,41.73105232,-87.61787464
0,340585,-1,15,0,0,0,1,7,7,-1,0,0,3,0,-1,-1,1,0,0,413,-1,-1,-1,-1,-1,-1,2,0,0,0,0,0,1,0,10,1,7,41.72776645,-87.58487782
2,340597,-1,30,2,0,2,1,7,5,1,0,0,0,1,1,-1,-1,5,25,2233,-1,-1,-1,-1,-1,-1,2,1,0,0,1,0,0,0,10,1,7,41.69779385,-87.63554613
0,340583,-1,20,0,0,0,1,7,6,-1,0,0,0,0,-1,-1,-1,14,20,513,-1,-1,-1,-1,-1,-1,2,0,0,0,0,0,2,0,10,1,7,41.69442111,-87.63113436
0,340584,-1,15,0,0,0,1,0,7,2,0,0,0,0,-1,-1,-1,17,11,922,-1,-1,-1,-1,-1,-1,2,0,0,0,0,0,7,0,9,1,7,41.80837841,-87.68457072
0,340569,-1,30,0,0,0,1,7,5,2,0,0,0,0,-1,-1,-1,15,11,1915,-1,-1,-1,-1,-1,-1,2,0,0,0,0,0,1,0,9,1,7,41.95725995,-87.64629558
0,340558,-1,25,0,0,0,1,7,6,-1,0,0,0,0,-1,-1,1,0,0,1132,-1,-1,-1,-1,-1,-1,2,0,0,0,0,0,1,0,9,1,7,41.86811512,-87.7240586
0,340551,-1,30,0,0,0,1,10,7,-1,0,-1,-1,0,-1,1,-1,20,-1,1822,-1,-1,-1,-1,-1,-1,2,0,0,0,0,0,2,0,9,1,7,41.90376961,-87.64336894
0,341961,-1,30,0,0,0,1,0,5,-1,0,0,0,0,-1,-1,-1,0,0,1213,-1,-1,-1,-1,-1,-1,2,0,0,0,0,0,2,0,9,1,7,41.89860121,-87.67219368
0,340963,-1,25,0,0,0,1,7,5,2,0,0,0,0,-1,-1,1,0,0,2514,-1,-1,-1,-1,-1,-1,3,0,0,0,0,0,1,0,8,1,7,41.929326,-87.76733457
0,340713,-1,30,0,0,0,3,7,6,1,0,0,0,0,-1,-1,1,0,0,1133,-1,-1,-1,-1,-1,-1,2,0,0,0,0,0,1,0,8,1,7,41.86724604,-87.72028089
0,340500,-1,30,0,0,0,1,5,5,2,0,0,0,0,-1,1,-1,20,-1,1822,-1,-1,-1,-1,-1,-1,1,0,0,0,0,0,1,0,8,1,7,41.90157163,-87.65229669
0,340757,-1,30,0,0,0,1,2,5,2,0,0,0,0,-1,-1,1,0,-1,732,-1,-1,-1,-1,-1,-1,1,0,0,0,0,0,1,0,8,1,7,41.76055305,-87.63469438
0,340461,-1,25,0,0,0,1,2,2,2,0,0,0,0,-1,-1,-1,11,0,1232,-1,-1,-1,-1,-1,-1,1,0,0,0,0,0,1,0,7,1,7,41.86403797,-87.65571486
0,346109,0,30,0,0,0,0,7,6,1,0,0,0,0,-1,-1,1,-1,-1,513,-1,-1,-1,-1,-1,-1,2,0,0,0,0,0,1,0,7,1,7,41.69386847,-87.61204177
0,340820,-1,5,0,0,0,1,5,4,1,0,0,-1,0,-1,1,-1,0,0,413,-1,-1,-1,-1,-1,-1,1,0,0,0,0,0,1,0,7,1,7,41.72247851,-87.58330767
0,340466,-1,30,0,0,0,1,10,5,4,0,0,-1,0,-1,-1,1,18,22,411,-1,-1,-1,-1,-1,-1,2,0,0,0,0,0,2,0,7,1,7,41.74639304,-87.58600537
0,341709,-1,30,0,0,0,1,14,1,6,0,0,0,0,-1,-1,-1,-1,17,811,-1,-1,-1,-1,-1,-1,2,0,0,0,0,0,2,0,6,1,7,41.79185207,-87.8013778
0,340843,1,30,0,0,0,1,7,2,4,0,0,0,0,-1,-1,1,0,0,711,-1,-1,-1,-1,-1,-1,2,0,0,0,0,0,1,0,6,1,7,41.78019356,-87.63519978
2,340431,-1,30,1,2,0,1,9,2,-1,0,0,0,1,-1,-1,0,17,0,1411,-1,-1,-1,-1,-1,-1,2,1,0,0,1,0,1,0,6,1,7,41.93200269,-87.69776242
0,340439,-1,30,0,0,0,1,2,5,4,0,0,0,1,-1,-1,-1,0,0,1224,-1,-1,-1,-1,-1,-1,1,0,0,0,0,0,1,0,5,1,7,41.87909674,-87.6687279
0,340432,-1,30,0,0,0,2,7,6,1,0,0,0,0,-1,-1,-1,18,20,1232,-1,-1,-1,-1,-1,-1,2,0,0,0,0,0,2,0,5,1,7,41.86544307,-87.64520381
0,340532,-1,30,0,0,0,2,7,7,-1,0,-1,-1,0,-1,-1,1,0,-1,1723,-1,-1,-1,-1,-1,-1,2,0,0,0,0,0,2,0,5,1,7,41.96814537,-87.7266671
2,340446,-1,30,0,0,0,1,2,3,2,3,0,0,1,-1,1,-1,4,28,1522,-1,-1,-1,-1,-1,-1,2,1,0,0,1,0,0,0,5,1,7,41.87208577,-87.76443035
0,340414,-1,30,0,0,0,1,12,6,-1,0,0,0,0,-1,-1,-1,21,-1,623,-1,-1,-1,-1,-1,-1,2,0,0,0,0,0,2,0,5,1,7,41.75806853,-87.62651698
0,340416,-1,30,0,0,0,1,7,5,2,0,0,0,1,-1,-1,-1,12,12,1412,-1,-1,-1,-1,-1,-1,3,0,0,0,0,0,1,0,5,1,7,41.93742366,-87.71228231
0,341679,-1,30,0,0,0,4,2,5,2,0,0,0,1,-1,-1,1,-1,-1,123,-1,-1,-1,-1,-1,-1,1,0,0,0,0,0,1,0,5,1,7,41.87517906,-87.62747379