MOST_SEVERE_INJURY,RD_NO,CRASH_DATE_EST_I,POSTED_SPEED_LIMIT,TRAFFIC_CONTROL_DEVICE,DEVICE_CONDITION,WEATHER_CONDITION,LIGHTING_CONDITION,FIRST_CRASH_TYPE,TRAFFICWAY_TYPE,LANE_CNT,ALIGNMENT,ROADWAY_SURFACE_COND,ROAD_DEFECT,CRASH_TYPE,INTERSECTION_RELATED_I,NOT_RIGHT_OF_WAY_I,HIT_AND_RUN_I,PRIM_CONTRIBUTORY_CAUSE,SEC_CONTRIBUTORY_CAUSE,BEAT_OF_OCCURRENCE,PHOTOS_TAKEN_I,STATEMENTS_TAKEN_I,DOORING_I,WORK_ZONE_I,WORK_ZONE_TYPE,WORKERS_PRESENT_I,NUM_UNITS,INJURIES_TOTAL,INJURIES_FATAL,INJURIES_INCAPACITATING,INJURIES_NON_INCAPACITATING,INJURIES_REPORTED_NOT_EVIDENT,INJURIES_NO_INDICATION,INJURIES_UNKNOWN,CRASH_HOUR,CRASH_DAY_OF_WEEK,CRASH_MONTH,LATITUDE,LONGITUDE
0,342893,-1,20,0,12,0,2,7,6,1,0,0,0,0,-1,-1,1,20,-1,1532,1,-1,-1,-1,-1,-1,2,0,0,0,0,0,1,0,5,1,7,41.88231574,-87.7525425
0,340814,1,20,0,0,-1,-1,7,5,-1,0,-1,0,0,-1,-1,1,0,-1,512,-1,-1,-1,-1,-1,-1,2,0,0,0,0,0,1,0,5,1,7,41.7051348,-87.63105315
0,340433,-1,30,1,1,0,1,10,5,4,0,0,0,0,-1,-1,-1,0,18,1231,-1,-1,-1,-1,-1,-1,2,0,0,0,0,0,2,0,4,1,7,41.87347491,-87.67536856
0,340424,-1,30,1,2,0,1,10,5,2,0,0,0,0,1,-1,-1,0,18,1023,-1,-1,-1,-1,-1,-1,2,0,0,0,0,0,2,0,4,1,7,41.85201233,-87.6953856
0,340595,-1,20,0,0,0,0,7,6,1,0,0,0,0,-1,-1,1,20,0,1132,-1,-1,-1,-1,-1,-1,2,0,0,0,0,0,1,0,4,1,7,41.87170805,-87.72762346
2,340376,-1,30,1,2,0,3,3,1,3,0,0,-1,1,1,-1,-1,6,6,1034,-1,-1,-1,-1,-1,-1,2,1,0,0,1,0,2,0,3,1,7,41.85192254,-87.68551698
0,340399,-1,15,0,0,0,3,7,6,1,0,0,0,0,-1,-1,1,0,-1,1733,-1,-1,-1,-1,-1,-1,3,0,0,0,0,0,1,0,3,1,7,41.95255922,-87.71028045
0,340377,-1,35,2,2,0,3,0,5,-1,0,0,0,1,1,-1,-1,17,17,624,-1,-1,-1,-1,-1,-1,2,0,0,0,0,0,2,0,3,1,7,41.75680311,-87.60894847
0,354269,-1,30,1,2,-1,3,10,5,2,0,-1,0,0,-1,-1,-1,16,0,1433,-1,-1,-1,-1,-1,-1,2,0,0,0,0,0,2,0,3,1,7,41.91299941,-87.66760984
0,340471,1,30,10,2,0,3,2,6,1,0,0,0,0,-1,1,1,0,0,923,-1,-1,-1,-1,-1,-1,1,0,0,0,0,0,1,0,3,1,7,41.79919477,-87.6867745
0,340429,-1,0,0,0,-1,-1,7,5,-1,0,-1,0,1,-1,-1,1,0,-1,835,-1,-1,-1,-1,-1,-1,2,0,0,0,0,0,1,0,3,1,7,41.75327697,-87.70401761
0,340359,-1,30,0,0,0,3,7,5,-1,0,0,0,1,-1,-1,1,0,-1,1722,-1,-1,-1,-1,-1,-1,3,0,0,0,0,0,1,0,3,1,7,41.96397106,-87.7291834
0,340369,-1,30,1,2,0,3,0,2,1,0,0,0,1,1,-1,-1,17,16,334,-1,-1,-1,-1,-1,-1,2,0,0,0,0,0,3,0,3,1,7,41.75908027,-87.56622839
2,340351,-1,30,0,0,0,3,7,5,-1,0,0,0,1,-1,-1,-1,0,-1,624,-1,-1,-1,-1,-1,-1,2,1,0,0,1,0,3,0,3,1,7,41.75839258,-87.60960307
0,344162,-1,25,0,0,0,0,12,7,0,0,0,0,0,-1,-1,-1,0,-1,512,-1,-1,-1,-1,-1,-1,2,0,0,0,0,0,2,0,3,1,7,41.70715686,-87.62007048
0,341393,-1,30,0,0,-1,3,7,5,2,0,0,0,0,-1,-1,1,0,-1,1523,-1,-1,-1,-1,-1,-1,2,0,0,0,0,0,1,0,3,1,7,41.88610051,-87.75757723
0,340360,-1,30,0,0,0,3,10,2,2,0,0,0,0,-1,-1,-1,30,18,223,-1,-1,-1,-1,-1,-1,2,0,0,0,0,0,2,0,3,1,7,41.80929361,-87.61527841
0,340341,-1,30,0,0,0,2,7,6,1,0,0,0,0,-1,-1,0,20,16,1132,-1,-1,-1,-1,-1,-1,2,0,0,0,0,0,1,0,2,1,7,41.86718613,-87.72564242
0,340324,-1,15,0,0,0,3,10,0,1,0,0,0,0,-1,-1,-1,20,0,814,-1,-1,-1,-1,-1,-1,2,0,0,0,0,0,3,0,2,1,7,41.81096778,-87.74677287
2,345679,-1,30,-1,-1,-1,4,10,2,4,0,0,-1,1,1,-1,-1,18,18,622,-1,-1,-1,-1,-1,-1,2,1,0,0,1,0,1,0,2,1,7,41.73637382,-87.62723157
0,340319,-1,30,1,2,0,3,14,5,-1,0,0,0,0,1,-1,-1,23,21,1823,-1,1,-1,-1,-1,-1,2,0,0,0,0,0,5,0,2,1,7,41.89668592,-87.63577669
0,342328,-1,30,1,2,0,3,10,5,2,0,-1,-1,0,1,-1,-1,0,0,1925,-1,-1,-1,-1,-1,-1,2,0,0,0,0,0,2,0,2,1,7,41.94462095,-87.64544222
0,340366,-1,30,0,0,0,3,10,-1,-1,0,0,0,0,-1,-1,-1,18,-1,2512,-1,-1,-1,-1,-1,-1,2,0,0,0,0,0,2,0,2,1,7,41.92792702,-87.80624604
0,340363,-1,10,0,0,0,3,7,7,-1,0,0,0,0,-1,-1,-1,22,-1,912,-1,-1,-1,-1,-1,-1,2,0,0,0,0,0,1,0,2,1,7,41.827925,-87.68142896
0,340712,-1,30,0,0,-1,-1,7,5,2,0,-1,0,0,-1,-1,1,0,-1,1935,-1,-1,-1,-1,-1,-1,2,0,0,0,0,0,1,0,2,1,7,41.92658699,-87.64595598
0,340706,1,25,2,0,0,3,7,5,2,0,0,0,0,-1,-1,1,0,0,835,-1,-1,-1,-1,-1,-1,2,0,0,0,0,0,1,0,2,1,7,41.76088252,-87.68818167
0,340463,-1,30,0,0,0,3,7,2,2,0,0,0,0,-1,-1,1,0,-1,1531,-1,-1,-1,-1,-1,-1,2,0,0,0,0,0,1,0,2,1,7,41.89741436,-87.75551436
0,340313,-1,30,1,2,0,3,10,2,2,0,0,0,0,-1,-1,-1,18,7,324,-1,-1,-1,-1,-1,-1,2,0,0,0,0,0,2,0,2,1,7,41.76236192,-87.58637724
0,340310,-1,30,0,0,0,3,12,5,2,0,0,-1,0,-1,-1,-1,22,-1,1925,-1,-1,-1,-1,-1,-1,2,0,0,0,0,0,2,0,2,1,7,41.95035144,-87.64943944
0,340317,0,25,0,0,0,3,7,6,1,0,0,0,0,-1,-1,1,11,-1,1115,-1,-1,-1,-1,-1,-1,2,0,0,0,0,0,1,0,1,1,7,41.87868662,-87.73169638
0,340443,-1,30,0,0,0,0,7,7,0,0,0,0,0,-1,-1,1,20,20,911,-1,-1,-1,-1,-1,-1,2,0,0,0,0,0,1,0,1,1,7,41.82600493,-87.70678077
2,340329,-1,25,2,2,0,3,2,5,2,0,0,0,1,-1,-1,1,0,0,433,-1,-1,-1,-1,-1,-1,1,1,0,0,1,0,0,0,1,1,7,41.65385927,-87.53882226
0,340296,1,30,0,0,0,3,7,5,2,0,0,0,1,-1,-1,0,8,0,1412,-1,-1,-1,-1,-1,-1,3,0,0,0,0,0,1,0,1,1,7,41.93210084,-87.71062496
0,340292,-1,35,0,0,0,3,12,3,8,0,0,1,0,-1,-1,-1,21,29,114,-1,-1,-1,-1,-1,-1,2,0,0,0,0,0,2,0,1,1,7,41.87319589,-87.61693459
0,340328,-1,35,2,0,0,3,10,5,2,0,0,-1,0,1,-1,-1,0,-1,1831,-1,-1,-1,-1,-1,-1,2,0,0,0,0,0,2,0,1,1,7,41.89409747,-87.63421155
0,340391,-1,30,0,0,0,3,10,5,2,0,0,0,0,-1,-1,-1,0,0,512,-1,-1,-1,-1,-1,-1,3,0,0,0,0,0,2,0,1,1,7,41.70665842,-87.60413676
0,340268,-1,30,0,0,0,3,7,6,1,0,0,0,1,-1,-1,1,0,0,623,-1,-1,-1,-1,-1,-1,2,0,0,0,0,0,2,0,1,1,7,41.75317573,-87.61966966
0,340315,-1,30,1,2,0,0,14,5,-1,0,0,0,0,1,-1,-1,0,0,821,-1,-1,-1,-1,-1,-1,2,0,0,0,0,0,2,0,1,1,7,41.80804727,-87.70411882
0,340236,-1,35,1,2,0,3,7,5,2,0,0,0,1,-1,-1,0,25,15,924,-1,-1,-1,-1,-1,-1,4,0,0,0,0,0,1,0,1,1,7,41.81416583,-87.66526796
0,343514,1,25,0,0,0,1,7,6,-1,0,0,0,0,-1,-1,1,16,0,1511,-1,-1,-1,-1,-1,-1,2,0,0,0,0,0,1,0,1,1,7,41.8980523,-87.76657482
0,341074,-1,35,2,12,0,0,0,-1,-1,0,0,-1,1,1,-1,1,5,14,711,-1,-1,-1,-1,-1,-1,2,0,0,0,0,0,3,0,1,1,7,41.78272845,-87.63766621
0,340311,-1,30,0,0,0,2,7,6,1,0,0,-1,1,-1,-1,1,0,-1,1115,-1,-1,-1,-1,-1,-1,2,0,0,0,0,0,1,0,1,1,7,41.87890827,-87.73147215
0,340255,-1,30,0,0,0,0,7,5,-1,0,0,0,1,-1,-1,-1,0,-1,213,-1,-1,-1,-1,-1,-1,3,0,0,0,0,0,1,0,1,1,7,41.82007581,-87.62033241
0,340231,-1,30,0,0,0,3,12,3,2,0,0,0,0,-1,-1,-1,18,-1,924,-1,-1,-1,-1,-1,-1,2,0,0,0,0,0,2,0,0,1,7,41.80856529,-87.6799378
0,340250,-1,30,1,2,0,3,14,3,4,0,0,0,1,1,-1,-1,17,0,2233,-1,-1,-1,-1,-1,-1,2,0,0,0,0,0,10,0,0,1,7,41.69224682,-87.64231622
1,340246,-1,30,0,0,0,3,0,6,1,0,0,0,1,-1,-1,-1,20,-1,1523,-1,-1,-1,-1,-1,-1,2,1,0,0,0,1,1,0,0,1,7,41.88990426,-87.75972776
2,340327,0,30,2,-1,0,3,10,2,2,1,-1,12,1,-1,-1,-1,29,16,913,-1,-1,-1,1,2,-1,2,1,0,0,1,0,3,0,0,1,7,41.84477135,-87.66005478
0,340223,-1,30,0,0,0,0,0,6,2,0,-1,0,0,-1,-1,-1,25,8,122,-1,-1,-1,-1,-1,-1,2,0,0,0,0,0,2,0,0,1,7,41.88583846,-87.63397255
0,340238,-1,25,0,0,0,0,7,6,1,0,0,0,1,-1,-1,1,0,0,1412,-1,-1,-1,-1,-1,-1,2,0,0,0,0,0,1,0,0,1,7,41.93314304,-87.71343679
0,340233,-1,30,0,0,0,3,12,2,2,0,0,0,0,-1,-1,1,18,-1,922,-1,-1,-1,-1,-1,-1,2,0,0,0,0,0,2,0,0,1,7,41.80953142,-87.68461386
2,340230,-1,30,1,2,0,3,0,5,-1,0,0,0,1,1,-1,-1,6,-1,411,-1,-1,-1,-1,-1,-1,2,1,0,0,1,0,1,0,0,1,7,41.75705939,-87.58563502
2,340241,-1,20,0,0,0,3,0,5,2,0,0,0,1,-1,-1,1,17,-1,2512,-1,-1,-1,-1,-1,-1,2,1,0,0,1,0,1,0,0,1,7,41.92939458,-87.77772976
0,340307,-1,30,0,0,0,3,7,6,1,0,0,0,0,-1,-1,-1,-1,-1,2222,-1,-1,-1,-1,-1,-1,2,0,0,0,0,0,1,0,0,1,7,41.7296008,-87.65179686
1,340193,-1,25,2,2,0,3,8,5,-1,0,0,0,1,1,-1,-1,0,0,313,-1,-1,-1,-1,-1,-1,2,1,0,0,0,1,1,0,0,1,7,41.78047899,-87.60832938
0,340198,-1,30,0,0,0,3,7,6,-1,0,0,0,0,-1,-1,0,0,0,221,-1,-1,-1,-1,-1,-1,2,0,0,0,0,0,1,0,0,1,7,41.81054028,-87.61647566
0,340257,-1,30,0,0,0,3,10,5,4,0,0,-1,0,-1,-1,-1,18,0,114,-1,-1,-1,-1,-1,-1,2,0,0,0,0,0,2,0,0,1,7,41.87332165,-87.6206842
0,340191,1,30,0,0,0,3,7,6,2,0,0,0,0,-1,-1,1,-1,-1,1833,-1,-1,-1,-1,-1,-1,2,0,0,0,0,0,1,0,0,1,7,41.90005177,-87.62795459
0,340190,0,30,0,0,0,3,2,3,4,0,0,-1,0,-1,-1,-1,12,-1,2534,-1,-1,-1,-1,-1,-1,1,0,0,0,0,0,1,0,0,1,7,41.90972816,-87.7298612
0,346184,1,30,-1,-1,-1,-1,7,-1,-1,0,-1,-1,0,-1,-1,1,-1,-1,323,-1,-1,-1,-1,-1,-1,2,0,0,0,0,0,1,0,0,1,7,41.76170349,-87.62306898
0,340628,-1,30,0,0,-1,-1,7,12,1,0,-1,0,0,-1,-1,-1,0,0,823,-1,-1,-1,-1,-1,-1,2,0,0,0,0,0,1,0,23,7,7,41.78099203,-87.6971615
0,340208,-1,30,0,0,0,3,7,5,2,0,0,-1,0,-1,-1,0,25,-1,2533,-1,-1,-1,-1,-1,-1,2,0,0,0,0,0,1,0,23,7,7,41.90339055,-87.75565301
0,340207,-1,30,0,0,0,3,7,5,2,0,0,-1,0,-1,-1,0,25,-1,2533,-1,-1,-1,-1,-1,-1,2,0,0,0,0,0,1,0,23,7,7,41.90339055,-87.75565301
0,340189,-1,30,2,2,0,0,0,5,2,0,0,0,1,1,-1,-1,17,0,2515,-1,-1,-1,-1,-1,-1,2,0,0,0,0,0,2,0,23,7,7,41.92405115,-87.76848554
0,340203,-1,30,0,0,0,3,12,5,-1,0,0,0,0,-1,-1,-1,17,-1,1723,-1,-1,-1,-1,-1,-1,2,0,0,0,0,0,5,0,23,7,7,41.96106942,-87.72682576
0,340258,-1,30,2,-1,-1,3,10,5,2,0,-1,-1,0,1,-1,-1,0,-1,1912,-1,-1,-1,-1,-1,-1,2,0,0,0,0,0,2,0,23,7,7,41.95594181,-87.67866265
0,340184,-1,30,2,2,0,3,7,5,2,0,0,0,0,-1,-1,-1,20,16,823,-1,-1,-1,-1,-1,-1,4,0,0,0,0,0,2,0,23,7,7,41.78099372,-87.69703968
0,340199,-1,40,0,0,0,3,12,5,4,0,0,0,0,-1,-1,1,17,11,1814,-1,-1,-1,-1,-1,-1,2,0,0,0,0,0,2,0,23,7,7,41.91295635,-87.62652773
0,340180,1,30,1,2,0,3,14,3,4,0,0,0,1,1,-1,-1,0,0,122,-1,-1,-1,-1,-1,-1,2,0,0,0,0,0,2,0,23,7,7,41.88326168,-87.63719466
0,340165,-1,25,1,2,0,0,12,5,4,0,0,0,0,-1,-1,-1,17,0,2013,-1,-1,-1,-1,-1,-1,2,0,0,0,0,0,3,0,23,7,7,41.98654316,-87.66506686
0,340156,-1,15,0,0,0,0,7,0,1,0,0,0,0,-1,-1,-1,20,-1,734,-1,-1,-1,-1,-1,-1,2,0,0,0,0,0,2,0,23,7,7,41.76507493,-87.65986979
1,340210,-1,30,0,0,0,0,11,7,-1,0,0,0,1,-1,-1,1,20,0,222,-1,-1,-1,-1,-1,-1,2,1,0,0,0,1,1,0,23,7,7,41.80979548,-87.59237387
0,340201,-1,35,1,2,0,4,0,12,6,0,0,0,1,1,-1,-1,6,0,225,-1,-1,-1,-1,-1,-1,2,0,0,0,0,0,4,0,23,7,7,41.7947522,-87.62561859
2,340150,-1,30,1,3,-1,3,14,3,4,0,-1,-1,1,1,-1,-1,0,0,1233,-1,-1,-1,-1,-1,-1,2,1,0,0,1,0,2,0,23,7,7,41.8648761,-87.68608357
0,340147,-1,40,1,2,0,3,10,3,8,0,0,0,1,1,-1,-1,16,18,1833,-1,-1,-1,-1,-1,-1,2,0,0,0,0,0,2,0,23,7,7,41.89681631,-87.61670434
0,340247,-1,20,0,0,0,3,7,6,1,0,0,0,0,-1,1,-1,32,0,632,-1,1,-1,-1,-1,-1,2,0,0,0,0,0,1,0,23,7,7,41.73966468,-87.60262646
0,340161,-1,30,1,2,0,3,14,2,-1,0,0,0,0,-1,-1,-1,0,0,821,-1,-1,-1,-1,-1,-1,2,0,0,0,0,0,2,0,23,7,7,41.81393484,-87.70473043
0,342497,1,20,0,0,-1,-1,7,5,2,0,-1,0,0,-1,-1,1,0,0,413,-1,-1,-1,-1,-1,-1,2,0,0,0,0,0,1,0,23,7,7,41.73227995,-87.5840734
0,341218,-1,25,0,0,0,3,7,2,2,0,0,0,0,-1,-1,1,0,0,831,-1,-1,-1,-1,-1,-1,2,0,0,0,0,0,1,0,23,7,7,41.76331406,-87.69314265
0,340711,1,20,0,0,0,-1,7,7,1,0,0,0,0,-1,-1,1,0,0,2422,-1,-1,-1,-1,-1,-1,2,0,0,0,0,0,1,0,23,7,7,42.01922122,-87.66587906
0,340179,-1,30,0,0,0,0,2,2,-1,0,0,-1,1,-1,-1,-1,12,-1,225,-1,1,-1,-1,-1,-1,1,0,0,0,0,0,1,0,23,7,7,41.80063587,-87.62571139
0,340847,-1,30,1,2,0,3,14,2,4,0,0,0,0,1,-1,-1,17,22,1432,-1,-1,-1,-1,-1,-1,2,0,0,0,0,0,2,0,22,7,7,41.92862183,-87.68762638
1,340123,-1,25,2,2,0,3,0,6,1,0,0,0,1,1,-1,1,0,-1,1713,-1,-1,-1,-1,-1,-1,2,1,0,0,0,1,2,0,22,7,7,41.96852663,-87.70984514
0,340186,1,30,0,0,0,3,7,2,4,0,0,0,0,-1,-1,1,0,-1,2023,-1,-1,-1,-1,-1,-1,2,0,0,0,0,0,1,0,22,7,7,41.98336347,-87.65991421
0,346497,-1,35,0,0,0,0,12,12,3,0,0,0,0,-1,-1,-1,8,-1,332,-1,-1,-1,-1,-1,-1,2,0,0,0,0,0,5,0,22,7,7,41.77266293,-87.5864428
1,340108,-1,30,1,2,0,3,14,5,1,0,0,0,1,1,-1,-1,17,32,1511,-1,-1,-1,-1,-1,-1,2,1,0,0,0,1,1,0,22,7,7,41.89831662,-87.77044199
0,340145,-1,30,-1,-1,-1,-1,10,5,2,0,-1,-1,0,-1,-1,-1,11,0,2513,-1,-1,-1,-1,-1,-1,2,0,0,0,0,0,2,0,22,7,7,41.91593,-87.78507215
0,340142,-1,30,1,2,0,3,12,5,4,0,0,0,0,1,-1,-1,21,21,1834,-1,-1,-1,-1,-1,-1,2,0,0,0,0,0,3,0,22,7,7,41.89120784,-87.6151303
0,340122,-1,30,2,2,0,3,0,5,2,0,-1,-1,0,1,-1,-1,7,9,1733,-1,-1,-1,-1,-1,-1,2,0,0,0,0,0,2,0,22,7,7,41.93947454,-87.69540028
2,340091,-1,30,0,0,0,3,7,5,2,2,0,12,1,-1,-1,-1,0,0,522,-1,-1,-1,-1,-1,-1,2,2,0,0,1,1,1,0,22,7,7,41.67690439,-87.62877942
0,340154,-1,30,1,2,0,3,10,2,-1,0,0,0,0,1,-1,1,18,16,632,-1,-1,-1,-1,-1,-1,2,0,0,0,0,0,3,0,22,7,7,41.74356181,-87.6244758
0,340102,-1,30,-1,-1,-1,-1,12,2,4,0,-1,-1,0,-1,-1,-1,11,0,2533,-1,-1,-1,-1,-1,-1,2,0,0,0,0,0,2,0,22,7,7,41.90953467,-87.74596768
0,340131,-1,30,0,0,0,3,7,5,1,0,0,0,1,-1,1,1,0,25,632,0,-1,-1,-1,-1,-1,4,0,0,0,0,0,3,0,22,7,7,41.73555177,-87.62243462
2,340086,-1,30,12,12,0,3,9,5,-1,0,0,0,1,-1,-1,1,0,-1,1122,-1,-1,-1,-1,-1,-1,2,1,0,0,1,0,1,0,22,7,7,41.87720189,-87.72519949
1,340079,-1,30,1,2,0,3,14,2,-1,0,0,0,1,1,-1,-1,32,17,532,-1,-1,-1,-1,-1,-1,2,2,0,0,0,2,3,0,22,7,7,41.6780107,-87.62065459
0,345138,-1,30,1,0,0,3,10,5,2,0,0,0,0,1,-1,1,0,-1,1214,-1,-1,-1,-1,-1,-1,2,0,0,0,0,0,2,0,22,7,7,41.89092811,-87.64777421
0,340107,-1,30,1,2,0,3,10,6,-1,0,0,0,0,1,-1,1,0,-1,632,-1,-1,-1,-1,-1,-1,2,0,0,0,0,0,3,0,22,7,7,41.73620947,-87.62430552
0,340125,-1,30,2,-1,0,3,11,2,2,0,0,-1,0,1,-1,-1,17,0,2514,-1,-1,-1,-1,-1,-1,2,0,0,0,0,0,4,0,22,7,7,41.93684634,-87.76629089
0,364693,-1,30,0,0,0,1,2,2,-1,0,0,0,0,-1,-1,-1,29,29,1711,-1,-1,-1,-1,-1,-1,1,0,0,0,0,0,1,0,22,7,7,41.99713834,-87.73735951
0,340099,-1,40,0,0,0,0,5,3,8,0,-1,4,0,-1,-1,-1,29,11,211,-1,-1,-1,-1,-1,-1,1,0,0,0,0,0,1,0,22,7,7,41.83841192,-87.60843282
0,340067,-1,10,0,0,0,4,2,0,1,0,0,0,0,-1,-1,-1,0,0,1924,-1,-1,-1,-1,-1,-1,2,0,0,0,0,0,2,0,22,7,7,41.94678795,-87.65203011
3,340127,-1,30,0,0,0,3,9,5,2,0,0,0,1,-1,-1,1,-1,-1,2524,-1,-1,-1,-1,-1,-1,2,1,0,1,0,0,1,0,22,7,7,41.92511856,-87.73676389
0,340124,-1,30,0,0,0,3,10,3,-1,0,-1,-1,0,-1,-1,1,0,0,814,-1,-1,-1,-1,-1,-1,2,0,0,0,0,0,2,0,22,7,7,41.81300304,-87.74344993
0,345157,-1,30,0,0,0,3,0,7,3,2,0,-1,0,-1,1,-1,20,-1,1513,-1,-1,-1,-1,-1,-1,2,0,0,0,0,0,2,0,21,7,7,41.86568527,-87.76574338
1,340088,-1,35,2,-1,0,0,11,2,-1,0,0,0,1,-1,-1,-1,10,0,513,-1,-1,-1,-1,-1,-1,2,2,0,0,0,2,2,0,21,7,7,41.69266306,-87.62569987
0,340468,1,30,-1,-1,0,3,2,6,1,0,0,3,1,-1,-1,1,16,0,522,-1,-1,-1,-1,-1,-1,2,0,0,0,0,0,1,0,21,7,7,41.6836285,-87.62898452
0,340111,-1,35,1,2,0,3,10,5,-1,0,0,0,0,-1,-1,-1,18,18,432,-1,-1,-1,-1,-1,-1,2,0,0,0,0,0,2,0,21,7,7,41.70264303,-87.53542985
0,340059,1,20,0,0,0,3,7,6,1,0,0,0,0,-1,-1,-1,0,-1,2535,-1,-1,-1,-1,-1,-1,2,0,0,0,0,0,1,0,21,7,7,41.90368698,-87.72375038
0,340047,-1,35,0,0,0,3,0,3,6,0,0,0,0,-1,-1,-1,0,0,1834,-1,-1,-1,-1,-1,-1,2,0,0,0,0,0,2,0,21,7,7,41.89097123,-87.62427695
2,340077,-1,30,2,2,0,3,0,5,4,0,0,-1,1,1,-1,-1,0,0,1712,-1,-1,-1,-1,-1,-1,2,1,0,0,1,0,1,0,21,7,7,41.97030372,-87.71356312
0,340035,-1,35,1,2,0,3,14,5,4,0,0,0,1,1,-1,-1,17,23,835,-1,-1,-1,-1,-1,-1,2,0,0,0,0,0,5,0,21,7,7,41.74276607,-87.69249808
0,340031,-1,30,0,0,0,0,2,5,1,0,0,0,1,-1,1,1,0,-1,512,-1,-1,-1,-1,-1,-1,1,0,0,0,0,0,2,0,21,7,7,41.70025523,-87.60639003
0,340104,-1,30,1,2,0,3,12,3,8,0,0,0,0,-1,-1,1,0,-1,114,-1,-1,-1,-1,-1,-1,2,0,0,0,0,0,2,0,21,7,7,41.88431965,-87.62429867
2,340034,-1,20,0,0,0,3,9,6,1,0,0,0,1,-1,-1,-1,-1,-1,832,-1,-1,-1,-1,-1,-1,2,1,0,0,1,0,1,0,21,7,7,41.7637,-87.68674096
0,340027,1,30,1,2,0,3,10,5,-1,0,0,-1,0,-1,-1,1,18,16,1115,-1,-1,-1,-1,-1,-1,3,0,0,0,0,0,3,0,21,7,7,41.88080779,-87.72792323
0,340014,-1,30,0,0,0,3,7,6,-1,0,0,-1,0,-1,-1,-1,20,0,1124,-1,-1,-1,-1,-1,-1,2,0,0,0,0,0,1,0,21,7,7,41.8793449,-87.69811859
2,340006,-1,30,0,0,0,3,8,6,1,0,0,0,1,-1,-1,-1,0,0,1032,-1,-1,-1,-1,-1,-1,2,1,0,0,1,0,1,0,20,7,7,41.84080965,-87.70507495
0,339998,-1,30,0,0,0,0,12,6,1,0,0,0,1,-1,-1,-1,0,0,1221,-1,-1,-1,-1,-1,-1,2,0,0,0,0,0,2,0,20,7,7,41.89384831,-87.6850129
0,339989,-1,30,1,2,0,4,10,5,4,0,0,0,0,1,-1,-1,18,16,914,-1,-1,-1,-1,-1,-1,2,0,0,0,0,0,2,0,20,7,7,41.85774375,-87.63203906
0,339983,-1,30,0,0,0,3,7,3,4,0,0,0,0,-1,-1,1,0,0,2223,-1,-1,-1,-1,-1,-1,2,0,0,0,0,0,1,0,20,7,7,41.71910014,-87.64300323
2,346526,-1,30,0,0,0,1,8,5,-1,0,0,0,1,-1,-1,-1,-1,-1,1911,-1,-1,1,-1,-1,-1,2,1,0,0,1,0,1,0,20,7,7,41.95485438,-87.67907596
0,341105,-1,30,0,0,0,3,12,2,2,0,0,-1,0,-1,-1,1,22,0,1115,-1,-1,-1,-1,-1,-1,2,0,0,0,0,0,2,0,20,7,7,41.880536,-87.73244355
0,340730,-1,30,1,-1,0,3,14,-1,2,0,-1,-1,0,1,-1,-1,0,0,1412,-1,-1,-1,-1,-1,-1,2,0,0,0,0,0,2,0,20,7,7,41.93192434,-87.71238139
0,340139,-1,30,0,0,0,1,7,5,-1,0,0,0,0,-1,-1,1,0,0,511,-1,-1,-1,-1,-1,-1,2,0,0,0,0,0,1,0,20,7,7,41.72155052,-87.63003576
0,340013,-1,35,1,2,0,3,14,3,3,0,0,-1,0,1,-1,-1,23,-1,412,-1,-1,-1,-1,-1,-1,2,0,0,0,0,0,2,0,20,7,7,41.73682263,-87.58578342
-1,339979,1,20,0,0,0,1,7,12,-1,0,0,0,0,-1,-1,-1,0,-1,611,-1,-1,-1,-1,-1,-1,2,-1,-1,-1,-1,-1,-1,-1,20,7,7,41.74761068,-87.67436592
2,339972,-1,30,0,0,0,3,7,3,4,0,0,0,1,-1,-1,-1,27,0,1513,-1,-1,-1,-1,-1,-1,4,2,0,0,1,1,0,0,20,7,7,41.88008346,-87.76819989
0,339968,-1,30,0,0,0,4,10,2,2,0,0,0,0,-1,-1,-1,0,-1,2211,-1,-1,-1,-1,-1,-1,2,0,0,0,0,0,2,0,20,7,7,41.70598566,-87.70851248
0,339975,-1,30,0,-1,0,4,12,5,2,0,0,-1,0,-1,-1,-1,0,0,1522,-1,-1,-1,-1,-1,-1,2,0,0,0,0,0,2,0,20,7,7,41.8730363,-87.75660342
0,340923,-1,15,0,0,0,2,2,0,1,0,0,0,0,-1,-1,-1,0,0,814,-1,-1,-1,-1,-1,-1,1,0,0,0,0,0,1,0,20,7,7,41.81286075,-87.74956335
0,340891,-1,30,1,2,0,4,10,5,-1,0,0,0,0,0,-1,-1,7,11,834,1,-1,-1,-1,-1,-1,2,0,0,0,0,0,2,0,20,7,7,41.73881005,-87.7022372
0,339943,-1,30,0,0,0,1,7,5,4,0,0,0,1,-1,-1,1,0,-1,933,-1,-1,-1,-1,-1,-1,2,0,0,0,0,0,1,0,19,7,7,41.80859096,-87.65742586
0,339941,-1,30,0,0,0,1,11,6,1,0,0,0,0,-1,-1,-1,0,0,632,-1,-1,-1,-1,-1,-1,2,0,0,0,0,0,4,0,19,7,7,41.73471189,-87.6194091
1,339926,-1,30,2,2,0,4,10,5,2,0,0,0,1,-1,-1,-1,11,18,1134,-1,-1,-1,-1,-1,-1,2,6,0,0,0,6,1,0,19,7,7,41.87096051,-87.70106948