MOST_SEVERE_INJURY,RD_NO,CRASH_DATE_EST_I,POSTED_SPEED_LIMIT,TRAFFIC_CONTROL_DEVICE,DEVICE_CONDITION,WEATHER_CONDITION,LIGHTING_CONDITION,FIRST_CRASH_TYPE,TRAFFICWAY_TYPE,LANE_CNT,ALIGNMENT,ROADWAY_SURFACE_COND,ROAD_DEFECT,CRASH_TYPE,INTERSECTION_RELATED_I,NOT_RIGHT_OF_WAY_I,HIT_AND_RUN_I,PRIM_CONTRIBUTORY_CAUSE,SEC_CONTRIBUTORY_CAUSE,BEAT_OF_OCCURRENCE,PHOTOS_TAKEN_I,STATEMENTS_TAKEN_I,DOORING_I,WORK_ZONE_I,WORK_ZONE_TYPE,WORKERS_PRESENT_I,NUM_UNITS,INJURIES_TOTAL,INJURIES_FATAL,INJURIES_INCAPACITATING,INJURIES_NON_INCAPACITATING,INJURIES_REPORTED_NOT_EVIDENT,INJURIES_NO_INDICATION,INJURIES_UNKNOWN,CRASH_HOUR,CRASH_DAY_OF_WEEK,CRASH_MONTH,LATITUDE,LONGITUDE
0,347886,-1,30,0,0,-1,-1,5,5,2,0,-1,1,0,-1,-1,-1,-1,-1,1134,-1,-1,-1,-1,-1,-1,1,0,0,0,0,0,1,0,19,7,7,41.86830297,-87.70099039
2,340614,-1,30,0,0,0,1,8,5,4,0,0,0,1,-1,-1,1,-1,-1,833,-1,-1,-1,-1,-1,-1,2,1,0,0,1,0,1,0,19,7,7,41.77029026,-87.72240132
0,339981,-1,30,2,0,0,1,10,5,-1,0,0,0,0,-1,-1,-1,16,-1,633,-1,-1,-1,-1,-1,-1,2,0,0,0,0,0,2,0,19,7,7,41.72215443,-87.6049024
0,339909,-1,25,0,0,0,1,12,5,2,0,-1,-1,0,-1,-1,1,22,0,1024,-1,-1,-1,-1,-1,-1,2,0,0,0,0,0,2,0,19,7,7,41.84457576,-87.70875263
0,340140,-1,30,2,2,0,3,10,2,2,0,0,0,0,1,-1,-1,7,18,612,-1,-1,-1,-1,-1,-1,2,0,0,0,0,0,2,0,19,7,7,41.75777621,-87.64913735
0,339886,0,40,12,12,0,1,12,6,3,3,0,0,0,-1,-1,-1,21,16,331,-1,-1,-1,-1,-1,-1,2,0,0,0,0,0,2,0,19,7,7,41.78050324,-87.57754788
0,340017,-1,30,-1,-1,0,1,14,2,4,0,0,0,0,-1,-1,-1,23,21,2512,-1,-1,-1,-1,-1,-1,2,0,0,0,0,0,3,0,19,7,7,41.93088753,-87.78597915
0,339898,-1,30,0,0,0,1,10,5,2,0,0,0,1,-1,-1,-1,32,25,831,-1,-1,-1,-1,-1,-1,2,0,0,0,0,0,3,0,19,7,7,41.7646066,-87.69553888
2,339901,-1,30,1,2,0,1,14,3,6,0,0,0,1,1,1,-1,0,0,133,-1,0,-1,-1,-1,-1,2,1,0,0,1,0,1,0,19,7,7,41.84565291,-87.61781639
0,13340015,-1,30,0,0,0,1,7,6,1,0,0,0,0,-1,-1,-1,0,0,531,-1,-1,-1,-1,-1,-1,2,0,0,0,0,0,1,0,19,7,7,41.68781773,-87.60937232
0,339900,-1,15,0,0,0,1,0,12,1,0,0,-1,0,-1,1,-1,20,0,725,-1,-1,-1,-1,-1,-1,2,0,0,0,0,0,2,0,19,7,7,41.77209823,-87.66416462
0,340172,-1,30,-1,-1,0,-1,12,-1,-1,0,0,-1,0,-1,-1,-1,0,-1,1223,-1,-1,-1,-1,-1,-1,3,0,0,0,0,0,3,0,18,7,7,41.87890802,-87.6729718
0,339871,-1,30,0,0,0,1,7,6,-1,0,0,-1,1,-1,-1,1,25,16,331,-1,-1,-1,-1,-1,-1,3,0,0,0,0,0,1,0,18,7,7,41.77345089,-87.56819719
0,339873,-1,30,0,0,0,1,0,5,1,0,0,0,1,-1,-1,1,16,21,332,-1,-1,-1,-1,-1,-1,2,0,0,0,0,0,2,0,18,7,7,41.77153538,-87.57659198
0,339863,-1,25,0,0,0,1,7,5,-1,0,0,0,0,-1,-1,1,16,0,1512,-1,-1,-1,-1,-1,-1,3,0,0,0,0,0,1,0,18,7,7,41.88233166,-87.76624876
0,339925,-1,10,0,0,0,1,7,5,0,0,0,0,0,-1,1,-1,25,-1,123,-1,-1,-1,-1,-1,-1,2,0,0,0,0,0,1,0,18,7,7,41.86967389,-87.63236767
0,343987,-1,25,0,0,0,1,7,6,1,0,0,0,0,-1,-1,-1,0,0,914,-1,-1,-1,-1,-1,-1,2,0,0,0,0,0,1,0,18,7,7,41.8490434,-87.63229067
0,342615,-1,30,0,0,0,1,7,6,-1,0,0,0,0,-1,-1,-1,20,0,2514,-1,-1,-1,-1,-1,-1,2,0,0,0,0,0,1,0,18,7,7,41.93068244,-87.77366427
0,342545,-1,30,0,0,0,1,7,5,2,0,0,0,0,-1,-1,1,0,-1,1214,-1,-1,-1,-1,-1,-1,2,0,0,0,0,0,1,0,18,7,7,41.89637817,-87.64789119
0,340070,-1,15,-1,-1,-1,-1,7,7,-1,0,-1,-1,0,-1,1,-1,21,0,123,-1,-1,-1,-1,-1,-1,2,0,0,0,0,0,2,0,18,7,7,41.86745273,-87.63233424
0,339874,-1,30,1,2,0,1,14,2,2,0,0,0,0,1,-1,-1,23,-1,1433,-1,-1,-1,-1,-1,-1,2,0,0,0,0,0,2,0,18,7,7,41.9105138,-87.6681418
0,341157,-1,0,0,0,0,1,10,6,-1,0,0,0,0,-1,-1,-1,25,-1,323,-1,-1,-1,-1,-1,-1,2,0,0,0,0,0,2,0,18,7,7,41.76247543,-87.62469529
0,340003,-1,15,0,0,0,3,7,0,1,0,0,0,0,-1,-1,-1,0,0,725,-1,-1,-1,-1,-1,-1,2,0,0,0,0,0,1,0,18,7,7,41.77234831,-87.66085902
0,339861,-1,30,0,0,0,1,12,6,1,0,0,0,0,-1,-1,-1,17,0,312,-1,-1,-1,-1,-1,-1,2,0,0,0,0,0,2,0,18,7,7,41.77903628,-87.60850194
1,339888,-1,35,1,2,0,1,11,2,-1,0,0,0,1,-1,-1,1,0,-1,512,-1,-1,-1,-1,-1,-1,2,1,0,0,0,1,1,0,18,7,7,41.70001465,-87.62099061
0,339810,-1,30,0,0,0,1,7,5,2,0,0,0,0,-1,-1,1,0,-1,2423,-1,-1,-1,-1,-1,-1,2,0,0,0,0,0,1,0,18,7,7,42.01169693,-87.66449119
0,339849,-1,30,2,0,0,1,7,5,2,0,0,0,0,-1,-1,1,0,-1,1811,-1,-1,-1,-1,-1,-1,2,0,0,0,0,0,1,0,18,7,7,41.92154159,-87.65949211
0,340964,0,30,0,0,0,1,7,6,2,0,0,0,0,-1,-1,1,0,-1,133,-1,-1,-1,-1,-1,-1,2,0,0,0,0,0,1,0,18,7,7,41.84181934,-87.62809257
0,339985,-1,35,2,2,0,4,0,2,-1,0,0,0,0,1,-1,-1,0,0,1832,-1,-1,-1,-1,-1,-1,2,0,0,0,0,0,2,0,18,7,7,41.89557202,-87.63283708
0,339870,-1,25,2,2,0,1,10,5,1,0,0,0,0,0,-1,-1,18,0,1822,-1,-1,-1,-1,-1,-1,3,0,0,0,0,0,3,0,18,7,7,41.90353654,-87.64752033
0,339798,-1,30,0,0,0,1,2,5,2,0,0,0,1,-1,1,1,0,0,1121,-1,-1,-1,-1,-1,-1,1,0,0,0,0,0,1,0,17,7,7,41.89375695,-87.71433989
0,339805,-1,30,2,2,0,1,14,2,-1,0,0,0,0,1,-1,-1,17,0,921,-1,-1,-1,-1,-1,-1,2,0,0,0,0,0,3,0,17,7,7,41.82112968,-87.69299977
0,339802,-1,35,0,0,0,4,14,5,4,0,0,0,1,-1,-1,-1,16,33,1614,-1,0,-1,-1,-1,-1,2,0,0,0,0,0,4,0,17,7,7,41.97675114,-87.844826
0,339809,1,30,-1,-1,-1,-1,11,5,-1,0,-1,-1,0,-1,-1,1,0,0,1222,-1,-1,-1,-1,-1,-1,2,0,0,0,0,0,2,0,17,7,7,41.88414682,-87.70114617
0,341054,-1,0,0,0,0,1,7,6,1,0,0,0,0,-1,-1,-1,0,0,232,-1,-1,-1,-1,-1,-1,2,0,0,0,0,0,1,0,17,7,7,41.78937523,-87.62899518
0,339892,-1,30,0,0,0,1,10,6,1,0,0,0,0,-1,-1,-1,0,0,332,-1,-1,-1,-1,-1,-1,2,0,0,0,0,0,2,0,17,7,7,41.77143017,-87.58366237
0,339803,-1,30,-1,-1,0,1,7,5,2,0,0,0,1,-1,-1,-1,16,16,333,-1,-1,-1,-1,-1,-1,2,0,0,0,0,0,3,0,17,7,7,41.76246297,-87.57265915
0,339846,-1,30,2,2,0,1,14,5,-1,0,0,0,0,1,-1,-1,23,-1,1214,-1,-1,-1,-1,-1,-1,2,0,0,0,0,0,2,0,17,7,7,41.88670565,-87.64140962
0,339769,-1,30,0,0,0,1,7,6,1,0,0,0,1,-1,-1,-1,-1,-1,332,-1,-1,-1,-1,-1,-1,2,0,0,0,0,0,2,0,17,7,7,41.76633201,-87.57854798
0,340662,-1,30,0,0,0,1,0,5,2,0,0,0,0,-1,-1,-1,17,33,2423,-1,-1,-1,-1,-1,-1,2,0,0,0,0,0,4,0,17,7,7,42.01304483,-87.6725277
0,339796,-1,25,2,0,0,1,0,6,-1,0,0,0,1,1,-1,-1,17,5,2413,-1,-1,-1,-1,-1,-1,2,0,0,0,0,0,2,0,17,7,7,41.99672567,-87.70097185
0,339793,1,30,0,0,0,1,14,5,2,0,0,0,1,1,-1,-1,23,-1,735,-1,-1,-1,-1,-1,-1,2,0,0,0,0,0,2,0,17,7,7,41.76474513,-87.66517139
0,339792,-1,30,0,0,0,1,10,5,-1,0,0,0,0,-1,-1,-1,18,0,312,-1,-1,-1,-1,-1,-1,2,0,0,0,0,0,2,0,17,7,7,41.77651062,-87.61567986
0,339791,-1,30,0,0,0,1,7,5,2,0,0,0,0,-1,-1,1,32,27,1611,-1,-1,-1,-1,-1,-1,2,0,0,0,0,0,1,0,17,7,7,42.00439926,-87.81848576
0,339788,-1,35,2,2,0,1,12,3,3,0,0,0,0,-1,-1,-1,21,-1,112,-1,-1,-1,-1,-1,-1,2,0,0,0,0,0,2,0,17,7,7,41.88026337,-87.62450498
0,339770,-1,30,2,2,0,1,0,5,2,0,0,0,1,1,-1,-1,5,11,1434,-1,-1,-1,-1,-1,-1,2,0,0,0,0,0,3,0,17,7,7,41.91038251,-87.68951732
0,339800,-1,25,1,2,0,1,0,5,1,0,0,0,0,-1,-1,-1,20,0,1834,-1,-1,-1,-1,-1,-1,2,0,0,0,0,0,2,0,17,7,7,41.89310239,-87.6228591
0,339782,1,20,0,0,0,1,7,5,2,0,0,0,0,-1,-1,-1,32,32,1611,-1,-1,-1,-1,-1,-1,2,0,0,0,0,0,1,0,17,7,7,42.00768003,-87.82109303
0,339762,-1,30,0,0,0,1,12,5,2,0,-1,-1,1,-1,-1,-1,17,-1,2423,-1,-1,-1,-1,-1,-1,2,0,0,0,0,0,2,0,17,7,7,42.0120142,-87.66290835
0,339759,-1,30,1,1,0,1,10,5,4,0,0,0,0,0,-1,-1,18,-1,124,-1,-1,-1,-1,-1,-1,2,0,0,0,0,0,6,0,17,7,7,41.86734445,-87.64123828
0,339767,-1,30,0,0,0,1,12,2,4,0,0,0,0,-1,-1,-1,21,-1,2013,-1,-1,-1,-1,-1,-1,2,0,0,0,0,0,2,0,17,7,7,41.98557605,-87.66017649
0,339734,-1,25,0,0,0,1,7,6,2,0,0,0,0,-1,-1,-1,11,-1,2413,-1,-1,-1,-1,-1,-1,2,0,0,0,0,0,1,0,17,7,7,41.99325733,-87.69598503
0,339749,-1,30,1,2,0,1,14,5,4,0,0,0,0,1,-1,-1,17,0,921,-1,-1,-1,-1,-1,-1,2,0,0,0,0,0,4,0,16,7,7,41.82007602,-87.69442145
0,339812,-1,30,0,0,0,1,7,12,-1,0,0,0,0,-1,1,-1,20,20,1814,-1,-1,-1,-1,-1,-1,2,0,0,0,0,0,2,0,16,7,7,41.91250324,-87.63301193
0,339764,-1,30,1,2,0,1,14,5,2,0,0,0,0,1,-1,1,6,-1,1724,-1,-1,-1,-1,-1,-1,2,0,0,0,0,0,3,0,16,7,7,41.96129628,-87.70831067
0,339761,-1,30,1,2,0,1,14,5,2,0,0,0,0,1,-1,-1,17,16,2511,-1,-1,-1,-1,-1,-1,2,0,0,0,0,0,4,0,16,7,7,41.93122854,-87.77611524
0,339745,-1,10,0,0,0,1,10,7,-1,0,0,0,0,-1,-1,-1,20,0,2024,-1,-1,-1,-1,-1,-1,2,0,0,0,0,0,2,0,16,7,7,41.97628306,-87.65514777
2,339687,-1,35,1,2,0,1,14,2,4,0,0,-1,1,1,-1,1,17,23,434,-1,-1,-1,-1,-1,-1,2,1,0,0,1,0,2,0,16,7,7,41.70774567,-87.58461414
0,339719,-1,30,1,2,0,1,12,6,-1,0,0,0,0,-1,-1,-1,23,-1,1224,-1,-1,-1,-1,-1,-1,2,0,0,0,0,0,2,0,16,7,7,41.88336801,-87.66939756
0,339699,1,30,0,0,0,1,10,6,3,2,0,2,0,-1,-1,1,18,25,831,-1,-1,-1,-1,-1,-1,2,0,0,0,0,0,2,0,16,7,7,41.77358965,-87.68973549
0,339710,-1,30,0,0,0,1,10,5,2,0,0,0,0,-1,-1,1,0,-1,924,-1,-1,-1,-1,-1,-1,2,0,0,0,0,0,5,0,16,7,7,41.81391516,-87.66869656
0,352360,-1,30,0,0,0,1,7,7,-1,0,0,0,0,-1,1,-1,0,-1,1822,-1,-1,-1,-1,-1,-1,2,0,0,0,0,0,1,0,16,7,7,41.91075693,-87.65150257
0,340882,-1,0,0,0,0,1,7,7,0,0,0,-1,0,-1,-1,1,0,0,2512,-1,-1,-1,-1,-1,-1,2,0,0,0,0,0,1,0,16,7,7,41.92692481,-87.79275105
0,340700,-1,25,0,0,0,1,7,6,1,0,0,0,0,-1,-1,-1,0,0,833,-1,-1,-1,-1,-1,-1,2,0,0,0,0,0,1,0,16,7,7,41.77188508,-87.73950897
1,339733,-1,35,1,2,0,1,10,3,4,0,0,0,1,-1,-1,-1,18,0,835,-1,-1,-1,-1,-1,-1,2,1,0,0,0,1,2,0,16,7,7,41.74995164,-87.70216496
0,339714,-1,30,1,2,0,1,10,3,-1,0,0,-1,0,1,-1,-1,18,16,725,-1,-1,-1,-1,-1,-1,2,0,0,0,0,0,2,0,16,7,7,41.77199041,-87.66386774
0,339666,-1,30,2,2,0,1,0,5,1,0,0,0,1,1,-1,-1,10,16,323,-1,-1,-1,-1,-1,-1,2,0,0,0,0,0,2,0,16,7,7,41.76387624,-87.61053069
0,339735,-1,30,0,0,0,1,12,5,-1,0,0,0,0,-1,-1,1,0,0,513,-1,-1,-1,-1,-1,-1,2,0,0,0,0,0,2,0,16,7,7,41.69440268,-87.6209382
0,339729,-1,25,1,2,0,1,10,5,4,0,0,0,0,-1,-1,-1,16,18,1532,-1,-1,-1,-1,-1,-1,2,0,0,0,0,0,3,0,16,7,7,41.89142316,-87.74582768
0,339691,-1,30,1,2,0,1,10,2,4,0,0,0,0,-1,-1,-1,0,-1,413,-1,-1,-1,-1,-1,-1,2,0,0,0,0,0,3,0,16,7,7,41.72244946,-87.58500357
0,341986,-1,30,0,0,-1,1,7,5,-1,0,0,0,0,-1,-1,-1,0,-1,2512,-1,-1,-1,-1,-1,-1,2,0,0,0,0,0,1,0,16,7,7,41.92198993,-87.7837099
0,339885,-1,30,0,0,0,1,10,5,-1,0,0,0,0,-1,-1,-1,20,-1,1814,-1,-1,-1,-1,-1,-1,2,0,0,0,0,0,2,0,16,7,7,41.9138643,-87.63344132
0,339775,-1,15,0,0,0,1,14,5,-1,0,0,0,0,-1,0,-1,23,-1,1834,-1,-1,-1,-1,-1,-1,2,0,0,0,0,0,2,0,16,7,7,41.89209414,-87.61156988
0,339709,-1,30,0,-1,0,1,10,5,2,0,0,-1,0,-1,-1,-1,18,18,813,-1,-1,-1,-1,-1,-1,2,0,0,0,0,0,2,0,16,7,7,41.79300648,-87.73302576
3,339679,-1,30,2,2,0,1,7,5,2,0,0,0,1,-1,-1,-1,15,25,1522,-1,-1,-1,-1,-1,-1,2,4,0,4,0,0,0,0,16,7,7,41.88218964,-87.76076899
0,339755,-1,30,0,0,0,1,7,5,-1,0,0,0,0,-1,-1,-1,0,-1,1131,-1,-1,-1,-1,-1,-1,2,0,0,0,0,0,1,0,15,7,7,41.87516676,-87.74216784
0,339707,-1,25,0,0,0,1,10,2,4,0,0,0,0,-1,-1,-1,0,0,1032,-1,-1,-1,-1,-1,-1,2,0,0,0,0,0,2,0,15,7,7,41.84080965,-87.70507495
0,339649,-1,30,1,2,0,1,10,3,2,0,-1,-1,0,1,-1,-1,7,7,1533,-1,-1,-1,-1,-1,-1,2,0,0,0,0,0,5,0,15,7,7,41.88048265,-87.75499392
0,339673,-1,30,2,2,0,1,14,5,4,0,0,0,0,1,-1,-1,17,16,2531,-1,-1,-1,-1,-1,-1,2,0,0,0,0,0,2,0,15,7,7,41.90924902,-87.76709896
0,339653,-1,30,0,0,0,1,8,5,2,2,0,0,0,-1,-1,1,0,19,1613,-1,-1,-1,-1,-1,-1,2,0,0,0,0,0,2,0,15,7,7,41.97870722,-87.79628842
0,339633,-1,30,1,2,0,1,12,5,-1,0,0,0,0,-1,-1,-1,17,-1,1033,-1,-1,-1,-1,-1,-1,2,0,0,0,0,0,5,0,15,7,7,41.84655829,-87.69539825
0,339662,-1,20,0,0,0,1,12,5,4,0,0,0,0,-1,-1,-1,21,-1,824,-1,-1,-1,-1,-1,-1,2,0,0,0,0,0,5,0,15,7,7,41.7871287,-87.68399483
2,339647,-1,30,0,0,0,1,8,6,1,0,0,0,1,-1,-1,-1,10,-1,1712,-1,-1,-1,-1,-1,-1,2,1,0,0,1,0,1,0,15,7,7,41.97026106,-87.71998247
2,339686,-1,30,1,2,0,1,12,3,2,0,0,0,1,1,-1,-1,7,23,1513,-1,-1,-1,-1,-1,-1,3,1,0,0,1,0,3,0,15,7,7,41.87277222,-87.76473185
0,340507,-1,10,0,0,0,1,2,0,-1,2,0,0,1,-1,-1,-1,14,-1,524,-1,-1,-1,-1,-1,-1,1,0,0,0,0,0,1,0,15,7,7,41.67380448,-87.65259444
0,340254,-1,30,0,0,0,1,12,2,2,0,0,0,0,-1,-1,-1,0,0,314,-1,-1,-1,-1,-1,-1,2,0,0,0,0,0,2,0,15,7,7,41.78018394,-87.59604946
0,340105,-1,30,-1,-1,0,1,10,5,4,0,0,-1,0,-1,-1,-1,18,-1,914,-1,-1,-1,-1,-1,-1,2,0,0,0,0,0,2,0,15,7,7,41.85089709,-87.63833602
0,339815,-1,30,0,0,0,1,12,6,1,0,-1,-1,0,-1,-1,-1,20,11,1622,-1,-1,-1,-1,-1,-1,2,0,0,0,0,0,2,0,15,7,7,41.96595979,-87.77563925
0,339738,-1,30,1,2,0,1,10,5,-1,0,0,0,0,-1,-1,1,20,0,1225,-1,-1,-1,-1,-1,-1,2,0,0,0,0,0,2,0,15,7,7,41.87272044,-87.67666041
0,339703,-1,30,-1,-1,0,1,10,5,-1,0,-1,-1,0,-1,-1,-1,0,-1,1124,-1,-1,-1,-1,-1,-1,2,0,0,0,0,0,2,0,15,7,7,41.87739611,-87.69633892
0,339619,-1,25,0,0,0,1,14,2,2,0,0,0,0,-1,-1,1,0,0,823,-1,-1,-1,-1,-1,-1,2,0,0,0,0,0,2,0,15,7,7,41.778862,-87.70325542
0,339598,-1,30,1,-1,0,1,10,5,-1,0,0,-1,0,-1,-1,-1,16,-1,112,-1,-1,-1,-1,-1,-1,2,0,0,0,0,0,2,0,15,7,7,41.88059334,-87.62758605
0,339609,-1,0,0,0,0,1,2,7,2,0,0,-1,0,-1,1,-1,0,0,1613,-1,1,-1,-1,-1,-1,1,0,0,0,0,0,1,0,15,7,7,41.9764216,-87.78864761
0,339625,-1,30,0,0,0,1,12,6,1,0,0,0,0,-1,-1,-1,11,0,623,-1,-1,-1,-1,-1,-1,2,0,0,0,0,0,5,0,15,7,7,41.75010033,-87.62914033
0,339581,-1,30,0,0,0,1,0,6,1,0,0,0,0,-1,-1,-1,17,-1,234,-1,-1,-1,-1,-1,-1,2,0,0,0,0,0,3,0,15,7,7,41.79827699,-87.5822687
0,339724,-1,25,1,2,0,1,0,5,2,0,0,0,1,-1,-1,-1,6,17,311,-1,-1,-1,-1,-1,-1,2,0,0,0,0,0,4,0,15,7,7,41.78550296,-87.62068692
0,339603,-1,30,12,12,0,1,10,5,3,0,0,0,0,-1,-1,1,18,0,1833,-1,-1,-1,-1,-1,-1,2,0,0,0,0,0,5,0,15,7,7,41.89670239,-87.61884851
0,19384801,-1,30,0,0,0,1,7,6,1,0,0,0,0,-1,-1,-1,20,0,1724,-1,-1,-1,-1,-1,-1,2,0,0,0,0,0,1,0,15,7,7,41.96199272,-87.70323215
1,341050,-1,30,0,0,0,1,7,2,2,0,0,0,1,-1,-1,-1,0,-1,1512,-1,-1,-1,-1,-1,-1,3,1,0,0,0,1,1,0,15,7,7,41.88684826,-87.76524445
0,339827,-1,10,0,0,0,1,7,5,-1,0,0,0,0,-1,-1,1,0,0,813,-1,-1,-1,-1,-1,-1,2,0,0,0,0,0,1,0,15,7,7,41.774923,-87.74232096
0,339692,-1,10,0,0,0,1,2,12,-1,0,0,0,0,-1,-1,-1,0,0,1822,-1,-1,-1,-1,-1,-1,1,0,0,0,0,0,1,0,15,7,7,41.90157163,-87.65229669
0,339668,-1,30,0,0,0,1,11,4,-1,0,0,0,0,-1,-1,-1,20,0,912,-1,-1,-1,-1,-1,-1,2,0,0,0,0,0,2,0,15,7,7,41.83726894,-87.66619316
1,339652,-1,30,0,0,0,1,9,5,2,0,0,0,1,-1,-1,1,0,0,2212,-1,-1,-1,-1,-1,-1,2,1,0,0,0,1,1,0,15,7,7,41.69636244,-87.66052553
0,339627,-1,30,1,2,0,1,10,5,2,0,0,0,0,-1,-1,-1,8,18,531,-1,-1,-1,-1,-1,-1,2,0,0,0,0,0,2,0,15,7,7,41.6889361,-87.62115217
0,339614,-1,25,0,0,0,1,7,5,1,0,0,0,1,-1,-1,1,-1,-1,2423,-1,-1,-1,-1,-1,-1,5,0,0,0,0,0,2,0,15,7,7,42.0139601,-87.66966371
1,339593,-1,30,0,0,0,1,7,2,2,0,0,-1,1,-1,-1,-1,17,0,2531,-1,-1,-1,-1,-1,-1,2,1,0,0,0,1,2,0,15,7,7,41.91004508,-87.77510199
0,339569,-1,30,1,2,0,1,10,3,-1,0,0,0,0,-1,-1,-1,18,-1,1912,-1,-1,-1,-1,-1,-1,2,0,0,0,0,0,2,0,15,7,7,41.96868409,-87.6762767
0,339583,-1,30,0,0,0,1,12,5,-1,0,0,0,0,-1,-1,-1,17,-1,931,-1,-1,-1,-1,-1,-1,2,0,0,0,0,0,7,0,14,7,7,41.80844382,-87.67015962
0,339560,-1,20,2,2,0,1,14,5,-1,0,0,0,0,1,-1,-1,17,-1,925,-1,-1,-1,-1,-1,-1,2,0,0,0,0,0,2,0,14,7,7,41.81341768,-87.64064406
0,339752,-1,30,2,2,0,1,10,2,4,0,0,0,0,-1,-1,0,18,25,124,-1,-1,-1,-1,-1,-1,2,0,0,0,0,0,5,0,14,7,7,41.86717513,-87.63937581
0,339620,-1,30,1,2,0,1,14,5,4,0,0,0,0,1,-1,-1,10,3,1113,-1,-1,-1,-1,-1,-1,2,0,0,0,0,0,2,0,14,7,7,41.88614041,-87.7357597
0,339689,-1,30,0,0,0,1,10,2,-1,0,0,0,0,-1,-1,-1,0,0,921,-1,-1,-1,-1,-1,-1,2,0,0,0,0,0,7,0,14,7,7,41.82142366,-87.69205649
0,339562,-1,15,0,0,0,1,7,0,-1,0,0,0,1,-1,-1,-1,0,-1,813,-1,-1,-1,-1,-1,-1,2,0,0,0,0,0,1,0,14,7,7,41.7780523,-87.72504023
2,339526,-1,35,0,0,0,1,7,2,2,0,0,0,1,-1,-1,-1,21,0,1624,-1,-1,0,-1,-1,-1,2,1,0,0,1,0,0,0,14,7,7,41.95958524,-87.75339464
0,355597,-1,30,1,-1,0,1,14,5,-1,0,0,-1,0,-1,-1,-1,17,-1,1811,-1,-1,-1,-1,-1,-1,2,0,0,0,0,0,2,0,14,7,7,41.91089626,-87.65659027
0,340896,-1,15,0,0,0,1,0,7,2,0,0,0,0,-1,1,-1,17,20,1913,-1,-1,-1,-1,-1,-1,2,0,0,0,0,0,2,0,14,7,7,41.96334428,-87.65632107
3,339612,-1,35,0,0,0,1,14,5,4,2,0,2,1,-1,-1,1,18,0,834,-1,-1,-1,-1,-1,-1,2,3,0,1,2,0,2,0,14,7,7,41.7405717,-87.71534297
0,339597,-1,35,1,2,0,1,14,5,-1,0,0,0,0,1,-1,-1,22,0,1433,-1,-1,-1,-1,-1,-1,2,0,0,0,0,0,2,0,14,7,7,41.91059033,-87.66262412
0,339531,-1,20,0,0,0,1,7,5,2,0,0,0,0,-1,-1,1,-1,-1,2222,-1,-1,-1,-1,-1,-1,2,0,0,0,0,0,1,0,14,7,7,41.73399665,-87.65352775
0,339539,-1,35,1,2,0,1,10,1,-1,0,0,0,1,1,-1,-1,18,18,331,-1,-1,-1,-1,-1,-1,2,0,0,0,0,0,5,0,14,7,7,41.79142028,-87.58014777
3,339610,-1,30,0,0,0,1,9,6,-1,0,0,0,1,-1,-1,1,16,33,823,-1,-1,-1,-1,-1,-1,2,1,0,1,0,0,1,0,14,7,7,41.77801281,-87.70052978
0,339572,-1,30,0,0,0,1,7,5,-1,0,0,0,0,-1,-1,1,-1,-1,1922,-1,-1,-1,-1,-1,-1,2,0,0,0,0,0,2,0,14,7,7,41.94547167,-87.6725422
0,339544,-1,30,0,0,0,1,10,5,-1,0,0,0,0,-1,-1,-1,0,0,913,-1,-1,-1,-1,-1,-1,2,0,0,0,0,0,3,0,14,7,7,41.83417152,-87.64875749
0,339671,-1,30,0,0,0,1,10,5,-1,0,0,0,0,-1,-1,1,22,17,2223,-1,-1,-1,-1,-1,-1,2,0,0,0,0,0,2,0,14,7,7,41.73578527,-87.64375883
0,339545,-1,15,1,2,0,1,0,5,2,0,0,0,0,-1,-1,-1,21,-1,733,-1,-1,-1,-1,-1,-1,2,0,0,0,0,0,2,0,14,7,7,41.76503487,-87.64941139
0,339744,-1,30,1,2,0,1,12,3,-1,0,0,0,0,1,-1,-1,4,17,331,-1,-1,-1,-1,-1,-1,3,0,0,0,0,0,3,0,13,7,7,41.78624052,-87.57739834
0,339496,-1,30,1,2,0,1,14,5,4,0,0,0,1,1,-1,-1,0,-1,1411,-1,-1,-1,-1,-1,-1,2,0,0,0,0,0,3,0,13,7,7,41.93228718,-87.68795009
0,339509,-1,0,0,0,0,1,10,7,-1,0,0,-1,0,-1,1,-1,17,-1,1613,-1,-1,-1,-1,-1,-1,2,0,0,0,0,0,2,0,13,7,7,41.97454295,-87.81134688
0,349246,-1,30,1,2,0,1,10,5,-1,0,0,0,0,1,-1,-1,7,6,1832,-1,-1,-1,-1,-1,-1,2,0,0,0,0,0,2,0,13,7,7,41.89257422,-87.62842558
0,339455,-1,30,1,2,0,1,12,2,2,0,0,0,0,1,-1,-1,22,0,621,-1,-1,-1,-1,-1,-1,2,0,0,0,0,0,2,0,13,7,7,41.75054956,-87.64418837
0,339533,-1,30,0,-1,0,1,12,6,1,0,0,-1,0,-1,-1,-1,11,11,632,-1,-1,-1,-1,-1,-1,2,0,0,0,0,0,2,0,13,7,7,41.74324733,-87.62293648
0,341761,1,30,1,2,0,1,10,5,3,0,0,-1,0,1,-1,1,18,-1,922,-1,-1,-1,-1,-1,-1,2,0,0,0,0,0,2,0,13,7,7,41.81421181,-87.7038199
0,339711,-1,30,0,0,0,1,12,5,-1,0,0,0,0,-1,-1,1,17,-1,922,-1,-1,-1,-1,-1,-1,2,0,0,0,0,0,3,0,13,7,7,41.81154557,-87.68466652