MOST_SEVERE_INJURY,RD_NO,CRASH_DATE_EST_I,POSTED_SPEED_LIMIT,TRAFFIC_CONTROL_DEVICE,DEVICE_CONDITION,WEATHER_CONDITION,LIGHTING_CONDITION,FIRST_CRASH_TYPE,TRAFFICWAY_TYPE,LANE_CNT,ALIGNMENT,ROADWAY_SURFACE_COND,ROAD_DEFECT,CRASH_TYPE,INTERSECTION_RELATED_I,NOT_RIGHT_OF_WAY_I,HIT_AND_RUN_I,PRIM_CONTRIBUTORY_CAUSE,SEC_CONTRIBUTORY_CAUSE,BEAT_OF_OCCURRENCE,PHOTOS_TAKEN_I,STATEMENTS_TAKEN_I,DOORING_I,WORK_ZONE_I,WORK_ZONE_TYPE,WORKERS_PRESENT_I,NUM_UNITS,INJURIES_TOTAL,INJURIES_FATAL,INJURIES_INCAPACITATING,INJURIES_NON_INCAPACITATING,INJURIES_REPORTED_NOT_EVIDENT,INJURIES_NO_INDICATION,INJURIES_UNKNOWN,CRASH_HOUR,CRASH_DAY_OF_WEEK,CRASH_MONTH,LATITUDE,LONGITUDE
0,339582,-1,15,0,0,0,1,7,7,-1,0,0,0,0,-1,-1,-1,0,0,2533,-1,-1,-1,-1,-1,-1,2,0,0,0,0,0,1,0,13,7,7,41.90976453,-87.7433763
0,339565,-1,35,0,0,0,1,10,3,-1,0,0,0,0,-1,-1,-1,18,-1,1925,-1,-1,-1,-1,-1,-1,3,0,0,0,0,0,3,0,13,7,7,41.94050251,-87.63844367
0,339520,-1,20,0,0,0,1,14,5,-1,0,0,0,0,-1,-1,-1,17,0,1925,-1,-1,-1,-1,-1,-1,2,0,0,0,0,0,2,0,13,7,7,41.95166472,-87.64729885
0,339511,-1,30,0,0,0,1,14,2,-1,0,0,0,1,1,-1,1,0,0,931,-1,-1,-1,-1,-1,-1,2,0,0,0,0,0,2,0,13,7,7,41.80300165,-87.67225188
0,339471,-1,35,1,2,0,1,12,5,-1,0,0,0,0,-1,-1,-1,17,0,1733,-1,-1,-1,-1,-1,-1,2,0,0,0,0,0,2,0,13,7,7,41.93940387,-87.71204577
2,339470,-1,25,0,2,0,1,10,3,2,0,0,0,1,-1,-1,-1,33,18,311,-1,-1,-1,-1,-1,-1,2,1,0,0,1,0,2,0,13,7,7,41.78016356,-87.62092513
0,339571,-1,30,1,2,0,1,10,5,2,0,0,0,0,-1,1,-1,18,16,834,-1,-1,-1,-1,-1,-1,2,0,0,0,0,0,2,0,13,7,7,41.73875175,-87.70223568
0,339484,-1,30,0,0,0,1,10,2,4,0,0,0,0,-1,-1,-1,0,-1,1531,-1,-1,-1,-1,-1,-1,2,0,0,0,0,0,2,0,13,7,7,41.8950961,-87.74806073
0,339441,-1,30,1,2,0,1,14,5,4,0,0,0,0,1,-1,-1,17,-1,1411,-1,-1,-1,-1,-1,-1,2,0,0,0,0,0,2,0,13,7,7,41.92878824,-87.69767217
0,339440,-1,30,1,2,0,1,10,2,2,0,0,0,0,-1,-1,1,17,16,1733,-1,-1,-1,-1,-1,-1,2,0,0,0,0,0,3,0,13,7,7,41.94624222,-87.69816646
0,339428,-1,25,2,0,0,1,2,5,-1,0,0,0,0,-1,1,-1,12,0,1624,-1,-1,-1,-1,-1,-1,1,0,0,0,0,0,1,0,13,7,7,41.95625783,-87.7620291
0,339499,-1,30,0,0,0,1,7,7,-1,0,0,0,0,-1,-1,-1,20,-1,1233,-1,-1,-1,-1,-1,-1,2,0,0,0,0,0,2,0,13,7,7,41.86631603,-87.66623252
0,347234,-1,10,0,0,0,1,0,7,-1,0,0,0,0,-1,-1,-1,20,-1,1613,-1,-1,-1,-1,-1,-1,2,0,0,0,0,0,2,0,13,7,7,41.97461823,-87.80843119
0,341414,0,30,0,0,0,-1,7,6,1,0,0,0,0,-1,-1,1,0,0,331,0,-1,-1,-1,-1,-1,2,0,0,0,0,0,1,0,13,7,7,41.76910526,-87.57500909
0,339418,-1,30,0,0,0,1,14,2,4,0,0,0,0,-1,-1,-1,0,-1,1533,-1,-1,-1,-1,-1,-1,2,0,0,0,0,0,2,0,13,7,7,41.86946173,-87.74544882
0,339503,-1,20,0,0,0,1,2,5,-1,2,0,0,0,-1,1,1,-1,11,222,-1,-1,-1,-1,-1,-1,1,0,0,0,0,0,2,0,12,7,7,41.80406818,-87.59715767
2,339360,-1,30,0,0,0,1,9,5,2,0,0,0,1,-1,-1,-1,-1,-1,1234,-1,-1,-1,-1,-1,-1,2,1,0,0,1,0,1,0,12,7,7,41.85390785,-87.67546476
0,339408,-1,30,1,2,0,1,14,5,2,0,0,0,0,1,-1,-1,23,11,921,-1,0,-1,-1,-1,-1,2,0,0,0,0,0,4,0,12,7,7,41.82287809,-87.68499292
0,339420,-1,30,1,2,0,1,10,2,2,0,0,0,0,-1,-1,-1,16,18,1613,-1,-1,-1,-1,-1,-1,3,0,0,0,0,0,3,0,12,7,7,41.96949156,-87.78814309
0,339482,-1,30,1,2,0,1,10,5,2,0,0,0,0,1,-1,-1,18,-1,631,0,0,-1,-1,-1,-1,2,0,0,0,0,0,2,0,12,7,7,41.74389296,-87.61490398
2,339405,-1,30,1,2,0,1,10,5,0,0,0,0,1,1,-1,-1,18,16,1122,-1,-1,-1,-1,-1,-1,4,6,0,0,1,5,3,0,12,7,7,41.88086516,-87.72337597
0,339386,-1,30,0,0,0,1,14,2,4,0,0,0,0,-1,-1,-1,17,23,2212,-1,-1,-1,-1,-1,-1,2,0,0,0,0,0,5,0,12,7,7,41.70476063,-87.68142347
0,339430,-1,30,1,2,0,1,0,2,2,2,0,0,1,1,-1,-1,6,6,1225,-1,-1,-1,-1,-1,-1,2,0,0,0,0,0,4,0,12,7,7,41.87618617,-87.67667397
2,339387,-1,30,0,0,0,1,9,2,2,0,0,0,1,-1,-1,1,20,0,1434,-1,-1,-1,-1,-1,-1,2,1,0,0,1,0,1,0,12,7,7,41.91629913,-87.68682686
0,346458,-1,30,1,2,0,1,10,5,2,0,0,0,0,-1,-1,-1,0,-1,923,-1,-1,-1,-1,-1,-1,3,0,0,0,0,0,5,0,12,7,7,41.79712338,-87.70351161
0,339695,-1,10,0,0,0,1,0,7,-1,0,0,0,0,-1,1,-1,0,0,925,-1,-1,-1,-1,-1,-1,2,0,0,0,0,0,2,0,12,7,7,41.82343237,-87.64120789
0,339480,-1,30,0,0,0,1,7,5,-1,0,0,-1,0,-1,-1,1,0,-1,1621,-1,-1,-1,-1,-1,-1,2,0,0,0,0,0,1,0,12,7,7,41.99827504,-87.76158182
0,339376,-1,30,0,0,0,1,7,2,-1,0,0,0,0,-1,-1,-1,21,-1,925,-1,-1,-1,-1,-1,-1,2,0,0,0,0,0,1,0,12,7,7,41.81033768,-87.64421885
0,339363,-1,25,1,2,0,1,10,5,2,0,0,0,0,-1,-1,-1,16,0,413,-1,-1,-1,-1,-1,-1,2,0,0,0,0,0,3,0,12,7,7,41.72802767,-87.57564107
0,339398,-1,15,0,0,0,1,12,6,1,0,0,0,0,-1,-1,-1,0,0,2524,-1,-1,-1,-1,-1,-1,2,0,0,0,0,0,3,0,12,7,7,41.93122441,-87.71977149
0,348040,-1,30,0,0,-1,1,5,4,-1,0,-1,-1,0,-1,-1,-1,0,-1,2433,-1,-1,-1,-1,-1,-1,2,0,0,0,0,0,1,0,12,7,7,41.99133231,-87.65670468
0,339417,-1,30,0,0,0,1,10,2,-1,0,0,0,0,-1,-1,-1,18,-1,1421,-1,-1,-1,-1,-1,-1,2,0,0,0,0,0,2,0,12,7,7,41.91732124,-87.70356168
0,339377,-1,30,0,0,0,1,0,0,1,0,0,0,0,-1,-1,-1,17,20,1434,-1,-1,-1,-1,-1,-1,2,0,0,0,0,0,2,0,12,7,7,41.91223143,-87.68870452
0,339403,-1,30,0,0,0,1,12,5,2,0,0,0,0,-1,-1,1,22,-1,632,-1,-1,-1,-1,-1,-1,2,0,0,0,0,0,2,0,12,7,7,41.74367448,-87.61641921
0,339379,-1,30,2,12,0,1,0,5,2,0,0,0,1,-1,-1,-1,17,33,531,-1,-1,-1,-1,-1,-1,2,0,0,0,0,0,2,0,12,7,7,41.68993314,-87.621163
0,339357,-1,30,0,0,0,1,10,5,-1,0,0,0,1,1,-1,-1,18,-1,2223,-1,-1,-1,-1,-1,-1,2,0,0,0,0,0,2,0,12,7,7,41.72138257,-87.64072606
0,339353,-1,30,0,0,0,1,12,6,1,0,0,0,1,-1,-1,-1,17,-1,1632,-1,-1,-1,-1,-1,-1,2,0,0,0,0,0,2,0,12,7,7,41.94384442,-87.80557442
0,339350,-1,35,0,0,0,1,14,5,2,0,0,0,0,-1,-1,-1,17,-1,1711,-1,-1,-1,-1,-1,-1,2,0,0,0,0,0,2,0,12,7,7,41.99721576,-87.7131832
0,339887,-1,30,0,0,0,1,7,6,1,0,0,0,0,-1,-1,-1,0,-1,1031,-1,-1,-1,-1,-1,-1,2,0,0,0,0,0,1,0,12,7,7,41.8357689,-87.71807139
0,339380,-1,30,2,-1,0,1,0,1,3,0,0,-1,1,1,-1,1,17,33,1922,-1,-1,-1,-1,-1,-1,2,0,0,0,0,0,2,0,12,7,7,41.95255607,-87.6691488
0,339369,-1,30,0,0,0,1,7,6,1,0,0,0,1,-1,-1,0,32,27,1623,-1,-1,-1,-1,-1,-1,7,0,0,0,0,0,1,0,11,7,7,41.96545143,-87.7626216
0,339393,-1,30,1,2,0,1,12,5,5,0,0,0,0,-1,-1,1,16,0,832,-1,-1,-1,-1,-1,-1,2,0,0,0,0,0,2,0,11,7,7,41.76461295,-87.68309387
0,345509,-1,30,1,2,0,1,10,6,-1,0,0,-1,0,-1,-1,-1,17,-1,1624,-1,-1,-1,-1,-1,-1,2,0,0,0,0,0,2,0,11,7,7,41.95535102,-87.74747733
0,339294,-1,15,0,0,0,1,7,7,-1,0,0,0,0,-1,-1,1,0,-1,1711,-1,-1,-1,-1,-1,-1,2,0,0,0,0,0,1,0,11,7,7,41.99664301,-87.71203667
0,339319,-1,30,1,2,0,1,10,2,2,0,0,0,0,1,-1,-1,0,-1,1513,-1,-1,-1,-1,-1,-1,2,0,0,0,0,0,2,0,11,7,7,41.87965071,-87.77449442
0,339306,-1,0,0,0,0,1,14,2,-1,0,0,0,0,-1,-1,-1,23,0,1034,-1,-1,-1,-1,-1,-1,2,0,0,0,0,0,2,0,11,7,7,41.85205721,-87.67633989
2,339346,-1,30,0,0,0,1,12,2,4,0,0,0,1,-1,-1,-1,17,-1,2512,-1,-1,-1,-1,-1,-1,2,1,0,0,1,0,2,0,11,7,7,41.92343444,-87.80223309
1,339335,-1,25,0,0,0,1,2,12,-1,0,0,0,1,-1,1,1,25,16,2234,-1,-1,-1,-1,-1,-1,1,1,0,0,0,1,1,0,11,7,7,41.69167249,-87.65872638
1,339303,-1,25,0,0,0,1,7,6,-1,0,0,0,1,-1,-1,1,25,16,2234,-1,-1,-1,-1,-1,-1,2,1,0,0,0,1,1,0,11,7,7,41.69204408,-87.654384
0,339332,-1,30,0,0,0,1,7,6,1,0,0,0,0,-1,-1,-1,11,13,2012,-1,-1,-1,-1,-1,-1,2,0,0,0,0,0,2,0,11,7,7,41.97772235,-87.68064013
0,346369,1,30,1,-1,-1,1,10,5,2,0,-1,-1,0,1,-1,-1,-1,-1,321,-1,-1,-1,-1,-1,-1,2,0,0,0,0,0,2,0,11,7,7,41.77496273,-87.59622062
0,339497,-1,0,0,0,0,1,5,7,0,0,0,0,0,-1,-1,-1,-1,-1,2234,-1,-1,-1,-1,-1,-1,2,0,0,0,0,0,1,0,11,7,7,41.69093337,-87.65870614
0,339314,-1,30,0,0,0,1,7,6,-1,0,0,0,1,-1,-1,-1,0,0,1924,-1,-1,-1,-1,-1,-1,2,0,0,0,0,0,2,0,11,7,7,41.94333699,-87.66213909
0,339313,-1,25,0,0,0,1,7,5,-1,0,0,0,0,-1,-1,-1,0,0,835,-1,-1,-1,-1,-1,-1,2,0,0,0,0,0,1,0,11,7,7,41.73711553,-87.69103646
2,339260,-1,30,0,0,0,1,10,2,4,0,0,0,1,1,-1,-1,13,-1,1432,-1,-1,-1,-1,-1,-1,2,1,0,0,1,0,1,0,11,7,7,41.91985603,-87.68733647
0,352774,-1,30,2,2,0,1,0,5,-1,0,0,0,0,1,-1,-1,17,-1,511,-1,-1,-1,-1,-1,-1,2,0,0,0,0,0,2,0,11,7,7,41.71098893,-87.60914093
1,339280,-1,30,1,2,0,1,14,2,4,0,0,0,1,1,-1,-1,17,17,1911,-1,-1,-1,-1,-1,-1,2,1,0,0,0,1,1,0,11,7,7,41.9541207,-87.68858958
0,339382,-1,20,0,0,0,1,7,6,-1,0,0,0,0,-1,-1,1,18,0,1935,-1,-1,-1,-1,-1,-1,2,0,0,0,0,0,1,0,11,7,7,41.92739819,-87.64419938
0,339254,-1,30,2,3,0,1,14,2,-1,0,0,0,0,-1,-1,-1,18,-1,2524,-1,-1,-1,-1,-1,-1,2,0,0,0,0,0,2,0,11,7,7,41.92457857,-87.7281233
1,339302,-1,0,0,0,0,1,0,12,2,0,0,0,1,-1,1,-1,0,-1,332,-1,-1,-1,-1,-1,-1,2,1,0,0,0,1,3,0,10,7,7,41.77336841,-87.57663855
0,339249,-1,25,0,0,0,1,7,5,2,0,0,0,0,-1,-1,-1,0,-1,1235,-1,-1,-1,-1,-1,-1,2,0,0,0,0,0,1,0,10,7,7,41.85877703,-87.65449664
0,339241,-1,30,0,0,0,1,12,6,-1,0,0,0,0,-1,-1,-1,21,-1,622,-1,-1,-1,-1,-1,-1,2,0,0,0,0,0,2,0,10,7,7,41.74407903,-87.62549652
0,339223,-1,30,2,2,0,1,2,6,1,0,0,0,0,0,-1,-1,0,-1,432,-1,-1,-1,-1,-1,-1,1,0,0,0,0,0,1,0,10,7,7,41.70260691,-87.5280288
0,339218,-1,30,0,0,0,1,10,5,4,0,0,12,0,-1,-1,-1,28,18,1233,-1,-1,-1,-1,-1,-1,2,0,0,0,0,0,2,0,10,7,7,41.86421491,-87.66646841
0,339318,-1,0,0,0,0,1,5,2,2,0,0,0,0,-1,-1,1,0,0,222,-1,-1,-1,-1,-1,-1,2,0,0,0,0,0,1,0,10,7,7,41.81526632,-87.60045516
3,339227,-1,30,0,0,0,1,7,6,-1,0,0,0,1,-1,-1,-1,-1,-1,2522,-1,-1,-1,-1,-1,-1,2,1,0,1,0,0,0,0,10,7,7,41.92032943,-87.7316982
0,339220,-1,30,1,2,0,1,12,5,-1,0,0,0,0,-1,-1,-1,22,16,622,-1,-1,-1,-1,-1,-1,2,0,0,0,0,0,2,0,10,7,7,41.73852748,-87.64170134
0,339188,-1,10,0,0,0,1,7,7,-1,0,0,0,0,-1,1,-1,0,-1,2432,-1,1,-1,-1,-1,-1,2,0,0,0,0,0,3,0,10,7,7,41.99822679,-87.66725463
0,339216,-1,30,1,2,0,1,12,2,2,0,0,0,0,1,-1,-1,0,-1,1113,-1,-1,-1,-1,-1,-1,2,0,0,0,0,0,2,0,10,7,7,41.87694841,-87.74472981
0,339200,-1,40,0,0,0,1,10,3,-1,0,0,0,1,-1,-1,-1,18,-1,1833,-1,-1,-1,-1,-1,-1,2,0,0,0,0,0,2,0,10,7,7,41.89757622,-87.6173485
2,339308,-1,30,-1,-1,0,1,10,5,-1,0,0,0,1,1,-1,-1,18,0,1732,-1,-1,-1,-1,-1,-1,2,1,0,0,1,0,1,0,10,7,7,41.93931966,-87.71264129
2,339222,-1,35,1,2,0,1,14,2,4,0,0,0,1,1,-1,-1,17,17,2535,-1,-1,-1,-1,-1,-1,2,3,0,0,3,0,5,0,10,7,7,41.90982994,-87.72145164
0,339195,-1,35,1,2,0,1,0,12,-1,0,0,0,0,1,-1,-1,17,11,1614,-1,-1,-1,-1,-1,-1,2,0,0,0,0,0,4,0,10,7,7,41.95216886,-87.8367752
0,339238,-1,30,2,0,0,1,7,3,4,0,0,0,1,-1,-1,-1,0,0,331,1,1,-1,-1,-1,-1,2,0,0,0,0,0,1,0,10,7,7,41.77954128,-87.58007068
0,339182,-1,30,0,0,0,1,7,5,-1,0,0,0,0,-1,-1,-1,13,-1,2412,-1,-1,-1,-1,-1,-1,4,0,0,0,0,0,1,0,10,7,7,41.99797501,-87.68192611
0,339181,-1,30,0,0,0,1,5,5,2,0,0,0,0,-1,-1,-1,21,-1,1821,-1,-1,-1,-1,-1,-1,2,0,0,0,0,0,3,0,10,7,7,41.90664097,-87.63472003
2,339171,-1,35,1,0,0,1,14,3,-1,0,0,0,1,-1,-1,-1,17,-1,611,-1,-1,-1,-1,-1,-1,2,1,0,0,1,0,1,0,9,7,7,41.75026224,-87.66358012
0,339185,-1,30,0,0,0,-1,7,5,2,0,0,0,0,-1,-1,1,0,-1,432,-1,-1,-1,-1,-1,-1,2,0,0,0,0,0,1,0,9,7,7,41.7065983,-87.53785189
0,339347,-1,0,0,0,0,1,10,7,-1,0,0,0,0,-1,-1,-1,11,0,2211,-1,-1,-1,-1,-1,-1,2,0,0,0,0,0,2,0,9,7,7,41.70646456,-87.68177
0,339152,-1,30,0,0,0,-1,7,2,-1,0,0,0,0,-1,-1,0,0,0,1411,-1,-1,-1,-1,-1,-1,2,0,0,0,0,0,1,0,9,7,7,41.9321372,-87.7070539
0,339158,-1,30,1,2,0,1,10,5,4,0,0,0,0,-1,-1,-1,18,-1,1621,-1,-1,-1,-1,-1,-1,2,0,0,0,0,0,8,0,9,7,7,41.99581329,-87.7641859
0,352464,-1,5,0,0,-1,1,7,7,1,0,-1,-1,0,-1,-1,1,0,0,914,1,-1,-1,-1,-1,-1,2,0,0,0,0,0,1,0,9,7,7,41.83887233,-87.64615097
0,339144,-1,30,0,0,0,1,14,2,2,0,0,0,0,-1,-1,1,23,17,1112,-1,-1,-1,-1,-1,-1,2,0,0,0,0,0,2,0,9,7,7,41.89510734,-87.7259256
1,340090,-1,40,0,0,0,1,10,3,4,0,0,0,1,-1,-1,1,0,0,114,-1,-1,-1,-1,-1,-1,2,1,0,0,0,1,1,0,9,7,7,41.87575626,-87.61751568
0,339140,-1,30,1,2,0,1,14,6,2,0,0,0,1,1,-1,-1,21,-1,1834,-1,-1,-1,-1,-1,-1,2,0,0,0,0,0,2,0,9,7,7,41.89182349,-87.62531771
0,343230,-1,30,0,0,0,1,7,5,2,0,0,-1,0,-1,-1,1,20,0,1925,-1,-1,-1,-1,-1,-1,2,0,0,0,0,0,1,0,9,7,7,41.94011888,-87.6473371
0,339193,-1,15,0,0,0,1,7,0,1,0,0,0,0,-1,-1,-1,20,-1,2013,-1,-1,-1,-1,-1,-1,2,0,0,0,0,0,1,0,9,7,7,41.98984652,-87.66327993
0,339134,-1,30,0,0,0,1,10,2,-1,0,0,1,0,-1,-1,-1,18,-1,911,-1,-1,-1,1,-1,-1,2,0,0,0,0,0,4,0,9,7,7,41.82803514,-87.70469773
0,339546,-1,40,0,0,0,1,10,3,-1,0,0,0,0,-1,-1,-1,16,0,1834,-1,-1,-1,-1,-1,-1,2,0,0,0,0,0,2,0,8,7,7,41.89507884,-87.61584666
0,339258,-1,35,0,0,0,1,2,5,-1,0,0,0,0,-1,-1,-1,0,0,1712,-1,-1,-1,-1,-1,-1,2,0,0,0,0,0,1,0,8,7,7,41.97154417,-87.71970999
2,339124,-1,45,3,0,0,1,10,12,3,0,0,0,1,-1,-1,-1,0,-1,211,-1,-1,-1,-1,-1,-1,3,2,0,0,2,0,2,0,8,7,7,41.8320182,-87.60660606
0,339126,-1,30,1,2,0,1,0,5,-1,0,0,0,1,1,-1,-1,6,17,2411,-1,-1,-1,-1,-1,-1,2,0,0,0,0,0,2,0,8,7,7,42.00867159,-87.69031084
0,339120,-1,0,0,0,0,1,11,7,2,0,0,0,0,-1,1,-1,0,-1,431,-1,-1,-1,-1,-1,-1,2,0,0,0,0,0,2,0,8,7,7,41.72224382,-87.58496912
0,339106,-1,0,0,0,0,1,7,7,0,0,0,0,0,-1,-1,-1,20,-1,1622,-1,-1,-1,-1,-1,-1,2,0,0,0,0,0,1,0,8,7,7,41.97693689,-87.76907431
0,339105,-1,30,0,0,0,1,12,5,4,0,0,0,0,-1,-1,-1,21,-1,1611,-1,-1,-1,-1,-1,-1,2,0,0,0,0,0,2,0,8,7,7,42.00025913,-87.80691447
0,339095,-1,30,0,0,0,1,14,2,-1,0,0,0,0,1,-1,-1,18,-1,821,-1,-1,-1,-1,-1,-1,2,0,0,0,0,0,2,0,8,7,7,41.80530314,-87.70404138
0,339128,-1,30,0,0,0,1,10,5,3,0,0,0,0,1,-1,-1,18,-1,2511,-1,-1,-1,-1,-1,-1,2,0,0,0,0,0,3,0,8,7,7,41.938029,-87.79705174
0,350447,-1,30,0,0,-1,-1,7,5,-1,0,-1,-1,0,-1,-1,1,0,0,632,-1,-1,-1,-1,-1,-1,2,0,0,0,0,0,1,0,8,7,7,41.74210805,-87.60751329
0,339100,1,30,0,0,0,1,14,5,1,0,0,0,0,-1,-1,1,20,17,1611,-1,-1,-1,-1,-1,-1,2,0,0,0,0,0,2,0,7,7,7,42.01311048,-87.81911727
0,339631,1,30,0,0,0,2,7,5,2,0,0,0,0,-1,-1,1,0,-1,815,-1,-1,-1,-1,-1,-1,4,0,0,0,0,0,1,0,7,7,7,41.7968619,-87.73414509
2,339093,-1,30,2,2,0,1,14,12,2,0,0,0,1,1,-1,-1,5,-1,623,-1,-1,-1,-1,-1,-1,2,1,0,0,1,0,2,0,7,7,7,41.75643461,-87.61842046
0,339206,-1,30,2,3,0,1,0,2,-1,0,0,0,0,-1,-1,-1,17,-1,1221,-1,-1,-1,-1,-1,-1,2,0,0,0,0,0,2,0,7,7,7,41.89412642,-87.67714842
0,339119,-1,30,0,0,0,1,2,12,-1,0,0,0,0,-1,1,-1,0,-1,114,-1,-1,-1,-1,-1,-1,1,0,0,0,0,0,1,0,7,7,7,41.87437694,-87.62408588
0,339077,-1,30,0,0,0,1,5,5,2,0,0,0,1,-1,-1,1,0,-1,434,-1,-1,-1,-1,-1,-1,1,0,0,0,0,0,1,0,7,7,7,41.70570574,-87.58631682
0,339068,-1,30,1,2,0,1,0,5,-1,0,0,0,1,1,-1,-1,3,16,1111,-1,1,-1,-1,-1,-1,2,0,0,0,0,0,3,0,7,7,7,41.8987412,-87.73591726
0,339991,-1,30,0,0,0,1,10,5,2,0,0,0,0,-1,-1,-1,18,16,1634,-1,-1,-1,-1,-1,-1,3,0,0,0,0,0,3,0,7,7,7,41.94616036,-87.75290525
0,339058,-1,40,0,0,0,1,12,3,8,0,0,0,0,-1,-1,-1,21,-1,114,-1,-1,-1,-1,-1,-1,2,0,0,0,0,0,2,0,6,7,7,41.88306216,-87.61613324
0,339055,-1,15,0,0,0,1,2,0,1,0,0,0,1,-1,1,-1,11,11,1033,-1,-1,-1,-1,-1,-1,1,0,0,0,0,0,1,0,6,7,7,41.84563547,-87.70398497
0,339059,-1,30,0,0,0,1,7,5,-1,0,0,0,0,-1,-1,1,0,0,832,-1,-1,-1,-1,-1,-1,2,0,0,0,0,0,1,0,6,7,7,41.77023566,-87.68535294
0,339161,-1,30,1,2,0,1,10,5,5,0,0,0,0,-1,-1,-1,0,-1,911,-1,-1,-1,-1,-1,-1,2,0,0,0,0,0,2,0,6,7,7,41.8290461,-87.70442767
0,339051,-1,30,0,0,0,2,7,5,2,0,0,0,1,-1,-1,1,0,-1,612,-1,-1,-1,-1,-1,-1,2,0,0,0,0,0,1,0,6,7,7,41.75298706,-87.64910272
0,339023,-1,30,0,0,0,-1,7,5,-1,0,0,0,1,-1,-1,1,0,-1,1925,-1,-1,-1,-1,-1,-1,3,0,0,0,0,0,1,0,4,7,7,41.95017257,-87.64454816
0,339000,-1,30,0,0,0,3,10,5,3,0,0,0,0,-1,-1,1,11,21,1232,-1,-1,-1,-1,-1,-1,2,0,0,0,0,0,2,0,4,7,7,41.87804348,-87.64818021
3,339001,-1,30,0,0,0,3,2,3,4,0,0,0,1,-1,-1,-1,14,0,1821,-1,1,-1,-1,-1,-1,1,1,0,1,0,0,0,0,3,7,7,41.90711008,-87.63317483
3,338985,-1,30,1,2,0,3,9,5,4,0,0,0,1,1,-1,-1,-1,-1,1824,-1,-1,-1,-1,-1,-1,2,1,0,1,0,0,1,0,3,7,7,41.90781375,-87.62562343
0,338993,-1,30,0,0,0,3,2,6,-1,0,0,0,1,-1,-1,-1,0,-1,1124,-1,-1,-1,-1,-1,-1,1,0,0,0,0,0,1,0,3,7,7,41.87605086,-87.69969025
0,339113,-1,30,0,0,0,3,7,5,-1,0,0,0,0,-1,-1,1,20,-1,922,-1,-1,-1,-1,-1,-1,2,0,0,0,0,0,1,0,3,7,7,41.8076113,-87.6891563
0,338977,-1,30,1,2,0,3,10,3,8,0,0,0,1,1,-1,-1,16,18,114,-1,-1,-1,-1,-1,-1,2,0,0,0,0,0,3,0,3,7,7,41.87332197,-87.61716696
0,338973,-1,35,0,0,0,0,12,6,-1,0,0,0,0,1,-1,-1,0,0,1831,-1,-1,-1,-1,-1,-1,2,0,0,0,0,0,2,0,3,7,7,41.8930372,-87.63700422
2,338962,-1,30,0,0,0,3,8,5,2,0,0,0,1,-1,-1,1,21,33,1812,-1,-1,1,-1,-1,-1,2,1,0,0,1,0,1,0,3,7,7,41.92277357,-87.64481201
0,339629,-1,30,0,0,0,0,7,6,-1,0,0,0,0,-1,-1,1,-1,-1,1215,-1,-1,-1,-1,-1,-1,2,0,0,0,0,0,1,0,3,7,7,41.89521979,-87.67012372
0,339118,1,30,0,0,2,1,7,5,-1,0,0,0,1,-1,-1,1,27,0,1931,-1,-1,-1,-1,-1,-1,2,0,0,0,0,0,1,0,3,7,7,41.93403075,-87.68034274
0,339005,-1,30,0,0,0,3,10,5,2,0,0,0,0,-1,-1,1,18,-1,922,-1,-1,-1,-1,-1,-1,2,0,0,0,0,0,3,0,3,7,7,41.81417323,-87.70388321
0,338965,-1,30,0,0,0,3,7,6,-1,0,0,0,0,-1,-1,-1,0,-1,1925,-1,-1,-1,-1,-1,-1,2,0,0,0,0,0,1,0,3,7,7,41.94533019,-87.64919259
2,338978,-1,30,0,0,0,3,6,3,4,0,0,0,1,-1,-1,-1,27,-1,814,-1,-1,-1,-1,-1,-1,1,1,0,0,1,0,0,0,2,7,7,41.81789428,-87.74359697
0,338976,-1,30,0,0,0,3,12,5,2,0,0,0,1,-1,-1,-1,16,0,2534,-1,-1,-1,-1,-1,-1,2,0,0,0,0,0,2,0,2,7,7,41.9082257,-87.72661505
0,338956,-1,25,0,0,0,3,7,6,-1,0,0,0,1,-1,-1,-1,0,0,2514,-1,-1,-1,-1,-1,-1,3,0,0,0,0,0,1,0,2,7,7,41.93332067,-87.7575962
0,338942,-1,20,0,0,0,3,7,6,1,0,0,0,0,-1,-1,-1,20,-1,631,-1,-1,-1,-1,-1,-1,2,0,0,0,0,0,1,0,2,7,7,41.74549655,-87.61099045
0,338950,-1,30,0,0,0,0,7,6,1,0,0,0,0,-1,-1,1,0,-1,1122,-1,-1,-1,-1,-1,-1,2,0,0,0,0,0,1,0,2,7,7,41.89288885,-87.72219202
0,338938,-1,35,2,2,0,0,14,2,-1,0,0,0,0,1,-1,-1,0,0,1831,-1,-1,-1,-1,-1,-1,2,0,0,0,0,0,2,0,2,7,7,41.88996409,-87.63239972
2,338951,1,30,1,2,0,3,0,5,-1,0,0,0,1,1,-1,-1,0,-1,911,-1,-1,-1,-1,-1,-1,4,6,0,0,6,0,0,0,2,7,7,41.82450676,-87.694535
0,338943,-1,30,1,2,0,3,10,2,4,0,0,0,0,-1,-1,1,18,11,1414,-1,-1,-1,-1,-1,-1,2,0,0,0,0,0,2,0,2,7,7,41.92488895,-87.70037998
0,338967,-1,30,2,-1,0,3,0,-1,2,0,0,0,0,1,-1,1,17,5,511,-1,-1,-1,-1,-1,-1,2,0,0,0,0,0,2,0,2,7,7,41.7143156,-87.62371389