MOST_SEVERE_INJURY,RD_NO,CRASH_DATE_EST_I,POSTED_SPEED_LIMIT,TRAFFIC_CONTROL_DEVICE,DEVICE_CONDITION,WEATHER_CONDITION,LIGHTING_CONDITION,FIRST_CRASH_TYPE,TRAFFICWAY_TYPE,LANE_CNT,ALIGNMENT,ROADWAY_SURFACE_COND,ROAD_DEFECT,CRASH_TYPE,INTERSECTION_RELATED_I,NOT_RIGHT_OF_WAY_I,HIT_AND_RUN_I,PRIM_CONTRIBUTORY_CAUSE,SEC_CONTRIBUTORY_CAUSE,BEAT_OF_OCCURRENCE,PHOTOS_TAKEN_I,STATEMENTS_TAKEN_I,DOORING_I,WORK_ZONE_I,WORK_ZONE_TYPE,WORKERS_PRESENT_I,NUM_UNITS,INJURIES_TOTAL,INJURIES_FATAL,INJURIES_INCAPACITATING,INJURIES_NON_INCAPACITATING,INJURIES_REPORTED_NOT_EVIDENT,INJURIES_NO_INDICATION,INJURIES_UNKNOWN,CRASH_HOUR,CRASH_DAY_OF_WEEK,CRASH_MONTH,LATITUDE,LONGITUDE
2,338961,-1,30,1,2,0,3,0,12,0,0,0,0,1,1,-1,1,6,25,623,-1,-1,-1,-1,-1,-1,2,1,0,0,1,0,1,0,2,7,7,41.75630412,-87.62529106
0,338933,-1,30,1,2,0,3,14,5,2,0,0,-1,1,1,-1,0,22,-1,312,-1,-1,-1,-1,-1,-1,2,0,0,0,0,0,2,0,2,7,7,41.7801305,-87.61555824
0,338954,-1,30,6,2,0,3,2,12,2,0,0,12,1,-1,-1,-1,14,3,422,-1,-1,-1,1,2,1,1,0,0,0,0,0,2,0,2,7,7,41.7518179,-87.55304422
2,339585,-1,35,1,-1,-1,0,9,5,4,0,-1,-1,1,-1,-1,1,0,0,321,-1,-1,-1,-1,-1,-1,2,1,0,0,1,0,1,0,2,7,7,41.77304782,-87.60591305
0,339329,1,30,-1,-1,-1,-1,7,6,2,0,-1,-1,0,-1,-1,1,-1,-1,331,-1,-1,-1,-1,-1,-1,2,0,0,0,0,0,1,0,2,7,7,41.77178984,-87.57148006
0,338944,-1,30,0,0,0,3,12,5,2,0,0,0,0,-1,-1,-1,0,0,1824,-1,-1,-1,-1,-1,-1,2,0,0,0,0,0,2,0,1,7,7,41.90455896,-87.62855314
2,338901,-1,30,0,0,0,3,9,5,2,0,0,0,1,-1,-1,-1,0,0,1924,-1,-1,-1,-1,-1,-1,2,1,0,0,1,0,1,0,1,7,7,41.94312984,-87.64951169
0,338957,-1,30,1,2,0,0,12,6,-1,0,0,0,0,-1,-1,1,21,-1,1935,-1,-1,-1,-1,-1,-1,2,0,0,0,0,0,6,0,1,7,7,41.92576556,-87.63665127
0,338898,-1,30,0,0,0,3,7,5,4,0,0,0,0,-1,-1,1,0,0,2514,-1,-1,-1,-1,-1,-1,2,0,0,0,0,0,1,0,1,7,7,41.92759792,-87.77544908
2,338912,-1,30,0,0,0,3,7,5,2,0,0,0,1,-1,-1,-1,25,-1,1135,-1,-1,-1,-1,-1,-1,3,1,0,0,1,0,0,0,1,7,7,41.86759517,-87.69607909
0,338909,-1,30,0,0,0,0,12,5,2,0,0,0,0,-1,-1,-1,0,0,1212,-1,-1,-1,-1,-1,-1,2,0,0,0,0,0,2,0,1,7,7,41.89610511,-87.68455199
0,338888,-1,25,0,0,0,3,2,6,1,0,0,-1,1,-1,-1,-1,8,14,2534,-1,1,-1,-1,-1,-1,3,0,0,0,0,0,2,0,1,7,7,41.90544979,-87.72869559
0,346243,-1,25,0,0,-1,3,7,6,1,2,-1,0,0,-1,-1,1,11,-1,1724,-1,-1,-1,-1,-1,-1,2,0,0,0,0,0,1,0,1,7,7,41.95928858,-87.70100556
0,339400,1,35,0,0,0,1,7,5,-1,0,0,0,0,-1,-1,1,0,0,1724,-1,-1,-1,-1,-1,-1,2,0,0,0,0,0,1,0,1,7,7,41.9595082,-87.70091405
0,338883,-1,30,0,0,0,3,10,3,4,0,0,0,1,-1,-1,1,0,-1,1433,-1,-1,-1,-1,-1,-1,4,0,0,0,0,0,2,0,0,7,7,41.91418925,-87.66794369
0,339777,-1,25,0,0,0,0,7,6,-1,0,0,0,0,-1,-1,1,0,0,2525,-1,-1,-1,-1,-1,-1,2,0,0,0,0,0,1,0,0,7,7,41.91988133,-87.71987813
0,338859,-1,25,0,0,0,3,7,6,1,0,0,0,0,-1,-1,-1,10,21,1115,-1,-1,-1,-1,-1,-1,2,0,0,0,0,0,1,0,0,7,7,41.87882395,-87.73310839
0,338850,-1,30,2,0,0,3,0,2,-1,0,0,0,1,1,-1,-1,17,0,1112,-1,-1,-1,-1,-1,-1,2,0,0,0,0,0,4,0,0,7,7,41.89546546,-87.72501353
2,338845,-1,30,2,2,0,3,10,2,2,0,0,1,1,-1,-1,-1,18,0,822,-1,-1,-1,-1,-1,-1,2,2,0,0,2,0,0,0,0,7,7,41.78882342,-87.71583419
0,338836,-1,30,0,0,0,3,14,6,3,0,0,0,0,-1,-1,-1,0,-1,1925,-1,-1,-1,-1,-1,-1,2,0,0,0,0,0,4,0,0,7,7,41.94260609,-87.6488061
0,338878,-1,35,1,2,0,3,10,3,4,0,0,0,0,1,-1,-1,18,0,1831,-1,-1,-1,-1,-1,-1,2,0,0,0,0,0,2,0,0,7,7,41.88974388,-87.63239653
0,338854,-1,25,0,0,0,3,11,5,2,0,0,0,0,-1,-1,-1,21,-1,324,-1,-1,-1,-1,-1,-1,2,0,0,0,0,0,3,0,0,7,7,41.76250392,-87.5882813
0,338843,-1,30,2,-1,0,3,10,5,2,0,0,0,1,1,-1,-1,11,0,431,-1,-1,-1,-1,-1,-1,3,0,0,0,0,0,2,0,23,6,7,41.71166847,-87.561104
1,338826,-1,30,0,0,0,3,10,5,4,0,0,0,1,-1,-1,-1,7,-1,1831,-1,-1,-1,-1,-1,-1,2,2,0,0,0,2,3,0,23,6,7,41.89638376,-87.6414917
2,338823,-1,30,1,2,0,3,14,2,4,0,0,0,1,1,-1,-1,0,0,2221,-1,-1,-1,-1,-1,-1,2,1,0,0,1,0,2,0,23,6,7,41.72130883,-87.66254001
3,338824,-1,30,0,0,0,3,9,5,-1,0,0,0,1,-1,-1,1,0,-1,1934,-1,-1,-1,-1,-1,-1,2,1,0,1,0,0,1,0,23,6,7,41.93503093,-87.64894511
1,338740,-1,30,0,0,0,3,10,5,-1,0,0,0,1,-1,-1,-1,18,12,2533,-1,-1,-1,-1,-1,-1,2,1,0,0,0,1,1,0,23,6,7,41.91521937,-87.7496097
0,338832,-1,40,0,0,0,3,12,6,3,0,0,0,0,-1,-1,-1,21,-1,121,-1,-1,-1,1,2,-1,2,0,0,0,0,0,6,0,23,6,7,41.87575218,-87.63970136
0,338807,-1,30,1,2,0,3,14,2,4,0,0,0,0,-1,-1,1,23,17,1423,-1,-1,-1,-1,-1,-1,2,0,0,0,0,0,5,0,23,6,7,41.91010815,-87.69696937
0,338821,-1,30,1,2,0,3,10,2,4,0,0,-1,0,-1,-1,-1,32,16,1911,-1,-1,-1,-1,-1,-1,2,0,0,0,0,0,5,0,23,6,7,41.96438087,-87.68862656
0,338803,-1,30,0,0,0,3,7,5,2,0,0,0,1,-1,-1,-1,0,0,1512,-1,-1,-1,-1,-1,-1,2,0,0,0,0,0,1,0,23,6,7,41.88337424,-87.77461579
0,339322,-1,25,0,0,0,3,7,6,1,0,0,0,0,-1,-1,-1,0,0,821,-1,-1,-1,-1,-1,-1,2,0,0,0,0,0,1,0,23,6,7,41.81106447,-87.70759997
3,338791,-1,30,1,2,0,3,12,5,-1,0,0,0,1,-1,-1,1,18,0,331,-1,1,-1,-1,-1,-1,3,3,0,1,2,0,1,0,23,6,7,41.77343857,-87.56689931
0,338918,-1,30,1,2,0,3,10,3,4,0,0,0,0,-1,-1,1,18,0,1414,-1,-1,-1,-1,-1,-1,2,0,0,0,0,0,2,0,23,6,7,41.92487124,-87.70243666
0,338834,-1,25,0,0,0,3,12,2,-1,0,0,0,0,-1,-1,-1,22,22,1434,-1,-1,-1,-1,-1,-1,2,0,0,0,0,0,2,0,23,6,7,41.91390468,-87.67768665
0,338765,1,30,0,0,0,3,10,5,-1,0,0,-1,0,-1,-1,-1,18,16,1513,-1,-1,-1,-1,-1,-1,2,0,0,0,0,0,2,0,22,6,7,41.8760008,-87.77436345
0,338758,-1,30,1,2,0,3,10,2,2,0,0,0,1,-1,-1,-1,16,-1,914,-1,-1,-1,-1,-1,-1,2,0,0,0,0,0,2,0,22,6,7,41.85281839,-87.63186167
0,338759,-1,30,0,0,0,3,10,5,-1,0,0,0,1,-1,-1,-1,18,-1,414,-1,-1,-1,-1,-1,-1,2,0,0,0,0,0,2,0,22,6,7,41.75885931,-87.5680717
0,338746,-1,30,0,0,0,3,7,5,4,0,0,0,1,-1,-1,-1,32,27,1922,-1,-1,-1,-1,-1,-1,3,0,0,0,0,0,1,0,22,6,7,41.95420664,-87.66701467
0,339781,-1,30,0,0,0,0,7,2,2,0,0,0,0,-1,-1,-1,0,-1,1122,-1,-1,-1,-1,-1,-1,2,0,0,0,0,0,1,0,22,6,7,41.88528004,-87.72035336
0,338784,-1,30,0,0,0,3,7,6,1,0,0,-1,1,-1,-1,-1,0,-1,621,-1,1,-1,-1,-1,-1,2,0,0,0,0,0,1,0,22,6,7,41.75488165,-87.64278159
0,338718,-1,35,1,2,0,3,10,2,2,0,-1,-1,1,1,-1,-1,18,-1,1232,-1,-1,-1,-1,-1,-1,3,0,0,0,0,0,4,0,22,6,7,41.87905586,-87.6474229
0,338830,-1,15,0,0,0,0,10,5,-1,0,0,0,0,-1,-1,1,0,0,922,-1,-1,-1,-1,-1,-1,2,0,0,0,0,0,2,0,22,6,7,41.80833188,-87.69650681
0,338732,-1,30,0,0,0,4,0,5,2,0,0,0,0,-1,-1,-1,11,0,914,-1,-1,-1,-1,-1,-1,2,0,0,0,0,0,4,0,22,6,7,41.8552817,-87.63199264
2,338725,-1,30,1,2,0,3,8,3,4,0,0,0,1,1,-1,1,25,0,1423,-1,1,-1,-1,-1,-1,2,1,0,0,1,0,1,0,22,6,7,41.91000573,-87.70689504
0,338739,-1,30,2,2,0,3,14,3,0,0,0,0,0,1,-1,-1,0,-1,1421,-1,-1,-1,-1,-1,-1,2,0,0,0,0,0,2,0,22,6,7,41.91562241,-87.70706394
2,338712,-1,30,0,0,0,3,0,6,-1,0,0,0,1,-1,-1,-1,17,35,1232,1,-1,-1,-1,-1,-1,2,1,0,0,1,0,1,0,22,6,7,41.86484236,-87.64488834
0,339050,1,10,0,0,0,-1,7,12,-1,0,0,0,0,-1,1,1,20,0,2212,-1,-1,-1,-1,-1,-1,2,0,0,0,0,0,1,0,21,6,7,41.68603335,-87.67864549
0,338716,-1,30,0,0,0,3,12,6,2,0,0,0,0,-1,-1,-1,17,-1,1824,-1,-1,-1,-1,-1,-1,2,0,0,0,0,0,2,0,21,6,7,41.90140539,-87.62766193
0,338696,-1,30,2,2,0,3,0,5,2,0,0,-1,0,1,-1,1,5,-1,323,-1,-1,-1,-1,-1,-1,2,0,0,0,0,0,2,0,21,6,7,41.76543797,-87.62312859
0,338690,-1,30,0,0,0,-1,7,-1,1,0,0,0,0,-1,-1,1,-1,-1,1925,-1,-1,-1,-1,-1,-1,2,0,0,0,0,0,1,0,21,6,7,41.94283634,-87.64809134
0,340004,-1,30,1,2,0,3,10,2,-1,0,0,0,0,1,-1,-1,6,20,1711,-1,-1,-1,-1,-1,-1,2,0,0,0,0,0,2,0,21,6,7,41.99019267,-87.73284963
0,343692,-1,30,1,2,0,1,10,2,2,0,0,0,0,1,-1,-1,-1,-1,632,-1,-1,-1,-1,-1,-1,2,0,0,0,0,0,3,0,21,6,7,41.73637915,-87.61557216
0,338681,-1,30,1,2,0,3,14,2,4,0,0,0,1,-1,-1,-1,22,11,1224,-1,-1,-1,-1,-1,-1,2,0,0,0,0,0,2,0,21,6,7,41.88311277,-87.6472574
3,338669,-1,30,3,-1,0,0,9,5,-1,0,0,-1,1,-1,-1,-1,0,16,2222,-1,-1,-1,-1,-1,-1,2,2,0,1,1,0,0,0,21,6,7,41.7213699,-87.65897255
0,338672,-1,30,0,0,0,3,7,3,4,0,0,0,0,-1,-1,-1,22,11,2233,-1,-1,-1,-1,-1,-1,2,0,0,0,0,0,1,0,21,6,7,41.69323607,-87.64255268
1,338636,-1,35,0,0,0,3,2,5,-1,0,0,0,1,-1,1,-1,12,-1,431,-1,-1,-1,-1,-1,-1,1,1,0,0,0,1,0,0,21,6,7,41.71606144,-87.57459387
0,339784,-1,25,0,0,-1,3,7,6,2,0,-1,-1,0,-1,-1,1,0,-1,1021,-1,-1,-1,-1,-1,-1,2,0,0,0,0,0,1,0,21,6,7,41.86230885,-87.71356534
0,338816,-1,5,0,0,0,0,10,7,20,0,0,0,0,-1,-1,-1,-1,-1,2423,-1,-1,-1,-1,-1,-1,2,0,0,0,0,0,2,0,21,6,7,42.01258382,-87.67131786
0,338657,-1,30,1,2,0,3,14,2,-1,0,0,0,0,1,-1,-1,17,33,921,-1,-1,-1,-1,-1,-1,2,0,0,0,0,0,2,0,20,6,7,41.82296363,-87.68438479
1,338655,-1,35,1,2,0,3,10,5,2,0,0,0,1,-1,-1,-1,16,18,1834,-1,-1,-1,-1,-1,-1,2,1,0,0,0,1,1,0,20,6,7,41.8908285,-87.62788987
1,338609,-1,30,0,0,0,4,12,6,3,0,0,-1,1,-1,-1,-1,21,11,121,-1,-1,-1,-1,-1,-1,2,1,0,0,0,1,1,0,20,6,7,41.88501465,-87.6440768
0,338637,-1,30,0,0,0,-1,10,2,2,0,0,0,0,-1,-1,-1,-1,-1,2512,-1,-1,-1,-1,-1,-1,2,0,0,0,0,0,8,0,20,6,7,41.92213395,-87.7841773
0,338614,-1,45,1,2,0,3,10,5,4,0,0,0,0,1,-1,-1,18,16,1833,-1,-1,-1,-1,-1,-1,2,0,0,0,0,0,2,0,20,6,7,41.90014264,-87.61909899
0,338682,-1,30,0,0,0,3,12,5,4,0,0,0,0,-1,-1,-1,17,-1,1011,-1,-1,-1,-1,-1,-1,2,0,0,0,0,0,3,0,20,6,7,41.86203693,-87.72489702
0,347085,-1,20,0,0,0,1,7,5,-1,0,-1,-1,0,-1,-1,-1,20,0,432,-1,-1,-1,-1,-1,-1,2,0,0,0,0,0,1,0,20,6,7,41.70994126,-87.53292521
0,338567,-1,30,0,0,0,1,10,2,2,0,0,0,1,-1,-1,-1,18,0,1214,-1,-1,-1,-1,-1,-1,2,0,0,0,0,0,4,0,20,6,7,41.88945445,-87.64889442
0,339264,-1,35,1,2,0,4,14,5,-1,0,0,0,0,-1,-1,-1,22,17,121,-1,-1,-1,-1,-1,-1,2,0,0,0,0,0,2,0,20,6,7,41.88171258,-87.64396328
0,340825,-1,30,1,2,0,3,10,2,4,0,0,0,0,1,-1,-1,0,-1,1523,-1,-1,-1,-1,-1,-1,2,0,0,0,0,0,3,0,20,6,7,41.88727336,-87.76496087
1,338711,-1,30,1,2,0,1,14,6,-1,0,0,0,1,1,-1,-1,21,-1,121,-1,-1,-1,-1,-1,-1,2,1,0,0,0,1,2,0,20,6,7,41.88193087,-87.64405661
0,338556,-1,30,0,0,0,1,7,5,-1,0,0,0,0,-1,-1,-1,-1,-1,612,-1,-1,-1,-1,-1,-1,2,0,0,0,0,0,1,0,19,6,7,41.75027709,-87.66132506
0,340640,-1,30,0,0,0,1,14,5,2,0,0,0,0,-1,-1,-1,0,0,1221,-1,-1,-1,-1,-1,-1,2,0,0,0,0,0,2,0,19,6,7,41.89387993,-87.68693323
0,338754,-1,30,0,0,-1,-1,12,2,2,0,-1,0,0,-1,-1,1,-1,-1,1631,-1,-1,-1,-1,-1,-1,2,0,0,0,0,0,3,0,19,6,7,41.95220028,-87.80739486
0,338580,-1,30,0,0,0,1,10,5,4,0,0,0,0,-1,-1,1,18,18,2411,-1,-1,-1,-1,-1,-1,2,0,0,0,0,0,2,0,19,6,7,42.01199858,-87.70770275
0,338550,-1,30,0,0,0,1,14,2,5,0,0,0,1,-1,-1,-1,23,21,1623,-1,-1,-1,-1,-1,-1,2,0,0,0,0,0,2,0,19,6,7,41.96106797,-87.7477108
2,338541,-1,30,0,0,0,1,8,2,2,0,0,0,1,-1,-1,-1,0,0,1724,-1,-1,-1,-1,-1,-1,2,1,0,0,1,0,4,0,19,6,7,41.9576967,-87.70828221
0,338532,-1,30,0,0,0,1,12,5,2,0,0,0,0,-1,-1,-1,17,-1,1021,-1,-1,-1,-1,-1,-1,2,0,0,0,0,0,2,0,19,6,7,41.85913976,-87.71019414
0,344081,-1,30,0,0,0,1,8,3,-1,0,0,0,0,-1,-1,-1,0,0,1421,-1,-1,-1,-1,-1,-1,2,0,0,0,0,0,2,0,19,6,7,41.91026903,-87.70201587
0,341189,-1,30,0,0,0,1,0,7,-1,0,0,0,0,-1,-1,-1,11,11,622,-1,-1,-1,-1,-1,-1,2,0,0,0,0,0,2,0,19,6,7,41.74257762,-87.63393693
0,338579,-1,30,0,0,0,1,10,2,2,0,0,0,0,-1,-1,-1,0,0,2511,-1,-1,-1,-1,-1,-1,2,0,0,0,0,0,2,0,19,6,7,41.93273749,-87.78589414
0,338555,-1,30,0,0,0,4,7,7,0,0,0,0,0,-1,-1,1,0,-1,2213,-1,-1,-1,-1,-1,-1,2,0,0,0,0,0,1,0,19,6,7,41.71948834,-87.68187258
0,338538,-1,30,0,0,0,1,14,5,2,0,0,0,0,-1,-1,-1,23,11,1931,-1,-1,-1,-1,-1,-1,2,0,0,0,0,0,2,0,19,6,7,41.93847292,-87.68829646
0,338694,-1,30,0,0,-1,-1,14,2,3,0,-1,-1,0,-1,-1,1,-1,-1,2534,-1,-1,-1,-1,-1,-1,2,0,0,0,0,0,3,0,19,6,7,41.91678736,-87.73617272
0,338608,-1,30,1,-1,0,1,4,2,2,0,0,1,0,1,-1,-1,-1,-1,1031,1,-1,-1,-1,-1,-1,1,0,0,0,0,0,1,0,19,6,7,41.84415759,-87.72469381
0,338581,-1,30,0,0,0,1,12,6,2,0,0,-1,0,-1,-1,-1,17,0,412,-1,-1,-1,-1,-1,-1,2,0,0,0,0,0,2,0,19,6,7,41.74250944,-87.58429046
0,338500,-1,35,3,2,0,1,10,3,4,0,0,0,0,-1,-1,-1,18,-1,2211,-1,-1,-1,-1,-1,-1,2,0,0,0,0,0,2,0,19,6,7,41.70639876,-87.69408419
0,338543,-1,30,1,2,0,1,10,3,4,0,0,0,0,-1,-1,-1,18,0,111,-1,-1,-1,-1,-1,-1,2,0,0,0,0,0,4,0,19,6,7,41.88809155,-87.6246827
0,338529,-1,0,0,0,0,1,0,7,0,0,0,0,0,-1,1,0,0,0,2533,-1,-1,-1,-1,-1,-1,2,0,0,0,0,0,2,0,19,6,7,41.9027719,-87.75563899
0,338519,-1,30,0,0,0,1,2,2,6,3,1,0,1,-1,-1,-1,14,16,1011,-1,-1,-1,-1,-1,-1,2,0,0,0,0,0,1,0,19,6,7,41.86334839,-87.71929
0,338514,-1,15,0,0,0,1,14,5,-1,3,0,0,0,-1,-1,-1,-1,-1,234,-1,-1,-1,-1,-1,-1,2,0,0,0,0,0,2,0,19,6,7,41.79730834,-87.58740735
0,344037,-1,30,0,0,0,1,0,5,-1,0,0,0,0,-1,-1,-1,0,0,411,-1,-1,-1,-1,-1,-1,2,0,0,0,0,0,2,0,19,6,7,41.7567361,-87.59307096
0,339340,-1,10,0,0,0,1,7,7,-1,0,0,0,0,-1,-1,1,0,-1,2512,-1,-1,-1,-1,-1,-1,2,0,0,0,0,0,1,0,19,6,7,41.9237818,-87.78625367
0,338626,-1,30,0,0,0,1,10,5,2,0,0,0,0,-1,-1,-1,20,-1,2514,-1,-1,-1,-1,-1,-1,2,0,0,0,0,0,2,0,19,6,7,41.9294953,-87.7663303
0,338533,-1,30,1,2,0,4,14,5,2,0,0,0,0,-1,-1,-1,22,16,2534,-1,-1,-1,-1,-1,-1,2,0,0,0,0,0,6,0,19,6,7,41.90957026,-87.73472659
0,338530,-1,30,0,0,0,1,14,5,2,0,0,0,0,1,-1,-1,21,-1,331,-1,-1,-1,-1,-1,-1,2,0,0,0,0,0,2,0,19,6,7,41.77358669,-87.57398908
0,338501,-1,30,0,0,0,1,12,5,-1,0,0,0,0,-1,-1,-1,22,11,2023,-1,-1,-1,-1,-1,-1,2,0,0,0,0,0,2,0,19,6,7,41.97732081,-87.65974628
1,338488,-1,35,0,0,0,1,7,5,2,0,0,0,1,-1,-1,-1,-1,-1,2012,-1,-1,-1,-1,-1,-1,3,1,0,0,0,1,0,0,19,6,7,41.97663085,-87.66947813
0,338487,1,30,-1,-1,-1,-1,0,5,-1,0,-1,-1,0,-1,-1,1,0,0,1114,-1,-1,-1,-1,-1,-1,2,0,0,0,0,0,2,0,19,6,7,41.88322314,-87.72831841
0,338593,-1,30,1,2,0,1,14,6,6,0,0,0,0,-1,-1,-1,16,18,121,-1,-1,-1,-1,-1,-1,2,0,0,0,0,0,2,0,18,6,7,41.88307139,-87.63978532
2,338492,-1,30,2,0,0,1,0,2,2,0,0,-1,1,1,-1,-1,17,0,631,-1,1,-1,-1,-1,-1,2,2,0,0,1,1,0,0,18,6,7,41.74411762,-87.60251769
2,338903,-1,30,-1,-1,-1,-1,4,12,2,0,-1,-1,1,-1,-1,-1,0,-1,2413,-1,-1,-1,-1,-1,-1,1,1,0,0,1,0,1,0,18,6,7,41.99727847,-87.70940736
0,338576,-1,20,0,0,0,1,7,5,2,0,0,-1,0,-1,-1,1,0,0,2514,-1,-1,-1,-1,-1,-1,2,0,0,0,0,0,1,0,18,6,7,41.93689718,-87.76368796
0,338460,-1,30,0,0,0,1,10,2,4,0,0,0,0,-1,-1,1,18,-1,2411,-1,-1,-1,-1,-1,-1,3,0,0,0,0,0,3,0,18,6,7,42.01309038,-87.69039021
0,338512,-1,30,0,0,0,1,14,5,4,0,0,0,0,1,-1,-1,18,-1,2522,-1,-1,-1,-1,-1,-1,2,0,0,0,0,0,2,0,18,6,7,41.92411992,-87.7469559
0,338479,-1,20,2,-1,0,1,0,5,-1,0,0,0,0,-1,-1,-1,0,17,2221,-1,-1,-1,-1,-1,-1,2,0,0,0,0,0,2,0,18,6,7,41.72536386,-87.67990673
0,338470,-1,30,-1,-1,0,1,10,5,-1,0,-1,0,0,-1,-1,-1,0,-1,1935,-1,-1,-1,-1,-1,-1,2,0,0,0,0,0,2,0,18,6,7,41.93264271,-87.64733711
0,338496,-1,20,0,0,0,1,2,3,2,0,0,0,1,-1,-1,-1,11,0,1423,-1,-1,-1,-1,-1,-1,1,0,0,0,0,0,1,0,18,6,7,41.90661858,-87.70150146
0,345267,-1,30,0,0,0,1,7,5,-1,0,0,0,0,-1,-1,-1,0,0,2423,-1,-1,-1,-1,-1,-1,2,0,0,0,0,0,1,0,18,6,7,42.01030281,-87.66057201
0,338643,-1,30,0,0,0,4,10,2,-1,0,0,0,0,-1,-1,1,21,-1,114,-1,-1,-1,-1,-1,-1,2,0,0,0,0,0,2,0,18,6,7,41.88434939,-87.62434588
2,338493,-1,30,0,0,0,1,10,5,-1,0,0,0,1,-1,-1,-1,18,18,1624,-1,-1,-1,-1,-1,-1,3,1,0,0,1,0,2,0,18,6,7,41.95700649,-87.75151511
0,338467,-1,30,2,2,0,1,14,5,-1,0,0,0,0,1,-1,-1,17,-1,2532,-1,-1,-1,-1,-1,-1,2,0,0,0,0,0,3,0,18,6,7,41.91318646,-87.76197153
1,338446,-1,30,0,0,0,1,12,6,3,0,0,0,1,-1,-1,-1,21,-1,123,-1,-1,-1,-1,-1,-1,2,1,0,0,0,1,1,0,18,6,7,41.86987759,-87.6242687
0,338473,-1,30,0,0,0,1,10,2,2,0,0,0,0,-1,-1,-1,18,11,1412,-1,-1,-1,-1,-1,-1,2,0,0,0,0,0,2,0,18,6,7,41.93583514,-87.71252928
0,340564,-1,30,0,0,0,1,10,5,-1,0,0,0,0,-1,-1,-1,18,0,1024,-1,-1,-1,-1,-1,-1,2,0,0,0,0,0,3,0,18,6,7,41.84451439,-87.71314257
0,338414,-1,20,0,0,0,1,7,5,-1,0,0,0,0,-1,-1,-1,0,0,1923,-1,-1,-1,-1,-1,-1,2,0,0,0,0,0,1,0,18,6,7,41.95178132,-87.65460943
0,338436,-1,30,0,0,0,1,14,5,-1,0,0,0,0,1,-1,-1,0,0,1733,-1,-1,-1,-1,-1,-1,2,0,0,0,0,0,2,0,18,6,7,41.94331315,-87.70380549
0,338450,1,30,1,-1,0,1,12,6,5,0,-1,-1,1,1,-1,-1,0,0,121,-1,-1,-1,-1,-1,-1,4,0,0,0,0,0,3,0,18,6,7,41.88455161,-87.63987424
0,338463,-1,40,1,2,0,1,12,3,6,0,0,0,0,1,-1,-1,22,0,114,-1,-1,-1,-1,-1,-1,2,0,0,0,0,0,5,0,18,6,7,41.87319361,-87.61722829
0,339215,-1,30,1,2,0,1,10,2,-1,0,0,0,0,-1,-1,-1,0,-1,1213,-1,-1,-1,-1,-1,-1,2,0,0,0,0,0,2,0,18,6,7,41.8998716,-87.66404824
0,339103,-1,10,0,0,0,1,7,7,-1,0,0,0,0,-1,-1,-1,0,20,1024,-1,-1,-1,-1,-1,-1,2,0,0,0,0,0,1,0,18,6,7,41.8506701,-87.71116079
-1,338747,1,20,0,0,0,3,7,5,4,0,0,0,0,-1,-1,0,0,-1,1731,-1,-1,-1,-1,-1,-1,2,-1,-1,-1,-1,-1,-1,-1,18,6,7,41.9402206,-87.73968156
0,338582,-1,30,1,2,0,1,10,5,-1,0,0,0,0,-1,-1,-1,0,0,1915,-1,-1,-1,-1,-1,-1,2,0,0,0,0,0,2,0,18,6,7,41.95472875,-87.64985249
0,338564,-1,30,2,2,0,2,0,3,2,0,0,0,0,1,-1,-1,5,16,624,-1,-1,-1,-1,-1,-1,2,0,0,0,0,0,3,0,18,6,7,41.75681493,-87.5975159
0,338563,-1,35,1,2,0,1,12,-1,-1,0,0,-1,0,-1,-1,-1,0,-1,123,-1,-1,-1,-1,-1,-1,2,0,0,0,0,0,2,0,18,6,7,41.87558099,-87.62586671
0,338528,-1,25,0,0,-1,-1,7,5,-1,0,0,0,0,-1,-1,1,-1,-1,1122,-1,-1,-1,-1,-1,-1,2,0,0,0,0,0,1,0,18,6,7,41.87732085,-87.71581167
0,338416,-1,30,0,0,0,1,12,5,2,0,0,0,0,-1,1,-1,22,14,735,-1,0,-1,-1,-1,-1,2,0,0,0,0,0,2,0,18,6,7,41.76478603,-87.66488092
1,338374,-1,30,0,0,0,1,10,2,2,0,0,0,1,1,-1,-1,18,0,2232,-1,-1,-1,-1,-1,-1,2,1,0,0,0,1,2,0,18,6,7,41.70212984,-87.65759665
0,338815,-1,20,-1,-1,0,1,12,7,-1,0,0,0,0,-1,-1,-1,0,0,611,-1,-1,-1,-1,-1,-1,2,0,0,0,0,0,2,0,17,6,7,41.75044455,-87.6635876
0,338336,-1,35,0,0,0,1,14,5,2,0,0,0,0,1,-1,-1,17,0,434,-1,-1,-1,-1,-1,-1,2,0,0,0,0,0,2,0,17,6,7,41.69475453,-87.596186
0,338445,-1,45,0,0,0,1,10,3,8,0,0,0,0,-1,-1,1,12,-1,1935,-1,-1,-1,-1,-1,-1,2,0,0,0,0,0,2,0,17,6,7,41.92639641,-87.63158988
0,338469,-1,30,0,0,0,1,0,7,1,0,0,0,0,-1,-1,-1,20,-1,634,-1,-1,-1,-1,-1,-1,2,0,0,0,0,0,2,0,17,6,7,41.73593587,-87.62982658
0,338412,-1,30,0,0,0,1,8,5,4,0,0,0,0,1,-1,-1,17,-1,1934,-1,-1,-1,-1,-1,-1,2,0,0,0,0,0,2,0,17,6,7,41.93572836,-87.64722659