MOST_SEVERE_INJURY,RD_NO,CRASH_DATE_EST_I,POSTED_SPEED_LIMIT,TRAFFIC_CONTROL_DEVICE,DEVICE_CONDITION,WEATHER_CONDITION,LIGHTING_CONDITION,FIRST_CRASH_TYPE,TRAFFICWAY_TYPE,LANE_CNT,ALIGNMENT,ROADWAY_SURFACE_COND,ROAD_DEFECT,CRASH_TYPE,INTERSECTION_RELATED_I,NOT_RIGHT_OF_WAY_I,HIT_AND_RUN_I,PRIM_CONTRIBUTORY_CAUSE,SEC_CONTRIBUTORY_CAUSE,BEAT_OF_OCCURRENCE,PHOTOS_TAKEN_I,STATEMENTS_TAKEN_I,DOORING_I,WORK_ZONE_I,WORK_ZONE_TYPE,WORKERS_PRESENT_I,NUM_UNITS,INJURIES_TOTAL,INJURIES_FATAL,INJURIES_INCAPACITATING,INJURIES_NON_INCAPACITATING,INJURIES_REPORTED_NOT_EVIDENT,INJURIES_NO_INDICATION,INJURIES_UNKNOWN,CRASH_HOUR,CRASH_DAY_OF_WEEK,CRASH_MONTH,LATITUDE,LONGITUDE
2,338363,-1,30,0,0,0,1,14,3,4,0,0,0,1,0,-1,-1,16,18,1513,-1,-1,-1,-1,-1,-1,2,1,0,0,1,0,1,0,17,6,7,41.88000473,-87.77295794
0,388386,-1,30,1,2,0,1,10,5,2,0,0,0,0,1,-1,-1,18,-1,1931,-1,-1,-1,-1,-1,-1,2,0,0,0,0,0,2,0,17,6,7,41.93251256,-87.6684573
0,338406,-1,30,1,2,0,1,10,3,4,0,0,0,0,1,-1,-1,0,-1,512,-1,-1,-1,-1,-1,-1,2,0,0,0,0,0,2,0,17,6,7,41.70766431,-87.58575812
0,338401,-1,30,2,2,0,1,7,5,0,0,0,0,1,1,-1,-1,11,-1,1031,-1,-1,-1,-1,-1,-1,3,0,0,0,0,0,1,0,17,6,7,41.83871704,-87.73427653
2,338342,-1,30,0,0,0,1,14,5,4,0,0,0,1,-1,-1,-1,17,33,1235,-1,-1,-1,-1,-1,-1,2,1,0,0,1,0,2,0,17,6,7,41.85252004,-87.66167016
0,339351,-1,30,2,2,0,1,2,5,4,3,0,0,0,-1,-1,-1,5,0,1622,-1,-1,-1,-1,-1,-1,1,0,0,0,0,0,1,0,17,6,7,41.98746955,-87.76824264
0,339289,-1,10,0,0,0,1,10,7,-1,0,0,0,0,-1,-1,-1,18,-1,2512,-1,-1,-1,-1,-1,-1,2,0,0,0,0,0,2,0,17,6,7,41.92690735,-87.78542181
0,338558,-1,30,0,0,0,1,7,5,-1,0,0,0,0,-1,-1,1,0,0,1022,-1,-1,-1,-1,-1,-1,2,0,0,0,0,0,1,0,17,6,7,41.85185203,-87.7026702
0,338434,-1,30,-1,-1,-1,-1,7,7,-1,0,-1,-1,0,-1,-1,-1,0,-1,1624,-1,-1,-1,-1,-1,-1,2,0,0,0,0,0,2,0,17,6,7,41.95587371,-87.7475223
0,338422,-1,30,-1,-1,0,1,12,5,-1,0,-1,-1,0,-1,-1,-1,0,-1,1914,-1,-1,-1,-1,-1,-1,2,0,0,0,0,0,2,0,17,6,7,41.96195344,-87.6497954
0,338478,-1,30,12,12,0,1,12,6,4,0,0,0,0,-1,-1,-1,0,-1,114,-1,-1,-1,-1,-1,-1,2,0,0,0,0,0,3,0,17,6,7,41.88458837,-87.62327256
1,338322,-1,35,-1,-1,0,1,8,12,-1,0,0,0,1,1,-1,-1,0,0,2511,-1,-1,-1,-1,-1,-1,2,1,0,0,0,1,1,0,17,6,7,41.9329263,-87.78560679
0,338395,-1,30,0,0,0,1,0,5,2,0,0,0,0,-1,-1,1,17,16,1111,-1,-1,-1,-1,-1,-1,2,0,0,0,0,0,3,0,17,6,7,41.90076847,-87.73377929
2,338321,-1,30,1,2,0,2,8,5,4,0,0,0,1,1,-1,-1,0,0,1432,-1,-1,-1,-1,-1,-1,2,1,0,0,1,0,1,0,17,6,7,41.92503801,-87.67804719
0,338306,-1,25,0,0,0,1,14,2,2,0,0,0,0,1,-1,-1,23,17,2411,-1,-1,-1,-1,-1,-1,2,0,0,0,0,0,2,0,17,6,7,42.01671299,-87.69975696
0,338670,-1,45,0,0,0,1,10,3,6,0,0,-1,0,-1,-1,1,18,25,1935,-1,-1,-1,-1,-1,-1,2,0,0,0,0,0,3,0,17,6,7,41.92620072,-87.63133087
0,338388,-1,30,-1,-1,0,1,10,2,4,0,0,-1,1,-1,-1,-1,18,18,612,-1,-1,-1,-1,-1,-1,2,0,0,0,0,0,2,0,17,6,7,41.7558818,-87.66343114
0,344464,-1,5,0,0,-1,1,7,7,-1,1,-1,0,0,-1,1,1,0,0,113,-1,-1,-1,-1,-1,-1,2,0,0,0,0,0,1,0,17,6,7,41.87762624,-87.62986197
0,342207,-1,30,0,0,0,2,10,5,-1,0,0,0,0,-1,-1,-1,-1,-1,813,-1,-1,-1,-1,-1,-1,2,0,0,0,0,0,2,0,17,6,7,41.77833539,-87.74243649
0,340610,-1,30,0,0,0,1,10,5,2,0,0,0,0,-1,-1,-1,18,-1,1824,-1,-1,-1,-1,-1,-1,2,0,0,0,0,0,2,0,17,6,7,41.90362664,-87.62503824
3,338621,-1,30,1,2,0,1,9,5,2,0,0,0,1,-1,-1,1,17,17,1914,-1,-1,-1,-1,-1,-1,2,1,0,1,0,0,1,0,17,6,7,41.96189072,-87.65463117
0,338583,-1,0,0,0,0,1,7,7,1,0,0,0,0,-1,1,1,0,0,211,-1,-1,-1,-1,-1,-1,2,0,0,0,0,0,1,0,17,6,7,41.83329377,-87.61685734
2,338483,-1,30,1,2,0,1,0,2,0,0,0,0,1,1,-1,-1,17,21,124,-1,-1,-1,-1,-1,-1,2,1,0,0,1,0,1,0,17,6,7,41.87432781,-87.64256918
0,338347,-1,30,1,2,0,1,12,5,2,0,0,0,0,-1,-1,-1,22,-1,122,-1,-1,-1,-1,-1,-1,2,0,0,0,0,0,2,0,17,6,7,41.87694515,-87.63089793
0,338301,-1,30,0,0,0,1,10,5,2,0,0,0,0,-1,-1,-1,8,16,724,-1,-1,-1,-1,-1,-1,2,0,0,0,0,0,2,0,17,6,7,41.77321292,-87.6544758
0,338297,-1,30,0,0,0,1,14,2,2,0,0,0,0,-1,-1,-1,0,0,2511,-1,-1,-1,-1,-1,-1,2,0,0,0,0,0,2,0,17,6,7,41.93137389,-87.78584806
0,338302,-1,30,0,0,0,1,12,5,2,0,0,0,0,0,-1,-1,21,-1,122,-1,-1,-1,-1,-1,-1,2,0,0,0,0,0,3,0,16,6,7,41.87874284,-87.63652788
2,338290,-1,30,0,0,0,1,14,3,-1,0,0,0,1,1,-1,-1,17,11,524,-1,-1,-1,-1,-1,-1,2,1,0,0,1,0,2,0,16,6,7,41.68396598,-87.64197103
0,338315,-1,30,0,0,0,1,11,7,-1,0,0,0,0,-1,-1,-1,20,-1,1032,-1,-1,-1,-1,-1,-1,2,0,0,0,0,0,2,0,16,6,7,41.84436673,-87.70789805
0,338456,-1,30,1,2,0,1,14,2,2,0,0,0,0,-1,-1,-1,23,0,411,-1,-1,-1,-1,-1,-1,2,0,0,0,0,0,2,0,16,6,7,41.75689717,-87.58623429
0,338433,-1,30,0,0,0,1,12,5,-1,0,0,0,0,-1,-1,1,22,-1,111,-1,-1,-1,-1,-1,-1,2,0,0,0,0,0,2,0,16,6,7,41.88695983,-87.63085868
0,338316,-1,30,0,0,0,1,12,5,4,0,0,0,0,-1,-1,1,0,-1,2234,-1,-1,-1,-1,-1,-1,2,0,0,0,0,0,2,0,16,6,7,41.67745517,-87.67172244
0,338272,-1,30,-1,-1,-1,-1,7,5,-1,0,0,0,0,-1,-1,1,22,22,1122,-1,-1,-1,-1,-1,-1,2,0,0,0,0,0,1,0,16,6,7,41.88084899,-87.72482624
0,338255,-1,30,0,0,0,1,12,5,-1,0,0,0,0,-1,-1,1,22,22,712,-1,-1,-1,-1,-1,-1,2,0,0,0,0,0,5,0,16,6,7,41.77972325,-87.65410811
0,338308,-1,30,0,0,0,1,12,5,1,0,0,0,0,-1,-1,-1,17,-1,1234,-1,-1,-1,-1,-1,-1,2,0,0,0,0,0,2,0,16,6,7,41.85470355,-87.68393666
2,338274,-1,30,0,0,0,1,9,12,-1,0,0,0,1,-1,-1,-1,16,-1,1121,1,1,-1,-1,-1,-1,2,1,0,0,1,0,1,0,16,6,7,41.8937903,-87.71095732
0,338420,-1,30,0,0,0,1,12,5,-1,0,0,0,0,-1,-1,-1,-1,-1,2534,-1,-1,-1,-1,-1,-1,2,0,0,0,0,0,4,0,16,6,7,41.91000438,-87.73605652
0,338291,-1,30,0,0,0,1,10,5,-1,0,0,0,0,-1,-1,-1,-1,-1,833,-1,-1,-1,-1,-1,-1,2,0,0,0,0,0,2,0,16,6,7,41.76184806,-87.74167065
0,338283,-1,30,1,2,0,1,14,5,-1,0,0,0,0,-1,-1,-1,21,17,123,-1,-1,-1,-1,-1,-1,2,0,0,0,0,0,2,0,16,6,7,41.87324248,-87.625696
0,338267,-1,30,1,2,0,1,7,5,2,0,0,0,0,1,-1,-1,3,0,1922,-1,-1,-1,-1,-1,-1,2,0,0,0,0,0,1,0,16,6,7,41.94892271,-87.66897094
2,338254,-1,30,2,2,0,1,0,3,6,0,0,0,1,1,-1,-1,17,17,411,-1,-1,-1,-1,-1,-1,2,2,0,0,2,0,0,0,16,6,7,41.74639304,-87.58600537
1,338244,-1,30,1,2,0,1,8,8,1,0,0,0,1,1,-1,-1,17,0,1925,-1,-1,-1,-1,-1,-1,2,1,0,0,0,1,1,0,16,6,7,41.94050251,-87.63844367
0,339191,-1,30,9,2,0,1,10,3,4,0,0,0,0,-1,-1,-1,18,-1,913,-1,-1,-1,-1,-1,-1,2,0,0,0,0,0,2,0,16,6,7,41.84665185,-87.64791126
0,338261,-1,30,0,0,0,1,3,6,-1,0,0,0,0,-1,-1,1,20,-1,814,-1,-1,-1,-1,-1,-1,2,0,0,0,0,0,2,0,16,6,7,41.80701943,-87.7518499
0,338250,-1,30,0,0,0,1,7,7,0,0,0,0,0,-1,-1,1,0,0,624,-1,-1,-1,-1,-1,-1,2,0,0,0,0,0,1,0,16,6,7,41.75126944,-87.61244436
0,338236,1,30,0,0,0,1,12,5,2,0,0,0,0,-1,-1,-1,17,0,1731,-1,-1,-1,-1,-1,-1,2,0,0,0,0,0,2,0,16,6,7,41.94611666,-87.73882175
0,347346,-1,30,0,0,0,1,8,2,-1,0,0,0,0,-1,-1,1,-1,-1,924,-1,-1,-1,-1,-1,-1,2,0,0,0,0,0,2,0,16,6,7,41.81375124,-87.68387171
1,342219,-1,30,0,0,0,1,10,5,2,0,-1,-1,1,-1,-1,-1,18,18,1933,-1,-1,-1,-1,-1,-1,3,1,0,0,0,1,3,0,16,6,7,41.93270546,-87.65640879
0,338231,-1,30,2,2,0,1,11,5,2,0,0,0,1,1,-1,-1,0,0,2411,-1,-1,-1,-1,-1,-1,2,0,0,0,0,0,2,0,16,6,7,42.00505612,-87.6950118
0,338199,-1,30,2,2,0,1,14,6,2,0,0,0,0,1,-1,-1,17,-1,1832,-1,-1,-1,-1,-1,-1,2,0,0,0,0,0,2,0,16,6,7,41.90026245,-87.63148938
0,338226,-1,30,0,0,0,1,7,5,2,0,0,0,0,-1,-1,1,0,0,1724,-1,-1,-1,-1,-1,-1,2,0,0,0,0,0,1,0,16,6,7,41.96343166,-87.70846414
2,338220,-1,35,2,2,0,1,9,5,4,0,0,0,1,-1,-1,-1,17,0,913,-1,-1,-1,-1,-1,-1,2,1,0,0,1,0,1,0,16,6,7,41.8420904,-87.65730944
0,338249,-1,30,1,2,0,1,11,5,2,0,0,0,0,-1,-1,1,0,-1,1613,-1,-1,-1,-1,-1,-1,2,0,0,0,0,0,2,0,16,6,7,41.97857216,-87.79460256
0,338204,-1,30,1,2,0,1,8,5,4,0,0,0,0,-1,-1,-1,17,-1,1434,-1,-1,-1,-1,-1,-1,2,0,0,0,0,0,2,0,16,6,7,41.9167843,-87.68751044
2,338203,-1,30,1,2,0,1,10,5,-1,0,0,0,1,1,-1,-1,16,0,935,-1,-1,-1,-1,-1,-1,3,1,0,0,1,0,6,0,16,6,7,41.79757919,-87.64509423
0,340906,1,30,0,0,0,2,14,2,4,0,0,0,0,-1,-1,1,25,25,2221,-1,-1,-1,-1,-1,-1,2,0,0,0,0,0,2,0,16,6,7,41.72294122,-87.66286287
2,339142,-1,30,1,2,0,1,9,12,-1,0,0,0,1,-1,-1,-1,8,17,1413,-1,-1,-1,-1,-1,-1,2,1,0,0,1,0,1,0,16,6,7,41.91751102,-87.70705364
0,338421,-1,30,0,0,0,1,12,6,-1,0,0,0,0,-1,-1,-1,0,0,331,-1,-1,-1,-1,-1,-1,2,0,0,0,0,0,2,0,16,6,7,41.76752857,-87.57525936
0,338367,-1,30,0,0,0,1,12,5,4,0,0,0,0,-1,-1,1,21,0,1732,-1,-1,-1,-1,-1,-1,2,0,0,0,0,0,2,0,16,6,7,41.93908625,-87.724073
2,338328,-1,30,1,2,0,1,12,5,5,0,0,0,1,-1,-1,1,18,0,1921,-1,-1,-1,-1,-1,-1,3,1,0,0,1,0,2,0,16,6,7,41.95389788,-87.68880796
0,338295,-1,30,0,0,0,1,7,6,-1,0,0,0,0,-1,-1,-1,12,-1,1834,-1,-1,-1,-1,-1,-1,2,0,0,0,0,0,1,0,16,6,7,41.89416116,-87.61620201
1,338237,-1,30,1,2,0,1,0,3,-1,0,0,0,1,1,-1,-1,6,6,911,-1,-1,-1,-1,-1,-1,2,6,0,0,0,6,2,0,15,6,7,41.82298421,-87.68502582
0,338168,-1,35,0,0,0,1,14,5,-1,0,0,0,1,1,-1,-1,23,-1,814,-1,-1,-1,-1,-1,-1,2,0,0,0,0,0,2,0,15,6,7,41.8092958,-87.74333945
1,338208,-1,30,0,0,0,1,0,3,2,0,0,0,1,-1,-1,-1,17,17,622,-1,-1,-1,-1,-1,-1,2,1,0,0,0,1,2,0,15,6,7,41.74247529,-87.63216081
0,338213,-1,35,1,2,0,1,12,5,4,0,0,0,0,-1,-1,-1,16,-1,124,-1,-1,-1,-1,-1,-1,2,0,0,0,0,0,2,0,15,6,7,41.86735618,-87.64022664
0,338218,-1,30,0,0,0,1,2,6,2,0,0,0,1,-1,1,-1,7,-1,113,-1,-1,-1,-1,-1,-1,1,0,0,0,0,0,1,0,15,6,7,41.87707962,-87.62614215
0,338176,-1,30,0,0,0,1,10,5,2,0,0,0,1,-1,-1,-1,18,-1,933,-1,-1,-1,-1,-1,-1,3,0,0,0,0,0,3,0,15,6,7,41.80868691,-87.65027635
0,338235,-1,30,1,2,0,1,9,5,2,0,0,0,0,1,-1,-1,17,-1,634,-1,-1,-1,-1,-1,-1,2,0,0,0,0,0,2,0,15,6,7,41.72175971,-87.62495772
0,338211,-1,30,0,0,0,1,14,3,2,0,0,0,0,1,-1,0,0,0,213,-1,-1,-1,-1,-1,-1,2,0,0,0,0,0,2,0,15,6,7,41.8309351,-87.62997531
0,338177,-1,30,1,2,0,1,10,2,2,0,0,0,0,1,-1,-1,0,-1,431,-1,-1,-1,-1,-1,-1,2,0,0,0,0,0,2,0,15,6,7,41.71337314,-87.55985985
0,338242,-1,25,0,0,0,1,0,2,2,0,0,0,0,-1,-1,-1,0,0,815,-1,-1,-1,-1,-1,-1,2,0,0,0,0,0,2,0,15,6,7,41.79495745,-87.72335657
0,348273,-1,45,0,0,0,1,10,3,-1,0,0,0,1,-1,-1,-1,16,18,1814,-1,-1,-1,-1,-1,-1,2,0,0,0,0,0,2,0,15,6,7,41.9221213,-87.63005219
0,338212,-1,30,0,0,0,1,10,5,-1,0,0,0,0,-1,-1,-1,18,0,1612,-1,-1,-1,-1,-1,-1,2,0,0,0,0,0,2,0,15,6,7,42.00532557,-87.82040463
0,338210,-1,20,2,2,0,1,14,2,-1,0,0,0,1,-1,-1,-1,17,-1,815,-1,-1,-1,-1,-1,-1,2,0,0,0,0,0,2,0,15,6,7,41.79952056,-87.73685729
0,345072,-1,15,0,0,0,1,10,5,-1,0,0,0,0,-1,-1,-1,20,17,824,-1,-1,-1,-1,-1,-1,2,0,0,0,0,0,3,0,15,6,7,41.78735592,-87.7032313
0,342402,-1,30,0,0,0,1,10,2,4,0,0,0,0,-1,-1,1,18,11,833,-1,-1,-1,-1,-1,-1,2,0,0,0,0,0,2,0,15,6,7,41.74970292,-87.72037958
0,342033,-1,30,1,2,0,1,10,5,-1,0,0,0,0,-1,-1,-1,18,0,1924,-1,-1,-1,-1,-1,-1,2,0,0,0,0,0,2,0,15,6,7,41.94702383,-87.66386708
0,341920,-1,30,0,0,0,1,7,5,-1,0,0,0,0,-1,-1,1,20,20,815,-1,-1,-1,-1,-1,-1,2,0,0,0,0,0,1,0,15,6,7,41.81408303,-87.7337099
0,340777,-1,30,0,0,0,1,7,4,0,3,0,0,0,-1,-1,0,11,-1,114,-1,-1,-1,-1,-1,-1,3,0,0,0,0,0,1,0,15,6,7,41.88631251,-87.62054177
0,338535,-1,30,2,2,0,1,10,5,-1,0,0,0,0,1,-1,-1,18,-1,813,-1,-1,-1,-1,-1,-1,2,0,0,0,0,0,2,0,15,6,7,41.77858465,-87.73830953
0,338383,-1,30,0,0,0,1,10,3,3,0,0,0,0,-1,-1,1,18,0,324,-1,-1,-1,-1,-1,-1,3,0,0,0,0,0,3,0,15,6,7,41.76427687,-87.58642854
0,338278,1,30,0,0,0,1,12,5,2,0,0,0,1,-1,-1,-1,22,-1,1832,-1,-1,-1,-1,-1,-1,3,0,0,0,0,0,4,0,15,6,7,41.89413978,-87.6312643
0,338184,-1,30,1,2,0,1,12,5,-1,0,-1,-1,0,-1,-1,-1,16,-1,2432,-1,-1,-1,-1,-1,-1,2,0,0,0,0,0,2,0,15,6,7,42.0004435,-87.66085935
0,338150,-1,30,2,0,0,1,10,5,-1,0,0,0,0,-1,-1,-1,20,20,131,-1,-1,-1,-1,-1,-1,2,0,0,0,0,0,2,0,15,6,7,41.85277916,-87.6272344
1,338147,-1,30,1,2,0,1,8,5,2,0,0,0,1,1,-1,-1,6,11,1434,-1,-1,-1,-1,-1,-1,2,1,0,0,0,1,1,0,15,6,7,41.91060814,-87.67757728
0,338125,-1,25,2,2,0,1,14,5,2,0,0,0,1,1,-1,-1,11,0,921,-1,-1,-1,-1,-1,-1,2,0,0,0,0,0,2,0,15,6,7,41.82254483,-87.70126581
0,338127,-1,30,1,2,0,1,12,5,2,0,0,0,0,1,-1,-1,0,0,1911,-1,-1,-1,-1,-1,-1,2,0,0,0,0,0,2,0,15,6,7,41.96687424,-87.68888354
3,338265,-1,0,0,0,0,1,9,7,0,0,0,0,1,-1,1,1,25,0,2511,-1,-1,-1,-1,-1,-1,2,1,0,1,0,0,1,0,15,6,7,41.93788069,-87.80773134
2,338119,-1,30,0,0,0,1,0,5,2,0,0,0,1,-1,-1,1,17,0,713,-1,-1,-1,-1,-1,-1,2,1,0,0,1,0,1,0,15,6,7,41.7866536,-87.66322522
0,338116,-1,30,1,2,0,1,14,5,2,0,0,0,0,-1,-1,-1,25,11,1624,-1,0,-1,-1,-1,-1,2,0,0,0,0,0,3,0,15,6,7,41.96017635,-87.78175864
-1,338134,-1,30,0,0,0,1,7,7,-1,0,0,0,0,-1,-1,-1,11,-1,1233,-1,-1,-1,-1,-1,-1,2,-1,-1,-1,-1,-1,-1,-1,15,6,7,41.86240243,-87.66641897
0,338121,-1,30,0,0,0,1,14,5,2,0,0,0,1,0,-1,-1,0,-1,1631,-1,-1,-1,-1,-1,-1,2,0,0,0,0,0,2,0,15,6,7,41.93842225,-87.80690847
0,338099,-1,30,0,0,0,1,7,5,1,0,0,0,1,-1,-1,-1,1,-1,1611,-1,-1,-1,-1,-1,-1,2,0,0,0,0,0,1,0,15,6,7,42.01772235,-87.81037417
3,338089,-1,30,-1,2,0,1,0,5,1,0,0,0,1,-1,-1,-1,22,-1,1623,-1,-1,-1,-1,-1,-1,2,3,0,1,0,2,2,0,15,6,7,41.97105463,-87.7634132
0,342537,-1,30,0,0,-1,1,10,3,4,0,-1,-1,0,-1,-1,-1,0,0,1723,-1,-1,-1,-1,-1,-1,2,0,0,0,0,0,2,0,15,6,7,41.95377632,-87.72633508
0,338155,-1,25,0,0,0,1,7,5,2,0,0,0,0,-1,-1,-1,15,11,1821,-1,-1,-1,-1,-1,-1,2,0,0,0,0,0,1,0,15,6,7,41.90925038,-87.64231535
1,338107,-1,30,1,2,0,1,12,5,3,0,0,0,1,-1,-1,-1,21,0,312,-1,-1,-1,-1,-1,-1,2,1,0,0,0,1,1,0,14,6,7,41.78021556,-87.61547505
2,338078,-1,30,0,-1,0,1,2,0,-1,0,0,0,1,-1,-1,-1,14,25,623,-1,-1,-1,-1,-1,-1,1,1,0,0,1,0,2,0,14,6,7,41.74917918,-87.62433481
0,338606,-1,30,0,0,0,1,10,2,4,0,-1,0,0,1,-1,-1,18,-1,1234,-1,-1,-1,-1,-1,-1,2,0,0,0,0,0,2,0,14,6,7,41.85743212,-87.66628053
0,338247,-1,30,0,0,0,1,12,2,-1,0,0,0,0,-1,-1,-1,21,-1,1234,-1,-1,-1,-1,-1,-1,2,0,0,0,0,0,2,0,14,6,7,41.85955978,-87.66634385
0,338072,-1,3,12,12,0,1,7,2,-1,0,0,0,0,-1,-1,1,0,-1,1831,-1,-1,-1,-1,-1,-1,2,0,0,0,0,0,1,0,14,6,7,41.89639093,-87.64096138
1,338077,-1,30,0,0,0,1,10,2,2,0,0,0,1,-1,-1,-1,18,-1,2031,-1,-1,-1,-1,-1,-1,2,1,0,0,0,1,1,0,14,6,7,41.96863185,-87.70032876
0,338094,-1,35,0,0,0,1,12,5,4,0,0,0,0,-1,-1,-1,22,0,911,-1,-1,-1,-1,-1,-1,2,0,0,0,0,0,2,0,14,6,7,41.8335771,-87.69506815
0,351697,-1,30,0,0,-1,1,7,5,2,0,-1,0,0,-1,-1,1,21,0,2212,-1,-1,-1,-1,-1,-1,2,0,0,0,0,0,1,0,14,6,7,41.69386848,-87.68722579
0,341980,-1,30,0,0,0,1,12,5,-1,0,0,0,0,-1,-1,1,0,0,1733,-1,-1,-1,-1,-1,-1,2,0,0,0,0,0,2,0,14,6,7,41.93941738,-87.70992512
0,338258,-1,10,0,0,0,1,7,7,-1,0,0,0,0,-1,-1,-1,0,-1,1231,-1,-1,-1,-1,-1,-1,2,0,0,0,0,0,1,0,14,6,7,41.86917024,-87.66538447
0,338232,-1,30,2,2,0,1,7,2,2,0,0,0,0,-1,-1,1,0,0,234,-1,-1,-1,-1,-1,-1,2,0,0,0,0,0,1,0,14,6,7,41.79803386,-87.58409049
0,338160,-1,30,-1,-1,-1,-1,10,-1,-1,0,-1,-1,0,-1,-1,-1,0,-1,1631,-1,-1,-1,-1,-1,-1,3,0,0,0,0,0,3,0,14,6,7,41.94926632,-87.81696388
3,338066,-1,30,1,2,0,1,0,2,-1,0,0,0,1,1,-1,-1,6,17,833,-1,-1,-1,-1,-1,-1,2,1,0,1,0,0,3,0,14,6,7,41.7550785,-87.73243082
0,338068,-1,30,1,2,0,1,12,2,2,0,0,0,0,-1,-1,-1,17,0,1932,-1,-1,-1,-1,-1,-1,2,0,0,0,0,0,2,0,14,6,7,41.92555558,-87.64936193
0,338040,-1,30,0,0,0,1,10,5,4,0,0,0,0,-1,-1,-1,18,0,1622,-1,-1,-1,-1,-1,-1,2,0,0,0,0,0,2,0,14,6,7,41.97068081,-87.76843747
0,338058,-1,30,2,2,0,1,10,5,-1,0,0,0,0,1,-1,-1,18,-1,832,-1,-1,-1,-1,-1,-1,2,0,0,0,0,0,2,0,14,6,7,41.76842012,-87.68349303
0,340691,1,20,2,2,0,1,0,5,1,0,0,0,0,-1,-1,-1,0,0,1812,-1,-1,-1,-1,-1,-1,2,0,0,0,0,0,2,0,14,6,7,41.92166734,-87.65112131
0,338170,-1,0,1,2,0,1,14,5,1,0,0,0,0,-1,-1,1,0,0,221,-1,-1,-1,-1,-1,-1,2,0,0,0,0,0,3,0,14,6,7,41.80964422,-87.60645871
3,338032,-1,30,1,2,0,1,10,5,4,0,0,0,1,-1,-1,-1,16,16,1513,-1,-1,-1,-1,-1,-1,2,2,0,1,1,0,1,0,14,6,7,41.87914221,-87.77447712
0,338076,-1,30,0,0,0,1,7,5,2,0,0,0,0,-1,-1,1,11,-1,1931,-1,-1,-1,-1,-1,-1,2,0,0,0,0,0,2,0,14,6,7,41.9380096,-87.66874825
0,338133,-1,30,0,2,0,1,12,2,4,0,0,0,0,-1,-1,1,22,22,622,-1,-1,-1,-1,-1,-1,2,0,0,0,0,0,2,0,14,6,7,41.73835086,-87.64152725
0,338088,-1,30,1,2,0,1,10,2,-1,0,0,0,0,1,-1,-1,18,-1,1213,-1,-1,-1,-1,-1,-1,2,0,0,0,0,0,2,0,14,6,7,41.8998501,-87.66541756
0,337998,-1,0,2,2,0,1,10,5,2,0,0,0,0,-1,-1,-1,18,0,1822,-1,-1,-1,-1,-1,-1,2,0,0,0,0,0,4,0,14,6,7,41.90344362,-87.65402157
0,338064,-1,25,1,2,0,1,14,2,4,0,0,0,0,-1,-1,-1,0,0,813,-1,-1,-1,-1,-1,-1,2,0,0,0,0,0,2,0,13,6,7,41.78198966,-87.74255508
0,338796,-1,30,1,2,0,1,10,2,-1,0,0,0,0,-1,-1,-1,0,-1,1912,-1,-1,-1,-1,-1,-1,2,0,0,0,0,0,2,0,13,6,7,41.95466528,-87.6692075
0,338092,-1,30,0,0,0,1,7,2,2,0,0,0,0,-1,-1,-1,20,0,311,-1,-1,-1,-1,-1,-1,2,0,0,0,0,0,1,0,13,6,7,41.78067018,-87.61578084
0,338126,-1,30,1,2,0,1,14,12,-1,0,0,0,0,1,-1,-1,0,0,124,-1,-1,-1,-1,-1,-1,2,0,0,0,0,0,2,0,13,6,7,41.86715619,-87.64086711
0,344038,-1,30,0,0,0,1,10,7,-1,0,0,0,0,-1,-1,-1,-1,-1,811,-1,-1,-1,-1,-1,-1,2,0,0,0,0,0,2,0,13,6,7,41.79435485,-87.77052715
0,338059,-1,30,0,0,0,1,10,5,2,0,0,0,0,-1,-1,-1,0,-1,1122,-1,-1,-1,-1,-1,-1,2,0,0,0,0,0,2,0,13,6,7,41.88486078,-87.71692045
0,337969,-1,30,1,2,0,1,10,2,-1,0,0,0,0,-1,-1,-1,18,-1,632,-1,-1,-1,-1,-1,-1,2,0,0,0,0,0,2,0,13,6,7,41.73620947,-87.62430552
2,339490,-1,30,0,0,0,1,9,5,-1,0,-1,-1,1,1,-1,1,0,-1,2431,-1,-1,-1,-1,-1,-1,2,1,0,0,1,0,1,0,13,6,7,42.0076576,-87.66357274
0,337974,-1,30,0,0,0,1,10,2,4,0,0,0,0,-1,-1,-1,18,18,124,-1,-1,-1,-1,-1,-1,2,0,0,0,0,0,2,0,13,6,7,41.86720461,-87.63476083
0,337946,-1,25,0,0,0,1,12,2,2,0,0,0,0,-1,-1,1,0,0,825,-1,-1,-1,-1,-1,-1,2,0,0,0,0,0,2,0,13,6,7,41.77933184,-87.68367576
0,338880,-1,20,0,0,0,1,7,2,-1,0,0,0,0,-1,-1,1,0,0,1722,-1,-1,-1,-1,-1,-1,2,0,0,0,0,0,1,0,13,6,7,41.96019966,-87.73088219
0,337945,-1,30,1,2,0,1,14,2,2,0,0,0,1,1,-1,-1,17,-1,1733,-1,-1,-1,-1,-1,-1,2,0,0,0,0,0,2,0,13,6,7,41.94651372,-87.70879032
2,337933,-1,15,0,0,0,1,14,2,2,0,0,0,1,-1,1,-1,10,16,1231,-1,-1,-1,-1,-1,-1,2,1,0,0,1,0,1,0,13,6,7,41.86813973,-87.6639042
0,337925,-1,30,0,0,0,1,2,6,1,0,2,4,0,-1,1,-1,29,0,1422,-1,-1,-1,-1,-1,-1,1,0,0,0,0,0,2,0,13,6,7,41.90904608,-87.70993804