MOST_SEVERE_INJURY,RD_NO,CRASH_DATE_EST_I,POSTED_SPEED_LIMIT,TRAFFIC_CONTROL_DEVICE,DEVICE_CONDITION,WEATHER_CONDITION,LIGHTING_CONDITION,FIRST_CRASH_TYPE,TRAFFICWAY_TYPE,LANE_CNT,ALIGNMENT,ROADWAY_SURFACE_COND,ROAD_DEFECT,CRASH_TYPE,INTERSECTION_RELATED_I,NOT_RIGHT_OF_WAY_I,HIT_AND_RUN_I,PRIM_CONTRIBUTORY_CAUSE,SEC_CONTRIBUTORY_CAUSE,BEAT_OF_OCCURRENCE,PHOTOS_TAKEN_I,STATEMENTS_TAKEN_I,DOORING_I,WORK_ZONE_I,WORK_ZONE_TYPE,WORKERS_PRESENT_I,NUM_UNITS,INJURIES_TOTAL,INJURIES_FATAL,INJURIES_INCAPACITATING,INJURIES_NON_INCAPACITATING,INJURIES_REPORTED_NOT_EVIDENT,INJURIES_NO_INDICATION,INJURIES_UNKNOWN,CRASH_HOUR,CRASH_DAY_OF_WEEK,CRASH_MONTH,LATITUDE,LONGITUDE
0,337966,-1,30,0,0,0,1,12,5,2,0,0,0,0,-1,-1,-1,22,16,2515,1,-1,-1,-1,-1,-1,2,0,0,0,0,0,2,0,13,6,7,41.92049827,-87.76600543
0,337891,-1,0,1,2,0,1,14,6,4,0,0,0,0,-1,-1,-1,0,0,1834,-1,-1,-1,-1,-1,-1,2,0,0,0,0,0,2,0,13,6,7,41.89241349,-87.62545339
0,338426,-1,30,0,0,0,1,12,2,2,0,-1,0,0,-1,-1,1,23,0,1235,-1,-1,-1,-1,-1,-1,2,0,0,0,0,0,1,0,13,6,7,41.8578507,-87.65601198
0,338423,-1,30,0,0,0,1,0,5,-1,0,0,0,0,-1,-1,-1,0,-1,1623,-1,-1,-1,-1,-1,-1,2,0,0,0,0,0,2,0,13,6,7,41.97493668,-87.75791132
0,338012,-1,30,0,0,0,1,14,5,4,0,0,0,0,-1,-1,-1,23,-1,1915,-1,-1,-1,-1,-1,-1,2,0,0,0,0,0,2,0,13,6,7,41.95461012,-87.65375038
0,337956,-1,30,0,0,0,1,12,6,2,0,0,0,0,-1,-1,1,23,0,122,-1,-1,-1,-1,-1,-1,2,0,0,0,0,0,2,0,13,6,7,41.87695741,-87.63377286
0,337948,-1,45,-1,-1,0,1,10,5,-1,0,-1,-1,0,-1,-1,-1,0,-1,1935,-1,-1,-1,-1,-1,-1,2,0,0,0,0,0,2,0,12,6,7,41.92702329,-87.63129062
0,337895,-1,30,0,0,0,1,12,5,-1,0,0,-1,0,-1,-1,-1,17,-1,221,-1,-1,-1,-1,-1,-1,2,0,0,0,0,0,2,0,12,6,7,41.81637604,-87.6105494
0,337905,-1,40,3,2,0,1,10,3,8,3,0,0,0,1,-1,-1,16,18,1934,-1,-1,-1,-1,-1,-1,2,0,0,0,0,0,2,0,12,6,7,41.93661723,-87.63375776
0,337926,-1,25,0,0,0,1,12,5,-1,0,0,0,0,-1,-1,1,-1,-1,1114,-1,-1,-1,-1,-1,-1,2,0,0,0,0,0,2,0,12,6,7,41.88558032,-87.72592192
0,337954,1,30,0,0,0,1,10,12,-1,0,0,0,0,-1,-1,-1,18,-1,114,-1,-1,-1,-1,-1,-1,2,0,0,0,0,0,2,0,12,6,7,41.88547713,-87.6137567
2,337986,-1,30,0,0,0,1,9,5,2,0,0,0,1,-1,-1,-1,0,-1,1934,-1,-1,-1,-1,-1,-1,2,1,0,0,1,0,1,0,12,6,7,41.93668037,-87.6490055
0,337984,-1,30,-1,-1,-1,-1,7,-1,-1,0,-1,-1,0,-1,-1,1,0,-1,2511,-1,-1,-1,-1,-1,-1,2,0,0,0,0,0,1,0,12,6,7,41.93459107,-87.80841714
0,337949,-1,30,1,2,0,1,10,5,-1,0,0,0,0,-1,-1,-1,18,-1,1634,-1,-1,-1,-1,-1,-1,2,0,0,0,0,0,2,0,12,6,7,41.93887056,-87.74702056
0,337932,-1,30,1,2,0,1,12,2,4,0,0,0,0,1,-1,-1,25,0,611,-1,-1,-1,-1,-1,-1,2,0,0,0,0,0,2,0,12,6,7,41.75571944,-87.66371778
2,337841,-1,30,3,2,0,1,12,3,4,0,0,0,1,-1,-1,-1,21,11,1813,-1,-1,-1,1,2,1,2,1,0,0,1,0,2,0,12,6,7,41.91117234,-87.64216716
0,337882,-1,30,1,2,0,1,12,1,2,0,0,0,1,1,-1,-1,17,0,1912,-1,-1,-1,-1,-1,-1,3,0,0,0,0,0,3,0,12,6,7,41.96869241,-87.67569222
0,337848,-1,10,0,0,0,1,7,7,-1,0,0,0,0,-1,-1,-1,0,0,1832,-1,-1,-1,-1,-1,-1,2,0,0,0,0,0,1,0,12,6,7,41.89363229,-87.63103001
0,337977,-1,30,0,0,0,1,7,5,2,0,0,0,0,-1,-1,-1,20,-1,1934,-1,-1,-1,-1,-1,-1,2,0,0,0,0,0,1,0,12,6,7,41.93332234,-87.64513436
0,337917,-1,10,0,0,0,1,7,7,-1,0,-1,-1,0,-1,1,-1,20,-1,923,-1,-1,-1,-1,-1,-1,2,0,0,0,0,0,2,0,12,6,7,41.79679141,-87.68396489
0,337912,-1,30,0,0,0,1,12,2,2,0,0,0,0,-1,-1,-1,17,0,1834,-1,-1,-1,-1,-1,-1,2,0,0,0,0,0,2,0,12,6,7,41.89294484,-87.62796811
0,337897,-1,30,0,0,0,1,14,5,-1,0,0,0,0,-1,-1,-1,23,-1,1934,-1,-1,-1,-1,-1,-1,2,0,0,0,0,0,5,0,12,6,7,41.93655352,-87.6477543
0,337878,-1,30,1,2,0,1,10,5,2,0,0,0,0,-1,-1,-1,18,18,1023,-1,-1,-1,-1,-1,-1,2,0,0,0,0,0,2,0,12,6,7,41.86655006,-87.68618329
0,337839,-1,30,0,0,0,1,12,2,-1,0,0,0,0,-1,-1,-1,17,-1,2033,-1,-1,-1,-1,-1,-1,2,0,0,0,0,0,2,0,12,6,7,41.97491158,-87.65997714
2,337823,-1,25,1,2,0,1,10,2,5,0,0,0,1,-1,-1,-1,0,-1,725,-1,-1,-1,-1,-1,-1,2,1,0,0,1,0,1,0,12,6,7,41.77937222,-87.66436535
0,337885,0,30,0,0,0,1,12,3,3,0,0,0,0,-1,-1,-1,0,0,112,-1,-1,-1,-1,-1,-1,2,0,0,0,0,0,3,0,12,6,7,41.88275463,-87.62453528
0,345168,-1,30,0,0,0,1,10,5,2,0,0,0,0,-1,-1,-1,18,-1,1233,-1,-1,-1,-1,-1,-1,2,0,0,0,0,0,2,0,12,6,7,41.86681578,-87.66652926
0,341990,-1,5,0,0,-1,1,7,7,1,0,0,0,0,-1,1,-1,0,0,2511,-1,-1,-1,-1,-1,-1,2,0,0,0,0,0,1,0,12,6,7,41.93819213,-87.7870146
0,338397,0,30,0,0,0,1,7,5,2,0,0,3,0,-1,-1,1,0,-1,923,-1,-1,-1,-1,-1,-1,2,0,0,0,0,0,1,0,12,6,7,41.79706399,-87.70328087
0,337896,-1,20,0,0,0,1,7,6,1,0,0,0,1,-1,-1,1,-1,-1,1633,-1,-1,-1,-1,-1,-1,2,0,0,0,0,0,1,0,12,6,7,41.95031951,-87.78571399
1,337876,-1,30,1,2,0,1,10,5,4,0,0,0,1,-1,-1,1,0,0,1532,-1,-1,-1,-1,-1,-1,2,2,0,0,0,2,1,0,12,6,7,41.88700166,-87.75005987
2,337821,-1,55,1,2,0,1,14,3,2,0,0,0,1,1,-1,-1,17,8,512,-1,-1,-1,-1,-1,-1,2,2,0,0,2,0,1,0,11,6,7,41.70771506,-87.5862498
0,337985,-1,35,2,2,0,1,0,5,-1,0,0,0,0,1,-1,0,17,0,633,-1,-1,-1,-1,-1,-1,2,0,0,0,0,0,2,0,11,6,7,41.73283967,-87.61215004
0,337834,-1,30,0,0,0,1,12,6,2,0,0,0,0,-1,-1,-1,0,0,1833,-1,-1,-1,-1,-1,-1,2,0,0,0,0,0,2,0,11,6,7,41.89847619,-87.62552376
0,337884,-1,35,0,0,0,1,10,5,2,0,0,0,0,-1,-1,-1,18,-1,2223,-1,-1,-1,-1,-1,-1,2,0,0,0,0,0,2,0,11,6,7,41.7297924,-87.6473958
1,337831,0,30,1,2,0,1,10,2,2,0,0,0,1,1,-1,-1,0,0,631,-1,-1,-1,-1,-1,-1,2,2,0,0,0,2,1,0,11,6,7,41.74392878,-87.61429016
0,337792,-1,45,3,2,0,1,10,2,4,0,0,0,1,-1,-1,-1,11,16,132,-1,-1,-1,-1,-1,-1,2,0,0,0,0,0,3,0,11,6,7,41.85784909,-87.61684088
0,337767,-1,35,0,0,0,1,10,5,-1,0,0,0,1,-1,-1,-1,18,25,1722,-1,-1,-1,-1,-1,-1,2,0,0,0,0,0,2,0,11,6,7,41.9644884,-87.74709399
0,352739,1,30,2,2,0,1,0,6,1,0,0,0,0,1,-1,-1,0,-1,633,-1,-1,-1,-1,-1,-1,2,0,0,0,0,0,2,0,11,6,7,41.73208653,-87.61186422
0,337856,-1,30,1,0,0,1,14,5,-1,0,0,0,0,1,-1,-1,17,17,2423,-1,-1,-1,-1,-1,-1,2,0,0,0,0,0,2,0,11,6,7,42.01278271,-87.67248409
2,337976,-1,30,-1,-1,0,1,9,6,-1,0,-1,-1,1,-1,-1,-1,17,-1,1933,-1,-1,-1,-1,-1,-1,2,1,0,0,1,0,1,0,11,6,7,41.93967565,-87.66253481
0,337778,-1,30,1,2,0,1,10,5,-1,0,0,0,0,-1,-1,-1,18,-1,1432,-1,-1,-1,-1,-1,-1,2,0,0,0,0,0,2,0,11,6,7,41.92693096,-87.6804079
0,337747,-1,15,0,0,0,1,2,0,1,0,0,0,0,-1,-1,-1,20,-1,1121,-1,-1,-1,-1,-1,-1,1,0,0,0,0,0,1,0,11,6,7,41.89197635,-87.70752127
0,337950,-1,3,1,2,0,1,14,5,5,0,0,0,0,1,-1,-1,0,-1,122,-1,-1,-1,-1,-1,-1,2,0,0,0,0,0,3,0,11,6,7,41.88209872,-87.63103713
0,337786,-1,30,0,0,0,1,7,5,-1,0,0,0,0,-1,-1,-1,0,0,812,-1,-1,-1,-1,-1,-1,2,0,0,0,0,0,1,0,11,6,7,41.7778868,-87.76461744
1,337741,-1,30,1,2,0,1,10,1,-1,0,0,0,1,1,-1,-1,18,16,2521,-1,-1,-1,-1,-1,-1,3,1,0,0,0,1,2,0,10,6,7,41.93170309,-87.74199681
2,332724,-1,30,1,2,0,3,0,2,0,0,0,0,1,1,-1,-1,3,17,122,-1,-1,-1,-1,-1,-1,2,1,0,0,1,0,1,0,10,6,7,41.87931428,-87.63713818
2,338589,-1,30,0,0,0,1,8,5,-1,0,-1,-1,1,-1,-1,-1,0,-1,1921,-1,-1,-1,-1,-1,-1,2,1,0,0,1,0,1,0,10,6,7,41.95205091,-87.67884216
0,337772,-1,30,0,0,0,1,14,5,2,0,0,-1,0,-1,-1,-1,0,0,2221,-1,-1,-1,-1,-1,-1,2,0,0,0,0,0,2,0,10,6,7,41.73038781,-87.66300652
2,337733,-1,35,0,0,0,1,10,5,2,0,0,0,1,-1,-1,1,15,16,923,-1,-1,-1,-1,-1,-1,4,1,0,0,1,0,2,0,10,6,7,41.79730843,-87.70174309
2,337713,-1,30,0,0,0,1,14,2,-1,0,0,0,1,1,-1,-1,17,-1,2534,-1,-1,-1,-1,-1,-1,2,1,0,0,1,0,1,0,10,6,7,41.90967816,-87.73376347
0,337717,-1,30,0,0,0,1,7,5,4,0,0,0,1,1,-1,-1,0,-1,913,-1,-1,-1,-1,-1,-1,4,0,0,0,0,0,1,0,10,6,7,41.84036218,-87.66088693
0,342159,-1,30,0,0,0,4,7,7,1,0,0,0,0,-1,-1,1,0,0,124,-1,-1,-1,-1,-1,-1,2,0,0,0,0,0,1,0,10,6,7,41.86553468,-87.64081331
0,338194,-1,30,0,0,0,1,14,5,-1,0,0,0,0,0,-1,-1,17,17,611,-1,-1,-1,-1,-1,-1,2,0,0,0,0,0,2,0,10,6,7,41.75034459,-87.67278502
0,338171,-1,30,1,2,0,1,10,3,5,0,0,0,0,1,-1,-1,18,0,123,-1,-1,-1,-1,-1,-1,2,0,0,0,0,0,2,0,10,6,7,41.87552741,-87.6277462
0,337988,1,30,0,0,0,1,7,5,-1,0,0,0,0,-1,-1,1,11,-1,1224,-1,-1,-1,-1,-1,-1,2,0,0,0,0,0,1,0,10,6,7,41.88377879,-87.64873224
0,337755,-1,0,0,0,0,1,7,7,-1,0,0,0,0,-1,1,-1,20,-1,925,-1,-1,-1,-1,-1,-1,2,0,0,0,0,0,1,0,10,6,7,41.81611303,-87.64587156
0,337703,-1,30,1,2,0,1,10,1,-1,0,0,0,0,-1,-1,1,18,-1,923,-1,1,-1,-1,-1,-1,2,0,0,0,0,0,2,0,10,6,7,41.80073146,-87.70361687
0,337729,-1,30,1,2,0,1,3,5,-1,0,0,0,0,1,-1,-1,20,-1,913,-1,-1,-1,-1,-1,-1,2,0,0,0,0,0,3,0,10,6,7,41.83480798,-87.64634873
0,337774,-1,30,0,0,0,1,14,3,4,0,0,0,0,1,-1,-1,17,17,1531,-1,-1,-1,-1,-1,-1,2,0,0,0,0,0,2,0,10,6,7,41.89487599,-87.74813373
2,337682,-1,30,1,2,0,1,10,2,-1,0,0,0,1,-1,-1,-1,18,11,813,-1,-1,-1,-1,-1,-1,2,1,0,0,1,0,1,0,10,6,7,41.77876173,-87.72290981
2,337675,-1,30,0,0,0,1,10,2,-1,0,0,0,1,-1,-1,-1,16,-1,921,-1,-1,-1,-1,-1,-1,3,2,0,0,2,0,6,0,10,6,7,41.81659516,-87.6943123
0,347882,1,30,-1,-1,-1,1,14,2,2,3,-1,-1,0,1,-1,-1,-1,-1,331,-1,-1,-1,-1,-1,-1,2,0,0,0,0,0,8,0,10,6,7,41.79142028,-87.58014777
0,338775,-1,30,0,0,0,-1,7,5,2,0,0,0,0,-1,-1,1,0,0,324,-1,-1,-1,-1,-1,-1,2,0,0,0,0,0,1,0,10,6,7,41.76144239,-87.58123816
2,337987,-1,30,-1,-1,0,1,9,-1,-1,0,-1,-1,1,1,-1,1,17,-1,1034,-1,-1,-1,-1,-1,-1,2,1,0,0,1,0,1,0,10,6,7,41.85188726,-87.69313915
0,337754,-1,30,0,0,0,1,10,5,2,0,0,0,0,-1,-1,-1,-1,-1,2522,-1,-1,-1,-1,-1,-1,2,0,0,0,0,0,2,0,10,6,7,41.91782271,-87.74997923
0,337719,-1,30,1,2,0,1,14,5,-1,0,0,0,0,1,-1,-1,0,-1,2522,-1,-1,-1,-1,-1,-1,2,0,0,0,0,0,2,0,10,6,7,41.91706392,-87.74426824
0,337692,-1,30,0,0,0,1,14,5,4,0,0,0,0,-1,-1,-1,0,0,1532,-1,-1,-1,-1,-1,-1,2,0,0,0,0,0,2,0,10,6,7,41.8870786,-87.75514777
2,337665,-1,20,0,0,0,1,10,2,-1,0,0,0,1,1,-1,-1,18,18,1412,-1,-1,-1,-1,-1,-1,2,1,0,0,1,0,1,0,9,6,7,41.93212769,-87.7087864
0,337678,-1,10,0,0,0,1,7,0,0,0,0,0,0,-1,-1,-1,0,0,1623,-1,-1,-1,-1,-1,-1,2,0,0,0,0,0,1,0,9,6,7,41.96707767,-87.75126308
2,338721,-1,30,0,0,0,3,8,5,-1,0,0,0,1,-1,-1,-1,0,-1,1434,-1,-1,-1,-1,-1,-1,2,1,0,0,1,0,1,0,9,6,7,41.91148025,-87.67939197
0,338137,-1,30,-1,-1,0,1,10,2,2,0,0,0,0,-1,-1,-1,0,0,1722,-1,-1,-1,-1,-1,-1,2,0,0,0,0,0,2,0,9,6,7,41.95481518,-87.72779753
0,337771,-1,30,0,0,0,1,12,3,6,0,0,0,0,-1,-1,-1,0,-1,411,-1,-1,-1,-1,-1,-1,2,0,0,0,0,0,2,0,9,6,7,41.75667025,-87.5855385
0,337648,-1,30,0,0,0,1,10,5,-1,0,0,0,0,-1,-1,-1,11,-1,1131,-1,-1,-1,-1,-1,-1,2,0,0,0,0,0,2,0,9,6,7,41.87691824,-87.73549477
0,337646,-1,35,2,2,0,1,0,2,4,0,0,0,0,-1,-1,-1,17,-1,1433,-1,-1,-1,-1,-1,-1,2,0,0,0,0,0,3,0,9,6,7,41.90914771,-87.66779606
0,337651,-1,30,2,0,0,1,10,5,-1,0,0,0,0,-1,-1,-1,0,0,1925,-1,-1,-1,-1,-1,-1,2,0,0,0,0,0,2,0,9,6,7,41.94870263,-87.64362581
0,337698,-1,30,0,0,0,1,14,5,2,0,0,0,0,0,-1,-1,0,0,334,-1,-1,-1,-1,-1,-1,2,0,0,0,0,0,3,0,9,6,7,41.7640042,-87.56662541
2,337613,-1,35,2,2,0,1,0,5,2,0,0,0,1,-1,-1,-1,17,5,631,-1,-1,-1,-1,-1,-1,2,2,0,0,1,1,1,0,9,6,7,41.74546378,-87.61976324
2,337599,-1,30,0,0,0,1,8,5,2,0,0,0,1,-1,-1,-1,0,0,1731,-1,-1,0,-1,-1,-1,2,1,0,0,1,0,1,0,9,6,7,41.93919183,-87.72815061
0,337637,-1,30,0,0,0,1,7,5,2,0,0,0,0,-1,-1,1,25,-1,531,-1,-1,-1,-1,-1,-1,2,0,0,0,0,0,1,0,9,6,7,41.68838292,-87.61800399
0,337632,-1,30,0,0,0,1,2,5,2,0,0,0,1,-1,1,1,0,-1,1134,-1,-1,-1,-1,-1,-1,1,0,0,0,0,0,1,0,9,6,7,41.87558727,-87.70868584
0,337606,-1,30,1,2,0,1,10,2,-1,0,0,0,0,-1,-1,-1,18,17,1624,-1,-1,-1,-1,-1,-1,2,0,0,0,0,0,2,0,8,6,7,41.95327275,-87.76715015
0,337614,-1,40,2,0,0,1,14,2,-1,0,0,0,0,1,-1,-1,23,-1,1712,-1,0,-1,-1,-1,-1,2,0,0,0,0,0,3,0,8,6,7,41.97799765,-87.74793497
0,337601,-1,30,0,0,0,1,0,5,-1,0,0,0,0,-1,-1,-1,17,-1,2031,-1,-1,-1,-1,-1,-1,2,0,0,0,0,0,3,0,8,6,7,41.96891313,-87.69884921
0,337583,-1,0,0,0,0,1,7,0,-1,0,0,-1,0,-1,-1,-1,20,-1,1925,-1,-1,-1,-1,-1,-1,2,0,0,0,0,0,1,0,8,6,7,41.95377406,-87.64806068
0,337620,1,25,2,2,0,1,10,5,1,0,0,0,0,-1,-1,1,0,-1,2411,-1,-1,-1,-1,-1,-1,2,0,0,0,0,0,3,0,8,6,7,42.00858259,-87.70229397
0,337630,-1,30,0,0,0,1,5,0,-1,0,0,0,0,-1,1,-1,17,-1,1832,-1,-1,-1,-1,-1,-1,1,0,0,0,0,0,1,0,8,6,7,41.89418323,-87.62828581
0,337628,-1,15,0,0,0,1,7,12,1,0,0,0,0,-1,-1,-1,20,20,114,-1,-1,-1,-1,-1,-1,2,0,0,0,0,0,1,0,8,6,7,41.88475054,-87.61560396
0,337642,-1,15,0,0,0,1,7,5,2,0,0,2,0,-1,-1,-1,0,-1,431,-1,-1,-1,1,2,1,2,0,0,0,0,0,1,0,8,6,7,41.72187976,-87.56573735
0,337563,-1,30,1,2,0,1,12,2,7,0,0,0,0,1,-1,-1,22,16,114,-1,-1,-1,-1,-1,-1,2,0,0,0,0,0,2,0,8,6,7,41.87309942,-87.62405157
0,337573,-1,30,0,0,0,1,0,6,-1,0,0,0,0,-1,-1,-1,17,-1,1712,-1,-1,-1,-1,-1,-1,2,0,0,0,0,0,2,0,8,6,7,41.97007669,-87.71665087
0,337892,-1,30,0,0,0,1,7,5,-1,0,0,0,0,-1,-1,1,0,0,834,-1,-1,-1,-1,-1,-1,2,0,0,0,0,0,1,0,8,6,7,41.73482561,-87.73857537
2,337543,-1,35,0,0,0,1,8,3,-1,0,0,0,1,-1,-1,-1,0,-1,1732,-1,-1,1,-1,-1,-1,2,1,0,0,1,0,0,0,7,6,7,41.95282507,-87.72773865
0,337959,-1,30,1,2,0,1,10,5,4,0,0,-1,0,-1,-1,-1,18,18,1822,-1,-1,-1,-1,-1,-1,2,0,0,0,0,0,2,0,7,6,7,41.90374714,-87.64808078
2,337544,-1,25,1,2,0,1,14,2,5,0,0,0,1,-1,-1,-1,23,21,725,-1,-1,-1,-1,-1,-1,2,2,0,0,2,0,1,0,7,6,7,41.77209823,-87.66416462
0,338248,-1,40,0,0,0,1,10,3,4,0,0,0,0,-1,-1,-1,18,0,132,-1,-1,-1,-1,-1,-1,2,0,0,0,0,0,2,0,7,6,7,41.8642353,-87.61867865
0,337538,-1,30,2,2,0,1,0,5,2,0,0,0,0,1,-1,-1,0,-1,1233,-1,-1,-1,-1,-1,-1,2,0,0,0,0,0,3,0,7,6,7,41.86482437,-87.68123762
0,337539,-1,35,0,0,0,1,2,5,-1,0,0,0,0,-1,-1,-1,11,-1,1732,-1,-1,-1,-1,-1,-1,1,0,0,0,0,0,1,0,7,6,7,41.95350876,-87.73092135
0,337568,-1,30,0,0,0,1,12,2,-1,0,0,0,0,-1,-1,-1,21,-1,114,-1,-1,-1,-1,-1,-1,2,0,0,0,0,0,2,0,7,6,7,41.88458837,-87.62327256
0,337532,-1,30,0,0,0,1,8,12,-1,0,0,0,0,-1,-1,-1,0,-1,1814,-1,-1,0,-1,-1,-1,2,0,0,0,0,0,2,0,7,6,7,41.91122456,-87.62648257
0,337506,-1,45,1,2,0,1,10,2,2,0,0,0,0,-1,-1,-1,16,-1,434,-1,-1,-1,-1,-1,-1,2,0,0,0,0,0,2,0,7,6,7,41.65912619,-87.55943274
0,337610,-1,30,10,2,0,1,2,5,-1,2,0,0,1,-1,-1,-1,3,-1,911,-1,-1,-1,-1,-1,-1,1,0,0,0,0,0,1,0,7,6,7,41.82651432,-87.68967255
0,337511,-1,30,1,2,0,1,10,2,-1,0,0,0,0,-1,-1,-1,12,0,131,-1,-1,-1,-1,-1,-1,2,0,0,0,0,0,2,0,7,6,7,41.85299122,-87.62938693
0,339148,1,30,-1,-1,-1,-1,2,-1,1,0,-1,-1,0,-1,-1,1,-1,-1,623,-1,-1,-1,-1,-1,-1,2,0,0,0,0,0,2,0,7,6,7,41.75407974,-87.61968891
0,339081,-1,30,0,0,0,1,7,6,-1,0,0,0,0,-1,-1,1,0,0,2424,-1,-1,-1,-1,-1,-1,2,0,0,0,0,0,1,0,7,6,7,42.01805757,-87.6833932
0,337742,1,20,0,0,0,1,7,6,1,0,0,0,0,-1,-1,1,0,0,1631,-1,-1,-1,-1,-1,-1,2,0,0,0,0,0,1,0,7,6,7,41.94643733,-87.82804079
0,339743,-1,45,0,0,0,1,2,3,-1,0,-1,1,0,-1,-1,-1,-1,-1,2023,-1,-1,-1,-1,-1,-1,1,0,0,0,0,0,1,0,6,6,7,41.98228703,-87.65308926
0,337657,-1,30,0,0,0,1,4,5,-1,0,0,1,0,-1,-1,-1,0,0,114,-1,-1,-1,-1,-1,-1,1,0,0,0,0,0,1,0,6,6,7,41.88447427,-87.61356137
0,337566,-1,30,0,3,0,1,0,5,-1,0,0,0,0,-1,-1,1,0,0,823,-1,-1,-1,-1,-1,-1,2,0,0,0,0,0,2,0,6,6,7,41.78054568,-87.71559665
0,337617,-1,30,1,2,0,1,10,2,-1,0,0,0,0,-1,-1,-1,0,-1,1122,-1,-1,-1,-1,-1,-1,2,0,0,0,0,0,2,0,6,6,7,41.88087064,-87.72298533
0,337517,-1,20,0,0,0,1,7,2,-1,0,0,0,0,-1,-1,-1,17,17,2413,-1,-1,-1,-1,-1,-1,2,0,0,0,0,0,1,0,6,6,7,41.9916008,-87.70322593
0,338067,-1,30,0,0,0,1,12,5,4,0,0,0,0,-1,-1,1,0,0,914,-1,-1,-1,-1,-1,-1,2,0,0,0,0,0,2,0,6,6,7,41.8513753,-87.6381731
0,338428,-1,25,2,2,0,1,11,5,-1,0,0,0,0,1,-1,-1,17,-1,813,-1,-1,-1,-1,-1,-1,2,0,0,0,0,0,5,0,6,6,7,41.7785907,-87.73633459
0,337503,-1,30,1,2,0,1,14,2,-1,0,0,0,0,-1,-1,-1,17,-1,2532,-1,-1,-1,-1,-1,-1,2,0,0,0,0,0,2,0,6,6,7,41.90954836,-87.76056814
0,337497,-1,30,0,0,0,1,7,5,2,0,0,0,0,-1,-1,1,-1,-1,2424,-1,-1,-1,-1,-1,-1,2,0,0,0,0,0,1,0,6,6,7,42.00641031,-87.68057038
0,337498,-1,30,1,0,0,1,0,2,-1,0,0,0,0,1,-1,-1,17,17,623,-1,-1,-1,-1,-1,-1,2,0,0,0,0,0,2,0,5,6,7,41.75627566,-87.62586792
0,338233,-1,20,0,0,0,2,7,5,1,0,0,0,0,-1,-1,1,0,0,1723,-1,-1,-1,-1,-1,-1,2,0,0,0,0,0,1,0,5,6,7,41.959003,-87.7168949
0,337491,-1,30,1,2,0,1,10,5,6,2,0,0,0,1,-1,-1,22,0,623,-1,-1,-1,-1,-1,-1,2,0,0,0,0,0,2,0,5,6,7,41.75807157,-87.62478705
0,349393,-1,35,1,2,0,1,10,12,-1,0,0,0,0,-1,-1,1,0,-1,632,-1,-1,-1,-1,-1,-1,2,0,0,0,0,0,2,0,5,6,7,41.73641095,-87.62408713
0,337468,-1,30,1,2,0,1,14,2,2,0,0,0,0,1,-1,-1,0,-1,922,-1,-1,-1,-1,-1,-1,2,0,0,0,0,0,4,0,4,6,7,41.81160777,-87.70396395
0,337464,-1,35,1,2,0,2,14,5,5,0,0,0,1,-1,-1,-1,16,-1,835,-1,-1,-1,-1,-1,-1,2,0,0,0,0,0,2,0,4,6,7,41.75018599,-87.70255393
0,337459,-1,30,1,2,0,3,14,5,4,0,0,0,1,1,-1,-1,6,-1,1533,-1,-1,-1,-1,-1,-1,2,0,0,0,0,0,2,0,3,6,7,41.87208214,-87.74507954
0,337426,-1,30,1,2,0,3,7,6,2,0,0,0,0,-1,-1,-1,11,-1,1831,-1,-1,-1,-1,-1,-1,2,0,0,0,0,0,1,0,3,6,7,41.89094095,-87.63032434
0,337422,-1,30,7,0,0,3,10,2,2,0,0,-1,0,-1,-1,-1,20,11,612,-1,1,-1,-1,-1,-1,2,0,0,0,0,0,2,0,2,6,7,41.75036402,-87.65533239
2,337404,-1,30,0,0,0,3,7,5,1,0,0,0,1,-1,-1,-1,0,-1,935,-1,-1,-1,-1,-1,-1,2,1,0,0,1,0,0,0,2,6,7,41.79550819,-87.64290502
0,337412,-1,20,0,0,0,3,7,5,-1,0,0,0,1,-1,-1,-1,12,0,823,-1,-1,-1,-1,-1,-1,4,0,0,0,0,0,1,0,2,6,7,41.77607736,-87.71548398
0,337403,-1,30,0,0,0,3,12,6,1,0,0,-1,0,-1,-1,-1,-1,-1,1024,-1,1,-1,-1,-1,-1,2,0,0,0,0,0,3,0,1,6,7,41.85287335,-87.71222013
0,337420,-1,30,0,0,0,3,7,5,2,0,0,0,1,-1,-1,1,21,16,724,-1,-1,-1,-1,-1,-1,3,0,0,0,0,0,1,0,1,6,7,41.7703646,-87.65440324
0,339085,1,30,-1,-1,-1,-1,0,6,2,0,-1,-1,0,1,-1,-1,-1,-1,332,-1,-1,-1,-1,-1,-1,2,0,0,0,0,0,2,0,1,6,7,41.76964116,-87.58301898
2,337369,-1,30,1,2,0,0,7,5,-1,0,0,0,1,-1,-1,-1,0,-1,221,-1,-1,-1,-1,-1,-1,3,2,0,0,2,0,0,0,0,6,7,41.81302446,-87.60679131
0,337365,-1,30,0,0,0,3,7,5,4,0,0,0,0,-1,-1,1,20,-1,2432,0,-1,-1,-1,-1,-1,2,0,0,0,0,0,1,0,0,6,7,42.00449243,-87.66069956
0,344378,-1,30,0,0,0,0,7,6,-1,0,0,0,0,-1,-1,0,-1,-1,822,-1,-1,-1,-1,-1,-1,2,0,0,0,0,0,1,0,0,6,7,41.79514534,-87.70938407
0,337337,-1,30,0,0,0,3,2,6,-1,0,0,0,1,-1,1,-1,13,-1,1115,-1,-1,-1,-1,-1,-1,1,0,0,0,0,0,2,0,0,6,7,41.87799532,-87.7332075