MOST_SEVERE_INJURY,RD_NO,CRASH_DATE_EST_I,POSTED_SPEED_LIMIT,TRAFFIC_CONTROL_DEVICE,DEVICE_CONDITION,WEATHER_CONDITION,LIGHTING_CONDITION,FIRST_CRASH_TYPE,TRAFFICWAY_TYPE,LANE_CNT,ALIGNMENT,ROADWAY_SURFACE_COND,ROAD_DEFECT,CRASH_TYPE,INTERSECTION_RELATED_I,NOT_RIGHT_OF_WAY_I,HIT_AND_RUN_I,PRIM_CONTRIBUTORY_CAUSE,SEC_CONTRIBUTORY_CAUSE,BEAT_OF_OCCURRENCE,PHOTOS_TAKEN_I,STATEMENTS_TAKEN_I,DOORING_I,WORK_ZONE_I,WORK_ZONE_TYPE,WORKERS_PRESENT_I,NUM_UNITS,INJURIES_TOTAL,INJURIES_FATAL,INJURIES_INCAPACITATING,INJURIES_NON_INCAPACITATING,INJURIES_REPORTED_NOT_EVIDENT,INJURIES_NO_INDICATION,INJURIES_UNKNOWN,CRASH_HOUR,CRASH_DAY_OF_WEEK,CRASH_MONTH,LATITUDE,LONGITUDE
0,337564,1,30,0,0,-1,-1,7,5,2,0,-1,0,0,-1,-1,-1,0,0,1122,-1,-1,-1,-1,-1,-1,2,0,0,0,0,0,1,0,0,6,7,41.88116377,-87.72061876
0,337328,-1,25,0,0,0,3,7,6,-1,0,0,0,0,-1,-1,-1,32,-1,2514,-1,-1,-1,-1,-1,-1,2,0,0,0,0,0,2,0,23,5,7,41.9348629,-87.76290931
0,337332,-1,0,0,0,0,3,2,4,-1,0,0,0,0,-1,1,-1,11,-1,1232,-1,-1,-1,-1,-1,-1,1,0,0,0,0,0,1,0,23,5,7,41.86949873,-87.65540209
2,337331,-1,30,0,-1,0,3,0,0,1,0,0,12,1,-1,-1,0,0,0,735,-1,-1,-1,-1,-1,-1,2,2,0,0,2,0,1,0,23,5,7,41.7665035,-87.67453088
2,337395,-1,30,0,0,0,0,10,6,1,0,0,0,1,-1,-1,0,14,22,1024,-1,0,-1,-1,-1,-1,2,2,0,0,2,0,1,0,23,5,7,41.85187399,-87.71220091
0,337296,-1,30,0,0,0,3,7,5,2,0,0,0,1,-1,-1,1,18,17,2213,-1,-1,-1,-1,-1,-1,2,0,0,0,0,0,2,0,23,5,7,41.71415789,-87.6561564
0,338393,-1,10,0,0,0,3,7,5,2,0,1,0,0,-1,-1,1,0,-1,825,-1,-1,-1,-1,-1,-1,2,0,0,0,0,0,1,0,23,5,7,41.77903743,-87.69232035
0,337299,-1,30,1,2,0,3,10,2,5,0,0,0,0,1,-1,1,25,11,811,-1,-1,-1,-1,-1,-1,2,0,0,0,0,0,2,0,23,5,7,41.79282373,-87.76245057
0,337287,-1,35,0,0,0,3,12,2,6,0,0,0,1,1,-1,-1,23,11,811,-1,-1,-1,-1,-1,-1,2,0,0,0,0,0,7,0,22,5,7,41.79004397,-87.8013004
0,337312,-1,30,1,2,0,3,10,5,2,0,0,-1,1,1,-1,-1,16,-1,611,-1,1,-1,-1,-1,-1,2,0,0,0,0,0,4,0,22,5,7,41.75559944,-87.67343244
0,337264,-1,30,0,0,0,3,0,6,0,0,0,0,1,1,-1,-1,17,-1,1932,-1,-1,-1,-1,-1,-1,3,0,0,0,0,0,2,0,22,5,7,41.93594896,-87.66780744
0,337278,-1,30,1,2,0,3,12,2,4,0,0,0,0,1,-1,-1,21,0,2022,-1,-1,-1,-1,-1,-1,2,0,0,0,0,0,2,0,22,5,7,41.98373354,-87.65996856
2,337273,-1,30,2,2,0,3,14,5,-1,0,0,-1,1,1,-1,-1,23,0,1925,-1,1,-1,-1,-1,-1,2,2,0,0,2,0,1,0,22,5,7,41.94230542,-87.64010536
0,337291,-1,10,0,0,0,0,7,5,-1,0,0,0,0,-1,-1,-1,0,0,824,-1,-1,-1,-1,-1,-1,3,0,0,0,0,0,1,0,22,5,7,41.79229838,-87.69390578
0,337230,-1,30,1,2,0,3,10,6,4,0,0,0,0,1,-1,1,18,-1,1832,-1,-1,-1,-1,-1,-1,2,0,0,0,0,0,2,0,21,5,7,41.89255819,-87.62982699
0,337289,-1,30,1,2,1,3,10,2,-1,0,0,0,0,-1,-1,1,18,16,311,-1,-1,-1,-1,-1,-1,2,0,0,0,0,0,4,0,21,5,7,41.7800965,-87.6301722
0,337216,-1,30,0,0,0,3,10,3,2,0,0,0,0,-1,-1,-1,0,-1,1231,-1,-1,-1,-1,-1,-1,2,0,0,0,0,0,7,0,21,5,7,41.87436512,-87.65848956
0,337214,-1,30,0,0,0,3,10,5,2,0,0,0,0,-1,-1,-1,16,18,1613,-1,-1,-1,-1,-1,-1,2,0,0,0,0,0,2,0,21,5,7,41.97756052,-87.7879859
1,337235,1,30,1,-1,0,3,0,6,1,2,0,-1,1,-1,-1,1,0,0,124,-1,-1,-1,-1,-1,-1,2,1,0,0,0,1,1,0,21,5,7,41.86709666,-87.64314279
2,337203,1,35,0,0,0,3,14,5,4,0,0,0,1,-1,-1,-1,23,23,725,-1,-1,-1,-1,-1,-1,2,1,0,0,1,0,4,0,21,5,7,41.77027876,-87.66411243
0,337254,-1,30,1,2,0,3,0,3,3,0,1,3,0,-1,-1,1,0,0,2232,-1,-1,-1,-1,-1,-1,2,0,0,0,0,0,2,0,21,5,7,41.71410524,-87.64285948
0,338341,-1,30,0,0,0,3,10,5,-1,0,0,0,0,-1,-1,1,18,-1,2524,-1,-1,-1,-1,-1,-1,2,0,0,0,0,0,2,0,21,5,7,41.92456703,-87.72928467
0,337710,-1,15,0,0,0,1,7,7,0,0,0,0,0,-1,-1,-1,-1,-1,1214,-1,-1,-1,-1,-1,-1,2,0,0,0,0,0,1,0,21,5,7,41.88830002,-87.64446185
0,337202,-1,30,1,2,0,3,14,3,4,0,1,0,1,1,-1,-1,17,6,2222,-1,-1,-1,-1,-1,-1,2,0,0,0,0,0,2,0,21,5,7,41.73600657,-87.64534182
3,337170,-1,30,2,2,0,3,8,6,1,0,0,0,1,1,-1,-1,17,-1,1632,-1,-1,-1,-1,-1,-1,2,1,0,1,0,0,1,0,20,5,7,41.94721525,-87.80476531
2,337180,-1,35,0,0,0,2,10,5,4,0,0,0,1,-1,-1,1,14,-1,2522,-1,-1,-1,-1,-1,-1,2,1,0,0,1,0,1,0,20,5,7,41.92419777,-87.74127196
2,337189,-1,30,1,2,0,4,0,5,4,0,0,0,1,1,-1,1,6,-1,1222,-1,-1,-1,-1,-1,-1,2,1,0,0,1,0,1,0,20,5,7,41.8828035,-87.70110607
0,337931,-1,15,0,0,-1,4,7,0,-1,0,-1,-1,0,-1,-1,-1,0,-1,2413,-1,-1,-1,-1,-1,-1,2,0,0,0,0,0,1,0,20,5,7,41.9975749,-87.69368777
0,337149,-1,30,0,0,0,3,7,5,-1,0,0,0,0,-1,-1,-1,20,16,2533,-1,-1,-1,-1,-1,-1,2,0,0,0,0,0,1,0,20,5,7,41.91134591,-87.74553699
0,337091,-1,30,1,0,0,1,14,5,4,0,0,0,1,1,-1,-1,17,23,2423,-1,-1,-1,-1,-1,-1,1,0,0,0,0,0,1,0,19,5,7,42.01292549,-87.6633447
0,337102,-1,30,0,0,0,1,2,5,2,0,0,0,1,-1,-1,1,-1,-1,933,-1,-1,-1,-1,-1,-1,2,0,0,0,0,0,1,0,19,5,7,41.80565715,-87.65774385
0,337141,-1,30,0,0,0,4,7,6,-1,0,1,0,0,-1,-1,-1,25,16,611,-1,-1,-1,-1,-1,-1,2,0,0,0,0,0,1,0,19,5,7,41.75086006,-87.67086858
0,337168,1,20,0,0,-1,-1,7,6,1,0,-1,0,0,-1,-1,1,0,-1,2023,-1,-1,-1,-1,-1,-1,2,0,0,0,0,0,1,0,19,5,7,41.98198453,-87.65538608
0,337119,-1,10,0,0,0,1,7,7,-1,0,0,0,0,-1,-1,1,0,0,1433,-1,-1,-1,-1,-1,-1,2,0,0,0,0,0,1,0,19,5,7,41.91057467,-87.66223523
0,337156,-1,30,0,0,2,4,12,6,-1,0,1,0,0,-1,-1,-1,17,0,2024,-1,-1,-1,-1,-1,-1,2,0,0,0,0,0,2,0,19,5,7,41.97513052,-87.65771381
0,337086,-1,30,-1,-1,-1,-1,12,-1,-1,0,-1,-1,0,-1,-1,-1,0,-1,1634,-1,-1,-1,-1,-1,-1,2,0,0,0,0,0,3,0,19,5,7,41.95324878,-87.75229549
0,337178,-1,25,1,2,0,1,10,5,-1,0,0,0,0,-1,-1,-1,18,18,1731,-1,-1,-1,-1,-1,-1,2,0,0,0,0,0,3,0,19,5,7,41.94625154,-87.74596043
0,337056,-1,30,0,0,0,1,12,3,2,0,0,0,0,-1,-1,-1,0,-1,2232,-1,-1,-1,-1,-1,-1,2,0,0,0,0,0,2,0,19,5,7,41.70751847,-87.64270444
0,337144,-1,25,0,0,0,1,7,2,2,0,0,0,0,-1,-1,1,0,0,821,-1,-1,-1,-1,-1,-1,2,0,0,0,0,0,1,0,19,5,7,41.80804727,-87.70411882
0,337118,-1,30,0,0,0,1,2,6,1,0,0,-1,0,-1,-1,-1,28,-1,1523,-1,-1,-1,-1,-1,-1,1,0,0,0,0,0,1,0,19,5,7,41.88432704,-87.76347616
0,337522,-1,35,1,2,2,1,0,5,-1,0,1,0,0,1,-1,-1,34,20,634,-1,-1,-1,-1,-1,-1,2,0,0,0,0,0,2,0,19,5,7,41.73460557,-87.63205437
0,337041,-1,30,0,0,0,1,10,7,-1,0,0,0,0,-1,-1,-1,-1,-1,1722,-1,-1,-1,-1,-1,-1,2,0,0,0,0,0,2,0,19,5,7,41.96039604,-87.72914185
0,337047,-1,30,0,0,0,1,14,2,2,0,0,0,1,-1,-1,1,17,-1,2024,-1,-1,-1,-1,-1,-1,2,0,0,0,0,0,2,0,18,5,7,41.97634574,-87.65514353
0,337037,-1,30,0,0,0,1,12,6,1,0,0,0,1,-1,-1,-1,22,16,623,-1,-1,-1,-1,-1,-1,3,0,0,0,0,0,2,0,18,5,7,41.75374006,-87.62290948
0,338221,-1,15,0,0,0,1,2,0,-1,0,0,0,0,-1,-1,-1,33,-1,1422,-1,-1,-1,-1,-1,-1,1,0,0,0,0,0,1,0,18,5,7,41.91381278,-87.71003857
0,337022,-1,30,1,2,0,1,14,2,2,0,0,0,0,1,-1,-1,17,-1,1731,-1,-1,-1,-1,-1,-1,2,0,0,0,0,0,2,0,18,5,7,41.94633017,-87.73934066
0,337017,-1,30,1,2,0,1,12,5,4,0,0,0,0,-1,-1,-1,11,0,1822,-1,-1,-1,-1,-1,-1,2,0,0,0,0,0,2,0,18,5,7,41.89657818,-87.64341245
0,336963,-1,15,0,0,2,1,7,6,1,0,1,0,0,-1,-1,1,25,-1,2222,-1,-1,-1,-1,-1,-1,2,0,0,0,0,0,2,0,18,5,7,41.72971393,-87.65180014
0,336985,-1,30,0,0,2,1,14,5,4,0,1,-1,0,-1,-1,-1,22,-1,2411,-1,-1,-1,-1,-1,-1,2,0,0,0,0,0,2,0,18,5,7,42.01903723,-87.70855562
0,337066,-1,30,0,0,0,1,10,2,2,0,0,0,0,-1,-1,-1,0,0,2531,-1,-1,-1,-1,-1,-1,2,0,0,0,0,0,2,0,18,5,7,41.90584606,-87.76593525
0,336993,-1,30,0,0,0,1,14,5,5,0,0,0,1,-1,-1,-1,17,-1,2223,-1,-1,-1,-1,-1,-1,2,0,0,0,0,0,2,0,18,5,7,41.72185359,-87.64307614
0,336986,-1,30,0,0,0,1,12,3,-1,0,0,0,0,1,-1,-1,0,-1,814,-1,-1,-1,-1,-1,-1,2,0,0,0,0,0,2,0,18,5,7,41.79988265,-87.7430975
2,336996,-1,30,1,2,0,1,9,2,2,0,0,0,1,1,-1,-1,17,22,1232,-1,-1,-1,-1,-1,-1,2,1,0,0,1,0,1,0,18,5,7,41.87421551,-87.6462863
2,336997,-1,30,1,2,0,1,8,5,-1,0,0,0,1,-1,-1,1,17,-1,825,-1,0,-1,-1,-1,-1,2,1,0,0,1,0,1,0,18,5,7,41.77571267,-87.6835958
0,336978,-1,35,0,0,0,1,12,5,-1,0,0,0,0,-1,-1,-1,17,-1,2412,-1,-1,-1,-1,-1,-1,2,0,0,0,0,0,2,0,18,5,7,41.99786101,-87.68860509
0,336960,-1,30,1,2,0,1,0,12,0,0,0,0,0,1,-1,1,21,0,1414,-1,-1,-1,-1,-1,-1,2,0,0,0,0,0,4,0,18,5,7,41.92884145,-87.70762216
0,337059,-1,30,0,0,0,1,10,5,2,0,0,0,0,-1,-1,-1,20,20,524,-1,-1,-1,-1,-1,-1,2,0,0,0,0,0,2,0,18,5,7,41.67772083,-87.64205185
0,336956,-1,30,0,0,1,1,7,2,4,0,0,0,0,-1,-1,-1,0,-1,114,-1,-1,-1,-1,-1,-1,2,0,0,0,0,0,1,0,18,5,7,41.88458837,-87.62327256
0,340641,1,30,0,0,0,4,7,7,-1,0,0,0,0,-1,-1,1,25,-1,2512,-1,-1,-1,-1,-1,-1,2,0,0,0,0,0,1,0,18,5,7,41.92629696,-87.78569482
0,336968,-1,10,0,0,1,1,14,7,1,0,0,0,0,-1,-1,-1,0,11,2211,-1,-1,-1,-1,-1,-1,2,0,0,0,0,0,3,0,17,5,7,41.70631285,-87.69976712
0,336901,-1,30,1,2,0,1,12,2,2,0,0,0,0,-1,-1,-1,22,17,1921,-1,-1,-1,-1,-1,-1,2,0,0,0,0,0,3,0,17,5,7,41.95174164,-87.68825507
0,337087,-1,30,0,0,0,1,7,6,1,0,0,0,0,-1,-1,1,16,-1,2515,-1,-1,-1,-1,-1,-1,3,0,0,0,0,0,1,0,17,5,7,41.91845875,-87.76073826
2,336934,-1,30,1,2,2,1,9,2,4,0,1,0,1,1,-1,-1,0,0,933,-1,-1,-1,-1,-1,-1,2,1,0,0,1,0,1,0,17,5,7,41.80881504,-87.64568295
0,336865,-1,30,1,2,0,1,10,5,-1,0,0,0,0,-1,-1,-1,18,-1,114,-1,-1,-1,-1,-1,-1,2,0,0,0,0,0,2,0,17,5,7,41.86762194,-87.62043251
0,344804,-1,30,1,2,0,1,12,3,4,0,0,0,0,1,-1,-1,17,17,1921,-1,-1,-1,-1,-1,-1,2,0,0,0,0,0,2,0,17,5,7,41.9539001,-87.68865847
0,337867,-1,30,0,0,2,1,10,5,4,0,1,0,0,-1,-1,-1,18,0,2012,-1,-1,-1,-1,-1,-1,2,0,0,0,0,0,2,0,17,5,7,41.98037446,-87.66987556
0,337126,-1,30,1,2,0,1,12,2,-1,0,0,0,0,-1,-1,-1,22,-1,621,-1,-1,-1,-1,-1,-1,2,0,0,0,0,0,2,0,17,5,7,41.75599579,-87.64432824
0,337025,-1,25,0,0,0,1,0,5,-1,0,0,0,0,-1,-1,1,-1,-1,1131,-1,-1,-1,-1,-1,-1,2,0,0,0,0,0,2,0,17,5,7,41.87326945,-87.74458512
0,336906,-1,30,0,0,2,1,12,5,-1,0,1,0,0,-1,-1,-1,20,-1,634,-1,-1,-1,-1,-1,-1,2,0,0,0,0,0,2,0,17,5,7,41.73429706,-87.63204615
0,336886,-1,30,1,2,0,1,10,5,2,0,0,0,0,-1,-1,-1,18,-1,1613,-1,-1,-1,-1,-1,-1,2,0,0,0,0,0,2,0,17,5,7,41.974648,-87.80712789
0,336905,-1,30,1,2,0,1,10,2,4,0,1,0,0,1,-1,-1,0,-1,624,-1,-1,-1,-1,-1,-1,2,0,0,0,0,0,2,0,17,5,7,41.75119434,-87.60536733
0,336975,-1,20,1,0,2,1,10,5,2,0,1,0,0,-1,-1,-1,7,18,715,-1,-1,-1,-1,-1,-1,2,0,0,0,0,0,2,0,17,5,7,41.78681775,-87.6676636
0,336881,-1,20,0,0,0,1,9,5,-1,0,0,0,0,-1,-1,-1,-1,-1,1613,-1,-1,-1,-1,-1,-1,2,0,0,0,0,0,3,0,17,5,7,41.98071456,-87.80130764
0,336973,-1,30,0,0,0,1,12,5,6,0,0,0,0,-1,-1,-1,21,-1,122,-1,-1,-1,-1,-1,-1,2,0,0,0,0,0,4,0,17,5,7,41.88598952,-87.63635337
0,336914,-1,30,1,2,0,1,10,5,2,0,0,0,0,-1,-1,-1,18,-1,1614,-1,-1,-1,-1,-1,-1,2,0,0,0,0,0,3,0,17,5,7,41.96648619,-87.83674079
0,336878,-1,25,0,0,0,1,12,5,-1,0,0,0,0,-1,-1,1,-1,-1,1023,-1,-1,-1,-1,-1,-1,2,0,0,0,0,0,2,0,17,5,7,41.86227323,-87.69270319
2,336876,-1,30,1,2,0,1,12,5,2,0,0,0,1,1,-1,-1,21,0,1222,-1,-1,-1,-1,-1,-1,2,2,0,0,2,0,0,0,17,5,7,41.8812705,-87.68653594
0,336938,-1,30,1,2,0,1,10,5,2,0,0,-1,0,-1,-1,-1,-1,-1,1633,-1,-1,-1,-1,-1,-1,3,0,0,0,0,0,3,0,17,5,7,41.93852388,-87.77876851
0,336877,-1,30,0,0,0,1,10,5,2,2,0,0,0,-1,-1,0,20,0,1834,1,-1,-1,-1,-1,-1,2,0,0,0,0,0,2,0,17,5,7,41.88996387,-87.62750692
0,336891,-1,30,1,2,1,1,7,2,4,0,0,0,0,-1,-1,-1,0,-1,611,-1,-1,-1,-1,-1,-1,2,0,0,0,0,0,4,0,17,5,7,41.7484348,-87.66353358
0,337136,-1,30,0,0,0,1,10,2,2,0,0,0,0,-1,-1,-1,0,-1,334,-1,-1,-1,-1,-1,-1,2,0,0,0,0,0,2,0,16,5,7,41.76089184,-87.56656033
0,336839,-1,30,2,2,0,4,0,5,2,0,-1,0,1,1,-1,-1,5,5,232,-1,-1,-1,-1,-1,-1,2,0,0,0,0,0,2,0,16,5,7,41.78909444,-87.62570667
0,337038,-1,30,0,0,0,1,7,5,2,0,0,-1,0,-1,-1,-1,22,-1,1512,-1,-1,-1,-1,-1,-1,2,0,0,0,0,0,1,0,16,5,7,41.88222918,-87.77370716
0,336821,-1,30,12,2,0,1,2,5,4,0,1,0,1,-1,-1,-1,-1,-1,334,-1,-1,-1,-1,-1,-1,1,0,0,0,0,0,1,0,16,5,7,41.7661952,-87.56290818
0,341386,-1,30,0,-1,-1,-1,7,5,-1,0,-1,0,0,-1,-1,1,0,0,1712,-1,-1,-1,-1,-1,-1,2,0,0,0,0,0,1,0,16,5,7,41.96821157,-87.74085256
0,337602,-1,30,1,2,0,1,10,2,-1,0,0,0,0,-1,-1,1,0,0,1633,-1,-1,-1,-1,-1,-1,1,0,0,0,0,0,1,0,16,5,7,41.93873995,-87.76228948
3,337188,1,30,0,0,0,1,8,5,2,0,0,0,1,-1,-1,-1,0,-1,1214,-1,-1,1,-1,-1,-1,2,1,0,1,0,0,0,0,16,5,7,41.88568962,-87.64762173
0,336855,-1,20,0,0,0,1,10,5,-1,0,0,-1,0,-1,-1,-1,0,-1,1633,-1,-1,-1,-1,-1,-1,2,0,0,0,0,0,3,0,16,5,7,41.93867993,-87.76174462
0,336786,-1,30,1,2,1,1,12,2,-1,0,0,0,0,0,-1,-1,23,-1,1711,-1,-1,-1,-1,-1,-1,2,0,0,0,0,0,2,0,16,5,7,41.99024567,-87.72860841
0,336885,-1,30,0,0,0,1,10,6,2,0,0,0,0,-1,-1,1,17,0,114,-1,-1,-1,-1,-1,-1,2,0,0,0,0,0,4,0,16,5,7,41.88429029,-87.62211751
1,336808,-1,30,0,0,0,1,9,5,1,0,1,12,1,-1,-1,-1,34,0,634,-1,-1,-1,-1,-1,-1,2,1,0,0,0,1,1,0,16,5,7,41.73374198,-87.63203087
0,336818,-1,30,1,2,2,1,10,5,-1,0,1,0,1,1,-1,-1,18,-1,835,-1,-1,-1,-1,-1,-1,3,0,0,0,0,0,3,0,16,5,7,41.74896902,-87.70222525
0,355275,-1,30,-1,-1,0,1,7,6,1,0,0,-1,0,-1,-1,1,25,25,333,-1,-1,-1,-1,-1,-1,2,0,0,0,0,0,1,0,16,5,7,41.76362673,-87.57238852
0,336813,-1,30,0,0,2,1,10,3,-1,0,1,-1,0,-1,-1,-1,34,0,413,-1,-1,-1,-1,-1,-1,2,0,0,0,0,0,2,0,16,5,7,41.72335138,-87.57552296
0,336810,-1,30,2,2,2,1,0,12,0,0,1,-1,1,1,-1,1,17,0,1214,-1,-1,-1,-1,-1,-1,2,0,0,0,0,0,4,0,16,5,7,41.88579694,-87.64570081
0,336800,-1,30,2,2,2,1,14,2,4,0,1,0,0,-1,-1,1,5,0,1011,-1,-1,-1,-1,-1,-1,2,0,0,0,0,0,3,0,16,5,7,41.86611469,-87.72129622
0,336785,-1,30,1,2,0,1,14,2,4,0,0,0,1,1,-1,-1,17,-1,1013,-1,-1,-1,-1,-1,-1,2,0,0,0,0,0,5,0,16,5,7,41.85115822,-87.72489554
0,336779,-1,25,0,0,0,1,7,2,2,0,0,0,0,-1,-1,-1,20,-1,2412,-1,-1,-1,-1,-1,-1,2,0,0,0,0,0,1,0,16,5,7,41.99778941,-87.69272643
0,336773,-1,30,0,0,1,1,14,2,3,0,-1,-1,0,-1,-1,0,23,17,411,-1,-1,-1,-1,-1,-1,2,0,0,0,0,0,2,0,16,5,7,41.75808903,-87.58626891
0,354775,-1,30,0,0,0,1,12,5,2,0,0,0,0,-1,-1,-1,22,11,122,-1,-1,-1,-1,-1,-1,2,0,0,0,0,0,2,0,16,5,7,41.88608222,-87.63687014
0,337894,1,30,-1,-1,-1,-1,14,5,-1,0,-1,-1,0,-1,-1,1,0,0,1131,-1,-1,-1,-1,-1,-1,2,0,0,0,0,0,2,0,16,5,7,41.87305557,-87.74441801
0,336860,-1,30,0,0,12,1,5,5,-1,0,0,0,0,-1,-1,1,0,0,2514,-1,-1,-1,-1,-1,-1,1,0,0,0,0,0,1,0,16,5,7,41.93261595,-87.76614648
0,336787,-1,30,0,0,1,1,0,7,-1,0,0,0,0,-1,1,-1,11,-1,1811,-1,-1,-1,-1,-1,-1,2,0,0,0,0,0,3,0,16,5,7,41.91893142,-87.66089422
1,336754,-1,30,1,2,2,1,10,5,4,2,1,0,1,-1,-1,-1,34,18,911,-1,-1,-1,-1,-1,-1,3,1,0,0,0,1,2,0,16,5,7,41.82937584,-87.7044429
0,336752,-1,35,1,2,2,1,0,5,-1,0,1,0,1,1,-1,-1,3,16,313,-1,-1,-1,-1,-1,-1,2,0,0,0,0,0,6,0,16,5,7,41.78052103,-87.6058695
0,336724,-1,30,1,2,0,1,10,5,4,0,0,0,0,-1,-1,1,18,11,1833,-1,-1,-1,-1,-1,-1,2,0,0,0,0,0,3,0,15,5,7,41.89642849,-87.61693546
0,349505,-1,25,0,0,0,1,0,6,-1,0,0,0,0,-1,-1,-1,0,-1,421,-1,-1,-1,-1,-1,-1,2,0,0,0,0,0,2,0,15,5,7,41.75187622,-87.56608772
0,336739,-1,30,0,0,1,1,2,2,2,0,0,0,1,-1,1,-1,12,-1,1413,-1,-1,-1,-1,-1,-1,1,0,0,0,0,0,3,0,15,5,7,41.92243336,-87.71218424
0,336746,-1,30,0,0,0,1,14,2,4,0,-1,-1,0,1,-1,-1,0,0,2522,-1,-1,-1,-1,-1,-1,2,0,0,0,0,0,4,0,15,5,7,41.92067381,-87.74635941
0,336733,-1,30,1,2,2,1,10,3,3,0,1,0,0,-1,-1,-1,7,-1,511,-1,-1,-1,-1,-1,-1,2,0,0,0,0,0,2,0,15,5,7,41.72168869,-87.62073346
0,336824,-1,30,0,0,0,1,3,7,0,0,0,0,0,-1,-1,-1,0,0,634,-1,-1,-1,-1,-1,-1,2,0,0,0,0,0,2,0,15,5,7,41.73614513,-87.62691784
0,336756,-1,30,-1,-1,0,1,14,5,-1,0,-1,-1,0,-1,-1,1,0,-1,1623,-1,-1,-1,-1,-1,-1,2,0,0,0,0,0,2,0,15,5,7,41.96079002,-87.74768936
0,336744,-1,30,1,2,0,1,10,2,-1,0,1,0,0,-1,-1,-1,34,34,1111,-1,-1,-1,-1,-1,-1,2,0,0,0,0,0,2,0,15,5,7,41.89547675,-87.72614436
0,336854,-1,30,0,0,1,1,12,5,2,0,1,0,0,1,-1,-1,22,22,1414,-1,-1,-1,-1,-1,-1,2,0,0,0,0,0,2,0,15,5,7,41.92491035,-87.69802669
0,336983,-1,30,0,0,0,1,10,7,-1,0,0,0,0,-1,-1,-1,-1,-1,1133,-1,-1,-1,-1,-1,-1,2,0,0,0,0,0,3,0,15,5,7,41.87556078,-87.71088492
0,336680,-1,20,0,0,0,1,7,5,-1,0,1,0,0,-1,1,-1,20,0,914,-1,-1,-1,-1,-1,-1,2,0,0,0,0,0,1,0,15,5,7,41.84802686,-87.64010281
0,336817,-1,25,0,0,0,1,7,2,4,0,0,0,0,-1,-1,1,0,0,832,-1,-1,-1,-1,-1,-1,2,0,0,0,0,0,1,0,15,5,7,41.76278384,-87.68333691
1,336677,-1,30,0,0,2,1,0,5,2,0,1,-1,1,1,-1,-1,0,0,1512,-1,-1,-1,-1,-1,-1,2,4,0,0,0,4,3,0,15,5,7,41.88221939,-87.77343898
0,343956,-1,30,1,2,0,1,7,5,-1,0,1,0,0,-1,-1,-1,21,21,123,-1,-1,-1,-1,-1,-1,2,0,0,0,0,0,2,0,15,5,7,41.87278061,-87.63077151
0,337057,-1,15,0,0,0,1,7,7,1,0,0,0,0,-1,1,-1,0,-1,314,-1,-1,-1,-1,-1,-1,2,0,0,0,0,0,1,0,15,5,7,41.77795355,-87.58652921
0,336840,-1,30,0,0,1,1,10,5,2,0,1,0,0,-1,-1,-1,18,-1,731,1,-1,-1,-1,-1,-1,2,0,0,0,0,0,2,0,15,5,7,41.76766105,-87.62710082
0,336827,-1,30,0,0,2,1,0,2,-1,0,1,0,0,-1,-1,-1,18,0,614,-1,-1,-1,-1,-1,-1,2,0,0,0,0,0,2,0,15,5,7,41.74662206,-87.66348933
1,336711,-1,30,0,0,0,1,12,5,2,0,0,0,1,-1,-1,-1,0,-1,1232,-1,-1,-1,-1,-1,-1,2,2,0,0,0,2,3,0,15,5,7,41.88169974,-87.64838206
2,336702,-1,30,2,2,1,1,9,5,2,0,0,0,1,1,-1,-1,17,-1,2523,-1,-1,-1,-1,-1,-1,2,1,0,0,1,0,1,0,15,5,7,41.93777133,-87.72190985
0,336735,-1,30,0,0,2,1,10,5,-1,0,1,0,0,-1,-1,-1,18,-1,911,-1,-1,-1,-1,-1,-1,2,0,0,0,0,0,3,0,15,5,7,41.82473747,-87.68670124
0,336676,-1,30,0,0,2,1,10,5,2,0,1,0,0,-1,-1,1,22,-1,1232,-1,-1,-1,-1,-1,-1,2,0,0,0,0,0,2,0,15,5,7,41.86277557,-87.64664282
0,336712,-1,35,0,0,0,1,7,2,-1,0,1,0,0,-1,-1,-1,27,-1,914,-1,-1,-1,-1,-1,-1,2,0,0,0,0,0,1,0,15,5,7,41.8415985,-87.64441765
0,336825,-1,30,1,2,1,1,2,3,4,2,1,-1,0,0,-1,-1,0,-1,1433,-1,-1,-1,-1,-1,-1,1,0,0,0,0,0,1,0,15,5,7,41.91614728,-87.66794735
0,336775,-1,0,1,2,0,1,10,6,-1,0,0,0,0,-1,-1,-1,18,-1,225,-1,-1,-1,-1,-1,-1,2,0,0,0,0,0,2,0,15,5,7,41.79549787,-87.63038388
3,336681,-1,30,2,0,1,1,10,5,-1,0,0,0,1,-1,-1,-1,18,-1,1223,-1,-1,-1,-1,-1,-1,2,3,0,2,1,0,1,0,15,5,7,41.88138743,-87.67921068
0,336792,-1,30,0,0,0,1,12,5,2,0,0,0,0,-1,-1,-1,17,-1,1234,-1,-1,-1,-1,-1,-1,3,0,0,0,0,0,2,0,15,5,7,41.85686278,-87.67092936
0,336692,-1,25,0,0,2,1,10,2,2,0,1,0,0,-1,-1,-1,0,0,822,-1,-1,-1,-1,-1,-1,2,0,0,0,0,0,2,0,15,5,7,41.78958091,-87.71559794