MOST_SEVERE_INJURY,RD_NO,CRASH_DATE_EST_I,POSTED_SPEED_LIMIT,TRAFFIC_CONTROL_DEVICE,DEVICE_CONDITION,WEATHER_CONDITION,LIGHTING_CONDITION,FIRST_CRASH_TYPE,TRAFFICWAY_TYPE,LANE_CNT,ALIGNMENT,ROADWAY_SURFACE_COND,ROAD_DEFECT,CRASH_TYPE,INTERSECTION_RELATED_I,NOT_RIGHT_OF_WAY_I,HIT_AND_RUN_I,PRIM_CONTRIBUTORY_CAUSE,SEC_CONTRIBUTORY_CAUSE,BEAT_OF_OCCURRENCE,PHOTOS_TAKEN_I,STATEMENTS_TAKEN_I,DOORING_I,WORK_ZONE_I,WORK_ZONE_TYPE,WORKERS_PRESENT_I,NUM_UNITS,INJURIES_TOTAL,INJURIES_FATAL,INJURIES_INCAPACITATING,INJURIES_NON_INCAPACITATING,INJURIES_REPORTED_NOT_EVIDENT,INJURIES_NO_INDICATION,INJURIES_UNKNOWN,CRASH_HOUR,CRASH_DAY_OF_WEEK,CRASH_MONTH,LATITUDE,LONGITUDE
2,336678,-1,30,1,2,2,1,14,5,4,0,1,0,1,1,-1,-1,6,0,2521,-1,-1,-1,-1,-1,-1,3,5,0,0,5,0,1,0,15,5,7,41.92791992,-87.7465929
0,336725,-1,30,0,0,2,1,10,12,3,0,0,0,0,-1,-1,1,18,18,511,-1,-1,-1,-1,-1,-1,2,0,0,0,0,0,2,0,15,5,7,41.72225727,-87.58527557
0,342035,-1,30,0,-1,2,0,12,3,-1,0,1,-1,0,-1,-1,1,15,34,824,-1,-1,-1,-1,-1,-1,2,0,0,0,0,0,2,0,15,5,7,41.7866492,-87.68124764
0,341333,1,25,0,0,-1,-1,7,6,1,0,-1,-1,1,-1,-1,1,0,0,2011,-1,-1,-1,-1,-1,-1,2,0,0,0,0,0,1,0,15,5,7,41.97962926,-87.69106458
0,337249,1,35,0,0,0,1,12,2,2,0,0,0,0,-1,-1,1,17,-1,2022,-1,-1,-1,-1,-1,-1,2,0,0,0,0,0,2,0,15,5,7,41.98739517,-87.65827927
0,337002,1,15,0,0,0,1,7,5,1,0,0,0,0,-1,-1,1,0,-1,1722,-1,-1,-1,-1,-1,-1,2,0,0,0,0,0,1,0,15,5,7,41.95978261,-87.7295396
0,336919,-1,0,-1,-1,0,1,7,-1,2,0,0,0,0,-1,-1,-1,0,0,414,-1,-1,-1,-1,-1,-1,2,0,0,0,0,0,1,0,15,5,7,41.75552074,-87.56981862
0,336843,-1,30,0,0,0,1,11,12,-1,0,0,0,0,-1,-1,1,22,-1,1131,-1,-1,-1,-1,-1,-1,2,0,0,0,0,0,2,0,15,5,7,41.87310015,-87.74485023
0,336627,-1,30,-1,-1,0,1,0,12,4,0,1,-1,1,1,-1,-1,-1,-1,1233,-1,-1,-1,-1,-1,-1,2,0,0,0,0,0,4,0,14,5,7,41.8625693,-87.65637927
0,336666,-1,30,1,2,2,1,12,6,-1,0,1,0,0,-1,-1,-1,22,-1,114,-1,-1,-1,-1,-1,-1,2,0,0,0,0,0,30,0,14,5,7,41.86805838,-87.62060497
0,336749,-1,30,0,0,0,1,3,5,2,0,0,0,0,-1,-1,-1,11,22,124,-1,-1,-1,-1,-1,-1,2,0,0,0,0,0,2,0,14,5,7,41.86897905,-87.64062892
0,336644,-1,30,1,2,2,1,14,2,2,0,1,0,1,-1,-1,-1,23,-1,1213,-1,-1,-1,-1,-1,-1,2,0,0,0,0,0,2,0,14,5,7,41.89971025,-87.66100792
0,336696,-1,30,1,2,2,1,12,2,-1,0,1,-1,0,-1,-1,-1,22,21,1234,-1,-1,-1,-1,-1,-1,2,0,0,0,0,0,5,0,14,5,7,41.85243805,-87.66615223
0,336658,-1,30,0,0,2,1,10,5,6,0,1,12,0,-1,-1,1,18,16,312,-1,-1,-1,-1,-1,-1,2,0,0,0,0,0,2,0,14,5,7,41.77491577,-87.62532692
0,336624,-1,30,0,0,0,1,11,5,2,0,0,-1,1,-1,-1,-1,12,-1,1633,-1,-1,-1,-1,-1,-1,2,0,0,0,0,0,2,0,14,5,7,41.94581962,-87.76268593
0,336684,-1,10,0,0,2,1,7,6,1,0,3,0,0,-1,-1,1,20,-1,726,-1,-1,-1,-1,-1,-1,2,0,0,0,0,0,3,0,14,5,7,41.77102612,-87.6762615
0,353529,-1,30,0,2,-1,-1,0,5,-1,0,0,0,0,-1,-1,-1,17,-1,2524,-1,-1,-1,-1,-1,-1,2,0,0,0,0,0,2,0,14,5,7,41.93167826,-87.72709742
0,339552,-1,30,1,2,2,1,10,2,-1,0,1,0,0,-1,-1,-1,18,-1,1433,-1,-1,-1,-1,-1,-1,2,0,0,0,0,0,2,0,14,5,7,41.90439315,-87.66767039
0,336656,-1,30,1,2,0,1,10,2,2,0,1,0,0,-1,-1,-1,17,0,213,-1,-1,-1,-1,-1,-1,2,0,0,0,0,0,2,0,14,5,7,41.81655972,-87.62914099
0,336640,-1,30,2,2,2,1,0,12,1,0,1,3,0,-1,-1,1,0,-1,713,1,-1,-1,-1,-1,-1,2,0,0,0,0,0,2,0,14,5,7,41.78147443,-87.65695034
0,336631,-1,25,0,0,0,1,1,2,2,0,0,0,0,-1,-1,-1,0,0,832,-1,-1,-1,-1,-1,-1,1,0,0,0,0,0,1,0,14,5,7,41.76483925,-87.68118881
0,336628,-1,30,0,0,2,1,10,5,2,0,1,0,0,-1,-1,-1,18,-1,913,-1,-1,-1,-1,-1,-1,2,0,0,0,0,0,2,0,14,5,7,41.83085104,-87.64679874
0,345523,-1,30,0,0,0,1,7,5,2,0,0,0,0,-1,-1,-1,0,0,332,-1,-1,-1,-1,-1,-1,2,0,0,0,0,0,1,0,14,5,7,41.7732929,-87.58644237
0,343983,-1,15,0,0,0,1,7,7,-1,0,0,0,0,-1,-1,1,0,0,1831,-1,-1,-1,-1,-1,-1,2,0,0,0,0,0,1,0,14,5,7,41.8906843,-87.63939528
0,337314,-1,30,1,2,2,1,10,5,-1,0,1,0,0,-1,-1,-1,0,0,1733,-1,-1,-1,-1,-1,-1,2,0,0,0,0,0,2,0,14,5,7,41.94910945,-87.70803411
0,336765,-1,20,0,0,2,1,7,6,1,0,1,0,0,-1,-1,-1,11,11,915,-1,-1,-1,-1,-1,-1,2,0,0,0,0,0,1,0,14,5,7,41.83039362,-87.64473293
0,336634,-1,30,0,0,12,1,14,5,4,0,1,0,1,-1,-1,-1,17,-1,1433,-1,1,-1,-1,-1,-1,3,0,0,0,0,0,4,0,14,5,7,41.91065578,-87.65852724
0,336637,-1,30,0,0,1,1,7,5,2,0,0,0,1,-1,-1,-1,11,-1,1934,-1,-1,-1,-1,-1,-1,2,0,0,0,0,0,4,0,14,5,7,41.935033,-87.64437895
0,336592,-1,30,1,2,2,1,10,12,3,0,1,0,0,-1,-1,0,22,11,124,-1,-1,-1,-1,-1,-1,3,0,0,0,0,0,3,0,14,5,7,41.87048742,-87.64097413
0,336586,-1,30,1,2,0,1,10,5,2,0,1,0,0,-1,-1,-1,18,16,2534,-1,-1,-1,-1,-1,-1,2,0,0,0,0,0,2,0,14,5,7,41.90964739,-87.73615621
0,337006,-1,30,0,0,2,1,12,12,4,0,1,-1,0,-1,-1,1,0,0,1814,-1,-1,-1,-1,-1,-1,2,0,0,0,0,0,2,0,14,5,7,41.9237933,-87.63057932
0,336556,-1,30,1,2,2,1,10,1,4,0,1,3,1,-1,-1,-1,34,34,811,-1,-1,-1,-1,-1,-1,2,0,0,0,0,0,2,0,14,5,7,41.79206721,-87.80019889
1,336620,-1,30,2,2,1,1,14,12,0,0,1,0,1,1,-1,-1,17,23,821,-1,-1,-1,-1,-1,-1,2,1,0,0,0,1,5,0,14,5,7,41.80807305,-87.71629641
0,336570,-1,30,0,0,2,1,14,5,2,0,1,0,0,-1,-1,-1,34,11,431,-1,-1,-1,-1,-1,-1,2,0,0,0,0,0,2,0,14,5,7,41.72223496,-87.58461147
0,337779,-1,30,0,0,0,1,10,5,-1,0,0,0,0,-1,-1,1,18,-1,511,-1,-1,-1,-1,-1,-1,2,0,0,0,0,0,2,0,14,5,7,41.71603314,-87.61505993
0,336783,-1,5,0,0,2,1,7,7,0,0,1,0,0,-1,1,-1,34,0,1034,-1,-1,-1,-1,-1,-1,2,0,0,0,0,0,1,0,14,5,7,41.84832466,-87.67343416
0,336636,-1,30,0,0,2,2,12,6,-1,0,1,0,0,-1,-1,-1,-1,-1,811,-1,-1,-1,-1,-1,-1,2,0,0,0,0,0,2,0,14,5,7,41.78952235,-87.77819188
2,336599,-1,35,1,2,2,1,9,3,4,0,1,0,1,1,-1,-1,-1,3,2531,-1,-1,-1,-1,-1,-1,2,1,0,0,1,0,1,0,14,5,7,41.90936279,-87.77564366
0,336572,-1,35,0,0,0,1,10,5,-1,0,0,-1,0,-1,-1,-1,0,-1,1632,-1,-1,-1,-1,-1,-1,2,0,0,0,0,0,2,0,14,5,7,41.94541342,-87.80484606
0,336550,-1,20,2,2,0,1,11,5,-1,0,0,12,0,-1,-1,-1,28,29,1933,-1,-1,-1,-1,-1,-1,2,0,0,0,0,0,2,0,14,5,7,41.93630191,-87.65898983
0,336545,-1,30,2,2,2,1,10,5,-1,0,1,0,1,1,-1,-1,10,-1,2511,-1,-1,-1,-1,-1,-1,2,0,0,0,0,0,2,0,14,5,7,41.93695851,-87.77631099
2,336524,-1,30,2,2,2,1,8,6,1,0,1,0,1,1,-1,-1,5,17,1412,-1,-1,-1,-1,-1,-1,2,1,0,0,1,0,1,0,14,5,7,41.93018581,-87.71607518
0,336844,-1,30,1,2,2,1,14,2,4,0,1,-1,0,-1,-1,1,23,23,1523,-1,-1,-1,-1,-1,-1,2,0,0,0,0,0,3,0,13,5,7,41.88731419,-87.75536944
0,336587,-1,25,1,-1,2,4,12,5,-1,0,1,-1,0,-1,-1,1,23,-1,1731,-1,-1,-1,-1,-1,-1,2,0,0,0,0,0,2,0,13,5,7,41.94640794,-87.73562542
0,336720,-1,30,1,2,2,1,10,2,-1,0,1,0,0,-1,-1,-1,18,0,623,-1,-1,-1,-1,-1,-1,2,0,0,0,0,0,2,0,13,5,7,41.75809218,-87.62490223
0,336531,-1,30,0,0,2,1,7,6,-1,0,1,0,0,-1,-1,1,0,0,2522,-1,-1,-1,-1,-1,-1,2,0,0,0,0,0,1,0,13,5,7,41.91857727,-87.75159346
2,336512,-1,30,0,0,0,1,10,2,4,0,0,0,1,-1,-1,-1,18,16,1614,-1,-1,-1,-1,-1,-1,2,1,0,0,1,0,1,0,13,5,7,41.95942879,-87.83900993
0,336514,-1,30,0,0,2,1,10,5,4,0,1,0,0,-1,-1,-1,16,8,735,-1,-1,-1,-1,-1,-1,2,0,0,0,0,0,2,0,13,5,7,41.76498967,-87.66630954
0,336491,-1,15,0,0,0,1,12,0,1,0,0,0,0,-1,-1,-1,22,33,1811,-1,-1,-1,-1,-1,-1,2,0,0,0,0,0,2,0,13,5,7,41.91866555,-87.65838942
0,336554,-1,30,0,0,2,1,12,2,4,0,1,0,0,1,-1,-1,34,-1,2223,-1,-1,-1,-1,-1,-1,2,0,0,0,0,0,2,0,13,5,7,41.71781912,-87.6429663
0,338108,-1,0,0,0,0,1,12,2,-1,0,0,0,0,-1,-1,-1,0,-1,2525,-1,-1,-1,-1,-1,-1,2,0,0,0,0,0,2,0,13,5,7,41.92435447,-87.72860645
0,337967,-1,30,0,0,0,1,10,4,-1,0,0,0,0,-1,-1,-1,20,20,131,-1,-1,-1,-1,-1,-1,2,0,0,0,0,0,2,0,13,5,7,41.85563007,-87.62541536
0,336580,-1,30,2,2,0,1,11,2,2,0,0,12,0,1,-1,-1,22,28,1933,-1,-1,-1,-1,-1,-1,2,0,0,0,0,0,4,0,13,5,7,41.93624499,-87.65869363
2,336525,-1,30,0,0,0,1,12,5,-1,0,0,-1,1,-1,-1,-1,0,0,431,-1,-1,-1,-1,-1,-1,2,3,0,0,3,0,1,0,13,5,7,41.72244569,-87.5683914
0,337184,-1,30,0,0,0,1,7,5,-1,0,0,0,0,-1,-1,1,0,0,2011,-1,-1,-1,-1,-1,-1,2,0,0,0,0,0,1,0,13,5,7,41.97592161,-87.69972603
0,337537,-1,30,0,0,0,1,12,2,-1,0,0,0,0,-1,-1,-1,0,0,1232,-1,-1,-1,-1,-1,-1,2,0,0,0,0,0,3,0,13,5,7,41.87647059,-87.65324619
0,336489,-1,20,0,0,0,1,0,7,-1,0,0,0,0,-1,-1,-1,17,-1,712,-1,-1,-1,-1,-1,-1,2,0,0,0,0,0,2,0,13,5,7,41.77984,-87.64613076
0,336831,-1,30,0,0,0,1,10,5,-1,0,0,0,0,-1,-1,-1,-1,-1,834,-1,-1,-1,-1,-1,-1,2,0,0,0,0,0,2,0,13,5,7,41.74028701,-87.71529903
2,339372,-1,30,0,0,0,1,12,5,4,0,0,0,1,-1,-1,-1,17,17,111,-1,-1,-1,-1,-1,-1,2,2,0,0,1,1,1,0,13,5,7,41.88670774,-87.63079458
0,337140,-1,10,0,0,0,1,7,7,-1,0,-1,-1,0,-1,1,1,0,-1,1433,-1,-1,-1,-1,-1,-1,2,0,0,0,0,0,1,0,13,5,7,41.90372826,-87.66683843
0,336794,-1,30,0,0,0,1,12,6,2,0,0,0,0,0,-1,1,20,-1,1821,-1,-1,-1,-1,-1,-1,2,0,0,0,0,0,2,0,13,5,7,41.90780475,-87.63314078
0,336629,-1,30,0,0,0,1,7,5,2,0,0,0,0,-1,-1,1,-1,-1,1613,-1,-1,-1,-1,-1,-1,2,0,0,0,0,0,1,0,13,5,7,41.97891049,-87.79725101
0,336433,-1,30,0,0,0,1,12,3,4,0,0,12,0,-1,-1,-1,0,-1,1422,-1,-1,-1,-1,-1,-1,2,0,0,0,0,0,2,0,12,5,7,41.90992855,-87.71307101
0,336445,-1,30,0,0,0,1,7,3,-1,0,0,0,0,-1,-1,1,0,0,2213,-1,-1,-1,-1,-1,-1,2,0,0,0,0,0,2,0,12,5,7,41.72085566,-87.68031797
1,336391,-1,30,0,0,0,1,10,5,4,0,0,0,1,-1,-1,-1,18,16,1631,-1,-1,-1,-1,-1,-1,2,1,0,0,0,1,1,0,12,5,7,41.95176683,-87.81191785
0,336482,-1,30,0,0,0,1,10,5,2,0,0,0,0,-1,-1,-1,0,0,113,-1,-1,-1,-1,-1,-1,2,0,0,0,0,0,2,0,12,5,7,41.87814786,-87.62557274
0,336485,-1,30,1,2,0,1,2,2,4,2,0,0,0,-1,-1,-1,12,-1,131,-1,-1,-1,-1,-1,-1,1,0,0,0,0,0,1,0,12,5,7,41.85299122,-87.62938693
2,336462,-1,30,-1,-1,0,1,14,5,-1,0,0,0,1,-1,-1,-1,0,0,632,-1,-1,-1,-1,-1,-1,2,1,0,0,1,0,2,0,12,5,7,41.73651415,-87.60656169
0,336381,-1,30,0,0,0,1,10,5,-1,0,0,0,0,-1,-1,1,16,-1,531,-1,-1,-1,-1,-1,-1,2,0,0,0,0,0,2,0,12,5,7,41.68556908,-87.60955454
0,336488,-1,30,0,0,1,1,0,7,0,0,0,0,0,-1,-1,1,20,27,511,-1,-1,-1,-1,-1,-1,2,0,0,0,0,0,2,0,12,5,7,41.72167845,-87.62023669
0,336643,-1,30,2,2,0,1,0,5,2,0,0,0,0,1,-1,1,0,0,424,-1,-1,-1,-1,-1,-1,2,0,0,0,0,0,4,0,12,5,7,41.73384118,-87.55127931
0,336503,-1,30,2,2,0,1,10,5,2,0,0,0,0,1,-1,-1,17,0,924,-1,-1,-1,-1,-1,-1,2,0,0,0,0,0,3,0,12,5,7,41.8157297,-87.66874341
0,336500,-1,30,0,0,0,1,0,6,1,0,0,0,0,-1,-1,-1,20,16,1224,-1,-1,-1,-1,-1,-1,2,0,0,0,0,0,2,0,12,5,7,41.88427722,-87.64865853
0,336368,-1,30,0,0,0,1,14,2,4,0,0,0,1,-1,-1,-1,0,-1,1432,-1,-1,-1,-1,-1,-1,2,0,0,0,0,0,2,0,12,5,7,41.92077288,-87.68736716
0,338779,-1,30,0,0,0,1,10,5,-1,0,0,0,0,-1,-1,-1,0,0,813,-1,-1,-1,-1,-1,-1,2,0,0,0,0,0,2,0,12,5,7,41.77838094,-87.73876291
0,336357,1,30,0,0,0,3,7,5,1,0,0,0,0,-1,-1,1,0,-1,1621,-1,-1,-1,-1,-1,-1,2,0,0,0,0,0,1,0,12,5,7,42.00116326,-87.76601819
0,337961,-1,30,1,2,0,1,7,5,2,0,0,0,0,-1,-1,-1,22,0,2514,-1,-1,-1,-1,-1,-1,2,0,0,0,0,0,2,0,12,5,7,41.93503737,-87.76652702
0,336378,-1,30,1,2,0,1,5,3,-1,0,0,0,1,-1,-1,-1,0,-1,912,-1,-1,-1,-1,-1,-1,2,0,0,0,0,0,6,0,12,5,7,41.83762234,-87.66588718
0,336366,-1,15,0,0,0,1,12,6,-1,0,0,0,0,-1,-1,-1,-1,-1,2521,-1,-1,-1,-1,-1,-1,2,0,0,0,0,0,3,0,12,5,7,41.93754854,-87.74914395
0,336388,-1,30,1,2,1,1,12,5,4,0,0,0,0,1,-1,-1,21,16,1113,-1,-1,-1,-1,-1,-1,2,0,0,0,0,0,4,0,11,5,7,41.88038211,-87.7451263
0,336468,-1,15,0,0,0,1,7,5,-1,0,0,0,0,-1,-1,1,-1,-1,614,-1,-1,-1,-1,-1,-1,2,0,0,0,0,0,1,0,11,5,7,41.74300216,-87.66178052
0,336343,-1,30,0,0,0,1,0,2,2,0,0,0,1,-1,-1,-1,21,21,632,-1,-1,-1,-1,-1,-1,2,0,0,0,0,0,5,0,11,5,7,41.73635358,-87.60466812
0,336324,-1,30,0,0,0,1,12,2,4,0,0,0,1,-1,-1,-1,17,-1,2531,-1,-1,-1,-1,-1,-1,2,0,0,0,0,0,4,0,11,5,7,41.90915897,-87.77436853
0,337922,-1,30,0,0,0,1,11,6,1,0,0,0,0,-1,-1,-1,21,-1,1812,-1,-1,-1,-1,-1,-1,2,0,0,0,0,0,6,0,11,5,7,41.92365015,-87.64003583
0,336331,-1,30,0,0,0,1,10,2,-1,0,0,0,0,1,-1,-1,18,17,2013,-1,-1,-1,-1,-1,-1,2,0,0,0,0,0,2,0,11,5,7,41.98900347,-87.66908224
0,336315,-1,30,0,0,0,1,12,5,2,0,0,0,1,-1,-1,-1,21,-1,1824,-1,-1,-1,-1,-1,-1,2,0,0,0,0,0,3,0,11,5,7,41.90068799,-87.62949725
0,336559,-1,0,1,2,0,1,10,2,-1,0,0,0,0,-1,-1,-1,18,0,123,-1,-1,-1,-1,-1,-1,2,0,0,0,0,0,2,0,11,5,7,41.87304937,-87.62771142
0,336389,-1,30,1,2,0,1,0,5,-1,0,0,0,0,-1,-1,-1,0,0,1723,-1,-1,-1,-1,-1,-1,2,0,0,0,0,0,4,0,11,5,7,41.95393048,-87.7154262
0,336350,-1,30,0,0,0,1,10,5,-1,0,0,0,0,1,-1,-1,0,0,821,-1,-1,-1,-1,-1,-1,2,0,0,0,0,0,2,0,11,5,7,41.81353433,-87.71930547
0,336461,-1,20,0,0,0,1,7,2,2,0,0,0,0,-1,-1,1,0,0,2234,-1,-1,-1,-1,-1,-1,2,0,0,0,0,0,1,0,11,5,7,41.69556028,-87.65205801
2,336334,-1,30,0,0,0,1,10,2,2,0,0,0,1,-1,-1,1,0,0,2233,-1,-1,-1,-1,-1,-1,2,1,0,0,1,0,1,0,11,5,7,41.69954742,-87.64275192
0,336317,-1,30,0,0,0,1,7,7,0,0,0,1,0,-1,1,-1,20,-1,1032,-1,-1,-1,-1,-1,-1,2,0,0,0,0,0,1,0,11,5,7,41.83517807,-87.70490856
0,336486,-1,10,0,0,0,1,12,7,2,0,0,0,0,-1,-1,-1,21,20,124,-1,-1,-1,-1,-1,-1,2,0,0,0,0,0,2,0,11,5,7,41.86792791,-87.63906638
0,336326,-1,5,0,0,0,1,0,5,-1,0,0,0,0,-1,-1,-1,20,-1,124,-1,-1,-1,-1,-1,-1,2,0,0,0,0,0,2,0,11,5,7,41.86808266,-87.63936542
0,336387,-1,30,0,3,0,1,7,5,2,0,0,0,0,-1,-1,1,0,-1,1633,-1,-1,-1,-1,-1,-1,2,0,0,0,0,0,2,0,11,5,7,41.95311598,-87.76372614
0,336273,-1,30,0,0,0,1,2,4,0,0,0,0,0,-1,-1,-1,16,-1,811,-1,-1,-1,-1,-1,-1,1,0,0,0,0,0,1,0,11,5,7,41.79203912,-87.78683051
0,339201,-1,25,0,0,0,1,7,6,-1,0,0,0,0,-1,-1,-1,-1,-1,423,-1,-1,-1,-1,-1,-1,2,0,0,0,0,0,1,0,11,5,7,41.73469613,-87.55399069
0,336340,-1,10,0,0,0,1,7,7,0,0,0,0,0,-1,-1,-1,11,-1,2031,-1,-1,-1,-1,-1,-1,2,0,0,0,0,0,1,0,11,5,7,41.97309942,-87.69161531
0,336258,-1,30,0,0,0,1,7,5,2,0,0,0,0,-1,-1,-1,20,20,1033,-1,-1,-1,-1,-1,-1,2,0,0,0,0,0,1,0,10,5,7,41.85169367,-87.70247127
0,336246,-1,30,1,2,0,1,12,2,2,0,0,3,0,-1,-1,-1,22,0,2433,-1,-1,-1,-1,-1,-1,2,0,0,0,0,0,2,0,10,5,7,41.99796526,-87.67065883
0,336236,-1,25,0,0,0,1,2,12,-1,0,0,-1,0,-1,-1,-1,0,0,332,-1,-1,-1,-1,-1,-1,2,0,0,0,0,0,1,0,10,5,7,41.77327113,-87.58371255
0,13336328,-1,35,1,2,0,1,14,2,-1,0,0,0,0,1,-1,-1,0,0,132,-1,-1,-1,-1,-1,-1,2,0,0,0,0,0,2,0,10,5,7,41.86747078,-87.62021906
0,336238,-1,30,1,2,0,1,10,5,4,0,0,0,0,-1,-1,-1,18,-1,1621,-1,-1,-1,-1,-1,-1,2,0,0,0,0,0,4,0,10,5,7,41.97539461,-87.7517466
0,336232,-1,20,0,0,0,1,7,7,0,0,0,0,0,-1,-1,1,16,0,412,-1,-1,-1,-1,-1,-1,2,0,0,0,0,0,2,0,10,5,7,41.73700147,-87.59013259
0,336229,-1,35,0,0,0,1,14,3,8,0,0,0,0,-1,-1,-1,21,-1,411,-1,-1,-1,-1,-1,-1,2,0,0,0,0,0,2,0,10,5,7,41.75626106,-87.58622225
0,336234,-1,30,1,2,0,1,10,3,5,0,0,0,0,1,-1,-1,8,-1,431,-1,-1,-1,-1,-1,-1,2,0,0,0,0,0,2,0,10,5,7,41.7222678,-87.58251019
0,336547,-1,25,0,0,0,1,0,0,-1,0,0,0,0,-1,-1,-1,33,0,321,1,-1,-1,-1,-1,-1,2,0,0,0,0,0,2,0,10,5,7,41.77478019,-87.60351632
0,336492,-1,30,0,0,0,1,5,2,4,0,0,0,0,-1,-1,-1,0,0,1921,-1,-1,-1,-1,-1,-1,2,0,0,0,0,0,2,0,10,5,7,41.95389316,-87.69093347
0,336281,-1,30,0,0,0,1,7,7,0,0,0,0,0,-1,-1,-1,11,-1,1232,-1,-1,-1,1,2,-1,2,0,0,0,0,0,1,0,10,5,7,41.87677516,-87.64761343
0,336184,-1,30,2,0,0,1,0,5,2,0,0,0,1,1,-1,-1,5,14,511,-1,-1,-1,-1,-1,-1,3,0,0,0,0,0,3,0,10,5,7,41.71085978,-87.62846844
0,341871,-1,25,0,0,0,1,12,5,2,0,0,0,0,-1,-1,-1,-1,-1,1834,-1,-1,-1,-1,-1,-1,2,0,0,0,0,0,2,0,10,5,7,41.89083666,-87.62159533
0,337781,-1,30,0,0,0,1,7,5,2,0,0,0,0,-1,-1,-1,-1,-1,1834,-1,-1,-1,-1,-1,-1,2,0,0,0,0,0,1,0,10,5,7,41.8942635,-87.62260703
0,336230,-1,0,0,0,0,1,11,5,-1,0,0,0,0,-1,-1,1,21,-1,911,-1,-1,-1,-1,-1,-1,2,0,0,0,0,0,2,0,10,5,7,41.8243179,-87.68628411
0,336187,-1,35,0,0,0,1,7,3,2,0,0,0,1,-1,-1,-1,7,-1,222,-1,-1,-1,-1,-1,-1,2,0,0,0,0,0,1,0,10,5,7,41.80861975,-87.59095525
0,336179,-1,40,0,0,0,1,12,3,8,0,0,0,1,-1,-1,-1,11,-1,1814,-1,-1,-1,-1,-1,-1,2,0,0,0,0,0,2,0,10,5,7,41.91521876,-87.62750339
0,336213,-1,20,0,0,0,1,11,6,1,0,0,0,0,-1,-1,-1,20,0,2413,-1,-1,-1,-1,-1,-1,2,0,0,0,0,0,2,0,10,5,7,41.9944784,-87.69329543
0,336178,-1,30,0,0,0,1,10,5,-1,0,0,0,0,-1,-1,-1,0,0,1931,-1,-1,-1,-1,-1,-1,3,0,0,0,0,0,4,0,10,5,7,41.93239416,-87.67817303
0,336116,-1,35,0,0,0,1,10,5,-1,0,0,0,0,-1,-1,1,18,-1,1711,-1,-1,-1,-1,-1,-1,2,0,0,0,0,0,2,0,10,5,7,41.99249555,-87.74818287
0,355419,-1,30,0,0,0,1,7,6,-1,0,0,0,0,-1,-1,1,-1,-1,624,-1,-1,-1,-1,-1,-1,2,0,0,0,0,0,1,0,10,5,7,41.7539127,-87.60665975
0,337731,-1,30,1,2,0,1,10,3,5,0,0,0,0,1,-1,-1,18,18,821,-1,-1,-1,-1,-1,-1,2,0,0,0,0,0,2,0,10,5,7,41.82335135,-87.72391183
0,336302,-1,55,0,0,0,1,10,3,-1,0,0,0,0,-1,-1,-1,0,0,132,-1,-1,-1,-1,-1,-1,2,0,0,0,0,0,2,0,10,5,7,41.85105863,-87.61315289
0,336173,-1,30,0,0,0,1,7,5,2,0,0,0,0,-1,-1,-1,20,0,2213,-1,-1,-1,-1,-1,-1,2,0,0,0,0,0,3,0,9,5,7,41.70688049,-87.6568568
0,336165,-1,30,0,0,0,1,12,5,4,0,0,0,0,-1,-1,-1,21,-1,1513,-1,-1,-1,-1,-1,-1,2,0,0,0,0,0,2,0,9,5,7,41.8821399,-87.76506731
0,336138,-1,35,1,2,0,1,14,5,4,0,0,0,0,-1,-1,-1,0,-1,1034,-1,-1,-1,-1,-1,-1,2,0,0,0,0,0,2,0,9,5,7,41.8488453,-87.67526272
0,336298,-1,30,1,2,0,1,10,5,-1,0,0,0,0,-1,-1,-1,18,-1,2213,-1,-1,-1,-1,-1,-1,2,0,0,0,0,0,2,0,9,5,7,41.72079225,-87.68191317
0,336279,-1,30,0,0,0,1,7,4,1,0,0,-1,0,1,-1,-1,-1,-1,1232,-1,-1,-1,0,-1,-1,2,0,0,0,0,0,1,0,9,5,7,41.87655166,-87.6478697
0,336136,-1,30,1,2,0,1,14,2,-1,0,0,0,0,-1,-1,1,0,-1,1433,-1,-1,-1,-1,-1,-1,2,0,0,0,0,0,2,0,9,5,7,41.91078023,-87.66477851
0,336990,-1,30,1,2,0,1,10,5,2,0,0,0,0,1,-1,-1,16,-1,2534,-1,-1,-1,-1,-1,-1,2,0,0,0,0,0,2,0,9,5,7,41.91704767,-87.72725939
0,337250,-1,30,0,0,0,1,5,5,1,0,0,0,0,-1,-1,-1,-1,-1,914,-1,-1,-1,-1,-1,-1,1,0,0,0,0,0,1,0,9,5,7,41.84554777,-87.63821331
0,337077,-1,30,0,0,2,3,7,5,-1,0,1,0,0,-1,-1,1,0,-1,2521,-1,-1,-1,-1,-1,-1,2,0,0,0,0,0,1,0,9,5,7,41.92442666,-87.74053274
0,336241,-1,15,0,0,0,1,2,0,-1,2,0,0,1,-1,1,1,25,-1,222,-1,-1,-1,-1,-1,-1,1,0,0,0,0,0,2,0,9,5,7,41.80336026,-87.60172706
0,336128,-1,10,0,0,0,1,2,8,1,0,0,0,0,-1,1,-1,0,0,1023,-1,-1,-1,-1,-1,-1,1,0,0,0,0,0,1,0,9,5,7,41.85621052,-87.69298503