MOST_SEVERE_INJURY,RD_NO,CRASH_DATE_EST_I,POSTED_SPEED_LIMIT,TRAFFIC_CONTROL_DEVICE,DEVICE_CONDITION,WEATHER_CONDITION,LIGHTING_CONDITION,FIRST_CRASH_TYPE,TRAFFICWAY_TYPE,LANE_CNT,ALIGNMENT,ROADWAY_SURFACE_COND,ROAD_DEFECT,CRASH_TYPE,INTERSECTION_RELATED_I,NOT_RIGHT_OF_WAY_I,HIT_AND_RUN_I,PRIM_CONTRIBUTORY_CAUSE,SEC_CONTRIBUTORY_CAUSE,BEAT_OF_OCCURRENCE,PHOTOS_TAKEN_I,STATEMENTS_TAKEN_I,DOORING_I,WORK_ZONE_I,WORK_ZONE_TYPE,WORKERS_PRESENT_I,NUM_UNITS,INJURIES_TOTAL,INJURIES_FATAL,INJURIES_INCAPACITATING,INJURIES_NON_INCAPACITATING,INJURIES_REPORTED_NOT_EVIDENT,INJURIES_NO_INDICATION,INJURIES_UNKNOWN,CRASH_HOUR,CRASH_DAY_OF_WEEK,CRASH_MONTH,LATITUDE,LONGITUDE
2,336112,-1,30,1,2,0,1,9,5,4,0,0,0,1,1,-1,-1,17,-1,2413,-1,-1,-1,-1,-1,-1,2,1,0,0,1,0,1,0,9,5,7,41.99058014,-87.69459581
0,336110,-1,20,0,0,0,1,10,5,2,0,0,12,0,-1,-1,-1,18,0,1133,-1,-1,-1,-1,-1,-1,2,0,0,0,0,0,2,0,9,5,7,41.8735574,-87.71307327
0,336164,-1,30,0,0,0,1,10,7,-1,0,0,0,0,-1,-1,0,17,-1,824,-1,-1,-1,-1,-1,-1,2,0,0,0,0,0,6,0,9,5,7,41.78631361,-87.69373919
2,336106,-1,35,0,0,0,1,3,2,-1,0,0,0,1,-1,-1,1,21,-1,811,-1,1,-1,-1,-1,-1,3,1,0,0,1,0,4,0,9,5,7,41.78451225,-87.80106217
0,336450,-1,40,0,0,0,1,10,3,5,0,0,0,0,-1,-1,-1,0,0,132,-1,-1,-1,-1,-1,-1,2,0,0,0,0,0,2,0,9,5,7,41.86573878,-87.61930392
0,336105,-1,30,0,0,0,1,12,5,-1,0,0,0,0,-1,-1,-1,17,-1,614,-1,-1,-1,-1,-1,-1,2,0,0,0,0,0,3,0,9,5,7,41.73684491,-87.66294345
0,336087,-1,25,0,0,0,1,7,6,1,0,0,0,0,-1,-1,1,0,0,2011,-1,-1,-1,-1,-1,-1,2,0,0,0,0,0,1,0,9,5,7,41.97750806,-87.70272931
0,336118,-1,30,0,0,0,1,10,5,-1,0,0,-1,0,-1,-1,-1,20,0,2212,-1,-1,-1,-1,-1,-1,2,0,0,0,0,0,2,0,9,5,7,41.70187063,-87.67303105
0,336093,1,30,0,0,-1,-1,7,2,2,0,-1,0,0,-1,-1,1,0,0,1622,-1,-1,-1,-1,-1,-1,2,0,0,0,0,0,1,0,9,5,7,41.97477024,-87.77805162
1,336140,-1,30,1,2,0,1,10,5,2,0,0,0,1,-1,-1,-1,18,-1,1632,-1,-1,-1,-1,-1,-1,2,1,0,0,0,1,1,0,9,5,7,41.95280244,-87.78690419
0,336089,1,25,2,2,0,1,10,5,-1,0,0,0,0,-1,-1,-1,16,17,1432,-1,-1,-1,-1,-1,-1,2,0,0,0,0,0,2,0,9,5,7,41.91786481,-87.67774954
0,336842,-1,15,0,0,0,1,7,4,-1,0,0,0,0,-1,1,1,0,-1,1222,-1,-1,-1,-1,-1,-1,2,0,0,0,0,0,1,0,9,5,7,41.88194779,-87.68965109
2,336470,-1,30,0,0,0,1,8,5,2,0,0,0,1,-1,-1,1,-1,-1,814,-1,-1,-1,-1,-1,-1,2,1,0,0,1,0,1,0,9,5,7,41.79628521,-87.75942156
0,336147,-1,15,0,0,0,1,2,12,2,0,0,0,0,-1,1,-1,-1,-1,1614,-1,-1,-1,-1,-1,-1,1,0,0,0,0,0,1,0,9,5,7,41.98118073,-87.83916756
0,336126,-1,35,0,0,0,1,14,2,6,0,0,0,0,-1,-1,-1,23,17,1821,-1,-1,-1,-1,-1,-1,2,0,0,0,0,0,2,0,9,5,7,41.90378959,-87.63982077
2,336124,-1,30,0,0,0,1,9,2,-1,0,0,0,1,-1,-1,1,20,-1,931,-1,-1,-1,-1,-1,-1,2,1,0,0,1,0,1,0,9,5,7,41.80790635,-87.67481549
1,336074,-1,30,1,2,0,1,8,5,-1,0,0,0,1,1,-1,-1,6,17,1434,-1,-1,-1,-1,-1,-1,2,1,0,0,0,1,1,0,8,5,7,41.91058513,-87.67753277
0,336071,-1,30,0,0,0,1,10,5,2,0,0,0,0,1,-1,-1,11,-1,431,-1,-1,-1,-1,-1,-1,2,0,0,0,0,0,2,0,8,5,7,41.72232092,-87.57520559
0,336082,-1,30,0,-1,0,1,10,5,2,0,0,0,0,-1,-1,-1,20,0,133,-1,-1,-1,-1,-1,-1,2,0,0,0,0,0,2,0,8,5,7,41.84558777,-87.61966969
0,336086,-1,30,0,0,0,1,12,2,-1,0,0,0,0,-1,-1,-1,22,-1,123,-1,-1,-1,-1,-1,-1,2,0,0,0,0,0,2,0,8,5,7,41.86786709,-87.62568684
0,336078,-1,35,0,0,0,1,10,2,2,0,0,0,1,-1,-1,-1,18,-1,1712,-1,1,-1,-1,-1,-1,2,0,0,0,0,0,2,0,8,5,7,41.97551316,-87.74053724
0,336075,-1,30,0,0,0,1,11,5,2,0,0,0,0,-1,-1,-1,0,0,1235,-1,-1,-1,-1,-1,-1,2,0,0,0,0,0,2,0,8,5,7,41.85407305,-87.66580232
0,336070,-1,5,0,0,0,1,0,7,-1,0,0,0,0,-1,1,-1,20,-1,2033,-1,-1,-1,-1,-1,-1,2,0,0,0,0,0,2,0,8,5,7,41.97552942,-87.65999238
0,342069,-1,0,1,2,0,1,12,5,-1,0,0,0,0,-1,-1,-1,22,11,123,-1,-1,-1,-1,-1,-1,2,0,0,0,0,0,2,0,8,5,7,41.8721644,-87.63075578
0,336874,-1,30,1,2,0,1,12,6,3,0,0,0,0,-1,-1,-1,22,-1,1232,-1,-1,-1,-1,-1,-1,2,0,0,0,0,0,2,0,8,5,7,41.86713421,-87.64423752
1,336351,-1,30,1,2,0,1,10,5,4,0,0,0,1,1,-1,-1,18,16,1722,-1,-1,-1,-1,-1,-1,2,1,0,0,0,1,1,0,8,5,7,41.96068491,-87.74738425
0,336189,-1,35,0,0,0,1,10,5,4,0,0,0,0,-1,-1,-1,18,18,1013,-1,-1,-1,-1,-1,-1,2,0,0,0,0,0,3,0,8,5,7,41.85152586,-87.72461122
0,336129,-1,30,0,0,0,1,7,5,1,0,0,0,0,-1,-1,1,20,-1,2533,-1,-1,-1,-1,-1,-1,2,0,0,0,0,0,4,0,8,5,7,41.91304893,-87.75564275
0,336098,-1,30,1,0,0,1,7,5,2,2,0,0,0,-1,-1,1,0,0,1135,-1,-1,-1,-1,-1,-1,2,0,0,0,0,0,1,0,8,5,7,41.87371452,-87.69283154
0,336047,1,30,0,0,-1,-1,7,7,-1,0,-1,0,0,-1,-1,1,0,-1,2413,-1,-1,-1,-1,-1,-1,2,0,0,0,0,0,1,0,8,5,7,41.99748707,-87.6985657
0,336062,-1,30,1,2,0,1,10,6,3,0,1,0,1,-1,-1,-1,7,16,632,-1,-1,-1,-1,-1,-1,2,0,0,0,0,0,3,0,8,5,7,41.73621242,-87.62401245
0,336050,-1,30,0,0,0,1,2,12,-1,0,0,0,0,-1,-1,-1,-1,-1,2212,-1,-1,-1,-1,-1,-1,1,0,0,0,0,0,1,0,8,5,7,41.70491303,-87.65687438
0,339237,-1,15,0,0,0,1,0,6,-1,0,0,0,0,-1,-1,-1,17,11,1912,-1,-1,-1,-1,-1,-1,2,0,0,0,0,0,2,0,8,5,7,41.96352575,-87.66922923
0,336057,-1,30,0,0,0,1,0,5,-1,0,0,0,0,-1,-1,-1,17,0,1912,-1,-1,-1,-1,-1,-1,2,0,0,0,0,0,2,0,8,5,7,41.96353199,-87.66870642
0,337591,-1,20,0,0,0,1,7,6,1,0,0,0,0,-1,-1,1,-1,-1,825,-1,-1,-1,-1,-1,-1,2,0,0,0,0,0,1,0,8,5,7,41.77875702,-87.68470154
2,336025,-1,30,1,2,0,1,14,3,6,0,0,0,1,1,-1,-1,17,6,1814,-1,-1,-1,-1,-1,-1,2,1,0,0,1,0,1,0,8,5,7,41.91257786,-87.62709786
0,336080,-1,35,0,0,0,1,12,5,4,0,0,0,0,-1,-1,-1,17,17,1013,-1,-1,-1,-1,-1,-1,2,0,0,0,0,0,2,0,8,5,7,41.85120719,-87.72404579
0,336012,-1,0,0,0,0,1,7,8,-1,4,0,0,0,-1,-1,-1,16,-1,1913,-1,-1,-1,-1,-1,-1,2,0,0,0,0,0,1,0,7,5,7,41.96186499,-87.65671827
0,336209,-1,25,0,0,-1,1,12,5,-1,0,-1,-1,0,-1,-1,-1,22,22,334,-1,-1,-1,-1,-1,-1,2,0,0,0,0,0,2,0,7,5,7,41.7661952,-87.56290818
3,336011,-1,35,1,2,0,1,8,3,-1,0,0,1,1,1,-1,-1,-1,-1,1623,-1,-1,-1,-1,-1,-1,2,1,0,1,0,0,1,0,7,5,7,41.96791346,-87.74804877
0,336532,-1,15,0,0,0,1,2,0,1,0,0,0,0,-1,1,-1,0,-1,122,-1,-1,-1,-1,-1,-1,1,0,0,0,0,0,1,0,7,5,7,41.8837646,-87.63227535
0,336028,-1,30,2,2,0,1,10,2,2,0,0,0,0,1,-1,-1,16,-1,414,-1,-1,-1,-1,-1,-1,2,0,0,0,0,0,6,0,7,5,7,41.75708265,-87.58349964
0,340056,-1,5,0,0,-1,1,2,7,-1,0,-1,0,0,-1,1,-1,0,0,123,-1,-1,-1,-1,-1,-1,1,0,0,0,0,0,1,0,7,5,7,41.8721023,-87.63279713
0,336929,-1,40,0,0,0,1,12,3,8,0,0,0,0,-1,-1,1,21,21,1833,-1,-1,-1,-1,-1,-1,2,0,0,0,0,0,2,0,7,5,7,41.90008162,-87.61941485
0,336008,-1,10,0,0,0,1,7,7,-1,0,0,0,0,-1,-1,1,0,0,1123,-1,-1,-1,-1,-1,-1,2,0,0,0,0,0,1,0,7,5,7,41.88104731,-87.70902134
0,335985,-1,30,0,0,0,1,12,2,2,0,0,0,0,-1,-1,-1,0,0,2024,-1,-1,-1,-1,-1,-1,2,0,0,0,0,0,2,0,7,5,7,41.97627753,-87.65559309
0,336219,-1,25,0,0,0,1,7,5,1,0,0,0,0,-1,-1,1,0,0,1732,-1,-1,-1,-1,-1,-1,2,0,0,0,0,0,1,0,7,5,7,41.94744699,-87.72171283
0,336038,-1,30,0,0,0,1,2,6,1,0,0,0,0,-1,1,1,0,-1,1511,-1,-1,-1,-1,-1,-1,1,0,0,0,0,0,1,0,7,5,7,41.89837471,-87.76779907
0,336020,-1,35,0,0,0,1,5,0,-1,0,0,0,0,-1,1,1,0,-1,811,-1,-1,-1,-1,-1,-1,1,0,0,0,0,0,1,0,7,5,7,41.7921739,-87.79640063
0,335988,-1,30,0,0,0,1,10,2,2,0,0,12,0,-1,-1,-1,28,18,911,-1,-1,-1,-1,-1,-1,2,0,0,0,0,0,2,0,7,5,7,41.82435631,-87.70459365
0,336003,-1,30,0,0,0,1,14,2,4,0,0,0,0,-1,-1,-1,17,0,924,-1,-1,-1,-1,-1,-1,2,0,0,0,0,0,2,0,6,5,7,41.81577843,-87.66529289
0,347548,-1,30,0,0,0,1,7,6,-1,0,0,0,0,-1,-1,1,0,-1,1732,-1,-1,-1,-1,-1,-1,2,0,0,0,0,0,1,0,6,5,7,41.94082862,-87.72540201
0,335993,-1,30,0,0,0,1,12,5,2,0,0,0,0,-1,-1,-1,0,0,1632,-1,-1,-1,-1,-1,-1,2,0,0,0,0,0,2,0,6,5,7,41.94478226,-87.80683978
0,335967,-1,30,0,0,0,3,14,5,4,0,0,0,0,-1,-1,-1,23,-1,114,-1,-1,-1,-1,-1,-1,2,0,0,0,0,0,2,0,6,5,7,41.88524317,-87.62051486
0,335963,-1,30,2,2,0,1,0,5,4,2,0,0,1,1,-1,-1,17,11,513,-1,-1,-1,-1,-1,-1,2,0,0,0,0,0,2,0,6,5,7,41.69232878,-87.59777931
0,337114,-1,30,2,2,0,1,5,2,-1,0,-1,-1,0,1,-1,-1,0,-1,1621,-1,-1,-1,-1,-1,-1,1,0,0,0,0,0,1,0,6,5,7,41.9972179,-87.76385948
0,336141,-1,35,0,0,2,3,7,6,1,0,1,0,0,-1,-1,1,0,0,931,-1,-1,-1,-1,-1,-1,2,0,0,0,0,0,1,0,6,5,7,41.8040464,-87.66621781
0,336014,-1,30,0,0,0,1,2,5,-1,0,0,0,0,1,-1,-1,-1,-1,312,-1,-1,-1,-1,-1,-1,1,0,0,0,0,0,1,0,6,5,7,41.78021132,-87.61576829
0,336002,-1,30,0,0,0,1,2,2,2,0,0,0,0,-1,1,1,25,16,1225,-1,-1,-1,-1,-1,-1,1,0,0,0,0,0,1,0,6,5,7,41.87770325,-87.68257714
0,335956,-1,25,0,0,0,1,10,5,-1,0,0,0,0,-1,-1,-1,18,18,925,-1,-1,-1,-1,-1,-1,2,0,0,0,0,0,2,0,6,5,7,41.80911154,-87.63817072
0,335954,-1,15,0,0,0,2,2,6,1,0,0,-1,0,-1,0,-1,21,-1,1533,-1,-1,-1,-1,-1,-1,1,0,0,0,0,0,1,0,5,5,7,41.88049774,-87.7503224
0,335951,-1,30,0,0,0,2,7,6,1,0,0,0,0,-1,-1,1,0,16,725,-1,-1,-1,-1,-1,-1,2,0,0,0,0,0,1,0,5,5,7,41.77783915,-87.66158694
0,335949,1,30,0,0,-1,-1,7,5,2,0,-1,0,0,-1,-1,1,0,-1,413,-1,-1,-1,-1,-1,-1,2,0,0,0,0,0,1,0,5,5,7,41.72862081,-87.56806842
0,336174,1,20,0,0,0,1,7,6,1,0,0,0,0,-1,-1,1,0,0,813,-1,-1,-1,-1,-1,-1,2,0,0,0,0,0,1,0,5,5,7,41.79259608,-87.72912261
2,335939,-1,25,0,0,-1,2,2,5,2,0,0,0,1,-1,-1,-1,0,0,632,-1,-1,-1,-1,-1,-1,1,1,0,0,1,0,1,0,4,5,7,41.73673155,-87.60671703
3,335920,1,45,0,-1,0,2,12,12,3,0,1,0,1,-1,-1,-1,-1,-1,234,-1,-1,-1,-1,-1,-1,2,4,0,4,0,0,0,0,4,5,7,41.80056606,-87.58171257
0,335904,-1,30,1,2,2,3,14,5,4,0,1,0,1,1,-1,-1,17,0,431,-1,-1,-1,-1,-1,-1,2,0,0,0,0,0,6,0,4,5,7,41.70817645,-87.5668696
0,335907,-1,15,0,0,12,3,7,0,-1,0,1,0,0,-1,-1,1,0,0,522,-1,-1,-1,-1,-1,-1,2,0,0,0,0,0,1,0,3,5,7,41.67786854,-87.6267866
0,335896,-1,30,0,0,0,3,7,5,-1,0,1,0,0,-1,-1,1,0,0,533,-1,-1,-1,-1,-1,-1,2,0,0,0,0,0,1,0,3,5,7,41.65660657,-87.60942779
0,335879,-1,20,2,2,2,3,2,5,-1,0,1,0,1,-1,-1,-1,0,0,432,-1,-1,-1,-1,-1,-1,1,0,0,0,0,0,1,0,3,5,7,41.70801294,-87.5339321
-1,335875,-1,15,0,0,0,3,2,0,1,0,1,-1,1,-1,-1,-1,0,0,813,-1,-1,-1,-1,-1,-1,1,-1,-1,-1,-1,-1,-1,-1,3,5,7,41.77791613,-87.74363634
0,335866,-1,30,0,0,1,3,7,6,2,0,1,0,1,-1,-1,-1,16,-1,1231,-1,-1,-1,-1,-1,-1,2,0,0,0,0,0,1,0,3,5,7,41.87763909,-87.65957105
2,335893,-1,30,0,2,0,0,7,2,-1,0,1,0,1,-1,0,-1,14,16,621,-1,-1,-1,-1,-1,-1,2,1,0,0,1,0,0,0,3,5,7,41.75646986,-87.6488972
0,335877,-1,30,0,0,0,3,7,5,2,0,0,0,1,-1,-1,-1,11,0,1633,-1,-1,-1,-1,-1,-1,2,0,0,0,0,0,1,0,3,5,7,41.9414112,-87.76645263
0,338438,-1,30,0,0,0,0,0,6,-1,0,0,0,0,-1,-1,1,17,22,1031,-1,-1,-1,-1,-1,-1,2,0,0,0,0,0,2,0,3,5,7,41.83726424,-87.72907454
0,335876,-1,25,2,2,0,3,7,2,2,0,1,0,0,1,-1,-1,14,-1,934,-1,-1,-1,-1,-1,-1,2,0,0,0,0,0,1,0,3,5,7,41.79582471,-87.65992406
0,335857,-1,30,2,2,0,3,12,12,1,0,1,0,0,-1,-1,1,22,-1,1112,-1,-1,-1,-1,-1,-1,2,0,0,0,0,0,2,0,2,5,7,41.90083128,-87.71756785
0,337560,-1,35,1,2,2,1,7,5,2,0,1,0,0,0,-1,-1,33,11,914,-1,-1,-1,-1,-1,-1,2,0,0,0,0,0,1,0,2,5,7,41.84562912,-87.63260805
0,335856,-1,30,0,0,-1,3,0,5,4,0,-1,0,1,-1,-1,-1,17,0,215,-1,-1,-1,-1,-1,-1,2,0,0,0,0,0,4,0,2,5,7,41.81114925,-87.61678487
0,335846,1,30,1,2,0,3,10,5,4,0,0,-1,0,-1,-1,-1,18,16,1522,-1,-1,-1,-1,-1,-1,2,0,0,0,0,0,2,0,2,5,7,41.88048075,-87.75513043
2,335853,-1,35,1,2,0,3,0,5,2,0,0,0,1,-1,-1,-1,6,16,412,-1,-1,-1,-1,-1,-1,2,1,0,0,1,0,1,0,2,5,7,41.74415164,-87.58594507
1,335880,-1,30,0,0,0,3,7,5,-1,0,0,0,1,-1,-1,1,19,0,1113,-1,-1,-1,-1,-1,-1,5,1,0,0,0,1,0,0,2,5,7,41.88357846,-87.7366522
0,335850,-1,30,0,0,0,3,7,6,1,0,1,0,0,-1,-1,1,0,0,624,-1,-1,-1,-1,-1,-1,2,0,0,0,0,0,1,0,2,5,7,41.75477464,-87.60910324
3,335844,-1,30,0,0,0,3,9,2,4,0,1,0,1,-1,-1,1,0,17,832,-1,-1,-1,-1,-1,-1,2,1,0,1,0,0,1,0,2,5,7,41.76278384,-87.68333691
0,338628,-1,30,0,0,2,3,10,5,2,0,1,0,0,-1,-1,1,0,0,711,-1,-1,-1,-1,-1,-1,2,0,0,0,0,0,4,0,2,5,7,41.78040155,-87.63278033
0,336521,-1,20,0,0,-1,3,7,5,-1,0,-1,0,0,-1,-1,1,-1,-1,2213,-1,-1,-1,-1,-1,-1,2,0,0,0,0,0,1,0,2,5,7,41.71120729,-87.6608376
0,335839,-1,30,2,2,2,3,7,5,2,0,1,0,1,-1,-1,-1,0,0,432,-1,-1,-1,-1,-1,-1,3,0,0,0,0,0,1,0,1,5,7,41.7010725,-87.53634635
0,335813,-1,30,0,0,0,3,7,2,2,0,0,0,0,-1,-1,-1,11,0,1724,-1,-1,-1,-1,-1,-1,2,0,0,0,0,0,2,0,1,5,7,41.96134343,-87.69835838
2,335811,-1,30,1,2,2,3,3,2,6,0,1,-1,1,1,1,0,10,11,815,-1,-1,-1,-1,-1,-1,2,2,0,0,2,0,0,0,1,5,7,41.80713886,-87.74299402
0,335845,-1,30,0,0,0,3,7,6,1,0,1,0,0,-1,-1,1,18,18,331,-1,-1,-1,-1,-1,-1,2,0,0,0,0,0,1,0,1,5,7,41.76921319,-87.56999983
0,336044,1,30,0,0,-1,0,7,6,1,0,-1,-1,0,-1,-1,1,0,0,332,-1,-1,-1,-1,-1,-1,2,0,0,0,0,0,1,0,1,5,7,41.76999523,-87.58241291
0,335833,-1,25,1,2,0,3,0,5,4,0,1,0,0,-1,-1,1,6,6,935,-1,-1,-1,-1,-1,-1,2,0,0,0,0,0,2,0,1,5,7,41.80909582,-87.6327312
2,335789,-1,30,0,0,1,3,14,5,2,0,1,0,1,1,-1,-1,19,32,725,-1,-1,-1,-1,-1,-1,2,2,0,0,1,1,1,0,1,5,7,41.77938321,-87.66293549
0,338016,-1,30,-1,-1,-1,-1,7,6,1,0,-1,-1,0,-1,-1,1,0,0,1732,-1,-1,-1,-1,-1,-1,2,0,0,0,0,0,1,0,1,5,7,41.94154317,-87.72495672
0,335767,-1,30,0,2,2,3,7,6,1,0,1,0,0,-1,-1,-1,20,-1,725,-1,-1,-1,-1,-1,-1,2,0,0,0,0,0,1,0,0,5,7,41.77469041,-87.66670531
2,335782,-1,30,0,0,2,3,2,5,4,0,1,0,1,-1,-1,1,15,0,623,-1,-1,-1,-1,-1,-1,1,3,0,0,3,0,0,0,0,5,7,41.75544018,-87.63281455
0,335786,-1,30,1,2,0,3,14,6,3,0,0,0,0,1,-1,1,21,0,1831,-1,-1,-1,-1,-1,-1,2,0,0,0,0,0,2,0,0,5,7,41.88824244,-87.63676821
0,335765,-1,40,0,3,2,3,2,3,-1,0,1,2,1,-1,-1,-1,16,11,1834,-1,-1,-1,-1,-1,-1,1,0,0,0,0,0,2,0,0,5,7,41.89507884,-87.61584666
2,335744,-1,30,1,3,2,3,14,2,4,0,1,0,1,1,-1,-1,32,0,825,-1,-1,-1,-1,-1,-1,2,1,0,0,1,0,1,0,0,5,7,41.77906568,-87.68378126
0,335769,-1,30,0,0,2,3,12,5,2,0,1,0,1,-1,-1,-1,17,10,322,-1,-1,-1,-1,-1,-1,2,0,0,0,0,0,3,0,0,5,7,41.76588016,-87.61511812
0,335777,-1,30,1,2,2,3,0,5,2,0,1,0,0,1,-1,-1,0,-1,122,-1,-1,-1,-1,-1,-1,2,0,0,0,0,0,2,0,0,5,7,41.88704177,-87.63107821
0,338200,1,30,0,0,2,0,0,5,2,0,1,0,0,-1,-1,-1,22,0,333,-1,-1,-1,-1,-1,-1,2,0,0,0,0,0,3,0,0,5,7,41.75961068,-87.57630432
0,336441,-1,30,0,-1,0,3,10,5,-1,0,0,0,0,-1,-1,-1,0,-1,1925,-1,-1,-1,-1,-1,-1,2,0,0,0,0,0,2,0,0,5,7,41.94886557,-87.64303425
2,336077,-1,40,-1,-1,-1,3,10,2,4,0,-1,0,1,-1,-1,-1,18,16,1834,-1,-1,-1,-1,-1,-1,2,2,0,0,2,0,2,0,0,5,7,41.89362586,-87.61425362
0,335746,-1,30,0,0,2,3,14,5,2,0,1,0,0,1,-1,-1,23,16,414,-1,-1,-1,-1,-1,-1,2,0,0,0,0,0,4,0,0,5,7,41.75176206,-87.57238814
3,335729,-1,35,3,2,2,3,12,2,-1,0,1,0,1,1,-1,-1,16,25,923,-1,-1,-1,-1,-1,-1,2,3,0,2,0,1,1,0,0,5,7,41.79739475,-87.68427296
0,335725,-1,35,0,0,2,0,2,-1,1,0,1,-1,1,-1,-1,-1,34,15,623,-1,-1,-1,-1,-1,-1,1,0,0,0,0,0,1,0,0,5,7,41.75371986,-87.62590797
0,336267,-1,25,0,1,0,0,10,5,2,0,0,0,0,-1,-1,-1,18,18,2412,-1,-1,-1,-1,-1,-1,2,0,0,0,0,0,2,0,0,5,7,41.99778256,-87.69323162
0,335750,-1,30,2,2,2,3,0,5,2,0,1,0,1,1,-1,-1,5,5,215,-1,-1,-1,-1,-1,-1,2,0,0,0,0,0,2,0,0,5,7,41.81649349,-87.61993514
2,335689,-1,30,1,2,2,3,14,5,4,0,1,0,1,1,-1,-1,17,0,2221,-1,-1,-1,-1,-1,-1,2,1,0,0,1,0,1,0,0,5,7,41.73568096,-87.66300137
0,335801,-1,30,1,2,2,3,3,2,4,0,1,0,1,-1,-1,-1,16,10,1513,-1,-1,-1,-1,-1,-1,2,0,0,0,0,0,3,0,0,5,7,41.8799695,-87.77450486
2,335716,-1,30,0,0,2,3,3,5,-1,0,1,0,1,-1,-1,-1,17,-1,1131,-1,-1,-1,-1,-1,-1,2,1,0,0,1,0,9,0,0,5,7,41.87462304,-87.73511434
0,335763,-1,30,0,0,2,3,11,2,4,0,1,0,0,-1,-1,-1,10,25,1423,-1,-1,-1,-1,-1,-1,2,0,0,0,0,0,3,0,0,5,7,41.90439709,-87.70219135
0,336370,-1,45,0,0,0,3,4,3,8,0,1,1,0,-1,-1,-1,29,-1,114,-1,-1,-1,-1,-1,-1,1,0,0,0,0,0,1,0,0,5,7,41.8849495,-87.61344052
0,335783,-1,30,0,0,2,3,7,5,2,0,1,0,1,-1,-1,1,0,-1,1112,-1,-1,-1,-1,-1,-1,3,0,0,0,0,0,1,0,0,5,7,41.89455812,-87.72101528
0,335702,-1,30,0,0,2,3,5,3,4,0,1,0,1,-1,-1,-1,0,0,332,-1,-1,-1,-1,-1,-1,1,0,0,0,0,0,1,0,23,4,7,41.77240337,-87.58591656
0,335775,-1,30,0,0,2,3,7,2,4,0,1,0,0,0,0,0,0,0,2533,-1,-1,-1,-1,-1,-1,2,0,0,0,0,0,1,0,23,4,7,41.91242293,-87.74579488
0,336497,-1,25,0,0,2,3,12,2,2,0,1,0,0,-1,-1,-1,0,0,523,-1,-1,-1,-1,-1,-1,2,0,0,0,0,0,2,0,23,4,7,41.66315331,-87.64015471
0,335781,-1,40,0,0,2,3,12,3,8,0,1,0,0,-1,-1,1,23,0,1833,-1,-1,-1,-1,-1,-1,2,0,0,0,0,0,2,0,23,4,7,41.89944236,-87.61829153
0,335706,-1,40,0,0,2,3,12,3,4,0,1,0,0,-1,-1,1,34,25,1814,-1,-1,-1,-1,-1,-1,2,0,0,0,0,0,2,0,23,4,7,41.91840424,-87.629024
0,335693,-1,30,1,2,2,3,10,2,-1,0,1,0,0,-1,-1,1,0,0,831,-1,-1,-1,-1,-1,-1,2,0,0,0,0,0,2,0,23,4,7,41.77172918,-87.69334992
0,335685,-1,35,1,2,2,3,14,2,3,0,1,0,1,1,-1,-1,6,-1,324,-1,-1,-1,-1,-1,-1,2,0,0,0,0,0,4,0,23,4,7,41.76236192,-87.58637724
3,335670,-1,30,1,2,2,3,14,5,4,0,1,0,1,1,-1,-1,17,34,1522,-1,-1,-1,-1,-1,-1,2,2,0,2,0,0,2,0,23,4,7,41.88043389,-87.75521589
3,335819,-1,25,0,0,2,3,7,6,1,0,1,0,1,-1,-1,-1,27,-1,1112,-1,-1,-1,-1,-1,-1,3,1,0,1,0,0,0,0,23,4,7,41.89973411,-87.71996719
0,335703,-1,25,0,0,2,3,12,6,-1,0,1,0,0,-1,-1,-1,8,0,1831,-1,-1,-1,-1,-1,-1,2,0,0,0,0,0,4,0,23,4,7,41.89325671,-87.6370078
2,335672,-1,30,2,2,2,3,9,5,-1,0,1,0,1,1,-1,1,16,34,1532,-1,-1,-1,-1,-1,-1,2,1,0,0,1,0,1,0,23,4,7,41.88312951,-87.75400276
0,337711,-1,30,0,0,2,0,10,5,-1,0,1,0,0,-1,-1,-1,0,0,825,-1,-1,-1,-1,-1,-1,2,0,0,0,0,0,2,0,23,4,7,41.77732527,-87.68373839
2,335692,-1,30,2,2,2,3,9,5,2,0,1,0,1,1,-1,-1,17,16,1234,-1,-1,-1,-1,-1,-1,2,1,0,0,1,0,1,0,23,4,7,41.85301683,-87.67353675
0,335726,-1,30,2,0,0,3,0,5,-1,0,0,0,1,-1,-1,1,0,0,2535,-1,-1,-1,-1,-1,-1,2,0,0,0,0,0,2,0,23,4,7,41.90505946,-87.72395139
0,342132,-1,30,1,2,2,3,10,2,-1,0,1,0,0,1,-1,1,0,-1,632,-1,-1,-1,-1,-1,-1,2,0,0,0,0,0,3,0,23,4,7,41.73645505,-87.61467291
0,338619,-1,35,0,0,0,3,14,5,2,0,0,0,1,-1,-1,1,0,0,2533,-1,-1,-1,-1,-1,-1,2,0,0,0,0,0,4,0,23,4,7,41.9168114,-87.74723169
0,336455,-1,30,1,2,2,0,10,5,4,0,1,0,0,-1,-1,-1,16,0,123,-1,-1,-1,-1,-1,-1,2,0,0,0,0,0,2,0,23,4,7,41.86972907,-87.62426806
1,336277,-1,30,1,2,2,3,14,3,-1,0,1,-1,1,-1,-1,1,0,-1,414,-1,-1,-1,-1,-1,-1,2,6,0,0,0,6,2,0,23,4,7,41.75165524,-87.58082842
0,336216,-1,20,0,0,0,0,7,2,1,0,0,0,0,-1,-1,-1,17,17,2023,-1,-1,-1,-1,-1,-1,2,0,0,0,0,0,1,0,23,4,7,41.98151191,-87.65810374