MOST_SEVERE_INJURY,RD_NO,CRASH_DATE_EST_I,POSTED_SPEED_LIMIT,TRAFFIC_CONTROL_DEVICE,DEVICE_CONDITION,WEATHER_CONDITION,LIGHTING_CONDITION,FIRST_CRASH_TYPE,TRAFFICWAY_TYPE,LANE_CNT,ALIGNMENT,ROADWAY_SURFACE_COND,ROAD_DEFECT,CRASH_TYPE,INTERSECTION_RELATED_I,NOT_RIGHT_OF_WAY_I,HIT_AND_RUN_I,PRIM_CONTRIBUTORY_CAUSE,SEC_CONTRIBUTORY_CAUSE,BEAT_OF_OCCURRENCE,PHOTOS_TAKEN_I,STATEMENTS_TAKEN_I,DOORING_I,WORK_ZONE_I,WORK_ZONE_TYPE,WORKERS_PRESENT_I,NUM_UNITS,INJURIES_TOTAL,INJURIES_FATAL,INJURIES_INCAPACITATING,INJURIES_NON_INCAPACITATING,INJURIES_REPORTED_NOT_EVIDENT,INJURIES_NO_INDICATION,INJURIES_UNKNOWN,CRASH_HOUR,CRASH_DAY_OF_WEEK,CRASH_MONTH,LATITUDE,LONGITUDE
0,335770,-1,30,2,2,2,3,7,5,2,0,1,0,1,-1,-1,1,0,-1,914,-1,-1,-1,-1,-1,-1,3,0,0,0,0,0,1,0,23,4,7,41.83963126,-87.63306852
0,335678,-1,30,0,0,2,3,12,5,2,0,1,0,0,-1,-1,-1,7,21,1833,-1,-1,-1,-1,-1,-1,2,0,0,0,0,0,5,0,23,4,7,41.89659144,-87.62646711
2,335624,-1,30,0,0,2,3,10,5,2,0,1,0,1,-1,-1,-1,18,0,311,-1,-1,-1,-1,-1,-1,2,1,0,0,1,0,4,0,23,4,7,41.78016863,-87.62529227
0,335627,-1,30,1,2,2,0,10,3,2,0,1,0,0,1,-1,-1,18,34,1231,-1,-1,-1,-1,-1,-1,2,0,0,0,0,0,2,0,22,4,7,41.87283454,-87.66671607
2,335599,-1,35,1,2,2,3,7,2,2,0,1,0,1,-1,-1,-1,12,12,811,-1,-1,-1,-1,-1,-1,3,1,0,0,1,0,1,0,22,4,7,41.79216291,-87.79687757
0,337094,-1,30,0,0,0,3,7,5,2,0,1,0,0,-1,-1,-1,17,0,334,-1,-1,-1,-1,-1,-1,2,0,0,0,0,0,1,0,22,4,7,41.76037584,-87.56625601
0,335756,-1,30,0,0,2,3,10,2,4,0,1,0,0,-1,-1,1,18,0,1814,-1,-1,-1,-1,-1,-1,2,0,0,0,0,0,2,0,22,4,7,41.91286442,-87.63329265
0,335648,-1,30,1,2,2,3,12,2,8,0,1,0,0,1,-1,-1,23,0,833,-1,-1,-1,-1,-1,-1,2,0,0,0,0,0,2,0,22,4,7,41.76022297,-87.74161636
2,335595,-1,30,0,0,2,3,9,5,4,0,1,0,1,-1,-1,-1,6,-1,623,-1,1,-1,-1,-1,-1,2,1,0,0,1,0,2,0,22,4,7,41.75083036,-87.6251802
2,335647,1,30,0,0,2,3,9,6,2,0,1,0,1,-1,-1,1,0,0,311,-1,-1,-1,-1,-1,-1,2,1,0,0,1,0,1,0,22,4,7,41.78545047,-87.62352366
3,335610,-1,35,1,2,2,3,0,2,6,0,1,-1,1,1,-1,-1,16,-1,434,-1,-1,-1,-1,-1,-1,2,3,0,3,0,0,0,0,22,4,7,41.65912619,-87.55943274
1,335594,-1,30,1,2,2,0,10,3,4,0,1,0,1,1,-1,-1,16,18,1232,-1,-1,-1,-1,-1,-1,2,2,0,0,0,2,2,0,22,4,7,41.86728716,-87.64524694
1,338006,-1,30,0,0,0,0,12,6,1,0,0,-1,1,-1,-1,1,22,0,825,-1,-1,-1,-1,-1,-1,2,2,0,0,0,2,1,0,22,4,7,41.77895721,-87.68120616
0,336730,1,30,0,0,2,3,7,6,1,0,1,0,0,-1,-1,-1,11,0,422,-1,-1,-1,-1,-1,-1,2,0,0,0,0,0,6,0,22,4,7,41.7518556,-87.54825034
0,336710,-1,30,1,2,2,3,10,5,2,0,0,0,0,1,-1,1,34,16,1024,-1,-1,-1,-1,-1,-1,2,0,0,0,0,0,3,0,22,4,7,41.85167198,-87.70539869
0,336294,1,45,0,0,2,0,10,2,4,0,1,0,0,-1,-1,1,0,0,1834,-1,-1,-1,-1,-1,-1,2,0,0,0,0,0,2,0,22,4,7,41.89114777,-87.61404167
0,336043,1,25,0,0,-1,-1,7,6,-1,0,-1,-1,0,-1,-1,-1,22,0,2232,-1,-1,-1,-1,-1,-1,2,0,0,0,0,0,1,0,22,4,7,41.71003106,-87.63577751
2,335723,-1,30,1,2,2,3,0,2,-1,0,1,0,1,-1,-1,1,0,0,832,-1,-1,-1,-1,-1,-1,2,2,0,0,2,0,1,0,22,4,7,41.76460891,-87.68338705
0,335391,-1,30,1,-1,2,3,10,5,2,0,1,-1,1,-1,-1,-1,15,16,2523,-1,-1,-1,-1,-1,-1,2,0,0,0,0,0,2,0,22,4,7,41.93527927,-87.72692878
-1,335645,1,30,0,0,2,3,10,6,-1,0,1,-1,0,-1,-1,-1,18,16,114,-1,-1,-1,-1,-1,-1,-1,-1,-1,-1,-1,-1,-1,-1,22,4,7,41.88794195,-87.61862385
0,335572,-1,30,1,2,2,3,14,12,-1,0,1,0,1,1,-1,-1,17,0,1931,-1,-1,-1,-1,-1,-1,2,0,0,0,0,0,2,0,22,4,7,41.93239416,-87.67817303
0,336435,-1,30,2,2,0,0,0,2,2,0,0,0,0,-1,-1,-1,0,0,1522,-1,-1,-1,-1,-1,-1,2,0,0,0,0,0,5,0,22,4,7,41.87487853,-87.76144994
0,335527,0,20,0,0,2,3,7,6,1,0,1,0,1,-1,-1,1,-1,-1,1221,-1,-1,-1,-1,-1,-1,2,0,0,0,0,0,1,0,22,4,7,41.89401293,-87.6907513
0,335585,-1,20,0,0,2,3,7,6,1,0,1,0,0,-1,-1,1,14,0,825,-1,-1,-1,-1,-1,-1,2,0,0,0,0,0,1,0,22,4,7,41.78109291,-87.69052818
0,335567,1,30,1,2,2,3,10,5,2,0,1,-1,0,-1,-1,1,18,16,1532,-1,-1,-1,-1,-1,-1,3,0,0,0,0,0,3,0,22,4,7,41.88346689,-87.75503104
2,335560,-1,30,1,2,2,3,9,5,2,0,1,0,1,1,-1,-1,6,-1,622,-1,-1,-1,-1,-1,-1,2,1,0,0,1,0,1,0,22,4,7,41.74342733,-87.63218113
0,335530,-1,30,0,0,2,3,0,7,-1,0,1,0,0,-1,-1,-1,0,0,211,-1,-1,-1,-1,-1,-1,2,0,0,0,0,0,2,0,22,4,7,41.83840362,-87.61150632
0,335557,1,30,2,2,2,3,10,5,2,0,1,0,0,1,-1,-1,16,-1,1014,-1,-1,-1,-1,-1,-1,2,0,0,0,0,0,7,0,22,4,7,41.85174268,-87.71749344
0,336159,-1,30,0,0,2,3,0,6,-1,0,1,0,0,-1,-1,-1,0,0,1511,-1,-1,-1,-1,-1,-1,2,0,0,0,0,0,2,0,22,4,7,41.90007815,-87.77448568
2,335558,-1,30,1,2,2,3,14,3,4,0,1,0,1,1,-1,-1,17,0,1014,-1,-1,-1,-1,-1,-1,2,1,0,0,1,0,1,0,22,4,7,41.85459092,-87.71536228
0,335556,-1,30,1,2,2,3,12,2,2,0,1,-1,0,-1,-1,-1,11,22,1522,-1,-1,-1,-1,-1,-1,2,0,0,0,0,0,2,0,22,4,7,41.8764963,-87.76457647
0,335547,-1,35,1,2,2,3,10,3,2,0,1,-1,1,-1,-1,1,34,-1,411,-1,-1,-1,-1,-1,-1,3,0,0,0,0,0,4,0,22,4,7,41.75110266,-87.58483521
0,335538,-1,30,0,0,2,3,2,3,1,0,1,2,1,-1,-1,-1,0,-1,824,-1,-1,-1,-1,-1,-1,1,0,0,0,0,0,1,0,22,4,7,41.78667292,-87.67919829
0,335542,-1,30,2,2,2,3,10,5,-1,0,1,0,0,-1,-1,-1,-1,-1,621,-1,-1,-1,-1,-1,-1,2,0,0,0,0,0,3,0,22,4,7,41.75049703,-87.64640379
0,335581,-1,30,2,2,2,3,14,4,3,0,1,0,0,1,-1,-1,17,34,231,-1,-1,-1,-1,-1,-1,2,0,0,0,0,0,2,0,22,4,7,41.79439556,-87.61906929
2,335514,-1,30,0,0,2,3,9,6,1,0,1,0,1,-1,-1,-1,17,0,1114,-1,-1,-1,-1,-1,-1,2,1,0,0,1,0,1,0,22,4,7,41.88269455,-87.73539504
0,338288,-1,25,0,0,0,1,7,7,1,0,0,0,0,-1,-1,1,0,0,132,-1,-1,-1,-1,-1,-1,2,0,0,0,0,0,1,0,22,4,7,41.85818704,-87.61628122
0,336348,-1,30,0,3,0,0,7,5,-1,0,0,0,0,-1,-1,-1,0,0,822,-1,-1,-1,-1,-1,-1,2,0,0,0,0,0,1,0,22,4,7,41.79104571,-87.71069324
0,335630,-1,30,0,0,2,3,10,2,2,0,1,0,0,-1,-1,1,18,34,825,-1,-1,-1,-1,-1,-1,3,0,0,0,0,0,3,0,22,4,7,41.77932334,-87.68103137
0,335603,-1,35,1,2,2,3,12,5,6,0,1,3,0,-1,-1,-1,0,0,511,-1,-1,-1,-1,-1,-1,2,0,0,0,0,0,4,0,22,4,7,41.72157071,-87.62387335
0,335574,-1,35,1,-1,2,3,10,5,-1,0,1,0,0,-1,-1,1,0,0,631,-1,-1,-1,-1,-1,-1,2,0,0,0,0,0,2,0,22,4,7,41.74377127,-87.62393412
0,335550,1,30,0,0,2,0,7,6,-1,0,1,-1,0,-1,-1,1,0,0,824,-1,-1,-1,-1,-1,-1,2,0,0,0,0,0,1,0,22,4,7,41.79043358,-87.68653111
0,335555,-1,30,1,2,2,3,3,5,2,0,1,0,0,-1,-1,-1,0,-1,1924,-1,-1,-1,-1,-1,-1,2,0,0,0,0,0,2,0,21,4,7,41.94441893,-87.65439047
0,335528,-1,30,0,0,2,3,2,3,2,0,0,0,1,-1,-1,-1,15,33,531,-1,-1,-1,-1,-1,-1,1,0,0,0,0,0,1,0,21,4,7,41.68630177,-87.6013413
3,335546,-1,30,0,0,2,3,14,2,2,0,1,0,1,-1,-1,-1,23,17,414,-1,-1,-1,-1,-1,-1,7,2,0,2,0,0,0,0,21,4,7,41.75804265,-87.56650005
0,335589,-1,30,0,0,2,3,7,5,2,0,1,0,0,-1,-1,1,16,11,1234,-1,-1,-1,-1,-1,-1,2,0,0,0,0,0,1,0,21,4,7,41.85574872,-87.67430079
0,336084,-1,30,0,0,0,3,7,5,-1,0,0,0,0,-1,-1,-1,16,16,233,-1,-1,-1,-1,-1,-1,2,0,0,0,0,0,2,0,21,4,7,41.79852033,-87.6064623
0,335541,-1,30,0,0,2,0,7,5,2,0,1,0,0,-1,-1,1,0,0,1234,-1,-1,-1,-1,-1,-1,2,0,0,0,0,0,1,0,21,4,7,41.85327778,-87.67046901
0,335510,-1,30,3,2,2,3,12,5,-1,0,1,0,1,-1,-1,-1,0,0,924,-1,-1,-1,-1,-1,-1,2,0,0,0,0,0,2,0,21,4,7,41.81784039,-87.68397497
0,335533,-1,35,1,2,2,3,14,3,4,0,1,0,1,1,-1,-1,0,0,834,-1,-1,-1,-1,-1,-1,2,0,0,0,0,0,3,0,21,4,7,41.74915055,-87.73168508
0,338380,-1,30,2,-1,2,0,0,5,2,0,1,-1,0,1,-1,-1,0,0,432,-1,-1,-1,-1,-1,-1,2,0,0,0,0,0,2,0,21,4,7,41.70262893,-87.53643324
0,336339,-1,30,0,0,2,3,7,5,-1,0,1,0,1,-1,-1,1,17,-1,823,-1,-1,-1,-1,-1,-1,2,0,0,0,0,0,1,0,21,4,7,41.77549084,-87.69945174
0,336010,1,30,0,0,0,3,7,6,1,0,0,0,0,-1,-1,-1,0,0,1624,-1,-1,-1,-1,-1,-1,2,0,0,0,0,0,1,0,21,4,7,41.95773911,-87.75841336
0,335524,-1,30,1,2,2,3,0,2,2,0,1,0,0,-1,-1,-1,0,19,331,-1,-1,-1,-1,-1,-1,2,0,0,0,0,0,3,0,21,4,7,41.79142028,-87.58014777
2,335504,-1,30,0,0,2,3,8,5,-1,0,1,0,1,-1,-1,-1,23,-1,1812,-1,-1,-1,-1,-1,-1,2,1,0,0,1,0,1,0,21,4,7,41.9189432,-87.64868497
0,335569,-1,15,0,0,0,0,10,0,-1,0,0,0,0,-1,-1,-1,20,-1,2022,-1,-1,-1,-1,-1,-1,2,0,0,0,0,0,2,0,21,4,7,41.98787685,-87.65546666
1,335543,-1,30,0,0,0,3,8,5,2,0,0,0,1,-1,-1,-1,23,23,1812,-1,-1,-1,-1,-1,-1,2,1,0,0,0,1,1,0,21,4,7,41.9189432,-87.64868497
0,335499,-1,30,0,0,2,3,7,5,2,0,1,0,0,-1,-1,1,20,0,833,-1,-1,-1,-1,-1,-1,2,0,0,0,0,0,1,0,21,4,7,41.7695799,-87.7136708
0,335497,-1,10,0,0,0,0,7,7,-1,0,1,0,0,-1,-1,-1,20,-1,331,-1,-1,-1,-1,-1,-1,2,0,0,0,0,0,1,0,21,4,7,41.76726722,-87.56658175
0,335509,-1,30,0,0,0,3,12,5,-1,0,0,0,0,-1,-1,1,0,0,2012,-1,-1,-1,-1,-1,-1,2,0,0,0,0,0,4,0,21,4,7,41.98005748,-87.66986739
0,335520,-1,30,0,0,0,3,10,3,4,0,0,0,0,-1,-1,1,18,0,1834,-1,-1,-1,-1,-1,-1,2,0,0,0,0,0,2,0,21,4,7,41.89193056,-87.61406991
2,335487,-1,35,1,2,0,3,14,5,-1,0,0,0,1,1,-1,-1,11,-1,2413,-1,-1,-1,-1,-1,-1,2,10,0,0,10,0,0,0,21,4,7,41.9905322,-87.69925788
0,335483,-1,30,1,2,0,3,14,5,4,0,0,0,1,1,-1,-1,14,16,1111,-1,-1,-1,-1,-1,-1,2,0,0,0,0,0,2,0,21,4,7,41.90230799,-87.74583059
0,336626,-1,30,1,2,0,0,10,5,4,0,0,0,0,-1,-1,-1,18,18,213,-1,-1,-1,-1,-1,-1,2,0,0,0,0,0,2,0,21,4,7,41.82378782,-87.62924796
0,336214,-1,15,0,0,0,0,7,7,1,0,0,0,0,-1,-1,1,0,0,1712,-1,-1,-1,-1,-1,-1,2,0,0,0,0,0,1,0,21,4,7,41.97332115,-87.72802167
0,335721,-1,30,0,0,2,3,12,6,1,0,1,-1,0,-1,-1,1,17,0,331,-1,-1,-1,-1,-1,-1,2,0,0,0,0,0,2,0,21,4,7,41.7663626,-87.57494459
0,335563,1,30,2,0,2,3,14,2,4,0,1,0,1,-1,-1,-1,0,21,331,-1,-1,-1,-1,-1,-1,2,0,0,0,0,0,3,0,21,4,7,41.78023866,-87.57763591
0,335515,-1,30,0,0,2,3,12,2,4,0,1,0,0,-1,-1,-1,23,11,813,-1,-1,-1,-1,-1,-1,2,0,0,0,0,0,5,0,20,4,7,41.77839679,-87.73578476
0,336899,1,30,1,2,0,3,14,5,-1,0,0,0,0,1,-1,-1,17,-1,1833,-1,-1,-1,-1,-1,-1,2,0,0,0,0,0,2,0,20,4,7,41.89637737,-87.6167331
0,335552,-1,30,0,0,2,3,7,5,2,0,1,0,0,-1,-1,1,16,20,833,-1,-1,-1,-1,-1,-1,4,0,0,0,0,0,1,0,20,4,7,41.77248856,-87.71643584
0,335466,-1,20,2,2,0,3,14,5,2,0,0,0,0,-1,-1,-1,22,23,1033,-1,-1,-1,-1,-1,-1,2,0,0,0,0,0,2,0,20,4,7,41.84078438,-87.70401509
0,335467,-1,30,0,0,0,4,10,6,1,0,0,0,0,-1,-1,-1,0,-1,1935,-1,-1,-1,-1,-1,-1,2,0,0,0,0,0,3,0,20,4,7,41.92625161,-87.63104491
0,335512,-1,30,1,2,0,3,10,2,-1,0,0,0,0,-1,-1,-1,18,0,1834,-1,-1,-1,-1,-1,-1,2,0,0,0,0,0,2,0,20,4,7,41.89267922,-87.61786371
3,335489,-1,35,1,2,0,4,9,5,2,0,0,12,1,-1,1,-1,32,0,1722,-1,-1,-1,-1,-1,-1,2,1,0,1,0,0,1,0,20,4,7,41.96813179,-87.72808676
0,335517,-1,30,0,0,0,3,9,5,4,0,0,0,0,-1,-1,-1,0,-1,2013,-1,-1,-1,-1,-1,-1,2,0,0,0,0,0,2,0,20,4,7,41.98040048,-87.66012755
0,335493,-1,30,0,0,0,-1,7,5,2,0,0,-1,0,-1,-1,1,0,0,1935,-1,-1,-1,-1,-1,-1,2,0,0,0,0,0,1,0,20,4,7,41.93073618,-87.65364734
3,335440,-1,30,0,0,0,4,9,6,1,0,0,0,1,-1,-1,-1,0,0,225,-1,-1,-1,-1,-1,-1,2,1,0,1,0,0,1,0,20,4,7,41.79316964,-87.62792044
0,335449,-1,30,0,0,0,3,7,5,2,0,0,0,0,-1,-1,-1,-1,-1,2525,-1,-1,-1,-1,-1,-1,2,0,0,0,0,0,2,0,20,4,7,41.91859282,-87.72675101
0,335437,-1,30,0,0,0,3,7,5,4,0,0,0,0,-1,-1,-1,8,-1,1513,-1,-1,-1,-1,-1,-1,2,0,0,0,0,0,1,0,20,4,7,41.88138748,-87.76504291
0,335421,-1,35,0,0,0,4,2,5,2,0,0,-1,1,-1,1,-1,11,0,1532,-1,-1,-1,-1,-1,-1,1,0,0,0,0,0,1,0,20,4,7,41.88934525,-87.75524956
0,335462,-1,15,0,0,0,1,7,6,1,0,0,0,0,-1,-1,1,14,0,1431,-1,-1,-1,-1,-1,-1,2,0,0,0,0,0,1,0,20,4,7,41.92680979,-87.68957157
0,335443,-1,15,0,0,0,1,7,6,1,0,0,0,0,-1,-1,1,14,0,1431,-1,-1,-1,-1,-1,-1,4,0,0,0,0,0,1,0,20,4,7,41.92659146,-87.68942831
0,335436,-1,20,0,0,1,4,7,5,2,0,1,0,0,-1,-1,-1,8,-1,2221,-1,-1,-1,-1,-1,-1,2,0,0,0,0,0,2,0,20,4,7,41.7277183,-87.66861552
0,356384,-1,30,0,0,0,3,7,5,-1,0,0,0,0,-1,-1,-1,20,16,1523,-1,-1,-1,-1,-1,-1,2,0,0,0,0,0,1,0,20,4,7,41.88994813,-87.75556402
0,337889,1,30,0,0,0,3,7,6,-1,0,0,0,0,-1,-1,1,0,-1,1724,-1,-1,-1,-1,-1,-1,2,0,0,0,0,0,1,0,20,4,7,41.96179941,-87.71208422
0,337223,-1,25,0,0,0,3,7,6,1,0,0,0,0,-1,-1,1,0,-1,1731,-1,-1,-1,-1,-1,-1,2,0,0,0,0,0,1,0,20,4,7,41.94373377,-87.73105852
0,337064,-1,0,0,0,0,0,14,5,-1,0,0,0,0,-1,-1,-1,23,-1,133,-1,-1,-1,-1,-1,-1,2,0,0,0,0,0,2,0,20,4,7,41.84213477,-87.62031276
0,335521,-1,30,1,2,0,4,12,5,4,0,0,0,0,1,-1,-1,22,0,731,-1,-1,-1,-1,-1,-1,2,0,0,0,0,0,3,0,20,4,7,41.76574957,-87.6299268
2,335407,-1,30,2,2,0,1,0,5,0,0,0,0,1,1,-1,1,25,-1,1431,-1,-1,-1,-1,-1,-1,2,1,0,0,1,0,1,0,19,4,7,41.92495216,-87.69381572
0,335397,-1,30,0,0,0,1,12,2,-1,0,0,0,0,-1,-1,-1,21,-1,835,-1,-1,-1,-1,-1,-1,2,0,0,0,0,0,5,0,19,4,7,41.75117666,-87.7006039
0,335411,-1,30,1,2,0,1,12,5,2,0,0,0,0,-1,-1,1,21,27,1431,-1,-1,-1,-1,-1,-1,2,0,0,0,0,0,2,0,19,4,7,41.92835493,-87.69736627
0,336255,-1,30,0,0,0,1,12,2,-1,0,0,0,0,-1,-1,-1,22,-1,811,-1,-1,-1,-1,-1,-1,2,0,0,0,0,0,2,0,19,4,7,41.79281417,-87.76408007
0,335751,-1,30,1,2,0,1,10,1,-1,0,0,0,0,-1,-1,-1,18,0,1533,-1,-1,-1,-1,-1,-1,2,0,0,0,0,0,5,0,19,4,7,41.87691468,-87.74519327
0,335394,-1,30,0,0,2,4,7,5,-1,0,1,-1,0,-1,-1,1,0,0,523,-1,-1,-1,-1,-1,-1,2,0,0,0,0,0,1,0,19,4,7,41.67221419,-87.62263621
3,335390,-1,35,1,2,0,1,11,2,4,0,0,3,1,-1,-1,-1,0,0,1115,-1,-1,-1,-1,-1,-1,2,3,0,1,2,0,0,0,19,4,7,41.88081588,-87.72731524
3,335409,-1,35,1,2,0,1,0,5,2,0,0,0,1,1,-1,-1,6,-1,1623,-1,-1,-1,-1,-1,-1,2,7,0,1,4,2,1,0,19,4,7,41.97510875,-87.75783429
0,335387,-1,25,1,2,0,1,14,5,-1,0,0,0,0,-1,-1,-1,17,-1,1833,-1,-1,-1,-1,-1,-1,2,0,0,0,0,0,2,0,19,4,7,41.89672011,-87.61756751
0,335402,-1,30,1,1,0,1,10,6,-1,0,0,0,0,-1,-1,-1,17,16,122,-1,-1,-1,-1,-1,-1,2,0,0,0,0,0,2,0,19,4,7,41.87681825,-87.6308945
0,335381,-1,30,1,2,0,1,12,6,4,0,0,0,0,1,-1,-1,22,11,1834,-1,-1,-1,-1,-1,-1,2,0,0,0,0,0,2,0,19,4,7,41.89191358,-87.62019154
0,335373,-1,25,2,2,0,1,0,5,2,0,0,0,1,1,-1,-1,17,5,723,-1,-1,-1,-1,-1,-1,2,0,0,0,0,0,4,0,19,4,7,41.77413306,-87.64935278
0,336675,-1,30,1,2,2,1,10,5,4,0,1,0,0,1,-1,-1,20,0,122,-1,-1,-1,-1,-1,-1,2,0,0,0,0,0,2,0,19,4,7,41.87721783,-87.63090572
0,335408,-1,30,0,0,0,1,2,0,1,0,0,0,0,-1,1,1,11,0,1624,-1,-1,-1,-1,-1,-1,1,0,0,0,0,0,1,0,19,4,7,41.95406775,-87.75999244
0,335392,-1,25,0,0,0,1,12,5,-1,0,0,0,0,-1,-1,-1,-1,-1,1222,-1,-1,-1,-1,-1,-1,2,0,0,0,0,0,3,0,19,4,7,41.88719454,-87.70152601
0,335356,-1,30,0,0,0,1,2,3,-1,0,1,0,0,-1,-1,-1,0,0,331,-1,-1,-1,-1,-1,-1,1,0,0,0,0,0,1,0,18,4,7,41.77344779,-87.56688391
0,335365,-1,30,1,2,0,1,10,5,-1,0,0,0,0,-1,-1,-1,27,18,1112,-1,-1,-1,-1,-1,-1,2,0,0,0,0,0,3,0,18,4,7,41.90241833,-87.72614789
0,335354,-1,35,0,-1,0,2,0,0,1,0,0,-1,0,1,-1,1,0,0,723,0,-1,-1,-1,-1,-1,2,0,0,0,0,0,2,0,18,4,7,41.7726224,-87.64838666
0,335366,-1,30,1,2,0,1,12,5,3,0,0,0,0,1,-1,1,16,21,1834,-1,-1,-1,-1,-1,-1,2,0,0,0,0,0,2,0,18,4,7,41.89562941,-87.62432972
0,335393,-1,30,2,0,0,1,5,5,2,0,0,0,0,1,-1,1,14,16,1522,-1,-1,-1,-1,-1,-1,1,0,0,0,0,0,1,0,18,4,7,41.8764679,-87.76083182
0,335350,-1,30,2,2,0,1,0,5,0,0,0,0,1,1,-1,-1,0,0,1622,-1,-1,-1,-1,-1,-1,2,0,0,0,0,0,2,0,18,4,7,41.97555562,-87.77914982
0,335329,-1,35,0,0,0,1,7,5,-1,0,0,0,0,-1,-1,1,0,-1,833,-1,-1,-1,-1,-1,-1,2,0,0,0,0,0,1,0,18,4,7,41.76884649,-87.71657279
0,336250,-1,30,1,2,0,1,10,5,-1,0,0,0,0,-1,-1,-1,18,0,114,-1,-1,-1,-1,-1,-1,2,0,0,0,0,0,2,0,18,4,7,41.87703546,-87.61731559
0,335336,-1,30,0,3,0,1,7,5,4,2,0,0,0,-1,-1,1,0,0,722,-1,-1,-1,-1,-1,-1,2,0,0,0,0,0,1,0,18,4,7,41.7745844,-87.63314492
0,335327,-1,30,0,0,0,1,12,5,-1,0,0,0,0,-1,-1,-1,21,-1,1133,-1,-1,-1,-1,-1,-1,2,0,0,0,0,0,2,0,18,4,7,41.87437661,-87.71802234
0,335376,-1,30,0,0,0,1,7,6,1,0,0,0,0,-1,-1,1,0,-1,1811,-1,-1,-1,-1,-1,-1,2,0,0,0,0,0,1,0,18,4,7,41.91814566,-87.65686725
0,335666,0,30,0,0,0,4,7,6,1,0,0,0,0,-1,-1,-1,0,-1,934,-1,-1,-1,-1,-1,-1,2,0,0,0,0,0,1,0,18,4,7,41.79920625,-87.65364176
0,335368,-1,20,0,0,1,1,0,0,1,0,0,0,0,-1,-1,-1,0,17,924,-1,-1,-1,-1,-1,-1,2,0,0,0,0,0,2,0,18,4,7,41.81574308,-87.66716526
2,335320,-1,30,1,2,0,1,4,5,4,0,0,0,1,-1,-1,-1,18,0,1722,-1,-1,-1,-1,-1,-1,1,1,0,0,1,0,1,0,18,4,7,41.9597925,-87.72783184
0,335312,-1,30,2,2,0,1,14,5,-1,0,0,0,0,1,-1,-1,5,11,432,-1,-1,-1,-1,-1,-1,2,0,0,0,0,0,2,0,17,4,7,41.70265826,-87.53905951
0,335303,-1,35,0,0,0,1,7,7,-1,0,1,0,0,-1,-1,1,0,-1,331,-1,-1,-1,-1,-1,-1,3,0,0,0,0,0,1,0,17,4,7,41.78865367,-87.57805439
0,335363,-1,30,2,2,0,1,7,6,-1,0,0,0,0,-1,-1,1,0,0,312,-1,-1,-1,-1,-1,-1,2,0,0,0,0,0,1,0,17,4,7,41.77968975,-87.60448512
0,335301,-1,30,-1,-1,0,1,10,5,2,0,0,-1,0,-1,-1,-1,18,18,731,-1,-1,-1,-1,-1,-1,2,0,0,0,0,0,2,0,17,4,7,41.76554628,-87.62969409
0,335299,-1,30,0,0,0,1,12,5,-1,0,0,0,0,-1,-1,-1,17,-1,1111,-1,-1,-1,-1,-1,-1,2,0,0,0,0,0,3,0,17,4,7,41.89154109,-87.74232229
0,335420,-1,30,0,0,0,1,7,5,-1,0,0,0,0,-1,-1,-1,0,0,233,-1,-1,-1,-1,-1,-1,2,0,0,0,0,0,1,0,17,4,7,41.79720081,-87.59674106
0,335324,-1,30,1,2,0,1,12,2,2,0,0,0,0,-1,-1,-1,21,0,632,-1,-1,-1,-1,-1,-1,2,0,0,0,0,0,3,0,17,4,7,41.73646321,-87.62310874
0,335317,-1,30,2,0,0,1,0,5,2,0,0,0,1,1,-1,-1,5,22,1034,-1,-1,-1,-1,-1,-1,2,0,0,0,0,0,3,0,17,4,7,41.84945375,-87.68297557
0,335298,1,35,0,0,0,1,2,6,4,2,0,0,1,-1,-1,0,0,0,915,-1,-1,-1,-1,-1,-1,1,0,0,0,0,0,1,0,17,4,7,41.83097978,-87.63165263
2,335286,-1,30,0,0,0,1,0,5,2,0,0,0,1,-1,-1,1,25,16,213,-1,-1,-1,-1,-1,-1,2,1,0,0,1,0,2,0,17,4,7,41.81657209,-87.62823811
0,335267,-1,5,0,0,0,1,0,7,0,0,0,0,0,-1,-1,-1,0,-1,324,-1,-1,-1,-1,-1,-1,2,0,0,0,0,0,3,0,17,4,7,41.76107489,-87.58634422
0,335287,-1,30,1,2,0,1,12,5,-1,0,0,0,0,-1,-1,-1,21,8,632,-1,-1,-1,-1,-1,-1,2,0,0,0,0,0,2,0,17,4,7,41.73635801,-87.62401506
0,335259,-1,30,0,0,0,1,11,5,-1,0,0,-1,0,-1,-1,1,0,0,533,-1,-1,-1,-1,-1,-1,2,0,0,0,0,0,4,0,17,4,7,41.65881623,-87.60347301
0,335242,-1,0,0,0,0,1,0,7,-1,0,0,12,0,-1,-1,-1,20,-1,2533,-1,-1,-1,-1,-1,-1,2,0,0,0,0,0,2,0,17,4,7,41.90829046,-87.74621937
0,335310,-1,30,1,2,0,1,5,3,2,0,0,0,0,-1,-1,-1,-1,-1,411,-1,-1,-1,-1,-1,-1,1,0,0,0,0,0,1,0,16,4,7,41.75161152,-87.58559228
0,335238,-1,30,1,2,0,1,0,6,0,0,0,0,1,1,-1,-1,6,17,122,-1,-1,-1,-1,-1,-1,2,0,0,0,0,0,4,0,16,4,7,41.88057459,-87.63542615