MOST_SEVERE_INJURY,RD_NO,CRASH_DATE_EST_I,POSTED_SPEED_LIMIT,TRAFFIC_CONTROL_DEVICE,DEVICE_CONDITION,WEATHER_CONDITION,LIGHTING_CONDITION,FIRST_CRASH_TYPE,TRAFFICWAY_TYPE,LANE_CNT,ALIGNMENT,ROADWAY_SURFACE_COND,ROAD_DEFECT,CRASH_TYPE,INTERSECTION_RELATED_I,NOT_RIGHT_OF_WAY_I,HIT_AND_RUN_I,PRIM_CONTRIBUTORY_CAUSE,SEC_CONTRIBUTORY_CAUSE,BEAT_OF_OCCURRENCE,PHOTOS_TAKEN_I,STATEMENTS_TAKEN_I,DOORING_I,WORK_ZONE_I,WORK_ZONE_TYPE,WORKERS_PRESENT_I,NUM_UNITS,INJURIES_TOTAL,INJURIES_FATAL,INJURIES_INCAPACITATING,INJURIES_NON_INCAPACITATING,INJURIES_REPORTED_NOT_EVIDENT,INJURIES_NO_INDICATION,INJURIES_UNKNOWN,CRASH_HOUR,CRASH_DAY_OF_WEEK,CRASH_MONTH,LATITUDE,LONGITUDE
0,335331,-1,20,1,2,0,1,12,5,2,0,0,0,0,-1,-1,1,22,-1,713,-1,-1,-1,-1,-1,-1,2,0,0,0,0,0,3,0,16,4,7,41.78679345,-87.65482708
0,335228,-1,25,2,0,0,1,0,5,-1,0,0,0,1,-1,-1,1,-1,-1,424,-1,-1,-1,-1,-1,-1,2,0,0,0,0,0,3,0,16,4,7,41.73575185,-87.54435527
2,335212,-1,30,2,2,0,1,14,2,-1,0,0,0,1,1,-1,-1,17,17,2512,-1,-1,-1,-1,-1,-1,2,2,0,0,1,1,2,0,16,4,7,41.92550596,-87.79544842
0,335309,-1,30,0,0,0,1,12,5,-1,0,0,0,1,-1,-1,1,-1,-1,915,-1,-1,-1,-1,-1,-1,2,0,0,0,0,0,2,0,16,4,7,41.83092244,-87.63165052
2,335262,-1,30,0,0,0,1,9,2,2,0,0,0,1,-1,-1,1,-1,-1,1623,-1,-1,-1,-1,-1,-1,2,1,0,0,1,0,1,0,16,4,7,41.96068942,-87.75911867
0,335216,-1,30,0,0,0,1,10,5,-1,0,0,0,0,-1,-1,-1,18,0,1033,-1,-1,-1,-1,-1,-1,2,0,0,0,0,0,2,0,16,4,7,41.84443751,-87.70262831
3,335203,-1,30,0,0,0,1,9,5,2,0,0,0,1,-1,-1,-1,-1,-1,1122,-1,-1,-1,-1,-1,-1,2,1,0,1,0,0,2,0,16,4,7,41.88502331,-87.71972402
0,335251,-1,30,2,2,0,1,12,5,2,0,0,0,0,-1,-1,-1,17,22,1932,-1,-1,-1,-1,-1,-1,2,0,0,0,0,0,2,0,16,4,7,41.92798665,-87.65397081
0,335210,-1,30,0,-1,0,1,14,2,4,0,0,-1,0,-1,-1,-1,17,17,735,-1,-1,-1,-1,-1,-1,2,0,0,0,0,0,2,0,16,4,7,41.7593684,-87.66378572
0,345994,-1,30,0,0,0,1,10,5,-1,0,0,0,0,-1,-1,-1,18,-1,1933,-1,-1,-1,-1,-1,-1,2,0,0,0,0,0,6,0,16,4,7,41.93401888,-87.65861502
0,335199,-1,30,0,0,0,1,10,7,2,0,0,0,0,-1,-1,-1,20,-1,422,-1,-1,-1,-1,-1,-1,2,0,0,0,0,0,3,0,16,4,7,41.75180065,-87.55288089
0,335236,-1,30,1,2,0,1,10,2,4,0,0,0,0,-1,-1,-1,18,0,511,-1,-1,-1,-1,-1,-1,2,0,0,0,0,0,2,0,16,4,7,41.71333098,-87.6286139
0,335206,-1,30,1,2,0,1,10,5,5,0,0,0,0,-1,-1,1,16,0,2211,-1,-1,-1,-1,-1,-1,2,0,0,0,0,0,2,0,16,4,7,41.70609113,-87.70117396
2,335186,-1,30,1,2,0,1,10,2,2,0,0,0,1,0,-1,-1,18,16,1012,-1,-1,-1,-1,-1,-1,2,1,0,0,1,0,1,0,16,4,7,41.85868185,-87.73488064
0,335225,-1,30,0,0,0,1,7,5,4,0,0,0,0,-1,-1,-1,23,-1,2022,-1,-1,-1,-1,-1,-1,2,0,0,0,0,0,1,0,16,4,7,41.98451638,-87.6599492
0,339315,1,30,0,0,0,1,7,5,-1,0,0,0,0,-1,-1,-1,-1,-1,1524,-1,-1,-1,-1,-1,-1,2,0,0,0,0,0,2,0,16,4,7,41.89869286,-87.75575014
0,338191,1,30,0,0,-1,-1,7,2,2,0,-1,0,0,-1,-1,1,0,0,1013,-1,-1,-1,-1,-1,-1,2,0,0,0,0,0,1,0,16,4,7,41.8442401,-87.73319625
0,338145,-1,30,1,2,0,1,14,5,4,0,0,0,0,1,-1,-1,23,-1,1831,-1,-1,-1,-1,-1,-1,2,0,0,0,0,0,2,0,16,4,7,41.88887789,-87.6326624
0,335380,-1,10,0,0,0,1,7,7,-1,0,-1,-1,0,-1,-1,1,0,0,1432,-1,-1,-1,-1,-1,-1,2,0,0,0,0,0,1,0,16,4,7,41.92898122,-87.68338143
0,335318,-1,30,0,0,0,1,7,6,1,0,0,0,0,-1,-1,1,0,0,2233,-1,-1,-1,-1,-1,-1,2,0,0,0,0,0,1,0,16,4,7,41.70353477,-87.64379747
0,335232,-1,30,12,0,0,1,10,2,-1,0,0,0,0,-1,-1,-1,18,18,1523,-1,-1,-1,-1,-1,-1,2,0,0,0,0,0,2,0,16,4,7,41.8891541,-87.75553651
1,335231,-1,35,1,2,0,1,10,2,2,0,0,0,1,-1,-1,-1,6,18,1134,-1,-1,-1,-1,-1,-1,2,2,0,0,0,2,1,0,15,4,7,41.87010233,-87.70564534
2,335196,-1,30,1,2,0,1,11,5,4,0,0,0,1,-1,-1,1,0,0,1712,-1,-1,-1,-1,-1,-1,2,1,0,0,1,0,1,0,15,4,7,41.96851014,-87.71342578
2,335172,-1,20,1,0,0,1,8,6,1,0,0,0,1,-1,-1,-1,22,-1,2433,-1,-1,-1,-1,-1,-1,2,1,0,0,1,0,2,0,15,4,7,41.99330717,-87.65676484
0,335183,-1,30,1,2,0,1,14,5,2,0,0,0,0,1,-1,-1,22,22,511,-1,-1,-1,-1,-1,-1,2,0,0,0,0,0,3,0,15,4,7,41.72158296,-87.62759445
0,335147,1,30,0,3,0,1,10,3,4,0,0,0,0,-1,-1,-1,18,18,723,-1,-1,-1,-1,-1,-1,2,0,0,0,0,0,2,0,15,4,7,41.77966949,-87.64379717
3,335156,-1,30,1,2,0,1,9,2,4,0,0,0,1,1,-1,-1,17,16,911,-1,-1,-1,-1,-1,-1,2,1,0,1,0,0,1,0,15,4,7,41.82604002,-87.6849674
0,336774,-1,45,0,0,0,1,12,3,-1,0,0,0,0,-1,-1,-1,17,0,132,-1,-1,-1,-1,-1,-1,2,0,0,0,0,0,2,0,15,4,7,41.85110748,-87.61286663
0,335292,-1,15,0,0,0,1,7,7,-1,0,0,0,0,-1,1,-1,21,-1,833,-1,-1,-1,-1,-1,-1,2,0,0,0,0,0,1,0,15,4,7,41.76947524,-87.74048606
0,335201,-1,30,-1,-1,0,1,7,-1,-1,0,-1,-1,0,-1,-1,1,-1,-1,2024,-1,-1,-1,-1,-1,-1,2,0,0,0,0,0,1,0,15,4,7,41.97229499,-87.65049179
0,335155,-1,30,1,2,0,1,10,2,4,0,0,-1,1,-1,-1,-1,18,-1,2531,-1,-1,-1,-1,-1,-1,2,0,0,0,0,0,2,0,15,4,7,41.90919027,-87.77194139
0,335151,-1,30,1,0,0,1,10,5,-1,0,0,0,0,-1,-1,1,16,-1,813,-1,-1,-1,-1,-1,-1,2,0,0,0,0,0,3,0,15,4,7,41.79309383,-87.72321786
0,335249,-1,10,0,0,0,1,0,7,-1,0,0,-1,0,-1,1,-1,17,0,821,-1,-1,-1,-1,-1,-1,2,0,0,0,0,0,2,0,15,4,7,41.81436917,-87.72368311
0,335150,-1,30,1,2,0,1,14,3,-1,0,0,0,0,1,-1,1,21,21,1834,-1,-1,-1,-1,-1,-1,2,0,0,0,0,0,2,0,15,4,7,41.89343227,-87.62436372
0,335153,-1,30,1,2,0,1,14,5,2,0,0,0,1,1,-1,-1,17,0,1033,-1,-1,-1,-1,-1,-1,2,0,0,0,0,0,2,0,15,4,7,41.8445843,-87.69535984
0,335133,-1,30,0,0,0,1,7,5,2,0,0,0,0,-1,-1,1,0,-1,833,-1,-1,-1,-1,-1,-1,2,0,0,0,0,0,1,0,15,4,7,41.77151039,-87.7208577
0,335288,-1,45,0,0,0,1,10,6,3,0,0,0,0,-1,-1,-1,0,-1,1824,-1,-1,-1,-1,-1,-1,2,0,0,0,0,0,9,0,15,4,7,41.90407674,-87.62480394
1,335158,-1,30,1,2,0,1,0,2,-1,0,0,0,1,1,-1,-1,0,-1,1833,-1,-1,-1,-1,-1,-1,2,1,0,0,0,1,3,0,15,4,7,41.90075885,-87.62398426
0,335149,-1,30,0,0,0,1,7,5,2,1,0,0,1,-1,-1,-1,25,11,431,-1,-1,-1,-1,-1,-1,2,0,0,0,0,0,1,0,15,4,7,41.72273166,-87.54460099
0,335579,-1,30,0,0,0,1,7,5,2,0,0,0,0,-1,-1,1,-1,-1,2514,-1,-1,-1,-1,-1,-1,2,0,0,0,0,0,1,0,15,4,7,41.93659287,-87.75676094
1,335189,-1,15,1,2,0,1,11,7,2,0,0,0,1,1,-1,1,20,0,634,-1,-1,-1,-1,-1,-1,2,1,0,0,0,1,1,0,15,4,7,41.73614513,-87.62691784
1,335167,-1,30,1,2,0,1,14,3,6,0,0,0,1,1,-1,-1,23,21,132,-1,-1,-1,-1,-1,-1,2,1,0,0,0,1,1,0,15,4,7,41.86411696,-87.61894998
0,335389,-1,30,0,0,0,1,5,0,1,0,0,0,0,-1,-1,-1,17,-1,231,-1,-1,-1,-1,-1,-1,1,0,0,0,0,0,2,0,14,4,7,41.79555004,-87.62101288
0,335104,-1,10,0,0,0,1,0,7,0,0,0,0,0,-1,-1,-1,20,0,2522,-1,-1,-1,-1,-1,-1,2,0,0,0,0,0,2,0,14,4,7,41.92415233,-87.74446962
0,335136,-1,20,0,0,0,1,10,2,2,0,0,0,0,-1,-1,-1,22,18,2433,-1,-1,-1,-1,-1,-1,2,0,0,0,0,0,2,0,14,4,7,41.9980635,-87.66197773
0,336688,-1,30,2,2,0,1,10,2,-1,0,0,0,0,-1,-1,-1,0,-1,1421,-1,-1,-1,-1,-1,-1,2,0,0,0,0,0,2,0,14,4,7,41.91363019,-87.70670458
0,335091,-1,30,0,0,0,1,14,6,0,0,0,0,0,1,-1,-1,17,33,223,-1,-1,-1,-1,-1,-1,2,0,0,0,0,0,3,0,14,4,7,41.80395377,-87.60734453
2,335080,-1,30,2,2,0,1,8,2,0,0,0,0,1,1,-1,-1,17,0,1712,-1,-1,-1,-1,-1,-1,2,1,0,0,1,0,1,0,14,4,7,41.97561985,-87.73025823
0,335620,-1,35,0,-1,0,1,7,6,-1,0,0,-1,0,-1,-1,1,0,0,332,-1,-1,-1,-1,-1,-1,2,0,0,0,0,0,1,0,14,4,7,41.77078934,-87.5827236
0,335127,-1,30,2,2,0,1,10,5,2,0,0,0,0,1,-1,-1,7,18,2524,-1,-1,-1,-1,-1,-1,2,0,0,0,0,0,3,0,14,4,7,41.92867188,-87.73688307
0,335526,-1,30,-1,-1,0,1,12,2,2,0,0,0,0,1,-1,-1,22,0,723,-1,-1,-1,-1,-1,-1,2,0,0,0,0,0,3,0,14,4,7,41.77238475,-87.64322108
0,335152,-1,20,0,0,0,1,7,6,-1,0,0,0,0,-1,-1,1,0,0,524,-1,-1,-1,-1,-1,-1,2,0,0,0,0,0,1,0,14,4,7,41.68402302,-87.6371331
1,335146,-1,5,0,0,0,1,0,7,0,0,0,0,1,-1,-1,-1,0,0,324,-1,-1,-1,-1,-1,-1,2,1,0,0,0,1,1,0,14,4,7,41.76302237,-87.58639016
0,335078,-1,30,0,0,0,1,14,2,2,0,0,0,0,-1,-1,-1,0,0,2212,-1,-1,-1,-1,-1,-1,2,0,0,0,0,0,3,0,14,4,7,41.67798852,-87.68057984
0,335140,-1,30,1,2,0,1,12,5,-1,0,0,0,0,-1,-1,-1,17,21,131,-1,-1,-1,-1,-1,-1,2,0,0,0,0,0,2,0,14,4,7,41.86706145,-87.62429156
0,335171,-1,30,1,2,0,1,10,5,5,0,-1,-1,0,-1,-1,-1,18,7,1912,-1,-1,-1,-1,-1,-1,2,0,0,0,0,0,3,0,14,4,7,41.95437933,-87.66919912
0,335047,-1,40,0,0,0,1,10,3,-1,0,0,0,1,-1,-1,-1,18,16,1814,-1,-1,-1,-1,-1,-1,4,0,0,0,0,0,4,0,14,4,7,41.91840424,-87.629024
0,335039,-1,30,1,2,0,1,10,5,-1,0,0,0,0,-1,-1,-1,0,-1,931,-1,-1,-1,-1,-1,-1,2,0,0,0,0,0,3,0,14,4,7,41.8085116,-87.66511729
0,335066,-1,30,1,2,0,1,14,12,4,1,0,0,0,-1,-1,-1,6,6,1231,-1,-1,-1,-1,-1,-1,2,0,0,0,0,0,2,0,14,4,7,41.87646093,-87.66670765
0,369422,-1,30,0,0,0,1,7,5,-1,0,0,0,0,-1,-1,-1,0,0,1424,-1,-1,-1,-1,-1,-1,2,0,0,0,0,0,1,0,14,4,7,41.90903098,-87.67558694
0,366282,-1,30,0,0,0,1,7,5,1,0,0,0,0,-1,-1,1,0,-1,2515,-1,-1,-1,-1,-1,-1,2,0,0,0,0,0,1,0,14,4,7,41.91759375,-87.75887746
0,335223,-1,30,1,2,0,1,12,6,2,0,0,0,0,-1,-1,1,17,17,225,-1,-1,-1,-1,-1,-1,2,0,0,0,0,0,2,0,14,4,7,41.79418048,-87.63036805
0,335097,-1,30,0,0,0,1,5,2,4,0,0,1,0,-1,-1,-1,0,-1,2222,-1,-1,-1,-1,-1,-1,1,0,0,0,0,0,3,0,14,4,7,41.73578599,-87.65713119
0,335058,-1,20,-1,-1,0,1,7,12,-1,0,-1,-1,0,-1,-1,-1,-1,-1,2013,-1,-1,-1,-1,-1,-1,2,0,0,0,0,0,1,0,14,4,7,41.98035904,-87.66817124
0,335040,-1,20,1,2,0,1,10,5,2,0,0,0,0,-1,-1,-1,18,0,311,-1,-1,-1,-1,-1,-1,2,0,0,0,0,0,2,0,14,4,7,41.78379147,-87.61585767
0,335029,1,30,0,0,0,1,7,0,1,0,0,0,0,-1,-1,1,0,21,1424,-1,-1,-1,-1,-1,-1,2,0,0,0,0,0,1,0,14,4,7,41.90903098,-87.67558694
3,334999,-1,30,2,2,0,1,0,5,-1,0,0,0,1,1,-1,-1,5,0,424,-1,-1,-1,-1,-1,-1,2,2,0,1,1,0,0,0,14,4,7,41.74634885,-87.5526468
0,335015,-1,30,1,2,0,1,10,3,4,0,0,0,0,0,-1,-1,18,-1,1233,-1,-1,-1,-1,-1,-1,2,0,0,0,0,0,4,0,13,4,7,41.86681578,-87.66652926
1,335035,-1,30,2,2,0,1,0,5,2,0,0,0,1,1,-1,-1,5,17,2223,-1,-1,-1,-1,-1,-1,2,4,0,0,0,4,2,0,13,4,7,41.71425192,-87.65165819
0,337323,-1,30,-1,-1,0,1,14,2,4,0,0,0,0,-1,-1,-1,22,-1,2522,-1,-1,-1,-1,-1,-1,2,0,0,0,0,0,2,0,13,4,7,41.92319768,-87.73637121
0,335016,-1,35,1,2,0,1,0,5,-1,0,0,0,1,1,-1,-1,6,-1,225,-1,-1,-1,-1,-1,-1,2,0,0,0,0,0,2,0,13,4,7,-1,-1
2,342457,-1,55,0,0,0,1,12,3,8,0,-1,-1,1,-1,-1,1,21,22,1915,-1,-1,-1,-1,-1,-1,2,1,0,0,1,0,1,0,13,4,7,41.96106142,-87.64627483
2,335063,-1,15,0,0,0,1,8,5,2,0,0,0,1,-1,1,-1,17,16,2521,-1,-1,-1,-1,-1,-1,2,1,0,0,1,0,1,0,13,4,7,41.93168892,-87.74301695
1,335014,-1,30,0,0,0,1,7,5,2,0,0,0,1,-1,-1,-1,14,0,726,-1,-1,-1,-1,-1,-1,2,1,0,0,0,1,0,0,13,4,7,41.77916282,-87.6770312
0,335006,-1,30,1,2,0,1,14,2,-1,0,0,0,0,1,-1,-1,17,16,825,-1,-1,-1,-1,-1,-1,2,0,0,0,0,0,2,0,13,4,7,41.7828162,-87.683886
0,334995,-1,15,0,0,0,1,10,2,4,0,0,0,0,-1,-1,-1,18,0,1422,-1,-1,-1,-1,-1,-1,2,0,0,0,0,0,5,0,13,4,7,41.90997981,-87.70882568
0,335023,-1,30,1,2,0,1,0,5,-1,0,0,0,0,-1,-1,-1,17,17,114,-1,-1,-1,-1,-1,-1,2,0,0,0,0,0,2,0,13,4,7,41.88766406,-87.62048728
0,335005,-1,30,0,0,0,1,11,5,2,0,-1,-1,0,-1,-1,-1,20,20,1913,-1,-1,-1,-1,-1,-1,2,0,0,0,0,0,2,0,13,4,7,41.96523758,-87.66094999
0,335137,-1,30,0,0,0,1,0,5,2,0,0,0,0,-1,-1,-1,17,16,2521,-1,-1,-1,-1,-1,-1,2,0,0,0,0,0,3,0,13,4,7,41.93148359,-87.74199187
0,335000,-1,35,0,0,0,1,0,2,2,0,0,0,0,-1,-1,-1,17,-1,1033,-1,-1,-1,-1,-1,-1,2,0,0,0,0,0,5,0,13,4,7,41.84464157,-87.7037517
0,334970,-1,30,0,0,0,1,14,5,1,0,0,0,0,-1,-1,-1,17,0,1632,-1,-1,-1,-1,-1,-1,2,0,0,0,0,0,2,0,13,4,7,41.93882268,-87.80662916
0,335209,-1,15,0,0,0,1,12,7,2,0,0,0,0,-1,1,-1,0,0,1412,-1,-1,-1,-1,-1,-1,2,0,0,0,0,0,2,0,12,4,7,41.93920656,-87.7091716
0,334996,-1,30,1,2,0,1,10,2,-1,0,0,0,1,-1,-1,-1,0,-1,1433,-1,-1,-1,-1,-1,-1,2,0,0,0,0,0,2,0,12,4,7,41.90673857,-87.66743626
0,334974,-1,30,0,0,-1,-1,7,6,1,0,-1,0,0,-1,-1,1,0,0,1031,-1,-1,-1,-1,-1,-1,2,0,0,0,0,0,1,0,12,4,7,41.84367954,-87.73046735
0,334927,-1,25,0,0,0,1,2,0,1,0,0,0,0,-1,1,-1,20,0,322,-1,-1,-1,-1,-1,-1,1,0,0,0,0,0,1,0,12,4,7,41.76639482,-87.61029685
1,334907,-1,30,1,2,0,1,10,5,2,0,0,0,1,-1,-1,-1,0,0,2411,-1,-1,-1,-1,-1,-1,2,1,0,0,0,1,1,0,11,4,7,42.01197461,-87.70881019
0,334901,-1,10,0,0,0,1,0,7,2,0,0,0,0,-1,1,-1,20,-1,1623,-1,-1,-1,-1,-1,-1,2,0,0,0,0,0,2,0,11,4,7,41.96783,-87.76733074
0,334906,-1,30,1,2,0,1,10,5,-1,0,0,0,1,1,-1,-1,0,0,623,-1,-1,-1,-1,-1,-1,2,0,0,0,0,0,3,0,11,4,7,41.7510366,-87.62580715
0,334937,-1,30,0,0,0,1,7,12,-1,0,0,0,0,-1,-1,-1,20,-1,432,-1,-1,-1,-1,-1,-1,2,0,0,0,0,0,1,0,11,4,7,41.71772004,-87.53150812
0,334918,-1,5,0,0,0,1,7,7,1,0,0,0,0,-1,-1,-1,0,0,413,-1,-1,-1,-1,-1,-1,2,0,0,0,0,0,1,0,11,4,7,41.73000801,-87.58490988
0,335049,-1,30,1,2,0,1,14,12,4,2,0,0,0,1,-1,-1,16,-1,2211,-1,-1,-1,-1,-1,-1,2,0,0,0,0,0,5,0,11,4,7,41.70629866,-87.68846006
0,334894,-1,30,0,0,0,1,0,7,-1,0,0,0,0,-1,-1,-1,17,0,1934,-1,-1,-1,-1,-1,-1,2,0,0,0,0,0,2,0,11,4,7,41.93322515,-87.63364981
0,334866,-1,30,0,0,0,1,14,2,2,0,0,0,0,-1,-1,-1,17,-1,1421,-1,-1,-1,-1,-1,-1,2,0,0,0,0,0,2,0,11,4,7,41.91435805,-87.69695975
0,364545,-1,25,0,0,0,1,7,5,2,0,0,0,0,-1,-1,-1,0,-1,1612,-1,-1,-1,-1,-1,-1,2,0,0,0,0,0,1,0,11,4,7,41.98285667,-87.81203546
0,336520,-1,25,0,0,0,1,2,6,1,0,0,0,0,-1,-1,-1,0,0,833,-1,-1,-1,-1,-1,-1,1,0,0,0,0,0,1,0,11,4,7,41.76505721,-87.72227379
0,335045,-1,30,-1,-1,0,1,10,5,2,0,0,0,0,-1,-1,1,18,18,632,-1,-1,-1,-1,-1,-1,2,0,0,0,0,0,2,0,11,4,7,41.73651517,-87.6210757
0,334903,-1,30,0,0,0,1,7,6,-1,0,0,0,0,-1,-1,-1,0,-1,1424,-1,-1,-1,-1,-1,-1,2,0,0,0,0,0,3,0,11,4,7,41.9089214,-87.6775678
0,334890,-1,30,0,0,0,1,12,5,2,0,0,0,1,-1,-1,-1,17,0,2511,-1,-1,1,-1,-1,-1,3,0,0,0,0,0,4,0,10,4,7,41.93795166,-87.80228112
0,334857,-1,30,0,0,0,1,11,5,-1,0,0,0,0,-1,-1,1,17,17,1614,-1,-1,-1,-1,-1,-1,2,0,0,0,0,0,2,0,10,4,7,41.97671882,-87.84369071
2,336177,-1,30,1,2,0,1,12,3,-1,2,0,12,1,1,-1,1,17,14,2533,-1,-1,-1,1,2,-1,4,2,0,0,2,0,3,0,10,4,7,41.91331612,-87.7461171
0,334828,-1,30,0,0,0,1,0,0,-1,0,0,0,0,-1,-1,1,17,-1,631,-1,-1,-1,-1,-1,-1,2,0,0,0,0,0,3,0,10,4,7,41.74546378,-87.61976324
0,336907,-1,30,0,0,0,1,0,5,-1,0,0,0,0,-1,-1,1,20,-1,1115,-1,-1,-1,-1,-1,-1,2,0,0,0,0,0,2,0,10,4,7,41.88036059,-87.72796192
0,334829,-1,30,1,2,0,1,14,3,3,3,0,0,0,1,-1,1,0,-1,424,-1,-1,-1,-1,-1,-1,2,0,0,0,0,0,2,0,10,4,7,41.74459767,-87.55260971
2,334817,-1,30,1,2,0,1,14,5,4,0,0,0,1,1,-1,-1,6,16,631,-1,-1,-1,-1,-1,-1,2,4,0,0,1,3,0,0,10,4,7,41.74753329,-87.6052788
0,336026,-1,30,1,2,0,3,12,5,3,0,0,0,0,-1,-1,-1,0,0,1833,-1,-1,-1,-1,-1,-1,2,0,0,0,0,0,2,0,10,4,7,41.8992486,-87.62427498
0,334811,-1,30,1,2,0,1,10,2,-1,0,0,0,0,1,-1,-1,16,-1,914,-1,-1,-1,-1,-1,-1,2,0,0,0,0,0,2,0,10,4,7,41.85295968,-87.632152
0,334795,-1,30,0,0,0,1,12,3,6,0,0,0,1,-1,-1,-1,17,21,1833,-1,-1,-1,-1,-1,-1,2,0,0,0,0,0,2,0,9,4,7,41.89807992,-87.62394571
0,335258,-1,20,2,0,0,1,10,12,1,0,0,0,0,-1,-1,-1,18,7,815,-1,-1,-1,-1,-1,-1,2,0,0,0,0,0,2,0,9,4,7,41.80773142,-87.72739944
0,334896,-1,30,0,0,0,1,12,5,-1,0,0,0,0,-1,-1,1,17,22,2535,-1,-1,-1,-1,-1,-1,2,0,0,0,0,0,2,0,9,4,7,41.90977874,-87.72619921
2,334765,-1,30,0,0,0,1,7,6,-1,0,0,0,1,-1,-1,-1,18,-1,831,-1,-1,-1,-1,-1,-1,5,1,0,0,1,0,2,0,9,4,7,41.772615,-87.70526097
0,334820,1,30,0,0,0,1,7,7,-1,0,0,0,0,-1,-1,1,0,0,2423,-1,-1,-1,-1,-1,-1,2,0,0,0,0,0,1,0,9,4,7,42.01052218,-87.66130892
0,334773,-1,0,0,0,0,1,2,5,2,0,0,1,0,-1,-1,-1,28,29,123,-1,-1,-1,-1,-1,-1,1,0,0,0,0,0,1,0,9,4,7,41.86939415,-87.62524645
0,334764,-1,30,0,0,0,1,2,5,2,0,0,0,1,-1,1,-1,0,0,1225,-1,-1,-1,-1,-1,-1,1,0,0,0,0,0,1,0,8,4,7,41.86914473,-87.68205811
0,334738,-1,30,0,0,0,1,7,12,-1,0,0,0,1,-1,-1,-1,16,0,2232,-1,-1,-1,-1,-1,-1,4,0,0,0,0,0,1,0,8,4,7,41.70693203,-87.63812236
0,334779,-1,30,0,0,0,1,14,5,2,0,0,0,0,-1,-1,0,20,20,1135,-1,-1,-1,-1,-1,-1,2,0,0,0,0,0,5,0,8,4,7,41.87398504,-87.68748827
0,334721,-1,30,0,0,0,1,14,5,4,0,0,0,1,-1,-1,-1,23,11,1411,-1,-1,-1,-1,-1,-1,2,0,0,0,0,0,3,0,8,4,7,41.93198341,-87.69813786
0,334736,-1,15,0,0,0,1,7,7,0,0,0,0,0,-1,1,1,0,0,735,-1,-1,-1,-1,-1,-1,2,0,0,0,0,0,1,0,8,4,7,41.76579077,-87.66396689
0,334715,1,30,0,0,0,1,7,2,2,0,0,0,1,1,-1,-1,0,-1,1634,-1,-1,-1,-1,-1,-1,3,0,0,0,0,0,1,0,8,4,7,41.95050803,-87.75720934
3,334718,-1,30,0,0,0,1,2,5,4,0,0,0,1,-1,-1,1,0,0,2221,-1,-1,-1,-1,-1,-1,3,1,0,1,0,0,1,0,7,4,7,41.72265787,-87.6628567
0,334753,-1,35,0,0,0,1,10,5,-1,0,0,0,0,-1,-1,-1,16,17,2522,-1,-1,-1,-1,-1,-1,2,0,0,0,0,0,2,0,7,4,7,41.92060475,-87.73567304
0,334707,1,30,2,2,-1,-1,7,6,1,0,-1,-1,0,-1,-1,1,0,-1,825,-1,-1,-1,-1,-1,-1,2,0,0,0,0,0,1,0,7,4,7,41.78290673,-87.69112224
0,334698,-1,30,0,0,0,1,7,2,2,0,0,0,0,-1,-1,-1,0,0,2024,-1,-1,-1,-1,-1,-1,2,0,0,0,0,0,2,0,7,4,7,41.97001331,-87.64613652
0,334692,-1,30,0,0,0,1,7,2,-1,0,0,0,1,-1,-1,-1,18,-1,811,-1,-1,-1,-1,-1,-1,2,0,0,0,0,0,2,0,7,4,7,41.79273243,-87.76803888
0,345025,-1,30,2,2,0,1,0,2,-1,0,0,0,0,-1,-1,-1,17,17,1622,-1,-1,-1,-1,-1,-1,2,0,0,0,0,0,2,0,7,4,7,41.98279517,-87.7841141
0,334961,-1,25,0,0,0,1,7,6,1,0,0,0,0,-1,-1,1,0,0,823,-1,-1,-1,-1,-1,-1,2,0,0,0,0,0,1,0,7,4,7,41.77979004,-87.71262723
2,334680,-1,30,1,2,0,1,0,2,0,0,0,0,1,1,-1,-1,6,16,1221,-1,-1,-1,-1,-1,-1,2,2,0,0,2,0,5,0,6,4,7,41.89093109,-87.67703497
0,334803,-1,0,1,2,0,1,10,3,6,0,0,0,0,-1,-1,-1,18,11,211,-1,-1,-1,-1,-1,-1,2,0,0,0,0,0,2,0,6,4,7,41.83833328,-87.61697489
0,334668,-1,30,1,2,0,1,14,5,2,0,0,0,0,1,-1,1,6,-1,925,-1,-1,-1,-1,-1,-1,2,0,0,0,0,0,2,0,6,4,7,41.81059656,-87.64573012
2,334660,-1,45,0,0,0,1,2,12,4,0,0,0,1,-1,-1,-1,13,-1,214,-1,-1,-1,-1,-1,-1,1,2,0,0,2,0,0,0,6,4,7,41.81997053,-87.59774866
0,337270,-1,30,0,0,2,3,7,2,2,0,1,0,0,-1,-1,1,10,11,1225,-1,-1,-1,-1,-1,-1,2,0,0,0,0,0,1,0,6,4,7,41.86909851,-87.68528062
0,334676,-1,30,0,0,0,2,7,5,2,0,0,0,1,-1,-1,1,0,0,822,-1,-1,-1,-1,-1,-1,3,0,0,0,0,0,1,0,5,4,7,41.79337905,-87.70517839
1,334651,-1,45,1,2,0,1,10,3,8,0,0,0,1,-1,-1,-1,18,11,132,-1,-1,-1,-1,-1,-1,2,2,0,0,0,2,0,0,5,4,7,41.86205243,-87.61813635
0,339632,-1,25,0,0,0,0,7,7,-1,0,0,0,0,-1,1,-1,0,0,413,-1,-1,-1,-1,-1,-1,2,0,0,0,0,0,1,0,5,4,7,41.73249599,-87.59759585