MOST_SEVERE_INJURY,RD_NO,CRASH_DATE_EST_I,POSTED_SPEED_LIMIT,TRAFFIC_CONTROL_DEVICE,DEVICE_CONDITION,WEATHER_CONDITION,LIGHTING_CONDITION,FIRST_CRASH_TYPE,TRAFFICWAY_TYPE,LANE_CNT,ALIGNMENT,ROADWAY_SURFACE_COND,ROAD_DEFECT,CRASH_TYPE,INTERSECTION_RELATED_I,NOT_RIGHT_OF_WAY_I,HIT_AND_RUN_I,PRIM_CONTRIBUTORY_CAUSE,SEC_CONTRIBUTORY_CAUSE,BEAT_OF_OCCURRENCE,PHOTOS_TAKEN_I,STATEMENTS_TAKEN_I,DOORING_I,WORK_ZONE_I,WORK_ZONE_TYPE,WORKERS_PRESENT_I,NUM_UNITS,INJURIES_TOTAL,INJURIES_FATAL,INJURIES_INCAPACITATING,INJURIES_NON_INCAPACITATING,INJURIES_REPORTED_NOT_EVIDENT,INJURIES_NO_INDICATION,INJURIES_UNKNOWN,CRASH_HOUR,CRASH_DAY_OF_WEEK,CRASH_MONTH,LATITUDE,LONGITUDE
0,335929,-1,30,0,0,0,2,7,2,-1,0,0,0,0,-1,-1,-1,22,17,2011,-1,-1,-1,-1,-1,-1,2,0,0,0,0,0,1,0,5,4,7,41.98305058,-87.69126645
0,334638,-1,30,0,0,0,2,7,5,-1,0,0,0,1,-1,-1,-1,12,12,2515,-1,-1,-1,-1,-1,-1,3,0,0,0,0,0,1,0,4,4,7,41.92111198,-87.75620728
0,334993,1,30,0,0,0,1,7,6,1,0,0,0,0,-1,-1,1,0,0,1634,-1,-1,-1,-1,-1,-1,2,0,0,0,0,0,1,0,4,4,7,41.94440278,-87.7475813
0,334878,1,30,0,0,0,0,7,2,-1,0,0,0,0,-1,-1,1,0,0,2423,-1,-1,-1,-1,-1,-1,2,0,0,0,0,0,1,0,3,4,7,42.01031381,-87.6626076
0,334604,-1,30,0,0,0,3,14,12,-1,0,0,0,0,1,-1,1,22,23,414,-1,-1,-1,-1,-1,-1,2,0,0,0,0,0,3,0,3,4,7,41.75712579,-87.57983603
2,334608,-1,35,0,0,0,3,2,3,-1,3,0,0,1,-1,1,-1,0,0,533,-1,-1,-1,-1,-1,-1,1,1,0,0,1,0,0,0,3,4,7,41.65769303,-87.61743517
0,335060,-1,30,0,0,0,0,7,5,-1,0,0,0,0,-1,-1,1,-1,-1,632,-1,-1,-1,-1,-1,-1,2,0,0,0,0,0,1,0,3,4,7,41.74006158,-87.6147684
0,334594,-1,30,2,2,0,3,7,5,1,0,0,0,1,1,-1,-1,8,11,2412,-1,-1,-1,-1,-1,-1,3,0,0,0,0,0,2,0,3,4,7,41.99878256,-87.70921195
2,334581,-1,30,0,0,0,3,12,5,-1,0,0,0,1,-1,-1,-1,21,-1,1113,-1,-1,-1,-1,-1,-1,2,1,0,0,1,0,3,0,2,4,7,41.88688882,-87.74536137
1,334587,-1,35,0,0,0,3,9,5,-1,0,0,-1,1,-1,-1,1,0,0,925,-1,-1,-1,-1,-1,-1,2,1,0,0,0,1,2,0,2,4,7,41.80991743,-87.64055873
0,342556,-1,30,0,0,0,0,7,5,2,0,0,0,0,-1,-1,-1,0,-1,1231,-1,-1,-1,-1,-1,-1,2,0,0,0,0,0,1,0,2,4,7,41.87729294,-87.66172778
0,334576,-1,30,1,2,0,3,10,2,-1,0,0,0,0,-1,-1,-1,6,25,823,-1,-1,-1,-1,-1,-1,2,0,0,0,0,0,2,0,2,4,7,41.77714413,-87.69714625
0,334579,-1,25,0,0,0,3,7,6,1,0,0,0,1,-1,-1,-1,15,-1,931,-1,-1,-1,-1,-1,-1,2,0,0,0,0,0,1,0,2,4,7,41.80497139,-87.67353185
0,334563,1,5,0,0,0,3,7,5,2,0,0,0,0,-1,1,-1,0,0,234,-1,-1,-1,-1,-1,-1,2,0,0,0,0,0,1,0,2,4,7,41.79919761,-87.58712409
0,334561,-1,25,0,0,0,0,7,6,1,0,0,0,0,-1,-1,-1,-1,-1,825,-1,-1,-1,-1,-1,-1,2,0,0,0,0,0,1,0,2,4,7,41.77790576,-87.68497001
0,348468,-1,15,0,0,0,3,7,5,-1,0,0,-1,0,-1,-1,-1,0,-1,1231,-1,-1,-1,-1,-1,-1,2,0,0,0,0,0,1,0,2,4,7,41.87729294,-87.66172778
0,334976,1,15,0,0,0,3,2,0,1,0,0,0,0,-1,-1,1,0,-1,2032,-1,-1,-1,-1,-1,-1,1,0,0,0,0,0,1,0,2,4,7,41.97191281,-87.67913434
0,334940,-1,30,1,2,0,0,14,5,2,0,0,-1,0,-1,-1,-1,0,0,211,-1,-1,-1,-1,-1,-1,2,0,0,0,0,0,3,0,1,4,7,41.83108107,-87.62932962
0,334554,-1,15,0,12,0,3,10,7,-1,0,0,0,0,-1,-1,1,18,22,1134,-1,-1,-1,-1,-1,-1,2,0,0,0,0,0,4,0,1,4,7,41.86651389,-87.7057336
0,334531,-1,30,0,0,0,3,14,5,2,0,0,0,0,-1,-1,-1,23,23,312,-1,-1,-1,-1,-1,-1,2,0,0,0,0,0,2,0,1,4,7,41.77651062,-87.61567986
0,347754,-1,30,12,2,-1,3,2,7,-1,0,-1,0,0,-1,-1,1,0,0,1814,-1,-1,-1,-1,-1,-1,1,0,0,0,0,0,1,0,1,4,7,41.91297978,-87.62974037
0,335625,-1,25,0,0,0,3,10,5,1,0,0,0,0,-1,-1,-1,18,0,1821,-1,-1,-1,-1,-1,-1,2,0,0,0,0,0,2,0,0,4,7,41.91106376,-87.63456085
0,334501,-1,30,2,2,0,3,0,5,2,0,0,-1,1,1,-1,-1,17,-1,932,-1,-1,-1,-1,-1,-1,2,0,0,0,0,0,3,0,0,4,7,41.80119698,-87.6682773
2,334495,0,30,0,0,0,3,10,5,4,0,0,0,1,1,-1,1,18,-1,1414,-1,-1,-1,-1,-1,-1,2,1,0,0,1,0,3,0,0,4,7,41.9248866,-87.70058096
2,334498,-1,35,0,0,0,3,7,2,-1,0,0,0,1,-1,-1,-1,32,25,1224,1,-1,-1,-1,-1,-1,3,1,0,0,1,0,0,0,0,4,7,41.88132906,-87.6680499
0,334505,-1,30,0,0,0,3,7,5,-1,0,0,0,0,-1,-1,-1,-1,-1,1612,-1,-1,-1,-1,-1,-1,2,0,0,0,0,0,1,0,0,4,7,41.99343973,-87.80787672
0,336203,-1,25,0,0,-1,3,7,6,-1,0,-1,-1,0,-1,-1,1,17,-1,2523,-1,-1,-1,-1,-1,-1,2,0,0,0,0,0,1,0,0,4,7,41.93198017,-87.73695677
0,334749,-1,30,0,0,0,3,10,2,2,0,0,0,0,-1,-1,1,18,14,634,-1,-1,-1,-1,-1,-1,3,0,0,0,0,0,3,0,0,4,7,41.72180877,-87.6252419
0,334742,-1,25,0,0,0,3,7,5,-1,0,0,0,0,-1,0,-1,0,-1,2532,-1,-1,-1,-1,-1,-1,2,0,0,0,0,0,2,0,0,4,7,41.91137116,-87.76107433
0,334459,-1,30,1,2,0,0,5,5,-1,0,0,0,0,1,-1,-1,11,-1,531,-1,-1,-1,-1,-1,-1,1,0,0,0,0,0,2,0,0,4,7,41.69264396,-87.61352013
0,334861,1,20,0,0,0,1,7,5,2,0,0,3,0,-1,-1,1,0,21,2433,-1,-1,-1,-1,-1,-1,2,0,0,0,0,0,1,0,0,4,7,41.99351995,-87.66539747
0,335266,-1,25,0,-1,-1,3,7,6,1,0,-1,0,0,-1,-1,1,-1,-1,2525,-1,-1,-1,-1,-1,-1,2,0,0,0,0,0,1,0,0,4,7,41.9238239,-87.72200857
0,334474,-1,30,0,0,0,0,10,7,-1,0,0,0,0,-1,-1,-1,18,0,723,-1,-1,-1,-1,-1,-1,2,0,0,0,0,0,3,0,23,3,7,41.77287064,-87.64475378
0,334709,-1,35,1,2,0,3,12,3,4,0,0,0,0,-1,-1,1,0,0,833,-1,-1,-1,-1,-1,-1,2,0,0,0,0,0,2,0,23,3,7,41.74976023,-87.71656131
0,334441,-1,30,2,2,0,3,0,5,1,0,0,0,0,1,-1,1,17,-1,1622,-1,-1,-1,-1,-1,-1,2,0,0,0,0,0,4,0,23,3,7,41.96850165,-87.78694512
0,334450,-1,30,2,2,0,3,12,2,10,0,0,0,0,-1,-1,-1,8,21,1934,-1,-1,-1,-1,-1,-1,2,0,0,0,0,0,2,0,23,3,7,41.9328287,-87.64508035
0,334440,-1,30,1,2,0,3,10,3,3,0,0,0,0,-1,-1,1,20,20,114,-1,-1,-1,-1,-1,-1,2,0,0,0,0,0,6,0,23,3,7,41.88696296,-87.62439359
1,334433,-1,30,1,2,0,3,0,6,2,0,0,0,1,1,-1,-1,6,-1,1225,-1,-1,-1,-1,-1,-1,2,1,0,0,0,1,2,0,23,3,7,41.87513098,-87.67651098
0,334683,-1,30,0,0,0,0,7,5,2,0,0,0,0,-1,-1,-1,0,-1,1224,-1,-1,-1,-1,-1,-1,2,0,0,0,0,0,1,0,23,3,7,41.88371508,-87.65106665
0,334404,-1,30,0,0,0,3,2,12,1,0,0,0,1,-1,-1,-1,13,0,1733,-1,-1,-1,-1,-1,-1,1,0,0,0,0,0,1,0,23,3,7,41.93948745,-87.70018197
0,334483,1,30,1,1,0,3,14,2,-1,0,0,0,1,1,-1,-1,17,-1,624,-1,-1,-1,-1,-1,-1,2,0,0,0,0,0,2,0,23,3,7,41.75666358,-87.60548737
0,337562,-1,30,0,0,2,3,12,6,5,0,1,0,0,-1,-1,1,0,0,1224,-1,-1,-1,-1,-1,-1,2,0,0,0,0,0,2,0,23,3,7,41.8831927,-87.65096297
2,334399,-1,30,2,2,0,3,0,6,1,0,0,-1,1,1,-1,1,5,17,725,-1,1,-1,-1,-1,-1,2,1,0,0,1,0,1,0,22,3,7,41.77589535,-87.66773618
0,334408,-1,30,0,0,0,0,7,5,2,0,0,0,0,-1,-1,-1,0,0,2223,-1,-1,-1,-1,-1,-1,2,0,0,0,0,0,1,0,22,3,7,41.7191007,-87.64543652
0,334400,-1,30,0,0,0,3,12,5,2,0,0,-1,0,-1,-1,-1,22,0,1434,-1,-1,-1,-1,-1,-1,2,0,0,0,0,0,4,0,22,3,7,41.91058364,-87.67810342
0,334388,-1,30,0,0,0,3,7,5,2,0,0,0,1,-1,-1,-1,0,-1,131,-1,-1,-1,-1,-1,-1,3,0,0,0,0,0,1,0,22,3,7,41.86249546,-87.62716109
0,334379,-1,30,1,2,0,3,10,2,4,0,0,0,0,-1,-1,-1,16,16,832,-1,-1,-1,-1,-1,-1,2,0,0,0,0,0,3,0,22,3,7,41.76842012,-87.68349303
0,334357,-1,35,0,0,0,0,14,12,-1,0,0,-1,0,-1,1,-1,0,0,2515,-1,-1,-1,-1,-1,-1,2,0,0,0,0,0,2,0,22,3,7,41.92406554,-87.76758238
0,344513,-1,40,0,0,0,3,2,3,8,0,0,0,1,-1,-1,0,0,-1,1934,-1,-1,-1,-1,-1,-1,1,0,0,0,0,0,2,0,22,3,7,41.93715228,-87.6346746
2,334371,-1,30,0,0,0,3,14,5,4,0,0,0,1,-1,-1,-1,23,35,1111,-1,-1,-1,-1,-1,-1,2,1,0,0,1,0,1,0,22,3,7,41.89511547,-87.74569575
3,334356,-1,40,1,2,0,3,10,3,-1,0,0,0,1,-1,-1,-1,18,-1,1833,-1,-1,-1,-1,-1,-1,2,1,0,1,0,0,2,0,22,3,7,41.89682805,-87.6172077
0,334377,-1,30,1,2,0,3,10,5,4,0,0,0,0,1,-1,-1,16,-1,1733,-1,-1,-1,-1,-1,-1,2,0,0,0,0,0,2,0,22,3,7,41.93940576,-87.70785074
0,334409,-1,15,0,0,0,-1,2,12,0,2,0,-1,1,-1,1,-1,0,0,823,-1,-1,-1,-1,-1,-1,1,0,0,0,0,0,1,0,22,3,7,41.7778409,-87.69686931
0,334397,-1,30,1,2,0,3,10,2,4,0,0,0,0,-1,-1,-1,7,18,924,-1,-1,-1,-1,-1,-1,2,0,0,0,0,0,3,0,22,3,7,41.81774274,-87.66533501
0,334364,-1,30,1,2,0,3,10,1,3,0,0,0,0,-1,-1,-1,9,18,1411,-1,-1,-1,-1,-1,-1,3,0,0,0,0,0,3,0,22,3,7,41.93280935,-87.69778116
0,339451,1,30,0,0,0,3,14,2,1,0,0,0,0,1,-1,-1,22,-1,1012,1,-1,-1,-1,-1,-1,2,0,0,0,0,0,2,0,22,3,7,41.85336714,-87.72494699
0,334368,-1,30,0,0,0,0,7,7,-1,0,0,0,0,-1,1,1,0,-1,1634,-1,-1,-1,-1,-1,-1,2,0,0,0,0,0,1,0,22,3,7,41.95039106,-87.74737867
0,334337,-1,30,0,0,0,3,14,2,2,0,0,0,0,-1,-1,-1,23,-1,321,-1,-1,-1,-1,-1,-1,2,0,0,0,0,0,3,0,22,3,7,41.77293835,-87.61110347
0,334366,-1,30,0,0,0,0,12,6,2,0,0,0,0,-1,-1,-1,21,0,111,-1,-1,-1,-1,-1,-1,2,0,0,0,0,0,2,0,21,3,7,41.8833291,-87.62681993
0,334347,-1,30,1,2,0,3,12,2,4,0,0,-1,0,0,-1,1,22,17,1832,-1,-1,-1,-1,-1,-1,2,0,0,0,0,0,2,0,21,3,7,41.89590135,-87.62961369
0,334341,-1,30,10,2,0,3,14,2,-1,0,0,0,0,-1,-1,-1,23,21,1934,-1,-1,-1,-1,-1,-1,2,0,0,0,0,0,2,0,21,3,7,41.93886979,-87.6490865
0,334318,-1,30,-1,-1,0,3,10,-1,1,0,-1,-1,0,1,-1,-1,7,-1,623,-1,1,-1,-1,-1,-1,2,0,0,0,0,0,6,0,21,3,7,41.75091814,-87.62469012
3,335529,-1,30,2,2,2,3,9,5,2,0,1,0,1,-1,-1,1,-1,-1,813,-1,-1,-1,-1,-1,-1,2,1,0,1,0,0,1,0,21,3,7,41.78417991,-87.72521331
0,334350,-1,30,0,0,0,3,12,5,3,0,0,0,0,-1,-1,-1,0,-1,122,-1,-1,-1,-1,-1,-1,2,0,0,0,0,0,2,0,21,3,7,41.87845408,-87.63535775
0,334289,-1,30,2,2,0,0,0,5,2,0,0,0,1,1,-1,-1,5,-1,1913,-1,-1,-1,-1,-1,-1,2,0,0,0,0,0,2,0,21,3,7,41.96523758,-87.66094999
0,334301,-1,45,0,0,0,0,12,3,5,2,0,0,0,-1,-1,1,21,0,132,-1,-1,-1,-1,-1,-1,2,0,0,0,0,0,2,0,21,3,7,41.85660633,-87.61563784
0,334331,-1,5,0,0,0,0,7,7,0,0,0,-1,0,-1,1,1,0,0,2413,-1,-1,-1,-1,-1,-1,4,0,0,0,0,0,1,0,21,3,7,41.99495433,-87.69969785
0,337020,-1,20,0,0,0,1,2,2,2,0,0,0,1,-1,-1,-1,0,0,2412,-1,-1,-1,-1,-1,-1,1,0,0,0,0,0,1,0,21,3,7,42.00029641,-87.6780657
0,334816,-1,30,0,0,0,1,7,5,1,0,0,0,0,-1,-1,1,0,-1,235,-1,-1,-1,-1,-1,-1,2,0,0,0,0,0,1,0,21,3,7,41.79139797,-87.59092095
0,334308,-1,35,0,0,0,3,7,7,-1,0,0,0,0,-1,1,1,0,0,2211,-1,-1,-1,-1,-1,-1,2,0,0,0,0,0,1,0,21,3,7,41.70218656,-87.68163354
0,334272,-1,35,0,0,0,3,0,2,1,0,0,0,1,-1,-1,-1,23,0,1811,-1,-1,-1,-1,-1,-1,2,0,0,0,0,0,2,0,20,3,7,41.91442371,-87.65462784
0,336859,-1,30,1,2,0,3,14,5,2,0,0,0,0,-1,-1,1,0,0,1522,-1,-1,-1,-1,-1,-1,2,0,0,0,0,0,4,0,20,3,7,41.8807408,-87.75522603
0,334255,-1,30,0,0,0,1,7,5,-1,0,0,0,0,-1,-1,-1,20,-1,835,-1,-1,-1,-1,-1,-1,2,0,0,0,0,0,1,0,20,3,7,41.74876717,-87.69488928
0,334249,-1,30,0,0,0,4,7,5,2,0,0,0,0,-1,-1,-1,25,11,1113,-1,-1,-1,-1,-1,-1,3,0,0,0,0,0,1,0,20,3,7,41.88438644,-87.74155307
0,334247,-1,20,0,0,0,0,0,5,2,0,0,0,1,1,-1,-1,16,11,2211,-1,-1,-1,-1,-1,-1,2,0,0,0,0,0,3,0,20,3,7,41.70418814,-87.70490038
0,334425,-1,40,3,0,0,4,12,3,8,0,-1,-1,0,-1,-1,1,0,-1,1814,-1,-1,-1,-1,-1,-1,2,0,0,0,0,0,3,0,20,3,7,41.91122456,-87.62648257
0,334362,-1,25,1,2,0,3,12,3,-1,0,0,0,0,-1,-1,-1,21,21,1831,-1,-1,-1,-1,-1,-1,2,0,0,0,0,0,2,0,20,3,7,41.89328078,-87.63528842
0,334260,-1,30,0,0,0,1,2,4,-1,0,0,0,1,-1,-1,1,0,-1,211,-1,-1,-1,-1,-1,-1,1,0,0,0,0,0,1,0,20,3,7,41.83676852,-87.62908084
0,334775,-1,30,0,0,0,1,10,5,1,0,0,0,0,-1,-1,-1,20,-1,1724,-1,-1,-1,-1,-1,-1,2,0,0,0,0,0,2,0,20,3,7,41.960939,-87.71083704
0,334227,-1,30,1,5,0,0,10,5,-1,0,0,0,0,1,-1,-1,18,-1,1633,-1,-1,-1,-1,-1,-1,2,0,0,0,0,0,3,0,20,3,7,41.94591949,-87.76690459
0,335523,-1,30,1,2,0,3,10,5,2,0,0,0,0,-1,-1,-1,18,-1,1224,-1,-1,-1,-1,-1,-1,2,0,0,0,0,0,2,0,20,3,7,41.88316574,-87.64755165
0,334480,0,0,0,0,0,0,7,5,-1,0,0,0,0,-1,-1,1,-1,-1,222,-1,-1,-1,-1,-1,-1,2,0,0,0,0,0,1,0,20,3,7,41.8040063,-87.60296169
0,334325,1,0,0,0,0,4,7,7,-1,0,0,0,0,-1,1,-1,0,-1,1412,-1,-1,-1,-1,-1,-1,2,0,0,0,0,0,1,0,20,3,7,41.93920656,-87.7091716
0,334250,-1,30,1,2,0,1,12,5,-1,0,0,-1,0,-1,-1,1,11,-1,832,-1,-1,-1,-1,-1,-1,2,0,0,0,0,0,2,0,20,3,7,41.76460891,-87.68338705
0,334207,-1,30,0,0,0,1,7,5,-1,0,0,0,1,-1,-1,-1,8,11,533,-1,-1,-1,-1,-1,-1,2,0,0,0,0,0,1,0,19,3,7,41.64561893,-87.6155514
0,334300,-1,30,0,0,0,3,14,5,-1,0,0,0,0,-1,-1,-1,23,-1,2515,-1,-1,-1,-1,-1,-1,2,0,0,0,0,0,2,0,19,3,7,41.92018907,-87.77297845
0,334238,-1,30,2,2,0,1,7,6,-1,0,0,0,0,-1,-1,1,0,-1,2523,-1,-1,-1,-1,-1,-1,2,0,0,0,0,0,3,0,19,3,7,41.93208058,-87.72469163
0,334190,-1,30,0,12,0,1,12,3,6,0,0,0,0,-1,-1,-1,-1,-1,113,-1,-1,-1,-1,-1,-1,2,0,0,0,0,0,2,0,19,3,7,41.87624813,-87.62441919
0,334158,-1,30,0,0,0,1,0,5,1,0,0,0,0,-1,-1,-1,-1,-1,1421,-1,-1,-1,-1,-1,-1,3,0,0,0,0,0,2,0,19,3,7,41.91198072,-87.69260475
0,334187,-1,30,0,0,0,1,14,5,-1,0,0,0,0,-1,-1,-1,0,0,1834,-1,-1,-1,-1,-1,-1,2,0,0,0,0,0,3,0,19,3,7,41.88911847,-87.61775488
0,334177,-1,30,0,0,0,1,10,7,-1,2,0,0,0,-1,1,-1,20,-1,131,-1,-1,-1,-1,-1,-1,2,0,0,0,0,0,3,0,19,3,7,41.86683145,-87.62566961
0,334185,-1,30,0,0,0,1,10,5,2,0,0,0,0,-1,-1,-1,18,-1,1731,-1,-1,-1,-1,-1,-1,2,0,0,0,0,0,2,0,19,3,7,41.94498163,-87.72750592
0,334293,1,30,2,2,0,1,10,5,2,0,0,0,1,-1,-1,-1,16,18,2514,-1,-1,-1,-1,-1,-1,4,0,0,0,0,0,4,0,19,3,7,41.93338618,-87.75664079
2,334217,-1,40,-1,-1,0,4,12,5,4,0,0,0,1,-1,-1,1,18,-1,412,-1,-1,-1,-1,-1,-1,2,1,0,0,1,0,3,0,19,3,7,41.74415164,-87.58594507
2,334188,-1,30,0,0,0,1,9,5,-1,0,0,0,1,-1,-1,1,25,0,833,-1,-1,-1,-1,-1,-1,2,1,0,0,1,0,1,0,19,3,7,41.77125351,-87.72327231
0,334155,-1,30,1,2,0,1,10,5,2,0,0,0,0,-1,-1,1,18,0,1622,-1,-1,-1,-1,-1,-1,2,0,0,0,0,0,2,0,19,3,7,41.97554767,-87.7859288
2,334167,-1,20,0,0,0,1,9,6,-1,0,0,0,1,-1,-1,-1,16,-1,812,-1,-1,-1,-1,-1,-1,2,1,0,0,1,0,1,0,19,3,7,41.77881729,-87.76527375
0,334926,-1,30,0,0,0,1,7,5,-1,0,0,0,0,-1,-1,-1,17,18,1622,-1,-1,-1,-1,-1,-1,2,0,0,0,0,0,4,0,19,3,7,41.97818267,-87.78529954
0,334186,-1,30,0,0,0,1,0,6,-1,0,0,0,0,-1,-1,1,17,0,211,-1,-1,-1,-1,-1,-1,2,0,0,0,0,0,2,0,19,3,7,41.83119517,-87.62191356
0,334143,-1,30,2,0,0,1,0,1,-1,0,0,0,0,1,-1,-1,17,16,324,-1,-1,-1,1,-1,-1,2,0,0,0,0,0,4,0,18,3,7,41.76054115,-87.58633028
0,334214,-1,30,0,0,0,1,8,5,-1,0,0,0,0,-1,-1,-1,0,0,1925,-1,-1,1,-1,-1,-1,2,0,0,0,0,0,2,0,18,3,7,41.94375169,-87.64491582
0,334135,-1,30,0,0,0,1,2,12,-1,0,0,0,0,-1,-1,-1,7,-1,724,-1,-1,-1,-1,-1,-1,1,0,0,0,0,0,1,0,18,3,7,41.77646176,-87.65426785
0,334160,-1,25,0,0,0,1,7,2,2,0,0,0,0,-1,-1,1,0,0,831,-1,-1,-1,-1,-1,-1,2,0,0,0,0,0,1,0,18,3,7,41.76449197,-87.68911151
0,334153,-1,30,0,0,0,1,10,2,-1,0,0,0,0,-1,-1,-1,18,11,132,-1,-1,-1,-1,-1,-1,2,0,0,0,0,0,3,0,18,3,7,41.85318161,-87.62367887
0,334136,-1,30,2,-1,0,1,0,2,-1,0,0,0,1,1,-1,-1,5,0,1235,-1,-1,-1,-1,-1,-1,2,0,0,0,0,0,2,0,18,3,7,-1,-1
0,334121,-1,30,0,-1,0,2,10,5,4,0,0,0,1,-1,-1,-1,25,11,1631,-1,0,-1,-1,-1,-1,3,0,0,0,0,0,4,0,18,3,7,41.95000474,-87.81542926
0,334127,-1,0,1,2,0,1,10,5,1,0,0,0,0,-1,-1,-1,0,0,224,-1,-1,-1,-1,-1,-1,2,0,0,0,0,0,2,0,18,3,7,41.80196907,-87.62990032
0,334095,-1,30,0,0,0,1,10,5,1,0,0,0,0,0,-1,-1,18,22,1513,-1,-1,-1,-1,-1,-1,3,0,0,0,0,0,4,0,18,3,7,41.87745199,-87.76490796
0,342693,-1,30,0,0,0,1,5,5,-1,0,0,0,0,-1,-1,-1,0,0,1123,-1,-1,-1,-1,-1,-1,1,0,0,0,0,0,1,0,18,3,7,41.8844685,-87.70633792
0,334334,-1,30,0,0,0,1,12,6,1,0,0,0,0,-1,-1,1,22,25,823,-1,-1,-1,-1,-1,-1,2,0,0,0,0,0,2,0,18,3,7,41.78259021,-87.7117642
0,334239,-1,30,1,2,0,1,14,12,0,2,0,-1,0,1,-1,1,16,17,411,-1,-1,-1,-1,-1,-1,2,0,0,0,0,0,3,0,18,3,7,41.75871547,-87.58628097
2,334321,-1,30,0,0,0,1,14,5,4,0,0,0,1,-1,-1,-1,23,-1,1621,-1,-1,-1,-1,-1,-1,2,1,0,0,1,0,1,0,18,3,7,41.9817143,-87.74833377
0,334097,-1,30,1,2,0,1,14,3,2,0,0,0,0,-1,-1,1,0,16,1912,-1,-1,-1,-1,-1,-1,2,0,0,0,0,0,4,0,18,3,7,41.95427019,-87.678485
0,334129,-1,30,1,2,0,1,11,5,5,0,0,0,0,1,-1,1,20,0,1932,-1,-1,-1,-1,-1,-1,2,0,0,0,0,0,3,0,18,3,7,41.92556279,-87.64882364
0,334132,-1,30,2,2,0,1,10,5,-1,0,0,0,0,1,-1,-1,0,0,1811,-1,-1,-1,-1,-1,-1,2,0,0,0,0,0,2,0,18,3,7,41.92161062,-87.65463971
0,334120,-1,40,0,0,0,1,10,3,8,0,0,0,0,-1,-1,-1,0,-1,1824,-1,-1,-1,-1,-1,-1,2,0,0,0,0,0,2,0,18,3,7,41.90095892,-87.61992817
0,338457,-1,35,1,2,0,1,10,5,-1,0,-1,0,0,-1,-1,-1,18,-1,1931,-1,-1,-1,-1,-1,-1,2,0,0,0,0,0,2,0,18,3,7,41.92526057,-87.66820647
0,334268,-1,30,1,2,0,1,10,2,-1,0,0,0,0,-1,-1,-1,18,0,412,-1,-1,-1,-1,-1,-1,2,0,0,0,0,0,2,0,18,3,7,41.73696313,-87.57586271
0,334114,-1,30,0,0,0,1,10,2,4,0,0,0,0,-1,-1,-1,0,0,922,-1,-1,-1,-1,-1,-1,2,0,0,0,0,0,2,0,18,3,7,41.81020698,-87.6846363
0,334087,-1,30,0,2,0,1,12,5,2,0,0,0,0,-1,-1,-1,11,-1,1221,-1,-1,-1,-1,-1,-1,2,0,0,0,0,0,2,0,18,3,7,41.89005312,-87.68652772
0,334079,-1,30,1,-1,0,1,10,2,4,0,0,3,0,-1,-1,-1,16,-1,1433,-1,-1,-1,-1,-1,-1,2,0,0,0,0,0,2,0,18,3,7,41.91772863,-87.66775623
0,352474,-1,30,1,2,0,4,0,6,2,0,0,0,0,1,-1,-1,11,0,323,-1,-1,-1,-1,-1,-1,2,0,0,0,0,0,2,0,18,3,7,41.7653974,-87.62475729
0,334193,1,20,0,0,0,1,7,6,1,0,0,0,0,-1,-1,1,0,-1,1925,-1,-1,-1,-1,-1,-1,2,0,0,0,0,0,1,0,18,3,7,41.94354122,-87.64722126
0,334142,-1,10,0,0,0,1,7,7,-1,0,0,0,0,-1,-1,1,0,-1,1632,-1,-1,-1,-1,-1,-1,2,0,0,0,0,0,1,0,18,3,7,41.95302475,-87.78668324
0,334076,-1,30,2,2,0,1,0,2,-1,0,0,0,0,-1,-1,-1,16,17,934,-1,-1,-1,-1,-1,-1,2,0,0,0,0,0,2,0,17,3,7,41.80132602,-87.66249306
0,336073,-1,15,0,0,0,1,7,7,1,0,0,0,0,-1,1,1,0,19,833,-1,-1,-1,-1,-1,-1,2,0,0,0,0,0,1,0,17,3,7,41.76415074,-87.7222113
0,334035,-1,25,2,2,0,1,0,5,-1,0,0,0,0,-1,-1,-1,17,-1,413,-1,-1,-1,-1,-1,-1,2,0,0,0,0,0,3,0,17,3,7,41.72786176,-87.5744209
0,334067,-1,30,0,0,0,1,14,5,-1,0,0,-1,0,-1,-1,-1,17,-1,1623,-1,-1,-1,-1,-1,-1,2,0,0,0,0,0,2,0,17,3,7,41.9702142,-87.76425541
0,334072,-1,30,0,0,0,1,7,2,2,0,0,0,1,-1,-1,1,22,-1,131,-1,-1,-1,-1,-1,-1,2,0,0,0,0,0,1,0,17,3,7,41.86110968,-87.62582934
0,334069,-1,25,0,0,0,1,14,3,4,0,0,0,1,1,-1,1,10,17,131,-1,-1,-1,-1,-1,-1,2,0,0,0,0,0,4,0,17,3,7,41.86076639,-87.6255254
0,334220,-1,30,0,0,0,1,10,3,8,0,-1,-1,0,-1,-1,-1,18,18,1925,-1,-1,-1,-1,-1,-1,3,0,0,0,0,0,4,0,17,3,7,41.9404429,-87.63863354
0,334012,-1,30,0,0,0,1,12,5,4,0,0,0,0,-1,-1,-1,17,16,913,-1,-1,-1,-1,-1,-1,2,0,0,0,0,0,2,0,17,3,7,41.84281405,-87.65580531
0,333998,-1,20,0,0,0,1,12,5,1,0,0,0,0,1,-1,-1,17,-1,2211,-1,-1,-1,-1,-1,-1,2,0,0,0,0,0,2,0,17,3,7,41.69304704,-87.71811254