MOST_SEVERE_INJURY,RD_NO,CRASH_DATE_EST_I,POSTED_SPEED_LIMIT,TRAFFIC_CONTROL_DEVICE,DEVICE_CONDITION,WEATHER_CONDITION,LIGHTING_CONDITION,FIRST_CRASH_TYPE,TRAFFICWAY_TYPE,LANE_CNT,ALIGNMENT,ROADWAY_SURFACE_COND,ROAD_DEFECT,CRASH_TYPE,INTERSECTION_RELATED_I,NOT_RIGHT_OF_WAY_I,HIT_AND_RUN_I,PRIM_CONTRIBUTORY_CAUSE,SEC_CONTRIBUTORY_CAUSE,BEAT_OF_OCCURRENCE,PHOTOS_TAKEN_I,STATEMENTS_TAKEN_I,DOORING_I,WORK_ZONE_I,WORK_ZONE_TYPE,WORKERS_PRESENT_I,NUM_UNITS,INJURIES_TOTAL,INJURIES_FATAL,INJURIES_INCAPACITATING,INJURIES_NON_INCAPACITATING,INJURIES_REPORTED_NOT_EVIDENT,INJURIES_NO_INDICATION,INJURIES_UNKNOWN,CRASH_HOUR,CRASH_DAY_OF_WEEK,CRASH_MONTH,LATITUDE,LONGITUDE
0,334002,-1,10,0,0,0,1,11,7,1,0,0,0,0,-1,1,-1,25,-1,412,-1,-1,-1,-1,-1,-1,2,0,0,0,0,0,2,0,17,3,7,41.73626789,-87.58506397
0,334107,-1,30,1,2,0,1,14,5,2,2,0,0,0,-1,-1,-1,17,16,2222,-1,-1,-1,1,2,-1,2,0,0,0,0,0,3,0,17,3,7,41.73582307,-87.65348884
0,334093,-1,25,0,0,0,1,10,2,2,0,0,0,0,-1,-1,-1,0,0,834,-1,-1,-1,-1,-1,-1,2,0,0,0,0,0,2,0,17,3,7,41.74928763,-87.72426595
2,334065,-1,30,1,2,0,1,10,2,-1,0,0,0,1,-1,-1,-1,18,0,434,-1,-1,-1,-1,-1,-1,2,1,0,0,1,0,1,0,17,3,7,41.67365319,-87.55748981
0,334054,-1,30,1,2,0,1,12,5,2,0,0,0,0,1,-1,-1,17,0,1921,-1,-1,-1,-1,-1,-1,2,0,0,0,0,0,2,0,17,3,7,41.95384923,-87.68831486
0,334047,-1,45,0,0,0,1,10,3,-1,5,0,0,0,-1,-1,-1,0,0,1925,-1,-1,-1,-1,-1,-1,3,0,0,0,0,0,3,0,17,3,7,41.94229822,-87.63987096
0,334014,-1,35,1,2,0,1,14,6,2,0,0,0,1,1,-1,-1,23,-1,1222,-1,-1,-1,-1,-1,-1,2,0,0,0,0,0,2,0,17,3,7,41.88295571,-87.70137835
0,334055,1,30,0,0,0,-1,7,7,0,0,0,0,0,-1,1,1,0,-1,1732,-1,-1,-1,-1,-1,-1,2,0,0,0,0,0,1,0,17,3,7,41.94488107,-87.71280509
0,334781,-1,30,0,0,0,1,0,2,2,2,0,0,0,-1,-1,-1,0,-1,211,-1,-1,-1,-1,-1,-1,2,0,0,0,0,0,2,0,17,3,7,41.83119241,-87.6192892
0,335260,-1,35,0,0,0,1,7,5,2,0,0,0,0,-1,-1,-1,0,0,733,-1,-1,-1,-1,-1,-1,2,0,0,0,0,0,1,0,17,3,7,41.76347825,-87.64524809
0,334062,-1,30,0,0,0,1,10,2,2,0,0,0,1,-1,-1,-1,16,-1,215,-1,-1,-1,-1,-1,-1,2,0,0,0,0,0,4,0,17,3,7,41.81641927,-87.62365734
0,334009,-1,30,0,0,0,1,10,5,2,0,0,0,0,-1,-1,-1,18,-1,632,-1,-1,-1,-1,-1,-1,2,0,0,0,0,0,2,0,17,3,7,41.73637611,-87.61790304
0,333999,-1,15,0,0,0,1,7,6,1,0,0,0,1,-1,0,-1,11,8,2213,-1,-1,-1,-1,-1,-1,2,0,0,0,0,0,1,0,17,3,7,41.71589921,-87.65884444
0,333980,-1,30,0,0,0,1,12,6,2,0,0,0,0,-1,-1,1,0,0,1834,-1,-1,-1,-1,-1,-1,2,0,0,0,0,0,2,0,17,3,7,41.89347305,-87.62260011
0,333967,-1,30,2,2,0,1,14,5,4,0,0,0,0,1,-1,-1,0,0,813,-1,-1,-1,-1,-1,-1,2,0,0,0,0,0,4,0,17,3,7,41.79305823,-87.72943266
0,334080,-1,35,0,0,0,1,12,5,-1,0,0,0,0,-1,-1,1,21,0,1924,-1,-1,-1,-1,-1,-1,2,0,0,0,0,0,2,0,17,3,7,41.9399614,-87.65815333
2,333977,-1,30,0,0,0,1,8,5,2,0,0,0,1,-1,-1,-1,17,11,1722,-1,-1,1,-1,-1,-1,2,1,0,0,1,0,1,0,17,3,7,41.96190031,-87.73132363
0,333997,-1,30,0,0,0,1,9,5,2,0,0,0,0,-1,-1,-1,17,4,1924,-1,-1,-1,-1,-1,-1,2,0,0,0,0,0,2,0,17,3,7,41.94574252,-87.65551181
0,334000,-1,30,0,0,0,1,10,5,2,2,0,0,0,-1,-1,-1,16,11,524,-1,-1,-1,-1,-1,-1,2,0,0,0,0,0,2,0,17,3,7,41.68476081,-87.65931463
0,333935,-1,30,3,1,0,1,12,3,-1,0,0,0,0,1,-1,-1,0,0,634,-1,-1,-1,-1,-1,-1,2,0,0,0,0,0,2,0,17,3,7,41.72171936,-87.63216214
0,336072,-1,15,0,0,0,1,7,7,-1,0,0,0,0,-1,-1,-1,17,18,2033,-1,-1,-1,-1,-1,-1,2,0,0,0,0,0,1,0,17,3,7,41.97221356,-87.6596091
0,334766,-1,30,0,0,0,1,10,5,-1,0,1,0,0,-1,-1,-1,0,-1,1412,-1,-1,-1,-1,-1,-1,2,0,0,0,0,0,2,0,17,3,7,41.93160611,-87.71179536
0,334189,-1,30,0,0,0,1,7,6,1,0,0,0,0,-1,-1,1,0,-1,1912,-1,-1,-1,-1,-1,-1,2,0,0,0,0,0,1,0,17,3,7,41.96573661,-87.67237534
0,334066,-1,30,1,2,0,1,10,2,2,0,0,0,0,-1,-1,-1,18,0,612,-1,-1,-1,-1,-1,-1,2,0,0,0,0,0,2,0,17,3,7,41.75592679,-87.65402522
0,334053,-1,30,0,0,0,1,2,12,-1,0,0,1,0,-1,-1,-1,-1,-1,321,-1,-1,-1,-1,-1,-1,1,0,0,0,0,0,1,0,17,3,7,41.77497371,-87.59467243
1,333981,-1,30,1,2,0,1,10,5,6,0,-1,-1,1,1,-1,-1,18,18,1924,-1,-1,-1,-1,-1,-1,2,1,0,0,0,1,7,0,17,3,7,41.94441893,-87.65439047
0,333969,-1,10,0,0,0,1,7,7,-1,0,-1,-1,0,-1,1,-1,17,-1,915,-1,-1,-1,-1,-1,-1,2,0,0,0,0,0,2,0,17,3,7,41.83802904,-87.6390328
0,333961,-1,25,0,0,0,1,7,2,1,0,0,0,0,-1,-1,1,0,0,833,-1,-1,-1,-1,-1,-1,2,0,0,0,0,0,1,0,17,3,7,41.77247602,-87.71315668
2,333958,-1,20,0,0,0,1,8,6,1,0,0,-1,1,-1,-1,-1,0,0,2433,-1,-1,-1,-1,-1,-1,2,1,0,0,1,0,1,0,17,3,7,41.99562002,-87.65683618
2,333908,-1,30,0,0,0,1,10,5,2,0,0,0,1,-1,-1,-1,16,18,611,-1,-1,-1,-1,-1,-1,2,1,0,0,1,0,1,0,17,3,7,41.75020663,-87.66667887
0,333964,1,20,0,0,0,1,7,6,1,0,0,0,0,-1,-1,-1,0,-1,1922,-1,-1,-1,-1,-1,-1,2,0,0,0,0,0,1,0,16,3,7,41.94988503,-87.66786707
0,333986,-1,30,0,0,0,1,10,5,2,0,0,0,1,-1,-1,-1,11,0,1412,0,0,-1,-1,-1,-1,2,0,0,0,0,0,2,0,16,3,7,41.93265694,-87.7130561
0,333922,-1,35,2,2,0,1,0,6,1,0,0,0,1,1,-1,-1,5,0,1115,-1,-1,-1,-1,-1,-1,2,0,0,0,0,0,2,0,16,3,7,41.87981075,-87.7306658
0,333896,1,30,0,0,0,1,0,5,2,0,0,0,0,-1,-1,-1,17,-1,1122,-1,-1,-1,-1,-1,-1,2,0,0,0,0,0,3,0,16,3,7,41.88085797,-87.72400444
0,333944,-1,30,1,2,0,1,14,5,4,0,0,0,1,1,-1,-1,17,33,1231,-1,-1,-1,-1,-1,-1,2,0,0,0,0,0,2,0,16,3,7,41.87438864,-87.65695889
0,334262,-1,30,1,2,0,1,14,5,4,0,0,0,0,1,-1,1,16,0,1712,-1,-1,-1,-1,-1,-1,2,0,0,0,0,0,2,0,16,3,7,41.96835129,-87.72809167
0,334090,-1,30,1,2,0,1,10,5,2,0,0,0,0,-1,-1,1,0,0,411,-1,-1,-1,-1,-1,-1,2,0,0,0,0,0,2,0,16,3,7,41.75871547,-87.58628097
0,333972,-1,30,0,0,0,1,0,5,2,0,0,0,1,1,-1,-1,0,0,1733,-1,-1,-1,-1,-1,-1,3,0,0,0,0,0,3,0,16,3,7,41.94675538,-87.70543091
0,333929,-1,35,2,2,0,1,0,2,5,0,0,0,1,1,-1,-1,17,22,833,-1,-1,-1,-1,-1,-1,2,0,0,0,0,0,3,0,16,3,7,41.77050637,-87.72240759
0,333916,-1,30,0,0,0,1,2,5,2,0,0,0,1,-1,-1,-1,11,-1,2525,-1,-1,-1,-1,-1,-1,1,0,0,0,0,0,1,0,16,3,7,41.92094372,-87.72586291
2,333888,-1,30,0,0,0,1,9,5,2,0,0,-1,1,1,-1,-1,16,-1,323,-1,1,-1,-1,-1,-1,2,1,0,0,1,0,1,0,16,3,7,41.75848754,-87.61678716
2,333691,-1,30,2,2,0,1,8,5,-1,0,0,0,1,1,-1,-1,0,-1,1733,-1,-1,-1,-1,-1,-1,2,1,0,0,1,0,1,0,16,3,7,41.95384055,-87.70664462
1,333899,-1,30,2,2,0,1,0,5,-1,0,0,0,1,1,-1,-1,0,-1,1222,-1,-1,-1,-1,-1,-1,2,1,0,0,0,1,2,0,16,3,7,41.88640117,-87.69876844
0,334363,-1,30,1,2,0,1,12,5,-1,0,0,0,0,-1,-1,-1,-1,-1,2211,-1,-1,-1,-1,-1,-1,2,0,0,0,0,0,2,0,16,3,7,41.70578558,-87.72076589
0,334060,-1,0,0,0,0,1,7,6,1,0,0,0,0,-1,-1,-1,20,-1,621,-1,-1,-1,-1,-1,-1,3,0,0,0,0,0,1,0,16,3,7,41.75119859,-87.64298375
0,334018,-1,30,0,0,0,1,14,5,-1,0,0,0,1,-1,-1,-1,17,-1,1631,-1,-1,-1,-1,-1,-1,2,0,0,0,0,0,2,0,16,3,7,41.95170884,-87.80737706
0,333987,-1,30,0,0,0,1,7,7,-1,0,0,0,0,-1,-1,1,0,0,821,-1,-1,-1,-1,-1,-1,2,0,0,0,0,0,1,0,16,3,7,41.80640548,-87.70407308
0,333955,-1,30,0,0,0,1,7,7,-1,0,0,0,0,-1,-1,1,0,-1,2521,-1,-1,-1,-1,-1,-1,2,0,0,0,0,0,1,0,16,3,7,41.93146944,-87.74301063
0,333954,-1,30,1,2,0,1,0,5,-1,0,0,-1,0,-1,-1,-1,11,-1,822,-1,-1,-1,-1,-1,-1,2,0,0,0,0,0,2,0,16,3,7,41.79223964,-87.72298393
2,333947,-1,30,0,-1,0,1,9,2,2,0,0,-1,1,-1,-1,1,0,0,2431,-1,-1,-1,-1,-1,-1,2,1,0,0,1,0,1,0,16,3,7,42.00546903,-87.67162427
0,333945,-1,25,0,0,0,1,10,2,4,0,0,0,0,-1,-1,-1,0,0,813,-1,-1,-1,-1,-1,-1,2,0,0,0,0,0,2,0,16,3,7,41.77833539,-87.74243649
0,333925,-1,30,2,-1,0,1,14,5,2,0,-1,-1,0,-1,-1,-1,0,0,2531,-1,-1,-1,-1,-1,-1,2,0,0,0,0,0,6,0,16,3,7,41.90765438,-87.76599796
0,333885,-1,30,0,0,0,1,0,7,-1,0,0,-1,0,-1,-1,-1,17,0,614,-1,-1,-1,-1,-1,-1,2,0,0,0,0,0,2,0,16,3,7,41.74298409,-87.66339656
0,333868,-1,30,0,0,0,1,10,5,-1,0,0,0,0,-1,-1,-1,-1,-1,621,-1,-1,-1,-1,-1,-1,2,0,0,0,0,0,2,0,16,3,7,41.75076935,-87.64288577
1,334039,-1,30,0,0,0,1,0,5,2,0,0,0,1,1,-1,-1,17,0,2511,-1,-1,-1,-1,-1,-1,3,1,0,0,0,1,3,0,16,3,7,41.93292043,-87.78590069
0,333960,-1,30,0,0,0,1,7,5,2,0,0,0,0,-1,-1,1,0,0,632,-1,-1,-1,-1,-1,-1,2,0,0,0,0,0,1,0,16,3,7,41.7439316,-87.5995334
0,333875,-1,35,1,2,0,1,10,5,-1,0,0,0,0,-1,-1,-1,18,0,1733,-1,-1,-1,-1,-1,-1,2,0,0,0,0,0,3,0,16,3,7,41.94026405,-87.70750345
0,333952,-1,30,1,2,0,1,12,5,2,0,0,0,0,-1,-1,1,0,0,1011,-1,-1,-1,-1,-1,-1,2,0,0,0,0,0,2,0,16,3,7,41.86554693,-87.7348031
0,333901,-1,30,1,2,0,1,14,5,-1,0,0,-1,0,-1,-1,-1,11,-1,831,-1,-1,-1,-1,-1,-1,2,0,0,0,0,0,2,0,16,3,7,41.77521131,-87.70317072
0,333861,-1,30,0,0,0,1,7,3,4,0,0,0,0,-1,-1,-1,17,0,931,-1,-1,-1,-1,-1,-1,2,0,0,0,0,0,2,0,16,3,7,41.80601149,-87.66504681
0,333855,-1,30,0,0,0,1,12,5,4,0,0,0,1,-1,-1,-1,16,0,124,-1,-1,-1,-1,-1,-1,2,0,0,0,0,0,2,0,16,3,7,41.87214951,-87.63848504
0,333873,-1,35,1,2,0,1,14,5,2,0,0,0,0,-1,-1,1,22,-1,1935,-1,-1,-1,-1,-1,-1,2,0,0,0,0,0,3,0,16,3,7,41.92554032,-87.64891216
2,333834,-1,30,2,2,0,1,14,2,-1,0,0,0,1,1,-1,-1,5,5,1421,-1,-1,-1,-1,-1,-1,2,1,0,0,1,0,1,0,16,3,7,41.91242929,-87.69719625
0,333843,-1,40,0,0,0,1,10,3,4,1,0,0,1,-1,-1,-1,32,16,1834,-1,-1,-1,-1,-1,-1,4,0,0,0,0,0,6,0,16,3,7,41.89114707,-87.61437506
0,350918,1,30,0,0,-1,-1,7,6,1,0,-1,0,0,-1,-1,1,0,0,1924,-1,-1,-1,-1,-1,-1,2,0,0,0,0,0,1,0,16,3,7,41.94560253,-87.65079613
0,334179,-1,30,0,0,0,1,7,2,4,0,-1,-1,0,-1,-1,-1,11,11,1922,-1,-1,-1,-1,-1,-1,2,0,0,0,0,0,3,0,16,3,7,41.95095601,-87.66911448
0,334040,-1,30,0,0,-1,-1,7,5,2,0,-1,3,1,-1,-1,1,0,-1,1414,-1,-1,-1,-1,-1,-1,2,0,0,0,0,0,1,0,16,3,7,41.92440208,-87.70477839
0,333850,-1,30,0,0,0,1,2,3,2,0,0,0,0,-1,-1,-1,-1,-1,1233,-1,-1,-1,-1,-1,-1,1,0,0,0,0,0,1,0,16,3,7,41.86317379,-87.676004
0,333840,-1,25,0,0,0,1,14,12,1,0,0,0,1,1,-1,-1,17,0,1933,-1,-1,-1,-1,-1,-1,3,0,0,0,0,0,2,0,16,3,7,41.93811557,-87.65961824
0,333982,-1,30,1,2,0,1,0,2,-1,0,0,0,0,-1,-1,1,22,21,623,-1,-1,-1,-1,-1,-1,2,0,0,0,0,0,2,0,15,3,7,41.75080871,-87.62679461
0,333963,-1,30,0,0,0,1,14,6,3,0,0,0,0,1,-1,-1,17,-1,114,-1,-1,-1,-1,-1,-1,2,0,0,0,0,0,5,0,15,3,7,41.87691383,-87.62431142
0,333852,-1,30,1,2,0,1,14,1,4,2,0,0,0,0,-1,-1,0,-1,1232,-1,-1,-1,-1,-1,-1,2,0,0,0,0,0,4,0,15,3,7,41.86729783,-87.64447119
2,333880,-1,20,2,2,0,1,9,6,1,0,0,-1,1,1,-1,-1,17,0,1033,-1,-1,-1,-1,-1,-1,2,1,0,0,1,0,1,0,15,3,7,41.84851034,-87.7004041
0,333910,-1,30,0,0,0,1,14,5,2,0,0,0,0,-1,-1,-1,0,0,1713,-1,-1,-1,-1,-1,-1,2,0,0,0,0,0,2,0,15,3,7,41.96839288,-87.70254851
0,334315,-1,35,0,0,0,1,12,2,4,0,0,0,0,-1,-1,1,22,0,2232,-1,-1,-1,-1,-1,-1,2,0,0,0,0,0,2,0,15,3,7,41.70681456,-87.64218023
1,333782,-1,30,1,-1,0,1,14,5,-1,0,-1,-1,1,1,-1,-1,0,-1,915,-1,-1,-1,-1,-1,-1,2,1,0,0,0,1,1,0,15,3,7,41.83774933,-87.64612347
0,337714,-1,30,2,2,0,1,0,5,-1,0,0,0,0,1,-1,-1,0,0,1733,-1,-1,-1,-1,-1,-1,2,0,0,0,0,0,2,0,15,3,7,41.94675819,-87.70184977
0,333976,-1,30,0,0,0,1,0,7,-1,0,0,0,0,-1,-1,-1,0,0,2521,-1,-1,-1,-1,-1,-1,2,0,0,0,0,0,2,0,15,3,7,41.93168892,-87.74301695
0,333889,-1,15,0,0,0,1,14,12,1,0,0,0,0,-1,-1,-1,17,11,1923,-1,-1,-1,-1,-1,-1,2,0,0,0,0,0,2,0,15,3,7,41.9481786,-87.66389687
1,333887,-1,30,1,-1,0,1,14,5,-1,0,-1,-1,1,1,-1,-1,0,-1,131,-1,-1,-1,-1,-1,-1,2,1,0,0,0,1,3,0,15,3,7,41.86720817,-87.63422248
0,333838,-1,30,0,0,0,1,12,5,2,0,0,0,0,-1,-1,1,22,22,1113,-1,-1,-1,-1,-1,-1,2,0,0,0,0,0,2,0,15,3,7,41.87959718,-87.73558873
0,333813,-1,30,-1,2,0,1,14,5,4,0,0,0,0,-1,-1,-1,-1,-1,131,-1,-1,-1,-1,-1,-1,2,0,0,0,0,0,2,0,15,3,7,41.86733051,-87.62756602
3,333787,-1,30,0,0,0,1,10,2,-1,0,0,0,1,-1,-1,-1,16,-1,813,-1,-1,-1,-1,-1,-1,2,1,0,1,0,0,2,0,15,3,7,41.7765116,-87.74237234
0,333774,-1,25,0,0,0,1,10,2,4,0,0,0,0,-1,-1,-1,0,0,831,-1,-1,-1,-1,-1,-1,2,0,0,0,0,0,2,0,15,3,7,41.77174501,-87.70550649
1,333786,-1,30,1,2,0,1,14,5,4,0,0,0,1,1,-1,-1,17,6,411,-1,-1,-1,-1,-1,-1,2,1,0,0,0,1,1,0,15,3,7,41.75689717,-87.58623429
2,333778,-1,30,0,0,0,1,14,2,-1,0,0,0,1,0,-1,-1,16,0,913,-1,-1,-1,-1,-1,-1,2,1,0,0,1,0,3,0,15,3,7,41.83886824,-87.64644449
1,333736,-1,35,1,2,0,1,0,5,-1,0,0,0,1,-1,-1,-1,33,0,631,-1,-1,-1,-1,-1,-1,2,1,0,0,0,1,1,0,15,3,7,41.74736947,-87.61501478
0,333765,-1,35,0,0,0,1,12,5,-1,0,0,0,1,-1,-1,-1,21,-1,1733,-1,-1,-1,-1,-1,-1,2,0,0,0,0,0,2,0,15,3,7,41.93950804,-87.69676401
0,333911,-1,30,1,2,0,1,14,5,-1,2,0,0,1,1,-1,-1,11,0,914,-1,-1,-1,-1,-1,-1,2,0,0,0,0,0,3,0,15,3,7,41.85276244,-87.63046005
0,333799,-1,30,0,0,0,1,7,7,1,0,-1,-1,0,-1,1,1,0,0,2533,-1,-1,-1,-1,-1,-1,2,0,0,0,0,0,1,0,15,3,7,41.9127695,-87.73634836
0,333783,-1,30,1,2,0,1,12,2,2,0,0,-1,0,-1,-1,-1,-1,-1,1732,-1,-1,-1,-1,-1,-1,2,0,0,0,0,0,2,0,15,3,7,41.95086045,-87.72767811
0,333769,-1,30,1,2,0,1,14,2,4,0,0,0,0,-1,-1,-1,0,-1,1623,-1,-1,-1,-1,-1,-1,2,0,0,0,0,0,4,0,15,3,7,41.96084437,-87.74769464
0,333833,-1,30,0,0,0,1,10,5,2,0,0,0,0,-1,-1,-1,18,16,1411,-1,-1,-1,-1,-1,-1,2,0,0,0,0,0,2,0,15,3,7,41.9310077,-87.70234608
2,333800,-1,30,1,2,0,1,10,2,-1,0,0,0,1,1,-1,1,18,-1,2532,-1,-1,-1,-1,-1,-1,2,2,0,0,2,0,1,0,15,3,7,41.90954836,-87.76056814
0,333814,-1,5,0,0,-1,-1,10,7,1,0,-1,-1,0,-1,-1,-1,0,-1,113,-1,-1,-1,-1,-1,-1,2,0,0,0,0,0,2,0,15,3,7,41.87762624,-87.62986197
1,333883,-1,30,1,2,0,1,10,3,-1,0,0,0,1,-1,-1,1,18,11,824,-1,-1,-1,-1,-1,-1,2,1,0,0,0,1,2,0,15,3,7,41.79337055,-87.68417538
0,336379,-1,30,2,2,0,1,10,5,-1,0,0,0,0,-1,-1,1,18,0,1235,-1,-1,-1,-1,-1,-1,2,0,0,0,0,0,2,0,15,3,7,41.85591946,-87.65650978
0,333725,-1,30,0,0,0,1,10,2,-1,0,0,0,1,-1,-1,-1,32,-1,835,-1,-1,-1,-1,-1,-1,3,0,0,0,0,0,4,0,15,3,7,41.75478893,-87.7023875
0,333738,-1,30,1,2,0,1,2,2,2,0,0,0,0,-1,0,-1,0,0,234,-1,-1,-1,-1,-1,-1,1,0,0,0,0,0,1,0,15,3,7,41.80182963,-87.58782605
0,338285,-1,30,0,0,0,1,5,5,-1,0,0,0,0,-1,-1,-1,0,0,1213,-1,-1,-1,-1,-1,-1,1,0,0,0,0,0,1,0,15,3,7,41.89999271,-87.6566981
0,333773,-1,30,1,2,0,1,10,2,4,0,0,0,1,1,-1,-1,18,-1,1911,-1,-1,-1,-1,-1,-1,2,0,0,0,0,0,2,0,15,3,7,41.96864563,-87.67924415
0,333742,-1,30,1,2,0,1,12,5,4,0,0,0,0,-1,-1,-1,21,16,1512,-1,-1,-1,-1,-1,-1,2,0,0,0,0,0,3,0,15,3,7,41.88771707,-87.76526601
0,333714,-1,25,0,0,0,1,7,5,2,1,0,0,0,-1,-1,1,11,0,323,-1,-1,-1,-1,-1,-1,2,0,0,0,0,0,1,0,15,3,7,41.76229825,-87.60786945
0,333829,-1,30,0,0,0,1,7,5,2,0,0,0,0,-1,-1,-1,0,0,1822,-1,-1,-1,-1,-1,-1,2,0,0,0,0,0,2,0,14,3,7,41.90639707,-87.64344149
0,333730,-1,30,1,2,0,1,7,5,2,0,0,0,0,1,-1,-1,23,0,1032,-1,-1,-1,-1,-1,-1,2,0,0,0,0,0,9,0,14,3,7,41.84427444,-87.71484461
0,336293,-1,30,1,2,0,1,10,12,2,0,0,0,0,1,-1,-1,0,-1,622,-1,-1,-1,-1,-1,-1,3,0,0,0,0,0,3,0,14,3,7,41.74350456,-87.6366628
0,333792,-1,30,0,0,0,1,12,5,-1,0,0,0,0,-1,-1,-1,0,0,2212,-1,-1,-1,-1,-1,-1,2,0,0,0,0,0,2,0,14,3,7,41.70646657,-87.66968919
0,333811,-1,30,1,2,0,1,8,5,-1,0,0,0,0,1,-1,-1,0,0,1832,-1,-1,-1,-1,-1,-1,2,0,0,0,0,0,2,0,14,3,7,41.89676634,-87.62969854
0,333741,-1,30,0,0,0,1,12,2,6,0,0,0,0,-1,-1,-1,21,-1,1833,-1,-1,-1,-1,-1,-1,2,0,0,0,0,0,6,0,14,3,7,41.89879497,-87.62426391
2,336661,-1,30,1,2,0,1,10,5,-1,0,0,0,1,-1,-1,-1,18,-1,732,-1,-1,-1,-1,-1,-1,2,2,0,0,2,0,1,0,14,3,7,41.76544607,-87.63597403
2,333881,-1,30,1,2,0,1,8,-1,-1,0,0,-1,1,1,-1,-1,0,0,123,-1,1,-1,-1,-1,-1,2,1,0,0,1,0,1,0,14,3,7,41.87459003,-87.63370419
0,333755,-1,15,0,0,0,1,10,7,-1,0,0,0,0,-1,1,-1,20,16,1511,-1,-1,-1,-1,-1,-1,2,0,0,0,0,0,3,0,14,3,7,41.90203213,-87.76586813
0,333753,-1,35,0,0,0,1,7,5,2,0,0,0,0,-1,-1,0,16,0,334,-1,-1,-1,-1,-1,-1,2,0,0,0,0,0,1,0,14,3,7,41.76530304,-87.56634987
0,333751,-1,30,1,2,0,1,12,5,-1,0,0,0,0,1,-1,-1,17,-1,2524,-1,-1,-1,-1,-1,-1,2,0,0,0,0,0,2,0,14,3,7,41.92459302,-87.72681927
0,333711,-1,30,1,2,0,1,14,5,-1,0,0,0,0,1,-1,-1,0,-1,1621,-1,-1,-1,-1,-1,-1,2,0,0,0,0,0,4,0,14,3,7,41.99741462,-87.76666169
0,333767,-1,30,0,0,0,1,2,5,2,2,0,0,0,-1,-1,-1,0,0,723,-1,-1,-1,-1,-1,-1,1,0,0,0,0,0,1,0,14,3,7,41.77243472,-87.64031137
0,333731,-1,30,0,0,0,1,0,2,-1,0,0,0,1,-1,-1,-1,17,-1,1212,-1,-1,-1,-1,-1,-1,2,0,0,0,0,0,2,0,14,3,7,41.89927625,-87.68650717
0,333710,-1,30,2,2,0,1,0,5,2,0,0,0,1,-1,-1,1,5,0,1523,-1,-1,-1,-1,-1,-1,2,0,0,0,0,0,3,0,14,3,7,41.88239811,-87.76154082
0,342929,-1,30,0,0,-1,1,4,2,-1,0,-1,1,0,-1,-1,-1,29,-1,1611,-1,-1,-1,-1,-1,-1,2,0,0,0,0,0,1,0,14,3,7,41.99747235,-87.78703421
0,333733,-1,30,0,0,0,1,12,6,-1,0,0,0,0,-1,-1,-1,0,16,122,-1,-1,-1,-1,-1,-1,1,0,0,0,0,0,1,0,14,3,7,41.88103222,-87.63395056
0,333692,-1,30,1,2,0,1,14,2,4,0,0,0,0,-1,-1,1,23,-1,2411,-1,-1,-1,-1,-1,-1,2,0,0,0,0,0,3,0,14,3,7,42.01237134,-87.69039392
0,333688,-1,20,0,0,0,1,2,6,-1,0,0,0,0,-1,1,-1,33,21,1814,-1,-1,-1,-1,-1,-1,2,0,0,0,0,0,1,0,14,3,7,41.9220638,-87.63223306
0,333694,-1,30,0,0,0,1,12,2,2,0,0,0,0,-1,-1,-1,0,0,931,-1,-1,-1,-1,-1,-1,2,0,0,0,0,0,2,0,14,3,7,41.80143747,-87.68193843
2,333687,-1,35,0,0,0,1,7,2,4,0,0,0,1,-1,-1,-1,-1,-1,2223,-1,-1,-1,-1,-1,-1,2,1,0,0,1,0,1,0,14,3,7,41.73229643,-87.64336282
0,333771,-1,30,0,0,0,1,14,2,-1,0,0,0,0,-1,-1,-1,17,-1,1231,-1,-1,-1,-1,-1,-1,2,0,0,0,0,0,3,0,14,3,7,41.873217,-87.67567518
0,337561,-1,30,1,2,0,1,10,2,4,0,0,-1,0,-1,-1,-1,22,22,1114,-1,-1,-1,-1,-1,-1,2,0,0,0,0,0,2,0,14,3,7,41.88198557,-87.72585459
0,333790,-1,30,0,0,0,1,14,1,4,0,0,-1,0,-1,-1,-1,16,0,1231,-1,-1,-1,-1,-1,-1,2,0,0,0,0,0,2,0,14,3,7,41.873217,-87.67567518
0,333764,-1,30,1,2,0,1,14,3,-1,0,0,0,0,1,-1,-1,18,18,1834,-1,-1,-1,-1,-1,-1,2,0,0,0,0,0,2,0,14,3,7,41.89409702,-87.62408976
0,335185,-1,25,0,0,0,1,2,12,1,0,0,0,0,-1,-1,-1,0,0,823,-1,-1,-1,-1,-1,-1,1,0,0,0,0,0,1,0,14,3,7,41.7778409,-87.69686931
0,333939,-1,30,1,2,0,1,10,6,3,0,0,2,0,-1,-1,-1,18,18,225,-1,-1,-1,-1,-1,-1,2,0,0,0,0,0,7,0,14,3,7,41.79467039,-87.63054748
1,333924,-1,25,0,0,0,1,10,5,4,0,0,0,1,-1,-1,-1,18,-1,2432,-1,-1,-1,-1,-1,-1,2,1,0,0,0,1,1,0,14,3,7,42.00508369,-87.6607269
0,333712,-1,35,0,0,0,1,11,5,2,0,0,-1,0,-1,-1,-1,21,-1,1914,-1,-1,-1,-1,-1,-1,2,0,0,0,0,0,2,0,14,3,7,41.96533475,-87.65377547
0,333690,-1,30,0,0,0,1,10,3,-1,0,0,0,0,-1,-1,-1,0,16,123,-1,-1,-1,-1,-1,-1,2,0,0,0,0,0,2,0,14,3,7,41.86754604,-87.62547871