MOST_SEVERE_INJURY,RD_NO,CRASH_DATE_EST_I,POSTED_SPEED_LIMIT,TRAFFIC_CONTROL_DEVICE,DEVICE_CONDITION,WEATHER_CONDITION,LIGHTING_CONDITION,FIRST_CRASH_TYPE,TRAFFICWAY_TYPE,LANE_CNT,ALIGNMENT,ROADWAY_SURFACE_COND,ROAD_DEFECT,CRASH_TYPE,INTERSECTION_RELATED_I,NOT_RIGHT_OF_WAY_I,HIT_AND_RUN_I,PRIM_CONTRIBUTORY_CAUSE,SEC_CONTRIBUTORY_CAUSE,BEAT_OF_OCCURRENCE,PHOTOS_TAKEN_I,STATEMENTS_TAKEN_I,DOORING_I,WORK_ZONE_I,WORK_ZONE_TYPE,WORKERS_PRESENT_I,NUM_UNITS,INJURIES_TOTAL,INJURIES_FATAL,INJURIES_INCAPACITATING,INJURIES_NON_INCAPACITATING,INJURIES_REPORTED_NOT_EVIDENT,INJURIES_NO_INDICATION,INJURIES_UNKNOWN,CRASH_HOUR,CRASH_DAY_OF_WEEK,CRASH_MONTH,LATITUDE,LONGITUDE
-1,333686,-1,15,0,0,0,1,2,0,-1,0,0,0,0,-1,1,-1,11,27,511,-1,-1,-1,-1,-1,-1,1,-1,-1,-1,-1,-1,-1,-1,14,3,7,41.71928218,-87.61514051
0,333675,-1,30,1,2,0,1,12,5,-1,0,0,-1,0,-1,-1,-1,11,-1,923,-1,-1,-1,-1,-1,-1,2,0,0,0,0,0,2,0,14,3,7,41.80105284,-87.68436765
0,333673,-1,30,0,0,0,1,12,5,-1,0,0,0,0,-1,-1,-1,17,-1,2511,-1,-1,-1,-1,-1,-1,2,0,0,0,0,0,2,0,14,3,7,41.93097036,-87.79730594
0,333647,-1,30,1,2,0,1,0,5,-1,0,0,0,1,1,-1,-1,3,16,1824,-1,-1,-1,-1,-1,-1,2,0,0,0,0,0,2,0,14,3,7,41.90188637,-87.63300508
0,333638,-1,30,0,0,0,1,7,3,-1,0,0,0,0,-1,-1,1,0,0,914,-1,-1,-1,-1,-1,-1,2,0,0,0,0,0,1,0,14,3,7,41.85534695,-87.63199267
0,333624,-1,30,0,0,0,1,10,2,4,0,0,0,0,-1,-1,-1,18,-1,913,-1,-1,-1,-1,-1,-1,2,0,0,0,0,0,3,0,13,3,7,41.84373861,-87.65335332
0,333619,-1,30,1,2,0,1,10,5,-1,0,0,0,1,-1,-1,-1,18,0,111,-1,-1,-1,-1,-1,-1,2,0,0,0,0,0,2,0,13,3,7,41.88452056,-87.62805828
4,333616,-1,30,1,2,0,1,10,2,4,0,0,0,1,1,-1,-1,27,27,923,-1,-1,-1,-1,-1,-1,3,7,1,0,5,1,1,0,13,3,7,41.80105834,-87.68407434
0,333598,-1,30,0,0,0,1,10,5,2,0,0,0,0,-1,-1,-1,0,0,1632,-1,-1,-1,-1,-1,-1,4,0,0,0,0,0,4,0,13,3,7,41.95274027,-87.79040418
0,333729,-1,25,0,0,0,1,10,12,2,0,0,0,0,-1,-1,1,0,0,811,-1,-1,-1,-1,-1,-1,2,0,0,0,0,0,2,0,13,3,7,41.7922934,-87.79011271
2,333609,-1,30,0,0,0,1,10,5,4,0,0,0,1,-1,-1,-1,18,-1,1731,-1,-1,-1,-1,-1,-1,2,1,0,0,1,0,2,0,13,3,7,41.94626228,-87.72748996
0,333607,-1,30,1,2,0,1,12,5,4,0,0,0,0,1,-1,-1,17,-1,1215,-1,-1,-1,-1,-1,-1,2,0,0,0,0,0,4,0,13,3,7,41.89294663,-87.65757787
0,333622,-1,25,0,0,0,1,7,0,-1,0,0,0,0,-1,-1,-1,20,-1,213,-1,-1,-1,-1,-1,-1,2,0,0,0,0,0,1,0,13,3,7,41.82092755,-87.62329204
0,333621,-1,30,2,2,0,1,10,6,2,0,0,0,0,1,-1,-1,18,-1,121,-1,-1,-1,-1,-1,-1,2,0,0,0,0,0,2,0,13,3,7,41.88204823,-87.64134536
0,333615,-1,30,0,0,0,1,7,5,2,0,0,0,0,-1,-1,-1,20,-1,2423,-1,-1,-1,-1,-1,-1,2,0,0,0,0,0,1,0,13,3,7,42.01406596,-87.66331134
0,333623,-1,30,0,0,0,1,7,6,-1,0,0,0,0,-1,-1,-1,11,11,1934,-1,-1,-1,-1,-1,-1,2,0,0,0,0,0,2,0,13,3,7,41.93801111,-87.64446158
0,333587,-1,30,0,0,0,1,7,5,-1,0,0,0,0,-1,-1,-1,11,0,725,-1,-1,-1,-1,-1,-1,2,0,0,0,0,0,1,0,13,3,7,41.77547893,-87.66273378
0,333585,-1,35,1,2,0,1,14,2,4,0,0,0,0,1,-1,-1,23,23,1614,-1,-1,-1,-1,-1,-1,2,0,0,0,0,0,2,0,13,3,7,41.95926633,-87.83684432
0,333858,1,30,0,0,0,1,12,2,4,0,0,0,0,-1,-1,-1,25,25,932,-1,-1,-1,-1,-1,-1,2,0,0,0,0,0,2,0,13,3,7,41.80115838,-87.67708235
0,333832,-1,25,0,0,0,1,7,2,2,0,0,0,0,-1,-1,0,0,0,825,-1,-1,-1,-1,-1,-1,2,0,0,0,0,0,1,0,13,3,7,41.77923522,-87.69274379
0,333789,-1,30,2,2,0,1,14,6,1,0,0,0,0,-1,-1,-1,17,17,323,-1,-1,-1,-1,-1,-1,2,0,0,0,0,0,2,0,13,3,7,41.76190946,-87.61824616
2,333584,-1,25,1,2,0,1,10,5,2,2,0,0,1,1,-1,-1,18,-1,2411,-1,-1,-1,-1,-1,-1,2,1,0,0,1,0,1,0,13,3,7,42.0053135,-87.68025242
0,333597,-1,30,1,2,0,1,10,5,4,0,0,-1,0,-1,-1,1,18,0,2413,-1,-1,-1,-1,-1,-1,2,0,0,0,0,0,2,0,13,3,7,41.99058014,-87.69459581
0,333574,-1,30,1,2,0,1,10,5,4,0,-1,-1,0,-1,-1,-1,18,18,1913,-1,-1,-1,-1,-1,-1,2,0,0,0,0,0,5,0,13,3,7,41.96186585,-87.65610743
0,333558,-1,30,2,2,0,1,7,5,1,0,0,0,0,1,-1,-1,16,-1,1211,-1,-1,-1,-1,-1,-1,4,0,0,0,0,0,1,0,13,3,7,41.89946306,-87.68952126
0,333971,-1,0,12,0,0,1,7,7,-1,0,0,0,0,-1,1,-1,-1,-1,924,-1,-1,-1,-1,-1,-1,2,0,0,0,0,0,1,0,13,3,7,41.81501697,-87.68390374
0,333775,-1,25,0,0,0,1,7,7,-1,0,0,0,0,-1,-1,-1,-1,-1,1215,-1,-1,-1,-1,-1,-1,2,0,0,0,0,0,1,0,13,3,7,41.88558042,-87.65895691
0,333612,-1,30,1,2,0,1,12,6,2,0,0,0,0,1,-1,1,17,-1,1235,-1,-1,-1,-1,-1,-1,2,0,0,0,0,0,2,0,13,3,7,41.85600899,-87.64380475
0,333596,-1,15,0,0,0,1,12,6,1,0,0,0,0,-1,-1,1,20,-1,1512,-1,-1,-1,-1,-1,-1,2,0,0,0,0,0,2,0,13,3,7,41.88708217,-87.77014655
0,333563,-1,30,1,2,0,1,11,2,2,0,0,0,0,1,-1,1,25,16,1233,-1,-1,-1,1,1,1,3,0,0,0,0,0,2,0,13,3,7,41.86518876,-87.66646924
0,333555,-1,30,1,2,0,1,12,5,2,0,0,0,0,-1,-1,-1,17,16,1722,-1,-1,-1,-1,-1,-1,2,0,0,0,0,0,2,0,13,3,7,41.96083401,-87.74741275
2,333554,-1,30,1,2,0,1,0,2,-1,0,0,0,1,1,0,-1,17,-1,921,-1,-1,-1,-1,-1,-1,2,3,0,0,2,1,3,0,12,3,7,41.81938697,-87.69440004
0,333618,-1,0,0,0,0,1,7,5,1,0,0,0,0,-1,-1,-1,0,0,224,-1,-1,-1,-1,-1,-1,2,0,0,0,0,0,1,0,12,3,7,41.80919438,-87.62174722
0,341987,-1,30,2,2,0,1,10,2,-1,0,0,0,0,-1,-1,-1,0,0,2211,-1,-1,-1,-1,-1,-1,2,0,0,0,0,0,2,0,12,3,7,41.68828301,-87.71030709
0,333547,-1,30,0,0,0,1,10,2,2,0,0,0,0,0,-1,-1,18,-1,1234,-1,-1,-1,-1,-1,-1,2,0,0,0,0,0,2,0,12,3,7,41.85861486,-87.67616737
0,333540,-1,10,0,0,0,1,7,7,1,0,0,0,0,-1,-1,-1,20,12,735,-1,-1,-1,-1,-1,-1,5,0,0,0,0,0,2,0,12,3,7,41.76579077,-87.66396689
0,333532,-1,30,0,0,0,1,0,0,1,0,0,0,0,-1,-1,-1,17,20,2234,-1,-1,-1,-1,-1,-1,2,0,0,0,0,0,2,0,12,3,7,41.69302842,-87.65308759
1,333542,-1,30,0,0,0,1,14,5,4,0,0,0,1,-1,-1,-1,0,0,821,-1,-1,-1,-1,-1,-1,2,1,0,0,0,1,1,0,12,3,7,41.8177941,-87.72378232
2,333557,-1,30,0,0,0,1,12,5,2,0,0,0,1,-1,-1,1,21,-1,1412,-1,-1,-1,-1,-1,-1,2,1,0,0,1,0,1,0,12,3,7,41.93447149,-87.71602875
0,333569,-1,30,1,2,0,1,14,5,-1,0,0,0,0,-1,-1,-1,23,22,1022,-1,-1,-1,-1,-1,-1,2,0,0,0,0,0,2,0,12,3,7,41.85805326,-87.70555564
0,338338,-1,30,0,0,0,1,1,5,-1,0,0,0,0,-1,-1,-1,1,1,634,-1,-1,-1,-1,-1,-1,1,0,0,0,0,0,1,0,12,3,7,41.72669184,-87.62248343
0,333544,-1,10,0,0,0,1,7,6,1,0,0,0,0,-1,-1,0,0,0,212,-1,-1,-1,-1,-1,-1,2,0,0,0,0,0,1,0,12,3,7,-1,-1
0,333534,-1,30,0,0,0,1,12,8,-1,5,0,0,0,-1,-1,1,22,-1,2024,-1,-1,-1,-1,-1,-1,2,0,0,0,0,0,2,0,12,3,7,41.96943986,-87.64807149
0,333513,-1,25,1,2,0,1,10,5,1,0,0,0,0,-1,-1,-1,16,16,1013,-1,-1,-1,-1,-1,-1,2,0,0,0,0,0,3,0,12,3,7,41.84416021,-87.73413532
1,333521,-1,35,0,0,0,1,12,2,-1,0,0,0,1,-1,-1,1,17,-1,823,-1,1,-1,-1,-1,-1,2,4,0,0,0,4,1,0,12,3,7,41.7790293,-87.70643772
0,333509,-1,30,1,2,0,1,10,6,3,0,0,0,1,-1,-1,-1,0,0,1834,-1,-1,-1,-1,-1,-1,2,0,0,0,0,0,3,0,12,3,7,41.89080356,-87.62541417
0,333665,1,30,0,0,0,1,0,5,-1,0,0,0,0,1,-1,1,17,-1,1711,-1,-1,-1,-1,-1,-1,2,0,0,0,0,0,2,0,12,3,7,-1,-1
0,333495,-1,35,0,0,0,1,0,5,-1,0,-1,4,0,-1,-1,-1,0,0,234,-1,-1,-1,-1,-1,-1,2,0,0,0,0,0,4,0,12,3,7,41.79916946,-87.58922919
0,333492,-1,30,0,0,0,1,12,5,2,0,0,0,0,-1,-1,-1,17,0,1024,-1,-1,-1,-1,-1,-1,2,0,0,0,0,0,2,0,12,3,7,41.84454259,-87.71119476
0,333497,-1,35,1,2,0,1,14,2,-1,0,0,0,1,1,-1,-1,17,11,1711,-1,-1,-1,-1,-1,-1,2,0,0,0,0,0,2,0,12,3,7,41.99013406,-87.73747472
0,333561,-1,30,0,0,0,1,12,5,-1,0,0,0,0,-1,-1,-1,0,0,122,-1,-1,-1,-1,-1,-1,2,0,0,0,0,0,2,0,12,3,7,41.88703915,-87.63255806
0,333458,-1,30,0,0,0,1,7,7,-1,0,0,0,0,-1,1,-1,20,23,512,-1,-1,-1,-1,-1,-1,2,0,0,0,0,0,1,0,12,3,7,41.70068057,-87.62796207
0,335351,-1,30,0,0,0,1,7,5,2,0,0,0,0,-1,-1,-1,0,-1,1614,-1,-1,-1,-1,-1,-1,2,0,0,0,0,0,1,0,12,3,7,41.9769531,-87.84294997
0,334720,-1,30,2,2,0,1,0,5,-1,0,0,0,0,-1,-1,1,5,17,711,-1,-1,-1,-1,-1,-1,2,0,0,0,0,0,3,0,12,3,7,41.77991418,-87.64129899
0,333494,-1,30,2,2,0,1,0,2,2,0,0,0,0,-1,-1,-1,0,0,1233,-1,-1,-1,-1,-1,-1,2,0,0,0,0,0,2,0,12,3,7,41.86387428,-87.67112265
1,333491,-1,30,2,2,0,1,0,5,-1,0,0,0,1,1,-1,-1,17,-1,1925,-1,-1,-1,-1,-1,-1,2,1,0,0,0,1,3,0,12,3,7,41.95317071,-87.6450688
0,333467,-1,30,1,2,0,1,10,2,2,0,0,0,0,1,-1,-1,17,0,1212,-1,-1,-1,-1,-1,-1,2,0,0,0,0,0,2,0,11,3,7,41.89602906,-87.67665629
0,348780,-1,30,2,2,0,1,14,2,2,0,0,0,0,1,-1,-1,23,0,724,-1,-1,-1,-1,-1,-1,2,0,0,0,0,0,2,0,11,3,7,41.77245969,-87.65315985
0,333537,-1,30,1,2,0,1,14,3,-1,0,0,0,0,1,-1,1,23,-1,1232,-1,-1,-1,-1,-1,-1,2,0,0,0,0,0,3,0,11,3,7,41.86706557,-87.64539252
0,333481,-1,30,0,0,0,1,7,6,1,0,0,-1,0,-1,-1,1,0,0,1724,-1,-1,-1,-1,-1,-1,2,0,0,0,0,0,1,0,11,3,7,41.95494189,-87.71064398
0,333456,-1,35,0,0,0,2,7,5,4,0,0,0,0,-1,-1,1,0,-1,432,-1,-1,-1,-1,-1,-1,2,0,0,0,0,0,1,0,11,3,7,41.70264921,-87.5427057
2,333466,-1,30,1,2,0,1,10,3,4,0,0,0,1,-1,-1,1,2,18,911,-1,-1,-1,-1,-1,-1,2,1,0,0,1,0,1,0,11,3,7,41.83157425,-87.70481472
0,333894,-1,30,0,0,0,1,12,5,-1,0,0,0,0,-1,-1,1,0,0,1813,-1,-1,-1,-1,-1,-1,2,0,0,0,0,0,2,0,11,3,7,41.91112384,-87.64349035
0,333651,-1,5,0,0,0,1,7,7,-1,0,0,0,0,-1,-1,1,-1,-1,131,-1,-1,-1,-1,-1,-1,2,0,0,0,0,0,1,0,11,3,7,41.85555505,-87.6272955
0,333455,-1,30,1,2,0,1,12,3,-1,2,0,0,0,-1,-1,-1,21,-1,634,-1,-1,-1,-1,-1,-1,2,0,0,0,0,0,4,0,11,3,7,41.73586727,-87.6327948
0,333431,-1,15,0,0,0,1,12,7,-1,0,0,0,0,-1,-1,1,22,0,1413,-1,-1,-1,-1,-1,-1,2,0,0,0,0,0,2,0,11,3,7,41.91739502,-87.71654746
0,333479,-1,30,0,0,0,1,2,5,4,0,0,0,0,-1,1,1,0,0,821,-1,-1,-1,-1,-1,-1,1,0,0,0,0,0,1,0,11,3,7,41.80799867,-87.72250731
0,333439,-1,30,0,0,0,1,0,2,-1,0,0,2,0,-1,-1,1,0,0,1233,-1,-1,-1,-1,-1,-1,2,0,0,0,0,0,4,0,11,3,7,41.85617997,-87.66276846
0,333429,-1,30,0,0,0,1,7,2,2,0,0,0,0,-1,-1,-1,20,0,1421,-1,-1,-1,-1,-1,-1,2,0,0,0,0,0,1,0,11,3,7,41.91728464,-87.70761455
0,333425,-1,20,0,0,0,1,7,2,2,0,0,0,0,-1,-1,1,0,0,614,-1,-1,-1,-1,-1,-1,2,0,0,0,0,0,1,0,11,3,7,41.7432471,-87.65879908
0,333419,1,0,0,0,0,1,0,7,0,0,-1,-1,0,-1,1,-1,0,0,1115,-1,-1,-1,-1,-1,-1,2,0,0,0,0,0,3,0,11,3,7,41.880536,-87.73244355
1,333390,-1,30,0,0,0,1,14,5,4,0,0,0,1,-1,-1,-1,0,0,813,-1,-1,-1,-1,-1,-1,2,1,0,0,0,1,1,0,11,3,7,41.77834989,-87.75206971
0,333474,-1,30,0,0,0,1,12,3,6,0,0,0,0,-1,-1,-1,17,-1,1821,-1,-1,-1,-1,-1,-1,2,0,0,0,0,0,4,0,10,3,7,41.91105218,-87.63375526
2,333437,-1,30,0,0,0,1,14,1,4,0,0,3,1,1,-1,1,17,-1,715,-1,-1,-1,-1,-1,-1,2,1,0,0,1,0,4,0,10,3,7,41.78867639,-87.6645046
0,333400,-1,30,2,2,0,1,12,5,-1,0,0,0,1,-1,-1,-1,21,-1,1233,-1,-1,-1,-1,-1,-1,2,0,0,0,0,0,2,0,10,3,7,41.8648905,-87.67634267
0,339540,-1,30,0,0,0,1,7,6,1,0,0,0,0,-1,-1,1,0,0,1931,-1,-1,-1,-1,-1,-1,2,0,0,0,0,0,1,0,10,3,7,41.93105138,-87.66941981
0,333403,-1,30,0,0,0,1,12,5,4,0,0,-1,0,-1,-1,-1,0,0,614,-1,-1,-1,-1,-1,-1,2,0,0,0,0,0,2,0,10,3,7,41.74384697,-87.66312706
0,333382,-1,25,0,0,0,1,11,12,1,0,0,0,0,1,-1,-1,22,21,2023,-1,-1,-1,-1,-1,-1,2,0,0,0,0,0,2,0,10,3,7,41.97805711,-87.65852684
0,333374,-1,30,0,0,0,1,3,2,2,0,0,0,0,-1,-1,-1,20,-1,2523,-1,-1,-1,-1,-1,-1,2,0,0,0,0,0,2,0,10,3,7,41.93890568,-87.73304193
0,333599,-1,30,0,0,0,1,11,7,-1,0,0,0,0,-1,1,-1,17,-1,2515,-1,-1,-1,-1,-1,-1,2,0,0,0,0,0,2,0,10,3,7,41.9242158,-87.75621076
0,334876,-1,10,0,0,0,1,7,7,1,0,0,0,0,-1,1,1,0,-1,731,-1,-1,-1,-1,-1,-1,2,0,0,0,0,0,2,0,10,3,7,41.76493689,-87.62832185
0,333416,-1,30,1,2,0,1,10,2,5,0,0,0,1,-1,-1,-1,7,16,825,-1,-1,-1,-1,-1,-1,2,0,0,0,0,0,2,0,10,3,7,41.77888806,-87.68348353
0,333344,-1,30,2,2,0,1,10,5,2,0,0,0,0,1,-1,-1,16,0,2411,-1,-1,-1,-1,-1,-1,2,0,0,0,0,0,3,0,10,3,7,42.01237639,-87.68878622
0,333334,-1,25,0,0,0,1,7,0,1,0,0,0,0,-1,-1,-1,18,-1,1112,-1,-1,-1,-1,-1,-1,2,0,0,0,0,0,1,0,10,3,7,41.89631789,-87.72503794
0,339253,-1,30,0,0,0,1,14,5,-1,0,0,0,0,-1,-1,-1,0,17,2223,-1,-1,-1,-1,-1,-1,2,0,0,0,0,0,2,0,10,3,7,41.72158316,-87.64223148
0,334259,-1,35,0,0,0,1,14,5,4,0,0,0,0,-1,-1,-1,23,-1,2223,-1,-1,-1,-1,-1,-1,2,0,0,0,0,0,2,0,10,3,7,41.72157647,-87.64265207
0,333406,-1,5,0,0,0,1,7,7,-1,0,0,0,0,-1,-1,-1,0,0,1231,-1,-1,-1,-1,-1,-1,2,0,0,0,0,0,1,0,10,3,7,41.87408199,-87.66722276
0,333399,-1,30,1,2,0,1,10,5,6,0,0,0,0,-1,-1,-1,0,-1,815,-1,-1,-1,-1,-1,-1,2,0,0,0,0,0,2,0,10,3,7,41.816738,-87.74324347
1,333375,-1,30,2,2,0,1,0,2,2,0,0,0,1,-1,-1,1,0,-1,1222,-1,-1,-1,-1,-1,-1,3,1,0,0,0,1,1,0,10,3,7,41.88425965,-87.69896368
0,333363,-1,10,0,0,0,1,0,12,1,0,0,0,0,-1,1,-1,0,-1,234,-1,-1,-1,-1,-1,-1,2,0,0,0,0,0,2,0,10,3,7,41.80145655,-87.58774186
0,333335,0,0,0,0,0,1,7,7,0,0,0,-1,0,-1,-1,-1,0,-1,2533,-1,-1,-1,-1,-1,-1,2,0,0,0,0,0,1,0,10,3,7,41.90940154,-87.75498883
0,333441,-1,25,0,0,0,1,12,5,1,0,0,0,0,-1,-1,-1,0,0,1434,-1,-1,-1,-1,-1,-1,2,0,0,0,0,0,2,0,10,3,7,41.9117261,-87.67763984
0,333342,-1,30,0,0,0,1,7,5,2,0,0,0,0,-1,-1,-1,7,-1,1031,-1,-1,-1,-1,-1,-1,2,0,0,0,0,0,2,0,10,3,7,41.84416051,-87.72326778
0,333396,-1,30,1,2,0,1,14,5,2,0,0,0,0,1,-1,-1,0,0,233,-1,-1,-1,-1,-1,-1,2,0,0,0,0,0,2,0,10,3,7,41.79938211,-87.59678686
0,333383,1,5,0,0,-1,-1,7,7,-1,0,-1,0,0,-1,-1,1,0,0,1031,-1,-1,-1,-1,-1,-1,2,0,0,0,0,0,1,0,10,3,7,41.83141102,-87.71913997
0,333349,-1,30,1,2,0,1,14,5,-1,0,0,0,0,-1,-1,-1,0,0,2022,-1,-1,-1,-1,-1,-1,2,0,0,0,0,0,2,0,10,3,7,41.9856411,-87.65538854
0,333340,-1,30,1,0,0,1,14,2,-1,0,0,0,0,-1,-1,-1,17,0,1231,-1,-1,-1,-1,-1,-1,2,0,0,0,0,0,2,0,9,3,7,41.86836365,-87.67154108
0,333362,-1,0,1,2,0,1,10,3,6,0,0,0,0,-1,-1,-1,18,11,123,-1,-1,-1,-1,-1,-1,2,0,0,0,0,0,2,0,9,3,7,41.87565854,-87.62440494
2,333294,-1,35,0,0,0,1,8,5,2,0,0,0,1,-1,-1,1,0,-1,412,-1,-1,0,-1,-1,-1,2,1,0,0,1,0,1,0,9,3,7,41.7390736,-87.56809602
0,333333,-1,30,0,0,0,1,7,5,2,0,0,0,0,-1,-1,-1,0,0,2431,-1,-1,-1,-1,-1,-1,2,0,0,0,0,0,2,0,9,3,7,42.00909997,-87.6603165
0,333312,-1,0,0,0,0,1,0,7,-1,0,0,0,0,-1,-1,-1,20,11,123,-1,-1,-1,-1,-1,-1,2,0,0,0,0,0,2,0,9,3,7,41.86757102,-87.63058647
0,333298,-1,30,0,0,0,1,12,5,-1,0,0,0,0,-1,-1,-1,-1,-1,631,-1,-1,-1,-1,-1,-1,2,0,0,0,0,0,4,0,9,3,7,41.74456966,-87.60519679
0,333265,-1,30,1,2,0,1,14,6,3,0,0,0,1,1,-1,-1,17,0,1235,-1,-1,-1,-1,-1,-1,2,0,0,0,0,0,3,0,9,3,7,41.85536423,-87.64359791
0,333241,-1,35,0,0,0,1,7,5,-1,0,0,0,0,-1,-1,0,0,-1,1112,-1,-1,-1,-1,-1,-1,2,0,0,0,0,0,1,0,9,3,7,41.90193962,-87.72155357
0,333878,-1,30,2,2,0,1,12,2,2,0,0,-1,0,-1,-1,-1,-1,-1,1724,-1,-1,-1,-1,-1,-1,2,0,0,0,0,0,3,0,9,3,7,41.95950372,-87.69826543
0,333252,-1,0,0,0,0,1,14,2,2,0,0,0,0,-1,-1,-1,0,0,1034,-1,-1,-1,-1,-1,-1,2,0,0,0,0,0,2,0,9,3,7,41.8521994,-87.66706558
0,333244,-1,0,0,0,0,1,0,7,-1,0,0,0,0,-1,1,-1,20,20,1925,-1,-1,-1,-1,-1,-1,2,0,0,0,0,0,2,0,9,3,7,41.94704993,-87.64693052
0,333240,-1,35,1,2,0,1,10,2,2,0,0,0,0,-1,-1,0,18,0,1723,-1,-1,-1,-1,-1,-1,3,0,0,0,0,0,3,0,9,3,7,41.96095813,-87.71818286
1,334376,-1,30,2,2,0,1,10,5,-1,0,0,0,1,1,-1,-1,20,0,921,-1,-1,-1,-1,-1,-1,2,1,0,0,0,1,2,0,9,3,7,41.82295429,-87.68501299
0,333405,-1,30,1,2,0,1,12,6,-1,0,0,0,0,1,-1,-1,0,-1,121,-1,-1,-1,-1,-1,-1,2,0,0,0,0,0,2,0,9,3,7,41.87815352,-87.63963862
0,333277,-1,30,0,0,0,1,12,5,2,0,0,0,0,-1,-1,-1,21,0,1922,-1,-1,-1,-1,-1,-1,2,0,0,0,0,0,2,0,9,3,7,41.93970926,-87.67612978
0,333266,1,35,0,0,0,1,7,7,-1,0,0,0,0,-1,1,-1,0,0,211,-1,-1,-1,-1,-1,-1,2,0,0,0,0,0,1,0,9,3,7,41.83304474,-87.61461136
0,333255,-1,30,1,2,0,1,10,2,4,0,0,0,0,-1,-1,-1,11,0,834,-1,-1,-1,-1,-1,-1,3,0,0,0,0,0,3,0,9,3,7,41.74939816,-87.71750213
0,333254,-1,30,0,0,0,1,14,5,2,0,0,0,0,1,-1,-1,17,18,1711,-1,-1,-1,-1,-1,-1,2,0,0,0,0,0,2,0,9,3,7,41.98499077,-87.70956542
0,333236,-1,30,0,0,0,1,7,5,-1,0,0,0,0,-1,-1,-1,0,0,1411,-1,-1,-1,-1,-1,-1,2,0,0,0,0,0,2,0,9,3,7,41.93894625,-87.69795618
0,333178,-1,30,0,0,0,1,12,3,-1,0,0,0,0,-1,-1,-1,0,-1,1225,-1,-1,-1,-1,-1,-1,2,0,0,0,0,0,2,0,8,3,7,41.87616053,-87.68612588
0,333261,-1,15,0,0,0,1,10,2,-1,0,0,0,0,-1,1,-1,18,-1,622,-1,-1,-1,-1,-1,-1,2,0,0,0,0,0,7,0,8,3,7,41.73637382,-87.62723157
0,333247,-1,30,3,2,0,1,14,2,2,5,0,0,0,-1,-1,-1,23,16,1214,-1,-1,-1,-1,-1,-1,2,0,0,0,0,0,2,0,8,3,7,41.88908835,-87.64773092
0,333243,-1,30,0,0,0,1,0,6,2,0,0,0,0,-1,-1,-1,17,-1,122,-1,-1,-1,-1,-1,-1,2,0,0,0,0,0,2,0,8,3,7,41.882548,-87.63399416
0,333475,-1,30,2,2,0,1,10,5,2,0,0,-1,0,-1,-1,1,0,0,533,-1,-1,-1,-1,-1,-1,2,0,0,0,0,0,3,0,8,3,7,41.6594343,-87.59785303
0,333278,-1,35,0,0,0,1,10,6,-1,0,0,0,0,-1,-1,-1,0,0,1022,-1,-1,-1,-1,-1,-1,2,0,0,0,0,0,2,0,8,3,7,41.85275897,-87.70270303
0,333229,-1,20,2,2,0,1,14,5,3,0,0,0,1,1,-1,-1,22,-1,2514,-1,-1,-1,-1,-1,-1,2,0,0,0,0,0,2,0,8,3,7,41.93287456,-87.77587596
0,333212,-1,30,0,0,0,1,12,2,-1,0,0,0,0,-1,-1,-1,17,-1,2222,-1,-1,-1,-1,-1,-1,2,0,0,0,0,0,3,0,8,3,7,41.7358889,-87.64880152
0,333209,-1,20,0,0,0,1,2,0,1,0,0,0,1,-1,-1,-1,14,14,1631,-1,-1,-1,-1,-1,-1,1,0,0,0,0,0,1,0,8,3,7,41.95037584,-87.80854007
0,333189,-1,30,1,2,0,1,14,5,6,0,0,0,1,1,-1,-1,17,11,735,-1,-1,-1,-1,-1,-1,2,0,0,0,0,0,2,0,8,3,7,41.75956363,-87.66370242
0,333213,-1,30,0,0,0,1,10,7,-1,0,0,0,0,-1,-1,-1,0,0,1914,-1,-1,-1,-1,-1,-1,2,0,0,0,0,0,3,0,8,3,7,41.96536653,-87.65176024
0,333180,-1,30,2,2,0,1,0,5,2,0,0,0,0,-1,-1,1,17,0,2512,-1,-1,-1,-1,-1,-1,2,0,0,0,0,0,2,0,8,3,7,41.93074386,-87.79777317
0,333203,-1,30,1,1,0,1,10,2,2,0,0,0,0,-1,-1,-1,0,0,1225,-1,-1,-1,-1,-1,-1,2,0,0,0,0,0,2,0,8,3,7,41.87645632,-87.67220783
0,333200,-1,30,1,2,0,1,14,1,2,0,0,0,0,1,-1,-1,23,21,1022,-1,-1,-1,-1,-1,-1,2,0,0,0,0,0,2,0,8,3,7,41.8664219,-87.70093364
0,333202,-1,30,0,0,0,1,10,5,2,0,0,0,0,-1,-1,-1,18,-1,1822,-1,-1,-1,-1,-1,-1,2,0,0,0,0,0,2,0,8,3,7,41.89905122,-87.64802418
1,333167,-1,30,2,1,0,1,9,5,2,0,0,0,1,1,-1,-1,-1,7,2422,-1,-1,-1,-1,-1,-1,2,1,0,0,0,1,1,0,8,3,7,42.01948745,-87.67188518
0,333166,-1,30,1,2,0,1,12,2,8,0,0,0,0,1,-1,-1,22,21,1814,-1,-1,-1,-1,-1,-1,2,0,0,0,0,0,2,0,8,3,7,41.91127201,-87.63322899
0,333151,-1,30,0,0,0,1,10,5,-1,0,0,0,1,-1,-1,-1,33,-1,2013,-1,-1,-1,-1,-1,-1,2,0,0,0,0,0,2,0,8,3,7,41.98601838,-87.6642104