MOST_SEVERE_INJURY,RD_NO,CRASH_DATE_EST_I,POSTED_SPEED_LIMIT,TRAFFIC_CONTROL_DEVICE,DEVICE_CONDITION,WEATHER_CONDITION,LIGHTING_CONDITION,FIRST_CRASH_TYPE,TRAFFICWAY_TYPE,LANE_CNT,ALIGNMENT,ROADWAY_SURFACE_COND,ROAD_DEFECT,CRASH_TYPE,INTERSECTION_RELATED_I,NOT_RIGHT_OF_WAY_I,HIT_AND_RUN_I,PRIM_CONTRIBUTORY_CAUSE,SEC_CONTRIBUTORY_CAUSE,BEAT_OF_OCCURRENCE,PHOTOS_TAKEN_I,STATEMENTS_TAKEN_I,DOORING_I,WORK_ZONE_I,WORK_ZONE_TYPE,WORKERS_PRESENT_I,NUM_UNITS,INJURIES_TOTAL,INJURIES_FATAL,INJURIES_INCAPACITATING,INJURIES_NON_INCAPACITATING,INJURIES_REPORTED_NOT_EVIDENT,INJURIES_NO_INDICATION,INJURIES_UNKNOWN,CRASH_HOUR,CRASH_DAY_OF_WEEK,CRASH_MONTH,LATITUDE,LONGITUDE
0,333756,-1,20,0,0,0,1,7,6,-1,0,0,-1,0,-1,-1,-1,0,-1,2523,-1,-1,-1,-1,-1,-1,2,0,0,0,0,0,1,0,8,3,7,41.9361387,-87.72426907
0,333316,-1,30,0,0,0,1,5,5,2,0,0,1,0,-1,-1,-1,-1,-1,124,-1,-1,-1,-1,-1,-1,2,0,0,0,0,0,2,0,8,3,7,41.87448692,-87.64191282
0,333163,-1,45,1,2,0,2,10,3,8,0,0,0,0,-1,-1,-1,18,11,114,-1,-1,-1,-1,-1,-1,2,0,0,0,0,0,2,0,8,3,7,41.87332411,-87.61693637
0,333158,-1,30,3,5,0,1,7,5,2,0,0,3,0,-1,-1,-1,22,0,2433,-1,-1,-1,-1,-1,-1,2,0,0,0,0,0,1,0,8,3,7,41.99456814,-87.6685227
0,333150,-1,30,0,0,0,1,0,5,4,0,0,0,0,-1,-1,1,16,14,1531,-1,-1,-1,-1,-1,-1,3,0,0,0,0,0,2,0,7,3,7,41.89488762,-87.74653651
0,333296,-1,30,0,0,0,1,7,2,2,0,0,0,1,-1,-1,1,25,16,1232,-1,-1,-1,-1,-1,-1,2,0,0,0,0,0,1,0,7,3,7,41.86578547,-87.65649914
0,333146,-1,30,0,0,0,1,12,5,-1,0,0,0,0,-1,-1,-1,17,-1,1724,-1,-1,-1,-1,-1,-1,2,0,0,0,0,0,2,0,7,3,7,41.96134382,-87.70085059
0,334003,-1,0,0,0,0,1,7,5,1,0,0,0,0,-1,-1,1,0,0,232,-1,-1,-1,-1,-1,-1,2,0,0,0,0,0,1,0,7,3,7,41.7894546,-87.61636014
0,333131,-1,35,1,2,0,1,12,6,4,0,0,0,0,1,-1,-1,23,21,1834,-1,-1,-1,-1,-1,-1,2,0,0,0,0,0,2,0,6,3,7,41.89332026,-87.62286559
0,333124,-1,30,0,0,0,1,14,5,-1,0,0,0,0,-1,-1,-1,0,0,1922,-1,-1,-1,-1,-1,-1,2,0,0,0,0,0,2,0,6,3,7,41.94525519,-87.66896382
0,333137,-1,30,0,12,0,1,12,3,-1,0,0,12,0,-1,-1,-1,28,-1,1513,-1,-1,-1,1,1,-1,2,0,0,0,0,0,3,0,6,3,7,41.86737138,-87.76459086
1,333129,-1,35,1,2,0,1,0,2,-1,0,0,0,1,1,-1,-1,6,7,1113,-1,-1,-1,-1,-1,-1,2,2,0,0,0,2,5,0,6,3,7,41.88049945,-87.73559596
0,333128,-1,35,0,0,0,1,12,5,2,0,0,0,0,-1,-1,-1,0,0,821,-1,-1,-1,-1,-1,-1,2,0,0,0,0,0,2,0,6,3,7,41.80922222,-87.70416556
0,333141,-1,30,0,0,0,1,10,5,1,0,0,0,1,-1,-1,-1,14,16,732,-1,-1,-1,-1,-1,-1,2,0,0,0,0,0,2,0,6,3,7,41.7631812,-87.64421502
0,333217,-1,0,1,2,0,1,11,5,4,0,0,0,0,-1,-1,-1,21,11,1235,-1,-1,-1,-1,-1,-1,2,0,0,0,0,0,2,0,5,3,7,41.85268538,-87.65149237
2,333099,-1,25,0,0,0,1,0,6,1,0,0,0,1,-1,-1,-1,17,-1,2515,-1,-1,-1,-1,-1,-1,3,1,0,0,1,0,1,0,5,3,7,41.92363068,-87.75967504
2,333092,-1,30,1,2,0,1,2,5,2,0,0,0,1,-1,-1,-1,25,21,1123,-1,-1,-1,-1,-1,-1,1,1,0,0,1,0,0,0,5,3,7,41.88475368,-87.71122979
0,333082,-1,30,2,2,0,1,0,5,-1,0,0,0,0,-1,-1,1,0,0,923,-1,-1,-1,-1,-1,-1,2,0,0,0,0,0,2,0,5,3,7,41.79542632,-87.69369902
1,334374,-1,30,1,2,0,2,10,6,1,0,0,0,1,-1,-1,-1,16,18,1834,-1,-1,-1,-1,-1,-1,2,2,0,0,0,2,1,0,5,3,7,41.89347305,-87.62260011
0,333080,-1,25,0,0,0,2,7,6,1,0,0,-1,0,-1,-1,-1,0,21,412,-1,-1,-1,-1,-1,-1,2,0,0,0,0,0,1,0,5,3,7,41.74259608,-87.5779312
2,333062,-1,30,0,0,0,0,7,5,-1,0,0,0,1,-1,-1,-1,0,-1,1524,-1,-1,-1,-1,-1,-1,3,1,0,0,1,0,0,0,4,3,7,41.89863459,-87.76249591
0,337784,-1,25,0,0,0,3,7,6,1,0,0,0,0,-1,-1,1,20,0,1211,-1,-1,-1,-1,-1,-1,2,0,0,0,0,0,1,0,4,3,7,41.90014827,-87.69023019
0,333367,-1,30,0,0,0,0,7,2,-1,0,0,0,0,-1,-1,1,0,0,2432,-1,-1,-1,-1,-1,-1,2,0,0,0,0,0,1,0,4,3,7,42.00026228,-87.67149842
0,334245,-1,15,0,0,0,0,7,6,-1,0,0,0,0,-1,-1,1,0,0,1524,-1,-1,-1,-1,-1,-1,2,0,0,0,0,0,1,0,3,3,7,41.89591031,-87.76089468
2,333048,-1,45,0,0,0,3,5,3,8,0,0,0,1,-1,-1,-1,11,0,133,-1,-1,-1,-1,-1,-1,1,2,0,0,1,1,0,0,3,3,7,41.83997016,-87.60909764
0,336563,1,30,0,0,0,3,7,6,1,0,0,0,1,-1,-1,1,0,0,232,-1,-1,-1,-1,-1,-1,2,0,0,0,0,0,1,0,3,3,7,41.79015372,-87.61733804
0,333321,1,30,0,0,0,1,7,6,1,0,0,0,0,-1,-1,-1,12,-1,2232,-1,-1,-1,-1,-1,-1,2,0,0,0,0,0,1,0,3,3,7,41.712563,-87.63779572
0,333315,-1,30,1,2,0,3,10,5,6,0,0,0,0,-1,-1,-1,18,18,411,-1,-1,-1,-1,-1,-1,2,0,0,0,0,0,3,0,2,3,7,41.75144291,-87.58550589
0,333039,-1,30,1,2,0,3,0,5,-1,0,0,0,1,1,-1,-1,7,-1,1733,-1,-1,-1,-1,-1,-1,2,0,0,0,0,0,3,0,2,3,7,41.93950238,-87.69784937
0,333019,-1,30,1,2,0,3,10,1,4,0,0,0,0,1,-1,-1,-1,18,2533,-1,-1,-1,-1,-1,-1,2,0,0,0,0,0,3,0,1,3,7,41.90939086,-87.75584752
0,334296,-1,30,0,0,0,1,7,5,2,0,0,0,0,-1,-1,1,0,-1,821,-1,-1,-1,-1,-1,-1,2,0,0,0,0,0,1,0,0,3,7,41.80260025,-87.71534529
2,332979,-1,30,1,2,0,3,0,2,-1,0,0,-1,1,1,-1,-1,17,-1,114,-1,-1,-1,-1,-1,-1,2,1,0,0,1,0,2,0,0,3,7,41.87583508,-87.62421289
2,332971,-1,30,0,0,0,3,7,5,2,0,0,0,1,-1,-1,-1,7,-1,811,-1,-1,-1,-1,-1,-1,2,1,0,0,1,0,0,0,0,3,7,41.78648917,-87.77197691
0,332966,-1,30,0,0,0,0,12,5,-1,0,0,0,0,-1,-1,-1,21,11,413,-1,-1,-1,-1,-1,-1,2,0,0,0,0,0,2,0,0,3,7,41.73233392,-87.58569676
0,333148,-1,30,0,0,0,3,7,6,1,0,0,0,0,-1,-1,1,0,0,2532,-1,-1,-1,-1,-1,-1,2,0,0,0,0,0,1,0,0,3,7,41.91138738,-87.7629206
0,333486,-1,30,1,2,0,3,10,5,4,0,0,0,0,-1,-1,1,16,18,1621,-1,-1,-1,-1,-1,-1,2,0,0,0,0,0,3,0,23,2,7,42.00474266,-87.76195893
0,332961,-1,30,0,0,0,0,7,5,2,0,0,0,1,-1,-1,1,27,25,312,-1,-1,-1,-1,-1,-1,2,0,0,0,0,0,1,0,23,2,7,41.77910122,-87.61423778
0,367636,-1,5,0,0,-1,3,7,0,1,0,-1,0,0,-1,-1,-1,33,0,712,-1,-1,-1,-1,-1,-1,2,0,0,0,0,0,1,0,23,2,7,41.78499449,-87.64506315
0,332947,-1,30,1,2,0,3,0,2,-1,0,0,-1,1,1,-1,-1,0,-1,1431,-1,-1,-1,-1,-1,-1,2,0,0,0,0,0,2,0,23,2,7,41.92500994,-87.68770475
2,332929,-1,30,1,2,0,3,0,5,-1,0,0,0,1,1,-1,-1,0,-1,312,-1,-1,-1,-1,-1,-1,2,1,0,0,1,0,1,0,23,2,7,41.78031747,-87.60607456
2,332920,-1,30,1,2,0,3,14,5,4,0,0,0,1,1,-1,-1,17,0,312,-1,-1,-1,-1,-1,-1,2,3,0,0,3,0,0,0,23,2,7,41.77305814,-87.61559908
0,332921,-1,30,0,0,0,3,2,6,1,0,0,0,1,-1,-1,0,0,0,621,-1,-1,-1,-1,-1,-1,1,0,0,0,0,0,3,0,22,2,7,41.75761106,-87.64679658
2,332907,-1,30,1,2,0,4,10,5,2,0,0,0,1,1,-1,-1,18,16,1632,-1,-1,-1,-1,-1,-1,2,2,0,0,2,0,2,0,22,2,7,41.94559181,-87.79585167
0,332950,-1,15,0,0,0,3,7,7,0,0,0,0,0,-1,-1,-1,20,20,2514,-1,-1,-1,-1,-1,-1,2,0,0,0,0,0,1,0,22,2,7,41.92967704,-87.7660426
0,332883,-1,5,0,0,0,3,0,7,-1,0,0,0,0,-1,-1,-1,0,-1,1712,-1,-1,-1,-1,-1,-1,2,0,0,0,0,0,2,0,22,2,7,41.9721918,-87.72828597
0,332872,-1,20,2,2,0,3,0,5,2,0,0,0,0,-1,1,1,0,-1,2222,-1,-1,-1,-1,-1,-1,2,0,0,0,0,0,2,0,22,2,7,41.72850223,-87.65692259
0,332873,-1,30,1,2,0,3,14,1,4,0,0,0,1,1,-1,-1,0,0,2512,-1,-1,-1,-1,-1,-1,2,0,0,0,0,0,2,0,22,2,7,41.92388497,-87.80619241
0,332891,-1,20,0,0,0,3,12,6,1,0,0,-1,1,-1,-1,-1,17,16,2411,-1,-1,-1,-1,-1,-1,2,0,0,0,0,0,3,0,22,2,7,42.01819922,-87.68881966
3,332868,-1,30,1,2,0,3,0,3,4,0,0,0,1,1,-1,-1,6,32,2232,-1,1,-1,-1,-1,-1,2,2,0,1,1,0,0,0,22,2,7,41.71412565,-87.64285255
0,332880,-1,25,0,0,0,3,12,6,2,0,0,0,0,-1,-1,-1,0,0,1831,-1,-1,-1,-1,-1,-1,2,0,0,0,0,0,2,0,22,2,7,41.89094466,-87.62955405
0,332866,-1,35,1,2,0,0,14,2,4,0,0,0,0,1,-1,-1,23,11,1434,-1,-1,-1,-1,-1,-1,2,0,0,0,0,0,4,0,22,2,7,41.91672751,-87.68703809
0,332856,-1,35,1,2,0,3,12,5,-1,0,0,0,0,-1,-1,-1,21,-1,2211,-1,-1,-1,-1,-1,-1,2,0,0,0,0,0,3,0,22,2,7,41.69919206,-87.68144038
0,332844,1,30,0,0,0,3,12,5,-1,0,0,-1,0,-1,-1,-1,21,22,2411,1,-1,-1,-1,-1,-1,2,0,0,0,0,0,2,0,21,2,7,42.00644537,-87.68089832
1,332839,-1,30,1,2,0,3,9,5,2,0,0,0,1,-1,-1,1,6,-1,1824,-1,-1,-1,-1,-1,-1,2,1,0,0,0,1,1,0,21,2,7,41.90212753,-87.6285014
2,332875,-1,30,1,-1,0,3,14,2,-1,0,-1,-1,1,1,-1,-1,18,-1,1134,-1,-1,-1,-1,-1,-1,2,2,0,0,1,1,6,0,21,2,7,41.86651389,-87.7057336
0,332815,-1,30,0,0,0,0,10,3,2,0,0,0,0,0,-1,-1,18,18,111,-1,1,-1,-1,-1,-1,2,0,0,0,0,0,2,0,21,2,7,41.88655941,-87.62781189
2,332840,-1,30,1,2,0,3,9,5,2,0,0,0,1,-1,-1,-1,17,0,1212,-1,-1,-1,-1,-1,-1,2,1,0,0,1,0,1,0,21,2,7,41.89942766,-87.68679101
0,332770,-1,30,0,0,0,3,14,2,4,0,0,0,1,1,-1,-1,33,33,2515,-1,-1,-1,-1,-1,-1,2,0,0,0,0,0,2,0,21,2,7,41.92381583,-87.76957407
0,332843,-1,30,0,0,0,3,14,5,4,0,0,-1,0,-1,-1,-1,22,-1,1631,-1,-1,-1,-1,-1,-1,2,0,0,0,0,0,2,0,21,2,7,41.93792507,-87.82269134
2,332768,-1,30,1,2,0,3,8,3,4,0,0,0,1,1,-1,-1,6,-1,1433,-1,-1,-1,-1,-1,-1,2,1,0,0,1,0,1,0,21,2,7,41.91614728,-87.66794735
0,332836,-1,30,0,-1,0,-1,7,6,1,0,-1,-1,0,-1,-1,1,0,-1,1033,-1,-1,-1,-1,-1,-1,2,0,0,0,0,0,1,0,21,2,7,41.841211,-87.70112251
0,332818,-1,30,1,2,0,3,10,5,2,0,0,-1,0,-1,-1,-1,18,0,2523,-1,-1,-1,-1,-1,-1,3,0,0,0,0,0,5,0,21,2,7,41.93189772,-87.72710503
0,332761,-1,30,0,0,0,4,12,5,2,0,0,0,0,-1,-1,-1,22,17,2511,-1,-1,-1,-1,-1,-1,2,0,0,0,0,0,3,0,20,2,7,41.93769495,-87.77633683
0,332728,-1,30,0,0,0,1,10,5,-1,0,0,0,0,-1,-1,-1,18,7,734,-1,-1,-1,-1,-1,-1,2,0,0,0,0,0,2,0,20,2,7,41.76501926,-87.66373787
0,332689,-1,30,0,0,0,4,14,5,-1,0,0,0,1,-1,-1,-1,23,11,1531,-1,-1,-1,-1,-1,-1,2,0,0,0,0,0,2,0,20,2,7,41.8985103,-87.75215436
0,332776,-1,30,1,-1,0,3,14,5,-1,0,0,0,0,-1,-1,1,0,0,411,-1,-1,-1,-1,-1,-1,2,0,0,0,0,0,4,0,20,2,7,41.75161152,-87.58559228
1,332692,-1,30,2,2,0,1,14,5,2,0,0,0,1,-1,-1,-1,5,16,224,-1,-1,-1,-1,-1,-1,2,1,0,0,0,1,1,0,20,2,7,41.80560178,-87.61964134
0,332959,-1,30,0,0,0,4,10,6,1,0,0,0,0,-1,-1,-1,11,0,1832,-1,-1,-1,-1,-1,-1,2,0,0,0,0,0,2,0,20,2,7,41.89811184,-87.62893879
0,332905,-1,30,0,0,0,3,7,7,-1,0,0,0,0,-1,-1,1,20,0,735,-1,-1,-1,-1,-1,-1,2,0,0,0,0,0,1,0,20,2,7,41.76485938,-87.66394018
0,332698,-1,30,0,0,0,1,14,5,4,0,0,0,0,-1,-1,-1,17,-1,2533,-1,-1,-1,-1,-1,-1,2,0,0,0,0,0,2,0,20,2,7,41.90857261,-87.74622979
0,332679,-1,30,0,0,0,4,10,5,2,0,-1,-1,0,1,-1,-1,18,-1,915,-1,-1,-1,-1,-1,-1,2,0,0,0,0,0,2,0,20,2,7,41.83100594,-87.63509305
0,332785,-1,35,0,0,0,-1,7,2,2,0,0,0,0,-1,-1,1,-1,-1,1232,-1,-1,-1,-1,-1,-1,2,0,0,0,0,0,1,0,20,2,7,41.87903213,-87.65092417
0,332760,-1,15,0,0,0,1,7,0,1,0,0,0,0,-1,-1,-1,12,16,814,-1,-1,-1,-1,-1,-1,2,0,0,0,0,0,1,0,20,2,7,41.80551619,-87.74906684
0,332666,-1,30,1,2,0,1,0,2,-1,0,0,0,0,-1,-1,1,6,11,511,-1,-1,-1,-1,-1,-1,2,0,0,0,0,0,2,0,19,2,7,41.70784496,-87.58893873
0,332748,-1,25,2,12,0,4,10,5,2,0,0,0,1,0,-1,-1,18,-1,1724,-1,-1,-1,-1,-1,-1,2,0,0,0,0,0,2,0,19,2,7,41.95927105,-87.708333
0,332642,-1,30,1,2,0,1,14,5,4,0,0,0,0,1,-1,-1,23,-1,124,-1,-1,-1,-1,-1,-1,2,0,0,0,0,0,2,0,19,2,7,41.87451601,-87.6395015
0,334115,-1,0,0,0,0,1,7,6,1,0,0,-1,0,-1,-1,-1,0,0,2213,-1,-1,-1,-1,-1,-1,2,0,0,0,0,0,1,0,19,2,7,41.71503622,-87.66781378
0,332831,1,30,0,0,0,1,14,5,-1,0,0,-1,0,-1,-1,-1,11,0,2511,-1,-1,-1,-1,-1,-1,2,0,0,0,0,0,2,0,19,2,7,41.93763625,-87.7763346
0,332758,-1,30,-1,-1,0,3,7,2,-1,0,0,-1,0,-1,-1,1,0,-1,1115,-1,-1,-1,-1,-1,-1,2,0,0,0,0,0,1,0,19,2,7,41.87986955,-87.72583766
0,333115,-1,35,0,0,0,1,12,5,4,0,0,0,0,-1,-1,-1,18,18,1132,-1,-1,-1,-1,-1,-1,2,0,0,0,0,0,2,0,19,2,7,41.87453731,-87.7255969
0,344164,-1,30,1,2,0,1,12,5,-1,0,0,0,0,-1,-1,-1,0,0,1132,-1,-1,-1,-1,-1,-1,2,0,0,0,0,0,3,0,19,2,7,41.87434205,-87.72559
0,332623,-1,10,0,0,0,1,2,0,-1,0,0,-1,0,-1,1,0,0,0,1633,-1,-1,-1,-1,-1,-1,1,0,0,0,0,0,2,0,19,2,7,41.94954387,-87.7749329
1,336397,-1,30,1,0,0,1,10,5,2,0,0,0,1,-1,-1,-1,18,-1,1623,-1,-1,-1,-1,-1,-1,2,1,0,0,0,1,1,0,19,2,7,41.97516141,-87.7532612
0,332648,-1,30,1,2,0,1,10,6,-1,0,0,0,1,-1,-1,-1,16,18,124,-1,-1,-1,-1,-1,-1,3,0,0,0,0,0,3,0,18,2,7,41.87439285,-87.64374112
0,332575,-1,35,0,2,0,1,7,6,1,0,0,0,1,-1,-1,1,10,14,1114,-1,-1,-1,-1,-1,-1,3,0,0,0,0,0,1,0,18,2,7,41.88633588,-87.72813708
0,332756,-1,30,0,0,0,4,11,5,2,0,-1,-1,0,1,-1,-1,0,-1,1813,-1,-1,-1,-1,-1,-1,2,0,0,0,0,0,2,0,18,2,7,41.91819779,-87.63974737
0,332661,-1,30,0,0,0,1,7,7,-1,0,0,0,0,-1,-1,1,0,0,522,-1,-1,-1,-1,-1,-1,2,0,0,0,0,0,1,0,18,2,7,41.69248223,-87.62805406
0,332544,-1,30,0,0,0,1,10,2,2,0,0,0,1,-1,-1,-1,32,32,1733,-1,-1,-1,-1,-1,-1,2,0,0,0,0,0,2,0,18,2,7,41.94322082,-87.69807931
0,332533,-1,30,0,0,0,1,7,6,-1,0,0,0,0,-1,-1,1,0,-1,2022,-1,-1,-1,-1,-1,-1,2,0,0,0,0,0,1,0,18,2,7,41.98434315,-87.65648678
0,334982,1,30,0,0,0,1,7,6,-1,0,0,0,1,-1,-1,1,0,0,2534,-1,-1,-1,-1,-1,-1,2,0,0,0,0,0,1,0,18,2,7,41.91134682,-87.73384795
0,333640,-1,30,1,2,0,1,12,5,-1,0,0,0,0,-1,-1,-1,21,21,2221,-1,-1,-1,-1,-1,-1,2,0,0,0,0,0,2,0,18,2,7,41.72118979,-87.67214621
0,333113,1,20,0,0,0,0,12,5,1,0,0,0,0,-1,-1,-1,0,0,1214,-1,-1,-1,-1,-1,-1,2,0,0,0,0,0,2,0,18,2,7,41.88666204,-87.64881904
2,332596,-1,30,2,2,0,1,14,5,3,0,0,12,1,1,-1,-1,17,-1,1733,-1,-1,-1,-1,-1,-1,3,1,0,0,1,0,1,0,18,2,7,41.94855986,-87.7116962
0,332586,-1,25,0,0,0,1,12,5,-1,0,0,0,0,-1,-1,-1,17,21,2413,-1,-1,-1,-1,-1,-1,2,0,0,0,0,0,2,0,18,2,7,41.99072922,-87.68297945
0,332570,-1,30,0,0,0,1,10,5,-1,0,0,0,0,-1,-1,-1,0,0,2011,-1,-1,-1,-1,-1,-1,2,0,0,0,0,0,2,0,18,2,7,41.98551756,-87.69908947
0,332565,-1,35,12,0,0,1,0,5,-1,0,0,0,0,-1,-1,-1,0,-1,1622,-1,-1,-1,-1,-1,-1,2,0,0,0,0,0,2,0,18,2,7,41.98301323,-87.78049828
0,332548,-1,30,2,0,0,1,0,5,2,0,0,-1,1,-1,-1,1,0,0,612,-1,-1,-1,-1,-1,-1,2,0,0,0,0,0,3,0,18,2,7,41.75397186,-87.65882803
0,332547,-1,15,0,-1,0,1,7,7,-1,0,0,-1,0,-1,-1,-1,11,0,1914,-1,-1,-1,-1,-1,-1,2,0,0,0,0,0,2,0,18,2,7,41.96749687,-87.64412849
0,332535,-1,30,0,0,0,1,10,5,4,0,0,12,0,-1,-1,-1,0,0,2221,-1,-1,-1,-1,-1,-1,2,0,0,0,0,0,6,0,18,2,7,41.73571481,-87.66199266
0,332525,-1,30,0,0,0,1,14,2,2,0,0,-1,0,-1,-1,-1,17,0,2523,-1,-1,-1,-1,-1,-1,2,0,0,0,0,0,2,0,18,2,7,41.93735773,-87.72728293
0,332600,-1,30,0,0,0,1,0,5,-1,0,0,0,0,-1,-1,-1,20,16,915,-1,-1,-1,-1,-1,-1,2,0,0,0,0,0,2,0,18,2,7,41.83635219,-87.64470787
2,332474,-1,30,1,2,0,1,9,2,4,0,0,0,1,-1,-1,-1,6,17,2432,-1,1,-1,-1,-1,-1,2,1,0,0,1,0,1,0,18,2,7,41.99826219,-87.65880549
0,332517,-1,30,0,0,0,1,7,6,1,0,0,0,0,-1,-1,-1,0,-1,813,-1,-1,-1,-1,-1,-1,2,0,0,0,0,0,1,0,18,2,7,41.79287891,-87.73678
0,332723,-1,25,1,2,0,1,14,5,4,0,0,0,0,1,-1,-1,11,17,1522,-1,-1,-1,-1,-1,-1,2,0,0,0,0,0,2,0,18,2,7,41.87579572,-87.75504255
2,332604,-1,35,0,0,0,1,12,5,4,0,0,0,1,-1,-1,-1,22,-1,821,-1,-1,-1,-1,-1,-1,2,1,0,0,1,0,2,0,18,2,7,41.80812368,-87.71233215
2,332560,-1,30,1,-1,0,1,9,1,4,0,0,0,1,1,-1,1,0,0,1424,-1,-1,-1,-1,-1,-1,2,1,0,0,1,0,1,0,18,2,7,41.9033019,-87.67720022
-1,336871,1,25,0,0,0,-1,7,5,-1,0,0,0,1,-1,1,1,-1,-1,332,-1,-1,-1,-1,-1,-1,2,-1,-1,-1,-1,-1,-1,-1,18,2,7,41.76627355,-87.58397348
0,332557,-1,15,0,0,0,1,12,7,3,0,0,-1,0,-1,1,1,22,0,634,-1,-1,-1,-1,-1,-1,2,0,0,0,0,0,4,0,18,2,7,41.73614513,-87.62691784
0,332486,-1,30,0,0,0,1,12,5,-1,0,0,0,0,-1,-1,-1,0,0,1833,-1,-1,-1,-1,-1,-1,2,0,0,0,0,0,2,0,18,2,7,41.90050899,-87.62433364
0,332495,-1,30,2,-1,0,1,14,5,-1,0,0,0,0,-1,-1,-1,0,0,332,-1,-1,-1,-1,-1,-1,2,0,0,0,0,0,2,0,18,2,7,41.77328005,-87.58147402
0,332466,-1,30,0,0,0,2,7,5,-1,0,0,0,0,-1,-1,1,16,-1,911,-1,-1,-1,-1,-1,-1,2,0,0,0,0,0,1,0,18,2,7,41.82996013,-87.68517062
0,332488,-1,30,0,0,0,1,7,5,-1,0,0,0,1,-1,-1,1,16,0,915,-1,-1,-1,-1,-1,-1,2,0,0,0,0,0,1,0,18,2,7,41.82401184,-87.64092647
0,332487,-1,30,0,0,0,1,12,5,2,0,0,0,0,-1,-1,-1,17,25,1433,-1,-1,-1,-1,-1,-1,2,0,0,0,0,0,2,0,18,2,7,41.91071246,-87.66973718
0,332526,-1,30,1,2,0,1,12,5,2,0,0,0,0,1,-1,-1,21,-1,1834,-1,-1,-1,-1,-1,-1,2,0,0,0,0,0,2,0,18,2,7,41.89327291,-87.62556415
0,332451,-1,30,2,2,0,1,12,5,-1,0,0,0,0,-1,-1,1,23,22,1223,-1,-1,-1,-1,-1,-1,2,0,0,0,0,0,2,0,17,2,7,41.88138743,-87.67921068
0,332456,-1,10,0,0,0,1,0,7,-1,0,0,0,0,-1,-1,1,0,11,812,-1,-1,-1,-1,-1,-1,2,0,0,0,0,0,2,0,17,2,7,41.77775701,-87.78322914
0,332610,-1,30,0,0,0,1,7,5,-1,0,0,0,1,-1,-1,1,0,0,924,-1,-1,-1,-1,-1,-1,2,0,0,0,0,0,1,0,17,2,7,41.81584112,-87.68056358
0,332478,-1,30,2,2,0,1,0,2,2,0,0,0,0,1,-1,-1,17,-1,432,-1,-1,-1,-1,-1,-1,2,0,0,0,0,0,4,0,17,2,7,41.71377368,-87.53754491
0,322422,-1,30,0,0,0,1,7,5,2,0,0,-1,0,-1,-1,1,0,-1,215,-1,-1,-1,-1,-1,-1,2,0,0,0,0,0,1,0,17,2,7,41.81102661,-87.62053953
0,332420,-1,45,0,3,0,1,10,3,-1,0,0,0,0,-1,-1,-1,18,11,331,-1,-1,-1,-1,-1,-1,2,0,0,0,0,0,2,0,17,2,7,41.78772354,-87.57794018
0,332397,-1,30,0,0,0,1,11,6,-1,0,0,0,0,-1,-1,-1,-1,-1,1421,-1,-1,-1,-1,-1,-1,2,0,0,0,0,0,3,0,17,2,7,41.91456169,-87.69481568
0,332483,-1,15,2,2,0,1,10,6,1,0,0,0,0,-1,-1,-1,18,0,312,-1,-1,-1,-1,-1,-1,2,0,0,0,0,0,2,0,17,2,7,41.77870189,-87.60820086
0,332399,-1,30,0,0,0,1,7,5,2,0,0,0,0,-1,-1,-1,-1,-1,932,-1,-1,-1,-1,-1,-1,2,0,0,0,0,0,1,0,17,2,7,41.80072616,-87.67070076
2,332396,-1,30,0,0,0,1,8,5,2,0,0,1,1,-1,-1,-1,29,-1,2514,-1,-1,1,-1,-1,-1,2,1,0,0,1,0,1,0,17,2,7,41.9305894,-87.76607412
0,332439,-1,30,1,2,0,1,0,2,2,0,0,0,1,1,-1,-1,6,0,1033,-1,-1,-1,-1,-1,-1,2,0,0,0,0,0,2,0,17,2,7,41.84465561,-87.70266174
0,332421,-1,30,0,0,0,1,12,5,-1,0,0,0,0,-1,-1,-1,0,0,111,-1,-1,-1,-1,-1,-1,2,0,0,0,0,0,2,0,17,2,7,41.88568474,-87.62465292
0,332576,-1,30,1,2,0,1,1,5,-1,0,0,-1,0,-1,-1,-1,1,-1,1631,-1,-1,-1,-1,-1,-1,2,0,0,0,0,0,1,0,17,2,7,41.93782689,-87.8359281
0,332543,-1,55,0,0,0,1,12,6,-1,0,0,-1,0,-1,-1,-1,23,14,132,-1,-1,-1,-1,-1,-1,2,0,0,0,0,0,2,0,17,2,7,41.86748423,-87.61915038
0,332502,-1,30,1,2,0,1,14,2,2,0,0,0,0,-1,-1,-1,17,-1,124,-1,-1,-1,-1,-1,-1,2,0,0,0,0,0,2,0,17,2,7,41.86735618,-87.64022664
3,332414,-1,30,0,0,0,1,7,5,-1,0,0,0,1,-1,-1,-1,27,-1,1434,-1,-1,-1,-1,-1,-1,5,1,0,1,0,0,0,0,17,2,7,41.91565878,-87.6838302
0,332405,-1,25,1,2,0,1,10,6,1,0,0,-1,0,1,-1,-1,16,0,1031,-1,-1,-1,-1,-1,-1,2,0,0,0,0,0,5,0,17,2,7,41.83697476,-87.72936289
0,332401,-1,25,0,0,0,1,7,6,1,0,0,1,0,-1,-1,-1,0,0,224,-1,-1,-1,-1,-1,-1,2,0,0,0,0,0,1,0,17,2,7,41.80908077,-87.62859222
0,332379,-1,30,0,0,0,1,0,7,0,0,0,0,0,-1,1,-1,16,33,1624,-1,-1,-1,-1,-1,-1,2,0,0,0,0,0,3,0,17,2,7,41.95327275,-87.76715015