MOST_SEVERE_INJURY,RD_NO,CRASH_DATE_EST_I,POSTED_SPEED_LIMIT,TRAFFIC_CONTROL_DEVICE,DEVICE_CONDITION,WEATHER_CONDITION,LIGHTING_CONDITION,FIRST_CRASH_TYPE,TRAFFICWAY_TYPE,LANE_CNT,ALIGNMENT,ROADWAY_SURFACE_COND,ROAD_DEFECT,CRASH_TYPE,INTERSECTION_RELATED_I,NOT_RIGHT_OF_WAY_I,HIT_AND_RUN_I,PRIM_CONTRIBUTORY_CAUSE,SEC_CONTRIBUTORY_CAUSE,BEAT_OF_OCCURRENCE,PHOTOS_TAKEN_I,STATEMENTS_TAKEN_I,DOORING_I,WORK_ZONE_I,WORK_ZONE_TYPE,WORKERS_PRESENT_I,NUM_UNITS,INJURIES_TOTAL,INJURIES_FATAL,INJURIES_INCAPACITATING,INJURIES_NON_INCAPACITATING,INJURIES_REPORTED_NOT_EVIDENT,INJURIES_NO_INDICATION,INJURIES_UNKNOWN,CRASH_HOUR,CRASH_DAY_OF_WEEK,CRASH_MONTH,LATITUDE,LONGITUDE
0,332823,-1,30,0,0,0,1,14,5,-1,0,0,0,0,-1,-1,-1,0,0,1813,-1,-1,-1,-1,-1,-1,2,0,0,0,0,0,2,0,17,2,7,41.91819779,-87.63974737
0,332522,-1,35,0,0,0,1,11,7,-1,0,0,0,0,-1,-1,-1,20,-1,211,-1,-1,-1,-1,-1,-1,2,0,0,0,0,0,2,0,17,2,7,41.83329377,-87.61685734
0,332433,-1,30,0,0,0,1,7,2,4,0,0,0,0,-1,-1,1,23,21,114,-1,-1,-1,-1,-1,-1,2,0,0,0,0,0,1,0,17,2,7,41.88780415,-87.6224966
0,332410,-1,35,0,0,0,1,0,5,-1,0,0,-1,0,-1,-1,-1,0,-1,1631,-1,-1,-1,-1,-1,-1,2,0,0,0,0,0,2,0,17,2,7,41.93989605,-87.80696191
0,332400,-1,30,0,0,0,1,7,5,2,0,0,0,0,-1,-1,-1,11,0,1731,-1,-1,-1,-1,-1,-1,2,0,0,0,0,0,1,0,17,2,7,41.9460587,-87.74370991
0,332351,-1,25,0,0,0,1,7,6,1,0,0,0,0,-1,-1,-1,11,0,2011,-1,-1,-1,-1,-1,-1,2,0,0,0,0,0,2,0,16,2,7,41.98477074,-87.69207152
0,332579,-1,30,1,2,0,1,10,5,-1,0,-1,-1,0,-1,-1,-1,0,0,2411,-1,-1,-1,-1,-1,-1,2,0,0,0,0,0,2,0,16,2,7,42.01185199,-87.70456666
0,332573,-1,0,1,2,0,1,12,6,2,0,0,0,0,-1,-1,-1,0,0,224,-1,-1,-1,-1,-1,-1,2,0,0,0,0,0,2,0,16,2,7,41.80920235,-87.62112969
0,332361,-1,25,0,0,0,1,7,6,1,0,0,0,0,-1,-1,1,0,0,1732,-1,-1,-1,-1,-1,-1,2,0,0,0,0,0,1,0,16,2,7,41.94736204,-87.72958627
0,332357,-1,30,1,2,2,1,10,5,-1,0,0,0,0,-1,-1,1,18,-1,1221,-1,-1,-1,-1,-1,-1,2,0,0,0,0,0,2,0,16,2,7,41.89559207,-87.69171227
0,332904,-1,30,0,0,0,1,14,5,4,0,0,0,0,-1,-1,-1,23,-1,1613,-1,-1,-1,-1,-1,-1,2,0,0,0,0,0,2,0,16,2,7,41.97668126,-87.8071647
0,332473,-1,30,1,-1,0,1,10,2,4,0,0,0,1,-1,-1,-1,7,-1,2413,-1,-1,-1,-1,-1,-1,2,0,0,0,0,0,2,0,16,2,7,41.99170491,-87.68984577
3,332359,-1,30,0,0,0,1,10,3,2,0,0,0,1,-1,1,-1,18,-1,1614,-1,-1,-1,-1,-1,-1,3,1,0,1,0,0,2,0,16,2,7,41.95760399,-87.83682124
0,332352,-1,30,0,0,0,1,14,5,2,0,0,0,0,-1,-1,1,17,-1,1613,-1,-1,-1,-1,-1,-1,2,0,0,0,0,0,3,0,16,2,7,41.974648,-87.80712789
0,332363,-1,30,1,2,0,1,10,3,-1,0,0,0,0,1,-1,-1,12,-1,911,-1,-1,-1,-1,-1,-1,2,0,0,0,0,0,4,0,16,2,7,41.82298421,-87.68502582
2,333332,-1,0,2,2,0,1,0,2,2,0,0,0,1,-1,-1,1,0,-1,334,-1,-1,-1,-1,-1,-1,2,1,0,0,1,0,4,0,16,2,7,41.76247832,-87.55886378
0,332539,-1,35,2,0,0,1,7,2,-1,0,0,0,0,-1,-1,1,16,-1,1234,-1,-1,-1,-1,-1,-1,2,0,0,0,0,0,1,0,16,2,7,41.85620348,-87.67090982
0,332381,-1,30,0,0,0,1,10,6,1,0,0,-1,0,-1,-1,1,14,14,2531,-1,-1,-1,-1,-1,-1,2,0,0,0,0,0,2,0,16,2,7,41.90884793,-87.76938228
0,332313,-1,30,0,0,0,1,10,5,2,0,0,-1,0,-1,-1,-1,18,-1,424,-1,-1,-1,-1,-1,-1,3,0,0,0,0,0,4,0,16,2,7,41.72294804,-87.54509571
0,332615,-1,30,1,2,0,4,10,2,4,0,0,0,0,-1,-1,1,11,11,2011,-1,-1,-1,-1,-1,-1,2,0,0,0,0,0,3,0,16,2,7,41.99033008,-87.70004925
0,332366,-1,30,1,2,0,1,8,5,4,0,0,-1,0,-1,-1,1,0,0,2033,-1,-1,-1,-1,-1,-1,2,0,0,0,0,0,3,0,16,2,7,41.97610349,-87.66000807
0,332348,-1,25,0,0,0,1,12,5,-1,0,0,-1,0,-1,-1,-1,17,21,2413,-1,-1,-1,-1,-1,-1,2,0,0,0,0,0,2,0,16,2,7,41.9974569,-87.69928764
0,332373,-1,30,0,0,0,1,10,5,-1,0,0,0,0,-1,-1,-1,0,-1,734,-1,-1,-1,-1,-1,-1,2,0,0,0,0,0,2,0,16,2,7,41.76849324,-87.66163616
0,332300,-1,30,0,0,0,1,14,5,2,0,0,0,0,-1,-1,-1,17,0,1931,-1,-1,-1,-1,-1,-1,2,0,0,0,0,0,2,0,16,2,7,41.93099859,-87.67810916
0,332287,-1,30,1,2,0,1,8,6,2,0,0,0,0,1,-1,-1,6,17,1414,-1,-1,-1,-1,-1,-1,2,0,0,0,0,0,2,0,16,2,7,41.92161169,-87.70237965
0,334057,-1,30,0,0,0,1,10,5,-1,0,0,0,0,-1,-1,-1,18,-1,1611,-1,-1,-1,-1,-1,-1,2,0,0,0,0,0,2,0,16,2,7,41.99946115,-87.80662719
0,332260,-1,30,0,-1,0,1,10,5,1,0,0,3,1,-1,-1,-1,18,0,726,-1,-1,-1,1,2,-1,2,0,0,0,0,0,2,0,16,2,7,41.77300993,-87.67388003
0,332253,-1,20,0,0,0,1,7,6,-1,0,0,0,0,-1,-1,-1,17,-1,1524,-1,-1,-1,-1,-1,-1,2,0,0,0,0,0,3,0,16,2,7,41.89145787,-87.76066008
0,332284,-1,30,1,2,0,1,10,2,6,0,0,0,1,-1,-1,-1,16,-1,2031,-1,-1,-1,-1,-1,-1,2,0,0,0,0,0,3,0,16,2,7,41.97461163,-87.68895896
2,332356,-1,30,1,2,0,1,10,6,3,0,0,0,1,1,-1,-1,18,18,1834,-1,-1,-1,-1,-1,-1,3,2,0,0,2,0,3,0,16,2,7,-1,-1
0,332330,-1,30,0,0,0,1,0,5,-1,0,0,0,0,-1,-1,-1,17,22,1912,-1,-1,-1,-1,-1,-1,2,0,0,0,0,0,2,0,16,2,7,41.9542964,-87.67645235
0,333794,-1,35,0,0,0,1,10,5,4,0,0,0,0,-1,-1,-1,16,18,911,-1,-1,-1,-1,-1,-1,2,0,0,0,0,0,2,0,16,2,7,41.82375847,-87.68871656
0,333510,-1,10,2,2,0,1,10,7,-1,0,0,0,0,-1,-1,-1,18,-1,1231,-1,-1,-1,-1,-1,-1,2,0,0,0,0,0,2,0,16,2,7,41.873217,-87.67567518
0,332434,-1,15,0,0,0,1,0,7,-1,0,0,0,0,-1,1,-1,0,-1,811,-1,-1,-1,-1,-1,-1,2,0,0,0,0,0,2,0,16,2,7,41.79185207,-87.8013778
0,332398,-1,30,0,0,0,1,7,5,1,0,0,0,0,-1,-1,1,0,-1,1633,-1,-1,-1,-1,-1,-1,2,0,0,0,0,0,1,0,16,2,7,41.93866932,-87.76777554
0,332273,-1,30,0,0,0,1,10,3,-1,0,0,0,0,-1,-1,1,0,0,2223,-1,-1,-1,-1,-1,-1,2,0,0,0,0,0,2,0,16,2,7,41.71753744,-87.64325162
0,332268,-1,30,0,0,0,1,14,5,-1,0,0,12,0,-1,-1,-1,0,0,2221,-1,-1,-1,-1,-1,-1,2,0,0,0,0,0,2,0,16,2,7,41.72294122,-87.66286287
0,332285,-1,30,0,0,0,1,10,3,6,0,0,0,0,-1,-1,-1,18,16,112,-1,-1,-1,-1,-1,-1,2,0,0,0,0,0,4,0,15,2,7,41.88288074,-87.62453523
0,332332,-1,30,0,0,0,1,10,5,4,0,0,0,1,-1,-1,-1,18,16,413,-1,-1,-1,-1,-1,-1,2,0,0,0,0,0,2,0,15,2,7,41.72268453,-87.56678915
0,336708,-1,10,0,0,0,1,0,7,-1,0,0,0,0,-1,-1,-1,0,0,1432,-1,-1,-1,-1,-1,-1,2,0,0,0,0,0,2,0,15,2,7,41.93210986,-87.68361585
0,332290,-1,30,1,2,0,1,14,5,-1,0,0,0,0,1,-1,-1,16,23,1834,-1,-1,-1,-1,-1,-1,2,0,0,0,0,0,2,0,15,2,7,41.89201935,-87.61377164
0,332241,-1,30,0,0,0,1,2,2,2,0,0,0,1,-1,-1,-1,4,11,732,-1,-1,-1,-1,-1,-1,1,0,0,0,0,0,1,0,15,2,7,41.76516892,-87.63949558
2,332703,-1,35,1,2,0,1,8,6,3,2,0,0,1,-1,-1,1,21,0,1824,-1,-1,-1,-1,-1,-1,2,1,0,0,1,0,1,0,15,2,7,41.90100286,-87.61977981
2,332254,-1,20,2,2,0,1,14,2,3,0,0,0,1,1,-1,-1,17,-1,2432,-1,-1,-1,-1,-1,-1,2,2,0,0,1,1,2,0,15,2,7,42.00453928,-87.67071641
0,335110,-1,30,2,2,0,1,0,6,-1,0,0,0,0,-1,-1,1,6,6,1532,-1,-1,-1,-1,-1,-1,2,0,0,0,0,0,2,0,15,2,7,41.88185978,-87.75034781
0,332276,-1,30,0,0,0,1,10,5,-1,0,0,0,0,-1,-1,-1,0,0,1621,-1,-1,-1,-1,-1,-1,2,0,0,0,0,0,2,0,15,2,7,41.99514164,-87.7618029
1,332412,-1,25,0,0,0,1,14,5,-1,0,0,0,1,1,-1,-1,17,-1,2515,-1,-1,-1,-1,-1,-1,2,2,0,0,0,2,4,0,15,2,7,41.91713303,-87.75760336
0,338178,-1,30,1,2,0,1,10,2,2,0,0,0,0,-1,-1,-1,18,0,1034,-1,-1,-1,-1,-1,-1,2,0,0,0,0,0,2,0,15,2,7,41.84853919,-87.67541698
0,332267,-1,30,0,0,0,1,12,5,-1,0,0,0,0,-1,-1,-1,0,0,121,-1,-1,-1,-1,-1,-1,2,0,0,0,0,0,2,0,15,2,7,41.87853128,-87.63942746
0,332365,-1,30,0,0,0,1,2,0,1,0,0,0,1,-1,-1,-1,0,0,735,-1,-1,-1,-1,-1,-1,1,0,0,0,0,0,1,0,15,2,7,41.76839298,-87.67377006
0,332419,-1,30,0,0,0,1,7,7,1,0,0,0,0,-1,-1,-1,0,-1,1621,-1,-1,-1,-1,-1,-1,2,0,0,0,0,0,1,0,15,2,7,42.01209195,-87.77702767
0,332256,-1,30,0,0,0,1,7,5,2,0,0,-1,1,-1,-1,0,-1,-1,613,-1,-1,-1,-1,-1,-1,2,0,0,0,0,0,1,0,15,2,7,41.743074,-87.65548649
0,332220,-1,30,1,2,0,1,10,5,2,0,0,0,0,-1,-1,-1,18,16,2524,1,-1,-1,-1,-1,-1,2,0,0,0,0,0,2,0,15,2,7,41.93174236,-87.72712439
0,332197,-1,30,0,0,0,1,10,5,-1,0,0,0,0,-1,-1,1,18,-1,1023,-1,-1,-1,-1,-1,-1,2,0,0,0,0,0,2,0,15,2,7,41.85212453,-87.68728217
0,332188,-1,30,0,0,0,1,12,2,2,0,0,0,0,-1,-1,-1,0,-1,631,-1,-1,-1,-1,-1,-1,2,0,0,0,0,0,2,0,15,2,7,41.74408778,-87.6043725
0,346578,1,30,-1,-1,-1,-1,7,5,-1,0,-1,-1,0,-1,-1,1,0,0,1131,-1,-1,-1,-1,-1,-1,2,0,0,0,0,0,1,0,15,2,7,41.87146265,-87.73636133
0,335001,-1,30,0,0,0,1,7,7,-1,0,0,0,0,-1,1,-1,4,16,133,-1,-1,-1,-1,-1,-1,2,0,0,0,0,0,1,0,14,2,7,41.84077124,-87.62311996
0,332201,-1,30,1,2,0,1,0,5,-1,0,0,0,1,-1,-1,-1,0,0,2013,-1,-1,-1,-1,-1,-1,2,0,0,0,0,0,2,0,14,2,7,41.99075625,-87.66987572
0,332297,-1,30,1,2,0,1,10,3,6,0,0,0,0,-1,-1,-1,0,-1,324,-1,-1,-1,1,2,0,2,0,0,0,0,0,2,0,14,2,7,41.76063238,-87.58633266
0,332189,-1,25,0,0,0,1,7,5,-1,0,0,0,0,-1,-1,1,18,0,1912,-1,-1,-1,1,2,-1,2,0,0,0,0,0,2,0,14,2,7,41.95521548,-87.67806233
0,332160,-1,30,12,2,0,1,10,6,1,0,0,0,0,-1,-1,-1,18,-1,1423,-1,-1,-1,-1,-1,-1,2,0,0,0,0,0,4,0,14,2,7,41.90798807,-87.69463767
0,332154,-1,0,0,0,0,1,7,7,-1,0,0,0,0,-1,-1,1,0,-1,133,-1,-1,-1,-1,-1,-1,2,0,0,0,0,0,1,0,14,2,7,41.83874393,-87.61002325
0,332145,-1,35,0,0,0,1,12,5,-1,0,0,0,0,-1,-1,-1,23,0,434,-1,-1,-1,-1,-1,-1,2,0,0,0,0,0,2,0,14,2,7,41.68816895,-87.55956368
0,333517,-1,30,2,2,0,1,0,2,2,0,0,0,0,1,-1,-1,5,-1,1133,-1,-1,-1,-1,-1,-1,2,0,0,0,0,0,2,0,14,2,7,41.86993687,-87.71080482
0,332136,-1,30,0,0,0,1,10,5,2,0,0,0,0,-1,-1,-1,16,18,1621,-1,-1,-1,-1,-1,-1,2,0,0,0,0,0,2,0,14,2,7,41.9784668,-87.75675625
0,332301,-1,30,0,0,0,1,12,5,-1,0,0,0,0,-1,-1,1,0,0,1821,-1,-1,-1,-1,-1,-1,2,0,0,0,0,0,2,0,14,2,7,41.91040639,-87.63257874
0,332235,-1,30,0,0,0,1,7,5,2,0,-1,-1,0,-1,-1,1,0,0,2534,-1,-1,-1,-1,-1,-1,2,0,0,0,0,0,1,0,14,2,7,41.91463398,-87.72663148
0,332221,-1,30,0,0,0,1,7,2,2,0,0,0,0,-1,-1,-1,0,0,924,-1,-1,-1,-1,-1,-1,2,0,0,0,0,0,2,0,14,2,7,41.81350979,-87.67223857
0,332187,-1,30,0,0,0,1,10,5,-1,0,0,0,0,-1,-1,1,-1,-1,813,-1,-1,-1,-1,-1,-1,2,0,0,0,0,0,3,0,14,2,7,41.77863647,-87.72290636
0,332084,-1,30,0,0,0,1,10,5,-1,0,0,0,0,-1,-1,-1,18,-1,131,-1,-1,-1,-1,-1,-1,2,0,0,0,0,0,2,0,14,2,7,41.85962968,-87.6301249
0,332121,-1,30,0,0,0,1,12,2,2,0,0,0,0,1,-1,-1,22,17,2222,-1,-1,-1,-1,-1,-1,2,0,0,0,0,0,2,0,14,2,7,41.72141764,-87.65544657
0,332105,-1,30,0,0,0,1,10,5,-1,0,0,0,0,-1,-1,-1,0,0,2011,-1,-1,-1,-1,-1,-1,2,0,0,0,0,0,2,0,14,2,7,41.97779527,-87.68937178
2,332143,-1,30,1,3,0,1,14,2,-1,0,0,0,1,-1,-1,-1,0,-1,1424,-1,-1,-1,-1,-1,-1,2,1,0,0,1,0,2,0,14,2,7,41.91031437,-87.67757007
0,332130,-1,30,1,2,0,1,10,5,2,0,0,0,0,1,-1,-1,18,16,1931,-1,-1,-1,-1,-1,-1,2,0,0,0,0,0,2,0,14,2,7,41.93620721,-87.67839317
0,332217,-1,30,1,2,0,1,14,2,4,0,0,0,0,1,-1,-1,23,-1,434,-1,-1,-1,-1,-1,-1,2,0,0,0,0,0,3,0,14,2,7,41.70263252,-87.5594539
0,332147,-1,30,0,0,0,1,10,6,-1,0,0,0,0,-1,-1,-1,20,0,1012,-1,-1,-1,-1,-1,-1,2,0,0,0,0,0,2,0,14,2,7,41.85436669,-87.72985897
0,332137,-1,30,0,0,0,1,10,5,1,0,0,0,0,-1,-1,-1,18,16,2411,-1,-1,-1,-1,-1,-1,2,0,0,0,0,0,2,0,14,2,7,42.0121001,-87.68355621
0,332175,-1,30,0,0,0,1,7,5,2,0,0,0,1,-1,1,-1,21,16,911,-1,-1,-1,-1,-1,-1,2,0,0,0,0,0,1,0,14,2,7,41.83014085,-87.68667903
0,334826,-1,0,0,0,0,1,7,7,0,0,0,0,0,-1,1,-1,20,0,1034,-1,-1,-1,-1,-1,-1,2,0,0,0,0,0,1,0,14,2,7,41.85186827,-87.69007512
0,333196,-1,30,0,0,0,1,7,5,4,0,0,0,0,-1,-1,1,0,-1,1424,-1,-1,-1,-1,-1,-1,2,0,0,0,0,0,1,0,14,2,7,41.90326362,-87.67927827
0,332322,-1,30,0,0,0,1,7,2,-1,0,0,0,0,-1,-1,1,0,0,2222,-1,-1,-1,-1,-1,-1,2,0,0,0,0,0,1,0,14,2,7,41.72141248,-87.65586487
0,332144,-1,30,1,2,0,1,10,5,4,0,0,0,0,1,-1,1,0,-1,1223,-1,-1,-1,-1,-1,-1,2,0,0,0,0,0,3,0,14,2,7,41.8831907,-87.67683847
0,332134,-1,30,0,0,0,1,0,5,2,0,0,0,0,-1,-1,-1,0,0,2512,-1,-1,-1,-1,-1,-1,2,0,0,0,0,0,5,0,14,2,7,41.92398712,-87.80610743
0,332107,-1,10,0,0,0,1,7,7,-1,0,0,0,0,-1,-1,-1,23,0,1931,-1,-1,-1,-1,-1,-1,2,0,0,0,0,0,2,0,14,2,7,41.928695,-87.67419508
0,335404,-1,30,0,0,0,1,7,7,3,0,0,0,0,-1,-1,-1,0,0,324,-1,-1,-1,-1,-1,-1,2,0,0,0,0,0,2,0,13,2,7,41.76492647,-87.58489042
0,332100,-1,25,0,0,0,1,12,5,2,0,0,0,0,-1,-1,-1,17,21,2412,-1,-1,-1,-1,-1,-1,2,0,0,0,0,0,2,0,13,2,7,41.99787636,-87.68776355
0,332318,1,35,0,0,0,1,10,2,4,0,0,0,0,-1,-1,-1,0,0,2012,-1,-1,-1,-1,-1,-1,2,0,0,0,0,0,2,0,13,2,7,41.99040819,-87.68849499
0,332115,-1,30,1,2,0,1,10,3,4,0,0,0,0,1,-1,-1,0,-1,511,-1,-1,-1,-1,-1,-1,2,0,0,0,0,0,2,0,13,2,7,41.70787837,-87.58616567
0,332087,-1,30,1,2,0,1,10,5,-1,0,0,0,0,-1,-1,-1,0,0,1024,-1,-1,-1,-1,-1,-1,2,0,0,0,0,0,2,0,13,2,7,41.84720714,-87.70526744
0,332072,-1,30,1,2,0,1,10,5,4,0,0,0,0,0,-1,1,0,0,1234,-1,-1,-1,-1,-1,-1,2,0,0,0,0,0,2,0,13,2,7,41.85592484,-87.66623983
0,333120,-1,30,1,2,0,1,10,2,2,0,0,0,0,-1,-1,-1,18,0,632,-1,-1,-1,-1,-1,-1,2,0,0,0,0,0,3,0,13,2,7,41.73661397,-87.61444973
0,332089,-1,30,0,0,0,1,12,6,4,0,0,0,0,-1,-1,1,20,0,112,-1,-1,-1,-1,-1,-1,2,0,0,0,0,0,3,0,13,2,7,41.87994706,-87.62629031
0,332355,-1,30,0,0,0,1,7,5,-1,0,0,0,0,-1,-1,-1,-1,-1,924,-1,-1,-1,-1,-1,-1,2,0,0,0,0,0,3,0,13,2,7,41.81056568,-87.66517052
2,332991,-1,30,0,0,0,1,9,5,4,0,0,0,1,-1,-1,1,25,0,933,-1,0,-1,-1,-1,-1,2,1,0,0,1,0,2,0,13,2,7,41.80749802,-87.66479667
0,332529,-1,30,0,0,0,1,12,5,-1,0,0,0,0,-1,-1,-1,22,-1,924,-1,-1,-1,-1,-1,-1,2,0,0,0,0,0,2,0,13,2,7,41.82289773,-87.68341692
0,332408,-1,30,0,0,0,1,12,2,2,0,0,0,0,-1,-1,-1,17,-1,424,-1,-1,-1,-1,-1,-1,2,0,0,0,0,0,2,0,13,2,7,41.7283667,-87.55072922
0,332353,-1,30,0,0,0,1,10,5,-1,0,0,0,0,-1,-1,-1,-1,-1,924,-1,-1,-1,-1,-1,-1,2,0,0,0,0,0,2,0,13,2,7,41.81056568,-87.66517052
0,332162,-1,30,1,2,0,1,12,5,2,0,0,0,0,-1,-1,-1,21,16,1524,-1,-1,-1,-1,-1,-1,2,0,0,0,0,0,3,0,13,2,7,41.89541945,-87.75576227
0,332021,-1,30,0,0,0,1,12,5,-1,0,0,0,0,-1,-1,-1,16,16,1224,-1,-1,-1,-1,-1,-1,2,0,0,0,0,0,2,0,13,2,7,41.88534271,-87.66027873
0,332030,-1,30,1,2,0,1,12,2,4,0,0,-1,0,1,-1,1,21,11,922,-1,-1,-1,-1,-1,-1,2,0,0,0,0,0,3,0,13,2,7,41.80849974,-87.68402223
1,322065,-1,30,1,2,0,1,9,5,2,0,0,0,1,-1,-1,1,0,14,2011,-1,-1,-1,-1,-1,-1,2,1,0,0,0,1,1,0,13,2,7,41.9758611,-87.69907114
0,332148,-1,30,0,0,0,1,12,3,-1,0,0,0,0,-1,-1,-1,0,0,1215,-1,-1,-1,-1,-1,-1,2,0,0,0,0,0,2,0,13,2,7,41.89603005,-87.66714336
0,332043,-1,35,1,2,0,1,12,5,-1,0,0,0,0,-1,-1,-1,21,0,1934,-1,-1,-1,-1,-1,-1,2,0,0,0,0,0,2,0,13,2,7,41.93978365,-87.63969277
0,333188,-1,30,0,0,0,1,10,2,2,0,0,0,0,-1,-1,1,0,-1,611,-1,-1,-1,-1,-1,-1,2,0,0,0,0,0,3,0,13,2,7,41.756968,-87.59579913
0,353207,-1,5,0,0,0,1,10,7,2,0,0,0,0,-1,-1,1,0,0,433,-1,-1,-1,-1,-1,-1,2,0,0,0,0,0,3,0,13,2,7,41.65484895,-87.54729417
0,333462,-1,5,0,0,0,1,7,7,2,0,0,0,0,-1,-1,1,0,0,1233,-1,-1,-1,-1,-1,-1,2,0,0,0,0,0,1,0,13,2,7,41.85707023,-87.66281992
0,332753,1,30,0,0,0,1,7,6,2,0,0,0,0,-1,-1,1,21,0,921,-1,-1,-1,-1,-1,-1,2,0,0,0,0,0,1,0,13,2,7,41.81895643,-87.69144954
0,332251,-1,30,0,0,0,1,2,4,1,0,0,0,0,-1,1,-1,0,-1,1225,-1,-1,-1,-1,-1,-1,1,0,0,0,0,0,1,0,13,2,7,41.8774529,-87.68514089
0,332176,-1,30,1,2,0,1,14,5,6,0,0,0,1,1,-1,-1,6,0,813,-1,-1,-1,-1,-1,-1,2,0,0,0,0,0,3,0,13,2,7,41.78564332,-87.74148578
0,332071,-1,20,0,0,0,1,10,2,4,0,0,-1,0,-1,-1,-1,18,18,2413,-1,-1,-1,-1,-1,-1,2,0,0,0,0,0,2,0,13,2,7,41.99065397,-87.68708827
0,331999,-1,30,0,0,0,1,7,7,-1,0,0,0,0,-1,-1,-1,0,0,1931,-1,-1,-1,-1,-1,-1,2,0,0,0,0,0,2,0,13,2,7,41.93547203,-87.66865454
0,331986,-1,30,0,0,0,1,12,6,2,0,0,0,0,-1,-1,-1,20,-1,121,-1,-1,-1,-1,-1,-1,2,0,0,0,0,0,2,0,13,2,7,41.87815538,-87.63949996
0,332465,-1,35,1,2,0,1,10,5,-1,0,0,0,0,-1,-1,-1,18,0,2032,-1,-1,-1,-1,-1,-1,2,0,0,0,0,0,2,0,12,2,7,41.96902343,-87.66959043
0,331988,-1,30,0,0,0,1,12,5,-1,0,0,0,0,-1,-1,-1,0,-1,1621,-1,-1,-1,-1,-1,-1,2,0,0,0,0,0,2,0,12,2,7,42.01189875,-87.7811788
0,331935,-1,35,0,2,0,1,14,2,-1,0,0,0,0,-1,-1,1,25,-1,513,-1,-1,-1,-1,-1,-1,2,0,0,0,0,0,2,0,12,2,7,41.69970476,-87.62802599
0,331980,-1,35,0,0,0,1,10,5,-1,0,0,0,0,-1,-1,-1,18,0,1912,-1,-1,-1,-1,-1,-1,2,0,0,0,0,0,2,0,12,2,7,41.95552084,-87.66922978
0,338053,-1,30,0,0,0,1,2,0,-1,0,0,0,0,-1,-1,1,0,-1,1433,-1,-1,-1,-1,-1,-1,1,0,0,0,0,0,1,0,12,2,7,41.90691026,-87.66744073
0,336163,-1,30,0,0,0,1,2,5,2,0,0,0,0,-1,-1,-1,-1,-1,1421,-1,-1,-1,-1,-1,-1,1,0,0,0,0,0,3,0,12,2,7,41.91735855,-87.69934107
0,332631,-1,30,1,-1,0,1,14,2,-1,0,0,-1,0,-1,-1,1,0,0,621,-1,-1,-1,-1,-1,-1,2,0,0,0,0,0,2,0,12,2,7,41.75073555,-87.64519847
0,331916,-1,35,0,0,0,1,0,2,4,0,0,0,0,-1,-1,-1,4,-1,1114,-1,-1,-1,-1,-1,-1,2,0,0,0,0,0,2,0,12,2,7,41.88586196,-87.7346943
0,331934,-1,30,0,0,0,1,12,5,2,0,0,0,1,-1,-1,-1,23,-1,131,-1,-1,-1,-1,-1,-1,2,0,0,0,0,0,2,0,12,2,7,41.86625733,-87.62595105
0,332713,-1,30,1,2,0,1,0,5,4,0,0,-1,0,1,-1,-1,6,-1,2013,-1,-1,-1,-1,-1,-1,2,0,0,0,0,0,5,0,12,2,7,41.9856719,-87.6602782
0,331936,-1,20,0,0,0,1,3,7,-1,0,0,0,0,-1,-1,-1,25,-1,634,-1,-1,-1,-1,-1,-1,2,0,0,0,0,0,2,0,12,2,7,41.73614513,-87.62691784
0,331930,-1,10,0,0,0,1,5,7,-1,0,0,0,0,-1,-1,-1,0,-1,812,-1,1,-1,-1,-1,-1,1,0,0,0,0,0,1,0,12,2,7,41.77777836,-87.78178694
0,336672,-1,30,0,0,0,1,12,7,-1,0,0,0,0,-1,-1,1,0,-1,924,-1,-1,-1,-1,-1,-1,2,0,0,0,0,0,2,0,12,2,7,41.81774274,-87.66533501
0,333723,-1,30,0,0,0,1,12,6,-1,0,0,0,0,-1,-1,-1,22,-1,1834,-1,-1,-1,-1,-1,-1,2,0,0,0,0,0,2,0,12,2,7,41.89165896,-87.6222044
0,333478,-1,30,0,0,0,1,7,5,2,0,0,0,0,-1,-1,1,-1,-1,813,-1,-1,-1,-1,-1,-1,2,0,0,0,0,0,1,0,12,2,7,41.77743202,-87.75425291
0,333337,-1,10,0,0,0,1,7,7,-1,0,0,0,0,-1,-1,1,0,-1,821,-1,1,-1,-1,-1,-1,2,0,0,0,0,0,1,0,12,2,7,41.80346698,-87.72178643
2,331907,-1,30,1,2,0,1,14,5,-1,0,0,0,1,1,-1,-1,17,-1,531,-1,-1,-1,-1,-1,-1,2,2,0,0,1,1,1,0,12,2,7,41.68545666,-87.62066788
0,331893,-1,30,0,0,0,1,12,5,-1,0,0,0,0,-1,-1,-1,0,0,1522,-1,-1,-1,-1,-1,-1,2,0,0,0,0,0,2,0,12,2,7,41.88037643,-87.76327497
0,331904,-1,30,2,2,0,1,7,5,2,0,0,-1,0,-1,-1,-1,-1,-1,213,-1,-1,-1,-1,-1,-1,2,0,0,0,0,0,3,0,11,2,7,41.81828613,-87.61948759
0,331927,-1,35,1,2,0,1,12,6,3,0,0,0,0,-1,-1,-1,0,-1,1831,-1,-1,-1,-1,-1,-1,2,0,0,0,0,0,2,0,11,2,7,41.89175706,-87.62957511
0,331938,-1,30,1,2,0,1,14,5,3,0,0,0,0,1,-1,1,22,23,1232,-1,-1,-1,-1,-1,-1,2,0,0,0,0,0,2,0,11,2,7,41.86728043,-87.64503795