MOST_SEVERE_INJURY,RD_NO,CRASH_DATE_EST_I,POSTED_SPEED_LIMIT,TRAFFIC_CONTROL_DEVICE,DEVICE_CONDITION,WEATHER_CONDITION,LIGHTING_CONDITION,FIRST_CRASH_TYPE,TRAFFICWAY_TYPE,LANE_CNT,ALIGNMENT,ROADWAY_SURFACE_COND,ROAD_DEFECT,CRASH_TYPE,INTERSECTION_RELATED_I,NOT_RIGHT_OF_WAY_I,HIT_AND_RUN_I,PRIM_CONTRIBUTORY_CAUSE,SEC_CONTRIBUTORY_CAUSE,BEAT_OF_OCCURRENCE,PHOTOS_TAKEN_I,STATEMENTS_TAKEN_I,DOORING_I,WORK_ZONE_I,WORK_ZONE_TYPE,WORKERS_PRESENT_I,NUM_UNITS,INJURIES_TOTAL,INJURIES_FATAL,INJURIES_INCAPACITATING,INJURIES_NON_INCAPACITATING,INJURIES_REPORTED_NOT_EVIDENT,INJURIES_NO_INDICATION,INJURIES_UNKNOWN,CRASH_HOUR,CRASH_DAY_OF_WEEK,CRASH_MONTH,LATITUDE,LONGITUDE
0,331973,-1,30,2,2,0,1,10,5,2,0,0,0,0,-1,-1,-1,18,5,131,-1,-1,-1,-1,-1,-1,2,0,0,0,0,0,2,0,11,2,7,41.8631459,-87.62558666
0,331889,-1,15,0,0,0,1,7,7,-1,0,0,0,0,-1,1,1,0,0,2433,-1,-1,-1,-1,-1,-1,2,0,0,0,0,0,3,0,11,2,7,41.99785057,-87.67676944
0,331883,-1,35,1,2,0,1,14,5,-1,0,0,0,1,1,-1,-1,17,25,1623,-1,-1,-1,-1,-1,-1,2,0,0,0,0,0,2,0,11,2,7,41.96804801,-87.74787599
1,331867,-1,35,0,0,0,1,10,3,2,0,0,0,1,-1,-1,-1,18,0,1215,-1,-1,-1,-1,-1,-1,2,2,0,0,0,2,2,0,11,2,7,41.88983746,-87.66696317
0,331878,-1,30,0,0,0,1,12,5,-1,0,0,0,0,1,-1,-1,0,0,2412,-1,-1,-1,-1,-1,-1,2,0,0,0,0,0,2,0,11,2,7,41.99945521,-87.6897815
0,331892,-1,30,0,0,0,1,2,6,-1,0,0,0,0,-1,1,-1,0,-1,1423,-1,-1,-1,-1,-1,-1,1,0,0,0,0,0,1,0,11,2,7,41.90647982,-87.69561677
1,332340,-1,30,1,2,0,1,10,5,2,0,-1,-1,1,-1,-1,-1,18,18,1922,-1,-1,-1,-1,-1,-1,2,1,0,0,0,1,2,0,11,2,7,41.94677626,-87.67684955
0,331876,-1,30,1,2,0,1,10,5,-1,0,0,0,0,-1,-1,-1,0,0,922,-1,-1,-1,-1,-1,-1,2,0,0,0,0,0,2,0,11,2,7,41.80827216,-87.70160905
2,331911,-1,30,1,2,0,1,10,5,-1,0,0,0,1,1,-1,-1,18,0,1511,-1,-1,-1,-1,-1,-1,2,1,0,0,1,0,1,0,11,2,7,41.89844948,-87.77510381
0,331837,-1,20,0,0,0,1,12,5,2,0,0,0,0,-1,-1,-1,17,-1,1231,-1,-1,-1,-1,-1,-1,2,0,0,0,0,0,2,0,11,2,7,41.87333695,-87.65730989
0,331830,-1,35,0,0,0,1,10,5,2,0,0,0,0,-1,-1,-1,18,18,1221,-1,-1,-1,-1,-1,-1,2,0,0,0,0,0,2,0,11,2,7,41.88983392,-87.67699972
0,331908,-1,25,1,2,0,1,12,2,-1,0,0,0,0,1,-1,-1,22,-1,914,-1,-1,-1,-1,-1,-1,2,0,0,0,0,0,2,0,11,2,7,41.8527278,-87.63303884
0,331866,-1,35,0,0,0,1,12,5,-1,0,0,0,0,-1,-1,-1,0,0,1733,-1,-1,-1,-1,-1,-1,2,0,0,0,0,0,2,0,11,2,7,41.94641794,-87.70967964
0,331806,-1,35,0,0,0,1,7,5,2,0,0,0,0,-1,-1,-1,0,0,1632,-1,-1,-1,-1,-1,-1,2,0,0,0,0,0,1,0,11,2,7,41.94382163,-87.80680958
0,331808,-1,30,1,2,0,1,7,2,2,0,0,0,0,-1,-1,0,0,-1,123,-1,-1,-1,-1,-1,-1,2,0,0,0,0,0,1,0,11,2,7,41.87066258,-87.62604791
0,339396,-1,15,0,0,0,1,7,0,-1,0,0,0,0,-1,-1,1,0,-1,1524,-1,-1,-1,-1,-1,-1,2,0,0,0,0,0,1,0,11,2,7,41.8922069,-87.75564613
0,332416,-1,30,0,0,0,1,0,12,-1,0,0,0,0,-1,-1,-1,17,17,1621,-1,-1,-1,-1,-1,-1,2,0,0,0,0,0,2,0,11,2,7,41.99663043,-87.76418727
0,331860,-1,35,0,0,0,1,14,5,-1,0,0,2,1,-1,-1,-1,23,-1,2221,-1,-1,-1,-1,-1,-1,2,0,0,0,0,0,2,0,11,2,7,41.72226413,-87.6628478
0,331839,-1,30,1,2,0,1,14,2,-1,0,0,0,0,-1,-1,-1,17,0,323,-1,-1,-1,-1,-1,-1,2,0,0,0,0,0,4,0,11,2,7,41.75843178,-87.61984822
0,331828,-1,25,0,0,0,1,14,6,-1,0,0,0,0,1,-1,-1,0,-1,915,-1,-1,-1,-1,-1,-1,2,0,0,0,0,0,2,0,11,2,7,41.82751318,-87.64692464
0,331820,-1,35,0,0,0,1,12,5,-1,0,0,0,0,-1,-1,1,22,25,614,-1,-1,-1,-1,-1,-1,2,0,0,0,0,0,2,0,11,2,7,41.74286578,-87.67059258
0,331781,-1,25,1,2,0,1,10,5,-1,0,0,0,0,-1,-1,-1,8,16,1922,-1,-1,-1,-1,-1,-1,2,0,0,0,0,0,3,0,11,2,7,41.93973957,-87.66881006
1,331819,-1,25,1,2,0,1,14,5,-1,0,0,0,1,1,-1,-1,23,23,1221,-1,-1,-1,-1,-1,-1,1,1,0,0,0,1,1,0,10,2,7,41.89435117,-87.69652385
0,332541,-1,30,1,2,0,1,14,3,4,0,0,0,0,1,-1,-1,17,0,1834,-1,-1,-1,-1,-1,-1,2,0,0,0,0,0,5,0,10,2,7,41.89209414,-87.61156988
0,331842,-1,30,1,2,0,1,12,6,3,0,0,0,0,1,-1,-1,21,-1,1215,-1,-1,-1,-1,-1,-1,2,0,0,0,0,0,2,0,10,2,7,41.89294663,-87.65757787
0,332000,-1,30,0,0,0,1,10,5,-1,0,0,0,0,-1,-1,-1,-1,-1,834,-1,-1,-1,-1,-1,-1,2,0,0,0,0,0,2,0,10,2,7,41.74972397,-87.70253957
0,331793,1,20,2,2,0,1,10,6,1,0,-1,0,0,1,-1,1,-1,-1,323,-1,-1,-1,-1,-1,-1,2,0,0,0,0,0,2,0,10,2,7,41.76187451,-87.62014807
0,331753,-1,30,0,0,0,1,0,5,2,0,0,-1,0,-1,-1,-1,20,33,1723,-1,-1,-1,-1,-1,-1,2,0,0,0,0,0,3,0,10,2,7,41.9542626,-87.71976124
0,332101,-1,30,1,2,0,1,10,5,4,0,0,0,0,-1,-1,-1,0,0,1522,-1,-1,-1,-1,-1,-1,2,0,0,0,0,0,2,0,10,2,7,41.88214869,-87.76477378
0,331801,-1,30,-1,-1,0,1,12,5,-1,0,-1,-1,0,-1,-1,-1,-1,-1,323,-1,-1,-1,-1,-1,-1,2,0,0,0,0,0,3,0,10,2,7,41.76539361,-87.62505048
0,331794,-1,30,0,0,0,1,10,5,2,0,0,0,1,-1,-1,-1,18,-1,1232,-1,-1,-1,-1,-1,-1,2,0,0,0,0,0,2,0,10,2,7,41.87418677,-87.65600166
0,331764,-1,30,0,0,0,1,12,6,1,0,0,0,0,-1,-1,-1,0,17,1031,-1,-1,-1,-1,-1,-1,2,0,0,0,0,0,2,0,10,2,7,41.84084654,-87.72338373
0,331759,-1,30,0,0,0,1,14,5,2,0,0,0,0,-1,-1,-1,17,17,2211,-1,-1,-1,-1,-1,-1,2,0,0,0,0,0,2,0,10,2,7,41.69166492,-87.70175367
0,331780,-1,0,0,0,0,1,7,7,-1,0,0,0,0,-1,0,-1,25,0,1411,-1,-1,-1,-1,-1,-1,2,0,0,0,0,0,3,0,10,2,7,41.93160795,-87.69775578
0,331846,-1,15,0,0,-1,1,0,-1,-1,0,0,-1,0,-1,-1,-1,20,-1,822,-1,-1,-1,-1,-1,-1,2,0,0,0,0,0,2,0,10,2,7,41.7933845,-87.71832373
0,331785,-1,30,1,2,0,1,14,3,-1,0,0,0,0,1,-1,-1,22,-1,815,-1,1,-1,-1,-1,-1,2,0,0,0,0,0,2,0,10,2,7,41.81759836,-87.74328775
0,331740,-1,30,1,2,0,1,10,3,-1,0,0,0,0,-1,-1,-1,16,-1,511,-1,-1,-1,-1,-1,-1,2,0,0,0,0,0,3,0,10,2,7,41.70774483,-87.59392303
0,331732,-1,30,0,0,0,2,8,2,-1,0,0,0,0,-1,-1,-1,17,0,1233,-1,-1,-1,-1,-1,-1,2,0,0,0,0,0,2,0,10,2,7,41.8637393,-87.67601908
0,331874,-1,30,1,2,0,1,10,5,2,0,0,0,0,1,-1,1,0,-1,732,-1,-1,-1,-1,-1,-1,2,0,0,0,0,0,2,0,10,2,7,41.76449262,-87.64424718
0,336799,-1,30,1,2,0,1,2,5,-1,0,0,1,0,-1,-1,-1,0,0,1913,-1,-1,-1,-1,-1,-1,1,0,0,0,0,0,1,0,10,2,7,41.9655086,-87.6575465
0,336068,0,30,-1,-1,0,1,7,2,-1,0,0,0,0,-1,-1,-1,-1,-1,532,-1,-1,-1,-1,-1,-1,2,0,0,0,0,0,1,0,10,2,7,41.67385356,-87.6191977
0,332152,-1,20,0,0,0,1,7,6,1,0,0,0,0,-1,-1,1,0,0,1712,-1,-1,-1,-1,-1,-1,2,0,0,0,0,0,1,0,10,2,7,41.96869481,-87.72697502
0,331742,-1,25,0,0,0,1,2,0,1,0,0,0,0,-1,1,-1,20,21,1824,-1,-1,-1,-1,-1,-1,1,0,0,0,0,0,1,0,10,2,7,41.90382088,-87.62932853
0,331694,-1,30,0,0,0,1,12,5,2,0,0,0,0,-1,-1,1,22,11,422,-1,-1,-1,-1,-1,-1,2,0,0,0,0,0,2,0,10,2,7,41.7517901,-87.55365901
0,333572,-1,5,0,0,0,1,7,5,2,0,0,0,0,-1,-1,-1,0,0,1121,-1,-1,-1,-1,-1,-1,2,0,0,0,0,0,1,0,9,2,7,41.89626365,-87.709784
3,331798,-1,30,0,0,0,1,8,5,2,0,0,0,1,1,-1,-1,33,0,1235,-1,-1,-1,-1,-1,-1,2,1,0,1,0,0,1,0,9,2,7,41.85584937,-87.64644062
0,331702,-1,35,0,0,0,1,12,5,2,0,0,0,0,-1,-1,-1,22,18,1213,-1,-1,-1,-1,-1,-1,2,0,0,0,0,0,2,0,9,2,7,41.89618478,-87.66721325
0,331680,-1,30,1,2,0,1,10,5,-1,0,0,-1,0,-1,-1,1,0,0,1111,-1,-1,-1,-1,-1,-1,2,0,0,0,0,0,3,0,9,2,7,41.89502883,-87.73850967
0,340547,-1,30,2,0,0,1,2,6,2,0,0,0,0,-1,-1,-1,0,0,1722,-1,-1,-1,-1,-1,-1,1,0,0,0,0,0,2,0,9,2,7,41.95733431,-87.73273324
0,331692,-1,30,0,0,0,1,12,3,3,0,0,0,0,-1,-1,-1,-1,-1,123,-1,-1,-1,-1,-1,-1,2,0,0,0,0,0,4,0,9,2,7,41.86750238,-87.62427526
0,331706,1,30,2,2,0,1,7,6,-1,0,0,0,1,1,-1,-1,0,-1,1633,-1,-1,-1,-1,-1,-1,2,0,0,0,0,0,1,0,9,2,7,41.94138533,-87.77404055
0,331714,-1,30,1,2,0,1,10,2,-1,0,0,0,0,-1,-1,1,0,-1,111,-1,-1,-1,-1,-1,-1,2,0,0,0,0,0,2,0,9,2,7,41.88527796,-87.62778288
0,331638,-1,30,0,0,0,1,7,6,1,0,0,0,0,-1,-1,-1,0,-1,1412,-1,-1,-1,-1,-1,-1,2,0,0,0,0,0,1,0,9,2,7,41.93102034,-87.70876754
0,341184,-1,25,0,0,0,1,10,2,4,0,0,0,0,-1,-1,-1,0,0,824,-1,-1,-1,-1,-1,-1,2,0,0,0,0,0,2,0,9,2,7,41.79346771,-87.70126313
0,331997,-1,30,0,0,0,1,7,5,-1,0,0,0,0,-1,-1,1,0,-1,434,1,-1,-1,-1,-1,-1,2,0,0,0,0,0,1,0,9,2,7,41.70375629,-87.56460007
0,331939,-1,30,1,2,0,1,14,12,0,0,0,0,0,1,-1,-1,-1,-1,835,-1,-1,-1,-1,-1,-1,2,0,0,0,0,0,2,0,9,2,7,41.75353918,-87.70260452
0,333225,-1,35,0,0,0,1,10,3,-1,0,0,0,0,-1,-1,-1,18,-1,1711,-1,-1,-1,-1,-1,-1,2,0,0,0,0,0,2,0,8,2,7,41.99715465,-87.72220061
0,331757,-1,30,0,0,0,1,7,2,4,0,0,0,0,-1,-1,-1,0,0,1413,-1,-1,-1,-1,-1,-1,2,0,0,0,0,0,1,0,8,2,7,41.92456128,-87.7113891
0,331655,-1,25,0,0,0,1,2,5,2,0,0,0,1,-1,0,-1,0,-1,1432,-1,-1,-1,-1,-1,-1,1,0,0,0,0,0,2,0,8,2,7,41.92132592,-87.67520185
0,331648,-1,30,1,2,0,1,14,2,-1,0,0,0,0,1,-1,-1,0,0,1233,-1,-1,-1,-1,-1,-1,2,0,0,0,0,0,2,0,8,2,7,41.86648248,-87.66652986
0,331823,-1,30,0,0,0,1,14,5,-1,0,0,0,0,-1,-1,-1,0,0,1824,-1,-1,-1,-1,-1,-1,2,0,0,0,0,0,2,0,8,2,7,41.90328696,-87.62851441
0,331661,-1,25,2,2,0,1,0,5,-1,0,0,0,1,1,-1,-1,5,17,2223,-1,-1,-1,-1,-1,-1,2,0,0,0,0,0,2,0,8,2,7,41.71585897,-87.64442552
0,331667,-1,30,1,2,0,1,14,5,-1,0,0,0,0,-1,-1,-1,22,22,634,-1,-1,-1,-1,-1,-1,2,0,0,0,0,0,2,0,8,2,7,41.72189634,-87.6203334
2,331646,-1,30,1,1,0,1,8,5,2,0,0,0,1,1,-1,-1,14,23,1814,-1,-1,-1,-1,-1,-1,2,1,0,0,1,0,1,0,8,2,7,41.91119542,-87.63485888
2,331604,-1,30,1,2,0,1,9,2,-1,0,0,0,1,1,-1,-1,17,-1,813,-1,1,-1,-1,-1,-1,2,1,0,0,1,0,2,0,8,2,7,41.78953063,-87.72320717
0,345557,-1,30,1,2,0,1,10,5,2,0,0,0,0,1,-1,1,0,-1,124,-1,-1,-1,-1,-1,-1,2,0,0,0,0,0,2,0,8,2,7,41.86982575,-87.64234896
0,331645,-1,25,0,0,0,1,7,5,-1,0,0,0,0,-1,-1,-1,0,0,532,-1,-1,-1,-1,-1,-1,2,0,0,0,0,0,1,0,8,2,7,41.67391358,-87.61919976
0,336674,-1,35,0,0,0,1,7,5,-1,0,0,0,0,-1,-1,1,0,0,1732,-1,-1,-1,-1,-1,-1,2,0,0,0,0,0,1,0,8,2,7,41.94112155,-87.71953058
0,331636,-1,25,0,0,0,1,2,0,-1,0,0,0,0,-1,1,-1,33,-1,1114,-1,-1,-1,-1,-1,-1,1,0,0,0,0,0,1,0,8,2,7,41.88452938,-87.72919439
0,331727,-1,30,1,2,0,1,14,5,-1,0,0,0,0,-1,-1,-1,17,23,1421,-1,-1,-1,-1,-1,-1,2,0,0,0,0,0,3,0,8,2,7,41.91705763,-87.69733394
0,331611,-1,30,0,0,0,1,0,2,-1,0,0,0,0,-1,-1,-1,0,0,2411,-1,-1,-1,-1,-1,-1,2,0,0,0,0,0,2,0,8,2,7,42.01690076,-87.69948167
2,331581,-1,30,1,2,0,1,10,2,5,0,0,0,1,-1,-1,-1,16,-1,2513,-1,-1,-1,-1,-1,-1,3,1,0,0,1,0,2,0,8,2,7,41.90928654,-87.78262884
0,331589,-1,30,1,2,0,1,10,2,-1,0,0,0,0,-1,-1,-1,0,0,1231,-1,-1,-1,-1,-1,-1,2,0,0,0,0,0,2,0,7,2,7,41.87883604,-87.66660253
0,331601,-1,30,0,0,0,1,5,5,2,0,0,0,0,-1,-1,-1,-1,-1,1611,-1,-1,-1,-1,-1,-1,1,0,0,0,0,0,1,0,7,2,7,42.01151884,-87.80999849
0,331579,-1,25,0,0,0,1,5,5,2,0,0,0,0,-1,-1,-1,-1,-1,1212,-1,-1,-1,-1,-1,-1,2,0,0,0,0,0,1,0,7,2,7,41.89898856,-87.67484267
0,333314,-1,30,0,0,0,1,9,5,4,0,0,0,0,-1,-1,-1,18,18,824,-1,-1,-1,-1,-1,-1,2,0,0,0,0,0,2,0,7,2,7,41.79337055,-87.68417538
0,331995,-1,35,1,2,0,1,10,3,-1,0,0,0,0,-1,-1,-1,16,-1,1231,-1,-1,-1,-1,-1,-1,2,0,0,0,0,0,2,0,7,2,7,41.87883604,-87.66660253
0,331594,-1,30,1,2,0,1,14,3,0,0,0,0,1,-1,-1,-1,17,-1,114,-1,-1,-1,-1,-1,-1,2,0,0,0,0,0,2,0,7,2,7,-1,-1
0,331861,-1,30,0,0,0,1,7,6,1,0,0,3,0,-1,-1,-1,28,0,1923,-1,-1,-1,-1,-1,-1,2,0,0,0,0,0,1,0,7,2,7,41.94971423,-87.65664363
0,331574,-1,30,2,2,0,1,12,2,4,0,0,0,0,-1,-1,-1,0,0,1633,-1,-1,-1,-1,-1,-1,2,0,0,0,0,0,2,0,7,2,7,41.95312916,-87.7622716
0,331570,-1,30,1,2,0,1,12,2,-1,0,0,0,0,-1,-1,-1,22,-1,824,-1,1,-1,-1,-1,-1,2,0,0,0,0,0,2,0,7,2,7,41.79313163,-87.68387459
2,331597,-1,30,0,0,0,1,2,5,2,0,0,0,1,-1,-1,-1,0,-1,1421,-1,-1,-1,-1,-1,-1,1,1,0,0,1,0,0,0,7,2,7,41.91287294,-87.69691632
1,331769,-1,30,1,2,0,1,10,5,4,0,0,0,1,1,-1,-1,0,0,2413,-1,-1,-1,-1,-1,-1,2,1,0,0,0,1,1,0,7,2,7,41.99055208,-87.6994644
1,331567,-1,30,1,2,0,1,9,5,-1,0,0,0,1,1,-1,-1,17,22,1934,-1,-1,-1,-1,-1,-1,2,1,0,0,0,1,1,0,7,2,7,41.93651938,-87.64821382
0,331563,-1,30,1,-1,0,1,10,5,-1,0,0,0,0,1,-1,-1,0,-1,1013,-1,-1,-1,-1,-1,-1,2,0,0,0,0,0,2,0,7,2,7,41.84716595,-87.73549337
0,331606,-1,35,1,2,0,1,12,5,2,0,0,0,0,-1,-1,1,22,22,1215,-1,-1,-1,-1,-1,-1,2,0,0,0,0,0,2,0,7,2,7,41.89294663,-87.65757787
0,331575,-1,30,0,0,0,1,7,5,2,0,0,0,0,-1,-1,-1,0,0,2423,-1,-1,-1,-1,-1,-1,2,0,0,0,0,0,1,0,7,2,7,42.0153602,-87.66826186
0,332077,-1,15,0,0,0,1,0,7,1,0,0,0,0,-1,1,-1,17,-1,433,-1,-1,-1,-1,-1,-1,2,0,0,0,0,0,2,0,7,2,7,41.68105616,-87.53839415
0,331954,1,30,0,0,0,3,7,6,-1,0,0,0,0,-1,-1,1,0,-1,1634,-1,-1,-1,-1,-1,-1,2,0,0,0,0,0,1,0,7,2,7,41.95040486,-87.76102304
0,331542,-1,30,2,2,0,1,0,12,-1,0,0,0,1,1,-1,-1,5,0,1224,-1,-1,-1,-1,-1,-1,2,0,0,0,0,0,2,0,6,2,7,41.88293386,-87.65317334
0,331578,-1,25,0,0,0,1,14,5,-1,0,0,0,0,-1,-1,-1,17,16,2534,-1,-1,-1,-1,-1,-1,2,0,0,0,0,0,2,0,6,2,7,41.91394221,-87.73608791
0,331538,-1,30,1,2,0,1,10,2,6,0,0,0,0,-1,-1,-1,11,0,834,-1,-1,-1,-1,-1,-1,2,0,0,0,0,0,3,0,6,2,7,41.73463512,-87.7410009
0,331530,0,30,0,0,0,1,7,6,1,0,0,0,0,-1,-1,-1,32,32,613,-1,-1,-1,-1,-1,-1,2,0,0,0,0,0,1,0,6,2,7,41.73690914,-87.65472916
0,331526,-1,30,1,2,0,1,14,6,2,0,0,0,0,-1,-1,-1,23,-1,122,-1,-1,-1,-1,-1,-1,2,0,0,0,0,0,2,0,6,2,7,41.88183641,-87.63374981
0,331556,-1,30,0,0,0,1,14,5,-1,0,0,0,0,-1,-1,-1,0,0,1122,-1,-1,-1,-1,-1,-1,2,0,0,0,0,0,2,0,6,2,7,41.88547587,-87.72378251
0,331877,1,30,0,0,1,3,7,6,-1,0,0,0,0,-1,-1,1,-1,0,932,-1,-1,-1,-1,-1,-1,2,0,0,0,0,0,1,0,6,2,7,41.79539119,-87.66719921
0,331540,-1,30,1,2,0,1,10,3,8,0,0,0,0,-1,-1,-1,18,-1,114,-1,-1,-1,-1,-1,-1,2,0,0,0,0,0,2,0,6,2,7,41.880539,-87.61710276
0,332319,-1,30,2,2,0,2,0,5,2,0,0,0,0,-1,-1,-1,5,5,1232,-1,-1,-1,-1,-1,-1,2,0,0,0,0,0,2,0,5,2,7,41.87906271,-87.65475873
0,331569,1,30,1,2,0,-1,0,6,0,0,-1,-1,0,1,-1,1,0,-1,122,-1,-1,-1,-1,-1,-1,2,0,0,0,0,0,2,0,5,2,7,41.88452546,-87.63721639
0,331516,-1,30,1,2,0,2,12,5,4,0,0,0,0,-1,-1,-1,21,0,1433,-1,-1,-1,-1,-1,-1,2,0,0,0,0,0,3,0,5,2,7,41.91073912,-87.66775554
0,332052,1,25,0,0,0,3,7,6,-1,0,0,0,0,-1,-1,1,0,-1,923,-1,-1,-1,-1,-1,-1,2,0,0,0,0,0,1,0,5,2,7,41.80165518,-87.68684261
0,334199,1,0,0,0,0,0,7,7,0,0,0,0,0,-1,-1,1,0,0,912,-1,-1,-1,-1,-1,-1,2,0,0,0,0,0,1,0,4,2,7,41.83941016,-87.6659382
0,331880,1,30,0,0,0,0,7,5,2,0,0,0,0,-1,-1,1,0,-1,1522,-1,-1,-1,-1,-1,-1,2,0,0,0,0,0,1,0,4,2,7,41.87559244,-87.76454701
2,331480,-1,30,1,2,0,3,2,2,4,0,0,0,1,1,-1,-1,16,-1,1013,-1,-1,-1,-1,-1,-1,1,1,0,0,1,0,0,0,4,2,7,41.85141824,-87.72354581
0,331682,-1,25,0,0,0,3,7,7,-1,0,0,-1,0,-1,-1,1,0,0,533,-1,-1,-1,-1,-1,-1,2,0,0,0,0,0,1,0,4,2,7,41.65742633,-87.59890671
0,332859,1,25,0,0,-1,3,7,6,1,0,-1,-1,0,-1,-1,1,0,0,2515,-1,-1,-1,-1,-1,-1,2,0,0,0,0,0,1,0,3,2,7,41.92492777,-87.75775143
0,331763,0,25,2,2,0,3,7,6,2,0,0,0,0,-1,-1,1,0,0,324,-1,-1,-1,-1,-1,-1,2,0,0,0,0,0,1,0,3,2,7,41.76410786,-87.58254439
0,331455,-1,30,2,2,0,3,10,5,2,0,0,0,1,1,-1,-1,0,0,2212,-1,-1,-1,-1,-1,-1,2,0,0,0,0,0,3,0,2,2,7,41.67968076,-87.6707391
2,331458,-1,30,0,0,0,3,10,2,2,0,0,0,1,-1,-1,1,0,16,2223,-1,-1,-1,-1,-1,-1,2,1,0,0,1,0,1,0,2,2,7,41.73262568,-87.64632471
0,331593,-1,30,-1,2,-1,-1,7,5,2,0,-1,0,0,-1,-1,1,0,0,222,-1,-1,-1,-1,-1,-1,2,0,0,0,0,0,1,0,2,2,7,41.80270487,-87.59036315
0,331448,-1,30,0,0,0,0,7,5,2,0,0,0,1,-1,-1,1,0,19,2513,-1,-1,-1,-1,-1,-1,2,0,0,0,0,0,1,0,2,2,7,41.90928518,-87.78277695
0,331433,-1,30,0,0,0,3,7,5,2,0,0,0,0,-1,-1,1,0,-1,2413,-1,-1,-1,-1,-1,-1,2,0,0,0,0,0,1,0,2,2,7,41.99758039,-87.69225776
0,331437,-1,30,0,0,0,3,10,7,1,0,0,0,0,-1,-1,-1,18,0,211,-1,-1,-1,-1,-1,-1,2,0,0,0,0,0,3,0,2,2,7,41.83618736,-87.60767903
0,332534,-1,15,0,0,0,0,2,0,1,0,0,0,0,-1,1,1,0,0,821,-1,-1,-1,-1,-1,-1,1,0,0,0,0,0,1,0,1,2,7,41.81045221,-87.70884226
0,331418,-1,25,0,0,0,3,7,5,1,0,0,0,0,-1,-1,0,16,-1,413,-1,-1,-1,-1,-1,-1,5,0,0,0,0,0,1,0,1,2,7,41.73251469,-87.56816538
0,331414,-1,30,0,0,0,3,7,6,-1,0,0,-1,1,-1,-1,1,7,-1,932,-1,-1,-1,-1,-1,-1,3,0,0,0,0,0,2,0,1,2,7,41.79990636,-87.66702821
0,331862,-1,30,0,0,0,-1,7,2,-1,0,0,0,0,-1,-1,1,0,0,632,-1,-1,-1,-1,-1,-1,2,0,0,0,0,0,1,0,1,2,7,41.73297618,-87.61333398
0,331405,-1,30,0,0,0,3,10,5,4,0,0,-1,0,-1,-1,1,20,20,812,-1,-1,-1,-1,-1,-1,2,0,0,0,0,0,2,0,1,2,7,41.77996661,-87.76342243
0,331376,-1,25,0,0,0,3,7,6,1,0,0,0,1,1,-1,1,0,-1,1723,-1,-1,-1,-1,-1,-1,3,0,0,0,0,0,1,0,0,2,7,41.96403525,-87.72316496
0,331470,0,30,2,0,0,3,10,5,2,0,0,-1,0,1,-1,-1,18,11,1522,-1,-1,-1,-1,-1,-1,2,0,0,0,0,0,2,0,0,2,7,41.87873209,-87.764663
0,331377,-1,30,2,2,0,3,10,5,-1,0,0,0,1,1,-1,-1,7,16,532,-1,-1,-1,-1,-1,-1,3,0,0,0,0,0,2,0,0,2,7,41.66442308,-87.6219884
2,331347,-1,30,1,2,0,3,0,3,3,0,0,0,1,1,-1,-1,6,16,1834,-1,-1,-1,-1,-1,-1,2,1,0,0,1,0,6,0,23,1,7,41.89343227,-87.62436372
3,331348,-1,30,0,0,0,0,2,5,-1,0,0,0,1,-1,-1,-1,14,-1,831,-1,-1,0,-1,-1,-1,1,1,0,1,0,0,0,0,23,1,7,41.77232273,-87.70283881
0,331326,-1,30,1,2,0,3,7,5,2,0,0,0,0,-1,-1,1,16,11,2432,-1,-1,-1,-1,-1,-1,2,0,0,0,0,0,2,0,23,1,7,41.99964587,-87.66053367
0,331318,-1,30,0,0,0,3,7,5,2,0,0,0,0,-1,-1,1,11,0,833,-1,-1,-1,-1,-1,-1,2,0,0,0,0,0,1,0,23,1,7,41.75658843,-87.71558074
0,331307,-1,25,0,0,0,3,7,5,2,0,0,0,0,-1,-1,-1,20,20,533,-1,-1,-1,-1,-1,-1,2,0,0,0,0,0,3,0,23,1,7,41.65546529,-87.59663718
2,331320,1,30,0,0,0,-1,9,2,4,0,0,0,1,-1,-1,1,0,-1,825,1,1,-1,-1,-1,-1,2,1,0,0,1,0,7,0,23,1,7,41.77906876,-87.68348798
0,331342,-1,30,2,-1,-1,3,10,2,-1,0,-1,-1,0,-1,-1,-1,18,18,1911,-1,-1,-1,-1,-1,-1,2,0,0,0,0,0,2,0,23,1,7,41.96490816,-87.68893991
0,331324,-1,30,0,0,0,3,2,5,2,3,0,0,1,-1,-1,-1,16,11,133,-1,-1,-1,-1,-1,-1,1,0,0,0,0,0,1,0,22,1,7,41.84216338,-87.60939164
0,331535,-1,30,0,0,2,3,7,6,1,0,0,0,0,-1,-1,1,0,-1,233,-1,-1,-1,-1,-1,-1,2,0,0,0,0,0,1,0,22,1,7,41.8010073,-87.59907944
2,331284,-1,30,0,0,0,3,7,6,1,0,0,0,1,-1,-1,-1,7,-1,821,-1,-1,-1,-1,-1,-1,5,1,0,0,1,0,1,0,22,1,7,41.81042179,-87.70757493
0,331370,-1,30,0,0,0,3,14,5,2,0,-1,-1,0,1,-1,-1,17,-1,1713,-1,-1,-1,-1,-1,-1,2,0,0,0,0,0,2,0,22,1,7,41.96851824,-87.70618069
0,331331,-1,50,0,0,0,0,12,5,2,0,0,0,0,-1,-1,1,0,21,433,-1,-1,-1,-1,-1,-1,2,0,0,0,0,0,2,0,22,1,7,41.64522574,-87.54193876