MOST_SEVERE_INJURY,RD_NO,CRASH_DATE_EST_I,POSTED_SPEED_LIMIT,TRAFFIC_CONTROL_DEVICE,DEVICE_CONDITION,WEATHER_CONDITION,LIGHTING_CONDITION,FIRST_CRASH_TYPE,TRAFFICWAY_TYPE,LANE_CNT,ALIGNMENT,ROADWAY_SURFACE_COND,ROAD_DEFECT,CRASH_TYPE,INTERSECTION_RELATED_I,NOT_RIGHT_OF_WAY_I,HIT_AND_RUN_I,PRIM_CONTRIBUTORY_CAUSE,SEC_CONTRIBUTORY_CAUSE,BEAT_OF_OCCURRENCE,PHOTOS_TAKEN_I,STATEMENTS_TAKEN_I,DOORING_I,WORK_ZONE_I,WORK_ZONE_TYPE,WORKERS_PRESENT_I,NUM_UNITS,INJURIES_TOTAL,INJURIES_FATAL,INJURIES_INCAPACITATING,INJURIES_NON_INCAPACITATING,INJURIES_REPORTED_NOT_EVIDENT,INJURIES_NO_INDICATION,INJURIES_UNKNOWN,CRASH_HOUR,CRASH_DAY_OF_WEEK,CRASH_MONTH,LATITUDE,LONGITUDE
1,331269,-1,35,0,0,0,3,10,2,-1,0,0,0,1,-1,-1,-1,7,-1,1215,1,-1,-1,-1,-1,-1,2,1,0,0,0,1,4,0,22,1,7,41.89116261,-87.65971452
0,331265,-1,30,0,12,0,0,7,2,2,0,0,0,1,-1,-1,-1,16,-1,531,-1,-1,-1,-1,-1,-1,2,0,0,0,0,0,1,0,22,1,7,41.69253289,-87.61886198
0,331273,-1,30,1,2,0,0,7,5,-1,0,0,0,1,-1,-1,0,32,-1,2433,-1,0,-1,-1,-1,-1,2,0,0,0,0,0,1,0,22,1,7,41.994661,-87.66055489
2,331272,-1,30,0,0,0,3,7,2,4,0,0,0,1,-1,-1,-1,0,-1,2534,-1,-1,-1,-1,-1,-1,2,2,0,0,2,0,0,0,22,1,7,41.90992415,-87.73164002
0,331314,-1,30,3,2,0,3,7,6,2,0,0,-1,0,-1,-1,-1,0,0,1834,-1,-1,-1,-1,-1,-1,2,0,0,0,0,0,2,0,21,1,7,41.89095923,-87.61669857
0,331233,-1,30,1,2,0,3,10,5,2,0,0,0,0,1,-1,1,16,-1,1733,-1,-1,-1,-1,-1,-1,2,0,0,0,0,0,3,0,21,1,7,41.94679313,-87.69794177
2,331351,-1,35,1,2,0,0,9,5,4,0,0,0,1,1,-1,1,0,0,632,-1,-1,-1,-1,-1,-1,2,1,0,0,1,0,1,0,21,1,7,41.73660156,-87.6049681
0,331247,-1,30,0,0,0,3,4,5,2,0,0,1,1,-1,-1,-1,29,-1,1224,-1,-1,-1,-1,-1,-1,1,0,0,0,0,0,1,0,21,1,7,41.88250302,-87.64869613
0,332632,-1,20,0,0,0,3,0,7,-1,0,0,0,0,-1,-1,1,17,0,413,-1,-1,-1,-1,-1,-1,2,0,0,0,0,0,2,0,21,1,7,41.7258881,-87.58555879
0,331971,-1,35,0,0,0,0,7,5,-1,0,1,0,0,-1,-1,1,0,0,1713,-1,-1,-1,-1,-1,-1,2,0,0,0,0,0,3,0,21,1,7,41.96567663,-87.71043924
0,331259,-1,30,0,0,0,3,2,2,-1,0,0,0,1,-1,1,-1,32,-1,533,-1,-1,-1,-1,-1,-1,1,0,0,0,0,0,1,0,21,1,7,41.64661354,-87.61687832
0,331223,-1,30,1,2,0,0,10,5,-1,0,0,0,0,-1,-1,-1,18,11,821,-1,-1,-1,-1,-1,-1,2,0,0,0,0,0,3,0,21,1,7,41.8079772,-87.72344286
0,331230,-1,30,0,0,1,0,7,7,-1,0,0,0,0,-1,-1,-1,11,16,925,-1,-1,-1,-1,-1,-1,2,0,0,0,0,0,1,0,21,1,7,41.80962977,-87.64570757
0,331201,-1,35,0,0,0,3,14,5,4,0,0,0,1,-1,-1,-1,32,16,614,-1,-1,-1,-1,-1,-1,2,0,0,0,0,0,4,0,20,1,7,41.74577419,-87.66346862
0,331258,-1,30,2,2,0,3,7,3,4,0,0,0,0,1,-1,-1,22,-1,132,-1,-1,-1,-1,-1,-1,2,0,0,0,0,0,1,0,20,1,7,41.8619431,-87.62257044
0,331186,-1,30,0,0,0,0,10,7,-1,0,0,0,0,-1,1,-1,-1,-1,823,-1,-1,-1,-1,-1,-1,2,0,0,0,0,0,4,0,20,1,7,41.77901991,-87.69353548
2,331165,-1,35,0,0,0,2,9,3,-1,0,0,0,1,-1,-1,-1,-1,-1,835,-1,-1,-1,-1,-1,-1,2,1,0,0,1,0,1,0,20,1,7,41.74985893,-87.71025933
0,331169,-1,30,0,0,0,4,7,5,2,0,0,0,0,-1,-1,-1,8,-1,1213,-1,-1,-1,-1,-1,-1,2,0,0,0,0,0,1,0,20,1,7,41.90133965,-87.67003364
0,331232,-1,10,0,0,0,4,7,7,1,0,0,0,0,-1,-1,1,0,20,332,-1,-1,-1,-1,-1,-1,2,0,0,0,0,0,1,0,20,1,7,41.77266293,-87.5864428
0,331183,-1,30,-1,-1,0,3,5,3,4,0,0,12,0,-1,-1,-1,29,-1,913,-1,-1,-1,-1,-1,-1,1,0,0,0,0,0,1,0,20,1,7,41.84607579,-87.64854898
0,331117,-1,30,1,2,0,1,10,5,2,0,0,0,0,1,-1,-1,18,-1,915,-1,-1,-1,-1,-1,-1,2,0,0,0,0,0,2,0,20,1,7,41.83089249,-87.64361665
0,331629,1,30,-1,-1,-1,-1,7,6,1,0,-1,-1,0,0,-1,1,-1,-1,331,-1,-1,-1,-1,-1,-1,2,0,0,0,0,0,1,0,20,1,7,41.77056617,-87.57167642
0,331120,-1,30,1,2,0,1,14,6,3,0,0,0,0,1,-1,-1,0,-1,1232,-1,-1,-1,-1,-1,-1,2,0,0,0,0,0,3,0,20,1,7,41.86713421,-87.64423752
0,331129,-1,30,0,0,0,1,10,5,-1,0,0,-1,0,1,-1,-1,17,-1,1622,-1,-1,-1,-1,-1,-1,2,0,0,0,0,0,2,0,19,1,7,41.96762485,-87.77743074
0,331124,-1,30,1,2,0,1,12,5,-1,0,0,0,0,-1,-1,-1,0,-1,111,-1,-1,-1,-1,-1,-1,2,0,0,0,0,0,3,0,19,1,7,41.88841476,-87.62462467
0,331147,-1,15,0,0,0,1,7,7,1,0,0,0,0,-1,0,-1,20,-1,1033,-1,-1,-1,-1,-1,-1,2,0,0,0,0,0,1,0,19,1,7,41.8408764,-87.70018045
0,331098,-1,30,0,0,0,1,10,5,4,0,0,-1,0,-1,-1,-1,18,-1,1834,-1,-1,-1,-1,-1,-1,2,0,0,0,0,0,2,0,19,1,7,41.8882059,-87.62788149
0,331123,-1,20,0,0,1,1,7,6,1,0,1,0,0,-1,-1,1,16,11,2524,-1,-1,-1,-1,-1,-1,2,0,0,0,0,0,1,0,19,1,7,41.92923903,-87.73441332
0,331095,-1,30,0,0,0,1,7,5,2,0,0,0,0,-1,-1,-1,13,0,822,-1,-1,-1,-1,-1,-1,3,0,0,0,0,0,1,0,19,1,7,41.78634298,-87.70423679
0,331093,-1,30,0,0,0,1,10,5,-1,0,0,0,0,-1,-1,1,0,0,2413,-1,-1,-1,-1,-1,-1,2,0,0,0,0,0,2,0,19,1,7,41.99072922,-87.68297945
0,331071,-1,30,0,0,0,1,10,7,-1,0,0,-1,0,-1,-1,1,0,11,1834,-1,-1,-1,-1,-1,-1,2,0,0,0,0,0,2,0,19,1,7,41.88926542,-87.62786766
0,331238,-1,30,0,0,0,-1,2,0,1,0,-1,-1,0,-1,-1,1,0,0,934,-1,-1,-1,-1,-1,-1,1,0,0,0,0,0,1,0,19,1,7,41.79432387,-87.65221049
0,331078,-1,30,0,0,0,1,7,5,2,0,0,0,0,-1,-1,1,0,0,614,-1,-1,-1,-1,-1,-1,2,0,0,0,0,0,1,0,19,1,7,41.74321942,-87.6752795
2,331063,-1,30,1,2,0,1,10,2,2,0,0,0,1,-1,-1,-1,19,16,612,-1,-1,-1,-1,-1,-1,2,3,0,0,2,1,0,0,18,1,7,41.75047896,-87.65359022
0,331053,-1,30,1,2,0,1,12,5,2,0,0,0,0,1,-1,1,22,0,1914,-1,-1,-1,-1,-1,-1,2,0,0,0,0,0,2,0,18,1,7,41.96894191,-87.65766136
0,331104,-1,35,1,2,0,1,10,2,-1,0,0,0,0,-1,-1,-1,18,-1,1235,-1,-1,-1,-1,-1,-1,2,0,0,0,0,0,2,0,18,1,7,41.85806266,-87.64679527
0,330996,-1,25,-1,-1,2,1,12,5,-1,0,1,0,0,-1,-1,-1,0,-1,2512,-1,-1,-1,-1,-1,-1,2,0,0,0,0,0,2,0,18,1,7,41.93069897,-87.801939
0,330983,-1,30,1,2,2,1,10,3,3,0,1,0,0,-1,-1,-1,18,16,211,-1,-1,-1,-1,-1,-1,2,0,0,0,0,0,7,0,18,1,7,41.83820838,-87.62643891
0,330997,-1,30,0,0,0,1,12,2,4,2,0,0,0,-1,-1,1,0,0,1831,-1,-1,-1,-1,-1,-1,2,0,0,0,0,0,2,0,18,1,7,41.88873545,-87.62819392
2,330979,-1,30,2,0,2,1,10,6,2,0,1,0,1,-1,-1,-1,18,-1,223,-1,-1,-1,-1,-1,-1,2,2,0,0,2,0,3,0,18,1,7,41.80600891,-87.60444393
0,331253,-1,30,1,2,0,1,10,3,4,0,-1,-1,0,-1,-1,-1,18,18,1834,-1,-1,-1,-1,-1,-1,3,0,0,0,0,0,3,0,18,1,7,41.88962796,-87.62024459
0,331003,-1,30,1,2,0,1,8,5,1,0,0,0,0,1,-1,-1,18,-1,1223,-1,-1,-1,-1,-1,-1,2,0,0,0,0,0,1,0,18,1,7,41.8828067,-87.67926811
0,331043,-1,30,0,0,0,1,2,3,2,0,0,0,1,-1,-1,-1,11,0,412,-1,-1,-1,-1,-1,-1,1,0,0,0,0,0,4,0,18,1,7,41.74349809,-87.5756897
0,332303,-1,25,0,0,0,1,7,6,-1,0,0,0,0,1,-1,1,0,-1,812,-1,-1,-1,-1,-1,-1,2,0,0,0,0,0,1,0,18,1,7,41.77997885,-87.76776229
0,330975,-1,25,0,0,0,1,0,2,2,0,1,0,1,-1,-1,-1,17,16,921,-1,-1,-1,-1,-1,-1,1,0,0,0,0,0,1,0,17,1,7,41.8220665,-87.69078836
0,331016,-1,30,1,2,2,1,10,5,4,0,1,0,1,1,-1,-1,16,15,331,-1,-1,-1,-1,-1,-1,2,0,0,0,0,0,2,0,17,1,7,41.77521679,-87.57339671
0,331012,-1,30,0,0,0,1,12,5,-1,0,0,0,0,-1,-1,-1,11,-1,823,-1,-1,-1,-1,-1,-1,2,0,0,0,0,0,2,0,17,1,7,41.77890078,-87.70055249
0,330955,-1,25,0,0,-1,1,7,5,2,0,-1,0,0,-1,-1,1,0,-1,2032,-1,-1,-1,-1,-1,-1,2,0,0,0,0,0,1,0,17,1,7,41.97046487,-87.67249632
0,331010,-1,30,-1,-1,0,1,10,7,-1,0,0,-1,0,-1,-1,-1,0,-1,1631,-1,-1,-1,-1,-1,-1,2,0,0,0,0,0,2,0,17,1,7,41.93898597,-87.80692907
0,330949,-1,30,0,0,2,1,10,5,-1,0,1,0,0,-1,-1,-1,34,0,1931,-1,-1,-1,-1,-1,-1,2,0,0,0,0,0,2,0,17,1,7,41.93246743,-87.67212775
0,330907,-1,30,0,0,1,1,14,5,2,0,0,0,1,-1,-1,-1,17,-1,622,-1,-1,-1,-1,-1,-1,2,0,0,0,0,0,2,0,17,1,7,41.74368386,-87.62960524
0,330952,1,30,0,0,0,1,12,6,1,0,1,3,0,-1,-1,-1,-1,0,1213,-1,-1,-1,-1,-1,-1,2,0,0,0,0,0,2,0,17,1,7,41.90087262,-87.67103493
0,330940,-1,20,1,2,0,1,10,5,4,0,0,0,0,-1,-1,-1,18,16,1813,-1,-1,-1,-1,-1,-1,2,0,0,0,0,0,4,0,17,1,7,41.91094064,-87.64841904
0,330916,-1,30,0,0,1,1,12,2,4,0,-1,0,0,1,-1,-1,17,-1,1233,-1,-1,-1,-1,-1,-1,2,0,0,0,0,0,2,0,17,1,7,41.86625502,-87.68588193
0,330943,-1,30,0,0,1,4,2,5,4,0,1,1,1,-1,1,-1,-1,-1,1112,-1,-1,-1,-1,-1,-1,1,0,0,0,0,0,2,0,17,1,7,41.89527483,-87.7243393
0,330948,-1,30,0,0,2,1,7,5,-1,0,1,0,0,-1,-1,-1,23,23,914,-1,-1,-1,-1,-1,-1,2,0,0,0,0,0,4,0,17,1,7,41.85142669,-87.63212835
0,330934,-1,30,1,2,0,1,10,5,-1,0,0,0,0,-1,-1,1,18,-1,1234,-1,-1,-1,-1,-1,-1,2,0,0,0,0,0,3,0,17,1,7,41.85243805,-87.66615223
0,423243,-1,15,0,0,0,1,2,0,-1,0,0,0,0,-1,1,1,0,0,1932,-1,-1,-1,-1,-1,-1,1,0,0,0,0,0,1,0,17,1,7,41.92596286,-87.66708298
0,340538,-1,30,1,2,0,1,12,5,5,0,0,0,0,-1,-1,-1,18,22,1922,-1,-1,-1,-1,-1,-1,2,0,0,0,0,0,3,0,17,1,7,41.95405361,-87.67825407
0,337138,-1,30,-1,-1,0,1,14,5,-1,0,-1,-1,0,-1,-1,-1,18,-1,2533,-1,-1,-1,-1,-1,-1,2,0,0,0,0,0,2,0,17,1,7,41.91018141,-87.73624887
0,330946,-1,30,0,0,2,1,10,3,-1,0,1,0,0,1,-1,1,0,0,912,-1,-1,-1,-1,-1,-1,2,0,0,0,0,0,2,0,17,1,7,41.8341366,-87.66579827
0,330893,-1,30,0,0,0,1,2,12,-1,0,0,0,0,-1,-1,-1,0,0,1822,-1,-1,-1,-1,-1,-1,1,0,0,0,0,0,1,0,17,1,7,41.90382523,-87.64328636
0,330895,-1,35,1,2,0,1,10,5,2,0,1,0,0,-1,-1,-1,0,0,1134,-1,-1,-1,-1,-1,-1,2,0,0,0,0,0,2,0,16,1,7,41.86660288,-87.70093946
0,331039,-1,30,0,0,0,1,10,5,-1,0,0,0,0,-1,-1,1,0,0,123,-1,-1,-1,-1,-1,-1,2,0,0,0,0,0,5,0,16,1,7,41.87558311,-87.62572838
0,330920,-1,0,0,0,0,1,12,2,-1,0,0,0,0,-1,-1,-1,11,-1,234,-1,-1,-1,-1,-1,-1,2,0,0,0,0,0,2,0,16,1,7,41.79741568,-87.58740345
3,330891,-1,35,1,-1,2,1,9,2,4,0,1,-1,1,-1,-1,-1,6,-1,123,-1,-1,-1,-1,-1,-1,2,1,0,1,0,0,1,0,16,1,7,41.86925576,-87.6242766
0,330898,-1,30,1,2,2,1,14,5,2,0,1,0,1,1,-1,0,34,-1,911,-1,-1,-1,-1,-1,-1,2,0,0,0,0,0,4,0,16,1,7,41.82289317,-87.69475472
0,339419,-1,30,0,0,0,1,7,7,-1,0,0,0,0,-1,1,-1,0,0,124,-1,-1,-1,-1,-1,-1,2,0,0,0,0,0,1,0,16,1,7,41.86553468,-87.64081331
0,330901,-1,30,1,2,0,1,10,5,-1,0,0,-1,0,-1,-1,-1,11,-1,822,-1,-1,-1,-1,-1,-1,2,0,0,0,0,0,2,0,16,1,7,41.7858939,-87.72281335
0,330883,-1,10,0,0,0,1,7,7,-1,0,0,0,0,-1,1,1,0,0,914,-1,-1,-1,-1,-1,-1,2,0,0,0,0,0,1,0,16,1,7,41.83887233,-87.64615097
0,330904,-1,0,1,2,0,1,14,5,1,0,0,0,0,-1,-1,-1,0,0,223,-1,-1,-1,-1,-1,-1,2,0,0,0,0,0,4,0,16,1,7,41.80928099,-87.61619968
0,331100,-1,10,0,0,0,1,2,0,-1,0,0,0,0,-1,-1,1,0,0,1733,-1,-1,-1,-1,-1,-1,1,0,0,0,0,0,1,0,16,1,7,41.94675633,-87.70515198
0,331061,-1,30,0,0,0,4,10,5,-1,0,0,0,1,-1,-1,1,-1,-1,813,-1,-1,-1,-1,-1,-1,2,0,0,0,0,0,5,0,16,1,7,41.79315506,-87.72330377
0,330909,-1,30,0,0,0,1,10,5,-1,0,0,0,0,-1,-1,-1,0,0,1712,-1,-1,-1,-1,-1,-1,2,0,0,0,0,0,3,0,16,1,7,41.96839821,-87.72363721
0,330879,-1,30,0,0,0,1,7,6,1,0,0,0,0,-1,-1,1,0,0,524,-1,-1,-1,-1,-1,-1,2,0,0,0,0,0,1,0,16,1,7,41.67796948,-87.6360364
3,330923,-1,30,0,0,0,1,7,6,1,0,0,0,1,-1,1,-1,-1,0,713,-1,-1,-1,-1,-1,-1,2,1,0,1,0,0,0,0,16,1,7,41.78626726,-87.65603239
0,330859,-1,30,2,2,0,1,14,5,-1,0,0,0,0,1,-1,-1,10,16,1031,-1,-1,-1,-1,-1,-1,2,0,0,0,0,0,2,0,16,1,7,41.83871799,-87.73418563
0,330843,-1,30,-1,-1,0,1,14,5,-1,0,0,-1,0,-1,-1,-1,0,-1,1511,-1,-1,-1,-1,-1,-1,2,0,0,0,0,0,2,0,16,1,7,41.89767761,-87.76564297
3,330887,-1,30,0,0,0,1,10,5,2,1,0,0,1,-1,-1,-1,18,-1,622,-1,1,-1,-1,-1,-1,3,6,0,3,3,0,0,0,16,1,7,41.74349277,-87.62780664
0,334991,-1,30,2,2,2,1,2,5,1,0,1,1,0,-1,-1,-1,29,-1,1613,-1,-1,-1,-1,-1,-1,1,0,0,0,0,0,1,0,16,1,7,41.98095434,-87.81158682
0,332324,-1,30,0,0,-1,1,7,2,-1,0,-1,0,0,-1,-1,1,0,0,1221,-1,-1,-1,-1,-1,-1,2,0,0,0,0,0,1,0,16,1,7,41.89201038,-87.68599716
0,331932,-1,30,0,0,0,1,7,2,2,0,0,0,0,-1,-1,1,0,-1,322,-1,-1,-1,-1,-1,-1,2,0,0,0,0,0,1,0,16,1,7,41.76789563,-87.61546351
0,331323,-1,30,2,2,0,0,0,6,-1,0,0,0,0,-1,-1,1,17,11,921,-1,-1,-1,-1,-1,-1,2,0,0,0,0,0,2,0,16,1,7,41.82284692,-87.68602009
0,330917,-1,30,2,2,0,1,10,5,-1,0,0,0,0,-1,-1,1,-1,-1,911,-1,-1,-1,-1,-1,-1,2,0,0,0,0,0,2,0,16,1,7,41.82822428,-87.69490963
2,330845,-1,30,0,0,0,1,10,2,2,0,0,-1,1,-1,-1,-1,18,0,1731,-1,-1,-1,-1,-1,-1,3,3,0,0,1,2,1,0,16,1,7,41.94625302,-87.72823769
0,330834,-1,30,0,0,0,1,10,5,-1,0,0,0,0,-1,-1,-1,0,0,1833,-1,-1,-1,-1,-1,-1,2,0,0,0,0,0,3,0,16,1,7,41.90008931,-87.61906261
1,330849,-1,30,1,1,0,1,12,6,-1,0,0,0,1,-1,-1,-1,21,17,1231,-1,-1,-1,-1,-1,-1,2,1,0,0,0,1,2,0,15,1,7,41.8752842,-87.6667549
2,330827,-1,10,0,0,0,1,9,7,-1,0,0,0,1,-1,-1,-1,20,11,1821,-1,-1,-1,-1,-1,-1,2,1,0,0,1,0,1,0,15,1,7,41.90388396,-87.6394372
0,330814,-1,25,0,2,0,1,7,6,-1,0,0,0,0,-1,-1,-1,21,-1,121,-1,-1,-1,-1,-1,-1,2,0,0,0,0,0,1,0,15,1,7,41.88063891,-87.6441365
0,330821,-1,30,0,0,0,1,10,7,-1,0,-1,-1,0,-1,-1,1,0,-1,2012,-1,-1,-1,-1,-1,-1,2,0,0,0,0,0,3,0,15,1,7,41.98990057,-87.67012661
0,330819,-1,40,0,0,0,1,12,3,4,0,0,0,0,-1,-1,-1,21,0,1814,-1,-1,-1,-1,-1,-1,2,0,0,0,0,0,4,0,15,1,7,41.92562373,-87.63084455
0,330802,-1,30,0,0,0,1,7,5,-1,0,0,-1,0,-1,-1,-1,20,11,1821,-1,-1,-1,-1,-1,-1,2,0,0,0,0,0,1,0,15,1,7,41.90925562,-87.63479734
0,331424,-1,30,0,0,0,1,7,5,-1,0,0,0,0,-1,-1,-1,0,-1,423,-1,-1,-1,-1,-1,-1,2,0,0,0,0,0,1,0,15,1,7,41.73728557,-87.55157514
0,330851,-1,30,1,2,0,1,10,2,2,0,0,0,0,1,-1,1,0,-1,1532,-1,-1,-1,-1,-1,-1,2,0,0,0,0,0,3,0,15,1,7,41.88780533,-87.75518992
0,330832,-1,30,0,-1,1,1,12,6,-1,0,0,0,0,-1,-1,1,0,11,1031,-1,-1,-1,-1,-1,-1,2,0,0,0,0,0,3,0,15,1,7,41.84378114,-87.71858549
0,330785,-1,30,1,2,0,1,0,5,4,0,0,0,0,-1,-1,-1,6,6,233,-1,-1,-1,-1,-1,-1,2,0,0,0,0,0,2,0,15,1,7,41.78766642,-87.60622616
0,330783,-1,15,0,0,0,1,0,7,1,0,0,-1,0,-1,1,-1,17,-1,1822,-1,-1,-1,-1,-1,-1,2,0,0,0,0,0,2,0,15,1,7,41.90939879,-87.6530507
0,330772,-1,30,0,0,0,1,10,5,2,0,0,0,0,-1,-1,-1,18,-1,1232,-1,-1,-1,-1,-1,-1,2,0,0,0,0,0,3,0,15,1,7,41.86352514,-87.64695668
0,331218,-1,30,1,2,0,1,0,5,3,0,0,0,0,1,-1,-1,6,-1,123,-1,-1,-1,-1,-1,-1,2,0,0,0,0,0,2,0,15,1,7,41.87553998,-87.63187315
0,336338,-1,30,1,2,0,1,11,2,-1,0,0,0,0,-1,-1,-1,0,-1,122,-1,-1,-1,-1,-1,-1,2,0,0,0,0,0,2,0,15,1,7,41.87570618,-87.63179835
0,332395,-1,30,1,2,0,1,10,5,-1,0,0,0,0,-1,-1,-1,18,-1,1234,-1,-1,-1,-1,-1,-1,2,0,0,0,0,0,2,0,15,1,7,41.85281242,-87.66617482
0,331159,-1,25,0,0,0,1,7,5,2,0,1,-1,0,-1,-1,1,0,0,132,-1,-1,-1,-1,-1,-1,2,0,0,0,0,0,1,0,15,1,7,41.8531289,-87.61890115
0,330939,-1,30,0,0,0,1,14,5,1,3,0,0,0,-1,-1,1,0,0,2531,-1,-1,-1,-1,-1,-1,2,0,0,0,0,0,4,0,15,1,7,41.91248416,-87.77150895
0,330888,-1,35,0,0,0,1,14,3,4,0,0,0,0,1,-1,-1,17,-1,424,-1,-1,-1,-1,-1,-1,2,0,0,0,0,0,2,0,15,1,7,41.7302544,-87.54054895
0,330848,-1,30,0,0,0,1,10,2,4,0,0,0,0,-1,-1,1,0,0,1431,-1,-1,-1,-1,-1,-1,2,0,0,0,0,0,2,0,15,1,7,41.92479042,-87.68770149
0,330776,-1,30,1,2,0,1,0,6,4,0,0,0,0,-1,-1,-1,6,6,112,-1,-1,-1,-1,-1,-1,2,0,0,0,0,0,6,0,15,1,7,41.8831577,-87.62801553
0,330770,-1,30,1,2,0,1,14,5,2,0,0,0,0,-1,-1,-1,0,11,2232,-1,-1,-1,-1,-1,-1,2,0,0,0,0,0,2,0,15,1,7,41.70676679,-87.64297564
0,332098,0,30,1,2,0,1,12,5,4,0,0,-1,0,1,-1,-1,0,0,1833,-1,-1,-1,-1,-1,-1,2,0,0,0,0,0,2,0,14,1,7,41.89681668,-87.61682704
0,330837,-1,30,1,2,0,1,12,5,4,0,0,0,0,1,-1,-1,21,-1,1121,-1,-1,-1,-1,-1,-1,2,0,0,0,0,0,4,0,14,1,7,41.89922862,-87.70864595
0,330823,-1,30,0,0,0,1,12,3,-1,0,0,0,0,-1,-1,-1,16,-1,432,-1,-1,-1,-1,-1,-1,2,0,0,0,0,0,2,0,14,1,7,41.71512418,-87.53542428
0,330782,-1,40,1,2,0,1,10,2,4,0,0,0,0,1,-1,1,8,0,511,-1,-1,-1,-1,-1,-1,2,0,0,0,0,0,2,0,14,1,7,41.72225727,-87.58527557
0,330771,-1,30,0,0,0,1,12,6,2,0,0,0,0,-1,-1,-1,0,-1,111,-1,-1,-1,-1,-1,-1,2,0,0,0,0,0,3,0,14,1,7,41.88386021,-87.62608867
0,330765,-1,25,1,2,0,1,12,6,-1,0,0,0,0,1,-1,1,0,-1,1925,-1,-1,-1,-1,-1,-1,2,0,0,0,0,0,4,0,14,1,7,41.94090916,-87.63936916
0,330710,-1,30,0,0,0,1,7,2,1,0,0,0,1,0,-1,-1,12,0,612,-1,-1,-1,-1,-1,-1,2,0,0,0,0,0,2,0,14,1,7,41.75040533,-87.65246314
0,334051,-1,25,0,0,1,1,7,6,1,0,-1,0,0,-1,-1,-1,0,-1,1935,1,-1,-1,-1,-1,-1,2,0,0,0,0,0,2,0,14,1,7,41.9317794,-87.64542323
0,330962,-1,25,1,2,0,1,10,5,-1,0,0,0,0,-1,-1,1,16,-1,524,-1,-1,-1,-1,-1,-1,2,0,0,0,0,0,3,0,14,1,7,41.68497056,-87.64227388
0,330728,-1,30,1,2,0,1,12,2,2,0,0,0,0,-1,-1,1,0,-1,1512,-1,-1,-1,-1,-1,-1,2,0,0,0,0,0,2,0,14,1,7,41.88780462,-87.7652685
0,331972,-1,20,0,0,0,1,5,7,1,0,0,0,0,-1,1,1,0,-1,312,-1,-1,-1,-1,-1,-1,1,0,0,0,0,0,1,0,14,1,7,41.77651062,-87.61567986
0,330750,-1,30,2,0,0,1,10,2,2,0,0,0,0,-1,-1,-1,18,-1,2411,-1,-1,-1,-1,-1,-1,2,0,0,0,0,0,2,0,14,1,7,42.0052094,-87.68601449
1,331228,-1,30,-1,-1,0,1,8,3,-1,0,0,-1,1,1,-1,1,-1,-1,133,-1,-1,-1,-1,-1,-1,2,1,0,0,0,1,1,0,14,1,7,41.84751666,-87.61786267
0,331175,-1,30,0,0,0,1,7,6,-1,0,0,0,0,-1,-1,-1,0,-1,1112,-1,-1,-1,-1,-1,-1,2,0,0,0,0,0,1,0,14,1,7,41.89610729,-87.72350947
0,330757,-1,30,1,2,0,1,14,5,-1,0,0,0,0,-1,-1,-1,0,0,1811,-1,-1,-1,-1,-1,-1,2,0,0,0,0,0,5,0,14,1,7,41.91094876,-87.65315955
0,330720,-1,30,0,0,0,1,7,4,1,0,0,2,0,-1,-1,-1,11,11,2212,-1,-1,-1,-1,-1,-1,2,0,0,0,0,0,1,0,14,1,7,41.70418343,-87.68140633
0,330755,-1,30,1,2,0,1,12,3,6,0,0,0,0,1,-1,-1,22,-1,1834,-1,-1,-1,-1,-1,-1,2,0,0,0,0,0,3,0,14,1,7,41.89259323,-87.62433405
0,330697,-1,5,0,0,0,1,7,0,1,0,0,0,0,-1,-1,1,0,0,524,-1,-1,-1,-1,-1,-1,2,0,0,0,0,0,1,0,14,1,7,41.68069389,-87.63582326
3,330725,-1,30,1,2,0,1,14,2,4,0,0,0,1,1,-1,-1,17,14,1213,-1,-1,-1,-1,-1,-1,2,4,0,4,0,0,0,0,14,1,7,41.89637938,-87.65524982
1,330729,-1,25,0,0,0,1,0,5,2,0,0,0,1,-1,-1,-1,11,0,2423,-1,-1,-1,-1,-1,-1,2,1,0,0,0,1,2,0,14,1,7,42.01010033,-87.67362878
0,332195,-1,30,1,2,0,-1,7,2,-1,0,0,0,0,-1,-1,1,0,0,1522,-1,-1,-1,-1,-1,-1,2,0,0,0,0,0,1,0,14,1,7,41.87719415,-87.76460549
0,332129,-1,30,0,0,0,1,2,2,2,0,0,0,1,-1,-1,-1,0,0,131,-1,-1,-1,-1,-1,-1,1,0,0,0,0,0,1,0,14,1,7,41.85530714,-87.62949717
0,330769,-1,30,0,0,0,1,14,5,-1,0,0,0,0,-1,-1,1,-1,-1,815,-1,-1,-1,-1,-1,-1,2,0,0,0,0,0,5,0,14,1,7,41.8005277,-87.72351928
0,330732,-1,30,0,0,0,1,12,5,-1,0,0,-1,0,-1,-1,-1,11,-1,921,-1,-1,-1,-1,-1,-1,2,0,0,0,0,0,2,0,14,1,7,41.81871101,-87.69467483
2,330652,-1,20,0,0,0,1,12,2,2,0,0,0,1,-1,-1,-1,17,0,1433,-1,-1,-1,-1,-1,-1,3,1,0,0,1,0,1,0,13,1,7,41.90852875,-87.66504461
0,330662,-1,30,0,0,0,1,10,5,4,0,0,0,0,-1,-1,-1,18,-1,1432,-1,-1,-1,-1,-1,-1,2,0,0,0,0,0,5,0,13,1,7,41.92607349,-87.68753875