MOST_SEVERE_INJURY,RD_NO,CRASH_DATE_EST_I,POSTED_SPEED_LIMIT,TRAFFIC_CONTROL_DEVICE,DEVICE_CONDITION,WEATHER_CONDITION,LIGHTING_CONDITION,FIRST_CRASH_TYPE,TRAFFICWAY_TYPE,LANE_CNT,ALIGNMENT,ROADWAY_SURFACE_COND,ROAD_DEFECT,CRASH_TYPE,INTERSECTION_RELATED_I,NOT_RIGHT_OF_WAY_I,HIT_AND_RUN_I,PRIM_CONTRIBUTORY_CAUSE,SEC_CONTRIBUTORY_CAUSE,BEAT_OF_OCCURRENCE,PHOTOS_TAKEN_I,STATEMENTS_TAKEN_I,DOORING_I,WORK_ZONE_I,WORK_ZONE_TYPE,WORKERS_PRESENT_I,NUM_UNITS,INJURIES_TOTAL,INJURIES_FATAL,INJURIES_INCAPACITATING,INJURIES_NON_INCAPACITATING,INJURIES_REPORTED_NOT_EVIDENT,INJURIES_NO_INDICATION,INJURIES_UNKNOWN,CRASH_HOUR,CRASH_DAY_OF_WEEK,CRASH_MONTH,LATITUDE,LONGITUDE
0,330646,-1,30,0,0,0,1,7,5,2,0,0,0,0,-1,-1,-1,25,-1,2413,-1,-1,-1,-1,-1,-1,2,0,0,0,0,0,1,0,13,1,7,41.99631254,-87.70946795
0,330661,-1,30,-1,-1,0,1,14,5,-1,0,-1,-1,0,-1,-1,-1,0,-1,1631,-1,-1,-1,-1,-1,-1,2,0,0,0,0,0,4,0,13,1,7,41.93898597,-87.80692907
0,330642,-1,30,1,1,0,1,14,5,2,0,0,0,0,-1,-1,-1,17,23,1713,-1,-1,-1,-1,-1,-1,2,0,0,0,0,0,3,0,13,1,7,41.96990105,-87.70837118
0,330681,-1,0,0,0,0,1,7,7,0,0,0,0,0,-1,1,1,0,0,612,-1,-1,-1,-1,-1,-1,2,0,0,0,0,0,1,0,13,1,7,41.75546441,-87.65371782
0,330655,-1,30,1,2,0,1,10,5,-1,0,0,0,0,-1,-1,-1,8,-1,512,-1,-1,-1,-1,-1,-1,2,0,0,0,0,0,3,0,13,1,7,41.70711658,-87.62366762
0,332211,-1,30,1,2,0,1,14,5,-1,0,0,0,0,-1,-1,-1,23,23,413,-1,-1,-1,-1,-1,-1,2,0,0,0,0,0,2,0,13,1,7,41.7231272,-87.58528922
0,330667,-1,30,2,2,0,1,10,6,-1,0,-1,-1,0,-1,-1,-1,0,-1,1925,-1,-1,-1,-1,-1,-1,2,0,0,0,0,0,2,0,13,1,7,41.94217708,-87.64002712
0,330744,1,30,0,0,0,1,7,6,4,0,0,0,0,-1,-1,-1,20,20,1834,-1,-1,-1,-1,-1,-1,2,0,0,0,0,0,1,0,13,1,7,41.89157,-87.62757351
0,330671,-1,30,0,0,0,1,0,5,-1,0,0,0,0,-1,-1,-1,0,-1,1221,-1,-1,-1,-1,-1,-1,2,0,0,0,0,0,2,0,13,1,7,41.89579651,-87.6773228
0,330668,-1,0,1,2,0,1,10,5,1,0,0,0,0,-1,-1,1,0,0,724,-1,-1,-1,-1,-1,-1,3,0,0,0,0,0,3,0,13,1,7,41.77949227,-87.65507582
0,341133,-1,30,1,2,0,1,14,6,-1,0,0,0,0,-1,-1,-1,23,17,1834,-1,-1,-1,-1,-1,-1,2,0,0,0,0,0,2,0,13,1,7,41.89179532,-87.62657357
0,332239,-1,30,1,2,0,1,14,2,-1,0,0,0,0,1,-1,-1,17,-1,511,-1,-1,-1,-1,-1,-1,2,0,0,0,0,0,2,0,13,1,7,41.72225727,-87.58527557
0,330781,-1,1,1,0,0,1,10,6,4,0,0,-1,0,-1,-1,-1,18,0,2223,-1,-1,-1,-1,-1,-1,2,0,0,0,0,0,2,0,13,1,7,41.72044132,-87.6433343
2,330678,-1,30,1,2,0,1,10,5,-1,0,0,-1,1,1,-1,-1,18,-1,432,-1,-1,-1,-1,-1,-1,2,1,0,0,1,0,1,0,13,1,7,41.70446651,-87.52663573
0,330623,-1,25,0,0,0,1,12,6,1,0,0,0,1,-1,-1,-1,11,7,2424,-1,-1,-1,-1,-1,-1,2,0,0,0,0,0,3,0,13,1,7,42.0059089,-87.675855
0,330611,-1,30,1,2,0,1,12,5,2,0,0,0,0,-1,-1,-1,21,-1,1832,-1,-1,-1,-1,-1,-1,2,0,0,0,0,0,3,0,13,1,7,41.89581098,-87.63137487
0,330591,0,35,1,2,0,1,10,2,2,0,-1,-1,0,-1,-1,1,18,18,1223,-1,-1,-1,-1,-1,-1,2,0,0,0,0,0,2,0,13,1,7,41.88206757,-87.68412742
2,330587,-1,35,1,2,0,1,14,2,2,2,0,0,1,1,-1,-1,17,17,512,-1,-1,-1,-1,-1,-1,2,2,0,0,1,1,1,0,12,1,7,41.70740512,-87.60667222
0,330806,-1,30,1,2,0,1,12,5,-1,0,0,0,0,-1,-1,-1,22,22,431,-1,-1,-1,-1,-1,-1,2,0,0,0,0,0,2,0,12,1,7,41.70794229,-87.58303421
0,330657,-1,10,0,0,0,1,7,7,-1,0,0,-1,0,-1,-1,1,0,0,323,-1,-1,-1,-1,-1,-1,2,0,0,0,0,0,1,0,12,1,7,41.75846886,-87.61788901
0,330648,-1,0,0,0,0,1,7,7,-1,0,0,0,0,-1,1,1,0,-1,121,-1,-1,-1,-1,-1,-1,2,0,0,0,0,0,1,0,12,1,7,41.88194808,-87.64258964
0,330605,-1,30,0,0,0,1,12,2,1,0,0,0,1,-1,-1,-1,0,0,711,-1,-1,-1,-1,-1,-1,2,0,0,0,0,0,3,0,12,1,7,41.78702096,-87.63882191
0,330584,-1,15,0,0,0,1,14,6,1,0,0,0,0,-1,-1,-1,0,0,611,-1,-1,-1,-1,-1,-1,2,0,0,0,0,0,2,0,12,1,7,41.74857455,-87.66897821
0,330612,-1,30,2,2,0,1,14,5,-1,0,0,0,0,1,-1,-1,17,16,2232,-1,-1,-1,-1,-1,-1,2,0,0,0,0,0,2,0,12,1,7,41.7067142,-87.65381347
0,330595,0,30,0,0,0,1,7,5,1,0,0,0,0,-1,-1,1,0,0,132,-1,-1,-1,-1,-1,-1,2,0,0,0,0,0,1,0,12,1,7,41.86398176,-87.62150714
1,330543,-1,30,1,2,0,1,11,2,4,0,0,0,1,1,-1,1,17,17,1113,-1,1,-1,-1,-1,-1,2,1,0,0,0,1,1,0,12,1,7,41.88606827,-87.73830774
0,300656,-1,30,1,2,0,1,7,6,3,0,0,-1,0,-1,-1,-1,20,11,1831,-1,-1,-1,-1,-1,-1,2,0,0,0,0,0,1,0,12,1,7,41.88968296,-87.63712096
0,330690,-1,30,1,2,0,1,10,5,-1,0,0,-1,0,-1,-1,-1,0,-1,1631,-1,-1,-1,-1,-1,-1,2,0,0,0,0,0,2,0,12,1,7,41.95276972,-87.80986121
2,330582,-1,30,1,2,0,1,14,3,2,0,0,0,1,1,-1,-1,17,16,122,-1,-1,-1,-1,-1,-1,2,4,0,0,4,0,2,0,12,1,7,41.88197699,-87.6371672
0,330674,-1,30,0,0,0,1,7,5,2,0,-1,-1,0,-1,-1,1,0,0,1922,-1,-1,-1,-1,-1,-1,2,0,0,0,0,0,1,0,12,1,7,41.95330061,-87.66433622
0,330597,-1,15,0,0,0,1,7,7,-1,0,0,0,0,-1,-1,-1,0,0,124,-1,-1,-1,-1,-1,-1,2,0,0,0,0,0,1,0,12,1,7,41.8698556,-87.64027031
0,330573,-1,35,2,2,0,1,11,5,2,0,0,0,0,-1,-1,-1,-1,-1,411,-1,1,-1,-1,-1,-1,2,0,0,0,0,0,2,0,12,1,7,41.75127864,-87.59534303
0,332501,-1,35,0,0,0,1,0,7,-1,0,0,-1,0,-1,-1,-1,20,-1,622,-1,-1,-1,-1,-1,-1,2,0,0,0,0,0,2,0,12,1,7,41.74257762,-87.63393693
0,330654,-1,15,0,0,0,1,0,7,3,0,0,0,0,-1,-1,-1,20,0,622,-1,-1,-1,-1,-1,-1,2,0,0,0,0,0,3,0,12,1,7,41.74257762,-87.63393693
0,330566,-1,30,0,0,0,1,14,5,2,0,0,0,0,-1,-1,-1,0,-1,2422,-1,1,-1,-1,-1,-1,2,0,0,0,0,0,3,0,12,1,7,42.01762647,-87.67216984
0,330557,-1,30,1,2,0,1,14,6,0,0,0,0,1,1,-1,1,6,16,1231,-1,-1,-1,-1,-1,-1,2,0,0,0,0,0,2,0,12,1,7,41.87525052,-87.66913875
0,330615,-1,30,0,0,0,1,7,5,-1,0,0,0,0,-1,-1,-1,0,-1,1622,-1,-1,-1,-1,-1,-1,2,0,0,0,0,0,1,0,12,1,7,41.96583722,-87.76829831
0,330607,-1,30,-1,-1,0,1,10,5,-1,0,0,-1,0,-1,-1,1,0,-1,2515,-1,-1,-1,-1,-1,-1,2,0,0,0,0,0,2,0,12,1,7,41.91752447,-87.75849686
2,330567,-1,30,-1,-1,0,1,8,5,2,0,0,0,1,-1,-1,-1,17,-1,432,-1,-1,-1,-1,-1,-1,2,1,0,0,1,0,1,0,12,1,7,41.69896409,-87.52832667
3,330519,-1,30,2,2,0,1,0,5,-1,0,0,0,1,1,-1,-1,17,-1,1631,-1,-1,-1,-1,-1,-1,2,1,0,1,0,0,1,0,12,1,7,41.94527689,-87.82175234
0,330540,-1,30,1,2,0,1,10,3,-1,0,0,0,1,-1,-1,1,16,-1,511,-1,1,-1,-1,-1,-1,2,0,0,0,0,0,3,0,11,1,7,41.70731437,-87.62083412
1,330650,-1,30,0,0,0,1,10,3,2,0,0,0,1,-1,-1,-1,0,33,1122,-1,-1,-1,-1,-1,-1,2,1,0,0,0,1,1,0,11,1,7,41.87719329,-87.72077741
0,330593,-1,30,0,0,0,1,10,3,6,0,0,-1,0,-1,-1,-1,17,-1,1834,-1,-1,-1,-1,-1,-1,2,0,0,0,0,0,2,0,11,1,7,41.89112059,-87.6239887
0,330527,-1,40,1,2,0,1,10,3,8,0,0,0,0,-1,-1,1,18,-1,114,-1,-1,-1,-1,-1,-1,2,0,0,0,0,0,2,0,11,1,7,41.87447114,-87.61725533
0,330536,-1,30,0,0,0,1,10,5,2,0,0,0,1,1,-1,-1,18,-1,622,-1,-1,-1,-1,-1,-1,2,0,0,0,0,0,4,0,11,1,7,41.74347018,-87.62923762
3,330522,-1,15,0,0,0,1,9,7,-1,0,0,0,1,-1,0,-1,33,-1,925,-1,-1,-1,-1,-1,-1,2,1,0,1,0,0,1,0,11,1,7,41.81639453,-87.63134009
0,330530,-1,30,0,0,0,1,10,5,4,0,0,0,0,-1,-1,-1,0,0,2412,-1,-1,-1,-1,-1,-1,2,0,0,0,0,0,2,0,11,1,7,41.99804294,-87.69004039
0,330512,-1,30,1,2,0,1,10,5,2,0,0,0,0,1,-1,-1,18,-1,1621,1,-1,-1,-1,-1,-1,2,0,0,0,0,0,3,0,11,1,7,41.99619463,-87.76500089
2,330498,-1,30,0,0,0,1,12,2,4,0,0,0,1,-1,-1,-1,22,16,1213,-1,-1,-1,-1,-1,-1,2,1,0,0,1,0,3,0,11,1,7,41.90321837,-87.6686556
0,330468,-1,25,0,0,0,1,7,5,-1,0,0,0,0,1,-1,-1,11,-1,1231,-1,-1,-1,-1,-1,-1,2,0,0,0,0,0,1,0,11,1,7,41.87238427,-87.66431902
0,334913,-1,30,1,2,0,1,14,3,-1,0,0,0,0,1,-1,-1,0,0,2432,-1,-1,-1,-1,-1,-1,2,0,0,0,0,0,2,0,11,1,7,41.99821792,-87.66069526
0,333511,-1,25,0,0,-1,3,12,5,2,1,0,-1,0,-1,-1,1,0,-1,322,-1,-1,-1,-1,-1,-1,2,0,0,0,0,0,2,0,11,1,7,41.77285574,-87.6155931
0,330481,-1,30,1,2,0,1,14,5,-1,0,0,0,0,-1,-1,-1,18,0,1031,-1,-1,-1,-1,-1,-1,2,0,0,0,0,0,5,0,11,1,7,41.84420701,-87.71973394
0,330480,-1,20,0,0,0,1,7,6,2,0,0,0,0,-1,-1,-1,12,0,2212,-1,-1,-1,-1,-1,-1,2,0,0,0,0,0,1,0,11,1,7,41.687063,-87.67046714
0,330473,1,25,1,2,0,1,12,6,3,0,0,0,0,1,-1,-1,0,0,1831,-1,-1,-1,-1,-1,-1,2,0,0,0,0,0,3,0,11,1,7,41.89082332,-87.63419724
1,330459,-1,30,2,2,0,1,10,3,2,2,1,12,1,1,-1,-1,28,29,1133,-1,-1,-1,-1,-1,-1,2,5,0,0,0,5,1,0,11,1,7,41.86812148,-87.71074555
0,330490,-1,30,1,2,0,1,14,8,3,0,0,0,0,1,-1,-1,0,0,1134,-1,-1,-1,-1,-1,-1,2,0,0,0,0,0,2,0,10,1,7,-1,-1
0,330561,-1,15,0,0,0,1,7,7,-1,0,0,0,0,-1,-1,-1,-1,-1,924,-1,-1,-1,-1,-1,-1,2,0,0,0,0,0,1,0,10,1,7,41.81944143,-87.66537555
0,330800,1,30,0,0,0,1,11,5,4,0,0,0,0,1,-1,-1,-1,-1,634,1,1,-1,-1,-1,-1,2,0,0,0,0,0,2,0,10,1,7,41.73610703,-87.6286908
0,339352,-1,15,0,0,0,1,2,0,-1,0,0,0,0,-1,-1,1,0,-1,1411,-1,-1,-1,-1,-1,-1,1,0,0,0,0,0,1,0,10,1,7,41.92931431,-87.69527497
0,337107,-1,30,0,0,0,1,14,5,-1,0,0,0,0,-1,-1,-1,-1,-1,511,-1,-1,-1,-1,-1,-1,2,0,0,0,0,0,2,0,10,1,7,41.72197047,-87.60334804
1,330477,-1,30,1,2,0,1,10,5,-1,0,0,0,1,1,-1,-1,18,0,222,-1,-1,-1,-1,-1,-1,2,1,0,0,0,1,1,0,10,1,7,41.80239705,-87.60374249
0,331783,1,30,0,0,0,3,7,2,-1,0,0,0,0,-1,-1,1,0,-1,2535,-1,-1,-1,-1,-1,-1,2,0,0,0,0,0,1,0,10,1,7,41.90542039,-87.72422953
0,330510,-1,25,0,0,0,1,7,5,-1,0,0,0,0,-1,-1,1,17,-1,2523,-1,-1,-1,-1,-1,-1,2,0,0,0,0,0,1,0,10,1,7,41.93765848,-87.7223015
0,330483,-1,30,2,2,0,1,0,12,1,0,0,0,0,1,-1,-1,0,0,1713,-1,-1,-1,-1,-1,-1,2,0,0,0,0,0,4,0,10,1,7,41.96469941,-87.71095173
0,330419,1,30,-1,-1,-1,-1,7,6,-1,0,-1,-1,0,-1,-1,1,0,0,2022,-1,-1,-1,-1,-1,-1,2,0,0,0,0,0,1,0,10,1,7,41.98868671,-87.65691901
0,331074,-1,30,1,2,0,1,14,5,-1,0,-1,-1,0,-1,-1,-1,0,-1,2432,-1,-1,-1,-1,-1,-1,2,0,0,0,0,0,2,0,10,1,7,41.99829938,-87.66050794
0,342425,-1,30,1,1,0,1,10,5,-1,0,0,0,0,-1,-1,-1,0,0,1912,-1,-1,-1,-1,-1,-1,2,0,0,0,0,0,3,0,10,1,7,41.95440107,-87.66897489
0,330493,1,15,10,2,0,1,7,6,1,0,0,0,0,-1,-1,1,0,0,2534,-1,-1,-1,-1,-1,-1,2,0,0,0,0,0,1,0,10,1,7,41.91325032,-87.72873462
2,330386,-1,35,0,0,0,1,9,5,2,0,0,0,1,-1,-1,-1,-1,-1,611,-1,-1,-1,-1,-1,-1,2,1,0,0,1,0,1,0,9,1,7,41.74682038,-87.66366018
0,330432,-1,25,0,0,0,1,12,5,-1,0,0,0,1,-1,-1,-1,17,-1,1422,-1,-1,-1,-1,-1,-1,2,0,0,0,0,0,2,0,9,1,7,41.91170587,-87.71652465
2,330391,-1,30,0,-1,0,1,10,2,2,0,0,0,1,-1,-1,-1,16,0,1613,-1,-1,-1,-1,-1,-1,3,1,0,0,1,0,2,0,9,1,7,41.96938049,-87.78814495
0,330401,-1,30,0,0,0,-1,7,5,2,0,0,0,0,-1,-1,1,0,0,912,-1,-1,-1,-1,-1,-1,2,0,0,0,0,0,1,0,9,1,7,41.8333448,-87.66715436
0,330400,1,30,0,0,0,3,7,7,-1,0,0,0,0,-1,1,1,0,-1,2512,-1,-1,-1,-1,-1,-1,2,0,0,0,0,0,1,0,9,1,7,41.92131571,-87.79182387
0,330371,-1,30,0,0,0,1,0,6,-1,0,0,0,0,-1,-1,-1,0,0,2424,-1,-1,-1,-1,-1,-1,2,0,0,0,0,0,2,0,9,1,7,42.01875354,-87.68178321
0,330379,-1,32,1,2,0,1,12,2,2,0,0,0,0,0,-1,-1,22,-1,431,-1,-1,-1,-1,-1,-1,2,0,0,0,0,0,3,0,9,1,7,41.72235302,-87.57586927
0,330397,-1,0,0,0,0,1,7,7,0,0,0,0,0,-1,1,-1,0,-1,1432,-1,-1,-1,-1,-1,-1,2,0,0,0,0,0,1,0,9,1,7,41.92034627,-87.66858932
2,330339,-1,30,2,2,0,1,0,2,-1,0,0,0,1,1,-1,-1,17,5,1622,-1,-1,-1,-1,-1,-1,2,1,0,0,1,0,1,0,8,1,7,41.96231073,-87.77723199
0,330332,-1,30,2,2,0,1,14,5,-1,0,0,0,0,-1,-1,-1,0,0,1722,-1,-1,-1,-1,-1,-1,2,0,0,0,0,0,2,0,8,1,7,41.95366789,-87.73550783
0,330352,-1,30,0,0,0,1,11,2,2,0,0,0,1,-1,-1,-1,0,-1,1713,-1,0,-1,-1,-1,-1,3,0,0,0,0,0,5,0,8,1,7,41.96859016,-87.70526494
0,330327,-1,30,0,0,0,1,7,5,2,0,0,0,1,-1,-1,-1,11,-1,424,-1,-1,-1,-1,-1,-1,5,0,0,0,0,0,1,0,8,1,7,41.73508282,-87.55013694
0,330355,-1,30,1,2,0,1,10,5,-1,0,0,0,0,-1,-1,-1,18,0,1722,-1,-1,-1,-1,-1,-1,2,0,0,0,0,0,2,0,8,1,7,41.95374643,-87.72893504
0,330322,-1,30,0,0,0,1,14,2,4,0,0,0,0,-1,-1,1,17,-1,2532,-1,-1,-1,-1,-1,-1,2,0,0,0,0,0,2,0,7,1,7,41.90949106,-87.76548044
0,331020,-1,20,0,0,0,1,7,5,-1,0,0,0,0,-1,-1,1,0,0,1732,-1,-1,-1,-1,-1,-1,2,0,0,0,0,0,1,0,7,1,7,41.94997779,-87.72214598
2,330300,-1,30,1,2,0,1,14,12,0,0,0,0,1,1,-1,1,6,0,1115,-1,-1,-1,-1,-1,-1,2,2,0,0,2,0,2,0,7,1,7,41.88056533,-87.7353271
0,330308,-1,30,0,0,0,1,2,0,-1,0,0,0,0,-1,-1,1,0,0,1034,-1,-1,-1,-1,-1,-1,1,0,0,0,0,0,1,0,7,1,7,41.84781972,-87.69055008
0,330290,-1,30,2,2,0,1,10,5,-1,0,-1,-1,0,-1,-1,-1,18,11,931,-1,-1,-1,-1,-1,-1,2,0,0,0,0,0,2,0,7,1,7,41.80313738,-87.67440779
0,330285,-1,35,0,0,0,1,7,6,1,0,0,0,0,-1,-1,-1,0,0,1032,-1,-1,-1,-1,-1,-1,2,0,0,0,0,0,1,0,6,1,7,41.84373314,-87.70608849
0,330281,-1,30,2,12,0,1,0,2,2,0,0,-1,0,-1,-1,1,5,-1,1024,-1,-1,-1,-1,-1,-1,3,0,0,0,0,0,2,0,6,1,7,41.84621824,-87.70645446
0,330280,-1,30,0,0,0,2,7,5,2,0,0,0,1,-1,-1,-1,11,20,2221,-1,-1,-1,-1,-1,-1,2,0,0,0,0,0,2,0,6,1,7,41.72477153,-87.66097878
0,336240,-1,30,1,2,0,1,14,12,-1,0,0,0,0,1,-1,1,0,0,1121,-1,-1,-1,-1,-1,-1,2,0,0,0,0,0,2,0,6,1,7,41.8917357,-87.71102884
0,333172,-1,0,0,0,0,2,7,6,-1,0,0,0,0,-1,-1,-1,0,0,1912,-1,-1,-1,-1,-1,-1,2,0,0,0,0,0,1,0,6,1,7,41.96553178,-87.67078774
0,331734,-1,30,0,0,0,1,7,6,-1,0,0,0,0,-1,-1,-1,0,-1,1432,-1,-1,-1,-1,-1,-1,2,0,0,0,0,0,1,0,6,1,7,41.92425145,-87.67641048
0,330274,-1,30,0,0,0,2,7,5,2,0,0,0,1,-1,-1,1,-1,-1,1121,-1,-1,-1,-1,-1,-1,2,0,0,0,0,0,2,0,5,1,7,41.89120562,-87.71604264
0,330302,1,30,-1,-1,-1,-1,7,6,1,0,-1,-1,0,-1,-1,-1,0,0,2433,-1,-1,-1,-1,-1,-1,2,0,0,0,0,0,1,0,5,1,7,41.99501963,-87.6582218
2,330266,-1,30,0,0,0,1,2,2,2,0,0,0,1,-1,1,1,0,0,1712,-1,-1,-1,-1,-1,-1,1,1,0,0,1,0,1,0,5,1,7,41.97557464,-87.73463839
0,330275,-1,30,0,0,0,2,7,2,4,0,0,0,1,-1,-1,1,0,-1,813,-1,-1,-1,-1,-1,-1,3,0,0,0,0,0,1,0,5,1,7,41.78115807,-87.7229777
0,330259,1,35,0,0,0,-1,7,2,4,0,0,0,1,-1,-1,1,0,-1,1421,-1,-1,-1,-1,-1,-1,2,0,0,0,0,0,1,0,5,1,7,41.91029481,-87.70038493
3,330247,-1,35,1,2,0,2,2,5,-1,0,0,0,1,-1,-1,-1,27,-1,832,-1,-1,-1,-1,-1,-1,1,1,0,1,0,0,0,0,4,1,7,41.76824397,-87.6831938
0,330246,-1,35,0,0,0,3,12,5,-1,0,0,0,1,1,-1,1,17,0,2011,-1,-1,-1,-1,-1,-1,2,0,0,0,0,0,2,0,4,1,7,41.98260897,-87.69447541
0,330236,-1,30,0,0,0,2,7,5,2,0,12,12,1,-1,-1,1,0,0,1031,-1,-1,-1,-1,-1,-1,3,0,0,0,0,0,3,0,4,1,7,41.84162838,-87.72462583
0,330265,-1,30,0,0,0,1,14,2,-1,0,0,0,0,-1,-1,-1,22,-1,1411,-1,-1,-1,-1,-1,-1,2,0,0,0,0,0,2,0,4,1,7,41.93220886,-87.69652558
0,330232,-1,30,1,2,0,3,10,5,2,0,0,0,0,1,-1,1,6,16,2533,-1,-1,-1,-1,-1,-1,2,0,0,0,0,0,2,0,4,1,7,41.90998739,-87.73638639
0,330230,-1,30,0,0,0,2,7,5,-1,0,0,0,1,-1,-1,-1,12,0,1131,-1,-1,-1,-1,-1,-1,3,0,0,0,0,0,1,0,4,1,7,41.87205942,-87.73532084
0,330255,-1,25,1,2,0,2,12,5,2,0,0,-1,0,-1,-1,-1,23,0,2012,-1,-1,-1,-1,-1,-1,2,0,0,0,0,0,2,0,4,1,7,41.98900976,-87.67480581
0,330237,-1,30,0,0,0,2,7,2,2,0,0,0,1,-1,-1,-1,0,0,1712,-1,-1,-1,-1,-1,-1,5,0,0,0,0,0,1,0,4,1,7,41.97990237,-87.71379615
0,330219,-1,30,0,0,0,3,12,5,4,0,0,0,0,-1,-1,1,22,0,2234,-1,-1,-1,-1,-1,-1,2,0,0,0,0,0,2,0,4,1,7,41.69224091,-87.66084576
0,330225,-1,25,0,0,0,3,7,5,-1,0,0,0,1,-1,-1,0,0,-1,631,-1,-1,-1,-1,-1,-1,3,0,0,0,0,0,1,0,4,1,7,41.74562911,-87.60977933
2,330208,-1,30,1,2,0,3,10,5,4,0,0,0,1,-1,-1,1,16,27,1221,-1,1,-1,-1,-1,-1,2,1,0,0,1,0,1,0,3,1,7,41.8954323,-87.70205238
0,330205,-1,30,1,2,0,3,12,5,-1,0,0,0,1,1,-1,-1,18,11,1123,-1,-1,-1,-1,-1,-1,2,0,0,0,0,0,2,0,3,1,7,41.88503193,-87.71604774
0,330193,-1,30,0,0,0,0,7,2,4,0,0,-1,1,-1,-1,-1,16,21,1133,-1,-1,-1,-1,-1,-1,2,0,0,0,0,0,2,0,3,1,7,41.86639589,-87.71618455
0,330187,-1,5,0,0,0,0,2,7,-1,0,-1,-1,0,-1,-1,-1,0,-1,2424,-1,-1,-1,-1,-1,-1,1,0,0,0,0,0,1,0,3,1,7,42.01836639,-87.67604271
0,330196,-1,30,1,2,0,3,14,2,-1,0,0,0,0,1,-1,-1,0,0,1935,-1,-1,-1,-1,-1,-1,2,0,0,0,0,0,2,0,3,1,7,41.92904145,-87.64874006
0,330197,-1,30,-1,-1,0,3,10,2,4,0,0,0,0,-1,-1,-1,0,-1,2513,-1,-1,-1,-1,-1,-1,2,0,0,0,0,0,2,0,3,1,7,41.91426089,-87.77553908
0,330188,-1,30,0,0,-1,3,7,2,2,0,-1,-1,1,-1,-1,1,10,-1,2534,-1,-1,-1,-1,-1,-1,3,0,0,0,0,0,1,0,3,1,7,41.9058312,-87.72654621
0,333978,-1,30,1,0,0,3,10,5,2,0,0,0,0,-1,-1,-1,18,-1,1623,-1,-1,-1,-1,-1,-1,2,0,0,0,0,0,4,0,3,1,7,41.97532826,-87.75783826
0,332389,-1,30,0,-1,0,0,2,2,2,0,0,-1,1,-1,-1,-1,0,0,523,-1,-1,-1,-1,-1,-1,1,0,0,0,0,0,1,0,3,1,7,41.66132051,-87.64150297
0,331050,-1,30,1,2,0,3,10,5,2,0,0,-1,0,1,-1,-1,18,-1,1831,-1,-1,-1,-1,-1,-1,2,0,0,0,0,0,2,0,3,1,7,41.88995429,-87.62808521
0,330262,0,25,0,0,0,-1,7,5,-1,0,0,0,0,-1,-1,1,-1,-1,2424,-1,-1,-1,-1,-1,-1,2,0,0,0,0,0,1,0,3,1,7,42.01381504,-87.67837555
0,330173,-1,40,0,0,0,0,12,3,8,5,0,1,1,-1,-1,1,25,0,114,-1,-1,-1,-1,-1,-1,2,0,0,0,0,0,2,0,3,1,7,41.88434876,-87.61454978
0,330210,1,25,-1,-1,0,0,7,2,-1,0,0,-1,1,-1,-1,0,0,0,1034,-1,-1,-1,-1,-1,-1,3,0,0,0,0,0,1,0,2,1,7,41.84826383,-87.68731291
0,330189,-1,30,1,2,0,3,12,2,2,0,0,0,1,1,-1,-1,0,-1,1833,-1,-1,-1,-1,-1,-1,2,0,0,0,0,0,5,0,2,1,7,41.89662942,-87.62805131
0,330175,-1,30,0,2,0,3,10,7,-1,0,0,0,0,-1,-1,1,17,27,1225,-1,-1,-1,-1,-1,-1,2,0,0,0,0,0,2,0,2,1,7,41.8667236,-87.68589511
2,330162,-1,30,0,0,0,3,12,2,6,0,0,0,1,-1,-1,-1,22,0,2211,-1,-1,-1,-1,-1,-1,2,1,0,0,1,0,5,0,2,1,7,41.69973489,-87.68155515
0,330164,-1,20,0,0,0,3,7,6,1,0,0,0,1,-1,-1,-1,0,0,511,-1,-1,-1,-1,-1,-1,2,0,0,0,0,0,1,0,2,1,7,41.71972557,-87.61910591
0,330154,-1,30,0,0,0,3,7,5,2,0,0,0,1,-1,-1,1,25,25,1231,-1,-1,-1,-1,-1,-1,3,0,0,0,0,0,1,0,2,1,7,41.86922163,-87.66217659
0,339580,-1,30,2,0,0,3,10,6,1,0,0,0,0,-1,-1,1,18,0,323,-1,-1,-1,-1,-1,-1,2,0,0,0,0,0,2,0,2,1,7,41.76005035,-87.62010934
0,330167,-1,30,0,0,0,3,12,2,6,0,0,0,0,-1,-1,1,23,11,814,-1,-1,-1,-1,-1,-1,2,0,0,0,0,0,4,0,2,1,7,41.80850391,-87.74331753
3,330148,-1,30,1,2,0,3,14,5,4,0,0,0,1,1,-1,-1,23,21,1812,-1,-1,-1,-1,-1,-1,2,1,0,1,0,0,2,0,2,1,7,41.91826695,-87.6486596
0,330151,-1,30,1,2,0,3,10,2,-1,2,0,0,0,-1,-1,-1,0,0,235,-1,-1,-1,-1,-1,-1,2,0,0,0,0,0,4,0,1,1,7,41.78780596,-87.60602263
0,330579,-1,25,0,0,0,3,2,5,-1,0,0,0,0,-1,1,-1,0,-1,2522,-1,-1,-1,-1,-1,-1,2,0,0,0,0,0,1,0,1,1,7,41.91707549,-87.74328272
0,330133,-1,30,1,2,0,3,14,6,3,0,0,0,0,1,-1,-1,17,-1,1832,-1,-1,-1,-1,-1,-1,2,0,0,0,0,0,2,0,1,1,7,41.89293476,-87.63395736
0,330155,1,30,0,0,0,3,7,5,2,0,0,-1,0,-1,-1,-1,11,0,1522,-1,-1,-1,-1,-1,-1,2,0,0,0,0,0,1,0,1,1,7,41.88220562,-87.75958507