MOST_SEVERE_INJURY,RD_NO,CRASH_DATE_EST_I,POSTED_SPEED_LIMIT,TRAFFIC_CONTROL_DEVICE,DEVICE_CONDITION,WEATHER_CONDITION,LIGHTING_CONDITION,FIRST_CRASH_TYPE,TRAFFICWAY_TYPE,LANE_CNT,ALIGNMENT,ROADWAY_SURFACE_COND,ROAD_DEFECT,CRASH_TYPE,INTERSECTION_RELATED_I,NOT_RIGHT_OF_WAY_I,HIT_AND_RUN_I,PRIM_CONTRIBUTORY_CAUSE,SEC_CONTRIBUTORY_CAUSE,BEAT_OF_OCCURRENCE,PHOTOS_TAKEN_I,STATEMENTS_TAKEN_I,DOORING_I,WORK_ZONE_I,WORK_ZONE_TYPE,WORKERS_PRESENT_I,NUM_UNITS,INJURIES_TOTAL,INJURIES_FATAL,INJURIES_INCAPACITATING,INJURIES_NON_INCAPACITATING,INJURIES_REPORTED_NOT_EVIDENT,INJURIES_NO_INDICATION,INJURIES_UNKNOWN,CRASH_HOUR,CRASH_DAY_OF_WEEK,CRASH_MONTH,LATITUDE,LONGITUDE
0,330733,1,30,0,0,0,3,7,2,2,0,0,-1,0,-1,-1,1,0,0,1732,-1,-1,-1,-1,-1,-1,2,0,0,0,0,0,1,0,1,1,7,41.93932519,-87.71746163
0,330157,-1,45,0,0,0,3,12,12,4,0,0,0,0,1,-1,1,0,-1,114,-1,-1,-1,-1,-1,-1,2,0,0,0,0,0,2,0,1,1,7,41.88326589,-87.61626953
0,330132,-1,30,0,0,0,3,7,5,2,0,0,0,0,-1,-1,1,16,25,1114,-1,-1,-1,-1,-1,-1,3,0,0,0,0,0,1,0,1,1,7,41.8820504,-87.73448321
0,330130,-1,30,0,0,0,3,7,5,-1,0,0,0,0,-1,-1,1,0,-1,713,-1,-1,-1,-1,-1,-1,2,0,0,0,0,0,1,0,1,1,7,41.78400105,-87.65961725
0,330108,1,30,1,2,0,3,10,5,2,0,0,0,0,-1,-1,1,16,16,921,-1,-1,-1,-1,-1,-1,2,0,0,0,0,0,2,0,1,1,7,41.81945368,-87.69440175
0,330126,-1,30,0,0,0,3,11,5,2,0,0,0,1,-1,-1,1,0,0,1122,-1,-1,-1,-1,-1,-1,5,0,0,0,0,0,2,0,1,1,7,41.88176518,-87.72287319
0,331135,-1,30,2,2,0,1,0,5,2,0,0,0,0,-1,-1,1,0,-1,421,-1,-1,-1,-1,-1,-1,2,0,0,0,0,0,2,0,1,1,7,41.75712637,-87.56284492
0,330116,-1,30,0,0,0,3,7,6,2,0,0,0,1,-1,-1,-1,7,0,632,-1,-1,-1,-1,-1,-1,2,0,0,0,0,0,1,0,1,1,7,41.73516999,-87.62398893
0,330090,1,25,0,0,0,3,8,5,-1,0,0,0,0,-1,-1,-1,-1,-1,1434,-1,-1,1,-1,-1,-1,2,0,0,0,0,0,3,0,1,1,7,41.91607291,-87.67630881
0,330122,-1,30,0,0,0,3,7,6,-1,0,0,0,1,-1,-1,1,32,25,1424,1,-1,-1,-1,-1,-1,16,0,0,0,0,0,1,0,1,1,7,41.90423721,-87.67686494
0,330077,-1,30,1,2,0,3,10,3,3,0,0,0,0,1,-1,1,0,0,815,-1,-1,-1,-1,-1,-1,3,0,0,0,0,0,5,0,0,1,7,41.81534668,-87.74321365
0,330165,-1,30,0,0,0,3,7,3,2,0,0,0,0,-1,-1,-1,21,-1,131,-1,-1,-1,-1,-1,-1,2,0,0,0,0,0,1,0,0,1,7,41.85275162,-87.62442588
2,330079,-1,30,0,0,0,3,0,5,2,0,0,0,1,1,-1,-1,17,-1,822,-1,-1,-1,-1,-1,-1,2,3,0,0,3,0,2,0,0,1,7,41.7860844,-87.72063348
0,330080,-1,30,0,0,0,3,3,5,4,0,0,0,1,-1,-1,1,19,25,1122,-1,-1,-1,-1,-1,-1,2,0,0,0,0,0,3,0,0,1,7,41.88087471,-87.7226213
3,330142,1,35,1,-1,0,3,10,3,-1,0,0,-1,1,-1,-1,1,24,-1,331,-1,-1,-1,-1,-1,-1,2,1,0,1,0,0,1,0,0,1,7,41.79142028,-87.58014777
0,331623,-1,30,0,0,0,0,3,5,-1,0,0,0,1,-1,-1,1,23,-1,1513,-1,-1,-1,-1,-1,-1,2,0,0,0,0,0,2,0,0,1,7,41.87775818,-87.76491834
1,330045,-1,30,2,2,0,3,14,5,2,0,0,0,1,-1,-1,1,17,11,1512,-1,-1,-1,-1,-1,-1,2,1,0,0,0,1,3,0,0,1,7,41.88769668,-87.76779199
0,330067,-1,30,1,2,0,3,12,5,-1,0,0,0,0,-1,-1,-1,0,-1,1414,-1,-1,-1,-1,-1,-1,2,0,0,0,0,0,5,0,0,1,7,41.92472746,-87.70055267
0,330061,-1,30,2,2,0,3,11,6,-1,0,0,12,0,1,-1,1,23,17,121,-1,-1,-1,-1,-1,-1,2,0,0,0,0,0,4,0,0,1,7,41.87602287,-87.64408694
0,334416,-1,30,-1,-1,0,3,4,5,-1,0,0,1,1,-1,-1,-1,28,0,414,-1,-1,-1,1,-1,-1,2,0,0,0,0,0,1,0,0,1,7,41.75514916,-87.57621047
0,330102,-1,30,1,2,0,0,0,2,4,0,0,0,0,1,-1,1,16,0,321,-1,-1,-1,-1,-1,-1,2,0,0,0,0,0,2,0,0,1,7,41.77514086,-87.58644197
0,330042,-1,30,0,0,0,3,12,2,4,0,0,0,1,0,-1,-1,0,-1,1623,-1,-1,-1,-1,-1,-1,2,0,0,0,0,0,2,0,0,1,7,41.97532926,-87.76844369
0,332423,-1,15,0,0,0,3,7,2,2,0,0,0,0,-1,-1,1,0,-1,1123,-1,-1,-1,-1,-1,-1,2,0,0,0,0,0,2,0,0,1,7,41.88633641,-87.71620313
0,330052,1,35,0,0,0,3,7,6,-1,0,0,0,1,-1,-1,-1,0,0,633,-1,-1,-1,-1,-1,-1,2,0,0,0,0,0,3,0,0,1,7,41.73214112,-87.60838839
0,330113,-1,30,1,2,0,0,10,5,-1,0,0,0,0,-1,-1,-1,0,0,815,-1,-1,-1,-1,-1,-1,2,0,0,0,0,0,5,0,0,1,7,41.80229697,-87.72602007
0,330041,-1,20,0,0,0,3,7,5,2,2,0,3,0,-1,-1,1,-1,-1,2413,-1,-1,-1,-1,-1,-1,2,0,0,0,0,0,1,0,0,1,7,41.99184694,-87.67558437
0,333930,-1,30,0,0,-1,-1,7,2,2,0,-1,0,0,-1,-1,1,0,-1,2432,-1,-1,-1,-1,-1,-1,2,0,0,0,0,0,1,0,0,1,7,42.00435699,-87.66585021
0,331559,1,30,0,-1,0,-1,7,-1,-1,0,-1,-1,0,-1,-1,-1,0,0,1923,-1,-1,-1,-1,-1,-1,2,0,0,0,0,0,1,0,0,1,7,41.95370463,-87.65009377
0,330931,-1,40,0,0,0,1,10,3,5,0,0,0,0,-1,-1,1,18,-1,114,-1,-1,-1,-1,-1,-1,2,0,0,0,0,0,2,0,0,1,7,41.87332197,-87.61716696
0,330029,-1,30,1,2,0,3,10,5,2,0,0,0,1,-1,-1,1,22,18,925,-1,-1,-1,-1,-1,-1,2,0,0,0,0,0,2,0,23,7,6,41.82335635,-87.6460685
0,330050,-1,45,0,0,0,3,10,3,4,0,0,0,1,-1,-1,1,11,11,133,-1,-1,-1,-1,-1,-1,2,0,0,0,0,0,5,0,23,7,6,41.84742098,-87.6123912
0,331026,-1,30,0,0,0,3,12,5,-1,0,0,0,0,-1,-1,-1,21,-1,122,-1,-1,-1,-1,-1,-1,2,0,0,0,0,0,2,0,23,7,6,41.87845408,-87.63535775
4,330005,-1,30,0,0,0,3,10,12,3,3,0,0,1,-1,-1,1,16,-1,331,1,1,-1,-1,-1,-1,2,3,1,2,0,0,3,0,23,7,6,41.77690413,-87.58513153
0,330028,-1,30,1,-1,0,3,0,5,2,0,0,0,0,-1,-1,1,6,14,925,-1,-1,-1,-1,-1,-1,2,0,0,0,0,0,3,0,23,7,6,41.82335635,-87.6460685
0,330032,-1,45,1,2,0,3,12,3,4,0,0,0,0,1,-1,-1,21,-1,1833,-1,-1,-1,-1,-1,-1,2,0,0,0,0,0,2,0,23,7,6,41.89681668,-87.61682704
0,330003,-1,30,12,12,0,3,12,5,2,0,0,0,0,-1,-1,1,0,-1,1821,-1,-1,-1,-1,-1,-1,2,0,0,0,0,0,2,0,23,7,6,41.90875947,-87.64079533
0,336814,1,25,0,0,0,-1,7,6,-1,0,-1,-1,0,-1,-1,-1,0,0,1923,-1,-1,-1,-1,-1,-1,2,0,0,0,0,0,1,0,23,7,6,41.95348086,-87.653927
0,330057,-1,30,1,2,0,3,10,2,4,0,0,0,1,-1,-1,1,18,15,1833,-1,-1,-1,-1,-1,-1,2,0,0,0,0,0,2,0,23,7,6,41.89820711,-87.6178365
0,330026,-1,30,1,2,0,3,14,12,4,0,0,-1,0,1,-1,-1,23,23,1224,-1,-1,-1,-1,-1,-1,2,0,0,0,0,0,2,0,23,7,6,41.88226935,-87.66681367
0,330015,-1,35,0,2,0,3,7,2,6,0,0,0,0,-1,-1,0,21,21,332,-1,-1,-1,-1,-1,-1,2,0,0,0,0,0,3,0,23,7,6,41.76842299,-87.58653313
0,330176,-1,30,1,2,0,3,12,2,4,0,0,0,0,1,-1,-1,0,0,1224,-1,-1,-1,-1,-1,-1,2,0,0,0,0,0,2,0,23,7,6,41.88318717,-87.66699246
2,329999,-1,30,1,2,0,3,8,5,-1,0,0,-1,1,1,-1,-1,6,17,1923,-1,-1,-1,-1,-1,-1,2,1,0,0,1,0,3,0,23,7,6,41.95444078,-87.65469052
0,331710,-1,30,1,2,0,0,12,5,2,0,0,0,0,1,-1,-1,0,0,332,-1,-1,-1,-1,-1,-1,2,0,0,0,0,0,2,0,23,7,6,41.76619636,-87.57644764
0,331384,-1,30,1,2,0,3,10,5,-1,0,0,0,0,-1,-1,-1,0,0,132,-1,-1,-1,-1,-1,-1,2,0,0,0,0,0,3,0,23,7,6,41.86262829,-87.61503109
0,329996,-1,30,3,2,0,3,12,5,4,0,0,0,0,-1,-1,-1,17,17,1832,-1,-1,-1,-1,-1,-1,2,0,0,0,0,0,3,0,23,7,6,41.89675949,-87.63020361
0,330833,-1,0,0,0,0,3,12,5,-1,0,0,0,0,-1,-1,-1,11,-1,214,-1,-1,-1,-1,-1,-1,2,0,0,0,0,0,2,0,23,7,6,41.82034813,-87.61355053
0,337268,1,30,0,0,-1,-1,7,5,4,0,-1,-1,0,-1,-1,1,0,-1,1935,-1,-1,-1,-1,-1,-1,2,0,0,0,0,0,1,0,23,7,6,41.93150083,-87.64598561
0,330048,-1,10,0,0,0,3,7,7,-1,0,0,0,0,-1,-1,-1,11,11,1224,-1,-1,-1,-1,-1,-1,2,0,0,0,0,0,1,0,23,7,6,41.88024125,-87.67156789
0,330625,-1,30,0,0,0,3,7,6,1,0,0,0,0,-1,-1,1,20,16,2514,-1,-1,-1,-1,-1,-1,2,0,0,0,0,0,1,0,22,7,6,41.92883746,-87.76722949
3,329965,-1,30,2,2,0,3,9,2,-1,0,0,0,1,-1,-1,-1,0,-1,132,-1,-1,-1,-1,-1,-1,2,1,0,1,0,0,1,0,22,7,6,41.85405242,-87.6223943
0,330019,-1,30,1,2,0,3,14,2,2,0,0,0,0,1,-1,-1,17,-1,321,-1,1,-1,-1,-1,-1,2,0,0,0,0,0,3,0,22,7,6,41.77494616,-87.59599718
3,329960,-1,30,2,0,0,3,0,6,2,0,0,0,1,1,-1,-1,17,-1,213,-1,-1,-1,-1,-1,-1,4,3,0,1,1,1,2,0,22,7,6,41.81825163,-87.62322001
1,329963,-1,30,1,2,0,3,10,5,2,0,0,0,1,1,-1,-1,22,21,2413,-1,-1,-1,-1,-1,-1,2,1,0,0,0,1,3,0,22,7,6,41.99778431,-87.68019292
0,329971,-1,30,2,2,0,0,0,5,2,0,0,0,1,1,-1,-1,17,17,312,-1,-1,-1,-1,-1,-1,2,0,0,0,0,0,2,0,22,7,6,41.78016804,-87.61455593
2,329970,-1,25,0,0,0,3,7,5,-1,0,0,0,1,-1,-1,-1,0,0,2513,-1,-1,-1,-1,-1,-1,2,1,0,0,1,0,0,0,22,7,6,41.91094322,-87.79532366
0,329955,-1,30,2,2,0,3,2,5,2,0,0,0,1,1,-1,-1,12,0,725,-1,-1,-1,-1,-1,-1,1,0,0,0,0,0,2,0,22,7,6,41.77776364,-87.66423681
0,330496,-1,30,2,2,0,3,11,6,1,0,0,0,0,1,-1,-1,0,-1,1511,-1,-1,-1,-1,-1,-1,2,0,0,0,0,0,2,0,22,7,6,41.89444649,-87.7668024
0,332561,-1,30,0,0,0,3,7,5,-1,0,0,0,0,-1,-1,1,0,0,523,-1,-1,-1,-1,-1,-1,2,0,0,0,0,0,1,0,22,7,6,41.66866276,-87.63814187
0,329974,-1,30,1,2,0,3,10,2,3,0,0,0,0,1,-1,-1,18,-1,1834,-1,-1,-1,-1,-1,-1,2,0,0,0,0,0,2,0,21,7,6,41.89266728,-87.61436255
0,329918,-1,30,0,0,0,3,7,7,-1,0,0,0,0,-1,-1,-1,0,0,832,-1,-1,-1,-1,-1,-1,2,0,0,0,0,0,2,0,21,7,6,41.76460891,-87.68338705
0,393143,1,35,2,2,0,0,2,5,-1,0,0,1,0,-1,-1,-1,29,-1,533,-1,-1,-1,-1,-1,-1,1,0,0,0,0,0,1,0,21,7,6,41.65174155,-87.61737708
0,329977,-1,30,0,0,0,0,7,2,2,0,0,0,0,-1,-1,1,23,0,324,-1,1,-1,-1,-1,-1,2,0,0,0,0,0,1,0,21,7,6,41.76528326,-87.59598024
0,329937,-1,25,0,0,0,3,10,5,-1,0,0,0,0,-1,-1,1,22,-1,1134,-1,-1,-1,-1,-1,-1,2,0,0,0,0,0,2,0,21,7,6,41.8736435,-87.71063515
2,335997,-1,30,2,2,0,1,0,2,-1,0,0,0,1,-1,-1,-1,17,-1,1733,-1,-1,-1,-1,-1,-1,2,1,0,0,1,0,2,0,21,7,6,-1,-1
0,329899,-1,30,0,0,-1,3,10,5,2,0,-1,-1,0,-1,-1,-1,0,-1,1915,-1,-1,-1,-1,-1,-1,2,0,0,0,0,0,2,0,21,7,6,41.96016074,-87.6377122
0,329931,-1,30,1,2,0,3,10,2,-1,0,0,0,0,-1,-1,0,0,0,823,-1,-1,-1,-1,-1,-1,2,0,0,0,0,0,2,0,21,7,6,41.77792353,-87.71755776
0,331213,-1,30,0,0,0,3,14,5,-1,0,0,0,0,-1,-1,-1,21,-1,1915,-1,-1,-1,-1,-1,-1,2,0,0,0,0,0,3,0,21,7,6,41.95459185,-87.65496414
0,329911,-1,15,0,0,0,3,7,7,-1,0,0,0,0,-1,-1,1,0,-1,1231,-1,-1,-1,-1,-1,-1,2,0,0,0,0,0,1,0,21,7,6,41.867057,-87.65970514
0,331399,-1,30,-1,-1,0,2,0,5,6,0,0,-1,0,1,-1,-1,0,-1,1233,-1,-1,-1,-1,-1,-1,2,0,0,0,0,0,2,0,20,7,6,41.86141786,-87.66638826
0,329894,-1,35,1,2,0,3,10,3,4,0,0,0,0,1,-1,-1,0,0,1824,-1,-1,-1,-1,-1,-1,2,0,0,0,0,0,2,0,20,7,6,41.90180914,-87.63270985
0,329891,-1,20,0,0,0,3,7,6,1,0,0,0,0,-1,-1,-1,0,16,1032,-1,-1,-1,-1,-1,-1,2,0,0,0,0,0,1,0,20,7,6,41.84162353,-87.71364451
0,329858,-1,30,0,0,0,1,5,2,-1,0,0,0,1,1,-1,-1,17,17,622,-1,-1,-1,-1,-1,-1,2,0,0,0,0,0,2,0,20,7,6,41.74350785,-87.62677555
0,329887,-1,10,0,0,0,-1,12,7,1,0,0,-1,0,-1,-1,1,-1,-1,2533,-1,-1,-1,-1,-1,-1,2,0,0,0,0,0,4,0,20,7,6,41.90950515,-87.74695994
0,329873,-1,0,0,0,0,3,12,7,1,0,0,0,0,-1,-1,1,11,0,131,-1,-1,-1,-1,-1,-1,2,0,0,0,0,0,2,0,20,7,6,41.86683145,-87.62566961
0,329885,-1,30,0,0,0,3,10,5,4,0,0,0,0,-1,-1,-1,18,-1,132,-1,-1,-1,-1,-1,-1,2,0,0,0,0,0,2,0,20,7,6,41.86631006,-87.61027015
0,329909,-1,30,0,0,0,3,7,5,-1,0,0,0,0,-1,-1,1,0,0,922,-1,-1,-1,-1,-1,-1,2,0,0,0,0,0,1,0,20,7,6,41.80825538,-87.68902348
1,329880,-1,30,1,2,0,1,12,5,3,0,0,0,1,1,-1,-1,21,-1,132,-1,-1,-1,-1,-1,-1,2,2,0,0,0,2,1,0,20,7,6,41.86738791,-87.62049103
0,329878,-1,30,1,2,0,3,10,12,-1,0,0,0,0,-1,-1,-1,18,16,624,-1,-1,-1,-1,-1,-1,2,0,0,0,0,0,3,0,20,7,6,41.75860901,-87.59572136
0,329817,-1,30,1,2,0,4,7,2,4,0,0,0,0,-1,-1,-1,0,0,1533,-1,-1,-1,-1,-1,-1,2,0,0,0,0,0,2,0,20,7,6,41.88049337,-87.75419238
0,329831,-1,20,0,0,0,2,7,7,-1,0,0,0,0,-1,-1,1,0,0,914,-1,-1,-1,-1,-1,-1,2,0,0,0,0,0,1,0,20,7,6,41.85292421,-87.63163261
0,330679,-1,30,0,0,0,4,10,5,4,0,0,0,0,-1,-1,-1,0,0,2221,-1,-1,-1,-1,-1,-1,2,0,0,0,0,0,2,0,20,7,6,41.72104771,-87.68200483
0,329816,-1,30,0,0,0,3,7,7,-1,0,0,0,0,-1,1,1,0,0,913,-1,-1,-1,-1,-1,-1,2,0,0,0,0,0,1,0,20,7,6,41.8317244,-87.64627639
2,329792,-1,30,0,0,0,1,12,6,-1,2,0,0,1,-1,-1,-1,0,-1,124,-1,-1,-1,-1,-1,-1,2,1,0,0,1,0,1,0,19,7,6,41.87524923,-87.64112621
2,329798,-1,20,2,2,0,4,8,6,1,0,0,0,1,1,-1,-1,16,5,1633,-1,-1,-1,-1,-1,-1,2,1,0,0,1,0,1,0,19,7,6,41.94487921,-87.78392447
1,329823,-1,30,1,2,0,1,0,5,0,0,0,0,1,1,-1,0,16,6,532,-1,-1,-1,-1,-1,-1,3,2,0,0,0,2,2,0,19,7,6,41.66358598,-87.61988918
0,329867,-1,35,1,2,0,4,0,5,4,0,0,0,0,1,-1,-1,0,-1,1832,-1,-1,-1,-1,-1,-1,2,0,0,0,0,0,2,0,19,7,6,41.89336002,-87.62961998
0,329853,-1,30,1,2,0,1,10,5,-1,0,0,-1,0,-1,-1,1,18,-1,815,-1,-1,-1,-1,-1,-1,2,0,0,0,0,0,4,0,19,7,6,41.80040395,-87.72812154
0,329844,-1,20,0,0,0,1,0,12,1,2,0,0,0,1,-1,-1,17,16,2223,-1,-1,-1,-1,-1,-1,2,0,0,0,0,0,2,0,19,7,6,41.73593487,-87.63759568
0,329791,-1,30,1,2,0,1,12,5,2,0,0,0,0,-1,-1,-1,21,-1,1235,-1,-1,-1,-1,-1,-1,2,0,0,0,0,0,2,0,19,7,6,41.85796073,-87.64365835
0,329784,-1,30,0,0,0,1,8,5,-1,0,0,0,0,-1,-1,-1,0,0,1832,-1,-1,-1,-1,-1,-1,2,0,0,0,0,0,2,0,19,7,6,41.89676634,-87.62969854
0,329779,-1,30,0,0,0,1,10,5,4,0,0,0,0,-1,-1,-1,18,18,1623,-1,-1,-1,-1,-1,-1,2,0,0,0,0,0,3,0,19,7,6,41.97538353,-87.75295892
0,329785,-1,30,1,2,0,1,12,5,-1,0,0,0,0,1,-1,-1,23,23,914,-1,1,-1,-1,-1,-1,2,0,0,0,0,0,2,0,19,7,6,41.84162379,-87.64408467
0,330323,1,30,0,0,0,-1,7,2,2,0,0,0,0,-1,-1,1,18,0,2212,-1,-1,-1,-1,-1,-1,2,0,0,0,0,0,1,0,19,7,6,41.70235477,-87.65965403
0,332551,-1,30,2,2,0,1,12,2,2,0,0,0,0,-1,-1,-1,17,-1,1631,-1,-1,-1,-1,-1,-1,2,0,0,0,0,0,2,0,19,7,6,41.94236095,-87.82881257
0,329923,-1,30,1,2,0,3,0,5,6,0,0,0,1,1,-1,-1,6,-1,114,-1,-1,-1,-1,-1,-1,2,0,0,0,0,0,3,0,19,7,6,41.88792122,-87.61881394
0,329793,-1,30,1,2,0,1,14,5,-1,0,0,0,0,1,-1,-1,0,0,1214,-1,-1,-1,-1,-1,-1,2,0,0,0,0,0,2,0,19,7,6,41.89190342,-87.64864017
0,329721,-1,30,0,0,0,1,0,7,0,0,0,0,0,-1,-1,-1,20,-1,935,-1,-1,-1,-1,-1,-1,2,0,0,0,0,0,6,0,19,7,6,41.79463173,-87.63268962
0,329768,-1,30,0,0,0,1,12,6,3,0,0,0,1,-1,-1,-1,11,0,524,-1,-1,-1,-1,-1,-1,2,0,0,0,0,0,3,0,19,7,6,41.6753398,-87.6611746
0,329775,-1,30,2,2,0,2,12,6,1,0,0,0,0,-1,-1,-1,17,0,414,-1,-1,-1,-1,-1,-1,2,0,0,0,0,0,2,0,19,7,6,41.75452531,-87.56735422
0,329755,-1,30,0,0,0,1,7,7,-1,0,0,0,0,-1,-1,1,0,-1,123,-1,-1,-1,-1,-1,-1,2,0,0,0,0,0,1,0,19,7,6,41.87514526,-87.62616044
0,329678,-1,30,0,0,0,1,14,6,2,0,0,0,0,-1,-1,-1,17,-1,1214,-1,-1,-1,-1,-1,-1,2,0,0,0,0,0,4,0,18,7,6,41.89221102,-87.6575602
0,329709,-1,30,2,2,0,1,0,6,1,0,0,0,0,1,-1,-1,33,17,1922,-1,-1,-1,-1,-1,-1,2,0,0,0,0,0,4,0,18,7,6,41.94159403,-87.67126375
0,329702,-1,30,1,2,0,1,10,5,-1,0,0,0,0,-1,-1,-1,18,-1,1232,-1,-1,-1,-1,-1,-1,2,0,0,0,0,0,2,0,18,7,6,41.86712525,-87.64706481
0,329799,-1,35,0,0,0,1,7,5,2,0,0,0,0,1,-1,1,0,-1,1922,-1,-1,-1,-1,-1,-1,2,0,0,0,0,0,1,0,18,7,6,41.94870509,-87.66884322
0,329698,-1,30,0,0,0,1,11,12,-1,0,0,0,0,-1,-1,-1,20,-1,722,-1,-1,-1,-1,-1,-1,2,0,0,0,0,0,2,0,18,7,6,41.77261544,-87.63009968
0,329695,-1,30,0,0,0,1,0,5,-1,0,0,0,0,-1,-1,-1,17,0,1935,-1,-1,-1,-1,-1,-1,2,0,0,0,0,0,2,0,18,7,6,41.92641007,-87.64894164
0,329913,-1,30,1,2,0,1,14,-1,4,0,0,0,0,-1,-1,-1,21,-1,111,-1,-1,-1,-1,-1,-1,2,0,0,0,0,0,2,0,18,7,6,41.88682931,-87.62471988
0,329677,-1,30,1,2,0,1,14,2,2,0,0,0,0,1,-1,-1,21,-1,2433,-1,-1,-1,-1,-1,-1,2,0,0,0,0,0,3,0,18,7,6,41.99433184,-87.67002536
0,329654,-1,30,2,2,0,1,14,5,2,0,0,-1,1,1,-1,-1,17,-1,1613,-1,-1,-1,-1,-1,-1,2,0,0,0,0,0,2,0,18,7,6,41.97566245,-87.79987671
0,329665,-1,30,2,2,0,1,0,2,-1,0,0,0,0,1,-1,-1,11,17,532,-1,-1,-1,-1,-1,-1,2,0,0,0,0,0,2,0,18,7,6,41.67618407,-87.62060308
0,330438,-1,35,0,0,0,1,7,5,-1,0,0,0,0,-1,-1,1,0,0,1731,-1,-1,-1,-1,-1,-1,2,0,0,0,0,0,1,0,18,7,6,41.95148971,-87.74484385
0,329773,-1,30,0,0,0,4,2,0,1,0,0,0,0,-1,1,1,-1,-1,1713,-1,-1,-1,-1,-1,-1,1,0,0,0,0,0,1,0,18,7,6,41.96484618,-87.70392256
0,329771,0,30,0,0,0,1,7,5,4,0,0,0,1,-1,-1,1,0,0,1232,-1,-1,-1,-1,-1,-1,2,0,0,0,0,0,1,0,18,7,6,41.86954885,-87.65127153
0,329657,-1,35,0,0,0,1,7,6,1,0,0,0,0,-1,-1,1,0,0,1524,-1,-1,-1,-1,-1,-1,5,0,0,0,0,0,1,0,18,7,6,41.89125774,-87.75905715
3,329684,-1,30,1,2,0,1,0,2,4,0,0,0,1,-1,-1,1,6,17,725,-1,-1,-1,-1,-1,-1,2,1,0,1,0,0,2,0,17,7,6,41.76873105,-87.65912949
3,329668,-1,15,2,2,0,1,7,5,2,0,0,0,1,-1,-1,-1,14,-1,221,1,-1,-1,-1,-1,-1,5,2,0,1,1,0,1,0,17,7,6,41.81269104,-87.61377432
2,329637,-1,30,1,2,0,1,14,2,4,0,0,-1,1,1,-1,-1,6,-1,1433,-1,0,-1,-1,-1,-1,2,1,0,0,1,0,2,0,17,7,6,41.91235695,-87.6678864
2,329667,-1,30,1,2,0,1,9,2,2,0,0,0,1,-1,-1,1,6,-1,1511,-1,-1,-1,-1,-1,-1,2,1,0,0,1,0,1,0,17,7,6,41.89831662,-87.77044199
0,329752,-1,30,0,0,0,1,14,2,4,0,0,0,0,-1,-1,-1,21,-1,2023,-1,-1,-1,-1,-1,-1,2,0,0,0,0,0,2,0,17,7,6,41.98313696,-87.65990781
2,329634,-1,15,0,0,0,1,0,0,1,0,0,0,1,-1,-1,-1,17,16,831,-1,-1,-1,-1,-1,-1,3,1,0,0,1,0,3,0,17,7,6,41.77349888,-87.69705504
0,329704,-1,30,0,0,0,1,10,5,-1,0,0,0,0,-1,-1,1,-1,-1,813,-1,-1,-1,-1,-1,-1,3,0,0,0,0,0,3,0,17,7,6,41.77859556,-87.73748251
0,334827,-1,30,0,0,0,1,0,5,-1,0,0,0,0,-1,-1,-1,17,0,2033,-1,-1,-1,-1,-1,-1,2,0,0,0,0,0,2,0,17,7,6,41.97622584,-87.65895871
0,330403,-1,30,0,0,0,1,7,6,-1,0,0,0,0,-1,-1,-1,0,0,823,-1,-1,-1,-1,-1,-1,2,0,0,0,0,0,1,0,17,7,6,41.77848257,-87.70205054
0,329705,-1,30,1,2,0,1,12,2,3,0,0,0,0,-1,-1,-1,17,0,123,-1,-1,-1,-1,-1,-1,2,0,0,0,0,0,2,0,17,7,6,41.87558282,-87.62617188
0,329647,-1,30,-1,-1,0,1,7,5,-1,0,0,-1,0,-1,-1,-1,0,-1,1633,-1,-1,-1,-1,-1,-1,2,0,0,0,0,0,2,0,17,7,6,41.93861746,-87.7666483
0,329620,-1,30,1,2,0,1,14,5,-1,0,0,0,0,1,-1,-1,0,0,1213,-1,-1,-1,-1,-1,-1,2,0,0,0,0,0,2,0,17,7,6,41.89975572,-87.66724683
0,329603,-1,30,0,0,0,1,12,2,-1,0,0,0,0,-1,-1,-1,21,-1,1232,-1,-1,-1,-1,-1,-1,2,0,0,0,0,0,3,0,17,7,6,41.86728716,-87.64524694
0,329604,-1,30,0,0,0,1,7,7,0,0,0,0,0,-1,0,-1,0,-1,2213,-1,-1,-1,-1,-1,-1,2,0,0,0,0,0,1,0,17,7,6,41.7198284,-87.68188283
0,329588,-1,30,1,2,0,1,0,12,2,0,0,0,0,1,-1,-1,6,16,1022,-1,-1,-1,-1,-1,-1,2,0,0,0,0,0,3,0,17,7,6,41.85919277,-87.70552013
0,329585,-1,30,0,0,0,1,7,5,-1,0,0,0,0,-1,-1,1,0,0,1821,-1,-1,-1,-1,-1,-1,2,0,0,0,0,0,1,0,17,7,6,41.90719168,-87.63861826
0,329610,-1,30,2,2,0,1,10,6,-1,0,0,0,0,-1,-1,-1,-1,-1,813,-1,-1,-1,-1,-1,-1,2,0,0,0,0,0,5,0,17,7,6,41.77859025,-87.726572
1,329579,-1,30,1,2,0,1,10,5,2,0,0,0,1,-1,-1,1,0,-1,1713,-1,-1,-1,-1,-1,-1,2,1,0,0,0,1,3,0,17,7,6,41.97064291,-87.70868484
0,331585,-1,30,0,0,0,1,10,5,2,0,0,0,0,-1,-1,1,0,22,1031,-1,-1,-1,-1,-1,-1,2,0,0,0,0,0,2,0,17,7,6,41.84395574,-87.73785744