MOST_SEVERE_INJURY,RD_NO,CRASH_DATE_EST_I,POSTED_SPEED_LIMIT,TRAFFIC_CONTROL_DEVICE,DEVICE_CONDITION,WEATHER_CONDITION,LIGHTING_CONDITION,FIRST_CRASH_TYPE,TRAFFICWAY_TYPE,LANE_CNT,ALIGNMENT,ROADWAY_SURFACE_COND,ROAD_DEFECT,CRASH_TYPE,INTERSECTION_RELATED_I,NOT_RIGHT_OF_WAY_I,HIT_AND_RUN_I,PRIM_CONTRIBUTORY_CAUSE,SEC_CONTRIBUTORY_CAUSE,BEAT_OF_OCCURRENCE,PHOTOS_TAKEN_I,STATEMENTS_TAKEN_I,DOORING_I,WORK_ZONE_I,WORK_ZONE_TYPE,WORKERS_PRESENT_I,NUM_UNITS,INJURIES_TOTAL,INJURIES_FATAL,INJURIES_INCAPACITATING,INJURIES_NON_INCAPACITATING,INJURIES_REPORTED_NOT_EVIDENT,INJURIES_NO_INDICATION,INJURIES_UNKNOWN,CRASH_HOUR,CRASH_DAY_OF_WEEK,CRASH_MONTH,LATITUDE,LONGITUDE
0,329617,-1,30,0,0,0,1,7,6,1,0,0,0,1,-1,-1,1,0,0,1031,-1,-1,-1,-1,-1,-1,2,0,0,0,0,0,1,0,17,7,6,41.84385577,-87.72590004
0,329568,-1,30,0,0,0,1,3,2,2,0,0,0,1,-1,-1,-1,7,-1,2411,-1,-1,-1,-1,-1,-1,2,0,0,0,0,0,3,0,16,7,6,42.01198451,-87.70832604
0,329618,-1,30,0,0,0,1,10,2,2,0,0,-1,0,-1,-1,-1,0,0,524,-1,-1,-1,-1,-1,-1,2,0,0,0,0,0,2,0,16,7,6,41.67295282,-87.64189225
3,329548,-1,30,1,2,0,1,8,5,2,0,0,0,1,-1,-1,1,0,-1,1912,-1,-1,1,-1,-1,-1,2,1,0,1,0,0,1,0,16,7,6,41.95448697,-87.66237778
2,329567,-1,30,1,2,0,1,14,3,6,0,0,0,1,1,-1,-1,25,3,332,-1,-1,-1,-1,-1,-1,2,1,0,0,1,0,4,0,16,7,6,41.7732929,-87.58644237
0,334275,-1,0,0,0,0,1,7,2,-1,0,0,0,0,-1,-1,1,0,-1,1214,-1,-1,-1,-1,-1,-1,2,0,0,0,0,0,1,0,16,7,6,41.89134616,-87.64422462
0,329607,-1,30,1,2,0,1,10,5,-1,0,0,-1,0,-1,-1,1,18,-1,834,-1,-1,-1,-1,-1,-1,2,0,0,0,0,0,3,0,16,7,6,41.7347748,-87.73120208
0,329640,-1,30,1,2,0,1,14,2,4,0,0,0,0,1,-1,1,6,-1,331,-1,-1,-1,-1,-1,-1,2,0,0,0,0,0,3,0,16,7,6,41.76636542,-87.56662788
0,329656,-1,30,0,0,0,1,7,2,-1,0,0,0,0,-1,-1,1,0,-1,1213,-1,-1,-1,-1,-1,-1,2,0,0,0,0,0,2,0,16,7,6,41.90242867,-87.66525449
0,329542,-1,30,0,0,0,1,2,5,-1,0,0,0,1,1,-1,1,0,0,1132,-1,-1,-1,-1,-1,-1,1,0,0,0,0,0,1,0,16,7,6,41.87613028,-87.72566112
0,329597,-1,30,0,0,0,1,7,5,2,0,0,0,0,-1,-1,-1,0,-1,132,-1,-1,-1,-1,-1,-1,2,0,0,0,0,0,2,0,16,7,6,41.85122372,-87.62372557
0,329611,-1,30,1,2,0,1,14,5,-1,0,0,0,0,1,-1,1,17,-1,1622,-1,-1,-1,-1,-1,-1,2,0,0,0,0,0,2,0,16,7,6,41.9605935,-87.76730627
0,329602,-1,30,0,0,0,1,0,7,1,0,0,0,0,-1,-1,1,17,-1,2511,-1,-1,-1,-1,-1,-1,2,0,0,0,0,0,2,0,16,7,6,41.9310908,-87.78583883
0,329517,-1,35,1,2,0,1,0,5,4,0,0,0,1,1,-1,-1,11,17,1433,-1,-1,-1,-1,-1,-1,2,0,0,0,0,0,4,0,16,7,6,41.91791085,-87.66780632
0,329511,-1,30,1,2,0,1,14,5,-1,0,0,0,1,-1,-1,-1,0,0,623,-1,-1,-1,-1,-1,-1,2,0,0,0,0,0,2,0,16,7,6,41.75649015,-87.61522679
0,329536,-1,30,0,0,0,1,0,7,-1,0,0,0,0,-1,1,-1,-1,-1,813,-1,-1,-1,-1,-1,-1,2,0,0,0,0,0,4,0,16,7,6,41.77833539,-87.74243649
2,329531,-1,35,0,12,0,0,8,2,2,0,0,0,1,-1,-1,-1,-1,-1,1923,-1,-1,1,-1,-1,-1,2,1,0,0,1,0,1,0,16,7,6,41.95438385,-87.65419529
2,329510,-1,30,2,2,0,1,14,5,4,0,0,0,1,1,-1,-1,0,17,821,-1,-1,-1,-1,-1,-1,2,2,0,0,1,1,2,0,16,7,6,41.80078143,-87.71485623
0,329481,-1,30,1,2,0,1,10,2,-1,0,0,0,0,-1,-1,-1,18,18,2512,-1,-1,-1,-1,-1,-1,2,0,0,0,0,0,3,0,16,7,6,41.92370819,-87.79530078
0,329528,-1,30,1,2,0,1,10,2,2,0,0,0,0,1,-1,-1,7,0,733,-1,-1,-1,-1,-1,-1,2,0,0,0,0,0,2,0,16,7,6,41.75967458,-87.64442024
0,329561,-1,30,0,0,0,1,7,5,-1,0,0,0,0,-1,-1,-1,-1,-1,922,-1,-1,-1,-1,-1,-1,2,0,0,0,0,0,2,0,16,7,6,41.81377059,-87.68599773
0,329458,-1,25,1,2,0,1,14,5,-1,0,0,0,0,1,-1,1,0,-1,1923,-1,-1,-1,-1,-1,-1,2,0,0,0,0,0,2,0,16,7,6,41.94730429,-87.65665932
3,329565,1,30,9,2,0,1,10,2,4,0,0,12,1,1,-1,-1,16,0,523,-1,-1,-1,1,1,-1,2,2,0,1,0,1,0,0,16,7,6,41.67380785,-87.64162796
0,329527,-1,30,0,0,0,1,7,5,2,0,0,0,0,-1,-1,1,23,0,1533,-1,-1,-1,-1,-1,-1,2,0,0,0,0,0,1,0,16,7,6,41.88168524,-87.74696962
0,329513,-1,40,1,2,0,1,10,3,1,0,0,0,0,-1,-1,-1,0,0,132,-1,-1,-1,-1,-1,-1,2,0,0,0,0,0,3,0,16,7,6,41.86733072,-87.61865464
0,329485,-1,30,0,0,0,1,7,7,-1,0,0,0,0,-1,-1,-1,-1,-1,811,-1,-1,-1,-1,-1,-1,2,0,0,0,0,0,1,0,16,7,6,41.79401754,-87.77414737
2,329445,-1,5,12,2,0,1,10,3,11,0,0,0,1,-1,-1,-1,16,17,423,-1,-1,-1,-1,-1,-1,2,1,0,0,1,0,1,0,16,7,6,-1,-1
0,329479,-1,30,1,2,0,1,14,5,4,0,0,0,0,1,-1,-1,17,16,422,-1,-1,-1,-1,-1,-1,2,0,0,0,0,0,2,0,15,7,6,41.7518556,-87.54825034
0,329652,-1,30,0,0,0,1,12,6,-1,0,0,0,0,-1,-1,-1,20,-1,1215,-1,-1,-1,-1,-1,-1,2,0,0,0,0,0,2,0,15,7,6,41.89334491,-87.66410332
0,329487,-1,30,0,0,0,1,7,6,2,0,0,0,0,-1,-1,-1,0,-1,114,-1,-1,-1,-1,-1,-1,2,0,0,0,0,0,6,0,15,7,6,41.88458837,-87.62327256
0,330406,-1,30,0,0,-1,-1,11,5,-1,0,-1,-1,0,-1,-1,-1,0,-1,1932,-1,-1,-1,-1,-1,-1,2,0,0,0,0,0,4,0,15,7,6,41.92732228,-87.65250569
0,329509,-1,30,0,0,0,-1,7,5,2,0,0,0,0,-1,-1,1,0,-1,1422,-1,-1,-1,-1,-1,-1,2,0,0,0,0,0,1,0,15,7,6,41.90293419,-87.70755198
0,329453,-1,30,1,2,0,1,10,2,4,0,0,0,0,-1,-1,-1,18,0,2212,-1,-1,-1,-1,-1,-1,2,0,0,0,0,0,3,0,15,7,6,41.68442187,-87.6816293
0,329447,-1,30,0,0,0,1,12,5,-1,0,0,0,0,-1,-1,-1,22,-1,2011,-1,-1,-1,-1,-1,-1,2,0,0,0,0,0,5,0,15,7,6,41.97739301,-87.69265078
0,330091,-1,30,1,2,0,1,10,2,8,0,0,-1,0,1,-1,-1,18,18,114,-1,-1,-1,-1,-1,-1,2,0,0,0,0,0,2,0,15,7,6,41.88794808,-87.61879675
1,329478,1,30,1,2,0,1,14,2,4,0,0,0,1,-1,-1,-1,22,22,1125,-1,-1,-1,-1,-1,-1,2,1,0,0,0,1,1,0,15,7,6,41.87853495,-87.6865104
0,329450,-1,30,0,0,0,1,7,5,-1,0,0,0,0,-1,-1,-1,-1,-1,813,-1,-1,-1,-1,-1,-1,2,0,0,0,0,0,2,0,15,7,6,41.79301991,-87.73140026
0,329566,-1,30,0,0,0,1,14,5,4,0,0,0,0,-1,-1,-1,18,-1,815,-1,-1,-1,-1,-1,-1,2,0,0,0,0,0,3,0,15,7,6,41.79877804,-87.74289903
0,329482,-1,30,0,0,0,1,12,3,-1,0,0,0,0,-1,1,-1,21,-1,1834,-1,-1,-1,-1,-1,-1,2,0,0,0,0,0,4,0,15,7,6,41.89117034,-87.61409924
0,329467,-1,35,1,2,0,1,14,5,2,0,0,-1,0,1,-1,-1,23,0,1915,-1,-1,-1,-1,-1,-1,2,0,0,0,0,0,2,0,15,7,6,41.96161243,-87.6657964
0,329460,-1,30,0,0,0,1,10,5,2,0,0,0,1,-1,-1,1,0,0,1622,-1,-1,-1,-1,-1,-1,2,0,0,0,0,0,2,0,15,7,6,41.96053597,-87.77159906
0,329427,-1,30,1,2,0,1,14,6,2,0,0,0,1,0,-1,-1,23,0,1223,-1,-1,-1,-1,-1,-1,2,0,0,0,0,0,2,0,15,7,6,41.88142259,-87.67670648
0,329522,-1,30,1,2,0,1,10,5,-1,0,0,0,0,1,-1,1,18,-1,1913,-1,-1,-1,-1,-1,-1,2,0,0,0,0,0,2,0,15,7,6,41.96538434,-87.66641902
0,329475,-1,30,0,0,0,1,14,5,2,0,0,0,1,1,-1,-1,17,-1,915,-1,-1,-1,-1,-1,-1,2,0,0,0,0,0,2,0,15,7,6,41.83100594,-87.63509305
0,329419,-1,30,0,0,0,1,12,2,4,0,0,0,0,1,-1,-1,11,0,2221,-1,-1,-1,-1,-1,-1,2,0,0,0,0,0,5,0,15,7,6,41.72657419,-87.66295077
0,329629,-1,25,1,2,0,1,0,5,-1,0,0,0,0,-1,-1,-1,6,-1,2423,-1,-1,-1,-1,-1,-1,2,0,0,0,0,0,2,0,15,7,6,42.01405331,-87.66418413
0,329397,-1,30,0,0,0,1,7,5,2,0,0,0,1,-1,-1,-1,13,25,913,-1,-1,-1,-1,-1,-1,4,0,0,0,0,0,3,0,15,7,6,41.8406858,-87.65422011
0,329416,-1,30,1,2,0,1,10,5,-1,0,0,-1,0,-1,-1,-1,18,11,815,-1,-1,-1,-1,-1,-1,2,0,0,0,0,0,2,0,15,7,6,41.80264455,-87.7235811
0,329389,-1,30,0,0,0,1,10,1,5,0,0,0,0,-1,-1,1,0,-1,811,-1,-1,-1,-1,-1,-1,2,0,0,0,0,0,2,0,15,7,6,41.78557002,-87.80110726
0,330673,-1,30,0,0,0,1,0,0,-1,0,0,-1,0,-1,-1,-1,11,-1,815,-1,-1,-1,-1,-1,-1,2,0,0,0,0,0,2,0,15,7,6,41.7988666,-87.74234371
0,329703,-1,0,0,0,0,1,7,7,1,0,0,0,0,-1,1,1,0,0,333,-1,-1,-1,-1,-1,-1,2,0,0,0,0,0,1,0,15,7,6,41.76518952,-87.5761331
0,329439,-1,30,0,0,0,1,10,5,-1,0,0,0,0,-1,-1,-1,7,0,1031,-1,-1,-1,-1,-1,-1,2,0,0,0,0,0,2,0,15,7,6,41.83724042,-87.73414651
0,329408,-1,30,0,0,0,1,12,2,4,2,0,0,0,-1,-1,-1,22,16,2221,0,-1,-1,-1,-1,-1,2,0,0,0,0,0,4,0,14,7,6,41.72294122,-87.66286287
0,329967,-1,35,1,-1,0,1,12,2,-1,0,0,0,0,-1,-1,-1,0,0,411,-1,-1,-1,-1,-1,-1,2,0,0,0,0,0,2,0,14,7,6,41.75813877,-87.58557859
0,329358,-1,30,0,0,0,1,14,2,-1,0,0,0,1,-1,-1,-1,23,-1,1214,-1,-1,-1,-1,-1,-1,2,0,0,0,0,0,3,0,14,7,6,41.89169049,-87.6474883
0,329503,-1,15,0,0,0,1,7,7,2,0,0,0,0,-1,1,1,0,-1,2513,-1,-1,-1,-1,-1,-1,2,0,0,0,0,0,1,0,14,7,6,41.9093585,-87.77598653
2,329463,-1,30,0,-1,0,1,9,2,-1,0,0,3,1,1,-1,1,-1,-1,733,-1,-1,-1,-1,-1,-1,2,1,0,0,1,0,1,0,14,7,6,41.76869321,-87.64828699
0,329459,-1,30,1,2,0,1,7,5,2,0,0,0,0,1,-1,-1,23,18,2212,-1,1,-1,-1,-1,-1,2,0,0,0,0,0,1,0,14,7,6,41.70304656,-87.65756545
0,329407,-1,30,2,2,0,1,14,2,2,0,0,0,0,1,-1,-1,0,-1,2433,-1,-1,-1,-1,-1,-1,2,0,0,0,0,0,2,0,14,7,6,41.99457531,-87.66784544
0,329401,-1,30,1,2,0,1,12,2,2,0,0,0,1,-1,-1,-1,21,16,233,0,-1,-1,-1,-1,-1,3,0,0,0,0,0,3,0,14,7,6,41.80217631,-87.60380068
3,329391,-1,30,2,2,0,1,0,2,4,0,0,0,1,1,-1,-1,17,33,815,-1,-1,-1,-1,-1,-1,3,1,0,1,0,0,2,0,14,7,6,41.79495745,-87.72335657
0,329384,-1,0,0,0,0,1,12,5,4,0,0,0,0,-1,-1,1,21,0,611,-1,-1,-1,-1,-1,-1,2,0,0,0,0,0,2,0,14,7,6,41.75044754,-87.66471446
0,329355,-1,30,1,2,0,1,10,5,2,2,0,0,0,-1,-1,-1,18,0,2424,-1,-1,-1,-1,-1,-1,2,0,0,0,0,0,2,0,14,7,6,42.00531849,-87.68006376
0,329436,-1,30,0,0,0,1,12,5,2,0,0,0,1,-1,-1,-1,21,11,2523,-1,-1,-1,-1,-1,-1,2,0,0,0,0,0,2,0,14,7,6,41.93738343,-87.72127032
0,329429,-1,30,2,2,0,1,0,2,4,0,0,0,1,1,-1,1,16,-1,734,-1,-1,-1,-1,-1,-1,2,0,0,0,0,0,3,0,14,7,6,41.76670803,-87.65915566
0,329353,-1,30,2,2,0,1,14,2,-1,1,0,0,1,1,-1,-1,0,-1,1214,-1,-1,-1,-1,-1,-1,2,0,0,0,0,0,2,0,14,7,6,41.88735909,-87.64767071
0,329498,-1,0,12,12,12,1,7,7,-1,0,0,0,0,-1,1,-1,11,-1,2524,-1,-1,-1,-1,-1,-1,2,0,0,0,0,0,1,0,14,7,6,41.93167159,-87.72763154
0,329356,-1,30,0,0,0,1,14,5,-1,0,0,0,0,-1,-1,-1,17,0,1622,-1,-1,-1,-1,-1,-1,2,0,0,0,0,0,2,0,14,7,6,41.97576542,-87.78522773
0,329412,-1,30,0,0,0,1,7,7,-1,0,0,0,0,-1,1,-1,0,0,924,-1,-1,-1,-1,-1,-1,2,0,0,0,0,0,1,0,14,7,6,41.82302766,-87.66574403
0,329582,-1,30,0,2,0,1,12,5,4,0,0,0,0,-1,-1,-1,0,0,334,-1,-1,-1,-1,-1,-1,2,0,0,0,0,0,2,0,14,7,6,41.76569248,-87.56429937
0,329552,-1,30,0,0,0,1,10,7,-1,0,0,-1,0,-1,-1,-1,18,-1,814,-1,-1,-1,-1,-1,-1,2,0,0,0,0,0,3,0,14,7,6,41.79696861,-87.75352367
0,329343,-1,30,1,2,0,1,14,6,3,0,0,0,0,-1,-1,-1,23,-1,124,-1,-1,-1,-1,-1,-1,2,0,0,0,0,0,2,0,14,7,6,41.87163568,-87.64218834
0,329322,-1,30,1,2,0,1,10,5,2,0,0,0,0,-1,-1,-1,18,26,932,-1,-1,-1,-1,-1,-1,2,0,0,0,0,0,2,0,14,7,6,41.80118281,-87.66978895
0,329309,-1,0,0,0,0,1,7,7,0,0,0,0,0,-1,1,-1,0,-1,1432,-1,-1,-1,-1,-1,-1,2,0,0,0,0,0,1,0,14,7,6,41.92820408,-87.68225483
0,329303,-1,15,0,0,0,1,7,7,-1,0,0,0,0,-1,1,-1,20,-1,2213,-1,-1,-1,-1,-1,-1,2,0,0,0,0,0,2,0,13,7,6,41.71902228,-87.68185843
0,329331,-1,30,0,0,0,1,7,5,-1,0,0,0,0,-1,-1,1,0,0,914,-1,-1,-1,-1,-1,-1,2,0,0,0,0,0,1,0,13,7,6,41.83930809,-87.63885501
0,330713,-1,30,0,0,0,1,12,2,2,0,0,0,0,-1,-1,-1,0,-1,1633,-1,-1,-1,-1,-1,-1,2,0,0,0,0,0,3,0,13,7,6,41.94182619,-87.77649267
0,329393,-1,30,0,0,0,1,12,5,-1,0,0,0,0,-1,-1,1,0,0,1834,-1,-1,-1,-1,-1,-1,2,0,0,0,0,0,2,0,13,7,6,41.89404926,-87.62299853
0,329352,-1,30,2,2,0,1,10,2,2,0,0,0,0,1,-1,-1,16,0,621,-1,-1,-1,-1,-1,-1,2,0,0,0,0,0,3,0,13,7,6,41.75602258,-87.64188393
0,329299,-1,30,0,0,0,1,12,2,4,0,-1,-1,0,-1,-1,-1,17,17,1912,-1,-1,-1,-1,-1,-1,2,0,0,0,0,0,4,0,13,7,6,41.95540677,-87.66922681
0,329289,-1,30,1,2,0,1,10,2,4,0,0,0,1,1,-1,-1,0,0,712,-1,-1,-1,-1,-1,-1,2,0,0,0,0,0,7,0,13,7,6,41.78693165,-87.64511245
1,337169,-1,30,0,0,0,1,10,5,4,0,0,-1,1,-1,-1,-1,18,0,1122,-1,-1,-1,-1,-1,-1,2,1,0,0,0,1,1,0,13,7,6,41.88088703,-87.7216062
0,330839,-1,30,1,2,0,1,14,5,-1,0,0,-1,0,-1,-1,-1,0,-1,2514,-1,-1,-1,-1,-1,-1,2,0,0,0,0,0,4,0,13,7,6,41.93137031,-87.76740265
0,329544,-1,10,0,0,0,1,0,7,-1,0,0,0,0,-1,-1,-1,17,-1,2521,-1,-1,-1,-1,-1,-1,2,0,0,0,0,0,2,0,13,7,6,41.93146094,-87.74371731
0,329305,-1,30,1,2,0,1,10,5,2,0,0,0,0,1,-1,-1,16,-1,1432,-1,-1,-1,-1,-1,-1,2,0,0,0,0,0,2,0,13,7,6,41.921678,-87.66810824
0,329291,-1,30,0,2,0,1,14,2,4,0,0,0,1,-1,-1,-1,21,0,1621,-1,-1,-1,-1,-1,-1,2,0,0,0,0,0,4,0,13,7,6,41.99736399,-87.76655103
0,329281,-1,25,1,2,0,1,10,5,2,0,0,0,0,-1,-1,-1,18,-1,723,-1,-1,-1,-1,-1,-1,2,0,0,0,0,0,2,0,13,7,6,41.77974244,-87.64294723
0,330977,1,30,0,0,0,1,7,2,2,0,0,0,0,-1,-1,1,0,-1,432,-1,-1,-1,-1,-1,-1,2,0,0,0,0,0,1,0,13,7,6,41.70447283,-87.53543101
0,329889,-1,30,1,2,0,1,12,5,-1,0,0,0,0,-1,-1,-1,22,-1,2223,-1,-1,-1,-1,-1,-1,2,0,0,0,0,0,3,0,13,7,6,41.72136506,-87.64335804
0,329253,-1,30,0,0,0,1,10,5,-1,0,0,0,0,-1,-1,0,0,0,1223,-1,-1,-1,-1,-1,-1,2,0,0,0,0,0,2,0,13,7,6,41.8830406,-87.68633875
0,329243,-1,30,0,0,0,-1,7,5,2,0,0,0,0,-1,-1,1,0,0,823,-1,-1,-1,-1,-1,-1,2,0,0,0,0,0,1,0,13,7,6,41.77627471,-87.70322163
0,329240,-1,35,0,0,0,1,7,5,-1,0,0,0,0,-1,-1,1,25,-1,1713,-1,-1,-1,-1,-1,-1,2,0,0,0,0,0,1,0,12,7,6,41.96752296,-87.71319132
0,329685,-1,30,0,0,0,1,10,5,2,0,0,0,0,1,-1,-1,18,16,2511,-1,-1,-1,-1,-1,-1,2,0,0,0,0,0,7,0,12,7,6,41.93832302,-87.77738915
1,329286,-1,30,0,0,0,1,14,2,4,0,0,0,1,-1,-1,-1,23,21,2212,-1,-1,-1,-1,-1,-1,3,1,0,0,0,1,2,0,12,7,6,41.68890267,-87.68121098
0,329275,-1,25,1,2,0,1,12,6,3,0,0,0,0,1,-1,-1,0,-1,1934,-1,-1,-1,-1,-1,-1,2,0,0,0,0,0,2,0,12,7,6,41.933022,-87.63925956
0,329238,-1,15,0,0,0,1,7,0,1,0,0,-1,0,-1,-1,-1,11,0,913,-1,-1,-1,-1,-1,-1,2,0,0,0,0,0,2,0,12,7,6,41.83847244,-87.65597436
0,329229,-1,30,0,0,1,1,7,0,1,0,0,0,0,-1,-1,-1,17,22,1633,-1,-1,-1,-1,-1,-1,2,0,0,0,0,0,3,0,12,7,6,41.94857236,-87.77992729
0,329218,-1,30,1,2,0,1,14,5,2,0,0,0,1,-1,-1,-1,6,0,1133,-1,-1,-1,-1,-1,-1,2,0,0,0,0,0,3,0,12,7,6,41.87455027,-87.72036792
0,329283,-1,35,0,0,0,1,12,2,4,0,0,0,0,-1,-1,1,0,0,1111,-1,-1,-1,-1,-1,-1,2,0,0,0,0,0,2,0,12,7,6,41.89590565,-87.74568285
0,329480,-1,15,0,0,0,1,7,0,1,0,0,0,0,-1,-1,-1,22,0,2413,-1,-1,-1,-1,-1,-1,2,0,0,0,0,0,2,0,12,7,6,41.99721044,-87.68849888
0,329425,-1,30,1,2,2,1,12,3,4,0,0,0,0,-1,-1,1,22,0,122,-1,-1,-1,-1,-1,-1,2,0,0,0,0,0,2,0,12,7,6,41.88323718,-87.63255558
0,329499,-1,10,0,0,0,1,7,7,-1,0,0,0,0,-1,-1,1,0,-1,2533,-1,-1,-1,-1,-1,-1,2,0,0,0,0,0,1,0,12,7,6,41.9127695,-87.73634836
0,329245,-1,30,0,0,0,1,12,5,-1,0,0,0,0,-1,-1,-1,-1,-1,813,-1,-1,-1,-1,-1,-1,2,0,0,0,0,0,3,0,12,7,6,41.79128371,-87.74169687
0,329207,-1,30,0,0,0,1,10,2,2,0,0,0,0,-1,-1,1,0,-1,1533,-1,-1,-1,-1,-1,-1,2,0,0,0,0,0,2,0,12,7,6,41.88159924,-87.75375533
0,329197,-1,30,2,2,0,1,0,5,2,0,0,0,1,-1,-1,1,17,-1,512,-1,-1,-1,-1,-1,-1,2,0,0,0,0,0,4,0,12,7,6,41.70539604,-87.61386411
0,329200,-1,30,0,0,0,1,10,5,4,0,0,0,0,-1,-1,-1,18,-1,1033,-1,-1,-1,-1,-1,-1,2,0,0,0,0,0,4,0,12,7,6,41.85173575,-87.69986696
0,329188,-1,0,0,0,0,1,12,7,0,0,0,0,0,-1,-1,-1,20,-1,1431,-1,-1,-1,-1,-1,-1,2,0,0,0,0,0,2,0,12,7,6,41.91766694,-87.68853418
1,332124,-1,30,2,2,0,1,10,2,2,0,0,-1,1,1,-1,1,18,0,623,-1,-1,-1,-1,-1,-1,2,1,0,0,0,1,1,0,12,7,6,41.75643461,-87.61842046
0,337148,-1,30,0,0,0,1,10,5,-1,0,0,0,0,-1,-1,-1,0,-1,1433,-1,-1,-1,-1,-1,-1,2,0,0,0,0,0,2,0,12,7,6,41.91051964,-87.66774969
0,329347,-1,15,0,0,0,1,10,5,2,0,0,0,0,-1,-1,1,17,0,324,-1,-1,-1,-1,-1,-1,4,0,0,0,0,0,5,0,12,7,6,41.75880348,-87.59468788
0,329273,-1,30,2,2,0,1,10,2,2,0,0,0,0,-1,-1,-1,18,0,333,-1,-1,-1,-1,-1,-1,2,0,0,0,0,0,2,0,12,7,6,41.76428391,-87.57640667
0,329260,-1,20,0,0,0,1,12,3,-1,0,0,0,0,-1,-1,-1,6,-1,611,-1,-1,-1,-1,-1,-1,2,0,0,0,0,0,1,0,12,7,6,41.75009648,-87.6752004
2,329170,-1,30,0,0,0,1,2,5,2,0,0,0,1,-1,1,-1,25,16,611,-1,-1,-1,-1,-1,-1,1,1,0,0,1,0,1,0,12,7,6,41.75276884,-87.67306035
0,334104,-1,30,0,0,-1,1,10,5,2,0,-1,-1,0,-1,-1,-1,0,0,2533,-1,-1,-1,-1,-1,-1,2,0,0,0,0,0,3,0,12,7,6,41.91674235,-87.75237067
0,329350,-1,30,0,0,0,1,7,5,2,0,0,0,0,-1,-1,1,21,-1,2531,-1,-1,-1,-1,-1,-1,2,0,0,0,0,0,2,0,12,7,6,41.90563368,-87.76693114
0,329344,-1,30,0,0,0,1,12,5,4,0,0,0,0,-1,-1,-1,17,17,231,-1,-1,-1,-1,-1,-1,2,0,0,0,0,0,2,0,12,7,6,41.79684272,-87.6194252
0,329250,-1,30,1,2,0,1,14,5,2,0,0,0,0,-1,-1,1,18,18,1034,-1,-1,-1,-1,-1,-1,2,0,0,0,0,0,2,0,12,7,6,41.83752643,-87.69447731
0,329191,-1,30,0,0,0,1,7,3,2,0,0,0,0,-1,-1,-1,11,-1,713,-1,-1,-1,-1,-1,-1,2,0,0,0,0,0,1,0,12,7,6,41.79263925,-87.66440246
0,329145,-1,30,1,2,0,1,7,2,-1,0,0,0,0,-1,-1,-1,-1,-1,2535,-1,-1,-1,-1,-1,-1,2,0,0,0,0,0,2,0,11,7,6,41.91588857,-87.72637705
0,332103,-1,15,0,0,0,1,7,7,-1,0,0,0,0,-1,1,1,35,-1,2514,-1,-1,-1,-1,-1,-1,2,0,0,0,0,0,1,0,11,7,6,41.93112122,-87.76955418
0,329174,-1,0,0,0,0,1,7,5,-1,0,0,0,0,-1,-1,1,20,-1,914,-1,-1,-1,-1,-1,-1,2,0,0,0,0,0,1,0,11,7,6,41.8536473,-87.63346691
0,329143,-1,30,1,2,0,1,10,5,-1,0,0,0,0,-1,-1,-1,0,0,1934,-1,-1,-1,-1,-1,-1,2,0,0,0,0,0,2,0,11,7,6,41.93635923,-87.64412563
0,329558,-1,30,0,0,0,1,7,2,2,0,0,-1,0,-1,-1,-1,0,0,2413,-1,-1,-1,-1,-1,-1,2,0,0,0,0,0,1,0,11,7,6,41.99238231,-87.68976867
0,336465,-1,30,-1,-1,0,1,10,5,-1,0,0,-1,0,-1,-1,-1,18,-1,1431,-1,-1,-1,-1,-1,-1,2,0,0,0,0,0,2,0,11,7,6,41.92005453,-87.69246183
0,329162,-1,30,1,2,0,1,12,5,-1,0,0,0,0,-1,-1,-1,21,0,1922,-1,-1,-1,-1,-1,-1,2,0,0,0,0,0,2,0,11,7,6,41.93977203,-87.67121422
0,329392,-1,30,0,0,0,1,7,0,-1,0,0,-1,0,-1,-1,-1,-1,-1,1434,-1,1,-1,-1,-1,-1,2,0,0,0,0,0,1,0,11,7,6,41.91089329,-87.68372554
0,337554,-1,30,0,0,0,1,5,0,1,0,0,0,0,-1,-1,-1,33,0,733,-1,-1,-1,-1,-1,-1,1,0,0,0,0,0,1,0,11,7,6,41.76585783,-87.64822141
0,329675,-1,30,-1,-1,-1,-1,7,6,-1,0,-1,-1,0,-1,-1,1,0,-1,2534,-1,-1,-1,-1,-1,-1,2,0,0,0,0,0,1,0,11,7,6,41.91599284,-87.73154996
0,329168,-1,30,0,0,0,1,12,5,-1,0,0,0,0,-1,-1,-1,0,0,411,-1,-1,-1,-1,-1,-1,2,0,0,0,0,0,2,0,11,7,6,41.75131487,-87.59189618
0,329103,-1,30,1,2,0,1,14,5,4,0,0,0,1,1,-1,-1,0,-1,1213,-1,-1,-1,-1,-1,-1,2,0,0,0,0,0,2,0,10,7,6,41.89981659,-87.66745657
0,329124,-1,30,0,0,0,1,7,2,-1,0,0,0,0,-1,-1,-1,0,0,1921,-1,-1,-1,-1,-1,-1,2,0,0,0,0,0,1,0,10,7,6,41.94777816,-87.68843636
2,329113,-1,30,2,2,0,1,14,2,2,0,0,0,1,1,-1,-1,0,-1,1932,-1,-1,-1,-1,-1,-1,2,2,0,0,2,0,0,0,10,7,6,41.92533699,-87.65860207
0,329136,-1,30,0,0,0,1,14,5,4,0,0,0,1,1,-1,-1,0,-1,1213,-1,-1,-1,-1,-1,-1,2,0,0,0,0,0,2,0,10,7,6,41.90242259,-87.66761533