MOST_SEVERE_INJURY,RD_NO,CRASH_DATE_EST_I,POSTED_SPEED_LIMIT,TRAFFIC_CONTROL_DEVICE,DEVICE_CONDITION,WEATHER_CONDITION,LIGHTING_CONDITION,FIRST_CRASH_TYPE,TRAFFICWAY_TYPE,LANE_CNT,ALIGNMENT,ROADWAY_SURFACE_COND,ROAD_DEFECT,CRASH_TYPE,INTERSECTION_RELATED_I,NOT_RIGHT_OF_WAY_I,HIT_AND_RUN_I,PRIM_CONTRIBUTORY_CAUSE,SEC_CONTRIBUTORY_CAUSE,BEAT_OF_OCCURRENCE,PHOTOS_TAKEN_I,STATEMENTS_TAKEN_I,DOORING_I,WORK_ZONE_I,WORK_ZONE_TYPE,WORKERS_PRESENT_I,NUM_UNITS,INJURIES_TOTAL,INJURIES_FATAL,INJURIES_INCAPACITATING,INJURIES_NON_INCAPACITATING,INJURIES_REPORTED_NOT_EVIDENT,INJURIES_NO_INDICATION,INJURIES_UNKNOWN,CRASH_HOUR,CRASH_DAY_OF_WEEK,CRASH_MONTH,LATITUDE,LONGITUDE
0,334823,-1,15,0,0,0,1,7,7,0,0,0,0,0,-1,-1,1,0,0,1433,-1,-1,-1,-1,-1,-1,2,0,0,0,0,0,1,0,10,7,6,41.91087554,-87.65827824
0,329199,-1,15,0,0,0,1,3,7,1,0,0,0,0,-1,1,-1,0,0,811,-1,-1,-1,-1,-1,-1,2,0,0,0,0,0,2,0,10,7,6,41.79406454,-87.80109077
2,329101,-1,30,1,2,0,1,10,5,-1,0,0,0,1,-1,-1,-1,18,18,112,-1,-1,-1,-1,-1,-1,2,6,0,0,6,0,0,0,10,7,6,41.88124308,-87.62788957
0,329075,-1,30,1,2,0,1,0,5,2,0,0,0,1,1,-1,-1,0,0,1214,-1,1,-1,-1,-1,-1,2,0,0,0,0,0,4,0,10,7,6,-1,-1
0,329051,-1,30,2,0,0,1,10,5,2,0,0,0,0,-1,-1,1,0,0,2424,-1,-1,-1,-1,-1,-1,2,0,0,0,0,0,2,0,10,7,6,42.00666313,-87.67356787
0,329059,1,30,0,0,0,1,1,5,2,0,0,0,0,-1,1,0,-1,-1,2511,-1,-1,-1,-1,-1,-1,1,0,0,0,0,0,1,0,10,7,6,41.93162414,-87.77612717
0,333485,-1,30,0,0,0,1,14,5,2,0,0,0,0,-1,-1,-1,23,-1,2534,-1,-1,-1,-1,-1,-1,2,0,0,0,0,0,2,0,10,7,6,41.9027139,-87.72645146
0,329126,-1,10,0,0,0,1,10,7,2,0,0,0,0,-1,1,1,20,-1,1613,-1,-1,-1,-1,-1,-1,2,0,0,0,0,0,3,0,10,7,6,41.97454295,-87.81134688
0,329123,-1,30,0,0,0,1,14,5,-1,0,0,0,0,-1,-1,1,0,0,921,-1,-1,-1,-1,-1,-1,2,0,0,0,0,0,2,0,10,7,6,41.81812788,-87.69788486
2,329098,-1,30,1,2,0,1,14,3,6,0,0,0,1,1,-1,-1,0,0,835,-1,-1,-1,-1,-1,-1,3,1,0,0,1,0,3,0,10,7,6,41.7502486,-87.6829986
0,329082,-1,20,0,0,0,1,12,6,1,0,0,0,0,-1,-1,-1,0,-1,1512,-1,-1,-1,-1,-1,-1,2,0,0,0,0,0,2,0,10,7,6,41.88249516,-87.76969078
0,329034,-1,30,1,2,0,1,0,1,-1,0,0,0,0,-1,-1,1,6,0,1411,-1,-1,-1,-1,-1,-1,2,0,0,0,0,0,2,0,10,7,6,41.9322054,-87.69767924
0,329905,-1,30,0,0,0,1,14,5,4,0,0,-1,0,1,-1,-1,23,22,2515,-1,-1,-1,-1,-1,-1,2,0,0,0,0,0,2,0,10,7,6,41.92403241,-87.76977961
0,329086,-1,30,1,2,0,1,10,2,2,0,0,0,0,1,-1,-1,18,16,1235,-1,-1,-1,-1,-1,-1,3,0,0,0,0,0,8,0,10,7,6,41.85752568,-87.64082154
0,329047,-1,30,1,2,0,1,14,2,-1,0,0,0,0,-1,-1,-1,23,-1,121,-1,-1,-1,-1,-1,-1,2,0,0,0,0,0,2,0,10,7,6,41.88064037,-87.64401112
0,329041,-1,30,0,0,0,1,7,2,1,0,0,0,1,-1,-1,1,22,21,1634,-1,-1,-1,-1,-1,-1,2,0,0,0,0,0,1,0,10,7,6,41.94225173,-87.7559965
0,329031,-1,30,2,2,0,1,10,2,-1,0,0,-1,0,-1,-1,1,0,0,632,-1,-1,-1,-1,-1,-1,2,0,0,0,0,0,2,0,10,7,6,41.74006672,-87.61447536
0,329655,1,30,0,0,0,1,7,7,1,0,0,0,0,-1,-1,1,0,0,614,-1,-1,-1,-1,-1,-1,2,0,0,0,0,0,1,0,10,7,6,41.74174165,-87.66307333
0,329622,1,30,0,0,0,1,7,6,1,0,0,0,1,-1,-1,-1,0,-1,2024,-1,-1,-1,-1,-1,-1,2,0,0,0,0,0,1,0,10,7,6,41.97422261,-87.6526986
0,329342,-1,30,1,2,0,1,10,5,-1,0,0,0,0,1,-1,1,18,-1,331,-1,-1,-1,-1,-1,-1,2,0,0,0,0,0,3,0,10,7,6,41.78055215,-87.5847433
2,329138,-1,15,0,0,0,1,9,0,-1,0,-1,-1,1,-1,-1,-1,0,-1,2024,-1,-1,-1,-1,-1,-1,2,1,0,0,1,0,1,0,10,7,6,41.97166561,-87.6550331
0,329081,-1,30,2,2,0,1,10,6,1,3,0,0,0,1,-1,-1,20,25,334,-1,-1,-1,-1,-1,-1,2,0,0,0,0,0,2,0,10,7,6,41.76430974,-87.56519416
0,329043,1,30,2,2,0,1,0,5,-1,0,0,0,0,1,-1,-1,5,11,2423,-1,-1,-1,-1,-1,-1,2,0,0,0,0,0,3,0,9,7,6,42.01507538,-87.66800462
0,329104,-1,30,0,0,0,1,12,2,-1,0,0,0,0,-1,-1,1,23,-1,114,-1,-1,-1,-1,-1,-1,2,0,0,0,0,0,2,0,9,7,6,41.88807943,-87.62404737
0,329080,1,30,0,0,0,1,0,7,-1,0,0,0,0,-1,-1,-1,0,-1,2521,-1,-1,-1,-1,-1,-1,2,0,0,0,0,0,2,0,9,7,6,41.93871444,-87.74699437
0,329018,-1,30,0,0,0,1,12,6,-1,0,0,0,0,-1,-1,-1,0,-1,1431,-1,-1,-1,-1,-1,-1,2,0,0,0,0,0,2,0,9,7,6,41.91898681,-87.69709568
0,329005,-1,30,1,2,0,1,14,3,2,0,0,0,0,-1,-1,-1,23,23,1135,-1,-1,-1,-1,-1,-1,2,0,0,0,0,0,2,0,9,7,6,41.87126862,-87.68628838
0,329016,-1,30,0,0,0,1,14,2,4,0,0,0,0,-1,-1,-1,23,0,2522,-1,-1,-1,-1,-1,-1,2,0,0,0,0,0,2,0,9,7,6,41.92354969,-87.74613388
0,329334,-1,30,0,0,0,1,7,6,-1,0,0,0,0,-1,-1,1,-1,-1,815,-1,-1,-1,-1,-1,-1,2,0,0,0,0,0,1,0,9,7,6,41.81023725,-87.74215558
0,329026,-1,30,1,2,0,1,10,3,-1,0,0,0,0,-1,-1,-1,7,7,2211,-1,-1,-1,-1,-1,-1,2,0,0,0,0,0,2,0,9,7,6,41.70628233,-87.6817636
0,329036,-1,30,2,2,0,1,0,7,0,0,0,0,1,-1,-1,1,17,5,1123,-1,-1,-1,-1,-1,-1,2,0,0,0,0,0,2,0,9,7,6,41.88640664,-87.71131565
0,329001,-1,30,0,0,0,1,3,7,-1,0,0,0,0,-1,-1,-1,0,-1,2511,-1,-1,-1,-1,-1,-1,2,0,0,0,0,0,5,0,9,7,6,41.93122555,-87.77763469
0,328983,-1,30,0,0,0,1,11,5,2,0,0,0,0,-1,-1,1,0,16,1122,-1,-1,-1,-1,-1,-1,2,0,0,0,0,0,2,0,9,7,6,41.88103413,-87.7206148
0,330499,-1,30,0,0,0,1,12,5,2,0,0,-1,0,-1,-1,-1,0,0,1915,-1,-1,-1,-1,-1,-1,2,0,0,0,0,0,2,0,9,7,6,41.96172399,-87.64671116
0,328975,-1,30,2,0,0,1,0,6,2,0,0,0,1,1,-1,-1,10,10,1024,-1,-1,-1,-1,-1,-1,2,0,0,0,0,0,3,0,9,7,6,41.85352188,-87.70788787
0,329010,-1,30,1,2,0,1,10,3,2,0,0,0,0,1,-1,-1,18,11,1523,-1,-1,-1,-1,-1,-1,2,0,0,0,0,0,4,0,9,7,6,41.8845706,-87.7553661
0,339435,-1,25,0,0,-1,-1,7,6,1,0,0,0,0,-1,-1,1,0,0,815,-1,-1,-1,-1,-1,-1,2,0,0,0,0,0,1,0,9,7,6,41.80381722,-87.7392378
0,329493,-1,25,0,0,0,1,7,6,-1,0,0,0,0,-1,-1,1,-1,-1,2413,-1,-1,-1,-1,-1,-1,2,0,0,0,0,0,1,0,9,7,6,41.99240743,-87.69717617
0,329403,1,25,0,0,0,-1,7,6,1,0,0,0,0,-1,-1,1,0,0,2433,-1,-1,-1,-1,-1,-1,2,0,0,0,0,0,1,0,8,7,6,41.99616708,-87.67208248
0,328948,-1,30,0,0,0,1,7,5,2,0,0,0,1,-1,0,-1,0,-1,1935,-1,-1,-1,-1,-1,-1,2,0,0,0,0,0,1,0,8,7,6,41.92982774,-87.63941729
0,328942,-1,30,0,0,0,1,0,7,-1,0,0,0,0,-1,-1,-1,20,-1,2223,-1,-1,-1,-1,-1,-1,2,0,0,0,0,0,2,0,8,7,6,41.71580477,-87.64320825
0,328950,-1,30,0,0,0,1,7,2,-1,0,0,0,1,-1,-1,1,0,-1,824,-1,-1,-1,-1,-1,-1,2,0,0,0,0,0,1,0,8,7,6,41.79053993,-87.7033249
0,341948,-1,30,0,0,0,1,7,5,2,0,0,0,0,-1,-1,-1,17,-1,1633,-1,-1,-1,-1,-1,-1,2,0,0,0,0,0,2,0,8,7,6,41.94582156,-87.78232942
0,329706,-1,30,0,0,0,1,10,6,-1,0,0,0,0,-1,-1,-1,17,-1,2521,-1,-1,-1,-1,-1,-1,2,0,0,0,0,0,2,0,8,7,6,41.93848094,-87.75192641
0,329187,-1,30,0,0,0,1,12,5,-1,0,0,0,0,-1,-1,-1,0,0,921,-1,-1,-1,-1,-1,-1,2,0,0,0,0,0,2,0,8,7,6,41.81859108,-87.6981248
0,329643,-1,30,0,0,0,1,12,5,-1,0,0,0,0,-1,-1,-1,0,0,1824,-1,-1,-1,-1,-1,-1,2,0,0,0,0,0,2,0,8,7,6,41.901755,-87.62984297
0,328927,-1,30,1,2,0,1,10,5,2,0,0,0,1,-1,-1,-1,7,-1,1431,-1,-1,-1,-1,-1,-1,3,0,0,0,0,0,4,0,8,7,6,41.9202997,-87.69333252
0,328920,-1,30,0,0,0,1,10,5,2,0,0,0,1,-1,-1,-1,18,14,611,-1,-1,-1,-1,-1,-1,3,0,0,0,0,0,5,0,8,7,6,41.7484348,-87.66353358
0,328917,-1,20,1,2,0,1,10,5,4,0,0,0,0,1,-1,-1,0,-1,232,-1,-1,-1,-1,-1,-1,3,0,0,0,0,0,3,0,8,7,6,41.78736762,-87.63026125
0,328987,1,30,0,0,-1,-1,7,6,1,0,-1,0,0,-1,-1,1,0,0,1631,-1,-1,-1,-1,-1,-1,2,0,0,0,0,0,1,0,8,7,6,41.94523118,-87.82655984
0,328929,1,35,0,0,0,0,7,2,2,0,0,0,0,-1,-1,1,-1,0,1723,-1,-1,-1,-1,-1,-1,3,0,0,0,0,0,1,0,8,7,6,41.95821474,-87.72760208
3,328930,-1,30,1,2,0,1,0,2,0,0,0,0,1,1,-1,-1,6,16,1224,-1,-1,-1,-1,-1,-1,2,1,0,1,0,0,2,0,7,7,6,41.88043949,-87.66691936
0,337680,-1,30,1,0,0,1,7,2,-1,0,0,0,0,-1,-1,-1,0,-1,1224,-1,-1,-1,-1,-1,-1,2,0,0,0,0,0,1,0,7,7,6,41.88338658,-87.65339165
0,336263,-1,30,1,2,0,1,14,5,0,0,0,0,0,1,-1,1,23,-1,1623,-1,-1,-1,-1,-1,-1,2,0,0,0,0,0,2,0,7,7,6,41.96811168,-87.74789149
0,328915,-1,30,0,0,0,1,7,6,-1,0,0,0,0,-1,-1,-1,27,-1,2413,-1,-1,-1,-1,-1,-1,3,0,0,0,0,0,1,0,7,7,6,41.99352544,-87.70421461
0,330071,-1,30,1,2,0,1,12,5,4,0,0,0,0,1,-1,-1,17,-1,911,-1,-1,-1,-1,-1,-1,2,0,0,0,0,0,3,0,7,7,6,41.82803514,-87.70469773
0,328913,-1,30,1,2,0,1,12,2,4,0,0,0,0,-1,-1,-1,21,21,1032,-1,-1,-1,-1,-1,-1,2,0,0,0,0,0,2,0,7,7,6,41.83517807,-87.70490856
0,328908,-1,30,0,0,0,1,7,5,4,0,0,0,0,-1,-1,1,0,0,235,-1,-1,-1,-1,-1,-1,2,0,0,0,0,0,1,0,7,7,6,41.78902883,-87.60596247
0,328907,-1,30,1,2,0,1,10,2,-1,0,-1,-1,0,-1,-1,1,0,0,735,-1,-1,-1,-1,-1,-1,2,0,0,0,0,0,2,0,7,7,6,41.76491564,-87.67359644
0,328905,-1,30,0,0,0,1,7,5,-1,0,0,0,1,-1,-1,-1,11,16,2212,-1,-1,-1,-1,-1,-1,2,0,0,0,0,0,1,0,7,7,6,41.69180768,-87.68994782
0,328885,-1,30,0,0,0,1,0,6,-1,0,0,0,0,-1,-1,-1,0,-1,2523,-1,-1,-1,-1,-1,-1,2,0,0,0,0,0,2,0,7,7,6,41.9353278,-87.72735336
0,328898,-1,0,0,0,0,1,7,2,2,0,0,0,0,-1,-1,1,0,-1,623,-1,-1,-1,-1,-1,-1,2,0,0,0,0,0,1,0,6,7,6,41.75112495,-87.62085324
0,328879,-1,30,0,0,0,1,10,5,4,0,0,0,0,-1,-1,-1,0,-1,1531,-1,-1,-1,-1,-1,-1,2,0,0,0,0,0,8,0,6,7,6,41.89870439,-87.75403811
0,328878,1,30,0,0,-1,-1,7,5,2,0,-1,1,1,-1,-1,1,16,0,1111,-1,-1,-1,-1,-1,-1,2,0,0,0,0,0,1,0,6,7,6,41.89902474,-87.73246514
0,328875,-1,30,1,2,0,1,10,2,4,0,0,0,0,1,-1,-1,14,22,2211,-1,-1,-1,-1,-1,-1,2,0,0,0,0,0,2,0,6,7,6,41.68437065,-87.7006772
3,328871,-1,35,0,0,0,1,2,5,-1,0,0,0,1,-1,-1,-1,11,-1,1724,-1,-1,-1,-1,-1,-1,1,1,0,1,0,0,0,0,6,7,6,41.95440784,-87.70788273
0,329139,-1,30,0,0,0,2,12,5,4,0,0,0,0,-1,-1,-1,0,0,1651,-1,-1,-1,-1,-1,-1,2,0,0,0,0,0,3,0,6,7,6,41.97620114,-87.90530913
0,328873,-1,30,1,2,0,1,0,5,0,2,0,0,1,1,-1,-1,0,-1,114,-1,-1,-1,-1,-1,-1,2,0,0,0,0,0,2,0,6,7,6,41.87566868,-87.62341082
3,328855,-1,30,0,0,0,1,14,5,2,0,0,0,1,1,-1,-1,17,16,513,-1,0,-1,-1,-1,-1,2,5,0,1,4,0,0,0,5,7,6,41.69817616,-87.62073139
3,328858,-1,30,12,0,0,1,2,2,4,2,0,0,1,-1,-1,-1,27,16,1221,-1,-1,-1,-1,-1,-1,2,1,0,1,0,0,1,0,5,7,6,41.88868172,-87.68676905
0,328849,-1,30,0,0,0,3,7,5,2,0,0,0,1,-1,-1,-1,7,9,2424,-1,-1,-1,-1,-1,-1,4,0,0,0,0,0,1,0,5,7,6,42.01248615,-87.67696278
0,328838,-1,30,0,0,0,1,7,2,-1,0,0,0,0,-1,-1,1,0,0,122,-1,-1,-1,-1,-1,-1,2,0,0,0,0,0,1,0,5,7,6,41.87866833,-87.63536267
0,328837,-1,30,-1,-1,0,0,12,5,2,0,0,-1,0,-1,-1,-1,0,0,1924,-1,-1,-1,-1,-1,-1,2,0,0,0,0,0,2,0,4,7,6,41.94706081,-87.65771145
0,328819,-1,30,1,2,0,2,10,1,-1,0,-1,-1,0,-1,-1,1,22,-1,622,-1,-1,-1,-1,-1,-1,2,0,0,0,0,0,2,0,4,7,6,41.73620678,-87.64353165
0,329627,-1,30,1,2,0,3,0,5,2,0,0,0,0,-1,-1,1,0,-1,1925,-1,-1,-1,-1,-1,-1,2,0,0,0,0,0,2,0,4,7,6,41.94018955,-87.63970198
0,328810,-1,30,2,2,0,0,0,5,2,0,0,0,1,1,-1,1,17,0,1214,-1,-1,-1,-1,-1,-1,2,0,0,0,0,0,3,0,4,7,6,41.8900733,-87.64746235
0,328807,-1,15,0,0,0,3,11,0,-1,0,0,3,1,-1,-1,1,11,11,2521,-1,-1,-1,-1,-1,-1,2,0,0,0,0,0,2,0,4,7,6,41.92701167,-87.75406511
0,342452,-1,30,1,2,0,0,10,5,-1,0,0,0,0,-1,-1,-1,18,16,411,-1,-1,-1,-1,-1,-1,2,0,0,0,0,0,2,0,4,7,6,41.75689717,-87.58623429
0,332463,-1,30,0,0,0,3,7,5,-1,0,0,0,0,-1,-1,1,0,-1,1121,-1,-1,-1,-1,-1,-1,2,0,0,0,0,0,1,0,4,7,6,41.89406657,-87.71519859
0,330572,-1,30,0,0,0,1,12,6,-1,0,0,0,0,-1,-1,-1,0,-1,1434,-1,-1,-1,-1,-1,-1,2,0,0,0,0,0,3,0,4,7,6,41.91050252,-87.68240976
0,329906,-1,35,1,2,0,3,12,5,-1,0,0,0,0,1,-1,1,0,21,1812,-1,-1,-1,-1,-1,-1,2,0,0,0,0,0,2,0,4,7,6,41.92302562,-87.64516636
0,329064,0,30,0,0,0,3,7,6,-1,0,0,0,0,-1,-1,1,21,-1,2212,-1,-1,-1,-1,-1,-1,2,0,0,0,0,0,1,0,4,7,6,41.68278686,-87.67029389
0,329272,-1,30,0,0,0,3,14,5,-1,0,0,0,0,1,-1,1,11,-1,1111,-1,-1,-1,-1,-1,-1,2,0,0,0,0,0,2,0,3,7,6,41.88952773,-87.74546758
0,328801,-1,40,0,0,0,3,5,3,4,0,0,0,1,-1,-1,1,0,0,1834,-1,-1,-1,-1,-1,-1,1,0,0,0,0,0,1,0,3,7,6,41.8943243,-87.61512042
0,328808,-1,35,3,0,0,3,12,5,2,0,0,0,0,-1,-1,-1,22,18,823,-1,-1,-1,-1,-1,-1,2,0,0,0,0,0,2,0,3,7,6,41.77925927,-87.70299513
0,329119,1,30,0,0,-1,3,7,6,1,0,-1,0,0,-1,-1,1,0,-1,1133,-1,-1,-1,-1,-1,-1,2,0,0,0,0,0,1,0,3,7,6,41.8671816,-87.71175006
0,328796,-1,30,0,0,0,3,0,6,1,0,0,0,0,-1,-1,0,17,33,823,-1,-1,-1,-1,-1,-1,2,0,0,0,0,0,2,0,3,7,6,41.78024008,-87.70574477
0,328781,-1,20,0,0,0,0,7,6,-1,0,0,0,1,-1,-1,-1,16,14,1821,-1,-1,-1,-1,-1,-1,4,0,0,0,0,0,2,0,2,7,6,41.9074918,-87.63843183
0,328774,-1,20,0,0,0,3,7,6,1,0,0,0,1,-1,-1,1,25,18,1133,-1,-1,-1,-1,-1,-1,2,0,0,0,0,0,2,0,2,7,6,41.86718071,-87.71182547
1,328764,-1,30,0,0,0,3,0,5,-1,0,0,0,1,-1,-1,-1,17,14,1122,-1,-1,-1,-1,-1,-1,2,2,0,0,0,2,3,0,2,7,6,41.89189332,-87.71672759
0,328766,-1,30,0,0,0,3,12,6,3,0,0,0,0,-1,-1,-1,0,0,1831,-1,-1,-1,-1,-1,-1,2,0,0,0,0,0,2,0,2,7,6,41.89325671,-87.6370078
0,328757,-1,30,2,2,0,3,0,5,-1,0,0,-1,0,-1,-1,-1,17,-1,1923,-1,-1,-1,-1,-1,-1,2,0,0,0,0,0,2,0,2,7,6,41.94915,-87.65424019
0,328749,-1,30,1,3,0,3,12,5,-1,0,0,0,0,-1,-1,1,0,0,821,-1,-1,-1,-1,-1,-1,2,0,0,0,0,0,2,0,2,7,6,41.80082421,-87.71124763
3,328788,-1,25,0,-1,0,3,9,6,-1,0,0,-1,1,-1,-1,1,16,0,1133,-1,-1,-1,-1,-1,-1,3,1,0,1,0,0,2,0,2,7,6,41.87283131,-87.71095144
0,331712,-1,30,1,2,0,3,12,2,-1,0,-1,-1,0,-1,-1,-1,0,0,312,-1,-1,-1,-1,-1,-1,2,0,0,0,0,0,2,0,2,7,6,41.77688836,-87.60579128
0,330812,-1,30,0,0,0,0,7,6,-1,0,0,0,0,-1,-1,1,0,0,1533,-1,-1,-1,-1,-1,-1,2,0,0,0,0,0,1,0,2,7,6,41.87415031,-87.74734161
0,329592,1,20,0,0,-1,0,7,5,2,0,-1,0,0,-1,-1,1,0,0,2422,-1,-1,-1,-1,-1,-1,2,0,0,0,0,0,1,0,2,7,6,42.01801698,-87.67123242
0,328742,-1,30,0,0,0,3,14,2,2,0,0,0,0,-1,-1,-1,22,16,1124,-1,-1,-1,-1,-1,-1,2,0,0,0,0,0,3,0,2,7,6,41.88011651,-87.6964067
0,328739,-1,30,0,0,0,3,10,5,-1,0,0,0,1,-1,-1,-1,18,16,113,-1,-1,-1,-1,-1,-1,2,0,0,0,0,0,2,0,1,7,6,41.87739694,-87.62751493
0,328745,-1,30,-1,-1,0,3,7,5,-1,0,0,0,0,-1,-1,-1,0,0,1811,-1,-1,-1,-1,-1,-1,2,0,0,0,0,0,2,0,1,7,6,41.91836202,-87.65352406
1,328727,-1,30,2,2,0,3,2,5,1,3,0,0,1,0,-1,-1,16,32,423,-1,-1,-1,-1,-1,-1,1,1,0,0,0,1,1,0,1,7,6,41.73162896,-87.56091044
0,328718,-1,25,0,0,0,3,10,5,4,0,0,-1,0,-1,-1,-1,18,18,531,-1,-1,-1,-1,-1,-1,3,0,0,0,0,0,4,0,1,7,6,41.68558015,-87.60832791
0,328711,-1,30,0,0,0,2,7,2,2,0,0,-1,0,-1,-1,1,0,0,1112,-1,-1,-1,-1,-1,-1,2,0,0,0,0,0,1,0,1,7,6,41.89418734,-87.71642429
0,328699,-1,25,0,0,0,3,7,5,2,2,0,0,0,-1,-1,1,0,-1,822,-1,-1,-1,-1,-1,-1,2,0,0,0,0,0,1,0,1,7,6,41.78896469,-87.71554474
0,328729,-1,20,2,2,0,3,0,6,1,0,0,0,1,1,-1,-1,5,-1,414,-1,-1,-1,-1,-1,-1,2,0,0,0,0,0,5,0,1,7,6,41.75535033,-87.57469757
2,328726,-1,30,1,2,0,3,9,6,3,0,0,0,1,1,-1,-1,0,0,1831,-1,-1,-1,-1,-1,-1,2,1,0,0,1,0,1,0,1,7,6,41.8917048,-87.63127592
2,328707,-1,30,2,2,0,3,0,2,2,0,0,-1,1,1,-1,-1,32,17,1532,-1,-1,-1,-1,-1,-1,3,2,0,0,2,0,2,0,1,7,6,41.88189231,-87.74789842
0,334830,-1,15,0,0,0,3,2,0,-1,0,0,0,0,-1,-1,-1,0,0,2525,-1,-1,-1,-1,-1,-1,1,0,0,0,0,0,1,0,1,7,6,41.92437627,-87.72662067
0,329801,-1,30,0,0,0,4,0,5,-1,0,0,-1,0,-1,-1,-1,17,-1,823,-1,-1,-1,-1,-1,-1,2,0,0,0,0,0,2,0,1,7,6,41.77689841,-87.71520913
0,329776,1,25,0,0,-1,0,7,5,2,0,-1,-1,0,-1,-1,1,0,0,2424,-1,-1,-1,-1,-1,-1,2,0,0,0,0,0,1,0,1,7,6,42.01142549,-87.67988989
0,329690,-1,30,1,2,-1,-1,10,5,2,0,-1,-1,0,1,-1,-1,0,0,2511,-1,-1,-1,-1,-1,-1,2,0,0,0,0,0,2,0,1,7,6,41.93099256,-87.79552886
0,329323,1,30,0,0,0,3,7,6,-1,0,0,0,0,-1,-1,1,0,-1,2521,-1,-1,-1,-1,-1,-1,2,0,0,0,0,0,1,0,1,7,6,41.92542322,-87.75387817
0,329230,-1,30,1,2,0,3,12,5,-1,0,0,0,0,-1,-1,1,0,-1,813,-1,-1,-1,-1,-1,-1,2,0,0,0,0,0,3,0,1,7,6,41.77833539,-87.74243649
0,328973,-1,30,0,0,0,3,7,6,-1,0,0,0,0,-1,-1,1,0,-1,1423,-1,-1,-1,-1,-1,-1,2,0,0,0,0,0,1,0,1,7,6,41.90455745,-87.6896759
0,328677,-1,30,1,2,0,3,10,2,4,0,0,0,0,-1,-1,1,0,0,1231,-1,-1,-1,-1,-1,-1,2,0,0,0,0,0,2,0,0,7,6,41.87528446,-87.6571153
0,328676,-1,30,1,2,0,3,10,3,3,0,0,0,1,-1,-1,-1,18,16,413,-1,-1,-1,-1,-1,-1,2,0,0,0,0,0,2,0,0,7,6,41.73318797,-87.5857127
0,329333,-1,30,-1,-1,-1,3,10,-1,1,0,-1,-1,0,-1,-1,-1,20,-1,2532,-1,-1,-1,-1,-1,-1,2,0,0,0,0,0,5,0,0,7,6,41.90227222,-87.76081985
0,328678,1,30,0,0,0,3,7,2,-1,0,0,0,1,-1,-1,1,0,-1,811,-1,-1,-1,-1,-1,-1,2,0,0,0,0,0,1,0,0,7,6,41.79201375,-87.79327643
0,328671,1,30,1,2,0,0,7,5,2,0,0,0,1,-1,-1,1,0,0,1231,-1,-1,-1,-1,-1,-1,2,0,0,0,0,0,1,0,0,7,6,41.87638566,-87.66900752
0,329129,-1,30,1,2,0,3,14,5,0,0,0,0,0,1,-1,-1,17,-1,1213,-1,-1,-1,-1,-1,-1,2,0,0,0,0,0,5,0,0,7,6,41.89650929,-87.64775583
0,328993,1,25,0,0,0,-1,7,6,1,0,0,0,0,-1,-1,1,0,0,512,-1,-1,-1,-1,-1,-1,2,0,0,0,0,0,1,0,0,7,6,41.70056907,-87.6319761
0,328648,-1,40,0,0,0,3,10,3,3,0,0,0,0,-1,-1,-1,18,11,132,-1,-1,-1,-1,-1,-1,3,0,0,0,0,0,3,0,0,7,6,41.86205243,-87.61813635
0,328660,-1,30,-1,-1,0,3,14,2,-1,0,0,-1,1,-1,-1,1,23,23,131,-1,-1,-1,-1,-1,-1,2,0,0,0,0,0,2,0,0,7,6,41.86672435,-87.62596115
0,328895,-1,30,0,0,0,0,7,5,-1,0,0,0,0,-1,-1,1,0,0,932,-1,-1,-1,-1,-1,-1,3,0,0,0,0,0,1,0,0,7,6,41.79568037,-87.67206714
2,328643,1,30,1,2,0,3,14,5,-1,0,0,0,1,1,-1,-1,0,0,235,-1,-1,-1,-1,-1,-1,2,1,0,0,1,0,3,0,0,7,6,41.78625059,-87.58670833
0,329506,1,20,0,0,-1,0,7,6,1,0,-1,-1,0,-1,-1,1,0,0,2413,-1,-1,-1,-1,-1,-1,2,0,0,0,0,0,1,0,0,7,6,41.99109069,-87.69683833
0,328653,-1,30,2,0,0,3,0,12,1,0,0,0,1,1,-1,-1,17,16,323,-1,-1,-1,-1,-1,-1,2,0,0,0,0,0,2,0,0,7,6,41.76209416,-87.6080713
0,329777,-1,30,0,0,0,3,7,5,2,0,0,0,0,-1,-1,1,0,0,712,-1,-1,-1,-1,-1,-1,2,0,0,0,0,0,1,0,0,7,6,41.78744045,-87.64755957
0,330404,-1,30,0,0,0,3,7,2,2,0,0,0,0,-1,-1,1,0,-1,1812,-1,-1,-1,-1,-1,-1,2,0,0,0,0,0,1,0,0,7,6,41.92336295,-87.64563775
0,328703,-1,30,0,0,0,3,7,6,1,0,0,0,0,-1,-1,1,-1,0,1422,-1,-1,-1,-1,-1,-1,2,0,0,0,0,0,1,0,0,7,6,41.91558321,-87.71602476
2,328637,-1,30,0,-1,0,3,2,5,-1,0,-1,-1,1,-1,-1,-1,14,-1,731,-1,-1,-1,-1,-1,-1,1,1,0,0,1,0,0,0,23,6,6,41.75829937,-87.62692516
0,328611,-1,30,1,2,0,3,12,6,2,0,0,0,0,-1,-1,-1,0,0,1831,-1,-1,-1,-1,-1,-1,2,0,0,0,0,0,2,0,23,6,6,41.89095521,-87.63420044
0,331844,-1,30,0,0,0,3,2,8,-1,0,0,0,0,-1,-1,-1,0,0,114,-1,-1,-1,-1,-1,-1,1,0,0,0,0,0,1,0,23,6,6,41.88450785,-87.61385687
0,328638,-1,30,0,0,0,3,7,12,1,0,0,0,0,-1,-1,1,20,20,2531,-1,-1,-1,-1,-1,-1,2,0,0,0,0,0,1,0,23,6,6,41.90625893,-87.77292884