MOST_SEVERE_INJURY,RD_NO,CRASH_DATE_EST_I,POSTED_SPEED_LIMIT,TRAFFIC_CONTROL_DEVICE,DEVICE_CONDITION,WEATHER_CONDITION,LIGHTING_CONDITION,FIRST_CRASH_TYPE,TRAFFICWAY_TYPE,LANE_CNT,ALIGNMENT,ROADWAY_SURFACE_COND,ROAD_DEFECT,CRASH_TYPE,INTERSECTION_RELATED_I,NOT_RIGHT_OF_WAY_I,HIT_AND_RUN_I,PRIM_CONTRIBUTORY_CAUSE,SEC_CONTRIBUTORY_CAUSE,BEAT_OF_OCCURRENCE,PHOTOS_TAKEN_I,STATEMENTS_TAKEN_I,DOORING_I,WORK_ZONE_I,WORK_ZONE_TYPE,WORKERS_PRESENT_I,NUM_UNITS,INJURIES_TOTAL,INJURIES_FATAL,INJURIES_INCAPACITATING,INJURIES_NON_INCAPACITATING,INJURIES_REPORTED_NOT_EVIDENT,INJURIES_NO_INDICATION,INJURIES_UNKNOWN,CRASH_HOUR,CRASH_DAY_OF_WEEK,CRASH_MONTH,LATITUDE,LONGITUDE
0,328654,-1,35,0,0,0,3,12,6,2,0,0,0,0,-1,-1,1,17,-1,935,-1,-1,-1,-1,-1,-1,2,0,0,0,0,0,2,0,23,6,6,41.79540609,-87.6319944
0,328765,1,30,0,0,-1,-1,7,5,2,0,-1,-1,0,-1,-1,1,0,0,333,-1,-1,-1,-1,-1,-1,2,0,0,0,0,0,1,0,23,6,6,41.76428709,-87.57006535
0,328605,-1,45,0,0,0,3,4,3,8,0,0,1,0,-1,-1,-1,29,-1,1834,-1,-1,-1,-1,-1,-1,1,0,0,0,0,0,1,0,23,6,6,41.89197561,-87.61458027
1,328575,-1,30,1,2,0,3,0,5,-1,0,0,0,1,1,-1,-1,0,-1,213,-1,-1,-1,-1,-1,-1,2,5,0,0,0,5,0,0,22,6,6,41.82368919,-87.62331241
0,328593,-1,30,0,0,0,3,10,5,-1,0,0,0,0,-1,-1,-1,18,-1,1924,-1,-1,-1,-1,-1,-1,2,0,0,0,0,0,2,0,22,6,6,41.94009013,-87.64930996
3,328770,-1,25,2,-1,0,-1,9,-1,-1,0,0,0,1,-1,-1,1,0,0,1824,-1,-1,-1,-1,-1,-1,2,1,0,1,0,0,1,0,22,6,6,41.90668926,-87.62650306
0,328585,-1,25,0,0,0,3,9,6,1,0,0,0,0,-1,-1,1,25,-1,632,-1,-1,-1,-1,-1,-1,2,0,0,0,0,0,3,0,22,6,6,41.73302585,-87.61023148
0,329810,-1,30,1,2,0,3,14,2,2,0,0,0,0,1,-1,1,18,0,1213,-1,-1,-1,-1,-1,-1,3,0,0,0,0,0,3,0,22,6,6,41.89647402,-87.64789499
0,329301,-1,35,1,2,0,3,10,5,7,0,0,0,0,-1,-1,1,18,21,1213,-1,-1,-1,-1,-1,-1,2,0,0,0,0,0,2,0,22,6,6,41.89723689,-87.64794119
0,328555,-1,30,1,2,0,3,12,2,-1,0,0,0,0,-1,-1,1,21,-1,813,-1,-1,-1,-1,-1,-1,2,0,0,0,0,0,2,0,22,6,6,41.79315506,-87.72330377
0,328546,-1,35,0,0,0,3,12,5,4,0,0,0,0,-1,-1,-1,17,11,124,-1,-1,-1,-1,-1,-1,2,0,0,0,0,0,2,0,22,6,6,41.87424392,-87.64381145
3,328550,-1,30,1,2,0,3,8,5,2,0,0,0,1,-1,-1,-1,0,-1,1814,-1,-1,1,-1,-1,-1,2,1,0,1,0,0,2,0,22,6,6,41.91167374,-87.63487362
0,329184,-1,10,0,0,0,3,0,7,-1,0,0,0,0,-1,-1,-1,0,0,735,-1,-1,-1,-1,-1,-1,2,0,0,0,0,0,3,0,22,6,6,41.76579077,-87.66396689
0,328553,-1,30,1,2,0,3,12,2,-1,0,0,0,0,-1,-1,-1,0,0,825,-1,-1,-1,-1,-1,-1,2,0,0,0,0,0,7,0,22,6,6,41.77912348,-87.6837831
1,328580,-1,30,-1,-1,0,4,14,5,4,0,0,-1,1,1,-1,1,0,-1,121,-1,-1,-1,-1,-1,-1,2,1,0,0,0,1,1,0,22,6,6,41.8791526,-87.64370274
0,328541,-1,30,0,0,0,4,10,5,2,0,0,0,0,-1,-1,-1,30,-1,1915,-1,-1,-1,-1,-1,-1,2,0,0,0,0,0,3,0,22,6,6,41.96192072,-87.64590953
1,328545,-1,30,1,2,0,3,10,8,2,2,0,0,1,1,-1,-1,18,-1,1732,-1,-1,-1,-1,-1,-1,2,1,0,0,0,1,1,0,22,6,6,41.94706187,-87.71797197
0,328543,-1,30,1,2,0,0,14,2,4,0,0,0,1,1,-1,-1,17,16,1814,-1,-1,-1,-1,-1,-1,2,0,0,0,0,0,3,0,22,6,6,41.91122467,-87.63856779
0,329044,1,45,0,0,0,3,12,-1,2,0,0,0,0,-1,-1,-1,0,0,1834,-1,-1,-1,-1,-1,-1,2,0,0,0,0,0,4,0,22,6,6,41.89339228,-87.61497788
0,328570,-1,30,1,2,0,3,10,5,3,0,0,0,0,1,-1,1,18,-1,122,-1,-1,-1,-1,-1,-1,2,0,0,0,0,0,2,0,22,6,6,41.88197699,-87.6371672
2,328521,-1,30,1,2,0,3,10,5,2,0,0,0,1,1,-1,-1,16,-1,1733,-1,-1,-1,-1,-1,-1,2,1,0,0,1,0,2,0,21,6,6,41.94679313,-87.69794177
0,328516,-1,35,0,0,0,3,10,7,-1,0,0,0,1,-1,-1,1,20,0,2011,-1,-1,-1,-1,-1,-1,2,0,0,0,0,0,2,0,21,6,6,41.97641199,-87.6925144
0,328533,-1,30,0,0,0,3,7,6,2,0,0,0,0,-1,-1,-1,20,0,212,-1,-1,-1,-1,-1,-1,2,0,0,0,0,0,1,0,21,6,6,41.82638869,-87.62299347
0,328519,-1,30,0,0,0,4,7,6,-1,0,0,0,0,-1,-1,1,-1,-1,832,-1,-1,-1,-1,-1,-1,2,0,0,0,0,0,1,0,21,6,6,41.76473449,-87.68782427
2,328557,-1,30,1,2,0,3,0,3,4,0,0,0,1,1,-1,-1,6,-1,711,-1,1,-1,-1,-1,-1,2,2,0,0,2,0,0,0,21,6,6,41.79419949,-87.63192548
0,328609,-1,30,0,0,0,3,7,7,-1,0,0,0,0,-1,-1,-1,0,0,832,-1,-1,-1,-1,-1,-1,2,0,0,0,0,0,1,0,21,6,6,41.76824397,-87.6831938
0,328567,-1,0,0,0,0,3,7,7,1,0,0,0,0,-1,-1,1,-1,-1,1432,-1,-1,-1,-1,-1,-1,2,0,0,0,0,0,1,0,21,6,6,41.929849,-87.68464378
2,328544,-1,30,-1,-1,0,3,9,5,2,0,0,0,1,-1,-1,-1,0,0,1814,-1,-1,-1,-1,-1,-1,2,1,0,0,1,0,2,0,21,6,6,41.92379885,-87.63922219
0,328539,-1,30,0,0,0,3,12,3,6,0,0,0,0,-1,-1,-1,0,0,1834,-1,-1,-1,-1,-1,-1,2,0,0,0,0,0,2,0,21,6,6,41.89312445,-87.62405799
0,328548,-1,30,0,0,0,3,12,6,4,0,0,0,0,-1,-1,-1,21,-1,112,-1,-1,-1,-1,-1,-1,2,0,0,0,0,0,2,0,21,6,6,41.88078401,-87.62922236
0,329574,-1,30,1,2,0,0,10,2,4,0,0,0,0,1,-1,-1,16,-1,2412,-1,-1,-1,-1,-1,-1,2,0,0,0,0,0,2,0,21,6,6,41.9982118,-87.69004591
0,328510,-1,15,0,2,0,3,14,6,1,0,0,0,1,-1,-1,1,10,16,1014,-1,-1,-1,-1,-1,-1,2,0,0,0,0,0,2,0,21,6,6,41.85184142,-87.72365103
0,328483,-1,30,1,2,0,3,14,5,-1,0,0,0,0,-1,-1,-1,17,-1,1824,-1,-1,-1,-1,-1,-1,2,0,0,0,0,0,2,0,21,6,6,41.91094388,-87.6263928
0,332059,-1,35,0,0,0,0,12,5,2,0,0,0,0,-1,-1,-1,18,-1,1821,-1,-1,-1,-1,-1,-1,2,0,0,0,0,0,4,0,21,6,6,41.90397455,-87.63374356
2,328468,-1,30,0,0,0,3,7,5,2,0,0,0,1,-1,-1,-1,0,-1,1233,-1,-1,-1,-1,-1,-1,4,3,0,0,2,1,0,0,21,6,6,41.86373439,-87.67631269
0,332671,-1,25,0,0,0,0,5,5,2,0,0,1,0,-1,-1,-1,-1,-1,331,-1,-1,-1,-1,-1,-1,1,0,0,0,0,0,1,0,21,6,6,41.77234076,-87.56675889
0,328525,-1,30,0,0,0,0,14,5,-1,0,0,0,0,-1,-1,-1,17,18,1934,-1,-1,-1,-1,-1,-1,2,0,0,0,0,0,2,0,21,6,6,41.94003224,-87.63949853
0,328469,-1,35,0,0,0,3,7,7,0,0,0,0,0,-1,1,1,0,-1,131,-1,-1,-1,-1,-1,-1,2,0,0,0,0,0,1,0,21,6,6,41.86683145,-87.62566961
2,328458,-1,30,2,2,0,3,0,5,2,0,0,0,1,1,-1,-1,17,0,1913,-1,-1,-1,-1,-1,-1,2,1,0,0,1,0,1,0,20,6,6,41.96889318,-87.66116285
2,328462,-1,30,0,0,0,0,8,6,1,0,0,0,1,-1,-1,-1,25,-1,1424,-1,-1,-1,-1,-1,-1,2,1,0,0,1,0,0,0,20,6,6,41.90832752,-87.67949938
2,328467,-1,15,0,0,0,3,2,7,-1,0,0,0,1,-1,-1,-1,14,0,433,-1,-1,-1,-1,-1,-1,1,1,0,0,1,0,0,0,20,6,6,41.66744478,-87.54941823
0,328448,-1,0,0,0,0,2,14,5,2,0,0,0,0,-1,-1,-1,17,-1,621,-1,-1,-1,-1,-1,-1,2,0,0,0,0,0,2,0,20,6,6,41.7470861,-87.64408438
0,328465,-1,30,8,2,0,3,7,2,2,0,0,0,1,-1,-1,1,16,0,824,-1,-1,-1,-1,-1,-1,3,0,0,0,0,0,1,0,20,6,6,41.79155126,-87.69388501
0,328446,-1,30,0,0,0,1,7,5,-1,0,0,0,0,-1,-1,-1,21,-1,832,-1,-1,-1,-1,-1,-1,2,0,0,0,0,0,1,0,20,6,6,41.76801863,-87.68318627
0,328443,-1,30,0,0,0,4,0,4,1,0,-1,-1,0,-1,-1,-1,20,20,1925,-1,-1,-1,-1,-1,-1,2,0,0,0,0,0,4,0,20,6,6,41.95434472,-87.64534962
0,328479,-1,30,-1,0,0,1,7,5,4,0,0,-1,0,-1,-1,1,0,-1,1224,-1,-1,-1,-1,-1,-1,2,0,0,0,0,0,1,0,20,6,6,41.88546712,-87.65228392
0,331178,-1,30,1,2,0,3,4,5,2,0,0,1,0,-1,-1,-1,-1,-1,1722,-1,-1,-1,-1,-1,-1,1,0,0,0,0,0,1,0,20,6,6,41.96821687,-87.72817389
0,330633,-1,30,0,0,0,0,12,2,4,0,-1,-1,0,-1,-1,-1,17,0,1921,-1,-1,-1,-1,-1,-1,2,0,0,0,0,0,2,0,20,6,6,41.94136669,-87.68837213
0,329925,-1,30,0,0,0,3,10,5,-1,0,0,0,0,-1,-1,-1,0,-1,1111,-1,-1,-1,-1,-1,-1,2,0,0,0,0,0,2,0,20,6,6,41.89893712,-87.7337276
0,329015,-1,30,1,2,0,1,10,5,-1,0,0,0,0,-1,-1,-1,18,18,815,-1,-1,-1,-1,-1,-1,3,0,0,0,0,0,3,0,20,6,6,41.80411036,-87.72362341
3,328439,-1,30,12,12,0,4,9,5,2,0,0,0,1,-1,-1,-1,17,32,114,-1,-1,-1,-1,-1,-1,2,1,0,1,0,0,1,0,20,6,6,41.8868838,-87.61562126
0,328411,-1,20,0,0,0,1,10,5,4,0,0,0,0,-1,-1,-1,18,11,132,-1,-1,-1,-1,-1,-1,2,0,0,0,0,0,2,0,20,6,6,41.86278333,-87.61502674
0,328427,-1,30,0,0,0,1,7,5,-1,0,0,0,0,-1,-1,-1,11,27,1814,-1,-1,-1,-1,-1,-1,2,0,0,0,0,0,1,0,19,6,6,41.91680173,-87.63415951
2,328382,-1,30,-1,-1,0,1,0,5,2,0,0,0,1,1,-1,-1,0,0,1224,-1,-1,-1,-1,-1,-1,2,2,0,0,2,0,0,0,19,6,6,41.88533675,-87.66066852
0,328375,-1,30,1,2,0,1,10,5,2,0,0,0,0,-1,-1,-1,30,-1,624,-1,-1,-1,-1,-1,-1,2,0,0,0,0,0,2,0,19,6,6,41.7513967,-87.60515466
0,328371,-1,30,1,2,0,1,12,6,2,0,0,0,1,1,-1,-1,23,-1,1222,-1,-1,-1,-1,-1,-1,2,0,0,0,0,0,5,0,19,6,6,41.88300679,-87.69639925
0,333589,-1,30,0,0,0,3,10,5,2,0,0,0,0,-1,-1,-1,20,16,1114,-1,-1,-1,-1,-1,-1,2,0,0,0,0,0,3,0,19,6,6,41.88331441,-87.72702232
0,332003,-1,25,0,0,0,1,12,6,1,0,0,0,0,-1,-1,-1,17,7,1424,-1,-1,-1,-1,-1,-1,2,0,0,0,0,0,3,0,19,6,6,41.90638479,-87.68482399
0,328434,-1,30,0,0,0,1,10,5,-1,0,0,0,0,-1,-1,-1,18,18,1831,-1,-1,-1,-1,-1,-1,2,0,0,0,0,0,2,0,19,6,6,41.89071594,-87.63014745
0,328364,-1,30,0,0,0,1,12,5,2,0,0,0,0,-1,-1,-1,21,0,1821,-1,-1,-1,-1,-1,-1,2,0,0,0,0,0,2,0,19,6,6,41.91104964,-87.63520373
0,328339,-1,30,1,2,0,2,8,5,6,0,0,0,0,1,-1,-1,3,-1,915,-1,-1,-1,-1,-1,-1,2,0,0,0,0,0,2,0,19,6,6,41.82377406,-87.6301277
2,328506,-1,30,0,0,0,0,14,5,4,0,-1,-1,1,-1,-1,0,17,22,324,-1,-1,-1,-1,-1,-1,2,1,0,0,1,0,1,0,19,6,6,41.76053017,-87.59792397
0,328416,-1,25,0,0,0,1,12,2,2,0,0,0,0,-1,-1,-1,0,0,811,-1,-1,-1,-1,-1,-1,2,0,0,0,0,0,2,0,19,6,6,41.79279137,-87.79296223
0,328500,-1,15,0,0,0,1,11,5,2,0,0,-1,0,-1,-1,1,25,-1,835,-1,-1,-1,-1,-1,-1,2,0,0,0,0,0,2,0,19,6,6,41.75360629,-87.69949118
0,328402,-1,30,0,0,0,2,10,5,-1,0,0,0,0,-1,-1,-1,-1,-1,833,-1,-1,-1,-1,-1,-1,3,0,0,0,0,0,3,0,19,6,6,41.77132587,-87.72272138
0,328338,-1,25,0,0,0,4,7,5,2,0,0,0,0,-1,-1,-1,11,-1,913,-1,-1,-1,-1,-1,-1,2,0,0,0,0,0,1,0,19,6,6,41.83950584,-87.65464927
0,328399,-1,30,0,0,0,2,14,5,2,0,0,0,0,-1,-1,-1,23,23,324,-1,-1,-1,-1,-1,-1,2,0,0,0,0,0,2,0,19,6,6,41.76053017,-87.59792397
1,328332,-1,30,2,2,0,1,0,5,2,0,0,0,1,1,-1,-1,11,16,2514,-1,-1,-1,-1,-1,-1,2,1,0,0,0,1,1,0,19,6,6,41.9368409,-87.76658482
0,328459,-1,30,1,2,0,4,12,2,-1,0,0,0,0,-1,-1,-1,11,-1,2411,-1,-1,-1,-1,-1,-1,3,0,0,0,0,0,2,0,19,6,6,42.01745013,-87.69004937
0,328423,-1,30,0,0,0,1,10,5,4,0,0,-1,0,-1,-1,-1,16,0,821,-1,-1,-1,-1,-1,-1,3,0,0,0,0,0,3,0,19,6,6,41.80346698,-87.72178643
0,328410,-1,30,0,0,0,1,12,3,4,0,0,0,0,-1,-1,-1,22,0,1911,-1,-1,-1,-1,-1,-1,2,0,0,0,0,0,3,0,19,6,6,41.96225173,-87.68885673
1,328392,-1,30,1,0,0,1,0,3,-1,0,0,0,1,1,-1,-1,17,0,411,-1,-1,-1,-1,-1,-1,2,1,0,0,0,1,2,0,19,6,6,41.75689717,-87.58623429
0,328381,-1,20,0,0,0,1,0,7,-1,0,0,0,0,-1,-1,-1,20,0,533,-1,-1,-1,-1,-1,-1,2,0,0,0,0,0,1,0,19,6,6,41.65393537,-87.61739891
0,328330,-1,30,0,0,0,1,10,2,2,0,0,0,0,-1,-1,-1,18,0,1434,-1,-1,-1,-1,-1,-1,2,0,0,0,0,0,3,0,19,6,6,41.91745343,-87.68842971
0,328480,-1,30,0,0,0,1,14,2,4,0,0,0,0,-1,-1,-1,-1,-1,1031,-1,-1,-1,-1,-1,-1,2,0,0,0,0,0,3,0,18,6,6,41.83691323,-87.7314113
0,328400,-1,30,0,0,0,4,10,2,4,0,0,-1,0,-1,-1,1,21,0,732,-1,-1,-1,-1,-1,-1,2,0,0,0,0,0,2,0,18,6,6,41.76542637,-87.63718657
0,328385,-1,30,0,0,0,1,7,5,2,0,0,0,0,-1,-1,-1,0,0,2013,-1,-1,-1,-1,-1,-1,2,0,0,0,0,0,3,0,18,6,6,41.98372866,-87.66028854
0,330621,-1,30,1,2,0,1,12,5,-1,0,0,0,0,-1,-1,-1,0,-1,1212,-1,-1,-1,-1,-1,-1,2,0,0,0,0,0,2,0,18,6,6,41.89601747,-87.67725458
0,328397,-1,30,0,0,0,1,14,5,2,0,0,0,0,-1,-1,-1,18,-1,132,-1,-1,-1,-1,-1,-1,2,0,0,0,0,0,6,0,18,6,6,41.85810617,-87.61637873
0,328333,1,30,0,0,0,1,7,6,-1,0,0,0,0,-1,-1,1,22,-1,1913,-1,-1,-1,-1,-1,-1,2,0,0,0,0,0,1,0,18,6,6,41.96596936,-87.65978237
0,328393,-1,25,0,0,0,1,7,6,1,0,0,-1,0,-1,-1,1,0,0,1014,-1,-1,-1,-1,-1,-1,2,0,0,0,0,0,1,0,18,6,6,41.8520887,-87.72365801
0,328296,-1,30,-1,-1,0,1,10,5,-1,0,0,-1,0,-1,-1,1,0,-1,824,-1,-1,-1,-1,-1,-1,2,0,0,0,0,0,2,0,18,6,6,41.78813599,-87.69379146
0,328322,-1,30,0,0,0,1,0,5,4,0,-1,-1,0,-1,-1,-1,22,22,1921,-1,-1,-1,-1,-1,-1,2,0,0,0,0,0,4,0,18,6,6,41.95396851,-87.688318
0,328206,-1,30,2,2,0,1,10,5,4,0,0,0,1,1,-1,-1,0,0,1612,-1,-1,-1,-1,-1,-1,3,0,0,0,0,0,3,0,18,6,6,41.99701459,-87.81041348
0,328279,-1,30,1,2,0,1,10,2,4,0,-1,12,0,-1,-1,-1,18,16,1722,-1,-1,-1,-1,-1,-1,2,0,0,0,0,0,5,0,18,6,6,41.95372265,-87.73144376
1,328312,-1,30,0,0,0,1,10,5,2,0,0,0,1,-1,-1,1,16,-1,1523,-1,-1,-1,-1,-1,-1,2,1,0,0,0,1,1,0,18,6,6,41.88235627,-87.76467741
0,328216,-1,30,0,0,0,1,7,5,2,0,0,0,1,-1,-1,1,19,25,923,-1,-1,-1,-1,-1,-1,5,0,0,0,0,0,1,0,18,6,6,41.79806112,-87.70261296
0,328213,-1,30,0,0,0,1,14,2,-1,0,0,0,0,-1,-1,-1,17,-1,832,-1,1,-1,-1,-1,-1,2,0,0,0,0,0,3,0,18,6,6,41.76114408,-87.68329576
0,332403,-1,10,0,0,0,1,11,7,2,0,0,0,0,-1,-1,-1,0,0,212,-1,-1,-1,-1,-1,-1,2,0,0,0,0,0,2,0,18,6,6,41.82398325,-87.61685389
0,331920,-1,30,0,0,0,1,10,12,1,0,0,0,0,-1,0,-1,0,-1,411,-1,-1,-1,-1,-1,-1,2,0,0,0,0,0,2,0,18,6,6,41.75085572,-87.58594536
0,328286,-1,30,1,2,0,1,12,2,2,0,0,0,0,-1,-1,-1,22,0,1412,-1,-1,-1,-1,-1,-1,2,0,0,0,0,0,2,0,18,6,6,41.93186852,-87.71237027
0,328239,-1,30,0,0,0,1,12,-1,-1,0,0,0,0,-1,-1,-1,0,0,1024,-1,-1,-1,-1,-1,-1,2,0,0,0,0,0,2,0,18,6,6,41.84886643,-87.71384511
2,328176,-1,30,2,1,0,1,0,5,4,0,0,0,1,1,-1,-1,11,-1,1612,-1,-1,-1,-1,-1,-1,2,1,0,0,1,0,1,0,17,6,6,41.99701459,-87.81041348
0,328251,-1,30,0,0,0,1,0,0,-1,0,0,0,1,-1,-1,-1,17,-1,1621,-1,-1,-1,-1,-1,-1,2,0,0,0,0,0,6,0,17,6,6,41.97804204,-87.74875573
0,328201,-1,30,0,0,0,1,12,6,4,0,0,0,1,-1,-1,-1,21,16,331,-1,0,-1,-1,-1,-1,2,0,0,0,0,0,5,0,17,6,6,41.77647789,-87.58582237
0,328203,-1,30,0,0,0,1,3,5,-1,0,0,0,1,-1,-1,-1,0,21,2211,-1,-1,-1,-1,-1,-1,2,0,0,0,0,0,2,0,17,6,6,41.69256256,-87.70100763
2,328235,-1,30,0,0,0,1,7,3,2,0,0,0,1,1,-1,-1,27,16,1013,-1,-1,-1,-1,-1,-1,2,1,0,0,1,0,2,0,17,6,6,41.84771495,-87.71503209
0,328223,-1,30,1,2,0,1,10,5,-1,0,0,0,0,-1,-1,-1,0,0,531,-1,-1,-1,-1,-1,-1,2,0,0,0,0,0,2,0,17,6,6,41.69272514,-87.60613913
0,328196,-1,40,0,0,0,1,10,3,-1,0,0,0,0,-1,-1,-1,0,0,1824,-1,-1,-1,-1,-1,-1,2,0,0,0,0,0,2,0,17,6,6,41.90790947,-87.62594578
0,328185,-1,30,0,0,0,1,7,2,2,0,0,0,0,-1,-1,1,0,0,2033,-1,-1,-1,-1,-1,-1,2,0,0,0,0,0,2,0,17,6,6,41.97044925,-87.65985608
0,328171,-1,30,0,0,0,1,14,6,1,0,0,0,0,-1,-1,-1,17,17,313,-1,-1,-1,-1,-1,-1,2,0,0,0,0,0,2,0,17,6,6,41.78068982,-87.61456788
0,329650,-1,30,0,0,0,1,7,5,-1,0,0,-1,0,-1,-1,1,-1,-1,922,-1,-1,-1,-1,-1,-1,2,0,0,0,0,0,1,0,17,6,6,41.81147803,-87.6944471
0,328276,-1,30,0,0,0,1,12,5,-1,0,0,0,0,-1,-1,-1,0,0,1224,-1,-1,-1,-1,-1,-1,2,0,0,0,0,0,2,0,17,6,6,41.88166991,-87.660515
0,328227,-1,15,0,0,0,1,7,6,1,0,0,0,1,-1,-1,1,0,0,822,-1,-1,-1,-1,-1,-1,3,0,0,0,0,0,1,0,17,6,6,41.79366443,-87.708315
0,328189,0,30,2,2,0,1,0,2,6,0,0,0,1,-1,-1,-1,17,17,324,-1,-1,-1,-1,-1,-1,2,0,0,0,0,0,3,0,17,6,6,41.76336326,-87.5864023
0,328163,-1,30,0,0,0,1,10,2,2,0,0,0,0,-1,-1,1,16,18,624,-1,-1,-1,-1,-1,-1,2,0,0,0,0,0,4,0,17,6,6,41.75119096,-87.60402693
0,328248,-1,30,0,0,0,1,14,5,2,0,0,0,0,-1,-1,-1,17,-1,1622,-1,-1,-1,-1,-1,-1,2,0,0,0,0,0,2,0,17,6,6,41.96782599,-87.76762486
0,328142,-1,30,0,0,0,1,7,6,1,0,0,0,0,-1,-1,1,25,-1,1513,-1,-1,-1,-1,-1,-1,2,0,0,0,0,0,1,0,17,6,6,41.87973981,-87.7728626
0,328245,-1,30,1,2,0,1,14,5,3,0,0,0,0,-1,-1,-1,21,23,122,-1,-1,-1,-1,-1,-1,2,0,0,0,0,0,2,0,17,6,6,41.87570012,-87.63362951
0,328180,-1,10,0,0,0,1,4,7,-1,0,0,0,0,-1,-1,-1,-1,-1,124,-1,-1,-1,-1,-1,-1,1,0,0,0,0,0,1,0,17,6,6,41.8671038,-87.64262713
3,328161,-1,30,0,0,0,1,8,2,-1,0,0,0,1,-1,-1,-1,16,17,1214,-1,-1,-1,-1,-1,-1,2,1,0,1,0,0,1,0,17,6,6,41.89127925,-87.64885094
0,328145,-1,30,2,2,0,1,7,3,4,0,0,0,1,-1,-1,-1,11,11,414,-1,-1,-1,-1,-1,-1,2,0,0,0,0,0,2,0,17,6,6,41.75871102,-87.58110034
0,328118,-1,30,1,2,0,1,14,5,4,0,0,0,1,0,-1,-1,8,-1,411,-1,-1,-1,-1,-1,-1,3,0,0,0,0,0,3,0,17,6,6,41.75139574,-87.58582589
0,328246,-1,30,0,0,0,1,10,5,2,0,0,0,0,-1,-1,-1,18,-1,1623,-1,-1,-1,-1,-1,-1,3,0,0,0,0,0,3,0,17,6,6,41.96808896,-87.7515644
0,329492,-1,30,0,0,0,1,12,5,-1,0,0,0,0,-1,-1,-1,0,0,121,-1,-1,-1,-1,-1,-1,2,0,0,0,0,0,2,0,17,6,6,41.88158163,-87.63982439
0,328969,-1,30,0,0,0,1,7,5,2,0,0,0,0,-1,-1,-1,20,-1,1623,-1,-1,-1,-1,-1,-1,2,0,0,0,0,0,2,0,17,6,6,41.96491309,-87.75799223
0,328358,-1,30,0,0,0,1,10,5,-1,0,0,0,0,-1,-1,-1,-1,-1,824,-1,-1,-1,-1,-1,-1,2,0,0,0,0,0,2,0,17,6,6,41.79364326,-87.69150597
0,328209,-1,30,0,0,0,1,0,7,-1,0,0,0,0,-1,-1,-1,20,0,531,-1,-1,-1,-1,-1,-1,2,0,0,0,0,0,2,0,17,6,6,41.68558118,-87.60820712
0,332291,-1,30,-1,-1,-1,-1,7,3,4,0,-1,-1,0,-1,-1,1,0,0,2213,-1,-1,-1,-1,-1,-1,2,0,0,0,0,0,2,0,17,6,6,41.72119813,-87.65544161
0,328300,-1,30,2,2,0,1,0,5,2,0,0,0,0,-1,-1,-1,17,17,624,-1,-1,-1,-1,-1,-1,2,0,0,0,0,0,2,0,17,6,6,41.7512126,-87.60381737
0,328156,-1,30,0,0,0,1,10,5,2,0,0,0,0,-1,-1,1,16,0,235,-1,-1,-1,-1,-1,-1,2,0,0,0,0,0,2,0,17,6,6,41.79470318,-87.58267273
0,328353,-1,30,1,2,0,1,0,5,2,0,0,0,0,1,-1,-1,6,16,1732,-1,-1,-1,-1,-1,-1,2,0,0,0,0,0,2,0,17,6,6,41.94658448,-87.71978509
0,328228,-1,30,2,2,0,1,11,12,2,0,0,0,0,1,-1,1,0,0,1621,-1,-1,-1,-1,-1,-1,1,0,0,0,0,0,1,0,17,6,6,41.99841531,-87.76417197
0,329066,1,15,0,0,-1,-1,7,7,-1,0,-1,0,1,-1,1,1,0,-1,212,-1,-1,-1,-1,-1,-1,2,0,0,0,0,0,1,0,17,6,6,41.82637057,-87.60828676
0,328953,1,25,0,0,0,1,7,6,1,0,0,0,0,-1,-1,-1,0,-1,1935,-1,-1,-1,0,-1,-1,2,0,0,0,0,0,1,0,17,6,6,41.9282423,-87.64014073
0,328335,-1,0,2,2,0,1,10,-1,2,0,0,0,0,-1,-1,-1,18,0,715,-1,-1,-1,-1,-1,-1,2,0,0,0,0,0,2,0,17,6,6,41.78679711,-87.66930771
0,328243,-1,30,0,0,0,1,0,7,2,0,0,0,0,-1,-1,-1,20,20,225,-1,-1,-1,-1,-1,-1,2,0,0,0,0,0,2,0,17,6,6,41.79623488,-87.63040492
0,328178,-1,30,0,0,0,1,10,5,-1,0,0,0,0,-1,-1,-1,18,18,813,-1,-1,-1,-1,-1,-1,2,0,0,0,0,0,2,0,17,6,6,41.78604516,-87.72302643
0,328177,-1,30,1,2,0,1,10,2,4,0,0,0,0,0,-1,-1,18,0,1234,-1,-1,-1,-1,-1,-1,3,0,0,0,0,0,3,0,17,6,6,41.85774877,-87.66628522
0,328166,1,30,0,0,0,1,7,6,1,0,0,0,1,-1,-1,-1,0,0,2524,-1,-1,-1,-1,-1,-1,2,0,0,0,0,0,1,0,17,6,6,41.92652197,-87.71726096
0,328137,-1,30,0,0,0,1,7,5,-1,0,0,3,1,-1,-1,-1,15,29,931,-1,-1,-1,-1,-1,-1,2,0,0,0,0,0,3,0,17,6,6,41.80804935,-87.68182785
0,328326,-1,35,0,0,0,1,7,7,-1,0,0,0,0,-1,-1,-1,-1,-1,1711,-1,-1,-1,-1,-1,-1,2,0,0,0,0,0,1,0,16,6,6,41.98337677,-87.71391166
0,328074,-1,30,1,2,0,1,14,2,-1,0,0,0,1,1,-1,-1,23,0,411,-1,-1,-1,-1,-1,-1,2,0,0,0,0,0,2,0,16,6,6,41.7514606,-87.58597199