MOST_SEVERE_INJURY,RD_NO,CRASH_DATE_EST_I,POSTED_SPEED_LIMIT,TRAFFIC_CONTROL_DEVICE,DEVICE_CONDITION,WEATHER_CONDITION,LIGHTING_CONDITION,FIRST_CRASH_TYPE,TRAFFICWAY_TYPE,LANE_CNT,ALIGNMENT,ROADWAY_SURFACE_COND,ROAD_DEFECT,CRASH_TYPE,INTERSECTION_RELATED_I,NOT_RIGHT_OF_WAY_I,HIT_AND_RUN_I,PRIM_CONTRIBUTORY_CAUSE,SEC_CONTRIBUTORY_CAUSE,BEAT_OF_OCCURRENCE,PHOTOS_TAKEN_I,STATEMENTS_TAKEN_I,DOORING_I,WORK_ZONE_I,WORK_ZONE_TYPE,WORKERS_PRESENT_I,NUM_UNITS,INJURIES_TOTAL,INJURIES_FATAL,INJURIES_INCAPACITATING,INJURIES_NON_INCAPACITATING,INJURIES_REPORTED_NOT_EVIDENT,INJURIES_NO_INDICATION,INJURIES_UNKNOWN,CRASH_HOUR,CRASH_DAY_OF_WEEK,CRASH_MONTH,LATITUDE,LONGITUDE
-1,328573,-1,5,0,0,0,1,5,12,-1,0,0,0,0,-1,0,-1,-1,-1,812,-1,-1,-1,-1,-1,-1,1,-1,-1,-1,-1,-1,-1,-1,16,6,6,41.78242786,-87.77425665
0,328181,-1,30,1,2,0,1,14,5,-1,1,0,0,0,1,-1,-1,23,0,2412,-1,-1,-1,-1,-1,-1,2,0,0,0,0,0,3,0,16,6,6,41.99801926,-87.67701946
0,328974,-1,30,1,2,0,1,12,6,4,0,0,0,0,-1,-1,1,0,0,111,-1,-1,-1,-1,-1,-1,2,0,0,0,0,0,2,0,16,6,6,41.88585757,-87.6292742
0,328221,-1,15,0,0,0,1,0,0,1,0,0,0,1,-1,-1,0,17,0,822,-1,-1,-1,-1,-1,-1,2,0,0,0,0,0,3,0,16,6,6,41.7937231,-87.70831599
0,328110,-1,20,0,0,0,1,12,6,-1,0,0,0,0,-1,-1,-1,0,0,1923,-1,-1,-1,-1,-1,-1,2,0,0,0,0,0,2,0,16,6,6,41.94901015,-87.66300555
0,331729,-1,5,0,0,0,1,2,7,-1,0,0,0,0,-1,1,1,20,-1,1834,-1,-1,-1,-1,-1,-1,1,0,0,0,0,0,1,0,16,6,6,41.88911847,-87.61775488
0,328086,-1,20,0,0,0,1,7,6,1,0,0,0,0,-1,-1,-1,11,-1,613,-1,-1,-1,-1,-1,-1,2,0,0,0,0,0,1,0,16,6,6,41.73696995,-87.65443758
2,328085,-1,30,2,0,0,1,14,5,2,0,0,0,1,1,-1,-1,23,-1,413,-1,-1,-1,-1,-1,-1,2,1,0,0,1,0,1,0,16,6,6,41.73169598,-87.57543606
0,328126,-1,30,0,0,0,1,10,6,-1,0,0,0,0,-1,-1,-1,11,-1,2413,-1,-1,-1,-1,-1,-1,2,0,0,0,0,0,2,0,16,6,6,41.99410522,-87.69807292
0,328064,1,30,0,0,0,1,10,5,-1,0,0,0,0,-1,-1,-1,18,-1,2432,-1,-1,-1,-1,-1,-1,2,0,0,0,0,0,2,0,16,6,6,42.00354845,-87.66096341
0,328229,-1,30,1,2,0,1,12,5,-1,0,0,-1,0,-1,-1,-1,22,0,1935,-1,-1,-1,-1,-1,-1,2,0,0,0,0,0,2,0,16,6,6,41.92568935,-87.64081666
0,328225,-1,30,0,0,0,1,12,5,-1,0,0,0,0,-1,-1,-1,0,0,2411,-1,-1,-1,-1,-1,-1,2,0,0,0,0,0,2,0,16,6,6,42.01216713,-87.6905173
0,328194,-1,30,0,0,0,1,12,5,2,0,0,0,0,-1,-1,1,21,-1,1833,-1,-1,-1,-1,-1,-1,2,0,0,0,0,0,2,0,16,6,6,41.89672476,-87.61721162
0,328141,-1,30,0,0,0,1,7,7,-1,0,0,0,0,-1,-1,-1,0,0,511,-1,-1,-1,-1,-1,-1,2,0,0,0,0,0,1,0,16,6,6,41.71262455,-87.62027852
0,328122,-1,30,1,2,0,1,0,5,4,0,0,0,1,1,-1,-1,6,-1,1222,-1,-1,-1,-1,-1,-1,2,0,0,0,0,0,2,0,16,6,6,41.88418765,-87.70141117
0,328066,-1,30,-1,-1,0,1,10,5,-1,0,0,-1,0,-1,-1,-1,0,-1,1113,-1,-1,-1,-1,-1,-1,2,0,0,0,0,0,2,0,16,6,6,41.88069108,-87.73803813
0,329125,-1,25,0,0,0,1,7,6,1,0,0,-1,0,-1,-1,-1,0,0,1923,-1,-1,-1,-1,-1,-1,2,0,0,0,0,0,1,0,16,6,6,41.94923561,-87.66271806
0,328320,-1,30,-1,-1,0,1,14,5,-1,0,0,-1,0,-1,-1,-1,0,-1,1631,-1,-1,-1,-1,-1,-1,3,0,0,0,0,0,3,0,16,6,6,41.93763891,-87.83620975
2,328183,-1,30,2,2,0,1,0,5,2,0,0,0,1,1,-1,-1,17,16,523,-1,-1,-1,-1,-1,-1,2,2,0,0,1,1,1,0,16,6,6,41.66714002,-87.62846332
2,328073,-1,30,0,0,0,1,14,2,2,0,0,0,1,-1,-1,-1,17,-1,1433,-1,-1,-1,-1,-1,-1,2,1,0,0,1,0,1,0,16,6,6,41.9146903,-87.66527486
0,328040,-1,30,0,0,0,1,10,5,1,0,0,0,0,-1,-1,-1,18,-1,1622,-1,-1,-1,-1,-1,-1,2,0,0,0,0,0,2,0,16,6,6,41.97576096,-87.77832527
0,328095,-1,25,0,0,0,1,10,2,4,0,0,0,0,-1,-1,-1,0,0,825,-1,-1,-1,-1,-1,-1,4,0,0,0,0,0,4,0,16,6,6,41.77912348,-87.6837831
0,328041,-1,30,0,0,0,1,11,2,2,0,0,0,0,0,-1,1,22,-1,1033,-1,-1,-1,-1,-1,-1,2,0,0,0,0,0,5,0,16,6,6,41.85034642,-87.69919428
3,328030,-1,30,1,2,0,1,14,5,2,0,0,0,1,1,-1,-1,10,25,2023,-1,-1,-1,-1,-1,-1,2,1,0,1,0,0,1,0,16,6,6,41.97825635,-87.65982065
0,328022,-1,30,2,2,0,1,9,5,-1,0,0,0,0,1,-1,-1,0,0,1923,-1,-1,-1,-1,-1,-1,2,0,0,0,0,0,2,0,16,6,6,41.95123514,-87.65438701
0,328388,-1,25,0,0,0,1,0,2,2,0,0,0,0,-1,-1,-1,0,0,912,-1,-1,-1,-1,-1,-1,2,0,0,0,0,0,2,0,16,6,6,41.8275839,-87.68245444
0,328027,-1,10,0,0,0,1,7,7,-1,0,0,0,0,-1,1,1,0,-1,2033,-1,-1,-1,-1,-1,-1,3,0,0,0,0,0,1,0,16,6,6,41.97581611,-87.66000021
0,330730,-1,30,0,0,0,1,0,5,2,0,0,0,0,-1,-1,-1,17,20,914,-1,-1,-1,-1,-1,-1,2,0,0,0,0,0,2,0,16,6,6,41.84591791,-87.6414419
0,328513,0,30,0,0,0,1,7,5,4,0,0,0,0,-1,-1,1,0,0,1932,-1,-1,-1,-1,-1,-1,2,0,0,0,0,0,1,0,16,6,6,41.92753521,-87.65867658
0,328415,-1,15,0,0,0,1,10,7,1,0,0,-1,0,-1,-1,-1,0,0,912,-1,-1,-1,-1,-1,-1,2,0,0,0,0,0,3,0,16,6,6,41.8275839,-87.68245444
0,328133,-1,30,-1,-1,-1,-1,7,5,-1,0,-1,-1,0,-1,-1,1,0,-1,2535,-1,-1,-1,-1,-1,-1,2,0,0,0,0,0,1,0,16,6,6,41.9154607,-87.72589903
0,328117,-1,30,0,0,0,1,7,0,-1,0,0,0,0,-1,-1,-1,0,0,1032,-1,-1,-1,-1,-1,-1,2,0,0,0,0,0,1,0,16,6,6,41.84043783,-87.71239079
0,328094,-1,30,0,0,0,1,12,2,-1,0,0,0,0,-1,-1,-1,0,0,2515,-1,-1,-1,-1,-1,-1,2,0,0,0,0,0,2,0,16,6,6,41.92475418,-87.76587163
0,328077,-1,30,0,0,0,1,14,5,2,0,0,0,0,-1,-1,-1,23,-1,1814,-1,-1,-1,-1,-1,-1,2,0,0,0,0,0,2,0,16,6,6,41.91124966,-87.63330025
0,328045,-1,30,1,2,0,1,10,2,2,0,0,0,1,1,-1,-1,18,16,2514,-1,-1,-1,-1,-1,-1,2,0,0,0,0,0,2,0,16,6,6,41.93110004,-87.77104062
0,328012,-1,30,1,2,0,1,4,6,-1,0,0,0,0,-1,-1,-1,29,-1,1235,-1,-1,-1,-1,-1,-1,1,0,0,0,0,0,1,0,16,6,6,41.85522768,-87.64357068
0,328144,-1,30,0,0,0,1,12,5,-1,0,0,0,0,-1,-1,1,0,0,912,-1,-1,-1,-1,-1,-1,2,0,0,0,0,0,3,0,15,6,6,41.82883082,-87.67997025
0,328374,-1,30,1,2,0,1,14,5,2,0,0,0,0,-1,-1,1,0,0,1133,-1,-1,-1,-1,-1,-1,2,0,0,0,0,0,2,0,15,6,6,41.87725989,-87.71103209
0,328087,-1,30,0,0,0,1,0,5,-1,0,0,0,0,1,-1,-1,0,0,1711,-1,-1,-1,-1,-1,-1,2,0,0,0,0,0,2,0,15,6,6,41.99488207,-87.71491593
0,328068,-1,30,1,2,0,1,12,3,-1,0,0,0,0,-1,-1,-1,17,-1,111,-1,-1,-1,-1,-1,-1,2,0,0,0,0,0,3,0,15,6,6,41.88744935,-87.62785403
0,328056,-1,30,0,0,0,1,10,5,-1,0,0,0,0,-1,-1,-1,0,0,2013,-1,-1,-1,-1,-1,-1,2,0,0,0,0,0,2,0,15,6,6,41.98547417,-87.66331802
0,328049,-1,30,1,2,0,1,10,5,4,0,0,0,0,-1,-1,-1,18,0,1234,-1,-1,-1,-1,-1,-1,3,0,0,0,0,0,3,0,15,6,6,41.85783537,-87.66628693
0,328025,-1,30,0,0,0,1,10,2,2,0,0,0,0,1,-1,-1,18,-1,2013,-1,-1,-1,-1,-1,-1,2,0,0,0,0,0,2,0,15,6,6,41.98543916,-87.66325986
0,327996,-1,30,1,2,0,1,10,5,6,0,0,0,0,1,-1,-1,20,11,433,-1,-1,-1,-1,-1,-1,2,0,0,0,0,0,3,0,15,6,6,41.66628776,-87.55864803
0,328034,-1,30,0,0,0,1,14,5,-1,0,0,0,0,-1,-1,-1,0,0,1031,-1,-1,-1,-1,-1,-1,2,0,0,0,0,0,2,0,15,6,6,41.84318738,-87.72466706
0,329297,-1,30,0,0,0,1,12,3,6,0,0,0,0,-1,-1,-1,0,0,122,-1,-1,-1,-1,-1,-1,2,0,0,0,0,0,2,0,15,6,6,41.88582821,-87.6370915
0,328120,-1,10,0,0,0,1,7,5,-1,0,0,0,0,-1,1,-1,0,0,1811,-1,-1,-1,-1,-1,-1,2,0,0,0,0,0,1,0,15,6,6,41.92062525,-87.66383494
2,328104,-1,35,1,-1,0,1,9,5,4,0,0,0,1,1,-1,1,17,0,924,-1,-1,-1,-1,-1,-1,2,1,0,0,1,0,1,0,15,6,6,41.81396633,-87.66525393
0,328252,-1,30,0,0,0,1,8,2,2,0,0,0,0,-1,-1,-1,17,-1,1923,-1,-1,-1,-1,-1,-1,2,0,0,0,0,0,3,0,15,6,6,41.94901088,-87.65814288
0,329252,1,15,0,0,0,1,7,7,-1,0,0,0,0,-1,1,-1,11,-1,1713,-1,-1,-1,-1,-1,-1,2,0,0,0,0,0,2,0,15,6,6,41.96851105,-87.71330376
0,328162,-1,30,2,2,0,1,14,6,-1,0,1,0,0,1,-1,1,8,6,1034,-1,-1,-1,-1,-1,-1,3,0,0,0,0,0,5,0,15,6,6,41.84931193,-87.69304297
0,328121,-1,30,1,12,0,1,0,5,2,0,0,0,0,1,-1,1,0,0,1511,-1,-1,-1,-1,-1,-1,2,0,0,0,0,0,2,0,15,6,6,41.89496229,-87.76546079
0,328060,-1,40,0,0,0,1,10,3,-1,3,0,0,0,-1,-1,-1,18,-1,1814,-1,-1,-1,-1,-1,-1,2,0,0,0,0,0,2,0,15,6,6,41.91530768,-87.62723466
0,328003,-1,35,0,0,0,1,12,3,6,0,0,0,0,-1,-1,-1,21,-1,114,-1,-1,-1,-1,-1,-1,2,0,0,0,0,0,2,0,15,6,6,41.87575626,-87.61751568
0,327994,-1,0,0,0,0,1,12,5,-1,2,0,0,0,-1,-1,-1,17,-1,215,-1,-1,-1,-1,-1,-1,2,0,0,0,0,0,2,0,15,6,6,41.81643731,-87.61993322
0,327962,-1,20,0,0,0,1,7,6,1,0,0,0,0,-1,-1,1,-1,-1,2223,-1,-1,-1,-1,-1,-1,2,0,0,0,0,0,1,0,15,6,6,41.73242578,-87.64001387
0,328131,-1,30,2,2,0,1,0,6,1,0,0,0,0,-1,-1,-1,17,0,1911,-1,-1,-1,-1,-1,-1,2,0,0,0,0,0,2,0,15,6,6,41.96777037,-87.68062795
2,327928,-1,30,1,2,0,1,12,2,5,0,0,0,1,1,-1,-1,21,-1,2413,-1,-1,-1,-1,-1,-1,2,1,0,0,1,0,2,0,15,6,6,41.99055465,-87.69902854
0,328301,-1,5,0,0,0,1,2,7,-1,0,0,0,0,-1,1,1,20,0,1834,-1,-1,-1,-1,-1,-1,1,0,0,0,0,0,1,0,15,6,6,41.88911847,-87.61775488
2,327934,-1,30,2,2,0,1,0,5,2,0,0,0,1,1,-1,-1,17,16,1624,-1,-1,-1,-1,-1,-1,3,2,0,0,2,0,2,0,15,6,6,41.95962792,-87.75378303
0,332205,-1,30,2,2,0,1,0,12,-1,0,0,0,0,1,-1,-1,0,0,122,-1,-1,-1,-1,-1,-1,2,0,0,0,0,0,2,0,15,6,6,41.8858398,-87.63434744
3,328075,-1,35,1,2,0,1,10,5,4,0,0,0,1,-1,-1,1,32,19,621,-1,-1,-1,-1,-1,-1,3,1,0,1,0,0,2,0,15,6,6,41.75032239,-87.64418241
2,328046,-1,30,0,0,0,1,9,5,3,0,0,0,1,-1,-1,-1,0,0,124,-1,-1,-1,-1,-1,-1,2,1,0,0,1,0,1,0,15,6,6,41.86797281,-87.64089226
0,327983,-1,30,1,2,0,1,14,5,-1,0,0,0,0,1,-1,1,0,0,1812,-1,-1,-1,-1,-1,-1,2,0,0,0,0,0,2,0,15,6,6,41.92547405,-87.64052769
0,327902,-1,30,2,2,0,1,0,5,2,0,0,0,0,-1,-1,-1,17,17,623,-1,-1,-1,-1,-1,-1,2,0,0,0,0,0,2,0,15,6,6,41.7582309,-87.61977828
0,327957,1,20,0,0,0,1,14,6,1,0,0,0,0,-1,-1,-1,23,22,1033,-1,-1,-1,-1,-1,-1,2,0,0,0,0,0,2,0,14,6,6,41.85012099,-87.70073361
0,327933,-1,30,1,2,0,1,14,2,3,0,0,-1,0,-1,-1,1,23,16,225,-1,-1,-1,-1,-1,-1,2,0,0,0,0,0,3,0,14,6,6,41.7947522,-87.62561859
0,328026,-1,30,0,0,0,1,7,5,-1,0,0,0,0,-1,-1,1,0,0,1711,-1,-1,-1,-1,-1,-1,2,0,0,0,0,0,1,0,14,6,6,41.98348938,-87.71146971
0,327900,-1,30,1,2,0,1,12,2,4,0,0,0,0,-1,-1,-1,18,0,132,-1,-1,-1,-1,-1,-1,2,0,0,0,0,0,2,0,14,6,6,41.86607901,-87.62397407
0,327998,-1,30,1,2,0,1,14,2,4,0,0,-1,0,1,-1,-1,17,0,621,-1,-1,-1,-1,-1,-1,2,0,0,0,0,0,2,0,14,6,6,41.75075039,-87.63438435
0,327975,-1,30,2,2,0,1,7,6,1,0,0,12,0,1,-1,-1,0,-1,122,-1,-1,-1,-1,-1,-1,2,0,0,0,0,0,3,0,14,6,6,41.87693514,-87.63254907
0,328042,-1,30,0,0,0,1,12,5,2,0,0,0,0,-1,-1,-1,18,18,122,-1,-1,-1,-1,-1,-1,2,0,0,0,0,0,2,0,14,6,6,41.876492,-87.6316116
0,327929,-1,30,0,0,0,1,7,7,-1,0,0,0,0,-1,1,-1,0,0,1032,-1,-1,-1,-1,-1,-1,2,0,0,0,0,0,1,0,14,6,6,41.84389733,-87.71462705
0,327906,-1,45,0,0,0,1,10,12,4,0,0,0,0,-1,-1,-1,18,-1,114,-1,-1,-1,-1,-1,-1,2,0,0,0,0,0,2,0,14,6,6,41.88131456,-87.61762921
2,327865,-1,30,0,0,0,1,10,5,2,0,0,0,1,-1,-1,-1,0,-1,1214,-1,-1,-1,-1,-1,-1,2,1,0,0,1,0,1,0,14,6,6,41.8938344,-87.65146287
0,328044,-1,30,0,0,0,1,7,6,1,0,-1,-1,0,-1,-1,-1,22,22,1934,-1,-1,-1,-1,-1,-1,2,0,0,0,0,0,1,0,14,6,6,41.93473796,-87.64603059
0,328038,-1,30,1,2,0,1,10,2,2,0,0,0,0,1,-1,-1,16,0,512,-1,-1,-1,-1,-1,-1,2,0,0,0,0,0,2,0,14,6,6,41.70740512,-87.60667222
0,327967,-1,30,1,2,0,1,2,6,2,0,0,0,0,-1,1,1,-1,-1,231,-1,-1,-1,-1,-1,-1,1,0,0,0,0,0,1,0,14,6,6,41.80190097,-87.62249999
0,327955,-1,30,0,0,0,1,10,5,-1,0,0,0,1,-1,-1,-1,-1,-1,834,-1,-1,-1,-1,-1,-1,3,0,0,0,0,0,6,0,14,6,6,41.7418036,-87.74095358
0,327942,-1,15,0,0,0,1,7,12,-1,0,0,0,0,-1,-1,-1,11,20,624,-1,-1,-1,-1,-1,-1,2,0,0,0,0,0,1,0,14,6,6,41.75797704,-87.60767658
0,327917,-1,30,2,2,0,1,0,5,4,0,0,0,0,-1,-1,1,5,16,235,-1,-1,-1,-1,-1,-1,2,0,0,0,0,0,3,0,14,6,6,41.79147563,-87.60368646
0,327913,-1,30,0,2,0,1,10,5,4,2,0,0,0,1,-1,-1,18,-1,2013,-1,-1,-1,-1,-1,-1,2,0,0,0,0,0,2,0,14,6,6,41.98708906,-87.66596065
0,327898,-1,15,0,0,0,1,7,6,1,0,0,-1,0,-1,-1,-1,11,-1,1914,-1,-1,-1,-1,-1,-1,2,0,0,0,0,0,1,0,14,6,6,41.96433811,-87.6546543
0,327858,-1,30,0,0,0,1,12,6,1,0,0,0,0,-1,-1,-1,-1,-1,833,-1,-1,-1,-1,-1,-1,2,0,0,0,0,0,6,0,14,6,6,41.76511842,-87.72199195
0,327976,-1,30,0,0,0,1,12,6,3,0,0,0,1,-1,-1,-1,17,21,122,-1,-1,-1,-1,-1,-1,2,0,0,0,0,0,2,0,14,6,6,41.88171963,-87.63101913
2,327868,-1,30,0,0,0,1,8,5,2,0,0,0,1,-1,-1,1,7,0,1923,-1,-1,1,-1,-1,-1,2,1,0,0,1,0,2,0,14,6,6,41.94735704,-87.65418928
0,327907,-1,30,0,0,0,1,12,5,4,0,0,0,1,-1,-1,-1,21,0,1824,-1,-1,-1,-1,-1,-1,2,0,0,0,0,0,2,0,14,6,6,41.90594014,-87.62526873
0,327888,-1,30,1,2,0,1,10,5,2,0,0,0,0,-1,-1,-1,0,0,1531,-1,-1,-1,-1,-1,-1,2,0,0,0,0,0,2,0,14,6,6,41.89433593,-87.75543145
0,327846,0,15,0,0,0,1,2,12,-1,0,0,0,0,-1,-1,-1,11,0,1031,-1,-1,-1,-1,-1,-1,1,0,0,0,0,0,1,0,14,6,6,41.83163192,-87.71704771
0,327857,-1,30,2,2,0,1,0,5,2,0,0,0,0,1,-1,-1,20,33,2514,-1,-1,-1,-1,-1,-1,2,0,0,0,0,0,2,0,14,6,6,41.92947108,-87.77239904
0,327854,-1,35,0,0,0,1,12,2,-1,0,0,0,0,-1,-1,-1,22,-1,1131,-1,-1,-1,-1,-1,-1,3,0,0,0,0,0,3,0,14,6,6,41.86602241,-87.74326608
0,327816,-1,30,0,0,0,1,10,5,-1,0,0,0,0,-1,-1,-1,0,0,2432,-1,1,-1,-1,-1,-1,2,0,0,0,0,0,2,0,14,6,6,42.00541515,-87.66197376
0,328288,-1,30,1,2,0,1,10,5,4,0,0,0,0,-1,-1,-1,20,11,124,-1,-1,-1,-1,-1,-1,3,0,0,0,0,0,3,0,14,6,6,41.87423753,-87.64440343
0,328018,-1,25,0,0,0,1,12,2,2,0,0,0,0,-1,-1,-1,0,0,815,-1,-1,-1,-1,-1,-1,2,0,0,0,0,0,2,0,14,6,6,41.80110836,-87.72648386
0,327882,-1,30,0,0,0,-1,7,5,-1,0,0,-1,0,-1,-1,1,0,0,1922,-1,-1,-1,-1,-1,-1,2,0,0,0,0,0,1,0,14,6,6,41.94767006,-87.67145724
0,327819,-1,25,0,0,0,1,7,0,-1,0,0,0,0,-1,-1,1,0,0,2412,-1,-1,-1,-1,-1,-1,2,0,0,0,0,0,1,0,14,6,6,41.99773591,-87.69592888
0,327824,-1,30,-1,-1,0,1,10,7,-1,0,0,-1,0,-1,-1,-1,0,-1,2512,-1,-1,-1,-1,-1,-1,2,0,0,0,0,0,2,0,13,6,6,41.93083392,-87.78913379
0,327877,-1,35,2,2,0,1,0,5,-1,0,0,0,1,1,-1,-1,17,0,914,-1,-1,-1,-1,-1,-1,2,0,0,0,0,0,2,0,13,6,6,41.84560129,-87.6342288
0,327821,-1,30,1,2,0,1,14,5,-1,0,0,0,0,-1,-1,-1,17,-1,2413,-1,-1,-1,-1,-1,-1,2,0,0,0,0,0,3,0,13,6,6,41.99061156,-87.68952754
0,328050,-1,30,0,0,0,1,7,5,-1,0,0,0,0,-1,-1,-1,0,0,1622,-1,-1,-1,-1,-1,-1,2,0,0,0,0,0,2,0,13,6,6,41.96037196,-87.77716702
0,327805,-1,15,0,0,0,1,11,7,1,0,0,0,0,-1,1,-1,0,-1,431,-1,-1,-1,-1,-1,-1,2,0,0,0,0,0,2,0,13,6,6,41.7222678,-87.58251019
0,327956,-1,30,0,2,0,1,12,2,2,0,0,0,0,-1,-1,-1,17,0,2512,-1,-1,-1,-1,-1,-1,3,0,0,0,0,0,3,0,13,6,6,41.9205412,-87.77612463
0,327847,1,30,0,0,0,1,7,6,-1,0,0,0,0,-1,-1,-1,17,-1,121,-1,-1,-1,-1,-1,-1,2,0,0,0,0,0,3,0,13,6,6,41.87813685,-87.64099627
0,327792,1,35,1,2,0,1,0,5,2,0,0,0,0,1,-1,-1,16,0,915,-1,-1,-1,-1,-1,-1,2,0,0,0,0,0,2,0,13,6,6,41.83069534,-87.64625092
2,327809,-1,30,2,2,0,1,9,5,-1,0,0,0,1,-1,-1,-1,5,-1,2534,-1,-1,-1,-1,-1,-1,2,1,0,0,1,0,1,0,13,6,6,41.91696266,-87.73366744
2,278809,-1,30,2,2,0,1,9,5,-1,0,0,0,1,-1,-1,-1,5,-1,2534,-1,-1,-1,-1,-1,-1,2,1,0,0,1,0,1,0,13,6,6,41.91696266,-87.73366744
0,329192,-1,30,0,0,0,1,2,6,-1,0,0,0,0,-1,-1,-1,0,0,1134,-1,-1,-1,-1,-1,-1,2,0,0,0,0,0,1,0,13,6,6,41.87354685,-87.70856356
0,328277,-1,30,2,2,0,1,14,2,4,0,0,0,0,1,-1,-1,17,-1,2223,-1,-1,-1,-1,-1,-1,2,0,0,0,0,0,2,0,13,6,6,41.72133518,-87.64436374
0,327886,-1,30,0,0,0,1,14,5,2,0,0,0,0,-1,-1,1,17,-1,925,-1,-1,-1,-1,-1,-1,2,0,0,0,0,0,2,0,13,6,6,41.81055147,-87.64543576
0,327779,-1,30,1,2,0,1,0,1,4,0,0,0,1,-1,-1,-1,17,-1,614,-1,-1,-1,-1,-1,-1,2,0,0,0,0,0,2,0,13,6,6,41.73562295,-87.68237035
0,327827,-1,30,0,0,0,1,10,5,4,0,0,0,0,-1,-1,-1,18,2,1225,-1,-1,-1,-1,-1,-1,2,0,0,0,0,0,2,0,13,6,6,41.8708895,-87.67651265
0,327760,-1,30,0,0,0,1,7,7,-1,0,0,0,0,-1,1,-1,20,20,2521,-1,-1,-1,-1,-1,-1,2,0,0,0,0,0,2,0,13,6,6,41.9314707,-87.74293222
0,327786,-1,30,0,0,0,1,7,5,2,0,0,0,0,-1,-1,-1,11,-1,114,-1,-1,-1,-1,-1,-1,2,0,0,0,0,0,2,0,13,6,6,41.88450466,-87.62404738
0,327745,1,30,0,0,0,1,12,5,-1,0,0,0,0,-1,-1,-1,17,-1,1622,-1,-1,-1,-1,-1,-1,2,0,0,0,0,0,2,0,13,6,6,41.98304903,-87.76840629
0,327785,-1,35,1,2,0,1,10,5,4,0,0,0,0,-1,-1,-1,18,-1,1013,-1,-1,-1,-1,-1,-1,2,0,0,0,0,0,2,0,13,6,6,41.84991643,-87.72840996
0,327769,-1,30,1,2,0,1,0,5,4,0,0,0,1,1,-1,-1,6,0,113,-1,-1,-1,-1,-1,-1,3,0,0,0,0,0,3,0,13,6,6,41.87811121,-87.62782208
0,327767,-1,30,2,2,0,4,7,6,1,0,0,0,0,-1,-1,1,-1,-1,1422,-1,-1,-1,-1,-1,-1,2,0,0,0,0,0,1,0,13,6,6,41.91558868,-87.71657225
0,327742,-1,25,0,0,0,1,7,6,1,0,0,0,0,-1,-1,1,20,-1,832,-1,-1,-1,-1,-1,-1,2,0,0,0,0,0,1,0,13,6,6,41.76408038,-87.68430364
2,327739,-1,30,0,0,0,1,8,2,2,0,0,0,1,-1,-1,-1,17,11,1724,-1,-1,1,-1,-1,-1,2,1,0,0,1,0,1,0,13,6,6,41.96105914,-87.70986796
0,329025,-1,30,0,0,0,1,1,5,2,0,0,0,0,-1,-1,-1,1,-1,1611,-1,-1,-1,-1,-1,-1,1,0,0,0,0,0,1,0,13,6,6,42.01084545,-87.81741193
0,277763,1,30,1,2,0,1,12,1,-1,0,0,0,0,-1,-1,1,22,-1,811,-1,-1,-1,-1,-1,-1,3,0,0,0,0,0,6,0,13,6,6,41.79205125,-87.80138584
0,327915,-1,30,0,0,0,1,0,2,-1,0,0,0,0,-1,-1,-1,17,0,1633,-1,-1,-1,-1,-1,-1,2,0,0,0,0,0,4,0,13,6,6,41.93861897,-87.77149852
0,327761,-1,30,1,2,0,1,12,5,4,0,-1,-1,0,1,-1,-1,17,0,1432,-1,-1,-1,-1,-1,-1,2,0,0,0,0,0,2,0,13,6,6,41.9256735,-87.67858612
0,330284,-1,30,0,0,0,1,12,2,4,0,0,0,0,-1,-1,-1,21,21,1611,-1,-1,-1,-1,-1,-1,2,0,0,0,0,0,2,0,13,6,6,42.01169334,-87.81157167
0,328188,1,30,0,0,0,1,7,5,-1,0,0,0,0,-1,-1,1,18,-1,2432,-1,-1,-1,-1,-1,-1,2,0,0,0,0,0,1,0,13,6,6,41.99813684,-87.66931871
0,328155,-1,30,1,2,0,1,14,5,4,0,0,-1,0,-1,-1,-1,17,23,922,-1,-1,-1,-1,-1,-1,2,0,0,0,0,0,4,0,13,6,6,41.80849974,-87.68402223
0,328112,-1,30,0,0,0,1,10,12,-1,0,0,0,0,-1,-1,-1,-1,-1,821,-1,-1,-1,-1,-1,-1,2,0,0,0,0,0,2,0,13,6,6,41.82531993,-87.72396
0,327927,-1,30,-1,-1,0,1,7,5,-1,0,0,0,0,-1,-1,1,0,-1,1624,-1,-1,-1,-1,-1,-1,2,0,0,0,0,0,1,0,13,6,6,41.95716742,-87.7484661
0,327776,-1,10,0,0,0,1,12,4,3,0,0,0,0,-1,-1,-1,-1,-1,2011,-1,-1,-1,-1,-1,-1,2,0,0,0,0,0,2,0,13,6,6,41.98966162,-87.70639116
0,327758,-1,30,2,2,0,1,14,5,-1,0,0,0,0,-1,-1,-1,0,-1,423,-1,-1,-1,-1,-1,-1,2,0,0,0,0,0,3,0,13,6,6,41.72271093,-87.56465326
1,327732,-1,30,0,0,0,1,12,6,3,0,0,0,1,-1,-1,-1,21,0,122,-1,-1,-1,-1,-1,-1,2,1,0,0,0,1,2,0,13,6,6,41.87925471,-87.63569242
0,327751,-1,30,0,0,0,1,10,5,2,0,0,0,0,-1,-1,-1,18,16,823,-1,-1,-1,-1,-1,-1,2,0,0,0,0,0,2,0,12,6,6,41.78096351,-87.70333944