MOST_SEVERE_INJURY,RD_NO,CRASH_DATE_EST_I,POSTED_SPEED_LIMIT,TRAFFIC_CONTROL_DEVICE,DEVICE_CONDITION,WEATHER_CONDITION,LIGHTING_CONDITION,FIRST_CRASH_TYPE,TRAFFICWAY_TYPE,LANE_CNT,ALIGNMENT,ROADWAY_SURFACE_COND,ROAD_DEFECT,CRASH_TYPE,INTERSECTION_RELATED_I,NOT_RIGHT_OF_WAY_I,HIT_AND_RUN_I,PRIM_CONTRIBUTORY_CAUSE,SEC_CONTRIBUTORY_CAUSE,BEAT_OF_OCCURRENCE,PHOTOS_TAKEN_I,STATEMENTS_TAKEN_I,DOORING_I,WORK_ZONE_I,WORK_ZONE_TYPE,WORKERS_PRESENT_I,NUM_UNITS,INJURIES_TOTAL,INJURIES_FATAL,INJURIES_INCAPACITATING,INJURIES_NON_INCAPACITATING,INJURIES_REPORTED_NOT_EVIDENT,INJURIES_NO_INDICATION,INJURIES_UNKNOWN,CRASH_HOUR,CRASH_DAY_OF_WEEK,CRASH_MONTH,LATITUDE,LONGITUDE
2,327733,-1,30,0,0,0,1,14,1,-1,0,0,0,1,-1,-1,-1,23,30,614,-1,-1,-1,-1,-1,-1,2,1,0,0,1,0,2,0,12,6,6,41.73563844,-87.68240579
0,327789,-1,25,0,0,0,1,7,6,-1,0,0,0,0,-1,-1,1,0,-1,931,-1,-1,-1,-1,-1,-1,2,0,0,0,0,0,1,0,12,6,6,41.80783984,-87.67695238
0,327880,-1,25,0,0,0,1,12,2,2,0,0,0,0,-1,-1,-1,0,0,912,-1,-1,-1,-1,-1,-1,2,0,0,0,0,0,2,0,12,6,6,41.83565617,-87.67556213
0,328146,-1,10,-1,-1,-1,-1,12,-1,-1,0,-1,-1,0,-1,1,-1,0,0,2211,-1,-1,-1,-1,-1,-1,2,0,0,0,0,0,2,0,12,6,6,41.7055203,-87.70145804
0,327939,-1,30,0,0,0,1,14,0,-1,0,0,0,0,-1,-1,-1,0,0,1822,-1,-1,-1,-1,-1,-1,2,0,0,0,0,0,2,0,12,6,6,41.90989553,-87.65277244
0,334024,-1,30,0,0,0,1,10,5,-1,0,0,12,1,-1,-1,-1,16,18,624,-1,-1,-1,-1,-1,-1,2,0,0,0,0,0,2,0,12,6,6,41.75692094,-87.60041258
0,327982,1,30,1,2,0,1,10,5,-1,0,0,0,0,-1,-1,1,18,-1,2012,-1,-1,-1,-1,-1,-1,2,0,0,0,0,0,2,0,12,6,6,41.9906297,-87.67598543
0,327815,-1,30,2,2,0,1,14,5,2,0,0,0,0,-1,-1,-1,17,17,424,-1,-1,-1,-1,-1,-1,2,0,0,0,0,0,2,0,12,6,6,41.73364116,-87.55119726
0,327762,1,20,0,0,0,1,7,6,-1,0,0,0,0,-1,-1,-1,0,0,1031,-1,-1,-1,-1,-1,-1,2,0,0,0,0,0,1,0,12,6,6,41.84417104,-87.71952252
0,327729,-1,30,1,2,0,1,12,5,4,0,0,0,0,-1,-1,-1,11,0,122,-1,-1,-1,-1,-1,-1,2,0,0,0,0,0,2,0,12,6,6,41.88458627,-87.63101045
0,327720,-1,30,0,0,0,1,14,5,-1,0,0,0,0,1,-1,-1,0,0,1831,-1,-1,-1,-1,-1,-1,2,0,0,0,0,0,2,0,12,6,6,41.89640443,-87.63996177
0,327707,-1,30,1,2,0,1,10,5,5,0,0,0,0,-1,-1,1,22,0,1131,-1,-1,-1,-1,-1,-1,2,0,0,0,0,0,2,0,12,6,6,41.87310015,-87.74485023
0,327741,-1,30,1,2,0,1,12,2,-1,0,0,0,0,1,-1,-1,0,-1,114,-1,-1,-1,-1,-1,-1,2,0,0,0,0,0,2,0,12,6,6,41.88777617,-87.62135836
0,327731,-1,15,0,0,0,1,11,7,0,0,0,0,0,-1,1,1,17,0,821,-1,-1,-1,-1,-1,-1,2,0,0,0,0,0,2,0,12,6,6,41.82531993,-87.72396
0,327700,-1,30,0,0,0,1,14,2,-1,0,0,0,0,1,-1,-1,17,-1,1232,-1,-1,-1,-1,-1,-1,2,0,0,0,0,0,8,0,12,6,6,41.86724806,-87.64789962
0,327686,-1,15,0,0,0,1,7,12,-1,0,0,0,0,-1,-1,-1,23,11,1834,-1,-1,-1,-1,-1,-1,2,0,0,0,0,0,1,0,12,6,6,41.89209414,-87.61156988
1,327688,-1,35,0,0,0,1,8,2,4,0,0,0,1,-1,-1,-1,0,0,321,-1,-1,0,-1,-1,-1,2,1,0,0,0,1,1,0,12,6,6,41.77385369,-87.60564079
1,327288,-1,35,0,0,0,1,8,2,4,0,0,0,1,-1,-1,-1,0,0,321,-1,-1,0,-1,-1,-1,2,1,0,0,0,1,1,0,12,6,6,41.77385369,-87.60564079
0,327684,-1,30,1,2,0,1,10,2,2,0,0,0,0,1,-1,-1,18,16,1221,-1,-1,-1,1,0,1,2,0,0,0,0,0,2,0,12,6,6,41.89578523,-87.67793089
0,357800,1,30,0,0,0,1,7,5,2,0,0,0,0,-1,-1,-1,20,-1,1912,-1,-1,-1,-1,-1,-1,2,0,0,0,0,0,1,0,12,6,6,41.96027741,-87.66755481
0,339326,-1,30,0,0,-1,1,2,5,2,0,-1,1,0,-1,-1,-1,29,-1,1213,-1,-1,-1,-1,-1,-1,1,0,0,0,0,0,1,0,12,6,6,41.89996927,-87.65799624
0,327822,-1,30,0,0,0,1,7,5,-1,0,0,0,0,-1,-1,-1,0,-1,1434,-1,-1,-1,-1,-1,-1,2,0,0,0,0,0,1,0,12,6,6,41.91067046,-87.67263908
0,327690,-1,30,2,0,0,1,10,2,2,0,0,0,0,-1,-1,1,18,16,333,-1,-1,-1,-1,-1,-1,2,0,0,0,0,0,2,0,12,6,6,41.76366277,-87.57639339
0,327601,-1,35,1,2,0,1,14,2,-1,0,0,0,0,-1,-1,-1,18,-1,824,-1,-1,-1,-1,-1,-1,2,0,0,0,0,0,2,0,12,6,6,41.79337566,-87.68388209
0,327649,-1,15,0,0,0,1,2,7,-1,0,0,0,0,-1,-1,-1,0,-1,713,-1,-1,-1,-1,-1,-1,1,0,0,0,0,0,1,0,11,6,6,41.78697868,-87.6558418
0,327667,-1,30,0,0,0,1,3,2,4,0,0,0,0,-1,-1,-1,33,0,815,-1,-1,-1,-1,-1,-1,2,0,0,0,0,0,3,0,11,6,6,41.7998704,-87.73602091
0,327958,-1,30,1,2,0,1,14,2,2,3,0,0,0,-1,-1,-1,0,-1,1432,-1,-1,-1,-1,-1,-1,2,0,0,0,0,0,2,0,11,6,6,41.92584529,-87.67883572
0,327669,-1,0,0,0,0,1,2,0,-1,0,0,0,1,-1,-1,1,0,-1,935,-1,-1,-1,-1,-1,-1,1,0,0,0,0,0,2,0,11,6,6,41.79794913,-87.63415875
0,327628,-1,30,1,2,0,1,0,2,-1,0,0,0,0,1,-1,-1,20,-1,124,-1,-1,-1,-1,-1,-1,2,0,0,0,0,0,2,0,11,6,6,41.86980931,-87.64351464
0,327600,-1,30,0,0,0,1,7,5,2,0,0,0,0,-1,-1,-1,0,0,2024,-1,-1,-1,-1,-1,-1,2,0,0,0,0,0,1,0,11,6,6,41.97318355,-87.65625944
0,363466,-1,30,0,0,-1,-1,7,6,1,0,-1,-1,0,-1,-1,1,0,0,323,-1,-1,-1,-1,-1,-1,2,0,0,0,0,0,1,0,11,6,6,41.75869512,-87.61685588
0,329304,-1,30,2,0,0,1,7,5,-1,0,0,0,0,-1,-1,-1,25,-1,1233,-1,-1,-1,-1,-1,-1,2,0,0,0,0,0,2,0,11,6,6,41.86256737,-87.66011242
0,327817,-1,30,7,0,0,1,7,6,1,0,1,1,1,1,-1,-1,-1,-1,2032,-1,-1,-1,-1,-1,-1,2,0,0,0,0,0,1,0,11,6,6,41.97033609,-87.68151589
0,327653,-1,0,0,0,0,1,7,12,1,0,0,-1,0,-1,-1,-1,11,0,1023,-1,-1,-1,-1,-1,-1,3,0,0,0,0,0,1,0,11,6,6,41.85752043,-87.6941495
0,327609,-1,15,0,0,0,1,7,6,1,0,0,0,0,-1,-1,-1,11,16,1732,-1,-1,-1,-1,-1,-1,2,0,0,0,0,0,1,0,11,6,6,41.94061918,-87.72096676
0,327595,-1,20,0,0,0,1,0,7,-1,0,0,0,0,-1,1,-1,20,20,1822,-1,-1,-1,-1,-1,-1,2,0,0,0,0,0,2,0,11,6,6,41.90939879,-87.6530507
0,327798,-1,10,0,0,0,3,7,7,1,0,0,0,0,-1,-1,-1,20,0,1231,-1,-1,-1,-1,-1,-1,2,0,0,0,0,0,1,0,11,6,6,41.87429986,-87.66734567
2,327568,-1,30,1,2,0,1,10,5,4,0,0,0,1,1,-1,-1,0,-1,1233,-1,-1,-1,-1,-1,-1,2,2,0,0,2,0,2,0,11,6,6,41.86316573,-87.6664402
0,327683,-1,30,1,2,0,1,12,5,2,0,0,0,0,1,-1,-1,18,0,1811,-1,-1,-1,-1,-1,-1,2,0,0,0,0,0,2,0,11,6,6,41.92502538,-87.66937832
0,327523,-1,30,0,0,0,1,12,1,6,0,0,0,0,-1,-1,-1,16,21,815,-1,-1,-1,-1,-1,-1,2,0,0,0,0,0,3,0,11,6,6,41.7987361,-87.74173203
0,328344,-1,30,0,0,0,1,7,12,-1,0,0,0,0,-1,-1,-1,20,-1,121,-1,-1,-1,-1,-1,-1,2,0,0,0,0,0,1,0,11,6,6,41.88008392,-87.64099078
3,328197,-1,30,-1,-1,0,1,8,5,-1,0,-1,-1,1,-1,-1,-1,22,21,1214,-1,-1,-1,-1,-1,-1,2,1,0,1,0,0,1,0,11,6,6,41.88907451,-87.64448187
2,327856,-1,35,-1,-1,-1,1,9,5,2,0,0,-1,1,1,-1,-1,0,0,735,-1,-1,-1,-1,-1,-1,2,1,0,0,1,0,1,0,11,6,6,41.76304349,-87.66387945
0,327710,-1,30,-1,-1,0,1,7,7,-1,0,0,-1,0,-1,-1,-1,0,-1,2524,-1,-1,-1,-1,-1,-1,2,0,0,0,0,0,1,0,11,6,6,41.93166402,-87.72808651
0,327660,-1,10,0,0,0,1,7,7,-1,0,0,-1,0,-1,-1,1,0,-1,622,-1,-1,-1,-1,-1,-1,2,0,0,0,0,0,1,0,11,6,6,41.74257762,-87.63393693
0,327647,-1,30,0,0,0,1,12,5,2,0,0,0,0,-1,-1,1,11,11,1712,-1,-1,-1,-1,-1,-1,2,0,0,0,0,0,2,0,11,6,6,41.96846964,-87.71741001
0,327602,-1,15,0,0,0,1,7,6,1,0,0,0,0,-1,-1,-1,11,29,1915,-1,-1,-1,-1,-1,-1,2,0,0,0,0,0,1,0,11,6,6,41.95729054,-87.6535566
0,327584,-1,30,0,0,0,1,10,2,4,0,0,0,0,-1,-1,-1,16,-1,2234,-1,-1,-1,-1,-1,-1,2,0,0,0,0,0,3,0,11,6,6,41.68721693,-87.64236462
2,327556,-1,30,0,0,0,1,9,6,1,0,0,-1,1,-1,-1,-1,0,-1,1014,-1,-1,-1,-1,-1,-1,2,1,0,0,1,0,1,0,11,6,6,41.85222749,-87.72099819
0,327528,-1,30,0,0,0,1,10,3,2,0,0,0,1,1,-1,-1,18,18,2032,-1,-1,-1,-1,-1,-1,2,0,0,0,0,0,2,0,10,6,6,41.96895019,-87.67267983
0,327496,-1,30,2,2,0,1,10,2,4,0,0,0,0,-1,-1,-1,18,0,1432,-1,-1,-1,-1,-1,-1,2,0,0,0,0,0,2,0,10,6,6,41.92490759,-87.67855279
0,327924,-1,15,0,0,0,1,7,7,2,0,0,-1,0,-1,-1,1,0,0,211,-1,-1,-1,-1,-1,-1,2,0,0,0,0,0,1,0,10,6,6,41.83268225,-87.61750746
0,327811,-1,35,0,0,0,1,2,0,-1,0,0,0,0,-1,-1,-1,0,-1,1124,-1,-1,-1,-1,-1,-1,1,0,0,0,0,0,1,0,10,6,6,41.8789363,-87.70441743
0,327651,-1,30,0,0,0,1,7,5,2,0,0,0,0,-1,-1,1,0,0,2432,-1,-1,-1,-1,-1,-1,2,0,0,0,0,0,1,0,10,6,6,41.99819833,-87.66956364
0,327576,-1,25,0,0,0,1,14,5,2,0,0,0,0,1,-1,-1,17,-1,432,-1,-1,-1,-1,-1,-1,2,0,0,0,0,0,3,0,10,6,6,41.70264343,-87.5351369
0,327545,-1,15,0,0,0,1,0,7,2,0,0,0,0,-1,1,1,20,16,1224,-1,-1,-1,-1,-1,-1,2,0,0,0,0,0,2,0,10,6,6,41.88303934,-87.64717364
0,327481,-1,30,1,2,0,1,10,2,2,0,0,0,0,-1,-1,-1,-1,18,714,-1,-1,-1,-1,-1,-1,2,0,0,0,0,0,3,0,10,6,6,41.77942614,-87.67384704
0,327552,-1,10,0,0,0,1,7,7,-1,0,0,0,0,-1,-1,1,0,-1,321,-1,-1,-1,-1,-1,-1,2,0,0,0,0,0,1,0,10,6,6,41.77363856,-87.58644552
0,327537,-1,30,0,0,0,1,2,2,2,0,0,0,1,-1,-1,-1,0,0,1023,-1,-1,-1,-1,-1,-1,1,0,0,0,0,0,2,0,10,6,6,41.85920234,-87.68597655
0,327509,-1,35,1,12,0,1,12,5,-1,0,0,0,0,1,-1,-1,22,22,1133,-1,-1,-1,-1,-1,-1,2,0,0,0,0,0,2,0,10,6,6,41.86639438,-87.71069103
0,13327579,-1,30,1,2,0,1,7,5,4,0,0,0,0,-1,-1,-1,-1,-1,1234,-1,-1,-1,-1,-1,-1,2,0,0,0,0,0,2,0,10,6,6,41.85214417,-87.68549671
0,336721,-1,30,2,2,0,1,14,5,-1,0,0,0,0,-1,-1,-1,-1,-1,831,-1,-1,-1,-1,-1,-1,2,0,0,0,0,0,2,0,10,6,6,41.77175294,-87.69070568
0,327510,-1,20,0,0,0,1,7,5,-1,0,0,0,0,-1,-1,-1,22,-1,513,-1,-1,-1,-1,-1,-1,2,0,0,0,0,0,2,0,10,6,6,41.69932181,-87.60375037
2,327486,-1,30,1,2,0,1,14,6,1,0,0,0,1,1,-1,1,0,0,1532,-1,-1,-1,-1,-1,-1,3,1,0,0,1,0,1,0,10,6,6,41.88443315,-87.75507578
0,327859,-1,15,0,0,0,1,2,0,1,0,0,0,0,-1,-1,0,25,-1,1123,-1,-1,-1,-1,-1,-1,1,0,0,0,0,0,2,0,10,6,6,41.88173538,-87.70861873
0,327471,-1,30,2,2,0,1,14,5,2,0,0,0,0,1,-1,-1,17,23,811,-1,-1,-1,-1,-1,-1,2,0,0,0,0,0,2,0,10,6,6,41.79243363,-87.77200242
0,329651,-1,30,1,2,0,1,12,2,2,0,0,0,0,-1,-1,-1,22,21,222,-1,-1,-1,-1,-1,-1,3,0,0,0,0,0,3,0,10,6,6,41.81077249,-87.58888247
2,327524,-1,30,1,3,0,1,0,12,5,0,0,0,1,1,-1,-1,5,16,935,-1,-1,-1,-1,-1,-1,2,1,0,0,1,0,2,0,10,6,6,41.79462283,-87.63306376
0,327522,-1,30,0,0,0,1,7,6,-1,0,0,0,0,-1,-1,-1,-1,-1,412,-1,-1,-1,-1,-1,-1,2,0,0,0,0,0,1,0,10,6,6,41.74078432,-87.57731175
0,327483,-1,20,0,0,0,1,7,7,1,0,0,0,0,-1,1,-1,0,0,835,-1,-1,-1,-1,-1,-1,2,0,0,0,0,0,1,0,10,6,6,41.75482108,-87.69300647
0,327478,-1,30,0,0,0,1,10,5,-1,0,0,0,0,-1,-1,-1,0,-1,915,-1,-1,-1,-1,-1,-1,2,0,0,0,0,0,2,0,10,6,6,41.83611576,-87.64584034
0,327465,-1,30,0,0,0,1,10,2,2,0,0,0,0,-1,-1,-1,18,-1,2521,-1,-1,-1,-1,-1,-1,2,0,0,0,0,0,2,0,10,6,6,41.9315088,-87.7400813
1,328923,-1,30,0,0,0,1,10,6,2,0,0,0,1,-1,-1,-1,0,0,1833,-1,-1,-1,-1,-1,-1,2,1,0,0,0,1,1,0,10,6,6,41.89932254,-87.62393606
0,327430,-1,30,0,0,0,1,5,6,1,0,0,0,0,-1,-1,-1,7,-1,1612,-1,-1,-1,-1,-1,-1,1,0,0,0,0,0,1,0,9,6,6,41.98276035,-87.79284834
0,327470,-1,30,0,0,0,1,7,7,-1,0,0,0,0,-1,1,1,11,20,821,-1,-1,-1,-1,-1,-1,2,0,0,0,0,0,1,0,9,6,6,41.81044045,-87.71041885
0,327461,-1,25,1,2,0,1,12,5,4,0,0,0,0,1,-1,-1,21,17,1931,-1,-1,-1,-1,-1,-1,2,0,0,0,0,0,2,0,9,6,6,41.93239416,-87.67817303
0,327454,0,30,0,0,0,1,11,5,2,0,0,0,0,-1,-1,1,-1,-1,911,-1,-1,-1,-1,-1,-1,2,0,0,0,0,0,2,0,9,6,6,41.83029607,-87.69005861
0,327433,-1,30,0,0,0,1,10,5,4,0,0,0,0,-1,-1,1,18,-1,1533,-1,-1,-1,-1,-1,-1,2,0,0,0,0,0,2,0,9,6,6,41.88048265,-87.75499392
0,327422,-1,30,1,2,0,1,0,5,8,0,0,0,1,1,-1,-1,6,11,722,-1,-1,-1,-1,-1,-1,2,0,0,0,0,0,3,0,9,6,6,41.7725982,-87.63001821
0,327480,-1,25,0,0,0,1,12,5,-1,0,0,0,0,-1,-1,-1,17,0,122,-1,-1,-1,-1,-1,-1,2,0,0,0,0,0,2,0,9,6,6,41.88703915,-87.63255806
0,327421,-1,15,0,0,0,1,11,0,1,0,0,0,0,-1,-1,1,22,16,1214,-1,-1,-1,-1,-1,-1,2,0,0,0,0,0,2,0,9,6,6,41.89162468,-87.64982741
0,328009,-1,30,1,2,0,1,14,5,0,0,0,0,0,1,-1,-1,23,0,2413,-1,-1,-1,-1,-1,-1,2,0,0,0,0,0,2,0,9,6,6,41.99060901,-87.68973548
0,327498,-1,30,0,0,0,1,0,0,1,0,0,0,0,-1,-1,-1,17,17,2422,-1,-1,-1,-1,-1,-1,3,0,0,0,0,0,2,0,9,6,6,42.01983873,-87.66839343
1,327464,-1,30,1,2,0,1,12,2,-1,5,0,0,1,-1,-1,-1,18,18,632,-1,-1,-1,-1,-1,-1,2,1,0,0,0,1,1,0,9,6,6,41.74354927,-87.62409012
0,327425,-1,30,1,0,0,1,12,2,4,0,0,0,0,-1,-1,-1,18,18,2413,-1,-1,-1,-1,-1,-1,2,0,0,0,0,0,2,0,9,6,6,41.99061472,-87.68927071
0,327424,-1,30,2,2,0,1,12,5,1,0,0,0,0,-1,-1,-1,11,-1,421,-1,-1,-1,-1,-1,-1,2,0,0,0,0,0,2,0,9,6,6,41.75895497,-87.56058884
0,327414,-1,30,1,2,0,1,12,6,3,0,0,0,0,-1,-1,-1,22,21,122,-1,1,-1,-1,-1,-1,2,0,0,0,0,0,2,0,9,6,6,41.88200199,-87.63103164
0,327450,-1,30,0,0,0,1,0,12,-1,0,0,0,0,-1,-1,-1,0,-1,431,-1,-1,-1,-1,-1,-1,2,0,0,0,0,0,2,0,9,6,6,41.71349784,-87.55073311
0,327402,-1,30,0,0,0,1,12,6,-1,0,0,0,0,-1,-1,1,21,-1,211,-1,-1,-1,-1,-1,-1,2,0,0,0,0,0,3,0,9,6,6,41.83791935,-87.62987882
0,327443,-1,30,0,2,0,1,10,5,-1,0,0,0,0,-1,-1,-1,18,-1,624,-1,-1,-1,-1,-1,-1,2,0,0,0,0,0,5,0,9,6,6,41.75139977,-87.60491402
0,327394,-1,20,0,0,0,1,0,0,-1,0,0,0,1,-1,-1,-1,17,11,1924,-1,-1,-1,-1,-1,-1,2,0,0,0,0,0,2,0,9,6,6,41.94349609,-87.65019957
0,327395,-1,30,0,0,0,1,12,3,6,0,0,0,0,-1,-1,-1,22,0,1833,-1,-1,-1,-1,-1,-1,2,0,0,0,0,0,2,0,9,6,6,41.90028827,-87.62403414
0,327388,-1,30,1,2,0,1,7,5,4,0,0,0,0,1,-1,-1,11,0,733,-1,-1,-1,-1,-1,-1,2,0,0,0,0,0,3,0,9,6,6,41.76000277,-87.64442751
0,334020,-1,30,0,0,0,1,12,12,-1,0,0,0,0,-1,-1,1,4,16,122,-1,-1,-1,-1,-1,-1,2,0,0,0,0,0,2,0,9,6,6,41.88331491,-87.63541604
0,327444,-1,30,0,0,0,1,12,6,-1,0,0,0,0,-1,-1,-1,0,-1,112,-1,-1,-1,-1,-1,-1,2,0,0,0,0,0,2,0,9,6,6,41.8819891,-87.62516081
1,327379,-1,30,0,0,0,1,10,2,2,0,0,0,1,-1,-1,-1,16,-1,1622,-1,-1,-1,-1,-1,-1,2,1,0,0,0,1,1,0,9,6,6,41.9862906,-87.77053171
0,327449,-1,30,0,0,0,1,10,5,4,0,0,0,0,-1,-1,-1,18,0,1915,-1,-1,-1,-1,-1,-1,2,0,0,0,0,0,4,0,8,6,6,41.95463038,-87.65224759
0,327440,-1,30,2,2,0,1,14,5,-1,0,0,0,0,-1,-1,-1,17,-1,811,-1,-1,-1,-1,-1,-1,2,0,0,0,0,0,2,0,8,6,6,41.79206391,-87.80032558
0,327387,-1,30,1,2,0,1,10,5,2,0,0,0,0,-1,-1,-1,22,18,1623,-1,-1,-1,-1,-1,-1,2,0,0,0,0,0,2,0,8,6,6,41.96790884,-87.74846067
0,327384,-1,35,0,0,0,1,12,5,-1,0,0,0,0,1,-1,-1,16,22,413,-1,-1,-1,-1,-1,-1,2,0,0,0,0,0,3,0,8,6,6,41.72253169,-87.57905849
1,327381,0,30,1,2,0,1,9,2,4,0,0,12,1,1,-1,-1,0,-1,832,-1,1,-1,-1,-1,-1,2,1,0,0,0,1,1,0,8,6,6,41.76460891,-87.68338705
0,327378,-1,30,0,0,0,1,12,5,-1,0,0,0,0,-1,-1,-1,11,17,235,-1,-1,-1,-1,-1,-1,2,0,0,0,0,0,2,0,8,6,6,41.79350263,-87.58600276
1,327462,-1,30,1,2,0,1,10,2,2,0,0,0,1,-1,-1,-1,30,18,2534,-1,-1,-1,-1,-1,-1,2,1,0,0,0,1,2,0,8,6,6,41.9170016,-87.73083184
0,327540,-1,30,0,0,0,1,12,2,4,0,0,-1,0,-1,-1,-1,20,-1,2524,-1,-1,-1,-1,-1,-1,2,0,0,0,0,0,2,0,8,6,6,41.924587,-87.72728866
0,327375,-1,30,0,0,0,1,11,5,-1,0,0,0,0,-1,-1,-1,20,-1,914,-1,-1,-1,-1,-1,-1,2,0,0,0,0,0,2,0,8,6,6,41.84835328,-87.63248796
0,327353,-1,35,0,0,0,1,12,6,-1,0,0,0,1,-1,-1,-1,22,-1,224,-1,-1,-1,-1,-1,-1,2,0,0,0,0,0,4,0,8,6,6,41.80747002,-87.61668477
0,327350,-1,30,0,0,0,1,12,6,3,0,0,0,0,-1,-1,-1,21,17,121,-1,1,-1,-1,-1,-1,2,0,0,0,0,0,2,0,8,6,6,41.88329693,-87.63882626
0,327369,-1,30,1,2,0,1,12,2,-1,0,0,0,0,1,-1,-1,21,21,1925,-1,-1,-1,-1,-1,-1,2,0,0,0,0,0,2,0,8,6,6,41.9404429,-87.63863354
0,327347,-1,30,1,2,0,1,14,2,2,0,0,0,0,1,-1,-1,23,11,1822,-1,-1,-1,-1,-1,-1,2,0,0,0,0,0,4,0,8,6,6,41.90369831,-87.64824535
0,327334,-1,30,0,0,0,1,7,2,2,0,0,0,1,-1,-1,-1,17,-1,1424,-1,-1,-1,-1,-1,-1,2,0,0,0,0,0,1,0,8,6,6,41.91022784,-87.68605645
0,327349,-1,30,1,2,0,1,14,2,-1,0,0,0,0,1,-1,-1,0,0,824,-1,-1,-1,-1,-1,-1,2,0,0,0,0,0,2,0,8,6,6,41.78662258,-87.68368665
0,386416,-1,30,0,0,0,1,7,5,-1,0,0,0,0,-1,-1,1,0,0,1631,-1,-1,-1,-1,-1,-1,2,0,0,0,0,0,1,0,8,6,6,41.93839991,-87.8105389
0,327637,-1,30,1,2,0,1,0,5,2,0,0,0,0,1,-1,1,0,0,412,-1,-1,-1,-1,-1,-1,2,0,0,0,0,0,2,0,8,6,6,41.73345166,-87.58509941
0,327335,-1,25,0,0,0,1,0,5,-1,0,0,-1,0,-1,-1,-1,0,0,1923,-1,-1,-1,-1,-1,-1,2,0,0,0,0,0,2,0,8,6,6,41.94922495,-87.64966235
0,327329,-1,0,0,0,0,1,0,7,-1,0,0,0,0,-1,1,-1,20,17,921,-1,-1,-1,-1,-1,-1,2,0,0,0,0,0,2,0,8,6,6,41.81836991,-87.68484193
1,328241,-1,30,1,2,0,1,10,5,4,0,-1,-1,1,-1,-1,-1,11,18,1814,-1,-1,-1,-1,-1,-1,2,1,0,0,0,1,1,0,7,6,6,41.91931664,-87.63683646
0,328260,-1,30,0,0,0,1,7,5,2,0,0,0,0,-1,-1,1,0,0,1623,-1,-1,-1,-1,-1,-1,2,0,0,0,0,0,1,0,7,6,6,41.9698717,-87.75013505
0,327517,-1,25,1,2,0,1,10,5,-1,0,0,0,0,-1,-1,1,18,0,1433,-1,-1,-1,-1,-1,-1,2,0,0,0,0,0,2,0,7,6,6,41.90359031,-87.65921321
0,327322,-1,30,0,0,0,1,10,2,-1,0,0,0,0,-1,-1,-1,18,-1,1431,-1,-1,-1,-1,-1,-1,2,0,0,0,0,0,2,0,7,6,6,41.92495216,-87.69381572
0,327298,-1,30,0,0,0,1,10,2,-1,2,0,0,0,-1,-1,-1,18,0,925,-1,-1,-1,-1,-1,-1,2,0,0,0,0,0,2,0,7,6,6,41.8230889,-87.64576544
0,327302,-1,30,1,2,0,1,0,3,6,0,0,0,0,1,-1,-1,0,-1,113,-1,-1,-1,-1,-1,-1,2,0,0,0,0,0,6,0,7,6,6,41.87579421,-87.6262805
0,327303,-1,25,0,0,0,1,10,8,4,5,0,0,0,-1,-1,-1,18,11,2023,-1,-1,-1,-1,-1,-1,2,0,0,0,0,0,4,0,7,6,6,41.9820354,-87.6530464
2,327282,-1,30,2,2,0,1,0,6,-1,0,0,0,1,1,-1,-1,0,-1,613,-1,-1,-1,-1,-1,-1,2,3,0,0,3,0,1,0,7,6,6,41.73961346,-87.65694283
1,327297,-1,25,0,0,0,1,10,5,-1,0,0,0,1,-1,-1,-1,16,18,423,-1,-1,-1,-1,-1,-1,2,1,0,0,0,1,1,0,7,6,6,41.74411004,-87.5522495
0,329341,-1,30,1,2,0,1,10,6,-1,0,0,-1,0,1,-1,-1,8,8,731,-1,-1,-1,-1,-1,-1,2,0,0,0,0,0,2,0,7,6,6,41.76539859,-87.6266955
0,331651,-1,30,0,0,-1,-1,10,5,-1,0,-1,-1,0,-1,-1,1,0,-1,1033,-1,-1,-1,-1,-1,-1,3,0,0,0,0,0,3,0,7,6,6,41.84442206,-87.70374671
0,327279,-1,20,2,0,0,1,10,5,-1,0,0,0,0,-1,-1,-1,0,0,815,-1,-1,-1,-1,-1,-1,2,0,0,0,0,0,2,0,7,6,6,41.80762516,-87.73567
2,327339,-1,30,0,0,0,1,12,3,-1,0,0,0,1,-1,-1,-1,0,0,2223,-1,-1,-1,-1,-1,-1,2,1,0,0,1,0,1,0,6,6,6,41.72147495,-87.63417671
0,327289,-1,25,0,0,0,1,0,5,2,0,0,0,0,-1,-1,-1,11,-1,2411,-1,-1,-1,-1,-1,-1,2,0,0,0,0,0,2,0,6,6,6,42.00797811,-87.69963206
0,327260,-1,30,0,0,0,1,10,5,4,0,0,0,0,-1,-1,-1,0,0,813,-1,-1,-1,-1,-1,-1,2,0,0,0,0,0,2,0,6,6,6,41.78765243,-87.74155975
0,327281,-1,30,2,2,0,1,10,3,4,0,0,0,0,1,-1,-1,0,-1,921,-1,-1,-1,-1,-1,-1,2,0,0,0,0,0,2,0,6,6,6,41.82302139,-87.68473353
1,327267,-1,30,1,2,0,1,14,2,-1,0,0,0,1,1,-1,-1,17,-1,1834,-1,-1,-1,-1,-1,-1,2,1,0,0,0,1,1,0,6,6,6,41.89096978,-87.62430764
0,327276,-1,30,1,2,0,1,12,2,6,0,0,0,0,-1,-1,-1,11,-1,824,-1,-1,-1,-1,-1,-1,2,0,0,0,0,0,2,0,5,6,6,41.79337566,-87.68388209