MOST_SEVERE_INJURY,RD_NO,CRASH_DATE_EST_I,POSTED_SPEED_LIMIT,TRAFFIC_CONTROL_DEVICE,DEVICE_CONDITION,WEATHER_CONDITION,LIGHTING_CONDITION,FIRST_CRASH_TYPE,TRAFFICWAY_TYPE,LANE_CNT,ALIGNMENT,ROADWAY_SURFACE_COND,ROAD_DEFECT,CRASH_TYPE,INTERSECTION_RELATED_I,NOT_RIGHT_OF_WAY_I,HIT_AND_RUN_I,PRIM_CONTRIBUTORY_CAUSE,SEC_CONTRIBUTORY_CAUSE,BEAT_OF_OCCURRENCE,PHOTOS_TAKEN_I,STATEMENTS_TAKEN_I,DOORING_I,WORK_ZONE_I,WORK_ZONE_TYPE,WORKERS_PRESENT_I,NUM_UNITS,INJURIES_TOTAL,INJURIES_FATAL,INJURIES_INCAPACITATING,INJURIES_NON_INCAPACITATING,INJURIES_REPORTED_NOT_EVIDENT,INJURIES_NO_INDICATION,INJURIES_UNKNOWN,CRASH_HOUR,CRASH_DAY_OF_WEEK,CRASH_MONTH,LATITUDE,LONGITUDE
0,327254,-1,30,0,0,0,2,10,5,-1,0,0,0,1,-1,-1,-1,33,33,2521,-1,-1,-1,-1,-1,-1,2,0,0,0,0,0,2,0,5,6,6,41.92443272,-87.74008558
0,327250,-1,30,1,2,0,1,10,3,6,0,0,0,0,-1,-1,-1,18,0,813,-1,-1,-1,-1,-1,-1,2,0,0,0,0,0,2,0,5,6,6,41.79289714,-87.74175259
0,327271,-1,30,0,0,0,1,0,5,1,0,0,0,0,-1,-1,-1,17,33,2515,-1,-1,-1,-1,-1,-1,2,0,0,0,0,0,2,0,5,6,6,41.92742503,-87.76133767
2,327234,-1,25,0,0,0,2,2,5,2,0,0,-1,1,-1,-1,-1,0,0,725,-1,-1,-1,-1,-1,-1,1,1,0,0,1,0,1,0,5,6,6,41.77212881,-87.66085375
0,327233,-1,30,0,0,0,3,12,5,2,0,0,0,0,-1,-1,-1,0,0,2413,-1,-1,-1,-1,-1,-1,2,0,0,0,0,0,2,0,4,6,6,41.99750371,-87.6965507
0,327232,-1,30,0,0,0,2,7,5,-1,0,0,0,0,-1,-1,1,-1,-1,1512,-1,-1,-1,-1,-1,-1,2,0,0,0,0,0,1,0,4,6,6,41.88243995,-87.76968866
2,327208,0,35,0,0,0,3,0,1,2,0,0,0,1,-1,-1,1,0,-1,1225,-1,-1,-1,-1,-1,-1,2,1,0,0,1,0,1,0,3,6,6,41.86673705,-87.68500692
0,327183,-1,30,0,0,0,3,12,5,4,0,0,0,0,-1,-1,-1,21,-1,1621,-1,-1,-1,-1,-1,-1,2,0,0,0,0,0,2,0,2,6,6,41.99719615,-87.76663285
0,327178,-1,30,1,2,0,3,10,5,4,0,0,0,0,-1,-1,1,14,18,1533,-1,-1,-1,-1,-1,-1,3,0,0,0,0,0,3,0,1,6,6,41.88060622,-87.74540229
0,329014,1,20,0,0,-1,0,7,6,-1,0,0,0,0,-1,-1,1,0,-1,524,-1,-1,-1,-1,-1,-1,2,0,0,0,0,0,1,0,1,6,6,41.68310348,-87.64637807
0,327170,-1,30,0,0,0,3,12,3,2,0,0,0,1,-1,-1,-1,27,27,834,-1,-1,-1,-1,-1,-1,2,0,0,0,0,0,2,0,1,6,6,41.74911293,-87.73742393
0,327147,-1,15,0,0,0,3,12,7,-1,0,0,0,0,-1,-1,-1,-1,-1,1633,-1,-1,-1,-1,-1,-1,2,0,0,0,0,0,2,0,1,6,6,41.94571656,-87.7666033
2,327397,1,30,1,-1,-1,0,0,5,6,0,-1,-1,1,1,-1,1,0,0,632,-1,-1,-1,-1,-1,-1,2,1,0,0,1,0,1,0,0,6,6,41.73620947,-87.62430552
0,327159,-1,30,1,2,0,0,12,2,-1,0,0,0,0,-1,-1,-1,22,0,522,-1,-1,-1,-1,-1,-1,2,0,0,0,0,0,2,0,0,6,6,41.69248223,-87.62805406
0,331945,1,25,-1,-1,-1,-1,7,5,-1,0,-1,-1,0,-1,-1,1,0,0,735,-1,-1,-1,-1,-1,-1,2,0,0,0,0,0,1,0,0,6,6,41.76471319,-87.67367849
0,327405,0,30,0,0,0,3,7,6,-1,0,0,0,0,-1,-1,1,0,0,1633,-1,-1,-1,-1,-1,-1,2,0,0,0,0,0,1,0,0,6,6,41.94100618,-87.78266342
2,327102,-1,35,1,2,0,3,10,2,4,0,0,0,1,-1,-1,-1,0,0,821,-1,-1,-1,-1,-1,-1,2,1,0,0,1,0,1,0,23,5,6,41.81905229,-87.72381922
0,327140,-1,30,0,0,0,3,12,5,-1,0,0,0,0,-1,-1,1,21,-1,1112,-1,-1,-1,-1,-1,-1,2,0,0,0,0,0,2,0,23,5,6,41.8952775,-87.72415549
0,327105,-1,30,0,0,0,3,0,5,2,0,0,0,1,1,-1,-1,17,-1,1134,-1,-1,-1,-1,-1,-1,2,0,0,0,0,0,2,0,23,5,6,41.86993116,-87.70756377
0,327086,-1,30,0,0,0,3,14,2,-1,0,0,0,0,-1,-1,-1,17,-1,923,-1,-1,-1,-1,-1,-1,2,0,0,0,0,0,2,0,23,5,6,41.79535678,-87.69765541
2,327108,-1,35,-1,-1,0,3,7,2,1,0,0,0,1,-1,-1,-1,7,-1,332,-1,-1,-1,-1,-1,-1,2,1,0,0,1,0,1,0,23,5,6,41.76965137,-87.57654072
0,328341,-1,25,0,0,0,3,10,2,2,0,0,0,0,-1,-1,-1,0,0,813,-1,-1,-1,-1,-1,-1,2,0,0,0,0,0,2,0,23,5,6,41.78932932,-87.74164564
0,327077,-1,15,0,0,0,3,12,12,1,0,0,0,0,-1,-1,-1,0,-1,2533,-1,-1,-1,-1,-1,-1,2,0,0,0,0,0,2,0,23,5,6,41.90968948,-87.74967071
0,327061,1,30,2,2,0,3,2,2,1,0,0,0,1,-1,-1,-1,12,-1,2232,-1,-1,-1,-1,-1,-1,1,0,0,0,0,0,1,0,23,5,6,41.71014429,-87.65158343
0,327089,-1,5,0,0,0,3,0,12,-1,0,0,0,0,-1,-1,-1,0,0,923,-1,-1,-1,-1,-1,-1,2,0,0,0,0,0,2,0,22,5,6,41.79535678,-87.69765541
0,327047,-1,30,1,2,0,0,0,5,2,0,0,0,1,1,-1,-1,6,0,1222,-1,-1,-1,-1,-1,-1,2,0,0,0,0,0,2,0,22,5,6,41.88254501,-87.70601811
0,327048,-1,30,3,0,0,3,7,5,2,0,0,0,0,-1,-1,1,16,11,1234,-1,-1,-1,-1,-1,-1,4,0,0,0,0,0,1,0,22,5,6,41.85238368,-87.66922546
0,327136,1,35,0,0,0,3,7,5,2,0,0,0,0,-1,-1,1,0,0,1112,-1,-1,-1,-1,-1,-1,2,0,0,0,0,0,1,0,22,5,6,41.89529208,-87.72234939
0,327085,-1,10,0,0,0,3,2,7,-1,0,0,0,1,-1,1,-1,16,-1,633,-1,-1,-1,-1,-1,-1,1,0,0,0,0,0,1,0,22,5,6,41.72199187,-87.61470981
0,327042,-1,30,0,0,0,3,12,5,4,0,0,0,1,1,-1,1,22,11,213,-1,-1,-1,-1,-1,-1,2,0,0,0,0,0,2,0,22,5,6,41.81838652,-87.61698991
2,327039,-1,30,0,0,0,3,8,2,8,0,0,0,1,1,-1,1,17,0,1211,-1,-1,-1,-1,-1,-1,2,1,0,0,1,0,2,0,22,5,6,41.89570453,-87.70221852
0,327064,-1,30,0,0,0,0,0,6,1,0,0,0,1,-1,-1,1,15,17,1222,-1,-1,-1,-1,-1,-1,2,0,0,0,0,0,4,0,22,5,6,41.88205901,-87.69408793
0,327036,-1,30,0,2,0,0,12,6,2,0,0,0,0,1,-1,-1,22,22,1831,-1,-1,-1,-1,-1,-1,2,0,0,0,0,0,2,0,22,5,6,41.88963425,-87.6297443
0,327491,-1,30,0,0,0,3,7,6,-1,0,-1,0,0,-1,-1,-1,7,7,2211,-1,-1,-1,-1,-1,-1,2,0,0,0,0,0,1,0,22,5,6,41.69153372,-87.69600909
2,327006,-1,40,0,12,0,3,10,3,8,3,0,0,1,-1,-1,-1,16,0,114,-1,1,-1,-1,-1,-1,2,1,0,0,1,0,2,0,21,5,6,41.88447427,-87.61356137
0,326978,-1,30,12,12,0,3,12,5,2,0,0,4,0,-1,-1,-1,28,21,1032,-1,-1,-1,1,0,-1,2,0,0,0,0,0,2,0,21,5,6,41.84346296,-87.7051564
2,326986,-1,30,1,2,0,3,0,5,-1,0,0,0,1,1,-1,-1,3,-1,1222,-1,-1,-1,-1,-1,-1,2,2,0,0,2,0,0,0,21,5,6,41.88658891,-87.70143365
0,327053,-1,35,1,2,0,3,14,5,-1,0,0,0,0,-1,-1,-1,17,17,1432,-1,-1,-1,-1,-1,-1,2,0,0,0,0,0,2,0,21,5,6,41.92449225,-87.67772114
0,327020,-1,30,1,2,0,3,10,2,-1,0,0,0,0,1,-1,-1,7,-1,813,-1,-1,-1,-1,-1,-1,2,0,0,0,0,0,3,0,21,5,6,41.77816536,-87.76159684
0,330727,-1,30,1,2,-1,-1,12,5,-1,0,-1,-1,0,1,-1,-1,0,-1,1911,-1,-1,-1,-1,-1,-1,2,0,0,0,0,0,2,0,21,5,6,41.96142061,-87.68882566
0,326928,-1,30,0,0,0,4,7,5,2,0,0,1,0,-1,-1,-1,20,-1,522,-1,-1,-1,-1,-1,-1,2,0,0,0,0,0,2,0,21,5,6,41.6866308,-87.62307383
0,326984,-1,30,0,0,0,0,7,5,-1,0,0,0,1,-1,-1,1,0,-1,2514,-1,-1,-1,-1,-1,-1,2,0,0,0,0,0,1,0,20,5,6,41.9385345,-87.76101248
2,326959,-1,30,1,-1,0,3,0,6,-1,0,0,0,1,1,-1,-1,6,-1,1832,-1,-1,-1,-1,-1,-1,2,1,0,0,1,0,1,0,20,5,6,41.89320754,-87.62984221
0,327073,-1,30,0,0,0,3,7,12,-1,0,0,0,0,-1,1,1,20,20,214,-1,-1,-1,-1,-1,-1,2,0,0,0,0,0,1,0,20,5,6,41.82374783,-87.61529192
0,327037,-1,30,0,0,0,3,7,12,-1,0,0,0,0,-1,-1,-1,0,-1,1651,-1,-1,-1,-1,-1,-1,2,0,0,0,0,0,2,0,20,5,6,41.97620114,-87.90530913
0,326961,-1,30,0,0,0,3,12,5,2,0,0,0,0,-1,-1,-1,22,0,1633,-1,-1,-1,-1,-1,-1,2,0,0,0,0,0,3,0,20,5,6,41.93854646,-87.77709262
0,327028,-1,30,0,0,0,2,7,5,2,0,0,0,0,-1,-1,1,-1,-1,932,-1,-1,-1,-1,-1,-1,2,0,0,0,0,0,1,0,20,5,6,41.80090987,-87.66856575
0,326979,-1,35,0,0,0,3,12,5,-1,0,0,0,0,-1,-1,-1,17,17,1923,-1,-1,-1,-1,-1,-1,2,0,0,0,0,0,2,0,20,5,6,41.95148844,-87.65978894
0,326885,-1,35,0,0,0,1,10,7,0,0,0,0,0,-1,1,-1,0,0,433,-1,-1,-1,-1,-1,-1,2,0,0,0,0,0,2,0,20,5,6,41.68085614,-87.5399566
0,328157,-1,30,-1,-1,0,4,12,5,3,0,-1,-1,1,-1,-1,-1,21,22,1411,-1,-1,-1,-1,-1,-1,2,0,0,0,0,0,3,0,20,5,6,41.9322054,-87.69767924
0,327296,-1,20,0,0,0,1,7,5,-1,0,0,0,0,-1,-1,1,0,0,1824,-1,-1,-1,-1,-1,-1,2,0,0,0,0,0,1,0,20,5,6,41.90537901,-87.63017455
0,326990,1,30,0,0,0,3,7,5,2,0,0,0,1,-1,-1,1,0,0,524,-1,-1,-1,-1,-1,-1,2,0,0,0,0,0,1,0,20,5,6,41.67105272,-87.65493957
0,326926,-1,30,0,0,0,1,10,5,3,0,0,-1,0,-1,-1,-1,0,0,511,-1,-1,-1,-1,-1,-1,2,0,0,0,0,0,4,0,20,5,6,41.72225727,-87.58527557
0,326878,-1,30,1,2,0,1,12,5,-1,0,0,0,0,-1,-1,-1,0,-1,915,-1,-1,-1,-1,-1,-1,2,0,0,0,0,0,3,0,20,5,6,41.83069534,-87.64625092
0,326893,-1,30,2,2,0,1,8,2,2,0,0,0,0,-1,-1,-1,16,-1,1433,-1,-1,-1,-1,-1,-1,2,0,0,0,0,0,1,0,19,5,6,41.91618612,-87.67013494
0,326906,-1,30,0,0,0,1,7,5,2,0,0,0,0,-1,-1,-1,11,0,924,-1,-1,-1,-1,-1,-1,2,0,0,0,0,0,1,0,19,5,6,41.81055477,-87.6633811
0,338615,-1,5,0,0,0,4,7,7,1,0,0,0,0,-1,-1,-1,23,0,114,-1,-1,-1,-1,-1,-1,2,0,0,0,0,0,1,0,19,5,6,41.8826705,-87.62424154
0,330523,-1,30,0,0,0,4,5,2,-1,0,0,1,0,-1,-1,-1,0,-1,211,-1,-1,-1,-1,-1,-1,1,0,0,0,0,0,1,0,19,5,6,41.83119713,-87.61871094
1,327157,-1,15,0,0,0,1,9,6,-1,0,0,0,1,-1,-1,1,20,-1,2412,-1,-1,-1,-1,-1,-1,2,1,0,0,0,1,1,0,19,5,6,41.99808736,-87.68760379
0,327059,-1,5,0,0,12,3,7,7,0,0,0,0,0,-1,1,1,0,-1,114,-1,-1,-1,-1,-1,-1,2,0,0,0,0,0,1,0,19,5,6,41.8826705,-87.62424154
2,326854,-1,30,0,0,0,1,9,5,2,0,0,0,1,-1,-1,1,20,0,1511,-1,-1,-1,-1,-1,-1,2,1,0,0,1,0,1,0,19,5,6,41.90191635,-87.77345013
0,327328,-1,30,0,0,0,1,7,6,2,0,0,0,0,-1,-1,-1,-1,-1,2032,-1,-1,-1,-1,-1,-1,2,0,0,0,0,0,2,0,19,5,6,41.97516155,-87.6683554
0,329316,1,30,0,0,0,1,7,6,-1,0,0,0,0,-1,-1,1,11,-1,2023,-1,-1,-1,-1,-1,-1,2,0,0,0,0,0,1,0,19,5,6,41.98145947,-87.65780809
0,326922,-1,30,2,2,0,1,0,2,2,0,0,0,1,1,-1,-1,17,-1,1214,-1,-1,-1,-1,-1,-1,2,0,0,0,0,0,3,0,19,5,6,41.8900779,-87.64775609
0,326921,-1,30,0,0,0,4,10,5,-1,0,0,0,0,-1,-1,-1,-1,-1,822,-1,-1,-1,-1,-1,-1,2,0,0,0,0,0,2,0,19,5,6,41.7896241,-87.72291522
0,326847,-1,30,-1,-1,0,1,10,6,-1,0,0,-1,0,-1,-1,-1,0,-1,2512,-1,-1,-1,-1,-1,-1,2,0,0,0,0,0,2,0,19,5,6,41.91992926,-87.80443852
0,326824,-1,30,1,2,0,1,0,5,4,0,0,0,1,1,-1,-1,0,-1,312,-1,-1,-1,-1,-1,-1,2,0,0,0,0,0,3,0,19,5,6,41.78031747,-87.60607456
2,326837,-1,30,0,0,0,1,10,5,2,0,0,0,1,-1,-1,-1,18,-1,1524,-1,-1,-1,-1,-1,-1,3,1,0,0,1,0,3,0,19,5,6,41.89496518,-87.76530729
0,326857,-1,30,1,2,0,1,14,5,2,0,0,0,0,-1,-1,-1,21,4,114,-1,-1,-1,-1,-1,-1,2,0,0,0,0,0,2,0,19,5,6,41.86762343,-87.6203324
0,328147,-1,30,0,0,0,1,10,5,2,0,0,0,0,-1,-1,-1,0,0,1523,-1,-1,-1,-1,-1,-1,2,0,0,0,0,0,5,0,19,5,6,41.88245702,-87.75528984
0,326886,-1,30,1,2,0,1,12,2,4,0,0,0,0,1,-1,-1,22,0,1831,-1,-1,-1,-1,-1,-1,2,0,0,0,0,0,2,0,19,5,6,41.89166377,-87.63688636
0,327016,-1,30,0,0,0,1,10,5,-1,0,0,0,0,-1,-1,1,0,0,632,-1,-1,-1,-1,-1,-1,2,0,0,0,0,0,2,0,18,5,6,41.73620947,-87.62430552
0,326782,-1,40,1,2,0,1,10,3,9,0,0,3,0,1,-1,-1,0,0,1833,-1,-1,-1,-1,-1,-1,2,0,0,0,0,0,2,0,18,5,6,41.89680497,-87.61702742
0,326812,-1,30,0,0,0,1,7,3,-1,0,0,0,0,-1,-1,-1,0,0,122,-1,-1,-1,-1,-1,-1,2,0,0,0,0,0,2,0,18,5,6,41.88195188,-87.63662035
0,328583,-1,30,2,2,-1,-1,10,5,2,0,-1,-1,0,-1,-1,-1,-1,-1,1914,-1,-1,-1,-1,-1,-1,3,0,0,0,0,0,4,0,18,5,6,41.9653643,-87.65190798
0,326858,1,30,1,-1,0,3,14,3,5,0,0,0,1,-1,-1,-1,0,0,122,-1,-1,-1,-1,-1,-1,2,0,0,0,0,0,2,0,18,5,6,41.87931428,-87.63713818
1,327605,-1,20,0,0,0,1,8,2,4,0,0,0,1,-1,-1,1,17,-1,1214,-1,-1,-1,-1,-1,-1,2,1,0,0,0,1,1,0,18,5,6,41.89129371,-87.64768059
0,326768,-1,35,0,0,0,1,10,2,4,0,0,0,0,-1,-1,-1,16,18,1235,-1,-1,-1,-1,-1,-1,3,0,0,0,0,0,3,0,18,5,6,41.8502353,-87.66586416
0,326964,-1,30,1,2,0,1,7,6,-1,0,0,0,0,-1,-1,-1,-1,-1,612,-1,-1,-1,-1,-1,-1,2,0,0,0,0,0,1,0,18,5,6,41.74919012,-87.6562762
0,326753,-1,10,2,2,0,1,0,7,-1,0,0,0,1,-1,-1,1,5,-1,2512,-1,-1,-1,-1,-1,-1,2,0,0,0,0,0,5,0,18,5,6,41.93083392,-87.78913379
0,334345,-1,30,0,0,-1,4,7,6,1,0,-1,-1,0,-1,-1,-1,0,-1,1923,-1,-1,-1,-1,-1,-1,2,0,0,0,0,0,1,0,18,5,6,41.95061074,-87.66304793
0,327052,-1,30,0,0,0,1,7,5,2,0,0,0,0,-1,-1,1,0,-1,1634,-1,-1,-1,-1,-1,-1,2,0,0,0,0,0,1,0,18,5,6,41.93977864,-87.75657927
0,326822,-1,30,0,0,0,1,7,5,-1,0,0,0,0,-1,-1,-1,0,0,612,-1,-1,-1,-1,-1,-1,2,0,0,0,0,0,1,0,18,5,6,41.75406386,-87.65276551
0,326796,-1,30,0,0,0,1,5,7,-1,0,0,12,0,-1,1,-1,0,-1,1424,-1,-1,-1,-1,-1,-1,1,0,0,0,0,0,1,0,18,5,6,41.91035992,-87.67834646
0,326794,-1,30,1,2,0,1,10,5,-1,0,0,0,0,-1,-1,1,18,0,1115,-1,0,-1,-1,-1,-1,2,0,0,0,0,0,2,0,18,5,6,41.88147155,-87.72583815
0,326779,-1,30,1,2,0,1,14,12,0,0,0,0,1,1,-1,-1,6,-1,1222,-1,-1,-1,-1,-1,-1,2,0,0,0,0,0,2,0,18,5,6,41.8812705,-87.68653594
0,330329,-1,10,0,0,0,1,7,7,-1,0,0,0,0,-1,-1,1,0,0,1733,-1,-1,-1,-1,-1,-1,2,0,0,0,0,0,1,0,18,5,6,41.95176082,-87.70291832
0,326746,-1,10,0,0,0,1,5,0,1,0,0,0,0,-1,1,-1,15,-1,811,-1,-1,-1,-1,-1,-1,1,0,0,0,0,0,1,0,18,5,6,41.79304987,-87.77437129
0,326710,-1,30,3,2,0,1,10,5,2,0,0,0,0,-1,-1,-1,0,0,1914,-1,-1,-1,-1,-1,-1,2,0,0,0,0,0,4,0,17,5,6,41.96903134,-87.65100683
0,326716,-1,30,0,0,0,1,0,5,6,0,0,0,1,-1,-1,-1,17,4,1434,-1,-1,-1,-1,-1,-1,2,0,0,0,0,0,5,0,17,5,6,41.91085908,-87.68738218
0,367338,-1,25,0,-1,-1,-1,12,3,-1,0,-1,-1,0,-1,-1,-1,22,0,1834,-1,-1,-1,-1,-1,-1,2,0,0,0,0,0,2,0,17,5,6,41.89097123,-87.62427695
0,326714,-1,30,0,0,0,1,7,6,1,0,0,0,1,-1,-1,-1,7,7,322,-1,-1,-1,-1,-1,-1,2,0,0,0,0,0,2,0,17,5,6,41.76598295,-87.62026766
0,326760,-1,30,0,0,0,1,7,6,1,0,0,0,0,-1,-1,-1,22,0,1921,-1,-1,-1,-1,-1,-1,2,0,0,0,0,0,2,0,17,5,6,41.93953118,-87.6854766
0,326759,-1,30,0,0,0,1,2,3,1,0,0,0,0,-1,1,-1,0,0,114,-1,-1,-1,-1,-1,-1,1,0,0,0,0,0,1,0,17,5,6,41.88661753,-87.61867167
0,326709,-1,30,1,2,0,1,14,5,-1,0,0,0,0,-1,-1,-1,-1,-1,1834,-1,-1,-1,-1,-1,-1,2,0,0,0,0,0,2,0,17,5,6,41.89344553,-87.62042258
0,326683,-1,30,0,0,0,1,7,6,1,0,0,12,1,-1,-1,1,0,-1,1533,-1,-1,-1,-1,-1,-1,3,0,0,0,0,0,1,0,17,5,6,41.87754752,-87.74785386
0,326784,-1,30,0,0,0,1,12,2,4,0,0,0,0,-1,-1,1,0,0,1621,-1,-1,-1,-1,-1,-1,2,0,0,0,0,0,2,0,17,5,6,42.01189233,-87.78187007
0,326676,-1,30,0,0,0,1,0,5,2,0,0,0,0,-1,-1,-1,20,18,2432,-1,-1,-1,-1,-1,-1,2,0,0,0,0,0,2,0,17,5,6,42.00066117,-87.6633307
0,326742,-1,30,1,2,0,1,10,2,-1,0,0,0,0,-1,-1,1,18,-1,2213,-1,-1,-1,-1,-1,-1,2,0,0,0,0,0,2,0,17,5,6,41.72005515,-87.68188974
0,326778,-1,25,0,0,0,1,7,6,1,0,0,0,0,-1,-1,-1,0,0,2424,-1,-1,-1,-1,-1,-1,2,0,0,0,0,0,2,0,17,5,6,42.00855801,-87.67518203
2,326681,-1,30,1,2,0,1,8,5,2,0,0,-1,1,1,-1,1,0,16,723,-1,-1,-1,-1,-1,-1,2,1,0,0,1,0,1,0,17,5,6,41.77417985,-87.64486858
0,326764,-1,30,0,0,0,1,10,5,2,0,0,0,0,1,-1,-1,0,0,613,-1,-1,-1,-1,-1,-1,2,0,0,0,0,0,2,0,17,5,6,41.74690461,-87.64407715
0,326696,-1,30,1,2,0,1,12,5,2,0,0,0,0,1,-1,1,22,-1,1831,-1,-1,-1,-1,-1,-1,2,0,0,0,0,0,2,0,17,5,6,41.88995297,-87.62815688
0,326773,-1,30,2,2,0,1,7,5,4,0,0,0,0,1,-1,-1,21,0,1223,-1,-1,-1,-1,-1,-1,2,0,0,0,0,0,1,0,17,5,6,41.87878497,-87.68049098
0,326680,-1,10,0,0,0,1,7,7,-1,0,0,0,1,-1,-1,-1,0,0,2221,-1,-1,-1,-1,-1,-1,2,0,0,0,0,0,2,0,17,5,6,41.72175828,-87.66254861
2,326649,-1,30,1,2,0,1,14,5,-1,0,0,0,1,-1,-1,-1,0,0,212,-1,-1,-1,-1,-1,-1,2,1,0,0,1,0,2,0,17,5,6,-1,-1
0,326658,-1,30,0,0,0,1,0,6,1,0,0,0,0,-1,-1,-1,17,-1,2534,-1,-1,-1,-1,-1,-1,2,0,0,0,0,0,2,0,17,5,6,41.90931771,-87.73125811
0,326671,-1,30,0,0,0,1,7,6,1,0,0,0,0,-1,-1,1,25,25,431,-1,1,-1,-1,-1,-1,2,0,0,0,0,0,1,0,17,5,6,41.71252323,-87.55246257
0,333451,-1,50,0,0,0,1,12,6,-1,0,0,0,0,-1,-1,1,21,-1,124,-1,-1,-1,-1,-1,-1,2,0,0,0,0,0,3,0,17,5,6,41.87540668,-87.64092209
0,328032,-1,10,0,0,0,1,7,5,-1,0,0,0,0,-1,-1,1,0,19,1722,-1,-1,-1,-1,-1,-1,2,0,0,0,0,0,1,0,17,5,6,41.95816396,-87.72949185
0,326738,-1,20,0,0,0,1,7,6,1,0,0,-1,0,-1,-1,1,-1,-1,2413,-1,-1,-1,-1,-1,-1,2,0,0,0,0,0,1,0,17,5,6,41.99708986,-87.69581476
0,326734,1,30,0,0,0,1,12,5,-1,0,0,0,0,-1,-1,-1,17,-1,2433,-1,-1,-1,-1,-1,-1,2,0,0,0,0,0,2,0,17,5,6,41.99124796,-87.65527345
0,326728,-1,30,0,0,0,1,7,6,-1,0,0,0,0,-1,-1,1,-1,-1,921,-1,-1,-1,-1,-1,-1,2,0,0,0,0,0,1,0,17,5,6,41.81641194,-87.69185524
0,326688,-1,30,0,0,0,1,11,0,-1,0,0,0,0,-1,-1,-1,12,-1,1133,-1,-1,-1,-1,-1,-1,2,0,0,0,0,0,2,0,17,5,6,41.87192037,-87.71122303
0,326687,-1,30,0,0,0,1,12,5,2,0,0,0,0,-1,-1,-1,22,0,2411,-1,-1,-1,-1,-1,-1,2,0,0,0,0,0,2,0,17,5,6,42.01937669,-87.68482733
0,326673,-1,10,0,0,0,1,10,7,0,0,0,0,0,-1,-1,-1,20,-1,124,-1,-1,-1,-1,-1,-1,2,0,0,0,0,0,2,0,17,5,6,41.86714316,-87.63929317
0,327101,-1,30,0,0,0,1,7,5,2,0,0,0,0,-1,-1,1,22,-1,234,-1,-1,-1,-1,-1,-1,2,0,0,0,0,0,1,0,16,5,6,41.79916946,-87.58922919
0,326666,-1,30,2,0,0,1,14,12,0,0,0,0,1,-1,-1,1,17,-1,821,-1,-1,-1,-1,-1,-1,2,0,0,0,0,0,5,0,16,5,6,41.80807305,-87.71629641
0,326699,-1,30,2,2,0,1,0,5,2,0,0,0,0,-1,-1,1,18,18,234,-1,-1,-1,-1,-1,-1,2,0,0,0,0,0,7,0,16,5,6,41.7965435,-87.58105026
0,326637,-1,30,0,0,0,1,10,5,2,0,0,0,1,-1,-1,-1,25,18,323,-1,-1,-1,-1,-1,-1,3,0,0,0,0,0,4,0,16,5,6,41.76008369,-87.61530703
0,326646,-1,30,0,0,0,1,3,5,-1,0,-1,-1,0,-1,-1,-1,20,-1,924,-1,-1,-1,-1,-1,-1,2,0,0,0,0,0,5,0,16,5,6,41.82317241,-87.65607059
0,326604,-1,30,2,2,0,1,11,5,-1,0,0,-1,1,1,-1,-1,16,15,321,-1,-1,-1,-1,-1,-1,2,0,0,0,0,0,5,0,16,5,6,41.77332281,-87.59841518
0,326692,-1,30,1,2,0,1,14,5,2,0,0,-1,0,-1,-1,-1,17,0,1122,-1,-1,-1,-1,-1,-1,2,0,0,0,0,0,6,0,16,5,6,41.8893637,-87.72087221
0,336575,0,30,0,0,0,1,7,7,-1,0,0,0,0,-1,-1,1,0,-1,1414,-1,-1,-1,-1,-1,-1,2,0,0,0,0,0,1,0,16,5,6,41.92694073,-87.70713583
0,328099,-1,30,1,2,0,1,14,2,4,0,0,0,0,1,-1,-1,33,17,211,-1,-1,-1,-1,-1,-1,2,0,0,0,0,0,2,0,16,5,6,41.83821029,-87.62692174
0,326770,-1,35,1,2,0,1,14,2,-1,0,0,0,0,-1,-1,-1,16,-1,133,-1,-1,-1,-1,-1,-1,2,0,0,0,0,0,2,0,16,5,6,41.83837604,-87.62972279
0,326664,-1,30,0,0,0,1,12,5,2,0,0,0,0,-1,-1,-1,0,-1,1424,-1,-1,-1,-1,-1,-1,2,0,0,0,0,0,3,0,16,5,6,41.90371796,-87.66727393
1,326626,-1,15,0,0,0,1,7,0,1,0,0,0,1,-1,-1,-1,0,0,1125,-1,-1,-1,-1,-1,-1,2,1,0,0,0,1,3,0,16,5,6,41.88031371,-87.69232977
0,326603,-1,30,2,2,0,1,0,2,2,0,0,0,1,1,-1,-1,17,-1,2211,-1,-1,-1,-1,-1,-1,2,0,0,0,0,0,2,0,16,5,6,41.69855968,-87.71831594
0,326594,-1,35,0,0,0,1,14,3,-1,0,0,0,0,-1,-1,-1,23,-1,131,-1,-1,-1,-1,-1,-1,2,0,0,0,0,0,3,0,16,5,6,41.85298026,-87.62564847
0,326820,-1,30,0,0,0,1,10,-1,4,0,0,0,0,-1,-1,-1,11,0,1623,-1,-1,-1,-1,-1,-1,2,0,0,0,0,0,2,0,16,5,6,41.96893861,-87.74793505
0,326580,-1,35,0,0,0,1,0,2,4,0,0,0,1,-1,-1,-1,21,16,1111,-1,-1,-1,-1,-1,-1,3,0,0,0,0,0,3,0,16,5,6,41.90234373,-87.73966464
0,326686,-1,30,1,2,0,1,14,5,2,0,0,0,1,1,-1,1,6,-1,1235,-1,-1,-1,-1,-1,-1,2,0,0,0,0,0,2,0,16,5,6,41.85255103,-87.6585632