MOST_SEVERE_INJURY,RD_NO,CRASH_DATE_EST_I,POSTED_SPEED_LIMIT,TRAFFIC_CONTROL_DEVICE,DEVICE_CONDITION,WEATHER_CONDITION,LIGHTING_CONDITION,FIRST_CRASH_TYPE,TRAFFICWAY_TYPE,LANE_CNT,ALIGNMENT,ROADWAY_SURFACE_COND,ROAD_DEFECT,CRASH_TYPE,INTERSECTION_RELATED_I,NOT_RIGHT_OF_WAY_I,HIT_AND_RUN_I,PRIM_CONTRIBUTORY_CAUSE,SEC_CONTRIBUTORY_CAUSE,BEAT_OF_OCCURRENCE,PHOTOS_TAKEN_I,STATEMENTS_TAKEN_I,DOORING_I,WORK_ZONE_I,WORK_ZONE_TYPE,WORKERS_PRESENT_I,NUM_UNITS,INJURIES_TOTAL,INJURIES_FATAL,INJURIES_INCAPACITATING,INJURIES_NON_INCAPACITATING,INJURIES_REPORTED_NOT_EVIDENT,INJURIES_NO_INDICATION,INJURIES_UNKNOWN,CRASH_HOUR,CRASH_DAY_OF_WEEK,CRASH_MONTH,LATITUDE,LONGITUDE
0,326615,-1,30,0,0,0,1,0,5,2,0,0,0,0,-1,-1,1,0,0,1223,-1,-1,-1,-1,-1,-1,2,0,0,0,0,0,2,0,16,5,6,41.88127458,-87.68623396
0,337217,-1,25,0,0,0,1,7,5,-1,0,0,0,0,-1,-1,-1,20,-1,1612,-1,-1,-1,-1,-1,-1,2,0,0,0,0,0,3,0,16,5,6,41.99550191,-87.80684325
0,326663,-1,25,0,0,0,1,0,2,4,0,0,0,0,-1,-1,-1,0,0,821,-1,-1,-1,-1,-1,-1,2,0,0,0,0,0,2,0,16,5,6,41.80223147,-87.72327483
0,326632,-1,30,1,2,0,1,12,5,-1,0,0,0,0,-1,-1,-1,21,21,131,-1,-1,-1,-1,-1,-1,2,0,0,0,0,0,2,0,16,5,6,41.86593147,-87.6272401
0,326555,-1,30,0,0,0,1,10,5,2,0,0,0,0,-1,-1,-1,0,-1,1723,-1,-1,-1,-1,-1,-1,3,0,0,0,0,0,3,0,16,5,6,41.96088379,-87.72400937
0,326570,-1,30,1,2,0,1,10,6,2,0,0,0,0,-1,-1,-1,-1,-1,2234,-1,-1,-1,-1,-1,-1,3,0,0,0,0,0,5,0,16,5,6,-1,-1
0,326557,-1,35,1,2,0,1,10,2,4,0,0,0,0,1,-1,-1,16,-1,812,-1,-1,-1,-1,-1,-1,2,0,0,0,0,0,2,0,16,5,6,41.77664697,-87.80073289
0,326874,-1,20,0,0,0,1,7,5,-1,0,0,0,0,-1,-1,-1,-1,-1,1933,-1,-1,-1,-1,-1,-1,2,0,0,0,0,0,1,0,16,5,6,41.93814845,-87.65754789
0,326627,-1,30,1,2,0,1,10,5,-1,0,0,0,0,-1,-1,1,18,18,1614,-1,-1,-1,-1,-1,-1,2,0,0,0,0,0,5,0,16,5,6,41.98627598,-87.83652226
0,360863,-1,30,1,2,0,1,0,5,-1,0,0,0,0,-1,-1,-1,17,-1,1931,-1,-1,-1,-1,-1,-1,2,0,0,0,0,0,2,0,16,5,6,41.92524665,-87.6692521
0,329569,-1,30,0,0,0,1,10,2,-1,0,0,0,1,-1,-1,1,-1,-1,815,-1,-1,-1,-1,-1,-1,2,0,0,0,0,0,2,0,16,5,6,41.80031303,-87.7331308
0,329110,-1,0,0,0,0,1,2,2,4,0,0,0,0,-1,-1,-1,0,-1,1214,-1,-1,-1,-1,-1,-1,1,0,0,0,0,0,1,0,16,5,6,41.89117273,-87.65894797
0,326827,-1,30,1,0,0,1,10,3,-1,0,0,0,0,1,-1,-1,0,0,1834,-1,-1,-1,-1,-1,-1,2,0,0,0,0,0,2,0,16,5,6,41.89569797,-87.62441718
0,326732,-1,15,0,0,0,1,5,0,-1,0,0,0,0,-1,1,1,0,0,1414,-1,-1,-1,-1,-1,-1,1,0,0,0,0,0,1,0,16,5,6,41.9235564,-87.6975282
0,326682,-1,30,1,2,0,1,14,2,2,0,0,0,0,1,-1,-1,6,0,323,-1,-1,-1,-1,-1,-1,2,0,0,0,0,0,2,0,16,5,6,41.76014038,-87.61530877
1,326606,-1,30,0,0,0,1,14,5,2,0,0,0,1,-1,-1,-1,33,11,1921,-1,-1,-1,-1,-1,-1,2,1,0,0,0,1,1,0,16,5,6,41.95392015,-87.68730791
0,326558,-1,30,0,0,0,1,7,6,1,0,0,0,1,-1,-1,0,8,25,612,-1,-1,-1,-1,-1,-1,4,0,0,0,0,0,3,0,15,5,6,41.75518919,-87.65007453
0,326573,-1,30,1,2,0,1,14,5,-1,0,0,0,0,-1,-1,-1,17,21,324,-1,-1,-1,-1,-1,-1,2,0,0,0,0,0,2,0,15,5,6,41.76269525,-87.58569184
1,326651,-1,30,1,2,0,1,10,5,-1,0,0,0,1,-1,-1,-1,18,-1,1031,-1,-1,-1,-1,-1,-1,3,1,0,0,0,1,2,0,15,5,6,41.83669678,-87.73107269
1,326600,-1,30,1,2,0,1,10,5,-1,0,0,0,1,-1,-1,-1,18,0,912,-1,-1,-1,-1,-1,-1,2,1,0,0,0,1,1,0,15,5,6,41.82339041,-87.67194449
0,326533,-1,30,0,0,0,1,9,5,-1,0,0,0,0,1,-1,-1,0,-1,915,-1,-1,-1,-1,-1,-1,2,0,0,0,0,0,2,0,15,5,6,41.83262313,-87.63533314
1,326583,-1,30,2,2,0,1,0,12,0,0,0,0,1,1,-1,-1,17,0,1633,-1,-1,-1,-1,-1,-1,2,1,0,0,0,1,1,0,15,5,6,41.94323992,-87.76681184
0,326542,-1,30,2,2,0,1,0,5,4,0,0,0,0,1,-1,-1,17,0,912,-1,-1,-1,-1,-1,-1,2,0,0,0,0,0,3,0,15,5,6,41.82840746,-87.68425711
0,326536,-1,30,0,0,0,1,10,5,2,0,0,0,0,-1,-1,-1,18,-1,1611,-1,-1,-1,-1,-1,-1,2,0,0,0,0,0,2,0,15,5,6,41.99750974,-87.78291482
0,326539,-1,30,1,2,0,1,2,5,2,0,0,0,0,1,-1,-1,27,0,1921,-1,-1,-1,-1,-1,-1,1,0,0,0,0,0,1,0,15,5,6,41.94325853,-87.67860138
0,334161,-1,35,1,2,0,1,14,5,-1,0,0,-1,0,-1,-1,-1,0,-1,924,-1,-1,-1,-1,-1,-1,2,0,0,0,0,0,3,0,15,5,6,41.80861852,-87.67481801
0,327567,-1,30,0,0,0,1,10,5,4,0,0,0,0,-1,-1,-1,18,-1,834,-1,-1,-1,-1,-1,-1,2,0,0,0,0,0,3,0,15,5,6,41.73504969,-87.71669832
0,327021,-1,25,0,0,0,1,7,2,4,0,0,3,0,-1,-1,-1,0,0,215,-1,-1,-1,-1,-1,-1,2,0,0,0,0,0,1,0,15,5,6,41.81583014,-87.62722444
0,326679,1,25,0,0,0,1,7,5,2,0,0,0,0,-1,-1,1,20,-1,1111,-1,-1,-1,-1,-1,-1,2,0,0,0,0,0,1,0,15,5,6,41.89159174,-87.73268743
0,326584,-1,30,0,0,-1,-1,7,5,4,0,-1,0,0,-1,-1,1,0,0,433,-1,-1,-1,-1,-1,-1,2,0,0,0,0,0,1,0,15,5,6,41.68860173,-87.54024629
0,326523,-1,30,0,0,0,1,12,5,2,0,0,0,0,-1,-1,-1,17,-1,1723,-1,-1,-1,-1,-1,-1,2,0,0,0,0,0,2,0,15,5,6,41.95384613,-87.72170718
3,326498,-1,30,0,0,0,1,0,5,2,0,0,-1,1,1,-1,-1,17,0,1011,-1,-1,-1,-1,-1,-1,3,3,0,1,0,2,4,0,15,5,6,41.86604576,-87.72632496
0,326519,-1,20,0,0,0,1,7,6,1,0,-1,-1,0,-1,-1,-1,0,0,2413,-1,-1,-1,-1,-1,-1,2,0,0,0,0,0,1,0,15,5,6,41.99755993,-87.69461329
0,327453,-1,30,2,2,0,1,14,5,2,0,0,0,0,1,-1,-1,0,-1,832,-1,-1,-1,-1,-1,-1,2,0,0,0,0,0,2,0,15,5,6,41.76820908,-87.68563606
0,326521,-1,30,0,0,0,1,12,2,2,0,0,0,0,-1,-1,-1,17,-1,2221,-1,-1,-1,-1,-1,-1,2,0,0,0,0,0,4,0,15,5,6,41.73565681,-87.66488546
0,326489,-1,30,0,0,0,1,10,5,-1,0,0,0,0,-1,-1,1,18,-1,1031,-1,-1,-1,-1,-1,-1,2,0,0,0,0,0,2,0,15,5,6,41.83691323,-87.7314113
0,326501,-1,30,2,2,0,1,0,12,3,0,0,0,1,-1,-1,-1,0,-1,1232,-1,-1,-1,-1,-1,-1,2,0,0,0,0,0,2,0,15,5,6,41.87800007,-87.65068756
0,336466,-1,25,0,0,0,1,10,2,4,0,0,0,0,-1,-1,1,0,0,911,-1,-1,-1,-1,-1,-1,2,0,0,0,0,0,2,0,15,5,6,41.82587915,-87.68523087
0,327409,-1,30,1,2,0,1,10,2,-1,0,0,0,0,-1,-1,-1,0,-1,1413,-1,-1,-1,-1,-1,-1,2,0,0,0,0,0,2,0,15,5,6,41.92106188,-87.70724278
1,326705,-1,30,0,0,0,1,10,6,-1,0,0,0,1,1,-1,-1,18,-1,314,-1,-1,-1,-1,-1,-1,2,1,0,0,0,1,1,0,15,5,6,41.78057784,-87.60103945
0,326668,-1,30,0,0,0,1,7,5,2,0,0,0,0,-1,-1,1,0,-1,1731,-1,-1,-1,-1,-1,-1,2,0,0,0,0,0,1,0,15,5,6,41.94636354,-87.7368138
0,326548,-1,30,2,12,0,1,0,5,2,0,0,0,0,1,-1,-1,0,-1,1224,-1,-1,-1,-1,-1,-1,2,0,0,0,0,0,2,0,15,5,6,41.88554521,-87.65111968
0,326532,-1,30,0,0,0,1,10,5,-1,0,0,0,0,-1,-1,-1,-1,-1,833,-1,-1,-1,-1,-1,-1,2,0,0,0,0,0,3,0,15,5,6,41.7710448,-87.74190563
0,326556,-1,30,2,2,0,1,14,5,2,0,0,0,0,-1,-1,1,-1,-1,1432,-1,-1,-1,-1,-1,-1,2,0,0,0,0,0,2,0,14,5,6,41.92672405,-87.68010808
0,326567,-1,30,0,0,0,1,7,5,2,0,0,0,0,-1,-1,1,0,-1,1113,-1,-1,-1,-1,-1,-1,2,0,0,0,0,0,1,0,14,5,6,41.88324865,-87.74441765
0,326480,-1,25,0,0,0,1,0,2,2,0,0,0,0,-1,-1,-1,0,0,832,-1,-1,-1,-1,-1,-1,2,0,0,0,0,0,2,0,14,5,6,41.76409854,-87.68337319
0,326589,-1,30,0,0,0,1,10,6,-1,0,0,-1,0,-1,-1,1,0,0,2533,-1,-1,-1,-1,-1,-1,2,0,0,0,0,0,2,0,14,5,6,41.90718903,-87.75235791
0,326464,-1,30,1,2,0,1,10,5,-1,0,0,0,0,-1,-1,-1,0,-1,1124,-1,-1,-1,-1,-1,-1,2,0,0,0,0,0,2,0,14,5,6,41.87916132,-87.70100604
0,326451,-1,30,0,0,0,1,10,5,2,0,0,0,0,-1,-1,-1,18,-1,1623,-1,-1,-1,-1,-1,-1,2,0,0,0,0,0,2,0,14,5,6,41.9681014,-87.75074784
0,326441,-1,20,0,0,0,1,7,4,-1,0,0,-1,0,-1,1,1,20,20,1135,-1,-1,-1,-1,-1,-1,2,0,0,0,0,0,1,0,14,5,6,41.87375691,-87.68831421
0,326411,-1,30,0,0,0,1,7,7,-1,0,0,0,0,-1,-1,-1,0,0,912,-1,-1,-1,-1,-1,-1,2,0,0,0,0,0,1,0,14,5,6,41.83461378,-87.67052943
0,326428,-1,30,1,2,0,1,12,5,2,0,0,-1,0,-1,-1,-1,21,-1,1113,-1,-1,-1,-1,-1,-1,2,0,0,0,0,0,3,0,14,5,6,41.88017431,-87.7451196
0,326445,-1,30,2,2,0,1,14,2,4,0,0,0,1,1,-1,-1,5,-1,1221,-1,-1,-1,-1,-1,-1,3,0,0,0,0,0,2,0,14,5,6,41.89030628,-87.6770408
0,326865,-1,30,0,0,0,1,7,-1,2,0,0,-1,0,-1,-1,1,20,0,2512,-1,-1,-1,-1,-1,-1,2,0,0,0,0,0,2,0,14,5,6,41.92477163,-87.80456226
0,326814,-1,30,2,2,0,1,5,5,2,0,0,1,0,-1,-1,-1,-1,-1,422,-1,-1,-1,-1,-1,-1,1,0,0,0,0,0,1,0,14,5,6,41.75191288,-87.54941725
0,326614,-1,30,1,2,0,1,2,3,2,0,0,0,0,1,1,1,0,0,1433,-1,0,-1,-1,-1,-1,1,0,0,0,0,0,2,0,14,5,6,41.91046909,-87.66754063
0,326524,-1,30,0,0,0,1,7,6,1,0,0,0,0,-1,-1,-1,0,0,1633,-1,-1,-1,-1,-1,-1,2,0,0,0,0,0,1,0,14,5,6,41.95115743,-87.7722465
0,326479,-1,30,0,0,0,1,10,5,1,0,0,0,0,-1,-1,-1,20,20,1432,-1,-1,-1,-1,-1,-1,2,0,0,0,0,0,2,0,14,5,6,41.93142633,-87.6865043
3,326470,-1,30,-1,-1,0,-1,9,-1,-1,0,0,-1,1,-1,-1,-1,0,0,1834,-1,-1,-1,1,2,1,2,1,0,1,0,0,1,0,14,5,6,41.88936014,-87.62413833
0,326434,-1,30,2,2,0,1,10,5,-1,0,0,-1,0,1,-1,-1,0,11,1813,-1,-1,-1,-1,-1,-1,2,0,0,0,0,0,2,0,14,5,6,41.91805519,-87.6435135
0,326739,-1,30,0,0,0,1,0,7,-1,0,0,-1,0,-1,-1,-1,0,0,1432,-1,-1,-1,-1,-1,-1,2,0,0,0,0,0,2,0,14,5,6,41.93126646,-87.68627205
0,327990,-1,30,0,0,0,1,3,5,-1,0,0,0,0,-1,-1,1,0,0,2022,-1,-1,-1,-1,-1,-1,2,0,0,0,0,0,2,0,14,5,6,41.9856411,-87.65538854
0,326619,-1,30,1,2,0,1,10,5,2,0,0,0,0,-1,-1,-1,18,-1,1623,-1,-1,-1,-1,-1,-1,2,0,0,0,0,0,2,0,14,5,6,41.96804801,-87.74787599
0,326427,1,30,0,0,0,1,12,5,-1,0,0,0,0,-1,-1,-1,17,-1,2432,-1,-1,-1,-1,-1,-1,2,0,0,0,0,0,2,0,14,5,6,42.0004435,-87.66085935
0,326657,1,30,0,0,0,1,7,7,-1,0,0,0,0,-1,-1,1,0,-1,2432,-1,-1,-1,-1,-1,-1,2,0,0,0,0,0,1,0,14,5,6,41.99822825,-87.66710447
0,329346,-1,30,0,0,0,1,7,2,2,0,0,-1,0,-1,-1,-1,0,0,2222,-1,-1,-1,-1,-1,-1,2,0,0,0,0,0,2,0,14,5,6,41.73411734,-87.65922108
0,326454,-1,45,0,0,0,1,10,3,-1,3,0,0,0,-1,-1,1,0,0,1833,-1,-1,-1,-1,-1,-1,2,0,0,0,0,0,2,0,14,5,6,41.90080611,-87.61972396
0,331703,-1,25,0,0,0,1,12,6,-1,0,0,0,0,-1,-1,-1,17,-1,2514,-1,-1,-1,-1,-1,-1,2,0,0,0,0,0,2,0,14,5,6,41.92765122,-87.77083553
0,326459,-1,35,1,2,0,1,14,2,4,0,0,0,0,-1,-1,-1,23,-1,113,-1,-1,-1,-1,-1,-1,2,0,0,0,0,0,2,0,14,5,6,41.87575072,-87.62617552
2,326430,-1,35,1,2,0,1,9,5,2,0,0,0,1,1,-1,-1,16,0,321,-1,-1,-1,-1,-1,-1,2,1,0,0,1,0,2,0,14,5,6,41.77325144,-87.60571087
0,326397,-1,30,1,2,0,1,0,5,-1,0,0,0,0,1,-1,1,-1,-1,412,-1,-1,-1,-1,-1,-1,2,0,0,0,0,0,2,0,14,5,6,41.74415164,-87.58594507
0,326380,-1,30,-1,-1,0,1,10,5,-1,0,0,-1,0,-1,-1,-1,0,-1,2513,-1,-1,-1,-1,-1,-1,3,0,0,0,0,0,3,0,14,5,6,41.91182049,-87.80571899
0,326379,-1,20,1,2,0,1,10,6,-1,0,0,0,0,-1,-1,-1,0,0,2432,-1,-1,-1,-1,-1,-1,2,0,0,0,0,0,2,0,14,5,6,41.99835354,-87.65880812
0,326437,-1,10,0,0,0,1,0,7,-1,0,0,0,0,-1,1,1,20,-1,915,-1,-1,-1,-1,-1,-1,2,0,0,0,0,0,2,0,13,5,6,41.83796742,-87.64378541
0,326359,-1,0,0,0,0,1,10,7,-1,0,0,0,0,-1,1,-1,12,-1,1215,-1,-1,-1,-1,-1,-1,2,0,0,0,0,0,2,0,13,5,6,41.88553521,-87.66189725
0,326554,-1,25,0,0,0,1,7,7,1,0,0,0,0,-1,-1,0,0,0,932,-1,-1,-1,-1,-1,-1,2,0,0,0,0,0,1,0,13,5,6,41.79835342,-87.68344328
0,326439,-1,30,1,2,0,1,10,5,4,0,12,-1,0,1,-1,-1,0,0,1911,-1,-1,-1,-1,-1,-1,2,0,0,0,0,0,2,0,13,5,6,41.96126966,-87.68853467
0,326391,-1,30,0,0,0,1,7,6,1,0,0,0,0,-1,-1,-1,22,16,1632,-1,-1,-1,-1,-1,-1,2,0,0,0,0,0,1,0,13,5,6,41.95854835,-87.78691899
0,336384,-1,30,0,0,-1,1,7,3,6,0,-1,-1,0,-1,-1,1,0,0,231,-1,-1,-1,-1,-1,-1,2,0,0,0,0,0,1,0,13,5,6,41.7948339,-87.62076815
0,326458,-1,35,1,2,0,1,3,5,2,0,0,0,1,1,-1,-1,0,0,2211,-1,-1,-1,-1,-1,-1,3,0,0,0,0,0,3,0,13,5,6,41.68487897,-87.72024654
0,336518,-1,30,0,0,0,1,7,7,-1,0,0,0,0,-1,-1,1,0,0,424,-1,-1,-1,-1,-1,-1,2,0,0,0,0,0,1,0,13,5,6,41.7327336,-87.55117278
0,330717,-1,10,0,0,0,1,7,6,2,0,0,0,0,-1,-1,1,22,11,1834,-1,-1,-1,-1,-1,-1,2,0,0,0,0,0,2,0,13,5,6,41.89566755,-87.6214471
-1,326493,-1,25,0,0,0,1,5,5,1,0,0,-1,0,-1,-1,-1,33,33,422,-1,-1,-1,-1,-1,-1,1,-1,-1,-1,-1,-1,-1,-1,13,5,6,41.74839475,-87.55210418
0,326488,-1,30,1,-1,0,1,0,5,2,0,0,0,0,-1,-1,-1,0,0,1033,-1,-1,-1,-1,-1,-1,2,0,0,0,0,0,2,0,13,5,6,41.85171596,-87.70265811
0,326442,-1,30,1,2,0,1,12,6,3,0,0,0,0,1,-1,-1,21,22,2232,-1,-1,-1,-1,-1,-1,2,0,0,0,0,0,2,0,13,5,6,41.71411887,-87.64314541
0,326349,-1,25,0,0,0,1,10,2,4,0,0,0,0,-1,-1,-1,0,0,824,-1,-1,-1,-1,-1,-1,2,0,0,0,0,0,2,0,13,5,6,41.79337055,-87.68417538
0,333283,-1,30,0,0,0,1,14,5,-1,0,0,0,0,-1,-1,-1,0,-1,2524,-1,-1,-1,-1,-1,-1,2,0,0,0,0,0,2,0,13,5,6,41.92498664,-87.72693309
0,326401,-1,30,0,0,0,1,7,5,2,0,0,0,0,-1,-1,-1,0,0,1135,-1,-1,-1,-1,-1,-1,2,0,0,0,0,0,1,0,13,5,6,41.87073395,-87.68629927
0,326334,-1,30,2,2,0,1,14,5,-1,0,0,-1,0,1,-1,-1,0,11,1214,-1,-1,-1,-1,-1,-1,2,0,0,0,0,0,2,0,13,5,6,41.89561802,-87.65501279
0,327884,-1,35,0,0,0,1,10,5,2,0,0,0,0,-1,-1,-1,21,-1,2232,-1,-1,-1,-1,-1,-1,2,0,0,0,0,0,2,0,13,5,6,41.71411887,-87.64314541
1,326305,-1,30,0,0,0,1,10,5,-1,0,0,0,1,-1,-1,-1,18,-1,1031,-1,-1,-1,-1,-1,-1,2,1,0,0,0,1,1,0,13,5,6,41.836398,-87.72419314
0,326288,-1,35,0,0,0,1,14,5,-1,2,0,0,1,1,-1,-1,17,5,223,-1,-1,-1,-1,-1,-1,2,0,0,0,0,0,3,0,13,5,6,41.80747393,-87.6163914
0,327168,-1,30,0,-1,0,1,12,6,2,0,0,0,0,1,-1,-1,23,22,1832,-1,-1,-1,-1,-1,-1,2,0,0,0,0,0,2,0,12,5,6,41.89924865,-87.62834657
0,326286,-1,30,0,0,0,1,7,7,-1,0,0,0,0,-1,1,-1,20,-1,1033,-1,-1,-1,-1,-1,-1,2,0,0,0,0,0,1,0,12,5,6,41.84375106,-87.70487246
0,326355,-1,15,0,0,0,1,7,6,1,0,0,0,0,-1,-1,1,11,0,1723,-1,-1,-1,-1,-1,-1,2,0,0,0,0,0,1,0,12,5,6,41.95832804,-87.72667743
0,345076,-1,30,0,0,0,1,7,5,-1,0,0,0,0,-1,-1,-1,0,-1,1832,-1,-1,-1,-1,-1,-1,2,0,0,0,0,0,2,0,12,5,6,41.89570263,-87.63254565
0,326310,-1,20,0,12,0,1,7,12,-1,0,0,0,0,-1,-1,1,0,-1,2033,-1,-1,-1,-1,-1,-1,2,0,0,0,0,0,1,0,12,5,6,41.97581137,-87.65794915
0,326287,-1,30,2,2,0,1,10,6,1,0,0,0,0,1,-1,-1,18,-1,1824,-1,-1,-1,-1,-1,-1,2,0,0,0,0,0,5,0,12,5,6,41.90148853,-87.62801242
0,326275,-1,35,-1,-1,0,1,14,5,2,0,0,-1,1,1,-1,-1,16,0,722,-1,-1,-1,-1,-1,-1,2,0,0,0,0,0,3,0,12,5,6,41.77261544,-87.63009968
0,328036,-1,25,0,0,0,1,10,2,4,0,0,0,0,-1,-1,-1,0,0,814,-1,-1,-1,-1,-1,-1,2,0,0,0,0,0,2,0,12,5,6,41.79660859,-87.75732384
0,329004,-1,30,1,2,0,1,10,2,4,0,0,0,0,1,-1,-1,18,18,1432,-1,-1,-1,-1,-1,-1,2,0,0,0,0,0,2,0,12,5,6,41.93126646,-87.68627205
0,326260,-1,20,2,2,0,1,2,5,2,0,0,0,1,1,-1,-1,25,16,223,-1,-1,-1,-1,-1,-1,1,0,0,0,0,0,1,0,12,5,6,41.80292657,-87.61445513
0,328595,-1,30,0,0,0,3,12,3,3,0,0,0,0,-1,-1,1,21,-1,132,-1,-1,-1,-1,-1,-1,2,0,0,0,0,0,2,0,12,5,6,41.86025724,-87.61771063
0,326776,-1,30,-1,-1,0,1,12,6,-1,0,-1,-1,0,-1,-1,-1,0,-1,122,-1,-1,-1,-1,-1,-1,2,0,0,0,0,0,2,0,12,5,6,41.8855345,-87.63667609
0,327547,-1,30,0,0,0,1,0,5,-1,0,0,0,0,-1,-1,-1,17,-1,1221,-1,-1,-1,-1,-1,-1,2,0,0,0,0,0,3,0,12,5,6,41.89472127,-87.67442869
0,326233,-1,30,1,2,0,1,10,5,-1,0,0,0,0,1,-1,-1,22,16,1831,-1,-1,-1,-1,-1,-1,2,0,0,0,0,0,2,0,12,5,6,41.89090369,-87.62818612
0,326232,-1,30,2,2,0,1,10,5,4,0,0,0,0,-1,-1,-1,20,-1,511,-1,-1,-1,-1,-1,-1,2,0,0,0,0,0,3,0,12,5,6,41.72225727,-87.58527557
0,326225,-1,30,0,0,0,1,10,5,4,0,0,0,0,-1,-1,-1,18,0,1232,-1,-1,-1,-1,-1,-1,2,0,0,0,0,0,3,0,12,5,6,41.87397633,-87.64726307
0,326223,-1,5,0,0,0,1,10,7,-1,0,0,0,0,-1,1,-1,20,-1,2032,-1,-1,-1,-1,-1,-1,2,0,0,0,0,0,3,0,12,5,6,41.96892624,-87.67458649
0,326219,-1,30,0,0,0,1,14,5,4,0,0,0,0,1,-1,-1,17,23,1922,-1,-1,-1,-1,-1,-1,2,0,0,0,0,0,2,0,12,5,6,41.94246606,-87.66888619
0,357608,-1,40,0,0,0,1,4,2,-1,0,0,1,0,-1,-1,-1,29,0,1834,-1,-1,-1,-1,-1,-1,1,0,0,0,0,0,1,0,12,5,6,41.89035578,-87.61437735
0,329178,-1,30,0,0,0,0,7,5,-1,0,0,0,0,-1,-1,1,0,0,1212,-1,-1,-1,-1,-1,-1,2,0,0,0,0,0,1,0,12,5,6,41.90019929,-87.68561699
0,327793,-1,30,0,0,0,1,10,3,4,0,0,0,0,-1,-1,-1,18,18,114,-1,-1,-1,-1,-1,-1,2,0,0,0,0,0,2,0,12,5,6,41.8684623,-87.6182805
0,326444,-1,30,0,0,0,1,7,5,2,0,0,0,0,-1,-1,1,17,11,234,-1,-1,-1,-1,-1,-1,3,0,0,0,0,0,1,0,12,5,6,41.79965792,-87.58857814
0,326272,-1,30,1,2,0,1,14,5,3,0,0,0,0,-1,-1,-1,21,22,1232,-1,-1,-1,-1,-1,-1,2,0,0,0,0,0,3,0,12,5,6,41.86730004,-87.64431132
0,326244,-1,30,0,0,0,1,7,2,2,0,0,0,0,-1,-1,-1,18,0,2212,-1,-1,-1,-1,-1,-1,2,0,0,0,0,0,1,0,12,5,6,41.69188795,-87.68048516
0,326231,-1,30,1,2,0,1,14,5,-1,0,0,0,0,1,-1,-1,23,-1,213,-1,-1,-1,-1,-1,-1,2,0,0,0,0,0,2,0,12,5,6,41.82368535,-87.6217466
0,326374,-1,30,0,0,0,1,14,5,2,0,0,0,1,-1,-1,-1,17,16,634,-1,-1,-1,-1,-1,-1,2,0,0,0,0,0,2,0,11,5,6,41.7361225,-87.62856164
0,326210,-1,15,0,0,0,1,0,7,-1,0,0,0,0,-1,-1,-1,20,-1,913,-1,-1,-1,-1,-1,-1,2,0,0,0,0,0,5,0,11,5,6,41.83977195,-87.64646751
0,326204,-1,30,0,0,0,1,10,3,-1,0,0,0,0,-1,-1,-1,20,-1,531,-1,-1,-1,-1,-1,-1,2,0,0,0,0,0,4,0,11,5,6,41.68984257,-87.62116167
0,326199,-1,30,2,2,0,1,14,2,-1,2,0,0,1,1,-1,-1,17,33,835,-1,-1,-1,-1,-1,-1,2,0,0,0,0,0,2,0,11,5,6,41.75759794,-87.68669963
0,326184,0,30,1,2,0,1,14,6,-1,0,0,-1,0,-1,-1,-1,33,-1,614,-1,-1,-1,-1,-1,-1,2,0,0,0,0,0,2,0,11,5,6,41.74102893,-87.67306226
0,326180,-1,30,0,0,0,1,2,0,1,0,0,0,0,-1,-1,-1,0,0,726,-1,-1,-1,-1,-1,-1,1,0,0,0,0,0,3,0,11,5,6,41.77560446,-87.67034185
0,326250,-1,30,0,0,0,1,12,5,4,0,0,0,0,-1,-1,-1,17,0,132,-1,-1,-1,-1,-1,-1,2,0,0,0,0,0,2,0,11,5,6,41.86735876,-87.6234973
0,326278,-1,30,2,0,0,1,10,5,2,0,0,0,0,-1,-1,1,0,-1,812,-1,-1,-1,-1,-1,-1,2,0,0,0,0,0,2,0,11,5,6,41.77730547,-87.7982844
2,326165,-1,30,1,2,0,1,10,2,-1,0,0,0,1,-1,-1,-1,18,-1,811,-1,1,-1,-1,-1,-1,2,1,0,0,1,0,1,0,11,5,6,41.79205648,-87.80105899
0,326160,-1,30,3,2,0,1,12,3,6,3,0,0,0,1,-1,-1,17,-1,434,-1,-1,-1,-1,-1,-1,2,0,0,0,0,0,2,0,11,5,6,41.65905677,-87.56213581
0,326166,-1,15,0,0,0,1,12,12,1,0,0,3,0,-1,-1,-1,0,-1,1811,-1,-1,-1,-1,-1,-1,2,0,0,0,0,0,2,0,11,5,6,41.91535058,-87.65856157
0,326251,-1,30,0,0,0,1,10,5,2,0,0,0,0,-1,-1,-1,0,0,1232,-1,-1,-1,-1,-1,-1,2,0,0,0,0,0,3,0,11,5,6,41.87365545,-87.64724731
0,326630,-1,30,1,2,0,1,12,5,2,0,0,0,0,1,-1,-1,17,-1,1432,-1,-1,-1,-1,-1,-1,2,0,0,0,0,0,2,0,11,5,6,41.92130256,-87.67760256
0,326476,-1,30,1,2,0,1,12,5,-1,0,0,0,0,-1,-1,-1,-1,-1,1232,-1,-1,-1,-1,-1,-1,2,0,0,0,0,0,2,0,11,5,6,41.87200402,-87.64717323
0,326240,-1,30,0,0,0,1,14,2,-1,0,0,0,0,-1,-1,-1,17,0,1233,-1,-1,-1,-1,-1,-1,2,0,0,0,0,0,2,0,11,5,6,41.8668415,-87.6568236