MOST_SEVERE_INJURY,RD_NO,CRASH_DATE_EST_I,POSTED_SPEED_LIMIT,TRAFFIC_CONTROL_DEVICE,DEVICE_CONDITION,WEATHER_CONDITION,LIGHTING_CONDITION,FIRST_CRASH_TYPE,TRAFFICWAY_TYPE,LANE_CNT,ALIGNMENT,ROADWAY_SURFACE_COND,ROAD_DEFECT,CRASH_TYPE,INTERSECTION_RELATED_I,NOT_RIGHT_OF_WAY_I,HIT_AND_RUN_I,PRIM_CONTRIBUTORY_CAUSE,SEC_CONTRIBUTORY_CAUSE,BEAT_OF_OCCURRENCE,PHOTOS_TAKEN_I,STATEMENTS_TAKEN_I,DOORING_I,WORK_ZONE_I,WORK_ZONE_TYPE,WORKERS_PRESENT_I,NUM_UNITS,INJURIES_TOTAL,INJURIES_FATAL,INJURIES_INCAPACITATING,INJURIES_NON_INCAPACITATING,INJURIES_REPORTED_NOT_EVIDENT,INJURIES_NO_INDICATION,INJURIES_UNKNOWN,CRASH_HOUR,CRASH_DAY_OF_WEEK,CRASH_MONTH,LATITUDE,LONGITUDE
0,326170,-1,30,1,2,0,1,12,5,2,3,0,0,0,-1,-1,1,21,22,2533,-1,-1,-1,-1,-1,-1,2,0,0,0,0,0,4,0,11,5,6,41.91606422,-87.75111658
0,326106,-1,30,0,0,0,1,14,2,4,0,0,0,1,-1,-1,-1,23,-1,2221,-1,-1,-1,-1,-1,-1,3,0,0,0,0,0,2,0,11,5,6,41.7355761,-87.67108571
0,326104,-1,30,1,2,0,1,14,6,-1,0,0,0,1,1,-1,-1,22,-1,121,-1,-1,-1,-1,-1,-1,2,0,0,0,0,0,2,0,11,5,6,41.88180779,-87.64251308
2,326189,-1,30,0,0,0,1,9,2,2,0,0,0,1,-1,-1,-1,20,16,1231,-1,-1,-1,-1,-1,-1,2,1,0,0,1,0,2,0,10,5,6,41.870362,-87.67160397
0,326127,-1,20,0,0,0,1,7,5,2,0,0,3,0,-1,-1,-1,12,0,2433,-1,-1,-1,-1,-1,-1,2,0,0,0,0,0,1,0,10,5,6,41.99669878,-87.673696
0,326112,-1,30,0,0,0,1,12,2,-1,0,0,0,0,-1,-1,-1,0,0,1034,-1,-1,-1,-1,-1,-1,2,0,0,0,0,0,2,0,10,5,6,41.84279349,-87.69475233
0,326093,-1,30,0,0,0,1,14,5,2,0,0,0,1,1,-1,-1,17,23,222,-1,-1,-1,-1,-1,-1,2,0,0,0,0,0,5,0,10,5,6,41.80242347,-87.60146485
0,326070,-1,30,0,0,0,1,7,5,2,0,0,0,0,-1,-1,1,14,14,1634,-1,-1,-1,-1,-1,-1,2,0,0,0,0,0,1,0,10,5,6,41.94958093,-87.7534757
0,326069,-1,25,0,0,0,1,7,5,-1,0,0,0,0,-1,-1,-1,0,-1,2422,-1,-1,-1,-1,-1,-1,2,0,0,0,0,0,1,0,10,5,6,42.01914899,-87.66542964
0,326083,-1,10,0,0,0,1,0,7,-1,0,0,0,0,-1,-1,-1,0,0,815,-1,-1,-1,-1,-1,-1,2,0,0,0,0,0,2,0,10,5,6,41.80657206,-87.74297702
0,326122,-1,40,0,0,0,1,12,3,8,0,0,0,0,-1,-1,-1,11,-1,114,-1,-1,-1,-1,-1,-1,2,0,0,0,0,0,2,0,10,5,6,41.87831319,-87.61734583
0,326058,1,20,0,0,0,1,12,5,1,0,0,0,0,-1,-1,-1,0,0,1831,-1,-1,-1,-1,-1,-1,3,0,0,0,0,0,2,0,10,5,6,41.89596879,-87.63583064
0,326154,-1,30,1,2,0,1,12,3,-1,0,0,0,0,-1,-1,-1,17,17,1215,-1,-1,-1,-1,-1,-1,2,0,0,0,0,0,3,0,10,5,6,41.88599034,-87.66684956
0,236154,-1,30,1,2,0,1,12,3,-1,0,0,0,0,-1,-1,-1,17,17,1215,-1,-1,-1,-1,-1,-1,2,0,0,0,0,0,3,0,10,5,6,41.88599034,-87.66684956
0,326514,-1,30,0,0,0,1,7,5,1,0,0,0,0,-1,-1,1,18,18,314,-1,-1,-1,-1,-1,-1,2,0,0,0,0,0,1,0,10,5,6,41.77882918,-87.5953462
0,326317,-1,30,0,0,0,1,7,6,-1,0,0,0,0,-1,-1,1,0,-1,811,-1,1,-1,-1,-1,-1,2,0,0,0,0,0,1,0,10,5,6,41.79689112,-87.78057726
0,326172,-1,30,0,0,0,1,7,3,4,0,0,0,0,-1,-1,1,0,0,324,-1,-1,-1,-1,-1,-1,2,0,0,0,0,0,1,0,10,5,6,41.76556464,-87.58869205
0,326063,-1,30,1,2,0,1,14,6,4,0,0,0,0,1,-1,-1,21,-1,1414,-1,-1,-1,-1,-1,-1,2,0,0,0,0,0,3,0,10,5,6,41.92786304,-87.70660502
0,326043,-1,30,1,2,0,1,12,5,1,0,0,0,0,1,-1,-1,0,25,1224,-1,-1,-1,-1,-1,-1,2,0,0,0,0,0,2,0,10,5,6,41.88173539,-87.65663411
0,326090,-1,30,0,3,0,1,0,2,-1,0,0,0,0,-1,-1,-1,17,17,1412,-1,-1,-1,-1,-1,-1,2,0,0,0,0,0,2,0,9,5,6,41.92880587,-87.71206465
0,326152,-1,20,0,0,0,1,12,7,1,0,0,0,0,-1,-1,-1,0,0,813,-1,-1,-1,-1,-1,-1,2,0,0,0,0,0,3,0,9,5,6,41.77856324,-87.74027721
0,326038,-1,30,2,2,0,1,0,5,-1,0,0,0,0,-1,-1,-1,17,0,1233,-1,-1,-1,-1,-1,-1,2,0,0,0,0,0,2,0,9,5,6,41.86146326,-87.66371795
2,336212,-1,35,1,2,0,1,10,5,-1,0,0,0,1,1,-1,1,0,0,511,-1,-1,-1,-1,-1,-1,2,3,0,0,2,1,3,0,9,5,6,41.70742618,-87.61370991
0,327419,-1,30,3,5,0,1,0,2,4,0,0,3,1,-1,-1,-1,17,0,2433,-1,-1,-1,-1,-1,-1,2,0,0,0,0,0,2,0,9,5,6,41.99363506,-87.65564541
0,326343,-1,30,0,0,0,1,12,5,3,0,0,-1,0,-1,-1,1,0,0,324,-1,-1,-1,-1,-1,-1,2,0,0,0,0,0,2,0,9,5,6,41.76593686,-87.58577242
2,326034,-1,30,0,0,0,1,3,2,2,0,0,0,1,-1,-1,1,0,-1,1421,-1,-1,-1,-1,-1,-1,2,2,0,0,2,0,1,0,9,5,6,41.91102374,-87.69715869
2,326042,0,30,1,2,0,1,8,3,-1,0,0,0,1,1,-1,-1,17,22,1621,-1,-1,0,-1,-1,-1,2,1,0,0,1,0,1,0,9,5,6,41.97684576,-87.75411282
0,333892,-1,30,0,0,0,1,7,5,2,0,0,0,0,-1,-1,1,18,-1,1634,-1,-1,-1,-1,-1,-1,2,0,0,0,0,0,1,0,9,5,6,41.95258836,-87.76190659
0,326241,-1,30,1,2,0,1,10,-1,-1,0,0,0,0,-1,-1,-1,16,16,2212,-1,-1,-1,-1,-1,-1,2,0,0,0,0,0,2,0,9,5,6,41.69163508,-87.68590067
0,326051,-1,15,0,0,0,1,7,7,1,0,0,0,0,-1,1,-1,0,-1,815,-1,-1,-1,-1,-1,-1,2,0,0,0,0,0,1,0,9,5,6,41.81050759,-87.73232696
0,326004,-1,25,0,2,0,1,7,5,-1,0,0,0,0,-1,-1,-1,23,-1,1613,-1,-1,-1,-1,-1,-1,2,0,0,0,0,0,1,0,9,5,6,41.96983867,-87.80352714
0,326265,-1,25,0,0,0,1,7,6,1,0,0,0,0,-1,-1,1,0,0,2413,-1,-1,-1,-1,-1,-1,2,0,0,0,0,0,1,0,9,5,6,41.99722569,-87.70098816
0,326021,-1,30,0,0,0,1,10,7,-1,0,0,0,0,-1,1,-1,20,20,1921,-1,-1,-1,-1,-1,-1,2,0,0,0,0,0,2,0,9,5,6,41.94903936,-87.68817471
2,325988,-1,30,0,0,0,1,14,0,1,0,0,0,1,-1,-1,-1,17,33,1215,-1,-1,-1,-1,-1,-1,2,1,0,0,1,0,2,0,9,5,6,41.89337459,-87.67197119
0,326008,-1,30,0,0,0,1,12,3,-1,0,0,0,0,-1,-1,1,17,-1,1433,-1,-1,-1,-1,-1,-1,2,0,0,0,0,0,2,0,9,5,6,41.90935077,-87.66780094
0,326661,-1,30,0,0,0,1,7,6,1,0,0,-1,0,-1,-1,-1,0,0,724,-1,-1,-1,-1,-1,-1,2,0,0,0,0,0,1,0,9,5,6,41.76874644,-87.65678769
0,326024,-1,25,1,2,0,1,10,5,-1,0,0,0,0,-1,-1,-1,18,0,1832,-1,-1,-1,-1,-1,-1,2,0,0,0,0,0,2,0,9,5,6,41.8967181,-87.63314478
0,325992,-1,30,1,2,0,1,10,2,-1,0,0,0,0,-1,-1,-1,18,0,1022,-1,-1,-1,-1,-1,-1,2,0,0,0,0,0,2,0,9,5,6,41.86310762,-87.70311694
0,325925,-1,30,2,2,0,1,8,6,1,0,0,0,0,1,-1,1,0,-1,1922,-1,-1,-1,-1,-1,-1,2,0,0,0,0,0,2,0,8,5,6,41.9471419,-87.66508548
0,325987,-1,30,0,0,0,1,11,4,2,2,0,0,1,-1,-1,-1,21,-1,524,-1,-1,-1,-1,-1,-1,2,0,0,0,0,0,2,0,8,5,6,41.68494996,-87.64384512
0,325982,-1,30,0,0,0,1,12,5,4,0,0,0,0,-1,-1,-1,21,-1,1512,-1,-1,-1,-1,-1,-1,2,0,0,0,0,0,3,0,8,5,6,41.88942044,-87.77480827
0,326000,-1,30,2,2,0,1,10,2,2,0,0,0,1,1,-1,-1,18,-1,2523,-1,-1,-1,-1,-1,-1,2,0,0,0,0,0,2,0,8,5,6,41.93181043,-87.73386506
0,325978,-1,30,1,2,0,1,14,2,4,0,0,0,0,-1,-1,1,23,0,1834,-1,-1,-1,-1,-1,-1,2,0,0,0,0,0,2,0,8,5,6,41.89505015,-87.62047061
0,325963,-1,30,1,1,0,1,10,5,6,0,0,0,0,1,-1,-1,0,-1,811,-1,-1,-1,-1,-1,-1,2,0,0,0,0,0,2,0,8,5,6,41.79245526,-87.78187685
0,326747,-1,30,1,2,0,1,14,5,3,0,0,0,0,1,-1,-1,23,-1,1834,-1,-1,-1,-1,-1,-1,2,0,0,0,0,0,2,0,8,5,6,41.89417565,-87.62438441
0,326973,-1,30,1,2,0,1,10,5,2,0,0,0,0,-1,-1,-1,0,-1,114,-1,-1,-1,-1,-1,-1,2,0,0,0,0,0,2,0,8,5,6,41.87350471,-87.62406203
0,325983,-1,30,0,0,0,1,9,5,2,0,0,-1,0,-1,-1,1,25,17,1214,-1,-1,-1,-1,-1,-1,2,0,0,0,0,0,2,0,8,5,6,41.88766906,-87.63980613
0,326410,1,30,0,0,-1,-1,7,5,-1,0,-1,-1,0,-1,-1,1,0,-1,211,-1,-1,-1,-1,-1,-1,2,0,0,0,0,0,1,0,8,5,6,41.83402921,-87.62046017
0,326053,-1,30,2,2,0,1,10,6,1,0,0,0,0,1,-1,-1,18,-1,1731,-1,-1,-1,-1,-1,-1,2,0,0,0,0,0,3,0,8,5,6,41.94307147,-87.73040959
0,326037,-1,30,0,0,0,1,7,5,2,0,0,0,0,-1,-1,1,-1,-1,1811,-1,-1,-1,-1,-1,-1,2,0,0,0,0,0,1,0,8,5,6,41.91672399,-87.65450494
0,325984,-1,15,0,0,0,1,7,12,0,0,0,0,0,-1,-1,-1,20,20,124,-1,-1,-1,-1,-1,-1,2,0,0,0,0,0,1,0,8,5,6,41.86333783,-87.6407235
0,325917,-1,30,0,0,0,2,10,2,2,0,0,0,0,1,-1,-1,17,18,2011,-1,-1,-1,-1,-1,-1,2,0,0,0,0,0,2,0,8,5,6,41.97590825,-87.70143127
3,325918,-1,30,3,2,0,1,8,2,2,0,0,0,1,-1,-1,-1,17,7,1232,-1,-1,1,-1,-1,-1,2,1,0,1,0,0,2,0,7,5,6,41.87759242,-87.64708622
0,326186,-1,30,0,0,0,1,12,2,2,0,0,0,0,-1,-1,-1,16,23,2413,-1,-1,-1,-1,-1,-1,2,0,0,0,0,0,2,0,7,5,6,41.99055208,-87.6994644
0,325927,-1,30,0,0,0,1,0,7,2,0,-1,-1,0,-1,-1,-1,0,0,622,-1,-1,-1,-1,-1,-1,2,0,0,0,0,0,2,0,7,5,6,41.7362617,-87.62906472
0,325931,-1,30,0,0,0,1,14,5,4,0,-1,-1,0,-1,-1,-1,23,-1,1234,-1,-1,-1,-1,-1,-1,2,0,0,0,0,0,2,0,7,5,6,41.8530015,-87.68551997
1,325909,-1,30,0,0,0,1,9,3,-1,0,0,0,1,-1,-1,-1,0,-1,933,-1,-1,-1,-1,-1,-1,2,1,0,0,0,1,1,0,7,5,6,41.80652397,-87.66476729
0,325902,-1,30,1,3,0,1,0,5,4,0,0,0,0,1,-1,-1,0,0,1135,-1,-1,-1,-1,-1,-1,2,0,0,0,0,0,2,0,7,5,6,41.86661867,-87.69604952
0,337555,-1,30,0,0,0,3,7,5,-1,0,0,0,0,-1,-1,-1,0,0,1925,-1,-1,-1,-1,-1,-1,2,0,0,0,0,0,1,0,7,5,6,41.94506232,-87.64798374
0,335984,-1,30,0,0,0,1,12,6,2,0,0,0,0,-1,-1,-1,22,17,122,-1,1,-1,-1,-1,-1,2,0,0,0,0,0,2,0,7,5,6,41.87801449,-87.63318903
0,326591,-1,30,0,0,0,1,7,6,-1,0,0,0,0,-1,-1,1,-1,-1,825,-1,-1,-1,-1,-1,-1,2,0,0,0,0,0,1,0,7,5,6,41.78328793,-87.68727024
0,326577,1,15,0,0,0,-1,5,7,1,0,-1,-1,0,-1,1,-1,0,0,1925,-1,-1,-1,-1,-1,-1,1,0,0,0,0,0,1,0,7,5,6,41.94470691,-87.64138409
0,325903,-1,30,2,-1,0,1,10,6,2,0,0,-1,0,1,-1,1,18,0,1524,-1,-1,-1,-1,-1,-1,2,0,0,0,0,0,3,0,6,5,6,41.89128512,-87.75797764
1,329287,-1,20,0,0,0,1,7,6,2,0,0,0,1,-1,1,-1,0,-1,1651,-1,-1,-1,-1,-1,-1,2,1,0,0,0,1,1,0,6,5,6,41.97620114,-87.90530913
0,325869,-1,15,0,0,0,1,6,0,1,0,0,0,0,-1,-1,-1,27,27,823,-1,-1,-1,-1,-1,-1,1,0,0,0,0,0,1,0,6,5,6,41.78249735,-87.70094604
0,328321,-1,10,0,0,0,1,12,12,2,0,0,0,0,-1,-1,1,20,11,1834,-1,-1,-1,-1,-1,-1,2,0,0,0,0,0,2,0,6,5,6,41.89406316,-87.62139584
0,325892,-1,0,0,0,0,1,7,7,-1,0,0,0,0,-1,1,-1,0,-1,924,-1,-1,-1,-1,-1,-1,2,0,0,0,0,0,1,0,6,5,6,41.82300473,-87.67502095
0,325875,-1,30,1,2,0,1,10,5,0,0,0,0,0,1,-1,-1,18,18,2411,-1,-1,-1,-1,-1,-1,2,0,0,0,0,0,2,0,6,5,6,42.01237134,-87.69039392
0,325859,-1,30,0,0,0,1,12,5,4,0,0,0,0,-1,-1,-1,25,-1,132,-1,-1,-1,-1,-1,-1,2,0,0,0,0,0,3,0,6,5,6,41.85573894,-87.62213623
0,325878,-1,30,0,0,0,1,14,5,-1,0,0,0,0,-1,-1,-1,23,-1,624,-1,-1,-1,-1,-1,-1,2,0,0,0,0,0,3,0,6,5,6,41.75143587,-87.60160912
0,327448,-1,30,1,2,0,1,10,3,6,0,0,0,0,-1,-1,-1,0,0,813,-1,-1,-1,-1,-1,-1,2,0,0,0,0,0,2,0,6,5,6,41.79299439,-87.74180603
0,333703,-1,30,0,0,0,1,2,5,2,0,0,0,0,-1,-1,-1,-1,-1,2522,-1,-1,-1,-1,-1,-1,1,0,0,0,0,0,1,0,6,5,6,41.92076458,-87.74071839
0,325838,-1,55,0,0,0,1,12,3,4,0,0,-1,0,-1,-1,-1,21,-1,1814,-1,1,-1,-1,-1,-1,2,0,0,0,0,0,2,0,5,5,6,41.9238431,-87.63029302
0,325864,-1,30,0,0,0,1,7,5,-1,0,0,0,0,-1,-1,-1,0,0,833,-1,-1,-1,-1,-1,-1,2,0,0,0,0,0,1,0,5,5,6,41.76313005,-87.72005874
0,325858,-1,30,1,2,0,1,2,1,2,0,0,0,0,1,-1,-1,23,11,1931,-1,-1,-1,-1,-1,-1,2,0,0,0,0,0,2,0,5,5,6,41.93141376,-87.67692862
0,325824,-1,30,0,0,0,4,7,6,-1,0,0,0,1,-1,-1,-1,11,-1,414,-1,-1,-1,-1,-1,-1,2,0,0,0,0,0,2,0,5,5,6,41.7532867,-87.57823553
0,325825,1,30,0,0,0,1,11,5,2,2,0,3,1,-1,-1,1,0,0,533,-1,-1,-1,1,2,-1,2,0,0,0,0,0,2,0,5,5,6,41.65255135,-87.61738227
0,326672,-1,30,1,2,0,1,14,5,-1,0,0,0,0,-1,-1,-1,0,-1,434,-1,-1,-1,-1,-1,-1,2,0,0,0,0,0,2,0,4,5,6,41.65912619,-87.55943274
0,325806,1,30,1,2,0,4,7,5,2,0,0,0,0,-1,-1,1,0,-1,1834,-1,-1,-1,-1,-1,-1,2,0,0,0,0,0,1,0,4,5,6,41.88914426,-87.62795528
0,325810,-1,30,0,0,0,3,7,6,-1,0,0,0,0,0,-1,1,0,0,2521,-1,-1,-1,-1,-1,-1,2,0,0,0,0,0,1,0,3,5,6,41.93530585,-87.74569935
0,325796,-1,30,0,0,0,0,7,6,1,0,0,0,1,-1,-1,1,0,0,1411,-1,-1,-1,-1,-1,-1,3,0,0,0,0,0,1,0,3,5,6,41.9358191,-87.70310515
0,326054,1,30,0,0,0,0,7,6,4,0,0,0,0,-1,-1,1,22,0,921,-1,-1,-1,-1,-1,-1,2,0,0,0,0,0,1,0,3,5,6,41.81920094,-87.70179445
0,325782,-1,30,1,2,0,3,0,5,4,0,0,0,0,1,-1,1,6,6,834,-1,-1,-1,-1,-1,-1,2,0,0,0,0,0,2,0,2,5,6,41.74247144,-87.70234438
0,325772,-1,30,0,0,0,3,7,6,-1,0,0,0,1,-1,-1,-1,-1,-1,413,-1,-1,-1,-1,-1,-1,3,0,0,0,0,0,1,0,2,5,6,41.72699511,-87.59625909
0,325757,-1,20,2,2,0,3,7,5,2,0,0,0,1,-1,-1,1,0,0,322,-1,-1,-1,-1,-1,-1,2,0,0,0,0,0,1,0,1,5,6,41.77097108,-87.62040348
0,325785,-1,30,0,0,0,3,5,2,2,0,0,-1,0,-1,-1,-1,32,25,1031,-1,-1,-1,1,1,-1,1,0,0,0,0,0,2,0,0,5,6,41.84418194,-87.72140862
0,328119,-1,30,0,0,0,1,10,5,-1,0,0,0,0,-1,-1,-1,18,18,1613,-1,-1,-1,-1,-1,-1,2,0,0,0,0,0,2,0,0,5,6,41.97568567,-87.78802041
0,325729,-1,25,0,0,0,0,10,6,1,0,0,0,0,-1,-1,-1,-1,-1,2412,-1,-1,-1,-1,-1,-1,3,0,0,0,0,0,1,0,0,5,6,42.0031947,-87.69505544
0,325723,-1,30,1,2,0,3,0,5,2,0,0,0,1,1,-1,1,6,14,612,-1,-1,-1,-1,-1,-1,2,0,0,0,0,0,2,0,0,5,6,41.75040378,-87.65873571
0,325709,-1,30,0,0,0,4,10,6,1,0,0,0,0,-1,-1,1,0,-1,923,-1,-1,-1,-1,-1,-1,2,0,0,0,0,0,2,0,0,5,6,41.79733247,-87.68765177
0,326075,-1,20,0,0,0,3,7,6,1,0,0,0,0,-1,-1,1,0,-1,631,-1,-1,-1,-1,-1,-1,2,0,0,0,0,0,1,0,0,5,6,41.74615614,-87.60615905
0,325702,-1,30,0,0,0,3,7,5,1,0,0,0,1,-1,-1,-1,12,-1,1722,-1,-1,-1,-1,-1,-1,2,0,0,0,0,0,2,0,23,4,6,41.96521147,-87.73146232
0,325686,-1,30,-1,-1,0,3,12,6,2,0,-1,-1,0,-1,-1,1,16,0,122,-1,-1,-1,-1,-1,-1,2,0,0,0,0,0,4,0,23,4,6,41.87929007,-87.63236273
0,325690,-1,30,0,0,0,3,7,6,-1,0,0,0,1,-1,-1,-1,2,-1,411,-1,-1,-1,-1,-1,-1,2,0,0,0,0,0,1,0,23,4,6,41.75109468,-87.59319118
2,325671,-1,30,0,0,0,3,7,6,1,0,0,-1,1,-1,-1,-1,32,-1,1013,-1,-1,-1,-1,-1,-1,4,1,0,0,1,0,1,0,23,4,6,41.84525608,-87.72611958
0,325667,-1,5,0,0,0,0,2,7,2,0,0,0,0,-1,1,0,14,0,634,-1,-1,-1,-1,-1,-1,1,0,0,0,0,0,1,0,23,4,6,41.73568085,-87.63258953
0,325677,-1,15,0,0,0,3,7,7,0,0,0,0,0,-1,-1,1,20,16,833,-1,-1,-1,-1,-1,-1,2,0,0,0,0,0,6,0,23,4,6,41.74971286,-87.71976333
3,325681,-1,30,2,2,0,3,3,5,-1,0,0,0,1,1,-1,-1,17,16,411,-1,-1,-1,-1,-1,-1,2,2,0,1,1,0,0,0,23,4,6,41.74942754,-87.58598516
0,326369,-1,30,0,0,2,3,7,6,-1,0,1,-1,0,-1,-1,-1,-1,-1,614,-1,-1,-1,-1,-1,-1,2,0,0,0,0,0,1,0,22,4,6,41.74108194,-87.66912718
0,325669,-1,30,2,2,0,3,0,5,4,0,-1,-1,1,1,-1,1,5,17,1723,-1,-1,-1,-1,-1,-1,2,0,0,0,0,0,2,0,22,4,6,41.96100453,-87.71430022
0,325622,-1,10,0,0,0,0,3,7,-1,0,0,0,1,-1,-1,1,0,0,815,-1,-1,-1,-1,-1,-1,2,0,0,0,0,0,3,0,22,4,6,41.8005277,-87.72351928
0,325634,-1,30,0,0,0,3,7,5,-1,0,0,0,1,-1,-1,1,0,0,921,-1,-1,-1,-1,-1,-1,2,0,0,0,0,0,2,0,22,4,6,41.82273805,-87.69146776
0,325661,-1,30,0,0,0,3,10,5,-1,0,0,0,0,-1,-1,1,18,-1,1723,-1,-1,-1,-1,-1,-1,2,0,0,0,0,0,4,0,22,4,6,41.95390273,-87.71736111
0,329745,-1,30,0,0,0,3,7,5,-1,0,0,0,0,-1,-1,1,0,0,1813,-1,-1,-1,-1,-1,-1,2,0,0,0,0,0,1,0,22,4,6,41.91393613,-87.64842459
0,326206,-1,30,0,0,0,1,10,5,2,0,0,0,0,-1,-1,-1,0,-1,2534,-1,-1,-1,-1,-1,-1,2,0,0,0,0,0,2,0,22,4,6,41.90988087,-87.7351582
0,325868,-1,30,0,0,0,0,14,5,-1,0,0,0,0,-1,-1,-1,23,17,411,-1,-1,-1,-1,-1,-1,2,0,0,0,0,0,2,0,22,4,6,41.75859273,-87.59308138
0,325684,-1,35,1,2,0,3,0,6,3,0,0,0,0,1,-1,-1,0,0,122,-1,-1,-1,-1,-1,-1,2,0,0,0,0,0,2,0,22,4,6,41.87933262,-87.6353824
2,325643,-1,30,1,2,0,3,0,6,3,0,0,0,1,1,-1,-1,6,16,122,-1,-1,-1,-1,-1,-1,2,2,0,0,2,0,2,0,22,4,6,41.88440926,-87.63107852
2,325597,-1,30,1,2,0,3,14,3,4,0,0,0,1,1,-1,-1,6,0,815,-1,-1,-1,-1,-1,-1,2,1,0,0,1,0,1,0,21,4,6,41.82328118,-87.72420378
0,325575,-1,30,0,0,0,3,7,6,2,0,0,0,1,-1,-1,-1,0,16,1211,-1,-1,-1,-1,-1,-1,4,0,0,0,0,0,1,0,21,4,6,41.90213119,-87.69396565
1,325566,-1,15,0,0,0,3,7,-1,-1,0,0,0,1,-1,-1,-1,7,11,612,-1,-1,-1,-1,-1,-1,2,1,0,0,0,1,0,0,21,4,6,41.74853339,-87.65605245
0,325625,-1,20,0,0,0,3,7,6,1,0,0,0,1,-1,-1,1,0,0,822,-1,-1,-1,-1,-1,-1,3,0,0,0,0,0,4,0,21,4,6,41.79725278,-87.72185418
0,325584,-1,30,1,2,0,0,11,5,-1,0,0,0,0,-1,-1,-1,21,-1,1621,-1,-1,-1,-1,-1,-1,2,0,0,0,0,0,5,0,21,4,6,41.97539461,-87.7517466
0,325585,-1,30,1,2,0,3,10,5,2,0,0,0,0,-1,-1,-1,18,-1,2012,-1,-1,-1,-1,-1,-1,2,0,0,0,0,0,2,0,20,4,6,41.97620513,-87.67477655
0,325540,-1,30,4,2,0,0,12,2,2,0,0,0,0,1,-1,-1,16,0,911,-1,-1,-1,-1,-1,-1,2,0,0,0,0,0,2,0,20,4,6,41.82266449,-87.70456343
0,325561,-1,30,0,0,0,-1,7,6,-1,0,0,1,0,-1,-1,1,11,8,624,-1,-1,-1,-1,-1,-1,2,0,0,0,0,0,1,0,20,4,6,41.75094041,-87.60992755
0,326329,-1,35,0,0,0,1,7,6,-1,0,0,0,0,-1,-1,1,18,-1,1812,-1,-1,-1,-1,-1,-1,2,0,0,0,0,0,1,0,20,4,6,41.92340516,-87.64569665
0,325589,-1,25,2,2,0,1,10,6,1,0,0,0,0,1,-1,-1,8,8,1634,-1,-1,-1,-1,-1,-1,2,0,0,0,0,0,2,0,20,4,6,41.95165348,-87.74961561
0,325511,-1,30,1,2,0,3,2,6,6,0,0,0,1,-1,-1,-1,2,2,224,1,0,-1,-1,-1,-1,1,0,0,0,0,0,1,0,20,4,6,41.80198445,-87.63056978
0,325508,-1,30,0,0,0,1,10,5,4,0,0,0,0,1,-1,-1,16,-1,2515,-1,-1,-1,-1,-1,-1,4,0,0,0,0,0,4,0,20,4,6,41.9268229,-87.75639257
0,326381,-1,30,0,0,0,3,7,5,2,0,0,0,0,-1,-1,1,0,-1,1822,-1,-1,-1,-1,-1,-1,2,0,0,0,0,0,1,0,20,4,6,41.90248932,-87.64722848
0,325543,-1,30,0,0,0,3,12,7,-1,0,0,0,0,-1,-1,-1,17,0,2024,-1,-1,-1,-1,-1,-1,2,0,0,0,0,0,2,0,20,4,6,41.97516937,-87.65504663
0,325474,-1,30,0,0,0,4,14,2,2,0,0,0,0,-1,-1,-1,22,10,621,-1,-1,-1,-1,-1,-1,2,0,0,0,0,0,6,0,19,4,6,41.7491911,-87.64414764
0,325458,-1,30,1,2,0,1,14,5,-1,0,0,0,0,1,-1,-1,17,-1,1215,-1,-1,-1,-1,-1,-1,2,0,0,0,0,0,2,0,19,4,6,41.89296105,-87.65756973
0,325535,-1,30,0,0,0,1,7,2,-1,0,0,0,0,-1,-1,1,0,0,1611,-1,-1,-1,-1,-1,-1,2,0,0,0,0,0,1,0,19,4,6,41.98808293,-87.79126004
0,326819,-1,30,0,0,0,2,7,3,2,0,0,0,0,-1,-1,-1,20,-1,232,-1,-1,-1,-1,-1,-1,2,0,0,0,0,0,1,0,19,4,6,41.78749079,-87.62446765
2,325422,-1,30,0,0,0,1,14,2,4,0,0,0,1,-1,-1,-1,22,-1,1114,-1,-1,-1,-1,-1,-1,2,2,0,0,2,0,3,0,19,4,6,41.88583096,-87.73416002
0,325609,-1,35,1,2,0,1,14,3,6,0,0,0,0,1,-1,-1,23,21,2232,-1,-1,-1,-1,-1,-1,2,0,0,0,0,0,2,0,19,4,6,41.71411887,-87.64314541
0,325405,-1,30,0,0,0,1,14,5,2,0,0,0,1,1,-1,-1,17,-1,1913,-1,-1,-1,-1,-1,-1,2,0,0,0,0,0,2,0,19,4,6,41.96549414,-87.65863585
0,334998,-1,20,0,0,0,1,7,7,1,0,0,-1,0,-1,-1,-1,0,0,1232,-1,-1,-1,-1,-1,-1,2,0,0,0,0,0,1,0,19,4,6,41.87911724,-87.64660719
0,326817,-1,25,0,0,0,3,14,2,4,0,0,0,0,-1,-1,-1,0,0,1651,-1,-1,-1,-1,-1,-1,2,0,0,0,0,0,2,0,19,4,6,41.97620114,-87.90530913
0,325482,-1,30,0,0,0,1,0,0,2,0,0,0,0,-1,-1,-1,20,20,234,-1,-1,-1,-1,-1,-1,2,0,0,0,0,0,2,0,19,4,6,41.79536791,-87.58112125
2,325396,-1,30,0,0,0,1,8,2,2,0,0,0,1,-1,-1,-1,0,-1,1223,-1,-1,-1,-1,-1,-1,2,1,0,0,1,0,1,0,18,4,6,41.88106937,-87.68530755
0,325399,-1,30,0,0,0,1,7,5,-1,0,0,0,0,-1,-1,-1,20,20,1612,-1,-1,-1,-1,-1,-1,2,0,0,0,0,0,1,0,18,4,6,41.99602099,-87.82084573