MOST_SEVERE_INJURY,RD_NO,CRASH_DATE_EST_I,POSTED_SPEED_LIMIT,TRAFFIC_CONTROL_DEVICE,DEVICE_CONDITION,WEATHER_CONDITION,LIGHTING_CONDITION,FIRST_CRASH_TYPE,TRAFFICWAY_TYPE,LANE_CNT,ALIGNMENT,ROADWAY_SURFACE_COND,ROAD_DEFECT,CRASH_TYPE,INTERSECTION_RELATED_I,NOT_RIGHT_OF_WAY_I,HIT_AND_RUN_I,PRIM_CONTRIBUTORY_CAUSE,SEC_CONTRIBUTORY_CAUSE,BEAT_OF_OCCURRENCE,PHOTOS_TAKEN_I,STATEMENTS_TAKEN_I,DOORING_I,WORK_ZONE_I,WORK_ZONE_TYPE,WORKERS_PRESENT_I,NUM_UNITS,INJURIES_TOTAL,INJURIES_FATAL,INJURIES_INCAPACITATING,INJURIES_NON_INCAPACITATING,INJURIES_REPORTED_NOT_EVIDENT,INJURIES_NO_INDICATION,INJURIES_UNKNOWN,CRASH_HOUR,CRASH_DAY_OF_WEEK,CRASH_MONTH,LATITUDE,LONGITUDE
0,325356,-1,30,-1,-1,0,1,10,5,-1,0,0,-1,0,-1,-1,-1,14,14,1124,-1,-1,-1,-1,-1,-1,2,0,0,0,0,0,2,0,18,4,6,41.88041381,-87.71084273
0,325319,-1,30,0,0,0,1,12,5,2,0,0,0,0,-1,-1,-1,17,-1,1612,-1,-1,-1,-1,-1,-1,2,0,0,0,0,0,2,0,18,4,6,41.99271962,-87.80161154
2,325324,-1,30,2,2,0,1,8,5,4,0,0,0,1,-1,-1,-1,33,0,1912,-1,-1,-1,-1,-1,-1,2,1,0,0,1,0,2,0,18,4,6,41.96350329,-87.6694528
0,326386,-1,30,1,2,0,1,7,5,2,0,0,0,0,-1,-1,1,18,18,622,-1,-1,-1,-1,-1,-1,2,0,0,0,0,0,1,0,18,4,6,41.74370954,-87.6279945
0,325329,-1,30,0,0,0,1,14,5,-1,0,0,0,1,1,-1,-1,6,-1,2512,-1,-1,-1,-1,-1,-1,2,0,0,0,0,0,3,0,18,4,6,41.92370927,-87.79517844
0,325375,-1,30,0,0,0,1,10,2,-1,0,0,0,0,-1,-1,-1,0,-1,1421,-1,-1,-1,-1,-1,-1,2,0,0,0,0,0,2,0,18,4,6,41.9158865,-87.70189601
2,325345,-1,25,0,0,0,1,14,2,-1,0,0,0,1,-1,-1,-1,17,-1,2221,-1,-1,-1,-1,-1,-1,2,1,0,0,1,0,1,0,18,4,6,41.72359844,-87.66258538
0,325426,-1,30,1,2,0,1,0,5,3,0,0,0,0,-1,-1,1,6,-1,114,-1,-1,-1,-1,-1,-1,2,0,0,0,0,0,2,0,18,4,6,41.88769947,-87.6208488
2,325322,-1,30,0,0,0,1,14,2,2,0,0,0,1,1,-1,-1,17,16,2533,-1,0,-1,-1,-1,-1,2,1,0,0,1,0,1,0,18,4,6,41.9077338,-87.73642884
0,325393,-1,30,1,2,0,1,12,3,5,0,0,0,0,1,-1,-1,17,21,114,-1,-1,-1,-1,-1,-1,2,0,0,0,0,0,2,0,18,4,6,41.8844127,-87.6243024
0,325357,-1,30,2,2,0,1,10,2,-1,0,0,-1,0,-1,-1,-1,0,34,2012,-1,-1,-1,-1,-1,-1,2,0,0,0,0,0,2,0,18,4,6,41.9906242,-87.67626889
0,325337,-1,30,1,2,0,1,14,5,2,0,0,0,0,1,-1,-1,17,0,234,-1,-1,-1,-1,-1,-1,2,0,0,0,0,0,4,0,18,4,6,41.79948383,-87.58744204
2,325361,-1,30,1,2,0,1,14,5,-1,0,0,0,1,1,-1,-1,23,-1,215,-1,1,-1,-1,-1,-1,2,1,0,0,1,0,1,0,18,4,6,41.80932175,-87.62737956
0,325340,-1,30,1,2,0,1,10,2,2,0,0,0,0,-1,-1,-1,0,-1,1113,-1,-1,-1,-1,-1,-1,2,0,0,0,0,0,2,0,18,4,6,41.87697579,-87.74350696
0,325342,-1,25,0,0,0,1,7,2,2,0,0,0,0,-1,-1,1,0,0,813,-1,-1,-1,-1,-1,-1,2,0,0,0,0,0,1,0,18,4,6,41.77869082,-87.72909466
0,325616,-1,10,0,0,0,1,2,7,-1,0,0,0,0,-1,-1,-1,0,-1,1915,-1,-1,-1,-1,-1,-1,1,0,0,0,0,0,2,0,18,4,6,41.95464083,-87.65156901
2,325479,-1,30,-1,-1,0,1,8,5,-1,0,0,0,1,-1,-1,1,6,6,1134,-1,-1,-1,-1,-1,-1,2,1,0,0,1,0,1,0,18,4,6,41.87371937,-87.70577115
2,325298,-1,30,1,2,0,1,8,5,2,0,0,0,1,-1,-1,-1,17,0,1821,-1,-1,-1,-1,-1,-1,2,1,0,0,1,0,1,0,18,4,6,41.90402751,-87.63463051
0,325296,-1,30,2,0,0,1,0,5,2,0,0,0,1,-1,-1,-1,17,-1,1235,-1,-1,-1,-1,-1,-1,3,0,0,0,0,0,7,0,17,4,6,41.85523223,-87.66338627
0,325376,-1,30,0,0,0,1,14,2,-1,0,0,0,0,-1,-1,-1,17,16,123,-1,-1,-1,-1,-1,-1,2,0,0,0,0,0,2,0,17,4,6,41.87309549,-87.62434525
2,325290,-1,35,0,0,0,1,10,5,2,0,0,0,1,0,-1,-1,16,-1,2212,-1,-1,-1,-1,-1,-1,4,1,0,0,1,0,3,0,17,4,6,41.70491303,-87.65687438
0,366510,-1,0,0,0,0,1,2,0,-1,0,1,1,0,-1,-1,-1,29,-1,223,-1,-1,-1,-1,-1,-1,1,0,0,0,0,0,1,0,17,4,6,41.80940426,-87.60785822
0,325259,-1,30,0,0,0,1,12,5,2,0,0,0,0,-1,-1,1,22,16,2534,-1,-1,-1,-1,-1,-1,2,0,0,0,0,0,4,0,17,4,6,41.91366897,-87.73608064
0,325252,1,30,1,2,0,1,0,2,4,0,0,0,1,1,-1,-1,0,0,833,-1,1,-1,-1,-1,-1,2,0,0,0,0,0,6,0,17,4,6,41.7714258,-87.72751588
0,325373,-1,30,0,0,0,1,12,5,4,0,0,0,0,-1,-1,-1,21,27,431,-1,-1,-1,-1,-1,-1,2,0,0,0,0,0,2,0,17,4,6,41.72235159,-87.57596048
2,325253,-1,30,0,0,0,1,14,2,2,0,-1,-1,1,1,-1,-1,16,14,1121,-1,-1,-1,-1,-1,-1,2,1,0,0,1,0,2,0,17,4,6,41.89560534,-87.71259634
0,325278,-1,30,1,2,0,1,14,2,4,0,0,0,0,1,-1,1,16,0,911,-1,-1,-1,-1,-1,-1,3,0,0,0,0,0,3,0,17,4,6,41.82604002,-87.6849674
0,325265,-1,30,0,0,0,1,0,2,4,0,0,0,0,1,-1,-1,0,-1,1111,-1,-1,-1,-1,-1,-1,2,0,0,0,0,0,2,0,17,4,6,41.89482746,-87.74565493
0,325402,-1,35,0,0,0,1,7,5,-1,0,0,0,0,-1,-1,1,0,-1,1122,-1,-1,-1,-1,-1,-1,2,0,0,0,0,0,1,0,17,4,6,41.88199673,-87.72187625
0,325269,-1,30,1,2,0,1,14,5,1,0,0,-1,0,-1,-1,0,8,25,524,-1,-1,-1,-1,-1,-1,2,0,0,0,0,0,3,0,17,4,6,41.68485912,-87.65201949
2,325261,-1,30,1,2,0,1,0,2,4,0,0,0,1,-1,-1,-1,0,0,1513,-1,-1,-1,-1,-1,-1,2,1,0,0,1,0,1,0,17,4,6,41.87274079,-87.76473039
2,325241,-1,35,2,0,0,1,0,5,4,0,0,0,1,1,-1,-1,17,0,1421,-1,-1,-1,-1,-1,-1,2,1,0,0,1,0,1,0,17,4,6,41.91222945,-87.70178288
0,325246,-1,30,1,2,0,1,10,5,-1,0,0,0,0,-1,-1,-1,0,-1,124,-1,-1,-1,-1,-1,-1,2,0,0,0,0,0,3,0,17,4,6,41.86728867,-87.64351698
0,325283,-1,30,0,0,0,1,10,5,-1,0,0,0,1,-1,-1,-1,18,-1,1213,-1,-1,-1,-1,-1,-1,2,0,0,0,0,0,2,0,17,4,6,41.89630976,-87.65914501
2,325325,-1,30,1,2,0,1,10,6,-1,0,0,0,1,-1,-1,-1,18,-1,121,-1,1,-1,-1,-1,-1,2,1,0,0,1,0,2,0,17,4,6,41.8791495,-87.64396622
2,325240,-1,30,1,2,0,1,9,5,-1,0,0,0,1,1,-1,-1,17,-1,813,-1,-1,-1,-1,-1,-1,2,1,0,0,1,0,1,0,17,4,6,41.77868046,-87.73013843
0,325292,-1,30,0,0,0,1,14,6,3,0,0,0,0,-1,-1,-1,18,-1,1231,-1,-1,-1,-1,-1,-1,2,0,0,0,0,0,3,0,17,4,6,41.8762411,-87.66662345
0,325237,-1,30,0,0,0,1,12,6,-1,0,0,0,0,-1,-1,-1,-1,-1,923,-1,-1,-1,-1,-1,-1,2,0,0,0,0,0,2,0,17,4,6,41.79613344,-87.68883924
0,325219,-1,30,1,2,0,1,4,5,4,0,0,1,1,-1,-1,-1,0,0,714,-1,-1,-1,-1,-1,-1,1,0,0,0,0,0,1,0,17,4,6,41.7831994,-87.66445781
0,325271,-1,30,0,0,0,1,12,6,1,0,-1,-1,0,-1,-1,-1,0,-1,2011,-1,-1,-1,-1,-1,-1,2,0,0,0,0,0,2,0,17,4,6,41.97755052,-87.69119001
3,325214,-1,30,1,2,0,1,0,2,2,0,0,0,1,1,-1,-1,17,11,1032,-1,-1,-1,-1,-1,-1,3,3,0,2,1,0,1,0,17,4,6,41.83692365,-87.71688132
0,325320,-1,15,0,0,0,1,7,7,-1,0,0,0,0,-1,-1,1,0,0,2533,-1,-1,-1,-1,-1,-1,2,0,0,0,0,0,1,0,17,4,6,41.90949257,-87.7478958
0,325209,-1,30,0,0,0,1,10,5,4,0,0,0,0,-1,-1,-1,18,0,2211,-1,-1,-1,-1,-1,-1,2,0,0,0,0,0,3,0,17,4,6,41.70639876,-87.69408419
0,325203,-1,30,-1,-1,0,1,7,6,-1,0,-1,-1,0,-1,-1,1,0,-1,2521,-1,-1,-1,-1,-1,-1,2,0,0,0,0,0,1,0,17,4,6,41.93080926,-87.75379004
0,326844,-1,30,0,0,0,1,12,3,-1,0,0,0,0,-1,-1,-1,21,21,332,-1,-1,-1,-1,-1,-1,2,0,0,0,0,0,2,0,16,4,6,41.77114824,-87.58583497
2,325169,-1,25,0,0,0,1,9,6,2,0,0,0,1,-1,-1,-1,0,-1,1831,-1,-1,-1,-1,-1,-1,2,1,0,0,1,0,2,0,16,4,6,41.8909384,-87.63059034
0,325217,-1,30,1,-1,0,1,14,12,4,0,0,0,1,1,-1,-1,6,-1,114,-1,-1,-1,-1,-1,-1,3,0,0,0,0,0,3,0,16,4,6,41.87583508,-87.62421289
0,325187,-1,30,0,0,0,1,7,5,6,0,0,0,0,-1,-1,-1,0,-1,2011,-1,-1,-1,-1,-1,-1,2,0,0,0,0,0,2,0,16,4,6,41.9866048,-87.68968912
0,325226,-1,30,0,0,0,1,10,5,2,0,-1,-1,0,-1,-1,-1,0,0,1724,-1,-1,-1,-1,-1,-1,3,0,0,0,0,0,5,0,16,4,6,41.96136787,-87.69711545
0,325224,-1,30,0,0,0,1,10,5,2,0,0,0,0,-1,-1,1,18,16,2515,-1,-1,-1,-1,-1,-1,2,0,0,0,0,0,2,0,16,4,6,41.9174519,-87.75810228
0,325188,-1,30,1,2,0,1,12,5,-1,0,0,0,0,-1,-1,1,0,-1,122,-1,-1,-1,-1,-1,-1,2,0,0,0,0,0,2,0,16,4,6,41.88452546,-87.63721639
0,325186,-1,30,1,2,0,1,10,3,-1,0,0,0,0,-1,-1,-1,16,-1,815,-1,-1,-1,-1,-1,-1,2,0,0,0,0,0,4,0,16,4,6,41.81714414,-87.74326393
0,325183,-1,25,2,0,0,1,10,5,-1,0,0,0,0,-1,-1,-1,18,21,2413,-1,-1,-1,-1,-1,-1,2,0,0,0,0,0,2,0,16,4,6,41.99727847,-87.70940736
0,325180,-1,30,0,0,0,1,7,5,2,0,0,0,1,-1,-1,-1,21,0,2032,-1,-1,-1,-1,-1,-1,3,0,0,0,0,0,1,0,16,4,6,41.97297583,-87.66940315
2,325178,-1,30,1,2,0,1,14,2,2,0,0,-1,1,1,-1,-1,0,-1,1433,-1,0,-1,-1,-1,-1,2,1,0,0,1,0,2,0,16,4,6,41.91642153,-87.66607007
0,325236,-1,30,0,-1,0,1,10,2,-1,0,0,0,0,-1,-1,1,0,0,1235,-1,-1,-1,-1,-1,-1,3,0,0,0,0,0,3,0,16,4,6,41.85596241,-87.64673685
0,326546,-1,30,0,0,0,1,14,2,2,0,0,-1,0,1,-1,-1,17,0,813,-1,-1,-1,-1,-1,-1,2,0,0,0,0,0,2,0,16,4,6,41.77860473,-87.72534986
0,325185,-1,0,0,0,12,-1,7,7,-1,0,0,0,0,-1,-1,1,0,21,111,-1,-1,-1,-1,-1,-1,2,0,0,0,0,0,1,0,16,4,6,41.88535046,-87.62933739
0,325146,-1,25,2,2,0,1,12,6,-1,0,0,0,0,-1,-1,-1,20,0,1733,-1,-1,-1,-1,-1,-1,2,0,0,0,0,0,2,0,16,4,6,41.94672833,-87.70674566
2,325086,-1,30,1,2,0,1,9,5,2,0,0,0,1,1,-1,-1,0,-1,1834,-1,-1,-1,-1,-1,-1,2,1,0,0,1,0,1,0,16,4,6,41.89180451,-87.61783918
1,325179,-1,20,2,2,0,1,10,5,2,0,0,0,1,1,-1,1,11,0,1912,-1,-1,-1,-1,-1,-1,2,1,0,0,0,1,1,0,16,4,6,41.95440817,-87.66767494
0,325099,-1,30,2,2,0,1,0,5,2,0,0,0,0,1,-1,-1,17,0,811,-1,-1,-1,-1,-1,-1,2,0,0,0,0,0,2,0,16,4,6,41.79581318,-87.79182303
0,333448,-1,30,0,0,0,1,10,7,-1,0,0,0,0,-1,-1,-1,0,-1,1432,-1,-1,-1,-1,-1,-1,2,0,0,0,0,0,2,0,16,4,6,41.929849,-87.68464378
0,327718,-1,30,1,2,0,1,12,5,2,0,0,-1,0,-1,-1,1,0,0,614,-1,-1,-1,-1,-1,-1,2,0,0,0,0,0,3,0,16,4,6,41.74284998,-87.67310736
0,327650,-1,30,2,2,0,1,10,5,-1,0,0,0,0,-1,-1,-1,18,18,1823,-1,-1,-1,-1,-1,-1,2,0,0,0,0,0,2,0,16,4,6,41.89756507,-87.63705957
0,326061,-1,25,0,0,0,1,7,5,-1,0,0,0,0,-1,-1,-1,22,0,1214,-1,-1,-1,-1,-1,-1,2,0,0,0,0,0,1,0,16,4,6,41.88744622,-87.65233895
0,325184,-1,30,1,2,0,1,10,5,2,0,0,0,0,-1,-1,-1,0,0,334,-1,-1,-1,-1,-1,-1,2,0,0,0,0,0,2,0,16,4,6,41.76252674,-87.56659498
0,325121,-1,30,-1,-1,0,1,14,6,1,0,0,-1,0,-1,-1,-1,0,0,2412,-1,-1,-1,-1,-1,-1,2,0,0,0,0,0,2,0,16,4,6,41.99975604,-87.68378806
0,325165,-1,30,0,0,0,1,7,7,-1,0,0,0,0,-1,-1,-1,0,0,1624,-1,-1,-1,-1,-1,-1,2,0,0,0,0,0,1,0,15,4,6,41.95587371,-87.7475223
0,325164,-1,30,1,2,0,1,12,2,4,0,0,0,0,1,-1,1,0,0,1432,-1,-1,-1,-1,-1,-1,2,0,0,0,0,0,2,0,15,4,6,41.92158491,-87.66877311
0,326846,-1,30,1,2,-1,1,14,12,-1,0,-1,-1,0,-1,-1,-1,17,0,1811,-1,-1,-1,-1,-1,-1,2,0,0,0,0,0,2,0,15,4,6,41.9165503,-87.65716548
0,325310,-1,30,1,2,0,1,10,5,-1,0,0,0,0,-1,-1,-1,0,0,1232,-1,-1,-1,-1,-1,-1,2,0,0,0,0,0,3,0,15,4,6,41.8671543,-87.6537517
0,325125,-1,35,-1,0,0,1,12,5,2,0,0,0,0,-1,-1,-1,0,0,1933,-1,-1,-1,-1,-1,-1,2,0,0,0,0,0,2,0,15,4,6,41.93275508,-87.6534881
0,325114,-1,30,0,0,0,1,0,12,1,0,-1,-1,0,-1,-1,-1,0,0,2412,-1,-1,-1,-1,-1,-1,2,0,0,0,0,0,2,0,15,4,6,41.99873417,-87.70563694
0,325100,-1,30,0,0,0,1,14,5,2,0,-1,-1,0,-1,-1,-1,22,-1,921,-1,-1,-1,-1,-1,-1,2,0,0,0,0,0,2,0,15,4,6,41.82274269,-87.69118212
0,325284,-1,30,1,2,0,1,7,5,-1,0,0,0,0,-1,-1,-1,20,-1,1824,-1,-1,-1,-1,-1,-1,2,0,0,0,0,0,1,0,15,4,6,41.90461508,-87.63015308
0,325061,-1,30,1,2,0,1,10,5,-1,0,0,0,0,-1,-1,-1,0,-1,1231,-1,-1,-1,-1,-1,-1,2,0,0,0,0,0,2,0,15,4,6,41.87507686,-87.66609323
0,325053,-1,5,12,12,0,1,12,12,-1,0,0,0,0,-1,-1,-1,0,0,423,-1,-1,-1,-1,-1,-1,2,0,0,0,0,0,2,0,15,4,6,-1,-1
0,325197,-1,30,1,2,0,1,12,5,-1,0,0,0,0,1,-1,-1,-1,-1,312,-1,-1,-1,-1,-1,-1,2,0,0,0,0,0,3,0,15,4,6,41.77850179,-87.60603509
0,325166,-1,30,0,0,0,1,10,3,2,0,0,0,0,-1,-1,-1,16,18,131,-1,-1,-1,-1,-1,-1,2,0,0,0,0,0,6,0,15,4,6,41.84743727,-87.6270447
0,325096,-1,30,0,0,0,1,14,5,3,0,0,-1,0,-1,-1,-1,0,0,1724,-1,-1,-1,-1,-1,-1,2,0,0,0,0,0,3,0,15,4,6,41.95402794,-87.70823497
0,325559,-1,30,0,0,0,4,14,5,-1,0,0,0,0,-1,-1,1,0,0,332,-1,-1,-1,-1,-1,-1,2,0,0,0,0,0,2,0,15,4,6,41.77336841,-87.57663855
0,325160,-1,30,1,2,0,1,12,-1,-1,0,0,0,0,-1,-1,-1,0,-1,121,-1,-1,-1,-1,-1,-1,2,0,0,0,0,0,3,0,15,4,6,41.88175915,-87.64397765
0,325057,-1,30,0,0,0,1,7,6,-1,0,0,0,0,-1,-1,1,-1,-1,2522,-1,-1,-1,-1,-1,-1,2,0,0,0,0,0,1,0,15,4,6,41.91838143,-87.75335852
2,325005,-1,30,1,2,0,1,10,5,4,0,0,0,1,1,-1,-1,18,-1,2221,-1,-1,-1,-1,-1,-1,2,1,0,0,1,0,2,0,15,4,6,41.72127688,-87.66595553
0,325051,-1,15,0,0,0,1,0,7,-1,0,0,0,1,-1,-1,-1,14,17,735,-1,-1,-1,-1,-1,-1,2,0,0,0,0,0,2,0,15,4,6,41.75926578,-87.66992751
0,325070,-1,30,-1,-1,0,1,10,5,-1,0,0,-1,0,-1,-1,-1,18,18,1212,-1,-1,-1,-1,-1,-1,2,0,0,0,0,0,2,0,15,4,6,41.90297191,-87.68348493
2,325052,-1,0,-1,-1,0,1,8,2,2,0,0,-1,1,-1,-1,1,22,17,1914,-1,-1,-1,-1,-1,-1,2,1,0,0,1,0,1,0,15,4,6,41.96538325,-87.65463897
0,325023,-1,30,1,2,0,1,10,5,4,0,0,0,0,-1,-1,-1,18,11,1014,-1,-1,-1,-1,-1,-1,2,0,0,0,0,0,2,0,15,4,6,41.85210673,-87.72239873
0,325011,-1,25,0,0,0,1,14,2,2,0,0,0,0,-1,-1,-1,0,0,815,-1,-1,-1,-1,-1,-1,2,0,0,0,0,0,2,0,15,4,6,41.80766816,-87.732299
0,324983,-1,30,0,0,0,1,14,2,2,0,0,0,1,-1,-1,-1,17,-1,1422,-1,-1,-1,-1,-1,-1,5,0,0,0,0,0,3,0,15,4,6,41.90293489,-87.70748104
0,325107,-1,30,0,0,0,1,7,5,-1,0,0,0,0,-1,-1,1,18,-1,913,-1,-1,-1,-1,-1,-1,2,0,0,0,0,0,1,0,14,4,6,41.84192884,-87.65764326
0,325104,-1,30,0,0,0,1,0,5,-1,0,0,0,0,-1,-1,-1,11,-1,2022,-1,-1,-1,-1,-1,-1,2,0,0,0,0,0,2,0,14,4,6,41.98852183,-87.6554866
2,325091,-1,30,0,0,0,1,2,6,1,0,0,0,1,-1,-1,-1,0,0,1213,-1,-1,-1,-1,-1,-1,2,1,0,0,1,0,0,0,14,4,6,41.8971204,-87.65348589
0,324967,-1,35,0,0,0,1,14,7,2,0,0,-1,0,-1,1,-1,17,0,1613,-1,1,-1,-1,-1,-1,2,0,0,0,0,0,2,0,14,4,6,41.97962305,-87.80683472
0,325732,-1,35,0,0,0,1,10,5,-1,0,0,0,0,-1,-1,-1,18,18,412,-1,-1,-1,-1,-1,-1,2,0,0,0,0,0,2,0,14,4,6,41.74407018,-87.58707106
0,325550,-1,30,0,0,0,1,7,5,2,0,0,0,0,-1,-1,-1,0,0,1824,-1,-1,-1,-1,-1,-1,2,0,0,0,0,0,1,0,14,4,6,41.90065534,-87.63376868
0,325156,-1,30,0,0,0,1,10,5,-1,0,0,0,0,-1,-1,-1,-1,-1,834,-1,-1,-1,-1,-1,-1,2,0,0,0,0,0,3,0,14,4,6,41.74247144,-87.70234438
0,325000,-1,30,0,0,0,1,7,5,-1,0,0,0,0,-1,-1,1,20,-1,1923,-1,-1,-1,-1,-1,-1,2,0,0,0,0,0,1,0,14,4,6,41.94975087,-87.65455072
0,324977,-1,25,0,0,0,1,0,5,-1,0,0,0,0,-1,-1,-1,17,23,2022,-1,-1,-1,-1,-1,-1,2,0,0,0,0,0,2,0,14,4,6,41.98852183,-87.6554866
2,324971,-1,30,0,0,0,1,14,5,4,0,0,0,1,1,-1,-1,16,17,1634,-1,-1,-1,-1,-1,-1,2,2,0,0,2,0,1,0,14,4,6,41.93887056,-87.74702056
0,324959,-1,30,0,0,0,1,12,5,4,0,0,0,0,-1,-1,-1,0,0,1623,-1,-1,-1,-1,-1,-1,3,0,0,0,0,0,3,0,14,4,6,41.96080391,-87.75003716
0,325475,-1,30,1,2,0,1,10,2,4,0,-1,-1,0,-1,-1,-1,18,15,132,-1,-1,-1,-1,-1,-1,2,0,0,0,0,0,2,0,14,4,6,41.84923758,-87.6185348
0,325025,-1,45,0,0,0,1,12,6,4,0,0,0,0,-1,-1,-1,17,22,1824,-1,-1,-1,-1,-1,-1,2,0,0,0,0,0,2,0,14,4,6,41.90407674,-87.62480394
0,324938,0,20,2,12,0,1,12,6,-1,0,0,0,0,-1,-1,-1,0,0,1112,-1,-1,-1,-1,-1,-1,3,0,0,0,0,0,3,0,14,4,6,41.89515505,-87.72010922
0,325533,-1,30,0,0,0,1,0,5,-1,0,0,0,0,-1,-1,-1,-1,-1,726,-1,-1,-1,-1,-1,-1,2,0,0,0,0,0,3,0,14,4,6,41.77194721,-87.67538142
0,325093,-1,35,1,2,0,1,10,5,-1,0,0,0,0,-1,-1,1,0,-1,1034,-1,-1,-1,-1,-1,-1,2,0,0,0,0,0,2,0,14,4,6,41.85003732,-87.69524995
0,325006,-1,30,0,0,0,1,10,5,-1,0,0,0,0,-1,-1,-1,18,18,932,-1,-1,-1,-1,-1,-1,4,0,0,0,0,0,4,0,14,4,6,41.79410468,-87.66708033
0,324947,-1,30,1,2,0,1,12,6,2,0,0,0,0,-1,-1,-1,22,-1,1225,-1,-1,-1,-1,-1,-1,2,0,0,0,0,0,2,0,14,4,6,41.87631722,-87.67664419
0,324939,-1,30,0,0,0,1,12,5,4,0,0,0,0,-1,-1,-1,0,-1,1234,-1,-1,-1,-1,-1,-1,2,0,0,0,0,0,2,0,14,4,6,41.85293703,-87.66617582
0,326202,-1,30,1,2,0,1,10,2,2,0,0,0,0,-1,-1,-1,7,18,1433,-1,-1,-1,-1,-1,-1,2,0,0,0,0,0,3,0,13,4,6,41.91050602,-87.66869135
0,324918,-1,25,0,0,0,1,10,2,4,0,0,0,0,-1,-1,-1,0,0,1024,-1,-1,-1,-1,-1,-1,2,0,0,0,0,0,2,0,13,4,6,41.84624146,-87.70523892
0,324903,-1,30,1,2,0,1,10,5,2,0,0,0,0,-1,-1,-1,18,11,1021,-1,-1,-1,-1,-1,-1,2,0,0,0,0,0,2,0,13,4,6,41.85913692,-87.71027863
0,324893,-1,0,0,0,0,1,7,2,2,0,0,0,0,-1,-1,-1,25,-1,2524,-1,-1,-1,-1,-1,-1,2,0,0,0,0,0,1,0,13,4,6,41.92790353,-87.73499851
0,325010,-1,30,2,2,0,1,10,5,2,0,0,0,0,0,-1,-1,18,-1,1935,-1,-1,-1,0,-1,-1,2,0,0,0,0,0,2,0,13,4,6,41.92558977,-87.64707552
0,325016,-1,20,0,0,0,1,10,5,-1,0,-1,-1,0,-1,-1,-1,18,18,1623,-1,-1,-1,-1,-1,-1,2,0,0,0,0,0,2,0,13,4,6,41.96813142,-87.74819049
0,324980,-1,30,0,0,0,1,11,7,0,0,0,0,1,-1,1,-1,33,0,1931,-1,-1,-1,-1,-1,-1,2,0,0,0,0,0,2,0,13,4,6,41.92883739,-87.67397132
2,324909,-1,0,0,0,0,1,2,7,-1,0,0,0,1,-1,1,-1,11,16,1412,-1,-1,-1,-1,-1,-1,3,2,0,0,2,0,1,0,13,4,6,41.93045225,-87.70990344
0,324924,-1,30,1,2,0,1,12,2,4,0,0,0,0,0,-1,-1,-1,-1,312,-1,-1,-1,-1,-1,-1,2,0,0,0,0,0,4,0,13,4,6,41.77687054,-87.60570502
0,324897,-1,25,0,0,0,1,14,2,2,0,0,0,0,-1,-1,1,0,0,825,-1,-1,-1,-1,-1,-1,2,0,0,0,0,0,2,0,13,4,6,41.77913823,-87.68406347
0,325140,-1,30,-1,-1,0,1,7,7,-1,0,0,-1,0,-1,-1,1,0,0,314,-1,-1,-1,-1,-1,-1,2,0,0,0,0,0,1,0,13,4,6,41.77966308,-87.58659137
0,325009,-1,10,0,0,0,1,7,7,-1,0,0,-1,0,-1,-1,-1,0,-1,731,-1,-1,-1,-1,-1,-1,2,0,0,0,0,0,1,0,13,4,6,41.76915534,-87.62681268
0,324899,-1,30,1,2,0,1,10,2,2,0,0,0,0,1,-1,-1,18,-1,2031,-1,-1,-1,-1,-1,-1,2,0,0,0,0,0,2,0,13,4,6,41.96864304,-87.69849172
2,324860,-1,30,0,0,0,1,0,2,-1,0,0,0,1,-1,-1,-1,21,17,912,-1,-1,-1,-1,-1,-1,2,1,0,0,1,0,3,0,13,4,6,41.83534052,-87.66553736
0,324910,-1,30,0,0,0,1,11,5,2,0,0,0,0,-1,-1,-1,22,16,1611,-1,-1,-1,-1,-1,-1,3,0,0,0,0,0,2,0,13,4,6,42.00272244,-87.81442532
2,324814,-1,30,0,0,0,1,9,2,4,0,0,0,1,-1,-1,-1,0,0,1115,-1,-1,-1,-1,-1,-1,2,1,0,0,1,0,1,0,13,4,6,41.88076576,-87.73153529
2,324857,-1,30,0,0,0,1,9,12,1,0,2,12,1,1,-1,-1,0,0,815,-1,-1,-1,0,-1,-1,2,1,0,0,1,0,1,0,13,4,6,41.79508062,-87.73287285
0,326028,-1,30,0,0,0,1,7,6,-1,0,0,0,0,-1,-1,1,0,0,923,-1,-1,-1,-1,-1,-1,3,0,0,0,0,0,1,0,13,4,6,41.79852105,-87.6962281
0,325701,-1,30,0,0,0,1,12,6,-1,0,0,0,0,-1,-1,-1,0,-1,122,-1,-1,-1,-1,-1,-1,2,0,0,0,0,0,2,0,13,4,6,41.8857537,-87.63407776
3,325024,-1,30,2,2,0,1,0,5,2,0,0,0,1,1,-1,-1,17,0,231,-1,-1,-1,-1,-1,-1,2,3,0,3,0,0,0,0,13,4,6,41.79397187,-87.61904272
0,324898,-1,30,1,2,0,1,10,5,-1,0,0,0,0,-1,-1,-1,16,16,413,-1,-1,-1,-1,-1,-1,2,0,0,0,0,0,2,0,13,4,6,41.72267949,-87.57550673
0,324882,-1,30,0,0,0,1,0,6,-1,0,0,0,0,-1,-1,-1,0,-1,2524,-1,-1,-1,-1,-1,-1,2,0,0,0,0,0,2,0,13,4,6,41.92499927,-87.71959514