MOST_SEVERE_INJURY,RD_NO,CRASH_DATE_EST_I,POSTED_SPEED_LIMIT,TRAFFIC_CONTROL_DEVICE,DEVICE_CONDITION,WEATHER_CONDITION,LIGHTING_CONDITION,FIRST_CRASH_TYPE,TRAFFICWAY_TYPE,LANE_CNT,ALIGNMENT,ROADWAY_SURFACE_COND,ROAD_DEFECT,CRASH_TYPE,INTERSECTION_RELATED_I,NOT_RIGHT_OF_WAY_I,HIT_AND_RUN_I,PRIM_CONTRIBUTORY_CAUSE,SEC_CONTRIBUTORY_CAUSE,BEAT_OF_OCCURRENCE,PHOTOS_TAKEN_I,STATEMENTS_TAKEN_I,DOORING_I,WORK_ZONE_I,WORK_ZONE_TYPE,WORKERS_PRESENT_I,NUM_UNITS,INJURIES_TOTAL,INJURIES_FATAL,INJURIES_INCAPACITATING,INJURIES_NON_INCAPACITATING,INJURIES_REPORTED_NOT_EVIDENT,INJURIES_NO_INDICATION,INJURIES_UNKNOWN,CRASH_HOUR,CRASH_DAY_OF_WEEK,CRASH_MONTH,LATITUDE,LONGITUDE
0,324835,-1,25,0,0,0,1,7,5,1,0,0,0,0,-1,-1,-1,0,-1,2433,-1,-1,-1,-1,-1,-1,2,0,0,0,0,0,1,0,13,4,6,41.99701957,-87.66162003
0,324879,-1,30,1,2,2,1,14,2,4,0,1,0,0,-1,-1,-1,17,16,1613,-1,-1,-1,-1,-1,-1,2,0,0,0,0,0,4,0,12,4,6,41.97576257,-87.7879343
0,324906,-1,30,0,0,0,1,7,6,1,0,0,-1,0,-1,-1,1,20,0,631,-1,-1,-1,-1,-1,-1,2,0,0,0,0,0,1,0,12,4,6,41.74413618,-87.61781735
0,324778,-1,30,0,0,0,1,12,5,2,0,0,0,0,-1,-1,-1,20,-1,513,-1,1,-1,-1,-1,-1,2,0,0,0,0,0,2,0,12,4,6,41.69899564,-87.62954345
0,324785,-1,30,1,2,0,1,10,3,4,0,1,0,0,1,-1,1,0,0,421,-1,0,-1,-1,-1,-1,3,0,0,0,0,0,5,0,12,4,6,41.75211585,-87.54806639
0,325835,-1,30,3,2,0,1,7,2,4,0,0,0,0,-1,-1,-1,21,-1,133,-1,-1,-1,-1,-1,-1,2,0,0,0,0,0,1,0,12,4,6,41.84683226,-87.62703105
1,324805,-1,30,1,2,2,1,10,5,-1,0,1,-1,1,-1,-1,-1,18,18,1611,-1,-1,-1,-1,-1,-1,2,1,0,0,0,1,2,0,12,4,6,41.9972419,-87.78785415
0,324802,-1,30,1,-1,0,1,10,5,-1,0,0,-1,0,1,-1,-1,18,-1,212,-1,-1,-1,-1,-1,-1,2,0,0,0,0,0,2,0,12,4,6,41.82392271,-87.61714589
0,324772,-1,30,1,2,0,1,10,2,-1,0,12,12,0,1,-1,-1,18,-1,922,-1,-1,-1,1,-1,-1,2,0,0,0,0,0,3,0,12,4,6,41.80837314,-87.69406076
0,326304,-1,30,0,0,0,1,7,5,2,0,0,0,0,-1,-1,1,0,0,2531,-1,-1,-1,-1,-1,-1,2,0,0,0,0,0,1,0,12,4,6,41.90390462,-87.77527816
0,324813,-1,30,0,0,0,1,12,5,2,0,0,0,0,-1,-1,-1,21,-1,113,-1,-1,-1,-1,-1,-1,2,0,0,0,0,0,2,0,12,4,6,41.87624813,-87.62441919
0,324791,-1,30,2,0,0,1,3,5,4,0,0,0,1,1,-1,-1,17,-1,1234,-1,-1,-1,-1,-1,-1,3,0,0,0,0,0,4,0,12,4,6,41.85231917,-87.67351598
2,324794,-1,15,2,2,0,1,0,8,1,0,0,0,1,1,-1,-1,0,0,734,-1,-1,-1,-1,-1,-1,2,1,0,0,1,0,1,0,12,4,6,41.76211781,-87.66059034
0,324760,-1,30,1,2,0,1,12,5,4,0,0,0,1,1,-1,-1,12,-1,2212,-1,-1,-1,-1,-1,-1,2,0,0,0,0,0,2,0,12,4,6,41.69054719,-87.66574889
0,324753,-1,30,1,2,0,1,12,2,4,0,0,0,0,-1,-1,-1,21,-1,1621,-1,-1,-1,-1,-1,-1,2,0,0,0,0,0,2,0,12,4,6,41.99172823,-87.74847613
2,325491,-1,30,1,2,0,1,9,5,-1,0,0,0,1,-1,-1,-1,-1,-1,1834,-1,-1,-1,-1,-1,-1,2,1,0,0,1,0,1,0,12,4,6,41.89099213,-87.61491067
0,324804,-1,30,1,2,0,1,7,5,-1,0,0,0,0,-1,-1,-1,12,12,423,-1,-1,-1,-1,-1,-1,2,0,0,0,0,0,1,0,12,4,6,41.73033517,-87.55140966
0,324757,-1,30,2,2,0,1,14,3,4,0,0,-1,0,-1,-1,1,17,-1,1213,-1,-1,-1,-1,-1,-1,2,0,0,0,0,0,2,0,12,4,6,41.8964054,-87.64994677
0,324790,-1,35,0,0,0,1,12,5,2,0,0,0,0,-1,-1,1,11,-1,2433,-1,-1,-1,-1,-1,-1,2,0,0,0,0,0,2,0,12,4,6,41.99648431,-87.66052299
2,324742,-1,30,2,0,0,1,8,2,2,0,0,0,1,1,-1,-1,17,17,2033,-1,-1,-1,-1,-1,-1,2,1,0,0,1,0,1,0,12,4,6,41.97553678,-87.65997733
0,324828,-1,25,0,0,0,1,7,5,-1,0,0,0,0,-1,-1,-1,11,16,2212,-1,-1,-1,-1,-1,-1,2,0,0,0,0,0,1,0,12,4,6,41.70232595,-87.65906929
0,324783,-1,30,0,0,0,1,14,5,2,0,0,0,0,-1,-1,-1,17,17,1733,-1,-1,-1,-1,-1,-1,2,0,0,0,0,0,3,0,12,4,6,41.94543706,-87.70793724
0,324827,-1,30,1,2,0,1,0,3,-1,0,0,0,1,1,-1,-1,17,-1,812,-1,1,-1,-1,-1,-1,2,0,0,0,0,0,2,0,12,4,6,41.77816187,-87.76178022
0,324808,-1,30,0,0,0,1,7,7,-1,0,0,0,0,-1,-1,1,25,-1,531,-1,-1,-1,-1,-1,-1,2,0,0,0,0,0,1,0,12,4,6,41.68595411,-87.62097318
0,324747,-1,30,0,0,0,1,7,5,-1,0,0,0,0,-1,-1,1,0,0,1414,-1,-1,-1,-1,-1,-1,2,0,0,0,0,0,1,0,12,4,6,41.91877148,-87.69849319
0,324769,-1,30,0,0,0,1,7,5,4,0,0,0,0,-1,-1,-1,-1,-1,835,-1,-1,-1,-1,-1,-1,2,0,0,0,0,0,1,0,11,4,6,41.74716353,-87.68292659
0,325012,-1,30,0,0,1,1,14,5,-1,0,0,0,0,1,-1,-1,10,25,2515,-1,-1,-1,-1,-1,-1,2,0,0,0,0,0,2,0,11,4,6,41.92408603,-87.76491189
0,329246,-1,30,0,0,0,1,2,5,-1,0,0,0,0,-1,-1,1,0,0,914,-1,-1,-1,-1,-1,-1,1,0,0,0,0,0,1,0,11,4,6,41.85351003,-87.63375047
2,328011,1,30,0,0,0,1,0,6,-1,0,0,0,1,-1,-1,-1,17,-1,2031,-1,-1,-1,-1,-1,-1,2,1,0,0,1,0,1,0,11,4,6,41.97089038,-87.686699
0,324925,-1,30,0,0,0,1,7,5,2,0,0,0,0,-1,-1,1,-1,-1,2515,1,-1,-1,-1,-1,-1,2,0,0,0,0,0,1,0,11,4,6,41.92373766,-87.77443712
0,324784,-1,30,0,0,-1,-1,12,5,2,0,-1,-1,0,-1,-1,-1,17,-1,412,-1,-1,-1,-1,-1,-1,2,0,0,0,0,0,2,0,11,4,6,41.73698108,-87.58870925
0,324780,-1,30,1,2,0,1,12,5,4,0,0,-1,0,-1,-1,1,22,28,412,-1,-1,-1,-1,-1,-1,2,0,0,0,0,0,5,0,11,4,6,41.73682263,-87.58578342
0,324717,-1,30,0,0,0,1,12,5,2,0,0,0,0,-1,-1,1,22,0,114,-1,-1,-1,-1,-1,-1,2,0,0,0,0,0,2,0,11,4,6,41.88216859,-87.62422057
0,325050,-1,30,1,1,0,1,0,2,2,0,0,-1,0,1,-1,1,6,0,614,-1,-1,-1,-1,-1,-1,2,0,0,0,0,0,3,0,11,4,6,41.74305229,-87.67302749
0,324710,1,25,1,0,1,1,12,6,3,0,0,0,0,1,-1,-1,0,0,122,-1,-1,-1,-1,-1,-1,2,0,0,0,0,0,2,0,11,4,6,41.88688546,-87.63562182
0,324650,-1,30,0,0,0,1,12,5,-1,0,0,0,0,-1,-1,-1,0,-1,1711,-1,-1,-1,-1,-1,-1,2,0,0,0,0,0,3,0,11,4,6,41.9971984,-87.71434623
0,324705,-1,30,0,0,0,1,10,12,2,0,0,0,0,-1,-1,-1,8,18,132,-1,-1,-1,-1,-1,-1,3,0,0,0,0,0,3,0,10,4,6,41.86278333,-87.61502674
0,324945,-1,15,0,0,0,1,11,0,1,0,0,0,0,-1,-1,-1,22,0,1931,-1,-1,-1,-1,-1,-1,2,0,0,0,0,0,2,0,10,4,6,41.92795166,-87.66839
0,324660,-1,30,1,2,0,1,10,6,2,0,0,-1,0,-1,-1,1,18,16,1214,-1,-1,-1,-1,-1,-1,2,0,0,0,0,0,4,0,10,4,6,41.88687281,-87.64148434
0,324704,-1,30,0,0,0,1,10,5,2,0,0,0,0,-1,-1,-1,0,-1,2521,-1,-1,-1,-1,-1,-1,3,0,0,0,0,0,3,0,10,4,6,41.93330626,-87.74681223
0,324629,-1,35,0,0,0,1,12,2,-1,0,0,0,0,-1,-1,-1,22,16,333,-1,-1,-1,-1,-1,-1,2,0,0,0,0,0,4,0,10,4,6,41.76062594,-87.57632659
0,324655,-1,30,0,0,0,1,12,6,4,0,0,0,0,-1,-1,-1,22,16,112,-1,-1,-1,-1,-1,-1,2,0,0,0,0,0,2,0,10,4,6,41.87961637,-87.62664224
0,324641,-1,30,-1,-1,0,1,2,6,-1,0,0,1,0,-1,-1,-1,28,28,1431,-1,-1,-1,1,0,1,1,0,0,0,0,0,1,0,10,4,6,41.91865672,-87.69235082
0,324634,-1,30,2,0,0,1,12,2,-1,0,0,0,0,-1,-1,-1,21,17,914,-1,-1,-1,-1,-1,-1,2,0,0,0,0,0,5,0,10,4,6,41.85088419,-87.63182512
0,324639,-1,30,2,0,0,1,10,2,4,0,0,0,0,-1,-1,-1,18,17,411,-1,-1,-1,-1,-1,-1,2,0,0,0,0,0,2,0,10,4,6,41.75133786,-87.58962026
0,325316,-1,30,0,0,0,1,7,7,1,0,0,0,0,-1,-1,-1,0,0,1813,-1,-1,-1,-1,-1,-1,2,0,0,0,0,0,1,0,10,4,6,41.91102258,-87.64876152
0,324597,-1,30,2,2,1,1,10,5,1,0,0,0,0,-1,-1,-1,18,-1,1231,-1,1,-1,-1,-1,-1,2,0,0,0,0,0,2,0,10,4,6,41.86859156,-87.6614719
0,327565,1,0,-1,-1,-1,-1,7,7,-1,0,-1,-1,0,-1,1,1,0,-1,622,-1,-1,-1,-1,-1,-1,2,0,0,0,0,0,1,0,10,4,6,41.7362617,-87.62906472
0,324638,-1,30,0,0,0,1,14,5,-1,0,0,0,0,1,-1,-1,17,-1,2533,-1,-1,-1,-1,-1,-1,2,0,0,0,0,0,3,0,10,4,6,41.91331612,-87.7461171
1,324606,-1,30,2,2,0,1,0,5,2,0,0,0,1,-1,-1,-1,17,-1,2232,-1,-1,-1,-1,-1,-1,2,1,0,0,0,1,2,0,10,4,6,41.7067142,-87.65381347
0,324603,-1,15,0,0,0,1,7,5,3,0,0,0,1,-1,-1,-1,21,0,1711,-1,-1,-1,-1,-1,-1,2,0,0,0,0,0,1,0,10,4,6,41.9910643,-87.73356937
0,324578,-1,30,0,0,0,1,7,5,2,0,0,0,0,-1,-1,1,11,0,511,-1,-1,-1,-1,-1,-1,2,0,0,0,0,0,1,0,9,4,6,41.71081272,-87.63259611
0,324579,-1,20,0,0,0,1,10,12,-1,0,0,0,1,-1,-1,-1,21,-1,1653,-1,-1,-1,-1,-1,-1,3,0,0,0,0,0,3,0,9,4,6,-1,-1
0,324572,-1,30,1,2,1,1,12,6,-1,0,0,0,0,-1,-1,1,18,-1,1231,-1,-1,-1,-1,-1,-1,2,0,0,0,0,0,2,0,9,4,6,41.87408687,-87.66687033
2,324564,-1,30,0,0,0,1,10,2,-1,0,0,0,1,-1,-1,-1,9,16,2212,-1,-1,-1,-1,-1,-1,3,1,0,0,1,0,3,0,9,4,6,41.70532619,-87.68144173
0,324599,-1,15,0,0,0,1,0,7,-1,0,0,0,0,-1,-1,-1,0,-1,1033,-1,-1,-1,-1,-1,-1,2,0,0,0,0,0,2,0,9,4,6,41.83718796,-87.70007061
0,324583,-1,30,0,0,1,1,12,5,2,2,0,3,0,-1,-1,-1,21,-1,1812,-1,-1,-1,-1,-1,-1,2,0,0,0,0,0,2,0,9,4,6,41.92482782,-87.64016496
3,324558,-1,30,1,2,0,1,0,3,2,0,0,0,1,1,-1,-1,0,0,1231,-1,1,-1,-1,-1,-1,2,1,0,1,0,0,1,0,9,4,6,41.87413327,-87.66674408
0,324549,-1,30,0,0,0,1,12,2,-1,0,0,0,0,-1,-1,-1,17,17,1622,-1,-1,-1,-1,-1,-1,2,0,0,0,0,0,2,0,9,4,6,41.97421159,-87.78775581
0,326636,-1,30,0,0,0,1,12,5,-1,0,0,0,0,-1,-1,1,-1,-1,923,-1,-1,-1,-1,-1,-1,2,0,0,0,0,0,5,0,9,4,6,41.80464125,-87.68451691
0,324631,-1,30,1,2,0,1,14,3,4,0,0,0,1,1,-1,1,22,0,1231,-1,-1,-1,-1,-1,-1,2,0,0,0,0,0,2,0,9,4,6,41.87633286,-87.66681112
0,324624,-1,20,0,0,0,1,7,6,1,0,0,0,0,-1,-1,-1,20,-1,1812,-1,-1,-1,-1,-1,-1,2,0,0,0,0,0,1,0,9,4,6,41.91920604,-87.64263276
0,324531,-1,30,1,2,0,1,10,3,4,0,1,0,0,-1,-1,-1,34,0,1722,-1,-1,-1,-1,-1,-1,2,0,0,0,0,0,2,0,9,4,6,41.96087038,-87.74409702
0,324535,-1,20,12,2,1,1,4,6,1,0,0,12,0,-1,-1,-1,28,3,531,0,-1,-1,1,0,1,1,0,0,0,0,0,1,0,8,4,6,41.6861117,-87.60842572
0,324563,-1,30,0,0,1,1,12,2,-1,0,0,0,0,-1,-1,-1,0,0,1732,-1,-1,-1,-1,-1,-1,2,0,0,0,0,0,2,0,8,4,6,41.94637386,-87.71911991
1,324513,-1,30,1,2,2,2,9,3,3,0,1,0,1,1,-1,-1,17,34,122,-1,1,-1,-1,-1,-1,2,1,0,0,0,1,1,0,8,4,6,41.8844946,-87.63667955
0,324529,-1,30,0,0,0,1,12,5,-1,0,0,0,0,-1,-1,-1,0,0,1411,-1,-1,-1,-1,-1,-1,2,0,0,0,0,0,3,0,8,4,6,41.93168803,-87.68803635
0,325549,-1,25,1,2,0,1,7,5,-1,0,0,0,0,-1,-1,-1,23,-1,1622,-1,-1,-1,-1,-1,-1,2,0,0,0,0,0,2,0,8,4,6,41.98304903,-87.76840629
0,325372,-1,30,0,0,0,1,10,7,-1,0,0,0,0,-1,-1,-1,0,0,1233,-1,-1,-1,-1,-1,-1,2,0,0,0,0,0,2,0,8,4,6,41.86625418,-87.66652414
0,324536,-1,30,1,2,1,1,10,5,-1,0,0,0,0,-1,-1,1,20,-1,1833,-1,-1,-1,-1,-1,-1,2,0,0,0,0,0,2,0,8,4,6,41.89679287,-87.62778758
0,324511,-1,30,1,2,2,1,10,5,4,0,1,0,0,-1,-1,-1,18,16,131,-1,-1,-1,-1,-1,-1,2,0,0,0,0,0,2,0,8,4,6,41.86539976,-87.62593557
0,324495,-1,30,0,0,0,1,7,5,2,0,12,12,0,-1,-1,-1,0,0,1935,-1,-1,-1,1,0,-1,2,0,0,0,0,0,1,0,8,4,6,41.9289575,-87.65015201
0,324496,-1,30,1,-1,0,2,10,5,-1,0,0,-1,0,-1,-1,-1,16,-1,1622,-1,-1,-1,-1,-1,-1,2,0,0,0,0,0,2,0,8,4,6,41.98279492,-87.78237491
0,324492,-1,30,2,2,1,1,7,2,4,0,1,0,0,-1,-1,-1,17,-1,1232,-1,-1,-1,-1,-1,-1,2,0,0,0,0,0,2,0,8,4,6,41.876541,-87.64870223
0,325206,-1,30,0,0,0,1,7,7,0,0,0,0,0,-1,1,-1,0,0,921,-1,-1,-1,-1,-1,-1,2,0,0,0,0,0,2,0,8,4,6,41.82120987,-87.70434018
0,324819,-1,30,0,0,0,1,14,5,2,0,0,0,0,-1,-1,1,23,-1,1831,-1,-1,-1,-1,-1,-1,2,0,0,0,0,0,2,0,8,4,6,41.88898642,-87.63801488
2,324519,-1,30,1,2,0,1,10,2,6,0,1,0,1,1,-1,-1,16,34,715,-1,-1,-1,-1,-1,-1,2,1,0,0,1,0,1,0,7,4,6,41.79355436,-87.66463755
0,324453,-1,30,1,2,0,1,10,5,6,0,0,-1,0,-1,-1,-1,16,-1,434,-1,-1,-1,-1,-1,-1,2,0,0,0,0,0,2,0,7,4,6,-1,-1
0,326918,-1,30,0,0,0,1,5,5,-1,0,0,1,0,-1,-1,-1,28,28,1834,-1,-1,-1,-1,-1,-1,1,0,0,0,0,0,1,0,7,4,6,41.88914612,-87.61413693
1,324841,-1,30,1,2,0,1,14,5,4,0,0,0,1,1,-1,-1,23,-1,324,-1,-1,-1,-1,-1,-1,2,1,0,0,0,1,1,0,7,4,6,41.76252391,-87.58577681
3,324448,-1,0,0,0,2,1,10,2,-1,0,1,0,1,-1,-1,-1,8,-1,832,-1,-1,-1,-1,-1,-1,3,2,0,1,1,0,1,0,7,4,6,41.771798,-87.68784599
0,324454,-1,30,0,0,0,1,10,5,-1,0,0,0,0,-1,-1,-1,18,18,814,-1,-1,-1,-1,-1,-1,3,0,0,0,0,0,3,0,7,4,6,41.7929851,-87.7533197
0,324437,-1,30,1,2,0,1,14,2,2,0,0,0,0,1,-1,-1,23,23,112,-1,-1,-1,-1,-1,-1,2,0,0,0,0,0,2,0,6,4,6,41.88064744,-87.62758591
0,324485,1,30,0,0,-1,-1,7,2,2,0,-1,0,0,-1,-1,1,0,-1,1622,-1,-1,-1,-1,-1,-1,2,0,0,0,0,0,1,0,6,4,6,41.96593719,-87.77734889
0,324427,-1,30,1,2,0,1,10,2,4,0,0,0,1,-1,-1,-1,18,-1,1611,-1,-1,-1,-1,-1,-1,2,0,0,0,0,0,2,0,6,4,6,41.99724469,-87.78758481
0,324429,-1,35,1,2,2,1,10,2,4,0,1,0,1,1,-1,-1,16,6,723,-1,-1,-1,-1,-1,-1,2,0,0,0,0,0,2,0,6,4,6,41.77609576,-87.64489095
1,324430,-1,30,3,0,2,1,9,5,4,0,1,-1,1,-1,-1,-1,-1,-1,922,-1,-1,-1,-1,-1,-1,2,1,0,0,0,1,1,0,6,4,6,41.80538208,-87.68450295
0,324418,-1,30,1,2,2,1,14,5,8,0,1,0,1,1,-1,-1,17,-1,1013,-1,-1,-1,-1,-1,-1,2,0,0,0,0,0,2,0,6,4,6,41.84777752,-87.73450597
0,324411,1,25,0,0,2,1,7,5,1,0,1,0,0,-1,-1,1,0,0,1813,-1,-1,-1,-1,-1,-1,2,0,0,0,0,0,1,0,5,4,6,41.91396108,-87.64685099
0,324422,-1,30,1,2,0,2,14,5,6,0,0,0,1,1,-1,-1,0,-1,431,-1,-1,-1,-1,-1,-1,2,0,0,0,0,0,2,0,5,4,6,41.72224382,-87.58496912
2,324403,-1,30,0,0,2,1,14,5,2,0,1,0,1,-1,-1,-1,34,0,1122,-1,-1,-1,-1,-1,-1,3,1,0,0,1,0,1,0,5,4,6,41.88177313,-87.72222956
1,324401,-1,30,1,2,2,2,10,3,6,0,1,0,1,-1,-1,-1,34,34,815,-1,-1,-1,-1,-1,-1,2,1,0,0,0,1,1,0,5,4,6,41.816738,-87.74324347
0,324395,-1,30,1,2,2,3,12,5,-1,0,1,0,0,-1,-1,-1,18,22,1034,-1,-1,-1,-1,-1,-1,2,0,0,0,0,0,2,0,4,4,6,41.8466324,-87.68074284
0,324387,-1,30,1,2,2,3,0,2,4,0,1,0,0,1,-1,1,16,34,724,-1,-1,-1,-1,-1,-1,2,0,0,0,0,0,3,0,3,4,6,41.76896645,-87.64950827
0,324374,-1,25,0,0,2,-1,12,3,3,3,1,0,1,-1,-1,-1,34,-1,1814,-1,-1,-1,-1,-1,-1,2,0,0,0,0,0,2,0,3,4,6,41.91296035,-87.62660834
0,324377,1,30,1,2,2,3,14,2,2,0,1,0,1,1,-1,-1,17,34,822,-1,-1,-1,-1,-1,-1,2,0,0,0,0,0,2,0,2,4,6,41.78615531,-87.70349314
2,324381,-1,30,1,2,2,3,2,2,2,0,1,0,1,1,-1,-1,0,-1,623,-1,-1,-1,-1,-1,-1,1,3,0,0,3,0,1,0,2,4,6,41.75652598,-87.62457852
0,324371,-1,30,1,2,2,3,14,2,7,0,1,0,0,0,-1,-1,0,0,114,-1,-1,-1,-1,-1,-1,2,0,0,0,0,0,2,0,2,4,6,41.88457722,-87.62440363
0,324654,-1,20,0,0,-1,3,7,6,1,0,-1,0,0,-1,-1,1,0,-1,423,-1,-1,-1,-1,-1,-1,2,0,0,0,0,0,1,0,2,4,6,41.74110237,-87.55649752
0,324359,-1,30,1,2,2,0,2,2,4,3,1,0,1,-1,-1,1,0,-1,331,-1,-1,-1,-1,-1,-1,1,0,0,0,0,0,2,0,1,4,6,-1,-1
1,324352,-1,35,1,2,0,3,0,5,4,0,1,0,1,1,-1,1,6,0,834,-1,-1,-1,-1,-1,-1,2,1,0,0,0,1,1,0,1,4,6,41.74950686,-87.7147359
0,324826,-1,30,1,2,0,1,12,3,4,0,0,0,0,-1,-1,-1,0,0,1022,-1,-1,-1,-1,-1,-1,2,0,0,0,0,0,2,0,1,4,6,41.8596538,-87.70081393
0,324342,-1,40,0,0,2,3,12,3,4,0,1,0,0,-1,-1,-1,34,25,1833,-1,-1,-1,-1,-1,-1,2,0,0,0,0,0,2,0,1,4,6,41.89932228,-87.61873843
2,324339,-1,30,0,0,2,3,12,2,1,0,1,-1,1,-1,-1,-1,22,10,334,-1,-1,-1,-1,-1,-1,2,2,0,0,1,1,0,0,0,4,6,41.76247832,-87.55886378
0,324336,-1,30,0,0,0,3,7,5,2,0,1,0,1,-1,-1,1,16,15,833,-1,-1,-1,-1,-1,-1,2,0,0,0,0,0,5,0,0,4,6,41.76489623,-87.72229254
2,324305,-1,40,0,0,0,3,2,5,2,0,1,0,1,-1,-1,-1,1,0,2212,-1,-1,-1,-1,-1,-1,1,1,0,0,1,0,0,0,0,4,6,41.68458232,-87.68605743
0,324315,-1,30,1,2,2,3,10,3,-1,0,1,0,0,1,-1,-1,0,-1,122,-1,-1,-1,-1,-1,-1,2,0,0,0,0,0,2,0,0,4,6,41.88188623,-87.63661833
0,324303,-1,30,1,2,0,3,14,2,1,0,0,0,1,0,-1,-1,14,21,1622,-1,-1,-1,-1,-1,-1,2,0,0,0,0,0,2,0,0,4,6,41.97625834,-87.78740737
0,324304,-1,30,1,2,0,0,10,2,4,0,1,0,1,-1,-1,-1,32,16,1522,-1,-1,-1,-1,-1,-1,2,0,0,0,0,0,6,0,0,4,6,41.88022772,-87.75774847
0,324299,-1,35,0,0,0,0,7,5,4,0,1,0,1,1,-1,-1,14,14,611,-1,-1,-1,-1,-1,-1,2,0,0,0,0,0,1,0,23,3,6,41.7484348,-87.66353358
0,324311,-1,30,0,0,0,3,10,5,-1,0,0,0,0,-1,-1,-1,18,-1,1733,-1,-1,-1,-1,-1,-1,2,0,0,0,0,0,2,0,23,3,6,41.93941738,-87.70992512
0,324294,1,30,1,2,2,3,14,5,-1,0,1,-1,0,-1,-1,-1,17,21,1513,-1,-1,-1,-1,-1,-1,2,0,0,0,0,0,2,0,23,3,6,41.87091636,-87.77415345
0,324274,-1,35,1,2,2,3,10,5,2,0,1,12,0,1,-1,1,0,0,731,-1,-1,-1,1,2,-1,2,0,0,0,0,0,3,0,23,3,6,41.76188011,-87.62983595
0,324296,-1,25,0,0,2,0,2,7,-1,0,1,0,0,-1,0,-1,34,-1,1914,-1,-1,-1,-1,-1,-1,1,0,0,0,0,0,2,0,23,3,6,41.96190985,-87.65312738
3,324249,-1,30,0,0,2,3,9,5,4,2,1,0,1,1,-1,-1,23,34,1214,-1,-1,-1,-1,-1,-1,2,1,0,1,0,0,2,0,22,3,6,41.89387242,-87.6515232
0,324301,-1,30,-1,-1,-1,3,12,5,-1,0,1,-1,0,-1,-1,1,23,-1,1935,-1,-1,-1,-1,-1,-1,2,0,0,0,0,0,2,0,22,3,6,41.92872348,-87.64902258
0,324477,-1,30,1,2,-1,3,12,3,-1,0,-1,0,0,-1,-1,1,22,22,2211,-1,-1,-1,-1,-1,-1,2,0,0,0,0,0,2,0,22,3,6,41.7135699,-87.68198572
0,324270,-1,30,0,0,2,0,4,12,-1,0,1,1,0,-1,1,-1,0,0,815,-1,-1,-1,-1,-1,-1,2,0,0,0,0,0,1,0,22,3,6,41.79619759,-87.72339188
0,324239,-1,30,0,0,2,3,7,6,1,0,1,0,0,-1,-1,1,20,0,512,-1,-1,-1,-1,-1,-1,2,0,0,0,0,0,1,0,22,3,6,41.70287767,-87.61951769
0,324275,-1,30,0,0,2,3,6,3,-1,3,1,0,1,-1,-1,-1,0,-1,424,-1,-1,-1,-1,-1,-1,1,0,0,0,0,0,1,0,22,3,6,41.7311473,-87.54003464
0,324219,-1,35,1,2,0,3,7,5,2,0,1,0,0,-1,-1,1,0,0,2013,-1,-1,-1,-1,-1,-1,2,0,0,0,0,0,1,0,22,3,6,41.98746481,-87.66033437
0,324209,-1,30,0,0,2,3,2,5,-1,0,1,-1,1,-1,-1,-1,15,-1,711,-1,-1,-1,-1,-1,-1,1,0,0,0,0,0,1,0,21,3,6,41.78702587,-87.63854647
0,324223,-1,30,1,-1,2,3,10,5,-1,0,1,-1,0,-1,-1,-1,18,-1,1925,-1,-1,-1,-1,-1,-1,3,0,0,0,0,0,3,0,21,3,6,41.94009648,-87.64884604
3,324202,-1,30,0,0,2,3,9,5,2,0,1,0,1,-1,-1,0,0,0,1213,-1,-1,-1,-1,-1,-1,2,1,0,1,0,0,1,0,21,3,6,41.9023615,-87.66515171
0,324206,-1,30,0,0,0,2,2,3,2,0,0,0,1,-1,-1,-1,0,-1,1232,-1,-1,-1,-1,-1,-1,1,0,0,0,0,0,1,0,21,3,6,41.88155996,-87.6543724
0,324185,-1,30,0,0,0,4,10,6,-1,0,0,0,0,-1,-1,-1,22,-1,1832,-1,-1,-1,-1,-1,-1,2,0,0,0,0,0,2,0,21,3,6,41.89496867,-87.62939918
0,324193,-1,40,3,-1,2,3,12,3,8,0,1,-1,0,-1,-1,-1,0,-1,1915,-1,-1,-1,-1,-1,-1,2,0,0,0,0,0,5,0,21,3,6,41.95468924,-87.64497464
0,324164,-1,30,1,2,2,3,2,5,0,0,1,0,1,1,-1,-1,34,0,714,-1,-1,-1,-1,-1,-1,1,0,0,0,0,0,2,0,21,3,6,41.77940715,-87.6737575
0,406402,-1,30,0,0,0,1,0,5,-1,0,0,0,0,-1,-1,-1,20,0,1923,-1,-1,-1,-1,-1,-1,2,0,0,0,0,0,3,0,21,3,6,41.95348786,-87.65349399
2,324220,-1,30,0,0,1,4,7,5,2,0,1,0,1,-1,-1,-1,25,34,323,-1,-1,-1,-1,-1,-1,3,1,0,0,1,0,1,0,20,3,6,41.75997462,-87.61501134
2,324162,-1,25,0,0,2,3,9,5,2,0,1,0,1,-1,-1,1,17,-1,2031,-1,-1,-1,-1,-1,-1,2,1,0,0,1,0,1,0,20,3,6,41.96867023,-87.69516275
0,324208,-1,30,1,2,2,3,14,5,4,0,1,-1,0,1,-1,-1,17,-1,131,-1,-1,-1,-1,-1,-1,2,0,0,0,0,0,2,0,20,3,6,41.8550444,-87.63004833
0,324166,-1,30,0,0,0,3,6,7,0,0,1,0,1,-1,1,-1,11,34,1914,-1,-1,-1,-1,-1,-1,1,0,0,0,0,0,5,0,20,3,6,41.96601731,-87.64538863
0,324181,-1,30,-1,-1,-1,-1,7,2,4,0,-1,0,0,-1,-1,-1,17,0,2521,-1,-1,-1,-1,-1,-1,2,0,0,0,0,0,1,0,20,3,6,41.92423934,-87.75457288