MOST_SEVERE_INJURY,RD_NO,CRASH_DATE_EST_I,POSTED_SPEED_LIMIT,TRAFFIC_CONTROL_DEVICE,DEVICE_CONDITION,WEATHER_CONDITION,LIGHTING_CONDITION,FIRST_CRASH_TYPE,TRAFFICWAY_TYPE,LANE_CNT,ALIGNMENT,ROADWAY_SURFACE_COND,ROAD_DEFECT,CRASH_TYPE,INTERSECTION_RELATED_I,NOT_RIGHT_OF_WAY_I,HIT_AND_RUN_I,PRIM_CONTRIBUTORY_CAUSE,SEC_CONTRIBUTORY_CAUSE,BEAT_OF_OCCURRENCE,PHOTOS_TAKEN_I,STATEMENTS_TAKEN_I,DOORING_I,WORK_ZONE_I,WORK_ZONE_TYPE,WORKERS_PRESENT_I,NUM_UNITS,INJURIES_TOTAL,INJURIES_FATAL,INJURIES_INCAPACITATING,INJURIES_NON_INCAPACITATING,INJURIES_REPORTED_NOT_EVIDENT,INJURIES_NO_INDICATION,INJURIES_UNKNOWN,CRASH_HOUR,CRASH_DAY_OF_WEEK,CRASH_MONTH,LATITUDE,LONGITUDE
2,324152,-1,35,0,0,2,4,0,2,4,0,1,0,1,-1,-1,1,17,-1,2212,-1,-1,-1,-1,-1,-1,2,1,0,0,1,0,1,0,20,3,6,41.69056465,-87.68126451
0,324156,-1,30,1,2,2,1,14,5,4,0,1,-1,1,1,-1,1,17,11,832,-1,-1,-1,-1,-1,-1,2,0,0,0,0,0,3,0,20,3,6,41.77188403,-87.6835884
0,324130,-1,35,0,0,2,3,14,2,4,0,1,0,0,-1,-1,-1,34,34,1711,-1,-1,-1,-1,-1,-1,2,0,0,0,0,0,2,0,20,3,6,41.99717725,-87.71731408
2,324117,-1,35,0,0,2,0,7,5,-1,0,1,0,1,-1,-1,-1,16,-1,726,-1,-1,-1,-1,-1,-1,4,2,0,0,2,0,1,0,20,3,6,41.77916282,-87.6770312
0,324118,-1,35,0,0,2,2,6,3,2,0,1,0,1,-1,-1,0,16,34,424,-1,-1,-1,-1,-1,-1,1,0,0,0,0,0,1,0,20,3,6,41.73277041,-87.54002002
0,324167,-1,20,0,0,2,3,7,5,2,0,1,-1,0,-1,-1,-1,34,20,2424,-1,-1,-1,-1,-1,-1,2,0,0,0,0,0,1,0,20,3,6,42.00999582,-87.67960809
0,324107,-1,30,1,2,0,1,0,5,2,0,0,0,0,-1,-1,-1,17,0,932,-1,-1,-1,-1,-1,-1,2,0,0,0,0,0,2,0,20,3,6,41.79567268,-87.67449746
0,324105,-1,30,0,0,2,4,0,5,1,0,1,0,0,-1,-1,-1,17,16,2515,-1,-1,-1,-1,-1,-1,2,0,0,0,0,0,3,0,20,3,6,41.92366106,-87.76612552
0,324204,-1,30,1,1,2,3,10,5,-1,0,1,0,0,-1,-1,-1,0,0,1621,-1,-1,-1,-1,-1,-1,2,0,0,0,0,0,2,0,19,3,6,41.99745886,-87.76575419
0,325588,-1,30,1,2,2,0,11,5,-1,0,1,0,0,1,-1,-1,17,0,1434,-1,-1,-1,-1,-1,-1,2,0,0,0,0,0,2,0,19,3,6,41.91755732,-87.6826644
2,324478,-1,30,0,0,2,3,0,5,4,0,1,0,1,-1,-1,-1,17,-1,715,-1,-1,-1,-1,-1,-1,2,1,0,0,1,0,3,0,19,3,6,41.79342488,-87.67413115
1,324077,-1,25,1,2,2,3,8,5,2,0,1,0,1,1,-1,-1,0,0,1924,-1,-1,1,-1,-1,-1,2,1,0,0,0,1,2,0,19,3,6,41.9400795,-87.65011278
0,324071,-1,30,1,2,2,1,14,2,-1,0,1,0,0,1,-1,-1,23,-1,1434,-1,-1,-1,-1,-1,-1,2,0,0,0,0,0,2,0,19,3,6,41.91744589,-87.68725997
1,324080,-1,25,1,2,2,3,9,5,-1,0,1,0,1,1,-1,-1,33,7,1834,-1,-1,-1,-1,-1,-1,2,1,0,0,0,1,4,0,19,3,6,41.89403581,-87.62798619
1,324068,-1,30,1,2,2,1,10,5,2,0,1,0,1,-1,-1,-1,34,18,734,-1,-1,-1,-1,-1,-1,2,1,0,0,0,1,1,0,19,3,6,41.76503172,-87.66283081
0,326829,1,30,0,0,0,1,7,6,-1,0,0,0,0,-1,-1,1,0,-1,2012,-1,-1,-1,-1,-1,-1,2,0,0,0,0,0,1,0,19,3,6,41.98142529,-87.672359
0,324061,-1,30,1,2,1,4,10,1,3,0,0,0,0,1,-1,-1,18,-1,1814,-1,-1,-1,-1,-1,-1,3,0,0,0,0,0,5,0,19,3,6,41.91130231,-87.63330048
0,324136,0,30,1,2,0,4,10,5,-1,0,1,0,0,1,-1,-1,-1,18,911,-1,-1,-1,-1,-1,-1,2,0,0,0,0,0,2,0,19,3,6,41.82336339,-87.68502869
2,324041,-1,30,0,3,2,4,8,5,-1,0,1,0,1,-1,-1,-1,33,0,234,-1,-1,1,-1,-1,-1,2,1,0,0,1,0,0,0,19,3,6,41.7997291,-87.58397499
0,324619,-1,30,0,0,0,1,10,3,4,0,0,0,0,-1,-1,-1,22,-1,131,-1,-1,-1,-1,-1,-1,2,0,0,0,0,0,2,0,19,3,6,41.86189505,-87.62714189
2,324074,-1,30,0,0,2,1,14,5,2,0,1,0,1,-1,-1,-1,0,-1,1433,-1,-1,-1,-1,-1,-1,2,2,0,0,2,0,2,0,19,3,6,41.9062437,-87.66986228
0,324048,-1,30,0,-1,2,1,10,5,-1,0,1,0,0,-1,-1,-1,0,-1,2533,-1,-1,-1,-1,-1,-1,2,0,0,0,0,0,2,0,19,3,6,41.90790966,-87.74620019
0,324008,-1,30,0,0,2,1,14,5,2,0,1,0,1,-1,-1,-1,17,-1,2532,-1,-1,-1,-1,-1,-1,2,0,0,0,0,0,3,0,19,3,6,41.90225538,-87.76556479
0,324066,-1,30,0,0,0,1,7,2,4,0,-1,-1,0,-1,-1,1,11,16,1722,-1,-1,-1,-1,-1,-1,2,0,0,0,0,0,3,0,19,3,6,41.96170873,-87.72799409
0,324065,-1,30,-1,-1,0,1,12,5,-1,0,0,-1,0,-1,-1,-1,0,-1,1631,-1,-1,-1,-1,-1,-1,2,0,0,0,0,0,2,0,19,3,6,41.94033856,-87.83635925
0,324006,-1,30,1,2,2,1,10,5,2,0,1,0,0,-1,-1,-1,18,-1,123,-1,-1,-1,-1,-1,-1,2,0,0,0,0,0,2,0,19,3,6,41.86752194,-87.62752298
0,324038,-1,30,0,0,2,3,7,5,2,0,1,-1,0,-1,-1,-1,16,-1,712,-1,-1,-1,-1,-1,-1,2,0,0,0,0,0,1,0,19,3,6,41.79163474,-87.65466305
0,324030,-1,30,0,0,2,1,7,7,0,0,1,0,0,-1,-1,1,20,-1,124,-1,-1,-1,-1,-1,-1,2,0,0,0,0,0,2,0,19,3,6,41.8698556,-87.64027031
2,324025,-1,35,0,0,2,4,2,5,2,0,1,0,1,-1,-1,-1,0,0,421,-1,-1,-1,-1,-1,-1,1,1,0,0,1,0,1,0,19,3,6,41.75972919,-87.55651347
0,325536,1,10,0,0,2,3,7,12,0,0,1,0,0,-1,-1,-1,0,0,812,-1,-1,-1,-1,-1,-1,2,0,0,0,0,0,1,0,19,3,6,41.773932,-87.79323282
0,325067,-1,30,1,2,0,1,10,2,4,0,0,0,0,-1,-1,1,17,0,1935,-1,-1,-1,-1,-1,-1,2,0,0,0,0,0,2,0,19,3,6,41.92579631,-87.63521319
0,324127,-1,30,0,0,2,1,10,5,2,0,0,0,0,-1,-1,-1,0,-1,1234,-1,-1,-1,-1,-1,-1,2,0,0,0,0,0,2,0,19,3,6,41.85765602,-87.66796821
0,324063,-1,30,1,0,2,1,10,5,-1,0,1,0,0,-1,-1,1,17,18,123,-1,-1,-1,-1,-1,-1,2,0,0,0,0,0,3,0,19,3,6,41.86752386,-87.62738386
0,337595,-1,30,0,0,0,1,7,5,4,0,0,0,0,-1,-1,1,22,0,914,-1,-1,-1,-1,-1,-1,2,0,0,0,0,0,1,0,18,3,6,41.84199897,-87.63312911
2,324019,-1,30,0,0,2,3,14,5,2,0,1,0,1,1,-1,-1,21,25,832,-1,-1,-1,-1,-1,-1,2,2,0,0,1,1,1,0,18,3,6,41.76461231,-87.68185912
0,324050,-1,35,0,0,2,1,12,5,-1,0,1,0,0,-1,-1,-1,21,11,835,-1,-1,-1,-1,-1,-1,2,0,0,0,0,0,2,0,18,3,6,41.73535254,-87.69922058
0,324047,-1,30,0,0,2,2,7,5,2,0,1,0,0,-1,-1,-1,0,-1,914,-1,-1,-1,-1,-1,-1,2,0,0,0,0,0,2,0,18,3,6,41.85088827,-87.63490614
0,324028,-1,30,0,0,1,1,10,6,-1,0,0,-1,0,-1,-1,-1,0,0,225,-1,-1,-1,-1,-1,-1,2,0,0,0,0,0,2,0,18,3,6,-1,-1
0,324031,-1,30,0,0,2,1,12,6,2,0,1,0,0,-1,-1,-1,11,0,1833,-1,-1,-1,-1,-1,-1,2,0,0,0,0,0,2,0,18,3,6,41.90024876,-87.62711776
0,323967,-1,30,1,2,0,1,10,3,4,0,0,0,0,1,-1,-1,22,-1,132,1,-1,-1,-1,-1,-1,2,0,0,0,0,0,3,0,18,3,6,41.86740213,-87.62240687
0,323965,-1,30,-1,-1,0,1,10,5,-1,0,-1,-1,0,-1,-1,-1,0,-1,2512,-1,-1,-1,-1,-1,-1,2,0,0,0,0,0,2,0,18,3,6,41.92059523,-87.78520323
0,323944,-1,30,0,0,0,1,12,5,2,0,0,0,0,-1,-1,1,21,-1,122,-1,-1,-1,-1,-1,-1,2,0,0,0,0,0,2,0,18,3,6,41.88678923,-87.63233334
0,323935,-1,30,1,2,0,1,10,3,4,0,0,-1,0,-1,-1,1,16,18,411,-1,-1,-1,-1,-1,-1,2,0,0,0,0,0,5,0,18,3,6,41.75140036,-87.58549984
0,323986,-1,30,1,2,0,1,10,3,4,0,0,0,0,1,-1,-1,18,-1,1911,-1,-1,-1,-1,-1,-1,2,0,0,0,0,0,2,0,18,3,6,41.96466306,-87.68893075
1,323918,-1,30,0,0,0,1,10,2,2,0,0,-1,1,-1,-1,-1,18,18,2523,-1,-1,-1,-1,-1,-1,2,1,0,0,0,1,3,0,18,3,6,41.93608671,-87.72695057
0,323974,-1,30,0,0,0,1,7,5,-1,0,0,0,0,-1,-1,1,11,-1,411,-1,-1,-1,-1,-1,-1,2,0,0,0,0,0,1,0,18,3,6,41.74599015,-87.5972819
0,323949,-1,30,1,2,0,1,0,12,-1,0,0,-1,1,1,-1,-1,0,-1,725,-1,-1,-1,-1,-1,-1,3,0,0,0,0,0,6,0,18,3,6,41.77223763,-87.65931214
0,325034,1,30,0,0,-1,-1,7,6,1,0,-1,-1,0,-1,-1,1,0,0,1713,-1,-1,-1,-1,-1,-1,2,0,0,0,0,0,1,0,18,3,6,41.97066754,-87.70594626
0,324161,-1,30,7,2,2,1,10,2,4,0,1,0,0,1,-1,-1,18,34,132,-1,-1,-1,-1,-1,-1,2,0,0,0,0,0,2,0,18,3,6,41.85279513,-87.62241541
0,323905,-1,35,0,0,0,1,10,5,2,0,0,0,0,-1,-1,-1,18,-1,1722,-1,-1,-1,-1,-1,-1,2,0,0,0,0,0,2,0,18,3,6,41.96091688,-87.73857529
0,323981,-1,30,1,2,0,1,12,2,4,0,0,0,0,1,-1,-1,22,-1,1834,-1,-1,-1,-1,-1,-1,2,0,0,0,0,0,2,0,17,3,6,41.88935425,-87.62410246
0,323959,-1,30,0,0,1,1,12,5,4,0,0,0,0,-1,-1,-1,21,17,833,-1,-1,-1,-1,-1,-1,2,0,0,0,0,0,2,0,17,3,6,41.7568764,-87.72232174
0,323900,-1,30,1,2,1,1,10,5,4,0,0,0,0,1,-1,-1,18,11,815,-1,-1,-1,-1,-1,-1,2,0,0,0,0,0,2,0,17,3,6,41.82256384,-87.72418748
0,334151,-1,30,-1,-1,0,1,7,6,1,0,0,0,1,-1,0,1,0,-1,1732,-1,-1,-1,-1,-1,-1,2,0,0,0,0,0,1,0,17,3,6,41.95223889,-87.73065751
0,323927,-1,30,1,2,0,1,10,5,-1,0,0,0,0,-1,-1,-1,0,-1,1233,-1,-1,-1,-1,-1,-1,2,0,0,0,0,0,5,0,17,3,6,41.86674798,-87.66896113
0,323893,-1,30,0,0,0,1,7,3,2,0,0,0,0,-1,-1,-1,11,-1,1033,-1,-1,-1,-1,-1,-1,2,0,0,0,0,0,1,0,17,3,6,41.84025116,-87.69525753
0,324588,-1,30,0,0,0,1,12,6,3,0,0,0,0,-1,-1,-1,17,21,915,-1,-1,-1,-1,-1,-1,2,0,0,0,0,0,2,0,17,3,6,41.8314914,-87.63166659
0,323919,-1,30,1,2,0,1,10,5,-1,0,1,0,0,-1,-1,1,-1,-1,1833,-1,-1,-1,-1,-1,-1,2,0,0,0,0,0,2,0,17,3,6,41.89665314,-87.62223966
2,323889,-1,25,0,0,0,1,3,5,2,0,0,0,1,-1,-1,-1,22,-1,1232,-1,0,-1,-1,-1,-1,2,1,0,0,1,0,2,0,17,3,6,41.87744606,-87.64824895
0,324024,-1,30,0,0,0,1,0,5,2,0,0,0,0,-1,-1,-1,17,17,622,-1,-1,-1,-1,-1,-1,2,0,0,0,0,0,2,0,17,3,6,41.74339816,-87.63425177
0,323912,-1,30,0,0,0,1,10,2,4,0,0,0,0,-1,-1,1,20,25,731,-1,-1,-1,-1,-1,-1,2,0,0,0,0,0,2,0,17,3,6,41.76736308,-87.62988457
0,323881,-1,30,2,2,0,1,0,12,0,0,0,0,0,1,-1,-1,17,16,1433,-1,-1,-1,-1,-1,-1,2,0,0,0,0,0,2,0,17,3,6,41.91227422,-87.67255494
0,324145,-1,30,1,2,0,1,0,5,-1,0,0,0,0,-1,-1,-1,6,-1,1733,-1,-1,-1,-1,-1,-1,2,0,0,0,0,0,2,0,17,3,6,41.93944056,-87.70771852
0,323924,-1,30,1,2,0,1,8,5,2,0,-1,-1,0,-1,-1,-1,18,22,1925,-1,-1,-1,-1,-1,-1,2,0,0,0,0,0,2,0,17,3,6,41.94028083,-87.64455411
0,323849,-1,30,0,0,0,1,7,5,-1,0,0,0,0,-1,-1,0,0,11,413,-1,-1,-1,-1,-1,-1,2,0,0,0,0,0,1,0,17,3,6,41.7295178,-87.60105934
0,323819,-1,30,1,-1,0,1,12,5,2,0,0,0,0,-1,-1,-1,21,-1,1214,-1,-1,-1,-1,-1,-1,2,0,0,0,0,0,4,0,17,3,6,41.89107589,-87.64752724
2,323870,-1,25,0,0,0,1,0,5,-1,0,0,0,1,-1,-1,-1,8,-1,1935,-1,-1,-1,-1,-1,-1,2,1,0,0,1,0,1,0,17,3,6,41.92629423,-87.6489379
0,323854,-1,30,0,0,0,2,11,5,2,0,0,0,1,-1,-1,-1,21,-1,1612,-1,-1,-1,-1,-1,-1,2,0,0,0,0,0,2,0,17,3,6,41.99160948,-87.79802576
0,323858,-1,30,0,0,0,1,7,2,2,0,0,0,1,-1,-1,1,0,-1,2524,-1,-1,-1,-1,-1,-1,2,0,0,0,0,0,1,0,17,3,6,41.93119618,-87.71732569
0,323832,-1,30,1,2,0,1,12,2,4,0,0,0,0,1,-1,-1,21,-1,2211,-1,-1,-1,-1,-1,-1,2,0,0,0,0,0,2,0,17,3,6,41.69119782,-87.7212587
0,323945,-1,30,0,0,0,1,0,5,1,0,0,0,0,-1,-1,-1,17,-1,314,-1,-1,-1,-1,-1,-1,2,0,0,0,0,0,3,0,17,3,6,41.78165797,-87.58800608
0,323806,-1,30,1,2,0,1,14,3,4,0,0,0,1,1,-1,-1,16,6,1012,-1,-1,-1,-1,-1,-1,2,0,0,0,0,0,2,0,17,3,6,41.8515092,-87.73455933
2,323804,-1,30,1,2,0,1,14,1,2,0,0,0,1,1,-1,-1,23,-1,722,-1,-1,-1,-1,-1,-1,2,4,0,0,4,0,0,0,17,3,6,41.77280932,-87.62981979
0,323781,-1,30,0,2,0,1,8,3,4,0,0,0,0,-1,-1,-1,0,-1,2433,-1,-1,1,-1,-1,-1,2,0,0,0,0,0,2,0,17,3,6,41.99608013,-87.67006152
0,325262,-1,30,0,0,0,1,7,6,1,0,0,0,0,0,-1,1,0,0,1922,-1,-1,-1,-1,-1,-1,2,0,0,0,0,0,1,0,17,3,6,41.9504175,-87.67031205
0,324874,-1,25,0,0,0,1,7,5,2,0,0,0,0,-1,-1,-1,21,-1,2411,-1,-1,-1,-1,-1,-1,2,0,0,0,0,0,1,0,17,3,6,42.01185028,-87.70464009
0,324100,-1,25,0,0,0,1,0,2,4,0,0,0,0,-1,-1,-1,0,0,922,-1,-1,-1,-1,-1,-1,2,0,0,0,0,0,2,0,17,3,6,41.80655585,-87.68395536
0,323921,-1,15,0,0,0,1,7,2,2,0,0,0,0,-1,-1,-1,0,-1,1513,-1,-1,-1,-1,-1,-1,2,0,0,0,0,0,1,0,17,3,6,41.88172641,-87.76966304
0,323838,-1,30,0,0,0,1,7,6,2,0,0,0,0,-1,-1,1,0,0,1231,-1,-1,-1,-1,-1,-1,2,0,0,0,0,0,1,0,17,3,6,41.87894698,-87.65717778
0,323760,-1,25,1,2,0,1,0,2,2,0,0,0,0,-1,-1,-1,6,0,623,-1,-1,-1,-1,-1,-1,2,0,0,0,0,0,3,0,16,3,6,41.75084944,-87.62455571
2,323779,-1,30,1,2,0,1,10,2,4,0,0,0,1,1,-1,-1,18,-1,2013,-1,-1,-1,-1,-1,-1,2,1,0,0,1,0,1,0,16,3,6,41.97630399,-87.6682377
0,323962,-1,30,0,3,0,1,14,3,1,0,0,0,0,-1,-1,-1,0,-1,1821,-1,-1,-1,-1,-1,-1,2,0,0,0,0,0,2,0,16,3,6,41.903881,-87.63967165
0,323785,-1,30,0,0,0,1,7,2,2,0,0,0,0,-1,-1,-1,0,0,915,-1,-1,-1,-1,-1,-1,2,0,0,0,0,0,1,0,16,3,6,41.82730191,-87.63919466
0,323807,-1,30,1,2,0,1,10,5,2,0,0,0,0,1,-1,-1,18,-1,1424,-1,-1,-1,-1,-1,-1,2,0,0,0,0,0,2,0,16,3,6,41.91036323,-87.67770254
0,323728,-1,35,1,2,0,1,12,5,-1,0,0,12,0,1,-1,-1,21,0,922,-1,-1,-1,1,1,-1,2,0,0,0,0,0,3,0,16,3,6,41.80822148,-87.69405666
0,323847,-1,30,0,0,0,1,10,5,-1,0,0,0,0,-1,-1,-1,0,0,1212,-1,-1,-1,-1,-1,-1,2,0,0,0,0,0,2,0,16,3,6,41.89594964,-87.68122203
2,323709,-1,30,2,2,0,1,0,2,-1,0,0,0,1,1,-1,-1,17,33,2535,-1,-1,-1,-1,-1,-1,2,1,0,0,1,0,1,0,16,3,6,41.90278753,-87.72587696
0,323780,-1,30,0,0,0,1,10,3,-1,0,0,0,0,-1,-1,-1,18,-1,413,-1,-1,-1,-1,-1,-1,2,0,0,0,0,0,2,0,16,3,6,41.72243412,-87.58654343
0,323752,-1,30,0,0,0,1,10,5,2,0,0,0,0,-1,-1,-1,18,-1,1723,-1,-1,-1,-1,-1,-1,3,0,0,0,0,0,3,0,16,3,6,41.9538932,-87.71788567
0,333918,-1,30,0,0,0,1,2,12,0,0,0,0,0,-1,-1,-1,-1,-1,232,-1,-1,-1,-1,-1,-1,1,0,0,0,0,0,1,0,16,3,6,41.78723848,-87.62645159
0,323711,-1,30,1,2,0,1,14,5,2,0,0,0,0,-1,-1,-1,0,-1,123,-1,-1,-1,-1,-1,-1,2,0,0,0,0,0,2,0,16,3,6,41.87331073,-87.63078782
0,323802,-1,30,1,2,0,1,10,5,4,0,0,0,0,1,-1,1,18,16,1434,-1,-1,-1,-1,-1,-1,2,0,0,0,0,0,2,0,16,3,6,41.91058276,-87.67770168
0,323909,-1,25,0,0,0,1,12,2,2,0,0,0,0,-1,-1,1,0,0,811,-1,-1,-1,-1,-1,-1,2,0,0,0,0,0,2,0,16,3,6,41.79996165,-87.76267247
0,323734,-1,30,1,2,0,1,10,5,4,0,0,-1,0,1,-1,-1,16,12,1012,-1,-1,-1,-1,-1,-1,2,0,0,0,0,0,2,0,16,3,6,41.85491537,-87.72499601
3,323769,-1,30,1,2,1,1,9,3,4,0,0,0,1,1,-1,-1,11,0,933,-1,-1,-1,-1,-1,-1,2,1,0,1,0,0,1,0,16,3,6,41.8069892,-87.66478061
0,323725,-1,30,1,2,0,1,12,6,-1,0,0,0,0,-1,-1,-1,22,-1,1831,-1,-1,-1,-1,-1,-1,2,0,0,0,0,0,2,0,16,3,6,41.89226584,-87.62952369
0,323676,1,30,0,0,0,1,12,5,2,0,0,0,0,-1,-1,-1,17,23,822,-1,-1,-1,-1,-1,-1,2,0,0,0,0,0,2,0,16,3,6,41.78544403,-87.7034714
0,323672,-1,30,0,0,0,1,7,6,1,0,0,0,0,-1,-1,-1,0,0,1921,-1,-1,-1,-1,-1,-1,2,0,0,0,0,0,1,0,16,3,6,41.94418564,-87.68075823
0,323698,-1,30,0,0,0,1,12,2,2,1,0,0,0,-1,-1,1,22,0,2212,-1,-1,-1,-1,-1,-1,2,0,0,0,0,0,2,0,16,3,6,41.69199348,-87.67450645
0,325527,-1,35,1,2,0,1,10,2,2,0,0,0,0,1,-1,-1,18,0,1654,-1,-1,-1,-1,-1,-1,2,0,0,0,0,0,2,0,16,3,6,41.99502233,-87.88461289
0,323843,-1,30,0,0,0,1,5,5,-1,0,0,0,0,-1,-1,-1,23,23,411,-1,-1,-1,-1,-1,-1,2,0,0,0,0,0,3,0,16,3,6,41.7514606,-87.58597199
0,323731,-1,30,0,0,0,1,10,5,2,0,0,0,0,-1,-1,-1,18,0,1033,-1,-1,-1,-1,-1,-1,2,0,0,0,0,0,2,0,16,3,6,41.83727705,-87.69517225
2,323670,-1,30,4,0,0,1,14,2,2,0,0,0,1,1,-1,1,16,0,912,-1,-1,-1,-1,-1,-1,2,1,0,0,1,0,1,0,16,3,6,41.83062832,-87.66436524
0,323673,-1,30,12,12,0,1,12,5,4,0,0,12,1,-1,-1,-1,21,28,922,-1,-1,-1,-1,-1,-1,2,0,0,0,0,0,2,0,15,3,6,41.80526768,-87.70374678
0,325358,-1,30,0,0,0,1,7,3,2,0,0,0,0,1,-1,-1,0,-1,1911,-1,-1,-1,-1,-1,-1,2,0,0,0,0,0,1,0,15,3,6,41.96473716,-87.68994887
0,323835,-1,30,0,0,0,1,14,5,2,0,0,0,0,1,-1,-1,0,0,1221,-1,-1,-1,-1,-1,-1,2,0,0,0,0,0,2,0,15,3,6,41.89097247,-87.67459058
0,323719,-1,30,1,2,0,1,10,5,-1,0,0,0,0,1,-1,-1,11,-1,1434,-1,-1,-1,-1,-1,-1,2,0,0,0,0,0,2,0,15,3,6,41.91058276,-87.67770168
0,323650,-1,35,0,0,0,1,12,3,4,0,0,0,0,-1,-1,-1,-1,-1,2221,-1,-1,-1,-1,-1,-1,2,0,0,0,0,0,2,0,15,3,6,41.72654252,-87.68209297
0,323638,-1,30,0,0,0,1,7,5,2,0,-1,-1,0,-1,-1,-1,22,22,1923,-1,-1,-1,-1,-1,-1,2,0,0,0,0,0,2,0,15,3,6,41.94879913,-87.64967828
0,323736,-1,15,0,0,0,1,7,7,-1,0,0,0,0,-1,1,1,-1,-1,2524,1,-1,-1,-1,-1,-1,2,0,0,0,0,0,1,0,15,3,6,41.92927458,-87.72705384
0,352321,-1,30,0,0,0,1,7,5,2,0,-1,-1,0,-1,-1,1,22,22,1914,-1,-1,-1,-1,-1,-1,2,0,0,0,0,0,1,0,15,3,6,41.96349643,-87.65484342
0,323759,-1,30,1,2,0,1,14,5,6,0,0,-1,0,1,-1,1,21,-1,821,-1,-1,-1,-1,-1,-1,2,0,0,0,0,0,3,0,15,3,6,41.80767955,-87.72343332
0,323778,-1,30,0,0,0,1,7,12,-1,0,0,0,0,-1,-1,1,20,-1,815,-1,-1,-1,-1,-1,-1,2,0,0,0,0,0,1,0,15,3,6,41.81301526,-87.73358499
0,323693,-1,30,0,0,0,1,10,2,2,0,0,0,0,-1,-1,-1,18,-1,2013,-1,-1,-1,-1,-1,-1,2,0,0,0,0,0,2,0,15,3,6,41.98733193,-87.66589254
0,323601,-1,30,0,-1,0,1,12,5,2,0,0,0,0,-1,-1,-1,0,-1,2532,-1,-1,-1,-1,-1,-1,4,0,0,0,0,0,2,0,15,3,6,41.90930968,-87.7621546
0,323690,-1,25,0,0,0,1,12,6,3,0,0,0,0,-1,-1,1,17,21,1833,-1,-1,-1,-1,-1,-1,2,0,0,0,0,0,2,0,15,3,6,41.89770258,-87.62346196
0,323659,-1,20,0,0,0,1,7,7,1,0,0,-1,0,-1,-1,-1,0,0,1912,-1,-1,-1,-1,-1,-1,2,0,0,0,0,0,1,0,15,3,6,41.96525077,-87.67477177
0,323612,-1,30,0,0,0,1,7,5,-1,0,0,0,0,-1,-1,-1,12,12,323,-1,-1,-1,-1,-1,-1,2,0,0,0,0,0,1,0,15,3,6,41.75847171,-87.61771948
0,323589,-1,30,2,2,0,1,10,5,2,0,0,0,0,-1,-1,1,18,-1,1223,-1,-1,-1,-1,-1,-1,2,0,0,0,0,0,2,0,15,3,6,41.88139079,-87.67902939
2,323639,-1,30,0,0,0,1,3,5,4,0,0,-1,1,-1,1,-1,16,0,814,-1,-1,-1,-1,-1,-1,4,3,0,0,3,0,0,0,15,3,6,41.79739642,-87.75073289
0,323920,-1,30,1,-1,0,1,12,5,4,0,0,-1,0,-1,-1,-1,0,0,1831,-1,-1,-1,-1,-1,-1,2,0,0,0,0,0,2,0,15,3,6,41.88934348,-87.62951227
0,323582,-1,30,2,2,0,1,10,5,2,0,0,3,0,1,-1,-1,0,0,513,-1,-1,-1,-1,-1,-1,2,0,0,0,0,0,6,0,14,3,6,41.69275271,-87.59698875
0,323595,-1,15,0,12,0,1,0,0,1,0,0,0,1,-1,-1,-1,25,14,1424,-1,-1,-1,-1,-1,-1,2,0,0,0,0,0,5,0,14,3,6,41.90478922,-87.67018027
0,323746,-1,30,1,2,0,1,10,5,3,0,0,0,0,-1,-1,-1,18,-1,1831,-1,-1,-1,-1,-1,-1,2,0,0,0,0,0,4,0,14,3,6,41.89105678,-87.63271228
0,323568,-1,30,1,2,0,1,10,5,-1,0,0,0,0,-1,-1,-1,18,17,914,-1,-1,-1,-1,-1,-1,2,0,0,0,0,0,3,0,14,3,6,41.853702,-87.63870833
0,323722,-1,30,1,2,0,1,14,5,2,0,0,0,0,0,-1,-1,0,11,531,1,1,-1,-1,-1,-1,2,0,0,0,0,0,5,0,14,3,6,41.6924962,-87.62110077
2,323565,-1,30,0,0,0,1,8,5,2,0,0,0,1,-1,-1,-1,0,0,1933,-1,-1,1,-1,-1,-1,2,1,0,0,1,0,1,0,14,3,6,41.93269367,-87.65713668
0,323584,-1,35,1,2,0,1,10,5,4,0,0,0,0,-1,-1,-1,18,27,324,-1,-1,-1,-1,-1,-1,2,0,0,0,0,0,2,0,14,3,6,41.75883124,-87.59103019
0,325516,-1,30,0,0,0,1,10,2,2,0,0,0,0,-1,-1,-1,0,0,1031,-1,-1,-1,-1,-1,-1,2,0,0,0,0,0,3,0,14,3,6,41.83701368,-87.72307317
0,323579,-1,30,0,0,0,1,0,5,2,0,0,0,0,1,-1,-1,6,11,2525,-1,-1,-1,-1,-1,-1,2,0,0,0,0,0,3,0,14,3,6,41.92089411,-87.71702975
0,323558,-1,30,0,0,0,1,12,6,4,0,0,0,0,-1,-1,1,22,-1,122,-1,-1,-1,-1,-1,-1,2,0,0,0,0,0,2,0,14,3,6,41.88374765,-87.63106578
0,323552,-1,25,0,0,0,1,10,7,1,0,0,0,0,-1,-1,1,0,0,822,-1,-1,-1,-1,-1,-1,2,0,0,0,0,0,2,0,14,3,6,41.78615531,-87.70349314