MOST_SEVERE_INJURY,RD_NO,CRASH_DATE_EST_I,POSTED_SPEED_LIMIT,TRAFFIC_CONTROL_DEVICE,DEVICE_CONDITION,WEATHER_CONDITION,LIGHTING_CONDITION,FIRST_CRASH_TYPE,TRAFFICWAY_TYPE,LANE_CNT,ALIGNMENT,ROADWAY_SURFACE_COND,ROAD_DEFECT,CRASH_TYPE,INTERSECTION_RELATED_I,NOT_RIGHT_OF_WAY_I,HIT_AND_RUN_I,PRIM_CONTRIBUTORY_CAUSE,SEC_CONTRIBUTORY_CAUSE,BEAT_OF_OCCURRENCE,PHOTOS_TAKEN_I,STATEMENTS_TAKEN_I,DOORING_I,WORK_ZONE_I,WORK_ZONE_TYPE,WORKERS_PRESENT_I,NUM_UNITS,INJURIES_TOTAL,INJURIES_FATAL,INJURIES_INCAPACITATING,INJURIES_NON_INCAPACITATING,INJURIES_REPORTED_NOT_EVIDENT,INJURIES_NO_INDICATION,INJURIES_UNKNOWN,CRASH_HOUR,CRASH_DAY_OF_WEEK,CRASH_MONTH,LATITUDE,LONGITUDE
0,323576,-1,30,0,0,0,1,0,7,2,0,0,0,0,-1,-1,-1,0,-1,1711,-1,-1,-1,-1,-1,-1,2,0,0,0,0,0,2,0,14,3,6,41.9971764,-87.71753465
0,323561,-1,30,0,0,0,1,10,7,0,0,0,0,0,-1,-1,-1,0,0,622,-1,-1,-1,-1,-1,-1,2,0,0,0,0,0,3,0,14,3,6,41.74339816,-87.63425177
0,323517,-1,30,0,0,0,1,7,12,1,0,0,0,0,-1,-1,-1,0,0,2411,-1,-1,-1,-1,-1,-1,2,0,0,0,0,0,1,0,14,3,6,42.00627205,-87.68608057
0,323581,-1,30,0,0,0,1,12,2,6,0,0,0,0,-1,-1,-1,0,0,814,-1,-1,-1,-1,-1,-1,2,0,0,0,0,0,2,0,14,3,6,41.80154713,-87.74313568
3,323572,-1,30,2,2,0,1,0,5,2,0,0,0,1,1,-1,-1,17,16,1214,-1,-1,-1,-1,-1,-1,2,1,0,1,0,0,1,0,14,3,6,41.89111578,-87.6575341
0,323563,-1,30,0,0,0,1,12,5,2,0,1,0,0,-1,-1,1,17,-1,2514,-1,1,-1,-1,-1,-1,3,0,0,0,0,0,2,0,14,3,6,41.93134592,-87.76919529
0,323538,-1,30,1,2,0,1,10,3,-1,0,0,0,1,-1,-1,1,0,-1,931,-1,-1,-1,-1,-1,-1,5,0,0,0,0,0,3,0,14,3,6,41.8085116,-87.66511729
0,323549,-1,0,0,0,0,1,7,7,-1,0,0,0,0,-1,-1,-1,23,23,2011,-1,-1,-1,-1,-1,-1,3,0,0,0,0,0,1,0,14,3,6,41.99017216,-87.68980927
0,323547,-1,30,0,0,0,1,12,2,4,0,0,0,1,-1,-1,-1,17,11,124,-1,-1,-1,-1,-1,-1,2,0,0,0,0,0,2,0,14,3,6,41.86823823,-87.64060652
2,323490,-1,35,0,0,0,1,9,2,2,0,0,0,1,-1,-1,-1,16,0,834,-1,-1,-1,-1,-1,-1,2,1,0,0,1,0,2,0,13,3,6,41.73499092,-87.72008135
2,323513,-1,30,1,2,0,1,9,5,4,0,0,0,1,1,-1,-1,17,-1,121,-1,-1,-1,-1,-1,-1,2,1,0,0,1,0,1,0,13,3,6,41.87674667,-87.63978529
0,323585,-1,40,0,0,0,1,10,3,8,0,0,0,0,-1,-1,1,16,-1,132,-1,-1,-1,-1,-1,-1,2,0,0,0,0,0,5,0,13,3,6,41.86720096,-87.61908569
3,332073,-1,30,0,0,-1,1,8,2,-1,2,-1,-1,1,-1,-1,1,16,23,1432,-1,-1,-1,-1,-1,-1,2,1,0,1,0,0,1,0,13,3,6,41.92024549,-87.66857296
0,323720,-1,30,1,2,0,1,14,12,0,0,0,0,0,1,-1,-1,6,33,623,-1,-1,-1,-1,-1,-1,2,0,0,0,0,0,5,0,13,3,6,41.75806853,-87.62651698
0,333440,-1,20,0,0,-1,1,5,0,1,0,0,-1,0,-1,-1,-1,-1,-1,531,-1,-1,-1,-1,-1,-1,1,0,0,0,0,0,3,0,13,3,6,41.68596164,-87.61453723
0,338207,-1,30,1,0,0,1,10,5,2,0,0,0,0,-1,-1,-1,18,18,522,-1,-1,-1,-1,-1,-1,2,0,0,0,0,0,2,0,13,3,6,41.67797696,-87.62280277
0,323797,-1,35,2,2,0,1,10,5,4,0,0,0,0,-1,-1,-1,18,0,411,-1,-1,-1,-1,-1,-1,2,0,0,0,0,0,2,0,13,3,6,41.75862672,-87.58943887
0,323730,-1,30,0,0,0,1,5,5,2,0,0,-1,0,-1,-1,-1,0,27,432,-1,-1,-1,-1,-1,-1,1,0,0,0,0,0,1,0,13,3,6,41.71020361,-87.53227373
0,323522,-1,30,0,0,0,1,7,-1,-1,0,0,0,0,-1,-1,-1,20,-1,114,-1,-1,-1,-1,-1,-1,2,0,0,0,0,0,1,0,13,3,6,41.8879732,-87.62257424
0,323477,-1,30,2,2,0,1,10,2,4,0,0,0,0,-1,-1,-1,18,18,734,-1,-1,-1,-1,-1,-1,2,0,0,0,0,0,2,0,13,3,6,41.76486775,-87.66364716
0,323487,-1,30,0,0,0,1,12,5,4,0,0,0,0,-1,-1,-1,21,0,814,-1,-1,-1,-1,-1,-1,2,0,0,0,0,0,2,0,13,3,6,41.79855828,-87.74307187
1,323869,-1,30,1,2,0,1,10,5,4,0,-1,-1,1,1,-1,1,16,0,1434,-1,-1,-1,-1,-1,-1,2,3,0,0,0,3,3,0,13,3,6,41.91043305,-87.68707814
0,323685,-1,30,0,0,0,1,2,2,-1,0,0,0,0,-1,-1,-1,0,-1,1434,-1,-1,-1,-1,-1,-1,1,0,0,0,0,0,1,0,13,3,6,41.91174439,-87.67935102
0,323475,-1,30,0,0,0,1,2,0,1,0,0,0,0,-1,-1,-1,0,-1,1711,-1,-1,-1,-1,-1,-1,1,0,0,0,0,0,1,0,13,3,6,41.98478161,-87.72985015
0,323449,-1,40,0,0,0,1,14,-1,-1,0,0,0,0,-1,-1,-1,-1,5,433,-1,-1,-1,-1,-1,-1,2,0,0,0,0,0,2,0,13,3,6,41.6668155,-87.55159705
0,323445,-1,30,1,2,0,1,10,2,2,0,0,0,0,1,-1,-1,18,-1,2022,-1,-1,-1,-1,-1,-1,2,0,0,0,0,0,4,0,13,3,6,41.98534626,-87.66003642
0,323604,-1,15,0,0,0,1,7,7,2,0,0,0,0,-1,-1,-1,22,-1,225,-1,-1,-1,-1,-1,-1,2,0,0,0,0,0,1,0,13,3,6,41.79623488,-87.63040492
0,346660,-1,30,0,0,0,1,12,6,2,0,0,0,0,-1,-1,-1,0,-1,111,-1,-1,-1,-1,-1,-1,2,0,0,0,0,0,2,0,13,3,6,41.88332783,-87.62868992
0,327525,-1,35,0,0,0,1,14,5,-1,0,0,0,0,-1,-1,-1,0,0,1912,-1,-1,-1,-1,-1,-1,2,0,0,0,0,0,2,0,13,3,6,41.96878808,-87.66928941
0,325275,-1,30,1,2,0,1,12,2,2,0,0,0,0,-1,-1,-1,0,0,133,-1,-1,-1,-1,-1,-1,2,0,0,0,0,0,2,0,13,3,6,41.84683226,-87.62703105
0,323499,-1,30,0,0,0,1,7,5,-1,0,0,0,0,-1,-1,-1,0,0,2221,-1,-1,-1,-1,-1,-1,2,0,0,0,0,0,1,0,13,3,6,41.72754451,-87.66297344
0,323460,-1,30,0,0,1,1,14,5,-1,0,0,0,0,-1,-1,-1,17,17,524,-1,-1,-1,-1,-1,-1,3,0,0,0,0,0,5,0,13,3,6,41.67776039,-87.65366214
0,323454,-1,30,0,0,0,1,14,2,2,0,0,-1,1,0,-1,-1,11,11,431,-1,0,-1,-1,-1,-1,2,0,0,0,0,0,2,0,13,3,6,41.71392408,-87.54321641
0,323448,-1,30,0,0,0,1,7,6,2,0,0,0,0,-1,-1,-1,0,0,114,-1,-1,-1,-1,-1,-1,2,0,0,0,0,0,1,0,13,3,6,41.88462477,-87.61925432
0,323506,-1,30,1,2,0,1,10,2,-1,0,0,0,0,-1,-1,-1,7,-1,532,-1,-1,-1,-1,-1,-1,2,0,0,0,0,0,2,0,12,3,6,41.67791767,-87.62254861
0,323407,-1,30,2,2,0,1,0,5,2,0,0,0,0,1,-1,-1,17,16,2424,-1,-1,-1,-1,-1,-1,2,0,0,0,0,0,4,0,12,3,6,42.01261485,-87.68214744
0,337707,-1,30,2,2,0,1,10,5,2,0,0,0,0,-1,-1,-1,0,0,1724,-1,-1,-1,-1,-1,-1,2,0,0,0,0,0,2,0,12,3,6,41.96295809,-87.69980399
0,323415,-1,30,0,0,0,1,10,5,-1,0,0,0,0,-1,-1,1,18,-1,2511,-1,-1,-1,-1,-1,-1,2,0,0,0,0,0,2,0,12,3,6,41.93540913,-87.78598275
0,323682,-1,30,0,0,0,1,12,2,4,0,0,0,0,-1,-1,-1,11,0,1225,1,-1,-1,-1,-1,-1,2,0,0,0,0,0,2,0,12,3,6,41.87777987,-87.67670046
0,323455,-1,30,0,0,0,1,12,5,-1,0,0,0,0,-1,-1,-1,0,0,1223,-1,-1,-1,-1,-1,-1,2,0,0,0,0,0,2,0,12,3,6,41.88380414,-87.68635786
2,323373,-1,45,3,2,0,1,10,3,4,0,0,0,1,-1,-1,-1,11,11,132,-1,-1,-1,-1,-1,-1,3,3,0,0,3,0,2,0,12,3,6,41.85662692,-87.61628528
0,323453,-1,30,0,0,0,1,7,6,-1,0,0,-1,0,-1,-1,1,0,-1,2221,-1,-1,-1,-1,-1,-1,2,0,0,0,0,0,1,0,12,3,6,41.73545946,-87.66777501
0,323362,-1,35,1,2,0,1,10,2,4,0,0,0,0,-1,-1,-1,16,-1,2223,-1,-1,-1,-1,-1,-1,2,0,0,0,0,0,2,0,12,3,6,41.72148751,-87.64987319
0,323492,-1,15,2,2,0,1,0,6,1,0,0,0,0,1,-1,-1,17,0,234,-1,-1,-1,-1,-1,-1,2,0,0,0,0,0,2,0,12,3,6,41.79945117,-87.59058164
0,323757,-1,30,2,2,0,1,0,5,2,0,0,0,0,-1,-1,-1,5,5,234,-1,-1,-1,-1,-1,-1,2,0,0,0,0,0,2,0,12,3,6,41.79945117,-87.59058164
0,324743,-1,20,0,0,1,1,7,5,2,0,0,0,0,-1,-1,1,-1,-1,1433,-1,-1,-1,-1,-1,-1,2,0,0,0,0,0,1,0,12,3,6,41.90427586,-87.66604523
0,323370,-1,30,0,0,0,1,7,6,1,0,0,0,0,-1,-1,-1,0,0,212,-1,-1,-1,-1,-1,-1,2,0,0,0,0,0,2,0,12,3,6,-1,-1
2,323345,-1,30,1,2,0,1,0,5,4,0,1,0,1,1,-1,-1,17,17,1623,-1,-1,-1,-1,-1,-1,3,1,0,0,1,0,2,0,12,3,6,41.97463719,-87.76699296
0,324142,-1,30,0,0,0,1,8,12,2,0,0,0,0,-1,-1,1,0,-1,1434,-1,-1,1,-1,-1,-1,2,0,0,0,0,0,2,0,11,3,6,41.91133676,-87.67733626
0,323452,-1,30,0,0,0,1,7,5,2,0,0,0,0,-1,-1,-1,17,-1,1231,-1,-1,-1,-1,-1,-1,2,0,0,0,0,0,2,0,11,3,6,41.86765795,-87.66175088
0,323824,-1,30,0,0,0,1,7,5,-1,0,0,0,0,-1,-1,-1,0,-1,2221,-1,-1,-1,-1,-1,-1,2,0,0,0,0,0,1,0,11,3,6,41.72307419,-87.6689018
0,325101,-1,30,0,0,0,1,7,5,-1,0,0,0,0,-1,-1,-1,20,20,211,-1,-1,-1,-1,-1,-1,2,0,0,0,0,0,2,0,11,3,6,41.83227685,-87.61950519
0,323946,-1,25,0,0,0,1,7,2,2,0,0,0,0,-1,-1,1,0,0,923,-1,-1,-1,-1,-1,-1,2,0,0,0,0,0,1,0,11,3,6,41.79443313,-87.68599922
0,324309,-1,30,1,2,2,0,14,5,-1,0,1,0,0,1,-1,-1,17,-1,1921,-1,-1,-1,-1,-1,-1,2,0,0,0,0,0,2,0,11,3,6,41.93957041,-87.68810786
0,325193,-1,30,0,0,0,1,10,6,-1,0,0,0,0,-1,-1,-1,16,0,113,-1,-1,-1,-1,-1,-1,2,0,0,0,0,0,2,0,11,3,6,41.87849644,-87.6259421
0,323294,-1,30,0,0,0,1,10,5,2,0,0,0,0,1,-1,1,32,11,431,-1,-1,-1,-1,-1,-1,2,0,0,0,0,0,6,0,11,3,6,41.70879341,-87.55982735
0,324158,-1,35,0,0,2,1,12,5,2,0,1,0,0,-1,-1,-1,23,34,1924,-1,-1,-1,-1,-1,-1,2,0,0,0,0,0,2,0,11,3,6,41.9434576,-87.65363852
0,323329,-1,30,0,0,1,1,12,5,-1,0,0,0,0,-1,-1,-1,-1,-1,2223,-1,-1,-1,-1,-1,-1,2,0,0,0,0,0,2,0,11,3,6,41.71673809,-87.64293725
2,323255,-1,35,2,2,0,1,0,5,-1,0,0,0,1,1,-1,-1,17,0,224,-1,-1,-1,-1,-1,-1,2,1,0,0,1,0,1,0,11,3,6,41.8092425,-87.6197368
0,323254,-1,30,0,0,0,1,7,5,-1,0,0,0,1,-1,-1,-1,0,-1,623,-1,1,-1,-1,-1,-1,2,0,0,0,0,0,1,0,11,3,6,41.75148738,-87.61511384
0,323259,-1,0,0,0,0,1,7,7,-1,0,1,0,0,-1,-1,1,0,0,1824,-1,-1,-1,-1,-1,-1,2,0,0,0,0,0,3,0,10,3,6,41.90336345,-87.63128281
0,323603,-1,30,1,2,0,1,0,5,4,0,0,0,0,1,-1,-1,6,-1,1225,-1,-1,-1,-1,-1,-1,2,0,0,0,0,0,2,0,10,3,6,41.87762998,-87.683725
0,323251,-1,30,1,2,0,1,12,2,5,0,0,0,0,1,-1,-1,0,0,1424,-1,-1,-1,-1,-1,-1,2,0,0,0,0,0,2,0,10,3,6,41.91036323,-87.67770254
2,323224,-1,30,2,2,0,1,0,2,-1,0,0,0,1,1,-1,-1,17,14,923,-1,-1,-1,-1,-1,-1,2,4,0,0,3,1,0,0,10,3,6,41.79739866,-87.68397963
0,323237,-1,30,2,2,0,1,0,5,2,0,0,0,1,1,-1,-1,0,0,1031,-1,-1,-1,-1,-1,-1,2,0,0,0,0,0,3,0,10,3,6,41.83696188,-87.72684749
0,323216,-1,35,0,0,0,1,12,3,4,0,3,0,0,-1,-1,1,0,0,2011,-1,-1,-1,-1,-1,-1,2,0,0,0,0,0,3,0,10,3,6,41.98670924,-87.70143023
0,323215,-1,25,1,2,2,1,14,3,3,0,1,0,0,-1,-1,-1,23,23,114,-1,-1,-1,-1,-1,-1,2,0,0,0,0,0,2,0,10,3,6,41.8869732,-87.62084833
3,323211,-1,30,0,2,0,1,0,5,4,0,1,0,1,-1,-1,-1,17,-1,1632,-1,-1,-1,-1,-1,-1,2,3,0,1,2,0,0,0,10,3,6,41.93853741,-87.78621384
0,323206,-1,15,0,0,0,1,0,0,1,0,0,0,1,-1,-1,-1,20,11,1522,-1,-1,-1,-1,-1,-1,2,0,0,0,0,0,2,0,10,3,6,41.87465144,-87.76214024
0,323834,-1,25,0,0,0,1,7,5,2,0,0,0,0,-1,-1,1,0,-1,823,-1,-1,-1,-1,-1,-1,2,0,0,0,0,0,1,0,10,3,6,41.77977453,-87.70786655
0,323400,-1,10,0,0,2,1,5,7,-1,0,1,12,0,-1,1,-1,0,-1,821,-1,1,-1,-1,-1,-1,1,0,0,0,0,0,1,0,10,3,6,41.80408512,-87.72031753
0,323268,-1,10,0,0,2,1,7,7,-1,0,0,-1,0,-1,-1,1,0,0,511,-1,-1,-1,-1,-1,-1,2,0,0,0,0,0,1,0,10,3,6,41.71457403,-87.61383053
0,323262,-1,30,0,0,2,1,10,5,4,0,1,0,0,-1,-1,-1,16,-1,1821,-1,-1,-1,-1,-1,-1,2,0,0,0,0,0,3,0,10,3,6,41.90876121,-87.63322408
0,323183,-1,30,1,2,0,1,10,5,-1,0,1,0,1,1,-1,-1,18,-1,2511,-1,-1,-1,-1,-1,-1,2,0,0,0,0,0,2,0,10,3,6,41.9379174,-87.80659717
0,323181,-1,40,9,2,2,1,2,3,8,3,1,0,0,-1,-1,-1,16,34,1824,-1,-1,-1,-1,-1,-1,1,0,0,0,0,0,1,0,10,3,6,41.90100286,-87.61977981
0,323288,-1,30,1,2,2,1,14,6,-1,0,1,0,0,1,-1,-1,0,0,1831,-1,-1,-1,-1,-1,-1,2,0,0,0,0,0,4,0,9,3,6,41.89000216,-87.6294588
2,323176,-1,25,2,2,2,1,9,5,0,0,1,0,1,1,-1,-1,34,33,2433,-1,-1,-1,-1,-1,-1,2,1,0,0,1,0,1,0,9,3,6,41.99800281,-87.66769424
0,323498,-1,30,1,2,0,1,12,5,4,0,0,0,0,1,-1,-1,0,0,1813,-1,-1,-1,-1,-1,-1,2,0,0,0,0,0,4,0,9,3,6,41.91112384,-87.64349035
0,323446,-1,30,1,2,0,1,14,6,3,0,0,0,0,1,-1,-1,0,-1,1831,-1,-1,-1,-1,-1,-1,2,0,0,0,0,0,4,0,9,3,6,41.89000216,-87.6294588
0,323236,1,20,0,0,1,1,10,5,2,0,1,0,0,-1,-1,-1,0,0,1424,-1,-1,-1,-1,-1,-1,2,0,0,0,0,0,2,0,9,3,6,41.90345532,-87.66755899
0,323182,-1,30,2,2,1,1,0,12,-1,0,-1,0,1,1,-1,-1,17,33,1225,-1,-1,-1,-1,-1,-1,2,0,0,0,0,0,3,0,9,3,6,41.87488879,-87.68151708
0,323165,-1,30,1,2,2,1,10,2,-1,0,1,0,0,1,-1,-1,22,22,914,-1,-1,-1,-1,-1,-1,2,0,0,0,0,0,2,0,9,3,6,41.8509558,-87.63904175
0,323158,-1,45,3,2,2,1,10,3,4,0,1,0,1,-1,-1,-1,11,11,132,-1,-1,-1,-1,-1,-1,2,0,0,0,0,0,2,0,9,3,6,41.85784909,-87.61684088
0,323153,-1,30,1,2,2,1,12,2,4,0,1,0,0,-1,-1,-1,22,0,1211,-1,-1,-1,-1,-1,-1,2,0,0,0,0,0,2,0,9,3,6,41.89912431,-87.70244028
0,323374,-1,30,0,0,0,1,0,6,-1,0,1,0,0,-1,-1,1,0,-1,1123,-1,-1,-1,-1,-1,-1,2,0,0,0,0,0,4,0,9,3,6,41.88475368,-87.71122979
0,323190,-1,20,2,1,1,1,0,6,-1,0,0,0,1,1,-1,-1,5,11,511,-1,-1,-1,-1,-1,-1,2,0,0,0,0,0,3,0,9,3,6,41.71467264,-87.61531832
0,323174,-1,30,1,2,2,1,10,5,4,0,1,0,0,1,-1,1,0,0,1533,-1,-1,-1,-1,-1,-1,2,0,0,0,0,0,2,0,9,3,6,41.88056088,-87.74542684
0,323155,-1,30,0,0,2,1,7,5,-1,0,1,-1,0,-1,-1,-1,0,0,1513,-1,-1,-1,-1,-1,-1,2,0,0,0,0,0,1,0,9,3,6,41.87795561,-87.77443116
2,323160,-1,30,1,2,0,1,0,2,-1,0,1,0,1,1,-1,-1,6,-1,922,-1,-1,-1,-1,-1,-1,2,1,0,0,1,0,1,0,9,3,6,41.8154571,-87.69427611
0,323164,-1,5,0,0,0,1,10,7,-1,0,1,0,0,-1,1,-1,-1,-1,835,-1,-1,-1,-1,-1,-1,2,0,0,0,0,0,2,0,9,3,6,41.73542527,-87.69492871
1,323148,-1,30,1,2,0,1,0,5,4,0,0,0,1,1,-1,-1,20,-1,1831,-1,-1,-1,-1,-1,-1,2,1,0,0,0,1,1,0,9,3,6,41.89158533,-87.63717837
2,323147,-1,30,0,-1,2,1,0,2,2,0,1,-1,1,-1,-1,-1,17,-1,2533,-1,-1,-1,-1,-1,-1,2,1,0,0,1,0,1,0,9,3,6,41.91691718,-87.73800813
0,323167,-1,15,0,0,0,1,0,12,-1,0,0,0,0,-1,-1,-1,17,-1,2523,-1,-1,-1,-1,-1,-1,2,0,0,0,0,0,3,0,9,3,6,41.93233666,-87.72224292
0,323169,-1,25,2,2,2,1,14,5,2,0,1,0,1,1,-1,-1,17,11,1215,-1,-1,-1,-1,-1,-1,2,0,0,0,0,0,3,0,9,3,6,41.88741498,-87.66174094
2,323163,-1,30,0,0,2,1,12,5,2,0,1,-1,1,-1,-1,-1,13,-1,1215,-1,-1,-1,-1,-1,-1,2,1,0,0,1,0,21,0,9,3,6,41.88661463,-87.65698189
0,323133,-1,30,0,0,2,1,10,5,2,0,1,0,0,1,-1,-1,16,0,1124,-1,-1,-1,-1,-1,-1,2,0,0,0,0,0,2,0,9,3,6,41.87905912,-87.70129694
0,323580,-1,30,1,2,2,1,12,5,4,0,1,-1,1,1,-1,-1,21,21,1814,-1,-1,-1,-1,-1,-1,2,0,0,0,0,0,3,0,9,3,6,41.91127207,-87.63311717
2,323125,-1,30,0,0,2,1,10,1,2,0,1,0,1,-1,-1,-1,7,16,822,-1,-1,-1,-1,-1,-1,2,2,0,0,1,1,2,0,9,3,6,41.7874074,-87.70352623
0,323346,-1,20,0,0,2,1,10,6,2,0,1,0,0,-1,-1,1,18,-1,132,-1,-1,-1,-1,-1,-1,2,0,0,0,0,0,3,0,9,3,6,41.86656128,-87.62267941
0,323290,-1,30,10,2,2,1,2,3,-1,0,1,0,0,-1,-1,-1,3,-1,915,-1,-1,-1,-1,-1,-1,1,0,0,0,0,0,1,0,9,3,6,41.83100594,-87.63509305
0,323143,-1,30,1,2,0,1,10,5,2,0,1,0,1,-1,-1,-1,18,18,711,-1,-1,-1,-1,-1,-1,2,0,0,0,0,0,4,0,9,3,6,41.78001963,-87.63496975
0,323130,-1,10,0,0,2,1,2,0,1,0,1,0,0,-1,1,-1,0,0,2432,-1,-1,-1,-1,-1,-1,2,0,0,0,0,0,2,0,9,3,6,41.99989387,-87.66083729
3,323118,-1,35,0,0,2,1,8,5,-1,0,1,0,1,-1,-1,-1,17,23,1723,-1,-1,1,-1,-1,-1,2,1,0,1,0,0,1,0,8,3,6,41.96168595,-87.72769942
0,327512,-1,35,1,1,2,1,12,6,3,0,1,12,0,-1,-1,1,0,-1,1831,-1,-1,-1,1,2,-1,2,0,0,0,0,0,2,0,8,3,6,41.88808735,-87.63088808
0,323116,-1,30,1,2,2,1,10,5,4,0,1,0,0,1,-1,-1,0,0,1811,-1,-1,-1,-1,-1,-1,2,0,0,0,0,0,2,0,8,3,6,41.92511082,-87.66799732
0,323112,-1,30,1,2,2,1,10,5,4,0,1,0,0,-1,-1,-1,18,18,1711,-1,-1,-1,-1,-1,-1,2,0,0,0,0,0,2,0,8,3,6,41.99191947,-87.70963133
0,323103,-1,30,0,0,0,3,7,6,2,0,0,0,0,-1,-1,1,21,-1,1822,-1,-1,-1,-1,-1,-1,2,0,0,0,0,0,1,0,8,3,6,41.90954219,-87.64960961
0,323101,-1,30,0,0,2,1,0,6,3,0,1,0,0,-1,-1,-1,17,-1,1832,-1,-1,-1,-1,-1,-1,2,0,0,0,0,0,4,0,8,3,6,41.89593967,-87.63137866
0,323113,-1,0,0,0,1,1,7,7,-1,0,0,0,0,-1,-1,1,11,0,524,-1,-1,-1,-1,-1,-1,2,0,0,0,0,0,1,0,8,3,6,41.67776039,-87.65366214
0,323114,-1,30,1,2,2,1,10,5,4,0,1,0,0,-1,-1,-1,18,0,2433,-1,-1,-1,-1,-1,-1,2,0,0,0,0,0,2,0,8,3,6,41.99439501,-87.67000159
0,324611,-1,25,1,2,2,1,14,3,3,0,1,0,0,1,-1,-1,0,-1,114,-1,-1,-1,-1,-1,-1,2,0,0,0,0,0,4,0,8,3,6,41.88448369,-87.61545617
0,323937,-1,30,2,2,0,1,10,5,2,0,0,0,0,1,-1,-1,0,0,1811,-1,-1,-1,-1,-1,-1,2,0,0,0,0,0,2,0,8,3,6,41.91190156,-87.6533228
0,323127,-1,30,1,2,0,1,10,5,2,0,0,0,0,-1,-1,-1,18,16,1235,-1,-1,-1,-1,-1,-1,2,0,0,0,0,0,2,0,8,3,6,41.8577111,-87.64308344
0,323104,-1,30,0,0,1,1,14,5,2,0,0,3,1,-1,-1,-1,22,-1,411,-1,-1,-1,-1,-1,-1,2,0,0,0,0,0,2,0,8,3,6,41.75132826,-87.59056098
0,324538,-1,30,1,2,2,1,12,2,3,0,1,0,0,-1,-1,1,34,15,114,-1,-1,-1,-1,-1,-1,2,0,0,0,0,0,2,0,8,3,6,41.87314833,-87.62073886
0,323663,-1,30,0,0,1,1,7,7,-1,0,0,0,0,-1,1,-1,0,-1,1233,-1,-1,-1,-1,-1,-1,4,0,0,0,0,0,1,0,8,3,6,41.86373439,-87.67631269
0,323309,-1,25,0,0,-1,-1,7,-1,-1,0,-1,0,0,-1,-1,1,11,0,522,-1,-1,-1,-1,-1,-1,2,0,0,0,0,0,1,0,8,3,6,41.68897232,-87.6306374
0,323273,-1,35,1,2,0,1,12,5,4,0,0,0,0,-1,-1,-1,0,0,821,-1,-1,-1,-1,-1,-1,2,0,0,0,0,0,2,0,8,3,6,41.81717609,-87.723764
0,323091,-1,30,0,1,2,1,14,5,4,0,1,0,0,-1,-1,-1,18,0,1822,-1,-1,-1,-1,-1,-1,2,0,0,0,0,0,2,0,8,3,6,41.91078672,-87.64973872
0,323080,-1,30,0,0,0,1,12,6,3,0,0,0,0,-1,-1,-1,17,0,122,-1,-1,-1,-1,-1,-1,2,0,0,0,0,0,2,0,8,3,6,41.87803443,-87.63117141
0,323232,-1,30,0,0,2,1,10,5,4,0,1,0,0,-1,-1,-1,18,18,1621,-1,-1,-1,-1,-1,-1,2,0,0,0,0,0,2,0,8,3,6,41.99743895,-87.76302762
0,323077,-1,30,0,0,2,1,5,6,1,0,1,0,0,-1,-1,-1,20,-1,1622,-1,-1,-1,-1,-1,-1,1,0,0,0,0,0,1,0,8,3,6,41.98801942,-87.76960507
0,323095,-1,30,3,2,2,1,0,7,-1,0,1,0,0,-1,1,-1,8,10,1931,-1,-1,-1,-1,-1,-1,2,0,0,0,0,0,2,0,8,3,6,41.9353549,-87.66864996
0,323061,-1,30,0,0,2,1,0,5,-1,0,1,0,0,-1,-1,-1,20,-1,912,-1,-1,-1,-1,-1,-1,2,0,0,0,0,0,3,0,8,3,6,41.82763044,-87.65946854
0,323087,-1,30,2,0,0,1,0,5,3,0,0,0,0,-1,-1,-1,0,-1,825,-1,-1,-1,-1,-1,-1,2,0,0,0,0,0,3,0,8,3,6,41.78267232,-87.69334674
0,323079,-1,30,1,2,2,1,0,5,2,0,1,0,1,1,-1,-1,6,-1,1231,-1,-1,-1,-1,-1,-1,2,0,0,0,0,0,2,0,8,3,6,41.87413327,-87.66674408
0,323059,-1,30,1,2,2,1,14,5,4,0,1,0,0,1,-1,-1,17,11,733,-1,-1,-1,-1,-1,-1,2,0,0,0,0,0,3,0,8,3,6,41.75985341,-87.64433845
0,324689,-1,35,1,2,0,1,14,5,4,0,0,0,0,-1,-1,-1,23,23,1923,-1,-1,-1,-1,-1,-1,2,0,0,0,0,0,2,0,8,3,6,41.94725725,-87.65923258
1,323067,-1,30,1,2,-1,1,10,5,4,0,-1,-1,1,1,-1,-1,16,-1,331,-1,-1,-1,-1,-1,-1,2,1,0,0,0,1,2,0,8,3,6,41.77567903,-87.57171366
0,323071,-1,30,0,0,1,1,14,5,-1,0,0,0,0,-1,-1,-1,23,-1,1233,-1,-1,-1,-1,-1,-1,2,0,0,0,0,0,2,0,8,3,6,41.85794234,-87.66395801
0,329264,-1,20,0,0,0,1,2,12,-1,0,0,0,0,-1,1,1,0,0,2523,-1,-1,-1,-1,-1,-1,1,0,0,0,0,0,1,0,8,3,6,41.93293668,-87.7176417
0,326253,-1,30,0,0,-1,-1,7,2,2,0,-1,-1,0,-1,-1,1,0,-1,2012,-1,-1,-1,-1,-1,-1,2,0,0,0,0,0,1,0,8,3,6,41.97908858,-87.68507235
0,323056,-1,30,2,2,1,1,0,5,2,0,0,0,1,1,-1,-1,17,0,1233,-1,-1,-1,-1,-1,-1,2,0,0,0,0,0,2,0,7,3,6,41.86150192,-87.66127119
0,323054,-1,30,1,2,2,1,10,5,2,0,1,0,0,-1,-1,-1,22,11,1221,-1,-1,-1,-1,-1,-1,2,0,0,0,0,0,2,0,7,3,6,41.8954323,-87.70205238