MOST_SEVERE_INJURY,RD_NO,CRASH_DATE_EST_I,POSTED_SPEED_LIMIT,TRAFFIC_CONTROL_DEVICE,DEVICE_CONDITION,WEATHER_CONDITION,LIGHTING_CONDITION,FIRST_CRASH_TYPE,TRAFFICWAY_TYPE,LANE_CNT,ALIGNMENT,ROADWAY_SURFACE_COND,ROAD_DEFECT,CRASH_TYPE,INTERSECTION_RELATED_I,NOT_RIGHT_OF_WAY_I,HIT_AND_RUN_I,PRIM_CONTRIBUTORY_CAUSE,SEC_CONTRIBUTORY_CAUSE,BEAT_OF_OCCURRENCE,PHOTOS_TAKEN_I,STATEMENTS_TAKEN_I,DOORING_I,WORK_ZONE_I,WORK_ZONE_TYPE,WORKERS_PRESENT_I,NUM_UNITS,INJURIES_TOTAL,INJURIES_FATAL,INJURIES_INCAPACITATING,INJURIES_NON_INCAPACITATING,INJURIES_REPORTED_NOT_EVIDENT,INJURIES_NO_INDICATION,INJURIES_UNKNOWN,CRASH_HOUR,CRASH_DAY_OF_WEEK,CRASH_MONTH,LATITUDE,LONGITUDE
0,323041,-1,30,0,0,2,1,14,2,-1,0,1,0,1,-1,-1,-1,21,-1,833,-1,1,-1,-1,-1,-1,2,0,0,0,0,0,2,0,7,3,6,41.77111437,-87.73533151
0,323033,-1,25,0,0,0,1,7,6,1,0,0,0,0,-1,-1,-1,0,0,2432,-1,-1,-1,-1,-1,-1,2,0,0,0,0,0,1,0,7,3,6,42.00477209,-87.6670902
0,324183,-1,10,0,0,0,1,7,12,-1,0,-1,-1,0,-1,0,1,0,-1,2511,-1,-1,-1,-1,-1,-1,2,0,0,0,0,0,1,0,7,3,6,41.93813292,-87.78972826
0,323019,-1,15,2,2,0,1,7,6,1,0,0,0,1,1,-1,-1,27,-1,2534,-1,-1,-1,-1,-1,-1,3,0,0,0,0,0,1,0,7,3,6,41.91151521,-87.73255603
0,323016,-1,30,0,0,1,1,12,5,2,0,0,0,0,-1,-1,1,16,0,1111,-1,-1,-1,-1,-1,-1,2,0,0,0,0,0,2,0,7,3,6,41.89477871,-87.72621159
0,332336,-1,30,1,2,0,1,5,5,2,0,0,1,0,-1,-1,-1,29,0,624,-1,-1,-1,-1,-1,-1,1,0,0,0,0,0,1,0,7,3,6,41.75677967,-87.61015692
0,323005,-1,30,1,2,0,1,14,5,2,0,0,0,0,-1,-1,0,0,0,1232,-1,-1,-1,-1,-1,-1,2,0,0,0,0,0,2,0,7,3,6,41.86713421,-87.64423752
0,323026,-1,30,0,0,0,1,12,5,1,0,0,0,0,-1,-1,-1,17,0,114,-1,-1,-1,-1,-1,-1,2,0,0,0,0,0,2,0,6,3,6,41.88791004,-87.62080356
0,323006,-1,30,0,0,0,1,10,3,8,0,0,0,0,1,-1,-1,18,-1,413,-1,-1,-1,-1,-1,-1,2,0,0,0,0,0,8,0,6,3,6,41.72407478,-87.58530323
0,323037,-1,30,0,0,0,1,7,6,1,0,0,0,1,-1,-1,-1,0,-1,1722,-1,-1,-1,-1,-1,-1,3,0,0,0,0,0,1,0,6,3,6,41.96472012,-87.72928773
0,325410,-1,30,1,-1,0,1,14,5,-1,0,-1,-1,0,1,-1,1,0,-1,912,-1,-1,-1,-1,-1,-1,2,0,0,0,0,0,2,0,6,3,6,41.82634053,-87.68420395
0,323355,-1,15,0,0,0,1,7,7,-1,0,0,0,0,-1,-1,-1,0,-1,915,-1,-1,-1,-1,-1,-1,2,0,0,0,0,0,1,0,6,3,6,41.83721567,-87.63787835
0,322998,-1,30,0,0,0,1,14,5,2,0,0,0,0,-1,-1,-1,0,-1,1034,-1,-1,-1,-1,-1,-1,2,0,0,0,0,0,2,0,6,3,6,41.84900368,-87.67069044
0,322994,-1,5,0,0,0,1,2,12,0,0,0,0,0,-1,-1,1,20,20,725,-1,-1,-1,-1,-1,-1,1,0,0,0,0,0,1,0,5,3,6,41.77209823,-87.66416462
0,322975,-1,30,1,2,0,2,2,1,4,0,0,0,0,-1,-1,1,-1,-1,2223,-1,-1,-1,-1,-1,-1,1,0,0,0,0,0,1,0,5,3,6,41.73578527,-87.64375883
2,322965,-1,35,0,0,0,0,7,2,-1,0,0,0,1,-1,-1,-1,0,0,1113,-1,-1,-1,-1,-1,-1,4,1,0,0,1,0,0,0,4,3,6,41.88180296,-87.73685486
0,323645,-1,30,-1,-1,-1,-1,7,5,-1,0,-1,-1,0,-1,-1,1,0,-1,2532,-1,-1,-1,-1,-1,-1,2,0,0,0,0,0,1,0,4,3,6,41.90997701,-87.75582265
0,331725,1,0,0,0,-1,0,7,12,-1,0,-1,-1,0,-1,-1,1,0,1,2413,-1,-1,-1,-1,-1,-1,2,0,0,0,0,0,1,0,3,3,6,41.99626657,-87.6875398
0,322997,1,30,0,0,0,3,7,5,-1,0,0,0,0,-1,-1,1,0,-1,2534,-1,-1,-1,-1,-1,-1,2,0,0,0,0,0,1,0,3,3,6,41.90994148,-87.73033267
2,324745,-1,15,0,0,0,1,9,0,-1,0,0,0,1,-1,-1,-1,20,-1,122,-1,-1,-1,-1,-1,-1,2,1,0,0,1,0,1,0,2,3,6,41.8794728,-87.63580748
0,322936,-1,35,0,0,0,0,7,5,2,0,0,0,1,-1,-1,-1,27,-1,2514,-1,-1,-1,-1,-1,-1,3,0,0,0,0,0,1,0,2,3,6,41.93612818,-87.76656004
2,322914,-1,30,1,2,0,3,2,5,2,0,0,0,1,1,-1,0,14,25,314,-1,-1,-1,-1,-1,-1,1,6,0,0,5,1,0,0,1,3,6,41.78072815,-87.59606197
2,322916,-1,30,0,0,0,3,14,1,2,0,0,0,1,-1,-1,-1,0,0,322,-1,-1,-1,-1,-1,-1,2,1,0,0,1,0,2,0,1,3,6,41.76918252,-87.61041588
0,322900,-1,30,0,0,0,3,7,7,-1,0,0,0,0,-1,1,-1,25,0,1032,-1,-1,-1,-1,-1,-1,2,0,0,0,0,0,1,0,0,3,6,41.84440733,-87.70509985
0,322895,-1,30,-1,-1,0,3,14,6,3,0,0,-1,0,1,-1,1,23,21,1832,-1,-1,-1,-1,-1,-1,2,0,0,0,0,0,2,0,0,3,6,41.89255832,-87.62959738
0,323207,1,30,0,0,1,-1,7,6,-1,0,-1,0,0,-1,-1,1,0,-1,1111,-1,-1,-1,-1,-1,-1,2,0,0,0,0,0,1,0,0,3,6,41.90053819,-87.73861564
0,323386,1,25,0,0,0,3,7,6,1,0,0,0,0,-1,-1,1,0,0,2422,-1,-1,-1,-1,-1,-1,2,0,0,0,0,0,1,0,23,2,6,42.01611152,-87.66973659
0,323203,-1,30,1,2,0,3,0,5,4,0,0,0,0,1,-1,1,6,17,1733,-1,-1,-1,-1,-1,-1,2,0,0,0,0,0,2,0,23,2,6,41.93944102,-87.70767235
0,322874,-1,25,0,0,0,3,7,2,2,0,0,0,0,-1,-1,-1,20,-1,725,-1,-1,-1,-1,-1,-1,2,0,0,0,0,0,1,0,23,2,6,41.77286398,-87.66295593
1,322839,-1,30,1,2,0,3,10,5,4,0,0,0,1,-1,-1,1,18,0,835,-1,-1,-1,-1,-1,-1,2,1,0,0,0,1,3,0,23,2,6,41.75916471,-87.68295331
0,17322857,-1,30,1,2,0,3,14,12,-1,0,0,0,0,1,-1,-1,17,16,324,-1,-1,-1,-1,-1,-1,2,0,0,0,0,0,2,0,23,2,6,41.75887836,-87.58560279
0,322819,-1,25,0,0,0,3,7,2,2,0,0,0,0,-1,-1,1,-1,-1,725,-1,-1,-1,-1,-1,-1,2,0,0,0,0,0,1,0,23,2,6,41.77098164,-87.65927564
0,322844,-1,30,1,2,0,3,0,5,2,0,0,0,1,1,-1,1,17,-1,1411,-1,-1,-1,-1,-1,-1,2,0,0,0,0,0,2,0,22,2,6,41.9322054,-87.69767924
0,322795,-1,30,0,-1,0,3,0,5,-1,0,0,0,0,-1,-1,-1,21,0,1022,-1,-1,-1,-1,-1,-1,2,0,0,0,0,0,3,0,22,2,6,41.85191721,-87.7021621
-1,322767,-1,30,0,0,0,3,7,6,1,0,0,0,0,-1,-1,1,25,14,1522,-1,-1,-1,-1,-1,-1,2,-1,-1,-1,-1,-1,-1,-1,22,2,6,41.87576478,-87.76284515
0,322750,-1,30,0,0,0,3,7,5,-1,0,0,0,0,-1,-1,-1,23,-1,1711,-1,-1,-1,-1,-1,-1,2,0,0,0,0,0,4,0,22,2,6,41.99057348,-87.73264308
0,331840,-1,15,0,0,0,1,7,5,-1,0,0,0,0,-1,-1,1,0,0,124,-1,-1,-1,-1,-1,-1,2,0,0,0,0,0,1,0,22,2,6,41.86888971,-87.63909893
0,326377,-1,25,0,0,0,1,0,2,2,0,0,0,0,-1,-1,1,0,0,1232,-1,-1,-1,-1,-1,-1,2,0,0,0,0,0,2,0,22,2,6,41.87929361,-87.64932076
0,323168,-1,30,0,0,2,1,10,5,-1,0,0,0,0,-1,-1,-1,0,-1,1421,-1,-1,-1,-1,-1,-1,2,0,0,0,0,0,2,0,22,2,6,41.91028226,-87.70227396
0,322741,-1,30,0,0,0,3,7,12,1,0,0,0,1,-1,-1,1,0,-1,423,-1,-1,-1,-1,-1,-1,2,0,0,0,0,0,1,0,21,2,6,41.72923499,-87.56565773
0,322829,-1,30,0,0,0,3,10,5,2,0,0,0,0,-1,-1,-1,18,-1,2411,-1,-1,-1,-1,-1,-1,2,0,0,0,0,0,3,0,21,2,6,42.00517053,-87.68808436
0,322764,-1,30,11,0,0,0,0,12,-1,0,0,0,0,-1,-1,1,17,18,333,-1,-1,-1,-1,-1,-1,2,0,0,0,0,0,2,0,21,2,6,41.76600497,-87.57399075
0,322735,-1,30,0,0,0,0,12,6,-1,0,0,0,0,-1,-1,-1,21,-1,1834,-1,-1,-1,-1,-1,-1,2,0,0,0,0,0,2,0,21,2,6,41.89325125,-87.62279184
0,322717,-1,30,0,0,0,3,10,5,2,0,0,0,0,-1,-1,-1,18,16,2413,-1,-1,-1,-1,-1,-1,3,0,0,0,0,0,3,0,20,2,6,41.99732254,-87.70687759
0,322638,-1,30,0,0,0,1,12,6,3,0,0,0,0,-1,-1,-1,0,0,1831,-1,-1,-1,-1,-1,-1,2,0,0,0,0,0,5,0,20,2,6,41.88782676,-87.63638969
0,322705,-1,30,1,-1,0,1,10,5,2,0,0,-1,0,-1,-1,-1,-1,-1,815,-1,-1,-1,-1,-1,-1,2,0,0,0,0,0,3,0,20,2,6,41.81884058,-87.72411293
0,322639,-1,30,1,2,0,1,3,5,2,0,0,0,0,-1,-1,0,25,11,1522,-1,-1,-1,-1,-1,-1,2,0,0,0,0,0,2,0,19,2,6,41.87670164,-87.75507794
0,322635,-1,30,0,-1,0,4,7,5,4,0,0,0,0,-1,-1,-1,0,-1,1434,-1,-1,-1,-1,-1,-1,2,0,0,0,0,0,1,0,19,2,6,41.91450211,-87.68360827
2,322662,-1,35,1,2,0,1,14,5,6,0,0,-1,1,1,-1,-1,17,17,511,-1,-1,-1,-1,-1,-1,2,1,0,0,1,0,3,0,19,2,6,41.72210009,-87.59493668
2,322603,-1,30,0,0,0,1,10,5,2,0,0,0,1,-1,-1,-1,25,16,1012,-1,-1,-1,-1,-1,-1,2,2,0,0,2,0,0,0,19,2,6,41.85892541,-87.72878115
0,365687,-1,30,2,2,0,1,2,5,2,0,0,0,0,-1,1,1,5,-1,215,-1,-1,-1,-1,-1,-1,1,0,0,0,0,0,1,0,19,2,6,41.81131721,-87.6183548
0,322543,-1,30,1,2,0,1,10,5,2,0,0,0,0,-1,-1,-1,8,11,1914,-1,-1,-1,-1,-1,-1,2,0,0,0,0,0,2,0,19,2,6,41.96554543,-87.65437407
2,322695,-1,30,1,2,0,1,10,5,3,0,0,0,1,1,-1,-1,18,-1,133,-1,-1,-1,-1,-1,-1,2,1,0,0,1,0,1,0,19,2,6,41.84786995,-87.61787427
1,322544,-1,30,0,0,0,1,12,5,-1,0,0,0,1,-1,-1,-1,17,0,814,-1,-1,-1,-1,-1,-1,2,1,0,0,0,1,3,0,19,2,6,41.80064255,-87.74311347
2,322538,-1,30,0,0,0,1,8,2,2,0,0,0,1,1,-1,-1,16,33,1622,-1,-1,-1,-1,-1,-1,2,1,0,0,1,0,1,0,19,2,6,41.97577292,-87.77959748
0,322568,-1,25,1,2,0,1,12,5,4,0,0,0,0,-1,-1,-1,11,0,814,-1,-1,-1,-1,-1,-1,2,0,0,0,0,0,2,0,19,2,6,41.80753037,-87.74329682
0,322533,-1,10,0,0,0,1,7,7,-1,0,0,0,0,-1,1,1,11,0,811,-1,-1,-1,-1,-1,-1,2,0,0,0,0,0,1,0,19,2,6,41.79229061,-87.7902949
0,322539,-1,30,0,0,0,1,7,2,2,0,0,0,1,-1,-1,-1,32,-1,1713,-1,-1,-1,-1,-1,-1,3,0,0,0,0,0,1,0,18,2,6,41.96832577,-87.71022769
1,322486,-1,30,0,0,0,1,14,5,4,0,0,0,1,1,-1,-1,0,-1,1633,-1,-1,-1,-1,-1,-1,2,1,0,0,0,1,1,0,18,2,6,41.95297726,-87.77426498
0,322523,-1,35,0,0,0,1,3,2,2,0,0,0,1,-1,-1,1,0,0,1122,-1,-1,-1,-1,-1,-1,2,0,0,0,0,0,2,0,18,2,6,41.88532319,-87.72505788
0,322516,1,30,1,2,0,1,10,2,4,0,0,0,0,1,-1,1,18,16,2011,-1,-1,-1,-1,-1,-1,2,0,0,0,0,0,2,0,18,2,6,41.99028498,-87.70748196
0,322506,-1,30,0,0,0,1,14,5,-1,0,0,0,0,-1,-1,-1,20,-1,1932,-1,-1,-1,-1,-1,-1,2,0,0,0,0,0,2,0,18,2,6,41.92528231,-87.66661708
0,322616,-1,0,0,0,0,1,0,7,-1,0,0,0,0,-1,1,-1,0,-1,2432,-1,-1,-1,-1,-1,-1,2,0,0,0,0,0,2,0,18,2,6,41.99831325,-87.65925504
0,322566,-1,30,0,0,0,1,7,7,-1,0,0,0,0,-1,-1,-1,0,0,813,-1,-1,-1,-1,-1,-1,2,0,0,0,0,0,1,0,18,2,6,41.77833539,-87.74243649
0,322601,-1,20,0,0,0,1,0,2,2,0,0,-1,0,-1,-1,-1,18,18,2423,-1,-1,-1,-1,-1,-1,2,0,0,0,0,0,2,0,18,2,6,42.01145571,-87.66571734
0,322462,-1,30,1,-1,0,1,14,5,2,0,0,-1,0,1,-1,-1,0,0,434,-1,-1,-1,-1,-1,-1,2,0,0,0,0,0,2,0,18,2,6,41.70800101,-87.56557203
0,322441,-1,35,8,2,0,1,12,2,2,0,0,0,0,-1,-1,-1,21,21,2424,-1,-1,-1,-1,-1,-1,2,0,0,0,0,0,2,0,18,2,6,42.01099325,-87.67451636
0,322599,-1,30,0,0,0,1,5,5,2,0,0,0,0,-1,-1,-1,0,0,1925,-1,-1,-1,-1,-1,-1,1,0,0,0,0,0,1,0,18,2,6,41.94277375,-87.64465928
0,322751,-1,30,0,0,0,1,7,6,1,0,0,0,0,-1,-1,-1,0,0,331,-1,-1,-1,-1,-1,-1,2,0,0,0,0,0,1,0,18,2,6,41.76792844,-87.57282575
0,322434,-1,30,0,0,0,1,14,2,-1,0,0,0,0,-1,-1,-1,0,-1,432,-1,-1,-1,-1,-1,-1,2,0,0,0,0,0,5,0,18,2,6,-1,-1
0,322419,-1,5,0,0,0,1,12,7,2,0,0,0,0,-1,-1,-1,25,-1,731,-1,-1,-1,-1,-1,-1,2,0,0,0,0,0,2,0,17,2,6,41.76555262,-87.62682483
1,322393,-1,30,0,0,0,1,10,5,2,0,0,-1,1,-1,-1,-1,18,-1,1533,-1,-1,-1,-1,-1,-1,2,2,0,0,0,2,3,0,17,2,6,41.88154807,-87.75496025
0,335549,-1,30,0,0,0,1,14,5,4,0,0,0,0,-1,-1,-1,18,-1,1611,-1,-1,-1,-1,-1,-1,2,0,0,0,0,0,2,0,17,2,6,41.99738217,-87.78807767
2,322578,-1,30,0,0,0,1,8,5,2,0,0,0,1,-1,-1,-1,11,0,1434,-1,-1,1,-1,-1,-1,2,1,0,0,1,0,1,0,17,2,6,41.91538473,-87.68497372
0,322416,-1,35,0,0,0,1,10,2,-1,0,0,0,0,-1,-1,-1,16,-1,114,-1,-1,-1,-1,-1,-1,2,0,0,0,0,0,2,0,17,2,6,41.88607017,-87.62053659
0,322410,-1,30,0,0,0,1,14,5,2,0,0,0,1,1,-1,-1,23,-1,1213,-1,-1,-1,-1,-1,-1,2,0,0,0,0,0,3,0,17,2,6,41.89986011,-87.66475729
0,322376,-1,30,0,0,0,1,10,2,-1,0,0,0,0,-1,-1,-1,16,-1,2515,-1,-1,-1,-1,-1,-1,2,0,0,0,0,0,2,0,17,2,6,41.92264939,-87.76579406
0,322476,-1,30,0,0,0,1,7,2,-1,0,0,0,0,-1,-1,-1,11,-1,133,-1,1,-1,-1,-1,-1,2,0,0,0,0,0,2,0,17,2,6,41.845574,-87.62056125
2,322444,1,30,0,0,0,1,8,5,3,0,0,0,1,-1,-1,1,0,-1,1632,-1,-1,-1,-1,-1,-1,2,1,0,0,1,0,1,0,17,2,6,41.95788503,-87.78689713
0,322344,-1,30,5,2,0,1,7,5,4,0,0,0,0,-1,-1,-1,0,0,1921,-1,-1,-1,-1,-1,-1,3,0,0,0,0,0,1,0,17,2,6,41.94497756,-87.6942372
0,322336,-1,15,0,0,0,1,10,4,1,0,0,0,0,-1,1,-1,18,16,2515,-1,-1,-1,-1,-1,-1,2,0,0,0,0,0,2,0,17,2,6,41.92366106,-87.76612552
0,322700,-1,30,0,0,0,1,2,7,0,0,0,0,0,-1,1,-1,0,-1,1611,-1,-1,-1,-1,-1,-1,1,0,0,0,0,0,1,0,17,2,6,41.99492737,-87.78575903
0,322387,-1,30,0,0,0,1,12,5,2,0,0,0,0,-1,-1,-1,22,16,2533,1,-1,-1,-1,-1,-1,2,0,0,0,0,0,2,0,17,2,6,41.9138412,-87.74544798
0,322313,-1,30,0,0,0,1,14,2,-1,0,0,-1,1,-1,-1,-1,0,0,2513,-1,-1,-1,-1,-1,-1,2,0,0,0,0,0,2,0,17,2,6,41.90920331,-87.78968107
0,322357,1,35,-1,-1,0,1,12,5,2,0,0,-1,0,1,-1,-1,-1,0,831,-1,-1,-1,-1,-1,-1,2,0,0,0,0,0,2,0,17,2,6,41.77164589,-87.7031137
0,322418,-1,25,0,0,0,1,7,6,1,0,0,0,0,-1,-1,-1,11,0,823,-1,-1,-1,-1,-1,-1,2,0,0,0,0,0,1,0,17,2,6,41.77975982,-87.7017937
0,322417,-1,25,0,0,0,1,12,3,4,0,-1,-1,0,-1,-1,-1,0,-1,1834,-1,-1,-1,-1,-1,-1,2,0,0,0,0,0,6,0,17,2,6,41.89112059,-87.6239887
0,322397,-1,30,-1,-1,0,1,2,5,2,0,0,0,0,-1,-1,-1,0,0,722,-1,-1,-1,-1,-1,-1,1,0,0,0,0,0,1,0,17,2,6,41.77821516,-87.63346443
0,322381,-1,45,0,0,0,1,12,5,4,0,0,0,0,-1,-1,-1,23,21,222,-1,-1,-1,-1,-1,-1,2,0,0,0,0,0,2,0,17,2,6,41.81077249,-87.58888247
0,322380,-1,30,1,2,0,1,14,2,6,0,0,0,1,-1,-1,-1,17,33,815,-1,-1,-1,-1,-1,-1,2,0,0,0,0,0,2,0,17,2,6,41.80205981,-87.7428545
2,322360,-1,30,1,2,0,1,12,6,-1,0,0,0,1,-1,-1,-1,12,-1,111,-1,-1,-1,-1,-1,-1,2,1,0,0,1,0,2,0,17,2,6,41.88477971,-87.63080067
0,322343,-1,30,1,2,0,1,8,2,4,0,0,0,0,1,-1,-1,16,0,913,-1,-1,-1,-1,-1,-1,2,0,0,0,0,0,3,0,17,2,6,41.83901588,-87.66314727
0,322329,-1,30,1,2,0,1,14,5,4,0,0,0,0,-1,-1,-1,18,18,1014,-1,-1,-1,-1,-1,-1,2,0,0,0,0,0,3,0,17,2,6,41.8543291,-87.71522367
0,322301,-1,30,0,0,0,1,7,6,2,0,-1,-1,1,-1,-1,-1,-1,-1,1512,-1,-1,-1,-1,-1,-1,2,0,0,0,0,0,2,0,16,2,6,41.88559636,-87.76587924
0,322362,-1,30,1,2,0,1,7,5,-1,0,0,0,0,-1,-1,1,0,22,1622,-1,-1,-1,-1,-1,-1,3,0,0,0,0,0,2,0,16,2,6,41.9704061,-87.7682817
0,322285,-1,30,0,0,0,1,10,5,4,0,0,0,0,-1,-1,-1,18,-1,123,-1,-1,-1,-1,-1,-1,2,0,0,0,0,0,2,0,16,2,6,41.8736798,-87.63050239
0,323451,-1,30,1,2,0,1,12,6,3,0,0,0,0,1,-1,1,0,-1,634,-1,-1,-1,-1,-1,-1,2,0,0,0,0,0,2,0,16,2,6,41.73597244,-87.62558219
0,322508,-1,30,0,0,0,1,14,5,-1,0,0,0,0,-1,-1,-1,0,0,124,-1,-1,-1,-1,-1,-1,2,0,0,0,0,0,2,0,16,2,6,41.86797281,-87.64089226
0,322412,-1,30,0,0,0,1,12,5,-1,0,0,0,0,-1,-1,1,0,0,121,-1,-1,-1,-1,-1,-1,2,0,0,0,0,0,2,0,16,2,6,41.88199434,-87.63975869
0,322355,-1,30,0,0,0,1,14,2,4,0,0,0,0,-1,-1,-1,0,0,2533,-1,-1,-1,-1,-1,-1,2,0,0,0,0,0,5,0,16,2,6,41.90939086,-87.75584752
0,322325,-1,30,2,2,0,1,14,5,-1,0,0,0,0,-1,-1,-1,0,0,2223,-1,-1,-1,-1,-1,-1,2,0,0,0,0,0,2,0,16,2,6,41.72151357,-87.63608038
0,322270,-1,30,0,0,0,1,10,2,4,0,0,0,0,-1,-1,1,18,16,1533,-1,-1,-1,-1,-1,-1,2,0,0,0,0,0,3,0,16,2,6,41.87875692,-87.74536041
0,322404,-1,30,0,0,0,1,10,5,-1,0,0,0,0,-1,-1,-1,0,-1,2533,-1,-1,-1,-1,-1,-1,2,0,0,0,0,0,2,0,16,2,6,41.90255832,-87.73996265
0,322309,-1,30,2,2,0,1,0,2,2,0,0,0,0,1,-1,-1,0,-1,1234,-1,-1,-1,-1,-1,-1,2,0,0,0,0,0,5,0,16,2,6,41.85308869,-87.68336753
0,322297,-1,30,1,2,0,1,14,5,2,0,0,0,0,-1,-1,-1,17,16,1432,-1,-1,-1,-1,-1,-1,2,0,0,0,0,0,3,0,16,2,6,41.93035435,-87.6853464
0,328986,-1,30,0,0,0,1,12,5,-1,0,0,0,0,-1,-1,-1,22,0,835,-1,-1,-1,-1,-1,-1,2,0,0,0,0,0,2,0,16,2,6,41.7354089,-87.69588442
0,323745,-1,25,0,0,0,1,12,5,4,0,0,0,0,-1,-1,-1,22,17,2423,-1,-1,-1,-1,-1,-1,2,0,0,0,0,0,2,0,16,2,6,42.01242952,-87.66310365
0,322532,-1,30,0,0,0,1,12,5,-1,0,0,0,0,-1,-1,1,22,0,1131,-1,-1,-1,-1,-1,-1,2,0,0,0,0,0,3,0,16,2,6,41.87691824,-87.73549477
1,322401,-1,30,1,2,0,1,10,5,3,0,-1,-1,1,-1,-1,-1,7,7,2031,-1,-1,-1,-1,-1,-1,2,1,0,0,0,1,1,0,16,2,6,41.96864141,-87.69872462
0,322284,-1,30,0,0,0,1,7,5,2,0,0,0,0,-1,-1,1,0,0,1922,-1,-1,-1,-1,-1,-1,4,0,0,0,0,0,1,0,16,2,6,41.95254999,-87.67095978
0,322266,-1,30,0,0,0,1,12,6,-1,0,0,0,0,-1,-1,0,17,-1,1524,-1,-1,-1,-1,-1,-1,2,0,0,0,0,0,2,0,16,2,6,41.89752075,-87.76087801
0,322258,-1,30,0,0,0,1,12,5,4,0,0,0,0,-1,-1,1,21,11,1113,-1,-1,-1,-1,-1,-1,2,0,0,0,0,0,2,0,16,2,6,41.88650795,-87.74534788
0,322252,-1,30,0,0,0,1,10,5,4,0,0,0,0,-1,-1,1,0,0,921,-1,-1,-1,-1,-1,-1,2,0,0,0,0,0,2,0,16,2,6,41.82044662,-87.69410923
0,322239,-1,30,2,2,0,1,10,5,-1,0,0,-1,0,-1,-1,-1,16,0,2012,-1,-1,-1,-1,-1,-1,2,0,0,0,0,0,2,0,16,2,6,41.97806628,-87.66849575
1,322223,-1,30,1,2,0,1,0,5,-1,0,0,0,1,1,-1,-1,6,15,513,-1,-1,-1,-1,-1,-1,2,2,0,0,0,2,0,0,16,2,6,41.69280108,-87.61564503
0,322206,-1,35,2,2,0,1,10,5,-1,0,0,0,0,-1,-1,-1,7,0,621,-1,-1,-1,-1,-1,-1,2,0,0,0,0,0,2,0,16,2,6,41.74883906,-87.63457303
0,322218,-1,30,0,0,0,1,14,5,2,0,0,0,0,-1,-1,-1,17,-1,1623,-1,-1,-1,-1,-1,-1,2,0,0,0,0,0,2,0,16,2,6,41.9753547,-87.75534849
1,324163,-1,30,-1,-1,-1,-1,9,2,1,0,-1,-1,1,1,-1,1,0,0,2511,-1,-1,-1,-1,-1,-1,2,1,0,0,0,1,1,0,16,2,6,41.93106544,-87.78676631
0,322377,-1,5,0,0,0,1,7,7,2,0,0,0,0,-1,-1,-1,-1,-1,1822,-1,-1,-1,-1,-1,-1,2,0,0,0,0,0,3,0,16,2,6,41.90939879,-87.6530507
0,322320,-1,30,0,0,0,1,12,5,-1,0,0,0,0,-1,-1,-1,0,0,1831,-1,-1,-1,-1,-1,-1,2,0,0,0,0,0,2,0,16,2,6,41.89004183,-87.63786864
0,322253,-1,15,0,0,0,1,7,7,1,0,0,0,0,-1,-1,1,0,0,1732,-1,-1,-1,-1,-1,-1,2,0,0,0,0,0,1,0,16,2,6,41.94663744,-87.71522878
0,322236,-1,30,2,2,0,1,0,5,-1,0,0,-1,0,-1,-1,-1,17,-1,1624,-1,-1,-1,-1,-1,-1,2,0,0,0,0,0,3,0,16,2,6,41.959646,-87.75720795
0,322193,-1,30,0,0,0,1,12,5,-1,0,0,0,0,-1,-1,-1,0,-1,431,-1,-1,-1,-1,-1,-1,2,0,0,0,0,0,3,0,15,2,6,41.7079562,-87.58252439
0,322233,-1,30,2,0,0,1,2,5,2,0,0,12,1,-1,-1,-1,-1,0,1223,-1,-1,-1,1,2,1,1,0,0,0,0,0,1,0,15,2,6,41.8868193,-87.67664622
1,322424,-1,30,1,2,0,1,10,5,-1,0,0,0,1,-1,-1,-1,18,0,124,-1,-1,-1,-1,-1,-1,2,1,0,0,0,1,1,0,15,2,6,41.86739563,-87.63904467
0,322212,-1,30,1,2,0,1,12,5,-1,0,0,0,0,1,-1,-1,-1,-1,1822,-1,-1,-1,-1,-1,-1,2,0,0,0,0,0,2,0,15,2,6,41.91070499,-87.6546895
0,323853,-1,30,0,0,0,1,7,6,1,0,0,0,0,-1,-1,-1,12,-1,2422,-1,-1,-1,-1,-1,-1,2,0,0,0,0,0,2,0,15,2,6,42.02032523,-87.66472799
0,322350,-1,30,1,2,0,1,14,6,4,0,0,0,0,1,-1,-1,0,0,1831,-1,-1,-1,-1,-1,-1,2,0,0,0,0,0,2,0,15,2,6,41.89079503,-87.62948037
3,322162,-1,35,0,0,0,1,9,5,6,0,0,0,1,-1,-1,-1,6,-1,124,-1,-1,-1,-1,-1,-1,2,1,0,1,0,0,1,0,15,2,6,41.86735016,-87.64079708
0,322163,-1,30,0,0,0,1,10,5,-1,0,0,12,0,-1,-1,-1,11,0,723,-1,-1,-1,-1,-1,-1,2,0,0,0,0,0,7,0,15,2,6,41.77231242,-87.64817177
0,322231,-1,30,1,2,0,1,14,5,4,0,0,0,0,1,-1,-1,17,0,834,-1,-1,-1,-1,-1,-1,2,0,0,0,0,0,2,0,15,2,6,41.74906506,-87.7412039
0,322277,1,20,0,0,0,1,7,6,1,0,0,0,1,-1,-1,-1,20,-1,1432,-1,-1,-1,-1,-1,-1,2,0,0,0,0,0,1,0,15,2,6,41.91980879,-87.68392139