MOST_SEVERE_INJURY,RD_NO,CRASH_DATE_EST_I,POSTED_SPEED_LIMIT,TRAFFIC_CONTROL_DEVICE,DEVICE_CONDITION,WEATHER_CONDITION,LIGHTING_CONDITION,FIRST_CRASH_TYPE,TRAFFICWAY_TYPE,LANE_CNT,ALIGNMENT,ROADWAY_SURFACE_COND,ROAD_DEFECT,CRASH_TYPE,INTERSECTION_RELATED_I,NOT_RIGHT_OF_WAY_I,HIT_AND_RUN_I,PRIM_CONTRIBUTORY_CAUSE,SEC_CONTRIBUTORY_CAUSE,BEAT_OF_OCCURRENCE,PHOTOS_TAKEN_I,STATEMENTS_TAKEN_I,DOORING_I,WORK_ZONE_I,WORK_ZONE_TYPE,WORKERS_PRESENT_I,NUM_UNITS,INJURIES_TOTAL,INJURIES_FATAL,INJURIES_INCAPACITATING,INJURIES_NON_INCAPACITATING,INJURIES_REPORTED_NOT_EVIDENT,INJURIES_NO_INDICATION,INJURIES_UNKNOWN,CRASH_HOUR,CRASH_DAY_OF_WEEK,CRASH_MONTH,LATITUDE,LONGITUDE
0,322175,-1,30,1,2,0,1,10,5,2,0,0,0,0,-1,-1,-1,18,16,2513,-1,-1,-1,-1,-1,-1,2,0,0,0,0,0,2,0,15,2,6,41.91076169,-87.79209873
0,322314,-1,10,0,0,0,1,7,7,-1,0,-1,-1,0,-1,1,1,0,-1,124,-1,-1,-1,-1,-1,-1,2,0,0,0,0,0,1,0,15,2,6,41.86452119,-87.6393041
0,322181,-1,30,0,0,0,1,7,5,-1,0,0,0,0,-1,-1,-1,0,-1,1232,-1,-1,-1,-1,-1,-1,2,0,0,0,0,0,2,0,15,2,6,41.86934859,-87.6541691
2,322133,-1,30,0,0,0,1,8,5,2,0,0,0,1,-1,-1,-1,0,0,1733,-1,-1,-1,-1,-1,-1,2,1,0,0,1,0,1,0,15,2,6,41.95331746,-87.71273374
0,322132,-1,30,0,0,0,1,14,5,4,0,0,0,0,1,-1,-1,17,0,911,-1,-1,-1,-1,-1,-1,2,0,0,0,0,0,2,0,15,2,6,41.82838159,-87.68512204
0,322128,-1,5,0,0,0,1,0,7,2,0,0,0,0,-1,-1,-1,20,0,234,-1,-1,-1,-1,-1,-1,2,0,0,0,0,0,2,0,15,2,6,41.79736201,-87.5874054
0,322696,-1,30,1,2,0,1,10,5,2,0,0,0,0,1,-1,-1,0,-1,421,-1,-1,-1,-1,-1,-1,2,0,0,0,0,0,2,0,15,2,6,41.76043692,-87.55721244
0,322155,-1,30,1,2,0,1,14,3,6,0,0,0,0,1,-1,-1,23,-1,225,-1,-1,-1,-1,-1,-1,2,0,0,0,0,0,2,0,15,2,6,41.79467039,-87.63054748
4,322145,-1,20,0,0,0,1,2,5,-1,0,0,0,1,-1,-1,-1,27,-1,533,-1,-1,-1,-1,-1,-1,1,1,1,0,0,0,0,0,15,2,6,41.65338857,-87.61577375
0,323195,-1,30,0,0,0,1,7,5,2,0,0,0,0,-1,-1,1,0,-1,2531,-1,-1,-1,-1,-1,-1,2,0,0,0,0,0,1,0,15,2,6,41.9021694,-87.77130089
0,322595,-1,30,0,0,0,1,10,5,2,0,0,0,0,-1,-1,-1,18,16,2532,-1,-1,-1,-1,-1,-1,2,0,0,0,0,0,2,0,15,2,6,41.90949982,-87.7646356
2,322575,-1,30,0,0,0,1,12,5,2,0,0,0,1,-1,-1,-1,11,17,334,-1,-1,-1,-1,-1,-1,2,1,0,0,1,0,1,0,15,2,6,41.76095779,-87.55772725
0,322161,-1,30,2,0,0,1,14,5,-1,0,0,-1,0,1,-1,-1,0,0,911,-1,-1,-1,-1,-1,-1,2,0,0,0,0,0,3,0,15,2,6,41.83204761,-87.68522164
0,322103,-1,35,1,2,0,1,14,2,-1,0,0,0,1,1,-1,-1,17,-1,915,-1,-1,-1,-1,-1,-1,2,0,0,0,0,0,2,0,15,2,6,41.82350098,-87.65091032
0,322190,-1,30,1,2,0,1,12,12,-1,0,0,0,0,1,-1,-1,0,-1,112,-1,-1,-1,-1,-1,-1,2,0,0,0,0,0,2,0,14,2,6,41.88071244,-87.62456649
0,322127,-1,30,2,2,0,1,14,2,4,0,0,0,0,1,-1,-1,0,-1,1413,-1,-1,-1,-1,-1,-1,2,0,0,0,0,0,2,0,14,2,6,41.92614723,-87.70740554
0,322188,-1,30,1,2,0,1,14,5,4,0,0,0,0,-1,-1,-1,23,-1,1232,-1,-1,-1,-1,-1,-1,2,0,0,0,0,0,3,0,14,2,6,41.86728716,-87.64524694
0,322165,1,30,0,0,0,1,7,6,1,0,0,0,0,-1,-1,1,0,-1,921,-1,-1,-1,-1,-1,-1,2,0,0,0,0,0,1,0,14,2,6,41.81563372,-87.69571757
0,322094,-1,30,0,0,0,1,10,5,4,0,0,-1,0,-1,-1,1,18,-1,1111,-1,-1,-1,-1,-1,-1,2,0,0,0,0,0,3,0,14,2,6,41.90180137,-87.74581515
0,333410,-1,30,2,0,0,1,10,5,2,0,0,0,0,1,-1,-1,18,0,1622,-1,-1,-1,-1,-1,-1,2,0,0,0,0,0,2,0,14,2,6,41.97576284,-87.78731053
0,324174,-1,30,-1,-1,-1,-1,12,5,-1,0,-1,-1,0,-1,-1,-1,0,-1,1914,-1,-1,-1,-1,-1,-1,2,0,0,0,0,0,2,0,14,2,6,41.96894191,-87.65766136
0,322059,-1,25,1,1,0,1,12,1,5,0,0,-1,0,1,-1,-1,17,0,1925,-1,-1,-1,-1,-1,-1,2,0,0,0,0,0,3,0,14,2,6,41.94024119,-87.63963911
0,322302,-1,30,0,0,0,1,12,5,2,0,0,0,0,-1,-1,1,21,0,735,-1,-1,-1,-1,-1,-1,2,0,0,0,0,0,2,0,14,2,6,41.7647743,-87.66760476
0,322316,-1,30,0,0,0,1,14,5,-1,0,0,0,0,-1,-1,-1,0,-1,1232,-1,-1,-1,-1,-1,-1,2,0,0,0,0,0,4,0,14,2,6,41.88012878,-87.6471646
0,322170,-1,30,1,2,0,1,12,5,-1,0,0,0,0,1,-1,-1,0,0,1831,-1,-1,-1,-1,-1,-1,2,0,0,0,0,0,2,0,14,2,6,41.89090664,-87.63308257
1,322035,-1,30,1,2,0,1,14,2,4,0,0,0,1,1,-1,-1,17,11,531,-1,-1,-1,-1,-1,-1,2,1,0,0,0,1,2,0,14,2,6,41.69264396,-87.61352013
0,322053,-1,30,0,0,0,1,10,5,4,0,0,0,0,1,-1,1,18,16,2533,-1,-1,-1,-1,-1,-1,2,0,0,0,0,0,2,0,14,2,6,41.91343769,-87.74447293
0,322108,-1,15,0,0,0,1,7,7,2,0,0,0,0,-1,1,1,22,0,2521,-1,-1,-1,-1,-1,-1,2,0,0,0,0,0,3,0,14,2,6,41.93168892,-87.74301695
0,323040,-1,30,2,0,0,1,10,2,2,0,0,2,0,-1,-1,-1,0,0,1232,-1,-1,-1,-1,-1,-1,2,0,0,0,0,0,2,0,14,2,6,41.86705505,-87.64614778
0,321994,-1,30,0,0,0,1,2,5,-1,0,0,0,1,-1,-1,-1,27,-1,522,-1,-1,-1,-1,-1,-1,1,0,0,0,0,0,2,0,13,2,6,41.69238033,-87.63110144
0,322283,-1,30,0,0,0,1,7,5,-1,0,0,0,0,-1,-1,-1,12,-1,1931,-1,-1,-1,-1,-1,-1,2,0,0,0,0,0,1,0,13,2,6,41.93938014,-87.68527439
0,322004,-1,30,0,0,0,1,14,5,-1,0,0,0,0,-1,-1,-1,11,23,2211,-1,-1,-1,-1,-1,-1,2,0,0,0,0,0,2,0,13,2,6,41.68485724,-87.70072029
0,322438,-1,30,0,0,0,1,7,6,1,0,0,0,0,-1,-1,1,0,0,222,-1,-1,-1,-1,-1,-1,2,0,0,0,0,0,1,0,13,2,6,41.80275982,-87.59065772
0,322269,-1,20,0,0,0,1,0,7,1,0,0,0,0,-1,1,-1,20,0,1913,-1,-1,-1,-1,-1,-1,2,0,0,0,0,0,3,0,13,2,6,41.96378896,-87.65660649
0,321963,-1,20,1,2,0,1,0,5,-1,0,0,0,0,-1,-1,1,6,-1,2534,-1,-1,-1,-1,-1,-1,2,0,0,0,0,0,2,0,13,2,6,41.90975098,-87.73611505
0,321954,-1,30,2,2,0,1,12,1,-1,0,0,0,0,1,-1,-1,17,21,922,-1,-1,-1,-1,-1,-1,2,0,0,0,0,0,2,0,13,2,6,41.80854224,-87.6845482
0,321917,-1,30,0,0,0,1,12,5,2,0,0,0,0,-1,-1,-1,22,21,1834,-1,-1,-1,-1,-1,-1,2,0,0,0,0,0,3,0,13,2,6,41.89420452,-87.61790653
0,322001,-1,35,2,2,0,1,14,5,4,0,0,0,0,-1,-1,-1,16,-1,1831,-1,-1,-1,-1,-1,-1,2,0,0,0,0,0,2,0,13,2,6,41.89652857,-87.63554764
0,321950,-1,30,0,0,0,1,0,5,-1,0,0,0,0,-1,-1,-1,17,-1,815,-1,1,-1,-1,-1,-1,2,0,0,0,0,0,2,0,13,2,6,41.80391551,-87.73556627
0,321948,-1,25,0,2,0,1,14,5,4,0,0,0,0,-1,-1,1,17,23,124,-1,-1,-1,-1,-1,-1,2,0,0,0,0,0,2,0,13,2,6,41.86797281,-87.64089226
0,322011,-1,30,1,2,0,1,10,6,4,0,0,0,0,-1,-1,-1,18,8,632,-1,-1,-1,-1,-1,-1,2,0,0,0,0,0,2,0,13,2,6,41.73621242,-87.62401245
2,321971,-1,30,1,2,0,1,10,5,4,0,0,0,1,-1,-1,-1,18,0,1424,-1,-1,-1,-1,-1,-1,2,1,0,0,1,0,4,0,13,2,6,41.90337747,-87.66764314
0,321937,-1,20,0,0,0,1,11,5,-1,0,0,0,0,-1,-1,-1,11,0,1912,-1,-1,-1,-1,-1,-1,2,0,0,0,0,0,2,0,13,2,6,41.95748068,-87.67627794
0,325138,-1,15,0,0,0,1,12,0,1,0,0,0,0,-1,-1,-1,17,16,1531,1,-1,-1,-1,-1,-1,2,0,0,0,0,0,3,0,13,2,6,41.89781171,-87.7555238
0,322204,-1,30,0,0,0,1,2,4,1,0,0,0,0,-1,1,-1,0,0,1824,-1,-1,-1,-1,-1,-1,1,0,0,0,0,0,1,0,13,2,6,41.90590483,-87.629899
0,322040,-1,30,2,2,0,1,10,5,2,0,0,0,0,-1,-1,-1,0,0,411,-1,-1,-1,-1,-1,-1,2,0,0,0,0,0,2,0,13,2,6,41.75682646,-87.59089947
0,321931,-1,30,0,0,0,1,10,2,2,0,0,0,0,-1,-1,-1,0,0,2511,-1,-1,-1,-1,-1,-1,2,0,0,0,0,0,2,0,13,2,6,41.93245382,-87.78588499
0,321925,-1,30,0,0,0,1,2,5,-1,2,0,0,0,-1,-1,-1,4,4,914,-1,-1,-1,-1,-1,-1,1,0,0,0,0,0,1,0,12,2,6,41.85786178,-87.63198659
0,321889,-1,25,2,2,0,1,2,5,2,0,0,0,0,-1,-1,-1,11,-1,1813,-1,-1,-1,-1,-1,-1,1,0,0,0,0,0,1,0,12,2,6,41.91638706,-87.64104135
0,321935,-1,15,0,0,0,1,7,7,-1,0,0,0,0,-1,1,1,0,0,2212,-1,-1,-1,-1,-1,-1,2,0,0,0,0,0,1,0,12,2,6,41.6916792,-87.67977917
0,321973,-1,30,0,0,0,1,14,5,-1,0,0,-1,0,-1,-1,-1,17,-1,1613,-1,-1,-1,-1,-1,-1,2,0,0,0,0,0,2,0,12,2,6,41.98095578,-87.80571204
0,321873,-1,30,0,0,0,1,7,5,-1,0,0,0,0,-1,-1,-1,-1,-1,513,-1,-1,-1,-1,-1,-1,2,0,0,0,0,0,2,0,12,2,6,41.69349883,-87.61811615
0,321872,-1,25,0,0,0,1,7,5,2,0,0,0,0,-1,-1,-1,-1,-1,914,-1,-1,-1,-1,-1,-1,2,0,0,0,0,0,1,0,12,2,6,41.85151303,-87.63491897
0,321929,-1,30,2,2,0,1,14,5,2,0,0,0,0,1,-1,-1,0,-1,1231,-1,-1,-1,-1,-1,-1,2,0,0,0,0,0,2,0,12,2,6,41.87169752,-87.66906631
0,321911,-1,15,0,0,0,1,2,0,1,0,0,1,0,-1,0,-1,-1,-1,2413,-1,-1,-1,-1,-1,-1,1,0,0,0,0,0,2,0,12,2,6,41.99770975,-87.68461003
0,321899,-1,20,0,0,0,1,0,2,-1,0,0,0,0,1,-1,-1,0,0,915,-1,-1,-1,-1,-1,-1,2,0,0,0,0,0,2,0,12,2,6,41.82891475,-87.64011517
0,321890,-1,30,0,0,0,1,14,2,-1,0,0,0,1,-1,-1,-1,0,-1,811,-1,-1,-1,-1,-1,-1,2,0,0,0,0,0,3,0,12,2,6,41.79260498,-87.76347127
0,321887,-1,30,0,0,0,1,10,2,2,0,0,0,0,-1,-1,-1,0,-1,2514,-1,-1,-1,-1,-1,-1,2,0,0,0,0,0,2,0,12,2,6,41.93768902,-87.76661271
0,321884,-1,5,0,0,0,1,0,7,-1,0,0,0,0,-1,1,-1,20,16,2521,-1,-1,-1,-1,-1,-1,2,0,0,0,0,0,2,0,12,2,6,41.93146094,-87.74371731
0,321972,-1,30,0,0,0,1,12,5,4,0,0,0,0,-1,-1,-1,22,-1,1634,-1,-1,-1,-1,-1,-1,2,0,0,0,0,0,3,0,12,2,6,41.94607533,-87.74720859
0,322036,-1,25,0,0,0,1,7,7,4,0,0,0,0,-1,-1,-1,0,0,922,-1,-1,-1,-1,-1,-1,2,0,0,0,0,0,1,0,12,2,6,41.81073953,-87.68465247
0,321869,-1,10,0,0,0,1,7,7,-1,0,0,0,0,-1,-1,1,0,-1,815,-1,-1,-1,-1,-1,-1,2,0,0,0,0,0,1,0,12,2,6,41.80753346,-87.74300342
0,321844,-1,35,0,0,0,1,12,5,4,0,0,0,0,-1,-1,-1,21,-1,1432,-1,-1,-1,-1,-1,-1,2,0,0,0,0,0,2,0,12,2,6,41.9250284,-87.68613315
0,321823,-1,30,0,0,0,1,7,5,-1,0,0,0,0,-1,-1,-1,0,-1,834,-1,-1,-1,-1,-1,-1,2,0,0,0,0,0,1,0,12,2,6,41.74930516,-87.72317431
0,397666,-1,30,0,0,0,1,9,7,1,0,0,0,0,-1,-1,-1,0,0,1233,-1,-1,-1,-1,-1,-1,2,0,0,0,0,0,3,0,12,2,6,41.86625418,-87.66652414
0,321879,-1,30,2,2,0,1,0,12,2,0,0,0,0,1,-1,1,0,-1,1032,-1,-1,-1,-1,-1,-1,2,0,0,0,0,0,2,0,12,2,6,41.84434083,-87.71127627
0,321874,-1,20,0,0,0,1,7,5,1,0,0,0,0,-1,-1,-1,0,0,1931,-1,-1,-1,-1,-1,-1,2,0,0,0,0,0,1,0,12,2,6,41.93597534,-87.68361041
0,321861,-1,30,1,0,0,1,10,2,2,0,0,0,0,-1,-1,1,25,-1,1632,-1,-1,-1,-1,-1,-1,2,0,0,0,0,0,2,0,12,2,6,41.93815798,-87.80323613
0,324670,-1,30,-1,-1,0,1,12,5,-1,0,0,0,0,-1,-1,-1,22,17,1224,-1,-1,-1,-1,-1,-1,2,0,0,0,0,0,2,0,12,2,6,41.88316574,-87.64755165
0,323852,-1,0,0,0,0,1,7,7,-1,0,0,-1,0,-1,-1,1,0,0,922,-1,-1,-1,-1,-1,-1,2,0,0,0,0,0,1,0,12,2,6,41.81105427,-87.68465815
0,322185,-1,30,0,0,0,1,7,5,-1,0,0,0,0,-1,-1,-1,0,0,1431,-1,-1,-1,-1,-1,-1,2,0,0,0,0,0,1,0,12,2,6,41.92520298,-87.68902362
0,322037,-1,10,0,0,0,0,7,7,-1,0,-1,-1,0,-1,-1,-1,33,22,1922,-1,-1,-1,-1,-1,-1,2,0,0,0,0,0,1,0,12,2,6,41.94593374,-87.66413328
0,322008,-1,15,0,0,0,1,7,6,1,0,0,0,0,-1,-1,-1,11,0,323,-1,-1,-1,-1,-1,-1,2,0,0,0,0,0,1,0,12,2,6,41.76466118,-87.62342781
0,321987,0,30,0,0,0,1,7,6,1,0,0,0,1,-1,-1,1,0,0,922,-1,-1,-1,-1,-1,-1,2,0,0,0,0,0,1,0,12,2,6,41.81192304,-87.68688653
0,321852,-1,10,0,0,0,1,7,7,-1,1,0,-1,0,-1,-1,1,20,0,2033,-1,-1,-1,-1,-1,-1,2,0,0,0,0,0,1,0,12,2,6,41.97552942,-87.65999238
0,321817,0,25,-1,-1,0,1,14,5,-1,0,0,0,0,-1,-1,-1,-1,-1,414,-1,-1,-1,-1,-1,-1,2,0,0,0,0,0,2,0,12,2,6,41.75876736,-87.57607815
0,321846,-1,30,0,0,0,1,12,1,4,0,0,0,0,-1,-1,-1,0,0,231,-1,-1,-1,-1,-1,-1,2,0,0,0,0,0,2,0,11,2,6,41.80191262,-87.62128715
1,321813,-1,30,0,0,0,1,2,6,-1,0,0,0,1,-1,1,-1,0,0,1411,-1,-1,-1,-1,-1,-1,1,1,0,0,0,1,0,0,11,2,6,41.93559755,-87.70353146
0,321789,-1,30,0,0,0,1,7,6,3,0,0,0,0,-1,-1,1,0,-1,122,-1,-1,-1,-1,-1,-1,2,0,0,0,0,0,1,0,11,2,6,41.88186094,-87.63156385
0,321772,-1,30,0,2,0,1,10,2,-1,0,0,12,1,-1,-1,-1,18,18,735,-1,-1,-1,-1,-1,-1,2,0,0,0,0,0,2,0,11,2,6,41.76628926,-87.67342439
0,321767,-1,35,4,2,0,1,14,3,-1,0,0,0,0,1,-1,-1,17,-1,133,-1,-1,-1,-1,-1,-1,2,0,0,0,0,0,2,0,11,2,6,41.84677458,-87.6178448
0,321762,-1,30,1,2,0,1,14,2,5,0,0,0,1,1,-1,-1,17,11,321,-1,1,-1,-1,-1,-1,2,0,0,0,0,0,2,0,11,2,6,41.774867,-87.60595328
0,321782,-1,20,0,0,0,1,0,5,-1,0,0,0,0,-1,-1,-1,17,11,1911,-1,-1,-1,-1,-1,-1,2,0,0,0,0,0,2,0,11,2,6,41.96330048,-87.68494983
0,321761,-1,30,0,0,0,1,7,7,0,0,0,0,0,-1,1,1,20,-1,324,0,-1,-1,-1,-1,-1,2,0,0,0,0,0,1,0,11,2,6,41.76378451,-87.58571744
0,312751,-1,30,2,2,0,1,0,12,-1,0,0,0,0,1,-1,-1,32,32,1723,-1,-1,-1,-1,-1,-1,2,0,0,0,0,0,4,0,11,2,6,41.95759785,-87.71308488
0,336297,-1,15,0,0,-1,1,7,7,-1,0,-1,0,0,-1,1,1,0,-1,713,-1,-1,-1,-1,-1,-1,2,0,0,0,0,0,1,0,11,2,6,41.78240146,-87.66414444
0,323531,-1,15,0,0,0,3,7,4,-1,0,0,0,0,-1,-1,-1,20,-1,114,-1,-1,-1,-1,-1,-1,2,0,0,0,0,0,1,0,11,2,6,41.88539005,-87.61898671
0,321827,1,20,0,0,-1,-1,7,5,2,0,0,0,0,-1,-1,1,0,-1,1733,-1,-1,-1,-1,-1,-1,2,0,0,0,0,0,1,0,11,2,6,41.95262205,-87.70294294
3,321748,-1,30,2,2,0,1,0,1,4,0,0,0,1,1,-1,-1,17,16,1922,-1,-1,-1,-1,-1,-1,3,1,0,1,0,0,2,0,10,2,6,41.94525519,-87.66896382
0,321734,-1,25,-1,0,0,1,10,5,2,0,0,-1,0,-1,-1,-1,18,-1,713,-1,-1,-1,-1,-1,-1,2,0,0,0,0,0,2,0,10,2,6,41.77959668,-87.66342938
0,321710,-1,30,0,0,0,1,3,5,-1,0,0,0,0,-1,-1,-1,18,8,1731,-1,-1,-1,-1,-1,-1,2,0,0,0,0,0,2,0,10,2,6,41.94323602,-87.7397673
0,321744,-1,30,0,3,0,1,7,5,2,0,0,0,0,-1,-1,-1,11,0,2032,-1,-1,-1,-1,-1,-1,2,0,0,0,0,0,2,0,10,2,6,41.97607409,-87.66881051
0,321701,-1,30,0,0,0,1,7,5,2,0,0,0,0,-1,-1,-1,-1,-1,124,-1,-1,-1,-1,-1,-1,2,0,0,0,0,0,1,0,10,2,6,41.86888971,-87.63909893
0,321713,-1,35,0,0,0,1,2,5,2,0,0,0,0,-1,-1,-1,20,-1,1723,-1,-1,-1,-1,-1,-1,1,0,0,0,0,0,1,0,10,2,6,41.96092833,-87.7205482
0,321692,-1,30,1,2,0,1,10,2,2,0,0,0,0,-1,-1,-1,18,16,1622,-1,-1,-1,-1,-1,-1,3,0,0,0,0,0,3,0,10,2,6,41.96310746,-87.76747444
0,321712,1,30,1,2,0,1,3,2,4,0,0,0,1,1,-1,-1,21,21,1621,-1,-1,-1,-1,-1,-1,2,0,0,0,0,0,3,0,10,2,6,41.97539461,-87.7517466
0,321693,-1,30,0,0,0,1,10,5,-1,0,0,0,0,-1,-1,-1,22,11,1914,-1,-1,-1,-1,-1,-1,2,0,0,0,0,0,2,0,10,2,6,41.96552351,-87.65633958
2,321699,-1,30,0,0,0,1,9,7,-1,0,0,0,1,-1,-1,-1,20,-1,1433,-1,1,-1,-1,-1,-1,2,1,0,0,1,0,1,0,10,2,6,41.91087554,-87.65827824
0,321716,-1,30,0,0,0,1,10,5,4,0,0,0,0,-1,-1,-1,0,-1,511,-1,-1,-1,-1,-1,-1,2,0,0,0,0,0,2,0,10,2,6,41.72158912,-87.62524987
1,321666,1,20,1,2,0,1,10,5,2,0,0,0,1,1,-1,-1,18,11,2012,-1,-1,-1,-1,-1,-1,2,1,0,0,0,1,2,0,10,2,6,41.97606946,-87.68441472
0,321682,-1,30,1,2,0,1,2,5,2,0,0,0,1,1,0,-1,14,16,531,-1,0,-1,-1,-1,-1,1,0,0,0,0,0,2,0,10,2,6,41.68577297,-87.60812575
0,321687,-1,30,1,2,0,1,12,5,4,0,0,-1,0,-1,-1,-1,0,0,2221,-1,-1,-1,-1,-1,-1,2,0,0,0,0,0,2,0,10,2,6,41.73020471,-87.66304669
0,322399,-1,30,0,0,0,1,7,5,-1,0,-1,-1,0,-1,-1,1,0,-1,915,-1,-1,-1,-1,-1,-1,2,0,0,0,0,0,1,0,10,2,6,41.82904745,-87.64491143
0,321765,-1,30,0,0,0,1,10,2,-1,0,0,0,0,-1,-1,-1,18,-1,1033,-1,-1,-1,-1,-1,-1,2,0,0,0,0,0,2,0,10,2,6,41.85172962,-87.70029712
0,321680,-1,30,1,2,0,1,14,6,3,0,0,0,0,1,-1,-1,18,-1,122,-1,-1,-1,-1,-1,-1,2,0,0,0,0,0,2,0,9,2,6,41.88332002,-87.63393327
0,321651,-1,20,0,0,0,1,10,5,-1,0,0,0,0,-1,-1,-1,11,-1,234,-1,-1,-1,-1,-1,-1,2,0,0,0,0,0,2,0,9,2,6,41.80201295,-87.58899976
0,321646,-1,30,0,0,0,1,12,3,4,0,0,0,0,-1,-1,-1,0,11,1225,-1,-1,-1,-1,-1,-1,2,0,0,0,0,0,4,0,9,2,6,41.87664462,-87.6861625
0,321674,-1,30,0,0,0,1,7,5,2,0,0,0,0,-1,-1,-1,21,-1,2512,-1,-1,-1,-1,-1,-1,2,0,0,0,0,0,1,0,9,2,6,41.9169042,-87.79518142
0,321632,-1,30,0,0,0,1,7,5,4,0,0,0,0,-1,-1,-1,11,0,2535,-1,-1,-1,-1,-1,-1,2,0,0,0,0,0,1,0,9,2,6,41.90950856,-87.72632234
0,321622,-1,30,0,0,0,1,12,5,2,0,0,0,0,-1,-1,1,22,17,1125,-1,-1,-1,-1,-1,-1,2,0,0,0,0,0,2,0,9,2,6,41.88098125,-87.69384102
0,322084,-1,30,0,0,0,1,7,5,-1,0,0,0,0,-1,-1,-1,0,0,1935,-1,-1,-1,-1,-1,-1,2,0,0,0,0,0,1,0,9,2,6,41.92929665,-87.64385374
0,321661,-1,10,0,0,0,1,7,12,1,0,0,0,0,-1,-1,1,0,-1,223,-1,-1,-1,-1,-1,-1,2,0,0,0,0,0,1,0,9,2,6,41.80890166,-87.60669697
-1,321608,-1,30,0,0,0,1,7,5,2,0,0,0,0,-1,-1,-1,-1,-1,2513,-1,-1,-1,-1,-1,-1,2,-1,-1,-1,-1,-1,-1,-1,9,2,6,41.91425519,-87.80561922
0,321649,-1,30,1,2,0,1,11,2,-1,0,0,0,0,-1,-1,-1,11,-1,123,-1,-1,-1,-1,-1,-1,2,0,0,0,0,0,2,0,9,2,6,41.8721644,-87.63075578
0,321677,-1,30,0,0,0,1,12,5,-1,0,0,0,0,-1,-1,-1,0,-1,1434,-1,-1,-1,-1,-1,-1,2,0,0,0,0,0,4,0,9,2,6,41.91042986,-87.68728422
0,321597,-1,30,0,0,0,1,14,2,2,0,0,0,0,-1,-1,-1,17,-1,2212,-1,-1,-1,-1,-1,-1,2,0,0,0,0,0,2,0,9,2,6,41.68803258,-87.6659846
0,323341,-1,30,0,0,0,1,7,6,-1,0,-1,0,0,-1,-1,1,0,-1,331,-1,-1,-1,-1,-1,-1,2,0,0,0,0,0,1,0,9,2,6,41.76998403,-87.56979362
0,321635,-1,25,0,0,0,1,10,2,-1,0,0,-1,0,-1,-1,-1,-1,-1,2531,-1,-1,-1,-1,-1,-1,2,0,0,0,0,0,2,0,9,2,6,41.90936558,-87.7754207
0,321576,-1,35,1,2,0,1,0,5,-1,0,0,0,1,-1,1,-1,14,17,213,-1,-1,-1,-1,-1,-1,3,0,0,0,0,0,3,0,9,2,6,41.82368919,-87.62331241
1,321618,-1,30,0,0,0,1,14,6,3,0,0,0,1,-1,-1,-1,0,0,1831,-1,-1,-1,-1,-1,-1,2,1,0,0,0,1,2,0,9,2,6,41.89227176,-87.63467022
0,338453,-1,15,0,-1,-1,-1,7,12,1,0,-1,0,0,-1,-1,1,-1,-1,421,-1,-1,-1,-1,-1,-1,2,0,0,0,0,0,1,0,9,2,6,41.75327619,-87.56277265
0,327676,-1,10,0,0,0,1,7,7,2,0,0,0,0,-1,1,1,0,-1,1934,-1,-1,-1,-1,-1,-1,2,0,0,0,0,0,1,0,9,2,6,41.93733844,-87.64445647
0,322205,-1,30,1,2,0,1,10,5,2,0,0,0,0,-1,-1,-1,18,16,1532,-1,-1,-1,-1,-1,-1,2,0,0,0,0,0,2,0,9,2,6,41.88557546,-87.7551107
0,321943,-1,30,0,0,0,1,7,5,2,0,0,0,0,-1,-1,1,0,-1,1623,-1,-1,-1,-1,-1,-1,2,0,0,0,0,0,1,0,9,2,6,41.96548348,-87.76008071
1,321709,-1,0,0,0,0,1,10,5,4,0,0,0,1,-1,-1,-1,0,18,1414,-1,-1,-1,-1,-1,-1,3,1,0,0,0,1,4,0,9,2,6,41.92593334,-87.70710495
0,321564,1,30,2,2,0,1,10,3,4,0,0,0,1,-1,-1,-1,0,-1,1432,-1,-1,-1,-1,-1,-1,3,0,0,0,0,0,3,0,8,2,6,41.92506406,-87.68368165
0,321607,-1,30,1,2,0,1,10,2,4,0,0,0,0,1,-1,-1,20,16,1211,-1,-1,-1,1,0,-1,2,0,0,0,0,0,21,0,8,2,6,41.89574123,-87.69962239
0,321593,-1,15,0,0,0,1,7,2,-1,0,2,12,0,-1,-1,-1,20,-1,2523,-1,-1,-1,1,2,1,2,0,0,0,0,0,1,0,8,2,6,41.93580364,-87.72283067
0,321568,-1,35,1,2,0,1,10,5,4,0,0,0,0,-1,-1,-1,0,0,811,-1,-1,-1,-1,-1,-1,2,0,0,0,0,0,2,0,8,2,6,41.79206391,-87.80032558
0,321939,-1,5,0,0,0,1,0,7,-1,0,0,0,0,-1,1,-1,20,-1,2012,-1,-1,-1,-1,-1,-1,2,0,0,0,0,0,2,0,8,2,6,41.97621693,-87.6741382
3,321561,-1,30,2,2,0,1,8,12,0,0,0,0,1,1,-1,-1,17,23,1224,-1,-1,-1,-1,-1,-1,2,1,0,1,0,0,1,0,8,2,6,41.88441409,-87.65333146
0,321536,-1,30,0,0,0,1,12,2,-1,0,0,0,0,-1,-1,1,18,-1,811,-1,-1,-1,-1,-1,-1,2,0,0,0,0,0,2,0,8,2,6,41.79231109,-87.7780889
1,321583,-1,30,0,0,0,1,10,5,-1,0,0,0,1,-1,-1,-1,16,17,1432,-1,-1,-1,-1,-1,-1,2,1,0,0,0,1,1,0,8,2,6,41.92504022,-87.68530803