MOST_SEVERE_INJURY,RD_NO,CRASH_DATE_EST_I,POSTED_SPEED_LIMIT,TRAFFIC_CONTROL_DEVICE,DEVICE_CONDITION,WEATHER_CONDITION,LIGHTING_CONDITION,FIRST_CRASH_TYPE,TRAFFICWAY_TYPE,LANE_CNT,ALIGNMENT,ROADWAY_SURFACE_COND,ROAD_DEFECT,CRASH_TYPE,INTERSECTION_RELATED_I,NOT_RIGHT_OF_WAY_I,HIT_AND_RUN_I,PRIM_CONTRIBUTORY_CAUSE,SEC_CONTRIBUTORY_CAUSE,BEAT_OF_OCCURRENCE,PHOTOS_TAKEN_I,STATEMENTS_TAKEN_I,DOORING_I,WORK_ZONE_I,WORK_ZONE_TYPE,WORKERS_PRESENT_I,NUM_UNITS,INJURIES_TOTAL,INJURIES_FATAL,INJURIES_INCAPACITATING,INJURIES_NON_INCAPACITATING,INJURIES_REPORTED_NOT_EVIDENT,INJURIES_NO_INDICATION,INJURIES_UNKNOWN,CRASH_HOUR,CRASH_DAY_OF_WEEK,CRASH_MONTH,LATITUDE,LONGITUDE
0,321548,-1,20,2,2,0,1,2,2,-1,0,0,0,1,1,-1,-1,0,-1,2534,-1,-1,-1,-1,-1,-1,1,0,0,0,0,0,1,0,8,2,6,41.91532066,-87.73613156
0,321534,-1,30,2,2,0,1,12,6,1,0,0,0,0,-1,-1,1,25,5,621,-1,-1,-1,-1,-1,-1,2,0,0,0,0,0,2,0,8,2,6,41.7523495,-87.64544743
0,321625,-1,30,2,0,0,1,12,5,2,0,0,0,0,-1,-1,1,22,-1,823,-1,-1,-1,-1,-1,-1,3,0,0,0,0,0,5,0,8,2,6,41.78084438,-87.69358705
0,321580,-1,30,1,2,0,1,10,2,2,0,0,0,0,1,-1,-1,0,0,925,-1,-1,-1,-1,-1,-1,2,0,0,0,0,0,2,0,8,2,6,41.81240127,-87.64577859
0,321569,-1,30,0,0,0,1,12,5,4,0,0,2,0,-1,-1,-1,-1,-1,1433,-1,-1,-1,-1,-1,-1,2,0,0,0,0,0,2,0,8,2,6,41.91089409,-87.65694895
2,321510,-1,35,0,0,0,1,2,5,-1,0,0,0,1,-1,-1,-1,0,-1,932,-1,-1,-1,-1,-1,-1,1,1,0,0,1,0,0,0,8,2,6,41.8003497,-87.68349823
0,321777,-1,20,0,0,0,1,7,6,1,0,0,0,0,-1,-1,1,0,-1,1522,-1,-1,-1,-1,-1,-1,2,0,0,0,0,0,1,0,8,2,6,41.87826689,-87.76238993
0,321643,1,20,0,0,0,-1,7,6,1,0,0,0,0,-1,-1,-1,0,-1,2424,-1,-1,-1,-1,-1,-1,2,0,0,0,0,0,1,0,8,2,6,42.01333786,-87.6801476
0,321598,1,20,0,0,0,-1,7,3,2,0,0,0,1,-1,-1,1,11,-1,611,-1,-1,-1,-1,-1,-1,2,0,0,0,0,0,1,0,8,2,6,41.75383284,-87.66765011
0,321506,-1,30,2,2,0,1,0,2,4,0,0,0,0,1,-1,-1,33,33,1131,-1,-1,-1,-1,-1,-1,2,0,0,0,0,0,2,0,7,2,6,41.86610515,-87.73749209
0,322480,-1,25,0,0,0,1,7,2,2,0,0,0,0,-1,-1,1,0,0,923,-1,-1,-1,-1,-1,-1,2,0,0,0,0,0,1,0,7,2,6,41.79904732,-87.69531758
0,321524,-1,30,1,2,0,1,2,2,2,0,0,0,0,1,-1,-1,23,16,1235,-1,-1,-1,-1,-1,-1,1,0,0,0,0,0,1,0,7,2,6,41.85770217,-87.64365786
0,321504,-1,25,0,0,0,1,10,2,-1,0,0,0,0,-1,-1,-1,-1,-1,2515,-1,-1,-1,-1,-1,-1,2,0,0,0,0,0,2,0,7,2,6,41.91903672,-87.76794261
0,321487,-1,30,0,0,0,1,2,3,4,0,0,0,0,-1,-1,-1,21,0,1722,-1,-1,-1,-1,-1,-1,1,0,0,0,0,0,1,0,7,2,6,41.9606708,-87.74260895
0,321486,-1,30,0,0,0,1,14,2,-1,0,0,0,0,-1,-1,-1,17,-1,624,-1,-1,-1,-1,-1,-1,2,0,0,0,0,0,3,0,7,2,6,41.75142185,-87.60298707
0,323933,-1,30,1,2,0,1,14,5,3,0,0,-1,0,-1,-1,-1,-1,-1,1215,-1,-1,-1,-1,-1,-1,2,0,0,0,0,0,2,0,7,2,6,41.89288438,-87.65728256
0,322217,-1,35,2,2,0,1,7,5,-1,0,0,0,0,-1,-1,1,20,-1,113,-1,-1,-1,-1,-1,-1,2,0,0,0,0,0,1,0,7,2,6,41.87774926,-87.62859178
0,321528,-1,30,0,0,0,1,12,5,6,0,0,0,0,-1,-1,-1,21,-1,1834,-1,-1,-1,-1,-1,-1,2,0,0,0,0,0,2,0,7,2,6,41.89263707,-87.62040272
0,322184,-1,30,0,0,0,1,7,6,1,0,0,0,0,-1,-1,1,0,-1,1423,-1,-1,-1,-1,-1,-1,2,0,0,0,0,0,1,0,7,2,6,41.90769494,-87.68975705
2,321497,-1,45,0,0,0,1,2,2,4,0,0,0,1,-1,-1,-1,-1,-1,211,-1,-1,-1,-1,-1,-1,1,1,0,0,1,0,0,0,7,2,6,41.83573011,-87.60829523
0,327963,-1,35,0,0,0,1,10,5,-1,0,0,0,0,-1,-1,1,0,0,1733,-1,-1,-1,-1,-1,-1,2,0,0,0,0,0,2,0,7,2,6,41.94307798,-87.70389761
1,321505,-1,30,1,2,0,1,10,2,5,0,0,0,1,1,-1,-1,18,11,334,-1,1,-1,-1,-1,-1,4,1,0,0,0,1,3,0,7,2,6,41.77351266,-87.56662325
0,323141,-1,30,0,0,0,1,7,6,-1,0,0,1,0,-1,-1,1,0,0,614,-1,-1,-1,-1,-1,-1,2,0,0,0,0,0,1,0,7,2,6,41.74485466,-87.65850135
0,322600,-1,30,0,0,-1,-1,7,2,-1,0,-1,-1,0,-1,-1,1,0,-1,2412,-1,-1,-1,-1,-1,-1,2,0,0,0,0,0,1,0,7,2,6,41.99802938,-87.67886207
0,322526,-1,25,0,0,0,1,7,2,2,0,0,0,0,-1,-1,1,0,0,922,-1,-1,-1,-1,-1,-1,2,0,0,0,0,0,1,0,7,2,6,41.80992821,-87.69786551
0,321679,-1,30,0,0,0,1,7,2,-1,0,0,0,0,-1,-1,1,0,0,1234,-1,-1,-1,-1,-1,-1,2,0,0,0,0,0,1,0,6,2,6,41.85605839,-87.66724753
0,321450,-1,30,0,0,0,1,7,5,-1,0,0,0,1,-1,-1,1,-1,-1,924,-1,-1,-1,-1,-1,-1,3,0,0,0,0,0,1,0,6,2,6,41.80978809,-87.66879599
0,321446,-1,25,2,0,0,1,0,2,-1,0,0,0,0,-1,-1,0,-1,17,2515,-1,-1,-1,-1,-1,-1,2,0,0,0,0,0,2,0,6,2,6,41.92589288,-87.76620483
0,321439,-1,30,0,0,0,1,7,5,-1,0,0,-1,0,-1,-1,-1,0,-1,822,-1,-1,-1,-1,-1,-1,2,0,0,0,0,0,1,0,6,2,6,41.78610153,-87.71955103
0,321838,-1,30,0,0,0,2,0,7,0,0,0,0,0,-1,-1,-1,0,-1,122,-1,-1,-1,-1,-1,-1,3,0,0,0,0,0,2,0,5,2,6,41.87736776,-87.63385357
0,321441,-1,30,0,0,0,1,12,5,2,0,0,0,0,-1,-1,-1,22,0,921,-1,-1,-1,-1,-1,-1,2,0,0,0,0,0,2,0,5,2,6,41.82053011,-87.69443671
0,321431,-1,15,0,0,0,2,5,0,1,0,0,0,1,-1,-1,-1,0,0,1223,-1,-1,-1,-1,-1,-1,1,0,0,0,0,0,1,0,5,2,6,41.88379831,-87.6818382
0,321898,-1,30,1,2,0,3,14,3,2,0,0,0,0,1,-1,-1,23,-1,122,-1,-1,-1,-1,-1,-1,2,0,0,0,0,0,2,0,5,2,6,41.8830946,-87.63563266
0,321428,-1,30,0,0,0,0,7,6,-1,0,0,0,0,-1,-1,0,0,0,513,-1,-1,-1,-1,-1,-1,2,0,0,0,0,0,1,0,5,2,6,41.69867565,-87.62581186
0,321758,-1,20,0,0,0,3,7,12,2,0,0,0,0,-1,1,-1,20,-1,1034,-1,-1,-1,-1,-1,-1,2,0,0,0,0,0,1,0,4,2,6,41.84832466,-87.67343416
0,352710,-1,30,0,0,0,2,7,5,2,0,0,0,0,-1,-1,-1,20,-1,2411,-1,-1,-1,-1,-1,-1,2,0,0,0,0,0,1,0,4,2,6,42.00657189,-87.68095727
0,321493,-1,30,0,0,0,3,7,5,2,0,0,0,0,-1,-1,-1,0,27,1731,-1,-1,-1,-1,-1,-1,2,0,0,0,0,0,1,0,4,2,6,41.93914679,-87.73841898
0,321519,-1,30,0,0,0,3,7,6,-1,0,0,0,1,-1,-1,1,0,-1,813,-1,1,-1,-1,-1,-1,3,0,0,0,0,0,1,0,3,2,6,41.78030516,-87.72998696
0,321411,-1,10,0,0,0,3,2,0,1,0,0,0,0,-1,-1,-1,11,-1,2431,-1,-1,-1,-1,-1,-1,1,0,0,0,0,0,2,0,3,2,6,42.00581029,-87.66083475
0,321405,-1,30,0,0,0,3,7,6,1,0,0,0,1,-1,-1,-1,0,0,1532,-1,-1,-1,-1,-1,-1,2,0,0,0,0,0,3,0,3,2,6,41.88376408,-87.75259678
0,321384,1,30,0,0,0,3,7,5,3,0,0,0,1,-1,1,-1,14,22,411,-1,-1,-1,-1,-1,-1,2,0,0,0,0,0,1,0,2,2,6,41.74775885,-87.58530024
2,321383,-1,30,0,0,0,3,7,2,2,0,0,0,1,-1,-1,-1,0,-1,1631,-1,-1,-1,-1,-1,-1,2,1,0,0,1,0,0,0,2,2,6,41.95206597,-87.83130491
0,321344,-1,30,0,0,0,3,2,3,-1,0,0,0,1,-1,-1,-1,23,17,1421,-1,-1,-1,-1,-1,-1,2,0,0,0,0,0,1,0,1,2,6,41.91030967,-87.69893302
0,321343,-1,30,0,0,0,3,7,5,4,0,0,0,0,-1,-1,-1,20,-1,1831,-1,-1,-1,-1,-1,-1,2,0,0,0,0,0,2,0,1,2,6,41.88989109,-87.63270668
0,321332,-1,30,12,12,0,0,14,5,2,0,0,0,0,-1,-1,-1,22,-1,1924,-1,0,-1,-1,-1,-1,2,0,0,0,0,0,5,0,1,2,6,41.94004092,-87.65092322
1,321330,-1,30,2,0,0,0,0,5,2,0,0,0,1,1,-1,-1,5,-1,922,-1,-1,-1,-1,-1,-1,2,1,0,0,0,1,1,0,1,2,6,41.80999031,-87.69440297
0,322471,-1,0,0,0,0,0,11,5,1,0,0,0,0,-1,-1,1,0,0,723,-1,-1,-1,-1,-1,-1,2,0,0,0,0,0,3,0,1,2,6,41.77893999,-87.64099103
0,321335,-1,30,1,2,0,3,10,5,2,0,0,-1,0,-1,-1,-1,16,18,1925,-1,-1,-1,-1,-1,-1,2,0,0,0,0,0,2,0,1,2,6,41.94357316,-87.64922664
0,321339,-1,35,1,1,0,3,14,6,1,0,0,0,0,1,-1,1,23,0,1411,-1,-1,-1,-1,-1,-1,2,0,0,0,0,0,3,0,0,2,6,41.93588064,-87.69360179
0,321322,-1,30,1,2,0,3,0,6,2,0,0,0,0,1,-1,-1,6,-1,112,-1,-1,-1,-1,-1,-1,2,0,0,0,0,0,2,0,0,2,6,41.88210968,-87.62925301
0,321296,-1,30,0,0,0,0,14,5,-1,0,0,0,1,1,-1,-1,17,-1,824,-1,-1,-1,-1,-1,-1,2,0,0,0,0,0,2,0,0,2,6,41.79362148,-87.69272591
0,321289,-1,30,1,2,0,0,10,5,-1,0,0,0,0,-1,-1,1,0,0,824,-1,-1,-1,-1,-1,-1,2,0,0,0,0,0,2,0,23,1,6,41.79337055,-87.68417538
0,321267,-1,30,0,0,0,0,7,6,1,0,0,0,1,0,-1,1,0,0,1215,-1,1,-1,-1,-1,-1,4,0,0,0,0,0,1,0,23,1,6,41.89473715,-87.66953627
2,321270,-1,30,1,2,0,3,14,5,2,0,0,0,1,1,-1,1,23,17,913,-1,-1,-1,-1,-1,-1,2,1,0,0,1,0,1,0,23,1,6,41.8452854,-87.64659508
0,321998,-1,30,1,2,0,3,12,2,4,0,0,0,0,-1,-1,-1,0,-1,1934,-1,-1,-1,-1,-1,-1,2,0,0,0,0,0,2,0,23,1,6,41.94003224,-87.63949853
0,321298,-1,30,1,2,0,3,14,12,-1,0,0,0,0,1,-1,1,21,22,331,-1,-1,-1,-1,-1,-1,2,0,0,0,0,0,2,0,23,1,6,41.79142028,-87.58014777
0,321231,-1,35,1,2,0,3,14,3,2,0,0,0,1,1,-1,-1,17,17,331,-1,-1,-1,-1,-1,-1,2,0,0,0,0,0,2,0,23,1,6,41.79142028,-87.58014777
0,326998,1,35,0,0,-1,-1,7,5,2,0,-1,0,0,-1,-1,1,11,-1,2433,-1,-1,-1,-1,-1,-1,2,0,0,0,0,0,1,0,23,1,6,41.99646753,-87.66232101
0,323519,-1,20,0,0,-1,-1,7,5,2,0,-1,-1,0,-1,-1,1,0,-1,1034,-1,-1,-1,-1,-1,-1,2,0,0,0,0,0,1,0,23,1,6,41.84791278,-87.68322664
0,319931,-1,15,0,0,0,3,2,0,-1,0,0,0,0,-1,-1,1,27,0,811,-1,-1,-1,-1,-1,-1,1,0,0,0,0,0,1,0,23,1,6,41.79198245,-87.77555601
0,321278,-1,30,1,2,0,3,12,8,-1,0,0,0,0,-1,-1,1,21,-1,1925,-1,-1,-1,-1,-1,-1,2,0,0,0,0,0,2,0,22,1,6,41.94090916,-87.63936916
0,321243,-1,30,1,2,0,3,14,12,3,0,0,2,0,-1,-1,-1,28,0,122,-1,-1,-1,-1,-1,-1,2,0,0,0,0,0,2,0,22,1,6,41.87660328,-87.63383461
0,321210,1,25,0,0,0,3,2,5,-1,0,0,0,1,0,-1,-1,14,-1,2233,-1,-1,-1,-1,-1,-1,1,0,0,0,0,0,1,0,22,1,6,41.69251329,-87.63850466
2,321279,-1,30,1,2,0,0,9,5,2,0,0,0,1,-1,-1,1,17,-1,1831,-1,-1,-1,-1,-1,-1,2,1,0,0,1,0,1,0,22,1,6,41.88934496,-87.62942951
2,321206,-1,30,2,-1,0,3,0,2,2,0,0,0,1,-1,-1,1,14,-1,834,-1,-1,-1,-1,-1,-1,2,2,0,0,2,0,3,0,22,1,6,41.74240985,-87.71430254
0,321269,-1,30,1,-1,0,3,12,5,-1,0,0,0,0,1,-1,-1,0,-1,1633,0,-1,-1,-1,-1,-1,2,0,0,0,0,0,2,0,22,1,6,41.94587968,-87.77662742
0,321265,-1,35,0,0,0,3,14,5,2,0,0,0,1,-1,-1,-1,16,-1,612,-1,-1,-1,-1,-1,-1,2,0,0,0,0,0,2,0,22,1,6,41.7504432,-87.64995489
0,321198,-1,35,0,0,0,3,12,5,2,0,0,0,0,1,-1,1,22,0,1431,-1,-1,-1,-1,-1,-1,2,0,0,0,0,0,3,0,22,1,6,41.92074573,-87.69359695
0,321234,-1,30,1,2,0,3,10,5,-1,0,0,0,0,-1,-1,-1,18,16,1912,-1,-1,-1,-1,-1,-1,2,0,0,0,0,0,3,0,22,1,6,41.96155085,-87.67881407
0,321195,-1,35,0,0,0,3,14,5,4,0,0,0,0,-1,-1,1,23,0,1433,-1,-1,-1,-1,-1,-1,2,0,0,0,0,0,3,0,22,1,6,41.9105138,-87.6681418
0,321197,-1,20,0,0,0,3,7,6,1,0,0,0,0,-1,-1,1,0,-1,614,-1,-1,-1,-1,-1,-1,3,0,0,0,0,0,1,0,22,1,6,41.73998401,-87.66667498
0,322488,-1,30,0,0,0,1,2,5,-1,0,0,0,0,-1,-1,-1,0,0,1711,-1,-1,-1,-1,-1,-1,1,0,0,0,0,0,1,0,22,1,6,41.98636301,-87.7152273
0,321919,-1,30,1,2,0,3,12,5,4,0,0,0,0,1,-1,-1,21,-1,1614,-1,-1,-1,-1,-1,-1,2,0,0,0,0,0,3,0,22,1,6,41.9815156,-87.83672852
0,321566,-1,30,0,0,0,3,7,5,2,0,0,0,1,-1,-1,1,0,-1,1034,-1,-1,-1,-1,-1,-1,2,0,0,0,0,0,1,0,22,1,6,41.85193174,-87.68449
0,321516,-1,30,1,2,0,3,12,2,-1,0,0,0,0,-1,-1,-1,0,-1,1633,-1,-1,-1,-1,-1,-1,2,0,0,0,0,0,3,0,22,1,6,41.94597822,-87.76690666
0,321226,-1,30,0,0,-1,-1,10,12,-1,0,0,0,0,-1,-1,0,20,15,1031,0,-1,-1,-1,-1,-1,2,0,0,0,0,0,2,0,21,1,6,41.8441272,-87.72569966
0,321146,-1,30,0,0,0,3,10,2,1,0,0,0,0,-1,-1,-1,7,-1,223,-1,-1,-1,-1,-1,-1,2,0,0,0,0,0,2,0,21,1,6,41.80936203,-87.61078646
0,321152,-1,20,0,0,6,0,7,6,1,0,0,0,0,-1,-1,1,0,-1,423,-1,-1,-1,-1,-1,-1,2,0,0,0,0,0,1,0,21,1,6,41.73804825,-87.55494473
0,321200,-1,30,0,2,0,3,7,7,-1,0,0,0,0,-1,-1,1,0,0,1923,-1,-1,-1,-1,-1,-1,2,0,0,0,0,0,1,0,21,1,6,41.95425825,-87.66321604
0,321139,-1,35,1,2,0,3,10,3,-1,0,0,0,0,-1,-1,1,18,-1,1231,-1,-1,-1,-1,-1,-1,2,0,0,0,0,0,2,0,21,1,6,41.86702558,-87.66169393
0,321262,-1,30,1,-1,0,3,14,5,-1,0,0,0,0,-1,-1,0,17,0,2535,-1,-1,-1,-1,-1,-1,2,0,0,0,0,0,2,0,21,1,6,41.91010325,-87.71675618
0,321160,-1,20,-1,-1,0,0,7,6,1,0,0,0,0,-1,-1,-1,-1,-1,921,-1,-1,-1,-1,-1,-1,2,0,0,0,0,0,1,0,21,1,6,41.81780167,-87.68610444
0,321141,-1,30,2,2,0,4,0,5,-1,0,0,0,1,1,-1,-1,17,-1,2011,-1,-1,-1,-1,-1,-1,2,0,0,0,0,0,2,0,21,1,6,41.9903545,-87.69568783
0,321187,-1,30,-1,-1,0,3,11,2,2,0,0,-1,0,-1,-1,1,10,-1,1414,-1,-1,-1,-1,-1,-1,2,0,0,0,0,0,2,0,21,1,6,41.92676007,-87.70340298
0,321161,-1,30,1,2,0,3,10,2,-1,0,0,0,0,1,-1,-1,18,-1,2022,-1,-1,-1,-1,-1,-1,2,0,0,0,0,0,2,0,21,1,6,41.9856411,-87.65538854
0,321155,-1,30,0,0,0,3,14,5,-1,0,0,0,0,-1,-1,-1,23,17,331,-1,-1,-1,-1,-1,-1,2,0,0,0,0,0,2,0,21,1,6,41.78059922,-87.57412971
0,321123,-1,30,0,0,0,3,11,5,-1,0,0,-1,0,-1,-1,1,14,14,1732,-1,-1,-1,-1,-1,-1,2,0,0,0,0,0,5,0,20,1,6,41.93934,-87.71623997
0,321132,-1,35,0,0,0,4,12,5,4,0,0,0,0,-1,-1,1,22,0,124,-1,-1,-1,-1,-1,-1,2,0,0,0,0,0,3,0,20,1,6,41.87453873,-87.63765258
0,321101,-1,25,0,0,0,1,10,5,-1,0,0,0,0,-1,-1,-1,18,0,1935,-1,-1,-1,-1,-1,-1,2,0,0,0,0,0,2,0,20,1,6,41.92610419,-87.63397909
2,321207,-1,30,1,-1,0,3,8,5,-1,0,0,0,1,-1,-1,1,0,-1,1632,-1,-1,1,-1,-1,-1,2,1,0,0,1,0,2,0,20,1,6,41.95302475,-87.78668324
0,321077,-1,15,0,0,0,3,7,7,-1,0,0,0,0,-1,-1,-1,-1,-1,2522,1,-1,-1,-1,-1,-1,2,0,0,0,0,0,1,0,20,1,6,41.92400444,-87.75571446
0,321186,-1,30,0,0,0,3,7,6,1,0,0,0,0,-1,-1,1,10,-1,1531,-1,-1,-1,-1,-1,-1,2,0,0,0,0,0,1,0,20,1,6,41.89913919,-87.75462215
2,321134,-1,30,1,2,0,3,8,5,2,0,0,0,1,-1,-1,-1,17,0,414,-1,-1,-1,-1,-1,-1,2,1,0,0,1,0,1,0,20,1,6,41.7570665,-87.56648012
0,322071,-1,25,0,0,0,4,7,6,4,0,0,0,0,-1,-1,-1,0,-1,1651,-1,-1,-1,-1,-1,-1,2,0,0,0,0,0,1,0,20,1,6,41.97620114,-87.90530913
0,321072,-1,30,0,0,0,1,14,2,2,0,0,0,0,-1,-1,-1,23,0,733,-1,-1,-1,-1,-1,-1,2,0,0,0,0,0,2,0,20,1,6,41.75961682,-87.64805742
0,321090,-1,40,0,0,0,4,12,3,6,0,0,0,0,-1,-1,1,25,-1,1934,-1,-1,-1,-1,-1,-1,2,0,0,0,0,0,2,0,20,1,6,41.93268006,-87.63204318
0,325598,1,30,-1,-1,-1,-1,7,5,-1,0,-1,-1,0,-1,-1,1,0,0,1631,-1,-1,-1,-1,-1,-1,2,0,0,0,0,0,1,0,20,1,6,41.94906593,-87.8267132
0,321325,-1,30,1,2,0,3,12,5,3,0,0,0,0,1,-1,-1,0,0,114,-1,-1,-1,-1,-1,-1,2,0,0,0,0,0,2,0,20,1,6,41.88454011,-87.62430852
0,321215,-1,30,0,0,0,3,7,5,1,0,0,0,0,-1,-1,1,16,25,834,-1,-1,-1,-1,-1,-1,2,0,0,0,0,0,1,0,20,1,6,41.75275049,-87.72622152
0,321106,-1,30,2,2,0,3,10,2,-1,0,0,0,0,-1,-1,-1,18,-1,1914,-1,-1,-1,-1,-1,-1,2,0,0,0,0,0,2,0,20,1,6,41.96896793,-87.65572841
0,321059,-1,30,1,2,0,1,14,5,4,0,0,0,1,1,-1,1,6,17,1022,-1,-1,-1,-1,-1,-1,2,0,0,0,0,0,3,0,20,1,6,41.86629674,-87.70560432
0,321104,-1,25,0,0,0,3,10,6,1,0,0,0,0,-1,-1,1,20,0,921,-1,-1,-1,-1,-1,-1,2,0,0,0,0,0,4,0,19,1,6,41.81772701,-87.68701808
0,333965,-1,20,0,0,0,1,7,6,1,0,0,-1,0,-1,-1,-1,-1,-1,1134,-1,-1,-1,-1,-1,-1,2,0,0,0,0,0,1,0,19,1,6,41.87179672,-87.70206368
0,333310,-1,30,0,0,-1,-1,7,4,-1,0,-1,0,0,-1,-1,-1,11,0,432,-1,-1,-1,-1,-1,-1,2,0,0,0,0,0,1,0,19,1,6,41.71993815,-87.53755843
0,321575,1,25,0,0,0,0,10,5,2,0,0,0,0,-1,-1,-1,0,0,2024,-1,-1,-1,-1,-1,-1,3,0,0,0,0,0,3,0,19,1,6,41.96918743,-87.65573365
0,321171,-1,30,2,2,0,3,14,5,2,0,0,0,0,1,-1,-1,17,-1,412,-1,-1,-1,-1,-1,-1,2,0,0,0,0,0,2,0,19,1,6,41.73682263,-87.58578342
0,321075,-1,35,1,2,0,1,10,5,5,0,0,0,0,-1,-1,-1,20,8,312,-1,-1,-1,-1,-1,-1,2,0,0,0,0,0,2,0,19,1,6,41.77634584,-87.61538203
0,321037,-1,30,1,2,0,2,11,5,-1,0,0,0,0,1,-1,1,0,0,122,-1,-1,-1,-1,-1,-1,2,0,0,0,0,0,2,0,19,1,6,41.88583846,-87.63397255
0,321038,-1,30,0,0,0,1,12,5,-1,0,0,0,0,-1,-1,-1,11,0,2412,-1,1,-1,-1,-1,-1,2,0,0,0,0,0,3,0,19,1,6,41.99780173,-87.69218231
0,321149,-1,30,2,0,0,1,14,5,2,0,0,0,1,1,-1,-1,17,-1,1923,-1,-1,-1,-1,-1,-1,2,0,0,0,0,0,2,0,19,1,6,41.95119948,-87.65459381
1,321035,-1,30,1,2,0,1,10,3,6,0,0,0,1,-1,-1,-1,16,-1,1834,-1,-1,-1,-1,-1,-1,2,1,0,0,0,1,1,0,19,1,6,41.89397335,-87.62438152
0,322625,-1,30,1,2,0,1,10,5,4,0,0,0,0,-1,-1,-1,18,-1,1824,-1,-1,-1,-1,-1,-1,2,0,0,0,0,0,2,0,19,1,6,41.90381415,-87.62991853
0,321085,1,25,0,0,0,1,7,6,-1,0,0,0,0,-1,-1,0,0,0,1934,-1,-1,-1,-1,-1,-1,2,0,0,0,0,0,1,0,19,1,6,41.93547363,-87.64446328
0,321081,-1,30,0,0,0,1,0,5,4,0,0,0,1,1,-1,-1,0,-1,1432,-1,-1,-1,-1,-1,-1,2,0,0,0,0,0,9,0,19,1,6,41.91788318,-87.68727176
0,321009,-1,30,-1,-1,0,1,12,1,-1,0,0,-1,0,-1,-1,-1,0,0,2411,-1,-1,-1,-1,-1,-1,2,0,0,0,0,0,2,0,19,1,6,42.01234314,-87.68740873
0,321523,-1,30,0,0,0,1,10,3,-1,0,0,0,0,-1,-1,-1,0,-1,1932,-1,-1,-1,-1,-1,-1,2,0,0,0,0,0,2,0,19,1,6,41.92950764,-87.6681499
2,321016,1,35,1,2,0,1,10,5,2,0,0,0,1,-1,-1,-1,32,18,1113,-1,-1,-1,-1,-1,-1,3,2,0,0,1,1,10,0,19,1,6,41.8807014,-87.73719854
0,323614,-1,35,0,0,0,1,7,5,-1,0,0,0,0,-1,-1,-1,-1,-1,1634,-1,-1,-1,-1,-1,-1,2,0,0,0,0,0,1,0,19,1,6,41.94690106,-87.74940193
0,322698,-1,30,2,-1,0,3,11,5,2,0,-1,-1,0,1,-1,-1,0,-1,1923,-1,-1,-1,-1,-1,-1,2,0,0,0,0,0,2,0,19,1,6,41.95123328,-87.6545079
0,322356,-1,30,0,0,0,1,12,6,-1,0,0,-1,0,-1,-1,-1,17,17,1122,-1,-1,-1,-1,-1,-1,2,0,0,0,0,0,4,0,19,1,6,41.87971161,-87.72083313
0,321173,-1,30,1,2,0,1,14,5,5,0,0,0,0,1,-1,-1,17,11,811,-1,-1,-1,-1,-1,-1,2,0,0,0,0,0,2,0,19,1,6,41.79225986,-87.78165583
0,321041,-1,5,0,0,-1,-1,2,12,1,0,-1,-1,0,-1,1,-1,-1,-1,1023,-1,-1,-1,-1,-1,-1,2,0,0,0,0,0,2,0,19,1,6,41.85235348,-87.69070143
2,320979,-1,30,1,2,0,1,9,6,3,0,0,0,1,1,-1,-1,17,2,622,-1,1,-1,-1,-1,-1,2,1,0,0,1,0,1,0,19,1,6,41.73637604,-87.62562131
0,321780,-1,30,0,0,0,1,12,2,2,0,0,0,0,-1,-1,1,17,17,1713,-1,-1,-1,-1,-1,-1,2,0,0,0,0,0,2,0,18,1,6,41.96838058,-87.70420549
0,321002,-1,30,1,2,0,4,10,5,2,0,0,0,0,1,-1,-1,18,16,1513,1,-1,-1,-1,-1,-1,2,0,0,0,0,0,2,0,18,1,6,41.88188761,-87.77456847
0,320998,-1,30,1,2,0,1,10,12,4,0,0,-1,1,-1,-1,-1,18,-1,1621,-1,-1,-1,-1,-1,-1,2,0,0,0,0,0,2,0,18,1,6,41.99736399,-87.76655103
0,320973,-1,30,1,2,0,1,12,5,-1,0,0,0,0,1,-1,-1,0,0,113,-1,-1,-1,-1,-1,-1,2,0,0,0,0,0,2,0,18,1,6,41.87578624,-87.62440868
2,320939,-1,30,0,0,0,1,10,3,-1,0,0,0,1,-1,-1,-1,18,0,2011,-1,-1,-1,-1,-1,-1,2,1,0,0,1,0,1,0,18,1,6,41.98748175,-87.70272954
0,320938,-1,30,2,2,0,1,0,5,4,0,0,0,1,1,-1,-1,33,-1,1234,-1,-1,-1,-1,-1,-1,2,0,0,0,0,0,3,0,18,1,6,41.85955978,-87.66634385
0,320929,-1,30,0,0,0,1,7,6,3,0,0,0,0,-1,-1,1,0,-1,1833,1,-1,-1,-1,-1,-1,3,0,0,0,0,0,3,0,18,1,6,41.897695,-87.62386027
0,321076,-1,30,2,2,0,1,14,5,2,0,0,0,0,-1,-1,1,20,0,831,-1,0,-1,-1,-1,-1,2,0,0,0,0,0,3,0,18,1,6,41.76158566,-87.69769404
0,320930,-1,30,0,0,0,1,2,5,-1,0,0,0,1,-1,1,-1,0,0,831,-1,-1,-1,-1,-1,-1,1,0,0,0,0,0,2,0,18,1,6,41.76449126,-87.70324548
2,320927,-1,30,1,2,0,1,9,5,4,0,0,0,1,1,-1,-1,17,-1,825,-1,-1,-1,-1,-1,-1,2,1,0,0,1,0,1,0,18,1,6,41.77909958,-87.68359808