MOST_SEVERE_INJURY,RD_NO,CRASH_DATE_EST_I,POSTED_SPEED_LIMIT,TRAFFIC_CONTROL_DEVICE,DEVICE_CONDITION,WEATHER_CONDITION,LIGHTING_CONDITION,FIRST_CRASH_TYPE,TRAFFICWAY_TYPE,LANE_CNT,ALIGNMENT,ROADWAY_SURFACE_COND,ROAD_DEFECT,CRASH_TYPE,INTERSECTION_RELATED_I,NOT_RIGHT_OF_WAY_I,HIT_AND_RUN_I,PRIM_CONTRIBUTORY_CAUSE,SEC_CONTRIBUTORY_CAUSE,BEAT_OF_OCCURRENCE,PHOTOS_TAKEN_I,STATEMENTS_TAKEN_I,DOORING_I,WORK_ZONE_I,WORK_ZONE_TYPE,WORKERS_PRESENT_I,NUM_UNITS,INJURIES_TOTAL,INJURIES_FATAL,INJURIES_INCAPACITATING,INJURIES_NON_INCAPACITATING,INJURIES_REPORTED_NOT_EVIDENT,INJURIES_NO_INDICATION,INJURIES_UNKNOWN,CRASH_HOUR,CRASH_DAY_OF_WEEK,CRASH_MONTH,LATITUDE,LONGITUDE
0,330960,-1,30,0,0,-1,-1,10,5,-1,0,-1,-1,0,-1,-1,-1,0,-1,1621,-1,-1,-1,-1,-1,-1,2,0,0,0,0,0,2,0,18,1,6,41.99379171,-87.75946368
0,325485,1,30,0,0,0,1,7,6,1,0,0,0,0,-1,-1,1,-1,-1,1934,-1,-1,-1,-1,-1,-1,2,0,0,0,0,0,1,0,18,1,6,41.93568071,-87.64512907
0,321030,-1,30,2,2,0,1,10,5,4,0,0,0,1,-1,-1,-1,0,-1,1221,-1,-1,-1,-1,-1,-1,2,0,0,0,0,0,2,0,18,1,6,41.88961178,-87.68191443
0,320932,-1,30,0,0,0,1,12,6,-1,0,0,0,0,-1,-1,-1,22,-1,2013,-1,-1,-1,-1,-1,-1,2,0,0,0,0,0,2,0,17,1,6,41.97814707,-87.66708591
0,320902,-1,30,0,0,0,1,12,3,-1,0,0,0,0,-1,-1,-1,0,0,123,-1,-1,-1,-1,-1,-1,2,0,0,0,0,0,2,0,17,1,6,41.87437162,-87.62437953
0,320905,-1,30,1,2,0,1,10,2,2,0,0,0,0,1,-1,1,0,-1,1132,-1,-1,-1,-1,-1,-1,2,0,0,0,0,0,2,0,17,1,6,41.86621064,-87.73012799
0,320865,-1,30,0,0,0,1,12,5,4,0,0,0,0,-1,-1,-1,17,-1,1623,-1,-1,-1,-1,-1,-1,2,0,0,0,0,0,2,0,17,1,6,41.96782713,-87.75497623
0,320876,-1,20,0,0,0,1,7,5,2,0,0,0,1,-1,-1,1,19,0,1423,-1,1,-1,-1,-1,-1,3,0,0,0,0,0,3,0,17,1,6,41.90854182,-87.69716366
0,324679,-1,5,12,0,-1,-1,7,7,-1,0,-1,-1,0,-1,0,1,0,0,422,-1,-1,-1,-1,-1,-1,2,0,0,0,0,0,1,0,17,1,6,41.75176155,-87.55304319
0,320915,-1,30,0,0,0,1,10,5,-1,0,0,0,0,-1,-1,-1,21,0,1621,-1,-1,-1,-1,-1,-1,2,0,0,0,0,0,5,0,17,1,6,41.99743786,-87.76225545
0,320900,-1,30,1,2,0,1,0,5,2,0,0,0,1,1,-1,-1,16,6,1634,-1,-1,-1,-1,-1,-1,2,0,0,0,0,0,6,0,17,1,6,41.9388087,-87.75681389
1,320862,-1,35,1,2,0,1,14,6,6,0,0,0,1,0,-1,-1,23,21,121,-1,-1,-1,-1,-1,-1,2,1,0,0,0,1,4,0,17,1,6,41.88454615,-87.64134762
0,320856,-1,30,0,0,0,1,10,5,-1,0,0,0,0,-1,-1,-1,18,18,1723,-1,-1,-1,-1,-1,-1,2,0,0,0,0,0,4,0,17,1,6,41.95721671,-87.71316402
0,320951,-1,30,0,0,0,1,14,5,2,0,0,0,0,-1,-1,1,0,0,321,-1,-1,-1,-1,-1,-1,2,0,0,0,0,0,2,0,17,1,6,41.77482575,-87.60840767
0,320874,-1,15,2,-1,0,1,0,5,2,0,0,-1,1,0,-1,1,5,0,1914,-1,-1,-1,-1,-1,-1,2,0,0,0,0,0,2,0,17,1,6,41.96676165,-87.64313673
0,320896,-1,30,0,0,0,1,12,5,4,0,0,-1,0,-1,-1,-1,17,0,2412,-1,-1,-1,-1,-1,-1,2,0,0,0,0,0,4,0,17,1,6,42.00145697,-87.69012618
0,320848,-1,30,0,0,0,1,12,2,4,0,0,0,0,-1,-1,1,16,17,2525,-1,-1,-1,-1,-1,-1,2,0,0,0,0,0,2,0,17,1,6,41.92445797,-87.7198898
0,320781,-1,30,1,2,0,1,14,3,2,0,0,0,1,1,-1,-1,23,17,1225,-1,-1,-1,-1,-1,-1,2,0,0,0,0,0,2,0,16,1,6,41.87400789,-87.67630867
3,320842,-1,30,1,2,0,1,10,6,-1,0,0,0,1,-1,-1,-1,0,-1,111,-1,1,-1,-1,-1,-1,3,1,0,1,0,0,4,0,16,1,6,41.88465183,-87.62639868
2,320872,-1,45,0,0,0,1,10,3,-1,0,0,0,1,-1,-1,-1,12,-1,1915,-1,-1,-1,-1,-1,-1,3,1,0,0,1,0,2,0,16,1,6,41.9557612,-87.64522284
0,320860,1,30,0,0,0,1,7,3,4,2,0,0,1,-1,-1,1,0,0,2233,-1,-1,-1,-1,-1,-1,2,0,0,0,0,0,1,0,16,1,6,41.69494895,-87.64231341
0,320851,-1,30,1,2,0,1,0,5,2,0,-1,-1,0,1,-1,-1,17,6,1933,-1,-1,-1,-1,-1,-1,2,0,0,0,0,0,2,0,16,1,6,41.93631424,-87.65413136
3,320825,-1,30,0,0,0,1,10,5,2,0,0,0,1,-1,-1,-1,16,11,1623,-1,-1,-1,-1,-1,-1,2,1,0,1,0,0,1,0,16,1,6,41.96787361,-87.75122147
2,320794,-1,30,0,0,0,1,8,5,-1,0,0,0,1,-1,-1,-1,17,11,1121,-1,-1,-1,-1,-1,-1,2,1,0,0,1,0,2,0,16,1,6,41.90246415,-87.71151754
1,320801,-1,30,2,2,0,1,9,12,2,0,0,0,1,1,-1,-1,0,0,1933,-1,-1,-1,-1,-1,-1,2,1,0,0,0,1,3,0,16,1,6,41.93793417,-87.66144011
0,320759,-1,30,0,0,0,1,14,5,2,0,0,0,1,1,-1,-1,33,-1,215,-1,-1,-1,-1,-1,-1,2,0,0,0,0,0,4,0,16,1,6,41.81462079,-87.6247534
0,320782,-1,30,0,0,0,1,10,6,-1,0,0,0,0,-1,-1,1,18,-1,1925,-1,-1,-1,-1,-1,-1,2,0,0,0,0,0,3,0,16,1,6,41.94098762,-87.63948571
0,324872,-1,30,0,0,0,1,7,5,1,0,-1,-1,0,-1,-1,-1,0,0,1915,-1,-1,-1,-1,-1,-1,2,0,0,0,0,0,1,0,16,1,6,41.96121763,-87.65245855
0,321013,-1,30,1,2,0,1,5,5,-1,0,0,0,0,-1,-1,-1,11,11,1631,-1,-1,-1,-1,-1,-1,1,0,0,0,0,0,1,0,16,1,6,41.94492331,-87.82644772
0,320748,-1,45,0,0,0,1,10,3,8,0,0,0,0,-1,-1,-1,18,16,214,-1,-1,-1,-1,-1,-1,3,0,0,0,0,0,4,0,16,1,6,41.82008823,-87.59713382
0,320779,-1,30,0,0,0,1,7,6,1,0,0,0,0,-1,-1,-1,0,-1,1012,-1,-1,-1,-1,-1,-1,2,0,0,0,0,0,1,0,16,1,6,41.86045222,-87.73430394
0,320774,-1,30,0,0,0,1,10,7,-1,0,0,0,0,-1,-1,-1,20,11,831,-1,-1,-1,-1,-1,-1,2,0,0,0,0,0,3,0,16,1,6,41.77156791,-87.7027291
0,320749,-1,30,0,0,0,1,14,6,1,0,0,0,0,-1,-1,-1,17,-1,832,-1,-1,-1,-1,-1,-1,2,0,0,0,0,0,4,0,16,1,6,41.77179671,-87.67982752
0,320807,-1,15,0,0,0,1,7,7,-1,0,0,0,0,-1,1,-1,20,16,2515,-1,-1,-1,-1,-1,-1,2,0,0,0,0,0,1,0,16,1,6,41.92399361,-87.75636156
0,320796,-1,5,0,0,0,1,10,7,2,0,0,0,0,-1,1,-1,0,0,131,-1,-1,-1,-1,-1,-1,2,0,0,0,0,0,2,0,16,1,6,41.8668172,-87.62726542
2,320753,-1,30,1,2,0,1,0,3,0,0,0,0,1,-1,-1,-1,0,-1,1834,-1,-1,-1,-1,-1,-1,3,2,0,0,2,0,6,0,16,1,6,41.89096978,-87.62430764
0,320730,-1,30,1,2,0,1,10,5,2,0,0,0,0,-1,-1,-1,18,-1,713,-1,-1,-1,-1,-1,-1,2,0,0,0,0,0,3,0,16,1,6,41.78670612,-87.66090286
0,320726,-1,15,0,0,0,1,7,6,1,0,0,0,0,-1,-1,1,0,0,2011,-1,-1,-1,-1,-1,-1,2,0,0,0,0,0,1,0,15,1,6,41.98364177,-87.69203511
0,320785,-1,30,0,0,0,1,7,6,-1,0,0,0,0,-1,-1,1,-1,-1,825,-1,-1,-1,-1,-1,-1,2,0,0,0,0,0,1,0,15,1,6,41.78278164,-87.68633197
0,320757,-1,35,0,0,0,1,2,2,4,0,0,0,0,-1,-1,-1,14,21,733,-1,-1,-1,-1,-1,-1,1,0,0,0,0,0,1,0,15,1,6,41.76328619,-87.65392395
2,320743,-1,30,2,2,0,1,10,2,2,0,0,0,1,-1,-1,-1,7,9,2523,-1,-1,-1,-1,-1,-1,2,1,0,0,1,0,3,0,15,1,6,41.9376513,-87.71748761
2,320706,-1,30,0,0,0,1,10,5,-1,0,0,0,1,-1,-1,-1,18,18,1612,-1,-1,-1,-1,-1,-1,2,2,0,0,2,0,2,0,15,1,6,41.9828152,-87.80708917
1,320701,-1,30,0,0,0,1,10,5,-1,0,0,0,1,-1,-1,-1,18,0,1922,-1,-1,-1,-1,-1,-1,2,1,0,0,0,1,4,0,15,1,6,41.95419505,-87.66793738
0,320765,-1,0,-1,-1,0,1,7,6,1,0,0,0,0,-1,-1,-1,0,0,234,-1,-1,-1,-1,-1,-1,2,0,0,0,0,0,1,0,15,1,6,41.79962133,-87.59182701
0,320751,-1,30,0,0,0,1,7,6,-1,0,0,0,0,-1,-1,1,-1,-1,2011,-1,-1,-1,-1,-1,-1,2,0,0,0,0,0,1,0,15,1,6,41.98206856,-87.6916856
0,320808,1,30,-1,-1,0,1,10,-1,-1,0,-1,-1,0,-1,-1,-1,27,-1,1925,-1,-1,-1,-1,-1,-1,2,0,0,0,0,0,2,0,15,1,6,41.94789087,-87.64776196
0,320803,-1,15,0,0,0,1,5,0,1,0,0,0,0,-1,-1,-1,33,-1,235,-1,-1,-1,-1,-1,-1,1,0,0,0,0,0,2,0,15,1,6,41.79507628,-87.5874419
0,320713,-1,30,0,0,0,1,0,2,2,0,0,0,0,-1,-1,-1,33,0,2512,-1,-1,-1,-1,-1,-1,2,0,0,0,0,0,2,0,15,1,6,41.92926305,-87.7855013
0,320693,-1,30,-1,-1,0,1,14,5,-1,0,0,0,0,-1,-1,-1,17,0,432,-1,-1,-1,-1,-1,-1,2,0,0,0,0,0,3,0,15,1,6,41.70428217,-87.5266531
0,320725,-1,30,0,0,0,1,10,5,-1,0,0,0,0,-1,-1,-1,0,0,2033,-1,-1,-1,-1,-1,-1,2,0,0,0,0,0,2,0,15,1,6,41.97442057,-87.66806656
0,320681,-1,25,0,0,0,1,10,6,1,0,0,0,0,-1,-1,-1,10,-1,313,-1,-1,-1,-1,-1,-1,2,0,0,0,0,0,2,0,15,1,6,41.78359303,-87.61464029
0,320773,-1,30,0,0,0,1,7,5,2,0,-1,-1,1,-1,-1,-1,20,20,1933,-1,-1,-1,-1,-1,-1,2,0,0,0,0,0,2,0,15,1,6,41.93888529,-87.64938082
2,320664,-1,30,1,2,0,1,0,5,4,0,0,0,1,1,-1,-1,6,25,1115,-1,-1,-1,-1,-1,-1,2,1,0,0,1,0,3,0,15,1,6,41.88080416,-87.72824442
0,320777,-1,30,1,2,0,1,0,3,4,0,0,0,0,1,-1,-1,6,-1,114,-1,-1,-1,-1,-1,-1,2,0,0,0,0,0,2,0,15,1,6,41.88808207,-87.62050117
0,220802,-1,30,-1,-1,0,1,0,-1,-1,0,0,-1,0,-1,-1,-1,0,-1,114,-1,-1,-1,-1,-1,-1,2,0,0,0,0,0,2,0,15,1,6,41.88775834,-87.62053742
0,320651,-1,30,1,2,0,1,14,5,2,0,0,0,0,1,-1,-1,31,0,924,-1,-1,-1,-1,-1,-1,2,0,0,0,0,0,2,0,15,1,6,41.81576031,-87.66520724
0,321878,-1,15,0,0,0,1,7,5,1,0,0,0,0,-1,-1,1,0,0,1722,-1,-1,-1,-1,-1,-1,2,0,0,0,0,0,1,0,15,1,6,41.95381726,-87.73558872
0,320797,-1,30,0,0,0,1,7,7,-1,0,0,0,0,-1,-1,-1,0,0,1733,-1,-1,-1,-1,-1,-1,2,0,0,0,0,0,1,0,15,1,6,41.94580858,-87.70786079
0,320744,-1,30,1,2,0,1,12,3,2,0,0,0,0,-1,-1,1,0,-1,222,-1,-1,-1,-1,-1,-1,2,0,0,0,0,0,2,0,15,1,6,41.80259469,-87.58710283
0,320704,-1,30,0,3,0,1,12,2,-1,0,0,0,1,-1,-1,-1,21,-1,815,-1,-1,-1,-1,-1,-1,2,0,0,0,0,0,3,0,15,1,6,41.79744658,-87.74274118
0,320656,-1,30,1,2,0,1,10,5,2,0,0,0,0,-1,-1,-1,18,-1,1233,-1,-1,-1,-1,-1,-1,2,0,0,0,0,0,5,0,15,1,6,41.85777042,-87.66106498
1,320649,-1,45,0,0,0,1,14,3,-1,3,0,0,1,-1,-1,-1,3,18,222,-1,-1,-1,-1,-1,-1,2,1,0,0,0,1,1,0,15,1,6,41.81535979,-87.5941973
0,320689,-1,20,0,0,0,1,0,7,-1,0,0,0,0,-1,1,-1,0,0,1931,-1,-1,-1,-1,-1,-1,2,0,0,0,0,0,3,0,14,1,6,41.92517921,-87.67439355
0,320653,-1,30,0,0,0,1,12,3,-1,0,0,0,0,-1,-1,-1,0,0,113,-1,-1,-1,-1,-1,-1,2,0,0,0,0,0,2,0,14,1,6,41.8757271,-87.63009975
1,320627,-1,30,1,2,0,1,10,5,2,0,0,0,1,1,-1,-1,18,-1,1832,-1,-1,-1,-1,-1,-1,2,2,0,0,0,2,2,0,14,1,6,41.89676634,-87.62969854
0,320648,-1,30,1,2,0,1,14,2,2,0,0,0,1,1,-1,-1,-1,-1,1033,-1,-1,-1,-1,-1,-1,2,0,0,0,0,0,4,0,14,1,6,41.85179054,-87.69562562
0,320661,-1,10,0,0,0,1,12,7,-1,0,0,0,1,-1,-1,-1,0,-1,1033,-1,-1,-1,-1,-1,-1,2,0,0,0,0,0,2,0,14,1,6,41.84446925,-87.70193021
0,320888,-1,30,0,0,0,1,7,5,2,0,0,0,0,-1,-1,1,0,0,1033,-1,-1,-1,-1,-1,-1,2,0,0,0,0,0,1,0,14,1,6,41.84987836,-87.69918013
0,320747,-1,30,0,0,0,1,14,1,4,0,0,0,1,-1,-1,-1,21,11,1611,-1,-1,-1,-1,-1,-1,2,0,0,0,0,0,2,0,14,1,6,41.99788221,-87.80670083
0,320654,-1,30,0,0,0,1,12,6,1,0,0,0,0,-1,-1,-1,11,-1,313,-1,0,-1,-1,-1,-1,2,0,0,0,0,0,3,0,14,1,6,41.78359303,-87.61464029
0,320599,-1,20,0,0,0,1,2,7,-1,0,0,0,1,-1,1,-1,0,0,632,-1,-1,-1,-1,-1,-1,1,0,0,0,0,0,1,0,14,1,6,41.7375814,-87.60499623
0,335383,-1,30,0,0,0,1,12,5,-1,0,0,0,0,1,-1,-1,-1,-1,1831,-1,-1,-1,-1,-1,-1,2,0,0,0,0,0,2,0,14,1,6,41.89010221,-87.62815723
0,320672,-1,30,1,2,0,1,12,5,2,0,0,0,0,-1,-1,-1,0,0,132,-1,-1,-1,-1,-1,-1,2,0,0,0,0,0,2,0,14,1,6,41.86510625,-87.61819714
2,320668,-1,30,0,0,0,1,12,5,2,0,0,0,1,-1,-1,1,22,25,423,-1,-1,-1,-1,-1,-1,2,2,0,0,2,0,1,0,14,1,6,41.73723707,-87.55424459
0,324929,-1,30,0,0,0,1,2,5,4,1,0,1,0,-1,-1,-1,29,-1,1231,-1,-1,-1,-1,-1,-1,1,0,0,0,0,0,1,0,14,1,6,41.87513079,-87.66647811
0,324250,-1,30,0,0,0,1,2,5,1,0,0,0,0,-1,-1,-1,0,0,1712,-1,-1,-1,-1,-1,-1,2,0,0,0,0,0,1,0,14,1,6,41.97996364,-87.71350349
0,320869,-1,5,0,0,0,1,7,0,1,0,0,0,0,-1,-1,-1,0,-1,1823,-1,-1,-1,-1,-1,-1,2,0,0,0,0,0,1,0,14,1,6,41.89925253,-87.64289879
0,320643,-1,30,1,2,0,1,14,6,-1,0,0,0,0,-1,-1,-1,22,-1,111,-1,-1,-1,-1,-1,-1,2,0,0,0,0,0,2,0,14,1,6,41.88459085,-87.62923601
0,320636,-1,45,1,2,0,1,10,6,-1,0,0,0,0,-1,-1,1,11,-1,1814,-1,-1,-1,-1,-1,-1,2,0,0,0,0,0,2,0,14,1,6,41.91122456,-87.62648257
0,320662,-1,35,0,0,0,1,12,5,-1,0,0,0,0,-1,-1,-1,0,0,1712,-1,-1,-1,-1,-1,-1,2,0,0,0,0,0,2,0,13,1,6,41.96840336,-87.72320711
2,320586,-1,30,0,0,0,1,10,5,2,0,0,0,1,-1,-1,-1,7,11,1822,-1,-1,-1,-1,-1,-1,3,1,0,0,1,0,3,0,13,1,6,41.9089515,-87.64807477
0,320583,-1,30,0,0,0,1,2,5,2,0,0,1,0,-1,-1,-1,-1,-1,2513,1,-1,-1,-1,-1,-1,1,0,0,0,0,0,1,0,13,1,6,41.90921819,-87.78821964
0,320578,-1,30,0,0,0,1,7,6,1,0,-1,-1,0,-1,-1,-1,23,22,1924,-1,-1,-1,-1,-1,-1,2,0,0,0,0,0,2,0,13,1,6,41.94462652,-87.65025942
0,320719,-1,30,0,0,0,1,7,6,-1,0,0,0,0,-1,-1,0,0,0,1233,-1,-1,-1,-1,-1,-1,2,0,0,0,0,0,1,0,13,1,6,41.86136091,-87.66523489
0,320589,-1,30,0,0,0,1,7,5,-1,0,0,-1,0,-1,-1,1,0,0,424,-1,-1,-1,-1,-1,-1,2,0,0,0,0,0,1,0,13,1,6,41.73080749,-87.54973858
0,320566,-1,30,0,0,0,1,12,5,-1,0,0,0,0,-1,-1,1,21,0,1732,-1,-1,-1,-1,-1,-1,2,0,0,0,0,0,4,0,13,1,6,41.94652923,-87.72388458
0,320558,-1,30,2,2,0,1,12,6,-1,0,0,0,0,-1,-1,-1,17,0,121,-1,-1,-1,-1,-1,-1,2,0,0,0,0,0,2,0,13,1,6,41.87810705,-87.63970825
2,320591,-1,5,0,0,0,1,10,6,3,0,0,0,1,-1,-1,-1,12,16,132,-1,-1,-1,-1,-1,-1,2,1,0,0,1,0,1,0,13,1,6,41.85365089,-87.62053358
0,320567,-1,30,2,0,0,1,0,2,-1,0,0,0,0,-1,-1,-1,17,-1,1233,-1,-1,-1,-1,-1,-1,2,0,0,0,0,0,2,0,13,1,6,41.86340896,-87.65672628
0,322225,-1,30,0,0,0,1,10,3,-1,0,0,0,0,-1,-1,-1,0,0,132,-1,-1,-1,-1,-1,-1,2,0,0,0,0,0,3,0,13,1,6,41.86087449,-87.61798939
0,320574,-1,30,1,2,0,1,14,1,-1,0,0,0,0,1,-1,-1,0,0,2525,-1,-1,-1,-1,-1,-1,2,0,0,0,0,0,2,0,13,1,6,41.91720737,-87.72670826
1,320549,-1,30,2,2,0,1,12,1,4,0,0,0,1,1,-1,-1,0,-1,1432,-1,-1,-1,-1,-1,-1,2,1,0,0,0,1,1,0,13,1,6,41.93012956,-87.6860229
0,320684,-1,30,0,0,0,1,7,2,-1,0,0,0,0,-1,-1,1,0,0,1915,-1,-1,-1,-1,-1,-1,2,0,0,0,0,0,1,0,12,1,6,41.95837963,-87.64969258
0,320551,-1,0,-1,-1,0,1,2,-1,2,0,0,0,0,-1,-1,-1,21,-1,1914,-1,-1,-1,-1,-1,-1,2,0,0,0,0,0,2,0,12,1,6,41.96739366,-87.65451557
0,320544,-1,30,2,2,0,1,0,5,4,0,0,0,0,-1,-1,-1,-1,-1,811,-1,-1,-1,-1,-1,-1,2,0,0,0,0,0,3,0,12,1,6,41.79264234,-87.7624466
0,320512,-1,30,1,2,0,1,10,5,3,0,0,0,0,-1,-1,1,0,-1,1814,-1,-1,-1,-1,-1,-1,2,0,0,0,0,0,4,0,12,1,6,41.91279138,-87.63301549
0,320502,-1,30,2,2,0,1,8,2,1,0,0,0,0,1,-1,-1,27,18,1423,-1,-1,-1,-1,-1,-1,2,0,0,0,0,0,2,0,12,1,6,41.90677579,-87.68718655
0,324004,-1,30,-1,-1,-1,-1,10,5,2,0,-1,-1,0,-1,-1,-1,0,-1,1931,-1,-1,-1,-1,-1,-1,2,0,0,0,0,0,2,0,12,1,6,41.93956055,-87.67059269
0,320854,-1,35,1,-1,-1,1,0,12,0,0,-1,-1,0,1,-1,-1,0,0,811,-1,-1,-1,-1,-1,-1,2,0,0,0,0,0,2,0,12,1,6,41.79284431,-87.76236668
0,320740,-1,45,0,0,0,1,12,5,2,0,0,0,0,-1,-1,-1,21,23,114,-1,-1,-1,-1,-1,-1,2,0,0,0,0,0,2,0,12,1,6,41.87575758,-87.61728578
0,320587,1,30,2,2,0,1,14,8,2,0,0,0,0,1,-1,-1,21,0,1925,-1,-1,-1,-1,-1,-1,2,0,0,0,0,0,2,0,12,1,6,41.94090916,-87.63936916
0,320532,-1,30,0,0,0,1,7,5,-1,0,0,0,0,-1,-1,-1,-1,-1,834,-1,-1,-1,-1,-1,-1,2,0,0,0,0,0,2,0,12,1,6,41.741371,-87.70836831
0,320515,-1,10,0,-1,0,1,2,7,0,0,0,-1,0,-1,1,1,0,0,434,-1,-1,-1,-1,-1,-1,1,0,0,0,0,0,1,0,12,1,6,41.70784764,-87.58056131
0,320478,-1,25,2,2,0,1,12,5,0,0,0,0,0,-1,-1,-1,0,0,913,-1,-1,-1,-1,-1,-1,2,0,0,0,0,0,2,0,12,1,6,41.83789968,-87.65372982
0,323140,-1,30,1,2,0,1,10,2,-1,0,0,0,0,-1,-1,-1,17,18,1922,-1,-1,-1,-1,-1,-1,2,0,0,0,0,0,5,0,12,1,6,41.94689338,-87.66804336
0,320720,-1,30,0,0,0,1,7,5,2,0,0,0,0,-1,-1,1,16,-1,2532,-1,-1,-1,-1,-1,-1,2,0,0,0,0,0,1,0,12,1,6,41.90227316,-87.76391865
0,320471,-1,30,0,0,0,1,0,12,-1,0,0,0,1,1,-1,1,16,16,933,-1,-1,-1,-1,-1,-1,2,0,0,0,0,0,2,0,12,1,6,41.80416632,-87.65770533
0,320509,-1,30,0,0,0,1,10,5,-1,0,0,0,0,-1,-1,-1,16,-1,532,-1,-1,-1,-1,-1,-1,3,0,0,0,0,0,6,0,12,1,6,41.66260162,-87.61790246
0,320559,-1,30,0,0,0,1,7,5,-1,0,0,0,0,-1,-1,1,0,0,234,-1,-1,-1,-1,-1,-1,2,0,0,0,0,0,1,0,12,1,6,41.7965435,-87.58105026
0,320464,-1,30,1,2,0,1,12,6,2,0,0,0,1,-1,-1,-1,22,16,122,-1,-1,-1,-1,-1,-1,2,0,0,0,0,0,2,0,11,1,6,41.88435919,-87.6340799
0,320733,-1,30,1,2,0,1,10,5,-1,0,0,0,0,-1,-1,-1,0,0,331,-1,-1,-1,-1,-1,-1,2,0,0,0,0,0,2,0,11,1,6,41.76942983,-87.57624154
0,320466,-1,25,-1,-1,0,1,10,2,2,0,0,-1,0,-1,-1,1,18,0,612,-1,-1,-1,-1,-1,-1,2,0,0,0,0,0,2,0,11,1,6,41.75047705,-87.66304121
3,320459,-1,30,2,2,0,1,14,5,-1,0,0,0,1,1,-1,0,0,0,1135,-1,-1,-1,-1,-1,-1,2,1,0,1,0,0,1,0,11,1,6,41.86938195,-87.68626024
0,320778,-1,30,0,0,0,1,10,2,-1,0,0,0,0,-1,-1,-1,20,20,1925,-1,-1,-1,-1,-1,-1,2,0,0,0,0,0,4,0,11,1,6,41.94824484,-87.64765312
0,320572,-1,30,2,2,0,3,0,5,2,0,0,0,0,-1,-1,1,5,5,215,-1,-1,-1,-1,-1,-1,2,0,0,0,0,0,2,0,11,1,6,41.81464323,-87.62312673
1,320441,-1,30,1,2,0,1,10,5,-1,0,0,0,1,0,-1,-1,18,17,1811,-1,-1,-1,-1,-1,-1,2,1,0,0,0,1,1,0,11,1,6,41.91088239,-87.65325611
0,330509,-1,30,0,0,0,1,10,3,2,0,0,0,0,-1,-1,-1,11,-1,411,-1,-1,-1,-1,-1,-1,2,0,0,0,0,0,2,0,11,1,6,41.74581509,-87.58599236
0,320438,-1,30,1,2,0,1,12,2,2,0,0,0,0,1,-1,-1,-1,-1,331,-1,-1,-1,-1,-1,-1,2,0,0,0,0,0,3,0,11,1,6,41.77576988,-87.57634735
0,321755,-1,30,1,2,0,1,10,2,-1,0,0,0,0,1,-1,-1,0,-1,1631,-1,-1,-1,-1,-1,-1,2,0,0,0,0,0,2,0,11,1,6,41.95265541,-87.80733132
2,320418,-1,30,2,2,0,1,9,2,-1,0,0,0,1,1,-1,-1,17,11,1935,-1,-1,-1,-1,-1,-1,2,1,0,0,1,0,1,0,11,1,6,41.92810526,-87.65227024
0,320845,-1,30,0,0,0,1,0,2,-1,0,0,0,1,-1,-1,-1,0,0,933,-1,-1,-1,-1,-1,-1,2,0,0,0,0,0,2,0,11,1,6,41.80343691,-87.65109345
0,320449,-1,30,1,2,0,1,10,2,-1,0,0,0,0,-1,-1,-1,0,0,1232,-1,-1,-1,-1,-1,-1,2,0,0,0,0,0,3,0,11,1,6,41.86712525,-87.64706481
0,320680,-1,30,0,0,0,1,10,5,-1,0,0,0,0,-1,-1,-1,0,0,1935,-1,-1,-1,-1,-1,-1,2,0,0,0,0,0,2,0,11,1,6,41.92584737,-87.6337729
2,320400,-1,30,1,2,0,1,14,5,0,0,0,0,1,1,-1,-1,17,-1,1712,-1,-1,-1,-1,-1,-1,2,2,0,0,2,0,1,0,10,1,6,41.9752313,-87.74796985
0,320395,-1,30,2,2,0,1,14,5,-1,0,0,0,0,-1,-1,-1,0,0,2511,-1,-1,-1,-1,-1,-1,2,0,0,0,0,0,2,0,10,1,6,41.93444656,-87.80647404
0,321052,-1,15,0,0,0,1,12,6,3,0,0,0,0,-1,-1,1,22,0,113,-1,-1,-1,-1,-1,-1,2,0,0,0,0,0,2,0,10,1,6,41.87939285,-87.62677441
3,320378,-1,35,0,0,0,1,10,5,-1,0,0,0,1,-1,-1,-1,0,0,1624,-1,-1,-1,-1,-1,-1,2,1,0,1,0,0,2,0,10,1,6,41.95755553,-87.74757876
0,321853,-1,30,1,2,0,1,12,5,-1,0,0,0,0,-1,-1,-1,0,0,2033,-1,-1,-1,-1,-1,-1,2,0,0,0,0,0,2,0,10,1,6,41.96919271,-87.65982315
0,320676,-1,30,0,0,0,1,7,4,1,0,0,0,0,-1,-1,1,20,16,2535,1,-1,-1,-1,-1,-1,2,0,0,0,0,0,1,0,10,1,6,41.90822125,-87.72276357
2,320390,-1,30,0,0,0,1,9,5,2,5,0,0,1,1,-1,-1,-1,-1,331,-1,1,-1,-1,-1,-1,2,1,0,0,1,0,1,0,10,1,6,41.76981261,-87.5666924
0,321256,-1,30,1,-1,0,3,14,2,4,0,0,0,0,1,-1,1,21,-1,1925,-1,-1,-1,-1,-1,-1,2,0,0,0,0,0,3,0,10,1,6,41.94068746,-87.63809213
2,320357,-1,40,3,2,0,1,10,2,4,0,0,0,1,-1,-1,-1,16,11,114,-1,-1,-1,-1,-1,-1,3,1,0,0,1,0,2,0,10,1,6,41.87703546,-87.61731559
0,320392,-1,30,1,2,0,1,10,6,-1,0,0,0,0,1,-1,-1,18,18,2232,-1,-1,-1,-1,-1,-1,2,0,0,0,0,0,2,0,10,1,6,41.71410383,-87.64306208