MOST_SEVERE_INJURY,RD_NO,CRASH_DATE_EST_I,POSTED_SPEED_LIMIT,TRAFFIC_CONTROL_DEVICE,DEVICE_CONDITION,WEATHER_CONDITION,LIGHTING_CONDITION,FIRST_CRASH_TYPE,TRAFFICWAY_TYPE,LANE_CNT,ALIGNMENT,ROADWAY_SURFACE_COND,ROAD_DEFECT,CRASH_TYPE,INTERSECTION_RELATED_I,NOT_RIGHT_OF_WAY_I,HIT_AND_RUN_I,PRIM_CONTRIBUTORY_CAUSE,SEC_CONTRIBUTORY_CAUSE,BEAT_OF_OCCURRENCE,PHOTOS_TAKEN_I,STATEMENTS_TAKEN_I,DOORING_I,WORK_ZONE_I,WORK_ZONE_TYPE,WORKERS_PRESENT_I,NUM_UNITS,INJURIES_TOTAL,INJURIES_FATAL,INJURIES_INCAPACITATING,INJURIES_NON_INCAPACITATING,INJURIES_REPORTED_NOT_EVIDENT,INJURIES_NO_INDICATION,INJURIES_UNKNOWN,CRASH_HOUR,CRASH_DAY_OF_WEEK,CRASH_MONTH,LATITUDE,LONGITUDE
0,333198,-1,30,0,0,0,1,7,6,1,0,0,0,0,-1,-1,1,0,21,1013,-1,-1,-1,-1,-1,-1,2,0,0,0,0,0,1,0,10,1,6,41.84627043,-87.71988509
0,323100,-1,30,0,0,0,1,7,6,-1,0,0,0,0,-1,-1,-1,0,-1,1211,-1,-1,-1,-1,-1,-1,2,0,0,0,0,0,1,0,10,1,6,41.90189036,-87.69611937
0,321055,-1,30,0,0,0,1,7,6,1,0,0,0,0,-1,-1,1,0,-1,1434,-1,-1,-1,-1,-1,-1,2,0,0,0,0,0,1,0,10,1,6,41.91202405,-87.68013905
0,320344,-1,30,1,2,0,1,7,2,4,0,0,0,0,-1,-1,-1,11,-1,1231,-1,-1,-1,-1,-1,-1,2,0,0,0,0,0,3,0,9,1,6,41.86940026,-87.66475478
0,320337,-1,30,0,0,0,1,0,5,-1,0,0,0,0,0,-1,-1,17,-1,2413,-1,-1,-1,-1,-1,-1,2,0,0,0,0,0,2,0,9,1,6,41.99203116,-87.67770077
0,322099,-1,5,0,0,0,1,0,7,-1,3,-1,-1,0,-1,1,-1,0,-1,1922,-1,-1,-1,-1,-1,-1,2,0,0,0,0,0,2,0,9,1,6,41.94681874,-87.67356492
0,320368,-1,25,0,0,0,1,10,5,-1,0,0,0,0,-1,-1,-1,18,0,1833,-1,-1,-1,-1,-1,-1,2,0,0,0,0,0,2,0,9,1,6,41.89838317,-87.61789888
0,320822,1,30,0,0,0,1,7,6,1,0,-1,-1,0,-1,-1,1,0,0,324,-1,-1,-1,-1,-1,-1,2,0,0,0,0,0,1,0,9,1,6,41.76517029,-87.58838857
0,321484,-1,2,0,0,0,1,7,7,-1,0,0,0,0,-1,-1,1,20,20,924,-1,-1,-1,-1,-1,-1,2,0,0,0,0,0,1,0,9,1,6,41.82308192,-87.66850798
0,320433,-1,15,0,0,0,1,0,0,1,0,0,0,0,-1,-1,-1,0,0,2423,-1,-1,-1,-1,-1,-1,2,0,0,0,0,0,2,0,9,1,6,42.01287291,-87.66737326
0,320347,-1,30,2,2,0,1,10,12,-1,0,0,-1,0,-1,-1,-1,16,11,912,-1,-1,-1,-1,-1,-1,2,0,0,0,0,0,2,0,9,1,6,41.8345051,-87.6845899
0,320504,-1,30,1,2,0,1,10,5,2,0,0,0,0,-1,-1,1,18,16,1221,-1,-1,-1,-1,-1,-1,2,0,0,0,0,0,3,0,9,1,6,41.8905397,-87.68665533
0,320326,-1,39,0,0,0,1,2,12,-1,0,0,0,0,-1,-1,1,0,0,414,-1,-1,-1,-1,-1,-1,1,0,0,0,0,0,1,0,9,1,6,41.75325769,-87.56855227
0,320321,-1,30,1,2,0,1,12,3,-1,0,0,0,0,-1,-1,1,22,22,2213,-1,-1,-1,-1,-1,-1,2,0,0,0,0,0,2,0,9,1,6,41.71382282,-87.65357022
0,323837,-1,30,0,0,-1,-1,7,6,-1,0,0,-1,0,-1,-1,1,0,0,1133,-1,-1,-1,-1,-1,-1,2,0,0,0,0,0,1,0,9,1,6,41.87259073,-87.71260552
0,322134,-1,20,0,0,0,1,10,2,4,0,0,-1,0,-1,-1,-1,18,18,1922,-1,-1,-1,-1,-1,-1,2,0,0,0,0,0,2,0,9,1,6,41.9507274,-87.6691068
1,321585,-1,30,0,0,0,1,10,5,2,0,0,0,1,-1,-1,-1,18,0,1133,-1,-1,-1,-1,-1,-1,2,1,0,0,0,1,1,0,9,1,6,41.86709609,-87.71558925
0,320306,-1,30,0,0,0,1,2,2,4,0,0,0,1,-1,-1,0,7,7,833,-1,-1,-1,-1,-1,-1,1,0,0,0,0,0,2,0,9,1,6,41.77145578,-87.72495394
0,320299,-1,25,0,0,0,1,12,3,4,0,0,0,0,-1,-1,-1,22,11,132,-1,-1,-1,-1,-1,-1,2,0,0,0,0,0,2,0,8,1,6,41.86402667,-87.62262043
2,320301,-1,30,0,0,0,1,2,2,-1,2,0,1,1,-1,-1,-1,0,0,2513,-1,-1,-1,-1,-1,-1,1,1,0,0,1,0,1,0,8,1,6,41.91560884,-87.77558543
0,321678,-1,25,0,0,0,3,7,6,1,0,1,0,0,-1,-1,1,10,-1,1623,-1,-1,-1,-1,-1,-1,2,0,0,0,0,0,1,0,8,1,6,41.97439789,-87.75302923
0,320596,1,30,0,0,0,-1,7,5,2,0,0,0,0,-1,-1,-1,-1,-1,834,-1,-1,-1,-1,-1,-1,2,0,0,0,0,0,1,0,8,1,6,41.74489036,-87.70454583
3,320280,-1,30,0,0,0,1,10,2,-1,0,0,-1,1,-1,-1,-1,16,0,1513,-1,-1,-1,-1,-1,-1,4,2,0,1,1,0,5,0,8,1,6,41.88112666,-87.77454385
0,321723,-1,30,1,2,0,1,10,5,4,0,0,0,0,-1,-1,-1,0,0,2413,-1,-1,-1,-1,-1,-1,2,0,0,0,0,0,2,0,8,1,6,41.99063923,-87.68982417
0,320275,-1,30,2,2,0,1,10,5,-1,0,0,0,0,-1,-1,1,17,21,1114,-1,-1,-1,-1,-1,-1,2,0,0,0,0,0,2,0,8,1,6,41.88347074,-87.72580882
0,320258,-1,30,1,2,0,3,14,3,0,0,0,0,1,1,-1,-1,17,16,122,-1,-1,-1,-1,-1,-1,2,0,0,0,0,0,4,0,7,1,6,41.88015128,-87.63653872
0,322435,-1,20,0,0,0,1,7,6,1,0,0,0,0,-1,-1,1,0,0,813,-1,-1,-1,-1,-1,-1,2,0,0,0,0,0,1,0,7,1,6,41.77654441,-87.73993742
1,320242,1,30,1,2,0,1,10,5,4,0,-1,-1,1,-1,-1,1,18,0,1421,-1,-1,-1,-1,-1,-1,2,1,0,0,0,1,2,0,7,1,6,41.91733526,-87.70206566
0,320355,-1,20,0,0,0,1,7,6,1,0,0,0,0,-1,-1,-1,0,-1,1122,-1,-1,-1,-1,-1,-1,2,0,0,0,0,0,2,0,7,1,6,41.87814019,-87.72157546
0,320264,-1,30,1,-1,0,1,10,5,2,0,0,0,0,1,-1,-1,18,-1,634,-1,-1,-1,-1,-1,-1,2,0,0,0,0,0,2,0,7,1,6,41.72907738,-87.62509137
0,320232,-1,25,0,0,0,1,7,5,-1,1,0,0,0,-1,-1,1,21,0,433,-1,-1,-1,-1,-1,-1,2,0,0,0,0,0,1,0,7,1,6,41.65194289,-87.54459359
3,320241,-1,30,2,2,0,1,0,5,-1,0,0,0,1,1,-1,-1,0,0,1125,-1,1,-1,-1,-1,-1,2,3,0,3,0,0,1,0,7,1,6,41.87743417,-87.69022263
0,320227,-1,30,6,2,0,1,2,3,2,0,0,0,1,-1,-1,-1,32,32,2222,-1,-1,-1,-1,-1,-1,1,0,0,0,0,0,1,0,7,1,6,41.7321781,-87.6533786
0,320714,-1,30,1,2,0,1,10,5,4,0,0,-1,0,-1,-1,-1,18,0,1922,-1,-1,-1,-1,-1,-1,2,0,0,0,0,0,2,0,6,1,6,41.94708325,-87.66871328
0,320214,-1,30,0,1,0,1,12,2,2,0,0,0,0,-1,-1,1,22,0,1224,-1,-1,-1,-1,-1,-1,2,0,0,0,0,0,2,0,6,1,6,-1,-1
0,320219,-1,30,0,0,0,1,7,5,2,0,0,0,0,-1,-1,-1,20,11,1935,-1,-1,-1,-1,-1,-1,2,0,0,0,0,0,1,0,6,1,6,41.92621348,-87.64070653
0,320228,-1,30,0,0,0,1,10,5,-1,0,0,0,1,-1,-1,1,0,-1,812,-1,-1,-1,-1,-1,-1,6,0,0,0,0,0,3,0,6,1,6,41.77582486,-87.76666791
1,320208,-1,30,2,12,0,1,0,12,-1,0,0,0,1,1,-1,-1,5,16,1414,-1,-1,-1,-1,-1,-1,2,1,0,0,0,1,1,0,6,1,6,41.92834886,-87.69844229
0,320209,-1,30,0,0,0,1,14,5,4,0,0,0,0,-1,-1,1,21,-1,811,-1,-1,-1,-1,-1,-1,2,0,0,0,0,0,2,0,5,1,6,41.79209601,-87.78898314
0,320292,-1,30,1,2,0,1,14,5,-1,0,0,0,1,-1,-1,-1,17,17,123,-1,-1,-1,-1,-1,-1,2,0,0,0,0,0,2,0,5,1,6,41.8721644,-87.63075578
0,320229,-1,30,1,2,0,1,14,5,-1,0,0,0,1,-1,-1,-1,17,17,123,-1,-1,-1,-1,-1,-1,2,0,0,0,0,0,2,0,5,1,6,41.8721644,-87.63075578
0,322459,-1,15,0,0,0,1,7,6,1,0,0,0,0,-1,-1,1,0,0,1731,-1,-1,-1,-1,-1,-1,2,0,0,0,0,0,1,0,5,1,6,41.94075178,-87.72955717
0,321010,1,10,0,0,-1,-1,7,0,-1,2,-1,-1,0,-1,1,1,0,0,2512,-1,-1,-1,-1,-1,-1,2,0,0,0,0,0,1,0,5,1,6,41.92982832,-87.80079866
0,320408,-1,30,1,2,0,2,14,6,3,0,0,0,0,-1,-1,1,18,-1,112,-1,-1,-1,-1,-1,-1,2,0,0,0,0,0,2,0,5,1,6,41.8831083,-87.62868935
0,320548,-1,30,0,0,0,1,7,5,2,0,0,0,0,-1,-1,1,24,0,2514,-1,-1,-1,-1,-1,-1,3,0,0,0,0,0,1,0,5,1,6,41.9331644,-87.76953114
0,320181,1,25,0,0,0,2,7,6,1,0,0,0,0,-1,-1,1,0,0,1115,-1,-1,-1,-1,-1,-1,2,0,0,0,0,0,1,0,5,1,6,41.87963126,-87.72735445
0,320198,-1,30,0,0,0,1,7,2,4,0,0,0,0,-1,-1,1,0,0,1723,-1,-1,-1,-1,-1,-1,2,0,0,0,0,0,1,0,5,1,6,41.95765043,-87.72758581
0,320197,-1,30,1,2,0,2,12,5,-1,0,0,0,0,1,-1,-1,0,-1,1414,-1,-1,-1,-1,-1,-1,2,0,0,0,0,0,6,0,5,1,6,41.92466825,-87.69999236
0,320187,-1,30,1,2,0,0,10,3,3,0,0,0,1,-1,-1,-1,0,-1,1833,-1,-1,-1,-1,-1,-1,3,0,0,0,0,0,3,0,5,1,6,41.89683927,-87.6168843
0,320454,-1,30,0,0,0,1,7,2,-1,0,0,0,1,-1,-1,1,0,-1,223,-1,-1,-1,-1,-1,-1,2,0,0,0,0,0,1,0,5,1,6,41.80439638,-87.6099419
0,320315,-1,30,0,0,0,3,7,5,2,0,0,0,0,-1,-1,-1,0,0,1624,-1,-1,-1,-1,-1,-1,2,0,0,0,0,0,1,0,5,1,6,41.95376621,-87.77694658
2,320192,-1,30,1,2,0,1,14,2,2,0,0,0,1,-1,-1,1,6,-1,124,-1,-1,-1,-1,-1,-1,2,2,0,0,2,0,5,0,5,1,6,41.86714398,-87.63913327
0,320182,-1,30,0,0,0,2,7,3,6,0,0,0,1,-1,-1,1,-1,-1,932,-1,-1,-1,-1,-1,-1,2,0,0,0,0,0,1,0,4,1,6,41.79404396,-87.67256846
0,320183,-1,30,0,0,0,2,7,2,2,0,0,0,1,1,-1,-1,12,16,1522,-1,-1,-1,-1,-1,-1,4,0,0,0,0,0,1,0,4,1,6,41.87382933,-87.7549725
2,320171,-1,25,0,0,0,3,2,5,2,0,0,0,1,-1,-1,-1,27,10,2232,-1,-1,-1,-1,-1,-1,1,1,0,0,1,0,0,0,4,1,6,41.69957051,-87.65762924
0,320170,-1,30,0,0,0,3,2,6,-1,0,0,0,0,-1,-1,-1,0,0,831,-1,-1,-1,-1,-1,-1,2,0,0,0,0,0,1,0,4,1,6,41.76384577,-87.68826069
1,320217,-1,40,1,2,0,2,0,12,9,0,0,0,1,1,-1,1,-1,-1,1834,-1,-1,-1,-1,-1,-1,2,1,0,0,0,1,1,0,4,1,6,41.89259323,-87.62433405
0,320151,-1,30,1,2,0,3,2,5,2,0,0,0,1,-1,-1,-1,32,-1,815,-1,-1,-1,1,2,-1,1,0,0,0,0,0,1,0,4,1,6,41.80788026,-87.73158572
0,320490,1,20,0,0,0,3,7,6,1,0,0,0,0,-1,-1,1,0,0,913,-1,-1,-1,-1,-1,-1,2,0,0,0,0,0,1,0,4,1,6,41.83565521,-87.64734032
0,320184,0,20,0,0,0,-1,7,6,1,0,0,0,1,-1,-1,1,0,-1,314,-1,-1,-1,-1,-1,-1,2,0,0,0,0,0,1,0,4,1,6,41.78064879,-87.59797432
0,320149,-1,10,0,0,0,0,7,7,-1,0,0,0,0,-1,-1,1,0,0,1133,-1,-1,-1,-1,-1,-1,2,0,0,0,0,0,1,0,4,1,6,41.87340465,-87.72039963
2,320159,-1,35,2,-1,0,3,7,6,2,0,0,0,1,-1,-1,-1,12,-1,1414,-1,-1,-1,-1,-1,-1,3,1,0,0,1,0,1,0,3,1,6,41.92056846,-87.70516857
0,320148,-1,25,0,0,0,3,7,6,-1,0,0,0,1,-1,-1,1,0,-1,623,-1,-1,-1,-1,-1,-1,4,0,0,0,0,0,1,0,3,1,6,41.75609498,-87.61841302
0,320140,-1,25,0,0,0,3,7,6,-1,0,0,0,1,-1,-1,1,0,-1,623,-1,-1,-1,-1,-1,-1,4,0,0,0,0,0,2,0,3,1,6,41.75609498,-87.61841302
2,320129,-1,30,0,0,0,3,2,5,2,0,0,0,1,1,-1,-1,22,21,1422,-1,-1,-1,-1,-1,-1,2,1,0,0,1,0,1,0,3,1,6,41.91017076,-87.71119159
0,320128,-1,30,1,2,0,3,12,12,-1,0,0,-1,1,-1,-1,-1,0,0,322,-1,-1,-1,-1,-1,-1,2,0,0,0,0,0,2,0,3,1,6,41.76925878,-87.61052286
3,320165,-1,25,1,2,0,3,12,5,2,0,0,-1,1,1,-1,-1,22,-1,313,-1,-1,-1,-1,-1,-1,2,4,0,3,1,0,0,0,3,1,6,41.78052103,-87.6058695
0,320153,1,30,0,0,0,4,7,2,2,0,0,0,1,-1,-1,1,14,-1,614,-1,-1,-1,-1,-1,-1,2,0,0,0,0,0,1,0,3,1,6,41.73620157,-87.67265264
3,320142,-1,35,0,0,0,3,10,3,6,0,0,0,1,-1,-1,1,17,-1,1824,-1,-1,-1,-1,-1,-1,2,1,0,1,0,0,1,0,3,1,6,41.90594014,-87.62526873
1,320127,-1,30,1,2,0,3,2,3,2,3,0,0,1,1,-1,-1,15,11,131,-1,-1,-1,-1,-1,-1,1,1,0,0,0,1,0,0,3,1,6,41.84780639,-87.62706708
0,320150,-1,30,0,0,1,3,7,5,2,0,0,-1,0,-1,-1,1,0,14,613,-1,-1,-1,-1,-1,-1,2,0,0,0,0,0,1,0,3,1,6,41.74546926,-87.65345579
0,320116,-1,30,0,0,0,3,7,5,2,0,0,0,1,-1,-1,-1,2,0,921,-1,-1,-1,-1,-1,-1,2,0,0,0,0,0,1,0,3,1,6,41.81767999,-87.70420533
0,320133,-1,30,0,0,0,3,2,6,1,0,0,0,1,-1,-1,-1,16,-1,1713,-1,-1,-1,-1,-1,-1,1,0,0,0,0,0,1,0,3,1,6,41.97213808,-87.71117113
2,320125,-1,30,2,2,0,3,14,6,3,0,0,0,1,1,-1,-1,10,-1,1831,-1,-1,-1,-1,-1,-1,2,1,0,0,1,0,3,0,3,1,6,41.89240419,-87.63129242
0,320118,-1,20,0,0,0,3,7,6,1,0,0,0,1,-1,-1,-1,12,-1,621,-1,1,-1,-1,-1,-1,2,0,0,0,0,0,1,0,2,1,6,41.75114989,-87.64024749
0,320119,-1,20,0,0,0,0,7,5,-1,0,0,0,0,-1,-1,1,25,0,1022,-1,-1,-1,-1,-1,-1,2,0,0,0,0,0,1,0,2,1,6,41.862904,-87.70186655
0,320086,-1,30,1,2,0,3,14,1,4,0,0,0,0,1,-1,-1,12,-1,1131,-1,-1,-1,-1,-1,-1,2,0,0,0,0,0,2,0,2,1,6,41.87349948,-87.73536819
2,320076,-1,30,0,0,0,3,10,5,2,0,0,0,1,-1,-1,-1,14,16,412,-1,-1,-1,-1,-1,-1,4,2,0,0,2,0,1,0,2,1,6,41.73754363,-87.57558078
0,320097,-1,30,0,0,0,3,7,5,2,0,0,0,1,-1,-1,1,0,0,2535,-1,-1,-1,-1,-1,-1,2,0,0,0,0,0,1,0,2,1,6,41.90283624,-87.71984285
0,320068,-1,30,0,0,0,3,7,5,-1,0,0,0,1,-1,-1,-1,11,0,412,-1,-1,-1,-1,-1,-1,2,0,0,0,0,0,1,0,1,1,6,41.73754363,-87.57558078
0,320066,-1,25,0,0,0,3,10,5,2,0,0,0,1,0,-1,1,18,11,223,-1,-1,-1,-1,-1,-1,2,0,0,0,0,0,2,0,1,1,6,41.80400172,-87.60440131
0,320091,-1,20,0,0,0,3,2,6,1,0,0,0,0,-1,-1,-1,0,0,726,-1,-1,-1,-1,-1,-1,1,0,0,0,0,0,2,0,1,1,6,41.77298293,-87.67147188
0,320059,-1,30,0,0,0,3,7,5,2,0,0,0,1,-1,-1,1,0,0,913,-1,-1,-1,-1,-1,-1,2,0,0,0,0,0,1,0,1,1,6,41.84325207,-87.66243659
0,320062,1,30,0,2,0,3,12,1,2,0,0,0,1,-1,-1,0,0,-1,1834,-1,-1,-1,-1,-1,-1,2,0,0,0,0,0,2,0,1,1,6,41.89002792,-87.62786035
2,320020,-1,30,0,0,0,3,12,5,-1,0,0,0,1,0,-1,-1,22,0,912,-1,-1,-1,-1,-1,-1,4,1,0,0,1,0,5,0,1,1,6,41.82859403,-87.65580817
0,321724,-1,30,1,2,0,3,14,5,2,0,0,-1,0,1,-1,-1,0,-1,1831,-1,-1,-1,-1,-1,-1,2,0,0,0,0,0,2,0,1,1,6,41.89017092,-87.62824385
0,320336,-1,30,0,0,0,3,14,5,-1,0,0,0,0,-1,-1,-1,23,-1,611,-1,-1,-1,-1,-1,-1,2,0,0,0,0,0,2,0,1,1,6,41.75196209,-87.67332799
0,320044,-1,30,0,0,0,3,7,5,2,0,0,-1,1,-1,-1,1,16,11,1712,-1,-1,-1,-1,-1,-1,2,0,0,0,0,0,1,0,1,1,6,41.96832415,-87.73054321
0,320035,-1,30,0,0,0,3,12,5,2,0,0,0,1,-1,-1,-1,16,-1,1125,-1,-1,-1,-1,-1,-1,3,0,0,0,0,0,5,0,1,1,6,41.88035634,-87.68716184
3,320027,-1,35,0,0,0,3,14,3,3,0,0,-1,1,-1,-1,-1,17,-1,332,-1,-1,-1,-1,-1,-1,2,2,0,1,1,0,0,0,0,1,6,41.77142234,-87.5864274
0,320025,-1,5,-1,-1,0,0,7,7,-1,0,0,-1,0,-1,1,-1,0,0,1012,-1,-1,-1,-1,-1,-1,2,0,0,0,0,0,1,0,0,1,6,41.85580665,-87.72741966
0,320011,-1,35,1,2,0,3,11,5,4,0,0,0,1,1,-1,1,0,0,1014,-1,-1,-1,-1,-1,-1,2,0,0,0,0,0,2,0,0,1,6,41.85165871,-87.72461126
0,320014,-1,30,1,-1,0,3,10,3,2,0,0,-1,0,-1,-1,1,18,22,1232,-1,-1,-1,-1,-1,-1,2,0,0,0,0,0,3,0,0,1,6,41.86695232,-87.65269858
0,319988,-1,30,1,2,0,3,14,5,-1,0,0,0,0,1,-1,-1,0,-1,1024,-1,-1,-1,-1,-1,-1,2,0,0,0,0,0,4,0,0,1,6,41.84624146,-87.70523892
0,320043,-1,30,0,0,0,3,7,5,2,0,0,0,0,-1,-1,-1,18,-1,1834,-1,-1,-1,-1,-1,-1,2,0,0,0,0,0,1,0,0,1,6,41.89209414,-87.61156988
0,320030,-1,30,0,0,0,0,11,7,-1,0,0,0,0,-1,-1,-1,0,0,211,-1,-1,-1,-1,-1,-1,2,0,0,0,0,0,2,0,0,1,6,41.83525558,-87.6249276
0,322467,-1,35,1,2,0,3,10,5,-1,0,0,0,0,-1,-1,-1,18,-1,1814,-1,-1,-1,-1,-1,-1,2,0,0,0,0,0,2,0,0,1,6,41.91119542,-87.63485888
0,320001,-1,30,0,0,0,3,7,6,1,0,0,0,1,-1,-1,-1,19,-1,1731,-1,-1,-1,-1,-1,-1,3,0,0,0,0,0,1,0,0,1,6,41.94736605,-87.73214186
0,320009,-1,30,-1,-1,0,3,12,5,-1,0,0,0,0,-1,-1,-1,0,-1,414,-1,-1,-1,-1,-1,-1,2,0,0,0,0,0,2,0,0,1,6,41.74757409,-87.58362181
1,319994,-1,30,0,0,0,3,10,5,4,0,0,-1,1,-1,-1,-1,18,-1,1732,-1,-1,-1,-1,-1,-1,3,2,0,0,0,2,4,0,0,1,6,41.94049479,-87.72707619
0,219997,-1,30,0,0,0,3,0,5,-1,0,0,-1,0,-1,-1,-1,17,-1,1933,-1,-1,-1,-1,-1,-1,2,0,0,0,0,0,2,0,0,1,6,41.9393554,-87.64939388
2,319983,-1,30,0,0,0,3,10,2,-1,0,0,0,1,-1,-1,1,18,-1,1222,-1,-1,-1,-1,-1,-1,2,3,0,0,3,0,1,0,0,1,6,41.88466835,-87.68859593
2,319980,0,35,1,2,0,0,8,2,-1,0,0,0,1,1,-1,-1,6,23,2432,-1,-1,-1,-1,-1,-1,2,1,0,0,1,0,1,0,0,1,6,42.00259638,-87.66093221
0,320840,1,30,0,0,-1,-1,7,2,2,0,-1,0,0,-1,-1,1,0,-1,2423,-1,-1,-1,-1,-1,-1,2,0,0,0,0,0,1,0,0,1,6,42.01277366,-87.67301343
0,320428,-1,25,0,0,0,3,7,6,-1,0,0,-1,0,-1,-1,1,0,0,524,-1,-1,-1,-1,-1,-1,2,0,0,0,0,0,1,0,0,1,6,41.68382092,-87.63621387
0,320358,-1,30,0,0,0,3,7,6,1,0,0,0,0,-1,-1,0,-1,-1,2524,-1,-1,-1,-1,-1,-1,2,0,0,0,0,0,1,0,0,1,6,41.92507885,-87.72297328
0,319967,-1,30,1,2,0,3,14,6,3,0,0,0,1,1,-1,-1,23,-1,1834,-1,-1,-1,-1,-1,-1,2,0,0,0,0,0,4,0,23,7,6,41.89162116,-87.62425393
0,319965,-1,30,1,-1,0,3,10,5,-1,0,0,0,1,1,-1,-1,12,18,434,-1,-1,-1,-1,-1,-1,2,0,0,0,0,0,2,0,23,7,6,41.65912619,-87.55943274
0,320002,1,30,0,0,0,3,7,6,-1,0,0,-1,0,-1,0,1,0,0,1523,-1,-1,-1,-1,-1,-1,2,0,0,0,0,0,1,0,23,7,6,41.88435177,-87.76450179
0,321274,-1,35,1,2,0,3,12,5,4,0,0,0,0,-1,-1,1,21,-1,1831,-1,-1,-1,-1,-1,-1,2,0,0,0,0,0,2,0,23,7,6,41.88997769,-87.63122708
2,320006,-1,30,1,2,0,3,4,5,4,0,0,0,1,1,-1,-1,17,0,1925,-1,-1,-1,-1,-1,-1,2,1,0,0,1,0,2,0,23,7,6,41.94743402,-87.64739253
2,319977,-1,30,0,0,0,3,9,5,8,0,0,-1,1,1,-1,1,17,0,1233,-1,-1,-1,-1,-1,-1,2,1,0,0,1,0,1,0,23,7,6,41.8578011,-87.65890413
0,319945,1,30,1,2,0,3,14,5,-1,0,0,0,0,1,-1,-1,23,-1,1031,-1,-1,-1,-1,-1,-1,2,0,0,0,0,0,4,0,23,7,6,41.83678964,-87.72449547
2,319938,-1,30,1,-1,0,2,14,5,2,0,0,0,1,1,-1,-1,17,23,2535,-1,-1,-1,-1,-1,-1,2,6,0,0,6,0,0,0,23,7,6,41.9028157,-87.71764864
0,320510,-1,30,2,2,0,3,0,5,-1,0,1,-1,1,-1,-1,1,5,17,1113,-1,-1,-1,-1,-1,-1,1,0,0,0,0,0,1,0,23,7,6,41.87699036,-87.74238398
0,319961,-1,30,0,0,0,3,7,5,-1,0,0,0,0,-1,-1,1,0,-1,1112,-1,-1,-1,-1,-1,-1,2,0,0,0,0,0,1,0,23,7,6,41.89383347,-87.71641465
0,319959,-1,35,2,2,0,0,12,6,-1,0,0,0,0,1,-1,-1,0,0,1831,-1,-1,-1,-1,-1,-1,2,0,0,0,0,0,2,0,23,7,6,41.88997769,-87.63122708
0,319957,-1,40,0,0,0,3,10,3,8,0,0,0,0,-1,-1,-1,18,18,1824,-1,-1,-1,-1,-1,-1,2,0,0,0,0,0,2,0,23,7,6,41.90095892,-87.61992817
0,319920,-1,30,1,2,0,3,10,3,8,0,-1,-1,0,1,-1,1,16,11,1231,-1,-1,-1,-1,-1,-1,2,0,0,0,0,0,2,0,23,7,6,41.86694006,-87.66653243
3,319941,-1,30,0,0,0,3,7,5,2,0,0,0,1,-1,-1,-1,14,16,233,-1,-1,-1,-1,-1,-1,2,3,0,1,0,2,0,0,23,7,6,41.80103258,-87.61598922
0,325155,-1,30,0,0,0,3,7,5,2,0,0,0,0,-1,-1,-1,0,0,1112,-1,-1,-1,-1,-1,-1,2,0,0,0,0,0,3,0,23,7,6,41.8937149,-87.71641135
0,322143,-1,0,0,0,0,0,10,3,-1,0,0,0,0,-1,-1,-1,18,-1,1824,-1,-1,-1,-1,-1,-1,2,0,0,0,0,0,2,0,23,7,6,41.90594014,-87.62526873
0,319966,-1,30,0,0,0,3,10,5,-1,0,0,0,1,-1,-1,1,18,-1,1212,-1,-1,-1,-1,-1,-1,2,0,0,0,0,0,2,0,23,7,6,41.89950409,-87.68590491
0,319963,-1,20,2,2,0,3,7,5,-1,0,0,0,1,-1,-1,1,20,0,822,-1,-1,-1,-1,-1,-1,2,0,0,0,0,0,1,0,23,7,6,41.79894713,-87.71480605
1,319907,-1,40,1,2,0,4,10,5,-1,0,0,0,1,1,-1,-1,16,-1,434,-1,-1,-1,-1,-1,-1,1,1,0,0,0,1,1,0,22,7,6,41.64810712,-87.55943735
0,321011,-1,30,0,0,0,1,12,6,4,0,0,0,0,-1,-1,-1,0,0,1834,-1,-1,-1,-1,-1,-1,2,0,0,0,0,0,4,0,22,7,6,41.8917308,-87.61807796
0,319923,-1,30,0,0,0,3,12,5,4,0,0,-1,1,-1,-1,1,22,-1,1731,-1,-1,-1,-1,-1,-1,2,0,0,0,0,0,2,0,22,7,6,41.94622026,-87.73074266
0,320883,-1,30,0,0,0,3,10,2,4,0,0,0,0,-1,-1,1,-1,-1,715,-1,-1,-1,-1,-1,-1,2,0,0,0,0,0,3,0,22,7,6,41.7920025,-87.67438846
0,319877,-1,20,0,0,0,3,7,6,1,0,0,0,1,-1,-1,-1,-1,-1,815,-1,-1,-1,-1,-1,-1,3,0,0,0,0,0,1,0,22,7,6,41.80169318,-87.73546808
0,320534,1,30,0,0,0,-1,7,6,1,0,0,0,0,-1,-1,1,-1,-1,235,-1,-1,-1,-1,-1,-1,2,0,0,0,0,0,1,0,22,7,6,41.79306804,-87.60429201
0,320283,1,30,0,0,-1,-1,7,6,1,0,-1,0,0,-1,-1,1,-1,-1,1523,-1,-1,-1,-1,-1,-1,2,0,0,0,0,0,1,0,22,7,6,41.88454392,-87.76038123
0,319918,-1,30,0,0,0,0,7,5,2,0,0,-1,0,-1,-1,1,0,0,212,-1,-1,-1,-1,-1,-1,2,0,0,0,0,0,1,0,22,7,6,41.83027754,-87.6168787
0,319912,-1,30,0,0,0,3,7,7,-1,0,0,0,0,-1,-1,-1,0,0,623,-1,-1,-1,-1,-1,-1,2,0,0,0,0,0,1,0,22,7,6,41.75817409,-87.62199445