MOST_SEVERE_INJURY,RD_NO,CRASH_DATE_EST_I,POSTED_SPEED_LIMIT,TRAFFIC_CONTROL_DEVICE,DEVICE_CONDITION,WEATHER_CONDITION,LIGHTING_CONDITION,FIRST_CRASH_TYPE,TRAFFICWAY_TYPE,LANE_CNT,ALIGNMENT,ROADWAY_SURFACE_COND,ROAD_DEFECT,CRASH_TYPE,INTERSECTION_RELATED_I,NOT_RIGHT_OF_WAY_I,HIT_AND_RUN_I,PRIM_CONTRIBUTORY_CAUSE,SEC_CONTRIBUTORY_CAUSE,BEAT_OF_OCCURRENCE,PHOTOS_TAKEN_I,STATEMENTS_TAKEN_I,DOORING_I,WORK_ZONE_I,WORK_ZONE_TYPE,WORKERS_PRESENT_I,NUM_UNITS,INJURIES_TOTAL,INJURIES_FATAL,INJURIES_INCAPACITATING,INJURIES_NON_INCAPACITATING,INJURIES_REPORTED_NOT_EVIDENT,INJURIES_NO_INDICATION,INJURIES_UNKNOWN,CRASH_HOUR,CRASH_DAY_OF_WEEK,CRASH_MONTH,LATITUDE,LONGITUDE
0,319906,-1,30,1,2,0,3,10,2,4,0,0,0,0,-1,-1,1,18,-1,412,-1,-1,-1,-1,-1,-1,2,0,0,0,0,0,2,0,22,7,6,41.74419529,-87.57563925
0,319896,-1,30,1,-1,-1,-1,10,5,-1,0,-1,-1,0,-1,-1,-1,18,-1,1931,-1,-1,-1,-1,-1,-1,2,0,0,0,0,0,3,0,22,7,6,41.93294695,-87.66856377
0,319889,-1,30,0,0,0,3,10,5,2,0,0,-1,0,-1,-1,1,18,-1,1723,-1,-1,-1,-1,-1,-1,2,0,0,0,0,0,2,0,22,7,6,41.96814143,-87.72710697
0,319909,-1,40,0,0,0,0,12,3,3,0,0,0,0,-1,-1,0,17,4,211,-1,-1,-1,-1,-1,-1,2,0,0,0,0,0,2,0,22,7,6,41.83841192,-87.60843282
0,319868,-1,35,0,0,0,3,10,5,4,0,0,0,0,-1,-1,1,18,19,923,-1,-1,-1,-1,-1,-1,2,0,0,0,0,0,3,0,22,7,6,41.79564078,-87.70347165
0,348067,-1,0,0,0,0,0,2,5,1,0,0,0,0,-1,1,1,0,0,224,-1,-1,-1,-1,-1,-1,1,0,0,0,0,0,1,0,22,7,6,41.80755515,-87.62413353
0,319903,-1,30,1,2,0,3,0,5,2,0,0,0,0,-1,-1,1,17,6,413,-1,-1,-1,-1,-1,-1,2,0,0,0,0,0,3,0,22,7,6,41.72935103,-87.58563289
0,319860,-1,30,1,2,0,3,0,6,-1,0,0,0,1,1,-1,1,6,14,1114,-1,-1,-1,-1,-1,-1,2,0,0,0,0,0,3,0,21,7,6,41.8821223,-87.72828358
0,319869,-1,30,0,0,0,0,10,5,-1,0,0,0,0,-1,-1,1,16,-1,1533,-1,-1,-1,-1,-1,-1,2,0,0,0,0,0,3,0,21,7,6,41.87761411,-87.75481793
0,319854,-1,30,1,2,0,3,10,1,2,0,0,0,1,1,-1,-1,32,16,2535,-1,-1,-1,-1,-1,-1,3,0,0,0,0,0,7,0,21,7,6,41.90985388,-87.71927878
0,319863,-1,30,1,-1,0,3,14,6,3,0,0,0,0,1,-1,-1,23,-1,322,-1,-1,-1,-1,-1,-1,2,0,0,0,0,0,4,0,21,7,6,41.76931554,-87.62484527
0,319891,-1,35,1,2,0,3,10,5,4,0,0,0,0,1,-1,1,18,-1,133,-1,-1,-1,-1,-1,-1,2,0,0,0,0,0,2,0,21,7,6,41.83865066,-87.60991351
3,319847,-1,30,1,2,0,3,9,5,-1,0,0,0,1,1,-1,-1,17,0,813,-1,-1,-1,-1,-1,-1,2,1,0,1,0,0,1,0,21,7,6,41.77848983,-87.72758122
0,319841,-1,25,0,0,0,0,7,5,2,0,0,0,0,-1,-1,-1,20,0,823,-1,-1,-1,-1,-1,-1,2,0,0,0,0,0,1,0,21,7,6,41.78236422,-87.71220732
0,319827,-1,30,1,2,0,3,14,2,6,0,0,0,1,-1,-1,1,6,6,413,-1,1,-1,-1,-1,-1,2,0,0,0,0,0,3,0,21,7,6,41.73000801,-87.58490988
0,319866,-1,35,1,2,0,3,14,2,2,0,0,0,0,-1,-1,1,18,22,1114,-1,-1,-1,-1,-1,-1,2,0,0,0,0,0,3,0,21,7,6,41.88563956,-87.73086036
1,319809,-1,30,3,2,0,3,10,2,4,0,0,0,1,1,-1,1,18,4,233,-1,-1,-1,-1,-1,-1,2,1,0,0,0,1,1,0,21,7,6,41.79492049,-87.6148488
3,319837,-1,30,0,0,0,3,10,2,-1,0,0,0,1,-1,-1,-1,16,18,1624,-1,-1,-1,-1,-1,-1,3,1,0,1,0,0,3,0,21,7,6,41.954859,-87.7672024
0,319883,-1,15,0,0,0,-1,0,7,-1,0,0,0,0,-1,-1,-1,20,-1,411,-1,-1,-1,-1,-1,-1,2,0,0,0,0,0,2,0,21,7,6,41.75780566,-87.58626826
0,319856,-1,30,1,2,0,3,14,2,-1,0,0,0,1,1,-1,-1,17,23,1221,-1,-1,-1,-1,-1,-1,2,0,0,0,0,0,4,0,21,7,6,41.89071937,-87.686843
0,319803,-1,30,1,2,0,3,10,3,-1,0,0,0,1,1,-1,1,11,0,911,-1,-1,-1,-1,-1,-1,3,0,0,0,0,0,3,0,21,7,6,41.83009125,-87.70476347
0,319871,-1,30,1,2,0,3,14,1,2,0,0,0,1,1,-1,-1,17,31,1112,-1,-1,-1,-1,-1,-1,2,0,0,0,0,0,2,0,21,7,6,41.89891211,-87.7261273
0,319838,-1,15,-1,-1,0,3,7,0,-1,2,0,0,1,-1,1,1,25,-1,1524,-1,-1,-1,-1,-1,-1,2,0,0,0,0,0,1,0,21,7,6,41.89888969,-87.76539102
0,369084,-1,35,1,-1,-1,3,14,5,4,0,-1,-1,0,-1,-1,-1,18,-1,813,-1,-1,-1,-1,-1,-1,2,0,0,0,0,0,4,0,21,7,6,41.77863647,-87.72290636
0,345481,-1,20,0,0,0,3,7,12,-1,0,0,0,0,-1,-1,-1,0,-1,1231,-1,-1,-1,-1,-1,-1,2,0,0,0,0,0,1,0,21,7,6,41.86697112,-87.66650974
0,320618,-1,30,0,0,0,3,7,5,2,0,0,0,0,-1,-1,1,-1,-1,2522,-1,-1,-1,-1,-1,-1,2,0,0,0,0,0,1,0,21,7,6,41.92101464,-87.75497519
0,319788,-1,30,2,2,0,2,10,6,1,0,0,-1,0,1,-1,-1,12,20,1712,-1,-1,-1,-1,-1,-1,2,0,0,0,0,0,2,0,20,7,6,41.96995302,-87.72813964
0,319951,-1,25,0,0,0,3,2,5,-1,0,0,0,1,-1,1,1,0,19,621,-1,-1,-1,-1,-1,-1,1,0,0,0,0,0,1,0,20,7,6,41.75452944,-87.63513084
0,319786,-1,30,0,0,0,2,12,5,-1,0,0,-1,0,-1,-1,1,18,-1,225,-1,-1,-1,-1,-1,-1,2,0,0,0,0,0,2,0,20,7,6,41.79414496,-87.62944194
0,319776,-1,30,1,2,0,1,10,5,4,0,0,0,0,-1,-1,1,18,0,233,-1,-1,-1,-1,-1,-1,2,0,0,0,0,0,2,0,20,7,6,41.78942072,-87.60626259
0,319805,-1,30,1,2,0,3,0,5,4,0,0,0,1,1,-1,-1,16,0,2511,-1,-1,-1,-1,-1,-1,2,0,0,0,0,0,4,0,20,7,6,41.93111052,-87.78575317
0,319797,-1,30,0,0,0,3,7,7,-1,0,0,0,0,-1,-1,-1,20,-1,1924,-1,-1,-1,-1,-1,-1,2,0,0,0,0,0,1,0,20,7,6,41.94705637,-87.6579655
0,319777,-1,45,0,0,0,3,12,3,-1,0,0,0,0,-1,-1,-1,0,0,222,-1,-1,-1,-1,-1,-1,3,0,0,0,0,0,5,0,20,7,6,41.81059075,-87.58837967
0,320255,-1,15,0,0,-1,-1,7,-1,-1,0,-1,-1,0,-1,1,1,0,0,1424,-1,-1,-1,0,-1,-1,2,0,0,0,0,0,1,0,20,7,6,41.9089214,-87.6775678
0,319750,-1,30,0,0,0,2,7,6,1,0,0,0,0,-1,-1,1,0,0,1723,-1,-1,-1,-1,-1,-1,2,0,0,0,0,0,1,0,20,7,6,41.96040612,-87.72305815
0,319765,-1,30,0,0,0,3,10,4,1,0,0,0,0,-1,1,-1,18,-1,1824,-1,-1,-1,-1,-1,-1,2,0,0,0,0,0,2,0,20,7,6,41.91094388,-87.6263928
0,320430,-1,10,0,0,0,1,11,0,1,0,-1,-1,0,-1,-1,1,0,-1,2423,-1,-1,-1,-1,-1,-1,2,0,0,0,0,0,2,0,19,7,6,42.01534441,-87.67014258
0,353555,-1,30,0,0,0,1,10,2,4,0,0,0,0,-1,-1,-1,18,11,1833,-1,-1,-1,-1,-1,-1,2,0,0,0,0,0,4,0,19,7,6,41.89679057,-87.62438066
0,319723,-1,30,1,2,0,1,14,5,-1,0,0,0,0,1,-1,-1,0,0,1833,-1,-1,-1,-1,-1,-1,2,0,0,0,0,0,4,0,19,7,6,41.89683927,-87.6168843
0,319721,-1,30,0,0,0,1,2,3,4,0,0,0,0,-1,-1,-1,-1,-1,413,-1,-1,-1,-1,-1,-1,1,0,0,0,0,0,2,0,19,7,6,41.72250949,-87.57520983
0,319707,-1,35,1,2,0,1,0,5,4,0,0,0,1,1,-1,-1,6,16,623,-1,-1,-1,-1,-1,-1,2,0,0,0,0,0,2,0,19,7,6,41.75806853,-87.62651698
0,319751,-1,25,0,0,0,1,12,5,2,0,0,0,1,-1,-1,1,16,11,1134,-1,-1,-1,-1,-1,-1,2,0,0,0,0,0,2,0,19,7,6,41.87351664,-87.71063303
0,319699,-1,30,0,0,0,1,12,6,1,0,0,0,0,-1,-1,-1,17,33,1024,-1,-1,-1,-1,-1,-1,2,0,0,0,0,0,4,0,19,7,6,41.84758042,-87.70649434
0,319747,-1,30,0,0,0,4,7,6,1,0,0,0,0,-1,-1,-1,11,-1,611,-1,-1,-1,-1,-1,-1,2,0,0,0,0,0,1,0,19,7,6,41.75103422,-87.66603015
0,319744,-1,30,0,-1,0,4,10,2,-1,0,0,-1,1,-1,-1,-1,18,-1,2533,-1,-1,-1,-1,-1,-1,2,0,0,0,0,0,2,0,19,7,6,41.90981565,-87.73970549
0,319681,-1,25,0,0,0,1,7,5,-1,0,0,0,0,-1,-1,-1,0,-1,811,-1,-1,-1,-1,-1,-1,2,0,0,0,0,0,1,0,19,7,6,41.79647236,-87.78574159
0,319836,-1,30,0,0,-1,3,7,5,-1,0,-1,-1,0,-1,-1,1,0,0,235,-1,-1,-1,-1,-1,-1,2,0,0,0,0,0,1,0,19,7,6,41.79305934,-87.60504162
0,319715,-1,30,1,2,0,1,10,2,-1,0,0,0,0,-1,-1,-1,18,-1,114,-1,-1,-1,-1,-1,-1,2,0,0,0,0,0,2,0,19,7,6,41.87831319,-87.61734583
0,319683,-1,20,0,0,0,1,11,5,-1,0,0,0,0,-1,-1,-1,0,-1,1932,-1,-1,-1,-1,-1,-1,2,0,0,0,0,0,2,0,19,7,6,41.93167811,-87.6661058
0,319679,-1,30,0,0,0,1,0,5,-1,0,0,0,0,-1,-1,-1,0,0,1911,-1,-1,-1,-1,-1,-1,2,0,0,0,0,0,3,0,18,7,6,41.96752136,-87.68872157
0,319662,-1,30,1,2,0,1,14,2,-1,0,0,0,1,1,-1,-1,23,6,1613,-1,-1,-1,-1,-1,-1,2,0,0,0,0,0,2,0,18,7,6,41.97640636,-87.7878626
0,319648,-1,30,0,12,0,1,7,2,1,0,0,-1,0,-1,-1,-1,-1,-1,234,-1,-1,-1,-1,-1,-1,2,0,0,0,0,0,1,0,18,7,6,41.79561943,-87.59162902
0,320204,-1,30,0,0,0,3,10,3,-1,0,0,0,0,-1,-1,-1,0,0,233,-1,-1,-1,-1,-1,-1,2,0,0,0,0,0,4,0,18,7,6,41.79627438,-87.59825545
3,319657,-1,30,0,0,0,1,14,5,-1,0,0,0,1,-1,-1,-1,17,0,824,-1,-1,-1,-1,-1,-1,2,5,0,1,1,3,2,0,18,7,6,41.7890046,-87.70328303
0,319645,-1,30,1,2,0,1,10,2,4,0,0,0,0,1,-1,-1,0,-1,413,-1,-1,-1,-1,-1,-1,2,0,0,0,0,0,2,0,18,7,6,41.72401339,-87.58530174
0,319639,-1,30,0,0,0,1,10,5,-1,0,0,0,0,-1,-1,-1,0,0,1833,-1,-1,-1,-1,-1,-1,2,0,0,0,0,0,2,0,18,7,6,41.89774086,-87.62396132
0,319636,-1,30,0,0,0,1,12,5,-1,0,0,0,0,-1,-1,-1,17,0,2411,-1,-1,-1,-1,-1,-1,2,0,0,0,0,0,2,0,18,7,6,42.01903231,-87.708517
0,319644,-1,30,2,2,0,1,14,5,4,0,0,0,0,1,-1,-1,0,0,214,-1,-1,-1,-1,-1,-1,2,0,0,0,0,0,7,0,18,7,6,41.81791601,-87.59829226
0,320954,-1,30,0,0,0,1,7,6,1,0,0,0,0,1,-1,-1,0,-1,1421,-1,-1,-1,-1,-1,-1,2,0,0,0,0,0,2,0,18,7,6,41.91532021,-87.69606013
0,320810,-1,30,0,0,0,1,14,5,-1,0,0,0,0,-1,-1,-1,0,0,821,-1,-1,-1,-1,-1,-1,2,0,0,0,0,0,2,0,18,7,6,41.81715064,-87.70447558
0,320786,-1,20,2,0,0,1,7,5,1,0,0,-1,0,-1,-1,1,0,0,2032,-1,-1,-1,-1,-1,-1,2,0,0,0,0,0,1,0,18,7,6,41.97192904,-87.67201938
0,319900,-1,5,0,0,0,1,7,7,-1,0,0,0,0,-1,1,1,0,0,2514,-1,-1,-1,-1,-1,-1,2,0,0,0,0,0,1,0,18,7,6,41.93840481,-87.77105967
1,319688,-1,30,0,0,0,1,8,6,1,0,0,0,1,-1,-1,-1,17,0,1921,-1,-1,-1,-1,-1,-1,2,1,0,0,0,1,2,0,18,7,6,41.94325099,-87.68315693
0,319686,-1,30,0,0,0,1,7,2,4,0,0,0,0,-1,-1,-1,20,-1,2011,-1,-1,-1,-1,-1,-1,2,0,0,0,0,0,1,0,18,7,6,41.99017216,-87.68980927
0,319641,-1,30,0,0,0,1,12,5,2,0,0,0,0,-1,-1,1,22,10,1712,-1,-1,-1,-1,-1,-1,2,0,0,0,0,0,2,0,18,7,6,41.96817755,-87.74420787
0,322445,-1,30,1,2,0,1,10,5,4,0,0,0,0,1,-1,-1,0,0,1822,-1,-1,-1,-1,-1,-1,2,0,0,0,0,0,3,0,18,7,6,41.91080902,-87.64833033
0,319646,-1,30,0,0,0,1,10,7,-1,0,0,0,0,-1,-1,-1,20,0,925,-1,-1,-1,-1,-1,-1,2,0,0,0,0,0,2,0,18,7,6,41.81639453,-87.63134009
0,319616,-1,30,1,2,0,1,14,5,4,0,0,0,1,1,-1,-1,17,-1,1235,-1,-1,-1,-1,-1,-1,2,0,0,0,0,0,4,0,18,7,6,41.85757005,-87.63878537
2,319614,-1,10,0,0,0,1,8,7,0,0,0,0,1,-1,-1,-1,0,-1,124,-1,-1,-1,-1,-1,-1,2,1,0,0,1,0,1,0,18,7,6,41.8698556,-87.64027031
2,334103,-1,30,0,0,0,1,8,3,2,0,0,0,1,-1,-1,-1,0,-1,1214,-1,-1,1,-1,-1,-1,2,1,0,0,1,0,1,0,18,7,6,41.89168007,-87.64857273
0,320481,-1,30,2,2,0,1,7,5,2,3,0,0,0,1,-1,-1,0,0,321,-1,-1,-1,-1,-1,-1,2,0,0,0,0,0,2,0,18,7,6,41.76601245,-87.59584092
0,320361,-1,30,0,0,0,4,7,5,2,0,0,-1,0,-1,-1,1,0,-1,234,-1,-1,-1,-1,-1,-1,2,0,0,0,0,0,1,0,18,7,6,41.79919761,-87.58712409
0,319597,-1,30,0,0,0,1,12,5,2,0,0,0,0,-1,-1,1,0,0,322,-1,-1,-1,-1,-1,-1,2,0,0,0,0,0,2,0,17,7,6,41.7728015,-87.61542908
0,320669,-1,30,1,2,0,1,12,6,3,0,0,0,0,-1,-1,-1,21,21,132,-1,-1,-1,-1,-1,-1,2,0,0,0,0,0,2,0,17,7,6,41.84892169,-87.62355885
2,319591,-1,35,0,0,0,1,0,2,-1,0,0,0,1,1,-1,-1,22,16,834,-1,-1,-1,-1,-1,-1,2,1,0,0,1,0,3,0,17,7,6,41.74693632,-87.70736089
0,319608,-1,30,0,0,0,1,12,5,2,0,0,0,1,-1,-1,1,25,0,934,-1,-1,-1,-1,-1,-1,2,0,0,0,0,0,3,0,17,7,6,41.79994041,-87.65487491
0,319621,-1,30,1,2,0,1,12,5,2,0,0,-1,0,-1,-1,1,22,10,2514,-1,-1,-1,-1,-1,-1,2,0,0,0,0,0,2,0,17,7,6,41.93131748,-87.7711687
0,319573,-1,30,0,0,0,1,10,5,-1,0,0,0,0,1,-1,-1,18,-1,421,-1,-1,-1,-1,-1,-1,2,0,0,0,0,0,3,0,17,7,6,41.75511499,-87.55159418
0,319642,-1,30,0,0,0,1,11,5,2,0,0,0,0,1,-1,-1,0,0,2522,-1,-1,-1,-1,-1,-1,2,0,0,0,0,0,2,0,17,7,6,41.92075288,-87.7417782
0,319594,-1,30,1,2,0,1,10,5,4,0,0,0,0,-1,-1,1,18,25,434,-1,-1,-1,-1,-1,-1,2,0,0,0,0,0,4,0,17,7,6,41.70805711,-87.55972089
0,319568,-1,35,1,2,0,1,14,1,4,0,0,0,0,-1,-1,-1,17,23,614,-1,-1,-1,-1,-1,-1,2,0,0,0,0,0,2,0,17,7,6,41.74270406,-87.66309738
0,319664,-1,30,1,2,0,1,10,5,-1,0,0,0,0,1,-1,-1,0,0,1823,-1,-1,-1,-1,-1,-1,2,0,0,0,0,0,2,0,17,7,6,41.8965868,-87.64287235
0,319584,-1,35,1,2,0,1,14,2,2,0,0,0,0,-1,-1,-1,18,18,2411,-1,-1,-1,-1,-1,-1,2,0,0,0,0,0,4,0,17,7,6,42.01237134,-87.69039392
0,319611,-1,30,1,2,0,1,0,3,6,0,0,0,1,1,-1,-1,6,0,114,-1,-1,-1,-1,-1,-1,2,0,0,0,0,0,3,0,17,7,6,41.88808207,-87.62050117
2,319585,-1,30,0,0,0,1,10,5,2,0,0,0,1,-1,-1,-1,18,18,1222,-1,-1,-1,-1,-1,-1,2,2,0,0,2,0,0,0,17,7,6,41.88189314,-87.7013768
0,319565,-1,30,1,-1,0,1,10,6,3,0,0,0,0,1,-1,-1,16,-1,915,-1,1,-1,-1,-1,-1,2,0,0,0,0,0,2,0,17,7,6,41.83098583,-87.63135921
0,319763,-1,10,0,0,0,1,7,7,-1,0,0,0,0,-1,-1,1,20,0,622,-1,-1,-1,-1,-1,-1,2,0,0,0,0,0,1,0,17,7,6,41.73638005,-87.62750922
0,327460,1,15,0,0,-1,-1,7,0,-1,0,-1,-1,0,-1,-1,1,0,-1,915,-1,-1,-1,-1,-1,-1,3,0,0,0,0,0,1,0,17,7,6,41.82401184,-87.64092647
0,322195,-1,30,2,2,0,1,14,5,2,0,0,0,0,1,-1,-1,5,-1,2525,-1,-1,-1,-1,-1,-1,2,0,0,0,0,0,4,0,17,7,6,41.92090614,-87.72905094
0,320522,-1,30,0,0,0,1,12,6,-1,0,0,0,0,-1,-1,-1,17,0,1834,-1,-1,-1,-1,-1,-1,2,0,0,0,0,0,2,0,17,7,6,41.8917308,-87.61807796
0,320288,-1,35,0,0,0,0,7,5,-1,0,0,0,0,-1,-1,-1,0,0,1713,-1,-1,-1,-1,-1,-1,2,0,0,0,0,0,1,0,17,7,6,41.96706826,-87.70735587
0,319580,-1,25,2,2,0,1,10,5,2,0,0,-1,0,1,-1,-1,16,0,1031,-1,-1,-1,-1,-1,-1,3,0,0,0,0,0,4,0,17,7,6,41.83499626,-87.72192921
0,319539,-1,30,1,2,0,1,10,5,2,0,0,0,0,-1,-1,0,18,0,1524,-1,-1,-1,-1,-1,-1,3,0,0,0,0,0,4,0,17,7,6,41.89496969,-87.76440077
0,319654,-1,20,0,0,0,1,7,6,-1,0,0,0,0,-1,-1,-1,32,11,612,-1,-1,-1,-1,-1,-1,2,0,0,0,0,0,1,0,16,7,6,41.75117293,-87.66007625
0,319579,-1,30,0,0,0,1,10,5,-1,0,0,0,0,-1,-1,1,0,0,1235,-1,-1,-1,-1,-1,-1,2,0,0,0,0,0,2,0,16,7,6,41.85800141,-87.65628424
0,319572,-1,30,0,0,0,1,10,12,-1,0,0,0,0,-1,-1,1,20,-1,811,-1,-1,-1,-1,-1,-1,2,0,0,0,0,0,2,0,16,7,6,41.79406454,-87.80109077
0,319511,-1,30,0,0,0,1,12,2,4,0,0,0,0,-1,-1,-1,11,0,2013,-1,0,-1,-1,-1,-1,2,0,0,0,0,0,2,0,16,7,6,41.98893587,-87.66850696
0,319680,-1,30,0,0,0,1,14,5,-1,0,0,0,0,-1,-1,-1,17,23,1833,-1,-1,-1,-1,-1,-1,2,0,0,0,0,0,2,0,16,7,6,41.89672011,-87.61756751
0,319603,-1,30,0,0,0,1,10,5,-1,0,0,0,0,-1,-1,1,-1,-1,822,-1,-1,-1,-1,-1,-1,2,0,0,0,0,0,5,0,16,7,6,41.78979082,-87.70359877
0,319766,-1,30,0,0,0,1,10,5,-1,0,0,0,0,-1,-1,-1,18,0,2013,-1,-1,-1,-1,-1,-1,2,0,0,0,0,0,3,0,16,7,6,41.98708906,-87.66596065
0,319562,-1,45,0,0,0,1,10,6,4,0,0,0,0,-1,-1,-1,18,-1,132,-1,-1,-1,-1,-1,-1,2,0,0,0,0,0,4,0,16,7,6,41.86415309,-87.6186603
2,319507,-1,30,2,2,0,1,0,5,2,0,0,0,1,1,-1,1,5,0,1013,-1,-1,-1,-1,-1,-1,2,1,0,0,1,0,1,0,16,7,6,41.84627277,-87.71865307
0,319781,-1,20,0,0,0,1,7,6,1,0,0,-1,0,-1,-1,1,0,-1,2535,-1,-1,-1,-1,-1,-1,2,0,0,0,0,0,1,0,16,7,6,41.91626786,-87.72056028
0,319510,-1,30,0,0,0,1,14,7,-1,0,0,0,0,-1,-1,-1,0,0,2512,-1,-1,-1,-1,-1,-1,2,0,0,0,0,0,3,0,16,7,6,41.93085132,-87.78775566
0,322613,-1,30,0,0,2,1,5,5,2,0,1,12,0,-1,-1,-1,0,0,423,-1,-1,-1,-1,-1,-1,1,0,0,0,0,0,1,0,16,7,6,41.72415736,-87.55372997
0,321137,-1,5,0,0,0,1,7,0,-1,0,0,0,0,-1,-1,1,20,11,2033,-1,-1,-1,-1,-1,-1,2,0,0,0,0,0,1,0,16,7,6,41.97350632,-87.66580092
0,320625,-1,30,0,0,0,1,7,7,-1,0,0,0,0,-1,0,-1,0,0,1434,-1,-1,-1,-1,-1,-1,2,0,0,0,0,0,1,0,16,7,6,41.91284234,-87.67615073
0,319529,-1,30,1,2,0,1,14,2,4,0,0,0,1,1,-1,-1,0,-1,1822,-1,-1,-1,-1,-1,-1,2,0,0,0,0,0,2,0,16,7,6,41.90374556,-87.64816701
0,319513,-1,40,1,2,0,1,12,3,3,0,0,0,1,1,-1,-1,18,-1,321,-1,-1,-1,-1,-1,-1,2,0,0,0,0,0,2,0,16,7,6,41.77522009,-87.58643663
2,319506,-1,30,2,-1,0,1,9,5,2,0,-1,-1,1,-1,-1,1,25,-1,1121,-1,-1,-1,-1,-1,-1,2,1,0,0,1,0,1,0,16,7,6,41.89537295,-87.71393192
0,319503,-1,30,0,0,0,1,7,6,-1,0,0,0,0,-1,-1,1,-1,-1,822,-1,-1,-1,-1,-1,-1,2,0,0,0,0,0,1,0,16,7,6,41.79759974,-87.72186375
2,319467,-1,30,0,0,0,1,10,5,2,0,0,0,1,-1,-1,-1,18,-1,611,-1,-1,-1,-1,-1,-1,2,1,0,0,1,0,1,0,15,7,6,41.75040427,-87.66806546
0,319477,-1,30,0,0,0,1,10,5,2,0,0,0,0,-1,-1,-1,18,-1,1624,-1,-1,-1,-1,-1,-1,2,0,0,0,0,0,2,0,15,7,6,41.96022351,-87.77829879
1,319473,-1,10,1,2,0,1,5,8,2,2,0,0,1,-1,0,1,17,0,2512,-1,-1,-1,-1,-1,-1,2,1,0,0,0,1,1,0,15,7,6,41.93083331,-87.79056906
0,322433,-1,30,2,2,0,1,10,5,2,0,0,0,0,1,-1,-1,18,-1,912,-1,-1,-1,-1,-1,-1,2,0,0,0,0,0,3,0,15,7,6,41.83031404,-87.68031157
0,319471,-1,30,0,0,0,1,0,5,2,0,0,0,0,-1,-1,-1,8,0,2033,-1,-1,-1,-1,-1,-1,2,0,0,0,0,0,5,0,15,7,6,41.97620529,-87.66460386
1,319454,-1,30,0,0,0,1,14,5,2,0,0,0,1,-1,0,-1,22,22,621,-1,-1,-1,-1,-1,-1,2,1,0,0,0,1,6,0,15,7,6,41.7470861,-87.64408438
0,319450,-1,20,0,0,0,1,7,7,0,0,0,0,0,-1,1,1,0,-1,1632,-1,-1,-1,-1,-1,-1,2,0,0,0,0,0,1,0,15,7,6,41.93829326,-87.79416311
0,321967,-1,30,0,0,0,1,7,-1,1,0,0,0,0,-1,-1,1,-1,-1,2534,-1,-1,-1,-1,-1,-1,2,0,0,0,0,0,1,0,15,7,6,41.90823115,-87.72999921
0,319534,-1,30,1,3,0,1,0,2,-1,0,0,-1,0,-1,-1,-1,0,-1,114,-1,-1,-1,-1,-1,-1,2,0,0,0,0,0,4,0,15,7,6,41.8869732,-87.62084833
2,319474,-1,30,0,0,0,1,2,6,1,0,0,0,1,-1,-1,-1,27,-1,414,-1,-1,-1,-1,-1,-1,1,1,0,0,1,0,0,0,15,7,6,41.74760449,-87.57995244
2,319429,-1,30,1,2,0,1,9,2,4,0,0,0,1,1,-1,-1,0,0,835,-1,-1,-1,-1,-1,-1,2,1,0,0,1,0,2,0,15,7,6,41.74272797,-87.68282479
0,319482,-1,35,1,2,0,1,0,5,1,0,0,0,0,-1,-1,-1,20,0,234,-1,-1,-1,-1,-1,-1,2,0,0,0,0,0,2,0,15,7,6,41.79948383,-87.58744204
0,319453,-1,30,0,0,0,1,3,5,-1,0,0,0,0,-1,-1,-1,20,-1,2211,-1,-1,-1,-1,-1,-1,2,0,0,0,0,0,2,0,15,7,6,41.69170602,-87.69845682
0,319521,-1,30,0,0,0,1,7,2,2,0,0,0,1,-1,-1,-1,9,-1,1235,-1,-1,-1,-1,-1,-1,2,0,0,0,0,0,1,0,15,7,6,41.85671878,-87.63708164
2,319426,-1,25,0,0,0,1,6,5,2,0,0,0,1,-1,-1,-1,12,12,221,-1,-1,-1,-1,-1,-1,1,1,0,0,1,0,0,0,15,7,6,41.81661599,-87.61511559
0,319436,-1,30,0,0,0,1,12,5,2,0,0,0,1,-1,-1,-1,16,-1,1234,-1,-1,-1,-1,-1,-1,2,0,0,0,0,0,2,0,15,7,6,41.85670382,-87.67121847
2,319463,-1,30,2,0,0,1,14,5,-1,0,0,0,1,1,-1,-1,17,5,712,-1,-1,-1,-1,-1,-1,2,1,0,0,1,0,4,0,15,7,6,41.78156706,-87.65217973
0,319420,-1,30,1,2,0,1,12,5,-1,0,0,0,0,1,-1,1,0,0,122,-1,-1,-1,-1,-1,-1,2,0,0,0,0,0,2,0,15,7,6,41.87941085,-87.63710396
0,319442,-1,30,0,0,0,1,3,5,-1,0,0,0,0,-1,-1,0,0,0,2012,-1,-1,-1,-1,-1,-1,2,0,0,0,0,0,2,0,15,7,6,41.98582639,-87.66944491
0,319438,-1,30,1,2,0,1,0,12,-1,0,0,0,0,-1,-1,-1,17,-1,114,-1,-1,-1,-1,-1,-1,2,0,0,0,0,0,2,0,15,7,6,41.88791004,-87.62080356
2,319412,-1,30,1,2,0,1,14,2,4,0,0,0,1,1,-1,-1,0,-1,2212,-1,-1,-1,-1,-1,-1,2,1,0,0,1,0,3,0,15,7,6,41.68468326,-87.66789302
0,319484,-1,30,0,0,0,1,7,7,-1,0,0,0,0,-1,-1,-1,20,0,412,-1,-1,-1,-1,-1,-1,2,0,0,0,0,0,2,0,15,7,6,41.73675547,-87.59071029