MOST_SEVERE_INJURY,RD_NO,CRASH_DATE_EST_I,POSTED_SPEED_LIMIT,TRAFFIC_CONTROL_DEVICE,DEVICE_CONDITION,WEATHER_CONDITION,LIGHTING_CONDITION,FIRST_CRASH_TYPE,TRAFFICWAY_TYPE,LANE_CNT,ALIGNMENT,ROADWAY_SURFACE_COND,ROAD_DEFECT,CRASH_TYPE,INTERSECTION_RELATED_I,NOT_RIGHT_OF_WAY_I,HIT_AND_RUN_I,PRIM_CONTRIBUTORY_CAUSE,SEC_CONTRIBUTORY_CAUSE,BEAT_OF_OCCURRENCE,PHOTOS_TAKEN_I,STATEMENTS_TAKEN_I,DOORING_I,WORK_ZONE_I,WORK_ZONE_TYPE,WORKERS_PRESENT_I,NUM_UNITS,INJURIES_TOTAL,INJURIES_FATAL,INJURIES_INCAPACITATING,INJURIES_NON_INCAPACITATING,INJURIES_REPORTED_NOT_EVIDENT,INJURIES_NO_INDICATION,INJURIES_UNKNOWN,CRASH_HOUR,CRASH_DAY_OF_WEEK,CRASH_MONTH,LATITUDE,LONGITUDE
0,319413,-1,30,1,2,0,1,14,5,-1,0,0,0,1,1,-1,-1,17,25,911,-1,-1,-1,-1,-1,-1,4,0,0,0,0,0,6,0,15,7,6,41.82604002,-87.6849674
0,319409,-1,30,0,0,0,1,10,8,-1,0,0,0,0,-1,-1,-1,18,16,124,-1,-1,-1,-1,-1,-1,2,0,0,0,0,0,2,0,15,7,6,41.86452119,-87.6393041
0,319401,-1,35,0,0,0,1,14,3,4,0,0,0,1,-1,-1,-1,0,0,133,-1,-1,-1,-1,-1,-1,2,0,0,0,0,0,2,0,15,7,6,41.84009688,-87.60817699
0,319394,-1,30,1,2,0,1,10,2,2,0,0,0,0,-1,-1,-1,18,11,1034,-1,-1,-1,-1,-1,-1,2,0,0,0,0,0,2,0,15,7,6,41.84495313,-87.68544445
3,319389,-1,30,0,0,0,1,8,5,4,0,0,0,1,-1,-1,-1,17,-1,1621,-1,-1,1,-1,-1,-1,2,1,0,1,0,0,1,0,14,7,6,41.99722548,-87.76266112
0,319423,-1,30,0,0,0,1,12,5,-1,0,0,0,0,-1,-1,-1,22,0,2412,-1,-1,-1,-1,-1,-1,2,0,0,0,0,0,4,0,14,7,6,41.99800055,-87.68036944
0,319372,-1,30,0,0,0,1,10,5,2,0,0,0,0,-1,-1,-1,18,-1,1623,-1,-1,-1,-1,-1,-1,2,0,0,0,0,0,2,0,14,7,6,41.98295699,-87.76460819
0,319430,-1,30,1,2,0,1,14,6,3,0,0,0,0,1,-1,-1,23,-1,1831,-1,-1,-1,-1,-1,-1,2,0,0,0,0,0,4,0,14,7,6,41.88863867,-87.62941908
0,319370,-1,30,1,2,0,1,1,2,2,0,0,0,0,-1,-1,-1,1,-1,332,-1,-1,-1,-1,-1,-1,1,0,0,0,0,0,1,0,14,7,6,41.77324359,-87.5845104
0,324507,-1,30,0,0,0,1,7,6,1,0,0,0,0,-1,-1,1,0,0,1133,-1,-1,-1,-1,-1,-1,2,0,0,0,0,0,1,0,14,7,6,41.8746122,-87.71379984
0,319652,-1,30,0,0,0,1,7,5,2,0,0,0,0,-1,-1,1,0,0,914,-1,-1,-1,-1,-1,-1,2,0,0,0,0,0,1,0,14,7,6,41.84128339,-87.63191204
0,319537,-1,5,0,0,0,1,7,7,-1,0,0,0,0,-1,1,-1,0,-1,1834,-1,-1,-1,-1,-1,-1,2,0,0,0,0,0,1,0,14,7,6,41.89335244,-87.62556699
0,319456,-1,30,1,2,0,1,10,6,-1,0,0,0,0,-1,-1,1,0,0,1833,-1,-1,-1,-1,-1,-1,2,0,0,0,0,0,2,0,14,7,6,41.89997167,-87.62401194
0,319425,-1,30,0,0,0,1,2,5,-1,0,0,0,0,-1,-1,-1,-1,-1,714,-1,-1,-1,-1,-1,-1,1,0,0,0,0,0,1,0,14,7,6,41.78665418,-87.66453916
0,319381,-1,30,1,2,0,1,14,5,-1,0,0,0,0,1,-1,-1,0,0,114,-1,-1,-1,-1,-1,-1,2,0,0,0,0,0,2,0,14,7,6,41.88102972,-87.61728157
3,319343,-1,30,0,0,0,1,9,5,-1,0,0,0,1,1,-1,-1,33,17,1013,-1,-1,-1,-1,-1,-1,2,1,0,1,0,0,3,0,14,7,6,41.84439464,-87.72205278
0,319327,-1,45,0,0,0,1,5,3,10,3,0,0,1,-1,-1,-1,0,0,222,-1,-1,-1,-1,-1,-1,1,0,0,0,0,0,6,0,14,7,6,41.81419293,-87.59301118
0,319316,-1,30,0,0,0,1,12,5,2,0,0,0,0,-1,-1,-1,0,0,132,-1,-1,-1,-1,-1,-1,2,0,0,0,0,0,2,0,14,7,6,41.8637392,-87.62392413
0,319478,-1,35,1,2,0,1,2,2,4,0,0,0,0,-1,-1,-1,0,-1,434,-1,-1,-1,-1,-1,-1,1,0,0,0,0,0,1,0,14,7,6,41.64834943,-87.5594422
1,319449,-1,35,1,-1,0,1,10,5,2,0,0,0,1,-1,-1,-1,-1,-1,1621,-1,-1,-1,-1,-1,-1,2,1,0,0,0,1,1,0,13,7,6,41.99173083,-87.75505556
0,319304,-1,30,0,0,0,1,0,5,2,0,-1,-1,0,-1,-1,-1,20,20,1912,-1,-1,-1,-1,-1,-1,2,0,0,0,0,0,3,0,13,7,6,41.95508305,-87.67650711
0,320440,-1,25,0,0,0,1,14,5,2,0,0,0,0,-1,-1,-1,17,-1,1632,-1,-1,-1,-1,-1,-1,2,0,0,0,0,0,2,0,13,7,6,41.95498855,-87.78676048
0,319326,-1,30,0,0,0,1,14,2,-1,0,0,0,0,-1,-1,-1,4,16,123,-1,-1,-1,-1,-1,-1,2,0,0,0,0,0,2,0,13,7,6,41.8732557,-87.63345422
0,319398,-1,10,0,0,0,1,7,7,-1,0,-1,-1,0,-1,-1,1,22,11,1911,-1,-1,-1,-1,-1,-1,2,0,0,0,0,0,2,0,13,7,6,41.9686192,-87.68113125
0,319284,-1,30,0,0,0,1,14,2,-1,0,0,0,0,-1,-1,-1,0,-1,1434,-1,-1,-1,-1,-1,-1,2,0,0,0,0,0,2,0,13,7,6,41.9127053,-87.68084091
0,319280,-1,30,0,0,0,1,10,5,-1,0,0,0,1,-1,-1,-1,18,0,1732,-1,-1,-1,-1,-1,-1,2,0,0,0,0,0,2,0,13,7,6,41.94992359,-87.72765185
0,319279,-1,30,2,2,0,1,0,5,-1,0,0,-1,0,-1,-1,-1,17,-1,821,-1,-1,-1,-1,-1,-1,2,0,0,0,0,0,3,0,13,7,6,41.80790245,-87.71637597
0,319353,-1,30,0,0,0,1,12,5,-1,0,0,-1,0,-1,-1,-1,22,22,1632,-1,-1,-1,-1,-1,-1,2,0,0,0,0,0,3,0,13,7,6,41.94159044,-87.80672694
0,321021,-1,30,0,3,0,1,14,5,2,0,0,0,0,-1,-1,-1,0,0,235,-1,-1,-1,-1,-1,-1,2,0,0,0,0,0,2,0,13,7,6,41.78600013,-87.59162038
0,319361,-1,0,2,2,0,1,14,2,-1,0,0,0,0,1,-1,0,0,-1,1232,-1,-1,-1,-1,-1,-1,2,0,0,0,0,0,2,0,13,7,6,41.86954627,-87.65550099
0,325363,-1,25,0,0,0,1,12,5,2,0,0,0,0,-1,-1,-1,17,16,111,-1,-1,-1,-1,-1,-1,2,0,0,0,0,0,2,0,13,7,6,41.88347312,-87.62772975
0,325113,-1,10,0,0,0,1,0,7,1,0,0,0,0,-1,-1,-1,17,20,2512,-1,-1,-1,-1,-1,-1,2,0,0,0,0,0,2,0,13,7,6,41.92715385,-87.78572407
0,319415,-1,30,3,2,0,1,14,5,4,0,0,0,0,1,-1,-1,17,17,921,-1,-1,-1,-1,-1,-1,2,0,0,0,0,0,5,0,13,7,6,41.82042042,-87.69368991
0,319386,-1,30,2,2,0,1,10,5,2,0,0,0,1,1,-1,0,32,18,1611,-1,-1,-1,-1,-1,-1,3,0,0,0,0,0,4,0,13,7,6,42.00452012,-87.80686468
0,319365,-1,30,1,2,0,1,10,3,6,1,0,0,0,-1,-1,-1,18,-1,833,-1,-1,-1,-1,-1,-1,2,0,0,0,0,0,9,0,13,7,6,41.7675731,-87.74182501
0,319338,-1,30,2,2,0,1,0,6,1,0,0,0,0,1,-1,-1,17,-1,1211,-1,-1,-1,-1,-1,-1,2,0,0,0,0,0,2,0,13,7,6,41.89571241,-87.69438512
0,319301,-1,15,2,2,0,1,10,6,-1,0,-1,-1,0,-1,-1,-1,18,18,1633,-1,-1,-1,-1,-1,-1,2,0,0,0,0,0,3,0,13,7,6,41.94215081,-87.76404789
0,319264,-1,15,0,0,0,1,11,7,-1,0,0,0,0,-1,1,-1,0,0,2432,-1,-1,-1,-1,-1,-1,2,0,0,0,0,0,2,0,13,7,6,41.99814572,-87.67046302
0,319294,-1,30,2,2,0,1,14,6,1,0,0,0,0,1,-1,-1,0,0,623,-1,-1,-1,-1,-1,-1,2,0,0,0,0,0,2,0,13,7,6,41.74902857,-87.62462305
0,319324,-1,30,0,0,0,1,10,5,-1,0,0,0,0,-1,-1,-1,-1,-1,2213,-1,-1,-1,-1,-1,-1,2,0,0,0,0,0,3,0,13,7,6,41.7209685,-87.67372534
0,329255,-1,30,0,0,0,1,10,5,-1,0,0,0,0,-1,-1,-1,0,0,815,-1,-1,-1,-1,-1,-1,2,0,0,0,0,0,2,0,13,7,6,41.79828531,-87.74276777
2,319362,-1,45,0,0,0,1,10,6,-1,0,0,0,1,-1,-1,-1,0,-1,1925,-1,-1,-1,-1,-1,-1,3,4,0,0,2,2,1,0,13,7,6,41.94340868,-87.64047164
0,319296,-1,30,0,0,0,1,10,5,-1,0,0,0,0,-1,-1,1,-1,-1,921,-1,-1,-1,-1,-1,-1,2,0,0,0,0,0,3,0,13,7,6,41.82295429,-87.68501299
0,319253,-1,20,2,2,0,1,14,5,2,0,0,0,0,1,-1,-1,16,-1,925,-1,-1,-1,-1,-1,-1,2,0,0,0,0,0,3,0,13,7,6,41.80894945,-87.64326542
2,319252,-1,30,2,2,0,1,3,12,-1,0,0,-1,1,1,-1,-1,0,0,1213,-1,-1,-1,-1,-1,-1,2,1,0,0,1,0,1,0,13,7,6,41.89957881,-87.66853892
0,319277,-1,30,1,2,0,1,12,5,-1,0,0,0,0,1,-1,-1,0,0,111,-1,-1,-1,-1,-1,-1,2,0,0,0,0,0,5,0,13,7,6,41.88460545,-87.62633193
0,319249,-1,5,10,2,0,1,10,3,10,0,0,0,0,-1,-1,-1,20,-1,412,-1,-1,-1,-1,-1,-1,2,0,0,0,0,0,2,0,13,7,6,-1,-1
0,319245,-1,30,0,0,0,1,12,6,-1,0,0,0,0,-1,-1,-1,21,-1,2234,-1,-1,-1,-1,-1,-1,2,0,0,0,0,0,2,0,13,7,6,41.67926255,-87.66261671
0,325257,-1,30,0,0,0,1,5,0,-1,0,0,12,0,-1,-1,-1,28,0,1733,-1,-1,-1,-1,-1,-1,1,0,0,0,0,0,1,0,13,7,6,41.93995616,-87.70289011
0,323489,-1,25,1,2,0,1,12,6,3,0,0,0,0,-1,-1,-1,17,2,2232,-1,-1,-1,-1,-1,-1,2,0,0,0,0,0,3,0,13,7,6,41.71432334,-87.64306671
0,319385,-1,30,1,2,0,1,10,5,-1,0,0,-1,0,-1,-1,-1,18,18,833,-1,-1,-1,-1,-1,-1,2,0,0,0,0,0,2,0,13,7,6,41.77287488,-87.74195462
0,319366,0,20,0,0,0,1,2,0,1,0,0,0,0,-1,1,1,0,-1,832,-1,-1,-1,-1,-1,-1,2,0,0,0,0,0,2,0,13,7,6,41.77247465,-87.68074773
2,319273,-1,35,1,2,0,1,9,2,-1,0,0,0,1,1,-1,-1,17,-1,114,-1,-1,-1,-1,-1,-1,2,1,0,0,1,0,4,0,13,7,6,41.88462379,-87.62047604
0,319217,-1,30,1,2,0,1,14,3,4,0,0,0,0,1,-1,-1,23,17,2223,-1,-1,-1,-1,-1,-1,2,0,0,0,0,0,3,0,13,7,6,41.72136506,-87.64335804
2,319221,-1,30,0,0,0,1,10,5,4,2,0,0,1,-1,-1,-1,16,-1,1114,-1,-1,-1,-1,-1,-1,2,1,0,0,1,0,3,0,12,7,6,41.88675932,-87.72598817
0,319226,-1,30,1,2,0,1,10,3,3,0,0,0,1,1,-1,-1,16,18,2221,-1,-1,-1,-1,-1,-1,3,0,0,0,0,0,3,0,12,7,6,41.72104991,-87.68174912
0,319305,-1,30,0,0,0,1,14,7,1,0,0,0,0,-1,-1,-1,0,0,2511,-1,-1,-1,-1,-1,-1,2,0,0,0,0,0,2,0,12,7,6,41.93819213,-87.7870146
1,319203,-1,30,1,2,0,1,0,5,4,0,0,0,1,1,-1,1,0,-1,312,-1,-1,-1,-1,-1,-1,2,1,0,0,0,1,4,0,12,7,6,41.78000828,-87.62552251
0,319239,-1,10,0,0,0,1,7,6,-1,0,0,-1,0,-1,0,1,0,0,1125,-1,-1,-1,-1,-1,-1,2,0,0,0,0,0,1,0,12,7,6,41.88029706,-87.69404965
0,319219,-1,30,0,0,0,1,14,5,2,0,0,0,0,-1,-1,1,0,0,1722,-1,-1,-1,-1,-1,-1,2,0,0,0,0,0,2,0,12,7,6,41.96811179,-87.72986788
0,319193,-1,30,2,2,0,1,0,5,2,0,0,0,0,1,-1,-1,17,33,1921,-1,-1,-1,-1,-1,-1,2,0,0,0,0,0,2,0,12,7,6,41.94667548,-87.68447225
0,319169,-1,15,0,0,0,1,0,7,-1,0,0,0,0,-1,-1,-1,33,-1,822,-1,-1,-1,-1,-1,-1,2,0,0,0,0,0,2,0,12,7,6,41.79901235,-87.72318127
0,320575,-1,30,0,0,0,1,7,5,-1,0,0,0,0,0,-1,-1,21,0,131,-1,-1,-1,-1,-1,-1,2,0,0,0,0,0,1,0,12,7,6,41.86586771,-87.62426185
0,319215,-1,30,1,2,0,1,10,5,-1,0,0,0,0,1,-1,-1,18,-1,1711,-1,-1,-1,-1,-1,-1,2,0,0,0,0,0,3,0,12,7,6,41.99000888,-87.74826667
0,319197,-1,30,1,2,0,1,10,5,4,0,0,0,0,-1,-1,-1,18,16,123,-1,-1,-1,-1,-1,-1,2,0,0,0,0,0,2,0,12,7,6,41.87279887,-87.62433781
0,319180,-1,20,0,0,2,1,7,6,1,0,0,0,0,-1,-1,1,0,0,813,-1,-1,-1,-1,-1,-1,3,0,0,0,0,0,1,0,12,7,6,41.77983609,-87.74126187
2,319174,-1,30,0,0,0,1,11,5,2,3,0,0,1,-1,-1,-1,4,4,1022,-1,-1,-1,-1,-1,-1,2,2,0,0,2,0,0,0,12,7,6,41.86538095,-87.70208918
0,319182,-1,30,1,2,0,1,10,5,5,0,0,0,1,1,-1,-1,22,18,214,-1,-1,-1,-1,-1,-1,3,0,0,0,0,0,4,0,12,7,6,41.82266656,-87.60700153
0,319177,-1,25,2,2,0,1,2,5,-1,0,0,0,1,1,1,1,8,0,1133,-1,-1,-1,-1,-1,-1,2,0,0,0,0,0,2,0,12,7,6,41.87707626,-87.72295718
0,319199,-1,20,0,0,0,1,0,6,1,0,0,0,0,-1,-1,-1,17,-1,2525,-1,-1,-1,-1,-1,-1,2,0,0,0,0,0,2,0,12,7,6,41.92249426,-87.73083945
0,319198,-1,30,1,2,0,1,10,5,1,0,0,0,1,1,-1,-1,18,11,513,-1,-1,-1,-1,-1,-1,3,0,0,0,0,0,3,0,12,7,6,41.69276058,-87.61832438
2,319179,-1,30,1,2,0,1,14,12,-1,0,0,0,1,1,-1,1,0,0,432,-1,-1,-1,-1,-1,-1,2,1,0,0,1,0,1,0,12,7,6,41.71375769,-87.53653381
1,319161,-1,30,1,2,0,1,14,5,-1,0,0,0,1,1,-1,-1,0,0,832,-1,-1,-1,-1,-1,-1,2,1,0,0,0,1,1,0,12,7,6,41.77188403,-87.6835884
0,323770,-1,30,0,0,0,1,7,6,1,0,0,0,0,-1,-1,-1,0,-1,1814,-1,-1,-1,-1,-1,-1,2,0,0,0,0,0,3,0,12,7,6,41.91467664,-87.63608343
0,319202,-1,35,0,0,0,1,10,2,4,3,0,1,0,-1,-1,-1,18,18,1034,-1,-1,-1,-1,-1,-1,2,0,0,0,0,0,2,0,12,7,6,41.8443887,-87.6852755
0,319172,-1,25,0,0,0,1,12,5,-1,0,0,0,0,-1,-1,-1,22,17,1834,-1,-1,-1,-1,-1,-1,2,0,0,0,0,0,2,0,12,7,6,41.89111833,-87.61438469
0,319160,-1,30,2,0,0,1,0,2,2,0,0,0,0,-1,-1,1,17,-1,322,-1,-1,-1,-1,-1,-1,2,0,0,0,0,0,2,0,12,7,6,41.77281754,-87.61881669
2,319149,-1,30,0,0,0,1,14,5,2,0,0,0,1,-1,-1,1,17,-1,322,-1,-1,-1,-1,-1,-1,2,1,0,0,1,0,1,0,11,7,6,41.76599948,-87.61541352
0,319165,-1,30,1,2,0,1,12,5,4,0,0,0,1,-1,-1,-1,21,-1,2413,-1,-1,-1,-1,-1,-1,3,0,0,0,0,0,3,0,11,7,6,41.99418653,-87.68962002
1,319154,-1,30,0,0,0,1,14,2,-1,0,0,0,1,1,-1,-1,21,17,1113,-1,-1,-1,-1,-1,-1,2,1,0,0,0,1,2,0,11,7,6,41.88657475,-87.74314214
0,319148,-1,30,2,2,0,1,0,5,1,0,0,0,0,1,-1,1,0,-1,624,-1,-1,-1,-1,-1,-1,2,0,0,0,0,0,2,0,11,7,6,41.75673833,-87.61249249
0,319123,-1,30,0,0,1,1,12,2,-1,0,0,0,0,-1,-1,1,18,22,1921,-1,-1,-1,-1,-1,-1,2,0,0,0,0,0,2,0,11,7,6,41.95351429,-87.68859944
0,320403,-1,30,1,2,0,1,10,5,2,0,0,-1,0,-1,-1,-1,0,0,2211,-1,-1,-1,-1,-1,-1,2,0,0,0,0,0,2,0,11,7,6,41.71355386,-87.68191122
0,319156,-1,15,0,0,0,1,10,5,-1,0,0,0,0,1,-1,-1,18,-1,915,-1,-1,-1,-1,-1,-1,2,0,0,0,0,0,4,0,11,7,6,41.83626662,-87.63607681
0,319137,-1,30,1,2,0,1,12,2,-1,0,0,0,0,-1,-1,-1,4,-1,2013,-1,-1,-1,-1,-1,-1,2,0,0,0,0,0,2,0,11,7,6,41.98516547,-87.66281514
0,319111,-1,30,0,0,0,1,3,12,0,0,0,0,1,-1,-1,1,20,20,211,-1,-1,-1,-1,-1,-1,2,0,0,0,0,0,3,0,11,7,6,41.83121333,-87.61759441
0,319136,-1,30,0,0,0,1,14,5,4,0,0,0,0,-1,-1,-1,16,0,1732,-1,-1,-1,-1,-1,-1,2,0,0,0,0,0,2,0,11,7,6,41.95373773,-87.71355424
0,325547,-1,30,1,2,0,1,7,2,-1,0,0,0,0,-1,-1,1,0,0,923,-1,-1,-1,-1,-1,-1,2,0,0,0,0,0,1,0,11,7,6,41.79398135,-87.68414174
0,319125,-1,30,0,0,0,4,10,5,2,0,0,0,1,-1,-1,-1,18,18,1621,-1,-1,-1,-1,-1,-1,2,0,0,0,0,0,2,0,11,7,6,42.01189167,-87.78250691
0,319097,-1,30,0,0,0,1,14,3,4,0,0,-1,0,-1,-1,-1,23,-1,1213,-1,-1,-1,-1,-1,-1,2,0,0,0,0,0,2,0,11,7,6,41.90228806,-87.66731898
0,319117,-1,30,0,0,0,1,12,5,4,0,0,0,0,-1,-1,-1,0,0,2424,-1,-1,-1,-1,-1,-1,2,0,0,0,0,0,3,0,11,7,6,42.00534238,-87.67909106
0,319103,-1,30,0,0,0,1,10,5,-1,0,0,0,0,-1,-1,-1,18,18,1433,-1,-1,-1,-1,-1,-1,2,0,0,0,0,0,3,0,11,7,6,41.91068991,-87.67129855
2,319114,-1,30,2,2,0,1,3,2,4,2,0,-1,1,-1,-1,-1,17,0,1225,-1,-1,-1,-1,-1,-1,2,2,0,0,2,0,2,0,11,7,6,41.87515478,-87.67375588
-1,319092,-1,10,0,0,0,1,12,6,1,0,0,0,1,-1,-1,-1,8,16,331,-1,-1,-1,-1,-1,-1,-1,-1,-1,-1,-1,-1,-1,-1,11,7,6,41.76709535,-87.57524938
0,319873,1,10,0,0,0,1,7,7,1,0,0,-1,0,-1,-1,1,-1,-1,813,-1,-1,-1,-1,-1,-1,2,0,0,0,0,0,1,0,11,7,6,41.78933864,-87.74135256
0,319729,-1,30,0,0,0,1,5,5,-1,0,1,1,1,-1,-1,-1,28,28,714,1,-1,-1,0,-1,-1,1,0,0,0,0,0,1,0,11,7,6,41.78665418,-87.66453916
0,319112,-1,30,0,0,0,1,12,5,-1,0,0,0,0,-1,-1,-1,21,0,2431,-1,-1,-1,-1,-1,-1,2,0,0,0,0,0,2,0,11,7,6,42.00667979,-87.6614182
0,319101,-1,15,0,0,0,1,7,5,-1,0,0,0,0,-1,-1,-1,0,-1,912,-1,-1,-1,-1,-1,-1,2,0,0,0,0,0,1,0,11,7,6,41.83231584,-87.67538617
0,319099,-1,15,0,-1,0,1,7,7,2,0,0,0,0,-1,1,-1,-1,-1,924,-1,-1,-1,-1,-1,-1,2,0,0,0,0,0,1,0,11,7,6,41.80966853,-87.6751157
2,319049,-1,30,2,2,0,1,0,5,4,0,0,0,1,1,-1,-1,17,0,713,-1,-1,-1,-1,-1,-1,2,3,0,0,3,0,0,0,11,7,6,41.78497101,-87.6547853
0,319082,-1,30,0,0,0,1,14,2,4,0,0,0,0,-1,-1,-1,22,-1,834,-1,-1,-1,-1,-1,-1,2,0,0,0,0,0,2,0,10,7,6,41.73523016,-87.70630543
0,319319,-1,35,0,0,0,1,10,5,-1,0,0,0,0,-1,-1,-1,14,-1,1632,-1,-1,-1,-1,-1,-1,2,0,0,0,0,0,2,0,10,7,6,41.95832942,-87.79756792
0,319089,-1,30,2,-1,0,1,10,5,-1,0,0,0,0,1,-1,-1,18,11,2413,-1,-1,-1,-1,-1,-1,2,0,0,0,0,0,2,0,10,7,6,41.99405957,-87.70200671
1,319060,-1,30,2,2,0,1,14,5,-1,0,0,0,1,1,-1,-1,14,-1,1031,-1,-1,-1,-1,-1,-1,3,1,0,0,0,1,2,0,10,7,6,41.844029,-87.73267453
0,319070,-1,30,2,2,1,1,7,6,1,0,0,0,0,-1,-1,1,0,-1,725,-1,-1,-1,-1,-1,-1,2,0,0,0,0,0,1,0,10,7,6,41.77750805,-87.66694603
0,319083,-1,20,0,0,0,1,12,5,-1,0,0,0,0,-1,-1,-1,17,-1,2413,-1,-1,-1,-1,-1,-1,2,0,0,0,0,0,2,0,10,7,6,41.99417924,-87.69178715
0,319066,-1,30,2,2,0,1,12,5,2,0,0,0,0,-1,-1,1,0,-1,1234,-1,-1,-1,-1,-1,-1,2,0,0,0,0,0,2,0,10,7,6,41.85513313,-87.66845388
0,319062,-1,30,0,0,0,1,14,5,2,0,0,0,0,-1,-1,-1,0,0,1434,-1,-1,-1,-1,-1,-1,2,0,0,0,0,0,2,0,10,7,6,41.91743519,-87.69090967
0,319046,-1,30,0,0,0,1,7,6,1,0,0,0,0,-1,-1,-1,7,16,1212,-1,-1,-1,-1,-1,-1,2,0,0,0,0,0,2,0,10,7,6,41.90046903,-87.6748838
0,320305,1,30,0,0,-1,-1,7,5,2,0,-1,0,0,-1,-1,1,0,0,1431,-1,-1,-1,-1,-1,-1,2,0,0,0,0,0,1,0,10,7,6,41.91806351,-87.69189094
0,332316,-1,30,1,2,0,1,10,5,-1,0,0,0,0,1,-1,-1,18,16,211,-1,-1,-1,-1,-1,-1,2,0,0,0,0,0,2,0,9,7,6,41.83832694,-87.61761266
2,318983,-1,30,1,2,0,1,9,5,-1,0,0,0,1,1,-1,-1,17,17,131,-1,-1,-1,-1,-1,-1,2,1,0,0,1,0,1,0,9,7,6,41.8601681,-87.62413318
0,318997,-1,30,0,0,0,1,10,2,4,0,0,0,0,-1,-1,1,0,-1,2534,-1,-1,-1,-1,-1,-1,2,0,0,0,0,0,3,0,9,7,6,41.90969806,-87.73213165
0,323351,-1,30,1,2,0,1,10,5,4,0,0,-1,0,-1,-1,-1,0,-1,1831,-1,-1,-1,-1,-1,-1,3,0,0,0,0,0,3,0,9,7,6,41.89543861,-87.63729005
0,319972,-1,30,1,2,0,1,7,6,1,0,0,0,0,-1,-1,1,0,0,2212,-1,-1,-1,-1,-1,-1,2,0,0,0,0,0,1,0,9,7,6,41.70233848,-87.65782063
0,319003,-1,15,0,0,0,1,7,7,-1,0,0,0,0,-1,-1,0,0,0,1433,-1,-1,-1,-1,-1,-1,2,0,0,0,0,0,1,0,9,7,6,41.91087554,-87.65827824
0,318998,-1,20,2,2,0,1,10,5,2,0,0,0,0,-1,-1,-1,0,0,2413,-1,-1,-1,-1,-1,-1,2,0,0,0,0,0,2,0,9,7,6,41.99384364,-87.70171249
0,318967,-1,30,2,0,0,1,10,5,2,0,0,0,1,1,-1,-1,18,18,1234,-1,-1,-1,-1,-1,-1,2,0,0,0,0,0,3,0,9,7,6,41.85232377,-87.67319474
0,318960,-1,15,0,0,0,1,0,7,-1,0,0,0,0,-1,1,-1,20,-1,221,-1,-1,-1,-1,-1,-1,2,0,0,0,0,0,2,0,9,7,6,41.8096287,-87.60736974
-1,318958,1,30,0,0,-1,-1,7,6,-1,0,-1,0,1,-1,-1,1,20,-1,1031,-1,-1,-1,-1,-1,-1,2,-1,-1,-1,-1,-1,-1,-1,9,7,6,41.84063084,-87.72804075
0,318988,-1,30,0,0,0,1,14,5,-1,0,0,0,0,-1,-1,-1,0,0,811,-1,-1,-1,-1,-1,-1,2,0,0,0,0,0,2,0,9,7,6,41.78976074,-87.80129029
0,320545,-1,35,0,0,0,1,14,5,2,0,0,0,0,-1,-1,-1,0,0,1833,-1,-1,-1,-1,-1,-1,2,0,0,0,0,0,2,0,8,7,6,41.89679287,-87.62778758
0,319232,-1,25,0,0,0,1,10,5,2,0,0,0,0,-1,-1,-1,0,0,1931,-1,-1,-1,-1,-1,-1,2,0,0,0,0,0,2,0,8,7,6,41.93246902,-87.67200537
0,318962,-1,30,2,1,0,1,10,6,-1,0,0,0,0,1,-1,-1,0,-1,222,-1,-1,-1,-1,-1,-1,2,0,0,0,0,0,2,0,8,7,6,41.8149558,-87.60195832
0,318919,1,30,0,0,0,1,7,5,4,0,0,0,0,-1,-1,1,0,0,2433,-1,-1,-1,-1,-1,-1,2,0,0,0,0,0,1,0,8,7,6,41.99815153,-87.65553363
0,318905,-1,15,0,0,1,1,2,4,-1,0,0,0,1,-1,1,-1,18,11,1913,-1,-1,-1,-1,-1,-1,1,0,0,0,0,0,1,0,8,7,6,41.96300375,-87.6594542
0,319444,-1,35,0,0,0,1,7,12,-1,0,0,0,0,-1,-1,-1,20,-1,2031,-1,-1,-1,-1,-1,-1,2,0,0,0,0,0,1,0,8,7,6,41.96867023,-87.69516275
0,318921,-1,15,0,0,-1,-1,7,5,2,0,-1,0,0,-1,-1,1,0,-1,912,-1,-1,-1,-1,-1,-1,2,0,0,0,0,0,1,0,8,7,6,41.83591817,-87.67796174
3,318926,-1,30,2,2,0,1,10,5,2,0,0,0,1,-1,-1,-1,18,-1,233,-1,-1,-1,-1,-1,-1,2,1,0,1,0,0,2,0,7,7,6,41.79494721,-87.60754041
0,318927,-1,30,0,0,0,1,12,3,4,0,0,0,0,1,-1,-1,0,-1,622,-1,-1,-1,-1,-1,-1,2,0,0,0,0,0,3,0,7,7,6,41.73605727,-87.63379276
0,318893,-1,30,1,2,0,1,12,5,-1,0,0,0,0,-1,-1,-1,0,0,1914,-1,-1,-1,-1,-1,-1,2,0,0,0,0,0,2,0,7,7,6,41.96189483,-87.65432918
0,320606,-1,30,0,0,0,1,12,5,-1,3,0,0,0,-1,-1,-1,-1,-1,1831,-1,-1,-1,-1,-1,-1,2,0,0,0,0,0,2,0,7,7,6,41.89325671,-87.6370078
0,318928,-1,30,0,0,0,1,7,5,2,0,0,0,0,-1,-1,1,0,0,1232,-1,-1,-1,-1,-1,-1,2,0,0,0,0,0,2,0,6,7,6,41.88035142,-87.64903115