MOST_SEVERE_INJURY,RD_NO,CRASH_DATE_EST_I,POSTED_SPEED_LIMIT,TRAFFIC_CONTROL_DEVICE,DEVICE_CONDITION,WEATHER_CONDITION,LIGHTING_CONDITION,FIRST_CRASH_TYPE,TRAFFICWAY_TYPE,LANE_CNT,ALIGNMENT,ROADWAY_SURFACE_COND,ROAD_DEFECT,CRASH_TYPE,INTERSECTION_RELATED_I,NOT_RIGHT_OF_WAY_I,HIT_AND_RUN_I,PRIM_CONTRIBUTORY_CAUSE,SEC_CONTRIBUTORY_CAUSE,BEAT_OF_OCCURRENCE,PHOTOS_TAKEN_I,STATEMENTS_TAKEN_I,DOORING_I,WORK_ZONE_I,WORK_ZONE_TYPE,WORKERS_PRESENT_I,NUM_UNITS,INJURIES_TOTAL,INJURIES_FATAL,INJURIES_INCAPACITATING,INJURIES_NON_INCAPACITATING,INJURIES_REPORTED_NOT_EVIDENT,INJURIES_NO_INDICATION,INJURIES_UNKNOWN,CRASH_HOUR,CRASH_DAY_OF_WEEK,CRASH_MONTH,LATITUDE,LONGITUDE
0,318859,-1,30,3,5,0,1,11,2,4,0,0,3,0,-1,-1,-1,21,20,2433,-1,-1,-1,-1,-1,-1,2,0,0,0,0,0,2,0,6,7,6,41.99323233,-87.66051368
2,318904,-1,30,12,2,1,3,10,3,2,0,0,0,1,-1,-1,-1,18,16,1215,-1,-1,-1,-1,-1,-1,2,1,0,0,1,0,2,0,6,7,6,41.89605741,-87.66134912
0,318941,-1,25,0,0,0,1,7,6,2,0,0,0,0,-1,-1,-1,-1,-1,713,-1,-1,-1,-1,-1,-1,2,0,0,0,0,0,1,0,6,7,6,41.78553344,-87.6560146
0,318845,-1,30,0,0,0,2,7,2,2,0,0,0,0,-1,-1,-1,0,0,213,-1,-1,-1,-1,-1,-1,2,0,0,0,0,0,1,0,6,7,6,41.81665349,-87.62278126
0,318844,-1,30,0,0,0,1,7,5,2,0,0,0,1,-1,-1,-1,16,25,614,-1,-1,-1,-1,-1,-1,2,0,0,0,0,0,1,0,5,7,6,41.73936506,-87.66024316
0,321542,-1,25,2,-1,0,1,9,6,-1,0,0,0,0,1,-1,-1,17,0,223,-1,-1,-1,-1,-1,-1,2,0,0,0,0,0,2,0,5,7,6,41.8059892,-87.60764774
0,319225,1,30,0,0,-1,-1,7,12,-1,0,2,12,0,-1,-1,1,0,0,1134,-1,-1,-1,-1,-1,-1,2,0,0,0,0,0,1,0,5,7,6,41.87356554,-87.70709156
0,318831,-1,30,0,0,2,2,7,5,2,0,1,0,1,-1,1,1,0,-1,2511,-1,-1,-1,-1,-1,-1,3,0,0,0,0,0,1,0,4,7,6,41.93788258,-87.80923727
2,318823,-1,30,0,0,0,3,7,5,4,0,1,-1,1,-1,-1,-1,16,0,1622,-1,-1,-1,-1,-1,-1,2,1,0,0,1,0,0,0,4,7,6,41.98018742,-87.76854021
2,318820,-1,30,2,2,0,3,10,6,1,0,0,0,1,-1,-1,1,16,18,1232,-1,-1,-1,-1,-1,-1,2,1,0,0,1,0,4,0,4,7,6,41.87933699,-87.64659299
0,318805,-1,35,0,0,2,3,12,2,4,0,1,0,0,0,-1,1,22,0,2221,-1,-1,-1,-1,-1,-1,2,0,0,0,0,0,2,0,4,7,6,41.73155386,-87.66279416
0,318801,-1,30,0,-1,0,3,2,3,2,0,1,0,1,-1,-1,1,25,0,531,-1,-1,-1,-1,-1,-1,1,0,0,0,0,0,1,0,3,7,6,41.69265121,-87.61111992
0,318817,-1,30,0,0,0,3,7,6,1,0,0,0,1,-1,-1,-1,22,0,331,-1,-1,-1,-1,-1,-1,2,0,0,0,0,0,1,0,3,7,6,41.77271544,-87.56817624
2,318796,-1,30,0,0,2,3,7,5,-1,0,1,0,1,-1,-1,-1,15,16,2232,-1,-1,-1,-1,-1,-1,2,1,0,0,1,0,0,0,3,7,6,41.7062157,-87.63453075
2,318795,-1,30,0,0,0,3,2,1,4,0,0,0,1,-1,-1,-1,0,0,613,-1,-1,-1,-1,-1,-1,1,1,0,0,1,0,0,0,3,7,6,41.73707113,-87.64490014
0,318785,-1,30,0,0,0,3,2,5,4,0,0,-1,0,-1,-1,-1,0,0,1022,-1,-1,-1,-1,-1,-1,1,0,0,0,0,0,1,0,3,7,6,41.86632759,-87.70242686
1,323606,-1,30,1,2,0,3,10,2,2,0,0,0,1,1,-1,1,0,19,2413,-1,-1,-1,-1,-1,-1,2,1,0,0,0,1,2,0,3,7,6,41.99389129,-87.69936584
0,319355,-1,5,0,0,0,0,7,6,1,0,0,0,1,-1,-1,1,0,0,2411,-1,-1,-1,-1,-1,-1,3,0,0,0,0,0,1,0,3,7,6,42.01045928,-87.69583854
0,319110,-1,20,1,2,0,3,0,2,2,0,0,0,0,-1,-1,1,0,-1,911,-1,-1,-1,-1,-1,-1,2,0,0,0,0,0,2,0,3,7,6,41.82803514,-87.70469773
0,319080,-1,30,1,2,12,0,10,5,-1,0,0,0,0,-1,-1,1,18,-1,2234,-1,-1,-1,-1,-1,-1,2,0,0,0,0,0,3,0,3,7,6,41.68545261,-87.64230953
0,318794,-1,15,0,0,0,3,7,6,1,0,1,0,1,-1,-1,1,14,34,512,-1,-1,-1,-1,-1,-1,3,0,0,0,0,0,1,0,2,7,6,41.70471401,-87.6025811
0,318759,-1,35,0,0,2,0,2,3,-1,0,1,0,1,-1,1,-1,0,0,222,-1,-1,-1,-1,-1,-1,1,0,0,0,0,0,2,0,2,7,6,41.80919952,-87.59165279
0,318738,-1,30,0,0,0,3,12,5,4,0,1,0,0,-1,-1,-1,21,0,2222,-1,-1,-1,-1,-1,-1,2,0,0,0,0,0,3,0,2,7,6,41.73591705,-87.64683752
0,319183,-1,30,2,2,0,0,0,6,1,0,0,0,0,-1,-1,1,0,-1,1533,-1,-1,-1,-1,-1,-1,2,0,0,0,0,0,4,0,2,7,6,41.87849591,-87.74949373
0,319167,1,30,0,0,-1,3,7,6,1,0,-1,-1,0,-1,-1,1,0,0,631,0,-1,-1,-1,-1,-1,2,0,0,0,0,0,1,0,2,7,6,41.74635608,-87.62140504
0,319035,-1,25,0,0,0,3,7,5,2,0,1,-1,0,-1,-1,1,0,0,413,-1,-1,-1,-1,-1,-1,2,0,0,0,0,0,1,0,2,7,6,41.72937681,-87.59536571
0,318717,-1,35,1,2,0,3,10,2,4,0,0,0,0,-1,-1,1,0,0,813,-1,-1,-1,-1,-1,-1,2,0,0,0,0,0,2,0,1,7,6,41.77833539,-87.74243649
2,318708,-1,30,1,-1,0,3,9,5,1,0,1,1,1,1,-1,-1,6,-1,1424,-1,-1,-1,-1,-1,-1,2,1,0,0,1,0,1,0,1,7,6,41.91021215,-87.68715624
0,318703,-1,35,0,0,2,3,14,5,2,0,1,0,1,-1,-1,-1,17,16,832,-1,-1,-1,-1,-1,-1,2,0,0,0,0,0,3,0,1,7,6,41.76278384,-87.68333691
0,318702,-1,30,1,2,2,0,3,2,4,0,1,0,1,1,-1,-1,22,16,634,-1,-1,-1,-1,-1,-1,2,0,0,0,0,0,2,0,1,7,6,41.72189473,-87.62042325
2,319300,-1,35,1,0,0,1,14,3,-1,0,0,0,1,-1,-1,-1,22,-1,234,-1,-1,-1,-1,-1,-1,2,1,0,0,1,0,1,0,1,7,6,41.79966712,-87.58781452
0,312015,-1,30,0,0,2,3,7,5,-1,0,1,0,0,-1,-1,1,0,-1,2534,-1,-1,-1,-1,-1,-1,2,0,0,0,0,0,1,0,1,7,6,41.91703495,-87.7281533
0,318680,-1,35,1,2,2,3,14,12,2,0,0,0,0,-1,-1,-1,23,-1,813,-1,-1,-1,-1,-1,-1,2,0,0,0,0,0,2,0,0,7,6,41.77488737,-87.74223452
0,318675,-1,35,1,2,0,3,10,6,2,0,-1,-1,0,1,-1,-1,32,18,1235,-1,-1,-1,-1,-1,-1,3,0,0,0,0,0,5,0,0,7,6,41.85759725,-87.64492977
0,318722,-1,30,2,2,0,3,0,5,2,0,0,0,0,1,-1,-1,32,-1,1612,-1,-1,-1,-1,-1,-1,2,0,0,0,0,0,2,0,0,7,6,41.99723412,-87.81041297
1,318661,-1,30,0,0,0,3,10,5,2,0,1,3,1,-1,-1,1,2,11,1522,-1,-1,-1,-1,-1,-1,2,2,0,0,0,2,1,0,0,7,6,41.88216287,-87.76267773
0,321690,-1,25,12,2,0,3,5,3,-1,2,0,0,0,-1,-1,-1,0,0,431,-1,-1,-1,-1,-1,-1,1,0,0,0,0,0,1,0,0,7,6,-1,-1
0,319186,-1,25,0,0,0,3,7,5,-1,0,0,0,0,-1,-1,1,0,0,2221,-1,-1,-1,-1,-1,-1,2,0,0,0,0,0,1,0,0,7,6,41.73560684,-87.66857189
0,319007,1,0,0,0,-1,-1,12,5,2,0,-1,0,1,-1,-1,1,0,0,231,-1,-1,-1,-1,-1,-1,2,0,0,0,0,0,1,0,0,7,6,41.79852582,-87.61872589
0,319000,1,30,0,0,-1,-1,7,6,1,0,-1,0,0,-1,-1,1,0,16,1112,-1,-1,-1,-1,-1,-1,4,0,0,0,0,0,1,0,0,7,6,41.89691167,-87.72231333
1,318640,-1,30,0,0,0,3,7,3,4,0,0,0,1,-1,-1,-1,1,12,834,-1,-1,-1,-1,-1,-1,2,2,0,0,0,2,0,0,0,7,6,41.74947445,-87.71271859
0,321133,-1,30,0,0,0,3,7,5,2,0,0,0,0,-1,-1,-1,0,-1,1632,-1,-1,-1,-1,-1,-1,2,0,0,0,0,0,1,0,0,7,6,41.94464338,-87.78647212
2,318638,-1,30,1,2,2,3,14,3,4,0,1,0,1,1,-1,-1,23,6,2223,-1,-1,-1,-1,-1,-1,2,2,0,0,1,1,1,0,23,6,6,41.7215669,-87.6432753
0,318621,-1,30,0,0,0,3,7,5,2,0,0,0,1,-1,-1,-1,0,-1,912,-1,-1,-1,-1,-1,-1,2,0,0,0,0,0,1,0,23,6,6,41.82574337,-87.6701311
0,318606,0,30,1,2,0,3,12,2,4,0,0,0,0,-1,-1,-1,22,11,811,-1,-1,-1,-1,-1,-1,2,0,0,0,0,0,3,0,23,6,6,41.7922647,-87.79164083
0,322707,1,30,0,0,0,3,10,5,4,0,0,-1,0,-1,-1,-1,18,11,2022,-1,-1,-1,-1,-1,-1,2,0,0,0,0,0,2,0,23,6,6,41.98890263,-87.65520287
0,322408,-1,30,1,2,0,3,10,2,2,0,0,0,0,1,-1,-1,0,-1,1513,-1,-1,-1,-1,-1,-1,2,0,0,0,0,0,2,0,23,6,6,41.87611,-87.77436752
0,318643,-1,30,-1,-1,2,0,14,5,2,0,-1,-1,0,-1,-1,-1,23,17,1121,1,-1,-1,-1,-1,-1,2,0,0,0,0,0,2,0,23,6,6,41.89560002,-87.71317472
0,318620,-1,30,0,0,2,3,12,2,-1,0,1,0,0,-1,-1,1,17,0,1424,-1,-1,-1,-1,-1,-1,2,0,0,0,0,0,7,0,23,6,6,41.90913709,-87.6757528
0,318603,-1,30,-1,-1,0,3,2,12,-1,0,0,-1,0,-1,-1,-1,-1,-1,1011,-1,-1,-1,-1,-1,-1,1,0,0,0,0,0,1,0,23,6,6,41.86613038,-87.72009084
1,318875,-1,30,1,2,0,0,8,12,4,0,-1,0,1,1,-1,-1,17,16,1214,-1,-1,-1,-1,-1,-1,2,1,0,0,0,1,1,0,23,6,6,41.88683405,-87.64442362
0,318604,-1,10,0,0,2,3,7,7,-1,0,1,0,0,-1,1,-1,34,0,1122,-1,-1,-1,-1,-1,-1,2,0,0,0,0,0,1,0,23,6,6,41.88086516,-87.72337597
0,318601,-1,30,-1,-1,-1,3,14,5,-1,0,-1,-1,0,-1,-1,-1,23,-1,1934,-1,-1,-1,-1,-1,-1,2,0,0,0,0,0,2,0,23,6,6,41.93290235,-87.64528015
0,319258,-1,30,0,0,0,3,10,5,4,0,0,0,0,-1,-1,1,18,16,1834,-1,-1,-1,-1,-1,-1,2,0,0,0,0,0,2,0,23,6,6,41.8910311,-87.61251287
0,318581,-1,30,1,2,2,3,10,5,4,0,1,0,0,-1,-1,-1,34,0,2211,-1,-1,-1,-1,-1,-1,2,0,0,0,0,0,3,0,23,6,6,41.68377508,-87.73680958
0,318580,-1,30,2,2,2,3,0,6,-1,0,1,0,1,1,-1,-1,33,-1,2232,-1,-1,-1,-1,-1,-1,2,0,0,0,0,0,2,0,22,6,6,41.71254735,-87.6419154
0,318583,-1,35,2,2,2,0,12,6,-1,0,1,0,0,1,-1,-1,0,0,1831,-1,-1,-1,-1,-1,-1,2,0,0,0,0,0,2,0,22,6,6,41.89175706,-87.62957511
0,318557,-1,35,0,0,0,3,12,3,4,0,1,0,0,-1,-1,-1,21,23,1921,-1,-1,-1,-1,-1,-1,2,0,0,0,0,0,2,0,22,6,6,41.94710069,-87.68841372
0,319230,-1,30,0,0,0,1,12,6,2,0,1,0,0,-1,-1,-1,0,-1,1935,-1,-1,-1,-1,-1,-1,2,0,0,0,0,0,5,0,22,6,6,41.92665028,-87.64226228
0,318597,-1,30,0,0,0,3,14,7,2,0,0,0,0,-1,-1,1,23,23,1411,-1,-1,-1,-1,-1,-1,2,0,0,0,0,0,2,0,22,6,6,41.92866979,-87.68792224
0,318585,-1,30,1,2,0,3,12,5,1,0,0,-1,1,1,-1,-1,0,-1,1722,-1,-1,-1,-1,-1,-1,2,0,0,0,0,0,3,0,22,6,6,41.95738941,-87.72787272
2,318589,-1,30,0,0,0,3,2,5,4,0,1,0,1,-1,0,-1,32,16,1914,-1,-1,-1,-1,-1,-1,1,2,0,0,2,0,0,0,22,6,6,41.96944295,-87.64581047
2,318559,-1,30,1,2,0,3,14,3,4,0,0,0,1,1,-1,-1,23,-1,111,-1,-1,-1,-1,-1,-1,2,1,0,0,1,0,1,0,22,6,6,41.8870693,-87.63036787
0,318546,-1,30,1,2,0,0,0,5,2,0,0,0,1,1,-1,-1,6,17,711,-1,-1,-1,-1,-1,-1,2,0,0,0,0,0,3,0,22,6,6,41.78705508,-87.63780717
0,318536,-1,15,2,2,1,3,0,5,-1,0,0,0,0,-1,-1,-1,17,-1,1733,-1,-1,-1,-1,-1,-1,2,0,0,0,0,0,3,0,22,6,6,41.95018983,-87.70418471
0,318542,-1,30,1,2,0,3,10,2,-1,0,0,-1,0,-1,-1,-1,16,18,2411,0,1,-1,-1,-1,-1,2,0,0,0,0,0,2,0,22,6,6,42.01238196,-87.69067579
0,318531,0,30,2,2,0,0,14,6,1,0,0,0,0,-1,-1,-1,23,-1,1132,-1,-1,-1,-1,-1,-1,2,0,0,0,0,0,2,0,22,6,6,41.87007431,-87.73026288
0,318552,-1,30,0,0,2,3,14,5,-1,0,1,0,0,-1,-1,-1,0,0,1931,-1,-1,-1,-1,-1,-1,2,0,0,0,0,0,4,0,21,6,6,41.92907804,-87.6746341
0,318517,-1,30,0,0,2,3,3,5,2,0,1,0,1,-1,-1,-1,-1,-1,431,-1,-1,-1,-1,-1,-1,2,0,0,0,0,0,3,0,21,6,6,41.70287676,-87.54634731
0,318496,-1,30,0,0,0,3,7,5,4,0,0,0,0,-1,-1,-1,0,0,1122,-1,-1,-1,-1,-1,-1,2,0,0,0,0,0,3,0,21,6,6,41.87836074,-87.72544361
0,318495,-1,30,0,0,0,1,7,5,2,0,1,0,0,-1,-1,1,-1,-1,1624,-1,-1,-1,-1,-1,-1,2,0,0,0,0,0,1,0,21,6,6,41.95957111,-87.77347441
0,318503,-1,25,0,0,2,3,12,5,1,0,1,0,0,-1,-1,-1,0,0,1813,-1,-1,-1,-1,-1,-1,2,0,0,0,0,0,2,0,21,6,6,41.91170007,-87.64844096
0,318650,-1,30,0,0,0,0,14,5,2,0,0,0,1,-1,-1,-1,23,22,821,-1,-1,-1,-1,-1,-1,2,0,0,0,0,0,2,0,21,6,6,41.8097973,-87.72350821
0,327940,-1,30,0,0,-1,0,12,6,-1,0,-1,0,0,-1,-1,-1,11,-1,2013,-1,-1,-1,-1,-1,-1,2,0,0,0,0,0,2,0,21,6,6,41.98180284,-87.66695828
0,318473,-1,30,1,2,2,3,14,5,2,0,1,0,1,1,-1,-1,17,-1,2212,-1,1,-1,-1,-1,-1,2,0,0,0,0,0,3,0,21,6,6,41.692161,-87.66347247
0,319090,-1,35,0,0,0,0,7,5,-1,0,1,0,0,-1,-1,1,0,0,1732,-1,-1,-1,-1,-1,-1,2,0,0,0,0,0,1,0,21,6,6,41.94268214,-87.7230128
0,318474,-1,30,0,0,2,0,10,5,2,0,1,-1,0,-1,-1,-1,18,-1,1934,-1,-1,-1,-1,-1,-1,2,0,0,0,0,0,2,0,20,6,6,41.93403617,-87.64455373
0,319113,1,15,0,0,-1,-1,7,7,-1,0,-1,-1,0,-1,1,1,0,-1,214,-1,-1,-1,-1,-1,-1,2,0,0,0,0,0,1,0,20,6,6,41.82400117,-87.60312264
0,318471,-1,35,2,2,2,0,12,6,-1,0,1,-1,0,1,-1,-1,0,-1,1831,-1,-1,-1,-1,-1,-1,2,0,0,0,0,0,2,0,20,6,6,41.8892498,-87.63120782
0,318456,-1,35,1,2,0,4,10,2,2,0,0,0,0,-1,-1,1,16,-1,833,-1,-1,-1,-1,-1,-1,2,0,0,0,0,0,3,0,20,6,6,41.7715331,-87.72272719
0,318464,-1,30,0,0,0,4,10,7,-1,0,0,0,0,-1,1,-1,-1,-1,834,-1,-1,-1,-1,-1,-1,2,0,0,0,0,0,3,0,20,6,6,41.7412816,-87.71390133
0,318441,-1,30,0,0,0,3,14,2,2,0,0,0,1,-1,-1,-1,17,14,1211,-1,-1,-1,-1,-1,-1,2,0,0,0,0,0,3,0,20,6,6,41.90285388,-87.69245602
0,318406,-1,20,0,0,0,1,2,0,-1,0,0,0,0,-1,-1,-1,-1,-1,1421,-1,-1,-1,-1,-1,-1,1,0,0,0,0,0,2,0,19,6,6,41.91333518,-87.70181566
0,318398,-1,30,0,0,1,1,10,5,4,0,0,0,0,-1,-1,-1,18,16,1532,-1,-1,-1,-1,-1,-1,2,0,0,0,0,0,2,0,19,6,6,41.88574887,-87.74561598
0,319190,-1,30,0,0,2,1,7,5,4,0,-1,-1,0,-1,-1,-1,22,22,1922,-1,-1,-1,-1,-1,-1,2,0,0,0,0,0,1,0,19,6,6,41.94156586,-87.6688604
0,321596,-1,30,1,2,0,1,10,2,2,0,0,0,0,-1,-1,-1,18,0,1831,-1,-1,-1,-1,-1,-1,1,0,0,0,0,0,2,0,19,6,6,41.89123079,-87.63984599
0,318410,-1,30,0,0,0,1,10,5,-1,0,0,0,0,-1,-1,-1,0,0,1833,-1,-1,-1,-1,-1,-1,2,0,0,0,0,0,3,0,19,6,6,41.89682661,-87.61650404
0,318384,-1,25,0,0,0,1,7,5,2,0,0,0,0,-1,-1,-1,23,-1,1215,-1,-1,-1,-1,-1,-1,2,0,0,0,0,0,1,0,19,6,6,41.8944075,-87.65860886
0,319879,-1,30,0,0,0,3,12,5,2,0,0,0,0,-1,-1,-1,0,0,2534,-1,-1,-1,-1,-1,-1,2,0,0,0,0,0,2,0,19,6,6,41.90995211,-87.72953056
0,319275,-1,30,-1,-1,0,4,7,-1,-1,0,0,0,0,-1,-1,1,0,0,1513,-1,0,-1,-1,-1,-1,2,0,0,0,0,0,1,0,19,6,6,41.88034498,-87.76560135
0,321498,-1,30,0,0,0,1,0,7,-1,0,0,0,0,-1,-1,-1,-1,-1,834,-1,-1,-1,-1,-1,-1,2,0,0,0,0,0,2,0,19,6,6,41.7412816,-87.71390133
0,318391,-1,30,1,2,1,2,10,2,-1,0,1,0,0,-1,-1,-1,0,18,331,-1,-1,-1,-1,-1,-1,2,0,0,0,0,0,2,0,19,6,6,41.79112665,-87.58555945
0,318359,-1,15,0,0,0,1,7,7,-1,0,0,0,0,-1,1,-1,16,0,815,-1,-1,-1,-1,-1,-1,2,0,0,0,0,0,1,0,18,6,6,41.8079591,-87.72532966
0,318368,-1,30,0,0,2,1,12,2,2,0,1,0,1,-1,-1,-1,18,-1,1214,-1,-1,-1,-1,-1,-1,2,0,0,0,0,0,2,0,18,6,6,41.89073546,-87.64666721
3,318360,-1,30,0,12,0,1,12,2,2,0,0,0,1,-1,-1,-1,-1,0,1214,-1,-1,-1,-1,-1,-1,3,2,0,1,1,0,0,0,18,6,6,41.88916438,-87.64206041
0,318411,-1,30,0,0,0,1,12,6,2,0,0,0,0,-1,-1,1,18,0,323,-1,-1,-1,-1,-1,-1,2,0,0,0,0,0,2,0,18,6,6,41.76539361,-87.62505048
0,318394,-1,30,0,0,2,4,7,7,-1,0,1,0,0,-1,-1,1,0,0,1631,-1,-1,-1,-1,-1,-1,2,0,0,0,0,0,1,0,18,6,6,41.94471916,-87.80713141
0,323467,-1,15,0,0,0,1,12,6,3,0,0,0,0,-1,-1,-1,22,-1,1651,-1,-1,-1,-1,-1,-1,2,0,0,0,0,0,2,0,18,6,6,41.97620114,-87.90530913
0,318354,-1,30,0,0,0,1,14,2,1,0,1,0,1,1,-1,1,18,-1,621,-1,-1,-1,-1,-1,-1,3,0,0,0,0,0,4,0,18,6,6,41.75056649,-87.64296513
0,318322,-1,30,0,0,1,1,7,6,1,0,0,0,0,-1,-1,-1,-1,11,824,-1,-1,-1,-1,-1,-1,3,0,0,0,0,0,2,0,18,6,6,41.78524266,-87.68639242
0,318305,-1,30,1,2,1,1,14,2,3,0,0,0,0,1,-1,-1,17,16,633,-1,-1,-1,-1,-1,-1,2,0,0,0,0,0,3,0,18,6,6,41.72562049,-87.60471001
1,318338,-1,30,2,2,0,1,14,5,2,0,0,1,1,1,-1,-1,17,5,1533,-1,-1,-1,-1,-1,-1,2,1,0,0,0,1,3,0,18,6,6,41.8766301,-87.75356202
0,318367,-1,30,0,0,1,1,10,5,2,0,0,-1,0,-1,-1,-1,18,0,1934,-1,-1,-1,-1,-1,-1,2,0,0,0,0,0,2,0,18,6,6,41.93612194,-87.64774959
0,318362,-1,30,0,0,0,1,10,5,-1,0,1,0,0,-1,-1,1,0,0,524,-1,-1,-1,-1,-1,-1,2,0,0,0,0,0,2,0,18,6,6,41.67772083,-87.64205185
0,318346,-1,30,0,0,2,1,10,5,-1,0,1,-1,1,-1,-1,-1,18,-1,2535,-1,-1,-1,-1,-1,-1,3,0,0,0,0,0,3,0,18,6,6,41.90852308,-87.72632757
0,318375,-1,30,1,2,0,1,10,6,3,0,0,0,0,-1,-1,-1,18,-1,124,-1,-1,-1,-1,-1,-1,2,0,0,0,0,0,2,0,18,6,6,41.87456862,-87.64110777
0,318314,-1,35,0,0,2,1,12,2,-1,0,1,0,0,1,-1,-1,22,-1,811,-1,-1,-1,-1,-1,-1,3,0,0,0,0,0,4,0,18,6,6,41.79238333,-87.78541262
0,318331,-1,30,1,2,0,1,10,5,2,0,0,0,1,-1,-1,-1,18,11,131,-1,-1,-1,-1,-1,-1,2,0,0,0,0,0,2,0,18,6,6,41.85582993,-87.62730337
0,318297,-1,35,0,0,2,1,7,6,1,0,1,0,0,-1,-1,1,0,-1,623,-1,-1,-1,-1,-1,-1,2,0,0,0,0,0,1,0,18,6,6,41.7503755,-87.62963243
0,312868,-1,30,2,2,0,1,0,5,2,0,1,0,0,-1,-1,-1,17,33,1713,-1,-1,-1,-1,-1,-1,2,0,0,0,0,0,2,0,18,6,6,41.96854768,-87.70983633
0,318317,-1,30,0,2,2,1,10,5,-1,0,1,-1,0,0,-1,-1,0,15,1132,-1,-1,-1,-1,-1,-1,3,0,0,0,0,0,7,0,18,6,6,41.87440132,-87.72559201
0,318259,-1,30,2,2,0,1,0,2,-1,0,0,0,1,1,-1,-1,22,17,815,-1,-1,-1,-1,-1,-1,2,0,0,0,0,0,4,0,18,6,6,41.79495745,-87.72335657
0,318996,-1,30,2,2,2,1,0,6,1,0,1,0,0,1,-1,-1,17,-1,1022,-1,-1,-1,-1,-1,-1,2,0,0,0,0,0,2,0,18,6,6,41.85553352,-87.69571496
0,318329,-1,30,0,0,0,1,7,5,2,0,0,0,0,-1,-1,-1,22,-1,623,-1,-1,-1,-1,-1,-1,2,0,0,0,0,0,1,0,18,6,6,41.75331306,-87.61515408
0,318315,-1,30,0,0,0,1,10,5,-1,0,0,0,0,-1,-1,1,-1,-1,834,-1,-1,-1,-1,-1,-1,2,0,0,0,0,0,3,0,18,6,6,41.74219651,-87.71386409
0,318287,-1,30,0,0,0,1,12,5,-1,0,0,0,0,-1,-1,-1,21,-1,1811,-1,-1,-1,-1,-1,-1,2,0,0,0,0,0,2,0,17,6,6,41.92498479,-87.67246113
0,318273,-1,30,2,2,2,1,12,2,2,0,1,0,0,-1,-1,-1,11,-1,1434,-1,-1,-1,-1,-1,-1,2,0,0,0,0,0,2,0,17,6,6,41.91247791,-87.68611835
0,318274,-1,30,0,0,0,1,12,5,-1,0,0,0,0,-1,-1,-1,0,0,122,-1,-1,-1,-1,-1,-1,2,0,0,0,0,0,2,0,17,6,6,41.88670717,-87.63113091
0,318257,-1,30,1,2,0,1,12,5,2,0,0,0,0,-1,-1,1,0,0,1532,-1,-1,-1,-1,-1,-1,2,0,0,0,0,0,3,0,17,6,6,41.88182982,-87.75273157
0,318343,-1,30,1,2,1,1,12,3,3,0,0,0,0,1,-1,1,22,0,2234,-1,-1,-1,-1,-1,-1,2,0,0,0,0,0,2,0,17,6,6,41.68517152,-87.64230031
0,318270,-1,30,0,0,0,1,0,2,2,0,0,0,0,-1,-1,-1,17,-1,2433,-1,-1,-1,-1,-1,-1,2,0,0,0,0,0,2,0,17,6,6,41.9947006,-87.65718306
0,318228,-1,30,0,0,1,1,14,5,2,0,0,0,0,-1,-1,-1,23,11,1912,-1,-1,-1,-1,-1,-1,2,0,0,0,0,0,2,0,17,6,6,41.96181372,-87.66786895
0,318247,-1,30,-1,-1,0,1,12,5,-1,0,-1,-1,0,-1,-1,-1,17,21,1833,-1,-1,-1,-1,-1,-1,2,0,0,0,0,0,3,0,17,6,6,41.89603605,-87.62413103
1,318288,-1,30,0,0,0,1,10,5,-1,0,0,0,1,-1,-1,-1,0,0,1711,-1,-1,-1,-1,-1,-1,2,1,0,0,0,1,1,0,17,6,6,41.99057345,-87.71413985
0,318268,-1,30,0,0,0,1,7,7,2,0,0,-1,0,-1,1,-1,0,0,2011,-1,-1,-1,-1,-1,-1,2,0,0,0,0,0,1,0,17,6,6,41.99005525,-87.70657165
1,318249,-1,30,0,0,0,1,14,6,3,0,0,0,1,-1,-1,-1,22,17,124,-1,-1,-1,-1,-1,-1,2,1,0,0,0,1,2,0,17,6,6,41.87517053,-87.64237705
0,318211,-1,15,0,0,2,4,0,0,-1,0,1,-1,0,-1,-1,-1,0,-1,1611,-1,-1,-1,-1,-1,-1,2,0,0,0,0,0,2,0,17,6,6,41.99423052,-87.79982402
0,218230,-1,30,1,2,0,1,0,5,-1,0,1,0,1,-1,-1,-1,16,-1,1114,-1,-1,-1,-1,-1,-1,2,0,0,0,0,0,5,0,17,6,6,41.88560805,-87.73030853
3,318255,-1,30,0,0,0,1,2,12,0,2,1,4,1,-1,-1,-1,-1,-1,912,-1,-1,-1,-1,-1,-1,1,1,0,1,0,0,0,0,17,6,6,-1,-1
0,318199,-1,30,1,2,0,1,12,5,6,0,0,0,0,1,-1,1,21,23,2211,-1,-1,-1,-1,-1,-1,2,0,0,0,0,0,2,0,17,6,6,41.71345864,-87.68198271
0,318269,-1,30,1,2,0,1,10,5,-1,0,0,-1,0,-1,-1,-1,18,-1,1225,-1,-1,-1,-1,-1,-1,2,0,0,0,0,0,2,0,17,6,6,41.8716109,-87.68603037
0,318236,-1,30,1,2,0,1,0,2,-1,0,0,0,1,1,-1,0,25,11,522,-1,-1,-1,-1,-1,-1,3,0,0,0,0,0,6,0,17,6,6,41.69253704,-87.62324927
0,318206,-1,0,0,0,1,1,10,3,-1,0,-1,-1,0,-1,-1,1,0,-1,1233,-1,-1,-1,-1,-1,-1,2,0,0,0,0,0,2,0,17,6,6,41.86675141,-87.66666569