MOST_SEVERE_INJURY,RD_NO,CRASH_DATE_EST_I,POSTED_SPEED_LIMIT,TRAFFIC_CONTROL_DEVICE,DEVICE_CONDITION,WEATHER_CONDITION,LIGHTING_CONDITION,FIRST_CRASH_TYPE,TRAFFICWAY_TYPE,LANE_CNT,ALIGNMENT,ROADWAY_SURFACE_COND,ROAD_DEFECT,CRASH_TYPE,INTERSECTION_RELATED_I,NOT_RIGHT_OF_WAY_I,HIT_AND_RUN_I,PRIM_CONTRIBUTORY_CAUSE,SEC_CONTRIBUTORY_CAUSE,BEAT_OF_OCCURRENCE,PHOTOS_TAKEN_I,STATEMENTS_TAKEN_I,DOORING_I,WORK_ZONE_I,WORK_ZONE_TYPE,WORKERS_PRESENT_I,NUM_UNITS,INJURIES_TOTAL,INJURIES_FATAL,INJURIES_INCAPACITATING,INJURIES_NON_INCAPACITATING,INJURIES_REPORTED_NOT_EVIDENT,INJURIES_NO_INDICATION,INJURIES_UNKNOWN,CRASH_HOUR,CRASH_DAY_OF_WEEK,CRASH_MONTH,LATITUDE,LONGITUDE
0,318292,-1,30,0,0,1,1,14,5,-1,0,0,-1,0,-1,0,1,25,0,2221,-1,-1,-1,-1,-1,-1,2,0,0,0,0,0,2,0,17,6,6,41.73563302,-87.66807009
0,326414,-1,30,0,0,0,1,5,5,2,0,0,-1,0,-1,-1,-1,0,0,331,-1,-1,-1,-1,-1,-1,1,0,0,0,0,0,1,0,17,6,6,41.77234076,-87.56675889
0,318158,-1,30,0,0,-1,1,7,12,1,0,-1,0,0,-1,-1,1,21,0,1421,-1,-1,-1,-1,-1,-1,2,0,0,0,0,0,1,0,17,6,6,41.91079019,-87.70203213
0,318160,-1,30,1,2,1,1,10,5,2,0,1,0,1,0,-1,-1,16,0,334,-1,-1,-1,-1,-1,-1,2,0,0,0,0,0,5,0,17,6,6,41.76139245,-87.55815564
0,318262,-1,30,0,0,2,4,10,2,-1,0,1,0,0,-1,-1,-1,17,35,1621,-1,-1,-1,-1,-1,-1,2,0,0,0,0,0,2,0,17,6,6,41.97543839,-87.74814517
0,318155,-1,30,0,2,0,1,14,2,4,0,0,0,1,1,-1,-1,33,0,812,-1,-1,-1,-1,-1,-1,2,0,0,0,0,0,2,0,17,6,6,41.78162671,-87.76201557
0,318345,-1,30,0,0,0,1,7,7,-1,0,0,0,0,-1,-1,1,0,-1,123,-1,-1,-1,-1,-1,-1,2,0,0,0,0,0,1,0,17,6,6,41.87208635,-87.63371847
0,318218,-1,30,0,0,0,1,12,5,2,0,0,0,0,-1,-1,-1,21,-1,131,-1,-1,-1,-1,-1,-1,2,0,0,0,0,0,2,0,17,6,6,41.86013734,-87.63041083
0,318184,-1,30,1,2,0,1,12,5,2,0,0,0,0,-1,-1,-1,22,-1,121,-1,-1,-1,-1,-1,-1,2,0,0,0,0,0,2,0,17,6,6,41.88060128,-87.64100738
2,318140,-1,30,2,2,1,1,0,3,-1,0,0,0,1,1,-1,-1,17,11,1512,-1,-1,-1,-1,-1,-1,2,2,0,0,2,0,3,0,17,6,6,41.88731129,-87.76651676
0,318195,-1,30,1,2,0,1,10,5,-1,0,0,0,0,-1,-1,-1,18,0,824,-1,-1,-1,-1,-1,-1,2,0,0,0,0,0,2,0,16,6,6,41.79337055,-87.68417538
2,318145,-1,30,0,0,1,1,8,5,-1,0,1,0,1,-1,-1,-1,17,0,1423,-1,-1,1,-1,-1,-1,2,1,0,0,1,0,0,0,16,6,6,41.90430864,-87.69706082
0,318349,-1,30,1,2,1,1,14,5,4,0,0,0,1,1,-1,-1,17,16,835,-1,-1,-1,-1,-1,-1,2,0,0,0,0,0,2,0,16,6,6,41.74994719,-87.70361295
0,318244,-1,30,1,2,0,1,12,6,3,3,0,0,0,1,-1,-1,-1,-1,1831,-1,-1,-1,-1,-1,-1,2,0,0,0,0,0,4,0,16,6,6,41.89325533,-87.63715992
0,318225,-1,30,0,0,1,1,7,3,-1,0,0,0,0,-1,-1,-1,0,0,931,-1,-1,-1,-1,-1,-1,2,0,0,0,0,0,1,0,16,6,6,41.80777608,-87.66509856
0,318197,-1,30,0,0,0,1,14,5,-1,0,0,0,0,-1,-1,-1,11,11,2233,-1,-1,-1,-1,-1,-1,2,0,0,0,0,0,2,0,16,6,6,41.69408318,-87.64257987
0,319313,-1,20,0,0,0,1,14,5,2,0,0,0,0,-1,-1,-1,17,-1,611,-1,-1,-1,-1,-1,-1,2,0,0,0,0,0,2,0,16,6,6,41.75712056,-87.66710949
0,318265,-1,30,0,0,1,1,7,5,-1,0,1,0,0,-1,-1,-1,15,-1,2533,-1,-1,-1,-1,-1,-1,2,0,0,0,0,0,1,0,16,6,6,41.90240211,-87.75172456
0,318151,-1,30,0,0,0,1,14,6,4,0,0,0,0,-1,-1,-1,22,22,611,-1,-1,-1,-1,-1,-1,2,0,0,0,0,0,2,0,16,6,6,41.75717544,-87.66731286
0,318245,-1,30,1,2,2,1,10,5,-1,0,1,-1,0,-1,-1,-1,18,-1,1633,-1,-1,-1,-1,-1,-1,2,0,0,0,0,0,2,0,16,6,6,41.94591949,-87.76690459
0,322559,-1,30,0,0,0,1,12,5,1,0,0,0,0,-1,-1,-1,22,-1,1621,-1,-1,-1,-1,-1,-1,2,0,0,0,0,0,2,0,16,6,6,41.99616655,-87.76404924
2,319247,-1,30,0,0,0,1,10,5,-1,0,0,0,1,-1,-1,-1,18,-1,622,-1,-1,-1,-1,-1,-1,2,1,0,0,1,0,1,0,16,6,6,41.7400714,-87.62565404
0,319192,-1,30,0,0,1,1,7,2,2,0,0,0,0,-1,-1,-1,0,-1,234,-1,-1,-1,-1,-1,-1,2,0,0,0,0,0,1,0,16,6,6,41.79908521,-87.59648656
0,319043,-1,30,1,2,2,1,10,5,-1,0,1,0,0,-1,-1,-1,18,0,631,-1,-1,-1,-1,-1,-1,2,0,0,0,0,0,2,0,16,6,6,41.74384437,-87.61940141
0,318261,-1,30,0,0,0,1,10,5,-1,0,0,0,1,-1,-1,-1,17,11,1411,-1,-1,-1,-1,-1,-1,2,0,0,0,0,0,2,0,16,6,6,41.93220292,-87.69814175
0,318207,-1,30,1,2,0,1,0,5,-1,0,1,0,0,1,-1,-1,-1,-1,324,-1,-1,-1,-1,-1,-1,3,0,0,0,0,0,3,0,16,6,6,41.76302237,-87.58639016
0,318132,-1,30,0,0,1,1,7,6,2,0,0,0,0,-1,-1,-1,22,0,121,-1,0,-1,-1,-1,-1,2,0,0,0,0,0,1,0,16,6,6,41.88374649,-87.64110498
0,318128,-1,30,0,0,1,1,12,5,4,0,1,0,0,-1,-1,-1,22,0,925,-1,-1,-1,-1,-1,-1,2,0,0,0,0,0,2,0,16,6,6,41.80920224,-87.63286103
0,318123,-1,30,0,0,2,1,0,5,2,0,1,0,0,-1,-1,-1,0,-1,1623,-1,-1,-1,-1,-1,-1,2,0,0,0,0,0,2,0,16,6,6,41.96061423,-87.75999968
0,318099,-1,30,0,0,2,1,0,7,2,0,1,-1,0,-1,1,-1,0,0,2033,-1,-1,-1,-1,-1,-1,2,0,0,0,0,0,2,0,16,6,6,41.97221356,-87.6596091
0,318102,-1,30,0,0,0,1,10,7,-1,0,0,0,0,-1,-1,1,25,-1,222,-1,-1,-1,-1,-1,-1,2,0,0,0,0,0,3,0,16,6,6,41.81679484,-87.59890611
0,319417,-1,30,0,0,0,1,12,1,4,0,0,0,0,-1,-1,-1,17,-1,632,-1,-1,-1,-1,-1,-1,2,0,0,0,0,0,2,0,16,6,6,41.74354523,-87.62435055
0,318129,-1,30,0,0,2,1,12,2,4,0,1,0,1,-1,-1,-1,21,-1,2535,-1,-1,-1,-1,-1,-1,2,0,0,0,0,0,2,0,16,6,6,41.91001277,-87.7249773
0,321965,-1,35,2,2,0,4,12,5,4,0,0,0,0,-1,-1,-1,22,21,632,-1,-1,-1,-1,-1,-1,2,0,0,0,0,0,3,0,16,6,6,41.74356628,-87.62418273
0,318136,-1,20,0,0,1,1,7,7,0,0,1,0,0,-1,-1,1,0,-1,2234,-1,-1,-1,-1,-1,-1,2,0,0,0,0,0,1,0,16,6,6,41.68235992,-87.6627521
2,318135,-1,30,0,0,0,1,9,2,4,0,0,0,1,-1,-1,-1,21,4,832,-1,-1,-1,-1,-1,-1,2,1,0,0,1,0,1,0,16,6,6,41.76711646,-87.68316294
0,321714,-1,30,0,0,0,1,12,5,-1,0,0,0,0,-1,-1,-1,0,0,1133,-1,-1,-1,-1,-1,-1,2,0,0,0,0,0,2,0,16,6,6,41.87462802,-87.71253271
0,318091,-1,30,0,0,1,1,10,5,2,0,1,0,0,-1,-1,1,18,15,1512,-1,-1,-1,-1,-1,-1,2,0,0,0,0,0,2,0,16,6,6,41.88995025,-87.77061851
0,318070,-1,40,0,2,0,1,10,2,-1,0,0,0,0,-1,-1,1,18,-1,114,-1,-1,-1,-1,-1,-1,2,0,0,0,0,0,2,0,16,6,6,41.88085693,-87.61710338
0,318126,-1,30,0,0,0,1,12,5,2,0,0,0,0,-1,-1,-1,22,-1,622,-1,-1,-1,-1,-1,-1,2,0,0,0,0,0,3,0,15,6,6,41.74340141,-87.63376859
0,318212,-1,30,2,2,0,1,0,2,-1,0,0,0,0,-1,-1,-1,0,0,2511,-1,-1,-1,-1,-1,-1,2,0,0,0,0,0,3,0,15,6,6,41.93810592,-87.7922496
1,324039,-1,30,0,0,0,1,10,6,1,0,0,-1,1,-1,-1,-1,18,18,1524,-1,-1,-1,-1,-1,-1,2,2,0,0,0,2,1,0,15,6,6,41.89499931,-87.75820035
0,318278,-1,30,0,0,0,1,7,5,1,0,0,0,0,-1,-1,-1,7,21,532,-1,-1,-1,-1,-1,-1,2,0,0,0,0,0,1,0,15,6,6,41.6838616,-87.61615996
2,318084,-1,30,0,0,0,1,9,2,5,0,1,0,1,-1,-1,1,20,-1,2013,-1,-1,-1,-1,-1,-1,2,1,0,0,1,0,1,0,15,6,6,41.98581198,-87.66028183
0,318104,-1,25,2,2,2,1,0,5,-1,0,1,0,0,-1,-1,1,17,5,324,-1,-1,-1,-1,-1,-1,2,0,0,0,0,0,2,0,15,6,6,41.76414704,-87.5910896
0,327878,-1,30,-1,-1,0,1,10,5,-1,0,0,-1,0,-1,-1,-1,0,-1,1651,-1,-1,-1,-1,-1,-1,2,0,0,0,0,0,2,0,15,6,6,41.97620114,-87.90530913
0,318405,-1,30,-1,-1,0,1,12,5,-1,0,0,-1,0,-1,-1,1,0,-1,2533,-1,-1,-1,-1,-1,-1,2,0,0,0,0,0,2,0,15,6,6,41.9140602,-87.74602773
0,318201,1,30,0,0,1,1,7,2,2,0,1,0,0,-1,-1,1,0,0,213,-1,-1,-1,-1,-1,-1,2,0,0,0,0,0,1,0,15,6,6,41.8219105,-87.6276046
0,318114,-1,30,1,2,1,1,12,5,-1,0,0,0,0,-1,-1,1,0,-1,1822,-1,-1,-1,-1,-1,-1,2,0,0,0,0,0,2,0,15,6,6,41.90997203,-87.64799533
0,318074,-1,30,1,2,0,1,14,5,-1,0,0,0,0,-1,-1,-1,0,0,1513,-1,-1,-1,-1,-1,-1,2,0,0,0,0,0,2,0,15,6,6,41.86988006,-87.77413775
0,318073,-1,30,0,0,0,1,14,5,-1,0,1,0,0,1,-1,1,0,0,1712,-1,-1,-1,-1,-1,-1,2,0,0,0,0,0,2,0,15,6,6,41.96850951,-87.71351055
0,318065,1,15,0,0,0,1,7,7,2,0,0,0,0,-1,1,-1,0,-1,2234,-1,-1,-1,-1,-1,-1,2,0,0,0,0,0,1,0,15,6,6,41.67758559,-87.6648084
0,318040,-1,30,1,2,0,1,10,5,2,0,0,0,0,-1,-1,-1,0,0,1115,-1,-1,-1,-1,-1,-1,2,0,0,0,0,0,2,0,15,6,6,41.87719545,-87.72567131
0,318069,-1,30,0,0,0,1,7,12,-1,0,1,0,0,-1,-1,1,11,-1,2232,-1,-1,-1,-1,-1,-1,2,0,0,0,0,0,1,0,15,6,6,41.70680448,-87.6502712
0,319051,-1,30,1,2,0,1,10,5,-1,0,0,0,0,-1,-1,-1,0,0,1123,-1,-1,-1,-1,-1,-1,2,0,0,0,0,0,4,0,15,6,6,41.88099283,-87.71373108
0,318377,-1,30,0,0,1,1,7,12,-1,0,-1,-1,0,-1,-1,-1,0,0,1433,-1,-1,-1,-1,-1,-1,2,0,0,0,0,0,1,0,15,6,6,41.91550651,-87.66587662
0,318081,-1,30,1,2,0,1,12,6,2,0,0,0,0,1,-1,-1,0,0,1834,-1,-1,-1,-1,-1,-1,2,0,0,0,0,0,3,0,15,6,6,41.89356067,-87.61760018
1,317996,-1,30,2,2,1,1,14,3,2,0,0,0,1,1,-1,-1,11,-1,411,-1,-1,-1,-1,-1,-1,2,1,0,0,0,1,1,0,15,6,6,41.74592826,-87.58599491
2,318010,-1,30,2,2,1,1,14,2,2,0,0,0,1,1,-1,-1,23,-1,1823,-1,-1,-1,-1,-1,-1,3,2,0,0,1,1,1,0,15,6,6,41.89995795,-87.63715339
0,318087,-1,30,0,12,2,1,10,5,2,0,1,0,0,-1,-1,-1,11,18,1412,-1,-1,-1,-1,-1,-1,2,0,0,0,0,0,2,0,15,6,6,41.9367448,-87.70770305
1,318035,-1,30,2,2,2,1,0,2,2,0,1,0,1,1,-1,-1,17,-1,2012,-1,-1,-1,-1,-1,-1,2,1,0,0,0,1,1,0,15,6,6,41.97806628,-87.66849575
0,318053,-1,30,0,0,0,1,7,7,-1,0,0,0,0,-1,-1,1,0,-1,1811,-1,-1,-1,-1,-1,-1,2,0,0,0,0,0,2,0,15,6,6,41.91434968,-87.65452411
1,317983,-1,35,1,2,0,1,14,1,3,0,0,0,1,1,-1,1,6,0,834,-1,0,-1,-1,-1,-1,3,1,0,0,0,1,4,0,15,6,6,41.74924634,-87.74122014
0,324139,-1,30,1,2,0,1,12,5,2,0,0,0,0,-1,-1,-1,0,0,725,-1,-1,-1,-1,-1,-1,2,0,0,0,0,0,2,0,15,6,6,41.77937222,-87.66436535
2,317990,-1,25,2,2,0,1,8,6,1,0,1,0,1,1,-1,-1,17,0,2515,-1,-1,-1,-1,-1,-1,2,1,0,0,1,0,2,0,15,6,6,41.92395431,-87.773436
0,317984,-1,30,0,0,0,1,10,5,-1,0,0,0,0,-1,-1,-1,22,0,1935,-1,-1,-1,-1,-1,-1,2,0,0,0,0,0,2,0,15,6,6,41.93271363,-87.64375329
0,318072,-1,30,0,0,0,1,7,12,1,0,0,0,0,-1,-1,-1,12,-1,1034,-1,-1,-1,-1,-1,-1,2,0,0,0,0,0,1,0,14,6,6,41.84910232,-87.69226047
0,318014,-1,30,1,2,-1,1,14,5,-1,0,-1,-1,0,1,-1,-1,17,-1,1631,-1,-1,-1,-1,-1,-1,2,0,0,0,0,0,2,0,14,6,6,41.94529441,-87.81681847
0,317969,-1,30,0,0,0,1,12,5,-1,0,0,-1,0,-1,-1,-1,0,-1,1622,-1,-1,-1,-1,-1,-1,2,0,0,0,0,0,2,0,14,6,6,41.96823622,-87.77809799
0,317951,-1,30,0,0,0,1,10,7,2,0,-1,-1,0,-1,1,-1,0,0,2011,-1,-1,-1,-1,-1,-1,2,0,0,0,0,0,2,0,14,6,6,41.9768951,-87.69227967
0,319469,-1,30,1,2,0,1,0,6,2,0,0,0,0,1,-1,-1,21,-1,1834,-1,-1,-1,-1,-1,-1,2,0,0,0,0,0,2,0,14,6,6,41.89075735,-87.62796906
0,317962,-1,30,1,2,1,4,10,2,2,0,0,0,0,-1,-1,-1,18,-1,713,-1,-1,-1,-1,-1,-1,2,0,0,0,0,0,3,0,14,6,6,41.79360089,-87.66348673
3,318089,-1,30,0,0,1,1,9,3,4,0,1,0,1,-1,-1,-1,0,0,933,-1,-1,-1,-1,-1,-1,2,1,0,1,0,0,1,0,14,6,6,41.80573393,-87.66474567
0,318002,-1,30,1,2,1,1,2,12,-1,0,0,0,1,-1,-1,-1,-1,-1,722,-1,-1,-1,-1,-1,-1,1,0,0,0,0,0,1,0,14,6,6,41.77660906,-87.62992271
0,318141,-1,30,1,2,-1,1,12,5,-1,0,1,-1,0,-1,-1,-1,0,0,623,-1,-1,-1,-1,-1,-1,2,0,0,0,0,0,2,0,14,6,6,41.75784542,-87.62651095
0,317949,-1,30,1,1,0,1,12,6,-1,0,1,0,0,1,-1,-1,21,-1,113,-1,-1,-1,-1,-1,-1,2,0,0,0,0,0,2,0,14,6,6,41.87567723,-87.63056535
0,317927,-1,25,2,0,0,1,0,5,2,0,0,0,1,-1,-1,-1,17,-1,1214,-1,-1,-1,-1,-1,-1,2,0,0,0,0,0,2,0,14,6,6,41.88761648,-87.65438321
0,318186,-1,30,0,0,1,1,7,7,-1,0,-1,-1,0,-1,1,-1,23,0,1934,-1,-1,-1,-1,-1,-1,2,0,0,0,0,0,3,0,14,6,6,41.93733844,-87.64445647
0,317936,-1,30,1,2,1,-1,2,5,4,0,1,0,1,-1,-1,-1,0,-1,1133,-1,-1,-1,-1,-1,-1,1,0,0,0,0,0,4,0,14,6,6,41.87358175,-87.71092787
0,317961,-1,30,0,0,0,1,10,2,2,0,1,0,0,-1,-1,-1,18,-1,2211,-1,-1,-1,-1,-1,-1,2,0,0,0,0,0,2,0,14,6,6,41.69034724,-87.7006318
0,317997,-1,30,0,0,0,1,0,5,2,0,1,0,0,-1,-1,-1,23,0,334,-1,-1,-1,-1,-1,-1,2,0,0,0,0,0,2,0,14,6,6,41.75986525,-87.56653869
2,317933,-1,25,1,2,2,1,0,5,2,0,1,-1,1,1,-1,-1,0,-1,2411,-1,-1,-1,-1,-1,-1,2,1,0,0,1,0,1,0,14,6,6,42.0119723,-87.7089477
0,317957,-1,30,1,2,1,1,0,5,-1,0,1,-1,0,-1,-1,-1,17,17,611,-1,-1,-1,-1,-1,-1,3,0,0,0,0,0,3,0,14,6,6,41.75015469,-87.67206659
0,318188,-1,20,2,2,2,1,3,5,2,0,1,0,0,-1,-1,-1,20,25,622,-1,-1,-1,-1,-1,-1,2,0,0,0,0,0,2,0,14,6,6,41.74003059,-87.62970441
0,318062,-1,30,1,2,0,1,14,5,-1,0,1,0,0,1,-1,-1,0,0,1225,-1,-1,-1,-1,-1,-1,2,0,0,0,0,0,2,0,14,6,6,41.87513098,-87.67651098
0,318047,-1,10,0,0,0,1,0,7,1,0,0,0,0,-1,1,-1,17,20,1632,-1,-1,-1,-1,-1,-1,2,0,0,0,0,0,3,0,14,6,6,41.95302475,-87.78668324
0,317895,-1,30,1,2,2,1,10,2,-1,0,1,-1,0,-1,-1,-1,0,-1,1621,-1,-1,-1,-1,-1,-1,2,0,0,0,0,0,3,0,14,6,6,41.99627583,-87.76478778
0,318015,-1,30,1,2,0,1,12,5,-1,0,0,0,0,-1,-1,-1,0,0,331,-1,-1,-1,-1,-1,-1,2,0,0,0,0,0,2,0,13,6,6,41.78957208,-87.58547593
0,318005,-1,30,0,0,1,1,12,2,-1,0,-1,-1,1,-1,-1,1,-1,-1,923,-1,-1,-1,-1,-1,-1,2,0,0,0,0,0,2,0,13,6,6,41.80464125,-87.68451691
0,317916,-1,30,1,2,0,1,14,5,6,0,0,0,0,1,-1,-1,6,0,1925,-1,-1,-1,-1,-1,-1,2,0,0,0,0,0,2,0,13,6,6,41.94090916,-87.63936916
0,317901,-1,30,4,2,2,1,14,3,2,0,1,0,0,1,-1,-1,32,17,333,-1,-1,-1,-1,-1,-1,2,0,0,0,0,0,2,0,13,6,6,41.76602984,-87.56979748
0,317931,-1,30,0,0,1,1,12,6,1,0,-1,-1,0,-1,-1,-1,17,17,1934,-1,-1,-1,-1,-1,-1,2,0,0,0,0,0,2,0,13,6,6,41.93662689,-87.64416538
0,317938,-1,30,2,2,0,1,14,6,-1,0,0,0,0,-1,-1,-1,0,0,1225,-1,-1,-1,-1,-1,-1,2,0,0,0,0,0,2,0,13,6,6,41.87496969,-87.6766323
0,317866,-1,35,1,2,0,1,12,2,-1,0,0,0,0,0,-1,-1,-1,-1,1523,-1,-1,-1,-1,-1,-1,2,0,0,0,0,0,2,0,13,6,6,41.88708768,-87.76495725
1,317923,-1,20,0,0,2,1,0,6,1,0,1,0,1,-1,-1,-1,17,-1,731,-1,-1,-1,-1,-1,-1,2,2,0,0,0,2,1,0,13,6,6,41.76354544,-87.62826668
0,324534,-1,30,3,2,2,1,0,2,4,0,1,0,0,1,-1,1,10,-1,2223,-1,-1,-1,-1,-1,-1,2,0,0,0,0,0,2,0,13,6,6,41.72194754,-87.64337198
0,318923,-1,30,0,0,2,1,10,5,2,0,1,0,0,-1,-1,-1,34,34,1214,-1,-1,-1,-1,-1,-1,2,0,0,0,0,0,2,0,13,6,6,41.88836566,-87.64416954
0,318210,-1,30,2,2,0,1,12,6,1,0,0,0,0,-1,-1,1,22,0,421,-1,-1,-1,-1,-1,-1,2,0,0,0,0,0,2,0,13,6,6,41.75899276,-87.56037781
0,318097,-1,30,0,0,0,1,7,5,2,0,0,0,0,-1,-1,1,18,0,334,-1,-1,-1,-1,-1,-1,2,0,0,0,0,0,6,0,13,6,6,41.7591855,-87.56026689
0,317960,-1,20,0,0,0,1,7,2,4,0,0,-1,0,-1,-1,-1,-1,-1,2423,-1,-1,-1,-1,-1,-1,2,0,0,0,0,0,1,0,13,6,6,42.01036715,-87.66232207
0,317954,-1,15,0,0,2,1,0,0,-1,0,0,0,0,-1,-1,-1,20,0,1433,-1,-1,-1,-1,-1,-1,2,0,0,0,0,0,3,0,13,6,6,41.91072365,-87.6688529
0,317892,-1,15,0,0,0,1,2,7,-1,0,1,0,0,-1,0,-1,11,0,823,-1,-1,-1,-1,-1,-1,1,0,0,0,0,0,1,0,13,6,6,41.77918426,-87.69623085
0,317869,-1,30,0,0,0,1,12,5,-1,0,1,-1,0,-1,-1,-1,23,23,815,-1,-1,-1,-1,-1,-1,2,0,0,0,0,0,3,0,13,6,6,41.79675457,-87.72340922
0,317976,-1,30,1,2,1,1,0,5,2,0,0,0,1,1,-1,-1,6,16,424,-1,-1,-1,-1,-1,-1,2,0,0,0,0,0,2,0,13,6,6,41.72837225,-87.55014398
0,323644,-1,30,0,0,2,1,0,2,2,0,1,0,0,-1,-1,-1,17,-1,2411,-1,-1,-1,-1,-1,-1,2,0,0,0,0,0,2,0,13,6,6,42.01692646,-87.69026688
2,317868,-1,30,1,2,2,1,10,3,4,0,1,0,1,1,-1,-1,16,34,1711,-1,-1,-1,-1,-1,-1,2,1,0,0,1,0,1,0,13,6,6,41.99281566,-87.7115574
0,317875,-1,30,1,2,1,1,12,5,4,0,1,0,0,1,-1,-1,12,17,922,-1,-1,-1,-1,-1,-1,2,0,0,0,0,0,3,0,13,6,6,41.81201703,-87.68467692
2,317863,-1,30,1,2,2,4,4,6,3,2,1,0,1,-1,-1,-1,13,0,1831,-1,-1,-1,-1,-1,-1,1,1,0,0,1,0,0,0,13,6,6,41.88989946,-87.6371273
1,317840,-1,30,2,2,0,1,0,5,-1,0,1,0,1,1,-1,-1,25,-1,511,-1,-1,-1,-1,-1,-1,2,1,0,0,0,1,3,0,13,6,6,41.7090441,-87.61395799
0,317839,-1,25,1,2,2,1,14,2,4,0,1,0,0,1,-1,-1,0,0,232,-1,-1,-1,-1,-1,-1,2,0,0,0,0,0,2,0,13,6,6,41.7872541,-87.62542886
3,319782,-1,35,0,0,2,3,10,5,-1,0,1,0,1,-1,-1,-1,-1,-1,1723,-1,-1,-1,-1,-1,-1,2,1,0,1,0,0,1,0,13,6,6,41.96377836,-87.72775927
0,319195,-1,30,1,2,0,1,14,2,2,0,0,0,0,-1,-1,1,0,33,1833,-1,-1,-1,-1,-1,-1,2,0,0,0,0,0,2,0,13,6,6,41.89589816,-87.62077291
0,317834,-1,30,2,2,2,1,0,5,-1,0,1,0,1,-1,-1,-1,17,-1,1622,-1,-1,-1,-1,-1,-1,2,0,0,0,0,0,3,0,13,6,6,41.98279517,-87.7841141
1,317829,-1,30,1,3,2,1,14,5,-1,0,1,0,1,1,-1,-1,0,0,1131,-1,-1,-1,-1,-1,-1,2,1,0,0,0,1,5,0,13,6,6,41.87038633,-87.73522858
0,318688,-1,30,0,0,2,1,7,5,2,0,1,0,0,-1,-1,1,0,-1,133,-1,-1,-1,-1,-1,-1,2,0,0,0,0,0,1,0,13,6,6,41.84354053,-87.62705889
0,317826,-1,30,0,0,1,1,0,2,4,2,1,0,0,1,-1,-1,17,33,833,-1,-1,-1,-1,-1,-1,2,0,0,0,0,0,3,0,13,6,6,41.76950722,-87.72267327
0,317794,-1,30,0,0,1,1,7,7,-1,0,1,0,0,-1,-1,-1,20,20,1431,-1,-1,-1,-1,-1,-1,2,0,0,0,0,0,1,0,13,6,6,41.92494165,-87.69512119
0,317851,-1,30,2,2,2,1,14,1,4,0,1,0,0,1,-1,-1,0,-1,2423,-1,-1,-1,-1,-1,-1,3,0,0,0,0,0,4,0,13,6,6,42.00921827,-87.66225148
0,318032,-1,30,0,0,0,1,5,5,2,0,0,0,1,-1,-1,-1,0,0,1912,-1,-1,-1,-1,-1,-1,1,0,0,0,0,0,1,0,13,6,6,41.96527034,-87.67469968
0,317912,-1,30,1,2,1,1,0,2,5,0,1,0,0,-1,-1,1,17,-1,2533,-1,-1,-1,-1,-1,-1,2,0,0,0,0,0,2,0,13,6,6,41.90974664,-87.74522168
0,317889,-1,30,0,0,2,1,7,7,1,0,1,0,0,-1,-1,1,0,0,1612,-1,-1,-1,-1,-1,-1,2,0,0,0,0,0,1,0,13,6,6,41.98857518,-87.81297791
0,317816,-1,30,0,0,0,1,7,7,-1,0,1,0,0,0,1,-1,11,0,924,-1,-1,-1,-1,-1,-1,2,0,0,0,0,0,3,0,13,6,6,41.80861545,-87.67672178
0,320513,-1,30,0,0,0,1,10,3,6,0,0,0,0,-1,-1,-1,0,-1,132,-1,-1,-1,-1,-1,-1,2,0,0,0,0,0,5,0,12,6,6,41.86749281,-87.61851109
0,332346,-1,30,0,0,-1,1,7,5,-1,0,-1,-1,0,-1,-1,-1,11,0,1223,-1,-1,-1,-1,-1,-1,2,0,0,0,0,0,1,0,12,6,6,41.88597597,-87.6766467
1,317815,-1,30,1,2,1,1,9,5,4,0,1,0,1,-1,-1,-1,16,33,2411,-1,-1,-1,-1,-1,-1,2,1,0,0,0,1,2,0,12,6,6,42.01199858,-87.70770275
2,317778,-1,30,1,2,2,1,9,5,-1,0,1,0,1,1,-1,-1,17,-1,1911,-1,-1,-1,-1,-1,-1,2,1,0,0,1,0,2,0,12,6,6,41.95463399,-87.6789204
0,317772,-1,30,0,0,2,1,14,5,2,0,1,0,0,-1,-1,-1,17,0,1723,-1,-1,-1,-1,-1,-1,2,0,0,0,0,0,2,0,12,6,6,41.96083788,-87.72776444
0,317830,-1,30,2,2,2,1,10,5,2,0,1,0,0,1,-1,-1,18,34,2213,-1,-1,-1,-1,-1,-1,2,0,0,0,0,0,4,0,12,6,6,41.71383756,-87.67706471
0,317768,-1,30,0,0,0,1,14,5,4,0,1,0,1,-1,-1,-1,17,0,822,-1,-1,-1,-1,-1,-1,2,0,0,0,0,0,2,0,12,6,6,41.7857572,-87.72280889
0,317905,-1,30,12,12,2,1,12,6,3,0,1,0,0,-1,-1,-1,11,0,122,1,-1,-1,-1,-1,-1,2,0,0,0,0,0,3,0,12,6,6,41.87801449,-87.63318903
0,318075,-1,30,2,2,2,1,14,2,2,0,1,-1,0,1,-1,1,22,0,611,-1,-1,-1,-1,-1,-1,2,0,0,0,0,0,2,0,12,6,6,41.75030847,-87.67564359
0,317817,-1,20,0,0,2,1,7,6,-1,0,1,-1,0,-1,-1,-1,0,-1,1624,-1,-1,-1,-1,-1,-1,2,0,0,0,0,0,2,0,12,6,6,41.95948666,-87.77562092