MOST_SEVERE_INJURY,RD_NO,CRASH_DATE_EST_I,POSTED_SPEED_LIMIT,TRAFFIC_CONTROL_DEVICE,DEVICE_CONDITION,WEATHER_CONDITION,LIGHTING_CONDITION,FIRST_CRASH_TYPE,TRAFFICWAY_TYPE,LANE_CNT,ALIGNMENT,ROADWAY_SURFACE_COND,ROAD_DEFECT,CRASH_TYPE,INTERSECTION_RELATED_I,NOT_RIGHT_OF_WAY_I,HIT_AND_RUN_I,PRIM_CONTRIBUTORY_CAUSE,SEC_CONTRIBUTORY_CAUSE,BEAT_OF_OCCURRENCE,PHOTOS_TAKEN_I,STATEMENTS_TAKEN_I,DOORING_I,WORK_ZONE_I,WORK_ZONE_TYPE,WORKERS_PRESENT_I,NUM_UNITS,INJURIES_TOTAL,INJURIES_FATAL,INJURIES_INCAPACITATING,INJURIES_NON_INCAPACITATING,INJURIES_REPORTED_NOT_EVIDENT,INJURIES_NO_INDICATION,INJURIES_UNKNOWN,CRASH_HOUR,CRASH_DAY_OF_WEEK,CRASH_MONTH,LATITUDE,LONGITUDE
0,318493,-1,20,0,0,-1,-1,10,7,-1,0,-1,-1,0,-1,1,-1,20,-1,2024,-1,1,-1,-1,-1,-1,2,0,0,0,0,0,2,0,12,6,6,41.97035251,-87.65013475
0,323688,-1,25,0,0,0,1,12,6,1,0,0,0,0,-1,-1,-1,17,0,832,-1,-1,-1,-1,-1,-1,2,0,0,0,0,0,2,0,12,6,6,41.76298473,-87.6832585
0,318416,-1,30,2,2,2,0,12,5,4,0,1,0,0,-1,-1,-1,0,0,815,-1,-1,-1,-1,-1,-1,2,0,0,0,0,0,2,0,12,6,6,41.82328118,-87.72420378
0,317842,-1,30,1,2,0,1,0,5,2,0,0,0,0,-1,-1,-1,0,0,1121,-1,-1,-1,-1,-1,-1,2,0,0,0,0,0,2,0,12,6,6,41.89566259,-87.70661921
0,317806,-1,30,0,0,2,1,10,2,2,0,1,0,0,-1,-1,1,0,0,624,-1,-1,-1,-1,-1,-1,3,0,0,0,0,0,3,0,12,6,6,41.75102616,-87.61385771
0,317800,-1,30,0,0,2,1,7,7,-1,0,1,0,1,-1,1,1,25,-1,713,-1,-1,-1,-1,-1,-1,2,0,0,0,0,0,1,0,12,6,6,41.78465652,-87.6572053
3,317761,-1,30,2,2,2,1,0,12,5,0,1,0,1,1,-1,-1,17,34,215,-1,-1,-1,-1,-1,-1,3,3,0,1,2,0,0,0,12,6,6,41.81100705,-87.62302911
0,317745,-1,10,0,0,2,1,0,7,-1,0,1,0,0,-1,-1,-1,20,-1,833,-1,1,-1,-1,-1,-1,2,0,0,0,0,0,2,0,12,6,6,41.75504428,-87.72231551
0,317814,-1,5,0,0,0,1,3,4,-1,0,1,0,0,-1,-1,1,0,0,1122,-1,-1,-1,-1,-1,-1,2,0,0,0,0,0,2,0,12,6,6,41.88064565,-87.72337094
2,317753,-1,30,1,2,2,1,10,2,4,1,1,0,1,1,-1,-1,18,15,1235,-1,-1,-1,-1,-1,-1,3,1,0,0,1,0,6,0,12,6,6,41.85757315,-87.63771914
0,317790,-1,30,0,0,0,1,8,6,2,0,0,0,0,-1,-1,-1,4,21,1833,-1,-1,1,-1,-1,-1,2,0,0,0,0,0,3,0,12,6,6,41.8982907,-87.62305462
0,317756,-1,30,1,2,2,1,10,5,4,0,1,0,0,-1,-1,-1,18,0,1115,-1,-1,-1,-1,-1,-1,2,0,0,0,0,0,4,0,12,6,6,41.88074788,-87.73314974
0,317789,-1,30,0,0,2,1,14,5,-1,0,1,0,0,-1,-1,-1,17,-1,114,-1,-1,-1,-1,-1,-1,2,0,0,0,0,0,2,0,12,6,6,41.87487149,-87.62044556
0,317783,-1,30,0,0,2,1,7,7,-1,0,1,0,0,-1,1,1,0,0,1822,-1,-1,-1,-1,-1,-1,2,0,0,0,0,0,1,0,12,6,6,41.91008854,-87.65362257
0,317749,-1,30,0,0,2,1,10,6,-1,0,1,0,0,-1,-1,-1,18,18,122,-1,-1,-1,-1,-1,-1,2,0,0,0,0,0,2,0,12,6,6,41.88220359,-87.63103382
0,318009,-1,30,-1,-1,2,1,14,6,-1,0,1,-1,0,-1,-1,-1,0,-1,113,-1,-1,-1,-1,-1,-1,2,0,0,0,0,0,2,0,12,6,6,41.8758324,-87.62435271
0,317836,-1,5,0,0,2,1,11,7,-1,0,1,-1,0,-1,-1,-1,11,0,312,-1,-1,-1,-1,-1,-1,2,0,0,0,0,0,2,0,12,6,6,41.7777563,-87.62597822
0,317803,-1,30,0,2,2,1,10,5,-1,0,1,0,0,-1,-1,-1,0,0,235,-1,-1,-1,-1,-1,-1,2,0,0,0,0,0,2,0,12,6,6,41.7896236,-87.6060615
0,317730,-1,25,0,0,0,1,7,5,-1,0,1,0,0,-1,-1,-1,0,-1,2533,-1,-1,-1,-1,-1,-1,2,0,0,0,0,0,2,0,12,6,6,41.90888497,-87.74376066
0,327648,-1,15,0,0,0,1,10,7,-1,0,0,0,0,-1,1,-1,18,18,1411,-1,-1,-1,-1,-1,-1,2,0,0,0,0,0,2,0,11,6,6,41.93087842,-87.69743966
1,317750,-1,30,2,2,2,1,14,6,-1,0,1,0,1,-1,-1,-1,10,17,832,-1,-1,-1,-1,-1,-1,2,1,0,0,0,1,1,0,11,6,6,41.76848498,-87.67954942
0,317715,-1,45,0,0,2,1,12,5,-1,0,1,-1,0,1,-1,-1,23,-1,234,-1,-1,-1,-1,-1,-1,2,0,0,0,0,0,3,0,11,6,6,41.80094198,-87.58763679
0,317799,-1,30,2,2,2,1,0,2,-1,0,1,0,0,-1,-1,-1,0,0,2533,-1,-1,-1,-1,-1,-1,2,0,0,0,0,0,3,0,11,6,6,41.90975678,-87.74452721
0,317760,-1,30,0,0,2,1,14,5,-1,0,1,0,0,-1,-1,-1,0,-1,1434,-1,-1,-1,-1,-1,-1,2,0,0,0,0,0,2,0,11,6,6,41.91067046,-87.67263908
0,317732,-1,35,0,0,2,1,10,5,-1,0,1,0,0,-1,-1,-1,0,0,1624,-1,-1,-1,-1,-1,-1,2,0,0,0,0,0,2,0,11,6,6,41.95516537,-87.75735467
0,317711,-1,30,0,0,2,1,7,5,2,0,1,0,0,-1,-1,-1,0,0,1924,-1,-1,-1,-1,-1,-1,2,0,0,0,0,0,1,0,11,6,6,41.94303177,-87.65299526
0,317695,-1,0,0,0,2,1,7,7,-1,0,1,0,0,-1,1,-1,20,-1,2522,-1,-1,-1,-1,-1,-1,2,0,0,0,0,0,2,0,11,6,6,41.92077648,-87.73990989
2,317706,-1,30,2,2,2,1,14,5,-1,0,1,0,1,1,-1,-1,23,21,914,-1,-1,-1,-1,-1,-1,2,1,0,0,1,0,2,0,11,6,6,41.85265075,-87.63918825
0,317804,-1,30,0,0,2,1,7,5,1,0,1,0,0,1,-1,-1,-1,-1,1935,-1,-1,-1,-1,-1,-1,2,0,0,0,0,0,2,0,11,6,6,41.92900961,-87.64598533
0,317670,-1,30,1,2,2,1,10,5,-1,0,1,-1,0,-1,-1,1,0,-1,1523,-1,-1,-1,-1,-1,-1,2,0,0,0,0,0,2,0,11,6,6,41.88722698,-87.75546494
2,317736,-1,30,0,0,2,1,10,3,-1,0,1,0,1,-1,-1,-1,18,-1,2012,-1,-1,-1,-1,-1,-1,2,1,0,0,1,0,2,0,11,6,6,41.98043788,-87.66987718
0,317654,-1,30,2,2,2,1,14,5,-1,0,1,0,0,-1,-1,-1,17,-1,2012,-1,-1,-1,-1,-1,-1,2,0,0,0,0,0,2,0,11,6,6,41.98426105,-87.66907288
1,317733,-1,30,0,0,2,1,10,5,4,0,1,0,1,-1,-1,-1,0,0,2012,-1,-1,-1,-1,-1,-1,2,1,0,0,0,1,2,0,11,6,6,41.98043788,-87.66987718
0,319331,-1,35,2,2,0,1,10,5,5,0,0,0,0,1,-1,-1,18,0,835,-1,-1,-1,-1,-1,-1,2,0,0,0,0,0,2,0,11,6,6,41.75007115,-87.69390664
0,318902,-1,30,1,2,2,-1,10,3,4,0,1,-1,0,1,-1,-1,0,0,1231,0,-1,-1,-1,-1,-1,2,0,0,0,0,0,2,0,11,6,6,41.87277731,-87.66671499
0,317639,-1,30,0,0,2,1,10,2,-1,0,1,0,0,-1,-1,-1,18,-1,834,-1,1,-1,-1,-1,-1,2,0,0,0,0,0,5,0,11,6,6,41.75183857,-87.722135
0,317640,-1,30,0,0,2,1,14,5,-1,0,1,0,0,-1,-1,-1,23,0,431,-1,-1,-1,-1,-1,-1,2,0,0,0,0,0,2,0,11,6,6,41.72196511,-87.57549067
0,317809,-1,30,1,2,2,1,14,6,-1,0,1,0,0,1,-1,-1,17,17,111,-1,-1,-1,-1,-1,-1,2,0,0,0,0,0,2,0,11,6,6,41.88583769,-87.62591897
0,323274,-1,30,0,0,2,1,0,5,-1,0,1,0,0,-1,-1,1,16,21,1221,-1,-1,-1,-1,-1,-1,2,0,0,0,0,0,2,0,11,6,6,41.8910051,-87.67252638
1,318965,-1,30,1,2,2,1,8,3,-1,0,1,0,1,-1,-1,1,6,0,2223,-1,-1,-1,-1,-1,-1,2,1,0,0,0,1,1,0,11,6,6,41.73567352,-87.64375503
0,318176,-1,30,0,0,2,1,12,5,-1,0,1,-1,0,-1,-1,-1,11,-1,331,-1,-1,-1,-1,-1,-1,2,0,0,0,0,0,2,0,11,6,6,41.76636897,-87.57431462
0,317653,-1,30,0,0,2,1,0,5,4,0,0,0,0,1,-1,-1,17,17,2411,-1,-1,-1,-1,-1,-1,2,0,0,0,0,0,2,0,11,6,6,42.01849035,-87.69003784
0,317626,-1,35,1,2,2,1,12,5,4,0,1,0,0,-1,-1,-1,0,0,1024,-1,-1,-1,-1,-1,-1,2,0,0,0,0,0,2,0,11,6,6,41.85155366,-87.71493722
0,317616,-1,30,1,2,2,1,12,5,7,0,1,0,1,1,-1,-1,12,11,431,-1,-1,-1,-1,-1,-1,2,0,0,0,0,0,2,0,10,6,6,41.72224382,-87.58496912
0,317622,-1,20,0,0,2,1,7,6,-1,0,1,0,0,-1,-1,-1,18,11,1911,-1,-1,-1,-1,-1,-1,2,0,0,0,0,0,1,0,10,6,6,41.95939152,-87.6878089
0,317681,-1,30,1,2,2,1,12,5,2,0,1,0,0,1,-1,-1,21,-1,1633,-1,-1,-1,-1,-1,-1,2,0,0,0,0,0,2,0,10,6,6,41.94572948,-87.77635411
0,317608,-1,30,0,0,2,1,14,6,-1,0,1,0,0,-1,-1,-1,0,-1,1831,-1,-1,-1,-1,-1,-1,2,0,0,0,0,0,3,0,10,6,6,41.8956755,-87.63619433
0,317735,-1,30,0,0,2,1,14,2,2,0,0,0,0,-1,-1,-1,0,0,1232,-1,-1,-1,-1,-1,-1,2,0,0,0,0,0,2,0,10,6,6,41.87929361,-87.64932076
0,317665,-1,10,0,0,2,1,7,7,-1,0,1,0,0,-1,1,-1,0,0,531,-1,-1,-1,-1,-1,-1,2,0,0,0,0,0,1,0,10,6,6,41.6855764,-87.60874589
0,342375,-1,30,-1,-1,-1,-1,7,5,-1,0,-1,-1,0,-1,-1,1,0,-1,1934,-1,-1,-1,-1,-1,-1,2,0,0,0,0,0,1,0,10,6,6,41.93547127,-87.64064568
1,317754,-1,30,2,2,2,1,0,5,2,0,1,0,1,1,-1,1,0,-1,413,-1,-1,-1,-1,-1,-1,2,1,0,0,0,1,2,0,10,6,6,41.72431181,-87.57067211
2,317615,-1,30,0,0,2,1,2,5,-1,0,1,0,1,-1,1,-1,14,0,2232,-1,-1,-1,-1,-1,-1,1,1,0,0,1,0,0,0,10,6,6,41.70968948,-87.63819718
0,317558,-1,35,0,0,2,1,7,6,3,0,1,0,0,-1,-1,-1,20,-1,213,-1,-1,-1,-1,-1,-1,2,0,0,0,0,0,2,0,10,6,6,41.8190187,-87.62132794
0,317617,-1,30,0,0,2,1,10,5,-1,0,1,0,0,-1,-1,-1,0,-1,1414,-1,-1,-1,-1,-1,-1,3,0,0,0,0,0,3,0,10,6,6,41.92489629,-87.69756202
0,317580,-1,30,1,2,2,1,12,5,-1,0,1,0,0,-1,-1,-1,17,0,1221,-1,-1,-1,-1,-1,-1,2,0,0,0,0,0,2,0,10,6,6,41.89563205,-87.68698687
0,317571,-1,30,1,2,2,1,10,5,-1,0,1,0,0,-1,-1,-1,18,0,1931,-1,-1,-1,-1,-1,-1,2,0,0,0,0,0,2,0,10,6,6,41.93084873,-87.67813103
0,317673,-1,30,0,0,2,1,10,5,2,0,1,0,0,-1,-1,-1,0,21,1123,-1,-1,-1,-1,-1,-1,2,0,0,0,0,0,2,0,10,6,6,41.88458347,-87.71097149
0,317562,-1,30,1,2,2,1,14,3,-1,0,1,0,0,1,-1,-1,20,0,1814,-1,-1,-1,-1,-1,-1,2,0,0,0,0,0,2,0,10,6,6,41.91932422,-87.63651282
2,320624,-1,30,0,0,0,1,0,5,-1,0,0,0,1,-1,-1,-1,-1,-1,833,-1,-1,-1,-1,-1,-1,2,1,0,0,1,0,1,0,10,6,6,41.76853981,-87.72238235
0,317874,-1,30,0,0,2,1,7,5,2,0,0,0,0,-1,-1,1,0,-1,233,-1,-1,-1,-1,-1,-1,2,0,0,0,0,0,1,0,10,6,6,41.79756362,-87.60402636
0,317645,-1,30,0,0,2,1,0,5,0,0,1,0,0,-1,-1,1,17,23,1614,-1,-1,-1,-1,-1,-1,2,0,0,0,0,0,2,0,10,6,6,41.97403961,-87.83285499
0,317567,-1,30,0,0,2,1,10,5,-1,0,1,0,0,-1,-1,-1,0,0,822,-1,-1,-1,-1,-1,-1,3,0,0,0,0,0,5,0,10,6,6,41.79426121,-87.70372717
0,317563,-1,0,0,0,2,1,10,7,-1,0,1,0,0,-1,-1,1,20,34,1822,-1,-1,-1,-1,-1,-1,2,0,0,0,0,0,2,0,10,6,6,41.90965554,-87.65291746
0,317551,-1,30,1,2,2,1,14,5,2,0,1,0,0,1,-1,-1,17,22,1414,-1,-1,-1,-1,-1,-1,2,0,0,0,0,0,2,0,10,6,6,41.92484069,-87.70073806
0,317691,-1,30,1,2,0,1,10,5,-1,0,0,0,0,-1,-1,1,18,0,1931,-1,-1,-1,-1,-1,-1,2,0,0,0,0,0,2,0,9,6,6,41.92524249,-87.66955994
0,317538,-1,15,0,0,2,1,7,0,1,0,1,0,0,-1,-1,-1,0,0,1024,-1,-1,-1,-1,-1,-1,2,0,0,0,0,0,1,0,9,6,6,41.85457596,-87.71227307
0,317689,-1,30,1,2,2,1,10,5,-1,0,1,-1,1,-1,-1,-1,34,-1,331,-1,-1,-1,-1,-1,-1,2,0,0,0,0,0,2,0,9,6,6,41.7915802,-87.58556422
1,317597,-1,20,0,0,2,1,0,5,2,2,1,0,1,-1,-1,1,17,16,1112,-1,-1,-1,-1,-1,-1,3,1,0,0,0,1,1,0,9,6,6,41.90216607,-87.72156099
0,317628,-1,30,0,0,2,1,7,5,-1,0,1,0,0,-1,-1,-1,22,0,1033,-1,-1,-1,-1,-1,-1,2,0,0,0,0,0,1,0,9,6,6,41.85168036,-87.7034207
0,317528,-1,30,1,2,2,1,14,5,-1,0,1,0,0,-1,-1,-1,23,3,1832,-1,-1,-1,-1,-1,-1,2,0,0,0,0,0,2,0,9,6,6,41.89251708,-87.6326842
0,317644,-1,30,0,0,2,1,2,6,-1,0,1,0,0,-1,-1,-1,16,-1,1135,-1,-1,-1,-1,-1,-1,1,0,0,0,0,0,1,0,9,6,6,41.87504562,-87.6914371
0,318419,-1,25,0,0,2,1,7,6,1,0,1,0,0,-1,-1,1,15,0,331,-1,-1,-1,-1,-1,-1,2,0,0,0,0,0,1,0,9,6,6,41.77190577,-87.57508339
0,317536,-1,30,1,2,2,1,10,5,1,0,1,0,0,-1,-1,1,18,-1,1834,-1,-1,-1,-1,-1,-1,2,0,0,0,0,0,2,0,9,6,6,-1,-1
0,317518,-1,30,1,2,2,1,10,2,4,0,1,0,0,-1,-1,-1,18,34,1221,-1,-1,-1,-1,-1,-1,2,0,0,0,0,0,4,0,9,6,6,41.89033419,-87.68653787
0,317501,-1,30,2,2,2,1,0,5,-1,0,1,0,1,1,-1,1,5,17,922,-1,-1,-1,-1,-1,-1,2,0,0,0,0,0,4,0,9,6,6,41.81194522,-87.6895723
0,319134,-1,30,0,0,0,1,10,6,-1,0,0,0,0,-1,-1,-1,0,-1,114,-1,-1,-1,-1,-1,-1,2,0,0,0,0,0,2,0,9,6,6,41.87826992,-87.62052861
0,317674,-1,30,1,2,0,1,10,6,3,0,1,0,0,-1,-1,0,34,0,112,-1,-1,-1,-1,-1,-1,2,0,0,0,0,0,3,0,9,6,6,41.88093501,-87.62443142
0,317492,-1,30,1,2,2,-1,10,5,2,0,1,-1,0,1,-1,-1,22,34,1912,-1,-1,-1,-1,-1,-1,2,0,0,0,0,0,2,0,9,6,6,41.9543993,-87.66911287
0,317738,-1,30,1,2,2,1,10,5,2,0,1,0,0,1,-1,-1,18,15,1612,-1,-1,-1,-1,-1,-1,2,0,0,0,0,0,3,0,9,6,6,41.99749143,-87.80788937
1,317484,-1,30,1,2,2,1,14,5,4,0,1,0,1,-1,-1,-1,17,-1,511,-1,-1,-1,-1,-1,-1,2,1,0,0,0,1,1,0,9,6,6,41.72225727,-87.58527557
0,319087,1,20,1,0,0,1,7,2,-1,0,0,0,0,-1,-1,1,-1,-1,2512,-1,-1,-1,-1,-1,-1,2,0,0,0,0,0,1,0,9,6,6,41.91774498,-87.78035259
0,317526,-1,30,0,0,2,1,12,2,4,0,1,0,0,-1,-1,-1,17,17,111,-1,-1,-1,-1,-1,-1,2,0,0,0,0,0,2,0,9,6,6,41.88670774,-87.63079458
0,317508,-1,30,1,2,2,1,12,6,2,0,1,0,0,-1,-1,-1,21,-1,122,-1,-1,-1,-1,-1,-1,2,0,0,0,0,0,2,0,8,6,6,41.88310075,-87.63165696
0,317483,-1,30,0,0,2,1,10,5,4,0,1,0,1,-1,-1,-1,34,18,1611,-1,-1,-1,-1,-1,-1,2,0,0,0,0,0,2,0,8,6,6,42.01162049,-87.81431958
0,317471,-1,30,2,2,2,1,0,5,2,0,1,0,1,1,-1,-1,17,-1,1613,-1,-1,-1,-1,-1,-1,2,0,0,0,0,0,2,0,8,6,6,41.97923774,-87.80598321
1,317469,-1,30,1,2,2,1,9,5,-1,0,1,0,1,-1,-1,1,17,6,1831,-1,-1,-1,-1,-1,-1,2,1,0,0,0,1,1,0,8,6,6,41.89086224,-87.63125333
0,343403,-1,30,0,0,0,1,7,5,2,0,0,0,0,-1,-1,-1,20,0,433,-1,-1,-1,-1,-1,-1,2,0,0,0,0,0,1,0,8,6,6,41.65813024,-87.54604727
0,317500,-1,30,1,2,2,1,10,5,5,0,1,0,0,-1,-1,-1,16,18,1632,-1,-1,-1,-1,-1,-1,2,0,0,0,0,0,3,0,8,6,6,41.95276473,-87.78907688
3,317464,-1,30,0,0,2,1,14,5,2,0,1,0,1,-1,-1,-1,-1,-1,2534,-1,-1,-1,-1,-1,-1,3,2,0,1,1,0,1,0,8,6,6,41.90276549,-87.72728665
0,319119,-1,30,1,2,2,1,12,5,4,0,1,0,0,-1,-1,-1,21,-1,1912,-1,-1,-1,-1,-1,-1,2,0,0,0,0,0,2,0,8,6,6,41.95440107,-87.66897489
0,317474,-1,30,1,2,2,1,10,2,-1,0,1,0,0,-1,-1,-1,0,0,935,-1,-1,-1,-1,-1,-1,2,0,0,0,0,0,2,0,8,6,6,41.80888872,-87.63835342
0,317488,-1,30,1,2,2,1,14,5,2,0,1,0,0,-1,-1,-1,22,0,322,-1,-1,-1,-1,-1,-1,2,0,0,0,0,0,3,0,8,6,6,41.76589329,-87.61057783
2,317540,-1,30,1,2,2,1,14,1,-1,1,1,0,1,1,-1,-1,17,-1,833,-1,1,-1,-1,-1,-1,2,2,0,0,2,0,0,0,8,6,6,41.7710448,-87.74190563
0,317514,1,30,0,0,2,-1,7,5,4,0,1,0,1,-1,-1,1,0,0,2431,-1,-1,-1,-1,-1,-1,2,0,0,0,0,0,1,0,8,6,6,42.00860722,-87.66174737
0,317531,-1,30,1,2,2,1,10,6,3,0,1,0,0,1,-1,-1,16,-1,1832,-1,-1,-1,-1,-1,-1,4,0,0,0,0,0,5,0,8,6,6,41.89251945,-87.63253711
0,317455,-1,30,1,2,2,1,14,3,-1,0,1,0,0,1,-1,1,23,11,1821,-1,-1,-1,-1,-1,-1,2,0,0,0,0,0,3,0,8,6,6,41.91105248,-87.63322877
0,317439,-1,35,2,2,2,1,2,5,2,0,1,12,1,-1,-1,-1,-1,-1,1512,-1,-1,-1,-1,-1,-1,1,0,0,0,0,0,1,0,8,6,6,41.89099676,-87.76637973
0,319373,-1,30,0,0,2,1,7,5,-1,0,1,0,0,-1,-1,1,0,0,1832,-1,-1,-1,-1,-1,-1,2,0,0,0,0,0,1,0,8,6,6,41.89308098,-87.63394607
0,317442,-1,30,2,2,2,1,0,3,0,0,1,0,1,1,1,-1,17,15,1621,-1,-1,-1,-1,-1,-1,2,0,0,0,0,0,3,0,8,6,6,41.99683281,-87.75669343
2,317411,-1,30,0,0,2,1,10,5,2,0,3,0,1,-1,-1,-1,27,34,1513,-1,-1,-1,-1,-1,-1,3,1,0,0,1,0,2,0,8,6,6,41.86569511,-87.7650505
0,317448,-1,30,0,0,2,1,14,5,4,0,1,0,1,-1,-1,1,15,34,2523,-1,-1,-1,-1,-1,-1,2,0,0,0,0,0,2,0,7,6,6,41.93254904,-87.72714669
0,325871,-1,30,11,2,2,1,10,5,2,0,1,0,0,-1,-1,1,0,0,1711,-1,-1,-1,-1,-1,-1,2,0,0,0,0,0,2,0,7,6,6,41.99009466,-87.74085393
0,317452,-1,30,0,0,2,1,14,5,-1,0,1,0,0,-1,-1,-1,20,-1,1814,-1,-1,-1,-1,-1,-1,2,0,0,0,0,0,2,0,7,6,6,41.9138643,-87.63344132
0,317431,-1,15,0,0,2,1,14,7,-1,3,1,2,0,-1,-1,-1,11,0,422,-1,-1,-1,-1,-1,-1,2,0,0,0,0,0,2,0,7,6,6,41.7516336,-87.56516065
0,318275,-1,30,0,0,2,1,10,5,-1,0,1,0,0,-1,-1,-1,-1,-1,815,-1,-1,-1,-1,-1,-1,2,0,0,0,0,0,3,0,7,6,6,41.82256384,-87.72418748
0,317436,-1,30,0,0,2,1,0,5,5,0,1,0,0,-1,-1,-1,17,-1,1731,-1,-1,-1,-1,-1,-1,2,0,0,0,0,0,3,0,7,6,6,41.9462448,-87.74643384
1,317666,-1,30,0,0,2,1,14,2,2,0,1,0,1,-1,-1,1,15,18,632,-1,-1,-1,-1,-1,-1,2,1,0,0,0,1,2,0,7,6,6,41.73878805,-87.62405576
0,317423,-1,15,0,0,2,1,5,0,-1,0,1,0,0,-1,-1,-1,18,0,1235,-1,-1,-1,-1,-1,-1,1,0,0,0,0,0,1,0,7,6,6,41.85940965,-87.65632118
0,317432,-1,30,2,2,2,1,0,2,-1,0,0,0,1,1,-1,-1,17,-1,811,-1,1,-1,-1,-1,-1,2,0,0,0,0,0,2,0,7,6,6,41.79262962,-87.77322648
3,317579,-1,30,4,0,2,1,9,5,2,0,1,0,1,-1,-1,-1,17,23,1834,-1,-1,-1,-1,-1,-1,2,1,0,1,0,0,1,0,7,6,6,41.89406651,-87.61760751
2,317418,-1,30,1,2,2,1,0,2,-1,0,1,0,1,1,-1,-1,17,-1,922,-1,-1,-1,-1,-1,-1,2,2,0,0,2,0,1,0,7,6,6,41.80464547,-87.68422355
2,317435,-1,30,1,2,2,3,9,6,2,0,1,0,1,1,-1,-1,34,6,112,-1,-1,-1,-1,-1,-1,2,1,0,0,1,0,2,0,7,6,6,41.88311214,-87.62626979
2,317419,-1,35,1,2,2,1,14,5,6,0,1,0,1,1,-1,-1,0,0,834,-1,-1,-1,-1,-1,-1,2,2,0,0,2,0,2,0,7,6,6,41.7418036,-87.74095358
0,317407,-1,30,10,2,2,2,2,3,-1,2,1,0,1,-1,1,-1,3,-1,935,-1,-1,-1,-1,-1,-1,1,0,0,0,0,0,1,0,7,6,6,41.79464267,-87.63177187
3,317409,-1,30,1,2,2,0,9,5,4,0,1,0,1,1,-1,-1,17,23,1934,-1,-1,-1,-1,-1,-1,2,1,0,1,0,0,1,0,7,6,6,41.93871369,-87.63935225
0,317421,1,30,1,2,2,1,14,2,2,0,1,-1,1,-1,-1,-1,23,-1,1214,-1,-1,-1,-1,-1,-1,2,0,0,0,0,0,2,0,7,6,6,41.88669488,-87.64420192
0,321185,-1,30,0,0,0,1,10,3,-1,0,0,0,0,-1,-1,-1,18,-1,1925,-1,-1,-1,-1,-1,-1,2,0,0,0,0,0,2,0,7,6,6,41.95022134,-87.64435011
1,317441,-1,20,1,2,2,2,10,5,2,0,1,0,1,-1,-1,-1,33,16,1925,-1,-1,-1,-1,-1,-1,2,1,0,0,0,1,1,0,7,6,6,41.94346756,-87.6407201
0,319170,-1,30,0,0,2,1,5,5,1,0,1,1,0,-1,-1,-1,0,-1,1031,1,-1,-1,-1,-1,-1,1,0,0,0,0,0,1,0,7,6,6,41.82807814,-87.72688033
0,327285,-1,30,2,2,0,1,14,6,4,0,0,0,1,1,-1,-1,23,17,121,-1,1,-1,-1,-1,-1,2,0,0,0,0,0,2,0,6,6,6,41.88356531,-87.63963728
0,317390,-1,30,1,2,2,2,14,2,-1,0,1,0,0,1,-1,-1,-1,-1,2032,-1,-1,-1,-1,-1,-1,2,0,0,0,0,0,3,0,6,6,6,41.96902816,-87.66929634
0,318080,-1,30,0,0,2,1,12,5,-1,0,1,0,1,-1,-1,1,0,0,532,-1,-1,-1,-1,-1,-1,2,0,0,0,0,0,2,0,6,6,6,41.68539921,-87.61124747
0,317401,-1,25,1,2,2,1,10,5,4,0,1,0,0,-1,-1,-1,0,0,131,-1,-1,-1,-1,-1,-1,2,0,0,0,0,0,2,0,6,6,6,41.8491604,-87.62714785
2,317404,-1,30,1,0,2,1,14,5,2,0,1,0,1,-1,-1,-1,23,17,114,-1,-1,-1,-1,-1,-1,2,2,0,0,2,0,1,0,6,6,6,41.88769947,-87.6208488
2,317395,-1,30,1,2,2,2,9,2,4,0,1,0,1,-1,-1,1,6,23,1834,-1,-1,-1,-1,-1,-1,2,1,0,0,1,0,1,0,6,6,6,41.8926379,-87.62534141
0,318064,-1,30,1,2,0,1,14,5,2,0,0,0,0,1,-1,-1,17,-1,1832,-1,-1,-1,-1,-1,-1,2,0,0,0,0,0,2,0,6,6,6,41.89333774,-87.6312445
0,317721,-1,30,1,2,2,1,14,6,0,0,1,0,0,1,-1,-1,16,-1,1832,-1,-1,-1,-1,-1,-1,2,0,0,0,0,0,3,0,6,6,6,41.89251708,-87.6326842
0,317522,-1,30,2,2,2,1,12,2,-1,0,1,0,0,-1,-1,-1,22,18,935,-1,-1,-1,-1,-1,-1,2,0,0,0,0,0,2,0,6,6,6,41.7946444,-87.63140654
0,317393,-1,25,0,0,2,2,7,5,-1,0,1,0,1,-1,-1,-1,0,-1,2431,-1,-1,-1,-1,-1,-1,2,0,0,0,0,0,1,0,6,6,6,42.00860722,-87.66174737
0,318232,-1,30,0,0,2,1,10,5,2,0,1,0,0,-1,-1,-1,0,0,1022,-1,-1,-1,-1,-1,-1,2,0,0,0,0,0,2,0,6,6,6,41.85978076,-87.70044513
0,317392,-1,45,0,0,2,1,12,3,3,2,1,0,1,-1,-1,-1,17,-1,431,-1,-1,-1,-1,-1,-1,2,0,0,0,0,0,4,0,6,6,6,41.72268066,-87.54904528
3,317383,-1,30,1,2,2,1,0,5,-1,0,1,0,1,1,-1,-1,6,34,224,-1,-1,-1,-1,-1,-1,2,3,0,3,0,0,1,0,6,6,6,41.80564871,-87.61664067
-1,317827,0,20,0,0,2,-1,7,5,-1,0,1,0,1,-1,-1,1,-1,-1,321,-1,-1,-1,-1,-1,-1,2,-1,-1,-1,-1,-1,-1,-1,6,6,6,41.77429016,-87.61293779