MOST_SEVERE_INJURY,RD_NO,CRASH_DATE_EST_I,POSTED_SPEED_LIMIT,TRAFFIC_CONTROL_DEVICE,DEVICE_CONDITION,WEATHER_CONDITION,LIGHTING_CONDITION,FIRST_CRASH_TYPE,TRAFFICWAY_TYPE,LANE_CNT,ALIGNMENT,ROADWAY_SURFACE_COND,ROAD_DEFECT,CRASH_TYPE,INTERSECTION_RELATED_I,NOT_RIGHT_OF_WAY_I,HIT_AND_RUN_I,PRIM_CONTRIBUTORY_CAUSE,SEC_CONTRIBUTORY_CAUSE,BEAT_OF_OCCURRENCE,PHOTOS_TAKEN_I,STATEMENTS_TAKEN_I,DOORING_I,WORK_ZONE_I,WORK_ZONE_TYPE,WORKERS_PRESENT_I,NUM_UNITS,INJURIES_TOTAL,INJURIES_FATAL,INJURIES_INCAPACITATING,INJURIES_NON_INCAPACITATING,INJURIES_REPORTED_NOT_EVIDENT,INJURIES_NO_INDICATION,INJURIES_UNKNOWN,CRASH_HOUR,CRASH_DAY_OF_WEEK,CRASH_MONTH,LATITUDE,LONGITUDE
0,318625,-1,30,1,2,2,1,10,2,4,3,1,-1,0,-1,-1,1,15,-1,212,-1,-1,-1,-1,-1,-1,2,0,0,0,0,0,2,0,5,6,6,41.82437513,-87.60335809
0,317396,-1,15,0,0,2,2,14,5,1,0,0,0,0,1,-1,1,23,17,1834,-1,-1,-1,-1,-1,-1,2,0,0,0,0,0,3,0,5,6,6,41.88936014,-87.62413833
0,318076,-1,30,1,2,2,4,10,5,-1,0,1,-1,0,-1,-1,1,18,34,813,-1,-1,-1,-1,-1,-1,2,0,0,0,0,0,2,0,5,6,6,41.78604516,-87.72302643
0,317368,-1,30,0,0,2,4,7,6,3,0,1,0,1,-1,-1,1,0,0,1832,-1,-1,-1,-1,-1,-1,2,0,0,0,0,0,1,0,5,6,6,41.89309952,-87.632561
0,317366,-1,30,0,0,2,2,10,2,2,0,1,12,0,-1,-1,-1,28,0,1424,-1,-1,-1,-1,-1,-1,2,0,0,0,0,0,2,0,5,6,6,41.91040921,-87.6753317
2,317363,-1,30,-1,0,2,2,0,5,2,0,1,-1,1,1,-1,1,0,0,1522,-1,-1,-1,-1,-1,-1,2,1,0,0,1,0,2,0,5,6,6,41.8764679,-87.76083182
3,317364,-1,15,0,0,2,2,9,0,1,2,1,0,1,-1,-1,-1,25,-1,2412,-1,-1,-1,-1,-1,-1,2,1,0,1,0,0,0,0,5,6,6,41.99946217,-87.67768199
0,318541,-1,30,1,2,0,2,10,5,2,0,0,0,0,-1,-1,-1,18,18,1732,-1,-1,-1,-1,-1,-1,2,0,0,0,0,0,2,0,5,6,6,41.94657906,-87.72018626
0,318364,-1,25,0,0,2,2,12,2,-1,0,1,0,0,-1,-1,-1,34,11,1925,-1,-1,-1,-1,-1,-1,2,0,0,0,0,0,3,0,5,6,6,41.94019151,-87.64204371
0,317359,-1,30,2,2,2,3,0,2,-1,0,1,0,0,1,-1,-1,17,-1,833,-1,-1,-1,-1,-1,-1,2,0,0,0,0,0,2,0,4,6,6,41.77155776,-87.7177987
0,318779,-1,30,2,2,2,0,0,2,1,0,1,0,0,1,-1,-1,17,15,833,-1,-1,-1,-1,-1,-1,2,0,0,0,0,0,2,0,4,6,6,41.77140255,-87.71781852
0,319445,-1,30,0,0,2,4,14,5,-1,0,1,0,0,-1,-1,-1,23,0,911,-1,-1,-1,-1,-1,-1,2,0,0,0,0,0,2,0,4,6,6,41.82803514,-87.70469773
0,317345,-1,35,1,2,2,3,0,2,-1,0,1,0,0,-1,-1,-1,20,0,611,-1,-1,-1,-1,-1,-1,2,0,0,0,0,0,2,0,4,6,6,41.75571944,-87.66371778
0,317347,-1,30,0,0,2,3,7,5,4,0,1,0,1,-1,-1,-1,11,-1,1731,-1,-1,-1,-1,-1,-1,4,0,0,0,0,0,1,0,3,6,6,41.94283157,-87.72744307
1,317361,-1,30,1,2,2,3,10,6,2,0,1,0,1,-1,-1,1,15,18,623,-1,-1,-1,-1,-1,-1,2,1,0,0,0,1,1,0,3,6,6,41.75097855,-87.6256817
0,317337,-1,30,1,2,2,3,0,5,2,0,1,0,0,1,-1,-1,6,0,111,-1,-1,-1,-1,-1,-1,2,0,0,0,0,0,2,0,3,6,6,41.88446083,-87.62776308
0,317338,-1,30,0,0,2,3,2,5,2,0,1,0,0,-1,-1,-1,34,34,431,-1,-1,-1,-1,-1,-1,1,0,0,0,0,0,1,0,3,6,6,-1,-1
0,317327,-1,30,1,2,2,3,10,1,7,0,1,0,1,1,-1,1,0,34,1931,-1,-1,-1,-1,-1,-1,2,0,0,0,0,0,2,0,2,6,6,41.93941068,-87.68831006
0,317453,-1,30,0,0,2,0,14,5,-1,0,1,0,0,-1,-1,-1,23,23,911,-1,-1,-1,-1,-1,-1,2,0,0,0,0,0,2,0,2,6,6,41.82803514,-87.70469773
0,317310,-1,30,0,0,2,3,7,2,-1,0,1,0,0,-1,-1,-1,0,-1,833,-1,-1,-1,-1,-1,-1,4,0,0,0,0,0,1,0,2,6,6,41.77128667,-87.72123389
0,317325,-1,30,0,0,2,3,7,5,2,0,1,0,1,-1,-1,1,-1,34,923,-1,-1,-1,-1,-1,-1,2,0,0,0,0,0,1,0,1,6,6,41.80103192,-87.68502894
0,317304,-1,30,0,0,2,3,7,5,4,0,1,0,1,-1,-1,-1,34,34,812,-1,-1,-1,-1,-1,-1,3,0,0,0,0,0,1,0,1,6,6,41.77759117,-87.79278415
0,317301,-1,35,0,-1,2,0,7,5,-1,0,1,-1,1,-1,-1,1,0,27,321,-1,-1,-1,-1,-1,-1,3,0,0,0,0,0,1,0,1,6,6,41.77440306,-87.61294017
2,317303,-1,30,1,2,2,3,10,5,2,0,1,3,1,1,-1,-1,28,16,735,-1,-1,-1,-1,-1,-1,2,1,0,0,1,0,2,0,1,6,6,41.76479878,-87.66385616
0,317307,-1,35,0,0,2,3,7,5,-1,0,1,0,1,-1,-1,-1,11,15,821,-1,-1,-1,-1,-1,-1,3,0,0,0,0,0,2,0,1,6,6,41.80998648,-87.70784926
0,317316,-1,30,1,2,2,3,0,2,4,0,1,0,1,1,-1,1,-1,-1,1624,-1,-1,-1,-1,-1,-1,2,0,0,0,0,0,2,0,1,6,6,41.95681761,-87.75134985
0,317941,-1,30,0,0,2,3,12,5,-1,0,1,-1,0,-1,-1,-1,22,-1,815,-1,-1,-1,-1,-1,-1,2,0,0,0,0,0,2,0,1,6,6,41.81884058,-87.72411293
0,317388,-1,15,0,0,-1,0,7,6,1,0,1,0,0,-1,-1,1,16,0,1723,-1,-1,-1,-1,-1,-1,2,0,0,0,0,0,1,0,1,6,6,41.96699206,-87.72540615
0,317296,-1,30,0,0,2,3,12,5,-1,0,1,0,0,-1,-1,-1,21,0,131,-1,-1,-1,-1,-1,-1,2,0,0,0,0,0,2,0,1,6,6,41.85298708,-87.63002661
0,317287,-1,35,1,2,2,3,12,3,4,0,1,0,0,1,-1,-1,17,0,813,-1,-1,-1,-1,-1,-1,2,0,0,0,0,0,2,0,0,6,6,41.79128371,-87.74169687
2,317275,-1,30,1,2,2,3,14,2,4,0,1,0,1,-1,-1,-1,16,0,922,-1,-1,-1,-1,-1,-1,2,1,0,0,1,0,3,0,0,6,6,41.81201703,-87.68467692
0,317274,-1,30,0,0,0,3,2,5,-1,0,1,-1,0,-1,-1,-1,0,0,1914,-1,-1,-1,-1,-1,-1,1,0,0,0,0,0,1,0,0,6,6,41.96893371,-87.65838009
0,317265,-1,30,0,0,2,3,7,5,4,0,1,0,1,-1,-1,-1,34,0,1115,-1,-1,-1,-1,-1,-1,3,0,0,0,0,0,1,0,0,6,6,41.8807619,-87.73191581
0,317257,-1,30,1,2,0,3,10,5,2,0,1,0,0,1,-1,-1,0,-1,2524,-1,-1,-1,-1,-1,-1,2,0,0,0,0,0,3,0,0,6,6,41.92822191,-87.72702494
0,317245,-1,30,0,0,2,3,7,2,4,0,1,0,1,-1,-1,-1,21,-1,2221,-1,-1,-1,-1,-1,-1,5,0,0,0,0,0,6,0,0,6,6,41.73559792,-87.66926691
0,317256,-1,35,1,2,2,3,10,2,4,0,1,0,0,-1,-1,-1,32,0,1931,-1,-1,-1,-1,-1,-1,2,0,0,0,0,0,2,0,0,6,6,41.93288424,-87.66856108
0,317258,-1,30,0,0,2,3,10,5,-1,0,1,0,1,-1,-1,-1,18,34,815,-1,-1,-1,-1,-1,-1,2,0,0,0,0,0,3,0,23,5,6,41.81905247,-87.7241127
0,317254,-1,30,-1,-1,2,4,7,5,4,0,1,-1,0,-1,-1,1,0,-1,1235,-1,-1,-1,-1,-1,-1,2,0,0,0,0,0,1,0,23,5,6,41.85903027,-87.64891219
0,317242,-1,35,1,2,2,3,14,5,-1,0,1,0,1,1,-1,-1,23,11,1523,-1,1,-1,-1,-1,-1,2,0,0,0,0,0,2,0,23,5,6,41.88921526,-87.76503105
0,317239,-1,15,0,0,2,3,7,6,1,0,1,0,0,-1,-1,-1,-1,-1,1914,-1,-1,-1,-1,-1,-1,2,0,0,0,0,0,1,0,23,5,6,41.96440229,-87.65010646
0,317249,-1,25,1,2,2,3,10,5,2,0,1,0,0,1,-1,-1,2,15,1833,-1,-1,-1,-1,-1,-1,2,0,0,0,0,0,5,0,23,5,6,41.89996018,-87.62430539
0,317263,-1,25,2,0,2,3,14,6,1,0,1,0,0,1,-1,-1,0,16,2524,-1,-1,-1,-1,-1,-1,2,0,0,0,0,0,2,0,23,5,6,41.93171864,-87.72589377
0,319317,-1,30,0,0,2,0,0,5,1,0,1,0,0,-1,-1,1,17,-1,1712,-1,-1,-1,-1,-1,-1,2,0,0,0,0,0,2,0,23,5,6,41.96838329,-87.72329203
2,317222,-1,35,1,2,2,3,8,1,4,0,1,0,1,-1,-1,-1,0,-1,1213,-1,1,-1,-1,-1,-1,2,1,0,0,1,0,1,0,23,5,6,41.90331889,-87.66177878
3,317223,-1,30,0,0,2,3,8,6,1,0,1,0,1,1,-1,-1,16,34,1922,-1,1,-1,-1,-1,-1,2,1,0,1,0,0,1,0,23,5,6,41.94134683,-87.67339379
0,317236,-1,30,1,2,2,3,10,5,-1,0,1,0,0,-1,-1,0,18,18,532,-1,-1,-1,-1,-1,-1,2,0,0,0,0,0,2,0,23,5,6,41.68527122,-87.62094716
0,317233,-1,30,2,2,2,0,14,1,2,0,1,0,0,-1,-1,-1,16,16,726,-1,-1,-1,-1,-1,-1,2,0,0,0,0,0,2,0,23,5,6,41.7737988,-87.67390117
0,317224,-1,30,1,2,0,3,14,5,3,0,1,0,0,1,-1,-1,11,23,835,-1,-1,-1,-1,-1,-1,2,0,0,0,0,0,2,0,23,5,6,41.75021082,-87.68259395
0,317208,-1,30,1,2,0,3,14,2,-1,0,1,-1,1,1,-1,-1,23,-1,131,-1,1,-1,-1,-1,-1,2,0,0,0,0,0,3,0,22,5,6,41.8601185,-87.62740831
0,317217,1,30,2,2,2,3,2,5,1,0,1,-1,0,1,-1,1,0,-1,431,-1,-1,-1,-1,-1,-1,1,0,0,0,0,0,1,0,22,5,6,41.7097709,-87.56680398
0,317226,-1,30,0,2,0,3,10,2,4,0,0,0,0,-1,-1,-1,18,-1,1432,-1,-1,-1,-1,-1,-1,2,0,0,0,0,0,3,0,22,5,6,41.92430014,-87.68747716
0,317204,-1,30,0,0,0,4,10,5,-1,0,1,0,0,-1,-1,-1,-1,-1,823,-1,-1,-1,-1,-1,-1,2,0,0,0,0,0,5,0,22,5,6,41.7788046,-87.71055525
0,317202,-1,5,0,0,12,3,2,7,1,0,0,0,1,-1,-1,-1,7,11,114,-1,-1,-1,-1,-1,-1,1,0,0,0,0,0,1,0,22,5,6,41.88100921,-87.61893916
0,317209,-1,15,2,2,2,3,7,5,2,0,1,-1,1,-1,-1,-1,34,-1,823,-1,-1,-1,-1,-1,-1,2,0,0,0,0,0,1,0,22,5,6,41.78426755,-87.71072184
0,317230,-1,10,0,0,-1,3,0,7,-1,0,-1,-1,0,-1,-1,1,0,0,1935,-1,-1,-1,-1,-1,-1,2,0,0,0,0,0,2,0,22,5,6,41.93275956,-87.64138687
0,317185,-1,30,1,-1,0,0,10,5,4,0,1,-1,0,-1,-1,-1,0,0,1732,1,-1,-1,-1,-1,-1,2,0,0,0,0,0,3,0,21,5,6,41.94659923,-87.71868123
0,317168,0,30,1,2,2,3,14,2,4,0,1,0,0,1,-1,-1,23,0,2023,-1,1,-1,-1,-1,-1,2,0,0,0,0,0,2,0,21,5,6,41.98189071,-87.65987322
2,317141,-1,30,1,2,2,3,10,6,-1,0,1,0,1,-1,-1,-1,14,16,632,-1,-1,-1,-1,-1,-1,3,4,0,0,2,2,0,0,21,5,6,41.73610258,-87.62401047
0,317170,-1,45,0,0,0,3,12,3,-1,0,0,0,0,-1,-1,-1,21,-1,133,-1,-1,-1,-1,-1,-1,2,0,0,0,0,0,3,0,21,5,6,41.84579156,-87.61115809
0,321047,-1,35,1,2,2,3,10,6,3,0,1,3,0,-1,-1,-1,0,0,2234,-1,-1,-1,-1,-1,-1,2,0,0,0,0,0,2,0,21,5,6,41.69032983,-87.66164617
0,317155,-1,35,1,2,2,3,14,5,4,0,1,0,1,1,-1,-1,0,11,1235,-1,-1,-1,-1,-1,-1,2,0,0,0,0,0,2,0,21,5,6,41.85268538,-87.65149237
0,317173,-1,30,2,0,2,3,7,5,2,0,1,0,0,-1,-1,1,14,34,934,-1,-1,-1,-1,-1,-1,2,0,0,0,0,0,2,0,21,5,6,41.79965184,-87.64645363
0,317126,-1,30,0,0,2,3,10,5,2,0,1,0,0,-1,-1,-1,0,0,1432,-1,-1,-1,-1,-1,-1,2,0,0,0,0,0,2,0,21,5,6,41.93033406,-87.68535241
0,317134,-1,25,0,0,2,3,7,6,1,0,1,-1,0,-1,-1,-1,11,25,1513,-1,-1,-1,-1,-1,-1,2,0,0,0,0,0,1,0,21,5,6,41.86745027,-87.77311981
2,317112,-1,30,1,2,12,3,14,5,-1,0,1,0,1,-1,-1,-1,17,11,1913,-1,-1,-1,-1,-1,-1,2,1,0,0,1,0,1,0,21,5,6,41.9688193,-87.66733832
0,317192,-1,30,1,2,0,0,10,5,-1,0,1,0,0,-1,-1,1,0,-1,1613,-1,-1,-1,-1,-1,-1,3,0,0,0,0,0,4,0,21,5,6,41.97640636,-87.7878626
0,317137,-1,30,0,0,-1,3,7,5,2,0,-1,-1,0,-1,-1,1,0,-1,1935,0,-1,-1,-1,-1,-1,2,0,0,0,0,0,1,0,21,5,6,41.92626618,-87.64073771
0,325098,-1,45,0,0,0,0,12,5,-1,0,1,0,0,-1,-1,-1,23,-1,1824,-1,-1,-1,-1,-1,-1,2,0,0,0,0,0,2,0,20,5,6,41.90790993,-87.62574109
0,317850,-1,30,1,2,2,0,12,3,4,0,1,0,0,1,-1,1,0,0,711,-1,-1,-1,-1,-1,-1,2,0,0,0,0,0,3,0,20,5,6,41.79407577,-87.63135487
0,317066,-1,30,1,-1,0,4,14,5,3,0,0,-1,0,-1,-1,-1,0,-1,1433,-1,-1,-1,-1,-1,-1,2,0,0,0,0,0,2,0,20,5,6,41.91074338,-87.66746956
0,318594,1,30,0,0,0,3,7,6,1,0,0,-1,0,-1,-1,1,0,-1,1424,-1,-1,-1,-1,-1,-1,2,0,0,0,0,0,1,0,20,5,6,41.90703396,-87.67723194
0,317074,-1,30,0,0,0,4,14,2,-1,0,1,0,0,-1,-1,-1,0,0,2515,-1,-1,-1,-1,-1,-1,2,0,0,0,0,0,2,0,19,5,6,41.92515937,-87.75633172
0,317058,-1,25,0,0,0,1,8,5,-1,0,0,-1,0,-1,-1,1,0,0,2433,-1,-1,-1,-1,-1,-1,2,0,0,0,0,0,1,0,19,5,6,41.9929375,-87.66021033
0,317048,-1,30,2,2,6,2,10,5,2,0,1,0,0,-1,-1,-1,18,-1,224,-1,1,-1,-1,-1,-1,2,0,0,0,0,0,3,0,19,5,6,41.80760287,-87.6210865
0,317088,-1,15,0,0,2,1,2,0,1,0,1,-1,1,-1,-1,-1,11,34,1011,-1,-1,-1,-1,-1,-1,1,0,0,0,0,0,1,0,19,5,6,41.86565012,-87.73142098
0,317166,-1,30,0,-1,2,1,14,0,-1,0,1,0,0,-1,-1,-1,17,0,1024,1,-1,-1,-1,-1,-1,2,0,0,0,0,0,3,0,19,5,6,41.85031133,-87.70750061
0,318301,-1,30,0,0,2,4,2,0,-1,0,1,-1,0,-1,-1,-1,-1,-1,732,-1,-1,-1,-1,-1,-1,1,0,0,0,0,0,3,0,19,5,6,41.75889566,-87.6431791
0,317077,-1,30,1,2,0,3,12,2,4,0,0,0,1,-1,-1,-1,22,18,112,-1,-1,-1,-1,-1,-1,2,0,0,0,0,0,2,0,19,5,6,41.88070581,-87.62758258
0,317069,-1,30,0,0,0,1,7,7,-1,0,0,0,0,-1,1,1,-1,-1,822,-1,-1,-1,-1,-1,-1,2,0,0,0,0,0,1,0,19,5,6,41.7935911,-87.7057885
2,317020,-1,30,1,2,2,1,0,3,6,0,1,0,1,1,-1,-1,6,11,935,-1,-1,-1,-1,-1,-1,2,1,0,0,1,0,1,0,19,5,6,41.79445339,-87.64285424
0,317028,-1,35,2,2,0,4,14,5,-1,0,0,0,0,1,-1,-1,23,-1,1733,-1,-1,-1,-1,-1,-1,2,0,0,0,0,0,2,0,19,5,6,41.95224191,-87.69833801
0,317017,-1,25,2,2,2,1,0,5,-1,0,1,0,1,-1,-1,-1,5,-1,2222,-1,-1,-1,-1,-1,-1,2,0,0,0,0,0,2,0,19,5,6,41.72680313,-87.65079891
0,318914,-1,25,0,0,2,3,7,6,-1,0,1,0,0,-1,-1,1,0,0,1933,-1,-1,-1,-1,-1,-1,2,0,0,0,0,0,1,0,19,5,6,41.93674065,-87.65506824
0,317051,-1,30,0,0,0,1,7,5,-1,0,0,0,0,-1,-1,-1,0,0,2013,-1,-1,-1,-1,-1,-1,2,0,0,0,0,0,1,0,19,5,6,41.97650692,-87.66826672
0,317031,-1,30,1,2,0,1,12,6,-1,0,1,0,0,1,-1,-1,0,-1,112,-1,1,-1,-1,-1,-1,2,0,0,0,0,0,3,0,19,5,6,41.8808979,-87.62625184
0,317725,-1,45,0,0,0,4,2,3,6,0,1,1,0,-1,-1,-1,-1,-1,114,-1,-1,-1,-1,-1,-1,1,0,0,0,0,0,1,0,18,5,6,41.88810202,-87.61430701
0,317053,-1,30,1,2,2,1,14,1,-1,0,1,0,0,-1,-1,-1,22,11,2524,-1,-1,-1,-1,-1,-1,2,0,0,0,0,0,2,0,18,5,6,41.92822191,-87.72702494
0,317025,-1,30,1,2,2,4,12,3,4,0,0,0,0,-1,-1,-1,21,-1,1432,-1,-1,-1,-1,-1,-1,2,0,0,0,0,0,2,0,18,5,6,41.91803163,-87.66745307
3,316974,-1,30,1,2,0,2,8,2,4,0,1,0,1,-1,-1,-1,18,0,734,-1,-1,-1,-1,-1,-1,2,1,0,1,0,0,1,0,18,5,6,41.75869028,-87.66347895
0,316982,-1,30,0,0,0,1,10,5,2,0,0,0,0,-1,-1,-1,18,16,1622,-1,-1,-1,-1,-1,-1,2,0,0,0,0,0,2,0,18,5,6,41.97918049,-87.78766014
0,316969,-1,30,1,-1,0,1,10,2,-1,0,0,-1,0,-1,-1,-1,0,0,233,-1,-1,-1,-1,-1,-1,2,0,0,0,0,0,3,0,18,5,6,41.79141533,-87.60630132
0,317855,-1,45,0,0,0,4,2,3,8,0,0,12,1,-1,-1,-1,-1,-1,114,-1,-1,-1,-1,-1,-1,1,0,0,0,0,0,1,0,18,5,6,41.88213277,-87.61748333
0,317599,-1,45,-1,-1,2,-1,4,-1,-1,0,1,1,0,-1,-1,-1,28,0,114,-1,-1,-1,-1,-1,-1,1,0,0,0,0,0,1,0,18,5,6,41.88326589,-87.61626953
0,317002,-1,30,0,0,0,1,10,5,1,0,1,0,0,-1,-1,-1,18,-1,1622,-1,-1,-1,-1,-1,-1,2,0,0,0,0,0,2,0,18,5,6,41.96597884,-87.76756751
1,316986,-1,30,2,2,1,1,8,5,2,0,0,0,1,1,-1,-1,17,5,611,-1,-1,-1,-1,-1,-1,2,1,0,0,0,1,1,0,18,5,6,41.75020143,-87.6670145
0,316953,-1,30,0,0,2,1,12,2,-1,0,1,0,0,-1,-1,-1,22,-1,813,-1,-1,-1,-1,-1,-1,2,0,0,0,0,0,2,0,18,5,6,41.78165944,-87.7229913
0,317029,-1,30,2,2,2,1,12,3,6,0,1,0,0,-1,-1,-1,4,21,413,1,1,-1,-1,-1,-1,2,0,0,0,0,0,2,0,18,5,6,41.72407478,-87.58530323
0,324671,-1,30,0,0,0,4,7,5,-1,0,0,0,0,-1,-1,1,0,-1,1433,-1,-1,-1,-1,-1,-1,2,0,0,0,0,0,1,0,18,5,6,41.90870954,-87.66757773
0,316959,-1,30,0,0,2,4,10,5,2,0,1,0,1,-1,-1,-1,18,0,2522,-1,-1,-1,-1,-1,-1,2,0,0,0,0,0,2,0,18,5,6,41.92401574,-87.75487343
0,316951,-1,30,0,0,1,1,11,6,1,0,1,0,0,-1,-1,-1,0,0,1921,-1,-1,-1,-1,-1,-1,2,0,0,0,0,0,2,0,18,5,6,41.95214027,-87.68491142
0,316947,-1,30,0,0,0,4,0,5,-1,0,1,0,0,-1,-1,-1,0,0,1034,-1,-1,-1,-1,-1,-1,2,0,0,0,0,0,2,0,18,5,6,41.85202516,-87.67814374
0,316906,-1,30,0,0,2,1,10,2,2,0,1,0,0,1,-1,1,0,-1,735,-1,-1,-1,-1,-1,-1,2,0,0,0,0,0,2,0,17,5,6,41.76496532,-87.66873975
0,365174,-1,30,1,2,0,1,2,5,2,0,0,0,0,-1,-1,-1,0,-1,1123,-1,-1,-1,0,-1,-1,1,0,0,0,0,0,4,0,17,5,6,41.88147905,-87.7157181
0,319261,-1,30,1,2,0,1,12,5,2,0,0,0,0,-1,-1,-1,0,0,1925,-1,-1,-1,-1,-1,-1,2,0,0,0,0,0,2,0,17,5,6,41.94018955,-87.63970198
0,317167,-1,30,0,0,2,1,12,6,3,0,1,0,0,-1,-1,-1,0,0,121,-1,-1,-1,-1,-1,-1,2,0,0,0,0,0,2,0,17,5,6,41.88199434,-87.63975869
0,316889,0,35,0,0,2,1,7,3,2,0,1,0,0,-1,-1,-1,16,-1,132,-1,-1,-1,-1,-1,-1,2,0,0,0,0,0,1,0,17,5,6,41.85679916,-87.61898739
2,316895,-1,30,2,2,2,1,10,2,2,0,1,0,1,-1,1,1,0,0,2533,-1,-1,-1,-1,-1,-1,3,1,0,0,1,0,4,0,17,5,6,41.90238595,-87.75318707
0,316893,-1,30,0,0,0,1,12,5,3,0,1,0,0,-1,-1,1,22,-1,1231,-1,-1,-1,-1,-1,-1,2,0,0,0,0,0,4,0,17,5,6,41.87525052,-87.66913875
0,317125,-1,30,3,2,1,1,12,2,4,0,1,0,0,-1,-1,-1,0,0,111,-1,-1,-1,-1,-1,-1,2,0,0,0,0,0,2,0,17,5,6,41.88670791,-87.63072941
0,316928,-1,30,2,0,2,4,10,5,2,0,1,-1,0,-1,-1,-1,20,9,1215,-1,-1,-1,-1,-1,-1,2,0,0,0,0,0,2,0,17,5,6,41.89437271,-87.66691438
0,316859,-1,15,0,0,2,1,7,7,-1,0,1,0,0,-1,-1,-1,0,0,1823,-1,-1,-1,-1,-1,-1,2,0,0,0,0,0,1,0,17,5,6,41.90054722,-87.63717745
2,318079,-1,30,1,2,0,1,10,2,2,0,0,0,1,-1,-1,-1,0,-1,2411,-1,-1,-1,-1,-1,-1,2,1,0,0,1,0,1,0,17,5,6,42.01215079,-87.69117782
0,316956,-1,40,0,0,0,1,2,3,4,0,0,0,1,-1,-1,-1,7,0,1934,-1,-1,-1,-1,-1,-1,1,0,0,0,0,0,1,0,17,5,6,41.93788919,-87.63494178
1,316851,-1,30,0,0,2,1,0,5,-1,0,1,0,1,-1,-1,-1,31,17,623,-1,-1,-1,-1,-1,-1,2,1,0,0,0,1,2,0,17,5,6,41.75614578,-87.63435476
0,317210,-1,30,1,2,1,1,10,3,4,0,1,-1,0,1,-1,-1,18,18,1833,-1,-1,-1,-1,-1,-1,2,0,0,0,0,0,2,0,17,5,6,41.89669019,-87.62410215
0,316957,-1,45,0,0,0,1,10,3,4,0,0,0,0,-1,-1,-1,18,0,1834,-1,-1,-1,-1,-1,-1,2,0,0,0,0,0,3,0,17,5,6,41.89373538,-87.61519672
0,316841,-1,30,0,0,2,1,10,5,-1,0,1,0,0,-1,-1,-1,0,-1,1935,-1,-1,-1,-1,-1,-1,2,0,0,0,0,0,2,0,17,5,6,41.9278051,-87.64196306
1,316863,-1,30,0,0,1,1,0,2,-1,0,1,0,1,-1,-1,1,17,-1,1623,-1,-1,-1,-1,-1,-1,2,1,0,0,0,1,1,0,17,5,6,41.97075873,-87.76314718
0,316909,-1,35,-1,-1,2,1,14,2,-1,0,1,-1,0,1,-1,-1,21,-1,2533,-1,-1,-1,-1,-1,-1,2,0,0,0,0,0,2,0,17,5,6,41.90977719,-87.74249842
0,316955,-1,30,0,0,0,1,14,5,-1,0,0,0,0,-1,-1,1,-1,-1,815,-1,-1,-1,-1,-1,-1,2,0,0,0,0,0,2,0,17,5,6,41.8005277,-87.72351928
0,316888,-1,30,1,2,0,1,10,2,-1,0,1,0,0,-1,-1,-1,16,18,912,-1,-1,-1,-1,-1,-1,2,0,0,0,0,0,2,0,17,5,6,41.82682115,-87.66562788
0,316834,-1,5,0,0,0,1,10,7,-1,0,1,-1,0,-1,1,-1,20,11,2422,-1,-1,-1,-1,-1,-1,2,0,0,0,0,0,3,0,17,5,6,42.01610022,-87.6682887
0,321740,-1,30,0,0,2,1,10,5,2,0,1,12,0,-1,-1,-1,16,18,1611,-1,-1,-1,-1,-1,-1,2,0,0,0,0,0,3,0,17,5,6,41.99775345,-87.80404638
0,317832,-1,30,1,2,2,1,12,5,-1,0,1,0,0,-1,-1,-1,21,0,1613,-1,-1,-1,-1,-1,-1,2,0,0,0,0,0,2,0,17,5,6,41.97823862,-87.80714541
0,316857,-1,0,-1,-1,0,1,7,6,1,0,0,-1,0,-1,-1,1,0,0,2233,-1,-1,-1,-1,-1,-1,2,0,0,0,0,0,1,0,17,5,6,41.69235283,-87.63346651
0,316820,-1,30,0,0,1,1,12,5,-1,0,0,0,0,-1,-1,-1,1,-1,735,-1,-1,-1,-1,-1,-1,2,0,0,0,0,0,2,0,17,5,6,41.76304349,-87.66387945
0,316803,-1,5,0,0,2,1,2,7,0,0,1,0,1,-1,1,-1,11,33,1431,-1,-1,-1,-1,-1,-1,1,0,0,0,0,0,1,0,16,5,6,41.92223872,-87.69651057
0,316878,-1,30,0,0,0,1,0,4,-1,0,0,0,0,-1,-1,-1,-1,-1,912,-1,-1,-1,-1,-1,-1,2,0,0,0,0,0,3,0,16,5,6,41.834179,-87.67256442
0,316807,-1,30,0,0,2,1,14,5,2,0,1,0,0,-1,-1,-1,23,-1,321,-1,-1,-1,1,1,-1,2,0,0,0,0,0,2,0,16,5,6,41.76749656,-87.60764393
1,318007,-1,30,0,0,2,1,12,3,6,0,1,0,1,-1,-1,-1,21,25,413,-1,-1,-1,-1,-1,-1,2,1,0,0,0,1,1,0,16,5,6,41.72407478,-87.58530323
0,316840,-1,30,0,0,1,1,10,5,2,0,1,0,0,-1,-1,1,18,0,1723,-1,-1,-1,-1,-1,-1,2,0,0,0,0,0,2,0,16,5,6,41.95558243,-87.72212257
0,316824,-1,30,0,0,2,1,10,5,-1,0,1,0,0,-1,-1,-1,0,0,1034,-1,-1,-1,-1,-1,-1,2,0,0,0,0,0,2,0,16,5,6,41.83734019,-87.69273259
0,316785,-1,30,2,2,2,1,2,2,2,0,1,-1,0,1,-1,1,17,0,621,-1,-1,-1,-1,-1,-1,1,0,0,0,0,0,2,0,16,5,6,41.75418412,-87.64398758