MOST_SEVERE_INJURY,RD_NO,CRASH_DATE_EST_I,POSTED_SPEED_LIMIT,TRAFFIC_CONTROL_DEVICE,DEVICE_CONDITION,WEATHER_CONDITION,LIGHTING_CONDITION,FIRST_CRASH_TYPE,TRAFFICWAY_TYPE,LANE_CNT,ALIGNMENT,ROADWAY_SURFACE_COND,ROAD_DEFECT,CRASH_TYPE,INTERSECTION_RELATED_I,NOT_RIGHT_OF_WAY_I,HIT_AND_RUN_I,PRIM_CONTRIBUTORY_CAUSE,SEC_CONTRIBUTORY_CAUSE,BEAT_OF_OCCURRENCE,PHOTOS_TAKEN_I,STATEMENTS_TAKEN_I,DOORING_I,WORK_ZONE_I,WORK_ZONE_TYPE,WORKERS_PRESENT_I,NUM_UNITS,INJURIES_TOTAL,INJURIES_FATAL,INJURIES_INCAPACITATING,INJURIES_NON_INCAPACITATING,INJURIES_REPORTED_NOT_EVIDENT,INJURIES_NO_INDICATION,INJURIES_UNKNOWN,CRASH_HOUR,CRASH_DAY_OF_WEEK,CRASH_MONTH,LATITUDE,LONGITUDE
0,316853,-1,30,0,0,2,1,7,5,2,0,1,0,0,-1,-1,1,0,-1,1632,-1,-1,-1,-1,-1,-1,2,0,0,0,0,0,1,0,16,5,6,41.94520755,-87.8043199
0,316801,-1,30,1,2,2,4,0,12,-1,0,1,0,1,1,-1,-1,0,0,334,-1,-1,-1,-1,-1,-1,4,0,0,0,0,0,4,0,16,5,6,41.76567111,-87.56665317
0,316761,-1,20,0,0,0,1,10,2,2,0,1,-1,0,-1,-1,-1,20,20,2413,-1,-1,-1,-1,-1,-1,2,0,0,0,0,0,2,0,16,5,6,41.99758039,-87.69225776
0,316759,-1,30,1,2,1,1,14,5,-1,0,1,0,0,-1,-1,-1,18,-1,2031,-1,-1,-1,-1,-1,-1,2,0,0,0,0,0,2,0,16,5,6,41.97325007,-87.68920861
0,316733,-1,30,0,0,2,1,14,5,-1,0,0,0,0,-1,-1,-1,6,6,511,-1,-1,-1,-1,-1,-1,2,0,0,0,0,0,2,0,16,5,6,41.71242201,-87.61406725
0,323772,-1,30,1,2,0,1,10,2,4,0,0,0,0,-1,-1,-1,16,0,1432,-1,-1,-1,-1,-1,-1,2,0,0,0,0,0,2,0,16,5,6,41.91837671,-87.66820765
0,316738,-1,30,1,2,2,1,10,5,2,0,1,0,0,-1,-1,-1,18,16,1122,-1,-1,-1,-1,-1,-1,2,0,0,0,0,0,2,0,16,5,6,41.88091398,-87.71967408
0,319088,-1,30,2,2,2,1,0,5,5,0,1,0,0,1,-1,-1,5,17,331,-1,-1,-1,-1,-1,-1,2,0,0,0,0,0,2,0,16,5,6,41.76711294,-87.5666413
0,317828,-1,30,1,2,2,1,10,6,1,0,1,0,0,-1,-1,-1,18,0,322,-1,-1,-1,-1,-1,-1,2,0,0,0,0,0,2,0,16,5,6,41.77291003,-87.61559471
0,316902,-1,30,-1,-1,2,1,12,5,2,0,1,-1,0,-1,-1,0,22,-1,911,-1,-1,-1,-1,-1,-1,2,0,0,0,0,0,2,0,16,5,6,41.83019254,-87.68488448
0,316762,-1,30,0,0,2,1,7,5,2,0,1,0,1,-1,-1,-1,13,-1,613,-1,-1,-1,-1,-1,-1,3,0,0,0,0,0,1,0,16,5,6,41.7376626,-87.65353731
0,316871,-1,30,2,2,2,1,14,3,4,0,1,0,0,1,-1,-1,17,34,1433,-1,-1,-1,-1,-1,-1,2,0,0,0,0,0,2,0,16,5,6,41.90865476,-87.66778353
2,316741,-1,30,0,0,2,1,9,3,4,0,1,0,1,-1,-1,-1,16,34,2433,-1,-1,-1,-1,-1,-1,2,1,0,0,1,0,1,0,16,5,6,41.99262303,-87.66993816
0,316735,-1,30,1,2,2,1,10,2,2,0,1,-1,0,1,-1,0,18,0,1511,-1,-1,-1,-1,-1,-1,2,0,0,0,0,0,2,0,16,5,6,41.89104721,-87.77486108
0,316722,-1,30,0,0,2,1,12,5,-1,0,1,0,0,-1,-1,-1,21,0,621,-1,-1,-1,-1,-1,-1,2,0,0,0,0,0,2,0,16,5,6,41.74723386,-87.63512548
0,316793,-1,30,0,0,2,1,10,3,-1,0,1,0,0,1,-1,1,0,0,114,-1,-1,-1,-1,-1,-1,2,0,0,0,0,0,3,0,16,5,6,41.88791004,-87.62080356
0,316764,-1,30,2,2,2,1,2,5,2,3,1,0,1,-1,-1,-1,12,-1,722,-1,-1,-1,-1,-1,-1,1,0,0,0,0,0,1,0,16,5,6,41.77660906,-87.62992271
0,319717,-1,10,0,0,-1,-1,7,7,-1,0,-1,-1,0,-1,-1,1,0,0,111,-1,-1,-1,-1,-1,-1,2,0,0,0,0,0,1,0,16,5,6,41.88535046,-87.62933739
0,319358,-1,30,0,0,0,1,14,7,-1,0,1,0,0,-1,1,-1,-1,-1,833,-1,-1,-1,-1,-1,-1,2,0,0,0,0,0,3,0,16,5,6,41.75466012,-87.74138476
0,317860,-1,30,0,0,2,1,7,5,-1,0,1,0,0,-1,-1,-1,0,0,1822,-1,-1,-1,-1,-1,-1,2,0,0,0,0,0,2,0,16,5,6,41.89767485,-87.64312256
0,317502,-1,30,2,2,2,1,0,2,-1,0,1,0,0,-1,-1,-1,17,-1,1221,-1,-1,-1,-1,-1,-1,2,0,0,0,0,0,2,0,16,5,6,41.89081045,-87.68431333
0,317438,-1,30,0,0,2,1,12,5,-1,0,1,0,0,-1,-1,-1,17,17,1124,-1,-1,-1,-1,-1,-1,2,0,0,0,0,0,2,0,16,5,6,41.8778878,-87.69635179
0,316821,-1,30,0,0,2,1,10,5,2,0,1,-1,0,-1,-1,1,0,0,434,-1,-1,-1,-1,-1,-1,2,0,0,0,0,0,2,0,16,5,6,41.67012319,-87.55911223
0,316778,-1,30,1,2,0,1,14,5,-1,0,0,0,0,-1,-1,-1,11,11,314,-1,-1,-1,-1,-1,-1,2,0,0,0,0,0,2,0,16,5,6,41.7805254,-87.586603
0,316776,-1,30,2,0,2,1,0,5,-1,0,1,0,0,-1,-1,-1,17,0,1634,-1,-1,-1,-1,-1,-1,2,0,0,0,0,0,2,0,16,5,6,41.95149483,-87.75723874
0,316760,-1,30,0,0,1,1,0,2,4,0,0,0,0,-1,-1,-1,17,0,2221,-1,-1,-1,-1,-1,-1,2,0,0,0,0,0,2,0,16,5,6,41.72359844,-87.66258538
0,316753,1,30,1,2,2,1,0,2,4,0,1,0,1,1,-1,-1,6,6,2211,-1,-1,-1,-1,-1,-1,2,0,0,0,0,0,4,0,16,5,6,41.69877702,-87.70122561
0,316745,-1,30,1,2,2,1,10,5,2,0,1,-1,0,-1,-1,-1,18,-1,1213,-1,-1,-1,-1,-1,-1,2,0,0,0,0,0,2,0,16,5,6,41.89760431,-87.65642514
0,316726,-1,30,0,0,2,1,14,3,0,0,1,0,0,1,-1,-1,33,34,1711,-1,-1,-1,-1,-1,-1,2,0,0,0,0,0,2,0,16,5,6,41.99496084,-87.71504551
0,316819,-1,15,0,0,2,1,0,6,-1,0,1,0,0,-1,-1,-1,17,-1,815,-1,-1,-1,-1,-1,-1,2,0,0,0,0,0,3,0,15,5,6,41.80733896,-87.72709535
0,316703,-1,30,1,2,2,1,7,5,4,0,1,0,1,1,-1,-1,15,34,634,-1,-1,-1,-1,-1,-1,2,0,0,0,0,0,1,0,15,5,6,41.72189634,-87.6203334
0,316705,-1,30,0,0,0,1,10,5,4,0,1,0,0,-1,-1,-1,0,-1,1225,-1,-1,-1,-1,-1,-1,2,0,0,0,0,0,2,0,15,5,6,41.87747696,-87.68619603
2,316697,-1,30,0,0,2,1,7,6,1,0,1,0,1,-1,-1,-1,25,22,1524,-1,-1,-1,-1,-1,-1,4,1,0,0,1,0,3,0,15,5,6,41.89281753,-87.76522511
0,317631,-1,45,1,2,2,1,10,3,6,0,1,0,0,1,-1,-1,16,18,114,-1,-1,-1,-1,-1,-1,2,0,0,0,0,0,2,0,15,5,6,41.88085605,-87.61763589
0,316770,-1,30,0,-1,2,1,14,0,2,0,1,-1,0,-1,-1,-1,0,0,1034,-1,-1,-1,-1,-1,-1,2,0,0,0,0,0,2,0,15,5,6,41.84829802,-87.68495667
2,316727,-1,30,0,0,2,1,14,2,4,0,1,0,1,-1,-1,-1,23,-1,1221,-1,-1,-1,-1,-1,-1,2,3,0,0,3,0,0,0,15,5,6,41.89555353,-87.69478113
0,316724,-1,30,0,0,2,1,14,5,2,0,1,0,0,-1,-1,-1,0,-1,1831,-1,-1,-1,-1,-1,-1,2,0,0,0,0,0,2,0,15,5,6,41.8963865,-87.6412796
0,316702,-1,30,0,0,2,1,14,5,4,2,1,0,0,-1,-1,-1,0,23,913,-1,-1,-1,-1,-1,-1,2,0,0,0,0,0,3,0,15,5,6,41.839053,-87.66361847
0,316687,-1,30,1,2,1,1,10,2,2,0,0,0,0,-1,-1,-1,18,12,2212,-1,-1,-1,-1,-1,-1,2,0,0,0,0,0,2,0,15,5,6,41.69173217,-87.6810073
0,316749,-1,30,0,0,2,1,12,5,2,0,1,0,1,1,-1,-1,16,18,1623,-1,-1,-1,-1,-1,-1,2,0,0,0,0,0,2,0,15,5,6,41.96068193,-87.75973035
0,316832,-1,30,1,2,0,1,10,5,2,0,0,0,0,-1,-1,-1,20,-1,1231,-1,-1,-1,-1,-1,-1,2,0,0,0,0,0,2,0,15,5,6,41.86697112,-87.66650974
0,317973,-1,30,1,2,2,1,10,5,2,0,1,0,0,1,-1,-1,0,0,1831,-1,-1,-1,-1,-1,-1,2,0,0,0,0,0,2,0,15,5,6,41.88990761,-87.63660772
0,317027,-1,30,0,0,2,1,12,5,4,0,1,0,0,-1,-1,-1,0,0,1214,-1,-1,-1,-1,-1,-1,2,0,0,0,0,0,2,0,15,5,6,41.89129542,-87.64752788
0,316934,-1,30,-1,-1,2,1,12,3,-1,0,1,-1,0,-1,-1,-1,22,22,622,-1,-1,-1,-1,-1,-1,2,0,0,0,0,0,3,0,15,5,6,41.73622464,-87.64345612
0,316714,-1,30,0,0,2,1,10,5,4,0,1,0,0,-1,-1,-1,18,0,811,-1,-1,-1,-1,-1,-1,2,0,0,0,0,0,2,0,15,5,6,41.79216385,-87.78540566
0,316700,-1,30,0,0,2,1,12,5,-1,0,1,0,0,-1,-1,-1,17,-1,1224,-1,-1,-1,-1,-1,-1,2,0,0,0,0,0,2,0,15,5,6,41.8819098,-87.6456222
2,316706,-1,30,1,2,0,1,10,2,2,0,1,0,1,-1,-1,-1,18,15,1633,-1,-1,-1,-1,-1,-1,2,1,0,0,1,0,1,0,15,5,6,41.94948629,-87.76673176
0,316673,-1,30,0,0,2,1,14,5,-1,0,1,0,0,-1,-1,-1,-1,-1,935,-1,1,-1,-1,-1,-1,2,0,0,0,0,0,2,0,15,5,6,41.80339862,-87.6431032
0,316756,-1,30,0,0,0,1,10,2,-1,0,1,0,0,-1,-1,-1,0,-1,312,-1,-1,-1,-1,-1,-1,2,0,0,0,0,0,5,0,15,5,6,41.78031747,-87.60607456
2,316683,-1,30,1,2,1,1,9,5,-1,0,1,0,1,1,-1,-1,17,-1,1034,-1,-1,-1,-1,-1,-1,2,1,0,0,1,0,1,0,15,5,6,41.84835626,-87.68538838
0,316795,-1,30,0,0,2,1,12,5,-1,0,1,0,0,-1,-1,-1,17,-1,815,-1,-1,-1,-1,-1,-1,2,0,0,0,0,0,2,0,15,5,6,41.81834902,-87.72409641
2,316643,-1,30,2,2,2,1,8,12,1,0,1,0,1,-1,-1,1,17,17,2515,-1,-1,-1,-1,-1,-1,2,1,0,0,1,0,1,0,15,5,6,41.9257626,-87.77471266
0,316720,-1,30,0,0,0,1,7,5,-1,0,0,0,0,-1,-1,-1,-1,-1,931,-1,-1,-1,-1,-1,-1,2,0,0,0,0,0,2,0,15,5,6,41.80383352,-87.66499026
0,316845,-1,15,0,0,2,1,0,0,1,0,1,0,0,-1,-1,-1,0,17,213,-1,-1,-1,-1,-1,-1,2,0,0,0,0,0,2,0,15,5,6,41.82950367,-87.62349042
0,316823,-1,25,1,2,1,1,7,5,3,0,1,0,0,-1,-1,-1,11,-1,2221,-1,-1,-1,-1,-1,-1,2,0,0,0,0,0,1,0,15,5,6,41.73563302,-87.66807009
0,316666,-1,30,2,2,2,1,0,2,-1,0,1,0,1,1,-1,1,22,-1,822,-1,-1,-1,-1,-1,-1,2,0,0,0,0,0,2,0,15,5,6,41.7860844,-87.72063348
0,316664,-1,30,11,0,2,1,2,5,-1,0,1,0,0,-1,-1,1,16,0,915,-1,-1,-1,-1,-1,-1,1,0,0,0,0,0,1,0,15,5,6,41.83098652,-87.63656033
0,316655,-1,30,0,0,2,1,10,5,-1,0,1,0,0,-1,-1,-1,18,18,825,-1,-1,-1,-1,-1,-1,2,0,0,0,0,0,5,0,15,5,6,41.7809601,-87.68383373
0,316648,-1,30,0,0,2,1,3,5,-1,0,1,0,0,-1,-1,-1,20,0,2521,-1,-1,-1,-1,-1,-1,2,0,0,0,0,0,8,0,15,5,6,41.92652279,-87.75362477
0,316633,-1,10,12,12,2,1,10,7,-1,0,1,0,0,-1,-1,-1,20,20,811,-1,-1,-1,-1,-1,-1,2,0,0,0,0,0,2,0,15,5,6,41.79435485,-87.77052715
1,316650,-1,30,1,2,2,1,14,2,2,0,1,0,1,1,-1,-1,22,16,632,-1,-1,-1,-1,-1,-1,2,2,0,0,0,2,0,0,14,5,6,41.73645505,-87.61467291
2,316659,-1,30,0,0,2,1,10,3,4,0,1,-1,1,-1,-1,-1,18,-1,123,-1,-1,-1,-1,-1,-1,2,2,0,0,2,0,1,0,14,5,6,41.86745182,-87.63240883
0,316694,-1,0,0,0,2,1,7,7,-1,0,1,-1,0,-1,1,-1,0,0,1621,-1,-1,-1,-1,-1,-1,2,0,0,0,0,0,1,0,14,5,6,42.01188197,-87.78682592
0,316677,-1,30,1,2,2,1,12,2,4,1,1,0,0,1,-1,-1,21,-1,821,-1,-1,-1,-1,-1,-1,2,0,0,0,0,0,2,0,14,5,6,41.82299964,-87.72390384
1,316630,-1,30,2,0,2,1,14,2,4,0,1,0,1,1,-1,-1,33,0,1724,-1,-1,-1,-1,-1,-1,2,2,0,0,0,2,0,0,14,5,6,41.95407145,-87.70074524
1,316647,-1,30,2,2,2,1,14,2,4,0,1,0,1,1,-1,-1,0,0,722,-1,-1,-1,-1,-1,-1,2,1,0,0,0,1,7,0,14,5,6,41.76920681,-87.62842297
0,316635,-1,30,0,0,2,1,14,5,4,0,1,0,1,-1,-1,1,0,0,912,-1,-1,-1,-1,-1,-1,3,0,0,0,0,0,2,0,14,5,6,41.82714933,-87.68269713
0,316625,-1,30,0,0,2,1,10,6,2,0,1,0,0,-1,-1,-1,18,-1,1834,-1,-1,-1,-1,-1,-1,2,0,0,0,0,0,2,0,14,5,6,41.89115361,-87.61805848
0,316736,-1,30,0,0,2,1,2,2,-1,0,1,0,1,-1,-1,-1,23,23,1223,-1,-1,-1,-1,-1,-1,1,0,0,0,0,0,1,0,14,5,6,41.88326708,-87.67194495
0,323010,-1,30,0,0,2,1,14,5,4,0,1,-1,0,-1,-1,-1,0,-1,912,-1,-1,-1,-1,-1,-1,2,0,0,0,0,0,2,0,14,5,6,41.8275839,-87.68245444
0,316958,-1,5,0,0,2,1,0,7,0,0,1,0,0,-1,1,-1,20,0,823,-1,-1,-1,-1,-1,-1,2,0,0,0,0,0,3,0,14,5,6,41.77898719,-87.70886382
0,316681,-1,30,-1,-1,-1,1,0,2,4,0,1,-1,0,-1,-1,-1,0,0,634,-1,-1,1,-1,-1,-1,2,0,0,0,0,0,2,0,14,5,6,41.72190101,-87.62006369
0,316607,-1,30,0,0,2,1,10,3,4,0,1,0,1,-1,-1,-1,18,18,2223,-1,-1,-1,-1,-1,-1,4,0,0,0,0,0,4,0,14,5,6,41.72133518,-87.64436374
0,316644,-1,35,1,2,2,1,10,5,-1,0,1,0,0,1,-1,1,18,-1,1125,-1,-1,-1,-1,-1,-1,2,0,0,0,0,0,2,0,14,5,6,41.87853495,-87.6865104
1,316602,-1,30,1,2,2,1,0,5,-1,0,1,0,1,1,-1,-1,6,-1,124,-1,-1,-1,-1,-1,-1,2,2,0,0,0,2,1,0,14,5,6,41.86980688,-87.64367009
1,316883,-1,30,1,2,2,1,9,6,4,0,1,0,1,1,-1,1,0,0,623,-1,-1,-1,-1,-1,-1,2,1,0,0,0,1,1,0,14,5,6,41.75640041,-87.62486969
0,316676,-1,35,0,0,2,1,0,2,-1,0,1,0,0,-1,-1,-1,16,-1,1831,-1,-1,-1,-1,-1,-1,2,0,0,0,0,0,3,0,14,5,6,41.89406149,-87.63725234
0,316597,-1,20,0,0,2,1,14,2,2,0,1,-1,0,-1,-1,1,23,22,2013,-1,-1,-1,-1,-1,-1,2,0,0,0,0,0,2,0,14,5,6,41.98561003,-87.66307511
0,316626,-1,30,0,0,2,1,10,5,2,0,1,0,0,-1,-1,-1,0,0,1034,-1,-1,-1,-1,-1,-1,2,0,0,0,0,0,2,0,14,5,6,41.83807093,-87.69426723
0,316623,-1,35,0,0,2,1,12,6,4,0,1,0,0,-1,-1,-1,0,-1,122,-1,-1,-1,-1,-1,-1,3,0,0,0,0,0,2,0,14,5,6,41.88205092,-87.63445791
0,316796,-1,30,1,2,2,1,14,5,2,0,1,0,0,1,-1,-1,21,23,821,-1,-1,-1,-1,-1,-1,2,0,0,0,0,0,2,0,14,5,6,41.80822625,-87.70403167
0,316651,-1,10,0,0,2,1,0,7,0,0,1,0,0,-1,-1,-1,0,0,2411,-1,-1,-1,-1,-1,-1,2,0,0,0,0,0,3,0,14,5,6,42.019439,-87.69032202
0,316646,-1,30,1,2,2,1,0,5,2,0,1,0,0,1,-1,1,6,17,624,-1,-1,-1,-1,-1,-1,2,0,0,0,0,0,5,0,14,5,6,41.75860901,-87.59572136
0,316608,-1,30,1,2,2,1,12,5,4,0,1,0,0,1,-1,-1,21,0,1432,-1,-1,-1,-1,-1,-1,2,0,0,0,0,0,4,0,14,5,6,41.92484456,-87.68367714
0,316592,-1,25,0,0,2,1,0,5,-1,0,1,0,0,-1,-1,-1,-1,-1,1222,-1,-1,-1,-1,-1,-1,2,0,0,0,0,0,2,0,14,5,6,41.88435148,-87.69644256
0,316591,-1,30,0,0,2,1,14,5,-1,0,1,0,0,-1,-1,-1,17,-1,2531,-1,-1,-1,-1,-1,-1,2,0,0,0,0,0,2,0,14,5,6,41.91271644,-87.77045668
0,316581,-1,15,0,0,2,1,0,7,1,0,1,-1,0,-1,1,-1,0,0,2032,-1,-1,-1,-1,-1,-1,2,0,0,0,0,0,2,0,14,5,6,41.96892624,-87.67458649
2,316547,-1,30,0,0,2,1,10,5,-1,2,1,0,1,-1,-1,-1,16,11,2212,-1,-1,-1,-1,-1,-1,2,1,0,0,1,0,1,0,13,5,6,41.69175632,-87.69402864
0,316596,-1,30,2,2,2,1,10,5,-1,0,1,0,0,-1,-1,-1,0,0,2234,-1,-1,-1,-1,-1,-1,2,0,0,0,0,0,3,0,13,5,6,41.69231963,-87.65466321
0,324676,-1,30,1,2,2,1,10,2,4,0,1,0,0,-1,-1,1,18,-1,1434,-1,-1,-1,-1,-1,-1,2,0,0,0,0,0,3,0,13,5,6,41.91061185,-87.67650857
0,316574,-1,30,0,0,2,1,12,3,-1,0,1,0,0,-1,-1,1,14,34,524,-1,1,-1,-1,-1,-1,2,0,0,0,0,0,2,0,13,5,6,41.68275318,-87.64222142
0,316680,-1,30,1,2,2,1,14,5,4,0,1,0,0,1,-1,-1,17,11,835,-1,-1,-1,-1,-1,-1,2,0,0,0,0,0,8,0,13,5,6,41.74272797,-87.68282479
0,316542,-1,30,0,0,2,1,12,5,4,0,1,0,0,-1,-1,-1,22,-1,114,-1,-1,-1,-1,-1,-1,2,0,0,0,0,0,2,0,13,5,6,41.88454861,-87.62392953
0,331571,1,45,2,0,2,1,2,3,-1,3,1,1,0,-1,-1,-1,0,0,1834,-1,-1,-1,-1,-1,-1,1,0,0,0,0,0,1,0,13,5,6,41.89114707,-87.61437506
0,317555,-1,10,0,0,2,1,7,7,-1,0,1,0,0,-1,-1,1,0,-1,2511,-1,-1,-1,-1,-1,-1,2,0,0,0,0,0,1,0,13,5,6,41.93829462,-87.78587423
0,316572,-1,55,0,0,2,1,10,3,2,0,1,0,0,-1,-1,-1,16,-1,1925,-1,-1,-1,-1,-1,-1,2,0,0,0,0,0,5,0,13,5,6,41.95457528,-87.64441473
3,316548,0,30,1,2,2,1,3,2,-1,0,1,0,1,1,-1,-1,0,17,1022,-1,-1,-1,-1,-1,-1,3,3,0,1,2,0,1,0,13,5,6,41.8593302,-87.70182388
0,316536,-1,30,0,0,2,1,2,2,4,0,1,0,0,0,-1,-1,21,34,1724,-1,-1,-1,0,-1,-1,1,0,0,0,0,0,1,0,13,5,6,41.95398125,-87.71190204
0,316611,-1,30,0,0,2,1,0,6,-1,0,1,0,0,-1,-1,-1,20,-1,1212,-1,-1,-1,-1,-1,-1,2,0,0,0,0,0,2,0,13,5,6,41.89663537,-87.68182273
0,316876,-1,30,1,2,0,1,10,5,2,0,0,0,0,-1,-1,-1,18,-1,1215,-1,-1,-1,-1,-1,-1,2,0,0,0,0,0,2,0,13,5,6,41.89633211,-87.65533049
0,316514,-1,30,0,0,2,1,5,0,-1,0,1,0,0,-1,1,1,0,20,831,-1,-1,-1,-1,-1,-1,1,0,0,0,0,0,1,0,13,5,6,41.76072277,-87.71114354
0,317109,-1,25,-1,-1,2,1,12,6,1,0,1,-1,0,-1,-1,-1,0,0,1922,-1,-1,-1,-1,-1,-1,2,0,0,0,0,0,3,0,13,5,6,41.95223984,-87.67734996
0,316579,-1,30,0,0,2,1,11,2,1,0,1,0,0,-1,-1,1,22,34,1434,-1,-1,-1,-1,-1,-1,2,0,0,0,0,0,2,0,13,5,6,41.9120173,-87.68796544
0,316495,-1,30,2,2,2,1,0,5,4,0,1,0,1,1,-1,-1,17,34,1733,-1,-1,-1,-1,-1,-1,2,0,0,0,0,0,2,0,13,5,6,41.94851252,-87.711385
0,316686,-1,30,0,0,2,1,7,5,-1,0,1,0,0,-1,-1,1,-1,-1,911,-1,-1,-1,-1,-1,-1,2,0,0,0,0,0,1,0,13,5,6,41.82411285,-87.68813504
0,316549,-1,30,1,2,2,1,14,6,3,0,1,0,0,1,-1,-1,23,-1,121,-1,-1,-1,-1,-1,-1,2,0,0,0,0,0,2,0,13,5,6,41.88329092,-87.63978476
0,316526,-1,30,1,2,2,1,10,5,-1,0,1,0,0,-1,-1,-1,18,-1,624,-1,-1,-1,-1,-1,-1,2,0,0,0,0,0,4,0,13,5,6,41.75666358,-87.60548737
0,316523,-1,30,0,0,2,1,7,5,-1,0,1,0,0,-1,-1,1,0,-1,431,-1,-1,-1,-1,-1,-1,2,0,0,0,0,0,1,0,13,5,6,41.70972841,-87.5681969
0,316513,-1,35,0,0,2,1,10,3,-1,0,1,12,1,-1,-1,1,18,0,1034,-1,-1,-1,-1,-1,-1,2,0,0,0,0,0,4,0,13,5,6,41.83825091,-87.69031387
2,316508,-1,30,0,0,2,1,10,2,-1,0,1,0,1,0,-1,1,16,18,912,-1,-1,-1,-1,-1,-1,4,1,0,0,1,0,5,0,13,5,6,41.8293432,-87.68428394
0,316474,-1,15,12,12,2,1,3,5,4,0,1,0,0,-1,-1,-1,20,-1,1834,-1,-1,-1,-1,-1,-1,2,0,0,0,0,0,3,0,13,5,6,41.89209414,-87.61156988
0,316563,-1,30,0,0,2,1,10,5,2,0,1,0,0,-1,-1,-1,22,14,623,-1,-1,-1,-1,-1,-1,4,0,0,0,0,0,4,0,12,5,6,41.75821854,-87.61949809
2,316490,-1,25,0,0,2,1,14,5,-1,0,1,-1,1,-1,-1,-1,34,11,1011,-1,-1,-1,-1,-1,-1,2,1,0,0,1,0,1,0,12,5,6,41.86588566,-87.7374859
1,316470,-1,30,0,0,2,-1,14,0,2,0,1,0,1,1,-1,-1,17,34,1221,-1,-1,-1,-1,-1,-1,2,1,0,0,0,1,1,0,12,5,6,41.89366876,-87.67713497
0,316485,-1,30,1,2,2,1,2,2,2,0,1,0,0,-1,-1,-1,-1,-1,1623,-1,-1,-1,-1,-1,-1,1,0,0,0,0,0,1,0,12,5,6,41.96790961,-87.74839202
0,336403,-1,30,1,2,0,1,10,5,-1,0,0,0,0,-1,-1,-1,20,0,1411,-1,-1,-1,-1,-1,-1,2,0,0,0,0,0,2,0,12,5,6,41.93583959,-87.69298991
0,316462,-1,30,0,0,2,1,10,5,4,0,1,0,0,-1,-1,-1,18,0,2515,-1,-1,-1,-1,-1,-1,3,0,0,0,0,0,3,0,12,5,6,41.92397485,-87.77334949
0,317588,-1,30,1,2,2,1,12,5,2,0,1,0,0,-1,-1,-1,34,-1,313,-1,-1,-1,-1,-1,-1,2,0,0,0,0,0,2,0,12,5,6,41.780504,-87.61548264
0,316600,-1,30,1,2,2,1,14,5,2,0,1,0,0,1,-1,-1,0,0,1814,-1,-1,-1,-1,-1,-1,2,0,0,0,0,0,2,0,12,5,6,41.92550085,-87.63583666
0,316486,-1,30,0,0,2,1,2,5,2,2,1,0,0,-1,1,-1,11,16,131,-1,-1,-1,-1,-1,-1,1,0,0,0,0,0,1,0,12,5,6,41.85787936,-87.63068944
0,316540,-1,35,1,2,2,1,12,3,3,0,1,0,0,-1,-1,-1,16,-1,114,-1,-1,-1,-1,-1,-1,2,0,0,0,0,0,2,0,12,5,6,41.88748135,-87.6158676
0,316456,-1,20,0,0,2,1,7,5,-1,0,1,0,0,-1,-1,-1,0,0,1931,-1,-1,-1,-1,-1,-1,2,0,0,0,0,0,1,0,12,5,6,41.93753085,-87.68726667
0,316452,-1,30,2,2,2,1,0,2,-1,0,1,0,0,-1,-1,-1,0,0,1215,-1,-1,-1,-1,-1,-1,2,0,0,0,0,0,2,0,12,5,6,41.89429946,-87.66738514
0,316892,-1,30,0,0,2,1,5,0,1,0,0,0,0,-1,1,-1,0,0,1512,-1,-1,-1,-1,-1,-1,1,0,0,0,0,0,1,0,12,5,6,41.88276565,-87.77316202
0,316499,-1,30,2,2,2,1,0,5,-1,0,1,0,0,-1,-1,-1,0,-1,1213,-1,-1,-1,-1,-1,-1,2,0,0,0,0,0,2,0,12,5,6,41.89640005,-87.65374951
0,316443,-1,15,0,0,2,1,0,12,-1,0,1,0,0,-1,1,-1,20,34,511,-1,-1,-1,-1,-1,-1,2,0,0,0,0,0,2,0,12,5,6,41.72132865,-87.59077254
0,316428,-1,30,2,2,2,1,14,2,-1,0,1,0,0,1,-1,-1,0,0,1711,-1,-1,-1,-1,-1,-1,2,0,0,0,0,0,2,0,12,5,6,41.9971984,-87.71434623
0,316414,-1,30,1,2,0,1,12,5,2,0,1,0,0,-1,-1,-1,0,0,1232,-1,-1,-1,-1,-1,-1,2,0,0,0,0,0,2,0,12,5,6,41.8781024,-87.64739071
0,316431,-1,0,2,2,2,1,0,5,2,0,1,0,0,-1,-1,-1,21,22,1214,-1,-1,-1,-1,-1,-1,2,0,0,0,0,0,3,0,11,5,6,41.89611755,-87.65345263
0,316522,-1,30,1,2,2,1,14,3,-1,0,1,0,0,1,-1,-1,13,16,123,-1,-1,-1,-1,-1,-1,2,0,0,0,0,0,2,0,11,5,6,41.87174062,-87.62767068
0,317888,-1,30,0,0,2,1,7,6,1,0,-1,-1,0,-1,-1,1,20,20,1925,-1,-1,-1,-1,-1,-1,2,0,0,0,0,0,1,0,11,5,6,41.94570505,-87.64284053
0,316521,-1,30,0,0,2,1,12,5,2,0,1,0,0,0,-1,-1,11,0,1031,-1,-1,-1,-1,-1,-1,2,0,0,0,0,0,2,0,11,5,6,41.83724042,-87.73414651