MOST_SEVERE_INJURY,RD_NO,CRASH_DATE_EST_I,POSTED_SPEED_LIMIT,TRAFFIC_CONTROL_DEVICE,DEVICE_CONDITION,WEATHER_CONDITION,LIGHTING_CONDITION,FIRST_CRASH_TYPE,TRAFFICWAY_TYPE,LANE_CNT,ALIGNMENT,ROADWAY_SURFACE_COND,ROAD_DEFECT,CRASH_TYPE,INTERSECTION_RELATED_I,NOT_RIGHT_OF_WAY_I,HIT_AND_RUN_I,PRIM_CONTRIBUTORY_CAUSE,SEC_CONTRIBUTORY_CAUSE,BEAT_OF_OCCURRENCE,PHOTOS_TAKEN_I,STATEMENTS_TAKEN_I,DOORING_I,WORK_ZONE_I,WORK_ZONE_TYPE,WORKERS_PRESENT_I,NUM_UNITS,INJURIES_TOTAL,INJURIES_FATAL,INJURIES_INCAPACITATING,INJURIES_NON_INCAPACITATING,INJURIES_REPORTED_NOT_EVIDENT,INJURIES_NO_INDICATION,INJURIES_UNKNOWN,CRASH_HOUR,CRASH_DAY_OF_WEEK,CRASH_MONTH,LATITUDE,LONGITUDE
1,316459,-1,25,0,0,2,1,9,5,-1,0,1,0,1,1,-1,1,0,-1,124,-1,-1,-1,-1,-1,-1,2,1,0,0,0,1,1,0,11,5,6,41.86984047,-87.64131872
2,316424,-1,25,1,2,2,1,9,5,0,1,1,0,1,1,-1,1,0,0,2433,-1,-1,-1,-1,-1,-1,2,1,0,0,1,0,1,0,11,5,6,41.99785057,-87.67676944
0,316422,-1,25,3,5,2,1,2,5,2,0,1,3,0,-1,-1,-1,33,20,2431,-1,-1,-1,-1,-1,-1,1,0,0,0,0,0,1,0,11,5,6,42.00770808,-87.67126376
0,316408,-1,30,1,2,2,1,11,2,2,0,1,0,1,1,-1,-1,34,-1,225,-1,-1,-1,-1,-1,-1,2,0,0,0,0,0,2,0,11,5,6,41.79422973,-87.62554271
2,317461,-1,30,1,2,2,1,10,5,4,0,1,0,1,-1,-1,-1,16,-1,124,-1,-1,-1,-1,-1,-1,2,1,0,0,1,0,2,0,11,5,6,41.87433069,-87.63960074
0,316791,-1,30,0,0,2,1,0,5,-1,0,1,0,0,-1,-1,-1,0,-1,1821,-1,-1,-1,-1,-1,-1,2,0,0,0,0,0,3,0,11,5,6,41.90717643,-87.63473784
0,316554,-1,30,0,0,0,1,10,7,99,0,1,0,0,-1,-1,1,11,0,412,-1,-1,-1,-1,-1,-1,2,0,0,0,0,0,2,0,11,5,6,41.73664716,-87.59709715
0,316439,-1,30,0,0,2,1,14,5,-1,0,1,0,0,-1,-1,-1,21,23,1433,-1,-1,-1,-1,-1,-1,2,0,0,0,0,0,2,0,11,5,6,41.91087554,-87.65827824
0,316390,-1,30,1,2,2,1,10,2,4,0,1,0,1,-1,-1,-1,16,-1,1611,-1,-1,-1,-1,-1,-1,2,0,0,0,0,0,5,0,11,5,6,41.99681181,-87.78754669
0,316365,-1,30,9,4,2,1,4,5,1,2,1,1,1,-1,-1,-1,29,34,413,-1,-1,-1,1,1,-1,1,0,0,0,0,0,1,0,11,5,6,41.72573885,-87.59623053
0,316440,-1,30,1,2,2,1,14,2,-1,0,1,0,0,1,-1,1,20,-1,1224,1,-1,-1,-1,-1,-1,2,0,0,0,0,0,3,0,11,5,6,41.88132906,-87.6680499
1,316402,-1,20,2,2,2,1,14,5,2,0,1,0,1,-1,-1,-1,0,0,2535,-1,-1,-1,-1,-1,-1,2,1,0,0,0,1,4,0,11,5,6,41.90621332,-87.72148445
0,316395,-1,15,0,0,2,1,2,7,-1,0,1,-1,0,-1,1,-1,20,-1,2522,-1,-1,-1,-1,-1,-1,1,0,0,0,0,0,1,0,11,5,6,41.92169592,-87.74039545
0,316377,-1,30,0,0,2,1,7,6,-1,0,0,0,0,-1,-1,-1,0,0,824,-1,-1,-1,-1,-1,-1,2,0,0,0,0,0,1,0,11,5,6,41.78883802,-87.68648995
0,316556,-1,15,0,0,2,1,7,0,1,0,1,0,0,-1,-1,1,0,-1,1434,-1,-1,-1,-1,-1,-1,2,0,0,0,0,0,1,0,11,5,6,41.91313937,-87.68195744
0,316405,1,20,0,0,2,1,12,5,1,0,1,0,0,-1,-1,-1,0,0,1822,-1,-1,-1,-1,-1,-1,2,0,0,0,0,0,2,0,10,5,6,41.90643022,-87.64830557
1,316371,-1,30,0,0,2,1,10,2,4,0,1,0,1,-1,-1,-1,34,-1,2024,-1,-1,-1,-1,-1,-1,3,1,0,0,0,1,2,0,10,5,6,41.96923451,-87.65211983
0,316374,-1,30,1,2,2,1,10,2,2,0,0,0,0,1,-1,-1,18,-1,1211,-1,-1,-1,-1,-1,-1,2,0,0,0,0,0,3,0,10,5,6,41.89574116,-87.6968524
3,324652,-1,15,0,0,0,1,7,12,-1,0,0,0,1,-1,1,-1,11,0,1711,-1,-1,-1,-1,-1,-1,4,3,0,3,0,0,0,0,10,5,6,41.99037638,-87.71855009
0,316363,-1,30,0,0,2,1,12,12,-1,0,1,0,1,-1,-1,-1,21,22,122,-1,-1,-1,-1,-1,-1,2,0,0,0,0,0,2,0,10,5,6,41.87567065,-87.63085896
0,329421,-1,15,0,0,0,1,7,7,1,0,0,0,0,-1,1,-1,0,-1,412,-1,-1,-1,-1,-1,-1,2,0,0,0,0,0,1,0,10,5,6,41.73684227,-87.58294663
0,316378,-1,0,0,0,12,1,7,12,-1,0,0,0,0,-1,1,-1,20,-1,511,-1,-1,-1,-1,-1,-1,2,0,0,0,0,0,1,0,10,5,6,41.70764215,-87.60101281
0,321642,-1,30,0,0,0,3,4,5,2,0,0,1,0,-1,-1,-1,0,0,931,-1,-1,-1,-1,-1,-1,1,0,0,0,0,0,1,0,10,5,6,41.80838442,-87.67756964
1,318152,-1,30,1,2,2,1,10,5,2,0,1,-1,1,-1,-1,-1,18,18,1922,-1,-1,-1,-1,-1,-1,2,1,0,0,0,1,1,0,10,5,6,41.94678888,-87.67594703
0,316775,-1,30,0,0,2,1,7,5,-1,0,1,0,1,-1,-1,1,0,0,1024,-1,-1,-1,-1,-1,-1,2,0,0,0,0,0,1,0,10,5,6,-1,-1
0,316685,-1,30,2,2,2,1,14,5,-1,0,1,0,0,-1,-1,-1,5,16,622,-1,-1,-1,-1,-1,-1,2,0,0,0,0,0,2,0,10,5,6,41.74716643,-87.6270778
0,316344,-1,35,0,0,2,1,12,5,2,0,1,0,0,-1,-1,-1,0,0,2433,-1,-1,-1,-1,-1,-1,2,0,0,0,0,0,2,0,10,5,6,41.99075527,-87.66014234
0,316309,-1,30,0,0,2,1,4,5,2,0,1,12,1,-1,-1,-1,28,-1,1731,-1,-1,-1,1,2,-1,1,0,0,0,0,0,1,0,10,5,6,41.94427361,-87.73211378
0,317475,-1,35,0,0,2,1,10,5,-1,0,1,0,0,-1,-1,-1,0,-1,1811,-1,-1,-1,-1,-1,-1,2,0,0,0,0,0,4,0,10,5,6,41.9136838,-87.65359204
2,316357,-1,35,2,2,2,1,0,12,4,0,1,0,1,-1,-1,-1,17,17,1225,-1,-1,-1,-1,-1,-1,3,1,0,0,1,0,4,0,10,5,6,41.87615626,-87.67255833
0,316335,-1,30,1,1,2,1,10,2,-1,0,1,0,1,1,-1,1,16,-1,914,-1,-1,-1,-1,-1,-1,3,0,0,0,0,0,5,0,10,5,6,41.8415706,-87.64621926
0,316582,-1,30,1,2,2,1,10,1,2,0,1,0,0,1,-1,1,18,0,1934,-1,-1,-1,-1,-1,-1,2,0,0,0,0,0,2,0,10,5,6,41.93733844,-87.64445647
1,316312,-1,30,0,0,2,1,10,5,2,0,1,0,1,-1,-1,-1,18,16,1925,-1,-1,-1,-1,-1,-1,2,1,0,0,0,1,1,0,10,5,6,41.95103361,-87.64500597
0,316404,-1,30,0,0,2,1,2,7,-1,0,0,0,0,-1,1,-1,0,-1,1811,-1,-1,-1,-1,-1,-1,2,0,0,0,0,0,1,0,10,5,6,41.91442371,-87.65462784
0,316326,1,20,1,2,2,1,10,6,3,0,1,0,0,-1,-1,1,0,0,1831,-1,-1,-1,-1,-1,-1,2,0,0,0,0,0,3,0,10,5,6,41.89162446,-87.63421675
0,316392,-1,30,1,2,2,1,14,5,4,0,1,0,1,1,-1,-1,34,-1,124,-1,-1,-1,-1,-1,-1,2,0,0,0,0,0,3,0,10,5,6,41.86359876,-87.63927326
0,329489,-1,30,2,2,0,1,14,2,2,0,0,0,0,1,-1,-1,17,0,1922,-1,-1,-1,-1,-1,-1,2,0,0,0,0,0,3,0,10,5,6,41.94996117,-87.67567113
0,322255,-1,30,0,0,0,1,12,5,2,0,0,0,0,-1,-1,-1,16,-1,211,-1,-1,-1,-1,-1,-1,2,0,0,0,0,0,2,0,10,5,6,41.83509513,-87.62077634
1,320614,-1,30,1,2,-1,1,10,2,2,0,-1,-1,1,1,-1,-1,0,0,631,-1,-1,-1,-1,-1,-1,2,1,0,0,0,1,1,0,10,5,6,41.74384296,-87.61949235
0,316535,-1,30,0,0,2,1,10,5,-1,0,1,0,0,-1,-1,-1,0,0,1831,-1,-1,-1,-1,-1,-1,2,0,0,0,0,0,2,0,10,5,6,41.89247371,-87.6369618
0,316366,-1,35,1,2,2,1,10,2,6,0,1,0,0,-1,-1,1,34,15,1221,-1,-1,-1,-1,-1,-1,2,0,0,0,0,0,3,0,10,5,6,41.89147846,-87.68919397
0,316311,-1,35,1,2,2,1,10,2,6,0,1,0,0,1,-1,-1,34,15,1823,-1,-1,-1,-1,-1,-1,2,0,0,0,0,0,2,0,10,5,6,41.89664123,-87.63868894
0,316298,-1,30,0,0,2,1,10,6,-1,1,1,0,0,-1,-1,-1,34,8,2011,-1,-1,-1,-1,-1,-1,2,0,0,0,0,0,2,0,10,5,6,41.98799546,-87.69581861
0,316396,-1,30,1,2,2,1,14,6,0,0,1,0,0,1,-1,-1,17,-1,1834,-1,-1,-1,-1,-1,-1,2,0,0,0,0,0,5,0,9,5,6,41.89316375,-87.6280434
0,316285,-1,30,0,0,2,1,7,2,-1,0,1,0,1,-1,-1,-1,21,34,932,-1,-1,-1,-1,-1,-1,3,0,0,0,0,0,1,0,9,5,6,41.79515563,-87.67448359
0,316307,-1,30,0,0,2,1,7,5,-1,3,1,0,0,-1,0,1,25,-1,834,-1,-1,-1,-1,-1,-1,3,0,0,0,0,0,1,0,9,5,6,41.74431748,-87.7347453
2,316284,-1,20,0,0,2,1,10,2,2,0,1,0,1,-1,-1,-1,12,0,1412,-1,-1,-1,-1,-1,-1,2,1,0,0,1,0,2,0,9,5,6,41.93452433,-87.71658174
0,318325,-1,30,1,2,2,1,14,5,-1,0,1,0,0,-1,-1,-1,0,0,131,-1,-1,-1,-1,-1,-1,2,0,0,0,0,0,2,0,9,5,6,41.85299122,-87.62938693
0,316297,-1,30,1,2,2,1,14,2,2,0,1,0,0,1,-1,-1,17,0,1434,-1,-1,-1,-1,-1,-1,2,0,0,0,0,0,3,0,9,5,6,41.91235488,-87.68029967
0,316386,-1,30,1,2,2,1,14,3,-1,0,1,0,0,1,-1,-1,17,0,834,-1,-1,-1,-1,-1,-1,2,0,0,0,0,0,2,0,9,5,6,41.74956482,-87.72819909
0,316274,-1,30,1,2,2,1,10,5,2,0,0,0,0,1,-1,-1,0,0,532,-1,-1,-1,-1,-1,-1,3,0,0,0,0,0,4,0,9,5,6,41.68527122,-87.62094716
1,316267,-1,0,0,0,2,1,10,2,-1,0,1,0,1,-1,-1,1,0,34,1032,-1,-1,-1,-1,-1,-1,2,1,0,0,0,1,1,0,9,5,6,41.834901,-87.70490142
0,316264,-1,30,0,0,2,1,12,6,3,0,1,0,0,-1,-1,-1,18,18,121,-1,-1,-1,-1,-1,-1,2,0,0,0,0,0,2,0,9,5,6,41.88326585,-87.63876082
0,336609,-1,30,1,2,2,1,14,2,4,0,1,0,0,1,-1,-1,0,0,1023,1,-1,-1,-1,-1,-1,2,0,0,0,0,0,2,0,9,5,6,41.86483171,-87.68616067
0,316317,-1,30,0,0,2,1,14,2,-1,0,1,0,0,-1,-1,-1,0,0,1412,-1,-1,-1,-1,-1,-1,2,0,0,0,0,0,2,0,9,5,6,41.93327128,-87.71247967
0,316261,-1,30,0,0,2,1,12,2,-1,0,1,0,0,-1,-1,1,22,-1,822,-1,1,-1,-1,-1,-1,2,0,0,0,0,0,2,0,9,5,6,41.78905606,-87.72290326
1,316260,1,30,2,2,2,0,0,5,1,0,1,-1,1,1,-1,-1,0,34,1111,-1,0,-1,-1,-1,-1,2,1,0,0,0,1,2,0,9,5,6,41.89889073,-87.72735829
1,317672,-1,30,0,0,2,1,14,5,4,0,1,0,1,1,-1,-1,17,-1,1214,-1,-1,-1,-1,-1,-1,2,1,0,0,0,1,1,0,9,5,6,41.89618353,-87.65355395
0,317159,-1,40,-1,-1,2,-1,10,3,-1,0,1,-1,0,-1,-1,-1,18,-1,1824,-1,-1,-1,-1,-1,-1,2,0,0,0,0,0,2,0,9,5,6,41.90957987,-87.62608177
0,316565,-1,30,2,2,2,1,0,5,-1,0,1,0,0,1,-1,-1,20,-1,1921,-1,-1,-1,-1,-1,-1,2,0,0,0,0,0,2,0,9,5,6,41.95391765,-87.6874763
0,316373,-1,30,0,0,2,1,0,5,-1,0,1,0,0,1,-1,-1,17,17,1214,-1,-1,-1,-1,-1,-1,2,0,0,0,0,0,2,0,9,5,6,41.8900779,-87.64775609
0,316269,-1,30,2,2,2,1,10,5,2,0,1,0,0,-1,-1,-1,16,-1,1813,-1,-1,-1,-1,-1,-1,2,0,0,0,0,0,3,0,9,5,6,41.91302363,-87.63879223
0,316250,-1,30,1,2,2,1,0,5,2,0,1,0,1,1,-1,-1,7,7,312,-1,-1,-1,-1,-1,-1,2,0,0,0,0,0,2,0,9,5,6,41.78023226,-87.61094723
0,316613,-1,30,0,0,2,1,12,5,2,0,1,0,0,-1,-1,1,0,-1,1233,-1,-1,-1,-1,-1,-1,2,0,0,0,0,0,2,0,9,5,6,41.86135775,-87.671341
0,316286,-1,30,0,0,2,1,0,5,2,0,1,0,1,0,-1,-1,17,-1,1722,-1,-1,-1,-1,-1,-1,2,0,0,0,0,0,2,0,9,5,6,41.96095951,-87.73686391
0,316256,-1,30,0,0,2,1,10,5,2,0,1,0,0,-1,-1,1,18,18,1231,-1,-1,-1,-1,-1,-1,2,0,0,0,0,0,2,0,9,5,6,41.87432122,-87.66133241
0,316252,-1,30,2,2,2,1,0,2,-1,0,1,0,0,1,-1,-1,0,0,2423,-1,-1,-1,-1,-1,-1,2,0,0,0,0,0,2,0,9,5,6,42.0124035,-87.6744529
0,316277,-1,35,0,0,2,1,7,0,-1,2,1,0,0,-1,-1,-1,35,11,213,-1,-1,-1,-1,-1,-1,2,0,0,0,0,0,1,0,9,5,6,41.82560203,-87.62499204
0,316532,-1,30,-1,-1,2,-1,14,2,2,0,1,-1,0,1,-1,1,0,34,1911,-1,-1,-1,-1,-1,-1,2,0,0,0,0,0,2,0,9,5,6,41.95405671,-87.68861447
0,316246,-1,25,0,0,2,1,12,2,4,0,1,0,0,-1,-1,1,0,-1,2413,-1,-1,-1,-1,-1,-1,2,0,0,0,0,0,2,0,9,5,6,41.99053884,-87.70188781
0,316251,-1,30,0,0,2,1,11,5,2,0,1,0,0,1,-1,-1,21,-1,1623,-1,-1,-1,-1,-1,-1,2,0,0,0,0,0,2,0,8,5,6,41.97350503,-87.74915803
0,317434,-1,30,1,2,2,1,10,5,2,0,1,0,0,-1,-1,-1,0,0,2433,-1,-1,-1,-1,-1,-1,2,0,0,0,0,0,2,0,8,5,6,41.997137,-87.66061961
0,316265,-1,35,1,2,2,1,10,6,6,0,1,0,0,1,-1,-1,34,8,1834,-1,-1,-1,-1,-1,-1,2,0,0,0,0,0,2,0,8,5,6,41.8918717,-87.62261013
0,316234,-1,30,1,2,2,1,10,5,2,0,1,-1,0,-1,-1,1,18,34,1215,-1,-1,-1,-1,-1,-1,2,0,0,0,0,0,2,0,8,5,6,41.89086365,-87.66783065
1,316245,-1,30,2,2,2,1,14,5,-1,0,1,0,1,1,-1,-1,21,-1,1231,-1,-1,-1,-1,-1,-1,2,1,0,0,0,1,1,0,8,5,6,41.86930279,-87.67153089
0,316232,-1,30,0,0,2,1,2,5,2,0,1,0,0,-1,-1,-1,34,34,1733,-1,-1,-1,-1,-1,-1,1,0,0,0,0,0,1,0,8,5,6,41.9465308,-87.70644852
0,316244,-1,30,2,2,2,1,0,5,4,0,1,0,1,1,-1,-1,17,34,1221,-1,-1,-1,-1,-1,-1,2,0,0,0,0,0,4,0,8,5,6,41.88983392,-87.67699972
0,316707,-1,30,0,0,2,1,10,5,-1,0,1,0,0,-1,-1,1,0,-1,924,-1,-1,-1,-1,-1,-1,2,0,0,0,0,0,2,0,8,5,6,41.8162372,-87.66500898
2,316668,-1,30,0,0,2,1,10,5,-1,0,1,0,1,-1,-1,-1,-1,-1,813,-1,-1,-1,-1,-1,-1,2,1,0,0,1,0,1,0,8,5,6,41.77850635,-87.73389099
0,316219,-1,30,1,2,2,1,10,5,4,0,1,0,0,-1,-1,-1,18,16,1613,-1,-1,-1,-1,-1,-1,2,0,0,0,0,0,2,0,8,5,6,41.98120781,-87.80685971
1,316211,-1,30,1,2,2,-1,9,2,2,0,1,0,1,1,-1,-1,0,0,1214,-1,-1,-1,-1,-1,-1,2,1,0,0,0,1,1,0,8,5,6,41.88580702,-87.6441719
3,316217,-1,30,1,2,0,1,9,6,-1,0,1,0,1,-1,-1,-1,0,0,122,-1,-1,-1,-1,-1,-1,2,1,0,1,0,0,1,0,8,5,6,41.87952321,-87.63089527
0,316210,-1,30,0,0,2,1,10,2,2,0,1,12,0,-1,-1,-1,18,-1,1611,-1,-1,-1,1,2,1,2,0,0,0,0,0,2,0,8,5,6,41.99789158,-87.80618053
0,316204,-1,30,0,0,2,1,10,5,4,0,1,0,0,-1,-1,-1,0,0,1722,-1,-1,-1,-1,-1,-1,2,0,0,0,0,0,2,0,8,5,6,41.96065368,-87.74388367
0,316519,-1,30,0,0,2,1,7,5,2,0,1,0,0,-1,-1,1,0,0,915,-1,-1,-1,-1,-1,-1,2,0,0,0,0,0,1,0,8,5,6,41.83073498,-87.63885919
2,316213,-1,30,1,2,2,1,8,5,2,0,1,0,1,1,-1,1,17,22,1822,-1,-1,-1,-1,-1,-1,2,1,0,0,1,0,1,0,8,5,6,41.9080022,-87.64525303
0,316997,-1,30,0,0,2,1,7,5,2,0,1,0,0,-1,-1,1,0,-1,1024,-1,-1,-1,-1,-1,-1,2,0,0,0,0,0,1,0,8,5,6,41.84456319,-87.70968308
0,316920,-1,30,0,0,2,1,12,5,-1,0,1,0,0,-1,-1,-1,21,0,1622,-1,-1,-1,-1,-1,-1,2,0,0,0,0,0,2,0,8,5,6,41.97585272,-87.76986913
0,316291,-1,25,2,2,0,1,0,5,2,0,0,0,0,1,-1,-1,17,-1,1614,-1,-1,-1,-1,-1,-1,2,0,0,0,0,0,2,0,8,5,6,41.96138812,-87.84179218
3,316224,-1,30,1,2,2,1,9,5,-1,0,1,0,1,1,-1,1,0,0,2521,-1,-1,-1,-1,-1,-1,2,1,0,1,0,0,1,0,8,5,6,41.93136404,-87.75107607
2,316190,-1,30,1,2,2,3,9,5,0,0,1,0,1,1,-1,-1,6,34,1111,-1,-1,-1,-1,-1,-1,2,1,0,0,1,0,1,0,7,5,6,41.89547675,-87.72614436
0,316248,-1,30,2,2,2,1,0,2,-1,0,1,0,0,-1,-1,-1,17,0,1214,-1,-1,-1,-1,-1,-1,2,0,0,0,0,0,3,0,7,5,6,41.89014301,-87.64775427
0,316206,-1,30,1,2,2,1,10,5,2,0,1,0,0,-1,-1,-1,18,34,1232,-1,-1,-1,-1,-1,-1,2,0,0,0,0,0,2,0,7,5,6,41.86925091,-87.65660359
0,316192,-1,30,0,0,2,1,7,2,-1,2,1,0,1,-1,-1,-1,21,0,911,-1,-1,-1,-1,-1,-1,2,0,0,0,0,0,1,0,7,5,6,41.82339989,-87.68884033
0,316209,-1,30,1,2,2,1,14,5,2,0,1,-1,0,1,-1,-1,34,-1,634,-1,-1,-1,-1,-1,-1,2,0,0,0,0,0,2,0,7,5,6,41.72187558,-87.62044548
0,316207,-1,30,0,0,2,1,12,2,4,0,1,0,0,-1,-1,-1,0,0,1722,-1,-1,-1,-1,-1,-1,2,0,0,0,0,0,2,0,7,5,6,41.96754675,-87.74757611
0,316195,-1,30,0,0,2,1,10,3,2,0,1,0,1,-1,-1,-1,18,-1,1432,-1,-1,-1,-1,-1,-1,2,0,0,0,0,0,2,0,7,5,6,41.91845408,-87.66817592
0,316815,-1,30,1,2,2,1,12,2,-1,0,1,0,0,-1,-1,-1,0,0,914,-1,-1,-1,-1,-1,-1,2,0,0,0,0,0,2,0,7,5,6,41.8529915,-87.63554386
-1,316243,-1,30,0,0,2,1,4,6,1,0,1,0,0,-1,-1,-1,34,-1,631,-1,-1,-1,-1,-1,-1,1,-1,-1,-1,-1,-1,-1,-1,7,5,6,41.74563191,-87.60857206
0,316174,-1,30,1,2,2,1,14,3,-1,0,1,0,0,-1,-1,-1,23,0,332,-1,-1,-1,-1,-1,-1,2,0,0,0,0,0,2,0,7,5,6,41.76626058,-87.58586698
0,316268,-1,30,12,2,2,-1,2,5,2,0,-1,-1,0,-1,-1,-1,20,20,131,-1,-1,-1,-1,-1,-1,1,0,0,0,0,0,1,0,7,5,6,41.86426328,-87.62560766
0,316178,-1,30,0,0,2,1,2,5,2,0,1,0,1,-1,-1,-1,7,9,622,-1,-1,-1,-1,-1,-1,1,0,0,0,0,0,1,0,7,5,6,41.73990219,-87.63179604
0,316179,-1,30,0,0,0,1,7,12,1,0,0,0,0,-1,-1,1,0,0,2412,-1,-1,-1,-1,-1,-1,2,0,0,0,0,0,1,0,7,5,6,42.00082627,-87.703251
0,316157,-1,30,2,2,2,1,12,2,-1,0,1,0,0,1,-1,-1,22,22,712,-1,-1,-1,-1,-1,-1,2,0,0,0,0,0,2,0,6,5,6,41.77985968,-87.64485278
0,316790,-1,20,1,2,2,1,12,2,4,3,1,0,0,-1,-1,-1,21,21,2013,-1,-1,-1,-1,-1,-1,2,0,0,0,0,0,2,0,6,5,6,41.98519793,-87.66240496
0,316151,-1,25,0,0,2,1,10,3,8,3,1,0,0,-1,-1,-1,16,-1,1824,-1,-1,-1,-1,-1,-1,2,0,0,0,0,0,2,0,6,5,6,41.90412258,-87.62457001
0,316150,-1,30,1,2,2,1,14,5,4,0,1,0,0,1,-1,-1,6,25,922,-1,-1,-1,-1,-1,-1,2,0,0,0,0,0,3,0,6,5,6,41.80837841,-87.68457072
0,316146,-1,20,0,0,2,1,7,7,-1,0,0,0,0,-1,-1,1,-1,-1,2211,-1,-1,-1,-1,-1,-1,2,0,0,0,0,0,1,0,6,5,6,41.69728386,-87.72043212
0,316569,-1,30,1,2,2,2,12,5,-1,0,1,0,0,1,-1,1,27,17,2533,-1,-1,-1,-1,-1,-1,2,0,0,0,0,0,2,0,5,5,6,41.90246055,-87.7461029
0,316230,-1,20,0,0,2,2,7,5,-1,0,-1,-1,0,-1,-1,1,-1,-1,423,-1,-1,-1,-1,-1,-1,2,0,0,0,0,0,1,0,4,5,6,41.74091137,-87.55286525
0,317007,-1,35,-1,-1,-1,3,7,3,-1,0,-1,-1,0,-1,-1,-1,0,-1,2522,-1,-1,-1,-1,-1,-1,2,0,0,0,0,0,1,0,4,5,6,41.91818426,-87.74600765
0,316175,1,25,0,0,-1,-1,2,5,1,0,-1,0,1,-1,1,1,0,0,323,-1,-1,-1,-1,-1,-1,1,0,0,0,0,0,1,0,4,5,6,41.75963089,-87.6152971
0,316097,-1,35,1,2,2,3,10,5,2,0,1,0,0,0,-1,-1,32,16,2412,-1,-1,-1,-1,-1,-1,2,0,0,0,0,0,2,0,2,5,6,41.99750515,-87.70896111
0,316095,-1,10,0,0,2,3,2,7,0,0,1,0,0,-1,1,-1,-1,-1,923,-1,-1,-1,-1,-1,-1,1,0,0,0,0,0,1,0,2,5,6,41.79438342,-87.7034374
0,322634,-1,25,0,0,0,3,7,2,2,0,0,0,0,-1,-1,1,0,0,823,-1,-1,-1,-1,-1,-1,2,0,0,0,0,0,1,0,2,5,6,41.78431613,-87.70465294
0,316077,-1,30,1,2,2,3,7,5,2,0,1,0,1,1,-1,1,0,0,624,-1,-1,-1,-1,-1,-1,2,0,0,0,0,0,1,0,2,5,6,41.75666358,-87.60548737
-1,316076,0,30,2,2,2,3,2,5,2,0,1,0,1,-1,-1,1,0,0,923,-1,-1,-1,-1,-1,-1,1,-1,-1,-1,-1,-1,-1,-1,2,5,6,41.79724968,-87.69375109
0,316085,-1,30,0,0,2,3,2,3,-1,0,1,0,1,-1,1,-1,0,0,1711,-1,-1,-1,-1,-1,-1,2,0,0,0,0,0,1,0,2,5,6,41.99008298,-87.72409189
0,316083,-1,30,1,-1,-1,3,10,5,-1,0,-1,-1,0,-1,-1,1,18,-1,1924,-1,-1,-1,-1,-1,-1,2,0,0,0,0,0,3,0,2,5,6,41.9400825,-87.6498788
2,316079,-1,30,1,2,2,3,0,2,2,0,1,-1,1,1,-1,1,0,0,311,-1,-1,-1,-1,-1,-1,2,1,0,0,1,0,2,0,2,5,6,41.78379147,-87.61585767
0,316071,-1,30,1,2,2,3,10,2,4,0,1,-1,0,-1,-1,-1,18,-1,1732,-1,-1,-1,-1,-1,-1,2,0,0,0,0,0,2,0,2,5,6,41.94663744,-87.71522878
0,316069,1,40,0,-1,2,3,2,3,4,0,1,-1,1,-1,-1,1,0,-1,2022,-1,-1,-1,-1,-1,-1,1,0,0,0,0,0,1,0,2,5,6,41.98555677,-87.65336148
1,316070,-1,30,1,2,2,3,8,2,4,0,1,0,1,1,-1,-1,17,0,912,-1,-1,-1,-1,-1,-1,2,1,0,0,0,1,1,0,1,5,6,41.83192152,-87.67537934
0,316066,-1,30,1,-1,2,3,10,5,2,0,1,-1,0,-1,-1,-1,0,-1,913,-1,-1,-1,-1,-1,-1,2,0,0,0,0,0,7,0,1,5,6,41.84070504,-87.64648988
0,316652,-1,30,0,0,-1,0,7,0,1,0,-1,-1,0,-1,-1,1,0,0,621,-1,-1,-1,-1,-1,-1,2,0,0,0,0,0,1,0,1,5,6,41.75548323,-87.64035683
0,316052,-1,30,1,2,2,3,10,5,2,0,1,-1,1,-1,-1,-1,16,18,1033,-1,-1,-1,-1,-1,-1,2,0,0,0,0,0,2,0,1,5,6,41.85179054,-87.69562562
0,316055,-1,30,0,0,2,3,2,6,1,0,1,0,1,-1,1,-1,0,0,2223,-1,-1,-1,-1,-1,-1,1,0,0,0,0,0,2,0,1,5,6,41.71520257,-87.64441128
0,316302,-1,30,0,0,0,1,7,7,-1,0,0,0,0,-1,-1,1,-1,-1,2211,-1,-1,-1,-1,-1,-1,4,0,0,0,0,0,1,0,1,5,6,41.69724527,-87.72042954
0,316036,-1,35,1,2,0,3,10,3,4,0,0,-1,0,-1,-1,-1,18,0,111,-1,-1,-1,-1,-1,-1,2,0,0,0,0,0,3,0,0,5,6,41.88704202,-87.629804
0,316014,-1,30,0,-1,0,3,7,5,2,0,0,0,0,-1,-1,1,0,0,231,-1,-1,-1,-1,-1,-1,3,0,0,0,0,0,1,0,0,5,6,41.79856747,-87.61648289
2,316012,-1,30,1,2,0,3,5,5,4,0,0,0,1,-1,-1,-1,0,-1,922,-1,-1,-1,-1,-1,-1,1,1,0,0,1,0,0,0,0,5,6,41.80773452,-87.70381686
0,316007,-1,30,2,0,0,3,12,8,1,1,0,0,0,-1,-1,1,21,0,1224,-1,-1,-1,-1,-1,-1,2,0,0,0,0,0,2,0,0,5,6,41.88189442,-87.64698116
0,316479,1,30,0,0,-1,-1,7,7,2,0,-1,0,0,-1,1,1,0,-1,2432,-1,-1,-1,-1,-1,-1,2,0,0,0,0,0,1,0,0,5,6,42.00427314,-87.6606923
0,316389,1,30,0,0,2,1,7,5,2,0,-1,0,1,-1,-1,1,0,16,1112,-1,-1,-1,-1,-1,-1,2,0,0,0,0,0,1,0,0,5,6,41.90053076,-87.72609219